;Sliced by ideaMaker 3.6.1.4415, 2020-10-16 13:58:14 UTC+1000
;Dimension: 235.000 235.000 250.000 0.400
;Plate Shape: 0
;Extruder Offset #1: 25.000 0.000
;Filament Diameter #1: 1.750
;Filament Diameter #2: 1.750
;Filament Compensation #1: 82.00
;Filament Compensation #2: 90.00
;Filament Density #1: 1240.00
;Filament Density #2: 1240.00
;Bounding Box: 78.284 136.716 72.860 82.140 0.400 0.800
;Model Gap: 0.000
M221 T0 S82.00
M140 S70.00
M104 T0 S210.00
M109 T0 S210.00
T0
M190 S70.00
; Ender 3 Custom Start G-code
G92 E0 ; Reset Extruder
G28 ; Home all axes
G1 Z2.0 F3000 ; Move Z Axis up little to prevent scratching of Heat Bed
G1 X0.1 Y20 Z0.3 F5000.0 ; Move to start position
G1 X0.1 Y200.0 Z0.3 F1500.0 E15 ; Draw the first line
G1 X0.4 Y200.0 Z0.3 F5000.0 ; Move to side a little
G1 X0.4 Y20 Z0.3 F1500.0 E30 ; Draw the second line
G92 E0 ; Reset Extruder
G1 Z2.0 F3000 ; Move Z Axis up little to prevent scratching of Heat Bed
G1 X5 Y20 Z2.0 F5000.0 ; Move over to prevent blob squish
M1001
;LAYER:0
;Z:0.200
;LAYER:1
;Z:0.400
;LAYER:2
;Z:0.600
;HEIGHT:0.200
G1 F3000 E-5.0000
G0 F4200 X81.735 Y81.540
G0 F900 Z0.600
;TYPE:WALL-INNER
;WIDTH:0.400
G1 F1500 E0.0000
G1 F600 X81.197 Y81.540 E0.0143
G1 X81.197 Y73.668 E0.2238
G1 X78.884 Y73.668 E0.2853
G1 X78.884 Y73.460 E0.2909
G1 X84.050 Y73.460 E0.4283
G1 X84.050 Y73.668 E0.4338
G1 X81.735 Y73.668 E0.4954
G1 X81.735 Y81.040 E0.6916
G0 F600 X81.735 Y81.540
G1 F3000 E-4.3084
G0 F4200 X82.135 Y81.940
;TYPE:WALL-OUTER
;WIDTH:0.400
G1 F1500 E0.6916
G1 F600 X80.797 Y81.940 E0.7272
G1 X80.797 Y74.068 E0.9367
G1 X78.484 Y74.068 E0.9982
G1 X78.484 Y73.060 E1.0250
G1 X84.450 Y73.060 E1.1838
G1 X84.450 Y74.068 E1.2106
G1 X82.135 Y74.068 E1.2722
G1 X82.135 Y81.440 E1.4683
G0 F600 X82.135 Y81.940
G1 F3000 E-3.5317
G0 F4200 X81.534 Y81.251
;TYPE:SOLID-FILL
;WIDTH:0.400
G1 F1500 E1.4683
G1 F3000 X81.464 Y80.898 E1.4749
G1 X81.464 Y80.333 E1.4813
G1 X81.464 Y79.767 E1.4878
G1 X81.464 Y79.201 E1.4943
G1 X81.464 Y78.636 E1.5008
G1 X81.464 Y78.070 E1.5073
G1 X81.464 Y77.504 E1.5138
G1 X81.464 Y76.939 E1.5203
G1 X81.464 Y76.373 E1.5268
G1 X81.464 Y75.807 E1.5333
G1 X81.464 Y75.242 E1.5398
G1 X81.464 Y74.676 E1.5462
G1 X81.464 Y74.110 E1.5527
G1 X81.395 Y73.759 E1.5646
G1 F3000 E-3.4354
G1 F900 Z0.900
G0 F4200 X86.699 Y81.540
;TYPE:WALL-INNER
;WIDTH:0.400
G1 F900 Z0.600
G1 F1500 E1.5646
G1 F600 X86.333 Y81.540 E1.5743
G1 X86.279 Y81.429 E1.5776
G1 X89.149 Y77.753 E1.7017
G1 X89.246 Y77.940 E1.7073
G1 X89.281 Y78.131 E1.7125
G1 X89.246 Y78.262 E1.7161
G1 X89.191 Y78.370 E1.7193
G1 X88.898 Y78.783 E1.7328
G1 X87.010 Y81.150 E1.8134
G0 F600 X86.699 Y81.540
G1 F3000 E-3.1866
G0 F4200 X86.892 Y81.940
;TYPE:WALL-OUTER
;WIDTH:0.400
G1 F900 Z0.600
G1 F1500 E1.8134
G1 F600 X85.513 Y81.940 E1.8501
G1 X85.459 Y81.829 E1.8533
G1 X88.428 Y78.027 E1.9817
G1 X87.698 Y77.813 E2.0019
G1 X87.287 Y77.646 E2.0137
G1 X86.904 Y77.441 E2.0253
G1 X86.548 Y77.198 E2.0368
G1 X86.219 Y76.918 E2.0483
G1 X85.941 Y76.616 E2.0592
G1 X85.728 Y76.305 E2.0692
G1 X85.578 Y75.982 E2.0787
G1 X85.489 Y75.646 E2.0879
G1 X85.459 Y75.296 E2.0973
G1 X85.494 Y74.951 E2.1065
G1 X85.574 Y74.701 E2.1135
G1 X85.773 Y74.321 E2.1249
G1 X86.024 Y74.028 E2.1352
G1 X86.353 Y73.748 E2.1467
G1 X86.734 Y73.500 E2.1588
G1 X87.133 Y73.308 E2.1706
G1 X87.549 Y73.170 E2.1822
G1 X87.983 Y73.088 E2.1940
G1 X88.443 Y73.060 E2.2062
G1 X90.739 Y73.060 E2.2673
G1 X91.061 Y73.101 E2.2760
G1 X91.313 Y73.208 E2.2832
G1 X91.548 Y73.396 E2.2912
G1 X91.672 Y73.582 E2.2972
G1 X91.713 Y73.795 E2.3030
G1 X91.713 Y81.940 E2.5197
G1 X90.374 Y81.940 E2.5553
G1 X90.374 Y74.068 E2.7648
G1 X88.431 Y74.068 E2.8165
G1 X88.194 Y74.083 E2.8228
G1 X87.959 Y74.132 E2.8292
G1 X87.727 Y74.215 E2.8357
G1 X87.365 Y74.431 E2.8470
G1 X87.131 Y74.634 E2.8552
G1 X86.984 Y74.815 E2.8614
G1 X86.876 Y75.007 E2.8673
G1 X86.809 Y75.212 E2.8730
G1 X86.786 Y75.434 E2.8789
G1 X86.848 Y75.781 E2.8883
G1 X87.028 Y76.106 E2.8982
G1 X87.312 Y76.398 E2.9090
G1 X87.693 Y76.662 E2.9214
G1 X88.164 Y76.903 E2.9355
G1 X89.291 Y77.404 E2.9683
G1 X89.433 Y77.514 E2.9731
G1 X89.543 Y77.643 E2.9776
G1 X89.621 Y77.793 E2.9821
G1 X89.669 Y77.969 E2.9869
G1 X89.686 Y78.167 E2.9922
G1 X89.621 Y78.408 E2.9988
G1 X89.533 Y78.578 E3.0039
G1 X89.218 Y79.023 E3.0184
G1 X87.203 Y81.549 E3.1044
G0 F600 X86.892 Y81.940
G1 F3000 E-1.8956
G0 F4200 X91.313 Y81.540
;TYPE:WALL-INNER
;WIDTH:0.400
G1 F900 Z0.600
G1 F1500 E3.1044
G1 F600 X90.774 Y81.540 E3.1188
G1 X90.774 Y73.668 E3.3282
G1 X88.418 Y73.668 E3.3909
G1 X88.140 Y73.686 E3.3983
G1 X87.850 Y73.746 E3.4062
G1 X87.556 Y73.852 E3.4145
G1 X87.130 Y74.106 E3.4277
G1 X86.843 Y74.355 E3.4378
G1 X86.652 Y74.589 E3.4459
G1 X86.508 Y74.845 E3.4537
G1 X86.416 Y75.128 E3.4616
G1 X86.382 Y75.449 E3.4702
G1 X86.466 Y75.917 E3.4828
G1 X86.704 Y76.347 E3.4959
G1 X87.052 Y76.705 E3.5092
G1 X87.487 Y77.006 E3.5233
G1 X88.160 Y77.339 E3.5433
G1 X88.096 Y77.513 E3.5482
G1 X87.830 Y77.435 E3.5556
G1 X87.457 Y77.283 E3.5663
G1 X87.112 Y77.098 E3.5767
G1 X86.791 Y76.880 E3.5870
G1 X86.497 Y76.629 E3.5973
G1 X86.255 Y76.366 E3.6068
G1 X86.077 Y76.106 E3.6152
G1 X85.956 Y75.845 E3.6229
G1 X85.885 Y75.577 E3.6302
G1 X85.861 Y75.299 E3.6377
G1 X85.888 Y75.033 E3.6448
G1 X85.944 Y74.856 E3.6497
G1 X86.106 Y74.547 E3.6590
G1 X86.307 Y74.312 E3.6672
G1 X86.593 Y74.069 E3.6772
G1 X86.931 Y73.849 E3.6879
G1 X87.283 Y73.680 E3.6983
G1 X87.650 Y73.558 E3.7086
G1 X88.032 Y73.486 E3.7190
G1 X88.455 Y73.460 E3.7302
G1 X90.714 Y73.460 E3.7903
G1 X90.891 Y73.483 E3.7951
G1 X90.956 Y73.491 E3.7968
G1 X91.106 Y73.555 E3.8012
G1 X91.250 Y73.670 E3.8061
G1 X91.294 Y73.737 E3.8082
G1 X91.313 Y73.833 E3.8108
G1 X91.313 Y81.040 E4.0026
G0 F600 X91.313 Y81.540
G0 F4200 X91.112 Y81.212
;TYPE:SOLID-FILL
;WIDTH:0.400
G1 F3000 X91.042 Y80.860 E4.0091
G1 X91.042 Y80.294 E4.0155
G1 X91.042 Y79.728 E4.0220
G1 X91.042 Y79.162 E4.0285
G1 X91.042 Y78.597 E4.0350
G1 X91.042 Y78.031 E4.0415
G1 X91.042 Y77.465 E4.0480
G1 X91.042 Y76.900 E4.0545
G1 X91.042 Y76.334 E4.0609
G1 X91.042 Y75.768 E4.0674
G1 X91.042 Y75.203 E4.0739
G1 X91.042 Y74.637 E4.0804
G1 X91.042 Y74.071 E4.0869
G1 X90.973 Y73.720 E4.0988
G1 F3000 E-0.9012
G1 F900 Z0.900
G0 F4200 X88.378 Y77.347
G1 F900 Z0.600
G1 F1500 E4.0988
G1 F3000 X88.839 Y77.808 E4.1205
G1 F3000 E-0.8795
G1 F900 Z0.900
G0 F4200 X86.236 Y75.771
G1 F900 Z0.600
G1 F1500 E4.1205
G1 F3000 X86.158 Y75.410 E4.1265
G1 X86.213 Y74.899 E4.1321
G1 X86.266 Y74.669 E4.1400
G1 F3000 E-0.8600
G1 F900 Z0.900
G0 F4200 X99.551 Y81.540
;TYPE:WALL-INNER
;WIDTH:0.400
G1 F900 Z0.600
G1 F1500 E4.1400
G1 F600 X99.022 Y81.540 E4.1540
G1 X98.284 Y79.492 E4.2120
G1 X94.200 Y79.492 E4.3206
G1 X93.480 Y81.540 E4.3784
G1 X92.936 Y81.540 E4.3929
G1 X95.573 Y74.008 E4.6052
G1 X95.684 Y73.761 E4.6124
G1 X95.789 Y73.622 E4.6170
G1 X95.900 Y73.539 E4.6207
G1 X96.043 Y73.485 E4.6248
G1 X96.244 Y73.463 E4.6302
G1 X96.438 Y73.485 E4.6354
G1 X96.578 Y73.538 E4.6394
G1 X96.692 Y73.624 E4.6432
G1 X96.802 Y73.766 E4.6479
G1 X96.915 Y74.010 E4.6551
G1 X99.386 Y81.069 E4.8541
G0 F600 X99.551 Y81.540
G1 F3000 E-0.1459
G0 F4200 X100.115 Y81.940
;TYPE:WALL-OUTER
;WIDTH:0.400
G1 F900 Z0.600
G1 F1500 E4.8541
G1 F600 X98.741 Y81.940 E4.8907
G1 X98.003 Y79.892 E4.9486
G1 X94.483 Y79.892 E5.0422
G1 X93.763 Y81.940 E5.1000
G1 X92.372 Y81.940 E5.1370
G1 X95.201 Y73.859 E5.3648
G1 X95.338 Y73.555 E5.3737
G1 X95.504 Y73.336 E5.3810
G1 X95.705 Y73.185 E5.3877
G1 X95.949 Y73.093 E5.3946
G1 X96.244 Y73.061 E5.4025
G1 X96.533 Y73.093 E5.4103
G1 X96.774 Y73.185 E5.4171
G1 X96.975 Y73.337 E5.4238
G1 X97.146 Y73.557 E5.4313
G1 X97.286 Y73.860 E5.4401
G1 X99.950 Y81.469 E5.6547
G0 F600 X100.115 Y81.940
G1 F3000 E0.6547
G0 F4200 X98.217 Y79.284
;TYPE:WALL-INNER
;WIDTH:0.400
G1 F900 Z0.600
G1 F1500 E5.6547
G1 F600 X96.670 Y74.870 E5.7791
G1 X95.818 Y74.870 E5.8018
G1 X94.270 Y79.284 E5.9262
G1 X97.717 Y79.284 E6.0180
G0 F600 X98.217 Y79.284
G1 F3000 E1.0180
G0 F4200 X97.653 Y78.884
;TYPE:WALL-OUTER
;WIDTH:0.400
G1 F900 Z0.600
G1 F1500 E6.0180
G1 F600 X96.386 Y75.270 E6.1199
G1 X96.102 Y75.270 E6.1274
G1 X94.834 Y78.884 E6.2293
G1 X97.153 Y78.884 E6.2910
G0 F600 X97.653 Y78.884
G1 F3000 E1.2910
G0 F4200 X98.845 Y80.460
;TYPE:SOLID-FILL
;WIDTH:0.400
G1 F900 Z0.600
G1 F1500 E6.2910
G1 F3000 X99.021 Y80.637 E6.2993
G0 F4200 X98.717 Y79.766
G1 F3000 X98.469 Y79.236 E6.3082
G1 X98.167 Y78.367 E6.3170
G1 X97.861 Y77.497 E6.3257
G1 X97.557 Y76.626 E6.3344
G1 X97.252 Y75.756 E6.3432
G1 X96.947 Y74.885 E6.3519
G1 X96.824 Y74.480 E6.3660
G1 F3000 E1.3660
G1 F900 Z0.900
G0 F4200 X95.882 Y74.669
G1 F900 Z0.600
G1 F1500 E6.3660
G1 F3000 X95.592 Y74.661 E6.3749
G1 X95.463 Y75.098 E6.3791
G1 X95.316 Y75.517 E6.3834
G1 X95.170 Y75.936 E6.3877
G1 X95.023 Y76.355 E6.3919
G1 X94.876 Y76.774 E6.3961
G1 X94.729 Y77.193 E6.4004
G1 X94.582 Y77.611 E6.4045
G1 X94.436 Y78.031 E6.4088
G1 X94.289 Y78.449 E6.4129
G1 X94.142 Y78.869 E6.4171
G1 X93.995 Y79.287 E6.4212
G1 X93.850 Y79.707 E6.4256
G1 X93.702 Y80.126 E6.4298
G1 X93.555 Y80.545 E6.4340
G1 X93.409 Y80.964 E6.4382
G1 X93.379 Y81.217 E6.4467
G1 F3000 E1.4467
G1 F900 Z0.900
G0 F4200 X96.003 Y74.789
;TYPE:SOLID-FILL
;WIDTH:0.400
G1 F900 Z0.600
G1 F1500 E6.4467
G1 F2400 X95.543 Y74.330 E6.4683
G0 F4200 X95.699 Y73.920
G1 F2400 X96.568 Y74.789 E6.5091
G0 F4200 X96.944 Y74.599
G1 F2400 X95.950 Y73.606 E6.5559
G0 F4200 X96.508 Y73.597
G1 F2400 X96.744 Y73.834 E6.5670
G1 F3000 E1.5670
G1 F900 Z0.900
G0 F4200 X103.367 Y81.513
;TYPE:WALL-INNER
;WIDTH:0.400
G1 F900 Z0.600
G1 F1500 E6.5670
G1 F600 X102.984 Y81.437 E6.5774
G1 X102.622 Y81.310 E6.5876
G1 X102.278 Y81.133 E6.5979
G1 X101.950 Y80.901 E6.6086
G1 X101.669 Y80.642 E6.6188
G1 X101.462 Y80.383 E6.6276
G1 X101.351 Y80.180 E6.6337
G1 X101.880 Y80.180 E6.6478
G1 X102.032 Y80.440 E6.6558
G1 X102.211 Y80.661 E6.6634
G1 X102.422 Y80.854 E6.6710
G1 X102.661 Y81.024 E6.6788
G1 X102.920 Y81.159 E6.6866
G1 X103.194 Y81.256 E6.6943
G1 X103.482 Y81.315 E6.7021
G1 X103.775 Y81.333 E6.7099
G1 X104.075 Y81.315 E6.7179
G1 X104.368 Y81.256 E6.7259
G1 X104.648 Y81.158 E6.7338
G1 X104.912 Y81.023 E6.7417
G1 X105.159 Y80.850 E6.7497
G1 X105.381 Y80.649 E6.7577
G1 X105.565 Y80.420 E6.7655
G1 X105.708 Y80.163 E6.7733
G1 X105.798 Y79.878 E6.7813
G1 X105.824 Y79.612 E6.7884
G1 X105.824 Y75.395 E6.9006
G1 X105.798 Y75.129 E6.9077
G1 X105.708 Y74.845 E6.9156
G1 X105.566 Y74.587 E6.9235
G1 X105.417 Y74.403 E6.9298
G1 X105.167 Y74.161 E6.9390
G1 X104.912 Y73.983 E6.9473
G1 X104.647 Y73.845 E6.9552
G1 X104.367 Y73.746 E6.9631
G1 X104.075 Y73.685 E6.9711
G1 X103.775 Y73.667 E6.9791
G1 X103.477 Y73.685 E6.9870
G1 X103.188 Y73.745 E6.9949
G1 X102.912 Y73.844 E7.0027
G1 X102.638 Y73.990 E7.0109
G1 X102.223 Y74.329 E7.0252
G1 X102.033 Y74.561 E7.0332
G1 X101.882 Y74.820 E7.0411
G1 X101.362 Y74.820 E7.0550
G1 X101.471 Y74.623 E7.0610
G1 X101.680 Y74.362 E7.0699
G1 X101.960 Y74.103 E7.0800
G1 X102.285 Y73.869 E7.0907
G1 X102.623 Y73.691 E7.1008
G1 X102.982 Y73.565 E7.1110
G1 X103.365 Y73.487 E7.1214
G1 X103.775 Y73.461 E7.1323
G1 X104.191 Y73.488 E7.1434
G1 X104.580 Y73.564 E7.1539
G1 X104.947 Y73.691 E7.1643
G1 X105.295 Y73.871 E7.1747
G1 X105.627 Y74.103 E7.1855
G1 X105.909 Y74.363 E7.1957
G1 X106.117 Y74.621 E7.2045
G1 X106.254 Y74.876 E7.2122
G1 X106.334 Y75.134 E7.2194
G1 X106.363 Y75.438 E7.2275
G1 X106.363 Y79.562 E7.3372
G1 X106.334 Y79.861 E7.3452
G1 X106.254 Y80.119 E7.3524
G1 X106.115 Y80.377 E7.3602
G1 X105.907 Y80.641 E7.3692
G1 X105.627 Y80.903 E7.3794
G1 X105.295 Y81.131 E7.3901
G1 X104.942 Y81.310 E7.4006
G1 X104.574 Y81.436 E7.4110
G1 X104.185 Y81.513 E7.4215
G1 X103.867 Y81.534 E7.4300
G0 F600 X103.775 Y81.539
G0 F600 X103.367 Y81.513
G1 F3000 E2.4300
G0 F4200 X103.315 Y81.910
;TYPE:WALL-OUTER
;WIDTH:0.400
G1 F900 Z0.600
G1 F1500 E7.4300
G1 F600 X102.878 Y81.824 E7.4418
G1 X102.463 Y81.678 E7.4535
G1 X102.070 Y81.476 E7.4653
G1 X101.698 Y81.213 E7.4774
G1 X101.376 Y80.916 E7.4891
G1 X101.127 Y80.605 E7.4997
G1 X100.950 Y80.279 E7.5096
G1 X100.840 Y79.936 E7.5191
G1 X100.822 Y79.780 E7.5233
G1 X102.162 Y79.780 E7.5590
G1 X102.251 Y80.022 E7.5658
G1 X102.362 Y80.212 E7.5717
G1 X102.503 Y80.386 E7.5776
G1 X102.674 Y80.542 E7.5838
G1 X102.870 Y80.682 E7.5902
G1 X103.080 Y80.791 E7.5965
G1 X103.301 Y80.870 E7.6028
G1 X103.534 Y80.917 E7.6091
G1 X103.775 Y80.932 E7.6155
G1 X104.023 Y80.917 E7.6221
G1 X104.262 Y80.869 E7.6286
G1 X104.490 Y80.789 E7.6350
G1 X104.706 Y80.679 E7.6415
G1 X104.909 Y80.537 E7.6481
G1 X105.089 Y80.374 E7.6545
G1 X105.232 Y80.196 E7.6606
G1 X105.339 Y80.004 E7.6665
G1 X105.404 Y79.798 E7.6722
G1 X105.424 Y79.593 E7.6777
G1 X105.424 Y75.414 E7.7889
G1 X105.404 Y75.209 E7.7944
G1 X105.339 Y75.003 E7.8001
G1 X105.233 Y74.811 E7.8059
G1 X105.122 Y74.674 E7.8106
G1 X104.912 Y74.471 E7.8184
G1 X104.704 Y74.326 E7.8252
G1 X104.487 Y74.213 E7.8317
G1 X104.259 Y74.132 E7.8381
G1 X104.022 Y74.083 E7.8445
G1 X103.775 Y74.068 E7.8511
G1 X103.530 Y74.083 E7.8577
G1 X103.297 Y74.131 E7.8640
G1 X103.075 Y74.211 E7.8703
G1 X102.861 Y74.325 E7.8767
G1 X102.507 Y74.614 E7.8889
G1 X102.362 Y74.790 E7.8949
G1 X102.252 Y74.979 E7.9008
G1 X102.162 Y75.220 E7.9076
G1 X100.825 Y75.220 E7.9432
G1 X100.846 Y75.066 E7.9473
G1 X100.958 Y74.723 E7.9569
G1 X101.138 Y74.399 E7.9668
G1 X101.386 Y74.089 E7.9773
G1 X101.706 Y73.793 E7.9889
G1 X102.074 Y73.528 E8.0010
G1 X102.462 Y73.324 E8.0127
G1 X102.875 Y73.178 E8.0243
G1 X103.312 Y73.090 E8.0362
G1 X103.775 Y73.060 E8.0485
G1 X104.243 Y73.090 E8.0610
G1 X104.685 Y73.177 E8.0730
G1 X105.105 Y73.323 E8.0848
G1 X105.502 Y73.528 E8.0967
G1 X105.878 Y73.791 E8.1089
G1 X106.202 Y74.089 E8.1206
G1 X106.451 Y74.399 E8.1312
G1 X106.625 Y74.720 E8.1409
G1 X106.728 Y75.055 E8.1503
G1 X106.763 Y75.419 E8.1600
G1 X106.763 Y79.581 E8.2707
G1 X106.728 Y79.940 E8.2803
G1 X106.625 Y80.274 E8.2896
G1 X106.450 Y80.598 E8.2994
G1 X106.202 Y80.912 E8.3101
G1 X105.878 Y81.216 E8.3219
G1 X105.499 Y81.476 E8.3341
G1 X105.098 Y81.679 E8.3461
G1 X104.678 Y81.823 E8.3579
G1 X104.237 Y81.910 E8.3699
G1 X103.815 Y81.938 E8.3811
G0 F600 X103.775 Y81.940
G0 F600 X103.315 Y81.910
G1 F3000 E3.3811
G0 F4200 X106.014 Y79.710
;TYPE:SOLID-FILL
;WIDTH:0.400
G1 F900 Z0.600
G1 F1500 E8.3811
G1 F3000 X106.148 Y79.561 E8.3867
G1 X106.092 Y78.940 E8.3932
G1 X106.092 Y78.374 E8.3998
G1 X106.092 Y77.808 E8.4063
G1 X106.092 Y77.243 E8.4128
G1 X106.092 Y76.677 E8.4193
G1 X106.092 Y76.111 E8.4258
G1 X106.086 Y75.540 E8.4323
G1 X106.001 Y75.171 E8.4449
G1 F3000 E3.4449
G1 F900 Z0.900
G0 F4200 X110.608 Y81.437
;TYPE:WALL-INNER
;WIDTH:0.400
G1 F900 Z0.600
G1 F1500 E8.4449
G1 F600 X110.246 Y81.312 E8.4551
G1 X109.901 Y81.135 E8.4654
G1 X109.571 Y80.905 E8.4761
G1 X109.287 Y80.645 E8.4863
G1 X109.079 Y80.386 E8.4952
G1 X108.939 Y80.131 E8.5029
G1 X108.859 Y79.874 E8.5101
G1 X108.830 Y79.573 E8.5181
G1 X108.859 Y79.095 E8.5309
G1 X108.939 Y78.838 E8.5380
G1 X109.079 Y78.585 E8.5457
G1 X109.286 Y78.327 E8.5545
G1 X109.571 Y78.069 E8.5648
G1 X109.903 Y77.836 E8.5755
G1 X110.248 Y77.658 E8.5859
G1 X110.610 Y77.531 E8.5961
G1 X110.995 Y77.456 E8.6065
G1 X111.709 Y77.410 E8.6256
G1 X112.001 Y77.351 E8.6335
G1 X112.283 Y77.253 E8.6414
G1 X112.548 Y77.114 E8.6494
G1 X112.793 Y76.942 E8.6574
G1 X113.014 Y76.739 E8.6653
G1 X113.198 Y76.511 E8.6731
G1 X113.342 Y76.249 E8.6811
G1 X113.431 Y75.961 E8.6891
G1 X113.459 Y75.670 E8.6969
G1 X113.435 Y75.358 E8.7052
G1 X113.366 Y75.065 E8.7132
G1 X113.251 Y74.782 E8.7214
G1 X113.092 Y74.523 E8.7294
G1 X112.897 Y74.284 E8.7377
G1 X112.660 Y74.066 E8.7462
G1 X112.380 Y73.887 E8.7551
G1 X112.074 Y73.762 E8.7639
G1 X111.748 Y73.689 E8.7727
G1 X111.409 Y73.667 E8.7818
G1 X111.113 Y73.685 E8.7897
G1 X110.883 Y73.732 E8.7959
G1 X110.553 Y73.841 E8.8052
G1 X110.287 Y73.985 E8.8132
G1 X110.055 Y74.159 E8.8209
G1 X109.850 Y74.353 E8.8284
G1 X109.676 Y74.570 E8.8358
G1 X109.528 Y74.820 E8.8436
G1 X108.996 Y74.820 E8.8577
G1 X109.105 Y74.622 E8.8637
G1 X109.313 Y74.363 E8.8726
G1 X109.595 Y74.103 E8.8828
G1 X109.919 Y73.869 E8.8934
G1 X110.257 Y73.691 E8.9036
G1 X110.615 Y73.565 E8.9137
G1 X110.998 Y73.487 E8.9241
G1 X111.409 Y73.461 E8.9350
G1 X111.824 Y73.487 E8.9461
G1 X112.213 Y73.565 E8.9567
G1 X112.580 Y73.693 E8.9670
G1 X112.928 Y73.874 E8.9774
G1 X113.176 Y74.048 E8.9855
G1 X113.545 Y74.372 E8.9986
G1 X113.747 Y74.628 E9.0072
G1 X113.886 Y74.888 E9.0151
G1 X113.967 Y75.150 E9.0224
G1 X113.996 Y75.457 E9.0306
G1 X113.967 Y75.937 E9.0434
G1 X113.886 Y76.201 E9.0507
G1 X113.746 Y76.466 E9.0587
G1 X113.538 Y76.731 E9.0677
G1 X113.260 Y76.994 E9.0779
G1 X112.927 Y77.225 E9.0886
G1 X112.575 Y77.404 E9.0992
G1 X112.206 Y77.532 E9.1095
G1 X111.819 Y77.608 E9.1200
G1 X111.112 Y77.653 E9.1389
G1 X110.822 Y77.710 E9.1468
G1 X110.545 Y77.807 E9.1546
G1 X110.282 Y77.941 E9.1624
G1 X110.037 Y78.110 E9.1703
G1 X109.816 Y78.306 E9.1782
G1 X109.628 Y78.533 E9.1860
G1 X109.485 Y78.791 E9.1939
G1 X109.395 Y79.072 E9.2017
G1 X109.364 Y79.359 E9.2094
G1 X109.387 Y79.666 E9.2176
G1 X109.452 Y79.953 E9.2254
G1 X109.561 Y80.229 E9.2333
G1 X109.714 Y80.484 E9.2412
G1 X109.908 Y80.719 E9.2494
G1 X110.161 Y80.939 E9.2583
G1 X110.441 Y81.113 E9.2670
G1 X110.748 Y81.237 E9.2759
G1 X111.072 Y81.310 E9.2847
G1 X111.408 Y81.333 E9.2937
G1 X111.706 Y81.315 E9.3016
G1 X111.999 Y81.256 E9.3096
G1 X112.274 Y81.157 E9.3173
G1 X112.533 Y81.021 E9.3251
G1 X112.775 Y80.842 E9.3331
G1 X112.979 Y80.638 E9.3408
G1 X113.146 Y80.424 E9.3480
G1 X113.291 Y80.180 E9.3556
G1 X113.827 Y80.180 E9.3698
G1 X113.720 Y80.376 E9.3758
G1 X113.510 Y80.641 E9.3848
G1 X113.230 Y80.904 E9.3950
G1 X112.909 Y81.134 E9.4055
G1 X112.570 Y81.310 E9.4157
G1 X112.210 Y81.437 E9.4258
G1 X111.824 Y81.512 E9.4363
G1 X111.409 Y81.539 E9.4474
G1 X111.101 Y81.518 E9.4556
G0 F600 X110.995 Y81.512
G0 F600 X110.608 Y81.437
G1 F3000 E4.4556
G0 F4200 X110.504 Y81.824
;TYPE:WALL-OUTER
;WIDTH:0.400
G1 F900 Z0.600
G1 F1500 E9.4556
G1 F600 X110.089 Y81.681 E9.4672
G1 X109.694 Y81.478 E9.4791
G1 X109.321 Y81.218 E9.4912
G1 X108.994 Y80.920 E9.5029
G1 X108.745 Y80.609 E9.5135
G1 X108.569 Y80.288 E9.5233
G1 X108.465 Y79.954 E9.5326
G1 X108.430 Y79.592 E9.5423
G1 X108.430 Y79.376 E9.5480
G1 X108.465 Y79.015 E9.5577
G1 X108.569 Y78.681 E9.5670
G1 X108.745 Y78.361 E9.5767
G1 X108.994 Y78.052 E9.5872
G1 X109.321 Y77.756 E9.5990
G1 X109.695 Y77.493 E9.6111
G1 X110.089 Y77.290 E9.6229
G1 X110.505 Y77.144 E9.6347
G1 X110.944 Y77.058 E9.6466
G1 X111.656 Y77.013 E9.6656
G1 X111.895 Y76.964 E9.6720
G1 X112.124 Y76.885 E9.6785
G1 X112.339 Y76.772 E9.6850
G1 X112.542 Y76.630 E9.6915
G1 X112.721 Y76.465 E9.6980
G1 X112.865 Y76.287 E9.7041
G1 X112.972 Y76.092 E9.7100
G1 X113.037 Y75.882 E9.7159
G1 X113.058 Y75.666 E9.7217
G1 X113.039 Y75.420 E9.7282
G1 X112.984 Y75.187 E9.7346
G1 X112.893 Y74.963 E9.7410
G1 X112.765 Y74.755 E9.7475
G1 X112.605 Y74.559 E9.7543
G1 X112.415 Y74.384 E9.7611
G1 X112.195 Y74.244 E9.7681
G1 X111.953 Y74.145 E9.7750
G1 X111.691 Y74.086 E9.7822
G1 X111.409 Y74.068 E9.7897
G1 X111.165 Y74.083 E9.7962
G1 X110.986 Y74.119 E9.8011
G1 X110.712 Y74.210 E9.8087
G1 X110.503 Y74.323 E9.8151
G1 X110.313 Y74.465 E9.8214
G1 X110.145 Y74.624 E9.8275
G1 X110.006 Y74.798 E9.8334
G1 X109.896 Y74.983 E9.8392
G1 X109.801 Y75.220 E9.8460
G1 X108.458 Y75.220 E9.8817
G1 X108.479 Y75.066 E9.8858
G1 X108.592 Y74.724 E9.8954
G1 X108.771 Y74.399 E9.9053
G1 X109.020 Y74.089 E9.9159
G1 X109.341 Y73.793 E9.9275
G1 X109.708 Y73.528 E9.9395
G1 X110.096 Y73.324 E9.9512
G1 X110.508 Y73.178 E9.9628
G1 X110.945 Y73.090 E9.9747
G1 X111.409 Y73.060 E9.9871
G1 X111.876 Y73.090 E9.9995
G1 X112.319 Y73.178 E10.0115
G1 X112.739 Y73.325 E10.0234
G1 X113.136 Y73.531 E10.0353
G1 X113.424 Y73.733 E10.0446
G1 X113.836 Y74.096 E10.0592
G1 X114.083 Y74.408 E10.0698
G1 X114.257 Y74.733 E10.0796
G1 X114.361 Y75.071 E10.0891
G1 X114.396 Y75.438 E10.0989
G1 X114.396 Y75.651 E10.1045
G1 X114.361 Y76.016 E10.1143
G1 X114.257 Y76.355 E10.1237
G1 X114.083 Y76.684 E10.1336
G1 X113.835 Y77.001 E10.1443
G1 X113.513 Y77.306 E10.1561
G1 X113.132 Y77.569 E10.1685
G1 X112.732 Y77.773 E10.1804
G1 X112.311 Y77.919 E10.1923
G1 X111.871 Y78.006 E10.2042
G1 X111.163 Y78.051 E10.2231
G1 X110.927 Y78.097 E10.2295
G1 X110.702 Y78.176 E10.2358
G1 X110.487 Y78.285 E10.2422
G1 X110.285 Y78.425 E10.2488
G1 X110.105 Y78.585 E10.2552
G1 X109.960 Y78.760 E10.2612
G1 X109.854 Y78.951 E10.2670
G1 X109.788 Y79.155 E10.2727
G1 X109.766 Y79.365 E10.2784
G1 X109.784 Y79.607 E10.2848
G1 X109.835 Y79.835 E10.2910
G1 X109.921 Y80.051 E10.2972
G1 X110.042 Y80.252 E10.3035
G1 X110.196 Y80.439 E10.3099
G1 X110.399 Y80.616 E10.3171
G1 X110.623 Y80.755 E10.3241
G1 X110.868 Y80.854 E10.3311
G1 X111.130 Y80.913 E10.3383
G1 X111.409 Y80.932 E10.3457
G1 X111.655 Y80.917 E10.3523
G1 X111.891 Y80.870 E10.3587
G1 X112.112 Y80.790 E10.3649
G1 X112.320 Y80.681 E10.3712
G1 X112.513 Y80.538 E10.3776
G1 X112.679 Y80.372 E10.3838
G1 X112.815 Y80.198 E10.3897
G1 X112.925 Y80.013 E10.3954
G1 X113.020 Y79.780 E10.4021
G1 X114.367 Y79.780 E10.4379
G1 X114.347 Y79.930 E10.4420
G1 X114.234 Y80.270 E10.4515
G1 X114.055 Y80.598 E10.4614
G1 X113.805 Y80.912 E10.4721
G1 X113.485 Y81.214 E10.4838
G1 X113.118 Y81.476 E10.4958
G1 X112.729 Y81.678 E10.5075
G1 X112.315 Y81.824 E10.5192
G1 X111.875 Y81.910 E10.5311
G1 X111.409 Y81.940 E10.5435
G1 X110.996 Y81.913 E10.5545
G0 F600 X110.944 Y81.910
G0 F600 X110.504 Y81.824
G1 F3000 E5.5545
G0 F4200 X109.334 Y80.201
;TYPE:SOLID-FILL
;WIDTH:0.400
G1 F900 Z0.600
G1 F1500 E10.5545
G1 F3000 X109.133 Y79.717 E10.5657
G1 X109.132 Y79.150 E10.5717
G1 X109.143 Y78.879 E10.5807
G1 F3000 E5.5807
G1 F900 Z0.900
G0 F4200 X113.624 Y76.006
G1 F900 Z0.600
G1 F1500 E10.5807
G1 F3000 X113.747 Y75.846 E10.5847
G1 X113.663 Y75.196 E10.5915
G1 X113.410 Y74.661 E10.6112
G1 F3000 E5.6112
G1 F900 Z0.900
G0 F4200 X117.880 Y81.311
;TYPE:WALL-INNER
;WIDTH:0.400
G1 F900 Z0.600
G1 F1500 E10.6112
G1 F600 X117.535 Y81.133 E10.6215
G1 X117.205 Y80.903 E10.6322
G1 X116.921 Y80.642 E10.6425
G1 X116.712 Y80.382 E10.6514
G1 X116.573 Y80.125 E10.6591
G1 X116.493 Y79.865 E10.6664
G1 X116.463 Y79.561 E10.6745
G1 X116.463 Y73.460 E10.8368
G1 X117.000 Y73.460 E10.8511
G1 X117.000 Y79.608 E11.0147
G1 X117.027 Y79.875 E11.0218
G1 X117.116 Y80.158 E11.0297
G1 X117.259 Y80.417 E11.0376
G1 X117.445 Y80.647 E11.0455
G1 X117.665 Y80.848 E11.0534
G1 X117.910 Y81.019 E11.0614
G1 X118.173 Y81.157 E11.0693
G1 X118.453 Y81.255 E11.0772
G1 X118.744 Y81.315 E11.0851
G1 X119.042 Y81.333 E11.0930
G1 X119.342 Y81.315 E11.1010
G1 X119.634 Y81.256 E11.1089
G1 X119.916 Y81.157 E11.1169
G1 X120.180 Y81.019 E11.1248
G1 X120.424 Y80.848 E11.1327
G1 X120.645 Y80.648 E11.1407
G1 X120.832 Y80.417 E11.1486
G1 X120.975 Y80.158 E11.1565
G1 X121.064 Y79.873 E11.1644
G1 X121.090 Y79.607 E11.1715
G1 X121.090 Y73.460 E11.3351
G1 X121.629 Y73.460 E11.3494
G1 X121.629 Y79.562 E11.5118
G1 X121.600 Y79.861 E11.5198
G1 X121.520 Y80.119 E11.5270
G1 X121.380 Y80.378 E11.5348
G1 X121.172 Y80.642 E11.5437
G1 X120.894 Y80.903 E11.5539
G1 X120.562 Y81.131 E11.5646
G1 X120.209 Y81.310 E11.5751
G1 X119.841 Y81.436 E11.5855
G1 X119.452 Y81.513 E11.5960
G1 X119.042 Y81.539 E11.6070
G1 X118.630 Y81.513 E11.6179
G1 X118.356 Y81.458 E11.6254
G0 F600 X118.241 Y81.436
G0 F600 X117.880 Y81.311
G1 F3000 E6.6254
G0 F4200 X117.722 Y81.680
;TYPE:WALL-OUTER
;WIDTH:0.400
G1 F900 Z0.600
G1 F1500 E11.6254
G1 F600 X117.328 Y81.476 E11.6372
G1 X116.954 Y81.216 E11.6493
G1 X116.628 Y80.916 E11.6611
G1 X116.378 Y80.604 E11.6717
G1 X116.202 Y80.281 E11.6815
G1 X116.099 Y79.944 E11.6909
G1 X116.063 Y79.581 E11.7006
G1 X116.063 Y73.060 E11.8741
G1 X117.400 Y73.060 E11.9097
G1 X117.400 Y79.588 E12.0834
G1 X117.421 Y79.794 E12.0889
G1 X117.486 Y80.000 E12.0946
G1 X117.592 Y80.193 E12.1005
G1 X117.737 Y80.372 E12.1066
G1 X117.916 Y80.535 E12.1131
G1 X118.118 Y80.677 E12.1196
G1 X118.333 Y80.789 E12.1261
G1 X118.560 Y80.869 E12.1325
G1 X118.796 Y80.917 E12.1389
G1 X119.042 Y80.932 E12.1455
G1 X119.290 Y80.917 E12.1521
G1 X119.528 Y80.869 E12.1585
G1 X119.757 Y80.789 E12.1650
G1 X119.972 Y80.677 E12.1714
G1 X120.174 Y80.535 E12.1780
G1 X120.354 Y80.372 E12.1845
G1 X120.499 Y80.193 E12.1906
G1 X120.605 Y80.000 E12.1965
G1 X120.670 Y79.793 E12.2022
G1 X120.690 Y79.588 E12.2077
G1 X120.690 Y73.060 E12.3814
G1 X122.029 Y73.060 E12.4170
G1 X122.029 Y79.581 E12.5905
G1 X121.994 Y79.940 E12.6001
G1 X121.891 Y80.274 E12.6094
G1 X121.716 Y80.598 E12.6192
G1 X121.468 Y80.913 E12.6299
G1 X121.146 Y81.216 E12.6417
G1 X120.766 Y81.476 E12.6539
G1 X120.365 Y81.679 E12.6659
G1 X119.945 Y81.823 E12.6777
G1 X119.504 Y81.910 E12.6897
G1 X119.042 Y81.940 E12.7020
G1 X118.578 Y81.910 E12.7143
G1 X118.197 Y81.835 E12.7247
G0 F600 X118.137 Y81.823
G0 F600 X117.722 Y81.680
G1 F3000 E7.7247
G0 F4200 X116.814 Y79.761
;TYPE:SOLID-FILL
;WIDTH:0.400
G1 F900 Z0.600
G1 F1500 E12.7247
G1 F3000 X116.733 Y79.398 E12.7315
G1 X116.730 Y78.829 E12.7380
G1 X116.730 Y78.263 E12.7444
G1 X116.730 Y77.698 E12.7508
G1 X116.730 Y77.132 E12.7572
G1 X116.730 Y76.566 E12.7636
G1 X116.730 Y76.000 E12.7700
G1 X116.730 Y75.435 E12.7764
G1 X116.730 Y74.869 E12.7828
G1 X116.730 Y74.303 E12.7892
G1 X116.662 Y73.952 E12.8011
G1 F3000 E7.8011
G1 F900 Z0.900
G0 F4200 X121.289 Y74.054
G1 F900 Z0.600
G1 F1500 E12.8011
G1 F3000 X121.358 Y74.406 E12.8076
G1 X121.358 Y74.971 E12.8141
G1 X121.358 Y75.537 E12.8205
G1 X121.358 Y76.103 E12.8270
G1 X121.358 Y76.669 E12.8334
G1 X121.358 Y77.234 E12.8399
G1 X121.358 Y77.800 E12.8463
G1 X121.358 Y78.366 E12.8528
G1 X121.358 Y78.931 E12.8593
G1 X121.353 Y79.493 E12.8657
G1 X121.401 Y79.823 E12.8768
G1 F3000 E7.8768
G1 F900 Z0.900
G0 F4200 X123.756 Y81.539
;TYPE:WALL-INNER
;WIDTH:0.400
G1 F900 Z0.600
G1 F1500 E12.8768
G1 F600 X123.756 Y81.332 E12.8823
G1 X127.496 Y81.332 E12.9818
G1 X127.496 Y81.530 E12.9871
G1 X124.256 Y81.538 E13.0733
G0 F600 X123.756 Y81.539
G1 F3000 E8.0733
G0 F4200 X123.356 Y81.940
;TYPE:WALL-OUTER
;WIDTH:0.400
G1 F900 Z0.600
G1 F1500 E13.0733
G1 F600 X123.356 Y80.932 E13.1001
G1 X127.264 Y80.932 E13.2041
G1 X127.264 Y73.060 E13.4136
G1 X128.603 Y73.060 E13.4492
G1 X128.603 Y81.199 E13.6658
G1 X128.592 Y81.316 E13.6689
G1 X128.510 Y81.513 E13.6746
G1 X128.334 Y81.700 E13.6814
G1 X128.073 Y81.857 E13.6895
G1 X127.802 Y81.929 E13.6970
G1 X123.856 Y81.939 E13.8020
G0 F600 X123.356 Y81.940
G1 F3000 E8.8020
G0 F4200 X127.664 Y81.552
;TYPE:WALL-INNER
;WIDTH:0.400
G1 F900 Z0.600
G1 F1500 E13.8020
G1 F600 X127.664 Y73.460 E14.0173
G1 X128.203 Y73.460 E14.0316
G1 X128.203 Y81.180 E14.2370
G1 X128.169 Y81.292 E14.2401
G1 X128.114 Y81.351 E14.2423
G0 F600 X128.081 Y81.386
G0 F600 X127.915 Y81.485
G0 F600 X127.664 Y81.552
G1 F3000 E9.2423
G0 F4200 X128.002 Y80.767
;TYPE:SOLID-FILL
;WIDTH:0.400
G1 F900 Z0.600
G1 F1500 E14.2423
G1 F3000 X127.932 Y80.415 E14.2488
G1 X127.932 Y79.849 E14.2553
G1 X127.932 Y79.283 E14.2618
G1 X127.932 Y78.718 E14.2683
G1 X127.932 Y78.152 E14.2749
G1 X127.932 Y77.586 E14.2814
G1 X127.932 Y77.021 E14.2878
G1 X127.932 Y76.455 E14.2944
G1 X127.932 Y75.889 E14.3009
G1 X127.932 Y75.324 E14.3074
G1 X127.932 Y74.758 E14.3139
G1 X127.932 Y74.192 E14.3204
G1 X127.863 Y73.840 E14.3323
G1 F3000 E9.3323
G1 F900 Z0.900
G0 F4200 X135.578 Y81.540
;TYPE:WALL-INNER
;WIDTH:0.400
G1 F900 Z0.600
G1 F1500 E14.3323
G1 F600 X135.578 Y73.668 E14.5418
G1 X133.221 Y73.668 E14.6045
G1 X132.943 Y73.686 E14.6119
G1 X132.653 Y73.746 E14.6198
G1 X132.373 Y73.847 E14.6277
G1 X132.111 Y73.985 E14.6356
G1 X131.865 Y74.158 E14.6436
G1 X131.642 Y74.360 E14.6516
G1 X131.455 Y74.589 E14.6595
G1 X131.311 Y74.846 E14.6673
G1 X131.218 Y75.130 E14.6753
G1 X131.182 Y75.480 E14.6846
G1 X131.383 Y76.192 E14.7043
G1 X131.709 Y76.524 E14.7167
G1 X131.598 Y76.661 E14.7214
G1 X131.255 Y76.443 E14.7322
G1 X130.813 Y75.886 E14.7511
G1 X130.668 Y75.256 E14.7683
G1 X130.691 Y75.034 E14.7742
G1 X130.769 Y74.791 E14.7810
G1 X130.905 Y74.552 E14.7884
G1 X131.110 Y74.312 E14.7968
G1 X131.396 Y74.069 E14.8067
G1 X131.734 Y73.849 E14.8175
G1 X132.086 Y73.680 E14.8279
G1 X132.452 Y73.558 E14.8381
G1 X132.836 Y73.486 E14.8485
G1 X133.257 Y73.460 E14.8597
G1 X135.578 Y73.470 E14.9215
G1 X135.578 Y73.450 E14.9220
G1 X135.835 Y73.518 E14.9291
G1 X135.994 Y73.614 E14.9340
G1 X136.109 Y73.736 E14.9385
G1 X136.116 Y73.812 E14.9405
G1 X136.116 Y81.540 E15.1462
G1 X136.078 Y81.540 E15.1472
G0 F600 X135.578 Y81.540
G1 F3000 E10.1472
G0 F4200 X135.178 Y81.940
;TYPE:WALL-OUTER
;WIDTH:0.400
G1 F900 Z0.600
G1 F1500 E15.1472
G1 F600 X135.178 Y78.268 E15.2449
G1 X133.265 Y77.841 E15.2970
G1 X131.921 Y77.342 E15.3352
G1 X130.984 Y76.744 E15.3648
G1 X130.443 Y76.064 E15.3879
G1 X130.263 Y75.281 E15.4093
G1 X130.297 Y74.951 E15.4181
G1 X130.401 Y74.629 E15.4271
G1 X130.576 Y74.321 E15.4365
G1 X130.827 Y74.028 E15.4468
G1 X131.156 Y73.748 E15.4583
G1 X131.537 Y73.500 E15.4704
G1 X131.936 Y73.308 E15.4822
G1 X132.352 Y73.170 E15.4938
G1 X132.787 Y73.088 E15.5056
G1 X133.246 Y73.060 E15.5178
G1 X135.710 Y73.071 E15.5834
G1 X135.993 Y73.146 E15.5912
G1 X136.248 Y73.300 E15.5991
G1 X136.424 Y73.487 E15.6059
G1 X136.476 Y73.583 E15.6088
G1 X136.506 Y73.680 E15.6115
G1 X136.516 Y73.794 E15.6146
G1 X136.516 Y81.940 E15.8313
G1 X135.678 Y81.940 E15.8536
G0 F600 X135.178 Y81.940
G1 F3000 E10.8536
G0 F4200 X132.181 Y76.433
G1 F900 Z0.600
G1 F1500 E15.8536
G1 F600 X132.865 Y76.780 E15.8740
G1 X133.786 Y77.048 E15.8996
G1 X135.178 Y77.285 E15.9371
G1 X135.178 Y74.068 E16.0227
G1 X133.234 Y74.068 E16.0745
G1 X132.997 Y74.083 E16.0808
G1 X132.762 Y74.132 E16.0872
G1 X132.535 Y74.214 E16.0936
G1 X132.320 Y74.327 E16.1001
G1 X132.115 Y74.471 E16.1067
G1 X131.933 Y74.636 E16.1133
G1 X131.787 Y74.815 E16.1194
G1 X131.679 Y75.007 E16.1253
G1 X131.612 Y75.213 E16.1310
G1 X131.588 Y75.445 E16.1372
G1 X131.740 Y75.985 E16.1522
G1 X131.830 Y76.077 E16.1556
G0 F600 X132.181 Y76.433
G0 F4200 X131.843 Y76.689
;TYPE:SOLID-FILL
;WIDTH:0.400
G1 F3000 X132.497 Y77.343 E16.1864
G0 F4200 X132.581 Y76.861
G1 F3000 X133.380 Y77.660 E16.2239
G0 F4200 X133.442 Y77.156
G1 F3000 X134.109 Y77.824 E16.2553
G0 F4200 X134.167 Y77.315
G1 F3000 X134.838 Y77.986 E16.2869
G0 F4200 X135.367 Y77.950
G1 F3000 X134.849 Y77.432 E16.3113
G1 F3000 E11.3113
G1 F900 Z0.900
G0 F4200 X131.000 Y75.280
G1 F900 Z0.600
G1 F1500 E16.3113
G1 F3000 X130.992 Y74.989 E16.3170
G1 X131.026 Y74.741 E16.3253
G1 F3000 E11.3253
G1 F900 Z0.900
G0 F4200 X135.777 Y73.834
G1 F900 Z0.600
G1 F1500 E16.3253
G1 F3000 X135.846 Y74.186 E16.3318
G1 X135.846 Y74.752 E16.3382
G1 X135.846 Y75.317 E16.3447
G1 X135.846 Y75.883 E16.3512
G1 X135.846 Y76.449 E16.3576
G1 X135.846 Y77.014 E16.3641
G1 X135.846 Y77.580 E16.3706
G1 X135.846 Y78.146 E16.3770
G1 X135.846 Y78.711 E16.3835
G1 X135.846 Y79.277 E16.3899
G1 X135.846 Y79.843 E16.3964
G1 X135.846 Y80.408 E16.4029
G1 X135.846 Y80.974 E16.4093
G1 X135.915 Y81.327 E16.4213
;LAYER:3
;Z:0.800
;HEIGHT:0.200
G1 F3000 E11.4213
G0 F900 Z0.800
G0 F4200 X135.578 Y81.540
;TYPE:WALL-INNER
;WIDTH:0.400
G1 F900 Z0.800
G1 F1500 E16.4213
G1 F2700 X135.578 Y73.668 E16.6831
G1 X132.955 Y73.683 E16.7703
G1 X132.653 Y73.746 E16.7806
G1 X132.373 Y73.847 E16.7905
G1 X132.111 Y73.985 E16.8003
G1 X131.865 Y74.158 E16.8104
G1 X131.642 Y74.360 E16.8204
G1 X131.455 Y74.589 E16.8302
G1 X131.311 Y74.846 E16.8400
G1 X131.218 Y75.130 E16.8499
G1 X131.182 Y75.480 E16.8616
G1 X131.383 Y76.192 E16.8862
G1 X131.709 Y76.524 E16.9017
G1 X131.598 Y76.661 E16.9076
G1 X131.255 Y76.443 E16.9211
G1 X130.813 Y75.886 E16.9447
G1 X130.668 Y75.256 E16.9662
G1 X130.691 Y75.034 E16.9737
G1 X130.769 Y74.791 E16.9822
G1 X130.905 Y74.552 E16.9913
G1 X131.110 Y74.312 E17.0018
G1 X131.396 Y74.069 E17.0143
G1 X131.734 Y73.849 E17.0277
G1 X132.086 Y73.680 E17.0407
G1 X132.452 Y73.558 E17.0535
G1 X132.836 Y73.486 E17.0665
G1 X133.257 Y73.460 E17.0805
G1 X135.578 Y73.470 E17.1577
G1 X135.578 Y73.451 E17.1584
G1 X135.746 Y73.484 E17.1641
G1 X135.846 Y73.521 E17.1676
G1 X135.993 Y73.612 E17.1734
G1 X136.084 Y73.709 E17.1778
G1 X136.106 Y73.762 E17.1797
G1 X136.116 Y81.540 E17.4384
G1 X136.078 Y81.540 E17.4397
G0 F2700 X135.578 Y81.540
G1 F3000 E12.4397
G0 F4200 X135.178 Y81.940
;TYPE:WALL-OUTER
;WIDTH:0.400
G1 F900 Z0.800
G1 F1500 E17.4397
G1 F2700 X135.178 Y78.268 E17.5618
G1 X133.265 Y77.841 E17.6270
G1 X131.921 Y77.342 E17.6747
G1 X130.984 Y76.744 E17.7116
G1 X130.443 Y76.064 E17.7405
G1 X130.263 Y75.281 E17.7673
G1 X130.297 Y74.951 E17.7783
G1 X130.401 Y74.629 E17.7895
G1 X130.576 Y74.321 E17.8013
G1 X130.827 Y74.028 E17.8142
G1 X131.156 Y73.748 E17.8285
G1 X131.537 Y73.500 E17.8436
G1 X131.936 Y73.308 E17.8584
G1 X132.352 Y73.170 E17.8730
G1 X132.787 Y73.088 E17.8877
G1 X133.246 Y73.060 E17.9030
G1 X135.717 Y73.071 E17.9852
G1 X135.855 Y73.098 E17.9898
G1 X136.022 Y73.160 E17.9958
G1 X136.248 Y73.299 E18.0046
G1 X136.424 Y73.487 E18.0132
G1 X136.506 Y73.680 E18.0201
G1 X136.516 Y81.940 E18.2949
G1 X135.678 Y81.940 E18.3227
G0 F2700 X135.178 Y81.940
G1 F3000 E13.3227
G0 F4200 X132.181 Y76.433
G1 F900 Z0.800
G1 F1500 E18.3227
G1 F2700 X132.865 Y76.780 E18.3482
G1 X133.786 Y77.048 E18.3801
G1 X135.178 Y77.285 E18.4271
G1 X135.178 Y74.068 E18.5341
G1 X133.672 Y74.068 E18.5842
G1 X133.001 Y74.082 E18.6065
G1 X132.762 Y74.132 E18.6146
G1 X132.535 Y74.214 E18.6227
G1 X132.320 Y74.327 E18.6307
G1 X132.115 Y74.471 E18.6391
G1 X131.933 Y74.636 E18.6472
G1 X131.787 Y74.815 E18.6549
G1 X131.679 Y75.007 E18.6623
G1 X131.612 Y75.213 E18.6695
G1 X131.588 Y75.445 E18.6772
G1 X131.740 Y75.985 E18.6959
G1 X131.830 Y76.077 E18.7002
G0 F2700 X132.181 Y76.433
G0 F4200 X132.301 Y76.718
;TYPE:SOLID-FILL
;WIDTH:0.400
G1 F3000 X132.113 Y77.189 E18.7182
G1 X132.886 Y76.982 E18.7354
G1 X132.930 Y77.504 E18.7530
G1 X133.765 Y77.234 E18.7717
G1 X133.808 Y77.757 E18.7914
G1 X134.722 Y77.409 E18.8120
G1 X134.733 Y77.963 E18.8337
G1 X135.367 Y77.613 E18.8578
G1 F3000 E13.8578
G1 F900 Z1.100
G0 F4200 X131.010 Y75.181
G1 F900 Z0.800
G1 F1500 E18.8578
G1 F3000 X130.884 Y75.307 E18.8637
G1 F3000 E13.8637
G1 F900 Z1.100
G0 F4200 X135.777 Y73.809
G1 F900 Z0.800
G1 F1500 E18.8637
G1 F3000 X135.870 Y73.997 E18.8665
G1 X135.841 Y74.592 E18.8725
G1 X135.842 Y75.158 E18.8785
G1 X135.842 Y75.723 E18.8846
G1 X135.843 Y76.288 E18.8907
G1 X135.843 Y76.853 E18.8969
G1 X135.843 Y77.419 E18.9031
G1 X135.844 Y77.984 E18.9093
G1 X135.844 Y78.549 E18.9156
G1 X135.844 Y79.115 E18.9219
G1 X135.845 Y79.680 E18.9282
G1 X135.845 Y80.245 E18.9346
G1 X135.846 Y80.811 E18.9410
G1 X135.777 Y81.163 E18.9529
G1 F3000 E13.9529
G1 F900 Z1.100
G0 F4200 X127.664 Y81.552
;TYPE:WALL-INNER
;WIDTH:0.400
G1 F900 Z0.800
G1 F1500 E18.9529
G1 F2700 X127.664 Y73.460 E19.2220
G1 X128.203 Y73.460 E19.2399
G1 X128.203 Y81.180 E19.4967
G1 X128.169 Y81.292 E19.5006
G1 X128.114 Y81.351 E19.5033
G0 F2700 X128.081 Y81.386
G0 F2700 X127.915 Y81.485
G0 F2700 X127.664 Y81.552
G1 F3000 E14.5033
G0 F4200 X127.802 Y81.929
;TYPE:WALL-OUTER
;WIDTH:0.400
G1 F900 Z0.800
G1 F1500 E19.5033
G1 F2700 X123.356 Y81.940 E19.6512
G1 X123.356 Y80.932 E19.6847
G1 X127.264 Y80.932 E19.8147
G1 X127.264 Y73.060 E20.0765
G1 X128.603 Y73.060 E20.1210
G1 X128.603 Y81.199 E20.3917
G1 X128.592 Y81.316 E20.3956
G1 X128.510 Y81.513 E20.4027
G1 X128.334 Y81.700 E20.4113
G1 X128.261 Y81.744 E20.4141
G0 F2700 X128.073 Y81.857
G0 F2700 X127.802 Y81.929
G1 F3000 E15.4141
G0 F4200 X123.756 Y81.539
;TYPE:WALL-INNER
;WIDTH:0.400
G1 F900 Z0.800
G1 F1500 E20.4141
G1 F2700 X123.756 Y81.332 E20.4210
G1 X127.496 Y81.332 E20.5454
G1 X127.496 Y81.530 E20.5520
G1 X124.256 Y81.538 E20.6597
G0 F2700 X123.756 Y81.539
G1 F3000 E15.6597
G0 F4200 X127.863 Y81.157
;TYPE:SOLID-FILL
;WIDTH:0.400
G1 F900 Z0.800
G1 F1500 E20.6597
G1 F3000 X127.932 Y80.804 E20.6662
G1 X127.932 Y80.239 E20.6727
G1 X127.932 Y79.673 E20.6792
G1 X127.932 Y79.107 E20.6856
G1 X127.932 Y78.542 E20.6921
G1 X127.932 Y77.976 E20.6985
G1 X127.932 Y77.410 E20.7050
G1 X127.932 Y76.845 E20.7115
G1 X127.932 Y76.279 E20.7179
G1 X127.932 Y75.713 E20.7244
G1 X127.932 Y75.148 E20.7309
G1 X127.932 Y74.582 E20.7373
G1 X127.932 Y74.016 E20.7438
G1 X128.001 Y73.664 E20.7557
G1 F3000 E15.7557
G1 F900 Z1.100
G0 F4200 X117.880 Y81.311
;TYPE:WALL-INNER
;WIDTH:0.400
G1 F900 Z0.800
G1 F1500 E20.7557
G1 F2700 X117.535 Y81.133 E20.7686
G1 X117.205 Y80.903 E20.7820
G1 X116.921 Y80.642 E20.7948
G1 X116.712 Y80.382 E20.8059
G1 X116.573 Y80.125 E20.8156
G1 X116.493 Y79.865 E20.8247
G1 X116.463 Y79.561 E20.8348
G1 X116.463 Y73.460 E21.0377
G1 X117.000 Y73.460 E21.0556
G1 X117.000 Y79.608 E21.2601
G1 X117.027 Y79.875 E21.2690
G1 X117.116 Y80.158 E21.2789
G1 X117.264 Y80.426 E21.2891
G1 X117.492 Y80.690 E21.3007
G1 X117.666 Y80.848 E21.3085
G1 X117.909 Y81.019 E21.3184
G1 X118.173 Y81.157 E21.3283
G1 X118.453 Y81.255 E21.3381
G1 X118.744 Y81.315 E21.3480
G1 X119.042 Y81.333 E21.3580
G1 X119.342 Y81.315 E21.3679
G1 X119.634 Y81.256 E21.3779
G1 X119.916 Y81.157 E21.3878
G1 X120.180 Y81.019 E21.3977
G1 X120.424 Y80.848 E21.4076
G1 X120.645 Y80.648 E21.4175
G1 X120.832 Y80.417 E21.4274
G1 X120.975 Y80.158 E21.4373
G1 X121.064 Y79.873 E21.4472
G1 X121.090 Y79.607 E21.4561
G1 X121.090 Y73.460 E21.6605
G1 X121.629 Y73.460 E21.6784
G1 X121.629 Y79.562 E21.8814
G1 X121.600 Y79.861 E21.8914
G1 X121.520 Y80.119 E21.9004
G1 X121.380 Y80.378 E21.9102
G1 X121.172 Y80.642 E21.9213
G1 X120.894 Y80.903 E21.9340
G1 X120.562 Y81.131 E21.9474
G1 X120.209 Y81.310 E21.9606
G1 X119.841 Y81.436 E21.9735
G1 X119.452 Y81.513 E21.9867
G1 X119.042 Y81.539 E22.0004
G1 X118.630 Y81.513 E22.0141
G1 X118.356 Y81.458 E22.0234
G0 F2700 X118.241 Y81.436
G0 F2700 X117.880 Y81.311
G1 F3000 E17.0234
G0 F4200 X117.722 Y81.680
;TYPE:WALL-OUTER
;WIDTH:0.400
G1 F900 Z0.800
G1 F1500 E22.0234
G1 F2700 X117.328 Y81.476 E22.0382
G1 X116.954 Y81.216 E22.0533
G1 X116.628 Y80.916 E22.0680
G1 X116.378 Y80.604 E22.0813
G1 X116.202 Y80.281 E22.0936
G1 X116.099 Y79.944 E22.1053
G1 X116.063 Y79.581 E22.1174
G1 X116.063 Y73.060 E22.3343
G1 X117.400 Y73.060 E22.3788
G1 X117.400 Y79.588 E22.5959
G1 X117.421 Y79.794 E22.6028
G1 X117.486 Y80.000 E22.6100
G1 X117.594 Y80.196 E22.6174
G1 X117.779 Y80.410 E22.6268
G1 X117.917 Y80.535 E22.6330
G1 X118.118 Y80.677 E22.6412
G1 X118.333 Y80.789 E22.6493
G1 X118.560 Y80.869 E22.6573
G1 X118.796 Y80.917 E22.6653
G1 X119.042 Y80.932 E22.6735
G1 X119.290 Y80.917 E22.6818
G1 X119.528 Y80.869 E22.6898
G1 X119.757 Y80.789 E22.6979
G1 X119.972 Y80.677 E22.7060
G1 X120.174 Y80.535 E22.7142
G1 X120.354 Y80.372 E22.7223
G1 X120.499 Y80.193 E22.7299
G1 X120.605 Y80.000 E22.7372
G1 X120.670 Y79.793 E22.7445
G1 X120.690 Y79.588 E22.7513
G1 X120.690 Y73.060 E22.9684
G1 X122.029 Y73.060 E23.0130
G1 X122.029 Y79.581 E23.2299
G1 X121.994 Y79.940 E23.2418
G1 X121.891 Y80.274 E23.2535
G1 X121.716 Y80.598 E23.2657
G1 X121.468 Y80.913 E23.2791
G1 X121.146 Y81.216 E23.2938
G1 X120.766 Y81.476 E23.3091
G1 X120.365 Y81.679 E23.3240
G1 X119.945 Y81.823 E23.3388
G1 X119.504 Y81.910 E23.3537
G1 X119.042 Y81.940 E23.3691
G1 X118.578 Y81.910 E23.3846
G1 X118.197 Y81.835 E23.3975
G0 F2700 X118.137 Y81.823
G0 F2700 X117.722 Y81.680
G1 F3000 E18.3975
G0 F4200 X116.703 Y79.871
;TYPE:SOLID-FILL
;WIDTH:0.400
G1 F900 Z0.800
G1 F1500 E23.3975
G1 F3000 X116.737 Y79.554 E23.4026
G1 X116.730 Y78.995 E23.4091
G1 X116.730 Y78.430 E23.4154
G1 X116.730 Y77.864 E23.4218
G1 X116.730 Y77.298 E23.4282
G1 X116.730 Y76.733 E23.4346
G1 X116.730 Y76.167 E23.4410
G1 X116.730 Y75.601 E23.4474
G1 X116.730 Y75.036 E23.4538
G1 X116.730 Y74.470 E23.4602
G1 X116.799 Y74.119 E23.4721
G1 F3000 E18.4721
G1 F900 Z1.100
G0 F4200 X121.289 Y74.154
G1 F900 Z0.800
G1 F1500 E23.4721
G1 F3000 X121.427 Y74.299 E23.4786
G1 X121.358 Y74.933 E23.4851
G1 X121.358 Y75.499 E23.4915
G1 X121.358 Y76.065 E23.4980
G1 X121.358 Y76.630 E23.5045
G1 X121.358 Y77.196 E23.5109
G1 X121.358 Y77.762 E23.5174
G1 X121.358 Y78.327 E23.5238
G1 X121.358 Y78.893 E23.5303
G1 X121.351 Y79.466 E23.5368
G1 X121.268 Y79.832 E23.5492
G1 F3000 E18.5492
G1 F900 Z1.100
G0 F4200 X110.608 Y81.437
;TYPE:WALL-INNER
;WIDTH:0.400
G1 F900 Z0.800
G1 F1500 E23.5492
G1 F2700 X110.245 Y81.312 E23.5620
G1 X109.901 Y81.135 E23.5749
G1 X109.571 Y80.905 E23.5883
G1 X109.287 Y80.645 E23.6011
G1 X109.079 Y80.386 E23.6121
G1 X108.939 Y80.131 E23.6218
G1 X108.859 Y79.874 E23.6307
G1 X108.830 Y79.573 E23.6408
G1 X108.859 Y79.095 E23.6567
G1 X108.939 Y78.838 E23.6657
G1 X109.079 Y78.585 E23.6753
G1 X109.286 Y78.327 E23.6863
G1 X109.571 Y78.069 E23.6991
G1 X109.903 Y77.836 E23.7126
G1 X110.248 Y77.658 E23.7255
G1 X110.610 Y77.531 E23.7383
G1 X110.995 Y77.456 E23.7513
G1 X111.709 Y77.410 E23.7751
G1 X112.001 Y77.351 E23.7850
G1 X112.283 Y77.253 E23.7949
G1 X112.548 Y77.114 E23.8049
G1 X112.793 Y76.942 E23.8148
G1 X113.014 Y76.739 E23.8248
G1 X113.198 Y76.511 E23.8346
G1 X113.342 Y76.249 E23.8445
G1 X113.431 Y75.961 E23.8545
G1 X113.459 Y75.670 E23.8643
G1 X113.435 Y75.350 E23.8749
G1 X113.344 Y75.008 E23.8867
G1 X113.251 Y74.781 E23.8949
G1 X113.092 Y74.523 E23.9049
G1 X112.897 Y74.284 E23.9152
G1 X112.660 Y74.066 E23.9259
G1 X112.380 Y73.887 E23.9370
G1 X112.073 Y73.762 E23.9480
G1 X111.742 Y73.688 E23.9593
G1 X111.349 Y73.670 E23.9724
G1 X111.111 Y73.686 E23.9803
G1 X110.822 Y73.745 E23.9901
G1 X110.546 Y73.845 E23.9999
G1 X110.287 Y73.985 E24.0097
G1 X110.055 Y74.159 E24.0193
G1 X109.850 Y74.353 E24.0287
G1 X109.676 Y74.570 E24.0379
G1 X109.528 Y74.820 E24.0476
G1 X108.995 Y74.820 E24.0653
G1 X109.104 Y74.623 E24.0728
G1 X109.313 Y74.363 E24.0839
G1 X109.595 Y74.103 E24.0967
G1 X109.919 Y73.869 E24.1100
G1 X110.257 Y73.691 E24.1227
G1 X110.615 Y73.565 E24.1353
G1 X110.998 Y73.487 E24.1483
G1 X111.409 Y73.461 E24.1620
G1 X111.824 Y73.487 E24.1758
G1 X112.213 Y73.565 E24.1890
G1 X112.580 Y73.693 E24.2019
G1 X112.928 Y73.874 E24.2150
G1 X113.261 Y74.109 E24.2285
G1 X113.542 Y74.369 E24.2413
G1 X113.747 Y74.628 E24.2523
G1 X113.886 Y74.888 E24.2621
G1 X113.967 Y75.150 E24.2712
G1 X113.996 Y75.457 E24.2814
G1 X113.967 Y75.937 E24.2974
G1 X113.886 Y76.201 E24.3066
G1 X113.746 Y76.466 E24.3166
G1 X113.538 Y76.731 E24.3278
G1 X113.260 Y76.994 E24.3405
G1 X112.927 Y77.225 E24.3540
G1 X112.575 Y77.404 E24.3671
G1 X112.206 Y77.532 E24.3801
G1 X111.819 Y77.608 E24.3933
G1 X111.112 Y77.653 E24.4168
G1 X110.822 Y77.710 E24.4266
G1 X110.545 Y77.807 E24.4364
G1 X110.282 Y77.941 E24.4462
G1 X110.037 Y78.110 E24.4561
G1 X109.816 Y78.306 E24.4659
G1 X109.628 Y78.533 E24.4757
G1 X109.485 Y78.791 E24.4856
G1 X109.395 Y79.072 E24.4954
G1 X109.364 Y79.359 E24.5050
G1 X109.387 Y79.666 E24.5152
G1 X109.452 Y79.953 E24.5250
G1 X109.561 Y80.229 E24.5349
G1 X109.714 Y80.484 E24.5448
G1 X109.908 Y80.719 E24.5549
G1 X110.161 Y80.939 E24.5660
G1 X110.441 Y81.113 E24.5770
G1 X110.748 Y81.237 E24.5880
G1 X111.072 Y81.310 E24.5991
G1 X111.408 Y81.333 E24.6103
G1 X111.706 Y81.315 E24.6202
G1 X111.999 Y81.256 E24.6301
G1 X112.274 Y81.157 E24.6399
G1 X112.533 Y81.021 E24.6496
G1 X112.775 Y80.842 E24.6596
G1 X112.979 Y80.638 E24.6692
G1 X113.146 Y80.424 E24.6782
G1 X113.291 Y80.180 E24.6877
G1 X113.828 Y80.180 E24.7055
G1 X113.721 Y80.376 E24.7130
G1 X113.510 Y80.641 E24.7242
G1 X113.230 Y80.904 E24.7370
G1 X112.909 Y81.134 E24.7501
G1 X112.570 Y81.310 E24.7628
G1 X112.210 Y81.437 E24.7755
G1 X111.824 Y81.512 E24.7886
G1 X111.409 Y81.539 E24.8024
G1 X111.101 Y81.518 E24.8127
G0 F2700 X110.995 Y81.512
G0 F2700 X110.608 Y81.437
G1 F3000 E19.8127
G0 F4200 X110.504 Y81.824
;TYPE:WALL-OUTER
;WIDTH:0.400
G1 F900 Z0.800
G1 F1500 E24.8127
G1 F2700 X110.088 Y81.681 E24.8273
G1 X109.694 Y81.478 E24.8421
G1 X109.321 Y81.218 E24.8572
G1 X108.994 Y80.920 E24.8719
G1 X108.745 Y80.609 E24.8852
G1 X108.569 Y80.288 E24.8974
G1 X108.465 Y79.954 E24.9090
G1 X108.430 Y79.592 E24.9211
G1 X108.430 Y79.376 E24.9283
G1 X108.465 Y79.015 E24.9403
G1 X108.569 Y78.681 E24.9520
G1 X108.745 Y78.361 E24.9641
G1 X108.994 Y78.052 E24.9773
G1 X109.321 Y77.756 E24.9920
G1 X109.695 Y77.493 E25.0072
G1 X110.089 Y77.290 E25.0219
G1 X110.505 Y77.144 E25.0366
G1 X110.944 Y77.058 E25.0515
G1 X111.656 Y77.013 E25.0752
G1 X111.895 Y76.964 E25.0833
G1 X112.124 Y76.885 E25.0914
G1 X112.339 Y76.772 E25.0995
G1 X112.542 Y76.630 E25.1077
G1 X112.721 Y76.465 E25.1158
G1 X112.865 Y76.287 E25.1234
G1 X112.972 Y76.092 E25.1308
G1 X113.037 Y75.882 E25.1381
G1 X113.058 Y75.666 E25.1453
G1 X113.039 Y75.417 E25.1536
G1 X112.964 Y75.136 E25.1633
G1 X112.893 Y74.963 E25.1695
G1 X112.765 Y74.755 E25.1777
G1 X112.605 Y74.559 E25.1861
G1 X112.415 Y74.384 E25.1947
G1 X112.195 Y74.244 E25.2033
G1 X111.953 Y74.145 E25.2120
G1 X111.689 Y74.086 E25.2210
G1 X111.353 Y74.071 E25.2322
G1 X111.164 Y74.083 E25.2385
G1 X110.931 Y74.131 E25.2464
G1 X110.710 Y74.211 E25.2542
G1 X110.503 Y74.323 E25.2621
G1 X110.313 Y74.465 E25.2700
G1 X110.145 Y74.624 E25.2777
G1 X110.006 Y74.798 E25.2851
G1 X109.896 Y74.983 E25.2922
G1 X109.801 Y75.220 E25.3007
G1 X108.458 Y75.220 E25.3454
G1 X108.479 Y75.066 E25.3505
G1 X108.592 Y74.723 E25.3626
G1 X108.771 Y74.399 E25.3749
G1 X109.020 Y74.089 E25.3881
G1 X109.341 Y73.793 E25.4026
G1 X109.708 Y73.528 E25.4177
G1 X110.096 Y73.324 E25.4323
G1 X110.508 Y73.178 E25.4468
G1 X110.945 Y73.090 E25.4616
G1 X111.409 Y73.060 E25.4771
G1 X111.876 Y73.090 E25.4926
G1 X112.319 Y73.178 E25.5077
G1 X112.739 Y73.325 E25.5225
G1 X113.136 Y73.531 E25.5373
G1 X113.513 Y73.797 E25.5527
G1 X113.836 Y74.096 E25.5673
G1 X114.083 Y74.408 E25.5806
G1 X114.257 Y74.733 E25.5928
G1 X114.361 Y75.071 E25.6046
G1 X114.396 Y75.438 E25.6169
G1 X114.396 Y75.651 E25.6239
G1 X114.361 Y76.016 E25.6361
G1 X114.257 Y76.355 E25.6479
G1 X114.083 Y76.684 E25.6603
G1 X113.835 Y77.001 E25.6737
G1 X113.513 Y77.306 E25.6884
G1 X113.132 Y77.569 E25.7038
G1 X112.732 Y77.773 E25.7188
G1 X112.311 Y77.919 E25.7336
G1 X111.871 Y78.006 E25.7485
G1 X111.163 Y78.051 E25.7721
G1 X110.927 Y78.097 E25.7801
G1 X110.702 Y78.176 E25.7880
G1 X110.487 Y78.285 E25.7961
G1 X110.285 Y78.425 E25.8042
G1 X110.105 Y78.585 E25.8122
G1 X109.960 Y78.760 E25.8198
G1 X109.854 Y78.951 E25.8271
G1 X109.788 Y79.155 E25.8342
G1 X109.766 Y79.365 E25.8412
G1 X109.784 Y79.607 E25.8493
G1 X109.835 Y79.835 E25.8571
G1 X109.921 Y80.051 E25.8648
G1 X110.042 Y80.252 E25.8726
G1 X110.196 Y80.439 E25.8807
G1 X110.399 Y80.616 E25.8896
G1 X110.623 Y80.755 E25.8984
G1 X110.868 Y80.854 E25.9072
G1 X111.130 Y80.913 E25.9161
G1 X111.409 Y80.932 E25.9254
G1 X111.655 Y80.917 E25.9336
G1 X111.891 Y80.870 E25.9416
G1 X112.112 Y80.790 E25.9494
G1 X112.320 Y80.681 E25.9572
G1 X112.513 Y80.538 E25.9652
G1 X112.679 Y80.372 E25.9730
G1 X112.815 Y80.198 E25.9804
G1 X112.925 Y80.013 E25.9875
G1 X113.020 Y79.780 E25.9959
G1 X114.367 Y79.780 E26.0407
G1 X114.347 Y79.930 E26.0457
G1 X114.234 Y80.271 E26.0577
G1 X114.055 Y80.598 E26.0701
G1 X113.805 Y80.912 E26.0834
G1 X113.485 Y81.214 E26.0981
G1 X113.118 Y81.476 E26.1131
G1 X112.729 Y81.678 E26.1276
G1 X112.315 Y81.824 E26.1422
G1 X111.875 Y81.910 E26.1572
G1 X111.409 Y81.940 E26.1727
G1 X110.996 Y81.913 E26.1865
G0 F2700 X110.944 Y81.910
G0 F2700 X110.504 Y81.824
G1 F3000 E21.1865
G0 F4200 X109.139 Y80.081
;TYPE:SOLID-FILL
;WIDTH:0.400
G1 F900 Z0.800
G1 F1500 E26.1865
G1 F3000 X109.142 Y79.795 E26.1916
G1 X109.135 Y79.236 E26.1980
G1 X109.262 Y78.828 E26.2122
G1 F3000 E21.2122
G1 F900 Z1.100
G0 F4200 X113.556 Y76.231
G1 F900 Z0.800
G1 F1500 E26.2122
G1 F3000 X113.682 Y75.820 E26.2197
G1 X113.681 Y75.256 E26.2262
G1 X113.557 Y74.814 E26.2321
G1 X113.478 Y74.611 E26.2393
G1 F3000 E21.2393
G1 F900 Z1.100
G0 F4200 X103.367 Y81.513
;TYPE:WALL-INNER
;WIDTH:0.400
G1 F900 Z0.800
G1 F1500 E26.2393
G1 F2700 X102.984 Y81.437 E26.2523
G1 X102.622 Y81.310 E26.2651
G1 X102.278 Y81.133 E26.2779
G1 X101.950 Y80.901 E26.2913
G1 X101.669 Y80.642 E26.3040
G1 X101.462 Y80.383 E26.3150
G1 X101.351 Y80.180 E26.3227
G1 X101.880 Y80.180 E26.3403
G1 X102.036 Y80.449 E26.3507
G1 X102.269 Y80.717 E26.3625
G1 X102.648 Y81.017 E26.3786
G1 X102.920 Y81.159 E26.3888
G1 X103.194 Y81.256 E26.3984
G1 X103.482 Y81.315 E26.4082
G1 X103.775 Y81.333 E26.4180
G1 X104.082 Y81.314 E26.4282
G1 X104.427 Y81.236 E26.4400
G1 X104.648 Y81.157 E26.4478
G1 X104.912 Y81.023 E26.4576
G1 X105.159 Y80.850 E26.4677
G1 X105.381 Y80.649 E26.4776
G1 X105.565 Y80.420 E26.4874
G1 X105.708 Y80.163 E26.4972
G1 X105.798 Y79.878 E26.5071
G1 X105.824 Y79.612 E26.5160
G1 X105.824 Y75.395 E26.6563
G1 X105.798 Y75.129 E26.6652
G1 X105.705 Y74.833 E26.6755
G1 X105.528 Y74.540 E26.6869
G1 X105.380 Y74.357 E26.6947
G1 X105.159 Y74.157 E26.7046
G1 X104.912 Y73.983 E26.7146
G1 X104.647 Y73.845 E26.7246
G1 X104.367 Y73.746 E26.7345
G1 X104.075 Y73.685 E26.7444
G1 X103.775 Y73.667 E26.7544
G1 X103.478 Y73.685 E26.7643
G1 X103.180 Y73.746 E26.7744
G1 X102.849 Y73.876 E26.7862
G1 X102.584 Y74.029 E26.7964
G1 X102.221 Y74.331 E26.8121
G1 X102.032 Y74.561 E26.8220
G1 X101.882 Y74.820 E26.8320
G1 X101.362 Y74.820 E26.8493
G1 X101.471 Y74.623 E26.8567
G1 X101.680 Y74.362 E26.8679
G1 X101.960 Y74.103 E26.8806
G1 X102.285 Y73.869 E26.8939
G1 X102.623 Y73.691 E26.9066
G1 X102.982 Y73.565 E26.9192
G1 X103.365 Y73.487 E26.9322
G1 X103.775 Y73.461 E26.9459
G1 X104.191 Y73.487 E26.9598
G1 X104.581 Y73.565 E26.9730
G1 X104.947 Y73.692 E26.9859
G1 X105.295 Y73.871 E26.9989
G1 X105.627 Y74.103 E27.0124
G1 X105.909 Y74.363 E27.0251
G1 X106.117 Y74.621 E27.0361
G1 X106.254 Y74.876 E27.0458
G1 X106.334 Y75.134 E27.0548
G1 X106.363 Y75.438 E27.0649
G1 X106.363 Y79.562 E27.2021
G1 X106.334 Y79.861 E27.2121
G1 X106.254 Y80.119 E27.2210
G1 X106.115 Y80.377 E27.2308
G1 X105.906 Y80.641 E27.2420
G1 X105.626 Y80.904 E27.2548
G1 X105.295 Y81.131 E27.2681
G1 X104.946 Y81.307 E27.2811
G1 X104.476 Y81.456 E27.2975
G1 X104.186 Y81.513 E27.3074
G1 X103.867 Y81.534 E27.3180
G0 F2700 X103.775 Y81.539
G0 F2700 X103.367 Y81.513
G1 F3000 E22.3180
G0 F4200 X103.315 Y81.910
;TYPE:WALL-OUTER
;WIDTH:0.400
G1 F900 Z0.800
G1 F1500 E27.3180
G1 F2700 X102.878 Y81.824 E27.3328
G1 X102.463 Y81.678 E27.3474
G1 X102.070 Y81.476 E27.3621
G1 X101.698 Y81.213 E27.3773
G1 X101.376 Y80.916 E27.3918
G1 X101.127 Y80.605 E27.4051
G1 X100.950 Y80.279 E27.4174
G1 X100.840 Y79.936 E27.4294
G1 X100.822 Y79.780 E27.4346
G1 X102.162 Y79.780 E27.4792
G1 X102.251 Y80.022 E27.4878
G1 X102.363 Y80.215 E27.4952
G1 X102.547 Y80.427 E27.5045
G1 X102.866 Y80.680 E27.5181
G1 X103.080 Y80.791 E27.5261
G1 X103.301 Y80.870 E27.5339
G1 X103.534 Y80.917 E27.5418
G1 X103.775 Y80.932 E27.5498
G1 X104.025 Y80.917 E27.5582
G1 X104.315 Y80.851 E27.5681
G1 X104.490 Y80.789 E27.5742
G1 X104.706 Y80.679 E27.5823
G1 X104.909 Y80.537 E27.5905
G1 X105.089 Y80.374 E27.5986
G1 X105.232 Y80.196 E27.6062
G1 X105.339 Y80.004 E27.6135
G1 X105.404 Y79.798 E27.6207
G1 X105.424 Y79.593 E27.6276
G1 X105.424 Y75.414 E27.7666
G1 X105.404 Y75.209 E27.7734
G1 X105.338 Y74.999 E27.7807
G1 X105.200 Y74.770 E27.7896
G1 X105.089 Y74.633 E27.7955
G1 X104.909 Y74.470 E27.8036
G1 X104.704 Y74.326 E27.8119
G1 X104.487 Y74.213 E27.8200
G1 X104.259 Y74.132 E27.8281
G1 X104.022 Y74.083 E27.8361
G1 X103.775 Y74.068 E27.8444
G1 X103.530 Y74.083 E27.8525
G1 X103.294 Y74.131 E27.8605
G1 X103.023 Y74.237 E27.8702
G1 X102.814 Y74.358 E27.8782
G1 X102.506 Y74.614 E27.8916
G1 X102.362 Y74.790 E27.8991
G1 X102.252 Y74.979 E27.9064
G1 X102.162 Y75.220 E27.9150
G1 X100.825 Y75.220 E27.9594
G1 X100.846 Y75.066 E27.9646
G1 X100.958 Y74.723 E27.9766
G1 X101.138 Y74.399 E27.9889
G1 X101.386 Y74.089 E28.0021
G1 X101.706 Y73.793 E28.0166
G1 X102.074 Y73.528 E28.0317
G1 X102.462 Y73.324 E28.0463
G1 X102.875 Y73.178 E28.0609
G1 X103.312 Y73.090 E28.0757
G1 X103.775 Y73.060 E28.0911
G1 X104.243 Y73.090 E28.1067
G1 X104.686 Y73.178 E28.1217
G1 X105.105 Y73.323 E28.1365
G1 X105.502 Y73.528 E28.1513
G1 X105.878 Y73.791 E28.1666
G1 X106.202 Y74.089 E28.1812
G1 X106.451 Y74.399 E28.1945
G1 X106.625 Y74.720 E28.2066
G1 X106.728 Y75.055 E28.2183
G1 X106.763 Y75.419 E28.2304
G1 X106.763 Y79.581 E28.3689
G1 X106.728 Y79.940 E28.3809
G1 X106.625 Y80.274 E28.3925
G1 X106.450 Y80.598 E28.4047
G1 X106.201 Y80.912 E28.4181
G1 X105.878 Y81.216 E28.4328
G1 X105.499 Y81.476 E28.4481
G1 X105.098 Y81.679 E28.4631
G1 X104.575 Y81.844 E28.4813
G1 X104.237 Y81.910 E28.4927
G1 X103.815 Y81.938 E28.5068
G0 F2700 X103.775 Y81.940
G0 F2700 X103.315 Y81.910
G1 F3000 E23.5068
G0 F4200 X106.004 Y79.823
;TYPE:SOLID-FILL
;WIDTH:0.400
G1 F900 Z0.800
G1 F1500 E28.5068
G1 F3000 X106.086 Y79.457 E28.5136
G1 X106.092 Y78.885 E28.5202
G1 X106.092 Y78.320 E28.5266
G1 X106.092 Y77.754 E28.5331
G1 X106.092 Y77.188 E28.5396
G1 X106.092 Y76.623 E28.5461
G1 X106.092 Y76.057 E28.5526
G1 X106.088 Y75.496 E28.5590
G1 X106.134 Y75.167 E28.5701
G1 F3000 E23.5701
G1 F900 Z1.100
G0 F4200 X99.551 Y81.540
;TYPE:WALL-INNER
;WIDTH:0.400
G1 F900 Z0.800
G1 F1500 E28.5701
G1 F2700 X99.022 Y81.540 E28.5877
G1 X98.284 Y79.492 E28.6601
G1 X94.200 Y79.492 E28.7959
G1 X93.480 Y81.540 E28.8681
G1 X92.936 Y81.540 E28.8862
G1 X95.573 Y74.008 E29.1517
G1 X95.684 Y73.761 E29.1607
G1 X95.789 Y73.622 E29.1665
G1 X95.900 Y73.539 E29.1711
G1 X96.043 Y73.485 E29.1761
G1 X96.244 Y73.463 E29.1829
G1 X96.438 Y73.485 E29.1894
G1 X96.578 Y73.538 E29.1943
G1 X96.692 Y73.624 E29.1991
G1 X96.802 Y73.766 E29.2051
G1 X96.915 Y74.010 E29.2140
G1 X99.386 Y81.069 E29.4628
G0 F2700 X99.551 Y81.540
G1 F3000 E24.4628
G0 F4200 X100.115 Y81.940
;TYPE:WALL-OUTER
;WIDTH:0.400
G1 F900 Z0.800
G1 F1500 E29.4628
G1 F2700 X98.741 Y81.940 E29.5085
G1 X98.003 Y79.892 E29.5809
G1 X94.483 Y79.892 E29.6979
G1 X93.763 Y81.940 E29.7701
G1 X92.372 Y81.940 E29.8164
G1 X95.201 Y73.859 E30.1012
G1 X95.338 Y73.555 E30.1123
G1 X95.504 Y73.336 E30.1214
G1 X95.705 Y73.185 E30.1298
G1 X95.949 Y73.093 E30.1384
G1 X96.244 Y73.061 E30.1483
G1 X96.533 Y73.093 E30.1580
G1 X96.774 Y73.185 E30.1666
G1 X96.975 Y73.337 E30.1749
G1 X97.146 Y73.557 E30.1842
G1 X97.286 Y73.860 E30.1953
G1 X99.950 Y81.469 E30.4635
G0 F2700 X100.115 Y81.940
G1 F3000 E25.4635
G0 F4200 X98.217 Y79.284
;TYPE:WALL-INNER
;WIDTH:0.400
G1 F900 Z0.800
G1 F1500 E30.4635
G1 F2700 X96.670 Y74.870 E30.6190
G1 X95.818 Y74.870 E30.6474
G1 X94.270 Y79.284 E30.8029
G1 X97.717 Y79.284 E30.9176
G0 F2700 X98.217 Y79.284
G1 F3000 E25.9176
G0 F4200 X97.653 Y78.884
;TYPE:WALL-OUTER
;WIDTH:0.400
G1 F900 Z0.800
G1 F1500 E30.9176
G1 F2700 X96.386 Y75.270 E31.0450
G1 X96.102 Y75.270 E31.0544
G1 X94.834 Y78.884 E31.1818
G1 X97.153 Y78.884 E31.2589
G0 F2700 X97.653 Y78.884
G1 F3000 E26.2589
G0 F4200 X99.154 Y81.016
;TYPE:SOLID-FILL
;WIDTH:0.400
G1 F900 Z0.800
G1 F1500 E31.2589
G1 F3000 X98.999 Y80.887 E31.2626
G1 X98.891 Y80.430 E31.2665
G1 X98.742 Y80.013 E31.2705
G1 X98.596 Y79.593 E31.2746
G1 X98.449 Y79.174 E31.2787
G1 X98.302 Y78.756 E31.2828
G1 X98.155 Y78.337 E31.2870
G1 X98.009 Y77.918 E31.2911
G1 X97.862 Y77.499 E31.2952
G1 X97.715 Y77.080 E31.2994
G1 X97.569 Y76.661 E31.3034
G1 X97.422 Y76.242 E31.3076
G1 X97.275 Y75.824 E31.3117
G1 X97.128 Y75.404 E31.3159
G1 X96.981 Y74.986 E31.3200
G1 X96.796 Y74.605 E31.3242
G1 X96.561 Y74.558 E31.3321
G1 F3000 E26.3321
G1 F900 Z1.100
G0 F4200 X95.561 Y74.992
G1 F900 Z0.800
G1 F1500 E31.3321
G1 F3000 X95.315 Y75.521 E31.3409
G1 X95.010 Y76.392 E31.3497
G1 X94.705 Y77.262 E31.3584
G1 X94.400 Y78.133 E31.3671
G1 X94.095 Y79.003 E31.3757
G1 X93.791 Y79.873 E31.3842
G1 X93.485 Y80.744 E31.3929
G1 X93.241 Y81.272 E31.4123
G1 F3000 E26.4123
G1 F900 Z1.100
G0 F4200 X95.484 Y74.504
;TYPE:SOLID-FILL
;WIDTH:0.400
G1 F900 Z0.800
G1 F1500 E31.4123
G1 X96.423 Y73.565 E31.4551
G0 F4200 X96.736 Y73.817
G1 F1500 X95.764 Y74.789 E31.4995
G0 F4200 X96.329 Y74.789
G1 F1500 X96.901 Y74.217 E31.5256
G1 F3000 E26.5256
G1 F900 Z1.100
G0 F4200 X91.313 Y81.540
;TYPE:WALL-INNER
;WIDTH:0.400
G1 F900 Z0.800
G1 F1500 E31.5256
G1 F2700 X90.774 Y81.540 E31.5435
G1 X90.774 Y73.668 E31.8053
G1 X88.418 Y73.668 E31.8837
G1 X88.140 Y73.686 E31.8929
G1 X87.850 Y73.746 E31.9028
G1 X87.570 Y73.847 E31.9127
G1 X87.309 Y73.985 E31.9225
G1 X87.062 Y74.157 E31.9325
G1 X86.838 Y74.360 E31.9426
G1 X86.652 Y74.589 E31.9524
G1 X86.508 Y74.845 E31.9622
G1 X86.416 Y75.128 E31.9721
G1 X86.382 Y75.449 E31.9828
G1 X86.466 Y75.917 E31.9986
G1 X86.704 Y76.347 E32.0149
G1 X87.052 Y76.705 E32.0316
G1 X87.487 Y77.006 E32.0491
G1 X88.160 Y77.339 E32.0741
G1 X88.096 Y77.513 E32.0803
G1 X87.830 Y77.435 E32.0895
G1 X87.457 Y77.283 E32.1029
G1 X87.112 Y77.098 E32.1159
G1 X86.791 Y76.880 E32.1288
G1 X86.497 Y76.629 E32.1417
G1 X86.255 Y76.366 E32.1536
G1 X86.077 Y76.106 E32.1641
G1 X85.956 Y75.845 E32.1736
G1 X85.885 Y75.577 E32.1828
G1 X85.861 Y75.299 E32.1921
G1 X85.888 Y75.034 E32.2010
G1 X85.966 Y74.791 E32.2095
G1 X86.102 Y74.552 E32.2186
G1 X86.307 Y74.312 E32.2291
G1 X86.593 Y74.069 E32.2416
G1 X86.931 Y73.849 E32.2550
G1 X87.283 Y73.680 E32.2680
G1 X87.650 Y73.558 E32.2809
G1 X88.032 Y73.486 E32.2938
G1 X88.455 Y73.460 E32.3079
G1 X90.714 Y73.460 E32.3830
G1 X90.891 Y73.483 E32.3890
G1 X90.956 Y73.491 E32.3911
G1 X91.106 Y73.555 E32.3966
G1 X91.250 Y73.670 E32.4027
G1 X91.294 Y73.737 E32.4054
G1 X91.313 Y73.833 E32.4086
G1 X91.313 Y81.040 E32.6483
G0 F2700 X91.313 Y81.540
G1 F3000 E27.6483
G0 F4200 X91.713 Y81.940
;TYPE:WALL-OUTER
;WIDTH:0.400
G1 F900 Z0.800
G1 F1500 E32.6483
G1 F2700 X90.374 Y81.940 E32.6929
G1 X90.374 Y74.068 E32.9547
G1 X88.431 Y74.068 E33.0193
G1 X88.194 Y74.083 E33.0272
G1 X87.959 Y74.132 E33.0352
G1 X87.732 Y74.214 E33.0432
G1 X87.517 Y74.327 E33.0513
G1 X87.312 Y74.470 E33.0596
G1 X87.129 Y74.636 E33.0678
G1 X86.984 Y74.815 E33.0755
G1 X86.876 Y75.007 E33.0828
G1 X86.809 Y75.212 E33.0900
G1 X86.786 Y75.434 E33.0974
G1 X86.848 Y75.781 E33.1091
G1 X87.028 Y76.106 E33.1215
G1 X87.312 Y76.398 E33.1350
G1 X87.693 Y76.662 E33.1505
G1 X88.164 Y76.903 E33.1680
G1 X89.291 Y77.404 E33.2091
G1 X89.433 Y77.514 E33.2150
G1 X89.543 Y77.643 E33.2207
G1 X89.619 Y77.790 E33.2262
G1 X89.674 Y78.024 E33.2342
G1 X89.686 Y78.167 E33.2390
G1 X89.621 Y78.408 E33.2473
G1 X89.533 Y78.578 E33.2536
G1 X89.218 Y79.023 E33.2718
G1 X86.892 Y81.940 E33.3958
G1 X85.513 Y81.940 E33.4417
G1 X85.459 Y81.829 E33.4458
G1 X88.428 Y78.027 E33.6063
G1 X87.698 Y77.813 E33.6316
G1 X87.287 Y77.646 E33.6463
G1 X86.904 Y77.441 E33.6608
G1 X86.548 Y77.198 E33.6751
G1 X86.219 Y76.918 E33.6895
G1 X85.941 Y76.616 E33.7031
G1 X85.728 Y76.305 E33.7157
G1 X85.578 Y75.982 E33.7275
G1 X85.489 Y75.646 E33.7391
G1 X85.459 Y75.296 E33.7508
G1 X85.494 Y74.951 E33.7623
G1 X85.598 Y74.629 E33.7735
G1 X85.773 Y74.321 E33.7853
G1 X86.024 Y74.028 E33.7982
G1 X86.099 Y73.964 E33.8014
G1 X86.353 Y73.748 E33.8125
G1 X86.734 Y73.500 E33.8276
G1 X87.133 Y73.308 E33.8424
G1 X87.549 Y73.170 E33.8569
G1 X87.983 Y73.088 E33.8716
G1 X88.443 Y73.060 E33.8870
G1 X90.739 Y73.060 E33.9633
G1 X91.061 Y73.101 E33.9741
G1 X91.313 Y73.208 E33.9832
G1 X91.548 Y73.396 E33.9932
G1 X91.672 Y73.582 E34.0007
G1 X91.713 Y73.795 E34.0079
G1 X91.713 Y81.440 E34.2622
G0 F2700 X91.713 Y81.940
G1 F3000 E29.2622
G0 F4200 X86.699 Y81.540
;TYPE:WALL-INNER
;WIDTH:0.400
G1 F900 Z0.800
G1 F1500 E34.2622
G1 F2700 X86.333 Y81.540 E34.2743
G1 X86.279 Y81.429 E34.2784
G1 X89.150 Y77.753 E34.4336
G1 X89.241 Y77.930 E34.4402
G1 X89.282 Y78.131 E34.4470
G1 X89.246 Y78.262 E34.4515
G1 X89.191 Y78.370 E34.4556
G1 X88.898 Y78.783 E34.4724
G1 X87.010 Y81.150 E34.5731
G0 F2700 X86.699 Y81.540
G1 F3000 E29.5731
G0 F4200 X88.258 Y77.769
;TYPE:SOLID-FILL
;WIDTH:0.400
G1 F900 Z0.800
G1 F1500 E34.5731
G1 F3000 X88.855 Y77.455 E34.5928
G1 X88.696 Y77.897 E34.6084
G1 F3000 E29.6084
G1 F900 Z1.100
G0 F4200 X86.194 Y75.308
G1 F900 Z0.800
G1 F1500 E34.6084
G1 F3000 X86.166 Y75.053 E34.6141
G1 X86.585 Y74.352 E34.6413
G1 F3000 E29.6413
G1 F900 Z1.100
G0 F4200 X90.973 Y73.923
G1 F900 Z0.800
G1 F1500 E34.6413
G1 F3000 X91.103 Y74.076 E34.6470
G1 X91.042 Y74.702 E34.6535
G1 X91.042 Y75.268 E34.6600
G1 X91.042 Y75.833 E34.6665
G1 X91.042 Y76.399 E34.6730
G1 X91.042 Y76.965 E34.6795
G1 X91.042 Y77.530 E34.6860
G1 X91.042 Y78.096 E34.6924
G1 X91.042 Y78.662 E34.6989
G1 X91.042 Y79.228 E34.7054
G1 X91.042 Y79.793 E34.7119
G1 X91.042 Y80.359 E34.7184
G1 X91.042 Y80.925 E34.7248
G1 X90.973 Y81.277 E34.7367
G1 F3000 E29.7367
G1 F900 Z1.100
G0 F4200 X81.735 Y81.540
;TYPE:WALL-INNER
;WIDTH:0.400
G1 F900 Z0.800
G1 F1500 E34.7367
G1 F2700 X81.197 Y81.540 E34.7546
G1 X81.197 Y73.668 E35.0165
G1 X78.884 Y73.668 E35.0934
G1 X78.884 Y73.460 E35.1003
G1 X84.050 Y73.460 E35.2721
G1 X84.050 Y73.668 E35.2791
G1 X81.735 Y73.668 E35.3560
G1 X81.735 Y81.040 E35.6012
G0 F2700 X81.735 Y81.540
G1 F3000 E30.6012
G0 F4200 X82.135 Y81.940
;TYPE:WALL-OUTER
;WIDTH:0.400
G1 F900 Z0.800
G1 F1500 E35.6012
G1 F2700 X80.797 Y81.940 E35.6457
G1 X80.797 Y74.068 E35.9076
G1 X78.484 Y74.068 E35.9845
G1 X78.484 Y73.060 E36.0180
G1 X84.450 Y73.060 E36.2165
G1 X84.450 Y74.068 E36.2500
G1 X82.135 Y74.068 E36.3270
G1 X82.135 Y81.440 E36.5722
G0 F2700 X82.135 Y81.940
G1 F3000 E31.5722
G0 F4200 X81.396 Y81.238
;TYPE:SOLID-FILL
;WIDTH:0.400
G1 F900 Z0.800
G1 F1500 E36.5722
G1 F3000 X81.465 Y80.886 E36.5786
G1 X81.465 Y80.320 E36.5851
G1 X81.465 Y79.754 E36.5915
G1 X81.465 Y79.189 E36.5980
G1 X81.465 Y78.623 E36.6045
G1 X81.465 Y78.057 E36.6109
G1 X81.465 Y77.492 E36.6174
G1 X81.465 Y76.926 E36.6238
G1 X81.465 Y76.360 E36.6302
G1 X81.465 Y75.795 E36.6367
G1 X81.465 Y75.229 E36.6431
G1 X81.465 Y74.663 E36.6496
G1 X81.465 Y74.097 E36.6560
G1 X81.534 Y73.746 E36.6679
M106 S0
G1 F3000 E31.6679
G0 F900 Z5.800
G0 F4200 X81.534 Y73.746
M221 T0 S100
G92 E0
M1002
M104 T0 S0
G91 ;Relative positioning
G1 E-2 F2700 ;Retract a bit
G1 E-2 Z0.2 F2400 ;Retract and raise Z
G1 X5 Y5 F3000 ;Wipe out
G1 Z50 ;Raise Z more
G90 ;Absolute positionning
G1 X0 Y200 ;Present print
M106 S0 ;Turn-off fan
M104 S0 ;Turn-off hotend
M140 S0 ;Turn-off bed
M84 X Y E ;Disable all steppers but Z
;Data start:57912:a44c0c5bff9d45017af09608d7257f32
;SURFQSAtIFBSSU5UREFUQUlZDHzi6E17riyBkcQfrmdZFVk3TpZ8Px4E6NVJSnsUNERAPfSj9H1s5R8
;ermQEiJTQPEVt3BVQ5FqKujk+FHlWRSw9gaORfeW2HwWuBWeKkt88W2naHUvjaoaKLyUPYDkpc0700f
;ccD5MfH64FZ+vxvNB3DLt8P4pki7YoJh5mNzBFUu/8+BMKn3NyrgRn6/G8WTeF6HwnigXotC4pHngzN
;k1J6Mz/IgWYbHvaWg6Fn9krNw2ofD+KBehcDUpjFFZETV7ixv0YHpdrd8FrOIKfzzxDU8cJS+936NRN
;SnsUVkSlfYGxkX1sl3x9y2kCmZDIMFhi9wxN42uc1UxKexRWRCy0waOBfWz2fn3NYAuOg90tXmPGI0v
;ldejUTUp7FFZEpX2Bu5F9bJd8fctpApmQyDBYYvcIUPpam6A/LBp3M0QtPYGjkX1sf18evQVn65DfOl
;JgzQ5e/myHuxI+CXUgIUA9gKORfWz2b4nuBU7r8bw4QWPBGGD+d4mjKCYkfDkoSU7e0/AJBKlyf9ZaC
;46f2y1fU84dXP5qmtVMSnsUVkQsVMGjuH1s9n5owWwDtIXOOEFpxCNX5WmNphI6GmA+G0Fc+fz/EjOE
;emrcZASfmNM3Nw2ofD+KBejVTUpoFFZETUXo0M4eA5tve8B2Bp+Y0zdodKh9P4oF6NVNEzsURUQsPeD
;b+A4zlXBz3mAJmJDIMFhi9wU/iwXo1U1Ke00WRD49gaPzEhiCcHPxaQaSlM4GRHzNGVuKBOjVTUp7FH
;IELC2Bo5EfA4JrccNaE4OY3zJZadsPP4ufcUzU0+LdaUQyPYGj8w8Fknh3wGI4jonIK0J/wRNR1XKBs
;TkiJGY3MEVSgaKRfWz2H57PRWf58bxZVX7BGFjja4+KKysVSyU0SVjlo5B9bPYfHq5cJ+vlvFk3btoV
;W+1shrISLBJsMyBzXO/E/Rhs9x8ergVnC5H8WS4MqHxd+GyMsiQkHEswKENc9cb1Ig2Een/xaA6F8b1
;ZNwyofD++RejETUp7diQtSFrozfYiCppwadxkE47xvVk3DKh8P9NF6M1NSnt2JC1IWujN9iIfnnpywn
;Y4jZ3TLkVt3Bk/iwXo1U1Ke00WRDk9gaPzDwWSeHfAYjiYmdk1W3/3D0/vYIzVTEp7FFZELAPBo599b
;PZ9bMdhAIKf2wZEfM0ZW4oE6NVNSnsUcgQsHIGjkR8en3t5x2sAtILJKUdj2gha7lqJpygrJGY3MEVS
;3s7wBWz3Hx6uBWfruPxZOAyofF34bIWKISMVcQknQ0jv15F8bPYfHq4Fc6vxrlk3DMsTXvlxgbsqFR9
;9JTBNU+LGoH1t9h8ergVnC868SzcMqB9Q63acvCMtJHA/N1hc78D0T2z3Hx6uBWfrEYNZJgyofFzlao
;SKICMVSzAhSVnzwuUYbPcfHq4FZ+vV/FkkDKh8XOVqhIogIxVLOiVVWPP85RQBkx8frgVn6/G8TXcMt
;Xw/imGNuz4vJGcjNFxS89fOFAKQdnLCWgiehdAwWWnbfD6KBejVTUp7FFZZLD2Bx/QTH5NAbdt1F4SD
;yAZeYsYZTdVgkKUsJAh9OSosPBs6COT1b/Yhrh5n6/HYPFl/zSNM/3WYuj8+JHg3PUlP8vzzEhiCcHO
;uBGfr8bxZNwyofCyKBeixKCQIcQk3WU3xzOMJM4Vve8thZ+rxvFk3DKhCf4oc6NVNLhJ5MypfVO7Nzg
;UVqXxxw3UChYLdLV5jxnw+igXo1U1KexRWWiw9gcf4EAmYbHfBaziTiOM6WGHYGVH5ZJy8IiQkfDkoS
;T2Ao5F9bPYfHq4FaOvxvDxPeNoJW+93t7QgJQ56IkQtPYGjkX1sBiAevAVn65TELUV5zBlN1WqOsz4v
;D0sudSw8gaORfWz2Jl6uF2fr8dkhQ37dGFr4WoezKzkeYAk8Hj2Ao5F9bPYfHq4FdevxvDxPeNoJW+9
;3t7orLAhxIhtUDoGikX1s9h8ergVn+fG8WVJ03A5K7mCaiiIsHWczMHNEsKOQfWz2Hx6uBWfr47xZN2
;nQCE3/YY2nEiUdciUhWGL4kZF8bPYfHq4FZ+vxrlk3DM0ES/hwjLA/FRRyMDdJSd7aon1t9h8ergVn6
;/G8ajcMqBlH/nedsSg4JGchLVhe6fzyEgOadnDJWg+OkMgsR1PJGEnra4uwEj4eeSYhXlz11uMYXfYe
;Hq4FZ+vx1Rk3P6h8P+99nKc4Lh5mCTdbVPXA+SIPmXByx2sAtJnZOEN52CNe7nOJuy4vJGAzKVxY88L
;lCB6TLR6vBWfr8bxZXkyoVz+KBY2tOTgOcDM2c072yuUeBKl8ccFpDoWW4zFSbdwJT9VkjKMsJBhxCT
;BFUOSjkH1s9h8erkEn6++8WTdp0AhN/2GNpxI5DH0iJ0Ri4sz+EQWYeEHeZBWArsRZNgyofD+KhaqVT
;VR7FFYhVEnz1vUYHqlsacdxBIOu3zZYYMESWNV1iacmFQIUV0QsPYGjoRYs9jsergUCk4XOLFNp2iNM
;/WyctiUVGHs5KEVT5vzlGAGGemzPcRKZlI1ZNgyofD+KhY6VTW57FFYhVEnz1vUYHqlsacdxBIOu3zZ
;YYMESWNVxjbg9Lwl1IjFeWLOjkH1s9h8eLmMn69S8WTdp0AhN/2GNpxI5DH0iJ0Ri88biCQ2Ea0HLfR
;OZkOM4WmPdEku4BenVTUp7FFZELD2fo5F9CY5rbNthApmuzy5eeMsUYPhgm6EsOA9LJTRJWOWRkXxs9
;h8ergVTq/GeWTcMzQRL+HCMsD8VCGM/ME9V3tH0CR6XfGrHagm0kNE2QmLcTj+LBejVTUp7MBZEDT2B
;o/QFGIRqest3OJiG1S1UZPcOWv53ibY5IxR6CTdcWOTHo31t9h8ergVn37G8VjcMqBlH/nedpiQlFUs
;hLUhJ6aOQ5/Vvhoc33Fjr4LxZN2nQCE3/doG6IxUMfTIwRGKzo5Dn9W+GhzfcWOvivFk3askSYOhpga
;USOhphJSFzUPLG8n1t9h8ergUnlLG8SzcMqBpe5FqKuSQ6JGA+NklO6cz9GWz3Hx6uBWfrz/xZOAyof
;Fnra7ezOCYXSz4hRVrp15F8bPYfHq4Fh9Txslk3DM4dUdVjnbkhFRd1LyFePYCjkX1s9h8e7gVu6/G8
;P1Zi9w9P72CM1UxKexRWRCxkwaOcfWz2eX/AWhSblNk9aGHJBD+LBejVTUp7TRZEPT2Bo/cUAJdye8B
;xOI+Y3TRSeM0OP4sF6NVNSnvoaUQ+PYGj9xQAl3J7wHE4j5jdNFJ4zQ4NigTo1U1KexSqeywvgaORGw
;WafnPLaxO0ldU4WmncGU25BenVTUp7FFZELD2To5F9Cp9zf8NgCZ+u2DBWYc0IWvgx6NRNSnsUVkQsP
;YGukX1skHZyz2gChYXjP1tj33w+igXo1U1KIlRWSiw9gcX4EQ2benDaWgGHnstoNw2ofD+KBeiMDUp1
;FFZESlTtwvwYAoJAeMJqENnxvVk3DKh8v9xF6NhNSntyPyhNUOTN5SIYj297rgRn6/G8WTcM6HwxigX
;osyQmGnkzKlhi9drhGF72Hh6uBWfr8bwZNwCofD/sbIS5Ei4eeiUtWESBopF9bPYfHrpFZ+fxvFlRZc
;QQYOVzjachKwsUV0QsPYGjkUMs9j4ergUBgoPPLWhgyQVa+FqNrTk4Dmc/K0Ji9sr1CQSpbX/abAjr8
;LxZNwyofGbKBfrVTUodfSQ3WGLtwugYHqlsdstpC5jxvVk3DKh8P45F6PtNSntyPzZfSd7P8AQJhEBt
;wWkOj67VN1FlxBBg732cpzg5Ens4G1tU5df5Ih6Xa3fBBWbr8bxZNwzxPD+SBejVKyMJZyIoTUTk0c4
;bBZp+c8trE7SX0DZADKl8P4oF6JUSCnsHVkQsW+jb9Bkzmn5ny3c4mIXdK0NT0Hw+igXo1U1KIlRWVy
;w9gcX4BQmSQHLPfAKZrs8tVn7cI0aKBOjVTUp7FAgELB6Bo5EaDYZAeMdpC7SC1TdQYM0jWvJxmqA+I
;xR6CTZNSejMzhANjh8frgVn6/G8MHcMi3w/imKJpRIsEng6G19U78T9GDOTZ2rccBSCntIGRW3cFVDV
;aIG7TUt7FFZELL3B45FibPYfec91OI2Y0DVof8ESWOZgt7A1PglhJS1DU97Q4RgJkh8frgVn6/G8HXc
;Mpnw/imKJpRIsEng6G19N5Mb1fW32Hx6uBWeisbxJNwyoG1zlYY2KOTMLcQktQlnk25F8bPYfHq4FZ+
;vxs1k3DM8QUOhkhIoiLB1nMzBzRYGikX1s9h8ergVn5PG8WVBgxx5e5lqHsys5HmAJPSw8gaORfWz2H
;x6uCmfr8ds1WG7JEGDlY46mKD4kblZFLD2Bo5F9bPYfC64FZ4OU3S1CfPcbXOVhjYo+LwphMypPWIGi
;kX1s9h8ergVny/G8WV5izhVT5lqJsSw6D30gIXNU78X4EQCpbX/abAi0nN0hNw2ofD+KBejrDUpbFFZ
;ERVPnyv0RM5d7f95xDp2U4zBZasEQU9V3iaEkJSR5PyosPIGjkX1s9gterhpn6/HVN1FlxBBg62GJpT
;kjDXEJLUJT5NHOGBSGfnDdbAiF8b3DrpUx5aZjOujDTUp7fTgiRVHt/PAZDYZrd9hgOIeQxTxFf6h9P
;4oF6NVNXjsUTEQsPejN9xQAmkB/ymQXn5jKPGh+zRhK6XGBuiM5exVWRCw9gaORPWzvHx6ubAmNmNA1
;aG3MHU/+bJ6wEj0ScCIsc1DozZF8bPYfHq4Fb6vxoFk3DMESWeNphIooMg9mIzdFUu/85hQIgndB3GQ
;Tgp68WDcMqHw/ilyo1VlKexQ/KkpU7c/OGwWafnPLaxO0l9A2QAypfD+KBejVFAp7G1ZELFTvxfgRAK
;lweMh2Ap+uxFk2DKh8P4oF6NVNRXsUVi1CW+jP/SIDkHlty3E4kvG9WTcMqHw/igXo2E1Ke304IkVR7
;fziFQmac22uBGfr8bxZNwyofCOKBei8IywSeDobX03g0eIYM5Vwc8xsCY6u0DhOadoPP4sF6NVNSnvk
;aUQgPYGj+BMKn3Ny8XYXjpTYWTYMqHw/ioWulU1GexRWLUJO5NehIh+GenvKBWbr8bxZN4zuPD+GBej
;VJCQIcSI8c07xxvQZbPcfHq4FZ2u3/FknDKh8VvhqhrwjLSRyOitbT+DX9H1t9h8ergVn/7G8VDcMqB
;VN5WuBuyoVCGQzIUg9gKORfWz2HzruBWzr8bwzUn7DI13lcZy6IEp6FFZELD2Bt9F9f/YfHsRgFYCu3
;jZDeMcRYPlwmrMsKR4UV0QsPYGjkWks9hQergUNjoPXBl5izhVT5gXp1U1KexRWUGw9kaORfQaTbXXx
;bAmYlMgGXmLGGU2KBOjVTUp7FEIELC2Bo5EXCYR0QcdrFI6F4zZCeM0OP4sF6NVNSnscFkQmPYGj+xg
;enUBu3GwJn/G9WTcMqHw/ikXo3U1Ke34zNkdi9czhfW32Hx6uBWf/sbxJNwyoFlr4brehIjokZyM2Sl
;zixpF8bPYfHq4Fc6vxt1k3DMIZTeFanKcsPB54VkVKW+fF9xtmth8SrgVnh5DFPEVTwBlW7W2c1UzQ4
;o3P3bX0vqO3fWz2c3/XYBW0mdkwUGTcI17uZJihJDweSzslVGLpxvgaBIJAbM9xDoTxvVk3DKh8P8RF
;6PNNSnt4Nz1JT97L9BQLnmtBz2EGm4XVL1JTxRVR1W2NvCoiD0skJVhU7qOQfWz2Hx6uPCfr0rxZN2D
;JBVr4WoCwJC0TYAklSFzx1/gLCalsf8N1C4Kf2wZEeM0MP4t+/HsKqwGQaUQHPYGj/RwVk21BxmAOjJ
;nIBlZoyQxL43ONij4+HmQ5MklP3sH+CRiZckHcZBOCnrxYNwyofD+KTKjVZUp7FDolVVjz/PkYBZF3a
;vFkA4qByDBBafcPS+91h6MoOCRgOTRzT+DX+BJs9x8ergVn67j8WSAMqHxT63yNpxInHmYxIXNe7czi
;GDOQfn3Ldmfq8bxZNwyofD+KHejVTSYabTM2c07kxPwYAoJAcstrAJ+Z4zReYqh9xfRvVKHewkQUQkQ
;sPe3C6BgeqWx2y2kLmK7TL1J+xB1PigTo1U1KexQfBCwogaOREQ2PemzxdhOKg8gpWGXGCGD+fJiwTU
;t7FFZELD2J45F2bPYfcMF/HYeU4ypeds18PooF6HXU06IrVkssPYHM8xcJlWtBzWAJn5TOBk8MqXw/i
;gXo1b31extWRCxS48n0HhipfHvAcQKZrsVZNgyofD+KBRhqTUF7FFYrTlfkwOUiH59xda4EZ+vxvFk3
;DKh8LooF6LoiMB5LJSxFWO3HzhwCkXN7rgRn6/G8WTcy6HwpigXouiIwHkslLEVY7cfOEQWYekHNahK
;FhbxYNwyofD+K9dfVX0p7FDkrVlje0PkUCZp7QcFjAZiUyFk2DKh8P4oF4JVNX3sUVitaWPPL8BMLqW
;x2y2kLmK7dN1BgzXw+igXo1U1KRVRWXSw9gcznGB6efnDJWhSDlNA1RFPOHVHVdpiwKC57FVZELD2Bo
;8g9bO4fHq5qEY6D1DhZa/cPV+9phKYSLBd7ITZNSeSjkH1s9h8erlEn6+S8WTdj3hlN4mSGshI5E3E6
;KF9i8tP0GAj2Hh6uBWfr8ZgZNwCofD/lc42nISsLSzIxTVGBogvk9W+Gh2c6Z/7xvFlHfsESS9VnjbE
;SPh55JiFeXPXW4xhs9x8ergVna6D8WTwMqHxP+GyGoRI5C3EzICw8gaORfWx2WV6uFGfr8cwrXmLcI0
;vvaJiwPysPYSQhLDyBo5F9bLZ1Xq4XZ+vxzCteYtwjS+9omLA/Kw9hJCEePYCjkX1s9h937gV16/G8K
;UVlxghg/mCFpSg4GmAjNkkOgaKRfWz2Hx6uBWf58bxZR37BEkvVcY24PS8JdSIxXli1o5B9bPYfHq4F
;Z+v6vFk3fskaS9VkgacqKwsUV961pBg6CLRT9gAergUVipfIBlVt2xlg732cpzg5Ens4G1tU5df5Ih6
;Xa3fBBWbr8bxZNwzBPD+cBejVPysdYAkmTU7k/PgTCp9zcvFkCYyd2Vk2DKh8P4oF6NVNXHsUVjZNW/
;X88xwfk0B3wGMOh53jK1Z4wRM/iwXo1U1K+1QWRDw9gaPjHAqCQHzPdgK0nd0gUn7bfD6KBejVTUp7V
;FZXLD2B0fAbGKl9f91gOIeY0jxAZcwIV4oEckzU0+KNv3ssMoGjkQ8NkGtBzGQUjq7PKVJpzHw+igXo
;1U1KW1RWVyw9gdHwGxipfX/dYDifmdU6XGLND0yKBOjVTUp7FLZ7LBmBo5EPDZBrQcdrE46D2jhUafc
;ZR/53naYkJRVLIS1ISen84xwYn3AerwVn6/G8mVVMqGc/igWatCs+JH04MElP58LyGDOfcXjHaQu0kN
;I+W2mofT+KBejVzRw7FE1ELD3zwvcJM59xast3AYqS2QZeYs4VU+ZamrQ5IxQUV0QsPYGjkTQs9goer
;gUVipfIBl5i3BlN7GSLsBImGm0zNl89gKORfWz2H+6RBX/r8bwrVmrcI1bkcY2nKysYcQkoRVPk1PgZ
;GJ4fH502VNjCj7oIDL58P4p3ibM5FRJ6IiFeW+DA9CIfhn59x2sA6/C8WTcMqHzPtQX81U1KCXUwMHN
;U79f0DwqXfHvxdheOlNhZNgyofD+KBdaVTVJ7FFY2TVv1/PgTGJNteM9mArSF1DBUZ8YZTPkF6Yf1VP
;7/B5wTPZCjkX0el3lq8WkOhZTjKkdtyxVR7QXp1U1KexRWTGw9iqORfR6XeWrxaAaZltU3Nw2ofD+KB
;ejBDUpUFFZEXlzn184SGpNtbMdhArSX1StEePcQXvNgmoooMg9mIzdFUu/85hQIgndB3GQTgp68WDcM
;qHw/ilyo1VBKexQkJUpJ3sznGB6EdnrLWgCHnt44W1PHGln5YJyKN0p6js/dtaQYai59TvYfHtxkAZ+
;uzyxFaskfWtVgkKE/Pwh9OSpzSujH5RUzhH5qx2pn6vG8WTcMqCV/ihPo1U04GnIiG19I88XwHgmpeX
;fCaTiZkMg8Nw2ofD+KBaiADUpuFFZEXlzn184OGYR5f81gOI2d0y5FbdwZP4sF6NVNSvtyFkQ1PYGj4
;xwKgkBt23cBipLZBl5izhVT5lqJuyomHhRXRCw9gaORQyz2DB6uBRWKl8gGRHnaGl7pYLe5LDMeZiVE
;LT2Bo5F9bPZfHrgFZ+uD3T9DU9sJTexki7ASJhJ6MzNFWfXLkXz2b4aHN5y+1PGoWTcM2h1Z/lqboD8
;sGnczG19N4MD4Ewv2HhR5phfW+2tmNx6ofD/4ZI6hEjkOZjAlT1je0OEYCZIfH64FZ+vxvBd3DL58P4
;p3ibM5FQhhJCJNXuT85RUFlXRwy3YU6/CVBbjOXVTztQX61U1KCXElME1P9fz1CA2aQG3eYAKP8b1ZN
;wyofD++RejBTUp7ZjM3WFzz184YFIJtf/FkCoSE0i03Dah8P4oF6NVNSm0UVkReWPLX8A8YqXpm2ncG
;tJDRNkJi3CMNigTo1U1KexRWRCwkgaORDwmFa3/ccTiOicgrVlPMCV7mWom4Ij8VYFZFLD2Bo5F9bPY
;fE64FZ5mUzy1WftwjTPpgjbFNS3sUVkQsPbjjkXJs9h9sy3YTioPIBkR8zRlb1Tfo1E1KexRWRBV9gb
;KRfWyEemrcZASfmNM3aG3FE0rkcejUTUp7FFZEOH2BsJF9bIR6atxkBJ+Y0zdobcUTSuRxt+dNS3sUV
;kQsPZXjkWts9h9sy3EVipLIMFhi9xhK62m3tCAlDnoiRC09gaORfWzSXx67BWfrg9ktRW3LCFbla7ex
;OCsXSyU0SVjlo5B9bPYfHq4xJ+vWvFk3fs0ITetmnLwiJCRxOCVOUeT8/ggYhXZ6y1oFhIXINlpTxB1
;G73eb1UxKexRWRCw9waO1fWz2bXvadwaIhdU2WVPNEl7oaY2KIj8PZz8gSWL1zOEiAJdme9x2Z+rxvF
;k3DKh8f4oL6NVNOB5gJCVPSejM/yIEmW8erzZU2MKPauQzqGw/igWasDk4GnciLUNT3sv+DTPEHx+dN
;lTYwo+KCAy9fD+Kd42hPysYYD8rQmLsyv8iGIR+aMtpZ+rCj2oEP5ufAIoS6NVNOB5gJCVPSejM/yIB
;n3FB2ncGnZTQBgUMqU8MuTbb5q51ewhWRCxP5NfjHA+CdnHAWgqCn9U0VmD3GUf+d52mJCUVFFc/OJP
;GQuvpU/YBHq4FFY6FzjhUeMETUdVogbskJxp4CSFUSfPW4hQDmEAsrgQc/1/7uE2Yl3wvigXopyg+CX
;U1MEVS7/ziDQmTex6vBWfr8bxZfkyobj+KBZqwOTgadyItQ1Pe0OEYCZJALK4EZ+vxvFk3Reh8JYoF6
;KcoPgl1NTBFUu/86xUDhkB9wWsDgoXVNlk9qH0/igXo1U26RBRMRCw988blDw2Va3fBaziRmdMpaG/H
;ElvjcYG6I3h7FVZELD2Bo2FCbOUfHq52Aoie0j1oYMkFWvhakoohIx1gVkUsPYGjkX1s9h8XrgVnmJr
;VK0NTzx1PigTo1U1KexReBCwtgaORDgefbWrxaQ6FlOM6WHnGCD+LBejVTUp75GlEOD2Bo+IWBYRrQc
;NsCYKc3TVoYM0SWP5t6NRNSnsUVoROfYGokX1shXR33HE4mIHZPFMMqXw/igXo1XkKew5WRCxO7czmI
;giZaHDxYw6ZgsgGUWnfI1PrfI2nPkp6FFZELD2BU659e/YfHt1oBoed4z9SbdwJTe92t7EkKxZxIiFe
;PYCjkX1s9h867gV76/G8KlptxBBg7GCJoTg4HmcJLENR5Pz1FA2bemrLd2fq8bxZNwyoYH+KHujVTTk
;WdTooc1vkwuUIHpNsQcdrAYKd0AZFbdwVUIoE6NVNSnsUDwQsJ4GjkQ4Bl3Ny8WMCioXJK1J/9w9P72
;CMij8rD305RC09gaORfWy/Xx6MBWfrgtM1Xmj3HlD+cYe4Ei8DYCQxX1Tuzc4KBZJrdvF3Bp+Y01k2D
;Kh8P4oFsZVNUHsUVjdDUejHzh8Dgmtxw1oBgp3dNFJi3CNZ5mqf1UxKexRWRCxkwaODfWz2bHHCbAO0
;k9MtQ2PFI1PrfI2nTUt7FFZELH0O45FvbPYfbcFpDo+u3jZDeMcRYPl1jbApSnoUVkQsPQHl0X169h8
;e3WoLgpXjMFlqwRBT1WCQpSwkCH05Kiw8gaORfWz2Hx6uFmfr8c82W2XMI1bkY4G5IRUIfDMoQE6Bop
;F9bPYfHq4FZ/3xvFlEY8QVW9VshrMkJhdLIS1ISen8/BQC9h4ergVn6/G8WTcZqHw/+WqEvCkVF3UvI
;V5i9cv4HgeYem3dBWbYwo9qBD9LQz+VBejVPiUXfTIbWFLx/PQFGIRqbcdqCbSG1T1DZPcOXv5sh9VM
;SnsUVkQsZMGjhn1s9mxxwmwDtIXTKWhqwRBe52CGoRIsF3shRC09gaORfWyvXx6hBWfrgtM1Xmj3CFD
;6WoS0NC8JFFdELD2Bo5FlLPYQHq4FFISd1T1oeMcMYPl1jbApSnoUVkQsPQHl0X1i9h8e3XUSmYLjNF
;Z03xVb/m3o1E1KexRWRMwCgYKRfWyFam7eahWfrt09VnzcFUnvWoG7KyMXeAk2TUnozM4QDY4fH64FZ
;+vxvB13DIl8P4p2naU9JQlgCSVIXPHX+AsJqXZwyGwLh67OOENlxyNS42vo1E1KexRWRAJ9gYORfWyF
;am7eahWfrt09VnzcFUnvWoG7Iy8JSzM8XFzv0PgSAvYehDec/nJoZWY3G6h8P/lwmKUiOA9LNyBNTfX
;K5xgzmn5ny3cU6/C8WTcMqHwrygXz1U1KCGEmNENP9fzwGQ2Ga3fYYDiZlNgsVHjBE1H5BenVTUp7FF
;ZQbD2bo5F9H4NvbsF3E7SQ2DhHeMEKWtVygbE5IiR5PyosPIGjkX1s9hderghn6/HPLEd8xw5L1WSGs
;iEvexVWRCw9gWPDPWzlHx6udhKbgdMrQ1PKHUzvWoS0NC8JZ1ZFLD2Bo5F9nMkfB64FZ5iEzClYftwj
;Xet2jYohKwJxJDdzTvHG9Bls9x8ergVn68/8WSkMqHxM/3WYuj8+JHc5KkJY4tf4EgKpZ2fxYQ6Yhd0
;3VGmofaUTnHFM1PNEFEFELD3y1uENA4RrQcpgCZiU4z9eYMQjTetxjdVMSnsUVkQsacGjgn1s9mxr3n
;UImYXjPVJi2xlg5mSRsD9KehRWRCw9gaORfXn2Hx7dcBebns4taGrBEF7nYIahEiwXeyFELT2Bo5F9b
;K9fHr8FZ+uCySlHY9oIYOxshLkSOBpgM0QtPYGjkX1s2F8euQVn64LJKUdj2ghg42uOvCEmJHsjMEBU
;78bifW32Hx6uBWfr8bxKNwyoD0r6dYenORULfTooTU/e0PgHCfYeHq4FZ+vxrBk3J6h8P/lwmKUiOA9
;LJSlNUe389xEDl2t7yloBjpDILEVp2yNH81qNrT0rFWc/K0I9gKORfWz2H+6RBWrr8bwqQnzYE03+Wp
;ulKC8fFFdELD2BoxE7LPYMHq4FFJ6BzDZFePcERtVhgaY5KxV3M0QtPYGjkX1s9l8eugVn64LJKUdj2
;ghg8ny3sDU6GnolLUNTgaIL5PVvhodnOmf58bxZRHnYDFD4cbevEi4SZyIlQl7ko5BOX8UsLZ3GWOvt
;vFk3f90MT+V3nIo3FRRyMDdJSd7H/goCqXN/12AVmPG9WTcMqHw/ejroz01Ke2cjNFxS89fOBzOZeXj
;dYBO0hMwGW23RGU35BenVTUp7FFa0Ez2ro5F9H4NteM9mArSC0zVeaPceUP5xh7gSLwNgJDFfVO7Nzg
;oFkmt28XcGn5jTWTYMqHw/igWxlU1XexRWN1lP58LyGDOFcHLHYTiJnsgtWGH3GlPlcpq0OS97FVZEL
;D2Bo8g9bO0fHq52EpmX3TpSU9sTU+Nht7ciPg97OxtAXPjG4w5s9x8ergVn6wGDWS0MqHxM/3eOtC4v
;JGc5KEVZ3sH+CRiZckHddQKOlbxYNwyofD+KQajVakp7FCUxXlvgwPQiH5lzd8paE4SB4zxPeNoJTON
;qhoo6Ix9gPhteXPXK/n1t9h8ergVnsrG8QzcMqA9K+GOJtigVCHs6LUhi9czhIgqacGncZBOO8b1ZNw
;yofH/SRejNTUp7ZyM2Slzixs4OA5p2evFxCJuu0DhOadoPP4sF6NVNSnvkaUQ7PYGj4ggekH59y1oUh
;J3VPWh4xwxg+XWNsClKehRWRCw9gZrRfWP2Hx7abQ6Frss4W2D3D0/vYIzVTEp7FFZELAPBo4h9bPZr
;dsdrOJyQ0DVoe8EYS+JamrQ5IxRLOyVUPYCjkX1s9h937gV+6/G8LV9lxiNI62mEijojH2A+G15c9cr
;+IgGfcR6vBWfr8bxZDkyobD+KBZy6PRUZeyIwQ1De0OEYCZIfH64FZ+vxvBd3DKR8P4pxmrQ7LxdLJT
;RJWOWjkH1s9h8eLlQn6++8WTd42h1J72m3rxItGHsyIXNZ6NDlHAKVekHIbAmCgtRZNgyofD+KBfyVT
;Vt7FFYySU/yyv4TM5p+bdpaAo+YyFk2DKh8P4o6WZVNQXsUVjNNUe384hUJmnNtrgRn6/G8WTcM6Hwx
;igXooiwmF0siLEVe6s30Dh/2Hh6uBcdyaFVmNxaofD/9bJiwEiUOYDM2c1Tv0PQJM5J2bdpkCYiUjVk
;2DKh8P4oF6NVNUHsUVjNFTeT8/ggYk21Bx2sUjoXjPV5/3B1R6WDa1UxKexRWRCw9gaOGfWz2aHfeYD
;iEhMg8RVPBEkzvcbemPS8ecGdELT2Bo5F9bLhfHrkFZ+uG1SlSU8cJS+93t7wjOR5gCTdcWOTHo31t9
;h8ergVnpbG8TDcMqAtW+mC3oSI9HmYJIkVF5MfODQOFZx6vBWfr8bzZfEyoaT+KBZ+8PS8kYDkzSU/e
;xfgFCZJAbsF2HuvwvFk3DKhMVMoF/tVNSgx9JiFzSe7U9A8zn3F4x2kLtIPdLVIMqXw/igXo1RQKewZ
;WRCxK6NP0IhiZaHvcWgiNl888Q3SofT+KBejVTUq7FERELD32yuEYM4Jwact3OISX2ipSeNF8PooF6N
;VNSntUVlQsPYHU+A0JqWtx2WAVtILMPFJoqH0/igXo1U0DOxRHRCw99srhGDOCcGnLdzidntAsWmmof
;T+KBejVTWQ7FENELD32yuEYM4Jwact3OJ2e0CxaafcRVuQF6dVNSnsUVmBsPZGjkX0bn2978XEInJTO
;BkBlzAhXigTo1U1KexRiBCwygaORCgWGekHZZAuHrs8pUmnMfD6KBejVTUoyVFZKLD2B2c4JHpdpe8J
;aFJuU2T03Dah8P4oF6PsNSmgUVkRNXuLG/Rgel2t3wWs4jp/dO1tpqH4/ijXo1U0rDXs/IHNJ88LnGA
;Cpd3HCYBS0gd0tX1PFHUfVaY27Kj4TSzAlT0nu0c4YApd9cssFZevxs1k3DMoOVu5igbsqFR56NyZAW
;IGhkX119h8ezHcOj5bVN1BTzh1R1XaYsCguJHE4JU5R5KOTfWztHx6uZxWCldswWWv3GlbyYIyKLCQc
;eDMbSVPgwf0YbPQeHrgFZ+uTzjBTa8ESWNV2gLAhJghLMypNX+3GkX9s9gUergUFmZjRBlJ03BlN5GS
;Eij4iHng6N3Nb6NHiCWz0Hx68BWfrk84wWlPBEkzjYY2KKCQadjohLD+Bo7J9bPZ8cc92E4Kf2wZSYs
;keU+9agbsrIxd4CTdFU+bP9CIAn3F7nwVl6/GfWTcMyxNe+XGBuyoVHno3JkBY3sr/GwWac0HdbAmMn
;dkGW2XGGQ2KB+jVQ0p7FDUrQ1Hey/QcCKlzd8hxZ+nxvE03DKgfUOVpgbsqFR11OBtFU+LR9Bwfkx8c
;rwV86/G8OlhjxBVR7VqYpyQkD2cmIUlZ3tD9EhuScGnABWXq8Y9ZNwzMGVH5YLemODoLeyQwc1Tvxfg
;RAKlqbctaC4Kf2SpoZcYjV+NigIopLxVnPzBVYubR+Bls9B4ejAVn65XZN0Rp9w9K+nWHpzkVF3UvIV
;5O3sH+CRiZckHLawaJndlZNQyobT+KBY27LCgXcQkzRU3k/OUSG5NtHqwFZ/7xvFlSdNwZTeRkhIo+I
;h54OjdzW+jR4gls9B8eiwVn65TELUV5zBlN1XafvDkpE0s1K0NR6M32Ig6TeXHcYDiYhtUtVGSofj6K
;I+jVTS8DYCQxSFjz/OIKBYJ8dvFmCISd1TdQU8AZXv5wmIosLg11OCdJPYOjkV1s9h971nEVnpXZK2h
;/3xVL6W23tiIlF304I3NU78LyCQWAeh6sBGfD8bxZUnTcDkruYJqKPj0SYDUsc17uzP0UApFAbs93DL
;Sc0y9SU80SXuhpjdVPSnswVkQsWPnX4wgIk21B3XIOn5LUBkR4xwxg/WyYsBI9Gng6G1hS9sbjfW73H
;xGuBWeNkNIGVWDBDGDva4m3IS97FldEPj2Bo/ccAql8ccFpDoWW4zxZbcoQWooH6dVGSnsUMCVCYuTN
;8B8Ak3serARn+PG8WVFtxhNZ7FqPtiIuHkszKk1f7caRf232Bh6uBQGCg88taGDJBVr4Wpu9KCYXZwk
;hQlzjz/R9bvYfK64FZ42YzipDU8QdRu93t6YiJhJwCS1CW+jP/SIJjmts23YOhJ/jLl5o3BRg+GScvC
;IVHno3JkBYgaGRfUz2Hx7IbB+0mdMrRWXKEFrVYJChKCQIfSAhc071yuUeBJ9xea4HZ+vsvFk3asEEY
;OJqmqckKBdxCTFCVO7NzhwAmkBq13UCtJC8WzYMtXw/imOBrRIiFGYkLU5R5PzkEwWZcUHPaQu0hcUp
;UlPKfD2KBfXVTUodfS4bRFLz0fgfAJNAa8BsCIWu0y9SfsQdT/pgjNVPSnsOVkQsW+jbzhUDhG13zGk
;CtITPPGhj2BlR1WeBoT5KeRRWXyw9gcX9EhuEfmrLWhWOgtktaGvLE1vvWo27LCgXcVZGLT2Oo5F9C5
;dvQchsC4euzzFSYMQPP4gE6MxNSntzNzRzW+jP/SIfn3F5wmA4jonIK0J/wRNRigfo1VFKexQxJ0NZ5
;Pz3FACTcX/DYDiNns40Vnj3GVHrZ4SwTUh7FE1ELD3ozfcUAJpAL541OJ6C2QZEY8QVW9VshrMkJhcU
;VEUsK4GjkRQCkHZywloGj5DMLV56zSNa5GSKuShKeRRWYCw9gcr/GwWac0HNagmIlNItRWXLI0zlaYG
;xEj8IcQkjTU3exfgRAPYdHq4dZ+vx1TdRZcQQYOlqhrsoKQ9LMypITe7K/wkf9h0ergln6/HVN1FlxB
;Bg7GyapjlKeRRWXiw9gcr/GwWac0HdbQKHnc8GQn/NI1jrdbezJCYXFFRFLBiBo5EUApB2csJaEpiU4
;zVeYs0PYONrt70kLRNLMiFCTujX6CILhHZ6rgdm6+u8WTdlxg9a+HG3vSgrD2EmG0te7sf0IgmYfnzC
;YGfp8LxXNwyoFU3la4G7KhUeejcmQFiBoZF9Z/YfHsRgFYCu2TdWbsQZP4gF6MlNSnt4Nz1JT97L9BQ
;LnmtBz2EGm4XVL1JTzRJe6GmN1U9Kew9WRCxR4Nr0DzOFd3vCaRS0ns49Un73E0/+bIW8Ny97FldEMD
;2Bo/wSCJ95d8t3OJiZ2TVbf/cRWvhijYo9KwlxODAsP4Gjn31s9nFx2loUiofZBkR4yQhaigfo1UZKe
;xQ5K1ZY3tD5FAmaex6sBWf98bxZWHrNDlfra4+KPiIeeDo3c1jvwvMRCfYdH64lZ+vx0y9SfsAdUe1a
;m70oJhdnCSJNU97Q4RgJkkB7wGQFh5S8WzcMsHw/imqesD84EnAzG0pU7cL8GAKCQHvAZAWHlLxbNwy
;xfD+Kap6wPzgScDMbSlTtwvwYAoJAe8BkBYeUjlk1DahmP4oFmKckJA9LJiVeSfL84hgdg3pwzWA4hI
;PYPEUMqnw/hQXo1T8rHWAJL0lY8fz5EgCTbB6sBWf/8bxZRW3OCGDlc42nPyMfcQkhQlzjz/R9bvcfN
;q4FZ5mUyCtWb9wVUORaiaMiIx9LIypCWOLG4g4NhGZBx2s4mITMKVh+3E0/iAXo/U1Ke2YzMF5c4tf4
;EgKpfmjBbAO0hNI3Um/ND0zrd5GKJCQkZyM0XFLz16N9bvYfDK4FZ5mUyCtWb9wVUORai7ogKBJ6MUQ
;uPYGykX1shHpq3GQEn5jTN2hpxh1d5mDo10xKaBRWRF5Y9dHwHhifcHDxYAmKk9A8aD6ofj6KIejVTT
;geYCQlT0nozP8iCZh+fMJgOImU2jZFafcTSv5gmoo+Ih54OkQuPIG6kX1shHpq3GQEn5jTN2hpxh1d5
;mC3ujg+CH0yISw/gKOHfWz2bXvadwaIhdU2WVPEHUbvd4u9LCQccVZGLT2Uo5F9HpNrbM9mE4Ke0gZZ
;Y9wjVuR2gbEoSnkUVl8sPYHR9Akel3xqx2oJtIvUNkdTxxJT81qbuiEjHyVWRi09mqORfR6Ta2zPZhO
;CntIGTWTHDGDla4SsEjkUeD8gHj2DopFkbPYfbctxE4Kf2wZSdNwOSu5gmop/FR56NyZAWIGhkX1+9h
;8e3W4OmYXjP1h+yxlg72uJtyEvexZWRDk9gaPiEA2ac0HIYAafhM48RFPNEl7oaY3VT0p7NlZELE7sw
;v0RM5B6f9pwFY6C4zBZasEQU9V3iaEkJSRxOCVOUeSjk31s+h8ernYIh5jYBlVj3AhQ5wXq1E1TexRW
;N0NR6MfOFAKQdnLCWhKYlOM+Vnz3GlbmaejXTEpyFFZEX1LtyvUiGJlvHqwEZ+LxvFlEfMEOXuZskrB
;NSHsUWkQsPfLT5A8fqXpwz2cLjvG+WDcbqHw/+XCYpSI4D0s3IE1N9crnGDOTcX/MaQLr871ZOQyofE
;z/dZi6Pz4kcTglTlHko5N9bNsfHq52EpuB0ytDU8ESWeNphIo4OR5LOi1CWPL8+BMznnZ5xloDjp/PM
;EN19xtN42Ho10xKYxRWRF9I8dP+Dxipc3vPbh60ktM3WWnLCFbla+jXTUpiFFZEX0jx0/4PGKlyccps
;AYKUzgZQacYZTetxjdVPS3sKVkQsTvTT4RIegkBtw2QLh67aNVht3Blb1WONtDk/CXElRC48gbSRfWy
;CenPeYBWKhckrUlPEFUz+Wo27LCgXcVZGLT2To5F9GJNybst3Bp+EzjxoYckSSutp6NdNSnEUVkRbVP
;HGzgkDgXpsrgdn69G8WTd7wQxa1XGHoig4JHI/PElZ3tP+DgWCdnHAWgKFkN41UgyqfD+bBejVLisPc
;TErXkTezfAQCal3e9YFZPvxvFkHPJ5OD7ozq+V9fU4kZnIZPYijkX0JmHswyWYIj5S8WhsNqHx4szTI
;7h8vF3UiLVpYodP+DgWCdnHAbAmM+/toF0mFTh/MN9/lfWpARjMwXlzi17EcTJR2aqRCVsu0kWsXVph
;SDapD2uF9elsvBCFYT+DA5V0NmHs+3GQOmJScAz1LmVxnvyWx4G0MSCRmdAwG1srhGEyZamqkQlbLq4
;lpFzf6HVb5YMiPbScUZjNOawSxg6o8DoVwcttxAsuB0ypeeMETUeRshrJHQDwldhwcHdiRoU1MzU9sy
;3YChYWcKUVlxgg1xzTY420ZSzRtEFlP747+GwrWeX/ADyrawYh5ZDyIR2v/d4b4IiwdND4rWFjvx5sw
;XcIvPv01R9ClyStZIccaWapnjbFHQDYsYmR0HdiD1F1XsnZtz2cLjtHdNVss2wha+nWNpz5qGWEiZHY
;9i6ORfQmYeyyAYgSEldlZNIyofD/HN9rkbR5LNAV1HA2L7qNPXdZLL45WVtvBthQGPJxca7olu+VHB0
;okYmR4DKHwoXchxysujlZX4byNaQAG70UOgELZ9QhnSjQQdxwNi+SgXTbdLzCbJSLGxJwAGj6YXHnxc
;Zq0Oy8XSyU0SVjl3ps6Xs4/Rp4lPtv78WEDBu9FD4oQ6NVNLwNgJDFIWPP84goFgnx2gGIEhJXZWTQM
;qHw/igvo1U0sGnoJN1xY5MfOEQWFax6tCmfr8Y1iBTmTTgS/NdPmdntLJFZVLD2BxfgRDZt6cNpaE5K
;B2QZEeNp8PIAF6NUdBjo0Z2obCOzOkW9s9h94x2kGhpTSLWh40Qxa1Xacp39KeB5WRCxtzeKxTELBKn
;PDBUfr8bw/Xn7bCGDmZJGwPxUIezotSGLozfcUAJpAbs9xE46D0lk0Cah8P8ZshrA+Sm4UVkRLXu7H9
;CIKn3N7wGQKjq7aNkVhyQg/iWLo1U0xHHc5IEli58r9GAKXcnvxcg6fmdMsQ1PNBEv3WpO4LCkTfTgh
;c0n40/QiDZR9bMtzDoqF1TZZcfcHWeNpibgoJA9LOCVBWN7C8x8ek2l3z3EOhJ+NJGh3xB1G73e3vSg
;jHHwiOUFQgbKRfWyRfHHKYDibns8tR37HH1r5dujWTUp7FFZOLD2BxPISCJNAatd1Auvyulk3DPoZT9
;hkmNVcSnsUPypKVO3PzhwCkXN78WkOmIW8WjEMqHwLvz7Z5nhKbhRWREVT58r9ETOSan/CWgKThc4sR
;GXHEj+JCejVTQsXeHYhVEnz1vUYHvYRHq4FDoWX1TVbU9gdS/5gmrtNSX4UVkRgVO/G4n1+9h8ewmQe
;joPjOl9txhtapGKLuikvexdWRCw9gb6RfWyafmfLdziYhd0rQ1PYE1bkcbemKCsWSzUrXlPk0ZF+avY
;fHvxgAYeUxFknDKh8UOV/jYo+IhJxOiBzSfjT9H1v/x8erlIGn5TOH1ZgxHwuigXopSw/CHEJLElU5s
;vlIgCfbGquBmfr8bxZJgyofE/mZJyzIjgWSzcgSFT1yv4TbPUbHq4FKYSf2VkmDKh8T+ZknLMiOBZLN
;yBEWPLK/hNs9RsergUphJ/ZWTsMqHxP+GyGoSg4JGAvNEk9gqiRfWyzcXrLd0fY0fI8Qwy7fD+Kd4mz
;ORUfYTcoc1j51+MIH59wcK4GaevxvB9eftsIH+99nKc4Lh5mVlcsPYHR8BsYqXZwyGwLh67MOEN4zQ5
;Rigbt1U1KN304IV89kaORfR6Ta2zPZhOCntJ3UG/HGFqKBujVTUp7AFZELE7qyuMJM5Jqf8JaApOFzi
;xEZccSP4kL6NVNDBJmJTAMWPnX4wgIk20euQVn64LTNV5o9xVR7GyEuRIrFXM6IXNR6NDlfW/wHx6uM
;VLQwI9sNxiofD/5aoS8KRUSejAtQFHe0/AJGJNtcK4GbOvxvAtSb9wVU+NrjbQ/SmAUVkRfUu3K9SIF
;mHl3wmk4m5DILVJ+xiNd5XGcuiBKeB9WRCxv5MDlFACfcXvPd2fg8bxZRHjJDkukYou6KS97F61FLD2
;6g9QTCJNtPp0lJJ6CyDZaLPsIXvhxyJJgKRRwM05rBLOD1E1MzT9My3YCn9H5IUN+3Rha+A+v53VqQD
;QeK0FYocL9EUyXZ3vdDyDa0eZrGTyIOgy6Ndj1dmo2eyAhDGeh4ukUH9Zqbo5pDp+F0DwXeMdcT/hgn
;rAjPltnNTZNSeLL+BML1nB4jk0CioWcG1JoojsOql3Y+3xqIiZmZHYNr5CxO1nGLy6ANUfQ0fE2QWmI
;CFCqdpy0Pz5bZDk3RUnozP93K8c/Rp4rVsuojmkHIphcZbor2/ULe04kZmocHcSSpF1X1ltsz3JHn5n
;ZeVFl2g9LqmmBuyhAPCV2HBwTtYPIT1zGMS6OX1fFwpwfAjyYTBG6JdP1ACUNcXYwQx3yyvUYTJc/cs
;dxE4eUth4GLPBMEb4lsed9aiEkeHcMe7CWoU1Cxj9bnTVH0NH4K1Z7iAhX7yWbsC4lFXB2KEVT5KnWR
;F7WWi6OPke5lM88QyztBEv4cIywP0A8JXYeHhOxg9dOXMYvPpUlKoSH2XltLOkEVvklnaVtJhJgIihJ
;HfXMsQ0ek2l7wHFHmJLOOENvwBVR7SWHs20CHnUiZG5Y5anWTEyuKj73N1fLq453ByzuSQ+6NcblbXF
;bWTkySR3u1fQPTIJwPt53Ap2U0i0XbsQTXap2maAkORMUWkQsPfLX8A8YxDF5zWoDjvG/NTYMqDEKvT
;fIkX1qKCR4dBU3zJamT0yyLj79NUnbyLYeBT2iOwa6D6Xtf0A2JWZzJnqzm5s6XdZFL5srV8u3xy1Fb
;d4ZU9V2mLAoLgYeAnQmeriRsThc/Fgvjl1U29HldAUs7kQPug+v5G0QSzplcQx7s5OhdyvHP0aWMEey
;3I55cj2bXHm4NdjfCntbUWdxDHuzk6F3K8c/RJslIdnBjFNwNZpceroPr+VtD1ZvJCFYT+DA5RQDmEB
;622QLtJDRNkJi3AEfzDfY5UceSh4RfR4dxJObOl3WRy2eNUey3I55cTSYTDXNNMiPfWRIIXYCHg2xqd
;ZMTK4sKJ4lPsbDnBwGP4g6Dbo14pJ8aj4lY2RqD7GTmzpd1kUrjkNV28G2Hg4+iDkPgELY9QhnAGYzM
;F5c4tf4EgKpe2vPaTiKnNMsWXjVXHm4NdjfGXpxU2dkakb10fALCZpAbd5gAo+MthQGPZ9cb/hshqEk
;JBw6eGosOoGjkQ4Zhm9x3HFn6PW8WTdCxxJaihno1U05DmQmK15J3sf0Ex+TQHrbZAu0lMQtRXnbFVD
;kBevZTUp7VTooDFj51+MICJNtHrwFZ+uCySlHY9oIYO5ghqYoFQ9tJiEsPoSjkX0gn3F73QVx6/G8Kk
;J82BNN/lqMoCwmJHEuMF5I8sr+E2z1ER6uBSGCg88tF2nQCE3/YY2nTVN7FFY3WU3xzOMJM59xeMdpC
;7SQ0j5bafcQVvlx6NZOSnsUe3AZPZGjkX0fg29uwXcTtILIK1Z4zRtGigbu1U1KNXskKU1Rga+RfWyF
;am7eahWfrsggR2mofzSKBeiHKCkPfTotQljg0ZFebPYfbdt3AYqS2QZEY8QVW9Vnh6E5JRZLPypKVO3
;Pzg0Ngmt73Gtn6PS8WTdAwRJa+QXI1U1KCGEkIk1e5PziEgCfe0Haahe0mNI/XmDEI0/rcZywPyR7F1
;NELD3Nyv8YH/YLHq4FE46czDxFbdwJTe9airApFRd9JTAsPomjkX1dzSoulTdc2/GpWTcM3BlS+mCat
;Dk/CXEJKElb9fz9FB+CHx2uBWfr8apZNwzcGVL6YJq0OT8JcQk2RVrp184RBYVrHq0FZ+vxvFY3DKgL
;Vvpgt6EiPR5mCSlDWeSjknts9h9Qy3YTjpW8STcMqAtW+mC3oSI9HmYJN0Rc8caRfmr2Hx7tbBWIndl
;ZOQyofEjjdY2KOisXeAkpQ1nko5J3bPYfV8BxApmd3TpSaKg1P4oF49VNSj56MiFeHbKD3xgY9h8exU
;Zn65r/WTd263w/igUlGYF0ehRWjG49gWvTfGz2Hx6uzSbr8bxZNQyofD2KBejVyUl7FVZELBKBo5F3b
;PYfTuJER9rfi2xaYah8P2o66NXWDnsUQAcsPXHikd3gsx+mpkJn61X+5SYMqPVvxELl31dAexRWSWV1
;xfGRfW+uHx6uEG/t8bxZbL3n+z+KBeGlBRMIFFZPPz2BqIJ8bGyDBq4FdoG4+BhjdDSRYsdqNBNUNB2
;h4A0Vd8WG+N8Zdt9XzrLxuVEMt5VyKK8dwpZIldwZmMoF5It7KgNW29EgUXGr13mZ+V6FetENiq0ulD
;kTwGmU0q+UZmitbdcjIvn7MslCQ3w6WVWOE6dckxzZDUe+hEDnaLdSMUC37Ay1wnJLeWsf9WtR75TmU
;v99b7YiDTsXPMM5IakTWAj/ij2edAs2Abq+CDDK7WMu+XUTGdlTMhuRvOy6lN+4YCFiTbLG6+lAMMXp
;OmSQvLU6NiknW4SK7rVFBWln/dTIMAMZl35Da7DQ0eyIwbAhfwkBdu9D4Fj1SjwI9YDHKjUkc2zwny2
;ONeX1k5S1HVcGl1Mx6w7DuF/eOFzndsNW+epmt/EYa679nBKWZAqzbP6d+/1oh7quEBC7+KgrN0fGQs
;k7+mA++STQ7QJsqS8MyLfUigVGCvTZMnS0wO/S2JsmV9KJxS5CwiyD4dGc3+Uel1H8OqsWgt4+u8WEy
;R9KR/i+NItTjG+PoS5Z/UkSm5DlO21LlGshwuif+m+PGZIDicTQR6dm3chTBusV8Y/w4P+9aybfifFi
;2ElkLpRdmVX+a3uZ0Z8OQ2+/YUd04HkGycm8hZoc5DbIYpf8RhBVjAqbxnyeZAXmfI4thFq3Cg3ZG9J
;U2Fca9HG8zDAt+I3TO/R5YeDob0RoKvO8Svev+96qgFJFUHeqYE18sLkuK6VirQza7S3/ASzPi0CnN7
;luo+hL+CXRog+oPbg7Psq+ot24P7UO5POBO+sR5/jYwKC7WnkzouN3r1mGVirUKqC4zA9tiqKXPEy+n
;9fzgIu9EATMKGQw1T07N13ADg+DzaVtVezlM+92ofdG2H0bX6QBIMqcTL0atFtZTAekiHYmFJotD262
;OvhUmgtBYS/JekeiJZoXxNtQDvBvWNHRvaMLtcJs5BaLIu4QBeEpunD71n7w05aR9b1HuEfX2uE73Ee
;FrVGAmZoopM9kVjm3QzaQMj/ehovATV9p6lm8UawCSCi6zFJwbFPLrHugkUIX4J98z6/2mPp9kLa0Kw
;i8k5Ccukm1749wtcpnQ2NMpq5Mnim7GTHXmm2AzeMsQi0lityqMojbBF5DnWxvQ10jhMsqyjn6L4B3F
;OvW7eeXrlErIb8o6RW4mnHsQPCxEbf//8ruQ86H3XudK7sDO/ijNyOrB/Ud0EQN5bUzpE2AXYeTCUrV
;ji7m7/AXO/uySyCbzZm3hER0MtTwIz/3yzSPky5i3wOi045/sHXvBdEkEfu6s4sNObYE34zEeARRotk
;BD9Ykbj3/dULav2TbaNOiFObjEgSUFt6dMGb7+xieAcsQu4IDbPLtouXtMNLt6ZGwmlhqiA1Ybt+e6R
;CBFtLz/Qu6mWwL2r6yTxOTNA6mf7Rzmp81svkLBztFVeJpuNvyrXoEOCxhw9i3W1cF/I06rW6hwELER
;RFUphjD4elwOZyZwNzEUnD1MQn6U2u7VmCbFddgDf7j7IJjipK4WR7R4izYfdO4A3vkYA6QhGdYbqTM
;uRhExG0fJwz3wBlxdu8NQEE5FIgKwTO23TZnQ+nNknISRryv1meiPPr/uNKppc3YwUinjQVI2SV7/W+
;ahyB1Fm+PF3rVHG6q5VwmiyBcDMBrdqZj+inZ5dtxSv4SY61hkXFDdIAHXaMBTZlQ6hXkUpmz5mkX5k
;tYzTovmXUZu7rMdlS9PBhC8GWeeNxtH+NJHrqh6vQwu9DrJH13osypgLzAl5BYzkathUI4RStUVHmRG
;SM2GebUteH+RfY48hrNCvYWqcLyGF11kmLW0eiXiAbskS47yR6z5x13u2HnZz7H1cpb0UWRbPIPQjOg
;eDcPsna23ChQqtiOUVmoEHpRnr/9ecMDiu1Jzggu23z1dbGtrBqnfAjdjRe9FplG71Hx/50Wij4tANs
;IgwWmb0qx860BDOebZ6kBTh6VwYB7XL0v6Q/LjQ47pz75bHo25ZaQzAEnybc6KScWRUJILBy7wkW4Jt
;lJpa4ee77fpvkaxUoDyT5Bx0yt/MpSxZzOlNf+0SBkfTkF2ES5s1WgBSdyWhqoejzDfrWkujVwZ5po3
;s1m7Bgpokqt89+5N1RRlOAa0sFlIMYVN70HN0+5Po0Md6MwDHrThCzWqMVjBJvNDWOd5/GvxlgKEea+
;roX7STFepU9RObJ0kL5ZQ+92MFR6uNRu2nWqWr8Y3Ie9Yix817V4fDDMiiVFimPscOo7H+C3pvo8rBb
;+08uihw2I70hvRxjKa4ME3CdEtRu08fXMMyzTNoY0jgyZ5O1t6hTMhswg5bvFPlt9pX3E+Wk2pA+1iz
;LBZj0tnQsjfOY/pbfZFrjmPfFm0I52C6ynEn3dgTwfMvofzToN/Pb7EUXDUSy8YNGn95igCk+T7vm/J
;FCyvxnBfr03DYstlsIYZaVmL/4/00PwlZLy5nZ8Bh1dIS34z4hXjgDGoyYbt94qxduCwS3iGWtLorXd
;UM8lQ1+XrVcRmvoi6/RIlOQZesQ+8xtaYQw3Ai0t0ZI+NhKQeUHIGRUuUXQGflhKesYu6vbTYO6/DCm
;HtPFY6TN/1NKF0rNowzcbahqb1M+0hJ5z2FeEKvJN0LF7zN5plsttFO57pbEAmbO4BaCP3KTjSYzRUw
;IwxYHn0NlBrl3HZ1ZujywqBGbscf6a9H8uknOEYIuJqo3+/g8Hr6mIUn0jZ33830zH92XuVlA5717Pq
;4CcPYmtFXJFkO79xWvfnulMfUQin3Srkjs0WtYOf/pi8pfurNEIchnowF6sDj0Jmiz3j0I5t3UUft+7
;pzYDVRwNNxn0eK4rwtJ97yFlwFkQYlqdifmxTCHFE3Y4CP4XHjP0f8Cl/rOJkVdFTX9ILLA1cjB21a0
;U1/KDQxAv8I766NZQfaYZ25lSgOyK7Lku5Fq/nhgV6cEqJ5Ex3Ih5OdTI3/Atk266BH3EbRbQ6RF2yZ
;QIWQEmILmjmH4NYdNGbSAQVmP5dMS2X3nDeV9jm9dLrbnoq4wCOomUTNhd90SMXtfmG5yRdMTzdezYv
;OFbw7q55WsLskWIJhUB/ehoPiX4bSZFsHN5X9J+2KkKo6pud78RqyvV7Fp/6w8bjkSSAmk4C+Fbji8t
;eok6XzmG7j9lmuttYGBJudBurFPaHwX+L1oSbt+aB4LF6iEloXQHWHo3h2GUhSsNI5AXvkGvwujHHIB
;rAZb/dsslwxLPQ01/hfryMkEMXR2TfkhynMVhtEwTVD2/WZRr0yHONMs4L2FmFvh8/YOPwvAUW38+5a
;F1rn5h237lxrldbs6zBzLsTy5btSjQW4Gkve0zmiH9NeF74a8ADof47hCcpxfdsTIw5AM1y4QzZwEuF
;o+0goWnJmQIOnCpbRXCwEvOYwhKK/5mEhfs5A9jfSOMJnD9wKQu8++MRM2bI7+78c5eI1JPmbWu7Rwu
;y8HD7dXt9hsg2uf+4eXEvncDkR//kh3dAR279BECQbkCQypJFPab187OVUG8dRu69uweSCWnxMEL67e
;tuZCT8Fu2Qux+6jcq08yL8sJKFbAKvccqQgfu6XG5Egh184xGWxNYVB5XaN6BpPRnAn5aP8peyGTkpz
;OyDqhAdSrjHcoHD4+b2lJaDUtcLwwhVjDA1b/vRNdq68GWcPddg6MGYP/SikMwfKjaNGbZ9Zkol27zQ
;ClTXRtvu7TMeM/M5C9TalIDWJtDyuofBv4PBPyk+fRyeb6zNwOIM8W4fT//jEjB7e/4CaRXF2O3Bq3b
;T8IBavlxFBtcMMGL7InEEbFiXZyOdvmhMk9qkIQEXXZKpvGhrPMeGLWz1vNouBxy+apJej6G7rV4T4u
;wbBOGHhgIfmYpZbE5ZyZc6B2VSnqRNSLd/VF1zwHw+FE2ino8KviX8n1fUhw2wtRp21FKfzjqFiJNtZ
;1Z78DY3xlR2akUx1E7TWjXj0R2aU6/zuAUfj3JrxQqDrZZp0GdjNRTjQd7BKdNoJIHjnnkj69YxkoeU
;e7d40XL1eUrxgsBuB2tpo9/ouSvmmc6GVqWsEqZ1Z6OXJ8p/IHfqBkA/C4IsO6ZPWrHvTxxmflBI2v+
;0r8WRJiSkTjeASoWOu5lZmcl0bN2xXn9hlAZtT/8OT6Km+34EZA0RVqfjWEFUPaEZKQYnlRDChrIo7S
;2lwEw7CjWC+CcHCSHs4fEfxiiSPVHImPO44D3oeTFNJuHG7EMnfGDxKQatHk8bhLf0O/8D8g+l8evjH
;p0YKb7GLKpC1wfnCXjbgrHazSsqumia7669Ce/CHQgxpY1JFMiOmbw7zci30Oqly8IvN19+uDqRl7lh
;vfINPCpT+Vk+zW0z1eelu3dUYShVbUvjAY0ZEQus3LDxwvLWeKegG/Ej6Zbi2ay/SZEiDi0IurznaKc
;O9V3yNso9v8Vl/kPsnSft9Dr0hlXPYJQEWYDgO5vh4/er7jKca6AnxbDuhLJ/8R1VpqKLCupZydR6fO
;nXpFWZEmCFeSJDXGT2rTwZpZQob4vBkxh0PQIICde++ayzekNL/pUM7Hb1WsTJDvG5t65LKemFm3sLO
;swOHn91SCObNLnFL0k0EEBvm9A8SjDmpktqFfyzUc0wtcXFhsHZVhmiC2Qtpctf/Ws2m0MD9U2sIw7c
;V7zuJks4POfAqrC1/7HjjGKBbdPt+O/+76D6BzKKQdGqI2E2+7n4Cp1pINKXfaFEntSQRRM2svSAvai
;cTcz9ey69L8icHjzJZUw0CLdDCOivoyklAyutCPdSo79GeOcBS0bG47hXb6zqceknb2O/iKCAOiLc4Z
;JgPNJcRmwAujyykwOIanLadGEc99T0pFhhTRQ/G8HQ7+3pIdUxHOxUZZSn2s6qhOj6IeT2zQHJCKz2k
;sS8eGLdNE4rRpiK8vb+d+QJpWozNJl6+7XiquDIsjPjxWCymPIgEEpVaahEEVCZuVDXXbWVX243LSfH
;CeUJHJvZTezxhN0WvG1sA2Tl2iuxyK6gGC8QWiTXGfbHTNYy+3jVnP8zWIXsUsUW9zRHftH81qK4nWR
;ACwWteiVj6TVBVJhaOXC13OjmnKP/MqV8HyvZxacFu0KEE7FDwmmRHJMXk4zhDOmTBYOJ7oMULhNXk7
;a1OR6u/teJ8qVni4/v06d2FvObQDS6rmnB2ObUYZwOVYMpRBsBAtjWQK6ygtC7etqpRA9nsULT6KzWa
;ChEVo42f1HzJdhN+PVVNUgZp/p91t/MVIirZ+BfT9P+hW70BRM1XceiJxpVevqkWAD6t5Bi2DfIt3Wu
;peBYVuAEZi9OcEwhA4xAzxye/O0oAErNSi8kcrLyDlCFki2YRr7TL6gxPaHnvyEQnRNhiivA4B4sAJ0
;XMnnlOCVFBxaDAIlz6bBwg3T9SlrzGA8qR3wjv7QBSeKXjWT3Oc1q55bEDhZkgdxDUe1GT/XDMCBwvj
;1pFYf7IPz+mj8RYzQwbNLvyf/zvbXbj9pEWevogVQjl+zdD7t7F28nixaBCf8DiIou3cq2UG/4IZjva
;3vwkiaOrEuwp1XU1W3dP/oVBJVefUFgoT+IXG9ZBUCxPxrcYuGiMZnhGGiSgGcd3wlrf06MY58FOkuG
;qFLafKzgBScVpasWpYRaDBeuqM/otW1uRoFJYuT78oFYEcwpa0qWUo0/W5TDLl4XjNOB4DRo99qkG91
;0DYvWBYAAswc5rppcak2ok7+pWR04aEYTNsxlWUCdGo/I+LgzTl+NbV0jfbMjdJPCQGtg8sJFZLO4bT
;7qbJWp1rVN+VD7oVsN6nVHOADKt5BdgdbfUt/3gUuGkyjKQ1FT58r1vrnEhLdpOLgoWVLj+ng2nbVZx
;NryOGRPtCTlMTtWdIfUeHrPEbA59al05LhNBTpp0SCYqpWXA9P27JFx+jJC/QLroKaxrpz+Jpw8HfmV
;OykzTjQkRxniA6fJ8NG2nsEjPI5StWT4NlcwpITuPDuuPzmcgbeo1cItIizmC+KuvUaa/+C4c8cdQqQ
;fOJR14EZ3Cw9gaPYOCKysVzOh1778bzQZ0LvcTWQD+jVTUcyXBIWLD2C+5F9bOMXGK4FZ7BA8943DKh
;1T8Jcm9VNQWgUVk8/PIE5DWVs9hD550Emv4kgtKpHx2dqnsIXq2kEJkYClfiIAm8beH40cgxuDiwH3R
;jTEpfiEC+Vh+cW4xjEFHsGbbfVaoM+/Ww5XCxY48p8Yd8P/Rw1+QUc/hzQlsKqZdo18hgkfOJ4jyPvz
;Xmod8pbZsDQ2y+nuZOabOEaBmLhn+nMcNIEl59LXef1QP0ml9AngBHJpaEw2HsFm163lrkW0vvYnv5b
;6SQ5o/AKyr2a0k640BYBZNNfsve2tt/sHOV8bfMazanr5xSMzLbD2Fpr8VvYr2xY4LByh+afMyotO1M
;iXM2GsArlxMV1IbgKZDHUOmnLHzyKlSWzgHWNiFZBLKdMBWgKlcoJEO1omK1SPbrUb6g8gtTCUzrzwf
;6RU9bDPiGXi3BY7JJGGihiDoPlcKDHqHw1MaxCXyP9cPSUOiyNNBZ0lt8OFBCVY9wMHgGuKaL3w9Fhf
;uoVu4iz6IMtk42cWOLytTOSE2rS42fWB4Hu6FoFXWc3BqyFTp0/wYtl0dMKxY2NcQB813z+CRIv3/Jq
;K70/pVpW4dKNSjofXql/wFpz9kNm1Pseudvn8832A5flSCWHBRlnHmCRF95fmWfMiga2SOsqFWTdROu
;FhkRbY8e73Q7l7UNBbMnMCwQO7ISj7dp6jBhZg6n/FgZKr4e7Hys6CupWLgNL+5HTQcjO+Okw+AXnRa
;v0yGtR2UDMPqbGyzTfUE16lJChDj8DctUwQHJiRY7k6IMFR3a/v1llpQPS4uSer6lA7xQXh7xbKfeiE
;a6/pWyFdwJ/XnRwb1bW7WrTzWRzZaFIJ+zbiApMcjqxED9ZyIvspGfrScmyYVwvZBSiQwCNXVXcFGhN
;ODeEBs/SNwAOlIPBLoc8uU+ZDp22hFS5QDcE2LuGl8tcLA7VkN1hOjebO+lb08yB3JUkvv36gkaAJCD
;SXzyTayx6wIYjyNmjuvKRBYwj6If3gGN3XqxDBWiswy5JDWUc4FsyxZG1l9Wg03AKP25olIvz+8/PZp
;KDqacj+Igl/gSq57cjZPv1XLVmXeNqORgIgAnVxKpT2bslrVbvKT2FWpAweUMOyrvCxxgO6BRq2mdpi
;DWTRwxRUhzKMxVdh2eftOLPBELrATAnxR7iMx3gE9J5+kl56T4XrtVSP4uKQiAutuY5VKugUBdM8X0+
;4VFnGRqlpHo8QSZrv/mBnfrwhnPBgMxfaaqzQTgeMCpYjPPm6MthtTYj1UrPtANxpkchg81DW2GNHAS
;c/H4xKpGdwFkpCiu9PyNR4lMsKksMzssHFqoi7mqDKV6W0U/YvaSpJsn1DxlgEnPpVaw6cxRAnzS7AN
;erQL7RUFSQmmCbYHKl29WbGUj9ckpV6BpTPMk61lShZLc+OaPMYUJBaM49itniMmudL2Nx8gLiFXQ4/
;lCDtkzFwuQJ5793tDEqyPhiktI+tkBHinVBvP6QtVWWKCk5rhWpJs0vczTutVBjN40KNSekLfq1vwkz
;gNFf07RDEsr58Um4kTuEKUg7rf+yyjhWwqw9S0MZwv8sr/4k0lKjm+hLZAfIKT6sFr0vmQY2HgFzgnS
;jznd06jYY0/lD0NxCdEmED9VqJmGEzVmMiMVAqHFe5UaZqDc6rqaX2EqFTp6bwkqsXPrr5VPVmjP+O9
;6wVPUhGnPpDTAoNo/FEWcOBY9X60Dwa4L/aIh8z4IdAVfVwEir403vIkbvqxb4nlXrhM7BLefbH7gTB
;R1axElwtSAfR/NeKl8lPjqZVv8QfhOebq5KpPSIb28J+L25uep4r3lM5LCpfPvqOTmgK/V0aVd1Ry1A
;4AIhlZqocIYu8Oc4pdaVGABu4iOWe1R96PDxHlFao7LoZLLQ9qrclWnIA0E78rVToNCE6ELJeZV0LGG
;FU9o2J05p83ThWDl3g6fPDydjABS9hym7kRSBIn5BdGxBwooIn0N/bHmrBs2jfu8EoXxMLsEmUmq/lo
;nLWSgMA/Y+qv09+lZJB85BewOnzQdo6WC6+gkyA5PeHNi3NUw+z4/qBGHefs6LF7pX9FiUJcX5fcusv
;P/VvE9VTyWbSFMSOoOLghxyy2ACDyucYuDu+rWtqPBx5PhIUJiHTRP8mrwNLHBhQIIEnzJAJ/9UDATJ
;jKxPfKabA4YWSYEDypaB9BNbYlVJUGy/P8fbS7boE1NBdptfUYmDpjM9/RLVpL5GFzPLlUlkOtwLvfR
;qq8U+wUN/o7UuwNp6d1d8+PTSluQAkJrRGs8R3K/8TuMlepyqdz9TTeZW6EHxZ+bGPGXjaT8q7TO/cK
;203zrWIyWVWIJpjWWO22Zp/qdAttCln9iG2aYhY9+8AgVvp8fbev3dAlSV7bQ8lTurGkGYAOLzT+Vnt
;OjipF4j/mtQiLugSxK3A8M7+Omahe65XjIpQXDY+MoOELuHdy1r4v3i6I1ec/l1FRs17YPqmTo+wwaL
;7rCmUgKTC3gXWgto5IxLaPJu2ZiIOvHFq2nxIzjE4xp6rBP1pYHhHHtQ8JuQiYOMQnFUvfywTypjWl1
;s2Sv2xkjVYQaKk7C8n9i+WrrhnhdJq75kP3reh2qs1QTqF+P/DHameEqAqn3gbP4qQqXOTW8MYDvMaB
;EQhqwv/5oMLC3cNZpkb0mA76+0Wh+itaq+vjuOsvBFWJe6Z99J82YW6icSeb+Mbn1FSuOfZZMIpANOf
;Sgqf3t2sdXVkdyz8RbL9+WRJzP7vLrYCLhXF/sQjOJZGmBAzNUKX6x8FiQc5TlbO7yBkZDf36UOF848
;GthbnNnCPWpfXWajPjlmXa6x+2JwV3iuxeRHcHAmVSJ5tUJCV/ImHSVDAvJF2y4DXQdIAPtXuS/tpzM
;IO0/CiaqYf5usV62czbQCgs8sbZCAs/NCztVsfMAhwXAZjqaLkaeWNtozQ9zq+FrKiVEw2Cgotz++Vd
;rZrPy06gDa3AiQMg9mB+S8ogq1+4ccQ9cwXW+9BYuOW3Z9E+O35wEyUq2aFBgJZDIDXIQnVkpFb96oQ
;iRz4d5vhIu8skjd2KgTUGuyltNH3+BlXh7uwBj+NeacTxMWgN5aagoWCfefvcd5kDmLDDDpSSpjslCb
;gLGepLH7YhqUqFQ8owrhUP7IUoxRg4JUolChsoxFEUXmS8NlDe5VlOOusuBxGqSC9QLn979qmFG+pLi
;nteJQD2b/QfGX7eNfvR/y4/UkAUwj02lzloQ4lNT4tW3bVa4H/yEx/wwLH9jvxYETFuKSfTmr27tGqs
;pj+EuWZNtVfuHl1HcnNR0pOpIAuHIzq0QYOi9q1BL08mMvTWAc3AUSUjWPwYkBCY9jEXHHv0xLyoeGp
;4dVsVvpib5jl9k1gW7i5tc8CTrVGLM6nev6YI9UC5WoDDgrfSffqoV4NCp6cEi4i+dK+c5L4EyheJ8T
;qds4s9hlfDCdtjwmH61Kiycyu4GF6mh+sbMmKlKWhx3V2GgDcf3n/gLf24WeI6ZPEO6IpcfnWK1buLT
;JdPn3D0Ze0oAx83NWqwZcs6CE/UqxihJVUjpXGAEAged6Ao8gkaTT/tEOqX/diEVrzASNh/6NsQjFlC
;th7ZXtRDfZ1mGk3e8mvaWXC774k1OKBhPNUKCmXAKx5/ykkfCmthvF27fv9EBW50BTHlv9qjdjkp7J/
;jteDmuBr9kNna22t0YG7MCer3Fhk3cro20M5/I7x+850AR8z42fsjgXflhbH1K31bwiYtzwORHvieSS
;4DWqZM6AKFifegEEEfpY+EJTphU0v1QH6j/Z7fKdcxXNy7SAWCURDZcTk1l2FOxRBFhsXjMew6oog9d
;ijHHZu/b0yZ5TLNLYq1pj93CjExHEpGTSV02MDEtu6MsZuHR0E0q48Mw6F+GC6Gsgy3ZUYImFpXvHxO
;94lwE9oHiG6BSxn7pt5vGKbGi280kqyP5G2Ilw8jjEKknFSxLdIilEZMZVdJKvJ3QcvWxjCxqxr5LHw
;m3kwqqH68Nb+GdO/gyWGed12M0VXAdyMnY1tozGdNQ1be/2FDuVkhZbvqFxSgCrKg27hQCACyzi2G/x
;hn6FQxwVnJ5dAKkizmU+/SbrloXku795pSMcQyhJCkz+sSDOcdaogUYiJjP+DO5WnF5PM8lvT2Ug/ci
;nVRVMlSvpLx0eU02fCGytBE5DR15zehKIIQr36/kHYvgg/8jO3sxPweVZoeSkyvnWegBkn2Ufp+pHyK
;UCD8E2m7bTMjSbdW8CkwuoDOoQMsR5QncJeyL7o3A6KCwX3n+FkFsT4jYRia9c+oOCMkWwngLmgdp6O
;XkRBs9PuIHrPKLoyXuBiaO+jXuXpP4O2ojQP5/RvPTKu/6NGCTUNcu+5GywMMjjcpZ6ayM4UTC9+XQ0
;b7bAIR6pSvehvD8temOlM/vzImjffKtEbYsmpy9NlGJ9opefh0WqPBCt10KldKahAcGCwAfMOiXm6W0
;clMsEk3iYSXLAy+RfmHXIBuDnsj8gJ6NyJ2BgAi/DwgLfwuc/3iJn7/0UuusG3x4t9gXp7E6siQsDzs
;F4Cm70rZgJpXS1YjmydxlOLtad47OYCtrKXO4/fhsFrYpziYUrj0DKYnXJ6tHOuV1oJUAzCQnr0Tceg
;SuPrZ9Rh+fSNHqELfvHB8W0MBt337hzn6Lmpw3PZyFcczHbhCcdFohB0MS6UIZNp8zj7wEX+SEk0BvI
;AuqqPVlI9PYw0/bBEhr3o14BoJd+OQKm1gB29Ws+D1KYXPGXgtMHGOzgJGQbyyUSSEHe4uV3vfAoCbw
;z6FXxKJ44RiCJehD1OiiRH7iBYsAHDIe3T73mEQ+u/8RQQYxzTzAfLJlnLEleQpP6/3Rv7jVC1eGxTQ
;KFziTSrJnGZq2rZC48RCTnPaUVQ2NVsDPOqvfzwuaoyZqfrSjHJxRfzQ3tK2hxsx4ssYOCzhQ1t8AFu
;qjjBnCl/O5p+eEPCPyt2VkPCp2Fzu8ARVPJqMZya8mlY7jMbGgWe2OO9J5ra2mTET1tfjl8b1BHVswd
;fuP+7GAMAYM5/H4DPXTSK993D6t6+NH/IS2L/ErCREGOwmsJSSzSHkkycm1Z0QUZusJ68l4+eVDFsRN
;nGpEq+qhLVLuEditgby47iL77RX73hWXCdU5CVoAfegZn6neyswPvG+/a/tt7P9OFze/wGqSpNZfaUC
;QhIfkk81rjYSYifc22OuA6mlYgKz2Qlhn0gVJ1BRi25q8oRNS76GbKcparYZv3MhjvqFc0ALCrWwixc
;4JVMiew7eou/JLNMvpmBR375DIOVLEfHV5y9fy54Fvmt4M0HtgvkWrZfRHbTaRFE3aAJY1IX8SYaVR2
;WI1+yOHVwMhIv1YD56c/O5CTYgF1OqoaUmdh3uRAtO09o2jeyAQITCWo/Ams8tCa8c1oWGCUX6fPSFs
;MUoa0d8b+uxZ3HsAexTLX2+y7v99zDOpfd/45VouJ7hI96aVwfNuBYBJSil0EAkf/C3YDr3KnL6kveg
;HGf0BGAyvjLvuyKSrVTUp7XRMKaJPDwxPdUvYfH64FZ6nPvFmjDah8O4oF6LdNJnthViEsPZKjkX0Nl
;Xx7wmAVioXVNllTyhNL/mqF1UxKexRWRCy0waOKfWz2fn3NYAuOg90tXmPGI13lcZy6IBUIYSQiTV7k
;o5B9bPYfHq6MJ+vivFk3bcsfWuZgmrQ5IxR6CS1CW+jP/X1t9h8ergVnYrG8QTcMqB1c6WCEsD8rD30
;5KnNU79D0CTOfcXDLd2fq8bxZNwyo9X+KHejVTSsYdzMoSU/g1/gSAql2cN1gE7SeyS1Sfqh9P4oF6N
;VNwzsUREQsPeDA8hgAk21/2mwIha7MK15i3Hw+igXo1U1K8lRWVCw9gcLyHgmaemzPcQ6En+MtWHyof
;T+KBejVTcM7FE5ELD3gwPIYAJNtf9psCIWuyDZHU9sJTexki7BNS3sUVkQsPQjjkW5s9h9/zWYCh5TO
;OENlxxJg/neJoygmexVWRCw9gdMGPWzfHx6uZBGEmNgGQ37JClrmWoC6IS8ISyYlWFXezvAFM5p6cMl
;xD7SX3TpDY9p8PooF6NVNShJUVm0sPYHC5xIFkkBq3GQRjp3jMVhgzQ9g+mScvRInGmwJKkNi88blDw
;2Va3fBa2fq8bxZNwyofD+KFujVTSsDfSUbT1Ls0/QTH5drd8FrOJPxvVk3DKh8P9NF6MZNSnt1Li1fY
;uLM/A0JmGx/2mwIha7FWTYMqHw/igWxlU1YexRWJkNJ9cz8IgCXZnvcWhSblNk9Nw2ofD+KBejxDUpr
;FFZETlL11/4QM4J3d81uCY6Cz1k2ljHlphOcIepNVHsUViZeVOXE+BMLqXpm2ncSmJjTN2h7wRhL4lq
;atDkjFBRXRCw9gaMRHCz2DR6uBQWZmNg+XmLPI1nra7emPS8ecFZFLD2Bo5F9NbYfCq4FZ4mD1T1QZc
;YbYOxskLApFRp6MShJPYCjkX1s9v9+7gV+6/G8O0VlzBtW5GK3syElGmAzIHNc88bwIgGfcR6vBWfr8
;bxZA0yobT+KBYqnJC4cfTgjc1vtzOYPDYJ6Hq8FZ+vxvFluTKhkP4oFiqckLhx9OCNzTunG/REfqXly
;wXIVioXZWTYMqHw/igWxlU1fexRWJl5U5cT4EwupbHbLaQuYrs8pUmnMfD6KBejVTUpFVFZKLD2BweM
;UCJF2cMlaFJuU2T03Dah8P4oF6PENSloUVkROT+jH9hQCkUBt23UXhIPIPFNTyQ5a61qatDkjFEs7JV
;Q9gKORfWz2H1fuBWjr8bw7RWXFI1Pja42KLiUOeiJELT2Bo5F9bOJfHrwFZ+uS0zhEeMESWNVhgaY5K
;xV3M3UsPIGjkX1s9v8hrhdn6/HfNlZ/3BVR7VqMvD4+Gno1IR49gKORfWz2H/6RBXbr8bw6WGPEI1Lj
;a7ezKC8fZjcwST2Ao5F9bPYfOu4FdOvxvDpYY8QjUuNrt7ksMx5mCTBFUOSjkH1s9h8erhEn6+y8WTd
;ozRJM71qboD06FGYiG0VT58r9ETOZamrCbAmOgrxYNwyofD+KBejVUEp7FDIhQk7k/OIIHIZwbNpaDo
;Wf2StoadAMXuR2gbojSnqOz921pBhKrn139h8eymAJmJTjKkJ82BNN/lqEtDQvCWcJJkNJ9cz8fW32H
;x6uBWfr8bxKNwyoGFrkdo2KPj8LZDk2WGLy0/QYCPYeHq4FZ+vxghk3Fah8P+5shbAjORJ7OBtURN7A
;/hAck3Ftz3EOhJ+8WDcMqHw/igXo1VNKexQyLUFY79D4EgKpZ2fxZgiGgdk3RG3cFVDkWoC6IS97FVZ
;ELD2Bo5F9bPkfHq5gH5+DyT1SfvcdUuVwhqFNS3sUVkQsPXGckW9s9h971nEVnpXZK2hjzhpM73G3rX
;xKehRWRCw9gZrRfX72Hx7LfROZhNg8RVPHGln5YJyKNXh7FVZELD2Bo5F9bOQfHq5gH5+DyT1SfvcTW
;ex2jaESMkgUV0QsPYGjkX1s9g0ergUCk4XOLFNp2iNQ7GObsDkVAiVWRSw9gaORfWz2HwyuBWeOicgr
;QmjNDmDlY46mKD4kbWRELT2Bo5F9bPYfHrwFZ+uUxC1FecwZTdVqjrM+Lw9LL3csPIGjkX1s9h8erjZ
;n6/HZIUN+3Rha+FqboiQ+GHwJJ0NS7cr/GjOeen/acBe0kNgvVmLLGWD+YIWlKDgaYCM2SQyBopF9bP
;YfHsdFZ9jxvFlSdNwOSu5gmoo+PRJgNSxzXu7M/RQCkUB2y2QTnoHjOFN6yRJc71qcsCA6HmY3MFlP5
;JGRfGz2Hx6uBQ6r8ZdZNwzNBEv4cIywPxUIYz8wT1XewP4SAJ9xefFtAoqFySlobcwKXuRmjYo5IxZx
;VkUsPYGjkX0oth8ArgVnjonIK0JozQ5g+XKBoS4iJHc5K0BU78TODQ2EdEHWBWbr8bxZN4zqPD+UBej
;VKDIPZiMgSU/e0OYUGJV3Qc1qCIeY0j5ofMkOVNV86NRNSnsUVnRHfYGHkX1sk2dq3HADjoPjKkBl3B
;9X1WaHuiEjFXMJMElQ8cbjHBiDbXufBWbr8bxZN4zOPD+uBejVKDIPZiMgSU/e0OYUGJV3Qc1qCIeY0
;j5oeM0RT+93iaE4OB4mVkUsPYGjkf0Kth87rgVnjonIK0JozQ5g+XKBoS4iJGYzN1hc89fOGBSCbX/x
;ZAqEhNItBQypfD+KBejVTUp7ClZELFj51+MICJNtQd1yDp+S1AZFadsIXvhxt6Y9Lx5wZEQtPYGjkX1
;swl8ejAVn65TELUV5zBlN1XafvDkpE0skIVhP4MDlFAOYQH/DahKFhY5ZNgyofD+KBcyVTWt7FFYhVE
;nz1vUYHqlsacdxBIOuzjxDfskfS+Nqhoo+Oh5xMnYsPIGjkX1s9itergpn6/HZIUN+3Q9W5Wu3oiQuD
;3xWRbakGDoI5LXJHw+uBWeOicgrQn/BE1HVcoGxOSIkJlZFtqQYOgjktckfDa4FZ42Q0gZVYMEMYPpk
;naYoFRZnMycsPIGjkX1stmBerhdn6/HaOFlTyhBW+lqcvT8vCHw5KEg9gKORfWz2HyDuBWjr8bw/VmL
;3Gkrmabe9KCMcfCJELT2Bo5F9bBYgHqAFZ+uX3Tdoat0QU9VpiawoOHsVVkQsPYGjkT1s/x8ermMGha
;7PKVJpzHw+igXo1U1KIlRWSSw9gcXwEzOFb3vLYTiGkMRZNgyofD+KBbGVTVt7FFYiRVHgzvQTGKl7d
;89oAp+Uzlk2DKh8P4oFFOpNWHsUViJFUeDO9BMYqXt3z2gCn5TOazcNqHw/igXoKXJKaRRWREpU7cL8
;GAKCQHrHZAqOhdkrBAypfD+KBejVTUp7BlZELFvoz/AQCZhrQcpsBoaUyDxFOKh9P4oF6NVNSnsUW0Q
;sPefK/RwBk3Fq8WMLhIa8WDcMqHw/ilyo1UNKexQwLUBc7Mb/CTOQc3HZNGfq8bxZNwyoJX+KC+jVTS
;wSeDcpSVP1/PcRA4EtHq8FZ+vxvNlhTKhxP4oFjrwhKxZxODBzSfjT9H1t9h8ergVn67G8VzcMqBpW5
;mSFsCM+JGAvNEkPgaKRfWz2Hx6uRWfn8bxZUWXEEGDuYIamJD4CFFdELD2Bo5FpLPYTHq4FAYKd0AZY
;es0OU+t16NRNSnsUVkQSfYGCkX1skHZs3XE4h5DFPEVTzQRL+HCbvCIkJGM/IFhV3tHwCQWZHx+uBWf
;r8bwAdwy6fD+KY4GnPj4keDc9SU/e0PkYAJpsHq8FZ+vxvFkzTKhSP4oFjrw/OQ9LOiVVWPP84hIAn3
;tBx2sBgp3QBlJ03A5K+WyHuxI9EnAiLHNP4Nf4Emz3Hx6uBWfrqPxZLwyofFnjd5uhISsCcSQbSlTtw
;vwYAoJAeMJqEOvwvFk3DKg8YMoF+9VNSh19LiFIYu3C6BgeqWxqz3cTtIm8WDcMqHw/ilyo1V5KexQw
;LVRY5fz9HBWTbUHdcQaZheMgNw2ofD+KBeiLDUpYFFZES1zx/PcUAJpAbcdrAIeU4zxPeNoJTONqhoo
;/Kw99ORtBXPmjkH1s9h8ermwn69K8WTdryQxg7GyEuRI5EnoxKEli5NvlDxmFdnHAWhWKhdU2aGHBEj
;+LBejVTUr7VBZEMz2Bo/YcHKl5d8JpOJiY0j5bafcZR/53naYkJRVLJTRJWOWjkH1s9h8erkEn6/+8W
;TdryQxg7GyEuRI5C3EzICw8gaORfWz2Vl6uFWfr8ds6WGjNI0vzdY2KJCQfcS5ELT2Bo5F9bPYfHqEF
;Z+uW0DZVbcQjUOxjm7A5FQMUV0QsPYGjkX1s9hAergUAh57eOFtTxxpZ+WCcijRKehRWRCw9gaORfWP
;2Hx7JaQiJkNAGWGrOD1r+WpLVTEp7FFZELD2Bo4R9bPZ3e89xEpuu2zpYaM0jTO90nbAjKR4UV0QsPY
;GjkX1s9j8ergUOhZfVNVtTyRhe+nGBoygVEnowLUBR3tHwCQWZQHPPfWfq8bxZNwyoQn+KJejVTSMVc
;j8oQGLgx/ANGJ9pe/FsCY2Y0DVofskIVuVahbwjSnoUVkQsPYG30X1z9h8ex2sBgp3QBlZoyQxL43ON
;iiQkFXEkG0lF8cL/DgWZcR6vn/5yaCXA3jOoaj+KBYG7KyMXeAklSFzx1/gLCalzf9dgFZjxvVk3DKh
;8P55F6M9NSnt9OCJFUe388BkNhmt32GA4mZTYLFR4wRNR+QXp1U1KexRWRGw9mKORfQWYeXfCaTiKld
;0pQ2XeGWD9bIyhJRUWfThELT2Bo5F9bP5fHrIFZ+uY0j9eYMQjWvJxmqA+IxR6CTNFWfXLzg8NgnZxr
;gRn6/G8WTdV6HwrigXovCMsEng6G0pU7cL8GAKCQHjCahDr8LxZNwyofGbKBefVTUoSejAtQFHezPcb
;H5NrQdYFZuvxvFk3DKh8P4UF6NUkJB19OihzUufF4hgYqWYerwVn6/G8WTcMqHE/igWBuysjF3gJN0R
;Y7c/ifW32Hx6uBWfr8bxFNwyoFVHsbIS5EjkLdSQ3SWLizPwfBZh6QcJkHo6Dz1k2DKh8P4oFGOpNRn
;sUVi1CW+jP/SIfhnp7ygVm6/G8WTeM7jw/hgXo1SQkCHEidHNO8cb0GWz3Hx6uBWdrt/xZOwyofFbkd
;o2hNRUIZDMhSD2Ao5F9bPafWO4Fd+vxvDBFY8YVUe1ajrkiPQl1IiEsPIGjkX1s9gterghn6/HVK1hi
;wRJY1XaYsCguexVWRCw9gaO1PWz9Hx6ubwKZmuM7WHjcE1KKBOjVTUp7FEIELC6Bo5EXCYR0QcxqE5+
;e0QZEedoaXulg6NRNSnsUVkQ4fYGokX1snHpsxVoOhZfVNVsMqXw/igXo1VkKewRWRCxX5NH6IgWYbH
;vaWg6Fn9krNw2ofD+KBejBDUprFFZERljzyM4UAoV6avFqEp+Uzlk2DKh8P4oF4JVNQHsUVi5JT+r84
;Q8FmGserwVn6/G8WTdMqHQ/igWCsD8hJGA5NCw8gaORfWz2C16uFWfr8dY8RWf3CFD6WpugPywadzNE
;LT2Bo5F9bOJfHqUFZ+ub2StcU9wOXvxghNVMLB1yMCJKN8GjnX1s9nN/12AVtJnZMFBk3Hw+EJxxTNT
;TsitWYiw9gc/wBAmEQHbLbACDheM4U23YCFb8YLe4LDIkfDMtS1X1/OMcGJ9wHq8FZ+vxvFl5TKhaP4
;oFhLQ0LwlLPiFFWunXzhwIl29qx3MCtJzVN2hkzRVY4nG3pyw+EntWRSw9gaORfVW2Hz2uBWeHkMU8R
;VPAGVbtbZyKLC4aZCItWlje0PAQHJp2cMlaFJ+UzFk2d7zSeGt/bOpNYXsUVihNROTRzhUJn3h22loG
;j5DMLV56zSNM/mCYujsvCUs0K1hJ7s7ODw2CdnGuBGfr8bxZN0XofBeKBei5LDMeZgksSVTmy+UiDZJ
;+btpsEY6uzy1SfMcKWvhanLo9FQl1Ii1DPYCjkX1s9h9X7gVw6/G8NVZ1zQ5g52CasigVGHg5N0li58
;LyGB/2Hh6uBWfr8bxZNxSofD/mZJGwPxUIcTEpSVP1/P0YApFrdvFoDoXxvaNJZhQIrAI66MFNSnt4N
;z1JT97Q+RgAmmxBwXMCmZ3dKTcNqHw/igXonA1KbhRWREBc+MbjIh+CfmzadQiCn8gGQ3XYGT+LBejV
;TUp7HBZEJz2Bo/8SFoxze/F2DpGUvFg3DKjcphPc19VCSnsUOSZGWOLXzh4JmGt73Fof6/C8WTcMqHz
;PNQXn1U1KFHY8IU9J3sD0ExiTbUHXBWbr8bxZNwxYwz+BBejVIigRcTUwc07ozfp9bfYfHq4FZ+vxvE
;g3DKgTUPBgt6YlIx54MhtNU+bP9H1t9h8ergVn1bG8TzcMqBNQ8GC3piUjHngyG0BU78bOHgODcWquB
;Gfr8bxZN/yXfC2KBei6IjAeSyUsRVjtx84SCpBse9oFZuvxvFk3DKA8P58F6NUiPB5mPiVCWt7Q+RgA
;mmxBz2sAh5S8WDcMqHw/ijuo1VRKexQ5MklP6cL/GjOFd3vCaRS0l903aH/YGVruBenVTUp7FFYdbD2
;Zo5F9A4B6bMZkCYyuzzFSYMQPYOxph6I/Kw9xVkUsPYGjkX04th8LrgVnhIfZK19txhtg+W2NuSE5JG
;cmIUlZgaKRfWz2Hx6KRWfn8bxZWHrNDlPrdbexOCsXFFfetaQYOgi0U/YKHq4FF5mY0i1obs0YYP5gh
;aUoOBpgIzZJPYCjkX1s9p9P7gVs6/G8KUVlxghg+XWNsClKehRWRCw9AeXRfX32Hx7edw6FheMtUmHY
;GU3rcZ2nKEp6FFZELD3BydF9fvYfHt53DoWF4y1SYdgZTetxnacoeHsVVkQsPYGj+D1s5B8ernUVgp/
;IBkNpxQxa+GScoD8vSBRXRCw9gaORfWz2DR6uBReZmNItaHjNEU/vd4mhODgeIFZFLD2Bo5F9bPYfFa
;4FZ5mQ2i1obcEOWOt16NTX0+KNz93lAoG8kX1shH542loFioLZBlJ03A5K+WyHuxI9EnAiLHNP4Nf4E
;mz3Hx6uBWfrmPxZIQyofE3rY5yKLysIcQktQlvoz/0iDZh4cssFZuvxvFk3DKh8P5wF6NU/Kx1gCSZN
;TuT8+BMKn3Ny8XcGn5jTWTYMqHw/ioWolU1aexRWNk1b9fzzHB+TQHLPfAKZgrxYNwyofD+KBajVXkp
;7FCQlSknewfAOCalzd8BgEIKVyDE3DTLlphOccTxySnQUVkReXOfXzh8NhXpB3XUCjpW8WDcMqHw/ii
;Wo1V5KexQkJUpJ3sHwDgmpa3bHZgyFlM8qNw2ofD+KBeg1ckpfFFZEXlzn184UAoJ6bMhkBI6u2SFDf
;t0PVuVrt6IkLg98CTZNSejMkXxs9h8ersUFq/GnWTcM2h1Z/lqBuzkvCXI3J0li6M33FACaQH/AYguO
;8b1ZNwyofL/cRejOTUp7ZjciWGLozeUYHpB+fctaDoWX1TVbU9odS+Nq6NRNSnsUVkRlfYG2kX1shH5
;42loOhYXZK1Ftyxlg5mSRsD85exVWRCw9gaNhQmzuHx6udwaNheMwWXjNDlnrZo2KISMVcSEtSEnpo5
;BOX8UsLZ3mWOvnvFk3fskaS9VshqEoOB11NSFzTvHC8hQCkR8frgVn6/G8qQgMvHw/ineJszkVEnoiI
;V5b4MD0Ih+GenvKBWbr8bxZNwyWPD+SBejVPysdYAktQknk0fccD5NAasZsBICf2SpEDKkuh5SAA4SV
;dXsFVkQsT+DF5SIAn3F78XYXipLVN1AMqXw/igXo1UUKex9WRCxP4MXlIgGXbXnHa2fq8bxZNwyoaH+
;KKujVTTgaciIbQ0vk0eMUCJNAeMd3FJ+u0DhOadojWvJxmqA+IxR6CTNFWfXLzg8NgnZxrgRn6/G8WT
;dV6HwiigXopywsD0s5MklP88r1GDORc3HMZAu0nto/RGncI0WKBHJM1NPijZ/7LB+Bo5EPDZBrQd1wF
;Y2Q3zxoadAITf92gbojFQx9MjBEYvPC5RQD9h4ergVn6/HlGTcaqHw/+GSOoRI5DmYwJU9Y3sX4EQCp
;bX/aYGfq8bxZNwzoKX+KEOjVTTgaciIbX0jzxfAeCal5csFyFYqF2Vk2DKh8P4qFjpVNU3sUVjZNW/X
;84ggekH59y1oOhZfVNVtTyRJY5mDo1E1KexRWRBJ9gbCRfWyEfnjaWhSeg9o4VGn3EF7zYJqmTUt7FF
;ZELD2B45FrbPYfbM9jE7SCyStRbcsZYOZshrA6Ix9gPkQtpxg6COT1LyAeugVn64PdP0NT2wlN7GSLs
;BI5C3U1LUJagaKbqs+GIhR5Omf58bxZRW3OCGD5cJqzLCkeSyU0SVjlo5B9bPYfHq5LJ+vnvFk3fska
;S9V2nacrKxhxCTBEVOLI/xgfhR8fh1noKQSUlQgMunw/ineNpjkrCWAJIFlc7fziDQmTex6vBWfr8bx
;ZA0yoaD+KBZqwPj4aZiIbSUX10fAiDZtwa8BxZ+rxvFk3DKh8P4oT6NVNOB5nIiVeSd7G6Qkel0B/w2
;oShYXjazcNqHw/igXo1U1KYhRWRF5Y8tfwDxipembadwa0lck4W1PJEVD/a5zVTEp7FFZELD2Bo5x9b
;PZte91xBpmF4ypHac0YP4sF6NVNSnstFkQjPYGj4xgfgn5s2loUm5TZPWg+qH0/igXo1U1zOxRHRCw9
;88blDw2Va3fBaziKnNMsWXiofT+KBejVTV47FEVELD3zxuUPDZVrd8FrOIqc0yxZePdOP4sF6NVNSns
;AFkQ6PYGj4xgYhH592mwIha7YLFZg9x1S5XCGoU1LexRWRCw9peORaGz2H2zLcRWKksgwWGL3GErrab
;emPS8ecFZFLD2Bo5F9WLYfOa4FZ5mUyCtWb9wVUORajbssKBdxCStZSfLK9RgzlHBq2moKtJ3dIFJ+2
;3w+igXo1U1Ke1RWYCw9gdH0CR6XfGrHagm0lNI4VWDNI1D/cZu8KS8kYDk0c1Hg2vQPH/YeHq4FZ+vx
;vBk3Aqh8P/hgnKcsKQ99OSpzVe7TkXxfxSwtnTa01PGsWTcM2hlL+GSLoSQlFUs+K1xis6OQTl/FLC2
;d1ljr5LxZN37NCE3rZpy8IiQkeT8qc0nzwucYAPYeLZ02VNjCX2Y3G6h8P/hgnKcsKQ99OSpzUOjNzg
;kel2l7wlpV6/CPagQ/m0/ctQX01U1KCXEiNk1e9cr+EzObdnDHaAaHrtkhQ37dD1bla+jUNl7VU7c+u
;AKBvZF9bIR6atxkBJ+Y0zdoYcESVudkhIooMg9mIzdFUu/8o31tjQuw6eQdf868STcMqA5a/neJtjkj
;FHoJN1xY5MeRfGz2Hx6uBS6r8a5ZNwzaGUv4ZIuhJCUVSyU0SVjl/KN9bfYfHq4FZ6KxvEM3DKgOWv5
;3ibY5IxR6CT5EUvH88hICknZqx2oJ2vG9WTcMqHw/ejroz01Ke2YzMF5c4tf4EgKpZXbBdTiIntI9Xn
;jBE1G4BenVTUp7FFa0Ez2So5F9H5N8ccBhOIeQxTxFU9IjU+NjnNVMSnsUVkQsPYGjmH1s9mx1x3cTt
;JbdKTcNqHw/igXo3Q1KaxRWRF9W6NHlIgCfcXvxZgien8hZNgyofD+KBRjqTV57FFY3R1Tz184QBZh2
;c89pOIeU0j5DZKh9P4oF6NWNKDsUXUQsPfLI+A8YqWxuy2AD6/C8WTcMqHwLygXy1U1KCHg5M3NZ7tT
;/IgqfbW3aWgGOhuM1VnXNDkyKBOjVTUp7FKZ7LCqBo5EOAZdzcvFjAoqFyStSf/cYVutojaEoOHsVVk
;QsPYGjtT1s6h8ernYKip3QBlFpyQhK+GCbiiUlF3EJIEVc7MblGB72Hh6uBWfr8aAZNxeofD/5aIm5I
;RUdcTcwWU/k0M4UApB2csJaFYqF1TY3Dah8P4oF6IwNSmEUVkRfUODP/SIKk35q23cCmK7PKVJpzCNN
;63GBuk1LexRWRCw9yOORX2z2H23BaQ6Prt42Q3jHEWDvfZynODkSezgbW1Tl1/kiHpdrd8EFZuvxvFk
;3DPE8P5AF6NU+JRd9MhtOUvXX/hAzkHZyz2gChYXjP1tj33w+igXo1U1KIlRWViw9gdD+EQWSQHzBcR
;OEnOM1VnXNDj+LBejVTUo7mxZEPj2Bo+ISAJ97QcxqE5+e0QZEfM0ZW4oE6NVNSnuUEAQsK4GjkQ4Dm
;nZ68WwJjZjQNWhp0Axe5HaBuiNKehRWRCw9gaORfX/2Hx7daguCleMwWWrBEFPVdoCwISYIFFdELD2B
;o5F9bPYJHq4FFISd1T1oZcYaVuZpt6IkLg98CSlFU4GikX1s9h8ergVn/vG8WURjxBVb1WmJrCg4JGA
;+LU9W78biDmz3LC2dNlTYEoNZKAyofEzlaYGxEj4UZAkhVEnz1uIUA5hAacdhE4OuzjhDZcd8PooF6N
;VNSiJUVlMsPYHQ/hEFkkBqwXU4jZjQOFppxghg7GmHok1LexRWRCw92OORcmz2H23BaQ6Prsg2R1PEH
;Ubvd+jUTUp7FFZENH2BrJF9bIVwcsdhOJ+ezAZEfM0ZW4oE6NVNSnuUEAQsM4GjkQ4cg21t8WgGk4bV
;PUNkqH0/igXo1U2qRBR3RCw98tbhDQOEa0HPYQabhdUvUlPBElnjaYSKPysPfTkbQVz5o5B9bPYfHq5
;BJ+vQvFk3f90MT+V3nIosLhpkIi1aWN7K/xsFmnNB3GQTgp7jNF5iqH0/igXo1U1kOxR2RCw98tbhDQ
;OEa0HPYQabhdUvUlPBElHvd7ewNToaeiUtQ1OBogvk9W+Gh3c6Z/zxvFlEedgMUPhxt7QpKwtgPzJJY
;u3C6BgehR8frgVn6/G8TXcMs3w/inadpT0lCWAJJUhc8df4CwmpbXvKcASfmNM3RAypfD+KBejVWQp7
;DlZELE700+ESHoJAf8pkF5+Yyjxoe8EYS+JahbwjSnoUVkQsPYGr0X1h9h8e3XAXm57OLWhtxhtT7wX
;p1U1KexSWFmw9kqORfR+Db27BdxO0k90qUlPEHUbvd5vVTEp7FFZELM2+o4h9bPZsa951CJmF4ztWf8
;0jU+t8jac+FQhkMyFIPYCjkX1s9h8g7gV56/G8KkJ82BNN/lqLuiMkHnciLUNT3tvoIgifbGrPawSO8
;b3DrpUx5aYzOujCTUp7ZyM0XFLz184ZCZhse/FjDoed4ytWeM18PooF6NVNSi9UVlcsPYHQ5A0cmW1q
;8WEChYLZBltt0RlNigTo1U1KexRWRCwogaORDhmGb3HccTiNmNA4WmnGCGDsaYeiTUt7FFZELD3Y45F
;sbPYfbdt1F4SDyAZRZcQQYPhknLBNS3sUVkQsPa/jkWps9h9t23UXhIPIBl5izhVT5lqHoDkmEnozNy
;w8gaORfWz2Hx6uFmfr8c8sR3zHDkvVdYG5ISsJSyUtVliBopF9bPYfHr5FZ8DxvFlEedgMUPhxt6YgK
;xd4CSJAUuDX9BkzkHp/2nAVjoLjIU5TzQRP62ubvCIkexVWRCw9gaNhQmz7Hx6udhKbgdMrQ1PbDFrv
;YejUTUp7FFbEan2BsJF9bIVqbt5qFZ+uxCBoaMEPS+tri7BNS3sUVkQsPYHjkWls9h9t23UXhIPIBk9
;19xlH+mSGpiQlFRRX3rWkGDoItFP2DR6uBRSegcw2RXj3BmDubJuhLCQYcVZFHw6ykKJOr8kfAq4FZ5
;iEzClYftwjRdVqjrM+Lw9LMitbU97P8AQJhGwerwVn6/G8WcczqGY/igWboD06FGYiG1Zi7sX3DgmCQ
;GveWguKiNkrRAypfD+KBejVvXV7PlZELE700fccD5NAbcFpDo+u3jZDeMcRYO99nKc4ORJ7OBtbVOXX
;+SIel2t3wQVm6/G8WTcM8Tw/lwXo1T4/CXI3J0li8sz9FAipfXHacQiGrto1WHvaHUvvBenVTUp7FFY
;dbD2ao5F9H4NteM9mArSC0zVeaPceUP5xh7gSJhptMzZfPYCjkX1s9h/ukQV96/G8KkJ+zh1c71qbui
;EjH0s0K1hJ7s7ODhyTenquBGfr8bxZN0jofBiKBeimODgddTUhc07uz/gZM4JwbvFgH5+DySpeY8YjS
;ONhnL0SOBpgPyssPIGjkX1s9kZerh9n6/HPLEVqyR9a1XaHuSQuJGA5NHNb7czmDw2Ceh6vBWfr8bwZ
;b0yoZD+KBZugPywadzMbX1LtyvUiGJlvQcJkHo6Dz1k2DKh8P4oFGOpNXXsUVjdZT+fC8hgzhXByx2E
;4n57MBkR8zRlbigTo1U1KexRvBCwygaORCQSfcUHZZAuHrs8pUmnMfD6KBejVTUpFVFZdLD2B1/kUAq
;lof8JpOJyY2C1fU9odS+Nqt7gsMnsVVkQsPYGj+D1s7x8ernEPgp/jLlZgxCNI42GcvRI4GmA/K3NQ6
;M2RfGz2Hx6uBV6r8axZNwzcE0/VZ4ehOSUWSyU0SVjlo5B9bPYfHq5LJ+v9vFk3eNodSe9pt6Y9Lx5w
;VkUsPYGjkf09th8ArgVnn4PdL1Jg9wZg7WaHsSgVH30lME1T4sbOGwWYdm3GBWbr8bxZNwy8PD+bBej
;VOy8JZz8rQmLtwuIJM5N7d9oFZuvxvFk3Mxk8P4EF6NU6Kxd4CTdEWO3P4n1t9h8ergVn67G8VzcMqA
;te5mm3oSUjGH84IV9OgaKRfWxWhodHOmfx8bxZQGXYGWDlcJywPxUSeiUhWGLlyuIJDZh8e58FZuvxv
;Fk3DKh8P5AF6NU6IwtxCStZSeTRzhQChXpq8WEOmIXdN1Rpmnw+igXo1U1KexRWUyw9gdT4DQmpcGva
;YBW0mNIqUnj3D0/vYIzkTUt7FFZELD3P45FqbPYfacd1ArSeyS1SfvcVUflgnIo+Oh5xMnYsPIGjkX1
;s9lFerhBn6/HLMEdp9whQ/WCaiisjA3EyG1xS8tuRfGz2Hx6uhSyr8alZNwzfFU/vWpy6Oi8JSzAtVF
;jl/OESH48fH64FZ+vxjDJ3DL58P4pygaUoFQ97ISFeYujN9xQAmkBsz3EC6/C8WTcMqHxmygX61U1KD
;H0mIXNJ7tT0DzOZeXjdYBOT8b1ZNwyofD+KxejHTUp7Yz80SWL1zOYYHqlweMh2Ap+IvFg3DKh8P4oF
;qNVdSnsUIS1cWN7X/goJhEBt3mACj/G9WTcMqHw/w0XoxE1Ke2M/NEli9czmGB6paXHCcAqO8b1ZNwy
;ofD+kRejATUp7Yz80SWL1zOYYHqlpccJwCo6u0TBZDKl8P4oF6NVpCnsEVkQsSujT9CIYmWh73FoQgp
;XIMTcNqHw/igXo4Q1KdBRWRFtU8cbOCg2ac0HddQKOlbxYNwyofD+KTKjVQ0p7FCwbWE/g1fQRM4Vve
;8thZ+rxvFk3DKhSf4oW6NVNKxh3MyhJT+DX+BICqXpwz2cLjvG+WTc8qHw/63OHvCkVD2Y3MklR3sv+
;EQmFQG7PcQ+0nN0haGDNElj+bbezLCkPeyQbSVPgwf0YbPQfHqEFZ+uTzjBTa8ESWNVghrQvJh4UVEQ
;sJIGjkR8en3t5x2sAtJfdN2h/2Bla7lqNuywoF3FWRiw9mqORfQ6EdnrJbAmMrtowT2nMI17kYoSwEi
;8VdTQoST2DopFrbPYffNxsA4yY0j5of8AZU+Z2t7AjKxl4M0QuPYG5kX1slG13w1oCk4XZK1ltxCNM4
;mCEuT4VHX0kN1g9g6ORb2z2H3zcbAq0mNIqXmjNI1rkZIq5KEp5FFZnLD2BwP4cH4J2cMlaAoWQ3jVS
;U8ESWeNphIo+IxVzOiFzUejN9Exs9B8ejQVn65LTOER4wRJY1WCGtC8mHks/KkpU7c/ODgWYeHLLWgu
;Cn9lrNw6ofDGKBei2IiUXSz4hTVnez/gbGPYdHq4RZ+vx3zZYYMESWNVjibsSIxV3JCFNTuSjk3xs7R
;8ermYIhJ3VN1BT2A5W5HGbpSgvH0slKENK5czmE2z0Hh6dBWfrldk3RGn3D0r6dYenORUSejAtQFHe1
;uIYM5p2cMt2OIKf4zFea8AjW+9rm7w5MyRzJC1IPYOikV9s9h96y2sUjq7PLEd8xw5L1WmJrCg4CEs0
;K1hJ7s7OGAKXfXLLBWXr8a1ZNwzNEl7oaY2KOiMLcQkwQ0rk0ZF/bPYKHq4FApOF2StZbcQjTOJghLk
;+FR19JDdYPYOjkVhs9h971nEVnpXZK2h/3xVL6W23tiIlF304I3Nf5MX+DwmpbGnHcQSD8b5YNyqofD
;/vfZynOC4eZgk3W1T1wPkiD5lwcsdrALSZ2ThDedgjXu5zibsuL3sWVkQMPYGj9AUYhGp6y3c4mIbVL
;VRk9x9Q5WmBuyoVEno3J1hU98aRf232Nx6uBQKThc4sU2naI0z9bJy2JRUYezkoRVPm/OEcHp1Ac8Fz
;ArSU0jhVYM18PYoFzNVNSh5sIjZZWeTRzg4bn2t9xloUn57MBkBl2Blg/WSEuRI+FGMzNiw/gKOefWz
;2eX/AWgWHmMwGUmLJHlPvBerUTVh7FFYiTVPewP4SAJ9xefFgCYqT0Dw3Dql8NIoF6LMsJCRxOCVOUe
;THkX9t9gwergUBip/TP1FTzx9Q7mC3sCMrGXgzRC48gbqRfWyQdmzdcTiHkMU8RVPbFFrmaZuKKCQad
;johLD+Bo6R9bPZ5d9x2E7Sd3SBSfvcPUOZsjIokJB19OihzWPnX4wgfn3Bw8XIOj4XUBkVt3BVQ1WCG
;tC8mHhRURCwdgaORGwWOQHbBdxWCk9A8aGnQCFrkdoGjKBUIYD8wT1XozfZ9bvYfA64FZ42YxAZfY9o
;OVuhpjYo4JBJ7OBtNUe385QQck0B/rgdm6+y8WTdqwQRg4mqapyQoF3EJMUJU7s3OHACaQGrXdQK0k7
;xbNwy1fD+KY4GtEiIUZiQtTlHk/OQTBZlxQcFzApmd3SlHacx8PYoF8tVNSh19LhtEUvPR+B8Ak0Br3
;WA4hIHZN2huwQhMigfo1VZKexQwKENK88LlGDOEem3LcTiMktM9UlPNEl7oaY3VT0t7G1ZELFrg084b
;BZpzQd1tAoedz1k1DahlP4oFj7Q9FR19OihzTujN9hEJqXpm2ncSmJjTNzcOqHwjigXosi4lH3EJIkV
;R5M3wEAmpeXHcaAafrtk3Vm7EGT+IBejOTUp7fTgiRVHt/KBNXKlqbctaFISd1T1oZcYaVuZp6NdMSm
;0UVkRFU+fK/REzl3t/3nEOnZTjPFltyhBaigfo1WlKexQ/KkpU7c/OHgOYfHvAcRWCkuMqWGDBGGD/d
;o2KKisLSzAtQFGBoZF9dPYfHsdrAYKd0AZUY8YSWulxt7AjLgt7PypYToGhkX1g9h8ex2sBgp3QBlFl
;2g9Ligfo1VdKexQ/KkpU7c/ODgSTc3LdWhKYlOM+Vnz3GlbmaejXTEpeFFZERVPnyv0RM4Nse/FpDoW
;UzwZeYvcUVu1tt7EoJAh9Ij1zWvPK9X1u9x8ErgVngp/PPEV49xRa63GdpRItGHsyIXNY78LzEQn2HR
;+uC2fr8dUrWGLBEljVYIa0LyYeFFRELDaBo5EXCYR0QctrBomd2Vk1DKhgP4oFhLQ0LwlLPiFFWunXz
;hwIl29qx3MCtJTSOFVgzXw9igXz1U1KF3UvIV5i8sv0EQCFQHHcYQKZrtMpQ2XFFUXvBerUTVZ7FFYp
;Q1noxfgYHqlsdstpC5iu0TxFa80jT+t3jbs5SnkUVkosPYHN/gkzhX5oy1oUn5DIPDcOqHw0igXouiI
;wHkslLEVY7ceRf2z2CR6uBQidlM4xVmLPI0ziYIS5PhUeejcmQFiBoZB9TPYfHsFzApmZ3TdQU9sUWu
;Zpm4orKxVLJTRJWOX89BMNlHN7rgdn6+m8WTdj3hlN+GyMsBIsEng3KUlT9fz0Ew2Uc3uuB2fr6LxZN
;2PeGU34bIywEiwSeDcpSVP1/PQTDZRze5wFZerxplk3DNgOVuRxt6UsOA9nCTdJTPTG/x4JqXBsymAV
;6/O8WTgMqHxN62OciiYvHmQJLENR5NCRf2z2Cx6uBRWKl8gGWHrNDk3jYY2KKCQadjohLD+Ao7l9bPZ
;te9p3BoiF1TZZU8kKUONht6AjJB53MzdfXPPazhQCqWxr3nUImYWNWTUMqFQ/igWasDk4GnciLUNT3s
;LnEgWSQGvAawKIlM8qVn7RI1bkWpugPToUZiJ2LD+Bo4N9bPZte9p3BoiF1TZZU8sTUuhshrJNSHsUR
;0QsPfPG5Q8NlWt3wWs4jp/dO1tpqH4+ihbo1U04HmAkJU9J6Mz/IgmYfnzCYDjZ8b5YNyiofD/4YJyn
;LCkPfTkqc1jvwvMRCal9e8hqFY6u0yxDadojTOJghLlNSHoUT0QsPfPG5Q8NlWt3wWs4jp/dO1tp9xN
;K/naBsShKeRVWUiw9gdH0CR6XfGrHagm0nd0gUn7LFF7kYo3VT0t7AVZELE/k1+McD4J2ccBaCYSF4z
;BZf8EYWooH6NVWSnsUJCFYT+DA5RQDmEBkxmoXtJ7SNU5T2xNT42HZ1U9Lew9WRCxP5NfjHA+CdnHAW
;h2DnswGWGLEBWD5aoS8KXh7FldENT2Bo+IYGIJ2cMlaApOFzixTadojDdVghrQvJh4UVEQsL4GjkQ4H
;n21q8WMImZLZBlJiyR5T7wXq1U1fexRWN0Fc7c/OGwmXa2vcYBS0lNI4VWDNfD2KBcrVTUoIeTcoQGL
;nxvAJGYR6bfFsCY2Y0DVofskIVuVajbssKBdxVkYsPY2jkX0fmXN3yloFhIXINloMqn0/kwXo1T4lF3
;0yG0VT58r9ETODbHvxYgabrtowW2Cofj6KDOjVTTkUeD8gc0nu05F/bfYWHq4FFJuYzjhbZdIZP4gF6
;NlNSntnJjFeTt7G/xwOmnoerARn/PG8WUR52AxQ+HG3tCkrC2A/Mkli5M3wHwCTHxyvBWnr8bwqQnzY
;E03+Wo27LCgXcVZGLD2so5F9H4NvbsF3E7SY0j9eYMQjSvlgt7kkJB5nCS1CYunK9hUzknpw3WwTkq7
;bK15oqH4+ih3o1U05DmQmK15J3s/0HAePQH3BawmOksgwWGKofj+KHOjVTTkOZCYrXknezv4ZBZB2e9
;xaAI6f2StWeM18PYsF9tVNSghhJjRDT/X84hANmnNByGkIioXZPWhqzR1L/3eNpk1IehRBRCw99cb8D
;QmEfmrbdwK0ndUqQ1PNEl7oaY3VT0t7BlZELEnkzuEYHpdra9xgOIaQ0ixWYKh+P4oP6NVNPRJkMxtY
;UvbG431u9h8+rgVnnJjMPGh4xwta+FqOvDUvH0smK19U9cr+EzOTcX/MaQLr87xZJgyofFzrcY2yIjg
;CSzglQVjey/QFbPUPHq4FV9vHjmkHOutMD70w2OV7f3sdVkQsWO/HvxoPmXt7rgZL6vG8Hg49iEdt72
;mJoSQ8HjQmK19U9cr+EwWYeBTpNEeu3I55cT6fTA+qPrqwOTgadyJkTR3jyuV3K8c/W4M3R7HBkmsXS
;ppID7ol04coPgl1NTAMXO/HsQ8Nn2x7jl9trMCcAQIs8UkfzDbY5X1qQEM/NEkd7tbldyvHP0SbNUfQ
;o90wRGmIJh/napqwRw1CJHZ/bV/yzP0IGJM/bsF2Dp+Y0zdZZcYbNYBC2fUVeltNZHQcHbrz4xgfk3F
;qjnUVgp/IU3o9mEof2TXI7hk/CXp7K0pbocXwE2a7Li6aJTTb0YcNQn7GUVDsY8i9Ij4eejJOYQy1k7
;EuXNYkStt3Ccae2j8Xbs0YNYBI0OFtEltNdgEMBsXK4hwOmno+z2kLy4LIPEd8zQ5MqmedoW0Qex5WR
;CxY78ejUwuVcHrLBWRr8bxZej6aTR/eNciGfHpLHht2Hgyh96BdP8cvLqRIVtvFnA0HLPtMNcc02OFt
;Hko0BXQmcLCXoV0/xhVTnzVQ4baFaD1LmVx6pzTIk356Sx4RdQxnqpO/SEyzMiuOXErZwZwfTHjaHUn
;vabemPS8ecCtOaw+5g8lNTK8vFOM9U+G2hWk3Gah8P+99nKc4Lh5mCTdbVPXA+VMLlXB6ywVk6/G8WT
;cCqHw/7GSGij46HnEyG0BU8teRfmP2Hx6fPlXeyo5iAjyTTwS7NdjVXEp7FDAtQFzsxv8JM4JmbstaF
;J+DvFo9DKh8b8ZEyORjfU55O0Q+PYGj9xQAl3J7wHE4n4jMPGh/3A4Nigbi1U1KK1gXZB0Ttpb8EGzW
;Hx6uYw6ZgsgGW23RGU3Vdoe5JC4kfTgiRVHt/OEcGIJ6bMAFZO7xvFl7ZcYZTIoQ6NVNLRh7MiFzW+j
;P9BMNm3pByGoVhpDIWTRrqHw/8WKLuikvJHI/KElT4M70Ihufa3bBcBO0lMQtSlPTEV7pbYG7KBUPbS
;Yhc1zjweMYGp9+asdqCZauxz9eYMkRWuRxt7ssJx5LNyZOT+TV+BwYn3Bwn3g4kJ3dIFJ+9xRa42KAo
;TAnFhRHRCw95sD+GQmpb3HdcReZnt88RH+ofz+KBejVR0p7FDEnQ1nk/OUEHJMfHagFZ+uj2Sllbdh8
;LooF6LwjLBJ4OhtNU+bP9CIAn2xqrgZh6/G8bQI3mU8KihDo1U0jFXI/KEBi5dbwETOTZ2rccBSCntJ
;ZNACofD/LaYT1KDIPZiMgSU+BrZF9bJ9xeMdpC7SB3S1DadoSP4kA6NVNBhJ6MzcsL4GjkRENj3ps8W
;YPip/bPBlryxNb7wXr1U1KexRLRCw97cLoGB6pbGrPdxO0gdMwWXj3D1rraLe2IjgVcSRELzuBo5EvC
;ZBze9YFd+vxvDZYds0jTOJsjbkpFQ9tJiEsPoijkX07l2t73EMGh528SDcMqAxe/3aNiiUvEnM+MHNR
;6NDlfW/2Hx6uBXbr8bwpW23cGlD4aLe0KS4SYD8rQj2Cp5F9bLhwcMsFduvxvClbbdwaUPhot7QpIh5
;nPytCPYKnkX1suHBwywVr6/G8KUVlxgha+FqcrD0vexddRCw9xM31GB7WLD7gYBPr4rxZN37JGkvVYZ
;20IRUebCI2WU7ozP99b/gfHq5DDpmCyHlSdNwOSu5gmtVeSnsUJCVKSd7K/xsFmnNB3mQTn5TONzcPr
;Xw/ikmBuyg5ewRWRCxP5NfjHA+CdnHAKwCIntg8Nw+ofD+KBfzVTUoIfz82WGLl1vARM5NnatxwFIKe
;0lk0Aqh8P8xsmqY5ah5sIjZZWeTRkWps9h9twWkOj67VN1FlxBBg62uPuSgVF30lMCw+h6ORfVjDJC+
;dMGf/8bxZRGPEFVvVbIazJCYXSyYlWEnk0f99b/0fHq5XAoiF1TVeYs0dTYoe6NVNORR4PyBzVO/F+B
;EAqW9/2nECmZ/jO1h43BNSigbj1U1KKXE1MEVR6M30HB72FB6uBRSfkM4tGWvLE1vvBesuTEp7L3YBQ
;lnk0bFOTLVqbdpqCsuiyDhFeIg7EulqjLBHDUImdgEcHbqDwxgfk2s+630TmYTYPEUG704Hqj7InSIn
;HjQ3KEAd4Nv0DmaxLj70N0nb0fpqBzyYXASqSIejKGohNBc8RU6h1uFdAJ9rasJgR5+enClFad4ZUf4
;lm7Y/Kw93Pi1CWqHM910kk35qjkcCj/v7aBdUmFIOqlza5W0QSzplZGoIsZOhU1zWJD7jahGO0cg2F3
;/cHU3+JZi6PiMPfTkqJnqwg8lNQsc/R5w1V8XBnAMHIptcebsw2OVjeltRZ3EMBqHn4xwb1mt2yyUBg
;oPPLRdgwRJagELZ9RV6VSB2HR4NsY2hXTbGMS2OQ1LbwYx3ByyTXHLlc431OSVbZz8gSR3gg/0UGIJz
;e6RCVsupjHcDLPFOD6pf2Pt+aj0lY3QcE7GD1E5c1iQ+6ncGnNHIMVIs2xlc5WuM9SEjFXFcAxUPoea
;hXVfWTXvdYBPLtMQtRXnMGU2AQtn1F3hVJHYCHw2xk7FGTLtwaMslPcuwxDBELN0MH+ZsnKEhL1tgOW
;RcT+TV9BMY1mx93GQTiJnVN1AsxxofwmCJoW0IHnBcAx0d2ZaxJF7GP0ScK1fLt4lpBzyGTB+xJaW6O
;y9beyAhXh31zLENHpNpe8BxR4md0zsXf9kJVvlt6NlNSntnIiVeSbON9h4DknoerWlm6/HxbAA+iDgP
;qlbY+31zcVljcx4dxZKxLlzYLyekQlXa+/tgBwblRA2ASNnlekA8Jm5Oawyh+aBIQsY/WNVxFYqH2TV
;of9gZWu544oF9QDwtZGRpDYvkoF00xS8+9yhVy7eEaQcG700f0DXG5nhqPSZmdCZ6sIPJRVnWRjOcJS
;LawpwfBTyYdni7Ja3keGo9JmZ0Jnqwg8tITLAtLp4PINLDnBwHBu9MH88ok6coPgl1NTBFUu/89QgNm
;kB/w2oShYXBeXE+mEw13jTiknR4W1FmTmsMofuiTVzWRjOcJSHTwYxTcD2IJg+kNt31C3hLJFwDHR3Z
;kKdNTK8yLI5AVtjR+msHPKI7DqpA2eBtDEkkZk5rDKH5pF0qxC8upEJe2dH5aT1LmFx6p36asDk4Gnc
;iLUNT3sfkHACpfnPBcAmfjJwfBTyYdmu6D6/kbQwAYCQlWljt/OINCZN7Y6RIVtrGnAlFZcYIVuRixv
;tjSnwUVkRfSPHT/g8Y9hwargVnpZ7SPDcQqHw/+XCYpSI4D0syIUJO5Pz1CA2aQHvWcRWegtU2WQyrc
;D+KBam5IWoebCI2WVnk0ZFvbPYfbdt1F4SDyAZTacYPWtVxkaUoSngRVkQscejN9A5s4B8ernYSm4HT
;K0NTzAle5lqNrTk4Dmc/K0I9gq2RfWywdmzdcUeOicgrQmjNDj+TBejVPj8LZDk2WGLozfcUAJpAf8B
;iC46u0DBEeKh/PIoF6Ph5f3sEVkQsTvTT4RIegkBt2ncGn5TbIDcPrnw/ikuHpyArFxRaRCw98tbhDQ
;OEa0HafBeO8b9SNwyoLlrpcYG5JCQedSREDz2Bo+IIHpB+fctaFISd1T1obscIS+Vot7wjLBJ4OhtcX
;PXX9A8C9hwbrgVnp5jSPEQMiHw/inadpysrGHEJN0NR6MfOCQOGQHfAYw6HneMpVnjcGU3kBevQTUp7
;WD8qSU6Bt5F9bIJ6c95gFYqFyStSU8oZW9VpgaY5SngcVkQsDLqWoUZezS8euwVn64XZNEdp2h1L/3e
;NiiEvHWAJKEVO9aOSfWz2Hx64BWfrhdk0R2naHUv/d42KPyMcfCIbQFTy15F+bPYfHq4KZ+vxyzBHaf
;cIUP1gmoogJR9xVkcqPYGj3xgfgnp6rhVn6/HLMEdp9whQ/WCaij4iGmQzRC87gaORPgWEfHLLBWnr8
;bwuXnzNI0jraYSKICUfcVZHJj2Bo9gTGJNtcs9mAo/xslk3DKp8P4oE6NVNDHsUVkUsPYGskX1spR97
;rnFnn/HVWVkMz3wfikLop00le2FWNCwdgZKRfGz2Hx6uBWf78bxZNwyofD+KBejVTUp7FFZELD2Bo5G
;ya/YfFa4FZ66f2DxFLJtcce9x6NVNITgUVi9vPYHZ0n1s9h/TYslZ6vG8kXUMqLR9iwXo1U1Ks1VWRC
;w9g6ORfW72Hx6ugWTr8LxZ/02ofD+KBejVTYe32GhELD2Bo5HmL/Yfhe0FZzeziFk3DKh898gH6NVNX
;nsUVkQsPYGjkUku9h/27wVn47O8WTtOqXw/igXo1U1KexRWRCw9gaORfWzjGB6uBWfr8Y1ZNwy4fD+K
;aIm2JSMVcQkmTUjl0fAJCfYeHq4FZ+vRsBg3Hah8P+dki70kJB5LNCFIYvLL8A0J9h4ergVn6/G8WTc
;YqHw/52SLvSQkHks0IUhi9cb8DTObfmauBGfr8bxZt1fofCmKBei4LCkTfTghc17uzuEYAoV+asdqCb
;SJvFg3DKh8P4pcqNVbSnsUOyVPVejN9CIPmXJuy2sUioXVNllT0Xw+igXo1U1KIlRWSSw9gc7wHgSfc
;XvxYQ6GrsRZNgyofD+KZYWVTUd7FFYpTV7pyv8YM5J2c/F8Z+rxvFk3DMgRf4oI6NVNJxp3Pi1CWN7H
;+BAzjB8frgVn6/H8NncMtHw/imiJtiUjFXEJIEVO9cL/HgmpeWzBaDiJns49Un6ofT+KBejVTUp7FEJ
;ELD3swvIVBZh6Qct9E5mE2DxFU8YJUooE6NVNSnsUpnssJ4GjkRANlXd3wGA4jonIK0JozQ5g5WOOpi
;g+JGxkRC09gaORfWzPXx60BWfrnN06X2XGGWDvfZynOC4eZgkrSlvyxuUiFcQfH64FZ+vxvFk3DLp8P
;4poibYlIxVxCSJFUeDO9BMYqS4erwVn6/G8WTdMqG4/igWFtC4iEnozG0pU7cL8GAKCQCyuBGfr8bxZ
;NwzofCqKBei4LCkTfTghc1rgzeUPFal3e8diD5/xvVk3DKh8P9NF6MFNSnt5NydEVO/GzhoPmXt78WQ
;En5jTNzcNqHw/igXo1U1KbBRWREFc4sv4EwmpcXHUfwuOrtgwVmHNCFr4BenVTUrbjc+dEz2Yo5F9AZ
;d8dsdrArSf0yNNYM0jW+NkhbA5LwlLZEQtPYGjMeT1LyAetwVn65zdOl9lxhlg5GqSryEvJGAzKVxi7
;MLpIl32Hh6uBWfrkc8ZNxWofD/nZIu9JCQeSzgrVkftxs4JCZtvQcNkH7TDvFg3DKh8P+p2qNVfSnsU
;OyVPVejN9CIchHZw2loKhJXZWTYMqHw/igXo1U1rexRWKU1e6cr/GDOGbXHDdRO0hM88aH7JGkvVcYC
;nKDkTezogLDyBo5F9bPZGXq4IZ+vx0ThUZMESWtV2nLA9L3sVVkQsPYGjkX1s1B8ermgGiJnVN1JT3h
;VN/nCJuRIvA2AkMUhY8/z+GwqFemrxfVXr8LxZNwyofAbKBcrVTUoWdTUsRVPk/OcUHoJqf8JaApOFz
;ixTadojUOxjm7A5FQImVkUsPYGjkX1s9h8+rgVnhpDfMV5izSNc/3acuiAVC2Y/KlhU78TODR6fcGzH
;cR7r871ZLwyofFLrZoC8Iy8kcDcwTWLizP8JCZhrQc9hA+vzvVkiDKh8UutmgLwjLyRwNzBNYufK/Rg
;zl3t6rgdm69W8WTdhyR9X42uNiigyD2YjIElP3tDmFBiVd0HZZA6frtQ8VnjBEliKB+jVXkp7FDslT1
;XozfQiCpdxQc1qCZ+D0zU3Dql8IooF6LgsKRN9OCFzWuLM9Rgzk0Bz22kTgoHQIGhqxBNIigfo1V1Ke
;xQ7JU9V6M30IgSTfmrxZwKP8b5YNx+ofD/nZIu9JCQeSz8gSUXe0OgOGJNyHqwFZ/fxvFlabcsUVuRg
;t7ogIw9LJCVFTuTX/ggPnkB9wWEC6/O8WSAMqHxS62aAvCMvJGQkK0FN9fzkDgmpbX/IcWfp8bxzNwy
;oEV7pbYG7KBULZjkpXEne1uIYM4R+eNpaA56B0DBUbdwVUORahbw/OBRmVkYtPZujkX0Bl3x2x2sCtI
;PZNVZ4wQpa1WCQoT8/CH05Kiw/gaOzfWz2cn/NbQ6FlOMvVmDBGF7+YLelPyMVYD8qS2Lx0fgSHp9rZ
;64HZ+vmvFk3Y94ZTfhsjLASORd9NSFzTuTX5RQCkWwerAVn/PG8WVptyxRW5GC3syQmGnkzKlhi78L8
;GDPHHx2kBWfrofAYFz2GSwrnaOjCTUp7eTcnRFTvxs4bBZp+c8trE7Sf3TRSU5p8PIAF6NUdBjo0Z2o
;bCOzOkWxs9h9zz2YPgp/ZBlFlxBlg5GSFsE1JcBRWRGlT5cbjXV/WUXvaBXLr8bw0Vm/AFVHvWo68Py
;cMdSQhc0n40/R9b/AfHq5IBpmd1Tc3Bqh8P+dki70kJB5LPyAsPqWjkX1UxC4qmmZW2tyPPAdqhUhcv
;DPF7H4sTzlkJhkOtZqmTl3PLCquF2fr8dE4VGTBElrVaNnlfXskdzkgST2Co5F9bPYNHq4FCoqS1DBZ
;afcRDro12oouJR9xVkcsPYGjkW9s9h9zz2YPgp/ZBlo+mEwP1WaHsShKeBRWRCw9jaORfQGXfHbHawK
;0hcUpUgyrdz+KBa27KS8JNGVkYlj1o4h9bPZyf81tDoWU4y1OfM0jXuhnmrA7IxpgPytCPYKzkX1stW
;17z2kOn4icHFlozQ4fuQXo1U1KexRWRDw9gaORfWz2Hx6uBWfr8bxZNwyoNj2KBenVTUo9FlZEJj2Bo
;8ExLdYuMJkwCobxvFnXM6h8pM4F6MMOSnvkF0SMscSjKXUr9h+67Ppm6/G8WTcMpnw/ihXo1U0sEng3
;KUlT9fz1GAKFdmrXBWbr8bxZN2w7PD+bBejVKyMXdTshQknex/gcAZNre9wFZuvxvFk3DFRDP5sF6NU
;rIxd1OyFCSd7F/RIbhH5qywVm6/G8WTeM/Dw/hAXo1SsjF3U7IUJJ3tPjFA+THx+uBWfr8bxndwy/fD
;+Kap6wPzgScDMbX1HowPQiH5NrasdrAJjxvlk3Aqh8P+xshLQgLxVgCSZeXO/HkX5r9h8e/GQOmJSPH
;TcZqHw/7GyEtCAvFWAJIEVO8c/wBDOYfnPLBWT/8bxZbF7JFUzvNqyIbRo3VXZ1Agq0zvx9fvYfHshs
;C4qc2TdDU84VU+9ahrQgL3sXXEQsPdHv0F1d2Cgrw2hn+fG8WVFlxB1S72uciiopFHAzG0lT5aOSfWz
;2Hx66BWfrl9U1VmHNEkvVYou6KS8kZyIlXkmBoJF9bPYfFa4FZ42Y0DhaacYIYONh6NZpSnsUYiYVWe
;eUqB9BxHt/nihTjpeIdFY6mUsSuTTdtnUuSiRjck5fga6RfWyQdnLPaAKFheM3VmHNfDyABejVHQY6N
;GdqGwjszpFnbPYfeMdpBoaU0i1oYskRWtVkirc/Lw19NzBFUu+jkn5s9h9O4kRn5fG8WVFlxB1S72uc
;iiMlD3ElRC89gaORfWz2Hx6uBWfr4bxZNwyofD+KBejVTUp7FFZELD2Bo5F9bPYfHq4FZ+vxvFk3DKh
;8Pw==
;Data end
;
;Print Time: 151
;Material#1 Used: 36.7
;Material#2 Used: 0.0
;Material#1 Cost: 0.00
;Material#2 Cost: 0.00
