;Sliced by ideaMaker 3.6.1.4415, 2020-10-14 20:09:18 UTC+1000
;Dimension: 235.000 235.000 250.000 0.400
;Plate Shape: 0
;Extruder Offset #1: 25.000 0.000
;Filament Diameter #1: 1.750
;Filament Diameter #2: 1.750
;Filament Compensation #1: 82.00
;Filament Compensation #2: 90.00
;Filament Density #1: 1240.00
;Filament Density #2: 1240.00
;Bounding Box: 85.663 129.538 67.738 98.863 0.000 0.400
;Model Gap: 0.000
M221 T0 S82.00
M140 S70.00
M104 T0 S210.00
M109 T0 S210.00
T0
M190 S70.00
; Ender 3 Custom Start G-code
G92 E0 ; Reset Extruder
G28 ; Home all axes
G1 Z2.0 F3000 ; Move Z Axis up little to prevent scratching of Heat Bed
G1 X0.1 Y20 Z0.3 F5000.0 ; Move to start position
G1 X0.1 Y200.0 Z0.3 F1500.0 E15 ; Draw the first line
G1 X0.4 Y200.0 Z0.3 F5000.0 ; Move to side a little
G1 X0.4 Y20 Z0.3 F1500.0 E30 ; Draw the second line
G92 E0 ; Reset Extruder
G1 Z2.0 F3000 ; Move Z Axis up little to prevent scratching of Heat Bed
G1 X5 Y20 Z2.0 F5000.0 ; Move over to prevent blob squish
M1001
;LAYER:0
;Z:0.200
;HEIGHT:0.200
M106 S255
G4 P500
M106 S64
M140 S50
G1 F3000 E-5.0000
G0 F4200 X90.592 Y79.117
G0 F900 Z0.200
;TYPE:WALL-INNER
;WIDTH:0.400
G1 F1500 E0.0000
G1 F600 X90.488 Y79.138 E0.0039
G1 X86.462 Y79.138 E0.1512
G1 X86.357 Y79.117 E0.1551
G1 X86.313 Y79.087 E0.1570
G1 X86.269 Y79.021 E0.1599
G1 X86.263 Y78.959 E0.1622
G1 X86.263 Y74.912 E0.3103
G1 X86.283 Y74.807 E0.3142
G1 X86.313 Y74.763 E0.3161
G1 X86.379 Y74.719 E0.3190
G1 X86.441 Y74.713 E0.3213
G1 X90.565 Y74.724 E0.4722
G1 X90.655 Y74.783 E0.4761
G1 X90.688 Y74.893 E0.4803
G1 X90.688 Y78.652 E0.6179
G0 F600 X90.688 Y78.938
G0 F600 X90.667 Y79.042
G0 F600 X90.637 Y79.087
G0 F600 X90.592 Y79.117
G1 F3000 E-4.3821
G0 F4200 X90.748 Y79.494
;TYPE:WALL-OUTER
;WIDTH:0.400
G1 F1500 E0.6179
G1 F600 X90.528 Y79.538 E0.6261
G1 X86.423 Y79.538 E0.7763
G1 X86.202 Y79.494 E0.7845
G1 X86.024 Y79.376 E0.7923
G1 X85.906 Y79.198 E0.8001
G1 X85.874 Y79.095 E0.8041
G1 X85.863 Y78.978 E0.8084
G1 X85.863 Y74.873 E0.9586
G1 X85.906 Y74.652 E0.9668
G1 X86.024 Y74.474 E0.9746
G1 X86.202 Y74.356 E0.9824
G1 X86.305 Y74.324 E0.9864
G1 X86.423 Y74.313 E0.9907
G1 X90.645 Y74.324 E1.1452
G1 X90.843 Y74.406 E1.1530
G1 X90.994 Y74.557 E1.1608
G1 X91.076 Y74.756 E1.1687
G1 X91.088 Y74.873 E1.1730
G1 X91.088 Y78.978 E1.3232
G1 X91.058 Y79.126 E1.3287
G0 F600 X91.044 Y79.198
G0 F600 X90.926 Y79.376
G0 F600 X90.748 Y79.494
G1 F3000 E-3.6713
G0 F4200 X86.694 Y79.057
;TYPE:SOLID-FILL
;WIDTH:0.400
G1 F1500 E1.3287
G1 F600 X86.342 Y78.705 E1.3469
G0 F4200 X86.342 Y78.140
G1 F600 X87.259 Y79.057 E1.3944
G0 F4200 X87.825 Y79.057
G1 F600 X86.342 Y77.574 E1.4711
G0 F4200 X86.342 Y77.008
G1 F600 X88.391 Y79.057 E1.5771
G0 F4200 X88.956 Y79.057
G1 F600 X86.342 Y76.443 E1.7124
G0 F4200 X86.342 Y75.877
G1 F600 X89.522 Y79.057 E1.8769
G0 F4200 X90.088 Y79.057
G1 F600 X86.342 Y75.311 E2.0707
G0 F4200 X86.390 Y74.793
G1 F600 X90.607 Y79.010 E2.2889
G0 F4200 X90.607 Y78.445
G1 F600 X86.957 Y74.794 E2.4778
G0 F4200 X87.524 Y74.796
G1 F600 X90.607 Y77.879 E2.6373
G0 F4200 X90.607 Y77.313
G1 F600 X88.091 Y74.797 E2.7675
G0 F4200 X88.658 Y74.799
G1 F600 X90.607 Y76.747 E2.8683
G0 F4200 X90.607 Y76.182
G1 F600 X89.225 Y74.800 E2.9398
G0 F4200 X89.792 Y74.801
G1 F600 X90.607 Y75.616 E2.9820
G0 F4200 X90.607 Y75.050
G1 F600 X90.359 Y74.803 E2.9948
G1 F3000 E-2.0052
G1 F900 Z0.500
G0 F4200 X90.592 Y85.492
;TYPE:WALL-INNER
;WIDTH:0.400
G1 F900 Z0.200
G1 F1500 E2.9948
G1 F600 X90.488 Y85.513 E2.9987
G1 X86.462 Y85.513 E3.1460
G1 X86.357 Y85.492 E3.1499
G1 X86.313 Y85.462 E3.1518
G1 X86.269 Y85.396 E3.1547
G1 X86.263 Y85.334 E3.1570
G1 X86.263 Y81.287 E3.3051
G1 X86.283 Y81.182 E3.3090
G1 X86.313 Y81.138 E3.3110
G1 X86.379 Y81.094 E3.3139
G1 X86.441 Y81.088 E3.3161
G1 X90.565 Y81.099 E3.4670
G1 X90.655 Y81.158 E3.4710
G1 X90.688 Y81.268 E3.4752
G1 X90.688 Y85.027 E3.6127
G0 F600 X90.688 Y85.313
G0 F600 X90.667 Y85.417
G0 F600 X90.637 Y85.462
G0 F600 X90.592 Y85.492
G1 F3000 E-1.3873
G0 F4200 X90.748 Y85.869
;TYPE:WALL-OUTER
;WIDTH:0.400
G1 F900 Z0.200
G1 F1500 E3.6127
G1 F600 X90.528 Y85.913 E3.6209
G1 X86.423 Y85.913 E3.7711
G1 X86.202 Y85.869 E3.7793
G1 X86.024 Y85.751 E3.7871
G1 X85.906 Y85.573 E3.7949
G1 X85.874 Y85.470 E3.7989
G1 X85.863 Y85.353 E3.8032
G1 X85.863 Y81.248 E3.9534
G1 X85.906 Y81.027 E3.9616
G1 X86.024 Y80.849 E3.9694
G1 X86.202 Y80.731 E3.9772
G1 X86.305 Y80.699 E3.9812
G1 X86.423 Y80.688 E3.9855
G1 X90.645 Y80.699 E4.1400
G1 X90.843 Y80.781 E4.1478
G1 X90.994 Y80.932 E4.1556
G1 X91.076 Y81.131 E4.1635
G1 X91.088 Y81.248 E4.1678
G1 X91.088 Y85.353 E4.3180
G1 X91.058 Y85.501 E4.3235
G0 F600 X91.044 Y85.573
G0 F600 X90.926 Y85.751
G0 F600 X90.748 Y85.869
G1 F3000 E-0.6765
G0 F4200 X86.846 Y85.432
;TYPE:SOLID-FILL
;WIDTH:0.400
G1 F900 Z0.200
G1 F1500 E4.3235
G1 F600 X86.341 Y84.927 E4.3497
G0 F4200 X86.341 Y84.362
G1 F600 X87.412 Y85.432 E4.4050
G0 F4200 X87.978 Y85.432
G1 F600 X86.341 Y83.796 E4.4897
G0 F4200 X86.341 Y83.230
G1 F600 X88.543 Y85.432 E4.6037
G0 F4200 X89.109 Y85.432
G1 F600 X86.341 Y82.665 E4.7468
G0 F4200 X86.341 Y82.099
G1 F600 X89.675 Y85.432 E4.9193
G0 F4200 X90.240 Y85.432
G1 F600 X86.341 Y81.533 E5.1211
G0 F4200 X86.542 Y81.168
G1 F600 X90.607 Y85.233 E5.3314
G0 F4200 X90.607 Y84.667
G1 F600 X87.109 Y81.170 E5.5124
G0 F4200 X87.676 Y81.171
G1 F600 X90.607 Y84.101 E5.6640
G0 F4200 X90.607 Y83.536
G1 F600 X88.244 Y81.173 E5.7862
G0 F4200 X88.811 Y81.174
G1 F600 X90.607 Y82.970 E5.8792
G0 F4200 X90.607 Y82.404
G1 F600 X89.378 Y81.175 E5.9428
G0 F4200 X89.945 Y81.177
G1 F600 X90.607 Y81.839 E5.9770
G0 F4200 X90.607 Y81.273
G1 F600 X90.512 Y81.178 E5.9819
G1 F3000 E0.9819
G1 F900 Z0.500
G0 F4200 X90.592 Y91.867
;TYPE:WALL-INNER
;WIDTH:0.400
G1 F900 Z0.200
G1 F1500 E5.9819
G1 F600 X90.489 Y91.888 E5.9858
G1 X86.442 Y91.885 E6.1338
G1 X86.313 Y91.839 E6.1388
G1 X86.269 Y91.771 E6.1418
G1 X86.263 Y91.709 E6.1441
G1 X86.263 Y87.662 E6.2921
G1 X86.283 Y87.557 E6.2961
G1 X86.313 Y87.512 E6.2980
G1 X86.379 Y87.469 E6.3009
G1 X86.441 Y87.463 E6.3032
G1 X90.565 Y87.474 E6.4541
G1 X90.655 Y87.533 E6.4580
G1 X90.688 Y87.643 E6.4622
G1 X90.688 Y91.402 E6.5997
G0 F600 X90.688 Y91.688
G0 F600 X90.667 Y91.792
G0 F600 X90.637 Y91.837
G0 F600 X90.592 Y91.867
G1 F3000 E1.5997
G0 F4200 X90.748 Y92.244
;TYPE:WALL-OUTER
;WIDTH:0.400
G1 F900 Z0.200
G1 F1500 E6.5997
G1 F600 X90.528 Y92.288 E6.6080
G1 X86.399 Y92.285 E6.7590
G1 X86.195 Y92.241 E6.7667
G1 X86.024 Y92.126 E6.7742
G1 X85.906 Y91.948 E6.7820
G1 X85.874 Y91.845 E6.7860
G1 X85.863 Y91.728 E6.7903
G1 X85.863 Y87.623 E6.9404
G1 X85.906 Y87.403 E6.9486
G1 X86.024 Y87.224 E6.9565
G1 X86.202 Y87.106 E6.9643
G1 X86.305 Y87.074 E6.9682
G1 X86.423 Y87.063 E6.9726
G1 X90.645 Y87.074 E7.1270
G1 X90.843 Y87.156 E7.1349
G1 X90.994 Y87.307 E7.1427
G1 X91.076 Y87.506 E7.1506
G1 X91.088 Y87.623 E7.1549
G1 X91.088 Y91.728 E7.3051
G1 X91.058 Y91.876 E7.3106
G0 F600 X91.044 Y91.948
G0 F600 X90.926 Y92.126
G0 F600 X90.748 Y92.244
G1 F3000 E2.3106
G0 F4200 X90.607 Y88.062
;TYPE:SOLID-FILL
;WIDTH:0.400
G1 F900 Z0.200
G1 F1500 E7.3106
G1 F600 X90.098 Y87.552 E7.3370
G0 F4200 X89.531 Y87.551
G1 F600 X90.607 Y88.628 E7.3927
G0 F4200 X90.607 Y89.193
G1 F600 X88.963 Y87.549 E7.4777
G0 F4200 X88.396 Y87.548
G1 F600 X90.607 Y89.759 E7.5921
G0 F4200 X90.607 Y90.325
G1 F600 X87.829 Y87.546 E7.7359
G0 F4200 X87.261 Y87.544
G1 F600 X90.607 Y90.890 E7.9090
G0 F4200 X90.607 Y91.456
G1 F600 X86.694 Y87.543 E8.1115
G0 F4200 X86.342 Y87.756
G1 F600 X90.392 Y91.806 E8.3210
G0 F4200 X89.826 Y91.806
G1 F600 X86.342 Y88.322 E8.5013
G0 F4200 X86.342 Y88.888
G1 F600 X89.260 Y91.805 E8.6522
G0 F4200 X88.694 Y91.805
G1 F600 X86.342 Y89.453 E8.7739
G0 F4200 X86.342 Y90.019
G1 F600 X88.128 Y91.805 E8.8663
G0 F4200 X87.562 Y91.805
G1 F600 X86.342 Y90.585 E8.9295
G0 F4200 X86.342 Y91.151
G1 F600 X86.996 Y91.804 E8.9633
G0 F4200 X86.430 Y91.804
G1 F600 X86.342 Y91.716 E8.9678
G1 F3000 E3.9678
G1 F900 Z0.500
G0 F4200 X96.863 Y98.263
;TYPE:WALL-INNER
;WIDTH:0.400
G1 F900 Z0.200
G1 F1500 E8.9678
G1 F600 X92.837 Y98.263 E9.1151
G1 X92.732 Y98.242 E9.1190
G1 X92.688 Y98.212 E9.1210
G1 X92.644 Y98.146 E9.1239
G1 X92.638 Y98.084 E9.1262
G1 X92.638 Y94.037 E9.2742
G1 X92.658 Y93.932 E9.2781
G1 X92.688 Y93.887 E9.2801
G1 X92.754 Y93.844 E9.2830
G1 X92.816 Y93.838 E9.2853
G1 X96.940 Y93.849 E9.4362
G1 X97.030 Y93.908 E9.4401
G1 X97.063 Y94.018 E9.4443
G1 X97.063 Y97.883 E9.5857
G0 F600 X97.063 Y98.063
G0 F600 X97.042 Y98.167
G0 F600 X97.012 Y98.212
G0 F600 X96.967 Y98.242
G0 F600 X96.863 Y98.263
G1 F3000 E4.5857
G0 F4200 X96.903 Y98.663
;TYPE:WALL-OUTER
;WIDTH:0.400
G1 F900 Z0.200
G1 F1500 E9.5857
G1 F600 X92.798 Y98.663 E9.7359
G1 X92.577 Y98.619 E9.7441
G1 X92.399 Y98.501 E9.7519
G1 X92.281 Y98.323 E9.7598
G1 X92.249 Y98.220 E9.7637
G1 X92.238 Y98.103 E9.7680
G1 X92.238 Y93.998 E9.9182
G1 X92.281 Y93.778 E9.9264
G1 X92.399 Y93.599 E9.9342
G1 X92.577 Y93.481 E9.9420
G1 X92.680 Y93.449 E9.9460
G1 X92.798 Y93.438 E9.9503
G1 X97.020 Y93.449 E10.1048
G1 X97.218 Y93.531 E10.1126
G1 X97.369 Y93.682 E10.1204
G1 X97.451 Y93.881 E10.1283
G1 X97.463 Y93.998 E10.1326
G1 X97.463 Y98.103 E10.2828
G1 X97.419 Y98.323 E10.2910
G1 X97.335 Y98.449 E10.2966
G0 F600 X97.301 Y98.501
G0 F600 X97.123 Y98.619
G0 F600 X96.903 Y98.663
G1 F3000 E5.2966
G0 F4200 X92.808 Y98.182
;TYPE:SOLID-FILL
;WIDTH:0.400
G1 F900 Z0.200
G1 F1500 E10.2966
G1 F600 X92.717 Y98.091 E10.3013
G0 F4200 X92.717 Y97.526
G1 F600 X93.374 Y98.182 E10.3352
G0 F4200 X93.939 Y98.182
G1 F600 X92.717 Y96.960 E10.3985
G0 F4200 X92.717 Y96.394
G1 F600 X94.505 Y98.182 E10.4910
G0 F4200 X95.071 Y98.182
G1 F600 X92.717 Y95.829 E10.6127
G0 F4200 X92.717 Y95.263
G1 F600 X95.636 Y98.182 E10.7638
G0 F4200 X96.202 Y98.182
G1 F600 X92.717 Y94.697 E10.9441
G0 F4200 X92.717 Y94.132
G1 F600 X96.768 Y98.182 E11.1537
G0 F4200 X96.983 Y97.831
G1 F600 X93.070 Y93.918 E11.3561
G0 F4200 X93.637 Y93.920
G1 F600 X96.983 Y97.266 E11.5293
G0 F4200 X96.983 Y96.700
G1 F600 X94.204 Y93.921 E11.6730
G0 F4200 X94.772 Y93.923
G1 F600 X96.983 Y96.134 E11.7874
G0 F4200 X96.983 Y95.569
G1 F600 X95.339 Y93.924 E11.8725
G0 F4200 X95.906 Y93.926
G1 F600 X96.983 Y95.003 E11.9283
G0 F4200 X96.983 Y94.437
G1 F600 X96.473 Y93.927 E11.9546
G1 F3000 E6.9546
G1 F900 Z0.500
G0 F4200 X105.587 Y91.888
;TYPE:WALL-INNER
;WIDTH:0.400
G1 F900 Z0.200
G1 F1500 E11.9546
G1 F600 X105.482 Y91.867 E11.9586
G1 X105.438 Y91.837 E11.9605
G1 X105.394 Y91.771 E11.9634
G1 X105.388 Y91.709 E11.9657
G1 X105.388 Y87.662 E12.1138
G1 X105.408 Y87.557 E12.1177
G1 X105.438 Y87.512 E12.1196
G1 X105.504 Y87.469 E12.1225
G1 X105.566 Y87.463 E12.1248
G1 X109.690 Y87.474 E12.2757
G1 X109.780 Y87.533 E12.2796
G1 X109.813 Y87.643 E12.2838
G1 X109.813 Y91.688 E12.4318
G1 X109.792 Y91.792 E12.4357
G1 X109.762 Y91.837 E12.4377
G1 X109.717 Y91.867 E12.4397
G1 X109.613 Y91.888 E12.4435
G1 X106.087 Y91.888 E12.5725
G0 F600 X105.587 Y91.888
G1 F3000 E7.5725
G0 F4200 X105.548 Y92.288
;TYPE:WALL-OUTER
;WIDTH:0.400
G1 F900 Z0.200
G1 F1500 E12.5725
G1 F600 X105.327 Y92.244 E12.5808
G1 X105.149 Y92.126 E12.5886
G1 X105.031 Y91.948 E12.5964
G1 X104.999 Y91.845 E12.6004
G1 X104.988 Y91.728 E12.6047
G1 X104.988 Y87.623 E12.7548
G1 X105.031 Y87.403 E12.7630
G1 X105.149 Y87.224 E12.7709
G1 X105.327 Y87.106 E12.7787
G1 X105.430 Y87.074 E12.7826
G1 X105.548 Y87.063 E12.7870
G1 X109.770 Y87.074 E12.9414
G1 X109.968 Y87.156 E12.9493
G1 X110.119 Y87.307 E12.9571
G1 X110.201 Y87.506 E12.9650
G1 X110.213 Y87.623 E12.9693
G1 X110.213 Y91.728 E13.1195
G1 X110.169 Y91.948 E13.1277
G1 X110.051 Y92.126 E13.1355
G1 X109.873 Y92.244 E13.1433
G1 X109.653 Y92.288 E13.1515
G1 X106.048 Y92.288 E13.2834
G0 F600 X105.548 Y92.288
G0 F4200 X105.667 Y91.807
;TYPE:SOLID-FILL
;WIDTH:0.400
G1 F600 X105.467 Y91.607 E13.2938
G0 F4200 X105.467 Y91.042
G1 F600 X106.232 Y91.807 E13.3333
G0 F4200 X106.798 Y91.807
G1 F600 X105.467 Y90.476 E13.4022
G0 F4200 X105.467 Y89.910
G1 F600 X107.364 Y91.807 E13.5004
G0 F4200 X107.929 Y91.807
G1 F600 X105.467 Y89.345 E13.6277
G0 F4200 X105.467 Y88.779
G1 F600 X108.495 Y91.807 E13.7844
G0 F4200 X109.061 Y91.807
G1 F600 X105.467 Y88.213 E13.9704
G0 F4200 X105.467 Y87.648
G1 F600 X109.627 Y91.807 E14.1856
G0 F4200 X109.732 Y91.347
G1 F600 X105.929 Y87.544 E14.3823
G0 F4200 X106.496 Y87.546
G1 F600 X109.732 Y90.781 E14.5498
G0 F4200 X109.732 Y90.216
G1 F600 X107.063 Y87.547 E14.6879
G0 F4200 X107.630 Y87.549
G1 F600 X109.732 Y89.650 E14.7966
G0 F4200 X109.732 Y89.084
G1 F600 X108.197 Y87.550 E14.8760
G0 F4200 X108.765 Y87.551
G1 F600 X109.732 Y88.519 E14.9260
G0 F4200 X109.732 Y87.953
G1 F600 X109.332 Y87.553 E14.9467
G1 F3000 E9.9467
G1 F900 Z0.500
G0 F4200 X105.587 Y85.513
;TYPE:WALL-INNER
;WIDTH:0.400
G1 F900 Z0.200
G1 F1500 E14.9467
G1 F600 X105.482 Y85.492 E14.9507
G1 X105.438 Y85.462 E14.9526
G1 X105.394 Y85.396 E14.9555
G1 X105.388 Y85.334 E14.9578
G1 X105.388 Y81.287 E15.1058
G1 X105.408 Y81.182 E15.1098
G1 X105.438 Y81.138 E15.1117
G1 X105.504 Y81.094 E15.1146
G1 X105.566 Y81.088 E15.1169
G1 X109.690 Y81.099 E15.2678
G1 X109.780 Y81.158 E15.2717
G1 X109.813 Y81.268 E15.2759
G1 X109.813 Y85.313 E15.4239
G1 X109.792 Y85.417 E15.4278
G1 X109.762 Y85.462 E15.4298
G1 X109.717 Y85.492 E15.4317
G1 X109.613 Y85.513 E15.4356
G1 X106.087 Y85.513 E15.5646
G0 F600 X105.587 Y85.513
G1 F3000 E10.5646
G0 F4200 X105.548 Y85.913
;TYPE:WALL-OUTER
;WIDTH:0.400
G1 F900 Z0.200
G1 F1500 E15.5646
G1 F600 X105.327 Y85.869 E15.5729
G1 X105.149 Y85.751 E15.5807
G1 X105.031 Y85.573 E15.5885
G1 X104.999 Y85.470 E15.5924
G1 X104.988 Y85.353 E15.5967
G1 X104.988 Y81.248 E15.7469
G1 X105.031 Y81.027 E15.7552
G1 X105.149 Y80.849 E15.7630
G1 X105.327 Y80.731 E15.7708
G1 X105.430 Y80.699 E15.7747
G1 X105.548 Y80.688 E15.7791
G1 X109.770 Y80.699 E15.9335
G1 X109.968 Y80.781 E15.9414
G1 X110.119 Y80.932 E15.9492
G1 X110.201 Y81.131 E15.9571
G1 X110.213 Y81.248 E15.9614
G1 X110.213 Y85.353 E16.1116
G1 X110.169 Y85.573 E16.1198
G1 X110.051 Y85.751 E16.1276
G1 X109.873 Y85.869 E16.1354
G1 X109.653 Y85.913 E16.1436
G1 X106.048 Y85.913 E16.2755
G0 F600 X105.548 Y85.913
G1 F3000 E11.2755
G0 F4200 X106.080 Y85.433
;TYPE:SOLID-FILL
;WIDTH:0.400
G1 F900 Z0.200
G1 F1500 E16.2755
G1 F600 X105.467 Y84.819 E16.3072
G0 F4200 X105.467 Y84.253
G1 F600 X106.646 Y85.433 E16.3683
G0 F4200 X107.212 Y85.433
G1 F600 X105.467 Y83.688 E16.4585
G0 F4200 X105.467 Y83.122
G1 F600 X107.777 Y85.433 E16.5781
G0 F4200 X108.343 Y85.433
G1 F600 X105.467 Y82.556 E16.7269
G0 F4200 X105.467 Y81.991
G1 F600 X108.909 Y85.433 E16.9050
G0 F4200 X109.474 Y85.433
G1 F600 X105.467 Y81.425 E17.1124
G0 F4200 X105.776 Y81.169
G1 F600 X109.732 Y85.125 E17.3171
G0 F4200 X109.732 Y84.559
G1 F600 X106.343 Y81.170 E17.4924
G0 F4200 X106.911 Y81.172
G1 F600 X109.732 Y83.993 E17.6384
G0 F4200 X109.732 Y83.427
G1 F600 X107.478 Y81.173 E17.7550
G0 F4200 X108.045 Y81.175
G1 F600 X109.732 Y82.862 E17.8423
G0 F4200 X109.732 Y82.296
G1 F600 X108.612 Y81.176 E17.9002
G0 F4200 X109.179 Y81.177
G1 F600 X109.732 Y81.730 E17.9288
G1 F3000 E12.9288
G1 F900 Z0.500
G0 F4200 X99.192 Y85.510
;TYPE:WALL-INNER
;WIDTH:0.400
G1 F900 Z0.200
G1 F1500 E17.9288
G1 F600 X99.063 Y85.464 E17.9338
G1 X99.019 Y85.396 E17.9368
G1 X99.013 Y85.334 E17.9391
G1 X99.013 Y81.287 E18.0872
G1 X99.033 Y81.182 E18.0911
G1 X99.063 Y81.138 E18.0930
G1 X99.129 Y81.094 E18.0959
G1 X99.191 Y81.088 E18.0982
G1 X103.315 Y81.099 E18.2491
G1 X103.405 Y81.158 E18.2530
G1 X103.438 Y81.268 E18.2572
G1 X103.438 Y85.313 E18.4052
G1 X103.417 Y85.417 E18.4091
G1 X103.387 Y85.462 E18.4111
G1 X103.342 Y85.492 E18.4130
G1 X103.239 Y85.513 E18.4169
G1 X99.692 Y85.510 E18.5467
G0 F600 X99.192 Y85.510
G1 F3000 E13.5467
G0 F4200 X99.149 Y85.910
;TYPE:WALL-OUTER
;WIDTH:0.400
G1 F900 Z0.200
G1 F1500 E18.5467
G1 F600 X98.945 Y85.866 E18.5543
G1 X98.774 Y85.751 E18.5618
G1 X98.656 Y85.573 E18.5696
G1 X98.624 Y85.470 E18.5736
G1 X98.613 Y85.353 E18.5779
G1 X98.613 Y81.248 E18.7281
G1 X98.656 Y81.027 E18.7363
G1 X98.774 Y80.849 E18.7441
G1 X98.952 Y80.731 E18.7519
G1 X99.055 Y80.699 E18.7559
G1 X99.173 Y80.688 E18.7602
G1 X103.395 Y80.699 E18.9147
G1 X103.593 Y80.781 E18.9225
G1 X103.744 Y80.932 E18.9303
G1 X103.826 Y81.131 E18.9382
G1 X103.838 Y81.248 E18.9425
G1 X103.838 Y85.353 E19.0927
G1 X103.794 Y85.573 E19.1009
G1 X103.676 Y85.751 E19.1087
G1 X103.498 Y85.869 E19.1165
G1 X103.278 Y85.913 E19.1248
G1 X99.649 Y85.910 E19.2575
G0 F600 X99.149 Y85.910
G0 F4200 X99.289 Y85.429
;TYPE:SOLID-FILL
;WIDTH:0.400
G1 F600 X99.091 Y85.232 E19.2677
G0 F4200 X99.091 Y84.666
G1 F600 X99.854 Y85.429 E19.3072
G0 F4200 X100.421 Y85.430
G1 F600 X99.091 Y84.101 E19.3760
G0 F4200 X99.091 Y83.535
G1 F600 X100.987 Y85.431 E19.4741
G0 F4200 X101.553 Y85.431
G1 F600 X99.091 Y82.969 E19.6015
G0 F4200 X99.091 Y82.404
G1 F600 X102.119 Y85.431 E19.7581
G0 F4200 X102.686 Y85.432
G1 F600 X99.091 Y81.838 E19.9441
G0 F4200 X99.091 Y81.272
G1 F600 X103.251 Y85.432 E20.1594
G0 F4200 X103.357 Y84.972
G1 F600 X99.554 Y81.169 E20.3561
G0 F4200 X100.121 Y81.170
G1 F600 X103.357 Y84.406 E20.5236
G0 F4200 X103.357 Y83.840
G1 F600 X100.688 Y81.172 E20.6616
G0 F4200 X101.256 Y81.174
G1 F600 X103.357 Y83.275 E20.7703
G0 F4200 X103.357 Y82.709
G1 F600 X101.823 Y81.175 E20.8497
G0 F4200 X102.390 Y81.177
G1 F600 X103.357 Y82.143 E20.8997
G0 F4200 X103.357 Y81.578
G1 F600 X102.957 Y81.178 E20.9204
G1 F3000 E15.9204
G1 F900 Z0.500
G0 F4200 X105.567 Y79.135
;TYPE:WALL-INNER
;WIDTH:0.400
G1 F900 Z0.200
G1 F1500 E20.9204
G1 F600 X105.438 Y79.089 E20.9254
G1 X105.394 Y79.021 E20.9284
G1 X105.388 Y78.959 E20.9307
G1 X105.388 Y74.912 E21.0787
G1 X105.408 Y74.807 E21.0826
G1 X105.438 Y74.763 E21.0846
G1 X105.504 Y74.719 E21.0875
G1 X105.566 Y74.713 E21.0898
G1 X109.690 Y74.724 E21.2407
G1 X109.780 Y74.783 E21.2446
G1 X109.813 Y74.893 E21.2488
G1 X109.813 Y78.938 E21.3968
G1 X109.792 Y79.042 E21.4007
G1 X109.762 Y79.087 E21.4026
G1 X109.717 Y79.117 E21.4046
G1 X109.614 Y79.138 E21.4085
G1 X106.067 Y79.135 E21.5382
G0 F600 X105.567 Y79.135
G1 F3000 E16.5382
G0 F4200 X105.524 Y79.535
;TYPE:WALL-OUTER
;WIDTH:0.400
G1 F900 Z0.200
G1 F1500 E21.5382
G1 F600 X105.320 Y79.491 E21.5459
G1 X105.149 Y79.376 E21.5534
G1 X105.031 Y79.198 E21.5612
G1 X104.999 Y79.095 E21.5652
G1 X104.988 Y78.978 E21.5695
G1 X104.988 Y74.873 E21.7197
G1 X105.031 Y74.652 E21.7279
G1 X105.149 Y74.474 E21.7357
G1 X105.327 Y74.356 E21.7435
G1 X105.430 Y74.324 E21.7475
G1 X105.548 Y74.313 E21.7518
G1 X109.770 Y74.324 E21.9063
G1 X109.968 Y74.406 E21.9141
G1 X110.119 Y74.557 E21.9219
G1 X110.201 Y74.756 E21.9298
G1 X110.213 Y74.873 E21.9341
G1 X110.213 Y78.978 E22.0843
G1 X110.169 Y79.198 E22.0925
G1 X110.051 Y79.376 E22.1003
G1 X109.873 Y79.494 E22.1081
G1 X109.653 Y79.538 E22.1163
G1 X106.024 Y79.535 E22.2491
G0 F600 X105.524 Y79.535
G1 F3000 E17.2491
G0 F4200 X105.925 Y79.055
;TYPE:SOLID-FILL
;WIDTH:0.400
G1 F900 Z0.200
G1 F1500 E22.2491
G1 F600 X105.467 Y78.597 E22.2728
G0 F4200 X105.467 Y78.031
G1 F600 X106.490 Y79.055 E22.3258
G0 F4200 X107.057 Y79.055
G1 F600 X105.467 Y77.465 E22.4080
G0 F4200 X105.467 Y76.899
G1 F600 X107.623 Y79.056 E22.5196
G0 F4200 X108.189 Y79.056
G1 F600 X105.467 Y76.334 E22.6604
G0 F4200 X105.467 Y75.768
G1 F600 X108.755 Y79.057 E22.8306
G0 F4200 X109.321 Y79.057
G1 F600 X105.467 Y75.202 E23.0300
G0 F4200 X105.623 Y74.793
G1 F600 X109.732 Y78.902 E23.2426
G0 F4200 X109.732 Y78.336
G1 F600 X106.190 Y74.794 E23.4259
G0 F4200 X106.757 Y74.796
G1 F600 X109.732 Y77.771 E23.5798
G0 F4200 X109.732 Y77.205
G1 F600 X107.324 Y74.797 E23.7044
G0 F4200 X107.892 Y74.799
G1 F600 X109.732 Y76.639 E23.7996
G0 F4200 X109.732 Y76.074
G1 F600 X108.459 Y74.801 E23.8655
G0 F4200 X109.026 Y74.802
G1 F600 X109.732 Y75.508 E23.9020
G0 F4200 X109.732 Y74.942
G1 F600 X109.593 Y74.804 E23.9092
G1 F3000 E18.9092
G1 F900 Z0.500
G0 F4200 X111.857 Y85.492
;TYPE:WALL-INNER
;WIDTH:0.400
G1 F900 Z0.200
G1 F1500 E23.9092
G1 F600 X111.813 Y85.462 E23.9111
G1 X111.769 Y85.396 E23.9140
G1 X111.763 Y85.334 E23.9163
G1 X111.763 Y81.287 E24.0644
G1 X111.783 Y81.182 E24.0683
G1 X111.813 Y81.138 E24.0702
G1 X111.879 Y81.094 E24.0731
G1 X111.941 Y81.088 E24.0754
G1 X116.065 Y81.099 E24.2263
G1 X116.155 Y81.158 E24.2302
G1 X116.188 Y81.268 E24.2344
G1 X116.188 Y85.313 E24.3824
G1 X116.167 Y85.417 E24.3863
G1 X116.137 Y85.462 E24.3883
G1 X116.092 Y85.492 E24.3903
G1 X115.988 Y85.513 E24.3941
G1 X112.355 Y85.513 E24.5271
G0 F600 X111.962 Y85.513
G0 F600 X111.857 Y85.492
G1 F3000 E19.5271
G0 F4200 X111.702 Y85.869
;TYPE:WALL-OUTER
;WIDTH:0.400
G1 F900 Z0.200
G1 F1500 E24.5271
G1 F600 X111.524 Y85.751 E24.5349
G1 X111.406 Y85.573 E24.5427
G1 X111.374 Y85.470 E24.5466
G1 X111.363 Y85.353 E24.5509
G1 X111.363 Y81.248 E24.7011
G1 X111.406 Y81.027 E24.7094
G1 X111.524 Y80.849 E24.7172
G1 X111.702 Y80.731 E24.7250
G1 X111.805 Y80.699 E24.7289
G1 X111.923 Y80.688 E24.7333
G1 X116.145 Y80.699 E24.8877
G1 X116.343 Y80.781 E24.8956
G1 X116.494 Y80.932 E24.9034
G1 X116.576 Y81.131 E24.9113
G1 X116.588 Y81.248 E24.9156
G1 X116.588 Y85.353 E25.0658
G1 X116.544 Y85.573 E25.0740
G1 X116.426 Y85.751 E25.0818
G1 X116.248 Y85.869 E25.0896
G1 X116.028 Y85.913 E25.0978
G1 X112.198 Y85.913 E25.2379
G0 F600 X111.923 Y85.913
G0 F600 X111.702 Y85.869
G1 F3000 E20.2379
G0 F4200 X112.303 Y85.433
;TYPE:SOLID-FILL
;WIDTH:0.400
G1 F900 Z0.200
G1 F1500 E25.2379
G1 F600 X111.842 Y84.972 E25.2618
G0 F4200 X111.842 Y84.406
G1 F600 X112.869 Y85.433 E25.3149
G0 F4200 X113.434 Y85.433
G1 F600 X111.842 Y83.840 E25.3973
G0 F4200 X111.842 Y83.275
G1 F600 X114.000 Y85.433 E25.5090
G0 F4200 X114.566 Y85.433
G1 F600 X111.842 Y82.709 E25.6499
G0 F4200 X111.842 Y82.143
G1 F600 X115.131 Y85.433 E25.8201
G0 F4200 X115.697 Y85.433
G1 F600 X111.842 Y81.578 E26.0196
G0 F4200 X111.998 Y81.168
G1 F600 X116.107 Y85.277 E26.2322
G0 F4200 X116.107 Y84.712
G1 F600 X112.565 Y81.170 E26.4154
G0 F4200 X113.132 Y81.171
G1 F600 X116.107 Y84.146 E26.5694
G0 F4200 X116.107 Y83.580
G1 F600 X113.699 Y81.173 E26.6939
G0 F4200 X114.267 Y81.174
G1 F600 X116.107 Y83.015 E26.7892
G0 F4200 X116.107 Y82.449
G1 F600 X114.834 Y81.175 E26.8550
G0 F4200 X115.401 Y81.177
G1 F600 X116.107 Y81.883 E26.8916
G0 F4200 X116.107 Y81.317
G1 F600 X115.968 Y81.178 E26.8988
G1 F3000 E21.8988
G1 F900 Z0.500
G0 F4200 X124.563 Y85.462
;TYPE:WALL-INNER
;WIDTH:0.400
G1 F900 Z0.200
G1 F1500 E26.8988
G1 F600 X124.519 Y85.396 E26.9017
G1 X124.513 Y85.334 E26.9039
G1 X124.513 Y81.287 E27.0520
G1 X124.533 Y81.182 E27.0559
G1 X124.563 Y81.138 E27.0579
G1 X124.629 Y81.094 E27.0608
G1 X124.691 Y81.088 E27.0631
G1 X128.815 Y81.099 E27.2139
G1 X128.905 Y81.158 E27.2179
G1 X128.938 Y81.268 E27.2221
G1 X128.938 Y85.313 E27.3701
G1 X128.917 Y85.417 E27.3739
G1 X128.888 Y85.462 E27.3759
G1 X128.842 Y85.492 E27.3779
G1 X128.738 Y85.513 E27.3818
G1 X125.052 Y85.513 E27.5167
G0 F600 X124.712 Y85.513
G0 F600 X124.607 Y85.492
G0 F600 X124.563 Y85.462
G1 F3000 E22.5167
G0 F4200 X124.274 Y85.751
;TYPE:WALL-OUTER
;WIDTH:0.400
G1 F900 Z0.200
G1 F1500 E27.5167
G1 F600 X124.156 Y85.573 E27.5245
G1 X124.124 Y85.470 E27.5284
G1 X124.113 Y85.353 E27.5327
G1 X124.113 Y81.248 E27.6829
G1 X124.156 Y81.027 E27.6911
G1 X124.274 Y80.849 E27.6989
G1 X124.452 Y80.731 E27.7068
G1 X124.555 Y80.699 E27.7107
G1 X124.673 Y80.688 E27.7150
G1 X128.895 Y80.699 E27.8695
G1 X129.093 Y80.781 E27.8774
G1 X129.244 Y80.932 E27.8852
G1 X129.326 Y81.131 E27.8930
G1 X129.338 Y81.248 E27.8973
G1 X129.338 Y85.353 E28.0475
G1 X129.294 Y85.573 E28.0557
G1 X129.176 Y85.751 E28.0636
G1 X128.997 Y85.869 E28.0714
G1 X128.778 Y85.913 E28.0796
G1 X124.735 Y85.913 E28.2275
G0 F600 X124.673 Y85.913
G0 F600 X124.452 Y85.869
G0 F600 X124.274 Y85.751
G0 F4200 X124.747 Y85.432
;TYPE:SOLID-FILL
;WIDTH:0.400
G1 F600 X124.592 Y85.277 E28.2355
G0 F4200 X124.592 Y84.711
G1 F600 X125.313 Y85.432 E28.2728
G0 F4200 X125.879 Y85.432
G1 F600 X124.592 Y84.145 E28.3394
G0 F4200 X124.592 Y83.580
G1 F600 X126.444 Y85.432 E28.4352
G0 F4200 X127.010 Y85.432
G1 F600 X124.592 Y83.014 E28.5603
G0 F4200 X124.592 Y82.448
G1 F600 X127.576 Y85.432 E28.7147
G0 F4200 X128.141 Y85.432
G1 F600 X124.592 Y81.882 E28.8984
G0 F4200 X124.592 Y81.317
G1 F600 X128.707 Y85.432 E29.1113
G0 F4200 X128.857 Y85.016
G1 F600 X125.009 Y81.168 E29.3104
G0 F4200 X125.576 Y81.170
G1 F600 X128.857 Y84.451 E29.4802
G0 F4200 X128.857 Y83.885
G1 F600 X126.143 Y81.171 E29.6206
G0 F4200 X126.710 Y81.173
G1 F600 X128.857 Y83.319 E29.7316
G0 F4200 X128.857 Y82.754
G1 F600 X127.278 Y81.175 E29.8133
G0 F4200 X127.845 Y81.176
G1 F600 X128.857 Y82.188 E29.8657
G0 F4200 X128.857 Y81.622
G1 F600 X128.412 Y81.177 E29.8887
G1 F3000 E24.8887
G1 F900 Z0.500
G0 F4200 X124.563 Y91.839
;TYPE:WALL-INNER
;WIDTH:0.400
G1 F900 Z0.200
G1 F1500 E29.8887
G1 F600 X124.519 Y91.771 E29.8917
G1 X124.513 Y91.709 E29.8940
G1 X124.513 Y87.662 E30.0420
G1 X124.533 Y87.557 E30.0459
G1 X124.563 Y87.512 E30.0479
G1 X124.629 Y87.469 E30.0508
G1 X124.691 Y87.463 E30.0531
G1 X128.815 Y87.474 E30.2040
G1 X128.905 Y87.533 E30.2079
G1 X128.938 Y87.643 E30.2121
G1 X128.938 Y91.688 E30.3601
G1 X128.917 Y91.792 E30.3640
G1 X128.888 Y91.837 E30.3659
G1 X128.842 Y91.867 E30.3679
G1 X128.738 Y91.888 E30.3718
G1 X125.056 Y91.885 E30.5065
G0 F600 X124.692 Y91.885
G0 F600 X124.563 Y91.839
G1 F3000 E25.5065
G0 F4200 X124.274 Y92.126
;TYPE:WALL-OUTER
;WIDTH:0.400
G1 F900 Z0.200
G1 F1500 E30.5065
G1 F600 X124.156 Y91.948 E30.5143
G1 X124.124 Y91.845 E30.5183
G1 X124.113 Y91.728 E30.5226
G1 X124.113 Y87.623 E30.6728
G1 X124.156 Y87.403 E30.6810
G1 X124.274 Y87.224 E30.6888
G1 X124.452 Y87.106 E30.6966
G1 X124.555 Y87.074 E30.7006
G1 X124.673 Y87.063 E30.7049
G1 X128.895 Y87.074 E30.8594
G1 X129.093 Y87.156 E30.8672
G1 X129.244 Y87.307 E30.8750
G1 X129.326 Y87.506 E30.8829
G1 X129.338 Y87.623 E30.8872
G1 X129.338 Y91.728 E31.0374
G1 X129.294 Y91.948 E31.0456
G1 X129.176 Y92.126 E31.0534
G1 X128.997 Y92.244 E31.0613
G1 X128.778 Y92.288 E31.0694
G1 X124.735 Y92.285 E31.2174
G0 F600 X124.649 Y92.285
G0 F600 X124.445 Y92.241
G0 F600 X124.274 Y92.126
G1 F3000 E26.2174
G0 F4200 X124.897 Y91.805
;TYPE:SOLID-FILL
;WIDTH:0.400
G1 F900 Z0.200
G1 F1500 E31.2174
G1 F600 X124.592 Y91.499 E31.2332
G0 F4200 X124.592 Y90.933
G1 F600 X125.463 Y91.805 E31.2783
G0 F4200 X126.029 Y91.805
G1 F600 X124.592 Y90.368 E31.3526
G0 F4200 X124.592 Y89.802
G1 F600 X126.595 Y91.805 E31.4562
G0 F4200 X127.161 Y91.806
G1 F600 X124.592 Y89.236 E31.5892
G0 F4200 X124.592 Y88.671
G1 F600 X127.727 Y91.806 E31.7514
G0 F4200 X128.293 Y91.807
G1 F600 X124.592 Y88.105 E31.9429
G0 F4200 X124.595 Y87.543
G1 F600 X128.857 Y91.805 E32.1634
G0 F4200 X128.857 Y91.239
G1 F600 X125.162 Y87.544 E32.3546
G0 F4200 X125.729 Y87.546
G1 F600 X128.857 Y90.673 E32.5164
G0 F4200 X128.857 Y90.108
G1 F600 X126.297 Y87.547 E32.6489
G0 F4200 X126.864 Y87.549
G1 F600 X128.857 Y89.542 E32.7520
G0 F4200 X128.857 Y88.976
G1 F600 X127.431 Y87.550 E32.8258
G0 F4200 X127.998 Y87.551
G1 F600 X128.857 Y88.410 E32.8703
G0 F4200 X128.857 Y87.845
G1 F600 X128.565 Y87.553 E32.8854
G1 F3000 E27.8854
G1 F900 Z0.500
G0 F4200 X118.188 Y98.214
;TYPE:WALL-INNER
;WIDTH:0.400
G1 F900 Z0.200
G1 F1500 E32.8854
G1 F600 X118.144 Y98.146 E32.8883
G1 X118.138 Y98.084 E32.8906
G1 X118.138 Y94.037 E33.0387
G1 X118.158 Y93.932 E33.0426
G1 X118.188 Y93.887 E33.0446
G1 X118.254 Y93.844 E33.0474
G1 X118.316 Y93.838 E33.0497
G1 X122.440 Y93.849 E33.2006
G1 X122.530 Y93.908 E33.2045
G1 X122.563 Y94.018 E33.2087
G1 X122.563 Y98.063 E33.3567
G1 X122.542 Y98.167 E33.3606
G1 X122.512 Y98.212 E33.3626
G1 X122.467 Y98.242 E33.3646
G1 X122.364 Y98.263 E33.3684
G1 X118.681 Y98.260 E33.5032
G0 F600 X118.317 Y98.260
G0 F600 X118.188 Y98.214
G1 F3000 E28.5032
G0 F4200 X117.899 Y98.501
;TYPE:WALL-OUTER
;WIDTH:0.400
G1 F900 Z0.200
G1 F1500 E33.5032
G1 F600 X117.781 Y98.323 E33.5110
G1 X117.749 Y98.220 E33.5149
G1 X117.738 Y98.103 E33.5192
G1 X117.738 Y93.998 E33.6694
G1 X117.781 Y93.778 E33.6776
G1 X117.899 Y93.599 E33.6855
G1 X118.077 Y93.481 E33.6933
G1 X118.180 Y93.449 E33.6972
G1 X118.298 Y93.438 E33.7016
G1 X122.520 Y93.449 E33.8560
G1 X122.718 Y93.531 E33.8639
G1 X122.869 Y93.682 E33.8717
G1 X122.951 Y93.881 E33.8796
G1 X122.963 Y93.998 E33.8839
G1 X122.963 Y98.103 E34.0340
G1 X122.919 Y98.323 E34.0422
G1 X122.801 Y98.501 E34.0501
G1 X122.623 Y98.619 E34.0579
G1 X122.403 Y98.663 E34.0661
G1 X118.360 Y98.660 E34.2140
G0 F600 X118.274 Y98.660
G0 F600 X118.070 Y98.616
G0 F600 X117.899 Y98.501
G1 F3000 E29.2140
G0 F4200 X118.827 Y98.179
;TYPE:SOLID-FILL
;WIDTH:0.400
G1 F900 Z0.200
G1 F1500 E34.2140
G1 F600 X118.216 Y97.569 E34.2456
G0 F4200 X118.216 Y97.003
G1 F600 X119.393 Y98.180 E34.3065
G0 F4200 X119.959 Y98.181
G1 F600 X118.216 Y96.438 E34.3967
G0 F4200 X118.216 Y95.872
G1 F600 X120.525 Y98.181 E34.5161
G0 F4200 X121.092 Y98.181
G1 F600 X118.216 Y95.306 E34.6649
G0 F4200 X118.216 Y94.740
G1 F600 X121.658 Y98.182 E34.8430
G0 F4200 X122.224 Y98.182
G1 F600 X118.216 Y94.175 E35.0504
G0 F4200 X118.526 Y93.919
G1 F600 X122.482 Y97.874 E35.2550
G0 F4200 X122.482 Y97.309
G1 F600 X119.093 Y93.920 E35.4304
G0 F4200 X119.660 Y93.922
G1 F600 X122.482 Y96.743 E35.5764
G0 F4200 X122.482 Y96.177
G1 F600 X120.227 Y93.923 E35.6930
G0 F4200 X120.795 Y93.924
G1 F600 X122.482 Y95.612 E35.7803
G0 F4200 X122.482 Y95.046
G1 F600 X121.362 Y93.926 E35.8383
G0 F4200 X121.929 Y93.927
G1 F600 X122.482 Y94.480 E35.8669
G1 F3000 E30.8669
G1 F900 Z0.500
G0 F4200 X124.563 Y79.089
;TYPE:WALL-INNER
;WIDTH:0.400
G1 F900 Z0.200
G1 F1500 E35.8669
G1 F600 X124.519 Y79.021 E35.8698
G1 X124.513 Y78.959 E35.8721
G1 X124.513 Y74.912 E36.0202
G1 X124.533 Y74.807 E36.0241
G1 X124.563 Y74.763 E36.0260
G1 X124.629 Y74.719 E36.0289
G1 X124.691 Y74.713 E36.0312
G1 X128.815 Y74.724 E36.1821
G1 X128.905 Y74.783 E36.1860
G1 X128.938 Y74.893 E36.1902
G1 X128.938 Y78.938 E36.3382
G1 X128.917 Y79.042 E36.3421
G1 X128.888 Y79.087 E36.3441
G1 X128.842 Y79.117 E36.3461
G1 X128.738 Y79.138 E36.3500
G1 X125.056 Y79.135 E36.4847
G0 F600 X124.692 Y79.135
G0 F600 X124.563 Y79.089
G1 F3000 E31.4847
G0 F4200 X124.274 Y79.376
;TYPE:WALL-OUTER
;WIDTH:0.400
G1 F900 Z0.200
G1 F1500 E36.4847
G1 F600 X124.156 Y79.198 E36.4925
G1 X124.124 Y79.095 E36.4964
G1 X124.113 Y78.978 E36.5007
G1 X124.113 Y74.873 E36.6509
G1 X124.156 Y74.652 E36.6592
G1 X124.274 Y74.474 E36.6670
G1 X124.452 Y74.356 E36.6748
G1 X124.555 Y74.324 E36.6787
G1 X124.673 Y74.313 E36.6831
G1 X128.895 Y74.324 E36.8375
G1 X129.093 Y74.406 E36.8454
G1 X129.244 Y74.557 E36.8532
G1 X129.326 Y74.756 E36.8611
G1 X129.338 Y74.873 E36.8654
G1 X129.338 Y78.978 E37.0156
G1 X129.294 Y79.198 E37.0238
G1 X129.176 Y79.376 E37.0316
G1 X128.997 Y79.494 E37.0394
G1 X128.778 Y79.538 E37.0476
G1 X124.735 Y79.535 E37.1955
G0 F600 X124.649 Y79.535
G0 F600 X124.445 Y79.491
G0 F600 X124.274 Y79.376
G1 F3000 E32.1955
G0 F4200 X125.157 Y79.054
;TYPE:SOLID-FILL
;WIDTH:0.400
G1 F900 Z0.200
G1 F1500 E37.1955
G1 F600 X124.592 Y78.488 E37.2248
G0 F4200 X124.592 Y77.923
G1 F600 X125.724 Y79.055 E37.2833
G0 F4200 X126.289 Y79.055
G1 F600 X124.592 Y77.357 E37.3712
G0 F4200 X124.592 Y76.791
G1 F600 X126.856 Y79.055 E37.4883
G0 F4200 X127.422 Y79.056
G1 F600 X124.592 Y76.226 E37.6347
G0 F4200 X124.592 Y75.660
G1 F600 X127.988 Y79.056 E37.8105
G0 F4200 X128.554 Y79.057
G1 F600 X124.592 Y75.094 E38.0155
G0 F4200 X124.857 Y74.794
G1 F600 X128.856 Y78.793 E38.2224
G0 F4200 X128.856 Y78.227
G1 F600 X125.424 Y74.795 E38.4000
G0 F4200 X125.991 Y74.797
G1 F600 X128.856 Y77.662 E38.5482
G0 F4200 X128.856 Y77.096
G1 F600 X126.558 Y74.798 E38.6671
G0 F4200 X127.125 Y74.799
G1 F600 X128.856 Y76.530 E38.7567
G0 F4200 X128.856 Y75.965
G1 F600 X127.692 Y74.801 E38.8169
G0 F4200 X128.259 Y74.802
G1 F600 X128.856 Y75.399 E38.8478
G1 F3000 E33.8478
G1 F900 Z0.500
G0 F4200 X118.232 Y72.742
;TYPE:WALL-INNER
;WIDTH:0.400
G1 F900 Z0.200
G1 F1500 E38.8478
G1 F600 X118.188 Y72.712 E38.8497
G1 X118.144 Y72.646 E38.8526
G1 X118.138 Y72.584 E38.8549
G1 X118.138 Y68.537 E39.0030
G1 X118.158 Y68.432 E39.0069
G1 X118.188 Y68.388 E39.0088
G1 X118.254 Y68.344 E39.0117
G1 X118.316 Y68.338 E39.0140
G1 X122.440 Y68.349 E39.1649
G1 X122.530 Y68.408 E39.1688
G1 X122.563 Y68.518 E39.1730
G1 X122.563 Y72.563 E39.3210
G1 X122.542 Y72.667 E39.3249
G1 X122.512 Y72.712 E39.3269
G1 X122.467 Y72.742 E39.3289
G1 X122.363 Y72.763 E39.3327
G1 X118.730 Y72.763 E39.4657
G0 F600 X118.337 Y72.763
G0 F600 X118.232 Y72.742
G1 F3000 E34.4657
G0 F4200 X118.077 Y73.119
;TYPE:WALL-OUTER
;WIDTH:0.400
G1 F900 Z0.200
G1 F1500 E39.4657
G1 F600 X117.899 Y73.001 E39.4735
G1 X117.781 Y72.823 E39.4813
G1 X117.749 Y72.720 E39.4852
G1 X117.738 Y72.603 E39.4895
G1 X117.738 Y68.498 E39.6397
G1 X117.781 Y68.277 E39.6480
G1 X117.899 Y68.099 E39.6558
G1 X118.077 Y67.981 E39.6636
G1 X118.180 Y67.949 E39.6675
G1 X118.298 Y67.938 E39.6719
G1 X122.520 Y67.949 E39.8263
G1 X122.718 Y68.031 E39.8342
G1 X122.869 Y68.182 E39.8420
G1 X122.951 Y68.381 E39.8499
G1 X122.963 Y68.498 E39.8542
G1 X122.963 Y72.603 E40.0043
G1 X122.919 Y72.823 E40.0126
G1 X122.801 Y73.001 E40.0204
G1 X122.623 Y73.119 E40.0282
G1 X122.403 Y73.163 E40.0364
G1 X118.573 Y73.163 E40.1765
G0 F600 X118.298 Y73.163
G0 F600 X118.077 Y73.119
G1 F3000 E35.1765
G0 F4200 X118.786 Y72.682
;TYPE:SOLID-FILL
;WIDTH:0.400
G1 F900 Z0.200
G1 F1500 E40.1765
G1 F600 X118.216 Y72.113 E40.2060
G0 F4200 X118.216 Y71.547
G1 F600 X119.351 Y72.682 E40.2647
G0 F4200 X119.917 Y72.682
G1 F600 X118.216 Y70.982 E40.3527
G0 F4200 X118.216 Y70.416
G1 F600 X120.483 Y72.682 E40.4700
G0 F4200 X121.048 Y72.682
G1 F600 X118.216 Y69.850 E40.6165
G0 F4200 X118.216 Y69.285
G1 F600 X121.614 Y72.682 E40.7923
G0 F4200 X122.180 Y72.682
G1 F600 X118.216 Y68.719 E40.9974
G0 F4200 X118.482 Y68.418
G1 F600 X122.482 Y72.419 E41.2043
G0 F4200 X122.482 Y71.853
G1 F600 X119.049 Y68.421 E41.3819
G0 F4200 X119.617 Y68.422
G1 F600 X122.482 Y71.287 E41.5302
G0 F4200 X122.482 Y70.721
G1 F600 X120.184 Y68.423 E41.6491
G0 F4200 X120.751 Y68.425
G1 F600 X122.482 Y70.156 E41.7386
G0 F4200 X122.482 Y69.590
G1 F600 X121.318 Y68.426 E41.7989
G0 F4200 X121.885 Y68.428
G1 F600 X122.482 Y69.024 E41.8297
G1 F3000 E36.8297
G1 F900 Z0.500
G0 F4200 X96.864 Y72.763
;TYPE:WALL-INNER
;WIDTH:0.400
G1 F900 Z0.200
G1 F1500 E41.8297
G1 F600 X92.817 Y72.760 E41.9778
G1 X92.688 Y72.714 E41.9828
G1 X92.644 Y72.646 E41.9858
G1 X92.638 Y72.584 E41.9880
G1 X92.638 Y68.537 E42.1361
G1 X92.658 Y68.432 E42.1400
G1 X92.688 Y68.388 E42.1420
G1 X92.754 Y68.344 E42.1449
G1 X92.816 Y68.338 E42.1472
G1 X96.940 Y68.349 E42.2980
G1 X97.030 Y68.408 E42.3020
G1 X97.063 Y68.518 E42.3062
G1 X97.063 Y72.382 E42.4475
G0 F600 X97.063 Y72.563
G0 F600 X97.042 Y72.667
G0 F600 X97.012 Y72.712
G0 F600 X96.967 Y72.742
G0 F600 X96.864 Y72.763
G1 F3000 E37.4475
G0 F4200 X96.903 Y73.163
;TYPE:WALL-OUTER
;WIDTH:0.400
G1 F900 Z0.200
G1 F1500 E42.4475
G1 F600 X92.774 Y73.160 E42.5986
G1 X92.570 Y73.116 E42.6062
G1 X92.399 Y73.001 E42.6138
G1 X92.281 Y72.823 E42.6216
G1 X92.249 Y72.720 E42.6255
G1 X92.238 Y72.603 E42.6298
G1 X92.238 Y68.498 E42.7800
G1 X92.281 Y68.277 E42.7883
G1 X92.399 Y68.099 E42.7961
G1 X92.577 Y67.981 E42.8039
G1 X92.680 Y67.949 E42.8078
G1 X92.798 Y67.938 E42.8122
G1 X97.020 Y67.949 E42.9666
G1 X97.218 Y68.031 E42.9745
G1 X97.369 Y68.182 E42.9823
G1 X97.451 Y68.381 E42.9902
G1 X97.463 Y68.498 E42.9945
G1 X97.463 Y72.603 E43.1447
G1 X97.419 Y72.823 E43.1529
G1 X97.335 Y72.949 E43.1584
G0 F600 X97.301 Y73.001
G0 F600 X97.123 Y73.119
G0 F600 X96.903 Y73.163
G1 F3000 E38.1584
G0 F4200 X93.327 Y72.679
;TYPE:SOLID-FILL
;WIDTH:0.400
G1 F900 Z0.200
G1 F1500 E43.1584
G1 F600 X92.717 Y72.069 E43.1900
G0 F4200 X92.717 Y71.504
G1 F600 X93.893 Y72.680 E43.2508
G0 F4200 X94.459 Y72.680
G1 F600 X92.717 Y70.938 E43.3409
G0 F4200 X92.717 Y70.372
G1 F600 X95.025 Y72.681 E43.4604
G0 F4200 X95.591 Y72.681
G1 F600 X92.717 Y69.806 E43.6091
G0 F4200 X92.717 Y69.241
G1 F600 X96.158 Y72.682 E43.7872
G0 F4200 X96.723 Y72.682
G1 F600 X92.717 Y68.675 E43.9945
G0 F4200 X93.026 Y68.419
G1 F600 X96.981 Y72.374 E44.1991
G0 F4200 X96.981 Y71.808
G1 F600 X93.594 Y68.421 E44.3743
G0 F4200 X94.161 Y68.422
G1 F600 X96.981 Y71.243 E44.5203
G0 F4200 X96.981 Y70.677
G1 F600 X94.728 Y68.423 E44.6369
G0 F4200 X95.295 Y68.425
G1 F600 X96.981 Y70.111 E44.7241
G0 F4200 X96.981 Y69.546
G1 F600 X95.862 Y68.426 E44.7820
G0 F4200 X96.429 Y68.428
G1 F600 X96.981 Y68.980 E44.8106
;LAYER:1
;Z:0.400
;HEIGHT:0.200
M106 S255
G4 P500
M106 S128
M140 S0
G1 F3000 E39.8106
G0 F900 Z0.400
G0 F4200 X96.863 Y72.763
;TYPE:WALL-INNER
;WIDTH:0.400
G1 F900 Z0.400
G1 F1500 E44.8106
G1 F1650 X92.837 Y72.763 E44.9445
G1 X92.687 Y72.715 E44.9497
G1 X92.655 Y72.679 E44.9513
G1 X92.638 Y72.584 E44.9545
G1 X92.638 Y68.537 E45.0891
G1 X92.658 Y68.432 E45.0927
G1 X92.688 Y68.388 E45.0945
G1 X92.754 Y68.344 E45.0971
G1 X92.816 Y68.338 E45.0992
G1 X96.940 Y68.349 E45.2363
G1 X97.030 Y68.408 E45.2399
G1 X97.063 Y68.518 E45.2437
G1 X97.063 Y72.383 E45.3723
G0 F1650 X97.063 Y72.563
G0 F1650 X97.042 Y72.667
G0 F1650 X97.012 Y72.712
G0 F1650 X96.967 Y72.742
G0 F1650 X96.863 Y72.763
G1 F3000 E40.3723
G0 F4200 X96.903 Y73.163
;TYPE:WALL-OUTER
;WIDTH:0.400
G1 F900 Z0.400
G1 F1500 E45.3723
G1 F1650 X92.798 Y73.163 E45.5088
G1 X92.577 Y73.119 E45.5163
G1 X92.425 Y73.022 E45.5223
G1 X92.329 Y72.914 E45.5271
G1 X92.281 Y72.823 E45.5305
G1 X92.249 Y72.720 E45.5341
G1 X92.238 Y72.603 E45.5380
G1 X92.238 Y68.498 E45.6746
G1 X92.281 Y68.277 E45.6821
G1 X92.399 Y68.099 E45.6892
G1 X92.577 Y67.981 E45.6963
G1 X92.680 Y67.949 E45.6999
G1 X92.798 Y67.938 E45.7038
G1 X97.020 Y67.949 E45.8442
G1 X97.218 Y68.031 E45.8514
G1 X97.369 Y68.182 E45.8585
G1 X97.451 Y68.381 E45.8656
G1 X97.463 Y68.498 E45.8695
G1 X97.463 Y72.603 E46.0061
G1 X97.419 Y72.823 E46.0135
G1 X97.335 Y72.949 E46.0186
G0 F1650 X97.301 Y73.001
G0 F1650 X97.123 Y73.119
G0 F1650 X96.903 Y73.163
G0 F4200 X96.739 Y72.683
;TYPE:SOLID-FILL
;WIDTH:0.400
G1 F1050 X96.981 Y72.440 E46.0296
G0 F4200 X96.981 Y71.875
G1 F1050 X96.173 Y72.683 E46.0665
G0 F4200 X95.607 Y72.683
G1 F1050 X96.981 Y71.309 E46.1292
G0 F4200 X96.981 Y70.743
G1 F1050 X95.042 Y72.683 E46.2177
G0 F4200 X94.476 Y72.683
G1 F1050 X96.981 Y70.178 E46.3320
G0 F4200 X96.981 Y69.612
G1 F1050 X93.910 Y72.683 E46.4721
G0 F4200 X93.345 Y72.683
G1 F1050 X96.981 Y69.046 E46.6380
G0 F4200 X96.981 Y68.481
G1 F1050 X92.779 Y72.683 E46.8297
G0 F4200 X92.717 Y72.180
G1 F1050 X96.469 Y68.427 E47.0009
G0 F4200 X95.905 Y68.426
G1 F1050 X92.717 Y71.614 E47.1464
G0 F4200 X92.717 Y71.048
G1 F1050 X95.341 Y68.424 E47.2661
G0 F4200 X94.777 Y68.423
G1 F1050 X92.717 Y70.482 E47.3601
G0 F4200 X92.717 Y69.917
G1 F1050 X94.212 Y68.421 E47.4283
G0 F4200 X93.648 Y68.420
G1 F1050 X92.717 Y69.351 E47.4708
G0 F4200 X92.717 Y68.785
G1 F1050 X93.084 Y68.418 E47.4875
G1 F3000 E42.4875
G1 F900 Z0.700
G0 F4200 X90.592 Y79.117
;TYPE:WALL-INNER
;WIDTH:0.400
G1 F900 Z0.400
G1 F1500 E47.4875
G1 F1650 X90.488 Y79.138 E47.4911
G1 X86.462 Y79.138 E47.6250
G1 X86.357 Y79.117 E47.6285
G1 X86.313 Y79.087 E47.6303
G1 X86.269 Y79.021 E47.6329
G1 X86.263 Y78.959 E47.6350
G1 X86.263 Y74.912 E47.7696
G1 X86.283 Y74.807 E47.7732
G1 X86.313 Y74.763 E47.7749
G1 X86.379 Y74.719 E47.7776
G1 X86.441 Y74.713 E47.7796
G1 X90.565 Y74.724 E47.9168
G1 X90.655 Y74.783 E47.9204
G1 X90.688 Y74.893 E47.9242
G1 X90.688 Y78.652 E48.0492
G0 F1650 X90.688 Y78.938
G0 F1650 X90.667 Y79.042
G0 F1650 X90.637 Y79.087
G0 F1650 X90.592 Y79.117
G1 F3000 E43.0492
G0 F4200 X90.748 Y79.494
;TYPE:WALL-OUTER
;WIDTH:0.400
G1 F900 Z0.400
G1 F1500 E48.0492
G1 F1650 X90.528 Y79.538 E48.0567
G1 X86.423 Y79.538 E48.1932
G1 X86.202 Y79.494 E48.2007
G1 X86.024 Y79.376 E48.2078
G1 X85.906 Y79.198 E48.2149
G1 X85.874 Y79.095 E48.2185
G1 X85.863 Y78.978 E48.2224
G1 X85.863 Y74.873 E48.3590
G1 X85.906 Y74.652 E48.3664
G1 X86.024 Y74.474 E48.3735
G1 X86.202 Y74.356 E48.3807
G1 X86.305 Y74.324 E48.3842
G1 X86.423 Y74.313 E48.3882
G1 X90.645 Y74.324 E48.5286
G1 X90.843 Y74.406 E48.5357
G1 X90.994 Y74.557 E48.5428
G1 X91.076 Y74.756 E48.5500
G1 X91.088 Y74.873 E48.5539
G1 X91.088 Y78.978 E48.6904
G1 X91.058 Y79.126 E48.6955
G0 F1650 X91.044 Y79.198
G0 F1650 X90.926 Y79.376
G0 F1650 X90.748 Y79.494
G0 F4200 X90.364 Y79.058
;TYPE:SOLID-FILL
;WIDTH:0.400
G1 F1050 X90.607 Y78.815 E48.7065
G0 F4200 X90.607 Y78.249
G1 F1050 X89.799 Y79.058 E48.7434
G0 F4200 X89.233 Y79.058
G1 F1050 X90.607 Y77.684 E48.8061
G0 F4200 X90.607 Y77.118
G1 F1050 X88.667 Y79.058 E48.8946
G0 F4200 X88.101 Y79.058
G1 F1050 X90.607 Y76.552 E49.0090
G0 F4200 X90.607 Y75.987
G1 F1050 X87.536 Y79.058 E49.1491
G0 F4200 X86.970 Y79.058
G1 F1050 X90.607 Y75.421 E49.3150
G0 F4200 X90.607 Y74.855
G1 F1050 X86.404 Y79.058 E49.5068
G0 F4200 X86.342 Y78.554
G1 F1050 X90.095 Y74.801 E49.6780
G0 F4200 X89.531 Y74.800
G1 F1050 X86.342 Y77.988 E49.8235
G0 F4200 X86.342 Y77.423
G1 F1050 X88.966 Y74.799 E49.9432
G0 F4200 X88.402 Y74.797
G1 F1050 X86.342 Y76.857 E50.0372
G0 F4200 X86.342 Y76.291
G1 F1050 X87.838 Y74.796 E50.1055
G0 F4200 X87.273 Y74.794
G1 F1050 X86.342 Y75.726 E50.1480
G0 F4200 X86.342 Y75.160
G1 F1050 X86.709 Y74.793 E50.1647
G1 F3000 E45.1647
G1 F900 Z0.700
G0 F4200 X90.592 Y85.492
;TYPE:WALL-INNER
;WIDTH:0.400
G1 F900 Z0.400
G1 F1500 E50.1647
G1 F1650 X90.488 Y85.513 E50.1682
G1 X86.462 Y85.513 E50.3021
G1 X86.357 Y85.492 E50.3057
G1 X86.313 Y85.462 E50.3075
G1 X86.269 Y85.396 E50.3101
G1 X86.263 Y85.334 E50.3122
G1 X86.263 Y81.287 E50.4468
G1 X86.283 Y81.182 E50.4503
G1 X86.313 Y81.138 E50.4521
G1 X86.379 Y81.094 E50.4548
G1 X86.441 Y81.088 E50.4568
G1 X90.565 Y81.099 E50.5940
G1 X90.655 Y81.158 E50.5976
G1 X90.688 Y81.268 E50.6014
G1 X90.688 Y85.027 E50.7264
G0 F1650 X90.688 Y85.313
G0 F1650 X90.667 Y85.417
G0 F1650 X90.637 Y85.462
G0 F1650 X90.592 Y85.492
G1 F3000 E45.7264
G0 F4200 X90.748 Y85.869
;TYPE:WALL-OUTER
;WIDTH:0.400
G1 F900 Z0.400
G1 F1500 E50.7264
G1 F1650 X90.528 Y85.913 E50.7339
G1 X86.423 Y85.913 E50.8704
G1 X86.202 Y85.869 E50.8779
G1 X86.024 Y85.751 E50.8850
G1 X85.906 Y85.573 E50.8921
G1 X85.874 Y85.470 E50.8957
G1 X85.863 Y85.353 E50.8996
G1 X85.863 Y81.248 E51.0361
G1 X85.906 Y81.027 E51.0436
G1 X86.024 Y80.849 E51.0507
G1 X86.202 Y80.731 E51.0578
G1 X86.305 Y80.699 E51.0614
G1 X86.423 Y80.688 E51.0654
G1 X90.645 Y80.699 E51.2058
G1 X90.843 Y80.781 E51.2129
G1 X90.994 Y80.932 E51.2200
G1 X91.076 Y81.131 E51.2272
G1 X91.088 Y81.248 E51.2311
G1 X91.088 Y85.353 E51.3676
G1 X91.058 Y85.501 E51.3726
G0 F1650 X91.044 Y85.573
G0 F1650 X90.926 Y85.751
G0 F1650 X90.748 Y85.869
G1 F3000 E46.3726
G0 F4200 X90.212 Y85.432
;TYPE:SOLID-FILL
;WIDTH:0.400
G1 F900 Z0.400
G1 F1500 E51.3726
G1 F1050 X90.607 Y85.038 E51.3906
G0 F4200 X90.607 Y84.472
G1 F1050 X89.646 Y85.432 E51.4345
G0 F4200 X89.081 Y85.432
G1 F1050 X90.607 Y83.906 E51.5041
G0 F4200 X90.607 Y83.341
G1 F1050 X88.515 Y85.432 E51.5995
G0 F4200 X87.949 Y85.432
G1 F1050 X90.607 Y82.775 E51.7208
G0 F4200 X90.607 Y82.209
G1 F1050 X87.384 Y85.432 E51.8678
G0 F4200 X86.818 Y85.432
G1 F1050 X90.607 Y81.643 E52.0407
G0 F4200 X90.507 Y81.177
G1 F1050 X86.342 Y85.342 E52.2307
G0 F4200 X86.342 Y84.777
G1 F1050 X89.943 Y81.176 E52.3950
G0 F4200 X89.379 Y81.175
G1 F1050 X86.342 Y84.211 E52.5336
G0 F4200 X86.342 Y83.645
G1 F1050 X88.814 Y81.173 E52.6464
G0 F4200 X88.250 Y81.172
G1 F1050 X86.342 Y83.080 E52.7334
G0 F4200 X86.342 Y82.514
G1 F1050 X87.686 Y81.170 E52.7947
G0 F4200 X87.121 Y81.169
G1 F1050 X86.342 Y81.948 E52.8303
G0 F4200 X86.342 Y81.383
G1 F1050 X86.557 Y81.168 E52.8401
G1 F3000 E47.8401
G1 F900 Z0.700
G0 F4200 X90.592 Y91.867
;TYPE:WALL-INNER
;WIDTH:0.400
G1 F900 Z0.400
G1 F1500 E52.8401
G1 F1650 X90.488 Y91.888 E52.8436
G1 X86.462 Y91.888 E52.9775
G1 X86.312 Y91.840 E52.9828
G1 X86.280 Y91.804 E52.9844
G1 X86.263 Y91.709 E52.9876
G1 X86.263 Y87.662 E53.1222
G1 X86.283 Y87.557 E53.1257
G1 X86.313 Y87.512 E53.1275
G1 X86.379 Y87.469 E53.1301
G1 X86.441 Y87.463 E53.1322
G1 X90.565 Y87.474 E53.2694
G1 X90.655 Y87.533 E53.2730
G1 X90.688 Y87.643 E53.2768
G1 X90.688 Y91.402 E53.4018
G0 F1650 X90.688 Y91.688
G0 F1650 X90.667 Y91.792
G0 F1650 X90.637 Y91.837
G0 F1650 X90.592 Y91.867
G1 F3000 E48.4018
G0 F4200 X90.748 Y92.244
;TYPE:WALL-OUTER
;WIDTH:0.400
G1 F900 Z0.400
G1 F1500 E53.4018
G1 F1650 X90.528 Y92.288 E53.4093
G1 X86.423 Y92.288 E53.5458
G1 X86.202 Y92.244 E53.5533
G1 X86.050 Y92.147 E53.5593
G1 X85.954 Y92.039 E53.5641
G1 X85.906 Y91.948 E53.5675
G1 X85.874 Y91.845 E53.5711
G1 X85.863 Y91.728 E53.5750
G1 X85.863 Y87.623 E53.7115
G1 X85.906 Y87.403 E53.7190
G1 X86.024 Y87.224 E53.7261
G1 X86.202 Y87.106 E53.7332
G1 X86.305 Y87.074 E53.7368
G1 X86.423 Y87.063 E53.7408
G1 X90.645 Y87.074 E53.8812
G1 X90.843 Y87.156 E53.8883
G1 X90.994 Y87.307 E53.8954
G1 X91.076 Y87.506 E53.9026
G1 X91.088 Y87.623 E53.9065
G1 X91.088 Y91.728 E54.0430
G1 X91.058 Y91.876 E54.0480
G0 F1650 X91.044 Y91.948
G0 F1650 X90.926 Y92.126
G0 F1650 X90.748 Y92.244
G1 F3000 E49.0480
G0 F4200 X90.060 Y91.807
;TYPE:SOLID-FILL
;WIDTH:0.400
G1 F900 Z0.400
G1 F1500 E54.0480
G1 F1050 X90.607 Y91.260 E54.0730
G0 F4200 X90.607 Y90.694
G1 F1050 X89.494 Y91.807 E54.1238
G0 F4200 X88.929 Y91.807
G1 F1050 X90.607 Y90.129 E54.2003
G0 F4200 X90.607 Y89.563
G1 F1050 X88.363 Y91.807 E54.3027
G0 F4200 X87.797 Y91.807
G1 F1050 X90.607 Y88.997 E54.4309
G0 F4200 X90.607 Y88.432
G1 F1050 X87.232 Y91.807 E54.5849
G0 F4200 X86.666 Y91.807
G1 F1050 X90.607 Y87.866 E54.7647
G0 F4200 X90.355 Y87.552
G1 F1050 X86.342 Y91.565 E54.9478
G0 F4200 X86.342 Y90.999
G1 F1050 X89.791 Y87.551 E55.1052
G0 F4200 X89.226 Y87.549
G1 F1050 X86.342 Y90.434 E55.2368
G0 F4200 X86.342 Y89.868
G1 F1050 X88.662 Y87.548 E55.3426
G0 F4200 X88.099 Y87.546
G1 F1050 X86.342 Y89.302 E55.4228
G0 F4200 X86.342 Y88.736
G1 F1050 X87.534 Y87.544 E55.4772
G0 F4200 X86.970 Y87.543
G1 F1050 X86.342 Y88.171 E55.5058
G0 F4200 X86.342 Y87.605
G1 F1050 X86.406 Y87.541 E55.5087
G1 F3000 E50.5087
G1 F900 Z0.700
G0 F4200 X96.863 Y98.263
;TYPE:WALL-INNER
;WIDTH:0.400
G1 F900 Z0.400
G1 F1500 E55.5087
G1 F1650 X92.837 Y98.263 E55.6426
G1 X92.732 Y98.242 E55.6462
G1 X92.688 Y98.212 E55.6480
G1 X92.644 Y98.146 E55.6506
G1 X92.638 Y98.084 E55.6527
G1 X92.638 Y94.037 E55.7873
G1 X92.658 Y93.932 E55.7908
G1 X92.688 Y93.887 E55.7926
G1 X92.754 Y93.844 E55.7953
G1 X92.816 Y93.838 E55.7973
G1 X96.940 Y93.849 E55.9345
G1 X97.030 Y93.908 E55.9381
G1 X97.063 Y94.018 E55.9419
G1 X97.063 Y97.883 E56.0704
G0 F1650 X97.063 Y98.063
G0 F1650 X97.042 Y98.167
G0 F1650 X97.012 Y98.212
G0 F1650 X96.967 Y98.242
G0 F1650 X96.863 Y98.263
G1 F3000 E51.0704
G0 F4200 X96.903 Y98.663
;TYPE:WALL-OUTER
;WIDTH:0.400
G1 F900 Z0.400
G1 F1500 E56.0704
G1 F1650 X92.798 Y98.663 E56.2070
G1 X92.577 Y98.619 E56.2145
G1 X92.399 Y98.501 E56.2216
G1 X92.281 Y98.323 E56.2287
G1 X92.249 Y98.220 E56.2323
G1 X92.238 Y98.103 E56.2362
G1 X92.238 Y93.998 E56.3727
G1 X92.281 Y93.778 E56.3802
G1 X92.399 Y93.599 E56.3873
G1 X92.577 Y93.481 E56.3944
G1 X92.680 Y93.449 E56.3980
G1 X92.798 Y93.438 E56.4019
G1 X97.020 Y93.449 E56.5424
G1 X97.218 Y93.531 E56.5495
G1 X97.369 Y93.682 E56.5566
G1 X97.451 Y93.881 E56.5637
G1 X97.463 Y93.998 E56.5677
G1 X97.463 Y98.103 E56.7042
G1 X97.419 Y98.323 E56.7116
G1 X97.335 Y98.449 E56.7167
G0 F1650 X97.301 Y98.501
G0 F1650 X97.123 Y98.619
G0 F1650 X96.903 Y98.663
G0 F4200 X96.696 Y98.182
;TYPE:SOLID-FILL
;WIDTH:0.400
G1 F1050 X96.982 Y97.896 E56.7297
G0 F4200 X96.982 Y97.330
G1 F1050 X96.130 Y98.182 E56.7686
G0 F4200 X95.564 Y98.182
G1 F1050 X96.982 Y96.764 E56.8333
G0 F4200 X96.982 Y96.199
G1 F1050 X94.999 Y98.182 E56.9238
G0 F4200 X94.433 Y98.182
G1 F1050 X96.982 Y95.633 E57.0401
G0 F4200 X96.982 Y95.067
G1 F1050 X93.867 Y98.182 E57.1822
G0 F4200 X93.302 Y98.182
G1 F1050 X96.982 Y94.501 E57.3501
G0 F4200 X96.982 Y93.936
G1 F1050 X92.736 Y98.182 E57.5439
G0 F4200 X92.717 Y97.635
G1 F1050 X96.426 Y93.927 E57.7131
G0 F4200 X95.861 Y93.925
G1 F1050 X92.717 Y97.069 E57.8565
G0 F4200 X92.717 Y96.503
G1 F1050 X95.297 Y93.924 E57.9742
G0 F4200 X94.733 Y93.922
G1 F1050 X92.717 Y95.938 E58.0662
G0 F4200 X92.717 Y95.372
G1 F1050 X94.169 Y93.920 E58.1324
G0 F4200 X93.605 Y93.919
G1 F1050 X92.717 Y94.806 E58.1729
G0 F4200 X92.717 Y94.241
G1 F1050 X93.041 Y93.917 E58.1877
G1 F3000 E53.1877
G1 F900 Z0.700
G0 F4200 X105.587 Y91.888
;TYPE:WALL-INNER
;WIDTH:0.400
G1 F900 Z0.400
G1 F1500 E58.1877
G1 F1650 X105.482 Y91.867 E58.1913
G1 X105.438 Y91.837 E58.1930
G1 X105.394 Y91.771 E58.1957
G1 X105.388 Y91.709 E58.1978
G1 X105.388 Y87.662 E58.3324
G1 X105.408 Y87.557 E58.3359
G1 X105.438 Y87.512 E58.3377
G1 X105.504 Y87.469 E58.3403
G1 X105.566 Y87.463 E58.3424
G1 X109.690 Y87.474 E58.4796
G1 X109.780 Y87.533 E58.4831
G1 X109.813 Y87.643 E58.4870
G1 X109.813 Y91.688 E58.6215
G1 X109.792 Y91.792 E58.6250
G1 X109.762 Y91.837 E58.6268
G1 X109.717 Y91.867 E58.6286
G1 X109.613 Y91.888 E58.6322
G1 X106.087 Y91.888 E58.7494
G0 F1650 X105.587 Y91.888
G1 F3000 E53.7494
G0 F4200 X105.548 Y92.288
;TYPE:WALL-OUTER
;WIDTH:0.400
G1 F900 Z0.400
G1 F1500 E58.7494
G1 F1650 X105.327 Y92.244 E58.7569
G1 X105.149 Y92.126 E58.7640
G1 X105.031 Y91.948 E58.7711
G1 X104.999 Y91.845 E58.7747
G1 X104.988 Y91.728 E58.7786
G1 X104.988 Y87.623 E58.9152
G1 X105.031 Y87.403 E58.9226
G1 X105.149 Y87.224 E58.9297
G1 X105.327 Y87.106 E58.9369
G1 X105.430 Y87.074 E58.9404
G1 X105.548 Y87.063 E58.9444
G1 X109.770 Y87.074 E59.0848
G1 X109.968 Y87.156 E59.0919
G1 X110.119 Y87.307 E59.0990
G1 X110.201 Y87.506 E59.1062
G1 X110.213 Y87.623 E59.1101
G1 X110.213 Y91.728 E59.2466
G1 X110.169 Y91.948 E59.2541
G1 X110.051 Y92.126 E59.2612
G1 X109.873 Y92.244 E59.2683
G1 X109.653 Y92.288 E59.2758
G1 X106.048 Y92.288 E59.3957
G0 F1650 X105.548 Y92.288
G1 F3000 E54.3957
G0 F4200 X109.292 Y91.808
;TYPE:SOLID-FILL
;WIDTH:0.400
G1 F900 Z0.400
G1 F1500 E59.3957
G1 F1050 X109.731 Y91.369 E59.4157
G0 F4200 X109.731 Y90.803
G1 F1050 X108.726 Y91.808 E59.4616
G0 F4200 X108.161 Y91.808
G1 F1050 X109.731 Y90.238 E59.5332
G0 F4200 X109.731 Y89.672
G1 F1050 X107.595 Y91.808 E59.6306
G0 F4200 X107.029 Y91.808
G1 F1050 X109.731 Y89.106 E59.7539
G0 F4200 X109.731 Y88.541
G1 F1050 X106.464 Y91.808 E59.9030
G0 F4200 X105.898 Y91.808
G1 F1050 X109.731 Y87.975 E60.0779
G0 F4200 X109.588 Y87.553
G1 F1050 X105.467 Y91.673 E60.2659
G0 F4200 X105.467 Y91.107
G1 F1050 X109.023 Y87.551 E60.4281
G0 F4200 X108.459 Y87.550
G1 F1050 X105.467 Y90.542 E60.5646
G0 F4200 X105.467 Y89.976
G1 F1050 X107.895 Y87.549 E60.6754
G0 F4200 X107.331 Y87.547
G1 F1050 X105.467 Y89.410 E60.7604
G0 F4200 X105.467 Y88.845
G1 F1050 X106.766 Y87.546 E60.8197
G0 F4200 X106.202 Y87.544
G1 F1050 X105.467 Y88.279 E60.8532
G0 F4200 X105.467 Y87.713
G1 F1050 X105.638 Y87.543 E60.8610
G1 F3000 E55.8610
G1 F900 Z0.700
G0 F4200 X105.587 Y85.513
;TYPE:WALL-INNER
;WIDTH:0.400
G1 F900 Z0.400
G1 F1500 E60.8610
G1 F1650 X105.482 Y85.492 E60.8646
G1 X105.438 Y85.462 E60.8663
G1 X105.394 Y85.396 E60.8690
G1 X105.388 Y85.334 E60.8710
G1 X105.388 Y81.287 E61.0056
G1 X105.408 Y81.182 E61.0092
G1 X105.438 Y81.138 E61.0110
G1 X105.504 Y81.094 E61.0136
G1 X105.566 Y81.088 E61.0157
G1 X109.690 Y81.099 E61.1528
G1 X109.780 Y81.158 E61.1564
G1 X109.813 Y81.268 E61.1602
G1 X109.813 Y85.313 E61.2948
G1 X109.792 Y85.417 E61.2983
G1 X109.762 Y85.462 E61.3001
G1 X109.717 Y85.492 E61.3019
G1 X109.613 Y85.513 E61.3054
G1 X106.087 Y85.513 E61.4227
G0 F1650 X105.587 Y85.513
G1 F3000 E56.4227
G0 F4200 X105.548 Y85.913
;TYPE:WALL-OUTER
;WIDTH:0.400
G1 F900 Z0.400
G1 F1500 E61.4227
G1 F1650 X105.327 Y85.869 E61.4302
G1 X105.149 Y85.751 E61.4373
G1 X105.031 Y85.573 E61.4444
G1 X104.999 Y85.470 E61.4480
G1 X104.988 Y85.353 E61.4519
G1 X104.988 Y81.248 E61.5884
G1 X105.031 Y81.027 E61.5959
G1 X105.149 Y80.849 E61.6030
G1 X105.327 Y80.731 E61.6101
G1 X105.430 Y80.699 E61.6137
G1 X105.548 Y80.688 E61.6177
G1 X109.770 Y80.699 E61.7581
G1 X109.968 Y80.781 E61.7652
G1 X110.119 Y80.932 E61.7723
G1 X110.201 Y81.131 E61.7795
G1 X110.213 Y81.248 E61.7834
G1 X110.213 Y85.353 E61.9199
G1 X110.169 Y85.573 E61.9274
G1 X110.051 Y85.751 E61.9345
G1 X109.873 Y85.869 E61.9416
G1 X109.653 Y85.913 E61.9490
G1 X106.048 Y85.913 E62.0690
G0 F1650 X105.548 Y85.913
G1 F3000 E57.0690
G0 F4200 X109.445 Y85.433
;TYPE:SOLID-FILL
;WIDTH:0.400
G1 F900 Z0.400
G1 F1500 E62.0690
G1 F1050 X109.732 Y85.146 E62.0820
G0 F4200 X109.732 Y84.580
G1 F1050 X108.879 Y85.433 E62.1210
G0 F4200 X108.313 Y85.433
G1 F1050 X109.732 Y84.014 E62.1857
G0 F4200 X109.732 Y83.449
G1 F1050 X107.748 Y85.433 E62.2762
G0 F4200 X107.182 Y85.433
G1 F1050 X109.732 Y82.883 E62.3926
G0 F4200 X109.732 Y82.317
G1 F1050 X106.616 Y85.433 E62.5347
G0 F4200 X106.051 Y85.433
G1 F1050 X109.732 Y81.752 E62.7027
G0 F4200 X109.732 Y81.186
G1 F1050 X105.485 Y85.433 E62.8965
G0 F4200 X105.467 Y84.886
G1 F1050 X109.175 Y81.177 E63.0657
G0 F4200 X108.611 Y81.175
G1 F1050 X105.467 Y84.320 E63.2091
G0 F4200 X105.467 Y83.754
G1 F1050 X108.047 Y81.174 E63.3269
G0 F4200 X107.483 Y81.173
G1 F1050 X105.467 Y83.188 E63.4188
G0 F4200 X105.467 Y82.623
G1 F1050 X106.918 Y81.171 E63.4850
G0 F4200 X106.354 Y81.170
G1 F1050 X105.467 Y82.057 E63.5255
G0 F4200 X105.467 Y81.491
G1 F1050 X105.790 Y81.168 E63.5402
G1 F3000 E58.5402
G1 F900 Z0.700
G0 F4200 X99.212 Y85.513
;TYPE:WALL-INNER
;WIDTH:0.400
G1 F900 Z0.400
G1 F1500 E63.5402
G1 F1650 X99.062 Y85.465 E63.5455
G1 X99.030 Y85.429 E63.5471
G1 X99.013 Y85.334 E63.5503
G1 X99.013 Y81.287 E63.6849
G1 X99.033 Y81.182 E63.6885
G1 X99.063 Y81.138 E63.6902
G1 X99.129 Y81.094 E63.6929
G1 X99.191 Y81.088 E63.6949
G1 X103.315 Y81.099 E63.8321
G1 X103.405 Y81.158 E63.8357
G1 X103.438 Y81.268 E63.8395
G1 X103.438 Y85.313 E63.9740
G1 X103.417 Y85.417 E63.9776
G1 X103.387 Y85.462 E63.9794
G1 X103.342 Y85.492 E63.9812
G1 X103.238 Y85.513 E63.9847
G1 X99.712 Y85.513 E64.1020
G0 F1650 X99.212 Y85.513
G1 F3000 E59.1020
G0 F4200 X99.173 Y85.913
;TYPE:WALL-OUTER
;WIDTH:0.400
G1 F900 Z0.400
G1 F1500 E64.1020
G1 F1650 X98.952 Y85.869 E64.1095
G1 X98.800 Y85.772 E64.1155
G1 X98.704 Y85.664 E64.1203
G1 X98.656 Y85.573 E64.1237
G1 X98.624 Y85.470 E64.1273
G1 X98.613 Y85.353 E64.1312
G1 X98.613 Y81.248 E64.2677
G1 X98.656 Y81.027 E64.2752
G1 X98.774 Y80.849 E64.2823
G1 X98.952 Y80.731 E64.2894
G1 X99.055 Y80.699 E64.2930
G1 X99.173 Y80.688 E64.2969
G1 X103.395 Y80.699 E64.4374
G1 X103.593 Y80.781 E64.4445
G1 X103.744 Y80.932 E64.4516
G1 X103.826 Y81.131 E64.4588
G1 X103.838 Y81.248 E64.4627
G1 X103.838 Y85.353 E64.5992
G1 X103.794 Y85.573 E64.6067
G1 X103.676 Y85.751 E64.6138
G1 X103.498 Y85.869 E64.6209
G1 X103.278 Y85.913 E64.6283
G1 X99.673 Y85.913 E64.7482
G0 F1650 X99.173 Y85.913
G1 F3000 E59.7482
G0 F4200 X103.222 Y85.433
;TYPE:SOLID-FILL
;WIDTH:0.400
G1 F900 Z0.400
G1 F1500 E64.7482
G1 F1050 X103.357 Y85.298 E64.7544
G0 F4200 X103.357 Y84.733
G1 F1050 X102.657 Y85.433 E64.7863
G0 F4200 X102.091 Y85.433
G1 F1050 X103.357 Y84.167 E64.8441
G0 F4200 X103.357 Y83.601
G1 F1050 X101.525 Y85.433 E64.9277
G0 F4200 X100.959 Y85.433
G1 F1050 X103.357 Y83.036 E65.0371
G0 F4200 X103.357 Y82.470
G1 F1050 X100.394 Y85.433 E65.1723
G0 F4200 X99.828 Y85.433
G1 F1050 X103.357 Y81.904 E65.3333
G0 F4200 X103.357 Y81.339
G1 F1050 X99.262 Y85.433 E65.5201
G0 F4200 X99.092 Y85.038
G1 F1050 X102.952 Y81.177 E65.6962
G0 F4200 X102.388 Y81.176
G1 F1050 X99.092 Y84.472 E65.8466
G0 F4200 X99.092 Y83.906
G1 F1050 X101.824 Y81.175 E65.9712
G0 F4200 X101.259 Y81.173
G1 F1050 X99.092 Y83.341 E66.0701
G0 F4200 X99.092 Y82.775
G1 F1050 X100.695 Y81.172 E66.1433
G0 F4200 X100.131 Y81.170
G1 F1050 X99.092 Y82.209 E66.1907
G0 F4200 X99.092 Y81.643
G1 F1050 X99.567 Y81.168 E66.2123
G1 F3000 E61.2123
G1 F900 Z0.700
G0 F4200 X105.587 Y79.138
;TYPE:WALL-INNER
;WIDTH:0.400
G1 F900 Z0.400
G1 F1500 E66.2123
G1 F1650 X105.437 Y79.090 E66.2176
G1 X105.405 Y79.054 E66.2192
G1 X105.388 Y78.959 E66.2224
G1 X105.388 Y74.912 E66.3570
G1 X105.408 Y74.807 E66.3606
G1 X105.438 Y74.763 E66.3623
G1 X105.504 Y74.719 E66.3650
G1 X105.566 Y74.713 E66.3670
G1 X109.690 Y74.724 E66.5042
G1 X109.780 Y74.783 E66.5078
G1 X109.813 Y74.893 E66.5116
G1 X109.813 Y78.938 E66.6461
G1 X109.792 Y79.042 E66.6497
G1 X109.762 Y79.087 E66.6515
G1 X109.717 Y79.117 E66.6533
G1 X109.613 Y79.138 E66.6568
G1 X106.087 Y79.138 E66.7741
G0 F1650 X105.587 Y79.138
G1 F3000 E61.7741
G0 F4200 X105.548 Y79.538
;TYPE:WALL-OUTER
;WIDTH:0.400
G1 F900 Z0.400
G1 F1500 E66.7741
G1 F1650 X105.327 Y79.494 E66.7816
G1 X105.175 Y79.397 E66.7876
G1 X105.079 Y79.289 E66.7924
G1 X105.031 Y79.198 E66.7958
G1 X104.999 Y79.095 E66.7994
G1 X104.988 Y78.978 E66.8033
G1 X104.988 Y74.873 E66.9398
G1 X105.031 Y74.652 E66.9473
G1 X105.149 Y74.474 E66.9544
G1 X105.327 Y74.356 E66.9615
G1 X105.430 Y74.324 E66.9651
G1 X105.548 Y74.313 E66.9690
G1 X109.770 Y74.324 E67.1095
G1 X109.968 Y74.406 E67.1166
G1 X110.119 Y74.557 E67.1237
G1 X110.201 Y74.756 E67.1309
G1 X110.213 Y74.873 E67.1348
G1 X110.213 Y78.978 E67.2713
G1 X110.169 Y79.198 E67.2788
G1 X110.051 Y79.376 E67.2859
G1 X109.873 Y79.494 E67.2930
G1 X109.653 Y79.538 E67.3004
G1 X106.048 Y79.538 E67.4203
G0 F1650 X105.548 Y79.538
G1 F3000 E62.4203
G0 F4200 X109.598 Y79.058
;TYPE:SOLID-FILL
;WIDTH:0.400
G1 F900 Z0.400
G1 F1500 E67.4203
G1 F1050 X109.732 Y78.923 E67.4265
G0 F4200 X109.732 Y78.358
G1 F1050 X109.032 Y79.058 E67.4584
G0 F4200 X108.466 Y79.058
G1 F1050 X109.732 Y77.792 E67.5162
G0 F4200 X109.732 Y77.226
G1 F1050 X107.900 Y79.058 E67.5998
G0 F4200 X107.335 Y79.058
G1 F1050 X109.732 Y76.660 E67.7091
G0 F4200 X109.732 Y76.095
G1 F1050 X106.769 Y79.058 E67.8443
G0 F4200 X106.203 Y79.058
G1 F1050 X109.732 Y75.529 E68.0053
G0 F4200 X109.732 Y74.963
G1 F1050 X105.638 Y79.058 E68.1922
G0 F4200 X105.467 Y78.663
G1 F1050 X109.327 Y74.802 E68.3683
G0 F4200 X108.763 Y74.801
G1 F1050 X105.467 Y78.097 E68.5187
G0 F4200 X105.467 Y77.532
G1 F1050 X108.199 Y74.799 E68.6434
G0 F4200 X107.635 Y74.798
G1 F1050 X105.467 Y76.966 E68.7423
G0 F4200 X105.467 Y76.400
G1 F1050 X107.070 Y74.797 E68.8154
G0 F4200 X106.507 Y74.794
G1 F1050 X105.467 Y75.835 E68.8629
G0 F4200 X105.467 Y75.269
G1 F1050 X105.942 Y74.793 E68.8846
G1 F3000 E63.8846
G1 F900 Z0.700
G0 F4200 X111.857 Y85.492
;TYPE:WALL-INNER
;WIDTH:0.400
G1 F900 Z0.400
G1 F1500 E68.8846
G1 F1650 X111.813 Y85.462 E68.8863
G1 X111.769 Y85.396 E68.8890
G1 X111.763 Y85.334 E68.8911
G1 X111.763 Y81.287 E69.0257
G1 X111.783 Y81.182 E69.0292
G1 X111.813 Y81.138 E69.0310
G1 X111.879 Y81.094 E69.0336
G1 X111.941 Y81.088 E69.0357
G1 X116.065 Y81.099 E69.1729
G1 X116.155 Y81.158 E69.1764
G1 X116.188 Y81.268 E69.1803
G1 X116.188 Y85.313 E69.3148
G1 X116.167 Y85.417 E69.3183
G1 X116.137 Y85.462 E69.3201
G1 X116.092 Y85.492 E69.3219
G1 X115.988 Y85.513 E69.3255
G1 X112.355 Y85.513 E69.4463
G0 F1650 X111.962 Y85.513
G0 F1650 X111.857 Y85.492
G1 F3000 E64.4463
G0 F4200 X111.702 Y85.869
;TYPE:WALL-OUTER
;WIDTH:0.400
G1 F900 Z0.400
G1 F1500 E69.4463
G1 F1650 X111.524 Y85.751 E69.4534
G1 X111.406 Y85.573 E69.4605
G1 X111.374 Y85.470 E69.4641
G1 X111.363 Y85.353 E69.4680
G1 X111.363 Y81.248 E69.6045
G1 X111.406 Y81.027 E69.6120
G1 X111.524 Y80.849 E69.6191
G1 X111.702 Y80.731 E69.6262
G1 X111.805 Y80.699 E69.6298
G1 X111.923 Y80.688 E69.6337
G1 X116.145 Y80.699 E69.7742
G1 X116.343 Y80.781 E69.7813
G1 X116.494 Y80.932 E69.7884
G1 X116.576 Y81.131 E69.7956
G1 X116.588 Y81.248 E69.7995
G1 X116.588 Y85.353 E69.9360
G1 X116.544 Y85.573 E69.9435
G1 X116.426 Y85.751 E69.9506
G1 X116.248 Y85.869 E69.9577
G1 X116.028 Y85.913 E69.9651
G1 X112.198 Y85.913 E70.0925
G0 F1650 X111.923 Y85.913
G0 F1650 X111.702 Y85.869
G1 F3000 E65.0925
G0 F4200 X115.667 Y85.433
;TYPE:SOLID-FILL
;WIDTH:0.400
G1 F900 Z0.400
G1 F1500 E70.0925
G1 F1050 X116.106 Y84.994 E70.1126
G0 F4200 X116.106 Y84.428
G1 F1050 X115.102 Y85.433 E70.1584
G0 F4200 X114.536 Y85.433
G1 F1050 X116.106 Y83.862 E70.2300
G0 F4200 X116.106 Y83.297
G1 F1050 X113.970 Y85.433 E70.3275
G0 F4200 X113.405 Y85.433
G1 F1050 X116.106 Y82.731 E70.4508
G0 F4200 X116.106 Y82.165
G1 F1050 X112.839 Y85.433 E70.5998
G0 F4200 X112.273 Y85.433
G1 F1050 X116.106 Y81.600 E70.7747
G0 F4200 X115.963 Y81.177
G1 F1050 X111.842 Y85.298 E70.9627
G0 F4200 X111.842 Y84.733
G1 F1050 X115.399 Y81.176 E71.1250
G0 F4200 X114.834 Y81.175
G1 F1050 X111.842 Y84.167 E71.2615
G0 F4200 X111.842 Y83.601
G1 F1050 X114.270 Y81.173 E71.3723
G0 F4200 X113.706 Y81.172
G1 F1050 X111.842 Y83.036 E71.4574
G0 F4200 X111.842 Y82.470
G1 F1050 X113.142 Y81.170 E71.5167
G0 F4200 X112.577 Y81.169
G1 F1050 X111.842 Y81.904 E71.5502
G0 F4200 X111.842 Y81.339
G1 F1050 X112.013 Y81.168 E71.5580
G1 F3000 E66.5580
G1 F900 Z0.700
G0 F4200 X124.563 Y85.462
;TYPE:WALL-INNER
;WIDTH:0.400
G1 F900 Z0.400
G1 F1500 E71.5580
G1 F1650 X124.519 Y85.396 E71.5607
G1 X124.513 Y85.334 E71.5627
G1 X124.513 Y81.287 E71.6973
G1 X124.533 Y81.182 E71.7009
G1 X124.563 Y81.138 E71.7027
G1 X124.629 Y81.094 E71.7053
G1 X124.691 Y81.088 E71.7074
G1 X128.815 Y81.099 E71.8445
G1 X128.905 Y81.158 E71.8481
G1 X128.938 Y81.268 E71.8519
G1 X128.938 Y85.313 E71.9865
G1 X128.917 Y85.417 E71.9900
G1 X128.888 Y85.462 E71.9918
G1 X128.842 Y85.492 E71.9936
G1 X128.738 Y85.513 E71.9971
G1 X125.052 Y85.513 E72.1197
G0 F1650 X124.712 Y85.513
G0 F1650 X124.607 Y85.492
G0 F1650 X124.563 Y85.462
G1 F3000 E67.1197
G0 F4200 X124.274 Y85.751
;TYPE:WALL-OUTER
;WIDTH:0.400
G1 F900 Z0.400
G1 F1500 E72.1197
G1 F1650 X124.156 Y85.573 E72.1268
G1 X124.124 Y85.470 E72.1304
G1 X124.113 Y85.353 E72.1343
G1 X124.113 Y81.248 E72.2709
G1 X124.156 Y81.027 E72.2784
G1 X124.274 Y80.849 E72.2855
G1 X124.452 Y80.731 E72.2926
G1 X124.555 Y80.699 E72.2962
G1 X124.673 Y80.688 E72.3001
G1 X128.895 Y80.699 E72.4405
G1 X129.093 Y80.781 E72.4476
G1 X129.244 Y80.932 E72.4547
G1 X129.326 Y81.131 E72.4619
G1 X129.338 Y81.248 E72.4658
G1 X129.338 Y85.353 E72.6024
G1 X129.294 Y85.573 E72.6098
G1 X129.176 Y85.751 E72.6169
G1 X128.997 Y85.869 E72.6240
G1 X128.778 Y85.913 E72.6315
G1 X124.735 Y85.913 E72.7659
G0 F1650 X124.673 Y85.913
G0 F1650 X124.452 Y85.869
G0 F1650 X124.274 Y85.751
G1 F3000 E67.7659
G0 F4200 X124.592 Y81.600
;TYPE:SOLID-FILL
;WIDTH:0.400
G1 F900 Z0.400
G1 F1500 E72.7659
G1 F1050 X125.024 Y81.168 E72.7857
G0 F4200 X125.588 Y81.169
G1 F1050 X124.592 Y82.165 E72.8311
G0 F4200 X124.592 Y82.731
G1 F1050 X126.152 Y81.170 E72.9023
G0 F4200 X126.717 Y81.172
G1 F1050 X124.592 Y83.297 E72.9993
G0 F4200 X124.592 Y83.862
G1 F1050 X127.280 Y81.174 E73.1219
G0 F4200 X127.844 Y81.175
G1 F1050 X124.592 Y84.428 E73.2703
G0 F4200 X124.592 Y84.994
G1 F1050 X128.409 Y81.177 E73.4445
G0 F4200 X128.857 Y81.294
G1 F1050 X124.719 Y85.432 E73.6333
G0 F4200 X125.285 Y85.432
G1 F1050 X128.857 Y81.860 E73.7962
G0 F4200 X128.857 Y82.426
G1 F1050 X125.850 Y85.432 E73.9334
G0 F4200 X126.416 Y85.432
G1 F1050 X128.857 Y82.991 E74.0448
G0 F4200 X128.857 Y83.557
G1 F1050 X126.982 Y85.432 E74.1303
G0 F4200 X127.547 Y85.432
G1 F1050 X128.857 Y84.123 E74.1901
G0 F4200 X128.857 Y84.688
G1 F1050 X128.113 Y85.432 E74.2240
G0 F4200 X128.679 Y85.432
G1 F1050 X128.857 Y85.254 E74.2321
G1 F3000 E69.2321
G1 F900 Z0.700
G0 F4200 X124.562 Y91.840
;TYPE:WALL-INNER
;WIDTH:0.400
G1 F900 Z0.400
G1 F1500 E74.2321
G1 F1650 X124.530 Y91.804 E74.2337
G1 X124.513 Y91.709 E74.2369
G1 X124.513 Y87.662 E74.3716
G1 X124.533 Y87.557 E74.3751
G1 X124.563 Y87.512 E74.3769
G1 X124.629 Y87.469 E74.3795
G1 X124.691 Y87.463 E74.3816
G1 X128.815 Y87.474 E74.5188
G1 X128.905 Y87.533 E74.5223
G1 X128.938 Y87.643 E74.5262
G1 X128.938 Y91.688 E74.6607
G1 X128.917 Y91.792 E74.6642
G1 X128.888 Y91.837 E74.6660
G1 X128.842 Y91.867 E74.6678
G1 X128.738 Y91.888 E74.6714
G1 X125.055 Y91.888 E74.7939
G0 F1650 X124.712 Y91.888
G0 F1650 X124.562 Y91.840
G1 F3000 E69.7939
G0 F4200 X124.300 Y92.147
;TYPE:WALL-OUTER
;WIDTH:0.400
G1 F900 Z0.400
G1 F1500 E74.7939
G1 F1650 X124.204 Y92.039 E74.7987
G1 X124.156 Y91.948 E74.8021
G1 X124.124 Y91.845 E74.8057
G1 X124.113 Y91.728 E74.8096
G1 X124.113 Y87.623 E74.9461
G1 X124.156 Y87.403 E74.9536
G1 X124.274 Y87.224 E74.9607
G1 X124.452 Y87.106 E74.9678
G1 X124.555 Y87.074 E74.9714
G1 X124.673 Y87.063 E74.9753
G1 X128.895 Y87.074 E75.1158
G1 X129.093 Y87.156 E75.1229
G1 X129.244 Y87.307 E75.1300
G1 X129.326 Y87.506 E75.1371
G1 X129.338 Y87.623 E75.1411
G1 X129.338 Y91.728 E75.2776
G1 X129.294 Y91.948 E75.2851
G1 X129.176 Y92.126 E75.2922
G1 X128.997 Y92.244 E75.2993
G1 X128.778 Y92.288 E75.3067
G1 X124.768 Y92.288 E75.4401
G0 F1650 X124.673 Y92.288
G0 F1650 X124.452 Y92.244
G0 F1650 X124.300 Y92.147
G1 F3000 E70.4401
G0 F4200 X128.526 Y91.807
;TYPE:SOLID-FILL
;WIDTH:0.400
G1 F900 Z0.400
G1 F1500 E75.4401
G1 F1050 X128.857 Y91.476 E75.4552
G0 F4200 X128.857 Y90.911
G1 F1050 X127.960 Y91.807 E75.4961
G0 F4200 X127.395 Y91.807
G1 F1050 X128.857 Y90.345 E75.5628
G0 F4200 X128.857 Y89.779
G1 F1050 X126.829 Y91.807 E75.6553
G0 F4200 X126.263 Y91.807
G1 F1050 X128.857 Y89.214 E75.7737
G0 F4200 X128.857 Y88.648
G1 F1050 X125.698 Y91.807 E75.9178
G0 F4200 X125.132 Y91.807
G1 F1050 X128.857 Y88.082 E76.0878
G0 F4200 X128.821 Y87.553
G1 F1050 X124.592 Y91.782 E76.2807
G0 F4200 X124.592 Y91.216
G1 F1050 X128.257 Y87.551 E76.4479
G0 F4200 X127.692 Y87.550
G1 F1050 X124.592 Y90.651 E76.5894
G0 F4200 X124.592 Y90.085
G1 F1050 X127.128 Y87.549 E76.7051
G0 F4200 X126.564 Y87.547
G1 F1050 X124.592 Y89.519 E76.7951
G0 F4200 X124.592 Y88.954
G1 F1050 X126.000 Y87.546 E76.8593
G0 F4200 X125.435 Y87.544
G1 F1050 X124.592 Y88.388 E76.8978
G0 F4200 X124.592 Y87.822
G1 F1050 X124.871 Y87.543 E76.9105
G1 F3000 E71.9105
G1 F900 Z0.700
G0 F4200 X118.187 Y98.215
;TYPE:WALL-INNER
;WIDTH:0.400
G1 F900 Z0.400
G1 F1500 E76.9105
G1 F1650 X118.155 Y98.179 E76.9121
G1 X118.138 Y98.084 E76.9153
G1 X118.138 Y94.037 E77.0499
G1 X118.158 Y93.932 E77.0535
G1 X118.188 Y93.887 E77.0553
G1 X118.254 Y93.844 E77.0579
G1 X118.316 Y93.838 E77.0600
G1 X122.440 Y93.849 E77.1971
G1 X122.530 Y93.908 E77.2007
G1 X122.563 Y94.018 E77.2045
G1 X122.563 Y98.063 E77.3391
G1 X122.542 Y98.167 E77.3426
G1 X122.512 Y98.212 E77.3444
G1 X122.467 Y98.242 E77.3462
G1 X122.363 Y98.263 E77.3497
G1 X118.680 Y98.263 E77.4722
G0 F1650 X118.337 Y98.263
G0 F1650 X118.187 Y98.215
G1 F3000 E72.4722
G0 F4200 X117.925 Y98.522
;TYPE:WALL-OUTER
;WIDTH:0.400
G1 F900 Z0.400
G1 F1500 E77.4722
G1 F1650 X117.829 Y98.414 E77.4770
G1 X117.781 Y98.323 E77.4805
G1 X117.749 Y98.220 E77.4841
G1 X117.738 Y98.103 E77.4880
G1 X117.738 Y93.998 E77.6245
G1 X117.781 Y93.778 E77.6319
G1 X117.899 Y93.599 E77.6391
G1 X118.077 Y93.481 E77.6462
G1 X118.180 Y93.449 E77.6498
G1 X118.298 Y93.438 E77.6537
G1 X122.520 Y93.449 E77.7941
G1 X122.718 Y93.531 E77.8013
G1 X122.869 Y93.682 E77.8084
G1 X122.951 Y93.881 E77.8155
G1 X122.963 Y93.998 E77.8194
G1 X122.963 Y98.103 E77.9560
G1 X122.919 Y98.323 E77.9634
G1 X122.801 Y98.501 E77.9705
G1 X122.623 Y98.619 E77.9776
G1 X122.403 Y98.663 E77.9851
G1 X118.393 Y98.663 E78.1185
G0 F1650 X118.298 Y98.663
G0 F1650 X118.077 Y98.619
G0 F1650 X117.925 Y98.522
G1 F3000 E73.1185
G0 F4200 X122.151 Y98.183
;TYPE:SOLID-FILL
;WIDTH:0.400
G1 F900 Z0.400
G1 F1500 E78.1185
G1 F1050 X122.482 Y97.852 E78.1336
G0 F4200 X122.482 Y97.286
G1 F1050 X121.585 Y98.183 E78.1745
G0 F4200 X121.019 Y98.183
G1 F1050 X122.482 Y96.720 E78.2413
G0 F4200 X122.482 Y96.155
G1 F1050 X120.454 Y98.183 E78.3338
G0 F4200 X119.888 Y98.183
G1 F1050 X122.482 Y95.589 E78.4521
G0 F4200 X122.482 Y95.023
G1 F1050 X119.322 Y98.183 E78.5963
G0 F4200 X118.757 Y98.183
G1 F1050 X122.482 Y94.458 E78.7663
G0 F4200 X122.446 Y93.928
G1 F1050 X118.216 Y98.157 E78.9592
G0 F4200 X118.216 Y97.592
G1 F1050 X121.881 Y93.927 E79.1265
G0 F4200 X121.317 Y93.925
G1 F1050 X118.216 Y97.026 E79.2679
G0 F4200 X118.216 Y96.460
G1 F1050 X120.753 Y93.924 E79.3837
G0 F4200 X120.189 Y93.922
G1 F1050 X118.216 Y95.894 E79.4737
G0 F4200 X118.216 Y95.329
G1 F1050 X119.624 Y93.921 E79.5379
G0 F4200 X119.060 Y93.920
G1 F1050 X118.216 Y94.763 E79.5764
G0 F4200 X118.216 Y94.197
G1 F1050 X118.496 Y93.918 E79.5892
G1 F3000 E74.5892
G1 F900 Z0.700
G0 F4200 X124.562 Y79.090
;TYPE:WALL-INNER
;WIDTH:0.400
G1 F900 Z0.400
G1 F1500 E79.5892
G1 F1650 X124.530 Y79.054 E79.5908
G1 X124.513 Y78.959 E79.5940
G1 X124.513 Y74.912 E79.7286
G1 X124.533 Y74.807 E79.7321
G1 X124.563 Y74.763 E79.7339
G1 X124.629 Y74.719 E79.7365
G1 X124.691 Y74.713 E79.7386
G1 X128.815 Y74.724 E79.8758
G1 X128.905 Y74.783 E79.8794
G1 X128.938 Y74.893 E79.8832
G1 X128.938 Y78.938 E80.0177
G1 X128.917 Y79.042 E80.0212
G1 X128.888 Y79.087 E80.0230
G1 X128.842 Y79.117 E80.0248
G1 X128.738 Y79.138 E80.0284
G1 X125.055 Y79.138 E80.1509
G0 F1650 X124.712 Y79.138
G0 F1650 X124.562 Y79.090
G1 F3000 E75.1509
G0 F4200 X124.300 Y79.397
;TYPE:WALL-OUTER
;WIDTH:0.400
G1 F900 Z0.400
G1 F1500 E80.1509
G1 F1650 X124.204 Y79.289 E80.1557
G1 X124.156 Y79.198 E80.1591
G1 X124.124 Y79.095 E80.1627
G1 X124.113 Y78.978 E80.1666
G1 X124.113 Y74.873 E80.3031
G1 X124.156 Y74.652 E80.3106
G1 X124.274 Y74.474 E80.3177
G1 X124.452 Y74.356 E80.3248
G1 X124.555 Y74.324 E80.3284
G1 X124.673 Y74.313 E80.3323
G1 X128.895 Y74.324 E80.4728
G1 X129.093 Y74.406 E80.4799
G1 X129.244 Y74.557 E80.4870
G1 X129.326 Y74.756 E80.4942
G1 X129.338 Y74.873 E80.4981
G1 X129.338 Y78.978 E80.6346
G1 X129.294 Y79.198 E80.6421
G1 X129.176 Y79.376 E80.6492
G1 X128.997 Y79.494 E80.6563
G1 X128.778 Y79.538 E80.6637
G1 X124.768 Y79.538 E80.7971
G0 F1650 X124.673 Y79.538
G0 F1650 X124.452 Y79.494
G0 F1650 X124.300 Y79.397
G1 F3000 E75.7971
G0 F4200 X128.265 Y79.058
;TYPE:SOLID-FILL
;WIDTH:0.400
G1 F900 Z0.400
G1 F1500 E80.7971
G1 F1050 X128.856 Y78.466 E80.8241
G0 F4200 X128.856 Y77.901
G1 F1050 X127.699 Y79.058 E80.8769
G0 F4200 X127.134 Y79.058
G1 F1050 X128.856 Y77.335 E80.9555
G0 F4200 X128.856 Y76.769
G1 F1050 X126.568 Y79.058 E81.0599
G0 F4200 X126.002 Y79.058
G1 F1050 X128.856 Y76.204 E81.1901
G0 F4200 X128.856 Y75.638
G1 F1050 X125.437 Y79.058 E81.3461
G0 F4200 X124.871 Y79.058
G1 F1050 X128.856 Y75.072 E81.5280
G0 F4200 X128.561 Y74.802
G1 F1050 X124.592 Y78.770 E81.7090
G0 F4200 X124.592 Y78.205
G1 F1050 X127.996 Y74.801 E81.8643
G0 F4200 X127.432 Y74.799
G1 F1050 X124.592 Y77.639 E81.9939
G0 F4200 X124.592 Y77.073
G1 F1050 X126.867 Y74.799 E82.0977
G0 F4200 X126.303 Y74.797
G1 F1050 X124.592 Y76.508 E82.1758
G0 F4200 X124.592 Y75.942
G1 F1050 X125.739 Y74.796 E82.2281
G0 F4200 X125.174 Y74.794
G1 F1050 X124.592 Y75.376 E82.2546
G1 F3000 E77.2546
G1 F900 Z0.700
G0 F4200 X118.232 Y72.742
;TYPE:WALL-INNER
;WIDTH:0.400
G1 F900 Z0.400
G1 F1500 E82.2546
G1 F1650 X118.188 Y72.712 E82.2564
G1 X118.144 Y72.646 E82.2590
G1 X118.138 Y72.584 E82.2611
G1 X118.138 Y68.537 E82.3957
G1 X118.158 Y68.432 E82.3993
G1 X118.188 Y68.388 E82.4010
G1 X118.254 Y68.344 E82.4037
G1 X118.316 Y68.338 E82.4057
G1 X122.440 Y68.349 E82.5429
G1 X122.530 Y68.408 E82.5465
G1 X122.563 Y68.518 E82.5503
G1 X122.563 Y72.563 E82.6848
G1 X122.542 Y72.667 E82.6884
G1 X122.512 Y72.712 E82.6902
G1 X122.467 Y72.742 E82.6920
G1 X122.363 Y72.763 E82.6955
G1 X118.730 Y72.763 E82.8163
G0 F1650 X118.337 Y72.763
G0 F1650 X118.232 Y72.742
G1 F3000 E77.8163
G0 F4200 X118.077 Y73.119
;TYPE:WALL-OUTER
;WIDTH:0.400
G1 F900 Z0.400
G1 F1500 E82.8163
G1 F1650 X117.899 Y73.001 E82.8234
G1 X117.781 Y72.823 E82.8305
G1 X117.749 Y72.720 E82.8341
G1 X117.738 Y72.603 E82.8380
G1 X117.738 Y68.498 E82.9746
G1 X117.781 Y68.277 E82.9821
G1 X117.899 Y68.099 E82.9892
G1 X118.077 Y67.981 E82.9963
G1 X118.180 Y67.949 E82.9999
G1 X118.298 Y67.938 E83.0038
G1 X122.520 Y67.949 E83.1442
G1 X122.718 Y68.031 E83.1513
G1 X122.869 Y68.182 E83.1585
G1 X122.951 Y68.381 E83.1656
G1 X122.963 Y68.498 E83.1695
G1 X122.963 Y72.603 E83.3061
G1 X122.919 Y72.823 E83.3135
G1 X122.801 Y73.001 E83.3206
G1 X122.623 Y73.119 E83.3277
G1 X122.403 Y73.163 E83.3352
G1 X118.573 Y73.163 E83.4626
G0 F1650 X118.298 Y73.163
G0 F1650 X118.077 Y73.119
G1 F3000 E78.4626
G0 F4200 X122.195 Y72.683
;TYPE:SOLID-FILL
;WIDTH:0.400
G1 F900 Z0.400
G1 F1500 E83.4626
G1 F1050 X122.482 Y72.396 E83.4757
G0 F4200 X122.482 Y71.830
G1 F1050 X121.629 Y72.683 E83.5146
G0 F4200 X121.063 Y72.683
G1 F1050 X122.482 Y71.265 E83.5793
G0 F4200 X122.482 Y70.699
G1 F1050 X120.498 Y72.683 E83.6698
G0 F4200 X119.932 Y72.683
G1 F1050 X122.482 Y70.133 E83.7862
G0 F4200 X122.482 Y69.567
G1 F1050 X119.366 Y72.683 E83.9283
G0 F4200 X118.801 Y72.683
G1 F1050 X122.482 Y69.002 E84.0963
G0 F4200 X122.482 Y68.436
G1 F1050 X118.235 Y72.683 E84.2901
G0 F4200 X118.217 Y72.135
G1 F1050 X121.925 Y68.427 E84.4592
G0 F4200 X121.361 Y68.426
G1 F1050 X118.217 Y71.569 E84.6027
G0 F4200 X118.217 Y71.004
G1 F1050 X120.797 Y68.424 E84.7204
G0 F4200 X120.232 Y68.423
G1 F1050 X118.217 Y70.438 E84.8123
G0 F4200 X118.217 Y69.872
G1 F1050 X119.668 Y68.421 E84.8785
G0 F4200 X119.104 Y68.420
G1 F1050 X118.217 Y69.307 E84.9190
G0 F4200 X118.217 Y68.741
G1 F1050 X118.540 Y68.418 E84.9337
M106 S0
G1 F3000 E79.9337
G0 F900 Z5.400
G0 F4200 X118.540 Y68.418
M221 T0 S100
G92 E0
M1002
M104 T0 S0
G91 ;Relative positioning
G1 E-2 F2700 ;Retract a bit
G1 E-2 Z0.2 F2400 ;Retract and raise Z
G1 X5 Y5 F3000 ;Wipe out
G1 Z50 ;Raise Z more
G90 ;Absolute positionning
G1 X0 Y220 ;Present print
M106 S0 ;Turn-off fan
M104 S0 ;Turn-off hotend
M140 S0 ;Turn-off bed
M84 X Y E ;Disable all steppers but Z
;Data start:58548:0e0f73da84abc9dfcfec43daaa2c9f29
;SURFQSAtIFBSSU5UREFUQUlZDHzi6E17riyBkcQfrmdXFVk3TpZ8P/0G6NVJSnsUV0ZAPfSj9H1L6x8
;ermQEiLXSPEVt3BVQB1iKujk+FHk1Ryw9gaORfcK4HwWuBWeKs908W2naHUsAaIaKLyUPYForc0700f
;ccKJ0fH64FZ+vQvtB3DLt8P2lmi7YoJh5mVDJFUu/8+BMtkXNyrgRn69C+WTeF6HwnaQfotC4pHnhQN
;E1J6Mz/IiKWbHvaWg6FvtsrNw2ofD9pB+hcDUpjFDVGTV7ixv0YOZlrd8FrOIK+zTxDU8cJSwx16NRN
;SnsUNUalfYGxkX1LmXx9y2kCmbHKMFhi9wxNAGmc1UxKexQ1Riy0waOBfUv4fn3NYAuOot8tXmPGI0s
;Gd+jUTUp7FDVGpX2Bu5F9S5l8fctpApmxyjBYYvcIUBlYm6A/LBp3UEYtPYGjkX1LcV8evQVn67HdOl
;JgzQ5eHW6HuxI+CXVDI0A9gKORfUv4b4nuBU7r0L44QWPBGGAddYmjKCYkfFoqSU7e0/AJI6dyf9ZaC
;46+2S1fU84dXB1omtVMSnsUNUYsVMGjuH1L+H5owWwDtKTMOEFpxCNXBmuNphI6GmBdGUFc+fz/EhSK
;emrcZASfudE3Nw2ofD9pB+jVTUpoFDVGTUXo0M4eJJVve8B2Bp+50TdodKh9P2kH6NVNEzsUJkYsPeD
;b+A4Um3Bz3mAJmLHKMFhi9wU/aAfo1U1Ke011Rj49gaPzEj+McHPxaQaStcwGRHzNGVtpBujVTUp7FB
;EGLC2Bo5EfJIxrccNaE4O53TJZadsPP2idcUzU0+LdCkYyPYGj8w8inHh3wGI4jqjKK0J/wRNRNnCBs
;TkiJGZUMkVSgaKRfUv4H57PRWf50L5ZVX7BGFgAaY+KKysVS0Y2SVjlo5B9S/gfHq5cJ+vEvlk3btoV
;Ww5uhrISLBJsUCJzXO/E/RhL+R8ergVnC7D+WS4MqHxdG26MsiQkHEtTKkNc9cb1IiqKen/xaA6F0L9
;ZNwyofD9dR+jETUp7dkcvSFrozfYiLZRwadxkE47Qv1k3DKh8PzBH6M1NSnt2Ry9IWujN9iI4kHpywn
;Y4jbzRLkVt3Bk/aAfo1U1Ke011Rjk9gaPzDyKceHfAYjiYuNs1W3/3D08MYozVTEp7FDVGLAPBo599S
;/h9bMdhAIK+2QZEfM0ZW2kG6NVNSnsUEQYsHIGjkR85kXt5x2sAtKPLKUdj2ghaDViJpygrJGZUMkVS
;3s7wBUv5Hx6uBWfrmf5ZOAyofF0bboWKISMVcWolQ0jv15F8S/gfHq4Fc6vQrFk3DMsTXhpzgbsqFR9
;9RjJNU+LGoH1K+B8ergVnC+++SzcMqB9QCHScvCMtJHBcNVhc78D0T0v5Hx6uBWfrMIFZJgyofFwGaI
;SKICMVS1MjSVnzwuUYS/kfHq4FZ+v0/lkkDKh8XAZohIogIxVLWSdVWPP85RQmnR8frgVn69C+TXcMt
;Xw/aWONuz4vJGdANlxS89fOFCWednLCWgiepNIwWWnbfD5pB+jVTUp7FDVbLD2Bx/QTOJ1Abdt1F4Si
;ygZeYsYZTTZikKUsJAh9WigsPBs6COTSYfYhrh5n69DaPFl/zSNMHHeYuj8+JHhUP0lP8vzzEj+McHO
;uBGfr0L5ZNwyofCxpB+ixKCQIcWo1WU3xzOMJFItve8thZ+rQvlk3DKhCf2ke6NVNLhJ5UChfVO7Nzg
;Uyp3xxw3UChaPfLV5jxnw+aQfo1U1KexQ1WCw9gcf4EC6WbHfBaziTqeE6WGHYGVEaZpy8IiQkfFoqS
;T2Ao5F9S/gfHq4FaOvQvjxPeNoJWwx1t7QgJQ56QUYtPYGjkX1LCCAevAVn67XGLUV5zBlNNmiOsz4v
;D0tNdyw8gaORfUv4Jl6uF2fr0NshQ37dGFobWIezKzkeYGo+Hj2Ao5F9S/gfHq4FdevQvjxPeNoJWwx
;1t7orLAhxQRlUDoGikX1L+B8ergVn+dC+WVJ03A5KDWKaiiIsHWdQMnNEsKOQfUv4Hx6uBWfrwr5ZN2
;nQCE0cY42nEiUdckYjWGL4kZF8S/gfHq4FZ+vQrFk3DM0ESxtyjLA/FRRyUzVJSd7aon1K+B8ergVn6
;9C+ajcMqBlHHXWdsSg4JGdCL1he6fzyEiSUdnDJWg+OscosR1PJGEkIaYuwEj4eeUUjXlz11uMYevge
;Hq4FZ+vQ1xk3P6h8Pwx/nKc4Lh5majVbVPXA+SIol3Byx2sAtLjbOEN52CNeDXGJuy4vJGBQK1xY88L
;lCDmdLR6vBWfr0L5ZXkyoVz9pB42tOTgOcFA0c072yuUeI6d8ccFpDoW34TFSbdwJTzZmjKMsJBhxaj
;JFUOSjkH1L+B8erkEn686+WTdp0AhNHGONpxI5DH1BJURi4sz+ESKWeEHeZBWAj8ZZNgyofD9ph6qVT
;VR7FDUjVEnz1vUYOadsacdxBIOP3TZYYMESWDZ3iacmFQIUNEYsPYGjoRYL+DsergUCk6TMLFNp2iNM
;Hm6ctiUVGHtaKkVT5vzlGCaIemzPcRKZtY9ZNgyofD9ph46VTW57FDUjVEnz1vUYOadsacdxBIOP3TZ
;YYMESWDZzjbg9Lwl1QTNeWLOjkH1L+B8eLmMn6/W+WTdp0AhNHGONpxI5DH1BJURi88biCSqKa0HLfR
;OZseE4WmPdEktbB+nVTUp7FDVGLD2fo5F9LoBrbNthApmPzS5eeMsUYBtim6EsOA9LRjZJWOWRkXxL+
;B8ergVTq9CcWTcMzQRLG3KMsD8VCGNcMk9V3tH0CTmZfGrHagm0sdM2QmLcTj9oB+jVTUp7MHVGDT2B
;o/QFP4pqest3OJin1y1UZPcOWh11ibY5IxR6ajVcWOTHo31K+B8ergVn35C+VjcMqBlHHXWdpiQlFUt
;CL0hJ6aOQ59Jhhoc33Fjrwb5ZN2nQCE0cdIG6IxUMfVEyRGKzo5Dn0mGGhzfcWOvDvlk3askSYAtrga
;USOhphRiNzUPLG8n1K+B8ergUnlJC+SzcMqBpeB1iKuSQ6JGBdNElO6cz9GUv5Hx6uBWfr7v5ZOAyof
;FkIabezOCYXS10jRVrp15F8S/gfHq4Fh9TQsFk3DM4dUTZhnbkhFRd1TCNePYCjkX1L+B8e7gVu69C+
;P1Zi9w9PDGKM1UxKexQ1RixkwaOcfUv4eX/AWhSbtds9aGHJBD9oB+jVTUp7TXVGPT2Bo/cUJ5lye8B
;xOI+53zRSeM0OP2gH6NVNSnvoCkY+PYGj9xQnmXJ7wHE4j7nfNFJ4zQ4NaQbo1U1KexTJeSwvgaORGy
;KUfnPLaxO0tNc4WmncGU1aB+nVTUp7FDVGLD2To5F9LZFzf8NgCZ+P2jBWYc0IWhsz6NRNSnsUNUYsP
;YGukX1LnnZyz2gChaThP1tj33w+aQfo1U1KIlQ1SCw9gcX4ESqVenDaWgGHv8loNw2ofD9pB+iMDUp1
;FDVGSlTtwvwYJYxAeMJqENnQv1k3DKh8vz9H6NhNSntyXCpNUOTN5SI/gW97rgRn69C+WTcM6HwxaQf
;osyQmGnlQKFhi9drhGHn4Hh6uBWfr0L4ZNwCofD8PboS5Ei4eekYvWESBopF9S/gfHrpFZ+fQvllRZc
;QQYAZxjachKwsUNEYsPYGjkUML+D4ergUBgqLNLWhgyQVaG1iNrTk4DmdcKUJi9sr1CSOnbX/abAjr0
;b5ZNwyofGYpB/rVTUodfUc1WGLtwugYOadsdstpC5jQv1k3DKh8P21H6PtNSntyXDRfSd7P8AQuikBt
;wWkOj4/XN1FlxBBgDH+cpzg5EntbGVtU5df5IjmZa3fBBWbr0L5ZNwzxPD9xB+jVKyMJZ0EqTUTk0c4
;bIpR+c8trE7S20jZADKl8P2kH6FUWCnsHNUYsW+jb9BkUlH5ny3c4mKTfK0NT0Hw+aQfo1U1KIlQ1VS
;w9gcX4BS6cQHLPfAKZj80tVn7cI0ZpBujVTUp7FGsGLB6Bo5EaKohAeMdpC7Sj1zdQYM0jWhFzmqA+I
;xR6ajRNSejMzhAqgB8frgVn69C+MHcMi3w/aWCJpRIsEnhZGV9U78T9GBSdZ2rccBSCv9AGRW3cFVA2
;aoG7TUt7FDVGLL3B45FiS/gfec91OI250jVof8ESWAVit7A1PglhRi9DU97Q4RgunB8frgVn69C+HXc
;Mpnw/aWCJpRIsEnhZGV9N5Mb1fUr4Hx6uBWeikL5JNwyoG1wGY42KOTMLcWovQlnk25F8S/gfHq4FZ+
;vQsVk3DM8QUAtmhIoiLB1nUDJzRYGikX1L+B8ergVn5NC+WVBgxx5eBViHsys5HmBqPyw8gaORfUv4H
;x6uCmfr0Nk1WG7JEGAGYY6mKD4kbjVHLD2Bo5F9S/gfC64FZ4O13y1CfPcbXAZjjYo+LwphUChPWIGi
;kX1L+B8ergVny9C+WV5izhVTBViJsSw6D31DI3NU78X4ESenbX/abAi0vd8hNw2ofD9pB+jrDUpbFDV
;GRVPnyv0RFJl7f95xDp214TBZasEQUzZ1iaEkJSR5XCgsPIGjkX1L+Aterhpn69DXN1FlxBBgCGOJpT
;kjDXFqL0JT5NHOGDOIfnDdbAiF0L/DrpUx5aaAOOjDTUp7fVsgRVHt/PAZKohrd9hgOIexxzxFf6h9P
;2kH6NVNXjsUL0YsPejN9xQnlEB/ymQXn7nIPGh+zRhKCnOBuiM5exU1Riw9gaORPUvhHx6ubAmNudI1
;aG3MHU8dbp6wEj0ScEEuc1DozZF8S/gfHq4Fb6vQolk3DMESWQBrhIooMg9mQDVFUu/85hQvjHdB3GQ
;Tgr++WDcMqHw/aV6o1VlKexRcKEpU7c/OGyKUfnPLaxO0ttI2QAypfD9pB+jVFAp7GzVGLFTvxfgRJ6
;dweMh2Ap+Pxlk2DKh8P2kH6NVNRXsUNS9CW+jP/SIknnlty3E4ktC/WTcMqHw/aQfo2E1Ke31bIEVR7
;fziFS6Uc22uBGfr0L5ZNwyofCNpB+i8IywSeFkZX03g0eIYFJtwc8xsCY6P0jhOadoPP2gH6NVNSnvk
;CkYgPYGj+BMtkXNy8XYXjrXaWTYMqHw/aYeulU1GexQ1L0JO5NehIjiIenvKBWbr0L5ZN4zuPD9lB+j
;VJCQIcUE+c07xxvQZS/kfHq4FZ2uW/lknDKh8VhtohrwjLSRyWSlbT+DX9H1K+B8ergVn/5C+VDcMqB
;VNBmmBuyoVCGRQI0g9gKORfUv4HzruBWzr0L4zUn7DI10Gc5y6IEp6FDVGLD2Bt9F9WPgfHsRgFYCP3
;DZDeMcRYBpymrMsKR4UNEYsPYGjkWkL+BQergUNjqLVBl5izhVTBQfp1U1KexQ1Umw9kaORfSGdbXXx
;bAmYtcoGXmLGGU1pBujVTUp7FCEGLC2Bo5EXLop0QcdrFI6k4TZCeM0OP2gH6NVNSnscdUYmPYGj+xg
;5k0Bu3GwJn9C/WTcMqHw/aUfo3U1Ke35QNEdi9czhfUr4Hx6uBWf/kL5JNwyoFlobbLehIjokZ0A0Sl
;zixpF8S/gfHq4Fc6vQtVk3DMIZTQJYnKcsPB54NUdKW+fF9xtBuB8SrgVnh7HHPEVTwBlWDm+c1UzQ4
;o2s37X0vqO3fUv4c3/XYBW0uNswUGTcI14NZpihJDweS1gnVGLpxvgaI4xAbM9xDoTQv1k3DKh8PydH
;6PNNSnt4VD9JT97L9BQskGtBz2EGm6TXL1JTxRVRNm+NvCoiD0tHJ1hU7qOQfUv4Hx6uPCfr875ZN2D
;JBVobWICwJC0TYGonSFzx1/gLLqdsf8N1C4K+2QZEeM0MP2h8/HsKqwGQCkYHPYGj/RwynW1BxmAOjL
;jKBlZoyQxLAHGNij4+HmRaMElP3sH+CT+XckHcZBOCv75YNwyofD9pTqjVZUp7FFknVVjz/PkYIp93a
;vFkA4qgyjBBafcPSwx3h6MoOCRgWjZzT+DX+BJL+R8ergVn65n+WSAMqHxTCH6NpxInHmZSI3Ne7czi
;GBSefn3Ldmfq0L5ZNwyofD9pH+jVTSYabVA0c07kxPwYJYxAcstrAJ+44TReYqh9xRdtVKHewkQUIUY
;sPe3C6Bg5p2x2y2kLmI/RL1J+xB1PaQbo1U1KexR8BiwogaORESqBemzxdhOKosopWGXGCGAdfpiwTU
;t7FDVGLD2J45F2S/gfcMF/HYe14Speds18PmkH6HXU06IrNUksPYHM8xcum2tBzWAJn7XMBk8MqXw/a
;Qfo1b31exs1RixS48n0Hj+nfHvAcQKZj8dZNgyofD9pBxhqTUF7FDUpTlfkwOUiOJFxda4EZ+vQvlk3
;DKh8LmkH6LoiMB5LRi5FWO3Hzhwln3N7rgRn69C+WTcy6HwpaQfouiIwHktGLkVY7cfOESKWekHNahK
;FpL5YNwyofD9p99fVX0p7FFopVlje0PkULpR7QcFjAZi1ylk2DKh8P2kH4JVNX3sUNSlaWPPL8BMsp2
;x2y2kLmI/fN1BgzXw+aQfo1U1KRVQ1Xyw9gcznGDmQfnDJWhSDtdI1RFPOHVE2dJiwKC57FTVGLD2Bo
;8g9S+AfHq5qEY6i1jhZa/cPVwxrhKYSLBd7QjRNSeSjkH1L+B8erlEn68W+WTdj3hlNAWaGshI5E3FZ
;Kl9i8tP0GC/4Hh6uBWfr0JoZNwCofD8GcY2nISsLS1EzTVGBogvk0mGGh2c6Z/7QvllHfsESSzZljbE
;SPh55RSNeXPXW4xhL+R8ergVna4H+WTwMqHxPG26GoRI5C3FQIiw8gaORfUt4WV6uFGfr0M4rXmLcI0
;sMapiwPysPYUcjLDyBo5F9S7h1Xq4XZ+vQziteYtwjSwxqmLA/Kw9hRyMePYCjkX1L+B937gV169C+K
;UVlxghgHWKFpSg4GmBANEkOgaKRfUv4Hx6uBWf50L5ZR37BEks2c424PS8JdUEzXli1o5B9S/gfHq4F
;Z+vbvlk3fskaSzZmgacqKwsUNNy1pBg6CLR0+AAergUVirbKBlVt2xlgDH+cpzg5EntbGVtU5df5Ijm
;Za3fBBWbr0L5ZNwzBPD9/B+jVPysdYGokTU7k/PgTLZFzcvFkCYy821k2DKh8P2kH6NVNXHsUNTRNW/
;X88xw4nUB3wGMOh7zhK1Z4wRM/aAfo1U1K+1R1Rjw9gaPjHC2MQHzPdgK0vN8gUn7bfD5pB+jVTUp7V
;DVVLD2B0fAbP6d9f91gOIe50DxAZcwIV2kGckzU0+KN3HksMoGjkQ8qnmtBzGQUjo/NKVJpzHw+aQfo
;1U1KW1Q1VSw9gdHwGz+nfX/dYDifuNc6XGLND0xpBujVTUp7FNV5LBmBo5EPKp5rQcdrE46i2DhUafc
;ZRx11naYkJRVLQi9ISen84xw/kXAerwVn69C+mVVMqGc/aQeatCs+JH1bMklP58LyGBSRcXjHaQu0sd
;A+W2mofT9pB+jVzRw7FC5GLD3zwvcJFJFxast3AYqz2wZeYs4VUwVYmrQ5IxQUNEYsPYGjkTQL+Aoer
;gUVirbKBl5i3BlND2aLsBImGm1QNF89gKORfUv4H+6RBX/r0L4rVmrcI1YHc42nKysYcWoqRVPk1PgZ
;P5AfH502VNjjjboIDL58P2l1ibM5FRJ6QSNeW+DA9CI4iH59x2sA69G+WTcMqHzPVgf81U1KCXVTMnN
;U79f0Dy2ZfHvxdheOtdpZNgyofD9pB9aVTVJ7FDU0TVv1/PgTP51teM9mArSk1jBUZ8YZTBoH6Yf1VP
;7/ZJ4TPZCjkX05mXlq8WkOhbXhKkdtyxVRDgfp1U1KexQ1Tmw9iqORfTmZeWrxaAaZt9c3Nw2ofD9pB
;+jBDUpUFDVGXlzn184SPZ1tbMdhArS21ytEePcQXhBimoooMg9mQDVFUu/85hQvjHdB3GQTgr++WDcM
;qHw/aV6o1VBKexRHJ0pJ3sznGDmKdnrLWgCHv9w4W1PHGlkaYpyKN0p6jqzftaQYai59afgfHtxkAZ+
;PzSxFaskfWjZikKE/Pwh9WihzSujH5RUUin5qx2pn6tC+WTcMqCV/aRHo1U04GnJBGV9I88XwHi6neX
;fCaTiZsco8Nw2ofD9pB6iADUpuFDVGXlzn184OPop5f81gOI280S5FbdwZP2gH6NVNSvtydUY1PYGj4
;xwtjEBt23cBirPbBl5izhVTBViJuyomHhQ0Riw9gaORQwv4DB6uBRWKtsoGRHnaGl4KYre5LDMeZkZG
;LT2Bo5F9S/hfHrgFZ+ui3z9DU9sJTQ9mi7ASJhJ6UDFFWfXLkXzRYYaHN5y+1NCqWTcM2h1ZHViboD8
;sGndQGV9N4MD4Eyz4HhR5phfW2mlmNx6ofD8bZo6hEjkOZlMnT1je0OEYLpwfH64FZ+vQvhd3DL58P2
;l1ibM5FQhhRyBNXuT85RUim3Rwy3YU69GXBbjOXVTzVgf61U1KCXFGMk1P9fz1CCqUQG3eYAKP0L9ZN
;wyofD9dR+jBTUp7ZlA1WFzz184YM4xtf/FkCoSl0C03Dah8P2kH6NVNSm0UNUZeWPLX8A8/p3pm2ncG
;tLHTNkJi3CMNaQbo1U1KexQ1RiwkgaORDy6La3/ccTiOqMorVlPMCV4FWIm4Ij8VYDVHLD2Bo5F9S/g
;fE64FZ5m1zS1WftwjTBlijbFNS3sUNUYsPbjjkXJL+B9sy3YTiqLKBkR8zRlbNjXo1E1KexQ1RhV9gb
;KRfUuKemrcZASfudE3aG3FE0oHc+jUTUp7FDVGOH2BsJF9S4p6atxkBJ+50TdobcUTSgdzt+dNS3sUN
;UYsPZXjkWtL+B9sy3EVirPKMFhi9xhKCGu3tCAlDnpBRi09gaORfUvcXx67BWfrotstRW3LCFYGabex
;OCsXS0Y2SVjlo5B9S/gfHq4xJ+v3vlk3fs0ITQhknLwiJCRxWydOUeT8/gg/i3Z6y1oFhKTKNlpTxB1
;GDHWb1UxKexQ1Riw9waO1fUv4bXvadwaIpNc2WVPNEl4La42KIj8PZ1wiSWL1zOEiJ5lme9x2Z+rQvl
;k3DKh8f2kJ6NVNOB5gRydPSejM/yIjl28erzZU2OONauQzqGw/aQeasDk4GndBL0NT3sv+DRTKHx+dN
;lTY442KCAy9fD9pdY2hPysYYFwpQmLsyv8iP4p+aMtpZ+rjjWoEP5ufAGkQ6NVNOB5gRydPSejM/yIm
;kXFB2ncGnbXSBgUMqU8MWjTb5q51ewg1RixP5NfjHCiMdnHAWgqCvtc0VmD3GUcddZ2mJCUVFDQ9OJP
;GQuvpdPgBHq4FFY6kzDhUeMETUTZqgbskJxp4aiNUSfPW4hQklkAsrgQc/375uE2Yl3wvaQfopyg+CX
;VWMkVS7/ziDS6dex6vBWfr0L5Zfkyobj9pB5qwOTgad0EvQ1Pe0OEYLpxALK4EZ+vQvlk3Reh8JWkH6
;KcoPgl1VjJFUu/86xUkiEB9wWsDgqTXNlk9qH0/aQfo1U26RBQvRiw988blDyqba3fBaziRuNEpaG/H
;ElsAc4G6I3h7FTVGLD2Bo2FCS+sfHq52Aoi/0D1oYMkFWhtYkoohIx1gNUcsPYGjkX1L+B8XrgVnmLv
;XK0NTzx1PaQbo1U1KexQ9BiwtgaORDiCRbWrxaQ6FteE6WHnGCD9oB+jVTUp75ApGOD2Bo+IWIoprQc
;NsCYK93zVoYM0SWB1v6NRNSnsUNYZOfYGokX1Li3R33HE4mKDbPFMMqXw/aQfo1XkKew41RixO7czmI
;i+XaHDxYw6Zo8oGUWnfI1MIfo2nPkp6FDVGLD2BU659XPgfHt1oBoe84T9SbdwJTQx0t7EkKxZxQSNe
;PYCjkX1L+B867gV769C+KlptxBBgD2KJoTg4HmdqLkNR5Pz1FCqVemrLd2fq0L5ZNwyoYH9pHOjVTTk
;WdVkqc1vkwuUIOZ1sQcdrAYK80gZFbdwVUGkG6NVNSnsUbAYsJ4GjkQ4mmXNy8WMCiqTLK1J/9w9PDG
;KMij8rD31aRi09gaORfUuxXx6MBWfro9E1Xmj3HlAdc4e4Ei8DYEczX1Tuzc4KIpxrdvF3Bp+50Vk2D
;Kh8P2kHsZVNUHsUNTVDUejHzh8kjGtxw1oBgrzfNFJi3CNZBWif1UxKexQ1RixkwaODfUv4bHHCbAO0
;stEtQ2PFI1MIfo2nTUt7FDVGLH0O45FvS/gfbcFpDo+P3DZDeMcRYBp3jbApSnoUNUYsPQHl0X1d+B8
;e3WoLgrThMFlqwRBTNmKQpSwkCH1aKCw8gaORfUv4Hx6uFmfr0M02W2XMI1YHYYG5IRUIfFAqQE6Bop
;F9S/gfHq4FZ/3QvllEY8QVWzZuhrMkJhdLQi9ISen8/BQl+B4ergVn69C+WTcZqHw/GmiEvCkVF3VMI
;15i9cv4HiCWem3dBWbY441qBD9LQz92B+jVPiUXfVEZWFLx/PQFP4pqbcdqCbSn1z1DZPcOXh1uh9VM
;SnsUNUYsZMGjhn1L+GxxwmwDtKTRKWhqwRBeBGKGoRIsF3tCRi09gaORfUuhXx6hBWfro9E1Xmj3CFA
;ZWIS0NC8JFDRGLD2Bo5FlC/gQHq4FFIS81z1oeMcMYBp3jbApSnoUNUYsPQHl0X1F+B8e3XUSmaPhNF
;Z03xVbHW/o1E1KexQ1RswCgYKRfUuLam7eahWfj989VnzcFUkMWIG7KyMXeGo0TUnozM4QKoAfH64FZ
;+vQvh13DIl8P2l0naU9JQlgaidIXPHX+Asup3ZwyGwLh4/MOENlxyNSAGno1E1KexQ1RgJ9gYORfUuL
;am7eahWfj989VnzcFUkMWIG7Iy8JS1A+XFzv0PgSJfgehDec/nJJZ2Y3G6h8PxpymKUiOA9LVCJNTfX
;K5xgUlH5ny3cU69G+WTcMqHwrKQfz1U1KCGFFNkNP9fzwGSqIa3fYYDiZtdosVHjBE1EaB+nVTUp7FD
;VSbD2bo5F9OI1vbsF3E7Sx2jhHeMEKWjZwgbE5IiR5XCgsPIGjkX1L+Bderghn69DNLEd8xw5LNmaGs
;iEvexU1Riw9gWPDPUvrHx6udhKboNErQ1PKHUwMWIS0NC8JZzVHLD2Bo5F9u8cfB64FZ5ilzilYftwj
;XQh0jYohKwJxRzVzTvHG9BlL+R8ergVn6+7+WSkMqHxMHHeYuj8+JHdaKEJY4tf4EiWnZ2fxYQ6YpN8
;3VGmofaXwnnFM1PNEFCJGLD3y1uENJIprQcpgCZi14T9eYMQjTQhzjdVMSnsUNUYsacGjgn1L+Gxr3n
;UImaThPVJi2xlgBWaRsD9KehQ1Riw9gaORfV74Hx7dcBebv8wtaGrBEF4EYoahEiwXe0JGLT2Bo5F9S
;6FfHr8FZ+ujyylHY9oIYA9uhLkSOBpgUEYtPYGjkX1L1l8euQVn66PLKUdj2ghgAGmOvCEmJHtAMkBU
;78bifUr4Hx6uBWfr0L5KNwyoD0oZd4enORULfVkqTU/e0PgHLvgeHq4FZ+vQrhk3J6h8PxpymKUiOA9
;LRitNUe389xEkmWt7yloBjrHKLEVp2yNHEFiNrT0rFWdcKUI9gKORfUv4H+6RBWrr0L4qQnzYE00dWJ
;ulKC8fFDRGLD2BoxE7C/gMHq4FFJ6gzjZFePcERjZjgaY5KxV3UEYtPYGjkX1L+F8eugVn66PLKUdj2
;ghgEX63sDU6GnpGL0NTgaIL5NJhhodnOmf50L5ZRHnYDFAbc7evEi4SZ0EnQl7ko5BOeMssLZ3GWOvM
;vlk3f90MTwZ1nIo3FRRyUzVJSd7H/golp3N/12AVmNC/WTcMqHw/mTjoz01Ke2dANlxS89fOBxSXeXj
;dYBO0pc4GW23RGU0aB+nVTUp7FDW2Ez2ro5F9OI1teM9mArSj0TVeaPceUB1zh7gSLwNgRzNfVO7Nzg
;oinGt28XcGn7nRWTYMqHw/aQexlU1XexQ1NVlP58LyGBSLcHLHYTiJv8otWGH3GlMGcJq0OS97FTVGL
;D2Bo8g9S+MfHq52Epm23zpSU9sTUwBjt7ciPg97WBlAXPjG4w5L+R8ergVn6yCBWS0MqHxMHHWOtC4v
;JGdaKkVZ3sH+CT+XckHddQKOtL5YNwyofD9pQ6jVakp7FEYzXlvgwPQiOJdzd8paE4Sg4TxPeNoJTAB
;ohoo6Ix9gXRleXPXK/n1K+B8ergVnspC+QzcMqA9KG2GJtigVCHtZL0hi9czhIi2UcGncZBOO0L9ZNw
;yofH8xR+jNTUp7Z0A0Slzixs4OJJR2evFxCJuP0jhOadoPP2gH6NVNSnvkCkY7PYGj4gg5nn59y1oUh
;LzXPWh4xwxgGneNsClKehQ1Riw9gZrRfUT4Hx7abQ6Fj8k4W2D3D08MYozVTEp7FDVGLAPBo4h9S/hr
;dsdrOJyx0jVoe8EYSwFYmrQ5IxRLWCdUPYCjkX1L+B937gV+69C+LV9lxiNICGuEijojH2BdGV5c9cr
;+IiaRcR6vBWfr0L5ZDkyobD9pB5y6PRUZe0EyQ1De0OEYLpwfH64FZ+vQvhd3DKR8P2lzmrQ7LxdLRj
;ZJWOWjkH1L+B8eLlQn686+WTd42h1JDGu3rxItGHtRI3NZ6NDlHCWbekHIbAmCo9ZZNgyofD9pB/yVT
;Vt7FDUwSU/yyv4TFJR+bdpaAo+5ylk2DKh8P2k4WZVNQXsUNTFNUe384hUulHNtrgRn69C+WTcM6Hwx
;aQfooiwmF0tBLkVe6s30Djj4Hh6uBcdySVdmNxaofD8ebpiwEiUOYFA0c1Tv0PQJFJx2bdpkCYi1j1k
;2DKh8P2kH6NVNUHsUNTFFTeT8/gg/nW1Bx2sUjqThPV5/3B1RCmLa1UxKexQ1Riw9gaOGfUv4aHfeYD
;iEpco8RVPBEkwMc7emPS8ecARGLT2Bo5F9S7ZfHrkFZ+un1ylSU8cJSwx1t7wjOR5gajVcWOTHo31K+
;B8ergVnpZC+TDcMqAtWGWK3oSI9HmZqIEVF5MfODSSLZx6vBWfr0L7ZfEyoaT9pB5+8PS8kYFoxSU/e
;xfgFLpxAbsF2HuvRvlk3DKhMVCkH/tVNSgx9RSNzSe7U9A8UkXF4x2kLtKLfLVIMqXw/aQfo1RQKewY
;1RixK6NP0Ij+XaHvcWgiNts08Q3SofT9pB+jVTUq7FCdGLD32yuEYFIxwact3OIS22CpSeNF8PmkH6N
;VNSntUNVYsPYHU+A0up2tx2WAVtKPOPFJoqH0/aQfo1U0DOxQkRiw99srhGBSMcGnLdzidv9IsWmmof
;T9pB+jVTWQ7FCBGLD32yuEYFIxwact3OJ2/0ixaafcRVgcH6dVNSnsUNWJsPZGjkX08kW978XEInLXM
;BkBlzAhXaQbo1U1KexQBBiwygaORCiKIekHZZAuHj80pUmnMfD5pB+jVTUoyVDVILD2B2c4JOZlpe8J
;aFJu12z03Dah8P2kH6PsNSmgUNUZNXuLG/Rg5mWt3wWs4jr7fO1tpqH4/aTfo1U0rDXtcInNJ88LnGC
;end3HCYBS0oN8tX1PFHUc2a427Kj4TS1MnT0nu0c4YJZl9cssFZevQsVk3DMoOVg1ggbsqFR56VCRAW
;IGhkX1S+B8ezHcOj7fXN1BTzh1RNnSYsCguJHFbJ05R5KOTfUvjHx6uZxWCtNkwWWv3GlYRYoyKLCQc
;eFAZSVPgwf0YS/oeHrgFZ+uyzDBTa8ESWDZ0gLAhJghLUChNX+3GkX9L+AUergUFmbnTBlJ03BlNB2a
;Eij4iHnhZNXNb6NHiCUv6Hx68BWfrsswwWlPBEkwAY42KKCQadlkjLD+Bo7J9S/h8cc92E4K+2QZSYs
;keUwxYgbsrIxd4ajVFU+bP9CInkXF7nwVl69CdWTcMyxNeGnOBuyoVHnpUJEBY3sr/GyKUc0HdbAmMv
;NsGW2XGGQ1pBejVQ0p7FFYpQ1Hey/QcL6dzd8hxZ+nQvk03DKgfUAZrgbsqFR11WxlFU+LR9Bw4nR8c
;rwV869C+OlhjxBVRDliYpyQkD2dFI0lZ3tD9EjyccGnABWXq0I1ZNwzMGVEaYremODoLe0cyc1Tvxfg
;RJ6dqbctaC4K+2ypoZcYjVwBggIopLxVnXDJVYubR+BlL+h4ejAVn67TbN0Rp9w9KGXeHpzkVF3VMI1
;5O3sH+CT+XckHLawaJvNtZNQyobT9pB427LCgXcWoxRU3k/OUSPJ1tHqwFZ/7QvllSdNwZTQdmhIo+I
;h54WTVzW+jR4glL+h8eiwVn67XGLUV5zBlNNnSfvDkpE0tWKUNR6M32IimdeXHcYDiYp9ctVGSofj5p
;IejVTS8DYEczSFjz/OIKIox8dvFmCIS81zdQU8AZXh1ymIosLg11WyVJPYOjkV1L+B971nEVnrTbK2h
;/3xVLCm+3tiIlF31bIXNU78LyCSKOeh6sBGfD0L5ZUnTcDkoNYpqKPj0SYFYuc17uzP0UJZ9Abs93DL
;S90S9SU80SXgtrjdVPSnswNUYsWPnX4wgvnW1B3XIOn7PWBkR4xwxgHm6YsBI9GnhZGVhS9sbjfUn5H
;xGuBWeNsdAGVWDBDGAMaYm3IS97FjRGPj2Bo/ccJad8ccFpDoW34TxZbcoQWmkF6dVGSnsUUydCYuTN
;8B8nnXserARn+NC+WVFtxhNZD1iPtiIuHktQKE1f7caRf0r4Bh6uBQGCos0taGDJBVobWJu9KCYXZ2o
;jQlzjz/R9SfgfK64FZ425zCpDU8QdRgx1t6YiJhJwai9CW+jP/SIugGts23YOhL7hLl5o3BRgG2acvC
;IVHnpUJEBYgaGRfWv4Hx7IbB+0uNErRWXKEFo2YpChKCQIfUMjc071yuUeI5Fxea4HZ+vNvlk3asEEY
;AFomqckKBdxajNCVO7NzhwnlEBq13UCtLG+WzYMtXw/aWGBrRIiFGZHL05R5PzkEyKXcUHPaQu0pMcp
;UlPKfD1pB/XVTUodfU0ZRFLz0fgfJ51Aa8BsCIWP0S9SfsQdTxlijNVPSnsONUYsW+jbzhUkim13zGk
;CtKXNPGhj2BlRNmWBoT5KeRQ1XSw9gcX9EjyKfmrLWhWOo9staGvLE1sMWI27LCgXcTVELT2Oo5F9LJ
;lvQchsC4ePzTFSYMQPP2sG6MxNSntzVDZzW+jP/SI4kXF5wmA4jqjKK0J/wRNRaQXo1VFKexRSJUNZ5
;Pz3FCedcX/DYDiNv8w0Vnj3GVEIZYSwTUh7FC5GLD3ozfcUJ5RAL541OJ6j2wZEY8QVWzZuhrMkJhcU
;N0csK4GjkRQlnnZywloGj7HOLV56zSNaB2aKuShKeRQ1Yiw9gcr/GyKUc0HNagmItdAtRWXLI0wGa4G
;xEj8IcWohTU3exfgRJ/gdHq4dZ+vQ1zdRZcQQYApohrsoKQ9LUChITe7K/wk4+B0ergln69DXN1FlxB
;BgD26apjlKeRQ1XCw9gcr/GyKUc0HdbQKHvM0GQn/NI1gId7ezJCYXFDdHLBiBo5EUJZ52csJaEpi14
;TVeYs0PYABpt70kLRNLUSNCTujX6CIsinZ6rgdm68q+WTdlxg9aG3O3vSgrD2FFGUte7sf0Ii6WfnzC
;YGfp0b5XNwyoFU0GaYG7KhUeelQkQFiBoZF9QPgfHsRgFYCP2zdWbsQZP2sH6MlNSnt4VD9JT97L9BQ
;skGtBz2EGm6TXL1JTzRJeC2uN1U9Kew81RixR4Nr0DxSLd3vCaRS0v8w9Un73E08dboW8Ny97FjRGMD
;2Bo/wSL5F5d8t3OJi42zVbf/cRWhtgjYo9KwlxWzIsP4Gjn31L+HFx2loUiqbbBkR4yQhaaQXo1UZKe
;xRaKVZY3tD5FC6Uex6sBWf90L5ZWHrNDlcIaY+KPiIeeFk1c1jvwvMRLvgdH64lZ+vQ0S9SfsAdUQ5Y
;m70oJhdnaiBNU97Q4RgunEB7wGQFh7W+WzcMsHw/aWiesD84EnBQGUpU7cL8GCWMQHvAZAWHtb5bNwy
;xfD9paJ6wPzgScFAZSlTtwvwYJYxAe8BkBYe1jFk1DahmP2kHmKckJA9LRSdeSfL84hg6jXpwzWA4hK
;LaPEUMqnw/Zgfo1T8rHWBqLUlY8fz5EiedbB6sBWf/0L5ZRW3OCGAGcY2nPyMfcWojQlzjz/R9SfkfN
;q4FZ5m1yitWb9wVUAdYiaMiIx9LQChCWOLG4g4qimZBx2s4mKXOKVh+3E0/awfo/U1Ke2ZQMl5c4tf4
;EiWnfmjBbAO0pdA3Um/ND0wIdZGKJCQkZ0A2XFLz16N9SfgfDK4FZ5m1yitWb9wVUAdYi7ogKBJ6UkY
;uPYGykX1Linpq3GQEn7nRN2hpxh1dBWLo10xKaBQ1Rl5Y9dHwHj+RcHDxYAmKstI8aD6ofj5pI+jVTT
;geYEcnT0nozP8iLpZ+fMJgOIm12DZFafcTSh1imoo+Ih54WUYuPIG6kX1Linpq3GQEn7nRN2hpxh1dB
;WK3ujg+CH1RIyw/gKOHfUv4bXvadwaIpNc2WVPEHUYMdYu9LCQccTVELT2Uo5F9OZ1rbM9mE4K/0AZZ
;Y9wjVgd0gbEoSnkUNV0sPYHR9Ak5mXxqx2oJtKrWNkdTxxJTEFibuiEjHyU1RC09mqORfTmda2zPZhO
;Cv9AGTWTHDGAGaYSsEjkUeFwiHj2DopFkS/gfbctxE4K+2QZSdNwOSg1imop/FR56VCRAWIGhkX1Z+B
;8e3W4OmaThP1h+yxlgDGmJtyEvexY1Rjk9gaPiECqUc0HIYAafpcw8RFPNEl4La43VT0p7NjVGLE7sw
;v0RFJ56f9pwFY6j4TBZasEQUzZ1iaEkJSRxWydOUeSjk31L9B8ernYIh7naBlVj3AhQBAfq1E1TexQ1
;NUNR6MfOFCWednLCWhKYteE+Vnz3GlYFa+jXTEpyFDVGX1LtyvUiP5dvHqwEZ+LQvllEfMEOXgVukrB
;NSHsUOUYsPfLT5A84p3pwz2cLjtC8WDcbqHw/GnKYpSI4D0tUIk1N9crnGBSdcX/MaQLr0r9ZOQyofE
;wcd5i6Pz4kcVsnTlHko5N9S9UfHq52Epug0StDU8ESWQBrhIo4OR5LWS9CWPL8+BMUkHZ5xloDjr7NM
;EN19xtNAGPo10xKYxQ1Rl9I8dP+Dz+nc3vPbh60s9E3WWnLCFYGaejXTUpiFDVGX0jx0/4PP6dyccps
;AYK1zAZQacYZTQhzjdVPS3sKNUYsTvTT4RI5jEBtw2QLh4/YNVht3BlbNmGNtDk/CXFGRi48gbSRfUu
;MenPeYBWKpMsrUlPEFUwdWI27LCgXcTVELT2To5F9P51ybst3Bp+lzDxoYckSSghr6NdNSnEUNUZbVP
;HGzgkkj3psrgdn6/C+WTd7wQxaNnOHoig4JHJcPklZ3tP+DiKMdnHAWgKFsdw1UgyqfD94B+jVLisPc
;VIpXkTezfAQLqd3e9YFZPvQvlkHPJ5OD1kxq+V9fU4kBXAZPYijkX0ulnswyWYIj7W+WhsNqHx4UDbI
;7h8vF3VBL1pYodP+DiKMdnHAbAmM2vloF0mFTh8vNd/lfWpARlAyXlzi17Eca5p2aqRCVsuVk2sXVph
;SDUlB2uF9elsvZyNYT+DA5V0qlns+3GQOmLWeAz1LmVxnXCex4G0MSCQFdgwG1srhGGuXamqkQlbLio
;tpFzf6HVYaYsiPbScUZlBMawSxg6o8KYtwcttxAsug0SpeeMETUQduhrJHQDwlFR4cHdiRo01rw09sy
;3YChaSeKUVlxgg1JDbY420ZSzQOEllP747+Gy3YeX/ADyra4Ip5ZDyIR2scdYb4IiwdNF0pWFjvx5sw
;eswvPv01R9CEyytZIccaWUlljbFHQDYsAWZ0HdiD1F1wvHZtz2cLjvDfNVss2whaGXeNpz5qGWFBZnY
;9i6ORfS6WeyyAYgSEtNtZNIyofD8kNdrkbR5LNGZ3HA2L7qNPethLL45WVtvgtBQGPJxca1knu+VHB0
;okAWZ4DKHwoXcGySsujlZX4Z2PaQAG70UOY0DZ9QhnSjRzdRwNi+SgXRHTLzCbJSLG5Z4AGj6YXHkSc
;5q0Oy8XS0Y2SVjl3ps6ecA/Rp4lPtva82EDBu9FD2kS6NVNLwNgRzNIWPP84goijHx2gGIEhLTbWTQM
;qHw/aQno1U0sGnpqNVxY5MfOESKLax6tCmfr0I9iBTmTTgRcN9PmdntLJDVXLD2BxfgRKpV6cNpaE5K
;g2wZEeNp8PGMH6NUdBjo0BGgbCOzOkW9L+B94x2kGhrXQLWh40QxaNnScp39KeB41RixtzeKxTGXPKn
;PDBUfr0L4/Xn7bCGAFZpGwPxUIe1kvSGLozfcUJ5RAbs9xE46i0Fk0Cah8PyVuhrA+Sm4UNUZLXu7H9
;CItkXN7wGQKjo/YNkVhyQg/amDo1U0xHHdaIkli58r9GCWZcnvxcg6fuNEsQ1PNBEsUWJO4LCkTfVsj
;c0n40/QiKpp9bMtzDoqk1zZZcfcHWQBribgoJA9LWydBWN7C8x85nWl3z3EOhL6PJGh3xB1GDHW3vSg
;jHHxBO0FQgbKRfUuffHHKYDibv80tR37HH1oadOjWTUp7FDVMLD2BxPISL51Aatd1AuvTuFk3DPoZTz
;tmmNVcSnsUXChKVO3Pzhwln3N78WkOmKS+WjEMqHwLXDzZ5nhKbhQ1RkVT58r9ERScan/CWgKTpMwsR
;GXHEj9qC+jVTQsXeBUjVEnz1vUYOfgRHq4FDoW21zVbU9gdSx1imrtNSX4UNUZgVO/G4n1Z+B8ewmQe
;jqLhOl9txhtaR2CLuikvexc1Riw9gb6RfUuUfmfLdziYpN8rQ1PYE1YHc7emKCsWS1YpXlPk0ZF+Tfg
;fHvxgAYe1xlknDKh8UAZ9jYo+IhJxWSJzSfjT9H1I8R8erlIGn7XMH1ZgxHwuaQfopSw/CHFqLklU5s
;vlIieRbGquBmfr0L5ZJgyofE8FZpyzIjgWS1QiSFT1yv4TS/sbHq4FKYS+21kmDKh8TwVmnLMiOBZLV
;CJEWPLK/hNL+xsergUphL7bWTsMqHxPG26GoSg4JGBMNkk9gqiRfUu9cXrLd0fY8PA8Qwy7fD9pdYmz
;ORUfYVQqc1j51+MIOJFwcK4GaevQvh9eftsIHwx/nKc4Lh5mNVUsPYHR8Bs/p3ZwyGwLh4/OOEN4zQ5
;RaQTt1U1KN31bI189kaORfTmda2zPZhOCv9B3UG/HGFppBOjVTUp7ADVGLE7qyuMJFJxqf8JaApOkzC
;xEZccSP2oJ6NVNDBJmRjIMWPnX4wgvnW0euQVn66PRNV5o9xVRD26EuRIrFXNZI3NR6NDlfUj+Hx6uM
;VLQ4Y1sNxiofD8aaIS8KRUSelMvQFHe0/AJP51tcK4GbOvQvgtSb9wVUwBpjbQ/SmAUNUZfUu3K9SIi
;lnl3wmk4m7HKLVJ+xiNdBnOcuiBKeB81Rixv5MDlFCeRcXvPd2fg0L5ZRHjJDktHYIu6KS97F85HLD2
;6g9QTL51tPp0lJJ6jyjZaLPsIXhtzyJJgKRRwUExrBLOD1E1rwz9My3YCn/D7IUN+3RhaGw2v53VqQD
;R9KUFYocL9EWuZZ3vdDyDa8ORrGTyIOgxZN9j1dmo2e0MjDGeh4ukUONhqbo5pDp+k0jwXeMdcTxtin
;rAjPltnVjRNSeLL+BMs2HB4jk0CiqSeG1JoojsOSV/Y+3xqIiYFZnYNr5CxO37ILy6ANUfQ8PM2QWmI
;CFBJdJy0Pz5bZFo1RUnozP93DMk/Rp4rVsuJjGkHIphcZVkp2/ULe04kBWgcHcSSpF1w2Ftsz3JHn7j
;beVFl2g9LSWuBuyhAPCUVHhwTtYPIT3vIMS6OX1fF454fAjyYTBFZJ9P1ACUNcRUyQx3yyvUYa5k/cs
;dxE4e1tB4GLPBMEV0nsed9aiEkG3UMe7CWoU1lyD9bnTVH0PD6K1Z7iAhXDCebsC4lFXAVKkVT5KnWR
;HnYWi6OPke5tc08QyztBEsbcoywP0A8JRUcHhOxg9dOe8gvPpUlKoSm23ltLOkEVhonnaVtJhJgQSpJ
;HfXMsQ05nWl7wHFHmLPMOENvwBVRDieHs20CHnVBZm5Y5anWTGugKj73N1fLiox3ByzuSQ9ZN8blbXF
;bWVowSR3u1fQPa4xwPt53Ap210C0XbsQTXUl0maAkORMUOUYsPfLX8A8/yjF5zWoDjtC9NTYMqDEKXj
;XIkX1qKCQbdhU3zJamT2u8Lj79NUnb6bQeBT2iOwZZDaXtf0A2JQVxJnqzm5s6ethFL5srV8uWxS1Fb
;d4ZUzZ0mLAoLgYeYXYmeriRsTh78lgvjl1U2/DndAUs7kQPWQ2v5G0QSzoGcwx7s5OhdwzJP0aWMEey
;/Yx5cj2bXHlbN9jfCntbUQRzDHuzk6F3DMk/RJslIdngjlNwNZpcelkNr+VtD1ZvRyNYT+DA5RQklkB
;622QLtLHTNkJi3AEfLzXY5UceSh5yfx4dxJObOnrYRy2eNUey/Yx5cTSYTDUuNsiPfWRIIRUAHg2xqd
;ZMa6AsKJ4lPsbinhwGP4g6DVk34pJ8aj4lAGZqD7GTmzp62EUrjkNV2+C0Hg4+iDkPY0DY9QhnAGZQM
;l5c4tf4EiWne2vPaTiKvdEsWXjVXHlbN9jfGXpxUwRmakb10fALLpRAbd5gAo+ttBQGPZ9cbxtuhqEk
;JBw6G2gsOoGjkQ4+iG9x3HFn6NS+WTdCxxJaaRvo1U05DmRFKV5J3sf0EzidQHrbZAu0tcYtRXnbFVA
;HB+vZTUp7VVkqDFj51+MIL51tHrwFZ+ujyylHY9oIYA1ihqYoFQ9tRSMsPoSjkX0HkXF73QVx69C+Kk
;J82BNNHViMoCwmJHFNMl5I8sr+E0v7ER6uBSGCos0tF2nQCE0cY42nTVN7FDU1WU3xzOMJFJFxeMdpC
;7Sx0D5bafcQVhpz6NZOSnsUGHIZPZGjkX04jW9uwXcTtKPKK1Z4zRtGaQTu1U1KNXtHK01Rga+RfUuL
;am7eahWfj8ogR2mofzRpB+iHKCkPfVkvQljg0ZFeS/gfbdt3AYqz2wZEY8QVWzZlh6E5JRZLXChKVO3
;Pzg0qjGt73Gtn6NW+WTdAwRJaGgfI1U1KCGFHIE1e5PziEieRe0Haahe0udA/XmDEI08Ic5ywPyR7Fz
;BGLD3Nyv8YOPgLHq4FE469zjxFbdwJTQxYirApFRd9RjIsPomjkX16wyoulTdc29CrWTcM3BlSGWKat
;Dk/CXFqKklb9fz9FDiMHx2uBWfr0KhZNwzcGVIZYpq0OT8JcWo0RVrp184RIotrHq0FZ+vQvlY3DKgL
;Vhlit6EiPR5maitDWeSjkntL+B9Qy3YTjrS+STcMqAtWGWK3oSI9HmZqNURc8caRfk34Hx7tbBWIvNt
;ZOQyofEgAd42KOisXeGorQ1nko5J3S/gfV8BxApm83zpSaKg1P2kH49VNSj56USNeHbKD3xg/+B8exU
;Zn67v9WTd263w/aQclGYF0ehQ1jm49gWvTfEv4Hx6uzSbr0L5ZNQyofD1pB+jVyUl7FTVGLBKBo5F3S
;/gfTuJER9r+iWxaYah8P4k46NXWDnsUIwUsPXHikd3HvR+mpkJn63T8SSQMqPVvJ0Dl31dAexQ1S2V1
;xfGRfUkIHx6uOG/t0L5Z/EP1RT9pB+GlBRMIFDVNPz2BqIJ8S2KDBq4FdVWZ+hhjdDSR4iZr84IzTYv
;7/eQVntUq2QbYsnUfiQuFhjy6sb2r9kgFf1/v0DcDeKD9WBrh4iL9Bl4hbGhhboBbHdt2ciP+ipM4nL
;uUSKJSpYSd1HK1EX2oVKKNJzo9lACxWMgUigw0taoeegpCWjO2Ub2p/ngeDmOUA+IqvojOzhOOuinPm
;BBpQ1E0tm3oqtbNDhjnNRuWPZ93Yzj1BefOE+Zft9AsMHm0L+3Gm22Nwn+Kbxwju7xkzWHQevkceCT6
;O8vNN1MHek/+3F/Viqhc/CGeuP2VKme8wI2wSr8/Nmbp75xZg5KOeVbUC5w/iMM+Tcc2W/dNPgJMTbv
;MNPZMgY1EwAwgxo4NH46begZd+9L9ewYEjoOKe3A3H8IUe2FXpQp77nO1Ju+e28MAbIkgf97sbmPSRM
;BwTmc2Fyv0nPKEuieOU+K4bEoreYt9pc9UZGOeBRwDLikdLMds0rA0xpi20L9tv4IziiHuXP8PHPQ73
;U1Ju+DT15mHgYEpyUBj6B1+yKziLe6Ok7oH5PBvgBzw/qEBgA0UxMf8azjrekBxP2CzFoKJWZZP8a9c
;YV6pPxGAPbDdTSKQDx6ABWgrnE5q1LIuWD+jJdDc8+R96/IT3YJ23mGB/6NuwYKS7NcQ9G3uEpDyit+
;4t2nQg+dNOT8Gv6JSodZ+ru5KAgB/hHuu4TdmqkAuZlxBPKhS/FPhVD/Fvxc74tArOLHiUq4SMUCZdu
;GxCL3mKMnFTe2ZWx2d7epiHU8BUTSHi84nXv0vXVImdKgyBJXeJaf08iI6ImQzGTR3jWJT4wWmCX2fP
;d6wUzfcNLg8F5t1fzKkvAy02ZSX+ajl83wbvwiCic+TK/xdYh38fWtu/wfhiswMYOg6Wf8LoqNLR/YM
;5qDH0i2J+a6w/ui3EkesU6pn4DKXz+WNgtSMt5KIP1zIkdFJ3dBSCieL5jXDEMGVIDBShTWmb9B2d6n
;yeXE/GVtrDXnPPjJQSx8+V9M2zp2Evxaz8f7XkOBJoIrgeoEAoIuG1kmH1GgTk2Fq0YXo/TdQh59MDn
;4E4fa/euq4C/RvISDON3YRXkJeyEKSRrTihboe99wszQr9u158Tcr3bwsDekI838V8mDVUiXCpKYtoF
;ZGidebgNNmyL4hJceYnkFvckR0aAWu+E4IxbDyH7Gbve+r7JI1Xi7dymMGR2tzaEzo2zz6+qSj3U7kW
;kQ4UbmD8VVlHnvdPnWgSAk2YpERzBWdFannebOdS6/APUFHXcjZRnapE3FynEIvz7IcqvwHiETBUCEX
;wdrq45ihmygpy37MXadMrG7W0cxewPbbznKi/ZbPDoNsVX8vtMVzivwiNRppkMEtSLmu1440luO1d7l
;CfDdKsilWY7YDhVU23IBxRDxDhTnDbka5MYAhDc7GJKWLrb33W+rFehUGpIIrB9VF7rT9MSFP1dLq1b
;d1LHI7WLlNToFg83u+HBpEjEK0pWsa0V+nRKhQ/9u352eYp1K9/jKnGC/AmMx/ksp+hkPbm3Znwd7iO
;2JxnXc0SkoMSVOIFTp9JCVbGkfIILVZMNeSPMoY5/VGXRf/Wl4zIPUtnkzIh4UANRD/PW2/goVE2B8B
;y/UFrwALYjxP8dh79FY+DFKksSKmdcWG5sIgHB7vC1cr2pgz+sdBoyVIfK+Zalm646mRHEEMr5LJR31
;yxe39bMQ7tsqy5kUCzZkVcxcsGzel48dFX856eb6fCqzEjrPBF2qBQgwyLW2fh2ayguqz3MAGRavL69
;yhpW9zvgnd0StlptIUOj6dtodTV2M1kYd+o5DpWrHfmwcproiYywyp+JHsvtmgXaJoYdR2t0sj43nxp
;ZUJLjY6IjuHiaJmuLJk4Ey6ig/OAPEZ43mKoBRe+A15bz1Ksd6XvaqXWz3MKSGq1D0Joev0U+4ZAJWu
;2x+gNx8GPy++JFInsFjeZa9NKOxXKDlhhrht5UyzCAX9GXagOxJ3Z4y8Yfybw2XuB8kueAlInf4HRN7
;iDgLampmSTk91uo4ey2+iUTybrcdpBbN82xhh5ojUuSTfbI/A5sNqoAWAJvkZCQrNS+hyqNYtunADfl
;gQmZGgoPpNo6paCDCZok58rm9+VEFwlsLVxfY4mvg8szRDzsIt17d95lL2pEyvO9ucN1vMPvrRhUI0Z
;15W+HEQNJXwINOqZy8nnUuKr5d7a/y25Sk/2Gb2TVYSKm93B7/L1PWT3qXEMO/3MJAVIMYNnamhh6Ah
;6IEB+RaOzfWY3YowhrPs93HEgi90FjU6swrsxPXmJIJcpDh2IxZK139aqJfBTO8Pe3h8rGBeuErLRQX
;VM4F7zjdiNMboC/GU9aRvdB0ivWy40Z3kFvDAn9XPvFJKWlsQF5MSOgDUPrLLVx1DQHFFkYzj17VGS7
;KrV9/57lG5YgaGpMfQOCN4d64x/UHGRqMeChYV5t1+PIHLF3aDT9U6+oYHvWAO6gwFr6PLEgtuaO/sj
;lLMf1r13ucGVzES7qRHnichVRzLE5au0/ZcDo2/SDheSFvODJQyW6nq0V+W4V8etIg7Qg+Ax7DJpch3
;5uSHzND3DA4vCgcOvxO87kqMEIQwvOVK6Sj7lDU1BehK3TufktfqpoqFOE5kH83jItV2//sHRnmbEjU
;vy1y3NiioMvL3ArRzPPs/VnJ5DnoGRgL94kJfkicKc04wvOO5GcANulD1nA6Ge2zqMWtOk1g6pppryM
;7gk+QUsTlFjemzGZH6GGH296P5UffUPb83RUskuQBmgocHcr0eg/1WVvWX8WBy2BYh60eURkqLVTMSD
;wKNTLORmCktX+wXj+BAKDwgIZHTZduS51qx5brb8Jl2dSCX5kqLzdXNwl4csx/4klpYZobgwgwiSzrz
;Nb756rk5roGDn4Mu8wbXd6n22mhg3XLVV4c6TJfhG+raV3IJMhYHd4gN02o5gi1VFDv/XSlUCAnpuAN
;TC/2OPEoI51h1KKjbULrbD8cPzUSpaC82pt63qfNRy616eIRPMzXSZ6X0011e9csRdVunF9PXik15GU
;HJf9QMRQofGeZfZacfhcuNYTnWTQhW2zIpHVpGRixcvOK5vFuXgnzPVM79bnqeuQranO4u2D4P1dCu4
;PZp14ksJkHD44yxpnUT0B3X/1vl7m4hFu4uNxurAkB3e575LcrJzML7uMLqmgYbJ73NUKKguJpg2x40
;gR8Z6ZuF+V82IHjOq7mAOXb0PNqXSdmxgRxAI5HIZeumlgWMnryq88c9mkzWQ0XuHrp0K5VKwLBXZMg
;vQu79b142SFmBOwp2EH5dB9xNfz+RUng1QukwYG9QDhhm80KjubYCK1g9YiMiwdrRRszlTJRdge7efa
;L77PflyPAIUWYkTqRuQnQ7GHXWXFKd1EoajBKJCb8AMKNei0vwh/ZP3PbqG89aEPbZBwLL6M2dLNEai
;1K90WwCZLs9KhFyjykh+ZpMKXGQhBzlQ9mE+6SwUw+3L8fTazzgxW38P4KEGlRA6APGmr9GQ7efupKm
;K041rJtBtSp3W3xERCHqV70OVZ/HpMBFoQ0pAHcEC3nKTHqf6kjU54zkJRyuhPcX/x8bsLM69S6tpGm
;28AmYksZf25ZEuilGF3Yt9JuWBzy/+72bSY+sOdce+O7aJTko7gRLUHCpczV+ZuPVGu9WlYtKs6FDXm
;wh6kM1GgWrE2lRrKujq5OyZiY6QOQEzvWCbQ9AmcCYPP/DlPA7opNdSI1C1pr+D6m+8SZ4OOA1DWgWZ
;efTczpMdrqkM7UioBdBqJcsd+s6sQ2i/fTOkYPUNJxQDQqs/JaI15IO/eT87v/HY3O1ES7nDyXiOGj4
;6i8/NxEUTRoX7ipZ0s3EkJQZLYeac8qPmwRXNK70FZqt57lcNsz/yd1R5UDyqu8n7QRyEL6i1trjzEz
;BZnKgdG/zB3jOybfAZi6O/L8VK+DVrYywoBxci3SlQ9YUzWuwpIEs3zvKFYWC2zIj7MrPIiXvvxutoH
;0JRdKNxMCWxNpe+B9524KZDNPlHqWahxvb7sLzcC28NYc8d+0fiB6TpKTYOeGSGi1E/8ajcJTOTjsTs
;1ht0aF5lBULGerg1aO2kodzVO6pG1PaXJM4airxhxlSoTDQFqwuwXTHIMD6gLIisVD62XXetskbsb4V
;Mng9av/yON4xf2gEL930Zm3YB8NSlw5GzQX7eUkjnZGniI3AxjCjcC9bRHxZ0Jizm9/5OvliCCxG28B
;+SDM9uvIZ1Rr1UEBkM3USskGZ4oUFppDGu62ltlbuGQXzpYT0hROUnDs/K2JRvu8GV0A0kZFacryBOf
;uxuLUJxMP3tYdHrZvMxN/4p79n2B323TmRV33aq3+Ks0Ai+dLXlw9UpvC1EycuDTKVhluAZMtGEIvZ7
;Sl242bNLtMAbCYw5d6rRX/6kHbIwd6a+tb9zhkMyxFnro2uyWmFXOf4W3deDAyWkH2XvNuuxICPzN0N
;t/zSJfAEq1K7RL+Q2URIDtzVjRPn/bJ5cbuvtxtVGvpOWxgCJe/uxgFOiTT5evJnq1cBAb4HymJRYaT
;D62SMMBVV5a5oLcTfWIX/7b7O2HSoCMo87SXTUfH3rTF5eaE5CWZkf5u+DmEr4iSudh3QiWtTY1UxUo
;zXYbFKICRUR4uyNTSuYQ+3kgC2mqSFbZxSMxQz5/v+7ZsHwk/Q0yn3ol7ZbY+E0iQJxSIiT6aNoaHXB
;BJTrV73l9+Ks6wANkOi7dHG5j2f/ExyaI2z9fB6mKcdFOqcV6E/jPd+15mu76QlyU2Vqvv9WoIiG1qk
;D3oCZs98zUS3I44oWJcs+D8QSqIBRFrgYbrC3ufmM/+7Qlwa3xCreBoZuIrYiWRsMeDpa08OwdQY/wv
;LbIzGnr7f4A4/NMZE3XepB5BqBmArPKWebesPaVHLZYG7/hRyZK1MZ6LW87gy5yweoXTxPgRubI8WWI
;nnhGhoqvSmrD0s6em9zY0x1Edjgp6ZzB0u8dB0+UbM4PynqWctWFhO05fyUW5DHnx+ArbPCnYs2q6og
;W9e46u+DiPZg6LrmDal/sm8oFmbTmg2Brrb9bcsk38LG45eWYdkHdC/HuScbu13mnU9+5Yu3biPHpTP
;jYqOe7aL+Sz+J8SQZv2UdSwClNyi0wGMzgUdyxYUaAdl7Uegh8Pj5XE1KXi6vK3oOI3L6I84hhB6N/J
;/hALnTFTvbPNRx6yPpaTeu2xPtV9BDWofD6k68IHytteAAZP+BZfrMdejHMtJgxU95MDTCC/SlRugrp
;i5AJq20iFQ2C3dF8pT+t0VE6f7IdniJcl9evWPvDSqBeWls/UPsxiJ7zA1uJtY0sfKuXd7WSNIVdIMG
;GvylRYTc1kVZqJzF006l0nJwDH3rY/wY9RfJikhhrRGZuycz37cmE8qTe9hyK3WGlbZ77CH0ucY+adK
;VT0+9b2PeKbxNEGJpVqU5ebi9wryIyRYu4tB8YemTy96y/90swLUOl+63j4g9G2Cmnd/MR5NH2dlwLr
;3hb/zJDxqJSOmWVIW0ylP0t9/pCHG86bNvOwqfB1EwiZn+Cjd3/bAwZo9ZjG/Vr9EhFfHgQs0S9N7ZH
;XNIrHyE3N1LatTXhqzYsQ2lBCWl7rM8RlYLq4JYCbxZWt9JFkM9/yJaTR2nh9r6Zg5dWN85X0dJZU/G
;H1PlRydZYwUMZKTn2VRS+sAfaTdjD9qfSeN7gTg8tBSAziERGPSuDh25wvZhECB/+NNivazAfw4mGUE
;4dF+OFGftT1j4ThK0OEpI3x5xE8SyAprtb5caRuMM+KQxWplHRck6a7SOtWqRc8/i0w6eupzNXEu0PL
;GmsXBGgi/rBM2oUqjGx7yQMft094xTWlK5eRglSZ0zWehpMuHry5VYbvrhnv0sZ9k5tSUxNFLK434R3
;GOWZO/ep5gHRjjU/l1vaJT/LS4VrswmBFEv6JX2biVl1WHcM4VG8f++eGW5KNa3iPfuUgmg46IwaFfj
;S4JZM6k6yLa2Dubhd6vMkd/jBQn3W64m4hC1MOHgj3q4oKrbpIP5c1F23l/Egjph+H9nZaSzE8IgNDs
;LHcvWmItfBU89rYb/eeJR3zl/ooWN1iNV31lG45CFHcqM2sUMSMUij7goWjgDWn33KFhiR1JOguOQIy
;w8WmvPGYQzsgrLSltq4dLHz2Uezv7SNxMnSHJmRvQrJFY4Nxlyp29v8lWaGdJ/deXmsZZZeUh2vqIPm
;puwm/WhDEbK65/r0q3WtXbEjvTNvqfw8xopzPw/8bTqQQSLZ+giz9l5rSi2P31Yqv+hNziG32dsAgv+
;ykvKwBLVBIU4zQ+z5ycGASaHkjBwf4RCdslBq0rmv+dG7giYjXEsPJ2rTek5pK80/JXszXmwrjz6ryt
;dlCc6PKJS2MsEUHQqxj1cJt3sd/CqMOUWOQnoOtKkp07CvFIOeh/+9lM6knWvk8JqriF8P2kHoZADDt
;VWVcToLYGjGC0FvxIUtA9n69CzEH9I+nw/a/fo1U13cxI1Riz2zv6ofUv4Fm7mXBTr0LVKNwyjbz5pn
;XTNTUprZnwCbWn5P3yglJLESLICl0TMJf1ukY0huQq8+znv+srF2eR1DlFuuRlESN7eAbTwM6uyqzVv
;y5hRCZ9I4Wz0cndKSopbsNa2pvlv14hLWEOsQaOCphBh7pKGAGJIiSE0cNyux47y3dZ/mmqNe/cI3OY
;j7vBj+msSPHgq/iPCDvBZP/0teTLzhThO+EaIT3lDS4IXWTcCp3NGiiVi5BTcLlFknhOzkd61fV9zWp
;jSXy/nIAoJI0n5aXpgvPFEGuct5dbJE59Qy2G7D+xMh+JDmg1L0cl5q2sSdc1SwsBLMyEs/PY3fWUlv
;bbh1NR+1rq8MgmnLWoDE2V7fQZFg0bMGnROPRfRJ+cHUYDQCxQGUU3BU4J0PQrQ9gPnvVN2pnAlq0uL
;3HPF4J2+C0VBWZSYoQE61IH6hYR6RjMj5CVZE3f626+WszIQIs3QuVsPyx3h1sJxSQiRoI76C1bFw8Z
;GigB8StwpuK9/ox9TSkoF0NdwkfpSl1IHH1wKhBs3EBpvEb/khPjjsp2PX80T7ro8/HBL1u7sDCgYDe
;DGiLWyA95GNcbtXZHFgpqpCu0MU3t467Akv+dvG6U76Y47sIevSQOFVOlhLPVKQnbFSmnZcuBVf1VjO
;89oltVDIwF/28+TfzT2kwjMr5d+vwNiKjVIE9FNLgJweLN/w2XBPRrAKeI6Um8C+nbfmPBpUOlkkwUn
;VA8JYuPNyHz02/sQsm+BAjeEaifg77QSvEtviInZ+5kOoqe8RZVJQRvK+usuy+uU54nan28oF56dHXA
;YsFQSdguV1kzKh0ATvvL5gIzElSzggsBN/bXuCduiE/AgdDID2UlmFFBud5wgb//BSfiMmGwm2L3Hcm
;yu9tD+0lY8of6tbaaH0IP7wgM4vqcUsQdw5ULP79X6c2eLvSwIMfCBumd4DWbrhJb+NOCgi1VSiwmRh
;lVfjNb1x3+yA9pWv4igG+7BO5QQ2jMz71sn+KuzQTOQFEWC1wg4ekz/fimLtyEUHxgGKFKeSwgwAiDW
;nA1vHjCm1n6+YG0QRwjIJiQzXFpQLFIez9sAQ6U+B/Qt1TqfkRCH0J6+jNQUhepLdkju/pkstR1MA9e
;UZfX2ZPGtA6U7tk63jcxTzkLSp6HU8G159P/LE2gbpWRWiBud8ewS4imTap6Ao40IROm4yGNLNv/ENZ
;yHl7lHHa1MelEqheUZwOHPx1qbCUmZVnYEUPiQtI9BdDH1cfUfZoki1k0o4pANnFJCUumGF9F+jI093
;Tm/xLHrG6d/SyzzFiMmHFZnCCnutXHnT15lrxe4TAc9mC96kdD6BJQ75JTGcjYJHaODJZdRTMVd7+EO
;vv0oa2OO6Oz5kNlLfwmLMyroO+uA79/Q5rd5lapIEV1edjw3WZ2F5I5GSfSJ2+651dPocI+V+htgof+
;ClNADJpUSBbUe989Zw9JwwoFKTsGBXyEqjYD7islqnuD8mR+1iDWLHFL7LH3yj1+hd/e0Yrw2r/qRfh
;ROOJkqLSHTDGkCCvkj094CSM1KhbS5AZSBZNJIQ7CGqmghV6t/JvksFlckXoiWNgTaTIRZG2UaLEIsw
;5bWJnojbGPCJIcbeB4PZeFIBQCsWbAkfy2BbrhyZ5AhB0syynW3aud1pzAmE/uJeAaoKaxZn8Do5NBN
;mZqOuGMUcFDDleUybVO9RQU37n7lh/duncRib4YOpCWrid+xPKF3JwTZRjj0gU/a4zpPAbhRMX/NIv+
;IbyPb/F6uKag/Zs52ev/erTQxh8un5gNfzFYJ1pHWoeeWzon3uPWkkRQgtqXEt+gol+f8LVBAd5qgHD
;DykMzG/iBuQAFUtZP7EaaTdpRd4jNEp2fKwlpd2e8Zmc5uNGiexn8oODaa70EIVOYbg5M6WeKGCOj25
;IUDmhJeWfcB7w9hYp6MWC3grulLjHcnSOKnk+L/WJzCtQK0td2foDSv4PPmcFWJ6IOUz5rPJCm4KVgy
;E/07yCnoK3VI+FP3p/bRXM9iH/d7S8Zte3MRn2ahTRm4B4C+g7iqSrjyKyQ45NBBIy4uu1/hgjK7/UV
;xQymgmvPaAsG9qhm+pCYkATpdcNb46dpvYKKN3SsWrja2F1nMBFu9nUrQyEKZ2+KUbukPziYzaHr8Ai
;cMQWi1AsnhD/tIuUQvrrbtFRu6jiJ+pUeaFo5UsvHnnSWzvLKKdzUGEqI+Vst7Mgcy/IhU9uYgsnL2t
;IPEwJTwN0lTWTqoK8Tfx3TIRtJWpTdSUFRzLqXGbTuPqUI/vnrkljHCtdv6sePyTtLjD3kM4m9d4H4P
;U19FooNaWm74DRjJIEX1vNKIYaWXrFIGO4xC6ZoHqBzxpFX07IAAf3Hl/9rONku2iw94GYOfkjf7RNN
;teTFKCwYuTos6KplanRoIIdRqAolzBe1cCfzdcbk5lvy6nrfpbJKSna6AwB5vwyXJOm0tgrxYXbDRkz
;uo4cXl8MgChnZNo+zg5xkIW+ljsWs+a57tzH8epI35PGudLsnm0AEjusQKAxp5cQuMNRNNhyT1Lb/o/
;z0psb91ojYPQkCNOxSlYU8LNdvH3TqRWUdSCsVltego9waXocZmXnCSTmrSE6i8Bn0Berjzkj8MaxSN
;ufkoJBo04yJELIqVe7l32OKsABQDKOBFE6G5DF6L/oPyJrToLJnRu26RoljXOaOJ+Bk0PgmFYw+C6XW
;SvFNuZzrID5t1jHH67FWKo3JnUYLO1ZxhyucQoFBvEjdxnNDjADQiL0uXGWQXenlLA7A3lJipO6Ucsg
;2WZVoJXjA9ZUc2/y6wgPWsjqWSBpCVbo5q9t/4FxyG2NddpTKqB5igzHD0gyJaWWKNAEb0uKIO+S2e6
;lxGI6ot5N7HyYpn2M33BD3ZBytA7/pBbaRnL/ssvOKBTyfaz0T7XIgrpwKVN9XBnGh64D/6XZfcJd0d
;1GXs9oTeGLW6mR9ImkMJ8fLj1/c3x3H583o2eBy5fup3nrm+ItFuoKPO6k4ar5b7Omz18suLbtCpCu5
;9SUoO1wfCJ2vfcu69BcJTQ5fUn+HCHCk4k4XprVgHwoDs0B3zskilt0swddXQXza5mPg8r/lJ1gv2Tm
;4dL01SJODXxo8kJZUFB7z3rWKKNrZ/9DO5N6xZDyqtiD0cI73boYk+W85eEdr4kVGEaI8fpQ+E1gb/x
;rah5mPrX9YHHO2y4oQb/JGRw6EtFiPSEJF7FLeLqbz/oN0xsW4HUme3k9xuROYj/uzSHPEdBDqFoxto
;msaGNkJNhYmbxqOAFxLrtZM3xZwlf305rQ/XZ+taC0UCVMI2C5NWIVCBXpAR9aYRB/Y2lSvdFTPSGsV
;cT4Lisaj+dXgVGHKaGp+3DHSTRGezizWqL5QQ92k3GEN6pfym4LLcC/1x2/hnS7pLovwlnkOzmPX193
;8VVUyrNTfQA2Ca0r7/21En5KtcYw0YyBHWbA54fHbxG76HhnO+xMRNDnwagZ+jO8xtpUc38sXED26Bu
;HeiNgFbyOhohCdpojk+nqkH17KIKGp6XtZLjtj2A1mviqaveQynrnwdHyC9JiIYN6j5X/smTb83BhKi
;hqN1D3IM5GOSf5MDBtVA0+vHqoWbqeppVcsZfKppG4hdmqz7Y6AT7k/9mRA/Z/YmCcym/T6HqethFLn
;o4W8YYRG5j9KYnZfW0ZlZ+M6Jil+EgGSjMxTmMlnRwJbJ6yzyqJFwj1EkeLfPSCMFYKFVuCBjChZfJe
;LSzjZDUKWBWSga0vCj1brcGwfk/Y5RlP75HK337A7FLbx5Drrlj1c4TbQW9wYww99IfyHEqo7Ep8u1U
;pmoNoE1e5WbDsnrcPBW8RzvmcZ1N35xeJB2GnMU9V0FKs6qCNdl0mlxzBkHUkD8vp5idXw7V3LJSe8V
;3Eh+35ytUd4GtDiLb820I3EB2gvdK+YuoaemFh29XY2iOvy+RKwBYolSxoAdyM3xjOb3Ua0UVmDT6W3
;f5gXUOXMxCCWCVtbTiY5mVDyInFeDdUdTzgGSPUNp4abZuS6l5GYO9jRajEUMdZsq4uR4A93ESbv04p
;0OcbJAAQJnqHVXHT8Zd9/krYb12Uu8SiB4lRJbFjQGi6Ce3v7gEUk6l7xuyqhbxlhQSJ+Thl3xauf0A
;Ek6/o9G6eiWPhGy0EyuSohwklYnWHYONDtqy9D/arK1jmcCqW22nKDBGf6gtX+5igPhls/uAf9bxmZP
;uA3pI3VrLrz+wMWLa/FhvD+l7NlcOy4KDLLCAy2u03W9ycJGzNhKNGpSFEaDRsRX9de/nx02bCjzH5i
;uA15i9Luj6jjnoIdE8b9GueqsDwl2+indNlhD1Y3dLN8ljScZRRychnmVfkwugvtNqhttNYE84Mw8W4
;xPytOIL38eha2IOGhRPYcvAEKUzyUTPAzddkpB21L076SEuQhHP6BLs3P1PfqjW3x82+ftGcxRkcCAd
;K9QKrxk/qB34s+3Sb4AJcHeM0BS7pBVOosS9TT4UjAaF6Eml9HGX6CmfBbudXpHj3w7y+mBbOgziigr
;EyNDZOsgd36oPBA7M6o84eqwvmiKCD0a7kwp95qn2zbARPBd3eaIyXmraxI1aH8aMURKm7uKuO6i/l0
;YusTnHB5VzWenK376XtZlOnHQW6bAYoSeZkOkO7J9R6XgOG0qbv3EgAYLCa8G2JyxoSLKZWbvI0+oXt
;yqrhKwX/xsMK2yNKPugi2amYl+sg1TLWJiBDOYolNn+jEhnQtfD8307s+da+A7jJD+NWyXBTD6/SHiI
;pR7rPzUMF8ekNQsH6GJpyQ75S1dAmr3H7mx4AGH721GIi+ZPrQ4AU8iDl7FQljJd9x+n42x4i5I7Ei+
;CB8eaTXAdU2jFwQp0QrFKU0B5n8ummTtJ1aLQhHPG1gIMGtdxRZLGDaTRqgK+LK1UhwQEaEchegWl20
;2btjzCV6MvVrCxap8AZ49LJBuwFvYqRAQoKPZbfGAg4+D4swniQQoNVM3DJFCiFEao6lOxfIIUUJyHx
;psVznFYR+oekf2EuJQFpFFR0GulrPXCFSNBbyrPkAPloC71YHv1OhWqvNkQx3GAN4We+3dKmZjahEgk
;xTz2B4MgLtIrqVFtppGeDxP20tJz04Y/TBuKnbjyANNQzANWUlYQ597vYQL35yUoKdK5/HAr1Y58tD3
;cv1L2rA7juSgR6LCLJDTodNT0Kz0Ozw5zJXX0qHLXLbKeI0nDkaxeUZFepAFhDE8EUKDEcmyfZNz9I9
;c3NrMlfitJt19caml5YFTa3+peUi8MZo7bvcViVpUjJNPZa/hOTeAdh9iSHIWYWgRbiSu+0qltwrfBy
;KgrZlK6ata7G5UKHY4uA1/mYVP4chg0L+uBSgVhJh2SwO2QmO6yTo7dsOgvZiqbM0PNtv4wZPfjE6UL
;WNZx7t5fPZoBRjQ/S1OMub3aP5nlAPmhIhWyXuVCfxWqp+IZluPJH1FXV7MFBcb0G5aKX21e2+crJf5
;9UceieDIVzhEl675LLtrZ7PyojRa+Jbsbc6aCOqtk4Jrjx+5Ub4zql4qhmXENK6LhoTdrSghRWo777A
;5AJyFT3Cgx9sWdhV3Co3NOMKIHwjGYa+UxUMZmPa0d42E3YrsSzfSFgE0orVIvFfJQQVkymGHjqAtar
;CZzaM28oYLLbFgl2K9vGMZO+jVTUoyUXsCgn/hITFDS/geHq4FJdXQvs02DKh4P2kHitUhSg4UUEYsL
;oGjkRwom3pyy3cGn7nRN2huxwhLBmro1E1KexQ1RqV9gbiRfUuZfH3LaQKZscowWGL3HlAdc4e4EjkO
;ZlMnT1iBopF9S/gfHidFZ/jQvllWb8sZUwx1iaEkJRVLXChKVO3PkXxL+B8ergXuq9CmWTcMyR9cDGu
;Npyw+EntbGUVT8sblIiKWcXvcBWbr0L5ZNwwhPD9xB+jVLCkYcVkjXlz1yv4TFJFxbctxOISlyjxFDK
;l8P2kH6NXECnsGNUYsXOLA9BEuin5qx2oJtKDMMFl4qH0/aQfo1U3DOxQlRiw94MDyGCedbX/abAiFj
;8o2RwypfD9pB+jVxAp7DDVGLFziwPQRLop+asdqCbSk0Slof90OWQhkjdVMSnsUNUYstMGjgn1L+H59
;zWALjqLfLV5jxiNLG2aesCFKehQ1Riw98TTRfWL4Hx7PcwiCtOEtRW3eGVM2b4e5KDkkZFQyRGLswuk
;iJ51xedptOI2x3S1Yfqh9P2kH6NVNIzsUHEYsPeDV/hQvp2tsz3MCh4/WNltp2yNPCHOAiiArA0tbKX
;NP5NfjHCiMdnHABWbr0L5ZNwyofD96B+jVLDISZ2olQ1Dxxv8OKox2ccBaH+vRvlk3DKh8ZikH+9VNS
;hpsXDVzXu7O4Rgli35qx2oJtKm+WDcMqHw/aV6o1V9KexRXKVhJ7s7OESqBemzxdheOtdpZNgyofD9p
;B8yVTVp7FDUkQ0n1zPwiP5B2fcVrApijvlitlTHlpvDO19VTSnsUVzRFWebK/xoUnWdq3HAUgr/QBkB
;lzAhXNnWJoSQlexU1Riw9gSPwPUvqHx6uZxWCtNkwWWv3Gl4HWJulKC8fFDRGLD2Bo5EkC/gLHq4FBZ
;m52j5eYs8jWQB/jbESKxVzWSMsPIGjkX1LGH9erhxn69DcK15ozxVRDliOuSIrD3FRGU1P5MLOECKWH
;x+uBWfr0L5tdwy5fD9pZZq8KS0SelIZSlHu1OMcP50fH64FZ+vQvgB3DLB8P2llmrwpLRJ6UhlfVeTP
;/Q4UnnNx2XcGn7W+WDcMqHw/aV6o1VhKexRXNEVZ5sr/GhSLd3vCaRS0o848UmiofT9pB+jVTXQ7FDt
;GLD3j0fgZLJFxefF2F4612lk2DKh8P2kHzJVNa3sUNSReVOXE+BMsp2xr3nUImaTbPWht2hleNnWJoS
;QlJHlUPiw8gaORfUv4Vl6uCmfr0NwrXmH3EFYHYre2Ij8VYDVHLD2Bo5F9X7gfDK4FZ4i/3ypDZcYbY
;A1um6EsJBhxBEYtPYGjkX1LGCAevAVn67PROER4wRJYNmOBpjkrFXdQdCw8gaORfUv4/yGuFGfr0N02
;WGD3EVYHWI6wKC4JdUEjLDyBo5F9S/g7Xq4WZ+vQ3TZYYPcRVgdYhLQ0LwlLQS9BWIGikX1L+B8eukV
;n9tC+WVNpxg9aNnSdpT0lCWBqL0Jb6M/9IiSNa3LHawKY0L9ZNwyofD9pB+jITUp7cFAoX1je0OQNO5
;dtavFsCYW1zAZSdNgdURpuh7tNS+GNrN+1pGickWZL+B96y2sUjo/NLEd8xw5LNmuJrCg4CEtXKVhJ7
;s6RfEv4Hx6uBWfr0K1ZNwzMGVEaYremODoLe0cyc07xxvQZS/kfHq4FZ+vu/lkuDKh8WwBqjbs+IxR6
;aj5VYuLM/A0ulmx/2mwIhdC/WTcMqHw/aQfoy01Ke3BcK0lT8sr+ExSAZkHNagqbtdAqVnjBE1E2b4e
;5KEp6FDVGLD2Bo5F9RPgfHst9E5ml2jxFU8kRUBxpnNVMSnsUNUYszb6jg31L+Hpm2ncSj7XMBlhqzg
;9aHViQ5E1LexQ1Riw9uOORb0v4H3vWcRWetNsraGPOGkwMc7etf0p6FDVGLD2Bo5F9WfgfHst9E5ml2
;jxFU8caWRpinIo1eXsVNUYsPYGjkX1L6h8ermAfn6LLPVJ+9xNZD3SNoRIzShQ0Riw9gaORfUv4DR6u
;BQKTpMwsU2naI1APYZuwORUCJjVHLD2Bo5F9S/gfDK4FZ46oyitCaM0OYAZhjqYoPiRtBkYtPYGjkX1
;L+B8enQVn67XGLUV5zBlNNnSfvDkpE0tWKUNR6M32IiOdfmrbdTiKtMg4WW/NI0sMapiwPysPYUcjHT
;2Ao5F9S/gfd+4FVOvQvjxPeNoJWwx1t6Y6Iw93XRlPUu7P+BMsp3d7z3ESm4/fPUFtxh9aNnONuD0vC
;XVBM15Ys6OQfUv4Hx6ubCfr+75ZN2nQCE0cY42nEjkMfUElRGLizP4RIpZ4QcZgBp+lzgZWaN4dUQpi
;t6EkJx4UNEYsPYGjkTkL+AEergUCk6TMLFNp2iNMHm6ctiUVGHtaKkVT5vzhHDmTQGauBGfr0L5Zt07
;ofCFpB+iwNT4JYVEjXmLy1PgJKJBAfcFqC4K+2QZHbdoXYBAH6dVNSnsUBS1sPaWjkX0ugGts22ECmY
;/NLl54yxRgCmiHuSQkHEtBI0FN5NHwCT6Kei+uBGfr0L5Zt2rofBtpB+iwNT4JYVEjXmLy1PgJKJBAf
;cFqC4K+2QZDacUMWhtmnKA/L0kUNEYsPYGjERsL+DoergUCk6TMLFNp2iNMHm6ctiUVCXFGMk1P9fz0
;BT+KfkHPaAievsprNw2ofD9pB+jVTUplFDVGSUX10eQZLopAbdlsE4i44StSf9wdTR1Ym6UoLx8mNUc
;sPYGjkX1/uB88rgVnjqjKK0JozQ5gGnCBoS4iJGZQMl5c4tf4EiWnfnPBcAmf4r5YNwyofD9pI6jVbE
;p7FFA+WE/0x/QPFItod9pmD7Si2y1FbcsIVgZpt6Y9Lx5wB0YtPYGjkX1LzF8eoQVn67XGLUV52xVQB
;1ifvCk+ExQ03LWkGDoIpHT4Dh6uBQKTpMwsRGXHEmAeboyhJRVJFDTctaQYOgikdPgMHq4FAYq+4Ttb
;ZdgjTwhym7ASJwhxVkYtPYGjkX0Lh18evAVn67bfN2huxBVPNnOApyg5E3tZIiw8gaORfUv4IV6uCmf
;r0Ng4WVPOCVMFWICwJC0TYDVHLD2Bo5F9q8cfEK4FZ42x0AZRecQQYAVmkbA/SnoUNUYsPYGj0X1C+B
;8eyGQJtKPOPFJoqH0/aQfo1U0TOxQ4Riw958L/IjiIenvKWgqKqL5YNwyofD9pXqjVXEp7FFMvQFzsx
;v8JFJx2f8NgE46ivlg3DKh8P2n719VfSnsUUy9AXOzG/wkUnHZ/w2ATjqKMWTYMqHw/aQcU6k1YexQ1
;IEVR4M70Ez+ne3fPaAKftcxqNw2ofD9pB+jVTUppFDVGSlTtwvwYJYxAesdkCo6k2ysDDKl8P2kH6NV
;NSnsZNUYsW+jP8BAulmtByGkInNC/WTcMqHw/MEfo201Ke3JcKk1Q5M3lIi2UcGmfBWbr0L5ZNwzxPD
;9nB+jVKyMXdVgjQknexf0SPMofH64FZ+vQPg93DKV8P2lhgbksJx56QRlYRPHGkXxL+B8ergVnq9CwW
;TcMzhVTCGqNuzkVD21FIx49gKORfUv4Hx7uBWvr0L4/XmDEI1sMaZu8OTN7FTVGLD2Bo4U9S/QfHq5j
;Doe84TZBadoQXhkH6dVNSnsUNXhsPaCjkX0tkW1t2loLiqnbK2hp0AhNHHSBuiMVDH1RMkRi88LlFCT
;4Hh6uBWfr0OcZNx6ofD8PbpqmORUXdUwjXmLyy/QRJ4sfH64FZ+vQvl13DIZ8P2lhgac+PiR4VD9JT9
;7Q/hEinEB3wGMOh7zhPE942glMAGiGijojH2BdGV5c9cr+fUr4Hx6uBWeykL5BNwyoGlYbdJy5LDMeZ
;mogRVHgzvQTP6d5csFyZ+rQvlk3DCgnf2kU6NVNLBJsUCJzUeDa9A8Ui2t/3HE4k9C/WTcMqHw/MEfo
;xk1Ke3JcPklZ3s/wBC6KQG3aZBWfj8dZNgyofD9pB7aVTWl7FDUhTU3exfgRJ6dsd8BiC46P2yFDft0
;PVgZpt6csPhJ7aitNRYGikX1L+B8ex0VnyNC+WVBt2CNZAGuEij4jFXNZI3NY+dfjCDiRcHDxdwafud
;EGWmXGfD5pB+jVTco7VDVZLD2BxPANFJ52csJaFIK+2TVSU80ESxtym7wiJCRnRSNJWYGikX1L+B8e6
;kVn5dC+WVBt2CNZAGuEij46HnFRRi09gaORfUuxXx6+BWfrt902U2n3CEYZYre8Iy4ebDVHLD2Bo5F9
;S/gfEa4FZ4y80TtWYPcTWQ90jaESMnsVNUYsPYGjkX1L9x8ermILhLLfNWhjzhpMDHO3rE1LexQ1Riw
;9gaORckv4H3nCagWKvOE2UWrbGUs2fejUTUp7FDVGLD2BtpF9S5B6f9pwF7S33TZTafcPWhhyjbsuL3
;sVNUYsPYGjkX1L2B8ermwJjbnSNWhtzB1PHW6esBIjFXJcKkBi88LlFCSncn/WBWbr0L5ZNwyWPD9JB
;+jVJCQdfVkqc1zlwuEJIo56QcdrAYK80gZFbdwVUDZqgbtNS3sUNUYsPZXjkWJL+B93wGMOh7zhOFNt
;2AhWH2K3vCMkHmZqI1RN4M3iFCSWHx80nP5ySSewCAy+fD9pboazJCYXS1QiTU31yucYFJR+Z8t3FOv
;Rvlk3DKh8KykH8tVNShJ6Uy9AUd7C9Rw7jHZoy1oVjrTLOkNlxxJMaQbo1U1KexQ1BiwkgaORFCWedn
;LCWgaPsc4tXnrNI0gAY5y9EicSejVHLD2Bo5F9Q7gfAq4FZ4K+2DBbYPcZRx11naYkJRVLQi9ISen84
;xw/kXAerwVn69C+WW5MqGg/aQeBuysjF3hqIEVR4M70Ez+neXLBcmfq0L5ZNwyoJX9pCOjVTSMVclwq
;QGLuxfcOLoxAZq4EZ+vQvlk3DKh8MGkH6LwjLBJ4WRlDW+fQ9AkUgR8frgVn69C+WTcMpXw/aW6GsyQ
;mF0tGLklR7dCRfEv4Hx6uBWfr0KJZNwzBElkAa4SKPjoaZkYjc17uzvMUJZ1Acs98Apmjvlg3DKh8P2
;n319VBSnsUXChKVO3Pzg47nXp6rgRn69C+WbdK6HwzaQfovCM5HmAFGV9N5Mb1fUr4Hx6uBeetkL5VN
;wyoFVEaYpytEjkLcVAiLDyBo5F9S3hZXq4VZ+vQ1ytYYsESWDZhhLo6OBpgUEYtPYGjkX1L7F8eowVn
;67nMNlllxhtgGneNsClKehQ1Riw9gYfRfUD4Hx7EYBWAj9w2Q3jHET9oB+jVTUp7AHVGPz2Bo/sYOZN
;AfMFxE4S94SpCfs4dXAwH6dVNSnsUNVJsPYqjkX0hnW118WwJjbnSNTcNqHw/aQfowQ1KaxQ1RkZY88
;jOFCWLemrxbAmFtcxZNgyofD9pB/yVTVp7FDUsSU/q/PgTOJ1rQcFwE46ivlg3DKh8P2kPqNVHSnsUX
;yNeVt7T4xQljB8frgVn69C+WXcMoHw/aW2NpyYVD3tFRi09gaORfUvsXx6+BWfrutsrXFPcE082dJ2n
;KysYcTVHLD2Bo5F9X7gfFa4FZ4G1zDJoeNodSQxr6NQrLB1yUyAmfYGvkX1LlH5ny3c4g7XXPl94qH2
;l8J5xTNSDRBQTRiw97cLoGDmnd3vHYg+fj989VnzcFUkMWIW0NRUTcVwhREne0fAJIpcfH64FZ+vQvh
;d3DI58P2lriawoOCR8UC9LVfX88BkqiGt32GA4hrnQBl9pwRtXHViatDkjFBQ0Riw9gaORRAv4PB6uB
;QuKqdsraGTNFVgBc7e0KSsLYFwwSWLywvwNJ5FxefF2E46gvlhMGAY73hOD19VmSnsUWSdVWPP8+Rgi
;n3dq8WQDiqDKMEFp9w9LDHeHoyg4JHZaMlhS7PzjHD+RcB6vBWfr0L5ZfkyoVD9pB4S0NC8JS10jRVr
;p184cL5lvasdzArSjyjxHY94ZTTZzh6USOBpgXCksPIGjkX1L+FZerhJn69DSOE5p2iNSDHWPsBIpF3
;tGI3Nb4MD0Dkv5Hx6uBWfr0L5ZLwyofFMIfo2nEjkec1gjQknez/QTLIx3QcNsCevRRCddsNzvt1YH/
;NVNShd1TCNeYvLL9BEni0Bx2GAVh7HOWTYMqHw/aQehlU1fexQ1Kk1E5NHODj+ZbWreag6FpOEtTnzN
;fD5pB+jVTUpzVDVNLD2Bzf4HMZR6Qd1sHY7Qv1k3DAjlprA46NpNSnt7VyxJXvX88hgljHps8X1n6tC
;+WTcMqIyAaQjo1U0lGX5QJVhi4sb/CS6KQGeuBGfr0L5ZN/wXfDRpB+i6LyAed0EZX1TvyJF8S/gfHq
;4FZ+vQr1k3DMcTRQxYm70kLxdwaidCWu3GkXxL+B8ergVZq9CoWTcMxxNFDFibvSQvF3BqKkVT5PzyE
;j6Wax6vBWfr0L5ZxzOobj9pB4e6Ny8kZ10vSVHl/P4bLYt6aq4EZ+vQvlk3BOh8KmkH6Lo7Lwl8VChL
;YvLL9BEni0B/wGILjtC/WTcMqHw/V0fozE1Ke3tDI15V4M32IjiQenLCdjiNsdAGRHzNGVtpBujVTUp
;7FGwGLCWBo5ESPZ1tds9rALSj1jxbYNsjWQVon6csPh4UNEYsPYGjkSkL+AoergUInbXMMVZizyNMAW
;KEuT4VCGRQI0g9gKORfUv4HzruBWvr0L42QWnaEF4ZWIygLCZ7Fa/ftaQYOlhCS+0fHq51FYK+ygZVa
;cwjSwxqmLA/Kw9hRyMsPIGjkX1LeE5erg5n69DOK15i3CNMGWKNsU1LexQ1Riy9x+ORbEv4H27cbAmf
;j8o8WnzNDl4dcpqwTUt7FDVGLH3r45FvS/gfbtxsCZ+PyjxafM0OXh1ymrB/SnoUNUYsPYHK0X1Z+B8
;e3ncOhaThLVJh2BlNCHOdpyh5exU1Riw9gaORfUvqHx6udRWCvsoGQ2nFDFobZpygPy9PFDRGLD2Bo5
;F9S/gUHq4FFYq2ygZWZdobXhkH6U/U0+KNrI8TPZ6jkX05mXlq8WcGmLXhPE942glMAGiGijojH2BdG
;V5c9cr+fUr4Hx6uBWeCkL5PNwyoDl4Pc7e3LDkeS1woSlTtz84cJZ9ze64EZ+vQvlk3DKh8KWkH6Kcs
;LA9LVydfWN7K/xsilHNB3GQTgr++WDcMqHw/6Ueo1V1KexRHJ0pJ3sHwDi6nc3/XYBWY0L9ZNwyofD9
;pR+jGTUp7ZlQgWGLjwuIYFJR2cMtyDo+k1lk2ljHlpvCeAepNRXsUNTRNW/X88xw4nUBt3mACj9C/WT
;cMqHw/SUfoxk1Ke2ZUIFhi48LiGBSMd3fNbgmOo81ZNgyofD9pBwjqTW57FDU0TVv1/PgTP51teM9mA
;rS1xi1FedsVUAdYn7wpPhNLRydYVO6jkH1L+B8ebmcn68u+WTd+yRpLNm6GoSg4HXVWI3NU78X4ESen
;fnDJaQLr0b5ZNwyo/GkpB/PVTUoJdVMyc1Tv1/QPLZl8e/FsCY250jVofskIVgYH6dVNSnsUNQ9sPZS
;jkX05mXlq8WwJn7XMP1ZvzSNTCH6Npz5KehQ1Riw9gVOufVP4Hx7cZAGfj9c3Q2naGl4KYre5JCQeY1
;wiWFWBoqJOeMssLU06Z/3QvllFbc4IYABpnLA/LBp3UBlfTeDA+BMs+B4ergVn69BOZjcYqHw/G2aOo
;RIjFWBQNEpc4sbODjudenquBGfr0L5ZNzLofCdpB+inLCwPS1woWFjzxfAeLqdrdsdmDIW1zSo3DfrE
;IezsuQ1ySmoUNUZeXOfXzhEilnpB3XUGiLnQPjcNqHw/aQfo3Q1KcBQ1Rl5c59fOECqKeHfABWbr0L5
;ZNwy8PD9GB+jVPysdYGopWljz0fgZLqd5d9x2E7S83yBSfvcZRx11naYkJRVLQi9ISen84xw/kXAerw
;Vn69C+WW5MqGE/aQeatCs+JHtDI15P6Mf0IiyUcHzPaTiEttgqUnj3Bj9onXFM1NPi3YpGDj2Bo+McL
;YxAbdt3AYqz2wZSdNwOShpuh7sSPRJwQS5zT+DX+BJL+R8ergVn64n+WSEMqHxNCGGcij4/CXJUJUli
;58r9ERSKfmrLBWbr0L5ZN0z9PD98B+jVPysdYGo1WU/nwvIYFJ5zcdl3Bp+1vlg3DKh8P+lhqNVUSns
;URydKSd7Q5A8tmXx78WwJjbnSNWhtxhtTDAfp1U1KexQ1eGw9kqORfTmZeWrxdhKZtt86UlPEHUYMdZ
;vVTEp7FDVGLD3Bo4d9S/htf8hxOJilzD9Wb80jUwBpjaIkLg98NUe2pBg6COSSxx8KrgVnmbHYLWh/3
;Q5ZCGSNij46GndcKEs9gKlG3jvFFcmRBXXr0L4rVmrcI0wcdY60Li8kZ0UjSVmBopF9S/gfHuBFZ/3Q
;vllFbc4IYBpymrMsKR5LQS5FXurN9A44+B438oqlHvhyZjceqHw/G2KboSw4D0tRM01R3tDhGC6cHx+
;uBWfr0L5tdwy8fD9pdY2mOSsJYGojVEnzws4cJpdqcNoFZuvQvlk3DKh8P38H6NU/LwhgVDRYYuTb5Q
;8qp35zwXAJn4+MWTYMqHw/aQfo1U1TexQ1NElO9cLjCRSdZ2rcZDiPpd81aG3FE0oHc+jUTUp7FDVGL
;D2BrpF9S4p6bdpkFZ+PzSlSacx8PmkH6NVNSkJUNUksPYHR9A4/mW1q8XYXjrXaBgUMqXw/aQfo1XQK
;ewU1RixP5NfjHCiMdnHAWgaGv8s3QwypfD9pB+jVWQp7BzVGLE/k1+McKIx2ccBaBoa/yzdDU5p8Pmk
;H6NVNSm9UNVAsPYHR9Ak5mXxqx2oJtLTLOFtTyRFQHGmc1UxKexQ1RiwZwaOEfUv4bXvadwaIpNc2WV
;PMCV4FWJulKC8fFDRGLD2Bo5FJC/g4Hq4FFY6kzDhUeMETUTZihrQvJh5LWjNYTujH9CIpl2tqwWg4h
;7HHPEV/qH0/aQfo1U1KOxQRRiw988blDyqba3fBaziOvt87W2n3E0oddIGxKBUPe0UZQFz4xuMOS/kf
;Hq4FZ+vQ/lk5DKh8TQxzmrQuPhJ7WxlEUvGjkE54yywtndZY68C+WTd+zQhNCGScvCIkJHxaNnMPgaK
;iTnjLLC19Omf+0L5ZRWncDl4Kc4G6IxUWfVsZWE/g1fQRS/ksLZ02VNgzgVkgDKh8TQxzmrQuPhJ7Wx
;lBVO/85Q8qjnpy8Tdn6uONagQ/m58AaRvo1U04HmBHJ09J6Mz/IiaRcXfDZAu0tcYtRXnbFVAHB+muW
;eQ89U/SEz2fo5F9OZ1rbM9mE4K/0AZaZcYVUghrt7A1PglhRi9DU96RkXww7LFZT3/z1NCuWTcM2hlL
;G2aLoSQlFUtGNklY5aOQfUv4Hx6uTCfrwr5ZN37NCE0IZJy8IiQkZ0UjSVnekZF8S/gfHq4FLqvQpFk
;3DNoZSxtmi6EkJRVLTy5DTd7A/hMvkWt3wWtW69G+WTcMqHzPVgfy1U1KCXFBNE1e9cr+ExSCd3HeWg
;SEvtowQ2XHEg1pBujVTUp7FMV5LC6Bo5EOLptwcMpaC4qp2ytodvcQVg9z6NRNSnsUNUYsPYGqkX1Li
;3R33HE4jLHOWTYMqHw/aQfglU1aexQ1NUdU89fOESKWekHNahKFpL5YNwyofD9p99fVWUp7FEYtRU/1
;/PwUJZFyf8JaC46+2S1fDKl8P2kH6BUvCnsfNUYsTurK4wkUi297y2Fn6tC+WTcMqEh/aR3o1U05F3t
;CGUhS9s3OGyKKbGrxYwKcj9I4TmnaDz9oB+jVTUp75ApGOz2Bo+IQKpRzQchgBp+lzDxEU8wVXgRinL
;A/SnoUNUYsPYGH0X1X+B8e3WgGh7zhP1Jt3AlNDHS3vSImHktRL01Q5Nf0D0v5Hx6uBWfrzP5ZLAyof
;EwEZoS5EiwedUEzXljy/PgTLZFzcvF3Bp+50Vk2DKh8P2kHsZVNUHsUNTVBXO3PzhsumWtr3GAUtKPO
;PFJo9w5eHW6H1UxKexQ1Rix0waOzfUv4bHHCbAO0stEtQ2PFI1oRc5qgPiMUemoxRVn1y84PKox2ca4
;EZ+vQvlk3Veh8JWkH6KYiJhJwaiRDSfXM/CItkXN/w2AJn4/YNVh7qH0/aQfo1U0TOxQnRiw98sz9FC
;+nfXHacQiGj9I4TmnafD5pB+jVTQr0VDVULD2B0P4RIpxAfMFxE4S94SpHac0YP2gH6NVNSvtSdUY6P
;YGj4hInkXtBx2sBgrzSBlJ02B1RGm6Hu01LexQ1Riw9gaORbkv4H23BaQ6Pj9c3UWXEEGAab425ITl7
;FTVGLD2Bo5F9S+4fHq52CIe52gZeYs4VUwVYn7wpPhNLWC9CPYCjkX1L+B8ergVy69C+KlhgwRhgBWa
;RsD8VD3xcJUdT5NDifUrLLC2dNlQI775GNwyoD1AFboyKOSULS1A+WE/00PgSJadod8pxD7Si3y1eY6
;h9P2kH6NVNEzsUIkYsPfLM/RQvp2tx3loBgrzfNFJi3CNZBWif1UxKexQ1RixkwaOefUv4bHHCbAO0p
;NEpaGDJBVobB+nVTUp7FDVebD2Oo5F9OJdzd8paE4Sg4SpHac0YP2gH6NVNSvtSdUYiPYGj4g0+imxB
;w2QfnLnaLV8MqXw/aQfo1a11ezU1RixO9NPhEjmMQH/KZBefucg8aGXGGlYFa7enLD4Se2orTUWBopF
;9S/gfHupFZ8rQvllEedgMUBtzt7QpKwtgXDBJYujN9xQnlEBsz3EOhI/TMFkMqXw/aQfo1WMKezQ1Ri
;xO9NPhEjmMQH/KZBefucg8aGXGElobWI2tPSsVZ1wpQj2AOQjk0mGGx5EFcOvQvipCfNgTTR1YibEsO
;g99QyNzUeDa9A84+B4ergVn69CqGTcXqHw/GnKYpSI4D0tUIk1N9crnGBSKenrbZhOCv9AqNw2ofD9p
;B+jBDUphFDVGX0jx0/4PP6d+es91E4Km2wZAZcwIVzZqgbtNS3sUNUYsPYnjkXBL+B9t23UXhKLKBlZ
;izxBaaQbo1U1Ke9RnBiwugaORDj6Ib3HccTiJsc08aGDJBVobdOjUTUp7FDVG3AKBupF9S4tqbt5qFZ
;+P3DhEafcQXhBimqYSOQtxUCIsPIGjkX1L+CFerhtn69DNLEd8xw5LNmSHuyMvGGBcKUJi+drOGSKLa
;3/AZgLr0STArpUx5YZWB//VTUoIYUU2Q0/1/PUYJYt6QchsC4ePzDhDaah9P2kH6NVNHjsUJkYsPfLW
;4Q0kimtBymAJmLXhNVZ1zQ4/aAfo1U1KexQ1Rjk9gaPiCDuIcGzaWgGCvN80UmLcI1kFaJ/VTEp7FDV
;GLGTBo4B9S/hsa951CJmk4T9eYMQjTQhzjdVMSnsUNUYsE8Gjhn1L+Gxr3nUImaThMFlqwRBTNmidoS
;EjFXFGRi09gaORfUv4Hx69BWfro8spR2PaCGAZboS5LDgkZ1w8ST2Ao5F9S/gfDu4FTOvQvipCfNgTT
;R1Ym7gsJhdLUypDXPXG9SItnX5q23cCmI/GIGhp0AxeB3SBuiNKehQ1Riw9gVOufUb4Hx7dcBebv8wt
;aH/YGVoNB+nVTUp7FLUAbD2So5F9OI1vbsF3E7SoxwZTZdsIXgdkjdVMSnsUNUYsPcGjhX1L+Gxr3nU
;ImaThIU5TzQRPCGmbvCIkexWv37WkGDpYQkvqHx6udhKboNErQ1PSI1sAdJy0IykeFDR1Hw6ykKK+dP
;gDHq4FFJ6gzjZFePcGYAZhjqYoPiRwWjFCYu3C6Bg5ix8frgVn69C+qQgMsnw/aXSdpT0lCWBqPHNS5
;8XiGD+nam7xaQaStcwqNw2ofD9pB+glckpRFDVGX0jzxfAeLqdsccJsA7Sy0S1DY8UjWhFzmqA+IxR6
;ajFFWfXLzg8qjHZxrgRn69C+WTdV6HwiaQfopjg4HXVWI3NO7s/4GRSacGraagq0ttI2QH7JCFppBuj
;VTUp7FGwGLCaBo5EOPop5f81gOJi/0jBTU8oTSx1ohYohKwJxRzUsPIGjkX1L+O8hrh9n69DNLEVqyR
;9aNnSHuSQuJHZaMlhS7PziDS6dex6vBWfr0L5Zc0yoWz9pB5ugPywad1AZX1LtyvUiP5dvQct9E5mlz
;TBYYvcLVg1zgIo/Kw99WkYtPYGjkX1LoV8etAVn66PLK1FtyxlgGmiEvCkVD3tFGUpR7tTjHD+dHx+u
;BWfr0P4BdwywfD9pdJ2nKysYcWo1Q1Hox84JJIhAcs98Apmjvlg3DKh8P2n319VaSnsURjNeW+DA9CI
;4l3N3yloThKDhKkdpzRg/aAfo1U1Key11RiM9gaPlFSKWQGnPaQu0o848UmiofT9pB+jVTXQ7FCxGLD
;31y/gTFI9+csJaEIK0yjFofskIVgZYhbQ1SnoUNUYsPYHK0X1S+B8e2m0OhY/JOFtg9wtWDXOAij8rD
;31aGUFU76OQfUv4Hx6uPCfrwL5ZN3jHDGALaJyhIickZ0UjSVmBopF9S/gfHuBFZ+fQvllDfskKWgVY
;m6UoLx8UNEYsPYGjESwL+AEergUTmbHIPFtT0iNYCmiMsBIuEmdBJ0Je5Pz3FCWRbHauBGfr0L5ZNxj
;ofC5pB+ijKDgIfVooc1Hg0OUiLpx2aq4EZ+vQvlkIveh8NGkH6KIsJhdLRi5JUe3QkXxL+B8ergVnq9
;CwWTcM3x1TBVicvSQpEHpQNV89gKORfethhveRBX3r0L4uXnzNI1Acc42nEiMVZ1Ayc1no0OUcJZt6L
;64EZ+vQvlk3DKh8JWkH6KIkOh5LWjNYWPP8+BM4nWtBymwUn7HQOlI+qH0/aQfo1U1KexQiRiw99srh
;GBSXamrLdziCvs08Q1PbDFoMY9nVTEp7FDVGLHPBo4Z9S/hod95gOISlyjxFU8ESTAxzt6Y9Lx5wB0Y
;tPYGjkX1Ltl8euwVn66fXKVJT3BNIDHW3syQyHnBqNkNO+aOQfUv4Hx4uTifrxb5ZN3vBDFo2c4eiKD
;gkclw+SVne0/4OMvgeHq4FZ+vg1Rk3Gqh8Px5umLASPhRjUDRzVO/F+BEnp21/2mBn6tC+WTcMqCV/a
;RXo1U09EmRQGVhS9sbjIiSeeW3LcR/r0b5ZNwyofD+pB/rVTUoMfUUjc0nu1PQPFJd5eN1gE5LQv1k3
;DKh8P2lH6MVNSntjXDZJYvXM5hg5p2xuy2AD69G+WTcMqHx2KQf51U1KDH1FI3NJ7tT0DxSOcHLbaAL
;r0b5ZNwyofBEpB/3VTUoMfUUjc0nu1PQPFI5wcttoArS91zc3Dah8P2kH6PENSmsUNUZbVPHGzgkkj3
;ps8XIOj6TWWTYMqHw/aQfclU1FexQ1MUVN5PzmHCeUQG3eYAKP0L9ZNwyofD8gR+jbTUp7bmoyXlz3x
;v0iOIh6e8oFZuvQvlk3DIY8P3oH6NUsKRhxWSNeXPXK/hMUnXF/zGkC69K+WQcMqHxeH2iBsRI+CXVD
;I0Bi6cz9GDinb3/abTiGscYGW2nGG0sBWI60Lj4UZmojQlzjz/R9SfgfEa4FZ4mi1z1QZcYbYAxpibc
;hL3sWNUY1PYGj8w8inHh3wGI4jbHQBkR8zRlbNmKGtC8mHhQ3RiwmgaORHzmRe3nHawC0ttchUmj3HV
;EOa42KKCQadlkjLD+Ao4d9S/h9bMdhAIK+2QZEZM0QUxpYjbssKBdxNUQsPZujkX0pinZz8WAfn7XMN
;1Zg9w9XDGuEphIsEmZGMiw/gaODfUv4fWzHaDiCvs0wU2n3GVEIZYSwTUh7FBZGLD3izPAOP5FxefFg
;CYqy0jxoZcYaVgVrt6YkJBx4UBlAVO/GoH1J+B89rgVniL/fKkNlxhtgDGmJtyEvJH1bIEVR7fziFCW
;fc3vxaQ6FtYxZNQyocj9pB4u6IiYkfFAnSGLtyvcJS/ofHroFZ+uz0TZbZcYbYA9mhookJBhmUCdfWI
;GhkH1Q+B8ezWoIh7nQPmh82hVRHXSYsCguJGdZKVtZ7tT/fUn5Hy2uBWePtdAqUlPbCU8ZaJqhEiMVc
;lwqQGL00PQiJ5Fxe91aDoWP1jBQZPcYWgd0gaE0FRxmXCIsP4Cjs31L+Ht7wHYCtKPLKUdj2ghgBWaR
;sD85JHZaMlhS7Pz0Eyqac3uuB2frwb5ZN2nGHV0FYreiJDoeS0EpW1jzo5N9S+0fHq5gH5+1zDdWYPc
;PVwxrhKYSLBJmRjIsP4GjtH1L+Hpm2ncSj7XMBkR7wQhcAViLuiImEnpSGU5Y58zjGBSLaHfaZg/r0r
;9ZEQyofFoRc5qgKS8JS0YxRUniy84eJJdzd8BiOIO13y1CfPcdWx9mhrYoSnkUNWYsPYHG6Qk5jXt73
;FoUnLnKOl9TyxNQBW6GshIjFXVWMkVL5KOTfEvQHx6uYB+foss9Un73D0gAc4u9EikUe1kvQlre0/AP
;IKdycdhgOI6+3ztbaah+P2kj6NVNLwNgRzNIWPP84goijHx28XYThKDhLl58zSNICGuEijklDHFHRi4
;8gayRfUuefnDxZwuCoOE8WW3KEFppBenVX0p7FFMnQmLizP4RIpZ4QctrBom821k1Dah3P2kHjrQjFR
;56VCRAWOWjk3xL6x8ermMGhb/YP2hryxNbDFiNuywoF3E1RC09mKORfS2RbW3aWguKqdsraH/AGVMFd
;LewIysZeFBGLj2BlpF9S552bN1xOIexxzxFU9sTUwBjt7wjLBJ4WRlJRfXR5A4il3FB2WwDn7jhK1Z4
;wRNgDGmJtyEvexY1Rgw9gaP3FDOnd3Hcdw6JvNsGUnTcGVEabp6wEjkPfUElRFTvxJF/S/gCHq4FAYK
;o4TFYftoVXQVit6AjIxR6aidAUd7X6A0up34erARn9tC+WVFl0CNXBnWavC8mHktAKEVS7/zwESena2
;feYDiJ0LxZNxGofD8PbpCKJSUJZlwkQFje1v8UJJZAcdhgFYexzilSaKh+P2kd6NVNLBJsai5DT/PK8
;xEup2pty1oIm7XQBlVl3A8/awfozk1Ke3JZKVtP4Nf0IjmdbHvaWgCIv9o8aGnGHV0FYujXTEp0FDVG
;S1zx/PcUJ5RAbcZgC4ejvls2DLF8P2lgiaUSLBJ4WRlfVO/E/RgUnWdq3HAUgr/QWTUMqGA/aQePtiI
;uHktTL0BY78L8GBSecGzDZBO0tdA4VWDNfD1pB/PVTUoSelMvQFHekqFNFI1se/F2CIe52gZeYs4VUw
;UH6tRNXHsUNS9CW+jP/SIqnH5u2mwRjo/bN1ZuxBk/awfo8U1Ke31bIEVR7fzyEiWbenDadw6Ij802W
;2XMI0oaYreyLDokclwqQD2Do5FlS/gfd8BjDoe84TpYYsYZXB1YjbspOhR9WzJfPYOjkXFL+B93wGMO
;h7zhP15+2wg/awfoz01Ke31bIEVR7fziFS6Uc23xcBSOj9k4R1POFVMFB+rUTW97FDUvQlvoz/0iPot
;6QcJsCY6j4TBZU8AVWAFYjLAjORJgTBlLT+jHkX9K+AUergUOhaPbK0NTwBleHXKYiiopFHBQGUlT4M
;H9GEv6Hh6gBWfrucw2WWXGG2AMaYm3IS97FjVGJz2Bo/sYOZNAe8BkBYe1vls3DLR8P2lriawoOCR8U
;C9LVfX88BkqiGt32GA4jr7fO1tpqH4/aRzo1U0mGm1QNHNO6cb9ETincGzKYBW0v84tXmHBBlppBenV
;UUp7FFgpSFTnyvQPFIt3e8JpFLS92ytQafcMXhtihqFNSHsUO0YsPe/M5SI4mWl78XYTiqTbWTUMqHc
;/aQeHujcvJGddL0lR5aOTfUvuHx6uahGOotY4WWv3D1cMa4SmEi8VdVcqST2DopFdS/gfcdhgFYOx0D
;5of8AZUwV0t7MsJCRnRSNJWd7G/xwplHoerAVn89C+WVh6zQ5NAGONiisjF3VYI0JJ3sb/HCmUeh6sB
;Wfy0L5ZWHrNDk0AY42KKyMXdVgjQknexv8cKZR6LK4HZuvKvlk3fNoVUR1YmLQ/PghLRiNdSOTN8hgU
;l216y3dn6dC+VjcMqA5eD3O3vigvC0tdKUBY8qOTfUvsHx6udwaNpOE2QWnaDlYNYrewIysZeFBGLjy
;Bi5F9S4p6atxkBJ+50Tdobd4TVg1YnbsjLxhxRjVNT/j8+BMUi2pu3moVn+G+WzcMgHw/aXWNoT8rGG
;BcKUJi4NX+FC+nanDAYASOo804RXX3FVE2dJ2lPSUJYAdGLj2BsZF9S4p6atxkBJ+50Tdob8cRXQBpj
;9VPSnsFNUYsT+TX4xwojHZxwFoChbHcNVIMqn0/egfo1T8vD2ZUJVhU7s3OGCWZfXLLWlXr0r9ZEwyo
;fE0Mc5q0Lj4Se1sZSVPgwf0YFJp6eMF3ArS/yy1SfvcPVwxrhNVPS3sNNUYsT+TX4xwojHZxwFoChbH
;cNVJTxwlLGm6MsE1IehQjRiw988blDyqba3fBaziHscc8RW/AHVEOYujXTEpuFDVGXlj10fAeP5FwcP
;FrCJ+P1zdEZcwZP2sH6M5NSntmUDJeXOLX+BIlp2V2wXU4hL7SIGh/xxBWDTbo10xKYBQ1Rl5Y9dHwH
;j+RcHDxfw+EoOE2WWDRI0wGa4Gxf0p5FTVfLD2B0PQJP5FxefFgH5+iyz1SfvdOYAxpibchL3sWNUY+
;PYGj4hYiimtByGoViLXhPFltyhBaaQXo1VhKexRGK01R7fz3GCqMamzLdjiOvt87W2mofj9pJejVTTk
;WdVkqc1vkwuUIOZ1sQcdrAYK80gZFbdwVUDZihrQvJh4UN0YsMYGjkQ4klHZ68WcIn6TRNDcOqXwmaQ
;fopiImEnBqL0Jb6M/9Ij6LekHJZBe0ttc1WwyqfT9gB+jVPiUXfVEZWFLxo5N8S/EfHq52F4Ki3zVed
;s18PWkH5NVNSghkQDRfYuTN8B8nnR8crwVw69C+KkJ82BNNHViJsSw6D31DI3NY78LzES74HR+uC2fr
;0M0sR3zHDks2Yoa0LyYeFDdGLBCBo5EOPohvcdxxOIK+2DBbYPcJTAxYhLwjLwhLXChzVejE+SIvnXF
;tx3EetLfMMFMMqn0/cQfo1T4/C2RaNFhi7cbwFjKnfHHAawKIpNc2WQyqfD9wB+jVPj8LZFo0WGLszP
;UULZF6bPFiAoW1zDhDaah+PmkZ6NVNOQ5kRSleSd7Q/BwnlEB4wmoGn7XaBlFpyQhKG2Kb1U9LewM1R
;ixJ5M7hGDmZa2vcYDiHuc0taGnGHV0FYujXTEppFDVGWFjs0/QPKoxqbMtaCoq+yzhbDKp8P2MH6NU6
;IwtxajJDSuTRkX9L+D8ergUQgqDbBkNj3xlNNmGBrSguJGRaNUVJ6Mz/Ii6WfnzCYGfp0L5INwyoH14
;dYo+6PzMkelQrSWLpxul9SOgfHq41V93ijmkBT5hMCFw32ON4SnIUNUZJU+WN9h4knHoerSlm69D5YA
;Ysky5aBWacvDsvW2RaNUVJ6Mz/FCWfFVmfJSLG4p4fBTuYTB9SVY2hPysYYBUnDF/o15s6ethaM5wlP
;dv+jHlxPpxMD0k8urA5OBp3QWZNU+WD4xwii3o+9A8g2vDmbBdVnVx5WjfY5W1xLH1FIwxS9NebOnrY
;RSueJVy5sdcqUizyXFIGdY3fCnNLNA4HTk7uz+QJLthvcd1sE4K/0DdeYs92NS42yI19aiImB3YMBtH
;R9A4ulms+3ncOhaS0FAY8nlxsWSfTgTg4FTlaIEod58L/dwbJLyqOVlfL6+osRWKFE1kPJ4C6OS8VcD
;8LHQmxg8JNa8NLa9xrSoS22HlVacx2NSQ/3PUVaiI0cGYXeejQ8B8nnT9/wmlHmKTbKUdp2g8fC3Kc9
;RdKcRQ1RklT5ZG/GiiXe3uuBufr0L4UBT6ZXGtZJ7vkfXpxWQd0HR3VkrEuesgvFOM0V9/w6mkXX5h2
;clg33PUZe1tHBUxhDLWTsS578lIvnjJtrOmPU3A9iDkSWCeu5n16cVMEZnYWsY2kXQ7VKj73KFXb8Pg
;iQ37JCloFWJulKC8faT8BHgWh+6FdEsgVU5YxbazpjlkiDKh8WhFzmqApLwlLRjFFSeLLvxool3t7rg
;Zn69C+WTkMqHxZCGm3pj0vHnBqKkVO9aOSckv4Hy+VN1LQ4oVsBzebRw5ZN+jETUp7clwqTVDkzeUiP
;4Fve/F2E5nQvVM3DKgscygn2ft6fxZ5NVQsPYHF+BEqlXpw2loTkqDbBkR42k4/ag3o1U0aN1UVdwIK
;tM78fWv4Hx7IbBWYpOE1VnXNDmAaaIS8KRUSelMvQFHe0/AJP51tcK4GYuvQvhVeYs0PP3wH6NUqKRR
;wUBlKVO3G/xwmnUB4wXcKiqS+WlAMqHxEDmSHsSgVHX1ZI0Jc7MbOCiKMd3HbcTiOqMokaHfFHVwBbo
;awEj4CZFAZTV/j0fQLIplrd8FrGrSr2DBbbcUZUR1YhrQgLyR1VyReWPfK8Akil3Ev01och7HHPEVTw
;BlWDm+cqCAnewU1Rixa4sz1GBSIcG3adRWEs9sqRAyrfD9pB+jfTUp7c1YpSFje1+gNLvgcGK4FZ7m1
;zgtWfKhtP2kHgbsrIxd4aidCWu3GzhEii2serQNn69CKbAw9m0k/fAfo1SQkHX1ZKnNZ9ML9Ii6Aa2z
;bdg6Evr5aOwyofH4Fa8iwNT4JYVEjXj2Po5F9IpZ5d8JpOJuxyi1SfsZ8PGwH6NUBIxVxRkY+PYGj/R
;wynW1BzW0Ghbfbd1BvxxhaaQTo1U1Kewk1RixR4Nr0DxSLa3/ccTibv9c3Q1PbGV4EWIu6PyQeZjVFK
;j2Bo8MYLZR6Zq4VZ+vQ0TZNafcPVwBihLESPgJkUEYvNIGjkSoqjHps6GQLh9CvWTcM2B1KGmK3vSgj
;HHxBGUBU8teRfkv4Hx6uFGfr0M41VnjOE00EWImxKSMPfVooLD6Fo5F9BZdxe64UZ+vQzjVWeM4TTQR
;YibElLwh9WigsPoWjkX0Fl3F7rgln69DOK15i3BlNNnORpShKeB81Rix478f0D2vLP1DLcWf40L5ZRW
;3OCGANcom5Ei8DYEczX1TuzZF+RfgfHuhsFZiknjxPeNoJWwx16MZNSntmVCBYYujN9xQnlEBuz3ETj
;qLQWTQJqHw/JW6GsD5KaxQ1Rl5Y9dHwHj+RcHCAYgSEtNtZNAyofD9pE+jVTTkQfUcyc1n0wv0iLoBr
;bNt2DoS+vlo5DKh8eQB1m6FtLwNgRzNIWPOjhn1L+GxxwmwDtLnQP15gxCNeB2CEsBImEmdBRi87gaO
;RSX7DLi2bBXPr0L4qWGDBGGAAaY68ISYkZFQyWFjzzZF+QPgfHvxgBJ+50jBZackOP3IH6NU+JRd9UR
;lFU+fK/REUiH5q2mAVhY/cNkN4xxE/agzo1U0YHndBL0BU78bwD0vzHx6udhOKosp3UG/HGFppBBPUT
;UpANHAoSFjzg6JdCI1sasFoR7ik3ytDLO9RXAZjjd8Kc0k0cHYMBqHx9A4ujD9b1nEVnrTbKz1LmkQf
;UieguiAvW3VZKgxc+cbidwzJP0ScK1fLlo1pBzyIRx8kaJ6wbRBbVU0vXx3007ERIoxrcsslE4Twzit
;Ses0SS0l0i6csPhh8XChLHe7FsTUumWs+7GAD4ZePeW88hk0fMDXY9Rd6VScVABkNsZO/TWvDP1PBcw
;LLpNF5RHjJDktJd4emJD4Se1tMawyh+6FTethGLJ41Sdvw5GkZP4g6Dlw32Pt9aj4lAGYXHcXR8Aprj
;Hd7jmMOmaPKeVtlxhk1LjbIjX1kTzRsdBwNr5OxJ3vWLD7oMFfb4JBpFzeIMVAfYsihImoIfVEjDFyh
;z/gJP5R6FOk0R7PgkG0XVZpMHzM3xuZtDEohBXYCDaHmok1rwz9a3GQQy6TWPBd/zR9QB2PIuSQkHh5
;yfx4dxJOxRmuqem3LcUeuqMorQmjNDjUuNsiPf2RLNHN1HA2xg6pdBpdpe45fR6qo1yoXedhcUwBznL
;koag97FTZeWPfG/wlri3xsz3EEg7nQPhdjzlx3DGac9Q8vHx5ydwxltIPIT3vYRSyANUet5Y5pByKYX
;ARJSoejKGoUYlA0DEnug+EPLo56cNolBYe/3HlEfd0VTAEH5NVNSghgVDRYD6/E8hIvnR8dwgRn652L
;bgUs7EwfOjfG5XRANiECdAx5sIPCTWXIJhTpN1bhl4dpPUGQTjUkNtjiRw1JLD8BHR3bkqRTe9hZZdp
;3Bp210gZEfM0ZWxQNvOVHDUImFQMcN8aSsSV4yD9HgzdHreiOaT1LmVxlWSnb4G0MSSQFTGsMofupSG
;uhMiyOQFbY8PhrBzyiOw5JQtngbQxJJAVMawyh+aRdDcovLqRCXtnw+2k9S5hcekR8mrA5OBp3QS9DU
;97H5Bwnp35zwXAJn62eHwU8mHZrWA2v7H9qPiQ/AR0d2ZChTWuhMiyOQ1/b4LQeBizyTBFaMsiTf3pL
;HnJ3DGWylaFdEtUtPus0VMuWjGkHBu9NHyw23fULeEskPwEdHduWsTt5yC8U6TxVy5WOU3A8iDkSEnW
;NoT8rGGBcKUJi5dbwERSZcnHbaxOW8PhrBzyiKA9jQNn1CzEPZlQwSVHe0OEYLpxiFOM0Vtzw7iteYt
;wVUQ4pxvtNTXsUNTVZTfHM4wlL+xsergUphL7bWSsMqHxMHHeYuj8+JHBQKF9Y3sfkHCenembadxKYu
;dE3Nw+kfD9pRoS5bS8DYEczSFjzo4N9S/hsa951CJmk4T1SYtsZYB1+mLBNSX4UNUZgVO/G4n1d+B8e
;3XAXm7/MLWho3R1TNmKQoT8/CH1aKCw+j6ORfQ2RbW3aJQKTpMwsU2nafCZpB+imODoLe0cyc1Tvxfg
;RJ6d+cMlpArS81ypDDKt/P2kHxeF4SmsUNUZfSPHT/g8/p2xq3GQTjrfHWTQKqHw/J2iauCwmexg1Ri
;xO9NPhEjmMQGrXdQLr07VZNwz6GVwdboS8Iy8aZjVlLD2B0OQPLZl8e/F2CIe52gZVY9wIUARYgbsrI
;xd4ajZNSfXG4xNL+xoergUrgr7bKjcsqHw/GnKasywpHktGKUBU5fzlEjundnDIbAuHj844Q3jNDlFp
;BO3VTUo3fVsjXz2Vo5F9P51ybst3Bp+lzDxobs0YYAVum6FNSXMUNUYdBrSTqk9wyB8LrgVnn7XTKVJ
;+yQhKG2K3uSgsD0tZL19JgaCRfUv4HwiuBWeftdMpUn7JCEobYrenJC0TYGoqRU71o5J9S/gfHqEFZ+
;un1ylSU9wTSAx1t7giLh4UNkAsPYHt9A4/nXsevgVn66fXKVJT3BNIDHW3piUrC3E1RSo9gaPSFDmbc
;3uuC2fr0MkwR2n3C14Fa7e4Ii4eFDZMLD2B6v8JLopzf81gA+vevlk3Dqh8P2gH6NULSnsUNEYsPY6j
;kX0Y+Hoe2gUT67m+NzdrqFw/Lgea1SJKDhRFRgw9sKOQfUv4Hx6uBXfr0L5ZNwyofD9pB+jVTUp7FDV
;GLD2Bo156S/gUHq4FIoW02ysXP4gyWh0H6NUmCXsUXgUsPfvgkX1L+NLSYjtm69B2GzcMYD4+aQfo1U
;2COhQ1Riw/gaORf0v4Hx4qBmfq0L6RdgyofD9pB+jVgIa3KjVGLD2Bowo+S/iEXa4Fu6nkvlk3DKi0f
;WsH6NVZSnsUNUYsPYGjpT9L+PdfrgVvqdC+VXUNqHw/aQfo1U1KexQ1Riw9gaORfV7/Hx6uBWfr4b5Z
;NxyofD8EZou9JCQeS1cnWVnzwuUYS/kfHq4FZ8vc/1kmDKh8UghkgLwjLyR2UCJzTunC4RhL+R8ergV
;n69C+WSMMqHxSCGSAvCMvJHZQInNJ5M7hIiaZZx6vBWfr0L7ZbEyoaj9pB4W0LiISelAZT1Ls0/QTOJ
;lrd8FrOJPQv1k3DKh8PzBH6MNNSnt5VCVEVO/Gzh4klW97wHYGn7nRN2h1qH0/aQfo1U0TOxQ4Riw97
;MLyFSKWekHKbAq0qL5YNwyofD8JaqjVQEp7FFgnT1XozfQiL5FyQdcFZuvQvlk3bMU8P2QH6NUgKxh8
;XChJYuXK/CIx+B4ergVn65DRGTcQqHw/BGaLvSQkHktRL19J4M3yGBSebXHDWgWEoto8RQypfD9pB+j
;VTUp7ADVGLFDgwPkUJZ1Ae9ZxFZ602ytoYt0RP2gH6NVNSnvkCkY2PYGj/BwokHZwy1oCk6TMLFNp2i
;NQD2GbsDkVAyY1Ryw9gaORfXK4HwSuBWeGsd0xXmLNI1oRc5qgKS8JS1ogSk7k184EefgeHq4FZ+vQv
;lk3Hqh8PwRmi70kJB5LUy9AXOzG/wkUyR8frgVn69C+WXcMunw/aWqJtiUjFXFqIEVR4M70Ez+nLR6v
;BWfr0L5ZN0yoaT9pB4W0LiISelAZS1zv1+MEFJB6d8ltE+vRvlk3DKh8ZikH/NVNShZ1Vi5FU+T89h4
;knHpBz2YTgr/QWTYMqHw/aQfo1U1dexQ1K01e6cr/GBSWcGTUaQK0tNc4WmncGU1pBujVTerijex5LC
;SBo5EQKpt3d8BgOIW/xCNbafcYVghqjaEoOCQmNUcsPYEDCOSSxx8HrgVnhrHdMV5izSNRBn2SuSgVD
;3FYNnNQ4NvOTEv5Hx6uBWeLo/5ZLgyofFIIZIC8Iy8kelo8VlHk/OUYJohAc899ONnQv1k3DKh8XxpH
;6MdNSnt5VCVEVO/Gzg05kXFq8WgIj7W+WDcMqHw/aQfo1WxKexRYJ09V6M30IjuKcHPecTieo9sGRW3
;OCGAdb5qwPiIUeFFGLT2Bo5F9S6FfHqMFZ+u93zpfZcYZYBpzjaUoSnoUNUYsPYGjkX1p+B8ew2QEg7
;nQPGh6wQ5LHGaEiigyD2ZAIklP3sz3Gzida0HWN2fq0L5ZNwyoRX9pJejVTScad10vQlje1fgPP41+c
;vFgH5+iyz1SfvcTWQ90jaESM0kUNEYsPYGjkX1L+D8ergUKirPWMFlp9x9KGnOHuBI6CX1bMkVT5vzh
;DyKXbXfafGfp0b5BNwyoEV4Kb4G7KBUfdUEnc17uzeUYJYxAf8phZ+nRvkw3DKgRXgpvgbsoFR91QSd
;zW+jP9CIqnHserARnz9C+WVptyxRWB2K3sDU+CWFRI15i8tT4CSiQQGnPbBO0uNs4Q2XGGz9rB+jGTU
;p7eVQlRFTvxs4bKpZAfcFrE5m/0lk1DahhP2kHhbQuIhJ6UBlLXu7H9CIup3JrwnEOm7zHBlFgxws/a
;wfoxU1Ke3lUJURU78bOFS6Za0HMYAPr0r9ZJAyofFIIZIC8Iy8kfVEjVGLy2uIJLpUfHK4Fe+vQvjRW
;b8AVUQxYh7gkPiRmVC9fWPXM5B4jp3xxymBn6dC+TjcMqBFeCm+BuygVC2ZaK1xJ3tbiGBSKfnjaBWX
;r0JRZNwzFHVwBboawEjoJe1g2WGL00PQiOZl5avFhEpu81zpWeMETUTZqgac/JQkUN0csJ4GjkRAqm3
;d3wGA4mbXSOENl3hlgDH+cpzg5EntbRi49gYGRfUuVfn3GbAmOj8g4W2XMHUsMWJinJCQPfVshc03zy
;v4PIoxmHqwFZ/zQvllYes0OTQBjjYo+JhJ3UBlfWPXX+BMsix8crgVw69C+NFZvwBVRDFiOvCErFnFb
;MnNT4M70Inr4HBSuBWe7nP95BiKfSVIEB//VTUoWdVYuRVPk/PcUJ5lye8BxOIWx0zxoPqh/NWkH6IU
;BC1slG3EZUOyjgH1L+HJ/zW0OhbXhP15gzSNRCGqN1U5BexQ1A0JZ5NGxTmu2emquEGfr0NM4VGTBEl
;o2YYGnID0aZlAZWETxxpF+TfgfHuNkFYe50Fk9DKh8UghkgLwjLyR9UUYvGYGjkUV5ySsqzTRWxuPba
;VEhnB8JXyrR5it+ViZXcx8JuJSiTHLLKx68BWfrvd86X2XGGWAENtjlfBUYe1EjLD6Bo5F9S+ofHq5o
;Boi41zdSU8VND1k1t7YiLh4UNkYsPYGjg31L+HJ/zW0OhbXhNAU8mExgCmiMsE1JexQ1RiwxgaORECq
;bd3fAYDifqc48Nw+jfD9pQoaxKDhbJxUISUmBupF9S5V+fcZsCY6PyiBHafcdXQt1jaMkKw99WigsPp
;GjkX0Iinp/wmwTkvD7N1Np2lwMaQfo1U1KexQ1Viw9gaORfUv4Hx6uBWfr0L5ZNwzifj9pBujVTQx5F
;DVMLD2B8908a8kxKZtoCuvQvrkIDKjne2kH/pZNSotVNeageIEbmTpL+LtcUQRn69C+WTcCqHw/eQfo
;1SsjF3VYI0JJ3sf0EziRa2euBGfr0L5ZV5/ofC5pB+izJCYaeVAoWGLlyvAQLox6bK4EZ+vQvlk38Jd
;8LmkH6LMkJhp5UChYYufP/go5mWt7rgRn69C+WbdY6HwxaQfosyQmGnlQKFhi8dH4Hi74Hh6uBWfr0I
;AZNxuofD8GcY2nPyMfcWo1QFTixs4OLoxrd8BiFOvSvlk5DKh8WQBribgoJA9LVzRNU+WjknpL+B9Mz
;2wUjuP6WSIMqHxZAGuJuCgkD0tRL19N7cLoIiWZcnuuBnPr0L4CZW3BD1paQ7X1HQY6NARoGwjszpFv
;S/gfeMdpBoa10C1oasEQWjZpibgoSngeNUYsbc3isUxlzypzwwV169C+P15gyRFaB3O3si4lH3FqI0J
;ZgaCRfUv4HwquBWeNudI4WmnGCGAOZIexKBUIYFQ0WD2Co5F9S/gUHq4FAYK83zRSYtwjVg0H6/FNSn
;sgV39IW7aa81B5nH4ugzECjeSTOAE9n1EMWDKL7Sl7SyEDJE49jKORfS2Rc3/DYAmfj9A4WmmofzVpB
;+iFAQtbJRtxGVDso4t9S/h5d8JkCo6+ygZZbcUZYAhliqcoPBJ1QS9DU4Ggkn1L+E9S7wVp69C+P15g
;yRFaB3O3uyI+Hmc1RSw9gaORfUv4Hx6uBWf70L5ZNwyofD9pB+jVTUp7FDVGLD2Bo5F9S/gfHq4FZ+v
;Qvlk3DKh8
;Data end
;
;Print Time: 286
;Material#1 Used: 84.9
;Material#2 Used: 0.0
;Material#1 Cost: 0.01
;Material#2 Cost: 0.00
