;Sliced by ideaMaker 3.6.1.4415, 2020-09-26 17:41:05 UTC+1000
;Dimension: 235.000 235.000 250.000 0.400
;Plate Shape: 0
;Extruder Offset #1: 25.000 0.000
;Filament Diameter #1: 1.750
;Filament Diameter #2: 1.750
;Filament Compensation #1: 80.00
;Filament Compensation #2: 90.00
;Filament Density #1: 1240.00
;Filament Density #2: 1240.00
;Bounding Box: 80.700 107.900 57.750 74.050 0.000 7.600
;Model Gap: 0.000
M221 T0 S80.00
M140 S70.00
M104 T0 S205.00
M109 T0 S205.00
T0
M190 S70.00
; Ender 3 Custom Start G-code
G92 E0 ; Reset Extruder
G28 ; Home all axes
G1 Z2.0 F3000 ; Move Z Axis up little to prevent scratching of Heat Bed
G1 X0.1 Y20 Z0.3 F5000.0 ; Move to start position
G1 X0.1 Y200.0 Z0.3 F1500.0 E15 ; Draw the first line
G1 X0.4 Y200.0 Z0.3 F5000.0 ; Move to side a little
G1 X0.4 Y20 Z0.3 F1500.0 E30 ; Draw the second line
G92 E0 ; Reset Extruder
G1 Z2.0 F3000 ; Move Z Axis up little to prevent scratching of Heat Bed
G1 X5 Y20 Z0.3 F5000.0 ; Move over to prevent blob squish
M1001
;LAYER:0
;Z:0.200
;HEIGHT:0.200
M106 S255
G4 P500
M106 S64
M140 S70
G1 F3000 E-5.0000
G0 F4200 X90.736 Y73.422
G0 F900 Z0.200
;TYPE:WALL-INNER
;WIDTH:0.400
G1 F1500 E0.0000
G1 F900 X90.474 Y73.449 E0.0088
G1 X82.529 Y73.450 E0.2730
G1 X82.270 Y73.425 E0.2817
G1 X82.044 Y73.357 E0.2895
G1 X81.839 Y73.248 E0.2972
G1 X81.657 Y73.098 E0.3051
G1 X81.507 Y72.918 E0.3129
G1 X81.397 Y72.713 E0.3206
G1 X81.328 Y72.486 E0.3285
G1 X81.304 Y72.252 E0.3363
G1 X81.326 Y72.019 E0.3441
G1 X81.393 Y71.794 E0.3519
G1 X81.502 Y71.589 E0.3596
G1 X81.652 Y71.407 E0.3675
G1 X81.832 Y71.257 E0.3753
G1 X82.037 Y71.147 E0.3830
G1 X82.264 Y71.078 E0.3909
G1 X82.526 Y71.051 E0.3997
G1 X85.300 Y71.050 E0.4919
G1 X85.300 Y60.581 E0.8401
G1 X86.264 Y58.473 E0.9172
G1 X86.387 Y58.375 E0.9225
G1 X86.611 Y58.374 E0.9299
G1 X86.733 Y58.469 E0.9351
G1 X87.700 Y60.581 E1.0123
G1 X87.700 Y71.050 E1.3605
G1 X90.470 Y71.050 E1.4526
G1 X90.730 Y71.075 E1.4613
G1 X90.956 Y71.143 E1.4692
G1 X91.161 Y71.252 E1.4769
G1 X91.343 Y71.402 E1.4847
G1 X91.493 Y71.582 E1.4925
G1 X91.603 Y71.787 E1.5003
G1 X91.672 Y72.014 E1.5082
G1 X91.696 Y72.248 E1.5160
G1 X91.674 Y72.481 E1.5238
G1 X91.607 Y72.706 E1.5316
G1 X91.498 Y72.911 E1.5393
G1 X91.348 Y73.093 E1.5472
G1 X91.191 Y73.224 E1.5540
G0 F900 X91.168 Y73.243
G0 F900 X90.963 Y73.353
G0 F900 X90.736 Y73.422
G1 F3000 E-3.4460
G0 F4200 X90.816 Y73.816
;TYPE:WALL-OUTER
;WIDTH:0.400
G1 F1500 E1.5540
G1 F900 X90.495 Y73.849 E1.5647
G1 X82.510 Y73.850 E1.8303
G1 X82.193 Y73.819 E1.8409
G1 X81.892 Y73.729 E1.8513
G1 X81.616 Y73.583 E1.8617
G1 X81.373 Y73.383 E1.8722
G1 X81.173 Y73.142 E1.8826
G1 X81.026 Y72.867 E1.8930
G1 X80.934 Y72.566 E1.9034
G1 X80.902 Y72.254 E1.9139
G1 X80.931 Y71.942 E1.9243
G1 X81.021 Y71.642 E1.9347
G1 X81.167 Y71.366 E1.9451
G1 X81.367 Y71.123 E1.9555
G1 X81.608 Y70.923 E1.9660
G1 X81.883 Y70.776 E1.9763
G1 X82.184 Y70.684 E1.9868
G1 X82.505 Y70.651 E1.9975
G1 X84.900 Y70.650 E2.0772
G1 X84.900 Y60.494 E2.4150
G1 X85.921 Y58.260 E2.4967
G1 X86.004 Y58.158 E2.5010
G1 X86.110 Y58.071 E2.5056
G1 X86.231 Y58.005 E2.5102
G1 X86.361 Y57.965 E2.5147
G1 X86.635 Y57.963 E2.5238
G1 X86.764 Y58.003 E2.5283
G1 X86.886 Y58.067 E2.5329
G1 X86.992 Y58.154 E2.5375
G1 X87.075 Y58.255 E2.5418
G1 X88.100 Y60.494 E2.6237
G1 X88.100 Y70.650 E2.9615
G1 X90.490 Y70.650 E3.0410
G1 X90.807 Y70.681 E3.0516
G1 X91.108 Y70.771 E3.0620
G1 X91.384 Y70.917 E3.0724
G1 X91.627 Y71.117 E3.0829
G1 X91.827 Y71.358 E3.0933
G1 X91.974 Y71.633 E3.1037
G1 X92.066 Y71.934 E3.1142
G1 X92.098 Y72.246 E3.1246
G1 X92.069 Y72.558 E3.1350
G1 X91.979 Y72.858 E3.1454
G1 X91.833 Y73.134 E3.1558
G1 X91.633 Y73.377 E3.1663
G1 X91.392 Y73.577 E3.1767
G1 X91.281 Y73.637 E3.1809
G0 F900 X91.117 Y73.724
G0 F900 X90.816 Y73.816
G1 F3000 E-1.8191
G0 F4200 X82.024 Y73.256
;TYPE:SOLID-FILL
;WIDTH:0.400
G1 F1500 E3.1809
G1 F900 X81.495 Y72.727 E3.2058
G1 F3000 E-1.7942
G1 F900 Z0.500
G0 F4200 X81.400 Y72.066
G1 F900 Z0.200
G1 F1500 E3.2058
G1 F900 X82.703 Y73.369 E3.2671
G0 F4200 X83.268 Y73.369
G1 F900 X81.555 Y71.656 E3.3476
G0 F4200 X81.829 Y71.364
G1 F900 X83.834 Y73.369 E3.4419
G0 F4200 X84.400 Y73.369
G1 F900 X82.209 Y71.178 E3.5450
G0 F4200 X82.727 Y71.130
G1 F900 X84.965 Y73.369 E3.6503
G0 F4200 X85.531 Y73.369
G1 F900 X83.292 Y71.130 E3.7556
G0 F4200 X83.858 Y71.130
G1 F900 X86.097 Y73.369 E3.8609
G0 F4200 X86.662 Y73.368
G1 F900 X84.424 Y71.130 E3.9662
G0 F4200 X84.989 Y71.130
G1 F900 X87.227 Y73.368 E4.0715
G0 F4200 X87.793 Y73.368
G1 F900 X85.378 Y70.953 E4.1851
G0 F4200 X85.378 Y70.388
G1 F900 X88.359 Y73.368 E4.3252
G0 F4200 X88.925 Y73.368
G1 F900 X85.378 Y69.822 E4.4921
G0 F4200 X85.378 Y69.256
G1 F900 X89.490 Y73.368 E4.6855
G0 F4200 X90.056 Y73.368
G1 F900 X87.817 Y71.129 E4.7908
G0 F4200 X87.619 Y70.932
G1 F900 X85.378 Y68.691 E4.8962
G0 F4200 X85.378 Y68.125
G1 F900 X87.619 Y70.366 E5.0016
G0 F4200 X87.619 Y69.800
G1 F900 X85.378 Y67.559 E5.1070
G0 F4200 X85.378 Y66.994
G1 F900 X87.619 Y69.234 E5.2124
G0 F4200 X87.619 Y68.669
G1 F900 X85.378 Y66.428 E5.3178
G0 F4200 X85.378 Y65.862
G1 F900 X87.619 Y68.103 E5.4232
G0 F4200 X87.619 Y67.537
G1 F900 X85.378 Y65.297 E5.5286
G0 F4200 X85.378 Y64.731
G1 F900 X87.619 Y66.972 E5.6340
G0 F4200 X87.619 Y66.406
G1 F900 X85.378 Y64.165 E5.7394
G0 F4200 X85.378 Y63.600
G1 F900 X87.619 Y65.840 E5.8448
G0 F4200 X87.619 Y65.275
G1 F900 X85.378 Y63.034 E5.9502
G0 F4200 X85.378 Y62.468
G1 F900 X87.619 Y64.709 E6.0556
G0 F4200 X87.619 Y64.143
G1 F900 X85.378 Y61.902 E6.1611
G0 F4200 X85.378 Y61.337
G1 F900 X87.619 Y63.578 E6.2665
G0 F4200 X87.619 Y63.012
G1 F900 X85.378 Y60.771 E6.3719
G0 F4200 X85.501 Y60.328
G1 F900 X87.619 Y62.446 E6.4715
G0 F4200 X87.619 Y61.881
G1 F900 X85.679 Y59.940 E6.5628
G0 F4200 X85.856 Y59.552
G1 F900 X87.619 Y61.315 E6.6457
G0 F4200 X87.619 Y60.749
G1 F900 X86.034 Y59.164 E6.7203
G0 F4200 X86.211 Y58.776
G1 F900 X87.268 Y59.833 E6.7700
G1 F3000 E1.7700
G1 F900 Z0.500
G0 F4200 X86.792 Y58.790
G1 F900 Z0.200
G1 F1500 E6.7700
G1 F900 X86.601 Y58.600 E6.7789
G1 F3000 E1.7789
G1 F900 Z0.500
G0 F4200 X88.383 Y71.129
G1 F900 Z0.200
G1 F1500 E6.7789
G1 F900 X90.607 Y73.354 E6.8836
G0 F4200 X91.039 Y73.220
G1 F900 X88.949 Y71.129 E6.9819
G0 F4200 X89.514 Y71.129
G1 F900 X91.349 Y72.964 E7.0682
G0 F4200 X91.554 Y72.603
G1 F900 X90.080 Y71.129 E7.1375
G0 F4200 X90.665 Y71.149
G1 F900 X91.597 Y72.081 E7.1814
G1 F3000 E2.1814
G1 F900 Z0.500
G0 F4200 X98.129 Y73.450
;TYPE:WALL-INNER
;WIDTH:0.400
G1 F900 Z0.200
G1 F1500 E7.1814
G1 F900 X97.870 Y73.425 E7.1900
G1 X97.644 Y73.357 E7.1979
G1 X97.439 Y73.248 E7.2056
G1 X97.257 Y73.098 E7.2134
G1 X97.107 Y72.918 E7.2212
G1 X96.997 Y72.713 E7.2290
G1 X96.928 Y72.486 E7.2369
G1 X96.904 Y72.252 E7.2447
G1 X96.926 Y72.019 E7.2525
G1 X96.993 Y71.794 E7.2603
G1 X97.102 Y71.589 E7.2680
G1 X97.252 Y71.407 E7.2759
G1 X97.432 Y71.257 E7.2836
G1 X97.637 Y71.147 E7.2914
G1 X97.864 Y71.078 E7.2993
G1 X98.126 Y71.051 E7.3080
G1 X100.900 Y71.050 E7.4003
G1 X100.900 Y60.581 E7.7485
G1 X101.864 Y58.473 E7.8256
G1 X101.987 Y58.375 E7.8308
G1 X102.211 Y58.374 E7.8383
G1 X102.333 Y58.469 E7.8434
G1 X103.300 Y60.581 E7.9207
G1 X103.300 Y71.050 E8.2689
G1 X106.070 Y71.050 E8.3610
G1 X106.330 Y71.075 E8.3697
G1 X106.556 Y71.143 E8.3775
G1 X106.761 Y71.252 E8.3853
G1 X106.943 Y71.402 E8.3931
G1 X107.093 Y71.582 E8.4009
G1 X107.203 Y71.787 E8.4086
G1 X107.272 Y72.014 E8.4165
G1 X107.296 Y72.248 E8.4244
G1 X107.274 Y72.481 E8.4321
G1 X107.207 Y72.706 E8.4400
G1 X107.098 Y72.911 E8.4477
G1 X106.948 Y73.093 E8.4555
G1 X106.768 Y73.243 E8.4633
G1 X106.563 Y73.353 E8.4710
G1 X106.336 Y73.422 E8.4789
G1 X106.074 Y73.449 E8.4877
G1 X98.629 Y73.450 E8.7353
G0 F900 X98.129 Y73.450
G1 F3000 E3.7353
G0 F4200 X98.110 Y73.850
;TYPE:WALL-OUTER
;WIDTH:0.400
G1 F900 Z0.200
G1 F1500 E8.7353
G1 F900 X97.793 Y73.819 E8.7459
G1 X97.492 Y73.729 E8.7564
G1 X97.216 Y73.583 E8.7667
G1 X96.973 Y73.383 E8.7772
G1 X96.773 Y73.142 E8.7876
G1 X96.626 Y72.867 E8.7980
G1 X96.534 Y72.566 E8.8085
G1 X96.502 Y72.254 E8.8189
G1 X96.531 Y71.942 E8.8293
G1 X96.621 Y71.642 E8.8397
G1 X96.767 Y71.366 E8.8501
G1 X96.967 Y71.123 E8.8606
G1 X97.208 Y70.923 E8.8710
G1 X97.483 Y70.776 E8.8814
G1 X97.784 Y70.684 E8.8919
G1 X98.105 Y70.651 E8.9026
G1 X100.500 Y70.650 E8.9822
G1 X100.500 Y60.494 E9.3200
G1 X101.521 Y58.260 E9.4017
G1 X101.604 Y58.158 E9.4061
G1 X101.710 Y58.071 E9.4107
G1 X101.831 Y58.005 E9.4152
G1 X101.961 Y57.965 E9.4198
G1 X102.235 Y57.963 E9.4289
G1 X102.364 Y58.003 E9.4334
G1 X102.486 Y58.067 E9.4380
G1 X102.592 Y58.154 E9.4425
G1 X102.675 Y58.255 E9.4469
G1 X103.700 Y60.494 E9.5288
G1 X103.700 Y70.650 E9.8666
G1 X106.090 Y70.650 E9.9461
G1 X106.407 Y70.681 E9.9566
G1 X106.708 Y70.771 E9.9671
G1 X106.984 Y70.917 E9.9775
G1 X107.227 Y71.117 E9.9879
G1 X107.427 Y71.358 E9.9984
G1 X107.574 Y71.633 E10.0087
G1 X107.666 Y71.934 E10.0192
G1 X107.698 Y72.246 E10.0296
G1 X107.669 Y72.558 E10.0401
G1 X107.579 Y72.858 E10.0505
G1 X107.433 Y73.134 E10.0609
G1 X107.233 Y73.377 E10.0713
G1 X106.992 Y73.577 E10.0817
G1 X106.717 Y73.724 E10.0921
G1 X106.416 Y73.816 E10.1026
G1 X106.095 Y73.849 E10.1133
G1 X98.610 Y73.850 E10.3623
G0 F900 X98.110 Y73.850
G0 F4200 X97.960 Y73.353
;TYPE:SOLID-FILL
;WIDTH:0.400
G1 F900 X96.998 Y72.390 E10.4075
G0 F4200 X97.049 Y71.876
G1 F900 X98.541 Y73.368 E10.4777
G0 F4200 X99.107 Y73.368
G1 F900 X97.259 Y71.521 E10.5646
G0 F4200 X97.575 Y71.271
G1 F900 X99.673 Y73.368 E10.6633
G0 F4200 X100.238 Y73.368
G1 F900 X98.013 Y71.143 E10.7679
G0 F4200 X98.566 Y71.130
G1 F900 X100.804 Y73.368 E10.8732
G0 F4200 X101.370 Y73.368
G1 F900 X99.132 Y71.130 E10.9785
G0 F4200 X99.697 Y71.130
G1 F900 X101.935 Y73.368 E11.0837
G0 F4200 X102.501 Y73.368
G1 F900 X100.263 Y71.130 E11.1890
G0 F4200 X100.829 Y71.130
G1 F900 X103.067 Y73.368 E11.2943
G0 F4200 X103.632 Y73.368
G1 F900 X100.979 Y70.714 E11.4191
G0 F4200 X100.979 Y70.149
G1 F900 X104.198 Y73.368 E11.5705
G0 F4200 X104.764 Y73.368
G1 F900 X100.979 Y69.583 E11.7485
G0 F4200 X100.979 Y69.017
G1 F900 X105.329 Y73.368 E11.9532
G0 F4200 X105.895 Y73.368
G1 F900 X103.656 Y71.129 E12.0585
G0 F4200 X104.222 Y71.129
G1 F900 X106.407 Y73.314 E12.1613
G0 F4200 X106.783 Y73.124
G1 F900 X104.788 Y71.129 E12.2551
G0 F4200 X105.353 Y71.129
G1 F900 X107.051 Y72.827 E12.3350
G0 F4200 X107.200 Y72.410
G1 F900 X105.919 Y71.129 E12.3952
G1 F3000 E7.3952
G1 F900 Z0.500
G0 F4200 X106.628 Y71.272
G1 F900 Z0.200
G1 F1500 E12.3952
G1 F900 X107.073 Y71.718 E12.4162
G1 F3000 E7.4162
G1 F900 Z0.500
G0 F4200 X103.219 Y70.693
G1 F900 Z0.200
G1 F1500 E12.4162
G1 F900 X100.979 Y68.452 E12.5216
G0 F4200 X100.979 Y67.886
G1 F900 X103.219 Y70.127 E12.6270
G0 F4200 X103.219 Y69.561
G1 F900 X100.979 Y67.320 E12.7323
G0 F4200 X100.979 Y66.755
G1 F900 X103.219 Y68.995 E12.8377
G0 F4200 X103.219 Y68.430
G1 F900 X100.979 Y66.189 E12.9431
G0 F4200 X100.979 Y65.623
G1 F900 X103.219 Y67.864 E13.0485
G0 F4200 X103.219 Y67.298
G1 F900 X100.979 Y65.058 E13.1538
G0 F4200 X100.979 Y64.492
G1 F900 X103.219 Y66.733 E13.2592
G0 F4200 X103.219 Y66.167
G1 F900 X100.979 Y63.926 E13.3646
G0 F4200 X100.979 Y63.361
G1 F900 X103.219 Y65.601 E13.4700
G0 F4200 X103.219 Y65.036
G1 F900 X100.979 Y62.795 E13.5754
G0 F4200 X100.979 Y62.229
G1 F900 X103.219 Y64.470 E13.6807
G0 F4200 X103.219 Y63.904
G1 F900 X100.979 Y61.663 E13.7861
G0 F4200 X100.979 Y61.098
G1 F900 X103.219 Y63.339 E13.8915
G0 F4200 X103.219 Y62.773
G1 F900 X100.999 Y60.553 E13.9959
G0 F4200 X101.177 Y60.164
G1 F900 X103.219 Y62.207 E14.0920
G0 F4200 X103.219 Y61.642
G1 F900 X101.354 Y59.776 E14.1798
G0 F4200 X101.532 Y59.388
G1 F900 X103.219 Y61.076 E14.2591
G1 F3000 E9.2591
G1 F900 Z0.500
G0 F4200 X103.144 Y60.435
G1 F900 Z0.200
G1 F1500 E14.2591
G1 F900 X101.709 Y59.000 E14.3266
G0 F4200 X101.887 Y58.612
G1 F900 X102.667 Y59.392 E14.3633
;LAYER:1
;Z:0.400
;HEIGHT:0.200
M106 S255
G4 P500
M106 S128
M140 S45
G1 F3000 E9.3633
G0 F900 Z0.400
G0 F4200 X98.130 Y73.450
;TYPE:WALL-INNER
;WIDTH:0.400
G1 F900 Z0.400
G1 F1500 E14.3633
G1 F1650 X97.866 Y73.424 E14.3721
G1 X97.653 Y73.360 E14.3795
G1 X97.433 Y73.244 E14.3878
G1 X97.253 Y73.097 E14.3955
G1 X97.104 Y72.915 E14.4034
G1 X96.994 Y72.708 E14.4112
G1 X96.926 Y72.483 E14.4190
G1 X96.903 Y72.250 E14.4268
G1 X96.926 Y72.017 E14.4346
G1 X96.994 Y71.792 E14.4424
G1 X97.104 Y71.585 E14.4502
G1 X97.253 Y71.403 E14.4580
G1 X97.435 Y71.254 E14.4658
G1 X97.642 Y71.144 E14.4736
G1 X97.867 Y71.076 E14.4814
G1 X98.130 Y71.050 E14.4902
G1 X100.900 Y71.050 E14.5824
G1 X100.900 Y60.581 E14.9306
G1 X101.862 Y58.476 E15.0075
G1 X101.983 Y58.377 E15.0127
G1 X102.039 Y58.360 E15.0147
G1 X102.158 Y58.359 E15.0186
G1 X102.260 Y58.401 E15.0223
G1 X102.336 Y58.473 E15.0258
G1 X103.300 Y60.580 E15.1029
G1 X103.300 Y71.050 E15.4511
G1 X106.070 Y71.050 E15.5432
G1 X106.334 Y71.076 E15.5520
G1 X106.547 Y71.140 E15.5594
G1 X106.767 Y71.256 E15.5677
G1 X106.947 Y71.403 E15.5754
G1 X107.096 Y71.585 E15.5833
G1 X107.206 Y71.792 E15.5911
G1 X107.274 Y72.017 E15.5989
G1 X107.297 Y72.250 E15.6067
G1 X107.274 Y72.483 E15.6145
G1 X107.206 Y72.708 E15.6223
G1 X107.096 Y72.915 E15.6301
G1 X106.947 Y73.097 E15.6379
G1 X106.765 Y73.246 E15.6457
G1 X106.558 Y73.356 E15.6535
G1 X106.333 Y73.424 E15.6613
G1 X106.070 Y73.450 E15.6701
G1 X98.630 Y73.450 E15.9176
G0 F1650 X98.130 Y73.450
G1 F3000 E10.9176
G0 F4200 X98.110 Y73.850
;TYPE:WALL-OUTER
;WIDTH:0.400
G1 F900 Z0.400
G1 F1500 E15.9176
G1 F1350 X97.788 Y73.818 E15.9283
G1 X97.501 Y73.732 E15.9383
G1 X97.211 Y73.579 E15.9492
G1 X96.969 Y73.381 E15.9596
G1 X96.770 Y73.138 E15.9701
G1 X96.623 Y72.862 E15.9805
G1 X96.532 Y72.562 E15.9909
G1 X96.501 Y72.250 E16.0013
G1 X96.532 Y71.938 E16.0117
G1 X96.623 Y71.638 E16.0222
G1 X96.770 Y71.362 E16.0326
G1 X96.969 Y71.119 E16.0430
G1 X97.212 Y70.920 E16.0535
G1 X97.488 Y70.773 E16.0639
G1 X97.788 Y70.682 E16.0743
G1 X98.110 Y70.650 E16.0850
G1 X100.500 Y70.650 E16.1645
G1 X100.500 Y60.494 E16.5023
G1 X101.519 Y58.263 E16.5839
G1 X101.602 Y58.161 E16.5883
G1 X101.707 Y58.073 E16.5928
G1 X101.827 Y58.007 E16.5974
G1 X101.958 Y57.967 E16.6019
G1 X102.094 Y57.952 E16.6065
G1 X102.231 Y57.964 E16.6111
G1 X102.361 Y58.001 E16.6156
G1 X102.482 Y58.066 E16.6201
G1 X102.589 Y58.152 E16.6247
G1 X102.677 Y58.257 E16.6293
G1 X103.700 Y60.493 E16.7110
G1 X103.700 Y70.650 E17.0489
G1 X106.090 Y70.650 E17.1284
G1 X106.412 Y70.682 E17.1391
G1 X106.699 Y70.768 E17.1491
G1 X106.989 Y70.921 E17.1600
G1 X107.231 Y71.119 E17.1704
G1 X107.430 Y71.362 E17.1808
G1 X107.577 Y71.638 E17.1912
G1 X107.668 Y71.938 E17.2017
G1 X107.699 Y72.250 E17.2121
G1 X107.668 Y72.562 E17.2225
G1 X107.577 Y72.862 E17.2329
G1 X107.430 Y73.138 E17.2433
G1 X107.231 Y73.381 E17.2538
G1 X106.988 Y73.580 E17.2642
G1 X106.712 Y73.727 E17.2746
G1 X106.412 Y73.818 E17.2851
G1 X106.090 Y73.850 E17.2958
G1 X98.610 Y73.850 E17.5446
G0 F1350 X98.110 Y73.850
G1 F3000 E12.5446
G0 F4200 X97.722 Y71.417
;TYPE:SOLID-FILL
;WIDTH:0.400
G1 F900 Z0.400
G1 F1500 E17.5446
G1 F1650 X97.266 Y71.873 E17.5661
G1 X97.254 Y71.897 E17.5670
G1 X97.201 Y72.071 E17.5730
G1 X97.183 Y72.249 E17.5790
G1 X97.201 Y72.428 E17.5849
G1 X97.219 Y72.486 E17.5870
G1 X98.376 Y71.329 E17.6414
G1 X98.941 Y71.329 E17.6602
G1 X97.415 Y72.855 E17.7320
G1 X97.449 Y72.897 E17.7338
G1 X97.584 Y73.008 E17.7396
G1 X97.744 Y73.092 E17.7456
G1 X99.507 Y71.329 E17.8285
G1 X100.073 Y71.329 E17.8473
G1 X98.232 Y73.169 E17.9339
G1 X98.798 Y73.169 E17.9527
G1 X100.285 Y71.682 E18.0227
G0 F1650 X100.638 Y71.329
G1 F3000 E13.0227
G1 F900 Z0.700
G0 F4200 X106.162 Y73.160
G1 F900 Z0.400
G1 F1500 E18.0227
G1 F1650 X107.008 Y72.313 E18.0625
G1 X107.015 Y72.250 E18.0646
G1 X106.997 Y72.070 E18.0706
G1 X106.944 Y71.897 E18.0766
G1 X106.914 Y71.842 E18.0787
G1 X105.586 Y73.169 E18.1412
G1 X105.020 Y73.169 E18.1600
G1 X106.660 Y71.530 E18.2371
G1 X106.614 Y71.492 E18.2391
G1 X106.439 Y71.399 E18.2457
G1 X106.277 Y71.352 E18.2513
G1 X106.273 Y71.351 E18.2514
G1 X104.455 Y73.169 E18.3369
G1 X103.889 Y73.169 E18.3558
G1 X105.729 Y71.330 E18.4423
G1 X105.163 Y71.330 E18.4611
G1 X103.323 Y73.169 E18.5476
G1 X102.758 Y73.169 E18.5664
G1 X104.598 Y71.330 E18.6529
G1 X104.032 Y71.330 E18.6718
G1 X102.192 Y73.169 E18.7583
G1 X101.626 Y73.169 E18.7771
G1 X103.466 Y71.330 E18.8636
G1 X103.019 Y71.330 E18.8785
G1 X103.019 Y71.212 E18.8824
G1 X101.061 Y73.169 E18.9745
G1 X100.495 Y73.169 E18.9933
G1 X103.019 Y70.646 E19.1120
G1 X103.019 Y70.080 E19.1309
G1 X99.929 Y73.169 E19.2762
G1 X99.364 Y73.169 E19.2950
G1 X103.019 Y69.514 E19.4669
G1 X103.019 Y68.949 E19.4857
G1 X101.179 Y70.789 E19.5722
G1 X101.179 Y70.223 E19.5911
G1 X103.019 Y68.383 E19.6776
G1 X103.019 Y67.817 E19.6964
G1 X101.179 Y69.657 E19.7830
G1 X101.179 Y69.092 E19.8018
G1 X103.019 Y67.252 E19.8883
G1 X103.019 Y66.686 E19.9071
G1 X101.179 Y68.526 E19.9937
G1 X101.179 Y67.960 E20.0125
G1 X103.019 Y66.120 E20.0991
G1 X103.019 Y65.555 E20.1179
G1 X101.179 Y67.395 E20.2044
G1 X101.179 Y66.829 E20.2232
G1 X103.019 Y64.989 E20.3098
G1 X103.019 Y64.423 E20.3286
G1 X101.179 Y66.263 E20.4152
G1 X101.179 Y65.697 E20.4340
G1 X103.019 Y63.858 E20.5205
G1 X103.019 Y63.292 E20.5393
G1 X101.179 Y65.132 E20.6259
G1 X101.179 Y64.566 E20.6447
G1 X103.019 Y62.726 E20.7312
G1 X103.019 Y62.161 E20.7500
G1 X101.179 Y64.000 E20.8366
G1 X101.179 Y63.435 E20.8554
G1 X103.019 Y61.595 E20.9419
G1 X103.019 Y61.029 E20.9607
G1 X101.179 Y62.869 E21.0473
G1 X101.179 Y62.303 E21.0661
G1 X102.962 Y60.520 E21.1500
G1 X102.785 Y60.131 E21.1642
G1 X101.179 Y61.738 E21.2397
G1 X101.179 Y61.172 E21.2586
G1 X102.608 Y59.743 E21.3258
G1 X102.430 Y59.355 E21.3400
G1 X101.210 Y60.575 E21.3974
G1 X101.686 Y59.534 E21.4354
G1 X101.900 Y59.320 E21.4455
G0 F1650 X102.253 Y58.967
G0 F4200 X102.111 Y58.826
;TYPE:SOLID-FILL
;WIDTH:0.400
G1 F1950 X102.314 Y58.622 E21.4551
G1 F3000 E16.4551
G1 F900 Z0.700
G0 F4200 X100.555 Y71.129
G1 F900 Z0.400
G1 F1500 E21.4551
G1 F1950 X100.496 Y71.188 E21.4579
G1 F3000 E16.4579
G1 F900 Z0.700
G0 F4200 X90.733 Y73.424
;TYPE:WALL-INNER
;WIDTH:0.400
G1 F900 Z0.400
G1 F1500 E21.4579
G1 F1650 X90.470 Y73.450 E21.4666
G1 X82.530 Y73.450 E21.7307
G1 X82.266 Y73.424 E21.7396
G1 X82.053 Y73.360 E21.7470
G1 X81.833 Y73.244 E21.7552
G1 X81.653 Y73.097 E21.7630
G1 X81.504 Y72.915 E21.7708
G1 X81.394 Y72.708 E21.7786
G1 X81.326 Y72.483 E21.7864
G1 X81.303 Y72.250 E21.7942
G1 X81.326 Y72.017 E21.8020
G1 X81.394 Y71.792 E21.8098
G1 X81.504 Y71.585 E21.8176
G1 X81.653 Y71.403 E21.8254
G1 X81.835 Y71.254 E21.8332
G1 X82.042 Y71.144 E21.8410
G1 X82.267 Y71.076 E21.8488
G1 X82.530 Y71.050 E21.8576
G1 X85.300 Y71.050 E21.9498
G1 X85.300 Y60.581 E22.2980
G1 X86.262 Y58.476 E22.3749
G1 X86.383 Y58.377 E22.3801
G1 X86.439 Y58.360 E22.3821
G1 X86.558 Y58.359 E22.3860
G1 X86.660 Y58.401 E22.3897
G1 X86.736 Y58.473 E22.3932
G1 X87.700 Y60.580 E22.4703
G1 X87.700 Y71.050 E22.8185
G1 X90.470 Y71.050 E22.9106
G1 X90.734 Y71.076 E22.9195
G1 X90.947 Y71.140 E22.9268
G1 X91.167 Y71.256 E22.9351
G1 X91.347 Y71.403 E22.9428
G1 X91.496 Y71.585 E22.9507
G1 X91.606 Y71.792 E22.9585
G1 X91.674 Y72.017 E22.9663
G1 X91.697 Y72.250 E22.9741
G1 X91.674 Y72.483 E22.9819
G1 X91.606 Y72.708 E22.9897
G1 X91.496 Y72.915 E22.9975
G1 X91.347 Y73.097 E23.0053
G1 X91.189 Y73.227 E23.0121
G0 F1650 X91.165 Y73.246
G0 F1650 X90.958 Y73.356
G0 F1650 X90.733 Y73.424
G1 F3000 E18.0121
G0 F4200 X90.812 Y73.818
;TYPE:WALL-OUTER
;WIDTH:0.400
G1 F900 Z0.400
G1 F1500 E23.0121
G1 F1350 X90.490 Y73.850 E23.0229
G1 X82.510 Y73.850 E23.2883
G1 X82.188 Y73.818 E23.2990
G1 X81.901 Y73.732 E23.3090
G1 X81.611 Y73.579 E23.3199
G1 X81.369 Y73.381 E23.3303
G1 X81.170 Y73.138 E23.3408
G1 X81.023 Y72.862 E23.3512
G1 X80.932 Y72.562 E23.3616
G1 X80.901 Y72.250 E23.3720
G1 X80.932 Y71.938 E23.3824
G1 X81.023 Y71.638 E23.3929
G1 X81.170 Y71.362 E23.4033
G1 X81.369 Y71.119 E23.4137
G1 X81.612 Y70.920 E23.4242
G1 X81.888 Y70.773 E23.4346
G1 X82.188 Y70.682 E23.4450
G1 X82.510 Y70.650 E23.4558
G1 X84.900 Y70.650 E23.5352
G1 X84.900 Y60.494 E23.8730
G1 X85.919 Y58.263 E23.9546
G1 X86.002 Y58.161 E23.9590
G1 X86.107 Y58.073 E23.9635
G1 X86.227 Y58.007 E23.9681
G1 X86.358 Y57.967 E23.9727
G1 X86.494 Y57.952 E23.9772
G1 X86.631 Y57.964 E23.9818
G1 X86.761 Y58.001 E23.9863
G1 X86.882 Y58.066 E23.9908
G1 X86.989 Y58.152 E23.9954
G1 X87.077 Y58.257 E24.0000
G1 X88.100 Y60.493 E24.0818
G1 X88.100 Y70.650 E24.4196
G1 X90.490 Y70.650 E24.4991
G1 X90.812 Y70.682 E24.5098
G1 X91.099 Y70.768 E24.5198
G1 X91.389 Y70.921 E24.5307
G1 X91.631 Y71.119 E24.5411
G1 X91.830 Y71.362 E24.5515
G1 X91.977 Y71.638 E24.5619
G1 X92.068 Y71.938 E24.5724
G1 X92.099 Y72.250 E24.5828
G1 X92.068 Y72.562 E24.5932
G1 X91.977 Y72.862 E24.6037
G1 X91.830 Y73.138 E24.6141
G1 X91.631 Y73.381 E24.6245
G1 X91.388 Y73.580 E24.6350
G1 X91.277 Y73.639 E24.6391
G0 F1350 X91.112 Y73.727
G0 F1350 X90.812 Y73.818
G1 F3000 E19.6391
G0 F4200 X90.313 Y73.169
;TYPE:SOLID-FILL
;WIDTH:0.400
G1 F900 Z0.400
G1 F1500 E24.6391
G1 F1650 X91.398 Y72.084 E24.6902
G1 X91.397 Y72.071 E24.6906
G1 X91.344 Y71.897 E24.6967
G1 X91.262 Y71.740 E24.7025
G1 X91.223 Y71.694 E24.7045
G1 X89.747 Y73.169 E24.7740
G1 X89.181 Y73.169 E24.7928
G1 X90.913 Y71.438 E24.8742
G1 X90.839 Y71.400 E24.8770
G1 X90.677 Y71.352 E24.8826
G1 X90.456 Y71.329 E24.8900
G1 X88.616 Y73.169 E24.9765
G1 X88.050 Y73.169 E24.9954
G1 X89.890 Y71.329 E25.0819
G1 X89.325 Y71.329 E25.1007
G1 X87.484 Y73.169 E25.1873
G1 X86.918 Y73.169 E25.2061
G1 X88.759 Y71.329 E25.2927
G1 X88.193 Y71.329 E25.3115
G1 X86.353 Y73.169 E25.3981
G1 X85.787 Y73.169 E25.4169
G1 X87.628 Y71.329 E25.5034
G1 X87.419 Y71.330 E25.5104
G1 X87.418 Y70.973 E25.5223
G1 X85.221 Y73.169 E25.6256
G1 X84.656 Y73.169 E25.6444
G1 X87.418 Y70.407 E25.7743
G1 X87.418 Y69.841 E25.7931
G1 X84.090 Y73.169 E25.9497
G1 X83.524 Y73.169 E25.9685
G1 X85.364 Y71.330 E26.0550
G1 X84.799 Y71.330 E26.0738
G1 X82.959 Y73.169 E26.1603
G1 X82.543 Y73.169 E26.1742
G1 X82.406 Y73.157 E26.1787
G1 X84.233 Y71.330 E26.2647
G1 X83.667 Y71.330 E26.2835
G1 X81.987 Y73.010 E26.3625
G1 X81.984 Y73.008 E26.3626
G1 X81.850 Y72.898 E26.3684
G1 X81.735 Y72.759 E26.3744
G1 X81.714 Y72.717 E26.3760
G1 X83.102 Y71.330 E26.4412
G1 X82.543 Y71.330 E26.4598
G1 X82.535 Y71.330 E26.4601
G1 X81.940 Y71.926 E26.4881
G0 F1650 X81.587 Y72.279
G1 F3000 E21.4881
G1 F900 Z0.700
G0 F4200 X85.579 Y71.115
G1 F900 Z0.400
G1 F1500 E26.4881
G1 F1650 X87.418 Y69.275 E26.5746
G1 X87.418 Y68.710 E26.5934
G1 X85.579 Y70.549 E26.6799
G1 X85.579 Y69.983 E26.6987
G1 X87.418 Y68.144 E26.7852
G1 X87.418 Y67.578 E26.8041
G1 X85.579 Y69.418 E26.8906
G1 X85.579 Y68.852 E26.9094
G1 X87.418 Y67.013 E26.9959
G1 X87.418 Y66.447 E27.0147
G1 X85.579 Y68.286 E27.1012
G1 X85.579 Y67.721 E27.1200
G1 X87.418 Y65.881 E27.2066
G1 X87.418 Y65.316 E27.2254
G1 X85.579 Y67.155 E27.3119
G1 X85.579 Y66.589 E27.3307
G1 X87.418 Y64.750 E27.4172
G1 X87.418 Y64.184 E27.4360
G1 X85.579 Y66.023 E27.5225
G1 X85.579 Y65.458 E27.5413
G1 X87.418 Y63.619 E27.6278
G1 X87.418 Y63.053 E27.6466
G1 X85.579 Y64.892 E27.7331
G1 X85.579 Y64.326 E27.7520
G1 X87.418 Y62.487 E27.8385
G1 X87.418 Y61.922 E27.8572
G1 X85.579 Y63.761 E27.9437
G1 X85.579 Y63.195 E27.9626
G1 X87.418 Y61.356 E28.0491
G1 X87.418 Y60.790 E28.0679
G1 X85.579 Y62.629 E28.1544
G1 X85.579 Y62.064 E28.1732
G1 X87.287 Y60.356 E28.2535
G1 X87.109 Y59.968 E28.2677
G1 X85.579 Y61.498 E28.3397
G1 X85.579 Y60.932 E28.3585
G1 X86.933 Y59.579 E28.4222
G1 X86.755 Y59.191 E28.4364
G1 X85.811 Y60.135 E28.4808
G1 X86.250 Y59.174 E28.5159
G0 F1650 X86.286 Y59.094
G0 F1650 X86.578 Y58.802
G1 F3000 E23.5159
G1 F900 Z0.700
G0 F4200 X81.445 Y72.137
;TYPE:SOLID-FILL
;WIDTH:0.400
G1 F900 Z0.400
G1 F1500 E28.5159
G1 F1950 X81.387 Y72.195 E28.5187
G1 F3000 E23.5187
G1 F900 Z0.700
G0 F4200 X90.395 Y73.370
G1 F900 Z0.400
G1 F1500 E28.5187
G1 F1950 X90.454 Y73.311 E28.5214
;LAYER:2
;Z:0.600
;HEIGHT:0.200
M106 S255
G0 F900 Z0.600
G0 F4200 X90.733 Y73.424
;TYPE:WALL-INNER
;WIDTH:0.400
G1 F2400 X90.470 Y73.450 E28.5302
G1 X82.530 Y73.450 E28.7943
G1 X82.267 Y73.424 E28.8031
G1 X82.042 Y73.356 E28.8109
G1 X81.835 Y73.246 E28.8187
G1 X81.653 Y73.097 E28.8265
G1 X81.517 Y72.931 E28.8337
G1 X81.393 Y72.705 E28.8422
G1 X81.326 Y72.484 E28.8499
G1 X81.303 Y72.250 E28.8577
G1 X81.326 Y72.017 E28.8655
G1 X81.394 Y71.792 E28.8734
G1 X81.504 Y71.585 E28.8811
G1 X81.653 Y71.403 E28.8890
G1 X81.835 Y71.254 E28.8968
G1 X82.042 Y71.144 E28.9046
G1 X82.267 Y71.076 E28.9124
G1 X82.530 Y71.050 E28.9212
G1 X85.300 Y71.050 E29.0133
G1 X85.300 Y60.581 E29.3615
G1 X86.265 Y58.471 E29.4387
G1 X86.336 Y58.403 E29.4420
G1 X86.425 Y58.364 E29.4452
G1 X86.606 Y58.372 E29.4512
G1 X86.735 Y58.471 E29.4566
G1 X87.700 Y60.581 E29.5338
G1 X87.700 Y71.050 E29.8820
G1 X90.470 Y71.050 E29.9741
G1 X90.733 Y71.076 E29.9829
G1 X90.958 Y71.144 E29.9907
G1 X91.165 Y71.254 E29.9985
G1 X91.347 Y71.403 E30.0064
G1 X91.483 Y71.569 E30.0135
G1 X91.607 Y71.795 E30.0221
G1 X91.674 Y72.016 E30.0298
G1 X91.697 Y72.250 E30.0376
G1 X91.674 Y72.483 E30.0454
G1 X91.606 Y72.708 E30.0532
G1 X91.496 Y72.915 E30.0610
G1 X91.347 Y73.097 E30.0688
G1 X91.189 Y73.227 E30.0756
G0 F2400 X91.165 Y73.246
G0 F2400 X90.958 Y73.356
G0 F2400 X90.733 Y73.424
G1 F3000 E25.0756
G0 F4200 X90.812 Y73.818
;TYPE:WALL-OUTER
;WIDTH:0.400
G1 F900 Z0.600
G1 F1500 E30.0756
G1 F1800 X90.490 Y73.850 E30.0864
G1 X82.510 Y73.850 E30.3518
G1 X82.188 Y73.818 E30.3625
G1 X81.888 Y73.727 E30.3730
G1 X81.612 Y73.580 E30.3834
G1 X81.369 Y73.381 E30.3938
G1 X81.184 Y73.156 E30.4035
G1 X81.022 Y72.861 E30.4147
G1 X80.932 Y72.562 E30.4251
G1 X80.901 Y72.250 E30.4355
G1 X80.932 Y71.938 E30.4459
G1 X81.023 Y71.638 E30.4564
G1 X81.170 Y71.362 E30.4668
G1 X81.369 Y71.119 E30.4772
G1 X81.612 Y70.920 E30.4877
G1 X81.888 Y70.773 E30.4981
G1 X82.188 Y70.682 E30.5085
G1 X82.510 Y70.650 E30.5193
G1 X84.900 Y70.650 E30.5987
G1 X84.900 Y60.494 E30.9365
G1 X85.923 Y58.257 E31.0184
G1 X86.006 Y58.156 E31.0227
G1 X86.112 Y58.069 E31.0273
G1 X86.233 Y58.004 E31.0318
G1 X86.363 Y57.964 E31.0364
G1 X86.627 Y57.962 E31.0451
G1 X86.757 Y58.000 E31.0496
G1 X86.889 Y58.070 E31.0546
G1 X86.994 Y58.156 E31.0591
G1 X87.077 Y58.257 E31.0635
G1 X88.100 Y60.494 E31.1453
G1 X88.100 Y70.650 E31.4831
G1 X90.490 Y70.650 E31.5626
G1 X90.812 Y70.682 E31.5733
G1 X91.112 Y70.773 E31.5838
G1 X91.388 Y70.920 E31.5942
G1 X91.631 Y71.119 E31.6046
G1 X91.816 Y71.344 E31.6143
G1 X91.978 Y71.639 E31.6255
G1 X92.068 Y71.938 E31.6359
G1 X92.099 Y72.250 E31.6463
G1 X92.068 Y72.562 E31.6567
G1 X91.977 Y72.862 E31.6672
G1 X91.830 Y73.138 E31.6776
G1 X91.631 Y73.381 E31.6880
G1 X91.388 Y73.580 E31.6984
G1 X91.277 Y73.639 E31.7026
G0 F1800 X91.112 Y73.727
G0 F1800 X90.812 Y73.818
G1 F3000 E26.7026
G0 F4200 X90.575 Y71.342
;TYPE:SOLID-FILL
;WIDTH:0.400
G1 F900 Z0.600
G1 F1500 E31.7026
G1 F2400 X91.408 Y72.175 E31.7418
G1 X91.415 Y72.250 E31.7443
G1 X91.397 Y72.428 E31.7503
G1 X91.344 Y72.602 E31.7563
G1 X91.319 Y72.651 E31.7581
G1 X89.997 Y71.330 E31.8203
G1 X89.432 Y71.330 E31.8391
G1 X91.066 Y72.964 E31.9160
G1 X91.006 Y73.015 E31.9186
G1 X90.851 Y73.095 E31.9244
G1 X90.682 Y73.146 E31.9302
G1 X88.866 Y71.330 E32.0157
G1 X88.300 Y71.330 E32.0345
G1 X90.140 Y73.169 E32.1210
G1 X89.574 Y73.169 E32.1398
G1 X88.087 Y71.683 E32.2098
G0 F2400 X87.734 Y71.330
G1 F3000 E27.2098
G1 F900 Z0.900
G0 F4200 X82.146 Y73.095
G1 F900 Z0.600
G1 F1500 E32.2098
G1 F2400 X81.657 Y72.606 E32.2328
G1 X81.652 Y72.597 E32.2331
G1 X81.601 Y72.426 E32.2390
G1 X81.583 Y72.250 E32.2449
G1 X81.601 Y72.071 E32.2509
G1 X81.621 Y72.004 E32.2532
G1 X82.786 Y73.169 E32.3080
G1 X83.352 Y73.169 E32.3269
G1 X81.820 Y71.638 E32.3989
G1 X81.851 Y71.602 E32.4005
G1 X81.992 Y71.484 E32.4066
G1 X82.146 Y71.405 E32.4123
G1 X82.151 Y71.403 E32.4125
G1 X83.918 Y73.169 E32.4956
G1 X84.483 Y73.169 E32.5144
G1 X82.643 Y71.330 E32.6009
G1 X83.209 Y71.330 E32.6198
G1 X85.049 Y73.169 E32.7063
G1 X85.615 Y73.169 E32.7251
G1 X83.775 Y71.330 E32.8116
G1 X84.340 Y71.330 E32.8304
G1 X86.180 Y73.169 E32.9169
G1 X86.746 Y73.169 E32.9358
G1 X84.906 Y71.330 E33.0223
G1 X85.472 Y71.330 E33.0411
G1 X87.312 Y73.169 E33.1276
G1 X87.877 Y73.169 E33.1464
G1 X85.579 Y70.871 E33.2545
G1 X85.579 Y70.306 E33.2733
G1 X88.443 Y73.169 E33.4080
G1 X89.009 Y73.169 E33.4268
G1 X85.579 Y69.740 E33.5882
G1 X85.579 Y69.174 E33.6070
G1 X87.419 Y71.014 E33.6935
G1 X87.419 Y70.449 E33.7123
G1 X85.579 Y68.609 E33.7989
G1 X85.579 Y68.043 E33.8177
G1 X87.419 Y69.883 E33.9042
G1 X87.419 Y69.317 E33.9231
G1 X85.579 Y67.477 E34.0096
G1 X85.579 Y66.912 E34.0284
G1 X87.419 Y68.751 E34.1149
G1 X87.419 Y68.186 E34.1337
G1 X85.579 Y66.346 E34.2203
G1 X85.579 Y65.780 E34.2391
G1 X87.419 Y67.620 E34.3256
G1 X87.419 Y67.054 E34.3445
G1 X85.579 Y65.215 E34.4310
G1 X85.579 Y64.649 E34.4498
G1 X87.419 Y66.489 E34.5364
G1 X87.419 Y65.923 E34.5552
G1 X85.579 Y64.083 E34.6417
G1 X85.579 Y63.517 E34.6606
G1 X87.419 Y65.357 E34.7471
G1 X87.419 Y64.792 E34.7659
G1 X85.579 Y62.952 E34.8525
G1 X85.579 Y62.386 E34.8713
G1 X87.419 Y64.226 E34.9578
G1 X87.419 Y63.660 E34.9766
G1 X85.579 Y61.820 E35.0632
G1 X85.579 Y61.255 E35.0820
G1 X87.419 Y63.095 E35.1685
G1 X87.419 Y62.529 E35.1874
G1 X85.579 Y60.689 E35.2739
G1 X85.579 Y60.642 E35.2755
G1 X85.742 Y60.286 E35.2885
G1 X87.419 Y61.963 E35.3674
G1 X87.419 Y61.398 E35.3862
G1 X85.919 Y59.898 E35.4567
G1 X86.097 Y59.510 E35.4709
G1 X87.419 Y60.832 E35.5331
G1 X87.419 Y60.642 E35.5394
G1 X87.103 Y59.950 E35.5647
G1 X86.274 Y59.121 E35.6037
G1 X86.318 Y59.026 E35.6072
G0 F2400 X86.422 Y58.798
G0 F2400 X86.517 Y58.798
G0 F2400 X86.626 Y58.908
G1 F3000 E30.6072
G1 F900 Z0.900
G0 F4200 X98.130 Y73.450
;TYPE:WALL-INNER
;WIDTH:0.400
G1 F900 Z0.600
G1 F1500 E35.6072
G1 F2400 X97.867 Y73.424 E35.6160
G1 X97.642 Y73.356 E35.6238
G1 X97.435 Y73.246 E35.6316
G1 X97.253 Y73.097 E35.6394
G1 X97.117 Y72.931 E35.6466
G1 X96.993 Y72.705 E35.6551
G1 X96.926 Y72.484 E35.6628
G1 X96.903 Y72.250 E35.6706
G1 X96.926 Y72.017 E35.6784
G1 X96.994 Y71.792 E35.6862
G1 X97.104 Y71.585 E35.6940
G1 X97.253 Y71.403 E35.7019
G1 X97.435 Y71.254 E35.7097
G1 X97.642 Y71.144 E35.7175
G1 X97.867 Y71.076 E35.7253
G1 X98.130 Y71.050 E35.7341
G1 X100.900 Y71.050 E35.8262
G1 X100.900 Y60.581 E36.1744
G1 X101.865 Y58.471 E36.2516
G1 X101.936 Y58.403 E36.2549
G1 X102.025 Y58.364 E36.2581
G1 X102.206 Y58.372 E36.2641
G1 X102.335 Y58.471 E36.2695
G1 X103.300 Y60.581 E36.3467
G1 X103.300 Y71.050 E36.6949
G1 X106.070 Y71.050 E36.7870
G1 X106.333 Y71.076 E36.7958
G1 X106.558 Y71.144 E36.8036
G1 X106.765 Y71.254 E36.8114
G1 X106.947 Y71.403 E36.8193
G1 X107.083 Y71.569 E36.8264
G1 X107.207 Y71.795 E36.8350
G1 X107.274 Y72.016 E36.8427
G1 X107.297 Y72.250 E36.8505
G1 X107.274 Y72.483 E36.8583
G1 X107.206 Y72.708 E36.8661
G1 X107.096 Y72.915 E36.8739
G1 X106.947 Y73.097 E36.8817
G1 X106.765 Y73.246 E36.8895
G1 X106.558 Y73.356 E36.8973
G1 X106.333 Y73.424 E36.9051
G1 X106.070 Y73.450 E36.9139
G1 X98.630 Y73.450 E37.1614
G0 F2400 X98.130 Y73.450
G1 F3000 E32.1614
G0 F4200 X98.110 Y73.850
;TYPE:WALL-OUTER
;WIDTH:0.400
G1 F900 Z0.600
G1 F1500 E37.1614
G1 F1800 X97.788 Y73.818 E37.1721
G1 X97.488 Y73.727 E37.1826
G1 X97.212 Y73.580 E37.1930
G1 X96.969 Y73.381 E37.2034
G1 X96.784 Y73.156 E37.2131
G1 X96.622 Y72.861 E37.2243
G1 X96.532 Y72.562 E37.2347
G1 X96.501 Y72.250 E37.2451
G1 X96.532 Y71.938 E37.2555
G1 X96.623 Y71.638 E37.2660
G1 X96.770 Y71.362 E37.2764
G1 X96.969 Y71.119 E37.2868
G1 X97.212 Y70.920 E37.2973
G1 X97.488 Y70.773 E37.3077
G1 X97.788 Y70.682 E37.3181
G1 X98.110 Y70.650 E37.3289
G1 X100.500 Y70.650 E37.4083
G1 X100.500 Y60.494 E37.7461
G1 X101.523 Y58.257 E37.8279
G1 X101.606 Y58.156 E37.8323
G1 X101.712 Y58.069 E37.8369
G1 X101.833 Y58.004 E37.8414
G1 X101.963 Y57.964 E37.8460
G1 X102.227 Y57.962 E37.8547
G1 X102.357 Y58.000 E37.8592
G1 X102.489 Y58.070 E37.8642
G1 X102.594 Y58.156 E37.8687
G1 X102.677 Y58.257 E37.8731
G1 X103.700 Y60.494 E37.9549
G1 X103.700 Y70.650 E38.2927
G1 X106.090 Y70.650 E38.3722
G1 X106.412 Y70.682 E38.3829
G1 X106.712 Y70.773 E38.3934
G1 X106.988 Y70.920 E38.4038
G1 X107.231 Y71.119 E38.4142
G1 X107.416 Y71.344 E38.4239
G1 X107.578 Y71.639 E38.4351
G1 X107.668 Y71.938 E38.4455
G1 X107.699 Y72.250 E38.4559
G1 X107.668 Y72.562 E38.4663
G1 X107.577 Y72.862 E38.4768
G1 X107.430 Y73.138 E38.4872
G1 X107.231 Y73.381 E38.4976
G1 X106.988 Y73.580 E38.5080
G1 X106.712 Y73.727 E38.5184
G1 X106.412 Y73.818 E38.5289
G1 X106.090 Y73.850 E38.5396
G1 X98.610 Y73.850 E38.7884
G0 F1800 X98.110 Y73.850
G1 F3000 E33.7884
G0 F4200 X98.050 Y73.160
;TYPE:SOLID-FILL
;WIDTH:0.400
G1 F900 Z0.600
G1 F1500 E38.7884
G1 F2400 X97.188 Y72.298 E38.8290
G1 X97.183 Y72.249 E38.8306
G1 X97.201 Y72.071 E38.8366
G1 X97.254 Y71.897 E38.8426
G1 X97.287 Y71.832 E38.8450
G1 X98.625 Y73.169 E38.9079
G1 X99.191 Y73.169 E38.9268
G1 X97.546 Y71.524 E39.0041
G1 X97.592 Y71.484 E39.0062
G1 X97.746 Y71.405 E39.0119
G1 X97.920 Y71.352 E39.0180
G1 X97.937 Y71.350 E39.0185
G1 X99.757 Y73.169 E39.1041
G1 X100.322 Y73.169 E39.1229
G1 X98.483 Y71.330 E39.2094
G1 X99.048 Y71.330 E39.2282
G1 X100.888 Y73.169 E39.3147
G1 X101.454 Y73.169 E39.3336
G1 X99.614 Y71.330 E39.4201
G1 X100.180 Y71.330 E39.4389
G1 X102.019 Y73.169 E39.5254
G1 X102.585 Y73.169 E39.5442
G1 X100.745 Y71.330 E39.6308
G1 X101.179 Y71.329 E39.6452
G1 X101.179 Y71.197 E39.6496
G1 X103.151 Y73.169 E39.7423
G1 X103.717 Y73.169 E39.7612
G1 X101.179 Y70.632 E39.8805
G1 X101.179 Y70.066 E39.8994
G1 X104.282 Y73.169 E40.0453
G1 X104.848 Y73.169 E40.0641
G1 X101.179 Y69.500 E40.2367
G1 X101.179 Y68.935 E40.2555
G1 X103.019 Y70.775 E40.3421
G1 X103.019 Y70.210 E40.3608
G1 X101.179 Y68.369 E40.4474
G1 X101.179 Y67.803 E40.4662
G1 X103.019 Y69.644 E40.5528
G1 X103.019 Y69.078 E40.5716
G1 X101.179 Y67.238 E40.6582
G1 X101.179 Y66.672 E40.6770
G1 X103.019 Y68.512 E40.7636
G1 X103.019 Y67.947 E40.7824
G1 X101.179 Y66.106 E40.8689
G1 X101.179 Y65.541 E40.8877
G1 X103.019 Y67.381 E40.9743
G1 X103.019 Y66.815 E40.9931
G1 X101.179 Y64.975 E41.0796
G1 X101.179 Y64.409 E41.0985
G1 X103.019 Y66.250 E41.1850
G1 X103.019 Y65.684 E41.2039
G1 X101.179 Y63.843 E41.2904
G1 X101.179 Y63.278 E41.3092
G1 X103.019 Y65.118 E41.3958
G1 X103.019 Y64.553 E41.4146
G1 X101.179 Y62.712 E41.5011
G1 X101.179 Y62.146 E41.5200
G1 X103.019 Y63.987 E41.6065
G1 X103.019 Y63.421 E41.6254
G1 X101.179 Y61.581 E41.7119
G1 X101.179 Y61.015 E41.7307
G1 X103.019 Y62.856 E41.8173
G1 X103.019 Y62.290 E41.8361
G1 X101.239 Y60.509 E41.9199
G1 X101.416 Y60.121 E41.9341
G1 X103.019 Y61.724 E42.0095
G1 X103.019 Y61.159 E42.0283
G1 X101.594 Y59.733 E42.0953
G1 X101.771 Y59.345 E42.1095
G1 X102.978 Y60.551 E42.1662
G1 X102.500 Y59.508 E42.2044
G1 X102.302 Y59.310 E42.2137
G0 F2400 X101.949 Y58.957
G1 F3000 E37.2137
G1 F900 Z0.900
G0 F4200 X103.574 Y71.330
G1 F900 Z0.600
G1 F1500 E42.2137
G1 F2400 X105.414 Y73.169 E42.3002
G1 X105.979 Y73.169 E42.3190
G1 X104.139 Y71.330 E42.4056
G1 X104.705 Y71.330 E42.4244
G1 X106.464 Y73.088 E42.5071
G1 X106.606 Y73.014 E42.5124
G1 X106.746 Y72.897 E42.5185
G1 X106.788 Y72.847 E42.5207
G1 X105.271 Y71.330 E42.5920
G1 X105.836 Y71.330 E42.6108
G1 X106.983 Y72.476 E42.6647
G1 X106.997 Y72.429 E42.6664
G1 X107.015 Y72.250 E42.6723
G1 X106.997 Y72.074 E42.6782
G1 X106.946 Y71.903 E42.6842
G1 X106.911 Y71.839 E42.6866
G1 X106.858 Y71.786 E42.6891
G0 F2400 X106.505 Y71.432
G1 F3000 E37.6891
G1 F900 Z0.900
G0 F4200 X103.715 Y71.188
;TYPE:SOLID-FILL
;WIDTH:0.400
G1 F900 Z0.600
G1 F1500 E42.6891
G1 F3000 X103.656 Y71.129 E42.6919
G1 F3000 E37.6919
G1 F900 Z0.900
G0 F4200 X102.089 Y58.815
G1 F900 Z0.600
G1 F1500 E42.6919
G1 F3000 X101.887 Y58.612 E42.7014
;LAYER:3
;Z:0.800
;HEIGHT:0.200
G1 F3000 E37.7014
G0 F900 Z0.800
G0 F4200 X98.130 Y73.450
;TYPE:WALL-INNER
;WIDTH:0.400
G1 F900 Z0.800
G1 F1500 E42.7014
G1 F2400 X97.867 Y73.424 E42.7102
G1 X97.642 Y73.356 E42.7180
G1 X97.435 Y73.246 E42.7258
G1 X97.253 Y73.097 E42.7336
G1 X97.122 Y72.937 E42.7405
G1 X96.993 Y72.704 E42.7493
G1 X96.926 Y72.484 E42.7570
G1 X96.903 Y72.250 E42.7648
G1 X96.926 Y72.017 E42.7726
G1 X96.994 Y71.792 E42.7804
G1 X97.104 Y71.585 E42.7882
G1 X97.253 Y71.403 E42.7960
G1 X97.435 Y71.254 E42.8039
G1 X97.616 Y71.158 E42.8107
G1 X97.872 Y71.076 E42.8196
G1 X98.130 Y71.050 E42.8282
G1 X100.900 Y71.050 E42.9204
G1 X100.900 Y60.581 E43.2686
G1 X101.865 Y58.471 E43.3457
G1 X101.988 Y58.375 E43.3509
G1 X102.042 Y58.358 E43.3528
G1 X102.158 Y58.358 E43.3567
G1 X102.264 Y58.403 E43.3605
G1 X102.335 Y58.471 E43.3638
G1 X103.300 Y60.581 E43.4409
G1 X103.300 Y71.050 E43.7891
G1 X106.070 Y71.050 E43.8813
G1 X106.334 Y71.076 E43.8901
G1 X106.532 Y71.136 E43.8970
G1 X106.769 Y71.257 E43.9058
G1 X106.947 Y71.403 E43.9135
G1 X107.096 Y71.585 E43.9213
G1 X107.206 Y71.792 E43.9291
G1 X107.274 Y72.017 E43.9369
G1 X107.297 Y72.250 E43.9447
G1 X107.274 Y72.483 E43.9525
G1 X107.206 Y72.708 E43.9603
G1 X107.096 Y72.915 E43.9681
G1 X106.947 Y73.097 E43.9759
G1 X106.765 Y73.246 E43.9838
G1 X106.558 Y73.356 E43.9916
G1 X106.333 Y73.424 E43.9994
G1 X106.070 Y73.450 E44.0082
G1 X98.630 Y73.450 E44.2556
G0 F2400 X98.130 Y73.450
G1 F3000 E39.2556
G0 F4200 X98.110 Y73.850
;TYPE:WALL-OUTER
;WIDTH:0.400
G1 F900 Z0.800
G1 F1500 E44.2556
G1 F1800 X97.788 Y73.818 E44.2664
G1 X97.488 Y73.727 E44.2768
G1 X97.212 Y73.580 E44.2872
G1 X96.969 Y73.381 E44.2977
G1 X96.790 Y73.163 E44.3070
G1 X96.622 Y72.861 E44.3185
G1 X96.532 Y72.562 E44.3289
G1 X96.501 Y72.250 E44.3393
G1 X96.532 Y71.938 E44.3498
G1 X96.623 Y71.638 E44.3602
G1 X96.770 Y71.362 E44.3706
G1 X96.969 Y71.119 E44.3811
G1 X97.212 Y70.920 E44.3915
G1 X97.459 Y70.788 E44.4008
G1 X97.790 Y70.682 E44.4124
G1 X98.110 Y70.650 E44.4231
G1 X100.500 Y70.650 E44.5026
G1 X100.500 Y60.494 E44.8404
G1 X101.523 Y58.257 E44.9222
G1 X101.606 Y58.156 E44.9265
G1 X101.712 Y58.069 E44.9311
G1 X101.833 Y58.004 E44.9356
G1 X101.963 Y57.964 E44.9402
G1 X102.100 Y57.951 E44.9447
G1 X102.237 Y57.964 E44.9493
G1 X102.367 Y58.004 E44.9538
G1 X102.488 Y58.069 E44.9584
G1 X102.594 Y58.156 E44.9630
G1 X102.677 Y58.257 E44.9673
G1 X103.700 Y60.494 E45.0491
G1 X103.700 Y70.650 E45.3869
G1 X106.090 Y70.650 E45.4664
G1 X106.412 Y70.682 E45.4772
G1 X106.682 Y70.763 E45.4866
G1 X106.990 Y70.921 E45.4981
G1 X107.231 Y71.119 E45.5084
G1 X107.430 Y71.362 E45.5189
G1 X107.577 Y71.638 E45.5293
G1 X107.668 Y71.938 E45.5397
G1 X107.699 Y72.250 E45.5501
G1 X107.668 Y72.562 E45.5606
G1 X107.577 Y72.862 E45.5710
G1 X107.430 Y73.138 E45.5814
G1 X107.231 Y73.381 E45.5918
G1 X106.988 Y73.580 E45.6023
G1 X106.712 Y73.727 E45.6127
G1 X106.412 Y73.818 E45.6231
G1 X106.090 Y73.850 E45.6339
G1 X98.610 Y73.850 E45.8827
G0 F1800 X98.110 Y73.850
G1 F3000 E40.8827
G0 F4200 X97.718 Y71.421
;TYPE:SOLID-FILL
;WIDTH:0.400
G1 F900 Z0.800
G1 F1500 E45.8827
G1 F2400 X97.266 Y71.873 E45.9039
G1 X97.254 Y71.897 E45.9048
G1 X97.201 Y72.071 E45.9109
G1 X97.183 Y72.249 E45.9168
G1 X97.201 Y72.431 E45.9229
G1 X97.218 Y72.486 E45.9248
G1 X98.376 Y71.329 E45.9793
G1 X98.941 Y71.329 E45.9981
G1 X97.416 Y72.854 E46.0698
G1 X97.449 Y72.895 E46.0715
G1 X97.592 Y73.015 E46.0777
G1 X97.743 Y73.093 E46.0834
G1 X99.507 Y71.329 E46.1664
G1 X100.073 Y71.329 E46.1852
G1 X98.232 Y73.169 E46.2718
G1 X98.798 Y73.169 E46.2906
G1 X100.285 Y71.682 E46.3605
G0 F2400 X100.638 Y71.329
G1 F3000 E41.3605
G1 F900 Z1.100
G0 F4200 X106.162 Y73.160
G1 F900 Z0.800
G1 F1500 E46.3605
G1 F2400 X107.008 Y72.313 E46.4004
G1 X107.015 Y72.250 E46.4025
G1 X106.997 Y72.070 E46.4085
G1 X106.944 Y71.897 E46.4145
G1 X106.915 Y71.841 E46.4166
G1 X105.586 Y73.169 E46.4791
G1 X105.020 Y73.169 E46.4979
G1 X106.660 Y71.530 E46.5750
G1 X106.615 Y71.493 E46.5770
G1 X106.428 Y71.396 E46.5840
G1 X106.277 Y71.352 E46.5892
G1 X106.273 Y71.351 E46.5893
G1 X104.455 Y73.169 E46.6749
G1 X103.889 Y73.169 E46.6937
G1 X105.729 Y71.330 E46.7802
G1 X105.163 Y71.330 E46.7990
G1 X103.323 Y73.169 E46.8856
G1 X102.758 Y73.169 E46.9043
G1 X104.598 Y71.330 E46.9909
G1 X104.032 Y71.330 E47.0097
G1 X102.192 Y73.169 E47.0962
G1 X101.626 Y73.169 E47.1150
G1 X103.466 Y71.330 E47.2016
G1 X103.019 Y71.330 E47.2164
G1 X103.019 Y71.211 E47.2204
G1 X101.061 Y73.169 E47.3125
G1 X100.495 Y73.169 E47.3313
G1 X103.019 Y70.645 E47.4500
G1 X103.019 Y70.079 E47.4689
G1 X99.929 Y73.169 E47.6142
G1 X99.364 Y73.169 E47.6330
G1 X103.019 Y69.514 E47.8049
G1 X103.019 Y68.948 E47.8237
G1 X101.179 Y70.789 E47.9103
G1 X101.179 Y70.223 E47.9291
G1 X103.019 Y68.382 E48.0157
G1 X103.019 Y67.817 E48.0345
G1 X101.179 Y69.657 E48.1211
G1 X101.179 Y69.092 E48.1398
G1 X103.019 Y67.251 E48.2264
G1 X103.019 Y66.685 E48.2452
G1 X101.179 Y68.526 E48.3318
G1 X101.179 Y67.960 E48.3506
G1 X103.019 Y66.120 E48.4372
G1 X103.019 Y65.554 E48.4560
G1 X101.179 Y67.395 E48.5426
G1 X101.179 Y66.829 E48.5614
G1 X103.019 Y64.988 E48.6480
G1 X103.019 Y64.423 E48.6668
G1 X101.179 Y66.263 E48.7533
G1 X101.179 Y65.697 E48.7721
G1 X103.019 Y63.857 E48.8587
G1 X103.019 Y63.291 E48.8775
G1 X101.179 Y65.132 E48.9641
G1 X101.179 Y64.566 E48.9829
G1 X103.019 Y62.726 E49.0695
G1 X103.019 Y62.160 E49.0883
G1 X101.179 Y64.000 E49.1748
G1 X101.179 Y63.435 E49.1936
G1 X103.019 Y61.594 E49.2802
G1 X103.019 Y61.028 E49.2990
G1 X101.179 Y62.869 E49.3856
G1 X101.179 Y62.303 E49.4044
G1 X102.963 Y60.519 E49.4883
G1 X102.785 Y60.131 E49.5025
G1 X101.179 Y61.738 E49.5781
G1 X101.179 Y61.172 E49.5969
G1 X102.607 Y59.744 E49.6641
G1 X102.430 Y59.355 E49.6783
G1 X101.210 Y60.575 E49.7357
G1 X101.686 Y59.533 E49.7738
G1 X101.899 Y59.320 E49.7838
G0 F2400 X102.252 Y58.967
G0 F4200 X102.111 Y58.826
;TYPE:SOLID-FILL
;WIDTH:0.400
G1 F3000 X102.314 Y58.622 E49.7934
G1 F3000 E44.7934
G1 F900 Z1.100
G0 F4200 X100.555 Y71.129
G1 F900 Z0.800
G1 F1500 E49.7934
G1 F3000 X100.496 Y71.188 E49.7962
G1 F3000 E44.7962
G1 F900 Z1.100
G0 F4200 X90.733 Y73.424
;TYPE:WALL-INNER
;WIDTH:0.400
G1 F900 Z0.800
G1 F1500 E49.7962
G1 F2400 X90.470 Y73.450 E49.8050
G1 X82.530 Y73.450 E50.0690
G1 X82.267 Y73.424 E50.0778
G1 X82.042 Y73.356 E50.0856
G1 X81.835 Y73.246 E50.0934
G1 X81.653 Y73.097 E50.1013
G1 X81.522 Y72.937 E50.1081
G1 X81.393 Y72.704 E50.1170
G1 X81.326 Y72.484 E50.1246
G1 X81.303 Y72.250 E50.1325
G1 X81.326 Y72.017 E50.1403
G1 X81.394 Y71.792 E50.1481
G1 X81.504 Y71.585 E50.1559
G1 X81.653 Y71.403 E50.1637
G1 X81.835 Y71.254 E50.1715
G1 X82.016 Y71.158 E50.1783
G1 X82.272 Y71.076 E50.1873
G1 X82.530 Y71.050 E50.1959
G1 X85.300 Y71.050 E50.2880
G1 X85.300 Y60.581 E50.6362
G1 X86.265 Y58.471 E50.7134
G1 X86.388 Y58.375 E50.7186
G1 X86.442 Y58.358 E50.7205
G1 X86.558 Y58.358 E50.7243
G1 X86.664 Y58.403 E50.7282
G1 X86.735 Y58.471 E50.7314
G1 X87.700 Y60.581 E50.8086
G1 X87.700 Y71.050 E51.1568
G1 X90.470 Y71.050 E51.2489
G1 X90.734 Y71.076 E51.2578
G1 X90.932 Y71.136 E51.2646
G1 X91.169 Y71.257 E51.2735
G1 X91.347 Y71.403 E51.2811
G1 X91.496 Y71.585 E51.2890
G1 X91.606 Y71.792 E51.2968
G1 X91.674 Y72.017 E51.3046
G1 X91.697 Y72.250 E51.3124
G1 X91.674 Y72.483 E51.3202
G1 X91.606 Y72.708 E51.3280
G1 X91.496 Y72.915 E51.3358
G1 X91.347 Y73.097 E51.3436
G1 X91.189 Y73.227 E51.3504
G0 F2400 X91.165 Y73.246
G0 F2400 X90.958 Y73.356
G0 F2400 X90.733 Y73.424
G1 F3000 E46.3504
G0 F4200 X90.812 Y73.818
;TYPE:WALL-OUTER
;WIDTH:0.400
G1 F900 Z0.800
G1 F1500 E51.3504
G1 F1800 X90.490 Y73.850 E51.3612
G1 X82.510 Y73.850 E51.6266
G1 X82.188 Y73.818 E51.6373
G1 X81.888 Y73.727 E51.6478
G1 X81.612 Y73.580 E51.6582
G1 X81.369 Y73.381 E51.6686
G1 X81.190 Y73.163 E51.6780
G1 X81.022 Y72.861 E51.6895
G1 X80.932 Y72.562 E51.6999
G1 X80.901 Y72.250 E51.7103
G1 X80.932 Y71.938 E51.7207
G1 X81.023 Y71.638 E51.7312
G1 X81.170 Y71.362 E51.7416
G1 X81.369 Y71.119 E51.7520
G1 X81.612 Y70.920 E51.7625
G1 X81.859 Y70.788 E51.7718
G1 X82.190 Y70.682 E51.7833
G1 X82.510 Y70.650 E51.7940
G1 X84.900 Y70.650 E51.8735
G1 X84.900 Y60.494 E52.2113
G1 X85.923 Y58.257 E52.2931
G1 X86.006 Y58.156 E52.2975
G1 X86.112 Y58.069 E52.3020
G1 X86.233 Y58.004 E52.3066
G1 X86.363 Y57.964 E52.3111
G1 X86.500 Y57.951 E52.3157
G1 X86.637 Y57.964 E52.3203
G1 X86.767 Y58.004 E52.3248
G1 X86.888 Y58.069 E52.3294
G1 X86.994 Y58.156 E52.3339
G1 X87.077 Y58.257 E52.3383
G1 X88.100 Y60.494 E52.4201
G1 X88.100 Y70.650 E52.7579
G1 X90.490 Y70.650 E52.8374
G1 X90.812 Y70.682 E52.8481
G1 X91.082 Y70.763 E52.8575
G1 X91.390 Y70.921 E52.8690
G1 X91.631 Y71.119 E52.8794
G1 X91.830 Y71.362 E52.8898
G1 X91.977 Y71.638 E52.9002
G1 X92.068 Y71.938 E52.9107
G1 X92.099 Y72.250 E52.9211
G1 X92.068 Y72.562 E52.9315
G1 X91.977 Y72.862 E52.9420
G1 X91.830 Y73.138 E52.9524
G1 X91.631 Y73.381 E52.9628
G1 X91.388 Y73.580 E52.9732
G1 X91.277 Y73.639 E52.9774
G0 F1800 X91.112 Y73.727
G0 F1800 X90.812 Y73.818
G1 F3000 E47.9774
G0 F4200 X90.313 Y73.169
;TYPE:SOLID-FILL
;WIDTH:0.400
G1 F900 Z0.800
G1 F1500 E52.9774
G1 F2400 X91.398 Y72.084 E53.0285
G1 X91.397 Y72.071 E53.0289
G1 X91.344 Y71.897 E53.0349
G1 X91.264 Y71.743 E53.0407
G1 X91.223 Y71.694 E53.0428
G1 X89.747 Y73.169 E53.1122
G1 X89.181 Y73.169 E53.1311
G1 X90.912 Y71.439 E53.2125
G1 X90.828 Y71.397 E53.2156
G1 X90.677 Y71.352 E53.2208
G1 X90.456 Y71.329 E53.2282
G1 X88.616 Y73.169 E53.3148
G1 X88.050 Y73.169 E53.3336
G1 X89.890 Y71.329 E53.4201
G1 X89.325 Y71.329 E53.4389
G1 X87.484 Y73.169 E53.5255
G1 X86.918 Y73.169 E53.5443
G1 X88.759 Y71.329 E53.6309
G1 X88.193 Y71.329 E53.6497
G1 X86.353 Y73.169 E53.7363
G1 X85.787 Y73.169 E53.7551
G1 X87.628 Y71.329 E53.8417
G1 X87.419 Y71.330 E53.8486
G1 X87.419 Y70.972 E53.8605
G1 X85.221 Y73.169 E53.9639
G1 X84.656 Y73.169 E53.9827
G1 X87.419 Y70.406 E54.1127
G1 X87.419 Y69.840 E54.1315
G1 X84.090 Y73.169 E54.2881
G1 X83.524 Y73.169 E54.3069
G1 X85.364 Y71.330 E54.3934
G1 X84.799 Y71.330 E54.4122
G1 X82.959 Y73.169 E54.4987
G1 X82.543 Y73.169 E54.5126
G1 X82.406 Y73.157 E54.5171
G1 X84.233 Y71.330 E54.6031
G1 X83.667 Y71.330 E54.6219
G1 X81.986 Y73.010 E54.7009
G1 X81.849 Y72.895 E54.7069
G1 X81.753 Y72.778 E54.7119
G1 X81.718 Y72.713 E54.7144
G1 X83.102 Y71.330 E54.7795
G1 X82.543 Y71.330 E54.7981
G1 X82.535 Y71.330 E54.7983
G1 X81.939 Y71.926 E54.8264
G0 F2400 X81.586 Y72.279
G1 F3000 E49.8264
G1 F900 Z1.100
G0 F4200 X85.579 Y71.115
G1 F900 Z0.800
G1 F1500 E54.8264
G1 F2400 X87.419 Y69.275 E54.9129
G1 X87.419 Y68.709 E54.9317
G1 X85.579 Y70.549 E55.0183
G1 X85.579 Y69.983 E55.0371
G1 X87.419 Y68.143 E55.1236
G1 X87.419 Y67.578 E55.1424
G1 X85.579 Y69.418 E55.2290
G1 X85.579 Y68.852 E55.2478
G1 X87.419 Y67.012 E55.3344
G1 X87.419 Y66.446 E55.3532
G1 X85.579 Y68.286 E55.4397
G1 X85.579 Y67.721 E55.4585
G1 X87.419 Y65.881 E55.5451
G1 X87.419 Y65.315 E55.5639
G1 X85.579 Y67.155 E55.6504
G1 X85.579 Y66.589 E55.6693
G1 X87.419 Y64.749 E55.7558
G1 X87.419 Y64.184 E55.7746
G1 X85.579 Y66.023 E55.8611
G1 X85.579 Y65.458 E55.8799
G1 X87.419 Y63.618 E55.9665
G1 X87.419 Y63.052 E55.9853
G1 X85.579 Y64.892 E56.0718
G1 X85.579 Y64.326 E56.0907
G1 X87.419 Y62.487 E56.1772
G1 X87.419 Y61.921 E56.1960
G1 X85.579 Y63.761 E56.2826
G1 X85.579 Y63.195 E56.3014
G1 X87.419 Y61.355 E56.3879
G1 X87.419 Y60.789 E56.4068
G1 X85.579 Y62.629 E56.4933
G1 X85.579 Y62.064 E56.5121
G1 X87.288 Y60.355 E56.5925
G1 X87.110 Y59.967 E56.6067
G1 X85.579 Y61.498 E56.6787
G1 X85.579 Y60.932 E56.6975
G1 X86.933 Y59.579 E56.7612
G1 X86.755 Y59.191 E56.7754
G1 X85.812 Y60.134 E56.8198
G1 X86.251 Y59.173 E56.8549
G0 F2400 X86.288 Y59.092
G0 F2400 X86.578 Y58.802
G1 F3000 E51.8549
G1 F900 Z1.100
G0 F4200 X81.445 Y72.138
;TYPE:SOLID-FILL
;WIDTH:0.400
G1 F900 Z0.800
G1 F1500 E56.8549
G1 F3000 X81.387 Y72.195 E56.8576
G1 F3000 E51.8576
G1 F900 Z1.100
G0 F4200 X90.395 Y73.370
G1 F900 Z0.800
G1 F1500 E56.8576
G1 F3000 X90.454 Y73.311 E56.8604
;LAYER:4
;Z:1.000
;HEIGHT:0.200
G0 F900 Z1.000
G0 F4200 X90.733 Y73.424
;TYPE:WALL-INNER
;WIDTH:0.400
G1 F2400 X90.470 Y73.450 E56.8692
G1 X82.530 Y73.450 E57.1332
G1 X82.267 Y73.424 E57.1420
G1 X82.042 Y73.356 E57.1499
G1 X81.835 Y73.246 E57.1577
G1 X81.653 Y73.097 E57.1655
G1 X81.528 Y72.944 E57.1720
G1 X81.392 Y72.702 E57.1813
G1 X81.326 Y72.484 E57.1889
G1 X81.303 Y72.250 E57.1967
G1 X81.326 Y72.017 E57.2045
G1 X81.394 Y71.792 E57.2123
G1 X81.504 Y71.585 E57.2201
G1 X81.653 Y71.403 E57.2279
G1 X81.835 Y71.254 E57.2357
G1 X82.009 Y71.161 E57.2423
G1 X82.273 Y71.076 E57.2515
G1 X82.530 Y71.050 E57.2601
G1 X85.300 Y71.050 E57.3522
G1 X85.300 Y60.581 E57.7004
G1 X86.265 Y58.471 E57.7776
G1 X86.388 Y58.375 E57.7828
G1 X86.442 Y58.358 E57.7847
G1 X86.558 Y58.358 E57.7885
G1 X86.664 Y58.403 E57.7924
G1 X86.735 Y58.471 E57.7956
G1 X87.700 Y60.581 E57.8728
G1 X87.700 Y71.050 E58.2210
G1 X90.470 Y71.050 E58.3131
G1 X90.734 Y71.076 E58.3220
G1 X90.924 Y71.133 E58.3286
G1 X91.170 Y71.258 E58.3377
G1 X91.347 Y71.403 E58.3453
G1 X91.496 Y71.585 E58.3532
G1 X91.606 Y71.792 E58.3610
G1 X91.674 Y72.017 E58.3688
G1 X91.697 Y72.250 E58.3766
G1 X91.674 Y72.483 E58.3844
G1 X91.606 Y72.708 E58.3922
G1 X91.496 Y72.915 E58.4000
G1 X91.347 Y73.097 E58.4078
G1 X91.189 Y73.227 E58.4146
G0 F2400 X91.165 Y73.246
G0 F2400 X90.958 Y73.356
G0 F2400 X90.733 Y73.424
G1 F3000 E53.4146
G0 F4200 X90.812 Y73.818
;TYPE:WALL-OUTER
;WIDTH:0.400
G1 F900 Z1.000
G1 F1500 E58.4146
G1 F1800 X90.490 Y73.850 E58.4254
G1 X82.510 Y73.850 E58.6908
G1 X82.188 Y73.818 E58.7015
G1 X81.888 Y73.727 E58.7120
G1 X81.612 Y73.580 E58.7224
G1 X81.369 Y73.381 E58.7328
G1 X81.196 Y73.170 E58.7419
G1 X81.022 Y72.860 E58.7537
G1 X80.932 Y72.562 E58.7641
G1 X80.901 Y72.250 E58.7745
G1 X80.932 Y71.938 E58.7849
G1 X81.023 Y71.638 E58.7953
G1 X81.170 Y71.362 E58.8058
G1 X81.369 Y71.119 E58.8162
G1 X81.612 Y70.920 E58.8266
G1 X81.852 Y70.792 E58.8357
G1 X82.190 Y70.682 E58.8475
G1 X82.510 Y70.650 E58.8582
G1 X84.900 Y70.650 E58.9377
G1 X84.900 Y60.494 E59.2755
G1 X85.923 Y58.257 E59.3573
G1 X86.006 Y58.156 E59.3617
G1 X86.112 Y58.069 E59.3662
G1 X86.233 Y58.004 E59.3708
G1 X86.363 Y57.964 E59.3753
G1 X86.500 Y57.951 E59.3799
G1 X86.637 Y57.964 E59.3845
G1 X86.767 Y58.004 E59.3890
G1 X86.888 Y58.069 E59.3936
G1 X86.994 Y58.156 E59.3981
G1 X87.077 Y58.257 E59.4025
G1 X88.100 Y60.494 E59.4843
G1 X88.100 Y70.650 E59.8221
G1 X90.490 Y70.650 E59.9016
G1 X90.812 Y70.682 E59.9123
G1 X91.073 Y70.760 E59.9214
G1 X91.390 Y70.921 E59.9332
G1 X91.631 Y71.119 E59.9436
G1 X91.830 Y71.362 E59.9540
G1 X91.977 Y71.638 E59.9644
G1 X92.068 Y71.938 E59.9749
G1 X92.099 Y72.250 E59.9853
G1 X92.068 Y72.562 E59.9957
G1 X91.977 Y72.862 E60.0061
G1 X91.830 Y73.138 E60.0165
G1 X91.631 Y73.381 E60.0270
G1 X91.388 Y73.580 E60.0374
G1 X91.277 Y73.639 E60.0416
G0 F1800 X91.112 Y73.727
G0 F1800 X90.812 Y73.818
G1 F3000 E55.0416
G0 F4200 X90.575 Y71.342
;TYPE:SOLID-FILL
;WIDTH:0.400
G1 F900 Z1.000
G1 F1500 E60.0416
G1 F2400 X91.408 Y72.175 E60.0808
G1 X91.415 Y72.250 E60.0833
G1 X91.397 Y72.428 E60.0892
G1 X91.344 Y72.602 E60.0953
G1 X91.319 Y72.651 E60.0971
G1 X89.997 Y71.330 E60.1593
G1 X89.432 Y71.330 E60.1781
G1 X91.066 Y72.964 E60.2549
G1 X91.006 Y73.015 E60.2576
G1 X90.851 Y73.095 E60.2634
G1 X90.682 Y73.146 E60.2692
G1 X88.866 Y71.330 E60.3546
G1 X88.300 Y71.330 E60.3735
G1 X90.140 Y73.169 E60.4600
G1 X89.574 Y73.169 E60.4788
G1 X88.087 Y71.683 E60.5487
G0 F2400 X87.734 Y71.330
G1 F3000 E55.5487
G1 F900 Z1.300
G0 F4200 X82.146 Y73.095
G1 F900 Z1.000
G1 F1500 E60.5487
G1 F2400 X81.663 Y72.612 E60.5715
G1 X81.649 Y72.587 E60.5724
G1 X81.600 Y72.431 E60.5779
G1 X81.583 Y72.250 E60.5839
G1 X81.601 Y72.071 E60.5899
G1 X81.621 Y72.004 E60.5922
G1 X82.786 Y73.169 E60.6470
G1 X83.352 Y73.169 E60.6658
G1 X81.820 Y71.638 E60.7379
G1 X81.850 Y71.603 E60.7394
G1 X81.991 Y71.487 E60.7455
G1 X82.120 Y71.419 E60.7503
G1 X82.155 Y71.407 E60.7516
G1 X83.918 Y73.169 E60.8345
G1 X84.483 Y73.169 E60.8533
G1 X82.643 Y71.330 E60.9398
G1 X83.209 Y71.330 E60.9586
G1 X85.049 Y73.169 E61.0451
G1 X85.615 Y73.169 E61.0640
G1 X83.775 Y71.330 E61.1505
G1 X84.340 Y71.330 E61.1693
G1 X86.180 Y73.169 E61.2558
G1 X86.746 Y73.169 E61.2746
G1 X84.906 Y71.330 E61.3611
G1 X85.472 Y71.330 E61.3800
G1 X87.312 Y73.169 E61.4665
G1 X87.877 Y73.169 E61.4853
G1 X85.579 Y70.871 E61.5934
G1 X85.579 Y70.306 E61.6122
G1 X88.443 Y73.169 E61.7469
G1 X89.009 Y73.169 E61.7657
G1 X85.579 Y69.740 E61.9270
G1 X85.579 Y69.174 E61.9458
G1 X87.419 Y71.014 E62.0324
G1 X87.419 Y70.449 E62.0512
G1 X85.579 Y68.609 E62.1377
G1 X85.579 Y68.043 E62.1565
G1 X87.419 Y69.883 E62.2431
G1 X87.419 Y69.317 E62.2619
G1 X85.579 Y67.477 E62.3485
G1 X85.579 Y66.912 E62.3672
G1 X87.419 Y68.751 E62.4538
G1 X87.419 Y68.186 E62.4726
G1 X85.579 Y66.346 E62.5591
G1 X85.579 Y65.780 E62.5779
G1 X87.419 Y67.620 E62.6645
G1 X87.419 Y67.054 E62.6833
G1 X85.579 Y65.215 E62.7698
G1 X85.579 Y64.649 E62.7887
G1 X87.419 Y66.489 E62.8752
G1 X87.419 Y65.923 E62.8940
G1 X85.579 Y64.083 E62.9806
G1 X85.579 Y63.517 E62.9994
G1 X87.419 Y65.357 E63.0860
G1 X87.419 Y64.792 E63.1047
G1 X85.579 Y62.952 E63.1913
G1 X85.579 Y62.386 E63.2101
G1 X87.419 Y64.226 E63.2967
G1 X87.419 Y63.660 E63.3155
G1 X85.579 Y61.820 E63.4020
G1 X85.579 Y61.255 E63.4208
G1 X87.419 Y63.095 E63.5074
G1 X87.419 Y62.529 E63.5262
G1 X85.579 Y60.689 E63.6128
G1 X85.579 Y60.642 E63.6143
G1 X85.742 Y60.286 E63.6273
G1 X87.419 Y61.963 E63.7062
G1 X87.419 Y61.398 E63.7250
G1 X85.919 Y59.898 E63.7956
G1 X86.097 Y59.510 E63.8098
G1 X87.419 Y60.832 E63.8719
G1 X87.419 Y60.642 E63.8783
G1 X87.103 Y59.950 E63.9036
G1 X86.274 Y59.121 E63.9426
G1 X86.318 Y59.026 E63.9460
G0 F2400 X86.422 Y58.798
G0 F2400 X86.517 Y58.798
G0 F2400 X86.626 Y58.908
G1 F3000 E58.9460
G1 F900 Z1.300
G0 F4200 X98.130 Y73.450
;TYPE:WALL-INNER
;WIDTH:0.400
G1 F900 Z1.000
G1 F1500 E63.9460
G1 F2400 X97.867 Y73.424 E63.9548
G1 X97.642 Y73.356 E63.9627
G1 X97.435 Y73.246 E63.9705
G1 X97.253 Y73.097 E63.9783
G1 X97.128 Y72.944 E63.9848
G1 X96.992 Y72.702 E63.9941
G1 X96.926 Y72.484 E64.0017
G1 X96.903 Y72.250 E64.0095
G1 X96.926 Y72.017 E64.0173
G1 X96.994 Y71.792 E64.0251
G1 X97.104 Y71.585 E64.0329
G1 X97.253 Y71.403 E64.0407
G1 X97.435 Y71.254 E64.0485
G1 X97.609 Y71.161 E64.0551
G1 X97.873 Y71.076 E64.0643
G1 X98.130 Y71.050 E64.0729
G1 X100.900 Y71.050 E64.1650
G1 X100.900 Y60.581 E64.5132
G1 X101.865 Y58.471 E64.5904
G1 X101.988 Y58.375 E64.5956
G1 X102.042 Y58.358 E64.5975
G1 X102.158 Y58.358 E64.6013
G1 X102.264 Y58.403 E64.6052
G1 X102.335 Y58.471 E64.6084
G1 X103.300 Y60.581 E64.6856
G1 X103.300 Y71.050 E65.0338
G1 X106.070 Y71.050 E65.1259
G1 X106.334 Y71.076 E65.1348
G1 X106.524 Y71.133 E65.1414
G1 X106.770 Y71.258 E65.1505
G1 X106.947 Y71.403 E65.1581
G1 X107.096 Y71.585 E65.1660
G1 X107.206 Y71.792 E65.1738
G1 X107.274 Y72.017 E65.1816
G1 X107.297 Y72.250 E65.1894
G1 X107.274 Y72.483 E65.1972
G1 X107.206 Y72.708 E65.2050
G1 X107.096 Y72.915 E65.2128
G1 X106.947 Y73.097 E65.2206
G1 X106.765 Y73.246 E65.2284
G1 X106.558 Y73.356 E65.2362
G1 X106.333 Y73.424 E65.2440
G1 X106.070 Y73.450 E65.2528
G1 X98.630 Y73.450 E65.5003
G0 F2400 X98.130 Y73.450
G1 F3000 E60.5003
G0 F4200 X98.110 Y73.850
;TYPE:WALL-OUTER
;WIDTH:0.400
G1 F900 Z1.000
G1 F1500 E65.5003
G1 F1800 X97.788 Y73.818 E65.5110
G1 X97.488 Y73.727 E65.5215
G1 X97.212 Y73.580 E65.5319
G1 X96.969 Y73.381 E65.5423
G1 X96.796 Y73.170 E65.5514
G1 X96.622 Y72.860 E65.5632
G1 X96.532 Y72.562 E65.5736
G1 X96.501 Y72.250 E65.5840
G1 X96.532 Y71.938 E65.5944
G1 X96.623 Y71.638 E65.6048
G1 X96.770 Y71.362 E65.6152
G1 X96.969 Y71.119 E65.6257
G1 X97.212 Y70.920 E65.6361
G1 X97.452 Y70.792 E65.6452
G1 X97.790 Y70.682 E65.6570
G1 X98.110 Y70.650 E65.6677
G1 X100.500 Y70.650 E65.7472
G1 X100.500 Y60.494 E66.0850
G1 X101.523 Y58.257 E66.1668
G1 X101.606 Y58.156 E66.1711
G1 X101.712 Y58.069 E66.1757
G1 X101.833 Y58.004 E66.1803
G1 X101.963 Y57.964 E66.1848
G1 X102.100 Y57.951 E66.1894
G1 X102.237 Y57.964 E66.1940
G1 X102.367 Y58.004 E66.1985
G1 X102.488 Y58.069 E66.2030
G1 X102.594 Y58.156 E66.2076
G1 X102.677 Y58.257 E66.2120
G1 X103.700 Y60.494 E66.2938
G1 X103.700 Y70.650 E66.6316
G1 X106.090 Y70.650 E66.7111
G1 X106.412 Y70.682 E66.7218
G1 X106.673 Y70.760 E66.7309
G1 X106.990 Y70.921 E66.7427
G1 X107.231 Y71.119 E66.7531
G1 X107.430 Y71.362 E66.7635
G1 X107.577 Y71.638 E66.7739
G1 X107.668 Y71.938 E66.7844
G1 X107.699 Y72.250 E66.7948
G1 X107.668 Y72.562 E66.8052
G1 X107.577 Y72.862 E66.8156
G1 X107.430 Y73.138 E66.8260
G1 X107.231 Y73.381 E66.8365
G1 X106.988 Y73.580 E66.8469
G1 X106.712 Y73.727 E66.8573
G1 X106.412 Y73.818 E66.8678
G1 X106.090 Y73.850 E66.8785
G1 X98.610 Y73.850 E67.1273
G0 F1800 X98.110 Y73.850
G1 F3000 E62.1273
G0 F4200 X98.050 Y73.160
;TYPE:SOLID-FILL
;WIDTH:0.400
G1 F900 Z1.000
G1 F1500 E67.1273
G1 F2400 X97.187 Y72.297 E67.1679
G1 X97.183 Y72.249 E67.1695
G1 X97.201 Y72.071 E67.1754
G1 X97.254 Y71.897 E67.1815
G1 X97.287 Y71.832 E67.1839
G1 X98.625 Y73.169 E67.2468
G1 X99.191 Y73.169 E67.2657
G1 X97.546 Y71.525 E67.3430
G1 X97.592 Y71.487 E67.3450
G1 X97.720 Y71.419 E67.3498
G1 X97.927 Y71.352 E67.3571
G1 X97.938 Y71.351 E67.3574
G1 X99.757 Y73.169 E67.4430
G1 X100.322 Y73.169 E67.4618
G1 X98.483 Y71.330 E67.5483
G1 X99.048 Y71.330 E67.5670
G1 X100.888 Y73.169 E67.6536
G1 X101.454 Y73.169 E67.6724
G1 X99.614 Y71.330 E67.7589
G1 X100.180 Y71.330 E67.7777
G1 X102.019 Y73.169 E67.8642
G1 X102.585 Y73.169 E67.8831
G1 X100.745 Y71.330 E67.9696
G1 X101.179 Y71.329 E67.9840
G1 X101.179 Y71.197 E67.9884
G1 X103.151 Y73.169 E68.0812
G1 X103.717 Y73.169 E68.1000
G1 X101.179 Y70.632 E68.2194
G1 X101.179 Y70.066 E68.2382
G1 X104.282 Y73.169 E68.3841
G1 X104.848 Y73.169 E68.4030
G1 X101.179 Y69.500 E68.5755
G1 X101.179 Y68.935 E68.5943
G1 X103.019 Y70.775 E68.6809
G1 X103.019 Y70.210 E68.6997
G1 X101.179 Y68.369 E68.7862
G1 X101.179 Y67.803 E68.8051
G1 X103.019 Y69.644 E68.8916
G1 X103.019 Y69.078 E68.9105
G1 X101.179 Y67.238 E68.9970
G1 X101.179 Y66.672 E69.0158
G1 X103.019 Y68.512 E69.1024
G1 X103.019 Y67.947 E69.1212
G1 X101.179 Y66.106 E69.2078
G1 X101.179 Y65.541 E69.2265
G1 X103.019 Y67.381 E69.3131
G1 X103.019 Y66.815 E69.3319
G1 X101.179 Y64.975 E69.4185
G1 X101.179 Y64.409 E69.4373
G1 X103.019 Y66.250 E69.5239
G1 X103.019 Y65.684 E69.5427
G1 X101.179 Y63.843 E69.6293
G1 X101.179 Y63.278 E69.6480
G1 X103.019 Y65.118 E69.7346
G1 X103.019 Y64.553 E69.7534
G1 X101.179 Y62.712 E69.8400
G1 X101.179 Y62.146 E69.8588
G1 X103.019 Y63.987 E69.9454
G1 X103.019 Y63.421 E69.9642
G1 X101.179 Y61.581 E70.0507
G1 X101.179 Y61.015 E70.0696
G1 X103.019 Y62.856 E70.1561
G1 X103.019 Y62.290 E70.1750
G1 X101.239 Y60.509 E70.2587
G1 X101.416 Y60.121 E70.2729
G1 X103.019 Y61.724 E70.3483
G1 X103.019 Y61.159 E70.3671
G1 X101.594 Y59.733 E70.4341
G1 X101.771 Y59.345 E70.4483
G1 X102.978 Y60.551 E70.5051
G1 X102.500 Y59.508 E70.5432
G1 X102.302 Y59.310 E70.5525
G0 F2400 X101.949 Y58.957
G1 F3000 E65.5525
G1 F900 Z1.300
G0 F4200 X103.574 Y71.330
G1 F900 Z1.000
G1 F1500 E70.5525
G1 F2400 X105.414 Y73.169 E70.6391
G1 X105.979 Y73.169 E70.6579
G1 X104.139 Y71.330 E70.7444
G1 X104.705 Y71.330 E70.7632
G1 X106.464 Y73.088 E70.8459
G1 X106.606 Y73.014 E70.8512
G1 X106.746 Y72.897 E70.8573
G1 X106.788 Y72.847 E70.8595
G1 X105.271 Y71.330 E70.9308
G1 X105.836 Y71.330 E70.9496
G1 X106.983 Y72.476 E71.0036
G1 X106.997 Y72.429 E71.0052
G1 X107.015 Y72.250 E71.0112
G1 X106.997 Y72.070 E71.0172
G1 X106.944 Y71.897 E71.0232
G1 X106.917 Y71.844 E71.0252
G1 X106.868 Y71.795 E71.0275
G0 F2400 X106.514 Y71.441
G1 F3000 E66.0275
G1 F900 Z1.300
G0 F4200 X103.715 Y71.188
;TYPE:SOLID-FILL
;WIDTH:0.400
G1 F900 Z1.000
G1 F1500 E71.0275
G1 F3000 X103.656 Y71.129 E71.0303
G1 F3000 E66.0303
G1 F900 Z1.300
G0 F4200 X102.089 Y58.815
G1 F900 Z1.000
G1 F1500 E71.0303
G1 F3000 X101.887 Y58.612 E71.0398
;LAYER:5
;Z:1.200
;HEIGHT:0.200
G1 F3000 E66.0398
G0 F900 Z1.200
G0 F4200 X98.130 Y73.450
;TYPE:WALL-INNER
;WIDTH:0.400
G1 F900 Z1.200
G1 F1500 E71.0398
G1 F2400 X97.867 Y73.424 E71.0486
G1 X97.642 Y73.356 E71.0564
G1 X97.435 Y73.246 E71.0642
G1 X97.253 Y73.097 E71.0720
G1 X97.133 Y72.950 E71.0783
G1 X96.992 Y72.701 E71.0878
G1 X96.926 Y72.484 E71.0954
G1 X96.903 Y72.249 E71.1032
G1 X96.921 Y72.061 E71.1095
G1 X96.998 Y71.785 E71.1191
G1 X97.104 Y71.585 E71.1266
G1 X97.253 Y71.403 E71.1344
G1 X97.435 Y71.254 E71.1422
G1 X97.642 Y71.144 E71.1500
G1 X97.867 Y71.076 E71.1578
G1 X98.130 Y71.050 E71.1666
G1 X100.900 Y71.050 E71.2588
G1 X100.900 Y60.581 E71.6070
G1 X101.865 Y58.471 E71.6841
G1 X101.988 Y58.375 E71.6893
G1 X102.042 Y58.358 E71.6912
G1 X102.158 Y58.358 E71.6951
G1 X102.264 Y58.403 E71.6989
G1 X102.335 Y58.471 E71.7022
G1 X103.300 Y60.581 E71.7793
G1 X103.300 Y71.050 E72.1275
G1 X106.070 Y71.050 E72.2197
G1 X106.333 Y71.076 E72.2285
G1 X106.558 Y71.144 E72.2363
G1 X106.765 Y71.254 E72.2441
G1 X106.947 Y71.403 E72.2519
G1 X107.067 Y71.550 E72.2582
G1 X107.208 Y71.799 E72.2677
G1 X107.274 Y72.016 E72.2753
G1 X107.297 Y72.250 E72.2831
G1 X107.274 Y72.483 E72.2909
G1 X107.206 Y72.708 E72.2987
G1 X107.096 Y72.915 E72.3065
G1 X106.947 Y73.097 E72.3143
G1 X106.765 Y73.246 E72.3221
G1 X106.558 Y73.356 E72.3299
G1 X106.333 Y73.424 E72.3378
G1 X106.070 Y73.450 E72.3465
G1 X98.630 Y73.450 E72.5940
G0 F2400 X98.130 Y73.450
G1 F3000 E67.5940
G0 F4200 X98.110 Y73.850
;TYPE:WALL-OUTER
;WIDTH:0.400
G1 F900 Z1.200
G1 F1500 E72.5940
G1 F1800 X97.788 Y73.818 E72.6048
G1 X97.488 Y73.727 E72.6152
G1 X97.212 Y73.580 E72.6256
G1 X96.969 Y73.381 E72.6360
G1 X96.802 Y73.177 E72.6448
G1 X96.622 Y72.860 E72.6569
G1 X96.532 Y72.562 E72.6673
G1 X96.501 Y72.250 E72.6777
G1 X96.526 Y71.988 E72.6865
G1 X96.624 Y71.636 E72.6986
G1 X96.770 Y71.362 E72.7089
G1 X96.969 Y71.119 E72.7194
G1 X97.212 Y70.920 E72.7298
G1 X97.488 Y70.773 E72.7402
G1 X97.788 Y70.682 E72.7507
G1 X98.110 Y70.650 E72.7614
G1 X100.500 Y70.650 E72.8409
G1 X100.500 Y60.494 E73.1787
G1 X101.523 Y58.257 E73.2605
G1 X101.606 Y58.156 E73.2649
G1 X101.712 Y58.069 E73.2694
G1 X101.833 Y58.004 E73.2740
G1 X101.963 Y57.964 E73.2785
G1 X102.100 Y57.951 E73.2831
G1 X102.237 Y57.964 E73.2877
G1 X102.367 Y58.004 E73.2922
G1 X102.488 Y58.069 E73.2968
G1 X102.594 Y58.156 E73.3013
G1 X102.677 Y58.257 E73.3057
G1 X103.700 Y60.494 E73.3875
G1 X103.700 Y70.650 E73.7253
G1 X106.090 Y70.650 E73.8048
G1 X106.412 Y70.682 E73.8155
G1 X106.712 Y70.773 E73.8260
G1 X106.988 Y70.920 E73.8364
G1 X107.231 Y71.119 E73.8468
G1 X107.398 Y71.323 E73.8556
G1 X107.578 Y71.640 E73.8677
G1 X107.668 Y71.938 E73.8781
G1 X107.699 Y72.250 E73.8885
G1 X107.668 Y72.562 E73.8989
G1 X107.577 Y72.862 E73.9093
G1 X107.430 Y73.138 E73.9197
G1 X107.231 Y73.381 E73.9302
G1 X106.988 Y73.580 E73.9406
G1 X106.712 Y73.727 E73.9510
G1 X106.412 Y73.818 E73.9615
G1 X106.090 Y73.850 E73.9722
G1 X98.610 Y73.850 E74.2210
G0 F1800 X98.110 Y73.850
G1 F3000 E69.2210
G0 F4200 X97.722 Y71.417
;TYPE:SOLID-FILL
;WIDTH:0.400
G1 F900 Z1.200
G1 F1500 E74.2210
G1 F2400 X97.267 Y71.872 E74.2424
G1 X97.261 Y71.884 E74.2429
G1 X97.196 Y72.114 E74.2508
G1 X97.183 Y72.249 E74.2553
G1 X97.201 Y72.431 E74.2614
G1 X97.218 Y72.486 E74.2633
G1 X98.376 Y71.329 E74.3178
G1 X98.941 Y71.329 E74.3366
G1 X97.416 Y72.854 E74.4083
G1 X97.450 Y72.897 E74.4101
G1 X97.592 Y73.015 E74.4162
G1 X97.743 Y73.093 E74.4219
G1 X99.507 Y71.329 E74.5049
G1 X100.073 Y71.329 E74.5237
G1 X98.232 Y73.169 E74.6103
G1 X98.798 Y73.169 E74.6291
G1 X100.285 Y71.682 E74.6990
G0 F2400 X100.638 Y71.329
G1 F3000 E69.6990
G1 F900 Z1.500
G0 F4200 X106.162 Y73.160
G1 F900 Z1.200
G1 F1500 E74.6990
G1 F2400 X107.008 Y72.313 E74.7389
G1 X107.014 Y72.249 E74.7410
G1 X106.997 Y72.067 E74.7471
G1 X106.949 Y71.912 E74.7525
G1 X106.911 Y71.845 E74.7550
G1 X105.586 Y73.169 E74.8173
G1 X105.020 Y73.169 E74.8362
G1 X106.661 Y71.529 E74.9133
G1 X106.606 Y71.484 E74.9157
G1 X106.452 Y71.405 E74.9214
G1 X106.278 Y71.352 E74.9275
G1 X106.273 Y71.351 E74.9277
G1 X104.455 Y73.169 E75.0132
G1 X103.889 Y73.169 E75.0320
G1 X105.729 Y71.330 E75.1185
G1 X105.163 Y71.330 E75.1374
G1 X103.323 Y73.169 E75.2239
G1 X102.758 Y73.169 E75.2427
G1 X104.598 Y71.330 E75.3292
G1 X104.032 Y71.330 E75.3480
G1 X102.192 Y73.169 E75.4345
G1 X101.626 Y73.169 E75.4534
G1 X103.466 Y71.330 E75.5399
G1 X103.019 Y71.330 E75.5548
G1 X103.019 Y71.211 E75.5587
G1 X101.061 Y73.169 E75.6508
G1 X100.495 Y73.169 E75.6696
G1 X103.019 Y70.645 E75.7884
G1 X103.019 Y70.079 E75.8072
G1 X99.929 Y73.169 E75.9525
G1 X99.364 Y73.169 E75.9713
G1 X103.019 Y69.514 E76.1432
G1 X103.019 Y68.948 E76.1621
G1 X101.179 Y70.789 E76.2486
G1 X101.179 Y70.223 E76.2675
G1 X103.019 Y68.382 E76.3540
G1 X103.019 Y67.817 E76.3728
G1 X101.179 Y69.657 E76.4594
G1 X101.179 Y69.092 E76.4782
G1 X103.019 Y67.251 E76.5647
G1 X103.019 Y66.685 E76.5836
G1 X101.179 Y68.526 E76.6701
G1 X101.179 Y67.960 E76.6890
G1 X103.019 Y66.120 E76.7755
G1 X103.019 Y65.554 E76.7943
G1 X101.179 Y67.395 E76.8809
G1 X101.179 Y66.829 E76.8997
G1 X103.019 Y64.988 E76.9863
G1 X103.019 Y64.423 E77.0051
G1 X101.179 Y66.263 E77.0916
G1 X101.179 Y65.697 E77.1105
G1 X103.019 Y63.857 E77.1970
G1 X103.019 Y63.291 E77.2158
G1 X101.179 Y65.132 E77.3024
G1 X101.179 Y64.566 E77.3212
G1 X103.019 Y62.726 E77.4078
G1 X103.019 Y62.160 E77.4266
G1 X101.179 Y64.000 E77.5132
G1 X101.179 Y63.435 E77.5320
G1 X103.019 Y61.594 E77.6185
G1 X103.019 Y61.028 E77.6373
G1 X101.179 Y62.869 E77.7239
G1 X101.179 Y62.303 E77.7427
G1 X102.963 Y60.519 E77.8267
G1 X102.785 Y60.131 E77.8409
G1 X101.179 Y61.738 E77.9164
G1 X101.179 Y61.172 E77.9352
G1 X102.607 Y59.744 E78.0024
G1 X102.430 Y59.355 E78.0166
G1 X101.210 Y60.575 E78.0740
G1 X101.686 Y59.533 E78.1121
G1 X101.899 Y59.320 E78.1221
G0 F2400 X102.252 Y58.967
G0 F4200 X102.111 Y58.826
;TYPE:SOLID-FILL
;WIDTH:0.400
G1 F3000 X102.314 Y58.622 E78.1317
G1 F3000 E73.1317
G1 F900 Z1.500
G0 F4200 X100.555 Y71.129
G1 F900 Z1.200
G1 F1500 E78.1317
G1 F3000 X100.496 Y71.188 E78.1345
G1 F3000 E73.1345
G1 F900 Z1.500
G0 F4200 X90.733 Y73.424
;TYPE:WALL-INNER
;WIDTH:0.400
G1 F900 Z1.200
G1 F1500 E78.1345
G1 F2400 X90.470 Y73.450 E78.1433
G1 X82.530 Y73.450 E78.4074
G1 X82.267 Y73.424 E78.4161
G1 X82.042 Y73.356 E78.4240
G1 X81.835 Y73.246 E78.4318
G1 X81.653 Y73.097 E78.4396
G1 X81.533 Y72.950 E78.4459
G1 X81.392 Y72.701 E78.4554
G1 X81.326 Y72.484 E78.4630
G1 X81.303 Y72.249 E78.4708
G1 X81.321 Y72.061 E78.4771
G1 X81.398 Y71.785 E78.4866
G1 X81.504 Y71.585 E78.4942
G1 X81.653 Y71.403 E78.5020
G1 X81.835 Y71.254 E78.5098
G1 X82.042 Y71.144 E78.5176
G1 X82.267 Y71.076 E78.5254
G1 X82.530 Y71.050 E78.5342
G1 X85.300 Y71.050 E78.6263
G1 X85.300 Y60.581 E78.9745
G1 X86.265 Y58.471 E79.0517
G1 X86.388 Y58.375 E79.0569
G1 X86.442 Y58.358 E79.0588
G1 X86.558 Y58.358 E79.0626
G1 X86.664 Y58.403 E79.0665
G1 X86.735 Y58.471 E79.0697
G1 X87.700 Y60.581 E79.1469
G1 X87.700 Y71.050 E79.4951
G1 X90.470 Y71.050 E79.5872
G1 X90.733 Y71.076 E79.5960
G1 X90.958 Y71.144 E79.6038
G1 X91.165 Y71.254 E79.6116
G1 X91.347 Y71.403 E79.6195
G1 X91.467 Y71.550 E79.6258
G1 X91.608 Y71.799 E79.6353
G1 X91.674 Y72.016 E79.6428
G1 X91.697 Y72.250 E79.6507
G1 X91.674 Y72.483 E79.6584
G1 X91.606 Y72.708 E79.6663
G1 X91.496 Y72.915 E79.6741
G1 X91.347 Y73.097 E79.6819
G1 X91.189 Y73.227 E79.6887
G0 F2400 X91.165 Y73.246
G0 F2400 X90.958 Y73.356
G0 F2400 X90.733 Y73.424
G1 F3000 E74.6887
G0 F4200 X90.812 Y73.818
;TYPE:WALL-OUTER
;WIDTH:0.400
G1 F900 Z1.200
G1 F1500 E79.6887
G1 F1800 X90.490 Y73.850 E79.6995
G1 X82.510 Y73.850 E79.9649
G1 X82.188 Y73.818 E79.9756
G1 X81.888 Y73.727 E79.9861
G1 X81.612 Y73.580 E79.9965
G1 X81.369 Y73.381 E80.0069
G1 X81.202 Y73.177 E80.0157
G1 X81.022 Y72.860 E80.0278
G1 X80.932 Y72.562 E80.0382
G1 X80.901 Y72.250 E80.0486
G1 X80.926 Y71.988 E80.0573
G1 X81.024 Y71.636 E80.0695
G1 X81.170 Y71.362 E80.0798
G1 X81.369 Y71.119 E80.0903
G1 X81.612 Y70.920 E80.1007
G1 X81.888 Y70.773 E80.1111
G1 X82.188 Y70.682 E80.1215
G1 X82.510 Y70.650 E80.1323
G1 X84.900 Y70.650 E80.2118
G1 X84.900 Y60.494 E80.5496
G1 X85.923 Y58.257 E80.6314
G1 X86.006 Y58.156 E80.6357
G1 X86.112 Y58.069 E80.6403
G1 X86.233 Y58.004 E80.6449
G1 X86.363 Y57.964 E80.6494
G1 X86.500 Y57.951 E80.6540
G1 X86.637 Y57.964 E80.6585
G1 X86.767 Y58.004 E80.6631
G1 X86.888 Y58.069 E80.6676
G1 X86.994 Y58.156 E80.6722
G1 X87.077 Y58.257 E80.6765
G1 X88.100 Y60.494 E80.7584
G1 X88.100 Y70.650 E81.0962
G1 X90.490 Y70.650 E81.1756
G1 X90.812 Y70.682 E81.1864
G1 X91.112 Y70.773 E81.1968
G1 X91.388 Y70.920 E81.2072
G1 X91.631 Y71.119 E81.2177
G1 X91.798 Y71.323 E81.2264
G1 X91.978 Y71.640 E81.2386
G1 X92.068 Y71.938 E81.2489
G1 X92.099 Y72.250 E81.2594
G1 X92.068 Y72.562 E81.2698
G1 X91.977 Y72.862 E81.2802
G1 X91.830 Y73.138 E81.2906
G1 X91.631 Y73.381 E81.3011
G1 X91.388 Y73.580 E81.3115
G1 X91.277 Y73.639 E81.3157
G0 F1800 X91.112 Y73.727
G0 F1800 X90.812 Y73.818
G1 F3000 E76.3157
G0 F4200 X90.313 Y73.169
;TYPE:SOLID-FILL
;WIDTH:0.400
G1 F900 Z1.200
G1 F1500 E81.3157
G1 F2400 X91.398 Y72.084 E81.3667
G1 X91.397 Y72.067 E81.3673
G1 X91.349 Y71.912 E81.3727
G1 X91.232 Y71.706 E81.3806
G1 X91.222 Y71.694 E81.3811
G1 X89.747 Y73.169 E81.4505
G1 X89.181 Y73.169 E81.4693
G1 X90.914 Y71.436 E81.5508
G1 X90.851 Y71.405 E81.5531
G1 X90.678 Y71.352 E81.5592
G1 X90.456 Y71.329 E81.5666
G1 X88.616 Y73.169 E81.6531
G1 X88.050 Y73.169 E81.6720
G1 X89.890 Y71.329 E81.7585
G1 X89.325 Y71.329 E81.7773
G1 X87.484 Y73.169 E81.8639
G1 X86.918 Y73.169 E81.8827
G1 X88.759 Y71.329 E81.9693
G1 X88.193 Y71.329 E81.9881
G1 X86.353 Y73.169 E82.0746
G1 X85.787 Y73.169 E82.0935
G1 X87.628 Y71.329 E82.1800
G1 X87.419 Y71.330 E82.1870
G1 X87.419 Y70.972 E82.1989
G1 X85.221 Y73.169 E82.3023
G1 X84.656 Y73.169 E82.3210
G1 X87.419 Y70.406 E82.4510
G1 X87.419 Y69.840 E82.4698
G1 X84.090 Y73.169 E82.6264
G1 X83.524 Y73.169 E82.6452
G1 X85.364 Y71.330 E82.7318
G1 X84.799 Y71.330 E82.7506
G1 X82.959 Y73.169 E82.8371
G1 X82.543 Y73.169 E82.8509
G1 X82.406 Y73.157 E82.8555
G1 X84.233 Y71.330 E82.9414
G1 X83.667 Y71.330 E82.9603
G1 X81.986 Y73.010 E83.0393
G1 X81.850 Y72.897 E83.0452
G1 X81.766 Y72.794 E83.0496
G1 X81.720 Y72.711 E83.0528
G1 X83.102 Y71.330 E83.1177
G1 X82.543 Y71.330 E83.1363
G1 X82.535 Y71.330 E83.1366
G1 X81.939 Y71.926 E83.1646
G0 F2400 X81.586 Y72.279
G1 F3000 E78.1646
G1 F900 Z1.500
G0 F4200 X85.579 Y71.115
G1 F900 Z1.200
G1 F1500 E83.1646
G1 F2400 X87.419 Y69.275 E83.2512
G1 X87.419 Y68.709 E83.2700
G1 X85.579 Y70.549 E83.3566
G1 X85.579 Y69.983 E83.3754
G1 X87.419 Y68.143 E83.4619
G1 X87.419 Y67.578 E83.4807
G1 X85.579 Y69.418 E83.5673
G1 X85.579 Y68.852 E83.5861
G1 X87.419 Y67.012 E83.6726
G1 X87.419 Y66.446 E83.6915
G1 X85.579 Y68.286 E83.7780
G1 X85.579 Y67.721 E83.7968
G1 X87.419 Y65.881 E83.8834
G1 X87.419 Y65.315 E83.9022
G1 X85.579 Y67.155 E83.9887
G1 X85.579 Y66.589 E84.0076
G1 X87.419 Y64.749 E84.0941
G1 X87.419 Y64.184 E84.1129
G1 X85.579 Y66.023 E84.1994
G1 X85.579 Y65.458 E84.2182
G1 X87.419 Y63.618 E84.3048
G1 X87.419 Y63.052 E84.3236
G1 X85.579 Y64.892 E84.4101
G1 X85.579 Y64.326 E84.4290
G1 X87.419 Y62.487 E84.5155
G1 X87.419 Y61.921 E84.5343
G1 X85.579 Y63.761 E84.6209
G1 X85.579 Y63.195 E84.6397
G1 X87.419 Y61.355 E84.7262
G1 X87.419 Y60.789 E84.7451
G1 X85.579 Y62.629 E84.8316
G1 X85.579 Y62.064 E84.8504
G1 X87.288 Y60.355 E84.9308
G1 X87.110 Y59.967 E84.9450
G1 X85.579 Y61.498 E85.0170
G1 X85.579 Y60.932 E85.0358
G1 X86.933 Y59.579 E85.0995
G1 X86.755 Y59.191 E85.1137
G1 X85.812 Y60.134 E85.1580
G1 X86.251 Y59.173 E85.1932
G0 F2400 X86.288 Y59.092
G0 F2400 X86.578 Y58.802
G1 F3000 E80.1932
G1 F900 Z1.500
G0 F4200 X81.445 Y72.138
;TYPE:SOLID-FILL
;WIDTH:0.400
G1 F900 Z1.200
G1 F1500 E85.1932
G1 F3000 X81.387 Y72.195 E85.1959
G1 F3000 E80.1959
G1 F900 Z1.500
G0 F4200 X90.395 Y73.370
G1 F900 Z1.200
G1 F1500 E85.1959
G1 F3000 X90.454 Y73.311 E85.1987
;LAYER:6
;Z:1.400
;HEIGHT:0.200
G0 F900 Z1.400
G0 F4200 X90.733 Y73.424
;TYPE:WALL-INNER
;WIDTH:0.400
G1 F2400 X90.470 Y73.450 E85.2074
G1 X82.530 Y73.450 E85.4715
G1 X82.267 Y73.424 E85.4803
G1 X82.042 Y73.356 E85.4881
G1 X81.835 Y73.246 E85.4959
G1 X81.653 Y73.096 E85.5038
G1 X81.538 Y72.956 E85.5098
G1 X81.392 Y72.701 E85.5196
G1 X81.326 Y72.484 E85.5271
G1 X81.303 Y72.249 E85.5350
G1 X81.320 Y72.068 E85.5410
G1 X81.398 Y71.784 E85.5508
G1 X81.504 Y71.585 E85.5583
G1 X81.653 Y71.403 E85.5661
G1 X81.835 Y71.254 E85.5740
G1 X82.042 Y71.144 E85.5818
G1 X82.267 Y71.076 E85.5896
G1 X82.530 Y71.050 E85.5984
G1 X85.300 Y71.050 E85.6905
G1 X85.300 Y60.581 E86.0387
G1 X86.265 Y58.471 E86.1159
G1 X86.388 Y58.375 E86.1211
G1 X86.442 Y58.358 E86.1229
G1 X86.558 Y58.358 E86.1268
G1 X86.664 Y58.403 E86.1306
G1 X86.735 Y58.471 E86.1339
G1 X87.700 Y60.581 E86.2111
G1 X87.700 Y71.050 E86.5593
G1 X90.470 Y71.050 E86.6514
G1 X90.733 Y71.076 E86.6602
G1 X90.958 Y71.144 E86.6680
G1 X91.165 Y71.254 E86.6758
G1 X91.347 Y71.403 E86.6836
G1 X91.496 Y71.585 E86.6914
G1 X91.606 Y71.792 E86.6992
G1 X91.674 Y72.017 E86.7071
G1 X91.697 Y72.250 E86.7149
G1 X91.674 Y72.483 E86.7226
G1 X91.606 Y72.708 E86.7305
G1 X91.496 Y72.915 E86.7383
G1 X91.347 Y73.097 E86.7461
G1 X91.189 Y73.227 E86.7529
G0 F2400 X91.165 Y73.246
G0 F2400 X90.958 Y73.356
G0 F2400 X90.733 Y73.424
G1 F3000 E81.7529
G0 F4200 X90.812 Y73.818
;TYPE:WALL-OUTER
;WIDTH:0.400
G1 F900 Z1.400
G1 F1500 E86.7529
G1 F1800 X90.490 Y73.850 E86.7636
G1 X82.510 Y73.850 E87.0291
G1 X82.188 Y73.818 E87.0398
G1 X81.888 Y73.727 E87.0502
G1 X81.612 Y73.580 E87.0606
G1 X81.369 Y73.381 E87.0711
G1 X81.207 Y73.184 E87.0796
G1 X81.022 Y72.860 E87.0920
G1 X80.932 Y72.562 E87.1023
G1 X80.901 Y72.250 E87.1128
G1 X80.925 Y71.996 E87.1213
G1 X81.024 Y71.635 E87.1337
G1 X81.170 Y71.362 E87.1440
G1 X81.369 Y71.119 E87.1545
G1 X81.612 Y70.920 E87.1649
G1 X81.888 Y70.773 E87.1753
G1 X82.188 Y70.682 E87.1857
G1 X82.510 Y70.650 E87.1965
G1 X84.900 Y70.650 E87.2760
G1 X84.900 Y60.494 E87.6138
G1 X85.923 Y58.257 E87.6956
G1 X86.006 Y58.156 E87.6999
G1 X86.112 Y58.069 E87.7045
G1 X86.233 Y58.004 E87.7091
G1 X86.363 Y57.964 E87.7136
G1 X86.500 Y57.951 E87.7182
G1 X86.637 Y57.964 E87.7227
G1 X86.767 Y58.004 E87.7273
G1 X86.888 Y58.069 E87.7318
G1 X86.994 Y58.156 E87.7364
G1 X87.077 Y58.257 E87.7407
G1 X88.100 Y60.494 E87.8226
G1 X88.100 Y70.650 E88.1603
G1 X90.490 Y70.650 E88.2398
G1 X90.812 Y70.682 E88.2506
G1 X91.112 Y70.773 E88.2610
G1 X91.388 Y70.920 E88.2714
G1 X91.631 Y71.119 E88.2819
G1 X91.830 Y71.362 E88.2923
G1 X91.977 Y71.638 E88.3027
G1 X92.068 Y71.938 E88.3131
G1 X92.099 Y72.250 E88.3236
G1 X92.068 Y72.562 E88.3340
G1 X91.977 Y72.862 E88.3444
G1 X91.830 Y73.138 E88.3548
G1 X91.631 Y73.381 E88.3653
G1 X91.388 Y73.580 E88.3757
G1 X91.277 Y73.639 E88.3799
G0 F1800 X91.112 Y73.727
G0 F1800 X90.812 Y73.818
G1 F3000 E83.3799
G0 F4200 X90.575 Y71.342
;TYPE:SOLID-FILL
;WIDTH:0.400
G1 F900 Z1.400
G1 F1500 E88.3799
G1 F2400 X91.408 Y72.175 E88.4191
G1 X91.415 Y72.248 E88.4215
G1 X91.397 Y72.428 E88.4275
G1 X91.344 Y72.602 E88.4336
G1 X91.319 Y72.651 E88.4354
G1 X89.997 Y71.330 E88.4976
G1 X89.432 Y71.330 E88.5164
G1 X91.066 Y72.964 E88.5932
G1 X91.006 Y73.015 E88.5958
G1 X90.851 Y73.095 E88.6017
G1 X90.682 Y73.146 E88.6075
G1 X88.866 Y71.330 E88.6929
G1 X88.300 Y71.330 E88.7118
G1 X90.140 Y73.169 E88.7983
G1 X89.574 Y73.169 E88.8171
G1 X88.087 Y71.683 E88.8870
G0 F2400 X87.734 Y71.330
G1 F3000 E83.8870
G1 F900 Z1.700
G0 F4200 X82.142 Y73.091
G1 F900 Z1.400
G1 F1500 E88.8870
G1 F2400 X81.664 Y72.613 E88.9095
G1 X81.648 Y72.584 E88.9106
G1 X81.600 Y72.431 E88.9160
G1 X81.583 Y72.246 E88.9221
G1 X81.594 Y72.120 E88.9263
G1 X81.624 Y72.008 E88.9302
G1 X82.786 Y73.169 E88.9848
G1 X83.352 Y73.169 E89.0037
G1 X81.820 Y71.638 E89.0757
G1 X81.849 Y71.603 E89.0772
G1 X81.992 Y71.484 E89.0834
G1 X82.146 Y71.405 E89.0891
G1 X82.151 Y71.403 E89.0893
G1 X83.918 Y73.169 E89.1724
G1 X84.483 Y73.169 E89.1912
G1 X82.643 Y71.330 E89.2777
G1 X83.209 Y71.330 E89.2966
G1 X85.049 Y73.169 E89.3831
G1 X85.615 Y73.169 E89.4019
G1 X83.775 Y71.330 E89.4884
G1 X84.340 Y71.330 E89.5072
G1 X86.180 Y73.169 E89.5938
G1 X86.746 Y73.169 E89.6126
G1 X84.906 Y71.330 E89.6991
G1 X85.472 Y71.330 E89.7179
G1 X87.312 Y73.169 E89.8045
G1 X87.877 Y73.169 E89.8232
G1 X85.579 Y70.871 E89.9313
G1 X85.579 Y70.306 E89.9501
G1 X88.443 Y73.169 E90.0848
G1 X89.009 Y73.169 E90.1036
G1 X85.579 Y69.740 E90.2650
G1 X85.579 Y69.174 E90.2838
G1 X87.419 Y71.014 E90.3703
G1 X87.419 Y70.449 E90.3891
G1 X85.579 Y68.609 E90.4757
G1 X85.579 Y68.043 E90.4945
G1 X87.419 Y69.883 E90.5810
G1 X87.419 Y69.317 E90.5999
G1 X85.579 Y67.477 E90.6864
G1 X85.579 Y66.912 E90.7052
G1 X87.419 Y68.751 E90.7917
G1 X87.419 Y68.186 E90.8105
G1 X85.579 Y66.346 E90.8971
G1 X85.579 Y65.780 E90.9159
G1 X87.419 Y67.620 E91.0024
G1 X87.419 Y67.054 E91.0213
G1 X85.579 Y65.215 E91.1078
G1 X85.579 Y64.649 E91.1266
G1 X87.419 Y66.489 E91.2132
G1 X87.419 Y65.923 E91.2320
G1 X85.579 Y64.083 E91.3185
G1 X85.579 Y63.517 E91.3374
G1 X87.419 Y65.357 E91.4239
G1 X87.419 Y64.792 E91.4427
G1 X85.579 Y62.952 E91.5293
G1 X85.579 Y62.386 E91.5481
G1 X87.419 Y64.226 E91.6346
G1 X87.419 Y63.660 E91.6535
G1 X85.579 Y61.820 E91.7400
G1 X85.579 Y61.255 E91.7588
G1 X87.419 Y63.095 E91.8453
G1 X87.419 Y62.529 E91.8642
G1 X85.579 Y60.689 E91.9507
G1 X85.579 Y60.642 E91.9523
G1 X85.742 Y60.286 E91.9653
G1 X87.419 Y61.963 E92.0442
G1 X87.419 Y61.398 E92.0630
G1 X85.919 Y59.898 E92.1335
G1 X86.097 Y59.510 E92.1477
G1 X87.419 Y60.832 E92.2099
G1 X87.419 Y60.642 E92.2162
G1 X87.103 Y59.950 E92.2415
G1 X86.274 Y59.121 E92.2805
G1 X86.318 Y59.026 E92.2840
G0 F2400 X86.422 Y58.798
G0 F2400 X86.517 Y58.798
G0 F2400 X86.626 Y58.908
G1 F3000 E87.2840
G1 F900 Z1.700
G0 F4200 X98.130 Y73.450
;TYPE:WALL-INNER
;WIDTH:0.400
G1 F900 Z1.400
G1 F1500 E92.2840
G1 F2400 X97.867 Y73.424 E92.2928
G1 X97.642 Y73.356 E92.3006
G1 X97.435 Y73.246 E92.3084
G1 X97.253 Y73.096 E92.3163
G1 X97.138 Y72.956 E92.3223
G1 X96.992 Y72.701 E92.3321
G1 X96.926 Y72.484 E92.3396
G1 X96.903 Y72.249 E92.3475
G1 X96.920 Y72.068 E92.3535
G1 X96.998 Y71.784 E92.3633
G1 X97.104 Y71.585 E92.3708
G1 X97.253 Y71.403 E92.3786
G1 X97.435 Y71.254 E92.3864
G1 X97.642 Y71.144 E92.3942
G1 X97.867 Y71.076 E92.4021
G1 X98.130 Y71.050 E92.4108
G1 X100.900 Y71.050 E92.5030
G1 X100.900 Y60.581 E92.8512
G1 X101.865 Y58.471 E92.9283
G1 X101.988 Y58.375 E92.9335
G1 X102.042 Y58.358 E92.9354
G1 X102.158 Y58.358 E92.9393
G1 X102.264 Y58.403 E92.9431
G1 X102.335 Y58.471 E92.9464
G1 X103.300 Y60.581 E93.0235
G1 X103.300 Y71.050 E93.3717
G1 X106.070 Y71.050 E93.4639
G1 X106.333 Y71.076 E93.4727
G1 X106.558 Y71.144 E93.4805
G1 X106.765 Y71.254 E93.4883
G1 X106.947 Y71.403 E93.4961
G1 X107.096 Y71.585 E93.5039
G1 X107.206 Y71.792 E93.5117
G1 X107.274 Y72.017 E93.5195
G1 X107.297 Y72.250 E93.5273
G1 X107.274 Y72.483 E93.5351
G1 X107.206 Y72.708 E93.5429
G1 X107.096 Y72.915 E93.5507
G1 X106.947 Y73.097 E93.5586
G1 X106.765 Y73.246 E93.5664
G1 X106.558 Y73.356 E93.5742
G1 X106.333 Y73.424 E93.5820
G1 X106.070 Y73.450 E93.5908
G1 X98.630 Y73.450 E93.8382
G0 F2400 X98.130 Y73.450
G1 F3000 E88.8382
G0 F4200 X98.110 Y73.850
;TYPE:WALL-OUTER
;WIDTH:0.400
G1 F900 Z1.400
G1 F1500 E93.8382
G1 F1800 X97.788 Y73.818 E93.8490
G1 X97.488 Y73.727 E93.8594
G1 X97.212 Y73.580 E93.8698
G1 X96.969 Y73.381 E93.8803
G1 X96.807 Y73.184 E93.8888
G1 X96.622 Y72.860 E93.9012
G1 X96.532 Y72.562 E93.9115
G1 X96.501 Y72.250 E93.9219
G1 X96.525 Y71.996 E93.9304
G1 X96.624 Y71.635 E93.9429
G1 X96.770 Y71.362 E93.9532
G1 X96.969 Y71.119 E93.9636
G1 X97.212 Y70.920 E93.9741
G1 X97.488 Y70.773 E93.9845
G1 X97.788 Y70.682 E93.9949
G1 X98.110 Y70.650 E94.0057
G1 X100.500 Y70.650 E94.0852
G1 X100.500 Y60.494 E94.4229
G1 X101.523 Y58.257 E94.5048
G1 X101.606 Y58.156 E94.5091
G1 X101.712 Y58.069 E94.5137
G1 X101.833 Y58.004 E94.5182
G1 X101.963 Y57.964 E94.5228
G1 X102.100 Y57.951 E94.5273
G1 X102.237 Y57.964 E94.5319
G1 X102.367 Y58.004 E94.5364
G1 X102.488 Y58.069 E94.5410
G1 X102.594 Y58.156 E94.5456
G1 X102.677 Y58.257 E94.5499
G1 X103.700 Y60.494 E94.6317
G1 X103.700 Y70.650 E94.9695
G1 X106.090 Y70.650 E95.0490
G1 X106.412 Y70.682 E95.0598
G1 X106.712 Y70.773 E95.0702
G1 X106.988 Y70.920 E95.0806
G1 X107.231 Y71.119 E95.0910
G1 X107.430 Y71.362 E95.1015
G1 X107.577 Y71.638 E95.1119
G1 X107.668 Y71.938 E95.1223
G1 X107.699 Y72.250 E95.1327
G1 X107.668 Y72.562 E95.1432
G1 X107.577 Y72.862 E95.1536
G1 X107.430 Y73.138 E95.1640
G1 X107.231 Y73.381 E95.1745
G1 X106.988 Y73.580 E95.1849
G1 X106.712 Y73.727 E95.1953
G1 X106.412 Y73.818 E95.2057
G1 X106.090 Y73.850 E95.2165
G1 X98.610 Y73.850 E95.4653
G0 F1800 X98.110 Y73.850
G1 F3000 E90.4653
G0 F4200 X98.050 Y73.160
;TYPE:SOLID-FILL
;WIDTH:0.400
G1 F900 Z1.400
G1 F1500 E95.4653
G1 F2400 X97.187 Y72.297 E95.5059
G1 X97.183 Y72.246 E95.5076
G1 X97.193 Y72.121 E95.5117
G1 X97.259 Y71.888 E95.5198
G1 X97.287 Y71.832 E95.5219
G1 X98.625 Y73.169 E95.5848
G1 X99.191 Y73.169 E95.6036
G1 X97.546 Y71.524 E95.6810
G1 X97.592 Y71.484 E95.6830
G1 X97.746 Y71.405 E95.6888
G1 X97.920 Y71.352 E95.6948
G1 X97.937 Y71.350 E95.6954
G1 X99.757 Y73.169 E95.7810
G1 X100.322 Y73.169 E95.7998
G1 X98.483 Y71.330 E95.8863
G1 X99.048 Y71.330 E95.9051
G1 X100.888 Y73.169 E95.9916
G1 X101.454 Y73.169 E96.0104
G1 X99.614 Y71.330 E96.0969
G1 X100.180 Y71.330 E96.1158
G1 X102.019 Y73.169 E96.2023
G1 X102.585 Y73.169 E96.2211
G1 X100.745 Y71.330 E96.3076
G1 X101.179 Y71.329 E96.3220
G1 X101.179 Y71.197 E96.3264
G1 X103.151 Y73.169 E96.4192
G1 X103.717 Y73.169 E96.4380
G1 X101.179 Y70.632 E96.5574
G1 X101.179 Y70.066 E96.5762
G1 X104.282 Y73.169 E96.7222
G1 X104.848 Y73.169 E96.7410
G1 X101.179 Y69.500 E96.9136
G1 X101.179 Y68.935 E96.9324
G1 X103.019 Y70.775 E97.0189
G1 X103.019 Y70.210 E97.0377
G1 X101.179 Y68.369 E97.1243
G1 X101.179 Y67.803 E97.1431
G1 X103.019 Y69.644 E97.2297
G1 X103.019 Y69.078 E97.2485
G1 X101.179 Y67.238 E97.3350
G1 X101.179 Y66.672 E97.3539
G1 X103.019 Y68.512 E97.4404
G1 X103.019 Y67.947 E97.4592
G1 X101.179 Y66.106 E97.5458
G1 X101.179 Y65.541 E97.5646
G1 X103.019 Y67.381 E97.6511
G1 X103.019 Y66.815 E97.6699
G1 X101.179 Y64.975 E97.7565
G1 X101.179 Y64.409 E97.7753
G1 X103.019 Y66.250 E97.8619
G1 X103.019 Y65.684 E97.8807
G1 X101.179 Y63.843 E97.9673
G1 X101.179 Y63.278 E97.9861
G1 X103.019 Y65.118 E98.0726
G1 X103.019 Y64.553 E98.0914
G1 X101.179 Y62.712 E98.1780
G1 X101.179 Y62.146 E98.1968
G1 X103.019 Y63.987 E98.2834
G1 X103.019 Y63.421 E98.3022
G1 X101.179 Y61.581 E98.3887
G1 X101.179 Y61.015 E98.4076
G1 X103.019 Y62.856 E98.4941
G1 X103.019 Y62.290 E98.5130
G1 X101.239 Y60.509 E98.5967
G1 X101.416 Y60.121 E98.6109
G1 X103.019 Y61.724 E98.6863
G1 X103.019 Y61.159 E98.7051
G1 X101.594 Y59.733 E98.7721
G1 X101.771 Y59.345 E98.7863
G1 X102.978 Y60.551 E98.8431
G1 X102.500 Y59.508 E98.8812
G1 X102.302 Y59.310 E98.8906
G0 F2400 X101.949 Y58.957
G1 F3000 E93.8906
G1 F900 Z1.700
G0 F4200 X103.574 Y71.330
G1 F900 Z1.400
G1 F1500 E98.8906
G1 F2400 X105.414 Y73.169 E98.9771
G1 X105.979 Y73.169 E98.9959
G1 X104.139 Y71.330 E99.0824
G1 X104.705 Y71.330 E99.1012
G1 X106.464 Y73.088 E99.1839
G1 X106.606 Y73.014 E99.1893
G1 X106.746 Y72.897 E99.1953
G1 X106.788 Y72.847 E99.1975
G1 X105.271 Y71.330 E99.2689
G1 X105.836 Y71.330 E99.2876
G1 X106.983 Y72.476 E99.3416
G1 X106.997 Y72.429 E99.3432
G1 X107.014 Y72.249 E99.3492
G1 X106.997 Y72.070 E99.3552
G1 X106.944 Y71.897 E99.3612
G1 X106.917 Y71.844 E99.3632
G1 X106.858 Y71.785 E99.3660
G0 F2400 X106.505 Y71.432
G1 F3000 E94.3660
G1 F900 Z1.700
G0 F4200 X103.715 Y71.188
;TYPE:SOLID-FILL
;WIDTH:0.400
G1 F900 Z1.400
G1 F1500 E99.3660
G1 F3000 X103.656 Y71.129 E99.3687
G1 F3000 E94.3687
G1 F900 Z1.700
G0 F4200 X102.089 Y58.815
G1 F900 Z1.400
G1 F1500 E99.3687
G1 F3000 X101.887 Y58.612 E99.3783
;LAYER:7
;Z:1.600
;HEIGHT:0.200
G1 F3000 E94.3783
G0 F900 Z1.600
G0 F4200 X98.130 Y73.450
;TYPE:WALL-INNER
;WIDTH:0.400
G1 F900 Z1.600
G1 F1500 E99.3783
G1 F2400 X97.867 Y73.424 E99.3871
G1 X97.642 Y73.356 E99.3949
G1 X97.435 Y73.246 E99.4027
G1 X97.253 Y73.097 E99.4105
G1 X97.143 Y72.963 E99.4163
G1 X96.992 Y72.699 E99.4264
G1 X96.926 Y72.483 E99.4339
G1 X96.903 Y72.250 E99.4417
G1 X96.926 Y72.017 E99.4495
G1 X96.994 Y71.792 E99.4573
G1 X97.104 Y71.585 E99.4651
G1 X97.253 Y71.403 E99.4729
G1 X97.435 Y71.254 E99.4807
G1 X97.642 Y71.144 E99.4885
G1 X97.867 Y71.076 E99.4963
G1 X98.130 Y71.050 E99.5051
G1 X100.900 Y71.050 E99.5973
G1 X100.900 Y60.581 E99.9455
G1 X101.865 Y58.471 E100.0226
G1 X101.998 Y58.372 E100.0282
G1 X102.158 Y58.358 E100.0335
G1 X102.264 Y58.403 E100.0373
G1 X102.335 Y58.471 E100.0406
G1 X103.300 Y60.581 E100.1178
G1 X103.300 Y71.050 E100.4660
G1 X106.070 Y71.050 E100.5581
G1 X106.334 Y71.076 E100.5669
G1 X106.501 Y71.126 E100.5727
G1 X106.773 Y71.260 E100.5828
G1 X106.947 Y71.403 E100.5903
G1 X107.096 Y71.585 E100.5981
G1 X107.206 Y71.792 E100.6059
G1 X107.274 Y72.017 E100.6137
G1 X107.297 Y72.250 E100.6215
G1 X107.274 Y72.483 E100.6293
G1 X107.206 Y72.708 E100.6371
G1 X107.096 Y72.915 E100.6449
G1 X106.947 Y73.097 E100.6527
G1 X106.765 Y73.246 E100.6606
G1 X106.558 Y73.356 E100.6684
G1 X106.333 Y73.424 E100.6762
G1 X106.070 Y73.450 E100.6850
G1 X98.630 Y73.450 E100.9324
G0 F2400 X98.130 Y73.450
G1 F3000 E95.9324
G0 F4200 X98.110 Y73.850
;TYPE:WALL-OUTER
;WIDTH:0.400
G1 F900 Z1.600
G1 F1500 E100.9324
G1 F1800 X97.788 Y73.818 E100.9432
G1 X97.488 Y73.727 E100.9536
G1 X97.212 Y73.580 E100.9640
G1 X96.969 Y73.381 E100.9745
G1 X96.813 Y73.191 E100.9826
G1 X96.622 Y72.859 E100.9954
G1 X96.532 Y72.562 E101.0057
G1 X96.501 Y72.250 E101.0161
G1 X96.532 Y71.938 E101.0266
G1 X96.623 Y71.638 E101.0370
G1 X96.770 Y71.362 E101.0474
G1 X96.969 Y71.119 E101.0578
G1 X97.212 Y70.920 E101.0683
G1 X97.488 Y70.773 E101.0787
G1 X97.788 Y70.682 E101.0891
G1 X98.110 Y70.650 E101.0999
G1 X100.500 Y70.650 E101.1794
G1 X100.500 Y60.494 E101.5171
G1 X101.523 Y58.257 E101.5990
G1 X101.606 Y58.156 E101.6033
G1 X101.687 Y58.090 E101.6068
G1 X101.836 Y58.003 E101.6125
G1 X101.963 Y57.964 E101.6169
G1 X102.100 Y57.951 E101.6215
G1 X102.237 Y57.964 E101.6261
G1 X102.367 Y58.004 E101.6306
G1 X102.488 Y58.069 E101.6352
G1 X102.594 Y58.156 E101.6397
G1 X102.677 Y58.257 E101.6441
G1 X103.700 Y60.494 E101.7259
G1 X103.700 Y70.650 E102.0637
G1 X106.090 Y70.650 E102.1432
G1 X106.412 Y70.682 E102.1540
G1 X106.648 Y70.753 E102.1622
G1 X106.991 Y70.922 E102.1749
G1 X107.231 Y71.119 E102.1852
G1 X107.430 Y71.362 E102.1956
G1 X107.577 Y71.638 E102.2060
G1 X107.668 Y71.938 E102.2165
G1 X107.699 Y72.250 E102.2269
G1 X107.668 Y72.562 E102.2373
G1 X107.577 Y72.862 E102.2478
G1 X107.430 Y73.138 E102.2582
G1 X107.231 Y73.381 E102.2686
G1 X106.988 Y73.580 E102.2790
G1 X106.712 Y73.727 E102.2894
G1 X106.412 Y73.818 E102.2999
G1 X106.090 Y73.850 E102.3106
G1 X98.610 Y73.850 E102.5594
G0 F1800 X98.110 Y73.850
G1 F3000 E97.5594
G0 F4200 X97.722 Y71.417
;TYPE:SOLID-FILL
;WIDTH:0.400
G1 F900 Z1.600
G1 F1500 E102.5594
G1 F2400 X97.266 Y71.873 E102.5809
G1 X97.254 Y71.897 E102.5818
G1 X97.201 Y72.071 E102.5878
G1 X97.183 Y72.249 E102.5938
G1 X97.201 Y72.428 E102.5997
G1 X97.219 Y72.486 E102.6018
G1 X98.376 Y71.329 E102.6562
G1 X98.941 Y71.329 E102.6750
G1 X97.416 Y72.854 E102.7467
G1 X97.452 Y72.899 E102.7486
G1 X97.592 Y73.015 E102.7547
G1 X97.743 Y73.093 E102.7603
G1 X99.507 Y71.329 E102.8433
G1 X100.073 Y71.329 E102.8621
G1 X98.232 Y73.169 E102.9487
G1 X98.798 Y73.169 E102.9675
G1 X100.285 Y71.682 E103.0375
G0 F2400 X100.638 Y71.329
G1 F3000 E98.0375
G1 F900 Z1.900
G0 F4200 X106.162 Y73.160
G1 F900 Z1.600
G1 F1500 E103.0375
G1 F2400 X107.008 Y72.313 E103.0773
G1 X107.015 Y72.250 E103.0794
G1 X106.997 Y72.070 E103.0854
G1 X106.944 Y71.897 E103.0914
G1 X106.915 Y71.841 E103.0935
G1 X105.586 Y73.169 E103.1560
G1 X105.020 Y73.169 E103.1748
G1 X106.660 Y71.530 E103.2520
G1 X106.620 Y71.496 E103.2537
G1 X106.396 Y71.388 E103.2620
G1 X106.277 Y71.352 E103.2661
G1 X106.273 Y71.351 E103.2662
G1 X104.455 Y73.169 E103.3518
G1 X103.889 Y73.169 E103.3706
G1 X105.729 Y71.330 E103.4571
G1 X105.163 Y71.330 E103.4759
G1 X103.323 Y73.169 E103.5625
G1 X102.758 Y73.169 E103.5813
G1 X104.598 Y71.330 E103.6678
G1 X104.032 Y71.330 E103.6866
G1 X102.192 Y73.169 E103.7731
G1 X101.626 Y73.169 E103.7920
G1 X103.466 Y71.330 E103.8785
G1 X103.019 Y71.330 E103.8933
G1 X103.019 Y71.211 E103.8973
G1 X101.061 Y73.169 E103.9894
G1 X100.495 Y73.169 E104.0082
G1 X103.019 Y70.645 E104.1269
G1 X103.019 Y70.079 E104.1458
G1 X99.929 Y73.169 E104.2911
G1 X99.364 Y73.169 E104.3099
G1 X103.019 Y69.514 E104.4818
G1 X103.019 Y68.948 E104.5007
G1 X101.179 Y70.789 E104.5872
G1 X101.179 Y70.223 E104.6060
G1 X103.019 Y68.382 E104.6926
G1 X103.019 Y67.817 E104.7114
G1 X101.179 Y69.657 E104.7980
G1 X101.179 Y69.092 E104.8168
G1 X103.019 Y67.251 E104.9033
G1 X103.019 Y66.685 E104.9221
G1 X101.179 Y68.526 E105.0087
G1 X101.179 Y67.960 E105.0275
G1 X103.019 Y66.120 E105.1141
G1 X103.019 Y65.554 E105.1329
G1 X101.179 Y67.395 E105.2195
G1 X101.179 Y66.829 E105.2383
G1 X103.019 Y64.988 E105.3249
G1 X103.019 Y64.423 E105.3437
G1 X101.179 Y66.263 E105.4302
G1 X101.179 Y65.697 E105.4491
G1 X103.019 Y63.857 E105.5356
G1 X103.019 Y63.291 E105.5544
G1 X101.179 Y65.132 E105.6410
G1 X101.179 Y64.566 E105.6598
G1 X103.019 Y62.726 E105.7464
G1 X103.019 Y62.160 E105.7652
G1 X101.179 Y64.000 E105.8517
G1 X101.179 Y63.435 E105.8705
G1 X103.019 Y61.594 E105.9571
G1 X103.019 Y61.028 E105.9759
G1 X101.179 Y62.869 E106.0625
G1 X101.179 Y62.303 E106.0813
G1 X102.963 Y60.519 E106.1652
G1 X102.785 Y60.131 E106.1794
G1 X101.179 Y61.738 E106.2550
G1 X101.179 Y61.172 E106.2738
G1 X102.607 Y59.744 E106.3410
G1 X102.430 Y59.355 E106.3552
G1 X101.210 Y60.575 E106.4126
G1 X101.686 Y59.533 E106.4507
G1 X101.899 Y59.320 E106.4607
G0 F2400 X102.252 Y58.967
G0 F4200 X102.111 Y58.826
;TYPE:SOLID-FILL
;WIDTH:0.400
G1 F3000 X102.314 Y58.622 E106.4703
G1 F3000 E101.4703
G1 F900 Z1.900
G0 F4200 X100.555 Y71.129
G1 F900 Z1.600
G1 F1500 E106.4703
G1 F3000 X100.496 Y71.188 E106.4731
G1 F3000 E101.4731
G1 F900 Z1.900
G0 F4200 X90.733 Y73.424
;TYPE:WALL-INNER
;WIDTH:0.400
G1 F900 Z1.600
G1 F1500 E106.4731
G1 F2400 X90.470 Y73.450 E106.4819
G1 X82.530 Y73.450 E106.7459
G1 X82.267 Y73.424 E106.7547
G1 X82.042 Y73.356 E106.7626
G1 X81.835 Y73.246 E106.7703
G1 X81.653 Y73.097 E106.7782
G1 X81.543 Y72.963 E106.7839
G1 X81.392 Y72.699 E106.7941
G1 X81.326 Y72.483 E106.8016
G1 X81.303 Y72.250 E106.8094
G1 X81.326 Y72.017 E106.8171
G1 X81.394 Y71.792 E106.8250
G1 X81.504 Y71.585 E106.8328
G1 X81.653 Y71.403 E106.8406
G1 X81.835 Y71.254 E106.8484
G1 X82.042 Y71.144 E106.8562
G1 X82.267 Y71.076 E106.8640
G1 X82.530 Y71.050 E106.8728
G1 X85.300 Y71.050 E106.9649
G1 X85.300 Y60.581 E107.3131
G1 X86.265 Y58.471 E107.3903
G1 X86.398 Y58.372 E107.3958
G1 X86.558 Y58.358 E107.4012
G1 X86.664 Y58.403 E107.4050
G1 X86.735 Y58.471 E107.4083
G1 X87.700 Y60.581 E107.4854
G1 X87.700 Y71.050 E107.8336
G1 X90.470 Y71.050 E107.9258
G1 X90.734 Y71.076 E107.9346
G1 X90.901 Y71.126 E107.9404
G1 X91.173 Y71.260 E107.9505
G1 X91.347 Y71.403 E107.9580
G1 X91.496 Y71.585 E107.9658
G1 X91.606 Y71.792 E107.9736
G1 X91.674 Y72.017 E107.9814
G1 X91.697 Y72.250 E107.9892
G1 X91.674 Y72.483 E107.9970
G1 X91.606 Y72.708 E108.0048
G1 X91.496 Y72.915 E108.0126
G1 X91.347 Y73.097 E108.0204
G1 X91.189 Y73.227 E108.0272
G0 F2400 X91.165 Y73.246
G0 F2400 X90.958 Y73.356
G0 F2400 X90.733 Y73.424
G1 F3000 E103.0272
G0 F4200 X90.812 Y73.818
;TYPE:WALL-OUTER
;WIDTH:0.400
G1 F900 Z1.600
G1 F1500 E108.0272
G1 F1800 X90.490 Y73.850 E108.0380
G1 X82.510 Y73.850 E108.3034
G1 X82.188 Y73.818 E108.3142
G1 X81.888 Y73.727 E108.3246
G1 X81.612 Y73.580 E108.3350
G1 X81.369 Y73.381 E108.3454
G1 X81.213 Y73.191 E108.3536
G1 X81.022 Y72.859 E108.3663
G1 X80.932 Y72.562 E108.3767
G1 X80.901 Y72.250 E108.3871
G1 X80.932 Y71.938 E108.3975
G1 X81.023 Y71.638 E108.4080
G1 X81.170 Y71.362 E108.4184
G1 X81.369 Y71.119 E108.4288
G1 X81.612 Y70.920 E108.4392
G1 X81.888 Y70.773 E108.4496
G1 X82.188 Y70.682 E108.4601
G1 X82.510 Y70.650 E108.4708
G1 X84.900 Y70.650 E108.5503
G1 X84.900 Y60.494 E108.8881
G1 X85.923 Y58.257 E108.9699
G1 X86.006 Y58.156 E108.9743
G1 X86.087 Y58.090 E108.9778
G1 X86.236 Y58.003 E108.9835
G1 X86.363 Y57.964 E108.9879
G1 X86.500 Y57.951 E108.9925
G1 X86.637 Y57.964 E108.9971
G1 X86.767 Y58.004 E109.0016
G1 X86.888 Y58.069 E109.0062
G1 X86.994 Y58.156 E109.0107
G1 X87.077 Y58.257 E109.0151
G1 X88.100 Y60.494 E109.0969
G1 X88.100 Y70.650 E109.4347
G1 X90.490 Y70.650 E109.5142
G1 X90.812 Y70.682 E109.5249
G1 X91.048 Y70.753 E109.5331
G1 X91.391 Y70.922 E109.5458
G1 X91.631 Y71.119 E109.5562
G1 X91.830 Y71.362 E109.5666
G1 X91.977 Y71.638 E109.5770
G1 X92.068 Y71.938 E109.5874
G1 X92.099 Y72.250 E109.5979
G1 X92.068 Y72.562 E109.6083
G1 X91.977 Y72.862 E109.6187
G1 X91.830 Y73.138 E109.6291
G1 X91.631 Y73.381 E109.6396
G1 X91.388 Y73.580 E109.6500
G1 X91.277 Y73.639 E109.6542
G0 F1800 X91.112 Y73.727
G0 F1800 X90.812 Y73.818
G1 F3000 E104.6542
G0 F4200 X90.313 Y73.169
;TYPE:SOLID-FILL
;WIDTH:0.400
G1 F900 Z1.600
G1 F1500 E109.6542
G1 F2400 X91.398 Y72.084 E109.7052
G1 X91.397 Y72.071 E109.7057
G1 X91.344 Y71.897 E109.7117
G1 X91.264 Y71.743 E109.7175
G1 X91.223 Y71.694 E109.7196
G1 X89.747 Y73.169 E109.7890
G1 X89.181 Y73.169 E109.8078
G1 X90.909 Y71.442 E109.8891
G1 X90.796 Y71.388 E109.8933
G1 X90.677 Y71.352 E109.8974
G1 X90.456 Y71.329 E109.9048
G1 X88.616 Y73.169 E109.9913
G1 X88.050 Y73.169 E110.0102
G1 X89.890 Y71.329 E110.0967
G1 X89.325 Y71.329 E110.1155
G1 X87.484 Y73.169 E110.2021
G1 X86.918 Y73.169 E110.2209
G1 X88.759 Y71.329 E110.3075
G1 X88.193 Y71.329 E110.3263
G1 X86.353 Y73.169 E110.4128
G1 X85.787 Y73.169 E110.4317
G1 X87.628 Y71.329 E110.5182
G1 X87.419 Y71.330 E110.5252
G1 X87.419 Y70.972 E110.5371
G1 X85.221 Y73.169 E110.6405
G1 X84.656 Y73.169 E110.6593
G1 X87.419 Y70.406 E110.7892
G1 X87.419 Y69.840 E110.8080
G1 X84.090 Y73.169 E110.9646
G1 X83.524 Y73.169 E110.9835
G1 X85.364 Y71.330 E111.0700
G1 X84.799 Y71.330 E111.0888
G1 X82.959 Y73.169 E111.1753
G1 X82.543 Y73.169 E111.1891
G1 X82.406 Y73.157 E111.1937
G1 X84.233 Y71.330 E111.2796
G1 X83.667 Y71.330 E111.2985
G1 X81.986 Y73.010 E111.3775
G1 X81.852 Y72.899 E111.3833
G1 X81.773 Y72.801 E111.3875
G1 X81.721 Y72.710 E111.3910
G1 X83.102 Y71.330 E111.4559
G1 X82.543 Y71.330 E111.4745
G1 X82.535 Y71.330 E111.4748
G1 X81.940 Y71.926 E111.5028
G0 F2400 X81.587 Y72.279
G1 F3000 E106.5028
G1 F900 Z1.900
G0 F4200 X85.579 Y71.115
G1 F900 Z1.600
G1 F1500 E111.5028
G1 F2400 X87.419 Y69.275 E111.5893
G1 X87.419 Y68.709 E111.6082
G1 X85.579 Y70.549 E111.6947
G1 X85.579 Y69.983 E111.7135
G1 X87.419 Y68.143 E111.8001
G1 X87.419 Y67.578 E111.8189
G1 X85.579 Y69.418 E111.9054
G1 X85.579 Y68.852 E111.9242
G1 X87.419 Y67.012 E112.0108
G1 X87.419 Y66.446 E112.0296
G1 X85.579 Y68.286 E112.1162
G1 X85.579 Y67.721 E112.1349
G1 X87.419 Y65.881 E112.2215
G1 X87.419 Y65.315 E112.2403
G1 X85.579 Y67.155 E112.3269
G1 X85.579 Y66.589 E112.3457
G1 X87.419 Y64.749 E112.4322
G1 X87.419 Y64.184 E112.4510
G1 X85.579 Y66.023 E112.5376
G1 X85.579 Y65.458 E112.5564
G1 X87.419 Y63.618 E112.6429
G1 X87.419 Y63.052 E112.6617
G1 X85.579 Y64.892 E112.7483
G1 X85.579 Y64.326 E112.7671
G1 X87.419 Y62.487 E112.8536
G1 X87.419 Y61.921 E112.8724
G1 X85.579 Y63.761 E112.9590
G1 X85.579 Y63.195 E112.9778
G1 X87.419 Y61.355 E113.0644
G1 X87.419 Y60.789 E113.0832
G1 X85.579 Y62.629 E113.1697
G1 X85.579 Y62.064 E113.1885
G1 X87.288 Y60.355 E113.2689
G1 X87.110 Y59.967 E113.2831
G1 X85.579 Y61.498 E113.3551
G1 X85.579 Y60.932 E113.3740
G1 X86.933 Y59.579 E113.4376
G1 X86.755 Y59.191 E113.4518
G1 X85.812 Y60.134 E113.4962
G1 X86.251 Y59.173 E113.5313
G0 F2400 X86.288 Y59.092
G0 F2400 X86.578 Y58.802
G1 F3000 E108.5313
G1 F900 Z1.900
G0 F4200 X81.445 Y72.137
;TYPE:SOLID-FILL
;WIDTH:0.400
G1 F900 Z1.600
G1 F1500 E113.5313
G1 F3000 X81.387 Y72.195 E113.5340
G1 F3000 E108.5340
G1 F900 Z1.900
G0 F4200 X90.395 Y73.370
G1 F900 Z1.600
G1 F1500 E113.5340
G1 F3000 X90.454 Y73.311 E113.5368
;LAYER:8
;Z:1.800
;HEIGHT:0.200
G0 F900 Z1.800
G0 F4200 X90.733 Y73.424
;TYPE:WALL-INNER
;WIDTH:0.400
G1 F2400 X90.470 Y73.450 E113.5456
G1 X82.530 Y73.450 E113.8097
G1 X82.267 Y73.424 E113.8185
G1 X82.042 Y73.356 E113.8263
G1 X81.835 Y73.246 E113.8341
G1 X81.653 Y73.097 E113.8419
G1 X81.504 Y72.915 E113.8497
G1 X81.394 Y72.708 E113.8575
G1 X81.326 Y72.483 E113.8654
G1 X81.303 Y72.250 E113.8731
G1 X81.326 Y72.017 E113.8809
G1 X81.394 Y71.792 E113.8888
G1 X81.504 Y71.585 E113.8965
G1 X81.653 Y71.403 E113.9044
G1 X81.835 Y71.254 E113.9122
G1 X82.042 Y71.144 E113.9200
G1 X82.267 Y71.076 E113.9278
G1 X82.530 Y71.050 E113.9366
G1 X85.300 Y71.050 E114.0287
G1 X85.300 Y60.581 E114.3769
G1 X86.265 Y58.471 E114.4541
G1 X86.388 Y58.375 E114.4593
G1 X86.442 Y58.358 E114.4612
G1 X86.558 Y58.358 E114.4650
G1 X86.664 Y58.403 E114.4689
G1 X86.735 Y58.471 E114.4721
G1 X87.700 Y60.581 E114.5493
G1 X87.700 Y71.050 E114.8975
G1 X90.470 Y71.050 E114.9896
G1 X90.734 Y71.076 E114.9985
G1 X90.958 Y71.144 E115.0062
G1 X91.165 Y71.254 E115.0140
G1 X91.347 Y71.403 E115.0219
G1 X91.496 Y71.585 E115.0297
G1 X91.606 Y71.792 E115.0375
G1 X91.674 Y72.017 E115.0453
G1 X91.697 Y72.250 E115.0531
G1 X91.674 Y72.483 E115.0609
G1 X91.606 Y72.708 E115.0687
G1 X91.496 Y72.915 E115.0765
G1 X91.347 Y73.097 E115.0843
G1 X91.189 Y73.227 E115.0911
G0 F2400 X91.165 Y73.246
G0 F2400 X90.958 Y73.356
G0 F2400 X90.733 Y73.424
G1 F3000 E110.0911
G0 F4200 X90.812 Y73.818
;TYPE:WALL-OUTER
;WIDTH:0.400
G1 F900 Z1.800
G1 F1500 E115.0911
G1 F1800 X90.490 Y73.850 E115.1019
G1 X82.510 Y73.850 E115.3673
G1 X82.188 Y73.818 E115.3781
G1 X81.888 Y73.727 E115.3885
G1 X81.612 Y73.580 E115.3989
G1 X81.369 Y73.381 E115.4093
G1 X81.170 Y73.138 E115.4198
G1 X81.023 Y72.862 E115.4302
G1 X80.932 Y72.562 E115.4406
G1 X80.901 Y72.250 E115.4510
G1 X80.932 Y71.938 E115.4615
G1 X81.023 Y71.638 E115.4719
G1 X81.170 Y71.362 E115.4823
G1 X81.369 Y71.119 E115.4927
G1 X81.612 Y70.920 E115.5032
G1 X81.888 Y70.773 E115.5136
G1 X82.188 Y70.682 E115.5240
G1 X82.510 Y70.650 E115.5348
G1 X84.900 Y70.650 E115.6143
G1 X84.900 Y60.494 E115.9521
G1 X85.923 Y58.257 E116.0339
G1 X86.006 Y58.156 E116.0382
G1 X86.112 Y58.069 E116.0428
G1 X86.233 Y58.004 E116.0473
G1 X86.363 Y57.964 E116.0519
G1 X86.500 Y57.951 E116.0564
G1 X86.637 Y57.964 E116.0610
G1 X86.767 Y58.004 E116.0655
G1 X86.888 Y58.069 E116.0701
G1 X86.994 Y58.156 E116.0747
G1 X87.077 Y58.257 E116.0790
G1 X88.100 Y60.494 E116.1608
G1 X88.100 Y70.650 E116.4986
G1 X90.490 Y70.650 E116.5781
G1 X90.812 Y70.682 E116.5889
G1 X91.111 Y70.772 E116.5993
G1 X91.388 Y70.920 E116.6097
G1 X91.631 Y71.119 E116.6202
G1 X91.830 Y71.362 E116.6306
G1 X91.977 Y71.638 E116.6410
G1 X92.068 Y71.938 E116.6514
G1 X92.099 Y72.250 E116.6619
G1 X92.068 Y72.562 E116.6723
G1 X91.977 Y72.862 E116.6827
G1 X91.830 Y73.138 E116.6931
G1 X91.631 Y73.381 E116.7036
G1 X91.388 Y73.580 E116.7140
G1 X91.277 Y73.639 E116.7182
G0 F1800 X91.112 Y73.727
G0 F1800 X90.812 Y73.818
G1 F3000 E111.7182
G0 F4200 X90.575 Y71.342
;TYPE:SOLID-FILL
;WIDTH:0.400
G1 F900 Z1.800
G1 F1500 E116.7182
G1 F2400 X91.408 Y72.175 E116.7574
G1 X91.415 Y72.250 E116.7599
G1 X91.397 Y72.428 E116.7658
G1 X91.344 Y72.602 E116.7719
G1 X91.319 Y72.651 E116.7737
G1 X89.997 Y71.330 E116.8359
G1 X89.432 Y71.330 E116.8547
G1 X91.066 Y72.964 E116.9315
G1 X91.006 Y73.015 E116.9341
G1 X90.851 Y73.095 E116.9399
G1 X90.682 Y73.146 E116.9458
G1 X88.866 Y71.330 E117.0312
G1 X88.300 Y71.330 E117.0501
G1 X90.140 Y73.169 E117.1366
G1 X89.574 Y73.169 E117.1554
G1 X88.087 Y71.683 E117.2253
G0 F2400 X87.734 Y71.330
G1 F3000 E112.2253
G1 F900 Z2.100
G0 F4200 X82.146 Y73.095
G1 F900 Z1.800
G1 F1500 E117.2253
G1 F2400 X81.653 Y72.602 E117.2485
G1 X81.601 Y72.428 E117.2546
G1 X81.583 Y72.250 E117.2605
G1 X81.601 Y72.071 E117.2665
G1 X81.621 Y72.004 E117.2688
G1 X82.786 Y73.169 E117.3236
G1 X83.352 Y73.169 E117.3424
G1 X81.820 Y71.638 E117.4145
G1 X81.851 Y71.602 E117.4161
G1 X81.992 Y71.484 E117.4222
G1 X82.146 Y71.405 E117.4279
G1 X82.151 Y71.403 E117.4281
G1 X83.918 Y73.169 E117.5112
G1 X84.483 Y73.169 E117.5300
G1 X82.643 Y71.330 E117.6165
G1 X83.209 Y71.330 E117.6353
G1 X85.049 Y73.169 E117.7219
G1 X85.615 Y73.169 E117.7407
G1 X83.775 Y71.330 E117.8272
G1 X84.340 Y71.330 E117.8460
G1 X86.180 Y73.169 E117.9325
G1 X86.746 Y73.169 E117.9514
G1 X84.906 Y71.330 E118.0379
G1 X85.472 Y71.330 E118.0567
G1 X87.312 Y73.169 E118.1432
G1 X87.877 Y73.169 E118.1620
G1 X85.579 Y70.871 E118.2701
G1 X85.579 Y70.306 E118.2889
G1 X88.443 Y73.169 E118.4236
G1 X89.009 Y73.169 E118.4424
G1 X85.579 Y69.740 E118.6037
G1 X85.579 Y69.174 E118.6226
G1 X87.419 Y71.014 E118.7091
G1 X87.419 Y70.449 E118.7279
G1 X85.579 Y68.609 E118.8144
G1 X85.579 Y68.043 E118.8333
G1 X87.419 Y69.883 E118.9198
G1 X87.419 Y69.317 E118.9386
G1 X85.579 Y67.477 E119.0252
G1 X85.579 Y66.912 E119.0440
G1 X87.419 Y68.751 E119.1305
G1 X87.419 Y68.186 E119.1493
G1 X85.579 Y66.346 E119.2358
G1 X85.579 Y65.780 E119.2547
G1 X87.419 Y67.620 E119.3412
G1 X87.419 Y67.054 E119.3600
G1 X85.579 Y65.215 E119.4466
G1 X85.579 Y64.649 E119.4654
G1 X87.419 Y66.489 E119.5519
G1 X87.419 Y65.923 E119.5708
G1 X85.579 Y64.083 E119.6573
G1 X85.579 Y63.517 E119.6761
G1 X87.419 Y65.357 E119.7627
G1 X87.419 Y64.792 E119.7815
G1 X85.579 Y62.952 E119.8680
G1 X85.579 Y62.386 E119.8869
G1 X87.419 Y64.226 E119.9734
G1 X87.419 Y63.660 E119.9922
G1 X85.579 Y61.820 E120.0788
G1 X85.579 Y61.255 E120.0976
G1 X87.419 Y63.095 E120.1841
G1 X87.419 Y62.529 E120.2029
G1 X85.579 Y60.689 E120.2895
G1 X85.579 Y60.642 E120.2911
G1 X85.742 Y60.286 E120.3041
G1 X87.419 Y61.963 E120.3830
G1 X87.419 Y61.398 E120.4018
G1 X85.919 Y59.898 E120.4723
G1 X86.097 Y59.510 E120.4865
G1 X87.419 Y60.832 E120.5487
G1 X87.419 Y60.642 E120.5550
G1 X87.103 Y59.950 E120.5803
G1 X86.274 Y59.121 E120.6193
G1 X86.318 Y59.026 E120.6228
G0 F2400 X86.422 Y58.798
G0 F2400 X86.517 Y58.798
G0 F2400 X86.626 Y58.908
G1 F3000 E115.6228
G1 F900 Z2.100
G0 F4200 X98.130 Y73.450
;TYPE:WALL-INNER
;WIDTH:0.400
G1 F900 Z1.800
G1 F1500 E120.6228
G1 F2400 X97.867 Y73.424 E120.6316
G1 X97.642 Y73.356 E120.6394
G1 X97.435 Y73.246 E120.6472
G1 X97.253 Y73.097 E120.6550
G1 X97.104 Y72.915 E120.6628
G1 X96.994 Y72.708 E120.6706
G1 X96.926 Y72.483 E120.6784
G1 X96.903 Y72.250 E120.6862
G1 X96.926 Y72.017 E120.6940
G1 X96.994 Y71.792 E120.7018
G1 X97.104 Y71.585 E120.7096
G1 X97.253 Y71.403 E120.7175
G1 X97.435 Y71.254 E120.7253
G1 X97.642 Y71.144 E120.7331
G1 X97.867 Y71.076 E120.7409
G1 X98.130 Y71.050 E120.7497
G1 X100.900 Y71.050 E120.8418
G1 X100.900 Y60.581 E121.1900
G1 X101.865 Y58.471 E121.2672
G1 X101.988 Y58.375 E121.2724
G1 X102.042 Y58.358 E121.2743
G1 X102.158 Y58.358 E121.2781
G1 X102.264 Y58.403 E121.2820
G1 X102.335 Y58.471 E121.2852
G1 X103.300 Y60.581 E121.3624
G1 X103.300 Y71.050 E121.7106
G1 X106.070 Y71.050 E121.8027
G1 X106.334 Y71.076 E121.8115
G1 X106.558 Y71.144 E121.8193
G1 X106.765 Y71.254 E121.8271
G1 X106.947 Y71.403 E121.8350
G1 X107.096 Y71.585 E121.8428
G1 X107.206 Y71.792 E121.8506
G1 X107.274 Y72.017 E121.8584
G1 X107.297 Y72.250 E121.8662
G1 X107.274 Y72.483 E121.8740
G1 X107.206 Y72.708 E121.8818
G1 X107.096 Y72.915 E121.8896
G1 X106.947 Y73.097 E121.8974
G1 X106.765 Y73.246 E121.9052
G1 X106.558 Y73.356 E121.9130
G1 X106.333 Y73.424 E121.9208
G1 X106.070 Y73.450 E121.9296
G1 X98.630 Y73.450 E122.1771
G0 F2400 X98.130 Y73.450
G1 F3000 E117.1771
G0 F4200 X98.110 Y73.850
;TYPE:WALL-OUTER
;WIDTH:0.400
G1 F900 Z1.800
G1 F1500 E122.1771
G1 F1800 X97.788 Y73.818 E122.1878
G1 X97.488 Y73.727 E122.1983
G1 X97.212 Y73.580 E122.2087
G1 X96.969 Y73.381 E122.2191
G1 X96.770 Y73.138 E122.2296
G1 X96.623 Y72.862 E122.2400
G1 X96.532 Y72.562 E122.2504
G1 X96.501 Y72.250 E122.2608
G1 X96.532 Y71.938 E122.2713
G1 X96.623 Y71.638 E122.2817
G1 X96.770 Y71.362 E122.2921
G1 X96.969 Y71.119 E122.3025
G1 X97.212 Y70.920 E122.3130
G1 X97.488 Y70.773 E122.3234
G1 X97.788 Y70.682 E122.3338
G1 X98.110 Y70.650 E122.3446
G1 X100.500 Y70.650 E122.4241
G1 X100.500 Y60.494 E122.7618
G1 X101.523 Y58.257 E122.8437
G1 X101.606 Y58.156 E122.8480
G1 X101.712 Y58.069 E122.8526
G1 X101.833 Y58.004 E122.8571
G1 X101.963 Y57.964 E122.8617
G1 X102.100 Y57.951 E122.8662
G1 X102.237 Y57.964 E122.8708
G1 X102.367 Y58.004 E122.8753
G1 X102.488 Y58.069 E122.8799
G1 X102.594 Y58.156 E122.8845
G1 X102.677 Y58.257 E122.8888
G1 X103.700 Y60.494 E122.9706
G1 X103.700 Y70.650 E123.3084
G1 X106.090 Y70.650 E123.3879
G1 X106.412 Y70.682 E123.3987
G1 X106.711 Y70.772 E123.4091
G1 X106.988 Y70.920 E123.4195
G1 X107.231 Y71.119 E123.4300
G1 X107.430 Y71.362 E123.4404
G1 X107.577 Y71.638 E123.4508
G1 X107.668 Y71.938 E123.4612
G1 X107.699 Y72.250 E123.4717
G1 X107.668 Y72.562 E123.4821
G1 X107.577 Y72.862 E123.4925
G1 X107.430 Y73.138 E123.5029
G1 X107.231 Y73.381 E123.5134
G1 X106.988 Y73.580 E123.5238
G1 X106.712 Y73.727 E123.5342
G1 X106.412 Y73.818 E123.5446
G1 X106.090 Y73.850 E123.5554
G1 X98.610 Y73.850 E123.8042
G0 F1800 X98.110 Y73.850
G1 F3000 E118.8042
G0 F4200 X98.050 Y73.160
;TYPE:SOLID-FILL
;WIDTH:0.400
G1 F900 Z1.800
G1 F1500 E123.8042
G1 F2400 X97.188 Y72.298 E123.8447
G1 X97.183 Y72.249 E123.8464
G1 X97.201 Y72.071 E123.8523
G1 X97.254 Y71.897 E123.8584
G1 X97.287 Y71.832 E123.8608
G1 X98.625 Y73.169 E123.9237
G1 X99.191 Y73.169 E123.9425
G1 X97.546 Y71.524 E124.0199
G1 X97.592 Y71.484 E124.0219
G1 X97.746 Y71.405 E124.0277
G1 X97.920 Y71.352 E124.0337
G1 X97.937 Y71.350 E124.0343
G1 X99.757 Y73.169 E124.1199
G1 X100.322 Y73.169 E124.1387
G1 X98.483 Y71.330 E124.2252
G1 X99.048 Y71.330 E124.2440
G1 X100.888 Y73.169 E124.3305
G1 X101.454 Y73.169 E124.3493
G1 X99.614 Y71.330 E124.4358
G1 X100.180 Y71.330 E124.4547
G1 X102.019 Y73.169 E124.5412
G1 X102.585 Y73.169 E124.5600
G1 X100.745 Y71.330 E124.6465
G1 X101.179 Y71.329 E124.6610
G1 X101.179 Y71.197 E124.6653
G1 X103.151 Y73.169 E124.7581
G1 X103.717 Y73.169 E124.7769
G1 X101.179 Y70.632 E124.8963
G1 X101.179 Y70.066 E124.9151
G1 X104.282 Y73.169 E125.0611
G1 X104.848 Y73.169 E125.0799
G1 X101.179 Y69.500 E125.2525
G1 X101.179 Y68.935 E125.2713
G1 X103.019 Y70.775 E125.3578
G1 X103.019 Y70.210 E125.3766
G1 X101.179 Y68.369 E125.4632
G1 X101.179 Y67.803 E125.4820
G1 X103.019 Y69.644 E125.5686
G1 X103.019 Y69.078 E125.5874
G1 X101.179 Y67.238 E125.6739
G1 X101.179 Y66.672 E125.6928
G1 X103.019 Y68.512 E125.7793
G1 X103.019 Y67.947 E125.7981
G1 X101.179 Y66.106 E125.8847
G1 X101.179 Y65.541 E125.9035
G1 X103.019 Y67.381 E125.9900
G1 X103.019 Y66.815 E126.0088
G1 X101.179 Y64.975 E126.0954
G1 X101.179 Y64.409 E126.1142
G1 X103.019 Y66.250 E126.2008
G1 X103.019 Y65.684 E126.2196
G1 X101.179 Y63.843 E126.3062
G1 X101.179 Y63.278 E126.3250
G1 X103.019 Y65.118 E126.4115
G1 X103.019 Y64.553 E126.4303
G1 X101.179 Y62.712 E126.5169
G1 X101.179 Y62.146 E126.5357
G1 X103.019 Y63.987 E126.6223
G1 X103.019 Y63.421 E126.6411
G1 X101.179 Y61.581 E126.7277
G1 X101.179 Y61.015 E126.7465
G1 X103.019 Y62.856 E126.8331
G1 X103.019 Y62.290 E126.8519
G1 X101.239 Y60.509 E126.9356
G1 X101.416 Y60.121 E126.9498
G1 X103.019 Y61.724 E127.0252
G1 X103.019 Y61.159 E127.0440
G1 X101.594 Y59.733 E127.1111
G1 X101.771 Y59.345 E127.1252
G1 X102.978 Y60.551 E127.1820
G1 X102.500 Y59.508 E127.2202
G1 X102.302 Y59.310 E127.2295
G0 F2400 X101.949 Y58.957
G1 F3000 E122.2295
G1 F900 Z2.100
G0 F4200 X103.574 Y71.330
G1 F900 Z1.800
G1 F1500 E127.2295
G1 F2400 X105.414 Y73.169 E127.3160
G1 X105.979 Y73.169 E127.3348
G1 X104.139 Y71.330 E127.4213
G1 X104.705 Y71.330 E127.4401
G1 X106.464 Y73.088 E127.5228
G1 X106.606 Y73.014 E127.5282
G1 X106.746 Y72.897 E127.5342
G1 X106.788 Y72.847 E127.5364
G1 X105.271 Y71.330 E127.6078
G1 X105.836 Y71.330 E127.6266
G1 X106.983 Y72.476 E127.6805
G1 X106.997 Y72.429 E127.6821
G1 X107.015 Y72.250 E127.6881
G1 X106.997 Y72.070 E127.6941
G1 X106.944 Y71.897 E127.7001
G1 X106.917 Y71.844 E127.7021
G1 X106.858 Y71.785 E127.7049
G0 F2400 X106.505 Y71.432
G1 F3000 E122.7049
G1 F900 Z2.100
G0 F4200 X103.715 Y71.188
;TYPE:SOLID-FILL
;WIDTH:0.400
G1 F900 Z1.800
G1 F1500 E127.7049
G1 F3000 X103.656 Y71.129 E127.7077
G1 F3000 E122.7077
G1 F900 Z2.100
G0 F4200 X102.089 Y58.815
G1 F900 Z1.800
G1 F1500 E127.7077
G1 F3000 X101.887 Y58.612 E127.7172
;LAYER:9
;Z:2.000
;HEIGHT:0.200
G1 F3000 E122.7172
G0 F900 Z2.000
G0 F4200 X98.130 Y73.450
;TYPE:WALL-INNER
;WIDTH:0.400
G1 F900 Z2.000
G1 F1500 E127.7172
G1 F2400 X97.867 Y73.424 E127.7260
G1 X97.642 Y73.356 E127.7338
G1 X97.435 Y73.246 E127.7416
G1 X97.253 Y73.097 E127.7494
G1 X97.104 Y72.915 E127.7572
G1 X96.994 Y72.708 E127.7650
G1 X96.926 Y72.483 E127.7729
G1 X96.903 Y72.250 E127.7806
G1 X96.926 Y72.017 E127.7884
G1 X96.994 Y71.792 E127.7962
G1 X97.104 Y71.585 E127.8040
G1 X97.253 Y71.403 E127.8119
G1 X97.435 Y71.254 E127.8197
G1 X97.642 Y71.144 E127.8275
G1 X97.867 Y71.076 E127.8353
G1 X98.130 Y71.050 E127.8441
G1 X100.900 Y71.050 E127.9362
G1 X100.900 Y60.581 E128.2844
G1 X101.865 Y58.471 E128.3616
G1 X101.988 Y58.375 E128.3668
G1 X102.042 Y58.358 E128.3687
G1 X102.158 Y58.358 E128.3725
G1 X102.264 Y58.403 E128.3764
G1 X102.335 Y58.471 E128.3796
G1 X103.300 Y60.581 E128.4568
G1 X103.300 Y71.050 E128.8050
G1 X106.070 Y71.050 E128.8971
G1 X106.333 Y71.076 E128.9059
G1 X106.558 Y71.144 E128.9137
G1 X106.765 Y71.254 E128.9215
G1 X106.947 Y71.403 E128.9294
G1 X107.096 Y71.585 E128.9372
G1 X107.206 Y71.792 E128.9450
G1 X107.274 Y72.017 E128.9528
G1 X107.297 Y72.250 E128.9606
G1 X107.274 Y72.483 E128.9684
G1 X107.206 Y72.708 E128.9762
G1 X107.096 Y72.915 E128.9840
G1 X106.947 Y73.097 E128.9918
G1 X106.765 Y73.246 E128.9996
G1 X106.558 Y73.356 E129.0074
G1 X106.333 Y73.424 E129.0152
G1 X106.070 Y73.450 E129.0240
G1 X98.630 Y73.450 E129.2715
G0 F2400 X98.130 Y73.450
G1 F3000 E124.2715
G0 F4200 X98.110 Y73.850
;TYPE:WALL-OUTER
;WIDTH:0.400
G1 F900 Z2.000
G1 F1500 E129.2715
G1 F1800 X97.788 Y73.818 E129.2823
G1 X97.488 Y73.727 E129.2927
G1 X97.212 Y73.580 E129.3031
G1 X96.969 Y73.381 E129.3135
G1 X96.770 Y73.138 E129.3240
G1 X96.623 Y72.862 E129.3344
G1 X96.532 Y72.562 E129.3448
G1 X96.501 Y72.250 E129.3552
G1 X96.532 Y71.938 E129.3657
G1 X96.623 Y71.638 E129.3761
G1 X96.770 Y71.362 E129.3865
G1 X96.969 Y71.119 E129.3969
G1 X97.212 Y70.920 E129.4074
G1 X97.488 Y70.773 E129.4178
G1 X97.788 Y70.682 E129.4282
G1 X98.110 Y70.650 E129.4390
G1 X100.500 Y70.650 E129.5185
G1 X100.500 Y60.494 E129.8562
G1 X101.523 Y58.257 E129.9381
G1 X101.606 Y58.156 E129.9424
G1 X101.712 Y58.069 E129.9470
G1 X101.833 Y58.004 E129.9515
G1 X101.963 Y57.964 E129.9561
G1 X102.100 Y57.951 E129.9606
G1 X102.237 Y57.964 E129.9652
G1 X102.367 Y58.004 E129.9697
G1 X102.488 Y58.069 E129.9743
G1 X102.594 Y58.156 E129.9789
G1 X102.677 Y58.257 E129.9832
G1 X103.700 Y60.494 E130.0650
G1 X103.700 Y70.650 E130.4028
G1 X106.090 Y70.650 E130.4823
G1 X106.412 Y70.682 E130.4931
G1 X106.712 Y70.773 E130.5035
G1 X106.988 Y70.920 E130.5139
G1 X107.231 Y71.119 E130.5244
G1 X107.430 Y71.362 E130.5348
G1 X107.577 Y71.638 E130.5452
G1 X107.668 Y71.938 E130.5556
G1 X107.699 Y72.250 E130.5661
G1 X107.668 Y72.562 E130.5765
G1 X107.577 Y72.862 E130.5869
G1 X107.430 Y73.138 E130.5973
G1 X107.231 Y73.381 E130.6078
G1 X106.988 Y73.580 E130.6182
G1 X106.712 Y73.727 E130.6286
G1 X106.412 Y73.818 E130.6390
G1 X106.090 Y73.850 E130.6498
G1 X98.610 Y73.850 E130.8986
G0 F1800 X98.110 Y73.850
G1 F3000 E125.8986
G0 F4200 X97.722 Y71.417
;TYPE:SOLID-FILL
;WIDTH:0.400
G1 F900 Z2.000
G1 F1500 E130.8986
G1 F2400 X97.266 Y71.873 E130.9200
G1 X97.254 Y71.897 E130.9209
G1 X97.201 Y72.071 E130.9270
G1 X97.183 Y72.249 E130.9329
G1 X97.201 Y72.428 E130.9389
G1 X97.219 Y72.486 E130.9409
G1 X98.376 Y71.329 E130.9953
G1 X98.941 Y71.329 E131.0141
G1 X97.416 Y72.854 E131.0859
G1 X97.451 Y72.897 E131.0877
G1 X97.592 Y73.015 E131.0938
G1 X97.743 Y73.093 E131.0995
G1 X99.507 Y71.329 E131.1825
G1 X100.073 Y71.329 E131.2013
G1 X98.232 Y73.169 E131.2879
G1 X98.798 Y73.169 E131.3067
G1 X100.285 Y71.682 E131.3766
G0 F2400 X100.638 Y71.329
G1 F3000 E126.3766
G1 F900 Z2.300
G0 F4200 X106.162 Y73.160
G1 F900 Z2.000
G1 F1500 E131.3766
G1 F2400 X107.008 Y72.313 E131.4164
G1 X107.015 Y72.250 E131.4185
G1 X106.997 Y72.070 E131.4246
G1 X106.944 Y71.897 E131.4306
G1 X106.915 Y71.841 E131.4327
G1 X105.586 Y73.169 E131.4952
G1 X105.020 Y73.169 E131.5140
G1 X106.661 Y71.529 E131.5912
G1 X106.606 Y71.484 E131.5935
G1 X106.452 Y71.405 E131.5993
G1 X106.278 Y71.352 E131.6053
G1 X106.273 Y71.351 E131.6055
G1 X104.455 Y73.169 E131.6910
G1 X103.889 Y73.169 E131.7098
G1 X105.729 Y71.330 E131.7964
G1 X105.163 Y71.330 E131.8152
G1 X103.323 Y73.169 E131.9017
G1 X102.758 Y73.169 E131.9205
G1 X104.598 Y71.330 E132.0070
G1 X104.032 Y71.330 E132.0258
G1 X102.192 Y73.169 E132.1124
G1 X101.626 Y73.169 E132.1312
G1 X103.466 Y71.330 E132.2177
G1 X103.019 Y71.330 E132.2326
G1 X103.019 Y71.211 E132.2365
G1 X101.061 Y73.169 E132.3286
G1 X100.495 Y73.169 E132.3475
G1 X103.019 Y70.645 E132.4662
G1 X103.019 Y70.079 E132.4850
G1 X99.929 Y73.169 E132.6304
G1 X99.364 Y73.169 E132.6492
G1 X103.019 Y69.514 E132.8211
G1 X103.019 Y68.948 E132.8399
G1 X101.179 Y70.789 E132.9265
G1 X101.179 Y70.223 E132.9453
G1 X103.019 Y68.382 E133.0319
G1 X103.019 Y67.817 E133.0507
G1 X101.179 Y69.657 E133.1372
G1 X101.179 Y69.092 E133.1560
G1 X103.019 Y67.251 E133.2426
G1 X103.019 Y66.685 E133.2614
G1 X101.179 Y68.526 E133.3480
G1 X101.179 Y67.960 E133.3668
G1 X103.019 Y66.120 E133.4533
G1 X103.019 Y65.554 E133.4722
G1 X101.179 Y67.395 E133.5587
G1 X101.179 Y66.829 E133.5776
G1 X103.019 Y64.988 E133.6641
G1 X103.019 Y64.423 E133.6829
G1 X101.179 Y66.263 E133.7695
G1 X101.179 Y65.697 E133.7883
G1 X103.019 Y63.857 E133.8748
G1 X103.019 Y63.291 E133.8937
G1 X101.179 Y65.132 E133.9802
G1 X101.179 Y64.566 E133.9991
G1 X103.019 Y62.726 E134.0856
G1 X103.019 Y62.160 E134.1044
G1 X101.179 Y64.000 E134.1910
G1 X101.179 Y63.435 E134.2098
G1 X103.019 Y61.594 E134.2964
G1 X103.019 Y61.028 E134.3152
G1 X101.179 Y62.869 E134.4018
G1 X101.179 Y62.303 E134.4206
G1 X102.963 Y60.519 E134.5045
G1 X102.785 Y60.131 E134.5187
G1 X101.179 Y61.738 E134.5943
G1 X101.179 Y61.172 E134.6131
G1 X102.607 Y59.744 E134.6802
G1 X102.430 Y59.355 E134.6945
G1 X101.210 Y60.575 E134.7518
G1 X101.686 Y59.533 E134.7899
G1 X101.899 Y59.320 E134.8000
G0 F2400 X102.252 Y58.967
G0 F4200 X102.111 Y58.826
;TYPE:SOLID-FILL
;WIDTH:0.400
G1 F3000 X102.314 Y58.622 E134.8095
G1 F3000 E129.8095
G1 F900 Z2.300
G0 F4200 X100.555 Y71.129
G1 F900 Z2.000
G1 F1500 E134.8095
G1 F3000 X100.496 Y71.188 E134.8123
G1 F3000 E129.8123
G1 F900 Z2.300
G0 F4200 X90.733 Y73.424
;TYPE:WALL-INNER
;WIDTH:0.400
G1 F900 Z2.000
G1 F1500 E134.8123
G1 F2400 X90.470 Y73.450 E134.8211
G1 X82.530 Y73.450 E135.0852
G1 X82.267 Y73.424 E135.0940
G1 X82.042 Y73.356 E135.1018
G1 X81.835 Y73.246 E135.1096
G1 X81.653 Y73.097 E135.1174
G1 X81.504 Y72.915 E135.1252
G1 X81.394 Y72.708 E135.1330
G1 X81.326 Y72.483 E135.1409
G1 X81.303 Y72.250 E135.1486
G1 X81.326 Y72.017 E135.1564
G1 X81.394 Y71.792 E135.1642
G1 X81.504 Y71.585 E135.1720
G1 X81.653 Y71.403 E135.1799
G1 X81.835 Y71.254 E135.1877
G1 X82.042 Y71.144 E135.1955
G1 X82.267 Y71.076 E135.2033
G1 X82.530 Y71.050 E135.2121
G1 X85.300 Y71.050 E135.3042
G1 X85.300 Y60.581 E135.6524
G1 X86.265 Y58.471 E135.7296
G1 X86.388 Y58.375 E135.7348
G1 X86.442 Y58.358 E135.7367
G1 X86.558 Y58.358 E135.7405
G1 X86.664 Y58.403 E135.7444
G1 X86.735 Y58.471 E135.7476
G1 X87.700 Y60.581 E135.8248
G1 X87.700 Y71.050 E136.1730
G1 X90.470 Y71.050 E136.2651
G1 X90.733 Y71.076 E136.2739
G1 X90.958 Y71.144 E136.2817
G1 X91.165 Y71.254 E136.2895
G1 X91.347 Y71.403 E136.2974
G1 X91.496 Y71.585 E136.3052
G1 X91.606 Y71.792 E136.3130
G1 X91.674 Y72.017 E136.3208
G1 X91.697 Y72.250 E136.3286
G1 X91.674 Y72.483 E136.3364
G1 X91.606 Y72.708 E136.3442
G1 X91.496 Y72.915 E136.3520
G1 X91.347 Y73.097 E136.3598
G1 X91.189 Y73.227 E136.3666
G0 F2400 X91.165 Y73.246
G0 F2400 X90.958 Y73.356
G0 F2400 X90.733 Y73.424
G1 F3000 E131.3666
G0 F4200 X90.812 Y73.818
;TYPE:WALL-OUTER
;WIDTH:0.400
G1 F900 Z2.000
G1 F1500 E136.3666
G1 F1800 X90.490 Y73.850 E136.3774
G1 X82.510 Y73.850 E136.6428
G1 X82.188 Y73.818 E136.6536
G1 X81.888 Y73.727 E136.6640
G1 X81.612 Y73.580 E136.6744
G1 X81.369 Y73.381 E136.6848
G1 X81.170 Y73.138 E136.6953
G1 X81.023 Y72.862 E136.7057
G1 X80.932 Y72.562 E136.7161
G1 X80.901 Y72.250 E136.7265
G1 X80.932 Y71.938 E136.7370
G1 X81.023 Y71.638 E136.7474
G1 X81.170 Y71.362 E136.7578
G1 X81.369 Y71.119 E136.7682
G1 X81.612 Y70.920 E136.7787
G1 X81.888 Y70.773 E136.7891
G1 X82.188 Y70.682 E136.7995
G1 X82.510 Y70.650 E136.8103
G1 X84.900 Y70.650 E136.8898
G1 X84.900 Y60.494 E137.2275
G1 X85.923 Y58.257 E137.3094
G1 X86.006 Y58.156 E137.3137
G1 X86.112 Y58.069 E137.3183
G1 X86.233 Y58.004 E137.3228
G1 X86.363 Y57.964 E137.3274
G1 X86.500 Y57.951 E137.3319
G1 X86.637 Y57.964 E137.3365
G1 X86.767 Y58.004 E137.3410
G1 X86.888 Y58.069 E137.3456
G1 X86.994 Y58.156 E137.3502
G1 X87.077 Y58.257 E137.3545
G1 X88.100 Y60.494 E137.4363
G1 X88.100 Y70.650 E137.7741
G1 X90.490 Y70.650 E137.8536
G1 X90.812 Y70.682 E137.8644
G1 X91.112 Y70.773 E137.8748
G1 X91.388 Y70.920 E137.8852
G1 X91.631 Y71.119 E137.8957
G1 X91.830 Y71.362 E137.9061
G1 X91.977 Y71.638 E137.9165
G1 X92.068 Y71.938 E137.9269
G1 X92.099 Y72.250 E137.9374
G1 X92.068 Y72.562 E137.9478
G1 X91.977 Y72.862 E137.9582
G1 X91.830 Y73.138 E137.9686
G1 X91.631 Y73.381 E137.9791
G1 X91.388 Y73.580 E137.9895
G1 X91.277 Y73.639 E137.9937
G0 F1800 X91.112 Y73.727
G0 F1800 X90.812 Y73.818
G1 F3000 E132.9937
G0 F4200 X90.313 Y73.169
;TYPE:SOLID-FILL
;WIDTH:0.400
G1 F900 Z2.000
G1 F1500 E137.9937
G1 F2400 X91.398 Y72.084 E138.0447
G1 X91.397 Y72.071 E138.0452
G1 X91.344 Y71.897 E138.0512
G1 X91.264 Y71.743 E138.0570
G1 X91.223 Y71.694 E138.0591
G1 X89.747 Y73.169 E138.1285
G1 X89.181 Y73.169 E138.1473
G1 X90.914 Y71.436 E138.2288
G1 X90.851 Y71.405 E138.2312
G1 X90.678 Y71.352 E138.2372
G1 X90.456 Y71.329 E138.2446
G1 X88.616 Y73.169 E138.3312
G1 X88.050 Y73.169 E138.3500
G1 X89.890 Y71.329 E138.4365
G1 X89.325 Y71.329 E138.4553
G1 X87.484 Y73.169 E138.5419
G1 X86.918 Y73.169 E138.5607
G1 X88.759 Y71.329 E138.6473
G1 X88.193 Y71.329 E138.6661
G1 X86.353 Y73.169 E138.7527
G1 X85.787 Y73.169 E138.7715
G1 X87.628 Y71.329 E138.8581
G1 X87.419 Y71.330 E138.8650
G1 X87.419 Y70.972 E138.8769
G1 X85.221 Y73.169 E138.9803
G1 X84.656 Y73.169 E138.9991
G1 X87.419 Y70.406 E139.1290
G1 X87.419 Y69.840 E139.1479
G1 X84.090 Y73.169 E139.3045
G1 X83.524 Y73.169 E139.3233
G1 X85.364 Y71.330 E139.4098
G1 X84.799 Y71.330 E139.4286
G1 X82.959 Y73.169 E139.5151
G1 X82.543 Y73.169 E139.5290
G1 X82.406 Y73.157 E139.5335
G1 X84.233 Y71.330 E139.6195
G1 X83.667 Y71.330 E139.6383
G1 X81.986 Y73.010 E139.7173
G1 X81.851 Y72.897 E139.7232
G1 X81.734 Y72.757 E139.7293
G1 X81.714 Y72.717 E139.7308
G1 X83.102 Y71.330 E139.7960
G1 X82.543 Y71.330 E139.8146
G1 X82.535 Y71.330 E139.8149
G1 X81.940 Y71.926 E139.8429
G0 F2400 X81.587 Y72.279
G1 F3000 E134.8429
G1 F900 Z2.300
G0 F4200 X85.579 Y71.115
G1 F900 Z2.000
G1 F1500 E139.8429
G1 F2400 X87.419 Y69.275 E139.9294
G1 X87.419 Y68.709 E139.9483
G1 X85.579 Y70.549 E140.0348
G1 X85.579 Y69.983 E140.0536
G1 X87.419 Y68.143 E140.1402
G1 X87.419 Y67.578 E140.1590
G1 X85.579 Y69.418 E140.2455
G1 X85.579 Y68.852 E140.2643
G1 X87.419 Y67.012 E140.3509
G1 X87.419 Y66.446 E140.3697
G1 X85.579 Y68.286 E140.4563
G1 X85.579 Y67.721 E140.4751
G1 X87.419 Y65.881 E140.5616
G1 X87.419 Y65.315 E140.5804
G1 X85.579 Y67.155 E140.6670
G1 X85.579 Y66.589 E140.6858
G1 X87.419 Y64.749 E140.7724
G1 X87.419 Y64.184 E140.7911
G1 X85.579 Y66.023 E140.8777
G1 X85.579 Y65.458 E140.8965
G1 X87.419 Y63.618 E140.9830
G1 X87.419 Y63.052 E141.0018
G1 X85.579 Y64.892 E141.0884
G1 X85.579 Y64.326 E141.1072
G1 X87.419 Y62.487 E141.1937
G1 X87.419 Y61.921 E141.2126
G1 X85.579 Y63.761 E141.2991
G1 X85.579 Y63.195 E141.3179
G1 X87.419 Y61.355 E141.4045
G1 X87.419 Y60.789 E141.4233
G1 X85.579 Y62.629 E141.5099
G1 X85.579 Y62.064 E141.5286
G1 X87.288 Y60.355 E141.6090
G1 X87.110 Y59.967 E141.6232
G1 X85.579 Y61.498 E141.6952
G1 X85.579 Y60.932 E141.7141
G1 X86.933 Y59.579 E141.7777
G1 X86.755 Y59.191 E141.7919
G1 X85.812 Y60.134 E141.8363
G1 X86.251 Y59.173 E141.8714
G0 F2400 X86.288 Y59.092
G0 F2400 X86.578 Y58.802
G1 F3000 E136.8714
G1 F900 Z2.300
G0 F4200 X81.445 Y72.137
;TYPE:SOLID-FILL
;WIDTH:0.400
G1 F900 Z2.000
G1 F1500 E141.8714
G1 F3000 X81.387 Y72.195 E141.8742
G1 F3000 E136.8742
G1 F900 Z2.300
G0 F4200 X90.395 Y73.370
G1 F900 Z2.000
G1 F1500 E141.8742
G1 F3000 X90.454 Y73.311 E141.8769
;LAYER:10
;Z:2.200
;HEIGHT:0.200
G0 F900 Z2.200
G0 F4200 X90.733 Y73.424
;TYPE:WALL-INNER
;WIDTH:0.400
G1 F2400 X90.470 Y73.450 E141.8857
G1 X82.530 Y73.450 E142.1498
G1 X82.267 Y73.424 E142.1586
G1 X82.042 Y73.356 E142.1664
G1 X81.835 Y73.246 E142.1742
G1 X81.653 Y73.097 E142.1820
G1 X81.504 Y72.915 E142.1899
G1 X81.394 Y72.708 E142.1977
G1 X81.326 Y72.483 E142.2055
G1 X81.303 Y72.250 E142.2133
G1 X81.326 Y72.017 E142.2210
G1 X81.394 Y71.792 E142.2289
G1 X81.504 Y71.585 E142.2367
G1 X81.653 Y71.403 E142.2445
G1 X81.835 Y71.254 E142.2523
G1 X82.042 Y71.144 E142.2601
G1 X82.267 Y71.076 E142.2679
G1 X82.530 Y71.050 E142.2767
G1 X85.300 Y71.050 E142.3688
G1 X85.300 Y60.581 E142.7170
G1 X86.265 Y58.471 E142.7942
G1 X86.388 Y58.375 E142.7994
G1 X86.442 Y58.358 E142.8013
G1 X86.558 Y58.358 E142.8051
G1 X86.664 Y58.403 E142.8090
G1 X86.735 Y58.471 E142.8122
G1 X87.700 Y60.581 E142.8894
G1 X87.700 Y71.050 E143.2376
G1 X90.470 Y71.050 E143.3297
G1 X90.733 Y71.076 E143.3385
G1 X90.958 Y71.144 E143.3464
G1 X91.165 Y71.254 E143.3541
G1 X91.347 Y71.403 E143.3620
G1 X91.496 Y71.585 E143.3698
G1 X91.606 Y71.792 E143.3776
G1 X91.674 Y72.017 E143.3854
G1 X91.697 Y72.250 E143.3932
G1 X91.674 Y72.483 E143.4010
G1 X91.606 Y72.708 E143.4088
G1 X91.496 Y72.915 E143.4166
G1 X91.347 Y73.097 E143.4244
G1 X91.189 Y73.227 E143.4312
G0 F2400 X91.165 Y73.246
G0 F2400 X90.958 Y73.356
G0 F2400 X90.733 Y73.424
G1 F3000 E138.4312
G0 F4200 X90.812 Y73.818
;TYPE:WALL-OUTER
;WIDTH:0.400
G1 F900 Z2.200
G1 F1500 E143.4312
G1 F1800 X90.490 Y73.850 E143.4420
G1 X82.510 Y73.850 E143.7074
G1 X82.188 Y73.818 E143.7182
G1 X81.888 Y73.727 E143.7286
G1 X81.612 Y73.580 E143.7390
G1 X81.369 Y73.381 E143.7494
G1 X81.170 Y73.138 E143.7599
G1 X81.023 Y72.862 E143.7703
G1 X80.932 Y72.562 E143.7807
G1 X80.901 Y72.250 E143.7911
G1 X80.932 Y71.938 E143.8016
G1 X81.023 Y71.638 E143.8120
G1 X81.170 Y71.362 E143.8224
G1 X81.369 Y71.119 E143.8328
G1 X81.612 Y70.920 E143.8433
G1 X81.888 Y70.773 E143.8537
G1 X82.188 Y70.682 E143.8641
G1 X82.510 Y70.650 E143.8749
G1 X84.900 Y70.650 E143.9544
G1 X84.900 Y60.494 E144.2922
G1 X85.923 Y58.257 E144.3740
G1 X86.006 Y58.156 E144.3783
G1 X86.112 Y58.069 E144.3829
G1 X86.233 Y58.004 E144.3875
G1 X86.363 Y57.964 E144.3920
G1 X86.500 Y57.951 E144.3966
G1 X86.637 Y57.964 E144.4011
G1 X86.767 Y58.004 E144.4057
G1 X86.888 Y58.069 E144.4102
G1 X86.994 Y58.156 E144.4148
G1 X87.077 Y58.257 E144.4191
G1 X88.100 Y60.494 E144.5009
G1 X88.100 Y70.650 E144.8387
G1 X90.490 Y70.650 E144.9182
G1 X90.812 Y70.682 E144.9290
G1 X91.112 Y70.773 E144.9394
G1 X91.388 Y70.920 E144.9498
G1 X91.631 Y71.119 E144.9603
G1 X91.830 Y71.362 E144.9707
G1 X91.977 Y71.638 E144.9811
G1 X92.068 Y71.938 E144.9915
G1 X92.099 Y72.250 E145.0020
G1 X92.068 Y72.562 E145.0124
G1 X91.977 Y72.862 E145.0228
G1 X91.830 Y73.138 E145.0332
G1 X91.631 Y73.381 E145.0437
G1 X91.388 Y73.580 E145.0541
G1 X91.277 Y73.639 E145.0583
G0 F1800 X91.112 Y73.727
G0 F1800 X90.812 Y73.818
G1 F3000 E140.0583
G0 F4200 X90.575 Y71.342
;TYPE:SOLID-FILL
;WIDTH:0.400
G1 F900 Z2.200
G1 F1500 E145.0583
G1 F2400 X91.408 Y72.175 E145.0975
G1 X91.415 Y72.250 E145.1000
G1 X91.397 Y72.428 E145.1059
G1 X91.344 Y72.602 E145.1120
G1 X91.319 Y72.651 E145.1138
G1 X89.997 Y71.330 E145.1760
G1 X89.432 Y71.330 E145.1948
G1 X91.066 Y72.964 E145.2716
G1 X91.006 Y73.015 E145.2742
G1 X90.851 Y73.095 E145.2800
G1 X90.682 Y73.146 E145.2859
G1 X88.866 Y71.330 E145.3713
G1 X88.300 Y71.330 E145.3902
G1 X90.140 Y73.169 E145.4767
G1 X89.574 Y73.169 E145.4955
G1 X88.087 Y71.683 E145.5654
G0 F2400 X87.734 Y71.330
G1 F3000 E140.5654
G1 F900 Z2.500
G0 F4200 X82.146 Y73.095
G1 F900 Z2.200
G1 F1500 E145.5654
G1 F2400 X81.653 Y72.602 E145.5886
G1 X81.601 Y72.428 E145.5947
G1 X81.583 Y72.250 E145.6006
G1 X81.601 Y72.071 E145.6066
G1 X81.621 Y72.004 E145.6089
G1 X82.786 Y73.169 E145.6637
G1 X83.352 Y73.169 E145.6825
G1 X81.820 Y71.638 E145.7546
G1 X81.851 Y71.602 E145.7562
G1 X81.992 Y71.484 E145.7623
G1 X82.146 Y71.405 E145.7680
G1 X82.151 Y71.403 E145.7682
G1 X83.918 Y73.169 E145.8513
G1 X84.483 Y73.169 E145.8701
G1 X82.643 Y71.330 E145.9566
G1 X83.209 Y71.330 E145.9754
G1 X85.049 Y73.169 E146.0620
G1 X85.615 Y73.169 E146.0808
G1 X83.775 Y71.330 E146.1673
G1 X84.340 Y71.330 E146.1861
G1 X86.180 Y73.169 E146.2726
G1 X86.746 Y73.169 E146.2915
G1 X84.906 Y71.330 E146.3780
G1 X85.472 Y71.330 E146.3968
G1 X87.312 Y73.169 E146.4833
G1 X87.877 Y73.169 E146.5021
G1 X85.579 Y70.871 E146.6102
G1 X85.579 Y70.306 E146.6290
G1 X88.443 Y73.169 E146.7637
G1 X89.009 Y73.169 E146.7825
G1 X85.579 Y69.740 E146.9438
G1 X85.579 Y69.174 E146.9627
G1 X87.419 Y71.014 E147.0492
G1 X87.419 Y70.449 E147.0680
G1 X85.579 Y68.609 E147.1546
G1 X85.579 Y68.043 E147.1734
G1 X87.419 Y69.883 E147.2599
G1 X87.419 Y69.317 E147.2788
G1 X85.579 Y67.477 E147.3653
G1 X85.579 Y66.912 E147.3841
G1 X87.419 Y68.751 E147.4706
G1 X87.419 Y68.186 E147.4894
G1 X85.579 Y66.346 E147.5760
G1 X85.579 Y65.780 E147.5948
G1 X87.419 Y67.620 E147.6813
G1 X87.419 Y67.054 E147.7002
G1 X85.579 Y65.215 E147.7867
G1 X85.579 Y64.649 E147.8055
G1 X87.419 Y66.489 E147.8921
G1 X87.419 Y65.923 E147.9109
G1 X85.579 Y64.083 E147.9974
G1 X85.579 Y63.517 E148.0162
G1 X87.419 Y65.357 E148.1028
G1 X87.419 Y64.792 E148.1216
G1 X85.579 Y62.952 E148.2081
G1 X85.579 Y62.386 E148.2270
G1 X87.419 Y64.226 E148.3135
G1 X87.419 Y63.660 E148.3323
G1 X85.579 Y61.820 E148.4189
G1 X85.579 Y61.255 E148.4377
G1 X87.419 Y63.095 E148.5242
G1 X87.419 Y62.529 E148.5430
G1 X85.579 Y60.689 E148.6296
G1 X85.579 Y60.642 E148.6312
G1 X85.742 Y60.286 E148.6442
G1 X87.419 Y61.963 E148.7231
G1 X87.419 Y61.398 E148.7419
G1 X85.919 Y59.898 E148.8124
G1 X86.097 Y59.510 E148.8266
G1 X87.419 Y60.832 E148.8888
G1 X87.419 Y60.642 E148.8951
G1 X87.103 Y59.950 E148.9204
G1 X86.274 Y59.121 E148.9594
G1 X86.318 Y59.026 E148.9629
G0 F2400 X86.422 Y58.798
G0 F2400 X86.517 Y58.798
G0 F2400 X86.626 Y58.908
G1 F3000 E143.9629
G1 F900 Z2.500
G0 F4200 X98.130 Y73.450
;TYPE:WALL-INNER
;WIDTH:0.400
G1 F900 Z2.200
G1 F1500 E148.9629
G1 F2400 X97.867 Y73.424 E148.9717
G1 X97.642 Y73.356 E148.9795
G1 X97.435 Y73.246 E148.9873
G1 X97.253 Y73.097 E148.9951
G1 X97.104 Y72.915 E149.0029
G1 X96.994 Y72.708 E149.0107
G1 X96.926 Y72.483 E149.0186
G1 X96.903 Y72.250 E149.0263
G1 X96.926 Y72.017 E149.0341
G1 X96.994 Y71.792 E149.0419
G1 X97.104 Y71.585 E149.0497
G1 X97.253 Y71.403 E149.0576
G1 X97.435 Y71.254 E149.0654
G1 X97.642 Y71.144 E149.0732
G1 X97.867 Y71.076 E149.0810
G1 X98.130 Y71.050 E149.0898
G1 X100.900 Y71.050 E149.1819
G1 X100.900 Y60.581 E149.5301
G1 X101.865 Y58.471 E149.6073
G1 X101.988 Y58.375 E149.6125
G1 X102.042 Y58.358 E149.6144
G1 X102.158 Y58.358 E149.6182
G1 X102.264 Y58.403 E149.6221
G1 X102.335 Y58.471 E149.6253
G1 X103.300 Y60.581 E149.7025
G1 X103.300 Y71.050 E150.0507
G1 X106.070 Y71.050 E150.1428
G1 X106.333 Y71.076 E150.1516
G1 X106.558 Y71.144 E150.1594
G1 X106.765 Y71.254 E150.1672
G1 X106.947 Y71.403 E150.1751
G1 X107.096 Y71.585 E150.1829
G1 X107.206 Y71.792 E150.1907
G1 X107.274 Y72.017 E150.1985
G1 X107.297 Y72.250 E150.2063
G1 X107.274 Y72.483 E150.2141
G1 X107.206 Y72.708 E150.2219
G1 X107.096 Y72.915 E150.2297
G1 X106.947 Y73.097 E150.2375
G1 X106.765 Y73.246 E150.2453
G1 X106.558 Y73.356 E150.2531
G1 X106.333 Y73.424 E150.2609
G1 X106.070 Y73.450 E150.2697
G1 X98.630 Y73.450 E150.5172
G0 F2400 X98.130 Y73.450
G1 F3000 E145.5172
G0 F4200 X98.110 Y73.850
;TYPE:WALL-OUTER
;WIDTH:0.400
G1 F900 Z2.200
G1 F1500 E150.5172
G1 F1800 X97.788 Y73.818 E150.5279
G1 X97.488 Y73.727 E150.5384
G1 X97.212 Y73.580 E150.5488
G1 X96.969 Y73.381 E150.5592
G1 X96.770 Y73.138 E150.5697
G1 X96.623 Y72.862 E150.5801
G1 X96.532 Y72.562 E150.5905
G1 X96.501 Y72.250 E150.6009
G1 X96.532 Y71.938 E150.6114
G1 X96.623 Y71.638 E150.6218
G1 X96.770 Y71.362 E150.6322
G1 X96.969 Y71.119 E150.6426
G1 X97.212 Y70.920 E150.6531
G1 X97.488 Y70.773 E150.6635
G1 X97.788 Y70.682 E150.6739
G1 X98.110 Y70.650 E150.6847
G1 X100.500 Y70.650 E150.7642
G1 X100.500 Y60.494 E151.1019
G1 X101.523 Y58.257 E151.1838
G1 X101.606 Y58.156 E151.1881
G1 X101.712 Y58.069 E151.1927
G1 X101.833 Y58.004 E151.1972
G1 X101.963 Y57.964 E151.2018
G1 X102.100 Y57.951 E151.2063
G1 X102.237 Y57.964 E151.2109
G1 X102.367 Y58.004 E151.2154
G1 X102.488 Y58.069 E151.2200
G1 X102.594 Y58.156 E151.2246
G1 X102.677 Y58.257 E151.2289
G1 X103.700 Y60.494 E151.3107
G1 X103.700 Y70.650 E151.6485
G1 X106.090 Y70.650 E151.7280
G1 X106.412 Y70.682 E151.7388
G1 X106.712 Y70.773 E151.7492
G1 X106.988 Y70.920 E151.7596
G1 X107.231 Y71.119 E151.7701
G1 X107.430 Y71.362 E151.7805
G1 X107.577 Y71.638 E151.7909
G1 X107.668 Y71.938 E151.8013
G1 X107.699 Y72.250 E151.8118
G1 X107.668 Y72.562 E151.8222
G1 X107.577 Y72.862 E151.8326
G1 X107.430 Y73.138 E151.8430
G1 X107.231 Y73.381 E151.8535
G1 X106.988 Y73.580 E151.8639
G1 X106.712 Y73.727 E151.8743
G1 X106.412 Y73.818 E151.8847
G1 X106.090 Y73.850 E151.8955
G1 X98.610 Y73.850 E152.1443
G0 F1800 X98.110 Y73.850
G1 F3000 E147.1443
G0 F4200 X98.050 Y73.160
;TYPE:SOLID-FILL
;WIDTH:0.400
G1 F900 Z2.200
G1 F1500 E152.1443
G1 F2400 X97.188 Y72.298 E152.1848
G1 X97.183 Y72.249 E152.1865
G1 X97.201 Y72.071 E152.1924
G1 X97.254 Y71.897 E152.1985
G1 X97.287 Y71.832 E152.2009
G1 X98.625 Y73.169 E152.2638
G1 X99.191 Y73.169 E152.2826
G1 X97.546 Y71.524 E152.3600
G1 X97.592 Y71.484 E152.3620
G1 X97.746 Y71.405 E152.3678
G1 X97.920 Y71.352 E152.3738
G1 X97.937 Y71.350 E152.3744
G1 X99.757 Y73.169 E152.4600
G1 X100.322 Y73.169 E152.4788
G1 X98.483 Y71.330 E152.5653
G1 X99.048 Y71.330 E152.5841
G1 X100.888 Y73.169 E152.6706
G1 X101.454 Y73.169 E152.6894
G1 X99.614 Y71.330 E152.7759
G1 X100.180 Y71.330 E152.7948
G1 X102.019 Y73.169 E152.8813
G1 X102.585 Y73.169 E152.9001
G1 X100.745 Y71.330 E152.9866
G1 X101.179 Y71.329 E153.0011
G1 X101.179 Y71.197 E153.0054
G1 X103.151 Y73.169 E153.0982
G1 X103.717 Y73.169 E153.1170
G1 X101.179 Y70.632 E153.2364
G1 X101.179 Y70.066 E153.2552
G1 X104.282 Y73.169 E153.4012
G1 X104.848 Y73.169 E153.4200
G1 X101.179 Y69.500 E153.5926
G1 X101.179 Y68.935 E153.6114
G1 X103.019 Y70.775 E153.6979
G1 X103.019 Y70.210 E153.7167
G1 X101.179 Y68.369 E153.8033
G1 X101.179 Y67.803 E153.8221
G1 X103.019 Y69.644 E153.9087
G1 X103.019 Y69.078 E153.9275
G1 X101.179 Y67.238 E154.0140
G1 X101.179 Y66.672 E154.0329
G1 X103.019 Y68.512 E154.1194
G1 X103.019 Y67.947 E154.1382
G1 X101.179 Y66.106 E154.2248
G1 X101.179 Y65.541 E154.2436
G1 X103.019 Y67.381 E154.3301
G1 X103.019 Y66.815 E154.3489
G1 X101.179 Y64.975 E154.4355
G1 X101.179 Y64.409 E154.4543
G1 X103.019 Y66.250 E154.5409
G1 X103.019 Y65.684 E154.5597
G1 X101.179 Y63.843 E154.6463
G1 X101.179 Y63.278 E154.6651
G1 X103.019 Y65.118 E154.7516
G1 X103.019 Y64.553 E154.7704
G1 X101.179 Y62.712 E154.8570
G1 X101.179 Y62.146 E154.8758
G1 X103.019 Y63.987 E154.9624
G1 X103.019 Y63.421 E154.9812
G1 X101.179 Y61.581 E155.0678
G1 X101.179 Y61.015 E155.0866
G1 X103.019 Y62.856 E155.1732
G1 X103.019 Y62.290 E155.1920
G1 X101.239 Y60.509 E155.2757
G1 X101.416 Y60.121 E155.2899
G1 X103.019 Y61.724 E155.3653
G1 X103.019 Y61.159 E155.3841
G1 X101.594 Y59.733 E155.4512
G1 X101.771 Y59.345 E155.4653
G1 X102.978 Y60.551 E155.5221
G1 X102.500 Y59.508 E155.5603
G1 X102.302 Y59.310 E155.5696
G0 F2400 X101.949 Y58.957
G1 F3000 E150.5696
G1 F900 Z2.500
G0 F4200 X103.574 Y71.330
G1 F900 Z2.200
G1 F1500 E155.5696
G1 F2400 X105.414 Y73.169 E155.6561
G1 X105.979 Y73.169 E155.6749
G1 X104.139 Y71.330 E155.7614
G1 X104.705 Y71.330 E155.7802
G1 X106.464 Y73.088 E155.8629
G1 X106.606 Y73.014 E155.8683
G1 X106.746 Y72.897 E155.8743
G1 X106.788 Y72.847 E155.8765
G1 X105.271 Y71.330 E155.9479
G1 X105.836 Y71.330 E155.9667
G1 X106.983 Y72.476 E156.0206
G1 X106.997 Y72.429 E156.0222
G1 X107.015 Y72.250 E156.0282
G1 X106.997 Y72.070 E156.0342
G1 X106.944 Y71.897 E156.0402
G1 X106.917 Y71.844 E156.0422
G1 X106.858 Y71.785 E156.0450
G0 F2400 X106.505 Y71.432
G1 F3000 E151.0450
G1 F900 Z2.500
G0 F4200 X103.715 Y71.188
;TYPE:SOLID-FILL
;WIDTH:0.400
G1 F900 Z2.200
G1 F1500 E156.0450
G1 F3000 X103.656 Y71.129 E156.0478
G1 F3000 E151.0478
G1 F900 Z2.500
G0 F4200 X102.089 Y58.815
G1 F900 Z2.200
G1 F1500 E156.0478
G1 F3000 X101.887 Y58.612 E156.0573
;LAYER:11
;Z:2.400
;HEIGHT:0.200
G1 F3000 E151.0573
G0 F900 Z2.400
G0 F4200 X98.130 Y73.450
;TYPE:WALL-INNER
;WIDTH:0.400
G1 F900 Z2.400
G1 F1500 E156.0573
G1 F2400 X97.867 Y73.424 E156.0661
G1 X97.642 Y73.356 E156.0739
G1 X97.435 Y73.246 E156.0817
G1 X97.253 Y73.097 E156.0895
G1 X97.104 Y72.915 E156.0973
G1 X96.994 Y72.708 E156.1051
G1 X96.926 Y72.483 E156.1130
G1 X96.903 Y72.250 E156.1207
G1 X96.926 Y72.017 E156.1285
G1 X96.994 Y71.792 E156.1363
G1 X97.104 Y71.585 E156.1441
G1 X97.253 Y71.403 E156.1520
G1 X97.435 Y71.254 E156.1598
G1 X97.642 Y71.144 E156.1676
G1 X97.867 Y71.076 E156.1754
G1 X98.130 Y71.050 E156.1842
G1 X100.900 Y71.050 E156.2763
G1 X100.900 Y60.581 E156.6245
G1 X101.865 Y58.471 E156.7017
G1 X101.988 Y58.375 E156.7069
G1 X102.042 Y58.358 E156.7088
G1 X102.158 Y58.358 E156.7126
G1 X102.264 Y58.403 E156.7165
G1 X102.335 Y58.471 E156.7197
G1 X103.300 Y60.581 E156.7969
G1 X103.300 Y71.050 E157.1451
G1 X106.070 Y71.050 E157.2372
G1 X106.334 Y71.076 E157.2461
G1 X106.558 Y71.144 E157.2538
G1 X106.765 Y71.254 E157.2616
G1 X106.947 Y71.403 E157.2695
G1 X107.096 Y71.585 E157.2773
G1 X107.206 Y71.792 E157.2851
G1 X107.274 Y72.017 E157.2929
G1 X107.297 Y72.250 E157.3007
G1 X107.274 Y72.483 E157.3085
G1 X107.206 Y72.708 E157.3163
G1 X107.096 Y72.915 E157.3241
G1 X106.947 Y73.097 E157.3319
G1 X106.765 Y73.246 E157.3397
G1 X106.558 Y73.356 E157.3475
G1 X106.333 Y73.424 E157.3553
G1 X106.070 Y73.450 E157.3641
G1 X98.630 Y73.450 E157.6116
G0 F2400 X98.130 Y73.450
G1 F3000 E152.6116
G0 F4200 X98.110 Y73.850
;TYPE:WALL-OUTER
;WIDTH:0.400
G1 F900 Z2.400
G1 F1500 E157.6116
G1 F1800 X97.788 Y73.818 E157.6224
G1 X97.488 Y73.727 E157.6328
G1 X97.212 Y73.580 E157.6432
G1 X96.969 Y73.381 E157.6536
G1 X96.770 Y73.138 E157.6641
G1 X96.623 Y72.862 E157.6745
G1 X96.532 Y72.562 E157.6849
G1 X96.501 Y72.250 E157.6953
G1 X96.532 Y71.938 E157.7058
G1 X96.623 Y71.638 E157.7162
G1 X96.770 Y71.362 E157.7266
G1 X96.969 Y71.119 E157.7370
G1 X97.212 Y70.920 E157.7475
G1 X97.488 Y70.773 E157.7579
G1 X97.788 Y70.682 E157.7683
G1 X98.110 Y70.650 E157.7791
G1 X100.500 Y70.650 E157.8586
G1 X100.500 Y60.494 E158.1963
G1 X101.523 Y58.257 E158.2782
G1 X101.606 Y58.156 E158.2825
G1 X101.712 Y58.069 E158.2871
G1 X101.833 Y58.004 E158.2916
G1 X101.963 Y57.964 E158.2962
G1 X102.100 Y57.951 E158.3007
G1 X102.237 Y57.964 E158.3053
G1 X102.367 Y58.004 E158.3098
G1 X102.488 Y58.069 E158.3144
G1 X102.594 Y58.156 E158.3190
G1 X102.677 Y58.257 E158.3233
G1 X103.700 Y60.494 E158.4051
G1 X103.700 Y70.650 E158.7429
G1 X106.090 Y70.650 E158.8224
G1 X106.412 Y70.682 E158.8332
G1 X106.712 Y70.772 E158.8436
G1 X106.988 Y70.920 E158.8540
G1 X107.231 Y71.119 E158.8645
G1 X107.430 Y71.362 E158.8749
G1 X107.577 Y71.638 E158.8853
G1 X107.668 Y71.938 E158.8957
G1 X107.699 Y72.250 E158.9062
G1 X107.668 Y72.562 E158.9166
G1 X107.577 Y72.862 E158.9270
G1 X107.430 Y73.138 E158.9374
G1 X107.231 Y73.381 E158.9479
G1 X106.988 Y73.580 E158.9583
G1 X106.712 Y73.727 E158.9687
G1 X106.412 Y73.818 E158.9791
G1 X106.090 Y73.850 E158.9899
G1 X98.610 Y73.850 E159.2387
G0 F1800 X98.110 Y73.850
G1 F3000 E154.2387
G0 F4200 X97.722 Y71.417
;TYPE:SOLID-FILL
;WIDTH:0.400
G1 F900 Z2.400
G1 F1500 E159.2387
G1 F2400 X97.266 Y71.873 E159.2601
G1 X97.254 Y71.897 E159.2610
G1 X97.201 Y72.071 E159.2671
G1 X97.183 Y72.249 E159.2730
G1 X97.201 Y72.428 E159.2790
G1 X97.219 Y72.486 E159.2810
G1 X98.376 Y71.329 E159.3355
G1 X98.941 Y71.329 E159.3542
G1 X97.416 Y72.854 E159.4260
G1 X97.451 Y72.897 E159.4278
G1 X97.592 Y73.015 E159.4339
G1 X97.743 Y73.093 E159.4396
G1 X99.507 Y71.329 E159.5226
G1 X100.073 Y71.329 E159.5414
G1 X98.232 Y73.169 E159.6280
G1 X98.798 Y73.169 E159.6468
G1 X100.285 Y71.682 E159.7167
G0 F2400 X100.638 Y71.329
G1 F3000 E154.7167
G1 F900 Z2.700
G0 F4200 X106.162 Y73.160
G1 F900 Z2.400
G1 F1500 E159.7167
G1 F2400 X107.008 Y72.313 E159.7565
G1 X107.015 Y72.250 E159.7587
G1 X106.997 Y72.070 E159.7647
G1 X106.944 Y71.897 E159.7707
G1 X106.915 Y71.841 E159.7728
G1 X105.586 Y73.169 E159.8353
G1 X105.020 Y73.169 E159.8541
G1 X106.661 Y71.529 E159.9313
G1 X106.606 Y71.484 E159.9336
G1 X106.452 Y71.405 E159.9394
G1 X106.278 Y71.352 E159.9454
G1 X106.273 Y71.351 E159.9456
G1 X104.455 Y73.169 E160.0311
G1 X103.889 Y73.169 E160.0499
G1 X105.729 Y71.330 E160.1365
G1 X105.163 Y71.330 E160.1553
G1 X103.323 Y73.169 E160.2418
G1 X102.758 Y73.169 E160.2606
G1 X104.598 Y71.330 E160.3471
G1 X104.032 Y71.330 E160.3660
G1 X102.192 Y73.169 E160.4525
G1 X101.626 Y73.169 E160.4713
G1 X103.466 Y71.330 E160.5578
G1 X103.019 Y71.330 E160.5727
G1 X103.019 Y71.211 E160.5767
G1 X101.061 Y73.169 E160.6688
G1 X100.495 Y73.169 E160.6876
G1 X103.019 Y70.645 E160.8063
G1 X103.019 Y70.079 E160.8251
G1 X99.929 Y73.169 E160.9705
G1 X99.364 Y73.169 E160.9893
G1 X103.019 Y69.514 E161.1612
G1 X103.019 Y68.948 E161.1800
G1 X101.179 Y70.789 E161.2666
G1 X101.179 Y70.223 E161.2854
G1 X103.019 Y68.382 E161.3720
G1 X103.019 Y67.817 E161.3908
G1 X101.179 Y69.657 E161.4773
G1 X101.179 Y69.092 E161.4961
G1 X103.019 Y67.251 E161.5827
G1 X103.019 Y66.685 E161.6015
G1 X101.179 Y68.526 E161.6881
G1 X101.179 Y67.960 E161.7069
G1 X103.019 Y66.120 E161.7934
G1 X103.019 Y65.554 E161.8123
G1 X101.179 Y67.395 E161.8988
G1 X101.179 Y66.829 E161.9177
G1 X103.019 Y64.988 E162.0042
G1 X103.019 Y64.423 E162.0230
G1 X101.179 Y66.263 E162.1096
G1 X101.179 Y65.697 E162.1284
G1 X103.019 Y63.857 E162.2150
G1 X103.019 Y63.291 E162.2338
G1 X101.179 Y65.132 E162.3204
G1 X101.179 Y64.566 E162.3392
G1 X103.019 Y62.726 E162.4257
G1 X103.019 Y62.160 E162.4445
G1 X101.179 Y64.000 E162.5311
G1 X101.179 Y63.435 E162.5499
G1 X103.019 Y61.594 E162.6365
G1 X103.019 Y61.028 E162.6553
G1 X101.179 Y62.869 E162.7419
G1 X101.179 Y62.303 E162.7607
G1 X102.963 Y60.519 E162.8446
G1 X102.785 Y60.131 E162.8588
G1 X101.179 Y61.738 E162.9344
G1 X101.179 Y61.172 E162.9532
G1 X102.607 Y59.744 E163.0204
G1 X102.430 Y59.355 E163.0346
G1 X101.210 Y60.575 E163.0920
G1 X101.686 Y59.533 E163.1301
G1 X101.899 Y59.320 E163.1401
G0 F2400 X102.252 Y58.967
G0 F4200 X102.111 Y58.826
;TYPE:SOLID-FILL
;WIDTH:0.400
G1 F3000 X102.314 Y58.622 E163.1496
G1 F3000 E158.1496
G1 F900 Z2.700
G0 F4200 X100.555 Y71.129
G1 F900 Z2.400
G1 F1500 E163.1496
G1 F3000 X100.496 Y71.188 E163.1524
G1 F3000 E158.1524
G1 F900 Z2.700
G0 F4200 X90.733 Y73.424
;TYPE:WALL-INNER
;WIDTH:0.400
G1 F900 Z2.400
G1 F1500 E163.1524
G1 F2400 X90.470 Y73.450 E163.1612
G1 X82.530 Y73.450 E163.4253
G1 X82.267 Y73.424 E163.4341
G1 X82.042 Y73.356 E163.4419
G1 X81.835 Y73.246 E163.4497
G1 X81.653 Y73.097 E163.4575
G1 X81.504 Y72.915 E163.4653
G1 X81.394 Y72.708 E163.4731
G1 X81.326 Y72.483 E163.4810
G1 X81.303 Y72.250 E163.4887
G1 X81.326 Y72.017 E163.4965
G1 X81.394 Y71.792 E163.5044
G1 X81.504 Y71.585 E163.5122
G1 X81.653 Y71.403 E163.5200
G1 X81.835 Y71.254 E163.5278
G1 X82.042 Y71.144 E163.5356
G1 X82.267 Y71.076 E163.5434
G1 X82.530 Y71.050 E163.5522
G1 X85.300 Y71.050 E163.6443
G1 X85.300 Y60.581 E163.9925
G1 X86.265 Y58.471 E164.0697
G1 X86.388 Y58.375 E164.0749
G1 X86.442 Y58.358 E164.0768
G1 X86.558 Y58.358 E164.0806
G1 X86.664 Y58.403 E164.0845
G1 X86.735 Y58.471 E164.0877
G1 X87.700 Y60.581 E164.1649
G1 X87.700 Y71.050 E164.5131
G1 X90.470 Y71.050 E164.6052
G1 X90.734 Y71.076 E164.6141
G1 X90.958 Y71.144 E164.6218
G1 X91.165 Y71.254 E164.6296
G1 X91.347 Y71.403 E164.6375
G1 X91.496 Y71.585 E164.6453
G1 X91.606 Y71.792 E164.6531
G1 X91.674 Y72.017 E164.6609
G1 X91.697 Y72.250 E164.6687
G1 X91.674 Y72.483 E164.6765
G1 X91.606 Y72.708 E164.6843
G1 X91.496 Y72.915 E164.6921
G1 X91.347 Y73.097 E164.6999
G1 X91.189 Y73.227 E164.7067
G0 F2400 X91.165 Y73.246
G0 F2400 X90.958 Y73.356
G0 F2400 X90.733 Y73.424
G1 F3000 E159.7067
G0 F4200 X90.812 Y73.818
;TYPE:WALL-OUTER
;WIDTH:0.400
G1 F900 Z2.400
G1 F1500 E164.7067
G1 F1800 X90.490 Y73.850 E164.7175
G1 X82.510 Y73.850 E164.9829
G1 X82.188 Y73.818 E164.9937
G1 X81.888 Y73.727 E165.0041
G1 X81.612 Y73.580 E165.0145
G1 X81.369 Y73.381 E165.0249
G1 X81.170 Y73.138 E165.0354
G1 X81.023 Y72.862 E165.0458
G1 X80.932 Y72.562 E165.0562
G1 X80.901 Y72.250 E165.0666
G1 X80.932 Y71.938 E165.0771
G1 X81.023 Y71.638 E165.0875
G1 X81.170 Y71.362 E165.0979
G1 X81.369 Y71.119 E165.1083
G1 X81.612 Y70.920 E165.1188
G1 X81.888 Y70.773 E165.1292
G1 X82.188 Y70.682 E165.1396
G1 X82.510 Y70.650 E165.1504
G1 X84.900 Y70.650 E165.2299
G1 X84.900 Y60.494 E165.5677
G1 X85.923 Y58.257 E165.6495
G1 X86.006 Y58.156 E165.6538
G1 X86.112 Y58.069 E165.6584
G1 X86.233 Y58.004 E165.6629
G1 X86.363 Y57.964 E165.6675
G1 X86.500 Y57.951 E165.6720
G1 X86.637 Y57.964 E165.6766
G1 X86.767 Y58.004 E165.6812
G1 X86.888 Y58.069 E165.6857
G1 X86.994 Y58.156 E165.6903
G1 X87.077 Y58.257 E165.6946
G1 X88.100 Y60.494 E165.7764
G1 X88.100 Y70.650 E166.1142
G1 X90.490 Y70.650 E166.1937
G1 X90.812 Y70.682 E166.2045
G1 X91.112 Y70.772 E166.2149
G1 X91.388 Y70.920 E166.2253
G1 X91.631 Y71.119 E166.2358
G1 X91.830 Y71.362 E166.2462
G1 X91.977 Y71.638 E166.2566
G1 X92.068 Y71.938 E166.2670
G1 X92.099 Y72.250 E166.2775
G1 X92.068 Y72.562 E166.2879
G1 X91.977 Y72.862 E166.2983
G1 X91.830 Y73.138 E166.3087
G1 X91.631 Y73.381 E166.3192
G1 X91.388 Y73.580 E166.3296
G1 X91.277 Y73.639 E166.3338
G0 F1800 X91.112 Y73.727
G0 F1800 X90.812 Y73.818
G1 F3000 E161.3338
G0 F4200 X90.313 Y73.169
;TYPE:SOLID-FILL
;WIDTH:0.400
G1 F900 Z2.400
G1 F1500 E166.3338
G1 F2400 X91.398 Y72.084 E166.3848
G1 X91.397 Y72.071 E166.3853
G1 X91.344 Y71.897 E166.3913
G1 X91.264 Y71.743 E166.3971
G1 X91.223 Y71.694 E166.3992
G1 X89.747 Y73.169 E166.4686
G1 X89.181 Y73.169 E166.4874
G1 X90.914 Y71.436 E166.5690
G1 X90.851 Y71.405 E166.5713
G1 X90.678 Y71.352 E166.5773
G1 X90.456 Y71.329 E166.5847
G1 X88.616 Y73.169 E166.6713
G1 X88.050 Y73.169 E166.6901
G1 X89.890 Y71.329 E166.7767
G1 X89.325 Y71.329 E166.7954
G1 X87.484 Y73.169 E166.8820
G1 X86.918 Y73.169 E166.9008
G1 X88.759 Y71.329 E166.9874
G1 X88.193 Y71.329 E167.0062
G1 X86.353 Y73.169 E167.0928
G1 X85.787 Y73.169 E167.1116
G1 X87.628 Y71.329 E167.1982
G1 X87.419 Y71.330 E167.2051
G1 X87.419 Y70.972 E167.2170
G1 X85.221 Y73.169 E167.3204
G1 X84.656 Y73.169 E167.3392
G1 X87.419 Y70.406 E167.4692
G1 X87.419 Y69.840 E167.4880
G1 X84.090 Y73.169 E167.6446
G1 X83.524 Y73.169 E167.6634
G1 X85.364 Y71.330 E167.7499
G1 X84.799 Y71.330 E167.7687
G1 X82.959 Y73.169 E167.8552
G1 X82.543 Y73.169 E167.8691
G1 X82.406 Y73.157 E167.8737
G1 X84.233 Y71.330 E167.9596
G1 X83.667 Y71.330 E167.9784
G1 X81.986 Y73.010 E168.0575
G1 X81.851 Y72.897 E168.0633
G1 X81.734 Y72.757 E168.0694
G1 X81.714 Y72.717 E168.0709
G1 X83.102 Y71.330 E168.1361
G1 X82.543 Y71.330 E168.1547
G1 X82.535 Y71.330 E168.1550
G1 X81.940 Y71.926 E168.1830
G0 F2400 X81.587 Y72.279
G1 F3000 E163.1830
G1 F900 Z2.700
G0 F4200 X85.579 Y71.115
G1 F900 Z2.400
G1 F1500 E168.1830
G1 F2400 X87.419 Y69.275 E168.2695
G1 X87.419 Y68.709 E168.2884
G1 X85.579 Y70.549 E168.3749
G1 X85.579 Y69.983 E168.3937
G1 X87.419 Y68.143 E168.4803
G1 X87.419 Y67.578 E168.4991
G1 X85.579 Y69.418 E168.5856
G1 X85.579 Y68.852 E168.6045
G1 X87.419 Y67.012 E168.6910
G1 X87.419 Y66.446 E168.7098
G1 X85.579 Y68.286 E168.7964
G1 X85.579 Y67.721 E168.8152
G1 X87.419 Y65.881 E168.9017
G1 X87.419 Y65.315 E168.9205
G1 X85.579 Y67.155 E169.0071
G1 X85.579 Y66.589 E169.0259
G1 X87.419 Y64.749 E169.1125
G1 X87.419 Y64.184 E169.1313
G1 X85.579 Y66.023 E169.2178
G1 X85.579 Y65.458 E169.2366
G1 X87.419 Y63.618 E169.3231
G1 X87.419 Y63.052 E169.3420
G1 X85.579 Y64.892 E169.4285
G1 X85.579 Y64.326 E169.4473
G1 X87.419 Y62.487 E169.5338
G1 X87.419 Y61.921 E169.5527
G1 X85.579 Y63.761 E169.6392
G1 X85.579 Y63.195 E169.6580
G1 X87.419 Y61.355 E169.7446
G1 X87.419 Y60.789 E169.7634
G1 X85.579 Y62.629 E169.8500
G1 X85.579 Y62.064 E169.8688
G1 X87.288 Y60.355 E169.9491
G1 X87.110 Y59.967 E169.9633
G1 X85.579 Y61.498 E170.0354
G1 X85.579 Y60.932 E170.0542
G1 X86.933 Y59.579 E170.1178
G1 X86.755 Y59.191 E170.1320
G1 X85.812 Y60.134 E170.1764
G1 X86.251 Y59.173 E170.2115
G0 F2400 X86.288 Y59.092
G0 F2400 X86.578 Y58.802
G1 F3000 E165.2115
G1 F900 Z2.700
G0 F4200 X81.445 Y72.137
;TYPE:SOLID-FILL
;WIDTH:0.400
G1 F900 Z2.400
G1 F1500 E170.2115
G1 F3000 X81.387 Y72.195 E170.2143
G1 F3000 E165.2143
G1 F900 Z2.700
G0 F4200 X90.395 Y73.370
G1 F900 Z2.400
G1 F1500 E170.2143
G1 F3000 X90.454 Y73.311 E170.2170
;LAYER:12
;Z:2.600
;HEIGHT:0.200
G0 F900 Z2.600
G0 F4200 X90.733 Y73.424
;TYPE:WALL-INNER
;WIDTH:0.400
G1 F2400 X90.470 Y73.450 E170.2258
G1 X82.530 Y73.450 E170.4899
G1 X82.267 Y73.424 E170.4987
G1 X82.042 Y73.356 E170.5065
G1 X81.835 Y73.246 E170.5143
G1 X81.653 Y73.097 E170.5221
G1 X81.504 Y72.915 E170.5300
G1 X81.394 Y72.708 E170.5378
G1 X81.326 Y72.483 E170.5456
G1 X81.303 Y72.250 E170.5534
G1 X81.326 Y72.017 E170.5612
G1 X81.394 Y71.792 E170.5690
G1 X81.504 Y71.585 E170.5768
G1 X81.653 Y71.403 E170.5846
G1 X81.835 Y71.254 E170.5924
G1 X82.042 Y71.144 E170.6002
G1 X82.267 Y71.076 E170.6080
G1 X82.530 Y71.050 E170.6168
G1 X85.300 Y71.050 E170.7090
G1 X85.300 Y60.581 E171.0572
G1 X86.265 Y58.471 E171.1343
G1 X86.388 Y58.375 E171.1395
G1 X86.442 Y58.358 E171.1414
G1 X86.558 Y58.358 E171.1453
G1 X86.664 Y58.403 E171.1491
G1 X86.735 Y58.471 E171.1524
G1 X87.700 Y60.581 E171.2295
G1 X87.700 Y71.050 E171.5777
G1 X90.470 Y71.050 E171.6699
G1 X90.733 Y71.076 E171.6786
G1 X90.958 Y71.144 E171.6865
G1 X91.165 Y71.254 E171.6943
G1 X91.347 Y71.403 E171.7021
G1 X91.496 Y71.585 E171.7099
G1 X91.606 Y71.792 E171.7177
G1 X91.674 Y72.017 E171.7255
G1 X91.697 Y72.250 E171.7333
G1 X91.674 Y72.483 E171.7411
G1 X91.606 Y72.708 E171.7489
G1 X91.496 Y72.915 E171.7567
G1 X91.347 Y73.097 E171.7645
G1 X91.189 Y73.227 E171.7713
G0 F2400 X91.165 Y73.246
G0 F2400 X90.958 Y73.356
G0 F2400 X90.733 Y73.424
G1 F3000 E166.7713
G0 F4200 X90.812 Y73.818
;TYPE:WALL-OUTER
;WIDTH:0.400
G1 F900 Z2.600
G1 F1500 E171.7713
G1 F1800 X90.490 Y73.850 E171.7821
G1 X82.510 Y73.850 E172.0475
G1 X82.188 Y73.818 E172.0583
G1 X81.888 Y73.727 E172.0687
G1 X81.612 Y73.580 E172.0791
G1 X81.369 Y73.381 E172.0896
G1 X81.170 Y73.138 E172.1000
G1 X81.023 Y72.862 E172.1104
G1 X80.932 Y72.562 E172.1208
G1 X80.901 Y72.250 E172.1313
G1 X80.932 Y71.938 E172.1417
G1 X81.023 Y71.638 E172.1521
G1 X81.170 Y71.362 E172.1625
G1 X81.369 Y71.119 E172.1730
G1 X81.612 Y70.920 E172.1834
G1 X81.888 Y70.773 E172.1938
G1 X82.188 Y70.682 E172.2042
G1 X82.510 Y70.650 E172.2150
G1 X84.900 Y70.650 E172.2945
G1 X84.900 Y60.494 E172.6323
G1 X85.923 Y58.257 E172.7141
G1 X86.006 Y58.156 E172.7184
G1 X86.112 Y58.069 E172.7230
G1 X86.233 Y58.004 E172.7276
G1 X86.363 Y57.964 E172.7321
G1 X86.500 Y57.951 E172.7367
G1 X86.637 Y57.964 E172.7412
G1 X86.767 Y58.004 E172.7458
G1 X86.888 Y58.069 E172.7503
G1 X86.994 Y58.156 E172.7549
G1 X87.077 Y58.257 E172.7592
G1 X88.100 Y60.494 E172.8411
G1 X88.100 Y70.650 E173.1789
G1 X90.490 Y70.650 E173.2583
G1 X90.812 Y70.682 E173.2691
G1 X91.112 Y70.773 E173.2795
G1 X91.388 Y70.920 E173.2899
G1 X91.631 Y71.119 E173.3004
G1 X91.830 Y71.362 E173.3108
G1 X91.977 Y71.638 E173.3212
G1 X92.068 Y71.938 E173.3317
G1 X92.099 Y72.250 E173.3421
G1 X92.068 Y72.562 E173.3525
G1 X91.977 Y72.862 E173.3629
G1 X91.830 Y73.138 E173.3733
G1 X91.631 Y73.381 E173.3838
G1 X91.388 Y73.580 E173.3942
G1 X91.277 Y73.639 E173.3984
G0 F1800 X91.112 Y73.727
G0 F1800 X90.812 Y73.818
G1 F3000 E168.3984
G0 F4200 X90.575 Y71.342
;TYPE:SOLID-FILL
;WIDTH:0.400
G1 F900 Z2.600
G1 F1500 E173.3984
G1 F2400 X91.408 Y72.175 E173.4376
G1 X91.415 Y72.250 E173.4401
G1 X91.397 Y72.428 E173.4461
G1 X91.344 Y72.602 E173.4521
G1 X91.319 Y72.651 E173.4539
G1 X89.997 Y71.330 E173.5161
G1 X89.432 Y71.330 E173.5349
G1 X91.066 Y72.964 E173.6117
G1 X91.006 Y73.015 E173.6144
G1 X90.851 Y73.095 E173.6202
G1 X90.682 Y73.146 E173.6260
G1 X88.866 Y71.330 E173.7115
G1 X88.300 Y71.330 E173.7303
G1 X90.140 Y73.169 E173.8168
G1 X89.574 Y73.169 E173.8356
G1 X88.087 Y71.683 E173.9055
G0 F2400 X87.734 Y71.330
G1 F3000 E168.9055
G1 F900 Z2.900
G0 F4200 X82.146 Y73.095
G1 F900 Z2.600
G1 F1500 E173.9055
G1 F2400 X81.653 Y72.602 E173.9287
G1 X81.601 Y72.428 E173.9348
G1 X81.583 Y72.250 E173.9407
G1 X81.601 Y72.071 E173.9467
G1 X81.621 Y72.004 E173.9490
G1 X82.786 Y73.169 E174.0038
G1 X83.352 Y73.169 E174.0227
G1 X81.820 Y71.638 E174.0947
G1 X81.851 Y71.602 E174.0963
G1 X81.992 Y71.484 E174.1024
G1 X82.146 Y71.405 E174.1081
G1 X82.151 Y71.403 E174.1083
G1 X83.918 Y73.169 E174.1914
G1 X84.483 Y73.169 E174.2102
G1 X82.643 Y71.330 E174.2967
G1 X83.209 Y71.330 E174.3156
G1 X85.049 Y73.169 E174.4021
G1 X85.615 Y73.169 E174.4209
G1 X83.775 Y71.330 E174.5074
G1 X84.340 Y71.330 E174.5262
G1 X86.180 Y73.169 E174.6128
G1 X86.746 Y73.169 E174.6316
G1 X84.906 Y71.330 E174.7181
G1 X85.472 Y71.330 E174.7369
G1 X87.312 Y73.169 E174.8234
G1 X87.877 Y73.169 E174.8422
G1 X85.579 Y70.871 E174.9503
G1 X85.579 Y70.306 E174.9691
G1 X88.443 Y73.169 E175.1038
G1 X89.009 Y73.169 E175.1226
G1 X85.579 Y69.740 E175.2840
G1 X85.579 Y69.174 E175.3028
G1 X87.419 Y71.014 E175.3893
G1 X87.419 Y70.449 E175.4081
G1 X85.579 Y68.609 E175.4947
G1 X85.579 Y68.043 E175.5135
G1 X87.419 Y69.883 E175.6000
G1 X87.419 Y69.317 E175.6189
G1 X85.579 Y67.477 E175.7054
G1 X85.579 Y66.912 E175.7242
G1 X87.419 Y68.751 E175.8107
G1 X87.419 Y68.186 E175.8295
G1 X85.579 Y66.346 E175.9161
G1 X85.579 Y65.780 E175.9349
G1 X87.419 Y67.620 E176.0214
G1 X87.419 Y67.054 E176.0403
G1 X85.579 Y65.215 E176.1268
G1 X85.579 Y64.649 E176.1456
G1 X87.419 Y66.489 E176.2322
G1 X87.419 Y65.923 E176.2510
G1 X85.579 Y64.083 E176.3375
G1 X85.579 Y63.517 E176.3564
G1 X87.419 Y65.357 E176.4429
G1 X87.419 Y64.792 E176.4617
G1 X85.579 Y62.952 E176.5483
G1 X85.579 Y62.386 E176.5671
G1 X87.419 Y64.226 E176.6536
G1 X87.419 Y63.660 E176.6724
G1 X85.579 Y61.820 E176.7590
G1 X85.579 Y61.255 E176.7778
G1 X87.419 Y63.095 E176.8643
G1 X87.419 Y62.529 E176.8832
G1 X85.579 Y60.689 E176.9697
G1 X85.579 Y60.642 E176.9713
G1 X85.742 Y60.286 E176.9843
G1 X87.419 Y61.963 E177.0632
G1 X87.419 Y61.398 E177.0820
G1 X85.919 Y59.898 E177.1525
G1 X86.097 Y59.510 E177.1667
G1 X87.419 Y60.832 E177.2289
G1 X87.419 Y60.642 E177.2352
G1 X87.103 Y59.950 E177.2605
G1 X86.274 Y59.121 E177.2995
G1 X86.318 Y59.026 E177.3030
G0 F2400 X86.422 Y58.798
G0 F2400 X86.517 Y58.798
G0 F2400 X86.626 Y58.908
G1 F3000 E172.3030
G1 F900 Z2.900
G0 F4200 X98.130 Y73.450
;TYPE:WALL-INNER
;WIDTH:0.400
G1 F900 Z2.600
G1 F1500 E177.3030
G1 F2400 X97.867 Y73.424 E177.3118
G1 X97.642 Y73.356 E177.3196
G1 X97.435 Y73.246 E177.3274
G1 X97.253 Y73.097 E177.3352
G1 X97.104 Y72.915 E177.3431
G1 X96.994 Y72.708 E177.3509
G1 X96.926 Y72.483 E177.3587
G1 X96.903 Y72.250 E177.3665
G1 X96.926 Y72.017 E177.3742
G1 X96.994 Y71.792 E177.3821
G1 X97.104 Y71.585 E177.3899
G1 X97.253 Y71.403 E177.3977
G1 X97.435 Y71.254 E177.4055
G1 X97.642 Y71.144 E177.4133
G1 X97.867 Y71.076 E177.4211
G1 X98.130 Y71.050 E177.4299
G1 X100.900 Y71.050 E177.5220
G1 X100.900 Y60.581 E177.8702
G1 X101.865 Y58.471 E177.9474
G1 X101.988 Y58.375 E177.9526
G1 X102.042 Y58.358 E177.9545
G1 X102.158 Y58.358 E177.9583
G1 X102.264 Y58.403 E177.9622
G1 X102.335 Y58.471 E177.9654
G1 X103.300 Y60.581 E178.0426
G1 X103.300 Y71.050 E178.3908
G1 X106.070 Y71.050 E178.4829
G1 X106.333 Y71.076 E178.4917
G1 X106.558 Y71.144 E178.4995
G1 X106.765 Y71.254 E178.5073
G1 X106.947 Y71.403 E178.5152
G1 X107.096 Y71.585 E178.5230
G1 X107.206 Y71.792 E178.5308
G1 X107.274 Y72.017 E178.5386
G1 X107.297 Y72.250 E178.5464
G1 X107.274 Y72.483 E178.5542
G1 X107.206 Y72.708 E178.5620
G1 X107.096 Y72.915 E178.5698
G1 X106.947 Y73.097 E178.5776
G1 X106.765 Y73.246 E178.5854
G1 X106.558 Y73.356 E178.5932
G1 X106.333 Y73.424 E178.6011
G1 X106.070 Y73.450 E178.6098
G1 X98.630 Y73.450 E178.8573
G0 F2400 X98.130 Y73.450
G1 F3000 E173.8573
G0 F4200 X98.110 Y73.850
;TYPE:WALL-OUTER
;WIDTH:0.400
G1 F900 Z2.600
G1 F1500 E178.8573
G1 F1800 X97.788 Y73.818 E178.8681
G1 X97.488 Y73.727 E178.8785
G1 X97.212 Y73.580 E178.8889
G1 X96.969 Y73.381 E178.8993
G1 X96.770 Y73.138 E178.9098
G1 X96.623 Y72.862 E178.9202
G1 X96.532 Y72.562 E178.9306
G1 X96.501 Y72.250 E178.9410
G1 X96.532 Y71.938 E178.9515
G1 X96.623 Y71.638 E178.9619
G1 X96.770 Y71.362 E178.9723
G1 X96.969 Y71.119 E178.9827
G1 X97.212 Y70.920 E178.9932
G1 X97.488 Y70.773 E179.0036
G1 X97.788 Y70.682 E179.0140
G1 X98.110 Y70.650 E179.0248
G1 X100.500 Y70.650 E179.1043
G1 X100.500 Y60.494 E179.4421
G1 X101.523 Y58.257 E179.5239
G1 X101.606 Y58.156 E179.5282
G1 X101.712 Y58.069 E179.5328
G1 X101.833 Y58.004 E179.5374
G1 X101.963 Y57.964 E179.5419
G1 X102.100 Y57.951 E179.5465
G1 X102.237 Y57.964 E179.5510
G1 X102.367 Y58.004 E179.5556
G1 X102.488 Y58.069 E179.5601
G1 X102.594 Y58.156 E179.5647
G1 X102.677 Y58.257 E179.5690
G1 X103.700 Y60.494 E179.6508
G1 X103.700 Y70.650 E179.9886
G1 X106.090 Y70.650 E180.0681
G1 X106.412 Y70.682 E180.0789
G1 X106.712 Y70.773 E180.0893
G1 X106.988 Y70.920 E180.0997
G1 X107.231 Y71.119 E180.1102
G1 X107.430 Y71.362 E180.1206
G1 X107.577 Y71.638 E180.1310
G1 X107.668 Y71.938 E180.1414
G1 X107.699 Y72.250 E180.1519
G1 X107.668 Y72.562 E180.1623
G1 X107.577 Y72.862 E180.1727
G1 X107.430 Y73.138 E180.1831
G1 X107.231 Y73.381 E180.1936
G1 X106.988 Y73.580 E180.2040
G1 X106.712 Y73.727 E180.2144
G1 X106.412 Y73.818 E180.2248
G1 X106.090 Y73.850 E180.2356
G1 X98.610 Y73.850 E180.4844
G0 F1800 X98.110 Y73.850
G1 F3000 E175.4844
G0 F4200 X98.050 Y73.160
;TYPE:SOLID-FILL
;WIDTH:0.400
G1 F900 Z2.600
G1 F1500 E180.4844
G1 F2400 X97.188 Y72.298 E180.5249
G1 X97.183 Y72.249 E180.5266
G1 X97.201 Y72.071 E180.5325
G1 X97.254 Y71.897 E180.5386
G1 X97.287 Y71.832 E180.5410
G1 X98.625 Y73.169 E180.6039
G1 X99.191 Y73.169 E180.6227
G1 X97.546 Y71.524 E180.7001
G1 X97.592 Y71.484 E180.7021
G1 X97.746 Y71.405 E180.7079
G1 X97.920 Y71.352 E180.7139
G1 X97.937 Y71.350 E180.7145
G1 X99.757 Y73.169 E180.8001
G1 X100.322 Y73.169 E180.8189
G1 X98.483 Y71.330 E180.9054
G1 X99.048 Y71.330 E180.9242
G1 X100.888 Y73.169 E181.0107
G1 X101.454 Y73.169 E181.0295
G1 X99.614 Y71.330 E181.1161
G1 X100.180 Y71.330 E181.1349
G1 X102.019 Y73.169 E181.2214
G1 X102.585 Y73.169 E181.2402
G1 X100.745 Y71.330 E181.3267
G1 X101.179 Y71.329 E181.3412
G1 X101.179 Y71.197 E181.3456
G1 X103.151 Y73.169 E181.4383
G1 X103.717 Y73.169 E181.4571
G1 X101.179 Y70.632 E181.5765
G1 X101.179 Y70.066 E181.5953
G1 X104.282 Y73.169 E181.7413
G1 X104.848 Y73.169 E181.7601
G1 X101.179 Y69.500 E181.9327
G1 X101.179 Y68.935 E181.9515
G1 X103.019 Y70.775 E182.0380
G1 X103.019 Y70.210 E182.0568
G1 X101.179 Y68.369 E182.1434
G1 X101.179 Y67.803 E182.1622
G1 X103.019 Y69.644 E182.2488
G1 X103.019 Y69.078 E182.2676
G1 X101.179 Y67.238 E182.3542
G1 X101.179 Y66.672 E182.3730
G1 X103.019 Y68.512 E182.4595
G1 X103.019 Y67.947 E182.4783
G1 X101.179 Y66.106 E182.5649
G1 X101.179 Y65.541 E182.5837
G1 X103.019 Y67.381 E182.6702
G1 X103.019 Y66.815 E182.6891
G1 X101.179 Y64.975 E182.7756
G1 X101.179 Y64.409 E182.7944
G1 X103.019 Y66.250 E182.8810
G1 X103.019 Y65.684 E182.8998
G1 X101.179 Y63.843 E182.9864
G1 X101.179 Y63.278 E183.0052
G1 X103.019 Y65.118 E183.0917
G1 X103.019 Y64.553 E183.1105
G1 X101.179 Y62.712 E183.1971
G1 X101.179 Y62.146 E183.2159
G1 X103.019 Y63.987 E183.3025
G1 X103.019 Y63.421 E183.3213
G1 X101.179 Y61.581 E183.4079
G1 X101.179 Y61.015 E183.4267
G1 X103.019 Y62.856 E183.5133
G1 X103.019 Y62.290 E183.5321
G1 X101.239 Y60.509 E183.6158
G1 X101.416 Y60.121 E183.6300
G1 X103.019 Y61.724 E183.7054
G1 X103.019 Y61.159 E183.7242
G1 X101.594 Y59.733 E183.7913
G1 X101.771 Y59.345 E183.8055
G1 X102.978 Y60.551 E183.8622
G1 X102.500 Y59.508 E183.9004
G1 X102.302 Y59.310 E183.9097
G0 F2400 X101.949 Y58.957
G1 F3000 E178.9097
G1 F900 Z2.900
G0 F4200 X103.574 Y71.330
G1 F900 Z2.600
G1 F1500 E183.9097
G1 F2400 X105.414 Y73.169 E183.9962
G1 X105.979 Y73.169 E184.0150
G1 X104.139 Y71.330 E184.1015
G1 X104.705 Y71.330 E184.1203
G1 X106.464 Y73.088 E184.2031
G1 X106.606 Y73.014 E184.2084
G1 X106.746 Y72.897 E184.2145
G1 X106.788 Y72.847 E184.2166
G1 X105.271 Y71.330 E184.2880
G1 X105.836 Y71.330 E184.3068
G1 X106.983 Y72.476 E184.3607
G1 X106.997 Y72.429 E184.3623
G1 X107.015 Y72.250 E184.3683
G1 X106.997 Y72.070 E184.3743
G1 X106.944 Y71.897 E184.3804
G1 X106.917 Y71.844 E184.3823
G1 X106.858 Y71.785 E184.3851
G0 F2400 X106.505 Y71.432
G1 F3000 E179.3851
G1 F900 Z2.900
G0 F4200 X103.715 Y71.188
;TYPE:SOLID-FILL
;WIDTH:0.400
G1 F900 Z2.600
G1 F1500 E184.3851
G1 F3000 X103.656 Y71.129 E184.3879
G1 F3000 E179.3879
G1 F900 Z2.900
G0 F4200 X102.089 Y58.815
G1 F900 Z2.600
G1 F1500 E184.3879
G1 F3000 X101.887 Y58.612 E184.3974
;LAYER:13
;Z:2.800
;HEIGHT:0.200
G1 F3000 E179.3974
G0 F900 Z2.800
G0 F4200 X98.130 Y73.450
;TYPE:WALL-INNER
;WIDTH:0.400
G1 F900 Z2.800
G1 F1500 E184.3974
G1 F2400 X97.867 Y73.424 E184.4062
G1 X97.642 Y73.356 E184.4140
G1 X97.435 Y73.246 E184.4218
G1 X97.253 Y73.097 E184.4296
G1 X97.104 Y72.915 E184.4375
G1 X96.994 Y72.708 E184.4453
G1 X96.926 Y72.483 E184.4531
G1 X96.903 Y72.250 E184.4609
G1 X96.926 Y72.017 E184.4686
G1 X96.994 Y71.792 E184.4765
G1 X97.104 Y71.585 E184.4843
G1 X97.253 Y71.403 E184.4921
G1 X97.435 Y71.254 E184.4999
G1 X97.642 Y71.144 E184.5077
G1 X97.867 Y71.076 E184.5155
G1 X98.130 Y71.050 E184.5243
G1 X100.900 Y71.050 E184.6164
G1 X100.900 Y60.581 E184.9646
G1 X101.865 Y58.471 E185.0418
G1 X101.988 Y58.375 E185.0470
G1 X102.042 Y58.358 E185.0489
G1 X102.158 Y58.358 E185.0527
G1 X102.264 Y58.403 E185.0566
G1 X102.335 Y58.471 E185.0598
G1 X103.300 Y60.581 E185.1370
G1 X103.300 Y71.050 E185.4852
G1 X106.070 Y71.050 E185.5773
G1 X106.333 Y71.076 E185.5861
G1 X106.558 Y71.144 E185.5940
G1 X106.765 Y71.254 E185.6017
G1 X106.947 Y71.403 E185.6096
G1 X107.096 Y71.585 E185.6174
G1 X107.206 Y71.792 E185.6252
G1 X107.274 Y72.017 E185.6330
G1 X107.297 Y72.250 E185.6408
G1 X107.274 Y72.483 E185.6486
G1 X107.206 Y72.708 E185.6564
G1 X107.096 Y72.915 E185.6642
G1 X106.947 Y73.097 E185.6720
G1 X106.765 Y73.246 E185.6798
G1 X106.558 Y73.356 E185.6876
G1 X106.333 Y73.424 E185.6955
G1 X106.070 Y73.450 E185.7042
G1 X98.630 Y73.450 E185.9517
G0 F2400 X98.130 Y73.450
G1 F3000 E180.9517
G0 F4200 X98.110 Y73.850
;TYPE:WALL-OUTER
;WIDTH:0.400
G1 F900 Z2.800
G1 F1500 E185.9517
G1 F1800 X97.788 Y73.818 E185.9625
G1 X97.488 Y73.727 E185.9729
G1 X97.212 Y73.580 E185.9833
G1 X96.969 Y73.381 E185.9937
G1 X96.770 Y73.138 E186.0042
G1 X96.623 Y72.862 E186.0146
G1 X96.532 Y72.562 E186.0250
G1 X96.501 Y72.250 E186.0354
G1 X96.532 Y71.938 E186.0459
G1 X96.623 Y71.638 E186.0563
G1 X96.770 Y71.362 E186.0667
G1 X96.969 Y71.119 E186.0771
G1 X97.212 Y70.920 E186.0876
G1 X97.488 Y70.773 E186.0980
G1 X97.788 Y70.682 E186.1084
G1 X98.110 Y70.650 E186.1192
G1 X100.500 Y70.650 E186.1987
G1 X100.500 Y60.494 E186.5365
G1 X101.523 Y58.257 E186.6183
G1 X101.606 Y58.156 E186.6226
G1 X101.712 Y58.069 E186.6272
G1 X101.833 Y58.004 E186.6318
G1 X101.963 Y57.964 E186.6363
G1 X102.100 Y57.951 E186.6409
G1 X102.237 Y57.964 E186.6454
G1 X102.367 Y58.004 E186.6500
G1 X102.488 Y58.069 E186.6545
G1 X102.594 Y58.156 E186.6591
G1 X102.677 Y58.257 E186.6634
G1 X103.700 Y60.494 E186.7452
G1 X103.700 Y70.650 E187.0830
G1 X106.090 Y70.650 E187.1625
G1 X106.412 Y70.682 E187.1733
G1 X106.712 Y70.773 E187.1837
G1 X106.988 Y70.920 E187.1941
G1 X107.231 Y71.119 E187.2046
G1 X107.430 Y71.362 E187.2150
G1 X107.577 Y71.638 E187.2254
G1 X107.668 Y71.938 E187.2358
G1 X107.699 Y72.250 E187.2463
G1 X107.668 Y72.562 E187.2567
G1 X107.577 Y72.862 E187.2671
G1 X107.430 Y73.138 E187.2775
G1 X107.231 Y73.381 E187.2880
G1 X106.988 Y73.580 E187.2984
G1 X106.712 Y73.727 E187.3088
G1 X106.412 Y73.818 E187.3192
G1 X106.090 Y73.850 E187.3300
G1 X98.610 Y73.850 E187.5788
G0 F1800 X98.110 Y73.850
G1 F3000 E182.5788
G0 F4200 X97.722 Y71.417
;TYPE:SOLID-FILL
;WIDTH:0.400
G1 F900 Z2.800
G1 F1500 E187.5788
G1 F2400 X97.266 Y71.873 E187.6002
G1 X97.254 Y71.897 E187.6011
G1 X97.201 Y72.071 E187.6072
G1 X97.183 Y72.249 E187.6131
G1 X97.201 Y72.428 E187.6191
G1 X97.219 Y72.486 E187.6211
G1 X98.376 Y71.329 E187.6756
G1 X98.941 Y71.329 E187.6944
G1 X97.416 Y72.854 E187.7661
G1 X97.451 Y72.897 E187.7679
G1 X97.592 Y73.015 E187.7740
G1 X97.743 Y73.093 E187.7797
G1 X99.507 Y71.329 E187.8627
G1 X100.073 Y71.329 E187.8815
G1 X98.232 Y73.169 E187.9681
G1 X98.798 Y73.169 E187.9869
G1 X100.285 Y71.682 E188.0568
G0 F2400 X100.638 Y71.329
G1 F3000 E183.0568
G1 F900 Z3.100
G0 F4200 X106.162 Y73.160
G1 F900 Z2.800
G1 F1500 E188.0568
G1 F2400 X107.008 Y72.313 E188.0967
G1 X107.015 Y72.250 E188.0988
G1 X106.997 Y72.070 E188.1048
G1 X106.944 Y71.897 E188.1108
G1 X106.915 Y71.841 E188.1129
G1 X105.586 Y73.169 E188.1754
G1 X105.020 Y73.169 E188.1942
G1 X106.661 Y71.529 E188.2714
G1 X106.606 Y71.484 E188.2737
G1 X106.452 Y71.405 E188.2795
G1 X106.278 Y71.352 E188.2855
G1 X106.273 Y71.351 E188.2857
G1 X104.455 Y73.169 E188.3712
G1 X103.889 Y73.169 E188.3900
G1 X105.729 Y71.330 E188.4766
G1 X105.163 Y71.330 E188.4954
G1 X103.323 Y73.169 E188.5819
G1 X102.758 Y73.169 E188.6007
G1 X104.598 Y71.330 E188.6872
G1 X104.032 Y71.330 E188.7061
G1 X102.192 Y73.169 E188.7926
G1 X101.626 Y73.169 E188.8114
G1 X103.466 Y71.330 E188.8979
G1 X103.019 Y71.330 E188.9128
G1 X103.019 Y71.211 E188.9168
G1 X101.061 Y73.169 E189.0089
G1 X100.495 Y73.169 E189.0277
G1 X103.019 Y70.645 E189.1464
G1 X103.019 Y70.079 E189.1652
G1 X99.929 Y73.169 E189.3106
G1 X99.364 Y73.169 E189.3294
G1 X103.019 Y69.514 E189.5013
G1 X103.019 Y68.948 E189.5201
G1 X101.179 Y70.789 E189.6067
G1 X101.179 Y70.223 E189.6255
G1 X103.019 Y68.382 E189.7121
G1 X103.019 Y67.817 E189.7309
G1 X101.179 Y69.657 E189.8174
G1 X101.179 Y69.092 E189.8362
G1 X103.019 Y67.251 E189.9228
G1 X103.019 Y66.685 E189.9416
G1 X101.179 Y68.526 E190.0282
G1 X101.179 Y67.960 E190.0470
G1 X103.019 Y66.120 E190.1336
G1 X103.019 Y65.554 E190.1524
G1 X101.179 Y67.395 E190.2390
G1 X101.179 Y66.829 E190.2578
G1 X103.019 Y64.988 E190.3443
G1 X103.019 Y64.423 E190.3631
G1 X101.179 Y66.263 E190.4497
G1 X101.179 Y65.697 E190.4685
G1 X103.019 Y63.857 E190.5551
G1 X103.019 Y63.291 E190.5739
G1 X101.179 Y65.132 E190.6605
G1 X101.179 Y64.566 E190.6793
G1 X103.019 Y62.726 E190.7658
G1 X103.019 Y62.160 E190.7847
G1 X101.179 Y64.000 E190.8712
G1 X101.179 Y63.435 E190.8900
G1 X103.019 Y61.594 E190.9766
G1 X103.019 Y61.028 E190.9954
G1 X101.179 Y62.869 E191.0820
G1 X101.179 Y62.303 E191.1008
G1 X102.963 Y60.519 E191.1847
G1 X102.785 Y60.131 E191.1989
G1 X101.179 Y61.738 E191.2745
G1 X101.179 Y61.172 E191.2933
G1 X102.607 Y59.744 E191.3605
G1 X102.430 Y59.355 E191.3747
G1 X101.210 Y60.575 E191.4321
G1 X101.686 Y59.533 E191.4702
G1 X101.899 Y59.320 E191.4802
G0 F2400 X102.252 Y58.967
G0 F4200 X102.111 Y58.826
;TYPE:SOLID-FILL
;WIDTH:0.400
G1 F3000 X102.314 Y58.622 E191.4898
G1 F3000 E186.4898
G1 F900 Z3.100
G0 F4200 X100.555 Y71.129
G1 F900 Z2.800
G1 F1500 E191.4898
G1 F3000 X100.496 Y71.188 E191.4925
G1 F3000 E186.4925
G1 F900 Z3.100
G0 F4200 X90.733 Y73.424
;TYPE:WALL-INNER
;WIDTH:0.400
G1 F900 Z2.800
G1 F1500 E191.4925
G1 F2400 X90.470 Y73.450 E191.5013
G1 X82.530 Y73.450 E191.7654
G1 X82.267 Y73.424 E191.7742
G1 X82.042 Y73.356 E191.7820
G1 X81.835 Y73.246 E191.7898
G1 X81.653 Y73.097 E191.7976
G1 X81.504 Y72.915 E191.8055
G1 X81.394 Y72.708 E191.8133
G1 X81.326 Y72.483 E191.8211
G1 X81.303 Y72.250 E191.8289
G1 X81.326 Y72.017 E191.8366
G1 X81.394 Y71.792 E191.8445
G1 X81.504 Y71.585 E191.8523
G1 X81.653 Y71.403 E191.8601
G1 X81.835 Y71.254 E191.8679
G1 X82.042 Y71.144 E191.8757
G1 X82.267 Y71.076 E191.8835
G1 X82.530 Y71.050 E191.8923
G1 X85.300 Y71.050 E191.9844
G1 X85.300 Y60.581 E192.3326
G1 X86.265 Y58.471 E192.4098
G1 X86.388 Y58.375 E192.4150
G1 X86.442 Y58.358 E192.4169
G1 X86.558 Y58.358 E192.4207
G1 X86.664 Y58.403 E192.4246
G1 X86.735 Y58.471 E192.4278
G1 X87.700 Y60.581 E192.5050
G1 X87.700 Y71.050 E192.8532
G1 X90.470 Y71.050 E192.9453
G1 X90.733 Y71.076 E192.9541
G1 X90.958 Y71.144 E192.9620
G1 X91.165 Y71.254 E192.9697
G1 X91.347 Y71.403 E192.9776
G1 X91.496 Y71.585 E192.9854
G1 X91.606 Y71.792 E192.9932
G1 X91.674 Y72.017 E193.0010
G1 X91.697 Y72.250 E193.0088
G1 X91.674 Y72.483 E193.0166
G1 X91.606 Y72.708 E193.0244
G1 X91.496 Y72.915 E193.0322
G1 X91.347 Y73.097 E193.0400
G1 X91.189 Y73.227 E193.0468
G0 F2400 X91.165 Y73.246
G0 F2400 X90.958 Y73.356
G0 F2400 X90.733 Y73.424
G1 F3000 E188.0468
G0 F4200 X90.812 Y73.818
;TYPE:WALL-OUTER
;WIDTH:0.400
G1 F900 Z2.800
G1 F1500 E193.0468
G1 F1800 X90.490 Y73.850 E193.0576
G1 X82.510 Y73.850 E193.3230
G1 X82.188 Y73.818 E193.3338
G1 X81.888 Y73.727 E193.3442
G1 X81.612 Y73.580 E193.3546
G1 X81.369 Y73.381 E193.3650
G1 X81.170 Y73.138 E193.3755
G1 X81.023 Y72.862 E193.3859
G1 X80.932 Y72.562 E193.3963
G1 X80.901 Y72.250 E193.4067
G1 X80.932 Y71.938 E193.4172
G1 X81.023 Y71.638 E193.4276
G1 X81.170 Y71.362 E193.4380
G1 X81.369 Y71.119 E193.4484
G1 X81.612 Y70.920 E193.4589
G1 X81.888 Y70.773 E193.4693
G1 X82.188 Y70.682 E193.4797
G1 X82.510 Y70.650 E193.4905
G1 X84.900 Y70.650 E193.5700
G1 X84.900 Y60.494 E193.9078
G1 X85.923 Y58.257 E193.9896
G1 X86.006 Y58.156 E193.9939
G1 X86.112 Y58.069 E193.9985
G1 X86.233 Y58.004 E194.0031
G1 X86.363 Y57.964 E194.0076
G1 X86.500 Y57.951 E194.0122
G1 X86.637 Y57.964 E194.0167
G1 X86.767 Y58.004 E194.0213
G1 X86.888 Y58.069 E194.0258
G1 X86.994 Y58.156 E194.0304
G1 X87.077 Y58.257 E194.0347
G1 X88.100 Y60.494 E194.1165
G1 X88.100 Y70.650 E194.4543
G1 X90.490 Y70.650 E194.5338
G1 X90.812 Y70.682 E194.5446
G1 X91.112 Y70.773 E194.5550
G1 X91.388 Y70.920 E194.5654
G1 X91.631 Y71.119 E194.5759
G1 X91.830 Y71.362 E194.5863
G1 X91.977 Y71.638 E194.5967
G1 X92.068 Y71.938 E194.6071
G1 X92.099 Y72.250 E194.6176
G1 X92.068 Y72.562 E194.6280
G1 X91.977 Y72.862 E194.6384
G1 X91.830 Y73.138 E194.6488
G1 X91.631 Y73.381 E194.6593
G1 X91.388 Y73.580 E194.6697
G1 X91.277 Y73.639 E194.6739
G0 F1800 X91.112 Y73.727
G0 F1800 X90.812 Y73.818
G1 F3000 E189.6739
G0 F4200 X90.313 Y73.169
;TYPE:SOLID-FILL
;WIDTH:0.400
G1 F900 Z2.800
G1 F1500 E194.6739
G1 F2400 X91.398 Y72.084 E194.7249
G1 X91.397 Y72.071 E194.7254
G1 X91.344 Y71.897 E194.7314
G1 X91.264 Y71.743 E194.7372
G1 X91.223 Y71.694 E194.7393
G1 X89.747 Y73.169 E194.8087
G1 X89.181 Y73.169 E194.8275
G1 X90.914 Y71.436 E194.9091
G1 X90.851 Y71.405 E194.9114
G1 X90.678 Y71.352 E194.9174
G1 X90.456 Y71.329 E194.9248
G1 X88.616 Y73.169 E195.0114
G1 X88.050 Y73.169 E195.0302
G1 X89.890 Y71.329 E195.1168
G1 X89.325 Y71.329 E195.1355
G1 X87.484 Y73.169 E195.2221
G1 X86.918 Y73.169 E195.2409
G1 X88.759 Y71.329 E195.3275
G1 X88.193 Y71.329 E195.3463
G1 X86.353 Y73.169 E195.4329
G1 X85.787 Y73.169 E195.4517
G1 X87.628 Y71.329 E195.5383
G1 X87.419 Y71.330 E195.5452
G1 X87.419 Y70.972 E195.5571
G1 X85.221 Y73.169 E195.6605
G1 X84.656 Y73.169 E195.6793
G1 X87.419 Y70.406 E195.8093
G1 X87.419 Y69.840 E195.8281
G1 X84.090 Y73.169 E195.9847
G1 X83.524 Y73.169 E196.0035
G1 X85.364 Y71.330 E196.0900
G1 X84.799 Y71.330 E196.1088
G1 X82.959 Y73.169 E196.1953
G1 X82.543 Y73.169 E196.2092
G1 X82.406 Y73.157 E196.2138
G1 X84.233 Y71.330 E196.2997
G1 X83.667 Y71.330 E196.3185
G1 X81.986 Y73.010 E196.3976
G1 X81.851 Y72.897 E196.4034
G1 X81.734 Y72.757 E196.4095
G1 X81.714 Y72.717 E196.4110
G1 X83.102 Y71.330 E196.4762
G1 X82.543 Y71.330 E196.4948
G1 X82.535 Y71.330 E196.4951
G1 X81.940 Y71.926 E196.5231
G0 F2400 X81.587 Y72.279
G1 F3000 E191.5231
G1 F900 Z3.100
G0 F4200 X85.579 Y71.115
G1 F900 Z2.800
G1 F1500 E196.5231
G1 F2400 X87.419 Y69.275 E196.6096
G1 X87.419 Y68.709 E196.6285
G1 X85.579 Y70.549 E196.7150
G1 X85.579 Y69.983 E196.7338
G1 X87.419 Y68.143 E196.8204
G1 X87.419 Y67.578 E196.8392
G1 X85.579 Y69.418 E196.9257
G1 X85.579 Y68.852 E196.9446
G1 X87.419 Y67.012 E197.0311
G1 X87.419 Y66.446 E197.0499
G1 X85.579 Y68.286 E197.1365
G1 X85.579 Y67.721 E197.1553
G1 X87.419 Y65.881 E197.2418
G1 X87.419 Y65.315 E197.2606
G1 X85.579 Y67.155 E197.3472
G1 X85.579 Y66.589 E197.3660
G1 X87.419 Y64.749 E197.4526
G1 X87.419 Y64.184 E197.4714
G1 X85.579 Y66.023 E197.5579
G1 X85.579 Y65.458 E197.5767
G1 X87.419 Y63.618 E197.6632
G1 X87.419 Y63.052 E197.6821
G1 X85.579 Y64.892 E197.7686
G1 X85.579 Y64.326 E197.7874
G1 X87.419 Y62.487 E197.8739
G1 X87.419 Y61.921 E197.8928
G1 X85.579 Y63.761 E197.9793
G1 X85.579 Y63.195 E197.9981
G1 X87.419 Y61.355 E198.0847
G1 X87.419 Y60.789 E198.1035
G1 X85.579 Y62.629 E198.1901
G1 X85.579 Y62.064 E198.2089
G1 X87.288 Y60.355 E198.2892
G1 X87.110 Y59.967 E198.3034
G1 X85.579 Y61.498 E198.3755
G1 X85.579 Y60.932 E198.3943
G1 X86.933 Y59.579 E198.4579
G1 X86.755 Y59.191 E198.4721
G1 X85.812 Y60.134 E198.5165
G1 X86.251 Y59.173 E198.5516
G0 F2400 X86.288 Y59.092
G0 F2400 X86.578 Y58.802
G1 F3000 E193.5516
G1 F900 Z3.100
G0 F4200 X81.445 Y72.137
;TYPE:SOLID-FILL
;WIDTH:0.400
G1 F900 Z2.800
G1 F1500 E198.5516
G1 F3000 X81.387 Y72.195 E198.5544
G1 F3000 E193.5544
G1 F900 Z3.100
G0 F4200 X90.395 Y73.370
G1 F900 Z2.800
G1 F1500 E198.5544
G1 F3000 X90.454 Y73.311 E198.5571
;LAYER:14
;Z:3.000
;HEIGHT:0.200
G0 F900 Z3.000
G0 F4200 X90.733 Y73.424
;TYPE:WALL-INNER
;WIDTH:0.400
G1 F2400 X90.470 Y73.450 E198.5659
G1 X82.530 Y73.450 E198.8300
G1 X82.267 Y73.424 E198.8388
G1 X82.042 Y73.356 E198.8466
G1 X81.835 Y73.246 E198.8544
G1 X81.653 Y73.097 E198.8622
G1 X81.504 Y72.915 E198.8701
G1 X81.394 Y72.708 E198.8779
G1 X81.326 Y72.483 E198.8857
G1 X81.303 Y72.250 E198.8935
G1 X81.326 Y72.017 E198.9013
G1 X81.394 Y71.792 E198.9091
G1 X81.504 Y71.585 E198.9169
G1 X81.653 Y71.403 E198.9247
G1 X81.835 Y71.254 E198.9325
G1 X82.042 Y71.144 E198.9403
G1 X82.267 Y71.076 E198.9481
G1 X82.530 Y71.050 E198.9569
G1 X85.300 Y71.050 E199.0491
G1 X85.300 Y60.581 E199.3973
G1 X86.265 Y58.471 E199.4744
G1 X86.388 Y58.375 E199.4796
G1 X86.442 Y58.358 E199.4815
G1 X86.558 Y58.358 E199.4854
G1 X86.664 Y58.403 E199.4892
G1 X86.735 Y58.471 E199.4925
G1 X87.700 Y60.581 E199.5696
G1 X87.700 Y71.050 E199.9178
G1 X90.470 Y71.050 E200.0100
G1 X90.733 Y71.076 E200.0187
G1 X90.958 Y71.144 E200.0266
G1 X91.165 Y71.254 E200.0344
G1 X91.347 Y71.403 E200.0422
G1 X91.496 Y71.585 E200.0500
G1 X91.606 Y71.792 E200.0578
G1 X91.674 Y72.017 E200.0656
G1 X91.697 Y72.250 E200.0734
G1 X91.674 Y72.483 E200.0812
G1 X91.606 Y72.708 E200.0890
G1 X91.496 Y72.915 E200.0968
G1 X91.347 Y73.097 E200.1046
G1 X91.189 Y73.227 E200.1114
G0 F2400 X91.165 Y73.246
G0 F2400 X90.958 Y73.356
G0 F2400 X90.733 Y73.424
G1 F3000 E195.1114
G0 F4200 X90.812 Y73.818
;TYPE:WALL-OUTER
;WIDTH:0.400
G1 F900 Z3.000
G1 F1500 E200.1114
G1 F1800 X90.490 Y73.850 E200.1222
G1 X82.510 Y73.850 E200.3876
G1 X82.188 Y73.818 E200.3984
G1 X81.888 Y73.727 E200.4088
G1 X81.612 Y73.580 E200.4192
G1 X81.369 Y73.381 E200.4297
G1 X81.170 Y73.138 E200.4401
G1 X81.023 Y72.862 E200.4505
G1 X80.932 Y72.562 E200.4609
G1 X80.901 Y72.250 E200.4714
G1 X80.932 Y71.938 E200.4818
G1 X81.023 Y71.638 E200.4922
G1 X81.170 Y71.362 E200.5026
G1 X81.369 Y71.119 E200.5131
G1 X81.612 Y70.920 E200.5235
G1 X81.888 Y70.773 E200.5339
G1 X82.188 Y70.682 E200.5443
G1 X82.510 Y70.650 E200.5551
G1 X84.900 Y70.650 E200.6346
G1 X84.900 Y60.494 E200.9724
G1 X85.923 Y58.257 E201.0542
G1 X86.006 Y58.156 E201.0585
G1 X86.112 Y58.069 E201.0631
G1 X86.233 Y58.004 E201.0677
G1 X86.363 Y57.964 E201.0722
G1 X86.500 Y57.951 E201.0768
G1 X86.637 Y57.964 E201.0813
G1 X86.767 Y58.004 E201.0859
G1 X86.888 Y58.069 E201.0904
G1 X86.994 Y58.156 E201.0950
G1 X87.077 Y58.257 E201.0993
G1 X88.100 Y60.494 E201.1812
G1 X88.100 Y70.650 E201.5190
G1 X90.490 Y70.650 E201.5984
G1 X90.812 Y70.682 E201.6092
G1 X91.112 Y70.773 E201.6196
G1 X91.388 Y70.920 E201.6300
G1 X91.631 Y71.119 E201.6405
G1 X91.830 Y71.362 E201.6509
G1 X91.977 Y71.638 E201.6613
G1 X92.068 Y71.938 E201.6718
G1 X92.099 Y72.250 E201.6822
G1 X92.068 Y72.562 E201.6926
G1 X91.977 Y72.862 E201.7030
G1 X91.830 Y73.138 E201.7134
G1 X91.631 Y73.381 E201.7239
G1 X91.388 Y73.580 E201.7343
G1 X91.277 Y73.639 E201.7385
G0 F1800 X91.112 Y73.727
G0 F1800 X90.812 Y73.818
G1 F3000 E196.7385
G0 F4200 X90.575 Y71.342
;TYPE:SOLID-FILL
;WIDTH:0.400
G1 F900 Z3.000
G1 F1500 E201.7385
G1 F2400 X91.408 Y72.175 E201.7777
G1 X91.415 Y72.250 E201.7802
G1 X91.397 Y72.428 E201.7862
G1 X91.344 Y72.602 E201.7922
G1 X91.319 Y72.651 E201.7940
G1 X89.997 Y71.330 E201.8562
G1 X89.432 Y71.330 E201.8750
G1 X91.066 Y72.964 E201.9518
G1 X91.006 Y73.015 E201.9545
G1 X90.851 Y73.095 E201.9603
G1 X90.682 Y73.146 E201.9661
G1 X88.866 Y71.330 E202.0516
G1 X88.300 Y71.330 E202.0704
G1 X90.140 Y73.169 E202.1569
G1 X89.574 Y73.169 E202.1757
G1 X88.087 Y71.683 E202.2456
G0 F2400 X87.734 Y71.330
G1 F3000 E197.2456
G1 F900 Z3.300
G0 F4200 X82.146 Y73.095
G1 F900 Z3.000
G1 F1500 E202.2456
G1 F2400 X81.653 Y72.602 E202.2688
G1 X81.601 Y72.428 E202.2749
G1 X81.583 Y72.250 E202.2808
G1 X81.601 Y72.071 E202.2868
G1 X81.621 Y72.004 E202.2891
G1 X82.786 Y73.169 E202.3439
G1 X83.352 Y73.169 E202.3628
G1 X81.820 Y71.638 E202.4348
G1 X81.851 Y71.602 E202.4364
G1 X81.992 Y71.484 E202.4425
G1 X82.146 Y71.405 E202.4482
G1 X82.151 Y71.403 E202.4484
G1 X83.918 Y73.169 E202.5315
G1 X84.483 Y73.169 E202.5503
G1 X82.643 Y71.330 E202.6368
G1 X83.209 Y71.330 E202.6557
G1 X85.049 Y73.169 E202.7422
G1 X85.615 Y73.169 E202.7610
G1 X83.775 Y71.330 E202.8475
G1 X84.340 Y71.330 E202.8663
G1 X86.180 Y73.169 E202.9529
G1 X86.746 Y73.169 E202.9717
G1 X84.906 Y71.330 E203.0582
G1 X85.472 Y71.330 E203.0770
G1 X87.312 Y73.169 E203.1635
G1 X87.877 Y73.169 E203.1823
G1 X85.579 Y70.871 E203.2904
G1 X85.579 Y70.306 E203.3092
G1 X88.443 Y73.169 E203.4439
G1 X89.009 Y73.169 E203.4627
G1 X85.579 Y69.740 E203.6241
G1 X85.579 Y69.174 E203.6429
G1 X87.419 Y71.014 E203.7294
G1 X87.419 Y70.449 E203.7482
G1 X85.579 Y68.609 E203.8348
G1 X85.579 Y68.043 E203.8536
G1 X87.419 Y69.883 E203.9401
G1 X87.419 Y69.317 E203.9590
G1 X85.579 Y67.477 E204.0455
G1 X85.579 Y66.912 E204.0643
G1 X87.419 Y68.751 E204.1508
G1 X87.419 Y68.186 E204.1696
G1 X85.579 Y66.346 E204.2562
G1 X85.579 Y65.780 E204.2750
G1 X87.419 Y67.620 E204.3615
G1 X87.419 Y67.054 E204.3804
G1 X85.579 Y65.215 E204.4669
G1 X85.579 Y64.649 E204.4857
G1 X87.419 Y66.489 E204.5723
G1 X87.419 Y65.923 E204.5911
G1 X85.579 Y64.083 E204.6776
G1 X85.579 Y63.517 E204.6965
G1 X87.419 Y65.357 E204.7830
G1 X87.419 Y64.792 E204.8018
G1 X85.579 Y62.952 E204.8884
G1 X85.579 Y62.386 E204.9072
G1 X87.419 Y64.226 E204.9937
G1 X87.419 Y63.660 E205.0125
G1 X85.579 Y61.820 E205.0991
G1 X85.579 Y61.255 E205.1179
G1 X87.419 Y63.095 E205.2044
G1 X87.419 Y62.529 E205.2233
G1 X85.579 Y60.689 E205.3098
G1 X85.579 Y60.642 E205.3114
G1 X85.742 Y60.286 E205.3244
G1 X87.419 Y61.963 E205.4033
G1 X87.419 Y61.398 E205.4221
G1 X85.919 Y59.898 E205.4926
G1 X86.097 Y59.510 E205.5068
G1 X87.419 Y60.832 E205.5690
G1 X87.419 Y60.642 E205.5753
G1 X87.103 Y59.950 E205.6006
G1 X86.274 Y59.121 E205.6396
G1 X86.318 Y59.026 E205.6431
G0 F2400 X86.422 Y58.798
G0 F2400 X86.517 Y58.798
G0 F2400 X86.626 Y58.908
G1 F3000 E200.6431
G1 F900 Z3.300
G0 F4200 X98.130 Y73.450
;TYPE:WALL-INNER
;WIDTH:0.400
G1 F900 Z3.000
G1 F1500 E205.6431
G1 F2400 X97.867 Y73.424 E205.6519
G1 X97.642 Y73.356 E205.6597
G1 X97.435 Y73.246 E205.6675
G1 X97.253 Y73.097 E205.6753
G1 X97.104 Y72.915 E205.6832
G1 X96.994 Y72.708 E205.6910
G1 X96.926 Y72.483 E205.6988
G1 X96.903 Y72.250 E205.7066
G1 X96.926 Y72.017 E205.7143
G1 X96.994 Y71.792 E205.7222
G1 X97.104 Y71.585 E205.7300
G1 X97.253 Y71.403 E205.7378
G1 X97.435 Y71.254 E205.7456
G1 X97.642 Y71.144 E205.7534
G1 X97.867 Y71.076 E205.7612
G1 X98.130 Y71.050 E205.7700
G1 X100.900 Y71.050 E205.8621
G1 X100.900 Y60.581 E206.2103
G1 X101.865 Y58.471 E206.2875
G1 X101.988 Y58.375 E206.2927
G1 X102.042 Y58.358 E206.2946
G1 X102.158 Y58.358 E206.2984
G1 X102.264 Y58.403 E206.3023
G1 X102.335 Y58.471 E206.3055
G1 X103.300 Y60.581 E206.3827
G1 X103.300 Y71.050 E206.7309
G1 X106.070 Y71.050 E206.8230
G1 X106.333 Y71.076 E206.8318
G1 X106.558 Y71.144 E206.8396
G1 X106.765 Y71.254 E206.8474
G1 X106.947 Y71.403 E206.8553
G1 X107.096 Y71.585 E206.8631
G1 X107.206 Y71.792 E206.8709
G1 X107.274 Y72.017 E206.8787
G1 X107.297 Y72.250 E206.8865
G1 X107.274 Y72.483 E206.8943
G1 X107.206 Y72.708 E206.9021
G1 X107.096 Y72.915 E206.9099
G1 X106.947 Y73.097 E206.9177
G1 X106.765 Y73.246 E206.9255
G1 X106.558 Y73.356 E206.9333
G1 X106.333 Y73.424 E206.9412
G1 X106.070 Y73.450 E206.9499
G1 X98.630 Y73.450 E207.1974
G0 F2400 X98.130 Y73.450
G1 F3000 E202.1974
G0 F4200 X98.110 Y73.850
;TYPE:WALL-OUTER
;WIDTH:0.400
G1 F900 Z3.000
G1 F1500 E207.1974
G1 F1800 X97.788 Y73.818 E207.2082
G1 X97.488 Y73.727 E207.2186
G1 X97.212 Y73.580 E207.2290
G1 X96.969 Y73.381 E207.2394
G1 X96.770 Y73.138 E207.2499
G1 X96.623 Y72.862 E207.2603
G1 X96.532 Y72.562 E207.2707
G1 X96.501 Y72.250 E207.2811
G1 X96.532 Y71.938 E207.2916
G1 X96.623 Y71.638 E207.3020
G1 X96.770 Y71.362 E207.3124
G1 X96.969 Y71.119 E207.3228
G1 X97.212 Y70.920 E207.3333
G1 X97.488 Y70.773 E207.3437
G1 X97.788 Y70.682 E207.3541
G1 X98.110 Y70.650 E207.3649
G1 X100.500 Y70.650 E207.4444
G1 X100.500 Y60.494 E207.7822
G1 X101.523 Y58.257 E207.8640
G1 X101.606 Y58.156 E207.8683
G1 X101.712 Y58.069 E207.8729
G1 X101.833 Y58.004 E207.8775
G1 X101.963 Y57.964 E207.8820
G1 X102.100 Y57.951 E207.8866
G1 X102.237 Y57.964 E207.8911
G1 X102.367 Y58.004 E207.8957
G1 X102.488 Y58.069 E207.9002
G1 X102.594 Y58.156 E207.9048
G1 X102.677 Y58.257 E207.9091
G1 X103.700 Y60.494 E207.9909
G1 X103.700 Y70.650 E208.3287
G1 X106.090 Y70.650 E208.4082
G1 X106.412 Y70.682 E208.4190
G1 X106.712 Y70.773 E208.4294
G1 X106.988 Y70.920 E208.4398
G1 X107.231 Y71.119 E208.4503
G1 X107.430 Y71.362 E208.4607
G1 X107.577 Y71.638 E208.4711
G1 X107.668 Y71.938 E208.4815
G1 X107.699 Y72.250 E208.4920
G1 X107.668 Y72.562 E208.5024
G1 X107.577 Y72.862 E208.5128
G1 X107.430 Y73.138 E208.5232
G1 X107.231 Y73.381 E208.5337
G1 X106.988 Y73.580 E208.5441
G1 X106.712 Y73.727 E208.5545
G1 X106.412 Y73.818 E208.5649
G1 X106.090 Y73.850 E208.5757
G1 X98.610 Y73.850 E208.8245
G0 F1800 X98.110 Y73.850
G1 F3000 E203.8245
G0 F4200 X98.050 Y73.160
;TYPE:SOLID-FILL
;WIDTH:0.400
G1 F900 Z3.000
G1 F1500 E208.8245
G1 F2400 X97.188 Y72.298 E208.8650
G1 X97.183 Y72.249 E208.8667
G1 X97.201 Y72.071 E208.8726
G1 X97.254 Y71.897 E208.8787
G1 X97.287 Y71.832 E208.8811
G1 X98.625 Y73.169 E208.9440
G1 X99.191 Y73.169 E208.9628
G1 X97.546 Y71.524 E209.0402
G1 X97.592 Y71.484 E209.0422
G1 X97.746 Y71.405 E209.0480
G1 X97.920 Y71.352 E209.0540
G1 X97.937 Y71.350 E209.0546
G1 X99.757 Y73.169 E209.1402
G1 X100.322 Y73.169 E209.1590
G1 X98.483 Y71.330 E209.2455
G1 X99.048 Y71.330 E209.2643
G1 X100.888 Y73.169 E209.3508
G1 X101.454 Y73.169 E209.3696
G1 X99.614 Y71.330 E209.4562
G1 X100.180 Y71.330 E209.4750
G1 X102.019 Y73.169 E209.5615
G1 X102.585 Y73.169 E209.5803
G1 X100.745 Y71.330 E209.6668
G1 X101.179 Y71.329 E209.6813
G1 X101.179 Y71.197 E209.6857
G1 X103.151 Y73.169 E209.7784
G1 X103.717 Y73.169 E209.7972
G1 X101.179 Y70.632 E209.9166
G1 X101.179 Y70.066 E209.9354
G1 X104.282 Y73.169 E210.0814
G1 X104.848 Y73.169 E210.1002
G1 X101.179 Y69.500 E210.2728
G1 X101.179 Y68.935 E210.2916
G1 X103.019 Y70.775 E210.3781
G1 X103.019 Y70.210 E210.3969
G1 X101.179 Y68.369 E210.4835
G1 X101.179 Y67.803 E210.5023
G1 X103.019 Y69.644 E210.5889
G1 X103.019 Y69.078 E210.6077
G1 X101.179 Y67.238 E210.6943
G1 X101.179 Y66.672 E210.7131
G1 X103.019 Y68.512 E210.7996
G1 X103.019 Y67.947 E210.8184
G1 X101.179 Y66.106 E210.9050
G1 X101.179 Y65.541 E210.9238
G1 X103.019 Y67.381 E211.0103
G1 X103.019 Y66.815 E211.0292
G1 X101.179 Y64.975 E211.1157
G1 X101.179 Y64.409 E211.1345
G1 X103.019 Y66.250 E211.2211
G1 X103.019 Y65.684 E211.2399
G1 X101.179 Y63.843 E211.3265
G1 X101.179 Y63.278 E211.3453
G1 X103.019 Y65.118 E211.4318
G1 X103.019 Y64.553 E211.4506
G1 X101.179 Y62.712 E211.5372
G1 X101.179 Y62.146 E211.5560
G1 X103.019 Y63.987 E211.6426
G1 X103.019 Y63.421 E211.6614
G1 X101.179 Y61.581 E211.7480
G1 X101.179 Y61.015 E211.7668
G1 X103.019 Y62.856 E211.8534
G1 X103.019 Y62.290 E211.8722
G1 X101.239 Y60.509 E211.9559
G1 X101.416 Y60.121 E211.9701
G1 X103.019 Y61.724 E212.0455
G1 X103.019 Y61.159 E212.0643
G1 X101.594 Y59.733 E212.1314
G1 X101.771 Y59.345 E212.1456
G1 X102.978 Y60.551 E212.2023
G1 X102.500 Y59.508 E212.2405
G1 X102.302 Y59.310 E212.2498
G0 F2400 X101.949 Y58.957
G1 F3000 E207.2498
G1 F900 Z3.300
G0 F4200 X103.574 Y71.330
G1 F900 Z3.000
G1 F1500 E212.2498
G1 F2400 X105.414 Y73.169 E212.3363
G1 X105.979 Y73.169 E212.3551
G1 X104.139 Y71.330 E212.4416
G1 X104.705 Y71.330 E212.4604
G1 X106.464 Y73.088 E212.5432
G1 X106.606 Y73.014 E212.5485
G1 X106.746 Y72.897 E212.5546
G1 X106.788 Y72.847 E212.5567
G1 X105.271 Y71.330 E212.6281
G1 X105.836 Y71.330 E212.6469
G1 X106.983 Y72.476 E212.7008
G1 X106.997 Y72.429 E212.7024
G1 X107.015 Y72.250 E212.7084
G1 X106.997 Y72.070 E212.7144
G1 X106.944 Y71.897 E212.7205
G1 X106.917 Y71.844 E212.7224
G1 X106.858 Y71.785 E212.7252
G0 F2400 X106.505 Y71.432
G1 F3000 E207.7252
G1 F900 Z3.300
G0 F4200 X103.715 Y71.188
;TYPE:SOLID-FILL
;WIDTH:0.400
G1 F900 Z3.000
G1 F1500 E212.7252
G1 F3000 X103.656 Y71.129 E212.7280
G1 F3000 E207.7280
G1 F900 Z3.300
G0 F4200 X102.089 Y58.815
G1 F900 Z3.000
G1 F1500 E212.7280
G1 F3000 X101.887 Y58.612 E212.7375
;LAYER:15
;Z:3.200
;HEIGHT:0.200
G1 F3000 E207.7375
G0 F900 Z3.200
G0 F4200 X98.130 Y73.450
;TYPE:WALL-INNER
;WIDTH:0.400
G1 F900 Z3.200
G1 F1500 E212.7375
G1 F2400 X97.867 Y73.424 E212.7463
G1 X97.642 Y73.356 E212.7541
G1 X97.435 Y73.246 E212.7619
G1 X97.253 Y73.097 E212.7697
G1 X97.104 Y72.915 E212.7776
G1 X96.994 Y72.708 E212.7854
G1 X96.926 Y72.483 E212.7932
G1 X96.903 Y72.250 E212.8010
G1 X96.926 Y72.017 E212.8087
G1 X96.994 Y71.792 E212.8166
G1 X97.104 Y71.585 E212.8244
G1 X97.253 Y71.403 E212.8322
G1 X97.435 Y71.254 E212.8400
G1 X97.642 Y71.144 E212.8478
G1 X97.867 Y71.076 E212.8556
G1 X98.130 Y71.050 E212.8644
G1 X100.900 Y71.050 E212.9565
G1 X100.900 Y60.581 E213.3047
G1 X101.865 Y58.471 E213.3819
G1 X101.988 Y58.375 E213.3871
G1 X102.042 Y58.358 E213.3890
G1 X102.158 Y58.358 E213.3928
G1 X102.264 Y58.403 E213.3967
G1 X102.335 Y58.471 E213.3999
G1 X103.300 Y60.581 E213.4771
G1 X103.300 Y71.050 E213.8253
G1 X106.070 Y71.050 E213.9174
G1 X106.333 Y71.076 E213.9262
G1 X106.558 Y71.144 E213.9341
G1 X106.765 Y71.254 E213.9418
G1 X106.947 Y71.403 E213.9497
G1 X107.096 Y71.585 E213.9575
G1 X107.206 Y71.792 E213.9653
G1 X107.274 Y72.017 E213.9731
G1 X107.297 Y72.250 E213.9809
G1 X107.274 Y72.483 E213.9887
G1 X107.206 Y72.708 E213.9965
G1 X107.096 Y72.915 E214.0043
G1 X106.947 Y73.097 E214.0121
G1 X106.765 Y73.246 E214.0199
G1 X106.558 Y73.356 E214.0277
G1 X106.333 Y73.424 E214.0356
G1 X106.070 Y73.450 E214.0443
G1 X98.630 Y73.450 E214.2918
G0 F2400 X98.130 Y73.450
G1 F3000 E209.2918
G0 F4200 X98.110 Y73.850
;TYPE:WALL-OUTER
;WIDTH:0.400
G1 F900 Z3.200
G1 F1500 E214.2918
G1 F1800 X97.788 Y73.818 E214.3026
G1 X97.488 Y73.727 E214.3130
G1 X97.212 Y73.580 E214.3234
G1 X96.969 Y73.381 E214.3338
G1 X96.770 Y73.138 E214.3443
G1 X96.623 Y72.862 E214.3547
G1 X96.532 Y72.562 E214.3651
G1 X96.501 Y72.250 E214.3755
G1 X96.532 Y71.938 E214.3860
G1 X96.623 Y71.638 E214.3964
G1 X96.770 Y71.362 E214.4068
G1 X96.969 Y71.119 E214.4172
G1 X97.212 Y70.920 E214.4277
G1 X97.488 Y70.773 E214.4381
G1 X97.788 Y70.682 E214.4485
G1 X98.110 Y70.650 E214.4593
G1 X100.500 Y70.650 E214.5388
G1 X100.500 Y60.494 E214.8766
G1 X101.523 Y58.257 E214.9584
G1 X101.606 Y58.156 E214.9627
G1 X101.712 Y58.069 E214.9673
G1 X101.833 Y58.004 E214.9719
G1 X101.963 Y57.964 E214.9764
G1 X102.100 Y57.951 E214.9810
G1 X102.237 Y57.964 E214.9855
G1 X102.367 Y58.004 E214.9901
G1 X102.488 Y58.069 E214.9946
G1 X102.594 Y58.156 E214.9992
G1 X102.677 Y58.257 E215.0035
G1 X103.700 Y60.494 E215.0853
G1 X103.700 Y70.650 E215.4231
G1 X106.090 Y70.650 E215.5026
G1 X106.412 Y70.682 E215.5134
G1 X106.712 Y70.773 E215.5238
G1 X106.988 Y70.920 E215.5342
G1 X107.231 Y71.119 E215.5447
G1 X107.430 Y71.362 E215.5551
G1 X107.577 Y71.638 E215.5655
G1 X107.668 Y71.938 E215.5759
G1 X107.699 Y72.250 E215.5864
G1 X107.668 Y72.562 E215.5968
G1 X107.577 Y72.862 E215.6072
G1 X107.430 Y73.138 E215.6176
G1 X107.231 Y73.381 E215.6281
G1 X106.988 Y73.580 E215.6385
G1 X106.712 Y73.727 E215.6489
G1 X106.412 Y73.818 E215.6593
G1 X106.090 Y73.850 E215.6701
G1 X98.610 Y73.850 E215.9189
G0 F1800 X98.110 Y73.850
G1 F3000 E210.9189
G0 F4200 X97.722 Y71.417
;TYPE:SOLID-FILL
;WIDTH:0.400
G1 F900 Z3.200
G1 F1500 E215.9189
G1 F2400 X97.266 Y71.873 E215.9403
G1 X97.254 Y71.897 E215.9412
G1 X97.201 Y72.071 E215.9473
G1 X97.183 Y72.249 E215.9532
G1 X97.201 Y72.428 E215.9592
G1 X97.219 Y72.486 E215.9612
G1 X98.376 Y71.329 E216.0157
G1 X98.941 Y71.329 E216.0345
G1 X97.416 Y72.854 E216.1062
G1 X97.451 Y72.897 E216.1080
G1 X97.592 Y73.015 E216.1141
G1 X97.743 Y73.093 E216.1198
G1 X99.507 Y71.329 E216.2028
G1 X100.073 Y71.329 E216.2216
G1 X98.232 Y73.169 E216.3082
G1 X98.798 Y73.169 E216.3270
G1 X100.285 Y71.682 E216.3969
G0 F2400 X100.638 Y71.329
G1 F3000 E211.3969
G1 F900 Z3.500
G0 F4200 X106.162 Y73.160
G1 F900 Z3.200
G1 F1500 E216.3969
G1 F2400 X107.008 Y72.313 E216.4368
G1 X107.015 Y72.250 E216.4389
G1 X106.997 Y72.070 E216.4449
G1 X106.944 Y71.897 E216.4509
G1 X106.915 Y71.841 E216.4530
G1 X105.586 Y73.169 E216.5155
G1 X105.020 Y73.169 E216.5343
G1 X106.661 Y71.529 E216.6115
G1 X106.606 Y71.484 E216.6138
G1 X106.452 Y71.405 E216.6196
G1 X106.278 Y71.352 E216.6256
G1 X106.273 Y71.351 E216.6258
G1 X104.455 Y73.169 E216.7113
G1 X103.889 Y73.169 E216.7301
G1 X105.729 Y71.330 E216.8167
G1 X105.163 Y71.330 E216.8355
G1 X103.323 Y73.169 E216.9220
G1 X102.758 Y73.169 E216.9408
G1 X104.598 Y71.330 E217.0273
G1 X104.032 Y71.330 E217.0462
G1 X102.192 Y73.169 E217.1327
G1 X101.626 Y73.169 E217.1515
G1 X103.466 Y71.330 E217.2380
G1 X103.019 Y71.330 E217.2529
G1 X103.019 Y71.211 E217.2569
G1 X101.061 Y73.169 E217.3490
G1 X100.495 Y73.169 E217.3678
G1 X103.019 Y70.645 E217.4865
G1 X103.019 Y70.079 E217.5053
G1 X99.929 Y73.169 E217.6507
G1 X99.364 Y73.169 E217.6695
G1 X103.019 Y69.514 E217.8414
G1 X103.019 Y68.948 E217.8602
G1 X101.179 Y70.789 E217.9468
G1 X101.179 Y70.223 E217.9656
G1 X103.019 Y68.382 E218.0522
G1 X103.019 Y67.817 E218.0710
G1 X101.179 Y69.657 E218.1575
G1 X101.179 Y69.092 E218.1763
G1 X103.019 Y67.251 E218.2629
G1 X103.019 Y66.685 E218.2817
G1 X101.179 Y68.526 E218.3683
G1 X101.179 Y67.960 E218.3871
G1 X103.019 Y66.120 E218.4737
G1 X103.019 Y65.554 E218.4925
G1 X101.179 Y67.395 E218.5791
G1 X101.179 Y66.829 E218.5979
G1 X103.019 Y64.988 E218.6844
G1 X103.019 Y64.423 E218.7032
G1 X101.179 Y66.263 E218.7898
G1 X101.179 Y65.697 E218.8086
G1 X103.019 Y63.857 E218.8952
G1 X103.019 Y63.291 E218.9140
G1 X101.179 Y65.132 E219.0006
G1 X101.179 Y64.566 E219.0194
G1 X103.019 Y62.726 E219.1059
G1 X103.019 Y62.160 E219.1248
G1 X101.179 Y64.000 E219.2113
G1 X101.179 Y63.435 E219.2301
G1 X103.019 Y61.594 E219.3167
G1 X103.019 Y61.028 E219.3355
G1 X101.179 Y62.869 E219.4221
G1 X101.179 Y62.303 E219.4409
G1 X102.963 Y60.519 E219.5248
G1 X102.785 Y60.131 E219.5390
G1 X101.179 Y61.738 E219.6146
G1 X101.179 Y61.172 E219.6334
G1 X102.607 Y59.744 E219.7006
G1 X102.430 Y59.355 E219.7148
G1 X101.210 Y60.575 E219.7722
G1 X101.686 Y59.533 E219.8103
G1 X101.899 Y59.320 E219.8203
G0 F2400 X102.252 Y58.967
G0 F4200 X102.111 Y58.826
;TYPE:SOLID-FILL
;WIDTH:0.400
G1 F3000 X102.314 Y58.622 E219.8299
G1 F3000 E214.8299
G1 F900 Z3.500
G0 F4200 X100.555 Y71.129
G1 F900 Z3.200
G1 F1500 E219.8299
G1 F3000 X100.496 Y71.188 E219.8326
G1 F3000 E214.8326
G1 F900 Z3.500
G0 F4200 X90.733 Y73.424
;TYPE:WALL-INNER
;WIDTH:0.400
G1 F900 Z3.200
G1 F1500 E219.8326
G1 F2400 X90.470 Y73.450 E219.8414
G1 X82.530 Y73.450 E220.1055
G1 X82.267 Y73.424 E220.1143
G1 X82.042 Y73.356 E220.1221
G1 X81.835 Y73.246 E220.1299
G1 X81.653 Y73.097 E220.1377
G1 X81.504 Y72.915 E220.1456
G1 X81.394 Y72.708 E220.1534
G1 X81.326 Y72.483 E220.1612
G1 X81.303 Y72.250 E220.1690
G1 X81.326 Y72.017 E220.1767
G1 X81.394 Y71.792 E220.1846
G1 X81.504 Y71.585 E220.1924
G1 X81.653 Y71.403 E220.2002
G1 X81.835 Y71.254 E220.2080
G1 X82.042 Y71.144 E220.2158
G1 X82.267 Y71.076 E220.2236
G1 X82.530 Y71.050 E220.2324
G1 X85.300 Y71.050 E220.3245
G1 X85.300 Y60.581 E220.6727
G1 X86.265 Y58.471 E220.7499
G1 X86.388 Y58.375 E220.7551
G1 X86.442 Y58.358 E220.7570
G1 X86.558 Y58.358 E220.7608
G1 X86.664 Y58.403 E220.7647
G1 X86.735 Y58.471 E220.7679
G1 X87.700 Y60.581 E220.8451
G1 X87.700 Y71.050 E221.1933
G1 X90.470 Y71.050 E221.2854
G1 X90.733 Y71.076 E221.2942
G1 X90.958 Y71.144 E221.3021
G1 X91.165 Y71.254 E221.3098
G1 X91.347 Y71.403 E221.3177
G1 X91.496 Y71.585 E221.3255
G1 X91.606 Y71.792 E221.3333
G1 X91.674 Y72.017 E221.3411
G1 X91.697 Y72.250 E221.3489
G1 X91.674 Y72.483 E221.3567
G1 X91.606 Y72.708 E221.3645
G1 X91.496 Y72.915 E221.3723
G1 X91.347 Y73.097 E221.3801
G1 X91.189 Y73.227 E221.3869
G0 F2400 X91.165 Y73.246
G0 F2400 X90.958 Y73.356
G0 F2400 X90.733 Y73.424
G1 F3000 E216.3869
G0 F4200 X90.812 Y73.818
;TYPE:WALL-OUTER
;WIDTH:0.400
G1 F900 Z3.200
G1 F1500 E221.3869
G1 F1800 X90.490 Y73.850 E221.3977
G1 X82.510 Y73.850 E221.6631
G1 X82.188 Y73.818 E221.6739
G1 X81.888 Y73.727 E221.6843
G1 X81.612 Y73.580 E221.6947
G1 X81.369 Y73.381 E221.7051
G1 X81.170 Y73.138 E221.7156
G1 X81.023 Y72.862 E221.7260
G1 X80.932 Y72.562 E221.7364
G1 X80.901 Y72.250 E221.7468
G1 X80.932 Y71.938 E221.7573
G1 X81.023 Y71.638 E221.7677
G1 X81.170 Y71.362 E221.7781
G1 X81.369 Y71.119 E221.7885
G1 X81.612 Y70.920 E221.7990
G1 X81.888 Y70.773 E221.8094
G1 X82.188 Y70.682 E221.8198
G1 X82.510 Y70.650 E221.8306
G1 X84.900 Y70.650 E221.9101
G1 X84.900 Y60.494 E222.2479
G1 X85.923 Y58.257 E222.3297
G1 X86.006 Y58.156 E222.3340
G1 X86.112 Y58.069 E222.3386
G1 X86.233 Y58.004 E222.3432
G1 X86.363 Y57.964 E222.3477
G1 X86.500 Y57.951 E222.3523
G1 X86.637 Y57.964 E222.3568
G1 X86.767 Y58.004 E222.3614
G1 X86.888 Y58.069 E222.3659
G1 X86.994 Y58.156 E222.3705
G1 X87.077 Y58.257 E222.3748
G1 X88.100 Y60.494 E222.4566
G1 X88.100 Y70.650 E222.7944
G1 X90.490 Y70.650 E222.8739
G1 X90.812 Y70.682 E222.8847
G1 X91.112 Y70.773 E222.8951
G1 X91.388 Y70.920 E222.9055
G1 X91.631 Y71.119 E222.9160
G1 X91.830 Y71.362 E222.9264
G1 X91.977 Y71.638 E222.9368
G1 X92.068 Y71.938 E222.9472
G1 X92.099 Y72.250 E222.9577
G1 X92.068 Y72.562 E222.9681
G1 X91.977 Y72.862 E222.9785
G1 X91.830 Y73.138 E222.9889
G1 X91.631 Y73.381 E222.9994
G1 X91.388 Y73.580 E223.0098
G1 X91.277 Y73.639 E223.0140
G0 F1800 X91.112 Y73.727
G0 F1800 X90.812 Y73.818
G1 F3000 E218.0140
G0 F4200 X90.313 Y73.169
;TYPE:SOLID-FILL
;WIDTH:0.400
G1 F900 Z3.200
G1 F1500 E223.0140
G1 F2400 X91.398 Y72.084 E223.0650
G1 X91.397 Y72.071 E223.0655
G1 X91.344 Y71.897 E223.0715
G1 X91.264 Y71.743 E223.0773
G1 X91.223 Y71.694 E223.0794
G1 X89.747 Y73.169 E223.1488
G1 X89.181 Y73.169 E223.1676
G1 X90.914 Y71.436 E223.2492
G1 X90.851 Y71.405 E223.2515
G1 X90.678 Y71.352 E223.2575
G1 X90.456 Y71.329 E223.2649
G1 X88.616 Y73.169 E223.3515
G1 X88.050 Y73.169 E223.3703
G1 X89.890 Y71.329 E223.4569
G1 X89.325 Y71.329 E223.4756
G1 X87.484 Y73.169 E223.5622
G1 X86.918 Y73.169 E223.5810
G1 X88.759 Y71.329 E223.6676
G1 X88.193 Y71.329 E223.6864
G1 X86.353 Y73.169 E223.7730
G1 X85.787 Y73.169 E223.7918
G1 X87.628 Y71.329 E223.8784
G1 X87.419 Y71.330 E223.8853
G1 X87.419 Y70.972 E223.8972
G1 X85.221 Y73.169 E224.0006
G1 X84.656 Y73.169 E224.0194
G1 X87.419 Y70.406 E224.1494
G1 X87.419 Y69.840 E224.1682
G1 X84.090 Y73.169 E224.3248
G1 X83.524 Y73.169 E224.3436
G1 X85.364 Y71.330 E224.4301
G1 X84.799 Y71.330 E224.4489
G1 X82.959 Y73.169 E224.5354
G1 X82.543 Y73.169 E224.5493
G1 X82.406 Y73.157 E224.5539
G1 X84.233 Y71.330 E224.6398
G1 X83.667 Y71.330 E224.6586
G1 X81.986 Y73.010 E224.7377
G1 X81.851 Y72.897 E224.7435
G1 X81.734 Y72.757 E224.7496
G1 X81.714 Y72.717 E224.7511
G1 X83.102 Y71.330 E224.8163
G1 X82.543 Y71.330 E224.8349
G1 X82.535 Y71.330 E224.8352
G1 X81.940 Y71.926 E224.8632
G0 F2400 X81.587 Y72.279
G1 F3000 E219.8632
G1 F900 Z3.500
G0 F4200 X85.579 Y71.115
G1 F900 Z3.200
G1 F1500 E224.8632
G1 F2400 X87.419 Y69.275 E224.9497
G1 X87.419 Y68.709 E224.9686
G1 X85.579 Y70.549 E225.0551
G1 X85.579 Y69.983 E225.0739
G1 X87.419 Y68.143 E225.1605
G1 X87.419 Y67.578 E225.1793
G1 X85.579 Y69.418 E225.2658
G1 X85.579 Y68.852 E225.2847
G1 X87.419 Y67.012 E225.3712
G1 X87.419 Y66.446 E225.3900
G1 X85.579 Y68.286 E225.4766
G1 X85.579 Y67.721 E225.4954
G1 X87.419 Y65.881 E225.5819
G1 X87.419 Y65.315 E225.6007
G1 X85.579 Y67.155 E225.6873
G1 X85.579 Y66.589 E225.7061
G1 X87.419 Y64.749 E225.7927
G1 X87.419 Y64.184 E225.8115
G1 X85.579 Y66.023 E225.8980
G1 X85.579 Y65.458 E225.9168
G1 X87.419 Y63.618 E226.0033
G1 X87.419 Y63.052 E226.0222
G1 X85.579 Y64.892 E226.1087
G1 X85.579 Y64.326 E226.1275
G1 X87.419 Y62.487 E226.2140
G1 X87.419 Y61.921 E226.2329
G1 X85.579 Y63.761 E226.3194
G1 X85.579 Y63.195 E226.3382
G1 X87.419 Y61.355 E226.4248
G1 X87.419 Y60.789 E226.4436
G1 X85.579 Y62.629 E226.5302
G1 X85.579 Y62.064 E226.5490
G1 X87.288 Y60.355 E226.6293
G1 X87.110 Y59.967 E226.6435
G1 X85.579 Y61.498 E226.7156
G1 X85.579 Y60.932 E226.7344
G1 X86.933 Y59.579 E226.7980
G1 X86.755 Y59.191 E226.8122
G1 X85.812 Y60.134 E226.8566
G1 X86.251 Y59.173 E226.8917
G0 F2400 X86.288 Y59.092
G0 F2400 X86.578 Y58.802
G1 F3000 E221.8917
G1 F900 Z3.500
G0 F4200 X81.445 Y72.137
;TYPE:SOLID-FILL
;WIDTH:0.400
G1 F900 Z3.200
G1 F1500 E226.8917
G1 F3000 X81.387 Y72.195 E226.8945
G1 F3000 E221.8945
G1 F900 Z3.500
G0 F4200 X90.395 Y73.370
G1 F900 Z3.200
G1 F1500 E226.8945
G1 F3000 X90.454 Y73.311 E226.8972
;LAYER:16
;Z:3.400
;HEIGHT:0.200
G0 F900 Z3.400
G0 F4200 X90.733 Y73.424
;TYPE:WALL-INNER
;WIDTH:0.400
G1 F2400 X90.470 Y73.450 E226.9060
G1 X82.530 Y73.450 E227.1701
G1 X82.267 Y73.424 E227.1789
G1 X82.042 Y73.356 E227.1867
G1 X81.835 Y73.246 E227.1945
G1 X81.653 Y73.097 E227.2023
G1 X81.504 Y72.915 E227.2102
G1 X81.394 Y72.708 E227.2180
G1 X81.326 Y72.483 E227.2258
G1 X81.303 Y72.250 E227.2336
G1 X81.326 Y72.017 E227.2414
G1 X81.394 Y71.792 E227.2492
G1 X81.504 Y71.585 E227.2570
G1 X81.653 Y71.403 E227.2648
G1 X81.835 Y71.254 E227.2726
G1 X82.042 Y71.144 E227.2804
G1 X82.267 Y71.076 E227.2882
G1 X82.530 Y71.050 E227.2970
G1 X85.300 Y71.050 E227.3892
G1 X85.300 Y60.581 E227.7374
G1 X86.265 Y58.471 E227.8145
G1 X86.388 Y58.375 E227.8197
G1 X86.442 Y58.358 E227.8216
G1 X86.558 Y58.358 E227.8255
G1 X86.664 Y58.403 E227.8293
G1 X86.735 Y58.471 E227.8326
G1 X87.700 Y60.581 E227.9097
G1 X87.700 Y71.050 E228.2579
G1 X90.470 Y71.050 E228.3501
G1 X90.733 Y71.076 E228.3588
G1 X90.959 Y71.145 E228.3667
G1 X91.165 Y71.254 E228.3745
G1 X91.347 Y71.403 E228.3823
G1 X91.496 Y71.585 E228.3901
G1 X91.606 Y71.792 E228.3979
G1 X91.674 Y72.017 E228.4057
G1 X91.697 Y72.250 E228.4135
G1 X91.674 Y72.483 E228.4213
G1 X91.606 Y72.708 E228.4291
G1 X91.496 Y72.915 E228.4369
G1 X91.347 Y73.097 E228.4447
G1 X91.189 Y73.227 E228.4515
G0 F2400 X91.165 Y73.246
G0 F2400 X90.958 Y73.356
G0 F2400 X90.733 Y73.424
G1 F3000 E223.4515
G0 F4200 X90.812 Y73.818
;TYPE:WALL-OUTER
;WIDTH:0.400
G1 F900 Z3.400
G1 F1500 E228.4515
G1 F1800 X90.490 Y73.850 E228.4623
G1 X82.510 Y73.850 E228.7277
G1 X82.188 Y73.818 E228.7385
G1 X81.888 Y73.727 E228.7489
G1 X81.612 Y73.580 E228.7593
G1 X81.369 Y73.381 E228.7698
G1 X81.170 Y73.138 E228.7802
G1 X81.023 Y72.862 E228.7906
G1 X80.932 Y72.562 E228.8010
G1 X80.901 Y72.250 E228.8115
G1 X80.932 Y71.938 E228.8219
G1 X81.023 Y71.638 E228.8323
G1 X81.170 Y71.362 E228.8427
G1 X81.369 Y71.119 E228.8532
G1 X81.612 Y70.920 E228.8636
G1 X81.888 Y70.773 E228.8740
G1 X82.188 Y70.682 E228.8844
G1 X82.510 Y70.650 E228.8952
G1 X84.900 Y70.650 E228.9747
G1 X84.900 Y60.494 E229.3125
G1 X85.923 Y58.257 E229.3943
G1 X86.006 Y58.156 E229.3986
G1 X86.112 Y58.069 E229.4032
G1 X86.233 Y58.004 E229.4078
G1 X86.363 Y57.964 E229.4123
G1 X86.500 Y57.951 E229.4169
G1 X86.637 Y57.964 E229.4214
G1 X86.767 Y58.004 E229.4260
G1 X86.888 Y58.069 E229.4305
G1 X86.994 Y58.156 E229.4351
G1 X87.077 Y58.257 E229.4394
G1 X88.100 Y60.494 E229.5213
G1 X88.100 Y70.650 E229.8590
G1 X90.490 Y70.650 E229.9385
G1 X90.811 Y70.682 E229.9493
G1 X91.112 Y70.773 E229.9597
G1 X91.388 Y70.920 E229.9701
G1 X91.631 Y71.119 E229.9806
G1 X91.830 Y71.362 E229.9910
G1 X91.977 Y71.638 E230.0014
G1 X92.068 Y71.938 E230.0119
G1 X92.099 Y72.250 E230.0223
G1 X92.068 Y72.562 E230.0327
G1 X91.977 Y72.862 E230.0431
G1 X91.830 Y73.138 E230.0535
G1 X91.631 Y73.381 E230.0640
G1 X91.388 Y73.580 E230.0744
G1 X91.277 Y73.639 E230.0786
G0 F1800 X91.112 Y73.727
G0 F1800 X90.812 Y73.818
G1 F3000 E225.0786
G0 F4200 X90.575 Y71.342
;TYPE:SOLID-FILL
;WIDTH:0.400
G1 F900 Z3.400
G1 F1500 E230.0786
G1 F2400 X91.408 Y72.175 E230.1178
G1 X91.415 Y72.250 E230.1203
G1 X91.397 Y72.428 E230.1262
G1 X91.344 Y72.602 E230.1323
G1 X91.319 Y72.651 E230.1341
G1 X89.997 Y71.330 E230.1963
G1 X89.432 Y71.330 E230.2151
G1 X91.066 Y72.964 E230.2919
G1 X91.006 Y73.015 E230.2946
G1 X90.851 Y73.095 E230.3004
G1 X90.682 Y73.146 E230.3062
G1 X88.866 Y71.330 E230.3916
G1 X88.300 Y71.330 E230.4105
G1 X90.140 Y73.169 E230.4970
G1 X89.574 Y73.169 E230.5158
G1 X88.087 Y71.683 E230.5857
G0 F2400 X87.734 Y71.330
G1 F3000 E225.5857
G1 F900 Z3.700
G0 F4200 X82.146 Y73.095
G1 F900 Z3.400
G1 F1500 E230.5857
G1 F2400 X81.653 Y72.602 E230.6089
G1 X81.601 Y72.428 E230.6150
G1 X81.583 Y72.250 E230.6209
G1 X81.601 Y72.071 E230.6269
G1 X81.621 Y72.004 E230.6292
G1 X82.786 Y73.169 E230.6840
G1 X83.352 Y73.169 E230.7029
G1 X81.820 Y71.638 E230.7749
G1 X81.851 Y71.602 E230.7765
G1 X81.992 Y71.484 E230.7826
G1 X82.146 Y71.405 E230.7883
G1 X82.151 Y71.403 E230.7885
G1 X83.918 Y73.169 E230.8716
G1 X84.483 Y73.169 E230.8904
G1 X82.643 Y71.330 E230.9769
G1 X83.209 Y71.330 E230.9958
G1 X85.049 Y73.169 E231.0823
G1 X85.615 Y73.169 E231.1011
G1 X83.775 Y71.330 E231.1876
G1 X84.340 Y71.330 E231.2064
G1 X86.180 Y73.169 E231.2929
G1 X86.746 Y73.169 E231.3118
G1 X84.906 Y71.330 E231.3983
G1 X85.472 Y71.330 E231.4171
G1 X87.312 Y73.169 E231.5036
G1 X87.877 Y73.169 E231.5224
G1 X85.579 Y70.871 E231.6305
G1 X85.579 Y70.306 E231.6493
G1 X88.443 Y73.169 E231.7840
G1 X89.009 Y73.169 E231.8028
G1 X85.579 Y69.740 E231.9641
G1 X85.579 Y69.174 E231.9830
G1 X87.419 Y71.014 E232.0695
G1 X87.419 Y70.449 E232.0883
G1 X85.579 Y68.609 E232.1749
G1 X85.579 Y68.043 E232.1937
G1 X87.419 Y69.883 E232.2802
G1 X87.419 Y69.317 E232.2991
G1 X85.579 Y67.477 E232.3856
G1 X85.579 Y66.912 E232.4044
G1 X87.419 Y68.751 E232.4909
G1 X87.419 Y68.186 E232.5097
G1 X85.579 Y66.346 E232.5963
G1 X85.579 Y65.780 E232.6151
G1 X87.419 Y67.620 E232.7016
G1 X87.419 Y67.054 E232.7205
G1 X85.579 Y65.215 E232.8070
G1 X85.579 Y64.649 E232.8258
G1 X87.419 Y66.489 E232.9124
G1 X87.419 Y65.923 E232.9312
G1 X85.579 Y64.083 E233.0177
G1 X85.579 Y63.517 E233.0366
G1 X87.419 Y65.357 E233.1231
G1 X87.419 Y64.792 E233.1419
G1 X85.579 Y62.952 E233.2284
G1 X85.579 Y62.386 E233.2473
G1 X87.419 Y64.226 E233.3338
G1 X87.419 Y63.660 E233.3526
G1 X85.579 Y61.820 E233.4392
G1 X85.579 Y61.255 E233.4580
G1 X87.419 Y63.095 E233.5445
G1 X87.419 Y62.529 E233.5634
G1 X85.579 Y60.689 E233.6499
G1 X85.579 Y60.642 E233.6515
G1 X85.742 Y60.286 E233.6645
G1 X87.419 Y61.963 E233.7434
G1 X87.419 Y61.398 E233.7622
G1 X85.919 Y59.898 E233.8327
G1 X86.097 Y59.510 E233.8469
G1 X87.419 Y60.832 E233.9091
G1 X87.419 Y60.642 E233.9154
G1 X87.103 Y59.950 E233.9407
G1 X86.274 Y59.121 E233.9797
G1 X86.318 Y59.026 E233.9832
G0 F2400 X86.422 Y58.798
G0 F2400 X86.517 Y58.798
G0 F2400 X86.626 Y58.908
G1 F3000 E228.9832
G1 F900 Z3.700
G0 F4200 X98.130 Y73.450
;TYPE:WALL-INNER
;WIDTH:0.400
G1 F900 Z3.400
G1 F1500 E233.9832
G1 F2400 X97.867 Y73.424 E233.9920
G1 X97.642 Y73.356 E233.9998
G1 X97.435 Y73.246 E234.0076
G1 X97.253 Y73.097 E234.0154
G1 X97.104 Y72.915 E234.0232
G1 X96.994 Y72.708 E234.0310
G1 X96.926 Y72.483 E234.0389
G1 X96.903 Y72.250 E234.0467
G1 X96.926 Y72.017 E234.0544
G1 X96.994 Y71.792 E234.0623
G1 X97.104 Y71.585 E234.0701
G1 X97.253 Y71.403 E234.0779
G1 X97.435 Y71.254 E234.0857
G1 X97.642 Y71.144 E234.0935
G1 X97.867 Y71.076 E234.1013
G1 X98.130 Y71.050 E234.1101
G1 X100.900 Y71.050 E234.2022
G1 X100.900 Y60.581 E234.5504
G1 X101.865 Y58.471 E234.6276
G1 X101.988 Y58.375 E234.6328
G1 X102.042 Y58.358 E234.6347
G1 X102.158 Y58.358 E234.6385
G1 X102.264 Y58.403 E234.6424
G1 X102.335 Y58.471 E234.6456
G1 X103.300 Y60.581 E234.7228
G1 X103.300 Y71.050 E235.0710
G1 X106.070 Y71.050 E235.1631
G1 X106.333 Y71.076 E235.1719
G1 X106.559 Y71.145 E235.1798
G1 X106.765 Y71.254 E235.1875
G1 X106.947 Y71.403 E235.1954
G1 X107.096 Y71.585 E235.2032
G1 X107.206 Y71.792 E235.2110
G1 X107.274 Y72.017 E235.2188
G1 X107.297 Y72.250 E235.2266
G1 X107.274 Y72.483 E235.2344
G1 X107.206 Y72.708 E235.2422
G1 X107.096 Y72.915 E235.2500
G1 X106.947 Y73.097 E235.2578
G1 X106.765 Y73.246 E235.2656
G1 X106.558 Y73.356 E235.2734
G1 X106.333 Y73.424 E235.2812
G1 X106.070 Y73.450 E235.2900
G1 X98.630 Y73.450 E235.5375
G0 F2400 X98.130 Y73.450
G1 F3000 E230.5375
G0 F4200 X98.110 Y73.850
;TYPE:WALL-OUTER
;WIDTH:0.400
G1 F900 Z3.400
G1 F1500 E235.5375
G1 F1800 X97.788 Y73.818 E235.5483
G1 X97.488 Y73.727 E235.5587
G1 X97.212 Y73.580 E235.5691
G1 X96.969 Y73.381 E235.5795
G1 X96.770 Y73.138 E235.5900
G1 X96.623 Y72.862 E235.6004
G1 X96.532 Y72.562 E235.6108
G1 X96.501 Y72.250 E235.6212
G1 X96.532 Y71.938 E235.6317
G1 X96.623 Y71.638 E235.6421
G1 X96.770 Y71.362 E235.6525
G1 X96.969 Y71.119 E235.6629
G1 X97.212 Y70.920 E235.6734
G1 X97.488 Y70.773 E235.6838
G1 X97.788 Y70.682 E235.6942
G1 X98.110 Y70.650 E235.7050
G1 X100.500 Y70.650 E235.7845
G1 X100.500 Y60.494 E236.1223
G1 X101.523 Y58.257 E236.2041
G1 X101.606 Y58.156 E236.2084
G1 X101.712 Y58.069 E236.2130
G1 X101.833 Y58.004 E236.2175
G1 X101.963 Y57.964 E236.2221
G1 X102.100 Y57.951 E236.2266
G1 X102.237 Y57.964 E236.2312
G1 X102.367 Y58.004 E236.2357
G1 X102.488 Y58.069 E236.2403
G1 X102.594 Y58.156 E236.2449
G1 X102.677 Y58.257 E236.2492
G1 X103.700 Y60.494 E236.3310
G1 X103.700 Y70.650 E236.6688
G1 X106.090 Y70.650 E236.7483
G1 X106.411 Y70.682 E236.7590
G1 X106.712 Y70.773 E236.7695
G1 X106.988 Y70.920 E236.7799
G1 X107.231 Y71.119 E236.7904
G1 X107.430 Y71.362 E236.8008
G1 X107.577 Y71.638 E236.8112
G1 X107.668 Y71.938 E236.8216
G1 X107.699 Y72.250 E236.8321
G1 X107.668 Y72.562 E236.8425
G1 X107.577 Y72.862 E236.8529
G1 X107.430 Y73.138 E236.8633
G1 X107.231 Y73.381 E236.8738
G1 X106.988 Y73.580 E236.8842
G1 X106.712 Y73.727 E236.8946
G1 X106.412 Y73.818 E236.9050
G1 X106.090 Y73.850 E236.9158
G1 X98.610 Y73.850 E237.1646
G0 F1800 X98.110 Y73.850
G1 F3000 E232.1646
G0 F4200 X98.050 Y73.160
;TYPE:SOLID-FILL
;WIDTH:0.400
G1 F900 Z3.400
G1 F1500 E237.1646
G1 F2400 X97.188 Y72.298 E237.2051
G1 X97.183 Y72.249 E237.2068
G1 X97.201 Y72.071 E237.2127
G1 X97.254 Y71.897 E237.2188
G1 X97.287 Y71.832 E237.2212
G1 X98.625 Y73.169 E237.2841
G1 X99.191 Y73.169 E237.3029
G1 X97.546 Y71.524 E237.3803
G1 X97.592 Y71.484 E237.3823
G1 X97.746 Y71.405 E237.3881
G1 X97.920 Y71.352 E237.3941
G1 X97.937 Y71.350 E237.3947
G1 X99.757 Y73.169 E237.4803
G1 X100.322 Y73.169 E237.4991
G1 X98.483 Y71.330 E237.5856
G1 X99.048 Y71.330 E237.6044
G1 X100.888 Y73.169 E237.6909
G1 X101.454 Y73.169 E237.7097
G1 X99.614 Y71.330 E237.7963
G1 X100.180 Y71.330 E237.8151
G1 X102.019 Y73.169 E237.9016
G1 X102.585 Y73.169 E237.9204
G1 X100.745 Y71.330 E238.0069
G1 X101.179 Y71.329 E238.0214
G1 X101.179 Y71.197 E238.0258
G1 X103.151 Y73.169 E238.1185
G1 X103.717 Y73.169 E238.1373
G1 X101.179 Y70.632 E238.2567
G1 X101.179 Y70.066 E238.2755
G1 X104.282 Y73.169 E238.4215
G1 X104.848 Y73.169 E238.4403
G1 X101.179 Y69.500 E238.6129
G1 X101.179 Y68.935 E238.6317
G1 X103.019 Y70.775 E238.7182
G1 X103.019 Y70.210 E238.7370
G1 X101.179 Y68.369 E238.8236
G1 X101.179 Y67.803 E238.8424
G1 X103.019 Y69.644 E238.9290
G1 X103.019 Y69.078 E238.9478
G1 X101.179 Y67.238 E239.0343
G1 X101.179 Y66.672 E239.0532
G1 X103.019 Y68.512 E239.1397
G1 X103.019 Y67.947 E239.1585
G1 X101.179 Y66.106 E239.2451
G1 X101.179 Y65.541 E239.2639
G1 X103.019 Y67.381 E239.3504
G1 X103.019 Y66.815 E239.3692
G1 X101.179 Y64.975 E239.4558
G1 X101.179 Y64.409 E239.4746
G1 X103.019 Y66.250 E239.5612
G1 X103.019 Y65.684 E239.5800
G1 X101.179 Y63.843 E239.6666
G1 X101.179 Y63.278 E239.6854
G1 X103.019 Y65.118 E239.7719
G1 X103.019 Y64.553 E239.7907
G1 X101.179 Y62.712 E239.8773
G1 X101.179 Y62.146 E239.8961
G1 X103.019 Y63.987 E239.9827
G1 X103.019 Y63.421 E240.0015
G1 X101.179 Y61.581 E240.0881
G1 X101.179 Y61.015 E240.1069
G1 X103.019 Y62.856 E240.1935
G1 X103.019 Y62.290 E240.2123
G1 X101.239 Y60.509 E240.2960
G1 X101.416 Y60.121 E240.3102
G1 X103.019 Y61.724 E240.3856
G1 X103.019 Y61.159 E240.4044
G1 X101.594 Y59.733 E240.4715
G1 X101.771 Y59.345 E240.4856
G1 X102.978 Y60.551 E240.5424
G1 X102.500 Y59.508 E240.5806
G1 X102.302 Y59.310 E240.5899
G0 F2400 X101.949 Y58.957
G1 F3000 E235.5899
G1 F900 Z3.700
G0 F4200 X103.574 Y71.330
G1 F900 Z3.400
G1 F1500 E240.5899
G1 F2400 X105.414 Y73.169 E240.6764
G1 X105.979 Y73.169 E240.6952
G1 X104.139 Y71.330 E240.7817
G1 X104.705 Y71.330 E240.8005
G1 X106.464 Y73.088 E240.8833
G1 X106.606 Y73.014 E240.8886
G1 X106.746 Y72.897 E240.8946
G1 X106.788 Y72.847 E240.8968
G1 X105.271 Y71.330 E240.9682
G1 X105.836 Y71.330 E240.9870
G1 X106.983 Y72.476 E241.0409
G1 X106.997 Y72.429 E241.0425
G1 X107.015 Y72.250 E241.0485
G1 X106.997 Y72.070 E241.0545
G1 X106.944 Y71.897 E241.0605
G1 X106.917 Y71.844 E241.0625
G1 X106.862 Y71.789 E241.0651
G0 F2400 X106.508 Y71.436
G1 F3000 E236.0651
G1 F900 Z3.700
G0 F4200 X103.715 Y71.188
;TYPE:SOLID-FILL
;WIDTH:0.400
G1 F900 Z3.400
G1 F1500 E241.0651
G1 F3000 X103.656 Y71.129 E241.0679
G1 F3000 E236.0679
G1 F900 Z3.700
G0 F4200 X102.089 Y58.815
G1 F900 Z3.400
G1 F1500 E241.0679
G1 F3000 X101.887 Y58.612 E241.0774
;LAYER:17
;Z:3.600
;HEIGHT:0.200
G1 F3000 E236.0774
G0 F900 Z3.600
G0 F4200 X98.130 Y73.450
;TYPE:WALL-INNER
;WIDTH:0.400
G1 F900 Z3.600
G1 F1500 E241.0774
G1 F2400 X97.867 Y73.424 E241.0862
G1 X97.642 Y73.356 E241.0940
G1 X97.435 Y73.246 E241.1018
G1 X97.253 Y73.097 E241.1096
G1 X97.104 Y72.915 E241.1175
G1 X96.994 Y72.708 E241.1253
G1 X96.926 Y72.483 E241.1331
G1 X96.903 Y72.250 E241.1409
G1 X96.926 Y72.017 E241.1486
G1 X96.994 Y71.792 E241.1565
G1 X97.104 Y71.585 E241.1643
G1 X97.253 Y71.403 E241.1721
G1 X97.435 Y71.254 E241.1799
G1 X97.642 Y71.144 E241.1877
G1 X97.867 Y71.076 E241.1955
G1 X98.130 Y71.050 E241.2043
G1 X100.900 Y71.050 E241.2964
G1 X100.900 Y60.581 E241.6446
G1 X101.865 Y58.471 E241.7218
G1 X101.988 Y58.375 E241.7270
G1 X102.042 Y58.358 E241.7289
G1 X102.158 Y58.358 E241.7327
G1 X102.264 Y58.403 E241.7366
G1 X102.335 Y58.471 E241.7398
G1 X103.300 Y60.581 E241.8170
G1 X103.300 Y71.050 E242.1652
G1 X106.070 Y71.050 E242.2573
G1 X106.333 Y71.076 E242.2661
G1 X106.559 Y71.145 E242.2740
G1 X106.765 Y71.254 E242.2817
G1 X106.947 Y71.403 E242.2896
G1 X107.096 Y71.585 E242.2974
G1 X107.206 Y71.792 E242.3052
G1 X107.274 Y72.017 E242.3130
G1 X107.297 Y72.250 E242.3208
G1 X107.274 Y72.483 E242.3286
G1 X107.206 Y72.708 E242.3364
G1 X107.096 Y72.915 E242.3442
G1 X106.947 Y73.097 E242.3520
G1 X106.765 Y73.246 E242.3598
G1 X106.558 Y73.356 E242.3676
G1 X106.333 Y73.424 E242.3755
G1 X106.070 Y73.450 E242.3842
G1 X98.630 Y73.450 E242.6317
G0 F2400 X98.130 Y73.450
G1 F3000 E237.6317
G0 F4200 X98.110 Y73.850
;TYPE:WALL-OUTER
;WIDTH:0.400
G1 F900 Z3.600
G1 F1500 E242.6317
G1 F1800 X97.788 Y73.818 E242.6425
G1 X97.488 Y73.727 E242.6529
G1 X97.212 Y73.580 E242.6633
G1 X96.969 Y73.381 E242.6737
G1 X96.770 Y73.138 E242.6842
G1 X96.623 Y72.862 E242.6946
G1 X96.532 Y72.562 E242.7050
G1 X96.501 Y72.250 E242.7154
G1 X96.532 Y71.938 E242.7259
G1 X96.623 Y71.638 E242.7363
G1 X96.770 Y71.362 E242.7467
G1 X96.969 Y71.119 E242.7571
G1 X97.212 Y70.920 E242.7676
G1 X97.488 Y70.773 E242.7780
G1 X97.788 Y70.682 E242.7884
G1 X98.110 Y70.650 E242.7992
G1 X100.500 Y70.650 E242.8787
G1 X100.500 Y60.494 E243.2165
G1 X101.523 Y58.257 E243.2983
G1 X101.606 Y58.156 E243.3026
G1 X101.712 Y58.069 E243.3072
G1 X101.833 Y58.004 E243.3118
G1 X101.963 Y57.964 E243.3163
G1 X102.100 Y57.951 E243.3209
G1 X102.237 Y57.964 E243.3254
G1 X102.367 Y58.004 E243.3300
G1 X102.488 Y58.069 E243.3345
G1 X102.594 Y58.156 E243.3391
G1 X102.677 Y58.257 E243.3434
G1 X103.700 Y60.494 E243.4252
G1 X103.700 Y70.650 E243.7630
G1 X106.090 Y70.650 E243.8425
G1 X106.411 Y70.682 E243.8533
G1 X106.712 Y70.773 E243.8637
G1 X106.988 Y70.920 E243.8741
G1 X107.231 Y71.119 E243.8846
G1 X107.430 Y71.362 E243.8950
G1 X107.577 Y71.638 E243.9054
G1 X107.668 Y71.938 E243.9158
G1 X107.699 Y72.250 E243.9263
G1 X107.668 Y72.562 E243.9367
G1 X107.577 Y72.862 E243.9471
G1 X107.430 Y73.138 E243.9575
G1 X107.231 Y73.381 E243.9680
G1 X106.988 Y73.580 E243.9784
G1 X106.712 Y73.727 E243.9888
G1 X106.412 Y73.818 E243.9992
G1 X106.090 Y73.850 E244.0100
G1 X98.610 Y73.850 E244.2588
G0 F1800 X98.110 Y73.850
G1 F3000 E239.2588
G0 F4200 X97.722 Y71.417
;TYPE:SOLID-FILL
;WIDTH:0.400
G1 F900 Z3.600
G1 F1500 E244.2588
G1 F2400 X97.266 Y71.873 E244.2802
G1 X97.254 Y71.897 E244.2811
G1 X97.201 Y72.071 E244.2872
G1 X97.183 Y72.249 E244.2931
G1 X97.201 Y72.428 E244.2991
G1 X97.219 Y72.486 E244.3011
G1 X98.376 Y71.329 E244.3556
G1 X98.941 Y71.329 E244.3743
G1 X97.416 Y72.854 E244.4461
G1 X97.451 Y72.897 E244.4479
G1 X97.592 Y73.015 E244.4540
G1 X97.743 Y73.093 E244.4597
G1 X99.507 Y71.329 E244.5427
G1 X100.073 Y71.329 E244.5615
G1 X98.232 Y73.169 E244.6481
G1 X98.798 Y73.169 E244.6669
G1 X100.285 Y71.682 E244.7368
G0 F2400 X100.638 Y71.329
G1 F3000 E239.7368
G1 F900 Z3.900
G0 F4200 X106.162 Y73.160
G1 F900 Z3.600
G1 F1500 E244.7368
G1 F2400 X107.008 Y72.313 E244.7766
G1 X107.015 Y72.250 E244.7788
G1 X106.997 Y72.070 E244.7848
G1 X106.944 Y71.897 E244.7908
G1 X106.915 Y71.841 E244.7929
G1 X105.586 Y73.169 E244.8554
G1 X105.020 Y73.169 E244.8742
G1 X106.660 Y71.530 E244.9513
G1 X106.609 Y71.487 E244.9535
G1 X106.447 Y71.405 E244.9596
G1 X106.278 Y71.352 E244.9655
G1 X106.273 Y71.351 E244.9656
G1 X104.455 Y73.169 E245.0512
G1 X103.889 Y73.169 E245.0700
G1 X105.729 Y71.330 E245.1565
G1 X105.163 Y71.330 E245.1753
G1 X103.323 Y73.169 E245.2619
G1 X102.758 Y73.169 E245.2806
G1 X104.598 Y71.330 E245.3672
G1 X104.032 Y71.330 E245.3860
G1 X102.192 Y73.169 E245.4725
G1 X101.626 Y73.169 E245.4913
G1 X103.466 Y71.330 E245.5779
G1 X103.019 Y71.330 E245.5927
G1 X103.019 Y71.211 E245.5967
G1 X101.061 Y73.169 E245.6888
G1 X100.495 Y73.169 E245.7076
G1 X103.019 Y70.645 E245.8263
G1 X103.019 Y70.079 E245.8452
G1 X99.929 Y73.169 E245.9905
G1 X99.364 Y73.169 E246.0093
G1 X103.019 Y69.514 E246.1812
G1 X103.019 Y68.948 E246.2000
G1 X101.179 Y70.789 E246.2866
G1 X101.179 Y70.223 E246.3054
G1 X103.019 Y68.382 E246.3920
G1 X103.019 Y67.817 E246.4108
G1 X101.179 Y69.657 E246.4974
G1 X101.179 Y69.092 E246.5161
G1 X103.019 Y67.251 E246.6027
G1 X103.019 Y66.685 E246.6215
G1 X101.179 Y68.526 E246.7081
G1 X101.179 Y67.960 E246.7269
G1 X103.019 Y66.120 E246.8135
G1 X103.019 Y65.554 E246.8323
G1 X101.179 Y67.395 E246.9189
G1 X101.179 Y66.829 E246.9377
G1 X103.019 Y64.988 E247.0243
G1 X103.019 Y64.423 E247.0431
G1 X101.179 Y66.263 E247.1296
G1 X101.179 Y65.697 E247.1484
G1 X103.019 Y63.857 E247.2350
G1 X103.019 Y63.291 E247.2538
G1 X101.179 Y65.132 E247.3404
G1 X101.179 Y64.566 E247.3592
G1 X103.019 Y62.726 E247.4458
G1 X103.019 Y62.160 E247.4646
G1 X101.179 Y64.000 E247.5511
G1 X101.179 Y63.435 E247.5699
G1 X103.019 Y61.594 E247.6565
G1 X103.019 Y61.028 E247.6753
G1 X101.179 Y62.869 E247.7619
G1 X101.179 Y62.303 E247.7807
G1 X102.963 Y60.519 E247.8646
G1 X102.785 Y60.131 E247.8788
G1 X101.179 Y61.738 E247.9544
G1 X101.179 Y61.172 E247.9732
G1 X102.607 Y59.744 E248.0404
G1 X102.430 Y59.355 E248.0546
G1 X101.210 Y60.575 E248.1120
G1 X101.686 Y59.533 E248.1501
G1 X101.899 Y59.320 E248.1601
G0 F2400 X102.252 Y58.967
G0 F4200 X102.111 Y58.826
;TYPE:SOLID-FILL
;WIDTH:0.400
G1 F3000 X102.314 Y58.622 E248.1697
G1 F3000 E243.1697
G1 F900 Z3.900
G0 F4200 X100.555 Y71.129
G1 F900 Z3.600
G1 F1500 E248.1697
G1 F3000 X100.496 Y71.188 E248.1725
G1 F3000 E243.1725
G1 F900 Z3.900
G0 F4200 X90.733 Y73.424
;TYPE:WALL-INNER
;WIDTH:0.400
G1 F900 Z3.600
G1 F1500 E248.1725
G1 F2400 X90.470 Y73.450 E248.1812
G1 X82.530 Y73.450 E248.4453
G1 X82.267 Y73.424 E248.4541
G1 X82.042 Y73.356 E248.4619
G1 X81.835 Y73.246 E248.4697
G1 X81.653 Y73.097 E248.4776
G1 X81.504 Y72.915 E248.4854
G1 X81.394 Y72.708 E248.4932
G1 X81.326 Y72.483 E248.5010
G1 X81.303 Y72.250 E248.5088
G1 X81.326 Y72.017 E248.5166
G1 X81.394 Y71.792 E248.5244
G1 X81.504 Y71.585 E248.5322
G1 X81.653 Y71.403 E248.5400
G1 X81.835 Y71.254 E248.5478
G1 X82.042 Y71.144 E248.5556
G1 X82.267 Y71.076 E248.5634
G1 X82.530 Y71.050 E248.5722
G1 X85.300 Y71.050 E248.6644
G1 X85.300 Y60.581 E249.0126
G1 X86.265 Y58.471 E249.0897
G1 X86.388 Y58.375 E249.0949
G1 X86.442 Y58.358 E249.0968
G1 X86.558 Y58.358 E249.1007
G1 X86.664 Y58.403 E249.1045
G1 X86.735 Y58.471 E249.1078
G1 X87.700 Y60.581 E249.1849
G1 X87.700 Y71.050 E249.5331
G1 X90.470 Y71.050 E249.6253
G1 X90.733 Y71.076 E249.6341
G1 X90.959 Y71.145 E249.6419
G1 X91.165 Y71.254 E249.6497
G1 X91.347 Y71.403 E249.6575
G1 X91.496 Y71.585 E249.6653
G1 X91.606 Y71.792 E249.6731
G1 X91.674 Y72.017 E249.6809
G1 X91.697 Y72.250 E249.6887
G1 X91.674 Y72.483 E249.6965
G1 X91.606 Y72.708 E249.7043
G1 X91.496 Y72.915 E249.7121
G1 X91.347 Y73.097 E249.7199
G1 X91.189 Y73.227 E249.7268
G0 F2400 X91.165 Y73.246
G0 F2400 X90.958 Y73.356
G0 F2400 X90.733 Y73.424
G1 F3000 E244.7268
G0 F4200 X90.812 Y73.818
;TYPE:WALL-OUTER
;WIDTH:0.400
G1 F900 Z3.600
G1 F1500 E249.7268
G1 F1800 X90.490 Y73.850 E249.7375
G1 X82.510 Y73.850 E250.0029
G1 X82.188 Y73.818 E250.0137
G1 X81.888 Y73.727 E250.0241
G1 X81.612 Y73.580 E250.0345
G1 X81.369 Y73.381 E250.0450
G1 X81.170 Y73.138 E250.0554
G1 X81.023 Y72.862 E250.0658
G1 X80.932 Y72.562 E250.0762
G1 X80.901 Y72.250 E250.0867
G1 X80.932 Y71.938 E250.0971
G1 X81.023 Y71.638 E250.1075
G1 X81.170 Y71.362 E250.1179
G1 X81.369 Y71.119 E250.1284
G1 X81.612 Y70.920 E250.1388
G1 X81.888 Y70.773 E250.1492
G1 X82.188 Y70.682 E250.1596
G1 X82.510 Y70.650 E250.1704
G1 X84.900 Y70.650 E250.2499
G1 X84.900 Y60.494 E250.5877
G1 X85.923 Y58.257 E250.6695
G1 X86.006 Y58.156 E250.6739
G1 X86.112 Y58.069 E250.6784
G1 X86.233 Y58.004 E250.6830
G1 X86.363 Y57.964 E250.6875
G1 X86.500 Y57.951 E250.6921
G1 X86.637 Y57.964 E250.6967
G1 X86.767 Y58.004 E250.7012
G1 X86.888 Y58.069 E250.7058
G1 X86.994 Y58.156 E250.7103
G1 X87.077 Y58.257 E250.7147
G1 X88.100 Y60.494 E250.7965
G1 X88.100 Y70.650 E251.1343
G1 X90.490 Y70.650 E251.2138
G1 X90.811 Y70.682 E251.2245
G1 X91.112 Y70.773 E251.2349
G1 X91.388 Y70.920 E251.2453
G1 X91.631 Y71.119 E251.2558
G1 X91.830 Y71.362 E251.2662
G1 X91.977 Y71.638 E251.2766
G1 X92.068 Y71.938 E251.2871
G1 X92.099 Y72.250 E251.2975
G1 X92.068 Y72.562 E251.3079
G1 X91.977 Y72.862 E251.3183
G1 X91.830 Y73.138 E251.3287
G1 X91.631 Y73.381 E251.3392
G1 X91.388 Y73.580 E251.3496
G1 X91.277 Y73.639 E251.3538
G0 F1800 X91.112 Y73.727
G0 F1800 X90.812 Y73.818
G1 F3000 E246.3538
G0 F4200 X90.313 Y73.169
;TYPE:SOLID-FILL
;WIDTH:0.400
G1 F900 Z3.600
G1 F1500 E251.3538
G1 F2400 X91.398 Y72.084 E251.4049
G1 X91.397 Y72.071 E251.4053
G1 X91.344 Y71.897 E251.4113
G1 X91.264 Y71.743 E251.4171
G1 X91.223 Y71.694 E251.4192
G1 X89.747 Y73.169 E251.4886
G1 X89.181 Y73.169 E251.5075
G1 X90.913 Y71.438 E251.5889
G1 X90.847 Y71.405 E251.5914
G1 X90.678 Y71.352 E251.5973
G1 X90.456 Y71.329 E251.6047
G1 X88.616 Y73.169 E251.6912
G1 X88.050 Y73.169 E251.7101
G1 X89.890 Y71.329 E251.7966
G1 X89.325 Y71.329 E251.8154
G1 X87.484 Y73.169 E251.9020
G1 X86.918 Y73.169 E251.9208
G1 X88.759 Y71.329 E252.0074
G1 X88.193 Y71.329 E252.0262
G1 X86.353 Y73.169 E252.1127
G1 X85.787 Y73.169 E252.1316
G1 X87.628 Y71.329 E252.2181
G1 X87.419 Y71.330 E252.2251
G1 X87.419 Y70.972 E252.2370
G1 X85.221 Y73.169 E252.3404
G1 X84.656 Y73.169 E252.3591
G1 X87.419 Y70.406 E252.4891
G1 X87.419 Y69.840 E252.5079
G1 X84.090 Y73.169 E252.6645
G1 X83.524 Y73.169 E252.6833
G1 X85.364 Y71.330 E252.7699
G1 X84.799 Y71.330 E252.7887
G1 X82.959 Y73.169 E252.8752
G1 X82.543 Y73.169 E252.8890
G1 X82.406 Y73.157 E252.8936
G1 X84.233 Y71.330 E252.9795
G1 X83.667 Y71.330 E252.9984
G1 X81.986 Y73.010 E253.0774
G1 X81.851 Y72.897 E253.0833
G1 X81.734 Y72.757 E253.0893
G1 X81.714 Y72.717 E253.0908
G1 X83.102 Y71.330 E253.1561
G1 X82.543 Y71.330 E253.1747
G1 X82.535 Y71.330 E253.1749
G1 X81.940 Y71.926 E253.2029
G0 F2400 X81.587 Y72.279
G1 F3000 E248.2029
G1 F900 Z3.900
G0 F4200 X85.579 Y71.115
G1 F900 Z3.600
G1 F1500 E253.2029
G1 F2400 X87.419 Y69.275 E253.2895
G1 X87.419 Y68.709 E253.3083
G1 X85.579 Y70.549 E253.3949
G1 X85.579 Y69.983 E253.4137
G1 X87.419 Y68.143 E253.5002
G1 X87.419 Y67.578 E253.5190
G1 X85.579 Y69.418 E253.6056
G1 X85.579 Y68.852 E253.6244
G1 X87.419 Y67.012 E253.7110
G1 X87.419 Y66.446 E253.7298
G1 X85.579 Y68.286 E253.8163
G1 X85.579 Y67.721 E253.8351
G1 X87.419 Y65.881 E253.9217
G1 X87.419 Y65.315 E253.9405
G1 X85.579 Y67.155 E254.0270
G1 X85.579 Y66.589 E254.0459
G1 X87.419 Y64.749 E254.1324
G1 X87.419 Y64.184 E254.1512
G1 X85.579 Y66.023 E254.2377
G1 X85.579 Y65.458 E254.2565
G1 X87.419 Y63.618 E254.3431
G1 X87.419 Y63.052 E254.3619
G1 X85.579 Y64.892 E254.4484
G1 X85.579 Y64.326 E254.4673
G1 X87.419 Y62.487 E254.5538
G1 X87.419 Y61.921 E254.5726
G1 X85.579 Y63.761 E254.6592
G1 X85.579 Y63.195 E254.6780
G1 X87.419 Y61.355 E254.7645
G1 X87.419 Y60.789 E254.7834
G1 X85.579 Y62.629 E254.8699
G1 X85.579 Y62.064 E254.8887
G1 X87.288 Y60.355 E254.9691
G1 X87.110 Y59.967 E254.9833
G1 X85.579 Y61.498 E255.0553
G1 X85.579 Y60.932 E255.0741
G1 X86.933 Y59.579 E255.1378
G1 X86.755 Y59.191 E255.1520
G1 X85.812 Y60.134 E255.1963
G1 X86.251 Y59.173 E255.2315
G0 F2400 X86.288 Y59.092
G0 F2400 X86.578 Y58.802
G1 F3000 E250.2315
G1 F900 Z3.900
G0 F4200 X81.445 Y72.137
;TYPE:SOLID-FILL
;WIDTH:0.400
G1 F900 Z3.600
G1 F1500 E255.2315
G1 F3000 X81.387 Y72.195 E255.2342
G1 F3000 E250.2342
G1 F900 Z3.900
G0 F4200 X90.395 Y73.370
G1 F900 Z3.600
G1 F1500 E255.2342
G1 F3000 X90.454 Y73.311 E255.2370
;LAYER:18
;Z:3.800
;HEIGHT:0.200
G0 F900 Z3.800
G0 F4200 X90.733 Y73.424
;TYPE:WALL-INNER
;WIDTH:0.400
G1 F2400 X90.470 Y73.450 E255.2458
G1 X82.530 Y73.450 E255.5099
G1 X82.267 Y73.424 E255.5187
G1 X82.042 Y73.356 E255.5265
G1 X81.835 Y73.246 E255.5343
G1 X81.653 Y73.097 E255.5421
G1 X81.504 Y72.915 E255.5499
G1 X81.394 Y72.708 E255.5577
G1 X81.326 Y72.483 E255.5655
G1 X81.303 Y72.250 E255.5733
G1 X81.326 Y72.017 E255.5811
G1 X81.394 Y71.792 E255.5889
G1 X81.504 Y71.585 E255.5967
G1 X81.653 Y71.403 E255.6045
G1 X81.835 Y71.254 E255.6124
G1 X82.042 Y71.144 E255.6202
G1 X82.267 Y71.076 E255.6280
G1 X82.530 Y71.050 E255.6368
G1 X85.300 Y71.050 E255.7289
G1 X85.300 Y60.581 E256.0771
G1 X86.265 Y58.471 E256.1543
G1 X86.388 Y58.375 E256.1595
G1 X86.442 Y58.358 E256.1613
G1 X86.558 Y58.358 E256.1652
G1 X86.694 Y58.428 E256.1703
G1 X86.769 Y58.532 E256.1746
G1 X87.700 Y60.580 E256.2494
G1 X87.700 Y71.050 E256.5976
G1 X90.470 Y71.050 E256.6897
G1 X90.733 Y71.076 E256.6985
G1 X90.959 Y71.145 E256.7064
G1 X91.165 Y71.254 E256.7141
G1 X91.347 Y71.403 E256.7220
G1 X91.496 Y71.585 E256.7298
G1 X91.606 Y71.792 E256.7376
G1 X91.674 Y72.017 E256.7454
G1 X91.697 Y72.250 E256.7532
G1 X91.674 Y72.483 E256.7610
G1 X91.606 Y72.708 E256.7688
G1 X91.496 Y72.915 E256.7766
G1 X91.347 Y73.097 E256.7844
G1 X91.189 Y73.227 E256.7912
G0 F2400 X91.165 Y73.246
G0 F2400 X90.958 Y73.356
G0 F2400 X90.733 Y73.424
G1 F3000 E251.7912
G0 F4200 X90.812 Y73.818
;TYPE:WALL-OUTER
;WIDTH:0.400
G1 F900 Z3.800
G1 F1500 E256.7912
G1 F1800 X90.490 Y73.850 E256.8020
G1 X82.510 Y73.850 E257.0674
G1 X82.188 Y73.818 E257.0782
G1 X81.888 Y73.727 E257.0886
G1 X81.612 Y73.580 E257.0990
G1 X81.369 Y73.381 E257.1094
G1 X81.170 Y73.138 E257.1199
G1 X81.023 Y72.862 E257.1303
G1 X80.932 Y72.562 E257.1407
G1 X80.901 Y72.250 E257.1511
G1 X80.932 Y71.938 E257.1616
G1 X81.023 Y71.638 E257.1720
G1 X81.170 Y71.362 E257.1824
G1 X81.369 Y71.119 E257.1928
G1 X81.612 Y70.920 E257.2033
G1 X81.888 Y70.773 E257.2137
G1 X82.188 Y70.682 E257.2241
G1 X82.510 Y70.650 E257.2349
G1 X84.900 Y70.650 E257.3144
G1 X84.900 Y60.494 E257.6522
G1 X85.923 Y58.257 E257.7340
G1 X86.006 Y58.156 E257.7383
G1 X86.112 Y58.069 E257.7429
G1 X86.233 Y58.004 E257.7475
G1 X86.363 Y57.964 E257.7520
G1 X86.500 Y57.951 E257.7566
G1 X86.637 Y57.964 E257.7611
G1 X86.767 Y58.004 E257.7657
G1 X86.888 Y58.069 E257.7702
G1 X86.989 Y58.152 E257.7746
G1 X87.117 Y58.331 E257.7819
G1 X88.100 Y60.493 E257.8609
G1 X88.100 Y70.650 E258.1987
G1 X90.490 Y70.650 E258.2782
G1 X90.811 Y70.682 E258.2889
G1 X91.112 Y70.773 E258.2994
G1 X91.388 Y70.920 E258.3098
G1 X91.631 Y71.119 E258.3202
G1 X91.830 Y71.362 E258.3307
G1 X91.977 Y71.638 E258.3411
G1 X92.068 Y71.938 E258.3515
G1 X92.099 Y72.250 E258.3619
G1 X92.068 Y72.562 E258.3724
G1 X91.977 Y72.862 E258.3828
G1 X91.830 Y73.138 E258.3932
G1 X91.631 Y73.381 E258.4036
G1 X91.388 Y73.580 E258.4141
G1 X91.277 Y73.639 E258.4183
G0 F1800 X91.112 Y73.727
G0 F1800 X90.812 Y73.818
G1 F3000 E253.4183
G0 F4200 X90.575 Y71.342
;TYPE:SOLID-FILL
;WIDTH:0.400
G1 F900 Z3.800
G1 F1500 E258.4183
G1 F2400 X91.408 Y72.175 E258.4574
G1 X91.415 Y72.250 E258.4600
G1 X91.397 Y72.428 E258.4659
G1 X91.344 Y72.602 E258.4720
G1 X91.319 Y72.651 E258.4738
G1 X89.997 Y71.330 E258.5359
G1 X89.432 Y71.330 E258.5547
G1 X91.066 Y72.964 E258.6316
G1 X91.006 Y73.015 E258.6342
G1 X90.851 Y73.095 E258.6400
G1 X90.682 Y73.146 E258.6459
G1 X88.866 Y71.330 E258.7313
G1 X88.300 Y71.330 E258.7501
G1 X90.140 Y73.169 E258.8367
G1 X89.574 Y73.169 E258.8555
G1 X88.087 Y71.683 E258.9254
G0 F2400 X87.734 Y71.330
G1 F3000 E253.9254
G1 F900 Z4.100
G0 F4200 X82.146 Y73.095
G1 F900 Z3.800
G1 F1500 E258.9254
G1 F2400 X81.653 Y72.602 E258.9486
G1 X81.601 Y72.428 E258.9546
G1 X81.583 Y72.250 E258.9606
G1 X81.601 Y72.071 E258.9666
G1 X81.621 Y72.004 E258.9689
G1 X82.786 Y73.169 E259.0237
G1 X83.352 Y73.169 E259.0425
G1 X81.820 Y71.638 E259.1145
G1 X81.851 Y71.602 E259.1161
G1 X81.992 Y71.484 E259.1222
G1 X82.146 Y71.405 E259.1280
G1 X82.151 Y71.403 E259.1282
G1 X83.918 Y73.169 E259.2113
G1 X84.483 Y73.169 E259.2301
G1 X82.643 Y71.330 E259.3166
G1 X83.209 Y71.330 E259.3354
G1 X85.049 Y73.169 E259.4219
G1 X85.615 Y73.169 E259.4408
G1 X83.775 Y71.330 E259.5273
G1 X84.340 Y71.330 E259.5461
G1 X86.180 Y73.169 E259.6326
G1 X86.746 Y73.169 E259.6514
G1 X84.906 Y71.330 E259.7380
G1 X85.472 Y71.330 E259.7568
G1 X87.312 Y73.169 E259.8433
G1 X87.877 Y73.169 E259.8621
G1 X85.579 Y70.871 E259.9702
G1 X85.579 Y70.306 E259.9890
G1 X88.443 Y73.169 E260.1237
G1 X89.009 Y73.169 E260.1425
G1 X85.579 Y69.740 E260.3038
G1 X85.579 Y69.174 E260.3226
G1 X87.419 Y71.014 E260.4092
G1 X87.419 Y70.449 E260.4280
G1 X85.579 Y68.609 E260.5145
G1 X85.579 Y68.043 E260.5333
G1 X87.419 Y69.883 E260.6199
G1 X87.419 Y69.317 E260.6387
G1 X85.579 Y67.477 E260.7253
G1 X85.579 Y66.912 E260.7441
G1 X87.419 Y68.751 E260.8306
G1 X87.419 Y68.186 E260.8494
G1 X85.579 Y66.346 E260.9359
G1 X85.579 Y65.780 E260.9547
G1 X87.419 Y67.620 E261.0413
G1 X87.419 Y67.054 E261.0601
G1 X85.579 Y65.215 E261.1466
G1 X85.579 Y64.649 E261.1655
G1 X87.419 Y66.489 E261.2520
G1 X87.419 Y65.923 E261.2708
G1 X85.579 Y64.083 E261.3574
G1 X85.579 Y63.517 E261.3762
G1 X87.419 Y65.357 E261.4628
G1 X87.419 Y64.792 E261.4816
G1 X85.579 Y62.952 E261.5681
G1 X85.579 Y62.386 E261.5869
G1 X87.419 Y64.226 E261.6735
G1 X87.419 Y63.660 E261.6923
G1 X85.579 Y61.820 E261.7788
G1 X85.579 Y61.255 E261.7976
G1 X87.419 Y63.095 E261.8842
G1 X87.419 Y62.529 E261.9030
G1 X85.579 Y60.689 E261.9896
G1 X85.579 Y60.642 E261.9911
G1 X85.742 Y60.286 E262.0041
G1 X87.419 Y61.963 E262.0830
G1 X87.419 Y61.398 E262.1018
G1 X85.919 Y59.898 E262.1724
G1 X86.097 Y59.510 E262.1866
G1 X87.419 Y60.832 E262.2488
G1 X87.419 Y60.640 E262.2551
G1 X87.108 Y59.955 E262.2802
G1 X86.274 Y59.121 E262.3194
G1 X86.326 Y59.009 E262.3235
G0 F2400 X86.425 Y58.793
G0 F2400 X86.511 Y58.793
G0 F2400 X86.636 Y58.918
G1 F3000 E257.3235
G1 F900 Z4.100
G0 F4200 X98.130 Y73.450
;TYPE:WALL-INNER
;WIDTH:0.400
G1 F900 Z3.800
G1 F1500 E262.3235
G1 F2400 X97.867 Y73.424 E262.3323
G1 X97.642 Y73.356 E262.3401
G1 X97.435 Y73.246 E262.3479
G1 X97.253 Y73.097 E262.3557
G1 X97.104 Y72.915 E262.3636
G1 X96.994 Y72.708 E262.3713
G1 X96.926 Y72.483 E262.3792
G1 X96.903 Y72.250 E262.3870
G1 X96.926 Y72.017 E262.3947
G1 X96.994 Y71.792 E262.4026
G1 X97.104 Y71.585 E262.4104
G1 X97.253 Y71.403 E262.4182
G1 X97.435 Y71.254 E262.4260
G1 X97.642 Y71.144 E262.4338
G1 X97.867 Y71.076 E262.4416
G1 X98.130 Y71.050 E262.4504
G1 X100.900 Y71.050 E262.5425
G1 X100.900 Y60.581 E262.8907
G1 X101.865 Y58.471 E262.9679
G1 X101.988 Y58.375 E262.9731
G1 X102.042 Y58.358 E262.9750
G1 X102.158 Y58.358 E262.9788
G1 X102.294 Y58.428 E262.9839
G1 X102.369 Y58.532 E262.9882
G1 X103.300 Y60.580 E263.0630
G1 X103.300 Y71.050 E263.4112
G1 X106.070 Y71.050 E263.5034
G1 X106.333 Y71.076 E263.5122
G1 X106.559 Y71.145 E263.5200
G1 X106.765 Y71.254 E263.5278
G1 X106.947 Y71.403 E263.5356
G1 X107.096 Y71.585 E263.5434
G1 X107.206 Y71.792 E263.5512
G1 X107.274 Y72.017 E263.5590
G1 X107.297 Y72.250 E263.5668
G1 X107.274 Y72.483 E263.5746
G1 X107.206 Y72.708 E263.5824
G1 X107.096 Y72.915 E263.5902
G1 X106.947 Y73.097 E263.5981
G1 X106.765 Y73.246 E263.6059
G1 X106.558 Y73.356 E263.6137
G1 X106.333 Y73.424 E263.6215
G1 X106.070 Y73.450 E263.6303
G1 X98.630 Y73.450 E263.8777
G0 F2400 X98.130 Y73.450
G1 F3000 E258.8777
G0 F4200 X98.110 Y73.850
;TYPE:WALL-OUTER
;WIDTH:0.400
G1 F900 Z3.800
G1 F1500 E263.8777
G1 F1800 X97.788 Y73.818 E263.8885
G1 X97.488 Y73.727 E263.8989
G1 X97.212 Y73.580 E263.9093
G1 X96.969 Y73.381 E263.9198
G1 X96.770 Y73.138 E263.9302
G1 X96.623 Y72.862 E263.9406
G1 X96.532 Y72.562 E263.9510
G1 X96.501 Y72.250 E263.9615
G1 X96.532 Y71.938 E263.9719
G1 X96.623 Y71.638 E263.9823
G1 X96.770 Y71.362 E263.9927
G1 X96.969 Y71.119 E264.0032
G1 X97.212 Y70.920 E264.0136
G1 X97.488 Y70.773 E264.0240
G1 X97.788 Y70.682 E264.0345
G1 X98.110 Y70.650 E264.0452
G1 X100.500 Y70.650 E264.1247
G1 X100.500 Y60.494 E264.4625
G1 X101.523 Y58.257 E264.5443
G1 X101.606 Y58.156 E264.5487
G1 X101.712 Y58.069 E264.5532
G1 X101.833 Y58.004 E264.5578
G1 X101.963 Y57.964 E264.5623
G1 X102.100 Y57.951 E264.5669
G1 X102.237 Y57.964 E264.5715
G1 X102.367 Y58.004 E264.5760
G1 X102.488 Y58.069 E264.5806
G1 X102.589 Y58.152 E264.5849
G1 X102.717 Y58.331 E264.5922
G1 X103.700 Y60.493 E264.6712
G1 X103.700 Y70.650 E265.0090
G1 X106.090 Y70.650 E265.0885
G1 X106.411 Y70.682 E265.0993
G1 X106.712 Y70.773 E265.1097
G1 X106.988 Y70.920 E265.1201
G1 X107.231 Y71.119 E265.1306
G1 X107.430 Y71.362 E265.1410
G1 X107.577 Y71.638 E265.1514
G1 X107.668 Y71.938 E265.1618
G1 X107.699 Y72.250 E265.1723
G1 X107.668 Y72.562 E265.1827
G1 X107.577 Y72.862 E265.1931
G1 X107.430 Y73.138 E265.2035
G1 X107.231 Y73.381 E265.2140
G1 X106.988 Y73.580 E265.2244
G1 X106.712 Y73.727 E265.2348
G1 X106.412 Y73.818 E265.2452
G1 X106.090 Y73.850 E265.2560
G1 X98.610 Y73.850 E265.5048
G0 F1800 X98.110 Y73.850
G1 F3000 E260.5048
G0 F4200 X98.050 Y73.160
;TYPE:SOLID-FILL
;WIDTH:0.400
G1 F900 Z3.800
G1 F1500 E265.5048
G1 F2400 X97.188 Y72.298 E265.5453
G1 X97.183 Y72.249 E265.5470
G1 X97.201 Y72.071 E265.5529
G1 X97.254 Y71.897 E265.5590
G1 X97.287 Y71.832 E265.5614
G1 X98.625 Y73.169 E265.6243
G1 X99.191 Y73.169 E265.6431
G1 X97.546 Y71.524 E265.7205
G1 X97.592 Y71.484 E265.7225
G1 X97.746 Y71.405 E265.7283
G1 X97.920 Y71.352 E265.7343
G1 X97.937 Y71.350 E265.7349
G1 X99.757 Y73.169 E265.8205
G1 X100.322 Y73.169 E265.8393
G1 X98.483 Y71.330 E265.9258
G1 X99.048 Y71.330 E265.9446
G1 X100.888 Y73.169 E266.0311
G1 X101.454 Y73.169 E266.0499
G1 X99.614 Y71.330 E266.1365
G1 X100.180 Y71.330 E266.1553
G1 X102.019 Y73.169 E266.2418
G1 X102.585 Y73.169 E266.2606
G1 X100.745 Y71.330 E266.3471
G1 X101.179 Y71.329 E266.3616
G1 X101.179 Y71.197 E266.3660
G1 X103.151 Y73.169 E266.4587
G1 X103.717 Y73.169 E266.4775
G1 X101.179 Y70.632 E266.5969
G1 X101.179 Y70.066 E266.6157
G1 X104.282 Y73.169 E266.7617
G1 X104.848 Y73.169 E266.7805
G1 X101.179 Y69.500 E266.9531
G1 X101.179 Y68.935 E266.9719
G1 X103.019 Y70.775 E267.0584
G1 X103.019 Y70.210 E267.0772
G1 X101.179 Y68.369 E267.1638
G1 X101.179 Y67.803 E267.1826
G1 X103.019 Y69.644 E267.2692
G1 X103.019 Y69.078 E267.2880
G1 X101.179 Y67.238 E267.3746
G1 X101.179 Y66.672 E267.3934
G1 X103.019 Y68.512 E267.4799
G1 X103.019 Y67.947 E267.4987
G1 X101.179 Y66.106 E267.5853
G1 X101.179 Y65.541 E267.6041
G1 X103.019 Y67.381 E267.6906
G1 X103.019 Y66.815 E267.7095
G1 X101.179 Y64.975 E267.7960
G1 X101.179 Y64.409 E267.8148
G1 X103.019 Y66.250 E267.9014
G1 X103.019 Y65.684 E267.9202
G1 X101.179 Y63.843 E268.0068
G1 X101.179 Y63.278 E268.0256
G1 X103.019 Y65.118 E268.1121
G1 X103.019 Y64.553 E268.1309
G1 X101.179 Y62.712 E268.2175
G1 X101.179 Y62.146 E268.2363
G1 X103.019 Y63.987 E268.3229
G1 X103.019 Y63.421 E268.3417
G1 X101.179 Y61.581 E268.4283
G1 X101.179 Y61.015 E268.4471
G1 X103.019 Y62.856 E268.5337
G1 X103.019 Y62.290 E268.5525
G1 X101.239 Y60.509 E268.6362
G1 X101.417 Y60.122 E268.6504
G1 X103.019 Y61.724 E268.7258
G1 X103.019 Y61.159 E268.7446
G1 X101.594 Y59.734 E268.8116
G1 X101.772 Y59.346 E268.8258
G1 X102.980 Y60.554 E268.8826
G1 X102.509 Y59.517 E268.9205
G1 X102.302 Y59.310 E268.9302
G0 F2400 X101.949 Y58.957
G1 F3000 E263.9302
G1 F900 Z4.100
G0 F4200 X103.574 Y71.330
G1 F900 Z3.800
G1 F1500 E268.9302
G1 F2400 X105.414 Y73.169 E269.0167
G1 X105.979 Y73.169 E269.0355
G1 X104.139 Y71.330 E269.1221
G1 X104.705 Y71.330 E269.1409
G1 X106.464 Y73.088 E269.2236
G1 X106.606 Y73.014 E269.2289
G1 X106.746 Y72.897 E269.2350
G1 X106.788 Y72.847 E269.2372
G1 X105.271 Y71.330 E269.3085
G1 X105.836 Y71.330 E269.3273
G1 X106.983 Y72.476 E269.3812
G1 X106.997 Y72.429 E269.3829
G1 X107.015 Y72.250 E269.3889
G1 X106.997 Y72.070 E269.3949
G1 X106.944 Y71.897 E269.4009
G1 X106.917 Y71.844 E269.4029
G1 X106.862 Y71.789 E269.4055
G0 F2400 X106.508 Y71.436
G1 F3000 E264.4055
G1 F900 Z4.100
G0 F4200 X103.715 Y71.188
;TYPE:SOLID-FILL
;WIDTH:0.400
G1 F900 Z3.800
G1 F1500 E269.4055
G1 F3000 X103.656 Y71.129 E269.4082
G1 F3000 E264.4082
G1 F900 Z4.100
G0 F4200 X102.089 Y58.815
G1 F900 Z3.800
G1 F1500 E269.4082
G1 F3000 X101.887 Y58.612 E269.4178
;LAYER:19
;Z:4.000
;HEIGHT:0.200
G1 F3000 E264.4178
G0 F900 Z4.000
G0 F4200 X98.130 Y73.450
;TYPE:WALL-INNER
;WIDTH:0.400
G1 F900 Z4.000
G1 F1500 E269.4178
G1 F2400 X97.867 Y73.424 E269.4266
G1 X97.642 Y73.356 E269.4344
G1 X97.435 Y73.246 E269.4422
G1 X97.253 Y73.097 E269.4500
G1 X97.104 Y72.915 E269.4578
G1 X96.994 Y72.708 E269.4656
G1 X96.926 Y72.483 E269.4734
G1 X96.903 Y72.250 E269.4812
G1 X96.926 Y72.017 E269.4890
G1 X96.994 Y71.792 E269.4968
G1 X97.104 Y71.585 E269.5046
G1 X97.253 Y71.403 E269.5124
G1 X97.435 Y71.254 E269.5203
G1 X97.642 Y71.144 E269.5281
G1 X97.867 Y71.076 E269.5359
G1 X98.130 Y71.050 E269.5447
G1 X100.900 Y71.050 E269.6368
G1 X100.900 Y60.581 E269.9850
G1 X101.865 Y58.471 E270.0622
G1 X101.988 Y58.375 E270.0674
G1 X102.042 Y58.358 E270.0692
G1 X102.158 Y58.358 E270.0731
G1 X102.295 Y58.428 E270.0782
G1 X102.366 Y58.527 E270.0823
G1 X103.300 Y60.580 E270.1573
G1 X103.300 Y71.050 E270.5055
G1 X106.070 Y71.050 E270.5976
G1 X106.333 Y71.076 E270.6064
G1 X106.559 Y71.145 E270.6143
G1 X106.765 Y71.254 E270.6220
G1 X106.947 Y71.403 E270.6299
G1 X107.096 Y71.585 E270.6377
G1 X107.206 Y71.792 E270.6455
G1 X107.274 Y72.017 E270.6533
G1 X107.297 Y72.250 E270.6611
G1 X107.274 Y72.483 E270.6689
G1 X107.206 Y72.708 E270.6767
G1 X107.096 Y72.915 E270.6845
G1 X106.947 Y73.097 E270.6923
G1 X106.765 Y73.246 E270.7001
G1 X106.558 Y73.356 E270.7079
G1 X106.333 Y73.424 E270.7158
G1 X106.070 Y73.450 E270.7245
G1 X98.630 Y73.450 E270.9720
G0 F2400 X98.130 Y73.450
G1 F3000 E265.9720
G0 F4200 X98.110 Y73.850
;TYPE:WALL-OUTER
;WIDTH:0.400
G1 F900 Z4.000
G1 F1500 E270.9720
G1 F1800 X97.788 Y73.818 E270.9828
G1 X97.488 Y73.727 E270.9932
G1 X97.212 Y73.580 E271.0036
G1 X96.969 Y73.381 E271.0140
G1 X96.770 Y73.138 E271.0245
G1 X96.623 Y72.862 E271.0349
G1 X96.532 Y72.562 E271.0453
G1 X96.501 Y72.250 E271.0557
G1 X96.532 Y71.938 E271.0662
G1 X96.623 Y71.638 E271.0766
G1 X96.770 Y71.362 E271.0870
G1 X96.969 Y71.119 E271.0974
G1 X97.212 Y70.920 E271.1079
G1 X97.488 Y70.773 E271.1183
G1 X97.788 Y70.682 E271.1287
G1 X98.110 Y70.650 E271.1395
G1 X100.500 Y70.650 E271.2190
G1 X100.500 Y60.494 E271.5568
G1 X101.523 Y58.257 E271.6386
G1 X101.606 Y58.156 E271.6429
G1 X101.712 Y58.069 E271.6475
G1 X101.833 Y58.004 E271.6521
G1 X101.963 Y57.964 E271.6566
G1 X102.100 Y57.951 E271.6612
G1 X102.237 Y57.964 E271.6657
G1 X102.367 Y58.004 E271.6703
G1 X102.488 Y58.069 E271.6748
G1 X102.589 Y58.152 E271.6792
G1 X102.714 Y58.326 E271.6863
G1 X103.700 Y60.493 E271.7655
G1 X103.700 Y70.650 E272.1033
G1 X106.090 Y70.650 E272.1828
G1 X106.411 Y70.682 E272.1935
G1 X106.712 Y70.773 E272.2040
G1 X106.988 Y70.920 E272.2144
G1 X107.231 Y71.119 E272.2248
G1 X107.430 Y71.362 E272.2353
G1 X107.577 Y71.638 E272.2457
G1 X107.668 Y71.938 E272.2561
G1 X107.699 Y72.250 E272.2665
G1 X107.668 Y72.562 E272.2770
G1 X107.577 Y72.862 E272.2874
G1 X107.430 Y73.138 E272.2978
G1 X107.231 Y73.381 E272.3082
G1 X106.988 Y73.580 E272.3187
G1 X106.712 Y73.727 E272.3291
G1 X106.412 Y73.818 E272.3395
G1 X106.090 Y73.850 E272.3503
G1 X98.610 Y73.850 E272.5991
G0 F1800 X98.110 Y73.850
G1 F3000 E267.5991
G0 F4200 X97.722 Y71.417
;TYPE:SOLID-FILL
;WIDTH:0.400
G1 F900 Z4.000
G1 F1500 E272.5991
G1 F2400 X97.266 Y71.873 E272.6205
G1 X97.254 Y71.897 E272.6214
G1 X97.201 Y72.071 E272.6275
G1 X97.183 Y72.249 E272.6334
G1 X97.201 Y72.428 E272.6394
G1 X97.219 Y72.486 E272.6414
G1 X98.376 Y71.329 E272.6958
G1 X98.941 Y71.329 E272.7146
G1 X97.416 Y72.854 E272.7864
G1 X97.451 Y72.897 E272.7882
G1 X97.592 Y73.015 E272.7943
G1 X97.743 Y73.093 E272.8000
G1 X99.507 Y71.329 E272.8829
G1 X100.073 Y71.329 E272.9018
G1 X98.232 Y73.169 E272.9883
G1 X98.798 Y73.169 E273.0072
G1 X100.285 Y71.682 E273.0771
G0 F2400 X100.638 Y71.329
G1 F3000 E268.0771
G1 F900 Z4.300
G0 F4200 X106.162 Y73.160
G1 F900 Z4.000
G1 F1500 E273.0771
G1 F2400 X107.008 Y72.313 E273.1169
G1 X107.015 Y72.250 E273.1190
G1 X106.997 Y72.070 E273.1250
G1 X106.944 Y71.897 E273.1311
G1 X106.915 Y71.841 E273.1332
G1 X105.586 Y73.169 E273.1956
G1 X105.020 Y73.169 E273.2145
G1 X106.660 Y71.530 E273.2916
G1 X106.609 Y71.487 E273.2938
G1 X106.447 Y71.405 E273.2999
G1 X106.278 Y71.352 E273.3057
G1 X106.273 Y71.351 E273.3059
G1 X104.455 Y73.169 E273.3914
G1 X103.889 Y73.169 E273.4102
G1 X105.729 Y71.330 E273.4968
G1 X105.163 Y71.330 E273.5156
G1 X103.323 Y73.169 E273.6021
G1 X102.758 Y73.169 E273.6209
G1 X104.598 Y71.330 E273.7074
G1 X104.032 Y71.330 E273.7263
G1 X102.192 Y73.169 E273.8128
G1 X101.626 Y73.169 E273.8316
G1 X103.466 Y71.330 E273.9181
G1 X103.019 Y71.330 E273.9330
G1 X103.019 Y71.211 E273.9370
G1 X101.061 Y73.169 E274.0291
G1 X100.495 Y73.169 E274.0479
G1 X103.019 Y70.645 E274.1666
G1 X103.019 Y70.079 E274.1854
G1 X99.929 Y73.169 E274.3308
G1 X99.364 Y73.169 E274.3496
G1 X103.019 Y69.514 E274.5215
G1 X103.019 Y68.948 E274.5403
G1 X101.179 Y70.789 E274.6269
G1 X101.179 Y70.223 E274.6457
G1 X103.019 Y68.382 E274.7323
G1 X103.019 Y67.817 E274.7511
G1 X101.179 Y69.657 E274.8376
G1 X101.179 Y69.092 E274.8564
G1 X103.019 Y67.251 E274.9430
G1 X103.019 Y66.685 E274.9618
G1 X101.179 Y68.526 E275.0484
G1 X101.179 Y67.960 E275.0672
G1 X103.019 Y66.120 E275.1538
G1 X103.019 Y65.554 E275.1726
G1 X101.179 Y67.395 E275.2592
G1 X101.179 Y66.829 E275.2780
G1 X103.019 Y64.988 E275.3646
G1 X103.019 Y64.423 E275.3833
G1 X101.179 Y66.263 E275.4699
G1 X101.179 Y65.697 E275.4887
G1 X103.019 Y63.857 E275.5753
G1 X103.019 Y63.291 E275.5941
G1 X101.179 Y65.132 E275.6807
G1 X101.179 Y64.566 E275.6995
G1 X103.019 Y62.726 E275.7860
G1 X103.019 Y62.160 E275.8049
G1 X101.179 Y64.000 E275.8914
G1 X101.179 Y63.435 E275.9102
G1 X103.019 Y61.594 E275.9968
G1 X103.019 Y61.028 E276.0156
G1 X101.179 Y62.869 E276.1022
G1 X101.179 Y62.303 E276.1210
G1 X102.963 Y60.519 E276.2049
G1 X102.787 Y60.130 E276.2191
G1 X101.179 Y61.738 E276.2947
G1 X101.179 Y61.172 E276.3136
G1 X102.609 Y59.742 E276.3808
G1 X102.432 Y59.353 E276.3950
G1 X101.210 Y60.575 E276.4525
G1 X101.685 Y59.534 E276.4906
G1 X101.902 Y59.317 E276.5008
G0 F2400 X102.255 Y58.964
G0 F4200 X102.113 Y58.823
;TYPE:SOLID-FILL
;WIDTH:0.400
G1 F3000 X102.318 Y58.619 E276.5104
G1 F3000 E271.5104
G1 F900 Z4.300
G0 F4200 X100.555 Y71.129
G1 F900 Z4.000
G1 F1500 E276.5104
G1 F3000 X100.496 Y71.188 E276.5132
G1 F3000 E271.5132
G1 F900 Z4.300
G0 F4200 X90.733 Y73.424
;TYPE:WALL-INNER
;WIDTH:0.400
G1 F900 Z4.000
G1 F1500 E276.5132
G1 F2400 X90.470 Y73.450 E276.5220
G1 X82.530 Y73.450 E276.7861
G1 X82.267 Y73.424 E276.7948
G1 X82.042 Y73.356 E276.8027
G1 X81.835 Y73.246 E276.8105
G1 X81.653 Y73.097 E276.8183
G1 X81.504 Y72.915 E276.8261
G1 X81.394 Y72.708 E276.8339
G1 X81.326 Y72.483 E276.8417
G1 X81.303 Y72.250 E276.8495
G1 X81.326 Y72.017 E276.8573
G1 X81.394 Y71.792 E276.8651
G1 X81.504 Y71.585 E276.8729
G1 X81.653 Y71.403 E276.8807
G1 X81.835 Y71.254 E276.8886
G1 X82.042 Y71.144 E276.8964
G1 X82.267 Y71.076 E276.9042
G1 X82.530 Y71.050 E276.9130
G1 X85.300 Y71.050 E277.0051
G1 X85.300 Y60.581 E277.3533
G1 X86.265 Y58.471 E277.4305
G1 X86.388 Y58.375 E277.4357
G1 X86.442 Y58.358 E277.4375
G1 X86.558 Y58.358 E277.4414
G1 X86.695 Y58.428 E277.4465
G1 X86.766 Y58.527 E277.4506
G1 X87.700 Y60.580 E277.5256
G1 X87.700 Y71.050 E277.8738
G1 X90.470 Y71.050 E277.9659
G1 X90.733 Y71.076 E277.9747
G1 X90.959 Y71.145 E277.9826
G1 X91.165 Y71.254 E277.9903
G1 X91.347 Y71.403 E277.9982
G1 X91.496 Y71.585 E278.0060
G1 X91.606 Y71.792 E278.0138
G1 X91.674 Y72.017 E278.0216
G1 X91.697 Y72.250 E278.0294
G1 X91.674 Y72.483 E278.0372
G1 X91.606 Y72.708 E278.0450
G1 X91.496 Y72.915 E278.0528
G1 X91.347 Y73.097 E278.0606
G1 X91.189 Y73.227 E278.0674
G0 F2400 X91.165 Y73.246
G0 F2400 X90.958 Y73.356
G0 F2400 X90.733 Y73.424
G1 F3000 E273.0674
G0 F4200 X90.812 Y73.818
;TYPE:WALL-OUTER
;WIDTH:0.400
G1 F900 Z4.000
G1 F1500 E278.0674
G1 F1800 X90.490 Y73.850 E278.0782
G1 X82.510 Y73.850 E278.3436
G1 X82.188 Y73.818 E278.3544
G1 X81.888 Y73.727 E278.3648
G1 X81.612 Y73.580 E278.3752
G1 X81.369 Y73.381 E278.3856
G1 X81.170 Y73.138 E278.3961
G1 X81.023 Y72.862 E278.4065
G1 X80.932 Y72.562 E278.4169
G1 X80.901 Y72.250 E278.4273
G1 X80.932 Y71.938 E278.4378
G1 X81.023 Y71.638 E278.4482
G1 X81.170 Y71.362 E278.4586
G1 X81.369 Y71.119 E278.4690
G1 X81.612 Y70.920 E278.4795
G1 X81.888 Y70.773 E278.4899
G1 X82.188 Y70.682 E278.5003
G1 X82.510 Y70.650 E278.5111
G1 X84.900 Y70.650 E278.5906
G1 X84.900 Y60.494 E278.9284
G1 X85.923 Y58.257 E279.0102
G1 X86.006 Y58.156 E279.0145
G1 X86.112 Y58.069 E279.0191
G1 X86.233 Y58.004 E279.0237
G1 X86.363 Y57.964 E279.0282
G1 X86.500 Y57.951 E279.0328
G1 X86.637 Y57.964 E279.0373
G1 X86.767 Y58.004 E279.0419
G1 X86.888 Y58.069 E279.0464
G1 X86.989 Y58.152 E279.0508
G1 X87.114 Y58.326 E279.0579
G1 X88.100 Y60.493 E279.1371
G1 X88.100 Y70.650 E279.4749
G1 X90.490 Y70.650 E279.5544
G1 X90.811 Y70.682 E279.5651
G1 X91.112 Y70.773 E279.5756
G1 X91.388 Y70.920 E279.5860
G1 X91.631 Y71.119 E279.5964
G1 X91.830 Y71.362 E279.6069
G1 X91.977 Y71.638 E279.6173
G1 X92.068 Y71.938 E279.6277
G1 X92.099 Y72.250 E279.6381
G1 X92.068 Y72.562 E279.6486
G1 X91.977 Y72.862 E279.6590
G1 X91.830 Y73.138 E279.6694
G1 X91.631 Y73.381 E279.6798
G1 X91.388 Y73.580 E279.6903
G1 X91.277 Y73.639 E279.6945
G0 F1800 X91.112 Y73.727
G0 F1800 X90.812 Y73.818
G1 F3000 E274.6945
G0 F4200 X90.313 Y73.169
;TYPE:SOLID-FILL
;WIDTH:0.400
G1 F900 Z4.000
G1 F1500 E279.6945
G1 F2400 X91.398 Y72.084 E279.7455
G1 X91.397 Y72.071 E279.7459
G1 X91.344 Y71.897 E279.7520
G1 X91.264 Y71.743 E279.7578
G1 X91.223 Y71.694 E279.7599
G1 X89.747 Y73.169 E279.8293
G1 X89.181 Y73.169 E279.8481
G1 X90.913 Y71.438 E279.9296
G1 X90.847 Y71.405 E279.9320
G1 X90.678 Y71.352 E279.9379
G1 X90.456 Y71.329 E279.9453
G1 X88.616 Y73.169 E280.0319
G1 X88.050 Y73.169 E280.0507
G1 X89.890 Y71.329 E280.1372
G1 X89.325 Y71.329 E280.1560
G1 X87.484 Y73.169 E280.2426
G1 X86.918 Y73.169 E280.2614
G1 X88.759 Y71.329 E280.3480
G1 X88.193 Y71.329 E280.3668
G1 X86.353 Y73.169 E280.4534
G1 X85.787 Y73.169 E280.4722
G1 X87.628 Y71.329 E280.5588
G1 X87.419 Y71.330 E280.5657
G1 X87.419 Y70.972 E280.5776
G1 X85.221 Y73.169 E280.6810
G1 X84.656 Y73.169 E280.6998
G1 X87.419 Y70.406 E280.8298
G1 X87.419 Y69.840 E280.8486
G1 X84.090 Y73.169 E281.0052
G1 X83.524 Y73.169 E281.0240
G1 X85.364 Y71.330 E281.1105
G1 X84.799 Y71.330 E281.1293
G1 X82.959 Y73.169 E281.2158
G1 X82.543 Y73.169 E281.2297
G1 X82.406 Y73.157 E281.2342
G1 X84.233 Y71.330 E281.3202
G1 X83.667 Y71.330 E281.3390
G1 X81.986 Y73.010 E281.4180
G1 X81.851 Y72.897 E281.4239
G1 X81.734 Y72.757 E281.4300
G1 X81.714 Y72.717 E281.4315
G1 X83.102 Y71.330 E281.4967
G1 X82.543 Y71.330 E281.5153
G1 X82.535 Y71.330 E281.5156
G1 X81.940 Y71.926 E281.5436
G0 F2400 X81.587 Y72.279
G1 F3000 E276.5436
G1 F900 Z4.300
G0 F4200 X85.579 Y71.115
G1 F900 Z4.000
G1 F1500 E281.5436
G1 F2400 X87.419 Y69.275 E281.6301
G1 X87.419 Y68.709 E281.6490
G1 X85.579 Y70.549 E281.7355
G1 X85.579 Y69.983 E281.7543
G1 X87.419 Y68.143 E281.8409
G1 X87.419 Y67.578 E281.8597
G1 X85.579 Y69.418 E281.9462
G1 X85.579 Y68.852 E281.9651
G1 X87.419 Y67.012 E282.0516
G1 X87.419 Y66.446 E282.0704
G1 X85.579 Y68.286 E282.1570
G1 X85.579 Y67.721 E282.1758
G1 X87.419 Y65.881 E282.2623
G1 X87.419 Y65.315 E282.2811
G1 X85.579 Y67.155 E282.3677
G1 X85.579 Y66.589 E282.3865
G1 X87.419 Y64.749 E282.4731
G1 X87.419 Y64.184 E282.4918
G1 X85.579 Y66.023 E282.5784
G1 X85.579 Y65.458 E282.5972
G1 X87.419 Y63.618 E282.6837
G1 X87.419 Y63.052 E282.7025
G1 X85.579 Y64.892 E282.7891
G1 X85.579 Y64.326 E282.8079
G1 X87.419 Y62.487 E282.8944
G1 X87.419 Y61.921 E282.9133
G1 X85.579 Y63.761 E282.9998
G1 X85.579 Y63.195 E283.0186
G1 X87.419 Y61.355 E283.1052
G1 X87.419 Y60.789 E283.1240
G1 X85.579 Y62.629 E283.2106
G1 X85.579 Y62.064 E283.2293
G1 X87.288 Y60.355 E283.3097
G1 X87.112 Y59.966 E283.3239
G1 X85.579 Y61.498 E283.3960
G1 X85.579 Y60.932 E283.4148
G1 X86.934 Y59.577 E283.4786
G1 X86.757 Y59.189 E283.4928
G1 X85.811 Y60.135 E283.5373
G1 X86.251 Y59.171 E283.5725
G0 F2400 X86.286 Y59.094
G0 F2400 X86.580 Y58.800
G1 F3000 E278.5725
G1 F900 Z4.300
G0 F4200 X81.445 Y72.137
;TYPE:SOLID-FILL
;WIDTH:0.400
G1 F900 Z4.000
G1 F1500 E283.5725
G1 F3000 X81.387 Y72.195 E283.5752
G1 F3000 E278.5752
G1 F900 Z4.300
G0 F4200 X90.395 Y73.370
G1 F900 Z4.000
G1 F1500 E283.5752
G1 F3000 X90.454 Y73.311 E283.5780
;LAYER:20
;Z:4.200
;HEIGHT:0.200
G0 F900 Z4.200
G0 F4200 X90.733 Y73.424
;TYPE:WALL-INNER
;WIDTH:0.400
G1 F2400 X90.470 Y73.450 E283.5868
G1 X82.530 Y73.450 E283.8509
G1 X82.267 Y73.424 E283.8597
G1 X82.042 Y73.356 E283.8675
G1 X81.835 Y73.246 E283.8753
G1 X81.653 Y73.097 E283.8831
G1 X81.504 Y72.915 E283.8909
G1 X81.394 Y72.708 E283.8987
G1 X81.326 Y72.483 E283.9065
G1 X81.303 Y72.250 E283.9143
G1 X81.326 Y72.017 E283.9221
G1 X81.394 Y71.792 E283.9299
G1 X81.504 Y71.585 E283.9377
G1 X81.653 Y71.403 E283.9456
G1 X81.835 Y71.254 E283.9534
G1 X82.042 Y71.144 E283.9612
G1 X82.267 Y71.076 E283.9690
G1 X82.530 Y71.050 E283.9778
G1 X85.300 Y71.050 E284.0699
G1 X85.300 Y60.581 E284.4181
G1 X86.265 Y58.471 E284.4953
G1 X86.388 Y58.375 E284.5005
G1 X86.442 Y58.358 E284.5024
G1 X86.558 Y58.358 E284.5062
G1 X86.695 Y58.428 E284.5113
G1 X86.764 Y58.524 E284.5153
G1 X87.700 Y60.580 E284.5904
G1 X87.700 Y71.050 E284.9386
G1 X90.471 Y71.050 E285.0308
G1 X90.732 Y71.076 E285.0395
G1 X90.959 Y71.145 E285.0474
G1 X91.165 Y71.254 E285.0552
G1 X91.347 Y71.403 E285.0630
G1 X91.496 Y71.585 E285.0708
G1 X91.606 Y71.792 E285.0786
G1 X91.674 Y72.017 E285.0864
G1 X91.697 Y72.250 E285.0942
G1 X91.674 Y72.483 E285.1020
G1 X91.606 Y72.708 E285.1098
G1 X91.496 Y72.915 E285.1176
G1 X91.347 Y73.097 E285.1254
G1 X91.189 Y73.227 E285.1322
G0 F2400 X91.165 Y73.246
G0 F2400 X90.958 Y73.356
G0 F2400 X90.733 Y73.424
G1 F3000 E280.1322
G0 F4200 X90.812 Y73.818
;TYPE:WALL-OUTER
;WIDTH:0.400
G1 F900 Z4.200
G1 F1500 E285.1322
G1 F1800 X90.490 Y73.850 E285.1430
G1 X82.510 Y73.850 E285.4084
G1 X82.188 Y73.818 E285.4192
G1 X81.888 Y73.727 E285.4296
G1 X81.612 Y73.580 E285.4400
G1 X81.369 Y73.381 E285.4505
G1 X81.170 Y73.138 E285.4609
G1 X81.023 Y72.862 E285.4713
G1 X80.932 Y72.562 E285.4817
G1 X80.901 Y72.250 E285.4922
G1 X80.932 Y71.938 E285.5026
G1 X81.023 Y71.638 E285.5130
G1 X81.170 Y71.362 E285.5234
G1 X81.369 Y71.119 E285.5339
G1 X81.612 Y70.920 E285.5443
G1 X81.888 Y70.773 E285.5547
G1 X82.188 Y70.682 E285.5651
G1 X82.510 Y70.650 E285.5759
G1 X84.900 Y70.650 E285.6554
G1 X84.900 Y60.494 E285.9932
G1 X85.923 Y58.257 E286.0750
G1 X86.006 Y58.156 E286.0793
G1 X86.112 Y58.069 E286.0839
G1 X86.233 Y58.004 E286.0885
G1 X86.363 Y57.964 E286.0930
G1 X86.500 Y57.951 E286.0976
G1 X86.637 Y57.964 E286.1022
G1 X86.767 Y58.004 E286.1067
G1 X86.888 Y58.069 E286.1112
G1 X86.989 Y58.152 E286.1156
G1 X87.112 Y58.322 E286.1226
G1 X88.100 Y60.493 E286.2019
G1 X88.100 Y70.650 E286.5397
G1 X90.491 Y70.650 E286.6193
G1 X90.811 Y70.682 E286.6300
G1 X91.112 Y70.773 E286.6404
G1 X91.388 Y70.920 E286.6508
G1 X91.631 Y71.119 E286.6613
G1 X91.830 Y71.362 E286.6717
G1 X91.977 Y71.638 E286.6821
G1 X92.068 Y71.938 E286.6925
G1 X92.099 Y72.250 E286.7030
G1 X92.068 Y72.562 E286.7134
G1 X91.977 Y72.862 E286.7238
G1 X91.830 Y73.138 E286.7342
G1 X91.631 Y73.381 E286.7447
G1 X91.388 Y73.580 E286.7551
G1 X91.277 Y73.639 E286.7593
G0 F1800 X91.112 Y73.727
G0 F1800 X90.812 Y73.818
G1 F3000 E281.7593
G0 F4200 X90.575 Y71.342
;TYPE:SOLID-FILL
;WIDTH:0.400
G1 F900 Z4.200
G1 F1500 E286.7593
G1 F2400 X91.408 Y72.175 E286.7985
G1 X91.415 Y72.250 E286.8010
G1 X91.397 Y72.428 E286.8069
G1 X91.344 Y72.602 E286.8130
G1 X91.319 Y72.651 E286.8148
G1 X89.997 Y71.330 E286.8770
G1 X89.432 Y71.330 E286.8958
G1 X91.066 Y72.964 E286.9726
G1 X91.006 Y73.015 E286.9752
G1 X90.851 Y73.095 E286.9810
G1 X90.682 Y73.146 E286.9869
G1 X88.866 Y71.330 E287.0723
G1 X88.300 Y71.330 E287.0912
G1 X90.140 Y73.169 E287.1777
G1 X89.574 Y73.169 E287.1965
G1 X88.087 Y71.683 E287.2664
G0 F2400 X87.734 Y71.330
G1 F3000 E282.2664
G1 F900 Z4.500
G0 F4200 X82.146 Y73.095
G1 F900 Z4.200
G1 F1500 E287.2664
G1 F2400 X81.653 Y72.602 E287.2896
G1 X81.601 Y72.428 E287.2957
G1 X81.583 Y72.250 E287.3016
G1 X81.601 Y72.071 E287.3076
G1 X81.621 Y72.004 E287.3099
G1 X82.786 Y73.169 E287.3647
G1 X83.352 Y73.169 E287.3835
G1 X81.820 Y71.638 E287.4556
G1 X81.851 Y71.602 E287.4572
G1 X81.992 Y71.484 E287.4633
G1 X82.146 Y71.405 E287.4690
G1 X82.151 Y71.403 E287.4692
G1 X83.918 Y73.169 E287.5523
G1 X84.483 Y73.169 E287.5711
G1 X82.643 Y71.330 E287.6576
G1 X83.209 Y71.330 E287.6764
G1 X85.049 Y73.169 E287.7630
G1 X85.615 Y73.169 E287.7818
G1 X83.775 Y71.330 E287.8683
G1 X84.340 Y71.330 E287.8871
G1 X86.180 Y73.169 E287.9736
G1 X86.746 Y73.169 E287.9925
G1 X84.906 Y71.330 E288.0790
G1 X85.472 Y71.330 E288.0978
G1 X87.312 Y73.169 E288.1843
G1 X87.877 Y73.169 E288.2031
G1 X85.579 Y70.871 E288.3112
G1 X85.579 Y70.306 E288.3300
G1 X88.443 Y73.169 E288.4647
G1 X89.009 Y73.169 E288.4835
G1 X85.579 Y69.740 E288.6448
G1 X85.579 Y69.174 E288.6637
G1 X87.419 Y71.014 E288.7502
G1 X87.419 Y70.449 E288.7690
G1 X85.579 Y68.609 E288.8555
G1 X85.579 Y68.043 E288.8744
G1 X87.419 Y69.883 E288.9609
G1 X87.419 Y69.317 E288.9797
G1 X85.579 Y67.477 E289.0663
G1 X85.579 Y66.912 E289.0851
G1 X87.419 Y68.751 E289.1716
G1 X87.419 Y68.186 E289.1904
G1 X85.579 Y66.346 E289.2769
G1 X85.579 Y65.780 E289.2958
G1 X87.419 Y67.620 E289.3823
G1 X87.419 Y67.054 E289.4011
G1 X85.579 Y65.215 E289.4877
G1 X85.579 Y64.649 E289.5065
G1 X87.419 Y66.489 E289.5930
G1 X87.419 Y65.923 E289.6119
G1 X85.579 Y64.083 E289.6984
G1 X85.579 Y63.517 E289.7172
G1 X87.419 Y65.357 E289.8038
G1 X87.419 Y64.792 E289.8226
G1 X85.579 Y62.952 E289.9091
G1 X85.579 Y62.386 E289.9280
G1 X87.419 Y64.226 E290.0145
G1 X87.419 Y63.660 E290.0333
G1 X85.579 Y61.820 E290.1199
G1 X85.579 Y61.255 E290.1387
G1 X87.419 Y63.095 E290.2252
G1 X87.419 Y62.529 E290.2440
G1 X85.579 Y60.689 E290.3306
G1 X85.579 Y60.642 E290.3322
G1 X85.742 Y60.286 E290.3452
G1 X87.419 Y61.963 E290.4241
G1 X87.419 Y61.398 E290.4428
G1 X85.919 Y59.898 E290.5134
G1 X86.097 Y59.510 E290.5276
G1 X87.419 Y60.832 E290.5898
G1 X87.419 Y60.640 E290.5962
G1 X87.107 Y59.954 E290.6212
G1 X86.274 Y59.121 E290.6604
G1 X86.324 Y59.013 E290.6644
G0 F2400 X86.424 Y58.793
G0 F2400 X86.513 Y58.794
G0 F2400 X86.633 Y58.914
G1 F3000 E285.6644
G1 F900 Z4.500
G0 F4200 X98.130 Y73.450
;TYPE:WALL-INNER
;WIDTH:0.400
G1 F900 Z4.200
G1 F1500 E290.6644
G1 F2400 X97.867 Y73.424 E290.6732
G1 X97.642 Y73.356 E290.6810
G1 X97.435 Y73.246 E290.6888
G1 X97.253 Y73.097 E290.6966
G1 X97.104 Y72.915 E290.7044
G1 X96.994 Y72.708 E290.7122
G1 X96.926 Y72.483 E290.7200
G1 X96.903 Y72.250 E290.7278
G1 X96.926 Y72.017 E290.7356
G1 X96.994 Y71.792 E290.7434
G1 X97.104 Y71.585 E290.7512
G1 X97.253 Y71.403 E290.7591
G1 X97.435 Y71.254 E290.7669
G1 X97.642 Y71.144 E290.7747
G1 X97.867 Y71.076 E290.7825
G1 X98.130 Y71.050 E290.7913
G1 X100.900 Y71.050 E290.8834
G1 X100.900 Y60.581 E291.2316
G1 X101.865 Y58.471 E291.3088
G1 X101.988 Y58.375 E291.3140
G1 X102.042 Y58.358 E291.3159
G1 X102.158 Y58.358 E291.3197
G1 X102.295 Y58.428 E291.3248
G1 X102.364 Y58.524 E291.3288
G1 X103.300 Y60.580 E291.4039
G1 X103.300 Y71.050 E291.7521
G1 X106.071 Y71.050 E291.8443
G1 X106.332 Y71.076 E291.8530
G1 X106.559 Y71.145 E291.8609
G1 X106.765 Y71.254 E291.8687
G1 X106.947 Y71.403 E291.8765
G1 X107.096 Y71.585 E291.8843
G1 X107.206 Y71.792 E291.8921
G1 X107.274 Y72.017 E291.8999
G1 X107.297 Y72.250 E291.9077
G1 X107.274 Y72.483 E291.9155
G1 X107.206 Y72.708 E291.9233
G1 X107.096 Y72.915 E291.9311
G1 X106.947 Y73.097 E291.9389
G1 X106.765 Y73.246 E291.9468
G1 X106.558 Y73.356 E291.9546
G1 X106.333 Y73.424 E291.9624
G1 X106.070 Y73.450 E291.9712
G1 X98.630 Y73.450 E292.2186
G0 F2400 X98.130 Y73.450
G1 F3000 E287.2186
G0 F4200 X98.110 Y73.850
;TYPE:WALL-OUTER
;WIDTH:0.400
G1 F900 Z4.200
G1 F1500 E292.2186
G1 F1800 X97.788 Y73.818 E292.2294
G1 X97.488 Y73.727 E292.2398
G1 X97.212 Y73.580 E292.2502
G1 X96.969 Y73.381 E292.2607
G1 X96.770 Y73.138 E292.2711
G1 X96.623 Y72.862 E292.2815
G1 X96.532 Y72.562 E292.2919
G1 X96.501 Y72.250 E292.3024
G1 X96.532 Y71.938 E292.3128
G1 X96.623 Y71.638 E292.3232
G1 X96.770 Y71.362 E292.3336
G1 X96.969 Y71.119 E292.3441
G1 X97.212 Y70.920 E292.3545
G1 X97.488 Y70.773 E292.3649
G1 X97.788 Y70.682 E292.3753
G1 X98.110 Y70.650 E292.3861
G1 X100.500 Y70.650 E292.4656
G1 X100.500 Y60.494 E292.8034
G1 X101.523 Y58.257 E292.8852
G1 X101.606 Y58.156 E292.8895
G1 X101.712 Y58.069 E292.8941
G1 X101.833 Y58.004 E292.8987
G1 X101.963 Y57.964 E292.9032
G1 X102.100 Y57.951 E292.9078
G1 X102.237 Y57.964 E292.9123
G1 X102.367 Y58.004 E292.9169
G1 X102.488 Y58.069 E292.9214
G1 X102.589 Y58.152 E292.9258
G1 X102.712 Y58.322 E292.9328
G1 X103.700 Y60.493 E293.0121
G1 X103.700 Y70.650 E293.3499
G1 X106.091 Y70.650 E293.4294
G1 X106.411 Y70.682 E293.4401
G1 X106.712 Y70.773 E293.4506
G1 X106.988 Y70.920 E293.4610
G1 X107.231 Y71.119 E293.4715
G1 X107.430 Y71.362 E293.4819
G1 X107.577 Y71.638 E293.4923
G1 X107.668 Y71.938 E293.5027
G1 X107.699 Y72.250 E293.5132
G1 X107.668 Y72.562 E293.5236
G1 X107.577 Y72.862 E293.5340
G1 X107.430 Y73.138 E293.5444
G1 X107.231 Y73.381 E293.5549
G1 X106.988 Y73.580 E293.5653
G1 X106.712 Y73.727 E293.5757
G1 X106.412 Y73.818 E293.5861
G1 X106.090 Y73.850 E293.5969
G1 X98.610 Y73.850 E293.8457
G0 F1800 X98.110 Y73.850
G1 F3000 E288.8457
G0 F4200 X98.050 Y73.160
;TYPE:SOLID-FILL
;WIDTH:0.400
G1 F900 Z4.200
G1 F1500 E293.8457
G1 F2400 X97.188 Y72.298 E293.8862
G1 X97.183 Y72.249 E293.8879
G1 X97.201 Y72.071 E293.8938
G1 X97.254 Y71.897 E293.8999
G1 X97.287 Y71.832 E293.9023
G1 X98.625 Y73.169 E293.9652
G1 X99.191 Y73.169 E293.9840
G1 X97.546 Y71.524 E294.0614
G1 X97.592 Y71.484 E294.0634
G1 X97.746 Y71.405 E294.0692
G1 X97.920 Y71.352 E294.0752
G1 X97.937 Y71.350 E294.0758
G1 X99.757 Y73.169 E294.1614
G1 X100.322 Y73.169 E294.1802
G1 X98.483 Y71.330 E294.2667
G1 X99.048 Y71.330 E294.2855
G1 X100.888 Y73.169 E294.3720
G1 X101.454 Y73.169 E294.3908
G1 X99.614 Y71.330 E294.4773
G1 X100.180 Y71.330 E294.4962
G1 X102.019 Y73.169 E294.5827
G1 X102.585 Y73.169 E294.6015
G1 X100.745 Y71.330 E294.6880
G1 X101.179 Y71.329 E294.7025
G1 X101.179 Y71.197 E294.7068
G1 X103.151 Y73.169 E294.7996
G1 X103.717 Y73.169 E294.8184
G1 X101.179 Y70.632 E294.9378
G1 X101.179 Y70.066 E294.9566
G1 X104.282 Y73.169 E295.1026
G1 X104.848 Y73.169 E295.1214
G1 X101.179 Y69.500 E295.2940
G1 X101.179 Y68.935 E295.3128
G1 X103.019 Y70.775 E295.3993
G1 X103.019 Y70.210 E295.4181
G1 X101.179 Y68.369 E295.5047
G1 X101.179 Y67.803 E295.5235
G1 X103.019 Y69.644 E295.6101
G1 X103.019 Y69.078 E295.6289
G1 X101.179 Y67.238 E295.7154
G1 X101.179 Y66.672 E295.7343
G1 X103.019 Y68.512 E295.8208
G1 X103.019 Y67.947 E295.8396
G1 X101.179 Y66.106 E295.9262
G1 X101.179 Y65.541 E295.9450
G1 X103.019 Y67.381 E296.0315
G1 X103.019 Y66.815 E296.0503
G1 X101.179 Y64.975 E296.1369
G1 X101.179 Y64.409 E296.1557
G1 X103.019 Y66.250 E296.2423
G1 X103.019 Y65.684 E296.2611
G1 X101.179 Y63.843 E296.3477
G1 X101.179 Y63.278 E296.3665
G1 X103.019 Y65.118 E296.4530
G1 X103.019 Y64.553 E296.4718
G1 X101.179 Y62.712 E296.5584
G1 X101.179 Y62.146 E296.5772
G1 X103.019 Y63.987 E296.6638
G1 X103.019 Y63.421 E296.6826
G1 X101.179 Y61.581 E296.7692
G1 X101.179 Y61.015 E296.7880
G1 X103.019 Y62.856 E296.8746
G1 X103.019 Y62.290 E296.8934
G1 X101.239 Y60.509 E296.9771
G1 X101.416 Y60.121 E296.9913
G1 X103.019 Y61.724 E297.0667
G1 X103.019 Y61.159 E297.0855
G1 X101.594 Y59.733 E297.1526
G1 X101.771 Y59.345 E297.1667
G1 X102.980 Y60.554 E297.2236
G1 X102.507 Y59.515 E297.2616
G1 X102.302 Y59.310 E297.2712
G0 F2400 X101.949 Y58.957
G1 F3000 E292.2712
G1 F900 Z4.500
G0 F4200 X103.574 Y71.330
G1 F900 Z4.200
G1 F1500 E297.2712
G1 F2400 X105.414 Y73.169 E297.3577
G1 X105.979 Y73.169 E297.3765
G1 X104.139 Y71.330 E297.4631
G1 X104.705 Y71.330 E297.4819
G1 X106.464 Y73.088 E297.5646
G1 X106.606 Y73.014 E297.5699
G1 X106.746 Y72.897 E297.5760
G1 X106.788 Y72.847 E297.5782
G1 X105.271 Y71.330 E297.6495
G1 X105.836 Y71.330 E297.6683
G1 X106.983 Y72.476 E297.7222
G1 X106.997 Y72.429 E297.7239
G1 X107.015 Y72.250 E297.7299
G1 X106.997 Y72.070 E297.7359
G1 X106.944 Y71.897 E297.7419
G1 X106.917 Y71.844 E297.7439
G1 X106.862 Y71.789 E297.7465
G0 F2400 X106.508 Y71.436
G1 F3000 E292.7465
G1 F900 Z4.500
G0 F4200 X103.715 Y71.188
;TYPE:SOLID-FILL
;WIDTH:0.400
G1 F900 Z4.200
G1 F1500 E297.7465
G1 F3000 X103.656 Y71.129 E297.7492
G1 F3000 E292.7492
G1 F900 Z4.500
G0 F4200 X102.089 Y58.815
G1 F900 Z4.200
G1 F1500 E297.7492
G1 F3000 X101.887 Y58.612 E297.7588
;LAYER:21
;Z:4.400
;HEIGHT:0.200
G1 F3000 E292.7588
G0 F900 Z4.400
G0 F4200 X98.130 Y73.450
;TYPE:WALL-INNER
;WIDTH:0.400
G1 F900 Z4.400
G1 F1500 E297.7588
G1 F2400 X97.867 Y73.424 E297.7675
G1 X97.642 Y73.356 E297.7754
G1 X97.435 Y73.246 E297.7832
G1 X97.253 Y73.097 E297.7910
G1 X97.104 Y72.915 E297.7988
G1 X96.994 Y72.708 E297.8066
G1 X96.926 Y72.483 E297.8144
G1 X96.903 Y72.250 E297.8222
G1 X96.926 Y72.017 E297.8300
G1 X96.994 Y71.792 E297.8378
G1 X97.104 Y71.585 E297.8456
G1 X97.253 Y71.403 E297.8534
G1 X97.435 Y71.254 E297.8613
G1 X97.642 Y71.144 E297.8691
G1 X97.867 Y71.076 E297.8769
G1 X98.130 Y71.050 E297.8857
G1 X100.900 Y71.050 E297.9778
G1 X100.900 Y60.581 E298.3260
G1 X101.865 Y58.471 E298.4032
G1 X101.988 Y58.375 E298.4084
G1 X102.042 Y58.358 E298.4102
G1 X102.158 Y58.358 E298.4141
G1 X102.264 Y58.403 E298.4179
G1 X102.363 Y58.521 E298.4230
G1 X103.300 Y60.580 E298.4983
G1 X103.300 Y71.050 E298.8465
G1 X106.071 Y71.050 E298.9387
G1 X106.332 Y71.076 E298.9474
G1 X106.559 Y71.145 E298.9553
G1 X106.765 Y71.254 E298.9631
G1 X106.947 Y71.403 E298.9709
G1 X107.096 Y71.585 E298.9787
G1 X107.206 Y71.792 E298.9865
G1 X107.274 Y72.017 E298.9943
G1 X107.297 Y72.250 E299.0021
G1 X107.274 Y72.483 E299.0099
G1 X107.206 Y72.708 E299.0177
G1 X107.096 Y72.915 E299.0255
G1 X106.947 Y73.097 E299.0333
G1 X106.765 Y73.246 E299.0411
G1 X106.558 Y73.356 E299.0489
G1 X106.333 Y73.424 E299.0568
G1 X106.070 Y73.450 E299.0656
G1 X98.630 Y73.450 E299.3130
G0 F2400 X98.130 Y73.450
G1 F3000 E294.3130
G0 F4200 X98.110 Y73.850
;TYPE:WALL-OUTER
;WIDTH:0.400
G1 F900 Z4.400
G1 F1500 E299.3130
G1 F1800 X97.788 Y73.818 E299.3238
G1 X97.488 Y73.727 E299.3342
G1 X97.212 Y73.580 E299.3446
G1 X96.969 Y73.381 E299.3550
G1 X96.770 Y73.138 E299.3655
G1 X96.623 Y72.862 E299.3759
G1 X96.532 Y72.562 E299.3863
G1 X96.501 Y72.250 E299.3967
G1 X96.532 Y71.938 E299.4072
G1 X96.623 Y71.638 E299.4176
G1 X96.770 Y71.362 E299.4280
G1 X96.969 Y71.119 E299.4385
G1 X97.212 Y70.920 E299.4489
G1 X97.488 Y70.773 E299.4593
G1 X97.788 Y70.682 E299.4697
G1 X98.110 Y70.650 E299.4805
G1 X100.500 Y70.650 E299.5600
G1 X100.500 Y60.494 E299.8978
G1 X101.523 Y58.257 E299.9796
G1 X101.606 Y58.156 E299.9839
G1 X101.712 Y58.069 E299.9885
G1 X101.833 Y58.004 E299.9931
G1 X101.963 Y57.964 E299.9976
G1 X102.100 Y57.951 E300.0022
G1 X102.237 Y57.964 E300.0067
G1 X102.367 Y58.004 E300.0113
G1 X102.488 Y58.069 E300.0158
G1 X102.589 Y58.152 E300.0202
G1 X102.710 Y58.318 E300.0270
G1 X103.700 Y60.493 E300.1065
G1 X103.700 Y70.650 E300.4443
G1 X106.091 Y70.650 E300.5238
G1 X106.411 Y70.682 E300.5345
G1 X106.712 Y70.773 E300.5450
G1 X106.988 Y70.920 E300.5554
G1 X107.231 Y71.119 E300.5658
G1 X107.430 Y71.362 E300.5763
G1 X107.577 Y71.638 E300.5867
G1 X107.668 Y71.938 E300.5971
G1 X107.699 Y72.250 E300.6075
G1 X107.668 Y72.562 E300.6180
G1 X107.577 Y72.862 E300.6284
G1 X107.430 Y73.138 E300.6388
G1 X107.231 Y73.381 E300.6492
G1 X106.988 Y73.580 E300.6597
G1 X106.712 Y73.727 E300.6701
G1 X106.412 Y73.818 E300.6805
G1 X106.090 Y73.850 E300.6913
G1 X98.610 Y73.850 E300.9401
G0 F1800 X98.110 Y73.850
G1 F3000 E295.9401
G0 F4200 X97.722 Y71.417
;TYPE:SOLID-FILL
;WIDTH:0.400
G1 F900 Z4.400
G1 F1500 E300.9401
G1 F2400 X97.266 Y71.873 E300.9615
G1 X97.254 Y71.897 E300.9624
G1 X97.201 Y72.071 E300.9685
G1 X97.183 Y72.249 E300.9744
G1 X97.201 Y72.428 E300.9804
G1 X97.219 Y72.486 E300.9824
G1 X98.376 Y71.329 E301.0368
G1 X98.941 Y71.329 E301.0556
G1 X97.416 Y72.854 E301.1274
G1 X97.451 Y72.897 E301.1292
G1 X97.592 Y73.015 E301.1353
G1 X97.743 Y73.093 E301.1410
G1 X99.507 Y71.329 E301.2239
G1 X100.073 Y71.329 E301.2428
G1 X98.232 Y73.169 E301.3293
G1 X98.798 Y73.169 E301.3482
G1 X100.285 Y71.682 E301.4181
G0 F2400 X100.638 Y71.329
G1 F3000 E296.4181
G1 F900 Z4.700
G0 F4200 X106.162 Y73.160
G1 F900 Z4.400
G1 F1500 E301.4181
G1 F2400 X107.008 Y72.313 E301.4579
G1 X107.015 Y72.250 E301.4600
G1 X106.997 Y72.070 E301.4661
G1 X106.944 Y71.897 E301.4721
G1 X106.915 Y71.841 E301.4742
G1 X105.586 Y73.169 E301.5367
G1 X105.020 Y73.169 E301.5555
G1 X106.660 Y71.530 E301.6326
G1 X106.609 Y71.487 E301.6348
G1 X106.447 Y71.405 E301.6409
G1 X106.277 Y71.352 E301.6468
G1 X106.273 Y71.351 E301.6469
G1 X104.455 Y73.169 E301.7324
G1 X103.889 Y73.169 E301.7513
G1 X105.729 Y71.330 E301.8378
G1 X105.163 Y71.330 E301.8566
G1 X103.323 Y73.169 E301.9431
G1 X102.758 Y73.169 E301.9619
G1 X104.598 Y71.330 E302.0484
G1 X104.032 Y71.330 E302.0673
G1 X102.192 Y73.169 E302.1538
G1 X101.626 Y73.169 E302.1726
G1 X103.466 Y71.330 E302.2591
G1 X103.019 Y71.330 E302.2740
G1 X103.019 Y71.211 E302.2780
G1 X101.061 Y73.169 E302.3701
G1 X100.495 Y73.169 E302.3889
G1 X103.019 Y70.645 E302.5076
G1 X103.019 Y70.079 E302.5264
G1 X99.929 Y73.169 E302.6718
G1 X99.364 Y73.169 E302.6906
G1 X103.019 Y69.514 E302.8625
G1 X103.019 Y68.948 E302.8813
G1 X101.179 Y70.789 E302.9679
G1 X101.179 Y70.223 E302.9867
G1 X103.019 Y68.382 E303.0733
G1 X103.019 Y67.817 E303.0921
G1 X101.179 Y69.657 E303.1786
G1 X101.179 Y69.092 E303.1974
G1 X103.019 Y67.251 E303.2840
G1 X103.019 Y66.685 E303.3028
G1 X101.179 Y68.526 E303.3894
G1 X101.179 Y67.960 E303.4082
G1 X103.019 Y66.120 E303.4948
G1 X103.019 Y65.554 E303.5136
G1 X101.179 Y67.395 E303.6002
G1 X101.179 Y66.829 E303.6190
G1 X103.019 Y64.988 E303.7056
G1 X103.019 Y64.423 E303.7243
G1 X101.179 Y66.263 E303.8109
G1 X101.179 Y65.697 E303.8297
G1 X103.019 Y63.857 E303.9163
G1 X103.019 Y63.291 E303.9351
G1 X101.179 Y65.132 E304.0217
G1 X101.179 Y64.566 E304.0405
G1 X103.019 Y62.726 E304.1270
G1 X103.019 Y62.160 E304.1459
G1 X101.179 Y64.000 E304.2324
G1 X101.179 Y63.435 E304.2512
G1 X103.019 Y61.594 E304.3378
G1 X103.019 Y61.028 E304.3566
G1 X101.179 Y62.869 E304.4432
G1 X101.179 Y62.303 E304.4620
G1 X102.963 Y60.519 E304.5459
G1 X102.787 Y60.130 E304.5601
G1 X101.179 Y61.738 E304.6357
G1 X101.179 Y61.172 E304.6546
G1 X102.609 Y59.742 E304.7218
G1 X102.432 Y59.353 E304.7361
G1 X101.210 Y60.575 E304.7935
G1 X101.686 Y59.534 E304.8316
G1 X101.902 Y59.318 E304.8418
G0 F2400 X102.255 Y58.964
G0 F4200 X102.113 Y58.824
;TYPE:SOLID-FILL
;WIDTH:0.400
G1 F3000 X102.318 Y58.619 E304.8514
G1 F3000 E299.8514
G1 F900 Z4.700
G0 F4200 X100.555 Y71.129
G1 F900 Z4.400
G1 F1500 E304.8514
G1 F3000 X100.496 Y71.188 E304.8542
G1 F3000 E299.8542
G1 F900 Z4.700
G0 F4200 X90.733 Y73.424
;TYPE:WALL-INNER
;WIDTH:0.400
G1 F900 Z4.400
G1 F1500 E304.8542
G1 F2400 X90.470 Y73.450 E304.8630
G1 X82.530 Y73.450 E305.1271
G1 X82.267 Y73.424 E305.1358
G1 X82.042 Y73.356 E305.1437
G1 X81.835 Y73.246 E305.1515
G1 X81.653 Y73.097 E305.1593
G1 X81.504 Y72.915 E305.1671
G1 X81.394 Y72.708 E305.1749
G1 X81.326 Y72.483 E305.1827
G1 X81.303 Y72.250 E305.1905
G1 X81.326 Y72.017 E305.1983
G1 X81.394 Y71.792 E305.2061
G1 X81.504 Y71.585 E305.2139
G1 X81.653 Y71.403 E305.2217
G1 X81.835 Y71.254 E305.2296
G1 X82.042 Y71.144 E305.2374
G1 X82.267 Y71.076 E305.2452
G1 X82.530 Y71.050 E305.2540
G1 X85.300 Y71.050 E305.3461
G1 X85.300 Y60.581 E305.6943
G1 X86.265 Y58.471 E305.7715
G1 X86.388 Y58.375 E305.7767
G1 X86.442 Y58.358 E305.7785
G1 X86.558 Y58.358 E305.7824
G1 X86.664 Y58.403 E305.7862
G1 X86.763 Y58.521 E305.7913
G1 X87.700 Y60.580 E305.8666
G1 X87.700 Y71.050 E306.2148
G1 X90.471 Y71.050 E306.3070
G1 X90.732 Y71.076 E306.3157
G1 X90.959 Y71.145 E306.3236
G1 X91.165 Y71.254 E306.3314
G1 X91.347 Y71.403 E306.3392
G1 X91.496 Y71.585 E306.3470
G1 X91.606 Y71.792 E306.3548
G1 X91.674 Y72.017 E306.3626
G1 X91.697 Y72.250 E306.3704
G1 X91.674 Y72.483 E306.3782
G1 X91.606 Y72.708 E306.3860
G1 X91.496 Y72.915 E306.3938
G1 X91.347 Y73.097 E306.4016
G1 X91.189 Y73.227 E306.4084
G0 F2400 X91.165 Y73.246
G0 F2400 X90.958 Y73.356
G0 F2400 X90.733 Y73.424
G1 F3000 E301.4084
G0 F4200 X90.812 Y73.818
;TYPE:WALL-OUTER
;WIDTH:0.400
G1 F900 Z4.400
G1 F1500 E306.4084
G1 F1800 X90.490 Y73.850 E306.4192
G1 X82.510 Y73.850 E306.6846
G1 X82.188 Y73.818 E306.6954
G1 X81.888 Y73.727 E306.7058
G1 X81.612 Y73.580 E306.7162
G1 X81.369 Y73.381 E306.7266
G1 X81.170 Y73.138 E306.7371
G1 X81.023 Y72.862 E306.7475
G1 X80.932 Y72.562 E306.7579
G1 X80.901 Y72.250 E306.7683
G1 X80.932 Y71.938 E306.7788
G1 X81.023 Y71.638 E306.7892
G1 X81.170 Y71.362 E306.7996
G1 X81.369 Y71.119 E306.8100
G1 X81.612 Y70.920 E306.8205
G1 X81.888 Y70.773 E306.8309
G1 X82.188 Y70.682 E306.8413
G1 X82.510 Y70.650 E306.8521
G1 X84.900 Y70.650 E306.9316
G1 X84.900 Y60.494 E307.2694
G1 X85.923 Y58.257 E307.3512
G1 X86.006 Y58.156 E307.3555
G1 X86.112 Y58.069 E307.3601
G1 X86.233 Y58.004 E307.3647
G1 X86.363 Y57.964 E307.3692
G1 X86.500 Y57.951 E307.3738
G1 X86.637 Y57.964 E307.3783
G1 X86.767 Y58.004 E307.3829
G1 X86.888 Y58.069 E307.3874
G1 X86.989 Y58.152 E307.3918
G1 X87.110 Y58.318 E307.3986
G1 X88.100 Y60.493 E307.4781
G1 X88.100 Y70.650 E307.8159
G1 X90.491 Y70.650 E307.8954
G1 X90.811 Y70.682 E307.9061
G1 X91.112 Y70.773 E307.9166
G1 X91.388 Y70.920 E307.9270
G1 X91.631 Y71.119 E307.9374
G1 X91.830 Y71.362 E307.9479
G1 X91.977 Y71.638 E307.9583
G1 X92.068 Y71.938 E307.9687
G1 X92.099 Y72.250 E307.9791
G1 X92.068 Y72.562 E307.9896
G1 X91.977 Y72.862 E308.0000
G1 X91.830 Y73.138 E308.0104
G1 X91.631 Y73.381 E308.0208
G1 X91.388 Y73.580 E308.0313
G1 X91.277 Y73.639 E308.0355
G0 F1800 X91.112 Y73.727
G0 F1800 X90.812 Y73.818
G1 F3000 E303.0355
G0 F4200 X90.313 Y73.169
;TYPE:SOLID-FILL
;WIDTH:0.400
G1 F900 Z4.400
G1 F1500 E308.0355
G1 F2400 X91.398 Y72.084 E308.0865
G1 X91.397 Y72.071 E308.0869
G1 X91.344 Y71.897 E308.0930
G1 X91.264 Y71.743 E308.0988
G1 X91.223 Y71.694 E308.1009
G1 X89.747 Y73.169 E308.1703
G1 X89.181 Y73.169 E308.1891
G1 X90.913 Y71.438 E308.2706
G1 X90.847 Y71.405 E308.2730
G1 X90.677 Y71.352 E308.2789
G1 X90.455 Y71.330 E308.2864
G1 X88.616 Y73.169 E308.3729
G1 X88.050 Y73.169 E308.3917
G1 X89.890 Y71.330 E308.4782
G1 X89.324 Y71.330 E308.4970
G1 X87.484 Y73.169 E308.5836
G1 X86.918 Y73.169 E308.6024
G1 X88.758 Y71.330 E308.6889
G1 X88.193 Y71.330 E308.7077
G1 X86.353 Y73.169 E308.7942
G1 X85.787 Y73.169 E308.8131
G1 X87.627 Y71.330 E308.8996
G1 X87.419 Y71.330 E308.9065
G1 X87.419 Y70.972 E308.9184
G1 X85.221 Y73.169 E309.0218
G1 X84.656 Y73.169 E309.0406
G1 X87.419 Y70.406 E309.1705
G1 X87.419 Y69.840 E309.1893
G1 X84.090 Y73.169 E309.3459
G1 X83.524 Y73.169 E309.3648
G1 X85.364 Y71.330 E309.4513
G1 X84.799 Y71.330 E309.4701
G1 X82.959 Y73.169 E309.5566
G1 X82.543 Y73.169 E309.5704
G1 X82.406 Y73.157 E309.5750
G1 X84.233 Y71.330 E309.6609
G1 X83.667 Y71.330 E309.6798
G1 X81.986 Y73.010 E309.7588
G1 X81.851 Y72.897 E309.7647
G1 X81.734 Y72.757 E309.7707
G1 X81.714 Y72.717 E309.7722
G1 X83.102 Y71.330 E309.8375
G1 X82.543 Y71.330 E309.8561
G1 X82.535 Y71.330 E309.8563
G1 X81.940 Y71.926 E309.8844
G0 F2400 X81.587 Y72.279
G1 F3000 E304.8844
G1 F900 Z4.700
G0 F4200 X85.579 Y71.115
G1 F900 Z4.400
G1 F1500 E309.8844
G1 F2400 X87.419 Y69.275 E309.9709
G1 X87.419 Y68.709 E309.9897
G1 X85.579 Y70.549 E310.0763
G1 X85.579 Y69.983 E310.0951
G1 X87.419 Y68.143 E310.1817
G1 X87.419 Y67.578 E310.2004
G1 X85.579 Y69.418 E310.2870
G1 X85.579 Y68.852 E310.3058
G1 X87.419 Y67.012 E310.3924
G1 X87.419 Y66.446 E310.4112
G1 X85.579 Y68.286 E310.4977
G1 X85.579 Y67.721 E310.5165
G1 X87.419 Y65.881 E310.6031
G1 X87.419 Y65.315 E310.6219
G1 X85.579 Y67.155 E310.7085
G1 X85.579 Y66.589 E310.7273
G1 X87.419 Y64.749 E310.8138
G1 X87.419 Y64.184 E310.8326
G1 X85.579 Y66.023 E310.9191
G1 X85.579 Y65.458 E310.9379
G1 X87.419 Y63.618 E311.0245
G1 X87.419 Y63.052 E311.0433
G1 X85.579 Y64.892 E311.1299
G1 X85.579 Y64.326 E311.1487
G1 X87.419 Y62.487 E311.2352
G1 X87.419 Y61.921 E311.2540
G1 X85.579 Y63.761 E311.3406
G1 X85.579 Y63.195 E311.3594
G1 X87.419 Y61.355 E311.4460
G1 X87.419 Y60.789 E311.4648
G1 X85.579 Y62.629 E311.5513
G1 X85.579 Y62.064 E311.5701
G1 X87.288 Y60.355 E311.6505
G1 X87.112 Y59.966 E311.6647
G1 X85.579 Y61.498 E311.7368
G1 X85.579 Y60.932 E311.7556
G1 X86.934 Y59.577 E311.8193
G1 X86.757 Y59.189 E311.8335
G1 X85.812 Y60.134 E311.8780
G1 X86.252 Y59.172 E311.9132
G0 F2400 X86.288 Y59.092
G0 F2400 X86.580 Y58.800
G1 F3000 E306.9132
G1 F900 Z4.700
G0 F4200 X81.445 Y72.137
;TYPE:SOLID-FILL
;WIDTH:0.400
G1 F900 Z4.400
G1 F1500 E311.9132
G1 F3000 X81.387 Y72.195 E311.9159
G1 F3000 E306.9159
G1 F900 Z4.700
G0 F4200 X90.395 Y73.370
G1 F900 Z4.400
G1 F1500 E311.9159
G1 F3000 X90.454 Y73.311 E311.9187
;LAYER:22
;Z:4.600
;HEIGHT:0.200
G0 F900 Z4.600
G0 F4200 X90.733 Y73.424
;TYPE:WALL-INNER
;WIDTH:0.400
G1 F2400 X90.470 Y73.450 E311.9275
G1 X82.530 Y73.450 E312.1915
G1 X82.267 Y73.424 E312.2003
G1 X82.042 Y73.356 E312.2082
G1 X81.835 Y73.246 E312.2159
G1 X81.653 Y73.097 E312.2238
G1 X81.504 Y72.915 E312.2316
G1 X81.394 Y72.708 E312.2394
G1 X81.326 Y72.483 E312.2472
G1 X81.303 Y72.250 E312.2550
G1 X81.326 Y72.017 E312.2628
G1 X81.394 Y71.792 E312.2706
G1 X81.504 Y71.585 E312.2784
G1 X81.653 Y71.403 E312.2862
G1 X81.835 Y71.254 E312.2940
G1 X82.042 Y71.144 E312.3018
G1 X82.267 Y71.076 E312.3097
G1 X82.530 Y71.050 E312.3184
G1 X85.300 Y71.050 E312.4106
G1 X85.300 Y60.581 E312.7588
G1 X86.265 Y58.471 E312.8360
G1 X86.388 Y58.375 E312.8411
G1 X86.442 Y58.358 E312.8430
G1 X86.558 Y58.358 E312.8469
G1 X86.665 Y58.403 E312.8507
G1 X86.762 Y58.518 E312.8557
G1 X87.700 Y60.580 E312.9311
G1 X87.700 Y71.050 E313.2793
G1 X90.470 Y71.050 E313.3715
G1 X90.733 Y71.076 E313.3802
G1 X90.958 Y71.144 E313.3881
G1 X91.165 Y71.254 E313.3959
G1 X91.347 Y71.403 E313.4037
G1 X91.496 Y71.585 E313.4115
G1 X91.606 Y71.792 E313.4193
G1 X91.674 Y72.017 E313.4271
G1 X91.697 Y72.250 E313.4349
G1 X91.674 Y72.483 E313.4427
G1 X91.606 Y72.708 E313.4505
G1 X91.496 Y72.915 E313.4583
G1 X91.347 Y73.097 E313.4661
G1 X91.189 Y73.227 E313.4729
G0 F2400 X91.165 Y73.246
G0 F2400 X90.958 Y73.356
G0 F2400 X90.733 Y73.424
G1 F3000 E308.4729
G0 F4200 X90.812 Y73.818
;TYPE:WALL-OUTER
;WIDTH:0.400
G1 F900 Z4.600
G1 F1500 E313.4729
G1 F1800 X90.490 Y73.850 E313.4837
G1 X82.510 Y73.850 E313.7491
G1 X82.188 Y73.818 E313.7599
G1 X81.888 Y73.727 E313.7703
G1 X81.612 Y73.580 E313.7807
G1 X81.369 Y73.381 E313.7912
G1 X81.170 Y73.138 E313.8016
G1 X81.023 Y72.862 E313.8120
G1 X80.932 Y72.562 E313.8224
G1 X80.901 Y72.250 E313.8329
G1 X80.932 Y71.938 E313.8433
G1 X81.023 Y71.638 E313.8537
G1 X81.170 Y71.362 E313.8641
G1 X81.369 Y71.119 E313.8746
G1 X81.612 Y70.920 E313.8850
G1 X81.888 Y70.773 E313.8954
G1 X82.188 Y70.682 E313.9058
G1 X82.510 Y70.650 E313.9166
G1 X84.900 Y70.650 E313.9961
G1 X84.900 Y60.494 E314.3339
G1 X85.923 Y58.257 E314.4157
G1 X86.006 Y58.156 E314.4200
G1 X86.112 Y58.069 E314.4246
G1 X86.233 Y58.004 E314.4292
G1 X86.363 Y57.964 E314.4337
G1 X86.500 Y57.951 E314.4383
G1 X86.637 Y57.964 E314.4428
G1 X86.767 Y58.004 E314.4474
G1 X86.888 Y58.069 E314.4519
G1 X86.990 Y58.152 E314.4563
G1 X87.109 Y58.315 E314.4630
G1 X88.100 Y60.493 E314.5426
G1 X88.100 Y70.650 E314.8804
G1 X90.490 Y70.650 E314.9599
G1 X90.812 Y70.682 E314.9707
G1 X91.112 Y70.773 E314.9811
G1 X91.388 Y70.920 E314.9915
G1 X91.631 Y71.119 E315.0020
G1 X91.830 Y71.362 E315.0124
G1 X91.977 Y71.638 E315.0228
G1 X92.068 Y71.938 E315.0332
G1 X92.099 Y72.250 E315.0437
G1 X92.068 Y72.562 E315.0541
G1 X91.977 Y72.862 E315.0645
G1 X91.830 Y73.138 E315.0749
G1 X91.631 Y73.381 E315.0854
G1 X91.388 Y73.580 E315.0958
G1 X91.277 Y73.639 E315.1000
G0 F1800 X91.112 Y73.727
G0 F1800 X90.812 Y73.818
G1 F3000 E310.1000
G0 F4200 X90.575 Y71.342
;TYPE:SOLID-FILL
;WIDTH:0.400
G1 F900 Z4.600
G1 F1500 E315.1000
G1 F2400 X91.408 Y72.175 E315.1392
G1 X91.415 Y72.250 E315.1417
G1 X91.397 Y72.428 E315.1476
G1 X91.344 Y72.602 E315.1537
G1 X91.319 Y72.651 E315.1555
G1 X89.997 Y71.330 E315.2177
G1 X89.432 Y71.330 E315.2365
G1 X91.066 Y72.964 E315.3133
G1 X91.006 Y73.015 E315.3159
G1 X90.851 Y73.095 E315.3217
G1 X90.682 Y73.146 E315.3276
G1 X88.866 Y71.330 E315.4130
G1 X88.300 Y71.330 E315.4319
G1 X90.140 Y73.169 E315.5184
G1 X89.574 Y73.169 E315.5372
G1 X88.087 Y71.683 E315.6071
G0 F2400 X87.734 Y71.330
G1 F3000 E310.6071
G1 F900 Z4.900
G0 F4200 X82.146 Y73.095
G1 F900 Z4.600
G1 F1500 E315.6071
G1 F2400 X81.653 Y72.602 E315.6303
G1 X81.601 Y72.428 E315.6364
G1 X81.583 Y72.250 E315.6423
G1 X81.601 Y72.071 E315.6483
G1 X81.621 Y72.004 E315.6506
G1 X82.786 Y73.169 E315.7054
G1 X83.352 Y73.169 E315.7242
G1 X81.820 Y71.638 E315.7963
G1 X81.851 Y71.602 E315.7979
G1 X81.992 Y71.484 E315.8040
G1 X82.146 Y71.405 E315.8097
G1 X82.151 Y71.403 E315.8099
G1 X83.918 Y73.169 E315.8930
G1 X84.483 Y73.169 E315.9118
G1 X82.643 Y71.330 E315.9983
G1 X83.209 Y71.330 E316.0171
G1 X85.049 Y73.169 E316.1037
G1 X85.615 Y73.169 E316.1225
G1 X83.775 Y71.330 E316.2090
G1 X84.340 Y71.330 E316.2278
G1 X86.180 Y73.169 E316.3143
G1 X86.746 Y73.169 E316.3332
G1 X84.906 Y71.330 E316.4197
G1 X85.472 Y71.330 E316.4385
G1 X87.312 Y73.169 E316.5250
G1 X87.877 Y73.169 E316.5438
G1 X85.579 Y70.871 E316.6519
G1 X85.579 Y70.306 E316.6707
G1 X88.443 Y73.169 E316.8054
G1 X89.009 Y73.169 E316.8242
G1 X85.579 Y69.740 E316.9855
G1 X85.579 Y69.174 E317.0044
G1 X87.419 Y71.014 E317.0909
G1 X87.419 Y70.449 E317.1097
G1 X85.579 Y68.609 E317.1962
G1 X85.579 Y68.043 E317.2151
G1 X87.419 Y69.883 E317.3016
G1 X87.419 Y69.317 E317.3204
G1 X85.579 Y67.477 E317.4070
G1 X85.579 Y66.912 E317.4258
G1 X87.419 Y68.751 E317.5123
G1 X87.419 Y68.186 E317.5311
G1 X85.579 Y66.346 E317.6176
G1 X85.579 Y65.780 E317.6365
G1 X87.419 Y67.620 E317.7230
G1 X87.419 Y67.054 E317.7418
G1 X85.579 Y65.215 E317.8284
G1 X85.579 Y64.649 E317.8472
G1 X87.419 Y66.489 E317.9337
G1 X87.419 Y65.923 E317.9526
G1 X85.579 Y64.083 E318.0391
G1 X85.579 Y63.517 E318.0579
G1 X87.419 Y65.357 E318.1445
G1 X87.419 Y64.792 E318.1633
G1 X85.579 Y62.952 E318.2498
G1 X85.579 Y62.386 E318.2687
G1 X87.419 Y64.226 E318.3552
G1 X87.419 Y63.660 E318.3740
G1 X85.579 Y61.820 E318.4606
G1 X85.579 Y61.255 E318.4794
G1 X87.419 Y63.095 E318.5659
G1 X87.419 Y62.529 E318.5847
G1 X85.579 Y60.689 E318.6713
G1 X85.579 Y60.642 E318.6729
G1 X85.742 Y60.286 E318.6859
G1 X87.419 Y61.963 E318.7648
G1 X87.419 Y61.398 E318.7836
G1 X85.919 Y59.897 E318.8541
G1 X86.096 Y59.509 E318.8683
G1 X87.419 Y60.832 E318.9305
G1 X87.419 Y60.640 E318.9369
G1 X87.107 Y59.954 E318.9620
G1 X86.627 Y59.474 E318.9846
G0 F2400 X86.274 Y59.121
G0 F4200 X86.633 Y58.914
G1 F2400 X86.513 Y58.794 E318.9902
G1 X86.424 Y58.793 E318.9932
G1 F3000 E313.9932
G1 F900 Z4.900
G0 F4200 X98.130 Y73.450
;TYPE:WALL-INNER
;WIDTH:0.400
G1 F900 Z4.600
G1 F1500 E318.9932
G1 F2400 X97.867 Y73.424 E319.0020
G1 X97.642 Y73.356 E319.0098
G1 X97.435 Y73.246 E319.0176
G1 X97.253 Y73.097 E319.0254
G1 X97.104 Y72.915 E319.0332
G1 X96.994 Y72.708 E319.0410
G1 X96.926 Y72.483 E319.0488
G1 X96.903 Y72.250 E319.0566
G1 X96.926 Y72.017 E319.0644
G1 X96.994 Y71.792 E319.0722
G1 X97.104 Y71.585 E319.0800
G1 X97.253 Y71.403 E319.0879
G1 X97.435 Y71.254 E319.0957
G1 X97.642 Y71.144 E319.1035
G1 X97.867 Y71.076 E319.1113
G1 X98.130 Y71.050 E319.1201
G1 X100.900 Y71.050 E319.2122
G1 X100.900 Y60.581 E319.5604
G1 X101.865 Y58.471 E319.6376
G1 X101.988 Y58.375 E319.6428
G1 X102.042 Y58.358 E319.6447
G1 X102.158 Y58.358 E319.6485
G1 X102.265 Y58.403 E319.6524
G1 X102.362 Y58.518 E319.6574
G1 X103.300 Y60.580 E319.7327
G1 X103.300 Y71.050 E320.0810
G1 X106.070 Y71.050 E320.1731
G1 X106.333 Y71.076 E320.1819
G1 X106.558 Y71.144 E320.1897
G1 X106.765 Y71.254 E320.1975
G1 X106.947 Y71.403 E320.2053
G1 X107.096 Y71.585 E320.2131
G1 X107.206 Y71.792 E320.2209
G1 X107.274 Y72.017 E320.2288
G1 X107.297 Y72.250 E320.2365
G1 X107.274 Y72.483 E320.2443
G1 X107.206 Y72.708 E320.2521
G1 X107.096 Y72.915 E320.2599
G1 X106.947 Y73.097 E320.2678
G1 X106.765 Y73.246 E320.2756
G1 X106.558 Y73.356 E320.2834
G1 X106.333 Y73.424 E320.2912
G1 X106.070 Y73.450 E320.3000
G1 X98.630 Y73.450 E320.5474
G0 F2400 X98.130 Y73.450
G1 F3000 E315.5474
G0 F4200 X98.110 Y73.850
;TYPE:WALL-OUTER
;WIDTH:0.400
G1 F900 Z4.600
G1 F1500 E320.5474
G1 F1800 X97.788 Y73.818 E320.5582
G1 X97.488 Y73.727 E320.5686
G1 X97.212 Y73.580 E320.5790
G1 X96.969 Y73.381 E320.5895
G1 X96.770 Y73.138 E320.5999
G1 X96.623 Y72.862 E320.6103
G1 X96.532 Y72.562 E320.6208
G1 X96.501 Y72.250 E320.6312
G1 X96.532 Y71.938 E320.6416
G1 X96.623 Y71.638 E320.6520
G1 X96.770 Y71.362 E320.6624
G1 X96.969 Y71.119 E320.6729
G1 X97.212 Y70.920 E320.6833
G1 X97.488 Y70.773 E320.6937
G1 X97.788 Y70.682 E320.7042
G1 X98.110 Y70.650 E320.7149
G1 X100.500 Y70.650 E320.7944
G1 X100.500 Y60.494 E321.1322
G1 X101.523 Y58.257 E321.2140
G1 X101.606 Y58.156 E321.2184
G1 X101.712 Y58.069 E321.2229
G1 X101.833 Y58.004 E321.2275
G1 X101.963 Y57.964 E321.2320
G1 X102.100 Y57.951 E321.2366
G1 X102.237 Y57.964 E321.2412
G1 X102.367 Y58.004 E321.2457
G1 X102.488 Y58.069 E321.2503
G1 X102.590 Y58.152 E321.2546
G1 X102.709 Y58.315 E321.2614
G1 X103.700 Y60.493 E321.3409
G1 X103.700 Y70.650 E321.6788
G1 X106.090 Y70.650 E321.7583
G1 X106.412 Y70.682 E321.7690
G1 X106.712 Y70.773 E321.7794
G1 X106.988 Y70.920 E321.7898
G1 X107.231 Y71.119 E321.8003
G1 X107.430 Y71.362 E321.8107
G1 X107.577 Y71.638 E321.8211
G1 X107.668 Y71.938 E321.8316
G1 X107.699 Y72.250 E321.8420
G1 X107.668 Y72.562 E321.8524
G1 X107.577 Y72.862 E321.8629
G1 X107.430 Y73.138 E321.8733
G1 X107.231 Y73.381 E321.8837
G1 X106.988 Y73.580 E321.8941
G1 X106.712 Y73.727 E321.9045
G1 X106.412 Y73.818 E321.9150
G1 X106.090 Y73.850 E321.9257
G1 X98.610 Y73.850 E322.1745
G0 F1800 X98.110 Y73.850
G1 F3000 E317.1745
G0 F4200 X98.050 Y73.160
;TYPE:SOLID-FILL
;WIDTH:0.400
G1 F900 Z4.600
G1 F1500 E322.1745
G1 F2400 X97.188 Y72.298 E322.2151
G1 X97.183 Y72.249 E322.2167
G1 X97.201 Y72.071 E322.2227
G1 X97.254 Y71.897 E322.2287
G1 X97.287 Y71.832 E322.2311
G1 X98.625 Y73.169 E322.2940
G1 X99.191 Y73.169 E322.3129
G1 X97.546 Y71.524 E322.3902
G1 X97.592 Y71.484 E322.3923
G1 X97.746 Y71.405 E322.3980
G1 X97.920 Y71.352 E322.4041
G1 X97.937 Y71.350 E322.4046
G1 X99.757 Y73.169 E322.4902
G1 X100.322 Y73.169 E322.5090
G1 X98.483 Y71.330 E322.5955
G1 X99.048 Y71.330 E322.6143
G1 X100.888 Y73.169 E322.7008
G1 X101.454 Y73.169 E322.7197
G1 X99.614 Y71.330 E322.8062
G1 X100.180 Y71.330 E322.8250
G1 X102.019 Y73.169 E322.9115
G1 X102.585 Y73.169 E322.9303
G1 X100.745 Y71.330 E323.0169
G1 X101.179 Y71.329 E323.0313
G1 X101.179 Y71.197 E323.0357
G1 X103.151 Y73.169 E323.1284
G1 X103.717 Y73.169 E323.1473
G1 X101.179 Y70.632 E323.2666
G1 X101.179 Y70.066 E323.2855
G1 X104.282 Y73.169 E323.4314
G1 X104.848 Y73.169 E323.4502
G1 X101.179 Y69.500 E323.6228
G1 X101.179 Y68.935 E323.6416
G1 X103.019 Y70.775 E323.7282
G1 X103.019 Y70.210 E323.7469
G1 X101.179 Y68.369 E323.8335
G1 X101.179 Y67.803 E323.8523
G1 X103.019 Y69.644 E323.9389
G1 X103.019 Y69.078 E323.9577
G1 X101.179 Y67.238 E324.0443
G1 X101.179 Y66.672 E324.0631
G1 X103.019 Y68.512 E324.1497
G1 X103.019 Y67.947 E324.1685
G1 X101.179 Y66.106 E324.2550
G1 X101.179 Y65.541 E324.2738
G1 X103.019 Y67.381 E324.3604
G1 X103.019 Y66.815 E324.3792
G1 X101.179 Y64.975 E324.4657
G1 X101.179 Y64.409 E324.4846
G1 X103.019 Y66.250 E324.5711
G1 X103.019 Y65.684 E324.5900
G1 X101.179 Y63.843 E324.6765
G1 X101.179 Y63.278 E324.6953
G1 X103.019 Y65.118 E324.7819
G1 X103.019 Y64.553 E324.8007
G1 X101.179 Y62.712 E324.8872
G1 X101.179 Y62.146 E324.9061
G1 X103.019 Y63.987 E324.9926
G1 X103.019 Y63.421 E325.0115
G1 X101.179 Y61.581 E325.0980
G1 X101.179 Y61.015 E325.1168
G1 X103.019 Y62.856 E325.2034
G1 X103.019 Y62.290 E325.2222
G1 X101.239 Y60.509 E325.3060
G1 X101.416 Y60.121 E325.3202
G1 X103.019 Y61.724 E325.3956
G1 X103.019 Y61.159 E325.4144
G1 X101.594 Y59.733 E325.4814
G1 X101.771 Y59.345 E325.4956
G1 X102.980 Y60.554 E325.5525
G1 X102.507 Y59.515 E325.5904
G1 X102.302 Y59.310 E325.6001
G0 F2400 X101.949 Y58.957
G1 F3000 E320.6001
G1 F900 Z4.900
G0 F4200 X103.574 Y71.330
G1 F900 Z4.600
G1 F1500 E325.6001
G1 F2400 X105.414 Y73.169 E325.6866
G1 X105.979 Y73.169 E325.7054
G1 X104.139 Y71.330 E325.7919
G1 X104.705 Y71.330 E325.8107
G1 X106.464 Y73.088 E325.8934
G1 X106.606 Y73.014 E325.8988
G1 X106.746 Y72.897 E325.9048
G1 X106.788 Y72.847 E325.9070
G1 X105.271 Y71.330 E325.9784
G1 X105.836 Y71.330 E325.9972
G1 X106.983 Y72.476 E326.0511
G1 X106.997 Y72.429 E326.0527
G1 X107.015 Y72.250 E326.0587
G1 X106.997 Y72.070 E326.0647
G1 X106.944 Y71.897 E326.0707
G1 X106.917 Y71.844 E326.0727
G1 X106.858 Y71.785 E326.0755
G0 F2400 X106.505 Y71.432
G1 F3000 E321.0755
G1 F900 Z4.900
G0 F4200 X103.715 Y71.188
;TYPE:SOLID-FILL
;WIDTH:0.400
G1 F900 Z4.600
G1 F1500 E326.0755
G1 F3000 X103.656 Y71.129 E326.0783
G1 F3000 E321.0783
G1 F900 Z4.900
G0 F4200 X102.089 Y58.815
G1 F900 Z4.600
G1 F1500 E326.0783
G1 F3000 X101.887 Y58.612 E326.0878
;LAYER:23
;Z:4.800
;HEIGHT:0.200
G1 F3000 E321.0878
G0 F900 Z4.800
G0 F4200 X98.130 Y73.450
;TYPE:WALL-INNER
;WIDTH:0.400
G1 F900 Z4.800
G1 F1500 E326.0878
G1 F2400 X97.867 Y73.424 E326.0966
G1 X97.642 Y73.356 E326.1044
G1 X97.435 Y73.246 E326.1122
G1 X97.253 Y73.097 E326.1200
G1 X97.104 Y72.915 E326.1278
G1 X96.994 Y72.708 E326.1356
G1 X96.926 Y72.483 E326.1435
G1 X96.903 Y72.250 E326.1512
G1 X96.926 Y72.017 E326.1590
G1 X96.994 Y71.792 E326.1668
G1 X97.104 Y71.585 E326.1746
G1 X97.253 Y71.403 E326.1825
G1 X97.435 Y71.254 E326.1903
G1 X97.642 Y71.144 E326.1981
G1 X97.867 Y71.076 E326.2059
G1 X98.130 Y71.050 E326.2147
G1 X100.900 Y71.050 E326.3068
G1 X100.900 Y60.581 E326.6550
G1 X101.865 Y58.471 E326.7322
G1 X101.988 Y58.375 E326.7374
G1 X102.042 Y58.358 E326.7393
G1 X102.158 Y58.358 E326.7431
G1 X102.265 Y58.403 E326.7470
G1 X102.359 Y58.514 E326.7518
G1 X103.300 Y60.580 E326.8273
G1 X103.300 Y71.050 E327.1756
G1 X106.070 Y71.050 E327.2677
G1 X106.333 Y71.076 E327.2765
G1 X106.558 Y71.144 E327.2843
G1 X106.765 Y71.254 E327.2921
G1 X106.947 Y71.403 E327.2999
G1 X107.096 Y71.585 E327.3077
G1 X107.206 Y71.792 E327.3155
G1 X107.274 Y72.017 E327.3234
G1 X107.297 Y72.250 E327.3312
G1 X107.274 Y72.483 E327.3389
G1 X107.206 Y72.708 E327.3468
G1 X107.096 Y72.915 E327.3546
G1 X106.947 Y73.097 E327.3624
G1 X106.765 Y73.246 E327.3702
G1 X106.558 Y73.356 E327.3780
G1 X106.333 Y73.424 E327.3858
G1 X106.070 Y73.450 E327.3946
G1 X98.630 Y73.450 E327.6421
G0 F2400 X98.130 Y73.450
G1 F3000 E322.6421
G0 F4200 X98.110 Y73.850
;TYPE:WALL-OUTER
;WIDTH:0.400
G1 F900 Z4.800
G1 F1500 E327.6421
G1 F1800 X97.788 Y73.818 E327.6528
G1 X97.488 Y73.727 E327.6632
G1 X97.212 Y73.580 E327.6736
G1 X96.969 Y73.381 E327.6841
G1 X96.770 Y73.138 E327.6945
G1 X96.623 Y72.862 E327.7049
G1 X96.532 Y72.562 E327.7154
G1 X96.501 Y72.250 E327.7258
G1 X96.532 Y71.938 E327.7362
G1 X96.623 Y71.638 E327.7467
G1 X96.770 Y71.362 E327.7571
G1 X96.969 Y71.119 E327.7675
G1 X97.212 Y70.920 E327.7779
G1 X97.488 Y70.773 E327.7883
G1 X97.788 Y70.682 E327.7988
G1 X98.110 Y70.650 E327.8095
G1 X100.500 Y70.650 E327.8890
G1 X100.500 Y60.494 E328.2268
G1 X101.523 Y58.257 E328.3086
G1 X101.606 Y58.156 E328.3130
G1 X101.712 Y58.069 E328.3175
G1 X101.833 Y58.004 E328.3221
G1 X101.963 Y57.964 E328.3266
G1 X102.100 Y57.951 E328.3312
G1 X102.237 Y57.964 E328.3358
G1 X102.367 Y58.004 E328.3403
G1 X102.488 Y58.069 E328.3449
G1 X102.590 Y58.152 E328.3493
G1 X102.706 Y58.311 E328.3558
G1 X103.700 Y60.493 E328.4355
G1 X103.700 Y70.650 E328.7734
G1 X106.090 Y70.650 E328.8529
G1 X106.412 Y70.682 E328.8636
G1 X106.712 Y70.773 E328.8741
G1 X106.988 Y70.920 E328.8845
G1 X107.231 Y71.119 E328.8949
G1 X107.430 Y71.362 E328.9053
G1 X107.577 Y71.638 E328.9157
G1 X107.668 Y71.938 E328.9262
G1 X107.699 Y72.250 E328.9366
G1 X107.668 Y72.562 E328.9470
G1 X107.577 Y72.862 E328.9575
G1 X107.430 Y73.138 E328.9679
G1 X107.231 Y73.381 E328.9783
G1 X106.988 Y73.580 E328.9888
G1 X106.712 Y73.727 E328.9992
G1 X106.412 Y73.818 E329.0096
G1 X106.090 Y73.850 E329.0203
G1 X98.610 Y73.850 E329.2691
G0 F1800 X98.110 Y73.850
G1 F3000 E324.2691
G0 F4200 X97.722 Y71.417
;TYPE:SOLID-FILL
;WIDTH:0.400
G1 F900 Z4.800
G1 F1500 E329.2691
G1 F2400 X97.266 Y71.873 E329.2906
G1 X97.254 Y71.897 E329.2915
G1 X97.201 Y72.071 E329.2975
G1 X97.183 Y72.249 E329.3035
G1 X97.201 Y72.428 E329.3095
G1 X97.219 Y72.486 E329.3115
G1 X98.376 Y71.329 E329.3659
G1 X98.941 Y71.329 E329.3847
G1 X97.416 Y72.854 E329.4564
G1 X97.451 Y72.897 E329.4583
G1 X97.592 Y73.015 E329.4644
G1 X97.743 Y73.093 E329.4700
G1 X99.507 Y71.329 E329.5530
G1 X100.073 Y71.329 E329.5718
G1 X98.232 Y73.169 E329.6584
G1 X98.798 Y73.169 E329.6772
G1 X100.285 Y71.682 E329.7472
G0 F2400 X100.638 Y71.329
G1 F3000 E324.7472
G1 F900 Z5.100
G0 F4200 X106.162 Y73.160
G1 F900 Z4.800
G1 F1500 E329.7472
G1 F2400 X107.008 Y72.313 E329.7870
G1 X107.015 Y72.250 E329.7891
G1 X106.997 Y72.070 E329.7951
G1 X106.944 Y71.897 E329.8011
G1 X106.915 Y71.841 E329.8032
G1 X105.586 Y73.169 E329.8657
G1 X105.020 Y73.169 E329.8845
G1 X106.661 Y71.529 E329.9617
G1 X106.606 Y71.484 E329.9641
G1 X106.452 Y71.405 E329.9698
G1 X106.278 Y71.352 E329.9759
G1 X106.273 Y71.351 E329.9760
G1 X104.455 Y73.169 E330.0616
G1 X103.889 Y73.169 E330.0804
G1 X105.729 Y71.330 E330.1669
G1 X105.163 Y71.330 E330.1857
G1 X103.323 Y73.169 E330.2723
G1 X102.758 Y73.169 E330.2910
G1 X104.598 Y71.330 E330.3776
G1 X104.032 Y71.330 E330.3964
G1 X102.192 Y73.169 E330.4829
G1 X101.626 Y73.169 E330.5017
G1 X103.466 Y71.330 E330.5883
G1 X103.019 Y71.330 E330.6031
G1 X103.019 Y71.211 E330.6071
G1 X101.061 Y73.169 E330.6992
G1 X100.495 Y73.169 E330.7180
G1 X103.019 Y70.645 E330.8367
G1 X103.019 Y70.079 E330.8556
G1 X99.929 Y73.169 E331.0009
G1 X99.364 Y73.169 E331.0197
G1 X103.019 Y69.514 E331.1916
G1 X103.019 Y68.948 E331.2104
G1 X101.179 Y70.789 E331.2970
G1 X101.179 Y70.223 E331.3158
G1 X103.019 Y68.382 E331.4024
G1 X103.019 Y67.817 E331.4212
G1 X101.179 Y69.657 E331.5078
G1 X101.179 Y69.092 E331.5265
G1 X103.019 Y67.251 E331.6131
G1 X103.019 Y66.685 E331.6319
G1 X101.179 Y68.526 E331.7185
G1 X101.179 Y67.960 E331.7373
G1 X103.019 Y66.120 E331.8239
G1 X103.019 Y65.554 E331.8427
G1 X101.179 Y67.395 E331.9293
G1 X101.179 Y66.829 E331.9481
G1 X103.019 Y64.988 E332.0347
G1 X103.019 Y64.423 E332.0535
G1 X101.179 Y66.263 E332.1400
G1 X101.179 Y65.697 E332.1588
G1 X103.019 Y63.857 E332.2454
G1 X103.019 Y63.291 E332.2642
G1 X101.179 Y65.132 E332.3508
G1 X101.179 Y64.566 E332.3696
G1 X103.019 Y62.726 E332.4562
G1 X103.019 Y62.160 E332.4750
G1 X101.179 Y64.000 E332.5615
G1 X101.179 Y63.435 E332.5803
G1 X103.019 Y61.594 E332.6669
G1 X103.019 Y61.028 E332.6857
G1 X101.179 Y62.869 E332.7723
G1 X101.179 Y62.303 E332.7911
G1 X102.963 Y60.519 E332.8750
G1 X102.787 Y60.130 E332.8892
G1 X101.179 Y61.738 E332.9649
G1 X101.179 Y61.172 E332.9837
G1 X102.609 Y59.742 E333.0510
G1 X102.432 Y59.353 E333.0652
G1 X101.210 Y60.575 E333.1227
G1 X101.686 Y59.534 E333.1607
G1 X101.902 Y59.318 E333.1709
G0 F2400 X102.255 Y58.964
G0 F4200 X102.113 Y58.824
;TYPE:SOLID-FILL
;WIDTH:0.400
G1 F3000 X102.317 Y58.619 E333.1805
G1 F3000 E328.1805
G1 F900 Z5.100
G0 F4200 X100.555 Y71.129
G1 F900 Z4.800
G1 F1500 E333.1805
G1 F3000 X100.496 Y71.188 E333.1833
G1 F3000 E328.1833
G1 F900 Z5.100
G0 F4200 X90.733 Y73.424
;TYPE:WALL-INNER
;WIDTH:0.400
G1 F900 Z4.800
G1 F1500 E333.1833
G1 F2400 X90.470 Y73.450 E333.1921
G1 X82.530 Y73.450 E333.4562
G1 X82.267 Y73.424 E333.4649
G1 X82.042 Y73.356 E333.4728
G1 X81.835 Y73.246 E333.4806
G1 X81.653 Y73.097 E333.4884
G1 X81.504 Y72.915 E333.4962
G1 X81.394 Y72.708 E333.5040
G1 X81.326 Y72.483 E333.5118
G1 X81.303 Y72.250 E333.5196
G1 X81.326 Y72.017 E333.5274
G1 X81.394 Y71.792 E333.5352
G1 X81.504 Y71.585 E333.5430
G1 X81.653 Y71.403 E333.5508
G1 X81.835 Y71.254 E333.5587
G1 X82.042 Y71.144 E333.5665
G1 X82.267 Y71.076 E333.5743
G1 X82.530 Y71.050 E333.5831
G1 X85.300 Y71.050 E333.6752
G1 X85.300 Y60.581 E334.0234
G1 X86.265 Y58.471 E334.1006
G1 X86.388 Y58.375 E334.1058
G1 X86.442 Y58.358 E334.1076
G1 X86.558 Y58.358 E334.1115
G1 X86.665 Y58.403 E334.1154
G1 X86.759 Y58.514 E334.1202
G1 X87.700 Y60.580 E334.1957
G1 X87.700 Y71.050 E334.5439
G1 X90.470 Y71.050 E334.6361
G1 X90.733 Y71.076 E334.6449
G1 X90.958 Y71.144 E334.6527
G1 X91.165 Y71.254 E334.6605
G1 X91.347 Y71.403 E334.6683
G1 X91.496 Y71.585 E334.6761
G1 X91.606 Y71.792 E334.6839
G1 X91.674 Y72.017 E334.6917
G1 X91.697 Y72.250 E334.6995
G1 X91.674 Y72.483 E334.7073
G1 X91.606 Y72.708 E334.7151
G1 X91.496 Y72.915 E334.7229
G1 X91.347 Y73.097 E334.7307
G1 X91.189 Y73.227 E334.7375
G0 F2400 X91.165 Y73.246
G0 F2400 X90.958 Y73.356
G0 F2400 X90.733 Y73.424
G1 F3000 E329.7375
G0 F4200 X90.812 Y73.818
;TYPE:WALL-OUTER
;WIDTH:0.400
G1 F900 Z4.800
G1 F1500 E334.7375
G1 F1800 X90.490 Y73.850 E334.7483
G1 X82.510 Y73.850 E335.0137
G1 X82.188 Y73.818 E335.0245
G1 X81.888 Y73.727 E335.0349
G1 X81.612 Y73.580 E335.0453
G1 X81.369 Y73.381 E335.0558
G1 X81.170 Y73.138 E335.0662
G1 X81.023 Y72.862 E335.0766
G1 X80.932 Y72.562 E335.0870
G1 X80.901 Y72.250 E335.0975
G1 X80.932 Y71.938 E335.1079
G1 X81.023 Y71.638 E335.1183
G1 X81.170 Y71.362 E335.1287
G1 X81.369 Y71.119 E335.1392
G1 X81.612 Y70.920 E335.1496
G1 X81.888 Y70.773 E335.1600
G1 X82.188 Y70.682 E335.1704
G1 X82.510 Y70.650 E335.1812
G1 X84.900 Y70.650 E335.2607
G1 X84.900 Y60.494 E335.5985
G1 X85.923 Y58.257 E335.6803
G1 X86.006 Y58.156 E335.6846
G1 X86.112 Y58.069 E335.6892
G1 X86.233 Y58.004 E335.6938
G1 X86.363 Y57.964 E335.6983
G1 X86.500 Y57.951 E335.7029
G1 X86.637 Y57.964 E335.7075
G1 X86.767 Y58.004 E335.7120
G1 X86.888 Y58.069 E335.7165
G1 X86.990 Y58.152 E335.7209
G1 X87.106 Y58.311 E335.7275
G1 X88.100 Y60.493 E335.8072
G1 X88.100 Y70.650 E336.1450
G1 X90.490 Y70.650 E336.2245
G1 X90.812 Y70.682 E336.2353
G1 X91.112 Y70.773 E336.2457
G1 X91.388 Y70.920 E336.2561
G1 X91.631 Y71.119 E336.2666
G1 X91.830 Y71.362 E336.2770
G1 X91.977 Y71.638 E336.2874
G1 X92.068 Y71.938 E336.2978
G1 X92.099 Y72.250 E336.3083
G1 X92.068 Y72.562 E336.3187
G1 X91.977 Y72.862 E336.3291
G1 X91.830 Y73.138 E336.3395
G1 X91.631 Y73.381 E336.3500
G1 X91.388 Y73.580 E336.3604
G1 X91.277 Y73.639 E336.3646
G0 F1800 X91.112 Y73.727
G0 F1800 X90.812 Y73.818
G1 F3000 E331.3646
G0 F4200 X90.313 Y73.169
;TYPE:SOLID-FILL
;WIDTH:0.400
G1 F900 Z4.800
G1 F1500 E336.3646
G1 F2400 X91.398 Y72.084 E336.4156
G1 X91.397 Y72.071 E336.4161
G1 X91.344 Y71.897 E336.4221
G1 X91.264 Y71.743 E336.4279
G1 X91.223 Y71.694 E336.4300
G1 X89.747 Y73.169 E336.4994
G1 X89.181 Y73.169 E336.5182
G1 X90.914 Y71.436 E336.5998
G1 X90.851 Y71.405 E336.6021
G1 X90.678 Y71.352 E336.6081
G1 X90.456 Y71.329 E336.6155
G1 X88.616 Y73.169 E336.7021
G1 X88.050 Y73.169 E336.7209
G1 X89.890 Y71.329 E336.8075
G1 X89.325 Y71.329 E336.8263
G1 X87.484 Y73.169 E336.9128
G1 X86.918 Y73.169 E336.9316
G1 X88.759 Y71.329 E337.0182
G1 X88.193 Y71.329 E337.0370
G1 X86.353 Y73.169 E337.1236
G1 X85.787 Y73.169 E337.1424
G1 X87.628 Y71.329 E337.2290
G1 X87.419 Y71.330 E337.2359
G1 X87.419 Y70.972 E337.2478
G1 X85.221 Y73.169 E337.3512
G1 X84.656 Y73.169 E337.3700
G1 X87.419 Y70.406 E337.5000
G1 X87.419 Y69.840 E337.5188
G1 X84.090 Y73.169 E337.6754
G1 X83.524 Y73.169 E337.6942
G1 X85.364 Y71.330 E337.7807
G1 X84.799 Y71.330 E337.7995
G1 X82.959 Y73.169 E337.8860
G1 X82.543 Y73.169 E337.8999
G1 X82.406 Y73.157 E337.9045
G1 X84.233 Y71.330 E337.9904
G1 X83.667 Y71.330 E338.0092
G1 X81.986 Y73.010 E338.0883
G1 X81.851 Y72.897 E338.0941
G1 X81.734 Y72.757 E338.1002
G1 X81.714 Y72.717 E338.1017
G1 X83.102 Y71.330 E338.1669
G1 X82.543 Y71.330 E338.1855
G1 X82.535 Y71.330 E338.1858
G1 X81.940 Y71.926 E338.2138
G0 F2400 X81.587 Y72.279
G1 F3000 E333.2138
G1 F900 Z5.100
G0 F4200 X85.579 Y71.115
G1 F900 Z4.800
G1 F1500 E338.2138
G1 F2400 X87.419 Y69.275 E338.3004
G1 X87.419 Y68.709 E338.3192
G1 X85.579 Y70.549 E338.4057
G1 X85.579 Y69.983 E338.4246
G1 X87.419 Y68.143 E338.5111
G1 X87.419 Y67.578 E338.5299
G1 X85.579 Y69.418 E338.6164
G1 X85.579 Y68.852 E338.6353
G1 X87.419 Y67.012 E338.7218
G1 X87.419 Y66.446 E338.7406
G1 X85.579 Y68.286 E338.8272
G1 X85.579 Y67.721 E338.8460
G1 X87.419 Y65.881 E338.9325
G1 X87.419 Y65.315 E338.9514
G1 X85.579 Y67.155 E339.0379
G1 X85.579 Y66.589 E339.0567
G1 X87.419 Y64.749 E339.1433
G1 X87.419 Y64.184 E339.1621
G1 X85.579 Y66.023 E339.2486
G1 X85.579 Y65.458 E339.2674
G1 X87.419 Y63.618 E339.3539
G1 X87.419 Y63.052 E339.3728
G1 X85.579 Y64.892 E339.4593
G1 X85.579 Y64.326 E339.4781
G1 X87.419 Y62.487 E339.5647
G1 X87.419 Y61.921 E339.5835
G1 X85.579 Y63.761 E339.6700
G1 X85.579 Y63.195 E339.6888
G1 X87.419 Y61.355 E339.7754
G1 X87.419 Y60.789 E339.7942
G1 X85.579 Y62.629 E339.8808
G1 X85.579 Y62.064 E339.8996
G1 X87.288 Y60.355 E339.9799
G1 X87.112 Y59.966 E339.9941
G1 X85.579 Y61.498 E340.0662
G1 X85.579 Y60.932 E340.0851
G1 X86.934 Y59.577 E340.1488
G1 X86.757 Y59.189 E340.1630
G1 X85.812 Y60.134 E340.2074
G1 X86.252 Y59.172 E340.2426
G0 F2400 X86.288 Y59.092
G0 F2400 X86.580 Y58.800
G1 F3000 E335.2426
G1 F900 Z5.100
G0 F4200 X81.445 Y72.137
;TYPE:SOLID-FILL
;WIDTH:0.400
G1 F900 Z4.800
G1 F1500 E340.2426
G1 F3000 X81.387 Y72.195 E340.2453
G1 F3000 E335.2453
G1 F900 Z5.100
G0 F4200 X90.395 Y73.370
G1 F900 Z4.800
G1 F1500 E340.2453
G1 F3000 X90.454 Y73.311 E340.2481
;LAYER:24
;Z:5.000
;HEIGHT:0.200
G0 F900 Z5.000
G0 F4200 X90.733 Y73.424
;TYPE:WALL-INNER
;WIDTH:0.400
G1 F2400 X90.470 Y73.450 E340.2569
G1 X82.530 Y73.450 E340.5210
G1 X82.267 Y73.424 E340.5298
G1 X82.042 Y73.356 E340.5376
G1 X81.835 Y73.246 E340.5454
G1 X81.653 Y73.097 E340.5532
G1 X81.504 Y72.915 E340.5610
G1 X81.394 Y72.708 E340.5688
G1 X81.326 Y72.483 E340.5767
G1 X81.303 Y72.250 E340.5844
G1 X81.326 Y72.017 E340.5922
G1 X81.394 Y71.792 E340.6000
G1 X81.504 Y71.585 E340.6078
G1 X81.653 Y71.403 E340.6157
G1 X81.835 Y71.254 E340.6235
G1 X82.042 Y71.144 E340.6313
G1 X82.267 Y71.076 E340.6391
G1 X82.530 Y71.050 E340.6479
G1 X85.300 Y71.050 E340.7400
G1 X85.300 Y60.581 E341.0882
G1 X86.265 Y58.471 E341.1654
G1 X86.388 Y58.375 E341.1706
G1 X86.442 Y58.358 E341.1725
G1 X86.558 Y58.358 E341.1763
G1 X86.664 Y58.403 E341.1802
G1 X86.757 Y58.511 E341.1849
G1 X87.700 Y60.580 E341.2605
G1 X87.700 Y71.050 E341.6088
G1 X90.470 Y71.050 E341.7009
G1 X90.733 Y71.076 E341.7097
G1 X90.958 Y71.144 E341.7175
G1 X91.165 Y71.254 E341.7253
G1 X91.347 Y71.403 E341.7331
G1 X91.496 Y71.585 E341.7409
G1 X91.606 Y71.792 E341.7487
G1 X91.674 Y72.017 E341.7566
G1 X91.697 Y72.250 E341.7643
G1 X91.674 Y72.483 E341.7721
G1 X91.606 Y72.708 E341.7799
G1 X91.496 Y72.915 E341.7877
G1 X91.347 Y73.097 E341.7956
G1 X91.189 Y73.227 E341.8024
G0 F2400 X91.165 Y73.246
G0 F2400 X90.958 Y73.356
G0 F2400 X90.733 Y73.424
G1 F3000 E336.8024
G0 F4200 X90.812 Y73.818
;TYPE:WALL-OUTER
;WIDTH:0.400
G1 F900 Z5.000
G1 F1500 E341.8024
G1 F1800 X90.490 Y73.850 E341.8131
G1 X82.510 Y73.850 E342.0785
G1 X82.188 Y73.818 E342.0893
G1 X81.888 Y73.727 E342.0997
G1 X81.612 Y73.580 E342.1101
G1 X81.369 Y73.381 E342.1206
G1 X81.170 Y73.138 E342.1310
G1 X81.023 Y72.862 E342.1414
G1 X80.932 Y72.562 E342.1519
G1 X80.901 Y72.250 E342.1623
G1 X80.932 Y71.938 E342.1727
G1 X81.023 Y71.638 E342.1831
G1 X81.170 Y71.362 E342.1935
G1 X81.369 Y71.119 E342.2040
G1 X81.612 Y70.920 E342.2144
G1 X81.888 Y70.773 E342.2248
G1 X82.188 Y70.682 E342.2353
G1 X82.510 Y70.650 E342.2460
G1 X84.900 Y70.650 E342.3255
G1 X84.900 Y60.494 E342.6633
G1 X85.923 Y58.257 E342.7451
G1 X86.006 Y58.156 E342.7495
G1 X86.112 Y58.069 E342.7540
G1 X86.233 Y58.004 E342.7586
G1 X86.363 Y57.964 E342.7631
G1 X86.500 Y57.951 E342.7677
G1 X86.637 Y57.964 E342.7723
G1 X86.767 Y58.004 E342.7768
G1 X86.888 Y58.069 E342.7814
G1 X86.990 Y58.153 E342.7858
G1 X87.104 Y58.307 E342.7921
G1 X88.100 Y60.493 E342.8720
G1 X88.100 Y70.650 E343.2099
G1 X90.490 Y70.650 E343.2894
G1 X90.812 Y70.682 E343.3001
G1 X91.112 Y70.773 E343.3105
G1 X91.388 Y70.920 E343.3209
G1 X91.631 Y71.119 E343.3314
G1 X91.830 Y71.362 E343.3418
G1 X91.977 Y71.638 E343.3522
G1 X92.068 Y71.938 E343.3627
G1 X92.099 Y72.250 E343.3731
G1 X92.068 Y72.562 E343.3835
G1 X91.977 Y72.862 E343.3939
G1 X91.830 Y73.138 E343.4043
G1 X91.631 Y73.381 E343.4148
G1 X91.388 Y73.580 E343.4252
G1 X91.277 Y73.639 E343.4294
G0 F1800 X91.112 Y73.727
G0 F1800 X90.812 Y73.818
G1 F3000 E338.4294
G0 F4200 X90.575 Y71.342
;TYPE:SOLID-FILL
;WIDTH:0.400
G1 F900 Z5.000
G1 F1500 E343.4294
G1 F2400 X91.408 Y72.175 E343.4686
G1 X91.415 Y72.250 E343.4711
G1 X91.397 Y72.428 E343.4771
G1 X91.344 Y72.602 E343.4831
G1 X91.319 Y72.651 E343.4849
G1 X89.997 Y71.330 E343.5471
G1 X89.432 Y71.330 E343.5659
G1 X91.066 Y72.964 E343.6427
G1 X91.006 Y73.015 E343.6454
G1 X90.851 Y73.095 E343.6512
G1 X90.682 Y73.146 E343.6570
G1 X88.866 Y71.330 E343.7425
G1 X88.300 Y71.330 E343.7613
G1 X90.140 Y73.169 E343.8478
G1 X89.574 Y73.169 E343.8666
G1 X88.087 Y71.683 E343.9366
G0 F2400 X87.734 Y71.330
G1 F3000 E338.9366
G1 F900 Z5.300
G0 F4200 X82.146 Y73.095
G1 F900 Z5.000
G1 F1500 E343.9366
G1 F2400 X81.653 Y72.602 E343.9597
G1 X81.601 Y72.428 E343.9658
G1 X81.583 Y72.250 E343.9717
G1 X81.601 Y72.071 E343.9777
G1 X81.621 Y72.004 E343.9800
G1 X82.786 Y73.169 E344.0348
G1 X83.352 Y73.169 E344.0537
G1 X81.820 Y71.638 E344.1257
G1 X81.851 Y71.602 E344.1273
G1 X81.992 Y71.484 E344.1334
G1 X82.146 Y71.405 E344.1392
G1 X82.151 Y71.403 E344.1393
G1 X83.918 Y73.169 E344.2224
G1 X84.483 Y73.169 E344.2412
G1 X82.643 Y71.330 E344.3277
G1 X83.209 Y71.330 E344.3466
G1 X85.049 Y73.169 E344.4331
G1 X85.615 Y73.169 E344.4519
G1 X83.775 Y71.330 E344.5384
G1 X84.340 Y71.330 E344.5572
G1 X86.180 Y73.169 E344.6438
G1 X86.746 Y73.169 E344.6626
G1 X84.906 Y71.330 E344.7491
G1 X85.472 Y71.330 E344.7679
G1 X87.312 Y73.169 E344.8545
G1 X87.877 Y73.169 E344.8732
G1 X85.579 Y70.871 E344.9813
G1 X85.579 Y70.306 E345.0001
G1 X88.443 Y73.169 E345.1348
G1 X89.009 Y73.169 E345.1536
G1 X85.579 Y69.740 E345.3150
G1 X85.579 Y69.174 E345.3338
G1 X87.419 Y71.014 E345.4203
G1 X87.419 Y70.449 E345.4391
G1 X85.579 Y68.609 E345.5257
G1 X85.579 Y68.043 E345.5445
G1 X87.419 Y69.883 E345.6310
G1 X87.419 Y69.317 E345.6499
G1 X85.579 Y67.477 E345.7364
G1 X85.579 Y66.912 E345.7552
G1 X87.419 Y68.751 E345.8417
G1 X87.419 Y68.186 E345.8605
G1 X85.579 Y66.346 E345.9471
G1 X85.579 Y65.780 E345.9659
G1 X87.419 Y67.620 E346.0524
G1 X87.419 Y67.054 E346.0713
G1 X85.579 Y65.215 E346.1578
G1 X85.579 Y64.649 E346.1766
G1 X87.419 Y66.489 E346.2632
G1 X87.419 Y65.923 E346.2820
G1 X85.579 Y64.083 E346.3685
G1 X85.579 Y63.517 E346.3874
G1 X87.419 Y65.357 E346.4739
G1 X87.419 Y64.792 E346.4927
G1 X85.579 Y62.952 E346.5793
G1 X85.579 Y62.386 E346.5981
G1 X87.419 Y64.226 E346.6846
G1 X87.419 Y63.660 E346.7035
G1 X85.579 Y61.820 E346.7900
G1 X85.579 Y61.255 E346.8088
G1 X87.419 Y63.095 E346.8953
G1 X87.419 Y62.529 E346.9142
G1 X85.579 Y60.689 E347.0007
G1 X85.579 Y60.642 E347.0023
G1 X85.742 Y60.286 E347.0153
G1 X87.419 Y61.963 E347.0942
G1 X87.419 Y61.398 E347.1130
G1 X85.919 Y59.898 E347.1835
G1 X86.097 Y59.510 E347.1977
G1 X87.419 Y60.832 E347.2599
G1 X87.418 Y60.640 E347.2663
G1 X87.104 Y59.952 E347.2915
G1 X86.274 Y59.121 E347.3305
G1 X86.322 Y59.018 E347.3343
G0 F2400 X86.424 Y58.795
G0 F2400 X86.513 Y58.795
G0 F2400 X86.631 Y58.912
G1 F3000 E342.3343
G1 F900 Z5.300
G0 F4200 X98.130 Y73.450
;TYPE:WALL-INNER
;WIDTH:0.400
G1 F900 Z5.000
G1 F1500 E347.3343
G1 F2400 X97.867 Y73.424 E347.3431
G1 X97.642 Y73.356 E347.3509
G1 X97.435 Y73.246 E347.3587
G1 X97.253 Y73.097 E347.3665
G1 X97.104 Y72.915 E347.3743
G1 X96.994 Y72.708 E347.3821
G1 X96.926 Y72.483 E347.3900
G1 X96.903 Y72.250 E347.3977
G1 X96.926 Y72.017 E347.4055
G1 X96.994 Y71.792 E347.4134
G1 X97.104 Y71.585 E347.4212
G1 X97.253 Y71.403 E347.4290
G1 X97.435 Y71.254 E347.4368
G1 X97.642 Y71.144 E347.4446
G1 X97.867 Y71.076 E347.4524
G1 X98.130 Y71.050 E347.4612
G1 X100.900 Y71.050 E347.5533
G1 X100.900 Y60.581 E347.9015
G1 X101.865 Y58.471 E347.9787
G1 X101.988 Y58.375 E347.9839
G1 X102.042 Y58.358 E347.9858
G1 X102.158 Y58.358 E347.9896
G1 X102.264 Y58.403 E347.9935
G1 X102.357 Y58.511 E347.9982
G1 X103.300 Y60.580 E348.0738
G1 X103.300 Y71.050 E348.4221
G1 X106.070 Y71.050 E348.5142
G1 X106.333 Y71.076 E348.5230
G1 X106.558 Y71.144 E348.5308
G1 X106.765 Y71.254 E348.5386
G1 X106.947 Y71.403 E348.5464
G1 X107.096 Y71.585 E348.5542
G1 X107.206 Y71.792 E348.5620
G1 X107.274 Y72.017 E348.5699
G1 X107.297 Y72.250 E348.5776
G1 X107.274 Y72.483 E348.5854
G1 X107.206 Y72.708 E348.5933
G1 X107.096 Y72.915 E348.6010
G1 X106.947 Y73.097 E348.6089
G1 X106.765 Y73.246 E348.6167
G1 X106.558 Y73.356 E348.6245
G1 X106.333 Y73.424 E348.6323
G1 X106.070 Y73.450 E348.6411
G1 X98.630 Y73.450 E348.8886
G0 F2400 X98.130 Y73.450
G1 F3000 E343.8886
G0 F4200 X98.110 Y73.850
;TYPE:WALL-OUTER
;WIDTH:0.400
G1 F900 Z5.000
G1 F1500 E348.8886
G1 F1800 X97.788 Y73.818 E348.8993
G1 X97.488 Y73.727 E348.9097
G1 X97.212 Y73.580 E348.9201
G1 X96.969 Y73.381 E348.9306
G1 X96.770 Y73.138 E348.9410
G1 X96.623 Y72.862 E348.9514
G1 X96.532 Y72.562 E348.9619
G1 X96.501 Y72.250 E348.9723
G1 X96.532 Y71.938 E348.9827
G1 X96.623 Y71.638 E348.9931
G1 X96.770 Y71.362 E349.0035
G1 X96.969 Y71.119 E349.0140
G1 X97.212 Y70.920 E349.0244
G1 X97.488 Y70.773 E349.0348
G1 X97.788 Y70.682 E349.0453
G1 X98.110 Y70.650 E349.0560
G1 X100.500 Y70.650 E349.1355
G1 X100.500 Y60.494 E349.4733
G1 X101.523 Y58.257 E349.5551
G1 X101.606 Y58.156 E349.5595
G1 X101.712 Y58.069 E349.5640
G1 X101.833 Y58.004 E349.5686
G1 X101.963 Y57.964 E349.5731
G1 X102.100 Y57.951 E349.5777
G1 X102.237 Y57.964 E349.5823
G1 X102.367 Y58.004 E349.5868
G1 X102.488 Y58.069 E349.5914
G1 X102.590 Y58.153 E349.5958
G1 X102.704 Y58.307 E349.6021
G1 X103.700 Y60.493 E349.6820
G1 X103.700 Y70.650 E350.0199
G1 X106.090 Y70.650 E350.0994
G1 X106.412 Y70.682 E350.1101
G1 X106.712 Y70.773 E350.1205
G1 X106.988 Y70.920 E350.1309
G1 X107.231 Y71.119 E350.1414
G1 X107.430 Y71.362 E350.1518
G1 X107.577 Y71.638 E350.1622
G1 X107.668 Y71.938 E350.1727
G1 X107.699 Y72.250 E350.1831
G1 X107.668 Y72.562 E350.1935
G1 X107.577 Y72.862 E350.2040
G1 X107.430 Y73.138 E350.2144
G1 X107.231 Y73.381 E350.2248
G1 X106.988 Y73.580 E350.2352
G1 X106.712 Y73.727 E350.2456
G1 X106.412 Y73.818 E350.2561
G1 X106.090 Y73.850 E350.2668
G1 X98.610 Y73.850 E350.5156
G0 F1800 X98.110 Y73.850
G1 F3000 E345.5156
G0 F4200 X98.050 Y73.160
;TYPE:SOLID-FILL
;WIDTH:0.400
G1 F900 Z5.000
G1 F1500 E350.5156
G1 F2400 X97.188 Y72.298 E350.5562
G1 X97.183 Y72.249 E350.5578
G1 X97.201 Y72.071 E350.5638
G1 X97.254 Y71.897 E350.5698
G1 X97.287 Y71.832 E350.5722
G1 X98.625 Y73.169 E350.6351
G1 X99.191 Y73.169 E350.6540
G1 X97.546 Y71.524 E350.7313
G1 X97.592 Y71.484 E350.7334
G1 X97.746 Y71.405 E350.7391
G1 X97.920 Y71.352 E350.7452
G1 X97.937 Y71.350 E350.7457
G1 X99.757 Y73.169 E350.8313
G1 X100.322 Y73.169 E350.8501
G1 X98.483 Y71.330 E350.9366
G1 X99.048 Y71.330 E350.9554
G1 X100.888 Y73.169 E351.0419
G1 X101.454 Y73.169 E351.0608
G1 X99.614 Y71.330 E351.1473
G1 X100.180 Y71.330 E351.1661
G1 X102.019 Y73.169 E351.2526
G1 X102.585 Y73.169 E351.2714
G1 X100.745 Y71.330 E351.3580
G1 X101.179 Y71.329 E351.3724
G1 X101.179 Y71.197 E351.3768
G1 X103.151 Y73.169 E351.4695
G1 X103.717 Y73.169 E351.4884
G1 X101.179 Y70.632 E351.6077
G1 X101.179 Y70.066 E351.6266
G1 X104.282 Y73.169 E351.7725
G1 X104.848 Y73.169 E351.7913
G1 X101.179 Y69.500 E351.9639
G1 X101.179 Y68.935 E351.9827
G1 X103.019 Y70.775 E352.0693
G1 X103.019 Y70.210 E352.0880
G1 X101.179 Y68.369 E352.1746
G1 X101.179 Y67.803 E352.1934
G1 X103.019 Y69.644 E352.2800
G1 X103.019 Y69.078 E352.2988
G1 X101.179 Y67.238 E352.3854
G1 X101.179 Y66.672 E352.4042
G1 X103.019 Y68.512 E352.4908
G1 X103.019 Y67.947 E352.5096
G1 X101.179 Y66.106 E352.5961
G1 X101.179 Y65.541 E352.6149
G1 X103.019 Y67.381 E352.7015
G1 X103.019 Y66.815 E352.7203
G1 X101.179 Y64.975 E352.8068
G1 X101.179 Y64.409 E352.8257
G1 X103.019 Y66.250 E352.9122
G1 X103.019 Y65.684 E352.9311
G1 X101.179 Y63.843 E353.0176
G1 X101.179 Y63.278 E353.0364
G1 X103.019 Y65.118 E353.1230
G1 X103.019 Y64.553 E353.1418
G1 X101.179 Y62.712 E353.2283
G1 X101.179 Y62.146 E353.2472
G1 X103.019 Y63.987 E353.3337
G1 X103.019 Y63.421 E353.3526
G1 X101.179 Y61.581 E353.4391
G1 X101.179 Y61.015 E353.4579
G1 X103.019 Y62.856 E353.5445
G1 X103.019 Y62.290 E353.5633
G1 X101.239 Y60.509 E353.6471
G1 X101.416 Y60.121 E353.6613
G1 X103.019 Y61.724 E353.7367
G1 X103.019 Y61.159 E353.7554
G1 X101.594 Y59.733 E353.8225
G1 X101.771 Y59.345 E353.8367
G1 X102.979 Y60.553 E353.8935
G1 X102.505 Y59.512 E353.9315
G1 X102.303 Y59.310 E353.9411
G0 F2400 X101.949 Y58.957
G1 F3000 E348.9411
G1 F900 Z5.300
G0 F4200 X103.574 Y71.330
G1 F900 Z5.000
G1 F1500 E353.9411
G1 F2400 X105.414 Y73.169 E354.0276
G1 X105.979 Y73.169 E354.0464
G1 X104.139 Y71.330 E354.1329
G1 X104.705 Y71.330 E354.1517
G1 X106.464 Y73.088 E354.2344
G1 X106.606 Y73.014 E354.2398
G1 X106.746 Y72.897 E354.2458
G1 X106.788 Y72.847 E354.2480
G1 X105.271 Y71.330 E354.3194
G1 X105.836 Y71.330 E354.3381
G1 X106.983 Y72.476 E354.3921
G1 X106.997 Y72.429 E354.3937
G1 X107.015 Y72.250 E354.3997
G1 X106.997 Y72.070 E354.4057
G1 X106.944 Y71.897 E354.4117
G1 X106.917 Y71.844 E354.4137
G1 X106.858 Y71.785 E354.4165
G0 F2400 X106.505 Y71.432
G1 F3000 E349.4165
G1 F900 Z5.300
G0 F4200 X103.715 Y71.188
;TYPE:SOLID-FILL
;WIDTH:0.400
G1 F900 Z5.000
G1 F1500 E354.4165
G1 F3000 X103.656 Y71.129 E354.4193
G1 F3000 E349.4193
G1 F900 Z5.300
G0 F4200 X102.090 Y58.815
G1 F900 Z5.000
G1 F1500 E354.4193
G1 F3000 X101.887 Y58.612 E354.4288
;LAYER:25
;Z:5.200
;HEIGHT:0.200
G1 F3000 E349.4288
G0 F900 Z5.200
G0 F4200 X98.130 Y73.450
;TYPE:WALL-INNER
;WIDTH:0.400
G1 F900 Z5.200
G1 F1500 E354.4288
G1 F2400 X97.867 Y73.424 E354.4376
G1 X97.642 Y73.356 E354.4454
G1 X97.435 Y73.246 E354.4532
G1 X97.253 Y73.097 E354.4610
G1 X97.104 Y72.915 E354.4688
G1 X96.994 Y72.708 E354.4766
G1 X96.926 Y72.483 E354.4845
G1 X96.903 Y72.250 E354.4923
G1 X96.926 Y72.017 E354.5000
G1 X96.994 Y71.792 E354.5079
G1 X97.104 Y71.585 E354.5157
G1 X97.253 Y71.403 E354.5235
G1 X97.435 Y71.254 E354.5313
G1 X97.642 Y71.144 E354.5391
G1 X97.867 Y71.076 E354.5469
G1 X98.130 Y71.050 E354.5557
G1 X100.900 Y71.050 E354.6478
G1 X100.900 Y60.581 E354.9960
G1 X101.865 Y58.471 E355.0732
G1 X101.988 Y58.375 E355.0784
G1 X102.042 Y58.358 E355.0803
G1 X102.158 Y58.358 E355.0841
G1 X102.264 Y58.403 E355.0880
G1 X102.356 Y58.507 E355.0926
G1 X103.300 Y60.580 E355.1683
G1 X103.300 Y71.047 E355.5165
G1 X106.181 Y71.061 E355.6123
G1 X106.333 Y71.076 E355.6174
G1 X106.558 Y71.144 E355.6252
G1 X106.765 Y71.254 E355.6330
G1 X106.947 Y71.403 E355.6408
G1 X107.096 Y71.585 E355.6486
G1 X107.206 Y71.792 E355.6564
G1 X107.274 Y72.017 E355.6643
G1 X107.297 Y72.250 E355.6720
G1 X107.274 Y72.483 E355.6798
G1 X107.206 Y72.708 E355.6876
G1 X107.096 Y72.915 E355.6954
G1 X106.947 Y73.097 E355.7033
G1 X106.765 Y73.246 E355.7111
G1 X106.558 Y73.356 E355.7189
G1 X106.333 Y73.424 E355.7267
G1 X106.070 Y73.450 E355.7355
G1 X98.630 Y73.450 E355.9830
G0 F2400 X98.130 Y73.450
G1 F3000 E350.9830
G0 F4200 X98.110 Y73.850
;TYPE:WALL-OUTER
;WIDTH:0.400
G1 F900 Z5.200
G1 F1500 E355.9830
G1 F1800 X97.788 Y73.818 E355.9937
G1 X97.488 Y73.727 E356.0041
G1 X97.212 Y73.580 E356.0145
G1 X96.969 Y73.381 E356.0250
G1 X96.770 Y73.138 E356.0354
G1 X96.623 Y72.862 E356.0458
G1 X96.532 Y72.562 E356.0563
G1 X96.501 Y72.250 E356.0667
G1 X96.532 Y71.938 E356.0771
G1 X96.623 Y71.638 E356.0875
G1 X96.770 Y71.362 E356.0979
G1 X96.969 Y71.119 E356.1084
G1 X97.212 Y70.920 E356.1188
G1 X97.488 Y70.773 E356.1292
G1 X97.788 Y70.682 E356.1397
G1 X98.110 Y70.650 E356.1504
G1 X100.500 Y70.650 E356.2299
G1 X100.500 Y60.494 E356.5677
G1 X101.523 Y58.257 E356.6495
G1 X101.606 Y58.156 E356.6539
G1 X101.712 Y58.069 E356.6584
G1 X101.833 Y58.004 E356.6630
G1 X101.963 Y57.964 E356.6675
G1 X102.100 Y57.951 E356.6721
G1 X102.237 Y57.964 E356.6767
G1 X102.367 Y58.004 E356.6812
G1 X102.488 Y58.069 E356.6858
G1 X102.590 Y58.153 E356.6902
G1 X102.702 Y58.302 E356.6964
G1 X103.700 Y60.493 E356.7764
G1 X103.700 Y70.649 E357.1142
G1 X106.202 Y70.661 E357.1975
G1 X106.412 Y70.682 E357.2045
G1 X106.712 Y70.773 E357.2149
G1 X106.988 Y70.920 E357.2253
G1 X107.231 Y71.119 E357.2357
G1 X107.430 Y71.362 E357.2462
G1 X107.577 Y71.638 E357.2566
G1 X107.668 Y71.938 E357.2670
G1 X107.699 Y72.250 E357.2774
G1 X107.668 Y72.562 E357.2879
G1 X107.577 Y72.862 E357.2983
G1 X107.430 Y73.138 E357.3087
G1 X107.231 Y73.381 E357.3192
G1 X106.988 Y73.580 E357.3296
G1 X106.712 Y73.727 E357.3400
G1 X106.412 Y73.818 E357.3504
G1 X106.090 Y73.850 E357.3612
G1 X98.610 Y73.850 E357.6100
G0 F1800 X98.110 Y73.850
G1 F3000 E352.6100
G0 F4200 X97.722 Y71.417
;TYPE:SOLID-FILL
;WIDTH:0.400
G1 F900 Z5.200
G1 F1500 E357.6100
G1 F2400 X97.266 Y71.873 E357.6314
G1 X97.254 Y71.897 E357.6323
G1 X97.201 Y72.071 E357.6384
G1 X97.183 Y72.249 E357.6443
G1 X97.201 Y72.428 E357.6503
G1 X97.219 Y72.486 E357.6523
G1 X98.376 Y71.329 E357.7067
G1 X98.941 Y71.329 E357.7255
G1 X97.416 Y72.854 E357.7973
G1 X97.451 Y72.897 E357.7991
G1 X97.592 Y73.015 E357.8052
G1 X97.743 Y73.093 E357.8109
G1 X99.507 Y71.329 E357.8938
G1 X100.073 Y71.329 E357.9127
G1 X98.232 Y73.169 E357.9992
G1 X98.798 Y73.169 E358.0181
G1 X100.285 Y71.682 E358.0880
G0 F2400 X100.638 Y71.329
G1 F3000 E353.0880
G1 F900 Z5.500
G0 F4200 X106.162 Y73.160
G1 F900 Z5.200
G1 F1500 E358.0880
G1 F2400 X107.008 Y72.313 E358.1278
G1 X107.015 Y72.250 E358.1299
G1 X106.997 Y72.070 E358.1360
G1 X106.944 Y71.897 E358.1420
G1 X106.915 Y71.841 E358.1441
G1 X105.586 Y73.169 E358.2066
G1 X105.020 Y73.169 E358.2254
G1 X106.661 Y71.529 E358.3026
G1 X106.606 Y71.484 E358.3049
G1 X106.452 Y71.405 E358.3107
G1 X106.278 Y71.352 E358.3167
G1 X106.273 Y71.351 E358.3169
G1 X104.455 Y73.169 E358.4024
G1 X103.889 Y73.169 E358.4212
G1 X105.720 Y71.338 E358.5074
G1 X105.158 Y71.335 E358.5260
G1 X103.323 Y73.169 E358.6123
G1 X102.758 Y73.169 E358.6311
G1 X104.594 Y71.333 E358.7175
G1 X104.031 Y71.330 E358.7362
G1 X102.192 Y73.169 E358.8227
G1 X101.626 Y73.169 E358.8415
G1 X103.468 Y71.327 E358.9282
G1 X103.019 Y71.325 E358.9431
G1 X103.019 Y71.211 E358.9469
G1 X101.061 Y73.169 E359.0390
G1 X100.495 Y73.169 E359.0578
G1 X103.019 Y70.645 E359.1766
G1 X103.019 Y70.079 E359.1954
G1 X99.929 Y73.169 E359.3407
G1 X99.364 Y73.169 E359.3595
G1 X103.019 Y69.514 E359.5314
G1 X103.019 Y68.948 E359.5503
G1 X101.179 Y70.789 E359.6368
G1 X101.179 Y70.223 E359.6557
G1 X103.019 Y68.382 E359.7422
G1 X103.019 Y67.817 E359.7610
G1 X101.179 Y69.657 E359.8476
G1 X101.179 Y69.092 E359.8664
G1 X103.019 Y67.251 E359.9529
G1 X103.019 Y66.685 E359.9718
G1 X101.179 Y68.526 E360.0583
G1 X101.179 Y67.960 E360.0772
G1 X103.019 Y66.120 E360.1637
G1 X103.019 Y65.554 E360.1825
G1 X101.179 Y67.395 E360.2691
G1 X101.179 Y66.829 E360.2879
G1 X103.019 Y64.988 E360.3745
G1 X103.019 Y64.423 E360.3933
G1 X101.179 Y66.263 E360.4798
G1 X101.179 Y65.697 E360.4987
G1 X103.019 Y63.857 E360.5852
G1 X103.019 Y63.291 E360.6040
G1 X101.179 Y65.132 E360.6906
G1 X101.179 Y64.566 E360.7094
G1 X103.019 Y62.726 E360.7960
G1 X103.019 Y62.160 E360.8148
G1 X101.179 Y64.000 E360.9013
G1 X101.179 Y63.435 E360.9201
G1 X103.019 Y61.594 E361.0067
G1 X103.019 Y61.028 E361.0255
G1 X101.179 Y62.869 E361.1121
G1 X101.179 Y62.303 E361.1309
G1 X102.963 Y60.519 E361.2148
G1 X102.787 Y60.130 E361.2290
G1 X101.179 Y61.738 E361.3047
G1 X101.179 Y61.172 E361.3235
G1 X102.609 Y59.742 E361.3908
G1 X102.432 Y59.353 E361.4050
G1 X101.210 Y60.575 E361.4625
G1 X101.686 Y59.534 E361.5005
G1 X101.902 Y59.318 E361.5107
G0 F2400 X102.255 Y58.964
G0 F4200 X102.113 Y58.824
;TYPE:SOLID-FILL
;WIDTH:0.400
G1 F3000 X102.317 Y58.619 E361.5203
G1 F3000 E356.5203
G1 F900 Z5.500
G0 F4200 X100.555 Y71.129
G1 F900 Z5.200
G1 F1500 E361.5203
G1 F3000 X100.496 Y71.188 E361.5231
G1 F3000 E356.5231
G1 F900 Z5.500
G0 F4200 X90.733 Y73.424
;TYPE:WALL-INNER
;WIDTH:0.400
G1 F900 Z5.200
G1 F1500 E361.5231
G1 F2400 X90.470 Y73.450 E361.5319
G1 X82.530 Y73.450 E361.7960
G1 X82.267 Y73.424 E361.8048
G1 X82.042 Y73.356 E361.8126
G1 X81.835 Y73.246 E361.8204
G1 X81.653 Y73.097 E361.8282
G1 X81.504 Y72.915 E361.8360
G1 X81.394 Y72.708 E361.8438
G1 X81.326 Y72.483 E361.8516
G1 X81.303 Y72.250 E361.8594
G1 X81.326 Y72.017 E361.8672
G1 X81.394 Y71.792 E361.8750
G1 X81.504 Y71.585 E361.8828
G1 X81.653 Y71.403 E361.8906
G1 X81.835 Y71.254 E361.8985
G1 X82.042 Y71.144 E361.9063
G1 X82.267 Y71.076 E361.9141
G1 X82.530 Y71.050 E361.9229
G1 X85.300 Y71.050 E362.0150
G1 X85.300 Y60.581 E362.3632
G1 X86.265 Y58.471 E362.4404
G1 X86.388 Y58.375 E362.4456
G1 X86.442 Y58.358 E362.4474
G1 X86.558 Y58.358 E362.4513
G1 X86.664 Y58.403 E362.4551
G1 X86.756 Y58.507 E362.4598
G1 X87.700 Y60.580 E362.5355
G1 X87.700 Y71.047 E362.8836
G1 X90.581 Y71.061 E362.9795
G1 X90.733 Y71.076 E362.9846
G1 X90.958 Y71.144 E362.9924
G1 X91.165 Y71.254 E363.0002
G1 X91.347 Y71.403 E363.0080
G1 X91.496 Y71.585 E363.0158
G1 X91.606 Y71.792 E363.0236
G1 X91.674 Y72.017 E363.0314
G1 X91.697 Y72.250 E363.0392
G1 X91.674 Y72.483 E363.0470
G1 X91.606 Y72.708 E363.0548
G1 X91.496 Y72.915 E363.0626
G1 X91.347 Y73.097 E363.0704
G1 X91.189 Y73.227 E363.0772
G0 F2400 X91.165 Y73.246
G0 F2400 X90.958 Y73.356
G0 F2400 X90.733 Y73.424
G1 F3000 E358.0772
G0 F4200 X90.812 Y73.818
;TYPE:WALL-OUTER
;WIDTH:0.400
G1 F900 Z5.200
G1 F1500 E363.0772
G1 F1800 X90.490 Y73.850 E363.0880
G1 X82.510 Y73.850 E363.3534
G1 X82.188 Y73.818 E363.3642
G1 X81.888 Y73.727 E363.3746
G1 X81.612 Y73.580 E363.3850
G1 X81.369 Y73.381 E363.3955
G1 X81.170 Y73.138 E363.4059
G1 X81.023 Y72.862 E363.4163
G1 X80.932 Y72.562 E363.4267
G1 X80.901 Y72.250 E363.4372
G1 X80.932 Y71.938 E363.4476
G1 X81.023 Y71.638 E363.4580
G1 X81.170 Y71.362 E363.4684
G1 X81.369 Y71.119 E363.4789
G1 X81.612 Y70.920 E363.4893
G1 X81.888 Y70.773 E363.4997
G1 X82.188 Y70.682 E363.5101
G1 X82.510 Y70.650 E363.5209
G1 X84.900 Y70.650 E363.6004
G1 X84.900 Y60.494 E363.9382
G1 X85.923 Y58.257 E364.0200
G1 X86.006 Y58.156 E364.0243
G1 X86.112 Y58.069 E364.0289
G1 X86.233 Y58.004 E364.0335
G1 X86.363 Y57.964 E364.0380
G1 X86.500 Y57.951 E364.0426
G1 X86.637 Y57.964 E364.0472
G1 X86.767 Y58.004 E364.0517
G1 X86.888 Y58.069 E364.0562
G1 X86.990 Y58.153 E364.0606
G1 X87.102 Y58.302 E364.0668
G1 X88.100 Y60.493 E364.1469
G1 X88.100 Y70.649 E364.4847
G1 X90.602 Y70.661 E364.5679
G1 X90.812 Y70.682 E364.5749
G1 X91.112 Y70.773 E364.5854
G1 X91.388 Y70.920 E364.5958
G1 X91.631 Y71.119 E364.6062
G1 X91.830 Y71.362 E364.6167
G1 X91.977 Y71.638 E364.6271
G1 X92.068 Y71.938 E364.6375
G1 X92.099 Y72.250 E364.6479
G1 X92.068 Y72.562 E364.6583
G1 X91.977 Y72.862 E364.6688
G1 X91.830 Y73.138 E364.6792
G1 X91.631 Y73.381 E364.6896
G1 X91.388 Y73.580 E364.7001
G1 X91.277 Y73.639 E364.7042
G0 F1800 X91.112 Y73.727
G0 F1800 X90.812 Y73.818
G1 F3000 E359.7042
G0 F4200 X90.313 Y73.169
;TYPE:SOLID-FILL
;WIDTH:0.400
G1 F900 Z5.200
G1 F1500 E364.7042
G1 F2400 X91.398 Y72.084 E364.7553
G1 X91.397 Y72.071 E364.7557
G1 X91.344 Y71.897 E364.7618
G1 X91.264 Y71.743 E364.7675
G1 X91.223 Y71.694 E364.7697
G1 X89.747 Y73.169 E364.8391
G1 X89.181 Y73.169 E364.8579
G1 X90.914 Y71.436 E364.9394
G1 X90.851 Y71.405 E364.9417
G1 X90.678 Y71.352 E364.9478
G1 X90.566 Y71.341 E364.9515
G1 X90.445 Y71.340 E364.9555
G1 X88.616 Y73.169 E365.0416
G1 X88.050 Y73.169 E365.0604
G1 X89.882 Y71.337 E365.1466
G1 X89.319 Y71.335 E365.1653
G1 X87.484 Y73.169 E365.2516
G1 X86.918 Y73.169 E365.2704
G1 X88.756 Y71.332 E365.3568
G1 X88.193 Y71.329 E365.3756
G1 X86.353 Y73.169 E365.4621
G1 X85.787 Y73.169 E365.4809
G1 X87.631 Y71.326 E365.5676
G1 X87.419 Y71.325 E365.5747
G1 X87.419 Y70.972 E365.5864
G1 X85.221 Y73.169 E365.6898
G1 X84.656 Y73.169 E365.7086
G1 X87.419 Y70.406 E365.8385
G1 X87.419 Y69.840 E365.8574
G1 X84.090 Y73.169 E366.0140
G1 X83.524 Y73.169 E366.0328
G1 X85.364 Y71.330 E366.1193
G1 X84.799 Y71.330 E366.1381
G1 X82.959 Y73.169 E366.2246
G1 X82.543 Y73.169 E366.2385
G1 X82.406 Y73.157 E366.2430
G1 X84.233 Y71.330 E366.3290
G1 X83.667 Y71.330 E366.3478
G1 X81.986 Y73.010 E366.4268
G1 X81.851 Y72.897 E366.4327
G1 X81.734 Y72.757 E366.4388
G1 X81.714 Y72.717 E366.4403
G1 X83.102 Y71.330 E366.5055
G1 X82.543 Y71.330 E366.5241
G1 X82.535 Y71.330 E366.5244
G1 X81.940 Y71.926 E366.5524
G0 F2400 X81.587 Y72.279
G1 F3000 E361.5524
G1 F900 Z5.500
G0 F4200 X85.579 Y71.115
G1 F900 Z5.200
G1 F1500 E366.5524
G1 F2400 X87.419 Y69.275 E366.6389
G1 X87.419 Y68.709 E366.6578
G1 X85.579 Y70.549 E366.7443
G1 X85.579 Y69.983 E366.7631
G1 X87.419 Y68.143 E366.8497
G1 X87.419 Y67.578 E366.8685
G1 X85.579 Y69.418 E366.9550
G1 X85.579 Y68.852 E366.9738
G1 X87.419 Y67.012 E367.0604
G1 X87.419 Y66.446 E367.0792
G1 X85.579 Y68.286 E367.1658
G1 X85.579 Y67.721 E367.1846
G1 X87.419 Y65.881 E367.2711
G1 X87.419 Y65.315 E367.2899
G1 X85.579 Y67.155 E367.3765
G1 X85.579 Y66.589 E367.3953
G1 X87.419 Y64.749 E367.4819
G1 X87.419 Y64.184 E367.5006
G1 X85.579 Y66.023 E367.5872
G1 X85.579 Y65.458 E367.6060
G1 X87.419 Y63.618 E367.6925
G1 X87.419 Y63.052 E367.7113
G1 X85.579 Y64.892 E367.7979
G1 X85.579 Y64.326 E367.8167
G1 X87.419 Y62.487 E367.9032
G1 X87.419 Y61.921 E367.9221
G1 X85.579 Y63.761 E368.0086
G1 X85.579 Y63.195 E368.0274
G1 X87.419 Y61.355 E368.1140
G1 X87.419 Y60.789 E368.1328
G1 X85.579 Y62.629 E368.2194
G1 X85.579 Y62.064 E368.2381
G1 X87.288 Y60.355 E368.3185
G1 X87.112 Y59.966 E368.3327
G1 X85.579 Y61.498 E368.4048
G1 X85.579 Y60.932 E368.4236
G1 X86.934 Y59.577 E368.4874
G1 X86.757 Y59.189 E368.5016
G1 X85.812 Y60.134 E368.5460
G1 X86.252 Y59.172 E368.5812
G0 F2400 X86.288 Y59.092
G0 F2400 X86.580 Y58.800
G1 F3000 E363.5812
G1 F900 Z5.500
G0 F4200 X81.445 Y72.137
;TYPE:SOLID-FILL
;WIDTH:0.400
G1 F900 Z5.200
G1 F1500 E368.5812
G1 F3000 X81.387 Y72.195 E368.5839
G1 F3000 E363.5839
G1 F900 Z5.500
G0 F4200 X90.395 Y73.370
G1 F900 Z5.200
G1 F1500 E368.5839
G1 F3000 X90.454 Y73.311 E368.5867
;LAYER:26
;Z:5.400
;HEIGHT:0.200
G0 F900 Z5.400
G0 F4200 X90.733 Y73.424
;TYPE:WALL-INNER
;WIDTH:0.400
G1 F2400 X90.470 Y73.450 E368.5955
G1 X82.530 Y73.450 E368.8596
G1 X82.267 Y73.424 E368.8684
G1 X82.042 Y73.356 E368.8762
G1 X81.835 Y73.246 E368.8840
G1 X81.653 Y73.097 E368.8918
G1 X81.504 Y72.915 E368.8996
G1 X81.394 Y72.708 E368.9074
G1 X81.326 Y72.483 E368.9152
G1 X81.303 Y72.250 E368.9230
G1 X81.326 Y72.017 E368.9308
G1 X81.395 Y71.791 E368.9387
G1 X81.504 Y71.584 E368.9465
G1 X81.653 Y71.403 E368.9543
G1 X81.835 Y71.254 E368.9621
G1 X82.042 Y71.144 E368.9699
G1 X82.267 Y71.076 E368.9777
G1 X82.530 Y71.050 E368.9865
G1 X85.300 Y71.050 E369.0786
G1 X85.300 Y60.581 E369.4268
G1 X86.265 Y58.471 E369.5040
G1 X86.388 Y58.375 E369.5092
G1 X86.442 Y58.358 E369.5111
G1 X86.558 Y58.358 E369.5149
G1 X86.665 Y58.403 E369.5188
G1 X86.754 Y58.504 E369.5232
G1 X87.700 Y60.580 E369.5991
G1 X87.700 Y71.047 E369.9473
G1 X90.571 Y71.060 E370.0428
G1 X90.733 Y71.076 E370.0482
G1 X90.958 Y71.144 E370.0560
G1 X91.165 Y71.254 E370.0638
G1 X91.347 Y71.403 E370.0716
G1 X91.496 Y71.585 E370.0794
G1 X91.606 Y71.792 E370.0872
G1 X91.674 Y72.017 E370.0950
G1 X91.697 Y72.250 E370.1028
G1 X91.674 Y72.483 E370.1106
G1 X91.606 Y72.708 E370.1184
G1 X91.496 Y72.915 E370.1262
G1 X91.347 Y73.097 E370.1341
G1 X91.189 Y73.227 E370.1409
G0 F2400 X91.165 Y73.246
G0 F2400 X90.958 Y73.356
G0 F2400 X90.733 Y73.424
G1 F3000 E365.1409
G0 F4200 X90.812 Y73.818
;TYPE:WALL-OUTER
;WIDTH:0.400
G1 F900 Z5.400
G1 F1500 E370.1409
G1 F1800 X90.490 Y73.850 E370.1516
G1 X82.510 Y73.850 E370.4170
G1 X82.188 Y73.818 E370.4278
G1 X81.888 Y73.727 E370.4382
G1 X81.612 Y73.580 E370.4486
G1 X81.369 Y73.381 E370.4591
G1 X81.170 Y73.138 E370.4695
G1 X81.023 Y72.862 E370.4799
G1 X80.932 Y72.562 E370.4903
G1 X80.901 Y72.250 E370.5008
G1 X80.932 Y71.938 E370.5112
G1 X81.023 Y71.638 E370.5216
G1 X81.170 Y71.361 E370.5321
G1 X81.369 Y71.119 E370.5425
G1 X81.612 Y70.920 E370.5529
G1 X81.888 Y70.773 E370.5633
G1 X82.188 Y70.682 E370.5738
G1 X82.510 Y70.650 E370.5845
G1 X84.900 Y70.650 E370.6640
G1 X84.900 Y60.494 E371.0018
G1 X85.923 Y58.257 E371.0836
G1 X86.006 Y58.156 E371.0880
G1 X86.112 Y58.069 E371.0925
G1 X86.233 Y58.004 E371.0971
G1 X86.363 Y57.964 E371.1016
G1 X86.500 Y57.951 E371.1062
G1 X86.637 Y57.964 E371.1108
G1 X86.767 Y58.004 E371.1153
G1 X86.888 Y58.069 E371.1199
G1 X86.991 Y58.153 E371.1243
G1 X87.100 Y58.299 E371.1303
G1 X88.100 Y60.493 E371.2105
G1 X88.100 Y70.649 E371.5483
G1 X90.592 Y70.660 E371.6312
G1 X90.812 Y70.682 E371.6386
G1 X91.112 Y70.773 E371.6490
G1 X91.388 Y70.920 E371.6594
G1 X91.631 Y71.119 E371.6698
G1 X91.830 Y71.362 E371.6803
G1 X91.977 Y71.638 E371.6907
G1 X92.068 Y71.938 E371.7011
G1 X92.099 Y72.250 E371.7115
G1 X92.068 Y72.562 E371.7220
G1 X91.977 Y72.862 E371.7324
G1 X91.830 Y73.138 E371.7428
G1 X91.631 Y73.381 E371.7532
G1 X91.388 Y73.580 E371.7637
G1 X91.277 Y73.639 E371.7679
G0 F1800 X91.112 Y73.727
G0 F1800 X90.812 Y73.818
G1 F3000 E366.7679
G0 F4200 X90.575 Y71.342
;TYPE:SOLID-FILL
;WIDTH:0.400
G1 F900 Z5.400
G1 F1500 E371.7679
G1 F2400 X91.408 Y72.175 E371.8071
G1 X91.415 Y72.250 E371.8096
G1 X91.397 Y72.428 E371.8155
G1 X91.344 Y72.602 E371.8216
G1 X91.319 Y72.651 E371.8234
G1 X90.005 Y71.337 E371.8852
G1 X89.436 Y71.335 E371.9041
G1 X91.066 Y72.964 E371.9808
G1 X91.006 Y73.015 E371.9834
G1 X90.851 Y73.095 E371.9892
G1 X90.682 Y73.146 E371.9951
G1 X88.869 Y71.332 E372.0804
G1 X88.300 Y71.330 E372.0993
G1 X90.140 Y73.169 E372.1858
G1 X89.574 Y73.169 E372.2046
G1 X88.085 Y71.680 E372.2747
G0 F2400 X87.732 Y71.327
G1 F3000 E367.2747
G1 F900 Z5.700
G0 F4200 X82.146 Y73.095
G1 F900 Z5.400
G1 F1500 E372.2747
G1 F2400 X81.653 Y72.602 E372.2979
G1 X81.601 Y72.428 E372.3039
G1 X81.583 Y72.250 E372.3099
G1 X81.601 Y72.071 E372.3158
G1 X81.621 Y72.004 E372.3182
G1 X82.786 Y73.169 E372.3730
G1 X83.352 Y73.169 E372.3918
G1 X81.820 Y71.638 E372.4638
G1 X81.849 Y71.603 E372.4653
G1 X81.992 Y71.484 E372.4715
G1 X82.146 Y71.405 E372.4773
G1 X82.151 Y71.403 E372.4775
G1 X83.918 Y73.169 E372.5606
G1 X84.483 Y73.169 E372.5793
G1 X82.643 Y71.330 E372.6659
G1 X83.209 Y71.330 E372.6847
G1 X85.049 Y73.169 E372.7712
G1 X85.615 Y73.169 E372.7900
G1 X83.775 Y71.330 E372.8766
G1 X84.340 Y71.330 E372.8954
G1 X86.180 Y73.169 E372.9819
G1 X86.746 Y73.169 E373.0007
G1 X84.906 Y71.330 E373.0872
G1 X85.472 Y71.330 E373.1061
G1 X87.312 Y73.169 E373.1926
G1 X87.877 Y73.169 E373.2114
G1 X85.579 Y70.871 E373.3195
G1 X85.579 Y70.306 E373.3383
G1 X88.443 Y73.169 E373.4729
G1 X89.009 Y73.169 E373.4918
G1 X85.579 Y69.740 E373.6531
G1 X85.579 Y69.174 E373.6719
G1 X87.419 Y71.014 E373.7585
G1 X87.419 Y70.449 E373.7773
G1 X85.579 Y68.609 E373.8638
G1 X85.579 Y68.043 E373.8826
G1 X87.419 Y69.883 E373.9692
G1 X87.419 Y69.317 E373.9880
G1 X85.579 Y67.477 E374.0745
G1 X85.579 Y66.912 E374.0933
G1 X87.419 Y68.751 E374.1799
G1 X87.419 Y68.186 E374.1987
G1 X85.579 Y66.346 E374.2852
G1 X85.579 Y65.780 E374.3040
G1 X87.419 Y67.620 E374.3906
G1 X87.419 Y67.054 E374.4094
G1 X85.579 Y65.215 E374.4959
G1 X85.579 Y64.649 E374.5148
G1 X87.419 Y66.489 E374.6013
G1 X87.419 Y65.923 E374.6201
G1 X85.579 Y64.083 E374.7067
G1 X85.579 Y63.517 E374.7255
G1 X87.419 Y65.357 E374.8120
G1 X87.419 Y64.792 E374.8308
G1 X85.579 Y62.952 E374.9174
G1 X85.579 Y62.386 E374.9362
G1 X87.419 Y64.226 E375.0228
G1 X87.419 Y63.660 E375.0416
G1 X85.579 Y61.820 E375.1281
G1 X85.579 Y61.255 E375.1469
G1 X87.419 Y63.095 E375.2335
G1 X87.419 Y62.529 E375.2523
G1 X85.579 Y60.689 E375.3388
G1 X85.579 Y60.642 E375.3404
G1 X85.742 Y60.286 E375.3534
G1 X87.419 Y61.963 E375.4323
G1 X87.419 Y61.398 E375.4511
G1 X85.919 Y59.898 E375.5217
G1 X86.097 Y59.510 E375.5359
G1 X87.419 Y60.832 E375.5980
G1 X87.418 Y60.640 E375.6044
G1 X87.104 Y59.952 E375.6296
G1 X86.274 Y59.121 E375.6686
G1 X86.322 Y59.018 E375.6724
G0 F2400 X86.424 Y58.795
G0 F2400 X86.513 Y58.795
G0 F2400 X86.631 Y58.912
G1 F3000 E370.6724
G1 F900 Z5.700
G0 F4200 X98.130 Y73.450
;TYPE:WALL-INNER
;WIDTH:0.400
G1 F900 Z5.400
G1 F1500 E375.6724
G1 F2400 X97.867 Y73.424 E375.6812
G1 X97.642 Y73.356 E375.6890
G1 X97.435 Y73.246 E375.6968
G1 X97.253 Y73.097 E375.7047
G1 X97.104 Y72.915 E375.7125
G1 X96.994 Y72.708 E375.7203
G1 X96.926 Y72.483 E375.7281
G1 X96.903 Y72.250 E375.7359
G1 X96.926 Y72.017 E375.7437
G1 X96.995 Y71.791 E375.7515
G1 X97.104 Y71.584 E375.7593
G1 X97.253 Y71.403 E375.7671
G1 X97.435 Y71.254 E375.7749
G1 X97.642 Y71.144 E375.7827
G1 X97.867 Y71.076 E375.7905
G1 X98.130 Y71.050 E375.7993
G1 X100.900 Y71.050 E375.8915
G1 X100.900 Y60.581 E376.2397
G1 X101.865 Y58.471 E376.3168
G1 X101.988 Y58.375 E376.3220
G1 X102.042 Y58.358 E376.3239
G1 X102.158 Y58.358 E376.3278
G1 X102.265 Y58.403 E376.3316
G1 X102.354 Y58.504 E376.3361
G1 X103.300 Y60.580 E376.4120
G1 X103.300 Y71.047 E376.7601
G1 X106.171 Y71.060 E376.8556
G1 X106.333 Y71.076 E376.8610
G1 X106.558 Y71.144 E376.8688
G1 X106.765 Y71.254 E376.8766
G1 X106.947 Y71.403 E376.8845
G1 X107.096 Y71.585 E376.8923
G1 X107.206 Y71.792 E376.9001
G1 X107.274 Y72.017 E376.9079
G1 X107.297 Y72.250 E376.9157
G1 X107.274 Y72.483 E376.9235
G1 X107.206 Y72.708 E376.9313
G1 X107.096 Y72.915 E376.9391
G1 X106.947 Y73.097 E376.9469
G1 X106.765 Y73.246 E376.9547
G1 X106.558 Y73.356 E376.9625
G1 X106.333 Y73.424 E376.9703
G1 X106.070 Y73.450 E376.9791
G1 X98.630 Y73.450 E377.2266
G0 F2400 X98.130 Y73.450
G1 F3000 E372.2266
G0 F4200 X98.110 Y73.850
;TYPE:WALL-OUTER
;WIDTH:0.400
G1 F900 Z5.400
G1 F1500 E377.2266
G1 F1800 X97.788 Y73.818 E377.2373
G1 X97.488 Y73.727 E377.2478
G1 X97.212 Y73.580 E377.2582
G1 X96.969 Y73.381 E377.2686
G1 X96.770 Y73.138 E377.2791
G1 X96.623 Y72.862 E377.2895
G1 X96.532 Y72.562 E377.2999
G1 X96.501 Y72.250 E377.3103
G1 X96.532 Y71.938 E377.3208
G1 X96.623 Y71.638 E377.3312
G1 X96.770 Y71.361 E377.3416
G1 X96.969 Y71.119 E377.3520
G1 X97.212 Y70.920 E377.3625
G1 X97.488 Y70.773 E377.3729
G1 X97.788 Y70.682 E377.3833
G1 X98.110 Y70.650 E377.3941
G1 X100.500 Y70.650 E377.4736
G1 X100.500 Y60.494 E377.8113
G1 X101.523 Y58.257 E377.8932
G1 X101.606 Y58.156 E377.8975
G1 X101.712 Y58.069 E377.9021
G1 X101.833 Y58.004 E377.9066
G1 X101.963 Y57.964 E377.9112
G1 X102.100 Y57.951 E377.9157
G1 X102.237 Y57.964 E377.9203
G1 X102.367 Y58.004 E377.9248
G1 X102.488 Y58.069 E377.9294
G1 X102.591 Y58.153 E377.9338
G1 X102.700 Y58.299 E377.9399
G1 X103.700 Y60.493 E378.0201
G1 X103.700 Y70.649 E378.3579
G1 X106.192 Y70.660 E378.4408
G1 X106.412 Y70.682 E378.4481
G1 X106.712 Y70.773 E378.4585
G1 X106.988 Y70.920 E378.4689
G1 X107.231 Y71.119 E378.4794
G1 X107.430 Y71.362 E378.4898
G1 X107.577 Y71.638 E378.5002
G1 X107.668 Y71.938 E378.5107
G1 X107.699 Y72.250 E378.5211
G1 X107.668 Y72.562 E378.5315
G1 X107.577 Y72.862 E378.5419
G1 X107.430 Y73.138 E378.5523
G1 X107.231 Y73.381 E378.5628
G1 X106.988 Y73.580 E378.5732
G1 X106.712 Y73.727 E378.5836
G1 X106.412 Y73.818 E378.5941
G1 X106.090 Y73.850 E378.6048
G1 X98.610 Y73.850 E378.8536
G0 F1800 X98.110 Y73.850
G1 F3000 E373.8536
G0 F4200 X98.050 Y73.160
;TYPE:SOLID-FILL
;WIDTH:0.400
G1 F900 Z5.400
G1 F1500 E378.8536
G1 F2400 X97.188 Y72.298 E378.8942
G1 X97.183 Y72.249 E378.8958
G1 X97.201 Y72.071 E378.9018
G1 X97.254 Y71.897 E378.9078
G1 X97.288 Y71.832 E378.9102
G1 X98.625 Y73.169 E378.9731
G1 X99.191 Y73.169 E378.9920
G1 X97.546 Y71.524 E379.0693
G1 X97.592 Y71.484 E379.0714
G1 X97.746 Y71.405 E379.0771
G1 X97.920 Y71.352 E379.0832
G1 X97.937 Y71.350 E379.0837
G1 X99.757 Y73.169 E379.1693
G1 X100.322 Y73.169 E379.1881
G1 X98.483 Y71.330 E379.2746
G1 X99.048 Y71.330 E379.2934
G1 X100.888 Y73.169 E379.3799
G1 X101.454 Y73.169 E379.3988
G1 X99.614 Y71.330 E379.4853
G1 X100.180 Y71.330 E379.5041
G1 X102.019 Y73.169 E379.5906
G1 X102.585 Y73.169 E379.6094
G1 X100.745 Y71.330 E379.6960
G1 X101.179 Y71.329 E379.7104
G1 X101.179 Y71.197 E379.7148
G1 X103.151 Y73.169 E379.8075
G1 X103.717 Y73.169 E379.8264
G1 X101.179 Y70.632 E379.9457
G1 X101.179 Y70.066 E379.9645
G1 X104.282 Y73.169 E380.1105
G1 X104.848 Y73.169 E380.1293
G1 X101.179 Y69.500 E380.3019
G1 X101.179 Y68.935 E380.3207
G1 X103.019 Y70.775 E380.4072
G1 X103.019 Y70.210 E380.4260
G1 X101.179 Y68.369 E380.5126
G1 X101.179 Y67.803 E380.5314
G1 X103.019 Y69.644 E380.6180
G1 X103.019 Y69.078 E380.6368
G1 X101.179 Y67.238 E380.7234
G1 X101.179 Y66.672 E380.7422
G1 X103.019 Y68.512 E380.8287
G1 X103.019 Y67.947 E380.8475
G1 X101.179 Y66.106 E380.9341
G1 X101.179 Y65.541 E380.9529
G1 X103.019 Y67.381 E381.0395
G1 X103.019 Y66.815 E381.0583
G1 X101.179 Y64.975 E381.1448
G1 X101.179 Y64.409 E381.1636
G1 X103.019 Y66.250 E381.2502
G1 X103.019 Y65.684 E381.2690
G1 X101.179 Y63.843 E381.3556
G1 X101.179 Y63.278 E381.3744
G1 X103.019 Y65.118 E381.4610
G1 X103.019 Y64.553 E381.4797
G1 X101.179 Y62.712 E381.5663
G1 X101.179 Y62.146 E381.5851
G1 X103.019 Y63.987 E381.6717
G1 X103.019 Y63.421 E381.6905
G1 X101.179 Y61.581 E381.7771
G1 X101.179 Y61.015 E381.7959
G1 X103.019 Y62.856 E381.8825
G1 X103.019 Y62.290 E381.9013
G1 X101.239 Y60.509 E381.9851
G1 X101.416 Y60.121 E381.9992
G1 X103.019 Y61.724 E382.0746
G1 X103.019 Y61.159 E382.0934
G1 X101.594 Y59.733 E382.1605
G1 X101.771 Y59.345 E382.1747
G1 X102.979 Y60.553 E382.2315
G1 X102.505 Y59.512 E382.2695
G1 X102.303 Y59.310 E382.2790
G0 F2400 X101.949 Y58.957
G1 F3000 E377.2790
G1 F900 Z5.700
G0 F4200 X103.572 Y71.328
G1 F900 Z5.400
G1 F1500 E382.2790
G1 F2400 X105.414 Y73.169 E382.3657
G1 X105.979 Y73.169 E382.3845
G1 X104.141 Y71.331 E382.4709
G1 X104.709 Y71.333 E382.4898
G1 X106.464 Y73.088 E382.5723
G1 X106.606 Y73.014 E382.5777
G1 X106.746 Y72.897 E382.5837
G1 X106.788 Y72.847 E382.5859
G1 X105.277 Y71.336 E382.6570
G1 X105.846 Y71.339 E382.6759
G1 X106.983 Y72.476 E382.7294
G1 X106.997 Y72.429 E382.7310
G1 X107.015 Y72.250 E382.7370
G1 X106.997 Y72.070 E382.7430
G1 X106.944 Y71.897 E382.7490
G1 X106.917 Y71.844 E382.7510
G1 X106.858 Y71.785 E382.7538
G0 F2400 X106.505 Y71.432
G1 F3000 E377.7538
G1 F900 Z5.700
G0 F4200 X103.713 Y71.186
;TYPE:SOLID-FILL
;WIDTH:0.400
G1 F900 Z5.400
G1 F1500 E382.7538
G1 F3000 X103.655 Y71.128 E382.7565
G1 F3000 E377.7565
G1 F900 Z5.700
G0 F4200 X102.090 Y58.815
G1 F900 Z5.400
G1 F1500 E382.7565
G1 F3000 X101.887 Y58.612 E382.7661
;LAYER:27
;Z:5.600
;HEIGHT:0.200
G1 F3000 E377.7661
G0 F900 Z5.600
G0 F4200 X98.130 Y73.450
;TYPE:WALL-INNER
;WIDTH:0.400
G1 F900 Z5.600
G1 F1500 E382.7661
G1 F2400 X97.867 Y73.424 E382.7749
G1 X97.642 Y73.356 E382.7827
G1 X97.435 Y73.246 E382.7905
G1 X97.253 Y73.097 E382.7983
G1 X97.104 Y72.915 E382.8061
G1 X96.994 Y72.708 E382.8139
G1 X96.926 Y72.483 E382.8217
G1 X96.903 Y72.250 E382.8295
G1 X96.926 Y72.017 E382.8373
G1 X96.994 Y71.792 E382.8451
G1 X97.104 Y71.585 E382.8529
G1 X97.253 Y71.403 E382.8607
G1 X97.435 Y71.254 E382.8686
G1 X97.642 Y71.144 E382.8764
G1 X97.867 Y71.076 E382.8842
G1 X98.130 Y71.050 E382.8930
G1 X100.900 Y71.050 E382.9851
G1 X100.900 Y60.581 E383.3333
G1 X101.865 Y58.471 E383.4105
G1 X101.988 Y58.375 E383.4157
G1 X102.042 Y58.358 E383.4175
G1 X102.158 Y58.358 E383.4214
G1 X102.264 Y58.403 E383.4252
G1 X102.352 Y58.501 E383.4296
G1 X103.300 Y60.580 E383.5056
G1 X103.300 Y71.047 E383.8537
G1 X106.162 Y71.059 E383.9489
G1 X106.333 Y71.076 E383.9547
G1 X106.558 Y71.144 E383.9625
G1 X106.765 Y71.254 E383.9703
G1 X106.947 Y71.403 E383.9781
G1 X107.096 Y71.585 E383.9859
G1 X107.206 Y71.792 E383.9937
G1 X107.274 Y72.017 E384.0015
G1 X107.297 Y72.250 E384.0093
G1 X107.274 Y72.483 E384.0171
G1 X107.206 Y72.708 E384.0249
G1 X107.096 Y72.915 E384.0327
G1 X106.947 Y73.097 E384.0405
G1 X106.765 Y73.246 E384.0484
G1 X106.558 Y73.356 E384.0562
G1 X106.333 Y73.424 E384.0640
G1 X106.070 Y73.450 E384.0728
G1 X98.630 Y73.450 E384.3202
G0 F2400 X98.130 Y73.450
G1 F3000 E379.3202
G0 F4200 X98.110 Y73.850
;TYPE:WALL-OUTER
;WIDTH:0.400
G1 F900 Z5.600
G1 F1500 E384.3202
G1 F1800 X97.788 Y73.818 E384.3310
G1 X97.488 Y73.727 E384.3414
G1 X97.212 Y73.580 E384.3518
G1 X96.969 Y73.381 E384.3623
G1 X96.770 Y73.138 E384.3727
G1 X96.623 Y72.862 E384.3831
G1 X96.532 Y72.562 E384.3935
G1 X96.501 Y72.250 E384.4040
G1 X96.532 Y71.938 E384.4144
G1 X96.623 Y71.638 E384.4248
G1 X96.770 Y71.362 E384.4352
G1 X96.969 Y71.119 E384.4457
G1 X97.212 Y70.920 E384.4561
G1 X97.488 Y70.773 E384.4665
G1 X97.788 Y70.682 E384.4769
G1 X98.110 Y70.650 E384.4877
G1 X100.500 Y70.650 E384.5672
G1 X100.500 Y60.494 E384.9050
G1 X101.523 Y58.257 E384.9868
G1 X101.606 Y58.156 E384.9911
G1 X101.712 Y58.069 E384.9957
G1 X101.833 Y58.004 E385.0003
G1 X101.963 Y57.964 E385.0048
G1 X102.100 Y57.951 E385.0094
G1 X102.237 Y57.964 E385.0140
G1 X102.367 Y58.004 E385.0185
G1 X102.488 Y58.069 E385.0230
G1 X102.591 Y58.154 E385.0275
G1 X102.698 Y58.295 E385.0334
G1 X103.700 Y60.493 E385.1137
G1 X103.700 Y70.649 E385.4515
G1 X106.183 Y70.659 E385.5341
G1 X106.412 Y70.682 E385.5418
G1 X106.712 Y70.773 E385.5522
G1 X106.988 Y70.920 E385.5626
G1 X107.231 Y71.119 E385.5730
G1 X107.430 Y71.362 E385.5835
G1 X107.577 Y71.638 E385.5939
G1 X107.668 Y71.938 E385.6043
G1 X107.699 Y72.250 E385.6147
G1 X107.668 Y72.562 E385.6252
G1 X107.577 Y72.862 E385.6356
G1 X107.430 Y73.138 E385.6460
G1 X107.231 Y73.381 E385.6564
G1 X106.988 Y73.580 E385.6669
G1 X106.712 Y73.727 E385.6773
G1 X106.412 Y73.818 E385.6877
G1 X106.090 Y73.850 E385.6985
G1 X98.610 Y73.850 E385.9473
G0 F1800 X98.110 Y73.850
G1 F3000 E380.9473
G0 F4200 X97.722 Y71.417
;TYPE:SOLID-FILL
;WIDTH:0.400
G1 F900 Z5.600
G1 F1500 E385.9473
G1 F2400 X97.266 Y71.873 E385.9687
G1 X97.254 Y71.897 E385.9696
G1 X97.201 Y72.071 E385.9756
G1 X97.183 Y72.249 E385.9816
G1 X97.201 Y72.428 E385.9876
G1 X97.219 Y72.486 E385.9896
G1 X98.376 Y71.329 E386.0440
G1 X98.941 Y71.329 E386.0628
G1 X97.416 Y72.854 E386.1345
G1 X97.451 Y72.897 E386.1364
G1 X97.592 Y73.015 E386.1425
G1 X97.743 Y73.093 E386.1482
G1 X99.507 Y71.329 E386.2311
G1 X100.073 Y71.329 E386.2500
G1 X98.232 Y73.169 E386.3365
G1 X98.798 Y73.169 E386.3554
G1 X100.285 Y71.682 E386.4253
G0 F2400 X100.638 Y71.329
G1 F3000 E381.4253
G1 F900 Z5.900
G0 F4200 X106.162 Y73.160
G1 F900 Z5.600
G1 F1500 E386.4253
G1 F2400 X107.008 Y72.313 E386.4651
G1 X107.015 Y72.250 E386.4672
G1 X106.997 Y72.070 E386.4732
G1 X106.944 Y71.897 E386.4793
G1 X106.915 Y71.841 E386.4814
G1 X105.586 Y73.169 E386.5438
G1 X105.020 Y73.169 E386.5627
G1 X106.661 Y71.529 E386.6398
G1 X106.606 Y71.484 E386.6422
G1 X106.452 Y71.405 E386.6479
G1 X106.278 Y71.352 E386.6540
G1 X106.273 Y71.351 E386.6542
G1 X104.455 Y73.169 E386.7397
G1 X103.889 Y73.169 E386.7585
G1 X105.722 Y71.337 E386.8447
G1 X105.159 Y71.334 E386.8634
G1 X103.323 Y73.169 E386.9498
G1 X102.758 Y73.169 E386.9686
G1 X104.595 Y71.332 E387.0550
G1 X104.032 Y71.330 E387.0737
G1 X102.192 Y73.169 E387.1602
G1 X101.626 Y73.169 E387.1790
G1 X103.469 Y71.327 E387.2657
G1 X103.019 Y71.325 E387.2807
G1 X103.019 Y71.212 E387.2844
G1 X101.061 Y73.169 E387.3765
G1 X100.495 Y73.169 E387.3953
G1 X103.019 Y70.646 E387.5140
G1 X103.019 Y70.080 E387.5329
G1 X99.929 Y73.169 E387.6782
G1 X99.364 Y73.169 E387.6970
G1 X103.019 Y69.514 E387.8689
G1 X103.019 Y68.949 E387.8877
G1 X101.179 Y70.789 E387.9742
G1 X101.179 Y70.223 E387.9931
G1 X103.019 Y68.383 E388.0796
G1 X103.019 Y67.817 E388.0984
G1 X101.179 Y69.657 E388.1850
G1 X101.179 Y69.092 E388.2038
G1 X103.019 Y67.252 E388.2903
G1 X103.019 Y66.686 E388.3091
G1 X101.179 Y68.526 E388.3957
G1 X101.179 Y67.960 E388.4145
G1 X103.019 Y66.120 E388.5011
G1 X103.019 Y65.555 E388.5198
G1 X101.179 Y67.395 E388.6064
G1 X101.179 Y66.829 E388.6252
G1 X103.019 Y64.989 E388.7118
G1 X103.019 Y64.423 E388.7306
G1 X101.179 Y66.263 E388.8171
G1 X101.179 Y65.697 E388.8360
G1 X103.019 Y63.858 E388.9225
G1 X103.019 Y63.292 E388.9413
G1 X101.179 Y65.132 E389.0279
G1 X101.179 Y64.566 E389.0467
G1 X103.019 Y62.726 E389.1332
G1 X103.019 Y62.161 E389.1520
G1 X101.179 Y64.000 E389.2386
G1 X101.179 Y63.435 E389.2573
G1 X103.019 Y61.595 E389.3439
G1 X103.019 Y61.029 E389.3627
G1 X101.179 Y62.869 E389.4493
G1 X101.179 Y62.303 E389.4681
G1 X102.963 Y60.519 E389.5520
G1 X102.785 Y60.131 E389.5662
G1 X101.179 Y61.738 E389.6418
G1 X101.179 Y61.172 E389.6606
G1 X102.608 Y59.742 E389.7278
G1 X102.431 Y59.354 E389.7420
G1 X101.210 Y60.575 E389.7995
G1 X101.685 Y59.534 E389.8375
G1 X101.900 Y59.319 E389.8476
G0 F2400 X102.254 Y58.966
G0 F4200 X102.112 Y58.824
;TYPE:SOLID-FILL
;WIDTH:0.400
G1 F3000 X102.316 Y58.620 E389.8572
G1 F3000 E384.8572
G1 F900 Z5.900
G0 F4200 X100.555 Y71.129
G1 F900 Z5.600
G1 F1500 E389.8572
G1 F3000 X100.496 Y71.188 E389.8600
G1 F3000 E384.8600
G1 F900 Z5.900
G0 F4200 X90.733 Y73.424
;TYPE:WALL-INNER
;WIDTH:0.400
G1 F900 Z5.600
G1 F1500 E389.8600
G1 F2400 X90.470 Y73.450 E389.8688
G1 X82.530 Y73.450 E390.1329
G1 X82.267 Y73.424 E390.1417
G1 X82.042 Y73.356 E390.1495
G1 X81.835 Y73.246 E390.1573
G1 X81.653 Y73.097 E390.1651
G1 X81.504 Y72.915 E390.1729
G1 X81.394 Y72.708 E390.1807
G1 X81.326 Y72.483 E390.1885
G1 X81.303 Y72.250 E390.1963
G1 X81.326 Y72.017 E390.2041
G1 X81.394 Y71.792 E390.2119
G1 X81.504 Y71.585 E390.2197
G1 X81.653 Y71.403 E390.2275
G1 X81.835 Y71.254 E390.2354
G1 X82.042 Y71.144 E390.2432
G1 X82.267 Y71.076 E390.2510
G1 X82.530 Y71.050 E390.2598
G1 X85.300 Y71.050 E390.3519
G1 X85.300 Y60.581 E390.7001
G1 X86.265 Y58.471 E390.7773
G1 X86.388 Y58.375 E390.7825
G1 X86.442 Y58.358 E390.7843
G1 X86.558 Y58.358 E390.7882
G1 X86.664 Y58.403 E390.7920
G1 X86.752 Y58.501 E390.7964
G1 X87.700 Y60.580 E390.8724
G1 X87.700 Y71.047 E391.2205
G1 X90.562 Y71.059 E391.3157
G1 X90.733 Y71.076 E391.3215
G1 X90.958 Y71.144 E391.3293
G1 X91.165 Y71.254 E391.3371
G1 X91.347 Y71.403 E391.3449
G1 X91.496 Y71.585 E391.3527
G1 X91.606 Y71.792 E391.3605
G1 X91.674 Y72.017 E391.3683
G1 X91.697 Y72.250 E391.3761
G1 X91.674 Y72.483 E391.3839
G1 X91.606 Y72.708 E391.3917
G1 X91.496 Y72.915 E391.3995
G1 X91.347 Y73.097 E391.4073
G1 X91.189 Y73.227 E391.4141
G0 F2400 X91.165 Y73.246
G0 F2400 X90.958 Y73.356
G0 F2400 X90.733 Y73.424
G1 F3000 E386.4141
G0 F4200 X90.812 Y73.818
;TYPE:WALL-OUTER
;WIDTH:0.400
G1 F900 Z5.600
G1 F1500 E391.4141
G1 F1800 X90.490 Y73.850 E391.4249
G1 X82.510 Y73.850 E391.6903
G1 X82.188 Y73.818 E391.7011
G1 X81.888 Y73.727 E391.7115
G1 X81.612 Y73.580 E391.7219
G1 X81.369 Y73.381 E391.7324
G1 X81.170 Y73.138 E391.7428
G1 X81.023 Y72.862 E391.7532
G1 X80.932 Y72.562 E391.7636
G1 X80.901 Y72.250 E391.7741
G1 X80.932 Y71.938 E391.7845
G1 X81.023 Y71.638 E391.7949
G1 X81.170 Y71.362 E391.8053
G1 X81.369 Y71.119 E391.8158
G1 X81.612 Y70.920 E391.8262
G1 X81.888 Y70.773 E391.8366
G1 X82.188 Y70.682 E391.8470
G1 X82.510 Y70.650 E391.8578
G1 X84.900 Y70.650 E391.9373
G1 X84.900 Y60.494 E392.2751
G1 X85.923 Y58.257 E392.3569
G1 X86.006 Y58.156 E392.3612
G1 X86.112 Y58.069 E392.3658
G1 X86.233 Y58.004 E392.3704
G1 X86.363 Y57.964 E392.3749
G1 X86.500 Y57.951 E392.3795
G1 X86.637 Y57.964 E392.3841
G1 X86.767 Y58.004 E392.3886
G1 X86.888 Y58.069 E392.3931
G1 X86.991 Y58.154 E392.3976
G1 X87.098 Y58.295 E392.4035
G1 X88.100 Y60.493 E392.4838
G1 X88.100 Y70.649 E392.8216
G1 X90.583 Y70.659 E392.9042
G1 X90.812 Y70.682 E392.9119
G1 X91.112 Y70.773 E392.9223
G1 X91.388 Y70.920 E392.9327
G1 X91.631 Y71.119 E392.9431
G1 X91.830 Y71.362 E392.9536
G1 X91.977 Y71.638 E392.9640
G1 X92.068 Y71.938 E392.9744
G1 X92.099 Y72.250 E392.9848
G1 X92.068 Y72.562 E392.9953
G1 X91.977 Y72.862 E393.0057
G1 X91.830 Y73.138 E393.0161
G1 X91.631 Y73.381 E393.0265
G1 X91.388 Y73.580 E393.0370
G1 X91.277 Y73.639 E393.0412
G0 F1800 X91.112 Y73.727
G0 F1800 X90.812 Y73.818
G1 F3000 E388.0412
G0 F4200 X90.313 Y73.169
;TYPE:SOLID-FILL
;WIDTH:0.400
G1 F900 Z5.600
G1 F1500 E393.0412
G1 F2400 X91.398 Y72.084 E393.0922
G1 X91.397 Y72.071 E393.0926
G1 X91.344 Y71.897 E393.0987
G1 X91.264 Y71.743 E393.1044
G1 X91.223 Y71.694 E393.1066
G1 X89.747 Y73.169 E393.1760
G1 X89.181 Y73.169 E393.1948
G1 X90.914 Y71.436 E393.2763
G1 X90.851 Y71.405 E393.2787
G1 X90.678 Y71.352 E393.2847
G1 X90.547 Y71.339 E393.2890
G1 X90.447 Y71.338 E393.2924
G1 X88.616 Y73.169 E393.3785
G1 X88.050 Y73.169 E393.3973
G1 X89.884 Y71.335 E393.4836
G1 X89.321 Y71.333 E393.5023
G1 X87.484 Y73.169 E393.5887
G1 X86.918 Y73.169 E393.6075
G1 X88.757 Y71.331 E393.6940
G1 X88.194 Y71.328 E393.7127
G1 X86.353 Y73.169 E393.7993
G1 X85.787 Y73.169 E393.8181
G1 X87.631 Y71.326 E393.9049
G1 X87.419 Y71.325 E393.9119
G1 X87.418 Y70.973 E393.9236
G1 X85.221 Y73.169 E394.0269
G1 X84.656 Y73.169 E394.0457
G1 X87.418 Y70.407 E394.1756
G1 X87.418 Y69.841 E394.1945
G1 X84.090 Y73.169 E394.3510
G1 X83.524 Y73.169 E394.3698
G1 X85.364 Y71.330 E394.4564
G1 X84.799 Y71.330 E394.4751
G1 X82.959 Y73.169 E394.5617
G1 X82.543 Y73.169 E394.5755
G1 X82.406 Y73.157 E394.5801
G1 X84.233 Y71.330 E394.6660
G1 X83.667 Y71.330 E394.6848
G1 X81.986 Y73.010 E394.7639
G1 X81.851 Y72.897 E394.7697
G1 X81.734 Y72.757 E394.7758
G1 X81.714 Y72.717 E394.7773
G1 X83.102 Y71.330 E394.8426
G1 X82.543 Y71.330 E394.8612
G1 X82.535 Y71.330 E394.8614
G1 X81.940 Y71.926 E394.8894
G0 F2400 X81.587 Y72.279
G1 F3000 E389.8894
G1 F900 Z5.900
G0 F4200 X85.579 Y71.115
G1 F900 Z5.600
G1 F1500 E394.8894
G1 F2400 X87.418 Y69.275 E394.9760
G1 X87.418 Y68.710 E394.9948
G1 X85.579 Y70.549 E395.0813
G1 X85.579 Y69.983 E395.1001
G1 X87.418 Y68.144 E395.1866
G1 X87.418 Y67.578 E395.2054
G1 X85.579 Y69.418 E395.2919
G1 X85.579 Y68.852 E395.3108
G1 X87.418 Y67.013 E395.3973
G1 X87.418 Y66.447 E395.4161
G1 X85.579 Y68.286 E395.5026
G1 X85.579 Y67.721 E395.5214
G1 X87.418 Y65.881 E395.6079
G1 X87.418 Y65.316 E395.6267
G1 X85.579 Y67.155 E395.7132
G1 X85.579 Y66.589 E395.7320
G1 X87.418 Y64.750 E395.8185
G1 X87.418 Y64.184 E395.8373
G1 X85.579 Y66.023 E395.9238
G1 X85.579 Y65.458 E395.9426
G1 X87.418 Y63.619 E396.0291
G1 X87.418 Y63.053 E396.0480
G1 X85.579 Y64.892 E396.1345
G1 X85.579 Y64.326 E396.1533
G1 X87.418 Y62.487 E396.2398
G1 X87.418 Y61.922 E396.2586
G1 X85.579 Y63.761 E396.3451
G1 X85.579 Y63.195 E396.3639
G1 X87.418 Y61.356 E396.4504
G1 X87.418 Y60.790 E396.4692
G1 X85.579 Y62.629 E396.5557
G1 X85.579 Y62.064 E396.5745
G1 X87.288 Y60.355 E396.6549
G1 X87.110 Y59.967 E396.6691
G1 X85.579 Y61.498 E396.7411
G1 X85.579 Y60.932 E396.7599
G1 X86.933 Y59.578 E396.8236
G1 X86.756 Y59.190 E396.8378
G1 X85.812 Y60.134 E396.8822
G1 X86.251 Y59.173 E396.9174
G0 F2400 X86.288 Y59.092
G0 F2400 X86.578 Y58.802
G1 F3000 E391.9174
G1 F900 Z5.900
G0 F4200 X81.445 Y72.137
;TYPE:SOLID-FILL
;WIDTH:0.400
G1 F900 Z5.600
G1 F1500 E396.9174
G1 F3000 X81.387 Y72.195 E396.9201
G1 F3000 E391.9201
G1 F900 Z5.900
G0 F4200 X90.395 Y73.370
G1 F900 Z5.600
G1 F1500 E396.9201
G1 F3000 X90.454 Y73.311 E396.9229
;LAYER:28
;Z:5.800
;HEIGHT:0.200
G0 F900 Z5.800
G0 F4200 X90.733 Y73.424
;TYPE:WALL-INNER
;WIDTH:0.400
G1 F2400 X90.470 Y73.450 E396.9317
G1 X82.530 Y73.450 E397.1957
G1 X82.267 Y73.424 E397.2045
G1 X82.042 Y73.356 E397.2124
G1 X81.835 Y73.246 E397.2201
G1 X81.653 Y73.097 E397.2280
G1 X81.504 Y72.915 E397.2358
G1 X81.394 Y72.708 E397.2436
G1 X81.326 Y72.483 E397.2514
G1 X81.303 Y72.250 E397.2592
G1 X81.326 Y72.017 E397.2670
G1 X81.394 Y71.792 E397.2748
G1 X81.504 Y71.585 E397.2826
G1 X81.653 Y71.403 E397.2904
G1 X81.835 Y71.254 E397.2982
G1 X82.042 Y71.144 E397.3060
G1 X82.267 Y71.076 E397.3139
G1 X82.530 Y71.050 E397.3226
G1 X85.300 Y71.050 E397.4148
G1 X85.300 Y60.581 E397.7630
G1 X86.265 Y58.471 E397.8401
G1 X86.388 Y58.375 E397.8453
G1 X86.442 Y58.358 E397.8472
G1 X86.558 Y58.358 E397.8511
G1 X86.664 Y58.403 E397.8549
G1 X86.750 Y58.497 E397.8591
G1 X87.700 Y60.580 E397.9353
G1 X87.700 Y71.048 E398.2835
G1 X90.553 Y71.058 E398.3784
G1 X90.733 Y71.076 E398.3844
G1 X90.958 Y71.144 E398.3922
G1 X91.165 Y71.254 E398.4000
G1 X91.347 Y71.403 E398.4078
G1 X91.496 Y71.585 E398.4156
G1 X91.606 Y71.792 E398.4234
G1 X91.674 Y72.017 E398.4312
G1 X91.697 Y72.250 E398.4390
G1 X91.674 Y72.483 E398.4468
G1 X91.606 Y72.708 E398.4546
G1 X91.496 Y72.915 E398.4624
G1 X91.347 Y73.097 E398.4703
G1 X91.189 Y73.227 E398.4771
G0 F2400 X91.165 Y73.246
G0 F2400 X90.958 Y73.356
G0 F2400 X90.733 Y73.424
G1 F3000 E393.4771
G0 F4200 X90.812 Y73.818
;TYPE:WALL-OUTER
;WIDTH:0.400
G1 F900 Z5.800
G1 F1500 E398.4771
G1 F1800 X90.490 Y73.850 E398.4878
G1 X82.510 Y73.850 E398.7532
G1 X82.188 Y73.818 E398.7640
G1 X81.888 Y73.727 E398.7744
G1 X81.612 Y73.580 E398.7848
G1 X81.369 Y73.381 E398.7953
G1 X81.170 Y73.138 E398.8057
G1 X81.023 Y72.862 E398.8161
G1 X80.932 Y72.562 E398.8266
G1 X80.901 Y72.250 E398.8370
G1 X80.932 Y71.938 E398.8474
G1 X81.023 Y71.638 E398.8578
G1 X81.170 Y71.362 E398.8682
G1 X81.369 Y71.119 E398.8787
G1 X81.612 Y70.920 E398.8891
G1 X81.888 Y70.773 E398.8995
G1 X82.188 Y70.682 E398.9100
G1 X82.510 Y70.650 E398.9207
G1 X84.900 Y70.650 E399.0002
G1 X84.900 Y60.494 E399.3380
G1 X85.923 Y58.257 E399.4198
G1 X86.006 Y58.156 E399.4242
G1 X86.112 Y58.069 E399.4287
G1 X86.233 Y58.004 E399.4333
G1 X86.363 Y57.964 E399.4378
G1 X86.500 Y57.951 E399.4424
G1 X86.637 Y57.964 E399.4470
G1 X86.767 Y58.004 E399.4515
G1 X86.888 Y58.069 E399.4561
G1 X86.991 Y58.154 E399.4605
G1 X87.095 Y58.291 E399.4662
G1 X88.100 Y60.493 E399.5467
G1 X88.100 Y70.649 E399.8845
G1 X90.574 Y70.658 E399.9668
G1 X90.812 Y70.682 E399.9748
G1 X91.112 Y70.773 E399.9852
G1 X91.388 Y70.920 E399.9956
G1 X91.631 Y71.119 E400.0060
G1 X91.830 Y71.362 E400.0165
G1 X91.977 Y71.638 E400.0269
G1 X92.068 Y71.938 E400.0373
G1 X92.099 Y72.250 E400.0477
G1 X92.068 Y72.562 E400.0582
G1 X91.977 Y72.862 E400.0686
G1 X91.830 Y73.138 E400.0790
G1 X91.631 Y73.381 E400.0894
G1 X91.388 Y73.580 E400.0999
G1 X91.277 Y73.639 E400.1041
G0 F1800 X91.112 Y73.727
G0 F1800 X90.812 Y73.818
G1 F3000 E395.1041
G0 F4200 X90.575 Y71.342
;TYPE:SOLID-FILL
;WIDTH:0.400
G1 F900 Z5.800
G1 F1500 E400.1041
G1 F2400 X91.408 Y72.175 E400.1433
G1 X91.415 Y72.250 E400.1458
G1 X91.397 Y72.428 E400.1517
G1 X91.344 Y72.602 E400.1578
G1 X91.319 Y72.651 E400.1596
G1 X90.004 Y71.336 E400.2214
G1 X89.435 Y71.333 E400.2404
G1 X91.066 Y72.964 E400.3171
G1 X91.006 Y73.015 E400.3197
G1 X90.851 Y73.095 E400.3255
G1 X90.682 Y73.146 E400.3314
G1 X88.867 Y71.331 E400.4167
G1 X88.299 Y71.329 E400.4356
G1 X90.140 Y73.169 E400.5222
G1 X89.574 Y73.169 E400.5410
G1 X88.085 Y71.680 E400.6111
G0 F2400 X87.732 Y71.327
G1 F3000 E395.6111
G1 F900 Z6.100
G0 F4200 X82.146 Y73.095
G1 F900 Z5.800
G1 F1500 E400.6111
G1 F2400 X81.653 Y72.602 E400.6343
G1 X81.601 Y72.428 E400.6403
G1 X81.583 Y72.250 E400.6463
G1 X81.601 Y72.071 E400.6522
G1 X81.621 Y72.004 E400.6546
G1 X82.786 Y73.169 E400.7094
G1 X83.352 Y73.169 E400.7282
G1 X81.820 Y71.638 E400.8002
G1 X81.851 Y71.602 E400.8018
G1 X81.992 Y71.484 E400.8079
G1 X82.146 Y71.405 E400.8137
G1 X82.151 Y71.403 E400.8139
G1 X83.918 Y73.169 E400.8969
G1 X84.483 Y73.169 E400.9157
G1 X82.643 Y71.330 E401.0023
G1 X83.209 Y71.330 E401.0211
G1 X85.049 Y73.169 E401.1076
G1 X85.615 Y73.169 E401.1264
G1 X83.775 Y71.330 E401.2130
G1 X84.340 Y71.330 E401.2318
G1 X86.180 Y73.169 E401.3183
G1 X86.746 Y73.169 E401.3371
G1 X84.906 Y71.330 E401.4236
G1 X85.472 Y71.330 E401.4425
G1 X87.312 Y73.169 E401.5290
G1 X87.877 Y73.169 E401.5478
G1 X85.579 Y70.871 E401.6559
G1 X85.579 Y70.306 E401.6746
G1 X88.443 Y73.169 E401.8093
G1 X89.009 Y73.169 E401.8282
G1 X85.579 Y69.740 E401.9895
G1 X85.579 Y69.174 E402.0083
G1 X87.419 Y71.014 E402.0949
G1 X87.419 Y70.449 E402.1136
G1 X85.579 Y68.609 E402.2002
G1 X85.579 Y68.043 E402.2190
G1 X87.419 Y69.883 E402.3056
G1 X87.419 Y69.317 E402.3244
G1 X85.579 Y67.477 E402.4109
G1 X85.579 Y66.912 E402.4297
G1 X87.419 Y68.751 E402.5163
G1 X87.419 Y68.186 E402.5350
G1 X85.579 Y66.346 E402.6216
G1 X85.579 Y65.780 E402.6404
G1 X87.419 Y67.620 E402.7270
G1 X87.419 Y67.054 E402.7458
G1 X85.579 Y65.215 E402.8323
G1 X85.579 Y64.649 E402.8511
G1 X87.419 Y66.489 E402.9377
G1 X87.419 Y65.923 E402.9565
G1 X85.579 Y64.083 E403.0431
G1 X85.579 Y63.517 E403.0619
G1 X87.419 Y65.357 E403.1484
G1 X87.419 Y64.792 E403.1672
G1 X85.579 Y62.952 E403.2538
G1 X85.579 Y62.386 E403.2726
G1 X87.419 Y64.226 E403.3591
G1 X87.419 Y63.660 E403.3780
G1 X85.579 Y61.820 E403.4645
G1 X85.579 Y61.255 E403.4833
G1 X87.419 Y63.095 E403.5699
G1 X87.419 Y62.529 E403.5887
G1 X85.579 Y60.689 E403.6752
G1 X85.579 Y60.642 E403.6768
G1 X85.742 Y60.286 E403.6898
G1 X87.419 Y61.963 E403.7687
G1 X87.419 Y61.398 E403.7875
G1 X85.919 Y59.898 E403.8581
G1 X86.096 Y59.509 E403.8723
G1 X87.419 Y60.832 E403.9345
G1 X87.418 Y60.640 E403.9409
G1 X87.104 Y59.951 E403.9661
G1 X86.274 Y59.121 E404.0051
G1 X86.320 Y59.020 E404.0088
G0 F2400 X86.423 Y58.796
G0 F2400 X86.515 Y58.796
G0 F2400 X86.629 Y58.910
G1 F3000 E399.0088
G1 F900 Z6.100
G0 F4200 X98.130 Y73.450
;TYPE:WALL-INNER
;WIDTH:0.400
G1 F900 Z5.800
G1 F1500 E404.0088
G1 F2400 X97.867 Y73.424 E404.0176
G1 X97.642 Y73.356 E404.0254
G1 X97.435 Y73.246 E404.0332
G1 X97.253 Y73.097 E404.0410
G1 X97.104 Y72.915 E404.0488
G1 X96.994 Y72.708 E404.0566
G1 X96.926 Y72.483 E404.0645
G1 X96.903 Y72.250 E404.0722
G1 X96.926 Y72.017 E404.0800
G1 X96.994 Y71.792 E404.0879
G1 X97.104 Y71.585 E404.0957
G1 X97.253 Y71.403 E404.1035
G1 X97.435 Y71.254 E404.1113
G1 X97.642 Y71.144 E404.1191
G1 X97.867 Y71.076 E404.1269
G1 X98.130 Y71.050 E404.1357
G1 X100.900 Y71.050 E404.2278
G1 X100.900 Y60.581 E404.5760
G1 X101.865 Y58.471 E404.6532
G1 X101.988 Y58.375 E404.6584
G1 X102.042 Y58.358 E404.6603
G1 X102.158 Y58.358 E404.6641
G1 X102.264 Y58.403 E404.6680
G1 X102.350 Y58.497 E404.6722
G1 X103.300 Y60.580 E404.7483
G1 X103.300 Y71.048 E405.0965
G1 X106.153 Y71.058 E405.1914
G1 X106.333 Y71.076 E405.1974
G1 X106.558 Y71.144 E405.2052
G1 X106.765 Y71.254 E405.2130
G1 X106.947 Y71.403 E405.2209
G1 X107.096 Y71.585 E405.2287
G1 X107.206 Y71.792 E405.2365
G1 X107.274 Y72.017 E405.2443
G1 X107.297 Y72.250 E405.2521
G1 X107.274 Y72.483 E405.2599
G1 X107.206 Y72.708 E405.2677
G1 X107.096 Y72.915 E405.2755
G1 X106.947 Y73.097 E405.2833
G1 X106.765 Y73.246 E405.2911
G1 X106.558 Y73.356 E405.2989
G1 X106.333 Y73.424 E405.3067
G1 X106.070 Y73.450 E405.3155
G1 X98.630 Y73.450 E405.5630
G0 F2400 X98.130 Y73.450
G1 F3000 E400.5630
G0 F4200 X98.110 Y73.850
;TYPE:WALL-OUTER
;WIDTH:0.400
G1 F900 Z5.800
G1 F1500 E405.5630
G1 F1800 X97.788 Y73.818 E405.5738
G1 X97.488 Y73.727 E405.5842
G1 X97.212 Y73.580 E405.5946
G1 X96.969 Y73.381 E405.6050
G1 X96.770 Y73.138 E405.6155
G1 X96.623 Y72.862 E405.6259
G1 X96.532 Y72.562 E405.6363
G1 X96.501 Y72.250 E405.6467
G1 X96.532 Y71.938 E405.6572
G1 X96.623 Y71.638 E405.6676
G1 X96.770 Y71.362 E405.6780
G1 X96.969 Y71.119 E405.6884
G1 X97.212 Y70.920 E405.6989
G1 X97.488 Y70.773 E405.7093
G1 X97.788 Y70.682 E405.7197
G1 X98.110 Y70.650 E405.7305
G1 X100.500 Y70.650 E405.8100
G1 X100.500 Y60.494 E406.1478
G1 X101.523 Y58.257 E406.2296
G1 X101.606 Y58.156 E406.2339
G1 X101.712 Y58.069 E406.2385
G1 X101.833 Y58.004 E406.2430
G1 X101.963 Y57.964 E406.2476
G1 X102.100 Y57.951 E406.2521
G1 X102.237 Y57.964 E406.2567
G1 X102.367 Y58.004 E406.2612
G1 X102.488 Y58.069 E406.2658
G1 X102.591 Y58.154 E406.2703
G1 X102.695 Y58.291 E406.2760
G1 X103.700 Y60.493 E406.3565
G1 X103.700 Y70.649 E406.6943
G1 X106.174 Y70.658 E406.7766
G1 X106.412 Y70.682 E406.7845
G1 X106.712 Y70.773 E406.7949
G1 X106.988 Y70.920 E406.8053
G1 X107.231 Y71.119 E406.8158
G1 X107.430 Y71.362 E406.8262
G1 X107.577 Y71.638 E406.8366
G1 X107.668 Y71.938 E406.8471
G1 X107.699 Y72.250 E406.8575
G1 X107.668 Y72.562 E406.8679
G1 X107.577 Y72.862 E406.8783
G1 X107.430 Y73.138 E406.8887
G1 X107.231 Y73.381 E406.8992
G1 X106.988 Y73.580 E406.9096
G1 X106.712 Y73.727 E406.9200
G1 X106.412 Y73.818 E406.9305
G1 X106.090 Y73.850 E406.9412
G1 X98.610 Y73.850 E407.1900
G0 F1800 X98.110 Y73.850
G1 F3000 E402.1900
G0 F4200 X98.050 Y73.160
;TYPE:SOLID-FILL
;WIDTH:0.400
G1 F900 Z5.800
G1 F1500 E407.1900
G1 F2400 X97.188 Y72.298 E407.2306
G1 X97.183 Y72.249 E407.2322
G1 X97.201 Y72.071 E407.2382
G1 X97.254 Y71.897 E407.2442
G1 X97.287 Y71.832 E407.2466
G1 X98.625 Y73.169 E407.3095
G1 X99.191 Y73.169 E407.3284
G1 X97.546 Y71.524 E407.4057
G1 X97.592 Y71.484 E407.4078
G1 X97.746 Y71.405 E407.4135
G1 X97.920 Y71.352 E407.4196
G1 X97.937 Y71.350 E407.4201
G1 X99.757 Y73.169 E407.5057
G1 X100.322 Y73.169 E407.5245
G1 X98.483 Y71.330 E407.6110
G1 X99.048 Y71.330 E407.6298
G1 X100.888 Y73.169 E407.7163
G1 X101.454 Y73.169 E407.7352
G1 X99.614 Y71.330 E407.8217
G1 X100.180 Y71.330 E407.8405
G1 X102.019 Y73.169 E407.9270
G1 X102.585 Y73.169 E407.9458
G1 X100.745 Y71.330 E408.0324
G1 X101.179 Y71.329 E408.0468
G1 X101.179 Y71.197 E408.0512
G1 X103.151 Y73.169 E408.1439
G1 X103.717 Y73.169 E408.1628
G1 X101.179 Y70.632 E408.2821
G1 X101.179 Y70.066 E408.3009
G1 X104.282 Y73.169 E408.4469
G1 X104.848 Y73.169 E408.4657
G1 X101.179 Y69.500 E408.6383
G1 X101.179 Y68.935 E408.6571
G1 X103.019 Y70.775 E408.7436
G1 X103.019 Y70.210 E408.7624
G1 X101.179 Y68.369 E408.8490
G1 X101.179 Y67.803 E408.8678
G1 X103.019 Y69.644 E408.9544
G1 X103.019 Y69.078 E408.9732
G1 X101.179 Y67.238 E409.0598
G1 X101.179 Y66.672 E409.0786
G1 X103.019 Y68.512 E409.1652
G1 X103.019 Y67.947 E409.1839
G1 X101.179 Y66.106 E409.2705
G1 X101.179 Y65.541 E409.2893
G1 X103.019 Y67.381 E409.3759
G1 X103.019 Y66.815 E409.3947
G1 X101.179 Y64.975 E409.4812
G1 X101.179 Y64.409 E409.5001
G1 X103.019 Y66.250 E409.5866
G1 X103.019 Y65.684 E409.6055
G1 X101.179 Y63.843 E409.6920
G1 X101.179 Y63.278 E409.7108
G1 X103.019 Y65.118 E409.7974
G1 X103.019 Y64.553 E409.8162
G1 X101.179 Y62.712 E409.9027
G1 X101.179 Y62.146 E409.9216
G1 X103.019 Y63.987 E410.0081
G1 X103.019 Y63.421 E410.0270
G1 X101.179 Y61.581 E410.1135
G1 X101.179 Y61.015 E410.1323
G1 X103.019 Y62.856 E410.2189
G1 X103.019 Y62.290 E410.2377
G1 X101.239 Y60.509 E410.3215
G1 X101.416 Y60.121 E410.3357
G1 X103.019 Y61.724 E410.4111
G1 X103.019 Y61.159 E410.4298
G1 X101.594 Y59.733 E410.4969
G1 X101.771 Y59.345 E410.5111
G1 X102.978 Y60.552 E410.5679
G1 X102.503 Y59.511 E410.6059
G1 X102.301 Y59.309 E410.6154
G0 F2400 X101.948 Y58.956
G1 F3000 E405.6154
G1 F900 Z6.100
G0 F4200 X103.572 Y71.328
G1 F900 Z5.800
G1 F1500 E410.6154
G1 F2400 X105.414 Y73.169 E410.7020
G1 X105.979 Y73.169 E410.7208
G1 X104.140 Y71.330 E410.8073
G1 X104.708 Y71.332 E410.8262
G1 X106.464 Y73.088 E410.9088
G1 X106.606 Y73.014 E410.9141
G1 X106.746 Y72.897 E410.9202
G1 X106.788 Y72.847 E410.9224
G1 X105.276 Y71.335 E410.9935
G1 X105.843 Y71.337 E411.0124
G1 X106.983 Y72.476 E411.0660
G1 X106.997 Y72.429 E411.0676
G1 X107.015 Y72.250 E411.0736
G1 X106.997 Y72.070 E411.0796
G1 X106.944 Y71.897 E411.0856
G1 X106.917 Y71.844 E411.0876
G1 X106.858 Y71.785 E411.0904
G0 F2400 X106.505 Y71.432
G1 F3000 E406.0904
G1 F900 Z6.100
G0 F4200 X103.713 Y71.186
;TYPE:SOLID-FILL
;WIDTH:0.400
G1 F900 Z5.800
G1 F1500 E411.0904
G1 F3000 X103.655 Y71.128 E411.0931
G1 F3000 E406.0931
G1 F900 Z6.100
G0 F4200 X102.089 Y58.814
G1 F900 Z5.800
G1 F1500 E411.0931
G1 F3000 X101.887 Y58.612 E411.1026
;LAYER:29
;Z:6.000
;HEIGHT:0.200
G1 F3000 E406.1026
G0 F900 Z6.000
G0 F4200 X98.130 Y73.450
;TYPE:WALL-INNER
;WIDTH:0.400
G1 F900 Z6.000
G1 F1500 E411.1026
G1 F2400 X97.867 Y73.424 E411.1114
G1 X97.642 Y73.356 E411.1192
G1 X97.435 Y73.246 E411.1270
G1 X97.253 Y73.097 E411.1348
G1 X97.104 Y72.915 E411.1426
G1 X96.994 Y72.708 E411.1504
G1 X96.926 Y72.483 E411.1583
G1 X96.903 Y72.250 E411.1660
G1 X96.926 Y72.017 E411.1738
G1 X96.992 Y71.801 E411.1813
G1 X97.145 Y71.535 E411.1915
G1 X97.253 Y71.404 E411.1972
G1 X97.435 Y71.254 E411.2050
G1 X97.642 Y71.144 E411.2128
G1 X97.867 Y71.076 E411.2207
G1 X98.130 Y71.050 E411.2294
G1 X100.900 Y71.050 E411.3216
G1 X100.900 Y60.581 E411.6698
G1 X101.865 Y58.471 E411.7469
G1 X101.988 Y58.375 E411.7521
G1 X102.042 Y58.358 E411.7540
G1 X102.158 Y58.358 E411.7579
G1 X102.264 Y58.403 E411.7617
G1 X102.348 Y58.495 E411.7658
G1 X103.300 Y60.580 E411.8421
G1 X103.300 Y71.048 E412.1903
G1 X106.143 Y71.057 E412.2848
G1 X106.333 Y71.076 E412.2912
G1 X106.558 Y71.144 E412.2990
G1 X106.765 Y71.254 E412.3068
G1 X106.947 Y71.403 E412.3146
G1 X107.096 Y71.585 E412.3224
G1 X107.206 Y71.792 E412.3302
G1 X107.274 Y72.017 E412.3380
G1 X107.297 Y72.250 E412.3458
G1 X107.274 Y72.483 E412.3536
G1 X107.208 Y72.699 E412.3611
G1 X107.055 Y72.965 E412.3713
G1 X106.947 Y73.096 E412.3770
G1 X106.765 Y73.246 E412.3848
G1 X106.558 Y73.356 E412.3926
G1 X106.333 Y73.424 E412.4004
G1 X106.070 Y73.450 E412.4092
G1 X98.630 Y73.450 E412.6567
G0 F2400 X98.130 Y73.450
G1 F3000 E407.6567
G0 F4200 X98.110 Y73.850
;TYPE:WALL-OUTER
;WIDTH:0.400
G1 F900 Z6.000
G1 F1500 E412.6567
G1 F1800 X97.788 Y73.818 E412.6674
G1 X97.488 Y73.727 E412.6779
G1 X97.212 Y73.580 E412.6883
G1 X96.969 Y73.381 E412.6987
G1 X96.770 Y73.138 E412.7092
G1 X96.623 Y72.862 E412.7196
G1 X96.532 Y72.562 E412.7300
G1 X96.501 Y72.250 E412.7404
G1 X96.532 Y71.938 E412.7508
G1 X96.622 Y71.641 E412.7612
G1 X96.815 Y71.306 E412.7740
G1 X96.969 Y71.119 E412.7821
G1 X97.212 Y70.920 E412.7925
G1 X97.488 Y70.773 E412.8029
G1 X97.788 Y70.682 E412.8134
G1 X98.110 Y70.650 E412.8241
G1 X100.500 Y70.650 E412.9036
G1 X100.500 Y60.494 E413.2414
G1 X101.523 Y58.257 E413.3232
G1 X101.606 Y58.156 E413.3276
G1 X101.712 Y58.069 E413.3321
G1 X101.833 Y58.004 E413.3367
G1 X101.963 Y57.964 E413.3412
G1 X102.100 Y57.951 E413.3458
G1 X102.237 Y57.964 E413.3504
G1 X102.367 Y58.004 E413.3549
G1 X102.488 Y58.069 E413.3595
G1 X102.591 Y58.154 E413.3639
G1 X102.693 Y58.288 E413.3695
G1 X103.700 Y60.493 E413.4501
G1 X103.700 Y70.649 E413.7879
G1 X106.164 Y70.657 E413.8699
G1 X106.412 Y70.682 E413.8782
G1 X106.712 Y70.773 E413.8886
G1 X106.988 Y70.920 E413.8990
G1 X107.231 Y71.119 E413.9094
G1 X107.430 Y71.362 E413.9199
G1 X107.577 Y71.638 E413.9303
G1 X107.668 Y71.938 E413.9407
G1 X107.699 Y72.250 E413.9511
G1 X107.668 Y72.562 E413.9616
G1 X107.578 Y72.859 E413.9719
G1 X107.385 Y73.194 E413.9848
G1 X107.231 Y73.381 E413.9928
G1 X106.988 Y73.580 E414.0033
G1 X106.712 Y73.727 E414.0137
G1 X106.412 Y73.818 E414.0241
G1 X106.090 Y73.850 E414.0348
G1 X98.610 Y73.850 E414.2836
G0 F1800 X98.110 Y73.850
G1 F3000 E409.2836
G0 F4200 X97.720 Y71.419
;TYPE:SOLID-FILL
;WIDTH:0.400
G1 F900 Z6.000
G1 F1500 E414.2836
G1 F2400 X97.282 Y71.857 E414.3042
G1 X97.249 Y71.914 E414.3064
G1 X97.201 Y72.071 E414.3119
G1 X97.183 Y72.249 E414.3178
G1 X97.201 Y72.428 E414.3238
G1 X97.219 Y72.486 E414.3258
G1 X98.376 Y71.329 E414.3803
G1 X98.941 Y71.329 E414.3991
G1 X97.416 Y72.854 E414.4708
G1 X97.451 Y72.897 E414.4726
G1 X97.592 Y73.015 E414.4787
G1 X97.743 Y73.093 E414.4844
G1 X99.507 Y71.329 E414.5674
G1 X100.073 Y71.329 E414.5862
G1 X98.232 Y73.169 E414.6728
G1 X98.798 Y73.169 E414.6916
G1 X100.285 Y71.682 E414.7615
G0 F2400 X100.638 Y71.329
G1 F3000 E409.7615
G1 F900 Z6.300
G0 F4200 X106.162 Y73.160
G1 F900 Z6.000
G1 F1500 E414.7615
G1 F2400 X107.008 Y72.313 E414.8014
G1 X107.015 Y72.250 E414.8035
G1 X106.997 Y72.070 E414.8095
G1 X106.944 Y71.897 E414.8155
G1 X106.915 Y71.841 E414.8176
G1 X105.586 Y73.169 E414.8801
G1 X105.020 Y73.169 E414.8989
G1 X106.661 Y71.529 E414.9761
G1 X106.606 Y71.484 E414.9784
G1 X106.452 Y71.405 E414.9842
G1 X106.278 Y71.352 E414.9902
G1 X106.273 Y71.351 E414.9904
G1 X104.455 Y73.169 E415.0759
G1 X103.889 Y73.169 E415.0947
G1 X105.724 Y71.335 E415.1810
G1 X105.160 Y71.333 E415.1998
G1 X103.323 Y73.169 E415.2862
G1 X102.758 Y73.169 E415.3050
G1 X104.596 Y71.331 E415.3914
G1 X104.033 Y71.329 E415.4102
G1 X102.192 Y73.169 E415.4967
G1 X101.626 Y73.169 E415.5155
G1 X103.469 Y71.327 E415.6022
G1 X103.019 Y71.325 E415.6172
G1 X103.019 Y71.212 E415.6209
G1 X101.061 Y73.169 E415.7130
G1 X100.495 Y73.169 E415.7318
G1 X103.019 Y70.646 E415.8505
G1 X103.019 Y70.080 E415.8694
G1 X99.929 Y73.169 E416.0147
G1 X99.364 Y73.169 E416.0335
G1 X103.019 Y69.514 E416.2054
G1 X103.019 Y68.949 E416.2242
G1 X101.179 Y70.789 E416.3107
G1 X101.179 Y70.223 E416.3296
G1 X103.019 Y68.383 E416.4161
G1 X103.019 Y67.817 E416.4349
G1 X101.179 Y69.657 E416.5215
G1 X101.179 Y69.092 E416.5403
G1 X103.019 Y67.252 E416.6268
G1 X103.019 Y66.686 E416.6456
G1 X101.179 Y68.526 E416.7322
G1 X101.179 Y67.960 E416.7510
G1 X103.019 Y66.120 E416.8376
G1 X103.019 Y65.555 E416.8564
G1 X101.179 Y67.395 E416.9429
G1 X101.179 Y66.829 E416.9617
G1 X103.019 Y64.989 E417.0483
G1 X103.019 Y64.423 E417.0671
G1 X101.179 Y66.263 E417.1537
G1 X101.179 Y65.697 E417.1725
G1 X103.019 Y63.858 E417.2590
G1 X103.019 Y63.292 E417.2778
G1 X101.179 Y65.132 E417.3644
G1 X101.179 Y64.566 E417.3832
G1 X103.019 Y62.726 E417.4698
G1 X103.019 Y62.161 E417.4885
G1 X101.179 Y64.000 E417.5751
G1 X101.179 Y63.435 E417.5939
G1 X103.019 Y61.595 E417.6804
G1 X103.019 Y61.029 E417.6992
G1 X101.179 Y62.869 E417.7858
G1 X101.179 Y62.303 E417.8046
G1 X102.963 Y60.519 E417.8885
G1 X102.785 Y60.131 E417.9027
G1 X101.179 Y61.738 E417.9783
G1 X101.179 Y61.172 E417.9971
G1 X102.608 Y59.743 E418.0643
G1 X102.430 Y59.355 E418.0785
G1 X101.210 Y60.575 E418.1359
G1 X101.686 Y59.533 E418.1740
G1 X101.900 Y59.320 E418.1841
G0 F2400 X102.253 Y58.967
G0 F4200 X102.111 Y58.825
;TYPE:SOLID-FILL
;WIDTH:0.400
G1 F3000 X102.315 Y58.621 E418.1936
G1 F3000 E413.1936
G1 F900 Z6.300
G0 F4200 X100.555 Y71.129
G1 F900 Z6.000
G1 F1500 E418.1936
G1 F3000 X100.496 Y71.188 E418.1964
G1 F3000 E413.1964
G1 F900 Z6.300
G0 F4200 X90.733 Y73.424
;TYPE:WALL-INNER
;WIDTH:0.400
G1 F900 Z6.000
G1 F1500 E418.1964
G1 F2400 X90.470 Y73.450 E418.2052
G1 X82.530 Y73.450 E418.4693
G1 X82.267 Y73.424 E418.4781
G1 X82.042 Y73.356 E418.4859
G1 X81.835 Y73.246 E418.4937
G1 X81.653 Y73.097 E418.5015
G1 X81.504 Y72.915 E418.5093
G1 X81.394 Y72.708 E418.5171
G1 X81.326 Y72.483 E418.5250
G1 X81.303 Y72.250 E418.5327
G1 X81.326 Y72.017 E418.5405
G1 X81.392 Y71.801 E418.5480
G1 X81.545 Y71.535 E418.5583
G1 X81.653 Y71.404 E418.5639
G1 X81.835 Y71.254 E418.5717
G1 X82.042 Y71.144 E418.5795
G1 X82.267 Y71.076 E418.5874
G1 X82.530 Y71.050 E418.5962
G1 X85.300 Y71.050 E418.6883
G1 X85.300 Y60.581 E419.0365
G1 X86.265 Y58.471 E419.1137
G1 X86.388 Y58.375 E419.1188
G1 X86.442 Y58.358 E419.1207
G1 X86.558 Y58.358 E419.1246
G1 X86.664 Y58.403 E419.1284
G1 X86.748 Y58.495 E419.1326
G1 X87.700 Y60.580 E419.2088
G1 X87.700 Y71.048 E419.5570
G1 X90.543 Y71.057 E419.6515
G1 X90.733 Y71.076 E419.6579
G1 X90.958 Y71.144 E419.6657
G1 X91.165 Y71.254 E419.6735
G1 X91.347 Y71.403 E419.6813
G1 X91.496 Y71.585 E419.6891
G1 X91.606 Y71.792 E419.6969
G1 X91.674 Y72.017 E419.7047
G1 X91.697 Y72.250 E419.7125
G1 X91.674 Y72.483 E419.7203
G1 X91.608 Y72.699 E419.7278
G1 X91.455 Y72.965 E419.7380
G1 X91.347 Y73.096 E419.7437
G1 X91.189 Y73.227 E419.7505
G0 F2400 X91.165 Y73.246
G0 F2400 X90.958 Y73.356
G0 F2400 X90.733 Y73.424
G1 F3000 E414.7505
G0 F4200 X90.812 Y73.818
;TYPE:WALL-OUTER
;WIDTH:0.400
G1 F900 Z6.000
G1 F1500 E419.7505
G1 F1800 X90.490 Y73.850 E419.7613
G1 X82.510 Y73.850 E420.0267
G1 X82.188 Y73.818 E420.0374
G1 X81.888 Y73.727 E420.0479
G1 X81.612 Y73.580 E420.0583
G1 X81.369 Y73.381 E420.0687
G1 X81.170 Y73.138 E420.0792
G1 X81.023 Y72.862 E420.0896
G1 X80.932 Y72.562 E420.1000
G1 X80.901 Y72.250 E420.1104
G1 X80.932 Y71.938 E420.1209
G1 X81.022 Y71.641 E420.1312
G1 X81.215 Y71.306 E420.1440
G1 X81.369 Y71.119 E420.1521
G1 X81.612 Y70.920 E420.1625
G1 X81.888 Y70.773 E420.1729
G1 X82.188 Y70.682 E420.1834
G1 X82.510 Y70.650 E420.1941
G1 X84.900 Y70.650 E420.2736
G1 X84.900 Y60.494 E420.6114
G1 X85.923 Y58.257 E420.6932
G1 X86.006 Y58.156 E420.6976
G1 X86.112 Y58.069 E420.7021
G1 X86.233 Y58.004 E420.7067
G1 X86.363 Y57.964 E420.7112
G1 X86.500 Y57.951 E420.7158
G1 X86.637 Y57.964 E420.7204
G1 X86.767 Y58.004 E420.7249
G1 X86.888 Y58.069 E420.7295
G1 X86.991 Y58.154 E420.7339
G1 X87.093 Y58.288 E420.7395
G1 X88.100 Y60.493 E420.8201
G1 X88.100 Y70.649 E421.1579
G1 X90.564 Y70.657 E421.2399
G1 X90.812 Y70.682 E421.2482
G1 X91.112 Y70.773 E421.2586
G1 X91.388 Y70.920 E421.2690
G1 X91.631 Y71.119 E421.2794
G1 X91.830 Y71.362 E421.2899
G1 X91.977 Y71.638 E421.3003
G1 X92.068 Y71.938 E421.3107
G1 X92.099 Y72.250 E421.3212
G1 X92.068 Y72.562 E421.3316
G1 X91.978 Y72.859 E421.3419
G1 X91.785 Y73.194 E421.3548
G1 X91.631 Y73.381 E421.3628
G1 X91.388 Y73.580 E421.3733
G1 X91.277 Y73.639 E421.3774
G0 F1800 X91.112 Y73.727
G0 F1800 X90.812 Y73.818
G1 F3000 E416.3774
G0 F4200 X90.313 Y73.169
;TYPE:SOLID-FILL
;WIDTH:0.400
G1 F900 Z6.000
G1 F1500 E421.3774
G1 F2400 X91.398 Y72.084 E421.4285
G1 X91.397 Y72.071 E421.4289
G1 X91.344 Y71.897 E421.4350
G1 X91.264 Y71.743 E421.4407
G1 X91.223 Y71.694 E421.4429
G1 X89.747 Y73.169 E421.5123
G1 X89.181 Y73.169 E421.5311
G1 X90.914 Y71.436 E421.6126
G1 X90.851 Y71.405 E421.6149
G1 X90.678 Y71.352 E421.6210
G1 X90.528 Y71.337 E421.6260
G1 X90.449 Y71.336 E421.6286
G1 X88.616 Y73.169 E421.7148
G1 X88.050 Y73.169 E421.7336
G1 X89.885 Y71.334 E421.8200
G1 X89.322 Y71.332 E421.8387
G1 X87.484 Y73.169 E421.9251
G1 X86.918 Y73.169 E421.9439
G1 X88.758 Y71.330 E422.0305
G1 X88.195 Y71.327 E422.0492
G1 X86.353 Y73.169 E422.1358
G1 X85.787 Y73.169 E422.1547
G1 X87.631 Y71.326 E422.2414
G1 X87.419 Y71.325 E422.2484
G1 X87.418 Y70.973 E422.2601
G1 X85.221 Y73.169 E422.3634
G1 X84.656 Y73.169 E422.3822
G1 X87.418 Y70.407 E422.5121
G1 X87.418 Y69.841 E422.5310
G1 X84.090 Y73.169 E422.6875
G1 X83.524 Y73.169 E422.7063
G1 X85.364 Y71.330 E422.7929
G1 X84.799 Y71.330 E422.8117
G1 X82.959 Y73.169 E422.8982
G1 X82.543 Y73.169 E422.9120
G1 X82.406 Y73.157 E422.9166
G1 X84.233 Y71.330 E423.0025
G1 X83.667 Y71.330 E423.0214
G1 X81.986 Y73.010 E423.1004
G1 X81.851 Y72.897 E423.1063
G1 X81.734 Y72.757 E423.1123
G1 X81.714 Y72.717 E423.1138
G1 X83.102 Y71.330 E423.1791
G1 X82.543 Y71.330 E423.1977
G1 X82.535 Y71.330 E423.1979
G1 X81.940 Y71.926 E423.2259
G0 F2400 X81.587 Y72.279
G1 F3000 E418.2259
G1 F900 Z6.300
G0 F4200 X85.579 Y71.115
G1 F900 Z6.000
G1 F1500 E423.2259
G1 F2400 X87.418 Y69.275 E423.3125
G1 X87.418 Y68.710 E423.3313
G1 X85.579 Y70.549 E423.4178
G1 X85.579 Y69.983 E423.4366
G1 X87.418 Y68.144 E423.5231
G1 X87.418 Y67.578 E423.5419
G1 X85.579 Y69.418 E423.6284
G1 X85.579 Y68.852 E423.6473
G1 X87.418 Y67.013 E423.7338
G1 X87.418 Y66.447 E423.7526
G1 X85.579 Y68.286 E423.8391
G1 X85.579 Y67.721 E423.8579
G1 X87.418 Y65.881 E423.9444
G1 X87.418 Y65.316 E423.9632
G1 X85.579 Y67.155 E424.0497
G1 X85.579 Y66.589 E424.0685
G1 X87.418 Y64.750 E424.1550
G1 X87.418 Y64.184 E424.1738
G1 X85.579 Y66.023 E424.2603
G1 X85.579 Y65.458 E424.2791
G1 X87.418 Y63.619 E424.3656
G1 X87.418 Y63.053 E424.3845
G1 X85.579 Y64.892 E424.4710
G1 X85.579 Y64.326 E424.4898
G1 X87.418 Y62.487 E424.5763
G1 X87.418 Y61.922 E424.5951
G1 X85.579 Y63.761 E424.6816
G1 X85.579 Y63.195 E424.7004
G1 X87.418 Y61.356 E424.7869
G1 X87.418 Y60.790 E424.8057
G1 X85.579 Y62.629 E424.8922
G1 X85.579 Y62.064 E424.9110
G1 X87.288 Y60.355 E424.9914
G1 X87.110 Y59.967 E425.0056
G1 X85.579 Y61.498 E425.0776
G1 X85.579 Y60.932 E425.0965
G1 X86.933 Y59.579 E425.1601
G1 X86.755 Y59.191 E425.1743
G1 X85.812 Y60.134 E425.2187
G1 X86.251 Y59.173 E425.2538
G0 F2400 X86.288 Y59.092
G0 F2400 X86.578 Y58.802
G1 F3000 E420.2538
G1 F900 Z6.300
G0 F4200 X81.445 Y72.137
;TYPE:SOLID-FILL
;WIDTH:0.400
G1 F900 Z6.000
G1 F1500 E425.2538
G1 F3000 X81.387 Y72.195 E425.2565
G1 F3000 E420.2565
G1 F900 Z6.300
G0 F4200 X90.395 Y73.370
G1 F900 Z6.000
G1 F1500 E425.2565
G1 F3000 X90.454 Y73.311 E425.2593
;LAYER:30
;Z:6.200
;HEIGHT:0.200
G0 F900 Z6.200
G0 F4200 X90.733 Y73.424
;TYPE:WALL-INNER
;WIDTH:0.400
G1 F2400 X90.470 Y73.450 E425.2681
G1 X82.530 Y73.450 E425.5322
G1 X82.267 Y73.424 E425.5410
G1 X82.042 Y73.356 E425.5488
G1 X81.835 Y73.246 E425.5566
G1 X81.653 Y73.097 E425.5644
G1 X81.504 Y72.915 E425.5722
G1 X81.394 Y72.708 E425.5800
G1 X81.326 Y72.483 E425.5879
G1 X81.303 Y72.250 E425.5956
G1 X81.326 Y72.017 E425.6034
G1 X81.394 Y71.792 E425.6112
G1 X81.504 Y71.585 E425.6190
G1 X81.653 Y71.403 E425.6269
G1 X81.835 Y71.254 E425.6347
G1 X82.042 Y71.144 E425.6425
G1 X82.267 Y71.076 E425.6503
G1 X82.530 Y71.050 E425.6591
G1 X85.300 Y71.050 E425.7512
G1 X85.300 Y60.581 E426.0994
G1 X86.265 Y58.471 E426.1766
G1 X86.388 Y58.375 E426.1818
G1 X86.442 Y58.358 E426.1837
G1 X86.558 Y58.358 E426.1875
G1 X86.664 Y58.403 E426.1914
G1 X86.747 Y58.493 E426.1954
G1 X87.700 Y60.580 E426.2717
G1 X87.700 Y71.048 E426.6199
G1 X90.534 Y71.056 E426.7142
G1 X90.733 Y71.076 E426.7208
G1 X90.958 Y71.144 E426.7286
G1 X91.165 Y71.254 E426.7364
G1 X91.347 Y71.403 E426.7443
G1 X91.490 Y71.577 E426.7517
G1 X91.622 Y71.846 E426.7617
G1 X91.674 Y72.017 E426.7677
G1 X91.697 Y72.250 E426.7754
G1 X91.674 Y72.483 E426.7832
G1 X91.606 Y72.708 E426.7910
G1 X91.496 Y72.915 E426.7988
G1 X91.347 Y73.097 E426.8067
G1 X91.189 Y73.227 E426.8135
G0 F2400 X91.165 Y73.246
G0 F2400 X90.958 Y73.356
G0 F2400 X90.733 Y73.424
G1 F3000 E421.8135
G0 F4200 X90.812 Y73.818
;TYPE:WALL-OUTER
;WIDTH:0.400
G1 F900 Z6.200
G1 F1500 E426.8135
G1 F1800 X90.490 Y73.850 E426.8242
G1 X82.510 Y73.850 E427.0897
G1 X82.188 Y73.818 E427.1004
G1 X81.888 Y73.727 E427.1108
G1 X81.612 Y73.580 E427.1212
G1 X81.369 Y73.381 E427.1317
G1 X81.170 Y73.138 E427.1421
G1 X81.023 Y72.862 E427.1525
G1 X80.932 Y72.562 E427.1630
G1 X80.901 Y72.250 E427.1734
G1 X80.932 Y71.938 E427.1838
G1 X81.023 Y71.638 E427.1942
G1 X81.170 Y71.362 E427.2046
G1 X81.369 Y71.119 E427.2151
G1 X81.612 Y70.920 E427.2255
G1 X81.888 Y70.773 E427.2359
G1 X82.188 Y70.682 E427.2464
G1 X82.510 Y70.650 E427.2571
G1 X84.900 Y70.650 E427.3366
G1 X84.900 Y60.494 E427.6744
G1 X85.923 Y58.257 E427.7562
G1 X86.006 Y58.156 E427.7606
G1 X86.112 Y58.069 E427.7651
G1 X86.233 Y58.004 E427.7697
G1 X86.363 Y57.964 E427.7742
G1 X86.500 Y57.951 E427.7788
G1 X86.637 Y57.964 E427.7834
G1 X86.767 Y58.004 E427.7879
G1 X86.888 Y58.069 E427.7925
G1 X86.991 Y58.154 E427.7969
G1 X87.092 Y58.284 E427.8024
G1 X88.100 Y60.493 E427.8832
G1 X88.100 Y70.649 E428.2209
G1 X90.555 Y70.656 E428.3026
G1 X90.812 Y70.682 E428.3112
G1 X91.112 Y70.773 E428.3216
G1 X91.388 Y70.920 E428.3320
G1 X91.631 Y71.119 E428.3425
G1 X91.828 Y71.359 E428.3528
G1 X91.995 Y71.698 E428.3654
G1 X92.068 Y71.938 E428.3737
G1 X92.099 Y72.250 E428.3841
G1 X92.068 Y72.562 E428.3946
G1 X91.977 Y72.862 E428.4050
G1 X91.830 Y73.138 E428.4154
G1 X91.631 Y73.381 E428.4258
G1 X91.388 Y73.580 E428.4363
G1 X91.277 Y73.639 E428.4405
G0 F1800 X91.112 Y73.727
G0 F1800 X90.812 Y73.818
G1 F3000 E423.4405
G0 F4200 X90.574 Y71.341
;TYPE:SOLID-FILL
;WIDTH:0.400
G1 F900 Z6.200
G1 F1500 E428.4405
G1 F2400 X91.408 Y72.175 E428.4797
G1 X91.415 Y72.250 E428.4822
G1 X91.397 Y72.428 E428.4881
G1 X91.344 Y72.602 E428.4942
G1 X91.319 Y72.651 E428.4960
G1 X90.001 Y71.334 E428.5580
G1 X89.434 Y71.332 E428.5769
G1 X91.066 Y72.964 E428.6536
G1 X91.006 Y73.015 E428.6562
G1 X90.851 Y73.095 E428.6620
G1 X90.682 Y73.146 E428.6679
G1 X88.867 Y71.330 E428.7533
G1 X88.299 Y71.328 E428.7722
G1 X90.140 Y73.169 E428.8588
G1 X89.574 Y73.169 E428.8776
G1 X88.085 Y71.680 E428.9477
G0 F2400 X87.732 Y71.327
G1 F3000 E423.9477
G1 F900 Z6.500
G0 F4200 X82.146 Y73.095
G1 F900 Z6.200
G1 F1500 E428.9477
G1 F2400 X81.653 Y72.602 E428.9708
G1 X81.601 Y72.428 E428.9769
G1 X81.583 Y72.250 E428.9828
G1 X81.601 Y72.071 E428.9888
G1 X81.621 Y72.004 E428.9911
G1 X82.786 Y73.169 E429.0459
G1 X83.352 Y73.169 E429.0648
G1 X81.820 Y71.638 E429.1368
G1 X81.851 Y71.602 E429.1384
G1 X81.992 Y71.484 E429.1445
G1 X82.146 Y71.405 E429.1503
G1 X82.151 Y71.403 E429.1504
G1 X83.918 Y73.169 E429.2335
G1 X84.483 Y73.169 E429.2523
G1 X82.643 Y71.330 E429.3388
G1 X83.209 Y71.330 E429.3577
G1 X85.049 Y73.169 E429.4442
G1 X85.615 Y73.169 E429.4630
G1 X83.775 Y71.330 E429.5495
G1 X84.340 Y71.330 E429.5683
G1 X86.180 Y73.169 E429.6549
G1 X86.746 Y73.169 E429.6737
G1 X84.906 Y71.330 E429.7602
G1 X85.472 Y71.330 E429.7790
G1 X87.312 Y73.169 E429.8656
G1 X87.877 Y73.169 E429.8843
G1 X85.579 Y70.871 E429.9924
G1 X85.579 Y70.306 E430.0112
G1 X88.443 Y73.169 E430.1459
G1 X89.009 Y73.169 E430.1647
G1 X85.579 Y69.740 E430.3261
G1 X85.579 Y69.174 E430.3449
G1 X87.419 Y71.014 E430.4314
G1 X87.419 Y70.449 E430.4502
G1 X85.579 Y68.609 E430.5368
G1 X85.579 Y68.043 E430.5556
G1 X87.419 Y69.883 E430.6421
G1 X87.419 Y69.317 E430.6610
G1 X85.579 Y67.477 E430.7475
G1 X85.579 Y66.912 E430.7663
G1 X87.419 Y68.751 E430.8528
G1 X87.419 Y68.186 E430.8716
G1 X85.579 Y66.346 E430.9582
G1 X85.579 Y65.780 E430.9770
G1 X87.419 Y67.620 E431.0635
G1 X87.419 Y67.054 E431.0824
G1 X85.579 Y65.215 E431.1689
G1 X85.579 Y64.649 E431.1877
G1 X87.419 Y66.489 E431.2743
G1 X87.419 Y65.923 E431.2931
G1 X85.579 Y64.083 E431.3796
G1 X85.579 Y63.517 E431.3985
G1 X87.419 Y65.357 E431.4850
G1 X87.419 Y64.792 E431.5038
G1 X85.579 Y62.952 E431.5904
G1 X85.579 Y62.386 E431.6092
G1 X87.419 Y64.226 E431.6957
G1 X87.419 Y63.660 E431.7146
G1 X85.579 Y61.820 E431.8011
G1 X85.579 Y61.255 E431.8199
G1 X87.419 Y63.095 E431.9064
G1 X87.419 Y62.529 E431.9253
G1 X85.579 Y60.689 E432.0118
G1 X85.579 Y60.642 E432.0134
G1 X85.742 Y60.286 E432.0264
G1 X87.419 Y61.963 E432.1053
G1 X87.419 Y61.398 E432.1241
G1 X85.919 Y59.898 E432.1946
G1 X86.096 Y59.509 E432.2088
G1 X87.419 Y60.832 E432.2711
G1 X87.418 Y60.642 E432.2774
G1 X87.102 Y59.949 E432.3027
G1 X86.274 Y59.121 E432.3417
G1 X86.320 Y59.022 E432.3453
G0 F2400 X86.423 Y58.796
G0 F2400 X86.515 Y58.796
G0 F2400 X86.627 Y58.909
G1 F3000 E427.3453
G1 F900 Z6.500
G0 F4200 X98.130 Y73.450
;TYPE:WALL-INNER
;WIDTH:0.400
G1 F900 Z6.200
G1 F1500 E432.3453
G1 F2400 X97.867 Y73.424 E432.3541
G1 X97.642 Y73.356 E432.3619
G1 X97.435 Y73.246 E432.3697
G1 X97.253 Y73.097 E432.3775
G1 X97.104 Y72.915 E432.3854
G1 X96.994 Y72.708 E432.3932
G1 X96.926 Y72.483 E432.4010
G1 X96.903 Y72.250 E432.4088
G1 X96.926 Y72.017 E432.4165
G1 X96.994 Y71.792 E432.4244
G1 X97.104 Y71.585 E432.4322
G1 X97.253 Y71.403 E432.4400
G1 X97.435 Y71.254 E432.4478
G1 X97.642 Y71.144 E432.4556
G1 X97.867 Y71.076 E432.4634
G1 X98.130 Y71.050 E432.4722
G1 X100.900 Y71.050 E432.5643
G1 X100.900 Y60.581 E432.9125
G1 X101.865 Y58.471 E432.9897
G1 X101.988 Y58.375 E432.9949
G1 X102.042 Y58.358 E432.9968
G1 X102.158 Y58.358 E433.0006
G1 X102.264 Y58.403 E433.0045
G1 X102.347 Y58.493 E433.0085
G1 X103.300 Y60.580 E433.0849
G1 X103.300 Y71.048 E433.4330
G1 X106.134 Y71.056 E433.5273
G1 X106.333 Y71.076 E433.5339
G1 X106.558 Y71.144 E433.5418
G1 X106.765 Y71.254 E433.5495
G1 X106.947 Y71.403 E433.5574
G1 X107.090 Y71.577 E433.5649
G1 X107.222 Y71.846 E433.5748
G1 X107.274 Y72.017 E433.5808
G1 X107.297 Y72.250 E433.5886
G1 X107.274 Y72.483 E433.5963
G1 X107.206 Y72.708 E433.6042
G1 X107.096 Y72.915 E433.6120
G1 X106.947 Y73.097 E433.6198
G1 X106.765 Y73.246 E433.6276
G1 X106.558 Y73.356 E433.6354
G1 X106.333 Y73.424 E433.6432
G1 X106.070 Y73.450 E433.6520
G1 X98.630 Y73.450 E433.8995
G0 F2400 X98.130 Y73.450
G1 F3000 E428.8995
G0 F4200 X98.110 Y73.850
;TYPE:WALL-OUTER
;WIDTH:0.400
G1 F900 Z6.200
G1 F1500 E433.8995
G1 F1800 X97.788 Y73.818 E433.9102
G1 X97.488 Y73.727 E433.9207
G1 X97.212 Y73.580 E433.9311
G1 X96.969 Y73.381 E433.9415
G1 X96.770 Y73.138 E433.9519
G1 X96.623 Y72.862 E433.9624
G1 X96.532 Y72.562 E433.9728
G1 X96.501 Y72.250 E433.9832
G1 X96.532 Y71.938 E433.9936
G1 X96.623 Y71.638 E434.0041
G1 X96.770 Y71.362 E434.0145
G1 X96.969 Y71.119 E434.0249
G1 X97.212 Y70.920 E434.0354
G1 X97.488 Y70.773 E434.0458
G1 X97.788 Y70.682 E434.0562
G1 X98.110 Y70.650 E434.0669
G1 X100.500 Y70.650 E434.1464
G1 X100.500 Y60.494 E434.4842
G1 X101.523 Y58.257 E434.5660
G1 X101.606 Y58.156 E434.5704
G1 X101.712 Y58.069 E434.5749
G1 X101.833 Y58.004 E434.5795
G1 X101.963 Y57.964 E434.5840
G1 X102.100 Y57.951 E434.5886
G1 X102.237 Y57.964 E434.5932
G1 X102.367 Y58.004 E434.5977
G1 X102.488 Y58.069 E434.6023
G1 X102.591 Y58.154 E434.6067
G1 X102.692 Y58.284 E434.6122
G1 X103.700 Y60.493 E434.6930
G1 X103.700 Y70.649 E435.0308
G1 X106.155 Y70.656 E435.1124
G1 X106.412 Y70.682 E435.1210
G1 X106.712 Y70.773 E435.1314
G1 X106.988 Y70.920 E435.1418
G1 X107.231 Y71.119 E435.1523
G1 X107.428 Y71.359 E435.1626
G1 X107.595 Y71.698 E435.1752
G1 X107.668 Y71.938 E435.1835
G1 X107.699 Y72.250 E435.1939
G1 X107.668 Y72.562 E435.2044
G1 X107.577 Y72.862 E435.2148
G1 X107.430 Y73.138 E435.2252
G1 X107.231 Y73.381 E435.2356
G1 X106.988 Y73.580 E435.2461
G1 X106.712 Y73.727 E435.2565
G1 X106.412 Y73.818 E435.2669
G1 X106.090 Y73.850 E435.2777
G1 X98.610 Y73.850 E435.5265
G0 F1800 X98.110 Y73.850
G1 F3000 E430.5265
G0 F4200 X98.050 Y73.160
;TYPE:SOLID-FILL
;WIDTH:0.400
G1 F900 Z6.200
G1 F1500 E435.5265
G1 F2400 X97.188 Y72.298 E435.5670
G1 X97.183 Y72.249 E435.5687
G1 X97.201 Y72.071 E435.5746
G1 X97.254 Y71.897 E435.5807
G1 X97.287 Y71.832 E435.5831
G1 X98.625 Y73.169 E435.6460
G1 X99.191 Y73.169 E435.6648
G1 X97.546 Y71.524 E435.7422
G1 X97.592 Y71.484 E435.7442
G1 X97.746 Y71.405 E435.7500
G1 X97.920 Y71.352 E435.7560
G1 X97.937 Y71.350 E435.7566
G1 X99.757 Y73.169 E435.8422
G1 X100.322 Y73.169 E435.8610
G1 X98.483 Y71.330 E435.9475
G1 X99.048 Y71.330 E435.9663
G1 X100.888 Y73.169 E436.0528
G1 X101.454 Y73.169 E436.0716
G1 X99.614 Y71.330 E436.1581
G1 X100.180 Y71.330 E436.1770
G1 X102.019 Y73.169 E436.2635
G1 X102.585 Y73.169 E436.2823
G1 X100.745 Y71.330 E436.3688
G1 X101.179 Y71.329 E436.3832
G1 X101.179 Y71.197 E436.3876
G1 X103.151 Y73.169 E436.4804
G1 X103.717 Y73.169 E436.4992
G1 X101.179 Y70.632 E436.6186
G1 X101.179 Y70.066 E436.6374
G1 X104.282 Y73.169 E436.7834
G1 X104.848 Y73.169 E436.8022
G1 X101.179 Y69.500 E436.9748
G1 X101.179 Y68.935 E436.9936
G1 X103.019 Y70.775 E437.0801
G1 X103.019 Y70.210 E437.0989
G1 X101.179 Y68.369 E437.1855
G1 X101.179 Y67.803 E437.2043
G1 X103.019 Y69.644 E437.2909
G1 X103.019 Y69.078 E437.3097
G1 X101.179 Y67.238 E437.3962
G1 X101.179 Y66.672 E437.4151
G1 X103.019 Y68.512 E437.5016
G1 X103.019 Y67.947 E437.5204
G1 X101.179 Y66.106 E437.6070
G1 X101.179 Y65.541 E437.6258
G1 X103.019 Y67.381 E437.7123
G1 X103.019 Y66.815 E437.7311
G1 X101.179 Y64.975 E437.8177
G1 X101.179 Y64.409 E437.8365
G1 X103.019 Y66.250 E437.9231
G1 X103.019 Y65.684 E437.9419
G1 X101.179 Y63.843 E438.0285
G1 X101.179 Y63.278 E438.0473
G1 X103.019 Y65.118 E438.1338
G1 X103.019 Y64.553 E438.1526
G1 X101.179 Y62.712 E438.2392
G1 X101.179 Y62.146 E438.2580
G1 X103.019 Y63.987 E438.3446
G1 X103.019 Y63.421 E438.3634
G1 X101.179 Y61.581 E438.4499
G1 X101.179 Y61.015 E438.4688
G1 X103.019 Y62.856 E438.5553
G1 X103.019 Y62.290 E438.5742
G1 X101.239 Y60.509 E438.6579
G1 X101.416 Y60.121 E438.6721
G1 X103.019 Y61.724 E438.7475
G1 X103.019 Y61.159 E438.7663
G1 X101.594 Y59.733 E438.8333
G1 X101.771 Y59.345 E438.8475
G1 X102.978 Y60.551 E438.9043
G1 X102.502 Y59.510 E438.9424
G1 X102.302 Y59.310 E438.9518
G0 F2400 X101.949 Y58.957
G1 F3000 E433.9518
G1 F900 Z6.500
G0 F4200 X103.572 Y71.327
G1 F900 Z6.200
G1 F1500 E438.9518
G1 F2400 X105.414 Y73.169 E439.0384
G1 X105.979 Y73.169 E439.0572
G1 X104.139 Y71.330 E439.1437
G1 X104.706 Y71.331 E439.1626
G1 X106.464 Y73.088 E439.2452
G1 X106.606 Y73.014 E439.2506
G1 X106.746 Y72.897 E439.2566
G1 X106.788 Y72.847 E439.2588
G1 X105.274 Y71.333 E439.3300
G1 X105.841 Y71.335 E439.3489
G1 X106.983 Y72.476 E439.4026
G1 X106.997 Y72.429 E439.4042
G1 X107.015 Y72.250 E439.4102
G1 X106.997 Y72.070 E439.4162
G1 X106.960 Y71.950 E439.4204
G1 X106.901 Y71.828 E439.4249
G1 X106.858 Y71.785 E439.4269
G0 F2400 X106.505 Y71.432
G1 F3000 E434.4269
G1 F900 Z6.500
G0 F4200 X103.712 Y71.185
;TYPE:SOLID-FILL
;WIDTH:0.400
G1 F900 Z6.200
G1 F1500 E439.4269
G1 F3000 X103.655 Y71.128 E439.4296
G1 F3000 E434.4296
G1 F900 Z6.500
G0 F4200 X102.089 Y58.815
G1 F900 Z6.200
G1 F1500 E439.4296
G1 F3000 X101.886 Y58.611 E439.4392
;LAYER:31
;Z:6.400
;HEIGHT:0.200
G1 F3000 E434.4392
G0 F900 Z6.400
G0 F4200 X98.130 Y73.450
;TYPE:WALL-INNER
;WIDTH:0.400
G1 F900 Z6.400
G1 F1500 E439.4392
G1 F2400 X97.867 Y73.424 E439.4480
G1 X97.642 Y73.356 E439.4558
G1 X97.435 Y73.246 E439.4636
G1 X97.253 Y73.097 E439.4714
G1 X97.104 Y72.915 E439.4792
G1 X96.994 Y72.708 E439.4870
G1 X96.926 Y72.483 E439.4948
G1 X96.903 Y72.250 E439.5026
G1 X96.926 Y72.017 E439.5104
G1 X96.994 Y71.792 E439.5182
G1 X97.104 Y71.585 E439.5260
G1 X97.253 Y71.403 E439.5338
G1 X97.435 Y71.254 E439.5417
G1 X97.642 Y71.144 E439.5495
G1 X97.867 Y71.076 E439.5573
G1 X98.130 Y71.050 E439.5661
G1 X100.900 Y71.050 E439.6582
G1 X100.900 Y60.581 E440.0064
G1 X101.865 Y58.471 E440.0836
G1 X101.988 Y58.375 E440.0888
G1 X102.042 Y58.358 E440.0906
G1 X102.158 Y58.358 E440.0945
G1 X102.265 Y58.403 E440.0984
G1 X102.346 Y58.489 E440.1023
G1 X103.300 Y60.580 E440.1787
G1 X103.300 Y71.049 E440.5269
G1 X106.125 Y71.055 E440.6209
G1 X106.333 Y71.076 E440.6279
G1 X106.558 Y71.144 E440.6357
G1 X106.765 Y71.254 E440.6435
G1 X106.947 Y71.403 E440.6513
G1 X107.096 Y71.585 E440.6591
G1 X107.206 Y71.792 E440.6669
G1 X107.274 Y72.017 E440.6747
G1 X107.297 Y72.250 E440.6825
G1 X107.274 Y72.483 E440.6903
G1 X107.206 Y72.708 E440.6981
G1 X107.096 Y72.915 E440.7059
G1 X106.947 Y73.097 E440.7137
G1 X106.765 Y73.246 E440.7216
G1 X106.558 Y73.356 E440.7294
G1 X106.333 Y73.424 E440.7372
G1 X106.070 Y73.450 E440.7460
G1 X98.630 Y73.450 E440.9934
G0 F2400 X98.130 Y73.450
G1 F3000 E435.9934
G0 F4200 X98.110 Y73.850
;TYPE:WALL-OUTER
;WIDTH:0.400
G1 F900 Z6.400
G1 F1500 E440.9934
G1 F1800 X97.788 Y73.818 E441.0042
G1 X97.488 Y73.727 E441.0146
G1 X97.212 Y73.580 E441.0250
G1 X96.969 Y73.381 E441.0355
G1 X96.770 Y73.138 E441.0459
G1 X96.623 Y72.862 E441.0563
G1 X96.532 Y72.562 E441.0667
G1 X96.501 Y72.250 E441.0772
G1 X96.532 Y71.938 E441.0876
G1 X96.623 Y71.638 E441.0980
G1 X96.770 Y71.362 E441.1084
G1 X96.969 Y71.119 E441.1189
G1 X97.212 Y70.920 E441.1293
G1 X97.488 Y70.773 E441.1397
G1 X97.788 Y70.682 E441.1501
G1 X98.110 Y70.650 E441.1609
G1 X100.500 Y70.650 E441.2404
G1 X100.500 Y60.494 E441.5782
G1 X101.523 Y58.257 E441.6600
G1 X101.606 Y58.156 E441.6643
G1 X101.712 Y58.069 E441.6689
G1 X101.833 Y58.004 E441.6735
G1 X101.963 Y57.964 E441.6780
G1 X102.100 Y57.951 E441.6826
G1 X102.237 Y57.964 E441.6872
G1 X102.367 Y58.004 E441.6917
G1 X102.488 Y58.069 E441.6962
G1 X102.592 Y58.154 E441.7007
G1 X102.690 Y58.280 E441.7060
G1 X103.700 Y60.493 E441.7869
G1 X103.700 Y70.650 E442.1248
G1 X106.146 Y70.655 E442.2061
G1 X106.412 Y70.682 E442.2150
G1 X106.712 Y70.773 E442.2254
G1 X106.988 Y70.920 E442.2358
G1 X107.231 Y71.119 E442.2463
G1 X107.430 Y71.362 E442.2567
G1 X107.577 Y71.638 E442.2671
G1 X107.668 Y71.938 E442.2775
G1 X107.699 Y72.250 E442.2880
G1 X107.668 Y72.562 E442.2984
G1 X107.577 Y72.862 E442.3088
G1 X107.430 Y73.138 E442.3192
G1 X107.231 Y73.381 E442.3297
G1 X106.988 Y73.580 E442.3401
G1 X106.712 Y73.727 E442.3505
G1 X106.412 Y73.818 E442.3610
G1 X106.090 Y73.850 E442.3717
G1 X98.610 Y73.850 E442.6205
G0 F1800 X98.110 Y73.850
G1 F3000 E437.6205
G0 F4200 X97.722 Y71.417
;TYPE:SOLID-FILL
;WIDTH:0.400
G1 F900 Z6.400
G1 F1500 E442.6205
G1 F2400 X97.266 Y71.873 E442.6419
G1 X97.254 Y71.897 E442.6428
G1 X97.201 Y72.071 E442.6489
G1 X97.183 Y72.249 E442.6548
G1 X97.201 Y72.428 E442.6608
G1 X97.219 Y72.486 E442.6628
G1 X98.376 Y71.329 E442.7173
G1 X98.941 Y71.329 E442.7361
G1 X97.416 Y72.854 E442.8078
G1 X97.451 Y72.897 E442.8096
G1 X97.592 Y73.015 E442.8157
G1 X97.743 Y73.093 E442.8214
G1 X99.507 Y71.329 E442.9044
G1 X100.073 Y71.329 E442.9232
G1 X98.232 Y73.169 E443.0098
G1 X98.798 Y73.169 E443.0286
G1 X100.285 Y71.682 E443.0985
G0 F2400 X100.638 Y71.329
G1 F3000 E438.0985
G1 F900 Z6.700
G0 F4200 X106.162 Y73.160
G1 F900 Z6.400
G1 F1500 E443.0985
G1 F2400 X107.008 Y72.313 E443.1384
G1 X107.015 Y72.250 E443.1405
G1 X106.997 Y72.070 E443.1465
G1 X106.944 Y71.897 E443.1525
G1 X106.915 Y71.841 E443.1546
G1 X105.586 Y73.169 E443.2171
G1 X105.020 Y73.169 E443.2359
G1 X106.661 Y71.529 E443.3131
G1 X106.606 Y71.484 E443.3154
G1 X106.452 Y71.405 E443.3212
G1 X106.278 Y71.352 E443.3272
G1 X106.273 Y71.351 E443.3274
G1 X104.455 Y73.169 E443.4129
G1 X103.889 Y73.169 E443.4318
G1 X105.725 Y71.334 E443.5181
G1 X105.160 Y71.332 E443.5369
G1 X103.323 Y73.169 E443.6233
G1 X102.758 Y73.169 E443.6421
G1 X104.595 Y71.332 E443.7285
G1 X104.031 Y71.330 E443.7472
G1 X102.192 Y73.169 E443.8337
G1 X101.626 Y73.169 E443.8526
G1 X103.466 Y71.330 E443.9391
G1 X103.019 Y71.329 E443.9540
G1 X103.019 Y71.212 E443.9579
G1 X101.061 Y73.169 E444.0499
G1 X100.495 Y73.169 E444.0688
G1 X103.019 Y70.646 E444.1875
G1 X103.019 Y70.080 E444.2063
G1 X99.929 Y73.169 E444.3516
G1 X99.364 Y73.169 E444.3704
G1 X103.019 Y69.514 E444.5423
G1 X103.019 Y68.949 E444.5611
G1 X101.179 Y70.789 E444.6477
G1 X101.179 Y70.223 E444.6665
G1 X103.019 Y68.383 E444.7530
G1 X103.019 Y67.817 E444.7719
G1 X101.179 Y69.657 E444.8584
G1 X101.179 Y69.092 E444.8772
G1 X103.019 Y67.252 E444.9637
G1 X103.019 Y66.686 E444.9826
G1 X101.179 Y68.526 E445.0691
G1 X101.179 Y67.960 E445.0879
G1 X103.019 Y66.120 E445.1745
G1 X103.019 Y65.555 E445.1933
G1 X101.179 Y67.395 E445.2798
G1 X101.179 Y66.829 E445.2987
G1 X103.019 Y64.989 E445.3852
G1 X103.019 Y64.423 E445.4040
G1 X101.179 Y66.263 E445.4906
G1 X101.179 Y65.697 E445.5094
G1 X103.019 Y63.858 E445.5959
G1 X103.019 Y63.292 E445.6147
G1 X101.179 Y65.132 E445.7013
G1 X101.179 Y64.566 E445.7201
G1 X103.019 Y62.726 E445.8067
G1 X103.019 Y62.161 E445.8255
G1 X101.179 Y64.000 E445.9120
G1 X101.179 Y63.435 E445.9308
G1 X103.019 Y61.595 E446.0173
G1 X103.019 Y61.029 E446.0361
G1 X101.179 Y62.869 E446.1227
G1 X101.179 Y62.303 E446.1415
G1 X102.963 Y60.519 E446.2254
G1 X102.785 Y60.131 E446.2396
G1 X101.179 Y61.738 E446.3152
G1 X101.179 Y61.172 E446.3340
G1 X102.608 Y59.742 E446.4013
G1 X102.431 Y59.354 E446.4154
G1 X101.210 Y60.575 E446.4729
G1 X101.685 Y59.534 E446.5109
G1 X101.900 Y59.319 E446.5211
G0 F2400 X102.254 Y58.966
G0 F4200 X102.112 Y58.824
;TYPE:SOLID-FILL
;WIDTH:0.400
G1 F3000 X102.316 Y58.620 E446.5306
G1 F3000 E441.5306
G1 F900 Z6.700
G0 F4200 X100.555 Y71.129
G1 F900 Z6.400
G1 F1500 E446.5306
G1 F3000 X100.496 Y71.188 E446.5334
G1 F3000 E441.5334
G1 F900 Z6.700
G0 F4200 X90.733 Y73.424
;TYPE:WALL-INNER
;WIDTH:0.400
G1 F900 Z6.400
G1 F1500 E446.5334
G1 F2400 X90.470 Y73.450 E446.5422
G1 X82.530 Y73.450 E446.8063
G1 X82.267 Y73.424 E446.8151
G1 X82.042 Y73.356 E446.8229
G1 X81.835 Y73.246 E446.8307
G1 X81.653 Y73.097 E446.8385
G1 X81.504 Y72.915 E446.8463
G1 X81.394 Y72.708 E446.8541
G1 X81.326 Y72.483 E446.8620
G1 X81.303 Y72.250 E446.8697
G1 X81.326 Y72.017 E446.8775
G1 X81.394 Y71.792 E446.8854
G1 X81.504 Y71.585 E446.8932
G1 X81.653 Y71.403 E446.9010
G1 X81.835 Y71.254 E446.9088
G1 X82.042 Y71.144 E446.9166
G1 X82.267 Y71.076 E446.9244
G1 X82.530 Y71.050 E446.9332
G1 X85.300 Y71.050 E447.0253
G1 X85.300 Y60.581 E447.3735
G1 X86.265 Y58.471 E447.4507
G1 X86.388 Y58.375 E447.4559
G1 X86.442 Y58.358 E447.4578
G1 X86.558 Y58.358 E447.4616
G1 X86.665 Y58.403 E447.4655
G1 X86.746 Y58.489 E447.4694
G1 X87.700 Y60.580 E447.5459
G1 X87.700 Y71.049 E447.8941
G1 X90.525 Y71.055 E447.9880
G1 X90.733 Y71.076 E447.9950
G1 X90.958 Y71.144 E448.0028
G1 X91.165 Y71.254 E448.0106
G1 X91.347 Y71.403 E448.0184
G1 X91.496 Y71.585 E448.0262
G1 X91.606 Y71.792 E448.0340
G1 X91.674 Y72.017 E448.0419
G1 X91.697 Y72.250 E448.0496
G1 X91.674 Y72.483 E448.0574
G1 X91.606 Y72.708 E448.0652
G1 X91.496 Y72.915 E448.0730
G1 X91.347 Y73.097 E448.0809
G1 X91.189 Y73.227 E448.0877
G0 F2400 X91.165 Y73.246
G0 F2400 X90.958 Y73.356
G0 F2400 X90.733 Y73.424
G1 F3000 E443.0877
G0 F4200 X90.812 Y73.818
;TYPE:WALL-OUTER
;WIDTH:0.400
G1 F900 Z6.400
G1 F1500 E448.0877
G1 F1800 X90.490 Y73.850 E448.0984
G1 X82.510 Y73.850 E448.3639
G1 X82.188 Y73.818 E448.3746
G1 X81.888 Y73.727 E448.3850
G1 X81.612 Y73.580 E448.3954
G1 X81.369 Y73.381 E448.4059
G1 X81.170 Y73.138 E448.4163
G1 X81.023 Y72.862 E448.4267
G1 X80.932 Y72.562 E448.4372
G1 X80.901 Y72.250 E448.4476
G1 X80.932 Y71.938 E448.4580
G1 X81.023 Y71.638 E448.4684
G1 X81.170 Y71.362 E448.4788
G1 X81.369 Y71.119 E448.4893
G1 X81.612 Y70.920 E448.4997
G1 X81.888 Y70.773 E448.5101
G1 X82.188 Y70.682 E448.5206
G1 X82.510 Y70.650 E448.5313
G1 X84.900 Y70.650 E448.6108
G1 X84.900 Y60.494 E448.9486
G1 X85.923 Y58.257 E449.0304
G1 X86.006 Y58.156 E449.0348
G1 X86.112 Y58.069 E449.0393
G1 X86.233 Y58.004 E449.0439
G1 X86.363 Y57.964 E449.0484
G1 X86.500 Y57.951 E449.0530
G1 X86.637 Y57.964 E449.0576
G1 X86.767 Y58.004 E449.0621
G1 X86.888 Y58.069 E449.0667
G1 X86.992 Y58.154 E449.0711
G1 X87.090 Y58.280 E449.0765
G1 X88.100 Y60.493 E449.1574
G1 X88.100 Y70.650 E449.4952
G1 X90.546 Y70.655 E449.5765
G1 X90.812 Y70.682 E449.5854
G1 X91.112 Y70.773 E449.5959
G1 X91.388 Y70.920 E449.6063
G1 X91.631 Y71.119 E449.6167
G1 X91.830 Y71.362 E449.6271
G1 X91.977 Y71.638 E449.6376
G1 X92.068 Y71.938 E449.6480
G1 X92.099 Y72.250 E449.6584
G1 X92.068 Y72.562 E449.6688
G1 X91.977 Y72.862 E449.6793
G1 X91.830 Y73.138 E449.6897
G1 X91.631 Y73.381 E449.7001
G1 X91.388 Y73.580 E449.7106
G1 X91.277 Y73.639 E449.7147
G0 F1800 X91.112 Y73.727
G0 F1800 X90.812 Y73.818
G1 F3000 E444.7147
G0 F4200 X90.313 Y73.169
;TYPE:SOLID-FILL
;WIDTH:0.400
G1 F900 Z6.400
G1 F1500 E449.7147
G1 F2400 X91.398 Y72.084 E449.7658
G1 X91.397 Y72.071 E449.7662
G1 X91.344 Y71.897 E449.7723
G1 X91.264 Y71.743 E449.7780
G1 X91.223 Y71.694 E449.7802
G1 X89.747 Y73.169 E449.8496
G1 X89.181 Y73.169 E449.8684
G1 X90.914 Y71.436 E449.9499
G1 X90.851 Y71.405 E449.9522
G1 X90.678 Y71.352 E449.9582
G1 X90.510 Y71.335 E449.9639
G1 X90.451 Y71.334 E449.9658
G1 X88.616 Y73.169 E450.0521
G1 X88.050 Y73.169 E450.0710
G1 X89.886 Y71.333 E450.1573
G1 X89.322 Y71.332 E450.1761
G1 X87.484 Y73.169 E450.2625
G1 X86.918 Y73.169 E450.2813
G1 X88.758 Y71.330 E450.3679
G1 X88.193 Y71.330 E450.3867
G1 X86.353 Y73.169 E450.4732
G1 X85.787 Y73.169 E450.4920
G1 X87.628 Y71.328 E450.5786
G1 X87.419 Y71.328 E450.5856
G1 X87.418 Y70.973 E450.5974
G1 X85.221 Y73.169 E450.7007
G1 X84.656 Y73.169 E450.7195
G1 X87.418 Y70.407 E450.8494
G1 X87.418 Y69.841 E450.8682
G1 X84.090 Y73.169 E451.0247
G1 X83.524 Y73.169 E451.0436
G1 X85.364 Y71.330 E451.1301
G1 X84.799 Y71.330 E451.1489
G1 X82.959 Y73.169 E451.2354
G1 X82.543 Y73.169 E451.2492
G1 X82.406 Y73.157 E451.2538
G1 X84.233 Y71.330 E451.3398
G1 X83.667 Y71.330 E451.3586
G1 X81.986 Y73.010 E451.4376
G1 X81.851 Y72.897 E451.4435
G1 X81.734 Y72.757 E451.4496
G1 X81.714 Y72.717 E451.4510
G1 X83.102 Y71.330 E451.5163
G1 X82.543 Y71.330 E451.5349
G1 X82.535 Y71.330 E451.5352
G1 X81.940 Y71.926 E451.5632
G0 F2400 X81.587 Y72.279
G1 F3000 E446.5632
G1 F900 Z6.700
G0 F4200 X85.579 Y71.115
G1 F900 Z6.400
G1 F1500 E451.5632
G1 F2400 X87.418 Y69.275 E451.6497
G1 X87.418 Y68.710 E451.6685
G1 X85.579 Y70.549 E451.7550
G1 X85.579 Y69.983 E451.7738
G1 X87.418 Y68.144 E451.8603
G1 X87.418 Y67.578 E451.8791
G1 X85.579 Y69.418 E451.9657
G1 X85.579 Y68.852 E451.9845
G1 X87.418 Y67.013 E452.0710
G1 X87.418 Y66.447 E452.0898
G1 X85.579 Y68.286 E452.1763
G1 X85.579 Y67.721 E452.1951
G1 X87.418 Y65.881 E452.2816
G1 X87.418 Y65.316 E452.3004
G1 X85.579 Y67.155 E452.3869
G1 X85.579 Y66.589 E452.4058
G1 X87.418 Y64.750 E452.4923
G1 X87.418 Y64.184 E452.5111
G1 X85.579 Y66.023 E452.5976
G1 X85.579 Y65.458 E452.6164
G1 X87.418 Y63.619 E452.7029
G1 X87.418 Y63.053 E452.7217
G1 X85.579 Y64.892 E452.8082
G1 X85.579 Y64.326 E452.8270
G1 X87.418 Y62.487 E452.9135
G1 X87.418 Y61.922 E452.9323
G1 X85.579 Y63.761 E453.0188
G1 X85.579 Y63.195 E453.0376
G1 X87.418 Y61.356 E453.1241
G1 X87.418 Y60.790 E453.1430
G1 X85.579 Y62.629 E453.2295
G1 X85.579 Y62.064 E453.2483
G1 X87.288 Y60.355 E453.3287
G1 X87.110 Y59.967 E453.3428
G1 X85.579 Y61.498 E453.4149
G1 X85.579 Y60.932 E453.4337
G1 X86.933 Y59.578 E453.4974
G1 X86.756 Y59.190 E453.5116
G1 X85.812 Y60.134 E453.5560
G1 X86.251 Y59.173 E453.5911
G0 F2400 X86.288 Y59.092
G0 F2400 X86.578 Y58.802
G1 F3000 E448.5911
G1 F900 Z6.700
G0 F4200 X81.445 Y72.137
;TYPE:SOLID-FILL
;WIDTH:0.400
G1 F900 Z6.400
G1 F1500 E453.5911
G1 F3000 X81.387 Y72.195 E453.5938
G1 F3000 E448.5938
G1 F900 Z6.700
G0 F4200 X90.395 Y73.370
G1 F900 Z6.400
G1 F1500 E453.5938
G1 F3000 X90.454 Y73.311 E453.5966
;LAYER:32
;Z:6.600
;HEIGHT:0.200
G0 F900 Z6.600
G0 F4200 X90.733 Y73.424
;TYPE:WALL-INNER
;WIDTH:0.400
G1 F2400 X90.470 Y73.450 E453.6054
G1 X82.530 Y73.450 E453.8695
G1 X82.267 Y73.424 E453.8783
G1 X82.042 Y73.356 E453.8861
G1 X81.835 Y73.246 E453.8939
G1 X81.653 Y73.097 E453.9017
G1 X81.504 Y72.915 E453.9095
G1 X81.394 Y72.708 E453.9173
G1 X81.326 Y72.483 E453.9251
G1 X81.303 Y72.250 E453.9329
G1 X81.326 Y72.016 E453.9408
G1 X81.392 Y71.798 E453.9483
G1 X81.529 Y71.554 E453.9576
G1 X81.653 Y71.403 E453.9641
G1 X81.835 Y71.254 E453.9720
G1 X82.042 Y71.144 E453.9798
G1 X82.267 Y71.076 E453.9876
G1 X82.530 Y71.050 E453.9964
G1 X85.300 Y71.050 E454.0885
G1 X85.300 Y60.581 E454.4367
G1 X86.265 Y58.471 E454.5139
G1 X86.388 Y58.375 E454.5191
G1 X86.442 Y58.358 E454.5209
G1 X86.558 Y58.358 E454.5248
G1 X86.664 Y58.403 E454.5286
G1 X86.744 Y58.486 E454.5325
G1 X87.700 Y60.580 E454.6090
G1 X87.700 Y71.049 E454.9572
G1 X90.515 Y71.054 E455.0508
G1 X90.733 Y71.076 E455.0581
G1 X90.958 Y71.144 E455.0660
G1 X91.165 Y71.254 E455.0738
G1 X91.347 Y71.403 E455.0816
G1 X91.496 Y71.585 E455.0894
G1 X91.606 Y71.792 E455.0972
G1 X91.674 Y72.017 E455.1050
G1 X91.697 Y72.250 E455.1128
G1 X91.674 Y72.484 E455.1206
G1 X91.608 Y72.702 E455.1282
G1 X91.471 Y72.946 E455.1375
G1 X91.347 Y73.097 E455.1440
G1 X91.189 Y73.227 E455.1508
G0 F2400 X91.165 Y73.246
G0 F2400 X90.958 Y73.356
G0 F2400 X90.733 Y73.424
G1 F3000 E450.1508
G0 F4200 X90.812 Y73.818
;TYPE:WALL-OUTER
;WIDTH:0.400
G1 F900 Z6.600
G1 F1500 E455.1508
G1 F1800 X90.490 Y73.850 E455.1616
G1 X82.510 Y73.850 E455.4270
G1 X82.188 Y73.818 E455.4377
G1 X81.888 Y73.727 E455.4482
G1 X81.612 Y73.580 E455.4586
G1 X81.369 Y73.381 E455.4690
G1 X81.170 Y73.138 E455.4795
G1 X81.023 Y72.862 E455.4899
G1 X80.932 Y72.562 E455.5003
G1 X80.901 Y72.250 E455.5107
G1 X80.932 Y71.938 E455.5212
G1 X81.022 Y71.640 E455.5315
G1 X81.198 Y71.327 E455.5434
G1 X81.369 Y71.119 E455.5524
G1 X81.612 Y70.920 E455.5629
G1 X81.888 Y70.773 E455.5733
G1 X82.188 Y70.682 E455.5837
G1 X82.510 Y70.650 E455.5944
G1 X84.900 Y70.650 E455.6739
G1 X84.900 Y60.494 E456.0117
G1 X85.923 Y58.257 E456.0935
G1 X86.006 Y58.156 E456.0979
G1 X86.112 Y58.069 E456.1024
G1 X86.233 Y58.004 E456.1070
G1 X86.363 Y57.964 E456.1115
G1 X86.500 Y57.951 E456.1161
G1 X86.637 Y57.964 E456.1207
G1 X86.767 Y58.004 E456.1252
G1 X86.888 Y58.069 E456.1298
G1 X86.992 Y58.155 E456.1343
G1 X87.088 Y58.276 E456.1394
G1 X88.100 Y60.493 E456.2205
G1 X88.100 Y70.650 E456.5583
G1 X90.536 Y70.654 E456.6393
G1 X90.812 Y70.682 E456.6485
G1 X91.112 Y70.773 E456.6590
G1 X91.388 Y70.920 E456.6694
G1 X91.631 Y71.119 E456.6798
G1 X91.830 Y71.362 E456.6903
G1 X91.977 Y71.638 E456.7007
G1 X92.068 Y71.938 E456.7111
G1 X92.099 Y72.250 E456.7215
G1 X92.068 Y72.562 E456.7319
G1 X91.978 Y72.860 E456.7423
G1 X91.802 Y73.173 E456.7542
G1 X91.631 Y73.381 E456.7632
G1 X91.388 Y73.580 E456.7736
G1 X91.277 Y73.639 E456.7778
G0 F1800 X91.112 Y73.727
G0 F1800 X90.812 Y73.818
G1 F3000 E451.7778
G0 F4200 X90.574 Y71.341
;TYPE:SOLID-FILL
;WIDTH:0.400
G1 F900 Z6.600
G1 F1500 E456.7778
G1 F2400 X91.408 Y72.175 E456.8171
G1 X91.415 Y72.250 E456.8196
G1 X91.397 Y72.431 E456.8256
G1 X91.348 Y72.591 E456.8312
G1 X91.316 Y72.648 E456.8333
G1 X90.000 Y71.332 E456.8952
G1 X89.434 Y71.332 E456.9141
G1 X91.066 Y72.964 E456.9908
G1 X91.006 Y73.015 E456.9935
G1 X90.851 Y73.095 E456.9993
G1 X90.682 Y73.146 E457.0051
G1 X88.867 Y71.331 E457.0905
G1 X88.301 Y71.330 E457.1093
G1 X90.140 Y73.169 E457.1958
G1 X89.574 Y73.169 E457.2147
G1 X88.087 Y71.682 E457.2846
G0 F2400 X87.734 Y71.329
G1 F3000 E452.2846
G1 F900 Z6.900
G0 F4200 X82.146 Y73.095
G1 F900 Z6.600
G1 F1500 E457.2846
G1 F2400 X81.653 Y72.602 E457.3078
G1 X81.601 Y72.428 E457.3138
G1 X81.583 Y72.250 E457.3198
G1 X81.600 Y72.069 E457.3258
G1 X81.620 Y72.003 E457.3281
G1 X82.786 Y73.169 E457.3830
G1 X83.352 Y73.169 E457.4018
G1 X81.821 Y71.639 E457.4738
G1 X81.852 Y71.600 E457.4754
G1 X81.992 Y71.484 E457.4815
G1 X82.146 Y71.405 E457.4872
G1 X82.151 Y71.403 E457.4874
G1 X83.918 Y73.169 E457.5705
G1 X84.483 Y73.169 E457.5893
G1 X82.643 Y71.330 E457.6758
G1 X83.209 Y71.330 E457.6947
G1 X85.049 Y73.169 E457.7812
G1 X85.615 Y73.169 E457.8000
G1 X83.775 Y71.330 E457.8865
G1 X84.340 Y71.330 E457.9053
G1 X86.180 Y73.169 E457.9918
G1 X86.746 Y73.169 E458.0107
G1 X84.906 Y71.330 E458.0972
G1 X85.472 Y71.330 E458.1160
G1 X87.312 Y73.169 E458.2025
G1 X87.877 Y73.169 E458.2213
G1 X85.579 Y70.871 E458.3294
G1 X85.579 Y70.306 E458.3482
G1 X88.443 Y73.169 E458.4829
G1 X89.009 Y73.169 E458.5017
G1 X85.579 Y69.740 E458.6630
G1 X85.579 Y69.174 E458.6819
G1 X87.419 Y71.014 E458.7684
G1 X87.419 Y70.449 E458.7872
G1 X85.579 Y68.609 E458.8738
G1 X85.579 Y68.043 E458.8926
G1 X87.419 Y69.883 E458.9791
G1 X87.419 Y69.317 E458.9980
G1 X85.579 Y67.477 E459.0845
G1 X85.579 Y66.912 E459.1033
G1 X87.419 Y68.751 E459.1898
G1 X87.419 Y68.186 E459.2086
G1 X85.579 Y66.346 E459.2952
G1 X85.579 Y65.780 E459.3140
G1 X87.419 Y67.620 E459.4005
G1 X87.419 Y67.054 E459.4194
G1 X85.579 Y65.215 E459.5059
G1 X85.579 Y64.649 E459.5247
G1 X87.419 Y66.489 E459.6113
G1 X87.419 Y65.923 E459.6301
G1 X85.579 Y64.083 E459.7166
G1 X85.579 Y63.517 E459.7355
G1 X87.419 Y65.357 E459.8220
G1 X87.419 Y64.792 E459.8408
G1 X85.579 Y62.952 E459.9273
G1 X85.579 Y62.386 E459.9462
G1 X87.419 Y64.226 E460.0327
G1 X87.419 Y63.660 E460.0515
G1 X85.579 Y61.820 E460.1381
G1 X85.579 Y61.255 E460.1569
G1 X87.419 Y63.095 E460.2434
G1 X87.419 Y62.529 E460.2623
G1 X85.579 Y60.689 E460.3488
G1 X85.579 Y60.642 E460.3504
G1 X85.742 Y60.286 E460.3634
G1 X87.419 Y61.963 E460.4423
G1 X87.419 Y61.398 E460.4611
G1 X85.919 Y59.898 E460.5316
G1 X86.096 Y59.509 E460.5458
G1 X87.419 Y60.832 E460.6081
G1 X87.418 Y60.640 E460.6144
G1 X87.104 Y59.952 E460.6396
G1 X86.274 Y59.121 E460.6787
G1 X86.320 Y59.020 E460.6824
G0 F2400 X86.423 Y58.796
G0 F2400 X86.515 Y58.796
G0 F2400 X86.629 Y58.911
G1 F3000 E455.6824
G1 F900 Z6.900
G0 F4200 X98.130 Y73.450
;TYPE:WALL-INNER
;WIDTH:0.400
G1 F900 Z6.600
G1 F1500 E460.6824
G1 F2400 X97.867 Y73.424 E460.6911
G1 X97.642 Y73.356 E460.6990
G1 X97.435 Y73.246 E460.7068
G1 X97.253 Y73.097 E460.7146
G1 X97.104 Y72.915 E460.7224
G1 X96.994 Y72.708 E460.7302
G1 X96.926 Y72.483 E460.7380
G1 X96.903 Y72.250 E460.7458
G1 X96.926 Y72.016 E460.7536
G1 X96.992 Y71.798 E460.7612
G1 X97.129 Y71.554 E460.7705
G1 X97.253 Y71.403 E460.7770
G1 X97.435 Y71.254 E460.7848
G1 X97.642 Y71.144 E460.7926
G1 X97.867 Y71.076 E460.8004
G1 X98.130 Y71.050 E460.8092
G1 X100.900 Y71.050 E460.9014
G1 X100.900 Y60.581 E461.2496
G1 X101.865 Y58.471 E461.3267
G1 X101.988 Y58.375 E461.3319
G1 X102.042 Y58.358 E461.3338
G1 X102.158 Y58.358 E461.3377
G1 X102.264 Y58.403 E461.3415
G1 X102.344 Y58.486 E461.3453
G1 X103.300 Y60.580 E461.4219
G1 X103.300 Y71.049 E461.7701
G1 X106.115 Y71.054 E461.8637
G1 X106.333 Y71.076 E461.8710
G1 X106.558 Y71.144 E461.8788
G1 X106.765 Y71.254 E461.8866
G1 X106.947 Y71.403 E461.8944
G1 X107.096 Y71.585 E461.9023
G1 X107.206 Y71.792 E461.9101
G1 X107.274 Y72.017 E461.9179
G1 X107.297 Y72.250 E461.9257
G1 X107.274 Y72.484 E461.9335
G1 X107.208 Y72.702 E461.9411
G1 X107.071 Y72.946 E461.9504
G1 X106.947 Y73.097 E461.9569
G1 X106.765 Y73.246 E461.9647
G1 X106.558 Y73.356 E461.9725
G1 X106.333 Y73.424 E461.9803
G1 X106.070 Y73.450 E461.9891
G1 X98.630 Y73.450 E462.2366
G0 F2400 X98.130 Y73.450
G1 F3000 E457.2366
G0 F4200 X98.110 Y73.850
;TYPE:WALL-OUTER
;WIDTH:0.400
G1 F900 Z6.600
G1 F1500 E462.2366
G1 F1800 X97.788 Y73.818 E462.2473
G1 X97.488 Y73.727 E462.2577
G1 X97.212 Y73.580 E462.2681
G1 X96.969 Y73.381 E462.2786
G1 X96.770 Y73.138 E462.2890
G1 X96.623 Y72.862 E462.2994
G1 X96.532 Y72.562 E462.3099
G1 X96.501 Y72.250 E462.3203
G1 X96.532 Y71.938 E462.3307
G1 X96.622 Y71.640 E462.3411
G1 X96.798 Y71.327 E462.3530
G1 X96.969 Y71.119 E462.3620
G1 X97.212 Y70.920 E462.3724
G1 X97.488 Y70.773 E462.3828
G1 X97.788 Y70.682 E462.3933
G1 X98.110 Y70.650 E462.4040
G1 X100.500 Y70.650 E462.4835
G1 X100.500 Y60.494 E462.8213
G1 X101.523 Y58.257 E462.9031
G1 X101.606 Y58.156 E462.9075
G1 X101.712 Y58.069 E462.9120
G1 X101.833 Y58.004 E462.9166
G1 X101.963 Y57.964 E462.9211
G1 X102.100 Y57.951 E462.9257
G1 X102.237 Y57.964 E462.9303
G1 X102.367 Y58.004 E462.9348
G1 X102.488 Y58.069 E462.9394
G1 X102.592 Y58.155 E462.9438
G1 X102.688 Y58.276 E462.9490
G1 X103.700 Y60.493 E463.0300
G1 X103.700 Y70.650 E463.3679
G1 X106.136 Y70.654 E463.4489
G1 X106.412 Y70.682 E463.4581
G1 X106.712 Y70.773 E463.4685
G1 X106.988 Y70.920 E463.4789
G1 X107.231 Y71.119 E463.4894
G1 X107.430 Y71.362 E463.4998
G1 X107.577 Y71.638 E463.5102
G1 X107.668 Y71.938 E463.5207
G1 X107.699 Y72.250 E463.5311
G1 X107.668 Y72.562 E463.5415
G1 X107.578 Y72.860 E463.5519
G1 X107.402 Y73.173 E463.5638
G1 X107.231 Y73.381 E463.5728
G1 X106.988 Y73.580 E463.5832
G1 X106.712 Y73.727 E463.5936
G1 X106.412 Y73.818 E463.6040
G1 X106.090 Y73.850 E463.6148
G1 X98.610 Y73.850 E463.8636
G0 F1800 X98.110 Y73.850
G1 F3000 E458.8636
G0 F4200 X98.050 Y73.160
;TYPE:SOLID-FILL
;WIDTH:0.400
G1 F900 Z6.600
G1 F1500 E463.8636
G1 F2400 X97.188 Y72.298 E463.9041
G1 X97.183 Y72.249 E463.9058
G1 X97.201 Y72.069 E463.9118
G1 X97.250 Y71.909 E463.9174
G1 X97.291 Y71.835 E463.9202
G1 X98.625 Y73.169 E463.9829
G1 X99.191 Y73.169 E464.0017
G1 X97.546 Y71.524 E464.0791
G1 X97.592 Y71.484 E464.0811
G1 X97.746 Y71.405 E464.0869
G1 X97.920 Y71.352 E464.0930
G1 X97.937 Y71.350 E464.0935
G1 X99.757 Y73.169 E464.1791
G1 X100.322 Y73.169 E464.1979
G1 X98.483 Y71.330 E464.2844
G1 X99.048 Y71.330 E464.3032
G1 X100.888 Y73.169 E464.3897
G1 X101.454 Y73.169 E464.4085
G1 X99.614 Y71.330 E464.4951
G1 X100.180 Y71.330 E464.5139
G1 X102.019 Y73.169 E464.6004
G1 X102.585 Y73.169 E464.6192
G1 X100.745 Y71.330 E464.7057
G1 X101.179 Y71.329 E464.7202
G1 X101.179 Y71.197 E464.7246
G1 X103.151 Y73.169 E464.8173
G1 X103.717 Y73.169 E464.8362
G1 X101.179 Y70.632 E464.9555
G1 X101.179 Y70.066 E464.9743
G1 X104.282 Y73.169 E465.1203
G1 X104.848 Y73.169 E465.1391
G1 X101.179 Y69.500 E465.3117
G1 X101.179 Y68.935 E465.3305
G1 X103.019 Y70.775 E465.4170
G1 X103.019 Y70.209 E465.4359
G1 X101.179 Y68.369 E465.5224
G1 X101.179 Y67.803 E465.5412
G1 X103.019 Y69.643 E465.6278
G1 X103.019 Y69.077 E465.6466
G1 X101.179 Y67.238 E465.7331
G1 X101.179 Y66.672 E465.7520
G1 X103.019 Y68.512 E465.8385
G1 X103.019 Y67.946 E465.8573
G1 X101.179 Y66.106 E465.9439
G1 X101.179 Y65.541 E465.9627
G1 X103.019 Y67.380 E466.0492
G1 X103.019 Y66.815 E466.0680
G1 X101.179 Y64.975 E466.1545
G1 X101.179 Y64.409 E466.1734
G1 X103.019 Y66.249 E466.2599
G1 X103.019 Y65.683 E466.2787
G1 X101.179 Y63.843 E466.3653
G1 X101.179 Y63.278 E466.3841
G1 X103.019 Y65.118 E466.4706
G1 X103.019 Y64.552 E466.4894
G1 X101.179 Y62.712 E466.5760
G1 X101.179 Y62.146 E466.5948
G1 X103.019 Y63.986 E466.6814
G1 X103.019 Y63.421 E466.7002
G1 X101.179 Y61.581 E466.7867
G1 X101.179 Y61.015 E466.8055
G1 X103.019 Y62.855 E466.8921
G1 X103.019 Y62.289 E466.9109
G1 X101.239 Y60.509 E466.9946
G1 X101.416 Y60.121 E467.0088
G1 X103.019 Y61.724 E467.0842
G1 X103.019 Y61.158 E467.1030
G1 X101.594 Y59.733 E467.1701
G1 X101.771 Y59.345 E467.1842
G1 X102.978 Y60.552 E467.2410
G1 X102.502 Y59.510 E467.2791
G1 X102.302 Y59.310 E467.2885
G0 F2400 X101.949 Y58.957
G1 F3000 E462.2885
G1 F900 Z6.900
G0 F4200 X103.574 Y71.330
G1 F900 Z6.600
G1 F1500 E467.2885
G1 F2400 X105.414 Y73.169 E467.3751
G1 X105.979 Y73.169 E467.3938
G1 X104.141 Y71.331 E467.4803
G1 X104.707 Y71.332 E467.4991
G1 X106.464 Y73.088 E467.5817
G1 X106.606 Y73.014 E467.5871
G1 X106.746 Y72.898 E467.5931
G1 X106.788 Y72.847 E467.5953
G1 X105.274 Y71.333 E467.6665
G1 X105.841 Y71.334 E467.6854
G1 X106.983 Y72.477 E467.7391
G1 X106.997 Y72.431 E467.7407
G1 X107.015 Y72.250 E467.7468
G1 X106.997 Y72.070 E467.7528
G1 X106.944 Y71.897 E467.7588
G1 X106.917 Y71.844 E467.7608
G1 X106.858 Y71.785 E467.7636
G0 F2400 X106.505 Y71.432
G1 F3000 E462.7636
G1 F900 Z6.900
G0 F4200 X103.715 Y71.188
;TYPE:SOLID-FILL
;WIDTH:0.400
G1 F900 Z6.600
G1 F1500 E467.7636
G1 F3000 X103.656 Y71.129 E467.7663
G1 F3000 E462.7663
G1 F900 Z6.900
G0 F4200 X102.089 Y58.815
G1 F900 Z6.600
G1 F1500 E467.7663
G1 F3000 X101.887 Y58.612 E467.7759
;LAYER:33
;Z:6.800
;HEIGHT:0.200
G1 F3000 E462.7759
G0 F900 Z6.800
G0 F4200 X98.130 Y73.450
;TYPE:WALL-INNER
;WIDTH:0.400
G1 F900 Z6.800
G1 F1500 E467.7759
G1 F2400 X97.867 Y73.424 E467.7847
G1 X97.642 Y73.356 E467.7925
G1 X97.435 Y73.246 E467.8003
G1 X97.253 Y73.097 E467.8081
G1 X97.104 Y72.915 E467.8159
G1 X96.994 Y72.708 E467.8237
G1 X96.926 Y72.483 E467.8315
G1 X96.903 Y72.250 E467.8393
G1 X96.926 Y72.016 E467.8471
G1 X96.993 Y71.796 E467.8548
G1 X97.124 Y71.560 E467.8638
G1 X97.253 Y71.404 E467.8705
G1 X97.435 Y71.254 E467.8783
G1 X97.642 Y71.144 E467.8861
G1 X97.867 Y71.076 E467.8940
G1 X98.130 Y71.050 E467.9027
G1 X100.900 Y71.050 E467.9949
G1 X100.900 Y60.581 E468.3431
G1 X101.865 Y58.471 E468.4203
G1 X101.988 Y58.375 E468.4254
G1 X102.042 Y58.358 E468.4273
G1 X102.158 Y58.358 E468.4312
G1 X102.264 Y58.403 E468.4350
G1 X102.341 Y58.483 E468.4387
G1 X103.300 Y60.581 E468.5154
G1 X103.300 Y71.050 E468.8636
G1 X106.106 Y71.053 E468.9570
G1 X106.333 Y71.076 E468.9645
G1 X106.558 Y71.144 E468.9724
G1 X106.765 Y71.254 E468.9802
G1 X106.947 Y71.403 E468.9880
G1 X107.096 Y71.585 E468.9958
G1 X107.206 Y71.792 E469.0036
G1 X107.274 Y72.017 E469.0114
G1 X107.297 Y72.250 E469.0192
G1 X107.274 Y72.484 E469.0270
G1 X107.207 Y72.704 E469.0347
G1 X107.076 Y72.940 E469.0437
G1 X106.947 Y73.096 E469.0504
G1 X106.765 Y73.246 E469.0582
G1 X106.558 Y73.356 E469.0660
G1 X106.333 Y73.424 E469.0738
G1 X106.070 Y73.450 E469.0826
G1 X98.630 Y73.450 E469.3301
G0 F2400 X98.130 Y73.450
G1 F3000 E464.3301
G0 F4200 X98.110 Y73.850
;TYPE:WALL-OUTER
;WIDTH:0.400
G1 F900 Z6.800
G1 F1500 E469.3301
G1 F1800 X97.788 Y73.818 E469.3409
G1 X97.488 Y73.727 E469.3513
G1 X97.212 Y73.580 E469.3617
G1 X96.969 Y73.381 E469.3721
G1 X96.770 Y73.138 E469.3826
G1 X96.623 Y72.862 E469.3930
G1 X96.532 Y72.562 E469.4034
G1 X96.501 Y72.250 E469.4138
G1 X96.532 Y71.938 E469.4243
G1 X96.622 Y71.639 E469.4346
G1 X96.792 Y71.334 E469.4463
G1 X96.969 Y71.119 E469.4555
G1 X97.212 Y70.920 E469.4660
G1 X97.488 Y70.773 E469.4764
G1 X97.788 Y70.682 E469.4868
G1 X98.110 Y70.650 E469.4976
G1 X100.500 Y70.650 E469.5770
G1 X100.500 Y60.494 E469.9148
G1 X101.523 Y58.257 E469.9967
G1 X101.606 Y58.156 E470.0010
G1 X101.712 Y58.069 E470.0056
G1 X101.833 Y58.004 E470.0101
G1 X101.963 Y57.964 E470.0147
G1 X102.100 Y57.951 E470.0192
G1 X102.237 Y57.964 E470.0238
G1 X102.367 Y58.004 E470.0283
G1 X102.488 Y58.069 E470.0329
G1 X102.592 Y58.155 E470.0374
G1 X102.685 Y58.272 E470.0424
G1 X103.700 Y60.494 E470.1236
G1 X103.700 Y70.650 E470.4614
G1 X106.127 Y70.653 E470.5421
G1 X106.412 Y70.682 E470.5517
G1 X106.712 Y70.773 E470.5621
G1 X106.988 Y70.920 E470.5725
G1 X107.231 Y71.119 E470.5829
G1 X107.430 Y71.362 E470.5934
G1 X107.577 Y71.638 E470.6038
G1 X107.668 Y71.938 E470.6142
G1 X107.699 Y72.250 E470.6246
G1 X107.668 Y72.562 E470.6351
G1 X107.578 Y72.861 E470.6454
G1 X107.408 Y73.166 E470.6571
G1 X107.231 Y73.381 E470.6663
G1 X106.988 Y73.580 E470.6768
G1 X106.712 Y73.727 E470.6872
G1 X106.412 Y73.818 E470.6976
G1 X106.090 Y73.850 E470.7084
G1 X98.610 Y73.850 E470.9571
G0 F1800 X98.110 Y73.850
G1 F3000 E465.9571
G0 F4200 X97.720 Y71.419
;TYPE:SOLID-FILL
;WIDTH:0.400
G1 F900 Z6.800
G1 F1500 E470.9571
G1 F2400 X97.273 Y71.866 E470.9782
G1 X97.250 Y71.907 E470.9797
G1 X97.201 Y72.069 E470.9854
G1 X97.183 Y72.249 E470.9914
G1 X97.201 Y72.428 E470.9974
G1 X97.219 Y72.486 E470.9994
G1 X98.376 Y71.329 E471.0538
G1 X98.941 Y71.329 E471.0726
G1 X97.416 Y72.854 E471.1443
G1 X97.451 Y72.897 E471.1462
G1 X97.592 Y73.015 E471.1523
G1 X97.743 Y73.093 E471.1579
G1 X99.507 Y71.329 E471.2409
G1 X100.073 Y71.329 E471.2597
G1 X98.232 Y73.169 E471.3463
G1 X98.798 Y73.169 E471.3651
G1 X100.285 Y71.682 E471.4351
G0 F2400 X100.638 Y71.329
G1 F3000 E466.4351
G1 F900 Z7.100
G0 F4200 X106.162 Y73.160
G1 F900 Z6.800
G1 F1500 E471.4351
G1 F2400 X107.008 Y72.313 E471.4749
G1 X107.015 Y72.250 E471.4770
G1 X106.997 Y72.070 E471.4830
G1 X106.944 Y71.897 E471.4890
G1 X106.915 Y71.841 E471.4911
G1 X105.586 Y73.169 E471.5536
G1 X105.020 Y73.169 E471.5724
G1 X106.661 Y71.529 E471.6496
G1 X106.606 Y71.484 E471.6520
G1 X106.452 Y71.405 E471.6577
G1 X106.278 Y71.352 E471.6638
G1 X106.273 Y71.351 E471.6639
G1 X104.455 Y73.169 E471.7495
G1 X103.889 Y73.169 E471.7683
G1 X105.727 Y71.332 E471.8547
G1 X105.162 Y71.331 E471.8735
G1 X103.323 Y73.169 E471.9600
G1 X102.758 Y73.169 E471.9788
G1 X104.596 Y71.331 E472.0652
G1 X104.031 Y71.330 E472.0840
G1 X102.192 Y73.169 E472.1705
G1 X101.626 Y73.169 E472.1894
G1 X103.466 Y71.330 E472.2759
G1 X103.019 Y71.330 E472.2907
G1 X103.019 Y71.211 E472.2947
G1 X101.061 Y73.169 E472.3868
G1 X100.495 Y73.169 E472.4056
G1 X103.019 Y70.645 E472.5243
G1 X103.019 Y70.079 E472.5432
G1 X99.929 Y73.169 E472.6885
G1 X99.364 Y73.169 E472.7073
G1 X103.019 Y69.514 E472.8792
G1 X103.019 Y68.948 E472.8981
G1 X101.179 Y70.789 E472.9846
G1 X101.179 Y70.223 E473.0034
G1 X103.019 Y68.382 E473.0900
G1 X103.019 Y67.817 E473.1088
G1 X101.179 Y69.657 E473.1954
G1 X101.179 Y69.092 E473.2142
G1 X103.019 Y67.251 E473.3007
G1 X103.019 Y66.685 E473.3195
G1 X101.179 Y68.526 E473.4061
G1 X101.179 Y67.960 E473.4249
G1 X103.019 Y66.120 E473.5115
G1 X103.019 Y65.554 E473.5303
G1 X101.179 Y67.395 E473.6169
G1 X101.179 Y66.829 E473.6357
G1 X103.019 Y64.988 E473.7223
G1 X103.019 Y64.423 E473.7411
G1 X101.179 Y66.263 E473.8276
G1 X101.179 Y65.697 E473.8465
G1 X103.019 Y63.857 E473.9330
G1 X103.019 Y63.291 E473.9518
G1 X101.179 Y65.132 E474.0384
G1 X101.179 Y64.566 E474.0572
G1 X103.019 Y62.726 E474.1438
G1 X103.019 Y62.160 E474.1626
G1 X101.179 Y64.000 E474.2491
G1 X101.179 Y63.435 E474.2679
G1 X103.019 Y61.594 E474.3545
G1 X103.019 Y61.028 E474.3733
G1 X101.179 Y62.869 E474.4599
G1 X101.179 Y62.303 E474.4787
G1 X102.963 Y60.519 E474.5626
G1 X102.785 Y60.131 E474.5768
G1 X101.179 Y61.738 E474.6524
G1 X101.179 Y61.172 E474.6712
G1 X102.608 Y59.743 E474.7384
G1 X102.430 Y59.355 E474.7526
G1 X101.210 Y60.575 E474.8100
G1 X101.686 Y59.534 E474.8481
G1 X101.900 Y59.320 E474.8582
G0 F2400 X102.253 Y58.967
G0 F4200 X102.111 Y58.826
;TYPE:SOLID-FILL
;WIDTH:0.400
G1 F3000 X102.316 Y58.621 E474.8678
G1 F3000 E469.8678
G1 F900 Z7.100
G0 F4200 X100.555 Y71.129
G1 F900 Z6.800
G1 F1500 E474.8678
G1 F3000 X100.496 Y71.188 E474.8706
G1 F3000 E469.8706
G1 F900 Z7.100
G0 F4200 X90.733 Y73.424
;TYPE:WALL-INNER
;WIDTH:0.400
G1 F900 Z6.800
G1 F1500 E474.8706
G1 F2400 X90.470 Y73.450 E474.8794
G1 X82.530 Y73.450 E475.1435
G1 X82.267 Y73.424 E475.1523
G1 X82.042 Y73.356 E475.1601
G1 X81.835 Y73.246 E475.1679
G1 X81.653 Y73.097 E475.1757
G1 X81.504 Y72.915 E475.1835
G1 X81.394 Y72.708 E475.1913
G1 X81.326 Y72.483 E475.1991
G1 X81.303 Y72.250 E475.2069
G1 X81.326 Y72.016 E475.2147
G1 X81.393 Y71.796 E475.2224
G1 X81.524 Y71.560 E475.2314
G1 X81.653 Y71.404 E475.2381
G1 X81.835 Y71.254 E475.2459
G1 X82.042 Y71.144 E475.2537
G1 X82.267 Y71.076 E475.2616
G1 X82.530 Y71.050 E475.2703
G1 X85.300 Y71.050 E475.3625
G1 X85.300 Y60.581 E475.7107
G1 X86.265 Y58.471 E475.7878
G1 X86.388 Y58.375 E475.7930
G1 X86.442 Y58.358 E475.7949
G1 X86.558 Y58.358 E475.7988
G1 X86.664 Y58.403 E475.8026
G1 X86.741 Y58.483 E475.8063
G1 X87.700 Y60.581 E475.8830
G1 X87.700 Y71.050 E476.2312
G1 X90.506 Y71.053 E476.3245
G1 X90.733 Y71.076 E476.3321
G1 X90.958 Y71.144 E476.3400
G1 X91.165 Y71.254 E476.3478
G1 X91.347 Y71.403 E476.3556
G1 X91.496 Y71.585 E476.3634
G1 X91.606 Y71.792 E476.3712
G1 X91.674 Y72.017 E476.3790
G1 X91.697 Y72.250 E476.3868
G1 X91.674 Y72.484 E476.3946
G1 X91.607 Y72.704 E476.4023
G1 X91.476 Y72.940 E476.4112
G1 X91.347 Y73.096 E476.4180
G1 X91.189 Y73.227 E476.4248
G0 F2400 X91.165 Y73.246
G0 F2400 X90.958 Y73.356
G0 F2400 X90.733 Y73.424
G1 F3000 E471.4248
G0 F4200 X90.812 Y73.818
;TYPE:WALL-OUTER
;WIDTH:0.400
G1 F900 Z6.800
G1 F1500 E476.4248
G1 F1800 X90.490 Y73.850 E476.4356
G1 X82.510 Y73.850 E476.7010
G1 X82.188 Y73.818 E476.7117
G1 X81.888 Y73.727 E476.7222
G1 X81.612 Y73.580 E476.7326
G1 X81.369 Y73.381 E476.7430
G1 X81.170 Y73.138 E476.7535
G1 X81.023 Y72.862 E476.7639
G1 X80.932 Y72.562 E476.7743
G1 X80.901 Y72.250 E476.7847
G1 X80.932 Y71.938 E476.7952
G1 X81.022 Y71.639 E476.8055
G1 X81.192 Y71.334 E476.8172
G1 X81.369 Y71.119 E476.8264
G1 X81.612 Y70.920 E476.8369
G1 X81.888 Y70.773 E476.8473
G1 X82.188 Y70.682 E476.8577
G1 X82.510 Y70.650 E476.8685
G1 X84.900 Y70.650 E476.9479
G1 X84.900 Y60.494 E477.2857
G1 X85.923 Y58.257 E477.3675
G1 X86.006 Y58.156 E477.3719
G1 X86.112 Y58.069 E477.3765
G1 X86.233 Y58.004 E477.3810
G1 X86.363 Y57.964 E477.3855
G1 X86.500 Y57.951 E477.3901
G1 X86.637 Y57.964 E477.3947
G1 X86.767 Y58.004 E477.3992
G1 X86.888 Y58.069 E477.4038
G1 X86.992 Y58.155 E477.4083
G1 X87.085 Y58.272 E477.4133
G1 X88.100 Y60.494 E477.4945
G1 X88.100 Y70.650 E477.8323
G1 X90.527 Y70.653 E477.9130
G1 X90.812 Y70.682 E477.9225
G1 X91.112 Y70.773 E477.9330
G1 X91.388 Y70.920 E477.9434
G1 X91.631 Y71.119 E477.9538
G1 X91.830 Y71.362 E477.9643
G1 X91.977 Y71.638 E477.9747
G1 X92.068 Y71.938 E477.9851
G1 X92.099 Y72.250 E477.9955
G1 X92.068 Y72.562 E478.0059
G1 X91.978 Y72.861 E478.0163
G1 X91.808 Y73.166 E478.0279
G1 X91.631 Y73.381 E478.0372
G1 X91.388 Y73.580 E478.0477
G1 X91.277 Y73.639 E478.0518
G0 F1800 X91.112 Y73.727
G0 F1800 X90.812 Y73.818
G1 F3000 E473.0518
G0 F4200 X90.313 Y73.169
;TYPE:SOLID-FILL
;WIDTH:0.400
G1 F900 Z6.800
G1 F1500 E478.0518
G1 F2400 X91.398 Y72.084 E478.1029
G1 X91.397 Y72.071 E478.1033
G1 X91.344 Y71.897 E478.1094
G1 X91.264 Y71.743 E478.1151
G1 X91.223 Y71.694 E478.1173
G1 X89.747 Y73.169 E478.1867
G1 X89.181 Y73.169 E478.2055
G1 X90.914 Y71.436 E478.2870
G1 X90.851 Y71.405 E478.2893
G1 X90.678 Y71.352 E478.2953
G1 X90.491 Y71.332 E478.3016
G1 X90.453 Y71.332 E478.3029
G1 X88.616 Y73.169 E478.3893
G1 X88.050 Y73.169 E478.4081
G1 X89.888 Y71.332 E478.4945
G1 X89.323 Y71.331 E478.5133
G1 X87.484 Y73.169 E478.5998
G1 X86.918 Y73.169 E478.6186
G1 X88.758 Y71.330 E478.7051
G1 X88.192 Y71.330 E478.7240
G1 X86.353 Y73.169 E478.8105
G1 X85.787 Y73.169 E478.8293
G1 X87.627 Y71.330 E478.9158
G1 X87.419 Y71.330 E478.9227
G1 X87.419 Y70.972 E478.9347
G1 X85.221 Y73.169 E479.0380
G1 X84.656 Y73.169 E479.0568
G1 X87.419 Y70.406 E479.1868
G1 X87.419 Y69.840 E479.2056
G1 X84.090 Y73.169 E479.3622
G1 X83.524 Y73.169 E479.3810
G1 X85.364 Y71.330 E479.4675
G1 X84.799 Y71.330 E479.4863
G1 X82.959 Y73.169 E479.5728
G1 X82.543 Y73.169 E479.5867
G1 X82.406 Y73.157 E479.5913
G1 X84.233 Y71.330 E479.6772
G1 X83.667 Y71.330 E479.6960
G1 X81.986 Y73.010 E479.7751
G1 X81.851 Y72.897 E479.7809
G1 X81.734 Y72.757 E479.7870
G1 X81.714 Y72.717 E479.7885
G1 X83.102 Y71.330 E479.8537
G1 X82.543 Y71.330 E479.8723
G1 X82.535 Y71.330 E479.8726
G1 X81.940 Y71.926 E479.9006
G0 F2400 X81.587 Y72.279
G1 F3000 E474.9006
G1 F900 Z7.100
G0 F4200 X85.579 Y71.115
G1 F900 Z6.800
G1 F1500 E479.9006
G1 F2400 X87.419 Y69.275 E479.9872
G1 X87.419 Y68.709 E480.0060
G1 X85.579 Y70.549 E480.0925
G1 X85.579 Y69.983 E480.1114
G1 X87.419 Y68.143 E480.1979
G1 X87.419 Y67.578 E480.2167
G1 X85.579 Y69.418 E480.3032
G1 X85.579 Y68.852 E480.3221
G1 X87.419 Y67.012 E480.4086
G1 X87.419 Y66.446 E480.4274
G1 X85.579 Y68.286 E480.5140
G1 X85.579 Y67.721 E480.5328
G1 X87.419 Y65.881 E480.6193
G1 X87.419 Y65.315 E480.6382
G1 X85.579 Y67.155 E480.7247
G1 X85.579 Y66.589 E480.7435
G1 X87.419 Y64.749 E480.8301
G1 X87.419 Y64.184 E480.8489
G1 X85.579 Y66.023 E480.9354
G1 X85.579 Y65.458 E480.9542
G1 X87.419 Y63.618 E481.0407
G1 X87.419 Y63.052 E481.0596
G1 X85.579 Y64.892 E481.1461
G1 X85.579 Y64.326 E481.1649
G1 X87.419 Y62.487 E481.2515
G1 X87.419 Y61.921 E481.2703
G1 X85.579 Y63.761 E481.3568
G1 X85.579 Y63.195 E481.3757
G1 X87.419 Y61.355 E481.4622
G1 X87.419 Y60.789 E481.4810
G1 X85.579 Y62.629 E481.5676
G1 X85.579 Y62.064 E481.5864
G1 X87.288 Y60.355 E481.6668
G1 X87.110 Y59.967 E481.6810
G1 X85.579 Y61.498 E481.7530
G1 X85.579 Y60.932 E481.7718
G1 X86.933 Y59.579 E481.8355
G1 X86.755 Y59.191 E481.8497
G1 X85.811 Y60.135 E481.8941
G1 X86.250 Y59.174 E481.9292
G0 F2400 X86.286 Y59.094
G0 F2400 X86.578 Y58.802
G1 F3000 E476.9292
G1 F900 Z7.100
G0 F4200 X81.445 Y72.137
;TYPE:SOLID-FILL
;WIDTH:0.400
G1 F900 Z6.800
G1 F1500 E481.9292
G1 F3000 X81.387 Y72.195 E481.9319
G1 F3000 E476.9319
G1 F900 Z7.100
G0 F4200 X90.395 Y73.370
G1 F900 Z6.800
G1 F1500 E481.9319
G1 F3000 X90.454 Y73.311 E481.9347
;LAYER:34
;Z:7.000
;HEIGHT:0.200
G0 F900 Z7.000
G0 F4200 X90.733 Y73.424
;TYPE:WALL-INNER
;WIDTH:0.400
G1 F2400 X90.470 Y73.450 E481.9435
G1 X82.530 Y73.450 E482.2076
G1 X82.267 Y73.424 E482.2164
G1 X82.042 Y73.356 E482.2242
G1 X81.835 Y73.246 E482.2320
G1 X81.653 Y73.097 E482.2398
G1 X81.504 Y72.915 E482.2476
G1 X81.394 Y72.708 E482.2554
G1 X81.326 Y72.483 E482.2632
G1 X81.303 Y72.250 E482.2710
G1 X81.326 Y72.017 E482.2788
G1 X81.394 Y71.792 E482.2866
G1 X81.504 Y71.585 E482.2944
G1 X81.653 Y71.403 E482.3023
G1 X81.835 Y71.254 E482.3101
G1 X82.042 Y71.144 E482.3179
G1 X82.267 Y71.076 E482.3257
G1 X82.530 Y71.050 E482.3345
G1 X85.300 Y71.050 E482.4266
G1 X85.300 Y60.581 E482.7748
G1 X86.263 Y58.475 E482.8518
G1 X86.388 Y58.375 E482.8572
G1 X86.442 Y58.358 E482.8590
G1 X86.558 Y58.358 E482.8629
G1 X86.665 Y58.403 E482.8668
G1 X86.739 Y58.479 E482.8703
G1 X87.700 Y60.581 E482.9472
G1 X87.700 Y71.050 E483.2954
G1 X90.497 Y71.052 E483.3884
G1 X90.733 Y71.076 E483.3963
G1 X90.958 Y71.144 E483.4041
G1 X91.165 Y71.254 E483.4119
G1 X91.347 Y71.403 E483.4197
G1 X91.493 Y71.581 E483.4274
G1 X91.613 Y71.814 E483.4361
G1 X91.674 Y72.016 E483.4431
G1 X91.697 Y72.250 E483.4509
G1 X91.674 Y72.483 E483.4587
G1 X91.606 Y72.708 E483.4665
G1 X91.496 Y72.915 E483.4743
G1 X91.347 Y73.097 E483.4822
G1 X91.189 Y73.227 E483.4890
G0 F2400 X91.165 Y73.246
G0 F2400 X90.958 Y73.356
G0 F2400 X90.733 Y73.424
G1 F3000 E478.4890
G0 F4200 X90.812 Y73.818
;TYPE:WALL-OUTER
;WIDTH:0.400
G1 F900 Z7.000
G1 F1500 E483.4890
G1 F1800 X90.490 Y73.850 E483.4997
G1 X82.510 Y73.850 E483.7651
G1 X82.188 Y73.818 E483.7759
G1 X81.888 Y73.727 E483.7863
G1 X81.612 Y73.580 E483.7967
G1 X81.369 Y73.381 E483.8072
G1 X81.170 Y73.138 E483.8176
G1 X81.023 Y72.862 E483.8280
G1 X80.932 Y72.562 E483.8384
G1 X80.901 Y72.250 E483.8489
G1 X80.932 Y71.938 E483.8593
G1 X81.023 Y71.638 E483.8697
G1 X81.170 Y71.362 E483.8801
G1 X81.369 Y71.119 E483.8906
G1 X81.612 Y70.920 E483.9010
G1 X81.888 Y70.773 E483.9114
G1 X82.188 Y70.682 E483.9219
G1 X82.510 Y70.650 E483.9326
G1 X84.900 Y70.650 E484.0121
G1 X84.900 Y60.494 E484.3499
G1 X85.922 Y58.258 E484.4317
G1 X86.015 Y58.149 E484.4364
G1 X86.112 Y58.069 E484.4406
G1 X86.233 Y58.004 E484.4452
G1 X86.363 Y57.964 E484.4497
G1 X86.500 Y57.951 E484.4543
G1 X86.637 Y57.964 E484.4589
G1 X86.767 Y58.004 E484.4634
G1 X86.888 Y58.069 E484.4680
G1 X86.993 Y58.155 E484.4725
G1 X87.083 Y58.269 E484.4773
G1 X88.100 Y60.494 E484.5587
G1 X88.100 Y70.650 E484.8965
G1 X90.518 Y70.652 E484.9769
G1 X90.812 Y70.682 E484.9867
G1 X91.112 Y70.773 E484.9971
G1 X91.388 Y70.920 E485.0075
G1 X91.631 Y71.119 E485.0180
G1 X91.829 Y71.360 E485.0284
G1 X91.985 Y71.663 E485.0397
G1 X92.068 Y71.938 E485.0492
G1 X92.099 Y72.250 E485.0597
G1 X92.068 Y72.562 E485.0701
G1 X91.977 Y72.862 E485.0805
G1 X91.830 Y73.138 E485.0909
G1 X91.631 Y73.381 E485.1014
G1 X91.388 Y73.580 E485.1118
G1 X91.277 Y73.639 E485.1160
G0 F1800 X91.112 Y73.727
G0 F1800 X90.812 Y73.818
G1 F3000 E480.1160
G0 F4200 X90.575 Y71.342
;TYPE:SOLID-FILL
;WIDTH:0.400
G1 F900 Z7.000
G1 F1500 E485.1160
G1 F2400 X91.407 Y72.174 E485.1551
G1 X91.415 Y72.250 E485.1577
G1 X91.397 Y72.428 E485.1636
G1 X91.344 Y72.602 E485.1697
G1 X91.319 Y72.651 E485.1715
G1 X89.999 Y71.332 E485.2336
G1 X89.433 Y71.331 E485.2524
G1 X91.066 Y72.964 E485.3292
G1 X91.006 Y73.015 E485.3318
G1 X90.851 Y73.095 E485.3376
G1 X90.682 Y73.146 E485.3435
G1 X88.867 Y71.331 E485.4289
G1 X88.301 Y71.330 E485.4477
G1 X90.140 Y73.169 E485.5342
G1 X89.574 Y73.169 E485.5530
G1 X88.088 Y71.683 E485.6229
G0 F2400 X87.735 Y71.330
G1 F3000 E480.6229
G1 F900 Z7.300
G0 F4200 X82.146 Y73.095
G1 F900 Z7.000
G1 F1500 E485.6229
G1 F2400 X81.653 Y72.602 E485.6461
G1 X81.601 Y72.428 E485.6522
G1 X81.583 Y72.250 E485.6581
G1 X81.601 Y72.071 E485.6641
G1 X81.621 Y72.004 E485.6664
G1 X82.786 Y73.169 E485.7212
G1 X83.352 Y73.169 E485.7400
G1 X81.820 Y71.638 E485.8121
G1 X81.851 Y71.602 E485.8137
G1 X81.992 Y71.484 E485.8198
G1 X82.146 Y71.405 E485.8255
G1 X82.151 Y71.403 E485.8257
G1 X83.918 Y73.169 E485.9088
G1 X84.483 Y73.169 E485.9276
G1 X82.643 Y71.330 E486.0141
G1 X83.209 Y71.330 E486.0329
G1 X85.049 Y73.169 E486.1195
G1 X85.615 Y73.169 E486.1383
G1 X83.775 Y71.330 E486.2248
G1 X84.340 Y71.330 E486.2436
G1 X86.180 Y73.169 E486.3301
G1 X86.746 Y73.169 E486.3490
G1 X84.906 Y71.330 E486.4355
G1 X85.472 Y71.330 E486.4543
G1 X87.312 Y73.169 E486.5408
G1 X87.877 Y73.169 E486.5596
G1 X85.579 Y70.871 E486.6677
G1 X85.579 Y70.306 E486.6865
G1 X88.443 Y73.169 E486.8212
G1 X89.009 Y73.169 E486.8400
G1 X85.579 Y69.740 E487.0013
G1 X85.579 Y69.174 E487.0202
G1 X87.419 Y71.014 E487.1067
G1 X87.419 Y70.449 E487.1255
G1 X85.579 Y68.609 E487.2120
G1 X85.579 Y68.043 E487.2309
G1 X87.419 Y69.883 E487.3174
G1 X87.419 Y69.317 E487.3362
G1 X85.579 Y67.477 E487.4228
G1 X85.579 Y66.912 E487.4416
G1 X87.419 Y68.751 E487.5281
G1 X87.419 Y68.186 E487.5469
G1 X85.579 Y66.346 E487.6334
G1 X85.579 Y65.780 E487.6523
G1 X87.419 Y67.620 E487.7388
G1 X87.419 Y67.054 E487.7576
G1 X85.579 Y65.215 E487.8442
G1 X85.579 Y64.649 E487.8630
G1 X87.419 Y66.489 E487.9495
G1 X87.419 Y65.923 E487.9684
G1 X85.579 Y64.083 E488.0549
G1 X85.579 Y63.517 E488.0737
G1 X87.419 Y65.357 E488.1603
G1 X87.419 Y64.792 E488.1791
G1 X85.579 Y62.952 E488.2656
G1 X85.579 Y62.386 E488.2845
G1 X87.419 Y64.226 E488.3710
G1 X87.419 Y63.660 E488.3898
G1 X85.579 Y61.820 E488.4764
G1 X85.579 Y61.255 E488.4952
G1 X87.419 Y63.095 E488.5817
G1 X87.419 Y62.529 E488.6005
G1 X85.579 Y60.689 E488.6871
G1 X85.579 Y60.642 E488.6887
G1 X85.742 Y60.286 E488.7017
G1 X87.419 Y61.963 E488.7806
G1 X87.419 Y61.398 E488.7993
G1 X85.919 Y59.897 E488.8699
G1 X86.096 Y59.509 E488.8841
G1 X87.419 Y60.832 E488.9463
G1 X87.419 Y60.642 E488.9527
G1 X87.102 Y59.949 E488.9780
G1 X86.274 Y59.121 E489.0170
G1 X86.317 Y59.027 E489.0204
G0 F2400 X86.421 Y58.798
G0 F2400 X86.516 Y58.798
G0 F2400 X86.626 Y58.907
G1 F3000 E484.0204
G1 F900 Z7.300
G0 F4200 X98.130 Y73.450
;TYPE:WALL-INNER
;WIDTH:0.400
G1 F900 Z7.000
G1 F1500 E489.0204
G1 F2400 X97.867 Y73.424 E489.0292
G1 X97.642 Y73.356 E489.0370
G1 X97.435 Y73.246 E489.0448
G1 X97.253 Y73.097 E489.0526
G1 X97.104 Y72.915 E489.0604
G1 X96.994 Y72.708 E489.0682
G1 X96.926 Y72.483 E489.0761
G1 X96.903 Y72.250 E489.0838
G1 X96.926 Y72.017 E489.0916
G1 X96.994 Y71.792 E489.0994
G1 X97.104 Y71.585 E489.1072
G1 X97.253 Y71.403 E489.1151
G1 X97.435 Y71.254 E489.1229
G1 X97.642 Y71.144 E489.1307
G1 X97.867 Y71.076 E489.1385
G1 X98.130 Y71.050 E489.1473
G1 X100.900 Y71.050 E489.2394
G1 X100.900 Y60.581 E489.5876
G1 X101.863 Y58.475 E489.6646
G1 X101.988 Y58.375 E489.6700
G1 X102.042 Y58.358 E489.6719
G1 X102.158 Y58.358 E489.6757
G1 X102.265 Y58.403 E489.6796
G1 X102.339 Y58.479 E489.6831
G1 X103.300 Y60.581 E489.7600
G1 X103.300 Y71.050 E490.1082
G1 X106.097 Y71.052 E490.2012
G1 X106.333 Y71.076 E490.2091
G1 X106.558 Y71.144 E490.2169
G1 X106.765 Y71.254 E490.2247
G1 X106.947 Y71.403 E490.2325
G1 X107.093 Y71.581 E490.2402
G1 X107.213 Y71.814 E490.2489
G1 X107.274 Y72.016 E490.2559
G1 X107.297 Y72.250 E490.2637
G1 X107.274 Y72.483 E490.2715
G1 X107.206 Y72.708 E490.2793
G1 X107.096 Y72.915 E490.2871
G1 X106.947 Y73.097 E490.2950
G1 X106.765 Y73.246 E490.3028
G1 X106.558 Y73.356 E490.3106
G1 X106.333 Y73.424 E490.3184
G1 X106.070 Y73.450 E490.3272
G1 X98.630 Y73.450 E490.5747
G0 F2400 X98.130 Y73.450
G1 F3000 E485.5747
G0 F4200 X98.110 Y73.850
;TYPE:WALL-OUTER
;WIDTH:0.400
G1 F900 Z7.000
G1 F1500 E490.5747
G1 F1800 X97.788 Y73.818 E490.5854
G1 X97.488 Y73.727 E490.5958
G1 X97.212 Y73.580 E490.6062
G1 X96.969 Y73.381 E490.6167
G1 X96.770 Y73.138 E490.6271
G1 X96.623 Y72.862 E490.6375
G1 X96.532 Y72.562 E490.6480
G1 X96.501 Y72.250 E490.6584
G1 X96.532 Y71.938 E490.6688
G1 X96.623 Y71.638 E490.6792
G1 X96.770 Y71.362 E490.6896
G1 X96.969 Y71.119 E490.7001
G1 X97.212 Y70.920 E490.7105
G1 X97.488 Y70.773 E490.7209
G1 X97.788 Y70.682 E490.7314
G1 X98.110 Y70.650 E490.7421
G1 X100.500 Y70.650 E490.8216
G1 X100.500 Y60.494 E491.1594
G1 X101.522 Y58.258 E491.2412
G1 X101.615 Y58.149 E491.2459
G1 X101.712 Y58.069 E491.2501
G1 X101.833 Y58.004 E491.2547
G1 X101.963 Y57.964 E491.2592
G1 X102.100 Y57.951 E491.2638
G1 X102.237 Y57.964 E491.2684
G1 X102.367 Y58.004 E491.2729
G1 X102.488 Y58.069 E491.2775
G1 X102.593 Y58.155 E491.2820
G1 X102.683 Y58.269 E491.2868
G1 X103.700 Y60.494 E491.3682
G1 X103.700 Y70.650 E491.7060
G1 X106.118 Y70.652 E491.7864
G1 X106.412 Y70.682 E491.7962
G1 X106.712 Y70.773 E491.8066
G1 X106.988 Y70.920 E491.8170
G1 X107.231 Y71.119 E491.8275
G1 X107.429 Y71.360 E491.8379
G1 X107.585 Y71.663 E491.8492
G1 X107.668 Y71.938 E491.8588
G1 X107.699 Y72.250 E491.8692
G1 X107.668 Y72.562 E491.8796
G1 X107.577 Y72.862 E491.8900
G1 X107.430 Y73.138 E491.9004
G1 X107.231 Y73.381 E491.9109
G1 X106.988 Y73.580 E491.9213
G1 X106.712 Y73.727 E491.9317
G1 X106.412 Y73.818 E491.9422
G1 X106.090 Y73.850 E491.9529
G1 X98.610 Y73.850 E492.2017
G0 F1800 X98.110 Y73.850
G1 F3000 E487.2017
G0 F4200 X98.050 Y73.160
;TYPE:SOLID-FILL
;WIDTH:0.400
G1 F900 Z7.000
G1 F1500 E492.2017
G1 F2400 X97.188 Y72.298 E492.2423
G1 X97.183 Y72.249 E492.2439
G1 X97.201 Y72.071 E492.2498
G1 X97.254 Y71.897 E492.2559
G1 X97.287 Y71.832 E492.2583
G1 X98.625 Y73.169 E492.3212
G1 X99.191 Y73.169 E492.3401
G1 X97.546 Y71.524 E492.4174
G1 X97.592 Y71.484 E492.4195
G1 X97.746 Y71.405 E492.4252
G1 X97.920 Y71.352 E492.4313
G1 X97.937 Y71.350 E492.4318
G1 X99.757 Y73.169 E492.5174
G1 X100.322 Y73.169 E492.5362
G1 X98.483 Y71.330 E492.6227
G1 X99.048 Y71.330 E492.6415
G1 X100.888 Y73.169 E492.7280
G1 X101.454 Y73.169 E492.7469
G1 X99.614 Y71.330 E492.8334
G1 X100.180 Y71.330 E492.8522
G1 X102.019 Y73.169 E492.9387
G1 X102.585 Y73.169 E492.9575
G1 X100.745 Y71.330 E493.0441
G1 X101.179 Y71.329 E493.0585
G1 X101.179 Y71.197 E493.0629
G1 X103.151 Y73.169 E493.1556
G1 X103.717 Y73.169 E493.1745
G1 X101.179 Y70.632 E493.2938
G1 X101.179 Y70.066 E493.3126
G1 X104.282 Y73.169 E493.4586
G1 X104.848 Y73.169 E493.4774
G1 X101.179 Y69.500 E493.6500
G1 X101.179 Y68.935 E493.6688
G1 X103.019 Y70.775 E493.7553
G1 X103.019 Y70.210 E493.7741
G1 X101.179 Y68.369 E493.8607
G1 X101.179 Y67.803 E493.8795
G1 X103.019 Y69.644 E493.9661
G1 X103.019 Y69.078 E493.9849
G1 X101.179 Y67.238 E494.0715
G1 X101.179 Y66.672 E494.0903
G1 X103.019 Y68.512 E494.1769
G1 X103.019 Y67.947 E494.1956
G1 X101.179 Y66.106 E494.2822
G1 X101.179 Y65.541 E494.3010
G1 X103.019 Y67.381 E494.3876
G1 X103.019 Y66.815 E494.4064
G1 X101.179 Y64.975 E494.4929
G1 X101.179 Y64.409 E494.5118
G1 X103.019 Y66.250 E494.5983
G1 X103.019 Y65.684 E494.6171
G1 X101.179 Y63.843 E494.7037
G1 X101.179 Y63.278 E494.7225
G1 X103.019 Y65.118 E494.8091
G1 X103.019 Y64.553 E494.8279
G1 X101.179 Y62.712 E494.9144
G1 X101.179 Y62.146 E494.9332
G1 X103.019 Y63.987 E495.0198
G1 X103.019 Y63.421 E495.0386
G1 X101.179 Y61.581 E495.1252
G1 X101.179 Y61.015 E495.1440
G1 X103.019 Y62.856 E495.2306
G1 X103.019 Y62.290 E495.2494
G1 X101.239 Y60.509 E495.3332
G1 X101.416 Y60.121 E495.3473
G1 X103.019 Y61.724 E495.4227
G1 X103.019 Y61.159 E495.4415
G1 X101.594 Y59.733 E495.5086
G1 X101.771 Y59.345 E495.5228
G1 X102.978 Y60.552 E495.5796
G1 X102.502 Y59.510 E495.6177
G1 X102.302 Y59.310 E495.6271
G0 F2400 X101.949 Y58.957
G1 F3000 E490.6271
G1 F900 Z7.300
G0 F4200 X103.574 Y71.330
G1 F900 Z7.000
G1 F1500 E495.6271
G1 F2400 X105.414 Y73.169 E495.7136
G1 X105.979 Y73.169 E495.7324
G1 X104.141 Y71.331 E495.8188
G1 X104.706 Y71.331 E495.8376
G1 X106.464 Y73.088 E495.9203
G1 X106.606 Y73.014 E495.9256
G1 X106.746 Y72.897 E495.9317
G1 X106.788 Y72.847 E495.9339
G1 X105.273 Y71.332 E496.0051
G1 X105.839 Y71.332 E496.0239
G1 X106.983 Y72.476 E496.0778
G1 X106.997 Y72.429 E496.0794
G1 X107.015 Y72.250 E496.0854
G1 X106.997 Y72.071 E496.0914
G1 X106.952 Y71.919 E496.0966
G1 X106.909 Y71.837 E496.0997
G1 X106.858 Y71.786 E496.1021
G0 F2400 X106.505 Y71.432
G1 F3000 E491.1021
G1 F900 Z7.300
G0 F4200 X103.715 Y71.188
;TYPE:SOLID-FILL
;WIDTH:0.400
G1 F900 Z7.000
G1 F1500 E496.1021
G1 F3000 X103.658 Y71.131 E496.1048
G1 F3000 E491.1048
G1 F900 Z7.300
G0 F4200 X102.089 Y58.815
G1 F900 Z7.000
G1 F1500 E496.1048
G1 F3000 X101.887 Y58.612 E496.1143
;LAYER:35
;Z:7.200
;HEIGHT:0.200
G1 F3000 E491.1143
G0 F900 Z7.200
G0 F4200 X98.130 Y73.450
;TYPE:WALL-INNER
;WIDTH:0.400
G1 F900 Z7.200
G1 F1500 E496.1143
G1 F2400 X97.867 Y73.424 E496.1231
G1 X97.642 Y73.356 E496.1309
G1 X97.435 Y73.246 E496.1387
G1 X97.253 Y73.097 E496.1465
G1 X97.104 Y72.915 E496.1544
G1 X96.994 Y72.708 E496.1622
G1 X96.926 Y72.483 E496.1700
G1 X96.903 Y72.250 E496.1778
G1 X96.926 Y72.017 E496.1855
G1 X96.994 Y71.792 E496.1934
G1 X97.104 Y71.585 E496.2012
G1 X97.253 Y71.403 E496.2090
G1 X97.435 Y71.254 E496.2168
G1 X97.642 Y71.144 E496.2246
G1 X97.867 Y71.076 E496.2324
G1 X98.130 Y71.050 E496.2412
G1 X100.900 Y71.050 E496.3333
G1 X100.900 Y60.581 E496.6815
G1 X101.865 Y58.471 E496.7587
G1 X101.988 Y58.375 E496.7639
G1 X102.042 Y58.358 E496.7658
G1 X102.158 Y58.358 E496.7696
G1 X102.265 Y58.403 E496.7735
G1 X102.339 Y58.477 E496.7770
G1 X103.300 Y60.581 E496.8539
G1 X103.300 Y71.050 E497.2021
G1 X106.088 Y71.051 E497.2948
G1 X106.333 Y71.076 E497.3030
G1 X106.558 Y71.144 E497.3109
G1 X106.765 Y71.254 E497.3187
G1 X106.947 Y71.403 E497.3265
G1 X107.096 Y71.585 E497.3343
G1 X107.206 Y71.792 E497.3421
G1 X107.274 Y72.017 E497.3499
G1 X107.297 Y72.250 E497.3577
G1 X107.274 Y72.483 E497.3655
G1 X107.206 Y72.708 E497.3733
G1 X107.096 Y72.915 E497.3811
G1 X106.947 Y73.097 E497.3889
G1 X106.765 Y73.246 E497.3968
G1 X106.558 Y73.356 E497.4045
G1 X106.333 Y73.424 E497.4124
G1 X106.070 Y73.450 E497.4212
G1 X98.630 Y73.450 E497.6686
G0 F2400 X98.130 Y73.450
G1 F3000 E492.6686
G0 F4200 X98.110 Y73.850
;TYPE:WALL-OUTER
;WIDTH:0.400
G1 F900 Z7.200
G1 F1500 E497.6686
G1 F1800 X97.788 Y73.818 E497.6794
G1 X97.488 Y73.727 E497.6898
G1 X97.212 Y73.580 E497.7002
G1 X96.969 Y73.381 E497.7106
G1 X96.770 Y73.138 E497.7211
G1 X96.623 Y72.862 E497.7315
G1 X96.532 Y72.562 E497.7419
G1 X96.501 Y72.250 E497.7523
G1 X96.532 Y71.938 E497.7628
G1 X96.623 Y71.638 E497.7732
G1 X96.770 Y71.362 E497.7836
G1 X96.969 Y71.119 E497.7941
G1 X97.212 Y70.920 E497.8045
G1 X97.488 Y70.773 E497.8149
G1 X97.788 Y70.682 E497.8253
G1 X98.110 Y70.650 E497.8361
G1 X100.500 Y70.650 E497.9156
G1 X100.500 Y60.494 E498.2534
G1 X101.523 Y58.257 E498.3352
G1 X101.606 Y58.156 E498.3395
G1 X101.712 Y58.069 E498.3441
G1 X101.833 Y58.004 E498.3487
G1 X101.963 Y57.964 E498.3532
G1 X102.100 Y57.951 E498.3578
G1 X102.237 Y57.964 E498.3623
G1 X102.367 Y58.004 E498.3669
G1 X102.488 Y58.069 E498.3714
G1 X102.593 Y58.155 E498.3759
G1 X102.682 Y58.265 E498.3807
G1 X103.700 Y60.494 E498.4622
G1 X103.700 Y70.650 E498.7999
G1 X106.108 Y70.651 E498.8800
G1 X106.412 Y70.682 E498.8902
G1 X106.712 Y70.773 E498.9006
G1 X106.988 Y70.920 E498.9110
G1 X107.231 Y71.119 E498.9215
G1 X107.430 Y71.362 E498.9319
G1 X107.577 Y71.638 E498.9423
G1 X107.668 Y71.938 E498.9527
G1 X107.699 Y72.250 E498.9632
G1 X107.668 Y72.562 E498.9736
G1 X107.577 Y72.862 E498.9840
G1 X107.430 Y73.138 E498.9944
G1 X107.231 Y73.381 E499.0049
G1 X106.988 Y73.580 E499.0153
G1 X106.712 Y73.727 E499.0257
G1 X106.412 Y73.818 E499.0362
G1 X106.090 Y73.850 E499.0469
G1 X98.610 Y73.850 E499.2957
G0 F1800 X98.110 Y73.850
G1 F3000 E494.2957
G0 F4200 X97.722 Y71.417
;TYPE:SOLID-FILL
;WIDTH:0.400
G1 F900 Z7.200
G1 F1500 E499.2957
G1 F2400 X97.266 Y71.873 E499.3171
G1 X97.254 Y71.897 E499.3180
G1 X97.201 Y72.071 E499.3241
G1 X97.183 Y72.249 E499.3300
G1 X97.201 Y72.428 E499.3360
G1 X97.219 Y72.486 E499.3380
G1 X98.376 Y71.329 E499.3925
G1 X98.941 Y71.329 E499.4113
G1 X97.416 Y72.854 E499.4830
G1 X97.451 Y72.897 E499.4848
G1 X97.592 Y73.015 E499.4909
G1 X97.743 Y73.093 E499.4966
G1 X99.507 Y71.329 E499.5796
G1 X100.073 Y71.329 E499.5984
G1 X98.232 Y73.169 E499.6850
G1 X98.798 Y73.169 E499.7038
G1 X100.285 Y71.682 E499.7737
G0 F2400 X100.638 Y71.329
G1 F3000 E494.7737
G1 F900 Z7.500
G0 F4200 X106.162 Y73.160
G1 F900 Z7.200
G1 F1500 E499.7737
G1 F2400 X107.008 Y72.313 E499.8136
G1 X107.015 Y72.250 E499.8157
G1 X106.997 Y72.070 E499.8217
G1 X106.944 Y71.897 E499.8277
G1 X106.915 Y71.841 E499.8298
G1 X105.586 Y73.169 E499.8923
G1 X105.020 Y73.169 E499.9111
G1 X106.661 Y71.529 E499.9883
G1 X106.606 Y71.484 E499.9906
G1 X106.452 Y71.405 E499.9964
G1 X106.278 Y71.352 E500.0024
G1 X106.273 Y71.351 E500.0026
G1 X104.455 Y73.169 E500.0881
G1 X103.889 Y73.169 E500.1070
G1 X105.729 Y71.330 E500.1935
G1 X105.163 Y71.330 E500.2123
G1 X103.323 Y73.169 E500.2988
G1 X102.758 Y73.169 E500.3176
G1 X104.598 Y71.330 E500.4041
G1 X104.032 Y71.330 E500.4230
G1 X102.192 Y73.169 E500.5095
G1 X101.626 Y73.169 E500.5283
G1 X103.466 Y71.330 E500.6148
G1 X103.019 Y71.330 E500.6297
G1 X103.019 Y71.211 E500.6337
G1 X101.061 Y73.169 E500.7258
G1 X100.495 Y73.169 E500.7446
G1 X103.019 Y70.645 E500.8633
G1 X103.019 Y70.079 E500.8821
G1 X99.929 Y73.169 E501.0275
G1 X99.364 Y73.169 E501.0463
G1 X103.019 Y69.514 E501.2182
G1 X103.019 Y68.948 E501.2370
G1 X101.179 Y70.789 E501.3236
G1 X101.179 Y70.223 E501.3424
G1 X103.019 Y68.382 E501.4290
G1 X103.019 Y67.817 E501.4478
G1 X101.179 Y69.657 E501.5343
G1 X101.179 Y69.092 E501.5531
G1 X103.019 Y67.251 E501.6397
G1 X103.019 Y66.685 E501.6585
G1 X101.179 Y68.526 E501.7451
G1 X101.179 Y67.960 E501.7639
G1 X103.019 Y66.120 E501.8505
G1 X103.019 Y65.554 E501.8693
G1 X101.179 Y67.395 E501.9559
G1 X101.179 Y66.829 E501.9747
G1 X103.019 Y64.988 E502.0613
G1 X103.019 Y64.423 E502.0800
G1 X101.179 Y66.263 E502.1666
G1 X101.179 Y65.697 E502.1854
G1 X103.019 Y63.857 E502.2720
G1 X103.019 Y63.291 E502.2908
G1 X101.179 Y65.132 E502.3774
G1 X101.179 Y64.566 E502.3962
G1 X103.019 Y62.726 E502.4827
G1 X103.019 Y62.160 E502.5016
G1 X101.179 Y64.000 E502.5881
G1 X101.179 Y63.435 E502.6069
G1 X103.019 Y61.594 E502.6935
G1 X103.019 Y61.028 E502.7123
G1 X101.179 Y62.869 E502.7989
G1 X101.179 Y62.303 E502.8177
G1 X102.963 Y60.519 E502.9016
G1 X102.785 Y60.131 E502.9158
G1 X101.179 Y61.738 E502.9914
G1 X101.179 Y61.172 E503.0102
G1 X102.608 Y59.743 E503.0774
G1 X102.430 Y59.355 E503.0916
G1 X101.210 Y60.575 E503.1490
G1 X101.686 Y59.534 E503.1871
G1 X101.900 Y59.320 E503.1971
G0 F2400 X102.253 Y58.967
G0 F4200 X102.111 Y58.826
;TYPE:SOLID-FILL
;WIDTH:0.400
G1 F3000 X102.316 Y58.621 E503.2068
G1 F3000 E498.2068
G1 F900 Z7.500
G0 F4200 X100.555 Y71.129
G1 F900 Z7.200
G1 F1500 E503.2068
G1 F3000 X100.496 Y71.188 E503.2096
G1 F3000 E498.2096
G1 F900 Z7.500
G0 F4200 X90.733 Y73.424
;TYPE:WALL-INNER
;WIDTH:0.400
G1 F900 Z7.200
G1 F1500 E503.2096
G1 F2400 X90.470 Y73.450 E503.2183
G1 X82.530 Y73.450 E503.4824
G1 X82.267 Y73.424 E503.4912
G1 X82.042 Y73.356 E503.4990
G1 X81.835 Y73.246 E503.5068
G1 X81.653 Y73.097 E503.5147
G1 X81.504 Y72.915 E503.5225
G1 X81.394 Y72.708 E503.5303
G1 X81.326 Y72.483 E503.5381
G1 X81.303 Y72.250 E503.5459
G1 X81.326 Y72.017 E503.5537
G1 X81.394 Y71.792 E503.5615
G1 X81.504 Y71.585 E503.5693
G1 X81.653 Y71.403 E503.5771
G1 X81.835 Y71.254 E503.5849
G1 X82.042 Y71.144 E503.5927
G1 X82.267 Y71.076 E503.6005
G1 X82.530 Y71.050 E503.6093
G1 X85.300 Y71.050 E503.7015
G1 X85.300 Y60.581 E504.0497
G1 X86.265 Y58.471 E504.1268
G1 X86.388 Y58.375 E504.1320
G1 X86.442 Y58.358 E504.1339
G1 X86.558 Y58.358 E504.1378
G1 X86.665 Y58.403 E504.1416
G1 X86.739 Y58.477 E504.1451
G1 X87.700 Y60.581 E504.2220
G1 X87.700 Y71.050 E504.5702
G1 X90.488 Y71.051 E504.6630
G1 X90.733 Y71.076 E504.6712
G1 X90.958 Y71.144 E504.6790
G1 X91.165 Y71.254 E504.6868
G1 X91.347 Y71.403 E504.6946
G1 X91.496 Y71.585 E504.7024
G1 X91.606 Y71.792 E504.7102
G1 X91.674 Y72.017 E504.7180
G1 X91.697 Y72.250 E504.7258
G1 X91.674 Y72.483 E504.7336
G1 X91.606 Y72.708 E504.7414
G1 X91.496 Y72.915 E504.7492
G1 X91.347 Y73.097 E504.7570
G1 X91.189 Y73.227 E504.7639
G0 F2400 X91.165 Y73.246
G0 F2400 X90.958 Y73.356
G0 F2400 X90.733 Y73.424
G1 F3000 E499.7639
G0 F4200 X90.812 Y73.818
;TYPE:WALL-OUTER
;WIDTH:0.400
G1 F900 Z7.200
G1 F1500 E504.7639
G1 F1800 X90.490 Y73.850 E504.7746
G1 X82.510 Y73.850 E505.0400
G1 X82.188 Y73.818 E505.0508
G1 X81.888 Y73.727 E505.0612
G1 X81.612 Y73.580 E505.0716
G1 X81.369 Y73.381 E505.0821
G1 X81.170 Y73.138 E505.0925
G1 X81.023 Y72.862 E505.1029
G1 X80.932 Y72.562 E505.1133
G1 X80.901 Y72.250 E505.1238
G1 X80.932 Y71.938 E505.1342
G1 X81.023 Y71.638 E505.1446
G1 X81.170 Y71.362 E505.1550
G1 X81.369 Y71.119 E505.1655
G1 X81.612 Y70.920 E505.1759
G1 X81.888 Y70.773 E505.1863
G1 X82.188 Y70.682 E505.1967
G1 X82.510 Y70.650 E505.2075
G1 X84.900 Y70.650 E505.2870
G1 X84.900 Y60.494 E505.6248
G1 X85.923 Y58.257 E505.7066
G1 X86.006 Y58.156 E505.7110
G1 X86.112 Y58.069 E505.7155
G1 X86.233 Y58.004 E505.7201
G1 X86.363 Y57.964 E505.7246
G1 X86.500 Y57.951 E505.7292
G1 X86.637 Y57.964 E505.7338
G1 X86.767 Y58.004 E505.7383
G1 X86.888 Y58.069 E505.7429
G1 X86.993 Y58.155 E505.7474
G1 X87.082 Y58.265 E505.7521
G1 X88.100 Y60.494 E505.8336
G1 X88.100 Y70.650 E506.1714
G1 X90.508 Y70.651 E506.2515
G1 X90.812 Y70.682 E506.2616
G1 X91.112 Y70.773 E506.2720
G1 X91.388 Y70.920 E506.2824
G1 X91.631 Y71.119 E506.2929
G1 X91.830 Y71.362 E506.3033
G1 X91.977 Y71.638 E506.3137
G1 X92.068 Y71.938 E506.3242
G1 X92.099 Y72.250 E506.3346
G1 X92.068 Y72.562 E506.3450
G1 X91.977 Y72.862 E506.3555
G1 X91.830 Y73.138 E506.3659
G1 X91.631 Y73.381 E506.3763
G1 X91.388 Y73.580 E506.3867
G1 X91.277 Y73.639 E506.3909
G0 F1800 X91.112 Y73.727
G0 F1800 X90.812 Y73.818
G1 F3000 E501.3909
G0 F4200 X90.313 Y73.169
;TYPE:SOLID-FILL
;WIDTH:0.400
G1 F900 Z7.200
G1 F1500 E506.3909
G1 F2400 X91.398 Y72.084 E506.4420
G1 X91.397 Y72.071 E506.4424
G1 X91.344 Y71.897 E506.4484
G1 X91.264 Y71.743 E506.4542
G1 X91.223 Y71.694 E506.4563
G1 X89.747 Y73.169 E506.5257
G1 X89.181 Y73.169 E506.5446
G1 X90.914 Y71.436 E506.6261
G1 X90.851 Y71.405 E506.6284
G1 X90.678 Y71.352 E506.6344
G1 X90.473 Y71.330 E506.6413
G1 X90.455 Y71.330 E506.6419
G1 X88.616 Y73.169 E506.7284
G1 X88.050 Y73.169 E506.7472
G1 X89.890 Y71.330 E506.8337
G1 X89.324 Y71.330 E506.8526
G1 X87.484 Y73.169 E506.9391
G1 X86.918 Y73.169 E506.9579
G1 X88.758 Y71.330 E507.0444
G1 X88.193 Y71.330 E507.0632
G1 X86.353 Y73.169 E507.1498
G1 X85.787 Y73.169 E507.1686
G1 X87.627 Y71.330 E507.2551
G1 X87.419 Y71.330 E507.2620
G1 X87.419 Y70.972 E507.2739
G1 X85.221 Y73.169 E507.3773
G1 X84.656 Y73.169 E507.3961
G1 X87.419 Y70.406 E507.5261
G1 X87.419 Y69.840 E507.5449
G1 X84.090 Y73.169 E507.7015
G1 X83.524 Y73.169 E507.7203
G1 X85.364 Y71.330 E507.8068
G1 X84.799 Y71.330 E507.8256
G1 X82.959 Y73.169 E507.9121
G1 X82.543 Y73.169 E507.9260
G1 X82.406 Y73.157 E507.9305
G1 X84.233 Y71.330 E508.0165
G1 X83.667 Y71.330 E508.0353
G1 X81.986 Y73.010 E508.1144
G1 X81.851 Y72.897 E508.1202
G1 X81.734 Y72.757 E508.1263
G1 X81.714 Y72.717 E508.1278
G1 X83.102 Y71.330 E508.1930
G1 X82.543 Y71.330 E508.2116
G1 X82.535 Y71.330 E508.2119
G1 X81.940 Y71.926 E508.2399
G0 F2400 X81.587 Y72.279
G1 F3000 E503.2399
G1 F900 Z7.500
G0 F4200 X85.579 Y71.115
G1 F900 Z7.200
G1 F1500 E508.2399
G1 F2400 X87.419 Y69.275 E508.3264
G1 X87.419 Y68.709 E508.3453
G1 X85.579 Y70.549 E508.4318
G1 X85.579 Y69.983 E508.4506
G1 X87.419 Y68.143 E508.5372
G1 X87.419 Y67.578 E508.5560
G1 X85.579 Y69.418 E508.6425
G1 X85.579 Y68.852 E508.6614
G1 X87.419 Y67.012 E508.7479
G1 X87.419 Y66.446 E508.7667
G1 X85.579 Y68.286 E508.8533
G1 X85.579 Y67.721 E508.8721
G1 X87.419 Y65.881 E508.9586
G1 X87.419 Y65.315 E508.9774
G1 X85.579 Y67.155 E509.0640
G1 X85.579 Y66.589 E509.0828
G1 X87.419 Y64.749 E509.1694
G1 X87.419 Y64.184 E509.1882
G1 X85.579 Y66.023 E509.2747
G1 X85.579 Y65.458 E509.2935
G1 X87.419 Y63.618 E509.3800
G1 X87.419 Y63.052 E509.3988
G1 X85.579 Y64.892 E509.4854
G1 X85.579 Y64.326 E509.5042
G1 X87.419 Y62.487 E509.5907
G1 X87.419 Y61.921 E509.6096
G1 X85.579 Y63.761 E509.6961
G1 X85.579 Y63.195 E509.7149
G1 X87.419 Y61.355 E509.8015
G1 X87.419 Y60.789 E509.8203
G1 X85.579 Y62.629 E509.9069
G1 X85.579 Y62.064 E509.9257
G1 X87.288 Y60.355 E510.0060
G1 X87.110 Y59.967 E510.0202
G1 X85.579 Y61.498 E510.0923
G1 X85.579 Y60.932 E510.1111
G1 X86.933 Y59.579 E510.1747
G1 X86.755 Y59.191 E510.1889
G1 X85.811 Y60.135 E510.2333
G1 X86.250 Y59.174 E510.2685
G0 F2400 X86.286 Y59.094
G0 F2400 X86.578 Y58.802
G1 F3000 E505.2685
G1 F900 Z7.500
G0 F4200 X81.445 Y72.137
;TYPE:SOLID-FILL
;WIDTH:0.400
G1 F900 Z7.200
G1 F1500 E510.2685
G1 F3000 X81.387 Y72.195 E510.2712
G1 F3000 E505.2712
G1 F900 Z7.500
G0 F4200 X90.395 Y73.370
G1 F900 Z7.200
G1 F1500 E510.2712
G1 F3000 X90.454 Y73.311 E510.2740
;LAYER:36
;Z:7.400
;HEIGHT:0.200
G0 F900 Z7.400
G0 F4200 X90.733 Y73.424
;TYPE:WALL-INNER
;WIDTH:0.400
G1 F2400 X90.470 Y73.450 E510.2828
G1 X82.530 Y73.450 E510.5469
G1 X82.267 Y73.424 E510.5557
G1 X82.042 Y73.356 E510.5635
G1 X81.835 Y73.246 E510.5713
G1 X81.653 Y73.097 E510.5791
G1 X81.504 Y72.915 E510.5869
G1 X81.394 Y72.708 E510.5947
G1 X81.326 Y72.483 E510.6025
G1 X81.303 Y72.250 E510.6103
G1 X81.326 Y72.017 E510.6181
G1 X81.394 Y71.792 E510.6259
G1 X81.504 Y71.585 E510.6337
G1 X81.653 Y71.403 E510.6415
G1 X81.835 Y71.254 E510.6494
G1 X82.042 Y71.144 E510.6572
G1 X82.267 Y71.076 E510.6650
G1 X82.530 Y71.050 E510.6738
G1 X85.300 Y71.050 E510.7659
G1 X85.300 Y60.581 E511.1141
G1 X86.265 Y58.471 E511.1913
G1 X86.388 Y58.375 E511.1965
G1 X86.442 Y58.358 E511.1983
G1 X86.558 Y58.358 E511.2022
G1 X86.664 Y58.403 E511.2060
G1 X86.737 Y58.475 E511.2094
G1 X87.700 Y60.581 E511.2865
G1 X87.700 Y71.050 E511.6347
G1 X90.470 Y71.050 E511.7268
G1 X90.733 Y71.076 E511.7356
G1 X90.958 Y71.144 E511.7434
G1 X91.165 Y71.254 E511.7512
G1 X91.347 Y71.403 E511.7590
G1 X91.496 Y71.585 E511.7668
G1 X91.606 Y71.792 E511.7746
G1 X91.674 Y72.017 E511.7825
G1 X91.697 Y72.250 E511.7902
G1 X91.674 Y72.483 E511.7980
G1 X91.606 Y72.708 E511.8058
G1 X91.496 Y72.915 E511.8136
G1 X91.347 Y73.097 E511.8215
G1 X91.189 Y73.227 E511.8283
G0 F2400 X91.165 Y73.246
G0 F2400 X90.958 Y73.356
G0 F2400 X90.733 Y73.424
G1 F3000 E506.8283
G0 F4200 X90.812 Y73.818
;TYPE:WALL-OUTER
;WIDTH:0.400
G1 F900 Z7.400
G1 F1500 E511.8283
G1 F1800 X90.490 Y73.850 E511.8390
G1 X82.510 Y73.850 E512.1045
G1 X82.188 Y73.818 E512.1152
G1 X81.888 Y73.727 E512.1256
G1 X81.612 Y73.580 E512.1360
G1 X81.369 Y73.381 E512.1465
G1 X81.170 Y73.138 E512.1569
G1 X81.023 Y72.862 E512.1673
G1 X80.932 Y72.562 E512.1778
G1 X80.901 Y72.250 E512.1882
G1 X80.932 Y71.938 E512.1986
G1 X81.023 Y71.638 E512.2090
G1 X81.170 Y71.362 E512.2194
G1 X81.369 Y71.119 E512.2299
G1 X81.612 Y70.920 E512.2403
G1 X81.888 Y70.773 E512.2507
G1 X82.188 Y70.682 E512.2612
G1 X82.510 Y70.650 E512.2719
G1 X84.900 Y70.650 E512.3514
G1 X84.900 Y60.494 E512.6892
G1 X85.923 Y58.257 E512.7710
G1 X86.006 Y58.156 E512.7754
G1 X86.112 Y58.069 E512.7799
G1 X86.233 Y58.004 E512.7845
G1 X86.363 Y57.964 E512.7890
G1 X86.500 Y57.951 E512.7936
G1 X86.637 Y57.964 E512.7982
G1 X86.767 Y58.004 E512.8027
G1 X86.888 Y58.069 E512.8073
G1 X86.994 Y58.156 E512.8118
G1 X87.080 Y58.262 E512.8164
G1 X88.100 Y60.494 E512.8980
G1 X88.100 Y70.650 E513.2358
G1 X90.490 Y70.650 E513.3153
G1 X90.812 Y70.682 E513.3260
G1 X91.112 Y70.773 E513.3365
G1 X91.388 Y70.920 E513.3469
G1 X91.631 Y71.119 E513.3573
G1 X91.830 Y71.362 E513.3678
G1 X91.977 Y71.638 E513.3782
G1 X92.068 Y71.938 E513.3886
G1 X92.099 Y72.250 E513.3990
G1 X92.068 Y72.562 E513.4094
G1 X91.977 Y72.862 E513.4199
G1 X91.830 Y73.138 E513.4303
G1 X91.631 Y73.381 E513.4407
G1 X91.388 Y73.580 E513.4512
G1 X91.277 Y73.639 E513.4553
G0 F1800 X91.112 Y73.727
G0 F1800 X90.812 Y73.818
G1 F3000 E508.4553
G0 F4200 X90.575 Y71.342
;TYPE:SOLID-FILL
;WIDTH:0.400
G1 F900 Z7.400
G1 F1500 E513.4553
G1 F2400 X91.408 Y72.175 E513.4945
G1 X91.415 Y72.250 E513.4970
G1 X91.397 Y72.428 E513.5030
G1 X91.344 Y72.602 E513.5090
G1 X91.319 Y72.651 E513.5109
G1 X89.997 Y71.330 E513.5730
G1 X89.432 Y71.330 E513.5918
G1 X91.066 Y72.964 E513.6687
G1 X91.006 Y73.015 E513.6713
G1 X90.851 Y73.095 E513.6771
G1 X90.682 Y73.146 E513.6830
G1 X88.866 Y71.330 E513.7684
G1 X88.300 Y71.330 E513.7872
G1 X90.140 Y73.169 E513.8737
G1 X89.574 Y73.169 E513.8926
G1 X88.087 Y71.683 E513.9625
G0 F2400 X87.734 Y71.330
G1 F3000 E508.9625
G1 F900 Z7.700
G0 F4200 X82.146 Y73.095
G1 F900 Z7.400
G1 F1500 E513.9625
G1 F2400 X81.653 Y72.602 E513.9857
G1 X81.601 Y72.428 E513.9917
G1 X81.583 Y72.250 E513.9977
G1 X81.601 Y72.071 E514.0036
G1 X81.621 Y72.004 E514.0060
G1 X82.786 Y73.169 E514.0608
G1 X83.352 Y73.169 E514.0796
G1 X81.820 Y71.638 E514.1516
G1 X81.851 Y71.602 E514.1532
G1 X81.992 Y71.484 E514.1593
G1 X82.146 Y71.405 E514.1651
G1 X82.151 Y71.403 E514.1653
G1 X83.918 Y73.169 E514.2484
G1 X84.483 Y73.169 E514.2671
G1 X82.643 Y71.330 E514.3537
G1 X83.209 Y71.330 E514.3725
G1 X85.049 Y73.169 E514.4590
G1 X85.615 Y73.169 E514.4778
G1 X83.775 Y71.330 E514.5644
G1 X84.340 Y71.330 E514.5832
G1 X86.180 Y73.169 E514.6697
G1 X86.746 Y73.169 E514.6885
G1 X84.906 Y71.330 E514.7750
G1 X85.472 Y71.330 E514.7939
G1 X87.312 Y73.169 E514.8804
G1 X87.877 Y73.169 E514.8992
G1 X85.579 Y70.871 E515.0073
G1 X85.579 Y70.306 E515.0261
G1 X88.443 Y73.169 E515.1607
G1 X89.009 Y73.169 E515.1796
G1 X85.579 Y69.740 E515.3409
G1 X85.579 Y69.174 E515.3597
G1 X87.419 Y71.014 E515.4463
G1 X87.419 Y70.449 E515.4651
G1 X85.579 Y68.609 E515.5516
G1 X85.579 Y68.043 E515.5704
G1 X87.419 Y69.883 E515.6570
G1 X87.419 Y69.317 E515.6758
G1 X85.579 Y67.477 E515.7623
G1 X85.579 Y66.912 E515.7811
G1 X87.419 Y68.751 E515.8677
G1 X87.419 Y68.186 E515.8865
G1 X85.579 Y66.346 E515.9730
G1 X85.579 Y65.780 E515.9918
G1 X87.419 Y67.620 E516.0784
G1 X87.419 Y67.054 E516.0972
G1 X85.579 Y65.215 E516.1837
G1 X85.579 Y64.649 E516.2025
G1 X87.419 Y66.489 E516.2891
G1 X87.419 Y65.923 E516.3079
G1 X85.579 Y64.083 E516.3945
G1 X85.579 Y63.517 E516.4133
G1 X87.419 Y65.357 E516.4998
G1 X87.419 Y64.792 E516.5186
G1 X85.579 Y62.952 E516.6052
G1 X85.579 Y62.386 E516.6240
G1 X87.419 Y64.226 E516.7106
G1 X87.419 Y63.660 E516.7294
G1 X85.579 Y61.820 E516.8159
G1 X85.579 Y61.255 E516.8347
G1 X87.419 Y63.095 E516.9213
G1 X87.419 Y62.529 E516.9401
G1 X85.579 Y60.689 E517.0266
G1 X85.579 Y60.642 E517.0282
G1 X85.742 Y60.286 E517.0412
G1 X87.419 Y61.963 E517.1201
G1 X87.419 Y61.398 E517.1389
G1 X85.919 Y59.898 E517.2095
G1 X86.097 Y59.510 E517.2237
G1 X87.419 Y60.832 E517.2858
G1 X87.419 Y60.642 E517.2922
G1 X87.103 Y59.950 E517.3175
G1 X86.274 Y59.121 E517.3565
G1 X86.318 Y59.026 E517.3599
G0 F2400 X86.422 Y58.798
G0 F2400 X86.517 Y58.798
G0 F2400 X86.626 Y58.908
G1 F3000 E512.3599
G1 F900 Z7.700
G0 F4200 X98.130 Y73.450
;TYPE:WALL-INNER
;WIDTH:0.400
G1 F900 Z7.400
G1 F1500 E517.3599
G1 F2400 X97.867 Y73.424 E517.3687
G1 X97.642 Y73.356 E517.3765
G1 X97.435 Y73.246 E517.3843
G1 X97.253 Y73.097 E517.3922
G1 X97.104 Y72.915 E517.4000
G1 X96.994 Y72.708 E517.4078
G1 X96.926 Y72.483 E517.4156
G1 X96.903 Y72.250 E517.4234
G1 X96.926 Y72.017 E517.4312
G1 X96.994 Y71.792 E517.4390
G1 X97.104 Y71.585 E517.4468
G1 X97.253 Y71.403 E517.4546
G1 X97.435 Y71.254 E517.4624
G1 X97.642 Y71.144 E517.4702
G1 X97.867 Y71.076 E517.4781
G1 X98.130 Y71.050 E517.4868
G1 X100.900 Y71.050 E517.5790
G1 X100.900 Y60.581 E517.9272
G1 X101.865 Y58.471 E518.0043
G1 X101.988 Y58.375 E518.0095
G1 X102.042 Y58.358 E518.0114
G1 X102.158 Y58.358 E518.0153
G1 X102.264 Y58.403 E518.0191
G1 X102.337 Y58.475 E518.0225
G1 X103.300 Y60.581 E518.0995
G1 X103.300 Y71.050 E518.4477
G1 X106.070 Y71.050 E518.5399
G1 X106.333 Y71.076 E518.5487
G1 X106.558 Y71.144 E518.5565
G1 X106.765 Y71.254 E518.5643
G1 X106.947 Y71.403 E518.5721
G1 X107.096 Y71.585 E518.5799
G1 X107.206 Y71.792 E518.5877
G1 X107.274 Y72.017 E518.5955
G1 X107.297 Y72.250 E518.6033
G1 X107.274 Y72.483 E518.6111
G1 X107.206 Y72.708 E518.6189
G1 X107.096 Y72.915 E518.6267
G1 X106.947 Y73.097 E518.6345
G1 X106.765 Y73.246 E518.6424
G1 X106.558 Y73.356 E518.6502
G1 X106.333 Y73.424 E518.6580
G1 X106.070 Y73.450 E518.6668
G1 X98.630 Y73.450 E518.9142
G0 F2400 X98.130 Y73.450
G1 F3000 E513.9142
G0 F4200 X98.110 Y73.850
;TYPE:WALL-OUTER
;WIDTH:0.400
G1 F900 Z7.400
G1 F1500 E518.9142
G1 F1800 X97.788 Y73.818 E518.9250
G1 X97.488 Y73.727 E518.9354
G1 X97.212 Y73.580 E518.9458
G1 X96.969 Y73.381 E518.9563
G1 X96.770 Y73.138 E518.9667
G1 X96.623 Y72.862 E518.9771
G1 X96.532 Y72.562 E518.9875
G1 X96.501 Y72.250 E518.9980
G1 X96.532 Y71.938 E519.0084
G1 X96.623 Y71.638 E519.0188
G1 X96.770 Y71.362 E519.0292
G1 X96.969 Y71.119 E519.0397
G1 X97.212 Y70.920 E519.0501
G1 X97.488 Y70.773 E519.0605
G1 X97.788 Y70.682 E519.0709
G1 X98.110 Y70.650 E519.0817
G1 X100.500 Y70.650 E519.1612
G1 X100.500 Y60.494 E519.4990
G1 X101.523 Y58.257 E519.5808
G1 X101.606 Y58.156 E519.5851
G1 X101.712 Y58.069 E519.5897
G1 X101.833 Y58.004 E519.5943
G1 X101.963 Y57.964 E519.5988
G1 X102.100 Y57.951 E519.6034
G1 X102.237 Y57.964 E519.6080
G1 X102.367 Y58.004 E519.6125
G1 X102.488 Y58.069 E519.6170
G1 X102.594 Y58.156 E519.6216
G1 X102.680 Y58.262 E519.6261
G1 X103.700 Y60.494 E519.7078
G1 X103.700 Y70.650 E520.0456
G1 X106.090 Y70.650 E520.1251
G1 X106.412 Y70.682 E520.1358
G1 X106.712 Y70.773 E520.1462
G1 X106.988 Y70.920 E520.1566
G1 X107.231 Y71.119 E520.1671
G1 X107.430 Y71.362 E520.1775
G1 X107.577 Y71.638 E520.1879
G1 X107.668 Y71.938 E520.1984
G1 X107.699 Y72.250 E520.2088
G1 X107.668 Y72.562 E520.2192
G1 X107.577 Y72.862 E520.2296
G1 X107.430 Y73.138 E520.2400
G1 X107.231 Y73.381 E520.2505
G1 X106.988 Y73.580 E520.2609
G1 X106.712 Y73.727 E520.2713
G1 X106.412 Y73.818 E520.2818
G1 X106.090 Y73.850 E520.2925
G1 X98.610 Y73.850 E520.5413
G0 F1800 X98.110 Y73.850
G1 F3000 E515.5413
G0 F4200 X98.050 Y73.160
;TYPE:SOLID-FILL
;WIDTH:0.400
G1 F900 Z7.400
G1 F1500 E520.5413
G1 F2400 X97.188 Y72.298 E520.5819
G1 X97.183 Y72.249 E520.5835
G1 X97.201 Y72.071 E520.5894
G1 X97.254 Y71.897 E520.5955
G1 X97.287 Y71.832 E520.5979
G1 X98.625 Y73.169 E520.6608
G1 X99.191 Y73.169 E520.6797
G1 X97.546 Y71.524 E520.7570
G1 X97.592 Y71.484 E520.7591
G1 X97.746 Y71.405 E520.7648
G1 X97.920 Y71.352 E520.7709
G1 X97.937 Y71.350 E520.7714
G1 X99.757 Y73.169 E520.8570
G1 X100.322 Y73.169 E520.8758
G1 X98.483 Y71.330 E520.9623
G1 X99.048 Y71.330 E520.9811
G1 X100.888 Y73.169 E521.0676
G1 X101.454 Y73.169 E521.0865
G1 X99.614 Y71.330 E521.1730
G1 X100.180 Y71.330 E521.1918
G1 X102.019 Y73.169 E521.2783
G1 X102.585 Y73.169 E521.2971
G1 X100.745 Y71.330 E521.3837
G1 X101.179 Y71.329 E521.3981
G1 X101.179 Y71.197 E521.4025
G1 X103.151 Y73.169 E521.4952
G1 X103.717 Y73.169 E521.5141
G1 X101.179 Y70.632 E521.6334
G1 X101.179 Y70.066 E521.6522
G1 X104.282 Y73.169 E521.7982
G1 X104.848 Y73.169 E521.8170
G1 X101.179 Y69.500 E521.9896
G1 X101.179 Y68.935 E522.0084
G1 X103.019 Y70.775 E522.0949
G1 X103.019 Y70.210 E522.1137
G1 X101.179 Y68.369 E522.2003
G1 X101.179 Y67.803 E522.2191
G1 X103.019 Y69.644 E522.3057
G1 X103.019 Y69.078 E522.3245
G1 X101.179 Y67.238 E522.4111
G1 X101.179 Y66.672 E522.4299
G1 X103.019 Y68.512 E522.5165
G1 X103.019 Y67.947 E522.5352
G1 X101.179 Y66.106 E522.6218
G1 X101.179 Y65.541 E522.6406
G1 X103.019 Y67.381 E522.7272
G1 X103.019 Y66.815 E522.7460
G1 X101.179 Y64.975 E522.8325
G1 X101.179 Y64.409 E522.8514
G1 X103.019 Y66.250 E522.9379
G1 X103.019 Y65.684 E522.9568
G1 X101.179 Y63.843 E523.0433
G1 X101.179 Y63.278 E523.0621
G1 X103.019 Y65.118 E523.1487
G1 X103.019 Y64.553 E523.1675
G1 X101.179 Y62.712 E523.2540
G1 X101.179 Y62.146 E523.2729
G1 X103.019 Y63.987 E523.3594
G1 X103.019 Y63.421 E523.3782
G1 X101.179 Y61.581 E523.4648
G1 X101.179 Y61.015 E523.4836
G1 X103.019 Y62.856 E523.5702
G1 X103.019 Y62.290 E523.5890
G1 X101.239 Y60.509 E523.6728
G1 X101.416 Y60.121 E523.6870
G1 X103.019 Y61.724 E523.7624
G1 X103.019 Y61.159 E523.7811
G1 X101.594 Y59.733 E523.8482
G1 X101.771 Y59.345 E523.8624
G1 X102.978 Y60.551 E523.9191
G1 X102.500 Y59.508 E523.9573
G1 X102.302 Y59.310 E523.9666
G0 F2400 X101.949 Y58.957
G1 F3000 E518.9666
G1 F900 Z7.700
G0 F4200 X103.574 Y71.330
G1 F900 Z7.400
G1 F1500 E523.9666
G1 F2400 X105.414 Y73.169 E524.0531
G1 X105.979 Y73.169 E524.0719
G1 X104.139 Y71.330 E524.1584
G1 X104.705 Y71.330 E524.1773
G1 X106.464 Y73.088 E524.2600
G1 X106.606 Y73.014 E524.2653
G1 X106.746 Y72.897 E524.2714
G1 X106.788 Y72.847 E524.2735
G1 X105.271 Y71.330 E524.3449
G1 X105.836 Y71.330 E524.3637
G1 X106.983 Y72.476 E524.4176
G1 X106.997 Y72.429 E524.4193
G1 X107.015 Y72.250 E524.4252
G1 X106.997 Y72.070 E524.4313
G1 X106.944 Y71.897 E524.4373
G1 X106.917 Y71.844 E524.4393
G1 X106.858 Y71.785 E524.4420
G0 F2400 X106.505 Y71.432
G1 F3000 E519.4420
G1 F900 Z7.700
G0 F4200 X103.715 Y71.188
;TYPE:SOLID-FILL
;WIDTH:0.400
G1 F900 Z7.400
G1 F1500 E524.4420
G1 F3000 X103.656 Y71.129 E524.4448
G1 F3000 E519.4448
G1 F900 Z7.700
G0 F4200 X102.089 Y58.815
G1 F900 Z7.400
G1 F1500 E524.4448
G1 F3000 X101.887 Y58.612 E524.4543
;LAYER:37
;Z:7.600
;HEIGHT:0.200
G1 F3000 E519.4543
G0 F900 Z7.600
G0 F4200 X98.130 Y73.450
;TYPE:WALL-INNER
;WIDTH:0.400
G1 F900 Z7.600
G1 F1500 E524.4543
G1 F2400 X97.867 Y73.424 E524.4631
G1 X97.642 Y73.356 E524.4709
G1 X97.435 Y73.246 E524.4787
G1 X97.253 Y73.097 E524.4866
G1 X97.104 Y72.915 E524.4944
G1 X96.994 Y72.708 E524.5022
G1 X96.926 Y72.483 E524.5100
G1 X96.903 Y72.250 E524.5178
G1 X96.926 Y72.017 E524.5256
G1 X96.994 Y71.792 E524.5334
G1 X97.104 Y71.585 E524.5412
G1 X97.253 Y71.403 E524.5490
G1 X97.435 Y71.254 E524.5568
G1 X97.642 Y71.144 E524.5646
G1 X97.867 Y71.076 E524.5724
G1 X98.130 Y71.050 E524.5812
G1 X100.900 Y71.050 E524.6734
G1 X100.900 Y60.581 E525.0216
G1 X101.865 Y58.471 E525.0987
G1 X101.988 Y58.375 E525.1039
G1 X102.042 Y58.358 E525.1058
G1 X102.158 Y58.358 E525.1097
G1 X102.264 Y58.403 E525.1135
G1 X102.335 Y58.471 E525.1168
G1 X103.300 Y60.581 E525.1939
G1 X103.300 Y71.050 E525.5421
G1 X106.070 Y71.050 E525.6343
G1 X106.333 Y71.076 E525.6431
G1 X106.558 Y71.144 E525.6509
G1 X106.765 Y71.254 E525.6587
G1 X106.947 Y71.403 E525.6665
G1 X107.096 Y71.585 E525.6743
G1 X107.206 Y71.792 E525.6821
G1 X107.274 Y72.017 E525.6899
G1 X107.297 Y72.250 E525.6977
G1 X107.274 Y72.483 E525.7055
G1 X107.206 Y72.708 E525.7133
G1 X107.096 Y72.915 E525.7211
G1 X106.947 Y73.097 E525.7289
G1 X106.765 Y73.246 E525.7368
G1 X106.558 Y73.356 E525.7446
G1 X106.333 Y73.424 E525.7524
G1 X106.070 Y73.450 E525.7612
G1 X98.630 Y73.450 E526.0086
G0 F2400 X98.130 Y73.450
G1 F3000 E521.0086
G0 F4200 X98.110 Y73.850
;TYPE:WALL-OUTER
;WIDTH:0.400
G1 F900 Z7.600
G1 F1500 E526.0086
G1 F1800 X97.788 Y73.818 E526.0194
G1 X97.488 Y73.727 E526.0298
G1 X97.212 Y73.580 E526.0402
G1 X96.969 Y73.381 E526.0507
G1 X96.770 Y73.138 E526.0611
G1 X96.623 Y72.862 E526.0715
G1 X96.532 Y72.562 E526.0819
G1 X96.501 Y72.250 E526.0924
G1 X96.532 Y71.938 E526.1028
G1 X96.623 Y71.638 E526.1132
G1 X96.770 Y71.362 E526.1236
G1 X96.969 Y71.119 E526.1341
G1 X97.212 Y70.920 E526.1445
G1 X97.488 Y70.773 E526.1549
G1 X97.788 Y70.682 E526.1653
G1 X98.110 Y70.650 E526.1761
G1 X100.500 Y70.650 E526.2556
G1 X100.500 Y60.494 E526.5934
G1 X101.523 Y58.257 E526.6752
G1 X101.606 Y58.156 E526.6795
G1 X101.712 Y58.069 E526.6841
G1 X101.833 Y58.004 E526.6887
G1 X101.963 Y57.964 E526.6932
G1 X102.100 Y57.951 E526.6978
G1 X102.237 Y57.964 E526.7024
G1 X102.367 Y58.004 E526.7069
G1 X102.488 Y58.069 E526.7114
G1 X102.594 Y58.156 E526.7160
G1 X102.677 Y58.257 E526.7204
G1 X103.700 Y60.494 E526.8022
G1 X103.700 Y70.650 E527.1400
G1 X106.090 Y70.650 E527.2195
G1 X106.412 Y70.682 E527.2302
G1 X106.712 Y70.773 E527.2406
G1 X106.988 Y70.920 E527.2510
G1 X107.231 Y71.119 E527.2615
G1 X107.430 Y71.362 E527.2719
G1 X107.577 Y71.638 E527.2823
G1 X107.668 Y71.938 E527.2928
G1 X107.699 Y72.250 E527.3032
G1 X107.668 Y72.562 E527.3136
G1 X107.577 Y72.862 E527.3240
G1 X107.430 Y73.138 E527.3344
G1 X107.231 Y73.381 E527.3449
G1 X106.988 Y73.580 E527.3553
G1 X106.712 Y73.727 E527.3657
G1 X106.412 Y73.818 E527.3762
G1 X106.090 Y73.850 E527.3869
G1 X98.610 Y73.850 E527.6357
G0 F1800 X98.110 Y73.850
G1 F3000 E522.6357
G0 F4200 X106.254 Y73.351
;TYPE:SOLID-FILL
;WIDTH:0.400
G1 F900 Z7.600
G1 F1500 E527.6357
G1 F1800 X107.200 Y72.404 E527.6789
G0 F4200 X107.150 Y71.889
G1 F1800 X105.669 Y73.370 E527.7465
G0 F4200 X105.103 Y73.370
G1 F1800 X106.944 Y71.528 E527.8305
G0 F4200 X106.633 Y71.274
G1 F1800 X104.537 Y73.370 E527.9261
G0 F4200 X103.972 Y73.370
G1 F1800 X106.198 Y71.143 E528.0277
G0 F4200 X105.646 Y71.129
G1 F1800 X103.406 Y73.370 E528.1299
G0 F4200 X102.840 Y73.370
G1 F1800 X105.081 Y71.129 E528.2322
G0 F4200 X104.515 Y71.129
G1 F1800 X102.275 Y73.370 E528.3344
G0 F4200 X101.709 Y73.370
G1 F1800 X103.949 Y71.129 E528.4366
G0 F4200 X103.383 Y71.129
G1 F1800 X101.143 Y73.370 E528.5389
G0 F4200 X100.578 Y73.370
G1 F1800 X103.219 Y70.729 E528.6594
G0 F4200 X103.219 Y70.163
G1 F1800 X100.012 Y73.370 E528.8057
G0 F4200 X99.446 Y73.370
G1 F1800 X103.219 Y69.597 E528.9778
G0 F4200 X103.219 Y69.032
G1 F1800 X98.881 Y73.370 E529.1757
G0 F4200 X98.315 Y73.370
G1 F1800 X100.555 Y71.129 E529.2780
G0 F4200 X99.989 Y71.129
G1 F1800 X97.799 Y73.320 E529.3779
G0 F4200 X97.420 Y73.133
G1 F1800 X99.424 Y71.129 E529.4693
G0 F4200 X98.858 Y71.129
G1 F1800 X97.151 Y72.836 E529.5472
G0 F4200 X97.000 Y72.422
G1 F1800 X98.292 Y71.129 E529.6062
G1 F3000 E524.6062
G1 F900 Z7.900
G0 F4200 X97.601 Y71.255
G1 F900 Z7.600
G1 F1500 E529.6062
G1 F1800 X97.104 Y71.752 E529.6289
G1 F3000 E524.6289
G1 F900 Z7.900
G0 F4200 X100.979 Y70.705
G1 F900 Z7.600
G1 F1500 E529.6289
G1 F1800 X103.219 Y68.466 E529.7311
G0 F4200 X103.219 Y67.900
G1 F1800 X100.979 Y70.140 E529.8333
G0 F4200 X100.979 Y69.574
G1 F1800 X103.219 Y67.334 E529.9355
G0 F4200 X103.219 Y66.769
G1 F1800 X100.979 Y69.008 E530.0376
G0 F4200 X100.979 Y68.442
G1 F1800 X103.219 Y66.203 E530.1398
G0 F4200 X103.219 Y65.637
G1 F1800 X100.979 Y67.877 E530.2420
G0 F4200 X100.979 Y67.311
G1 F1800 X103.219 Y65.072 E530.3442
G0 F4200 X103.219 Y64.506
G1 F1800 X100.979 Y66.745 E530.4464
G0 F4200 X100.979 Y66.180
G1 F1800 X103.219 Y63.940 E530.5486
G0 F4200 X103.219 Y63.375
G1 F1800 X100.979 Y65.614 E530.6508
G0 F4200 X100.979 Y65.048
G1 F1800 X103.219 Y62.809 E530.7529
G0 F4200 X103.219 Y62.243
G1 F1800 X100.979 Y64.483 E530.8551
G0 F4200 X100.979 Y63.917
G1 F1800 X103.219 Y61.678 E530.9573
G0 F4200 X103.219 Y61.112
G1 F1800 X100.979 Y63.351 E531.0595
G0 F4200 X100.979 Y62.786
G1 F1800 X103.202 Y60.563 E531.1609
G0 F4200 X103.024 Y60.175
G1 F1800 X100.979 Y62.220 E531.2542
G0 F4200 X100.979 Y61.654
G1 F1800 X102.847 Y59.787 E531.3394
G0 F4200 X102.669 Y59.399
G1 F1800 X100.979 Y61.089 E531.4165
G1 F3000 E526.4165
G1 F900 Z7.900
G0 F4200 X101.042 Y60.460
G1 F900 Z7.600
G1 F1500 E531.4165
G1 F1800 X102.492 Y59.010 E531.4827
G0 F4200 X102.314 Y58.622
G1 F1800 X101.520 Y59.417 E531.5190
G1 F3000 E526.5190
G1 F900 Z7.900
G0 F4200 X90.733 Y73.424
;TYPE:WALL-INNER
;WIDTH:0.400
G1 F900 Z7.600
G1 F1500 E531.5190
G1 F2400 X90.470 Y73.450 E531.5277
G1 X82.530 Y73.450 E531.7918
G1 X82.267 Y73.424 E531.8006
G1 X82.042 Y73.356 E531.8084
G1 X81.835 Y73.246 E531.8162
G1 X81.653 Y73.097 E531.8241
G1 X81.504 Y72.915 E531.8319
G1 X81.394 Y72.708 E531.8397
G1 X81.326 Y72.483 E531.8475
G1 X81.303 Y72.250 E531.8553
G1 X81.326 Y72.017 E531.8631
G1 X81.394 Y71.792 E531.8709
G1 X81.504 Y71.585 E531.8787
G1 X81.653 Y71.403 E531.8865
G1 X81.835 Y71.254 E531.8943
G1 X82.042 Y71.144 E531.9021
G1 X82.267 Y71.076 E531.9099
G1 X82.530 Y71.050 E531.9187
G1 X85.300 Y71.050 E532.0109
G1 X85.300 Y60.581 E532.3591
G1 X86.265 Y58.471 E532.4362
G1 X86.388 Y58.375 E532.4414
G1 X86.442 Y58.358 E532.4433
G1 X86.558 Y58.358 E532.4472
G1 X86.664 Y58.403 E532.4510
G1 X86.735 Y58.471 E532.4543
G1 X87.700 Y60.581 E532.5314
G1 X87.700 Y71.050 E532.8796
G1 X90.470 Y71.050 E532.9718
G1 X90.733 Y71.076 E532.9806
G1 X90.958 Y71.144 E532.9884
G1 X91.165 Y71.254 E532.9962
G1 X91.347 Y71.403 E533.0040
G1 X91.496 Y71.585 E533.0118
G1 X91.606 Y71.792 E533.0196
G1 X91.674 Y72.017 E533.0274
G1 X91.697 Y72.250 E533.0352
G1 X91.674 Y72.483 E533.0430
G1 X91.606 Y72.708 E533.0508
G1 X91.496 Y72.915 E533.0586
G1 X91.347 Y73.097 E533.0664
G1 X91.189 Y73.227 E533.0732
G0 F2400 X91.165 Y73.246
G0 F2400 X90.958 Y73.356
G0 F2400 X90.733 Y73.424
G1 F3000 E528.0732
G0 F4200 X90.812 Y73.818
;TYPE:WALL-OUTER
;WIDTH:0.400
G1 F900 Z7.600
G1 F1500 E533.0732
G1 F1800 X90.490 Y73.850 E533.0840
G1 X82.510 Y73.850 E533.3494
G1 X82.188 Y73.818 E533.3602
G1 X81.888 Y73.727 E533.3706
G1 X81.612 Y73.580 E533.3810
G1 X81.369 Y73.381 E533.3915
G1 X81.170 Y73.138 E533.4019
G1 X81.023 Y72.862 E533.4123
G1 X80.932 Y72.562 E533.4227
G1 X80.901 Y72.250 E533.4332
G1 X80.932 Y71.938 E533.4436
G1 X81.023 Y71.638 E533.4540
G1 X81.170 Y71.362 E533.4644
G1 X81.369 Y71.119 E533.4749
G1 X81.612 Y70.920 E533.4853
G1 X81.888 Y70.773 E533.4957
G1 X82.188 Y70.682 E533.5061
G1 X82.510 Y70.650 E533.5169
G1 X84.900 Y70.650 E533.5964
G1 X84.900 Y60.494 E533.9342
G1 X85.923 Y58.257 E534.0160
G1 X86.006 Y58.156 E534.0203
G1 X86.112 Y58.069 E534.0249
G1 X86.233 Y58.004 E534.0295
G1 X86.363 Y57.964 E534.0340
G1 X86.500 Y57.951 E534.0386
G1 X86.637 Y57.964 E534.0432
G1 X86.767 Y58.004 E534.0477
G1 X86.888 Y58.069 E534.0522
G1 X86.994 Y58.156 E534.0568
G1 X87.077 Y58.257 E534.0612
G1 X88.100 Y60.494 E534.1430
G1 X88.100 Y70.650 E534.4808
G1 X90.490 Y70.650 E534.5603
G1 X90.812 Y70.682 E534.5710
G1 X91.112 Y70.773 E534.5814
G1 X91.388 Y70.920 E534.5918
G1 X91.631 Y71.119 E534.6023
G1 X91.830 Y71.362 E534.6127
G1 X91.977 Y71.638 E534.6231
G1 X92.068 Y71.938 E534.6336
G1 X92.099 Y72.250 E534.6440
G1 X92.068 Y72.562 E534.6544
G1 X91.977 Y72.862 E534.6648
G1 X91.830 Y73.138 E534.6752
G1 X91.631 Y73.381 E534.6857
G1 X91.388 Y73.580 E534.6961
G1 X91.277 Y73.639 E534.7003
G0 F1800 X91.112 Y73.727
G0 F1800 X90.812 Y73.818
G1 F3000 E529.7003
G0 F4200 X90.395 Y73.370
;TYPE:SOLID-FILL
;WIDTH:0.400
G1 F900 Z7.600
G1 F1500 E534.7003
G1 F1800 X91.607 Y72.158 E534.7556
G0 F4200 X91.477 Y71.722
G1 F1800 X89.830 Y73.370 E534.8308
G0 F4200 X89.264 Y73.370
G1 F1800 X91.226 Y71.407 E534.9203
G0 F4200 X90.868 Y71.200
G1 F1800 X88.698 Y73.370 E535.0193
G0 F4200 X88.133 Y73.370
G1 F1800 X90.373 Y71.129 E535.1216
G0 F4200 X89.807 Y71.129
G1 F1800 X87.567 Y73.370 E535.2238
G0 F4200 X87.001 Y73.370
G1 F1800 X89.241 Y71.129 E535.3260
G0 F4200 X88.676 Y71.129
G1 F1800 X86.436 Y73.370 E535.4282
G0 F4200 X85.870 Y73.370
G1 F1800 X88.110 Y71.129 E535.5305
G0 F4200 X87.619 Y71.055
G1 F1800 X85.304 Y73.370 E535.6361
G0 F4200 X84.738 Y73.370
G1 F1800 X87.619 Y70.490 E535.7675
G0 F4200 X87.619 Y69.924
G1 F1800 X84.173 Y73.370 E535.9247
G0 F4200 X83.607 Y73.370
G1 F1800 X87.619 Y69.358 E536.1078
G0 F4200 X87.619 Y68.793
G1 F1800 X85.379 Y71.032 E536.2100
G0 F4200 X85.282 Y71.129
G1 F1800 X83.041 Y73.370 E536.3122
G0 F4200 X82.481 Y73.365
G1 F1800 X84.716 Y71.129 E536.4142
G0 F4200 X84.150 Y71.129
G1 F1800 X82.024 Y73.256 E536.5112
G0 F4200 X81.694 Y73.020
G1 F1800 X83.584 Y71.129 E536.5975
G0 F4200 X83.019 Y71.129
G1 F1800 X81.470 Y72.679 E536.6682
G0 F4200 X81.387 Y72.195
G1 F1800 X82.445 Y71.138 E536.7164
G1 F3000 E531.7164
G1 F900 Z7.900
G0 F4200 X85.379 Y70.466
G1 F900 Z7.600
G1 F1500 E536.7164
G1 F1800 X87.619 Y68.227 E536.8186
G0 F4200 X87.619 Y67.661
G1 F1800 X85.379 Y69.901 E536.9208
G0 F4200 X85.379 Y69.335
G1 F1800 X87.619 Y67.095 E537.0230
G0 F4200 X87.619 Y66.530
G1 F1800 X85.379 Y68.769 E537.1252
G0 F4200 X85.379 Y68.203
G1 F1800 X87.619 Y65.964 E537.2274
G0 F4200 X87.619 Y65.398
G1 F1800 X85.379 Y67.638 E537.3296
G0 F4200 X85.379 Y67.072
G1 F1800 X87.619 Y64.833 E537.4318
G0 F4200 X87.619 Y64.267
G1 F1800 X85.379 Y66.506 E537.5339
G0 F4200 X85.379 Y65.941
G1 F1800 X87.619 Y63.701 E537.6361
G0 F4200 X87.619 Y63.136
G1 F1800 X85.379 Y65.375 E537.7383
G0 F4200 X85.379 Y64.809
G1 F1800 X87.619 Y62.570 E537.8405
G0 F4200 X87.619 Y62.004
G1 F1800 X85.379 Y64.244 E537.9427
G0 F4200 X85.379 Y63.678
G1 F1800 X87.619 Y61.439 E538.0449
G0 F4200 X87.619 Y60.873
G1 F1800 X85.379 Y63.112 E538.1471
G0 F4200 X85.379 Y62.547
G1 F1800 X87.527 Y60.399 E538.2451
G0 F4200 X87.349 Y60.011
G1 F1800 X85.379 Y61.981 E538.3349
G0 F4200 X85.379 Y61.415
G1 F1800 X87.172 Y59.623 E538.4167
G0 F4200 X86.994 Y59.235
G1 F1800 X85.379 Y60.850 E538.4904
G1 F3000 E533.4904
G1 F900 Z7.900
G0 F4200 X85.644 Y60.019
G1 F900 Z7.600
G1 F1500 E538.4904
G1 F1800 X86.817 Y58.846 E538.5439
G0 F4200 X86.499 Y58.598
G1 F1800 X86.122 Y58.976 E538.5612
M106 S0
G1 F3000 E533.5612
G0 F900 Z12.600
G0 F4200 X86.122 Y58.976
M221 T0 S100
G92 E0
M1002
M104 T0 S0
G91 ;Relative positioning
G1 E-2 F2700 ;Retract a bit
G1 E-2 Z0.2 F2400 ;Retract and raise Z
G1 X5 Y5 F3000 ;Wipe out
G1 Z10 ;Raise Z more
G90 ;Absolute positionning
G1 X0 Y0 ;Present print
M106 S0 ;Turn-off fan
M104 S0 ;Turn-off hotend
M140 S0 ;Turn-off bed
M84 X Y E ;Disable all steppers but Z
;Data start:62576:89c38a4a83fc32700bb69e3af8e25991
;SURFQSAtIFBSSU5UREFUQUlZDHzi6E17riyBkcQfrmfJfVk3TZZ8P6AS6NVJSnsUYlJAPfSj9H0WFx8
;ermQEiP6mPEVt3BVQWkyKujk+FHkAUyw9gaORfZ9EHwWuBWeK+Kk8W2naHUtdfIaKLyUPYG8/c0700f
;ccdWEfH64FZ+ubytB3DLt8PzRyi7YoJh5mYSZFUu/8+BNwbXNyrgRn65vKWTeF6HwnNBPotC4pHnhlI
;E1J6Mz/In9qbHvaWg6F9a8rNw2ofD80E+hcDUpjFABSTV7ixv0YZGVrd8FrOIL1uTxDU8cJS1Fh6NRN
;SnsUAFKlfYGxkX0WZXx9y2kCmfq+MFhi9wxNXX2c1UxKexQAUiy0waOBfRYEfn3NYAuO6astXmPGI0t
;bY+jUTUp7FABSpX2Bu5F9FmV8fctpApn6vjBYYvcIUERMm6A/LBp3ZVItPYGjkX0WjV8evQVn6/qpOl
;JgzQ5eQHqHuxI+CXV2N0A9gKORfRYEb4nuBU7rm8o4QWPBGGBAYYmjKCYkfG8+SU7e0/AJfltyf9ZaC
;471rS1fU84dXEB8mtVMSnsUAFIsVMGjuH0WBH5owWwDtO+4OEFpxCNXW3+NphI6GmBoDUFc+fz/Ekl2
;emrcZASf8qU3Nw2ofD80E+jVTUpoFABSTUXo0M4eeWlve8B2Bp/ypTdodKh9PzQT6NVNEzsUE1IsPeD
;b+A5JZ3Bz3mAJmPq+MFhi9wU/NRPo1U1Ke01AUj49gaPzEmJwcHPxaQaS/rgGRHzNGVs0EujVTUp7FC
;4SLC2Bo5EfeXBrccNaE4PyqTJZadsPPzWJcUzU0+LdP1IyPYGj8w9/YHh3wGI4juO+K0J/wRNRa2SBs
;TkiJGZhJkVSgaKRfRYEH57PRWf5m8pZVX7BGFhdfY+KKysVS3MiSVjlo5B9FgQfHq5cJ+uPylk3btoV
;W1N6hrISLBJsZTZzXO/E/RgWBR8ergVnC/uKWS4MqHxdRnqMsiQkHEtmPkNc9cb1Ind2en/xaA6Fm8t
;ZNwyofD8AU+jETUp7dnI7SFrozfYicGhwadxkE46by1k3DKh8P21T6M1NSnt2cjtIWujN9iJlbHpywn
;Y4jfelLkVt3Bk/NRPo1U1Ke01AUjk9gaPzD39geHfAYjiY8681W3/3D09RdozVTEp7FABSLAPBo599F
;gR9bMdhAIL1rQZEfM0ZWzQS6NVNSnsUJBIsHIGjkR9kbXt5x2sAtOi/KUdj2ghaUEyJpygrJGZhJkVS
;3s7wBRYFHx6uBWfr0opZOAyofF1GeoWKISMVcV8xQ0jv15F8FgQfHq4Fc6ub2Fk3DMsTXkdngbsqFR9
;9cyZNU+LGoH0XBB8ergVnC6TKSzcMqB9QVWCcvCMtJHBpIVhc78D0TxYFHx6uBWfre/VZJgyofFxbfI
;SKICMVS2Y3SVnzwuUYFgUfHq4FZ+u/ilkkDKh8XFt8hIogIxVLbDNVWPP85RR7YR8frgVn65vKTXcMt
;Xw/NHeNuz4vJGd1IlxS89fOFHhidnLCWgie76YwWWnbfD40E+jVTUp7FABPLD2Bx/QTZWFAbdt1F4Tp
;vgZeYsYZTWt2kKUsJAh9bzwsPBs6COSPnfYhrh5n65uuPFl/zSNMQWOYuj8+JHhhK0lP8vzzEmJwcHO
;uBGfrm8pZNwyofCw0E+ixKCQIcV8hWU3xzOMJSXdve8thZ+qbylk3DKhCfzQK6NVNLhJ5ZTxfVO7Nzg
;VvW3xxw3UCheirLV5jxnw+NBPo1U1KexQATCw9gcf4EHNqbHfBaziT4pU6WGHYGVFHcpy8IiQkfG8+S
;T2Ao5F9FgQfHq4FaOubyjxPeNoJW1Fht7QgJQ56dFItPYGjkX0W9CAevAVn6/6yLUV5zBlNa3yOsz4v
;D0t4Yyw8gaORfRYEJl6uF2frm68hQ37dGFpGTIezKzkeYF8qHj2Ao5F9FgQfHq4FdeubyjxPeNoJW1F
;ht7orLAhxdA1UDoGikX0WBB8ergVn+ZvKWVJ03A5KUHaaiiIsHWdlJnNEsKOQfRYEHx6uBWfricpZN2
;nQCE1Bd42nEiUdcnM3WGL4kZF8FgQfHq4FZ+ub2Fk3DM0ES0ZmjLA/FRRyZiFJSd7aon0XBB8ergVn6
;5vKajcMqBlHQGGdsSg4JGd3O1he6fzyEnlodnDJWg+O+r4sR1PJGElVfYuwEj4eeXA3Xlz11uMYJwQe
;Hq4FZ+uboxk3P6h8P1FrnKc4Lh5mXyFbVPXA+SJ1a3Byx2sAtPOvOEN52CNeUGWJuy4vJGBlP1xY88L
;lCGRhLR6vBWfrm8pZXkyoVz80E42tOTgOcGUgc072yuUeflt8ccFpDoX8lTFSbdwJT2tyjKMsJBhxXy
;ZFUOSjkH0WBB8erkEn64XKWTdp0AhNQXeNpxI5DH10MURi4sz+EX9qeEHeZBWAxLJZNgyofD80k6qVT
;VR7FAA3VEnz1vUYZFtsacdxBIPEqTZYYMESWGtjiacmFQIUAVIsPYGjoRZWBDsergUCk++4LFNp2iNM
;Q3qctiUVGHtvPkVT5vzlGHt0emzPcRKZ/vtZNgyofD80k46VTW57FAA3VEnz1vUYZFtsacdxBIPEqTZ
;YYMESWGtnjbg9Lwl1dCdeWLOjkH0WBB8eLmMn677KWTdp0AhNQXeNpxI5DH10MURi88biCXd2a0HLfR
;OZ+pU4WmPdEksGE+nVTUp7FABSLD2fo5F9c3xrbNthApnEuS5eeMsUYEZ2m6EsOA9LcyJJWOWRkXwWB
;B8ergVTq5voWTcMzQRLRmaMsD8VCGNpJk9V3tH0CWRlfGrHagm0+qc2QmLcTj81E+jVTUp7MEBSDT2B
;o/QFYnZqest3OJjsoy1UZPcOWkBhibY5IxR6XyFcWOTHo30XBB8ergVn39vKVjcMqBlHQGGdpiQlFUt
;3O0hJ6aOQ54+dhoc33FjrispZN2nQCE1BYIG6IxUMfWQmRGKzo5Dnj52GhzfcWOuIylk3askSYFZ/ga
;USOhphczdzUPLG8n0XBB8ergUnlNvKSzcMqBpeWkyKuSQ6JGBoIElO6cz9GRYFHx6uBWfrpYpZOAyof
;FlVfbezOCYXS2g3RVrp15F8FgQfHq4Fh9SbxFk3DM4dUWt1nbkhFRd1eTdePYCjkX0WBB8e7gVu65vK
;P1Zi9w9PUXaM1UxKexQAUixkwaOcfRYEeX/AWhSb/q89aGHJBD81E+jVTUp7TUBSPT2Bo/cUemVye8B
;xOI/yqzRSeM0OPzUT6NVNSnvoP1I+PYGj9xR6ZXJ7wHE4j/KrNFJ4zQ4NNBLo1U1KexT8bSwvgaORG3
;9ofnPLaxO0/6M4WmncGU0HE+nVTUp7FABSLD2To5F9cG1zf8NgCZ/ErjBWYc0IWkYn6NRNSnsUAFIsP
;YGukX0WYnZyz2gChe+VP1tj33w+NBPo1U1KIlQAXCw9gcX4EXdpenDaWgGH9L1oNw2ofD80E+iMDUp1
;FABSSlTtwvwYeHBAeMJqENmby1k3DKh8v2JT6NhNSntyaT5NUOTN5SJifW97rgRn65vKWTcM6HwxNBP
;osyQmGnllPFhi9drhGCQEHh6uBWfrm8oZNwCofD9SeoS5Ei4eenM7WESBopF9FgQfHrpFZ+ebyllRZc
;QQYFtljachKwsUAVIsPYGjkUNWBD4ergUBgum5LWhgyQVaRkyNrTk4DmdpPUJi9sr1CX5bbX/abAjrm
;spZNwyofGZ0E/rVTUodfXIhWGLtwugYZFtsdstpC5iby1k3DKh8PzBT6PtNSntyaSBfSd7P8ARzdkBt
;wWkOj8SjN1FlxBBgUWucpzg5EntuDVtU5df5ImRla3fBBWbrm8pZNwzxPD8sE+jVKyMJZ3Q+TUTk0c4
;bf2h+c8trE7T9pjZADKl8PzQT6NUUCnsHAFIsW+jb9BlJaH5ny3c4mO+rK0NT0Hw+NBPo1U1KIlQAQS
;w9gcX4BXNgQHLPfAKZxLktVn7cI0Y0EujVTUp7FF4SLB6Bo5Ead3RAeMdpC7ToozdQYM0jWkxnmqA+I
;xR6XyBNSejMzhB3fB8frgVn65vKMHcMi3w/NHSJpRIsEnhsDV9U78T9GElhZ2rccBSC9KQGRW3cFVBr
;foG7TUt7FABSLL3B45FiFgQfec91OI3ypjVof8ESWFh2t7A1PglhcztDU97Q4RhzYB8frgVn65vKHXc
;Mpnw/NHSJpRIsEnhsDV9N5Mb1fRcEHx6uBWei28pJNwyoG1xbd42KOTMLcV87Qlnk25F8FgQfHq4FZ+
;ubxVk3DM8QUFZyhIoiLB1nZSZzRYGikX0WBB8ergVn5JvKWVBgxx5eWEyHsys5HmBfKyw8gaORfRYEH
;x6uCmfrm601WG7JEGBbdY6mKD4kbgBTLD2Bo5F9FgQfC64FZ4P+qy1CfPcbXFt3jYo+LwphZTxPWIGi
;kX0WBB8ergVny5vKWV5izhVTWEyJsSw6D312N3NU78X4EXpbbX/abAi09qshNw2ofD80E+jrDUpbFAB
;SRVPnyv0RSWV7f95xDp3+lTBZasEQU2thiaEkJSR5aTwsPIGjkX0WBAterhpn65ujN1FlxBBgVXeJpT
;kjDXFfO0JT5NHOGG50fnDdbAiFm8vDrpUx5abdLOjDTUp7fW40RVHt/PAZd3Rrd9hgOIf6szxFf6h9P
;zQT6NVNXjsUGlIsPejN9xR6aEB/ymQXn/K8PGh+zRhKV2eBuiM5exUAUiw9gaORPRYdHx6ubAmN8qY1
;aG3MHU9Aep6wEj0ScHQ6c1DozZF8FgQfHq4Fb6ub1lk3DMESWV1/hIooMg9mdSFFUu/85hRycHdB3GQ
;TgvTKWDcMqHw/NEqo1VlKexRpPEpU7c/OG39ofnPLaxO0/aY2QAypfD80E+jVFAp7GwBSLFTvxfgRel
;tweMh2Ap/Eslk2DKh8PzQT6NVNRXsUADtCW+jP/SJ5Ynlty3E4kpvLWTcMqHw/NBPo2E1Ke31uNEVR7
;fziFXNoc22uBGfrm8pZNwyofCM0E+i8IywSeGwNX03g0eIYSWdwc8xsCY7EpjhOadoPPzUT6NVNSnvk
;P1IgPYGj+BNwbXNy8XYXjv6uWTYMqHw/NBOslU1GexQAO0JO5NehImV0envKBWbrm8pZNwyWPD84E+j
;VJCQIcXQqc07xxvQZFgUfHq4FZ+vfilknDKh8VkZ8hrwjLSRybD1bT+DX9H0XBB8ergVn/9vKVDcMqB
;VNW32BuyoVCGRlN0g9gKORfRYEHzruBWzrm8ozUn7DI11bZ5y6IEp6FABSLD2Bt9F9BQQfHsRgFYDEq
;DZDeMcRYEdmmrMsKR4UAVIsPYGjkWlWBBQergUNjumhBl5izhVTWBPp1U1KexQARmw9kaORfXxhbXXx
;bAmY/r4GXmLGGU00EujVTUp7FBQSLC2Bo5EXc3Z0QcdrFI7vlTZCeM0OPzUT6NVNSnscQFImPYGj+xh
;kb0Bu3GwJn5vLWTcMqHw/NFPo3U1Ke35lIEdi9czhfRcEHx6uBWf/28pJNwyoFlpGeLehIjokZ3UgSl
;zixpF8FgQfHq4Fc6ubwVk3DMIZTV9MnKcsPB54AFNKW+fF9xscRB8SrgVnh/qzPEVTwBlWU3uc1UzQ4
;o2Zy7X0vqO3fRYEc3/XYBW0868wUGTcI15QcpihJDweS20zVGLpxvgafnBAbM9xDoSby1k3DKh8P3pT
;6PNNSnt4YStJT97L9BRxbGtBz2EGm++jL1JTxRVRa3uNvCoiD0tyM1hU7qOQfRYEHx6uPCfruMpZN2D
;JBVpGTICwJC0TYF8zSFzx1/gLc1tsf8N1C4L1rQZEeM0MPzVo/HsKqwGQP1IHPYGj/RxvYW1BxmAOjP
;O+BlZoyQxLXWWNij4+HmRvJElP3sH+CWJrckHcZBOC9MpYNwyofD80WqjVZUp7FGwzVVjz/PkYf2N3a
;vFkA4rrvjBBafcPS1Fjh6MoOCRgbyJzT+DX+BIWBR8ergVn69KKWSAMqHxTVWqNpxInHmZnN3Ne7czi
;GElifn3Ldmfqm8pZNwyofD80C+jVTSYabWUgc07kxPwYeHBAcstrAJ/zlTReYqh9xUp5VKHewkQUFFI
;sPe3C6BhkW2x2y2kLmMSlL1J+xB1PNBLo1U1KexRJEiwogaOREXd9emzxdhOK6b4pWGXGCGBAapiwTU
;t7FABSLD2J45F2FgQfcMF/HYf+lSpeds18PjQT6HXU06IrAF0sPYHM8xdzZ2tBzWAJn/64Bk8MqXw/N
;BPo1b31exsAUixS48n0HmJbfHvAcQKZxLNZNgyofD80ExhqTUF7FAA9TlfkwOUiZW1xda4EZ+ubylk3
;DKh8LjQT6LoiMB5LczpFWO3Hzhx4Y3N7rgRn65vKWTcy6HwpNBPouiIwHktzOkVY7cfOEX9qekHNahK
;F78pYNwyofD8049fVX0p7FG89Vlje0PkUc2h7QcFjAZj+vlk2DKh8PzQT4JVNX3sUAD1aWPPL8BNxW2
;x2y2kLmMSrN1BgzXw+NBPo1U1KRVQASyw9gcznGGRsfnDJWhSD/qY1RFPOHVFrYJiwKC57FQBSLD2Bo
;8g9FhwfHq5qEY7pojhZa/cPV1F/hKYSLBd7dyBNSeSjkH0WBB8erlEn647KWTdj3hlNXHKGshI5E3Fs
;Pl9i8tP0GHIEHh6uBWfrm+4ZNwCofD9bZY2nISsLS2QnTVGBogvkj52Gh2c6Z/6byllHfsESS2txjbE
;SPh55cDdeXPXW4xgWBR8ergVna8qKWTwMqHxPRnqGoRI5C3FlNiw8gaORfRYEVl6uFGfrm7orXmLcI0
;tRfpiwPysPYXI3LDyBo5F9FqR2Xq4XZ+ubuiteYtwjS1F+mLA/Kw9hcjcePYCjkX0WBB937gV165vKK
;UVlxghgQHaFpSg4GmB1IEkOgaKRfRYEHx6uBWf5m8pZR37BEktrZ424PS8JdXQnXli1o5B9FgQfHq4F
;Z+uQylk3fskaS2tygacqKwsUAci1pBg6CLQpBAAergUViv2+BlVt2xlgUWucpzg5EntuDVtU5df5ImR
;la3fBBWbrm8pZNwzBPD8iE+jVPysdYF8wTU7k/PgTcG1zcvFkCYz3r1k2DKh8PzQT6NVNXHsUACBNW/
;X88xxlYUB3wGMOh/eVK1Z4wRM/NRPo1U1K+1RAUjw9gaPjHHBwQHzPdgK096sgUn7bfD40E+jVTUp7V
;ABBLD2B0fAbYlt9f91gOIfypDxAZcwIVzQSckzU0+KN6W0sMoGjkQ93YmtBzGQUjsS5KVJpzHw+NBPo
;1U1KW1QAQSw9gdHwG2JbfX/dYDif86M6XGLND0w0EujVTUp7FOBtLBmBo5EPd2JrQcdrE47prDhUafc
;ZR0BhnaYkJRVLdztISen84xxibXAerwVn65vKmVVMqGc/NBOatCs+JH1uJklP58LyGEltcXjHaQu0+q
;Q+W2mofT80E+jVzRw7FBtSLD3zwvcJSW1xast3AYr4rwZeYs4VU1hMmrQ5IxQUAVIsPYGjkTRWBAoer
;gUViv2+Bl5i3BlNUnKLsBImGm1lIF89gKORfRYEH+6RBX/rm8orVmrcI1ZaZ42nKysYcV8+RVPk1PgZ
;YmwfH502VNio+boIDL58PzRhibM5FRJ6dDdeW+DA9CJldH59x2sA65rKWTcMqHzPCxP81U1KCXVmJnN
;U79f0D3BlfHvxdheO/q5ZNgyofD80E9aVTVJ7FAAgTVv1/PgTYmFteM9mArTvojBUZ8YZTEcT6Yf1VP
;7/UYoTPZCjkX1kZXlq8WkOhf6VKkdtyxVRUxPp1U1KexQAWmw9iqORfWRleWrxaAaZ/KM3Nw2ofD80E
;+jBDUpUFABSXlzn184SYGFtbMdhArT9oytEePcQXk12moooMg9mdSFFUu/85hRycHdB3GQTgvTKWDcM
;qHw/NEqo1VBKexRyM0pJ3sznGGR2dnrLWgCH9Kg4W1PHGllHdpyKN0p6jpnLtaQYai59NAQfHtxkAZ/
;EuSxFaskfWmt2kKE/Pwh9bzxzSujH5RVJdn5qx2pn6pvKWTcMqCV/NAXo1U04GnJ0DV9I88XwHnNbeX
;fCaTiZ+r48Nw2ofD80E6iADUpuFABSXlzn184OY3Z5f81gOI33pS5FbdwZPzUT6NVNSvtyQFI1PYGj4
;xxwcEBt23cBivivBl5izhVTWEyJuyomHhQBUiw9gaORQ1YEDB6uBRWK/b4GRHnaGl5Xdre5LDMeZnNS
;LT2Bo5F9FgRfHrgFZ+vpqz9DU9sJTVJyi7ASJhJ6ZSVFWfXLkXyMnYaHN5y+1JveWTcM2h1ZQEyboD8
;sGndlDV9N4MD4E3EEHhR5phfWkR1mNx6ofD9Gco6hEjkOZmYzT1je0OEYc2AfH64FZ+ubyhd3DL58Pz
;RhibM5FQhhcjRNXuT85RV/Z3Rwy3YU65rjBbjOXVTzCxP61U1KCXFzJk1P9fz1CHdoQG3eYAKPm8tZN
;wyofD8AU+jBTUp7ZmUhWFzz184YbnBtf/FkCoTupC03Dah8PzQT6NVNSm0UAFJeWPLX8A9iW3pm2ncG
;tPqnNkJi3CMNNBLo1U1KexQAUiwkgaORD3N3a3/ccTiO474rVlPMCV5YTIm4Ij8VYABTLD2Bo5F9FgQ
;fE64FZ5n+uS1WftwjTER2jbFNS3sUAFIsPbjjkXIWBB9sy3YTium+BkR8zRlbayHo1E1KexQAUhV9gb
;KRfRZ2emrcZASf8qU3aG3FE0paZ+jUTUp7FABSOH2BsJF9FnZ6atxkBJ/ypTdobcUTSlpnt+dNS3sUA
;FIsPZXjkWsWBB9sy3EVivi+MFhi9xhKVX+3tCAlDnp0Ui09gaORfRYgXx67BWfr6a8tRW3LCFZbfbex
;OCsXS3MiSVjlo5B9FgQfHq4xJ+u8ylk3fs0ITVVwnLwiJCRxbjNOUeT8/ghid3Z6y1oFhO++NlpTxB1
;GUWGb1UxKexQAUiw9waO1fRYEbXvadwaI76M2WVPNEl5Wf42KIj8PZ2k2SWL1zOEiemVme9x2Z+qbyl
;k3DKh8fzQd6NVNOB5gcjNPSejM/yJ+a28erzZU2Kj5auQzqGw/NBOasDk4Gnd0O0NT3sv+DUk2Hx+dN
;lTYqPmKCAy9fD80YY2hPysYYGk9QmLsyv8iYnZ+aMtpZ+qo+WoEP5ufADQE6NVNOB5gcjNPSejM/yJ7
;bXFB2ncGnf6mBgUMqU8MByDb5q51ewgAUixP5NfjHHVwdnHAWgqC9aM0VmD3GUdAYZ2mJCUVFAEpOJP
;GQuvpKQQBHq4FFY7vuDhUeMETUWt+gbskJxp4XzdUSfPW4hR5akAsrgQc/zWNuE2Yl3wvNBPopyg+CX
;VjJkVS7/ziDXNhex6vBWfrm8pZfkyobj80E5qwOTgad3Q7Q1Pe0OEYc2BALK4EZ+ubylk3Reh8JTQT6
;KcoPgl1YyZFUu/86xV5dEB9wWsDgu+jNlk9qH0/NBPo1U26RBQaUiw988blD3dna3fBaziR86UpaG/H
;EltdZ4G6I3h7FQBSLD2Bo2FCFhcfHq52Aoj0pD1oYMkFWkZMkoohIx1gAFMsPYGjkX0WBB8XrgVnmPC
;jK0NTzx1PNBLo1U1KexQIEiwtgaORDn1tbWrxaQ6F/pU6WHnGCD81E+jVTUp75D9SOD2Bo+IWf3ZrQc
;NsCYL2qzVoYM0SWEB76NRNSnsUAJJOfYGokX0Wd3R33HE4mOuvPFMMqXw/NBPo1XkKew4AUixO7czmI
;nJraHDxYw6Z6L4GUWnfI1NVao2nPkp6FABSLD2BU659AQQfHt1oBof3lT9SbdwJTVFgt7EkKxZxdDde
;PYCjkX0WBB867gV765vKKlptxBBgUnaJoTg4HmdfOkNR5Pz1FHdpemrLd2fqm8pZNwyoYH80COjVTTk
;WdWw+c1vkwuUIZGFsQcdrAYL3pgZFbdwVUDQS6NVNSnsUWRIsJ4GjkQ57ZXNy8WMCiu+/K1J/9w9PUX
;aMij8rD31vUi09gaORfRZNXx6MBWfr6KU1Xmj3HlBAZ4e4Ei8DYHInX1Tuzc4Kf2BrdvF3Bp/ypVk2D
;Kh8PzQTsZVNUHsUACFDUejHzh95cGtxw1oBgverNFJi3CNZWHyf1UxKexQAUixkwaODfRYEbHHCbAO0
;+aUtQ2PFI1NVao2nTUt7FABSLH0O45FvFgQfbcFpDo/EqDZDeMcRYEdjjbApSnoUAFIsPYHn0X0ABB8
;e3WoLgv+VMFlqwRBTa3aQpSwkCH1vPCw8gaORfRYEHx6uFmfrm7k2W2XMI1ZadYG5IRUIfGU+QE6Bop
;F9FgQfHq4FZ/2byllEY8QVW2t6hrMkJhdLdztISen8/BR4BB4ergVn65vKWTcZqHw/R3yEvCkVF3V5N
;15i9cv4Hn1qem3dBWbYqPlqBD9LQz8rE+jVPiUXfWQNWFLx/PQFYnZqbcdqCbTsoz1DZPcOXkB6h9VM
;SnsUAFIsZMGjhn0WBGxxwmwDtO+lKWhqwRBeWXaGoRIsF3t3Ui09gaORfRZdXx6hBWfr6KU1Xmj3CFB
;ETIS0NC8JFAFSLD2Bo5FlVgQQHq4FFIT3oz1oeMcMYEdjjbApSnoUAFIsPYHn0X0YBB8e3XUSmeiVNF
;Z03xVbQHvo1E1KexQAUswCgYKRfRZ3am7eahWfxKs9VnzcFUlRTIG7KyMXeF8gTUnozM4Qd3wfH64FZ
;+ubyh13DIl8PzRgnaU9JQlgXzNIXPHX+AtzW3ZwyGwLh8S4OENlxyNSXX3o1E1KexQAUgJ9gYORfRZ3
;am7eahWfxKs9VnzcFUlRTIG7Iy8JS2UqXFzv0PgSeAQehDec/nICE2Y3G6h8P0dmmKUiOA9LYTZNTfX
;K5xhJaH5ny3cU65rKWTcMqHwrdBPz1U1KCGFwIkNP9fzwGXd0a3fYYDiZ/q4sVHjBE1FHE+nVTUp7FA
;BGbD2bo5F9ZXFvbsF3E7T6rjhHeMEKWmtkgbE5IiR5aTwsPIGjkX0WBBderghn65u5LEd8xw5La3KGs
;iEvexUAUiw9gaPfPRYXHx6udhKb66UrQ1PKHUxRTIS0NC8JZwBTLD2Bo5F9FkQfB64FZ5juuilYftwj
;XVVgjYohKwJxciFzTvHG9BkWBR8ergVn66WKWSkMqHxMQWOYuj8+JHdvPEJY4tf4EnhbZ2fxYQ6Y76s
;3VGmofaWtinFM1PNEFBdSLD3y1uENeXZrQcpgCZj+lT9eYMQjTVVnjdVMSnsUAFIsacGjgn0WBGxr3n
;UIme+VPVJi2xlgWHKRsD9KehQAUiw9gaORfQMEHx7dcBeb9LgtaGrBEF5ZdoahEiwXe3dSLT2Bo5F9F
;l1fHr8FZ+vovylHY9oIYFJ6hLkSOBpgZVItPYGjkX0WOl8euQVn6+i/KUdj2ghgXX2OvCEmJHt1JkBU
;78bifRcEHx6uBWfrm8pKNwyoD0pEY4enORULfWw+TU/e0PgHcwQeHq4FZ+ub2hk3J6h8P0dmmKUiOA9
;Lcz9NUe389xF5ZWt7yloBjvq+LEVp2yNHTUyNrT0rFWdpPUI9gKORfRYEH+6RBWrrm8oqQnzYE01ATJ
;ulKC8fFAFSLD2BoxE7VgQMHq4FFJ7rujZFePcERmt3gaY5KxV3ZVIt8E1vXbHa6CAeugVn6+i/KUdj2
;ghgTGq3sDU6GnpzO0NTgaIL5I+dhodnOmf5m8pZRHnYDFBGZ7evEi4SZ3QzQl7ko5BOJTcsLZ3GWOuH
;ylk3f90MT1thnIo3FRRyZiFJSd7H/gp4W3N/12AVmJvLWTcMqHw/xCzoz01Ke2d1IlxS89fOB0lreXj
;dYBO07roGW23RGU1HE+nVTUp7FACiEz2ro5F9ZXFteM9mArTopTVeaPceUEBnh7gSLwNgcidfVO7Nzg
;p/YGt28XcGn/KlWTYMqHw/NBOxlU1XexQAIVlP58LyGEl3cHLHYTiJ9L4tWGH3GlNbZJq0OS97FQBSL
;D2Bo8g9Fh8fHq52Epn9qzpSU9sTU113t7ciPg97bQ1AXPjG4w4WBR8ergVn62v1WS0MqHxMQWGOtC4v
;JGdvPkVZ3sH+CWJrckHddQKO/8pYNwyofD80LajVakp7FHMnXlvgwPQiZWtzd8paE4TrlTxPeNoJTF1
;8hoo6Ix9gaA1eXPXK/n0XBB8ergVnstvKQzcMqA9KRnWJtigVCHtsO0hi9czhInBocGncZBOOm8tZNw
;yofH9sU+jNTUp7Z3UgSlzixs4OeWh2evFxCJvEpjhOadoPPzUT6NVNSnvkP1I7PYGj4ghkYn59y1oUh
;PejPWh4xwxgR2ONsClKehQAUiw9gZ3RfRkEHx7abQ6FxL04W2D3D09RdozVTEp7FABSLAPBo4h9FgRr
;dsdrOJz6pjVoe8EYS1xMmrQ5IxRLbTNUPYCjkX0WBB937gV+65vKLV9lxiNIVX+EijojH2BoDV5c9cr
;+InttcR6vBWfrm8pZDkyobD80E5y6PRUZe3QmQ1De0OEYc2AfH64FZ+ubyhd3DKR8PzRnmrQ7LxdLcy
;JJWOWjkH0WBB8eLlQn64XKWTd42h1JUX+3rxItGHtkN3NZ6NDlHHhnekHIbAmC6KJZNgyofD80E/yVT
;Vt7FAAkSU/yyv4TSWh+bdpaAo/yvlk2DKh8PzQsWZVNQXsUACVNUe384hVzaHNtrgRn65vKWTcM6Hwx
;NBPooiwmF0t0OkVe6s30DmUEHh6uBcdyAiNmNxaofD9DepiwEiUOYGUgc1Tv0PQJSWB2bdpkCYj++1k
;2DKh8PzQT6NVNUHsUACVFTeT8/ghiYW1Bx2sUju+VPV5/3B1RV3ba1UxKexQAUiw9gaOGfRYEaHfeYD
;iE7r48RVPBEkxRZ7emPS8ecDFSLT2Bo5F9FkpfHrkFZ+vsoylSU8cJS1Fht7wjOR5gXyFcWOTHo30XB
;B8ergVnpdvKTDcMqAtWRHa3oSI9HmZfNEVF5MfODXl3Zx6vBWfrm8rZfEyoaT80E5+8PS8kYG8lSU/e
;xfgFc2BAbsF2Huuaylk3DKhMVHQT/tVNSgx9cDdzSe7U9A9JbXF4x2kLtOmrLVIMqXw/NBPo1RQKewY
;AUixK6NP0ImJraHvcWgiN/bk8Q3SofT80E+jVTUq7FBJSLD32yuEYSXBwact3OIT9rCpSeNF8PjQT6N
;VNSntUAEIsPYHU+A1zW2tx2WAVtOi6PFJoqH0/NBPo1U0DOxQRUiw99srhGElwcGnLdzid9KYsWmmof
;T80E+jVTWQ7FBVSLD32yuEYSXBwact3OJ30pixaafcRVloT6dVNSnsUAHZsPZGjkX1hbW978XEInP64
;BkBlzAhXNBLo1U1KexQ0EiwygaORCn90ekHZZAuHxLkpUmnMfD40E+jVTUoyVABcLD2B2c4JZGVpe8J
;aFJv+rz03Dah8PzQT6PsNSmgUAFJNXuLG/RhkZWt3wWs4jvWrO1tpqH4/NCPo1U0rDXtpNnNJ88LnGH
;pbd3HCYBS066stX1PFHUdrf427Kj4TS2YzT0nu0c4YeGV9cssFZeubxVk3DMoOVlB0gbsqFR56YTBAW
;IGhkX0PBB8ezHcOj/yjN1BTzh1Ra2CYsCguJHFuM05R5KOTfRYfHx6uZxWC/60wWWv3GlZMdoyKLCQc
;eGUNSVPgwf0YFgYeHrgFZ+v5uDBTa8ESWGtggLAhJghLZTxNX+3GkX8WBAUergUFmfKnBlJ03BlNWnK
;Eij4iHnhsIXNb6NHiCRYGHx68BWfr+bgwWlPBEkxdd42KKCQadmw3LD+Bo7J9FgR8cc92E4L1rQZSYs
;keU1FMgbsrIxd4XyFFU+bP9CJ6bXF7nwVl65vpWTcMyxNeR2eBuyoVHnphMEBY3sr/G39oc0HdbAmM9
;68GW2XGGQ00EejVQ0p7FGM9Q1Hey/Qccltzd8hxZ+mbyk03DKgfUFt/gbsqFR11bg1FU+LR9BxlYR8c
;rwV865vKOlhjxBVRU0yYpyQkD2dwN0lZ3tD9EmFgcGnABWXqm/lZNwzMGVFHdremODoLe3Imc1Tvxfg
;ReltqbctaC4L1rypoZcYjV110gIopLxVnaSZVYubR+BkWBh4ejAVn6/+vN0Rp9w9KRGOHpzkVF3V5N1
;5O3sH+CWJrckHLawaJ969ZNQyobT80E427LCgXcV8lRU3k/OUSYWFtHqwFZ/6byllSdNwZTVpyhIo+I
;h54bCFzW+jR4gkWBh8eiwVn6/6yLUV5zBlNa2CfvDkpE0tjPUNR6M32InRheXHcYDiY7KMtVGSofj40
;NejVTS8DYHInSFjz/OIKf3B8dvFmCIT3ozdQU8AZXkBmmIosLg11bjFJPYOjkV0WBB971nEVnv+vK2h
;/3xVLV3u3tiIlF31uNXNU78LyCX9yeh6sBGfDm8pZUnTcDkpQdpqKPj0SYGM6c17uzP0UeGNAbs93DL
;T2pS9SU80SXlZ/jdVPSnswAFIsWPnX4whyYW1B3XIOn/iiBkR4xwxgQ3qYsBI9GnhsDVhS9sbjfRQFH
;xGuBWeN+qQGVWDBDGBRfYm3IS97FgFSPj2Bo/cceFt8ccFpDoX8lTxZbcoQWjQR6dVGSnsUZjNCYuTN
;8B96YXserARn+JvKWVFtxhNZUkyPtiIuHktlPE1f7caRfxcEBh6uBQGC6bktaGDJBVpGTJu9KCYXZ18
;3Qlzjz/R9FAQfK64FZ43yuCpDU8QdRlFht6YiJhJwXztCW+jP/SJzfGts23YOhPWVLl5o3BRgRnKcvC
;IVHnphMEBYgaGRfTYEHx7IbB+086UrRWXKEFprdpChKCQIfXY3c071yuUefm1xea4HZ+uGylk3asEEY
;Fx8mqckKBdxXydCVO7Nzhx6aEBq13UCtPrKWzYMtXw/NHWBrRIiFGZyO05R5PzkE39rcUHPaQu077Mp
;UlPKfD00E/XVTUodfXgNRFLz0fgfemFAa8BsCIXEpS9SfsQdT0R2jNVPSnsOAFIsW+jbzhV5dm13zGk
;CtO65PGhj2BlRa3GBoT5KeRQASSw9gcX9EmF2fmrLWhWO6K8taGvLE1tRTI27LCgXcQBQLT2Oo5F9cW
;VvQchsC4fEuTFSYMQPPzYS6MxNSntzYSJzW+jP/SJlbXF5wmA4juO+K0J/wRNRNBHo1VFKexRnMUNZ5
;Pz3FHphcX/DYDiN9Lg0Vnj3GVFVcYSwTUh7FBtSLD3ozfcUemhAL541OJ7orwZEY8QVW2t6hrMkJhcU
;AlMsK4GjkRR4YnZywloGj/q6LV56zSNaWnKKuShKeRQAdiw9gcr/G39oc0HNagmI/qQtRWXLI0xbf4G
;xEj8IcV81TU3exfgRegQdHq4dZ+ubozdRZcQQYFd8hrsoKQ9LZTxITe7K/wllBB0ergln65ujN1FlxB
;BgUnqapjlKeRQASCw9gcr/G39oc0HdbQKH97kGQn/NI1hVY7ezJCYXFAJTLBiBo5EUeGJ2csJaEpj+l
;TVeYs0PYF19t70kLRNLZDdCTujX6CJxdnZ6rgdm64HKWTdlxg9aRme3vSgrD2FwDUte7sf0InNqfnzC
;YGfpmspXNwyoFU1bfYG7KhUeemEwQFiBoZF9HQQfHsRgFYDErzdWbsQZPzYT6MlNSnt4YStJT97L9BR
;xbGtBz2EGm++jL1JTzRJeVn+N1U9Kew8AUixR4Nr0D0l3d3vCaRS09Lg9Un73E09AeoW8Ny97FgFSMD
;2Bo/wScm15d8t3OJjzrzVbf/cRWkZ0jYo9KwlxbiYsP4Gjn30WBHFx2loUiu2vBkR4yQhaNBHo1UZKe
;xRvPVZY3tD5FHNoex6sBWf9m8pZWHrNDldVfY+KPiIeeGwhc1jvwvMRcwQdH64lZ+ubpS9SfsAdUVNM
;m70oJhdnXzRNU97Q4RhzYEB7wGQFh/7KWzcMsHw/NHyesD84EnBlDUpU7cL8GHhwQHvAZAWH/spbNwy
;xfD80fJ6wPzgScGUNSlTtwvwYeHBAe8BkBYf++Fk1DahmPzQTmKckJA9LcDNeSfL84hhncXpwzWA4hO
;muPEUMqnw/OxPo1T8rHWBfOUlY8fz5EnphbB6sBWf/m8pZRW3OCGBbZY2nPyMfcV83Qlzjz/R9FAUfN
;q4FZ5n+vitWb9wVUFpMiaMiIx9LdTxCWOLG4g53dmZBx2s4mO66KVh+3E0/NhPo/U1Ke2ZlJl5c4tf4
;EnhbfmjBbAO07qQ3Um/ND0xVYZGKJCQkZ3UiXFLz16N9FAQfDK4FZ5n+vitWb9wVUFpMi7ogKBJ6Z1I
;uPYGykX0Wdnpq3GQEn/KlN2hpxh1dWHbo10xKaBQAUl5Y9dHwHmJtcHDxYAmK+aY8aD6ofj40N+jVTT
;geYHIzT0nozP8ic2p+fMJgOIn+rDZFafcTSkB2moo+Ih54bFIuPIG6kX0Wdnpq3GQEn/KlN2hpxh1dW
;Ha3ujg+CH1kNyw/gKOHfRYEbXvadwaI76M2WVPEHUZRYYu9LCQccQBQLT2Uo5F9ZGFrbM9mE4L0pAZZ
;Y9wjVlpggbEoSnkUAEksPYHR9AlkZXxqx2oJtOGiNkdTxxJTTUybuiEjHyUAUC09mqORfWRha2zPZhO
;C9KQGTWTHDGBbfYSsEjkUeGk2Hj2DopFkFgQfbctxE4L1rQZSdNwOSlB2mop/FR56YTBAWIGhkX0EBB
;8e3W4Ome+VP1h+yxlgUX2JtyEvexYAUjk9gaPiEHdoc0HIYAaf7rg8RFPNEl5Wf43VT0p7NgBSLE7sw
;v0RSWJ6f9pwFY7olTBZasEQU2thiaEkJSRxbjNOUeSjk30WCB8ernYIh/KuBlVj3AhQWRPq1E1TexQA
;IUNR6MfOFHhidnLCWhKY/pU+Vnz3GlZYf+jXTEpyFABSX1LtyvUiYmtvHqwEZ+KbyllEfMEOXlh6krB
;NSHsUDFIsPfLT5A9lW3pwz2cLjpvIWDcbqHw/R2aYpSI4D0thNk1N9crnGElhcX/MaQLrmctZOQyofE
;xBY5i6Pz4kcW4zTlHko5N9FikfHq52EpvrpStDU8ESWV1/hIo4OR5LbDtCWPL8+BNJbHZ5xloDjvW5M
;EN19xtNXXfo10xKYxQAUl9I8dP+D2Jbc3vPbh60+KU3WWnLCFZbfejXTUpiFABSX0jx0/4PYltyccps
;AYL+uAZQacYZTVVnjdVPS3sKAFIsTvTT4RJkcEBtw2QLh8SsNVht3Blba3WNtDk/CXFzUi48gbSRfRZ
;wenPeYBWK778rUlPEFUxATI27LCgXcQBQLT2To5F9YmFybst3Bp/uuDxoYckSSlV/6NdNSnEUAFJbVP
;HGzgl5c3psrgdn67vKWTd7wQxaa2eHoig4JHJpKklZ3tP+Dn9wdnHAWgKF+qg1UgyqfD8lE+jVLisPc
;Wc9XkTezfAQc1t3e9YFZPubylkHPJ5ODwQlq+V9fU4kMGQZPYijkX1zanswyWYIj/7KWh0NqHx4DSLI
;7h8vF3V0O1pYodP+Dn9wdnHAbAmMkY1oF0mFTh9yId/lfWpARmUmXlzi17EcNmZ2aqRCVsve52sXVph
;SDRRV2uF9elsvUjdYT+DA5V13ans+3GQOmP7qAz1LmVxnATOx4G0MSCQwYgwG1srhGDZramqkQlbLwf
;tpFzf6HVZHdsiPbScUZmVYawSxg6o8dHdwcttxAsvrpSpeeMETUVp6hrJHQDwlIAocHdiTsUZGdnpty
;2sTy+u4MFl4ojEOBCXIhn1qQEB1IEIQ7sX3XXBlcRTjNFffu5lpFzf8CU1aPoezK2oTe3Q3QlmL7qBJ
;JiRMLo4+M57ppHRYas5cXVF34t8Ack80WHJ1HcSDqjl/d358wmBHivemeUR4zQxPUWGb9S8/DzRaUiY
;9gaP0E3I2MXnNagOOm8nZNwyoMQ0GIsiBfWooJTBiJnCzkaBdQjU/TZ81V+HW+2kDLPxMH2cj4ph8ek
;80VGMMbrGp3EwiND9Nng8q2qv9U3A1mXZ4BTOt+HxqPScwYiZ6sIPLViYqKj7rKFLLwudrByzuB0tGc
;p6wIRUIZGU3SECL5KNFNlwvPvc1baaj/lNwNZh8KjQT6LA1PglhZDdeYvLU+Al1bDF5zWoDjpvJWTcM
;qHwxNBPosywkJGdwN0lZ3s/4DmIEHBGuBWfaoPhsDD6TSQ8PINPkfXp7BQBSLFvoz/AQc2prQdp8F47
;EuS1FDKt2PzQTuJkMako6N2dBUIGxkX0WYnZyz2gChe+VLU58zSNMQGHa1U5AexQAAmB8oZK/SiNpch
;6OBWfr/aMrRHj3EF5NdpqKPiUXfWQNRVPnyv0RSXR+atpgFYWbyVw3DKgwVlp2m9VYSnsUZzFDWeT89
;xR6YXF/w2A4jfS4NFZ4qH9YNBPoriopFHBlDUpU7cb/HHthQGnHcQ+E7r4GUnTcAWBPfom2JSMVcV8m
;VU3k/PAfdHZ6aMdkE4L0pCRod84VU1V+jbs5FRV1bTdzXOPB4xhgbX5qx2oJ2uaVIltt0RlNa3uNvCo
;iD2ltPywsgaORGnVre3vxdQiY77orWG/ND0w0EOjVTUp7HgBSLFrizPUYSXBmbssFZO2byllladguXk
;QT+dVNShJ6ZjtAUd7C/xp6YUByx3YT65jMWTcMnEkEBSDd1VhKexRpPEpU7c/OGWNlc0HLfROZ7rkwW
;GKofzM0E+iUISZbcXgmXkjlxuN9GAQfHsdrAYL3pgZHbdwIWkZ96NZISnsUTDtCWPKjg30WBHN/12AV
;tPiiOFlrzVJYV3yMsE1JexQAUiwggaOREXd9emzxdhOK6b4GR2PBEktrYI20IBUYe3I8SU+BoJd9FgR
;Ne8hpApOb2lk3DMcTRVFMm70kLxdwXyZVTeSjknQWBB9Jz3ECmd2rNVsMuXw/NGOJoD4vJHxlO0tV9f
;z9FGVwHx2uBWfrm9tZNwzYEF5AdYenIBUacGQ7WFTuzZF+EgQfHuBqCY6b21k3DNgQXkB1h6cgFRpwa
;DdfVO7NkX4SBB8e4GoJjpvGWTcM2A5WWmeNpxI+AmRlUi82gaOROHhgemyONkel/r5ZJAyofE1VdZyK
;KT8aeF83VEnz1uIUeWofHaAFZ+vdoytEeIgZR0BhnbEoOHsHAFIsT+DF5SJ/anl3wmk4m/q+LVJ+xnw
;8MRPo1QEjFXFzUjw9gaPjGGJ2fn3abAiFta06WGjNfDw0E+jVTV57FAAhR1Tz184ZY2VzQct9E5nuuT
;BYYqh/MTQT6JMkOAhgIDdUSfPW9RhkBAgergUUhPejPWhlxhpWWH+3tCMtF3FfPkVO9aOSexYEHyqbP
;lbYrspNNwyoD1BYeoyKJCQdfWw+c03g1+UYZGofHaUFZ+vJrzpDZcQVUVFymtVWSnsUcz1AVOX8+BNw
;bXNy8XUGn++vK1lTyhNLQHyF1U5BexQAAEle9cr9FHhhfmyuDmfrm7ktVn7cUlhXfIywTUmAFQBSFx3
;EzfUYZCQsPu1wFJ/0p3lkeMkOSxRUxbYiLh4eR2seHcSTsUY2Vnpty3FHruO+K0JozQ41cyHQ9XZqM3
;ttNwxc7c+xHG5hbBTpNEexqeRpF0qbTA8EM9P1ACUNcSAIDHz5yuJdY3Q/csdxE4f+6i1YLNgOWkJ2h
;qFtORhmYSZPVejN9l15Yj9Wy2QTy9mvPT1LmVxnBD3Z9RR4SzRaYgIOoeWkTSY0MS6OPkem9Lw8F3jH
;XExAcpqhbToUZ2kmRVLvqdZMNlwvMJ8lPtmr+ncHLPJMEQczruR4eks6MHJpDLSDql1Sdn5pjnEPjru
;sMEV/3FxTXX2N3wp7W0wwfBgd2JGhTTg0P0SeK1TL3f9pBzyGTB8PM6W6Oy9bYG9yX1TlxrEcNmh2at
;ppAuHc+3lvPIZIH20h2PUXelUnIBQdCLGTv002QSwujj5Hr+mrLhd4wBkfR3aLuiMuW3hpPEk3xpqjX
;VM0PyWOVwKY/r55cnTcDkpQdprfCntbTjJ8HB3HkKFNJiQkPuNqEY67kHl2dMEPH0FjyLkkPg94ZXJY
;UqHT4xhgYXFqjnYEmfq+Ol9lxhsfW3XInSgrDzRCN0g3xpKxJSMkRiyeJT3btfl5cTmYTA8aI8jubQc
;UYmVyQ0vk0bEJeSRvbMtzAoXv6jtbY8pcTEVmgaYlSncUAFJfSeDR5U84Y3xxymBn6PfLWTdBnUsNFF
;fY9R56VSQ5WGEItpGxOSckTC6ANV7h3PhoPUuRTDV5K9rfAHtLIwoVHgWL5KBdTDUqMJ4lIZDvuDhBa
;cQjTER2jbEwQC8kChUVD6HmoXdRNT9GnTVHsrb4eXE0mEw1cyLIj31kSCEgFB4NsanWTDZcJyuOXErZ
;u49oBCzuTg8EGa/kbQ9KISAUHg2xqdZMNl4qPug3V9uRjWAFLO1MNXMjyJBgMQlxdCBNXvXK/hNJYGp
;/wloGhvS/N0NxiDoNBCPigXxAPC0ycmkNi+SgXU43Ly6OXErZu4xhBzyiOw4USdj7fn9bUjJiHDfGkr
;ElJTIvPvcoVcve+2oXSppMDz5U2fUIe040RmAcDYvkoF1MMT9YnDVX4dzzaxdJmHZ4BDOt+DY4HmByM
;09J6Mz/InJxfnLxZAqE7qQtSizuTg8EGbzlRw1KNEYpWE/g1fQRSXdve8thGuHW+2gALPgOVlpngbsq
;ZFU6AFUsPYHQ5A1ma21qrgZj65vKF1hizXwjNBPopjg6C3tyJnNZ5M3iGElgan/CWgKT77gsRGXHEj8
;3H+jVTQsXeCA3VEnz1vUYZAQNHq4FFJ7rujZFePcYWlpgjYo5MwtxAFEpPYGj3RR4YWweuAVn6+i/KU
;dj2ghgUGaJuRIvA2ByJ19U7s2RfhgEHx7obBWY7+o8T3jaCVtRYejMTUp7Z3UiXFLz184UeGJ2csJaB
;oX8pjxoYMEPSzQQ69VNSlYgNVI8PYGj4ghmdHBs2loUn+mrLVJr0Xw8MhPo1QMlCXlhPiwxgaORDmN0
;b3HccTif4ro8Nw+jfD80QY22OSMXfW43TU+BgJF9FndqbMhkBI7EuTZbZcwjXVtnnLogFRJ6ZjtAUd7
;T8AliYW1wrgZi65vKFV5izQ8/FBPo1T4/CXJhMUli8sz9FHJba3HeWg6F/aM1W1PYHUtAdpq7TUl+FA
;BSYFTvxuJ9AgQfHtpgCpv+uDhDedoZYFZ2jIohIwhgAFElPYGjoEYhNCQslTFS647KWTd4zRFPUWGJo
;Tg4HktsN0pJ3s/4DmIEHB6uBWfrjcpZN3jNEU9RYYmhODgeS3I7S1X1/P0UZXAfHa4FZ+ubxVk3DN8V
;T1FMnLo6LwlLbT1IWIGgl30WBFF73XECj5vaWTcM3xVPUUycujovCUtzOk1N5KOSexYEH13HdwSH/sp
;XNwyoC1ZEdreiLCYXS209SFiBoJt9FgRWcNpgFYf6qTxTDOF8PzQY6NVNDxVwZSAMDqHt9AkWBB917Q
;VngNjKWU1PqHw/NN4kGXNLexTIECw9SeGQfRYEHx5mRGfrm8pbNwyofj80E+hRTkp6FABSAz2Bo5t9F
;gRPUu8lVsWs/zRaDKh83wsT6E4JSnsCQ1IszcCjMfFTBKcW6QVnS9lVQDcMISxxcx7iz0dKexQNG2R5
;06ORf34EHx5eDWHrm8rtcpTmfD80GpidFDl7FAtBLD2KsJB9jJgHHq4cKqLfiw1PkEWhcEcIr6+Ku3w
;0ZVFHF+TNuzPyl4JKa1z00l69GhgsPa+Rw4GfRNEPLT5vMANkntDdtGGHpliSoEMu0V+SQWB46jAWVz
;nNxUpdE2CW7Z3mkwmUj/ro4/q8AxWa8kU5ttcEhZOoy+618QVrsL9XA2jObuOEO/RNs8pkE/3o6AuV7
;BtqKujAT0Ef5JviCjJ6EFH6FUlaREUJeMKmnjjEeCo9puuArx7gvjnNak/w37IGJLbChMrFlVmWdaqX
;SgZx/cqF0BaFrwQpsvwLf+5DxREhYXL5umTsYbqZOJwDnojm3DAhOhPryyjIoNdf/OMHfl1wItB/Ao8
;gjROuP52pM2Mhxt68VoxEvtL+nCx24kBP22Ti/epVWUDX14EOzl9owB8g18fGl5AS1W6oWvSd9Q4p4s
;veOPA2gPLtEFi9hkZNH5zgCu/YqwZwqYFlaZCiuEjq1mmPxfgauRGxP3L0IQUPwXHkfQOg+CAgujzqZ
;os0dD72CC/1qNQrRdje8SSE9p+nCdt0d/VnstqrSP4Q0HIbqd2r2u2cMRCbp0DmBufVJwW+3yNiwn8Q
;v99/BTvXptjqJgjhkbx5jK8Z7pitlZMhtBAx8gKwg51tZttS7GDEzuKnY0VkJSWOZD3XKJvB1B2KRY/
;24ZyXP6HnesBfStaZ+hz7bmrPFxG7XSacfyXrFt2h8qKkgIJjkSJcp5EfCyMX2GIU/Ft1CTLLmKqXgZ
;YdIwrZSF/0z4rdXzr+ibY7DZZKy45BTW8CU2nDsct3KoqOV2UncMLrd5KcX1FkvRr3EJDrIG/O6dH1/
;EeOUVhV6XiLj8F5/sQlJHQE43otSaNpnVxm5jQH93QzgYmMWtFWr1cGL4Yl44eVgq+5kIkYvPejtf0t
;lr/NZxMRCo8ZH2kR5IcnNRbA6BP8ZFehXMjYpWDeqv2GESpnQD7Jgup0cSIu7IkProiHkZRGQp8ylJG
;RtYEAHhw1PAINIm82e9+1okvp+kTw7T9ANotIkyLAb880NudRVa7dOrr7EU6mMlUhlKZvGYSr9hy/bu
;Fiw1Pm/KQhecTq9bctYjA5KeQdMdBxPgSG6JTPJVOKRrHDn6GJfSIvAsZATyAdyCc3aP1VwWsLuxLvs
;C5G/ZuL8kGdZGOai4rjW8neSxH9k2rzNeGCsldqeal/xKw6yJHYuJtj1MQAmqmaBeCg77fKKeJIXcVr
;j+2qJDiDz++EbplJkZCkXyLb7nn0FrcZP+WBw4mCDRPJx/6AIi19jnvP4Yax93Y7Q0XTtYSvAbYyDMO
;IU8RCfMKibP5N8KqeQBnkdvQE6AB6nrWh+znKY48lY6NZDrNyw6QBeIGUlznsIvNX/OO6b9/p2g3LK+
;igXnxjAIYXL8lFMcpEr/sITW6/vJibAC/zIbOf1nXPZjv+hcOI+bORzYu96c4AKOqwqMT7+icKayYHc
;YDl9GcCFKGfJdinugFRjqydpBbx2X1mNCtlvENeM4cEH/bPpwmO4YTkWdEPLUtS6cg/hfFzWL6heKik
;6lN9FqSzSNxGNNT/HfhSiqN8P+S4Rb/UILWjiTsxUH1vGpTi6FJo3HJ99pvK2Wi4vMuXeBLoNcpKLcl
;oxoI32hRfcxYEn+Q2pn3NPF0Ix9ApeZqTjjJQa0TscQFSLL1u1UzehTNxHq4F8co74+mBFah8V27CxG
;atSSHkJ1IsPQL34pyP+lsgh4jN8ZvKrAO1csNQwy+eSgvZ2v2DUiw9QXG595BvCqoI1wA4/vDKnpVz2
;D40Gy9p6J6a4RA1WmSRUDrndlNIpUDiYuurZNQCWt8hifYmtcRwX1PWT2PiMoGjRLALfNywnTEdttr5
;PLhxmnw/dB4E8U1Ke4Rygmyc5HQtPhMJHx5uN2Pfm8pZNIZ++RyUEujVFeyAMIrUijKDo5H5n733hYC
;jtJ2NYOyupiyk2hJf3FWmQNUfsd1Et6ooDeZ8ssVEotMB5+ok2co0qXyXktqV7ZYyhVBbR5OTCT2EAp
;1WaalPCSklncpZCa0qej80j4s2g0hBm4nSei46pdFqkNQe5gyMjw9pFMJigtWbv9Jh9LTffHvwazkiM
;uEQkjaEigoLmtoJWu4vtysMqBz5giSsg0n+a2SiAzv8ntZISnUDIf4Ub2FSmspZ9x4LqTk2TvlE6psf
;fPIyLD2B0xp3DAQfnstfboM1bxmhN6h8/yiIh8shPVyVliy0sBt9dH0WBPvNP0QLIqrwjl3f/qA1VZ7
;Z/yZKe7QN/KEDo5PG2xnEHKJm2HYrYJZhceudxe+IM2+edkEvzQKYx4saZZ99FrzXlC4zCIICcX81Fy
;P7PTTDVGNrrcTHUieL6c+hBmv4DBAeLqoblOiF85+jg15NBY52THNaexSAggmk7c4Z7tKvEGnSB2eX3
;KQxuRnbrH30mu7VTS9WA6p3Lj5PUOwzHQSHyEgLYDGR8YJZdgj+OzTeCmh7qvT0cwHcGoGjkT5iUbty
;d+9OBGxj65/iZoX78ta3TjWdM2QDUuwxGpTaEp33JpqL2WfrK1V0YiLzELQb3e9hb/DQaXsE+jKAo5k
;yRVGpHeX/HcCZkMKSQJMyBDQTnmbk9Q99Y6aWe9CXhSQTsLjPym2Vi5vKWUdnC/75oL01ZCZKB2Dvv5
;s6JyxQCmnX9BPiGmRLgPMbuDup8Sw+E+i1ypydtFlj9TCBo1F8THeMU70PKohA1z3G9iiXJ11SADNI5
;XnJN2BUjNEOutU0Bh9a6usfOQDYg6xPzvzqmkthzU36/vk9F7nYRR+YFWP6J7Q9xfpym8rtGJjF4onZ
;vzjAXDPJThRfLD0hjpqmXVsZR/9EDNm2MWj9A6g8zA6dnE8ApFdkYKoIYc0E0uwWE7Wz3d9+HZ/K+S0
;646Pyr5OuTFxKe8xoTMww4vWdDBRcvVSlVs+Fm7x4l2Vo3os0ExB6gHE3T9sbjPb13pF9qsOLN5MvYt
;853Fk3zAXARkZGB+0owmgUAPJpWGffg60MtvjUzDdn61vwNjXWexQNAGv0YPR6n1lkUbzoVxj1asxMv
;zTx6yX1PrwvhaoqGk3bPoObT/p+33BS3LQrTA5maj9ufv8s4ocJaTL406B8PzD1nvJM2TwVAFJ8b4mY
;mi1X3w5d4gXnUdmRuYtiudT2+cKFwBEKGPwSUizlz8jRVhw73jvvBWcLDmhCLXn/hfd5E+jVQONBS47
;SKj2BlcXgB+Dg6lP/ETHSKjAjkZ0EE2pwP1UrF35kt1wsPej3QX0WhKxi9COLiaG3ChvXoBSZXgbOgk
;NMexSwm8F/NEey0FRf/BiuFfnNOUmQmhN3zVfyAatJb5guWIU+Tnzb7ad9FvGart6okHJaaGk7DKguQ
;64sTk66S3YUAJIZZ4J5JxeDCXauwEDqVqPLWV+bYQVWvX4vRbq/0dexxx4uQiURJnp8bBqOWWy98ZIK
;0WB4Ejw0pUquSNBMnqIz3sIoPpVbVdEoHX6CjdibalUdZChb50Yf6CnsRhOAsiXvnzWjEc9q6yzWvn/
;L7q9ZfoLitWZjJBPoPa4ANkrnCEY6l15HIxp12bqdBWcLiuVbbVE0eD80c/s6/sOydiXZ9j+B38QK5i
;5wdP2cTqSt5gXsOEV36iJuJWB54oBsXanRPDUI+rLiEx8HXYcvsS+RGeI8sRhZlB7s1Y1HLqNK4HWkm
;rhPeaIjtsvFBGfr7xsgkKlnUpnnchoq4cnNtz24Q5A6qXlLS+IyHK5BZfZ5zlmbb5sX/xp46biMoWgU
;AJIUVqvLsKEkDx8e/oNS6pbKWY/BbDyj+oyRBfwt5a1XU+HZiY4CxhcEnzB0Bv3WQtlZN1jpI1Fq9mg
;zn1XU2LEoeXeFo1E8c+K8hfS90QNDLGD8TQHyitiJmL70rhIgGcRQYaT+Nh9L+X7V0ygg6pvKJQDGxG
;QvUPIgeNVCe+SJfUPjam1qG3+rfV+oMWfre0zl1k93be9u1eGSUPTH50ZreMYA0zySMmT1NrLHFfGbl
;p1HHuReYNidattNSvtxrFhEUXankX1aPK9y/IQy6jbkc88MqPj64/K7ek9QexRAibZlvZQiLXtwSeWn
;Dk1vpW0Y2aIrE+Hb5u5zwks7b3S+P/NMi3opXYBLxOcFZzsFRVH2jJvmoRNs2UjjX7IcaHmwNYGjXee
;BnFIAZMfSAHBq9EnrmAJKNBOI32Z9b7dwBoxVv75LDnP+Hx6uw1PamhVcdgocyr3jjWbM2rpxQwQOyd
;bTpRHQlAh3OH9EZOsbp/U9ZM1aODYT6KIdN9bSqtLKN7fvln1CcZivui7aiEJV/EVMY4cCGOgV1U3K3
;HivnIVT8WuKVgpBzi5TdAHMGgODIA2ofH2DfqFFa9x3fX3avwzUo5H9dL1ml0f/Z+v73T0wcZ5+pbs0
;X1g0O9dtBlJsAOQlmz5PvIkPaZBJXKzKWTdHuKw1hI/u1W0O7zjMWR6d8EKQfXZSxjucR7q/pgLZ4Zr
;Vrzg005Lhj8pmGix582VUlRXnhAUCZu0FeIRpSOSP0jLJKeSNjIP8ZymAM7/mnXuSpnCWa3NBPxjXvk
;qX/J3O+6JU2XHSyOt1HbXaxKnDegBJI1VrcGLR1mMrxcEzWpnQz29ZD1OigUp7tLrkBoLyoJgeNaQyV
;pcFZ+vd+7sxDKgcphQR8iYilg0BU4QpPa0mI59VFB6zIr9Aab7EWTdpUKBg4G7TyAeyUZeAVCw94Trx
;fgzHgR6unTZdyZzt8ZRHSj3utikQZyZXeQbJTDyBq1k8UWv2WLsrlH2e03ABBnC0ICMJnsbtcH4UgOn
;E+kwA0akmspocrv1BX+Ah0nH0TnGSAHOIfmo4QhQA+uPaIRso7paNvM4GiFi9yDF8NQxIZ+hHlsHZPP
;z3Bw6SKKKqrhHy3g+fXVgxuI6fyukkDaV8P/QhKdF5oHUUAOoBmQTIpn/M1zcknXRH3ZPs9DXMJuT8s
;rUxbRX3MsJlwDswLIRDe8A43CjzT97rpy832CHarP8MiIKo+fZATi/0/7Bj+7J8u0o46okoKmm1MQo/
;UaimfUoUPuD4QtdaTV+X24eXajIfhDm3WINk64bc3buhnmuVWetMjHrscXTDeqa7lnB4reJ15/CRK0i
;kZU15K5jVrzi0WaQZwrlVOxGYrUdPZHKuOZogocH/X6lqZU4g+1eZXUDsoeFU0EUCQNaNS5L3smsNV7
;OAgLrOmE8lVoGpH94PYKddlpwylgnpBmKwHG1jv0RZQ8fNiHJ0AOFngJxloxoi5gel3rkIpsnJF2j3V
;O+qifMNWwGI24CwN4GsjgczNCpEHK9wVfRbL/T/jq49rsJZ4bNjkcoBNGct8mCTl+Jz+s0zCrKqnM3s
;ydvTXVqx0ivPTKvjEzZc5HFlKencOdtZWMuFf0/H+HX1lmPVdNjgqHEx9dNj0eZP/6bcIUG0kD/1KGp
;jMte+70X1Afey5CZqOgGBkL7ZFfg8qLJzK59hW+MxNKzJmGp/8tZH3wCO9t6o/4uwEFPo5iMNqZQ3eA
;thRHbomzPHbXHuukVi0KbMrEdju1YYyQjjKdYGgUvxcQe8+5DzBY3ouA9P5urAv1+FhsjZ4kEZwgP+o
;gXrw0+GWTu+FtotWTbnsd10YKJS5bVacM6/lKjllNXRv+gdv1ZxfBazPDt7R7UtR7KW5bkJzhOOpaAB
;04b0QwzKc/aHmd7gvajm4Ibf9vP1C9H07gc2Gea1LEfnQVSF8c1yuQnAq6ctnHYWrxKX7Gaz+h5QLKk
;7J/BbO3Kyrdxdg3msyNlIxwUfEEXNLWphjMCR5lKSQUUzCD/q/rx9drppY4herVqYrbuOUXrZflaYmB
;Ghy8s7+rCMwYkMtr6N8vFOzKVfKL7yWSkSlPeeqDFiaaJ8Ow4qxwuvaI6yj8f+nMpBp+uWwTd4z53MW
;Dhd+kwulNnTiqdLq4Ns8Ay5OMKrOvH4v+IF6g/fZXr56we3ARJupwQAw+1dIzKiRsXvRpgO9S0cxOgr
;FkoNfplIQy6nPj0sAW/u1Kyh3l1Sf9Cj7Z93a0kfwMZCtPAw6umMkRLMXv1/zFbKnhj0ln145jIjSWv
;TYYovJS73ww2t1WlSohVbVGNZpl7LLlMwvGeg3Ut9lmKgBkTivQvTDc03XXOBuV5qqMo6P+8Rk9r9Z3
;NsOVKyOe6kY+6V6s3sgyddc4FJDge9mr3eX9rQMaA924kDbqk+wvrUi88cSqEpvO4QDPyvSdO/aYtCv
;mkniEigopraTmalCh3oq+/A3cMuaT2Mn0vnvBCwrRbcY1dfkmowO3lqGjsAS2F0AEoWdKhBmh8hYqtx
;ewZ3DfuxvM6tlrvMpqN4C2yWSZhNJxi8E2QOnbTPXrihIRkvGgyn7x3wwtZ3Pdd2MKdiKZXwoDoMPy4
;NCImLEVREnAu232OLQQmS/J8HUGR5DQOXF11WjIA0/30i7lYfHYIpH3aljsGBwcPsxW7BoZkYgJrvg6
;vgMfJxMeyhIbilLAUsemxhYExk6hmsMaiagsbSU3tLo5KhHPQdWSPXaaUHXIWuaSP+VsR4YNkqcVdR/
;ppiawER+IbzYT03wTkOYT9z2ycXb4OrSPh6DB4fl4cqRFr71ywVLdxlzS/D+W6WD7e8d86Qe3yfGbQX
;sKY71Blu7yxAehmtMEQuAciJl5ING6ok3Y1CgUxvNrQgViXudbWVNqairxQEoYNEc7d9QYEryvdjWmk
;pOeQgwKTT846TPsFbikufoR8sk+ILQsGw0lqtH313p9tJADthqoz+h9oMGbl7WxgE5jhzx5CJpxLklJ
;k5kkBKl7/vGuj1f2v8N+5ROZhizgSyt7oWNLbbmSUbLX0CB7PTkzg0/3rm+OQ16MoY59nJobVtdMCkp
;aCuZ2wD7Z5nl16aPkIAzercUVM7qB7l7DOpMyBQg1OMPovvxUD+xpDupwJHXwjr5z92U/3YAGvbVTvU
;GjwFITAzIoGfGAMdve+L0N8N3axXPO7wgOd5N3e8hvNhPaABG5u4lbql7V1+OwFoqtHqlRKq6tM4880
;aSsCp5PzF3QI89gBQXy3LypPqL0r4egwJd1qcwB9uaic6VINEIFCDI44+i4gQxy+F8SqSE0R0l6jM+2
;R03fkT8VL8PDDGYAPMtuC3SR+mu883jEgsKO+PAcJaMacENAJ1piN9Xixdmgn51d3Pn7iVduDbUnXTZ
;hilZeUwk6XZOOhVOwPIZRwEGr7jKaNlGK48JfFxFvwHvngoeuWqbFLAQhO8hPNhPVktu2e8ti2+k5sj
;jD1FWM4Ucni/RgsCkRgcfSDY341wgYu+2bdKCEPiojH9HsIx7wXr5z+EqExf+yWBVOBeLmfEgkxxhmR
;3Da6vbp4zmb5z8niqehezXRXKPTe3KEgeiYijRECquCNnskjhTRTJsnFdnEhCODm+w8/UV1tWtYTink
;9rpVhjpl0ub/Br9zzXRDI/McM/1g+RCRRQKnfxVPM4z/8e986pCEnmlgKMBcboc94Bwo36i9RNnXZLv
;ajQdLWaisOs/uPRQOkYG0U0xDhAt+/3hvykueaWn8GxBtHZrURqz8kfNKCZ3hBBpWSySzCWAUlJ7q/Y
;Au/mwXvw0stcYAKiCxohxks0LqvIlzk8VRfM2cX1refeMpg2udu7/KpIBJ8kuZH9I44B8Vz4lElCWQC
;JDAxnmlSEf5TmT9lHAnw/h6+nwfDrDDp5G1yOSKrNh21tbtSGaf0zxU/41ulWsf5pK7bidxgqyjAUVN
;bwq54TalxmqMaUd9/5EoJ4KtULkPBGAh94i2Sqr8vBdJfVtrJ7KBuA94bBjfDeqXOreP2TJ2/j/O9H7
;7j4WE1bN0TBR5ONBTjD76Ts33iq/3J2/rk7LhXPWmRay0WffkIGv+V5njgTNAcLEhAnoBem1MTOlclH
;EBLRaeY0/FlT0XQNhQ1N281/kFojaBVtfA5uRCY2d37OdYdPhSHDmMpmAxl+ADBcPUaRrRY7BynMu3v
;B+MuwMT88iq+FGGXhd9i/hAbMaQOzQbv3Wco3oOsc4s1mWxggsjZEKGbwjq2OkxqluffFQk0951YzMH
;5kbYuHQdbZUp3lVQe5BddwBK3qWHI2sYF9hQWtc9EGPx3Dhvb3B5KnoM6StEFXSrC+aAdRbw6EYWEsc
;Yj7YIYpqnedad2u9l+YUs8MBE89Y47+t/cIqPRra6UrUEcQgfcyRxiqQjoZnhdJey0KEGJf9ygvDqyZ
;0zM0Q4xCtCDFETSF76QJpJAwcnkGEDEGfUqXygnyuhiabHRgjczAJ8ccaHCbKl7SLkJ+L79TCuH9jK7
;IQ5YAqNysHr/dxJ1cyRheC2E7tfxT5J5DHjPff4g1DA2kycxN/HkcEOhhrOKsD/y83M3A0ULgv4S59O
;FyboO15PqGgd99cnD3WxaO2aQ/lrN84HTSAsRgUAhKc4VR+AqVu8IrYHoLdgroFenpJXvwi83cAhzE0
;YaUyUjufv4CrDlbrQNbsWuIH4Bcrp++MiIg8NKOz5gVKUDO7lGjtFge2pE3DF5FYZmgHoznkgqoCjyK
;PluswEnqeiUjNY64ljMdWBrnEKsk8DGaAaJF9W69HWl5f5miHERDX2UYWcCmJUf7hOhbI3jl4++ai49
;6FGEY256jgdgiLBOOwTrtKK5Rze3IkuT6HYNugb2wIisVbcmjam67xQ7VUBTLYGAeKq+yETcMkPvBgK
;0X0mEIVhragA/ygaORfV9BUVoARwdpZd9ZN4X4Mng5GfLfTUp7GUkaaG+Bo5MVFgQf7qYDZ+ubfhyvQ
;qh8Pz1joIw+SnsfE1IsNpKikeeKHB8eu6kur9qeIavhdTNQL9Tx0q1b3kwowjpQkIO0cOInK3aNpZ3r
;3oWU8EFHwdYg0KoaWCq7tlyRcuuo88Lf3hpz1FK2Q3x/NMCqcTY3U2Zxric/rbzjnc8RNPpbbJJpe0r
;+xfMeIlGVXmX/WIwvstAJlJKxkcGrP4NE+G8pVdmibPOf4iIMzxI15LUZkOhM5gKArLmX3Z+t0NoqDC
;+HfO3S9SMJuhhoBWawHOqEz9VQkCCnH4PTP6wNjVRDKpKov+XV8fuVH2xl582maa0/eUvlorK2nCvDi
;zPDcSRBluNGFz8ymftvKHnqx9NXggjDFqaaAn3F7Gxk98V5BXbLa1vEItXzS3cEVW4KgAywPHc5Tgak
;hJyjvU2K7mh1RuVaIqbxc9wLXW+3HEmjc6LUoPhnqrEpY5lGs8jZpSchg62bIGDYczEDbryk7OGSY0j
;Vb9Uy8RfV5XhObjVgXW/D95UDcXn8nRpqu7LA6tWDUwIYZ1rCIZz9+TkBoxocaJuNtOmQMUlB8GRtVj
;gDs3uMGbOFLgwcXJvYz7Oirh4wwNfP7O1hOuDkhPTdOBOWQCKc3HfqIjIv8dlH7COevObD/zOiGe0Nh
;ghcReC4u0VBeYp+DzMIkfWFbZV7NTqcldlsKNLRRcuALAI1t/nDZ+v97u8nJrL8urrzp0gPWFvP5Voi
;pvEb7BNxgJRuiiMjARvfsy31qwcgmbwSKgnm9BRRow7FwtY5OeGUyILGGmumEEvqI3KKkWXIyuTBAFR
;aEVue0XgAZkdvCm4hjjqDjkKCanyPUE7iJUpgyasx8mfgSxOzD5oZUPrj8zkr3KPWiZQkkciDWst3XI
;GSejLUFPQa1eWvzNs7lO41TWeIA0O/pQMcitdU2lGVrQxhOTb+fIG8031499Op4QF8PQumphjcxctX+
;l3/vtQ2bXM07XbawPQSal69wYVI2czp7maIbOfeRIxIlqj+fWXVm48ryDR5opeMjQ2rifpfKGw4bgbI
;O+zMXhWboY54TA6f+HEV+cj8MoJQmWs6vwx5/xiXlkECOa62OmSqVvr1tuwAT8kx5zncwOo2BWG7Ng+
;ZQXLWgotlb+As1ltU2oPpslr+KIbOk/S6Bl/wsLQcZebJtmnteuDxdLqP8sEN47AtxAr8bZ//y0Imhh
;JkODW67M35qMh06nUskHpi5QfyoAE7MAWrP+2yIb2nbfzHhVbyiNxRPQqLVj138clLu1oK2IyRUe7Eb
;4vi+ZH6vhIBCEw3aYNf25kVXml0PKqy56S1YnK9vk/xqtGpXdL+JCqnx2yvpxTk+BxSRt7ZpxdwpzMB
;7rBBwfl/Z2b2/rky91wiPJkUubrD5B++Stt2XKkIg+rKUadBVrkBALCT0StB/p4ZxqMkRsfNCzaukKx
;ap4Hw6k4YvK/8mKQmcbOWvf8Rz675nkJ8FXYGNktKUnxiL1fu6klaq62/pHXUCa6yxz5gEMSpfHrhQa
;l+Z9bfgpZTjFBrORr2uAewRLM6iIOvGLszDCAxFjVeE9tNmBtaPxx1KDf9StNuBFeTp7T8GU3hSrBrZ
;+IKCZcV/yUf51AEFiwd9Fh3YOcZHz6cBz3l/q1Zl0U1Mx3ibeiVPrzCMVTFWAMhtrS1F8RuGgHnu6Kb
;ynkVVT7JxHoR2WUTR3uuo/zxGrs2vy8YjrYEIcIq5JpKZOLdYjBCr7223TeIe1TciDz1S7/y2jxsas9
;YAWdlSrLLZ7GrfF1m1kVLkQN7FKC3KAmBI5cR/SYVdq4F9gKWTZr8qq99P0BA83uD5qB8NOhwlyHW4L
;xo2sF2WE7E4TUkXNHW2kJXXi38D/lyjMaWZTg9RQV7X0ZZWrgU+1hO9p7iGmn/4f+PSxHWTZjeMARSm
;HMNzsEKBIyXqIlg1h2KghwikQVkPG1Cb1nwGZLWBFqcpGSBwbBLABEP60UMmLEE+p0KqBCM3xB58RxZ
;ri+Od9Q+9SSiQxZEO6yCDkaXlaKa1rx5vT80423fV0o7cGpbRFDa3PTQGQQrOUgu7QAheuiDN6HIau/
;Ry9Xp7vcYEhmitPMAS1MSmTHiIgUnGG840e3xVQHsd3vVymGQuKsVeweGS3Y3QELZVn4rlnrrS4wIM7
;gSBvhhF97CWUo74eqYJkhcSTitiwAhYFJdrIubykbZ1QVrfTywOX2kO3sUdIwQrghThIz/DB8mOhE2+
;IzmWTdJXT5X47ZClXMfIJRqh5Uc786KqLwkHkqFk7o/GiksyS8fnDc03sB+zl2wk5Mfz5XkAEvTEp6x
;4jIFd/DQZUufrG3upTWTJRmasRJpQPm/eFmjgfq8rnNrc0wHfLPY3mUqqMx2o2GqQyhr/9sBv8LTL3J
;QfRb0Wgq7sdGY2stwzfkHA0Lh5/CHuvGk6c69tNnZyMfzsYT5CaQFd2xB4DGdQKh8+lxivhFY1Tt+dA
;jEh+y0uulrJZwK/yYyr5uIUdb4XMjWFYeqveLE+1LUlM9MUuCR/bXQbbUJEYK+LX5xNqzWIZb+/hLsN
;mv/JBxcA1aYrpG9cVkWfSmNxad/1VE3ln/qiuZGNoztoyApjRSP9pHRkyf8ZfaGLapK7LXKnRH51C0J
;L8bq1Ryhqak4tY5V8KEOxS6BueY+CxbagF6ZkwaolZTHkKR8hCigDi25mz2h3jvM81TlH649tU3uuN6
;Zk7usPzR5vHGHYttBxOgYPWHz3lR0PAMol4vEAuLJNGPbUiDYfEF+H7zXHs3TzY8Ucpcoup8PB3alwk
;17CXbgiMWUrMtpF/6QXpoZdyJWLKdj7ZN9Vq9r/2AHTYPgeKEojMsJUhoqXt2ZzzuiqglrdVEZlX304
;1EcrgVihzAuzGrpQyA6ORNI+6NuexSUtPzzFiifCs3vURzZchB+lew8aldEJYjFazQhXUrbQpJXLO3b
;isSRUKfOzTGmboOyN9s2DCaNK+SpUBIF388pATJTcJfPTZc/NmYVj65vsy3QWLfv3d2XoG+oxsdKW1q
;WZUGr/eOSfX6fxfCKVYMSodZisRTWej/cgfD/IPG9pOmrdgortsPdS7h4n4jAd1tBjNIkjDUwj2SuxB
;7TtJdaAgIPqK2jGy1Xh1vG1QpH9lUifAc9qiyrDZDKQ8PYXcMYJk3uuKMxIXNiCGm8Lf4uMMoZfZ6gF
;PiGY/PVxcP7QiG5ID2hfDfYW0GJIttkPr82w/tamQLO+O+ld8rl3QgQxDl3Fb1XKBCCfB+exqA/xrB4
;L8klCHG499iikk5KD4aLq6YkDOXeJDqznfi5vP6e/j9CuMvlc54CSbTVyeq+HUCi7SHjsFw7owQfYrx
;IYqajzlnPKDL8OTSnsw7GZxXhlHKnhoAjI+kI1BsLroWEQzu3f28O6M+1gFtzD/U8oMz260FoUJVhL1
;YfEZkru4679sEY8OLRGvAAE0hdYYHt6t6bKOw3A5k9LFbm7tDpYur2dfmXZsFgGjRTeofxXRwFAgjha
;W6b11eJuDbYVwfdIAbOr9OIociuxyilp7GntNNxUqz1xbZBx8xjGR40ELS2n4jRG6y1NzYhE1LwmPNE
;vYBULG02iav9XQXy8EDrj/xHfNEJ6a2KkZow3Wq0hxSOHlB8nrNFeSm9XZg0Q0tl608tglizxQY3dFK
;9et5V9lJLLTvtv+goxxEEck6KARIOGQj8t9o9YyU0e34Z/Ndxzhb4Rkw5HC4SbAwfKgquJkUIy/SZ7E
;2+PhQG/qoO918cANLkeZRz7T8VhKuGdQp0vtuhUppHqHJKTmkyIV2C6titzBqQYhEhYxasXPJ7vBrF6
;wLrW+VH2eB9E+j1aPH5dBUTncvfPptmFsRpCP0EZ04Td7zvKsN9EvFMhsgYcWwaAJJdt+UzPxFKL0pi
;CPBt61+IGexO/XC/GkFcvRNtaJwDXSyn1NfYKJxPsJRGYSdAEMBFh4en8C+zd95/4AgsAv4TOUGho9m
;6xB1iJrJbUd4L/Ki+G+AxaO9bmHkgj96o52SR6scAQC8Qt05zY7+ZGChXcy+csp3ABAiPVvu3Oc82DC
;zdudZcgFso3vRqQ9Lrm6f7qA6obCY1ngBYiqndkwASCIczQBL94N2ulVkoie07wqryavV1YHErotVNa
;Fi0AVKZF9uKeg9TaTK+0/mfWhK73SfuFP7rinboRfP4FOG0nQqI2DU8QKASz+wQbTiplsqZ1riQV1kF
;O+hhlvx1S1U/dIr7oZH1mj8WAu5Qa+sRW3I5L8GoczECgFcEWKFRQNE6bDymeXtxfx+eZg0P69vhLV7
;vcsm/QmSfAoly2XR9SiwJQplYGMdRz+BZupjepk7aPnREHjItg0LjSubJ+yJC7kP2sYnwUG+QS5xee/
;jPBJb4R7S1WXHUgJdIoJlXHn5HfsqQCPB8hWk2TbMI6+IQBVqnYyZ/nylFL8lCit+yfqB7Img3uoe+i
;DHxWxGSRqVO3sYcLyyhrwxbWeNnmnMhXy7fH+lcitH78dH6nA4U9acvimsd7HcS8kea+0NPfbLptpY0
;LCP57v38DJMmTjUdsoKuLzKI6c80GbJh4yFgajBjf1ty8rfb8CEzfmBo2gn6tfQNLKuNqlEcoBIX+Td
;cKr4qKBr2myOVUxGdvoct/817Kjvx8KmOdcgRSOWjT6H2lSrADDOxb5AjkDuB1W0yoY/60ovIw6pneD
;O1HyZZqVXO3yx84yl7weq+T9QGRLVvrIkv+7i53Kdynue0a/yqXd52bh6w2enUDixFcVjldSZCftpuy
;T1/M/PmF5yJvKHznz3Qt4b98WWr8wnQRF5zKuB+DMBcVcA0SnqtnNmtK8uCSMcjiWPX9mrH+0qApbev
;21VQkVBLqBks8XME5bnu83pfX64CCcnQ3XXLpm6MTlQxjwO9X8Rnes1BTHlOzjEuZ7QdaJuNbFB0Va9
;MS/6TT+mz14PLw+QHChYdrWaDk8zXctwGf8340Bz0+WNf1HBN51pnucDOxFff0M2sTpzJ8ONf/U+jyC
;oiyEHyyA3klGVWwM7PD6/eqmqSZYHmnSBeT2PnVjzIumLl2rccHHUXitT/l8NEw13onpWnlvnltdOTv
;JSJcbji+IsS9VF21VfKlmhbD81AKbXuagXcx5A39fxmR8tSv5gYpMPkA7DQv86BWHgALenMBTggeKAq
;7Kibor5cZ5BNZZTUuzxI/OJ0FMn2f8MJwuy+lLauqx7auLBn16a8tqT05etFiKjc6pR3a02Dv08MzxF
;WkJSlSjXnFGvkiN9KITPJVO9A7XcMmarF6WPX0IroRjwsWuJr/6nzbDy0A6Zwh6t69yP76j5w54my1I
;XNUcArtQjZQArkj0aU6KHL9HpER6BX82jr/nDnifpp0zqOr6WAKln+LxqWQ+5fk5EYRkE0yZBO41GHd
;tPdYOhXdaR4bgNrGk65TjAKnZCGPDC2CkWDak8nyKGQwneR/K3l7T6iqJpPepmoOkE/9HB7WVAGRdvy
;3N70Nof5PlY1qXeJ2b3wpKs7llermAsAhTjfBxc2nYZtCunWceeJstSP2XnAK7XGZBbb0cus60emASC
;0sRbaDu9NcXWBxVWwfw9Lc9mY7SEwc8BMOT+1RDimEko0zw5F0PGujBrDk8b+Q5J5M96P0I7bpwEfNL
;YCdbdtNVGrJtq8zT1CSg/jMkN5kxnLZwNrWlC5zq9ZBM320N+2FUWF7unT0TDpldqa/DzMO832j9YKY
;LyilwfIuJw4/VA/d3OsaMY+0pldA2YNyTaAnr7yAFqrGuR4/P7pzpMQso5ZwwwODyh6+vDdhoNHgOTJ
;7A/nAdbaMlk8lC6wOu/iRDKqmITROHGmB2L7SvCOTDNIhEbnNjQFJVtKzKwQ8wbUCUb5U2pG1upM4Nt
;/4VZBxUV/pxIgHWhfxG+Rd0t5RHdiY0OZMWg1zW82geIVUjY60mHHPAFuWqBkdRQjx19BaDHNdAE1Tk
;6z4ZlbbvatHBkAhwb4V06bEsaJuwoD/VAhqygvKzeuOOBbLal7pjuOUUNG50ITgEo5P9WbDt/XBmFfp
;RO4CpGT1hFcH0BeaoDlImfho1rwimCMiACIp6p/aR1DC9D+RFexKEHhQjMWlxW13T4Q4FTXO1lvJ1cC
;fqPUxRp+78PXmRBTTJJFM1Qn8/t4g4nvzQofaZqC+cIcOrEPthsMl27NrWCNuk4QapMQ8hK2o9yLmkw
;uffX3QEVAlh6zQlcO/I0zRhXHmtFytA+ySFEBiTxZOMH27P0tBTeYHnJ+oDEMpU/IhYaA1ZBvADjtxZ
;xd1G74RCGraRGbWAZuzXQBT60wWRpyFXj0pOI1qKQQIA6i0ToYV/urKHki8r2rp7XYko4HHFAYTTQGZ
;ITG09WZoRA4HntmHE1UBC4FshiHeQUhKYYyJOygq+jjhD6Nim2wpqbVvBZbkUHi6PC4tSWO7FYkpQfu
;xgMMkhLqAaHXsaN+Si1QQY0sHvJ9q2hh0ZqcM3GhFxGfmOVz4k1b2CMkFcgpUox5fN1uV5IUoeFQ/lf
;zl1BHeQTJBfHoxskf5sC2crOOJuprf4Y/6JglhWPHpChYEK4ZcnWWY27V1M++Vmx5QFnNjRGFMWD54v
;lYlRbH7Wa0pt33R8MwFZeuFheZejnv4/nENU8Ra2U8FD9chXEpZes0qIw+C39BJkjcKEq2jofnCr/bd
;JMn+uUzmrgB0/ul1+0I8Fg/npsGOF/288KN/2XGvpUD+pcYb3IVxp6ZlN42reRDBVR5gDFIUB22G3lL
;EudWLnXQVRVsiCRsX/rqdiu4VuGdljdcSn5Q1tHgQoThPGeVc3eD4LOgQ8M+L0CTooreOF9c9D97Q15
;XrfQhGYKoDwGXxWjAVhB2w9nuS+7LdLPhQ647gFzWempZsRQSBtqoIWSXyVt3RRKvqGoAVjjtBawtzA
;aQZtV1+L87EOBi0UN+CU6SkcV/bt5dLN47fyB5YMU8NBUsTKB86sIWE9I8M14VMnAX6eHgUGwZxYkag
;yvC6hRGdBiJ6OkncHwhfjNl7K35q4MFr9OQ7rK5kKI0OGuJWC/kUbALy2melCbGLU0J/vBQs4TJiMMx
;EaK5atzH6UgHwchq4HTTyk2NTISSi20jt+kXVLmiHlMiqwAHP45X/Ckm5EHhsmxub8TmLNTcBghQHcb
;unzg6BDds5XUmQn3ZzQ6Y9kH37a+2s/tWmAvvACA2ZAUymr4rScWtpJqmm3IroGtuBA3NfOZa14iNlo
;YQwXtWl/l/w9vuMT9k2QESJ+vBijpIcP2UV1uSU0FTsbuteKP9uJ22Bz19/iukzPvJSqQRarjUnST41
;eB4qC2XKIzm8NUP9KNtOnLYWVdfp67//uF/3o6XYZ3Pb+1xxxuRk6eNM3BcpiTbkGwksMa7x6O5GNh6
;6N1KM8vibtbEboIVMuVgoMHx/72ImBCy4KPrdGDSwUYY7tdxfLueW1tfV3gdw2gpFcHa2QZXC1s3STA
;zsMNsh4tUg5R97+YsPYGj2DhYQLFczofE1ZvKWDcMqD0BNBN81E1KfxQAUk497aPkfXMEHw2uBWeK+K
;k8W2naHUtdfIaKLyUPYG8/LDyBo5F9FgSWXq4eZ+ubqzpUacQZTVVngbojFRl7dCZDUN7Q5A9wZXx7r
;gRn65vKWTeF6HwsNBPotC4pHnhlIE1J6Mz/In9qeXfCaWfqm8pZNwyo9X80C+jVTSsYd2U+SU/g1/gS
;eFt2cN1gE7TypDdSfqh9PzQT6NVNwzsUGFIsPeDA8hh6YW1/2mwIhcSjN0Rp3CNQQWeNp01LexQAUiw
;9COORbxYEH3/NZgKH/rg4Q2XHEmBEYYG7OUp6FABSLD2BKtF9BgQfHs9mBI73rytWeMETUWtnh6VNS3
;sUAFIsPQjjkWUWBB9/zWYCh/64OENlxxJgQHyYij4/CXJhMUk9gKORfRYEH5fuBXTrm8o4VG/NEFpGc
;py8IiQkYHIzWljto5B9FgQfHt6SJ+uyylk3bd4TVlBMnKcsPB54XzpDUeTQzg13cHdBw2QftPevN1B4
;wCNZVXCcuj9KehQAUiw9gcrRfT8EHx7PcwiC/5UtRW3eGVNre4e5KDkkZGEmRGLswukieGtAbMtxFYr
;4vjBYYqh9PzQT6NVNSnsUE1IsPeDb+A5JZ3Bz3mAJmPq+MFhi9wQ/NRPo1U1Ke01AUj89gaPwBX93QH
;3BaBeO9bk4Q2XHEmBNE+nVTUp7FAALbD2To5F9dGtrasFoOIf6szxFU9sMWlF36NRNSnsUAFICfYGzk
;X0WZnBq2moKtO+iMFRnxhlMRxPpT9TT4o2ZmxM9n6ORfXR2dnrJbAmMxK8hQ37dD1ZbfbeiJC4PfF8g
;TUnozJF8FgQfHq6FBqub2Fk3DMoOVlB0gbsqFR11bg1fTeTG9X0XBB8ergVnstvKTTcMqB5NXXePvCM
;tJHJpKklZ3sL/GnphHx+uBWfrmyo5dwyxfD80cZq8KS0SemcNSlHuwuUYclt+bMtkOIbypFk2DKh8Pz
;QT3JVNW3sUADBeVOXE+BNxW3lywXIViu+vWTYMqHw/NBOxlU1SexQAMF5U5cT4E3FbbHbLaQuYxKw1W
;HvaHUtRE+nVTUp7FAALbD2Uo5F9dHZ2eslsCYzEuTFSYMQPYEdjjbApSnoUAFIsPYGd0X0YBB8ezHcO
;j/yjN1BT2wxaUXfo1E1KexQAUgh9gYKRfRZmbXfKYg6F/JUqQnzYE01AdoyKLDgedV8gTUnozM4Qd3w
;fH64FZ+ubyhB3DKd8PzRxmrwgFRd9bjdzXu7W/wkWBR8ergVn64+KWSUMqHxcW3KboSQkHEtkO19J4M
;3yGCcEHh6uBWfrmypmNx6ofD9XfImmOSMVc182RU71wv8eczYfH64FZ+ubyrkIDLl8PzRwh7ohFRZ9b
;g1KWOTH4xxiYR8frgVn65vKfXcMu3w/NHCHuiEVFn1uDUBc+MbjImJtcnuuBGfrm8pZNxjofCI0E+ix
;KCQIcV8hWU3xzOMJSW1xeMdpC7T0vy1bZcYZTDQS6NVNSnsUAFIsIIGjkRlzamx78XYSm+ulK0NTwRJ
;RUWG3sDU6GnpzO0NTgaIL5I+dhodHOmfwm8pZU2nGD1prYJ2lPSUJYF8+TUTk0eIidGtrasFoZ+qbyl
;k3DKh8PzQA6NVNLh56czdzTvTT4RJkcEBt3mACj5vLWTcMqHw/ClPozE1Ke3BpP0lT8sr+E0l8ZkHNa
;gqb/qQqVnjBE1E0EujVTUp7FABSLCOBo5EZf2l6cN1sCIXEsiBob8cRT1F9m7Q5IxR6XzpDUeSjkH0W
;BB8ergVn65TKWTdp0AhNQXeNpxIrFnt1PFg9gKORfRYEH+6RBXXrm8o8T3jaCVtRYbe6KywIcXQNVAy
;BopF9FgQfHpdFZ/mbyllSdNwOSlB2mooiLB1nZSZzRbOjkH0WBB8ergVn64nKWTdp0AhNQXeNpxIlHX
;JzN1hi+ZCRfBYEHx6uBWfrm9hZNwzNBEtGZoywPxUUcmYhSUne2qB9FwQfHq4FZ+ubyks3DKgZR0Bhn
;bEoOCR7ZjRfWPX86E8WBR8ergVn65vKWSUMqHxaTGeaoCkvCUtvNEpO5NfOBCUEHh6uBWfrm8pZNz+o
;fD9Ra5ynOC4eZl8hW1T1wPkidWtwcsdrALTzrzhDedgjXlBlibsuLyRgZT9cWPPC5QhkYS4erwVn65v
;KWV5MqE8/NBONrTk4DnBlIHNO9srlHn5bfHHBaQ6F/JUxUm3cCU9rcoyjLCQYcV8mSVDxxuMcYnFte5
;wFZuubylk3DME8Px8T6NUoMg9mdTZJT97Q5hRiZ3dBzWoIh/KkPmhkzR1LQWO3tCk8GnpjN3NJ6M70f
;RcEHx6uBWev28pHNwyoGUdAYZ2xKDgkZ3c7WF7p/PISeWh2cMlaF4rpoQZPDKl8PzQT6FUPCnsKAFIs
;WPnX4whyYW1B3XIOn/iiBlRjxxBWWnS3pSw4EEt5Ui09gaORfSZvXx6KBWfr/rItRXnMGU1rYJ+8OSk
;TS2M9Q1HozfYiYmFybst3Bp/uuDwGDKl8PzQT6FUrCnswAFIsWPnX4whyYW1B3XIOn/iiBlRjxxBWWn
;S3oSgnC3FyM1hI88ajfRcEHx6uBeeN28p8NwyoGUdAYZ2xKDgkZ3c7WF7p/OMYZXB+bNpaApPvuDhob
;cUTSlpn2tVMSnsUAFIsPYGjj30WBHpm2ncSj/64BkR7wQhcXEyasD4+GmZ0DV9N5Mb1TxYFHx6uBWfr
;r4pZFQyofFpMZ5qgKS8JS3MlRUniy84Pc3Btf81xDoT1lThaY90SSwYT6dVNSnsUAHZsPaCjkX1zfGt
;s22ECmcS5Ll54yxRgRnacpywpD31vPHNO8cb0GSQEHh6uBWfrm/4ZNwOofD9Ra5ynODkSe24NW1Tl1/
;l9F56Ghzec/jKkykg3DKgZR0BhnaYkJRVLdztISen8o30XnoaHN5z+MqTKSjcMqBpeWkyKuSQ6JGRhJ
;19Y3s7iGHUEHh6uBWfr27UZNx6ofD9ScoaKLyYSZF8mRE/k0PkSemAfH64FZ+ubymd3DKd8PzR1ibsS
;LA54bA1EWOjE+QkWBR8ergVn63v1WTkMqHxZVX23szgmF0tsM1VY86OQfRYEHx6uBSfrkspZN2rJEmB
;HY42wKUp6FABSLD2B+tF9GwQfHshkCbToujxSaPcRXkwT6dVNSnsUAAtsPZCjkX1wbXN/w2AJn8SuMF
;ZhzQhaRhPp1U1KexQArhM9k6ORfXBtc3/DYAmfxK4wVmHNCFpGIejUTUp7FABS0AKBsZF9FmJ2cs9oA
;oXvlT1ebcUZS1Fh29VMSnsUAFIsPYGjg30WBHl3wmQKjvW+BlNlyRFaQHaa4U1LexQAUiw9gaORcBYE
;H3jHaQaG/qQtaGrEE0g0EujVTUp7FFkSLDOBo5Ebf2h+c8trE7T9pjZAPah9PzQT6NVNEzsUDlIsPef
;K/Rx7YXFq8WMLhOz4WTYMqHw/NJO+lU1HexQANEVR4M70E2Jba2feYGfqm8pZNwyofH80HejVTSwSeG
;E/SVP1/OUEZmEtHq8FZ+ubylk3TKhwPzQTjrwhJiRwZTxfVPXakXwWBB8ergVzq5vGWTcMzhVTWEyHo
;yg4F3VwUi09gaORfRY6Xx6PBWfr/aMrRHj3EF5NdpqKKDIPZnUhRVLv/OYUcnB3QdxkE4L0ylg3DKh8
;PzRKqNVfSnsUZjteTvX8/RxvYW1B3W0Ch/e5WTYMqHw/NBPslU1kexQANEVP8tfOEXd9emzxdgiH8q4
;GXmLOFVNYTI2tOTgOZ2k9QmL2yvUJflttf9psCOuaylk3DKh8ZnQT8NVNSh19ciFYUeDa9A9JYnZyz2
;gChe+VP1tj33w+NBPo1U1KIlQAQSw9gcX4BXNgQHLPfAKZxLktVn7cI0c0EujVTUp7FFkSLC6Bo5Ebf
;3x6evFpBpL+uAZEeMkOS2tq6NRNSnsUAFJyfYGAkX0WY35u8WMOh/eVKl5izxBaa3aQoT8/CH1vPHNP
;4Nf4EklpfmauBGfrm8pZN2XofBw0E+iyLDokcmk+QGLyyv8aemFAe9ZxFZ7oozZZU9odS118t7gkJHs
;VAFIsPYEj0T0WGx8ermIGm8SsMFtg9w9WWnSEsBIvA2ByJ19U7s3ODmZhenquBGfrm8pZN0jofDE0E+
;iyLDokcmk+QGLy0/QYcgQeHq4FZ+ubgxk3HKh8P1Nwh7EoFQ9tcDdzVO/H9AUWBR8ergVn65vKWTgMq
;HxYWHyKtCEVFHJmIUlJ3tuRfBYEHx6uBWfrm8VZNwzPEFBWcoSKIiwdZ2Umc0SBopF9FgQfHq4FZ+Sb
;yllQYMceXlhMh7MrOR5gXygsPIGjkX0WBB8erhBn65uiPFZ43QxgU3CHsSgVCHFxJ0lT4saRfBYEHx6
;uBWfrm+pZNwzBElldf4SKLC4aZHQ7Wljeyv8bf2hzQdxkE4L0lTRWdKh9PzQT6NVNdDsUIFIsPejN9x
;R6aEB/ymQXn/K8PGhlxhpWWH+3pyw+EntfP0VTgaKRfRYEHx66RWf0m8pZXmLOFVNYTImxLDoPfXY3c
;1TvzfQPSWFnbs9rFIL0pFk2ljHlpq2KAepNXHsUADtCW+jP/SJ3YH5u2mwRjsSmOE5p2g8/NRPo1U1K
;ewBAUjY9gaP4E3Btc3LxZAOK674wQWn3DlpQZouhJCUVZwBTLD2Bo5F9FkQfB64FZ4L1rDBbYPcdW1V
;jnLw7LyRjaTZYVd7O+BMWBR8ergVn65OKWSsMqHxWWnWBuSEVHmx0IFlO6Mz/ImFte2rGWhWK76M2Nw
;2ofD80E+iMDUpvFABSRVPnyv0RSWJ2cs9oAoXvlT9bY998PjQT6NVNSiJUAF0sPYHK/xt/aHNBwWMBm
;P6+Bk8MqXw/NBPo1U1KexsAUixU78X4EXpbcHjIdgKfxLNZNgyofD80E+jVTUd7FAA7Qlvoz/0iZWx6
;csJ2Z+qbylk3DKh8PzQP6NVNIxVyaT5AYvLT8A9lYUB9wWgFgvWvBltt0RlNRxPp1U1KexQAohM9jaO
;RfX9qeXfCaTiY6688UwypfD80E+jVCQp7GABSLFTv0PQJJltsbstgA+uaylk3DKh8AXQT5NVNShJ6cz
;dYRd7Q4RhzYB8frgVn65vKHXcMuHw/NHqauiMjFXNfNEBS9tHwCXMEHh6uBWfrm94ZNwGofD9dYYe7J
;CQcS3MiSVjlo5B9FgQfHq4hJ+uQylk3Zs0OVGtxh6E5JRYUAVIsPYGjkWlWBAwergUNjumhBlVj3AhQ
;WUyboD8sGndlUi09gaORfRYQXx6lBWfr8a8rXFPBElldf4TVTEp7FABSLCnBo4F9FgR1e9xuOIL1uTx
;DU8ESUVFh6NRNSnsUAFI4fYGzkX0WbnpsxVoOheivLWhj3QhaRhPp1U1KexQAWmw9i6ORfXxhbXXxdR
;WC9b5ZNgyofD80E+iVTUJ7FAA4SU/q/OUSZgQeHq4FZ+ub3hk3HKh8P152mr4SPhRkXyFZT+fC8hgWB
;R8ergVn64+KWTwMqHxVUWGDijk4GmJlPiw858X3G3BiFV6uCWfrm6Y4TmnaI1dReo+9OUp6jpnLtaQY
;aq59MAQfHsJkHo7plTFSZc8US2tyjLQ9PhJiZQ1BXPn8+Rh/Y3dq8XcGn/KlWTYMqHw/NBOmlU1sexQ
;APk1E5NHOFXNteHbaWgaP+rotXnrNI1Jdfbe9KCMcfHQNXlz1yv59FwQfHq4FZ9Lbyno3DKgQXk12mo
;olLxJzaCZzXOXC4Ql/cnpB3WQKm/ejN1BT2whaRBPprlnkPPV61hM9qqORfXplZnvcWg+O8q0xQ1PJG
;F5EZ4GjKBUIYGUiQ0vk0c4feXBrccNaFYrvozY3Dah8PzQT6JwNSlMUAFJAXPjG4yJ+YXZ5xnE4iv+r
;KUNl3hlgR2eNpSI8HmZfJkNN3tHwCX9rHx+uBWfrm8oQdwy/fD80f4msKDgkeWUgS1jewP0SZWFAeM9
;mApiby1k3DKh8PzQT6M1NSnt4YStJT97Q9Bp7YXFq8WkChfy+MWhhwRI/NemWv/E+6Jw/Ujg9gaP9HG
;9hbUHdbQKH97kGWHrNDlNVY+jUTUp7FABSZX2BtpF9Fmh+Z8t3OJjvqytDfMcVUUBMnKw9L3sVAFIsP
;YGjmT0WDx8ermsIkeGmPGh/wQZaNBLo1U3q4o3ZbSwygaOREnRuen3aWgSO9b48RVPQfD40E+jVTUqL
;qwBdLD2BzPMXc2drQc1gCZ/+uAZODKl8PzQT6NW99XsfAFIsUuPJ9B5iW2x3wG5n6pvKWTcMqHw/NAL
;o1U0lFG5lDV9V6Mb9GUllcXnCYGfqm8pZNwyoQn80BejVTSUUbmUNX1Xoxv0ZSWh2cMtaBITupC03Da
;h8PzQT6CVySmkUAFJDUvvGzg5+bXpyyloIjf25PEMMqXw/NBPo1UUKewEAUixS98bjFXdqeEHdbQKH9
;7kGVmLPEFo0EujVTUp7FD4SLCSBo5ESYGFtds9rALToojxbYNsjWVV9t6Y9Lx5wAFMsPYGjkX1PRB8G
;rgVnhO2vK19txhtgR3uNuSE5JHJsPVtP4Nf0fRcEHx6uBWe/28pMNwyoE0lRYYC0Iy0kZ2g3QFHy/OI
;Nc2F7Hq8FZ+ubylkTTKhwPzQTh6MoOBd1cA1ISODPkXyMnYaHN5yu1JvfWTcM2A5WWme3tyguJGBlP1
;xY88LlCGRhHx+uBWfrm0oIdwyjfD80Y5q8Iz4kZ3A3SVmBopF9FgQfHudFZ/qbyllHfsESS2tnjbg9L
;wl1dCdeWIGikX0WBB++x0Vn+ZvKWUd+wRJLa2eNuD0vCXV0J15Ys6OQfRYEHx6ubCfricpZN3zaFVFA
;TJywIDoeZmEmWU/kkJF8FgQfHq4FZ+ub2Fk3DNgOVlpnt6EoJwtxcjNYSPPGpX0XBB8ergVn65vKUjc
;MqA5eUme3tCQ4HHVwUi2nGDoI5I/NIB6xBWfr6as/Q1PKHUxRTI2tOTgOZ2k9QmL2yvUJflttf9psCO
;uaylk3DKh8VnQT/tVNSgl1ZiZzX+DQ9CJ/anl3wmk4ivWtNVIMqXw/NBPo1U1KewIAUixP4MXlInRlb
;HvxbAmN8qY1aH7JCFZbE+nVTUp7FIASbD2Ro5F9ZGV5avFnBpj+lTVWdc0OTDQS6NVNSnsUABIsLoGj
;kQ93YmtBzGQUjsSmMFlp3xVbQHvo1NfT4o2Zy8UCgayRfRZ2fnjaWgWK6K8GRHzNGVs0EujVTUp7FCA
;SLC6Bo5EPd2JrQcxkFI7EvjFeb8MSWkdg6NRNSnsUAFLMAoGHkX0Wdn542loOhe+vK1FtyxlgUWucpz
;g5EntuDVtU5df5ImRla3fBBWbrm8pZN8zKPD8vE+jVPysdYF87Qknk0fccdWFAd8BjDof3lThZa8QZP
;zUT6NVNSvtCQFI3PYGj4xxwcEB3wHECmf2rOlJTwRJZXX+Eij8rD31vUi09gaORfRZNXx67BWfr6as/
;Q1PBEktRYY60Li8keGErSU/yo5B9FgQfHq71WOuDylk3fskaS2t6hqEoOB11YzdzUejN9Ap/YGt2rgR
;U2Kj5agTvl3wpNBPopywsD0tpPFhY88XwHnNbbG7PZg6F/MpYNwyofD8049fVWUp7FHIzSkneyv8Jc3
;Z5f81gOJjrrzxTDKl8PzQT6NVzCnsMAFIsT+DF5SJ/amt73GMGiP6VLV9lyxdRUWCb1UwYwwqFuX3lv
;qOAfRYEbX/IcTiH8qQ8aH/YHVxdfY/VTEp7FABSLDXBo5p9FgRtf8hxOIb6uD5eYqh9PzQT6NVNXjsU
;L1IsPfPC9wlJa2l73HcOj/6VP15+2whgWHKRsD8VHmx0IFlO6Mz/ImFte2rGWhWK76M2Nw2ofD80E+i
;MDUpmFABSXlzn184SYGFtbMdhArT8pjZVbcQjUFJ1m7A5FQEUAci1pBg6CLSpBD0ergUViv2+BkR52h
;peV3a3sDU+CWFzO0NT3tT4GWJsQGzPcQ6Em8tZNwyofD9tU+jDTUp7ZmE0WGLy1uMbd2d6QchsC4fEu
;DhDaah9PzQT6NUNHzsUFVIsPfPC9wlJd2psyGQEjsSsNVh72h1LURPp1U1KexSANGw9mKORfWRleWrx
;dhKZ/as6UlPBElldf4SKLCQceGVSLT2Bo5F9FjpfHr0FZ+vpqz9DU9sJTVJyi7ASJhptZSBfPYCjkX0
;WBB8e7gVx65vKK1Zq3CNMQWGOtC4vJHhpPElK6MflFRYFhYc3nP5yQvVZIwyofE1VdZyKPj8JcmExSW
;Ly0/Aef2p4Hq8PsEjr91PgM6huPzQTmrQrPiRndSBKXOLGzg5mYXp6rgRn65vKWTdC6HwpNBPopywsD
;0tzJ15b4MD0ImJsdn3FawKY6MpYHlAnvsoc39fVX0p7FHI3X0ng0eUicnF+cvF2F47+rlk2DKh8PzQT
;3JVNXnsUACBJTvXC4wlJYWdq3GQ4ivalLFl4qH0/NBPo1U1KexQWUiw988biCXd2a0HLfROZ+pU4WmP
;dEktrIejUTUp7FABSLD2BupF9FnZ6bdpkFZ/EryFDfskjW0FyhIosJxRhbiYsPIGjkX0WBB8erghn65
;u4PER4yQ5La2CYsCguexUAUiw9gaOoPRYLHx6udwKY76srQ1PbDFpRd7fnTUt7FABSLD2445FsFgQfb
;MtxFYr4vjBYYvcdUltmhqFNS3sUAFIsPZXjkW4WBB9sy3EVivi+MFhi9x1SW2aGoRJ4exUAUiw9gaOF
;PRYSHx6udwKf6as6Q2XHEmBQZom5EisWe3U8WD2Ao5F9FgQfOu4FcuubyitSeNodXEB6h7sSLg51bA1
;fTeTG9X0XBB8ergVn39vKfjcMqA5aQGGJtjkjFHpfN0Jc48/0Inlxa23HYQK0+aUtQ2PFI1NVao2nPk
;p6FABSLD2Bo9F9MgQfHtxgE5n6qS1eY8YjWlpyirkoFRRhdCFFWeT85RJmW3N/12AVmJvLWTcMqHw/N
;FPo201Ke2ZlJl5c4tf4Enhbd3HeBWbYqPlqBD97Qz8kE+jVPy8PZmExWFTuzc4VeXRALK4EVNio+WoE
;35d8KjQT6KcoPgl1YyZFUu/8/BR4W2tsz3MCh5vLagQ/m08M1yzowk1Ke2ZlJl5c4tf4EnhbcnfAWhO
;Z+rw8W1OafD4HINvmfnmYKwBOLD2B0fQJZGV8asdqCbT2ozdeYckQYFFrnKc4ORJ7blItRpUN1pxskC
;AesAVn6+mvLUVtywhWW323uCQkEnlhPnNY+dfjCGVtcHDxN2fq4N73cO3S6AA0A+jVTTgeYHIzT0noz
;P8iZXR6e8oFZuubylk3DOE8PyYT6NU/Lw9mYTFYVO7Nzg5mYXp68Tdn6pvKWTcMqDV/NAno1U04HmBy
;M09J6Mz/ImxscG7xZgiF/6MtXmPGTT81E+jVTUp75D9SNj2Bo+MYYnZ+fdpsCIXEsDFYfPcfUFp3gaE
;kJRUmAFMsPYGjkX3mOx8NrgVnmP6pNllo9xBeTXaaijcVF31mJiw8gaORfRYEHx6uDGfrm7kyXn7cI1
;hVY+jUTUp7FABSJH2Bs5F9Fnd0d9xxOIfypDxob8cJUUAT6dVNSnsUAKITPZWjkX1lb3Zs2loKgvWjN
;FZg9xBaWnScvU1LexQAUiz94+ORdhYEH23FbBWfxLkpUmnMfD40E+jVTUpPVABILD2B0P0SYVt7cdlr
;OI3yuCpDU84ZSGt/iawoOAgUAVIsPYGjkY0pBAgergUUhvqmNWhqzR1LQWGNphIuEnVtN1hY86OQfRY
;EHx6uISfrh8pZN3/FHVNYTI6wLD4OZmUhc1Xuz/Qicm1+c8txApmby1k3DKh8PyhT6M5NSntnbTNAUd
;7F9BxicW173VoOhf2jNVtT2h1LXXzo1E1KexQAUnV9gbmRfRZ3cn/CaTiN/qstQn7ND2BHY42wKRUJd
;XQ7Qz2Ao5F9FgQfV+4FReubyipYYMEYYFZ8nKEiJyRxeCZeSPLK/hNJc3Z62m04mfq+MFgMqXw/NBPo
;1RQKew4AUixO7s/4GUlmcGraagq0/aM1VmHNEktrdYS6Okp6FABSLD2B+tF9BAQfHt1qC4L/lTtYeNw
;TUmt/iawoOHsVAFIsPYHjHj0WFh8ernYIh/KuBlVj3AhQWUybpSgvHxQBUiw9gaOROVYECR6uBRSE96
;M9aGXGGlZYf7ewNToaenM7Q1OBopF9FgQfHq4FZ/ibyllEY8QVW2t6hrMkJhdLczpJUe3QkXwWBB8er
;gVn65vcWTcM2xNTXXe3vCMsEnhsDVtU5df5InttcR6vBWfrm8pZNwyoaT80E5u6ISMfS2wzVVjz/OUV
;f2d0cMt2FOua+WoEP5tP3AsT99VNSgh7bDtIYvXM4SJzfGts23YOhPWVLl5o3BRgRnKcvCJKehQAUiw
;9gfrRfQEEHx7daguC/5UtWHz3GlZYcoWwIz4kcmw9Wz2Ao5F9FgQfR+4FaOubyipYYMEYYEB8mIohKw
;JxclItPYGjkX0WHF8eoQVn6+ilNV5o9whQREybpSgvHxQBUiw9gaOROVYEER6uBRSb7rgqaGHJBEhdd
;5y9TUt7FABSLD1hnJFcFgQfbdt1F4TpvgZWaMkMS11ljYokJB19bD5zT+DX+BJJaX5mrgRn65vKWTdI
;6HweNBPopjg6C3tyJnNc5cLhCX9yekHHawGC96YGRW3cFVBrfoG7TUt7FABSLD2v45FdFgQfbdt1F4T
;pvgZWaMkMS11ljYokJBVxcg1JRfHC/w5/a3Eer5/+cgJTwO4zqGs/NBOboD06FGZ0DU1Z4NPlFGBhQH
;LPfAKZ6MpYNwyofD80B6jVVkp7FHMnXE3u0eUid2B+btpsEY7EuDxTecsIVlt9m9VMSnsUAFIsKcGji
;30WBGxr3nUIme+VOFNt2AhWQna3oiQuD3xfP0VTgaKRfRYEHx6mRWfmm8pZRHnYDFBGZ7e0Iy0XcQBT
;LD2Bo5F9WEQfDa4FZ5juuilYftwjXVVgjYohKwJxciEsPIGjkX0WBB9erhxn65u5LEd8xw5La3GJpig
;VF3V5N15O3tDhGHNgHx+uBWfrm8pndwy2fD80YJ2lPSUJYF8xQ1PvxvIJf2txQdZ8OI/yuS1WYssZPz
;WJcUzU0+KtP1I7PYGj4ghmdHBs2loDjvW5PGhqwRBTa2GJoShKehQAUiw9gffRfQUEHx7dcBeb9Lgta
;GjNEkxRTIS0NC8JFAFSLD2Bo5F9FgQKHq4FFJ7rujZFePcaVlhyhbAjPiRybD1bPYCjkX0WBB9H7gV2
;65vKKkJ82BNNQEyOvCEmJGZhJkk9gKORfRYEHyDuBXDrm8oqQnzYE01ATIG7KyMXeF89WUntyv8YZQQ
;eHq4FZ+ubylk3H6h8P0dmmKUiOA9LcDtAUeDRzg5/fnoerwVn65vKWSdMqFc/NBOboD06FGZ0DV9Q4M
;/9InBocH/aYAO0/a84Q3naGUxra5GKKDILdW4hRVLvo5B9FgQfHq71WOuWylk3f90MT1thnIo+Oh5xZ
;FItPYGjkX2WQl8evQVn6+i/KUdj2ghgTGq3sSQ5D3VuMUk9gG5dsdrI0/KRBXPrm8oqQnzYE01ATJCs
;Ei8DZGE8X1TuzZF8jJ2GhzecrtSb2Fk3DNsJT0R8mqESMCRwaSFYXO/A9H0XNywtnTZUKKTKRTcMqA9
;KRGOHpzkVAUtvNEpO5NfOGXlzcUHCZB6O6blZNgyofD80ExjqTVB7FAAhWU3xzOMJSX5AcchjFI7vlS
;xHU8QdRlFhm9VMSnsUAFIszb6ju30WBGxr3GMGiP6VKlhgwRhgVnycoSInJHF4Jl5I8sr+E0lzdnrab
;TiZ+r4wWAypfD80E+jVFAp7CQBSLE700fccdWFAbcFpDo/EqDZDeMcRYFJ/h6I/Kw9xAFMsPYGjkX1P
;RB8FrgVnmO64P1ZvzSNMW3+BsRIoFGB0PUFi7cLoGGR3Hx+uBWfrm8qpCAyyfD80YJ2nKysYcV8hQ1H
;ox84feXBrccNaFJv+rz03Dah8PzQT6OsNSlwUAFJfSPPF8B5zW2xxwmwDtO+lKWhp0AhNQWCBuiMVDH
;1kJkRi88LlFHkEHh6uBWfrm5MZNxaofD9HZpqzLCkeS3M9QFTl/OUSZlt5csFyFYrvr1k2DKh8PzRTs
;JVNUnsUACFZT+fC8hhJd3Byx2E4n/S6Bltt0RlNRxPp1U1KexQAohM9lqORfWVxbXjPZgK06KU1Xmj3
;CFBETJulKC8fFAFSLD2Bo5FDVgQQHq4FE4PypAZAbcQQYEdjjbApSnoUAFIsPYGd0X0PBB8e2m0OhcS
;9OFtg9wtWUGeAij8rD31vDUFc+aOQfRYEHx6ubCfrgspZN3jAFVFrZIm5IRUMfWQmRGLzwuUUeVtyd8
;AFZuubylk3DJE8PyQT6NU5JQtLYj1YSe7Ozg5mYXp6rgRn65vKWTdC6HwzNBPooT8rDXFsDV9N5Mb1f
;RcEHx6uBee628pHNwyoCE1VZY25EjAkc2M9SFjex/gOYmVxfctaAYL1oypfDKl8PzQT6NVZCnsFAFIs
;S+TR4hR5akByz3YTtP6uMEMMqXw/NBPo6vwKex8AUixK4M/9ImVsenLCdmfqm8pZNwyofH80HejVTT0
;aeGwNWFXowPoTc3dsHq8FZ+s7U8DeM6hmPzQTn7w9LyR7dSZJT97K/w5zcEB6x3YTivWpPAYMqXw/NB
;Po1U1Kew4AUixK6NP0Inlxa3vcWg6F6K8taGjBD0tVfYuwf0p6FABSLD2Bo5F9AQQfHtlsF47EpSxDa
;dojVlpgjaESOQtxZTYdPYCjkX0WBB9Q7gVw65vKLl58zSNQQWeNpxIjFWdlJnNO8cb0GSQEHh6uBWfr
;m4QZNxmofD9DepiwEj4UY2Ugc1vo2/QZSXRwbdYFZuubylk3jOM8PyET6NU6IwtxXyZDSuTRzht/fHp
;68XUImOLKWDcMqHw/BHio1VtKexR3O1xY3tf+CnN2QHfAYw6H95UrVnjNfD40E+jVTUoiVABALD2B1P
;gNc1trcdlgFbT0rD9EadwEPzUT6NVNSnsUwFI+PYGj5hRmYUBqwXICmcSlP1F/zQhGNBLo1U1KexQAE
;iwtgaORCn90ekHaahCO6ZUqR2nNGD81E+jVTUp7XUBSPT2Bo+YUZmFAasFyApnEvDZbecUZPzUT6NVN
;Sns6QFI5PYGj5hRmYUBqwXICmcS8Nlt5xRlgWXqG1UxKexQAUiwZwaOBfRYEaHfeYDif9L08RVPfFVt
;Ae+jUTUp7FABSGH2BrJF9FnN2bstaEIr3pgZEfM0ZWzQS6NVNSnsUSRIsM4GjkQdJcG1/2GALtOi6PF
;JoqH0/NBPo1U1kOxQTUiw94MDyGHphbX/abAiFxK83Vm7EGT82E+jlTUp7dXY9RVne1+McYGFzQcZqC
;47olSlWeMAjUlVrt7koJBxgaA1KXOLX/g9JYXF/zGkC65nKWTgMqHxdRnqMsiQkHEtlPE1f7caRfxYE
;Bh6uBQWZ8q4+XmLPI1lVfbemPS8ecF83Qlzjz/R9FAQfBa4FZ4npoz1QZcYbYFJ6kLApFRp6Zz5JYuT
;N8B96YR8crwVx65vKO0VlzBtWWnS3piUvF3hzDUlT4MH9GBYGHx60BWfr+bgwWlPNBEtRYYa0IRUIfG
;U+QE7exfgPZXAfHK4FdeubyjtFZcUjVlpggbEoFR56YTBAWIGhkX01BB8ezWoGmO+jN1BTzRJeVn+Ni
;iQkHX1sPnNO6M32EXNbc3fAYFbrmcpZFAyofFxbcpuhJCQcS2U8TV/txs4UeGJ2csJaFIL1rTVSU8QV
;UVEh6NdNSnUUAFJPUu7PzhVzZXtBwmwBn5vIWTcYqHw/V3yHuSQkHEtmM0Ji6M3yD3NlbHuuB2brgMp
;ZN2/HE1NdfY+KPTgSenQhXFjkx84OemtoesFyCeuZy1kEDKh8W1F9m7ASOQ5kcD1eSd7K/xt/aHNB23
;YCtPejN1J/9xVRa3uBsiUVH3FuIUVJ+Pz2D39gHxyvBUXrm8o9UmLbGWBHZpilIjgPS2wzVVjz0M4fe
;XBrccNaAoX6qDVSDKp8PyUT6NUoJBp2bDdzSujT9CJia2h73AVl65vfWTcMzQRLUWGGtCEVCHxlPkBO
;3sX4D2VwHxyuBULrm8o8T3jaCVtRYbemOiMPd2gNT1Luz/gTcVt9e8hqFY7EuS5eeMsUPzYS6PNNSnt
;xeCZeSOXG4yJlc3ZqzW04iPSlNV5izyNXUXKcoD0VGnB2M0Je5KOTfRYkHx6uYB+f6b89Un73D0hdZ4
;u9EikUe2w7Qlreyv8cdXB2aMsFZeqb4lk3DM0ES0ZmjLA/FQhjaSZPVd7A/hJ6bXF58XUGmfCVNFh6z
;SNaWnKKuShKeRQAdiw9gcbpCWRxe3vcWhSc8r46X1PbCFBETJ+8PS8kY2E+QGL1zOYYZAQdH64KZ+ub
;rDhZU8oQVkRMjbssKBdxAFAtPZOjkX1wZXFBzWoIh/KkPmhpxh1dWHbo10xKcBQAUkpc7/z0E3dmc3v
;KBWXqm9lZNwzOHVFbdY6KKikUcGUNSVPgwf0YFgYeHrcFZ+v9oytEePcQXk12moo+Ih54bCFzWO/C8x
;FzBB0erjBn65usMEV/3CNTVWqNpxI5FHhpNnNU78X4EXpbembadxKY8qU3aHvBGEtcTJq0OSMUS2U8T
;V/txpF/FgQ/Hq4FAYLjlTFYftoVXVh2t7A1Ph56cztaWN7Q5RRiZ3d3wGJn6ZvKRDcMqBpWTEyAuj84
;EnZsN3NI78r+E0llc3LxcR6b/pU4Nw6pfCI0E+izJDIkfG8gXlTjz/QiY2p2ccBaBof3lS1OfM0jXTQ
;R6NVQSnsUZjtUYunM4w9/ZnN78XAJgvSkBlh6zQ5TVWOYsClKeRQASCw9gcX4BUlscGzcbAWH/pUsRG
;n3E09Rfbe3JD4IFAJSLCaBo5EbemtobM9xArTprypSePcbXFt3jYooJBp2bDcsP4Cjnn0WBHh/3loBg
;vemBkRkzRBTRxPq1E1TexQANU1N3sX4EXpbbHfAYguOxK8hQ37dD1ZbfejXTUpnFABSS17ux/QicG1z
;e8BkCo7ErDZFYckIYFF9ibchL3sWAFI3PYGj+BNwbXNy8TRX28S/KlJT2xNTXXe3vCMsEnhsUi48gbW
;RfRZtcXjHaQu0+q44R3jBClprdoa0LyYeFAJSLBmBo5EUeGJ2csJaBIT1qTxZeNoVXGtgh7kkLiRhcz
;dzWuDTzht/aHMerAVn85vKWV5izhVTWEyLuiMkHnd0DUlT5dP+FHhwbB6sBWfnm8pZXmLOFVNYTI68P
;zkPFAJSLCeBo5EUeGJ2csJaFIP+pjVEU90PWmt0iaUSLBJ4bFIuPIGGkX0WbXF4x2kLtO65PGhgwRJa
;R0yBuxIiEnNoDUhY79D4CW9beGzHYWfpmspDNwyoFVFHdpqhEiIedXQnXGLmwP4Zc1t6cM9nC46byFg
;3Aqh8P11hh7skJBxLZTxNX+3GkX8WBBQergUNjumhBlJiyR5TURPq1U1WexQAPk1E5NHOFXNteHbaWg
;aP+rotXnrNI1pacoq5KEp5FABJLD2Bz/AEc3ZAbcZgC4folTZFaM0OYFtjnLwgIwFxAFAtPZ2jkX17a
;3t3yGwCmcS5MVJgxA9gWXaasigVC3VyN0JJgaGRfRgEHx7AahO06KsvUlPbCF5AdujXTUpwFABSQ1L7
;xs4Ofm16csoFZeub3Fk3DMcKWkZ7ibsqFQh8ZT5ATt7G/xx0aHoerARny5vKWVh6zQ5XVX2Pij4iHnh
;sIXNb4M3ODmZhenrxYAmK+aY8Nw6ofCc0E+i6Oy8JZmk2SWLnyv0ce2FxavFgCYr5pjw3Dqh8JjQT6L
;o7LwlmaTZJYufK/Rx7YXFq8WAJivmmPAUMqn0/LhPo1T04Enp0DVxc89fiImVhbmvLawSOxKUrU2naf
;D00E+fVTUoJdWYmc1bkxuEifmtze90FZeub3lk3DNodWUBMh6MoOAl9ZDdzWO/C8xFzBB0fri1n65u4
;PEN+yR9LXXyGiiw8FH1kDVlT78byGGV3fmzXWg6FxLksR3zHDksFE+rVTWJ7FAAgSUnzwvIJf2txQc9
;zCIL/lSxZYs0fWkdgiac0FRJ6XyFZTfHM4wkkBB0erhdn65u4PEN+yR9LXXyGii4lFnZpPEs9g6ORbB
;YEH2zLcRWK+L4wWGL3GVFVcYSwTUh6FBNSLD3zxuUPd2drd8FrOI71qztbafdOPzYS6PFNSntmZSZeX
;OLX+BJ4W3pwz2cLjsSoPFFj2hlgW2acsD8VCHxlPkA9g6KRZBYEH2zLcRWK+L4wWGL3GVFVcYSwEiUO
;YHM7SFiBoZB9AAQfHtxgE5n6qS1eY8YjU1VqjacuIhp6ZzcsP4CjhH0WBG172ncGiO+jNllTxhNLa3q
;GpiQuHhQCUiwmgaORD3NwbX/NcQ6E9ZUjX2PYI1Baf5GKPiUXfWRjLD+Ao4p9FgRte9p3BojvozZZU9
;IUUERMh7shMyRnbz5FWbOjk3wWHR8ernYCn++jN1BTzQRLRmaMsD8VSUtlPE1f7caRfxYEDR6uBRSA8
;rgtaGrHDlxRTI27LCgXcQBQLD2Uo5F9ZWl+csJaAY76vixFadsjWlpyirkoSnkUAHAsPYHQ/Bx6aEB4
;y2QTnumvKmhlxhpWWH+3pyw+EntfN0Jc48/0fRQEHxKuBWeY9KYwU1PKE0tAfIXVT0t7DQBSLE7uz/g
;ZSW1xeMdpC7TuuTxoa8kMYFJ6hLlNSHoUCVIsPfLM/RRyW2tx3gVl6pvDWTcM2wxWRnKEvDcvexYAUi
;A9gaPiDWN2bEHLawaJ969ZNQ2oaz80E5ugPToUZnQNTVng0+UUYGFAe8BkBYf+yls2DKZ8PzRgnaU9J
;QlgXzdCXOPP9H0UBB8zrgVnmO66KVh+3CNWWnWBuSEVDmdlDUBU78biIn9qQHbHYg+0/683RGXcBWBT
;YYGxTUh6FBhSLD3y1uENeXZrQcJgBoDilTpYYsYZXEB6h7tNSHsUGVIsPfLW4Q15dmtBw2oDgv2jPEV
;TzxlRUWGJoShKeRUATCw9gdDkDWZrbWrxdgqK96YGUWDHHUtRd7ezKCsPYXI3Xz2DopFqFgQfastoF4
;7pqy1Cfs0jU11gnIooJBp2bDcsP4Cjg30WBGt7w3UCmfq+LEVp9xFeWmaJuU1IexQKUiw99srhGElwc
;GnLd2fpm8p5NwyoC1ZEdrehIj0eZl80RUXkx84NeXd2asdqCbT+pDhVYM18PTQT+dVNShh1dDdLUvPa
;zhN3aXpBxmAf65jaWTcMmEwJBiPY4w56SyM1YhwLtKOYfRYEenDKKwCI9K48Nw+CfT80VNHkbXEpcWw
;zWFT3xrENeXd2asdqCYL1rVNwPYg5EgYzrud6eks0OwBJSfPC8gk2ZT98x3FtrKrqHBo+iCYPGiHIk3
;9+SyQgaX5Y9dHwHmIkfnDKJRWK8rk8F1aiOw4US931FH9bUjNiHA2hmMYUZmE/cdtxbayq6gMGPIhHb
;VV6m7BtEFt5byBJN8aaoV0tRX1twWkSn/7qKVh/wQhWW32GvCMtcR5HYwxlsYPITTY/T2zLdgKF7+op
;RWXGCDV5ItjjbRlLNDsGWU/vjv4bcCR5f8APKtqr/nlkPIhHa0FhhvgiLB00aD1YWO/HmzAnMC8+/TV
;H0M+/K1khxxpZFHGNsUdANiw0cnQd2IPUXS1Adm3PZwuOu6s1WyzbCFpEY42nPmoZYXRydj2Lo5F9c2
;p7LIBiBIT/r1k0jKh8P3kh2uRtHks0U2McDYvuo08nJEsvjlZW26vAFAY8nFxrBDO75UcHSiQ0cngMo
;fChd1s1Ky6OVlfh1vtpAAbvRQ4+VNn1CGdKNEZhHA2L5KBdTC8vMJslIsau6gAaPphceU9nmrQ7LxdL
;cyJJWOXemzokPD9GniU+25GHYQMG70UPNAbo1U0vA2ByJ0hY8/ziCn9wfHaAYgSE/69ZNAyofD80Hej
;VTSwael8hXFjkx84Rf3drHq0KZ+ub+2IFOZNOBAEj0+Z2e0skAEMsPYHF+BF3aXpw2loTkuuvBkR42n
;w8PhPo1R0GOjQxfBsI7M6RbxYEH3jHaQaG/qQtaHjRDFprYJynf0p4HgBSLG3N4rFMODMqc8MFR+uby
;j9eftsIYFhykbA/FQh7bDtIYujN9xR6aEBuz3ETjumkWTQJqHw/eHqGsD5KbhQAUkte7sf0InBtc3vA
;ZAqOxKw2RWHJCD83dOjVTTEcd282SWLnyv0YeGVye/FyDp/zpSxDU80ES0lMk7gsKRN9bjdzSfjT9CJ
;3Zn1sy3MOiu+jNllx9wdZXX+JuCgkD0tuM0FY3sLzH2RhaXfPcQ6E9fskaHfEHUZRYbe9KCMcfHQvQV
;CBspF9FmN8ccpgOJv0uS1HfscfWkdg6NZNSnsUAFgsPYHE8hJyYUBq13UC65jMWTcM+hlPZnKY1VxKe
;xRpPEpU7c/OHHhjc3vxaQ6Y78paMQyofAsBKNnmeEpuFABSRVPnyv0RSWBqf8JaApPvuCxEZccSPzcf
;6NVNCxd4IDdUSfPW9RhkBBEergUOhf2jNVtT2B1LQHaau01JfhQAUmBU78bifQQEHx7CZB6O6ZU6X23
;GG1oadIu6KS97FwBSLD2BvpF9Fmh+Z8t3OJjvqytDU9gTVlpnt6YoKxZLYz1eU+TRkX4QBB8e/GABh/
;6yWScMqHxQW2mNij4iEnFsNnNJ+NP0fRUNHx6uUgaf/rgfVmDEfC40E+ilLD8IcV86SVTmy+Uiem1sa
;q4GZ+ubylkmDKh8T1hynLMiOBZLYTZIVPXK/hMWBxsergUphPWvWSYMqHxPWHKcsyI4FkthNkRY8sr+
;ExYHGx6uBSmE9a9ZOwyofE9GeoahKDgkYHkiST2CqJF9FkFxest3R9i7hDxDDLt8PzRhibM5FR9hYT5
;zWPnX4whlbXBwrgZp65vKH15+2wgfUWucpzguHmYAQSw9gdHwG2JbdnDIbAuHxLo4Q3jNDlE0EO3VTU
;o3fW43Xz2Ro5F9ZGFrbM9mE4L0pHdQb8cYWjQQ6NVNSnsAAFIsTurK4wlJYGp/wloCk++4LERlxxI/N
;x3o1U0MEmZzJgxY+dfjCHJhbR65BWfr6KU1Xmj3FVFSeoS5EisVc2w3c1Ho0OV9FQIfHq4xUtCq+Ww3
;GKh8P0d8hLwpFRJ6ZjtAUd7T8AliYW1wrgZs65vKC1Jv3BVTXX2NtD9KYBQAUl9S7cr1In9qeXfCaTi
;b+r4tUn7GI11bZ5y6IEp4HwBSLG/kwOUUem1xe893Z+CbyllEeMkOSxp0i7opL3sX+1MsPbqD1BNyYW
;0+nSUknui+Nlos+wheRmfIkmApFHBlWGsEs4PUTTY/P0zLdgKfu48hQ37dGFpGGa/ndWpANEg9QVihw
;v0RNmVne90PINq7kGsZPIg6DAQj2PV2ajZ7djcMZ6Hi6RRlJGpujmkOn++mPBd4x1xPRnaesCM+W2dj
;IE1J4sv4E3EkcHiOTQKK7+obUmiiOw4US9j7fGoiJjBydg2vkLE7IzQvLoA1R9C7hzZBaYgIUBRgnLQ
;/PltkbyFFSejM/3dRNT9GnitWy8L4aQcimFxlBD3b9Qt7TiQwfBwdxJKkXS0kW2zPckef8695UWXaD0
;sUf4G7KEA8JSAKHBO1g8hPJjQxLo5fV8Wo6h8CPJhMEQQz0/UAJQ1xICZDHfLK9Rg2ZT9yx3ETh/7AH
;gYs8EwRADOx531qISQuYQx7sJahTTg0P1udNUfQu44rVnuICFdRM5uwLiUVcCA+RVPkqdZEJCRaLo4+
;R7n+uTxDLO0ES0ZmjLA/QDwlIAgeE7GD104mNC8+lSUqhO2veW0s6QRWRzOdpW0mEmB0Pkkd9cyxDWR
;haXvAcUeY+Lg4Q2/AFVFTM4ezbQIedXRybljlqdZMNlwqPvc3V8vB+ncELO5JDwQjxuVtcVtZbyRJHe
;7V9A82cHA+3ncCnf6kLRduxBNdFGCZoCQ5ExQMUiw98tfwD2I2MXnNagOOm8k1NgyoMQoDIciRfWooJ
;C5iFTfMlqZPNkAuPv01SduiwB4FPaI7BgQZpe1/QDYlMGUmerObmzonJEUvmytXy92xLUVt3hlTa2CY
;sCguBh5UYiZ6uJGxOCYOWC+OXVTbu5N0BSzuRA8EGa/kbRBLOjNnDHuzk6F3UTU/RpYwR7K2+HlyPZt
;ceQYj2N8Ke1tRMWcMe7OToXdRNT9EmyUh2av6U3A1mlx6BBmv5W0PVm9yN1hP4MDlFHlqQHrbZAu0+q
;c2QmLcAR9yIdjlRx5KHkdrHh3Ek5s6JyRHLZ41R7K2+HlxNJhMNXMiyI99ZEghIBQeDbGp1kw2XCwon
;iU+xqnqHAY/iDoNBCPiknxqPiU1cmoPsZObOickRSuOQ1Xbq8AeDj6IOQ8+VNj1CGcAZmUmXlzi1/gS
;eFt7a89pOIr2pSxZeNVceQYj2N8ZenFTMXJqRvXR8AtzaEBt3mACj+bAFAY9n1xvRnqGoSQkHDoufCw
;6gaORDmN0b3HccWfon8pZN0LHElo0D+jVTTkOZHA9Xknex/QTZWFAettkC7T+si1FedsVUFoT69lNSn
;tVbD4MWPnX4whyYW0evAVn6+i/KUdj2ghgUHaGpigVD21wNyw+hKORfVptcXvdBXHrm8oqQnzYE01AT
;IygLCYkcXgmXkjyyv4TFgcRHq4FIYLpuS0XadAITUF3jadNU3sUACFZTfHM4wlJbXF4x2kLtPqkPltp
;9xBWR2fo1k5KexQtZhk9kaORfWVxb27BdxO06L4rVnjNG0Y0EO7VTUo1e3I/TVGBr5F9Fndqbt5qFZ/
;EviBHaah/NDQT6IcoKQ99bDtCWODRkV4WBB9t23cBivivBkRjxBVba3GHoTklFktpPEpU7c/ODXdwa3
;vca2fonspZN0DBElpHE8jVTUoIYXI0TV7k/OISem17QdpqF7TypD9eYMQjT1VnnLA/JHsXBVIsPc3K/
;xhlBAsergUTjva6PEVt3AlNUUyKsCkVF31zJiw+iKORfSc/KC6VN1zfrspMNwyoCFpZY42nLD4OZmUN
;QFjn184Rf3drHq0FZ+ubyk83DKgIWlljjacsPg5mZQ1eVObL5SJ6bWxqrgZn65vKWTgMqHxIXWONijk
;lDHFyDUFS5caRfhAEHx7gYBSf/q5ZJwyofEhdY42KOSUMcXINX1Xg0/R9FQIfHq5GDpn4pjw3Aqh8P0
;N6mLASPRp4bA1BUuXGkX4cBB8e52sTjummOFRpzHwxNBPo101KexUAUix3gaORfBYEHxGuBWe4m69ZQ
;wzcfFY0feiyTWp7UwAgLFKB1pENFiQfL64HZ+ubylk3DKl8PzQD6NVNSnsUAFIsPYGjkX0WBB8ergVn
;65sFXjcMo3w/NFaGsSg4WycgHElJgaORFlUEH3XtBWeR2MpZNwxlsPMKEujVhQh7FMgQLT2Bo5F93kU
;fHq4FZeubyls3DKh8uzcT6dVNgjoUAFIsPYGjkbDayCEergVn65tRGjcMMz8/NM+q4U1KexQAmm4/ga
;ORaRYEHx6uBWfrm/4bNwxAPT80G6rVTUY5FQBSLD2Bo5F9FgQfHq4FZ+ubylkiC6h8PzQT6ORNSnsEA
;FIsUODA+RR4YUB8z3ADmfq+PDcNqHw/NBPI2QxKahQAUkFc4sv4E3NbfXvKWhSD+ro8Nw2ofD80E+jV
;TUpvFABSQVziy/gTc1t9e8paE472ugZabdB8PjQT6NVNyiBUAEQsPYHO8B5+bXF78WYIhuuvN0Rt3BV
;QWkyQ1UxKexQAUixkwaOHfRYEcn/NbQ6F/pU6WGHYGVFHcpy8IiQkbQBTLD2Bo5F9T0QfE64FZ4b6qT
;FeYs0jW11+t61NS3sUAFIsXezjkXAWBB9zz2YPgvWvBlNlxSNGNBLo1U1Ke3RtEiwwgaOREHdnd3fAY
;DiP8qcGTQypfD80E+iVIgp7CABSLFDgwPkUeGFAesd2E4r1qTxoatoTUmtxh6cpLwkUAVIsPYGjkX0W
;BAsergUKiviiMFlp9xlHQGGdsSg4JHp1Pyw8gaORfRYE7yGuH2frm6c4VGTBElprdpChPz8fcXINQ1v
;n0PQJSXwtHq8FZ+ubylkOTKhmPzQThbQuIhJ6ZQ1JRfXR5BlzdkBxyGMUju+VIAUMqXw/NBPo1U1Kew
;YAUixQ4MD5FHhhQHjHaQaG/qQtaD2ofT80E+jVTUo7FBJSLD3swvIVf2p6QchsC4r2rzdDU5p8PjQT6
;NVNSntUAEcsPYHO8B5+bXF78WIGhe+4IGhkzRVYXGfo1E1KexQAUnV9gbeRfRZpfn3GbAmOxK06WGjN
;I15XZ4G6I0p6FABSLD2Bo5F9AQQfHsNkBIPypDxoYscGRVh2t7EkKxZxdDdePYCjkX22nYbHkQV+65v
;KNFZvwBVRUUyGujcwF3FfNkVc7MblGGRbLR6vBWfrO1PA7jOoZT80E4W0LiISemUNQlL72f0YSXB6c9
;5aCorjlWg3Dah8PzQTiKYNSmIUAFJBXOLL+BNzW3Fx1H8LjsS+PFp89xFeTEza1UxKexQAUkxOwaODf
;RYEcn/NbQ6F/pUpRWXGCGBZfIywTUt7FABSLD2Bo5FcFgQfc89mD4L1rwZHfscRT0BMnaYoFQl1ZiZz
;SenR9A5+a3N6rgRn65vKWTdV6HwyNBPouCwpE31uN3NO9cbhGBYFHx6uBWfrm8pZFQyofFJVcIC8Iy8
;kYmkgWEjgz84YbnBta8pgFbT0rD9EadwjRwYT6dVNSnsUAGtsPaOjkX17ZXx2x2sCtO2jK0N5yRBgUW
;ucpzguHmZfPUpb8sblIm82Hx+uBWfrm8pZNwyIfD80fom2JSMVcV8xWU71zPwiZnZ2cNpsCYzEuiteY
;9oVS00T6tRNUnsUAD9NXunK/xhJYH5qz1oEhPW+PFl49x1bUBPq1E1fexQAP01e6cr/GElgfmrPWgGC
;968GVmjMfD01E8zVTUoWdWM6RVPk/PQFYnZqest3OJjsoy1UZPcLXl1nt70oKw99bjUsP4Gjgn0WBHJ
;/zW0Ohf6VP1Zi9x9QWmeauiFKeRUATyw9gc7wHn5tcXvxYgSE/68GUlPFCVNAepi5NBUdeG8lLD+Bo4
;F9FgRyf81tDoX+lTFSbdwjXVF36NdMSmgUAFJBXOLL+BNzW3Z6y304mOK5LVJhqH4/NA/o1U0nGndoO
;0JY3sz8FGJbbX/HdgKf9L86X1PLE1tRE+rVTV17FAA/TV7pyv8YSXRtccN1E7TuuTxofskaSzQR6NVn
;SnsUbTNPVejN9CJmdnBz3nE4nuivBkVtzghgUGaYuSQpGmBpPUJi7MrjD3l2HxyvBX3rm8o0Vm/AFVF
;RTJqwISsPfXY3c1j51+MIZW1wcK4HZ+u5ylk3YckfV119jYo7Kxd9ZDNYWN7T4xR4cHZwyVoXmfKlK1
;540Xw9NBP/1U1KFGJlIF5U5cbODnptfHvxdgKf76M3UH+ofj80BOjVTScad2g7QljexfgRd2l6cNpaC
;Yr2rwYGDKt2PzQTuJkMako6N2dBUIG0kX0WaX59xmwJjsSsMFttxRlRQEyGtCAvJCYAUSY9gaPBMVck
;LjCZMAqGm9tZNwzFHVxceoawEiwSeGUNQlzsxpF+HQQfHutrA47p6moXQs0IPyET6NUgKxh8aTxJYuf
;K4xBhZW178XEem/7KWjEMqHxyVWGEvCNKcRQAUkFc4sv4E3NbdnquBkPrm8phBT2cSFwFIsXmKHodOT
;QxGgusmqIbIiktfJs2U9Ks+WgOP5x8LTQT6LgsKRN9bjdzULCToUxJZ3B6ywVk65vKWTceqHw/WXKLv
;SQkHkttYxwNs/zyEnJhHx2uBWfrm9hZNwzFHVxceoawEidJJDBic17ux/R9FQQfHq4Fa+ubyjRWb8AV
;UVFMnKw9L3sXC1IsPcTN9RhkJCw+4GAT64LKWTdhyR9XXX2NijkzC3FfM05f88bnFHdwdnHABWT7m8p
;ZdH7NHVNdZ5H1CCQfcXJyHz2Bo5F9FgQfHr4FZ+ubylk3DKh8PzQT6NVNSnsUSlAsPYCjkX1QBh8epA
;Vn68uGGBc9hksKWX7o1U2qRBQAyWg9gbXSfRb0Xh4OiSLrI8IeNwwIPsA1E+jVTUp7GgBSLC2Bo5Ebf
;2h+c8trE7T/rzdEZdwFPzUT6NVNShuHQFI9PYGj9xR6ZXJ7wHE4j/KrNFJ4zQ4/NRPo1U1Ke+g/Uj09
;gaP3FHplcnvAcTiN96UuRW3cGT81E+jVTUp7QEBSIj2Bo/cUemVye8BxOJvpozpSDKl8PzQT6NVzCns
;DAFIsUvfG4w9/YHpB3WkOiP6VKlJ43BVRU2Do101KdRQAUkpU7cL8GHhwQHzcZAmPm8leNwyoLl5dYI
;3mCUpuFABSSlTtwvwYeHBAesd2F4f6swZZbcUZPzcH6NVNESl1aSFJDsX+sS1aRT8vgDJShvbKSzcMq
;BpWWHKFsCM+JHJpPkli78L8GBYHFR6uBTen2upoGTudEVI0AejVTSwSeGE/SVP1/PYeeWB6QctrA+uY
;ylk3DKhoPzQTjrwhKxZxbiZzWuLM9RhJd2t/3HFn6JvKWTcMo3w/NHWBuSwnHnp0DUVZgaC1fRYEK3y
;XYQHcoqh0BWjJTBIAdo7hYCtNJTd/Hwy0wKkZJzQqKMxnZ+abyllRZcQdUlF9nIojKxZxAFEmPYGjwT
;FXJC4wmTAKhpvQWTcMzhVTVX6NuzkVFXVtN3Nc48HjGGBtfmrHagnrmMlZNwz4MH40HejVTSwSeGE/S
;VP1/P8SYmFsHq0FZ+ubylk3DKh8PzQT+NVNSnsUAFIsPYGjkX0WBB8ergVn65vKWTcMqHw/NBPo1U1K
;exQAUg==
;Data end
;
;Print Time: 991
;Material#1 Used: 538.6
;Material#2 Used: 0.0
;Material#1 Cost: 0.05
;Material#2 Cost: 0.00
