;Sliced by ideaMaker 3.6.1.4415, 2020-09-13 22:18:36 UTC+1000
;Dimension: 235.000 235.000 250.000 0.400
;Plate Shape: 0
;Extruder Offset #1: 25.000 0.000
;Filament Diameter #1: 1.750
;Filament Diameter #2: 1.750
;Filament Compensation #1: 80.00
;Filament Compensation #2: 90.00
;Filament Density #1: 1240.00
;Filament Density #2: 1240.00
;Bounding Box: 91.788 123.213 97.713 141.888 0.000 0.400
;Model Gap: 0.000
M221 T0 S80.00
M140 S70.00
M104 T0 S205.00
M109 T0 S205.00
T0
M190 S70.00
; Ender 3 Custom Start G-code
G92 E0 ; Reset Extruder
G28 ; Home all axes
G1 Z2.0 F3000 ; Move Z Axis up little to prevent scratching of Heat Bed
G1 X0.1 Y20 Z0.3 F5000.0 ; Move to start position
G1 X0.1 Y200.0 Z0.3 F1500.0 E15 ; Draw the first line
G1 X0.4 Y200.0 Z0.3 F5000.0 ; Move to side a little
G1 X0.4 Y20 Z0.3 F1500.0 E30 ; Draw the second line
G92 E0 ; Reset Extruder
G1 Z2.0 F3000 ; Move Z Axis up little to prevent scratching of Heat Bed
G1 X5 Y20 Z0.3 F5000.0 ; Move over to prevent blob squish
M1001
;LAYER:0
;Z:0.200
;HEIGHT:0.200
M106 S255
G4 P500
M106 S64
M140 S70
G1 F3000 E-5.0000
G0 F4200 X98.963 Y103.038
G0 F900 Z0.200
;TYPE:WALL-INNER
;WIDTH:0.400
G1 F1500 E0.0000
G1 F900 X98.858 Y103.017 E0.0036
G1 X98.812 Y102.987 E0.0054
G1 X98.769 Y102.921 E0.0080
G1 X98.763 Y102.859 E0.0101
G1 X98.766 Y98.480 E0.1557
G1 X98.813 Y98.363 E0.1599
G1 X98.879 Y98.319 E0.1626
G1 X98.941 Y98.313 E0.1646
G1 X103.365 Y98.324 E0.3118
G1 X103.455 Y98.383 E0.3154
G1 X103.488 Y98.493 E0.3192
G1 X103.488 Y102.838 E0.4637
G1 X103.467 Y102.942 E0.4672
G1 X103.437 Y102.987 E0.4690
G1 X103.392 Y103.017 E0.4708
G1 X103.288 Y103.038 E0.4743
G1 X99.463 Y103.038 E0.6016
G0 F900 X98.963 Y103.038
G1 F3000 E-4.3984
G0 F4200 X98.923 Y103.438
;TYPE:WALL-OUTER
;WIDTH:0.400
G1 F1500 E0.6016
G1 F900 X98.703 Y103.394 E0.6090
G1 X98.524 Y103.276 E0.6162
G1 X98.406 Y103.098 E0.6233
G1 X98.374 Y102.995 E0.6268
G1 X98.363 Y102.878 E0.6308
G1 X98.366 Y98.437 E0.7785
G1 X98.406 Y98.253 E0.7847
G1 X98.524 Y98.074 E0.7919
G1 X98.703 Y97.956 E0.7990
G1 X98.805 Y97.924 E0.8025
G1 X98.923 Y97.913 E0.8065
G1 X103.445 Y97.924 E0.9569
G1 X103.643 Y98.006 E0.9640
G1 X103.794 Y98.157 E0.9711
G1 X103.876 Y98.356 E0.9783
G1 X103.888 Y98.473 E0.9822
G1 X103.888 Y102.878 E1.1287
G1 X103.844 Y103.098 E1.1362
G1 X103.726 Y103.276 E1.1433
G1 X103.548 Y103.394 E1.1504
G1 X103.328 Y103.438 E1.1578
G1 X99.423 Y103.438 E1.2877
G0 F900 X98.923 Y103.438
G0 F4200 X99.279 Y102.956
;TYPE:SOLID-FILL
;WIDTH:0.400
G1 F900 X98.842 Y102.519 E1.3083
G0 F4200 X98.842 Y101.954
G1 F900 X99.845 Y102.956 E1.3554
G0 F4200 X100.411 Y102.956
G1 F900 X98.843 Y101.389 E1.4292
G0 F4200 X98.843 Y100.823
G1 F900 X100.976 Y102.956 E1.5295
G0 F4200 X101.542 Y102.956
G1 F900 X98.844 Y100.258 E1.6564
G0 F4200 X98.844 Y99.692
G1 F900 X102.108 Y102.956 E1.8099
G0 F4200 X102.674 Y102.956
G1 F900 X98.845 Y99.127 E1.9900
G0 F4200 X98.845 Y98.562
G1 F900 X103.239 Y102.956 E2.1967
G0 F4200 X103.407 Y102.558
G1 F900 X99.243 Y98.394 E2.3926
G0 F4200 X99.810 Y98.396
G1 F900 X103.407 Y101.993 E2.5618
G0 F4200 X103.407 Y101.427
G1 F900 X100.377 Y98.397 E2.7043
G0 F4200 X100.943 Y98.398
G1 F900 X103.407 Y100.861 E2.8202
G0 F4200 X103.407 Y100.296
G1 F900 X101.510 Y98.399 E2.9094
G0 F4200 X102.077 Y98.400
G1 F900 X103.407 Y99.730 E2.9719
G0 F4200 X103.407 Y99.164
G1 F900 X102.645 Y98.402 E3.0078
G0 F4200 X103.212 Y98.403
G1 F900 X103.407 Y98.598 E3.0170
G1 F3000 E-1.9830
G1 F900 Z0.500
G0 F4200 X105.233 Y103.017
;TYPE:WALL-INNER
;WIDTH:0.400
G1 F900 Z0.200
G1 F1500 E3.0170
G1 F900 X105.187 Y102.987 E3.0188
G1 X105.144 Y102.921 E3.0214
G1 X105.138 Y102.859 E3.0235
G1 X105.138 Y98.512 E3.1681
G1 X105.158 Y98.407 E3.1716
G1 X105.188 Y98.363 E3.1734
G1 X105.254 Y98.319 E3.1760
G1 X105.316 Y98.313 E3.1781
G1 X109.740 Y98.324 E3.3252
G1 X109.830 Y98.383 E3.3288
G1 X109.863 Y98.493 E3.3326
G1 X109.863 Y102.838 E3.4771
G1 X109.842 Y102.942 E3.4807
G1 X109.812 Y102.987 E3.4825
G1 X109.767 Y103.017 E3.4843
G1 X109.663 Y103.038 E3.4878
G1 X105.731 Y103.038 E3.6186
G0 F900 X105.338 Y103.038
G0 F900 X105.233 Y103.017
G1 F3000 E-1.3814
G0 F4200 X105.078 Y103.394
;TYPE:WALL-OUTER
;WIDTH:0.400
G1 F900 Z0.200
G1 F1500 E3.6186
G1 F900 X104.899 Y103.276 E3.6257
G1 X104.781 Y103.098 E3.6328
G1 X104.749 Y102.995 E3.6364
G1 X104.738 Y102.878 E3.6403
G1 X104.738 Y98.473 E3.7868
G1 X104.781 Y98.253 E3.7943
G1 X104.899 Y98.074 E3.8014
G1 X105.078 Y97.956 E3.8085
G1 X105.180 Y97.924 E3.8121
G1 X105.298 Y97.913 E3.8160
G1 X109.820 Y97.924 E3.9664
G1 X110.018 Y98.006 E3.9736
G1 X110.169 Y98.157 E3.9807
G1 X110.251 Y98.356 E3.9878
G1 X110.263 Y98.473 E3.9917
G1 X110.263 Y102.878 E4.1383
G1 X110.219 Y103.098 E4.1457
G1 X110.101 Y103.276 E4.1528
G1 X109.923 Y103.394 E4.1599
G1 X109.703 Y103.438 E4.1674
G1 X105.574 Y103.438 E4.3047
G0 F900 X105.298 Y103.438
G0 F900 X105.078 Y103.394
G1 F3000 E-0.6953
G0 F4200 X105.503 Y102.957
;TYPE:SOLID-FILL
;WIDTH:0.400
G1 F900 Z0.200
G1 F1500 E4.3047
G1 F900 X105.217 Y102.671 E4.3182
G0 F4200 X105.217 Y102.106
G1 F900 X106.068 Y102.957 E4.3582
G0 F4200 X106.634 Y102.957
G1 F900 X105.217 Y101.540 E4.4248
G0 F4200 X105.217 Y100.974
G1 F900 X107.200 Y102.957 E4.5181
G0 F4200 X107.765 Y102.957
G1 F900 X105.217 Y100.409 E4.6380
G0 F4200 X105.217 Y99.843
G1 F900 X108.331 Y102.957 E4.7844
G0 F4200 X108.897 Y102.957
G1 F900 X105.217 Y99.277 E4.9575
G0 F4200 X105.217 Y98.712
G1 F900 X109.462 Y102.957 E5.1572
G0 F4200 X109.782 Y102.711
G1 F900 X105.464 Y98.393 E5.3603
G0 F4200 X106.031 Y98.394
G1 F900 X109.782 Y102.145 E5.5368
G0 F4200 X109.782 Y101.580
G1 F900 X106.598 Y98.396 E5.6865
G0 F4200 X107.165 Y98.397
G1 F900 X109.782 Y101.014 E5.8096
G0 F4200 X109.782 Y100.448
G1 F900 X107.732 Y98.398 E5.9060
G0 F4200 X108.299 Y98.400
G1 F900 X109.782 Y99.883 E5.9758
G0 F4200 X109.782 Y99.317
G1 F900 X108.866 Y98.401 E6.0189
G0 F4200 X109.433 Y98.403
G1 F900 X109.782 Y98.751 E6.0353
G1 F3000 E1.0353
G1 F900 Z0.500
G0 F4200 X111.562 Y102.987
;TYPE:WALL-INNER
;WIDTH:0.400
G1 F900 Z0.200
G1 F1500 E6.0353
G1 F900 X111.519 Y102.921 E6.0379
G1 X111.513 Y102.859 E6.0400
G1 X111.513 Y98.512 E6.1845
G1 X111.533 Y98.407 E6.1881
G1 X111.563 Y98.363 E6.1899
G1 X111.629 Y98.319 E6.1925
G1 X111.691 Y98.313 E6.1946
G1 X116.115 Y98.324 E6.3417
G1 X116.205 Y98.383 E6.3453
G1 X116.238 Y98.493 E6.3491
G1 X116.238 Y102.838 E6.4936
G1 X116.217 Y102.942 E6.4972
G1 X116.187 Y102.987 E6.4990
G1 X116.142 Y103.017 E6.5008
G1 X116.038 Y103.038 E6.5043
G1 X112.052 Y103.038 E6.6369
G0 F900 X111.713 Y103.038
G0 F900 X111.608 Y103.017
G0 F900 X111.562 Y102.987
G1 F3000 E1.6369
G0 F4200 X111.274 Y103.276
;TYPE:WALL-OUTER
;WIDTH:0.400
G1 F900 Z0.200
G1 F1500 E6.6369
G1 F900 X111.156 Y103.098 E6.6440
G1 X111.124 Y102.995 E6.6476
G1 X111.113 Y102.878 E6.6515
G1 X111.113 Y98.473 E6.7980
G1 X111.156 Y98.253 E6.8054
G1 X111.274 Y98.074 E6.8126
G1 X111.453 Y97.956 E6.8197
G1 X111.555 Y97.924 E6.8233
G1 X111.673 Y97.913 E6.8272
G1 X116.195 Y97.924 E6.9776
G1 X116.393 Y98.006 E6.9847
G1 X116.544 Y98.157 E6.9918
G1 X116.626 Y98.356 E6.9990
G1 X116.638 Y98.473 E7.0029
G1 X116.638 Y102.878 E7.1494
G1 X116.594 Y103.098 E7.1569
G1 X116.476 Y103.276 E7.1640
G1 X116.298 Y103.394 E7.1711
G1 X116.078 Y103.438 E7.1785
G1 X111.735 Y103.438 E7.3230
G0 F900 X111.673 Y103.438
G0 F900 X111.453 Y103.394
G0 F900 X111.274 Y103.276
G0 F4200 X111.726 Y102.958
;TYPE:SOLID-FILL
;WIDTH:0.400
G1 F900 X111.592 Y102.823 E7.3293
G0 F4200 X111.592 Y102.258
G1 F900 X112.292 Y102.958 E7.3622
G0 F4200 X112.857 Y102.958
G1 F900 X111.592 Y101.692 E7.4218
G0 F4200 X111.592 Y101.126
G1 F900 X113.423 Y102.958 E7.5079
G0 F4200 X113.989 Y102.958
G1 F900 X111.592 Y100.561 E7.6207
G0 F4200 X111.592 Y99.995
G1 F900 X114.554 Y102.958 E7.7600
G0 F4200 X115.120 Y102.958
G1 F900 X111.592 Y99.429 E7.9260
G0 F4200 X111.592 Y98.864
G1 F900 X115.686 Y102.958 E8.1185
G0 F4200 X116.157 Y102.863
G1 F900 X111.687 Y98.393 E8.3288
G0 F4200 X112.254 Y98.395
G1 F900 X116.157 Y102.297 E8.5124
G0 F4200 X116.157 Y101.732
G1 F900 X112.821 Y98.396 E8.6693
G0 F4200 X113.388 Y98.398
G1 F900 X116.157 Y101.166 E8.7995
G0 F4200 X116.157 Y100.600
G1 F900 X113.955 Y98.399 E8.9031
G0 F4200 X114.523 Y98.400
G1 F900 X116.157 Y100.035 E8.9799
G0 F4200 X116.157 Y99.469
G1 F900 X115.090 Y98.402 E9.0301
G0 F4200 X115.657 Y98.403
G1 F900 X116.157 Y98.903 E9.0536
G1 F3000 E4.0536
G1 F900 Z0.500
G0 F4200 X117.894 Y109.296
;TYPE:WALL-INNER
;WIDTH:0.400
G1 F900 Z0.200
G1 F1500 E9.0536
G1 F900 X117.888 Y109.234 E9.0557
G1 X117.891 Y104.855 E9.2014
G1 X117.938 Y104.737 E9.2056
G1 X118.004 Y104.694 E9.2082
G1 X118.066 Y104.688 E9.2103
G1 X122.490 Y104.699 E9.3574
G1 X122.580 Y104.758 E9.3610
G1 X122.613 Y104.868 E9.3648
G1 X122.613 Y109.213 E9.5093
G1 X122.592 Y109.317 E9.5129
G1 X122.562 Y109.362 E9.5147
G1 X122.517 Y109.392 E9.5165
G1 X122.413 Y109.413 E9.5200
G1 X118.348 Y109.413 E9.6552
G0 F900 X118.087 Y109.413
G0 F900 X117.982 Y109.392
G0 F900 X117.938 Y109.362
G0 F900 X117.894 Y109.296
G1 F3000 E4.6552
G0 F4200 X117.499 Y109.370
;TYPE:WALL-OUTER
;WIDTH:0.400
G1 F900 Z0.200
G1 F1500 E9.6552
G1 F900 X117.488 Y109.253 E9.6591
G1 X117.491 Y104.812 E9.8068
G1 X117.531 Y104.628 E9.8131
G1 X117.649 Y104.449 E9.8202
G1 X117.827 Y104.331 E9.8273
G1 X117.930 Y104.299 E9.8309
G1 X118.048 Y104.288 E9.8348
G1 X122.570 Y104.299 E9.9852
G1 X122.768 Y104.381 E9.9924
G1 X122.919 Y104.532 E9.9995
G1 X123.001 Y104.731 E10.0066
G1 X123.013 Y104.848 E10.0105
G1 X123.013 Y109.253 E10.1570
G1 X122.969 Y109.473 E10.1645
G1 X122.851 Y109.651 E10.1716
G1 X122.673 Y109.769 E10.1787
G1 X122.453 Y109.813 E10.1862
G1 X118.048 Y109.813 E10.3327
G1 X117.827 Y109.769 E10.3402
G1 X117.799 Y109.750 E10.3413
G0 F900 X117.649 Y109.651
G0 F900 X117.531 Y109.473
G0 F900 X117.499 Y109.370
G0 F4200 X117.967 Y109.199
;TYPE:SOLID-FILL
;WIDTH:0.400
G1 F900 X118.101 Y109.333 E10.3476
G0 F4200 X118.667 Y109.333
G1 F900 X117.967 Y108.633 E10.3805
G0 F4200 X117.968 Y108.068
G1 F900 X119.233 Y109.333 E10.4400
G0 F4200 X119.798 Y109.333
G1 F900 X117.968 Y107.502 E10.5261
G0 F4200 X117.968 Y106.937
G1 F900 X120.364 Y109.333 E10.6388
G0 F4200 X120.930 Y109.333
G1 F900 X117.968 Y106.372 E10.7781
G0 F4200 X117.969 Y105.807
G1 F900 X121.495 Y109.333 E10.9440
G0 F4200 X122.061 Y109.333
G1 F900 X117.969 Y105.241 E11.1365
G0 F4200 X118.062 Y104.769
G1 F900 X122.532 Y109.238 E11.3467
G0 F4200 X122.532 Y108.673
G1 F900 X118.629 Y104.770 E11.5303
G0 F4200 X119.196 Y104.772
G1 F900 X122.532 Y108.107 E11.6872
G0 F4200 X122.532 Y107.541
G1 F900 X119.763 Y104.772 E11.8174
G0 F4200 X120.330 Y104.774
G1 F900 X122.532 Y106.976 E11.9210
G0 F4200 X122.532 Y106.410
G1 F900 X120.897 Y104.775 E11.9979
G0 F4200 X121.464 Y104.776
G1 F900 X122.532 Y105.844 E12.0481
G0 F4200 X122.532 Y105.279
G1 F900 X122.031 Y104.778 E12.0717
G1 F3000 E7.0717
G1 F900 Z0.500
G0 F4200 X111.513 Y121.984
;TYPE:WALL-INNER
;WIDTH:0.400
G1 F900 Z0.200
G1 F1500 E12.0717
G1 F900 X111.513 Y117.637 E12.2163
G1 X111.533 Y117.532 E12.2198
G1 X111.563 Y117.488 E12.2216
G1 X111.629 Y117.444 E12.2243
G1 X111.691 Y117.438 E12.2263
G1 X116.115 Y117.449 E12.3735
G1 X116.205 Y117.508 E12.3770
G1 X116.238 Y117.618 E12.3809
G1 X116.238 Y121.963 E12.5254
G1 X116.217 Y122.067 E12.5289
G1 X116.187 Y122.112 E12.5307
G1 X116.142 Y122.142 E12.5325
G1 X116.038 Y122.163 E12.5360
G1 X111.912 Y122.163 E12.6733
G0 F900 X111.713 Y122.163
G0 F900 X111.608 Y122.142
G0 F900 X111.562 Y122.112
G0 F900 X111.519 Y122.046
G0 F900 X111.513 Y121.984
G1 F3000 E7.6733
G0 F4200 X111.113 Y122.003
;TYPE:WALL-OUTER
;WIDTH:0.400
G1 F900 Z0.200
G1 F1500 E12.6733
G1 F900 X111.113 Y117.598 E12.8198
G1 X111.156 Y117.378 E12.8272
G1 X111.274 Y117.199 E12.8344
G1 X111.453 Y117.081 E12.8415
G1 X111.555 Y117.049 E12.8451
G1 X111.673 Y117.038 E12.8490
G1 X116.195 Y117.049 E12.9994
G1 X116.393 Y117.131 E13.0065
G1 X116.544 Y117.282 E13.0136
G1 X116.626 Y117.481 E13.0208
G1 X116.638 Y117.598 E13.0247
G1 X116.638 Y122.003 E13.1712
G1 X116.594 Y122.223 E13.1787
G1 X116.476 Y122.401 E13.1858
G1 X116.298 Y122.519 E13.1929
G1 X116.078 Y122.563 E13.2003
G1 X111.673 Y122.563 E13.3468
G1 X111.453 Y122.519 E13.3543
G1 X111.326 Y122.435 E13.3594
G0 F900 X111.274 Y122.401
G0 F900 X111.156 Y122.223
G0 F900 X111.124 Y122.120
G0 F900 X111.113 Y122.003
G1 F3000 E8.3594
G0 F4200 X111.592 Y121.492
;TYPE:SOLID-FILL
;WIDTH:0.400
G1 F900 Z0.200
G1 F1500 E13.3594
G1 F900 X112.182 Y122.081 E13.3871
G0 F4200 X112.748 Y122.081
G1 F900 X111.592 Y120.926 E13.4415
G0 F4200 X111.592 Y120.360
G1 F900 X113.313 Y122.081 E13.5224
G0 F4200 X113.879 Y122.081
G1 F900 X111.592 Y119.795 E13.6300
G0 F4200 X111.592 Y119.229
G1 F900 X114.445 Y122.081 E13.7641
G0 F4200 X115.010 Y122.081
G1 F900 X111.592 Y118.663 E13.9249
G0 F4200 X111.592 Y118.098
G1 F900 X115.576 Y122.081 E14.1123
G0 F4200 X116.142 Y122.081
G1 F900 X111.592 Y117.532 E14.3263
G0 F4200 X112.144 Y117.518
G1 F900 X116.157 Y121.531 E14.5150
G0 F4200 X116.157 Y120.966
G1 F900 X112.711 Y117.519 E14.6771
G0 F4200 X113.278 Y117.521
G1 F900 X116.157 Y120.400 E14.8126
G0 F4200 X116.157 Y119.834
G1 F900 X113.845 Y117.522 E14.9213
G0 F4200 X114.412 Y117.523
G1 F900 X116.157 Y119.269 E15.0034
G0 F4200 X116.157 Y118.703
G1 F900 X114.979 Y117.525 E15.0588
G0 F4200 X115.546 Y117.526
G1 F900 X116.157 Y118.137 E15.0876
G1 F3000 E10.0876
G1 F900 Z0.500
G0 F4200 X105.138 Y121.984
;TYPE:WALL-INNER
;WIDTH:0.400
G1 F900 Z0.200
G1 F1500 E15.0876
G1 F900 X105.138 Y117.637 E15.2321
G1 X105.158 Y117.532 E15.2357
G1 X105.188 Y117.488 E15.2375
G1 X105.254 Y117.444 E15.2401
G1 X105.316 Y117.438 E15.2422
G1 X109.740 Y117.449 E15.3893
G1 X109.830 Y117.508 E15.3929
G1 X109.863 Y117.618 E15.3967
G1 X109.863 Y121.963 E15.5412
G1 X109.842 Y122.067 E15.5448
G1 X109.812 Y122.112 E15.5466
G1 X109.767 Y122.142 E15.5484
G1 X109.663 Y122.163 E15.5519
G1 X105.537 Y122.163 E15.6891
G0 F900 X105.338 Y122.163
G0 F900 X105.233 Y122.142
G0 F900 X105.187 Y122.112
G0 F900 X105.144 Y122.046
G0 F900 X105.138 Y121.984
G1 F3000 E10.6891
G0 F4200 X104.738 Y122.003
;TYPE:WALL-OUTER
;WIDTH:0.400
G1 F900 Z0.200
G1 F1500 E15.6891
G1 F900 X104.738 Y117.598 E15.8356
G1 X104.781 Y117.378 E15.8431
G1 X104.899 Y117.199 E15.8502
G1 X105.078 Y117.081 E15.8573
G1 X105.180 Y117.049 E15.8609
G1 X105.298 Y117.038 E15.8648
G1 X109.820 Y117.049 E16.0152
G1 X110.018 Y117.131 E16.0224
G1 X110.169 Y117.282 E16.0295
G1 X110.251 Y117.481 E16.0366
G1 X110.263 Y117.598 E16.0406
G1 X110.263 Y122.003 E16.1871
G1 X110.219 Y122.223 E16.1945
G1 X110.101 Y122.401 E16.2016
G1 X109.923 Y122.519 E16.2087
G1 X109.703 Y122.563 E16.2162
G1 X105.298 Y122.563 E16.3627
G1 X105.078 Y122.519 E16.3702
G1 X104.951 Y122.435 E16.3752
G0 F900 X104.899 Y122.401
G0 F900 X104.781 Y122.223
G0 F900 X104.749 Y122.120
G0 F900 X104.738 Y122.003
G0 F4200 X105.218 Y121.905
;TYPE:SOLID-FILL
;WIDTH:0.400
G1 F900 X105.394 Y122.082 E16.3835
G0 F4200 X105.960 Y122.082
G1 F900 X105.218 Y121.340 E16.4184
G0 F4200 X105.218 Y120.774
G1 F900 X106.526 Y122.082 E16.4800
G0 F4200 X107.092 Y122.082
G1 F900 X105.218 Y120.208 E16.5681
G0 F4200 X105.218 Y119.643
G1 F900 X107.657 Y122.082 E16.6828
G0 F4200 X108.223 Y122.082
G1 F900 X105.218 Y119.077 E16.8242
G0 F4200 X105.218 Y118.511
G1 F900 X108.789 Y122.082 E16.9921
G0 F4200 X109.354 Y122.082
G1 F900 X105.218 Y117.946 E17.1867
G0 F4200 X105.356 Y117.518
G1 F900 X109.783 Y121.945 E17.3949
G0 F4200 X109.783 Y121.379
G1 F900 X105.923 Y117.519 E17.5765
G0 F4200 X106.490 Y117.521
G1 F900 X109.783 Y120.814 E17.7314
G0 F4200 X109.783 Y120.248
G1 F900 X107.057 Y117.522 E17.8596
G0 F4200 X107.623 Y117.523
G1 F900 X109.783 Y119.682 E17.9612
G0 F4200 X109.783 Y119.117
G1 F900 X108.190 Y117.524 E18.0361
G0 F4200 X108.757 Y117.526
G1 F900 X109.783 Y118.551 E18.0843
G0 F4200 X109.783 Y117.985
G1 F900 X109.325 Y117.527 E18.1059
G1 F3000 E13.1059
G1 F900 Z0.500
G0 F4200 X105.188 Y123.863
;TYPE:WALL-INNER
;WIDTH:0.400
G1 F900 Z0.200
G1 F1500 E18.1059
G1 F900 X105.254 Y123.819 E18.1085
G1 X105.316 Y123.813 E18.1106
G1 X109.740 Y123.824 E18.2577
G1 X109.830 Y123.883 E18.2613
G1 X109.863 Y123.993 E18.2651
G1 X109.863 Y128.338 E18.4096
G1 X109.842 Y128.442 E18.4132
G1 X109.812 Y128.487 E18.4150
G1 X109.767 Y128.517 E18.4168
G1 X109.663 Y128.538 E18.4203
G1 X105.338 Y128.538 E18.5642
G1 X105.233 Y128.517 E18.5677
G1 X105.187 Y128.487 E18.5695
G1 X105.144 Y128.421 E18.5722
G1 X105.138 Y128.359 E18.5742
G1 X105.141 Y124.354 E18.7074
G0 F900 X105.141 Y123.980
G0 F900 X105.188 Y123.863
G1 F3000 E13.7074
G0 F4200 X104.899 Y123.574
;TYPE:WALL-OUTER
;WIDTH:0.400
G1 F900 Z0.200
G1 F1500 E18.7074
G1 F900 X105.078 Y123.456 E18.7146
G1 X105.180 Y123.424 E18.7181
G1 X105.298 Y123.413 E18.7221
G1 X109.820 Y123.424 E18.8725
G1 X110.018 Y123.506 E18.8796
G1 X110.169 Y123.657 E18.8867
G1 X110.251 Y123.856 E18.8939
G1 X110.263 Y123.973 E18.8978
G1 X110.263 Y128.378 E19.0443
G1 X110.219 Y128.598 E19.0517
G1 X110.101 Y128.776 E19.0589
G1 X109.923 Y128.894 E19.0660
G1 X109.703 Y128.938 E19.0734
G1 X105.298 Y128.938 E19.2199
G1 X105.078 Y128.894 E19.2274
G1 X104.899 Y128.776 E19.2345
G1 X104.781 Y128.598 E19.2416
G1 X104.749 Y128.495 E19.2452
G1 X104.738 Y128.378 E19.2491
G1 X104.741 Y124.035 E19.3936
G0 F900 X104.741 Y123.937
G0 F900 X104.781 Y123.753
G0 F900 X104.899 Y123.574
G1 F3000 E14.3936
G0 F4200 X105.217 Y128.127
;TYPE:SOLID-FILL
;WIDTH:0.400
G1 F900 Z0.200
G1 F1500 E19.3936
G1 F900 X105.547 Y128.457 E19.4091
G0 F4200 X106.112 Y128.457
G1 F900 X105.217 Y127.562 E19.4512
G0 F4200 X105.218 Y126.997
G1 F900 X106.678 Y128.457 E19.5199
G0 F4200 X107.244 Y128.457
G1 F900 X105.218 Y126.432 E19.6151
G0 F4200 X105.218 Y125.866
G1 F900 X107.809 Y128.457 E19.7370
G0 F4200 X108.375 Y128.457
G1 F900 X105.219 Y125.301 E19.8855
G0 F4200 X105.220 Y124.736
G1 F900 X108.941 Y128.457 E20.0605
G0 F4200 X109.506 Y128.457
G1 F900 X105.220 Y124.170 E20.2621
G0 F4200 X105.508 Y123.893
G1 F900 X109.782 Y128.167 E20.4631
G0 F4200 X109.782 Y127.601
G1 F900 X106.075 Y123.895 E20.6375
G0 F4200 X106.643 Y123.896
G1 F900 X109.782 Y127.035 E20.7851
G0 F4200 X109.782 Y126.470
G1 F900 X107.210 Y123.897 E20.9061
G0 F4200 X107.777 Y123.899
G1 F900 X109.782 Y125.904 E21.0004
G0 F4200 X109.782 Y125.338
G1 F900 X108.344 Y123.900 E21.0681
G0 F4200 X108.911 Y123.902
G1 F900 X109.782 Y124.773 E21.1091
G0 F4200 X109.782 Y124.207
G1 F900 X109.477 Y123.902 E21.1234
G1 F3000 E16.1234
G1 F900 Z0.500
G0 F4200 X98.763 Y121.984
;TYPE:WALL-INNER
;WIDTH:0.400
G1 F900 Z0.200
G1 F1500 E21.1234
G1 F900 X98.766 Y117.605 E21.2690
G1 X98.813 Y117.488 E21.2732
G1 X98.879 Y117.444 E21.2759
G1 X98.941 Y117.438 E21.2779
G1 X103.365 Y117.449 E21.4251
G1 X103.455 Y117.508 E21.4287
G1 X103.488 Y117.618 E21.4325
G1 X103.488 Y121.963 E21.5770
G1 X103.467 Y122.067 E21.5805
G1 X103.437 Y122.112 E21.5823
G1 X103.392 Y122.142 E21.5841
G1 X103.288 Y122.163 E21.5877
G1 X99.162 Y122.163 E21.7249
G0 F900 X98.963 Y122.163
G0 F900 X98.858 Y122.142
G0 F900 X98.812 Y122.112
G0 F900 X98.769 Y122.046
G0 F900 X98.763 Y121.984
G1 F3000 E16.7249
G0 F4200 X98.363 Y122.003
;TYPE:WALL-OUTER
;WIDTH:0.400
G1 F900 Z0.200
G1 F1500 E21.7249
G1 F900 X98.366 Y117.562 E21.8726
G1 X98.406 Y117.378 E21.8789
G1 X98.524 Y117.199 E21.8860
G1 X98.703 Y117.081 E21.8931
G1 X98.805 Y117.049 E21.8967
G1 X98.923 Y117.038 E21.9006
G1 X103.445 Y117.049 E22.0510
G1 X103.643 Y117.131 E22.0582
G1 X103.794 Y117.282 E22.0653
G1 X103.876 Y117.481 E22.0724
G1 X103.888 Y117.598 E22.0763
G1 X103.888 Y122.003 E22.2228
G1 X103.844 Y122.223 E22.2303
G1 X103.726 Y122.401 E22.2374
G1 X103.548 Y122.519 E22.2445
G1 X103.328 Y122.563 E22.2520
G1 X98.923 Y122.563 E22.3985
G1 X98.703 Y122.519 E22.4059
G1 X98.576 Y122.435 E22.4110
G0 F900 X98.524 Y122.401
G0 F900 X98.406 Y122.223
G0 F900 X98.374 Y122.120
G0 F900 X98.363 Y122.003
G0 F4200 X98.842 Y121.753
;TYPE:SOLID-FILL
;WIDTH:0.400
G1 F900 X99.172 Y122.082 E22.4265
G0 F4200 X99.738 Y122.082
G1 F900 X98.842 Y121.187 E22.4686
G0 F4200 X98.843 Y120.622
G1 F900 X100.303 Y122.082 E22.5373
G0 F4200 X100.869 Y122.082
G1 F900 X98.843 Y120.056 E22.6326
G0 F4200 X98.844 Y119.491
G1 F900 X101.435 Y122.082 E22.7545
G0 F4200 X102.000 Y122.082
G1 F900 X98.844 Y118.926 E22.9029
G0 F4200 X98.845 Y118.361
G1 F900 X102.566 Y122.082 E23.0779
G0 F4200 X103.132 Y122.082
G1 F900 X98.845 Y117.795 E23.2796
G0 F4200 X99.134 Y117.519
G1 F900 X103.408 Y121.792 E23.4806
G0 F4200 X103.408 Y121.227
G1 F900 X99.700 Y117.519 E23.6550
G0 F4200 X100.267 Y117.521
G1 F900 X103.408 Y120.661 E23.8027
G0 F4200 X103.408 Y120.095
G1 F900 X100.834 Y117.522 E23.9238
G0 F4200 X101.401 Y117.523
G1 F900 X103.408 Y119.530 E24.0182
G0 F4200 X103.408 Y118.964
G1 F900 X101.969 Y117.525 E24.0859
G0 F4200 X102.536 Y117.526
G1 F900 X103.408 Y118.398 E24.1269
G0 F4200 X103.408 Y117.832
G1 F900 X103.103 Y117.528 E24.1412
G1 F3000 E19.1412
G1 F900 Z0.500
G0 F4200 X105.187 Y115.737
;TYPE:WALL-INNER
;WIDTH:0.400
G1 F900 Z0.200
G1 F1500 E24.1412
G1 F900 X105.144 Y115.671 E24.1438
G1 X105.138 Y115.609 E24.1459
G1 X105.141 Y111.230 E24.2915
G1 X105.188 Y111.113 E24.2957
G1 X105.254 Y111.069 E24.2984
G1 X105.316 Y111.063 E24.3005
G1 X109.740 Y111.074 E24.4476
G1 X109.830 Y111.133 E24.4512
G1 X109.863 Y111.243 E24.4550
G1 X109.863 Y115.588 E24.5995
G1 X109.842 Y115.692 E24.6030
G1 X109.812 Y115.737 E24.6048
G1 X109.767 Y115.767 E24.6066
G1 X109.663 Y115.788 E24.6102
G1 X105.677 Y115.788 E24.7427
G0 F900 X105.338 Y115.788
G0 F900 X105.233 Y115.767
G0 F900 X105.187 Y115.737
G1 F3000 E19.7427
G0 F4200 X104.899 Y116.026
;TYPE:WALL-OUTER
;WIDTH:0.400
G1 F900 Z0.200
G1 F1500 E24.7427
G1 F900 X104.781 Y115.848 E24.7498
G1 X104.749 Y115.745 E24.7534
G1 X104.738 Y115.628 E24.7573
G1 X104.741 Y111.187 E24.9050
G1 X104.781 Y111.003 E24.9113
G1 X104.899 Y110.824 E24.9184
G1 X105.078 Y110.706 E24.9256
G1 X105.180 Y110.674 E24.9291
G1 X105.298 Y110.663 E24.9331
G1 X109.820 Y110.674 E25.0835
G1 X110.018 Y110.756 E25.0906
G1 X110.169 Y110.907 E25.0977
G1 X110.251 Y111.106 E25.1049
G1 X110.263 Y111.223 E25.1088
G1 X110.263 Y115.628 E25.2553
G1 X110.219 Y115.848 E25.2627
G1 X110.101 Y116.026 E25.2698
G1 X109.923 Y116.144 E25.2770
G1 X109.703 Y116.188 E25.2844
G1 X105.360 Y116.188 E25.4289
G0 F900 X105.298 Y116.188
G0 F900 X105.078 Y116.144
G0 F900 X104.899 Y116.026
G1 F3000 E20.4289
G0 F4200 X105.807 Y115.707
;TYPE:SOLID-FILL
;WIDTH:0.400
G1 F900 Z0.200
G1 F1500 E25.4289
G1 F900 X105.218 Y115.117 E25.4566
G0 F4200 X105.218 Y114.552
G1 F900 X106.373 Y115.707 E25.5109
G0 F4200 X106.939 Y115.707
G1 F900 X105.218 Y113.987 E25.5918
G0 F4200 X105.219 Y113.422
G1 F900 X107.504 Y115.707 E25.6993
G0 F4200 X108.070 Y115.707
G1 F900 X105.219 Y112.856 E25.8334
G0 F4200 X105.219 Y112.290
G1 F900 X108.636 Y115.707 E25.9942
G0 F4200 X109.202 Y115.707
G1 F900 X105.220 Y111.725 E26.1815
G0 F4200 X105.220 Y111.160
G1 F900 X109.767 Y115.707 E26.3953
G0 F4200 X109.783 Y115.157
G1 F900 X105.769 Y111.143 E26.5841
G0 F4200 X106.336 Y111.145
G1 F900 X109.783 Y114.591 E26.7462
G0 F4200 X109.783 Y114.025
G1 F900 X106.903 Y111.146 E26.8817
G0 F4200 X107.471 Y111.147
G1 F900 X109.783 Y113.460 E26.9905
G0 F4200 X109.783 Y112.894
G1 F900 X108.038 Y111.149 E27.0725
G0 F4200 X108.605 Y111.150
G1 F900 X109.783 Y112.328 E27.1280
G0 F4200 X109.783 Y111.763
G1 F900 X109.172 Y111.152 E27.1567
G1 F3000 E22.1567
G1 F900 Z0.500
G0 F4200 X97.017 Y109.392
;TYPE:WALL-INNER
;WIDTH:0.400
G1 F900 Z0.200
G1 F1500 E27.1567
G1 F900 X96.913 Y109.413 E27.1602
G1 X92.588 Y109.413 E27.3041
G1 X92.483 Y109.392 E27.3076
G1 X92.437 Y109.362 E27.3095
G1 X92.394 Y109.296 E27.3121
G1 X92.388 Y109.234 E27.3142
G1 X92.388 Y104.887 E27.4587
G1 X92.408 Y104.782 E27.4623
G1 X92.438 Y104.738 E27.4641
G1 X92.504 Y104.694 E27.4667
G1 X92.566 Y104.688 E27.4688
G1 X96.990 Y104.699 E27.6159
G1 X97.080 Y104.758 E27.6195
G1 X97.113 Y104.868 E27.6233
G1 X97.113 Y108.927 E27.7583
G0 F900 X97.113 Y109.213
G0 F900 X97.092 Y109.317
G0 F900 X97.062 Y109.362
G0 F900 X97.017 Y109.392
G1 F3000 E22.7583
G0 F4200 X97.173 Y109.769
;TYPE:WALL-OUTER
;WIDTH:0.400
G1 F900 Z0.200
G1 F1500 E27.7583
G1 F900 X96.953 Y109.813 E27.7658
G1 X92.548 Y109.813 E27.9123
G1 X92.328 Y109.769 E27.9198
G1 X92.149 Y109.651 E27.9269
G1 X92.031 Y109.473 E27.9340
G1 X91.999 Y109.370 E27.9376
G1 X91.988 Y109.253 E27.9415
G1 X91.988 Y104.848 E28.0880
G1 X92.031 Y104.628 E28.0954
G1 X92.149 Y104.449 E28.1026
G1 X92.328 Y104.331 E28.1097
G1 X92.430 Y104.299 E28.1133
G1 X92.548 Y104.288 E28.1172
G1 X97.070 Y104.299 E28.2676
G1 X97.268 Y104.381 E28.2747
G1 X97.419 Y104.532 E28.2818
G1 X97.501 Y104.731 E28.2890
G1 X97.513 Y104.848 E28.2929
G1 X97.513 Y109.253 E28.4394
G1 X97.483 Y109.401 E28.4444
G0 F900 X97.469 Y109.473
G0 F900 X97.351 Y109.651
G0 F900 X97.173 Y109.769
G1 F3000 E23.4444
G0 F4200 X97.032 Y105.235
;TYPE:SOLID-FILL
;WIDTH:0.400
G1 F900 Z0.200
G1 F1500 E28.4444
G1 F900 X96.575 Y104.777 E28.4660
G0 F4200 X96.008 Y104.776
G1 F900 X97.032 Y105.800 E28.5141
G0 F4200 X97.032 Y106.366
G1 F900 X95.441 Y104.774 E28.5890
G0 F4200 X94.873 Y104.773
G1 F900 X97.032 Y106.932 E28.6905
G0 F4200 X97.032 Y107.497
G1 F900 X94.306 Y104.772 E28.8187
G0 F4200 X93.739 Y104.770
G1 F900 X97.032 Y108.063 E28.9736
G0 F4200 X97.032 Y108.629
G1 F900 X93.172 Y104.769 E29.1552
G0 F4200 X92.605 Y104.767
G1 F900 X97.032 Y109.194 E29.3634
G0 F4200 X96.604 Y109.332
G1 F900 X92.467 Y105.195 E29.5580
G0 F4200 X92.467 Y105.761
G1 F900 X96.038 Y109.332 E29.7260
G0 F4200 X95.472 Y109.332
G1 F900 X92.467 Y106.326 E29.8674
G0 F4200 X92.467 Y106.892
G1 F900 X94.907 Y109.332 E29.9821
G0 F4200 X94.341 Y109.332
G1 F900 X92.467 Y107.458 E30.0703
G0 F4200 X92.467 Y108.023
G1 F900 X93.775 Y109.332 E30.1318
G0 F4200 X93.210 Y109.332
G1 F900 X92.467 Y108.589 E30.1668
G0 F4200 X92.467 Y109.155
G1 F900 X92.644 Y109.332 E30.1751
G1 F3000 E25.1751
G1 F900 Z0.500
G0 F4200 X96.990 Y130.199
;TYPE:WALL-INNER
;WIDTH:0.400
G1 F900 Z0.200
G1 F1500 E30.1751
G1 F900 X97.080 Y130.258 E30.1787
G1 X97.113 Y130.368 E30.1825
G1 X97.113 Y134.713 E30.3270
G1 X97.092 Y134.817 E30.3305
G1 X97.062 Y134.862 E30.3323
G1 X97.017 Y134.892 E30.3341
G1 X96.913 Y134.913 E30.3377
G1 X92.588 Y134.913 E30.4815
G1 X92.483 Y134.892 E30.4851
G1 X92.437 Y134.862 E30.4869
G1 X92.394 Y134.796 E30.4895
G1 X92.388 Y134.734 E30.4916
G1 X92.391 Y130.355 E30.6372
G1 X92.438 Y130.238 E30.6414
G1 X92.504 Y130.194 E30.6441
G1 X92.566 Y130.188 E30.6461
G1 X96.490 Y130.198 E30.7767
G0 F900 X96.990 Y130.199
G1 F3000 E25.7767
G0 F4200 X97.070 Y129.799
;TYPE:WALL-OUTER
;WIDTH:0.400
G1 F900 Z0.200
G1 F1500 E30.7767
G1 F900 X97.268 Y129.881 E30.7838
G1 X97.419 Y130.032 E30.7909
G1 X97.501 Y130.231 E30.7980
G1 X97.513 Y130.348 E30.8020
G1 X97.513 Y134.753 E30.9485
G1 X97.469 Y134.973 E30.9559
G1 X97.351 Y135.151 E30.9630
G1 X97.173 Y135.269 E30.9701
G1 X96.953 Y135.313 E30.9776
G1 X92.548 Y135.313 E31.1241
G1 X92.328 Y135.269 E31.1316
G1 X92.149 Y135.151 E31.1387
G1 X92.031 Y134.973 E31.1458
G1 X91.999 Y134.870 E31.1494
G1 X91.988 Y134.753 E31.1533
G1 X91.991 Y130.312 E31.3010
G1 X92.031 Y130.128 E31.3073
G1 X92.149 Y129.949 E31.3144
G1 X92.328 Y129.831 E31.3215
G1 X92.430 Y129.799 E31.3251
G1 X92.548 Y129.788 E31.3290
G1 X96.570 Y129.798 E31.4628
G0 F900 X97.070 Y129.799
G1 F3000 E26.4628
G0 F4200 X96.619 Y130.277
;TYPE:SOLID-FILL
;WIDTH:0.400
G1 F900 Z0.200
G1 F1500 E31.4628
G1 F900 X97.033 Y130.691 E31.4823
G0 F4200 X97.033 Y131.257
G1 F900 X96.051 Y130.275 E31.5285
G0 F4200 X95.484 Y130.274
G1 F900 X97.033 Y131.823 E31.6013
G0 F4200 X97.033 Y132.388
G1 F900 X94.918 Y130.273 E31.7008
G0 F4200 X94.351 Y130.272
G1 F900 X97.033 Y132.954 E31.8270
G0 F4200 X97.033 Y133.520
G1 F900 X93.784 Y130.270 E31.9798
G0 F4200 X93.217 Y130.269
G1 F900 X97.033 Y134.085 E32.1593
G0 F4200 X97.033 Y134.651
G1 F900 X92.650 Y130.268 E32.3655
G0 F4200 X92.470 Y130.654
G1 F900 X96.648 Y134.832 E32.5620
G0 F4200 X96.083 Y134.832
G1 F900 X92.470 Y131.219 E32.7319
G0 F4200 X92.469 Y131.784
G1 F900 X95.517 Y134.832 E32.8753
G0 F4200 X94.951 Y134.832
G1 F900 X92.469 Y132.350 E32.9920
G0 F4200 X92.469 Y132.915
G1 F900 X94.386 Y134.832 E33.0822
G0 F4200 X93.820 Y134.832
G1 F900 X92.469 Y133.481 E33.1458
G0 F4200 X92.468 Y134.046
G1 F900 X93.254 Y134.832 E33.1827
G0 F4200 X92.688 Y134.832
G1 F900 X92.468 Y134.611 E33.1931
G1 F3000 E28.1931
G1 F900 Z0.500
G0 F4200 X98.941 Y136.563
;TYPE:WALL-INNER
;WIDTH:0.400
G1 F900 Z0.200
G1 F1500 E33.1931
G1 F900 X103.365 Y136.574 E33.3403
G1 X103.455 Y136.633 E33.3438
G1 X103.488 Y136.743 E33.3477
G1 X103.488 Y141.088 E33.4922
G1 X103.467 Y141.192 E33.4957
G1 X103.437 Y141.237 E33.4975
G1 X103.392 Y141.267 E33.4993
G1 X103.288 Y141.288 E33.5028
G1 X98.963 Y141.288 E33.6467
G1 X98.858 Y141.267 E33.6502
G1 X98.812 Y141.237 E33.6521
G1 X98.769 Y141.171 E33.6547
G1 X98.763 Y141.109 E33.6568
G1 X98.766 Y136.963 E33.7946
G0 F900 X98.766 Y136.730
G0 F900 X98.813 Y136.613
G0 F900 X98.879 Y136.569
G0 F900 X98.941 Y136.563
G1 F3000 E28.7946
G0 F4200 X98.923 Y136.163
;TYPE:WALL-OUTER
;WIDTH:0.400
G1 F900 Z0.200
G1 F1500 E33.7946
G1 F900 X103.445 Y136.174 E33.9450
G1 X103.643 Y136.256 E33.9522
G1 X103.794 Y136.407 E33.9593
G1 X103.876 Y136.606 E33.9664
G1 X103.888 Y136.723 E33.9704
G1 X103.888 Y141.128 E34.1169
G1 X103.844 Y141.348 E34.1243
G1 X103.726 Y141.526 E34.1314
G1 X103.548 Y141.644 E34.1385
G1 X103.328 Y141.688 E34.1460
G1 X98.923 Y141.688 E34.2925
G1 X98.703 Y141.644 E34.3000
G1 X98.524 Y141.526 E34.3071
G1 X98.406 Y141.348 E34.3142
G1 X98.374 Y141.245 E34.3178
G1 X98.363 Y141.128 E34.3217
G1 X98.366 Y136.687 E34.4694
G1 X98.406 Y136.503 E34.4757
G1 X98.490 Y136.375 E34.4808
G0 F900 X98.524 Y136.324
G0 F900 X98.703 Y136.206
G0 F900 X98.805 Y136.174
G0 F900 X98.923 Y136.163
G1 F3000 E29.4808
G0 F4200 X102.994 Y136.652
;TYPE:SOLID-FILL
;WIDTH:0.400
G1 F900 Z0.200
G1 F1500 E34.4808
G1 F900 X103.408 Y137.066 E34.5002
G0 F4200 X103.408 Y137.631
G1 F900 X102.427 Y136.651 E34.5464
G0 F4200 X101.860 Y136.649
G1 F900 X103.408 Y138.197 E34.6192
G0 F4200 X103.408 Y138.763
G1 F900 X101.293 Y136.648 E34.7186
G0 F4200 X100.725 Y136.646
G1 F900 X103.408 Y139.329 E34.8448
G0 F4200 X103.408 Y139.894
G1 F900 X100.158 Y136.645 E34.9977
G0 F4200 X99.591 Y136.644
G1 F900 X103.408 Y140.460 E35.1772
G0 F4200 X103.408 Y141.026
G1 F900 X99.024 Y136.642 E35.3834
G0 F4200 X98.845 Y137.028
G1 F900 X103.023 Y141.207 E35.5800
G0 F4200 X102.457 Y141.207
G1 F900 X98.845 Y137.594 E35.7499
G0 F4200 X98.844 Y138.159
G1 F900 X101.891 Y141.207 E35.8932
G0 F4200 X101.326 Y141.207
G1 F900 X98.844 Y138.725 E36.0100
G0 F4200 X98.843 Y139.290
G1 F900 X100.760 Y141.207 E36.1001
G0 F4200 X100.194 Y141.207
G1 F900 X98.843 Y139.855 E36.1637
G0 F4200 X98.842 Y140.420
G1 F900 X99.629 Y141.207 E36.2007
G0 F4200 X99.063 Y141.207
G1 F900 X98.842 Y140.986 E36.2111
G1 F3000 E31.2111
G1 F900 Z0.500
G0 F4200 X105.254 Y136.569
;TYPE:WALL-INNER
;WIDTH:0.400
G1 F900 Z0.200
G1 F1500 E36.2111
G1 F900 X105.316 Y136.563 E36.2132
G1 X109.740 Y136.574 E36.3603
G1 X109.830 Y136.633 E36.3639
G1 X109.863 Y136.743 E36.3677
G1 X109.863 Y141.088 E36.5123
G1 X109.842 Y141.192 E36.5158
G1 X109.812 Y141.237 E36.5176
G1 X109.767 Y141.267 E36.5194
G1 X109.663 Y141.288 E36.5229
G1 X105.338 Y141.288 E36.6668
G1 X105.233 Y141.267 E36.6703
G1 X105.187 Y141.237 E36.6722
G1 X105.144 Y141.171 E36.6748
G1 X105.138 Y141.109 E36.6768
G1 X105.141 Y137.025 E36.8127
G0 F900 X105.141 Y136.730
G0 F900 X105.188 Y136.613
G0 F900 X105.254 Y136.569
G1 F3000 E31.8127
G0 F4200 X105.180 Y136.174
;TYPE:WALL-OUTER
;WIDTH:0.400
G1 F900 Z0.200
G1 F1500 E36.8127
G1 F900 X105.298 Y136.163 E36.8166
G1 X109.820 Y136.174 E36.9670
G1 X110.018 Y136.256 E36.9742
G1 X110.169 Y136.407 E36.9813
G1 X110.251 Y136.606 E36.9884
G1 X110.263 Y136.723 E36.9923
G1 X110.263 Y141.128 E37.1388
G1 X110.219 Y141.348 E37.1463
G1 X110.101 Y141.526 E37.1534
G1 X109.923 Y141.644 E37.1605
G1 X109.703 Y141.688 E37.1680
G1 X105.298 Y141.688 E37.3145
G1 X105.078 Y141.644 E37.3219
G1 X104.899 Y141.526 E37.3291
G1 X104.781 Y141.348 E37.3362
G1 X104.749 Y141.245 E37.3398
G1 X104.738 Y141.128 E37.3437
G1 X104.741 Y136.687 E37.4914
G1 X104.781 Y136.503 E37.4976
G1 X104.800 Y136.474 E37.4988
G0 F900 X104.899 Y136.324
G0 F900 X105.078 Y136.206
G0 F900 X105.180 Y136.174
G1 F3000 E32.4988
G0 F4200 X109.216 Y136.652
;TYPE:SOLID-FILL
;WIDTH:0.400
G1 F900 Z0.200
G1 F1500 E37.4988
G1 F900 X109.783 Y137.219 E37.5255
G0 F4200 X109.783 Y137.784
G1 F900 X108.649 Y136.651 E37.5788
G0 F4200 X108.082 Y136.649
G1 F900 X109.783 Y138.350 E37.6588
G0 F4200 X109.783 Y138.916
G1 F900 X107.515 Y136.648 E37.7655
G0 F4200 X106.948 Y136.646
G1 F900 X109.783 Y139.481 E37.8988
G0 F4200 X109.783 Y140.047
G1 F900 X106.381 Y136.645 E38.0588
G0 F4200 X105.814 Y136.644
G1 F900 X109.783 Y140.613 E38.2455
G0 F4200 X109.783 Y141.178
G1 F900 X105.247 Y136.642 E38.4589
G0 F4200 X105.220 Y137.181
G1 F900 X109.245 Y141.207 E38.6482
G0 F4200 X108.680 Y141.207
G1 F900 X105.220 Y137.747 E38.8110
G0 F4200 X105.219 Y138.312
G1 F900 X108.114 Y141.207 E38.9472
G0 F4200 X107.548 Y141.207
G1 F900 X105.219 Y138.877 E39.0567
G0 F4200 X105.218 Y139.442
G1 F900 X106.983 Y141.207 E39.1397
G0 F4200 X106.417 Y141.207
G1 F900 X105.218 Y140.008 E39.1961
G0 F4200 X105.218 Y140.573
G1 F900 X105.851 Y141.207 E39.2259
G0 F4200 X105.286 Y141.207
G1 F900 X105.218 Y141.139 E39.2291
G1 F3000 E34.2291
G1 F900 Z0.500
G0 F4200 X111.563 Y136.613
;TYPE:WALL-INNER
;WIDTH:0.400
G1 F900 Z0.200
G1 F1500 E39.2291
G1 F900 X111.629 Y136.569 E39.2318
G1 X111.691 Y136.563 E39.2339
G1 X116.115 Y136.574 E39.3810
G1 X116.205 Y136.633 E39.3846
G1 X116.238 Y136.743 E39.3884
G1 X116.238 Y141.088 E39.5329
G1 X116.217 Y141.192 E39.5364
G1 X116.187 Y141.237 E39.5382
G1 X116.142 Y141.267 E39.5400
G1 X116.038 Y141.288 E39.5436
G1 X111.713 Y141.288 E39.6874
G1 X111.608 Y141.267 E39.6910
G1 X111.562 Y141.237 E39.6928
G1 X111.519 Y141.171 E39.6954
G1 X111.513 Y141.109 E39.6975
G1 X111.516 Y137.104 E39.8307
G0 F900 X111.516 Y136.730
G0 F900 X111.563 Y136.613
G1 F3000 E34.8307
G0 F4200 X111.274 Y136.324
;TYPE:WALL-OUTER
;WIDTH:0.400
G1 F900 Z0.200
G1 F1500 E39.8307
G1 F900 X111.453 Y136.206 E39.8378
G1 X111.555 Y136.174 E39.8414
G1 X111.673 Y136.163 E39.8453
G1 X116.195 Y136.174 E39.9957
G1 X116.393 Y136.256 E40.0029
G1 X116.544 Y136.407 E40.0100
G1 X116.626 Y136.606 E40.0171
G1 X116.638 Y136.723 E40.0210
G1 X116.638 Y141.128 E40.1675
G1 X116.594 Y141.348 E40.1750
G1 X116.476 Y141.526 E40.1821
G1 X116.298 Y141.644 E40.1892
G1 X116.078 Y141.688 E40.1967
G1 X111.673 Y141.688 E40.3432
G1 X111.453 Y141.644 E40.3506
G1 X111.274 Y141.526 E40.3578
G1 X111.156 Y141.348 E40.3649
G1 X111.124 Y141.245 E40.3685
G1 X111.113 Y141.128 E40.3724
G1 X111.116 Y136.785 E40.5168
G0 F900 X111.116 Y136.687
G0 F900 X111.156 Y136.503
G0 F900 X111.274 Y136.324
G1 F3000 E35.5168
G0 F4200 X111.593 Y140.726
;TYPE:SOLID-FILL
;WIDTH:0.400
G1 F900 Z0.200
G1 F1500 E40.5168
G1 F900 X112.074 Y141.207 E40.5394
G0 F4200 X112.639 Y141.207
G1 F900 X111.593 Y140.160 E40.5887
G0 F4200 X111.594 Y139.595
G1 F900 X113.205 Y141.207 E40.6645
G0 F4200 X113.771 Y141.207
G1 F900 X111.594 Y139.029 E40.7669
G0 F4200 X111.594 Y138.464
G1 F900 X114.337 Y141.207 E40.8959
G0 F4200 X114.902 Y141.207
G1 F900 X111.594 Y137.899 E41.0515
G0 F4200 X111.595 Y137.334
G1 F900 X115.468 Y141.207 E41.2337
G0 F4200 X116.034 Y141.207
G1 F900 X111.595 Y136.768 E41.4425
G0 F4200 X112.036 Y136.643
G1 F900 X116.158 Y140.765 E41.6364
G0 F4200 X116.158 Y140.200
G1 F900 X112.603 Y136.644 E41.8036
G0 F4200 X113.170 Y136.646
G1 F900 X116.158 Y139.634 E41.9442
G0 F4200 X116.158 Y139.068
G1 F900 X113.737 Y136.647 E42.0580
G0 F4200 X114.304 Y136.649
G1 F900 X116.158 Y138.503 E42.1452
G0 F4200 X116.158 Y137.937
G1 F900 X114.871 Y136.650 E42.2058
G0 F4200 X115.438 Y136.651
G1 F900 X116.158 Y137.371 E42.2396
G0 F4200 X116.158 Y136.806
G1 F900 X116.005 Y136.653 E42.2468
G1 F3000 E37.2468
G1 F900 Z0.500
G0 F4200 X117.938 Y130.237
;TYPE:WALL-INNER
;WIDTH:0.400
G1 F900 Z0.200
G1 F1500 E42.2468
G1 F900 X118.004 Y130.194 E42.2495
G1 X118.066 Y130.188 E42.2515
G1 X122.490 Y130.199 E42.3987
G1 X122.580 Y130.258 E42.4023
G1 X122.613 Y130.368 E42.4061
G1 X122.613 Y134.713 E42.5506
G1 X122.592 Y134.817 E42.5541
G1 X122.562 Y134.862 E42.5559
G1 X122.517 Y134.892 E42.5577
G1 X122.413 Y134.913 E42.5612
G1 X118.087 Y134.913 E42.7051
G1 X117.982 Y134.892 E42.7087
G1 X117.938 Y134.862 E42.7105
G1 X117.894 Y134.796 E42.7131
G1 X117.888 Y134.734 E42.7152
G1 X117.891 Y130.728 E42.8484
G0 F900 X117.891 Y130.355
G0 F900 X117.938 Y130.237
G1 F3000 E37.8484
G0 F4200 X117.649 Y129.949
;TYPE:WALL-OUTER
;WIDTH:0.400
G1 F900 Z0.200
G1 F1500 E42.8484
G1 F900 X117.827 Y129.831 E42.8555
G1 X117.930 Y129.799 E42.8591
G1 X118.048 Y129.788 E42.8630
G1 X122.570 Y129.799 E43.0134
G1 X122.768 Y129.881 E43.0206
G1 X122.919 Y130.032 E43.0277
G1 X123.001 Y130.231 E43.0348
G1 X123.013 Y130.348 E43.0387
G1 X123.013 Y134.753 E43.1853
G1 X122.969 Y134.973 E43.1927
G1 X122.851 Y135.151 E43.1998
G1 X122.673 Y135.269 E43.2069
G1 X122.453 Y135.313 E43.2144
G1 X118.048 Y135.313 E43.3609
G1 X117.827 Y135.269 E43.3684
G1 X117.649 Y135.151 E43.3755
G1 X117.531 Y134.973 E43.3826
G1 X117.499 Y134.870 E43.3862
G1 X117.488 Y134.753 E43.3901
G1 X117.491 Y130.410 E43.5345
G0 F900 X117.491 Y130.312
G0 F900 X117.531 Y130.128
G0 F900 X117.649 Y129.949
G1 F3000 E38.5345
G0 F4200 X122.075 Y130.278
;TYPE:SOLID-FILL
;WIDTH:0.400
G1 F900 Z0.200
G1 F1500 E43.5345
G1 F900 X122.533 Y130.735 E43.5561
G0 F4200 X122.533 Y131.301
G1 F900 X121.508 Y130.276 E43.6043
G0 F4200 X120.941 Y130.275
G1 F900 X122.533 Y131.866 E43.6791
G0 F4200 X122.533 Y132.432
G1 F900 X120.374 Y130.273 E43.7807
G0 F4200 X119.807 Y130.272
G1 F900 X122.533 Y132.998 E43.9089
G0 F4200 X122.533 Y133.563
G1 F900 X119.240 Y130.270 E44.0638
G0 F4200 X118.673 Y130.269
G1 F900 X122.533 Y134.129 E44.2454
G0 F4200 X122.533 Y134.695
G1 F900 X118.105 Y130.268 E44.4536
G0 F4200 X117.970 Y130.698
G1 F900 X122.104 Y134.832 E44.6481
G0 F4200 X121.538 Y134.832
G1 F900 X117.970 Y131.263 E44.8159
G0 F4200 X117.969 Y131.828
G1 F900 X120.973 Y134.832 E44.9572
G0 F4200 X120.407 Y134.832
G1 F900 X117.969 Y132.394 E45.0719
G0 F4200 X117.968 Y132.959
G1 F900 X119.841 Y134.832 E45.1600
G0 F4200 X119.276 Y134.832
G1 F900 X117.968 Y133.525 E45.2215
G0 F4200 X117.968 Y134.090
G1 F900 X118.710 Y134.832 E45.2564
G0 F4200 X118.144 Y134.832
G1 F900 X117.968 Y134.655 E45.2647
;LAYER:1
;Z:0.400
;HEIGHT:0.200
M106 S255
G4 P500
M106 S128
M140 S45
G1 F3000 E40.2647
G0 F900 Z0.400
G0 F4200 X117.909 Y130.279
;TYPE:WALL-INNER
;WIDTH:0.400
G1 F900 Z0.400
G1 F1500 E45.2647
G1 F1650 X117.936 Y130.237 E45.2664
G1 X117.971 Y130.205 E45.2679
G1 X118.066 Y130.188 E45.2712
G1 X122.490 Y130.199 E45.4183
G1 X122.580 Y130.258 E45.4219
G1 X122.613 Y130.368 E45.4257
G1 X122.613 Y134.713 E45.5702
G1 X122.592 Y134.817 E45.5737
G1 X122.562 Y134.862 E45.5755
G1 X122.517 Y134.892 E45.5773
G1 X122.413 Y134.913 E45.5809
G1 X118.087 Y134.913 E45.7248
G1 X117.982 Y134.892 E45.7283
G1 X117.938 Y134.862 E45.7301
G1 X117.894 Y134.796 E45.7327
G1 X117.888 Y134.734 E45.7348
G1 X117.888 Y130.777 E45.8664
G0 F1650 X117.888 Y130.387
G0 F1650 X117.909 Y130.279
G1 F3000 E40.8664
G0 F4200 X117.531 Y130.128
;TYPE:WALL-OUTER
;WIDTH:0.400
G1 F900 Z0.400
G1 F1500 E45.8664
G1 F1350 X117.628 Y129.975 E45.8724
G1 X117.736 Y129.879 E45.8772
G1 X117.827 Y129.831 E45.8807
G1 X117.930 Y129.799 E45.8842
G1 X118.048 Y129.788 E45.8882
G1 X122.570 Y129.799 E46.0386
G1 X122.768 Y129.881 E46.0457
G1 X122.919 Y130.032 E46.0528
G1 X123.001 Y130.231 E46.0600
G1 X123.013 Y130.348 E46.0639
G1 X123.013 Y134.753 E46.2104
G1 X122.969 Y134.973 E46.2179
G1 X122.851 Y135.151 E46.2250
G1 X122.673 Y135.269 E46.2321
G1 X122.453 Y135.313 E46.2395
G1 X118.048 Y135.313 E46.3860
G1 X117.827 Y135.269 E46.3935
G1 X117.649 Y135.151 E46.4006
G1 X117.531 Y134.973 E46.4077
G1 X117.499 Y134.870 E46.4113
G1 X117.488 Y134.753 E46.4152
G1 X117.488 Y130.624 E46.5526
G0 F1350 X117.488 Y130.348
G0 F1350 X117.531 Y130.128
G1 F3000 E41.5526
G0 F4200 X117.968 Y130.650
;TYPE:SOLID-FILL
;WIDTH:0.400
G1 F900 Z0.400
G1 F1500 E46.5526
G1 F1350 X118.350 Y130.268 E46.5700
G0 F4200 X118.914 Y130.269
G1 F1350 X117.968 Y131.216 E46.6132
G0 F4200 X117.968 Y131.782
G1 F1350 X119.479 Y130.270 E46.6821
G0 F4200 X120.043 Y130.272
G1 F1350 X117.968 Y132.347 E46.7768
G0 F4200 X117.968 Y132.913
G1 F1350 X120.607 Y130.273 E46.8973
G0 F4200 X121.171 Y130.275
G1 F1350 X117.968 Y133.479 E47.0434
G0 F4200 X117.968 Y134.044
G1 F1350 X121.736 Y130.276 E47.2153
G0 F4200 X122.300 Y130.278
G1 F1350 X117.968 Y134.610 E47.4130
G0 F4200 X118.311 Y134.832
G1 F1350 X122.533 Y130.611 E47.6056
G0 F4200 X122.533 Y131.176
G1 F1350 X118.877 Y134.832 E47.7724
G0 F4200 X119.443 Y134.832
G1 F1350 X122.533 Y131.742 E47.9134
G0 F4200 X122.533 Y132.308
G1 F1350 X120.008 Y134.832 E48.0286
G0 F4200 X120.574 Y134.832
G1 F1350 X122.533 Y132.873 E48.1179
G0 F4200 X122.533 Y133.439
G1 F1350 X121.140 Y134.832 E48.1815
G0 F4200 X121.705 Y134.832
G1 F1350 X122.533 Y134.005 E48.2193
G0 F4200 X122.533 Y134.570
G1 F1350 X122.271 Y134.832 E48.2312
G1 F3000 E43.2312
G1 F900 Z0.700
G0 F4200 X111.597 Y136.580
;TYPE:WALL-INNER
;WIDTH:0.400
G1 F900 Z0.400
G1 F1500 E48.2312
G1 F1650 X111.691 Y136.563 E48.2344
G1 X116.115 Y136.574 E48.3815
G1 X116.205 Y136.633 E48.3851
G1 X116.238 Y136.743 E48.3889
G1 X116.238 Y141.088 E48.5334
G1 X116.217 Y141.192 E48.5370
G1 X116.187 Y141.237 E48.5388
G1 X116.142 Y141.267 E48.5406
G1 X116.038 Y141.288 E48.5441
G1 X111.713 Y141.288 E48.6880
G1 X111.608 Y141.267 E48.6915
G1 X111.562 Y141.237 E48.6933
G1 X111.519 Y141.171 E48.6960
G1 X111.513 Y141.109 E48.6980
G1 X111.513 Y137.057 E48.8328
G0 F1650 X111.513 Y136.762
G0 F1650 X111.560 Y136.613
G0 F1650 X111.597 Y136.580
G1 F3000 E43.8328
G0 F4200 X111.453 Y136.206
;TYPE:WALL-OUTER
;WIDTH:0.400
G1 F900 Z0.400
G1 F1500 E48.8328
G1 F1350 X111.555 Y136.174 E48.8364
G1 X111.673 Y136.163 E48.8403
G1 X116.195 Y136.174 E48.9907
G1 X116.393 Y136.256 E48.9978
G1 X116.544 Y136.407 E49.0049
G1 X116.626 Y136.606 E49.0121
G1 X116.638 Y136.723 E49.0160
G1 X116.638 Y141.128 E49.1625
G1 X116.594 Y141.348 E49.1700
G1 X116.476 Y141.526 E49.1771
G1 X116.298 Y141.644 E49.1842
G1 X116.078 Y141.688 E49.1916
G1 X111.673 Y141.688 E49.3382
G1 X111.453 Y141.644 E49.3456
G1 X111.274 Y141.526 E49.3527
G1 X111.156 Y141.348 E49.3599
G1 X111.124 Y141.245 E49.3634
G1 X111.113 Y141.128 E49.3673
G1 X111.113 Y136.723 E49.5139
G1 X111.143 Y136.573 E49.5189
G0 F1350 X111.156 Y136.503
G0 F1350 X111.253 Y136.350
G0 F1350 X111.361 Y136.255
G0 F1350 X111.453 Y136.206
G1 F3000 E44.5189
G0 F4200 X111.975 Y136.643
;TYPE:SOLID-FILL
;WIDTH:0.400
G1 F900 Z0.400
G1 F1500 E49.5189
G1 F1350 X111.593 Y137.025 E49.5364
G0 F4200 X111.593 Y137.590
G1 F1350 X112.539 Y136.644 E49.5795
G0 F4200 X113.104 Y136.645
G1 F1350 X111.593 Y138.156 E49.6485
G0 F4200 X111.593 Y138.722
G1 F1350 X113.668 Y136.646 E49.7432
G0 F4200 X114.233 Y136.648
G1 F1350 X111.593 Y139.288 E49.8636
G0 F4200 X111.593 Y139.853
G1 F1350 X114.797 Y136.649 E50.0098
G0 F4200 X115.361 Y136.651
G1 F1350 X111.593 Y140.419 E50.1817
G0 F4200 X111.593 Y140.985
G1 F1350 X115.925 Y136.652 E50.3794
G0 F4200 X116.157 Y136.986
G1 F1350 X111.936 Y141.207 E50.5720
G0 F4200 X112.502 Y141.207
G1 F1350 X116.157 Y137.552 E50.7388
G0 F4200 X116.157 Y138.117
G1 F1350 X113.067 Y141.207 E50.8797
G0 F4200 X113.633 Y141.207
G1 F1350 X116.157 Y138.683 E50.9949
G0 F4200 X116.157 Y139.249
G1 F1350 X114.199 Y141.207 E51.0842
G0 F4200 X114.764 Y141.207
G1 F1350 X116.157 Y139.814 E51.1478
G0 F4200 X116.157 Y140.380
G1 F1350 X115.330 Y141.207 E51.1855
G0 F4200 X115.896 Y141.207
G1 F1350 X116.157 Y140.946 E51.1974
G1 F3000 E46.1974
G1 F900 Z0.700
G0 F4200 X105.222 Y136.580
;TYPE:WALL-INNER
;WIDTH:0.400
G1 F900 Z0.400
G1 F1500 E51.1974
G1 F1650 X105.316 Y136.563 E51.2006
G1 X109.740 Y136.574 E51.3478
G1 X109.830 Y136.633 E51.3513
G1 X109.863 Y136.743 E51.3551
G1 X109.863 Y141.088 E51.4997
G1 X109.842 Y141.192 E51.5032
G1 X109.812 Y141.237 E51.5050
G1 X109.767 Y141.267 E51.5068
G1 X109.663 Y141.288 E51.5103
G1 X105.338 Y141.288 E51.6542
G1 X105.233 Y141.267 E51.6577
G1 X105.187 Y141.237 E51.6596
G1 X105.144 Y141.171 E51.6622
G1 X105.138 Y141.109 E51.6642
G1 X105.138 Y137.057 E51.7990
G0 F1650 X105.138 Y136.762
G0 F1650 X105.185 Y136.613
G0 F1650 X105.222 Y136.580
G1 F3000 E46.7990
G0 F4200 X105.078 Y136.206
;TYPE:WALL-OUTER
;WIDTH:0.400
G1 F900 Z0.400
G1 F1500 E51.7990
G1 F1350 X105.180 Y136.174 E51.8026
G1 X105.298 Y136.163 E51.8065
G1 X109.820 Y136.174 E51.9569
G1 X110.018 Y136.256 E51.9640
G1 X110.169 Y136.407 E51.9712
G1 X110.251 Y136.606 E51.9783
G1 X110.263 Y136.723 E51.9822
G1 X110.263 Y141.128 E52.1287
G1 X110.219 Y141.348 E52.1362
G1 X110.101 Y141.526 E52.1433
G1 X109.923 Y141.644 E52.1504
G1 X109.703 Y141.688 E52.1579
G1 X105.298 Y141.688 E52.3044
G1 X105.078 Y141.644 E52.3118
G1 X104.899 Y141.526 E52.3190
G1 X104.781 Y141.348 E52.3261
G1 X104.749 Y141.245 E52.3297
G1 X104.738 Y141.128 E52.3336
G1 X104.738 Y136.723 E52.4801
G1 X104.768 Y136.573 E52.4852
G0 F1350 X104.781 Y136.503
G0 F1350 X104.878 Y136.350
G0 F1350 X104.986 Y136.255
G0 F1350 X105.078 Y136.206
G1 F3000 E47.4852
G0 F4200 X105.753 Y136.642
;TYPE:SOLID-FILL
;WIDTH:0.400
G1 F900 Z0.400
G1 F1500 E52.4852
G1 F1350 X105.218 Y137.178 E52.5096
G0 F4200 X105.218 Y137.743
G1 F1350 X106.317 Y136.644 E52.5597
G0 F4200 X106.882 Y136.645
G1 F1350 X105.218 Y138.309 E52.6357
G0 F4200 X105.218 Y138.875
G1 F1350 X107.446 Y136.646 E52.7373
G0 F4200 X108.010 Y136.648
G1 F1350 X105.218 Y139.440 E52.8647
G0 F4200 X105.218 Y140.006
G1 F1350 X108.574 Y136.649 E53.0179
G0 F4200 X109.139 Y136.651
G1 F1350 X105.218 Y140.572 E53.1968
G0 F4200 X105.218 Y141.137
G1 F1350 X109.703 Y136.652 E53.4014
G0 F4200 X109.783 Y137.138
G1 F1350 X105.714 Y141.207 E53.5871
G0 F4200 X106.280 Y141.207
G1 F1350 X109.783 Y137.704 E53.7469
G0 F4200 X109.783 Y138.269
G1 F1350 X106.845 Y141.207 E53.8809
G0 F4200 X107.411 Y141.207
G1 F1350 X109.783 Y138.835 E53.9892
G0 F4200 X109.783 Y139.401
G1 F1350 X107.977 Y141.207 E54.0716
G0 F4200 X108.543 Y141.207
G1 F1350 X109.783 Y139.966 E54.1281
G0 F4200 X109.783 Y140.532
G1 F1350 X109.108 Y141.207 E54.1589
G0 F4200 X109.674 Y141.207
G1 F1350 X109.783 Y141.098 E54.1639
G1 F3000 E49.1639
G1 F900 Z0.700
G0 F4200 X98.941 Y136.563
;TYPE:WALL-INNER
;WIDTH:0.400
G1 F900 Z0.400
G1 F1500 E54.1639
G1 F1650 X103.365 Y136.574 E54.3111
G1 X103.455 Y136.633 E54.3146
G1 X103.488 Y136.743 E54.3185
G1 X103.488 Y141.088 E54.4630
G1 X103.467 Y141.192 E54.4665
G1 X103.437 Y141.237 E54.4683
G1 X103.392 Y141.267 E54.4701
G1 X103.288 Y141.288 E54.4736
G1 X98.963 Y141.288 E54.6175
G1 X98.858 Y141.267 E54.6210
G1 X98.812 Y141.237 E54.6229
G1 X98.769 Y141.171 E54.6255
G1 X98.763 Y141.109 E54.6276
G1 X98.763 Y136.962 E54.7655
G0 F1650 X98.763 Y136.762
G0 F1650 X98.810 Y136.613
G0 F1650 X98.847 Y136.580
G0 F1650 X98.941 Y136.563
G1 F3000 E49.7655
G0 F4200 X98.923 Y136.163
;TYPE:WALL-OUTER
;WIDTH:0.400
G1 F900 Z0.400
G1 F1500 E54.7655
G1 F1350 X103.445 Y136.174 E54.9159
G1 X103.643 Y136.256 E54.9230
G1 X103.794 Y136.407 E54.9301
G1 X103.876 Y136.606 E54.9373
G1 X103.888 Y136.723 E54.9412
G1 X103.888 Y141.128 E55.0877
G1 X103.844 Y141.348 E55.0952
G1 X103.726 Y141.526 E55.1023
G1 X103.548 Y141.644 E55.1094
G1 X103.328 Y141.688 E55.1168
G1 X98.923 Y141.688 E55.2633
G1 X98.703 Y141.644 E55.2708
G1 X98.524 Y141.526 E55.2779
G1 X98.406 Y141.348 E55.2850
G1 X98.374 Y141.245 E55.2886
G1 X98.363 Y141.128 E55.2925
G1 X98.363 Y136.723 E55.4391
G1 X98.406 Y136.503 E55.4465
G1 X98.488 Y136.374 E55.4516
G0 F1350 X98.503 Y136.350
G0 F1350 X98.611 Y136.255
G0 F1350 X98.703 Y136.206
G0 F1350 X98.805 Y136.174
G0 F1350 X98.923 Y136.163
G0 F4200 X98.965 Y136.642
;TYPE:SOLID-FILL
;WIDTH:0.400
G1 F1350 X98.842 Y136.765 E55.4572
G0 F4200 X98.842 Y137.330
G1 F1350 X99.530 Y136.643 E55.4886
G0 F4200 X100.094 Y136.644
G1 F1350 X98.842 Y137.896 E55.5457
G0 F4200 X98.842 Y138.462
G1 F1350 X100.658 Y136.646 E55.6286
G0 F4200 X101.223 Y136.647
G1 F1350 X98.842 Y139.027 E55.7372
G0 F4200 X98.842 Y139.593
G1 F1350 X101.787 Y136.649 E55.8715
G0 F4200 X102.351 Y136.650
G1 F1350 X98.842 Y140.159 E56.0316
G0 F4200 X98.842 Y140.724
G1 F1350 X102.915 Y136.651 E56.2174
G0 F4200 X103.408 Y136.725
G1 F1350 X98.926 Y141.207 E56.4219
G0 F4200 X99.492 Y141.207
G1 F1350 X103.408 Y137.291 E56.6006
G0 F4200 X103.408 Y137.856
G1 F1350 X100.057 Y141.207 E56.7535
G0 F4200 X100.623 Y141.207
G1 F1350 X103.408 Y138.422 E56.8806
G0 F4200 X103.408 Y138.988
G1 F1350 X101.189 Y141.207 E56.9818
G0 F4200 X101.754 Y141.207
G1 F1350 X103.408 Y139.553 E57.0573
G0 F4200 X103.408 Y140.119
G1 F1350 X102.320 Y141.207 E57.1069
G0 F4200 X102.886 Y141.207
G1 F1350 X103.408 Y140.685 E57.1307
G1 F3000 E52.1307
G1 F900 Z0.700
G0 F4200 X96.990 Y130.199
;TYPE:WALL-INNER
;WIDTH:0.400
G1 F900 Z0.400
G1 F1500 E57.1307
G1 F1650 X97.080 Y130.258 E57.1343
G1 X97.113 Y130.368 E57.1381
G1 X97.113 Y134.713 E57.2827
G1 X97.092 Y134.817 E57.2862
G1 X97.062 Y134.862 E57.2880
G1 X97.017 Y134.892 E57.2898
G1 X96.913 Y134.913 E57.2933
G1 X92.588 Y134.913 E57.4372
G1 X92.483 Y134.892 E57.4407
G1 X92.437 Y134.862 E57.4425
G1 X92.394 Y134.796 E57.4452
G1 X92.388 Y134.734 E57.4472
G1 X92.388 Y130.387 E57.5918
G1 X92.435 Y130.238 E57.5970
G1 X92.472 Y130.205 E57.5987
G1 X92.566 Y130.188 E57.6018
G1 X96.490 Y130.198 E57.7324
G0 F1650 X96.990 Y130.199
G1 F3000 E52.7324
G0 F4200 X97.070 Y129.799
;TYPE:WALL-OUTER
;WIDTH:0.400
G1 F900 Z0.400
G1 F1500 E57.7324
G1 F1350 X97.268 Y129.881 E57.7395
G1 X97.419 Y130.032 E57.7466
G1 X97.501 Y130.231 E57.7537
G1 X97.513 Y130.348 E57.7577
G1 X97.513 Y134.753 E57.9042
G1 X97.469 Y134.973 E57.9116
G1 X97.351 Y135.151 E57.9187
G1 X97.173 Y135.269 E57.9258
G1 X96.953 Y135.313 E57.9333
G1 X92.548 Y135.313 E58.0798
G1 X92.328 Y135.269 E58.0873
G1 X92.149 Y135.151 E58.0944
G1 X92.031 Y134.973 E58.1015
G1 X91.999 Y134.870 E58.1051
G1 X91.988 Y134.753 E58.1090
G1 X91.988 Y130.348 E58.2555
G1 X92.031 Y130.128 E58.2630
G1 X92.128 Y129.975 E58.2690
G1 X92.236 Y129.880 E58.2738
G1 X92.328 Y129.831 E58.2772
G1 X92.430 Y129.799 E58.2808
G1 X92.548 Y129.788 E58.2847
G1 X96.570 Y129.798 E58.4185
G0 F1350 X97.070 Y129.799
G1 F3000 E53.4185
G0 F4200 X92.894 Y130.268
;TYPE:SOLID-FILL
;WIDTH:0.400
G1 F900 Z0.400
G1 F1500 E58.4185
G1 F1350 X92.468 Y130.694 E58.4379
G0 F4200 X92.468 Y131.260
G1 F1350 X93.459 Y130.269 E58.4832
G0 F4200 X94.023 Y130.270
G1 F1350 X92.468 Y131.825 E58.5541
G0 F4200 X92.468 Y132.391
G1 F1350 X94.588 Y130.271 E58.6508
G0 F4200 X95.152 Y130.273
G1 F1350 X92.468 Y132.957 E58.7733
G0 F4200 X92.468 Y133.522
G1 F1350 X95.716 Y130.274 E58.9215
G0 F4200 X96.281 Y130.275
G1 F1350 X92.468 Y134.088 E59.0955
G0 F4200 X92.468 Y134.654
G1 F1350 X96.845 Y130.277 E59.2952
G0 F4200 X97.032 Y130.655
G1 F1350 X92.855 Y134.832 E59.4857
G0 F4200 X93.421 Y134.832
G1 F1350 X97.032 Y131.221 E59.6505
G0 F4200 X97.032 Y131.787
G1 F1350 X93.987 Y134.832 E59.7894
G0 F4200 X94.552 Y134.832
G1 F1350 X97.032 Y132.352 E59.9026
G0 F4200 X97.032 Y132.918
G1 F1350 X95.118 Y134.832 E59.9899
G0 F4200 X95.684 Y134.832
G1 F1350 X97.032 Y133.484 E60.0514
G0 F4200 X97.032 Y134.049
G1 F1350 X96.249 Y134.832 E60.0871
G0 F4200 X96.815 Y134.832
G1 F1350 X97.032 Y134.615 E60.0970
G1 F3000 E55.0970
G1 F900 Z0.700
G0 F4200 X98.763 Y121.984
;TYPE:WALL-INNER
;WIDTH:0.400
G1 F900 Z0.400
G1 F1500 E60.0970
G1 F1650 X98.763 Y117.637 E60.2416
G1 X98.810 Y117.488 E60.2468
G1 X98.847 Y117.455 E60.2485
G1 X98.941 Y117.438 E60.2516
G1 X103.365 Y117.449 E60.3988
G1 X103.455 Y117.508 E60.4024
G1 X103.488 Y117.618 E60.4062
G1 X103.488 Y121.963 E60.5507
G1 X103.467 Y122.067 E60.5542
G1 X103.437 Y122.112 E60.5560
G1 X103.392 Y122.142 E60.5578
G1 X103.288 Y122.163 E60.5614
G1 X99.162 Y122.163 E60.6986
G0 F1650 X98.963 Y122.163
G0 F1650 X98.858 Y122.142
G0 F1650 X98.812 Y122.112
G0 F1650 X98.769 Y122.046
G0 F1650 X98.763 Y121.984
G1 F3000 E55.6986
G0 F4200 X98.363 Y122.003
;TYPE:WALL-OUTER
;WIDTH:0.400
G1 F900 Z0.400
G1 F1500 E60.6986
G1 F1350 X98.363 Y117.598 E60.8451
G1 X98.406 Y117.378 E60.8526
G1 X98.503 Y117.225 E60.8586
G1 X98.611 Y117.130 E60.8634
G1 X98.703 Y117.081 E60.8668
G1 X98.805 Y117.049 E60.8704
G1 X98.923 Y117.038 E60.8743
G1 X103.445 Y117.049 E61.0247
G1 X103.643 Y117.131 E61.0319
G1 X103.794 Y117.282 E61.0390
G1 X103.876 Y117.481 E61.0461
G1 X103.888 Y117.598 E61.0500
G1 X103.888 Y122.003 E61.1965
G1 X103.844 Y122.223 E61.2040
G1 X103.726 Y122.401 E61.2111
G1 X103.548 Y122.519 E61.2182
G1 X103.328 Y122.563 E61.2257
G1 X98.923 Y122.563 E61.3722
G1 X98.703 Y122.519 E61.3796
G1 X98.576 Y122.435 E61.3847
G0 F1350 X98.524 Y122.401
G0 F1350 X98.406 Y122.223
G0 F1350 X98.374 Y122.120
G0 F1350 X98.363 Y122.003
G1 F3000 E56.3847
G0 F4200 X98.842 Y118.097
;TYPE:SOLID-FILL
;WIDTH:0.400
G1 F900 Z0.400
G1 F1500 E61.3847
G1 F1350 X99.421 Y117.519 E61.4111
G0 F4200 X99.985 Y117.520
G1 F1350 X98.842 Y118.663 E61.4633
G0 F4200 X98.842 Y119.228
G1 F1350 X100.550 Y117.521 E61.5412
G0 F4200 X101.114 Y117.522
G1 F1350 X98.842 Y119.794 E61.6448
G0 F4200 X98.842 Y120.360
G1 F1350 X101.679 Y117.523 E61.7743
G0 F4200 X102.243 Y117.525
G1 F1350 X98.842 Y120.925 E61.9294
G0 F4200 X98.842 Y121.491
G1 F1350 X102.807 Y117.526 E62.1103
G0 F4200 X103.371 Y117.528
G1 F1350 X98.842 Y122.057 E62.3170
G0 F4200 X99.383 Y122.082
G1 F1350 X103.408 Y118.057 E62.5006
G0 F4200 X103.408 Y118.623
G1 F1350 X99.948 Y122.082 E62.6584
G0 F4200 X100.514 Y122.082
G1 F1350 X103.408 Y119.189 E62.7905
G0 F4200 X103.408 Y119.754
G1 F1350 X101.080 Y122.082 E62.8967
G0 F4200 X101.645 Y122.082
G1 F1350 X103.408 Y120.320 E62.9771
G0 F4200 X103.408 Y120.886
G1 F1350 X102.211 Y122.082 E63.0317
G0 F4200 X102.777 Y122.082
G1 F1350 X103.408 Y121.451 E63.0605
G0 F4200 X103.408 Y122.017
G1 F1350 X103.342 Y122.082 E63.0635
G1 F3000 E58.0635
G1 F900 Z0.700
G0 F4200 X105.138 Y121.984
;TYPE:WALL-INNER
;WIDTH:0.400
G1 F900 Z0.400
G1 F1500 E63.0635
G1 F1650 X105.138 Y117.637 E63.2080
G1 X105.158 Y117.532 E63.2116
G1 X105.188 Y117.488 E63.2134
G1 X105.254 Y117.444 E63.2160
G1 X105.316 Y117.438 E63.2181
G1 X109.740 Y117.449 E63.3652
G1 X109.830 Y117.508 E63.3688
G1 X109.863 Y117.618 E63.3726
G1 X109.863 Y121.963 E63.5171
G1 X109.842 Y122.067 E63.5207
G1 X109.812 Y122.112 E63.5225
G1 X109.767 Y122.142 E63.5243
G1 X109.663 Y122.163 E63.5278
G1 X105.537 Y122.163 E63.6650
G0 F1650 X105.338 Y122.163
G0 F1650 X105.233 Y122.142
G0 F1650 X105.187 Y122.112
G0 F1650 X105.144 Y122.046
G0 F1650 X105.138 Y121.984
G1 F3000 E58.6650
G0 F4200 X104.738 Y122.003
;TYPE:WALL-OUTER
;WIDTH:0.400
G1 F900 Z0.400
G1 F1500 E63.6650
G1 F1350 X104.738 Y117.598 E63.8115
G1 X104.781 Y117.378 E63.8190
G1 X104.899 Y117.199 E63.8261
G1 X105.078 Y117.081 E63.8333
G1 X105.180 Y117.049 E63.8368
G1 X105.298 Y117.038 E63.8408
G1 X109.820 Y117.049 E63.9912
G1 X110.018 Y117.131 E63.9983
G1 X110.169 Y117.282 E64.0054
G1 X110.251 Y117.481 E64.0125
G1 X110.263 Y117.598 E64.0165
G1 X110.263 Y122.003 E64.1630
G1 X110.219 Y122.223 E64.1704
G1 X110.101 Y122.401 E64.1775
G1 X109.923 Y122.519 E64.1846
G1 X109.703 Y122.563 E64.1921
G1 X105.298 Y122.563 E64.3386
G1 X105.078 Y122.519 E64.3461
G1 X104.951 Y122.435 E64.3511
G0 F1350 X104.899 Y122.401
G0 F1350 X104.781 Y122.223
G0 F1350 X104.749 Y122.120
G0 F1350 X104.738 Y122.003
G1 F3000 E59.3511
G0 F4200 X105.218 Y117.944
;TYPE:SOLID-FILL
;WIDTH:0.400
G1 F900 Z0.400
G1 F1500 E64.3511
G1 F1350 X105.644 Y117.518 E64.3706
G0 F4200 X106.208 Y117.519
G1 F1350 X105.218 Y118.510 E64.4158
G0 F4200 X105.218 Y119.076
G1 F1350 X106.773 Y117.521 E64.4867
G0 F4200 X107.338 Y117.521
G1 F1350 X105.218 Y119.641 E64.5834
G0 F4200 X105.218 Y120.207
G1 F1350 X107.902 Y117.523 E64.7059
G0 F4200 X108.466 Y117.524
G1 F1350 X105.218 Y120.773 E64.8541
G0 F4200 X105.218 Y121.338
G1 F1350 X109.030 Y117.526 E65.0280
G0 F4200 X109.595 Y117.527
G1 F1350 X105.218 Y121.904 E65.2277
G0 F4200 X105.605 Y122.082
G1 F1350 X109.782 Y117.905 E65.4183
G0 F4200 X109.782 Y118.471
G1 F1350 X106.171 Y122.082 E65.5831
G0 F4200 X106.737 Y122.082
G1 F1350 X109.782 Y119.037 E65.7220
G0 F4200 X109.782 Y119.602
G1 F1350 X107.302 Y122.082 E65.8352
G0 F4200 X107.868 Y122.082
G1 F1350 X109.782 Y120.168 E65.9225
G0 F4200 X109.782 Y120.734
G1 F1350 X108.434 Y122.082 E65.9840
G0 F4200 X108.999 Y122.082
G1 F1350 X109.782 Y121.299 E66.0197
G0 F4200 X109.782 Y121.865
G1 F1350 X109.565 Y122.082 E66.0296
G1 F3000 E61.0296
G1 F900 Z0.700
G0 F4200 X111.513 Y121.984
;TYPE:WALL-INNER
;WIDTH:0.400
G1 F900 Z0.400
G1 F1500 E66.0296
G1 F1650 X111.513 Y117.637 E66.1742
G1 X111.533 Y117.532 E66.1778
G1 X111.563 Y117.488 E66.1795
G1 X111.629 Y117.444 E66.1822
G1 X111.691 Y117.438 E66.1842
G1 X116.115 Y117.449 E66.3314
G1 X116.205 Y117.508 E66.3350
G1 X116.238 Y117.618 E66.3388
G1 X116.238 Y121.963 E66.4833
G1 X116.217 Y122.067 E66.4868
G1 X116.187 Y122.112 E66.4886
G1 X116.142 Y122.142 E66.4904
G1 X116.038 Y122.163 E66.4940
G1 X111.912 Y122.163 E66.6312
G0 F1650 X111.713 Y122.163
G0 F1650 X111.608 Y122.142
G0 F1650 X111.562 Y122.112
G0 F1650 X111.519 Y122.046
G0 F1650 X111.513 Y121.984
G1 F3000 E61.6312
G0 F4200 X111.113 Y122.003
;TYPE:WALL-OUTER
;WIDTH:0.400
G1 F900 Z0.400
G1 F1500 E66.6312
G1 F1350 X111.113 Y117.598 E66.7777
G1 X111.156 Y117.378 E66.7851
G1 X111.274 Y117.199 E66.7923
G1 X111.453 Y117.081 E66.7994
G1 X111.555 Y117.049 E66.8030
G1 X111.673 Y117.038 E66.8069
G1 X116.195 Y117.049 E66.9573
G1 X116.393 Y117.131 E66.9644
G1 X116.544 Y117.282 E66.9715
G1 X116.626 Y117.481 E66.9787
G1 X116.638 Y117.598 E66.9826
G1 X116.638 Y122.003 E67.1291
G1 X116.594 Y122.223 E67.1366
G1 X116.476 Y122.401 E67.1437
G1 X116.298 Y122.519 E67.1508
G1 X116.078 Y122.563 E67.1583
G1 X111.673 Y122.563 E67.3048
G1 X111.453 Y122.519 E67.3122
G1 X111.326 Y122.435 E67.3173
G0 F1350 X111.274 Y122.401
G0 F1350 X111.156 Y122.223
G0 F1350 X111.124 Y122.120
G0 F1350 X111.113 Y122.003
G1 F3000 E62.3173
G0 F4200 X111.592 Y117.792
;TYPE:SOLID-FILL
;WIDTH:0.400
G1 F900 Z0.400
G1 F1500 E67.3173
G1 F1350 X111.868 Y117.516 E67.3299
G0 F4200 X112.432 Y117.518
G1 F1350 X111.592 Y118.358 E67.3682
G0 F4200 X111.592 Y118.924
G1 F1350 X112.997 Y117.519 E67.4323
G0 F4200 X113.561 Y117.521
G1 F1350 X111.592 Y119.489 E67.5221
G0 F4200 X111.592 Y120.055
G1 F1350 X114.125 Y117.522 E67.6377
G0 F4200 X114.689 Y117.523
G1 F1350 X111.592 Y120.621 E67.7790
G0 F4200 X111.592 Y121.186
G1 F1350 X115.254 Y117.525 E67.9461
G0 F4200 X115.818 Y117.526
G1 F1350 X111.592 Y121.752 E68.1389
G0 F4200 X111.828 Y122.081
G1 F1350 X116.157 Y117.753 E68.3364
G0 F4200 X116.157 Y118.318
G1 F1350 X112.394 Y122.081 E68.5081
G0 F4200 X112.960 Y122.081
G1 F1350 X116.157 Y118.884 E68.6539
G0 F4200 X116.157 Y119.450
G1 F1350 X113.525 Y122.081 E68.7740
G0 F4200 X114.091 Y122.081
G1 F1350 X116.157 Y120.015 E68.8683
G0 F4200 X116.157 Y120.581
G1 F1350 X114.657 Y122.081 E68.9367
G0 F4200 X115.223 Y122.081
G1 F1350 X116.157 Y121.147 E68.9793
G0 F4200 X116.157 Y121.712
G1 F1350 X115.788 Y122.081 E68.9962
G1 F3000 E63.9962
G1 F900 Z0.700
G0 F4200 X105.185 Y123.863
;TYPE:WALL-INNER
;WIDTH:0.400
G1 F900 Z0.400
G1 F1500 E68.9962
G1 F1650 X105.222 Y123.830 E68.9978
G1 X105.316 Y123.813 E69.0010
G1 X109.740 Y123.824 E69.1481
G1 X109.830 Y123.883 E69.1517
G1 X109.863 Y123.993 E69.1555
G1 X109.863 Y128.338 E69.3000
G1 X109.842 Y128.442 E69.3036
G1 X109.812 Y128.487 E69.3054
G1 X109.767 Y128.517 E69.3072
G1 X109.663 Y128.538 E69.3107
G1 X105.338 Y128.538 E69.4546
G1 X105.233 Y128.517 E69.4581
G1 X105.187 Y128.487 E69.4599
G1 X105.144 Y128.421 E69.4626
G1 X105.138 Y128.359 E69.4646
G1 X105.138 Y124.356 E69.5978
G0 F1650 X105.138 Y124.012
G0 F1650 X105.185 Y123.863
G1 F3000 E64.5978
G0 F4200 X104.878 Y123.600
;TYPE:WALL-OUTER
;WIDTH:0.400
G1 F900 Z0.400
G1 F1500 E69.5978
G1 F1350 X104.986 Y123.505 E69.6026
G1 X105.078 Y123.456 E69.6060
G1 X105.180 Y123.424 E69.6096
G1 X105.298 Y123.413 E69.6135
G1 X109.820 Y123.424 E69.7639
G1 X110.018 Y123.506 E69.7710
G1 X110.169 Y123.657 E69.7782
G1 X110.251 Y123.856 E69.7853
G1 X110.263 Y123.973 E69.7892
G1 X110.263 Y128.378 E69.9357
G1 X110.219 Y128.598 E69.9432
G1 X110.101 Y128.776 E69.9503
G1 X109.923 Y128.894 E69.9574
G1 X109.703 Y128.938 E69.9649
G1 X105.298 Y128.938 E70.1114
G1 X105.078 Y128.894 E70.1188
G1 X104.899 Y128.776 E70.1260
G1 X104.781 Y128.598 E70.1331
G1 X104.749 Y128.495 E70.1367
G1 X104.738 Y128.378 E70.1406
G1 X104.738 Y124.068 E70.2839
G0 F1350 X104.738 Y123.973
G0 F1350 X104.781 Y123.753
G0 F1350 X104.878 Y123.600
G1 F3000 E65.2839
G0 F4200 X105.217 Y124.167
;TYPE:SOLID-FILL
;WIDTH:0.400
G1 F900 Z0.400
G1 F1500 E70.2839
G1 F1350 X105.493 Y123.892 E70.2965
G0 F4200 X106.057 Y123.893
G1 F1350 X105.217 Y124.733 E70.3348
G0 F4200 X105.217 Y125.299
G1 F1350 X106.621 Y123.895 E70.3989
G0 F4200 X107.186 Y123.896
G1 F1350 X105.217 Y125.865 E70.4887
G0 F4200 X105.217 Y126.430
G1 F1350 X107.750 Y123.897 E70.6043
G0 F4200 X108.314 Y123.899
G1 F1350 X105.217 Y126.996 E70.7456
G0 F4200 X105.217 Y127.562
G1 F1350 X108.878 Y123.900 E70.9126
G0 F4200 X109.443 Y123.902
G1 F1350 X105.217 Y128.127 E71.1054
G0 F4200 X105.453 Y128.457
G1 F1350 X109.782 Y124.128 E71.3029
G0 F4200 X109.782 Y124.694
G1 F1350 X106.019 Y128.457 E71.4746
G0 F4200 X106.585 Y128.457
G1 F1350 X109.782 Y125.259 E71.6205
G0 F4200 X109.782 Y125.825
G1 F1350 X107.150 Y128.457 E71.7406
G0 F4200 X107.716 Y128.457
G1 F1350 X109.782 Y126.391 E71.8349
G0 F4200 X109.782 Y126.956
G1 F1350 X108.282 Y128.457 E71.9033
G0 F4200 X108.847 Y128.457
G1 F1350 X109.782 Y127.522 E71.9460
G0 F4200 X109.782 Y128.088
G1 F1350 X109.413 Y128.457 E71.9628
G1 F3000 E66.9628
G1 F900 Z0.700
G0 F4200 X105.187 Y115.737
;TYPE:WALL-INNER
;WIDTH:0.400
G1 F900 Z0.400
G1 F1500 E71.9628
G1 F1650 X105.144 Y115.671 E71.9655
G1 X105.138 Y115.609 E71.9675
G1 X105.138 Y111.262 E72.1121
G1 X105.185 Y111.113 E72.1173
G1 X105.222 Y111.080 E72.1190
G1 X105.316 Y111.063 E72.1221
G1 X109.740 Y111.074 E72.2693
G1 X109.830 Y111.133 E72.2729
G1 X109.863 Y111.243 E72.2767
G1 X109.863 Y115.588 E72.4212
G1 X109.842 Y115.692 E72.4247
G1 X109.812 Y115.737 E72.4265
G1 X109.767 Y115.767 E72.4283
G1 X109.663 Y115.788 E72.4318
G1 X105.677 Y115.788 E72.5644
G0 F1650 X105.338 Y115.788
G0 F1650 X105.233 Y115.767
G0 F1650 X105.187 Y115.737
G1 F3000 E67.5644
G0 F4200 X104.899 Y116.026
;TYPE:WALL-OUTER
;WIDTH:0.400
G1 F900 Z0.400
G1 F1500 E72.5644
G1 F1350 X104.781 Y115.848 E72.5715
G1 X104.749 Y115.745 E72.5751
G1 X104.738 Y115.628 E72.5790
G1 X104.738 Y111.223 E72.7255
G1 X104.781 Y111.003 E72.7330
G1 X104.878 Y110.850 E72.7390
G1 X104.986 Y110.755 E72.7438
G1 X105.078 Y110.706 E72.7473
G1 X105.180 Y110.674 E72.7508
G1 X105.298 Y110.663 E72.7548
G1 X109.820 Y110.674 E72.9052
G1 X110.018 Y110.756 E72.9123
G1 X110.169 Y110.907 E72.9194
G1 X110.251 Y111.106 E72.9265
G1 X110.263 Y111.223 E72.9305
G1 X110.263 Y115.628 E73.0770
G1 X110.219 Y115.848 E73.0844
G1 X110.101 Y116.026 E73.0915
G1 X109.923 Y116.144 E73.0986
G1 X109.703 Y116.188 E73.1061
G1 X105.360 Y116.188 E73.2506
G0 F1350 X105.298 Y116.188
G0 F1350 X105.078 Y116.144
G0 F1350 X104.899 Y116.026
G1 F3000 E68.2506
G0 F4200 X105.218 Y111.722
;TYPE:SOLID-FILL
;WIDTH:0.400
G1 F900 Z0.400
G1 F1500 E73.2506
G1 F1350 X105.796 Y111.143 E73.2769
G0 F4200 X106.360 Y111.145
G1 F1350 X105.218 Y112.287 E73.3291
G0 F4200 X105.218 Y112.853
G1 F1350 X106.925 Y111.145 E73.4070
G0 F4200 X107.490 Y111.147
G1 F1350 X105.218 Y113.419 E73.5106
G0 F4200 X105.218 Y113.984
G1 F1350 X108.054 Y111.148 E73.6400
G0 F4200 X108.618 Y111.150
G1 F1350 X105.218 Y114.550 E73.7951
G0 F4200 X105.218 Y115.116
G1 F1350 X109.182 Y111.151 E73.9760
G0 F4200 X109.747 Y111.152
G1 F1350 X105.218 Y115.681 E74.1827
G0 F4200 X105.758 Y115.707
G1 F1350 X109.783 Y111.682 E74.3663
G0 F4200 X109.783 Y112.248
G1 F1350 X106.324 Y115.707 E74.5241
G0 F4200 X106.889 Y115.707
G1 F1350 X109.783 Y112.813 E74.6562
G0 F4200 X109.783 Y113.379
G1 F1350 X107.455 Y115.707 E74.7624
G0 F4200 X108.021 Y115.707
G1 F1350 X109.783 Y113.945 E74.8428
G0 F4200 X109.783 Y114.510
G1 F1350 X108.586 Y115.707 E74.8974
G0 F4200 X109.152 Y115.707
G1 F1350 X109.783 Y115.076 E74.9262
G0 F4200 X109.783 Y115.642
G1 F1350 X109.718 Y115.707 E74.9291
G1 F3000 E69.9291
G1 F900 Z0.700
G0 F4200 X117.894 Y109.296
;TYPE:WALL-INNER
;WIDTH:0.400
G1 F900 Z0.400
G1 F1500 E74.9291
G1 F1650 X117.888 Y109.234 E74.9312
G1 X117.888 Y104.887 E75.0758
G1 X117.909 Y104.779 E75.0795
G1 X117.936 Y104.737 E75.0811
G1 X117.971 Y104.705 E75.0827
G1 X118.066 Y104.688 E75.0859
G1 X122.490 Y104.699 E75.2331
G1 X122.580 Y104.758 E75.2366
G1 X122.613 Y104.868 E75.2405
G1 X122.613 Y109.213 E75.3850
G1 X122.592 Y109.317 E75.3885
G1 X122.562 Y109.362 E75.3903
G1 X122.517 Y109.392 E75.3921
G1 X122.413 Y109.413 E75.3956
G1 X118.348 Y109.413 E75.5308
G0 F1650 X118.087 Y109.413
G0 F1650 X117.982 Y109.392
G0 F1650 X117.938 Y109.362
G0 F1650 X117.894 Y109.296
G1 F3000 E70.5308
G0 F4200 X117.499 Y109.370
;TYPE:WALL-OUTER
;WIDTH:0.400
G1 F900 Z0.400
G1 F1500 E75.5308
G1 F1350 X117.488 Y109.253 E75.5347
G1 X117.488 Y104.848 E75.6812
G1 X117.531 Y104.628 E75.6887
G1 X117.628 Y104.475 E75.6947
G1 X117.736 Y104.379 E75.6995
G1 X117.827 Y104.331 E75.7030
G1 X117.930 Y104.299 E75.7065
G1 X118.048 Y104.288 E75.7105
G1 X122.570 Y104.299 E75.8609
G1 X122.768 Y104.381 E75.8680
G1 X122.919 Y104.532 E75.8751
G1 X123.001 Y104.731 E75.8823
G1 X123.013 Y104.848 E75.8862
G1 X123.013 Y109.253 E76.0327
G1 X122.969 Y109.473 E76.0402
G1 X122.851 Y109.651 E76.0473
G1 X122.673 Y109.769 E76.0544
G1 X122.453 Y109.813 E76.0618
G1 X118.048 Y109.813 E76.2083
G1 X117.827 Y109.769 E76.2158
G1 X117.799 Y109.750 E76.2170
G0 F1350 X117.649 Y109.651
G0 F1350 X117.531 Y109.473
G0 F1350 X117.499 Y109.370
G1 F3000 E71.2170
G0 F4200 X117.967 Y105.195
;TYPE:SOLID-FILL
;WIDTH:0.400
G1 F900 Z0.400
G1 F1500 E76.2170
G1 F1350 X118.393 Y104.769 E76.2364
G0 F4200 X118.957 Y104.770
G1 F1350 X117.967 Y105.761 E76.2816
G0 F4200 X117.967 Y106.326
G1 F1350 X119.522 Y104.772 E76.3525
G0 F4200 X120.087 Y104.772
G1 F1350 X117.967 Y106.892 E76.4492
G0 F4200 X117.967 Y107.458
G1 F1350 X120.651 Y104.774 E76.5717
G0 F4200 X121.215 Y104.775
G1 F1350 X117.967 Y108.023 E76.7199
G0 F4200 X117.967 Y108.589
G1 F1350 X121.780 Y104.776 E76.8939
G0 F4200 X122.344 Y104.778
G1 F1350 X117.967 Y109.155 E77.0936
G0 F4200 X118.354 Y109.333
G1 F1350 X122.531 Y105.156 E77.2841
G0 F4200 X122.531 Y105.722
G1 F1350 X118.920 Y109.333 E77.4489
G0 F4200 X119.486 Y109.333
G1 F1350 X122.531 Y106.288 E77.5878
G0 F4200 X122.531 Y106.853
G1 F1350 X120.051 Y109.333 E77.7010
G0 F4200 X120.617 Y109.333
G1 F1350 X122.531 Y107.419 E77.7883
G0 F4200 X122.531 Y107.985
G1 F1350 X121.183 Y109.333 E77.8498
G0 F4200 X121.748 Y109.333
G1 F1350 X122.531 Y108.550 E77.8855
G0 F4200 X122.531 Y109.116
G1 F1350 X122.314 Y109.333 E77.8954
G1 F3000 E72.8954
G1 F900 Z0.700
G0 F4200 X111.562 Y102.987
;TYPE:WALL-INNER
;WIDTH:0.400
G1 F900 Z0.400
G1 F1500 E77.8954
G1 F1650 X111.519 Y102.921 E77.8981
G1 X111.513 Y102.859 E77.9001
G1 X111.513 Y98.512 E78.0447
G1 X111.533 Y98.407 E78.0483
G1 X111.563 Y98.363 E78.0500
G1 X111.629 Y98.319 E78.0527
G1 X111.691 Y98.313 E78.0548
G1 X116.115 Y98.324 E78.2019
G1 X116.205 Y98.383 E78.2055
G1 X116.238 Y98.493 E78.2093
G1 X116.238 Y102.838 E78.3538
G1 X116.217 Y102.942 E78.3573
G1 X116.187 Y102.987 E78.3591
G1 X116.142 Y103.017 E78.3609
G1 X116.038 Y103.038 E78.3645
G1 X112.052 Y103.038 E78.4970
G0 F1650 X111.713 Y103.038
G0 F1650 X111.608 Y103.017
G0 F1650 X111.562 Y102.987
G1 F3000 E73.4970
G0 F4200 X111.274 Y103.276
;TYPE:WALL-OUTER
;WIDTH:0.400
G1 F900 Z0.400
G1 F1500 E78.4970
G1 F1350 X111.156 Y103.098 E78.5041
G1 X111.124 Y102.995 E78.5077
G1 X111.113 Y102.878 E78.5116
G1 X111.113 Y98.473 E78.6581
G1 X111.156 Y98.253 E78.6656
G1 X111.274 Y98.074 E78.6727
G1 X111.453 Y97.956 E78.6799
G1 X111.555 Y97.924 E78.6834
G1 X111.673 Y97.913 E78.6874
G1 X116.195 Y97.924 E78.8378
G1 X116.393 Y98.006 E78.8449
G1 X116.544 Y98.157 E78.8520
G1 X116.626 Y98.356 E78.8592
G1 X116.638 Y98.473 E78.8631
G1 X116.638 Y102.878 E79.0096
G1 X116.594 Y103.098 E79.0170
G1 X116.476 Y103.276 E79.0241
G1 X116.298 Y103.394 E79.0312
G1 X116.078 Y103.438 E79.0387
G1 X111.735 Y103.438 E79.1832
G0 F1350 X111.673 Y103.438
G0 F1350 X111.453 Y103.394
G0 F1350 X111.274 Y103.276
G1 F3000 E74.1832
G0 F4200 X115.679 Y102.958
;TYPE:SOLID-FILL
;WIDTH:0.400
G1 F900 Z0.400
G1 F1500 E79.1832
G1 F1350 X116.157 Y102.480 E79.2050
G0 F4200 X116.157 Y101.914
G1 F1350 X115.113 Y102.958 E79.2526
G0 F4200 X114.547 Y102.958
G1 F1350 X116.157 Y101.348 E79.3261
G0 F4200 X116.157 Y100.783
G1 F1350 X113.982 Y102.958 E79.4253
G0 F4200 X113.416 Y102.958
G1 F1350 X116.157 Y100.217 E79.5504
G0 F4200 X116.157 Y99.651
G1 F1350 X112.850 Y102.958 E79.7012
G0 F4200 X112.285 Y102.958
G1 F1350 X116.157 Y99.086 E79.8779
G0 F4200 X116.157 Y98.520
G1 F1350 X111.719 Y102.958 E80.0804
G0 F4200 X111.592 Y102.519
G1 F1350 X115.708 Y98.403 E80.2682
G0 F4200 X115.144 Y98.401
G1 F1350 X111.592 Y101.954 E80.4303
G0 F4200 X111.592 Y101.388
G1 F1350 X114.580 Y98.400 E80.5666
G0 F4200 X114.016 Y98.398
G1 F1350 X111.592 Y100.822 E80.6772
G0 F4200 X111.592 Y100.257
G1 F1350 X113.451 Y98.397 E80.7620
G0 F4200 X112.887 Y98.396
G1 F1350 X111.592 Y99.691 E80.8211
G0 F4200 X111.592 Y99.125
G1 F1350 X112.323 Y98.394 E80.8545
G0 F4200 X111.758 Y98.393
G1 F1350 X111.592 Y98.560 E80.8621
G1 F3000 E75.8621
G1 F900 Z0.700
G0 F4200 X105.233 Y103.017
;TYPE:WALL-INNER
;WIDTH:0.400
G1 F900 Z0.400
G1 F1500 E80.8621
G1 F1650 X105.187 Y102.987 E80.8639
G1 X105.144 Y102.921 E80.8665
G1 X105.138 Y102.859 E80.8686
G1 X105.138 Y98.512 E81.0132
G1 X105.158 Y98.407 E81.0167
G1 X105.188 Y98.363 E81.0185
G1 X105.254 Y98.319 E81.0211
G1 X105.316 Y98.313 E81.0232
G1 X109.740 Y98.324 E81.1704
G1 X109.830 Y98.383 E81.1739
G1 X109.863 Y98.493 E81.1778
G1 X109.863 Y102.838 E81.3223
G1 X109.842 Y102.942 E81.3258
G1 X109.812 Y102.987 E81.3276
G1 X109.767 Y103.017 E81.3294
G1 X109.663 Y103.038 E81.3329
G1 X105.731 Y103.038 E81.4637
G0 F1650 X105.338 Y103.038
G0 F1650 X105.233 Y103.017
G1 F3000 E76.4637
G0 F4200 X105.078 Y103.394
;TYPE:WALL-OUTER
;WIDTH:0.400
G1 F900 Z0.400
G1 F1500 E81.4637
G1 F1350 X104.899 Y103.276 E81.4708
G1 X104.781 Y103.098 E81.4779
G1 X104.749 Y102.995 E81.4815
G1 X104.738 Y102.878 E81.4854
G1 X104.738 Y98.473 E81.6319
G1 X104.781 Y98.253 E81.6394
G1 X104.899 Y98.074 E81.6465
G1 X105.078 Y97.956 E81.6537
G1 X105.180 Y97.924 E81.6572
G1 X105.298 Y97.913 E81.6612
G1 X109.820 Y97.924 E81.8116
G1 X110.018 Y98.006 E81.8187
G1 X110.169 Y98.157 E81.8258
G1 X110.251 Y98.356 E81.8329
G1 X110.263 Y98.473 E81.8369
G1 X110.263 Y102.878 E81.9834
G1 X110.219 Y103.098 E81.9908
G1 X110.101 Y103.276 E81.9979
G1 X109.923 Y103.394 E82.0050
G1 X109.703 Y103.438 E82.0125
G1 X105.574 Y103.438 E82.1498
G0 F1350 X105.298 Y103.438
G0 F1350 X105.078 Y103.394
G1 F3000 E77.1498
G0 F4200 X109.457 Y102.957
;TYPE:SOLID-FILL
;WIDTH:0.400
G1 F900 Z0.400
G1 F1500 E82.1498
G1 F1350 X109.782 Y102.632 E82.1647
G0 F4200 X109.782 Y102.066
G1 F1350 X108.891 Y102.957 E82.2053
G0 F4200 X108.325 Y102.957
G1 F1350 X109.782 Y101.500 E82.2718
G0 F4200 X109.782 Y100.935
G1 F1350 X107.760 Y102.957 E82.3640
G0 F4200 X107.194 Y102.957
G1 F1350 X109.782 Y100.369 E82.4821
G0 F4200 X109.782 Y99.803
G1 F1350 X106.628 Y102.957 E82.6260
G0 F4200 X106.063 Y102.957
G1 F1350 X109.782 Y99.238 E82.7957
G0 F4200 X109.782 Y98.672
G1 F1350 X105.497 Y102.957 E82.9912
G0 F4200 X105.217 Y102.671
G1 F1350 X109.486 Y98.402 E83.1860
G0 F4200 X108.922 Y98.400
G1 F1350 X105.217 Y102.106 E83.3551
G0 F4200 X105.217 Y101.540
G1 F1350 X108.357 Y98.400 E83.4983
G0 F4200 X107.793 Y98.398
G1 F1350 X105.217 Y100.974 E83.6159
G0 F4200 X105.217 Y100.409
G1 F1350 X107.229 Y98.397 E83.7077
G0 F4200 X106.664 Y98.396
G1 F1350 X105.217 Y99.843 E83.7737
G0 F4200 X105.217 Y99.277
G1 F1350 X106.100 Y98.394 E83.8140
G0 F4200 X105.536 Y98.393
G1 F1350 X105.217 Y98.712 E83.8285
G1 F3000 E78.8285
G1 F900 Z0.700
G0 F4200 X98.963 Y103.038
;TYPE:WALL-INNER
;WIDTH:0.400
G1 F900 Z0.400
G1 F1500 E83.8285
G1 F1650 X98.858 Y103.017 E83.8321
G1 X98.812 Y102.987 E83.8339
G1 X98.769 Y102.921 E83.8365
G1 X98.763 Y102.859 E83.8386
G1 X98.763 Y98.512 E83.9832
G1 X98.810 Y98.363 E83.9884
G1 X98.847 Y98.330 E83.9900
G1 X98.941 Y98.313 E83.9932
G1 X103.365 Y98.324 E84.1403
G1 X103.455 Y98.383 E84.1439
G1 X103.488 Y98.493 E84.1477
G1 X103.488 Y102.838 E84.2923
G1 X103.467 Y102.942 E84.2958
G1 X103.437 Y102.987 E84.2976
G1 X103.392 Y103.017 E84.2994
G1 X103.288 Y103.038 E84.3029
G1 X99.463 Y103.038 E84.4301
G0 F1650 X98.963 Y103.038
G1 F3000 E79.4301
G0 F4200 X98.923 Y103.438
;TYPE:WALL-OUTER
;WIDTH:0.400
G1 F900 Z0.400
G1 F1500 E84.4301
G1 F1350 X98.703 Y103.394 E84.4376
G1 X98.524 Y103.276 E84.4447
G1 X98.406 Y103.098 E84.4518
G1 X98.374 Y102.995 E84.4554
G1 X98.363 Y102.878 E84.4593
G1 X98.363 Y98.473 E84.6058
G1 X98.406 Y98.253 E84.6133
G1 X98.503 Y98.100 E84.6193
G1 X98.611 Y98.005 E84.6241
G1 X98.703 Y97.956 E84.6276
G1 X98.805 Y97.924 E84.6311
G1 X98.923 Y97.913 E84.6351
G1 X103.445 Y97.924 E84.7855
G1 X103.643 Y98.006 E84.7926
G1 X103.794 Y98.157 E84.7997
G1 X103.876 Y98.356 E84.8069
G1 X103.888 Y98.473 E84.8108
G1 X103.888 Y102.878 E84.9573
G1 X103.844 Y103.098 E84.9647
G1 X103.726 Y103.276 E84.9719
G1 X103.548 Y103.394 E84.9790
G1 X103.328 Y103.438 E84.9864
G1 X99.423 Y103.438 E85.1163
G0 F1350 X98.923 Y103.438
G1 F3000 E80.1163
G0 F4200 X103.234 Y102.957
;TYPE:SOLID-FILL
;WIDTH:0.400
G1 F900 Z0.400
G1 F1500 E85.1163
G1 F1350 X103.407 Y102.785 E85.1242
G0 F4200 X103.407 Y102.219
G1 F1350 X102.669 Y102.957 E85.1578
G0 F4200 X102.103 Y102.957
G1 F1350 X103.407 Y101.653 E85.2173
G0 F4200 X103.407 Y101.087
G1 F1350 X101.537 Y102.957 E85.3027
G0 F4200 X100.972 Y102.957
G1 F1350 X103.407 Y100.522 E85.4138
G0 F4200 X103.407 Y99.956
G1 F1350 X100.406 Y102.957 E85.5507
G0 F4200 X99.840 Y102.957
G1 F1350 X103.407 Y99.390 E85.7134
G0 F4200 X103.407 Y98.825
G1 F1350 X99.274 Y102.957 E85.9020
G0 F4200 X98.842 Y102.823
G1 F1350 X103.263 Y98.403 E86.1037
G0 F4200 X102.699 Y98.401
G1 F1350 X98.842 Y102.258 E86.2796
G0 F4200 X98.842 Y101.692
G1 F1350 X102.135 Y98.400 E86.4299
G0 F4200 X101.570 Y98.398
G1 F1350 X98.842 Y101.126 E86.5543
G0 F4200 X98.842 Y100.561
G1 F1350 X101.006 Y98.397 E86.6531
G0 F4200 X100.442 Y98.396
G1 F1350 X98.842 Y99.995 E86.7260
G0 F4200 X98.842 Y99.429
G1 F1350 X99.878 Y98.394 E86.7733
G0 F4200 X99.313 Y98.393
G1 F1350 X98.842 Y98.864 E86.7948
G1 F3000 E81.7948
G1 F900 Z0.700
G0 F4200 X97.017 Y109.392
;TYPE:WALL-INNER
;WIDTH:0.400
G1 F900 Z0.400
G1 F1500 E86.7948
G1 F1650 X96.913 Y109.413 E86.7983
G1 X92.588 Y109.413 E86.9422
G1 X92.483 Y109.392 E86.9457
G1 X92.437 Y109.362 E86.9475
G1 X92.394 Y109.296 E86.9502
G1 X92.388 Y109.234 E86.9522
G1 X92.388 Y104.887 E87.0968
G1 X92.408 Y104.782 E87.1004
G1 X92.438 Y104.738 E87.1021
G1 X92.504 Y104.694 E87.1048
G1 X92.566 Y104.688 E87.1069
G1 X96.990 Y104.699 E87.2540
G1 X97.080 Y104.758 E87.2576
G1 X97.113 Y104.868 E87.2614
G1 X97.113 Y108.927 E87.3964
G0 F1650 X97.113 Y109.213
G0 F1650 X97.092 Y109.317
G0 F1650 X97.062 Y109.362
G0 F1650 X97.017 Y109.392
G1 F3000 E82.3964
G0 F4200 X97.173 Y109.769
;TYPE:WALL-OUTER
;WIDTH:0.400
G1 F900 Z0.400
G1 F1500 E87.3964
G1 F1350 X96.953 Y109.813 E87.4039
G1 X92.548 Y109.813 E87.5504
G1 X92.328 Y109.769 E87.5578
G1 X92.149 Y109.651 E87.5650
G1 X92.031 Y109.473 E87.5721
G1 X91.999 Y109.370 E87.5757
G1 X91.988 Y109.253 E87.5796
G1 X91.988 Y104.848 E87.7261
G1 X92.031 Y104.628 E87.7335
G1 X92.149 Y104.449 E87.7407
G1 X92.328 Y104.331 E87.7478
G1 X92.430 Y104.299 E87.7513
G1 X92.548 Y104.288 E87.7553
G1 X97.070 Y104.299 E87.9057
G1 X97.268 Y104.381 E87.9128
G1 X97.419 Y104.532 E87.9199
G1 X97.501 Y104.731 E87.9271
G1 X97.513 Y104.848 E87.9310
G1 X97.513 Y109.253 E88.0775
G1 X97.483 Y109.401 E88.0825
G0 F1350 X97.469 Y109.473
G0 F1350 X97.351 Y109.651
G0 F1350 X97.173 Y109.769
G0 F4200 X96.860 Y109.332
;TYPE:SOLID-FILL
;WIDTH:0.400
G1 F1350 X97.032 Y109.159 E88.0904
G0 F4200 X97.032 Y108.593
G1 F1350 X96.294 Y109.332 E88.1241
G0 F4200 X95.728 Y109.332
G1 F1350 X97.032 Y108.028 E88.1836
G0 F4200 X97.032 Y107.462
G1 F1350 X95.163 Y109.332 E88.2689
G0 F4200 X94.597 Y109.332
G1 F1350 X97.032 Y106.896 E88.3800
G0 F4200 X97.032 Y106.331
G1 F1350 X94.031 Y109.332 E88.5169
G0 F4200 X93.466 Y109.332
G1 F1350 X97.032 Y105.765 E88.6797
G0 F4200 X97.032 Y105.199
G1 F1350 X92.900 Y109.332 E88.8682
G0 F4200 X92.467 Y109.199
G1 F1350 X96.889 Y104.777 E89.0700
G0 F4200 X96.324 Y104.776
G1 F1350 X92.467 Y108.633 E89.2459
G0 F4200 X92.467 Y108.067
G1 F1350 X95.760 Y104.774 E89.3962
G0 F4200 X95.196 Y104.773
G1 F1350 X92.467 Y107.502 E89.5207
G0 F4200 X92.467 Y106.936
G1 F1350 X94.632 Y104.772 E89.6195
G0 F4200 X94.067 Y104.770
G1 F1350 X92.467 Y106.370 E89.6925
G0 F4200 X92.467 Y105.805
G1 F1350 X93.503 Y104.769 E89.7397
G0 F4200 X92.939 Y104.767
G1 F1350 X92.467 Y105.239 E89.7613
M106 S0
G1 F3000 E84.7613
G0 F900 Z5.400
G0 F4200 X92.467 Y105.239
M221 T0 S100
G92 E0
M1002
M104 T0 S0
G91 ;Relative positioning
G1 E-2 F2700 ;Retract a bit
G1 E-2 Z0.2 F2400 ;Retract and raise Z
G1 X5 Y5 F3000 ;Wipe out
G1 Z10 ;Raise Z more
G90 ;Absolute positionning
G1 X0 Y0 ;Present print
M106 S0 ;Turn-off fan
M104 S0 ;Turn-off hotend
M140 S0 ;Turn-off bed
M84 X Y E ;Disable all steppers but Z
;Data start:58896:9f2496f7ed39778d40ae08926c86eb14
;SURFQSAtIFBSSU5UREFUQUlZDHzi6E17riyBkcQfrmdZE1k3TZZ8P/gJ6NVJSnsUWkdAPfSj9H1O6h8
;ermQEiLbTPEVt3BVQAleKujk+FHk4Riw9gaORfce5HwWuBWeKsNw8W2naHUsFZ4aKLyUPYFcqc0700f
;ccLZwfH64FZ+vTv9B3DLt8P2xpi7YoJh5mWTNFUu/8+BMokHNyrgRn69O/WTeF6HwnbAjotC4pHnhdN
;U1J6Mz/IieXbHvaWg6FvdorNw2ofD9sCOhcDUpjFDhHTV7ixv0YPJhrd8FrOIK9zDxDU8cJSwl66NRN
;SnsUOEelfYGxkX1OmHx9y2kCmbLLMFhi9wxNBWac1UxKexQ4Ryy0waOBfU75fn3NYAuOod4tXmPGI0s
;DeOjUTUp7FDhHpX2Bu5F9Tph8fctpApmyyzBYYvcIUBxXm6A/LBp3XUctPYGjkX1OcF8evQVn67LcOl
;JgzQ5eGGGHuxI+CXVOIkA9gKORfU75b4nuBU7r0784QWPBGGAYeomjKCYkfFcrSU7e0/AJJqZyf9ZaC
;4692C1fU84dXBhnmtVMSnsUOEcsVMGjuH1O+X5owWwDtKfNOEFpxCNXA2SNphI6GmBQGEFc+fz/EhGL
;emrcZASfutA3Nw2ofD9sCOjVTUpoFDhHTUXo0M4eIZRve8B2Bp+60DdodKh9P2wI6NVNEzsUK0csPeD
;b+A4RmnBz3mAJmLLLMFhi9wU/bQjo1U1Ke014Rz49gaPzEjqNcHPxaQaSts0GRHzNGVtsCejVTUp7FB
;YHLC2Bo5EfIY1rccNaE4O63DJZadsPP22ScUzU0+LdB0cyPYGj8w8nnXh3wGI4jqvLK0J/wRNRM3+Bs
;TkiJGZZM0VSgaKRfU75H57PRWf5079ZVX7BGFgFZo+KKysVS0s3SVjlo5B9TvkfHq5cJ+vHv1k3btoV
;WwthhrISLBJsXSNzXO/E/RhO+B8ergVnC7P/WS4MqHxdHmGMsiQkHEteK0Nc9cb1Ii+Len/xaA6F075
;ZNwyofD9YSOjETUp7dkouSFrozfYiKJVwadxkE47Tvlk3DKh8PzVI6M1NSnt2Si5IWujN9iI9kXpywn
;Y4jb/QLkVt3Bk/bQjo1U1Ke014Rzk9gaPzDyedeHfAYjiYu9o1W3/3D08JbYzVTEp7FDhHLAPBo599T
;vl9bMdhAIK92AZEfM0ZW2wJ6NVNSnsUHAcsHIGjkR88kHt5x2sAtKDKKUdj2ghaCFeJpygrJGZZM0VS
;3s7wBU74Hx6uBWfrmv9ZOAyofF0eYYWKISMVcWckQ0jv15F8TvkfHq4Fc6vTrVk3DMsTXh98gbsqFR9
;9SzNNU+LGoH1P+R8ergVnC+y/SzcMqB9QDXucvCMtJHBRNFhc78D0T074Hx6uBWfrM4BZJgyofFwDZ4
;SKICMVS14iSVnzwuUYTvgfHq4FZ+v3/1kkDKh8XANnhIogIxVLVCZVWPP85RQjnB8frgVn69O/TXcMt
;Xw/bGyNuz4vJGdNN1xS89fOFCCfdnLCWgiep9MwWWnbfD5sCOjVTUp7FDhaLD2Bx/QTPZxAbdt1F4Sh
;ywZeYsYZTTNtkKUsJAh9VyksPBs6COTXYPYhrh5n69PbPFl/zSNMGXiYuj8+JHhZPklP8vzzEjqNcHO
;uBGfr079ZNwyofCxsCOixKCQIcWc0WU3xzOMJEYpve8thZ+rTv1k3DKhCf2wR6NVNLhJ5XSlfVO7Nzg
;U3pnxxw3UChaDeLV5jxnw+bAjo1U1KexQ4WSw9gcf4ECuXbHfBaziTquA6WGHYGVEfaZy8IiQkfFcrS
;T2Ao5F9TvkfHq4FaOvTvzxPeNoJWwl6t7QgJQ56TEctPYGjkX1OCSAevAVn67bHLUV5zBlNM2eOsz4v
;D0tAdiw8gaORfU75Jl6uF2fr09ohQ37dGFoeV4ezKzkeYGc/Hj2Ao5F9TvkfHq4FdevTvzxPeNoJWwl
;6t7orLAhxTBhUDoGikX1O+R8ergVn+dO/WVJ03A5KCG2aiiIsHWddM3NEsKOQfU75Hx6uBWfrwb9ZN2
;nQCE0ZbI2nEiUdcksiWGL4kZF8TvkfHq4FZ+vTrVk3DM0ESx59jLA/FRRyXjRJSd7aon1P+R8ergVn6
;9O/ajcMqBlHGHqdsSg4JGdPLlhe6fzyEiGVdnDJWg+OssssR1PJGEkNZouwEj4eeUgiXlz11uMYf/ke
;Hq4FZ+vT1hk3P6h8PwlwnKc4Lh5mZzRbVPXA+SItlnByx2sAtLvaOEN52CNeCH6Juy4vJGBdKlxY88L
;lCDycLR6vBWfr079ZXkyoVz9sCI2tOTgOcF01c072yuUeJqZ8ccFpDoW04DFSbdwJTzNpjKMsJBhxZz
;NFUOSjkH1O+R8erkEn682/WTdp0AhNGWyNpxI5DH1MJERi4sz+ESeXeEHeZBWAjMdZNgyofD9siKqVT
;VR7FDgiVEnz1vUYPKZsacdxBIOM3DZYYMESWDN4iacmFQIUOUcsPYGjoRYO+TsergUCk6fNLFNp2iNM
;G2GctiUVGHtXK0VT5vzlGCOJemzPcRKZto5ZNgyofD9siI6VTW57FDgiVEnz1vUYPKZsacdxBIOM3DZ
;YYMESWDN8jbg9Lwl1TDJeWLOjkH1O+R8eLmMn6/a/WTdp0AhNGWyNpxI5DH1MJERi88biCS+La0HLfR
;OZsuA4WmPdEkteCOnVTUp7FDhHLD2fo5F9K4FrbNthApmMzC5eeMsUYB5tm6EsOA9LSzdJWOWRkXxO+
;R8ergVTq9OdWTcMzQRLHn2MsD8VCGNRM09V3tH0CTyYfGrHagm0stI2QmLcTj9tCOjVTUp7MHhHDT2B
;o/QFOotqest3OJik1i1UZPcOWhh6ibY5IxR6ZzRcWOTHo31P+R8ergVn35O/VjcMqBlHGHqdpiQlFUt
;PLkhJ6aOQ59dghoc33Fjrwr9ZN2nQCE0Ze4G6IxUMfVwzRGKzo5Dn12CGhzfcWOvAv1k3askSYA5kga
;USOhphSyJzUPLG8n1P+R8ergUnlJO/SzcMqBpeAleKuSQ6JGBQNUlO6cz9GU74Hx6uBWfr7f9ZOAyof
;FkNZrezOCYXS1AiRVrp15F8TvkfHq4Fh9TTsVk3DM4dUTNunbkhFRd1QSJePYCjkX1O+R8e7gVu69O/
;P1Zi9w9PCW2M1UxKexQ4RyxkwaOcfU75eX/AWhSbtto9aGHJBD9tCOjVTUp7TXhHPT2Bo/cUIphye8B
;xOI+63jRSeM0OP20I6NVNSnvoB0c+PYGj9xQimHJ7wHE4j7reNFJ4zQ4NbAno1U1KexTEeCwvgaORGy
;eVfnPLaxO0t9Y4WmncGU1fCOnVTUp7FDhHLD2To5F9KJBzf8NgCZ+M2zBWYc0IWh486NRNSnsUOEcsP
;YGukX1On3Zyz2gChafgP1tj33w+bAjo1U1KIlQ4SSw9gcX4ES+UenDaWgGHvMhoNw2ofD9sCOiMDUp1
;FDhHSlTtwvwYII1AeMJqENnTvlk3DKh8vzpI6NhNSntyUStNUOTN5SI6gG97rgRn69O/WTcM6HwxbAj
;osyQmGnldKVhi9drhGHz5Hh6uBWfr078ZNwCofD8KYYS5Ei4eeksuWESBopF9TvkfHrpFZ+fTv1lRZc
;QQYAN+jachKwsUOUcsPYGjkUMO+T4ergUBgqHMLWhgyQVaHleNrTk4DmdRKEJi9sr1CSambX/abAjr0
;r9ZNwyofGYsCPrVTUodfUo0WGLtwugYPKZsdstpC5jTvlk3DKh8P2hI6PtNSntyUTVfSd7P8AQri0Bt
;wWkOj4zWN1FlxBBgCXCcpzg5EntWGFtU5df5IjyYa3fBBWbr079ZNwzxPD90COjVKyMJZ0wrTUTk0c4
;bJ5V+c8trE7S10zZADKl8P2wI6NUUCnsHOEcsW+jb9BkRlX5ny3c4mKfeK0NT0Hw+bAjo1U1KIlQ4VC
;w9gcX4BSudQHLPfAKZjMwtVn7cI0ZsCejVTUp7FGYHLB6Bo5EaL4lAeMdpC7Sg1jdQYM0jWhR8mqA+I
;xR6ZzVNSejMzhAvgR8frgVn69O/MHcMi3w/bG+JpRIsEnhUGF9U78T9GBGcZ2rccBSCvNEGRW3cFVAz
;ZYG7TUt7FDhHLL3B45FiTvkfec91OI260zVof8ESWABtt7A1PglhSy5DU97Q4RgrnR8frgVn69O/HXc
;Mpnw/bG+JpRIsEnhUGF9N5Mb1fU/5Hx6uBWeik79JNwyoG1wDbI2KOTMLcWcuQlnk25F8TvkfHq4FZ+
;vTsFk3DM8QUA5phIoiLB1nXTNzRYGikX1O+R8ergVn5NO/WVBgxx5eAFeHsys5HmBnPiw8gaORfU75H
;x6uCmfr09g1WG7JEGADbo6mKD4kbjhGLD2Bo5F9TvkfC64FZ4O23i1CfPcbXANsjYo+LwphXSlPWIGi
;kX1O+R8ergVny9O/WV5izhVTAFeJsSw6D31OInNU78X4ESKmbX/abAi0vt4hNw2ofD9sCOjrDUpbFDh
;HRVPnyv0REZh7f95xDp224DBZasEQUzN6iaEkJSR5USksPIGjkX1O+Qterhpn69PWN1FlxBBgDWyJpT
;kjDXFnLkJT5NHOGDaJfnDdbAiF077DrpUx5aaFN+jDTUp7fVYhRVHt/PAZL4lrd9hgOIeyxjxFf6h9P
;2wI6NVNXjsUIkcsPejN9xQilUB/ymQXn7rJPGh+zRhKD3yBuiM5exU4Ryw9gaORPU7gHx6ubAmNutM1
;aG3MHU8YYZ6wEj0ScEwvc1DozZF8TvkfHq4Fb6vTo1k3DMESWQVkhIooMg9mTTRFUu/85hQqjXdB3GQ
;Tgry/WDcMqHw/bFGo1VlKexRRKUpU7c/OGyeVfnPLaxO0tdM2QAypfD9sCOjVFAp7GzhHLFTvxfgRIq
;ZweMh2Ap+Mx1k2DKh8P2wI6NVNRXsUOC5CW+jP/SIhn3lty3E4ktO+WTcMqHw/bAjo2E1Ke31WIUVR7
;fziFSuVc22uBGfr079ZNwyofCNsCOi8IywSeFQYX03g0eIYEZpwc8xsCY6M0zhOadoPP20I6NVNSnvk
;B0cgPYGj+BMokHNy8XYXjrbbWTYMqHw/bAislU1GexQ4LkJO5NehIj2JenvKBWbr079ZNwyWPD9gCOj
;VJCQIcUw/c07xxvQZTvgfHq4FZ+uX/1knDKh8Vh5nhrwjLSRyVChbT+DX9H1P+R8ergVn/5O/VDcMqB
;VNA2aBuyoVCGRdIkg9gKORfU75HzruBWzr078zUn7DI10DfJy6IEp6FDhHLD2Bt9F9XfkfHsRgFYCM3
;TZDeMcRYB99mrMsKR4UOUcsPYGjkWkO+RQergUNjqHUBl5izhVTAAjp1U1KexQ4U2w9kaORfSScbXXx
;bAmYtssGXmLGGU1sCejVTUp7FCwHLC2Bo5EXK4t0QcdrFI6n4DZCeM0OP20I6NVNSnsceEcmPYGj+xg
;8kkBu3GwJn9O+WTcMqHw/bEjo3U1Ke35dNUdi9czhfU/5Hx6uBWf/k79JNwyoFloeY7ehIjokZ001Sl
;zixpF8TvkfHq4Fc6vTtFk3DMIZTQdXnKcsPB54OEZKW+fF9xtEuR8SrgVnh7LGPEVTwBlWC2Cc1UzQ4
;o2h3rX0vqO3fU75c3/XYBW0u9owUGTcI14IaZihJDweS1UmVGLpxvgaJo1AbM9xDoTTvlk3DKh8PyJI
;6PNNSnt4WT5JT97L9BQpkWtBz2EGm6fWL1JTxRVRM2CNvCoiD0tKJlhU7qOQfU75Hx6uPCfr8L9ZN2D
;JBVoeV4CwJC0TYGcmSFzx1/gLK6Zsf8N1C4K92AZEeM0MP21z/HsKqwGQB0cHPYGj/Rw3nG1BxmAOjL
;vLBlZoyQxLBX6Nij4+HmRXMUlP3sH+CTqWckHcZBOCvL9YNwyofD9sQajVZUp7FFQmVVjz/PkYJ553a
;vFkA4qjyzBBafcPSwl4h6MoOCRgVzdzT+DX+BJO+B8ergVn65r/WSAMqHxTDXGNpxInHmZfInNe7czi
;GBGffn3Ldmfq079ZNwyofD9sEOjVTSYabV01c07kxPwYII1AcstrAJ+74DReYqh9xRJiVKHewkQULEc
;sPe3C6Bg8pmx2y2kLmIzQL1J+xB1PbAno1U1KexRxBywogaORES+AemzxdhOKocspWGXGCGAYcZiwTU
;t7FDhHLD2J45F2TvkfcMF/HYe24Cpeds18PmwI6HXU06IrOEgsPYHM8xcrmmtBzWAJn7bNBk8MqXw/b
;Ajo1b31exs4RyxS48n0HjqmfHvAcQKZjMZZNgyofD9sCBhqTUF7FDgoTlfkwOUiPZBxda4EZ+vTv1k3
;DKh8LmwI6LoiMB5LSy9FWO3HzhwgnnN7rgRn69O/WTcy6HwpbAjouiIwHktLL0VY7cfOESeXekHNahK
;Fp79YNwyofD9s+NfVX0p7FFcoVlje0PkUK5V7QcFjAZi2y1k2DKh8P2wI4JVNX3sUOChaWPPL8BMppm
;x2y2kLmIzeN1BgzXw+bAjo1U1KRVQ4Xiw9gcznGDyRfnDJWhSDttM1RFPOHVEze5iwKC57FThHLD2Bo
;8g9TuEfHq5qEY6h1zhZa/cPVwlkhKYSLBd7TzVNSeSjkH1O+R8erlEn68a/WTdj3hlNBGmGshI5E3FU
;K19i8tP0GCr5Hh6uBWfr05sZNwCofD8Dfo2nISsLS1wyTVGBogvk12CGh2c6Z/7Tv1lHfsESSzNqjbE
;SPh55SCJeXPXW4xhO+B8ergVna4L/WTwMqHxPHmGGoRI5C3FdIyw8gaORfU75Vl6uFGfr088rXmLcI0
;sJZZiwPysPYUoiLDyBo5F9Tll2Xq4XZ+vTzyteYtwjSwllmLA/Kw9hSiIePYCjkX1O+R937gV169O/K
;UVlxghgGG2FpSg4GmBNNUkOgaKRfU75Hx6uBWf5079ZR37BEkszfI24PS8JdUwyXli1o5B9TvkfHq4F
;Z+vYv1k3fskaSzNpgacqKwsUOd21pBg6CLRx+QAergUVirXLBlVt2xlgCXCcpzg5EntWGFtU5df5Ijy
;Ya3fBBWbr079ZNwzBPD96COjVPysdYGclTU7k/PgTKJBzcvFkCYy/2lk2DKh8P2wI6NVNXHsUODVNW/
;X88xw9nEB3wGMOh7/gK1Z4wRM/bQjo1U1K+1R4Rzw9gaPjHCiNQHzPdgK0v94gUn7bfD5sCOjVTUp7V
;DhULD2B0fAbOqZ9f91gOIe60TxAZcwIV2wJckzU0+KN0XgsMoGjkQ8vn2tBzGQUjozMKVJpzHw+bAjo
;1U1KW1Q4VCw9gdHwGzqmfX/dYDifu9Y6XGLND0xsCejVTUp7FNh4LBmBo5EPL59rQcdrE46h2ThUafc
;ZRxh6naYkJRVLTy5ISen84xw6kHAerwVn69O/mVVMqGc/bAiatCs+JH1WM0lP58LyGBGQcXjHaQu0st
;E+W2mofT9sCOjVzRw7FCNHLD3zwvcJEZBxast3AYqw2gZeYs4VUwBXmrQ5IxQUOUcsPYGjkTQO+Qoer
;gUVirXLBl5i3BlNCmmLsBImGm1dNV89gKORfU75H+6RBX/r078rVmrcI1YCfI2nKysYcWcrRVPk1PgZ
;OpEfH502VNjgjLoIDL58P2x6ibM5FRJ6TCJeW+DA9CI9iX59x2sA69K/WTcMqHzPUwj81U1KCXVeM3N
;U79f0DyiYfHvxdheOtttZNgyofD9sCNaVTVJ7FDg1TVv1/PgTOpxteM9mArSn1zBUZ8YZTB8I6Yf1VP
;7/aZ8TPZCjkX08mHlq8WkOhbbgKkdtyxVRCwjp1U1KexQ4T2w9iqORfTyYeWrxaAaZtNY3Nw2ofD9sC
;OjBDUpUFDhHXlzn184SOJxtbMdhArS11itEePcQXhVtmoooMg9mTTRFUu/85hQqjXdB3GQTgry/WDcM
;qHw/bFGo1VBKexRKJkpJ3sznGDyLdnrLWgCHvN04W1PHGlkfbZyKN0p6jqHetaQYai59bPkfHtxkAZ+
;MzCxFaskfWjNtkKE/Pwh9VylzSujH5RURi35qx2pn6tO/WTcMqCV/bB7o1U04GnJMGF9I88XwHiumeX
;fCaTiZsss8Nw2ofD9sCKiADUpuFDhHXlzn184OO4t5f81gOI2/0C5FbdwZP20I6NVNSvtyeEc1PYGj4
;xwojUBt23cBirDaBl5izhVTAFeJuyomHhQ5Ryw9gaORQw75DB6uBRWKtcsGRHnaGl4Pbbe5LDMeZktH
;LT2Bo5F9TvlfHrgFZ+uh3j9DU9sJTQppi7ASJhJ6XTBFWfXLkXzUYIaHN5y+1NOrWTcM2h1ZGFeboD8
;sGnddGF9N4MD4Eyn5HhR5phfW2WhmNx6ofD8eaY6hEjkOZl4mT1je0OEYK50fH64FZ+vTvxd3DL58P2
;x6ibM5FQhhSiFNXuT85RUnmnRwy3YU69KWBbjOXVTzUwj61U1KCXFLM01P9fz1CC+VQG3eYAKP075ZN
;wyofD9YSOjBTUp7Zl00WFzz184YNo1tf/FkCoSm0S03Dah8P2wI6NVNSm0UOEdeWPLX8A86pnpm2ncG
;tLLSNkJi3CMNbAno1U1KexQ4RywkgaORDyuKa3/ccTiOq8srVlPMCV4AV4m4Ij8VYDhGLD2Bo5F9Tvk
;fE64FZ5m2zC1WftwjTBxtjbFNS3sUOEcsPbjjkXJO+R9sy3YTiqHLBkR8zRlbMzro1E1KexQ4RxV9gb
;KRfU6LemrcZASfutA3aG3FE0oCfOjUTUp7FDhHOH2BsJF9Tot6atxkBJ+60DdobcUTSgJ8t+dNS3sUO
;EcsPZXjkWtO+R9sy3EVirDLMFhi9xhKDWS3tCAlDnpMRy09gaORfU7dXx67BWfrodotRW3LCFYDZrex
;OCsXS0s3SVjlo5B9TvkfHq4xJ+v0v1k3fs0ITQ1rnLwiJCRxViZOUeT8/gg6inZ6y1oFhKfLNlpTxB1
;GCXqb1UxKexQ4Ryw9waO1fU75bXvadwaIp9Y2WVPNEl4OZI2KIj8PZ1EjSWL1zOEiIphme9x2Z+rTv1
;k3DKh8f2wG6NVNOB5gSiZPSejM/yImlm8erzZU2OCMauQzqGw/bAiasDk4GndMLkNT3sv+DRHLHx+dN
;lTY4IyKCAy9fD9seo2hPysYYFEoQmLsyv8iOot+aMtpZ+rgjGoEP5ufAGwf6NVNOB5gSiZPSejM/yIj
;kHFB2ncGnbbTBgUMqU8MXzvb5q51ewg4RyxP5NfjHC2NdnHAWgqCvdY0VmD3GUcYep2mJCUVFDk8OJP
;GQuvpcfkBHq4FFY6nzThUeMETUTNlgbskJxp4ZyJUSfPW4hQhl0AsrgQc/334uE2Yl3wvbAjopyg+CX
;VbM0VS7/ziDSucex6vBWfr079Zfkyobj9sCJqwOTgad0wuQ1Pe0OEYK51ALK4EZ+vTv1k3Reh8JWwI6
;KcoPgl1WzNFUu/86xUhiUB9wWsDgqfWNlk9qH0/bAjo1U26RBQiRyw988blDy+aa3fBaziRu9ApaG/H
;ElsFfIG6I3h7FThHLD2Bo2FCTuofHq52Aoi80T1oYMkFWh5XkoohIx1gOEYsPYGjkX1O+R8XrgVnmLj
;WK0NTzx1PbAno1U1KexQwBywtgaORDiWQbWrxaQ6FtuA6WHnGCD9tCOjVTUp75AdHOD2Bo+IWJ4trQc
;NsCYK+3jVoYM0SWBhg6NRNSnsUOIdOfYGokX1OinR33HE4mKPaPFMMqXw/bAjo1XkKew44RyxO7czmI
;iqWaHDxYw6ZoMsGUWnfI1MNcY2nPkp6FDhHLD2BU659WfkfHt1oBoe/4D9SbdwJTQl7t7EkKxZxTCJe
;PYCjkX1O+R867gV769O/KlptxBBgCm2JoTg4HmdnL0NR5Pz1FC+UemrLd2fq079ZNwyoYH9sE+jVTTk
;WdVQrc1vkwuUIPJxsQcdrAYK/0wZFbdwVUGwJ6NVNSnsUYQcsJ4GjkQ4jmHNy8WMCiqfKK1J/9w9PCW
;2Mij8rD31XRy09gaORfU6wXx6MBWfroNA1Xmj3HlAYfIe4Ei8DYEoyX1Tuzc4KJ51rdvF3Bp+60Fk2D
;Kh8P2wIsZVNUHsUODRDUejHzh8hjWtxw1oBgr/eNFJi3CNZAGef1UxKexQ4RyxkwaODfU75bHHCbAO0
;sdAtQ2PFI1MNcY2nTUt7FDhHLH0O45FvTvkfbcFpDo+M3TZDeMcRYB94jbApSnoUOEcsPYHn0X1Y+R8
;e3WoLgrfgMFlqwRBTM22QpSwkCH1XKSw8gaORfU75Hx6uFmfr08w2W2XMI1YCboG5IRUIfF0rQE6Bop
;F9TvkfHq4FZ/3Tv1lEY8QVWzNhhrMkJhdLTy5ISen8/BQg+R4ergVn69O/WTcZqHw/H2eEvCkVF3VBI
;l5i9cv4HiWXem3dBWbY4IxqBD9LQz9zCOjVPiUXfVwYWFLx/PQFOotqbcdqCbSk1j1DZPcOXhhhh9VM
;SnsUOEcsZMGjhn1O+WxxwmwDtKfQKWhqwRBeAW2GoRIsF3tPRy09gaORfU6gXx6hBWfroNA1Xmj3CFA
;cV4S0NC8JFDlHLD2Bo5FlDvkQHq4FFIS/1j1oeMcMYB94jbApSnoUOEcsPYHn0X1A+R8e3XUSmaDgNF
;Z03xVbGGDo1E1KexQ4R8wCgYKRfU6Kam7eahWfjN49VnzcFUkJV4G7KyMXeGc1TUnozM4QL4EfH64FZ
;+vTvx13DIl8P2x7naU9JQlgZyZIXPHX+AsrpnZwyGwLh4zNOENlxyNSBWbo1E1KexQ4RwJ9gYORfU6K
;am7eahWfjN49VnzcFUkJV4G7Iy8JS10/XFzv0PgSIPkehDec/nJKZmY3G6h8Px99mKUiOA9LWSNNTfX
;K5xgRlX5ny3cU69K/WTcMqHwrLAjz1U1KCGFIN0NP9fzwGS+Ja3fYYDiZttssVHjBE1EfCOnVTUp7FD
;hTbD2bo5F9PYxvbsF3E7Sy2zhHeMEKWjN/gbE5IiR5USksPIGjkX1O+Rderghn69PMLEd8xw5LM2mGs
;iEvexU4Ryw9gaPfPU7qHx6udhKbo9ArQ1PKHUwJV4S0NC8JZzhGLD2Bo5F9TrkfB64FZ5imzylYftwj
;XQ17jYohKwJxSjRzTvHG9BlO+B8ergVn6+3/WSkMqHxMGXiYuj8+JHdXKUJY4tf4EiCmZ2fxYQ6Yp94
;3VGmofaX1kXFM1PNEFC9HLD3y1uENIYtrQcpgCZi24D9eYMQjTQ18jdVMSnsUOEcsacGjgn1O+Wxr3n
;UImafgPVJi2xlgAGmRsD9KehQ4Ryw9gaORfVv5Hx7dcBebvM0taGrBEF4BbYahEiwXe09HLT2Bo5F9T
;qBfHr8FZ+ugyilHY9oIYAphhLkSOBpgXUctPYGjkX1Ox18euQVn66DKKUdj2ghgBWaOvCEmJHtNM0BU
;78bifU/5Hx6uBWfr079KNwyoD0oceIenORULfVQrTU/e0PgHK/keHq4FZ+vTrxk3J6h8Px99mKUiOA9
;LSypNUe389xEhmGt7yloBjrLLLEVp2yNHFVeNrT0rFWdRKEI9gKORfU75H+6RBWrr078qQnzYE00YV5
;ulKC8fFDlHLD2BoxE7DvkMHq4FFJ6jzzZFePcERjNsgaY5KxV3XUct8E1vXbGCFSAeugVn66DKKUdj2
;ghgFHG3sDU6GnpLLkNTgaIL5NdghodnOmf5079ZRHnYDFAefLevEi4SZ0wmQl7ko5BOfcosLZ3GWOvP
;v1k3f90MTwN6nIo3FRRyXjRJSd7H/gogpnN/12AVmNO+WTcMqHw/nDfoz01Ke2dNN1xS89fOBxGWeXj
;dYBO0ps8GW23RGU0fCOnVTUp7FDi3Ez2ro5F9PYxteM9mArSg0DVeaPceUBh8h7gSLwNgSjJfVO7Nzg
;onnWt28XcGn7rQWTYMqHw/bAixlU1XexQ4NFlP58LyGBGKcHLHYTiJvMstWGH3GlMDf5q0OS97FThHL
;D2Bo8g9TuIfHq52Epm13jpSU9sTUwVst7ciPg97VRhAXPjG4w5O+B8ergVn6yOAWS0MqHxMGXqOtC4v
;JGdXK0VZ3sH+CTqWckHddQKOt79YNwyofD9sNqjVakp7FEsyXlvgwPQiPZZzd8paE4Sj4DxPeNoJTAV
;nhoo6Ix9gUBheXPXK/n1P+R8ergVnspO/QzcMqA9KHm6JtigVCHtULkhi9czhIiiVcGncZBOO075ZNw
;yofH80SOjNTUp7Z001Slzixs4OIZV2evFxCJuM0zhOadoPP20I6NVNSnvkB0c7PYGj4gg8n359y1oUh
;L/WPWh4xwxgH3iNsClKehQ4Ryw9gZ3RfUH5Hx7abQ6FjMg4W2D3D08JbYzVTEp7FDhHLAPBo4h9Tvlr
;dsdrOJyy0zVoe8EYSwRXmrQ5IxRLVSZUPYCjkX1O+R937gV+69O/LV9lxiNIDWSEijojH2BQGF5c9cr
;+IiOQcR6vBWfr079ZDkyobD9sCJy6PRUZe0wzQ1De0OEYK50fH64FZ+vTvxd3DKR8P2x8mrQ7LxdLSz
;dJWOWjkH1O+R8eLlQn682/WTd42h1JCWS3rxItGHtcInNZ6NDlHCCaekHIbAmCoNdZNgyofD9sCPyVT
;Vt7FDgxSU/yyv4TEZV+bdpaAo+6y1k2DKh8P2w3WZVNQXsUODBNUe384hUrlXNtrgRn69O/WTcM6Hwx
;bAjooiwmF0tML0Ve6s30Dj35Hh6uBcdySlZmNxaofD8bYZiwEiUOYF01c1Tv0PQJEZ12bdpkCYi2jlk
;2DKh8P2wI6NVNUHsUODBFTeT8/gg6nG1Bx2sUjqfgPV5/3B1RD23a1UxKexQ4Ryw9gaOGfU75aHfeYD
;iEpss8RVPBEkwJfLemPS8ecAlHLT2Bo5F9TrdfHrkFZ+uk1ilSU8cJSwl6t7wjOR5gZzRcWOTHo31P+
;R8ergVnpZO/TDcMqAtWHG23oSI9HmZnIUVF5MfODSGKZx6vBWfr07/ZfEyoaT9sCJ+8PS8kYFcwSU/e
;xfgFK51AbsF2HuvSv1k3DKhMVCwI/tVNSgx9SCJzSe7U9A8RkHF4x2kLtKHeLVIMqXw/bAjo1RQKewY
;4RyxK6NP0IjqWaHvcWgiNtcw8Q3SofT9sCOjVTUq7FCpHLD32yuEYEY1wact3OIS12SpSeNF8PmwI6N
;VNSntUOFcsPYHU+A0rpmtx2WAVtKDPPFJoqH0/bAjo1U0DOxQpRyw99srhGBGNcGnLdzidvNMsWmmof
;T9sCOjVTWQ7FC1HLD32yuEYEY1wact3OJ280yxaafcRVgII6dVNSnsUOGNsPZGjkX05kG978XEInLbN
;BkBlzAhXbAno1U1KexQMBywygaORCieJekHZZAuHjMwpUmnMfD5sCOjVTUoyVDhJLD2B2c4JPJhpe8J
;aFJu22j03Dah8P2wI6PsNSmgUOEdNXuLG/Rg8mGt3wWs4jr3eO1tpqH4/bDjo1U0rDXtRI3NJ88LnGC
;Kmd3HCYBS0o94tX1PFHUczZI27Kj4TS14mT0nu0c4YIJh9cssFZevTsFk3DMoOVghvgbsqFR56WSVAW
;IGhkX1X+R8ezHcOj7TWN1BTzh1RM3uYsCguJHFWJk5R5KOTfU7iHx6uZxWCt9gwWWv3GlYUbYyKLCQc
;eF0YSVPgwf0YTvseHrgFZ+uxzTBTa8ESWDN7gLAhJghLXSlNX+3GkX9O+QUergUFmbrSBlJ03BlNAmm
;Eij4iHnhUNHNb6NHiCU77Hx68BWfrsc0wWlPBEkwFbI2KKCQadlQiLD+Bo7J9Tvl8cc92E4K92AZSYs
;keUwlXgbsrIxd4ZzRFU+bP9CIikHF7nwVl69OcWTcMyxNeH3yBuyoVHnpZJUBY3sr/GyeVc0HdbAmMv
;9oGW2XGGQ1sCujVQ0p7FFsoQ1Hey/QcKqZzd8hxZ+nTv003DKgfUANkgbsqFR11VhhFU+LR9Bw9nB8c
;rwV869O/OlhjxBVRC1eYpyQkD2dIIklZ3tD9EjmdcGnABWXq04xZNwzMGVEfbbemODoLe0ozc1Tvxfg
;RIqZqbctaC4K92ipoZcYjVwVvgIopLxVnUTNVYubR+BlO+x4ejAVn67faN0Rp9w9KHHiHpzkVF3VBIl
;5O3sH+CTqWckHLawaJv9pZNQyobT9sCI27LCgXcWcwRU3k/OUSOZxtHqwFZ/7Tv1lSdNwZTQJphIo+I
;h54VDRzW+jR4glO+x8eiwVn67bHLUV5zBlNM3ufvDkpE0tbKENR6M32IiyceXHcYDiYpNYtVGSofj5s
;LujVTS8DYEoySFjz/OIKJ418dvFmCIS/1jdQU8AZXhh9mIosLg11ViRJPYOjkV1O+R971nEVnrfaK2h
;/3xVLD2C3tiIlF31WIHNU78LyCSePeh6sBGfD079ZUnTcDkoIbZqKPj0SYFsvc17uzP0UIJ5Abs93DL
;S+0C9SU80SXg5kjdVPSnswOEcsWPnX4wgqnG1B3XIOn7DXBkR4xwxgG2GYsBI9GnhUGFhS9sbjfUz4H
;xGuBWeNstEGVWDBDGAJZom3IS97FjlHPj2Bo/ccIKZ8ccFpDoW04DxZbcoQWmwK6dVGSnsUXiZCYuTN
;8B8inHserARn+NO/WVFtxhNZClePtiIuHktdKU1f7caRf0/5Bh6uBQGCocwtaGDJBVoeV5u9KCYXZ2c
;iQlzjz/R9TPkfK64FZ426zSpDU8QdRgl6t6YiJhJwZy5CW+jP/SIrgWts23YOhL3gLl5o3BRgHmmcvC
;IVHnpZJUBYgaGRfW75Hx7IbB+0u9ArRWXKEFozbZChKCQIfU4ic071yuUeJpBxea4HZ+vOv1k3asEEY
;ARnmqckKBdxZzJCVO7NzhwilUBq13UCtLK/WzYMtXw/bG6BrRIiFGZKLk5R5PzkEyeWcUHPaQu0p8Yp
;UlPKfD1sCPXVTUodfUAYRFLz0fgfIpxAa8BsCIWM0C9SfsQdTxxtjNVPSnsOOEcsW+jbzhUhi213zGk
;CtKbMPGhj2BlRM2qBoT5KeRQ4XCw9gcX9EjmLfmrLWhWOoNotaGvLE1sJV427LCgXcThFLT2Oo5F9KZ
;hvQchsC4eMzDFSYMQPP24J6MxNSntzWTdzW+jP/SI9kHF5wmA4jqvLK0J/wRNRbAro1VFKexRfJENZ5
;Pz3FCKccX/DYDiNvM00Vnj3GVENaoSwTUh7FCNHLD3ozfcUIpVAL541OJ6g2gZEY8QVWzNhhrMkJhcU
;OkYsK4GjkRQgn3ZywloGj7LPLV56zSNaAmmKuShKeRQ4Yyw9gcr/GyeVc0HNagmIttEtRWXLI0wDZIG
;xEj8IcWcgTU3exfgRIvkdHq4dZ+vT1jdRZcQQYA9nhrsoKQ9LXSlITe7K/wk9+R0ergln69PWN1FlxB
;BgCmGapjlKeRQ4XSw9gcr/GyeVc0HdbQKHv8wGQn/NI1gNeLezJCYXFDpGLBiBo5EUIJ92csJaEpi24
;DVeYs0PYAVmt70kLRNLXCJCTujX6CIpi3Z6rgdm68m/WTdlxg9aHny3vSgrD2FIGEte7sf0IiuXfnzC
;YGfp0r9XNwyoFU0DZoG7KhUeelklQFiBoZF9RfkfHsRgFYCM2jdWbsQZP24I6MlNSnt4WT5JT97L9BQ
;pkWtBz2EGm6fWL1JTzRJeDmSN1U9Kew84RyxR4Nr0DxGKd3vCaRS0vM09Un73E08YYYW8Ny97FjlHMD
;2Bo/wSKpB5d8t3OJi72jVbf/cRWh5vjYo9KwlxVjMsP4Gjn31O+XFx2loUiqXaBkR4yQhabAro1UZKe
;xRXKFZY3tD5FCuVex6sBWf9079ZWHrNDlcNZo+KPiIeeFQ0c1jvwvMRK/kdH64lZ+vT0C9SfsAdUQtX
;m70oJhdnZyFNU97Q4RgrnUB7wGQFh7a/WzcMsHw/bGeesD84EnBdGEpU7cL8GCCNQHvAZAWHtr9bNwy
;xfD9sZ56wPzgScF0YSlTtwvwYII1Ae8BkBYe2jVk1DahmP2wImKckJA9LSCZeSfL84hg/jHpwzWA4hK
;HbPEUMqnw/Ywjo1T8rHWBnLElY8fz5EiKcbB6sBWf/079ZRW3OCGADfo2nPyMfcWciQlzjz/R9TPgfN
;q4FZ5m2yytWb9wVUAJXiaMiIx9LTSlCWOLG4g4vi2ZBx2s4mKbPKVh+3E0/bgjo/U1Ke2ZdM15c4tf4
;EiCmfmjBbAO0ptE3Um/ND0wNepGKJCQkZ003XFLz16N9TPkfDK4FZ5m2yytWb9wVUAJXi7ogKBJ6X0c
;uPYGykX1Oi3pq3GQEn7rQN2hpxh1dAG3o10xKaBQ4R15Y9dHwHjqQcHDxYAmKsdM8aD6ofj5sLOjVTT
;geYEomT0nozP8iK5d+fMJgOIm22TZFafcTShhtmoo+Ih54VEcuPIG6kX1Oi3pq3GQEn7rQN2hpxh1dA
;G23ujg+CH1cIiw/gKOHfU75bXvadwaIp9Y2WVPEHUYJeou9LCQccThFLT2Uo5F9PJxrbM9mE4K80QZZ
;Y9wjVgJ7gbEoSnkUOFwsPYHR9Ak8mHxqx2oJtKnXNkdTxxJTFVebuiEjHyU4RS09mqORfTyca2zPZhO
;CvNEGTWTHDGADZoSsEjkUeFEjHj2DopFkTvkfbctxE4K92AZSdNwOSghtmop/FR56WSVAWIGhkX1c+R
;8e3W4OmafgP1h+yxlgCWaJtyEvexY4Rzk9gaPiEC+Vc0HIYAafps08RFPNEl4OZI3VT0p7NjhHLE7sw
;v0REZ96f9pwFY6g4DBZasEQUzN6iaEkJSRxViZOUeSjk31O9R8ernYIh7rbBlVj3AhQAQjq1E1TexQ4
;NENR6MfOFCCfdnLCWhKYtuA+Vnz3GlYAZOjXTEpyFDhHX1LtyvUiOpZvHqwEZ+LTv1lEfMEOXgBhkrB
;NSHsUNEcsPfLT5A89pnpwz2cLjtO9WDcbqHw/H32YpSI4D0tZI01N9crnGBGccX/MaQLr0b5ZOQyofE
;wZeJi6Pz4kcVYmTlHko5N9TtQfHq52Epuj0CtDU8ESWQVkhIo4OR5LVC5CWPL8+BMRkXZ5xloDjr3MM
;EN19xtNBWzo10xKYxQ4R19I8dP+Dzqmc3vPbh60sNA3WWnLCFYDZujXTUpiFDhHX0jx0/4POqZyccps
;AYK2zQZQacYZTQ18jdVPS3sKOEcsTvTT4RI8jUBtw2QLh4zZNVht3BlbM26NtDk/CXFLRy48gbSRfU6
;NenPeYBWKp8orUlPEFUwYV427LCgXcThFLT2To5F9Opxybst3Bp+mzTxoYckSSg1k6NdNSnEUOEdbVP
;HGzgkhjnpsrgdn6/O/WTd7wQxaM3yHoig4JHJRP0lZ3tP+DieNdnHAWgKFst01UgyqfD99COjVLisPc
;V8oXkTezfAQK6Z3e9YFZPvTv1kHPJ5OD1w+q+V9fU4kCHEZPYijkX0rl3swyWYIj7a/Wh0NqHx4VTnI
;7h8vF3VMLlpYodP+DieNdnHAbAmM2fhoF0mFTh8qOt/lfWpARl0zXlzi17Ecbpt2aqRCVsuWkmsXVph
;SDUxO2uF9elsvaiJYT+DA5V0vl3s+3GQOmLafAz1LmVxnWSix4G0MSCQIdwwG1srhGG6WamqkQlbLiY
;5pFzf6HVYfbciPbScUZl1NawSxg6o8LIpwcttxAsuj0CpeeMETUQJhhrJHQDwlGB8cHdiTsUYei3pty
;2sTy6PNMFl4ojEOXD7Ihn1qQEBNNUIQ7sX3XSiYcRTjNFff8+xpFzf8CU0CJYezK2oTe0wiQlmL7qBJ
;ftlMLo4+M56h0XRYas5cXQls4t8Ack80YGd1HcSDqjknin58wmBHir/TeUR4zQxPCXqb9S8/DzRiRyY
;9gaP0EyrLMXnNagOO07zZNwyoMQ1eOciBfWooJQh3JnCzkaBdGsg/TZ81V+GejmkDLPxMHz844ph8ek
;80bHYMbrGp3Ex6yT9Nng8q2uOIU3A1mXZ4XSit+HxqPScIdyZ6sIPLVn7XKj7rKFLLipJrByzuB0sea
;Z6wIRUIZF0iSECL5KNFbqEvPvc1babri1NwNZh8KmwI6LA1PglhXCJeYvLU+AktkTF5zWoDjtO8WTcM
;qHwxbAjosywkJGdIIklZ3s/4Djr5HBGuBWfa6I1sDD6TSQ9XO9PkfXp7BThHLFvoz/AQK5drQdp8F46
;MzC1FDKt2P2wIuJkMako6D3JBUIGxkX1On3Zyz2gChafgLU58zSNMGHra1U5AexQ4F2B8oZK/SnuUch
;6OBWfrtdYrRHj3EF4VbZqKPiUXfVwYRVPnyv0REYl+atpgFYXTvFw3DKgwVgJtm9VYSnsUXyRDWeT89
;xQinHF/w2A4jbzNNFZ4qH9YbAjoriopFHBdGEpU7cb/HCOcQGnHcQ+EpssGUnTcAWAXZYm2JSMVcWcz
;VU3k/PAfLIt6aMdkE4K80SRod84VUw1ljbs5FRV1VSJzXOPB4xg4kH5qx2oJ2q7gIltt0RlNM2CNvCo
;iD2lVKiwsgaORGi2We3vxdQiYp88rWG/ND0xsC+jVTUp7HjhHLFrizPUYEY1mbssFZO3Tv1lladguXh
;wI+dVNShJ6Xi5AUd7C/xoinEByx3YT69C5WTcMnEkEXTvd1VhKexRRKUpU7c/OGTuYc0HLfROZpswwW
;GKofzNsCOiUISZbcUAzXkjlxuN9QPkfHsdrAYK/0wZHbdwIWh5m6NZISnsUdC5CWPKjg31O+XN/12AV
;tLDXOFlrzVJYD2eMsE1JexQ4RywggaORES+AemzxdhOKocsGR2PBEksze420IBUYe0opSU+BoJd9Tvl
;Ne8hpApPTr1k3DMcTRQlXm70kLxdwZzNVTeSjknRO+R9Jz3ECmZXeNVsMuXw/bHiJoD4vJHxdLktV9f
;z9FD2NHx2uBWfr065ZNwzYEF4YboenIBUacFwuWFTuzZF+SvkfHuBqCY7Trlk3DNgQXhhuh6cgFRpwU
;CJfVO7NkX5K+R8e4GoJjtOzWTcM2A5WAnyNpxI+AmRdRy82gaOROCCdemyONkeltstZJAyofE0NbpyK
;KT8aeGciVEnz1uIUIZcfHaAFZ+uV1itEeIgZRxh6nbEoOHsHOEcsT+DF5SInl3l3wmk4m7LLLVJ+xnw
;8aQjo1QEjFXFLRzw9gaPjGDqLfn3abAiF/dg6WGjNfDxsCOjVTV57FDg0R1Tz184ZO5hzQct9E5mmzD
;BYYqh/MWwI6JMkOAhgGCJUSfPW9Rg8+QgergUUhL/WPWhlxhpWAGS3tCMtF3FnK0VO9aOSe075HyqbP
;lbY5r9NNwyoD1AAYYyKJCQdfVQrc03g1+UYPJcfHaUFZ+uB2jpDZcQVUQlpmtVWSnsUSyhAVOX8+BMo
;kHNy8XUGn6faK1lTyhNLGGeF1U5BexQ4FUle9cr9FCCcfmyuDmfr08wtVn7cUlgPZ4ywTUmAFThHFx3
;EzfUYPNksPu1wFJ+80nlkeMkOS0xPxbYiLh4ef34eHcSTsUZuq3pty3FHrqvLK0JozQ41KzrQ9XZqM3
;tVIgxc7c+xHDacbBTpNEex4ZFpF0qbTA9cKNP1ACUNcRgdDHz5yuJdO4k/csdxE4e2ny1YLNgOWhpth
;qFtORhmWTNPVejN9l0hnz9Wy2QTy5HaPT1LmVxnXCbZ9RR4SzRidwIOoeWkTX7JMS6OPkemvMk8F3jH
;XEwYaZqhbToUZ1EzRVLvqdZMbqEvMJ8lPtnjj3cHLPJMEV8oruR4eks6CGdpDLSDql0Ki35pjnEPjvP
;ZMEV/3FxTBWaN3wp7W0wIaRgd2JGhTWDJP0SeK1TLlYppBzyGTB9XKKW6Oy9bYFdnX1TlxrEcbpV2at
;ppAuGUjnlvPIZIHzU62PUXelUnGAEdCLGTv01uvCwujj5Hr6HeLhd4wBkfH22LuiMuW3hRKUk3xpqjX
;QvJPyWOVwKYtst5cnTcDkoIbZrfCntbTgppHB3HkKFNftkkPuNqEY7z5Xl2dMEPHxl4yLkkPg94XWdY
;UqHT4xg4nHFqjnYEmbLLOl9lxhsfA27InSgrDzR6Ikg3xpKxJXvZRiyeJT3b/Yx5cTmYTA9COMjubQc
;UYl1nQ0vk0bEJIdlvbMtzAoWnnztbY8pcTB19gaYlSncUOEdfSeDR5U9gnnxxymBn6L++WTdBnUsNTE
;zY9R56VSQBTWEItpGxOX/ZTC6ANV7hlI1oPUuRTDUhMNrfAHtLIzIAHgWL5KBdFMgqMJ4lIZCnzThBa
;cQjTBxtjbEwQC8kMgAVD6HmoXcJyD9GnTVHsv6NeXE0mEw1KznIj31kSCEYAR4NsanWTG6hJyuOXErZ
;8/poBCzuTg9cAq/kbQ9KIRgBHg2xqdZMbqMqPug3V9vZ+GAFLO1MNSs4yJBgMQlxTDVNXvXK/hMRnWp
;/wloGhrzKN0NxiDoNXDjigXxAPC0KZ2kNi+SgXRbKLy6OXErZ8/lhBzyiOw5MUtj7fn9bUgp3HDfGkr
;Elfc8vPvcoVcuWjmoXSppMD2ZP2fUIe040fnUcDYvkoF0UzD9YnDVX4ZSGaxdJmHZ4XCit+DY4HmBKJ
;k9J6Mz/IiqMfnLxZAqEptEtSizuTg9cArzlRw1KNH48WE/g1fQREYpve8thGuGejmgALPgOVgJ8gbsq
;ZFU6OEAsPYHQ5A0+lm1qrgZj69O/F1hizXwjbAjopjg6C3tKM3NZ5M3iGBGdan/CWgKTp80sRGXHEj9
;vBOjVTQsXeBgiVEnz1vUYPPkNHq4FFJ6jzzZFePcYWgJ7jYo5MwtxOEQpPYGj3RQgnGweuAVn66DKKU
;dj2ghgCH2JuRIvA2BKMl9U7s2RfkD5Hx7obBWYp588T3jaCVsJeujMTUp7Z003XFLz184UIJ92csJaB
;oW00zxoYMEPS2wL69VNSlYgDUc8PYGj4gg+iXBs2loUn6HeLVJr0Xw8agjo1QMlCXlZKywxgaORDjuJ
;b3HccTifqs88Nw+jfD9sWo22OSMXfVYiTU+BgJF9TopqbMhkBI6MzDZbZcwjXQN8nLogFRJ6Xi5AUd7
;T8Ak6nG1wrgZi69O/FV5izQ8/TAjo1T4/CXJZJEli8sz9FCqma3HeWg6FtdY1W1PYHUsYbZq7TUl+FD
;hHYFTvxuJ9WvkfHtpgCpu2zThDedoZYA5tjIohIwhgOEQlPYGjoEZ5ySQslTFS68a/WTd4zRFPCXqJo
;Tg4HktUIkpJ3s/4Djr5HB6uBWfrxb9ZN3jNEU8JeomhODgeS0ouS1X1/P0UPY0fHa4FZ+vTsFk3DN8V
;TwlXnLo6LwlLVShIWIGgl31O+VF73XECj9OvWTcM3xVPCVecujovCUtLL01N5KOSe075H13HdwSHtr9
;XNwyoC1YcbbeiLCYXS1UoSFiBoJt9TvlWcNpgFYey3DxTDOF8P2wD6NVNDxVwXTUMDqHt9AlO+R917Q
;VngJC/WU1PqHw/bMUkGXNLexTwBSw9SeGQfU75Hx5mRGfr079bNwyofj9sCOhRTkp6FDhHAz2Bo5t9T
;vlPUu8lVsXkijRaDKh831MI6E4JSnsCe0cszcCjMfEL+acW6QVnS5GUSjcMISxxKwXiz0dKexQ1DmR5
;06ORfwT5Hx77DWHr07/vC8dWfD9sAZidFDl7FDNULD2KsJB91GUHHq4XvqKX/g1PkEWh8gPTgKtKutQ
;AA2GvW5rKJ5AW189SvUlx2JI+n4kaDpNyF+RBEKErLGt4PIKYb8YQC7B5O4kzXqgaDZL6co0KDnElvh
;mbK9gSWB3U6ItzwcNLh6YQOoNfwbWeThToA5jMerUWDjQOdEQpF/iLPSO/yCsblFpPm+qcvixH090SM
;1lyr2DsipKTpL9XsDA+Ack4Ib1GgPuc7kpEvnyBXZbuH2/1uVSbVh4dUGESZMeFKzMvY2x0y9x8WgIg
;9/KRbZwCloOmHcsyOpauHDYSZPBIeMopZ4xB+S/8gDmadLbfYfgEF3Md7rYxzrD3xAQ3RAfe/WbzE4w
;obl0dStySBNqjTrYMh3M68HrNCJwdApIGNoosWMhPvGJm999PkVdDy5EPgzZqUZivd2M4NYRMtHMhEG
;8r45y6fzGKWG72mdvBA+V70/Idy0He/XWIA1X9wSqjlqGyOhjnJg8x5UvJ6YPNKepgPh6WpKj/GmmtD
;gXlDEMtm4tm41iQTF53cNpfXts1oGx9JScx2zJC8bu1ny3dvnPE+QkelgVja/A/vIq6ikH0mLkJK9ZH
;c3g5fTxlgT2qc3S6Ycm+hElp6pABxcd4fR9uFJHq2r1J4Mc67Q9tq2H+dsHpwEUY0TfiM/QshgqBH+4
;NIBxqhMsmzBjLpIRjF51GwUqYYcEWADt60pxPVjgXUhvB2FVivjyA47R+n15otsA6SXarOFYmfgCt/d
;0spye16pboz4p6WiL9kI9FrgVDNvjNv6Y/GpHqCYLa9gjD2vupF+IAZfveQ14yRkS2vb7BumWUmAtpg
;WT0/ASxMXrj3gN+dG21uvKJ/22GgBRvCM6qesZEcdHtLkHrnWZ9Lkbxxy0UsS0Yq2xYGCCNN/O9N838
;R/9QyoII5wVv3PLhcU/hGxxOl08PFIxEALBuV8+MfyIUQUA3usUL/fgvRYB/Hk21B03sGpwzoARw0Bb
;F03NBaUO2IeoMbcpFjZg1WgjEP2FmIWzIdyBEV3Tpnyt10H2z0gr7zQ4hRYT93k5QMD3OaVSfXi9f3Z
;3x91OFktm/Ef3+EHB70SLHQVFCRROEsaYfPgAwv/rDzkEhnXeP5mJGYZyxcBM4vzOrDONJenQgtdhvW
;B+u+m3RGiSx7p6m2fHmxck1J/FMpH2qkmHNzobdMn2OD0wBfVRYRsZfXtj5i+H+vr2U/S/5kDFs0fHz
;ghCruHpfPufHmYCoYFzpvCyWBmD0Kenecmn2tMzE654zhn4dhT+LZ32W0lTw0qIFor++lmUAUbow1UN
;xj9vknalS8MSDCeFI6/FvultlmOnG0aTcrCDnKgHGaVeGZvmbIyjnq/ASoujj2HDDSyEqx6vh3yLN1T
;S1WF9JWdtS8twM37NPkz4XKKn03y83eHyHgD6QoSf4I2L7yTYa57H8/eGWdmJwQvURAMOUANQmf06Y+
;4CtE4eoMqR6UmAnWw9odxfWqd6+AnElEJF4QSdx2Ebz9/hcPJFt7Nk8TnwHnK0HCJDykO+sevbS0ota
;TmsL9aSE7IfL2wuvOUyZ0pLf5l/3YEqB7RD32OcqPTzKhnOvH7gkKKWK1oR9x4RMVi9mmAJO0kyWnHh
;/QyrhM3NqGape7i7+pzOKQ4sEKy62ISpkJc/7hNTlavlVfa85SRwvzbjNaoOuO4PDus/WeMVgI7j2RQ
;BX0heCEAkgqeNjwImvz0Gj9Gb3r4p+1Gmrw7sLdwR+U0ZsKoyNrjFM4wOF/IlfZjhfGeRIMsuKW2Afp
;0rCZmOS+I7lhJBrh9fF2Aaspo9TrV+qyj0J3IpfPHerW+pl9ZbuKwAKiWgvxOkj/2PboNQpRfqcBk0Q
;lnBAlDvuNv56B2g3ZW1KrMWK/d23HR5HNSDJwqy0lhy4U+IgQV1MSNzG5+8Jmav9z8oRbMn3V37Blsj
;FWJvG7r0P8O5IJLSrrOFOlPG0HUmmPZcfgApPWQsep+HBGlxw69ezd/qkqMdqda73imtmxfibtMjIBs
;afDB2LT+N0Py/QOSu7MLkUlqxdy/J6hsPYNzRNea3yEPvfj33+8eoT41hPPWmSycDjD8IYN1yOPGAPb
;601xCjlb9X1hTy49+eWsljTfIFbEbVwsT8w4ZLpv4mDmhkd4F0RuJlVnTZ36/jQkaLyVuiCXX7jVG6+
;m3Fhi1bE9iSYcAylrB4VHXcd0Jw8TjGztY7IqFzrwMYN6+CnPtxh9mt/js3qox81OJCJJZHk/LfaGQ6
;j4SBG73xSXwj4ImocUl08JYCCAyzfvrPNXyawWPoPWIcH/+ARCNbLa4JgFO+qyFvafiej7mrB+td2Xt
;QImBNLJLT6sgvsFT4gq+n5iVUfXQc6a84Ib6bZcnnYCEbwMq0Q5RXoEnSYA72E2vpLGd7tgLjDdr/Gl
;sXe6I5BZmWAXWKY+BYlq/PzICmghQ3ZhoW1MsYqompRPcLG1ZOSiImf4pmWf9Fpl5cA0nSoVjBJEP/y
;EiG638gSx3o8pW2DfA//1eWUjhRACuIebTlprqZikROTIX4OFUEnynoByME2DN5vmkl7+6k0NkkOl3Z
;TJvCCCEsVZM5ZM3j3cKmUf7z+2utGyhi7KX8+Oo9//bqyhWKIi2seMtOz9j5xj6GQYohYmH78oPlCn/
;MORW63AFpBARVeq+wcCVUwW+Scw2PiKFjUOY6G7vo2/Lz6ntfQhTj0H65ojo0tUeRwCBRaXgCnNiOTa
;W2Ue6gH6gHxRWVm6HpCwWp16y8qI373DCz/yQpIUWiqHNP9vnDV/0hebiVQtah/dkrd3bEzgLWJTW7K
;eWbHAFeg8NFOt/lsbIRWWfP+X7xAzbn7HQsfrla1cC8v+rqhpfziwJbVjFYuc70OcDc9bGuxW7KIF9V
;C5qRd6i+0RAXeEhiszx4X7bHmwop+C4FwW8L21fXoVi6u5jmiWUodsQEwS8P8flRcvH2EzHRputhI1J
;rXH4zeYKm8SddVAyhUbOJYn+iSwj9TNN8mzkpLFaxPQNPPysBLTAjsAOSSIkobLyy5xk7MBAH5g6TZs
;WalEpvfL0RQTC22IISiBz38PaGSo1t4d752q1GGarUL6abU3/P7rrzzvgIWyPRgx8CjppbB16vD6BOd
;nl90xtFPjM9u5WiuSHKDlTZ7VcmJYjnTH+y1z/66vOnVRI4scfdtbiV/3OOscZir+jcS59AtzsiA/V/
;m40P6o2ZudVZowJgjpwKueVlA96QDENK4VQrFYgAGNdPUtKqZSvufseUChnxBN5N2rcF7kxXvqdfXmS
;0zOkfg+V3pXmrvEV7lHjlVjmY27kZj/pCy2Su3sADxlIw2MWgdemjs5uBWhku1sKzJcfdk2fll0XGjl
;F+YyvfH3ORIrKpwwRue/Kf4mHMr4/I/Pz7iPUr8fS6Gep5WSp+rbO7WXa+YfVnTLPoM2tRIWYYfF3yJ
;KSlHZET4ztu7wpi9v28sTSaX8K8B4NHFoYH4TjiiGwnkPLKnud0dvV/DOYw8CQdmCty/TcpiN4g+jI8
;/OGLO+mfIzbLEJ539gJgcL0FjEfnoqeXFW0BttbvcaD6+hGaMr1Llp3m/uW8qbVtqWdzOFIWApdoUqv
;9TVfTWV/E0tsERRqecyE45oJ9iTDKn3fZFC//E4xV71KnFQ3+1DJNOIBUC3B2QEVJFrfZcp7kUKmIPQ
;N09Y2v3rHuthsMyh9Ts4QxI2p0E9tmqLih65AsCdYhRftKxTHTcEGJUvdoeklnfCE5a0vZuCwYv21BE
;X9MCP0HiNL26fXYrxwq0o1KtWpPgyOx7YwtzUHOuvbWJnWHHhYvAcdhL3hE2Q7p4ol+Mm5piyTi7puN
;W6SZjABwSLoCN59VJU0MXgN70K82HdLzCC3/S9NzpUAUNw3pGzpubs4ZVtZSioD88JMmpa7RVIgdUYu
;5en5/G0RIeMPHizYZXjTMjPln+hKhLcJ5tb9DDuspzywALNv/37yJGJfXqY9tmDG8JIBd18dVCZzXYD
;1lXjYOebcM616q4JVXr3OxJaFTXWgeQS7N5UH5AvFxMyYXLZ+3rm3U7ubG8vAvvJRAYowEIjsFylIWZ
;AyuEsxH82wXmhBFcSCJzLNnNDRxWPfjm+yHJGtF/jz25VAwdYQdK4ps5ZhEh5ns1m9UG5ekKSc+MLMF
;S1oPwHp/Y2Cqfgtp61cfiwkUbCcXC0//TEUdQ0RNlO0oW299Lh1x/cB1ZEtx0ztIhh383DT1/Gria1Y
;RUmoJ/XTk0sV9wRwVN74fpXKLGxjoUnKb9moIcgrxc5BEwY4Jmi23CcTqN83AoYrQoit5bENWCeJD0C
;bFO/HjXuunyv0NtkT7GAlkYCc8Gz+FHWYejdQMxMCqLU1xdeY18nhOdwzHWwCPEyBUcs5SUeECBHhS3
;LJVkUIXZODPnyj1hE1kx7+CU3HNRVGxcbHrTHh1TaVevbIZ/1GUCtzba3hz6kfMuH54jhuTx07NToUr
;Z9Oz3ULO17V5uT4L2oAzDCocXxXKEYQ+v/TQ6WFmQdjxgDzySbgsNo7MvBi6j7/cYzCJnQ5QGFwI4Xe
;cCXtukMR6Go2reLN4J+sW6YOIiTD1xwDIC1YtbZZlR1r9OZswUS8u6M7McMqR8zz5BZu5QuLmkDiYBO
;3MxfOdHrUtSrBwug+yd48JLtn9x+b33CvRcQhVxjjRVNQn3WTxpilgL5jRe/JznFHTvd4DqJPB9KFtJ
;pv1xrZfv14uzherUdl6WcPRoxOWDvuspPJqFmD0YdObQbNZyZFq+cedBTTqj2SSpLRcQGvch5Co7Pgz
;Vbai3YONHhkzRQPabhqaFAvJLLq1HpNVG5gx9tpIPJpdj+Vwws27QIIRY9epnCiTNKBD+5xIH4s048k
;Sh4Wfy2IjGJUAFis8oDdrWCwN1ZsFMaDLxQAK98tU9GSogObeJl+uhUTKRikJL+ATB7FstXfFE1xslN
;9W81M2vPqLnPlc0bFXtZ68FmmK3oFCCC+9UUkMdKJFh0lGJWgv+ScP+fRAWdCB64k5FubwEuB/1w6Ja
;I0iynm3U3jc+/MSFS/sV5boFIJiB9unFcDpN/yJgn1YvcJKhJgcYBSbSZOFWsVsNRJA3zH6x1QFzHFm
;uQHw3hEW/eyoKeybYspNmGKhYKudakPxSjg8oG9YCASMOdYsRjwyAJgkm4lKQuBzEhbuVqprKyTJtnF
;Cr8lvYsIplFc0wwAgz+DpqHo+5UizU8ZSNkTmp7Y2X5kuDkAyKFMhbvgGR1QQTXryALvrvCTTTHr3A8
;e94aYhwqXXw13QyD0Jm8pgk9WJG/Zn8Ly7B1rZq96z+jaH5VYzJ2XqfyifBJUfhkrtgHqS3J4Tx5GlO
;NfHALVgFMvEpaMkM3Y1tdTxkfSVtXBaTinttuPoyiNj39xFplG3L/0ZgzG3NhlyvBA5u1kzBoTIEfIf
;FC6l4MHFSIfcA0EXnwuAGgqBwbA3t33bexBTlWpJm7nIDTNn+KFPB8I59mrAK0LFnIAlqQ9TjD/RDk4
;F3MhRjGWIbhZFFXlJZnRFp8UD+Iex0Va9jlFcJ/bI7ut1kxj2v1nehwUa+kt7Mg31y7t4B7FUBlhsqG
;MItwB9A03ZTgRdN+8Ma982diROvmQJJITKAKQ/GvcbLHQA8Lvdo+LoRNk5xAuiK5NchWOHJTIJWbahG
;2wcT95Fm7NB7vVvW2Bx+jULNrT3UO6ReZKtJ+aeWQEuF/NAyfNxI2obq5VWHXZhIi8hJ+MOxeZSmc0C
;TYb6qBeDpH6qX4YtIT31sJJA695Pn8dx/K81jtsdaIvkwo5TkWMhdfqICwbBUWuyBBpgpQ4vFQ5sxfD
;tkUPouZTP3OLJm0to7Z72Qofa1hBfAPOuT4/Dr5KXTflzsHbBzBrarwoQVgoXO1MylhB4cFTasmo2R6
;b1WKUYUWZhDbf3fGUH6jiuu8aHwK5V7JfPIlZtNpIZ7mBwjM7hEvS52GYIfQlkoXCCThSk4RDp7KMGL
;ddl7d47qKvAT223U3S/PERDElplFEMG/Yzdn7AOpj2nHHAiB8XZlxihNCqWxRoIzTSxpaVC2sVoSriw
;M5+FOHVEMfyp2IG89GOFx2KHapOJkvEOOsg+OlPECK9njjoJfoa5MOT3LnZ6jvJUd0HFnhKVUIpQYhE
;K6JfRCA1Brtg9YW+UbbeOv4giJ3e7xoAxt/piNXPTswYrdeB7KyZp21h+yrQRZW6yZWLykEc20KWQw+
;JqE365+qwmRmr7qN0cUL30gJuy3SDOD+M8rssguieuCXXhrI9jd5H/20CydAkaRuaW2dAVP+jA+nX0B
;sgGE5mCVISpqfnBAX/lIP5TKo7iyeT5NzViuK89Exp8NySFQjjinuvOCmbllxiVho4nlNfQjTWIbqxX
;PaiCRhZxSDCm6YLKU7GcZRCXQwL1VexRwrQU2Z5OUfyKBgztHry4YflY2JSsafCgl5T7BMlWx31aCwn
;WU5c+zLJUebnrpUpwAfbQk99O/WTdF7TJ7wkqIV+NbexSxF2J6jKmLd075HxPnTSO5079bfQyofGpkD
;ujVTfxH38ZHLD2I09kkPfkfFb0FZ+DAvlmtkLB8P31UoZEMHgOI1ZoRUlplknu+volCiSxz03u+nkXG
;DbElQU0LVD7MNRGCVsTrjjIenUEIACRXDkPGA3NDD6kYajBByK5lk1B8QHB+oXkLX56Ln21bVBzJENb
;sn+kbxWaFx5rgBq0aSCqVcNWIdxOHj4bRtrRWB2zSsYBgbi0BHCaSz9EfHP/m8dOjG0uOdHb7yIpGzy
;TNeKrUxOk+c3X9NoRsTLlEKBPucQGqTlnXCES/hzDWwqvpgiBE1YnM5WKNzp1UdSi5mTT+6+Bj7qntv
;0lU9CsEo4NCwVcS7TxMvHm5yO0yOLuWCIYcdggQYMzgbghaTgTrzGqyRbyyuiQnZKtE//BH23k2B74m
;4ABO2cqyNsV5RvSHBmJZPRi+fiVdVlnvDzLMhRTOgN1ZuWz8cox2GI36ocZ1/tI8S9LaW5vwdZq+BSP
;9Go7em9+vpQonEOmpvWKfSFRbWG1pO1Q+6Xn9eq1DKHYA4rQmpU8qMed8pj85kblcgMVKEOfNBhLSnD
;giSYfkig5J19jPBV90s24xZnpH3hlgeBq719RMfwlzSptt6iYTbRj7h/rrVEQ0pHTtIKEncA8w5bnat
;vtyEIgJpz8Ws7RFErtGBqiL6TTWtZud9P45SdkUzv/BM/n7hcLLnYjZgZ6hRmjjtBWmnTdHC8BMYivo
;0g22COt6tAi4+ldXCoqdJGs1R5xQ+omx9EUtra4+coUEzjCeRxCv6lpNpH2dnv7+q3OTjZWyUur3EH7
;98V3Shlm9Cj+EdfzT6IsmCnfIgySTo1f0+HCFZ8KHnS1LKYamizJwEqWoYs7zn+pcbLAB5w/74dad+Z
;O5WM4ad3Dpl0NfCNK12eIC//7sL2vdpfB1wl3z0HwcTfdJVBjOvelscMgg+8ljGK18ayLLeNlL72MlG
;OrL0W2P4TFDVHBHxRe6tXxoOmeGOB0ndIWuDZaRMK8Q/l3giwQj+GenE1SflQKytkiD2pUO9cyfe25x
;xSPhAuLd+NT1U3W03V2USqbIARg7dsoQJmsuDxN/S3umYYbYUHPu+ESmO6hkj2loTC89SpstXXJdeBa
;KdJCKF9TzWDCuiEwWU04I28dKrK0H4rlVrgQrQF0FKmyRC44QrgfDnIU82/N62FTdFPnPa9PgdI1+6Q
;o2bLuXz7Gzn9V9HfzBUrJ6Khx67K2xwii3oMCZnK7smH35H8OAw7aQJC+gwqmFeqqYtBfLUMCYlQYtV
;yMzHgnnQbe1RFSYZWrHXK8sRGhFNKtvIRBUdPVVD1b0oPQG0ObKekLFdem1cqva3ewUlnldJwdC7K94
;9TyuBUi037slnzSQwD8DF/6keJqhKNutDQkB+VORmDzgxMV1doC+Tdj+zsMbYwASjEY+NbeBIffkW/k
;8j5PLI5onAqy9DoEMC4K0a1EThmqmLst1xJjJuvpEY5glNRm2Hrf/1r8eCYXThsDQjx/rAD5n1YHPXt
;+KoYrHiZleh/EmC+BHROdAIBM07NI0HJTiBUsQVd5TRyDVzvivQaosz1ImctZOEdcRfUtmlhD4NgkOq
;4fxjt9qTHCA/vmWCrDtznDAClhrydw8CzXIWnorguUzYkED7w9krxljfN0OHCf84T+inlFX8PZVfR1A
;CoQFH8lCORf8slH7lxCgz5j0QD5r2wHaiPQuTp4o5N7H1xgygcJq3e05JQSHXNLkVXNA97kgx4+jtCf
;6aFDBVqHdv8Zv2lJS80YYDr5HPE+QOKoB54ZVd239HuicxKDb18bHYN3JgVfKeo+MManpoFnP4otPaV
;w/+uU4I0vyop/eMpz0ESb5wSss1DkP543PwF+U+YAg04cOcfsqE+ko1dLUDnOTruOzBceCaDpMnaQG6
;tmJA9k1roAIFDBZ0evxXp0Oarh3GcKyGsHuUAB/KGUgaLsLjVeMGOtQLfG81SEt9Im6/0cjyYDu5QKZ
;gpIOEv730A58oBo5xzFOotizI7XFinh6HLX+ITmk27A5V5iWrYl+9Ib/l1+tWt1+/L4CVDUvWuLthC7
;HMHHddjdHzOYKeRD9cqJM9Uv7tb6EruxMFz2kME9cdaggO1A6O7nUw29YhB8WdStz5oopQKEk3nB1eB
;NucSnW5IufGqiwR96tIEKyCymoIO3ukO1rIbmONa3IulPmVCume74mCGAVLlXNCoh9TgzNVs/22Iiyl
;HNcBoB2o8qOWL6Rec4O+BE3vWzajUJRFyH8hgKBlmGpTEwTPRTwQWV48bYIYwmVXM0ipmO6eaVx+bTe
;Y+pwDr6EP254js1fQW3nsPCrwtPjm43fHFBnrZEGUPjL0TZYq/3I45XnVypNllcyFGEWSdy0FxwCpGd
;r88IH20slFvG+hGS57VpBUaCnlr3VZlIyQc7jZg8iW8rNvrrlv4ZjCjHtwWGr7Q3wEZ2Ooj9HMh72F3
;llpwxltzuO7WySNntUVb622t6/PFZ1szQyK6hH7Q1k5TiacvSkHils6+Ol1DcMN0NAmuKGQ+sj+qv39
;QBR7M7oiKFDMTQ7z7OnD12uMvH2xpb7wYw3YCmZrhZ5UsGJeCcS+9bQcKElm/PaZI+sIkRkTnAPCyTV
;rW2ePcQ+bE9uJ1tPOSjB0oZg5M277xFdHDjUss0t0EvJusBTikrOKf0+zlVxN9mWQ+7DFD1fRocZHsi
;D14+dBwrOTn3ydviOnG1tdmnn6lox6om+u++NXbpkq+R6SoHXFeElkJyhvjlwggl9uqDB4aRDr8eqXx
;KuNHYlqBXeJGxvHKJt7vPS8kLH31KapCLr45IABEe3jOMU6rDvi2tBBh5XrpYkHqT5QPFJA2KkHt1/4
;YcpSo5og6ZyMbjLK5aZIE4UyPl+SfX+duEs7abnGHnF88+jRZ/uxmjh+RokimK1he/XHYEtrvwvGcWr
;GQKxGriRKEbWJoxvNa9Ehvl3ligrNhJPZa/V5sCvYP8edpofD9/JA8kkGai7F30d7G6QwvO2/+doaZE
;fSlB14UWXJIYmYnu/IYBXXgykfB3rOjdpURTz9dzcQqTtjIvuN4vkpIwG0uMW26Js7ias6l0tz5wFN5
;q7ZQipUoIqOqOyCKmLdYcI+fBjBvUT8B2UQSCGIg7qzZ/o5+7BLMyBZiBRE4JvC+aRE15SSx42JprMf
;C/2v/hvzeHpgHr7yPI+klgtRO1j+907RV32my19cmXGksGctoaZaSsVx8grd3kuJVICy0n7h2AOXbHq
;t+SqWWryhRBKsiFvlH5Yx9brT0WzZqOPU6DvO3fGnq8LHX6eE7xYP1ApLJvmWXhKvoA3UcTrJHiiQXt
;mAoa26YrvmsQe52J3cWv88Xs6ft/GVr1bm9t0FipjKwilKOktK9hSRe5I7M6yP1eBdY3qSLjeTUakc+
;s2XAjy4i945a+L2IOo3Pfyw5RR3UUqAuEZverRlaRgBZyw/t6bWbrUdDUlZzdr0BESirLuepb4hJOCj
;D2QAZGDhNMNIinV4p8mspNmKavyRXvK5cKaUMJ05CnlrMEmHySRHCRqThhS5EHInOmrgeaf71587JYj
;PhdjzPSrT3zuz+hbRZtfEi4KlDtpLWi0ZAUtSas2zSWkpTUBFy3C6EbUROfVPN18SOzIZmDLKL15iKX
;KZp1pnKTHyPtiMvXXZ8ylPXZ/TxIKDIAGVzOzDQqEbTEa5UTAfVBe3K2kaWjYHfGZt+4u61j4bqwLOc
;wwyiPhLAd4IzDIGT8+nc2ZOoyn7wY8UPLCdrWHxJeJRzqhpttOlbWihZ2qmzEQqX01/Pvv0kF9sY2Cl
;4PD/wlhXWUMVEqEF+//k6PfYt664d76ZychdNruyD+MbS5Jb7GNr2qUaFJzNpVtTnwcduX9wBN+Z9tm
;XWGSZ5BgPdRRccnN/UntGt2KfFKXF1lsW5ui1/aBg4Lno8Pluzqc/d9aYfD3RmGFopkKuiVSXEI6n/U
;UvdtXl3rvWtQekWL4b7/O4h5RysRmgtb7DEKgthLNb7KqmSwwDq6LVDmgAJvF2tkEDj/9QLTK8FAQ9r
;Kag6IAVBtWHEUHnz3utJOFQhQvFLu8zeMgp5Ba0FHOAmlqFjCBKobT3ZOSte+QZLCrWz8I6FutphQor
;+NnIdy2x4OCI87Tcv9Be3WTTRvUTAr9DNHgPgbpzYmNq1qbisXDcjBytVpY1dE/P4R1rBxeNFJtbSWx
;+AaX+P3NVgaZ08VJsrGOMSooMl54OQOnxTkzDsUNU+BDzZZ9fxFW+l3bCyIHprcZHRarGrT7/QuljYi
;Qc+/bPybTmwCjL6i0VPYPUB8QoQqWFiRg/moA8u8HleYGO4M3GYlN+npsk2Yz9ccMuR5O/Z+TMsRApf
;7hYKQOM3NzRIlLxhRVaV0KqPiblYw0THTAx++bLZ2nWLi3KYrsLWBV4K4+JnlQpfeSefP4O0E2O2vSt
;f0a2RalkDDsMHLf9hZS8Xeth+foaSgwJ+MbzLnhbHBoRbdCGzOwcI+54ZzDg404zRkh9eu1rnKM1ti2
;XmDKqHxtOPR+yWmshDWW1qjH9YXuM/jRy5qZDHN0ZFHE66dyA2mxBOBdQQqEK6e2aE9Kr34NkllgVcm
;kfXnwVNKlxI7qcVz2/GIfRwo5iEAiuqWkFzgzcaKbW1iMRTytVMXX1UXJdUZumn05FPsTbhREQHBQpP
;RzgPuWJLAlTIUU8lh0jXwC99zuWZ/4smu2qu5rkaPnqGPgVEypc/AF7VVS9qjUgGiEns104XGLAFBvP
;RlNJRxS4xdi8imweWp2hKJOYpmuoxYyaNmhOhTlJX+dezGABc2ODaW2QVcPcMJwa7aPs8USUSvY9UCN
;QEu5wftanBy7FWLNN1PzjzlC8vBAA9lsDtGcEsfanImB/ZILLkSROqashR/5/3Z5zasRLooQ8JTDCP9
;ejUcdFE5ZGeVhr3yXasFlryUd7YTc2La+yAIW5NU8mbaxdIL6eR5qetqLe9TW8A6upapGmjb/uRLNVa
;3Dmi0NBreDaayTCkA+N6oAbDpqko1vFEKuHRYupXGPKrrHobIuygjofmBBcxRS3qP5fsycaChbiev8c
;l43zR313ZAEhMFWoQhiY+We7nVyM6Bk05CN1EVsoCH5RIuYBKgWCnscRj9uzhN0jmnSQlR7FBJSQp+j
;U77zd8IMYPZudZvmwqeKd18MwJJ16AlSwBnFxqdbR/tJlNSFMlSmAI41QhdC+FfwU7/RgqbyI4zDqdW
;ba69RWmXhRbpHsEqE2+tHfVQjEEtXpgvwud2Ms/BsJ4NFe+bPD3rZpUMoxUVY0SQ/QVk36dpFz13/YS
;HJp2j2Oq8Us7a1XIK029J4Xa05RKhiaNT9sJlNFWaX3XYNg3NLodKtPQPsvz/lcOXrcOlLq45x0ozFp
;+EtPHGZfVT0qf+5iXL5A7S6ESapc9Uioxqrg+4qRg0u19pRPDj7whbP5qT9VZVbbddZmpWYEbui2tlj
;Nai87Uuonb/CULzVWEjvstJCVtYsD/dXpGi3bVoVaQh1PMx9Ah9yW9alwViqCa0NiYj+1cDKVegOuyF
;ETow9zQiR9MUR4oKYCo1JEB1iaLBBjRSaSqWMbhAS5EFO4kiE0F+a1zKaCRBmZ8CrU2sg06RvQ82mJx
;tGwFEVDSPwWP7QHwlDct3K9OK+BBLecYmYwyKwj4RqFfissxL5Sn93XinPs+bbzCe9shCOzXTzZrAzb
;eAsuAP9jABqWaSYRZdoLJbnkgaCcg5r1IOEtUIyDpFjbrSgrC4p4S71EynkQ6EmSvdH/MyzHsZjwjUE
;TE0Y1MZuHG6qo49gt/iuV6agGqT2s8eygSr54+97LZSMLag/xsIMRp5JUZP/ZuXrQAbVc0c/64/cq4d
;VArFNp/gx1s4IupwbhfAm8FEzFViXK78E4C+TjbaRyZ2ImSBOFOu8qMKDbiBthwvIqRb4nBYoSIfyXE
;RzP07TzxGzSosIqXKfIiFnIJRxvseoo1iwyO74CcPyp+NSznIz13uzexQ4R2V4z+c/Py57gCCuBWbr0
;78YCQyo6D5sCOzVTUoZFFRHWT3ko5FuTvkff81mAoe2zThDZccSYA5nnKEiJ3sVOEcsPYGjGD1O4h8e
;rmQEiLbTPEVt3BVQAleKujk+FHlnNFlP58LyGE74Hx6uBWfrWv9ZJAyofF4Pa425KDgaYFEoQmLozfc
;UIpUfH64FZ+vTv9B3DLB8P2xpi7YoJh5mWTNFUu/8+BM9nGtBx2sJjqG/WDcMqHw/bIGo1VVKexRZJE
;9Y7cbjHDqQcHDxbAmYtssGWHncGU1sCejVTUp7FLEHLC+Bo5EcLZp6cst3Bp+60DdofNoVURgI6dVNS
;nsUOM5sPZGjkX0vmnx7wmAViqfWNllT3BNPbAno1U1KexSxBywlgaORHC2aenLLdwafutA3aHjHDGAf
;fZqzLCkeFDlHLD2Bo5H0DvkMHq4FBoiw2jVSfskIVgNmt6E/Kw1xVEctPYGjkX0+bl8ehwVn67LJNl5
;o9whNDX6NuRIiFHhdNHNN4Nf5IiOYZ0HCYAmMp9cGUW3LCFAeCOnVTUp7FDgubD2oo5F9L49wd8paE5
;myyTxbU8ATUwl7t6UsPhNLVSZUYu/Mzg8rjW1/zXEOhL2/WDcMqHw/bAjo1V5KexRZP0VO3sD+ED6cc
;W3PcQ6EveAhNw2ofD9sCOiMDUpoFDhHTUXo0M4eIZRve8B2Bp+60Ddodah9P2wI6NVNEzsUKkcsPePM
;5QkhlEByz3wCmYzMKVJpzHw+bAjo1U1KVVQ4Vyw9gcH+CTqWckHabQ6IuNE8RH+ofaX1kXFM1INEFCZ
;HLD3j0fgZKZBxefFgH5+hyipeY8YjSAVsnL0SOBpgUSgsPIGjkX1OeX5erhdn69PdK15ozxVRC1eOtC
;MVCGRdIkg9gKORfU75H0fuBXPr0787RWXMG1YCb7ezJDIecGcmQlrtxpF8TvkfHq7lB6vTplk3DMoOV
;ghvgbsqFR14VyZYWOX88A8rmEBzx2tn6tO/WTcMqEh/bBno1U0oCX1cIEVT5vz3ESGObX/aYGfq079Z
;NwyoJX9sEOjVTSgJfVwgRVPm/OIVK5VzbfFjC4SkzThDaah9P2wI6NVNEzsULUcsPePR+BkpkHF58XY
;Pjr/TKmh/2BlaCAjp1U1KexQ4eWw9j6ORfSyLdnrJbAmMjMwpUmnMfD5sCOjVTUpfVDhmLD2BweMUKp
;52cMlaFJ6jzzZFeM0YYA16jbQSOBpgUShzUODbkXxO+R8ergUuq9OwWTcMyg5WAVeEvCMvJHdXMkJJg
;aKRfU75Hx66RWf5079ZVGPJD0sFZo+KKSMIYFkpT1iwo5B9TvkfHq7lWOvBv1k3b8cdTBhhhrISLhJn
;TCZCXuSRkXxO+R8ergWH1NOuWTcMyxNQAFeFvCMVHXFdI15c9caRfE75Hx6uBUOr06xZNwzLE1AAV4W
;8IxUXdUEiXmL1yvwYTvgfHq4FZ+vH/1kqDKh8Wwlmm7ASOQ5kSCheSd7K/xsnlXNBwXATh7rRPEQMqX
;w/bAjo1U1Kewk4RyxZ5M3iGBGKam7eahWfjNY3WWnaI1oUeIm7PiMUejhGtqQYOgjkp8YfBa4FZ4+20
;SpSU9sJTxxnmqESJhptXTVfYuPM5QkhlB8frgVn69O/WTcMu3w/bGyNuz4vJGdNN1xS89fODj6cenqu
;BGfr079ZNzLofCZsCOixJCceeksuQ1Pe2+giLZZybstrFIqn1jZZDKl8P2wI6NVNSnsKOEcsWejO9BM
;9kHBw8X0etLDQNEdpxg9eGGGHuxIiFHhdRy09gaORfU75Hx6hBWfrtsctRXnMGU0zaYW6OCQPFDlHLD
;2Bo5GNcfkNHq4FApOnzSxTadojUApum7A5FQMlOEYsPYGjkX13uR8MrgVnjqvLK0JozQ5gA26Opig+J
;GwKRy09gaORfU75Hx68BWfrtsctRXnMGU0zZ46zPi8PS0B0LDyBo5F9TvkfHq4XZ+vT2iFDft0YWh5X
;h7MrOR5gZz4dPYCjkX1O+R8ergV169O/PE942glbCXq3uissCHFMGFUPgaKRfU75Hx6uBWf5079ZUnT
;cDkoIbZqKIiwdZ10zc0Syo5B9TvkfHq4FZ+vgv1k3adAITRlsjacSOQx9TCREYuLM/hEnl3hBxmAGn6
;bPBlZo3h1RD223oSgnC3FKJlhI88agfU/5Hx6uBWeCk79qNwyoGUcYep2xKDgkZ08uWF7p/PISIZV2c
;MlaD46yyyxHU8kYSQ1mi7ASPh55SCJeXPXW4xh8+R4ergVn69PWGTcnqHw/CXCcpzguHmZnNFtU9cD5
;Ii2WcHLHawC0u9o4Q3nYI14Ifom7Li8kYFEqST2Ao5F9TvkfWu4FeevTvzxPeNoJWwl6t6Y6Iw93UBh
;PUu7P+BMppm9/3G44k9O+WTcMqHy/Lkjoy01Ke3FAM15I5cbjIj2OdmrNbTiIvNA1XmLPI08NeoOKNE
;p6FDhHLD2xyNF9avkfHst9E5mm2zxFU9sLVhhrgIouJRR4USlLYvXG/A0ri35q23cC2tO+WTcMqHy/C
;kjo8U1Ke3FAM15I5cbjIj2OdmrNbTiIvNA1XmLPI0sJZZiwPysPYUoiHj2Ao5F9TvmfeO4FQuvTvzxP
;eNoJWwl6t6Y6Iw93UBheWPLX8A86pnpm2ncGtLLSNkJi3E4/bQjo1U1KexQ4RzI9gaP0BTqLanrLdzi
;YpNYtVGT3DloffImnORUIZF0iSA+BopF9TvkfHppFZ8nTv1lSdNwOSghtmoo+PRJgWy9zT+TX4xwtjX
;ZxwFoGhrzKN0M+qH0/bAjo1U1uOxQZRyw95NvlDzudemzxdhCCp9wxaH7NCE0Na5y8IiQkZ0giSVmzo
;5B9TvkfHq4xJ+vcv1k3adAITRl7gbojFQx9XDNEPYA5COTXYIbHkQV269O/PE942glMBWeGijojH2BQ
;GB49gDkI5NdghseRBXTr078/VmL3HlMFeLelLD8IcWcqX1jio5B9TvkfHu56J+vBv1k3askSYA5kgaU
;SPhNmXTREUu3HkXxO+R8ergVZq9OwWTcMzh1RM26duSEVE3FRIERJgaKRfU75Hx5OOmfl079ZUW3GI1
;kZZISKISsCcUpHLT2Bo5F9TvlfHqcFZ+u13jdof9gZWggI6dVNSnsUOB5sPYyjkX0omHFB3XUCjrfgN
;FZ0qH0/bAjo1U0TOxQpRyw958r9HCOccWrxYQ6KvtotUn6ofT9sCOjVTbZEFCpHLD3nyv0cI5xxavFh
;Doq+2i1Sfpp8PmwI6NVNSocrOFUsPYHF+BEvlHpw2loDgrLSPENp2k8/bQjo1U1KexQ4Rz49gaP3FCK
;YcnvAcTiPut40UnjNDgtsCejVTUp7FDhHLDCBo5EbJ5V+c8trE7S10zZADKl8P2wI6NUUCnsaOEcsW+
;jP8BArl2tByGkInOK/WDcMqHw/bFGo1UNKexReLkBc7Mb/CRGfc3HZN2fq079ZNwwoKn9sBejVTSwSe
;FkqSVP1/OUEPpwfH64FZ+vTv1l3DKZ8P2xugbksJx56TBhYRPHGo31P+R8ergVn65O/VTcMqBpWAGS3
;sSgkCH1MPiw8gaORfU75C16uCWfr09kwW2D3E0kJeoS0PUp6FDhHLD2BndF9b/kfHshsFZin4DVWdc0
;OYAlwnKc4ORJ7VhhbVOXX+SI8mGt3wQVm69O/WTcM8Tw/fgjo1SsjCWdMGEBc+MbjIj2RenLCdmfq07
;9ZNwyoeH9sJujVTSwSZkszc1Hg2vQPEYpwcsdhOIK92TBbYPcZRxh6naYkJRVLTy5ISen84xw6kHAer
;wVn69O/WW5MqGQ/bAiOvD85D3hZPklP3sX4ES+UenDaWgGHvMhZNgyofD9sCLGVTVl7FDghRUXkx84R
;L4B6bPF2E4qhywZPDKl8P2wI6NUUCnsHOEcsW+jb9BkRlX5ny3c4mKfeK0NT0Xw+bAjo1U1KJVQ4ZCw
;9gcTwDRGfdnLCWhSCvdg1UlPNBEsefZu8IiQkZlkzRVLezvAFTvgfHq4FZ+u6/1kUDKh8WA14t7MkJh
;dLSy5CWu3Gzhg2jW1r3WwIhYzNOENlxyNSBWbo1E1KexQ4x2x9gbyRfU6efm7xYw6Hv+AqXmLPEFozb
;ZChPz8IfVcpc07xxvQZTvgfHq4FZ+uX/1k5DKh8WA14t7MkJhdLSzdJWOWjkH1O+R8erkwn68O/WTdr
;yxNbCVecrD0vJH1WI0lFgaKRfU75Hx6uBWfk079ZUGDHHl4AV4ezKzkeYGc/LDyBo5F9TvkfHq4KZ+v
;T2DVYbskQYANujqYoPiRtOEYsPYGjkX1O+R8RrgVnjL/QO1Zg9xNZCnuNoRIwexU4Ryw9gaORfU7sHx
;6ubQKKp8opaGvLE1sJV5uwPD8eelsiLDyBo5F9TvkfHq4lZ+vT1jdRZcQQYA1siaU5Iw1xZy5CW+jP/
;SI8mGt3wVoKiqu/WDcMqHw/bDao1W1KexRRKUpU7c/OHCqYb2rHcwK0utE/XmDEI00NfIG6EicSejhG
;LD2Bo5F9WrkfAa4FZ4K92TBbYPcdWw14nLw7LyR9VilJT97G6Q0vl2x3wWtn6kkmwK6VMZUAbB7o1U0
;jFXJRK0Bi4MfwDTqQaXvxaQaSts0qNw2ofD9sCOjBDUphFDhHRVPnyv0REZh7f95xDp224CtSaN0fSw
;VnhqZNS3sUOEcsPYHjkWRO+R93wGMOh7/gOFNt2AhWGm23oiQuD3xnKkVTgaKRfU75Hx6mRWf3079ZX
;mLOFVMAV42tOTgOZ1EoQmL2yvUJJqZtf9psCOvSv1k3DKh8ZiwI/NVNShJ6Xi5AUd7F+BEvlHpw2loB
;h7zIWTYMqHw/bAixlU1FexQ4LkJb6M/9IiGfeW3LcTiT075ZNwyofD9sCOjaTUp7fVYhRVHt/P4bKIp
;6avF8Z+rTv1k3DKh8P2wF6NVNIxVyUStAYvLL9BEiih8frgVn69O/WTcMtHw/bGGGsyQmF0tLN01P8s
;bOHiGUfXfAYDiHssY8RX+ofT9sCOjVTbpEFDRHLD3ozfcUIpVAbd5gAo/Tvlk3DKh8PyhI6NlNSnt9V
;jRJSbH84g0rnHserwVn69O/WQlMqHA/bAiBuz4vD2xnNFxY5MeRfE75Hx6uBSOr069ZNwzBDlACYYay
;EiwXe081TUnko5B9TvkfHq4RJ+vev1k3ZdoTUQVmj4o+Oh5xXEctPYGjkX1O3V8epQVn67naK1xTyhN
;LGGeF1UxKexQ4RywpwaOCfU75dXvcbjiJvMstWGH3D0oebom2KEp6FDhHLD2Bt9F9RfkfHsRgFYCM1j
;dRZcQQP20I6NVNSnsAeEc8PYGj+xg8kkB3wHYCn4zWN1lp2nw+bAjo1U1Kb1Q4Vyw9gcn0DyWmdnDdY
;BO0vMotUn6ofT9sCOjVTUI7FDJHLD3rxuMWEYltd8BxZ+rTv1k3DKh8f2wA6NVNIB5mUxhYUvGjkH1O
;+R8erhEn68O/WTdmzQ5UM3yHpRI5DmZeJk9YgaKRfU75Hx66RWfg079ZXWnaF2AYeomjKCZ7FV4hSlv
;nxZs9TvUfHq5pBpK2zQZfacEbVxgI6U/U0+KNoY4TPaejkX0imGZ73FoPjrrYMUNTyRheHHyBoygVFn
;VAGERY6MT5CRGLfmrHamfq079ZNwyoMn9sLujVTSYabV01c1XkyvYVOqZ+es91E4Kl2gZaZcYjVwlhj
;705FQl1TC5DPYCjkX1O+R8n7gVE69O/NVZ1zQ5gBG2BsiU+JHVcJlxJ6NX0Ij2Ycm7CbAmMjMwtUnyo
;fUR4pq80N85EFBNHLD3twugYPKZ3e8diD5+M3j1WfNwVSQlXm6EoOhRiXTVzX+7X5RIjpm1/2mwI69K
;/WTcMqHx2LAjA1U1KF3VBIl5i6cb4GiaNQH/KZBefusk8aH/cGU8Dfo2nEj4UZGc1TUnozJF8TvkfHq
;4FLqvTqFk3DMQdRgl6t7goOBxxZyRAUvLGzhsvmnptrgRn69O/WTcMqHwnbAjouSwzHmZnNEla7Mb/C
;RGVenDJcQ+0vtY3Nw1SAlXQfHtdckpvFDhHQFz4xuMiPZF6csJ2OISl2itbbdh8PmwI6NVNSjJUOFIs
;PYHP8AQri0Bt2mQVn6PQMFl49whGHG3o1E1KexQ4RyR9gaiRfU6XcGTUaQK0oNYjUgypfD9sqHFMlHV
;7GzhHLFLjyfQeOqZ8e8BxApmMx1k2DKh8P2wIGGpNRXsUOChOV+TA5SItnHFqy3c4ktO+WTcMqHw/nL
;fo3k1Ke3taLUle9fziFCCSHx+uBWfr079ZNwy5fD9sZ4evKBUIfFEiQFnewv8aIpwfH64FZ+vTv2d3D
;L58P2xnh68oFQh8USJAWd7P+BMrpnxx22sT69K/WTcMqHzPUwj61U1KFHtCInNO6cr0ESqmcHjIdgKf
;075ZNwyofD9kSOjATUp7e04iXlXgzfYiPZF6csJ2OIq92DVSDKl8P2wI6NVzCnsNOEcsUvfG4xUvl3h
;B3W0Ch7/MBlFtxiNMHG2NsU1LexQ4Ryw92OORZU75H3HYYBWDstE+aH/AGVMAe7ezISUMZlkzST2Ao5
;F9TvkfSu4FcuvTvzZBadoUXgJvt6YlLxd4SxhfTeTG9X1P+R8ergVnz5O/VTcMqBNJCXqEtD0VH2FZK
;yw8GzoI5Ndg1iGuEGfr088rXmLcI10JbLehKCcLcUomWEjzxpF8TvkfHq6FNqvTtFk3DNgOVgJ8t6Y9
;Lx5wOEYsPYGjkX0HuR8PrgVnm6HWN0NT3BlSHG2atDk/CXE4Riw9gaOR3Se5HwyuBWebodY3Q1PcGVI
;cbZq0OT8JcQpHLT2Bo5F9TpBfHrwFZ+ujzTBZePcIWgF4jacsPg5mXXQsPIGjkX1O+R8erhdn69PPK1
;5i3CNLCWWYsD8rD2FKIhg9gKORfU75Hx6uBWzr078rVmrcI14Feo+0PUp6jqHetaQYaq59UfkfHtxkA
;Z+M3ThEafcZRxh6naYkJRVLTy5ISen84xw6kHAerwVn69O/WV5MqGo/bAiatCs+JHZZNEli6M33FCKV
;QH/AYguO075ZNwyofD9sCOjDTUp7ZlkhWGLjwuIYEZBxeMdpC7Sh3i1eY6h9P2wI6NXNCjsUKEcsPfP
;C9wkRm35ty1oLiqraK0QMqXw/bAjo1U0Kewc4RyxP4MXlIiyYbHvxaQ6FtsgwU3jAfD72kXFM1NOSKz
;hILD2B0fAbOqZ9f91gOJij2jxTDKl8P2wI6NVtCnsHOEcsT+DF5SIsmGx78XEPgrDUN1J/23w+bAjo1
;U1Kmys4Yyw9gdHwGzqmdnDaYBWNstw8aGnQCE0Ze4G6IxUMfVwzRGLzwuUUIfkeHq4FZ+sT3Rk3F6h8
;Px5pjqESIxVgXTVKXOLGzhQgn3ZywloGhbTTPDcNqHw/bAhogw1KYBQ4R15c59fOFCCNemzIZASOjNY
;3UWXEEGAeaZy8Ikp6FDhHLD2B6tF9W/kfHtxkAZ+M1jdDadoaXg9tt7ksMx5mS0ctPYGjkX1OCSAetg
;Vn66HeP0NTwRJLCXqOtC4vJHhRKUlK6MflFU74LC2dNlTYMIBZIQyofE0NbpyKJCQPcUohTV7k/OINL
;5p2cMkFZuvTv1k3DFhDP3gI6NU/Kx1gZy5CSeTR9xwtnEBt3mACj9O+WTcMqHw/UkjozU1Ke2ZZIVhi
;6M3lGDyffn3LWhODutwyWWnbDz9tWlDLyKEqzAdHPT2Bo+McKI1AcsdrArSgzzhUZcYbP20I6NVNSns
;ceEcnPYGj4xwojUBzz3cAgr2/WDcMqHw/bByo1WJKexRKJkpJ3sznGDyLdnrLWgGCocwtaGDJBVoeV4
;2tOTgOZ1EoQmL2yvUJJqZtf9psCOvSv1k3DKh8ZiwI9dVNSgl1XjNzUvfG4w8nnXpByWkIibLTBlhqz
;g9aGFeS1UzQ4o2h3rX0PqOzfU75bX/IcTiYps0/Vm/NI1oUfJqgPiMUemcwRVn1y84PL412ca4EZ+vT
;v1k3Veh8KWwI6KcsLA9LSzJeW+DA9CIokHNy8XcGn7a/WDcMqHw/LF2o1VhKexRKJkpJ3tDkDyiYfHv
;xYwuEpM04Q2mofT9sCOjVzSw7FCFHLD3zwvcJEYpqbMhkBI6M1jdRZcQQYA1mj7koSnoUOEcsPYGd0X
;1d+R8e3GQBn4zMLEVqyR9aM2SJrCg4CBQ5Ryw9gaORfQ75CR6uBRWKtcsGRHnaGl4Pbbe5JCQeY1EjW
;FWBogvk12CGh3c6Z//Tv1lFbc4IYB99mrMsKR5LSzdNXujN9n1P88i93jhtPOy/SzcMqA5eCny3pjg4
;HXVbInNO8cb0GU74Hx6uBWfrnf9ZIQyofE0NbpyKPj8JclkkSWL1y/geJZd6bd0FZsKPMJvCJGRDP34
;I6NU/LwhgWTVYYuXW8BERim97y2Fn6tO/WTcMqEh/bBzo1U04HmdMJl5J3sbpCTyYQH/DahKFp79YNw
;yofD9sCOjVW0p7FEoiX0ng0eUiK4FrbM9aBoa8yjdDU5p8PmwI6NVNSnsUOF4sPYHR9A46mG1q8WAfn
;6HeBlN5yRBgDWWHoCM+exU4Ryw9gaORfU70Hx6udwKYp94rQ1PbDFoJbOjUTUp7FDhHFX2BrJF9Tot6
;bdpkFZ+MzClSacwjDWwJ6NVNSnsUAQcsLIGjkQ8rjW1/zXEOhL3gOFpj3RJLbAno1U1KexQsBywugaO
;RDyuNbX/NcQ6EveA4WmPdEkszOujUTUp7FDhHOH2BtZF9Tot6atxkBJ+60DdoaN0dUzNphbo4JA8UOU
;csPYGjkVkO+QoergUVjqfNOFR4wRNRM2ydtCEVCGRdIkg9gKORfU75HyruBUDr078rUnjaHVwYYYe7E
;i8VdVorSWLu1uUOJ516QcxqE5+80gZbbdEZTR8I6dVNSnsUOEdsPaWjkX08nGtsz2YTgrzRBlJiyR5T
;CVeHoDk5EnBdGFhS8fz9HDecbW2uBGfr079ZNwzofDFsCOinKD4JdVszRVLv/PkSPvkeLZ02VNjgbGY
;3HKh8Px5tnKcsKQ99VylzVe7Tzk9O+CwtnTZU2ACAWSIMqHxNCXyatC4+EntWGEFU7/zlDy+PenKuBF
;TY4IxqBO+XfChsCOinKD4JdVszRVLv/PwUIKZrbM9zAoeMjVk2P5tPDF87C+pNVnsUODVJSfPC8gknl
;nFBw2wJgr7eNWhp0AhNGXuBuiNKem8s6Wvc+zeufVD5Hx7cYBOZstwtXmPGI1IFZoG4LCYkcUAzXkjy
;yv4TEcsfH9URyawyxc0IDLh8P2x6jaE/KxhgUShCYvLT9Bgq+R4ergVn69P2GTceqHw/Hm2cpywpD31
;XKXNO8cb0GRHLHx+uBWfr078QdwyyfD9seo2hPysYYFEoQmL7y/4NEZpwcMpsE4K80Wg3Dah8P2wI6C
;VySmEUOEdeWPXR8B46kHBw8X8PhKPgOlhizBVLBWeG501LexQ4Ryw9cZyRbk75H23LZgiFt+A1VnXND
;mAWV4S8Kz57FThHLD2Bo5F9TvAfHq52DIKhywZQbdh8PmwI6NVNSnNUOFcsPYHQ+hQ8jUByx2sCtLDQ
;LFl4qH0/bAjo1U26RBQsRyw98sj4DzqmcnfAbAqKv+A1UmLPCFdsCejVTUp71FoHLDaBo5EOJZBtavF
;2F46221k2DKh8P2wI3JVNUHsUODRAUvb89RI5l0B4x3cUn4zZPEBTxB1GCXqb1UxKexQ4RyzNvqOGfU
;75bHPPaQu0tdo4Q3naGUwzbIG0IC8PcUpHLT2Bo5F9Tt1fHrIFZ+ug0jhbYPcaWg18nacoOSR8VytJY
;uXK8BArjXpsrgRn69O/WTcQ6HwkbAjopiArF3hnIUlc9dbjGD2mdnDIbAuHjM04Q2XHfD5sCOjVTUoi
;VDhdLD2B0PwcIpVAeMtkE56h2ipof9gZWghXmrQ5IxQUOUcsPYGjkTQO+T0ergUUhL/WPWhuxwhLA2W
;3sDU+CWFLLkNT3tT4GTqRQGzPcQ6E075ZNwyofD81SOjPTUp7Z1crRVnewf4JOpZyQchsC4q+2jdDU8
;4QUBsI6dVNSnsUOB5sPZOjkX09lnN3yloFhKfLNlpTxB1GCXro1E1KexQ4B6N9gbGRfU6KcHLHYTiJv
;MstWGH3D08JbYzVTEp7FDhHLHnBo4d9TvlsccJsA7S60T9eYMQjWhR4ibs+IxR6OEYsPYGjkX1O+R8N
;rgVnmLzTMFNTwRJZBWSEij4iHnhUNCw8gaORfU75Hx6uE2fr08w2W2XMI1YCboG5IRUMfVwzRGLsyv9
;9T/kfHq4FZ+vTv0w3DKgPUABhjIohKwJxShhYVejA+hMrimwerzZU2OCMatQzqGM/bAibuiEjH0tMKF
;xi5NvlDzuKdnHAWhCCt8sxaH7JCFYDCOnVTUp7FDgebD2Wo5F9PZZzd8paE4Sj4D9eYMkRWgJ8t7MhJ
;QwUOUcsPYGjkSQO+RAergUUhL/WPWh4xwxgAGmRsD9KehQ4Ryw9gbvRfUH5Hx7daguCt+AtWHz3D08J
;bYzVTEp7FDhHLHnBo599Tvlsbtt3FLS+3iFAZcwIV2wJ6NVNSnsU2HgsHIGjkQ47iW9x3HE4irfeKUN
;l3hlgBWaOvCEmJGZZM0VS3s7wBU74Hx6uBWfrl/9ZFgyofEwZeJi6Pz4kdVwmXEno1fQiJ5d5d8JpOJ
;myyzBYU8UVUWwJ6NVNSnsUFgcsHYGjkQ47iW9x3HE4irfeKUNl3hlgBWaGsD8VHmxIJkJO6Mz/fU9jh
;oc3nP4y7L9ONwyoD0oceIenORUacFk3WFT3xs4RL4B6bN0FZuvTv1k3DLw8P3cI6NU+PwtkVzVYYuDH
;8A06kGl78XcCj6bcLV5jxg8/bQjo1U1KewB4RzY9gaPiCD6JcGzaWgaPss8tXnrNI0gFbJy9EicSejh
;GLD2Bo5F9RrkfE64FZ5imzylYftwjXgJvhLBNS3sUOEcsPc/jkW5O+R9t23UXhKHLBlVt2xlgAGmRsD
;85exU4Ryw9gaORPU7gHx6udhKbo9ArQ1PKHUwJV4S0NC8JZ2c0XFjkx5F8TvkfHq4FWavToVk3DNsJT
;xxnmqESKRR6ViJPSejM/yI2gEB6x3YTir3cPDcNMuWm9ZFxbHJKbBQ4R19I8dP+Dzqme3vAdgK0tdY1
;W1PaHUsJCOnVTUp7FDgTbD2So5F9PYxvbsF3E7S32jdEafcQXhVtmtVMSnsUOEcsPYGjhH1O+Wxr3nU
;ImafgP15gyRFaAny3syElDBQ5Ryw9gaORJA75Dh6uBRSeo882RXj3GlYAZLenLD4eFDlHLD2Bo5FDDv
;kIHq4FFJ6jzzZFePcVUQphhLkSJQ5gVC5CWPKjkH1O+R8ergVn68C/WTd/3QxPA3qcij0jF3hZNXNO6
;Nn0fU/5Hx6uBWf7k79yNwyoD0oceIenORUIeVkrQGLnz/4cOpx7QchgBp+mzTxEU9AFYAlwmLQjORJ7
;VkctPYGjkX1OCSAeowVn66DKKUdj2ghgH3iNsClKehQ4Ryw9AeXRfV35Hx7dcBebvM0taHTRI1sFe5y
;0IykeFDmK4PFNb12RcfkLHq4FFJ6jzzZFePcERjNtkKUsJAh9VyksPBs6COTXYNYhrhdn69PMLEd8xw
;5LM3K3sSQ5D3VWJEk9gJCiTn3KLN2RBXvr078qQnzYE00YV5KKIiwdZ10zc1nu1P8iIphme9x2Z+rTv
;1k3DKiMAGwS6NVNOQ5kSCheSd7ZzhIon2x72loSm4zTOE5p2g8/bQjo1U1Ke+QHRwY9gaPiCDyffn3L
;WhSEv9Y9aG7HCEsDZbewNT4JYUsuQ1Pe1PgZOpFAbM9xDoTTvlk3DKh8PzVI6MhNSntnTTVKXOLGzg4
;hlXZ68WcIn6fQNGhqxBNIHmmcsE1LexQ4Ryw92OORZk75H23bdwGKsNoGRGPEFVszaoehOSUWS1QmVV
;jz0JF8TvkfHq4Fl9TTpVk3DNsJTQppi7ASORR4USNzX+7X5RIjpmxuy2AD69K/WTcMqHwBLAjP1U1KC
;GFKIU1e5PziEiKQe0Haahe0tsctRXnbFVACV5+8KT4TS0omWFTuo5B9TvkfHq5cJ+vJv1k3f90OWQ1r
;jYo+JRd9XBhYUvH89xEhjm1/2mBn6tO/WTcM6CR/bBDo1U05DmZeJk9Y3tD+ESedQGrBdTiHssY8RX+
;ofT9sCOjVTbpEFC9HLD3y1uMbL5p6Qd1qC4K34C1YfPcPTwltjNVMSnsUOEcsA8Gjnn1O+Wt2x2s4nL
;LTNWh/2BlaCAjp1U1KexQ4eWw9mKORfTqRdnDxcgaHv+AuXmjcFGAeaZy8IhUWdUBHLT2Bo5F9TpBfH
;rcFZ+un1zBZU98dUwBXn7wpPhNLSiZYVO78/BQg+R4ergVn69OGGTccqHw/GGeYii8lD2BXKnNO8cb0
;GU74Hx6uBWfrnf9ZOwyofEseaZ6wIRUIZF0iSD2Ao5F9TvmfT+4FeevTvy1Fbd4ZUzNyt7IuJR9xZyN
;FTvXC/x4rpnl3wGwUg9O+WTcMqHw/eEjoxE1Ke2JdNV9U7s3OES+Ka0HLYQ6f075ZNwyofADdSOjeTU
;p7Y1krQGLyy/QRIoofH64FZ+vTv1l3DKZ8P2x/ibkhFQ98USRHU+TQ4n1P+R8eDpz+Auy/QzcMqAtWH
;G23ujg+HmZnLkJO5NfOGSeKa3/AZgLa075ZNwyofD9sCOjPTUp7Y1E3SWLu1uUYPKZ2cN1gE7S31ipD
;bcYfWl4I6dVNSnsUOEcsPZajkX05kG978WoSn7bNBl5i2xlLM3uYsCguShQ5Ryw9gaORMw75CB6uBRC
;Co9oGWHncGU0zYYamKD4kZ0giSVmzo5B9TvkfHq5LJ+vGv1k3e8EMWjN8h6IoOCRyUT9JWd7T/g42+R
;4ergVn61P0GTcZqHw/G2GYsBI+FGNdNXNb6Nv0GRGJcG3XBWbr079ZNzzDPD96COjVOiMLcWczQ0rk0
;c4UIJ92csJaFYqn2lk2DKh8P2wIsZVNWHsUODBFTeT85RI5nG1BwWMBmLbLITcNqHw/bAjo1Y1KaRQ4
;R1tU8cbOCSGOemzxagGNoNotTgypfD9sCOjVTQp7BDhHLEro0/QiOpZoe9xaFJu22j03Dah8P2wI6Jw
;NSmoUOEdbVPHGzgkhjnps8XMIh6bSPDcNqHw/bAjo+w1KbhQ4R1tU8cbOCSGOemzxcwiHptI8aGHBEj
;9tCOjVTUp7MHhHPD2Bo+YUPpxAasFyApmMyDBTeMB8PmwI6NVNSk9UOEgsPYHU+A0rpmh/wmk4mKPaP
;FMMqXw/bAjo1QQKexo4RyxH3tfjHDicc0HddQKOt79YNwyofD9sJqjVXkp7FFkkT1jtxuMcOpBwcPFg
;CYqx0zw3Dqh8D2wI6LQ7JRJwZzNeXPfG/SImlnN73VoXiqfXBlpt0CNTCWaPoSUVHXVbM0NP3sb/HCy
;Veh6sBWfk079ZVX7BGFgFZo+KKCQadlQiLD+Bo4h9Tvl9bMdhAIK92AZRbcYjTBxtjbESLxV1WitJPY
;OjkWZO+R983GwDjLrRPmhqwQRaCFeJuyomHktdKU1f7caRf0/5CR6uBQWZuts+XmLPI0wEbYS5PhUee
;lklQFiBoZF9VPkfHsx3DoaM2iFDadoSXgBXm70oJhdnZyFFT/LXkX9O+Q0ergUFmbrSBl5i2xVbCVeN
;uywoF3E4RSw9oqORfS2Wfm3abAmMjNo3Vm7EGWAFZo68ISYkZ1EpS1Hk/P0UIJwuHqwFZ8jTv1lUY8k
;PSwVmj4ooJBp2VCJzVO/F+BEipmx3wGILjozTMFlpmnw9bAjm1U1KGHtXK3NV5ML1IiKQeWquB2frx7
;9ZN2/HE1MFZo+KKysVS1EpT0/kwuIYTvseHrUFZ+uw0DZbZcYbYBx6gbs5OQtxXSNzTu3M5hkhjnEer
;ARn2NO/WVNpxg9aM3udpT0lCWBnLkJb6M/9IjuKekHCbAmOoOAwWVPAFVgEV4ywIzkSYEEYS0/ox5F/
;T/k9Hq4FA469zDxof90MTwN6nIohKwJxSjRzX+7X5RIjpnpwz2cLjtO9WTcdqHw/CWaJtyEvJGNRN0l
;i9czmGDz5HR6uEGfr09ohQ2naEl4AV5u9KCYXZ2chRU/y15F/Tvk6Hq4FApOnzSxTadojTBthnLYlFR
;h7VytFU+b88xgolm178XYQgqfcMTcOqXwZbAjosDU+CWFcIl5i8tT4CS2RQH3BaguCvdgGX2nJCEocV
;4mxOysVd11HLj2Bg5F9TpxnatxwA46h4CpAZdwfVzNrh7ohIxVzZy5CXOLX+Asr+R0fri1n69PaIUN+
;3RhaHleboiQ+GHxnJENS7cr/GhGJfmzFWgqEpdoGUmLJHlMJCOrVTW57FDgiVEnz1vUYPKZsacdxBIO
;MzC1YfPcLVhxtt6IsJhdLTChbWPOjk3xO9h8ermMGhYzdNV589xlRDWqEsE1IehQqRyw958L/Ii2WcH
;LHawC0ttE4VWDNfD1tCOPVTUoddVYYSVPgwf0YKvkdH64WZ+vT2ThZY84aYAtrh7EoFR56WSVAWIGhk
;H1X+R8eyGwVmKfgNVZ1zQ5gH2CNuSE5JHFWJk5R5KOTfU7MHx6uYw6ZoMsGW23RGU0ze4e5JC4kfVYh
;RVHt/PQFOotqbcdqCbSk1j1DZPcOXhhhh4ooJBp2VCIsP4GjsX1O+Xl31loPhKHNMFVgzSNaFHyNuz4
;jDXFnNFhU9cD5FCCeHxyuBXrr078/XnT3FFAeeoG3IS8kYVYuQ1Pewv0REY1mbstaBuvRvlkqDKh8WQ
;Vwt70iOAl9WitJYvTN+BIgpn5ywloTkqPaBlUMqnw/cQjo1SsjA0tQKF5P6MH9GBGMcXfBaziEpdorW
;23YDFoICOrVTVB7FDghRUXey/4PPJB9cstaEpi24DZHacYjXQV8m9VPSnsPOEcsW+3M5g8vjXpB3GAU
;jqfgPlRjzBlgCWaJtyEvexY5RyM9gaP2HD6meXfCaTiYu9o1W3+ofj5sEejVTS0aZGchRVHt/OIUIJ5
;ze/FgH5+hyipeY8Z8PWwI9NVNShx3VyNJYufK/RggmHJ78WMImb7eLWhpxh1dAG3o101KYBQ4R0VT58
;r9ERHILy7xcBSOjMw2W2XMI1YCboG5IUp5FThRLD2Byv8bJ5VzQc9hBpun1i9SU80SXg5kjdVPSnswO
;EcsVO/F+BEipnxxwGYChafNMFRT2xNTBWy3oD4vJHNZN3Nb6M/9fUz5HwauBWeCvdkwW2D3H1ACZo22
;ORUeelw3Q1Tv1+J9TPkfEq4FZ4K92TBbYPcaVh57nNVPSnsOOEcsVO/F+BEipmx2y2kLmIzKKlJTzx1
;PM26BuSFKeRU4Yiw9gcr/GyeVc0HbdgK0v9Y3Un/3FVEzYIGyJRUfcVY0RUn4/PYPJ50fHK8FfevTvz
;BZf80OSzNgjbQ5PwtLXyRDWeT89BMvm3N7rgdm692/WTdl2hNRBWaPiigkGnZUIiw/gaOafU75dXvcb
;jiOvd47W2mofj9sFOjVTSYabV01c1XkyvYVOqZ+es91E4Kl2gZSYskeUwkI6tVNUXsUOCtNROTRzg4m
;nHNy3VoImbfaK2hj2AhWAWGSsE1IehQkRyw97Mz1FCiQemzxdg+Ov9MqaGHNDlgJV5i0Py8VYDhFLD2
;Po5F9IJZrQd1kEY6MzC1WeM18PWwI49VNShR7QiJzTunK9BEq+R0erhNn69PQL1J+wB1RC1ebvSgmF2
;dnIkJc48/0fUz4Hz6uBWeEpdorX23GG2AfYI25ITkkclkpc07xxvQZEZxxf8xpAuvRv1kvDKh8UBptm
;qckLh5LXi5AXOzG/wkRnHF/zGkC69G/WS4MqHxQGm2apyQuHkteLkBc7Mb/CRGccX/MaQLZ071YNxao
;fD8ceoG7ORULdUozX2LyxuAIK5d8e/FqFY+2zVk1DKhzP2wImrQrPiR/XSJcYunM/Rg9+R0erhFn69P
;NOFF49xNJCXqavCkvJHFWJk5R5KOTfE7RHx6udwKfod46Q2XHEmANfoe8KRUOelYiT1jy0PAPN6Z2cP
;F2Epuj0CtDPah+P2wg6NVNOB5gSiZPSejM/yIvj3B3yloShb3aOlJ/2x1NFVeBuxI5DmRIKF5Js6OTf
;U7rHx6udwKfod46Q2XHEmAPZ4W3JCQcFDpHLCyBo5EPK41tf81xDoS94DxZbcoQWmwK6dVeSnsUSiJY
;T+DA5RQhl0B7wGQFh7bgazcOqXwbbAjopyg+CXVbM0VS7/z0Ey+bc3vxZwKNvM08aGPdCFoeV5u9KCY
;XFDpGLCSBo5EPK41tf81xDoS94DxZbcoQWjNnnaE+Ix9xOEUtPZejkX08nGtsz2YTgrzRBltt0RlND2
;CJuyovexY5Rzk9gaPjGDqLfn3abAiFjNE2Q1PBEkwFbI3VT0p7DzhHLE/k1+McLY12ccBaHYO8zwZYY
;sQFYB9nhLwpe3sWOUc3PYGj4xg6i3592mwIhYzFMVh89xNRAHG3piImEnAKRy48gbqRfU6KemrabAmM
;jNohQ37dGFoeV9qKKCQadlQiLD+Bo4N9Tvlsdcd3E7S10CtUafcZUQ1qhLBNSHsULUcsPfLO8BEipnl
;7z3ESmbbMBlJiyR5TCQjq1U1oexQ4NEFc7c/OGyuYa2vcYBS0utE/XmDEI00NfIG6Ei8VdVorST2Do5
;FxTvkfbcFpDo+M3TZDeMcRP24J6MxNSntnVytFWd7K/xsnlXNB23YCtLTeKWhqwRBTbArp1URKexRLK
;EBU5fzlEj75HR+uDGfr08wpXn7JEFYWbejXTUp3FDhHX0300eIiK5d+fMJgZ+nSv043DKgPShx4h6c5
;FRpwWTdYVPfGzhggmH1yywVl6tOxWTcM2wlPHGeaoRIvFXVaK0k9g6ORUE75H23bdReEocsGXmLOFVM
;AV52mKBUXfVYiX2Lozc4VJ553QcpgCZi6yyBoa9oVW2wK6dVVSnsUSzJcTe7R5SIinH5111oEhL3RPF
;R4wRNRbAro1VRKexRLMlxN7tHlIiOWe3fIbAKZjNg8WWnaHUsJCOrUTVR7FDg0WU3xzOMJEYpyf8JpO
;I2/0DhDacwjWQlpnKA/LwgUOkYsKoGjkQkrlG973GQTnqHaBltl2whgCWaJtyEvexY5Rz49gaPlGCOJ
;emzPcRKZtuA0VmLdHVNsCujVR0p7FE8uXFje1/4KK4sfHK4FR+vTvy5efM0jSwN/jacSLBJsXSNzTe7
;Q+AknlnFBy2sGib/aWTUMqG0/bAiLtDkvHHtKPnNT4M70IiacZx6tFWfr049pAT6YTAkvONjieHpLIg
;1HJT2Bo/QTKtd4fcFhAuvQlVg3DO9FDkwzurAhKw99TiIMTe7Q+AknlnF3wGJtrOKfHBo+iDoNWzjY9
;XYYHmBKJk9JocKxHyeNFVmfJSLG4Z8DByKaXHlePNjlbXEpcUw1TV71g/ATKtltf8d2AsuJtR4GLPBJ
;HzU9yJN+ekskGHx7VPHGsRI7jRVZnyU92uOfYmVtwQ9aTFLIuCI4Hh5/fhwduuLzDiGVamrLJReEoNY
;tXmPGElYCb+LfCntbTAhndQ2hmMEPK4p6cNolF5m60S09QZlMCUxb2PV2Hg5mVmpDW+eD9xwg81Ivnj
;FHuOOfYmN52hISA26O9SUlD3FWIyZwsJehXR3JPyX6cBWF/tA/USzKGVtmAqXteWojNGFnaR265/gOL
;5tze45kC4fzzC1SfNgZTR8oiqA5aiEUMkcsPeTN9U9gnnxxymBn6FO/WTdBmk4OTFzY9R57SyQyCh4P
;sIPFTG6qLi6eDyra44t5YzyILw9mRdnleWovJRgUHDfMkqVNbqovFOM0V9zZ+GAGBu9NHykl2fULeUs
;kMgAdHduIoVN72VozmyU+xuGPeXF33A5eGm2Eij46HnFcOiZ6s5uxJX7ZRi6kSF/f2fhgBwy9fD9sbZ
;ChPz8fcUoYX0ro1/IVYJ58ccpgZ+jTv1k3DKZ8P2xuibsSOQtxXSNzUejQ5X1N9h8erjRc2eaEaww5m
;EcMVznY5U1bexQ4IUVR4M70Ezqma2feYDiYp81ZNAaofD88RKn1fGRMIVUqLC+Bo5EbJ5V+c8trE7Sn
;xilSU9sITV4I699NSntEdAYMDK+UpBAj+T8ergUBgqHMLWhgyQVaHlebuiEjH0tRKUpU7c/ODS+Na3v
;ca2fo1r9ZN0DBElofCP3VTUocd1cjSWLnyv0YIJhye/FjCJm+3i03D898P2xzj7YiLh5LXi5AWO/C/B
;gRjnZqxmoSn4zaIUNx9wdSDWuAvCMvJGBBN0li4MHzDyuPdn/abAiFruAiUWXEHVIJZpyKIysWcWcmT
;l/zxucUL412ccA0GrSo0zhOadojVwlhj705NxZ5OFYsPYHE8hIqnEBuwXYTm6HQOlJ/23w8bAjo1U1A
;exQ4IE9S5cbOCTeJeh6tA2fr0+08R17JDD99COjVJCQdfVQrc1zvxP0YEZV2bdoFZO3Tv1kDOZNNDFk
;I/dVNShJ6Xi5AUd7H5Bwipnpm2ncSmLrQNzcPpHw/bEmEuW0vA2BKMkhY86OffU75dnDIbAuHjM84Q3
;jNDlFsC+3VTUo3fVYiXz2To5F9Iphme9xaBIOy0T5SIs8fUAht6NZNSnsUOFosPYHP8AQri0Bt2mQVn
;4zPNl5i3CNMCWmFii4lCXpdNSw+h6ORfRyceXLLfWf7079ZWGPSGWAfYIGwIS4kYEE3ST2CqpF9Tq5+
;ast3IYq/01kmDKh8Tw19m7ASIh59Xy9YYu3K4glO+h8ergVn+tO/WUdgyQhZA3qFiiwuH31MLkNTgaC
;VfU75UXHAYGf6079ZR2DJCFkDeoWKLC4TcUsuQ1OBoJV9TvlRccBgZ+fTv1lHfsESSwl6t6E0Oh4UO0
;wsPYHm/xkriz8tjksCn9OsWTcM2h1ZGFeMoCwmJHFAM15I8sr+E076ER6uBSGCocwtF2nQCE0ZbI2nT
;Vl7FDg1TVv1/PgTKJBzcvF1Bp+n2itZDKt5P2wIpLwjLwgUKEcsPfPG5Q8vmmt3wWtJjLDQPVIMq3w/
;bAjowU1Ke2dTLl5J3sfkHCKmembadxKYutA3Nw+mfD9sToGnPj5bcUAzXkjlxuN9WfkfHt1qC4K34DB
;ZasEQUzNphrIhLyR4UTRYPYKlkX1OzSolnzZS68e/WTd/xxBWCFeBuysjF3hnN01J9cbjE076FB6uBT
;WOsMswW2XGGV4eCPPVTUoIe1QuSGLozfcUIpVAbs9xE46h0QZVY9wIUAEI695NSntGXSRYVO3K/xgvi
;x8VrgVnmKfeK0Mizx9QCG3o1rZLexQDZ2lT5cbjXX3ZXGvdcQiG8+wtVn7cXHhBa4exKEA8LQpnaQ2h
;mLEvK4p6ao5AH5+hyj1SfqI7DVQo0/UFJRZxGCZAUaHC6Rg981gvjl9VxeOfHwQ8mEwfVyilujsvW04
;YBlRU8oPkDW6VdmraaQLLp9B5R37NCloCfMimLjgaYFsvRVPmg/4bbrF6f9olJY63tR4GLPBMEV0ose
;d9aiEkFnQMe7SToU1gyT8ljkgInbafLVgs2wheHnzIpSI5EmBRKEI3xpKxJX7XLj73N1fb/Y95bTyGT
;x8qOd3lfWRLNH12GR26g9UPL44/asZgR426zSpDLMQVUQkCr+RtEks6DGd1D7GTv01uoy8wnSUh3uOP
;aRk8iEcfIWeesG0+FDRLLkhYocKxESeNa3LLDyDa8+dpGTiIJQ1cKLLlY3lbUglyHA2vk7E4fck/JY5
;BFYqkny1faYgPWg9nhrFtJhJ6XU1rBLOD1E1uwj9My3YCn/P6IUN+3RhaHgKv5G0QSToIZ2oOsZOhXX
;XZUnHYYEex8/4hXn+ICU9MZIGhOSYeNEwoDE3zxucYII0/bc13Bp+w1zBZa4gTWUxAjbQ5ajlxXE1rD
;KH7pF0Xyy8+9DVJ2PP5bAc8mFIPTDPImCI8HjRXMUlPodf+XT6LemjLaxPLsdM2VSzbDUoFe4DVQUp7
;FEszTU/1kb8aLZZ7e64GC+rTvxQCO5pce1wou+VjekIedXIbD6HnoF0dyTEulw8g2eK1Hg48ojEHXgK
;l5H19cVMKfyZ6sIPLTHvXLz7ofhOZssk8W1PbDFoJbJXfGXpxUwF1DHixqdZMbqEsLo5cStnz+WEHPK
;I7DkxS2Pt+f1tSCnccN8aSsSV2zD9HgzdHruKMeXE+mEw1KznIkHx/W1IKdxw3xpKxJ3vZWSyeNW2s6
;o15cjyiOw9MTcWuPy8PZlkkWFTuzc4ZO5hzQc9oCJ69yyQXSppMD2Zc2d8Kc0k0fXcmerCDyU5+yT9H
;gzdHreuPaT1LmVxlXCbb4G0MSSQITWsMofuiS37ZRjOcJSLa4J8fBTyYdnhdKK3keGo9Jgh3Jnqwg8t
;Ibr8tLp4PINLhnxwHBu9MHyklk6coPgl1WzNFUu/89QgvlUB/w2oShafCeXE+mEw1ODjiknxqPW9MNU
;1L5M/ODj6cenrTDyra4oh5Z37BEksFZo/7Y2R7EzhHLE700+ESPI0fHaoFZ+ud0DdSDLR8P2x7naU9J
;QlgZyNJU/LGzhk7mHNBy30TmabMMFhiqH8zbAjolCEmW3FAM15I5cbjfVz5Hx7dcBebvM0taGjNEkwJ
;V5ysPS97Fz1HLD3Nyv8YPfkJHq4FFJ6jzzZFePcYSg1kt7A1PglhSy5DU4Ggn31O+Vl33HYTy7bHLUV
;5zBlNbBHo1U05DmRIKF5J3sr/GyeVc0HPawCHtuA1Xn/cfDxvCOjVYH5OFChHLD3y1uENIYtrQd1xFY
;qn2j5ODKt6P2wIpro/Jxp4OEssPYHQ5A0+lm1q8XEem7a/WjwMqHxtCWucvCEjFXFZNSwegaORDjuLe
;X/NYDiYvNMwU1PKE0sYZ4WKJCQdfVQrc03g1+UYPJcfHasFZ+uf1jdSf6hcP2wIm6A/LBp3XRhfUu3K
;9SI6lm9Bx2sBgr/TBkdt3AhaHmbo1khKexR0LkJY8qOFfU75a3vDdQKZssssRWn3HloIV4S8Pj57FzF
;HLD2wmKZNdcskKpsFcuvTvy1SYdgZTQ18nacoFRdxXjNzUejQ5X1N+R8ergVx69O/LVJh2BlNDXydpy
;gVCX1fL1hi7criCU76Hx6uBWfk079ZQGXYGWAYZ5+wPxUWe1wiLD6Ho5F9AJxsasthZ/vTv1lAZdgZY
;Bhnn7A/FQh8WTdJPYKlkX1OunZszWkC692/WTd7wQxaM3+JuSEVFntcIiw+i6ORfQeXa3vcaQaItttZ
;OQyofD1sCOjUTUp7UjhHLDyBo5FyTvkfTa5gZ5/Ty1leDMZ8WGwo6JJNOHt7ODIsTYGDkUxO+B8ergV
;n69OvWTcMqHw/bAjo1U1KexQ4Ryw9gaORfU42GB6uDmfr0/o3U2naXAxMRo2hTUp7f3tHLFbCo5EHDf
;kfHq7Iqyftvlk3xOp8P6RK6dVNSnsU8AYsPYGjk31O+R0ergVnb9C/WDcMYD0/bAjo1U1Ke9n0ixI9g
;aORfU5iXB6uniTr02MbAwyofD9swKrXTUp7ADhHLD2Bo5F9Ts1dHq7tJuvTtxs3DKQ+PmwI6NVNSnsU
;OEcsPYGjkX1O+R8LqQVn69O/WQYMqHwvbAjouCwpE31WInNf4Nb1Dy+Neh6vBWfr0795O02obT9sCIW
;0LiISel0YTljl/OIVL4l6Hq8FZ+vTv1k3DKhoP2wIhbQuIhJ6XRhOWOX85RgjiUBzz31n6tO/WTcMKC
;d/bB7o1U0nGndQLkJY3sD+ED6ccW3PcQ6EveAhNw2ofD9sCOiMDUptFDhHQVziy/gTK6Z8ccN1AoWg3
;i1eY8YjRmwJ6NVNSnsUYQcsMIGjkRAvmnd3wGA4j7rSBk8MqXw/bAjotSAKexk4RyxQ4MD5FCCcQHrH
;aDiS075ZNwyofF8BSOjYTUp7eVkkRFTvxs4ZJ5RAZK4EZ+vTv1l3Y+h8I2wI6LgsKRN9ViJzWejQ5Rw
;gmnpByHcIhozdNkVozQ4/bQjo1U1KexQ4Rzg9gaP8HC2RdnDLWgKTp80sU2naI1EZZejUTUp7FDhH3A
;KBuZF9TpR+fcZsCY6M2iFDft0YWh5Xh7MrOR5gZz8ePYCjkX1O+R8n7gV969O/NFZvwBVRCVeNrTk4D
;nBdNXNS58XiGDqmZiyuBGfr079ZNwyofC1sCOi4LCkTfVYic1voz/AQK5drQZ8FZuvTv1k3DKg8P34I
;6NUgKxh8USlJYufK/RwjnHFq8Tdn6tO/WTcMqHx/bB3o1U0nGndQLkJY3sTwEzqLZkHGYA6Mu8tZNgy
;ofD9sCLGVTV57FDgqTV7pyv8YEZ58ccpgOIqwyzBYYqh9P2wI6NVNSnsUL0csPezC8hUnl3pBwGodkb
;/aBlNlyRFaGG2a1UxKexSY3rXkvqOIfU75cn/NbQ6FtuA3WHbSEFozbIG0IC8PcUoYHj2Ao5F97mCGx
;5EFfuvTvzRWb8AVUQlXhro3MBdxZzNJUPH8/Bw2pi4erwVn69O/OURMqGU/bAiFtC4iEnpdGEJS+9n9
;GBGNenPeWgqKq+BrNw2ofD9sCIimDUppFDhHQVziy/gTK6ZvbMdrE7S+0D1SDKl8P2wI6NVNSns1OEc
;sUODA+RQgnEBu3GoKm6fgLERp9w5eCny3oSU4HmdQKEBZgaKRfU75Hx73RWfm079ZWm3LFFYCbbemOS
;8LcThGLD2Bo5F9TvkfPK4FZ4ay3DFeYs0jSQV6nKAsJiRxQDNeSOXG4yIhn3lty3E4k+G/WDcMqHw/b
;DGo1W9KexRVJk9V6M30IjiQbWrbZAu0tsctRXnMGU0zZ46zPi8PS0F1LDyBo5F9TvkfHq4lZ+vT0jhU
;ZMESWjNrnaY5JRZLSDVFU/XK/xoRiW13wXcOn6q/WzYMsHw/bGWJtiUjFXFnI01J4PzyEiCNenDaWga
;Pt79bNgy9fD9sZYm2JSMVcWcjTUng/PcUIpxAf8phZ+nSv303DKgRXg9ggbsoFR5sTDVZWeTRzg45kG
;t9xloQirrLBl9pyQhWAm/o101KaBQ4R0Fc4sv4EyumeX/AWgSEvcsrWGCofj5sFejVTScad1AuQljex
;PISKpxAe/FoEoen1ilbdfcaUwN/6NdNSmsUOEdBXOLL+BMrpnd7z3E4ibbbWTUNqG8/bAiFtC4iEnpd
;GEVZ5NvODjeKa3vDBWXr06NZNwzFHVwEYYawEiUWfUwYXlzo0PQJIYx8dvFmCI+2v1s3DL98P2xlibY
;lIxVxZzdeUuzT5SI7inpB3GQBn9O9WTcmqHw/AWmLvSQkHktINUNQ8dfOCD2cQGzPYxO0t8opW2XLHU
;sFZ4aKICMJZlc1LD+Ao4t9Tvlyf81tDoW24CtSYMkIVhptt7A1PglhSy5DU4GhkX1s+R8ew2QEg7rRP
;Gh6yRBWCGmcsBI6CX1WM0VT5vzhDyeWbXfafGfp079ONwyoE0kJepq8KS8kZ1QuT1je0PQJOpBxed0F
;ZevTqFk3DMUdXARhhrASLBJ4WSpJU/X8/xwjnEAvrgZt69O/CXtNiE0RWz2FuE1dexQ4Kk1e6cr/GBG
;fdnLPaAKFp+A3VmHNIw1sC+LVTUorWHlnHRO2lvwQTugfHq5oBoi71jdSU84VUwlXhrQgL3sXM0csPc
;TN9Rg82Sw+4GAT68a/WTdhyR9XBWaNiisjCXlPJl5Y3tfoDSv5HBiuBWemss01XmKodj9sCIW0LiISe
;l0YRVmBoLV9TvknLJ8xU4jijnQEaZgaElhr3uNgc0hyDGoeX7SQpUR5yi4nnTFn+dO/WVptyxRWAm23
;uHx6SyVnJENZ5KOSfU75Hx68BWfrvt46X2XGGWABOdjlfxUYe1wiLD6Bo5F9TusfHq5oBoi71jdSU8V
;OD1w4t7YiLh4UO0csPYGjnX1O+XJ/zW0OhbbgLU58zXw8Zwjo1QgkH3FKZx8dz8blfVf5Hx7DZASDut
;E8aHjRDFozaYq3Py8NfVkzRVLvo5JtTvkfXdxgBoe6yyAXScYYWh4o29VNSnsUOEcsPZGjkX1O+R8er
;gVn69O/WTcMqHw/Jgro1UxKexR+RSw9i6ORfR61Xj6fK1DevtJZNwxIQz9sk6zVTVw4FDi3bT0hL9R9
;9vFYHq6lJRTSv1k3DKh8MWwI6MVNSntyUStNUOTN5SIqnHFtx3Ee69K/WTcMqBysLAj51U1KHX1UJkF
;Y79fOGSeYcnvaYBXr0r9ZNwyofMNTCPnVTUodfVQmQVjv184bIpZobM9xAuvSv1k3DKh8aywI5tVNSh
;19VCZBWO/Xzg08kHx7rgRn69O/WTcy6HwobAjoujsvCWZRI0li8s/4HiumbHvacQ6FtMxZNQyocj9sC
;I68ISsWcVYzc1/zwv8ZTvoYHq4FNYq6zDwESKhpP2wIjrwhKxZxVjNzWejQ4REvgEBwz2gC69CrWTcM
;8y5eBXuN5gkXW0R0BgwMr5SkECP5DR6uBQGCv940UmLcI1kFZI2KIysWcThEJj2Bo8ExD9kuMJkwCob
;TrVk3DM4VUw1ljbs5FRx3VyNJYuTN9X1N+R8ergVz69O/P15gyRFaAny3si4lH3FnNFhc89eRfk75Hx
;6uDmfr09kwW23FGVEYV4GxTUlfFDhHGF+4x/dKd5syLMpkV8bn2j8DIclKDlsl2+R4KUNwCXcZC+PBk
;XBO+R94x2kGhrbRLWhiyRFabAvi1U1KK1h5Zx0Ttpb8EE7jHx6uYw6HstI8WXj3El4Bbbe0LygJcU4u
;TUnozP99TfofHq5VK6rTsVk3DM4VUw1ljbs5FRV7TCJfPYKjkX1O+R8ergVn69O/STcMqHw/bAjo1U1
;KexQ4Ryw9gaORfU75Hx6uBWfr079ZNwyofD9sCA==
;Data end
;
;Print Time: 256
;Material#1 Used: 89.8
;Material#2 Used: 0.0
;Material#1 Cost: 0.01
;Material#2 Cost: 0.00
