;Sliced by ideaMaker 3.6.1.4415, 2020-10-15 17:08:19 UTC+1000
;Dimension: 235.000 235.000 250.000 0.400
;Plate Shape: 0
;Extruder Offset #1: 25.000 0.000
;Filament Diameter #1: 1.750
;Filament Diameter #2: 1.750
;Filament Compensation #1: 82.00
;Filament Compensation #2: 90.00
;Filament Density #1: 1240.00
;Filament Density #2: 1240.00
;Bounding Box: 79.063 135.938 63.994 91.006 0.000 6.800
;Model Gap: 0.000
M221 T0 S82.00
M140 S70.00
M104 T0 S210.00
M109 T0 S210.00
T0
M190 S70.00
; Ender 3 Custom Start G-code
G92 E0 ; Reset Extruder
G28 ; Home all axes
G1 Z2.0 F3000 ; Move Z Axis up little to prevent scratching of Heat Bed
G1 X0.1 Y20 Z0.3 F5000.0 ; Move to start position
G1 X0.1 Y200.0 Z0.3 F1500.0 E15 ; Draw the first line
G1 X0.4 Y200.0 Z0.3 F5000.0 ; Move to side a little
G1 X0.4 Y20 Z0.3 F1500.0 E30 ; Draw the second line
G92 E0 ; Reset Extruder
G1 Z2.0 F3000 ; Move Z Axis up little to prevent scratching of Heat Bed
G1 X5 Y20 Z2.0 F5000.0 ; Move over to prevent blob squish
M1001
;LAYER:0
;Z:0.200
;HEIGHT:0.200
M106 S255
G4 P500
M106 S64
M140 S50
G1 F3000 E-5.0000
G0 F4200 X92.140 Y88.259
G0 F900 Z0.200
;TYPE:WALL-INNER
;WIDTH:0.400
G1 F1500 E0.0000
G1 F600 X92.034 Y88.269 E0.0044
G1 X80.092 Y88.269 E0.5009
G1 X79.912 Y88.236 E0.5085
G1 X79.780 Y88.149 E0.5151
G1 X79.734 Y88.093 E0.5181
G1 X79.674 Y87.948 E0.5246
G1 X79.673 Y87.791 E0.5312
G1 X79.732 Y87.649 E0.5376
G1 X79.780 Y87.590 E0.5407
G1 X79.911 Y87.502 E0.5473
G1 X79.985 Y87.479 E0.5505
G1 X85.513 Y87.469 E0.7803
G1 X85.513 Y70.848 E1.4713
G1 X85.999 Y69.771 E1.5205
G1 X86.127 Y69.771 E1.5258
G1 X86.612 Y70.848 E1.5749
G1 X86.612 Y87.469 E2.2659
G1 X92.140 Y87.479 E2.4958
G1 X92.283 Y87.539 E2.5022
G1 X92.390 Y87.645 E2.5085
G1 X92.451 Y87.792 E2.5151
G1 X92.459 Y87.869 E2.5183
G1 X92.451 Y87.910 E2.5200
G0 F600 X92.430 Y88.018
G0 F600 X92.345 Y88.148
G0 F600 X92.282 Y88.199
G0 F600 X92.140 Y88.259
G1 F3000 E-2.4800
G0 F4200 X92.219 Y88.653
;TYPE:WALL-OUTER
;WIDTH:0.400
G1 F1500 E2.5200
G1 F600 X92.053 Y88.669 E2.5270
G1 X80.073 Y88.669 E3.0250
G1 X79.906 Y88.653 E3.0320
G1 X79.757 Y88.607 E3.0385
G1 X79.619 Y88.533 E3.0450
G1 X79.497 Y88.434 E3.0515
G1 X79.400 Y88.316 E3.0579
G1 X79.326 Y88.177 E3.0644
G1 X79.280 Y88.027 E3.0710
G1 X79.265 Y87.871 E3.0775
G1 X79.278 Y87.715 E3.0840
G1 X79.324 Y87.565 E3.0905
G1 X79.397 Y87.427 E3.0970
G1 X79.495 Y87.307 E3.1034
G1 X79.619 Y87.204 E3.1101
G1 X79.757 Y87.131 E3.1166
G1 X79.906 Y87.085 E3.1231
G1 X80.073 Y87.069 E3.1301
G1 X85.113 Y87.069 E3.3396
G1 X85.113 Y70.762 E4.0176
G1 X85.707 Y69.446 E4.0776
G1 X85.804 Y69.300 E4.0849
G1 X85.847 Y69.264 E4.0872
G1 X85.990 Y69.205 E4.0937
G1 X86.196 Y69.221 E4.1023
G1 X86.325 Y69.306 E4.1087
G1 X86.419 Y69.446 E4.1157
G1 X87.012 Y70.762 E4.1757
G1 X87.012 Y87.069 E4.8537
G1 X92.053 Y87.069 E5.0633
G1 X92.219 Y87.085 E5.0702
G1 X92.368 Y87.131 E5.0767
G1 X92.506 Y87.204 E5.0832
G1 X92.628 Y87.304 E5.0897
G1 X92.725 Y87.422 E5.0961
G1 X92.798 Y87.560 E5.1026
G1 X92.845 Y87.711 E5.1091
G1 X92.861 Y87.867 E5.1157
G1 X92.847 Y88.022 E5.1221
G1 X92.801 Y88.172 E5.1286
G1 X92.728 Y88.310 E5.1351
G1 X92.648 Y88.409 E5.1404
G0 F600 X92.630 Y88.431
G0 F600 X92.506 Y88.533
G0 F600 X92.368 Y88.607
G0 F600 X92.219 Y88.653
G1 F3000 E0.1404
G0 F4200 X92.218 Y87.976
;TYPE:SOLID-FILL
;WIDTH:0.400
G1 F1500 E5.1404
G1 F600 X91.832 Y87.873 E5.1579
G1 X91.267 Y87.873 E5.1808
G1 X90.700 Y87.872 E5.2037
G1 X90.134 Y87.872 E5.2267
G1 X89.568 Y87.871 E5.2498
G1 X89.002 Y87.871 E5.2729
G1 X88.435 Y87.870 E5.2961
G1 X87.869 Y87.870 E5.3194
G1 X87.303 Y87.869 E5.3427
G1 X86.821 Y87.669 E5.3644
G1 F3000 E0.3644
G1 F900 Z0.500
G0 F4200 X85.642 Y88.188
;TYPE:SOLID-FILL
;WIDTH:0.400
G1 F900 Z0.200
G1 F1500 E5.3644
G1 F600 X85.243 Y87.789 E5.3879
G0 F4200 X85.568 Y87.548
G1 F600 X86.208 Y88.188 E5.4255
G0 F4200 X86.774 Y88.188
G1 F600 X85.592 Y87.006 E5.4950
G0 F4200 X85.592 Y86.440
G1 F600 X86.531 Y87.380 E5.5503
G0 F4200 X86.699 Y87.548
G1 F600 X86.881 Y87.730 E5.5610
G1 F3000 E0.5610
G1 F900 Z0.500
G0 F4200 X86.531 Y86.814
G1 F900 Z0.200
G1 F1500 E5.5610
G1 F600 X85.592 Y85.875 E5.6162
G0 F4200 X85.592 Y85.309
G1 F600 X86.531 Y86.248 E5.6714
G0 F4200 X86.531 Y85.682
G1 F600 X85.592 Y84.743 E5.7266
G0 F4200 X85.592 Y84.178
G1 F600 X86.531 Y85.117 E5.7818
G0 F4200 X86.531 Y84.551
G1 F600 X85.592 Y83.612 E5.8370
G0 F4200 X85.592 Y83.046
G1 F600 X86.531 Y83.985 E5.8922
G0 F4200 X86.531 Y83.420
G1 F600 X85.592 Y82.481 E5.9474
G0 F4200 X85.592 Y81.915
G1 F600 X86.531 Y82.854 E6.0026
G0 F4200 X86.531 Y82.288
G1 F600 X85.592 Y81.349 E6.0578
G0 F4200 X85.592 Y80.784
G1 F600 X86.531 Y81.723 E6.1131
G0 F4200 X86.531 Y81.157
G1 F600 X85.592 Y80.218 E6.1683
G0 F4200 X85.592 Y79.652
G1 F600 X86.531 Y80.591 E6.2235
G0 F4200 X86.531 Y80.026
G1 F600 X85.592 Y79.087 E6.2787
G0 F4200 X85.592 Y78.521
G1 F600 X86.531 Y79.460 E6.3339
G0 F4200 X86.531 Y78.894
G1 F600 X85.592 Y77.955 E6.3891
G0 F4200 X85.592 Y77.390
G1 F600 X86.531 Y78.329 E6.4443
G0 F4200 X86.531 Y77.763
G1 F600 X85.592 Y76.824 E6.4995
G0 F4200 X85.592 Y76.258
G1 F600 X86.531 Y77.197 E6.5547
G0 F4200 X86.531 Y76.631
G1 F600 X85.592 Y75.692 E6.6099
G0 F4200 X85.592 Y75.127
G1 F600 X86.531 Y76.066 E6.6651
G0 F4200 X86.531 Y75.500
G1 F600 X85.592 Y74.561 E6.7204
G0 F4200 X85.592 Y73.995
G1 F600 X86.531 Y74.934 E6.7756
G0 F4200 X86.531 Y74.369
G1 F600 X85.592 Y73.430 E6.8308
G0 F4200 X85.592 Y72.864
G1 F600 X86.531 Y73.803 E6.8860
G0 F4200 X86.531 Y73.237
G1 F600 X85.592 Y72.298 E6.9412
G0 F4200 X85.592 Y71.733
G1 F600 X86.531 Y72.672 E6.9964
G0 F4200 X86.531 Y72.106
G1 F600 X85.592 Y71.167 E7.0516
G0 F4200 X85.673 Y70.683
G1 F600 X86.531 Y71.540 E7.1020
G0 F4200 X86.531 Y70.975
G1 F600 X85.849 Y70.293 E7.1421
G1 F3000 E2.1421
G1 F900 Z0.500
G0 F4200 X85.124 Y87.669
;TYPE:SOLID-FILL
;WIDTH:0.400
G1 F900 Z0.200
G1 F1500 E7.1421
G1 F600 X85.160 Y87.988 E7.1562
G1 X84.475 Y87.869 E7.1796
G1 X83.910 Y87.870 E7.2028
G1 X83.344 Y87.870 E7.2260
G1 X82.779 Y87.871 E7.2492
G1 X82.214 Y87.871 E7.2723
G1 X81.648 Y87.871 E7.2954
G1 X81.083 Y87.872 E7.3183
G1 X80.518 Y87.872 E7.3412
G1 X80.041 Y87.678 E7.3627
G1 F3000 E2.3627
G1 F900 Z0.500
G0 F4200 X102.034 Y83.269
;TYPE:WALL-INNER
;WIDTH:0.400
G1 F900 Z0.200
G1 F1500 E7.3627
G1 F600 X90.092 Y83.269 E7.8591
G1 X89.912 Y83.236 E7.8668
G1 X89.780 Y83.149 E7.8733
G1 X89.734 Y83.093 E7.8763
G1 X89.674 Y82.948 E7.8829
G1 X89.673 Y82.791 E7.8894
G1 X89.732 Y82.649 E7.8958
G1 X89.780 Y82.590 E7.8989
G1 X89.911 Y82.502 E7.9055
G1 X89.985 Y82.479 E7.9087
G1 X95.513 Y82.469 E8.1386
G1 X95.513 Y65.848 E8.8296
G1 X95.999 Y64.771 E8.8787
G1 X96.127 Y64.771 E8.8840
G1 X96.612 Y65.848 E8.9331
G1 X96.612 Y82.469 E9.6242
G1 X102.140 Y82.479 E9.8540
G1 X102.283 Y82.539 E9.8604
G1 X102.390 Y82.645 E9.8667
G1 X102.451 Y82.792 E9.8733
G1 X102.459 Y82.869 E9.8765
G1 X102.430 Y83.015 E9.8827
G0 F600 X102.430 Y83.018
G0 F600 X102.345 Y83.148
G0 F600 X102.282 Y83.199
G0 F600 X102.140 Y83.259
G0 F600 X102.034 Y83.269
G1 F3000 E4.8827
G0 F4200 X102.053 Y83.669
;TYPE:WALL-OUTER
;WIDTH:0.400
G1 F900 Z0.200
G1 F1500 E9.8827
G1 F600 X90.073 Y83.669 E10.3808
G1 X89.906 Y83.653 E10.3878
G1 X89.757 Y83.607 E10.3942
G1 X89.619 Y83.533 E10.4008
G1 X89.497 Y83.434 E10.4073
G1 X89.400 Y83.316 E10.4136
G1 X89.326 Y83.177 E10.4202
G1 X89.280 Y83.027 E10.4267
G1 X89.265 Y82.871 E10.4332
G1 X89.278 Y82.715 E10.4397
G1 X89.324 Y82.565 E10.4463
G1 X89.397 Y82.427 E10.4527
G1 X89.495 Y82.307 E10.4592
G1 X89.619 Y82.204 E10.4659
G1 X89.757 Y82.131 E10.4724
G1 X89.906 Y82.085 E10.4789
G1 X90.073 Y82.069 E10.4858
G1 X95.113 Y82.069 E10.6954
G1 X95.113 Y65.762 E11.3733
G1 X95.707 Y64.446 E11.4334
G1 X95.804 Y64.300 E11.4407
G1 X95.847 Y64.264 E11.4430
G1 X95.990 Y64.205 E11.4494
G1 X96.196 Y64.221 E11.4580
G1 X96.325 Y64.306 E11.4644
G1 X96.419 Y64.446 E11.4714
G1 X97.012 Y65.762 E11.5315
G1 X97.012 Y82.069 E12.2094
G1 X102.053 Y82.069 E12.4190
G1 X102.219 Y82.085 E12.4259
G1 X102.368 Y82.131 E12.4324
G1 X102.506 Y82.204 E12.4389
G1 X102.628 Y82.304 E12.4455
G1 X102.725 Y82.422 E12.4518
G1 X102.798 Y82.560 E12.4583
G1 X102.845 Y82.711 E12.4649
G1 X102.861 Y82.867 E12.4714
G1 X102.847 Y83.022 E12.4779
G1 X102.801 Y83.172 E12.4844
G1 X102.728 Y83.310 E12.4909
G1 X102.630 Y83.431 E12.4974
G1 X102.523 Y83.519 E12.5031
G0 F600 X102.506 Y83.533
G0 F600 X102.368 Y83.607
G0 F600 X102.219 Y83.653
G0 F600 X102.053 Y83.669
G1 F3000 E7.5031
G0 F4200 X102.019 Y83.068
;TYPE:SOLID-FILL
;WIDTH:0.400
G1 F900 Z0.200
G1 F1500 E12.5031
G1 F600 X101.540 Y82.873 E12.5261
G1 X100.974 Y82.872 E12.5490
G1 X100.409 Y82.872 E12.5719
G1 X99.842 Y82.871 E12.5950
G1 X99.276 Y82.871 E12.6181
G1 X98.710 Y82.870 E12.6413
G1 X98.144 Y82.870 E12.6645
G1 X97.577 Y82.870 E12.6878
G1 X96.927 Y82.785 E12.7111
G1 X96.928 Y83.068 E12.7229
G1 F3000 E7.7229
G1 F900 Z0.500
G0 F4200 X95.351 Y83.188
;TYPE:SOLID-FILL
;WIDTH:0.400
G1 F900 Z0.200
G1 F1500 E12.7229
G1 F600 X95.243 Y83.080 E12.7293
G0 F4200 X95.276 Y82.549
G1 F600 X95.916 Y83.188 E12.7669
G0 F4200 X96.482 Y83.188
G1 F600 X95.592 Y82.298 E12.8192
G0 F4200 X95.592 Y81.733
G1 F600 X96.880 Y83.021 E12.8949
G1 F3000 E7.8949
G1 F900 Z0.500
G0 F4200 X96.531 Y82.106
G1 F900 Z0.200
G1 F1500 E12.8949
G1 F600 X95.592 Y81.167 E12.9501
G0 F4200 X95.592 Y80.601
G1 F600 X96.531 Y81.540 E13.0053
G0 F4200 X96.531 Y80.975
G1 F600 X95.592 Y80.036 E13.0605
G0 F4200 X95.592 Y79.470
G1 F600 X96.531 Y80.409 E13.1158
G0 F4200 X96.531 Y79.843
G1 F600 X95.592 Y78.904 E13.1710
G0 F4200 X95.592 Y78.338
G1 F600 X96.531 Y79.277 E13.2262
G0 F4200 X96.531 Y78.712
G1 F600 X95.592 Y77.773 E13.2814
G0 F4200 X95.592 Y77.207
G1 F600 X96.531 Y78.146 E13.3366
G0 F4200 X96.531 Y77.580
G1 F600 X95.592 Y76.641 E13.3918
G0 F4200 X95.592 Y76.076
G1 F600 X96.531 Y77.015 E13.4470
G0 F4200 X96.531 Y76.449
G1 F600 X95.592 Y75.510 E13.5022
G0 F4200 X95.592 Y74.944
G1 F600 X96.531 Y75.883 E13.5574
G0 F4200 X96.531 Y75.318
G1 F600 X95.592 Y74.379 E13.6126
G0 F4200 X95.592 Y73.813
G1 F600 X96.531 Y74.752 E13.6679
G0 F4200 X96.531 Y74.186
G1 F600 X95.592 Y73.247 E13.7231
G0 F4200 X95.592 Y72.682
G1 F600 X96.531 Y73.621 E13.7783
G0 F4200 X96.531 Y73.055
G1 F600 X95.592 Y72.116 E13.8335
G0 F4200 X95.592 Y71.550
G1 F600 X96.531 Y72.489 E13.8887
G0 F4200 X96.531 Y71.924
G1 F600 X95.592 Y70.985 E13.9439
G0 F4200 X95.592 Y70.419
G1 F600 X96.531 Y71.358 E13.9991
G0 F4200 X96.531 Y70.792
G1 F600 X95.592 Y69.853 E14.0543
G0 F4200 X95.592 Y69.287
G1 F600 X96.531 Y70.227 E14.1096
G0 F4200 X96.531 Y69.661
G1 F600 X95.592 Y68.722 E14.1648
G0 F4200 X95.592 Y68.156
G1 F600 X96.531 Y69.095 E14.2200
G0 F4200 X96.531 Y68.529
G1 F600 X95.592 Y67.590 E14.2752
G0 F4200 X95.592 Y67.025
G1 F600 X96.531 Y67.964 E14.3304
G0 F4200 X96.531 Y67.398
G1 F600 X95.592 Y66.459 E14.3856
G0 F4200 X95.592 Y65.893
G1 F600 X96.531 Y66.832 E14.4408
G0 F4200 X96.531 Y66.267
G1 F600 X95.759 Y65.495 E14.4862
G0 F4200 X96.112 Y65.282
G1 F600 X96.397 Y65.567 E14.5030
G1 F3000 E9.5030
G1 F900 Z0.500
G0 F4200 X94.833 Y82.671
;TYPE:SOLID-FILL
;WIDTH:0.400
G1 F900 Z0.200
G1 F1500 E14.5030
G1 F600 X94.948 Y83.068 E14.5263
G1 X94.183 Y82.870 E14.5496
G1 X93.618 Y82.870 E14.5728
G1 X93.053 Y82.871 E14.5959
G1 X92.488 Y82.871 E14.6190
G1 X91.923 Y82.872 E14.6421
G1 X91.358 Y82.872 E14.6650
G1 X90.792 Y82.872 E14.6879
G1 X90.227 Y82.873 E14.7108
G1 X89.881 Y82.809 E14.7254
G1 F3000 E9.7254
G1 F900 Z0.500
G0 F4200 X107.911 Y90.373
;TYPE:WALL-INNER
;WIDTH:0.400
G1 F900 Z0.200
G1 F1500 E14.7254
G1 F600 X107.781 Y90.287 E14.7319
G1 X107.696 Y90.158 E14.7383
G1 X107.664 Y89.980 E14.7458
G1 X107.663 Y75.758 E15.3371
G1 X107.695 Y75.582 E15.3445
G1 X107.780 Y75.452 E15.3510
G1 X107.843 Y75.401 E15.3544
G1 X107.985 Y75.341 E15.3608
G1 X108.140 Y75.341 E15.3672
G1 X108.283 Y75.402 E15.3737
G1 X108.391 Y75.507 E15.3799
G1 X108.451 Y75.653 E15.3865
G1 X108.462 Y75.759 E15.3909
G1 X108.463 Y82.319 E15.6637
G1 X110.082 Y82.319 E15.7310
G1 X111.145 Y82.805 E15.7796
G1 X111.145 Y82.933 E15.7849
G1 X110.082 Y83.419 E15.8335
G1 X108.463 Y83.419 E15.9008
G1 X108.463 Y89.976 E16.1734
G1 X108.430 Y90.157 E16.1811
G1 X108.365 Y90.255 E16.1859
G0 F600 X108.345 Y90.285
G0 F600 X108.214 Y90.373
G0 F600 X108.063 Y90.403
G0 F600 X107.911 Y90.373
G1 F3000 E11.1859
G0 F4200 X107.757 Y90.744
;TYPE:WALL-OUTER
;WIDTH:0.400
G1 F900 Z0.200
G1 F1500 E16.1859
G1 F600 X107.619 Y90.671 E16.1924
G1 X107.497 Y90.571 E16.1990
G1 X107.400 Y90.453 E16.2053
G1 X107.325 Y90.312 E16.2120
G1 X107.280 Y90.165 E16.2184
G1 X107.264 Y89.999 E16.2253
G1 X107.263 Y75.740 E16.8181
G1 X107.278 Y75.578 E16.8249
G1 X107.324 Y75.428 E16.8314
G1 X107.397 Y75.290 E16.8379
G1 X107.495 Y75.169 E16.8444
G1 X107.619 Y75.067 E16.8511
G1 X107.757 Y74.993 E16.8576
G1 X107.906 Y74.947 E16.8640
G1 X108.063 Y74.932 E16.8706
G1 X108.219 Y74.947 E16.8771
G1 X108.368 Y74.993 E16.8836
G1 X108.506 Y75.067 E16.8901
G1 X108.628 Y75.166 E16.8966
G1 X108.725 Y75.284 E16.9030
G1 X108.799 Y75.423 E16.9095
G1 X108.845 Y75.573 E16.9161
G1 X108.862 Y75.738 E16.9230
G1 X108.863 Y81.919 E17.1799
G1 X110.169 Y81.919 E17.2342
G1 X111.566 Y82.558 E17.2981
G1 X111.703 Y82.716 E17.3068
G1 X111.733 Y82.868 E17.3132
G1 X111.706 Y83.010 E17.3192
G1 X111.621 Y83.138 E17.3256
G1 X111.575 Y83.176 E17.3281
G1 X110.169 Y83.819 E17.3924
G1 X108.863 Y83.819 E17.4467
G1 X108.863 Y89.996 E17.7035
G1 X108.847 Y90.159 E17.7103
G1 X108.801 Y90.310 E17.7169
G1 X108.728 Y90.448 E17.7234
G1 X108.630 Y90.568 E17.7298
G1 X108.506 Y90.671 E17.7365
G1 X108.368 Y90.744 E17.7430
G1 X108.249 Y90.781 E17.7482
G0 F600 X108.219 Y90.790
G0 F600 X108.063 Y90.805
G0 F600 X107.906 Y90.790
G0 F600 X107.757 Y90.744
G1 F3000 E12.7482
G0 F4200 X108.007 Y90.188
;TYPE:SOLID-FILL
;WIDTH:0.400
G1 F900 Z0.200
G1 F1500 E17.7482
G1 F600 X108.071 Y89.969 E17.7556
G1 X108.062 Y89.394 E17.7791
G1 X108.062 Y88.829 E17.8025
G1 X108.062 Y88.263 E17.8260
G1 X108.062 Y87.697 E17.8494
G1 X108.062 Y87.132 E17.8729
G1 X108.062 Y86.566 E17.8963
G1 X108.062 Y86.000 E17.9198
G1 X108.062 Y85.435 E17.9433
G1 X108.062 Y84.869 E17.9667
G1 X108.062 Y84.303 E17.9902
G1 X108.062 Y83.737 E18.0136
G1 X108.126 Y83.236 E18.0370
G1 X107.862 Y82.689 E18.0623
G0 F4200 X107.862 Y82.124
G1 F600 X108.462 Y82.723 E18.0975
G1 F3000 E13.0975
G1 F900 Z0.500
G0 F4200 X108.262 Y81.957
G1 F900 Z0.200
G1 F1500 E18.0975
G1 F600 X108.062 Y81.475 E18.1210
G1 X108.062 Y80.909 E18.1445
G1 X108.062 Y80.343 E18.1679
G1 X108.062 Y79.778 E18.1913
G1 X108.062 Y79.212 E18.2148
G1 X108.062 Y78.646 E18.2383
G1 X108.062 Y78.081 E18.2617
G1 X108.062 Y77.515 E18.2852
G1 X108.062 Y76.949 E18.3086
G1 X108.062 Y76.384 E18.3321
G1 X107.964 Y75.720 E18.3555
G1 X108.258 Y75.731 E18.3678
G1 F3000 E13.3678
G1 F900 Z0.500
G0 F4200 X109.834 Y82.398
;TYPE:SOLID-FILL
;WIDTH:0.400
G1 F900 Z0.200
G1 F1500 E18.3678
G1 F600 X110.551 Y83.115 E18.4099
G0 F4200 X110.162 Y83.292
G1 F600 X109.268 Y82.398 E18.4625
G0 F4200 X108.702 Y82.398
G1 F600 X109.643 Y83.338 E18.5178
G0 F4200 X109.077 Y83.338
G1 F600 X108.342 Y82.603 E18.5610
G0 F4200 X108.342 Y83.169
G1 F600 X108.511 Y83.338 E18.5709
G1 F3000 E13.5709
G1 F900 Z0.500
G0 F4200 X115.911 Y90.373
;TYPE:WALL-INNER
;WIDTH:0.400
G1 F900 Z0.200
G1 F1500 E18.5709
G1 F600 X115.781 Y90.287 E18.5774
G1 X115.696 Y90.158 E18.5838
G1 X115.664 Y89.980 E18.5913
G1 X115.663 Y75.758 E19.1826
G1 X115.695 Y75.582 E19.1901
G1 X115.780 Y75.452 E19.1965
G1 X115.843 Y75.401 E19.1999
G1 X115.985 Y75.341 E19.2063
G1 X116.140 Y75.341 E19.2127
G1 X116.283 Y75.402 E19.2192
G1 X116.391 Y75.507 E19.2255
G1 X116.451 Y75.653 E19.2320
G1 X116.462 Y75.759 E19.2365
G1 X116.463 Y82.319 E19.5092
G1 X118.082 Y82.319 E19.5765
G1 X119.145 Y82.805 E19.6251
G1 X119.145 Y82.933 E19.6304
G1 X118.082 Y83.419 E19.6790
G1 X116.463 Y83.419 E19.7463
G1 X116.463 Y89.976 E20.0189
G1 X116.430 Y90.157 E20.0266
G1 X116.365 Y90.255 E20.0315
G0 F600 X116.345 Y90.285
G0 F600 X116.214 Y90.373
G0 F600 X116.063 Y90.403
G0 F600 X115.911 Y90.373
G1 F3000 E15.0315
G0 F4200 X115.757 Y90.744
;TYPE:WALL-OUTER
;WIDTH:0.400
G1 F900 Z0.200
G1 F1500 E20.0315
G1 F600 X115.619 Y90.671 E20.0380
G1 X115.497 Y90.571 E20.0445
G1 X115.400 Y90.453 E20.0509
G1 X115.325 Y90.312 E20.0575
G1 X115.280 Y90.165 E20.0639
G1 X115.264 Y89.999 E20.0708
G1 X115.263 Y75.740 E20.6637
G1 X115.278 Y75.578 E20.6704
G1 X115.324 Y75.428 E20.6769
G1 X115.397 Y75.290 E20.6834
G1 X115.495 Y75.169 E20.6899
G1 X115.619 Y75.067 E20.6966
G1 X115.757 Y74.993 E20.7031
G1 X115.906 Y74.947 E20.7096
G1 X116.063 Y74.932 E20.7161
G1 X116.219 Y74.947 E20.7227
G1 X116.368 Y74.993 E20.7291
G1 X116.506 Y75.067 E20.7356
G1 X116.628 Y75.166 E20.7422
G1 X116.725 Y75.284 E20.7485
G1 X116.799 Y75.423 E20.7551
G1 X116.845 Y75.573 E20.7616
G1 X116.862 Y75.738 E20.7685
G1 X116.863 Y81.919 E21.0255
G1 X118.169 Y81.919 E21.0798
G1 X119.566 Y82.558 E21.1436
G1 X119.703 Y82.716 E21.1523
G1 X119.733 Y82.868 E21.1588
G1 X119.706 Y83.010 E21.1648
G1 X119.621 Y83.138 E21.1712
G1 X119.575 Y83.176 E21.1736
G1 X118.169 Y83.819 E21.2379
G1 X116.863 Y83.819 E21.2922
G1 X116.863 Y89.996 E21.5490
G1 X116.847 Y90.159 E21.5558
G1 X116.801 Y90.310 E21.5624
G1 X116.728 Y90.448 E21.5689
G1 X116.630 Y90.568 E21.5753
G1 X116.506 Y90.671 E21.5820
G1 X116.368 Y90.744 E21.5885
G1 X116.249 Y90.781 E21.5937
G0 F600 X116.219 Y90.790
G0 F600 X116.063 Y90.805
G0 F600 X115.906 Y90.790
G0 F600 X115.757 Y90.744
G1 F3000 E16.5937
G0 F4200 X116.261 Y89.957
;TYPE:SOLID-FILL
;WIDTH:0.400
G1 F900 Z0.200
G1 F1500 E21.5937
G1 F600 X116.062 Y89.474 E21.6172
G1 X116.062 Y88.909 E21.6407
G1 X116.062 Y88.343 E21.6641
G1 X116.062 Y87.777 E21.6877
G1 X116.062 Y87.212 E21.7112
G1 X116.062 Y86.646 E21.7346
G1 X116.062 Y86.080 E21.7582
G1 X116.062 Y85.515 E21.7816
G1 X116.062 Y84.949 E21.8051
G1 X116.062 Y84.383 E21.8286
G1 X116.062 Y83.818 E21.8521
G1 X116.086 Y83.276 E21.8755
G1 X115.862 Y82.769 E21.8986
G0 F4200 X115.862 Y82.203
G1 F600 X116.462 Y82.804 E21.9339
G1 F3000 E16.9339
G1 F900 Z0.500
G0 F4200 X116.262 Y82.038
G1 F900 Z0.200
G1 F1500 E21.9339
G1 F600 X116.062 Y81.555 E21.9574
G1 X116.062 Y80.989 E21.9808
G1 X116.062 Y80.423 E22.0044
G1 X116.062 Y79.858 E22.0279
G1 X116.062 Y79.292 E22.0513
G1 X116.062 Y78.726 E22.0749
G1 X116.062 Y78.161 E22.0984
G1 X116.062 Y77.595 E22.1218
G1 X116.062 Y77.029 E22.1454
G1 X116.062 Y76.464 E22.1688
G1 X116.062 Y75.898 E22.1923
G1 X115.998 Y75.552 E22.2069
G1 F3000 E17.2069
G1 F900 Z0.500
G0 F4200 X118.537 Y82.616
;TYPE:SOLID-FILL
;WIDTH:0.400
G1 F900 Z0.200
G1 F1500 E22.2069
G1 F600 X118.642 Y82.721 E22.2131
G0 F4200 X118.495 Y83.140
G1 F600 X117.754 Y82.399 E22.2567
G0 F4200 X117.188 Y82.399
G1 F600 X118.108 Y83.318 E22.3108
G0 F4200 X117.562 Y83.338
G1 F600 X116.623 Y82.399 E22.3660
G0 F4200 X116.342 Y82.684
G1 F600 X116.997 Y83.338 E22.4044
G0 F4200 X116.431 Y83.338
G1 F600 X116.342 Y83.249 E22.4097
G1 F3000 E17.4097
G1 F900 Z0.500
G0 F4200 X123.781 Y90.287
;TYPE:WALL-INNER
;WIDTH:0.400
G1 F900 Z0.200
G1 F1500 E22.4097
G1 F600 X123.696 Y90.158 E22.4161
G1 X123.664 Y89.980 E22.4236
G1 X123.663 Y75.758 E23.0149
G1 X123.695 Y75.582 E23.0223
G1 X123.780 Y75.452 E23.0288
G1 X123.843 Y75.401 E23.0322
G1 X123.985 Y75.341 E23.0386
G1 X124.140 Y75.341 E23.0450
G1 X124.283 Y75.402 E23.0515
G1 X124.391 Y75.507 E23.0577
G1 X124.451 Y75.653 E23.0643
G1 X124.462 Y75.759 E23.0687
G1 X124.463 Y82.319 E23.3415
G1 X126.082 Y82.319 E23.4088
G1 X127.145 Y82.805 E23.4574
G1 X127.145 Y82.933 E23.4627
G1 X126.082 Y83.419 E23.5113
G1 X124.463 Y83.419 E23.5786
G1 X124.463 Y89.976 E23.8512
G1 X124.430 Y90.157 E23.8589
G1 X124.345 Y90.285 E23.8652
G1 X124.245 Y90.352 E23.8703
G0 F600 X124.214 Y90.373
G0 F600 X124.063 Y90.403
G0 F600 X123.911 Y90.373
G0 F600 X123.781 Y90.287
G1 F3000 E18.8703
G0 F4200 X123.497 Y90.571
;TYPE:WALL-OUTER
;WIDTH:0.400
G1 F900 Z0.200
G1 F1500 E23.8703
G1 F600 X123.400 Y90.453 E23.8766
G1 X123.325 Y90.312 E23.8832
G1 X123.280 Y90.165 E23.8896
G1 X123.264 Y89.999 E23.8966
G1 X123.263 Y75.740 E24.4894
G1 X123.278 Y75.578 E24.4962
G1 X123.324 Y75.428 E24.5027
G1 X123.397 Y75.290 E24.5092
G1 X123.495 Y75.169 E24.5156
G1 X123.619 Y75.067 E24.5223
G1 X123.757 Y74.993 E24.5288
G1 X123.906 Y74.947 E24.5353
G1 X124.063 Y74.932 E24.5419
G1 X124.219 Y74.947 E24.5484
G1 X124.368 Y74.993 E24.5549
G1 X124.506 Y75.067 E24.5614
G1 X124.628 Y75.166 E24.5679
G1 X124.725 Y75.284 E24.5743
G1 X124.799 Y75.423 E24.5808
G1 X124.845 Y75.573 E24.5873
G1 X124.862 Y75.738 E24.5942
G1 X124.863 Y81.919 E24.8512
G1 X126.169 Y81.919 E24.9055
G1 X127.566 Y82.558 E24.9694
G1 X127.703 Y82.716 E24.9781
G1 X127.733 Y82.868 E24.9845
G1 X127.706 Y83.010 E24.9905
G1 X127.621 Y83.138 E24.9969
G1 X127.575 Y83.176 E24.9994
G1 X126.169 Y83.819 E25.0637
G1 X124.863 Y83.819 E25.1180
G1 X124.863 Y89.996 E25.3748
G1 X124.847 Y90.159 E25.3816
G1 X124.801 Y90.310 E25.3881
G1 X124.728 Y90.448 E25.3946
G1 X124.630 Y90.568 E25.4011
G1 X124.506 Y90.671 E25.4078
G1 X124.368 Y90.744 E25.4143
G1 X124.219 Y90.790 E25.4207
G1 X124.063 Y90.805 E25.4273
G1 X123.938 Y90.793 E25.4325
G0 F600 X123.906 Y90.790
G0 F600 X123.757 Y90.744
G0 F600 X123.619 Y90.671
G0 F600 X123.497 Y90.571
G1 F3000 E20.4325
G0 F4200 X124.249 Y90.026
;TYPE:SOLID-FILL
;WIDTH:0.400
G1 F900 Z0.200
G1 F1500 E25.4325
G1 F600 X124.061 Y89.555 E25.4552
G1 X124.061 Y88.989 E25.4787
G1 X124.061 Y88.423 E25.5021
G1 X124.061 Y87.858 E25.5255
G1 X124.061 Y87.292 E25.5489
G1 X124.061 Y86.726 E25.5723
G1 X124.061 Y86.161 E25.5958
G1 X124.061 Y85.595 E25.6192
G1 X124.061 Y85.029 E25.6426
G1 X124.061 Y84.464 E25.6660
G1 X124.061 Y83.898 E25.6894
G1 X124.061 Y83.332 E25.7129
G1 X123.861 Y82.849 E25.7346
G0 F4200 X123.861 Y82.283
G1 F600 X124.462 Y82.884 E25.7699
G1 F3000 E20.7699
G1 F900 Z0.500
G0 F4200 X124.261 Y82.118
G1 F900 Z0.200
G1 F1500 E25.7699
G1 F600 X124.061 Y81.635 E25.7934
G1 X124.061 Y81.069 E25.8169
G1 X124.061 Y80.503 E25.8404
G1 X124.061 Y79.938 E25.8639
G1 X124.061 Y79.372 E25.8874
G1 X124.061 Y78.806 E25.9109
G1 X124.061 Y78.241 E25.9344
G1 X124.061 Y77.675 E25.9579
G1 X124.061 Y77.109 E25.9813
G1 X124.061 Y76.544 E26.0048
G1 X124.061 Y75.978 E26.0283
G1 X123.942 Y75.576 E26.0457
G1 F3000 E21.0457
G1 F900 Z0.500
G0 F4200 X124.341 Y82.764
;TYPE:SOLID-FILL
;WIDTH:0.400
G1 F900 Z0.200
G1 F1500 E26.0457
G1 F600 X124.916 Y83.338 E26.0795
G0 F4200 X125.482 Y83.338
G1 F600 X124.542 Y82.399 E26.1347
G0 F4200 X125.108 Y82.399
G1 F600 X126.048 Y83.338 E26.1900
G0 F4200 X126.440 Y83.165
G1 F600 X125.674 Y82.399 E26.2350
G1 F3000 E21.2350
G1 F900 Z0.500
G0 F4200 X126.389 Y82.549
G1 F900 Z0.200
G1 F1500 E26.2350
G1 F600 X126.642 Y82.801 E26.2499
G1 F3000 E21.2499
G1 F900 Z0.500
G0 F4200 X131.781 Y90.287
;TYPE:WALL-INNER
;WIDTH:0.400
G1 F900 Z0.200
G1 F1500 E26.2499
G1 F600 X131.696 Y90.158 E26.2563
G1 X131.664 Y89.980 E26.2638
G1 X131.663 Y75.758 E26.8551
G1 X131.695 Y75.582 E26.8625
G1 X131.780 Y75.452 E26.8690
G1 X131.843 Y75.401 E26.8724
G1 X131.985 Y75.341 E26.8788
G1 X132.140 Y75.341 E26.8852
G1 X132.283 Y75.402 E26.8917
G1 X132.391 Y75.507 E26.8979
G1 X132.451 Y75.653 E26.9045
G1 X132.462 Y75.759 E26.9089
G1 X132.463 Y82.319 E27.1817
G1 X134.082 Y82.319 E27.2490
G1 X135.145 Y82.805 E27.2976
G1 X135.145 Y82.933 E27.3029
G1 X134.082 Y83.419 E27.3515
G1 X132.463 Y83.419 E27.4188
G1 X132.463 Y89.976 E27.6914
G1 X132.430 Y90.157 E27.6990
G1 X132.345 Y90.285 E27.7054
G1 X132.245 Y90.352 E27.7104
G0 F600 X132.214 Y90.373
G0 F600 X132.063 Y90.403
G0 F600 X131.911 Y90.373
G0 F600 X131.781 Y90.287
G1 F3000 E22.7104
G0 F4200 X131.497 Y90.571
;TYPE:WALL-OUTER
;WIDTH:0.400
G1 F900 Z0.200
G1 F1500 E27.7104
G1 F600 X131.400 Y90.453 E27.7168
G1 X131.325 Y90.312 E27.7234
G1 X131.280 Y90.165 E27.7298
G1 X131.264 Y89.999 E27.7368
G1 X131.263 Y75.740 E28.3296
G1 X131.278 Y75.578 E28.3363
G1 X131.324 Y75.428 E28.3429
G1 X131.397 Y75.290 E28.3494
G1 X131.495 Y75.169 E28.3558
G1 X131.619 Y75.067 E28.3625
G1 X131.757 Y74.993 E28.3690
G1 X131.906 Y74.947 E28.3755
G1 X132.063 Y74.932 E28.3821
G1 X132.219 Y74.947 E28.3886
G1 X132.368 Y74.993 E28.3951
G1 X132.506 Y75.067 E28.4016
G1 X132.628 Y75.166 E28.4081
G1 X132.725 Y75.284 E28.4144
G1 X132.799 Y75.423 E28.4210
G1 X132.845 Y75.573 E28.4275
G1 X132.862 Y75.738 E28.4344
G1 X132.863 Y81.919 E28.6914
G1 X134.169 Y81.919 E28.7457
G1 X135.566 Y82.558 E28.8096
G1 X135.703 Y82.716 E28.8182
G1 X135.733 Y82.868 E28.8247
G1 X135.706 Y83.010 E28.8307
G1 X135.621 Y83.138 E28.8371
G1 X135.575 Y83.176 E28.8396
G1 X134.169 Y83.819 E28.9038
G1 X132.863 Y83.819 E28.9581
G1 X132.863 Y89.996 E29.2149
G1 X132.847 Y90.159 E29.2218
G1 X132.801 Y90.310 E29.2283
G1 X132.728 Y90.448 E29.2348
G1 X132.630 Y90.568 E29.2413
G1 X132.506 Y90.671 E29.2480
G1 X132.368 Y90.744 E29.2544
G1 X132.219 Y90.790 E29.2609
G1 X132.063 Y90.805 E29.2674
G1 X131.938 Y90.793 E29.2727
G0 F600 X131.906 Y90.790
G0 F600 X131.757 Y90.744
G0 F600 X131.619 Y90.671
G0 F600 X131.497 Y90.571
G1 F3000 E24.2727
G0 F4200 X132.233 Y90.089
;TYPE:SOLID-FILL
;WIDTH:0.400
G1 F900 Z0.200
G1 F1500 E29.2727
G1 F600 X132.062 Y89.635 E29.2944
G1 X132.062 Y89.070 E29.3178
G1 X132.062 Y88.504 E29.3413
G1 X132.062 Y87.938 E29.3647
G1 X132.062 Y87.373 E29.3881
G1 X132.062 Y86.807 E29.4116
G1 X132.062 Y86.241 E29.4350
G1 X132.062 Y85.676 E29.4585
G1 X132.062 Y85.110 E29.4819
G1 X132.062 Y84.544 E29.5054
G1 X132.062 Y83.979 E29.5288
G1 X132.062 Y83.413 E29.5523
G1 X131.862 Y82.930 E29.5740
G0 F4200 X131.861 Y82.364
G1 F600 X132.462 Y82.964 E29.6094
G1 F3000 E24.6094
G1 F900 Z0.500
G0 F4200 X132.262 Y82.199
G1 F900 Z0.200
G1 F1500 E29.6094
G1 F600 X132.061 Y81.715 E29.6329
G1 X132.061 Y81.150 E29.6564
G1 X132.061 Y80.584 E29.6799
G1 X132.061 Y80.018 E29.7034
G1 X132.061 Y79.453 E29.7269
G1 X132.061 Y78.887 E29.7505
G1 X132.061 Y78.321 E29.7739
G1 X132.061 Y77.755 E29.7973
G1 X132.061 Y77.190 E29.8208
G1 X132.061 Y76.624 E29.8443
G1 X132.061 Y76.058 E29.8677
G1 X131.906 Y75.620 E29.8870
G1 F3000 E24.8870
G1 F900 Z0.500
G0 F4200 X132.342 Y82.844
;TYPE:SOLID-FILL
;WIDTH:0.400
G1 F900 Z0.200
G1 F1500 E29.8870
G1 F600 X132.836 Y83.338 E29.9161
G0 F4200 X133.402 Y83.338
G1 F600 X132.462 Y82.399 E29.9713
G0 F4200 X133.027 Y82.399
G1 F600 X133.967 Y83.338 E30.0266
G0 F4200 X134.385 Y83.191
G1 F600 X133.593 Y82.399 E30.0731
G1 F3000 E25.0731
G1 F900 Z0.500
G0 F4200 X134.240 Y82.480
G1 F900 Z0.200
G1 F1500 E30.0731
G1 F600 X134.642 Y82.882 E30.0968
;LAYER:1
;Z:0.400
;HEIGHT:0.200
M106 S255
G4 P500
M106 S128
M140 S0
G1 F3000 E25.0968
G0 F900 Z0.400
G0 F4200 X131.782 Y90.287
;TYPE:WALL-INNER
;WIDTH:0.400
G1 F900 Z0.400
G1 F1500 E30.0968
G1 F1650 X131.696 Y90.156 E30.1020
G1 X131.664 Y89.982 E30.1079
G1 X131.663 Y75.760 E30.5809
G1 X131.695 Y75.583 E30.5869
G1 X131.787 Y75.446 E30.5924
G1 X131.912 Y75.364 E30.5973
G1 X131.985 Y75.341 E30.5999
G1 X132.140 Y75.341 E30.6050
G1 X132.283 Y75.402 E30.6102
G1 X132.387 Y75.504 E30.6151
G1 X132.450 Y75.653 E30.6204
G1 X132.462 Y75.756 E30.6239
G1 X132.463 Y82.319 E30.8422
G1 X134.082 Y82.319 E30.8960
G1 X135.145 Y82.805 E30.9349
G1 X135.145 Y82.932 E30.9391
G1 X134.082 Y83.419 E30.9780
G1 X132.463 Y83.419 E31.0319
G1 X132.463 Y89.976 E31.2499
G1 X132.429 Y90.156 E31.2560
G1 X132.347 Y90.283 E31.2611
G1 X132.245 Y90.352 E31.2652
G0 F1650 X132.214 Y90.373
G0 F1650 X132.063 Y90.403
G0 F1650 X131.911 Y90.373
G0 F1650 X131.782 Y90.287
G1 F3000 E26.2652
G0 F4200 X131.497 Y90.571
;TYPE:WALL-OUTER
;WIDTH:0.400
G1 F900 Z0.400
G1 F1500 E31.2652
G1 F1650 X131.404 Y90.457 E31.2700
G1 X131.325 Y90.311 E31.2756
G1 X131.282 Y90.170 E31.2805
G1 X131.264 Y90.004 E31.2860
G1 X131.263 Y75.741 E31.7604
G1 X131.278 Y75.583 E31.7657
G1 X131.322 Y75.433 E31.7709
G1 X131.394 Y75.294 E31.7761
G1 X131.503 Y75.161 E31.7818
G1 X131.619 Y75.067 E31.7868
G1 X131.757 Y74.993 E31.7920
G1 X131.906 Y74.947 E31.7972
G1 X132.063 Y74.932 E31.8024
G1 X132.219 Y74.947 E31.8076
G1 X132.368 Y74.993 E31.8128
G1 X132.506 Y75.067 E31.8180
G1 X132.628 Y75.166 E31.8233
G1 X132.721 Y75.281 E31.8282
G1 X132.796 Y75.419 E31.8334
G1 X132.843 Y75.569 E31.8386
G1 X132.862 Y75.733 E31.8441
G1 X132.863 Y81.919 E32.0499
G1 X134.169 Y81.919 E32.0933
G1 X135.566 Y82.558 E32.1444
G1 X135.701 Y82.714 E32.1513
G1 X135.733 Y82.865 E32.1564
G1 X135.681 Y83.064 E32.1632
G1 X135.565 Y83.180 E32.1687
G1 X134.169 Y83.819 E32.2198
G1 X132.863 Y83.819 E32.2632
G1 X132.863 Y89.996 E32.4686
G1 X132.847 Y90.153 E32.4739
G1 X132.802 Y90.305 E32.4792
G1 X132.731 Y90.444 E32.4844
G1 X132.633 Y90.565 E32.4895
G1 X132.506 Y90.671 E32.4950
G1 X132.368 Y90.744 E32.5002
G1 X132.219 Y90.790 E32.5054
G1 X132.063 Y90.805 E32.5106
G1 X131.938 Y90.793 E32.5148
G0 F1650 X131.906 Y90.790
G0 F1650 X131.757 Y90.744
G0 F1650 X131.619 Y90.671
G0 F1650 X131.497 Y90.571
G1 F3000 E27.5148
G0 F4200 X131.911 Y90.120
;TYPE:SOLID-FILL
;WIDTH:0.400
G1 F900 Z0.400
G1 F1500 E32.5148
G1 F1800 X132.062 Y89.685 E32.5313
G1 X132.062 Y89.119 E32.5500
G1 X132.062 Y88.554 E32.5688
G1 X132.062 Y87.988 E32.5875
G1 X132.062 Y87.422 E32.6062
G1 X132.062 Y86.857 E32.6250
G1 X132.062 Y86.291 E32.6437
G1 X132.062 Y85.725 E32.6625
G1 X132.062 Y85.159 E32.6812
G1 X132.062 Y84.594 E32.6999
G1 X132.062 Y84.028 E32.7186
G1 X132.262 Y83.546 E32.7360
G0 F4200 X131.863 Y83.379
G1 F1800 X132.462 Y82.780 E32.7641
G0 F4200 X132.261 Y82.416
G1 F1800 X131.863 Y82.531 E32.7828
G1 X132.062 Y81.766 E32.8015
G1 X132.062 Y81.200 E32.8202
G1 X132.062 Y80.635 E32.8388
G1 X132.062 Y80.069 E32.8575
G1 X132.062 Y79.503 E32.8762
G1 X132.061 Y78.938 E32.8948
G1 X132.061 Y78.372 E32.9135
G1 X132.061 Y77.807 E32.9321
G1 X132.061 Y77.241 E32.9508
G1 X132.061 Y76.675 E32.9695
G1 X132.061 Y76.109 E32.9881
G1 X132.233 Y75.656 E33.0042
G1 F3000 E28.0042
G1 F900 Z0.700
G0 F4200 X132.927 Y82.598
;TYPE:SOLID-FILL
;WIDTH:0.400
G1 F900 Z0.400
G1 F1500 E33.0042
G1 F1650 X132.542 Y82.983 E33.0224
G1 X132.542 Y83.139 E33.0275
G1 X132.952 Y83.139 E33.0412
G1 X133.140 Y82.951 E33.0500
G0 F1650 X133.493 Y82.598
G0 F4200 X134.019 Y82.598
G1 F1650 X134.046 Y82.610 E33.0510
G1 X133.518 Y83.139 E33.0759
G1 X134.019 Y83.138 E33.0925
G1 X134.065 Y83.117 E33.0942
G0 F1650 X134.138 Y83.085
G0 F1650 X134.435 Y82.788
G1 F3000 E28.0942
G1 F900 Z0.700
G0 F4200 X133.975 Y82.399
;TYPE:SOLID-FILL
;WIDTH:0.400
G1 F900 Z0.400
G1 F1500 E33.0942
G1 F1800 X133.656 Y82.434 E33.0975
G1 X133.097 Y82.428 E33.1002
G1 X132.785 Y82.457 E33.1106
G1 F3000 E28.1106
G1 F900 Z0.700
G0 F4200 X123.782 Y90.287
;TYPE:WALL-INNER
;WIDTH:0.400
G1 F900 Z0.400
G1 F1500 E33.1106
G1 F1650 X123.696 Y90.156 E33.1158
G1 X123.664 Y89.982 E33.1217
G1 X123.663 Y75.760 E33.5947
G1 X123.695 Y75.583 E33.6007
G1 X123.787 Y75.446 E33.6062
G1 X123.912 Y75.364 E33.6112
G1 X123.985 Y75.341 E33.6137
G1 X124.140 Y75.341 E33.6189
G1 X124.283 Y75.402 E33.6240
G1 X124.387 Y75.504 E33.6289
G1 X124.450 Y75.653 E33.6343
G1 X124.462 Y75.756 E33.6377
G1 X124.463 Y82.319 E33.8560
G1 X126.082 Y82.319 E33.9099
G1 X127.145 Y82.805 E33.9487
G1 X127.145 Y82.932 E33.9530
G1 X126.082 Y83.419 E33.9918
G1 X124.463 Y83.419 E34.0457
G1 X124.463 Y89.976 E34.2638
G1 X124.429 Y90.156 E34.2699
G1 X124.347 Y90.283 E34.2749
G1 X124.245 Y90.352 E34.2790
G0 F1650 X124.214 Y90.373
G0 F1650 X124.063 Y90.403
G0 F1650 X123.911 Y90.373
G0 F1650 X123.782 Y90.287
G1 F3000 E29.2790
G0 F4200 X123.497 Y90.571
;TYPE:WALL-OUTER
;WIDTH:0.400
G1 F900 Z0.400
G1 F1500 E34.2790
G1 F1650 X123.404 Y90.457 E34.2839
G1 X123.325 Y90.311 E34.2894
G1 X123.282 Y90.170 E34.2943
G1 X123.264 Y90.004 E34.2999
G1 X123.263 Y75.741 E34.7743
G1 X123.278 Y75.583 E34.7795
G1 X123.322 Y75.433 E34.7847
G1 X123.394 Y75.294 E34.7899
G1 X123.503 Y75.161 E34.7957
G1 X123.619 Y75.067 E34.8006
G1 X123.757 Y74.993 E34.8058
G1 X123.906 Y74.947 E34.8110
G1 X124.063 Y74.932 E34.8163
G1 X124.219 Y74.947 E34.8215
G1 X124.368 Y74.993 E34.8267
G1 X124.506 Y75.067 E34.8319
G1 X124.628 Y75.166 E34.8371
G1 X124.721 Y75.281 E34.8420
G1 X124.796 Y75.419 E34.8472
G1 X124.843 Y75.569 E34.8525
G1 X124.862 Y75.733 E34.8580
G1 X124.863 Y81.919 E35.0637
G1 X126.169 Y81.919 E35.1071
G1 X127.566 Y82.558 E35.1582
G1 X127.701 Y82.714 E35.1651
G1 X127.733 Y82.865 E35.1702
G1 X127.681 Y83.064 E35.1771
G1 X127.565 Y83.180 E35.1825
G1 X126.169 Y83.819 E35.2336
G1 X124.863 Y83.819 E35.2770
G1 X124.863 Y89.996 E35.4825
G1 X124.847 Y90.153 E35.4877
G1 X124.802 Y90.305 E35.4930
G1 X124.731 Y90.444 E35.4982
G1 X124.633 Y90.565 E35.5034
G1 X124.506 Y90.671 E35.5089
G1 X124.368 Y90.744 E35.5141
G1 X124.219 Y90.790 E35.5193
G1 X124.063 Y90.805 E35.5245
G1 X123.938 Y90.793 E35.5286
G0 F1650 X123.906 Y90.790
G0 F1650 X123.757 Y90.744
G0 F1650 X123.619 Y90.671
G0 F1650 X123.497 Y90.571
G1 F3000 E30.5286
G0 F4200 X123.950 Y90.161
;TYPE:SOLID-FILL
;WIDTH:0.400
G1 F900 Z0.400
G1 F1500 E35.5286
G1 F1800 X124.062 Y89.766 E35.5433
G1 X124.062 Y89.200 E35.5620
G1 X124.062 Y88.634 E35.5807
G1 X124.062 Y88.069 E35.5994
G1 X124.062 Y87.503 E35.6180
G1 X124.062 Y86.937 E35.6367
G1 X124.062 Y86.371 E35.6554
G1 X124.062 Y85.806 E35.6741
G1 X124.062 Y85.240 E35.6927
G1 X124.062 Y84.674 E35.7114
G1 X124.062 Y84.109 E35.7301
G1 X124.261 Y83.627 E35.7474
G0 F4200 X123.863 Y83.460
G1 F1800 X124.462 Y82.861 E35.7756
G0 F4200 X124.261 Y82.496
G1 F1800 X123.863 Y82.611 E35.7943
G1 X124.062 Y81.847 E35.8129
G1 X124.062 Y81.281 E35.8316
G1 X124.062 Y80.715 E35.8503
G1 X124.062 Y80.149 E35.8690
G1 X124.062 Y79.584 E35.8876
G1 X124.062 Y79.018 E35.9063
G1 X124.062 Y78.452 E35.9250
G1 X124.062 Y77.887 E35.9436
G1 X124.062 Y77.321 E35.9623
G1 X124.062 Y76.755 E35.9810
G1 X124.062 Y76.190 E35.9997
G1 X124.254 Y75.715 E36.0167
G1 F3000 E31.0167
G1 F900 Z0.700
G0 F4200 X125.007 Y82.598
;TYPE:SOLID-FILL
;WIDTH:0.400
G1 F900 Z0.400
G1 F1500 E36.0167
G1 F1650 X124.542 Y83.063 E36.0386
G1 X124.542 Y83.138 E36.0411
G1 X125.033 Y83.138 E36.0574
G1 X125.220 Y82.951 E36.0662
G0 F1650 X125.573 Y82.598
G0 F4200 X126.019 Y82.598
G1 F1650 X126.101 Y82.636 E36.0692
G1 X125.599 Y83.138 E36.0928
G1 X126.019 Y83.138 E36.1068
G1 X126.031 Y83.132 E36.1072
G0 F1650 X126.286 Y83.017
G0 F1650 X126.442 Y82.861
G1 F3000 E31.1072
G1 F900 Z0.700
G0 F4200 X126.055 Y82.399
;TYPE:SOLID-FILL
;WIDTH:0.400
G1 F900 Z0.400
G1 F1500 E36.1072
G1 F1800 X125.724 Y82.447 E36.1117
G1 X125.177 Y82.428 E36.1144
G1 X124.865 Y82.457 E36.1248
G1 F3000 E31.1248
G1 F900 Z0.700
G0 F4200 X115.911 Y90.373
;TYPE:WALL-INNER
;WIDTH:0.400
G1 F900 Z0.400
G1 F1500 E36.1248
G1 F1650 X115.782 Y90.287 E36.1300
G1 X115.696 Y90.156 E36.1352
G1 X115.664 Y89.982 E36.1411
G1 X115.663 Y75.760 E36.6141
G1 X115.695 Y75.583 E36.6201
G1 X115.787 Y75.446 E36.6256
G1 X115.912 Y75.364 E36.6305
G1 X115.985 Y75.341 E36.6331
G1 X116.140 Y75.341 E36.6382
G1 X116.283 Y75.402 E36.6434
G1 X116.387 Y75.504 E36.6482
G1 X116.450 Y75.653 E36.6536
G1 X116.462 Y75.756 E36.6571
G1 X116.463 Y82.319 E36.8754
G1 X118.082 Y82.319 E36.9292
G1 X119.145 Y82.805 E36.9681
G1 X119.145 Y82.932 E36.9723
G1 X118.082 Y83.419 E37.0112
G1 X116.463 Y83.419 E37.0650
G1 X116.463 Y89.976 E37.2831
G1 X116.429 Y90.156 E37.2892
G1 X116.364 Y90.256 E37.2932
G0 F1650 X116.347 Y90.283
G0 F1650 X116.214 Y90.373
G0 F1650 X116.063 Y90.403
G0 F1650 X115.911 Y90.373
G1 F3000 E32.2932
G0 F4200 X115.757 Y90.744
;TYPE:WALL-OUTER
;WIDTH:0.400
G1 F900 Z0.400
G1 F1500 E37.2932
G1 F1650 X115.619 Y90.671 E37.2984
G1 X115.497 Y90.571 E37.3036
G1 X115.404 Y90.457 E37.3085
G1 X115.325 Y90.311 E37.3140
G1 X115.282 Y90.170 E37.3189
G1 X115.264 Y90.004 E37.3245
G1 X115.263 Y75.741 E37.7989
G1 X115.278 Y75.583 E37.8042
G1 X115.322 Y75.433 E37.8094
G1 X115.394 Y75.294 E37.8146
G1 X115.503 Y75.161 E37.8203
G1 X115.619 Y75.067 E37.8253
G1 X115.757 Y74.993 E37.8305
G1 X115.906 Y74.947 E37.8357
G1 X116.063 Y74.932 E37.8409
G1 X116.219 Y74.947 E37.8461
G1 X116.368 Y74.993 E37.8513
G1 X116.506 Y75.067 E37.8565
G1 X116.628 Y75.166 E37.8617
G1 X116.721 Y75.281 E37.8667
G1 X116.796 Y75.419 E37.8719
G1 X116.843 Y75.569 E37.8771
G1 X116.862 Y75.733 E37.8826
G1 X116.863 Y81.919 E38.0883
G1 X118.169 Y81.919 E38.1318
G1 X119.566 Y82.558 E38.1829
G1 X119.701 Y82.714 E38.1897
G1 X119.733 Y82.865 E38.1949
G1 X119.681 Y83.064 E38.2017
G1 X119.565 Y83.180 E38.2072
G1 X118.169 Y83.819 E38.2582
G1 X116.863 Y83.819 E38.3017
G1 X116.863 Y89.996 E38.5071
G1 X116.847 Y90.153 E38.5124
G1 X116.802 Y90.305 E38.5176
G1 X116.731 Y90.444 E38.5228
G1 X116.633 Y90.565 E38.5280
G1 X116.506 Y90.671 E38.5335
G1 X116.368 Y90.744 E38.5387
G1 X116.249 Y90.781 E38.5429
G0 F1650 X116.219 Y90.790
G0 F1650 X116.063 Y90.805
G0 F1650 X115.906 Y90.790
G0 F1650 X115.757 Y90.744
G1 F3000 E33.5429
G0 F4200 X116.003 Y90.188
;TYPE:SOLID-FILL
;WIDTH:0.400
G1 F900 Z0.400
G1 F1500 E38.5429
G1 F1800 X116.062 Y89.846 E38.5550
G1 X116.062 Y89.280 E38.5737
G1 X116.062 Y88.715 E38.5925
G1 X116.062 Y88.149 E38.6113
G1 X116.062 Y87.583 E38.6300
G1 X116.062 Y87.018 E38.6487
G1 X116.062 Y86.452 E38.6675
G1 X116.062 Y85.886 E38.6862
G1 X116.062 Y85.321 E38.7050
G1 X116.062 Y84.755 E38.7238
G1 X116.062 Y84.189 E38.7425
G1 X116.262 Y83.707 E38.7599
G0 F4200 X115.862 Y83.541
G1 F1800 X116.462 Y82.941 E38.7881
G0 F4200 X116.319 Y82.518
G1 F1800 X115.862 Y82.692 E38.8096
G1 X116.061 Y81.927 E38.8283
G1 X116.061 Y81.361 E38.8471
G1 X116.061 Y80.795 E38.8658
G1 X116.061 Y80.230 E38.8845
G1 X116.061 Y79.664 E38.9033
G1 X116.061 Y79.098 E38.9220
G1 X116.061 Y78.532 E38.9407
G1 X116.061 Y77.967 E38.9594
G1 X116.061 Y77.401 E38.9781
G1 X116.061 Y76.835 E38.9969
G1 X116.061 Y76.270 E39.0156
G1 X116.261 Y75.788 E39.0329
G1 F3000 E34.0329
G1 F900 Z0.700
G0 F4200 X117.088 Y82.598
;TYPE:SOLID-FILL
;WIDTH:0.400
G1 F900 Z0.400
G1 F1500 E39.0329
G1 F1650 X116.548 Y83.138 E39.0583
G1 X117.113 Y83.138 E39.0771
G1 X117.300 Y82.951 E39.0859
G0 F1650 X117.654 Y82.598
G0 F4200 X118.019 Y82.599
G1 F1650 X118.156 Y82.661 E39.0909
G1 X117.679 Y83.138 E39.1134
G1 X117.974 Y83.138 E39.1232
G0 F1650 X118.018 Y83.138
G0 F1650 X118.434 Y82.949
G1 F3000 E34.1232
G1 F900 Z0.700
G0 F4200 X118.014 Y82.520
;TYPE:SOLID-FILL
;WIDTH:0.400
G1 F900 Z0.400
G1 F1500 E39.1232
G1 F1800 X117.827 Y82.424 E39.1264
G1 X117.259 Y82.427 E39.1291
G1 X116.692 Y82.427 E39.1319
G1 X116.342 Y82.496 E39.1437
G1 F3000 E34.1437
G1 F900 Z0.700
G0 F4200 X107.911 Y90.373
;TYPE:WALL-INNER
;WIDTH:0.400
G1 F900 Z0.400
G1 F1500 E39.1437
G1 F1650 X107.782 Y90.287 E39.1489
G1 X107.696 Y90.156 E39.1541
G1 X107.664 Y89.982 E39.1600
G1 X107.663 Y75.760 E39.6330
G1 X107.695 Y75.583 E39.6390
G1 X107.787 Y75.446 E39.6445
G1 X107.912 Y75.364 E39.6494
G1 X107.985 Y75.341 E39.6520
G1 X108.140 Y75.341 E39.6571
G1 X108.283 Y75.402 E39.6623
G1 X108.387 Y75.504 E39.6672
G1 X108.450 Y75.653 E39.6725
G1 X108.462 Y75.756 E39.6760
G1 X108.463 Y82.319 E39.8943
G1 X110.082 Y82.319 E39.9481
G1 X111.145 Y82.805 E39.9870
G1 X111.145 Y82.932 E39.9912
G1 X110.082 Y83.419 E40.0301
G1 X108.463 Y83.419 E40.0840
G1 X108.463 Y89.976 E40.3020
G1 X108.429 Y90.156 E40.3081
G1 X108.364 Y90.256 E40.3121
G0 F1650 X108.347 Y90.283
G0 F1650 X108.214 Y90.373
G0 F1650 X108.063 Y90.403
G0 F1650 X107.911 Y90.373
G1 F3000 E35.3121
G0 F4200 X107.757 Y90.744
;TYPE:WALL-OUTER
;WIDTH:0.400
G1 F900 Z0.400
G1 F1500 E40.3121
G1 F1650 X107.619 Y90.671 E40.3173
G1 X107.497 Y90.571 E40.3225
G1 X107.404 Y90.457 E40.3274
G1 X107.325 Y90.311 E40.3330
G1 X107.282 Y90.170 E40.3379
G1 X107.264 Y90.004 E40.3434
G1 X107.263 Y75.741 E40.8178
G1 X107.278 Y75.583 E40.8231
G1 X107.322 Y75.433 E40.8283
G1 X107.394 Y75.294 E40.8335
G1 X107.503 Y75.161 E40.8392
G1 X107.619 Y75.067 E40.8442
G1 X107.757 Y74.993 E40.8494
G1 X107.906 Y74.947 E40.8546
G1 X108.063 Y74.932 E40.8598
G1 X108.219 Y74.947 E40.8650
G1 X108.368 Y74.993 E40.8702
G1 X108.506 Y75.067 E40.8754
G1 X108.628 Y75.166 E40.8806
G1 X108.721 Y75.281 E40.8856
G1 X108.796 Y75.419 E40.8908
G1 X108.843 Y75.569 E40.8960
G1 X108.862 Y75.733 E40.9015
G1 X108.863 Y81.919 E41.1073
G1 X110.169 Y81.919 E41.1507
G1 X111.566 Y82.558 E41.2018
G1 X111.701 Y82.714 E41.2086
G1 X111.733 Y82.865 E41.2138
G1 X111.681 Y83.064 E41.2206
G1 X111.565 Y83.180 E41.2261
G1 X110.169 Y83.819 E41.2771
G1 X108.863 Y83.819 E41.3206
G1 X108.863 Y89.996 E41.5260
G1 X108.847 Y90.153 E41.5313
G1 X108.802 Y90.305 E41.5366
G1 X108.731 Y90.444 E41.5417
G1 X108.633 Y90.565 E41.5469
G1 X108.506 Y90.671 E41.5524
G1 X108.368 Y90.744 E41.5576
G1 X108.249 Y90.781 E41.5618
G0 F1650 X108.219 Y90.790
G0 F1650 X108.063 Y90.805
G0 F1650 X107.906 Y90.790
G0 F1650 X107.757 Y90.744
G1 F3000 E36.5618
G0 F4200 X108.076 Y90.196
;TYPE:SOLID-FILL
;WIDTH:0.400
G1 F900 Z0.400
G1 F1500 E41.5618
G1 F1800 X108.055 Y89.933 E41.5699
G1 X108.062 Y89.360 E41.5886
G1 X108.062 Y88.795 E41.6073
G1 X108.062 Y88.229 E41.6260
G1 X108.062 Y87.663 E41.6447
G1 X108.062 Y87.098 E41.6634
G1 X108.062 Y86.532 E41.6822
G1 X108.062 Y85.966 E41.7009
G1 X108.062 Y85.401 E41.7196
G1 X108.062 Y84.835 E41.7384
G1 X108.062 Y84.269 E41.7571
G1 X108.062 Y83.704 E41.7759
G1 X108.263 Y83.220 E41.7946
G1 X108.431 Y82.770 E41.8038
G1 X107.862 Y82.772 E41.8290
G1 X108.061 Y82.007 E41.8478
G1 X108.061 Y81.441 E41.8665
G1 X108.061 Y80.876 E41.8852
G1 X108.061 Y80.310 E41.9039
G1 X108.061 Y79.744 E41.9227
G1 X108.061 Y79.179 E41.9414
G1 X108.061 Y78.613 E41.9601
G1 X108.061 Y78.047 E41.9788
G1 X108.061 Y77.482 E41.9975
G1 X108.061 Y76.916 E42.0162
G1 X108.061 Y76.350 E42.0350
G1 X108.142 Y75.704 E42.0537
G1 X107.879 Y75.685 E42.0624
G1 F3000 E37.0624
G1 F900 Z0.700
G0 F4200 X108.542 Y82.659
;TYPE:SOLID-FILL
;WIDTH:0.400
G1 F900 Z0.400
G1 F1500 E42.0624
G1 F1650 X108.603 Y82.598 E42.0653
G1 X109.168 Y82.598 E42.0841
G1 X108.627 Y83.139 E42.1095
G1 X109.193 Y83.139 E42.1284
G1 X109.381 Y82.951 E42.1372
G0 F1650 X109.734 Y82.598
G0 F4200 X109.759 Y83.139
G1 F1650 X110.008 Y82.890 E42.1489
G0 F1650 X110.212 Y82.686
G0 F1650 X110.019 Y82.599
G1 F3000 E37.1489
G1 F900 Z0.700
G0 F4200 X109.900 Y83.280
;TYPE:SOLID-FILL
;WIDTH:0.400
G1 F900 Z0.400
G1 F1500 E42.1489
G1 F1800 X109.842 Y83.338 E42.1516
G1 F3000 E37.1516
G1 F900 Z0.700
G0 F4200 X102.034 Y83.269
;TYPE:WALL-INNER
;WIDTH:0.400
G1 F900 Z0.400
G1 F1500 E42.1516
G1 F1650 X90.092 Y83.269 E42.5488
G1 X89.912 Y83.236 E42.5549
G1 X89.782 Y83.150 E42.5601
G1 X89.699 Y83.024 E42.5651
G1 X89.667 Y82.872 E42.5703
G1 X89.674 Y82.795 E42.5729
G1 X89.730 Y82.653 E42.5779
G1 X89.787 Y82.583 E42.5809
G1 X89.911 Y82.502 E42.5859
G1 X89.985 Y82.479 E42.5884
G1 X95.513 Y82.469 E42.7723
G1 X95.513 Y65.848 E43.3251
G1 X95.999 Y64.772 E43.3644
G1 X96.127 Y64.772 E43.3687
G1 X96.612 Y65.848 E43.4079
G1 X96.612 Y82.469 E43.9607
G1 X102.140 Y82.479 E44.1446
G1 X102.283 Y82.539 E44.1497
G1 X102.343 Y82.588 E44.1523
G1 X102.426 Y82.712 E44.1573
G1 X102.459 Y82.867 E44.1626
G1 X102.430 Y83.014 E44.1675
G0 F1650 X102.430 Y83.017
G0 F1650 X102.347 Y83.146
G0 F1650 X102.282 Y83.199
G0 F1650 X102.140 Y83.259
G0 F1650 X102.034 Y83.269
G1 F3000 E39.1675
G0 F4200 X102.053 Y83.669
;TYPE:WALL-OUTER
;WIDTH:0.400
G1 F900 Z0.400
G1 F1500 E44.1675
G1 F1650 X90.073 Y83.669 E44.5660
G1 X89.906 Y83.653 E44.5716
G1 X89.757 Y83.607 E44.5768
G1 X89.619 Y83.533 E44.5820
G1 X89.497 Y83.434 E44.5872
G1 X89.404 Y83.319 E44.5921
G1 X89.329 Y83.181 E44.5973
G1 X89.282 Y83.032 E44.6025
G1 X89.265 Y82.876 E44.6078
G1 X89.279 Y82.720 E44.6130
G1 X89.323 Y82.570 E44.6182
G1 X89.394 Y82.432 E44.6233
G1 X89.503 Y82.299 E44.6290
G1 X89.619 Y82.204 E44.6340
G1 X89.757 Y82.131 E44.6392
G1 X89.906 Y82.085 E44.6444
G1 X90.073 Y82.069 E44.6500
G1 X95.113 Y82.069 E44.8176
G1 X95.113 Y65.762 E45.3600
G1 X95.707 Y64.446 E45.4080
G1 X95.802 Y64.301 E45.4138
G1 X95.847 Y64.264 E45.4157
G1 X95.990 Y64.205 E45.4209
G1 X96.135 Y64.205 E45.4257
G1 X96.278 Y64.264 E45.4308
G1 X96.320 Y64.298 E45.4326
G1 X96.417 Y64.443 E45.4384
G1 X97.012 Y65.762 E45.4866
G1 X97.012 Y82.069 E46.0289
G1 X102.053 Y82.069 E46.1966
G1 X102.219 Y82.085 E46.2021
G1 X102.368 Y82.131 E46.2073
G1 X102.506 Y82.204 E46.2125
G1 X102.628 Y82.304 E46.2178
G1 X102.721 Y82.418 E46.2227
G1 X102.796 Y82.556 E46.2279
G1 X102.843 Y82.707 E46.2331
G1 X102.861 Y82.862 E46.2383
G1 X102.847 Y83.017 E46.2435
G1 X102.803 Y83.167 E46.2487
G1 X102.731 Y83.306 E46.2539
G1 X102.633 Y83.428 E46.2591
G1 X102.523 Y83.519 E46.2639
G0 F1650 X102.506 Y83.533
G0 F1650 X102.368 Y83.607
G0 F1650 X102.219 Y83.653
G0 F1650 X102.053 Y83.669
G1 F3000 E41.2639
G0 F4200 X101.626 Y83.069
;TYPE:SOLID-FILL
;WIDTH:0.400
G1 F900 Z0.400
G1 F1500 E46.2639
G1 F1800 X101.734 Y82.677 E46.2822
G1 X100.974 Y82.873 E46.3006
G1 X100.409 Y82.872 E46.3190
G1 X99.843 Y82.871 E46.3375
G1 X99.279 Y82.871 E46.3561
G1 X98.713 Y82.870 E46.3747
G1 X98.148 Y82.870 E46.3933
G1 X97.583 Y82.869 E46.4120
G1 X96.930 Y82.956 E46.4307
G1 X96.935 Y82.669 E46.4402
G1 F3000 E41.4402
G1 F900 Z0.700
G0 F4200 X96.333 Y82.988
;TYPE:SOLID-FILL
;WIDTH:0.400
G1 F900 Z0.400
G1 F1500 E46.4402
G1 F1650 X96.573 Y82.749 E46.4515
G1 X96.331 Y82.749 E46.4596
G1 X96.331 Y82.425 E46.4703
G1 X95.767 Y82.988 E46.4968
G1 X95.443 Y82.988 E46.5076
G1 X95.443 Y82.749 E46.5156
G1 X95.792 Y82.749 E46.5272
G1 X95.792 Y82.398 E46.5388
G1 X96.331 Y81.859 E46.5642
G1 X96.331 Y81.293 E46.5830
G1 X95.792 Y81.832 E46.6084
G1 X95.792 Y81.267 E46.6272
G1 X96.331 Y80.728 E46.6525
G1 X96.331 Y80.162 E46.6713
G1 X95.792 Y80.701 E46.6967
G1 X95.792 Y80.135 E46.7155
G1 X96.331 Y79.596 E46.7409
G1 X96.331 Y79.031 E46.7597
G1 X95.792 Y79.570 E46.7850
G1 X95.792 Y79.004 E46.8038
G1 X96.331 Y78.465 E46.8292
G1 X96.331 Y77.899 E46.8480
G1 X95.792 Y78.438 E46.8734
G1 X95.792 Y77.872 E46.8922
G1 X96.331 Y77.334 E46.9175
G1 X96.331 Y76.768 E46.9364
G1 X95.792 Y77.307 E46.9617
G1 X95.792 Y76.741 E46.9805
G1 X96.331 Y76.202 E47.0059
G1 X96.331 Y75.637 E47.0247
G1 X95.792 Y76.175 E47.0500
G1 X95.792 Y75.610 E47.0688
G1 X96.331 Y75.071 E47.0942
G1 X96.331 Y74.505 E47.1130
G1 X95.792 Y75.044 E47.1383
G1 X95.792 Y74.478 E47.1572
G1 X96.331 Y73.940 E47.1825
G1 X96.331 Y73.374 E47.2013
G1 X95.792 Y73.913 E47.2267
G1 X95.792 Y73.347 E47.2455
G1 X96.331 Y72.808 E47.2708
G1 X96.331 Y72.242 E47.2897
G1 X95.792 Y72.781 E47.3150
G1 X95.792 Y72.216 E47.3338
G1 X96.331 Y71.677 E47.3592
G1 X96.331 Y71.111 E47.3780
G1 X95.792 Y71.650 E47.4033
G1 X95.792 Y71.084 E47.4222
G1 X96.331 Y70.545 E47.4475
G1 X96.331 Y69.980 E47.4663
G1 X95.792 Y70.519 E47.4917
G1 X95.792 Y69.953 E47.5105
G1 X96.331 Y69.414 E47.5358
G1 X96.331 Y68.848 E47.5547
G1 X95.792 Y69.387 E47.5800
G1 X95.792 Y68.821 E47.5989
G1 X96.331 Y68.283 E47.6242
G1 X96.331 Y67.717 E47.6430
G1 X95.792 Y68.256 E47.6684
G1 X95.792 Y67.690 E47.6872
G1 X96.331 Y67.151 E47.7125
G1 X96.331 Y66.586 E47.7313
G1 X95.792 Y67.124 E47.7567
G1 X95.792 Y66.559 E47.7755
G1 X96.331 Y66.020 E47.8008
G1 X96.331 Y65.907 E47.8046
G1 X96.190 Y65.595 E47.8159
G1 X96.146 Y65.639 E47.8180
G0 F1650 X95.792 Y65.993
G0 F4200 X95.651 Y65.852
;TYPE:SOLID-FILL
;WIDTH:0.400
G1 F1800 X95.592 Y65.910 E47.8208
G1 F3000 E42.8208
G1 F900 Z0.700
G0 F4200 X96.879 Y82.725
G1 F900 Z0.400
G1 F1500 E47.8208
G1 F1800 X96.645 Y82.959 E47.8237
G1 X96.416 Y83.188 E47.8345
G1 F3000 E42.8345
G1 F900 Z0.700
G0 F4200 X95.238 Y82.669
G1 F900 Z0.400
G1 F1500 E47.8345
G1 F1800 X94.754 Y82.869 E47.8533
G1 X94.188 Y82.870 E47.8720
G1 X93.622 Y82.870 E47.8906
G1 X93.056 Y82.871 E47.9093
G1 X92.489 Y82.871 E47.9279
G1 X91.924 Y82.872 E47.9464
G1 X91.357 Y82.872 E47.9649
G1 X90.791 Y82.873 E47.9833
G1 X90.225 Y82.873 E48.0017
G1 X89.884 Y82.932 E48.0132
G1 F3000 E43.0132
G1 F900 Z0.700
G0 F4200 X92.140 Y88.259
;TYPE:WALL-INNER
;WIDTH:0.400
G1 F900 Z0.400
G1 F1500 E48.0132
G1 F1650 X92.034 Y88.269 E48.0167
G1 X80.092 Y88.269 E48.4139
G1 X79.912 Y88.236 E48.4200
G1 X79.782 Y88.150 E48.4252
G1 X79.699 Y88.024 E48.4302
G1 X79.667 Y87.872 E48.4354
G1 X79.674 Y87.795 E48.4380
G1 X79.730 Y87.653 E48.4430
G1 X79.787 Y87.583 E48.4460
G1 X79.911 Y87.502 E48.4510
G1 X79.985 Y87.479 E48.4535
G1 X85.513 Y87.469 E48.6374
G1 X85.513 Y70.848 E49.1902
G1 X85.999 Y69.772 E49.2295
G1 X86.127 Y69.772 E49.2338
G1 X86.612 Y70.848 E49.2730
G1 X86.612 Y87.469 E49.8258
G1 X92.140 Y87.479 E50.0097
G1 X92.283 Y87.539 E50.0148
G1 X92.343 Y87.588 E50.0174
G1 X92.426 Y87.712 E50.0224
G1 X92.459 Y87.867 E50.0277
G1 X92.450 Y87.909 E50.0291
G0 F1650 X92.430 Y88.017
G0 F1650 X92.347 Y88.146
G0 F1650 X92.282 Y88.199
G0 F1650 X92.140 Y88.259
G1 F3000 E45.0291
G0 F4200 X92.219 Y88.653
;TYPE:WALL-OUTER
;WIDTH:0.400
G1 F900 Z0.400
G1 F1500 E50.0291
G1 F1650 X92.053 Y88.669 E50.0346
G1 X80.073 Y88.669 E50.4331
G1 X79.906 Y88.653 E50.4387
G1 X79.757 Y88.607 E50.4439
G1 X79.619 Y88.533 E50.4491
G1 X79.497 Y88.434 E50.4543
G1 X79.404 Y88.319 E50.4592
G1 X79.329 Y88.181 E50.4644
G1 X79.282 Y88.032 E50.4696
G1 X79.265 Y87.876 E50.4748
G1 X79.279 Y87.720 E50.4801
G1 X79.323 Y87.570 E50.4853
G1 X79.394 Y87.432 E50.4904
G1 X79.503 Y87.299 E50.4961
G1 X79.619 Y87.204 E50.5011
G1 X79.757 Y87.131 E50.5063
G1 X79.906 Y87.085 E50.5115
G1 X80.073 Y87.069 E50.5171
G1 X85.113 Y87.069 E50.6847
G1 X85.113 Y70.762 E51.2271
G1 X85.707 Y69.446 E51.2751
G1 X85.802 Y69.301 E51.2809
G1 X85.847 Y69.264 E51.2828
G1 X85.990 Y69.205 E51.2880
G1 X86.135 Y69.205 E51.2928
G1 X86.278 Y69.264 E51.2979
G1 X86.320 Y69.298 E51.2997
G1 X86.417 Y69.443 E51.3055
G1 X87.012 Y70.762 E51.3537
G1 X87.012 Y87.069 E51.8960
G1 X92.053 Y87.069 E52.0637
G1 X92.219 Y87.085 E52.0692
G1 X92.368 Y87.131 E52.0744
G1 X92.506 Y87.204 E52.0796
G1 X92.628 Y87.304 E52.0849
G1 X92.721 Y87.418 E52.0898
G1 X92.796 Y87.556 E52.0950
G1 X92.843 Y87.707 E52.1002
G1 X92.861 Y87.862 E52.1054
G1 X92.847 Y88.017 E52.1106
G1 X92.803 Y88.167 E52.1158
G1 X92.731 Y88.306 E52.1210
G1 X92.648 Y88.409 E52.1254
G0 F1650 X92.633 Y88.428
G0 F1650 X92.506 Y88.533
G0 F1650 X92.368 Y88.607
G0 F1650 X92.219 Y88.653
G1 F3000 E47.1254
G0 F4200 X92.119 Y88.051
;TYPE:SOLID-FILL
;WIDTH:0.400
G1 F900 Z0.400
G1 F1500 E52.1254
G1 F1800 X92.084 Y87.803 E52.1312
G1 X91.448 Y87.872 E52.1495
G1 X90.883 Y87.872 E52.1678
G1 X90.318 Y87.871 E52.1862
G1 X89.753 Y87.871 E52.2046
G1 X89.188 Y87.870 E52.2231
G1 X88.622 Y87.870 E52.2417
G1 X88.057 Y87.869 E52.2603
G1 X87.492 Y87.868 E52.2790
G1 X86.885 Y87.910 E52.2977
G1 X86.844 Y87.669 E52.3059
G0 F4200 X86.483 Y87.747
;TYPE:SOLID-FILL
;WIDTH:0.400
G1 F1650 X86.242 Y87.988 E52.3172
G1 X85.677 Y87.988 E52.3360
G1 X86.331 Y87.334 E52.3668
G1 X86.331 Y86.768 E52.3856
G1 X85.792 Y87.307 E52.4109
G1 X85.792 Y86.741 E52.4298
G1 X86.331 Y86.202 E52.4551
G1 X86.331 Y85.636 E52.4739
G1 X85.792 Y86.175 E52.4993
G1 X85.792 Y85.610 E52.5181
G1 X86.331 Y85.071 E52.5434
G1 X86.331 Y84.505 E52.5623
G1 X85.792 Y85.044 E52.5876
G1 X85.792 Y84.478 E52.6064
G1 X86.331 Y83.939 E52.6318
G1 X86.331 Y83.374 E52.6506
G1 X85.792 Y83.913 E52.6759
G1 X85.792 Y83.347 E52.6948
G1 X86.331 Y82.808 E52.7201
G1 X86.331 Y82.242 E52.7389
G1 X85.792 Y82.781 E52.7643
G1 X85.792 Y82.216 E52.7831
G1 X86.331 Y81.677 E52.8084
G1 X86.331 Y81.111 E52.8273
G1 X85.792 Y81.650 E52.8526
G1 X85.792 Y81.084 E52.8714
G1 X86.331 Y80.545 E52.8968
G1 X86.331 Y79.980 E52.9156
G1 X85.792 Y80.518 E52.9409
G1 X85.792 Y79.953 E52.9597
G1 X86.331 Y79.414 E52.9851
G1 X86.331 Y78.848 E53.0039
G1 X85.792 Y79.387 E53.0292
G1 X85.792 Y78.821 E53.0481
G1 X86.331 Y78.283 E53.0734
G1 X86.331 Y77.717 E53.0922
G1 X85.792 Y78.256 E53.1176
G1 X85.792 Y77.690 E53.1364
G1 X86.331 Y77.151 E53.1618
G1 X86.331 Y76.586 E53.1805
G1 X85.792 Y77.124 E53.2059
G1 X85.792 Y76.559 E53.2247
G1 X86.331 Y76.020 E53.2500
G1 X86.331 Y75.454 E53.2688
G1 X85.792 Y75.993 E53.2942
G1 X85.792 Y75.427 E53.3130
G1 X86.331 Y74.888 E53.3384
G1 X86.331 Y74.323 E53.3572
G1 X85.792 Y74.862 E53.3825
G1 X85.792 Y74.296 E53.4013
G1 X86.331 Y73.757 E53.4267
G1 X86.331 Y73.191 E53.4455
G1 X85.792 Y73.730 E53.4709
G1 X85.792 Y73.165 E53.4897
G1 X86.331 Y72.626 E53.5150
G1 X86.331 Y72.060 E53.5338
G1 X85.792 Y72.599 E53.5592
G1 X85.792 Y72.033 E53.5780
G1 X86.331 Y71.494 E53.6034
G1 X86.331 Y70.929 E53.6222
G1 X85.792 Y71.467 E53.6475
G1 X85.792 Y70.907 E53.6661
G1 X85.797 Y70.897 E53.6665
G1 X85.807 Y70.887 E53.6670
G0 F1650 X86.161 Y70.533
G1 F3000 E48.6670
G1 F900 Z0.700
G0 F4200 X86.880 Y87.633
;TYPE:SOLID-FILL
;WIDTH:0.400
G1 F900 Z0.400
G1 F1500 E53.6670
G1 F1800 X86.625 Y87.888 E53.6790
G0 F4200 X85.433 Y87.949
G1 F1800 X85.195 Y87.903 E53.6878
G1 X84.664 Y87.868 E53.7066
G1 X84.098 Y87.869 E53.7253
G1 X83.532 Y87.870 E53.7439
G1 X82.965 Y87.870 E53.7626
G1 X82.400 Y87.871 E53.7811
G1 X81.833 Y87.871 E53.7995
G1 X81.267 Y87.872 E53.8180
G1 X80.701 Y87.872 E53.8363
G1 X80.046 Y87.961 E53.8547
G1 X80.048 Y87.677 E53.8642
;LAYER:2
;Z:0.600
;HEIGHT:0.200
M106 S255
G1 F3000 E48.8642
G0 F900 Z0.600
G0 F4200 X92.140 Y88.259
;TYPE:WALL-INNER
;WIDTH:0.400
G1 F900 Z0.600
G1 F1500 E53.8642
G1 F2700 X92.034 Y88.269 E53.8677
G1 X80.092 Y88.269 E54.2649
G1 X79.912 Y88.236 E54.2710
G1 X79.781 Y88.149 E54.2762
G1 X79.733 Y88.091 E54.2787
G1 X79.673 Y87.946 E54.2839
G1 X79.673 Y87.790 E54.2891
G1 X79.735 Y87.645 E54.2944
G1 X79.781 Y87.588 E54.2968
G1 X79.839 Y87.541 E54.2993
G1 X79.984 Y87.479 E54.3045
G1 X85.513 Y87.469 E54.4884
G1 X85.513 Y70.848 E55.0412
G1 X85.999 Y69.771 E55.0805
G1 X86.127 Y69.771 E55.0848
G1 X86.612 Y70.848 E55.1241
G1 X86.612 Y87.469 E55.6769
G1 X92.140 Y87.479 E55.8608
G1 X92.283 Y87.539 E55.8659
G1 X92.344 Y87.588 E55.8685
G1 X92.429 Y87.716 E55.8736
G1 X92.460 Y87.869 E55.8788
G1 X92.451 Y87.910 E55.8802
G0 F2700 X92.429 Y88.021
G0 F2700 X92.344 Y88.149
G0 F2700 X92.283 Y88.198
G0 F2700 X92.140 Y88.259
G1 F3000 E50.8802
G0 F4200 X92.219 Y88.653
;TYPE:WALL-OUTER
;WIDTH:0.400
G1 F900 Z0.600
G1 F1500 E55.8802
G1 F2700 X92.053 Y88.669 E55.8858
G1 X80.073 Y88.669 E56.2842
G1 X79.906 Y88.653 E56.2898
G1 X79.757 Y88.607 E56.2950
G1 X79.619 Y88.533 E56.3002
G1 X79.497 Y88.434 E56.3054
G1 X79.398 Y88.313 E56.3106
G1 X79.325 Y88.174 E56.3158
G1 X79.279 Y88.025 E56.3210
G1 X79.264 Y87.869 E56.3262
G1 X79.279 Y87.713 E56.3315
G1 X79.320 Y87.576 E56.3362
G1 X79.399 Y87.424 E56.3419
G1 X79.497 Y87.304 E56.3471
G1 X79.618 Y87.205 E56.3523
G1 X79.769 Y87.127 E56.3579
G1 X79.906 Y87.085 E56.3627
G1 X80.073 Y87.069 E56.3683
G1 X85.113 Y87.069 E56.5359
G1 X85.113 Y70.762 E57.0783
G1 X85.706 Y69.447 E57.1262
G1 X85.805 Y69.302 E57.1321
G1 X85.980 Y69.205 E57.1387
G1 X86.135 Y69.205 E57.1439
G1 X86.278 Y69.264 E57.1490
G1 X86.320 Y69.298 E57.1508
G1 X86.416 Y69.440 E57.1565
G1 X87.012 Y70.762 E57.2048
G1 X87.012 Y87.069 E57.7471
G1 X92.053 Y87.069 E57.9148
G1 X92.219 Y87.085 E57.9204
G1 X92.368 Y87.131 E57.9255
G1 X92.506 Y87.204 E57.9307
G1 X92.628 Y87.304 E57.9360
G1 X92.727 Y87.425 E57.9412
G1 X92.800 Y87.563 E57.9464
G1 X92.846 Y87.714 E57.9516
G1 X92.862 Y87.869 E57.9568
G1 X92.846 Y88.024 E57.9620
G1 X92.800 Y88.174 E57.9672
G1 X92.727 Y88.313 E57.9724
G1 X92.648 Y88.410 E57.9766
G0 F2700 X92.628 Y88.434
G0 F2700 X92.506 Y88.533
G0 F2700 X92.368 Y88.607
G0 F2700 X92.219 Y88.653
G1 F3000 E52.9766
G0 F4200 X92.218 Y87.975
;TYPE:SOLID-FILL
;WIDTH:0.400
G1 F900 Z0.600
G1 F1500 E57.9766
G1 F3000 X91.832 Y87.873 E57.9905
G1 X91.267 Y87.873 E58.0088
G1 X90.700 Y87.872 E58.0272
G1 X90.134 Y87.872 E58.0456
G1 X89.568 Y87.871 E58.0640
G1 X89.002 Y87.871 E58.0825
G1 X88.435 Y87.870 E58.1011
G1 X87.869 Y87.870 E58.1197
G1 X87.303 Y87.869 E58.1384
G1 X86.821 Y87.669 E58.1557
G0 F4200 X86.617 Y87.748
;TYPE:SOLID-FILL
;WIDTH:0.400
G1 F2700 X86.681 Y87.812 E58.1588
G1 X86.681 Y87.988 E58.1646
G1 X86.291 Y87.988 E58.1776
G1 X85.792 Y87.489 E58.2011
G1 X85.792 Y87.748 E58.2097
G1 X85.646 Y87.748 E58.2145
G0 F2700 X85.485 Y87.748
G0 F2700 X85.725 Y87.988
G1 F3000 E53.2145
G1 F900 Z0.900
G0 F4200 X86.332 Y87.463
G1 F900 Z0.600
G1 F1500 E58.2145
G1 F2700 X85.792 Y86.923 E58.2399
G1 X85.792 Y86.358 E58.2587
G1 X86.332 Y86.897 E58.2841
G1 X86.332 Y86.332 E58.3029
G1 X85.792 Y85.792 E58.3283
G1 X85.792 Y85.226 E58.3471
G1 X86.332 Y85.766 E58.3725
G1 X86.332 Y85.200 E58.3913
G1 X85.792 Y84.661 E58.4167
G1 X85.792 Y84.095 E58.4355
G1 X86.332 Y84.635 E58.4609
G1 X86.332 Y84.069 E58.4798
G1 X85.792 Y83.529 E58.5052
G1 X85.792 Y82.964 E58.5240
G1 X86.332 Y83.503 E58.5493
G1 X86.332 Y82.937 E58.5682
G1 X85.792 Y82.398 E58.5935
G1 X85.792 Y81.832 E58.6124
G1 X86.332 Y82.372 E58.6378
G1 X86.332 Y81.806 E58.6566
G1 X85.792 Y81.267 E58.6820
G1 X85.792 Y80.701 E58.7008
G1 X86.332 Y81.240 E58.7262
G1 X86.332 Y80.675 E58.7449
G1 X85.792 Y80.135 E58.7703
G1 X85.792 Y79.570 E58.7891
G1 X86.332 Y80.109 E58.8145
G1 X86.332 Y79.543 E58.8333
G1 X85.792 Y79.004 E58.8587
G1 X85.792 Y78.438 E58.8775
G1 X86.332 Y78.978 E58.9029
G1 X86.332 Y78.412 E58.9218
G1 X85.792 Y77.872 E58.9472
G1 X85.792 Y77.307 E58.9660
G1 X86.332 Y77.846 E58.9913
G1 X86.332 Y77.281 E59.0101
G1 X85.792 Y76.741 E59.0355
G1 X85.792 Y76.175 E59.0544
G1 X86.332 Y76.715 E59.0798
G1 X86.332 Y76.149 E59.0986
G1 X85.792 Y75.610 E59.1240
G1 X85.792 Y75.044 E59.1428
G1 X86.332 Y75.584 E59.1682
G1 X86.332 Y75.018 E59.1870
G1 X85.792 Y74.478 E59.2124
G1 X85.792 Y73.913 E59.2312
G1 X86.332 Y74.452 E59.2566
G1 X86.332 Y73.887 E59.2754
G1 X85.792 Y73.347 E59.3008
G1 X85.792 Y72.781 E59.3196
G1 X86.332 Y73.321 E59.3450
G1 X86.332 Y72.755 E59.3638
G1 X85.792 Y72.216 E59.3892
G1 X85.792 Y71.650 E59.4080
G1 X86.332 Y72.189 E59.4334
G1 X86.332 Y71.624 E59.4522
G1 X85.792 Y71.084 E59.4776
G1 X85.792 Y70.907 E59.4835
G1 X85.913 Y70.639 E59.4933
G1 X85.979 Y70.705 E59.4964
G0 F2700 X86.332 Y71.058
G0 F4200 X86.472 Y70.916
;TYPE:SOLID-FILL
;WIDTH:0.400
G1 F3000 X86.531 Y70.975 E59.4991
G1 F3000 E54.4991
G1 F900 Z0.900
G0 F4200 X86.472 Y87.321
G1 F900 Z0.600
G1 F1500 E59.4991
G1 F3000 X86.615 Y87.464 E59.5019
G1 X86.757 Y87.606 E59.5086
G1 F3000 E54.5086
G1 F900 Z0.900
G0 F4200 X85.642 Y88.188
G1 F900 Z0.600
G1 F1500 E59.5086
G1 F3000 X85.473 Y88.018 E59.5114
G1 X85.040 Y87.868 E59.5227
G1 X84.475 Y87.869 E59.5413
G1 X83.910 Y87.870 E59.5599
G1 X83.344 Y87.870 E59.5785
G1 X82.779 Y87.871 E59.5970
G1 X82.214 Y87.871 E59.6155
G1 X81.648 Y87.871 E59.6340
G1 X81.083 Y87.872 E59.6524
G1 X80.518 Y87.872 E59.6707
G1 X80.041 Y87.678 E59.6878
G1 F3000 E54.6878
G1 F900 Z0.900
G0 F4200 X102.034 Y83.269
;TYPE:WALL-INNER
;WIDTH:0.400
G1 F900 Z0.600
G1 F1500 E59.6878
G1 F2700 X90.092 Y83.269 E60.0850
G1 X89.912 Y83.236 E60.0911
G1 X89.781 Y83.149 E60.0963
G1 X89.733 Y83.091 E60.0988
G1 X89.673 Y82.946 E60.1040
G1 X89.673 Y82.790 E60.1092
G1 X89.735 Y82.645 E60.1145
G1 X89.781 Y82.588 E60.1169
G1 X89.839 Y82.541 E60.1194
G1 X89.984 Y82.479 E60.1246
G1 X95.513 Y82.469 E60.3085
G1 X95.513 Y65.848 E60.8614
G1 X95.999 Y64.771 E60.9006
G1 X96.127 Y64.771 E60.9049
G1 X96.612 Y65.848 E60.9442
G1 X96.612 Y82.469 E61.4970
G1 X102.140 Y82.479 E61.6809
G1 X102.283 Y82.539 E61.6860
G1 X102.344 Y82.588 E61.6886
G1 X102.429 Y82.716 E61.6937
G1 X102.460 Y82.869 E61.6989
G1 X102.430 Y83.014 E61.7039
G0 F2700 X102.429 Y83.021
G0 F2700 X102.344 Y83.149
G0 F2700 X102.283 Y83.198
G0 F2700 X102.140 Y83.259
G0 F2700 X102.034 Y83.269
G1 F3000 E56.7039
G0 F4200 X102.053 Y83.669
;TYPE:WALL-OUTER
;WIDTH:0.400
G1 F900 Z0.600
G1 F1500 E61.7039
G1 F2700 X90.073 Y83.669 E62.1023
G1 X89.906 Y83.653 E62.1079
G1 X89.757 Y83.607 E62.1131
G1 X89.619 Y83.533 E62.1183
G1 X89.497 Y83.434 E62.1235
G1 X89.398 Y83.313 E62.1287
G1 X89.325 Y83.174 E62.1339
G1 X89.279 Y83.025 E62.1391
G1 X89.264 Y82.869 E62.1443
G1 X89.279 Y82.713 E62.1495
G1 X89.320 Y82.576 E62.1543
G1 X89.399 Y82.424 E62.1600
G1 X89.497 Y82.304 E62.1652
G1 X89.618 Y82.205 E62.1704
G1 X89.769 Y82.127 E62.1760
G1 X89.906 Y82.085 E62.1808
G1 X90.073 Y82.069 E62.1864
G1 X95.113 Y82.069 E62.3540
G1 X95.113 Y65.762 E62.8964
G1 X95.706 Y64.447 E62.9443
G1 X95.805 Y64.302 E62.9502
G1 X95.980 Y64.205 E62.9568
G1 X96.135 Y64.205 E62.9620
G1 X96.278 Y64.264 E62.9671
G1 X96.320 Y64.298 E62.9689
G1 X96.416 Y64.440 E62.9746
G1 X97.012 Y65.762 E63.0229
G1 X97.012 Y82.069 E63.5652
G1 X102.053 Y82.069 E63.7329
G1 X102.219 Y82.085 E63.7384
G1 X102.368 Y82.131 E63.7436
G1 X102.506 Y82.204 E63.7488
G1 X102.628 Y82.304 E63.7541
G1 X102.727 Y82.425 E63.7593
G1 X102.800 Y82.563 E63.7645
G1 X102.846 Y82.714 E63.7697
G1 X102.862 Y82.869 E63.7749
G1 X102.846 Y83.024 E63.7801
G1 X102.800 Y83.174 E63.7853
G1 X102.727 Y83.313 E63.7905
G1 X102.628 Y83.434 E63.7957
G1 X102.523 Y83.519 E63.8002
G0 F2700 X102.506 Y83.533
G0 F2700 X102.368 Y83.607
G0 F2700 X102.219 Y83.653
G0 F2700 X102.053 Y83.669
G1 F3000 E58.8002
G0 F4200 X102.019 Y83.068
;TYPE:SOLID-FILL
;WIDTH:0.400
G1 F900 Z0.600
G1 F1500 E63.8002
G1 F3000 X101.540 Y82.873 E63.8186
G1 X100.974 Y82.872 E63.8369
G1 X100.409 Y82.872 E63.8553
G1 X99.842 Y82.871 E63.8737
G1 X99.276 Y82.871 E63.8922
G1 X98.710 Y82.870 E63.9107
G1 X98.144 Y82.870 E63.9293
G1 X97.577 Y82.870 E63.9479
G1 X96.927 Y82.785 E63.9666
G1 X96.928 Y83.068 E63.9760
G1 F3000 E58.9760
G1 F900 Z0.900
G0 F4200 X95.759 Y82.749
;TYPE:SOLID-FILL
;WIDTH:0.400
G1 F900 Z0.600
G1 F1500 E63.9760
G1 F2700 X95.999 Y82.988 E63.9873
G1 X96.565 Y82.988 E64.0061
G1 X95.791 Y82.215 E64.0425
G1 X95.791 Y81.649 E64.0613
G1 X96.331 Y82.189 E64.0867
G1 X96.331 Y81.623 E64.1056
G1 X95.791 Y81.083 E64.1310
G1 X95.791 Y80.518 E64.1498
G1 X96.331 Y81.057 E64.1751
G1 X96.331 Y80.492 E64.1939
G1 X95.791 Y79.952 E64.2193
G1 X95.791 Y79.386 E64.2382
G1 X96.331 Y79.926 E64.2636
G1 X96.331 Y79.360 E64.2824
G1 X95.791 Y78.821 E64.3078
G1 X95.791 Y78.255 E64.3266
G1 X96.331 Y78.795 E64.3520
G1 X96.331 Y78.229 E64.3708
G1 X95.791 Y77.689 E64.3962
G1 X95.791 Y77.124 E64.4150
G1 X96.331 Y77.663 E64.4404
G1 X96.331 Y77.097 E64.4592
G1 X95.791 Y76.558 E64.4846
G1 X95.791 Y75.992 E64.5034
G1 X96.331 Y76.532 E64.5288
G1 X96.331 Y75.966 E64.5476
G1 X95.791 Y75.427 E64.5730
G1 X95.791 Y74.861 E64.5918
G1 X96.331 Y75.400 E64.6172
G1 X96.331 Y74.835 E64.6360
G1 X95.791 Y74.295 E64.6614
G1 X95.791 Y73.730 E64.6802
G1 X96.331 Y74.269 E64.7056
G1 X96.331 Y73.703 E64.7244
G1 X95.791 Y73.164 E64.7498
G1 X95.791 Y72.598 E64.7686
G1 X96.331 Y73.138 E64.7940
G1 X96.331 Y72.572 E64.8128
G1 X95.791 Y72.032 E64.8382
G1 X95.791 Y71.467 E64.8570
G1 X96.331 Y72.006 E64.8824
G1 X96.331 Y71.441 E64.9012
G1 X95.791 Y70.901 E64.9266
G1 X95.791 Y70.335 E64.9454
G1 X96.331 Y70.875 E64.9708
G1 X96.331 Y70.309 E64.9896
G1 X95.791 Y69.770 E65.0150
G1 X95.791 Y69.204 E65.0338
G1 X96.331 Y69.744 E65.0592
G1 X96.331 Y69.178 E65.0781
G1 X95.791 Y68.638 E65.1035
G1 X95.791 Y68.073 E65.1222
G1 X96.331 Y68.612 E65.1476
G1 X96.331 Y68.047 E65.1664
G1 X95.791 Y67.507 E65.1918
G1 X95.791 Y66.941 E65.2106
G1 X96.331 Y67.481 E65.2360
G1 X96.331 Y66.915 E65.2549
G1 X95.791 Y66.376 E65.2802
G1 X95.791 Y65.908 E65.2958
G1 X95.822 Y65.840 E65.2983
G1 X96.331 Y66.349 E65.3222
G1 X96.331 Y65.907 E65.3369
G1 X96.319 Y65.880 E65.3379
G0 F2700 X96.231 Y65.684
G0 F2700 X96.029 Y65.482
G1 F3000 E60.3379
G1 F900 Z0.900
G0 F4200 X95.276 Y82.549
;TYPE:SOLID-FILL
;WIDTH:0.400
G1 F900 Z0.600
G1 F1500 E65.3379
G1 F3000 X95.484 Y83.038 E65.3539
G1 X95.243 Y83.080 E65.3621
G1 F3000 E60.3621
G1 F900 Z0.900
G0 F4200 X96.807 Y82.948
G1 F900 Z0.600
G1 F1500 E65.3621
G1 F3000 X96.880 Y83.021 E65.3655
G1 F3000 E60.3655
G1 F900 Z0.900
G0 F4200 X95.231 Y83.068
G1 F900 Z0.600
G1 F1500 E65.3655
G1 F3000 X94.749 Y82.869 E65.3842
G1 X94.183 Y82.870 E65.4028
G1 X93.618 Y82.870 E65.4214
G1 X93.053 Y82.871 E65.4399
G1 X92.488 Y82.871 E65.4584
G1 X91.922 Y82.871 E65.4768
G1 X91.357 Y82.872 E65.4953
G1 X90.792 Y82.872 E65.5136
G1 X90.227 Y82.873 E65.5319
G1 X89.881 Y82.809 E65.5436
G1 F3000 E60.5436
G1 F900 Z0.900
G0 F4200 X107.911 Y90.373
;TYPE:WALL-INNER
;WIDTH:0.400
G1 F900 Z0.600
G1 F1500 E65.5436
G1 F2700 X107.781 Y90.287 E65.5488
G1 X107.696 Y90.158 E65.5539
G1 X107.663 Y89.977 E65.5600
G1 X107.663 Y75.760 E66.0329
G1 X107.696 Y75.579 E66.0390
G1 X107.781 Y75.451 E66.0441
G1 X107.912 Y75.364 E66.0494
G1 X107.985 Y75.341 E66.0519
G1 X108.140 Y75.341 E66.0571
G1 X108.283 Y75.402 E66.0622
G1 X108.392 Y75.509 E66.0673
G1 X108.452 Y75.656 E66.0726
G1 X108.463 Y75.762 E66.0761
G1 X108.463 Y82.319 E66.2942
G1 X110.082 Y82.319 E66.3481
G1 X111.146 Y82.805 E66.3870
G1 X111.146 Y82.933 E66.3912
G1 X110.082 Y83.419 E66.4301
G1 X108.463 Y83.419 E66.4840
G1 X108.463 Y89.976 E66.7021
G1 X108.433 Y90.148 E66.7079
G1 X108.363 Y90.256 E66.7122
G0 F2700 X108.343 Y90.287
G0 F2700 X108.214 Y90.373
G0 F2700 X108.067 Y90.403
G0 F2700 X107.911 Y90.373
G1 F3000 E61.7122
G0 F4200 X107.757 Y90.744
;TYPE:WALL-OUTER
;WIDTH:0.400
G1 F900 Z0.600
G1 F1500 E66.7122
G1 F2700 X107.619 Y90.671 E66.7174
G1 X107.497 Y90.571 E66.7226
G1 X107.398 Y90.450 E66.7278
G1 X107.325 Y90.312 E66.7330
G1 X107.279 Y90.162 E66.7382
G1 X107.263 Y89.996 E66.7438
G1 X107.263 Y75.741 E67.2179
G1 X107.279 Y75.575 E67.2234
G1 X107.325 Y75.426 E67.2286
G1 X107.398 Y75.287 E67.2338
G1 X107.497 Y75.166 E67.2390
G1 X107.619 Y75.067 E67.2443
G1 X107.757 Y74.993 E67.2495
G1 X107.906 Y74.947 E67.2547
G1 X108.063 Y74.932 E67.2599
G1 X108.219 Y74.947 E67.2651
G1 X108.368 Y74.993 E67.2703
G1 X108.506 Y75.067 E67.2755
G1 X108.628 Y75.166 E67.2807
G1 X108.727 Y75.287 E67.2859
G1 X108.800 Y75.426 E67.2912
G1 X108.846 Y75.576 E67.2964
G1 X108.863 Y75.741 E67.3019
G1 X108.863 Y81.919 E67.5074
G1 X110.169 Y81.919 E67.5508
G1 X111.567 Y82.558 E67.6019
G1 X111.701 Y82.712 E67.6087
G1 X111.733 Y82.863 E67.6139
G1 X111.706 Y83.015 E67.6190
G1 X111.565 Y83.181 E67.6262
G1 X110.169 Y83.819 E67.6773
G1 X108.863 Y83.819 E67.7207
G1 X108.863 Y89.996 E67.9262
G1 X108.846 Y90.162 E67.9317
G1 X108.805 Y90.299 E67.9365
G1 X108.726 Y90.451 E67.9422
G1 X108.628 Y90.571 E67.9473
G1 X108.506 Y90.671 E67.9526
G1 X108.368 Y90.744 E67.9578
G1 X108.248 Y90.781 E67.9620
G0 F2700 X108.219 Y90.790
G0 F2700 X108.064 Y90.805
G0 F2700 X107.894 Y90.786
G0 F2700 X107.757 Y90.744
G1 F3000 E62.9620
G0 F4200 X108.007 Y90.187
;TYPE:SOLID-FILL
;WIDTH:0.400
G1 F900 Z0.600
G1 F1500 E67.9620
G1 F3000 X108.071 Y89.969 E67.9678
G1 X108.062 Y89.394 E67.9866
G1 X108.062 Y88.828 E68.0054
G1 X108.062 Y88.262 E68.0242
G1 X108.062 Y87.697 E68.0430
G1 X108.062 Y87.131 E68.0618
G1 X108.062 Y86.565 E68.0806
G1 X108.062 Y86.000 E68.0994
G1 X108.062 Y85.434 E68.1182
G1 X108.062 Y84.868 E68.1370
G1 X108.062 Y84.303 E68.1558
G1 X108.062 Y83.737 E68.1746
G1 X108.126 Y83.236 E68.1934
G1 X107.862 Y82.689 E68.2136
G0 F4200 X107.862 Y82.123
G1 F3000 X108.462 Y82.723 E68.2418
G1 F3000 E63.2418
G1 F900 Z0.900
G0 F4200 X108.262 Y81.957
G1 F900 Z0.600
G1 F1500 E68.2418
G1 F3000 X108.062 Y81.474 E68.2606
G1 X108.062 Y80.909 E68.2794
G1 X108.062 Y80.343 E68.2981
G1 X108.062 Y79.777 E68.3169
G1 X108.062 Y79.211 E68.3357
G1 X108.062 Y78.646 E68.3545
G1 X108.062 Y78.080 E68.3733
G1 X108.062 Y77.514 E68.3921
G1 X108.062 Y76.949 E68.4109
G1 X108.062 Y76.383 E68.4297
G1 X107.964 Y75.720 E68.4485
G1 X108.258 Y75.731 E68.4583
G1 F3000 E63.4583
G1 F900 Z0.900
G0 F4200 X109.752 Y82.599
;TYPE:SOLID-FILL
;WIDTH:0.400
G1 F900 Z0.600
G1 F1500 E68.4583
G1 F2700 X110.206 Y83.053 E68.4796
G1 X110.019 Y83.139 E68.4865
G1 X109.726 Y83.138 E68.4962
G1 X109.186 Y82.599 E68.5216
G1 X108.620 Y82.599 E68.5404
G1 X109.160 Y83.138 E68.5658
G1 X109.094 Y83.138 E68.5680
G0 F2700 X108.594 Y83.138
G0 F4200 X108.511 Y83.338
;TYPE:SOLID-FILL
;WIDTH:0.400
G1 F3000 X108.342 Y83.169 E68.5759
G1 F3000 E63.5759
G1 F900 Z0.900
G0 F4200 X109.834 Y82.399
G1 F900 Z0.600
G1 F1500 E68.5759
G1 F3000 X109.892 Y82.457 E68.5787
G1 F3000 E63.5787
G1 F900 Z0.900
G0 F4200 X115.911 Y90.373
;TYPE:WALL-INNER
;WIDTH:0.400
G1 F900 Z0.600
G1 F1500 E68.5787
G1 F2700 X115.781 Y90.287 E68.5838
G1 X115.696 Y90.158 E68.5890
G1 X115.663 Y89.977 E68.5951
G1 X115.663 Y75.760 E69.0680
G1 X115.696 Y75.579 E69.0741
G1 X115.781 Y75.451 E69.0792
G1 X115.912 Y75.364 E69.0844
G1 X115.985 Y75.341 E69.0870
G1 X116.140 Y75.341 E69.0921
G1 X116.283 Y75.402 E69.0973
G1 X116.392 Y75.509 E69.1024
G1 X116.452 Y75.656 E69.1077
G1 X116.463 Y75.762 E69.1112
G1 X116.463 Y82.319 E69.3293
G1 X118.082 Y82.319 E69.3831
G1 X119.146 Y82.805 E69.4220
G1 X119.146 Y82.933 E69.4263
G1 X118.082 Y83.419 E69.4652
G1 X116.463 Y83.419 E69.5191
G1 X116.463 Y89.976 E69.7371
G1 X116.433 Y90.148 E69.7429
G1 X116.363 Y90.256 E69.7472
G0 F2700 X116.343 Y90.287
G0 F2700 X116.214 Y90.373
G0 F2700 X116.067 Y90.403
G0 F2700 X115.911 Y90.373
G1 F3000 E64.7472
G0 F4200 X115.757 Y90.744
;TYPE:WALL-OUTER
;WIDTH:0.400
G1 F900 Z0.600
G1 F1500 E69.7472
G1 F2700 X115.619 Y90.671 E69.7524
G1 X115.497 Y90.571 E69.7577
G1 X115.398 Y90.450 E69.7629
G1 X115.325 Y90.312 E69.7681
G1 X115.279 Y90.162 E69.7733
G1 X115.263 Y89.996 E69.7788
G1 X115.263 Y75.741 E70.2529
G1 X115.279 Y75.575 E70.2585
G1 X115.325 Y75.426 E70.2637
G1 X115.398 Y75.287 E70.2689
G1 X115.497 Y75.166 E70.2741
G1 X115.619 Y75.067 E70.2793
G1 X115.757 Y74.993 E70.2845
G1 X115.906 Y74.947 E70.2897
G1 X116.063 Y74.932 E70.2950
G1 X116.219 Y74.947 E70.3002
G1 X116.368 Y74.993 E70.3054
G1 X116.506 Y75.067 E70.3106
G1 X116.628 Y75.166 E70.3158
G1 X116.727 Y75.287 E70.3210
G1 X116.800 Y75.426 E70.3262
G1 X116.846 Y75.576 E70.3314
G1 X116.863 Y75.741 E70.3370
G1 X116.863 Y81.919 E70.5424
G1 X118.169 Y81.919 E70.5859
G1 X119.567 Y82.558 E70.6370
G1 X119.701 Y82.712 E70.6438
G1 X119.733 Y82.863 E70.6489
G1 X119.706 Y83.015 E70.6541
G1 X119.565 Y83.181 E70.6613
G1 X118.169 Y83.819 E70.7124
G1 X116.863 Y83.819 E70.7558
G1 X116.863 Y89.996 E70.9612
G1 X116.846 Y90.162 E70.9668
G1 X116.805 Y90.299 E70.9715
G1 X116.726 Y90.451 E70.9772
G1 X116.628 Y90.571 E70.9824
G1 X116.506 Y90.671 E70.9876
G1 X116.368 Y90.744 E70.9928
G1 X116.248 Y90.781 E70.9970
G0 F2700 X116.219 Y90.790
G0 F2700 X116.064 Y90.805
G0 F2700 X115.894 Y90.786
G0 F2700 X115.757 Y90.744
G1 F3000 E65.9970
G0 F4200 X116.262 Y89.958
;TYPE:SOLID-FILL
;WIDTH:0.400
G1 F900 Z0.600
G1 F1500 E70.9970
G1 F3000 X116.062 Y89.474 E71.0158
G1 X116.062 Y88.909 E71.0346
G1 X116.062 Y88.343 E71.0534
G1 X116.062 Y87.777 E71.0722
G1 X116.062 Y87.212 E71.0910
G1 X116.062 Y86.646 E71.1098
G1 X116.062 Y86.080 E71.1286
G1 X116.062 Y85.515 E71.1474
G1 X116.062 Y84.949 E71.1662
G1 X116.062 Y84.383 E71.1850
G1 X116.062 Y83.818 E71.2038
G1 X116.086 Y83.276 E71.2225
G1 X115.862 Y82.769 E71.2410
G0 F4200 X115.862 Y82.203
G1 F3000 X116.462 Y82.804 E71.2692
G1 F3000 E66.2692
G1 F900 Z0.900
G0 F4200 X116.262 Y82.038
G1 F900 Z0.600
G1 F1500 E71.2692
G1 F3000 X116.062 Y81.555 E71.2880
G1 X116.062 Y80.989 E71.3068
G1 X116.062 Y80.423 E71.3256
G1 X116.062 Y79.858 E71.3444
G1 X116.062 Y79.292 E71.3632
G1 X116.062 Y78.726 E71.3820
G1 X116.062 Y78.161 E71.4008
G1 X116.062 Y77.595 E71.4195
G1 X116.062 Y77.029 E71.4384
G1 X116.062 Y76.464 E71.4572
G1 X116.062 Y75.898 E71.4759
G1 X115.995 Y75.549 E71.4878
G1 F3000 E66.4878
G1 F900 Z0.900
G0 F4200 X117.671 Y82.599
;TYPE:SOLID-FILL
;WIDTH:0.400
G1 F900 Z0.600
G1 F1500 E71.4878
G1 F2700 X118.150 Y83.077 E71.5103
G1 X118.018 Y83.138 E71.5151
G1 X117.645 Y83.138 E71.5275
G1 X117.106 Y82.599 E71.5529
G1 X116.542 Y82.598 E71.5716
G1 X116.542 Y82.601 E71.5717
G1 X116.726 Y82.785 E71.5804
G0 F2700 X117.079 Y83.138
G1 F3000 E66.5804
G1 F900 Z0.900
G0 F4200 X118.019 Y82.599
G1 F900 Z0.600
G1 F1500 E71.5804
G1 F2700 X118.419 Y82.780 E71.5950
G1 F3000 E66.5950
G1 F900 Z0.900
G0 F4200 X116.997 Y83.338
;TYPE:SOLID-FILL
;WIDTH:0.400
G1 F900 Z0.600
G1 F1500 E71.5950
G1 F3000 X116.684 Y83.308 E71.5978
G1 X116.341 Y83.249 E71.6094
G1 F3000 E66.6094
G1 F900 Z0.900
G0 F4200 X123.781 Y90.287
;TYPE:WALL-INNER
;WIDTH:0.400
G1 F900 Z0.600
G1 F1500 E71.6094
G1 F2700 X123.696 Y90.158 E71.6145
G1 X123.663 Y89.977 E71.6206
G1 X123.663 Y75.760 E72.0935
G1 X123.696 Y75.579 E72.0996
G1 X123.781 Y75.451 E72.1047
G1 X123.912 Y75.364 E72.1099
G1 X123.985 Y75.341 E72.1125
G1 X124.140 Y75.341 E72.1176
G1 X124.283 Y75.402 E72.1228
G1 X124.392 Y75.509 E72.1279
G1 X124.452 Y75.656 E72.1332
G1 X124.463 Y75.762 E72.1367
G1 X124.463 Y82.319 E72.3548
G1 X126.082 Y82.319 E72.4086
G1 X127.146 Y82.805 E72.4476
G1 X127.146 Y82.933 E72.4518
G1 X126.082 Y83.419 E72.4907
G1 X124.463 Y83.419 E72.5446
G1 X124.463 Y89.976 E72.7626
G1 X124.433 Y90.148 E72.7685
G1 X124.343 Y90.287 E72.7740
G1 X124.244 Y90.353 E72.7779
G0 F2700 X124.214 Y90.373
G0 F2700 X124.067 Y90.403
G0 F2700 X123.911 Y90.373
G0 F2700 X123.781 Y90.287
G1 F3000 E67.7779
G0 F4200 X123.497 Y90.571
;TYPE:WALL-OUTER
;WIDTH:0.400
G1 F900 Z0.600
G1 F1500 E72.7779
G1 F2700 X123.398 Y90.450 E72.7831
G1 X123.325 Y90.312 E72.7883
G1 X123.279 Y90.162 E72.7935
G1 X123.263 Y89.996 E72.7991
G1 X123.263 Y75.741 E73.2732
G1 X123.279 Y75.575 E73.2787
G1 X123.325 Y75.426 E73.2839
G1 X123.398 Y75.287 E73.2892
G1 X123.497 Y75.166 E73.2944
G1 X123.619 Y75.067 E73.2996
G1 X123.757 Y74.993 E73.3048
G1 X123.906 Y74.947 E73.3100
G1 X124.063 Y74.932 E73.3152
G1 X124.219 Y74.947 E73.3204
G1 X124.368 Y74.993 E73.3256
G1 X124.506 Y75.067 E73.3308
G1 X124.628 Y75.166 E73.3361
G1 X124.727 Y75.287 E73.3413
G1 X124.800 Y75.426 E73.3465
G1 X124.846 Y75.576 E73.3517
G1 X124.863 Y75.741 E73.3572
G1 X124.863 Y81.919 E73.5627
G1 X126.169 Y81.919 E73.6061
G1 X127.567 Y82.558 E73.6573
G1 X127.701 Y82.712 E73.6640
G1 X127.733 Y82.863 E73.6692
G1 X127.706 Y83.015 E73.6743
G1 X127.565 Y83.181 E73.6816
G1 X126.169 Y83.819 E73.7326
G1 X124.863 Y83.819 E73.7760
G1 X124.863 Y89.996 E73.9815
G1 X124.846 Y90.162 E73.9870
G1 X124.805 Y90.299 E73.9918
G1 X124.726 Y90.451 E73.9975
G1 X124.628 Y90.571 E74.0027
G1 X124.506 Y90.671 E74.0079
G1 X124.368 Y90.744 E74.0131
G1 X124.219 Y90.790 E74.0183
G1 X124.064 Y90.805 E74.0235
G1 X123.937 Y90.790 E74.0277
G0 F2700 X123.894 Y90.786
G0 F2700 X123.757 Y90.744
G0 F2700 X123.619 Y90.671
G0 F2700 X123.497 Y90.571
G1 F3000 E69.0277
G0 F4200 X124.250 Y90.026
;TYPE:SOLID-FILL
;WIDTH:0.400
G1 F900 Z0.600
G1 F1500 E74.0277
G1 F3000 X124.061 Y89.554 E74.0460
G1 X124.061 Y88.989 E74.0648
G1 X124.061 Y88.423 E74.0836
G1 X124.061 Y87.857 E74.1024
G1 X124.061 Y87.292 E74.1212
G1 X124.061 Y86.726 E74.1399
G1 X124.061 Y86.160 E74.1587
G1 X124.061 Y85.595 E74.1775
G1 X124.061 Y85.029 E74.1963
G1 X124.061 Y84.463 E74.2151
G1 X124.061 Y83.897 E74.2339
G1 X124.061 Y83.332 E74.2527
G1 X123.861 Y82.849 E74.2701
G0 F4200 X123.861 Y82.283
G1 F3000 X124.462 Y82.884 E74.2983
G1 F3000 E69.2983
G1 F900 Z0.900
G0 F4200 X124.261 Y82.118
G1 F900 Z0.600
G1 F1500 E74.2983
G1 F3000 X124.061 Y81.635 E74.3171
G1 X124.061 Y81.069 E74.3359
G1 X124.061 Y80.503 E74.3547
G1 X124.061 Y79.938 E74.3735
G1 X124.061 Y79.372 E74.3923
G1 X124.061 Y78.806 E74.4111
G1 X124.061 Y78.241 E74.4299
G1 X124.061 Y77.675 E74.4487
G1 X124.061 Y77.109 E74.4675
G1 X124.061 Y76.544 E74.4863
G1 X124.061 Y75.978 E74.5050
G1 X123.948 Y75.581 E74.5188
G1 F3000 E69.5188
G1 F900 Z0.900
G0 F4200 X125.591 Y82.599
;TYPE:SOLID-FILL
;WIDTH:0.400
G1 F900 Z0.600
G1 F1500 E74.5188
G1 F2700 X126.095 Y83.103 E74.5425
G1 X126.019 Y83.138 E74.5452
G1 X125.565 Y83.138 E74.5603
G1 X125.025 Y82.599 E74.5857
G1 X124.542 Y82.599 E74.6018
G1 X124.542 Y82.681 E74.6045
G1 X124.646 Y82.785 E74.6094
G0 F2700 X124.999 Y83.138
G1 F3000 E69.6094
G1 F900 Z0.900
G0 F4200 X126.019 Y82.598
G1 F900 Z0.600
G1 F1500 E74.6094
G1 F2700 X126.036 Y82.606 E74.6100
G0 F2700 X126.273 Y82.715
G0 F2700 X126.442 Y82.884
G0 F4200 X125.732 Y82.457
;TYPE:SOLID-FILL
;WIDTH:0.400
G1 F3000 X125.674 Y82.399 E74.6128
G1 F3000 E69.6128
G1 F900 Z0.900
G0 F4200 X124.857 Y83.279
G1 F900 Z0.600
G1 F1500 E74.6128
G1 F3000 X124.916 Y83.338 E74.6155
G1 F3000 E69.6155
G1 F900 Z0.900
G0 F4200 X131.781 Y90.287
;TYPE:WALL-INNER
;WIDTH:0.400
G1 F900 Z0.600
G1 F1500 E74.6155
G1 F2700 X131.696 Y90.158 E74.6207
G1 X131.663 Y89.977 E74.6268
G1 X131.663 Y75.760 E75.0997
G1 X131.696 Y75.579 E75.1058
G1 X131.781 Y75.451 E75.1109
G1 X131.912 Y75.364 E75.1161
G1 X131.985 Y75.341 E75.1187
G1 X132.140 Y75.341 E75.1238
G1 X132.283 Y75.402 E75.1290
G1 X132.392 Y75.509 E75.1341
G1 X132.452 Y75.656 E75.1393
G1 X132.463 Y75.762 E75.1429
G1 X132.463 Y82.319 E75.3610
G1 X134.082 Y82.319 E75.4148
G1 X135.146 Y82.805 E75.4537
G1 X135.146 Y82.933 E75.4580
G1 X134.082 Y83.419 E75.4969
G1 X132.463 Y83.419 E75.5507
G1 X132.463 Y89.976 E75.7688
G1 X132.433 Y90.148 E75.7746
G1 X132.343 Y90.287 E75.7801
G1 X132.244 Y90.353 E75.7841
G0 F2700 X132.214 Y90.373
G0 F2700 X132.067 Y90.403
G0 F2700 X131.911 Y90.373
G0 F2700 X131.781 Y90.287
G1 F3000 E70.7841
G0 F4200 X131.497 Y90.571
;TYPE:WALL-OUTER
;WIDTH:0.400
G1 F900 Z0.600
G1 F1500 E75.7841
G1 F2700 X131.398 Y90.450 E75.7893
G1 X131.325 Y90.312 E75.7945
G1 X131.279 Y90.162 E75.7997
G1 X131.263 Y89.996 E75.8053
G1 X131.263 Y75.741 E76.2794
G1 X131.279 Y75.575 E76.2849
G1 X131.325 Y75.426 E76.2901
G1 X131.398 Y75.287 E76.2953
G1 X131.497 Y75.166 E76.3005
G1 X131.619 Y75.067 E76.3058
G1 X131.757 Y74.993 E76.3110
G1 X131.906 Y74.947 E76.3162
G1 X132.063 Y74.932 E76.3214
G1 X132.219 Y74.947 E76.3266
G1 X132.368 Y74.993 E76.3318
G1 X132.506 Y75.067 E76.3370
G1 X132.628 Y75.166 E76.3422
G1 X132.727 Y75.287 E76.3474
G1 X132.800 Y75.426 E76.3527
G1 X132.846 Y75.576 E76.3579
G1 X132.863 Y75.741 E76.3634
G1 X132.863 Y81.919 E76.5689
G1 X134.169 Y81.919 E76.6123
G1 X135.567 Y82.558 E76.6634
G1 X135.701 Y82.712 E76.6702
G1 X135.733 Y82.863 E76.6754
G1 X135.706 Y83.015 E76.6805
G1 X135.565 Y83.181 E76.6877
G1 X134.169 Y83.819 E76.7388
G1 X132.863 Y83.819 E76.7822
G1 X132.863 Y89.996 E76.9877
G1 X132.846 Y90.162 E76.9932
G1 X132.805 Y90.299 E76.9980
G1 X132.726 Y90.451 E77.0037
G1 X132.628 Y90.571 E77.0088
G1 X132.506 Y90.671 E77.0141
G1 X132.368 Y90.744 E77.0193
G1 X132.219 Y90.790 E77.0245
G1 X132.064 Y90.805 E77.0296
G1 X131.937 Y90.790 E77.0339
G0 F2700 X131.894 Y90.786
G0 F2700 X131.757 Y90.744
G0 F2700 X131.619 Y90.671
G0 F2700 X131.497 Y90.571
G1 F3000 E72.0339
G0 F4200 X132.232 Y90.088
;TYPE:SOLID-FILL
;WIDTH:0.400
G1 F900 Z0.600
G1 F1500 E77.0339
G1 F3000 X132.061 Y89.635 E77.0513
G1 X132.061 Y89.069 E77.0701
G1 X132.061 Y88.504 E77.0889
G1 X132.061 Y87.938 E77.1077
G1 X132.061 Y87.372 E77.1266
G1 X132.061 Y86.806 E77.1454
G1 X132.061 Y86.241 E77.1642
G1 X132.061 Y85.675 E77.1830
G1 X132.061 Y85.109 E77.2018
G1 X132.061 Y84.544 E77.2206
G1 X132.061 Y83.978 E77.2394
G1 X132.061 Y83.412 E77.2583
G1 X131.861 Y82.930 E77.2756
G0 F4200 X131.861 Y82.364
G1 F3000 X132.462 Y82.964 E77.3039
G1 F3000 E72.3039
G1 F900 Z0.900
G0 F4200 X132.262 Y82.199
G1 F900 Z0.600
G1 F1500 E77.3039
G1 F3000 X132.061 Y81.715 E77.3227
G1 X132.061 Y81.150 E77.3415
G1 X132.061 Y80.584 E77.3603
G1 X132.061 Y80.018 E77.3791
G1 X132.061 Y79.453 E77.3979
G1 X132.061 Y78.887 E77.4167
G1 X132.061 Y78.321 E77.4356
G1 X132.061 Y77.756 E77.4544
G1 X132.061 Y77.190 E77.4732
G1 X132.061 Y76.624 E77.4920
G1 X132.061 Y76.058 E77.5108
G1 X131.907 Y75.622 E77.5262
G1 F3000 E72.5262
G1 F900 Z0.900
G0 F4200 X133.510 Y82.599
;TYPE:SOLID-FILL
;WIDTH:0.400
G1 F900 Z0.600
G1 F1500 E77.5262
G1 F2700 X134.040 Y83.128 E77.5511
G1 X134.019 Y83.138 E77.5519
G1 X133.484 Y83.138 E77.5697
G1 X132.945 Y82.599 E77.5950
G1 X132.542 Y82.599 E77.6085
G1 X132.542 Y82.761 E77.6138
G1 X132.566 Y82.785 E77.6150
G0 F2700 X132.919 Y83.138
G1 F3000 E72.6150
G1 F900 Z0.900
G0 F4200 X134.019 Y82.598
G1 F900 Z0.600
G1 F1500 E77.6150
G1 F2700 X134.062 Y82.618 E77.6165
G0 F2700 X134.124 Y82.646
G0 F2700 X134.429 Y82.952
G0 F4200 X133.651 Y82.457
;TYPE:SOLID-FILL
;WIDTH:0.400
G1 F3000 X133.593 Y82.399 E77.6193
G1 F3000 E72.6193
G1 F900 Z0.900
G0 F4200 X132.776 Y83.279
G1 F900 Z0.600
G1 F1500 E77.6193
G1 F3000 X132.836 Y83.338 E77.6221
;LAYER:3
;Z:0.800
;HEIGHT:0.200
G1 F3000 E72.6221
G0 F900 Z0.800
G0 F4200 X131.781 Y90.287
;TYPE:WALL-INNER
;WIDTH:0.400
G1 F900 Z0.800
G1 F1500 E77.6221
G1 F2700 X131.696 Y90.158 E77.6272
G1 X131.663 Y89.977 E77.6333
G1 X131.663 Y75.760 E78.1062
G1 X131.696 Y75.579 E78.1123
G1 X131.781 Y75.451 E78.1174
G1 X131.911 Y75.364 E78.1226
G1 X131.981 Y75.343 E78.1251
G1 X132.138 Y75.341 E78.1303
G1 X132.283 Y75.402 E78.1355
G1 X132.392 Y75.509 E78.1406
G1 X132.452 Y75.656 E78.1459
G1 X132.463 Y75.762 E78.1494
G1 X132.463 Y82.319 E78.3675
G1 X134.082 Y82.319 E78.4213
G1 X135.145 Y82.805 E78.4602
G1 X135.145 Y82.933 E78.4645
G1 X134.082 Y83.419 E78.5034
G1 X132.463 Y83.419 E78.5572
G1 X132.463 Y89.975 E78.7753
G1 X132.429 Y90.159 E78.7815
G1 X132.344 Y90.287 E78.7866
G1 X132.244 Y90.354 E78.7906
G0 F2700 X132.214 Y90.373
G0 F2700 X132.067 Y90.403
G0 F2700 X131.911 Y90.374
G0 F2700 X131.781 Y90.287
G1 F3000 E73.7906
G0 F4200 X131.497 Y90.571
;TYPE:WALL-OUTER
;WIDTH:0.400
G1 F900 Z0.800
G1 F1500 E78.7906
G1 F2700 X131.398 Y90.450 E78.7958
G1 X131.325 Y90.312 E78.8010
G1 X131.279 Y90.162 E78.8062
G1 X131.263 Y89.996 E78.8118
G1 X131.263 Y75.741 E79.2859
G1 X131.279 Y75.575 E79.2914
G1 X131.325 Y75.426 E79.2966
G1 X131.398 Y75.287 E79.3018
G1 X131.497 Y75.166 E79.3070
G1 X131.619 Y75.067 E79.3123
G1 X131.757 Y74.993 E79.3175
G1 X131.905 Y74.948 E79.3226
G1 X132.081 Y74.933 E79.3285
G1 X132.218 Y74.947 E79.3331
G1 X132.368 Y74.993 E79.3383
G1 X132.506 Y75.067 E79.3435
G1 X132.628 Y75.166 E79.3487
G1 X132.727 Y75.287 E79.3539
G1 X132.800 Y75.426 E79.3591
G1 X132.846 Y75.576 E79.3644
G1 X132.863 Y75.741 E79.3699
G1 X132.863 Y81.919 E79.5754
G1 X134.169 Y81.919 E79.6188
G1 X135.566 Y82.558 E79.6699
G1 X135.704 Y82.717 E79.6769
G1 X135.734 Y82.870 E79.6821
G1 X135.707 Y83.011 E79.6869
G1 X135.677 Y83.069 E79.6890
G1 X135.566 Y83.180 E79.6942
G1 X134.169 Y83.819 E79.7453
G1 X132.863 Y83.819 E79.7888
G1 X132.863 Y89.996 E79.9942
G1 X132.846 Y90.161 E79.9997
G1 X132.800 Y90.312 E80.0050
G1 X132.727 Y90.450 E80.0102
G1 X132.628 Y90.571 E80.0154
G1 X132.506 Y90.671 E80.0206
G1 X132.368 Y90.744 E80.0258
G1 X132.219 Y90.790 E80.0310
G1 X132.064 Y90.805 E80.0362
G1 X131.938 Y90.790 E80.0404
G0 F2700 X131.889 Y90.785
G0 F2700 X131.757 Y90.745
G0 F2700 X131.619 Y90.671
G0 F2700 X131.497 Y90.571
G1 F3000 E75.0404
G0 F4200 X131.910 Y90.120
;TYPE:SOLID-FILL
;WIDTH:0.400
G1 F900 Z0.800
G1 F1500 E80.0404
G1 F3000 X132.062 Y89.686 E80.0570
G1 X132.062 Y89.120 E80.0757
G1 X132.062 Y88.554 E80.0945
G1 X132.062 Y87.989 E80.1133
G1 X132.062 Y87.423 E80.1320
G1 X132.062 Y86.857 E80.1508
G1 X132.062 Y86.292 E80.1696
G1 X132.062 Y85.726 E80.1883
G1 X132.062 Y85.160 E80.2071
G1 X132.062 Y84.594 E80.2259
G1 X132.062 Y84.029 E80.2446
G1 X132.262 Y83.546 E80.2620
G0 F4200 X131.862 Y83.380
G1 F3000 X132.462 Y82.780 E80.2902
G0 F4200 X132.262 Y82.415
G1 F3000 X131.862 Y82.531 E80.3090
G1 X132.062 Y81.766 E80.3278
G1 X132.062 Y81.200 E80.3465
G1 X132.062 Y80.635 E80.3653
G1 X132.062 Y80.069 E80.3840
G1 X132.062 Y79.503 E80.4028
G1 X132.062 Y78.938 E80.4216
G1 X132.062 Y78.372 E80.4403
G1 X132.062 Y77.806 E80.4591
G1 X132.062 Y77.241 E80.4779
G1 X132.062 Y76.675 E80.4966
G1 X132.062 Y76.109 E80.5154
G1 X132.234 Y75.654 E80.5316
G1 F3000 E75.5316
G1 F900 Z1.100
G0 F4200 X132.927 Y82.598
;TYPE:SOLID-FILL
;WIDTH:0.400
G1 F900 Z0.800
G1 F1500 E80.5316
G1 F2700 X132.542 Y82.983 E80.5497
G1 X132.542 Y83.139 E80.5549
G1 X132.952 Y83.139 E80.5685
G1 X133.140 Y82.951 E80.5774
G0 F2700 X133.493 Y82.598
G0 F4200 X134.019 Y82.598
G1 F2700 X134.046 Y82.610 E80.5784
G1 X133.518 Y83.139 E80.6032
G1 X134.019 Y83.138 E80.6199
G1 X134.065 Y83.117 E80.6216
G0 F2700 X134.138 Y83.085
G0 F2700 X134.435 Y82.788
G1 F3000 E75.6216
G1 F900 Z1.100
G0 F4200 X133.975 Y82.399
;TYPE:SOLID-FILL
;WIDTH:0.400
G1 F900 Z0.800
G1 F1500 E80.6216
G1 F3000 X133.656 Y82.434 E80.6248
G1 X133.097 Y82.428 E80.6275
G1 X132.785 Y82.457 E80.6380
G1 F3000 E75.6380
G1 F900 Z1.100
G0 F4200 X123.781 Y90.287
;TYPE:WALL-INNER
;WIDTH:0.400
G1 F900 Z0.800
G1 F1500 E80.6380
G1 F2700 X123.696 Y90.158 E80.6431
G1 X123.663 Y89.977 E80.6492
G1 X123.663 Y75.760 E81.1221
G1 X123.696 Y75.579 E81.1282
G1 X123.781 Y75.451 E81.1333
G1 X123.911 Y75.364 E81.1385
G1 X123.981 Y75.343 E81.1409
G1 X124.138 Y75.341 E81.1462
G1 X124.283 Y75.402 E81.1514
G1 X124.392 Y75.509 E81.1565
G1 X124.452 Y75.656 E81.1618
G1 X124.463 Y75.762 E81.1653
G1 X124.463 Y82.319 E81.3834
G1 X126.082 Y82.319 E81.4372
G1 X127.145 Y82.805 E81.4761
G1 X127.145 Y82.933 E81.4804
G1 X126.082 Y83.419 E81.5192
G1 X124.463 Y83.419 E81.5731
G1 X124.463 Y89.975 E81.7911
G1 X124.429 Y90.159 E81.7974
G1 X124.344 Y90.287 E81.8025
G1 X124.244 Y90.354 E81.8065
G0 F2700 X124.214 Y90.373
G0 F2700 X124.067 Y90.403
G0 F2700 X123.911 Y90.374
G0 F2700 X123.781 Y90.287
G1 F3000 E76.8065
G0 F4200 X123.497 Y90.571
;TYPE:WALL-OUTER
;WIDTH:0.400
G1 F900 Z0.800
G1 F1500 E81.8065
G1 F2700 X123.398 Y90.450 E81.8117
G1 X123.325 Y90.312 E81.8169
G1 X123.279 Y90.162 E81.8221
G1 X123.263 Y89.996 E81.8276
G1 X123.263 Y75.741 E82.3018
G1 X123.279 Y75.575 E82.3073
G1 X123.325 Y75.426 E82.3125
G1 X123.398 Y75.287 E82.3177
G1 X123.497 Y75.166 E82.3229
G1 X123.619 Y75.067 E82.3281
G1 X123.757 Y74.993 E82.3334
G1 X123.905 Y74.948 E82.3385
G1 X124.081 Y74.933 E82.3444
G1 X124.218 Y74.947 E82.3490
G1 X124.368 Y74.993 E82.3542
G1 X124.506 Y75.067 E82.3594
G1 X124.628 Y75.166 E82.3646
G1 X124.727 Y75.287 E82.3698
G1 X124.800 Y75.426 E82.3750
G1 X124.846 Y75.576 E82.3802
G1 X124.863 Y75.741 E82.3858
G1 X124.863 Y81.919 E82.5912
G1 X126.169 Y81.919 E82.6347
G1 X127.566 Y82.558 E82.6858
G1 X127.704 Y82.717 E82.6928
G1 X127.734 Y82.870 E82.6980
G1 X127.707 Y83.011 E82.7027
G1 X127.677 Y83.069 E82.7049
G1 X127.566 Y83.180 E82.7101
G1 X126.169 Y83.819 E82.7612
G1 X124.863 Y83.819 E82.8047
G1 X124.863 Y89.996 E83.0101
G1 X124.846 Y90.161 E83.0156
G1 X124.800 Y90.312 E83.0209
G1 X124.727 Y90.450 E83.0261
G1 X124.628 Y90.571 E83.0313
G1 X124.506 Y90.671 E83.0365
G1 X124.368 Y90.744 E83.0417
G1 X124.219 Y90.790 E83.0469
G1 X124.064 Y90.805 E83.0521
G1 X123.938 Y90.790 E83.0563
G0 F2700 X123.889 Y90.785
G0 F2700 X123.757 Y90.745
G0 F2700 X123.619 Y90.671
G0 F2700 X123.497 Y90.571
G1 F3000 E78.0563
G0 F4200 X123.950 Y90.161
;TYPE:SOLID-FILL
;WIDTH:0.400
G1 F900 Z0.800
G1 F1500 E83.0563
G1 F3000 X124.061 Y89.766 E83.0709
G1 X124.061 Y89.201 E83.0897
G1 X124.061 Y88.635 E83.1084
G1 X124.061 Y88.069 E83.1271
G1 X124.061 Y87.504 E83.1459
G1 X124.061 Y86.938 E83.1646
G1 X124.061 Y86.372 E83.1833
G1 X124.061 Y85.806 E83.2021
G1 X124.061 Y85.241 E83.2208
G1 X124.061 Y84.675 E83.2396
G1 X124.061 Y84.109 E83.2583
G1 X124.261 Y83.627 E83.2756
G0 F4200 X123.862 Y83.461
G1 F3000 X124.462 Y82.861 E83.3039
G0 F4200 X124.261 Y82.496
G1 F3000 X123.862 Y82.612 E83.3226
G1 X124.061 Y81.847 E83.3414
G1 X124.061 Y81.281 E83.3601
G1 X124.061 Y80.715 E83.3788
G1 X124.061 Y80.150 E83.3976
G1 X124.061 Y79.584 E83.4163
G1 X124.061 Y79.018 E83.4350
G1 X124.061 Y78.453 E83.4538
G1 X124.061 Y77.887 E83.4725
G1 X124.061 Y77.321 E83.4912
G1 X124.061 Y76.756 E83.5100
G1 X124.061 Y76.190 E83.5287
G1 X124.255 Y75.714 E83.5458
G1 F3000 E78.5458
G1 F900 Z1.100
G0 F4200 X125.007 Y82.598
;TYPE:SOLID-FILL
;WIDTH:0.400
G1 F900 Z0.800
G1 F1500 E83.5458
G1 F2700 X124.542 Y83.063 E83.5677
G1 X124.542 Y83.138 E83.5702
G1 X125.033 Y83.138 E83.5865
G1 X125.220 Y82.951 E83.5953
G0 F2700 X125.573 Y82.598
G0 F4200 X126.019 Y82.598
G1 F2700 X126.101 Y82.636 E83.5983
G1 X125.599 Y83.138 E83.6219
G1 X126.019 Y83.138 E83.6359
G1 X126.031 Y83.132 E83.6363
G0 F2700 X126.286 Y83.017
G0 F2700 X126.442 Y82.861
G1 F3000 E78.6363
G1 F900 Z1.100
G0 F4200 X126.055 Y82.399
;TYPE:SOLID-FILL
;WIDTH:0.400
G1 F900 Z0.800
G1 F1500 E83.6363
G1 F3000 X125.724 Y82.447 E83.6408
G1 X125.177 Y82.428 E83.6435
G1 X124.865 Y82.457 E83.6539
G1 F3000 E78.6539
G1 F900 Z1.100
G0 F4200 X115.911 Y90.374
;TYPE:WALL-INNER
;WIDTH:0.400
G1 F900 Z0.800
G1 F1500 E83.6539
G1 F2700 X115.781 Y90.287 E83.6591
G1 X115.696 Y90.158 E83.6643
G1 X115.663 Y89.977 E83.6704
G1 X115.663 Y75.760 E84.1432
G1 X115.696 Y75.579 E84.1494
G1 X115.781 Y75.451 E84.1545
G1 X115.911 Y75.364 E84.1597
G1 X115.981 Y75.343 E84.1621
G1 X116.138 Y75.341 E84.1673
G1 X116.283 Y75.402 E84.1726
G1 X116.392 Y75.509 E84.1776
G1 X116.452 Y75.656 E84.1829
G1 X116.463 Y75.762 E84.1865
G1 X116.463 Y82.319 E84.4045
G1 X118.082 Y82.319 E84.4584
G1 X119.145 Y82.805 E84.4973
G1 X119.145 Y82.933 E84.5015
G1 X118.082 Y83.419 E84.5404
G1 X116.463 Y83.419 E84.5943
G1 X116.463 Y89.975 E84.8123
G1 X116.429 Y90.159 E84.8185
G1 X116.364 Y90.257 E84.8224
G0 F2700 X116.344 Y90.287
G0 F2700 X116.214 Y90.373
G0 F2700 X116.067 Y90.403
G0 F2700 X115.911 Y90.374
G1 F3000 E79.8224
G0 F4200 X115.757 Y90.745
;TYPE:WALL-OUTER
;WIDTH:0.400
G1 F900 Z0.800
G1 F1500 E84.8224
G1 F2700 X115.619 Y90.671 E84.8277
G1 X115.497 Y90.571 E84.8329
G1 X115.398 Y90.450 E84.8381
G1 X115.325 Y90.312 E84.8433
G1 X115.279 Y90.162 E84.8485
G1 X115.263 Y89.996 E84.8541
G1 X115.263 Y75.741 E85.3282
G1 X115.279 Y75.575 E85.3337
G1 X115.325 Y75.426 E85.3389
G1 X115.398 Y75.287 E85.3441
G1 X115.497 Y75.166 E85.3493
G1 X115.619 Y75.067 E85.3546
G1 X115.757 Y74.993 E85.3598
G1 X115.905 Y74.948 E85.3649
G1 X116.081 Y74.933 E85.3708
G1 X116.218 Y74.947 E85.3754
G1 X116.368 Y74.993 E85.3806
G1 X116.506 Y75.067 E85.3858
G1 X116.628 Y75.166 E85.3910
G1 X116.727 Y75.287 E85.3962
G1 X116.800 Y75.426 E85.4014
G1 X116.846 Y75.576 E85.4067
G1 X116.863 Y75.741 E85.4122
G1 X116.863 Y81.919 E85.6177
G1 X118.169 Y81.919 E85.6611
G1 X119.566 Y82.558 E85.7122
G1 X119.704 Y82.717 E85.7192
G1 X119.734 Y82.870 E85.7244
G1 X119.707 Y83.011 E85.7292
G1 X119.677 Y83.069 E85.7313
G1 X119.566 Y83.180 E85.7365
G1 X118.169 Y83.819 E85.7876
G1 X116.863 Y83.819 E85.8311
G1 X116.863 Y89.996 E86.0365
G1 X116.846 Y90.161 E86.0420
G1 X116.800 Y90.312 E86.0473
G1 X116.727 Y90.450 E86.0525
G1 X116.628 Y90.571 E86.0577
G1 X116.506 Y90.671 E86.0629
G1 X116.368 Y90.744 E86.0681
G1 X116.249 Y90.781 E86.0723
G0 F2700 X116.219 Y90.790
G0 F2700 X116.064 Y90.805
G0 F2700 X115.889 Y90.785
G0 F2700 X115.757 Y90.745
G1 F3000 E81.0723
G0 F4200 X116.003 Y90.188
;TYPE:SOLID-FILL
;WIDTH:0.400
G1 F900 Z0.800
G1 F1500 E86.0723
G1 F3000 X116.062 Y89.846 E86.0844
G1 X116.062 Y89.281 E86.1032
G1 X116.062 Y88.715 E86.1220
G1 X116.062 Y88.149 E86.1408
G1 X116.062 Y87.584 E86.1596
G1 X116.062 Y87.018 E86.1784
G1 X116.062 Y86.452 E86.1972
G1 X116.062 Y85.887 E86.2160
G1 X116.062 Y85.321 E86.2347
G1 X116.062 Y84.755 E86.2535
G1 X116.062 Y84.189 E86.2723
G1 X116.262 Y83.707 E86.2897
G0 F4200 X115.862 Y83.541
G1 F3000 X116.462 Y82.941 E86.3179
G0 F4200 X116.319 Y82.518
G1 F3000 X115.862 Y82.693 E86.3394
G1 X116.061 Y81.927 E86.3582
G1 X116.061 Y81.362 E86.3769
G1 X116.061 Y80.796 E86.3957
G1 X116.061 Y80.230 E86.4144
G1 X116.061 Y79.665 E86.4331
G1 X116.061 Y79.099 E86.4519
G1 X116.061 Y78.533 E86.4706
G1 X116.061 Y77.967 E86.4893
G1 X116.061 Y77.402 E86.5081
G1 X116.061 Y76.836 E86.5268
G1 X116.061 Y76.270 E86.5455
G1 X116.261 Y75.788 E86.5629
G1 F3000 E81.5629
G1 F900 Z1.100
G0 F4200 X117.088 Y82.598
;TYPE:SOLID-FILL
;WIDTH:0.400
G1 F900 Z0.800
G1 F1500 E86.5629
G1 F2700 X116.548 Y83.138 E86.5883
G1 X117.113 Y83.138 E86.6071
G1 X117.300 Y82.951 E86.6159
G0 F2700 X117.654 Y82.598
G0 F4200 X118.019 Y82.599
G1 F2700 X118.156 Y82.661 E86.6209
G1 X117.679 Y83.138 E86.6433
G1 X117.974 Y83.138 E86.6531
G0 F2700 X118.018 Y83.138
G0 F2700 X118.434 Y82.949
G1 F3000 E81.6531
G1 F900 Z1.100
G0 F4200 X118.014 Y82.520
;TYPE:SOLID-FILL
;WIDTH:0.400
G1 F900 Z0.800
G1 F1500 E86.6531
G1 F3000 X117.827 Y82.424 E86.6564
G1 X117.259 Y82.427 E86.6591
G1 X116.692 Y82.427 E86.6618
G1 X116.342 Y82.496 E86.6737
G1 F3000 E81.6737
G1 F900 Z1.100
G0 F4200 X107.911 Y90.374
;TYPE:WALL-INNER
;WIDTH:0.400
G1 F900 Z0.800
G1 F1500 E86.6737
G1 F2700 X107.781 Y90.287 E86.6789
G1 X107.696 Y90.158 E86.6840
G1 X107.663 Y89.977 E86.6901
G1 X107.663 Y75.760 E87.1630
G1 X107.696 Y75.579 E87.1691
G1 X107.781 Y75.451 E87.1742
G1 X107.911 Y75.364 E87.1794
G1 X107.981 Y75.343 E87.1819
G1 X108.138 Y75.341 E87.1871
G1 X108.283 Y75.402 E87.1923
G1 X108.392 Y75.509 E87.1974
G1 X108.452 Y75.656 E87.2027
G1 X108.463 Y75.762 E87.2062
G1 X108.463 Y82.319 E87.4243
G1 X110.082 Y82.319 E87.4782
G1 X111.145 Y82.805 E87.5170
G1 X111.145 Y82.933 E87.5213
G1 X110.082 Y83.419 E87.5602
G1 X108.463 Y83.419 E87.6140
G1 X108.463 Y89.975 E87.8321
G1 X108.429 Y90.159 E87.8383
G1 X108.364 Y90.257 E87.8422
G0 F2700 X108.344 Y90.287
G0 F2700 X108.214 Y90.373
G0 F2700 X108.067 Y90.403
G0 F2700 X107.911 Y90.374
G1 F3000 E82.8422
G0 F4200 X107.757 Y90.745
;TYPE:WALL-OUTER
;WIDTH:0.400
G1 F900 Z0.800
G1 F1500 E87.8422
G1 F2700 X107.619 Y90.671 E87.8474
G1 X107.497 Y90.571 E87.8527
G1 X107.398 Y90.450 E87.8579
G1 X107.325 Y90.312 E87.8631
G1 X107.279 Y90.162 E87.8683
G1 X107.263 Y89.996 E87.8738
G1 X107.263 Y75.741 E88.3479
G1 X107.279 Y75.575 E88.3535
G1 X107.325 Y75.426 E88.3587
G1 X107.398 Y75.287 E88.3639
G1 X107.497 Y75.166 E88.3691
G1 X107.619 Y75.067 E88.3743
G1 X107.757 Y74.993 E88.3795
G1 X107.905 Y74.948 E88.3847
G1 X108.081 Y74.933 E88.3906
G1 X108.218 Y74.947 E88.3951
G1 X108.368 Y74.993 E88.4004
G1 X108.506 Y75.067 E88.4056
G1 X108.628 Y75.166 E88.4108
G1 X108.727 Y75.287 E88.4160
G1 X108.800 Y75.426 E88.4212
G1 X108.846 Y75.576 E88.4264
G1 X108.863 Y75.741 E88.4319
G1 X108.863 Y81.919 E88.6374
G1 X110.169 Y81.919 E88.6809
G1 X111.566 Y82.558 E88.7320
G1 X111.704 Y82.717 E88.7390
G1 X111.734 Y82.870 E88.7441
G1 X111.707 Y83.011 E88.7489
G1 X111.677 Y83.069 E88.7511
G1 X111.566 Y83.180 E88.7563
G1 X110.169 Y83.819 E88.8074
G1 X108.863 Y83.819 E88.8508
G1 X108.863 Y89.996 E89.0563
G1 X108.846 Y90.161 E89.0618
G1 X108.800 Y90.312 E89.0671
G1 X108.727 Y90.450 E89.0722
G1 X108.628 Y90.571 E89.0774
G1 X108.506 Y90.671 E89.0827
G1 X108.368 Y90.744 E89.0879
G1 X108.249 Y90.781 E89.0920
G0 F2700 X108.219 Y90.790
G0 F2700 X108.064 Y90.805
G0 F2700 X107.889 Y90.785
G0 F2700 X107.757 Y90.745
G1 F3000 E84.0920
G0 F4200 X108.075 Y90.197
;TYPE:SOLID-FILL
;WIDTH:0.400
G1 F900 Z0.800
G1 F1500 E89.0920
G1 F3000 X108.055 Y89.933 E89.1002
G1 X108.062 Y89.361 E89.1190
G1 X108.062 Y88.795 E89.1377
G1 X108.062 Y88.230 E89.1565
G1 X108.062 Y87.664 E89.1753
G1 X108.062 Y87.098 E89.1940
G1 X108.062 Y86.533 E89.2127
G1 X108.062 Y85.967 E89.2315
G1 X108.062 Y85.401 E89.2503
G1 X108.062 Y84.836 E89.2690
G1 X108.062 Y84.270 E89.2878
G1 X108.062 Y83.704 E89.3066
G1 X108.263 Y83.220 E89.3253
G1 X108.431 Y82.770 E89.3346
G1 X107.862 Y82.773 E89.3598
G1 X108.062 Y82.007 E89.3786
G1 X108.062 Y81.441 E89.3973
G1 X108.062 Y80.876 E89.4161
G1 X108.062 Y80.310 E89.4348
G1 X108.062 Y79.744 E89.4536
G1 X108.062 Y79.179 E89.4723
G1 X108.062 Y78.613 E89.4911
G1 X108.062 Y78.047 E89.5098
G1 X108.062 Y77.482 E89.5286
G1 X108.062 Y76.916 E89.5474
G1 X108.062 Y76.350 E89.5661
G1 X108.142 Y75.705 E89.5848
G1 X107.880 Y75.684 E89.5936
G1 F3000 E84.5936
G1 F900 Z1.100
G0 F4200 X108.542 Y82.659
;TYPE:SOLID-FILL
;WIDTH:0.400
G1 F900 Z0.800
G1 F1500 E89.5936
G1 F2700 X108.603 Y82.598 E89.5964
G1 X109.168 Y82.598 E89.6152
G1 X108.627 Y83.139 E89.6407
G1 X109.193 Y83.139 E89.6595
G1 X109.381 Y82.951 E89.6684
G0 F2700 X109.734 Y82.598
G0 F4200 X109.759 Y83.139
G1 F2700 X110.008 Y82.890 E89.6801
G0 F2700 X110.212 Y82.686
G0 F2700 X110.019 Y82.599
G1 F3000 E84.6801
G1 F900 Z1.100
G0 F4200 X109.900 Y83.280
;TYPE:SOLID-FILL
;WIDTH:0.400
G1 F900 Z0.800
G1 F1500 E89.6801
G1 F3000 X109.842 Y83.338 E89.6828
G1 F3000 E84.6828
G1 F900 Z1.100
G0 F4200 X102.034 Y83.269
;TYPE:WALL-INNER
;WIDTH:0.400
G1 F900 Z0.800
G1 F1500 E89.6828
G1 F2700 X90.092 Y83.269 E90.0800
G1 X89.912 Y83.236 E90.0861
G1 X89.781 Y83.149 E90.0913
G1 X89.733 Y83.091 E90.0938
G1 X89.673 Y82.946 E90.0990
G1 X89.673 Y82.792 E90.1042
G1 X89.733 Y82.647 E90.1094
G1 X89.781 Y82.588 E90.1119
G1 X89.911 Y82.502 E90.1171
G1 X89.985 Y82.479 E90.1197
G1 X95.513 Y82.469 E90.3035
G1 X95.513 Y65.848 E90.8563
G1 X95.998 Y64.772 E90.8956
G1 X96.126 Y64.772 E90.8999
G1 X96.612 Y65.848 E90.9391
G1 X96.612 Y82.469 E91.4919
G1 X102.140 Y82.479 E91.6758
G1 X102.283 Y82.539 E91.6810
G1 X102.344 Y82.588 E91.6836
G1 X102.421 Y82.702 E91.6881
G1 X102.460 Y82.869 E91.6938
G1 X102.430 Y83.014 E91.6988
G0 F2700 X102.429 Y83.021
G0 F2700 X102.344 Y83.149
G0 F2700 X102.283 Y83.198
G0 F2700 X102.140 Y83.259
G0 F2700 X102.034 Y83.269
G1 F3000 E86.6988
G0 F4200 X102.053 Y83.669
;TYPE:WALL-OUTER
;WIDTH:0.400
G1 F900 Z0.800
G1 F1500 E91.6988
G1 F2700 X90.073 Y83.669 E92.0972
G1 X89.906 Y83.653 E92.1028
G1 X89.757 Y83.607 E92.1080
G1 X89.619 Y83.533 E92.1132
G1 X89.497 Y83.434 E92.1184
G1 X89.398 Y83.313 E92.1236
G1 X89.325 Y83.174 E92.1288
G1 X89.279 Y83.025 E92.1340
G1 X89.264 Y82.869 E92.1392
G1 X89.279 Y82.713 E92.1445
G1 X89.325 Y82.563 E92.1497
G1 X89.398 Y82.425 E92.1549
G1 X89.497 Y82.304 E92.1601
G1 X89.619 Y82.204 E92.1653
G1 X89.757 Y82.131 E92.1705
G1 X89.906 Y82.085 E92.1757
G1 X90.073 Y82.069 E92.1813
G1 X95.113 Y82.069 E92.3489
G1 X95.113 Y65.762 E92.8913
G1 X95.706 Y64.446 E92.9393
G1 X95.800 Y64.306 E92.9449
G1 X95.980 Y64.205 E92.9518
G1 X96.135 Y64.205 E92.9569
G1 X96.270 Y64.261 E92.9618
G1 X96.373 Y64.362 E92.9666
G1 X96.410 Y64.429 E92.9691
G1 X97.012 Y65.762 E93.0178
G1 X97.012 Y82.069 E93.5601
G1 X102.053 Y82.069 E93.7278
G1 X102.219 Y82.085 E93.7334
G1 X102.368 Y82.131 E93.7385
G1 X102.506 Y82.204 E93.7437
G1 X102.628 Y82.304 E93.7490
G1 X102.727 Y82.425 E93.7542
G1 X102.791 Y82.545 E93.7587
G1 X102.846 Y82.715 E93.7646
G1 X102.862 Y82.869 E93.7698
G1 X102.846 Y83.024 E93.7750
G1 X102.800 Y83.174 E93.7802
G1 X102.727 Y83.313 E93.7854
G1 X102.628 Y83.434 E93.7906
G1 X102.523 Y83.519 E93.7951
G0 F2700 X102.506 Y83.533
G0 F2700 X102.368 Y83.607
G0 F2700 X102.219 Y83.653
G0 F2700 X102.053 Y83.669
G1 F3000 E88.7951
G0 F4200 X101.626 Y83.069
;TYPE:SOLID-FILL
;WIDTH:0.400
G1 F900 Z0.800
G1 F1500 E93.7951
G1 F3000 X101.734 Y82.677 E93.8135
G1 X100.974 Y82.873 E93.8319
G1 X100.409 Y82.872 E93.8503
G1 X99.843 Y82.871 E93.8688
G1 X99.279 Y82.871 E93.8873
G1 X98.713 Y82.870 E93.9059
G1 X98.148 Y82.870 E93.9245
G1 X97.583 Y82.869 E93.9432
G1 X96.930 Y82.956 E93.9619
G1 X96.935 Y82.669 E93.9715
G1 F3000 E88.9715
G1 F900 Z1.100
G0 F4200 X96.333 Y82.988
;TYPE:SOLID-FILL
;WIDTH:0.400
G1 F900 Z0.800
G1 F1500 E93.9715
G1 F2700 X96.573 Y82.749 E93.9827
G1 X96.331 Y82.749 E93.9908
G1 X96.331 Y82.425 E94.0016
G1 X95.767 Y82.988 E94.0281
G1 X95.443 Y82.988 E94.0389
G1 X95.443 Y82.749 E94.0468
G1 X95.792 Y82.749 E94.0584
G1 X95.792 Y82.398 E94.0701
G1 X96.331 Y81.859 E94.0954
G1 X96.331 Y81.293 E94.1143
G1 X95.792 Y81.832 E94.1396
G1 X95.792 Y81.267 E94.1584
G1 X96.331 Y80.728 E94.1838
G1 X96.331 Y80.162 E94.2026
G1 X95.792 Y80.701 E94.2279
G1 X95.792 Y80.135 E94.2468
G1 X96.331 Y79.596 E94.2721
G1 X96.331 Y79.031 E94.2909
G1 X95.792 Y79.570 E94.3163
G1 X95.792 Y79.004 E94.3351
G1 X96.331 Y78.465 E94.3604
G1 X96.331 Y77.899 E94.3793
G1 X95.792 Y78.438 E94.4046
G1 X95.792 Y77.872 E94.4234
G1 X96.331 Y77.334 E94.4488
G1 X96.331 Y76.768 E94.4676
G1 X95.792 Y77.307 E94.4929
G1 X95.792 Y76.741 E94.5118
G1 X96.331 Y76.202 E94.5371
G1 X96.331 Y75.637 E94.5559
G1 X95.792 Y76.175 E94.5812
G1 X95.792 Y75.610 E94.6000
G1 X96.331 Y75.071 E94.6254
G1 X96.331 Y74.505 E94.6442
G1 X95.792 Y75.044 E94.6696
G1 X95.792 Y74.478 E94.6884
G1 X96.331 Y73.940 E94.7137
G1 X96.331 Y73.374 E94.7326
G1 X95.792 Y73.913 E94.7579
G1 X95.792 Y73.347 E94.7767
G1 X96.331 Y72.808 E94.8021
G1 X96.331 Y72.242 E94.8209
G1 X95.792 Y72.781 E94.8463
G1 X95.792 Y72.216 E94.8651
G1 X96.331 Y71.677 E94.8904
G1 X96.331 Y71.111 E94.9092
G1 X95.792 Y71.650 E94.9346
G1 X95.792 Y71.084 E94.9534
G1 X96.331 Y70.545 E94.9788
G1 X96.331 Y69.980 E94.9976
G1 X95.792 Y70.519 E95.0229
G1 X95.792 Y69.953 E95.0417
G1 X96.331 Y69.414 E95.0671
G1 X96.331 Y68.848 E95.0859
G1 X95.792 Y69.387 E95.1113
G1 X95.792 Y68.821 E95.1301
G1 X96.331 Y68.283 E95.1554
G1 X96.331 Y67.717 E95.1742
G1 X95.792 Y68.256 E95.1996
G1 X95.792 Y67.690 E95.2184
G1 X96.331 Y67.151 E95.2438
G1 X96.331 Y66.586 E95.2626
G1 X95.792 Y67.124 E95.2879
G1 X95.792 Y66.559 E95.3067
G1 X96.331 Y66.020 E95.3320
G1 X96.331 Y65.908 E95.3358
G1 X96.189 Y65.596 E95.3472
G1 X96.145 Y65.640 E95.3492
G0 F2700 X95.792 Y65.993
G0 F4200 X95.651 Y65.852
;TYPE:SOLID-FILL
;WIDTH:0.400
G1 F3000 X95.592 Y65.910 E95.3520
G1 F3000 E90.3520
G1 F900 Z1.100
G0 F4200 X96.879 Y82.725
G1 F900 Z0.800
G1 F1500 E95.3520
G1 F3000 X96.645 Y82.959 E95.3549
G1 X96.416 Y83.188 E95.3657
G1 F3000 E90.3657
G1 F900 Z1.100
G0 F4200 X95.238 Y82.669
G1 F900 Z0.800
G1 F1500 E95.3657
G1 F3000 X94.754 Y82.869 E95.3845
G1 X94.188 Y82.870 E95.4032
G1 X93.622 Y82.870 E95.4219
G1 X93.056 Y82.871 E95.4405
G1 X92.489 Y82.871 E95.4591
G1 X91.924 Y82.872 E95.4776
G1 X91.357 Y82.872 E95.4961
G1 X90.791 Y82.873 E95.5146
G1 X90.225 Y82.873 E95.5329
G1 X89.883 Y82.933 E95.5445
G1 F3000 E90.5445
G1 F900 Z1.100
G0 F4200 X92.140 Y88.259
;TYPE:WALL-INNER
;WIDTH:0.400
G1 F900 Z0.800
G1 F1500 E95.5445
G1 F2700 X92.034 Y88.269 E95.5480
G1 X80.092 Y88.269 E95.9452
G1 X79.912 Y88.236 E95.9513
G1 X79.781 Y88.149 E95.9565
G1 X79.733 Y88.091 E95.9590
G1 X79.673 Y87.946 E95.9642
G1 X79.673 Y87.792 E95.9694
G1 X79.733 Y87.647 E95.9746
G1 X79.781 Y87.588 E95.9771
G1 X79.911 Y87.502 E95.9823
G1 X79.985 Y87.479 E95.9849
G1 X85.513 Y87.469 E96.1687
G1 X85.513 Y70.848 E96.7215
G1 X85.998 Y69.772 E96.7608
G1 X86.126 Y69.772 E96.7651
G1 X86.612 Y70.848 E96.8043
G1 X86.612 Y87.469 E97.3571
G1 X92.140 Y87.479 E97.5410
G1 X92.283 Y87.539 E97.5462
G1 X92.344 Y87.588 E97.5488
G1 X92.421 Y87.702 E97.5533
G1 X92.460 Y87.869 E97.5590
G1 X92.451 Y87.910 E97.5604
G0 F2700 X92.429 Y88.021
G0 F2700 X92.344 Y88.149
G0 F2700 X92.283 Y88.198
G0 F2700 X92.140 Y88.259
G1 F3000 E92.5604
G0 F4200 X92.219 Y88.653
;TYPE:WALL-OUTER
;WIDTH:0.400
G1 F900 Z0.800
G1 F1500 E97.5604
G1 F2700 X92.053 Y88.669 E97.5660
G1 X80.073 Y88.669 E97.9644
G1 X79.906 Y88.653 E97.9700
G1 X79.757 Y88.607 E97.9752
G1 X79.619 Y88.533 E97.9804
G1 X79.497 Y88.434 E97.9856
G1 X79.398 Y88.313 E97.9908
G1 X79.325 Y88.174 E97.9961
G1 X79.279 Y88.025 E98.0013
G1 X79.264 Y87.869 E98.0065
G1 X79.279 Y87.713 E98.0117
G1 X79.325 Y87.563 E98.0169
G1 X79.398 Y87.425 E98.0221
G1 X79.497 Y87.304 E98.0273
G1 X79.619 Y87.204 E98.0325
G1 X79.757 Y87.131 E98.0377
G1 X79.906 Y87.085 E98.0429
G1 X80.073 Y87.069 E98.0485
G1 X85.113 Y87.069 E98.2161
G1 X85.113 Y70.762 E98.7585
G1 X85.706 Y69.446 E98.8065
G1 X85.806 Y69.298 E98.8124
G1 X85.847 Y69.264 E98.8142
G1 X85.990 Y69.205 E98.8194
G1 X86.135 Y69.205 E98.8242
G1 X86.270 Y69.261 E98.8290
G1 X86.373 Y69.362 E98.8338
G1 X86.410 Y69.429 E98.8364
G1 X87.012 Y70.762 E98.8850
G1 X87.012 Y87.069 E99.4274
G1 X92.053 Y87.069 E99.5951
G1 X92.219 Y87.085 E99.6006
G1 X92.368 Y87.131 E99.6058
G1 X92.506 Y87.204 E99.6110
G1 X92.628 Y87.304 E99.6163
G1 X92.727 Y87.425 E99.6215
G1 X92.791 Y87.545 E99.6260
G1 X92.846 Y87.715 E99.6319
G1 X92.862 Y87.869 E99.6371
G1 X92.846 Y88.024 E99.6422
G1 X92.800 Y88.174 E99.6475
G1 X92.727 Y88.313 E99.6527
G1 X92.648 Y88.410 E99.6569
G0 F2700 X92.628 Y88.434
G0 F2700 X92.506 Y88.533
G0 F2700 X92.368 Y88.607
G0 F2700 X92.219 Y88.653
G1 F3000 E94.6569
G0 F4200 X92.121 Y88.049
;TYPE:SOLID-FILL
;WIDTH:0.400
G1 F900 Z0.800
G1 F1500 E99.6569
G1 F3000 X92.084 Y87.803 E99.6625
G1 X91.448 Y87.872 E99.6808
G1 X90.883 Y87.872 E99.6992
G1 X90.318 Y87.871 E99.7176
G1 X89.753 Y87.871 E99.7360
G1 X89.188 Y87.870 E99.7545
G1 X88.622 Y87.870 E99.7731
G1 X88.057 Y87.869 E99.7917
G1 X87.492 Y87.868 E99.8103
G1 X86.885 Y87.910 E99.8291
G1 X86.844 Y87.669 E99.8372
G0 F4200 X86.483 Y87.747
;TYPE:SOLID-FILL
;WIDTH:0.400
G1 F2700 X86.242 Y87.988 E99.8486
G1 X85.677 Y87.988 E99.8674
G1 X86.331 Y87.334 E99.8981
G1 X86.331 Y86.768 E99.9170
G1 X85.792 Y87.307 E99.9423
G1 X85.792 Y86.741 E99.9611
G1 X86.331 Y86.202 E99.9865
G1 X86.331 Y85.636 E100.0053
G1 X85.792 Y86.175 E100.0307
G1 X85.792 Y85.610 E100.0495
G1 X86.331 Y85.071 E100.0748
G1 X86.331 Y84.505 E100.0936
G1 X85.792 Y85.044 E100.1190
G1 X85.792 Y84.478 E100.1378
G1 X86.331 Y83.939 E100.1632
G1 X86.331 Y83.374 E100.1820
G1 X85.792 Y83.913 E100.2073
G1 X85.792 Y83.347 E100.2261
G1 X86.331 Y82.808 E100.2515
G1 X86.331 Y82.242 E100.2703
G1 X85.792 Y82.781 E100.2957
G1 X85.792 Y82.216 E100.3145
G1 X86.331 Y81.677 E100.3398
G1 X86.331 Y81.111 E100.3586
G1 X85.792 Y81.650 E100.3840
G1 X85.792 Y81.084 E100.4028
G1 X86.331 Y80.545 E100.4282
G1 X86.331 Y79.980 E100.4470
G1 X85.792 Y80.518 E100.4723
G1 X85.792 Y79.953 E100.4911
G1 X86.331 Y79.414 E100.5164
G1 X86.331 Y78.848 E100.5353
G1 X85.792 Y79.387 E100.5606
G1 X85.792 Y78.821 E100.5794
G1 X86.331 Y78.283 E100.6048
G1 X86.331 Y77.717 E100.6236
G1 X85.792 Y78.256 E100.6490
G1 X85.792 Y77.690 E100.6678
G1 X86.331 Y77.151 E100.6931
G1 X86.331 Y76.586 E100.7119
G1 X85.792 Y77.124 E100.7373
G1 X85.792 Y76.559 E100.7560
G1 X86.331 Y76.020 E100.7814
G1 X86.331 Y75.454 E100.8002
G1 X85.792 Y75.993 E100.8256
G1 X85.792 Y75.427 E100.8444
G1 X86.331 Y74.888 E100.8698
G1 X86.331 Y74.323 E100.8885
G1 X85.792 Y74.862 E100.9139
G1 X85.792 Y74.296 E100.9327
G1 X86.331 Y73.757 E100.9581
G1 X86.331 Y73.191 E100.9769
G1 X85.792 Y73.730 E101.0023
G1 X85.792 Y73.165 E101.0210
G1 X86.331 Y72.626 E101.0464
G1 X86.331 Y72.060 E101.0652
G1 X85.792 Y72.599 E101.0906
G1 X85.792 Y72.033 E101.1094
G1 X86.331 Y71.494 E101.1348
G1 X86.331 Y70.929 E101.1535
G1 X85.792 Y71.467 E101.1789
G1 X85.791 Y70.907 E101.1975
G1 X85.795 Y70.899 E101.1978
G1 X85.807 Y70.887 E101.1984
G0 F2700 X86.160 Y70.533
G1 F3000 E96.1984
G1 F900 Z1.100
G0 F4200 X86.880 Y87.633
;TYPE:SOLID-FILL
;WIDTH:0.400
G1 F900 Z0.800
G1 F1500 E101.1984
G1 F3000 X86.625 Y87.888 E101.2104
G0 F4200 X85.433 Y87.949
G1 F3000 X85.195 Y87.903 E101.2192
G1 X84.664 Y87.868 E101.2380
G1 X84.098 Y87.869 E101.2567
G1 X83.532 Y87.870 E101.2753
G1 X82.965 Y87.870 E101.2940
G1 X82.400 Y87.871 E101.3125
G1 X81.833 Y87.871 E101.3309
G1 X81.267 Y87.872 E101.3494
G1 X80.701 Y87.872 E101.3677
G1 X80.048 Y87.960 E101.3862
G1 X80.048 Y87.677 E101.3956
;LAYER:4
;Z:1.000
;HEIGHT:0.200
G1 F3000 E96.3956
G0 F900 Z1.000
G0 F4200 X92.140 Y88.259
;TYPE:WALL-INNER
;WIDTH:0.400
G1 F900 Z1.000
G1 F1500 E101.3956
G1 F2700 X92.034 Y88.269 E101.3991
G1 X80.092 Y88.269 E101.7963
G1 X79.912 Y88.236 E101.8024
G1 X79.781 Y88.149 E101.8076
G1 X79.733 Y88.091 E101.8101
G1 X79.673 Y87.946 E101.8153
G1 X79.673 Y87.790 E101.8205
G1 X79.737 Y87.643 E101.8259
G1 X79.782 Y87.588 E101.8282
G1 X79.842 Y87.539 E101.8308
G1 X79.985 Y87.479 E101.8360
G1 X85.513 Y87.469 E102.0198
G1 X85.513 Y70.849 E102.5726
G1 X85.999 Y69.785 E102.6115
G1 X86.126 Y69.785 E102.6157
G1 X86.612 Y70.849 E102.6546
G1 X86.612 Y87.469 E103.2074
G1 X92.140 Y87.479 E103.3913
G1 X92.283 Y87.539 E103.3964
G1 X92.344 Y87.588 E103.3991
G1 X92.429 Y87.716 E103.4042
G1 X92.460 Y87.869 E103.4094
G1 X92.451 Y87.910 E103.4107
G0 F2700 X92.429 Y88.021
G0 F2700 X92.344 Y88.149
G0 F2700 X92.283 Y88.198
G0 F2700 X92.140 Y88.259
G1 F3000 E98.4107
G0 F4200 X92.219 Y88.653
;TYPE:WALL-OUTER
;WIDTH:0.400
G1 F900 Z1.000
G1 F1500 E103.4107
G1 F2700 X92.053 Y88.669 E103.4163
G1 X80.073 Y88.669 E103.8148
G1 X79.906 Y88.653 E103.8203
G1 X79.757 Y88.607 E103.8255
G1 X79.619 Y88.533 E103.8307
G1 X79.497 Y88.434 E103.8360
G1 X79.398 Y88.313 E103.8412
G1 X79.325 Y88.174 E103.8464
G1 X79.279 Y88.025 E103.8516
G1 X79.264 Y87.869 E103.8568
G1 X79.279 Y87.713 E103.8620
G1 X79.317 Y87.586 E103.8664
G1 X79.400 Y87.423 E103.8725
G1 X79.497 Y87.304 E103.8776
G1 X79.619 Y87.204 E103.8828
G1 X79.757 Y87.131 E103.8880
G1 X79.906 Y87.085 E103.8932
G1 X80.073 Y87.069 E103.8988
G1 X85.113 Y87.069 E104.0664
G1 X85.113 Y70.762 E104.6088
G1 X85.754 Y69.358 E104.6601
G1 X85.800 Y69.305 E104.6625
G1 X85.980 Y69.205 E104.6693
G1 X86.145 Y69.205 E104.6748
G1 X86.204 Y69.223 E104.6769
G1 X86.271 Y69.261 E104.6794
G1 X86.374 Y69.365 E104.6843
G1 X87.012 Y70.762 E104.7354
G1 X87.012 Y87.069 E105.2777
G1 X92.053 Y87.069 E105.4454
G1 X92.219 Y87.085 E105.4509
G1 X92.368 Y87.131 E105.4561
G1 X92.506 Y87.204 E105.4613
G1 X92.628 Y87.304 E105.4666
G1 X92.727 Y87.425 E105.4718
G1 X92.800 Y87.563 E105.4770
G1 X92.846 Y87.714 E105.4822
G1 X92.862 Y87.869 E105.4874
G1 X92.846 Y88.024 E105.4926
G1 X92.800 Y88.174 E105.4978
G1 X92.727 Y88.313 E105.5030
G1 X92.648 Y88.410 E105.5072
G0 F2700 X92.628 Y88.434
G0 F2700 X92.506 Y88.533
G0 F2700 X92.368 Y88.607
G0 F2700 X92.219 Y88.653
G1 F3000 E100.5072
G0 F4200 X92.218 Y87.975
;TYPE:SOLID-FILL
;WIDTH:0.400
G1 F900 Z1.000
G1 F1500 E105.5072
G1 F3000 X91.832 Y87.873 E105.5211
G1 X91.267 Y87.873 E105.5394
G1 X90.700 Y87.872 E105.5578
G1 X90.134 Y87.872 E105.5762
G1 X89.568 Y87.871 E105.5946
G1 X89.002 Y87.871 E105.6131
G1 X88.435 Y87.870 E105.6317
G1 X87.869 Y87.870 E105.6503
G1 X87.303 Y87.869 E105.6690
G1 X86.821 Y87.669 E105.6863
G0 F4200 X86.617 Y87.748
;TYPE:SOLID-FILL
;WIDTH:0.400
G1 F2700 X86.681 Y87.812 E105.6893
G1 X86.681 Y87.988 E105.6952
G1 X86.291 Y87.988 E105.7082
G1 X85.792 Y87.489 E105.7316
G1 X85.792 Y87.748 E105.7403
G1 X85.646 Y87.748 E105.7451
G0 F2700 X85.485 Y87.748
G0 F2700 X85.725 Y87.988
G1 F3000 E100.7451
G1 F900 Z1.300
G0 F4200 X86.332 Y87.463
G1 F900 Z1.000
G1 F1500 E105.7451
G1 F2700 X85.792 Y86.923 E105.7705
G1 X85.792 Y86.358 E105.7893
G1 X86.332 Y86.897 E105.8147
G1 X86.332 Y86.332 E105.8335
G1 X85.792 Y85.792 E105.8589
G1 X85.792 Y85.226 E105.8777
G1 X86.332 Y85.766 E105.9031
G1 X86.332 Y85.200 E105.9219
G1 X85.792 Y84.661 E105.9473
G1 X85.792 Y84.095 E105.9661
G1 X86.332 Y84.635 E105.9915
G1 X86.332 Y84.069 E106.0104
G1 X85.792 Y83.529 E106.0358
G1 X85.792 Y82.964 E106.0545
G1 X86.332 Y83.503 E106.0799
G1 X86.332 Y82.937 E106.0987
G1 X85.792 Y82.398 E106.1241
G1 X85.792 Y81.832 E106.1429
G1 X86.332 Y82.372 E106.1683
G1 X86.332 Y81.806 E106.1872
G1 X85.792 Y81.267 E106.2126
G1 X85.792 Y80.701 E106.2314
G1 X86.332 Y81.240 E106.2568
G1 X86.332 Y80.675 E106.2755
G1 X85.792 Y80.135 E106.3009
G1 X85.792 Y79.570 E106.3197
G1 X86.332 Y80.109 E106.3451
G1 X86.332 Y79.543 E106.3639
G1 X85.792 Y79.004 E106.3893
G1 X85.792 Y78.438 E106.4081
G1 X86.332 Y78.978 E106.4335
G1 X86.332 Y78.412 E106.4524
G1 X85.792 Y77.872 E106.4778
G1 X85.792 Y77.307 E106.4966
G1 X86.332 Y77.846 E106.5219
G1 X86.332 Y77.281 E106.5407
G1 X85.792 Y76.741 E106.5661
G1 X85.792 Y76.175 E106.5850
G1 X86.332 Y76.715 E106.6104
G1 X86.332 Y76.149 E106.6292
G1 X85.792 Y75.610 E106.6546
G1 X85.792 Y75.044 E106.6734
G1 X86.332 Y75.584 E106.6988
G1 X86.332 Y75.018 E106.7176
G1 X85.792 Y74.478 E106.7430
G1 X85.792 Y73.913 E106.7618
G1 X86.332 Y74.452 E106.7872
G1 X86.332 Y73.887 E106.8060
G1 X85.792 Y73.347 E106.8314
G1 X85.792 Y72.781 E106.8502
G1 X86.332 Y73.321 E106.8756
G1 X86.332 Y72.755 E106.8944
G1 X85.792 Y72.216 E106.9198
G1 X85.792 Y71.650 E106.9386
G1 X86.332 Y72.189 E106.9640
G1 X86.332 Y71.624 E106.9828
G1 X85.792 Y71.084 E107.0082
G1 X85.792 Y70.910 E107.0140
G1 X85.914 Y70.641 E107.0238
G1 X85.978 Y70.705 E107.0268
G0 F2700 X86.332 Y71.058
G0 F4200 X86.472 Y70.915
;TYPE:SOLID-FILL
;WIDTH:0.400
G1 F3000 X86.531 Y70.975 E107.0296
G1 F3000 E102.0296
G1 F900 Z1.300
G0 F4200 X86.472 Y87.321
G1 F900 Z1.000
G1 F1500 E107.0296
G1 F3000 X86.615 Y87.464 E107.0324
G1 X86.757 Y87.606 E107.0391
G1 F3000 E102.0391
G1 F900 Z1.300
G0 F4200 X85.642 Y88.188
G1 F900 Z1.000
G1 F1500 E107.0391
G1 F3000 X85.473 Y88.018 E107.0419
G1 X85.040 Y87.868 E107.0531
G1 X84.475 Y87.869 E107.0718
G1 X83.910 Y87.870 E107.0904
G1 X83.344 Y87.870 E107.1090
G1 X82.779 Y87.870 E107.1275
G1 X82.214 Y87.871 E107.1460
G1 X81.648 Y87.871 E107.1645
G1 X81.083 Y87.872 E107.1829
G1 X80.518 Y87.872 E107.2012
G1 X80.040 Y87.677 E107.2184
G1 F3000 E102.2184
G1 F900 Z1.300
G0 F4200 X102.034 Y83.269
;TYPE:WALL-INNER
;WIDTH:0.400
G1 F900 Z1.000
G1 F1500 E107.2184
G1 F2700 X90.092 Y83.269 E107.6156
G1 X89.912 Y83.236 E107.6217
G1 X89.781 Y83.149 E107.6269
G1 X89.733 Y83.091 E107.6294
G1 X89.673 Y82.946 E107.6346
G1 X89.673 Y82.790 E107.6398
G1 X89.737 Y82.643 E107.6452
G1 X89.782 Y82.588 E107.6475
G1 X89.842 Y82.539 E107.6501
G1 X89.985 Y82.479 E107.6553
G1 X95.513 Y82.469 E107.8391
G1 X95.513 Y65.849 E108.3919
G1 X95.999 Y64.785 E108.4308
G1 X96.126 Y64.785 E108.4350
G1 X96.612 Y65.849 E108.4739
G1 X96.612 Y82.469 E109.0267
G1 X102.140 Y82.479 E109.2106
G1 X102.283 Y82.539 E109.2157
G1 X102.344 Y82.588 E109.2184
G1 X102.429 Y82.716 E109.2235
G1 X102.460 Y82.869 E109.2287
G1 X102.430 Y83.014 E109.2336
G0 F2700 X102.429 Y83.021
G0 F2700 X102.344 Y83.149
G0 F2700 X102.283 Y83.198
G0 F2700 X102.140 Y83.259
G0 F2700 X102.034 Y83.269
G1 F3000 E104.2336
G0 F4200 X102.053 Y83.669
;TYPE:WALL-OUTER
;WIDTH:0.400
G1 F900 Z1.000
G1 F1500 E109.2336
G1 F2700 X90.073 Y83.669 E109.6320
G1 X89.906 Y83.653 E109.6376
G1 X89.757 Y83.607 E109.6428
G1 X89.619 Y83.533 E109.6480
G1 X89.497 Y83.434 E109.6532
G1 X89.398 Y83.313 E109.6584
G1 X89.325 Y83.174 E109.6637
G1 X89.279 Y83.025 E109.6688
G1 X89.264 Y82.869 E109.6741
G1 X89.279 Y82.713 E109.6793
G1 X89.317 Y82.586 E109.6837
G1 X89.400 Y82.423 E109.6898
G1 X89.497 Y82.304 E109.6949
G1 X89.619 Y82.204 E109.7001
G1 X89.757 Y82.131 E109.7053
G1 X89.906 Y82.085 E109.7105
G1 X90.073 Y82.069 E109.7161
G1 X95.113 Y82.069 E109.8837
G1 X95.113 Y65.762 E110.4261
G1 X95.754 Y64.358 E110.4774
G1 X95.800 Y64.305 E110.4797
G1 X95.980 Y64.205 E110.4866
G1 X96.145 Y64.205 E110.4921
G1 X96.204 Y64.223 E110.4941
G1 X96.271 Y64.261 E110.4967
G1 X96.374 Y64.365 E110.5016
G1 X97.012 Y65.762 E110.5526
G1 X97.012 Y82.069 E111.0950
G1 X102.053 Y82.069 E111.2627
G1 X102.219 Y82.085 E111.2682
G1 X102.368 Y82.131 E111.2734
G1 X102.506 Y82.204 E111.2786
G1 X102.628 Y82.304 E111.2839
G1 X102.727 Y82.425 E111.2891
G1 X102.800 Y82.563 E111.2942
G1 X102.846 Y82.714 E111.2995
G1 X102.862 Y82.869 E111.3047
G1 X102.846 Y83.024 E111.3099
G1 X102.800 Y83.174 E111.3151
G1 X102.727 Y83.313 E111.3203
G1 X102.628 Y83.434 E111.3255
G1 X102.523 Y83.519 E111.3300
G0 F2700 X102.506 Y83.533
G0 F2700 X102.368 Y83.607
G0 F2700 X102.219 Y83.653
G0 F2700 X102.053 Y83.669
G1 F3000 E106.3300
G0 F4200 X102.019 Y83.068
;TYPE:SOLID-FILL
;WIDTH:0.400
G1 F900 Z1.000
G1 F1500 E111.3300
G1 F3000 X101.540 Y82.873 E111.3484
G1 X100.974 Y82.872 E111.3667
G1 X100.409 Y82.872 E111.3850
G1 X99.842 Y82.871 E111.4035
G1 X99.276 Y82.871 E111.4220
G1 X98.710 Y82.870 E111.4405
G1 X98.144 Y82.870 E111.4591
G1 X97.577 Y82.870 E111.4777
G1 X96.927 Y82.785 E111.4964
G1 X96.928 Y83.068 E111.5058
G1 F3000 E106.5058
G1 F900 Z1.300
G0 F4200 X95.759 Y82.749
;TYPE:SOLID-FILL
;WIDTH:0.400
G1 F900 Z1.000
G1 F1500 E111.5058
G1 F2700 X95.999 Y82.988 E111.5171
G1 X96.565 Y82.988 E111.5359
G1 X95.791 Y82.215 E111.5723
G1 X95.791 Y81.649 E111.5911
G1 X96.331 Y82.189 E111.6165
G1 X96.331 Y81.623 E111.6354
G1 X95.791 Y81.083 E111.6608
G1 X95.791 Y80.518 E111.6795
G1 X96.331 Y81.057 E111.7049
G1 X96.331 Y80.492 E111.7237
G1 X95.791 Y79.952 E111.7491
G1 X95.791 Y79.386 E111.7679
G1 X96.331 Y79.926 E111.7933
G1 X96.331 Y79.360 E111.8122
G1 X95.791 Y78.821 E111.8375
G1 X95.791 Y78.255 E111.8564
G1 X96.331 Y78.795 E111.8818
G1 X96.331 Y78.229 E111.9006
G1 X95.791 Y77.689 E111.9260
G1 X95.791 Y77.124 E111.9448
G1 X96.331 Y77.663 E111.9702
G1 X96.331 Y77.097 E111.9890
G1 X95.791 Y76.558 E112.0144
G1 X95.791 Y75.992 E112.0332
G1 X96.331 Y76.532 E112.0586
G1 X96.331 Y75.966 E112.0774
G1 X95.791 Y75.427 E112.1028
G1 X95.791 Y74.861 E112.1216
G1 X96.331 Y75.400 E112.1470
G1 X96.331 Y74.835 E112.1658
G1 X95.791 Y74.295 E112.1912
G1 X95.791 Y73.730 E112.2100
G1 X96.331 Y74.269 E112.2354
G1 X96.331 Y73.703 E112.2542
G1 X95.791 Y73.164 E112.2796
G1 X95.791 Y72.598 E112.2984
G1 X96.331 Y73.138 E112.3238
G1 X96.331 Y72.572 E112.3426
G1 X95.791 Y72.032 E112.3680
G1 X95.791 Y71.467 E112.3868
G1 X96.331 Y72.006 E112.4122
G1 X96.331 Y71.441 E112.4310
G1 X95.791 Y70.901 E112.4564
G1 X95.791 Y70.335 E112.4752
G1 X96.331 Y70.875 E112.5006
G1 X96.331 Y70.309 E112.5194
G1 X95.791 Y69.770 E112.5448
G1 X95.791 Y69.204 E112.5636
G1 X96.331 Y69.744 E112.5890
G1 X96.331 Y69.178 E112.6078
G1 X95.791 Y68.638 E112.6332
G1 X95.791 Y68.073 E112.6520
G1 X96.331 Y68.612 E112.6774
G1 X96.331 Y68.047 E112.6962
G1 X95.791 Y67.507 E112.7216
G1 X95.791 Y66.941 E112.7404
G1 X96.331 Y67.481 E112.7658
G1 X96.331 Y66.915 E112.7847
G1 X95.791 Y66.376 E112.8100
G1 X95.791 Y65.910 E112.8255
G1 X95.822 Y65.841 E112.8280
G1 X96.331 Y66.349 E112.8520
G1 X96.331 Y65.911 E112.8665
G1 X96.321 Y65.890 E112.8673
G0 F2700 X96.224 Y65.677
G0 F2700 X96.036 Y65.489
G1 F3000 E107.8673
G1 F900 Z1.300
G0 F4200 X95.276 Y82.549
;TYPE:SOLID-FILL
;WIDTH:0.400
G1 F900 Z1.000
G1 F1500 E112.8673
G1 F3000 X95.484 Y83.038 E112.8833
G1 X95.243 Y83.080 E112.8914
G1 F3000 E107.8914
G1 F900 Z1.300
G0 F4200 X96.807 Y82.948
G1 F900 Z1.000
G1 F1500 E112.8914
G1 F3000 X96.880 Y83.021 E112.8949
G1 F3000 E107.8949
G1 F900 Z1.300
G0 F4200 X95.231 Y83.068
G1 F900 Z1.000
G1 F1500 E112.8949
G1 F3000 X94.749 Y82.869 E112.9136
G1 X94.183 Y82.870 E112.9321
G1 X93.618 Y82.870 E112.9507
G1 X93.053 Y82.871 E112.9692
G1 X92.488 Y82.871 E112.9877
G1 X91.923 Y82.872 E113.0061
G1 X91.358 Y82.872 E113.0245
G1 X90.792 Y82.872 E113.0428
G1 X90.227 Y82.873 E113.0611
G1 X89.881 Y82.809 E113.0728
G1 F3000 E108.0728
G1 F900 Z1.300
G0 F4200 X107.912 Y90.373
;TYPE:WALL-INNER
;WIDTH:0.400
G1 F900 Z1.000
G1 F1500 E113.0728
G1 F2700 X107.781 Y90.287 E113.0780
G1 X107.696 Y90.158 E113.0831
G1 X107.663 Y89.977 E113.0893
G1 X107.663 Y75.760 E113.5621
G1 X107.696 Y75.579 E113.5682
G1 X107.781 Y75.451 E113.5734
G1 X107.912 Y75.364 E113.5786
G1 X107.985 Y75.341 E113.5811
G1 X108.140 Y75.341 E113.5863
G1 X108.283 Y75.402 E113.5915
G1 X108.392 Y75.509 E113.5965
G1 X108.452 Y75.656 E113.6018
G1 X108.463 Y75.762 E113.6054
G1 X108.463 Y82.319 E113.8234
G1 X110.082 Y82.319 E113.8773
G1 X111.145 Y82.805 E113.9162
G1 X111.145 Y82.933 E113.9204
G1 X110.082 Y83.419 E113.9593
G1 X108.463 Y83.419 E114.0132
G1 X108.463 Y89.975 E114.2312
G1 X108.429 Y90.159 E114.2374
G1 X108.365 Y90.256 E114.2413
G0 F2700 X108.344 Y90.287
G0 F2700 X108.214 Y90.373
G0 F2700 X108.069 Y90.403
G0 F2700 X107.912 Y90.373
G1 F3000 E109.2413
G0 F4200 X107.757 Y90.744
;TYPE:WALL-OUTER
;WIDTH:0.400
G1 F900 Z1.000
G1 F1500 E114.2413
G1 F2700 X107.619 Y90.671 E114.2465
G1 X107.497 Y90.571 E114.2517
G1 X107.398 Y90.450 E114.2569
G1 X107.325 Y90.312 E114.2621
G1 X107.279 Y90.162 E114.2673
G1 X107.263 Y89.996 E114.2729
G1 X107.263 Y75.741 E114.7470
G1 X107.279 Y75.575 E114.7526
G1 X107.325 Y75.426 E114.7577
G1 X107.398 Y75.287 E114.7630
G1 X107.497 Y75.166 E114.7682
G1 X107.619 Y75.067 E114.7734
G1 X107.757 Y74.993 E114.7786
G1 X107.906 Y74.947 E114.7838
G1 X108.063 Y74.932 E114.7890
G1 X108.219 Y74.947 E114.7942
G1 X108.368 Y74.993 E114.7994
G1 X108.506 Y75.067 E114.8046
G1 X108.628 Y75.166 E114.8099
G1 X108.727 Y75.287 E114.8151
G1 X108.800 Y75.426 E114.8203
G1 X108.846 Y75.576 E114.8255
G1 X108.863 Y75.741 E114.8310
G1 X108.863 Y81.919 E115.0365
G1 X110.169 Y81.919 E115.0799
G1 X111.566 Y82.558 E115.1310
G1 X111.704 Y82.717 E115.1380
G1 X111.734 Y82.870 E115.1432
G1 X111.708 Y83.009 E115.1479
G1 X111.677 Y83.069 E115.1502
G1 X111.566 Y83.180 E115.1554
G1 X110.169 Y83.819 E115.2065
G1 X108.863 Y83.819 E115.2499
G1 X108.863 Y89.996 E115.4554
G1 X108.846 Y90.161 E115.4609
G1 X108.800 Y90.312 E115.4661
G1 X108.727 Y90.450 E115.4713
G1 X108.628 Y90.571 E115.4765
G1 X108.506 Y90.671 E115.4818
G1 X108.368 Y90.744 E115.4870
G1 X108.248 Y90.781 E115.4912
G0 F2700 X108.219 Y90.790
G0 F2700 X108.065 Y90.805
G0 F2700 X107.884 Y90.784
G0 F2700 X107.757 Y90.744
G1 F3000 E110.4912
G0 F4200 X108.007 Y90.188
;TYPE:SOLID-FILL
;WIDTH:0.400
G1 F900 Z1.000
G1 F1500 E115.4912
G1 F3000 X108.071 Y89.969 E115.4971
G1 X108.062 Y89.394 E115.5159
G1 X108.062 Y88.828 E115.5346
G1 X108.062 Y88.262 E115.5535
G1 X108.062 Y87.697 E115.5723
G1 X108.062 Y87.131 E115.5910
G1 X108.062 Y86.565 E115.6099
G1 X108.062 Y86.000 E115.6287
G1 X108.062 Y85.434 E115.6474
G1 X108.062 Y84.868 E115.6663
G1 X108.062 Y84.303 E115.6851
G1 X108.062 Y83.737 E115.7038
G1 X108.126 Y83.236 E115.7226
G1 X107.862 Y82.689 E115.7428
G0 F4200 X107.862 Y82.123
G1 F3000 X108.462 Y82.723 E115.7710
G1 F3000 E110.7710
G1 F900 Z1.300
G0 F4200 X108.262 Y81.957
G1 F900 Z1.000
G1 F1500 E115.7710
G1 F3000 X108.062 Y81.474 E115.7898
G1 X108.062 Y80.909 E115.8086
G1 X108.062 Y80.343 E115.8274
G1 X108.062 Y79.777 E115.8462
G1 X108.062 Y79.211 E115.8650
G1 X108.062 Y78.646 E115.8838
G1 X108.062 Y78.080 E115.9025
G1 X108.062 Y77.514 E115.9214
G1 X108.062 Y76.949 E115.9402
G1 X108.062 Y76.383 E115.9589
G1 X107.964 Y75.720 E115.9777
G1 X108.258 Y75.731 E115.9875
G1 F3000 E110.9875
G1 F900 Z1.300
G0 F4200 X109.752 Y82.599
;TYPE:SOLID-FILL
;WIDTH:0.400
G1 F900 Z1.000
G1 F1500 E115.9875
G1 F2700 X110.206 Y83.053 E116.0089
G1 X110.019 Y83.139 E116.0157
G1 X109.726 Y83.138 E116.0255
G1 X109.186 Y82.599 E116.0508
G1 X108.620 Y82.599 E116.0697
G1 X109.160 Y83.138 E116.0950
G1 X109.094 Y83.138 E116.0972
G0 F2700 X108.594 Y83.138
G0 F4200 X108.511 Y83.338
;TYPE:SOLID-FILL
;WIDTH:0.400
G1 F3000 X108.342 Y83.169 E116.1052
G1 F3000 E111.1052
G1 F900 Z1.300
G0 F4200 X109.834 Y82.399
G1 F900 Z1.000
G1 F1500 E116.1052
G1 F3000 X109.892 Y82.457 E116.1079
G1 F3000 E111.1079
G1 F900 Z1.300
G0 F4200 X115.912 Y90.373
;TYPE:WALL-INNER
;WIDTH:0.400
G1 F900 Z1.000
G1 F1500 E116.1079
G1 F2700 X115.781 Y90.287 E116.1131
G1 X115.696 Y90.158 E116.1183
G1 X115.663 Y89.977 E116.1244
G1 X115.663 Y75.760 E116.5972
G1 X115.696 Y75.579 E116.6034
G1 X115.781 Y75.451 E116.6085
G1 X115.912 Y75.364 E116.6137
G1 X115.985 Y75.341 E116.6162
G1 X116.140 Y75.341 E116.6214
G1 X116.283 Y75.402 E116.6266
G1 X116.392 Y75.509 E116.6316
G1 X116.452 Y75.656 E116.6369
G1 X116.463 Y75.762 E116.6405
G1 X116.463 Y82.319 E116.8586
G1 X118.082 Y82.319 E116.9124
G1 X119.145 Y82.805 E116.9513
G1 X119.145 Y82.933 E116.9555
G1 X118.082 Y83.419 E116.9944
G1 X116.463 Y83.419 E117.0483
G1 X116.463 Y89.975 E117.2663
G1 X116.429 Y90.159 E117.2725
G1 X116.365 Y90.256 E117.2764
G0 F2700 X116.344 Y90.287
G0 F2700 X116.214 Y90.373
G0 F2700 X116.069 Y90.403
G0 F2700 X115.912 Y90.373
G1 F3000 E112.2764
G0 F4200 X115.757 Y90.744
;TYPE:WALL-OUTER
;WIDTH:0.400
G1 F900 Z1.000
G1 F1500 E117.2764
G1 F2700 X115.619 Y90.671 E117.2816
G1 X115.497 Y90.571 E117.2868
G1 X115.398 Y90.450 E117.2920
G1 X115.325 Y90.312 E117.2972
G1 X115.279 Y90.162 E117.3025
G1 X115.263 Y89.996 E117.3080
G1 X115.263 Y75.741 E117.7821
G1 X115.279 Y75.575 E117.7877
G1 X115.325 Y75.426 E117.7929
G1 X115.398 Y75.287 E117.7981
G1 X115.497 Y75.166 E117.8033
G1 X115.619 Y75.067 E117.8085
G1 X115.757 Y74.993 E117.8137
G1 X115.906 Y74.947 E117.8189
G1 X116.063 Y74.932 E117.8241
G1 X116.219 Y74.947 E117.8294
G1 X116.368 Y74.993 E117.8345
G1 X116.506 Y75.067 E117.8398
G1 X116.628 Y75.166 E117.8450
G1 X116.727 Y75.287 E117.8502
G1 X116.800 Y75.426 E117.8554
G1 X116.846 Y75.576 E117.8606
G1 X116.863 Y75.741 E117.8661
G1 X116.863 Y81.919 E118.0716
G1 X118.169 Y81.919 E118.1151
G1 X119.566 Y82.558 E118.1661
G1 X119.704 Y82.717 E118.1732
G1 X119.734 Y82.870 E118.1783
G1 X119.708 Y83.009 E118.1830
G1 X119.677 Y83.069 E118.1853
G1 X119.566 Y83.180 E118.1905
G1 X118.169 Y83.819 E118.2416
G1 X116.863 Y83.819 E118.2850
G1 X116.863 Y89.996 E118.4905
G1 X116.846 Y90.161 E118.4960
G1 X116.800 Y90.312 E118.5013
G1 X116.727 Y90.450 E118.5064
G1 X116.628 Y90.571 E118.5116
G1 X116.506 Y90.671 E118.5169
G1 X116.368 Y90.744 E118.5221
G1 X116.248 Y90.781 E118.5263
G0 F2700 X116.219 Y90.790
G0 F2700 X116.065 Y90.805
G0 F2700 X115.884 Y90.784
G0 F2700 X115.757 Y90.744
G1 F3000 E113.5263
G0 F4200 X116.262 Y89.958
;TYPE:SOLID-FILL
;WIDTH:0.400
G1 F900 Z1.000
G1 F1500 E118.5263
G1 F3000 X116.062 Y89.474 E118.5451
G1 X116.062 Y88.909 E118.5639
G1 X116.062 Y88.343 E118.5826
G1 X116.062 Y87.777 E118.6015
G1 X116.062 Y87.212 E118.6203
G1 X116.062 Y86.646 E118.6390
G1 X116.062 Y86.080 E118.6579
G1 X116.062 Y85.515 E118.6767
G1 X116.062 Y84.949 E118.6954
G1 X116.062 Y84.383 E118.7142
G1 X116.062 Y83.818 E118.7330
G1 X116.086 Y83.276 E118.7518
G1 X115.862 Y82.769 E118.7702
G0 F4200 X115.862 Y82.203
G1 F3000 X116.462 Y82.804 E118.7985
G1 F3000 E113.7985
G1 F900 Z1.300
G0 F4200 X116.262 Y82.038
G1 F900 Z1.000
G1 F1500 E118.7985
G1 F3000 X116.062 Y81.555 E118.8172
G1 X116.062 Y80.989 E118.8360
G1 X116.062 Y80.423 E118.8548
G1 X116.062 Y79.858 E118.8736
G1 X116.062 Y79.292 E118.8924
G1 X116.062 Y78.726 E118.9112
G1 X116.062 Y78.161 E118.9300
G1 X116.062 Y77.595 E118.9488
G1 X116.062 Y77.029 E118.9676
G1 X116.062 Y76.464 E118.9864
G1 X116.062 Y75.898 E119.0052
G1 X115.995 Y75.549 E119.0170
G1 F3000 E114.0170
G1 F900 Z1.300
G0 F4200 X117.671 Y82.599
;TYPE:SOLID-FILL
;WIDTH:0.400
G1 F900 Z1.000
G1 F1500 E119.0170
G1 F2700 X118.150 Y83.077 E119.0395
G1 X118.018 Y83.138 E119.0444
G1 X117.645 Y83.138 E119.0568
G1 X117.106 Y82.599 E119.0821
G1 X116.542 Y82.598 E119.1009
G1 X116.542 Y82.601 E119.1010
G1 X116.726 Y82.785 E119.1096
G0 F2700 X117.079 Y83.138
G1 F3000 E114.1096
G1 F900 Z1.300
G0 F4200 X118.019 Y82.599
G1 F900 Z1.000
G1 F1500 E119.1096
G1 F2700 X118.419 Y82.780 E119.1242
G1 F3000 E114.1242
G1 F900 Z1.300
G0 F4200 X116.997 Y83.338
;TYPE:SOLID-FILL
;WIDTH:0.400
G1 F900 Z1.000
G1 F1500 E119.1242
G1 F3000 X116.684 Y83.308 E119.1270
G1 X116.341 Y83.249 E119.1386
G1 F3000 E114.1386
G1 F900 Z1.300
G0 F4200 X123.781 Y90.287
;TYPE:WALL-INNER
;WIDTH:0.400
G1 F900 Z1.000
G1 F1500 E119.1386
G1 F2700 X123.696 Y90.158 E119.1437
G1 X123.663 Y89.977 E119.1499
G1 X123.663 Y75.760 E119.6227
G1 X123.696 Y75.579 E119.6288
G1 X123.781 Y75.451 E119.6340
G1 X123.912 Y75.364 E119.6392
G1 X123.985 Y75.341 E119.6417
G1 X124.140 Y75.341 E119.6469
G1 X124.283 Y75.402 E119.6521
G1 X124.392 Y75.509 E119.6571
G1 X124.452 Y75.656 E119.6624
G1 X124.463 Y75.762 E119.6660
G1 X124.463 Y82.319 E119.8840
G1 X126.082 Y82.319 E119.9379
G1 X127.145 Y82.805 E119.9768
G1 X127.145 Y82.933 E119.9810
G1 X126.082 Y83.419 E120.0199
G1 X124.463 Y83.419 E120.0738
G1 X124.463 Y89.975 E120.2918
G1 X124.429 Y90.159 E120.2980
G1 X124.344 Y90.287 E120.3031
G1 X124.245 Y90.353 E120.3071
G0 F2700 X124.214 Y90.373
G0 F2700 X124.069 Y90.403
G0 F2700 X123.912 Y90.373
G0 F2700 X123.781 Y90.287
G1 F3000 E115.3071
G0 F4200 X123.497 Y90.571
;TYPE:WALL-OUTER
;WIDTH:0.400
G1 F900 Z1.000
G1 F1500 E120.3071
G1 F2700 X123.398 Y90.450 E120.3123
G1 X123.325 Y90.312 E120.3175
G1 X123.279 Y90.162 E120.3227
G1 X123.263 Y89.996 E120.3283
G1 X123.263 Y75.741 E120.8024
G1 X123.279 Y75.575 E120.8079
G1 X123.325 Y75.426 E120.8131
G1 X123.398 Y75.287 E120.8183
G1 X123.497 Y75.166 E120.8235
G1 X123.619 Y75.067 E120.8288
G1 X123.757 Y74.993 E120.8340
G1 X123.906 Y74.947 E120.8392
G1 X124.063 Y74.932 E120.8444
G1 X124.219 Y74.947 E120.8496
G1 X124.368 Y74.993 E120.8548
G1 X124.506 Y75.067 E120.8600
G1 X124.628 Y75.166 E120.8652
G1 X124.727 Y75.287 E120.8704
G1 X124.800 Y75.426 E120.8757
G1 X124.846 Y75.576 E120.8809
G1 X124.863 Y75.741 E120.8864
G1 X124.863 Y81.919 E121.0919
G1 X126.169 Y81.919 E121.1353
G1 X127.566 Y82.558 E121.1864
G1 X127.704 Y82.717 E121.1934
G1 X127.734 Y82.870 E121.1986
G1 X127.708 Y83.009 E121.2033
G1 X127.677 Y83.069 E121.2055
G1 X127.566 Y83.180 E121.2108
G1 X126.169 Y83.819 E121.2619
G1 X124.863 Y83.819 E121.3053
G1 X124.863 Y89.996 E121.5107
G1 X124.846 Y90.161 E121.5163
G1 X124.800 Y90.312 E121.5215
G1 X124.727 Y90.450 E121.5267
G1 X124.628 Y90.571 E121.5319
G1 X124.506 Y90.671 E121.5371
G1 X124.368 Y90.744 E121.5423
G1 X124.219 Y90.790 E121.5475
G1 X124.065 Y90.805 E121.5527
G1 X123.937 Y90.790 E121.5570
G0 F2700 X123.884 Y90.784
G0 F2700 X123.757 Y90.744
G0 F2700 X123.619 Y90.671
G0 F2700 X123.497 Y90.571
G1 F3000 E116.5570
G0 F4200 X124.249 Y90.026
;TYPE:SOLID-FILL
;WIDTH:0.400
G1 F900 Z1.000
G1 F1500 E121.5570
G1 F3000 X124.061 Y89.555 E121.5752
G1 X124.061 Y88.989 E121.5940
G1 X124.061 Y88.423 E121.6129
G1 X124.061 Y87.857 E121.6317
G1 X124.061 Y87.292 E121.6505
G1 X124.061 Y86.726 E121.6693
G1 X124.061 Y86.160 E121.6881
G1 X124.061 Y85.595 E121.7069
G1 X124.061 Y85.029 E121.7258
G1 X124.061 Y84.463 E121.7446
G1 X124.061 Y83.898 E121.7634
G1 X124.061 Y83.332 E121.7822
G1 X123.861 Y82.849 E121.7996
G0 F4200 X123.861 Y82.283
G1 F3000 X124.462 Y82.884 E121.8279
G1 F3000 E116.8279
G1 F900 Z1.300
G0 F4200 X124.261 Y82.118
G1 F900 Z1.000
G1 F1500 E121.8279
G1 F3000 X124.061 Y81.635 E121.8467
G1 X124.061 Y81.069 E121.8655
G1 X124.061 Y80.503 E121.8843
G1 X124.061 Y79.938 E121.9031
G1 X124.061 Y79.372 E121.9219
G1 X124.061 Y78.806 E121.9407
G1 X124.061 Y78.241 E121.9595
G1 X124.061 Y77.675 E121.9782
G1 X124.061 Y77.109 E121.9970
G1 X124.061 Y76.544 E122.0158
G1 X124.061 Y75.978 E122.0346
G1 X123.948 Y75.581 E122.0483
G1 F3000 E117.0483
G1 F900 Z1.300
G0 F4200 X125.591 Y82.599
;TYPE:SOLID-FILL
;WIDTH:0.400
G1 F900 Z1.000
G1 F1500 E122.0483
G1 F2700 X126.095 Y83.103 E122.0720
G1 X126.019 Y83.138 E122.0748
G1 X125.565 Y83.138 E122.0899
G1 X125.025 Y82.599 E122.1153
G1 X124.542 Y82.599 E122.1314
G1 X124.542 Y82.681 E122.1341
G1 X124.646 Y82.785 E122.1390
G0 F2700 X124.999 Y83.138
G1 F3000 E117.1390
G1 F900 Z1.300
G0 F4200 X126.019 Y82.598
G1 F900 Z1.000
G1 F1500 E122.1390
G1 F2700 X126.036 Y82.606 E122.1396
G0 F2700 X126.273 Y82.715
G0 F2700 X126.442 Y82.884
G0 F4200 X125.732 Y82.457
;TYPE:SOLID-FILL
;WIDTH:0.400
G1 F3000 X125.674 Y82.399 E122.1423
G1 F3000 E117.1423
G1 F900 Z1.300
G0 F4200 X124.857 Y83.279
G1 F900 Z1.000
G1 F1500 E122.1423
G1 F3000 X124.916 Y83.338 E122.1451
G1 F3000 E117.1451
G1 F900 Z1.300
G0 F4200 X131.781 Y90.287
;TYPE:WALL-INNER
;WIDTH:0.400
G1 F900 Z1.000
G1 F1500 E122.1451
G1 F2700 X131.696 Y90.158 E122.1502
G1 X131.663 Y89.977 E122.1564
G1 X131.663 Y75.760 E122.6292
G1 X131.696 Y75.579 E122.6353
G1 X131.781 Y75.451 E122.6405
G1 X131.912 Y75.364 E122.6457
G1 X131.985 Y75.341 E122.6482
G1 X132.140 Y75.341 E122.6534
G1 X132.283 Y75.402 E122.6586
G1 X132.392 Y75.509 E122.6636
G1 X132.452 Y75.656 E122.6689
G1 X132.463 Y75.762 E122.6725
G1 X132.463 Y82.319 E122.8905
G1 X134.082 Y82.319 E122.9444
G1 X135.145 Y82.805 E122.9833
G1 X135.145 Y82.933 E122.9875
G1 X134.082 Y83.419 E123.0264
G1 X132.463 Y83.419 E123.0802
G1 X132.463 Y89.975 E123.2983
G1 X132.429 Y90.159 E123.3045
G1 X132.344 Y90.287 E123.3096
G1 X132.245 Y90.353 E123.3136
G0 F2700 X132.214 Y90.373
G0 F2700 X132.069 Y90.403
G0 F2700 X131.912 Y90.373
G0 F2700 X131.781 Y90.287
G1 F3000 E118.3136
G0 F4200 X131.497 Y90.571
;TYPE:WALL-OUTER
;WIDTH:0.400
G1 F900 Z1.000
G1 F1500 E123.3136
G1 F2700 X131.398 Y90.450 E123.3188
G1 X131.325 Y90.312 E123.3240
G1 X131.279 Y90.162 E123.3292
G1 X131.263 Y89.996 E123.3348
G1 X131.263 Y75.741 E123.8089
G1 X131.279 Y75.575 E123.8144
G1 X131.325 Y75.426 E123.8196
G1 X131.398 Y75.287 E123.8248
G1 X131.497 Y75.166 E123.8300
G1 X131.619 Y75.067 E123.8353
G1 X131.757 Y74.993 E123.8405
G1 X131.906 Y74.947 E123.8457
G1 X132.063 Y74.932 E123.8509
G1 X132.219 Y74.947 E123.8561
G1 X132.368 Y74.993 E123.8613
G1 X132.506 Y75.067 E123.8665
G1 X132.628 Y75.166 E123.8717
G1 X132.727 Y75.287 E123.8769
G1 X132.800 Y75.426 E123.8822
G1 X132.846 Y75.576 E123.8874
G1 X132.863 Y75.741 E123.8929
G1 X132.863 Y81.919 E124.0984
G1 X134.169 Y81.919 E124.1418
G1 X135.566 Y82.558 E124.1929
G1 X135.704 Y82.717 E124.1999
G1 X135.734 Y82.870 E124.2051
G1 X135.708 Y83.009 E124.2098
G1 X135.677 Y83.069 E124.2120
G1 X135.566 Y83.180 E124.2173
G1 X134.169 Y83.819 E124.2684
G1 X132.863 Y83.819 E124.3118
G1 X132.863 Y89.996 E124.5172
G1 X132.846 Y90.161 E124.5228
G1 X132.800 Y90.312 E124.5280
G1 X132.727 Y90.450 E124.5332
G1 X132.628 Y90.571 E124.5384
G1 X132.506 Y90.671 E124.5436
G1 X132.368 Y90.744 E124.5488
G1 X132.219 Y90.790 E124.5540
G1 X132.065 Y90.805 E124.5592
G1 X131.937 Y90.790 E124.5635
G0 F2700 X131.884 Y90.784
G0 F2700 X131.757 Y90.744
G0 F2700 X131.619 Y90.671
G0 F2700 X131.497 Y90.571
G1 F3000 E119.5635
G0 F4200 X132.233 Y90.090
;TYPE:SOLID-FILL
;WIDTH:0.400
G1 F900 Z1.000
G1 F1500 E124.5635
G1 F3000 X132.061 Y89.635 E124.5809
G1 X132.061 Y89.069 E124.5998
G1 X132.061 Y88.504 E124.6185
G1 X132.061 Y87.938 E124.6374
G1 X132.061 Y87.372 E124.6562
G1 X132.061 Y86.806 E124.6750
G1 X132.061 Y86.241 E124.6938
G1 X132.061 Y85.675 E124.7126
G1 X132.061 Y85.109 E124.7315
G1 X132.061 Y84.544 E124.7503
G1 X132.061 Y83.978 E124.7691
G1 X132.061 Y83.412 E124.7879
G1 X131.861 Y82.930 E124.8053
G0 F4200 X131.861 Y82.364
G1 F3000 X132.462 Y82.964 E124.8335
G1 F3000 E119.8335
G1 F900 Z1.300
G0 F4200 X132.262 Y82.199
G1 F900 Z1.000
G1 F1500 E124.8335
G1 F3000 X132.061 Y81.715 E124.8523
G1 X132.061 Y81.150 E124.8711
G1 X132.061 Y80.584 E124.8900
G1 X132.061 Y80.018 E124.9088
G1 X132.061 Y79.453 E124.9276
G1 X132.061 Y78.887 E124.9464
G1 X132.061 Y78.321 E124.9652
G1 X132.061 Y77.756 E124.9840
G1 X132.061 Y77.190 E125.0028
G1 X132.061 Y76.624 E125.0217
G1 X132.061 Y76.058 E125.0405
G1 X131.907 Y75.622 E125.0559
G1 F3000 E120.0559
G1 F900 Z1.300
G0 F4200 X133.510 Y82.599
;TYPE:SOLID-FILL
;WIDTH:0.400
G1 F900 Z1.000
G1 F1500 E125.0559
G1 F2700 X134.040 Y83.128 E125.0808
G1 X134.019 Y83.138 E125.0815
G1 X133.484 Y83.138 E125.0993
G1 X132.945 Y82.599 E125.1247
G1 X132.542 Y82.599 E125.1381
G1 X132.542 Y82.761 E125.1435
G1 X132.566 Y82.785 E125.1446
G0 F2700 X132.919 Y83.138
G1 F3000 E120.1446
G1 F900 Z1.300
G0 F4200 X134.019 Y82.598
G1 F900 Z1.000
G1 F1500 E125.1446
G1 F2700 X134.062 Y82.618 E125.1462
G0 F2700 X134.124 Y82.646
G0 F2700 X134.429 Y82.952
G0 F4200 X133.651 Y82.457
;TYPE:SOLID-FILL
;WIDTH:0.400
G1 F3000 X133.593 Y82.399 E125.1489
G1 F3000 E120.1489
G1 F900 Z1.300
G0 F4200 X132.776 Y83.279
G1 F900 Z1.000
G1 F1500 E125.1489
G1 F3000 X132.836 Y83.338 E125.1517
;LAYER:5
;Z:1.200
;HEIGHT:0.200
G1 F3000 E120.1517
G0 F900 Z1.200
G0 F4200 X131.781 Y90.287
;TYPE:WALL-INNER
;WIDTH:0.400
G1 F900 Z1.200
G1 F1500 E125.1517
G1 F2700 X131.696 Y90.158 E125.1569
G1 X131.663 Y89.977 E125.1630
G1 X131.663 Y75.760 E125.6358
G1 X131.696 Y75.579 E125.6420
G1 X131.781 Y75.451 E125.6471
G1 X131.912 Y75.364 E125.6523
G1 X131.985 Y75.341 E125.6548
G1 X132.140 Y75.341 E125.6600
G1 X132.283 Y75.402 E125.6652
G1 X132.392 Y75.509 E125.6702
G1 X132.452 Y75.656 E125.6755
G1 X132.463 Y75.762 E125.6791
G1 X132.463 Y82.319 E125.8972
G1 X134.082 Y82.319 E125.9510
G1 X135.145 Y82.805 E125.9899
G1 X135.145 Y82.933 E125.9941
G1 X134.082 Y83.419 E126.0330
G1 X132.463 Y83.419 E126.0869
G1 X132.463 Y89.976 E126.3050
G1 X132.436 Y90.135 E126.3103
G1 X132.343 Y90.287 E126.3162
G1 X132.244 Y90.353 E126.3202
G0 F2700 X132.214 Y90.373
G0 F2700 X132.071 Y90.403
G0 F2700 X131.911 Y90.373
G0 F2700 X131.781 Y90.287
G1 F3000 E121.3202
G0 F4200 X131.497 Y90.571
;TYPE:WALL-OUTER
;WIDTH:0.400
G1 F900 Z1.200
G1 F1500 E126.3202
G1 F2700 X131.398 Y90.450 E126.3254
G1 X131.325 Y90.312 E126.3306
G1 X131.279 Y90.162 E126.3358
G1 X131.263 Y89.996 E126.3414
G1 X131.263 Y75.741 E126.8155
G1 X131.279 Y75.575 E126.8210
G1 X131.325 Y75.426 E126.8262
G1 X131.398 Y75.287 E126.8314
G1 X131.497 Y75.166 E126.8366
G1 X131.619 Y75.067 E126.8419
G1 X131.757 Y74.993 E126.8471
G1 X131.906 Y74.947 E126.8523
G1 X132.063 Y74.932 E126.8575
G1 X132.219 Y74.947 E126.8627
G1 X132.368 Y74.993 E126.8679
G1 X132.506 Y75.067 E126.8731
G1 X132.628 Y75.166 E126.8783
G1 X132.727 Y75.287 E126.8835
G1 X132.800 Y75.426 E126.8888
G1 X132.846 Y75.576 E126.8940
G1 X132.863 Y75.741 E126.8995
G1 X132.863 Y81.919 E127.1050
G1 X134.169 Y81.919 E127.1484
G1 X135.566 Y82.558 E127.1995
G1 X135.704 Y82.717 E127.2065
G1 X135.734 Y82.870 E127.2117
G1 X135.709 Y83.006 E127.2163
G1 X135.677 Y83.069 E127.2186
G1 X135.566 Y83.180 E127.2239
G1 X134.169 Y83.819 E127.2750
G1 X132.863 Y83.819 E127.3184
G1 X132.863 Y89.996 E127.5238
G1 X132.846 Y90.162 E127.5294
G1 X132.809 Y90.284 E127.5336
G1 X132.725 Y90.452 E127.5399
G1 X132.628 Y90.571 E127.5450
G1 X132.506 Y90.671 E127.5502
G1 X132.368 Y90.744 E127.5554
G1 X132.219 Y90.790 E127.5606
G1 X132.066 Y90.805 E127.5657
G1 X131.938 Y90.789 E127.5700
G0 F2700 X131.879 Y90.782
G0 F2700 X131.757 Y90.744
G0 F2700 X131.619 Y90.671
G0 F2700 X131.497 Y90.571
G1 F3000 E122.5700
G0 F4200 X131.910 Y90.120
;TYPE:SOLID-FILL
;WIDTH:0.400
G1 F900 Z1.200
G1 F1500 E127.5700
G1 F3000 X132.062 Y89.686 E127.5866
G1 X132.062 Y89.120 E127.6054
G1 X132.062 Y88.554 E127.6241
G1 X132.062 Y87.989 E127.6429
G1 X132.062 Y87.423 E127.6617
G1 X132.062 Y86.857 E127.6804
G1 X132.062 Y86.292 E127.6992
G1 X132.062 Y85.726 E127.7180
G1 X132.062 Y85.160 E127.7367
G1 X132.062 Y84.594 E127.7555
G1 X132.062 Y84.029 E127.7742
G1 X132.262 Y83.546 E127.7916
G0 F4200 X131.862 Y83.380
G1 F3000 X132.462 Y82.780 E127.8198
G0 F4200 X132.262 Y82.415
G1 F3000 X131.862 Y82.531 E127.8386
G1 X132.062 Y81.766 E127.8574
G1 X132.062 Y81.200 E127.8761
G1 X132.062 Y80.635 E127.8949
G1 X132.062 Y80.069 E127.9136
G1 X132.062 Y79.503 E127.9324
G1 X132.062 Y78.938 E127.9512
G1 X132.062 Y78.372 E127.9699
G1 X132.062 Y77.806 E127.9887
G1 X132.062 Y77.241 E128.0075
G1 X132.062 Y76.675 E128.0262
G1 X132.062 Y76.109 E128.0450
G1 X132.234 Y75.654 E128.0612
G1 F3000 E123.0612
G1 F900 Z1.500
G0 F4200 X132.927 Y82.598
;TYPE:SOLID-FILL
;WIDTH:0.400
G1 F900 Z1.200
G1 F1500 E128.0612
G1 F2700 X132.542 Y82.983 E128.0793
G1 X132.542 Y83.139 E128.0845
G1 X132.952 Y83.139 E128.0981
G1 X133.140 Y82.951 E128.1070
G0 F2700 X133.493 Y82.598
G0 F4200 X134.019 Y82.598
G1 F2700 X134.046 Y82.610 E128.1080
G1 X133.518 Y83.139 E128.1328
G1 X134.019 Y83.138 E128.1495
G1 X134.065 Y83.117 E128.1512
G0 F2700 X134.138 Y83.085
G0 F2700 X134.435 Y82.788
G1 F3000 E123.1512
G1 F900 Z1.500
G0 F4200 X133.975 Y82.399
;TYPE:SOLID-FILL
;WIDTH:0.400
G1 F900 Z1.200
G1 F1500 E128.1512
G1 F3000 X133.656 Y82.434 E128.1545
G1 X133.097 Y82.428 E128.1571
G1 X132.785 Y82.457 E128.1676
G1 F3000 E123.1676
G1 F900 Z1.500
G0 F4200 X123.781 Y90.287
;TYPE:WALL-INNER
;WIDTH:0.400
G1 F900 Z1.200
G1 F1500 E128.1676
G1 F2700 X123.696 Y90.158 E128.1727
G1 X123.663 Y89.977 E128.1788
G1 X123.663 Y75.760 E128.6517
G1 X123.696 Y75.579 E128.6578
G1 X123.781 Y75.451 E128.6629
G1 X123.912 Y75.364 E128.6681
G1 X123.985 Y75.341 E128.6707
G1 X124.140 Y75.341 E128.6758
G1 X124.283 Y75.402 E128.6810
G1 X124.392 Y75.509 E128.6861
G1 X124.452 Y75.656 E128.6914
G1 X124.463 Y75.762 E128.6949
G1 X124.463 Y82.319 E128.9130
G1 X126.082 Y82.319 E128.9669
G1 X127.145 Y82.805 E129.0057
G1 X127.145 Y82.933 E129.0100
G1 X126.082 Y83.419 E129.0489
G1 X124.463 Y83.419 E129.1027
G1 X124.463 Y89.976 E129.3208
G1 X124.436 Y90.135 E129.3262
G1 X124.343 Y90.287 E129.3321
G1 X124.244 Y90.353 E129.3360
G0 F2700 X124.214 Y90.373
G0 F2700 X124.071 Y90.403
G0 F2700 X123.911 Y90.373
G0 F2700 X123.781 Y90.287
G1 F3000 E124.3360
G0 F4200 X123.497 Y90.571
;TYPE:WALL-OUTER
;WIDTH:0.400
G1 F900 Z1.200
G1 F1500 E129.3360
G1 F2700 X123.398 Y90.450 E129.3412
G1 X123.325 Y90.312 E129.3464
G1 X123.279 Y90.162 E129.3517
G1 X123.263 Y89.996 E129.3572
G1 X123.263 Y75.741 E129.8313
G1 X123.279 Y75.575 E129.8369
G1 X123.325 Y75.426 E129.8421
G1 X123.398 Y75.287 E129.8473
G1 X123.497 Y75.166 E129.8525
G1 X123.619 Y75.067 E129.8577
G1 X123.757 Y74.993 E129.8629
G1 X123.906 Y74.947 E129.8681
G1 X124.063 Y74.932 E129.8734
G1 X124.219 Y74.947 E129.8786
G1 X124.368 Y74.993 E129.8838
G1 X124.506 Y75.067 E129.8890
G1 X124.628 Y75.166 E129.8942
G1 X124.727 Y75.287 E129.8994
G1 X124.800 Y75.426 E129.9046
G1 X124.846 Y75.576 E129.9098
G1 X124.863 Y75.741 E129.9153
G1 X124.863 Y81.919 E130.1208
G1 X126.169 Y81.919 E130.1643
G1 X127.566 Y82.558 E130.2154
G1 X127.704 Y82.717 E130.2224
G1 X127.734 Y82.870 E130.2275
G1 X127.709 Y83.006 E130.2321
G1 X127.677 Y83.069 E130.2345
G1 X127.566 Y83.180 E130.2397
G1 X126.169 Y83.819 E130.2908
G1 X124.863 Y83.819 E130.3342
G1 X124.863 Y89.996 E130.5397
G1 X124.846 Y90.162 E130.5452
G1 X124.809 Y90.284 E130.5495
G1 X124.725 Y90.452 E130.5557
G1 X124.628 Y90.571 E130.5608
G1 X124.506 Y90.671 E130.5661
G1 X124.368 Y90.744 E130.5713
G1 X124.219 Y90.790 E130.5765
G1 X124.066 Y90.805 E130.5816
G1 X123.938 Y90.789 E130.5859
G0 F2700 X123.879 Y90.782
G0 F2700 X123.757 Y90.744
G0 F2700 X123.619 Y90.671
G0 F2700 X123.497 Y90.571
G1 F3000 E125.5859
G0 F4200 X123.951 Y90.160
;TYPE:SOLID-FILL
;WIDTH:0.400
G1 F900 Z1.200
G1 F1500 E130.5859
G1 F3000 X124.061 Y89.766 E130.6005
G1 X124.061 Y89.201 E130.6192
G1 X124.061 Y88.635 E130.6379
G1 X124.061 Y88.069 E130.6567
G1 X124.061 Y87.504 E130.6754
G1 X124.061 Y86.938 E130.6941
G1 X124.061 Y86.372 E130.7129
G1 X124.061 Y85.806 E130.7316
G1 X124.061 Y85.241 E130.7503
G1 X124.061 Y84.675 E130.7691
G1 X124.061 Y84.109 E130.7878
G1 X124.261 Y83.627 E130.8052
G0 F4200 X123.862 Y83.461
G1 F3000 X124.462 Y82.861 E130.8334
G0 F4200 X124.261 Y82.496
G1 F3000 X123.862 Y82.612 E130.8522
G1 X124.061 Y81.847 E130.8709
G1 X124.061 Y81.281 E130.8896
G1 X124.061 Y80.715 E130.9083
G1 X124.061 Y80.150 E130.9271
G1 X124.061 Y79.584 E130.9458
G1 X124.061 Y79.018 E130.9646
G1 X124.061 Y78.453 E130.9833
G1 X124.061 Y77.887 E131.0020
G1 X124.061 Y77.321 E131.0208
G1 X124.061 Y76.756 E131.0395
G1 X124.061 Y76.190 E131.0582
G1 X124.255 Y75.714 E131.0753
G1 F3000 E126.0753
G1 F900 Z1.500
G0 F4200 X125.007 Y82.598
;TYPE:SOLID-FILL
;WIDTH:0.400
G1 F900 Z1.200
G1 F1500 E131.0753
G1 F2700 X124.542 Y83.063 E131.0972
G1 X124.542 Y83.138 E131.0997
G1 X125.033 Y83.138 E131.1160
G1 X125.220 Y82.951 E131.1248
G0 F2700 X125.573 Y82.598
G0 F4200 X126.019 Y82.598
G1 F2700 X126.101 Y82.636 E131.1278
G1 X125.599 Y83.138 E131.1514
G1 X126.019 Y83.138 E131.1654
G1 X126.031 Y83.132 E131.1659
G0 F2700 X126.286 Y83.017
G0 F2700 X126.442 Y82.861
G1 F3000 E126.1659
G1 F900 Z1.500
G0 F4200 X126.055 Y82.399
;TYPE:SOLID-FILL
;WIDTH:0.400
G1 F900 Z1.200
G1 F1500 E131.1659
G1 F3000 X125.724 Y82.447 E131.1703
G1 X125.177 Y82.428 E131.1730
G1 X124.865 Y82.457 E131.1834
G1 F3000 E126.1834
G1 F900 Z1.500
G0 F4200 X115.911 Y90.373
;TYPE:WALL-INNER
;WIDTH:0.400
G1 F900 Z1.200
G1 F1500 E131.1834
G1 F2700 X115.781 Y90.287 E131.1886
G1 X115.696 Y90.158 E131.1938
G1 X115.663 Y89.977 E131.1999
G1 X115.663 Y75.760 E131.6727
G1 X115.696 Y75.579 E131.6789
G1 X115.781 Y75.451 E131.6840
G1 X115.912 Y75.364 E131.6892
G1 X115.985 Y75.341 E131.6918
G1 X116.140 Y75.341 E131.6969
G1 X116.283 Y75.402 E131.7021
G1 X116.392 Y75.509 E131.7072
G1 X116.452 Y75.656 E131.7124
G1 X116.463 Y75.762 E131.7160
G1 X116.463 Y82.319 E131.9341
G1 X118.082 Y82.319 E131.9879
G1 X119.145 Y82.805 E132.0268
G1 X119.145 Y82.933 E132.0311
G1 X118.082 Y83.419 E132.0699
G1 X116.463 Y83.419 E132.1238
G1 X116.463 Y89.976 E132.3419
G1 X116.436 Y90.135 E132.3472
G1 X116.362 Y90.256 E132.3519
G0 F2700 X116.343 Y90.287
G0 F2700 X116.214 Y90.373
G0 F2700 X116.071 Y90.403
G0 F2700 X115.911 Y90.373
G1 F3000 E127.3519
G0 F4200 X115.757 Y90.744
;TYPE:WALL-OUTER
;WIDTH:0.400
G1 F900 Z1.200
G1 F1500 E132.3519
G1 F2700 X115.619 Y90.671 E132.3571
G1 X115.497 Y90.571 E132.3624
G1 X115.398 Y90.450 E132.3676
G1 X115.325 Y90.312 E132.3728
G1 X115.279 Y90.162 E132.3780
G1 X115.263 Y89.996 E132.3835
G1 X115.263 Y75.741 E132.8577
G1 X115.279 Y75.575 E132.8632
G1 X115.325 Y75.426 E132.8684
G1 X115.398 Y75.287 E132.8736
G1 X115.497 Y75.166 E132.8788
G1 X115.619 Y75.067 E132.8840
G1 X115.757 Y74.993 E132.8893
G1 X115.906 Y74.947 E132.8944
G1 X116.063 Y74.932 E132.8997
G1 X116.219 Y74.947 E132.9049
G1 X116.368 Y74.993 E132.9101
G1 X116.506 Y75.067 E132.9153
G1 X116.628 Y75.166 E132.9205
G1 X116.727 Y75.287 E132.9257
G1 X116.800 Y75.426 E132.9309
G1 X116.846 Y75.576 E132.9362
G1 X116.863 Y75.741 E132.9417
G1 X116.863 Y81.919 E133.1472
G1 X118.169 Y81.919 E133.1906
G1 X119.566 Y82.558 E133.2417
G1 X119.704 Y82.717 E133.2487
G1 X119.734 Y82.870 E133.2539
G1 X119.709 Y83.006 E133.2585
G1 X119.677 Y83.069 E133.2608
G1 X119.566 Y83.180 E133.2660
G1 X118.169 Y83.819 E133.3171
G1 X116.863 Y83.819 E133.3606
G1 X116.863 Y89.996 E133.5660
G1 X116.846 Y90.162 E133.5716
G1 X116.809 Y90.284 E133.5758
G1 X116.725 Y90.452 E133.5821
G1 X116.628 Y90.571 E133.5872
G1 X116.506 Y90.671 E133.5924
G1 X116.368 Y90.744 E133.5976
G1 X116.249 Y90.781 E133.6018
G0 F2700 X116.219 Y90.790
G0 F2700 X116.066 Y90.805
G0 F2700 X115.879 Y90.782
G0 F2700 X115.757 Y90.744
G1 F3000 E128.6018
G0 F4200 X116.005 Y90.187
;TYPE:SOLID-FILL
;WIDTH:0.400
G1 F900 Z1.200
G1 F1500 E133.6018
G1 F3000 X116.062 Y89.846 E133.6139
G1 X116.062 Y89.281 E133.6327
G1 X116.062 Y88.715 E133.6515
G1 X116.062 Y88.149 E133.6703
G1 X116.062 Y87.584 E133.6891
G1 X116.062 Y87.018 E133.7079
G1 X116.062 Y86.452 E133.7266
G1 X116.062 Y85.887 E133.7454
G1 X116.062 Y85.321 E133.7642
G1 X116.062 Y84.755 E133.7830
G1 X116.062 Y84.189 E133.8018
G1 X116.262 Y83.707 E133.8192
G0 F4200 X115.862 Y83.541
G1 F3000 X116.462 Y82.941 E133.8474
G0 F4200 X116.319 Y82.518
G1 F3000 X115.862 Y82.693 E133.8689
G1 X116.061 Y81.927 E133.8877
G1 X116.061 Y81.362 E133.9064
G1 X116.061 Y80.796 E133.9251
G1 X116.061 Y80.230 E133.9439
G1 X116.061 Y79.665 E133.9626
G1 X116.061 Y79.099 E133.9813
G1 X116.061 Y78.533 E134.0001
G1 X116.061 Y77.967 E134.0188
G1 X116.061 Y77.402 E134.0376
G1 X116.061 Y76.836 E134.0563
G1 X116.061 Y76.270 E134.0750
G1 X116.261 Y75.788 E134.0924
G1 F3000 E129.0924
G1 F900 Z1.500
G0 F4200 X117.088 Y82.598
;TYPE:SOLID-FILL
;WIDTH:0.400
G1 F900 Z1.200
G1 F1500 E134.0924
G1 F2700 X116.548 Y83.138 E134.1178
G1 X117.113 Y83.138 E134.1366
G1 X117.300 Y82.951 E134.1454
G0 F2700 X117.654 Y82.598
G0 F4200 X118.019 Y82.599
G1 F2700 X118.156 Y82.661 E134.1504
G1 X117.679 Y83.138 E134.1728
G1 X117.974 Y83.138 E134.1826
G0 F2700 X118.018 Y83.138
G0 F2700 X118.434 Y82.949
G1 F3000 E129.1826
G1 F900 Z1.500
G0 F4200 X118.014 Y82.520
;TYPE:SOLID-FILL
;WIDTH:0.400
G1 F900 Z1.200
G1 F1500 E134.1826
G1 F3000 X117.827 Y82.424 E134.1859
G1 X117.259 Y82.427 E134.1886
G1 X116.692 Y82.427 E134.1913
G1 X116.342 Y82.496 E134.2032
G1 F3000 E129.2032
G1 F900 Z1.500
G0 F4200 X107.911 Y90.373
;TYPE:WALL-INNER
;WIDTH:0.400
G1 F900 Z1.200
G1 F1500 E134.2032
G1 F2700 X107.781 Y90.287 E134.2083
G1 X107.696 Y90.158 E134.2135
G1 X107.663 Y89.977 E134.2196
G1 X107.663 Y75.760 E134.6925
G1 X107.696 Y75.579 E134.6986
G1 X107.781 Y75.451 E134.7037
G1 X107.912 Y75.364 E134.7089
G1 X107.985 Y75.341 E134.7115
G1 X108.140 Y75.341 E134.7166
G1 X108.283 Y75.402 E134.7218
G1 X108.392 Y75.509 E134.7269
G1 X108.452 Y75.656 E134.7321
G1 X108.463 Y75.762 E134.7357
G1 X108.463 Y82.319 E134.9538
G1 X110.082 Y82.319 E135.0076
G1 X111.145 Y82.805 E135.0465
G1 X111.145 Y82.933 E135.0508
G1 X110.082 Y83.419 E135.0896
G1 X108.463 Y83.419 E135.1435
G1 X108.463 Y89.976 E135.3616
G1 X108.436 Y90.135 E135.3669
G1 X108.362 Y90.256 E135.3716
G0 F2700 X108.343 Y90.287
G0 F2700 X108.214 Y90.373
G0 F2700 X108.071 Y90.403
G0 F2700 X107.911 Y90.373
G1 F3000 E130.3716
G0 F4200 X107.757 Y90.744
;TYPE:WALL-OUTER
;WIDTH:0.400
G1 F900 Z1.200
G1 F1500 E135.3716
G1 F2700 X107.619 Y90.671 E135.3768
G1 X107.497 Y90.571 E135.3821
G1 X107.398 Y90.450 E135.3873
G1 X107.325 Y90.312 E135.3925
G1 X107.279 Y90.162 E135.3977
G1 X107.263 Y89.996 E135.4032
G1 X107.263 Y75.741 E135.8774
G1 X107.279 Y75.575 E135.8829
G1 X107.325 Y75.426 E135.8881
G1 X107.398 Y75.287 E135.8933
G1 X107.497 Y75.166 E135.8985
G1 X107.619 Y75.067 E135.9037
G1 X107.757 Y74.993 E135.9090
G1 X107.906 Y74.947 E135.9141
G1 X108.063 Y74.932 E135.9194
G1 X108.219 Y74.947 E135.9246
G1 X108.368 Y74.993 E135.9298
G1 X108.506 Y75.067 E135.9350
G1 X108.628 Y75.166 E135.9402
G1 X108.727 Y75.287 E135.9454
G1 X108.800 Y75.426 E135.9506
G1 X108.846 Y75.576 E135.9559
G1 X108.863 Y75.741 E135.9614
G1 X108.863 Y81.919 E136.1669
G1 X110.169 Y81.919 E136.2103
G1 X111.566 Y82.558 E136.2614
G1 X111.704 Y82.717 E136.2684
G1 X111.734 Y82.870 E136.2736
G1 X111.709 Y83.006 E136.2782
G1 X111.677 Y83.069 E136.2805
G1 X111.566 Y83.180 E136.2858
G1 X110.169 Y83.819 E136.3368
G1 X108.863 Y83.819 E136.3803
G1 X108.863 Y89.996 E136.5857
G1 X108.846 Y90.162 E136.5913
G1 X108.809 Y90.284 E136.5955
G1 X108.725 Y90.452 E136.6018
G1 X108.628 Y90.571 E136.6069
G1 X108.506 Y90.671 E136.6121
G1 X108.368 Y90.744 E136.6173
G1 X108.249 Y90.781 E136.6215
G0 F2700 X108.219 Y90.790
G0 F2700 X108.066 Y90.805
G0 F2700 X107.879 Y90.782
G0 F2700 X107.757 Y90.744
G1 F3000 E131.6215
G0 F4200 X108.074 Y90.197
;TYPE:SOLID-FILL
;WIDTH:0.400
G1 F900 Z1.200
G1 F1500 E136.6215
G1 F3000 X108.057 Y89.932 E136.6298
G1 X108.062 Y89.361 E136.6486
G1 X108.062 Y88.795 E136.6673
G1 X108.062 Y88.230 E136.6860
G1 X108.062 Y87.664 E136.7048
G1 X108.062 Y87.098 E136.7235
G1 X108.062 Y86.533 E136.7423
G1 X108.062 Y85.967 E136.7611
G1 X108.062 Y85.401 E136.7798
G1 X108.062 Y84.836 E136.7986
G1 X108.062 Y84.270 E136.8174
G1 X108.062 Y83.704 E136.8361
G1 X108.263 Y83.220 E136.8549
G1 X108.431 Y82.770 E136.8641
G1 X107.862 Y82.773 E136.8894
G1 X108.062 Y82.007 E136.9081
G1 X108.062 Y81.441 E136.9269
G1 X108.062 Y80.876 E136.9456
G1 X108.062 Y80.310 E136.9644
G1 X108.062 Y79.744 E136.9831
G1 X108.062 Y79.179 E137.0019
G1 X108.062 Y78.613 E137.0206
G1 X108.062 Y78.047 E137.0394
G1 X108.062 Y77.482 E137.0581
G1 X108.062 Y76.916 E137.0769
G1 X108.062 Y76.350 E137.0956
G1 X108.142 Y75.704 E137.1144
G1 X107.880 Y75.684 E137.1232
G1 F3000 E132.1232
G1 F900 Z1.500
G0 F4200 X108.542 Y82.659
;TYPE:SOLID-FILL
;WIDTH:0.400
G1 F900 Z1.200
G1 F1500 E137.1232
G1 F2700 X108.603 Y82.598 E137.1260
G1 X109.168 Y82.598 E137.1448
G1 X108.627 Y83.139 E137.1703
G1 X109.193 Y83.139 E137.1891
G1 X109.381 Y82.951 E137.1979
G0 F2700 X109.734 Y82.598
G0 F4200 X109.759 Y83.139
G1 F2700 X110.008 Y82.890 E137.2096
G0 F2700 X110.212 Y82.686
G0 F2700 X110.019 Y82.599
G1 F3000 E132.2096
G1 F900 Z1.500
G0 F4200 X109.900 Y83.280
;TYPE:SOLID-FILL
;WIDTH:0.400
G1 F900 Z1.200
G1 F1500 E137.2096
G1 F3000 X109.842 Y83.338 E137.2124
G1 F3000 E132.2124
G1 F900 Z1.500
G0 F4200 X102.034 Y83.269
;TYPE:WALL-INNER
;WIDTH:0.400
G1 F900 Z1.200
G1 F1500 E137.2124
G1 F2700 X90.092 Y83.269 E137.6096
G1 X89.912 Y83.236 E137.6157
G1 X89.781 Y83.149 E137.6209
G1 X89.733 Y83.091 E137.6234
G1 X89.673 Y82.946 E137.6286
G1 X89.673 Y82.791 E137.6338
G1 X89.738 Y82.641 E137.6392
G1 X89.782 Y82.588 E137.6415
G1 X89.842 Y82.539 E137.6441
G1 X89.985 Y82.479 E137.6492
G1 X95.513 Y82.469 E137.8331
G1 X95.513 Y65.848 E138.3859
G1 X95.995 Y64.778 E138.4249
G1 X96.123 Y64.777 E138.4292
G1 X96.612 Y65.849 E138.4684
G1 X96.612 Y82.469 E139.0212
G1 X102.140 Y82.479 E139.2050
G1 X102.283 Y82.539 E139.2102
G1 X102.344 Y82.588 E139.2128
G1 X102.429 Y82.716 E139.2179
G1 X102.460 Y82.869 E139.2231
G1 X102.430 Y83.014 E139.2280
G0 F2700 X102.429 Y83.021
G0 F2700 X102.344 Y83.149
G0 F2700 X102.283 Y83.198
G0 F2700 X102.140 Y83.259
G0 F2700 X102.034 Y83.269
G1 F3000 E134.2280
G0 F4200 X102.053 Y83.669
;TYPE:WALL-OUTER
;WIDTH:0.400
G1 F900 Z1.200
G1 F1500 E139.2280
G1 F2700 X90.073 Y83.669 E139.6265
G1 X89.906 Y83.653 E139.6321
G1 X89.757 Y83.607 E139.6372
G1 X89.619 Y83.533 E139.6424
G1 X89.497 Y83.434 E139.6477
G1 X89.398 Y83.313 E139.6529
G1 X89.325 Y83.174 E139.6581
G1 X89.279 Y83.025 E139.6633
G1 X89.264 Y82.869 E139.6685
G1 X89.279 Y82.713 E139.6737
G1 X89.316 Y82.591 E139.6779
G1 X89.400 Y82.423 E139.6842
G1 X89.497 Y82.304 E139.6893
G1 X89.619 Y82.204 E139.6945
G1 X89.757 Y82.131 E139.6997
G1 X89.906 Y82.085 E139.7049
G1 X90.073 Y82.069 E139.7105
G1 X95.113 Y82.069 E139.8781
G1 X95.113 Y65.762 E140.4205
G1 X95.706 Y64.446 E140.4685
G1 X95.800 Y64.306 E140.4741
G1 X95.980 Y64.205 E140.4810
G1 X96.145 Y64.205 E140.4865
G1 X96.204 Y64.223 E140.4885
G1 X96.273 Y64.262 E140.4912
G1 X96.374 Y64.364 E140.4959
G1 X97.012 Y65.762 E140.5471
G1 X97.012 Y82.069 E141.0894
G1 X102.053 Y82.069 E141.2571
G1 X102.219 Y82.085 E141.2626
G1 X102.368 Y82.131 E141.2678
G1 X102.506 Y82.204 E141.2730
G1 X102.628 Y82.304 E141.2783
G1 X102.727 Y82.425 E141.2835
G1 X102.800 Y82.563 E141.2887
G1 X102.846 Y82.714 E141.2939
G1 X102.862 Y82.869 E141.2991
G1 X102.846 Y83.024 E141.3043
G1 X102.800 Y83.174 E141.3095
G1 X102.727 Y83.313 E141.3147
G1 X102.628 Y83.434 E141.3199
G1 X102.523 Y83.519 E141.3244
G0 F2700 X102.506 Y83.533
G0 F2700 X102.368 Y83.607
G0 F2700 X102.219 Y83.653
G0 F2700 X102.053 Y83.669
G1 F3000 E136.3244
G0 F4200 X101.626 Y83.069
;TYPE:SOLID-FILL
;WIDTH:0.400
G1 F900 Z1.200
G1 F1500 E141.3244
G1 F3000 X101.734 Y82.677 E141.3428
G1 X100.974 Y82.873 E141.3612
G1 X100.409 Y82.872 E141.3796
G1 X99.843 Y82.871 E141.3981
G1 X99.279 Y82.871 E141.4166
G1 X98.713 Y82.870 E141.4352
G1 X98.148 Y82.870 E141.4538
G1 X97.583 Y82.869 E141.4725
G1 X96.930 Y82.956 E141.4912
G1 X96.935 Y82.669 E141.5008
G1 F3000 E136.5008
G1 F900 Z1.500
G0 F4200 X96.333 Y82.988
;TYPE:SOLID-FILL
;WIDTH:0.400
G1 F900 Z1.200
G1 F1500 E141.5008
G1 F2700 X96.573 Y82.749 E141.5120
G1 X96.331 Y82.749 E141.5201
G1 X96.331 Y82.425 E141.5309
G1 X95.767 Y82.988 E141.5574
G1 X95.443 Y82.988 E141.5681
G1 X95.443 Y82.749 E141.5761
G1 X95.792 Y82.749 E141.5877
G1 X95.792 Y82.398 E141.5994
G1 X96.331 Y81.859 E141.6247
G1 X96.331 Y81.293 E141.6436
G1 X95.792 Y81.832 E141.6689
G1 X95.792 Y81.267 E141.6877
G1 X96.331 Y80.728 E141.7131
G1 X96.331 Y80.162 E141.7319
G1 X95.792 Y80.701 E141.7572
G1 X95.792 Y80.135 E141.7761
G1 X96.331 Y79.596 E141.8014
G1 X96.331 Y79.031 E141.8202
G1 X95.792 Y79.570 E141.8456
G1 X95.792 Y79.004 E141.8644
G1 X96.331 Y78.465 E141.8897
G1 X96.331 Y77.899 E141.9086
G1 X95.792 Y78.438 E141.9339
G1 X95.792 Y77.872 E141.9527
G1 X96.331 Y77.334 E141.9781
G1 X96.331 Y76.768 E141.9969
G1 X95.792 Y77.307 E142.0222
G1 X95.792 Y76.741 E142.0411
G1 X96.331 Y76.202 E142.0664
G1 X96.331 Y75.637 E142.0852
G1 X95.792 Y76.175 E142.1105
G1 X95.792 Y75.610 E142.1293
G1 X96.331 Y75.071 E142.1547
G1 X96.331 Y74.505 E142.1735
G1 X95.792 Y75.044 E142.1989
G1 X95.792 Y74.478 E142.2177
G1 X96.331 Y73.940 E142.2430
G1 X96.331 Y73.374 E142.2618
G1 X95.792 Y73.913 E142.2872
G1 X95.792 Y73.347 E142.3060
G1 X96.331 Y72.808 E142.3314
G1 X96.331 Y72.242 E142.3502
G1 X95.792 Y72.781 E142.3756
G1 X95.792 Y72.216 E142.3943
G1 X96.331 Y71.677 E142.4197
G1 X96.331 Y71.111 E142.4385
G1 X95.792 Y71.650 E142.4639
G1 X95.792 Y71.084 E142.4827
G1 X96.331 Y70.545 E142.5081
G1 X96.331 Y69.980 E142.5268
G1 X95.792 Y70.519 E142.5522
G1 X95.792 Y69.953 E142.5710
G1 X96.331 Y69.414 E142.5964
G1 X96.331 Y68.848 E142.6152
G1 X95.792 Y69.387 E142.6406
G1 X95.792 Y68.821 E142.6594
G1 X96.331 Y68.283 E142.6847
G1 X96.331 Y67.717 E142.7035
G1 X95.792 Y68.256 E142.7289
G1 X95.792 Y67.690 E142.7477
G1 X96.331 Y67.151 E142.7731
G1 X96.331 Y66.586 E142.7919
G1 X95.792 Y67.124 E142.8172
G1 X95.792 Y66.559 E142.8360
G1 X96.331 Y66.020 E142.8613
G1 X96.331 Y65.910 E142.8650
G1 X96.187 Y65.598 E142.8764
G1 X96.145 Y65.640 E142.8784
G0 F2700 X95.792 Y65.993
G0 F4200 X95.651 Y65.852
;TYPE:SOLID-FILL
;WIDTH:0.400
G1 F3000 X95.592 Y65.910 E142.8811
G1 F3000 E137.8811
G1 F900 Z1.500
G0 F4200 X96.879 Y82.725
G1 F900 Z1.200
G1 F1500 E142.8811
G1 F3000 X96.645 Y82.959 E142.8841
G1 X96.416 Y83.188 E142.8948
G1 F3000 E137.8948
G1 F900 Z1.500
G0 F4200 X95.238 Y82.669
G1 F900 Z1.200
G1 F1500 E142.8948
G1 F3000 X94.754 Y82.869 E142.9136
G1 X94.188 Y82.870 E142.9324
G1 X93.622 Y82.870 E142.9510
G1 X93.056 Y82.871 E142.9697
G1 X92.489 Y82.871 E142.9883
G1 X91.924 Y82.872 E143.0068
G1 X91.357 Y82.872 E143.0253
G1 X90.791 Y82.873 E143.0437
G1 X90.225 Y82.873 E143.0621
G1 X89.883 Y82.933 E143.0736
G1 F3000 E138.0736
G1 F900 Z1.500
G0 F4200 X92.140 Y88.259
;TYPE:WALL-INNER
;WIDTH:0.400
G1 F900 Z1.200
G1 F1500 E143.0736
G1 F2700 X92.034 Y88.269 E143.0772
G1 X80.092 Y88.269 E143.4744
G1 X79.912 Y88.236 E143.4804
G1 X79.781 Y88.149 E143.4857
G1 X79.733 Y88.091 E143.4882
G1 X79.673 Y87.946 E143.4934
G1 X79.673 Y87.791 E143.4986
G1 X79.738 Y87.641 E143.5040
G1 X79.782 Y87.588 E143.5063
G1 X79.842 Y87.539 E143.5089
G1 X79.985 Y87.479 E143.5140
G1 X85.513 Y87.469 E143.6979
G1 X85.513 Y70.848 E144.2507
G1 X85.995 Y69.778 E144.2897
G1 X86.123 Y69.777 E144.2940
G1 X86.612 Y70.849 E144.3332
G1 X86.612 Y87.469 E144.8860
G1 X92.140 Y87.479 E145.0698
G1 X92.283 Y87.539 E145.0750
G1 X92.344 Y87.588 E145.0776
G1 X92.429 Y87.716 E145.0827
G1 X92.460 Y87.869 E145.0879
G1 X92.451 Y87.910 E145.0893
G0 F2700 X92.429 Y88.021
G0 F2700 X92.344 Y88.149
G0 F2700 X92.283 Y88.198
G0 F2700 X92.140 Y88.259
G1 F3000 E140.0893
G0 F4200 X92.219 Y88.653
;TYPE:WALL-OUTER
;WIDTH:0.400
G1 F900 Z1.200
G1 F1500 E145.0893
G1 F2700 X92.053 Y88.669 E145.0948
G1 X80.073 Y88.669 E145.4933
G1 X79.906 Y88.653 E145.4989
G1 X79.757 Y88.607 E145.5040
G1 X79.619 Y88.533 E145.5093
G1 X79.497 Y88.434 E145.5145
G1 X79.398 Y88.313 E145.5197
G1 X79.325 Y88.174 E145.5249
G1 X79.279 Y88.025 E145.5301
G1 X79.264 Y87.869 E145.5353
G1 X79.279 Y87.713 E145.5405
G1 X79.316 Y87.591 E145.5448
G1 X79.400 Y87.423 E145.5510
G1 X79.497 Y87.304 E145.5561
G1 X79.619 Y87.204 E145.5614
G1 X79.757 Y87.131 E145.5665
G1 X79.906 Y87.085 E145.5717
G1 X80.073 Y87.069 E145.5773
G1 X85.113 Y87.069 E145.7449
G1 X85.113 Y70.762 E146.2873
G1 X85.706 Y69.446 E146.3353
G1 X85.806 Y69.298 E146.3413
G1 X85.847 Y69.264 E146.3430
G1 X85.990 Y69.205 E146.3482
G1 X86.145 Y69.205 E146.3533
G1 X86.204 Y69.223 E146.3554
G1 X86.273 Y69.262 E146.3580
G1 X86.374 Y69.364 E146.3628
G1 X87.012 Y70.762 E146.4139
G1 X87.012 Y87.069 E146.9563
G1 X92.053 Y87.069 E147.1239
G1 X92.219 Y87.085 E147.1295
G1 X92.368 Y87.131 E147.1347
G1 X92.506 Y87.204 E147.1399
G1 X92.628 Y87.304 E147.1451
G1 X92.727 Y87.425 E147.1503
G1 X92.800 Y87.563 E147.1555
G1 X92.846 Y87.714 E147.1608
G1 X92.862 Y87.869 E147.1659
G1 X92.846 Y88.024 E147.1711
G1 X92.800 Y88.174 E147.1763
G1 X92.727 Y88.313 E147.1816
G1 X92.648 Y88.410 E147.1857
G0 F2700 X92.628 Y88.434
G0 F2700 X92.506 Y88.533
G0 F2700 X92.368 Y88.607
G0 F2700 X92.219 Y88.653
G1 F3000 E142.1857
G0 F4200 X92.121 Y88.049
;TYPE:SOLID-FILL
;WIDTH:0.400
G1 F900 Z1.200
G1 F1500 E147.1857
G1 F3000 X92.084 Y87.803 E147.1914
G1 X91.448 Y87.872 E147.2097
G1 X90.883 Y87.872 E147.2280
G1 X90.318 Y87.871 E147.2465
G1 X89.753 Y87.871 E147.2649
G1 X89.188 Y87.870 E147.2834
G1 X88.622 Y87.870 E147.3020
G1 X88.057 Y87.869 E147.3206
G1 X87.492 Y87.868 E147.3392
G1 X86.885 Y87.910 E147.3580
G1 X86.844 Y87.669 E147.3661
G0 F4200 X86.483 Y87.747
;TYPE:SOLID-FILL
;WIDTH:0.400
G1 F2700 X86.242 Y87.988 E147.3775
G1 X85.677 Y87.988 E147.3963
G1 X86.331 Y87.334 E147.4270
G1 X86.331 Y86.768 E147.4458
G1 X85.792 Y87.307 E147.4712
G1 X85.792 Y86.741 E147.4900
G1 X86.331 Y86.202 E147.5154
G1 X86.331 Y85.636 E147.5342
G1 X85.792 Y86.175 E147.5596
G1 X85.792 Y85.610 E147.5783
G1 X86.331 Y85.071 E147.6037
G1 X86.331 Y84.505 E147.6225
G1 X85.792 Y85.044 E147.6479
G1 X85.792 Y84.478 E147.6667
G1 X86.331 Y83.939 E147.6921
G1 X86.331 Y83.374 E147.7108
G1 X85.792 Y83.913 E147.7362
G1 X85.792 Y83.347 E147.7550
G1 X86.331 Y82.808 E147.7804
G1 X86.331 Y82.242 E147.7992
G1 X85.792 Y82.781 E147.8246
G1 X85.792 Y82.216 E147.8433
G1 X86.331 Y81.677 E147.8687
G1 X86.331 Y81.111 E147.8875
G1 X85.792 Y81.650 E147.9129
G1 X85.792 Y81.084 E147.9317
G1 X86.331 Y80.545 E147.9571
G1 X86.331 Y79.980 E147.9758
G1 X85.792 Y80.518 E148.0012
G1 X85.792 Y79.953 E148.0200
G1 X86.331 Y79.414 E148.0453
G1 X86.331 Y78.848 E148.0641
G1 X85.792 Y79.387 E148.0895
G1 X85.792 Y78.821 E148.1083
G1 X86.331 Y78.283 E148.1337
G1 X86.331 Y77.717 E148.1525
G1 X85.792 Y78.256 E148.1778
G1 X85.792 Y77.690 E148.1967
G1 X86.331 Y77.151 E148.2220
G1 X86.331 Y76.586 E148.2408
G1 X85.792 Y77.124 E148.2661
G1 X85.792 Y76.559 E148.2849
G1 X86.331 Y76.020 E148.3103
G1 X86.331 Y75.454 E148.3291
G1 X85.792 Y75.993 E148.3545
G1 X85.792 Y75.427 E148.3733
G1 X86.331 Y74.888 E148.3986
G1 X86.331 Y74.323 E148.4174
G1 X85.792 Y74.862 E148.4428
G1 X85.792 Y74.296 E148.4616
G1 X86.331 Y73.757 E148.4870
G1 X86.331 Y73.191 E148.5058
G1 X85.792 Y73.730 E148.5311
G1 X85.792 Y73.165 E148.5499
G1 X86.331 Y72.626 E148.5753
G1 X86.331 Y72.060 E148.5941
G1 X85.792 Y72.599 E148.6195
G1 X85.792 Y72.033 E148.6383
G1 X86.331 Y71.494 E148.6636
G1 X86.331 Y70.929 E148.6824
G1 X85.792 Y71.467 E148.7078
G1 X85.791 Y70.907 E148.7264
G1 X85.795 Y70.899 E148.7267
G1 X85.805 Y70.889 E148.7272
G0 F2700 X86.159 Y70.535
G1 F3000 E143.7272
G1 F900 Z1.500
G0 F4200 X86.880 Y87.633
;TYPE:SOLID-FILL
;WIDTH:0.400
G1 F900 Z1.200
G1 F1500 E148.7272
G1 F3000 X86.625 Y87.888 E148.7391
G0 F4200 X85.433 Y87.949
G1 F3000 X85.195 Y87.903 E148.7480
G1 X84.664 Y87.868 E148.7668
G1 X84.098 Y87.869 E148.7855
G1 X83.532 Y87.870 E148.8041
G1 X82.966 Y87.870 E148.8227
G1 X82.400 Y87.870 E148.8413
G1 X81.833 Y87.871 E148.8598
G1 X81.267 Y87.871 E148.8783
G1 X80.702 Y87.872 E148.8967
G1 X80.047 Y87.960 E148.9151
G1 X80.048 Y87.676 E148.9245
;LAYER:6
;Z:1.400
;HEIGHT:0.200
G1 F3000 E143.9245
G0 F900 Z1.400
G0 F4200 X92.140 Y88.259
;TYPE:WALL-INNER
;WIDTH:0.400
G1 F900 Z1.400
G1 F1500 E148.9245
G1 F2700 X92.034 Y88.269 E148.9281
G1 X80.092 Y88.269 E149.3253
G1 X79.912 Y88.236 E149.3314
G1 X79.781 Y88.149 E149.3366
G1 X79.733 Y88.091 E149.3391
G1 X79.673 Y87.946 E149.3443
G1 X79.673 Y87.790 E149.3495
G1 X79.738 Y87.640 E149.3549
G1 X79.781 Y87.588 E149.3572
G1 X79.911 Y87.502 E149.3624
G1 X79.985 Y87.479 E149.3650
G1 X85.513 Y87.469 E149.5488
G1 X85.513 Y70.849 E150.1016
G1 X86.001 Y69.778 E150.1407
G1 X86.128 Y69.778 E150.1450
G1 X86.612 Y70.848 E150.1840
G1 X86.612 Y87.469 E150.7368
G1 X92.140 Y87.479 E150.9207
G1 X92.205 Y87.499 E150.9230
G1 X92.344 Y87.588 E150.9285
G1 X92.415 Y87.691 E150.9326
G1 X92.460 Y87.869 E150.9387
G1 X92.451 Y87.910 E150.9401
G0 F2700 X92.429 Y88.021
G0 F2700 X92.344 Y88.149
G0 F2700 X92.283 Y88.198
G0 F2700 X92.140 Y88.259
G1 F3000 E145.9401
G0 F4200 X92.219 Y88.653
;TYPE:WALL-OUTER
;WIDTH:0.400
G1 F900 Z1.400
G1 F1500 E150.9401
G1 F2700 X92.053 Y88.669 E150.9457
G1 X80.073 Y88.669 E151.3441
G1 X79.906 Y88.653 E151.3497
G1 X79.757 Y88.607 E151.3549
G1 X79.619 Y88.533 E151.3601
G1 X79.497 Y88.434 E151.3653
G1 X79.398 Y88.313 E151.3705
G1 X79.325 Y88.174 E151.3757
G1 X79.279 Y88.025 E151.3809
G1 X79.264 Y87.869 E151.3861
G1 X79.279 Y87.713 E151.3914
G1 X79.314 Y87.596 E151.3954
G1 X79.400 Y87.422 E151.4019
G1 X79.497 Y87.304 E151.4070
G1 X79.619 Y87.204 E151.4122
G1 X79.757 Y87.131 E151.4174
G1 X79.906 Y87.085 E151.4226
G1 X80.073 Y87.069 E151.4282
G1 X85.113 Y87.069 E151.5958
G1 X85.113 Y70.762 E152.1382
G1 X85.750 Y69.363 E152.1893
G1 X85.804 Y69.302 E152.1920
G1 X85.980 Y69.205 E152.1987
G1 X86.135 Y69.205 E152.2038
G1 X86.278 Y69.264 E152.2090
G1 X86.409 Y69.428 E152.2160
G1 X87.012 Y70.762 E152.2647
G1 X87.012 Y87.069 E152.8070
G1 X92.053 Y87.069 E152.9747
G1 X92.219 Y87.085 E152.9802
G1 X92.365 Y87.130 E152.9853
G1 X92.533 Y87.226 E152.9918
G1 X92.628 Y87.304 E152.9958
G1 X92.727 Y87.425 E153.0010
G1 X92.784 Y87.532 E153.0051
G1 X92.846 Y87.717 E153.0116
G1 X92.862 Y87.869 E153.0167
G1 X92.846 Y88.024 E153.0218
G1 X92.800 Y88.174 E153.0271
G1 X92.727 Y88.313 E153.0323
G1 X92.648 Y88.410 E153.0364
G0 F2700 X92.628 Y88.434
G0 F2700 X92.506 Y88.533
G0 F2700 X92.368 Y88.607
G0 F2700 X92.219 Y88.653
G1 F3000 E148.0364
G0 F4200 X92.218 Y87.975
;TYPE:SOLID-FILL
;WIDTH:0.400
G1 F900 Z1.400
G1 F1500 E153.0364
G1 F3000 X91.832 Y87.873 E153.0504
G1 X91.267 Y87.873 E153.0687
G1 X90.700 Y87.872 E153.0870
G1 X90.134 Y87.872 E153.1054
G1 X89.568 Y87.871 E153.1239
G1 X89.002 Y87.871 E153.1424
G1 X88.435 Y87.870 E153.1610
G1 X87.869 Y87.870 E153.1796
G1 X87.303 Y87.869 E153.1982
G1 X86.821 Y87.669 E153.2156
G0 F4200 X86.617 Y87.748
;TYPE:SOLID-FILL
;WIDTH:0.400
G1 F2700 X86.681 Y87.812 E153.2186
G1 X86.681 Y87.988 E153.2245
G1 X86.291 Y87.988 E153.2374
G1 X85.791 Y87.488 E153.2609
G1 X85.792 Y87.748 E153.2696
G1 X85.646 Y87.748 E153.2745
G0 F2700 X85.485 Y87.748
G0 F2700 X85.725 Y87.988
G1 F3000 E148.2745
G1 F900 Z1.700
G0 F4200 X86.332 Y87.463
G1 F900 Z1.400
G1 F1500 E153.2745
G1 F2700 X85.791 Y86.923 E153.2999
G1 X85.791 Y86.357 E153.3187
G1 X86.332 Y86.897 E153.3441
G1 X86.332 Y86.332 E153.3629
G1 X85.791 Y85.791 E153.3884
G1 X85.791 Y85.226 E153.4072
G1 X86.332 Y85.766 E153.4326
G1 X86.332 Y85.200 E153.4514
G1 X85.791 Y84.660 E153.4768
G1 X85.791 Y84.094 E153.4957
G1 X86.332 Y84.635 E153.5211
G1 X86.332 Y84.069 E153.5399
G1 X85.791 Y83.529 E153.5653
G1 X85.791 Y82.963 E153.5842
G1 X86.332 Y83.503 E153.6096
G1 X86.332 Y82.937 E153.6284
G1 X85.791 Y82.397 E153.6538
G1 X85.791 Y81.832 E153.6726
G1 X86.332 Y82.372 E153.6981
G1 X86.332 Y81.806 E153.7169
G1 X85.791 Y81.266 E153.7423
G1 X85.791 Y80.700 E153.7611
G1 X86.332 Y81.240 E153.7866
G1 X86.332 Y80.675 E153.8054
G1 X85.791 Y80.134 E153.8308
G1 X85.791 Y79.569 E153.8496
G1 X86.332 Y80.109 E153.8750
G1 X86.332 Y79.543 E153.8938
G1 X85.791 Y79.003 E153.9193
G1 X85.791 Y78.437 E153.9381
G1 X86.332 Y78.978 E153.9635
G1 X86.332 Y78.412 E153.9824
G1 X85.791 Y77.872 E154.0078
G1 X85.791 Y77.306 E154.0266
G1 X86.332 Y77.846 E154.0520
G1 X86.332 Y77.281 E154.0708
G1 X85.791 Y76.740 E154.0963
G1 X85.791 Y76.175 E154.1151
G1 X86.332 Y76.715 E154.1405
G1 X86.332 Y76.149 E154.1593
G1 X85.791 Y75.609 E154.1847
G1 X85.791 Y75.043 E154.2036
G1 X86.332 Y75.584 E154.2290
G1 X86.332 Y75.018 E154.2478
G1 X85.791 Y74.478 E154.2733
G1 X85.791 Y73.912 E154.2921
G1 X86.332 Y74.452 E154.3175
G1 X86.332 Y73.887 E154.3363
G1 X85.791 Y73.346 E154.3617
G1 X85.791 Y72.781 E154.3805
G1 X86.332 Y73.321 E154.4060
G1 X86.332 Y72.755 E154.4248
G1 X85.791 Y72.215 E154.4502
G1 X85.791 Y71.649 E154.4690
G1 X86.332 Y72.189 E154.4945
G1 X86.332 Y71.624 E154.5132
G1 X85.791 Y71.084 E154.5387
G1 X85.791 Y70.910 E154.5445
G1 X85.914 Y70.641 E154.5543
G1 X85.978 Y70.705 E154.5573
G0 F2700 X86.332 Y71.058
G0 F4200 X86.472 Y70.915
;TYPE:SOLID-FILL
;WIDTH:0.400
G1 F3000 X86.531 Y70.975 E154.5601
G1 F3000 E149.5601
G1 F900 Z1.700
G0 F4200 X86.472 Y87.320
G1 F900 Z1.400
G1 F1500 E154.5601
G1 F3000 X86.615 Y87.464 E154.5629
G1 X86.757 Y87.606 E154.5696
G1 F3000 E149.5696
G1 F900 Z1.700
G0 F4200 X85.642 Y88.188
G1 F900 Z1.400
G1 F1500 E154.5696
G1 F3000 X85.473 Y88.018 E154.5724
G1 X85.040 Y87.868 E154.5837
G1 X84.475 Y87.869 E154.6023
G1 X83.910 Y87.870 E154.6209
G1 X83.344 Y87.870 E154.6395
G1 X82.779 Y87.871 E154.6580
G1 X82.214 Y87.871 E154.6765
G1 X81.648 Y87.871 E154.6950
G1 X81.083 Y87.872 E154.7133
G1 X80.518 Y87.872 E154.7317
G1 X80.041 Y87.678 E154.7488
G1 F3000 E149.7488
G1 F900 Z1.700
G0 F4200 X102.034 Y83.269
;TYPE:WALL-INNER
;WIDTH:0.400
G1 F900 Z1.400
G1 F1500 E154.7488
G1 F2700 X90.092 Y83.269 E155.1460
G1 X89.912 Y83.236 E155.1521
G1 X89.781 Y83.149 E155.1573
G1 X89.733 Y83.091 E155.1598
G1 X89.673 Y82.946 E155.1650
G1 X89.673 Y82.790 E155.1702
G1 X89.738 Y82.640 E155.1756
G1 X89.781 Y82.588 E155.1779
G1 X89.911 Y82.502 E155.1831
G1 X89.985 Y82.479 E155.1857
G1 X95.513 Y82.469 E155.3695
G1 X95.513 Y65.849 E155.9223
G1 X96.001 Y64.778 E155.9614
G1 X96.128 Y64.778 E155.9657
G1 X96.612 Y65.848 E156.0047
G1 X96.612 Y82.469 E156.5575
G1 X102.140 Y82.479 E156.7414
G1 X102.205 Y82.499 E156.7437
G1 X102.344 Y82.588 E156.7492
G1 X102.415 Y82.691 E156.7533
G1 X102.460 Y82.869 E156.7594
G1 X102.430 Y83.014 E156.7644
G0 F2700 X102.429 Y83.021
G0 F2700 X102.344 Y83.149
G0 F2700 X102.283 Y83.198
G0 F2700 X102.140 Y83.259
G0 F2700 X102.034 Y83.269
G1 F3000 E151.7644
G0 F4200 X102.053 Y83.669
;TYPE:WALL-OUTER
;WIDTH:0.400
G1 F900 Z1.400
G1 F1500 E156.7644
G1 F2700 X90.073 Y83.669 E157.1628
G1 X89.906 Y83.653 E157.1684
G1 X89.757 Y83.607 E157.1736
G1 X89.619 Y83.533 E157.1788
G1 X89.497 Y83.434 E157.1840
G1 X89.398 Y83.313 E157.1892
G1 X89.325 Y83.174 E157.1944
G1 X89.279 Y83.025 E157.1996
G1 X89.264 Y82.869 E157.2048
G1 X89.279 Y82.713 E157.2100
G1 X89.314 Y82.596 E157.2141
G1 X89.400 Y82.422 E157.2206
G1 X89.497 Y82.304 E157.2256
G1 X89.619 Y82.204 E157.2309
G1 X89.757 Y82.131 E157.2361
G1 X89.906 Y82.085 E157.2413
G1 X90.073 Y82.069 E157.2468
G1 X95.113 Y82.069 E157.4145
G1 X95.113 Y65.762 E157.9568
G1 X95.750 Y64.363 E158.0080
G1 X95.804 Y64.302 E158.0107
G1 X95.980 Y64.205 E158.0174
G1 X96.135 Y64.205 E158.0225
G1 X96.278 Y64.264 E158.0277
G1 X96.409 Y64.428 E158.0347
G1 X97.012 Y65.762 E158.0833
G1 X97.012 Y82.069 E158.6257
G1 X102.053 Y82.069 E158.7934
G1 X102.219 Y82.085 E158.7989
G1 X102.365 Y82.130 E158.8040
G1 X102.533 Y82.226 E158.8104
G1 X102.628 Y82.304 E158.8145
G1 X102.727 Y82.425 E158.8197
G1 X102.784 Y82.532 E158.8238
G1 X102.846 Y82.717 E158.8303
G1 X102.862 Y82.869 E158.8353
G1 X102.846 Y83.024 E158.8405
G1 X102.800 Y83.174 E158.8457
G1 X102.727 Y83.313 E158.8510
G1 X102.628 Y83.434 E158.8562
G1 X102.523 Y83.519 E158.8607
G0 F2700 X102.506 Y83.533
G0 F2700 X102.368 Y83.607
G0 F2700 X102.219 Y83.653
G0 F2700 X102.053 Y83.669
G1 F3000 E153.8607
G0 F4200 X102.019 Y83.068
;TYPE:SOLID-FILL
;WIDTH:0.400
G1 F900 Z1.400
G1 F1500 E158.8607
G1 F3000 X101.540 Y82.873 E158.8790
G1 X100.974 Y82.872 E158.8974
G1 X100.409 Y82.872 E158.9157
G1 X99.842 Y82.871 E158.9341
G1 X99.276 Y82.871 E158.9526
G1 X98.710 Y82.870 E158.9712
G1 X98.144 Y82.870 E158.9898
G1 X97.577 Y82.870 E159.0084
G1 X96.927 Y82.785 E159.0271
G1 X96.928 Y83.068 E159.0365
G1 F3000 E154.0365
G1 F900 Z1.700
G0 F4200 X95.759 Y82.749
;TYPE:SOLID-FILL
;WIDTH:0.400
G1 F900 Z1.400
G1 F1500 E159.0365
G1 F2700 X95.999 Y82.988 E159.0478
G1 X96.565 Y82.988 E159.0666
G1 X95.792 Y82.216 E159.1029
G1 X95.792 Y81.650 E159.1217
G1 X96.331 Y82.189 E159.1471
G1 X96.331 Y81.623 E159.1659
G1 X95.792 Y81.084 E159.1913
G1 X95.792 Y80.518 E159.2101
G1 X96.331 Y81.057 E159.2354
G1 X96.331 Y80.492 E159.2542
G1 X95.792 Y79.953 E159.2796
G1 X95.792 Y79.387 E159.2984
G1 X96.331 Y79.926 E159.3238
G1 X96.331 Y79.360 E159.3426
G1 X95.792 Y78.821 E159.3679
G1 X95.792 Y78.256 E159.3867
G1 X96.331 Y78.795 E159.4121
G1 X96.331 Y78.229 E159.4309
G1 X95.792 Y77.690 E159.4563
G1 X95.792 Y77.124 E159.4751
G1 X96.331 Y77.663 E159.5004
G1 X96.331 Y77.097 E159.5193
G1 X95.792 Y76.559 E159.5446
G1 X95.792 Y75.993 E159.5634
G1 X96.331 Y76.532 E159.5888
G1 X96.331 Y75.966 E159.6076
G1 X95.792 Y75.427 E159.6330
G1 X95.792 Y74.862 E159.6518
G1 X96.331 Y75.400 E159.6771
G1 X96.331 Y74.835 E159.6959
G1 X95.792 Y74.296 E159.7212
G1 X95.792 Y73.730 E159.7401
G1 X96.331 Y74.269 E159.7654
G1 X96.331 Y73.703 E159.7842
G1 X95.792 Y73.165 E159.8096
G1 X95.792 Y72.599 E159.8284
G1 X96.331 Y73.138 E159.8537
G1 X96.331 Y72.572 E159.8726
G1 X95.792 Y72.033 E159.8979
G1 X95.792 Y71.467 E159.9167
G1 X96.331 Y72.006 E159.9421
G1 X96.331 Y71.441 E159.9609
G1 X95.792 Y70.902 E159.9862
G1 X95.792 Y70.336 E160.0051
G1 X96.331 Y70.875 E160.0304
G1 X96.331 Y70.309 E160.0492
G1 X95.792 Y69.770 E160.0746
G1 X95.792 Y69.205 E160.0934
G1 X96.331 Y69.744 E160.1187
G1 X96.331 Y69.178 E160.1376
G1 X95.792 Y68.639 E160.1629
G1 X95.792 Y68.073 E160.1817
G1 X96.331 Y68.612 E160.2071
G1 X96.331 Y68.047 E160.2259
G1 X95.792 Y67.508 E160.2512
G1 X95.792 Y66.942 E160.2701
G1 X96.331 Y67.481 E160.2954
G1 X96.331 Y66.915 E160.3142
G1 X95.792 Y66.376 E160.3396
G1 X95.792 Y65.910 E160.3551
G1 X95.822 Y65.841 E160.3576
G1 X96.331 Y66.349 E160.3815
G1 X96.331 Y65.907 E160.3962
G1 X96.320 Y65.884 E160.3971
G0 F2700 X96.229 Y65.682
G0 F2700 X96.032 Y65.485
G1 F3000 E155.3971
G1 F900 Z1.700
G0 F4200 X95.276 Y82.549
;TYPE:SOLID-FILL
;WIDTH:0.400
G1 F900 Z1.400
G1 F1500 E160.3971
G1 F3000 X95.484 Y83.038 E160.4131
G1 X95.243 Y83.080 E160.4212
G1 F3000 E155.4212
G1 F900 Z1.700
G0 F4200 X96.807 Y82.948
G1 F900 Z1.400
G1 F1500 E160.4212
G1 F3000 X96.880 Y83.021 E160.4246
G1 F3000 E155.4246
G1 F900 Z1.700
G0 F4200 X95.231 Y83.068
G1 F900 Z1.400
G1 F1500 E160.4246
G1 F3000 X94.749 Y82.869 E160.4433
G1 X94.183 Y82.870 E160.4619
G1 X93.618 Y82.870 E160.4805
G1 X93.053 Y82.871 E160.4990
G1 X92.488 Y82.871 E160.5175
G1 X91.923 Y82.872 E160.5359
G1 X91.358 Y82.872 E160.5542
G1 X90.792 Y82.872 E160.5726
G1 X90.227 Y82.873 E160.5909
G1 X89.881 Y82.810 E160.6026
G1 F3000 E155.6026
G1 F900 Z1.700
G0 F4200 X107.911 Y90.373
;TYPE:WALL-INNER
;WIDTH:0.400
G1 F900 Z1.400
G1 F1500 E160.6026
G1 F2700 X107.781 Y90.287 E160.6077
G1 X107.696 Y90.158 E160.6129
G1 X107.663 Y89.977 E160.6190
G1 X107.663 Y75.760 E161.0919
G1 X107.696 Y75.579 E161.0980
G1 X107.781 Y75.451 E161.1031
G1 X107.912 Y75.364 E161.1083
G1 X107.985 Y75.341 E161.1109
G1 X108.140 Y75.341 E161.1160
G1 X108.283 Y75.402 E161.1212
G1 X108.392 Y75.509 E161.1263
G1 X108.452 Y75.656 E161.1315
G1 X108.463 Y75.762 E161.1351
G1 X108.463 Y82.319 E161.3532
G1 X110.082 Y82.319 E161.4070
G1 X111.145 Y82.805 E161.4459
G1 X111.145 Y82.933 E161.4502
G1 X110.082 Y83.419 E161.4890
G1 X108.463 Y83.419 E161.5429
G1 X108.463 Y89.976 E161.7610
G1 X108.437 Y90.132 E161.7662
G1 X108.363 Y90.255 E161.7710
G0 F2700 X108.344 Y90.287
G0 F2700 X108.214 Y90.373
G0 F2700 X108.072 Y90.402
G0 F2700 X107.911 Y90.373
G1 F3000 E156.7710
G0 F4200 X107.757 Y90.744
;TYPE:WALL-OUTER
;WIDTH:0.400
G1 F900 Z1.400
G1 F1500 E161.7710
G1 F2700 X107.619 Y90.671 E161.7762
G1 X107.497 Y90.571 E161.7814
G1 X107.398 Y90.450 E161.7866
G1 X107.325 Y90.312 E161.7918
G1 X107.279 Y90.162 E161.7971
G1 X107.263 Y89.996 E161.8026
G1 X107.263 Y75.741 E162.2767
G1 X107.279 Y75.575 E162.2823
G1 X107.325 Y75.426 E162.2875
G1 X107.398 Y75.287 E162.2927
G1 X107.497 Y75.166 E162.2979
G1 X107.619 Y75.067 E162.3031
G1 X107.757 Y74.993 E162.3083
G1 X107.906 Y74.947 E162.3135
G1 X108.063 Y74.932 E162.3187
G1 X108.219 Y74.947 E162.3240
G1 X108.368 Y74.993 E162.3291
G1 X108.506 Y75.067 E162.3344
G1 X108.628 Y75.166 E162.3396
G1 X108.727 Y75.287 E162.3448
G1 X108.800 Y75.426 E162.3500
G1 X108.846 Y75.576 E162.3552
G1 X108.863 Y75.741 E162.3607
G1 X108.863 Y81.919 E162.5662
G1 X110.169 Y81.919 E162.6097
G1 X111.566 Y82.558 E162.6607
G1 X111.704 Y82.717 E162.6678
G1 X111.734 Y82.870 E162.6729
G1 X111.710 Y83.004 E162.6775
G1 X111.677 Y83.070 E162.6799
G1 X111.566 Y83.180 E162.6851
G1 X110.169 Y83.819 E162.7362
G1 X108.863 Y83.819 E162.7796
G1 X108.863 Y89.996 E162.9851
G1 X108.846 Y90.162 E162.9906
G1 X108.811 Y90.279 E162.9947
G1 X108.725 Y90.453 E163.0012
G1 X108.628 Y90.571 E163.0062
G1 X108.506 Y90.671 E163.0115
G1 X108.368 Y90.744 E163.0167
G1 X108.249 Y90.781 E163.0208
G0 F2700 X108.219 Y90.790
G0 F2700 X108.066 Y90.805
G0 F2700 X107.873 Y90.780
G0 F2700 X107.757 Y90.744
G1 F3000 E158.0208
G0 F4200 X108.004 Y90.185
;TYPE:SOLID-FILL
;WIDTH:0.400
G1 F900 Z1.400
G1 F1500 E163.0208
G1 F3000 X108.071 Y89.969 E163.0266
G1 X108.062 Y89.394 E163.0454
G1 X108.062 Y88.828 E163.0642
G1 X108.062 Y88.262 E163.0830
G1 X108.062 Y87.697 E163.1018
G1 X108.062 Y87.131 E163.1205
G1 X108.062 Y86.565 E163.1394
G1 X108.062 Y86.000 E163.1582
G1 X108.062 Y85.434 E163.1769
G1 X108.062 Y84.868 E163.1958
G1 X108.062 Y84.303 E163.2146
G1 X108.062 Y83.737 E163.2333
G1 X108.126 Y83.236 E163.2521
G1 X107.862 Y82.689 E163.2723
G0 F4200 X107.862 Y82.123
G1 F3000 X108.462 Y82.723 E163.3005
G1 F3000 E158.3005
G1 F900 Z1.700
G0 F4200 X108.262 Y81.957
G1 F900 Z1.400
G1 F1500 E163.3005
G1 F3000 X108.062 Y81.474 E163.3193
G1 X108.062 Y80.909 E163.3381
G1 X108.062 Y80.343 E163.3569
G1 X108.062 Y79.777 E163.3757
G1 X108.062 Y79.211 E163.3945
G1 X108.062 Y78.646 E163.4133
G1 X108.062 Y78.080 E163.4321
G1 X108.062 Y77.514 E163.4509
G1 X108.062 Y76.949 E163.4697
G1 X108.062 Y76.383 E163.4885
G1 X107.964 Y75.720 E163.5072
G1 X108.258 Y75.731 E163.5170
G1 F3000 E158.5170
G1 F900 Z1.700
G0 F4200 X109.752 Y82.599
;TYPE:SOLID-FILL
;WIDTH:0.400
G1 F900 Z1.400
G1 F1500 E163.5170
G1 F2700 X110.206 Y83.053 E163.5384
G1 X110.019 Y83.139 E163.5452
G1 X109.726 Y83.138 E163.5550
G1 X109.186 Y82.599 E163.5803
G1 X108.620 Y82.599 E163.5992
G1 X109.160 Y83.138 E163.6245
G1 X109.094 Y83.138 E163.6267
G0 F2700 X108.594 Y83.138
G0 F4200 X108.511 Y83.338
;TYPE:SOLID-FILL
;WIDTH:0.400
G1 F3000 X108.342 Y83.169 E163.6347
G1 F3000 E158.6347
G1 F900 Z1.700
G0 F4200 X109.834 Y82.399
G1 F900 Z1.400
G1 F1500 E163.6347
G1 F3000 X109.892 Y82.457 E163.6374
G1 F3000 E158.6374
G1 F900 Z1.700
G0 F4200 X115.911 Y90.373
;TYPE:WALL-INNER
;WIDTH:0.400
G1 F900 Z1.400
G1 F1500 E163.6374
G1 F2700 X115.781 Y90.287 E163.6426
G1 X115.696 Y90.158 E163.6477
G1 X115.663 Y89.977 E163.6539
G1 X115.663 Y75.760 E164.1267
G1 X115.696 Y75.579 E164.1328
G1 X115.781 Y75.451 E164.1379
G1 X115.912 Y75.364 E164.1432
G1 X115.985 Y75.341 E164.1457
G1 X116.140 Y75.341 E164.1509
G1 X116.283 Y75.402 E164.1560
G1 X116.392 Y75.509 E164.1611
G1 X116.452 Y75.656 E164.1664
G1 X116.463 Y75.762 E164.1700
G1 X116.463 Y82.319 E164.3880
G1 X118.082 Y82.319 E164.4419
G1 X119.145 Y82.805 E164.4808
G1 X119.145 Y82.933 E164.4850
G1 X118.082 Y83.419 E164.5239
G1 X116.463 Y83.419 E164.5777
G1 X116.463 Y89.976 E164.7958
G1 X116.437 Y90.132 E164.8011
G1 X116.363 Y90.255 E164.8059
G0 F2700 X116.344 Y90.287
G0 F2700 X116.214 Y90.373
G0 F2700 X116.072 Y90.402
G0 F2700 X115.911 Y90.373
G1 F3000 E159.8059
G0 F4200 X115.757 Y90.744
;TYPE:WALL-OUTER
;WIDTH:0.400
G1 F900 Z1.400
G1 F1500 E164.8059
G1 F2700 X115.619 Y90.671 E164.8111
G1 X115.497 Y90.571 E164.8163
G1 X115.398 Y90.450 E164.8215
G1 X115.325 Y90.312 E164.8267
G1 X115.279 Y90.162 E164.8319
G1 X115.263 Y89.996 E164.8375
G1 X115.263 Y75.741 E165.3116
G1 X115.279 Y75.575 E165.3171
G1 X115.325 Y75.426 E165.3223
G1 X115.398 Y75.287 E165.3275
G1 X115.497 Y75.166 E165.3327
G1 X115.619 Y75.067 E165.3380
G1 X115.757 Y74.993 E165.3432
G1 X115.906 Y74.947 E165.3484
G1 X116.063 Y74.932 E165.3536
G1 X116.219 Y74.947 E165.3588
G1 X116.368 Y74.993 E165.3640
G1 X116.506 Y75.067 E165.3692
G1 X116.628 Y75.166 E165.3744
G1 X116.727 Y75.287 E165.3796
G1 X116.800 Y75.426 E165.3849
G1 X116.846 Y75.576 E165.3901
G1 X116.863 Y75.741 E165.3956
G1 X116.863 Y81.919 E165.6011
G1 X118.169 Y81.919 E165.6445
G1 X119.566 Y82.558 E165.6956
G1 X119.704 Y82.717 E165.7026
G1 X119.734 Y82.870 E165.7078
G1 X119.710 Y83.004 E165.7123
G1 X119.677 Y83.070 E165.7148
G1 X119.566 Y83.180 E165.7200
G1 X118.169 Y83.819 E165.7711
G1 X116.863 Y83.819 E165.8145
G1 X116.863 Y89.996 E166.0200
G1 X116.846 Y90.162 E166.0255
G1 X116.811 Y90.279 E166.0296
G1 X116.725 Y90.453 E166.0360
G1 X116.628 Y90.571 E166.0411
G1 X116.506 Y90.671 E166.0464
G1 X116.368 Y90.744 E166.0515
G1 X116.249 Y90.781 E166.0557
G0 F2700 X116.219 Y90.790
G0 F2700 X116.066 Y90.805
G0 F2700 X115.873 Y90.780
G0 F2700 X115.757 Y90.744
G1 F3000 E161.0557
G0 F4200 X116.262 Y89.958
;TYPE:SOLID-FILL
;WIDTH:0.400
G1 F900 Z1.400
G1 F1500 E166.0557
G1 F3000 X116.062 Y89.474 E166.0745
G1 X116.062 Y88.909 E166.0933
G1 X116.062 Y88.343 E166.1121
G1 X116.062 Y87.777 E166.1309
G1 X116.062 Y87.212 E166.1497
G1 X116.062 Y86.646 E166.1685
G1 X116.062 Y86.080 E166.1873
G1 X116.062 Y85.515 E166.2061
G1 X116.062 Y84.949 E166.2249
G1 X116.062 Y84.383 E166.2436
G1 X116.062 Y83.818 E166.2624
G1 X116.086 Y83.276 E166.2812
G1 X115.862 Y82.769 E166.2996
G0 F4200 X115.862 Y82.203
G1 F3000 X116.462 Y82.804 E166.3279
G1 F3000 E161.3279
G1 F900 Z1.700
G0 F4200 X116.262 Y82.038
G1 F900 Z1.400
G1 F1500 E166.3279
G1 F3000 X116.062 Y81.555 E166.3467
G1 X116.062 Y80.989 E166.3654
G1 X116.062 Y80.423 E166.3843
G1 X116.062 Y79.858 E166.4031
G1 X116.062 Y79.292 E166.4218
G1 X116.062 Y78.726 E166.4407
G1 X116.062 Y78.161 E166.4594
G1 X116.062 Y77.595 E166.4782
G1 X116.062 Y77.029 E166.4971
G1 X116.062 Y76.464 E166.5158
G1 X116.062 Y75.898 E166.5346
G1 X115.995 Y75.549 E166.5464
G1 F3000 E161.5464
G1 F900 Z1.700
G0 F4200 X117.671 Y82.599
;TYPE:SOLID-FILL
;WIDTH:0.400
G1 F900 Z1.400
G1 F1500 E166.5464
G1 F2700 X118.150 Y83.077 E166.5690
G1 X118.018 Y83.138 E166.5738
G1 X117.645 Y83.138 E166.5862
G1 X117.106 Y82.599 E166.6115
G1 X116.542 Y82.598 E166.6303
G1 X116.542 Y82.601 E166.6304
G1 X116.726 Y82.785 E166.6391
G0 F2700 X117.079 Y83.138
G1 F3000 E161.6391
G1 F900 Z1.700
G0 F4200 X118.019 Y82.599
G1 F900 Z1.400
G1 F1500 E166.6391
G1 F2700 X118.419 Y82.780 E166.6537
G1 F3000 E161.6537
G1 F900 Z1.700
G0 F4200 X116.997 Y83.338
;TYPE:SOLID-FILL
;WIDTH:0.400
G1 F900 Z1.400
G1 F1500 E166.6537
G1 F3000 X116.684 Y83.308 E166.6565
G1 X116.341 Y83.249 E166.6680
G1 F3000 E161.6680
G1 F900 Z1.700
G0 F4200 X123.781 Y90.287
;TYPE:WALL-INNER
;WIDTH:0.400
G1 F900 Z1.400
G1 F1500 E166.6680
G1 F2700 X123.696 Y90.158 E166.6732
G1 X123.663 Y89.977 E166.6793
G1 X123.663 Y75.760 E167.1522
G1 X123.696 Y75.579 E167.1583
G1 X123.781 Y75.451 E167.1634
G1 X123.912 Y75.364 E167.1686
G1 X123.985 Y75.341 E167.1712
G1 X124.140 Y75.341 E167.1763
G1 X124.283 Y75.402 E167.1815
G1 X124.392 Y75.509 E167.1866
G1 X124.452 Y75.656 E167.1918
G1 X124.463 Y75.762 E167.1954
G1 X124.463 Y82.319 E167.4135
G1 X126.082 Y82.319 E167.4673
G1 X127.145 Y82.805 E167.5062
G1 X127.145 Y82.933 E167.5105
G1 X126.082 Y83.419 E167.5493
G1 X124.463 Y83.419 E167.6032
G1 X124.463 Y89.976 E167.8213
G1 X124.437 Y90.132 E167.8265
G1 X124.344 Y90.287 E167.8325
G1 X124.245 Y90.352 E167.8365
G0 F2700 X124.214 Y90.373
G0 F2700 X124.072 Y90.402
G0 F2700 X123.911 Y90.373
G0 F2700 X123.781 Y90.287
G1 F3000 E162.8365
G0 F4200 X123.497 Y90.571
;TYPE:WALL-OUTER
;WIDTH:0.400
G1 F900 Z1.400
G1 F1500 E167.8365
G1 F2700 X123.398 Y90.450 E167.8417
G1 X123.325 Y90.312 E167.8469
G1 X123.279 Y90.162 E167.8521
G1 X123.263 Y89.996 E167.8576
G1 X123.263 Y75.741 E168.3318
G1 X123.279 Y75.575 E168.3373
G1 X123.325 Y75.426 E168.3425
G1 X123.398 Y75.287 E168.3477
G1 X123.497 Y75.166 E168.3529
G1 X123.619 Y75.067 E168.3581
G1 X123.757 Y74.993 E168.3633
G1 X123.906 Y74.947 E168.3685
G1 X124.063 Y74.932 E168.3738
G1 X124.219 Y74.947 E168.3790
G1 X124.368 Y74.993 E168.3842
G1 X124.506 Y75.067 E168.3894
G1 X124.628 Y75.166 E168.3946
G1 X124.727 Y75.287 E168.3998
G1 X124.800 Y75.426 E168.4050
G1 X124.846 Y75.576 E168.4103
G1 X124.863 Y75.741 E168.4158
G1 X124.863 Y81.919 E168.6213
G1 X126.169 Y81.919 E168.6647
G1 X127.566 Y82.558 E168.7158
G1 X127.704 Y82.717 E168.7228
G1 X127.734 Y82.870 E168.7280
G1 X127.710 Y83.004 E168.7325
G1 X127.677 Y83.070 E168.7350
G1 X127.566 Y83.180 E168.7402
G1 X126.169 Y83.819 E168.7912
G1 X124.863 Y83.819 E168.8347
G1 X124.863 Y89.996 E169.0401
G1 X124.846 Y90.162 E169.0457
G1 X124.811 Y90.279 E169.0497
G1 X124.725 Y90.453 E169.0562
G1 X124.628 Y90.571 E169.0613
G1 X124.506 Y90.671 E169.0665
G1 X124.368 Y90.744 E169.0717
G1 X124.219 Y90.790 E169.0769
G1 X124.066 Y90.805 E169.0820
G1 X123.938 Y90.788 E169.0863
G0 F2700 X123.873 Y90.780
G0 F2700 X123.757 Y90.744
G0 F2700 X123.619 Y90.671
G0 F2700 X123.497 Y90.571
G1 F3000 E164.0863
G0 F4200 X124.251 Y90.027
;TYPE:SOLID-FILL
;WIDTH:0.400
G1 F900 Z1.400
G1 F1500 E169.0863
G1 F3000 X124.061 Y89.555 E169.1046
G1 X124.061 Y88.989 E169.1235
G1 X124.061 Y88.423 E169.1423
G1 X124.061 Y87.857 E169.1611
G1 X124.061 Y87.292 E169.1799
G1 X124.061 Y86.726 E169.1987
G1 X124.061 Y86.160 E169.2176
G1 X124.061 Y85.595 E169.2363
G1 X124.061 Y85.029 E169.2552
G1 X124.061 Y84.463 E169.2740
G1 X124.061 Y83.898 E169.2928
G1 X124.061 Y83.332 E169.3117
G1 X123.861 Y82.849 E169.3290
G0 F4200 X123.861 Y82.283
G1 F3000 X124.462 Y82.884 E169.3573
G1 F3000 E164.3573
G1 F900 Z1.700
G0 F4200 X124.261 Y82.118
G1 F900 Z1.400
G1 F1500 E169.3573
G1 F3000 X124.061 Y81.635 E169.3761
G1 X124.061 Y81.069 E169.3949
G1 X124.061 Y80.503 E169.4137
G1 X124.061 Y79.938 E169.4325
G1 X124.061 Y79.372 E169.4513
G1 X124.061 Y78.806 E169.4701
G1 X124.061 Y78.241 E169.4889
G1 X124.061 Y77.675 E169.5077
G1 X124.061 Y77.109 E169.5264
G1 X124.061 Y76.544 E169.5452
G1 X124.061 Y75.978 E169.5640
G1 X123.948 Y75.581 E169.5777
G1 F3000 E164.5777
G1 F900 Z1.700
G0 F4200 X125.591 Y82.599
;TYPE:SOLID-FILL
;WIDTH:0.400
G1 F900 Z1.400
G1 F1500 E169.5777
G1 F2700 X126.095 Y83.103 E169.6014
G1 X126.019 Y83.138 E169.6042
G1 X125.565 Y83.138 E169.6193
G1 X125.025 Y82.599 E169.6447
G1 X124.542 Y82.599 E169.6608
G1 X124.542 Y82.681 E169.6635
G1 X124.646 Y82.785 E169.6684
G0 F2700 X124.999 Y83.138
G1 F3000 E164.6684
G1 F900 Z1.700
G0 F4200 X126.019 Y82.598
G1 F900 Z1.400
G1 F1500 E169.6684
G1 F2700 X126.036 Y82.606 E169.6690
G0 F2700 X126.273 Y82.715
G0 F2700 X126.442 Y82.884
G0 F4200 X125.732 Y82.457
;TYPE:SOLID-FILL
;WIDTH:0.400
G1 F3000 X125.674 Y82.399 E169.6717
G1 F3000 E164.6717
G1 F900 Z1.700
G0 F4200 X124.857 Y83.279
G1 F900 Z1.400
G1 F1500 E169.6717
G1 F3000 X124.916 Y83.338 E169.6745
G1 F3000 E164.6745
G1 F900 Z1.700
G0 F4200 X131.781 Y90.287
;TYPE:WALL-INNER
;WIDTH:0.400
G1 F900 Z1.400
G1 F1500 E169.6745
G1 F2700 X131.696 Y90.158 E169.6797
G1 X131.663 Y89.977 E169.6858
G1 X131.663 Y75.760 E170.1586
G1 X131.696 Y75.579 E170.1648
G1 X131.781 Y75.451 E170.1699
G1 X131.912 Y75.364 E170.1751
G1 X131.985 Y75.341 E170.1776
G1 X132.140 Y75.341 E170.1828
G1 X132.283 Y75.402 E170.1880
G1 X132.392 Y75.509 E170.1930
G1 X132.452 Y75.656 E170.1983
G1 X132.463 Y75.762 E170.2019
G1 X132.463 Y82.319 E170.4200
G1 X134.082 Y82.319 E170.4738
G1 X135.145 Y82.805 E170.5127
G1 X135.145 Y82.933 E170.5169
G1 X134.082 Y83.419 E170.5558
G1 X132.463 Y83.419 E170.6097
G1 X132.463 Y89.976 E170.8277
G1 X132.437 Y90.132 E170.8330
G1 X132.344 Y90.287 E170.8390
G1 X132.245 Y90.352 E170.8430
G0 F2700 X132.214 Y90.373
G0 F2700 X132.072 Y90.402
G0 F2700 X131.911 Y90.373
G0 F2700 X131.781 Y90.287
G1 F3000 E165.8430
G0 F4200 X131.497 Y90.571
;TYPE:WALL-OUTER
;WIDTH:0.400
G1 F900 Z1.400
G1 F1500 E170.8430
G1 F2700 X131.398 Y90.450 E170.8482
G1 X131.325 Y90.312 E170.8534
G1 X131.279 Y90.162 E170.8586
G1 X131.263 Y89.996 E170.8641
G1 X131.263 Y75.741 E171.3382
G1 X131.279 Y75.575 E171.3438
G1 X131.325 Y75.426 E171.3490
G1 X131.398 Y75.287 E171.3542
G1 X131.497 Y75.166 E171.3594
G1 X131.619 Y75.067 E171.3646
G1 X131.757 Y74.993 E171.3698
G1 X131.906 Y74.947 E171.3750
G1 X132.063 Y74.932 E171.3803
G1 X132.219 Y74.947 E171.3855
G1 X132.368 Y74.993 E171.3907
G1 X132.506 Y75.067 E171.3959
G1 X132.628 Y75.166 E171.4011
G1 X132.727 Y75.287 E171.4063
G1 X132.800 Y75.426 E171.4115
G1 X132.846 Y75.576 E171.4167
G1 X132.863 Y75.741 E171.4223
G1 X132.863 Y81.919 E171.6277
G1 X134.169 Y81.919 E171.6712
G1 X135.566 Y82.558 E171.7223
G1 X135.704 Y82.717 E171.7293
G1 X135.734 Y82.870 E171.7345
G1 X135.710 Y83.004 E171.7390
G1 X135.677 Y83.070 E171.7414
G1 X135.566 Y83.180 E171.7466
G1 X134.169 Y83.819 E171.7977
G1 X132.863 Y83.819 E171.8412
G1 X132.863 Y89.996 E172.0466
G1 X132.846 Y90.162 E172.0522
G1 X132.811 Y90.279 E172.0562
G1 X132.725 Y90.453 E172.0627
G1 X132.628 Y90.571 E172.0678
G1 X132.506 Y90.671 E172.0730
G1 X132.368 Y90.744 E172.0782
G1 X132.219 Y90.790 E172.0834
G1 X132.066 Y90.805 E172.0885
G1 X131.938 Y90.788 E172.0928
G0 F2700 X131.873 Y90.780
G0 F2700 X131.757 Y90.744
G0 F2700 X131.619 Y90.671
G0 F2700 X131.497 Y90.571
G1 F3000 E167.0928
G0 F4200 X132.231 Y90.087
;TYPE:SOLID-FILL
;WIDTH:0.400
G1 F900 Z1.400
G1 F1500 E172.0928
G1 F3000 X132.061 Y89.635 E172.1102
G1 X132.061 Y89.069 E172.1290
G1 X132.061 Y88.504 E172.1478
G1 X132.061 Y87.938 E172.1666
G1 X132.061 Y87.372 E172.1854
G1 X132.061 Y86.807 E172.2043
G1 X132.061 Y86.241 E172.2231
G1 X132.061 Y85.675 E172.2419
G1 X132.061 Y85.110 E172.2608
G1 X132.061 Y84.544 E172.2796
G1 X132.061 Y83.978 E172.2984
G1 X132.061 Y83.413 E172.3173
G1 X131.861 Y82.930 E172.3347
G0 F4200 X131.861 Y82.364
G1 F3000 X132.462 Y82.964 E172.3629
G1 F3000 E167.3629
G1 F900 Z1.700
G0 F4200 X132.262 Y82.199
G1 F900 Z1.400
G1 F1500 E172.3629
G1 F3000 X132.061 Y81.715 E172.3817
G1 X132.061 Y81.150 E172.4005
G1 X132.061 Y80.584 E172.4193
G1 X132.061 Y80.018 E172.4382
G1 X132.061 Y79.453 E172.4570
G1 X132.061 Y78.887 E172.4758
G1 X132.061 Y78.321 E172.4946
G1 X132.061 Y77.756 E172.5134
G1 X132.061 Y77.190 E172.5322
G1 X132.061 Y76.624 E172.5511
G1 X132.061 Y76.058 E172.5699
G1 X131.907 Y75.622 E172.5853
G1 F3000 E167.5853
G1 F900 Z1.700
G0 F4200 X133.510 Y82.599
;TYPE:SOLID-FILL
;WIDTH:0.400
G1 F900 Z1.400
G1 F1500 E172.5853
G1 F2700 X134.040 Y83.128 E172.6102
G1 X134.019 Y83.138 E172.6109
G1 X133.484 Y83.138 E172.6287
G1 X132.945 Y82.599 E172.6541
G1 X132.542 Y82.599 E172.6675
G1 X132.542 Y82.761 E172.6729
G1 X132.566 Y82.785 E172.6740
G0 F2700 X132.919 Y83.138
G1 F3000 E167.6740
G1 F900 Z1.700
G0 F4200 X134.019 Y82.598
G1 F900 Z1.400
G1 F1500 E172.6740
G1 F2700 X134.062 Y82.618 E172.6756
G0 F2700 X134.124 Y82.646
G0 F2700 X134.429 Y82.952
G0 F4200 X133.651 Y82.457
;TYPE:SOLID-FILL
;WIDTH:0.400
G1 F3000 X133.593 Y82.399 E172.6783
G1 F3000 E167.6783
G1 F900 Z1.700
G0 F4200 X132.776 Y83.279
G1 F900 Z1.400
G1 F1500 E172.6783
G1 F3000 X132.836 Y83.338 E172.6811
;LAYER:7
;Z:1.600
;HEIGHT:0.200
G1 F3000 E167.6811
G0 F900 Z1.600
G0 F4200 X131.781 Y90.287
;TYPE:WALL-INNER
;WIDTH:0.400
G1 F900 Z1.600
G1 F1500 E172.6811
G1 F2700 X131.696 Y90.158 E172.6862
G1 X131.663 Y89.977 E172.6924
G1 X131.663 Y75.760 E173.1652
G1 X131.696 Y75.579 E173.1713
G1 X131.781 Y75.451 E173.1765
G1 X131.912 Y75.364 E173.1817
G1 X131.985 Y75.341 E173.1842
G1 X132.140 Y75.341 E173.1894
G1 X132.283 Y75.402 E173.1946
G1 X132.392 Y75.509 E173.1996
G1 X132.452 Y75.656 E173.2049
G1 X132.463 Y75.762 E173.2085
G1 X132.463 Y82.319 E173.4266
G1 X134.082 Y82.319 E173.4804
G1 X135.145 Y82.805 E173.5193
G1 X135.145 Y82.933 E173.5235
G1 X134.082 Y83.419 E173.5624
G1 X132.463 Y83.419 E173.6163
G1 X132.463 Y89.975 E173.8343
G1 X132.429 Y90.159 E173.8405
G1 X132.344 Y90.287 E173.8456
G1 X132.245 Y90.352 E173.8496
G0 F2700 X132.214 Y90.373
G0 F2700 X132.073 Y90.402
G0 F2700 X131.911 Y90.373
G0 F2700 X131.781 Y90.287
G1 F3000 E168.8496
G0 F4200 X131.497 Y90.571
;TYPE:WALL-OUTER
;WIDTH:0.400
G1 F900 Z1.600
G1 F1500 E173.8496
G1 F2700 X131.398 Y90.450 E173.8548
G1 X131.325 Y90.312 E173.8600
G1 X131.279 Y90.162 E173.8652
G1 X131.263 Y89.996 E173.8707
G1 X131.263 Y75.741 E174.3449
G1 X131.279 Y75.575 E174.3504
G1 X131.325 Y75.426 E174.3556
G1 X131.398 Y75.287 E174.3608
G1 X131.497 Y75.166 E174.3660
G1 X131.619 Y75.067 E174.3712
G1 X131.757 Y74.993 E174.3765
G1 X131.906 Y74.947 E174.3816
G1 X132.063 Y74.932 E174.3869
G1 X132.219 Y74.947 E174.3921
G1 X132.368 Y74.993 E174.3973
G1 X132.506 Y75.067 E174.4025
G1 X132.628 Y75.166 E174.4077
G1 X132.727 Y75.287 E174.4129
G1 X132.800 Y75.426 E174.4181
G1 X132.846 Y75.576 E174.4234
G1 X132.863 Y75.741 E174.4289
G1 X132.863 Y81.919 E174.6344
G1 X134.169 Y81.919 E174.6778
G1 X135.566 Y82.558 E174.7289
G1 X135.704 Y82.717 E174.7359
G1 X135.734 Y82.871 E174.7411
G1 X135.710 Y83.001 E174.7455
G1 X135.676 Y83.070 E174.7481
G1 X135.566 Y83.180 E174.7532
G1 X134.169 Y83.819 E174.8043
G1 X132.863 Y83.819 E174.8478
G1 X132.863 Y89.996 E175.0532
G1 X132.846 Y90.161 E175.0587
G1 X132.800 Y90.312 E175.0640
G1 X132.727 Y90.450 E175.0692
G1 X132.628 Y90.571 E175.0744
G1 X132.506 Y90.671 E175.0796
G1 X132.368 Y90.744 E175.0848
G1 X132.219 Y90.790 E175.0900
G1 X132.066 Y90.805 E175.0951
G1 X131.938 Y90.788 E175.0994
G0 F2700 X131.869 Y90.779
G0 F2700 X131.757 Y90.744
G0 F2700 X131.619 Y90.671
G0 F2700 X131.497 Y90.571
G1 F3000 E170.0994
G0 F4200 X131.910 Y90.120
;TYPE:SOLID-FILL
;WIDTH:0.400
G1 F900 Z1.600
G1 F1500 E175.0994
G1 F3000 X132.062 Y89.686 E175.1160
G1 X132.062 Y89.120 E175.1347
G1 X132.062 Y88.554 E175.1535
G1 X132.062 Y87.989 E175.1723
G1 X132.062 Y87.423 E175.1910
G1 X132.062 Y86.857 E175.2098
G1 X132.062 Y86.292 E175.2286
G1 X132.062 Y85.726 E175.2473
G1 X132.062 Y85.160 E175.2661
G1 X132.062 Y84.594 E175.2849
G1 X132.062 Y84.029 E175.3036
G1 X132.262 Y83.546 E175.3210
G0 F4200 X131.862 Y83.380
G1 F3000 X132.462 Y82.780 E175.3492
G0 F4200 X132.262 Y82.415
G1 F3000 X131.862 Y82.531 E175.3680
G1 X132.062 Y81.766 E175.3868
G1 X132.062 Y81.200 E175.4055
G1 X132.062 Y80.635 E175.4243
G1 X132.062 Y80.069 E175.4430
G1 X132.062 Y79.503 E175.4618
G1 X132.062 Y78.938 E175.4806
G1 X132.062 Y78.372 E175.4993
G1 X132.062 Y77.806 E175.5181
G1 X132.062 Y77.241 E175.5369
G1 X132.062 Y76.675 E175.5556
G1 X132.062 Y76.109 E175.5744
G1 X132.234 Y75.654 E175.5906
G1 F3000 E170.5906
G1 F900 Z1.900
G0 F4200 X132.927 Y82.598
;TYPE:SOLID-FILL
;WIDTH:0.400
G1 F900 Z1.600
G1 F1500 E175.5906
G1 F2700 X132.542 Y82.983 E175.6087
G1 X132.542 Y83.139 E175.6139
G1 X132.952 Y83.139 E175.6275
G1 X133.140 Y82.951 E175.6364
G0 F2700 X133.493 Y82.598
G0 F4200 X134.019 Y82.598
G1 F2700 X134.046 Y82.610 E175.6374
G1 X133.518 Y83.139 E175.6622
G1 X134.019 Y83.138 E175.6789
G1 X134.065 Y83.117 E175.6806
G0 F2700 X134.138 Y83.085
G0 F2700 X134.435 Y82.788
G1 F3000 E170.6806
G1 F900 Z1.900
G0 F4200 X133.975 Y82.399
;TYPE:SOLID-FILL
;WIDTH:0.400
G1 F900 Z1.600
G1 F1500 E175.6806
G1 F3000 X133.656 Y82.434 E175.6838
G1 X133.097 Y82.428 E175.6865
G1 X132.785 Y82.457 E175.6970
G1 F3000 E170.6970
G1 F900 Z1.900
G0 F4200 X123.781 Y90.287
;TYPE:WALL-INNER
;WIDTH:0.400
G1 F900 Z1.600
G1 F1500 E175.6970
G1 F2700 X123.696 Y90.158 E175.7021
G1 X123.663 Y89.977 E175.7082
G1 X123.663 Y75.760 E176.1811
G1 X123.696 Y75.579 E176.1872
G1 X123.781 Y75.451 E176.1923
G1 X123.912 Y75.364 E176.1975
G1 X123.985 Y75.341 E176.2001
G1 X124.140 Y75.341 E176.2052
G1 X124.283 Y75.402 E176.2104
G1 X124.392 Y75.509 E176.2155
G1 X124.452 Y75.656 E176.2208
G1 X124.463 Y75.762 E176.2243
G1 X124.463 Y82.319 E176.4424
G1 X126.082 Y82.319 E176.4963
G1 X127.145 Y82.805 E176.5351
G1 X127.145 Y82.933 E176.5394
G1 X126.082 Y83.419 E176.5783
G1 X124.463 Y83.419 E176.6321
G1 X124.463 Y89.975 E176.8502
G1 X124.429 Y90.159 E176.8564
G1 X124.344 Y90.287 E176.8615
G1 X124.245 Y90.352 E176.8654
G0 F2700 X124.214 Y90.373
G0 F2700 X124.073 Y90.402
G0 F2700 X123.911 Y90.373
G0 F2700 X123.781 Y90.287
G1 F3000 E171.8654
G0 F4200 X123.497 Y90.571
;TYPE:WALL-OUTER
;WIDTH:0.400
G1 F900 Z1.600
G1 F1500 E176.8654
G1 F2700 X123.398 Y90.450 E176.8706
G1 X123.325 Y90.312 E176.8758
G1 X123.279 Y90.162 E176.8810
G1 X123.263 Y89.996 E176.8866
G1 X123.263 Y75.741 E177.3607
G1 X123.279 Y75.575 E177.3663
G1 X123.325 Y75.426 E177.3714
G1 X123.398 Y75.287 E177.3767
G1 X123.497 Y75.166 E177.3819
G1 X123.619 Y75.067 E177.3871
G1 X123.757 Y74.993 E177.3923
G1 X123.906 Y74.947 E177.3975
G1 X124.063 Y74.932 E177.4027
G1 X124.219 Y74.947 E177.4079
G1 X124.368 Y74.993 E177.4131
G1 X124.506 Y75.067 E177.4183
G1 X124.628 Y75.166 E177.4236
G1 X124.727 Y75.287 E177.4288
G1 X124.800 Y75.426 E177.4340
G1 X124.846 Y75.576 E177.4392
G1 X124.863 Y75.741 E177.4447
G1 X124.863 Y81.919 E177.6502
G1 X126.169 Y81.919 E177.6936
G1 X127.566 Y82.558 E177.7447
G1 X127.704 Y82.717 E177.7517
G1 X127.734 Y82.871 E177.7570
G1 X127.710 Y83.001 E177.7614
G1 X127.676 Y83.070 E177.7639
G1 X127.566 Y83.180 E177.7691
G1 X126.169 Y83.819 E177.8202
G1 X124.863 Y83.819 E177.8636
G1 X124.863 Y89.996 E178.0691
G1 X124.846 Y90.161 E178.0746
G1 X124.800 Y90.312 E178.0798
G1 X124.727 Y90.450 E178.0850
G1 X124.628 Y90.571 E178.0902
G1 X124.506 Y90.671 E178.0955
G1 X124.368 Y90.744 E178.1007
G1 X124.219 Y90.790 E178.1059
G1 X124.066 Y90.805 E178.1110
G1 X123.938 Y90.788 E178.1153
G0 F2700 X123.869 Y90.779
G0 F2700 X123.757 Y90.744
G0 F2700 X123.619 Y90.671
G0 F2700 X123.497 Y90.571
G1 F3000 E173.1153
G0 F4200 X123.951 Y90.160
;TYPE:SOLID-FILL
;WIDTH:0.400
G1 F900 Z1.600
G1 F1500 E178.1153
G1 F3000 X124.061 Y89.766 E178.1299
G1 X124.061 Y89.201 E178.1486
G1 X124.061 Y88.635 E178.1673
G1 X124.061 Y88.069 E178.1861
G1 X124.061 Y87.504 E178.2048
G1 X124.061 Y86.938 E178.2235
G1 X124.061 Y86.372 E178.2423
G1 X124.061 Y85.806 E178.2610
G1 X124.061 Y85.241 E178.2797
G1 X124.061 Y84.675 E178.2985
G1 X124.061 Y84.109 E178.3172
G1 X124.261 Y83.627 E178.3346
G0 F4200 X123.862 Y83.461
G1 F3000 X124.462 Y82.861 E178.3628
G0 F4200 X124.261 Y82.496
G1 F3000 X123.862 Y82.612 E178.3815
G1 X124.061 Y81.847 E178.4003
G1 X124.061 Y81.281 E178.4190
G1 X124.061 Y80.715 E178.4377
G1 X124.061 Y80.150 E178.4565
G1 X124.061 Y79.584 E178.4752
G1 X124.061 Y79.018 E178.4939
G1 X124.061 Y78.453 E178.5127
G1 X124.061 Y77.887 E178.5314
G1 X124.061 Y77.321 E178.5502
G1 X124.061 Y76.756 E178.5689
G1 X124.061 Y76.190 E178.5876
G1 X124.255 Y75.714 E178.6047
G1 F3000 E173.6047
G1 F900 Z1.900
G0 F4200 X125.007 Y82.598
;TYPE:SOLID-FILL
;WIDTH:0.400
G1 F900 Z1.600
G1 F1500 E178.6047
G1 F2700 X124.542 Y83.063 E178.6266
G1 X124.542 Y83.138 E178.6291
G1 X125.033 Y83.138 E178.6454
G1 X125.220 Y82.951 E178.6542
G0 F2700 X125.573 Y82.598
G0 F4200 X126.019 Y82.598
G1 F2700 X126.101 Y82.636 E178.6572
G1 X125.599 Y83.138 E178.6808
G1 X126.019 Y83.138 E178.6948
G1 X126.031 Y83.132 E178.6953
G0 F2700 X126.286 Y83.017
G0 F2700 X126.442 Y82.861
G1 F3000 E173.6953
G1 F900 Z1.900
G0 F4200 X126.055 Y82.399
;TYPE:SOLID-FILL
;WIDTH:0.400
G1 F900 Z1.600
G1 F1500 E178.6953
G1 F3000 X125.724 Y82.447 E178.6997
G1 X125.177 Y82.428 E178.7024
G1 X124.865 Y82.457 E178.7128
G1 F3000 E173.7128
G1 F900 Z1.900
G0 F4200 X115.911 Y90.373
;TYPE:WALL-INNER
;WIDTH:0.400
G1 F900 Z1.600
G1 F1500 E178.7128
G1 F2700 X115.781 Y90.287 E178.7180
G1 X115.696 Y90.158 E178.7232
G1 X115.663 Y89.977 E178.7293
G1 X115.663 Y75.760 E179.2021
G1 X115.696 Y75.579 E179.2083
G1 X115.781 Y75.451 E179.2134
G1 X115.912 Y75.364 E179.2186
G1 X115.985 Y75.341 E179.2211
G1 X116.140 Y75.341 E179.2263
G1 X116.283 Y75.402 E179.2315
G1 X116.392 Y75.509 E179.2366
G1 X116.452 Y75.656 E179.2418
G1 X116.463 Y75.762 E179.2454
G1 X116.463 Y82.319 E179.4635
G1 X118.082 Y82.319 E179.5173
G1 X119.145 Y82.805 E179.5562
G1 X119.145 Y82.933 E179.5604
G1 X118.082 Y83.419 E179.5993
G1 X116.463 Y83.419 E179.6532
G1 X116.463 Y89.975 E179.8712
G1 X116.429 Y90.159 E179.8774
G1 X116.365 Y90.256 E179.8813
G0 F2700 X116.344 Y90.287
G0 F2700 X116.214 Y90.373
G0 F2700 X116.073 Y90.402
G0 F2700 X115.911 Y90.373
G1 F3000 E174.8813
G0 F4200 X115.757 Y90.744
;TYPE:WALL-OUTER
;WIDTH:0.400
G1 F900 Z1.600
G1 F1500 E179.8813
G1 F2700 X115.619 Y90.671 E179.8865
G1 X115.497 Y90.571 E179.8918
G1 X115.398 Y90.450 E179.8970
G1 X115.325 Y90.312 E179.9021
G1 X115.279 Y90.162 E179.9074
G1 X115.263 Y89.996 E179.9129
G1 X115.263 Y75.741 E180.3870
G1 X115.279 Y75.575 E180.3926
G1 X115.325 Y75.426 E180.3978
G1 X115.398 Y75.287 E180.4030
G1 X115.497 Y75.166 E180.4082
G1 X115.619 Y75.067 E180.4134
G1 X115.757 Y74.993 E180.4186
G1 X115.906 Y74.947 E180.4238
G1 X116.063 Y74.932 E180.4291
G1 X116.219 Y74.947 E180.4343
G1 X116.368 Y74.993 E180.4395
G1 X116.506 Y75.067 E180.4447
G1 X116.628 Y75.166 E180.4499
G1 X116.727 Y75.287 E180.4551
G1 X116.800 Y75.426 E180.4603
G1 X116.846 Y75.576 E180.4655
G1 X116.863 Y75.741 E180.4710
G1 X116.863 Y81.919 E180.6765
G1 X118.169 Y81.919 E180.7200
G1 X119.566 Y82.558 E180.7711
G1 X119.704 Y82.717 E180.7781
G1 X119.734 Y82.871 E180.7833
G1 X119.710 Y83.001 E180.7877
G1 X119.676 Y83.070 E180.7902
G1 X119.566 Y83.180 E180.7954
G1 X118.169 Y83.819 E180.8465
G1 X116.863 Y83.819 E180.8899
G1 X116.863 Y89.996 E181.0954
G1 X116.846 Y90.161 E181.1009
G1 X116.800 Y90.312 E181.1062
G1 X116.727 Y90.450 E181.1113
G1 X116.628 Y90.571 E181.1165
G1 X116.506 Y90.671 E181.1218
G1 X116.368 Y90.744 E181.1270
G1 X116.249 Y90.781 E181.1311
G0 F2700 X116.219 Y90.790
G0 F2700 X116.066 Y90.805
G0 F2700 X115.869 Y90.779
G0 F2700 X115.757 Y90.744
G1 F3000 E176.1311
G0 F4200 X116.005 Y90.187
;TYPE:SOLID-FILL
;WIDTH:0.400
G1 F900 Z1.600
G1 F1500 E181.1311
G1 F3000 X116.062 Y89.846 E181.1433
G1 X116.062 Y89.281 E181.1621
G1 X116.062 Y88.715 E181.1808
G1 X116.062 Y88.149 E181.1997
G1 X116.062 Y87.584 E181.2185
G1 X116.062 Y87.018 E181.2372
G1 X116.062 Y86.452 E181.2560
G1 X116.062 Y85.887 E181.2748
G1 X116.062 Y85.321 E181.2936
G1 X116.062 Y84.755 E181.3124
G1 X116.062 Y84.189 E181.3312
G1 X116.262 Y83.707 E181.3485
G0 F4200 X115.862 Y83.541
G1 F3000 X116.462 Y82.941 E181.3768
G0 F4200 X116.319 Y82.518
G1 F3000 X115.862 Y82.693 E181.3983
G1 X116.061 Y81.927 E181.4170
G1 X116.061 Y81.362 E181.4358
G1 X116.061 Y80.796 E181.4545
G1 X116.061 Y80.230 E181.4732
G1 X116.061 Y79.665 E181.4920
G1 X116.061 Y79.099 E181.5107
G1 X116.061 Y78.533 E181.5295
G1 X116.061 Y77.967 E181.5482
G1 X116.061 Y77.402 E181.5669
G1 X116.061 Y76.836 E181.5857
G1 X116.061 Y76.270 E181.6044
G1 X116.261 Y75.788 E181.6217
G1 F3000 E176.6217
G1 F900 Z1.900
G0 F4200 X117.088 Y82.598
;TYPE:SOLID-FILL
;WIDTH:0.400
G1 F900 Z1.600
G1 F1500 E181.6217
G1 F2700 X116.548 Y83.138 E181.6471
G1 X117.113 Y83.138 E181.6659
G1 X117.300 Y82.951 E181.6747
G0 F2700 X117.654 Y82.598
G0 F4200 X118.019 Y82.599
G1 F2700 X118.156 Y82.661 E181.6797
G1 X117.679 Y83.138 E181.7022
G1 X117.974 Y83.138 E181.7120
G0 F2700 X118.018 Y83.138
G0 F2700 X118.434 Y82.949
G1 F3000 E176.7120
G1 F900 Z1.900
G0 F4200 X118.014 Y82.520
;TYPE:SOLID-FILL
;WIDTH:0.400
G1 F900 Z1.600
G1 F1500 E181.7120
G1 F3000 X117.827 Y82.424 E181.7152
G1 X117.259 Y82.427 E181.7179
G1 X116.692 Y82.427 E181.7207
G1 X116.342 Y82.496 E181.7325
G1 F3000 E176.7325
G1 F900 Z1.900
G0 F4200 X107.911 Y90.373
;TYPE:WALL-INNER
;WIDTH:0.400
G1 F900 Z1.600
G1 F1500 E181.7325
G1 F2700 X107.781 Y90.287 E181.7377
G1 X107.696 Y90.158 E181.7429
G1 X107.663 Y89.977 E181.7490
G1 X107.663 Y75.760 E182.2218
G1 X107.696 Y75.579 E182.2279
G1 X107.781 Y75.451 E182.2331
G1 X107.912 Y75.364 E182.2383
G1 X107.985 Y75.341 E182.2408
G1 X108.140 Y75.341 E182.2460
G1 X108.283 Y75.402 E182.2512
G1 X108.392 Y75.509 E182.2562
G1 X108.452 Y75.656 E182.2615
G1 X108.463 Y75.762 E182.2651
G1 X108.463 Y82.319 E182.4832
G1 X110.082 Y82.319 E182.5370
G1 X111.145 Y82.805 E182.5759
G1 X111.145 Y82.933 E182.5801
G1 X110.082 Y83.419 E182.6190
G1 X108.463 Y83.419 E182.6729
G1 X108.463 Y89.975 E182.8909
G1 X108.429 Y90.159 E182.8971
G1 X108.365 Y90.256 E182.9010
G0 F2700 X108.344 Y90.287
G0 F2700 X108.214 Y90.373
G0 F2700 X108.073 Y90.402
G0 F2700 X107.911 Y90.373
G1 F3000 E177.9010
G0 F4200 X107.757 Y90.744
;TYPE:WALL-OUTER
;WIDTH:0.400
G1 F900 Z1.600
G1 F1500 E182.9010
G1 F2700 X107.619 Y90.671 E182.9062
G1 X107.497 Y90.571 E182.9114
G1 X107.398 Y90.450 E182.9166
G1 X107.325 Y90.312 E182.9218
G1 X107.279 Y90.162 E182.9271
G1 X107.263 Y89.996 E182.9326
G1 X107.263 Y75.741 E183.4067
G1 X107.279 Y75.575 E183.4123
G1 X107.325 Y75.426 E183.4175
G1 X107.398 Y75.287 E183.4227
G1 X107.497 Y75.166 E183.4279
G1 X107.619 Y75.067 E183.4331
G1 X107.757 Y74.993 E183.4383
G1 X107.906 Y74.947 E183.4435
G1 X108.063 Y74.932 E183.4487
G1 X108.219 Y74.947 E183.4540
G1 X108.368 Y74.993 E183.4591
G1 X108.506 Y75.067 E183.4643
G1 X108.628 Y75.166 E183.4696
G1 X108.727 Y75.287 E183.4748
G1 X108.800 Y75.426 E183.4800
G1 X108.846 Y75.576 E183.4852
G1 X108.863 Y75.741 E183.4907
G1 X108.863 Y81.919 E183.6962
G1 X110.169 Y81.919 E183.7397
G1 X111.566 Y82.558 E183.7907
G1 X111.704 Y82.717 E183.7977
G1 X111.734 Y82.871 E183.8030
G1 X111.710 Y83.001 E183.8074
G1 X111.676 Y83.070 E183.8099
G1 X111.566 Y83.180 E183.8151
G1 X110.169 Y83.819 E183.8662
G1 X108.863 Y83.819 E183.9096
G1 X108.863 Y89.996 E184.1151
G1 X108.846 Y90.161 E184.1206
G1 X108.800 Y90.312 E184.1258
G1 X108.727 Y90.450 E184.1310
G1 X108.628 Y90.571 E184.1362
G1 X108.506 Y90.671 E184.1415
G1 X108.368 Y90.744 E184.1467
G1 X108.249 Y90.781 E184.1508
G0 F2700 X108.219 Y90.790
G0 F2700 X108.066 Y90.805
G0 F2700 X107.869 Y90.779
G0 F2700 X107.757 Y90.744
G1 F3000 E179.1508
G0 F4200 X108.075 Y90.197
;TYPE:SOLID-FILL
;WIDTH:0.400
G1 F900 Z1.600
G1 F1500 E184.1508
G1 F3000 X108.055 Y89.933 E184.1590
G1 X108.062 Y89.361 E184.1778
G1 X108.062 Y88.795 E184.1965
G1 X108.062 Y88.230 E184.2153
G1 X108.062 Y87.664 E184.2341
G1 X108.062 Y87.098 E184.2528
G1 X108.062 Y86.533 E184.2715
G1 X108.062 Y85.967 E184.2903
G1 X108.062 Y85.401 E184.3091
G1 X108.062 Y84.836 E184.3278
G1 X108.062 Y84.270 E184.3466
G1 X108.062 Y83.704 E184.3654
G1 X108.263 Y83.220 E184.3841
G1 X108.431 Y82.770 E184.3933
G1 X107.862 Y82.773 E184.4186
G1 X108.062 Y82.007 E184.4374
G1 X108.062 Y81.441 E184.4561
G1 X108.062 Y80.876 E184.4749
G1 X108.062 Y80.310 E184.4936
G1 X108.062 Y79.744 E184.5124
G1 X108.062 Y79.179 E184.5311
G1 X108.062 Y78.613 E184.5499
G1 X108.062 Y78.047 E184.5686
G1 X108.062 Y77.482 E184.5874
G1 X108.062 Y76.916 E184.6061
G1 X108.062 Y76.350 E184.6249
G1 X108.142 Y75.704 E184.6437
G1 X107.880 Y75.684 E184.6524
G1 F3000 E179.6524
G1 F900 Z1.900
G0 F4200 X108.542 Y82.659
;TYPE:SOLID-FILL
;WIDTH:0.400
G1 F900 Z1.600
G1 F1500 E184.6524
G1 F2700 X108.603 Y82.598 E184.6553
G1 X109.168 Y82.598 E184.6741
G1 X108.627 Y83.139 E184.6995
G1 X109.193 Y83.139 E184.7183
G1 X109.381 Y82.951 E184.7272
G0 F2700 X109.734 Y82.598
G0 F4200 X109.759 Y83.139
G1 F2700 X110.008 Y82.890 E184.7389
G0 F2700 X110.212 Y82.686
G0 F2700 X110.019 Y82.599
G1 F3000 E179.7389
G1 F900 Z1.900
G0 F4200 X109.900 Y83.280
;TYPE:SOLID-FILL
;WIDTH:0.400
G1 F900 Z1.600
G1 F1500 E184.7389
G1 F3000 X109.842 Y83.338 E184.7416
G1 F3000 E179.7416
G1 F900 Z1.900
G0 F4200 X102.034 Y83.269
;TYPE:WALL-INNER
;WIDTH:0.400
G1 F900 Z1.600
G1 F1500 E184.7416
G1 F2700 X90.092 Y83.269 E185.1388
G1 X89.912 Y83.236 E185.1449
G1 X89.781 Y83.149 E185.1501
G1 X89.733 Y83.091 E185.1526
G1 X89.673 Y82.946 E185.1578
G1 X89.671 Y82.812 E185.1623
G1 X89.782 Y82.588 E185.1706
G1 X89.842 Y82.539 E185.1732
G1 X89.985 Y82.479 E185.1783
G1 X95.513 Y82.469 E185.3622
G1 X95.513 Y65.848 E185.9150
G1 X95.995 Y64.778 E185.9541
G1 X96.123 Y64.777 E185.9583
G1 X96.612 Y65.849 E185.9975
G1 X96.612 Y82.469 E186.5503
G1 X102.140 Y82.479 E186.7342
G1 X102.283 Y82.539 E186.7393
G1 X102.344 Y82.588 E186.7419
G1 X102.429 Y82.716 E186.7470
G1 X102.459 Y82.880 E186.7526
G1 X102.430 Y83.014 E186.7571
G0 F2700 X102.429 Y83.021
G0 F2700 X102.344 Y83.149
G0 F2700 X102.283 Y83.198
G0 F2700 X102.140 Y83.259
G0 F2700 X102.034 Y83.269
G1 F3000 E181.7571
G0 F4200 X102.053 Y83.669
;TYPE:WALL-OUTER
;WIDTH:0.400
G1 F900 Z1.600
G1 F1500 E186.7571
G1 F2700 X90.073 Y83.669 E187.1556
G1 X89.906 Y83.653 E187.1612
G1 X89.757 Y83.607 E187.1664
G1 X89.619 Y83.533 E187.1716
G1 X89.497 Y83.434 E187.1768
G1 X89.398 Y83.313 E187.1820
G1 X89.325 Y83.174 E187.1872
G1 X89.279 Y83.025 E187.1924
G1 X89.264 Y82.869 E187.1976
G1 X89.279 Y82.713 E187.2028
G1 X89.401 Y82.422 E187.2133
G1 X89.497 Y82.304 E187.2184
G1 X89.619 Y82.204 E187.2236
G1 X89.757 Y82.131 E187.2288
G1 X89.906 Y82.085 E187.2340
G1 X90.073 Y82.069 E187.2396
G1 X95.113 Y82.069 E187.4072
G1 X95.113 Y65.762 E187.9496
G1 X95.706 Y64.446 E187.9976
G1 X95.800 Y64.306 E188.0032
G1 X95.980 Y64.205 E188.0101
G1 X96.145 Y64.205 E188.0156
G1 X96.203 Y64.223 E188.0176
G1 X96.277 Y64.266 E188.0204
G1 X96.374 Y64.364 E188.0250
G1 X97.012 Y65.762 E188.0761
G1 X97.012 Y82.069 E188.6185
G1 X102.053 Y82.069 E188.7862
G1 X102.219 Y82.085 E188.7917
G1 X102.368 Y82.131 E188.7969
G1 X102.506 Y82.204 E188.8021
G1 X102.628 Y82.304 E188.8073
G1 X102.727 Y82.425 E188.8125
G1 X102.800 Y82.563 E188.8177
G1 X102.834 Y82.674 E188.8216
G1 X102.862 Y82.873 E188.8283
G1 X102.846 Y83.024 E188.8333
G1 X102.800 Y83.174 E188.8385
G1 X102.727 Y83.313 E188.8438
G1 X102.628 Y83.434 E188.8490
G1 X102.523 Y83.519 E188.8534
G0 F2700 X102.506 Y83.533
G0 F2700 X102.368 Y83.607
G0 F2700 X102.219 Y83.653
G0 F2700 X102.053 Y83.669
G1 F3000 E183.8534
G0 F4200 X101.626 Y83.069
;TYPE:SOLID-FILL
;WIDTH:0.400
G1 F900 Z1.600
G1 F1500 E188.8534
G1 F3000 X101.734 Y82.677 E188.8718
G1 X100.974 Y82.873 E188.8902
G1 X100.409 Y82.872 E188.9086
G1 X99.843 Y82.871 E188.9271
G1 X99.279 Y82.871 E188.9456
G1 X98.713 Y82.870 E188.9642
G1 X98.148 Y82.870 E188.9829
G1 X97.583 Y82.869 E189.0015
G1 X96.930 Y82.956 E189.0203
G1 X96.935 Y82.669 E189.0298
G1 F3000 E184.0298
G1 F900 Z1.900
G0 F4200 X96.333 Y82.988
;TYPE:SOLID-FILL
;WIDTH:0.400
G1 F900 Z1.600
G1 F1500 E189.0298
G1 F2700 X96.573 Y82.749 E189.0411
G1 X96.331 Y82.749 E189.0491
G1 X96.331 Y82.425 E189.0599
G1 X95.767 Y82.988 E189.0864
G1 X95.443 Y82.988 E189.0972
G1 X95.443 Y82.749 E189.1051
G1 X95.792 Y82.749 E189.1167
G1 X95.792 Y82.398 E189.1284
G1 X96.331 Y81.859 E189.1538
G1 X96.331 Y81.293 E189.1726
G1 X95.792 Y81.832 E189.1980
G1 X95.792 Y81.267 E189.2167
G1 X96.331 Y80.728 E189.2421
G1 X96.331 Y80.162 E189.2609
G1 X95.792 Y80.701 E189.2863
G1 X95.792 Y80.135 E189.3051
G1 X96.331 Y79.596 E189.3305
G1 X96.331 Y79.031 E189.3492
G1 X95.792 Y79.570 E189.3746
G1 X95.792 Y79.004 E189.3934
G1 X96.331 Y78.465 E189.4188
G1 X96.331 Y77.899 E189.4376
G1 X95.792 Y78.438 E189.4630
G1 X95.792 Y77.872 E189.4818
G1 X96.331 Y77.334 E189.5071
G1 X96.331 Y76.768 E189.5259
G1 X95.792 Y77.307 E189.5513
G1 X95.792 Y76.741 E189.5701
G1 X96.331 Y76.202 E189.5955
G1 X96.331 Y75.637 E189.6143
G1 X95.792 Y76.175 E189.6396
G1 X95.792 Y75.610 E189.6584
G1 X96.331 Y75.071 E189.6837
G1 X96.331 Y74.505 E189.7026
G1 X95.792 Y75.044 E189.7279
G1 X95.792 Y74.478 E189.7467
G1 X96.331 Y73.940 E189.7721
G1 X96.331 Y73.374 E189.7909
G1 X95.792 Y73.913 E189.8162
G1 X95.792 Y73.347 E189.8351
G1 X96.331 Y72.808 E189.8604
G1 X96.331 Y72.242 E189.8792
G1 X95.792 Y72.781 E189.9046
G1 X95.792 Y72.216 E189.9234
G1 X96.331 Y71.677 E189.9487
G1 X96.331 Y71.111 E189.9676
G1 X95.792 Y71.650 E189.9929
G1 X95.792 Y71.084 E190.0117
G1 X96.331 Y70.545 E190.0371
G1 X96.331 Y69.980 E190.0559
G1 X95.792 Y70.519 E190.0812
G1 X95.792 Y69.953 E190.1001
G1 X96.331 Y69.414 E190.1254
G1 X96.331 Y68.848 E190.1442
G1 X95.792 Y69.387 E190.1696
G1 X95.792 Y68.821 E190.1884
G1 X96.331 Y68.283 E190.2138
G1 X96.331 Y67.717 E190.2326
G1 X95.792 Y68.256 E190.2579
G1 X95.792 Y67.690 E190.2768
G1 X96.331 Y67.151 E190.3021
G1 X96.331 Y66.586 E190.3209
G1 X95.792 Y67.124 E190.3462
G1 X95.792 Y66.559 E190.3650
G1 X96.331 Y66.020 E190.3904
G1 X96.331 Y65.910 E190.3940
G1 X96.187 Y65.598 E190.4055
G1 X96.145 Y65.640 E190.4074
G0 F2700 X95.792 Y65.993
G0 F4200 X95.651 Y65.852
;TYPE:SOLID-FILL
;WIDTH:0.400
G1 F3000 X95.592 Y65.910 E190.4102
G1 F3000 E185.4102
G1 F900 Z1.900
G0 F4200 X96.879 Y82.725
G1 F900 Z1.600
G1 F1500 E190.4102
G1 F3000 X96.645 Y82.959 E190.4131
G1 X96.416 Y83.188 E190.4239
G1 F3000 E185.4239
G1 F900 Z1.900
G0 F4200 X95.238 Y82.669
G1 F900 Z1.600
G1 F1500 E190.4239
G1 F3000 X94.754 Y82.869 E190.4427
G1 X94.188 Y82.870 E190.4614
G1 X93.622 Y82.870 E190.4801
G1 X93.056 Y82.871 E190.4987
G1 X92.489 Y82.871 E190.5173
G1 X91.924 Y82.872 E190.5358
G1 X91.357 Y82.872 E190.5543
G1 X90.791 Y82.873 E190.5728
G1 X90.225 Y82.873 E190.5911
G1 X89.883 Y82.933 E190.6027
G1 F3000 E185.6027
G1 F900 Z1.900
G0 F4200 X92.140 Y88.259
;TYPE:WALL-INNER
;WIDTH:0.400
G1 F900 Z1.600
G1 F1500 E190.6027
G1 F2700 X92.034 Y88.269 E190.6062
G1 X80.092 Y88.269 E191.0034
G1 X79.912 Y88.236 E191.0095
G1 X79.781 Y88.149 E191.0147
G1 X79.733 Y88.091 E191.0172
G1 X79.673 Y87.946 E191.0224
G1 X79.671 Y87.812 E191.0269
G1 X79.782 Y87.588 E191.0352
G1 X79.842 Y87.539 E191.0378
G1 X79.985 Y87.479 E191.0429
G1 X85.513 Y87.469 E191.2268
G1 X85.513 Y70.848 E191.7796
G1 X85.995 Y69.778 E191.8187
G1 X86.123 Y69.777 E191.8229
G1 X86.612 Y70.849 E191.8621
G1 X86.612 Y87.469 E192.4149
G1 X92.140 Y87.479 E192.5987
G1 X92.283 Y87.539 E192.6039
G1 X92.344 Y87.588 E192.6065
G1 X92.429 Y87.716 E192.6116
G1 X92.459 Y87.880 E192.6172
G1 X92.452 Y87.910 E192.6182
G0 F2700 X92.429 Y88.021
G0 F2700 X92.344 Y88.149
G0 F2700 X92.283 Y88.198
G0 F2700 X92.140 Y88.259
G1 F3000 E187.6182
G0 F4200 X92.219 Y88.653
;TYPE:WALL-OUTER
;WIDTH:0.400
G1 F900 Z1.600
G1 F1500 E192.6182
G1 F2700 X92.053 Y88.669 E192.6237
G1 X80.073 Y88.669 E193.0222
G1 X79.906 Y88.653 E193.0278
G1 X79.757 Y88.607 E193.0330
G1 X79.619 Y88.533 E193.0382
G1 X79.497 Y88.434 E193.0434
G1 X79.398 Y88.313 E193.0486
G1 X79.325 Y88.174 E193.0538
G1 X79.279 Y88.025 E193.0590
G1 X79.264 Y87.869 E193.0642
G1 X79.279 Y87.713 E193.0694
G1 X79.401 Y87.422 E193.0799
G1 X79.497 Y87.304 E193.0850
G1 X79.619 Y87.204 E193.0902
G1 X79.757 Y87.131 E193.0954
G1 X79.906 Y87.085 E193.1006
G1 X80.073 Y87.069 E193.1062
G1 X85.113 Y87.069 E193.2738
G1 X85.113 Y70.762 E193.8162
G1 X85.706 Y69.446 E193.8642
G1 X85.806 Y69.298 E193.8701
G1 X85.847 Y69.264 E193.8719
G1 X85.990 Y69.205 E193.8771
G1 X86.145 Y69.205 E193.8822
G1 X86.203 Y69.223 E193.8842
G1 X86.277 Y69.266 E193.8871
G1 X86.374 Y69.364 E193.8917
G1 X87.012 Y70.762 E193.9428
G1 X87.012 Y87.069 E194.4851
G1 X92.053 Y87.069 E194.6528
G1 X92.219 Y87.085 E194.6584
G1 X92.368 Y87.131 E194.6635
G1 X92.506 Y87.204 E194.6687
G1 X92.628 Y87.304 E194.6740
G1 X92.727 Y87.425 E194.6792
G1 X92.800 Y87.563 E194.6844
G1 X92.834 Y87.674 E194.6882
G1 X92.862 Y87.873 E194.6949
G1 X92.846 Y88.024 E194.7000
G1 X92.800 Y88.174 E194.7052
G1 X92.727 Y88.313 E194.7104
G1 X92.648 Y88.410 E194.7146
G0 F2700 X92.628 Y88.434
G0 F2700 X92.506 Y88.533
G0 F2700 X92.368 Y88.607
G0 F2700 X92.219 Y88.653
G1 F3000 E189.7146
G0 F4200 X92.121 Y88.049
;TYPE:SOLID-FILL
;WIDTH:0.400
G1 F900 Z1.600
G1 F1500 E194.7146
G1 F3000 X92.084 Y87.803 E194.7203
G1 X91.448 Y87.872 E194.7386
G1 X90.883 Y87.872 E194.7569
G1 X90.318 Y87.871 E194.7753
G1 X89.753 Y87.871 E194.7937
G1 X89.188 Y87.870 E194.8122
G1 X88.622 Y87.870 E194.8308
G1 X88.057 Y87.869 E194.8494
G1 X87.492 Y87.868 E194.8681
G1 X86.885 Y87.910 E194.8868
G1 X86.844 Y87.669 E194.8950
G0 F4200 X86.483 Y87.747
;TYPE:SOLID-FILL
;WIDTH:0.400
G1 F2700 X86.242 Y87.988 E194.9063
G1 X85.677 Y87.988 E194.9251
G1 X86.331 Y87.334 E194.9559
G1 X86.331 Y86.768 E194.9747
G1 X85.792 Y87.307 E195.0000
G1 X85.792 Y86.741 E195.0189
G1 X86.331 Y86.202 E195.0442
G1 X86.331 Y85.636 E195.0630
G1 X85.792 Y86.175 E195.0884
G1 X85.792 Y85.610 E195.1072
G1 X86.331 Y85.071 E195.1325
G1 X86.331 Y84.505 E195.1514
G1 X85.792 Y85.044 E195.1767
G1 X85.792 Y84.478 E195.1955
G1 X86.331 Y83.939 E195.2209
G1 X86.331 Y83.374 E195.2397
G1 X85.792 Y83.913 E195.2650
G1 X85.792 Y83.347 E195.2839
G1 X86.331 Y82.808 E195.3092
G1 X86.331 Y82.242 E195.3280
G1 X85.792 Y82.781 E195.3534
G1 X85.792 Y82.216 E195.3722
G1 X86.331 Y81.677 E195.3975
G1 X86.331 Y81.111 E195.4164
G1 X85.792 Y81.650 E195.4417
G1 X85.792 Y81.084 E195.4605
G1 X86.331 Y80.545 E195.4859
G1 X86.331 Y79.980 E195.5047
G1 X85.792 Y80.518 E195.5300
G1 X85.792 Y79.953 E195.5488
G1 X86.331 Y79.414 E195.5742
G1 X86.331 Y78.848 E195.5930
G1 X85.792 Y79.387 E195.6183
G1 X85.792 Y78.821 E195.6372
G1 X86.331 Y78.283 E195.6625
G1 X86.331 Y77.717 E195.6813
G1 X85.792 Y78.256 E195.7067
G1 X85.792 Y77.690 E195.7255
G1 X86.331 Y77.151 E195.7509
G1 X86.331 Y76.586 E195.7696
G1 X85.792 Y77.124 E195.7950
G1 X85.792 Y76.559 E195.8138
G1 X86.331 Y76.020 E195.8391
G1 X86.331 Y75.454 E195.8579
G1 X85.792 Y75.993 E195.8833
G1 X85.792 Y75.427 E195.9021
G1 X86.331 Y74.888 E195.9275
G1 X86.331 Y74.323 E195.9463
G1 X85.792 Y74.862 E195.9716
G1 X85.792 Y74.296 E195.9904
G1 X86.331 Y73.757 E196.0158
G1 X86.331 Y73.191 E196.0346
G1 X85.792 Y73.730 E196.0600
G1 X85.792 Y73.165 E196.0788
G1 X86.331 Y72.626 E196.1041
G1 X86.331 Y72.060 E196.1229
G1 X85.792 Y72.599 E196.1483
G1 X85.792 Y72.033 E196.1671
G1 X86.331 Y71.494 E196.1925
G1 X86.331 Y70.929 E196.2113
G1 X85.792 Y71.467 E196.2366
G1 X85.791 Y70.907 E196.2552
G1 X85.795 Y70.899 E196.2555
G1 X85.805 Y70.889 E196.2560
G0 F2700 X86.159 Y70.535
G1 F3000 E191.2560
G1 F900 Z1.900
G0 F4200 X86.880 Y87.633
;TYPE:SOLID-FILL
;WIDTH:0.400
G1 F900 Z1.600
G1 F1500 E196.2560
G1 F3000 X86.625 Y87.888 E196.2680
G0 F4200 X85.433 Y87.949
G1 F3000 X85.195 Y87.903 E196.2769
G1 X84.664 Y87.868 E196.2956
G1 X84.098 Y87.869 E196.3143
G1 X83.532 Y87.870 E196.3330
G1 X82.966 Y87.870 E196.3516
G1 X82.400 Y87.870 E196.3701
G1 X81.833 Y87.871 E196.3887
G1 X81.267 Y87.871 E196.4071
G1 X80.702 Y87.872 E196.4255
G1 X80.048 Y87.959 E196.4440
G1 X80.048 Y87.676 E196.4534
;LAYER:8
;Z:1.800
;HEIGHT:0.200
G1 F3000 E191.4534
G0 F900 Z1.800
G0 F4200 X92.140 Y88.259
;TYPE:WALL-INNER
;WIDTH:0.400
G1 F900 Z1.800
G1 F1500 E196.4534
G1 F2700 X92.034 Y88.269 E196.4569
G1 X80.092 Y88.269 E196.8541
G1 X79.912 Y88.236 E196.8602
G1 X79.781 Y88.149 E196.8654
G1 X79.733 Y88.091 E196.8679
G1 X79.673 Y87.946 E196.8732
G1 X79.671 Y87.812 E196.8776
G1 X79.782 Y87.588 E196.8859
G1 X79.842 Y87.539 E196.8885
G1 X79.985 Y87.479 E196.8937
G1 X85.513 Y87.469 E197.0775
G1 X85.513 Y70.849 E197.6303
G1 X86.000 Y69.778 E197.6694
G1 X86.128 Y69.778 E197.6737
G1 X86.612 Y70.848 E197.7128
G1 X86.612 Y87.469 E198.2656
G1 X92.140 Y87.479 E198.4494
G1 X92.283 Y87.539 E198.4546
G1 X92.344 Y87.588 E198.4572
G1 X92.429 Y87.716 E198.4623
G1 X92.460 Y87.869 E198.4675
G1 X92.451 Y87.910 E198.4689
G0 F2700 X92.429 Y88.021
G0 F2700 X92.344 Y88.149
G0 F2700 X92.283 Y88.198
G0 F2700 X92.140 Y88.259
G1 F3000 E193.4689
G0 F4200 X92.219 Y88.653
;TYPE:WALL-OUTER
;WIDTH:0.400
G1 F900 Z1.800
G1 F1500 E198.4689
G1 F2700 X92.053 Y88.669 E198.4744
G1 X80.073 Y88.669 E198.8729
G1 X79.906 Y88.653 E198.8785
G1 X79.757 Y88.607 E198.8837
G1 X79.619 Y88.533 E198.8889
G1 X79.497 Y88.434 E198.8941
G1 X79.398 Y88.313 E198.8993
G1 X79.325 Y88.174 E198.9045
G1 X79.279 Y88.025 E198.9097
G1 X79.264 Y87.869 E198.9149
G1 X79.279 Y87.713 E198.9201
G1 X79.401 Y87.422 E198.9306
G1 X79.497 Y87.304 E198.9357
G1 X79.619 Y87.204 E198.9409
G1 X79.757 Y87.131 E198.9461
G1 X79.906 Y87.085 E198.9513
G1 X80.073 Y87.069 E198.9569
G1 X85.113 Y87.069 E199.1245
G1 X85.113 Y70.762 E199.6669
G1 X85.749 Y69.364 E199.7180
G1 X85.809 Y69.298 E199.7209
G1 X85.980 Y69.205 E199.7274
G1 X86.135 Y69.205 E199.7326
G1 X86.278 Y69.264 E199.7377
G1 X86.406 Y69.423 E199.7445
G1 X87.012 Y70.762 E199.7934
G1 X87.012 Y87.069 E200.3358
G1 X92.053 Y87.069 E200.5034
G1 X92.219 Y87.085 E200.5090
G1 X92.368 Y87.131 E200.5142
G1 X92.506 Y87.204 E200.5194
G1 X92.628 Y87.304 E200.5246
G1 X92.727 Y87.425 E200.5298
G1 X92.800 Y87.563 E200.5350
G1 X92.846 Y87.714 E200.5402
G1 X92.862 Y87.869 E200.5454
G1 X92.846 Y88.024 E200.5506
G1 X92.800 Y88.174 E200.5558
G1 X92.727 Y88.313 E200.5611
G1 X92.648 Y88.410 E200.5652
G0 F2700 X92.628 Y88.434
G0 F2700 X92.506 Y88.533
G0 F2700 X92.368 Y88.607
G0 F2700 X92.219 Y88.653
G1 F3000 E195.5652
G0 F4200 X92.218 Y87.975
;TYPE:SOLID-FILL
;WIDTH:0.400
G1 F900 Z1.800
G1 F1500 E200.5652
G1 F3000 X91.832 Y87.873 E200.5792
G1 X91.267 Y87.873 E200.5974
G1 X90.700 Y87.872 E200.6158
G1 X90.134 Y87.872 E200.6342
G1 X89.568 Y87.871 E200.6527
G1 X89.002 Y87.871 E200.6712
G1 X88.435 Y87.870 E200.6897
G1 X87.869 Y87.870 E200.7083
G1 X87.303 Y87.869 E200.7270
G1 X86.821 Y87.669 E200.7444
G0 F4200 X86.617 Y87.748
;TYPE:SOLID-FILL
;WIDTH:0.400
G1 F2700 X86.681 Y87.812 E200.7474
G1 X86.681 Y87.988 E200.7532
G1 X86.291 Y87.988 E200.7662
G1 X85.791 Y87.488 E200.7897
G1 X85.792 Y87.748 E200.7984
G1 X85.646 Y87.748 E200.8032
G0 F2700 X85.485 Y87.748
G0 F2700 X85.725 Y87.988
G1 F3000 E195.8032
G1 F900 Z2.100
G0 F4200 X86.332 Y87.463
G1 F900 Z1.800
G1 F1500 E200.8032
G1 F2700 X85.791 Y86.923 E200.8287
G1 X85.791 Y86.357 E200.8475
G1 X86.332 Y86.897 E200.8729
G1 X86.332 Y86.332 E200.8917
G1 X85.791 Y85.791 E200.9171
G1 X85.791 Y85.226 E200.9359
G1 X86.332 Y85.766 E200.9614
G1 X86.332 Y85.200 E200.9802
G1 X85.791 Y84.660 E201.0056
G1 X85.791 Y84.094 E201.0244
G1 X86.332 Y84.635 E201.0499
G1 X86.332 Y84.069 E201.0687
G1 X85.791 Y83.529 E201.0941
G1 X85.791 Y82.963 E201.1129
G1 X86.332 Y83.503 E201.1384
G1 X86.332 Y82.937 E201.1572
G1 X85.791 Y82.397 E201.1826
G1 X85.791 Y81.832 E201.2014
G1 X86.332 Y82.372 E201.2268
G1 X86.332 Y81.806 E201.2457
G1 X85.791 Y81.266 E201.2711
G1 X85.791 Y80.700 E201.2899
G1 X86.332 Y81.240 E201.3153
G1 X86.332 Y80.675 E201.3341
G1 X85.791 Y80.134 E201.3596
G1 X85.791 Y79.569 E201.3784
G1 X86.332 Y80.109 E201.4038
G1 X86.332 Y79.543 E201.4226
G1 X85.791 Y79.003 E201.4480
G1 X85.791 Y78.437 E201.4669
G1 X86.332 Y78.978 E201.4923
G1 X86.332 Y78.412 E201.5111
G1 X85.791 Y77.872 E201.5366
G1 X85.791 Y77.306 E201.5554
G1 X86.332 Y77.846 E201.5808
G1 X86.332 Y77.281 E201.5996
G1 X85.791 Y76.740 E201.6250
G1 X85.791 Y76.175 E201.6438
G1 X86.332 Y76.715 E201.6693
G1 X86.332 Y76.149 E201.6881
G1 X85.791 Y75.609 E201.7135
G1 X85.791 Y75.043 E201.7323
G1 X86.332 Y75.584 E201.7578
G1 X86.332 Y75.018 E201.7766
G1 X85.791 Y74.478 E201.8020
G1 X85.791 Y73.912 E201.8209
G1 X86.332 Y74.452 E201.8463
G1 X86.332 Y73.887 E201.8651
G1 X85.791 Y73.346 E201.8905
G1 X85.791 Y72.781 E201.9093
G1 X86.332 Y73.321 E201.9347
G1 X86.332 Y72.755 E201.9536
G1 X85.791 Y72.215 E201.9790
G1 X85.791 Y71.649 E201.9978
G1 X86.332 Y72.189 E202.0232
G1 X86.332 Y71.624 E202.0420
G1 X85.791 Y71.084 E202.0674
G1 X85.791 Y70.910 E202.0732
G1 X85.914 Y70.640 E202.0831
G1 X85.979 Y70.705 E202.0862
G0 F2700 X86.332 Y71.058
G0 F4200 X86.472 Y70.916
;TYPE:SOLID-FILL
;WIDTH:0.400
G1 F3000 X86.531 Y70.975 E202.0889
G1 F3000 E197.0889
G1 F900 Z2.100
G0 F4200 X86.472 Y87.320
G1 F900 Z1.800
G1 F1500 E202.0889
G1 F3000 X86.615 Y87.464 E202.0917
G1 X86.757 Y87.606 E202.0984
G1 F3000 E197.0984
G1 F900 Z2.100
G0 F4200 X85.642 Y88.188
G1 F900 Z1.800
G1 F1500 E202.0984
G1 F3000 X85.473 Y88.018 E202.1012
G1 X85.040 Y87.868 E202.1125
G1 X84.475 Y87.869 E202.1311
G1 X83.910 Y87.870 E202.1497
G1 X83.344 Y87.870 E202.1683
G1 X82.779 Y87.870 E202.1868
G1 X82.214 Y87.871 E202.2053
G1 X81.648 Y87.871 E202.2238
G1 X81.083 Y87.872 E202.2422
G1 X80.518 Y87.872 E202.2606
G1 X80.040 Y87.677 E202.2778
G1 F3000 E197.2778
G1 F900 Z2.100
G0 F4200 X102.034 Y83.269
;TYPE:WALL-INNER
;WIDTH:0.400
G1 F900 Z1.800
G1 F1500 E202.2778
G1 F2700 X90.092 Y83.269 E202.6749
G1 X89.912 Y83.236 E202.6810
G1 X89.781 Y83.149 E202.6863
G1 X89.733 Y83.091 E202.6888
G1 X89.673 Y82.946 E202.6940
G1 X89.671 Y82.812 E202.6984
G1 X89.782 Y82.588 E202.7068
G1 X89.842 Y82.539 E202.7093
G1 X89.985 Y82.479 E202.7145
G1 X95.513 Y82.469 E202.8984
G1 X95.513 Y65.849 E203.4511
G1 X96.000 Y64.778 E203.4903
G1 X96.128 Y64.778 E203.4945
G1 X96.612 Y65.848 E203.5336
G1 X96.612 Y82.469 E204.0864
G1 X102.140 Y82.479 E204.2703
G1 X102.283 Y82.539 E204.2754
G1 X102.344 Y82.588 E204.2780
G1 X102.429 Y82.716 E204.2831
G1 X102.460 Y82.869 E204.2883
G1 X102.430 Y83.014 E204.2933
G0 F2700 X102.429 Y83.021
G0 F2700 X102.344 Y83.149
G0 F2700 X102.283 Y83.198
G0 F2700 X102.140 Y83.259
G0 F2700 X102.034 Y83.269
G1 F3000 E199.2933
G0 F4200 X102.053 Y83.669
;TYPE:WALL-OUTER
;WIDTH:0.400
G1 F900 Z1.800
G1 F1500 E204.2933
G1 F2700 X90.073 Y83.669 E204.6917
G1 X89.906 Y83.653 E204.6973
G1 X89.757 Y83.607 E204.7025
G1 X89.619 Y83.533 E204.7077
G1 X89.497 Y83.434 E204.7129
G1 X89.398 Y83.313 E204.7181
G1 X89.325 Y83.174 E204.7233
G1 X89.279 Y83.025 E204.7285
G1 X89.264 Y82.869 E204.7337
G1 X89.279 Y82.713 E204.7389
G1 X89.401 Y82.422 E204.7494
G1 X89.497 Y82.304 E204.7545
G1 X89.619 Y82.204 E204.7597
G1 X89.757 Y82.131 E204.7649
G1 X89.906 Y82.085 E204.7701
G1 X90.073 Y82.069 E204.7757
G1 X95.113 Y82.069 E204.9433
G1 X95.113 Y65.762 E205.4857
G1 X95.749 Y64.364 E205.5368
G1 X95.809 Y64.297 E205.5398
G1 X95.980 Y64.205 E205.5462
G1 X96.135 Y64.205 E205.5514
G1 X96.278 Y64.264 E205.5565
G1 X96.406 Y64.423 E205.5633
G1 X97.012 Y65.762 E205.6122
G1 X97.012 Y82.069 E206.1546
G1 X102.053 Y82.069 E206.3223
G1 X102.219 Y82.085 E206.3278
G1 X102.368 Y82.131 E206.3330
G1 X102.506 Y82.204 E206.3382
G1 X102.628 Y82.304 E206.3434
G1 X102.727 Y82.425 E206.3486
G1 X102.800 Y82.563 E206.3538
G1 X102.846 Y82.714 E206.3591
G1 X102.862 Y82.869 E206.3642
G1 X102.846 Y83.024 E206.3694
G1 X102.800 Y83.174 E206.3747
G1 X102.727 Y83.313 E206.3799
G1 X102.628 Y83.434 E206.3851
G1 X102.523 Y83.519 E206.3896
G0 F2700 X102.506 Y83.533
G0 F2700 X102.368 Y83.607
G0 F2700 X102.219 Y83.653
G0 F2700 X102.053 Y83.669
G1 F3000 E201.3896
G0 F4200 X102.019 Y83.068
;TYPE:SOLID-FILL
;WIDTH:0.400
G1 F900 Z1.800
G1 F1500 E206.3896
G1 F3000 X101.540 Y82.873 E206.4079
G1 X100.974 Y82.872 E206.4263
G1 X100.409 Y82.872 E206.4446
G1 X99.842 Y82.871 E206.4630
G1 X99.276 Y82.871 E206.4815
G1 X98.710 Y82.870 E206.5001
G1 X98.144 Y82.870 E206.5187
G1 X97.577 Y82.870 E206.5373
G1 X96.927 Y82.785 E206.5560
G1 X96.928 Y83.068 E206.5654
G1 F3000 E201.5654
G1 F900 Z2.100
G0 F4200 X95.759 Y82.749
;TYPE:SOLID-FILL
;WIDTH:0.400
G1 F900 Z1.800
G1 F1500 E206.5654
G1 F2700 X95.999 Y82.988 E206.5767
G1 X96.565 Y82.988 E206.5955
G1 X95.792 Y82.216 E206.6318
G1 X95.792 Y81.650 E206.6507
G1 X96.331 Y82.189 E206.6760
G1 X96.331 Y81.624 E206.6948
G1 X95.792 Y81.084 E206.7202
G1 X95.792 Y80.518 E206.7390
G1 X96.331 Y81.058 E206.7644
G1 X96.331 Y80.492 E206.7832
G1 X95.792 Y79.953 E206.8086
G1 X95.792 Y79.387 E206.8274
G1 X96.331 Y79.927 E206.8528
G1 X96.331 Y79.361 E206.8716
G1 X95.792 Y78.821 E206.8970
G1 X95.792 Y78.256 E206.9157
G1 X96.331 Y78.795 E206.9411
G1 X96.331 Y78.230 E206.9599
G1 X95.792 Y77.690 E206.9853
G1 X95.792 Y77.124 E207.0041
G1 X96.331 Y77.664 E207.0295
G1 X96.331 Y77.098 E207.0483
G1 X95.792 Y76.559 E207.0736
G1 X95.792 Y75.993 E207.0925
G1 X96.331 Y76.532 E207.1178
G1 X96.331 Y75.967 E207.1366
G1 X95.792 Y75.427 E207.1620
G1 X95.792 Y74.862 E207.1808
G1 X96.331 Y75.401 E207.2061
G1 X96.331 Y74.835 E207.2250
G1 X95.792 Y74.296 E207.2503
G1 X95.792 Y73.730 E207.2691
G1 X96.331 Y74.270 E207.2945
G1 X96.331 Y73.704 E207.3133
G1 X95.792 Y73.165 E207.3387
G1 X95.792 Y72.599 E207.3575
G1 X96.331 Y73.138 E207.3829
G1 X96.331 Y72.573 E207.4017
G1 X95.792 Y72.033 E207.4270
G1 X95.792 Y71.467 E207.4459
G1 X96.331 Y72.007 E207.4712
G1 X96.331 Y71.441 E207.4901
G1 X95.792 Y70.902 E207.5154
G1 X95.792 Y70.336 E207.5342
G1 X96.331 Y70.876 E207.5596
G1 X96.331 Y70.310 E207.5785
G1 X95.792 Y69.770 E207.6038
G1 X95.792 Y69.205 E207.6226
G1 X96.331 Y69.744 E207.6480
G1 X96.331 Y69.179 E207.6668
G1 X95.792 Y68.639 E207.6921
G1 X95.792 Y68.073 E207.7110
G1 X96.331 Y68.613 E207.7363
G1 X96.331 Y68.047 E207.7552
G1 X95.792 Y67.508 E207.7805
G1 X95.792 Y66.942 E207.7993
G1 X96.331 Y67.482 E207.8247
G1 X96.331 Y66.916 E207.8435
G1 X95.792 Y66.376 E207.8689
G1 X95.792 Y65.910 E207.8844
G1 X95.822 Y65.841 E207.8869
G1 X96.331 Y66.350 E207.9109
G1 X96.331 Y65.908 E207.9256
G1 X96.320 Y65.885 E207.9264
G0 F2700 X96.229 Y65.682
G0 F2700 X96.032 Y65.485
G1 F3000 E202.9264
G1 F900 Z2.100
G0 F4200 X95.276 Y82.549
;TYPE:SOLID-FILL
;WIDTH:0.400
G1 F900 Z1.800
G1 F1500 E207.9264
G1 F3000 X95.484 Y83.038 E207.9424
G1 X95.243 Y83.080 E207.9505
G1 F3000 E202.9505
G1 F900 Z2.100
G0 F4200 X96.807 Y82.948
G1 F900 Z1.800
G1 F1500 E207.9505
G1 F3000 X96.880 Y83.021 E207.9540
G1 F3000 E202.9540
G1 F900 Z2.100
G0 F4200 X95.231 Y83.068
G1 F900 Z1.800
G1 F1500 E207.9540
G1 F3000 X94.749 Y82.869 E207.9727
G1 X94.183 Y82.870 E207.9913
G1 X93.618 Y82.870 E208.0098
G1 X93.053 Y82.871 E208.0283
G1 X92.488 Y82.871 E208.0468
G1 X91.923 Y82.872 E208.0653
G1 X91.358 Y82.872 E208.0836
G1 X90.792 Y82.872 E208.1019
G1 X90.227 Y82.873 E208.1202
G1 X89.889 Y82.818 E208.1316
G1 F3000 E203.1316
G1 F900 Z2.100
G0 F4200 X107.892 Y90.363
;TYPE:WALL-INNER
;WIDTH:0.400
G1 F900 Z1.800
G1 F1500 E208.1316
G1 F2700 X107.781 Y90.287 E208.1361
G1 X107.696 Y90.158 E208.1412
G1 X107.663 Y89.977 E208.1473
G1 X107.663 Y75.760 E208.6202
G1 X107.696 Y75.579 E208.6263
G1 X107.781 Y75.451 E208.6314
G1 X107.912 Y75.364 E208.6366
G1 X107.985 Y75.341 E208.6392
G1 X108.140 Y75.341 E208.6443
G1 X108.283 Y75.402 E208.6495
G1 X108.392 Y75.509 E208.6546
G1 X108.452 Y75.656 E208.6599
G1 X108.463 Y75.762 E208.6634
G1 X108.463 Y82.319 E208.8815
G1 X110.082 Y82.319 E208.9354
G1 X111.145 Y82.805 E208.9742
G1 X111.145 Y82.933 E208.9785
G1 X110.082 Y83.419 E209.0174
G1 X108.463 Y83.419 E209.0712
G1 X108.463 Y89.976 E209.2893
G1 X108.454 Y90.062 E209.2922
G1 X108.350 Y90.272 E209.3000
G0 F2700 X108.343 Y90.287
G0 F2700 X108.214 Y90.373
G0 F2700 X108.086 Y90.401
G0 F2700 X107.892 Y90.363
G1 F3000 E204.3000
G0 F4200 X107.757 Y90.744
;TYPE:WALL-OUTER
;WIDTH:0.400
G1 F900 Z1.800
G1 F1500 E209.3000
G1 F2700 X107.619 Y90.671 E209.3052
G1 X107.497 Y90.571 E209.3104
G1 X107.398 Y90.450 E209.3156
G1 X107.325 Y90.312 E209.3208
G1 X107.279 Y90.162 E209.3260
G1 X107.263 Y89.996 E209.3316
G1 X107.263 Y75.741 E209.8057
G1 X107.279 Y75.575 E209.8112
G1 X107.325 Y75.426 E209.8164
G1 X107.398 Y75.287 E209.8216
G1 X107.497 Y75.166 E209.8268
G1 X107.619 Y75.067 E209.8321
G1 X107.757 Y74.993 E209.8373
G1 X107.906 Y74.947 E209.8425
G1 X108.063 Y74.932 E209.8477
G1 X108.219 Y74.947 E209.8529
G1 X108.368 Y74.993 E209.8581
G1 X108.506 Y75.067 E209.8633
G1 X108.628 Y75.166 E209.8685
G1 X108.727 Y75.287 E209.8737
G1 X108.800 Y75.426 E209.8790
G1 X108.846 Y75.576 E209.8842
G1 X108.863 Y75.741 E209.8897
G1 X108.863 Y81.919 E210.0952
G1 X110.169 Y81.919 E210.1386
G1 X111.566 Y82.558 E210.1897
G1 X111.704 Y82.717 E210.1967
G1 X111.734 Y82.871 E210.2019
G1 X111.711 Y82.998 E210.2062
G1 X111.676 Y83.070 E210.2089
G1 X111.566 Y83.180 E210.2141
G1 X110.169 Y83.819 E210.2652
G1 X108.863 Y83.819 E210.3086
G1 X108.863 Y89.996 E210.5140
G1 X108.846 Y90.162 E210.5196
G1 X108.724 Y90.453 E210.5301
G1 X108.628 Y90.571 E210.5352
G1 X108.506 Y90.671 E210.5404
G1 X108.368 Y90.744 E210.5456
G1 X108.250 Y90.781 E210.5497
G0 F2700 X108.219 Y90.790
G0 F2700 X108.067 Y90.805
G0 F2700 X107.757 Y90.744
G1 F3000 E205.5497
G0 F4200 X107.999 Y90.180
;TYPE:SOLID-FILL
;WIDTH:0.400
G1 F900 Z1.800
G1 F1500 E210.5497
G1 F3000 X108.071 Y89.969 E210.5552
G1 X108.062 Y89.394 E210.5740
G1 X108.062 Y88.828 E210.5928
G1 X108.062 Y88.262 E210.6116
G1 X108.062 Y87.697 E210.6304
G1 X108.062 Y87.131 E210.6492
G1 X108.062 Y86.565 E210.6680
G1 X108.062 Y86.000 E210.6868
G1 X108.062 Y85.434 E210.7056
G1 X108.062 Y84.868 E210.7244
G1 X108.062 Y84.303 E210.7432
G1 X108.062 Y83.737 E210.7620
G1 X108.126 Y83.236 E210.7808
G1 X107.862 Y82.689 E210.8010
G0 F4200 X107.862 Y82.123
G1 F3000 X108.462 Y82.723 E210.8292
G1 F3000 E205.8292
G1 F900 Z2.100
G0 F4200 X108.262 Y81.957
G1 F900 Z1.800
G1 F1500 E210.8292
G1 F3000 X108.062 Y81.474 E210.8480
G1 X108.062 Y80.909 E210.8668
G1 X108.062 Y80.343 E210.8855
G1 X108.062 Y79.777 E210.9043
G1 X108.062 Y79.211 E210.9232
G1 X108.062 Y78.646 E210.9419
G1 X108.062 Y78.080 E210.9607
G1 X108.062 Y77.514 E210.9795
G1 X108.062 Y76.949 E210.9983
G1 X108.062 Y76.383 E211.0171
G1 X107.964 Y75.720 E211.0359
G1 X108.258 Y75.731 E211.0457
G1 F3000 E206.0457
G1 F900 Z2.100
G0 F4200 X109.752 Y82.599
;TYPE:SOLID-FILL
;WIDTH:0.400
G1 F900 Z1.800
G1 F1500 E211.0457
G1 F2700 X110.206 Y83.053 E211.0670
G1 X110.019 Y83.139 E211.0739
G1 X109.726 Y83.138 E211.0836
G1 X109.186 Y82.599 E211.1090
G1 X108.620 Y82.599 E211.1278
G1 X109.160 Y83.138 E211.1532
G1 X109.094 Y83.138 E211.1554
G0 F2700 X108.594 Y83.138
G0 F4200 X108.511 Y83.338
;TYPE:SOLID-FILL
;WIDTH:0.400
G1 F3000 X108.342 Y83.169 E211.1634
G1 F3000 E206.1634
G1 F900 Z2.100
G0 F4200 X109.834 Y82.399
G1 F900 Z1.800
G1 F1500 E211.1634
G1 F3000 X109.892 Y82.457 E211.1661
G1 F3000 E206.1661
G1 F900 Z2.100
G0 F4200 X115.892 Y90.363
;TYPE:WALL-INNER
;WIDTH:0.400
G1 F900 Z1.800
G1 F1500 E211.1661
G1 F2700 X115.781 Y90.287 E211.1706
G1 X115.696 Y90.158 E211.1757
G1 X115.663 Y89.977 E211.1818
G1 X115.663 Y75.760 E211.6547
G1 X115.696 Y75.579 E211.6608
G1 X115.781 Y75.451 E211.6659
G1 X115.912 Y75.364 E211.6711
G1 X115.985 Y75.341 E211.6737
G1 X116.140 Y75.341 E211.6788
G1 X116.283 Y75.402 E211.6840
G1 X116.392 Y75.509 E211.6891
G1 X116.452 Y75.656 E211.6944
G1 X116.463 Y75.762 E211.6979
G1 X116.463 Y82.319 E211.9160
G1 X118.082 Y82.319 E211.9698
G1 X119.145 Y82.805 E212.0087
G1 X119.145 Y82.933 E212.0130
G1 X118.082 Y83.419 E212.0519
G1 X116.463 Y83.419 E212.1057
G1 X116.463 Y89.976 E212.3238
G1 X116.454 Y90.062 E212.3267
G1 X116.350 Y90.272 E212.3345
G0 F2700 X116.343 Y90.287
G0 F2700 X116.214 Y90.373
G0 F2700 X116.086 Y90.401
G0 F2700 X115.892 Y90.363
G1 F3000 E207.3345
G0 F4200 X115.757 Y90.744
;TYPE:WALL-OUTER
;WIDTH:0.400
G1 F900 Z1.800
G1 F1500 E212.3345
G1 F2700 X115.619 Y90.671 E212.3396
G1 X115.497 Y90.571 E212.3449
G1 X115.398 Y90.450 E212.3501
G1 X115.325 Y90.312 E212.3553
G1 X115.279 Y90.162 E212.3605
G1 X115.263 Y89.996 E212.3661
G1 X115.263 Y75.741 E212.8402
G1 X115.279 Y75.575 E212.8457
G1 X115.325 Y75.426 E212.8509
G1 X115.398 Y75.287 E212.8561
G1 X115.497 Y75.166 E212.8613
G1 X115.619 Y75.067 E212.8666
G1 X115.757 Y74.993 E212.8718
G1 X115.906 Y74.947 E212.8770
G1 X116.063 Y74.932 E212.8822
G1 X116.219 Y74.947 E212.8874
G1 X116.368 Y74.993 E212.8926
G1 X116.506 Y75.067 E212.8978
G1 X116.628 Y75.166 E212.9030
G1 X116.727 Y75.287 E212.9082
G1 X116.800 Y75.426 E212.9135
G1 X116.846 Y75.576 E212.9187
G1 X116.863 Y75.741 E212.9242
G1 X116.863 Y81.919 E213.1297
G1 X118.169 Y81.919 E213.1731
G1 X119.566 Y82.558 E213.2242
G1 X119.704 Y82.717 E213.2312
G1 X119.734 Y82.871 E213.2364
G1 X119.711 Y82.998 E213.2407
G1 X119.676 Y83.070 E213.2434
G1 X119.566 Y83.180 E213.2486
G1 X118.169 Y83.819 E213.2996
G1 X116.863 Y83.819 E213.3431
G1 X116.863 Y89.996 E213.5485
G1 X116.846 Y90.162 E213.5541
G1 X116.724 Y90.453 E213.5646
G1 X116.628 Y90.571 E213.5696
G1 X116.506 Y90.671 E213.5749
G1 X116.368 Y90.744 E213.5801
G1 X116.250 Y90.781 E213.5842
G0 F2700 X116.219 Y90.790
G0 F2700 X116.067 Y90.805
G0 F2700 X115.757 Y90.744
G1 F3000 E208.5842
G0 F4200 X116.262 Y89.958
;TYPE:SOLID-FILL
;WIDTH:0.400
G1 F900 Z1.800
G1 F1500 E213.5842
G1 F3000 X116.062 Y89.474 E213.6030
G1 X116.062 Y88.909 E213.6218
G1 X116.062 Y88.343 E213.6406
G1 X116.062 Y87.777 E213.6594
G1 X116.062 Y87.212 E213.6782
G1 X116.062 Y86.646 E213.6970
G1 X116.062 Y86.080 E213.7158
G1 X116.062 Y85.515 E213.7346
G1 X116.062 Y84.949 E213.7534
G1 X116.062 Y84.383 E213.7721
G1 X116.062 Y83.818 E213.7909
G1 X116.086 Y83.276 E213.8097
G1 X115.862 Y82.769 E213.8281
G0 F4200 X115.862 Y82.203
G1 F3000 X116.462 Y82.804 E213.8564
G1 F3000 E208.8564
G1 F900 Z2.100
G0 F4200 X116.262 Y82.038
G1 F900 Z1.800
G1 F1500 E213.8564
G1 F3000 X116.062 Y81.555 E213.8752
G1 X116.062 Y80.989 E213.8939
G1 X116.062 Y80.423 E213.9128
G1 X116.062 Y79.858 E213.9316
G1 X116.062 Y79.292 E213.9503
G1 X116.062 Y78.726 E213.9692
G1 X116.062 Y78.161 E213.9879
G1 X116.062 Y77.595 E214.0067
G1 X116.062 Y77.029 E214.0256
G1 X116.062 Y76.464 E214.0443
G1 X116.062 Y75.898 E214.0631
G1 X115.995 Y75.549 E214.0749
G1 F3000 E209.0749
G1 F900 Z2.100
G0 F4200 X117.671 Y82.599
;TYPE:SOLID-FILL
;WIDTH:0.400
G1 F900 Z1.800
G1 F1500 E214.0749
G1 F2700 X118.150 Y83.077 E214.0974
G1 X118.018 Y83.138 E214.1023
G1 X117.645 Y83.138 E214.1147
G1 X117.106 Y82.599 E214.1400
G1 X116.542 Y82.598 E214.1588
G1 X116.542 Y82.601 E214.1589
G1 X116.726 Y82.785 E214.1676
G0 F2700 X117.079 Y83.138
G1 F3000 E209.1676
G1 F900 Z2.100
G0 F4200 X118.019 Y82.599
G1 F900 Z1.800
G1 F1500 E214.1676
G1 F2700 X118.419 Y82.780 E214.1822
G1 F3000 E209.1822
G1 F900 Z2.100
G0 F4200 X116.997 Y83.338
;TYPE:SOLID-FILL
;WIDTH:0.400
G1 F900 Z1.800
G1 F1500 E214.1822
G1 F3000 X116.684 Y83.308 E214.1850
G1 X116.341 Y83.249 E214.1965
G1 F3000 E209.1965
G1 F900 Z2.100
G0 F4200 X123.781 Y90.287
;TYPE:WALL-INNER
;WIDTH:0.400
G1 F900 Z1.800
G1 F1500 E214.1965
G1 F2700 X123.696 Y90.158 E214.2017
G1 X123.663 Y89.977 E214.2078
G1 X123.663 Y75.760 E214.6806
G1 X123.696 Y75.579 E214.6868
G1 X123.781 Y75.451 E214.6919
G1 X123.912 Y75.364 E214.6971
G1 X123.985 Y75.341 E214.6997
G1 X124.140 Y75.341 E214.7048
G1 X124.283 Y75.402 E214.7100
G1 X124.392 Y75.509 E214.7151
G1 X124.452 Y75.656 E214.7203
G1 X124.463 Y75.762 E214.7239
G1 X124.463 Y82.319 E214.9420
G1 X126.082 Y82.319 E214.9958
G1 X127.145 Y82.805 E215.0347
G1 X127.145 Y82.933 E215.0390
G1 X126.082 Y83.419 E215.0778
G1 X124.463 Y83.419 E215.1317
G1 X124.463 Y89.976 E215.3498
G1 X124.454 Y90.062 E215.3526
G1 X124.343 Y90.287 E215.3610
G1 X124.245 Y90.352 E215.3649
G0 F2700 X124.214 Y90.373
G0 F2700 X124.086 Y90.401
G0 F2700 X123.892 Y90.363
G0 F2700 X123.781 Y90.287
G1 F3000 E210.3649
G0 F4200 X123.497 Y90.571
;TYPE:WALL-OUTER
;WIDTH:0.400
G1 F900 Z1.800
G1 F1500 E215.3649
G1 F2700 X123.398 Y90.450 E215.3701
G1 X123.325 Y90.312 E215.3753
G1 X123.279 Y90.162 E215.3805
G1 X123.263 Y89.996 E215.3861
G1 X123.263 Y75.741 E215.8602
G1 X123.279 Y75.575 E215.8657
G1 X123.325 Y75.426 E215.8709
G1 X123.398 Y75.287 E215.8761
G1 X123.497 Y75.166 E215.8813
G1 X123.619 Y75.067 E215.8866
G1 X123.757 Y74.993 E215.8918
G1 X123.906 Y74.947 E215.8970
G1 X124.063 Y74.932 E215.9022
G1 X124.219 Y74.947 E215.9074
G1 X124.368 Y74.993 E215.9126
G1 X124.506 Y75.067 E215.9178
G1 X124.628 Y75.166 E215.9230
G1 X124.727 Y75.287 E215.9282
G1 X124.800 Y75.426 E215.9335
G1 X124.846 Y75.576 E215.9387
G1 X124.863 Y75.741 E215.9442
G1 X124.863 Y81.919 E216.1497
G1 X126.169 Y81.919 E216.1931
G1 X127.566 Y82.558 E216.2442
G1 X127.704 Y82.717 E216.2512
G1 X127.734 Y82.871 E216.2564
G1 X127.711 Y82.998 E216.2607
G1 X127.676 Y83.070 E216.2634
G1 X127.566 Y83.180 E216.2686
G1 X126.169 Y83.819 E216.3196
G1 X124.863 Y83.819 E216.3631
G1 X124.863 Y89.996 E216.5685
G1 X124.846 Y90.162 E216.5741
G1 X124.724 Y90.453 E216.5846
G1 X124.628 Y90.571 E216.5896
G1 X124.506 Y90.671 E216.5949
G1 X124.368 Y90.744 E216.6001
G1 X124.219 Y90.790 E216.6053
G1 X124.067 Y90.805 E216.6103
G1 X123.941 Y90.780 E216.6146
G0 F2700 X123.757 Y90.744
G0 F2700 X123.619 Y90.671
G0 F2700 X123.497 Y90.571
G1 F3000 E211.6146
G0 F4200 X124.249 Y90.025
;TYPE:SOLID-FILL
;WIDTH:0.400
G1 F900 Z1.800
G1 F1500 E216.6146
G1 F3000 X124.061 Y89.555 E216.6328
G1 X124.061 Y88.989 E216.6517
G1 X124.061 Y88.423 E216.6705
G1 X124.061 Y87.857 E216.6893
G1 X124.061 Y87.292 E216.7081
G1 X124.061 Y86.726 E216.7269
G1 X124.061 Y86.160 E216.7458
G1 X124.061 Y85.595 E216.7646
G1 X124.061 Y85.029 E216.7834
G1 X124.061 Y84.463 E216.8022
G1 X124.061 Y83.898 E216.8210
G1 X124.061 Y83.332 E216.8399
G1 X123.861 Y82.849 E216.8573
G0 F4200 X123.861 Y82.283
G1 F3000 X124.462 Y82.884 E216.8855
G1 F3000 E211.8855
G1 F900 Z2.100
G0 F4200 X124.261 Y82.118
G1 F900 Z1.800
G1 F1500 E216.8855
G1 F3000 X124.061 Y81.635 E216.9043
G1 X124.061 Y81.069 E216.9231
G1 X124.061 Y80.503 E216.9419
G1 X124.061 Y79.938 E216.9607
G1 X124.061 Y79.372 E216.9795
G1 X124.061 Y78.806 E216.9983
G1 X124.061 Y78.241 E217.0171
G1 X124.061 Y77.675 E217.0359
G1 X124.061 Y77.109 E217.0546
G1 X124.061 Y76.544 E217.0734
G1 X124.061 Y75.978 E217.0922
G1 X123.948 Y75.581 E217.1059
G1 F3000 E212.1059
G1 F900 Z2.100
G0 F4200 X125.591 Y82.599
;TYPE:SOLID-FILL
;WIDTH:0.400
G1 F900 Z1.800
G1 F1500 E217.1059
G1 F2700 X126.095 Y83.103 E217.1297
G1 X126.019 Y83.138 E217.1324
G1 X125.565 Y83.138 E217.1475
G1 X125.025 Y82.599 E217.1729
G1 X124.542 Y82.599 E217.1890
G1 X124.542 Y82.681 E217.1917
G1 X124.646 Y82.785 E217.1966
G0 F2700 X124.999 Y83.138
G1 F3000 E212.1966
G1 F900 Z2.100
G0 F4200 X126.019 Y82.598
G1 F900 Z1.800
G1 F1500 E217.1966
G1 F2700 X126.036 Y82.606 E217.1972
G0 F2700 X126.273 Y82.715
G0 F2700 X126.442 Y82.884
G0 F4200 X125.732 Y82.457
;TYPE:SOLID-FILL
;WIDTH:0.400
G1 F3000 X125.674 Y82.399 E217.1999
G1 F3000 E212.1999
G1 F900 Z2.100
G0 F4200 X124.857 Y83.279
G1 F900 Z1.800
G1 F1500 E217.1999
G1 F3000 X124.916 Y83.338 E217.2027
G1 F3000 E212.2027
G1 F900 Z2.100
G0 F4200 X131.781 Y90.287
;TYPE:WALL-INNER
;WIDTH:0.400
G1 F900 Z1.800
G1 F1500 E217.2027
G1 F2700 X131.696 Y90.158 E217.2079
G1 X131.663 Y89.977 E217.2140
G1 X131.663 Y75.760 E217.6868
G1 X131.696 Y75.579 E217.6930
G1 X131.781 Y75.451 E217.6981
G1 X131.912 Y75.364 E217.7033
G1 X131.985 Y75.341 E217.7058
G1 X132.140 Y75.341 E217.7110
G1 X132.283 Y75.402 E217.7162
G1 X132.392 Y75.509 E217.7213
G1 X132.452 Y75.656 E217.7265
G1 X132.463 Y75.762 E217.7301
G1 X132.463 Y82.319 E217.9482
G1 X134.082 Y82.319 E218.0020
G1 X135.145 Y82.805 E218.0409
G1 X135.145 Y82.933 E218.0451
G1 X134.082 Y83.419 E218.0840
G1 X132.463 Y83.419 E218.1379
G1 X132.463 Y89.976 E218.3560
G1 X132.454 Y90.062 E218.3588
G1 X132.343 Y90.287 E218.3672
G1 X132.245 Y90.352 E218.3711
G0 F2700 X132.214 Y90.373
G0 F2700 X132.086 Y90.401
G0 F2700 X131.892 Y90.363
G0 F2700 X131.781 Y90.287
G1 F3000 E213.3711
G0 F4200 X131.497 Y90.571
;TYPE:WALL-OUTER
;WIDTH:0.400
G1 F900 Z1.800
G1 F1500 E218.3711
G1 F2700 X131.398 Y90.450 E218.3763
G1 X131.325 Y90.312 E218.3815
G1 X131.279 Y90.162 E218.3867
G1 X131.263 Y89.996 E218.3922
G1 X131.263 Y75.741 E218.8664
G1 X131.279 Y75.575 E218.8719
G1 X131.325 Y75.426 E218.8771
G1 X131.398 Y75.287 E218.8823
G1 X131.497 Y75.166 E218.8875
G1 X131.619 Y75.067 E218.8927
G1 X131.757 Y74.993 E218.8980
G1 X131.906 Y74.947 E218.9031
G1 X132.063 Y74.932 E218.9084
G1 X132.219 Y74.947 E218.9136
G1 X132.368 Y74.993 E218.9188
G1 X132.506 Y75.067 E218.9240
G1 X132.628 Y75.166 E218.9292
G1 X132.727 Y75.287 E218.9344
G1 X132.800 Y75.426 E218.9396
G1 X132.846 Y75.576 E218.9449
G1 X132.863 Y75.741 E218.9504
G1 X132.863 Y81.919 E219.1559
G1 X134.169 Y81.919 E219.1993
G1 X135.566 Y82.558 E219.2504
G1 X135.704 Y82.717 E219.2574
G1 X135.734 Y82.871 E219.2626
G1 X135.711 Y82.998 E219.2669
G1 X135.676 Y83.070 E219.2696
G1 X135.566 Y83.180 E219.2747
G1 X134.169 Y83.819 E219.3258
G1 X132.863 Y83.819 E219.3693
G1 X132.863 Y89.996 E219.5747
G1 X132.846 Y90.162 E219.5803
G1 X132.724 Y90.453 E219.5908
G1 X132.628 Y90.571 E219.5958
G1 X132.506 Y90.671 E219.6011
G1 X132.368 Y90.744 E219.6063
G1 X132.219 Y90.790 E219.6115
G1 X132.067 Y90.805 E219.6165
G1 X131.941 Y90.780 E219.6208
G0 F2700 X131.757 Y90.744
G0 F2700 X131.619 Y90.671
G0 F2700 X131.497 Y90.571
G1 F3000 E214.6208
G0 F4200 X132.222 Y90.079
;TYPE:SOLID-FILL
;WIDTH:0.400
G1 F900 Z1.800
G1 F1500 E219.6208
G1 F3000 X132.061 Y89.635 E219.6378
G1 X132.061 Y89.069 E219.6566
G1 X132.061 Y88.504 E219.6754
G1 X132.061 Y87.938 E219.6942
G1 X132.061 Y87.372 E219.7130
G1 X132.061 Y86.806 E219.7319
G1 X132.061 Y86.241 E219.7507
G1 X132.061 Y85.675 E219.7695
G1 X132.061 Y85.109 E219.7883
G1 X132.061 Y84.544 E219.8071
G1 X132.061 Y83.978 E219.8259
G1 X132.061 Y83.412 E219.8447
G1 X131.861 Y82.930 E219.8621
G0 F4200 X131.861 Y82.364
G1 F3000 X132.462 Y82.964 E219.8904
G1 F3000 E214.8904
G1 F900 Z2.100
G0 F4200 X132.262 Y82.199
G1 F900 Z1.800
G1 F1500 E219.8904
G1 F3000 X132.061 Y81.715 E219.9092
G1 X132.061 Y81.150 E219.9280
G1 X132.061 Y80.584 E219.9468
G1 X132.061 Y80.018 E219.9656
G1 X132.061 Y79.453 E219.9844
G1 X132.061 Y78.887 E220.0032
G1 X132.061 Y78.321 E220.0221
G1 X132.061 Y77.756 E220.0409
G1 X132.061 Y77.190 E220.0597
G1 X132.061 Y76.624 E220.0785
G1 X132.061 Y76.058 E220.0973
G1 X131.907 Y75.622 E220.1127
G1 F3000 E215.1127
G1 F900 Z2.100
G0 F4200 X133.510 Y82.599
;TYPE:SOLID-FILL
;WIDTH:0.400
G1 F900 Z1.800
G1 F1500 E220.1127
G1 F2700 X134.040 Y83.128 E220.1376
G1 X134.019 Y83.138 E220.1384
G1 X133.484 Y83.138 E220.1562
G1 X132.945 Y82.599 E220.1815
G1 X132.542 Y82.599 E220.1949
G1 X132.542 Y82.761 E220.2003
G1 X132.566 Y82.785 E220.2015
G0 F2700 X132.919 Y83.138
G1 F3000 E215.2015
G1 F900 Z2.100
G0 F4200 X134.019 Y82.598
G1 F900 Z1.800
G1 F1500 E220.2015
G1 F2700 X134.062 Y82.618 E220.2030
G0 F2700 X134.124 Y82.646
G0 F2700 X134.429 Y82.952
G0 F4200 X133.651 Y82.457
;TYPE:SOLID-FILL
;WIDTH:0.400
G1 F3000 X133.593 Y82.399 E220.2058
G1 F3000 E215.2058
G1 F900 Z2.100
G0 F4200 X132.776 Y83.279
G1 F900 Z1.800
G1 F1500 E220.2058
G1 F3000 X132.836 Y83.338 E220.2086
;LAYER:9
;Z:2.000
;HEIGHT:0.200
G1 F3000 E215.2086
G0 F900 Z2.000
G0 F4200 X131.781 Y90.287
;TYPE:WALL-INNER
;WIDTH:0.400
G1 F900 Z2.000
G1 F1500 E220.2086
G1 F2700 X131.696 Y90.158 E220.2137
G1 X131.663 Y89.977 E220.2198
G1 X131.663 Y75.760 E220.6927
G1 X131.696 Y75.579 E220.6988
G1 X131.781 Y75.451 E220.7039
G1 X131.912 Y75.364 E220.7091
G1 X131.985 Y75.341 E220.7117
G1 X132.140 Y75.341 E220.7168
G1 X132.283 Y75.402 E220.7220
G1 X132.392 Y75.509 E220.7271
G1 X132.452 Y75.656 E220.7324
G1 X132.463 Y75.762 E220.7359
G1 X132.463 Y82.319 E220.9540
G1 X134.082 Y82.319 E221.0079
G1 X135.145 Y82.805 E221.0467
G1 X135.145 Y82.933 E221.0510
G1 X134.082 Y83.419 E221.0899
G1 X132.463 Y83.419 E221.1437
G1 X132.463 Y89.976 E221.3618
G1 X132.454 Y90.062 E221.3647
G1 X132.378 Y90.246 E221.3713
G1 X132.344 Y90.287 E221.3731
G1 X132.245 Y90.352 E221.3770
G0 F2700 X132.214 Y90.373
G0 F2700 X132.086 Y90.401
G0 F2700 X131.892 Y90.363
G0 F2700 X131.781 Y90.287
G1 F3000 E216.3770
G0 F4200 X131.497 Y90.571
;TYPE:WALL-OUTER
;WIDTH:0.400
G1 F900 Z2.000
G1 F1500 E221.3770
G1 F2700 X131.398 Y90.450 E221.3822
G1 X131.325 Y90.312 E221.3874
G1 X131.279 Y90.162 E221.3926
G1 X131.263 Y89.996 E221.3982
G1 X131.263 Y75.741 E221.8723
G1 X131.279 Y75.575 E221.8778
G1 X131.325 Y75.426 E221.8830
G1 X131.398 Y75.287 E221.8882
G1 X131.497 Y75.166 E221.8934
G1 X131.619 Y75.067 E221.8987
G1 X131.757 Y74.993 E221.9039
G1 X131.906 Y74.947 E221.9091
G1 X132.063 Y74.932 E221.9143
G1 X132.219 Y74.947 E221.9195
G1 X132.368 Y74.993 E221.9247
G1 X132.506 Y75.067 E221.9299
G1 X132.628 Y75.166 E221.9351
G1 X132.727 Y75.287 E221.9403
G1 X132.800 Y75.426 E221.9456
G1 X132.846 Y75.576 E221.9508
G1 X132.863 Y75.741 E221.9563
G1 X132.863 Y81.919 E222.1618
G1 X134.169 Y81.919 E222.2052
G1 X135.566 Y82.558 E222.2563
G1 X135.704 Y82.717 E222.2633
G1 X135.734 Y82.871 E222.2685
G1 X135.712 Y82.996 E222.2727
G1 X135.676 Y83.070 E222.2755
G1 X135.566 Y83.180 E222.2807
G1 X134.169 Y83.819 E222.3318
G1 X132.863 Y83.819 E222.3752
G1 X132.863 Y89.996 E222.5806
G1 X132.846 Y90.162 E222.5862
G1 X132.724 Y90.454 E222.5967
G1 X132.628 Y90.571 E222.6017
G1 X132.506 Y90.671 E222.6070
G1 X132.368 Y90.744 E222.6122
G1 X132.219 Y90.790 E222.6174
G1 X132.067 Y90.805 E222.6225
G1 X131.941 Y90.780 E222.6267
G0 F2700 X131.757 Y90.744
G0 F2700 X131.619 Y90.671
G0 F2700 X131.497 Y90.571
G1 F3000 E217.6267
G0 F4200 X131.910 Y90.120
;TYPE:SOLID-FILL
;WIDTH:0.400
G1 F900 Z2.000
G1 F1500 E222.6267
G1 F3000 X132.062 Y89.686 E222.6433
G1 X132.062 Y89.120 E222.6621
G1 X132.062 Y88.554 E222.6808
G1 X132.062 Y87.989 E222.6996
G1 X132.062 Y87.423 E222.7184
G1 X132.062 Y86.857 E222.7371
G1 X132.062 Y86.292 E222.7559
G1 X132.062 Y85.726 E222.7747
G1 X132.062 Y85.160 E222.7934
G1 X132.062 Y84.594 E222.8122
G1 X132.062 Y84.029 E222.8309
G1 X132.262 Y83.546 E222.8483
G0 F4200 X131.862 Y83.380
G1 F3000 X132.462 Y82.780 E222.8765
G0 F4200 X132.262 Y82.415
G1 F3000 X131.862 Y82.531 E222.8953
G1 X132.062 Y81.766 E222.9141
G1 X132.062 Y81.200 E222.9328
G1 X132.062 Y80.635 E222.9516
G1 X132.062 Y80.069 E222.9704
G1 X132.062 Y79.503 E222.9891
G1 X132.062 Y78.938 E223.0079
G1 X132.062 Y78.372 E223.0267
G1 X132.062 Y77.806 E223.0454
G1 X132.062 Y77.241 E223.0642
G1 X132.062 Y76.675 E223.0830
G1 X132.062 Y76.109 E223.1017
G1 X132.234 Y75.654 E223.1179
G1 F3000 E218.1179
G1 F900 Z2.300
G0 F4200 X132.927 Y82.598
;TYPE:SOLID-FILL
;WIDTH:0.400
G1 F900 Z2.000
G1 F1500 E223.1179
G1 F2700 X132.542 Y82.983 E223.1360
G1 X132.542 Y83.139 E223.1412
G1 X132.952 Y83.139 E223.1549
G1 X133.140 Y82.951 E223.1637
G0 F2700 X133.493 Y82.598
G0 F4200 X134.019 Y82.598
G1 F2700 X134.046 Y82.610 E223.1647
G1 X133.518 Y83.139 E223.1895
G1 X134.019 Y83.138 E223.2062
G1 X134.065 Y83.117 E223.2079
G0 F2700 X134.138 Y83.085
G0 F2700 X134.435 Y82.788
G1 F3000 E218.2079
G1 F900 Z2.300
G0 F4200 X133.975 Y82.399
;TYPE:SOLID-FILL
;WIDTH:0.400
G1 F900 Z2.000
G1 F1500 E223.2079
G1 F3000 X133.656 Y82.434 E223.2112
G1 X133.097 Y82.428 E223.2139
G1 X132.785 Y82.457 E223.2243
G1 F3000 E218.2243
G1 F900 Z2.300
G0 F4200 X123.781 Y90.287
;TYPE:WALL-INNER
;WIDTH:0.400
G1 F900 Z2.000
G1 F1500 E223.2243
G1 F2700 X123.696 Y90.158 E223.2294
G1 X123.663 Y89.977 E223.2355
G1 X123.663 Y75.760 E223.7084
G1 X123.696 Y75.579 E223.7145
G1 X123.781 Y75.451 E223.7196
G1 X123.912 Y75.364 E223.7249
G1 X123.985 Y75.341 E223.7274
G1 X124.140 Y75.341 E223.7326
G1 X124.283 Y75.402 E223.7377
G1 X124.392 Y75.509 E223.7428
G1 X124.452 Y75.656 E223.7481
G1 X124.463 Y75.762 E223.7516
G1 X124.463 Y82.319 E223.9697
G1 X126.082 Y82.319 E224.0236
G1 X127.145 Y82.805 E224.0624
G1 X127.145 Y82.933 E224.0667
G1 X126.082 Y83.419 E224.1056
G1 X124.463 Y83.419 E224.1594
G1 X124.463 Y89.976 E224.3775
G1 X124.454 Y90.062 E224.3804
G1 X124.378 Y90.246 E224.3870
G1 X124.344 Y90.287 E224.3888
G1 X124.245 Y90.352 E224.3927
G0 F2700 X124.214 Y90.373
G0 F2700 X124.086 Y90.401
G0 F2700 X123.892 Y90.363
G0 F2700 X123.781 Y90.287
G1 F3000 E219.3927
G0 F4200 X123.497 Y90.571
;TYPE:WALL-OUTER
;WIDTH:0.400
G1 F900 Z2.000
G1 F1500 E224.3927
G1 F2700 X123.398 Y90.450 E224.3979
G1 X123.325 Y90.312 E224.4031
G1 X123.279 Y90.162 E224.4083
G1 X123.263 Y89.996 E224.4139
G1 X123.263 Y75.741 E224.8880
G1 X123.279 Y75.575 E224.8935
G1 X123.325 Y75.426 E224.8987
G1 X123.398 Y75.287 E224.9040
G1 X123.497 Y75.166 E224.9092
G1 X123.619 Y75.067 E224.9144
G1 X123.757 Y74.993 E224.9196
G1 X123.906 Y74.947 E224.9248
G1 X124.063 Y74.932 E224.9300
G1 X124.219 Y74.947 E224.9352
G1 X124.368 Y74.993 E224.9404
G1 X124.506 Y75.067 E224.9456
G1 X124.628 Y75.166 E224.9509
G1 X124.727 Y75.287 E224.9561
G1 X124.800 Y75.426 E224.9613
G1 X124.846 Y75.576 E224.9665
G1 X124.863 Y75.741 E224.9720
G1 X124.863 Y81.919 E225.1775
G1 X126.169 Y81.919 E225.2209
G1 X127.566 Y82.558 E225.2720
G1 X127.704 Y82.717 E225.2790
G1 X127.734 Y82.871 E225.2842
G1 X127.712 Y82.996 E225.2885
G1 X127.676 Y83.070 E225.2912
G1 X127.566 Y83.180 E225.2964
G1 X126.169 Y83.819 E225.3475
G1 X124.863 Y83.819 E225.3909
G1 X124.863 Y89.996 E225.5964
G1 X124.846 Y90.162 E225.6019
G1 X124.724 Y90.454 E225.6124
G1 X124.628 Y90.571 E225.6175
G1 X124.506 Y90.671 E225.6227
G1 X124.368 Y90.744 E225.6279
G1 X124.219 Y90.790 E225.6331
G1 X124.067 Y90.805 E225.6382
G1 X123.941 Y90.780 E225.6424
G0 F2700 X123.757 Y90.744
G0 F2700 X123.619 Y90.671
G0 F2700 X123.497 Y90.571
G1 F3000 E220.6424
G0 F4200 X123.950 Y90.161
;TYPE:SOLID-FILL
;WIDTH:0.400
G1 F900 Z2.000
G1 F1500 E225.6424
G1 F3000 X124.061 Y89.766 E225.6571
G1 X124.061 Y89.201 E225.6758
G1 X124.061 Y88.635 E225.6946
G1 X124.061 Y88.069 E225.7133
G1 X124.061 Y87.504 E225.7320
G1 X124.061 Y86.938 E225.7508
G1 X124.061 Y86.372 E225.7695
G1 X124.061 Y85.806 E225.7882
G1 X124.061 Y85.241 E225.8070
G1 X124.061 Y84.675 E225.8257
G1 X124.061 Y84.109 E225.8444
G1 X124.261 Y83.627 E225.8618
G0 F4200 X123.862 Y83.461
G1 F3000 X124.462 Y82.861 E225.8900
G0 F4200 X124.261 Y82.496
G1 F3000 X123.862 Y82.612 E225.9088
G1 X124.061 Y81.847 E225.9275
G1 X124.061 Y81.281 E225.9462
G1 X124.061 Y80.715 E225.9650
G1 X124.061 Y80.150 E225.9837
G1 X124.061 Y79.584 E226.0024
G1 X124.061 Y79.018 E226.0212
G1 X124.061 Y78.453 E226.0399
G1 X124.061 Y77.887 E226.0587
G1 X124.061 Y77.321 E226.0774
G1 X124.061 Y76.756 E226.0961
G1 X124.061 Y76.190 E226.1149
G1 X124.255 Y75.714 E226.1320
G1 F3000 E221.1320
G1 F900 Z2.300
G0 F4200 X125.007 Y82.598
;TYPE:SOLID-FILL
;WIDTH:0.400
G1 F900 Z2.000
G1 F1500 E226.1320
G1 F2700 X124.542 Y83.063 E226.1538
G1 X124.542 Y83.138 E226.1563
G1 X125.033 Y83.138 E226.1727
G1 X125.220 Y82.951 E226.1815
G0 F2700 X125.573 Y82.598
G0 F4200 X126.019 Y82.598
G1 F2700 X126.101 Y82.636 E226.1845
G1 X125.599 Y83.138 E226.2081
G1 X126.019 Y83.138 E226.2220
G1 X126.031 Y83.132 E226.2225
G0 F2700 X126.286 Y83.017
G0 F2700 X126.442 Y82.861
G1 F3000 E221.2225
G1 F900 Z2.300
G0 F4200 X126.055 Y82.399
;TYPE:SOLID-FILL
;WIDTH:0.400
G1 F900 Z2.000
G1 F1500 E226.2225
G1 F3000 X125.724 Y82.447 E226.2270
G1 X125.177 Y82.428 E226.2296
G1 X124.865 Y82.457 E226.2401
G1 F3000 E221.2401
G1 F900 Z2.300
G0 F4200 X115.892 Y90.363
;TYPE:WALL-INNER
;WIDTH:0.400
G1 F900 Z2.000
G1 F1500 E226.2401
G1 F2700 X115.781 Y90.287 E226.2445
G1 X115.696 Y90.158 E226.2497
G1 X115.663 Y89.977 E226.2558
G1 X115.663 Y75.760 E226.7287
G1 X115.696 Y75.579 E226.7348
G1 X115.781 Y75.451 E226.7399
G1 X115.912 Y75.364 E226.7451
G1 X115.985 Y75.341 E226.7477
G1 X116.140 Y75.341 E226.7528
G1 X116.283 Y75.402 E226.7580
G1 X116.392 Y75.509 E226.7631
G1 X116.452 Y75.656 E226.7684
G1 X116.463 Y75.762 E226.7719
G1 X116.463 Y82.319 E226.9900
G1 X118.082 Y82.319 E227.0438
G1 X119.145 Y82.805 E227.0827
G1 X119.145 Y82.933 E227.0870
G1 X118.082 Y83.419 E227.1258
G1 X116.463 Y83.419 E227.1797
G1 X116.463 Y89.976 E227.3978
G1 X116.454 Y90.062 E227.4007
G1 X116.378 Y90.246 E227.4073
G1 X116.354 Y90.274 E227.4085
G0 F2700 X116.344 Y90.287
G0 F2700 X116.214 Y90.373
G0 F2700 X116.086 Y90.401
G0 F2700 X115.892 Y90.363
G1 F3000 E222.4085
G0 F4200 X115.757 Y90.744
;TYPE:WALL-OUTER
;WIDTH:0.400
G1 F900 Z2.000
G1 F1500 E227.4085
G1 F2700 X115.619 Y90.671 E227.4137
G1 X115.497 Y90.571 E227.4189
G1 X115.398 Y90.450 E227.4241
G1 X115.325 Y90.312 E227.4293
G1 X115.279 Y90.162 E227.4345
G1 X115.263 Y89.996 E227.4401
G1 X115.263 Y75.741 E227.9142
G1 X115.279 Y75.575 E227.9198
G1 X115.325 Y75.426 E227.9250
G1 X115.398 Y75.287 E227.9302
G1 X115.497 Y75.166 E227.9354
G1 X115.619 Y75.067 E227.9406
G1 X115.757 Y74.993 E227.9458
G1 X115.906 Y74.947 E227.9510
G1 X116.063 Y74.932 E227.9562
G1 X116.219 Y74.947 E227.9615
G1 X116.368 Y74.993 E227.9666
G1 X116.506 Y75.067 E227.9718
G1 X116.628 Y75.166 E227.9771
G1 X116.727 Y75.287 E227.9823
G1 X116.800 Y75.426 E227.9875
G1 X116.846 Y75.576 E227.9927
G1 X116.863 Y75.741 E227.9982
G1 X116.863 Y81.919 E228.2037
G1 X118.169 Y81.919 E228.2471
G1 X119.566 Y82.558 E228.2982
G1 X119.704 Y82.717 E228.3052
G1 X119.734 Y82.871 E228.3105
G1 X119.712 Y82.996 E228.3147
G1 X119.676 Y83.070 E228.3174
G1 X119.566 Y83.180 E228.3226
G1 X118.169 Y83.819 E228.3737
G1 X116.863 Y83.819 E228.4171
G1 X116.863 Y89.996 E228.6226
G1 X116.846 Y90.162 E228.6281
G1 X116.724 Y90.454 E228.6387
G1 X116.628 Y90.571 E228.6437
G1 X116.506 Y90.671 E228.6489
G1 X116.368 Y90.744 E228.6541
G1 X116.250 Y90.781 E228.6582
G0 F2700 X116.219 Y90.790
G0 F2700 X116.067 Y90.805
G0 F2700 X115.757 Y90.744
G1 F3000 E223.6582
G0 F4200 X116.009 Y90.182
;TYPE:SOLID-FILL
;WIDTH:0.400
G1 F900 Z2.000
G1 F1500 E228.6582
G1 F3000 X116.062 Y89.846 E228.6701
G1 X116.062 Y89.281 E228.6889
G1 X116.062 Y88.715 E228.7077
G1 X116.062 Y88.149 E228.7265
G1 X116.062 Y87.584 E228.7453
G1 X116.062 Y87.018 E228.7641
G1 X116.062 Y86.452 E228.7829
G1 X116.062 Y85.887 E228.8017
G1 X116.062 Y85.321 E228.8204
G1 X116.062 Y84.755 E228.8392
G1 X116.062 Y84.189 E228.8580
G1 X116.262 Y83.707 E228.8754
G0 F4200 X115.862 Y83.541
G1 F3000 X116.462 Y82.941 E228.9036
G0 F4200 X116.319 Y82.518
G1 F3000 X115.862 Y82.693 E228.9251
G1 X116.061 Y81.927 E228.9439
G1 X116.061 Y81.362 E228.9626
G1 X116.061 Y80.796 E228.9814
G1 X116.061 Y80.230 E229.0001
G1 X116.061 Y79.665 E229.0188
G1 X116.061 Y79.099 E229.0376
G1 X116.061 Y78.533 E229.0563
G1 X116.061 Y77.967 E229.0750
G1 X116.061 Y77.402 E229.0938
G1 X116.061 Y76.836 E229.1125
G1 X116.061 Y76.270 E229.1312
G1 X116.261 Y75.788 E229.1486
G1 F3000 E224.1486
G1 F900 Z2.300
G0 F4200 X117.088 Y82.598
;TYPE:SOLID-FILL
;WIDTH:0.400
G1 F900 Z2.000
G1 F1500 E229.1486
G1 F2700 X116.548 Y83.138 E229.1740
G1 X117.113 Y83.138 E229.1928
G1 X117.300 Y82.951 E229.2016
G0 F2700 X117.654 Y82.598
G0 F4200 X118.019 Y82.599
G1 F2700 X118.156 Y82.661 E229.2066
G1 X117.679 Y83.138 E229.2290
G1 X117.974 Y83.138 E229.2388
G0 F2700 X118.018 Y83.138
G0 F2700 X118.434 Y82.949
G1 F3000 E224.2388
G1 F900 Z2.300
G0 F4200 X118.014 Y82.520
;TYPE:SOLID-FILL
;WIDTH:0.400
G1 F900 Z2.000
G1 F1500 E229.2388
G1 F3000 X117.827 Y82.424 E229.2421
G1 X117.259 Y82.427 E229.2448
G1 X116.692 Y82.427 E229.2475
G1 X116.342 Y82.496 E229.2594
G1 F3000 E224.2594
G1 F900 Z2.300
G0 F4200 X107.892 Y90.363
;TYPE:WALL-INNER
;WIDTH:0.400
G1 F900 Z2.000
G1 F1500 E229.2594
G1 F2700 X107.781 Y90.287 E229.2639
G1 X107.696 Y90.158 E229.2690
G1 X107.663 Y89.977 E229.2751
G1 X107.663 Y75.760 E229.7480
G1 X107.696 Y75.579 E229.7541
G1 X107.781 Y75.451 E229.7592
G1 X107.912 Y75.364 E229.7644
G1 X107.985 Y75.341 E229.7670
G1 X108.140 Y75.341 E229.7721
G1 X108.283 Y75.402 E229.7773
G1 X108.392 Y75.509 E229.7824
G1 X108.452 Y75.656 E229.7877
G1 X108.463 Y75.762 E229.7912
G1 X108.463 Y82.319 E230.0093
G1 X110.082 Y82.319 E230.0631
G1 X111.145 Y82.805 E230.1020
G1 X111.145 Y82.933 E230.1063
G1 X110.082 Y83.419 E230.1452
G1 X108.463 Y83.419 E230.1990
G1 X108.463 Y89.976 E230.4171
G1 X108.454 Y90.062 E230.4200
G1 X108.378 Y90.246 E230.4266
G1 X108.354 Y90.274 E230.4278
G0 F2700 X108.344 Y90.287
G0 F2700 X108.214 Y90.373
G0 F2700 X108.086 Y90.401
G0 F2700 X107.892 Y90.363
G1 F3000 E225.4278
G0 F4200 X107.757 Y90.744
;TYPE:WALL-OUTER
;WIDTH:0.400
G1 F900 Z2.000
G1 F1500 E230.4278
G1 F2700 X107.619 Y90.671 E230.4330
G1 X107.497 Y90.571 E230.4383
G1 X107.398 Y90.450 E230.4435
G1 X107.325 Y90.312 E230.4486
G1 X107.279 Y90.162 E230.4539
G1 X107.263 Y89.996 E230.4594
G1 X107.263 Y75.741 E230.9335
G1 X107.279 Y75.575 E230.9391
G1 X107.325 Y75.426 E230.9443
G1 X107.398 Y75.287 E230.9495
G1 X107.497 Y75.166 E230.9547
G1 X107.619 Y75.067 E230.9599
G1 X107.757 Y74.993 E230.9651
G1 X107.906 Y74.947 E230.9703
G1 X108.063 Y74.932 E230.9756
G1 X108.219 Y74.947 E230.9808
G1 X108.368 Y74.993 E230.9860
G1 X108.506 Y75.067 E230.9912
G1 X108.628 Y75.166 E230.9964
G1 X108.727 Y75.287 E231.0016
G1 X108.800 Y75.426 E231.0068
G1 X108.846 Y75.576 E231.0120
G1 X108.863 Y75.741 E231.0175
G1 X108.863 Y81.919 E231.2230
G1 X110.169 Y81.919 E231.2665
G1 X111.566 Y82.558 E231.3176
G1 X111.704 Y82.717 E231.3246
G1 X111.734 Y82.871 E231.3298
G1 X111.712 Y82.996 E231.3340
G1 X111.676 Y83.070 E231.3367
G1 X111.566 Y83.180 E231.3419
G1 X110.169 Y83.819 E231.3930
G1 X108.863 Y83.819 E231.4364
G1 X108.863 Y89.996 E231.6419
G1 X108.846 Y90.162 E231.6474
G1 X108.724 Y90.454 E231.6580
G1 X108.628 Y90.571 E231.6630
G1 X108.506 Y90.671 E231.6682
G1 X108.368 Y90.744 E231.6734
G1 X108.250 Y90.781 E231.6776
G0 F2700 X108.219 Y90.790
G0 F2700 X108.067 Y90.805
G0 F2700 X107.757 Y90.744
G1 F3000 E226.6776
G0 F4200 X108.077 Y90.195
;TYPE:SOLID-FILL
;WIDTH:0.400
G1 F900 Z2.000
G1 F1500 E231.6776
G1 F3000 X108.058 Y89.930 E231.6859
G1 X108.062 Y89.361 E231.7047
G1 X108.062 Y88.795 E231.7234
G1 X108.062 Y88.230 E231.7422
G1 X108.062 Y87.664 E231.7609
G1 X108.062 Y87.098 E231.7797
G1 X108.062 Y86.533 E231.7984
G1 X108.062 Y85.967 E231.8172
G1 X108.062 Y85.401 E231.8360
G1 X108.062 Y84.836 E231.8547
G1 X108.062 Y84.270 E231.8735
G1 X108.062 Y83.704 E231.8923
G1 X108.263 Y83.220 E231.9110
G1 X108.431 Y82.770 E231.9202
G1 X107.862 Y82.773 E231.9455
G1 X108.062 Y82.007 E231.9643
G1 X108.062 Y81.441 E231.9830
G1 X108.062 Y80.876 E232.0017
G1 X108.062 Y80.310 E232.0205
G1 X108.062 Y79.744 E232.0393
G1 X108.062 Y79.179 E232.0580
G1 X108.062 Y78.613 E232.0768
G1 X108.062 Y78.047 E232.0955
G1 X108.062 Y77.482 E232.1143
G1 X108.062 Y76.916 E232.1330
G1 X108.062 Y76.350 E232.1518
G1 X108.142 Y75.704 E232.1705
G1 X107.880 Y75.684 E232.1793
G1 F3000 E227.1793
G1 F900 Z2.300
G0 F4200 X108.542 Y82.659
;TYPE:SOLID-FILL
;WIDTH:0.400
G1 F900 Z2.000
G1 F1500 E232.1793
G1 F2700 X108.603 Y82.598 E232.1822
G1 X109.168 Y82.598 E232.2009
G1 X108.627 Y83.139 E232.2264
G1 X109.193 Y83.139 E232.2452
G1 X109.381 Y82.951 E232.2541
G0 F2700 X109.734 Y82.598
G0 F4200 X109.759 Y83.139
G1 F2700 X110.008 Y82.890 E232.2658
G0 F2700 X110.212 Y82.686
G0 F2700 X110.019 Y82.599
G1 F3000 E227.2658
G1 F900 Z2.300
G0 F4200 X109.900 Y83.280
;TYPE:SOLID-FILL
;WIDTH:0.400
G1 F900 Z2.000
G1 F1500 E232.2658
G1 F3000 X109.842 Y83.338 E232.2685
G1 F3000 E227.2685
G1 F900 Z2.300
G0 F4200 X102.034 Y83.269
;TYPE:WALL-INNER
;WIDTH:0.400
G1 F900 Z2.000
G1 F1500 E232.2685
G1 F2700 X90.092 Y83.269 E232.6657
G1 X89.912 Y83.236 E232.6718
G1 X89.781 Y83.149 E232.6770
G1 X89.733 Y83.091 E232.6795
G1 X89.673 Y82.946 E232.6847
G1 X89.671 Y82.811 E232.6892
G1 X89.747 Y82.629 E232.6958
G1 X89.781 Y82.588 E232.6976
G1 X89.911 Y82.502 E232.7027
G1 X89.985 Y82.479 E232.7053
G1 X95.513 Y82.469 E232.8892
G1 X95.513 Y65.849 E233.4420
G1 X96.000 Y64.779 E233.4811
G1 X96.127 Y64.779 E233.4853
G1 X96.612 Y65.848 E233.5243
G1 X96.612 Y82.469 E234.0771
G1 X102.140 Y82.479 E234.2610
G1 X102.283 Y82.539 E234.2662
G1 X102.344 Y82.588 E234.2688
G1 X102.429 Y82.716 E234.2739
G1 X102.460 Y82.869 E234.2791
G1 X102.430 Y83.014 E234.2840
G0 F2700 X102.429 Y83.021
G0 F2700 X102.344 Y83.149
G0 F2700 X102.283 Y83.198
G0 F2700 X102.140 Y83.259
G0 F2700 X102.034 Y83.269
G1 F3000 E229.2840
G0 F4200 X102.053 Y83.669
;TYPE:WALL-OUTER
;WIDTH:0.400
G1 F900 Z2.000
G1 F1500 E234.2840
G1 F2700 X90.073 Y83.669 E234.6825
G1 X89.906 Y83.653 E234.6880
G1 X89.757 Y83.607 E234.6932
G1 X89.619 Y83.533 E234.6984
G1 X89.497 Y83.434 E234.7037
G1 X89.398 Y83.313 E234.7089
G1 X89.325 Y83.174 E234.7141
G1 X89.279 Y83.025 E234.7193
G1 X89.264 Y82.869 E234.7245
G1 X89.279 Y82.713 E234.7297
G1 X89.401 Y82.421 E234.7402
G1 X89.497 Y82.304 E234.7452
G1 X89.619 Y82.204 E234.7505
G1 X89.757 Y82.131 E234.7557
G1 X89.906 Y82.085 E234.7609
G1 X90.073 Y82.069 E234.7665
G1 X95.113 Y82.069 E234.9341
G1 X95.113 Y65.762 E235.4765
G1 X95.749 Y64.364 E235.5275
G1 X95.811 Y64.296 E235.5306
G1 X95.980 Y64.205 E235.5370
G1 X96.135 Y64.205 E235.5421
G1 X96.278 Y64.264 E235.5473
G1 X96.404 Y64.420 E235.5540
G1 X97.012 Y65.762 E235.6030
G1 X97.012 Y82.069 E236.1453
G1 X102.053 Y82.069 E236.3130
G1 X102.219 Y82.085 E236.3185
G1 X102.368 Y82.131 E236.3237
G1 X102.506 Y82.204 E236.3289
G1 X102.628 Y82.304 E236.3342
G1 X102.727 Y82.425 E236.3394
G1 X102.800 Y82.563 E236.3446
G1 X102.846 Y82.714 E236.3498
G1 X102.862 Y82.869 E236.3550
G1 X102.846 Y83.024 E236.3602
G1 X102.800 Y83.174 E236.3654
G1 X102.727 Y83.313 E236.3706
G1 X102.628 Y83.434 E236.3758
G1 X102.523 Y83.519 E236.3803
G0 F2700 X102.506 Y83.533
G0 F2700 X102.368 Y83.607
G0 F2700 X102.219 Y83.653
G0 F2700 X102.053 Y83.669
G1 F3000 E231.3803
G0 F4200 X101.626 Y83.069
;TYPE:SOLID-FILL
;WIDTH:0.400
G1 F900 Z2.000
G1 F1500 E236.3803
G1 F3000 X101.734 Y82.677 E236.3987
G1 X100.974 Y82.873 E236.4171
G1 X100.409 Y82.872 E236.4355
G1 X99.843 Y82.871 E236.4540
G1 X99.279 Y82.871 E236.4725
G1 X98.713 Y82.870 E236.4911
G1 X98.148 Y82.870 E236.5097
G1 X97.583 Y82.869 E236.5284
G1 X96.930 Y82.956 E236.5471
G1 X96.935 Y82.669 E236.5567
G1 F3000 E231.5567
G1 F900 Z2.300
G0 F4200 X96.333 Y82.988
;TYPE:SOLID-FILL
;WIDTH:0.400
G1 F900 Z2.000
G1 F1500 E236.5567
G1 F2700 X96.573 Y82.749 E236.5679
G1 X96.331 Y82.749 E236.5760
G1 X96.331 Y82.425 E236.5868
G1 X95.767 Y82.988 E236.6133
G1 X95.443 Y82.988 E236.6241
G1 X95.443 Y82.749 E236.6320
G1 X95.792 Y82.749 E236.6436
G1 X95.792 Y82.398 E236.6553
G1 X96.331 Y81.859 E236.6806
G1 X96.331 Y81.293 E236.6995
G1 X95.792 Y81.832 E236.7248
G1 X95.792 Y81.267 E236.7436
G1 X96.331 Y80.728 E236.7690
G1 X96.331 Y80.162 E236.7878
G1 X95.792 Y80.701 E236.8131
G1 X95.792 Y80.135 E236.8320
G1 X96.331 Y79.596 E236.8573
G1 X96.331 Y79.031 E236.8761
G1 X95.792 Y79.570 E236.9015
G1 X95.792 Y79.004 E236.9203
G1 X96.331 Y78.465 E236.9456
G1 X96.331 Y77.899 E236.9645
G1 X95.792 Y78.438 E236.9898
G1 X95.792 Y77.872 E237.0086
G1 X96.331 Y77.334 E237.0340
G1 X96.331 Y76.768 E237.0528
G1 X95.792 Y77.307 E237.0781
G1 X95.792 Y76.741 E237.0970
G1 X96.331 Y76.202 E237.1223
G1 X96.331 Y75.637 E237.1411
G1 X95.792 Y76.175 E237.1664
G1 X95.792 Y75.610 E237.1852
G1 X96.331 Y75.071 E237.2106
G1 X96.331 Y74.505 E237.2294
G1 X95.792 Y75.044 E237.2548
G1 X95.792 Y74.478 E237.2736
G1 X96.331 Y73.940 E237.2989
G1 X96.331 Y73.374 E237.3178
G1 X95.792 Y73.913 E237.3431
G1 X95.792 Y73.347 E237.3619
G1 X96.331 Y72.808 E237.3873
G1 X96.331 Y72.242 E237.4061
G1 X95.792 Y72.781 E237.4315
G1 X95.792 Y72.216 E237.4503
G1 X96.331 Y71.677 E237.4756
G1 X96.331 Y71.111 E237.4944
G1 X95.792 Y71.650 E237.5198
G1 X95.792 Y71.084 E237.5386
G1 X96.331 Y70.545 E237.5640
G1 X96.331 Y69.980 E237.5828
G1 X95.792 Y70.519 E237.6081
G1 X95.792 Y69.953 E237.6269
G1 X96.331 Y69.414 E237.6523
G1 X96.331 Y68.848 E237.6711
G1 X95.792 Y69.387 E237.6965
G1 X95.792 Y68.821 E237.7153
G1 X96.331 Y68.283 E237.7406
G1 X96.331 Y67.717 E237.7594
G1 X95.792 Y68.256 E237.7848
G1 X95.792 Y67.690 E237.8036
G1 X96.331 Y67.151 E237.8290
G1 X96.331 Y66.586 E237.8478
G1 X95.792 Y67.124 E237.8731
G1 X95.792 Y66.559 E237.8919
G1 X96.331 Y66.020 E237.9172
G1 X96.331 Y65.908 E237.9210
G1 X96.189 Y65.596 E237.9324
G1 X96.145 Y65.640 E237.9344
G0 F2700 X95.792 Y65.993
G0 F4200 X95.651 Y65.852
;TYPE:SOLID-FILL
;WIDTH:0.400
G1 F3000 X95.592 Y65.910 E237.9372
G1 F3000 E232.9372
G1 F900 Z2.300
G0 F4200 X96.879 Y82.725
G1 F900 Z2.000
G1 F1500 E237.9372
G1 F3000 X96.645 Y82.959 E237.9401
G1 X96.416 Y83.188 E237.9509
G1 F3000 E232.9509
G1 F900 Z2.300
G0 F4200 X95.238 Y82.669
G1 F900 Z2.000
G1 F1500 E237.9509
G1 F3000 X94.754 Y82.869 E237.9697
G1 X94.188 Y82.870 E237.9884
G1 X93.622 Y82.870 E238.0071
G1 X93.056 Y82.871 E238.0257
G1 X92.489 Y82.871 E238.0443
G1 X91.924 Y82.872 E238.0628
G1 X91.357 Y82.872 E238.0813
G1 X90.791 Y82.873 E238.0998
G1 X90.225 Y82.873 E238.1181
G1 X89.883 Y82.933 E238.1297
G1 F3000 E233.1297
G1 F900 Z2.300
G0 F4200 X92.140 Y88.259
;TYPE:WALL-INNER
;WIDTH:0.400
G1 F900 Z2.000
G1 F1500 E238.1297
G1 F2700 X92.034 Y88.269 E238.1332
G1 X80.092 Y88.269 E238.5304
G1 X79.912 Y88.236 E238.5365
G1 X79.781 Y88.149 E238.5417
G1 X79.733 Y88.091 E238.5442
G1 X79.673 Y87.946 E238.5494
G1 X79.671 Y87.811 E238.5539
G1 X79.747 Y87.629 E238.5605
G1 X79.781 Y87.588 E238.5623
G1 X79.911 Y87.502 E238.5674
G1 X79.985 Y87.479 E238.5700
G1 X85.513 Y87.469 E238.7539
G1 X85.513 Y70.849 E239.3067
G1 X86.000 Y69.779 E239.3458
G1 X86.127 Y69.779 E239.3500
G1 X86.612 Y70.848 E239.3890
G1 X86.612 Y87.469 E239.9418
G1 X92.140 Y87.479 E240.1257
G1 X92.283 Y87.539 E240.1309
G1 X92.344 Y87.588 E240.1335
G1 X92.429 Y87.716 E240.1386
G1 X92.460 Y87.869 E240.1438
G1 X92.451 Y87.910 E240.1452
G0 F2700 X92.429 Y88.021
G0 F2700 X92.344 Y88.149
G0 F2700 X92.283 Y88.198
G0 F2700 X92.140 Y88.259
G1 F3000 E235.1452
G0 F4200 X92.219 Y88.653
;TYPE:WALL-OUTER
;WIDTH:0.400
G1 F900 Z2.000
G1 F1500 E240.1452
G1 F2700 X92.053 Y88.669 E240.1507
G1 X80.073 Y88.669 E240.5492
G1 X79.906 Y88.653 E240.5548
G1 X79.757 Y88.607 E240.5599
G1 X79.619 Y88.533 E240.5651
G1 X79.497 Y88.434 E240.5704
G1 X79.398 Y88.313 E240.5756
G1 X79.325 Y88.174 E240.5808
G1 X79.279 Y88.025 E240.5860
G1 X79.264 Y87.869 E240.5912
G1 X79.279 Y87.713 E240.5964
G1 X79.401 Y87.421 E240.6069
G1 X79.497 Y87.304 E240.6120
G1 X79.619 Y87.204 E240.6172
G1 X79.757 Y87.131 E240.6224
G1 X79.906 Y87.085 E240.6276
G1 X80.073 Y87.069 E240.6332
G1 X85.113 Y87.069 E240.8008
G1 X85.113 Y70.762 E241.3432
G1 X85.749 Y69.364 E241.3943
G1 X85.811 Y69.296 E241.3973
G1 X85.980 Y69.205 E241.4037
G1 X86.135 Y69.205 E241.4089
G1 X86.278 Y69.264 E241.4140
G1 X86.404 Y69.420 E241.4207
G1 X87.012 Y70.762 E241.4697
G1 X87.012 Y87.069 E242.0120
G1 X92.053 Y87.069 E242.1797
G1 X92.219 Y87.085 E242.1853
G1 X92.368 Y87.131 E242.1904
G1 X92.506 Y87.204 E242.1956
G1 X92.628 Y87.304 E242.2009
G1 X92.727 Y87.425 E242.2061
G1 X92.800 Y87.563 E242.2113
G1 X92.846 Y87.714 E242.2165
G1 X92.862 Y87.869 E242.2217
G1 X92.846 Y88.024 E242.2269
G1 X92.800 Y88.174 E242.2321
G1 X92.727 Y88.313 E242.2373
G1 X92.648 Y88.410 E242.2415
G0 F2700 X92.628 Y88.434
G0 F2700 X92.506 Y88.533
G0 F2700 X92.368 Y88.607
G0 F2700 X92.219 Y88.653
G1 F3000 E237.2415
G0 F4200 X92.121 Y88.049
;TYPE:SOLID-FILL
;WIDTH:0.400
G1 F900 Z2.000
G1 F1500 E242.2415
G1 F3000 X92.084 Y87.803 E242.2472
G1 X91.448 Y87.872 E242.2655
G1 X90.883 Y87.872 E242.2838
G1 X90.318 Y87.871 E242.3022
G1 X89.753 Y87.871 E242.3206
G1 X89.188 Y87.870 E242.3391
G1 X88.622 Y87.870 E242.3577
G1 X88.057 Y87.869 E242.3763
G1 X87.492 Y87.868 E242.3950
G1 X86.885 Y87.910 E242.4138
G1 X86.844 Y87.669 E242.4219
G0 F4200 X86.483 Y87.747
;TYPE:SOLID-FILL
;WIDTH:0.400
G1 F2700 X86.242 Y87.988 E242.4332
G1 X85.677 Y87.988 E242.4520
G1 X86.331 Y87.334 E242.4828
G1 X86.331 Y86.768 E242.5016
G1 X85.792 Y87.307 E242.5270
G1 X85.792 Y86.741 E242.5458
G1 X86.331 Y86.202 E242.5711
G1 X86.331 Y85.636 E242.5900
G1 X85.792 Y86.175 E242.6153
G1 X85.792 Y85.610 E242.6341
G1 X86.331 Y85.071 E242.6595
G1 X86.331 Y84.505 E242.6783
G1 X85.792 Y85.044 E242.7036
G1 X85.792 Y84.478 E242.7225
G1 X86.331 Y83.939 E242.7478
G1 X86.331 Y83.374 E242.7666
G1 X85.792 Y83.913 E242.7920
G1 X85.792 Y83.347 E242.8108
G1 X86.331 Y82.808 E242.8361
G1 X86.331 Y82.242 E242.8550
G1 X85.792 Y82.781 E242.8803
G1 X85.792 Y82.216 E242.8991
G1 X86.331 Y81.677 E242.9245
G1 X86.331 Y81.111 E242.9433
G1 X85.792 Y81.650 E242.9686
G1 X85.792 Y81.084 E242.9875
G1 X86.331 Y80.545 E243.0128
G1 X86.331 Y79.980 E243.0316
G1 X85.792 Y80.518 E243.0569
G1 X85.792 Y79.953 E243.0757
G1 X86.331 Y79.414 E243.1011
G1 X86.331 Y78.848 E243.1199
G1 X85.792 Y79.387 E243.1453
G1 X85.792 Y78.821 E243.1641
G1 X86.331 Y78.283 E243.1894
G1 X86.331 Y77.717 E243.2082
G1 X85.792 Y78.256 E243.2336
G1 X85.792 Y77.690 E243.2524
G1 X86.331 Y77.151 E243.2778
G1 X86.331 Y76.586 E243.2966
G1 X85.792 Y77.124 E243.3219
G1 X85.792 Y76.559 E243.3407
G1 X86.331 Y76.020 E243.3660
G1 X86.331 Y75.454 E243.3849
G1 X85.792 Y75.993 E243.4102
G1 X85.792 Y75.427 E243.4290
G1 X86.331 Y74.888 E243.4544
G1 X86.331 Y74.323 E243.4732
G1 X85.792 Y74.862 E243.4985
G1 X85.792 Y74.296 E243.5174
G1 X86.331 Y73.757 E243.5427
G1 X86.331 Y73.191 E243.5615
G1 X85.792 Y73.730 E243.5869
G1 X85.792 Y73.165 E243.6057
G1 X86.331 Y72.626 E243.6310
G1 X86.331 Y72.060 E243.6499
G1 X85.792 Y72.599 E243.6752
G1 X85.792 Y72.033 E243.6940
G1 X86.331 Y71.494 E243.7194
G1 X86.331 Y70.929 E243.7382
G1 X85.792 Y71.467 E243.7635
G1 X85.792 Y70.909 E243.7821
G1 X85.798 Y70.895 E243.7826
G1 X85.806 Y70.887 E243.7830
G0 F2700 X86.160 Y70.533
G1 F3000 E238.7830
G1 F900 Z2.300
G0 F4200 X86.880 Y87.633
;TYPE:SOLID-FILL
;WIDTH:0.400
G1 F900 Z2.000
G1 F1500 E243.7830
G1 F3000 X86.625 Y87.888 E243.7950
G0 F4200 X85.433 Y87.949
G1 F3000 X85.195 Y87.903 E243.8038
G1 X84.664 Y87.868 E243.8226
G1 X84.098 Y87.869 E243.8413
G1 X83.532 Y87.870 E243.8599
G1 X82.965 Y87.870 E243.8786
G1 X82.400 Y87.871 E243.8971
G1 X81.833 Y87.871 E243.9155
G1 X81.267 Y87.872 E243.9340
G1 X80.701 Y87.872 E243.9523
G1 X80.047 Y87.960 E243.9707
G1 X80.048 Y87.677 E243.9801
;LAYER:10
;Z:2.200
;HEIGHT:0.200
G1 F3000 E238.9801
G0 F900 Z2.200
G0 F4200 X92.140 Y88.259
;TYPE:WALL-INNER
;WIDTH:0.400
G1 F900 Z2.200
G1 F1500 E243.9801
G1 F2700 X92.034 Y88.269 E243.9837
G1 X80.092 Y88.269 E244.3809
G1 X79.912 Y88.236 E244.3870
G1 X79.781 Y88.149 E244.3922
G1 X79.733 Y88.091 E244.3947
G1 X79.673 Y87.946 E244.3999
G1 X79.671 Y87.811 E244.4044
G1 X79.747 Y87.629 E244.4110
G1 X79.781 Y87.588 E244.4127
G1 X79.911 Y87.502 E244.4179
G1 X79.985 Y87.479 E244.4205
G1 X85.513 Y87.469 E244.6044
G1 X85.513 Y70.848 E245.1572
G1 X85.997 Y69.773 E245.1964
G1 X86.125 Y69.773 E245.2006
G1 X86.612 Y70.848 E245.2399
G1 X86.612 Y87.469 E245.7927
G1 X92.140 Y87.479 E245.9766
G1 X92.283 Y87.539 E245.9817
G1 X92.379 Y87.632 E245.9862
G1 X92.454 Y87.816 E245.9928
G1 X92.452 Y87.910 E245.9959
G0 F2700 X92.452 Y87.944
G0 F2700 X92.429 Y88.021
G0 F2700 X92.344 Y88.149
G0 F2700 X92.283 Y88.198
G0 F2700 X92.140 Y88.259
G1 F3000 E240.9959
G0 F4200 X92.219 Y88.653
;TYPE:WALL-OUTER
;WIDTH:0.400
G1 F900 Z2.200
G1 F1500 E245.9959
G1 F2700 X92.053 Y88.669 E246.0015
G1 X80.073 Y88.669 E246.3999
G1 X79.906 Y88.653 E246.4055
G1 X79.757 Y88.607 E246.4107
G1 X79.619 Y88.533 E246.4159
G1 X79.497 Y88.434 E246.4211
G1 X79.398 Y88.313 E246.4263
G1 X79.325 Y88.174 E246.4315
G1 X79.279 Y88.025 E246.4367
G1 X79.264 Y87.869 E246.4419
G1 X79.279 Y87.713 E246.4472
G1 X79.401 Y87.421 E246.4577
G1 X79.497 Y87.304 E246.4627
G1 X79.619 Y87.204 E246.4680
G1 X79.757 Y87.131 E246.4732
G1 X79.906 Y87.085 E246.4783
G1 X80.073 Y87.069 E246.4839
G1 X85.113 Y87.069 E246.6516
G1 X85.113 Y70.762 E247.1939
G1 X85.706 Y69.446 E247.2419
G1 X85.806 Y69.298 E247.2479
G1 X85.847 Y69.264 E247.2496
G1 X85.990 Y69.205 E247.2548
G1 X86.135 Y69.205 E247.2596
G1 X86.278 Y69.264 E247.2648
G1 X86.403 Y69.417 E247.2713
G1 X87.012 Y70.762 E247.3204
G1 X87.012 Y87.069 E247.8628
G1 X92.053 Y87.069 E248.0305
G1 X92.219 Y87.085 E248.0360
G1 X92.368 Y87.131 E248.0412
G1 X92.506 Y87.204 E248.0464
G1 X92.628 Y87.304 E248.0516
G1 X92.727 Y87.425 E248.0568
G1 X92.846 Y87.718 E248.0674
G1 X92.862 Y87.869 E248.0724
G1 X92.846 Y88.024 E248.0776
G1 X92.800 Y88.174 E248.0828
G1 X92.727 Y88.313 E248.0880
G1 X92.648 Y88.410 E248.0922
G0 F2700 X92.628 Y88.434
G0 F2700 X92.506 Y88.533
G0 F2700 X92.368 Y88.607
G0 F2700 X92.219 Y88.653
G1 F3000 E243.0922
G0 F4200 X92.218 Y87.975
;TYPE:SOLID-FILL
;WIDTH:0.400
G1 F900 Z2.200
G1 F1500 E248.0922
G1 F3000 X91.832 Y87.873 E248.1061
G1 X91.267 Y87.873 E248.1244
G1 X90.700 Y87.872 E248.1428
G1 X90.134 Y87.872 E248.1612
G1 X89.568 Y87.871 E248.1797
G1 X89.002 Y87.871 E248.1981
G1 X88.435 Y87.870 E248.2167
G1 X87.869 Y87.870 E248.2353
G1 X87.303 Y87.869 E248.2540
G1 X86.821 Y87.669 E248.2714
G0 F4200 X86.617 Y87.748
;TYPE:SOLID-FILL
;WIDTH:0.400
G1 F2700 X86.681 Y87.812 E248.2744
G1 X86.681 Y87.988 E248.2802
G1 X86.291 Y87.988 E248.2932
G1 X85.791 Y87.488 E248.3167
G1 X85.792 Y87.748 E248.3254
G1 X85.646 Y87.748 E248.3302
G0 F2700 X85.485 Y87.748
G0 F2700 X85.725 Y87.988
G1 F3000 E243.3302
G1 F900 Z2.500
G0 F4200 X86.332 Y87.463
G1 F900 Z2.200
G1 F1500 E248.3302
G1 F2700 X85.791 Y86.923 E248.3556
G1 X85.791 Y86.357 E248.3745
G1 X86.332 Y86.897 E248.3999
G1 X86.332 Y86.332 E248.4187
G1 X85.791 Y85.791 E248.4441
G1 X85.791 Y85.226 E248.4629
G1 X86.332 Y85.766 E248.4883
G1 X86.332 Y85.200 E248.5072
G1 X85.791 Y84.660 E248.5326
G1 X85.791 Y84.094 E248.5514
G1 X86.332 Y84.635 E248.5769
G1 X86.332 Y84.069 E248.5957
G1 X85.791 Y83.529 E248.6211
G1 X85.791 Y82.963 E248.6399
G1 X86.332 Y83.503 E248.6654
G1 X86.332 Y82.937 E248.6842
G1 X85.791 Y82.397 E248.7096
G1 X85.791 Y81.832 E248.7284
G1 X86.332 Y82.372 E248.7538
G1 X86.332 Y81.806 E248.7726
G1 X85.791 Y81.266 E248.7981
G1 X85.791 Y80.700 E248.8169
G1 X86.332 Y81.240 E248.8423
G1 X86.332 Y80.675 E248.8611
G1 X85.791 Y80.134 E248.8866
G1 X85.791 Y79.569 E248.9054
G1 X86.332 Y80.109 E248.9308
G1 X86.332 Y79.543 E248.9496
G1 X85.791 Y79.003 E248.9750
G1 X85.791 Y78.437 E248.9938
G1 X86.332 Y78.978 E249.0193
G1 X86.332 Y78.412 E249.0381
G1 X85.791 Y77.872 E249.0635
G1 X85.791 Y77.306 E249.0824
G1 X86.332 Y77.846 E249.1078
G1 X86.332 Y77.281 E249.1266
G1 X85.791 Y76.740 E249.1520
G1 X85.791 Y76.175 E249.1708
G1 X86.332 Y76.715 E249.1962
G1 X86.332 Y76.149 E249.2151
G1 X85.791 Y75.609 E249.2405
G1 X85.791 Y75.043 E249.2593
G1 X86.332 Y75.584 E249.2848
G1 X86.332 Y75.018 E249.3036
G1 X85.791 Y74.478 E249.3290
G1 X85.791 Y73.912 E249.3478
G1 X86.332 Y74.452 E249.3733
G1 X86.332 Y73.887 E249.3921
G1 X85.791 Y73.346 E249.4175
G1 X85.791 Y72.781 E249.4363
G1 X86.332 Y73.321 E249.4617
G1 X86.332 Y72.755 E249.4805
G1 X85.791 Y72.215 E249.5060
G1 X85.791 Y71.649 E249.5248
G1 X86.332 Y72.189 E249.5502
G1 X86.332 Y71.624 E249.5690
G1 X85.791 Y71.084 E249.5944
G1 X85.791 Y70.907 E249.6003
G1 X85.912 Y70.638 E249.6101
G1 X85.978 Y70.704 E249.6132
G0 F2700 X86.332 Y71.058
G0 F4200 X86.472 Y70.916
;TYPE:SOLID-FILL
;WIDTH:0.400
G1 F3000 X86.531 Y70.975 E249.6160
G1 F3000 E244.6160
G1 F900 Z2.500
G0 F4200 X86.472 Y87.320
G1 F900 Z2.200
G1 F1500 E249.6160
G1 F3000 X86.615 Y87.464 E249.6188
G1 X86.757 Y87.606 E249.6255
G1 F3000 E244.6255
G1 F900 Z2.500
G0 F4200 X85.642 Y88.188
G1 F900 Z2.200
G1 F1500 E249.6255
G1 F3000 X85.473 Y88.018 E249.6283
G1 X85.040 Y87.868 E249.6396
G1 X84.475 Y87.869 E249.6582
G1 X83.910 Y87.870 E249.6768
G1 X83.344 Y87.870 E249.6954
G1 X82.779 Y87.871 E249.7139
G1 X82.214 Y87.871 E249.7324
G1 X81.648 Y87.871 E249.7509
G1 X81.083 Y87.872 E249.7692
G1 X80.518 Y87.872 E249.7876
G1 X80.041 Y87.678 E249.8047
G1 F3000 E244.8047
G1 F900 Z2.500
G0 F4200 X102.034 Y83.269
;TYPE:WALL-INNER
;WIDTH:0.400
G1 F900 Z2.200
G1 F1500 E249.8047
G1 F2700 X90.092 Y83.269 E250.2019
G1 X89.912 Y83.236 E250.2080
G1 X89.781 Y83.149 E250.2132
G1 X89.733 Y83.091 E250.2157
G1 X89.673 Y82.946 E250.2209
G1 X89.671 Y82.811 E250.2254
G1 X89.747 Y82.629 E250.2320
G1 X89.781 Y82.588 E250.2337
G1 X89.911 Y82.502 E250.2389
G1 X89.985 Y82.479 E250.2415
G1 X95.513 Y82.469 E250.4254
G1 X95.513 Y65.848 E250.9782
G1 X95.997 Y64.773 E251.0174
G1 X96.125 Y64.773 E251.0217
G1 X96.612 Y65.848 E251.0609
G1 X96.612 Y82.469 E251.6137
G1 X102.140 Y82.479 E251.7976
G1 X102.283 Y82.539 E251.8027
G1 X102.379 Y82.632 E251.8072
G1 X102.454 Y82.816 E251.8138
G1 X102.452 Y82.944 E251.8181
G1 X102.431 Y83.014 E251.8205
G0 F2700 X102.429 Y83.021
G0 F2700 X102.344 Y83.149
G0 F2700 X102.283 Y83.198
G0 F2700 X102.140 Y83.259
G0 F2700 X102.034 Y83.269
G1 F3000 E246.8205
G0 F4200 X102.053 Y83.669
;TYPE:WALL-OUTER
;WIDTH:0.400
G1 F900 Z2.200
G1 F1500 E251.8205
G1 F2700 X90.073 Y83.669 E252.2189
G1 X89.906 Y83.653 E252.2245
G1 X89.757 Y83.607 E252.2297
G1 X89.619 Y83.533 E252.2349
G1 X89.497 Y83.434 E252.2401
G1 X89.398 Y83.313 E252.2453
G1 X89.325 Y83.174 E252.2506
G1 X89.279 Y83.025 E252.2558
G1 X89.264 Y82.869 E252.2610
G1 X89.279 Y82.713 E252.2662
G1 X89.401 Y82.421 E252.2767
G1 X89.497 Y82.304 E252.2817
G1 X89.619 Y82.204 E252.2870
G1 X89.757 Y82.131 E252.2922
G1 X89.906 Y82.085 E252.2974
G1 X90.073 Y82.069 E252.3029
G1 X95.113 Y82.069 E252.4706
G1 X95.113 Y65.762 E253.0129
G1 X95.706 Y64.446 E253.0610
G1 X95.800 Y64.306 E253.0666
G1 X95.980 Y64.205 E253.0734
G1 X96.135 Y64.205 E253.0786
G1 X96.278 Y64.264 E253.0837
G1 X96.403 Y64.417 E253.0903
G1 X97.012 Y65.762 E253.1394
G1 X97.012 Y82.069 E253.6818
G1 X102.053 Y82.069 E253.8494
G1 X102.219 Y82.085 E253.8550
G1 X102.368 Y82.131 E253.8602
G1 X102.506 Y82.204 E253.8654
G1 X102.628 Y82.304 E253.8706
G1 X102.727 Y82.425 E253.8758
G1 X102.846 Y82.718 E253.8863
G1 X102.862 Y82.869 E253.8914
G1 X102.846 Y83.024 E253.8966
G1 X102.800 Y83.174 E253.9018
G1 X102.727 Y83.313 E253.9070
G1 X102.628 Y83.434 E253.9122
G1 X102.523 Y83.519 E253.9167
G0 F2700 X102.506 Y83.533
G0 F2700 X102.368 Y83.607
G0 F2700 X102.219 Y83.653
G0 F2700 X102.053 Y83.669
G1 F3000 E248.9167
G0 F4200 X102.019 Y83.068
;TYPE:SOLID-FILL
;WIDTH:0.400
G1 F900 Z2.200
G1 F1500 E253.9167
G1 F3000 X101.540 Y82.873 E253.9351
G1 X100.974 Y82.872 E253.9534
G1 X100.409 Y82.872 E253.9717
G1 X99.842 Y82.871 E253.9902
G1 X99.276 Y82.871 E254.0087
G1 X98.710 Y82.870 E254.0272
G1 X98.144 Y82.870 E254.0458
G1 X97.577 Y82.870 E254.0644
G1 X96.927 Y82.785 E254.0831
G1 X96.928 Y83.068 E254.0925
G1 F3000 E249.0925
G1 F900 Z2.500
G0 F4200 X95.759 Y82.749
;TYPE:SOLID-FILL
;WIDTH:0.400
G1 F900 Z2.200
G1 F1500 E254.0925
G1 F2700 X95.999 Y82.988 E254.1038
G1 X96.565 Y82.988 E254.1226
G1 X95.792 Y82.216 E254.1590
G1 X95.792 Y81.650 E254.1778
G1 X96.331 Y82.189 E254.2031
G1 X96.331 Y81.624 E254.2219
G1 X95.792 Y81.084 E254.2473
G1 X95.792 Y80.518 E254.2661
G1 X96.331 Y81.058 E254.2915
G1 X96.331 Y80.492 E254.3103
G1 X95.792 Y79.953 E254.3357
G1 X95.792 Y79.387 E254.3545
G1 X96.331 Y79.927 E254.3799
G1 X96.331 Y79.361 E254.3987
G1 X95.792 Y78.821 E254.4241
G1 X95.792 Y78.256 E254.4429
G1 X96.331 Y78.795 E254.4682
G1 X96.331 Y78.230 E254.4870
G1 X95.792 Y77.690 E254.5124
G1 X95.792 Y77.124 E254.5312
G1 X96.331 Y77.664 E254.5566
G1 X96.331 Y77.098 E254.5754
G1 X95.792 Y76.559 E254.6008
G1 X95.792 Y75.993 E254.6196
G1 X96.331 Y76.532 E254.6450
G1 X96.331 Y75.967 E254.6638
G1 X95.792 Y75.427 E254.6891
G1 X95.792 Y74.862 E254.7079
G1 X96.331 Y75.401 E254.7333
G1 X96.331 Y74.835 E254.7521
G1 X95.792 Y74.296 E254.7775
G1 X95.792 Y73.730 E254.7963
G1 X96.331 Y74.270 E254.8217
G1 X96.331 Y73.704 E254.8405
G1 X95.792 Y73.165 E254.8658
G1 X95.792 Y72.599 E254.8847
G1 X96.331 Y73.138 E254.9100
G1 X96.331 Y72.573 E254.9288
G1 X95.792 Y72.033 E254.9542
G1 X95.792 Y71.467 E254.9730
G1 X96.331 Y72.007 E254.9984
G1 X96.331 Y71.441 E255.0172
G1 X95.792 Y70.902 E255.0426
G1 X95.792 Y70.336 E255.0614
G1 X96.331 Y70.876 E255.0868
G1 X96.331 Y70.310 E255.1056
G1 X95.792 Y69.770 E255.1310
G1 X95.792 Y69.205 E255.1498
G1 X96.331 Y69.744 E255.1751
G1 X96.331 Y69.179 E255.1939
G1 X95.792 Y68.639 E255.2193
G1 X95.792 Y68.073 E255.2381
G1 X96.331 Y68.613 E255.2635
G1 X96.331 Y68.047 E255.2823
G1 X95.792 Y67.508 E255.3077
G1 X95.792 Y66.942 E255.3265
G1 X96.331 Y67.482 E255.3519
G1 X96.331 Y66.916 E255.3707
G1 X95.792 Y66.376 E255.3961
G1 X95.792 Y65.907 E255.4117
G1 X95.822 Y65.840 E255.4141
G1 X96.331 Y66.350 E255.4381
G1 X96.331 Y65.908 E255.4528
G1 X96.319 Y65.882 E255.4537
G0 F2700 X96.230 Y65.683
G0 F2700 X96.030 Y65.483
G1 F3000 E250.4537
G1 F900 Z2.500
G0 F4200 X95.276 Y82.549
;TYPE:SOLID-FILL
;WIDTH:0.400
G1 F900 Z2.200
G1 F1500 E255.4537
G1 F3000 X95.484 Y83.038 E255.4697
G1 X95.243 Y83.080 E255.4779
G1 F3000 E250.4779
G1 F900 Z2.500
G0 F4200 X96.807 Y82.948
G1 F900 Z2.200
G1 F1500 E255.4779
G1 F3000 X96.880 Y83.021 E255.4813
G1 F3000 E250.4813
G1 F900 Z2.500
G0 F4200 X95.231 Y83.068
G1 F900 Z2.200
G1 F1500 E255.4813
G1 F3000 X94.749 Y82.869 E255.5000
G1 X94.183 Y82.870 E255.5186
G1 X93.618 Y82.870 E255.5371
G1 X93.053 Y82.871 E255.5556
G1 X92.488 Y82.871 E255.5741
G1 X91.923 Y82.872 E255.5926
G1 X91.358 Y82.872 E255.6109
G1 X90.792 Y82.872 E255.6292
G1 X90.227 Y82.873 E255.6475
G1 X89.885 Y82.814 E255.6591
G1 F3000 E250.6591
G1 F900 Z2.500
G0 F4200 X107.893 Y90.364
;TYPE:WALL-INNER
;WIDTH:0.400
G1 F900 Z2.200
G1 F1500 E255.6591
G1 F2700 X107.781 Y90.287 E255.6636
G1 X107.696 Y90.158 E255.6687
G1 X107.663 Y89.977 E255.6748
G1 X107.663 Y75.760 E256.1477
G1 X107.696 Y75.579 E256.1538
G1 X107.781 Y75.451 E256.1589
G1 X107.912 Y75.364 E256.1642
G1 X107.985 Y75.341 E256.1667
G1 X108.140 Y75.341 E256.1719
G1 X108.283 Y75.402 E256.1770
G1 X108.392 Y75.509 E256.1821
G1 X108.452 Y75.656 E256.1874
G1 X108.463 Y75.762 E256.1909
G1 X108.463 Y82.319 E256.4090
G1 X110.082 Y82.319 E256.4629
G1 X111.145 Y82.805 E256.5017
G1 X111.145 Y82.933 E256.5060
G1 X110.082 Y83.419 E256.5449
G1 X108.463 Y83.419 E256.5987
G1 X108.463 Y89.975 E256.8168
G1 X108.429 Y90.159 E256.8230
G1 X108.354 Y90.272 E256.8275
G0 F2700 X108.344 Y90.287
G0 F2700 X108.214 Y90.373
G0 F2700 X108.086 Y90.401
G0 F2700 X107.893 Y90.364
G1 F3000 E251.8275
G0 F4200 X107.757 Y90.745
;TYPE:WALL-OUTER
;WIDTH:0.400
G1 F900 Z2.200
G1 F1500 E256.8275
G1 F2700 X107.619 Y90.671 E256.8327
G1 X107.497 Y90.571 E256.8380
G1 X107.398 Y90.450 E256.8432
G1 X107.325 Y90.312 E256.8484
G1 X107.279 Y90.162 E256.8536
G1 X107.263 Y89.996 E256.8591
G1 X107.263 Y75.741 E257.3332
G1 X107.279 Y75.575 E257.3388
G1 X107.325 Y75.426 E257.3440
G1 X107.398 Y75.287 E257.3492
G1 X107.497 Y75.166 E257.3544
G1 X107.619 Y75.067 E257.3596
G1 X107.757 Y74.993 E257.3648
G1 X107.906 Y74.947 E257.3700
G1 X108.063 Y74.932 E257.3753
G1 X108.219 Y74.947 E257.3805
G1 X108.368 Y74.993 E257.3857
G1 X108.506 Y75.067 E257.3909
G1 X108.628 Y75.166 E257.3961
G1 X108.727 Y75.287 E257.4013
G1 X108.800 Y75.426 E257.4065
G1 X108.846 Y75.576 E257.4117
G1 X108.863 Y75.741 E257.4173
G1 X108.863 Y81.919 E257.6227
G1 X110.169 Y81.919 E257.6662
G1 X111.566 Y82.558 E257.7173
G1 X111.704 Y82.717 E257.7243
G1 X111.734 Y82.871 E257.7295
G1 X111.713 Y82.993 E257.7336
G1 X111.676 Y83.071 E257.7365
G1 X111.566 Y83.180 E257.7416
G1 X110.169 Y83.819 E257.7927
G1 X108.863 Y83.819 E257.8362
G1 X108.863 Y89.996 E258.0416
G1 X108.846 Y90.161 E258.0471
G1 X108.800 Y90.312 E258.0524
G1 X108.727 Y90.450 E258.0576
G1 X108.628 Y90.571 E258.0628
G1 X108.506 Y90.671 E258.0680
G1 X108.368 Y90.744 E258.0732
G1 X108.250 Y90.781 E258.0773
G0 F2700 X108.219 Y90.790
G0 F2700 X108.067 Y90.805
G0 F2700 X107.757 Y90.745
G1 F3000 E253.0773
G0 F4200 X107.999 Y90.180
;TYPE:SOLID-FILL
;WIDTH:0.400
G1 F900 Z2.200
G1 F1500 E258.0773
G1 F3000 X108.071 Y89.969 E258.0829
G1 X108.062 Y89.394 E258.1017
G1 X108.062 Y88.828 E258.1204
G1 X108.062 Y88.262 E258.1393
G1 X108.062 Y87.697 E258.1580
G1 X108.062 Y87.131 E258.1768
G1 X108.062 Y86.565 E258.1957
G1 X108.062 Y86.000 E258.2144
G1 X108.062 Y85.434 E258.2332
G1 X108.062 Y84.868 E258.2520
G1 X108.062 Y84.303 E258.2708
G1 X108.062 Y83.737 E258.2896
G1 X108.126 Y83.236 E258.3084
G1 X107.862 Y82.689 E258.3286
G0 F4200 X107.862 Y82.123
G1 F3000 X108.462 Y82.723 E258.3568
G1 F3000 E253.3568
G1 F900 Z2.500
G0 F4200 X108.262 Y81.957
G1 F900 Z2.200
G1 F1500 E258.3568
G1 F3000 X108.062 Y81.474 E258.3756
G1 X108.062 Y80.909 E258.3944
G1 X108.062 Y80.343 E258.4132
G1 X108.062 Y79.777 E258.4319
G1 X108.062 Y79.211 E258.4508
G1 X108.062 Y78.646 E258.4696
G1 X108.062 Y78.080 E258.4883
G1 X108.062 Y77.514 E258.5072
G1 X108.062 Y76.949 E258.5260
G1 X108.062 Y76.383 E258.5447
G1 X107.964 Y75.720 E258.5635
G1 X108.258 Y75.731 E258.5733
G1 F3000 E253.5733
G1 F900 Z2.500
G0 F4200 X109.752 Y82.599
;TYPE:SOLID-FILL
;WIDTH:0.400
G1 F900 Z2.200
G1 F1500 E258.5733
G1 F2700 X110.206 Y83.053 E258.5947
G1 X110.019 Y83.139 E258.6015
G1 X109.726 Y83.138 E258.6112
G1 X109.186 Y82.599 E258.6366
G1 X108.620 Y82.599 E258.6554
G1 X109.160 Y83.138 E258.6808
G1 X109.094 Y83.138 E258.6830
G0 F2700 X108.594 Y83.138
G0 F4200 X108.511 Y83.338
;TYPE:SOLID-FILL
;WIDTH:0.400
G1 F3000 X108.342 Y83.169 E258.6910
G1 F3000 E253.6910
G1 F900 Z2.500
G0 F4200 X109.834 Y82.399
G1 F900 Z2.200
G1 F1500 E258.6910
G1 F3000 X109.892 Y82.457 E258.6937
G1 F3000 E253.6937
G1 F900 Z2.500
G0 F4200 X115.893 Y90.364
;TYPE:WALL-INNER
;WIDTH:0.400
G1 F900 Z2.200
G1 F1500 E258.6937
G1 F2700 X115.781 Y90.287 E258.6982
G1 X115.696 Y90.158 E258.7034
G1 X115.663 Y89.977 E258.7095
G1 X115.663 Y75.760 E259.1823
G1 X115.696 Y75.579 E259.1885
G1 X115.781 Y75.451 E259.1936
G1 X115.912 Y75.364 E259.1988
G1 X115.985 Y75.341 E259.2013
G1 X116.140 Y75.341 E259.2065
G1 X116.283 Y75.402 E259.2117
G1 X116.392 Y75.509 E259.2167
G1 X116.452 Y75.656 E259.2220
G1 X116.463 Y75.762 E259.2256
G1 X116.463 Y82.319 E259.4437
G1 X118.082 Y82.319 E259.4975
G1 X119.145 Y82.805 E259.5364
G1 X119.145 Y82.933 E259.5406
G1 X118.082 Y83.419 E259.5795
G1 X116.463 Y83.419 E259.6334
G1 X116.463 Y89.975 E259.8514
G1 X116.429 Y90.159 E259.8576
G1 X116.354 Y90.272 E259.8621
G0 F2700 X116.344 Y90.287
G0 F2700 X116.214 Y90.373
G0 F2700 X116.086 Y90.401
G0 F2700 X115.893 Y90.364
G1 F3000 E254.8621
G0 F4200 X115.757 Y90.745
;TYPE:WALL-OUTER
;WIDTH:0.400
G1 F900 Z2.200
G1 F1500 E259.8621
G1 F2700 X115.619 Y90.671 E259.8674
G1 X115.497 Y90.571 E259.8726
G1 X115.398 Y90.450 E259.8778
G1 X115.325 Y90.312 E259.8830
G1 X115.279 Y90.162 E259.8882
G1 X115.263 Y89.996 E259.8938
G1 X115.263 Y75.741 E260.3679
G1 X115.279 Y75.575 E260.3734
G1 X115.325 Y75.426 E260.3786
G1 X115.398 Y75.287 E260.3838
G1 X115.497 Y75.166 E260.3890
G1 X115.619 Y75.067 E260.3943
G1 X115.757 Y74.993 E260.3995
G1 X115.906 Y74.947 E260.4047
G1 X116.063 Y74.932 E260.4099
G1 X116.219 Y74.947 E260.4151
G1 X116.368 Y74.993 E260.4203
G1 X116.506 Y75.067 E260.4255
G1 X116.628 Y75.166 E260.4307
G1 X116.727 Y75.287 E260.4359
G1 X116.800 Y75.426 E260.4412
G1 X116.846 Y75.576 E260.4464
G1 X116.863 Y75.741 E260.4519
G1 X116.863 Y81.919 E260.6574
G1 X118.169 Y81.919 E260.7008
G1 X119.566 Y82.558 E260.7519
G1 X119.704 Y82.717 E260.7589
G1 X119.734 Y82.871 E260.7641
G1 X119.713 Y82.993 E260.7682
G1 X119.676 Y83.071 E260.7711
G1 X119.566 Y83.180 E260.7763
G1 X118.169 Y83.819 E260.8274
G1 X116.863 Y83.819 E260.8708
G1 X116.863 Y89.996 E261.0762
G1 X116.846 Y90.161 E261.0818
G1 X116.800 Y90.312 E261.0870
G1 X116.727 Y90.450 E261.0922
G1 X116.628 Y90.571 E261.0974
G1 X116.506 Y90.671 E261.1027
G1 X116.368 Y90.744 E261.1078
G1 X116.250 Y90.781 E261.1120
G0 F2700 X116.219 Y90.790
G0 F2700 X116.067 Y90.805
G0 F2700 X115.757 Y90.745
G1 F3000 E256.1120
G0 F4200 X116.262 Y89.958
;TYPE:SOLID-FILL
;WIDTH:0.400
G1 F900 Z2.200
G1 F1500 E261.1120
G1 F3000 X116.062 Y89.474 E261.1308
G1 X116.062 Y88.909 E261.1496
G1 X116.062 Y88.343 E261.1683
G1 X116.062 Y87.777 E261.1872
G1 X116.062 Y87.212 E261.2060
G1 X116.062 Y86.646 E261.2247
G1 X116.062 Y86.080 E261.2436
G1 X116.062 Y85.515 E261.2624
G1 X116.062 Y84.949 E261.2811
G1 X116.062 Y84.383 E261.2999
G1 X116.062 Y83.818 E261.3187
G1 X116.086 Y83.276 E261.3375
G1 X115.862 Y82.769 E261.3559
G0 F4200 X115.862 Y82.203
G1 F3000 X116.462 Y82.804 E261.3842
G1 F3000 E256.3842
G1 F900 Z2.500
G0 F4200 X116.262 Y82.038
G1 F900 Z2.200
G1 F1500 E261.3842
G1 F3000 X116.062 Y81.555 E261.4029
G1 X116.062 Y80.989 E261.4217
G1 X116.062 Y80.423 E261.4405
G1 X116.062 Y79.858 E261.4593
G1 X116.062 Y79.292 E261.4781
G1 X116.062 Y78.726 E261.4969
G1 X116.062 Y78.161 E261.5157
G1 X116.062 Y77.595 E261.5345
G1 X116.062 Y77.029 E261.5533
G1 X116.062 Y76.464 E261.5721
G1 X116.062 Y75.898 E261.5909
G1 X115.995 Y75.549 E261.6027
G1 F3000 E256.6027
G1 F900 Z2.500
G0 F4200 X117.671 Y82.599
;TYPE:SOLID-FILL
;WIDTH:0.400
G1 F900 Z2.200
G1 F1500 E261.6027
G1 F2700 X118.150 Y83.077 E261.6252
G1 X118.018 Y83.138 E261.6301
G1 X117.645 Y83.138 E261.6425
G1 X117.106 Y82.599 E261.6678
G1 X116.542 Y82.598 E261.6866
G1 X116.542 Y82.601 E261.6867
G1 X116.726 Y82.785 E261.6953
G0 F2700 X117.079 Y83.138
G1 F3000 E256.6953
G1 F900 Z2.500
G0 F4200 X118.019 Y82.599
G1 F900 Z2.200
G1 F1500 E261.6953
G1 F2700 X118.419 Y82.780 E261.7099
G1 F3000 E256.7099
G1 F900 Z2.500
G0 F4200 X116.997 Y83.338
;TYPE:SOLID-FILL
;WIDTH:0.400
G1 F900 Z2.200
G1 F1500 E261.7099
G1 F3000 X116.684 Y83.308 E261.7127
G1 X116.341 Y83.249 E261.7243
G1 F3000 E256.7243
G1 F900 Z2.500
G0 F4200 X123.781 Y90.287
;TYPE:WALL-INNER
;WIDTH:0.400
G1 F900 Z2.200
G1 F1500 E261.7243
G1 F2700 X123.696 Y90.158 E261.7294
G1 X123.663 Y89.977 E261.7356
G1 X123.663 Y75.760 E262.2084
G1 X123.696 Y75.579 E262.2145
G1 X123.781 Y75.451 E262.2197
G1 X123.912 Y75.364 E262.2249
G1 X123.985 Y75.341 E262.2274
G1 X124.140 Y75.341 E262.2326
G1 X124.283 Y75.402 E262.2378
G1 X124.392 Y75.509 E262.2428
G1 X124.452 Y75.656 E262.2481
G1 X124.463 Y75.762 E262.2517
G1 X124.463 Y82.319 E262.4697
G1 X126.082 Y82.319 E262.5236
G1 X127.145 Y82.805 E262.5625
G1 X127.145 Y82.933 E262.5667
G1 X126.082 Y83.419 E262.6056
G1 X124.463 Y83.419 E262.6595
G1 X124.463 Y89.975 E262.8775
G1 X124.429 Y90.159 E262.8837
G1 X124.344 Y90.287 E262.8888
G1 X124.245 Y90.352 E262.8928
G0 F2700 X124.214 Y90.373
G0 F2700 X124.086 Y90.401
G0 F2700 X123.893 Y90.364
G0 F2700 X123.781 Y90.287
G1 F3000 E257.8928
G0 F4200 X123.497 Y90.571
;TYPE:WALL-OUTER
;WIDTH:0.400
G1 F900 Z2.200
G1 F1500 E262.8928
G1 F2700 X123.398 Y90.450 E262.8980
G1 X123.325 Y90.312 E262.9032
G1 X123.279 Y90.162 E262.9084
G1 X123.263 Y89.996 E262.9139
G1 X123.263 Y75.741 E263.3881
G1 X123.279 Y75.575 E263.3936
G1 X123.325 Y75.426 E263.3988
G1 X123.398 Y75.287 E263.4040
G1 X123.497 Y75.166 E263.4092
G1 X123.619 Y75.067 E263.4144
G1 X123.757 Y74.993 E263.4196
G1 X123.906 Y74.947 E263.4248
G1 X124.063 Y74.932 E263.4301
G1 X124.219 Y74.947 E263.4353
G1 X124.368 Y74.993 E263.4405
G1 X124.506 Y75.067 E263.4457
G1 X124.628 Y75.166 E263.4509
G1 X124.727 Y75.287 E263.4561
G1 X124.800 Y75.426 E263.4613
G1 X124.846 Y75.576 E263.4666
G1 X124.863 Y75.741 E263.4721
G1 X124.863 Y81.919 E263.6776
G1 X126.169 Y81.919 E263.7210
G1 X127.566 Y82.558 E263.7721
G1 X127.704 Y82.717 E263.7791
G1 X127.734 Y82.871 E263.7843
G1 X127.713 Y82.993 E263.7884
G1 X127.676 Y83.071 E263.7913
G1 X127.566 Y83.180 E263.7964
G1 X126.169 Y83.819 E263.8475
G1 X124.863 Y83.819 E263.8910
G1 X124.863 Y89.996 E264.0964
G1 X124.846 Y90.161 E264.1019
G1 X124.800 Y90.312 E264.1072
G1 X124.727 Y90.450 E264.1124
G1 X124.628 Y90.571 E264.1176
G1 X124.506 Y90.671 E264.1228
G1 X124.368 Y90.744 E264.1280
G1 X124.219 Y90.790 E264.1332
G1 X124.067 Y90.805 E264.1383
G1 X123.941 Y90.780 E264.1426
G0 F2700 X123.757 Y90.745
G0 F2700 X123.619 Y90.671
G0 F2700 X123.497 Y90.571
G1 F3000 E259.1426
G0 F4200 X124.249 Y90.026
;TYPE:SOLID-FILL
;WIDTH:0.400
G1 F900 Z2.200
G1 F1500 E264.1426
G1 F3000 X124.061 Y89.555 E264.1608
G1 X124.061 Y88.989 E264.1796
G1 X124.061 Y88.423 E264.1985
G1 X124.061 Y87.857 E264.2173
G1 X124.061 Y87.292 E264.2361
G1 X124.061 Y86.726 E264.2549
G1 X124.061 Y86.160 E264.2737
G1 X124.061 Y85.595 E264.2925
G1 X124.061 Y85.029 E264.3114
G1 X124.061 Y84.463 E264.3302
G1 X124.061 Y83.898 E264.3490
G1 X124.061 Y83.332 E264.3678
G1 X123.861 Y82.849 E264.3852
G0 F4200 X123.861 Y82.283
G1 F3000 X124.462 Y82.884 E264.4135
G1 F3000 E259.4135
G1 F900 Z2.500
G0 F4200 X124.261 Y82.118
G1 F900 Z2.200
G1 F1500 E264.4135
G1 F3000 X124.061 Y81.635 E264.4323
G1 X124.061 Y81.069 E264.4511
G1 X124.061 Y80.503 E264.4699
G1 X124.061 Y79.938 E264.4887
G1 X124.061 Y79.372 E264.5075
G1 X124.061 Y78.806 E264.5263
G1 X124.061 Y78.241 E264.5451
G1 X124.061 Y77.675 E264.5638
G1 X124.061 Y77.109 E264.5826
G1 X124.061 Y76.544 E264.6014
G1 X124.061 Y75.978 E264.6202
G1 X123.948 Y75.581 E264.6339
G1 F3000 E259.6339
G1 F900 Z2.500
G0 F4200 X125.591 Y82.599
;TYPE:SOLID-FILL
;WIDTH:0.400
G1 F900 Z2.200
G1 F1500 E264.6339
G1 F2700 X126.095 Y83.103 E264.6576
G1 X126.019 Y83.138 E264.6604
G1 X125.565 Y83.138 E264.6755
G1 X125.025 Y82.599 E264.7009
G1 X124.542 Y82.599 E264.7170
G1 X124.542 Y82.681 E264.7197
G1 X124.646 Y82.785 E264.7246
G0 F2700 X124.999 Y83.138
G1 F3000 E259.7246
G1 F900 Z2.500
G0 F4200 X126.019 Y82.598
G1 F900 Z2.200
G1 F1500 E264.7246
G1 F2700 X126.036 Y82.606 E264.7252
G0 F2700 X126.273 Y82.715
G0 F2700 X126.442 Y82.884
G0 F4200 X125.732 Y82.457
;TYPE:SOLID-FILL
;WIDTH:0.400
G1 F3000 X125.674 Y82.399 E264.7279
G1 F3000 E259.7279
G1 F900 Z2.500
G0 F4200 X124.857 Y83.279
G1 F900 Z2.200
G1 F1500 E264.7279
G1 F3000 X124.916 Y83.338 E264.7307
G1 F3000 E259.7307
G1 F900 Z2.500
G0 F4200 X131.781 Y90.287
;TYPE:WALL-INNER
;WIDTH:0.400
G1 F900 Z2.200
G1 F1500 E264.7307
G1 F2700 X131.696 Y90.158 E264.7358
G1 X131.663 Y89.977 E264.7420
G1 X131.663 Y75.760 E265.2148
G1 X131.696 Y75.579 E265.2209
G1 X131.781 Y75.451 E265.2261
G1 X131.912 Y75.364 E265.2313
G1 X131.985 Y75.341 E265.2338
G1 X132.140 Y75.341 E265.2390
G1 X132.283 Y75.402 E265.2442
G1 X132.392 Y75.509 E265.2492
G1 X132.452 Y75.656 E265.2545
G1 X132.463 Y75.762 E265.2581
G1 X132.463 Y82.319 E265.4761
G1 X134.082 Y82.319 E265.5300
G1 X135.145 Y82.805 E265.5689
G1 X135.145 Y82.933 E265.5731
G1 X134.082 Y83.419 E265.6120
G1 X132.463 Y83.419 E265.6658
G1 X132.463 Y89.975 E265.8839
G1 X132.429 Y90.159 E265.8901
G1 X132.344 Y90.287 E265.8952
G1 X132.245 Y90.352 E265.8992
G0 F2700 X132.214 Y90.373
G0 F2700 X132.086 Y90.401
G0 F2700 X131.893 Y90.364
G0 F2700 X131.781 Y90.287
G1 F3000 E260.8992
G0 F4200 X131.497 Y90.571
;TYPE:WALL-OUTER
;WIDTH:0.400
G1 F900 Z2.200
G1 F1500 E265.8992
G1 F2700 X131.398 Y90.450 E265.9044
G1 X131.325 Y90.312 E265.9096
G1 X131.279 Y90.162 E265.9148
G1 X131.263 Y89.996 E265.9203
G1 X131.263 Y75.741 E266.3945
G1 X131.279 Y75.575 E266.4000
G1 X131.325 Y75.426 E266.4052
G1 X131.398 Y75.287 E266.4104
G1 X131.497 Y75.166 E266.4156
G1 X131.619 Y75.067 E266.4208
G1 X131.757 Y74.993 E266.4260
G1 X131.906 Y74.947 E266.4312
G1 X132.063 Y74.932 E266.4365
G1 X132.219 Y74.947 E266.4417
G1 X132.368 Y74.993 E266.4469
G1 X132.506 Y75.067 E266.4521
G1 X132.628 Y75.166 E266.4573
G1 X132.727 Y75.287 E266.4625
G1 X132.800 Y75.426 E266.4677
G1 X132.846 Y75.576 E266.4730
G1 X132.863 Y75.741 E266.4785
G1 X132.863 Y81.919 E266.6839
G1 X134.169 Y81.919 E266.7274
G1 X135.566 Y82.558 E266.7785
G1 X135.704 Y82.717 E266.7855
G1 X135.734 Y82.871 E266.7907
G1 X135.713 Y82.993 E266.7948
G1 X135.676 Y83.071 E266.7977
G1 X135.566 Y83.180 E266.8028
G1 X134.169 Y83.819 E266.8539
G1 X132.863 Y83.819 E266.8974
G1 X132.863 Y89.996 E267.1028
G1 X132.846 Y90.161 E267.1083
G1 X132.800 Y90.312 E267.1136
G1 X132.727 Y90.450 E267.1188
G1 X132.628 Y90.571 E267.1240
G1 X132.506 Y90.671 E267.1292
G1 X132.368 Y90.744 E267.1344
G1 X132.219 Y90.790 E267.1396
G1 X132.067 Y90.805 E267.1447
G1 X131.941 Y90.780 E267.1490
G0 F2700 X131.757 Y90.745
G0 F2700 X131.619 Y90.671
G0 F2700 X131.497 Y90.571
G1 F3000 E262.1490
G0 F4200 X132.233 Y90.090
;TYPE:SOLID-FILL
;WIDTH:0.400
G1 F900 Z2.200
G1 F1500 E267.1490
G1 F3000 X132.061 Y89.635 E267.1664
G1 X132.061 Y89.069 E267.1853
G1 X132.061 Y88.504 E267.2040
G1 X132.061 Y87.938 E267.2229
G1 X132.061 Y87.372 E267.2417
G1 X132.061 Y86.806 E267.2605
G1 X132.061 Y86.241 E267.2793
G1 X132.061 Y85.675 E267.2981
G1 X132.061 Y85.109 E267.3170
G1 X132.061 Y84.544 E267.3358
G1 X132.061 Y83.978 E267.3546
G1 X132.061 Y83.412 E267.3734
G1 X131.861 Y82.930 E267.3908
G0 F4200 X131.861 Y82.364
G1 F3000 X132.462 Y82.964 E267.4190
G1 F3000 E262.4190
G1 F900 Z2.500
G0 F4200 X132.262 Y82.199
G1 F900 Z2.200
G1 F1500 E267.4190
G1 F3000 X132.061 Y81.715 E267.4378
G1 X132.061 Y81.150 E267.4566
G1 X132.061 Y80.584 E267.4755
G1 X132.061 Y80.018 E267.4943
G1 X132.061 Y79.453 E267.5131
G1 X132.061 Y78.887 E267.5319
G1 X132.061 Y78.321 E267.5507
G1 X132.061 Y77.756 E267.5695
G1 X132.061 Y77.190 E267.5883
G1 X132.061 Y76.624 E267.6072
G1 X132.061 Y76.058 E267.6260
G1 X131.907 Y75.622 E267.6414
G1 F3000 E262.6414
G1 F900 Z2.500
G0 F4200 X133.510 Y82.599
;TYPE:SOLID-FILL
;WIDTH:0.400
G1 F900 Z2.200
G1 F1500 E267.6414
G1 F2700 X134.040 Y83.128 E267.6663
G1 X134.019 Y83.138 E267.6670
G1 X133.484 Y83.138 E267.6848
G1 X132.945 Y82.599 E267.7102
G1 X132.542 Y82.599 E267.7236
G1 X132.542 Y82.761 E267.7290
G1 X132.566 Y82.785 E267.7301
G0 F2700 X132.919 Y83.138
G1 F3000 E262.7301
G1 F900 Z2.500
G0 F4200 X134.019 Y82.598
G1 F900 Z2.200
G1 F1500 E267.7301
G1 F2700 X134.062 Y82.618 E267.7317
G0 F2700 X134.124 Y82.646
G0 F2700 X134.429 Y82.952
G0 F4200 X133.651 Y82.457
;TYPE:SOLID-FILL
;WIDTH:0.400
G1 F3000 X133.593 Y82.399 E267.7344
G1 F3000 E262.7344
G1 F900 Z2.500
G0 F4200 X132.776 Y83.279
G1 F900 Z2.200
G1 F1500 E267.7344
G1 F3000 X132.836 Y83.338 E267.7372
;LAYER:11
;Z:2.400
;HEIGHT:0.200
G1 F3000 E262.7372
G0 F900 Z2.400
G0 F4200 X131.781 Y90.287
;TYPE:WALL-INNER
;WIDTH:0.400
G1 F900 Z2.400
G1 F1500 E267.7372
G1 F2700 X131.696 Y90.158 E267.7424
G1 X131.663 Y89.977 E267.7485
G1 X131.663 Y75.760 E268.2213
G1 X131.696 Y75.579 E268.2275
G1 X131.781 Y75.451 E268.2326
G1 X131.912 Y75.364 E268.2378
G1 X131.985 Y75.341 E268.2403
G1 X132.140 Y75.341 E268.2455
G1 X132.283 Y75.402 E268.2507
G1 X132.392 Y75.509 E268.2558
G1 X132.452 Y75.656 E268.2610
G1 X132.463 Y75.762 E268.2646
G1 X132.463 Y82.319 E268.4827
G1 X134.082 Y82.319 E268.5365
G1 X135.145 Y82.805 E268.5754
G1 X135.145 Y82.933 E268.5796
G1 X134.082 Y83.419 E268.6185
G1 X132.463 Y83.419 E268.6724
G1 X132.463 Y89.975 E268.8904
G1 X132.429 Y90.159 E268.8966
G1 X132.344 Y90.287 E268.9018
G1 X132.245 Y90.353 E268.9057
G0 F2700 X132.214 Y90.373
G0 F2700 X132.087 Y90.401
G0 F2700 X131.892 Y90.364
G0 F2700 X131.781 Y90.287
G1 F3000 E263.9057
G0 F4200 X131.497 Y90.571
;TYPE:WALL-OUTER
;WIDTH:0.400
G1 F900 Z2.400
G1 F1500 E268.9057
G1 F2700 X131.398 Y90.450 E268.9109
G1 X131.325 Y90.312 E268.9161
G1 X131.279 Y90.162 E268.9213
G1 X131.263 Y89.996 E268.9269
G1 X131.263 Y75.741 E269.4010
G1 X131.279 Y75.575 E269.4065
G1 X131.325 Y75.426 E269.4117
G1 X131.398 Y75.287 E269.4169
G1 X131.497 Y75.166 E269.4221
G1 X131.619 Y75.067 E269.4274
G1 X131.757 Y74.993 E269.4326
G1 X131.906 Y74.947 E269.4378
G1 X132.063 Y74.932 E269.4430
G1 X132.219 Y74.947 E269.4482
G1 X132.368 Y74.993 E269.4534
G1 X132.506 Y75.067 E269.4586
G1 X132.628 Y75.166 E269.4638
G1 X132.727 Y75.287 E269.4690
G1 X132.800 Y75.426 E269.4743
G1 X132.846 Y75.576 E269.4795
G1 X132.863 Y75.741 E269.4850
G1 X132.863 Y81.919 E269.6905
G1 X134.169 Y81.919 E269.7339
G1 X135.566 Y82.558 E269.7850
G1 X135.704 Y82.717 E269.7920
G1 X135.736 Y82.878 E269.7975
G1 X135.683 Y83.056 E269.8037
G1 X135.575 Y83.176 E269.8090
G1 X134.169 Y83.819 E269.8604
G1 X132.863 Y83.819 E269.9039
G1 X132.863 Y89.996 E270.1093
G1 X132.846 Y90.161 E270.1149
G1 X132.800 Y90.312 E270.1201
G1 X132.727 Y90.450 E270.1253
G1 X132.628 Y90.571 E270.1305
G1 X132.506 Y90.671 E270.1357
G1 X132.368 Y90.744 E270.1409
G1 X132.219 Y90.790 E270.1461
G1 X132.068 Y90.805 E270.1512
G1 X131.941 Y90.780 E270.1555
G0 F2700 X131.757 Y90.745
G0 F2700 X131.619 Y90.671
G0 F2700 X131.497 Y90.571
G1 F3000 E265.1555
G0 F4200 X131.910 Y90.120
;TYPE:SOLID-FILL
;WIDTH:0.400
G1 F900 Z2.400
G1 F1500 E270.1555
G1 F3000 X132.062 Y89.686 E270.1720
G1 X132.062 Y89.120 E270.1908
G1 X132.062 Y88.554 E270.2096
G1 X132.062 Y87.989 E270.2283
G1 X132.062 Y87.423 E270.2471
G1 X132.062 Y86.857 E270.2659
G1 X132.062 Y86.292 E270.2846
G1 X132.062 Y85.726 E270.3034
G1 X132.062 Y85.160 E270.3222
G1 X132.062 Y84.594 E270.3409
G1 X132.062 Y84.029 E270.3597
G1 X132.262 Y83.546 E270.3770
G0 F4200 X131.862 Y83.380
G1 F3000 X132.462 Y82.780 E270.4053
G0 F4200 X132.262 Y82.415
G1 F3000 X131.862 Y82.531 E270.4240
G1 X132.062 Y81.766 E270.4428
G1 X132.062 Y81.200 E270.4616
G1 X132.062 Y80.635 E270.4803
G1 X132.062 Y80.069 E270.4991
G1 X132.062 Y79.503 E270.5179
G1 X132.062 Y78.938 E270.5366
G1 X132.062 Y78.372 E270.5554
G1 X132.062 Y77.806 E270.5742
G1 X132.062 Y77.241 E270.5929
G1 X132.062 Y76.675 E270.6117
G1 X132.062 Y76.109 E270.6305
G1 X132.234 Y75.654 E270.6467
G1 F3000 E265.6467
G1 F900 Z2.700
G0 F4200 X132.927 Y82.598
;TYPE:SOLID-FILL
;WIDTH:0.400
G1 F900 Z2.400
G1 F1500 E270.6467
G1 F2700 X132.542 Y82.983 E270.6648
G1 X132.542 Y83.139 E270.6700
G1 X132.952 Y83.139 E270.6836
G1 X133.140 Y82.951 E270.6924
G0 F2700 X133.493 Y82.598
G0 F4200 X134.019 Y82.598
G1 F2700 X134.046 Y82.610 E270.6934
G1 X133.518 Y83.139 E270.7183
G1 X134.019 Y83.138 E270.7349
G1 X134.065 Y83.117 E270.7366
G0 F2700 X134.138 Y83.085
G0 F2700 X134.435 Y82.788
G1 F3000 E265.7366
G1 F900 Z2.700
G0 F4200 X133.975 Y82.399
;TYPE:SOLID-FILL
;WIDTH:0.400
G1 F900 Z2.400
G1 F1500 E270.7366
G1 F3000 X133.656 Y82.434 E270.7399
G1 X133.097 Y82.428 E270.7426
G1 X132.785 Y82.457 E270.7530
G1 F3000 E265.7530
G1 F900 Z2.700
G0 F4200 X123.781 Y90.287
;TYPE:WALL-INNER
;WIDTH:0.400
G1 F900 Z2.400
G1 F1500 E270.7530
G1 F2700 X123.696 Y90.158 E270.7582
G1 X123.663 Y89.977 E270.7643
G1 X123.663 Y75.760 E271.2371
G1 X123.696 Y75.579 E271.2433
G1 X123.781 Y75.451 E271.2484
G1 X123.912 Y75.364 E271.2536
G1 X123.985 Y75.341 E271.2561
G1 X124.140 Y75.341 E271.2613
G1 X124.283 Y75.402 E271.2665
G1 X124.392 Y75.509 E271.2716
G1 X124.452 Y75.656 E271.2768
G1 X124.463 Y75.762 E271.2804
G1 X124.463 Y82.319 E271.4985
G1 X126.082 Y82.319 E271.5523
G1 X127.145 Y82.805 E271.5912
G1 X127.145 Y82.933 E271.5954
G1 X126.082 Y83.419 E271.6343
G1 X124.463 Y83.419 E271.6882
G1 X124.463 Y89.975 E271.9062
G1 X124.429 Y90.159 E271.9124
G1 X124.344 Y90.287 E271.9176
G1 X124.245 Y90.353 E271.9215
G0 F2700 X124.214 Y90.373
G0 F2700 X124.087 Y90.401
G0 F2700 X123.892 Y90.364
G0 F2700 X123.781 Y90.287
G1 F3000 E266.9215
G0 F4200 X123.497 Y90.571
;TYPE:WALL-OUTER
;WIDTH:0.400
G1 F900 Z2.400
G1 F1500 E271.9215
G1 F2700 X123.398 Y90.450 E271.9267
G1 X123.325 Y90.312 E271.9319
G1 X123.279 Y90.162 E271.9371
G1 X123.263 Y89.996 E271.9427
G1 X123.263 Y75.741 E272.4168
G1 X123.279 Y75.575 E272.4223
G1 X123.325 Y75.426 E272.4275
G1 X123.398 Y75.287 E272.4328
G1 X123.497 Y75.166 E272.4379
G1 X123.619 Y75.067 E272.4432
G1 X123.757 Y74.993 E272.4484
G1 X123.906 Y74.947 E272.4536
G1 X124.063 Y74.932 E272.4588
G1 X124.219 Y74.947 E272.4640
G1 X124.368 Y74.993 E272.4692
G1 X124.506 Y75.067 E272.4744
G1 X124.628 Y75.166 E272.4796
G1 X124.727 Y75.287 E272.4848
G1 X124.800 Y75.426 E272.4901
G1 X124.846 Y75.576 E272.4953
G1 X124.863 Y75.741 E272.5008
G1 X124.863 Y81.919 E272.7063
G1 X126.169 Y81.919 E272.7497
G1 X127.566 Y82.558 E272.8008
G1 X127.704 Y82.717 E272.8078
G1 X127.736 Y82.878 E272.8133
G1 X127.683 Y83.056 E272.8195
G1 X127.575 Y83.176 E272.8248
G1 X126.169 Y83.819 E272.8763
G1 X124.863 Y83.819 E272.9197
G1 X124.863 Y89.996 E273.1251
G1 X124.846 Y90.161 E273.1307
G1 X124.800 Y90.312 E273.1359
G1 X124.727 Y90.450 E273.1411
G1 X124.628 Y90.571 E273.1463
G1 X124.506 Y90.671 E273.1515
G1 X124.368 Y90.744 E273.1567
G1 X124.219 Y90.790 E273.1619
G1 X124.068 Y90.805 E273.1670
G1 X123.941 Y90.780 E273.1713
G0 F2700 X123.757 Y90.745
G0 F2700 X123.619 Y90.671
G0 F2700 X123.497 Y90.571
G1 F3000 E268.1713
G0 F4200 X123.949 Y90.162
;TYPE:SOLID-FILL
;WIDTH:0.400
G1 F900 Z2.400
G1 F1500 E273.1713
G1 F3000 X124.061 Y89.766 E273.1860
G1 X124.061 Y89.201 E273.2047
G1 X124.061 Y88.635 E273.2234
G1 X124.061 Y88.069 E273.2422
G1 X124.061 Y87.504 E273.2609
G1 X124.061 Y86.938 E273.2796
G1 X124.061 Y86.372 E273.2984
G1 X124.061 Y85.806 E273.3171
G1 X124.061 Y85.241 E273.3358
G1 X124.061 Y84.675 E273.3546
G1 X124.061 Y84.109 E273.3733
G1 X124.261 Y83.627 E273.3907
G0 F4200 X123.862 Y83.461
G1 F3000 X124.462 Y82.861 E273.4189
G0 F4200 X124.261 Y82.496
G1 F3000 X123.862 Y82.612 E273.4376
G1 X124.061 Y81.847 E273.4564
G1 X124.061 Y81.281 E273.4751
G1 X124.061 Y80.715 E273.4938
G1 X124.061 Y80.150 E273.5126
G1 X124.061 Y79.584 E273.5313
G1 X124.061 Y79.018 E273.5500
G1 X124.061 Y78.453 E273.5688
G1 X124.061 Y77.887 E273.5875
G1 X124.061 Y77.321 E273.6063
G1 X124.061 Y76.756 E273.6250
G1 X124.061 Y76.190 E273.6437
G1 X124.255 Y75.714 E273.6608
G1 F3000 E268.6608
G1 F900 Z2.700
G0 F4200 X125.007 Y82.598
;TYPE:SOLID-FILL
;WIDTH:0.400
G1 F900 Z2.400
G1 F1500 E273.6608
G1 F2700 X124.542 Y83.063 E273.6827
G1 X124.542 Y83.138 E273.6852
G1 X125.033 Y83.138 E273.7015
G1 X125.220 Y82.951 E273.7103
G0 F2700 X125.573 Y82.598
G0 F4200 X126.019 Y82.598
G1 F2700 X126.101 Y82.636 E273.7133
G1 X125.599 Y83.138 E273.7369
G1 X126.019 Y83.138 E273.7509
G1 X126.031 Y83.132 E273.7514
G0 F2700 X126.286 Y83.017
G0 F2700 X126.442 Y82.861
G1 F3000 E268.7514
G1 F900 Z2.700
G0 F4200 X126.055 Y82.399
;TYPE:SOLID-FILL
;WIDTH:0.400
G1 F900 Z2.400
G1 F1500 E273.7514
G1 F3000 X125.724 Y82.447 E273.7558
G1 X125.177 Y82.428 E273.7585
G1 X124.865 Y82.457 E273.7689
G1 F3000 E268.7689
G1 F900 Z2.700
G0 F4200 X115.892 Y90.364
;TYPE:WALL-INNER
;WIDTH:0.400
G1 F900 Z2.400
G1 F1500 E273.7689
G1 F2700 X115.781 Y90.287 E273.7734
G1 X115.696 Y90.158 E273.7786
G1 X115.663 Y89.977 E273.7847
G1 X115.663 Y75.760 E274.2575
G1 X115.696 Y75.579 E274.2637
G1 X115.781 Y75.451 E274.2688
G1 X115.912 Y75.364 E274.2740
G1 X115.985 Y75.341 E274.2766
G1 X116.140 Y75.341 E274.2817
G1 X116.283 Y75.402 E274.2869
G1 X116.392 Y75.509 E274.2920
G1 X116.452 Y75.656 E274.2972
G1 X116.463 Y75.762 E274.3008
G1 X116.463 Y82.319 E274.5189
G1 X118.082 Y82.319 E274.5727
G1 X119.145 Y82.805 E274.6116
G1 X119.145 Y82.933 E274.6159
G1 X118.082 Y83.419 E274.6547
G1 X116.463 Y83.419 E274.7086
G1 X116.463 Y89.975 E274.9266
G1 X116.429 Y90.159 E274.9329
G1 X116.353 Y90.273 E274.9374
G0 F2700 X116.344 Y90.287
G0 F2700 X116.214 Y90.373
G0 F2700 X116.087 Y90.401
G0 F2700 X115.892 Y90.364
G1 F3000 E269.9374
G0 F4200 X115.757 Y90.745
;TYPE:WALL-OUTER
;WIDTH:0.400
G1 F900 Z2.400
G1 F1500 E274.9374
G1 F2700 X115.619 Y90.671 E274.9426
G1 X115.497 Y90.571 E274.9479
G1 X115.398 Y90.450 E274.9531
G1 X115.325 Y90.312 E274.9583
G1 X115.279 Y90.162 E274.9635
G1 X115.263 Y89.996 E274.9690
G1 X115.263 Y75.741 E275.4431
G1 X115.279 Y75.575 E275.4487
G1 X115.325 Y75.426 E275.4539
G1 X115.398 Y75.287 E275.4591
G1 X115.497 Y75.166 E275.4643
G1 X115.619 Y75.067 E275.4695
G1 X115.757 Y74.993 E275.4747
G1 X115.906 Y74.947 E275.4799
G1 X116.063 Y74.932 E275.4852
G1 X116.219 Y74.947 E275.4904
G1 X116.368 Y74.993 E275.4956
G1 X116.506 Y75.067 E275.5008
G1 X116.628 Y75.166 E275.5060
G1 X116.727 Y75.287 E275.5112
G1 X116.800 Y75.426 E275.5164
G1 X116.846 Y75.576 E275.5216
G1 X116.863 Y75.741 E275.5272
G1 X116.863 Y81.919 E275.7326
G1 X118.169 Y81.919 E275.7761
G1 X119.566 Y82.558 E275.8272
G1 X119.704 Y82.717 E275.8342
G1 X119.736 Y82.878 E275.8396
G1 X119.683 Y83.056 E275.8458
G1 X119.575 Y83.176 E275.8512
G1 X118.169 Y83.819 E275.9026
G1 X116.863 Y83.819 E275.9460
G1 X116.863 Y89.996 E276.1515
G1 X116.846 Y90.161 E276.1570
G1 X116.800 Y90.312 E276.1623
G1 X116.727 Y90.450 E276.1674
G1 X116.628 Y90.571 E276.1726
G1 X116.506 Y90.671 E276.1779
G1 X116.368 Y90.744 E276.1831
G1 X116.250 Y90.781 E276.1872
G0 F2700 X116.219 Y90.790
G0 F2700 X116.068 Y90.805
G0 F2700 X115.757 Y90.745
G1 F3000 E271.1872
G0 F4200 X116.008 Y90.183
;TYPE:SOLID-FILL
;WIDTH:0.400
G1 F900 Z2.400
G1 F1500 E276.1872
G1 F3000 X116.062 Y89.846 E276.1991
G1 X116.062 Y89.281 E276.2179
G1 X116.062 Y88.715 E276.2367
G1 X116.062 Y88.149 E276.2555
G1 X116.062 Y87.584 E276.2743
G1 X116.062 Y87.018 E276.2931
G1 X116.062 Y86.452 E276.3119
G1 X116.062 Y85.887 E276.3307
G1 X116.062 Y85.321 E276.3495
G1 X116.062 Y84.755 E276.3682
G1 X116.062 Y84.189 E276.3871
G1 X116.262 Y83.707 E276.4044
G0 F4200 X115.862 Y83.541
G1 F3000 X116.462 Y82.941 E276.4326
G0 F4200 X116.319 Y82.518
G1 F3000 X115.862 Y82.693 E276.4542
G1 X116.061 Y81.927 E276.4729
G1 X116.061 Y81.362 E276.4917
G1 X116.061 Y80.796 E276.5104
G1 X116.061 Y80.230 E276.5291
G1 X116.061 Y79.665 E276.5479
G1 X116.061 Y79.099 E276.5666
G1 X116.061 Y78.533 E276.5853
G1 X116.061 Y77.967 E276.6041
G1 X116.061 Y77.402 E276.6228
G1 X116.061 Y76.836 E276.6415
G1 X116.061 Y76.270 E276.6603
G1 X116.261 Y75.788 E276.6776
G1 F3000 E271.6776
G1 F900 Z2.700
G0 F4200 X117.088 Y82.598
;TYPE:SOLID-FILL
;WIDTH:0.400
G1 F900 Z2.400
G1 F1500 E276.6776
G1 F2700 X116.548 Y83.138 E276.7030
G1 X117.113 Y83.138 E276.7218
G1 X117.300 Y82.951 E276.7306
G0 F2700 X117.654 Y82.598
G0 F4200 X118.019 Y82.599
G1 F2700 X118.156 Y82.661 E276.7356
G1 X117.679 Y83.138 E276.7581
G1 X117.974 Y83.138 E276.7679
G0 F2700 X118.018 Y83.138
G0 F2700 X118.434 Y82.949
G1 F3000 E271.7679
G1 F900 Z2.700
G0 F4200 X118.014 Y82.520
;TYPE:SOLID-FILL
;WIDTH:0.400
G1 F900 Z2.400
G1 F1500 E276.7679
G1 F3000 X117.827 Y82.424 E276.7711
G1 X117.259 Y82.427 E276.7738
G1 X116.692 Y82.427 E276.7765
G1 X116.342 Y82.496 E276.7884
G1 F3000 E271.7884
G1 F900 Z2.700
G0 F4200 X107.892 Y90.364
;TYPE:WALL-INNER
;WIDTH:0.400
G1 F900 Z2.400
G1 F1500 E276.7884
G1 F2700 X107.781 Y90.287 E276.7929
G1 X107.696 Y90.158 E276.7980
G1 X107.663 Y89.977 E276.8042
G1 X107.663 Y75.760 E277.2770
G1 X107.696 Y75.579 E277.2831
G1 X107.781 Y75.451 E277.2883
G1 X107.912 Y75.364 E277.2935
G1 X107.985 Y75.341 E277.2960
G1 X108.140 Y75.341 E277.3012
G1 X108.283 Y75.402 E277.3064
G1 X108.392 Y75.509 E277.3114
G1 X108.452 Y75.656 E277.3167
G1 X108.463 Y75.762 E277.3203
G1 X108.463 Y82.319 E277.5383
G1 X110.082 Y82.319 E277.5922
G1 X111.145 Y82.805 E277.6311
G1 X111.145 Y82.933 E277.6353
G1 X110.082 Y83.419 E277.6742
G1 X108.463 Y83.419 E277.7281
G1 X108.463 Y89.975 E277.9461
G1 X108.429 Y90.159 E277.9523
G1 X108.353 Y90.273 E277.9569
G0 F2700 X108.344 Y90.287
G0 F2700 X108.214 Y90.373
G0 F2700 X108.087 Y90.401
G0 F2700 X107.892 Y90.364
G1 F3000 E272.9569
G0 F4200 X107.757 Y90.745
;TYPE:WALL-OUTER
;WIDTH:0.400
G1 F900 Z2.400
G1 F1500 E277.9569
G1 F2700 X107.619 Y90.671 E277.9621
G1 X107.497 Y90.571 E277.9673
G1 X107.398 Y90.450 E277.9725
G1 X107.325 Y90.312 E277.9777
G1 X107.279 Y90.162 E277.9830
G1 X107.263 Y89.996 E277.9885
G1 X107.263 Y75.741 E278.4626
G1 X107.279 Y75.575 E278.4682
G1 X107.325 Y75.426 E278.4734
G1 X107.398 Y75.287 E278.4786
G1 X107.497 Y75.166 E278.4838
G1 X107.619 Y75.067 E278.4890
G1 X107.757 Y74.993 E278.4942
G1 X107.906 Y74.947 E278.4994
G1 X108.063 Y74.932 E278.5046
G1 X108.219 Y74.947 E278.5099
G1 X108.368 Y74.993 E278.5150
G1 X108.506 Y75.067 E278.5203
G1 X108.628 Y75.166 E278.5255
G1 X108.727 Y75.287 E278.5307
G1 X108.800 Y75.426 E278.5359
G1 X108.846 Y75.576 E278.5411
G1 X108.863 Y75.741 E278.5466
G1 X108.863 Y81.919 E278.7521
G1 X110.169 Y81.919 E278.7956
G1 X111.566 Y82.558 E278.8466
G1 X111.704 Y82.717 E278.8536
G1 X111.736 Y82.878 E278.8591
G1 X111.683 Y83.056 E278.8653
G1 X111.575 Y83.176 E278.8707
G1 X110.169 Y83.819 E278.9221
G1 X108.863 Y83.819 E278.9655
G1 X108.863 Y89.996 E279.1710
G1 X108.846 Y90.161 E279.1765
G1 X108.800 Y90.312 E279.1817
G1 X108.727 Y90.450 E279.1869
G1 X108.628 Y90.571 E279.1921
G1 X108.506 Y90.671 E279.1974
G1 X108.368 Y90.744 E279.2026
G1 X108.250 Y90.781 E279.2067
G0 F2700 X108.219 Y90.790
G0 F2700 X108.068 Y90.805
G0 F2700 X107.757 Y90.745
G1 F3000 E274.2067
G0 F4200 X108.076 Y90.196
;TYPE:SOLID-FILL
;WIDTH:0.400
G1 F900 Z2.400
G1 F1500 E279.2067
G1 F3000 X108.055 Y89.933 E279.2148
G1 X108.062 Y89.361 E279.2336
G1 X108.062 Y88.795 E279.2523
G1 X108.062 Y88.230 E279.2711
G1 X108.062 Y87.664 E279.2899
G1 X108.062 Y87.098 E279.3086
G1 X108.062 Y86.533 E279.3273
G1 X108.062 Y85.967 E279.3461
G1 X108.062 Y85.401 E279.3649
G1 X108.062 Y84.836 E279.3836
G1 X108.062 Y84.270 E279.4024
G1 X108.062 Y83.704 E279.4212
G1 X108.263 Y83.220 E279.4399
G1 X108.431 Y82.770 E279.4492
G1 X107.862 Y82.773 E279.4744
G1 X108.062 Y82.007 E279.4932
G1 X108.062 Y81.441 E279.5119
G1 X108.062 Y80.876 E279.5307
G1 X108.062 Y80.310 E279.5494
G1 X108.062 Y79.744 E279.5682
G1 X108.062 Y79.179 E279.5869
G1 X108.062 Y78.613 E279.6057
G1 X108.062 Y78.047 E279.6244
G1 X108.062 Y77.482 E279.6432
G1 X108.062 Y76.916 E279.6619
G1 X108.062 Y76.350 E279.6807
G1 X108.142 Y75.704 E279.6995
G1 X107.880 Y75.684 E279.7082
G1 F3000 E274.7082
G1 F900 Z2.700
G0 F4200 X108.542 Y82.659
;TYPE:SOLID-FILL
;WIDTH:0.400
G1 F900 Z2.400
G1 F1500 E279.7082
G1 F2700 X108.603 Y82.598 E279.7111
G1 X109.168 Y82.598 E279.7299
G1 X108.627 Y83.139 E279.7553
G1 X109.193 Y83.139 E279.7741
G1 X109.381 Y82.951 E279.7830
G0 F2700 X109.734 Y82.598
G0 F4200 X109.759 Y83.139
G1 F2700 X110.008 Y82.890 E279.7947
G0 F2700 X110.212 Y82.686
G0 F2700 X110.019 Y82.599
G1 F3000 E274.7947
G1 F900 Z2.700
G0 F4200 X109.900 Y83.280
;TYPE:SOLID-FILL
;WIDTH:0.400
G1 F900 Z2.400
G1 F1500 E279.7947
G1 F3000 X109.842 Y83.338 E279.7974
G1 F3000 E274.7974
G1 F900 Z2.700
G0 F4200 X102.034 Y83.269
;TYPE:WALL-INNER
;WIDTH:0.400
G1 F900 Z2.400
G1 F1500 E279.7974
G1 F2700 X90.092 Y83.269 E280.1946
G1 X89.912 Y83.236 E280.2007
G1 X89.781 Y83.149 E280.2059
G1 X89.733 Y83.091 E280.2084
G1 X89.673 Y82.946 E280.2136
G1 X89.671 Y82.811 E280.2181
G1 X89.747 Y82.629 E280.2247
G1 X89.781 Y82.588 E280.2265
G1 X89.911 Y82.502 E280.2317
G1 X89.985 Y82.479 E280.2342
G1 X95.513 Y82.469 E280.4181
G1 X95.513 Y65.849 E280.9709
G1 X96.001 Y64.781 E281.0099
G1 X96.128 Y64.781 E281.0142
G1 X96.612 Y65.848 E281.0531
G1 X96.612 Y82.469 E281.6059
G1 X102.140 Y82.479 E281.7898
G1 X102.283 Y82.539 E281.7950
G1 X102.344 Y82.588 E281.7976
G1 X102.429 Y82.716 E281.8027
G1 X102.460 Y82.869 E281.8079
G1 X102.430 Y83.014 E281.8128
G0 F2700 X102.429 Y83.021
G0 F2700 X102.344 Y83.149
G0 F2700 X102.283 Y83.198
G0 F2700 X102.140 Y83.259
G0 F2700 X102.034 Y83.269
G1 F3000 E276.8128
G0 F4200 X102.053 Y83.669
;TYPE:WALL-OUTER
;WIDTH:0.400
G1 F900 Z2.400
G1 F1500 E281.8128
G1 F2700 X90.073 Y83.669 E282.2112
G1 X89.906 Y83.653 E282.2168
G1 X89.757 Y83.607 E282.2220
G1 X89.619 Y83.533 E282.2272
G1 X89.497 Y83.434 E282.2324
G1 X89.398 Y83.313 E282.2376
G1 X89.325 Y83.174 E282.2429
G1 X89.279 Y83.025 E282.2481
G1 X89.264 Y82.869 E282.2533
G1 X89.279 Y82.713 E282.2585
G1 X89.401 Y82.421 E282.2690
G1 X89.497 Y82.304 E282.2740
G1 X89.619 Y82.204 E282.2793
G1 X89.757 Y82.131 E282.2845
G1 X89.906 Y82.085 E282.2897
G1 X90.073 Y82.069 E282.2952
G1 X95.113 Y82.069 E282.4629
G1 X95.113 Y65.762 E283.0052
G1 X95.753 Y64.360 E283.0565
G1 X95.815 Y64.292 E283.0596
G1 X95.980 Y64.205 E283.0658
G1 X96.135 Y64.205 E283.0709
G1 X96.278 Y64.264 E283.0761
G1 X96.401 Y64.414 E283.0825
G1 X97.012 Y65.762 E283.1318
G1 X97.012 Y82.069 E283.6741
G1 X102.053 Y82.069 E283.8418
G1 X102.219 Y82.085 E283.8473
G1 X102.368 Y82.131 E283.8525
G1 X102.506 Y82.204 E283.8577
G1 X102.628 Y82.304 E283.8630
G1 X102.727 Y82.425 E283.8682
G1 X102.800 Y82.563 E283.8734
G1 X102.846 Y82.714 E283.8786
G1 X102.862 Y82.869 E283.8838
G1 X102.846 Y83.024 E283.8890
G1 X102.800 Y83.174 E283.8942
G1 X102.727 Y83.313 E283.8994
G1 X102.628 Y83.434 E283.9046
G1 X102.523 Y83.519 E283.9091
G0 F2700 X102.506 Y83.533
G0 F2700 X102.368 Y83.607
G0 F2700 X102.219 Y83.653
G0 F2700 X102.053 Y83.669
G1 F3000 E278.9091
G0 F4200 X101.626 Y83.069
;TYPE:SOLID-FILL
;WIDTH:0.400
G1 F900 Z2.400
G1 F1500 E283.9091
G1 F3000 X101.734 Y82.677 E283.9275
G1 X100.974 Y82.873 E283.9459
G1 X100.409 Y82.872 E283.9643
G1 X99.843 Y82.871 E283.9828
G1 X99.279 Y82.871 E284.0013
G1 X98.713 Y82.870 E284.0199
G1 X98.148 Y82.870 E284.0385
G1 X97.583 Y82.869 E284.0572
G1 X96.930 Y82.956 E284.0759
G1 X96.935 Y82.669 E284.0855
G1 F3000 E279.0855
G1 F900 Z2.700
G0 F4200 X96.333 Y82.988
;TYPE:SOLID-FILL
;WIDTH:0.400
G1 F900 Z2.400
G1 F1500 E284.0855
G1 F2700 X96.573 Y82.749 E284.0967
G1 X96.331 Y82.749 E284.1048
G1 X96.331 Y82.425 E284.1156
G1 X95.767 Y82.988 E284.1421
G1 X95.443 Y82.988 E284.1528
G1 X95.443 Y82.749 E284.1608
G1 X95.792 Y82.749 E284.1724
G1 X95.792 Y82.398 E284.1841
G1 X96.331 Y81.859 E284.2094
G1 X96.331 Y81.293 E284.2283
G1 X95.792 Y81.832 E284.2536
G1 X95.792 Y81.267 E284.2724
G1 X96.331 Y80.728 E284.2978
G1 X96.331 Y80.162 E284.3166
G1 X95.792 Y80.701 E284.3419
G1 X95.792 Y80.135 E284.3608
G1 X96.331 Y79.596 E284.3861
G1 X96.331 Y79.031 E284.4049
G1 X95.792 Y79.570 E284.4303
G1 X95.792 Y79.004 E284.4491
G1 X96.331 Y78.465 E284.4744
G1 X96.331 Y77.899 E284.4933
G1 X95.792 Y78.438 E284.5186
G1 X95.792 Y77.872 E284.5374
G1 X96.331 Y77.334 E284.5628
G1 X96.331 Y76.768 E284.5816
G1 X95.792 Y77.307 E284.6069
G1 X95.792 Y76.741 E284.6258
G1 X96.331 Y76.202 E284.6511
G1 X96.331 Y75.637 E284.6699
G1 X95.792 Y76.175 E284.6952
G1 X95.792 Y75.610 E284.7140
G1 X96.331 Y75.071 E284.7394
G1 X96.331 Y74.505 E284.7582
G1 X95.792 Y75.044 E284.7836
G1 X95.792 Y74.478 E284.8024
G1 X96.331 Y73.940 E284.8277
G1 X96.331 Y73.374 E284.8465
G1 X95.792 Y73.913 E284.8719
G1 X95.792 Y73.347 E284.8907
G1 X96.331 Y72.808 E284.9161
G1 X96.331 Y72.242 E284.9349
G1 X95.792 Y72.781 E284.9603
G1 X95.792 Y72.216 E284.9790
G1 X96.331 Y71.677 E285.0044
G1 X96.331 Y71.111 E285.0232
G1 X95.792 Y71.650 E285.0486
G1 X95.792 Y71.084 E285.0674
G1 X96.331 Y70.545 E285.0928
G1 X96.331 Y69.980 E285.1115
G1 X95.792 Y70.519 E285.1369
G1 X95.792 Y69.953 E285.1557
G1 X96.331 Y69.414 E285.1811
G1 X96.331 Y68.848 E285.1999
G1 X95.792 Y69.387 E285.2253
G1 X95.792 Y68.821 E285.2441
G1 X96.331 Y68.283 E285.2694
G1 X96.331 Y67.717 E285.2882
G1 X95.792 Y68.256 E285.3136
G1 X95.792 Y67.690 E285.3324
G1 X96.331 Y67.151 E285.3578
G1 X96.331 Y66.586 E285.3766
G1 X95.792 Y67.124 E285.4019
G1 X95.792 Y66.559 E285.4207
G1 X96.331 Y66.020 E285.4460
G1 X96.331 Y65.908 E285.4498
G1 X96.189 Y65.596 E285.4612
G1 X96.145 Y65.640 E285.4632
G0 F2700 X95.792 Y65.993
G0 F4200 X95.651 Y65.852
;TYPE:SOLID-FILL
;WIDTH:0.400
G1 F3000 X95.592 Y65.910 E285.4660
G1 F3000 E280.4660
G1 F900 Z2.700
G0 F4200 X96.879 Y82.725
G1 F900 Z2.400
G1 F1500 E285.4660
G1 F3000 X96.645 Y82.959 E285.4689
G1 X96.416 Y83.188 E285.4797
G1 F3000 E280.4797
G1 F900 Z2.700
G0 F4200 X95.238 Y82.669
G1 F900 Z2.400
G1 F1500 E285.4797
G1 F3000 X94.754 Y82.869 E285.4985
G1 X94.188 Y82.870 E285.5172
G1 X93.622 Y82.870 E285.5358
G1 X93.056 Y82.871 E285.5545
G1 X92.489 Y82.871 E285.5731
G1 X91.924 Y82.872 E285.5916
G1 X91.357 Y82.872 E285.6101
G1 X90.791 Y82.873 E285.6285
G1 X90.225 Y82.873 E285.6469
G1 X89.883 Y82.933 E285.6585
G1 F3000 E280.6585
G1 F900 Z2.700
G0 F4200 X92.140 Y88.259
;TYPE:WALL-INNER
;WIDTH:0.400
G1 F900 Z2.400
G1 F1500 E285.6585
G1 F2700 X92.034 Y88.269 E285.6620
G1 X80.092 Y88.269 E286.0592
G1 X79.912 Y88.236 E286.0653
G1 X79.781 Y88.149 E286.0705
G1 X79.733 Y88.091 E286.0730
G1 X79.673 Y87.946 E286.0782
G1 X79.671 Y87.811 E286.0827
G1 X79.747 Y87.629 E286.0893
G1 X79.781 Y87.588 E286.0910
G1 X79.911 Y87.502 E286.0962
G1 X79.985 Y87.479 E286.0988
G1 X85.513 Y87.469 E286.2827
G1 X85.513 Y70.849 E286.8355
G1 X86.001 Y69.781 E286.8745
G1 X86.128 Y69.781 E286.8787
G1 X86.612 Y70.848 E286.9177
G1 X86.612 Y87.469 E287.4705
G1 X92.140 Y87.479 E287.6544
G1 X92.283 Y87.539 E287.6595
G1 X92.344 Y87.588 E287.6621
G1 X92.429 Y87.716 E287.6673
G1 X92.460 Y87.869 E287.6724
G1 X92.451 Y87.910 E287.6738
G0 F2700 X92.429 Y88.021
G0 F2700 X92.344 Y88.149
G0 F2700 X92.283 Y88.198
G0 F2700 X92.140 Y88.259
G1 F3000 E282.6738
G0 F4200 X92.219 Y88.653
;TYPE:WALL-OUTER
;WIDTH:0.400
G1 F900 Z2.400
G1 F1500 E287.6738
G1 F2700 X92.053 Y88.669 E287.6794
G1 X80.073 Y88.669 E288.0778
G1 X79.906 Y88.653 E288.0834
G1 X79.757 Y88.607 E288.0886
G1 X79.619 Y88.533 E288.0938
G1 X79.497 Y88.434 E288.0990
G1 X79.398 Y88.313 E288.1042
G1 X79.325 Y88.174 E288.1095
G1 X79.279 Y88.025 E288.1147
G1 X79.264 Y87.869 E288.1199
G1 X79.279 Y87.713 E288.1251
G1 X79.401 Y87.421 E288.1356
G1 X79.497 Y87.304 E288.1406
G1 X79.619 Y87.204 E288.1459
G1 X79.757 Y87.131 E288.1511
G1 X79.906 Y87.085 E288.1563
G1 X80.073 Y87.069 E288.1618
G1 X85.113 Y87.069 E288.3295
G1 X85.113 Y70.762 E288.8718
G1 X85.753 Y69.360 E288.9231
G1 X85.815 Y69.293 E288.9261
G1 X85.980 Y69.205 E288.9324
G1 X86.135 Y69.205 E288.9375
G1 X86.278 Y69.264 E288.9427
G1 X86.401 Y69.414 E288.9491
G1 X87.012 Y70.762 E288.9983
G1 X87.012 Y87.069 E289.5407
G1 X92.053 Y87.069 E289.7084
G1 X92.219 Y87.085 E289.7139
G1 X92.368 Y87.131 E289.7191
G1 X92.506 Y87.204 E289.7243
G1 X92.628 Y87.304 E289.7296
G1 X92.727 Y87.425 E289.7348
G1 X92.800 Y87.563 E289.7399
G1 X92.846 Y87.714 E289.7452
G1 X92.862 Y87.869 E289.7504
G1 X92.846 Y88.024 E289.7556
G1 X92.800 Y88.174 E289.7608
G1 X92.727 Y88.313 E289.7660
G1 X92.648 Y88.410 E289.7702
G0 F2700 X92.628 Y88.434
G0 F2700 X92.506 Y88.533
G0 F2700 X92.368 Y88.607
G0 F2700 X92.219 Y88.653
G1 F3000 E284.7702
G0 F4200 X92.121 Y88.049
;TYPE:SOLID-FILL
;WIDTH:0.400
G1 F900 Z2.400
G1 F1500 E289.7702
G1 F3000 X92.084 Y87.803 E289.7758
G1 X91.448 Y87.872 E289.7941
G1 X90.883 Y87.872 E289.8125
G1 X90.318 Y87.871 E289.8309
G1 X89.753 Y87.871 E289.8493
G1 X89.188 Y87.870 E289.8678
G1 X88.622 Y87.870 E289.8864
G1 X88.057 Y87.869 E289.9050
G1 X87.492 Y87.868 E289.9237
G1 X86.885 Y87.910 E289.9424
G1 X86.844 Y87.669 E289.9506
G0 F4200 X86.483 Y87.747
;TYPE:SOLID-FILL
;WIDTH:0.400
G1 F2700 X86.242 Y87.988 E289.9619
G1 X85.677 Y87.988 E289.9807
G1 X86.331 Y87.334 E290.0114
G1 X86.331 Y86.768 E290.0303
G1 X85.792 Y87.307 E290.0556
G1 X85.792 Y86.741 E290.0745
G1 X86.331 Y86.202 E290.0998
G1 X86.331 Y85.636 E290.1186
G1 X85.792 Y86.175 E290.1440
G1 X85.792 Y85.610 E290.1628
G1 X86.331 Y85.071 E290.1881
G1 X86.331 Y84.505 E290.2070
G1 X85.792 Y85.044 E290.2323
G1 X85.792 Y84.478 E290.2511
G1 X86.331 Y83.939 E290.2765
G1 X86.331 Y83.374 E290.2953
G1 X85.792 Y83.913 E290.3206
G1 X85.792 Y83.347 E290.3395
G1 X86.331 Y82.808 E290.3648
G1 X86.331 Y82.242 E290.3836
G1 X85.792 Y82.781 E290.4090
G1 X85.792 Y82.216 E290.4278
G1 X86.331 Y81.677 E290.4531
G1 X86.331 Y81.111 E290.4720
G1 X85.792 Y81.650 E290.4973
G1 X85.792 Y81.084 E290.5161
G1 X86.331 Y80.545 E290.5415
G1 X86.331 Y79.980 E290.5603
G1 X85.792 Y80.518 E290.5856
G1 X85.792 Y79.953 E290.6044
G1 X86.331 Y79.414 E290.6298
G1 X86.331 Y78.848 E290.6486
G1 X85.792 Y79.387 E290.6739
G1 X85.792 Y78.821 E290.6928
G1 X86.331 Y78.283 E290.7181
G1 X86.331 Y77.717 E290.7369
G1 X85.792 Y78.256 E290.7623
G1 X85.792 Y77.690 E290.7811
G1 X86.331 Y77.151 E290.8064
G1 X86.331 Y76.586 E290.8252
G1 X85.792 Y77.124 E290.8506
G1 X85.792 Y76.559 E290.8694
G1 X86.331 Y76.020 E290.8947
G1 X86.331 Y75.454 E290.9135
G1 X85.792 Y75.993 E290.9389
G1 X85.792 Y75.427 E290.9577
G1 X86.331 Y74.888 E290.9831
G1 X86.331 Y74.323 E291.0019
G1 X85.792 Y74.862 E291.0272
G1 X85.792 Y74.296 E291.0460
G1 X86.331 Y73.757 E291.0714
G1 X86.331 Y73.191 E291.0902
G1 X85.792 Y73.730 E291.1156
G1 X85.792 Y73.165 E291.1344
G1 X86.331 Y72.626 E291.1597
G1 X86.331 Y72.060 E291.1785
G1 X85.792 Y72.599 E291.2039
G1 X85.792 Y72.033 E291.2227
G1 X86.331 Y71.494 E291.2481
G1 X86.331 Y70.929 E291.2669
G1 X85.792 Y71.467 E291.2922
G1 X85.792 Y70.910 E291.3107
G1 X85.800 Y70.894 E291.3113
G1 X85.807 Y70.887 E291.3116
G0 F2700 X86.160 Y70.533
G1 F3000 E286.3116
G1 F900 Z2.700
G0 F4200 X86.880 Y87.633
;TYPE:SOLID-FILL
;WIDTH:0.400
G1 F900 Z2.400
G1 F1500 E291.3116
G1 F3000 X86.625 Y87.888 E291.3236
G0 F4200 X85.433 Y87.949
G1 F3000 X85.195 Y87.903 E291.3325
G1 X84.664 Y87.868 E291.3513
G1 X84.098 Y87.869 E291.3700
G1 X83.532 Y87.870 E291.3886
G1 X82.965 Y87.870 E291.4072
G1 X82.400 Y87.871 E291.4257
G1 X81.833 Y87.871 E291.4442
G1 X81.267 Y87.872 E291.4627
G1 X80.701 Y87.872 E291.4810
G1 X80.047 Y87.960 E291.4994
G1 X80.048 Y87.677 E291.5088
;LAYER:12
;Z:2.600
;HEIGHT:0.200
G1 F3000 E286.5088
G0 F900 Z2.600
G0 F4200 X92.140 Y88.259
;TYPE:WALL-INNER
;WIDTH:0.400
G1 F900 Z2.600
G1 F1500 E291.5088
G1 F2700 X92.034 Y88.269 E291.5124
G1 X80.092 Y88.269 E291.9095
G1 X79.912 Y88.236 E291.9156
G1 X79.781 Y88.149 E291.9209
G1 X79.733 Y88.091 E291.9234
G1 X79.673 Y87.946 E291.9286
G1 X79.671 Y87.812 E291.9330
G1 X79.781 Y87.588 E291.9413
G1 X79.911 Y87.502 E291.9465
G1 X79.985 Y87.479 E291.9491
G1 X85.513 Y87.469 E292.1330
G1 X85.513 Y70.848 E292.6858
G1 X85.997 Y69.773 E292.7250
G1 X86.125 Y69.773 E292.7293
G1 X86.612 Y70.848 E292.7685
G1 X86.612 Y87.469 E293.3213
G1 X92.140 Y87.479 E293.5052
G1 X92.283 Y87.539 E293.5103
G1 X92.344 Y87.588 E293.5129
G1 X92.429 Y87.716 E293.5181
G1 X92.460 Y87.869 E293.5233
G1 X92.451 Y87.910 E293.5246
G0 F2700 X92.429 Y88.021
G0 F2700 X92.344 Y88.149
G0 F2700 X92.283 Y88.198
G0 F2700 X92.140 Y88.259
G1 F3000 E288.5246
G0 F4200 X92.219 Y88.653
;TYPE:WALL-OUTER
;WIDTH:0.400
G1 F900 Z2.600
G1 F1500 E293.5246
G1 F2700 X92.053 Y88.669 E293.5302
G1 X80.073 Y88.669 E293.9286
G1 X79.906 Y88.653 E293.9342
G1 X79.757 Y88.607 E293.9394
G1 X79.619 Y88.533 E293.9446
G1 X79.497 Y88.434 E293.9499
G1 X79.398 Y88.313 E293.9550
G1 X79.325 Y88.174 E293.9603
G1 X79.279 Y88.025 E293.9655
G1 X79.264 Y87.869 E293.9707
G1 X79.279 Y87.713 E293.9759
G1 X79.402 Y87.420 E293.9865
G1 X79.497 Y87.304 E293.9914
G1 X79.619 Y87.204 E293.9967
G1 X79.757 Y87.131 E294.0019
G1 X79.906 Y87.085 E294.0071
G1 X80.073 Y87.069 E294.0126
G1 X85.113 Y87.069 E294.1803
G1 X85.113 Y70.762 E294.7226
G1 X85.706 Y69.446 E294.7707
G1 X85.806 Y69.298 E294.7766
G1 X85.847 Y69.264 E294.7784
G1 X85.990 Y69.205 E294.7835
G1 X86.135 Y69.205 E294.7883
G1 X86.278 Y69.264 E294.7935
G1 X86.401 Y69.412 E294.7999
G1 X87.012 Y70.762 E294.8492
G1 X87.012 Y87.069 E295.3915
G1 X92.053 Y87.069 E295.5592
G1 X92.219 Y87.085 E295.5648
G1 X92.368 Y87.131 E295.5699
G1 X92.506 Y87.204 E295.5751
G1 X92.628 Y87.304 E295.5804
G1 X92.727 Y87.425 E295.5856
G1 X92.800 Y87.563 E295.5908
G1 X92.846 Y87.714 E295.5960
G1 X92.862 Y87.869 E295.6012
G1 X92.846 Y88.024 E295.6064
G1 X92.800 Y88.174 E295.6116
G1 X92.727 Y88.313 E295.6168
G1 X92.648 Y88.410 E295.6210
G0 F2700 X92.628 Y88.434
G0 F2700 X92.506 Y88.533
G0 F2700 X92.368 Y88.607
G0 F2700 X92.219 Y88.653
G1 F3000 E290.6210
G0 F4200 X92.218 Y87.975
;TYPE:SOLID-FILL
;WIDTH:0.400
G1 F900 Z2.600
G1 F1500 E295.6210
G1 F3000 X91.832 Y87.873 E295.6349
G1 X91.267 Y87.873 E295.6532
G1 X90.700 Y87.872 E295.6716
G1 X90.134 Y87.872 E295.6900
G1 X89.568 Y87.871 E295.7084
G1 X89.002 Y87.871 E295.7269
G1 X88.435 Y87.870 E295.7455
G1 X87.869 Y87.870 E295.7641
G1 X87.303 Y87.869 E295.7828
G1 X86.821 Y87.669 E295.8001
G0 F4200 X86.617 Y87.748
;TYPE:SOLID-FILL
;WIDTH:0.400
G1 F2700 X86.681 Y87.812 E295.8032
G1 X86.681 Y87.988 E295.8090
G1 X86.291 Y87.988 E295.8220
G1 X85.791 Y87.488 E295.8455
G1 X85.792 Y87.748 E295.8541
G1 X85.646 Y87.748 E295.8590
G0 F2700 X85.485 Y87.748
G0 F2700 X85.725 Y87.988
G1 F3000 E290.8590
G1 F900 Z2.900
G0 F4200 X86.332 Y87.463
G1 F900 Z2.600
G1 F1500 E295.8590
G1 F2700 X85.791 Y86.923 E295.8844
G1 X85.791 Y86.357 E295.9033
G1 X86.332 Y86.897 E295.9287
G1 X86.332 Y86.332 E295.9475
G1 X85.791 Y85.791 E295.9729
G1 X85.791 Y85.226 E295.9917
G1 X86.332 Y85.766 E296.0171
G1 X86.332 Y85.200 E296.0360
G1 X85.791 Y84.660 E296.0614
G1 X85.791 Y84.094 E296.0802
G1 X86.332 Y84.635 E296.1057
G1 X86.332 Y84.069 E296.1245
G1 X85.791 Y83.529 E296.1499
G1 X85.791 Y82.963 E296.1687
G1 X86.332 Y83.503 E296.1941
G1 X86.332 Y82.937 E296.2130
G1 X85.791 Y82.397 E296.2384
G1 X85.791 Y81.832 E296.2572
G1 X86.332 Y82.372 E296.2826
G1 X86.332 Y81.806 E296.3014
G1 X85.791 Y81.266 E296.3269
G1 X85.791 Y80.700 E296.3457
G1 X86.332 Y81.240 E296.3711
G1 X86.332 Y80.675 E296.3899
G1 X85.791 Y80.134 E296.4153
G1 X85.791 Y79.569 E296.4341
G1 X86.332 Y80.109 E296.4596
G1 X86.332 Y79.543 E296.4784
G1 X85.791 Y79.003 E296.5038
G1 X85.791 Y78.437 E296.5226
G1 X86.332 Y78.978 E296.5481
G1 X86.332 Y78.412 E296.5669
G1 X85.791 Y77.872 E296.5923
G1 X85.791 Y77.306 E296.6112
G1 X86.332 Y77.846 E296.6366
G1 X86.332 Y77.281 E296.6554
G1 X85.791 Y76.740 E296.6808
G1 X85.791 Y76.175 E296.6996
G1 X86.332 Y76.715 E296.7250
G1 X86.332 Y76.149 E296.7439
G1 X85.791 Y75.609 E296.7693
G1 X85.791 Y75.043 E296.7881
G1 X86.332 Y75.584 E296.8136
G1 X86.332 Y75.018 E296.8324
G1 X85.791 Y74.478 E296.8578
G1 X85.791 Y73.912 E296.8766
G1 X86.332 Y74.452 E296.9021
G1 X86.332 Y73.887 E296.9208
G1 X85.791 Y73.346 E296.9463
G1 X85.791 Y72.781 E296.9651
G1 X86.332 Y73.321 E296.9905
G1 X86.332 Y72.755 E297.0093
G1 X85.791 Y72.215 E297.0348
G1 X85.791 Y71.649 E297.0536
G1 X86.332 Y72.189 E297.0790
G1 X86.332 Y71.624 E297.0978
G1 X85.791 Y71.084 E297.1232
G1 X85.791 Y70.907 E297.1291
G1 X85.912 Y70.638 E297.1389
G1 X85.978 Y70.704 E297.1420
G0 F2700 X86.332 Y71.058
G0 F4200 X86.472 Y70.916
;TYPE:SOLID-FILL
;WIDTH:0.400
G1 F3000 X86.531 Y70.975 E297.1448
G1 F3000 E292.1448
G1 F900 Z2.900
G0 F4200 X86.472 Y87.320
G1 F900 Z2.600
G1 F1500 E297.1448
G1 F3000 X86.615 Y87.464 E297.1476
G1 X86.757 Y87.606 E297.1543
G1 F3000 E292.1543
G1 F900 Z2.900
G0 F4200 X85.642 Y88.188
G1 F900 Z2.600
G1 F1500 E297.1543
G1 F3000 X85.473 Y88.018 E297.1571
G1 X85.040 Y87.868 E297.1684
G1 X84.475 Y87.869 E297.1870
G1 X83.910 Y87.870 E297.2056
G1 X83.344 Y87.870 E297.2242
G1 X82.779 Y87.871 E297.2427
G1 X82.214 Y87.871 E297.2612
G1 X81.648 Y87.871 E297.2797
G1 X81.083 Y87.872 E297.2980
G1 X80.518 Y87.872 E297.3164
G1 X80.041 Y87.678 E297.3335
G1 F3000 E292.3335
G1 F900 Z2.900
G0 F4200 X102.034 Y83.269
;TYPE:WALL-INNER
;WIDTH:0.400
G1 F900 Z2.600
G1 F1500 E297.3335
G1 F2700 X90.092 Y83.269 E297.7307
G1 X89.912 Y83.236 E297.7368
G1 X89.781 Y83.149 E297.7420
G1 X89.733 Y83.091 E297.7445
G1 X89.673 Y82.946 E297.7497
G1 X89.671 Y82.812 E297.7542
G1 X89.781 Y82.588 E297.7625
G1 X89.911 Y82.502 E297.7677
G1 X89.985 Y82.479 E297.7702
G1 X95.513 Y82.469 E297.9541
G1 X95.513 Y65.848 E298.5069
G1 X95.997 Y64.773 E298.5461
G1 X96.125 Y64.773 E298.5504
G1 X96.612 Y65.848 E298.5896
G1 X96.612 Y82.469 E299.1425
G1 X102.140 Y82.479 E299.3263
G1 X102.283 Y82.539 E299.3315
G1 X102.344 Y82.588 E299.3341
G1 X102.429 Y82.716 E299.3392
G1 X102.460 Y82.869 E299.3444
G1 X102.430 Y83.014 E299.3493
G0 F2700 X102.429 Y83.021
G0 F2700 X102.344 Y83.149
G0 F2700 X102.283 Y83.198
G0 F2700 X102.140 Y83.259
G0 F2700 X102.034 Y83.269
G1 F3000 E294.3493
G0 F4200 X102.053 Y83.669
;TYPE:WALL-OUTER
;WIDTH:0.400
G1 F900 Z2.600
G1 F1500 E299.3493
G1 F2700 X90.073 Y83.669 E299.7478
G1 X89.906 Y83.653 E299.7533
G1 X89.757 Y83.607 E299.7585
G1 X89.619 Y83.533 E299.7637
G1 X89.497 Y83.434 E299.7690
G1 X89.398 Y83.313 E299.7742
G1 X89.325 Y83.174 E299.7794
G1 X89.279 Y83.025 E299.7846
G1 X89.264 Y82.869 E299.7898
G1 X89.279 Y82.713 E299.7950
G1 X89.402 Y82.420 E299.8056
G1 X89.497 Y82.304 E299.8105
G1 X89.619 Y82.204 E299.8158
G1 X89.757 Y82.131 E299.8210
G1 X89.906 Y82.085 E299.8262
G1 X90.073 Y82.069 E299.8318
G1 X95.113 Y82.069 E299.9994
G1 X95.113 Y65.762 E300.5418
G1 X95.706 Y64.446 E300.5898
G1 X95.800 Y64.306 E300.5954
G1 X95.980 Y64.205 E300.6022
G1 X96.135 Y64.205 E300.6074
G1 X96.278 Y64.264 E300.6125
G1 X96.401 Y64.412 E300.6189
G1 X97.012 Y65.762 E300.6682
G1 X97.012 Y82.069 E301.2106
G1 X102.053 Y82.069 E301.3783
G1 X102.219 Y82.085 E301.3838
G1 X102.368 Y82.131 E301.3890
G1 X102.506 Y82.204 E301.3942
G1 X102.628 Y82.304 E301.3994
G1 X102.727 Y82.425 E301.4046
G1 X102.800 Y82.563 E301.4098
G1 X102.846 Y82.714 E301.4151
G1 X102.862 Y82.869 E301.4203
G1 X102.846 Y83.024 E301.4254
G1 X102.800 Y83.174 E301.4307
G1 X102.727 Y83.313 E301.4359
G1 X102.628 Y83.434 E301.4411
G1 X102.523 Y83.519 E301.4456
G0 F2700 X102.506 Y83.533
G0 F2700 X102.368 Y83.607
G0 F2700 X102.219 Y83.653
G0 F2700 X102.053 Y83.669
G1 F3000 E296.4456
G0 F4200 X102.019 Y83.068
;TYPE:SOLID-FILL
;WIDTH:0.400
G1 F900 Z2.600
G1 F1500 E301.4456
G1 F3000 X101.540 Y82.873 E301.4639
G1 X100.974 Y82.872 E301.4823
G1 X100.409 Y82.872 E301.5006
G1 X99.842 Y82.871 E301.5191
G1 X99.276 Y82.871 E301.5375
G1 X98.710 Y82.870 E301.5561
G1 X98.144 Y82.870 E301.5747
G1 X97.577 Y82.870 E301.5933
G1 X96.927 Y82.785 E301.6120
G1 X96.928 Y83.068 E301.6214
G1 F3000 E296.6214
G1 F900 Z2.900
G0 F4200 X95.759 Y82.749
;TYPE:SOLID-FILL
;WIDTH:0.400
G1 F900 Z2.600
G1 F1500 E301.6214
G1 F2700 X95.999 Y82.988 E301.6327
G1 X96.565 Y82.988 E301.6515
G1 X95.792 Y82.216 E301.6878
G1 X95.792 Y81.650 E301.7067
G1 X96.331 Y82.189 E301.7320
G1 X96.331 Y81.624 E301.7508
G1 X95.792 Y81.084 E301.7762
G1 X95.792 Y80.518 E301.7950
G1 X96.331 Y81.058 E301.8204
G1 X96.331 Y80.492 E301.8392
G1 X95.792 Y79.953 E301.8646
G1 X95.792 Y79.387 E301.8834
G1 X96.331 Y79.927 E301.9088
G1 X96.331 Y79.361 E301.9276
G1 X95.792 Y78.821 E301.9530
G1 X95.792 Y78.256 E301.9718
G1 X96.331 Y78.795 E301.9971
G1 X96.331 Y78.230 E302.0159
G1 X95.792 Y77.690 E302.0413
G1 X95.792 Y77.124 E302.0601
G1 X96.331 Y77.664 E302.0855
G1 X96.331 Y77.098 E302.1043
G1 X95.792 Y76.559 E302.1297
G1 X95.792 Y75.993 E302.1485
G1 X96.331 Y76.532 E302.1738
G1 X96.331 Y75.967 E302.1926
G1 X95.792 Y75.427 E302.2180
G1 X95.792 Y74.862 E302.2368
G1 X96.331 Y75.401 E302.2622
G1 X96.331 Y74.835 E302.2810
G1 X95.792 Y74.296 E302.3063
G1 X95.792 Y73.730 E302.3252
G1 X96.331 Y74.270 E302.3505
G1 X96.331 Y73.704 E302.3694
G1 X95.792 Y73.165 E302.3947
G1 X95.792 Y72.599 E302.4135
G1 X96.331 Y73.138 E302.4389
G1 X96.331 Y72.573 E302.4577
G1 X95.792 Y72.033 E302.4831
G1 X95.792 Y71.467 E302.5019
G1 X96.331 Y72.007 E302.5273
G1 X96.331 Y71.441 E302.5461
G1 X95.792 Y70.902 E302.5714
G1 X95.792 Y70.336 E302.5903
G1 X96.331 Y70.876 E302.6156
G1 X96.331 Y70.310 E302.6345
G1 X95.792 Y69.770 E302.6598
G1 X95.792 Y69.205 E302.6786
G1 X96.331 Y69.744 E302.7040
G1 X96.331 Y69.179 E302.7228
G1 X95.792 Y68.639 E302.7482
G1 X95.792 Y68.073 E302.7670
G1 X96.331 Y68.613 E302.7924
G1 X96.331 Y68.047 E302.8112
G1 X95.792 Y67.508 E302.8365
G1 X95.792 Y66.942 E302.8554
G1 X96.331 Y67.482 E302.8807
G1 X96.331 Y66.916 E302.8996
G1 X95.792 Y66.376 E302.9249
G1 X95.792 Y65.907 E302.9405
G1 X95.822 Y65.840 E302.9430
G1 X96.331 Y66.350 E302.9669
G1 X96.331 Y65.908 E302.9816
G1 X96.319 Y65.882 E302.9826
G0 F2700 X96.230 Y65.683
G0 F2700 X96.030 Y65.483
G1 F3000 E297.9826
G1 F900 Z2.900
G0 F4200 X95.276 Y82.549
;TYPE:SOLID-FILL
;WIDTH:0.400
G1 F900 Z2.600
G1 F1500 E302.9826
G1 F3000 X95.484 Y83.038 E302.9986
G1 X95.243 Y83.080 E303.0067
G1 F3000 E298.0067
G1 F900 Z2.900
G0 F4200 X96.807 Y82.948
G1 F900 Z2.600
G1 F1500 E303.0067
G1 F3000 X96.880 Y83.021 E303.0102
G1 F3000 E298.0102
G1 F900 Z2.900
G0 F4200 X95.231 Y83.068
G1 F900 Z2.600
G1 F1500 E303.0102
G1 F3000 X94.749 Y82.869 E303.0288
G1 X94.183 Y82.870 E303.0474
G1 X93.618 Y82.870 E303.0660
G1 X93.053 Y82.871 E303.0845
G1 X92.488 Y82.871 E303.1030
G1 X91.923 Y82.872 E303.1214
G1 X91.358 Y82.872 E303.1398
G1 X90.792 Y82.872 E303.1581
G1 X90.227 Y82.873 E303.1764
G1 X89.889 Y82.818 E303.1878
G1 F3000 E298.1878
G1 F900 Z2.900
G0 F4200 X107.892 Y90.363
;TYPE:WALL-INNER
;WIDTH:0.400
G1 F900 Z2.600
G1 F1500 E303.1878
G1 F2700 X107.781 Y90.287 E303.1922
G1 X107.696 Y90.158 E303.1974
G1 X107.663 Y89.977 E303.2035
G1 X107.663 Y75.760 E303.6764
G1 X107.696 Y75.579 E303.6825
G1 X107.781 Y75.451 E303.6876
G1 X107.912 Y75.364 E303.6928
G1 X107.985 Y75.341 E303.6954
G1 X108.140 Y75.341 E303.7005
G1 X108.283 Y75.402 E303.7057
G1 X108.392 Y75.509 E303.7108
G1 X108.452 Y75.656 E303.7161
G1 X108.463 Y75.762 E303.7196
G1 X108.463 Y82.319 E303.9377
G1 X110.082 Y82.319 E303.9915
G1 X111.145 Y82.805 E304.0304
G1 X111.145 Y82.933 E304.0347
G1 X110.082 Y83.419 E304.0735
G1 X108.463 Y83.419 E304.1274
G1 X108.463 Y89.976 E304.3455
G1 X108.454 Y90.062 E304.3484
G1 X108.351 Y90.272 E304.3561
G0 F2700 X108.344 Y90.287
G0 F2700 X108.214 Y90.373
G0 F2700 X108.087 Y90.401
G0 F2700 X107.892 Y90.363
G1 F3000 E299.3561
G0 F4200 X107.757 Y90.744
;TYPE:WALL-OUTER
;WIDTH:0.400
G1 F900 Z2.600
G1 F1500 E304.3561
G1 F2700 X107.619 Y90.671 E304.3613
G1 X107.497 Y90.571 E304.3666
G1 X107.398 Y90.450 E304.3718
G1 X107.325 Y90.312 E304.3770
G1 X107.279 Y90.162 E304.3822
G1 X107.263 Y89.996 E304.3877
G1 X107.263 Y75.741 E304.8619
G1 X107.279 Y75.575 E304.8674
G1 X107.325 Y75.426 E304.8726
G1 X107.398 Y75.287 E304.8778
G1 X107.497 Y75.166 E304.8830
G1 X107.619 Y75.067 E304.8882
G1 X107.757 Y74.993 E304.8934
G1 X107.906 Y74.947 E304.8986
G1 X108.063 Y74.932 E304.9039
G1 X108.219 Y74.947 E304.9091
G1 X108.368 Y74.993 E304.9143
G1 X108.506 Y75.067 E304.9195
G1 X108.628 Y75.166 E304.9247
G1 X108.727 Y75.287 E304.9299
G1 X108.800 Y75.426 E304.9351
G1 X108.846 Y75.576 E304.9404
G1 X108.863 Y75.741 E304.9459
G1 X108.863 Y81.919 E305.1513
G1 X110.169 Y81.919 E305.1948
G1 X111.566 Y82.558 E305.2459
G1 X111.704 Y82.717 E305.2529
G1 X111.734 Y82.869 E305.2580
G1 X111.679 Y83.068 E305.2649
G1 X111.566 Y83.180 E305.2702
G1 X110.169 Y83.819 E305.3213
G1 X108.863 Y83.819 E305.3647
G1 X108.863 Y89.996 E305.5702
G1 X108.846 Y90.162 E305.5757
G1 X108.723 Y90.455 E305.5863
G1 X108.628 Y90.571 E305.5913
G1 X108.506 Y90.671 E305.5965
G1 X108.368 Y90.744 E305.6017
G1 X108.250 Y90.781 E305.6058
G0 F2700 X108.219 Y90.790
G0 F2700 X108.068 Y90.805
G0 F2700 X107.757 Y90.744
G1 F3000 E300.6058
G0 F4200 X107.999 Y90.180
;TYPE:SOLID-FILL
;WIDTH:0.400
G1 F900 Z2.600
G1 F1500 E305.6058
G1 F3000 X108.071 Y89.969 E305.6114
G1 X108.062 Y89.394 E305.6302
G1 X108.062 Y88.828 E305.6489
G1 X108.062 Y88.262 E305.6678
G1 X108.062 Y87.697 E305.6866
G1 X108.062 Y87.131 E305.7053
G1 X108.062 Y86.565 E305.7242
G1 X108.062 Y86.000 E305.7430
G1 X108.062 Y85.434 E305.7617
G1 X108.062 Y84.868 E305.7806
G1 X108.062 Y84.303 E305.7994
G1 X108.062 Y83.737 E305.8181
G1 X108.126 Y83.236 E305.8369
G1 X107.862 Y82.689 E305.8571
G0 F4200 X107.862 Y82.123
G1 F3000 X108.462 Y82.723 E305.8853
G1 F3000 E300.8853
G1 F900 Z2.900
G0 F4200 X108.262 Y81.957
G1 F900 Z2.600
G1 F1500 E305.8853
G1 F3000 X108.062 Y81.474 E305.9041
G1 X108.062 Y80.909 E305.9229
G1 X108.062 Y80.343 E305.9417
G1 X108.062 Y79.777 E305.9605
G1 X108.062 Y79.211 E305.9793
G1 X108.062 Y78.646 E305.9981
G1 X108.062 Y78.080 E306.0169
G1 X108.062 Y77.514 E306.0357
G1 X108.062 Y76.949 E306.0545
G1 X108.062 Y76.383 E306.0732
G1 X107.964 Y75.720 E306.0920
G1 X108.258 Y75.731 E306.1018
G1 F3000 E301.1018
G1 F900 Z2.900
G0 F4200 X109.752 Y82.599
;TYPE:SOLID-FILL
;WIDTH:0.400
G1 F900 Z2.600
G1 F1500 E306.1018
G1 F2700 X110.206 Y83.053 E306.1232
G1 X110.019 Y83.139 E306.1300
G1 X109.726 Y83.138 E306.1398
G1 X109.186 Y82.599 E306.1651
G1 X108.620 Y82.599 E306.1840
G1 X109.160 Y83.138 E306.2093
G1 X109.094 Y83.138 E306.2115
G0 F2700 X108.594 Y83.138
G0 F4200 X108.511 Y83.338
;TYPE:SOLID-FILL
;WIDTH:0.400
G1 F3000 X108.342 Y83.169 E306.2195
G1 F3000 E301.2195
G1 F900 Z2.900
G0 F4200 X109.834 Y82.399
G1 F900 Z2.600
G1 F1500 E306.2195
G1 F3000 X109.892 Y82.457 E306.2222
G1 F3000 E301.2222
G1 F900 Z2.900
G0 F4200 X115.892 Y90.363
;TYPE:WALL-INNER
;WIDTH:0.400
G1 F900 Z2.600
G1 F1500 E306.2222
G1 F2700 X115.781 Y90.287 E306.2267
G1 X115.696 Y90.158 E306.2318
G1 X115.663 Y89.977 E306.2379
G1 X115.663 Y75.760 E306.7108
G1 X115.696 Y75.579 E306.7169
G1 X115.781 Y75.451 E306.7220
G1 X115.912 Y75.364 E306.7273
G1 X115.985 Y75.341 E306.7298
G1 X116.140 Y75.341 E306.7350
G1 X116.283 Y75.402 E306.7401
G1 X116.392 Y75.509 E306.7452
G1 X116.452 Y75.656 E306.7505
G1 X116.463 Y75.762 E306.7540
G1 X116.463 Y82.319 E306.9721
G1 X118.082 Y82.319 E307.0260
G1 X119.145 Y82.805 E307.0648
G1 X119.145 Y82.933 E307.0691
G1 X118.082 Y83.419 E307.1080
G1 X116.463 Y83.419 E307.1618
G1 X116.463 Y89.976 E307.3799
G1 X116.454 Y90.062 E307.3828
G1 X116.351 Y90.272 E307.3906
G0 F2700 X116.344 Y90.287
G0 F2700 X116.214 Y90.373
G0 F2700 X116.087 Y90.401
G0 F2700 X115.892 Y90.363
G1 F3000 E302.3906
G0 F4200 X115.757 Y90.744
;TYPE:WALL-OUTER
;WIDTH:0.400
G1 F900 Z2.600
G1 F1500 E307.3906
G1 F2700 X115.619 Y90.671 E307.3958
G1 X115.497 Y90.571 E307.4010
G1 X115.398 Y90.450 E307.4062
G1 X115.325 Y90.312 E307.4114
G1 X115.279 Y90.162 E307.4166
G1 X115.263 Y89.996 E307.4222
G1 X115.263 Y75.741 E307.8963
G1 X115.279 Y75.575 E307.9018
G1 X115.325 Y75.426 E307.9070
G1 X115.398 Y75.287 E307.9122
G1 X115.497 Y75.166 E307.9174
G1 X115.619 Y75.067 E307.9227
G1 X115.757 Y74.993 E307.9279
G1 X115.906 Y74.947 E307.9331
G1 X116.063 Y74.932 E307.9383
G1 X116.219 Y74.947 E307.9435
G1 X116.368 Y74.993 E307.9487
G1 X116.506 Y75.067 E307.9539
G1 X116.628 Y75.166 E307.9591
G1 X116.727 Y75.287 E307.9643
G1 X116.800 Y75.426 E307.9696
G1 X116.846 Y75.576 E307.9748
G1 X116.863 Y75.741 E307.9803
G1 X116.863 Y81.919 E308.1858
G1 X118.169 Y81.919 E308.2292
G1 X119.566 Y82.558 E308.2803
G1 X119.704 Y82.717 E308.2873
G1 X119.734 Y82.869 E308.2925
G1 X119.679 Y83.068 E308.2993
G1 X119.566 Y83.180 E308.3046
G1 X118.169 Y83.819 E308.3557
G1 X116.863 Y83.819 E308.3992
G1 X116.863 Y89.996 E308.6046
G1 X116.846 Y90.162 E308.6102
G1 X116.723 Y90.455 E308.6207
G1 X116.628 Y90.571 E308.6257
G1 X116.506 Y90.671 E308.6310
G1 X116.368 Y90.744 E308.6362
G1 X116.250 Y90.781 E308.6403
G0 F2700 X116.219 Y90.790
G0 F2700 X116.068 Y90.805
G0 F2700 X115.757 Y90.744
G1 F3000 E303.6403
G0 F4200 X116.262 Y89.958
;TYPE:SOLID-FILL
;WIDTH:0.400
G1 F900 Z2.600
G1 F1500 E308.6403
G1 F3000 X116.062 Y89.474 E308.6591
G1 X116.062 Y88.909 E308.6779
G1 X116.062 Y88.343 E308.6967
G1 X116.062 Y87.777 E308.7155
G1 X116.062 Y87.212 E308.7343
G1 X116.062 Y86.646 E308.7530
G1 X116.062 Y86.080 E308.7719
G1 X116.062 Y85.515 E308.7907
G1 X116.062 Y84.949 E308.8094
G1 X116.062 Y84.383 E308.8282
G1 X116.062 Y83.818 E308.8470
G1 X116.086 Y83.276 E308.8658
G1 X115.862 Y82.769 E308.8842
G0 F4200 X115.862 Y82.203
G1 F3000 X116.462 Y82.804 E308.9125
G1 F3000 E303.9125
G1 F900 Z2.900
G0 F4200 X116.262 Y82.038
G1 F900 Z2.600
G1 F1500 E308.9125
G1 F3000 X116.062 Y81.555 E308.9312
G1 X116.062 Y80.989 E308.9500
G1 X116.062 Y80.423 E308.9688
G1 X116.062 Y79.858 E308.9876
G1 X116.062 Y79.292 E309.0064
G1 X116.062 Y78.726 E309.0252
G1 X116.062 Y78.161 E309.0440
G1 X116.062 Y77.595 E309.0628
G1 X116.062 Y77.029 E309.0816
G1 X116.062 Y76.464 E309.1004
G1 X116.062 Y75.898 E309.1192
G1 X115.995 Y75.549 E309.1310
G1 F3000 E304.1310
G1 F900 Z2.900
G0 F4200 X117.671 Y82.599
;TYPE:SOLID-FILL
;WIDTH:0.400
G1 F900 Z2.600
G1 F1500 E309.1310
G1 F2700 X118.150 Y83.077 E309.1535
G1 X118.018 Y83.138 E309.1584
G1 X117.645 Y83.138 E309.1708
G1 X117.106 Y82.599 E309.1961
G1 X116.542 Y82.598 E309.2149
G1 X116.542 Y82.601 E309.2150
G1 X116.726 Y82.785 E309.2236
G0 F2700 X117.079 Y83.138
G1 F3000 E304.2236
G1 F900 Z2.900
G0 F4200 X118.019 Y82.599
G1 F900 Z2.600
G1 F1500 E309.2236
G1 F2700 X118.419 Y82.780 E309.2382
G1 F3000 E304.2382
G1 F900 Z2.900
G0 F4200 X116.997 Y83.338
;TYPE:SOLID-FILL
;WIDTH:0.400
G1 F900 Z2.600
G1 F1500 E309.2382
G1 F3000 X116.684 Y83.308 E309.2410
G1 X116.341 Y83.249 E309.2526
G1 F3000 E304.2526
G1 F900 Z2.900
G0 F4200 X123.781 Y90.287
;TYPE:WALL-INNER
;WIDTH:0.400
G1 F900 Z2.600
G1 F1500 E309.2526
G1 F2700 X123.696 Y90.158 E309.2578
G1 X123.663 Y89.977 E309.2639
G1 X123.663 Y75.760 E309.7367
G1 X123.696 Y75.579 E309.7428
G1 X123.781 Y75.451 E309.7480
G1 X123.912 Y75.364 E309.7532
G1 X123.985 Y75.341 E309.7557
G1 X124.140 Y75.341 E309.7609
G1 X124.283 Y75.402 E309.7661
G1 X124.392 Y75.509 E309.7711
G1 X124.452 Y75.656 E309.7764
G1 X124.463 Y75.762 E309.7800
G1 X124.463 Y82.319 E309.9981
G1 X126.082 Y82.319 E310.0519
G1 X127.145 Y82.805 E310.0908
G1 X127.145 Y82.933 E310.0950
G1 X126.082 Y83.419 E310.1339
G1 X124.463 Y83.419 E310.1878
G1 X124.463 Y89.976 E310.4058
G1 X124.454 Y90.062 E310.4087
G1 X124.344 Y90.287 E310.4171
G1 X124.245 Y90.352 E310.4210
G0 F2700 X124.214 Y90.373
G0 F2700 X124.087 Y90.401
G0 F2700 X123.892 Y90.363
G0 F2700 X123.781 Y90.287
G1 F3000 E305.4210
G0 F4200 X123.497 Y90.571
;TYPE:WALL-OUTER
;WIDTH:0.400
G1 F900 Z2.600
G1 F1500 E310.4210
G1 F2700 X123.398 Y90.450 E310.4262
G1 X123.325 Y90.312 E310.4314
G1 X123.279 Y90.162 E310.4366
G1 X123.263 Y89.996 E310.4421
G1 X123.263 Y75.741 E310.9163
G1 X123.279 Y75.575 E310.9218
G1 X123.325 Y75.426 E310.9270
G1 X123.398 Y75.287 E310.9322
G1 X123.497 Y75.166 E310.9374
G1 X123.619 Y75.067 E310.9427
G1 X123.757 Y74.993 E310.9479
G1 X123.906 Y74.947 E310.9530
G1 X124.063 Y74.932 E310.9583
G1 X124.219 Y74.947 E310.9635
G1 X124.368 Y74.993 E310.9687
G1 X124.506 Y75.067 E310.9739
G1 X124.628 Y75.166 E310.9791
G1 X124.727 Y75.287 E310.9843
G1 X124.800 Y75.426 E310.9895
G1 X124.846 Y75.576 E310.9948
G1 X124.863 Y75.741 E311.0003
G1 X124.863 Y81.919 E311.2058
G1 X126.169 Y81.919 E311.2492
G1 X127.566 Y82.558 E311.3003
G1 X127.704 Y82.717 E311.3073
G1 X127.734 Y82.869 E311.3125
G1 X127.679 Y83.068 E311.3193
G1 X127.566 Y83.180 E311.3246
G1 X126.169 Y83.819 E311.3757
G1 X124.863 Y83.819 E311.4191
G1 X124.863 Y89.996 E311.6246
G1 X124.846 Y90.162 E311.6301
G1 X124.723 Y90.455 E311.6407
G1 X124.628 Y90.571 E311.6457
G1 X124.506 Y90.671 E311.6509
G1 X124.368 Y90.744 E311.6561
G1 X124.219 Y90.790 E311.6613
G1 X124.068 Y90.805 E311.6664
G1 X123.941 Y90.780 E311.6707
G0 F2700 X123.757 Y90.744
G0 F2700 X123.619 Y90.671
G0 F2700 X123.497 Y90.571
G1 F3000 E306.6707
G0 F4200 X124.249 Y90.025
;TYPE:SOLID-FILL
;WIDTH:0.400
G1 F900 Z2.600
G1 F1500 E311.6707
G1 F3000 X124.061 Y89.555 E311.6889
G1 X124.061 Y88.989 E311.7077
G1 X124.061 Y88.423 E311.7265
G1 X124.061 Y87.857 E311.7454
G1 X124.061 Y87.292 E311.7642
G1 X124.061 Y86.726 E311.7830
G1 X124.061 Y86.160 E311.8018
G1 X124.061 Y85.595 E311.8206
G1 X124.061 Y85.029 E311.8394
G1 X124.061 Y84.463 E311.8583
G1 X124.061 Y83.898 E311.8771
G1 X124.061 Y83.332 E311.8959
G1 X123.861 Y82.849 E311.9133
G0 F4200 X123.861 Y82.283
G1 F3000 X124.462 Y82.884 E311.9416
G1 F3000 E306.9416
G1 F900 Z2.900
G0 F4200 X124.261 Y82.118
G1 F900 Z2.600
G1 F1500 E311.9416
G1 F3000 X124.061 Y81.635 E311.9604
G1 X124.061 Y81.069 E311.9791
G1 X124.061 Y80.503 E311.9980
G1 X124.061 Y79.938 E312.0168
G1 X124.061 Y79.372 E312.0355
G1 X124.061 Y78.806 E312.0544
G1 X124.061 Y78.241 E312.0731
G1 X124.061 Y77.675 E312.0919
G1 X124.061 Y77.109 E312.1107
G1 X124.061 Y76.544 E312.1295
G1 X124.061 Y75.978 E312.1483
G1 X123.948 Y75.581 E312.1620
G1 F3000 E307.1620
G1 F900 Z2.900
G0 F4200 X125.591 Y82.599
;TYPE:SOLID-FILL
;WIDTH:0.400
G1 F900 Z2.600
G1 F1500 E312.1620
G1 F2700 X126.095 Y83.103 E312.1857
G1 X126.019 Y83.138 E312.1885
G1 X125.565 Y83.138 E312.2036
G1 X125.025 Y82.599 E312.2290
G1 X124.542 Y82.599 E312.2450
G1 X124.542 Y82.681 E312.2478
G1 X124.646 Y82.785 E312.2527
G0 F2700 X124.999 Y83.138
G1 F3000 E307.2527
G1 F900 Z2.900
G0 F4200 X126.019 Y82.598
G1 F900 Z2.600
G1 F1500 E312.2527
G1 F2700 X126.036 Y82.606 E312.2533
G0 F2700 X126.273 Y82.715
G0 F2700 X126.442 Y82.884
G0 F4200 X125.732 Y82.457
;TYPE:SOLID-FILL
;WIDTH:0.400
G1 F3000 X125.674 Y82.399 E312.2560
G1 F3000 E307.2560
G1 F900 Z2.900
G0 F4200 X124.857 Y83.279
G1 F900 Z2.600
G1 F1500 E312.2560
G1 F3000 X124.916 Y83.338 E312.2588
G1 F3000 E307.2588
G1 F900 Z2.900
G0 F4200 X131.781 Y90.287
;TYPE:WALL-INNER
;WIDTH:0.400
G1 F900 Z2.600
G1 F1500 E312.2588
G1 F2700 X131.696 Y90.158 E312.2639
G1 X131.663 Y89.977 E312.2700
G1 X131.663 Y75.760 E312.7429
G1 X131.696 Y75.579 E312.7490
G1 X131.781 Y75.451 E312.7541
G1 X131.912 Y75.364 E312.7594
G1 X131.985 Y75.341 E312.7619
G1 X132.140 Y75.341 E312.7671
G1 X132.283 Y75.402 E312.7722
G1 X132.392 Y75.509 E312.7773
G1 X132.452 Y75.656 E312.7826
G1 X132.463 Y75.762 E312.7861
G1 X132.463 Y82.319 E313.0042
G1 X134.082 Y82.319 E313.0581
G1 X135.145 Y82.805 E313.0969
G1 X135.145 Y82.933 E313.1012
G1 X134.082 Y83.419 E313.1401
G1 X132.463 Y83.419 E313.1939
G1 X132.463 Y89.976 E313.4120
G1 X132.454 Y90.062 E313.4149
G1 X132.344 Y90.287 E313.4232
G1 X132.245 Y90.352 E313.4272
G0 F2700 X132.214 Y90.373
G0 F2700 X132.087 Y90.401
G0 F2700 X131.892 Y90.363
G0 F2700 X131.781 Y90.287
G1 F3000 E308.4272
G0 F4200 X131.497 Y90.571
;TYPE:WALL-OUTER
;WIDTH:0.400
G1 F900 Z2.600
G1 F1500 E313.4272
G1 F2700 X131.398 Y90.450 E313.4324
G1 X131.325 Y90.312 E313.4376
G1 X131.279 Y90.162 E313.4428
G1 X131.263 Y89.996 E313.4483
G1 X131.263 Y75.741 E313.9224
G1 X131.279 Y75.575 E313.9280
G1 X131.325 Y75.426 E313.9332
G1 X131.398 Y75.287 E313.9384
G1 X131.497 Y75.166 E313.9436
G1 X131.619 Y75.067 E313.9488
G1 X131.757 Y74.993 E313.9540
G1 X131.906 Y74.947 E313.9592
G1 X132.063 Y74.932 E313.9645
G1 X132.219 Y74.947 E313.9697
G1 X132.368 Y74.993 E313.9749
G1 X132.506 Y75.067 E313.9801
G1 X132.628 Y75.166 E313.9853
G1 X132.727 Y75.287 E313.9905
G1 X132.800 Y75.426 E313.9957
G1 X132.846 Y75.576 E314.0009
G1 X132.863 Y75.741 E314.0065
G1 X132.863 Y81.919 E314.2119
G1 X134.169 Y81.919 E314.2554
G1 X135.566 Y82.558 E314.3065
G1 X135.704 Y82.717 E314.3135
G1 X135.734 Y82.869 E314.3186
G1 X135.679 Y83.068 E314.3255
G1 X135.566 Y83.180 E314.3308
G1 X134.169 Y83.819 E314.3819
G1 X132.863 Y83.819 E314.4253
G1 X132.863 Y89.996 E314.6308
G1 X132.846 Y90.162 E314.6363
G1 X132.723 Y90.455 E314.6469
G1 X132.628 Y90.571 E314.6519
G1 X132.506 Y90.671 E314.6571
G1 X132.368 Y90.744 E314.6623
G1 X132.219 Y90.790 E314.6675
G1 X132.068 Y90.805 E314.6725
G1 X131.941 Y90.780 E314.6768
G0 F2700 X131.757 Y90.744
G0 F2700 X131.619 Y90.671
G0 F2700 X131.497 Y90.571
G1 F3000 E309.6768
G0 F4200 X132.222 Y90.079
;TYPE:SOLID-FILL
;WIDTH:0.400
G1 F900 Z2.600
G1 F1500 E314.6768
G1 F3000 X132.061 Y89.635 E314.6938
G1 X132.061 Y89.069 E314.7126
G1 X132.061 Y88.504 E314.7314
G1 X132.061 Y87.938 E314.7503
G1 X132.061 Y87.372 E314.7691
G1 X132.061 Y86.806 E314.7879
G1 X132.061 Y86.241 E314.8067
G1 X132.061 Y85.675 E314.8255
G1 X132.061 Y85.109 E314.8443
G1 X132.061 Y84.544 E314.8631
G1 X132.061 Y83.978 E314.8820
G1 X132.061 Y83.412 E314.9008
G1 X131.861 Y82.930 E314.9181
G0 F4200 X131.861 Y82.364
G1 F3000 X132.462 Y82.964 E314.9464
G1 F3000 E309.9464
G1 F900 Z2.900
G0 F4200 X132.262 Y82.199
G1 F900 Z2.600
G1 F1500 E314.9464
G1 F3000 X132.061 Y81.715 E314.9652
G1 X132.061 Y81.150 E314.9840
G1 X132.061 Y80.584 E315.0028
G1 X132.061 Y80.018 E315.0217
G1 X132.061 Y79.453 E315.0404
G1 X132.061 Y78.887 E315.0593
G1 X132.061 Y78.321 E315.0781
G1 X132.061 Y77.756 E315.0969
G1 X132.061 Y77.190 E315.1157
G1 X132.061 Y76.624 E315.1345
G1 X132.061 Y76.058 E315.1534
G1 X131.907 Y75.622 E315.1687
G1 F3000 E310.1687
G1 F900 Z2.900
G0 F4200 X133.510 Y82.599
;TYPE:SOLID-FILL
;WIDTH:0.400
G1 F900 Z2.600
G1 F1500 E315.1687
G1 F2700 X134.040 Y83.128 E315.1937
G1 X134.019 Y83.138 E315.1944
G1 X133.484 Y83.138 E315.2122
G1 X132.945 Y82.599 E315.2376
G1 X132.542 Y82.599 E315.2510
G1 X132.542 Y82.761 E315.2564
G1 X132.566 Y82.785 E315.2575
G0 F2700 X132.919 Y83.138
G1 F3000 E310.2575
G1 F900 Z2.900
G0 F4200 X134.019 Y82.598
G1 F900 Z2.600
G1 F1500 E315.2575
G1 F2700 X134.062 Y82.618 E315.2591
G0 F2700 X134.124 Y82.646
G0 F2700 X134.429 Y82.952
G0 F4200 X133.651 Y82.457
;TYPE:SOLID-FILL
;WIDTH:0.400
G1 F3000 X133.593 Y82.399 E315.2618
G1 F3000 E310.2618
G1 F900 Z2.900
G0 F4200 X132.776 Y83.279
G1 F900 Z2.600
G1 F1500 E315.2618
G1 F3000 X132.836 Y83.338 E315.2646
;LAYER:13
;Z:2.800
;HEIGHT:0.200
G1 F3000 E310.2646
G0 F900 Z2.800
G0 F4200 X131.781 Y90.287
;TYPE:WALL-INNER
;WIDTH:0.400
G1 F900 Z2.800
G1 F1500 E315.2646
G1 F2700 X131.696 Y90.158 E315.2697
G1 X131.663 Y89.977 E315.2759
G1 X131.663 Y75.760 E315.7487
G1 X131.696 Y75.579 E315.7548
G1 X131.781 Y75.451 E315.7599
G1 X131.912 Y75.364 E315.7652
G1 X131.985 Y75.341 E315.7677
G1 X132.140 Y75.341 E315.7729
G1 X132.283 Y75.402 E315.7780
G1 X132.392 Y75.509 E315.7831
G1 X132.452 Y75.656 E315.7884
G1 X132.463 Y75.762 E315.7920
G1 X132.463 Y82.319 E316.0100
G1 X134.082 Y82.319 E316.0639
G1 X135.145 Y82.805 E316.1028
G1 X135.145 Y82.933 E316.1070
G1 X134.082 Y83.419 E316.1459
G1 X132.463 Y83.419 E316.1997
G1 X132.463 Y89.975 E316.4178
G1 X132.429 Y90.159 E316.4240
G1 X132.344 Y90.287 E316.4291
G1 X132.245 Y90.353 E316.4331
G0 F2700 X132.214 Y90.373
G0 F2700 X132.087 Y90.401
G0 F2700 X131.892 Y90.364
G0 F2700 X131.781 Y90.287
G1 F3000 E311.4331
G0 F4200 X131.497 Y90.571
;TYPE:WALL-OUTER
;WIDTH:0.400
G1 F900 Z2.800
G1 F1500 E316.4331
G1 F2700 X131.398 Y90.450 E316.4383
G1 X131.325 Y90.312 E316.4435
G1 X131.279 Y90.162 E316.4487
G1 X131.263 Y89.996 E316.4542
G1 X131.263 Y75.741 E316.9284
G1 X131.279 Y75.575 E316.9339
G1 X131.325 Y75.426 E316.9391
G1 X131.398 Y75.287 E316.9443
G1 X131.497 Y75.166 E316.9495
G1 X131.619 Y75.067 E316.9548
G1 X131.757 Y74.993 E316.9600
G1 X131.906 Y74.947 E316.9651
G1 X132.063 Y74.932 E316.9704
G1 X132.219 Y74.947 E316.9756
G1 X132.368 Y74.993 E316.9808
G1 X132.506 Y75.067 E316.9860
G1 X132.628 Y75.166 E316.9912
G1 X132.727 Y75.287 E316.9964
G1 X132.800 Y75.426 E317.0016
G1 X132.846 Y75.576 E317.0069
G1 X132.863 Y75.741 E317.0124
G1 X132.863 Y81.919 E317.2179
G1 X134.169 Y81.919 E317.2613
G1 X135.566 Y82.558 E317.3124
G1 X135.704 Y82.717 E317.3194
G1 X135.734 Y82.869 E317.3245
G1 X135.679 Y83.068 E317.3314
G1 X135.566 Y83.180 E317.3367
G1 X134.169 Y83.819 E317.3878
G1 X132.863 Y83.819 E317.4312
G1 X132.863 Y89.996 E317.6367
G1 X132.846 Y90.161 E317.6422
G1 X132.800 Y90.312 E317.6475
G1 X132.727 Y90.450 E317.6526
G1 X132.628 Y90.571 E317.6578
G1 X132.506 Y90.671 E317.6631
G1 X132.368 Y90.744 E317.6683
G1 X132.219 Y90.790 E317.6735
G1 X132.068 Y90.805 E317.6785
G1 X131.941 Y90.780 E317.6828
G0 F2700 X131.757 Y90.745
G0 F2700 X131.619 Y90.671
G0 F2700 X131.497 Y90.571
G1 F3000 E312.6828
G0 F4200 X131.910 Y90.120
;TYPE:SOLID-FILL
;WIDTH:0.400
G1 F900 Z2.800
G1 F1500 E317.6828
G1 F3000 X132.062 Y89.686 E317.6994
G1 X132.062 Y89.120 E317.7182
G1 X132.062 Y88.554 E317.7369
G1 X132.062 Y87.989 E317.7557
G1 X132.062 Y87.423 E317.7745
G1 X132.062 Y86.857 E317.7932
G1 X132.062 Y86.292 E317.8120
G1 X132.062 Y85.726 E317.8308
G1 X132.062 Y85.160 E317.8495
G1 X132.062 Y84.594 E317.8683
G1 X132.062 Y84.029 E317.8870
G1 X132.262 Y83.546 E317.9044
G0 F4200 X131.862 Y83.380
G1 F3000 X132.462 Y82.780 E317.9326
G0 F4200 X132.262 Y82.415
G1 F3000 X131.862 Y82.531 E317.9514
G1 X132.062 Y81.766 E317.9702
G1 X132.062 Y81.200 E317.9889
G1 X132.062 Y80.635 E318.0077
G1 X132.062 Y80.069 E318.0265
G1 X132.062 Y79.503 E318.0452
G1 X132.062 Y78.938 E318.0640
G1 X132.062 Y78.372 E318.0828
G1 X132.062 Y77.806 E318.1015
G1 X132.062 Y77.241 E318.1203
G1 X132.062 Y76.675 E318.1391
G1 X132.062 Y76.109 E318.1578
G1 X132.234 Y75.654 E318.1740
G1 F3000 E313.1740
G1 F900 Z3.100
G0 F4200 X132.927 Y82.598
;TYPE:SOLID-FILL
;WIDTH:0.400
G1 F900 Z2.800
G1 F1500 E318.1740
G1 F2700 X132.542 Y82.983 E318.1921
G1 X132.542 Y83.139 E318.1973
G1 X132.952 Y83.139 E318.2109
G1 X133.140 Y82.951 E318.2198
G0 F2700 X133.493 Y82.598
G0 F4200 X134.019 Y82.598
G1 F2700 X134.046 Y82.610 E318.2208
G1 X133.518 Y83.139 E318.2456
G1 X134.019 Y83.138 E318.2623
G1 X134.065 Y83.117 E318.2640
G0 F2700 X134.138 Y83.085
G0 F2700 X134.435 Y82.788
G1 F3000 E313.2640
G1 F900 Z3.100
G0 F4200 X133.975 Y82.399
;TYPE:SOLID-FILL
;WIDTH:0.400
G1 F900 Z2.800
G1 F1500 E318.2640
G1 F3000 X133.656 Y82.434 E318.2673
G1 X133.097 Y82.428 E318.2700
G1 X132.785 Y82.457 E318.2804
G1 F3000 E313.2804
G1 F900 Z3.100
G0 F4200 X123.781 Y90.287
;TYPE:WALL-INNER
;WIDTH:0.400
G1 F900 Z2.800
G1 F1500 E318.2804
G1 F2700 X123.696 Y90.158 E318.2855
G1 X123.663 Y89.977 E318.2916
G1 X123.663 Y75.760 E318.7645
G1 X123.696 Y75.579 E318.7706
G1 X123.781 Y75.451 E318.7757
G1 X123.912 Y75.364 E318.7810
G1 X123.985 Y75.341 E318.7835
G1 X124.140 Y75.341 E318.7887
G1 X124.283 Y75.402 E318.7938
G1 X124.392 Y75.509 E318.7989
G1 X124.452 Y75.656 E318.8042
G1 X124.463 Y75.762 E318.8077
G1 X124.463 Y82.319 E319.0258
G1 X126.082 Y82.319 E319.0797
G1 X127.145 Y82.805 E319.1185
G1 X127.145 Y82.933 E319.1228
G1 X126.082 Y83.419 E319.1617
G1 X124.463 Y83.419 E319.2155
G1 X124.463 Y89.975 E319.4336
G1 X124.429 Y90.159 E319.4398
G1 X124.344 Y90.287 E319.4449
G1 X124.245 Y90.353 E319.4489
G0 F2700 X124.214 Y90.373
G0 F2700 X124.087 Y90.401
G0 F2700 X123.892 Y90.364
G0 F2700 X123.781 Y90.287
G1 F3000 E314.4489
G0 F4200 X123.497 Y90.571
;TYPE:WALL-OUTER
;WIDTH:0.400
G1 F900 Z2.800
G1 F1500 E319.4489
G1 F2700 X123.398 Y90.450 E319.4541
G1 X123.325 Y90.312 E319.4593
G1 X123.279 Y90.162 E319.4645
G1 X123.263 Y89.996 E319.4700
G1 X123.263 Y75.741 E319.9441
G1 X123.279 Y75.575 E319.9497
G1 X123.325 Y75.426 E319.9549
G1 X123.398 Y75.287 E319.9601
G1 X123.497 Y75.166 E319.9653
G1 X123.619 Y75.067 E319.9705
G1 X123.757 Y74.993 E319.9757
G1 X123.906 Y74.947 E319.9809
G1 X124.063 Y74.932 E319.9862
G1 X124.219 Y74.947 E319.9914
G1 X124.368 Y74.993 E319.9966
G1 X124.506 Y75.067 E320.0018
G1 X124.628 Y75.166 E320.0070
G1 X124.727 Y75.287 E320.0122
G1 X124.800 Y75.426 E320.0174
G1 X124.846 Y75.576 E320.0226
G1 X124.863 Y75.741 E320.0282
G1 X124.863 Y81.919 E320.2336
G1 X126.169 Y81.919 E320.2771
G1 X127.566 Y82.558 E320.3282
G1 X127.704 Y82.717 E320.3352
G1 X127.734 Y82.869 E320.3403
G1 X127.679 Y83.068 E320.3472
G1 X127.566 Y83.180 E320.3525
G1 X126.169 Y83.819 E320.4036
G1 X124.863 Y83.819 E320.4470
G1 X124.863 Y89.996 E320.6525
G1 X124.846 Y90.161 E320.6580
G1 X124.800 Y90.312 E320.6632
G1 X124.727 Y90.450 E320.6684
G1 X124.628 Y90.571 E320.6736
G1 X124.506 Y90.671 E320.6789
G1 X124.368 Y90.744 E320.6841
G1 X124.219 Y90.790 E320.6893
G1 X124.068 Y90.805 E320.6943
G1 X123.941 Y90.780 E320.6986
G0 F2700 X123.757 Y90.745
G0 F2700 X123.619 Y90.671
G0 F2700 X123.497 Y90.571
G1 F3000 E315.6986
G0 F4200 X123.949 Y90.162
;TYPE:SOLID-FILL
;WIDTH:0.400
G1 F900 Z2.800
G1 F1500 E320.6986
G1 F3000 X124.061 Y89.766 E320.7133
G1 X124.061 Y89.201 E320.7320
G1 X124.061 Y88.635 E320.7508
G1 X124.061 Y88.069 E320.7695
G1 X124.061 Y87.504 E320.7882
G1 X124.061 Y86.938 E320.8070
G1 X124.061 Y86.372 E320.8257
G1 X124.061 Y85.806 E320.8444
G1 X124.061 Y85.241 E320.8632
G1 X124.061 Y84.675 E320.8819
G1 X124.061 Y84.109 E320.9006
G1 X124.261 Y83.627 E320.9180
G0 F4200 X123.862 Y83.461
G1 F3000 X124.462 Y82.861 E320.9462
G0 F4200 X124.261 Y82.496
G1 F3000 X123.862 Y82.612 E320.9650
G1 X124.061 Y81.847 E320.9837
G1 X124.061 Y81.281 E321.0024
G1 X124.061 Y80.715 E321.0212
G1 X124.061 Y80.150 E321.0399
G1 X124.061 Y79.584 E321.0586
G1 X124.061 Y79.018 E321.0774
G1 X124.061 Y78.453 E321.0961
G1 X124.061 Y77.887 E321.1149
G1 X124.061 Y77.321 E321.1336
G1 X124.061 Y76.756 E321.1523
G1 X124.061 Y76.190 E321.1711
G1 X124.255 Y75.714 E321.1882
G1 F3000 E316.1882
G1 F900 Z3.100
G0 F4200 X125.007 Y82.598
;TYPE:SOLID-FILL
;WIDTH:0.400
G1 F900 Z2.800
G1 F1500 E321.1882
G1 F2700 X124.542 Y83.063 E321.2100
G1 X124.542 Y83.138 E321.2125
G1 X125.033 Y83.138 E321.2289
G1 X125.220 Y82.951 E321.2377
G0 F2700 X125.573 Y82.598
G0 F4200 X126.019 Y82.598
G1 F2700 X126.101 Y82.636 E321.2407
G1 X125.599 Y83.138 E321.2643
G1 X126.019 Y83.138 E321.2782
G1 X126.031 Y83.132 E321.2787
G0 F2700 X126.286 Y83.017
G0 F2700 X126.442 Y82.861
G1 F3000 E316.2787
G1 F900 Z3.100
G0 F4200 X126.055 Y82.399
;TYPE:SOLID-FILL
;WIDTH:0.400
G1 F900 Z2.800
G1 F1500 E321.2787
G1 F3000 X125.724 Y82.447 E321.2832
G1 X125.177 Y82.428 E321.2858
G1 X124.865 Y82.457 E321.2963
G1 F3000 E316.2963
G1 F900 Z3.100
G0 F4200 X115.892 Y90.364
;TYPE:WALL-INNER
;WIDTH:0.400
G1 F900 Z2.800
G1 F1500 E321.2963
G1 F2700 X115.781 Y90.287 E321.3008
G1 X115.696 Y90.158 E321.3059
G1 X115.663 Y89.977 E321.3120
G1 X115.663 Y75.760 E321.7849
G1 X115.696 Y75.579 E321.7910
G1 X115.781 Y75.451 E321.7961
G1 X115.912 Y75.364 E321.8013
G1 X115.985 Y75.341 E321.8039
G1 X116.140 Y75.341 E321.8090
G1 X116.283 Y75.402 E321.8142
G1 X116.392 Y75.509 E321.8193
G1 X116.452 Y75.656 E321.8246
G1 X116.463 Y75.762 E321.8281
G1 X116.463 Y82.319 E322.0462
G1 X118.082 Y82.319 E322.1001
G1 X119.145 Y82.805 E322.1389
G1 X119.145 Y82.933 E322.1432
G1 X118.082 Y83.419 E322.1821
G1 X116.463 Y83.419 E322.2359
G1 X116.463 Y89.975 E322.4540
G1 X116.429 Y90.159 E322.4602
G1 X116.353 Y90.273 E322.4647
G0 F2700 X116.344 Y90.287
G0 F2700 X116.214 Y90.373
G0 F2700 X116.087 Y90.401
G0 F2700 X115.892 Y90.364
G1 F3000 E317.4647
G0 F4200 X115.757 Y90.745
;TYPE:WALL-OUTER
;WIDTH:0.400
G1 F900 Z2.800
G1 F1500 E322.4647
G1 F2700 X115.619 Y90.671 E322.4700
G1 X115.497 Y90.571 E322.4752
G1 X115.398 Y90.450 E322.4804
G1 X115.325 Y90.312 E322.4856
G1 X115.279 Y90.162 E322.4908
G1 X115.263 Y89.996 E322.4964
G1 X115.263 Y75.741 E322.9705
G1 X115.279 Y75.575 E322.9760
G1 X115.325 Y75.426 E322.9812
G1 X115.398 Y75.287 E322.9864
G1 X115.497 Y75.166 E322.9916
G1 X115.619 Y75.067 E322.9969
G1 X115.757 Y74.993 E323.0021
G1 X115.906 Y74.947 E323.0073
G1 X116.063 Y74.932 E323.0125
G1 X116.219 Y74.947 E323.0177
G1 X116.368 Y74.993 E323.0229
G1 X116.506 Y75.067 E323.0281
G1 X116.628 Y75.166 E323.0333
G1 X116.727 Y75.287 E323.0385
G1 X116.800 Y75.426 E323.0438
G1 X116.846 Y75.576 E323.0490
G1 X116.863 Y75.741 E323.0545
G1 X116.863 Y81.919 E323.2600
G1 X118.169 Y81.919 E323.3034
G1 X119.566 Y82.558 E323.3545
G1 X119.704 Y82.717 E323.3615
G1 X119.734 Y82.869 E323.3667
G1 X119.679 Y83.068 E323.3735
G1 X119.566 Y83.180 E323.3788
G1 X118.169 Y83.819 E323.4299
G1 X116.863 Y83.819 E323.4734
G1 X116.863 Y89.996 E323.6788
G1 X116.846 Y90.161 E323.6843
G1 X116.800 Y90.312 E323.6896
G1 X116.727 Y90.450 E323.6948
G1 X116.628 Y90.571 E323.7000
G1 X116.506 Y90.671 E323.7052
G1 X116.368 Y90.744 E323.7104
G1 X116.250 Y90.781 E323.7145
G0 F2700 X116.219 Y90.790
G0 F2700 X116.068 Y90.805
G0 F2700 X115.757 Y90.745
G1 F3000 E318.7145
G0 F4200 X116.008 Y90.183
;TYPE:SOLID-FILL
;WIDTH:0.400
G1 F900 Z2.800
G1 F1500 E323.7145
G1 F3000 X116.062 Y89.846 E323.7265
G1 X116.062 Y89.281 E323.7452
G1 X116.062 Y88.715 E323.7640
G1 X116.062 Y88.149 E323.7829
G1 X116.062 Y87.584 E323.8016
G1 X116.062 Y87.018 E323.8204
G1 X116.062 Y86.452 E323.8392
G1 X116.062 Y85.887 E323.8580
G1 X116.062 Y85.321 E323.8768
G1 X116.062 Y84.755 E323.8955
G1 X116.062 Y84.189 E323.9144
G1 X116.262 Y83.707 E323.9317
G0 F4200 X115.862 Y83.541
G1 F3000 X116.462 Y82.941 E323.9600
G0 F4200 X116.319 Y82.518
G1 F3000 X115.862 Y82.693 E323.9815
G1 X116.061 Y81.927 E324.0002
G1 X116.061 Y81.362 E324.0190
G1 X116.061 Y80.796 E324.0377
G1 X116.061 Y80.230 E324.0564
G1 X116.061 Y79.665 E324.0752
G1 X116.061 Y79.099 E324.0939
G1 X116.061 Y78.533 E324.1126
G1 X116.061 Y77.967 E324.1314
G1 X116.061 Y77.402 E324.1501
G1 X116.061 Y76.836 E324.1689
G1 X116.061 Y76.270 E324.1876
G1 X116.261 Y75.788 E324.2049
G1 F3000 E319.2049
G1 F900 Z3.100
G0 F4200 X117.088 Y82.598
;TYPE:SOLID-FILL
;WIDTH:0.400
G1 F900 Z2.800
G1 F1500 E324.2049
G1 F2700 X116.548 Y83.138 E324.2303
G1 X117.113 Y83.138 E324.2491
G1 X117.300 Y82.951 E324.2579
G0 F2700 X117.654 Y82.598
G0 F4200 X118.019 Y82.599
G1 F2700 X118.156 Y82.661 E324.2629
G1 X117.679 Y83.138 E324.2854
G1 X117.974 Y83.138 E324.2952
G0 F2700 X118.018 Y83.138
G0 F2700 X118.434 Y82.949
G1 F3000 E319.2952
G1 F900 Z3.100
G0 F4200 X118.014 Y82.520
;TYPE:SOLID-FILL
;WIDTH:0.400
G1 F900 Z2.800
G1 F1500 E324.2952
G1 F3000 X117.827 Y82.424 E324.2984
G1 X117.259 Y82.427 E324.3011
G1 X116.692 Y82.427 E324.3039
G1 X116.342 Y82.496 E324.3157
G1 F3000 E319.3157
G1 F900 Z3.100
G0 F4200 X107.892 Y90.364
;TYPE:WALL-INNER
;WIDTH:0.400
G1 F900 Z2.800
G1 F1500 E324.3157
G1 F2700 X107.781 Y90.287 E324.3202
G1 X107.696 Y90.158 E324.3254
G1 X107.663 Y89.977 E324.3315
G1 X107.663 Y75.760 E324.8043
G1 X107.696 Y75.579 E324.8105
G1 X107.781 Y75.451 E324.8156
G1 X107.912 Y75.364 E324.8208
G1 X107.985 Y75.341 E324.8233
G1 X108.140 Y75.341 E324.8285
G1 X108.283 Y75.402 E324.8337
G1 X108.392 Y75.509 E324.8387
G1 X108.452 Y75.656 E324.8440
G1 X108.463 Y75.762 E324.8476
G1 X108.463 Y82.319 E325.0657
G1 X110.082 Y82.319 E325.1195
G1 X111.145 Y82.805 E325.1584
G1 X111.145 Y82.933 E325.1626
G1 X110.082 Y83.419 E325.2015
G1 X108.463 Y83.419 E325.2554
G1 X108.463 Y89.975 E325.4734
G1 X108.429 Y90.159 E325.4796
G1 X108.353 Y90.273 E325.4842
G0 F2700 X108.344 Y90.287
G0 F2700 X108.214 Y90.373
G0 F2700 X108.087 Y90.401
G0 F2700 X107.892 Y90.364
G1 F3000 E320.4842
G0 F4200 X107.757 Y90.745
;TYPE:WALL-OUTER
;WIDTH:0.400
G1 F900 Z2.800
G1 F1500 E325.4842
G1 F2700 X107.619 Y90.671 E325.4894
G1 X107.497 Y90.571 E325.4947
G1 X107.398 Y90.450 E325.4999
G1 X107.325 Y90.312 E325.5050
G1 X107.279 Y90.162 E325.5103
G1 X107.263 Y89.996 E325.5158
G1 X107.263 Y75.741 E325.9899
G1 X107.279 Y75.575 E325.9955
G1 X107.325 Y75.426 E326.0007
G1 X107.398 Y75.287 E326.0059
G1 X107.497 Y75.166 E326.0111
G1 X107.619 Y75.067 E326.0163
G1 X107.757 Y74.993 E326.0215
G1 X107.906 Y74.947 E326.0267
G1 X108.063 Y74.932 E326.0320
G1 X108.219 Y74.947 E326.0372
G1 X108.368 Y74.993 E326.0424
G1 X108.506 Y75.067 E326.0476
G1 X108.628 Y75.166 E326.0528
G1 X108.727 Y75.287 E326.0580
G1 X108.800 Y75.426 E326.0632
G1 X108.846 Y75.576 E326.0684
G1 X108.863 Y75.741 E326.0739
G1 X108.863 Y81.919 E326.2794
G1 X110.169 Y81.919 E326.3229
G1 X111.566 Y82.558 E326.3740
G1 X111.704 Y82.717 E326.3810
G1 X111.734 Y82.869 E326.3861
G1 X111.679 Y83.068 E326.3930
G1 X111.566 Y83.180 E326.3983
G1 X110.169 Y83.819 E326.4494
G1 X108.863 Y83.819 E326.4928
G1 X108.863 Y89.996 E326.6983
G1 X108.846 Y90.161 E326.7038
G1 X108.800 Y90.312 E326.7090
G1 X108.727 Y90.450 E326.7142
G1 X108.628 Y90.571 E326.7194
G1 X108.506 Y90.671 E326.7247
G1 X108.368 Y90.744 E326.7298
G1 X108.250 Y90.781 E326.7340
G0 F2700 X108.219 Y90.790
G0 F2700 X108.068 Y90.805
G0 F2700 X107.757 Y90.745
G1 F3000 E321.7340
G0 F4200 X108.076 Y90.196
;TYPE:SOLID-FILL
;WIDTH:0.400
G1 F900 Z2.800
G1 F1500 E326.7340
G1 F3000 X108.055 Y89.933 E326.7421
G1 X108.062 Y89.361 E326.7609
G1 X108.062 Y88.795 E326.7796
G1 X108.062 Y88.230 E326.7984
G1 X108.062 Y87.664 E326.8171
G1 X108.062 Y87.098 E326.8359
G1 X108.062 Y86.533 E326.8546
G1 X108.062 Y85.967 E326.8734
G1 X108.062 Y85.401 E326.8922
G1 X108.062 Y84.836 E326.9109
G1 X108.062 Y84.270 E326.9297
G1 X108.062 Y83.704 E326.9485
G1 X108.263 Y83.220 E326.9672
G1 X108.431 Y82.770 E326.9764
G1 X107.862 Y82.773 E327.0017
G1 X108.062 Y82.007 E327.0205
G1 X108.062 Y81.441 E327.0392
G1 X108.062 Y80.876 E327.0579
G1 X108.062 Y80.310 E327.0767
G1 X108.062 Y79.744 E327.0955
G1 X108.062 Y79.179 E327.1142
G1 X108.062 Y78.613 E327.1330
G1 X108.062 Y78.047 E327.1517
G1 X108.062 Y77.482 E327.1705
G1 X108.062 Y76.916 E327.1892
G1 X108.062 Y76.350 E327.2080
G1 X108.142 Y75.704 E327.2267
G1 X107.880 Y75.684 E327.2355
G1 F3000 E322.2355
G1 F900 Z3.100
G0 F4200 X108.542 Y82.659
;TYPE:SOLID-FILL
;WIDTH:0.400
G1 F900 Z2.800
G1 F1500 E327.2355
G1 F2700 X108.603 Y82.598 E327.2384
G1 X109.168 Y82.598 E327.2571
G1 X108.627 Y83.139 E327.2826
G1 X109.193 Y83.139 E327.3014
G1 X109.381 Y82.951 E327.3103
G0 F2700 X109.734 Y82.598
G0 F4200 X109.759 Y83.139
G1 F2700 X110.008 Y82.890 E327.3220
G0 F2700 X110.212 Y82.686
G0 F2700 X110.019 Y82.599
G1 F3000 E322.3220
G1 F900 Z3.100
G0 F4200 X109.900 Y83.280
;TYPE:SOLID-FILL
;WIDTH:0.400
G1 F900 Z2.800
G1 F1500 E327.3220
G1 F3000 X109.842 Y83.338 E327.3247
G1 F3000 E322.3247
G1 F900 Z3.100
G0 F4200 X102.034 Y83.269
;TYPE:WALL-INNER
;WIDTH:0.400
G1 F900 Z2.800
G1 F1500 E327.3247
G1 F2700 X90.092 Y83.269 E327.7219
G1 X89.934 Y83.243 E327.7272
G1 X89.768 Y83.134 E327.7338
G1 X89.733 Y83.091 E327.7357
G1 X89.673 Y82.946 E327.7409
G1 X89.666 Y82.869 E327.7435
G1 X89.671 Y82.812 E327.7454
G1 X89.781 Y82.588 E327.7537
G1 X89.911 Y82.502 E327.7588
G1 X89.985 Y82.479 E327.7614
G1 X95.513 Y82.469 E327.9453
G1 X95.513 Y65.848 E328.4981
G1 X95.997 Y64.774 E328.5373
G1 X96.125 Y64.773 E328.5415
G1 X96.612 Y65.848 E328.5808
G1 X96.612 Y82.469 E329.1336
G1 X102.140 Y82.479 E329.3175
G1 X102.283 Y82.539 E329.3226
G1 X102.384 Y82.637 E329.3273
G1 X102.438 Y82.758 E329.3317
G1 X102.458 Y82.886 E329.3360
G1 X102.430 Y83.014 E329.3404
G0 F2700 X102.429 Y83.021
G0 F2700 X102.344 Y83.149
G0 F2700 X102.283 Y83.198
G0 F2700 X102.140 Y83.259
G0 F2700 X102.034 Y83.269
G1 F3000 E324.3404
G0 F4200 X102.053 Y83.669
;TYPE:WALL-OUTER
;WIDTH:0.400
G1 F900 Z2.800
G1 F1500 E329.3404
G1 F2700 X90.073 Y83.669 E329.7388
G1 X89.906 Y83.653 E329.7444
G1 X89.762 Y83.609 E329.7494
G1 X89.497 Y83.434 E329.7600
G1 X89.398 Y83.313 E329.7652
G1 X89.325 Y83.174 E329.7704
G1 X89.279 Y83.025 E329.7756
G1 X89.264 Y82.869 E329.7808
G1 X89.279 Y82.713 E329.7860
G1 X89.402 Y82.420 E329.7966
G1 X89.497 Y82.304 E329.8016
G1 X89.619 Y82.204 E329.8068
G1 X89.757 Y82.131 E329.8120
G1 X89.906 Y82.085 E329.8172
G1 X90.073 Y82.069 E329.8228
G1 X95.113 Y82.069 E329.9904
G1 X95.113 Y65.762 E330.5328
G1 X95.706 Y64.446 E330.5808
G1 X95.800 Y64.306 E330.5864
G1 X95.980 Y64.205 E330.5933
G1 X96.135 Y64.205 E330.5984
G1 X96.278 Y64.264 E330.6036
G1 X96.399 Y64.409 E330.6099
G1 X97.012 Y65.762 E330.6593
G1 X97.012 Y82.069 E331.2016
G1 X102.053 Y82.069 E331.3693
G1 X102.219 Y82.085 E331.3748
G1 X102.368 Y82.131 E331.3800
G1 X102.506 Y82.204 E331.3852
G1 X102.628 Y82.304 E331.3905
G1 X102.727 Y82.425 E331.3957
G1 X102.825 Y82.643 E331.4036
G1 X102.861 Y82.875 E331.4114
G1 X102.846 Y83.024 E331.4164
G1 X102.800 Y83.174 E331.4216
G1 X102.727 Y83.313 E331.4268
G1 X102.628 Y83.434 E331.4320
G1 X102.523 Y83.519 E331.4365
G0 F2700 X102.506 Y83.533
G0 F2700 X102.368 Y83.607
G0 F2700 X102.219 Y83.653
G0 F2700 X102.053 Y83.669
G1 F3000 E326.4365
G0 F4200 X101.626 Y83.069
;TYPE:SOLID-FILL
;WIDTH:0.400
G1 F900 Z2.800
G1 F1500 E331.4365
G1 F3000 X101.734 Y82.677 E331.4549
G1 X100.974 Y82.873 E331.4733
G1 X100.409 Y82.872 E331.4917
G1 X99.843 Y82.871 E331.5102
G1 X99.279 Y82.871 E331.5287
G1 X98.713 Y82.870 E331.5473
G1 X98.148 Y82.870 E331.5660
G1 X97.583 Y82.869 E331.5846
G1 X96.930 Y82.956 E331.6034
G1 X96.935 Y82.669 E331.6129
G1 F3000 E326.6129
G1 F900 Z3.100
G0 F4200 X96.333 Y82.988
;TYPE:SOLID-FILL
;WIDTH:0.400
G1 F900 Z2.800
G1 F1500 E331.6129
G1 F2700 X96.573 Y82.749 E331.6242
G1 X96.331 Y82.749 E331.6322
G1 X96.331 Y82.425 E331.6430
G1 X95.767 Y82.988 E331.6695
G1 X95.443 Y82.988 E331.6803
G1 X95.443 Y82.749 E331.6882
G1 X95.792 Y82.749 E331.6998
G1 X95.792 Y82.398 E331.7115
G1 X96.331 Y81.859 E331.7369
G1 X96.331 Y81.293 E331.7557
G1 X95.792 Y81.832 E331.7810
G1 X95.792 Y81.267 E331.7998
G1 X96.331 Y80.728 E331.8252
G1 X96.331 Y80.162 E331.8440
G1 X95.792 Y80.701 E331.8694
G1 X95.792 Y80.135 E331.8882
G1 X96.331 Y79.596 E331.9135
G1 X96.331 Y79.031 E331.9323
G1 X95.792 Y79.570 E331.9577
G1 X95.792 Y79.004 E331.9765
G1 X96.331 Y78.465 E332.0019
G1 X96.331 Y77.899 E332.0207
G1 X95.792 Y78.438 E332.0461
G1 X95.792 Y77.872 E332.0649
G1 X96.331 Y77.334 E332.0902
G1 X96.331 Y76.768 E332.1090
G1 X95.792 Y77.307 E332.1344
G1 X95.792 Y76.741 E332.1532
G1 X96.331 Y76.202 E332.1786
G1 X96.331 Y75.637 E332.1974
G1 X95.792 Y76.175 E332.2227
G1 X95.792 Y75.610 E332.2415
G1 X96.331 Y75.071 E332.2668
G1 X96.331 Y74.505 E332.2857
G1 X95.792 Y75.044 E332.3110
G1 X95.792 Y74.478 E332.3298
G1 X96.331 Y73.940 E332.3552
G1 X96.331 Y73.374 E332.3740
G1 X95.792 Y73.913 E332.3993
G1 X95.792 Y73.347 E332.4182
G1 X96.331 Y72.808 E332.4435
G1 X96.331 Y72.242 E332.4623
G1 X95.792 Y72.781 E332.4877
G1 X95.792 Y72.216 E332.5065
G1 X96.331 Y71.677 E332.5318
G1 X96.331 Y71.111 E332.5507
G1 X95.792 Y71.650 E332.5760
G1 X95.792 Y71.084 E332.5948
G1 X96.331 Y70.545 E332.6202
G1 X96.331 Y69.980 E332.6390
G1 X95.792 Y70.519 E332.6643
G1 X95.792 Y69.953 E332.6832
G1 X96.331 Y69.414 E332.7085
G1 X96.331 Y68.848 E332.7273
G1 X95.792 Y69.387 E332.7527
G1 X95.792 Y68.821 E332.7715
G1 X96.331 Y68.283 E332.7969
G1 X96.331 Y67.717 E332.8157
G1 X95.792 Y68.256 E332.8410
G1 X95.792 Y67.690 E332.8599
G1 X96.331 Y67.151 E332.8852
G1 X96.331 Y66.586 E332.9040
G1 X95.792 Y67.124 E332.9293
G1 X95.792 Y66.559 E332.9481
G1 X96.331 Y66.020 E332.9735
G1 X96.331 Y65.908 E332.9772
G1 X96.189 Y65.596 E332.9886
G1 X96.145 Y65.640 E332.9907
G0 F2700 X95.792 Y65.993
G0 F4200 X95.651 Y65.852
;TYPE:SOLID-FILL
;WIDTH:0.400
G1 F3000 X95.592 Y65.910 E332.9934
G1 F3000 E327.9934
G1 F900 Z3.100
G0 F4200 X96.879 Y82.725
G1 F900 Z2.800
G1 F1500 E332.9934
G1 F3000 X96.645 Y82.959 E332.9963
G1 X96.416 Y83.188 E333.0071
G1 F3000 E328.0071
G1 F900 Z3.100
G0 F4200 X95.238 Y82.669
G1 F900 Z2.800
G1 F1500 E333.0071
G1 F3000 X94.754 Y82.869 E333.0259
G1 X94.188 Y82.870 E333.0447
G1 X93.622 Y82.870 E333.0633
G1 X93.056 Y82.871 E333.0819
G1 X92.489 Y82.871 E333.1006
G1 X91.924 Y82.872 E333.1191
G1 X91.357 Y82.872 E333.1375
G1 X90.791 Y82.873 E333.1560
G1 X90.225 Y82.873 E333.1743
G1 X89.883 Y82.933 E333.1859
G1 F3000 E328.1859
G1 F900 Z3.100
G0 F4200 X92.140 Y88.259
;TYPE:WALL-INNER
;WIDTH:0.400
G1 F900 Z2.800
G1 F1500 E333.1859
G1 F2700 X92.034 Y88.269 E333.1894
G1 X80.092 Y88.269 E333.5866
G1 X79.934 Y88.243 E333.5920
G1 X79.768 Y88.134 E333.5986
G1 X79.733 Y88.091 E333.6004
G1 X79.673 Y87.946 E333.6056
G1 X79.666 Y87.869 E333.6082
G1 X79.671 Y87.812 E333.6101
G1 X79.781 Y87.588 E333.6184
G1 X79.911 Y87.502 E333.6236
G1 X79.985 Y87.479 E333.6262
G1 X85.513 Y87.469 E333.8100
G1 X85.513 Y70.848 E334.3628
G1 X85.997 Y69.774 E334.4020
G1 X86.125 Y69.773 E334.4063
G1 X86.612 Y70.848 E334.4455
G1 X86.612 Y87.469 E334.9983
G1 X92.140 Y87.479 E335.1822
G1 X92.283 Y87.539 E335.1874
G1 X92.384 Y87.637 E335.1920
G1 X92.438 Y87.758 E335.1965
G1 X92.458 Y87.886 E335.2008
G1 X92.452 Y87.910 E335.2016
G0 F2700 X92.429 Y88.021
G0 F2700 X92.344 Y88.149
G0 F2700 X92.283 Y88.198
G0 F2700 X92.140 Y88.259
G1 F3000 E330.2016
G0 F4200 X92.219 Y88.653
;TYPE:WALL-OUTER
;WIDTH:0.400
G1 F900 Z2.800
G1 F1500 E335.2016
G1 F2700 X92.053 Y88.669 E335.2071
G1 X80.073 Y88.669 E335.6056
G1 X79.906 Y88.653 E335.6112
G1 X79.762 Y88.609 E335.6162
G1 X79.497 Y88.434 E335.6267
G1 X79.398 Y88.313 E335.6319
G1 X79.325 Y88.174 E335.6372
G1 X79.279 Y88.025 E335.6423
G1 X79.264 Y87.869 E335.6476
G1 X79.279 Y87.713 E335.6528
G1 X79.402 Y87.420 E335.6633
G1 X79.497 Y87.304 E335.6683
G1 X79.619 Y87.204 E335.6736
G1 X79.757 Y87.131 E335.6788
G1 X79.906 Y87.085 E335.6840
G1 X80.073 Y87.069 E335.6895
G1 X85.113 Y87.069 E335.8572
G1 X85.113 Y70.762 E336.3995
G1 X85.706 Y69.446 E336.4475
G1 X85.806 Y69.298 E336.4535
G1 X85.847 Y69.264 E336.4553
G1 X85.990 Y69.205 E336.4604
G1 X86.135 Y69.205 E336.4652
G1 X86.278 Y69.264 E336.4704
G1 X86.399 Y69.409 E336.4767
G1 X87.012 Y70.762 E336.5261
G1 X87.012 Y87.069 E337.0684
G1 X92.053 Y87.069 E337.2361
G1 X92.219 Y87.085 E337.2416
G1 X92.368 Y87.131 E337.2468
G1 X92.506 Y87.204 E337.2520
G1 X92.628 Y87.304 E337.2573
G1 X92.727 Y87.425 E337.2625
G1 X92.825 Y87.643 E337.2704
G1 X92.861 Y87.875 E337.2782
G1 X92.846 Y88.024 E337.2832
G1 X92.800 Y88.174 E337.2884
G1 X92.727 Y88.313 E337.2936
G1 X92.648 Y88.410 E337.2978
G0 F2700 X92.628 Y88.434
G0 F2700 X92.506 Y88.533
G0 F2700 X92.368 Y88.607
G0 F2700 X92.219 Y88.653
G1 F3000 E332.2978
G0 F4200 X92.121 Y88.049
;TYPE:SOLID-FILL
;WIDTH:0.400
G1 F900 Z2.800
G1 F1500 E337.2978
G1 F3000 X92.084 Y87.803 E337.3035
G1 X91.448 Y87.872 E337.3218
G1 X90.883 Y87.872 E337.3401
G1 X90.318 Y87.871 E337.3585
G1 X89.753 Y87.871 E337.3769
G1 X89.188 Y87.870 E337.3955
G1 X88.622 Y87.870 E337.4140
G1 X88.057 Y87.869 E337.4327
G1 X87.492 Y87.868 E337.4513
G1 X86.885 Y87.910 E337.4701
G1 X86.844 Y87.669 E337.4782
G0 F4200 X86.483 Y87.747
;TYPE:SOLID-FILL
;WIDTH:0.400
G1 F2700 X86.242 Y87.988 E337.4895
G1 X85.677 Y87.988 E337.5083
G1 X86.331 Y87.334 E337.5391
G1 X86.331 Y86.768 E337.5579
G1 X85.792 Y87.307 E337.5833
G1 X85.792 Y86.741 E337.6021
G1 X86.331 Y86.202 E337.6275
G1 X86.331 Y85.636 E337.6463
G1 X85.792 Y86.175 E337.6716
G1 X85.792 Y85.610 E337.6904
G1 X86.331 Y85.071 E337.7158
G1 X86.331 Y84.505 E337.7346
G1 X85.792 Y85.044 E337.7600
G1 X85.792 Y84.478 E337.7788
G1 X86.331 Y83.939 E337.8041
G1 X86.331 Y83.374 E337.8229
G1 X85.792 Y83.913 E337.8483
G1 X85.792 Y83.347 E337.8671
G1 X86.331 Y82.808 E337.8925
G1 X86.331 Y82.242 E337.9113
G1 X85.792 Y82.781 E337.9366
G1 X85.792 Y82.216 E337.9554
G1 X86.331 Y81.677 E337.9808
G1 X86.331 Y81.111 E337.9996
G1 X85.792 Y81.650 E338.0250
G1 X85.792 Y81.084 E338.0438
G1 X86.331 Y80.545 E338.0691
G1 X86.331 Y79.980 E338.0879
G1 X85.792 Y80.518 E338.1133
G1 X85.792 Y79.953 E338.1320
G1 X86.331 Y79.414 E338.1574
G1 X86.331 Y78.848 E338.1762
G1 X85.792 Y79.387 E338.2016
G1 X85.792 Y78.821 E338.2204
G1 X86.331 Y78.283 E338.2457
G1 X86.331 Y77.717 E338.2646
G1 X85.792 Y78.256 E338.2899
G1 X85.792 Y77.690 E338.3087
G1 X86.331 Y77.151 E338.3341
G1 X86.331 Y76.586 E338.3529
G1 X85.792 Y77.124 E338.3782
G1 X85.792 Y76.559 E338.3970
G1 X86.331 Y76.020 E338.4224
G1 X86.331 Y75.454 E338.4412
G1 X85.792 Y75.993 E338.4665
G1 X85.792 Y75.427 E338.4854
G1 X86.331 Y74.888 E338.5107
G1 X86.331 Y74.323 E338.5295
G1 X85.792 Y74.862 E338.5549
G1 X85.792 Y74.296 E338.5737
G1 X86.331 Y73.757 E338.5990
G1 X86.331 Y73.191 E338.6179
G1 X85.792 Y73.730 E338.6432
G1 X85.792 Y73.165 E338.6620
G1 X86.331 Y72.626 E338.6874
G1 X86.331 Y72.060 E338.7062
G1 X85.792 Y72.599 E338.7315
G1 X85.792 Y72.033 E338.7504
G1 X86.331 Y71.494 E338.7757
G1 X86.331 Y70.929 E338.7945
G1 X85.792 Y71.467 E338.8198
G1 X85.791 Y70.907 E338.8385
G1 X85.795 Y70.899 E338.8388
G1 X85.807 Y70.887 E338.8393
G0 F2700 X86.160 Y70.533
G1 F3000 E333.8393
G1 F900 Z3.100
G0 F4200 X86.880 Y87.633
;TYPE:SOLID-FILL
;WIDTH:0.400
G1 F900 Z2.800
G1 F1500 E338.8393
G1 F3000 X86.625 Y87.888 E338.8513
G0 F4200 X85.433 Y87.949
G1 F3000 X85.195 Y87.903 E338.8602
G1 X84.664 Y87.868 E338.8790
G1 X84.098 Y87.869 E338.8977
G1 X83.532 Y87.870 E338.9163
G1 X82.965 Y87.870 E338.9349
G1 X82.400 Y87.871 E338.9534
G1 X81.833 Y87.871 E338.9719
G1 X81.267 Y87.872 E338.9904
G1 X80.701 Y87.872 E339.0087
G1 X80.049 Y87.959 E339.0271
G1 X80.048 Y87.677 E339.0365
;LAYER:14
;Z:3.000
;HEIGHT:0.200
G1 F3000 E334.0365
G0 F900 Z3.000
G0 F4200 X92.140 Y88.259
;TYPE:WALL-INNER
;WIDTH:0.400
G1 F900 Z3.000
G1 F1500 E339.0365
G1 F2700 X92.034 Y88.269 E339.0400
G1 X80.092 Y88.269 E339.4372
G1 X79.912 Y88.236 E339.4433
G1 X79.781 Y88.149 E339.4485
G1 X79.733 Y88.091 E339.4510
G1 X79.673 Y87.946 E339.4562
G1 X79.671 Y87.812 E339.4607
G1 X79.781 Y87.588 E339.4690
G1 X79.911 Y87.502 E339.4742
G1 X79.985 Y87.479 E339.4768
G1 X85.513 Y87.469 E339.6606
G1 X85.513 Y70.848 E340.2134
G1 X85.997 Y69.773 E340.2526
G1 X86.125 Y69.773 E340.2569
G1 X86.612 Y70.848 E340.2962
G1 X86.612 Y87.469 E340.8490
G1 X92.140 Y87.479 E341.0328
G1 X92.283 Y87.539 E341.0380
G1 X92.344 Y87.588 E341.0406
G1 X92.429 Y87.716 E341.0457
G1 X92.460 Y87.869 E341.0509
G1 X92.451 Y87.910 E341.0523
G0 F2700 X92.429 Y88.021
G0 F2700 X92.344 Y88.149
G0 F2700 X92.283 Y88.198
G0 F2700 X92.140 Y88.259
G1 F3000 E336.0523
G0 F4200 X92.219 Y88.653
;TYPE:WALL-OUTER
;WIDTH:0.400
G1 F900 Z3.000
G1 F1500 E341.0523
G1 F2700 X92.053 Y88.669 E341.0578
G1 X80.073 Y88.669 E341.4563
G1 X79.906 Y88.653 E341.4619
G1 X79.757 Y88.607 E341.4671
G1 X79.619 Y88.533 E341.4723
G1 X79.497 Y88.434 E341.4775
G1 X79.398 Y88.313 E341.4827
G1 X79.325 Y88.174 E341.4879
G1 X79.279 Y88.025 E341.4931
G1 X79.264 Y87.869 E341.4983
G1 X79.279 Y87.713 E341.5035
G1 X79.402 Y87.420 E341.5141
G1 X79.497 Y87.304 E341.5191
G1 X79.619 Y87.204 E341.5243
G1 X79.757 Y87.131 E341.5295
G1 X79.906 Y87.085 E341.5347
G1 X80.073 Y87.069 E341.5403
G1 X85.113 Y87.069 E341.7079
G1 X85.113 Y70.762 E342.2503
G1 X85.706 Y69.446 E342.2983
G1 X85.806 Y69.298 E342.3042
G1 X85.847 Y69.264 E342.3060
G1 X85.990 Y69.205 E342.3112
G1 X86.135 Y69.205 E342.3160
G1 X86.278 Y69.264 E342.3211
G1 X86.398 Y69.406 E342.3273
G1 X87.012 Y70.762 E342.3768
G1 X87.012 Y87.069 E342.9192
G1 X92.053 Y87.069 E343.0869
G1 X92.219 Y87.085 E343.0924
G1 X92.368 Y87.131 E343.0976
G1 X92.506 Y87.204 E343.1028
G1 X92.628 Y87.304 E343.1080
G1 X92.727 Y87.425 E343.1132
G1 X92.800 Y87.563 E343.1184
G1 X92.846 Y87.714 E343.1237
G1 X92.862 Y87.869 E343.1289
G1 X92.846 Y88.024 E343.1340
G1 X92.800 Y88.174 E343.1393
G1 X92.727 Y88.313 E343.1445
G1 X92.648 Y88.410 E343.1486
G0 F2700 X92.628 Y88.434
G0 F2700 X92.506 Y88.533
G0 F2700 X92.368 Y88.607
G0 F2700 X92.219 Y88.653
G1 F3000 E338.1486
G0 F4200 X92.218 Y87.975
;TYPE:SOLID-FILL
;WIDTH:0.400
G1 F900 Z3.000
G1 F1500 E343.1486
G1 F3000 X91.832 Y87.873 E343.1626
G1 X91.267 Y87.873 E343.1809
G1 X90.700 Y87.872 E343.1992
G1 X90.134 Y87.872 E343.2176
G1 X89.568 Y87.871 E343.2361
G1 X89.002 Y87.871 E343.2546
G1 X88.435 Y87.870 E343.2732
G1 X87.869 Y87.870 E343.2918
G1 X87.303 Y87.869 E343.3104
G1 X86.821 Y87.669 E343.3278
G0 F4200 X86.617 Y87.748
;TYPE:SOLID-FILL
;WIDTH:0.400
G1 F2700 X86.681 Y87.812 E343.3308
G1 X86.681 Y87.988 E343.3367
G1 X86.291 Y87.988 E343.3496
G1 X85.791 Y87.488 E343.3732
G1 X85.792 Y87.748 E343.3818
G1 X85.646 Y87.748 E343.3867
G0 F2700 X85.485 Y87.748
G0 F2700 X85.725 Y87.988
G1 F3000 E338.3867
G1 F900 Z3.300
G0 F4200 X86.332 Y87.463
G1 F900 Z3.000
G1 F1500 E343.3867
G1 F2700 X85.791 Y86.923 E343.4121
G1 X85.791 Y86.357 E343.4309
G1 X86.332 Y86.897 E343.4563
G1 X86.332 Y86.332 E343.4751
G1 X85.791 Y85.791 E343.5006
G1 X85.791 Y85.226 E343.5194
G1 X86.332 Y85.766 E343.5448
G1 X86.332 Y85.200 E343.5636
G1 X85.791 Y84.660 E343.5890
G1 X85.791 Y84.094 E343.6079
G1 X86.332 Y84.635 E343.6333
G1 X86.332 Y84.069 E343.6521
G1 X85.791 Y83.529 E343.6776
G1 X85.791 Y82.963 E343.6964
G1 X86.332 Y83.503 E343.7218
G1 X86.332 Y82.937 E343.7406
G1 X85.791 Y82.397 E343.7661
G1 X85.791 Y81.832 E343.7848
G1 X86.332 Y82.372 E343.8103
G1 X86.332 Y81.806 E343.8291
G1 X85.791 Y81.266 E343.8545
G1 X85.791 Y80.700 E343.8733
G1 X86.332 Y81.240 E343.8988
G1 X86.332 Y80.675 E343.9176
G1 X85.791 Y80.134 E343.9430
G1 X85.791 Y79.569 E343.9618
G1 X86.332 Y80.109 E343.9872
G1 X86.332 Y79.543 E344.0060
G1 X85.791 Y79.003 E344.0315
G1 X85.791 Y78.437 E344.0503
G1 X86.332 Y78.978 E344.0757
G1 X86.332 Y78.412 E344.0946
G1 X85.791 Y77.872 E344.1200
G1 X85.791 Y77.306 E344.1388
G1 X86.332 Y77.846 E344.1642
G1 X86.332 Y77.281 E344.1830
G1 X85.791 Y76.740 E344.2085
G1 X85.791 Y76.175 E344.2273
G1 X86.332 Y76.715 E344.2527
G1 X86.332 Y76.149 E344.2715
G1 X85.791 Y75.609 E344.2969
G1 X85.791 Y75.043 E344.3158
G1 X86.332 Y75.584 E344.3412
G1 X86.332 Y75.018 E344.3600
G1 X85.791 Y74.478 E344.3855
G1 X85.791 Y73.912 E344.4043
G1 X86.332 Y74.452 E344.4297
G1 X86.332 Y73.887 E344.4485
G1 X85.791 Y73.346 E344.4739
G1 X85.791 Y72.781 E344.4927
G1 X86.332 Y73.321 E344.5182
G1 X86.332 Y72.755 E344.5370
G1 X85.791 Y72.215 E344.5624
G1 X85.791 Y71.649 E344.5812
G1 X86.332 Y72.189 E344.6067
G1 X86.332 Y71.624 E344.6255
G1 X85.791 Y71.084 E344.6509
G1 X85.791 Y70.907 E344.6568
G1 X85.912 Y70.638 E344.6666
G1 X85.978 Y70.704 E344.6697
G0 F2700 X86.332 Y71.058
G0 F4200 X86.472 Y70.916
;TYPE:SOLID-FILL
;WIDTH:0.400
G1 F3000 X86.531 Y70.975 E344.6725
G1 F3000 E339.6725
G1 F900 Z3.300
G0 F4200 X86.472 Y87.320
G1 F900 Z3.000
G1 F1500 E344.6725
G1 F3000 X86.615 Y87.464 E344.6753
G1 X86.757 Y87.606 E344.6819
G1 F3000 E339.6819
G1 F900 Z3.300
G0 F4200 X85.642 Y88.188
G1 F900 Z3.000
G1 F1500 E344.6819
G1 F3000 X85.473 Y88.018 E344.6847
G1 X85.040 Y87.868 E344.6960
G1 X84.475 Y87.869 E344.7147
G1 X83.910 Y87.870 E344.7333
G1 X83.344 Y87.870 E344.7518
G1 X82.779 Y87.871 E344.7704
G1 X82.214 Y87.871 E344.7889
G1 X81.648 Y87.871 E344.8073
G1 X81.083 Y87.872 E344.8257
G1 X80.518 Y87.872 E344.8440
G1 X80.041 Y87.678 E344.8611
G1 F3000 E339.8611
G1 F900 Z3.300
G0 F4200 X102.034 Y83.269
;TYPE:WALL-INNER
;WIDTH:0.400
G1 F900 Z3.000
G1 F1500 E344.8611
G1 F2700 X90.092 Y83.269 E345.2583
G1 X89.912 Y83.236 E345.2644
G1 X89.781 Y83.149 E345.2696
G1 X89.733 Y83.091 E345.2721
G1 X89.673 Y82.946 E345.2774
G1 X89.671 Y82.812 E345.2818
G1 X89.781 Y82.588 E345.2901
G1 X89.911 Y82.502 E345.2953
G1 X89.985 Y82.479 E345.2979
G1 X95.513 Y82.469 E345.4818
G1 X95.513 Y65.848 E346.0346
G1 X95.997 Y64.773 E346.0738
G1 X96.125 Y64.773 E346.0780
G1 X96.612 Y65.848 E346.1173
G1 X96.612 Y82.469 E346.6701
G1 X102.140 Y82.479 E346.8540
G1 X102.283 Y82.539 E346.8591
G1 X102.344 Y82.588 E346.8617
G1 X102.429 Y82.716 E346.8668
G1 X102.460 Y82.869 E346.8720
G1 X102.430 Y83.014 E346.8770
G0 F2700 X102.429 Y83.021
G0 F2700 X102.344 Y83.149
G0 F2700 X102.283 Y83.198
G0 F2700 X102.140 Y83.259
G0 F2700 X102.034 Y83.269
G1 F3000 E341.8770
G0 F4200 X102.053 Y83.669
;TYPE:WALL-OUTER
;WIDTH:0.400
G1 F900 Z3.000
G1 F1500 E346.8770
G1 F2700 X90.073 Y83.669 E347.2754
G1 X89.906 Y83.653 E347.2810
G1 X89.757 Y83.607 E347.2862
G1 X89.619 Y83.533 E347.2914
G1 X89.497 Y83.434 E347.2966
G1 X89.398 Y83.313 E347.3018
G1 X89.325 Y83.174 E347.3070
G1 X89.279 Y83.025 E347.3122
G1 X89.264 Y82.869 E347.3174
G1 X89.279 Y82.713 E347.3226
G1 X89.402 Y82.420 E347.3332
G1 X89.497 Y82.304 E347.3382
G1 X89.619 Y82.204 E347.3434
G1 X89.757 Y82.131 E347.3486
G1 X89.906 Y82.085 E347.3538
G1 X90.073 Y82.069 E347.3594
G1 X95.113 Y82.069 E347.5270
G1 X95.113 Y65.762 E348.0694
G1 X95.706 Y64.446 E348.1174
G1 X95.800 Y64.306 E348.1230
G1 X95.980 Y64.205 E348.1299
G1 X96.135 Y64.205 E348.1350
G1 X96.278 Y64.264 E348.1402
G1 X96.398 Y64.406 E348.1464
G1 X97.012 Y65.762 E348.1959
G1 X97.012 Y82.069 E348.7383
G1 X102.053 Y82.069 E348.9059
G1 X102.219 Y82.085 E348.9115
G1 X102.368 Y82.131 E348.9167
G1 X102.506 Y82.204 E348.9218
G1 X102.628 Y82.304 E348.9271
G1 X102.727 Y82.425 E348.9323
G1 X102.800 Y82.563 E348.9375
G1 X102.846 Y82.714 E348.9427
G1 X102.862 Y82.869 E348.9479
G1 X102.846 Y83.024 E348.9531
G1 X102.800 Y83.174 E348.9583
G1 X102.727 Y83.313 E348.9635
G1 X102.628 Y83.434 E348.9687
G1 X102.523 Y83.519 E348.9732
G0 F2700 X102.506 Y83.533
G0 F2700 X102.368 Y83.607
G0 F2700 X102.219 Y83.653
G0 F2700 X102.053 Y83.669
G1 F3000 E343.9732
G0 F4200 X102.019 Y83.068
;TYPE:SOLID-FILL
;WIDTH:0.400
G1 F900 Z3.000
G1 F1500 E348.9732
G1 F3000 X101.540 Y82.873 E348.9916
G1 X100.974 Y82.872 E349.0100
G1 X100.409 Y82.872 E349.0283
G1 X99.842 Y82.871 E349.0467
G1 X99.276 Y82.871 E349.0652
G1 X98.710 Y82.870 E349.0837
G1 X98.144 Y82.870 E349.1023
G1 X97.577 Y82.870 E349.1210
G1 X96.927 Y82.785 E349.1397
G1 X96.928 Y83.068 E349.1491
G1 F3000 E344.1491
G1 F900 Z3.300
G0 F4200 X95.759 Y82.749
;TYPE:SOLID-FILL
;WIDTH:0.400
G1 F900 Z3.000
G1 F1500 E349.1491
G1 F2700 X95.999 Y82.988 E349.1603
G1 X96.565 Y82.988 E349.1792
G1 X95.792 Y82.216 E349.2155
G1 X95.792 Y81.650 E349.2343
G1 X96.331 Y82.189 E349.2597
G1 X96.331 Y81.624 E349.2785
G1 X95.792 Y81.084 E349.3038
G1 X95.792 Y80.518 E349.3227
G1 X96.331 Y81.058 E349.3480
G1 X96.331 Y80.492 E349.3669
G1 X95.792 Y79.953 E349.3922
G1 X95.792 Y79.387 E349.4110
G1 X96.331 Y79.927 E349.4364
G1 X96.331 Y79.361 E349.4553
G1 X95.792 Y78.821 E349.4806
G1 X95.792 Y78.256 E349.4994
G1 X96.331 Y78.795 E349.5248
G1 X96.331 Y78.230 E349.5436
G1 X95.792 Y77.690 E349.5689
G1 X95.792 Y77.124 E349.5878
G1 X96.331 Y77.664 E349.6131
G1 X96.331 Y77.098 E349.6320
G1 X95.792 Y76.559 E349.6573
G1 X95.792 Y75.993 E349.6761
G1 X96.331 Y76.532 E349.7015
G1 X96.331 Y75.967 E349.7203
G1 X95.792 Y75.427 E349.7457
G1 X95.792 Y74.862 E349.7645
G1 X96.331 Y75.401 E349.7898
G1 X96.331 Y74.835 E349.8086
G1 X95.792 Y74.296 E349.8340
G1 X95.792 Y73.730 E349.8528
G1 X96.331 Y74.270 E349.8782
G1 X96.331 Y73.704 E349.8970
G1 X95.792 Y73.165 E349.9224
G1 X95.792 Y72.599 E349.9412
G1 X96.331 Y73.138 E349.9665
G1 X96.331 Y72.573 E349.9853
G1 X95.792 Y72.033 E350.0107
G1 X95.792 Y71.467 E350.0295
G1 X96.331 Y72.007 E350.0549
G1 X96.331 Y71.441 E350.0737
G1 X95.792 Y70.902 E350.0991
G1 X95.792 Y70.336 E350.1179
G1 X96.331 Y70.876 E350.1433
G1 X96.331 Y70.310 E350.1621
G1 X95.792 Y69.770 E350.1875
G1 X95.792 Y69.205 E350.2063
G1 X96.331 Y69.744 E350.2316
G1 X96.331 Y69.179 E350.2504
G1 X95.792 Y68.639 E350.2758
G1 X95.792 Y68.073 E350.2946
G1 X96.331 Y68.613 E350.3200
G1 X96.331 Y68.047 E350.3388
G1 X95.792 Y67.508 E350.3642
G1 X95.792 Y66.942 E350.3830
G1 X96.331 Y67.482 E350.4084
G1 X96.331 Y66.916 E350.4272
G1 X95.792 Y66.376 E350.4526
G1 X95.792 Y65.907 E350.4682
G1 X95.822 Y65.840 E350.4706
G1 X96.331 Y66.350 E350.4946
G1 X96.331 Y65.908 E350.5093
G1 X96.319 Y65.882 E350.5103
G0 F2700 X96.230 Y65.683
G0 F2700 X96.030 Y65.483
G1 F3000 E345.5103
G1 F900 Z3.300
G0 F4200 X95.276 Y82.549
;TYPE:SOLID-FILL
;WIDTH:0.400
G1 F900 Z3.000
G1 F1500 E350.5103
G1 F3000 X95.484 Y83.038 E350.5263
G1 X95.243 Y83.080 E350.5344
G1 F3000 E345.5344
G1 F900 Z3.300
G0 F4200 X96.807 Y82.948
G1 F900 Z3.000
G1 F1500 E350.5344
G1 F3000 X96.880 Y83.021 E350.5378
G1 F3000 E345.5378
G1 F900 Z3.300
G0 F4200 X95.231 Y83.068
G1 F900 Z3.000
G1 F1500 E350.5378
G1 F3000 X94.749 Y82.869 E350.5565
G1 X94.183 Y82.870 E350.5751
G1 X93.618 Y82.870 E350.5937
G1 X93.053 Y82.871 E350.6122
G1 X92.488 Y82.871 E350.6307
G1 X91.923 Y82.872 E350.6491
G1 X91.358 Y82.872 E350.6674
G1 X90.792 Y82.872 E350.6858
G1 X90.227 Y82.873 E350.7040
G1 X89.889 Y82.818 E350.7154
G1 F3000 E345.7154
G1 F900 Z3.300
G0 F4200 X107.884 Y90.359
;TYPE:WALL-INNER
;WIDTH:0.400
G1 F900 Z3.000
G1 F1500 E350.7154
G1 F2700 X107.781 Y90.287 E350.7196
G1 X107.696 Y90.158 E350.7248
G1 X107.663 Y89.977 E350.7309
G1 X107.663 Y75.760 E351.2037
G1 X107.696 Y75.579 E351.2098
G1 X107.781 Y75.451 E351.2150
G1 X107.912 Y75.364 E351.2202
G1 X107.985 Y75.341 E351.2227
G1 X108.140 Y75.341 E351.2279
G1 X108.283 Y75.402 E351.2331
G1 X108.392 Y75.509 E351.2381
G1 X108.452 Y75.656 E351.2434
G1 X108.463 Y75.762 E351.2470
G1 X108.463 Y82.319 E351.4651
G1 X110.082 Y82.319 E351.5189
G1 X111.145 Y82.805 E351.5578
G1 X111.145 Y82.933 E351.5620
G1 X110.082 Y83.419 E351.6009
G1 X108.463 Y83.419 E351.6548
G1 X108.463 Y89.975 E351.8728
G1 X108.429 Y90.159 E351.8790
G1 X108.349 Y90.279 E351.8838
G0 F2700 X108.344 Y90.287
G0 F2700 X108.214 Y90.373
G0 F2700 X108.093 Y90.400
G0 F2700 X107.884 Y90.359
G1 F3000 E346.8838
G0 F4200 X107.748 Y90.740
;TYPE:WALL-OUTER
;WIDTH:0.400
G1 F900 Z3.000
G1 F1500 E351.8838
G1 F2700 X107.619 Y90.671 E351.8887
G1 X107.497 Y90.571 E351.8939
G1 X107.398 Y90.450 E351.8991
G1 X107.325 Y90.312 E351.9043
G1 X107.279 Y90.162 E351.9096
G1 X107.263 Y89.996 E351.9151
G1 X107.263 Y75.741 E352.3892
G1 X107.279 Y75.575 E352.3948
G1 X107.325 Y75.426 E352.4000
G1 X107.398 Y75.287 E352.4052
G1 X107.497 Y75.166 E352.4104
G1 X107.619 Y75.067 E352.4156
G1 X107.757 Y74.993 E352.4208
G1 X107.906 Y74.947 E352.4260
G1 X108.063 Y74.932 E352.4312
G1 X108.219 Y74.947 E352.4365
G1 X108.368 Y74.993 E352.4416
G1 X108.506 Y75.067 E352.4469
G1 X108.628 Y75.166 E352.4521
G1 X108.727 Y75.287 E352.4573
G1 X108.800 Y75.426 E352.4625
G1 X108.846 Y75.576 E352.4677
G1 X108.863 Y75.741 E352.4732
G1 X108.863 Y81.919 E352.6787
G1 X110.169 Y81.919 E352.7222
G1 X111.566 Y82.558 E352.7733
G1 X111.704 Y82.717 E352.7803
G1 X111.734 Y82.869 E352.7854
G1 X111.679 Y83.068 E352.7923
G1 X111.566 Y83.180 E352.7976
G1 X110.169 Y83.819 E352.8487
G1 X108.863 Y83.819 E352.8921
G1 X108.863 Y89.996 E353.0975
G1 X108.846 Y90.161 E353.1031
G1 X108.800 Y90.312 E353.1083
G1 X108.727 Y90.450 E353.1135
G1 X108.628 Y90.571 E353.1187
G1 X108.506 Y90.671 E353.1240
G1 X108.368 Y90.744 E353.1291
G1 X108.241 Y90.784 E353.1336
G0 F2700 X108.219 Y90.790
G0 F2700 X108.073 Y90.804
G0 F2700 X107.748 Y90.740
G1 F3000 E348.1336
G0 F4200 X107.996 Y90.177
;TYPE:SOLID-FILL
;WIDTH:0.400
G1 F900 Z3.000
G1 F1500 E353.1336
G1 F3000 X108.071 Y89.969 E353.1390
G1 X108.062 Y89.394 E353.1578
G1 X108.062 Y88.828 E353.1765
G1 X108.062 Y88.262 E353.1954
G1 X108.062 Y87.697 E353.2141
G1 X108.062 Y87.131 E353.2329
G1 X108.062 Y86.565 E353.2518
G1 X108.062 Y86.000 E353.2705
G1 X108.062 Y85.434 E353.2893
G1 X108.062 Y84.868 E353.3081
G1 X108.062 Y84.303 E353.3269
G1 X108.062 Y83.737 E353.3457
G1 X108.126 Y83.236 E353.3645
G1 X107.862 Y82.689 E353.3847
G0 F4200 X107.862 Y82.123
G1 F3000 X108.462 Y82.723 E353.4129
G1 F3000 E348.4129
G1 F900 Z3.300
G0 F4200 X108.262 Y81.957
G1 F900 Z3.000
G1 F1500 E353.4129
G1 F3000 X108.062 Y81.474 E353.4317
G1 X108.062 Y80.909 E353.4505
G1 X108.062 Y80.343 E353.4693
G1 X108.062 Y79.777 E353.4880
G1 X108.062 Y79.211 E353.5069
G1 X108.062 Y78.646 E353.5257
G1 X108.062 Y78.080 E353.5444
G1 X108.062 Y77.514 E353.5633
G1 X108.062 Y76.949 E353.5821
G1 X108.062 Y76.383 E353.6008
G1 X107.964 Y75.720 E353.6196
G1 X108.258 Y75.731 E353.6294
G1 F3000 E348.6294
G1 F900 Z3.300
G0 F4200 X109.752 Y82.599
;TYPE:SOLID-FILL
;WIDTH:0.400
G1 F900 Z3.000
G1 F1500 E353.6294
G1 F2700 X110.206 Y83.053 E353.6507
G1 X110.019 Y83.139 E353.6576
G1 X109.726 Y83.138 E353.6673
G1 X109.186 Y82.599 E353.6927
G1 X108.620 Y82.599 E353.7115
G1 X109.160 Y83.138 E353.7369
G1 X109.094 Y83.138 E353.7391
G0 F2700 X108.594 Y83.138
G0 F4200 X108.511 Y83.338
;TYPE:SOLID-FILL
;WIDTH:0.400
G1 F3000 X108.342 Y83.169 E353.7471
G1 F3000 E348.7471
G1 F900 Z3.300
G0 F4200 X109.834 Y82.399
G1 F900 Z3.000
G1 F1500 E353.7471
G1 F3000 X109.892 Y82.457 E353.7498
G1 F3000 E348.7498
G1 F900 Z3.300
G0 F4200 X115.884 Y90.359
;TYPE:WALL-INNER
;WIDTH:0.400
G1 F900 Z3.000
G1 F1500 E353.7498
G1 F2700 X115.781 Y90.287 E353.7540
G1 X115.696 Y90.158 E353.7591
G1 X115.663 Y89.977 E353.7652
G1 X115.663 Y75.760 E354.2381
G1 X115.696 Y75.579 E354.2442
G1 X115.781 Y75.451 E354.2493
G1 X115.912 Y75.364 E354.2545
G1 X115.985 Y75.341 E354.2571
G1 X116.140 Y75.341 E354.2622
G1 X116.283 Y75.402 E354.2674
G1 X116.392 Y75.509 E354.2725
G1 X116.452 Y75.656 E354.2778
G1 X116.463 Y75.762 E354.2813
G1 X116.463 Y82.319 E354.4994
G1 X118.082 Y82.319 E354.5533
G1 X119.145 Y82.805 E354.5921
G1 X119.145 Y82.933 E354.5964
G1 X118.082 Y83.419 E354.6353
G1 X116.463 Y83.419 E354.6891
G1 X116.463 Y89.975 E354.9072
G1 X116.429 Y90.159 E354.9134
G1 X116.349 Y90.279 E354.9182
G0 F2700 X116.344 Y90.287
G0 F2700 X116.214 Y90.373
G0 F2700 X116.093 Y90.400
G0 F2700 X115.884 Y90.359
G1 F3000 E349.9182
G0 F4200 X115.748 Y90.740
;TYPE:WALL-OUTER
;WIDTH:0.400
G1 F900 Z3.000
G1 F1500 E354.9182
G1 F2700 X115.619 Y90.671 E354.9231
G1 X115.497 Y90.571 E354.9283
G1 X115.398 Y90.450 E354.9335
G1 X115.325 Y90.312 E354.9387
G1 X115.279 Y90.162 E354.9439
G1 X115.263 Y89.996 E354.9495
G1 X115.263 Y75.741 E355.4236
G1 X115.279 Y75.575 E355.4291
G1 X115.325 Y75.426 E355.4343
G1 X115.398 Y75.287 E355.4395
G1 X115.497 Y75.166 E355.4447
G1 X115.619 Y75.067 E355.4500
G1 X115.757 Y74.993 E355.4552
G1 X115.906 Y74.947 E355.4604
G1 X116.063 Y74.932 E355.4656
G1 X116.219 Y74.947 E355.4708
G1 X116.368 Y74.993 E355.4760
G1 X116.506 Y75.067 E355.4812
G1 X116.628 Y75.166 E355.4864
G1 X116.727 Y75.287 E355.4916
G1 X116.800 Y75.426 E355.4969
G1 X116.846 Y75.576 E355.5021
G1 X116.863 Y75.741 E355.5076
G1 X116.863 Y81.919 E355.7131
G1 X118.169 Y81.919 E355.7565
G1 X119.566 Y82.558 E355.8076
G1 X119.704 Y82.717 E355.8146
G1 X119.734 Y82.869 E355.8198
G1 X119.679 Y83.068 E355.8266
G1 X119.566 Y83.180 E355.8319
G1 X118.169 Y83.819 E355.8830
G1 X116.863 Y83.819 E355.9265
G1 X116.863 Y89.996 E356.1319
G1 X116.846 Y90.161 E356.1374
G1 X116.800 Y90.312 E356.1427
G1 X116.727 Y90.450 E356.1479
G1 X116.628 Y90.571 E356.1531
G1 X116.506 Y90.671 E356.1583
G1 X116.368 Y90.744 E356.1635
G1 X116.241 Y90.784 E356.1679
G0 F2700 X116.219 Y90.790
G0 F2700 X116.073 Y90.804
G0 F2700 X115.748 Y90.740
G1 F3000 E351.1679
G0 F4200 X116.262 Y89.958
;TYPE:SOLID-FILL
;WIDTH:0.400
G1 F900 Z3.000
G1 F1500 E356.1679
G1 F3000 X116.062 Y89.474 E356.1867
G1 X116.062 Y88.909 E356.2055
G1 X116.062 Y88.343 E356.2243
G1 X116.062 Y87.777 E356.2431
G1 X116.062 Y87.212 E356.2619
G1 X116.062 Y86.646 E356.2807
G1 X116.062 Y86.080 E356.2995
G1 X116.062 Y85.515 E356.3183
G1 X116.062 Y84.949 E356.3371
G1 X116.062 Y84.383 E356.3559
G1 X116.062 Y83.818 E356.3747
G1 X116.086 Y83.276 E356.3934
G1 X115.862 Y82.769 E356.4119
G0 F4200 X115.862 Y82.203
G1 F3000 X116.462 Y82.804 E356.4401
G1 F3000 E351.4401
G1 F900 Z3.300
G0 F4200 X116.262 Y82.038
G1 F900 Z3.000
G1 F1500 E356.4401
G1 F3000 X116.062 Y81.555 E356.4589
G1 X116.062 Y80.989 E356.4777
G1 X116.062 Y80.423 E356.4965
G1 X116.062 Y79.858 E356.5153
G1 X116.062 Y79.292 E356.5341
G1 X116.062 Y78.726 E356.5529
G1 X116.062 Y78.161 E356.5717
G1 X116.062 Y77.595 E356.5905
G1 X116.062 Y77.029 E356.6093
G1 X116.062 Y76.464 E356.6281
G1 X116.062 Y75.898 E356.6469
G1 X115.995 Y75.549 E356.6587
G1 F3000 E351.6587
G1 F900 Z3.300
G0 F4200 X117.671 Y82.599
;TYPE:SOLID-FILL
;WIDTH:0.400
G1 F900 Z3.000
G1 F1500 E356.6587
G1 F2700 X118.150 Y83.077 E356.6812
G1 X118.018 Y83.138 E356.6860
G1 X117.645 Y83.138 E356.6984
G1 X117.106 Y82.599 E356.7238
G1 X116.542 Y82.598 E356.7425
G1 X116.542 Y82.601 E356.7426
G1 X116.726 Y82.785 E356.7513
G0 F2700 X117.079 Y83.138
G1 F3000 E351.7513
G1 F900 Z3.300
G0 F4200 X118.019 Y82.599
G1 F900 Z3.000
G1 F1500 E356.7513
G1 F2700 X118.419 Y82.780 E356.7659
G1 F3000 E351.7659
G1 F900 Z3.300
G0 F4200 X116.997 Y83.338
;TYPE:SOLID-FILL
;WIDTH:0.400
G1 F900 Z3.000
G1 F1500 E356.7659
G1 F3000 X116.684 Y83.308 E356.7687
G1 X116.341 Y83.249 E356.7803
G1 F3000 E351.7803
G1 F900 Z3.300
G0 F4200 X123.781 Y90.287
;TYPE:WALL-INNER
;WIDTH:0.400
G1 F900 Z3.000
G1 F1500 E356.7803
G1 F2700 X123.696 Y90.158 E356.7854
G1 X123.663 Y89.977 E356.7915
G1 X123.663 Y75.760 E357.2644
G1 X123.696 Y75.579 E357.2705
G1 X123.781 Y75.451 E357.2756
G1 X123.912 Y75.364 E357.2809
G1 X123.985 Y75.341 E357.2834
G1 X124.140 Y75.341 E357.2886
G1 X124.283 Y75.402 E357.2937
G1 X124.392 Y75.509 E357.2988
G1 X124.452 Y75.656 E357.3041
G1 X124.463 Y75.762 E357.3076
G1 X124.463 Y82.319 E357.5257
G1 X126.082 Y82.319 E357.5796
G1 X127.145 Y82.805 E357.6184
G1 X127.145 Y82.933 E357.6227
G1 X126.082 Y83.419 E357.6616
G1 X124.463 Y83.419 E357.7154
G1 X124.463 Y89.975 E357.9335
G1 X124.429 Y90.159 E357.9397
G1 X124.344 Y90.287 E357.9448
G1 X124.247 Y90.351 E357.9487
G0 F2700 X124.214 Y90.373
G0 F2700 X124.093 Y90.400
G0 F2700 X123.884 Y90.359
G0 F2700 X123.781 Y90.287
G1 F3000 E352.9487
G0 F4200 X123.497 Y90.571
;TYPE:WALL-OUTER
;WIDTH:0.400
G1 F900 Z3.000
G1 F1500 E357.9487
G1 F2700 X123.398 Y90.450 E357.9539
G1 X123.325 Y90.312 E357.9591
G1 X123.279 Y90.162 E357.9643
G1 X123.263 Y89.996 E357.9698
G1 X123.263 Y75.741 E358.4440
G1 X123.279 Y75.575 E358.4495
G1 X123.325 Y75.426 E358.4547
G1 X123.398 Y75.287 E358.4599
G1 X123.497 Y75.166 E358.4651
G1 X123.619 Y75.067 E358.4703
G1 X123.757 Y74.993 E358.4755
G1 X123.906 Y74.947 E358.4807
G1 X124.063 Y74.932 E358.4860
G1 X124.219 Y74.947 E358.4912
G1 X124.368 Y74.993 E358.4964
G1 X124.506 Y75.067 E358.5016
G1 X124.628 Y75.166 E358.5068
G1 X124.727 Y75.287 E358.5120
G1 X124.800 Y75.426 E358.5172
G1 X124.846 Y75.576 E358.5224
G1 X124.863 Y75.741 E358.5280
G1 X124.863 Y81.919 E358.7334
G1 X126.169 Y81.919 E358.7769
G1 X127.566 Y82.558 E358.8280
G1 X127.704 Y82.717 E358.8350
G1 X127.734 Y82.869 E358.8401
G1 X127.679 Y83.068 E358.8470
G1 X127.566 Y83.180 E358.8523
G1 X126.169 Y83.819 E358.9034
G1 X124.863 Y83.819 E358.9468
G1 X124.863 Y89.996 E359.1523
G1 X124.846 Y90.161 E359.1578
G1 X124.800 Y90.312 E359.1630
G1 X124.727 Y90.450 E359.1682
G1 X124.628 Y90.571 E359.1734
G1 X124.506 Y90.671 E359.1787
G1 X124.368 Y90.744 E359.1839
G1 X124.219 Y90.790 E359.1891
G1 X124.073 Y90.804 E359.1939
G1 X123.941 Y90.778 E359.1984
G0 F2700 X123.748 Y90.740
G0 F2700 X123.619 Y90.671
G0 F2700 X123.497 Y90.571
G1 F3000 E354.1984
G0 F4200 X124.249 Y90.026
;TYPE:SOLID-FILL
;WIDTH:0.400
G1 F900 Z3.000
G1 F1500 E359.1984
G1 F3000 X124.061 Y89.555 E359.2167
G1 X124.061 Y88.989 E359.2355
G1 X124.061 Y88.423 E359.2543
G1 X124.061 Y87.857 E359.2731
G1 X124.061 Y87.292 E359.2919
G1 X124.061 Y86.726 E359.3108
G1 X124.061 Y86.160 E359.3296
G1 X124.061 Y85.595 E359.3484
G1 X124.061 Y85.029 E359.3672
G1 X124.061 Y84.463 E359.3860
G1 X124.061 Y83.898 E359.4049
G1 X124.061 Y83.332 E359.4237
G1 X123.861 Y82.849 E359.4411
G0 F4200 X123.861 Y82.283
G1 F3000 X124.462 Y82.884 E359.4694
G1 F3000 E354.4694
G1 F900 Z3.300
G0 F4200 X124.261 Y82.118
G1 F900 Z3.000
G1 F1500 E359.4694
G1 F3000 X124.061 Y81.635 E359.4881
G1 X124.061 Y81.069 E359.5069
G1 X124.061 Y80.503 E359.5257
G1 X124.061 Y79.938 E359.5445
G1 X124.061 Y79.372 E359.5633
G1 X124.061 Y78.806 E359.5821
G1 X124.061 Y78.241 E359.6009
G1 X124.061 Y77.675 E359.6197
G1 X124.061 Y77.109 E359.6385
G1 X124.061 Y76.544 E359.6573
G1 X124.061 Y75.978 E359.6760
G1 X123.948 Y75.581 E359.6898
G1 F3000 E354.6898
G1 F900 Z3.300
G0 F4200 X125.591 Y82.599
;TYPE:SOLID-FILL
;WIDTH:0.400
G1 F900 Z3.000
G1 F1500 E359.6898
G1 F2700 X126.095 Y83.103 E359.7135
G1 X126.019 Y83.138 E359.7163
G1 X125.565 Y83.138 E359.7314
G1 X125.025 Y82.599 E359.7567
G1 X124.542 Y82.599 E359.7728
G1 X124.542 Y82.681 E359.7755
G1 X124.646 Y82.785 E359.7804
G0 F2700 X124.999 Y83.138
G1 F3000 E354.7804
G1 F900 Z3.300
G0 F4200 X126.019 Y82.598
G1 F900 Z3.000
G1 F1500 E359.7804
G1 F2700 X126.036 Y82.606 E359.7810
G0 F2700 X126.273 Y82.715
G0 F2700 X126.442 Y82.884
G0 F4200 X125.732 Y82.457
;TYPE:SOLID-FILL
;WIDTH:0.400
G1 F3000 X125.674 Y82.399 E359.7838
G1 F3000 E354.7838
G1 F900 Z3.300
G0 F4200 X124.857 Y83.279
G1 F900 Z3.000
G1 F1500 E359.7838
G1 F3000 X124.916 Y83.338 E359.7866
G1 F3000 E354.7866
G1 F900 Z3.300
G0 F4200 X131.781 Y90.287
;TYPE:WALL-INNER
;WIDTH:0.400
G1 F900 Z3.000
G1 F1500 E359.7866
G1 F2700 X131.696 Y90.158 E359.7917
G1 X131.663 Y89.977 E359.7978
G1 X131.663 Y75.760 E360.2707
G1 X131.696 Y75.579 E360.2768
G1 X131.781 Y75.451 E360.2819
G1 X131.912 Y75.364 E360.2871
G1 X131.985 Y75.341 E360.2897
G1 X132.140 Y75.341 E360.2948
G1 X132.283 Y75.402 E360.3000
G1 X132.392 Y75.509 E360.3051
G1 X132.452 Y75.656 E360.3104
G1 X132.463 Y75.762 E360.3139
G1 X132.463 Y82.319 E360.5320
G1 X134.082 Y82.319 E360.5858
G1 X135.145 Y82.805 E360.6247
G1 X135.145 Y82.933 E360.6290
G1 X134.082 Y83.419 E360.6679
G1 X132.463 Y83.419 E360.7217
G1 X132.463 Y89.975 E360.9398
G1 X132.429 Y90.159 E360.9460
G1 X132.344 Y90.287 E360.9511
G1 X132.247 Y90.351 E360.9550
G0 F2700 X132.214 Y90.373
G0 F2700 X132.093 Y90.400
G0 F2700 X131.884 Y90.359
G0 F2700 X131.781 Y90.287
G1 F3000 E355.9550
G0 F4200 X131.497 Y90.571
;TYPE:WALL-OUTER
;WIDTH:0.400
G1 F900 Z3.000
G1 F1500 E360.9550
G1 F2700 X131.398 Y90.450 E360.9602
G1 X131.325 Y90.312 E360.9653
G1 X131.279 Y90.162 E360.9706
G1 X131.263 Y89.996 E360.9761
G1 X131.263 Y75.741 E361.4502
G1 X131.279 Y75.575 E361.4558
G1 X131.325 Y75.426 E361.4610
G1 X131.398 Y75.287 E361.4662
G1 X131.497 Y75.166 E361.4714
G1 X131.619 Y75.067 E361.4766
G1 X131.757 Y74.993 E361.4818
G1 X131.906 Y74.947 E361.4870
G1 X132.063 Y74.932 E361.4923
G1 X132.219 Y74.947 E361.4975
G1 X132.368 Y74.993 E361.5027
G1 X132.506 Y75.067 E361.5079
G1 X132.628 Y75.166 E361.5131
G1 X132.727 Y75.287 E361.5183
G1 X132.800 Y75.426 E361.5235
G1 X132.846 Y75.576 E361.5287
G1 X132.863 Y75.741 E361.5342
G1 X132.863 Y81.919 E361.7397
G1 X134.169 Y81.919 E361.7832
G1 X135.566 Y82.558 E361.8343
G1 X135.704 Y82.717 E361.8413
G1 X135.734 Y82.869 E361.8464
G1 X135.679 Y83.068 E361.8533
G1 X135.566 Y83.180 E361.8586
G1 X134.169 Y83.819 E361.9097
G1 X132.863 Y83.819 E361.9531
G1 X132.863 Y89.996 E362.1586
G1 X132.846 Y90.161 E362.1641
G1 X132.800 Y90.312 E362.1693
G1 X132.727 Y90.450 E362.1745
G1 X132.628 Y90.571 E362.1797
G1 X132.506 Y90.671 E362.1850
G1 X132.368 Y90.744 E362.1901
G1 X132.219 Y90.790 E362.1953
G1 X132.073 Y90.804 E362.2002
G1 X131.941 Y90.778 E362.2047
G0 F2700 X131.748 Y90.740
G0 F2700 X131.619 Y90.671
G0 F2700 X131.497 Y90.571
G1 F3000 E357.2047
G0 F4200 X132.233 Y90.090
;TYPE:SOLID-FILL
;WIDTH:0.400
G1 F900 Z3.000
G1 F1500 E362.2047
G1 F3000 X132.061 Y89.635 E362.2222
G1 X132.061 Y89.069 E362.2410
G1 X132.061 Y88.504 E362.2598
G1 X132.061 Y87.938 E362.2786
G1 X132.061 Y87.372 E362.2974
G1 X132.061 Y86.806 E362.3163
G1 X132.061 Y86.241 E362.3350
G1 X132.061 Y85.675 E362.3539
G1 X132.061 Y85.109 E362.3727
G1 X132.061 Y84.544 E362.3915
G1 X132.061 Y83.978 E362.4103
G1 X132.061 Y83.412 E362.4291
G1 X131.861 Y82.930 E362.4465
G0 F4200 X131.861 Y82.364
G1 F3000 X132.462 Y82.964 E362.4747
G1 F3000 E357.4747
G1 F900 Z3.300
G0 F4200 X132.262 Y82.199
G1 F900 Z3.000
G1 F1500 E362.4747
G1 F3000 X132.061 Y81.715 E362.4936
G1 X132.061 Y81.150 E362.5124
G1 X132.061 Y80.584 E362.5312
G1 X132.061 Y80.018 E362.5500
G1 X132.061 Y79.453 E362.5688
G1 X132.061 Y78.887 E362.5876
G1 X132.061 Y78.321 E362.6065
G1 X132.061 Y77.756 E362.6252
G1 X132.061 Y77.190 E362.6441
G1 X132.061 Y76.624 E362.6629
G1 X132.061 Y76.058 E362.6817
G1 X131.907 Y75.622 E362.6971
G1 F3000 E357.6971
G1 F900 Z3.300
G0 F4200 X133.510 Y82.599
;TYPE:SOLID-FILL
;WIDTH:0.400
G1 F900 Z3.000
G1 F1500 E362.6971
G1 F2700 X134.040 Y83.128 E362.7220
G1 X134.019 Y83.138 E362.7228
G1 X133.484 Y83.138 E362.7406
G1 X132.945 Y82.599 E362.7659
G1 X132.542 Y82.599 E362.7793
G1 X132.542 Y82.761 E362.7847
G1 X132.566 Y82.785 E362.7858
G0 F2700 X132.919 Y83.138
G1 F3000 E357.7858
G1 F900 Z3.300
G0 F4200 X134.019 Y82.598
G1 F900 Z3.000
G1 F1500 E362.7858
G1 F2700 X134.062 Y82.618 E362.7874
G0 F2700 X134.124 Y82.646
G0 F2700 X134.429 Y82.952
G0 F4200 X133.651 Y82.457
;TYPE:SOLID-FILL
;WIDTH:0.400
G1 F3000 X133.593 Y82.399 E362.7902
G1 F3000 E357.7902
G1 F900 Z3.300
G0 F4200 X132.776 Y83.279
G1 F900 Z3.000
G1 F1500 E362.7902
G1 F3000 X132.836 Y83.338 E362.7930
;LAYER:15
;Z:3.200
;HEIGHT:0.200
G1 F3000 E357.7930
G0 F900 Z3.200
G0 F4200 X131.781 Y90.287
;TYPE:WALL-INNER
;WIDTH:0.400
G1 F900 Z3.200
G1 F1500 E362.7930
G1 F2700 X131.696 Y90.158 E362.7981
G1 X131.663 Y89.977 E362.8042
G1 X131.663 Y75.760 E363.2771
G1 X131.696 Y75.579 E363.2832
G1 X131.781 Y75.451 E363.2883
G1 X131.912 Y75.364 E363.2935
G1 X131.985 Y75.341 E363.2961
G1 X132.140 Y75.341 E363.3012
G1 X132.283 Y75.402 E363.3064
G1 X132.392 Y75.509 E363.3115
G1 X132.452 Y75.656 E363.3168
G1 X132.463 Y75.762 E363.3203
G1 X132.463 Y82.319 E363.5384
G1 X134.082 Y82.319 E363.5922
G1 X135.145 Y82.805 E363.6311
G1 X135.145 Y82.933 E363.6354
G1 X134.082 Y83.419 E363.6742
G1 X132.463 Y83.419 E363.7281
G1 X132.463 Y89.976 E363.9462
G1 X132.455 Y90.053 E363.9488
G1 X132.344 Y90.287 E363.9574
G1 X132.247 Y90.351 E363.9612
G0 F2700 X132.214 Y90.373
G0 F2700 X132.093 Y90.400
G0 F2700 X131.884 Y90.359
G0 F2700 X131.781 Y90.287
G1 F3000 E358.9612
G0 F4200 X131.497 Y90.571
;TYPE:WALL-OUTER
;WIDTH:0.400
G1 F900 Z3.200
G1 F1500 E363.9612
G1 F2700 X131.398 Y90.450 E363.9664
G1 X131.325 Y90.312 E363.9716
G1 X131.279 Y90.162 E363.9768
G1 X131.263 Y89.996 E363.9824
G1 X131.263 Y75.741 E364.4565
G1 X131.279 Y75.575 E364.4621
G1 X131.325 Y75.426 E364.4673
G1 X131.398 Y75.287 E364.4725
G1 X131.497 Y75.166 E364.4777
G1 X131.619 Y75.067 E364.4829
G1 X131.757 Y74.993 E364.4881
G1 X131.906 Y74.947 E364.4933
G1 X132.063 Y74.932 E364.4985
G1 X132.219 Y74.947 E364.5038
G1 X132.368 Y74.993 E364.5089
G1 X132.506 Y75.067 E364.5141
G1 X132.628 Y75.166 E364.5194
G1 X132.727 Y75.287 E364.5246
G1 X132.800 Y75.426 E364.5298
G1 X132.846 Y75.576 E364.5350
G1 X132.863 Y75.741 E364.5405
G1 X132.863 Y81.919 E364.7460
G1 X134.169 Y81.919 E364.7894
G1 X135.566 Y82.558 E364.8405
G1 X135.704 Y82.717 E364.8475
G1 X135.734 Y82.869 E364.8527
G1 X135.679 Y83.068 E364.8596
G1 X135.566 Y83.180 E364.8649
G1 X134.169 Y83.819 E364.9160
G1 X132.863 Y83.819 E364.9594
G1 X132.863 Y89.996 E365.1648
G1 X132.847 Y90.152 E365.1701
G1 X132.721 Y90.458 E365.1811
G1 X132.628 Y90.571 E365.1859
G1 X132.506 Y90.671 E365.1912
G1 X132.368 Y90.744 E365.1964
G1 X132.219 Y90.790 E365.2016
G1 X132.073 Y90.804 E365.2064
G1 X131.941 Y90.778 E365.2109
G0 F2700 X131.748 Y90.740
G0 F2700 X131.619 Y90.671
G0 F2700 X131.497 Y90.571
G1 F3000 E360.2109
G0 F4200 X131.910 Y90.120
;TYPE:SOLID-FILL
;WIDTH:0.400
G1 F900 Z3.200
G1 F1500 E365.2109
G1 F3000 X132.062 Y89.686 E365.2275
G1 X132.062 Y89.120 E365.2462
G1 X132.062 Y88.554 E365.2650
G1 X132.062 Y87.989 E365.2838
G1 X132.062 Y87.423 E365.3025
G1 X132.062 Y86.857 E365.3213
G1 X132.062 Y86.292 E365.3401
G1 X132.062 Y85.726 E365.3588
G1 X132.062 Y85.160 E365.3776
G1 X132.062 Y84.594 E365.3964
G1 X132.062 Y84.029 E365.4151
G1 X132.262 Y83.546 E365.4325
G0 F4200 X131.862 Y83.380
G1 F3000 X132.462 Y82.780 E365.4607
G0 F4200 X132.262 Y82.415
G1 F3000 X131.862 Y82.531 E365.4795
G1 X132.062 Y81.766 E365.4983
G1 X132.062 Y81.200 E365.5170
G1 X132.062 Y80.635 E365.5358
G1 X132.062 Y80.069 E365.5545
G1 X132.062 Y79.503 E365.5733
G1 X132.062 Y78.938 E365.5921
G1 X132.062 Y78.372 E365.6108
G1 X132.062 Y77.806 E365.6296
G1 X132.062 Y77.241 E365.6484
G1 X132.062 Y76.675 E365.6671
G1 X132.062 Y76.109 E365.6859
G1 X132.234 Y75.654 E365.7021
G1 F3000 E360.7021
G1 F900 Z3.500
G0 F4200 X132.927 Y82.598
;TYPE:SOLID-FILL
;WIDTH:0.400
G1 F900 Z3.200
G1 F1500 E365.7021
G1 F2700 X132.542 Y82.983 E365.7202
G1 X132.542 Y83.139 E365.7254
G1 X132.952 Y83.139 E365.7390
G1 X133.140 Y82.951 E365.7479
G0 F2700 X133.493 Y82.598
G0 F4200 X134.019 Y82.598
G1 F2700 X134.046 Y82.610 E365.7489
G1 X133.518 Y83.139 E365.7737
G1 X134.019 Y83.138 E365.7904
G1 X134.065 Y83.117 E365.7921
G0 F2700 X134.138 Y83.085
G0 F2700 X134.435 Y82.788
G1 F3000 E360.7921
G1 F900 Z3.500
G0 F4200 X133.975 Y82.399
;TYPE:SOLID-FILL
;WIDTH:0.400
G1 F900 Z3.200
G1 F1500 E365.7921
G1 F3000 X133.656 Y82.434 E365.7953
G1 X133.097 Y82.428 E365.7980
G1 X132.785 Y82.457 E365.8085
G1 F3000 E360.8085
G1 F900 Z3.500
G0 F4200 X123.781 Y90.287
;TYPE:WALL-INNER
;WIDTH:0.400
G1 F900 Z3.200
G1 F1500 E365.8085
G1 F2700 X123.696 Y90.158 E365.8136
G1 X123.663 Y89.977 E365.8197
G1 X123.663 Y75.760 E366.2926
G1 X123.696 Y75.579 E366.2987
G1 X123.781 Y75.451 E366.3038
G1 X123.912 Y75.364 E366.3090
G1 X123.985 Y75.341 E366.3116
G1 X124.140 Y75.341 E366.3167
G1 X124.283 Y75.402 E366.3219
G1 X124.392 Y75.509 E366.3270
G1 X124.452 Y75.656 E366.3323
G1 X124.463 Y75.762 E366.3358
G1 X124.463 Y82.319 E366.5539
G1 X126.082 Y82.319 E366.6077
G1 X127.145 Y82.805 E366.6466
G1 X127.145 Y82.933 E366.6509
G1 X126.082 Y83.419 E366.6898
G1 X124.463 Y83.419 E366.7436
G1 X124.463 Y89.976 E366.9617
G1 X124.455 Y90.053 E366.9643
G1 X124.344 Y90.287 E366.9729
G1 X124.247 Y90.351 E366.9767
G0 F2700 X124.214 Y90.373
G0 F2700 X124.093 Y90.400
G0 F2700 X123.884 Y90.359
G0 F2700 X123.781 Y90.287
G1 F3000 E361.9767
G0 F4200 X123.497 Y90.571
;TYPE:WALL-OUTER
;WIDTH:0.400
G1 F900 Z3.200
G1 F1500 E366.9767
G1 F2700 X123.398 Y90.450 E366.9819
G1 X123.325 Y90.312 E366.9871
G1 X123.279 Y90.162 E366.9924
G1 X123.263 Y89.996 E366.9979
G1 X123.263 Y75.741 E367.4720
G1 X123.279 Y75.575 E367.4776
G1 X123.325 Y75.426 E367.4828
G1 X123.398 Y75.287 E367.4880
G1 X123.497 Y75.166 E367.4932
G1 X123.619 Y75.067 E367.4984
G1 X123.757 Y74.993 E367.5036
G1 X123.906 Y74.947 E367.5088
G1 X124.063 Y74.932 E367.5140
G1 X124.219 Y74.947 E367.5193
G1 X124.368 Y74.993 E367.5244
G1 X124.506 Y75.067 E367.5297
G1 X124.628 Y75.166 E367.5349
G1 X124.727 Y75.287 E367.5401
G1 X124.800 Y75.426 E367.5453
G1 X124.846 Y75.576 E367.5505
G1 X124.863 Y75.741 E367.5560
G1 X124.863 Y81.919 E367.7615
G1 X126.169 Y81.919 E367.8050
G1 X127.566 Y82.558 E367.8561
G1 X127.704 Y82.717 E367.8631
G1 X127.734 Y82.869 E367.8682
G1 X127.679 Y83.068 E367.8751
G1 X127.566 Y83.180 E367.8804
G1 X126.169 Y83.819 E367.9315
G1 X124.863 Y83.819 E367.9749
G1 X124.863 Y89.996 E368.1803
G1 X124.847 Y90.152 E368.1856
G1 X124.721 Y90.458 E368.1966
G1 X124.628 Y90.571 E368.2014
G1 X124.506 Y90.671 E368.2067
G1 X124.368 Y90.744 E368.2119
G1 X124.219 Y90.790 E368.2171
G1 X124.073 Y90.804 E368.2219
G1 X123.941 Y90.778 E368.2264
G0 F2700 X123.748 Y90.740
G0 F2700 X123.619 Y90.671
G0 F2700 X123.497 Y90.571
G1 F3000 E363.2264
G0 F4200 X123.950 Y90.161
;TYPE:SOLID-FILL
;WIDTH:0.400
G1 F900 Z3.200
G1 F1500 E368.2264
G1 F3000 X124.061 Y89.766 E368.2410
G1 X124.061 Y89.201 E368.2598
G1 X124.061 Y88.635 E368.2785
G1 X124.061 Y88.069 E368.2973
G1 X124.061 Y87.504 E368.3160
G1 X124.061 Y86.938 E368.3347
G1 X124.061 Y86.372 E368.3535
G1 X124.061 Y85.806 E368.3722
G1 X124.061 Y85.241 E368.3909
G1 X124.061 Y84.675 E368.4097
G1 X124.061 Y84.109 E368.4284
G1 X124.261 Y83.627 E368.4458
G0 F4200 X123.862 Y83.461
G1 F3000 X124.462 Y82.861 E368.4740
G0 F4200 X124.261 Y82.496
G1 F3000 X123.862 Y82.612 E368.4927
G1 X124.061 Y81.847 E368.5115
G1 X124.061 Y81.281 E368.5302
G1 X124.061 Y80.715 E368.5489
G1 X124.061 Y80.150 E368.5677
G1 X124.061 Y79.584 E368.5864
G1 X124.061 Y79.018 E368.6051
G1 X124.061 Y78.453 E368.6239
G1 X124.061 Y77.887 E368.6426
G1 X124.061 Y77.321 E368.6614
G1 X124.061 Y76.756 E368.6801
G1 X124.061 Y76.190 E368.6988
G1 X124.255 Y75.714 E368.7159
G1 F3000 E363.7159
G1 F900 Z3.500
G0 F4200 X125.007 Y82.598
;TYPE:SOLID-FILL
;WIDTH:0.400
G1 F900 Z3.200
G1 F1500 E368.7159
G1 F2700 X124.542 Y83.063 E368.7378
G1 X124.542 Y83.138 E368.7403
G1 X125.033 Y83.138 E368.7566
G1 X125.220 Y82.951 E368.7654
G0 F2700 X125.573 Y82.598
G0 F4200 X126.019 Y82.598
G1 F2700 X126.101 Y82.636 E368.7684
G1 X125.599 Y83.138 E368.7920
G1 X126.019 Y83.138 E368.8060
G1 X126.031 Y83.132 E368.8065
G0 F2700 X126.286 Y83.017
G0 F2700 X126.442 Y82.861
G1 F3000 E363.8065
G1 F900 Z3.500
G0 F4200 X126.055 Y82.399
;TYPE:SOLID-FILL
;WIDTH:0.400
G1 F900 Z3.200
G1 F1500 E368.8065
G1 F3000 X125.724 Y82.447 E368.8109
G1 X125.177 Y82.428 E368.8136
G1 X124.865 Y82.457 E368.8240
G1 F3000 E363.8240
G1 F900 Z3.500
G0 F4200 X115.884 Y90.359
;TYPE:WALL-INNER
;WIDTH:0.400
G1 F900 Z3.200
G1 F1500 E368.8240
G1 F2700 X115.781 Y90.287 E368.8282
G1 X115.696 Y90.158 E368.8334
G1 X115.663 Y89.977 E368.8395
G1 X115.663 Y75.760 E369.3123
G1 X115.696 Y75.579 E369.3185
G1 X115.781 Y75.451 E369.3236
G1 X115.912 Y75.364 E369.3288
G1 X115.985 Y75.341 E369.3313
G1 X116.140 Y75.341 E369.3365
G1 X116.283 Y75.402 E369.3417
G1 X116.392 Y75.509 E369.3467
G1 X116.452 Y75.656 E369.3520
G1 X116.463 Y75.762 E369.3556
G1 X116.463 Y82.319 E369.5737
G1 X118.082 Y82.319 E369.6275
G1 X119.145 Y82.805 E369.6664
G1 X119.145 Y82.933 E369.6706
G1 X118.082 Y83.419 E369.7095
G1 X116.463 Y83.419 E369.7634
G1 X116.463 Y89.976 E369.9814
G1 X116.455 Y90.053 E369.9840
G1 X116.348 Y90.278 E369.9923
G0 F2700 X116.344 Y90.287
G0 F2700 X116.214 Y90.373
G0 F2700 X116.093 Y90.400
G0 F2700 X115.884 Y90.359
G1 F3000 E364.9923
G0 F4200 X115.748 Y90.740
;TYPE:WALL-OUTER
;WIDTH:0.400
G1 F900 Z3.200
G1 F1500 E369.9923
G1 F2700 X115.619 Y90.671 E369.9972
G1 X115.497 Y90.571 E370.0024
G1 X115.398 Y90.450 E370.0076
G1 X115.325 Y90.312 E370.0128
G1 X115.279 Y90.162 E370.0180
G1 X115.263 Y89.996 E370.0236
G1 X115.263 Y75.741 E370.4977
G1 X115.279 Y75.575 E370.5032
G1 X115.325 Y75.426 E370.5084
G1 X115.398 Y75.287 E370.5137
G1 X115.497 Y75.166 E370.5189
G1 X115.619 Y75.067 E370.5241
G1 X115.757 Y74.993 E370.5293
G1 X115.906 Y74.947 E370.5345
G1 X116.063 Y74.932 E370.5397
G1 X116.219 Y74.947 E370.5449
G1 X116.368 Y74.993 E370.5501
G1 X116.506 Y75.067 E370.5553
G1 X116.628 Y75.166 E370.5606
G1 X116.727 Y75.287 E370.5658
G1 X116.800 Y75.426 E370.5710
G1 X116.846 Y75.576 E370.5762
G1 X116.863 Y75.741 E370.5817
G1 X116.863 Y81.919 E370.7872
G1 X118.169 Y81.919 E370.8306
G1 X119.566 Y82.558 E370.8817
G1 X119.704 Y82.717 E370.8887
G1 X119.734 Y82.869 E370.8939
G1 X119.679 Y83.068 E370.9007
G1 X119.566 Y83.180 E370.9060
G1 X118.169 Y83.819 E370.9571
G1 X116.863 Y83.819 E371.0006
G1 X116.863 Y89.996 E371.2060
G1 X116.847 Y90.152 E371.2112
G1 X116.721 Y90.458 E371.2222
G1 X116.628 Y90.571 E371.2271
G1 X116.506 Y90.671 E371.2324
G1 X116.368 Y90.744 E371.2375
G1 X116.241 Y90.784 E371.2420
G0 F2700 X116.219 Y90.790
G0 F2700 X116.073 Y90.804
G0 F2700 X115.748 Y90.740
G1 F3000 E366.2420
G0 F4200 X116.011 Y90.180
;TYPE:SOLID-FILL
;WIDTH:0.400
G1 F900 Z3.200
G1 F1500 E371.2420
G1 F3000 X116.062 Y89.846 E371.2538
G1 X116.062 Y89.281 E371.2726
G1 X116.062 Y88.715 E371.2913
G1 X116.062 Y88.149 E371.3102
G1 X116.062 Y87.584 E371.3290
G1 X116.062 Y87.018 E371.3477
G1 X116.062 Y86.452 E371.3665
G1 X116.062 Y85.887 E371.3853
G1 X116.062 Y85.321 E371.4041
G1 X116.062 Y84.755 E371.4229
G1 X116.062 Y84.189 E371.4417
G1 X116.262 Y83.707 E371.4591
G0 F4200 X115.862 Y83.541
G1 F3000 X116.462 Y82.941 E371.4873
G0 F4200 X116.319 Y82.518
G1 F3000 X115.862 Y82.693 E371.5088
G1 X116.061 Y81.927 E371.5276
G1 X116.061 Y81.362 E371.5463
G1 X116.061 Y80.796 E371.5650
G1 X116.061 Y80.230 E371.5838
G1 X116.061 Y79.665 E371.6025
G1 X116.061 Y79.099 E371.6212
G1 X116.061 Y78.533 E371.6400
G1 X116.061 Y77.967 E371.6587
G1 X116.061 Y77.402 E371.6774
G1 X116.061 Y76.836 E371.6962
G1 X116.061 Y76.270 E371.7149
G1 X116.261 Y75.788 E371.7323
G1 F3000 E366.7323
G1 F900 Z3.500
G0 F4200 X117.088 Y82.598
;TYPE:SOLID-FILL
;WIDTH:0.400
G1 F900 Z3.200
G1 F1500 E371.7323
G1 F2700 X116.548 Y83.138 E371.7577
G1 X117.113 Y83.138 E371.7765
G1 X117.300 Y82.951 E371.7853
G0 F2700 X117.654 Y82.598
G0 F4200 X118.019 Y82.599
G1 F2700 X118.156 Y82.661 E371.7903
G1 X117.679 Y83.138 E371.8127
G1 X117.974 Y83.138 E371.8225
G0 F2700 X118.018 Y83.138
G0 F2700 X118.434 Y82.949
G1 F3000 E366.8225
G1 F900 Z3.500
G0 F4200 X118.014 Y82.520
;TYPE:SOLID-FILL
;WIDTH:0.400
G1 F900 Z3.200
G1 F1500 E371.8225
G1 F3000 X117.827 Y82.424 E371.8258
G1 X117.259 Y82.427 E371.8284
G1 X116.692 Y82.427 E371.8312
G1 X116.342 Y82.496 E371.8430
G1 F3000 E366.8430
G1 F900 Z3.500
G0 F4200 X107.884 Y90.359
;TYPE:WALL-INNER
;WIDTH:0.400
G1 F900 Z3.200
G1 F1500 E371.8430
G1 F2700 X107.781 Y90.287 E371.8472
G1 X107.696 Y90.158 E371.8524
G1 X107.663 Y89.977 E371.8585
G1 X107.663 Y75.760 E372.3313
G1 X107.696 Y75.579 E372.3375
G1 X107.781 Y75.451 E372.3426
G1 X107.912 Y75.364 E372.3478
G1 X107.985 Y75.341 E372.3503
G1 X108.140 Y75.341 E372.3555
G1 X108.283 Y75.402 E372.3607
G1 X108.392 Y75.509 E372.3658
G1 X108.452 Y75.656 E372.3710
G1 X108.463 Y75.762 E372.3746
G1 X108.463 Y82.319 E372.5927
G1 X110.082 Y82.319 E372.6465
G1 X111.145 Y82.805 E372.6854
G1 X111.145 Y82.933 E372.6896
G1 X110.082 Y83.419 E372.7285
G1 X108.463 Y83.419 E372.7824
G1 X108.463 Y89.976 E373.0005
G1 X108.455 Y90.053 E373.0030
G1 X108.348 Y90.278 E373.0113
G0 F2700 X108.344 Y90.287
G0 F2700 X108.214 Y90.373
G0 F2700 X108.093 Y90.400
G0 F2700 X107.884 Y90.359
G1 F3000 E368.0113
G0 F4200 X107.748 Y90.740
;TYPE:WALL-OUTER
;WIDTH:0.400
G1 F900 Z3.200
G1 F1500 E373.0113
G1 F2700 X107.619 Y90.671 E373.0162
G1 X107.497 Y90.571 E373.0214
G1 X107.398 Y90.450 E373.0266
G1 X107.325 Y90.312 E373.0318
G1 X107.279 Y90.162 E373.0370
G1 X107.263 Y89.996 E373.0426
G1 X107.263 Y75.741 E373.5167
G1 X107.279 Y75.575 E373.5223
G1 X107.325 Y75.426 E373.5274
G1 X107.398 Y75.287 E373.5327
G1 X107.497 Y75.166 E373.5379
G1 X107.619 Y75.067 E373.5431
G1 X107.757 Y74.993 E373.5483
G1 X107.906 Y74.947 E373.5535
G1 X108.063 Y74.932 E373.5587
G1 X108.219 Y74.947 E373.5639
G1 X108.368 Y74.993 E373.5691
G1 X108.506 Y75.067 E373.5743
G1 X108.628 Y75.166 E373.5796
G1 X108.727 Y75.287 E373.5848
G1 X108.800 Y75.426 E373.5900
G1 X108.846 Y75.576 E373.5952
G1 X108.863 Y75.741 E373.6007
G1 X108.863 Y81.919 E373.8062
G1 X110.169 Y81.919 E373.8496
G1 X111.566 Y82.558 E373.9007
G1 X111.704 Y82.717 E373.9077
G1 X111.734 Y82.869 E373.9129
G1 X111.679 Y83.068 E373.9198
G1 X111.566 Y83.180 E373.9250
G1 X110.169 Y83.819 E373.9761
G1 X108.863 Y83.819 E374.0196
G1 X108.863 Y89.996 E374.2250
G1 X108.847 Y90.152 E374.2302
G1 X108.721 Y90.458 E374.2413
G1 X108.628 Y90.571 E374.2461
G1 X108.506 Y90.671 E374.2514
G1 X108.368 Y90.744 E374.2566
G1 X108.241 Y90.784 E374.2610
G0 F2700 X108.219 Y90.790
G0 F2700 X108.073 Y90.804
G0 F2700 X107.748 Y90.740
G1 F3000 E369.2610
G0 F4200 X108.078 Y90.194
;TYPE:SOLID-FILL
;WIDTH:0.400
G1 F900 Z3.200
G1 F1500 E374.2610
G1 F3000 X108.052 Y89.936 E374.2687
G1 X108.062 Y89.361 E374.2875
G1 X108.062 Y88.795 E374.3063
G1 X108.062 Y88.230 E374.3250
G1 X108.062 Y87.664 E374.3438
G1 X108.062 Y87.098 E374.3625
G1 X108.062 Y86.533 E374.3813
G1 X108.062 Y85.967 E374.4000
G1 X108.062 Y85.401 E374.4188
G1 X108.062 Y84.836 E374.4376
G1 X108.062 Y84.270 E374.4563
G1 X108.062 Y83.704 E374.4751
G1 X108.263 Y83.220 E374.4938
G1 X108.431 Y82.770 E374.5031
G1 X107.862 Y82.773 E374.5283
G1 X108.062 Y82.007 E374.5471
G1 X108.062 Y81.441 E374.5658
G1 X108.062 Y80.876 E374.5846
G1 X108.062 Y80.310 E374.6034
G1 X108.062 Y79.744 E374.6221
G1 X108.062 Y79.179 E374.6408
G1 X108.062 Y78.613 E374.6596
G1 X108.062 Y78.047 E374.6783
G1 X108.062 Y77.482 E374.6971
G1 X108.062 Y76.916 E374.7159
G1 X108.062 Y76.350 E374.7346
G1 X108.142 Y75.704 E374.7534
G1 X107.880 Y75.684 E374.7621
G1 F3000 E369.7621
G1 F900 Z3.500
G0 F4200 X108.542 Y82.659
;TYPE:SOLID-FILL
;WIDTH:0.400
G1 F900 Z3.200
G1 F1500 E374.7621
G1 F2700 X108.603 Y82.598 E374.7650
G1 X109.168 Y82.598 E374.7838
G1 X108.627 Y83.139 E374.8092
G1 X109.193 Y83.139 E374.8280
G1 X109.381 Y82.951 E374.8369
G0 F2700 X109.734 Y82.598
G0 F4200 X109.759 Y83.139
G1 F2700 X110.008 Y82.890 E374.8486
G0 F2700 X110.212 Y82.686
G0 F2700 X110.019 Y82.599
G1 F3000 E369.8486
G1 F900 Z3.500
G0 F4200 X109.900 Y83.280
;TYPE:SOLID-FILL
;WIDTH:0.400
G1 F900 Z3.200
G1 F1500 E374.8486
G1 F3000 X109.842 Y83.338 E374.8513
G1 F3000 E369.8513
G1 F900 Z3.500
G0 F4200 X102.034 Y83.269
;TYPE:WALL-INNER
;WIDTH:0.400
G1 F900 Z3.200
G1 F1500 E374.8513
G1 F2700 X90.092 Y83.269 E375.2485
G1 X89.912 Y83.236 E375.2546
G1 X89.781 Y83.149 E375.2598
G1 X89.733 Y83.091 E375.2623
G1 X89.673 Y82.946 E375.2676
G1 X89.671 Y82.812 E375.2720
G1 X89.781 Y82.588 E375.2803
G1 X89.911 Y82.502 E375.2855
G1 X89.985 Y82.479 E375.2881
G1 X95.513 Y82.469 E375.4719
G1 X95.513 Y65.848 E376.0248
G1 X95.997 Y64.774 E376.0639
G1 X96.125 Y64.774 E376.0682
G1 X96.612 Y65.848 E376.1074
G1 X96.612 Y82.469 E376.6602
G1 X102.140 Y82.479 E376.8441
G1 X102.283 Y82.539 E376.8493
G1 X102.344 Y82.588 E376.8519
G1 X102.429 Y82.716 E376.8570
G1 X102.460 Y82.869 E376.8622
G1 X102.430 Y83.014 E376.8671
G0 F2700 X102.429 Y83.021
G0 F2700 X102.344 Y83.149
G0 F2700 X102.283 Y83.198
G0 F2700 X102.140 Y83.259
G0 F2700 X102.034 Y83.269
G1 F3000 E371.8671
G0 F4200 X102.053 Y83.669
;TYPE:WALL-OUTER
;WIDTH:0.400
G1 F900 Z3.200
G1 F1500 E376.8671
G1 F2700 X90.073 Y83.669 E377.2655
G1 X89.906 Y83.653 E377.2711
G1 X89.757 Y83.607 E377.2763
G1 X89.619 Y83.533 E377.2815
G1 X89.497 Y83.434 E377.2867
G1 X89.398 Y83.313 E377.2919
G1 X89.325 Y83.174 E377.2972
G1 X89.279 Y83.025 E377.3024
G1 X89.264 Y82.869 E377.3076
G1 X89.279 Y82.713 E377.3128
G1 X89.402 Y82.420 E377.3233
G1 X89.497 Y82.304 E377.3283
G1 X89.619 Y82.204 E377.3336
G1 X89.757 Y82.131 E377.3388
G1 X89.906 Y82.085 E377.3440
G1 X90.073 Y82.069 E377.3495
G1 X95.113 Y82.069 E377.5172
G1 X95.113 Y65.762 E378.0595
G1 X95.706 Y64.446 E378.1076
G1 X95.800 Y64.306 E378.1132
G1 X95.980 Y64.205 E378.1200
G1 X96.135 Y64.205 E378.1252
G1 X96.278 Y64.264 E378.1303
G1 X96.396 Y64.403 E378.1364
G1 X97.012 Y65.762 E378.1860
G1 X97.012 Y82.069 E378.7284
G1 X102.053 Y82.069 E378.8961
G1 X102.219 Y82.085 E378.9016
G1 X102.368 Y82.131 E378.9068
G1 X102.506 Y82.204 E378.9120
G1 X102.628 Y82.304 E378.9172
G1 X102.727 Y82.425 E378.9224
G1 X102.800 Y82.563 E378.9276
G1 X102.846 Y82.714 E378.9329
G1 X102.862 Y82.869 E378.9381
G1 X102.846 Y83.024 E378.9432
G1 X102.800 Y83.174 E378.9485
G1 X102.727 Y83.313 E378.9537
G1 X102.628 Y83.434 E378.9589
G1 X102.523 Y83.519 E378.9634
G0 F2700 X102.506 Y83.533
G0 F2700 X102.368 Y83.607
G0 F2700 X102.219 Y83.653
G0 F2700 X102.053 Y83.669
G1 F3000 E373.9634
G0 F4200 X101.626 Y83.069
;TYPE:SOLID-FILL
;WIDTH:0.400
G1 F900 Z3.200
G1 F1500 E378.9634
G1 F3000 X101.734 Y82.677 E378.9817
G1 X100.974 Y82.873 E379.0001
G1 X100.409 Y82.872 E379.0185
G1 X99.843 Y82.871 E379.0370
G1 X99.279 Y82.871 E379.0556
G1 X98.713 Y82.870 E379.0742
G1 X98.148 Y82.870 E379.0928
G1 X97.583 Y82.869 E379.1115
G1 X96.930 Y82.956 E379.1302
G1 X96.935 Y82.669 E379.1397
G1 F3000 E374.1397
G1 F900 Z3.500
G0 F4200 X96.333 Y82.988
;TYPE:SOLID-FILL
;WIDTH:0.400
G1 F900 Z3.200
G1 F1500 E379.1397
G1 F2700 X96.573 Y82.749 E379.1510
G1 X96.331 Y82.749 E379.1591
G1 X96.331 Y82.425 E379.1698
G1 X95.767 Y82.988 E379.1963
G1 X95.443 Y82.988 E379.2071
G1 X95.443 Y82.749 E379.2151
G1 X95.792 Y82.749 E379.2267
G1 X95.792 Y82.398 E379.2383
G1 X96.331 Y81.859 E379.2637
G1 X96.331 Y81.293 E379.2825
G1 X95.792 Y81.832 E379.3079
G1 X95.792 Y81.267 E379.3267
G1 X96.331 Y80.728 E379.3520
G1 X96.331 Y80.162 E379.3708
G1 X95.792 Y80.701 E379.3962
G1 X95.792 Y80.135 E379.4150
G1 X96.331 Y79.596 E379.4404
G1 X96.331 Y79.031 E379.4592
G1 X95.792 Y79.570 E379.4845
G1 X95.792 Y79.004 E379.5033
G1 X96.331 Y78.465 E379.5287
G1 X96.331 Y77.899 E379.5475
G1 X95.792 Y78.438 E379.5729
G1 X95.792 Y77.872 E379.5917
G1 X96.331 Y77.334 E379.6170
G1 X96.331 Y76.768 E379.6359
G1 X95.792 Y77.307 E379.6612
G1 X95.792 Y76.741 E379.6800
G1 X96.331 Y76.202 E379.7054
G1 X96.331 Y75.637 E379.7242
G1 X95.792 Y76.175 E379.7495
G1 X95.792 Y75.610 E379.7683
G1 X96.331 Y75.071 E379.7937
G1 X96.331 Y74.505 E379.8125
G1 X95.792 Y75.044 E379.8378
G1 X95.792 Y74.478 E379.8567
G1 X96.331 Y73.940 E379.8820
G1 X96.331 Y73.374 E379.9008
G1 X95.792 Y73.913 E379.9262
G1 X95.792 Y73.347 E379.9450
G1 X96.331 Y72.808 E379.9703
G1 X96.331 Y72.242 E379.9892
G1 X95.792 Y72.781 E380.0145
G1 X95.792 Y72.216 E380.0333
G1 X96.331 Y71.677 E380.0587
G1 X96.331 Y71.111 E380.0775
G1 X95.792 Y71.650 E380.1028
G1 X95.792 Y71.084 E380.1217
G1 X96.331 Y70.545 E380.1470
G1 X96.331 Y69.980 E380.1658
G1 X95.792 Y70.519 E380.1912
G1 X95.792 Y69.953 E380.2100
G1 X96.331 Y69.414 E380.2353
G1 X96.331 Y68.848 E380.2542
G1 X95.792 Y69.387 E380.2795
G1 X95.792 Y68.821 E380.2984
G1 X96.331 Y68.283 E380.3237
G1 X96.331 Y67.717 E380.3425
G1 X95.792 Y68.256 E380.3679
G1 X95.792 Y67.690 E380.3867
G1 X96.331 Y67.151 E380.4120
G1 X96.331 Y66.586 E380.4308
G1 X95.792 Y67.124 E380.4562
G1 X95.792 Y66.559 E380.4750
G1 X96.331 Y66.020 E380.5003
G1 X96.331 Y65.908 E380.5040
G1 X96.189 Y65.596 E380.5154
G1 X96.145 Y65.640 E380.5175
G0 F2700 X95.792 Y65.993
G0 F4200 X95.651 Y65.852
;TYPE:SOLID-FILL
;WIDTH:0.400
G1 F3000 X95.592 Y65.910 E380.5203
G1 F3000 E375.5203
G1 F900 Z3.500
G0 F4200 X96.879 Y82.725
G1 F900 Z3.200
G1 F1500 E380.5203
G1 F3000 X96.645 Y82.959 E380.5232
G1 X96.416 Y83.188 E380.5339
G1 F3000 E375.5339
G1 F900 Z3.500
G0 F4200 X95.238 Y82.669
G1 F900 Z3.200
G1 F1500 E380.5339
G1 F3000 X94.754 Y82.869 E380.5528
G1 X94.188 Y82.870 E380.5715
G1 X93.622 Y82.870 E380.5901
G1 X93.056 Y82.871 E380.6088
G1 X92.489 Y82.871 E380.6274
G1 X91.924 Y82.872 E380.6459
G1 X91.357 Y82.872 E380.6644
G1 X90.791 Y82.873 E380.6828
G1 X90.225 Y82.873 E380.7012
G1 X89.883 Y82.933 E380.7127
G1 F3000 E375.7127
G1 F900 Z3.500
G0 F4200 X92.140 Y88.259
;TYPE:WALL-INNER
;WIDTH:0.400
G1 F900 Z3.200
G1 F1500 E380.7127
G1 F2700 X92.034 Y88.269 E380.7163
G1 X80.092 Y88.269 E381.1135
G1 X79.912 Y88.236 E381.1195
G1 X79.781 Y88.149 E381.1248
G1 X79.733 Y88.091 E381.1273
G1 X79.673 Y87.946 E381.1325
G1 X79.671 Y87.812 E381.1370
G1 X79.781 Y87.588 E381.1453
G1 X79.911 Y87.502 E381.1504
G1 X79.985 Y87.479 E381.1530
G1 X85.513 Y87.469 E381.3369
G1 X85.513 Y70.848 E381.8897
G1 X85.997 Y69.774 E381.9289
G1 X86.125 Y69.774 E381.9331
G1 X86.612 Y70.848 E381.9724
G1 X86.612 Y87.469 E382.5252
G1 X92.140 Y87.479 E382.7090
G1 X92.283 Y87.539 E382.7142
G1 X92.344 Y87.588 E382.7168
G1 X92.429 Y87.716 E382.7219
G1 X92.460 Y87.869 E382.7271
G1 X92.451 Y87.910 E382.7285
G0 F2700 X92.429 Y88.021
G0 F2700 X92.344 Y88.149
G0 F2700 X92.283 Y88.198
G0 F2700 X92.140 Y88.259
G1 F3000 E377.7285
G0 F4200 X92.219 Y88.653
;TYPE:WALL-OUTER
;WIDTH:0.400
G1 F900 Z3.200
G1 F1500 E382.7285
G1 F2700 X92.053 Y88.669 E382.7340
G1 X80.073 Y88.669 E383.1325
G1 X79.906 Y88.653 E383.1381
G1 X79.757 Y88.607 E383.1433
G1 X79.619 Y88.533 E383.1485
G1 X79.497 Y88.434 E383.1537
G1 X79.398 Y88.313 E383.1589
G1 X79.325 Y88.174 E383.1641
G1 X79.279 Y88.025 E383.1693
G1 X79.264 Y87.869 E383.1745
G1 X79.279 Y87.713 E383.1797
G1 X79.402 Y87.420 E383.1903
G1 X79.497 Y87.304 E383.1953
G1 X79.619 Y87.204 E383.2005
G1 X79.757 Y87.131 E383.2057
G1 X79.906 Y87.085 E383.2109
G1 X80.073 Y87.069 E383.2165
G1 X85.113 Y87.069 E383.3841
G1 X85.113 Y70.762 E383.9265
G1 X85.706 Y69.446 E383.9745
G1 X85.806 Y69.298 E383.9804
G1 X85.847 Y69.264 E383.9822
G1 X85.990 Y69.205 E383.9874
G1 X86.135 Y69.205 E383.9922
G1 X86.278 Y69.264 E383.9973
G1 X86.396 Y69.403 E384.0034
G1 X87.012 Y70.762 E384.0530
G1 X87.012 Y87.069 E384.5954
G1 X92.053 Y87.069 E384.7631
G1 X92.219 Y87.085 E384.7686
G1 X92.368 Y87.131 E384.7738
G1 X92.506 Y87.204 E384.7790
G1 X92.628 Y87.304 E384.7842
G1 X92.727 Y87.425 E384.7894
G1 X92.800 Y87.563 E384.7946
G1 X92.846 Y87.714 E384.7999
G1 X92.862 Y87.869 E384.8051
G1 X92.846 Y88.024 E384.8102
G1 X92.800 Y88.174 E384.8155
G1 X92.727 Y88.313 E384.8207
G1 X92.648 Y88.410 E384.8248
G0 F2700 X92.628 Y88.434
G0 F2700 X92.506 Y88.533
G0 F2700 X92.368 Y88.607
G0 F2700 X92.219 Y88.653
G1 F3000 E379.8248
G0 F4200 X92.121 Y88.049
;TYPE:SOLID-FILL
;WIDTH:0.400
G1 F900 Z3.200
G1 F1500 E384.8248
G1 F3000 X92.084 Y87.803 E384.8305
G1 X91.448 Y87.872 E384.8488
G1 X90.883 Y87.872 E384.8672
G1 X90.318 Y87.871 E384.8856
G1 X89.753 Y87.871 E384.9040
G1 X89.188 Y87.870 E384.9225
G1 X88.622 Y87.870 E384.9411
G1 X88.057 Y87.869 E384.9597
G1 X87.492 Y87.868 E384.9783
G1 X86.885 Y87.910 E384.9971
G1 X86.844 Y87.669 E385.0052
G0 F4200 X86.483 Y87.747
;TYPE:SOLID-FILL
;WIDTH:0.400
G1 F2700 X86.242 Y87.988 E385.0166
G1 X85.677 Y87.988 E385.0354
G1 X86.331 Y87.334 E385.0661
G1 X86.331 Y86.768 E385.0850
G1 X85.792 Y87.307 E385.1103
G1 X85.792 Y86.741 E385.1291
G1 X86.331 Y86.202 E385.1545
G1 X86.331 Y85.636 E385.1733
G1 X85.792 Y86.175 E385.1987
G1 X85.792 Y85.610 E385.2175
G1 X86.331 Y85.071 E385.2428
G1 X86.331 Y84.505 E385.2616
G1 X85.792 Y85.044 E385.2870
G1 X85.792 Y84.478 E385.3058
G1 X86.331 Y83.939 E385.3312
G1 X86.331 Y83.374 E385.3500
G1 X85.792 Y83.913 E385.3753
G1 X85.792 Y83.347 E385.3941
G1 X86.331 Y82.808 E385.4195
G1 X86.331 Y82.242 E385.4383
G1 X85.792 Y82.781 E385.4637
G1 X85.792 Y82.216 E385.4825
G1 X86.331 Y81.677 E385.5078
G1 X86.331 Y81.111 E385.5266
G1 X85.792 Y81.650 E385.5520
G1 X85.792 Y81.084 E385.5708
G1 X86.331 Y80.545 E385.5962
G1 X86.331 Y79.980 E385.6150
G1 X85.792 Y80.518 E385.6403
G1 X85.792 Y79.953 E385.6591
G1 X86.331 Y79.414 E385.6844
G1 X86.331 Y78.848 E385.7033
G1 X85.792 Y79.387 E385.7286
G1 X85.792 Y78.821 E385.7474
G1 X86.331 Y78.283 E385.7728
G1 X86.331 Y77.717 E385.7916
G1 X85.792 Y78.256 E385.8169
G1 X85.792 Y77.690 E385.8358
G1 X86.331 Y77.151 E385.8611
G1 X86.331 Y76.586 E385.8799
G1 X85.792 Y77.124 E385.9052
G1 X85.792 Y76.559 E385.9240
G1 X86.331 Y76.020 E385.9494
G1 X86.331 Y75.454 E385.9682
G1 X85.792 Y75.993 E385.9936
G1 X85.792 Y75.427 E386.0124
G1 X86.331 Y74.888 E386.0377
G1 X86.331 Y74.323 E386.0565
G1 X85.792 Y74.862 E386.0819
G1 X85.792 Y74.296 E386.1007
G1 X86.331 Y73.757 E386.1261
G1 X86.331 Y73.191 E386.1449
G1 X85.792 Y73.730 E386.1702
G1 X85.792 Y73.165 E386.1890
G1 X86.331 Y72.626 E386.2144
G1 X86.331 Y72.060 E386.2332
G1 X85.792 Y72.599 E386.2586
G1 X85.792 Y72.033 E386.2774
G1 X86.331 Y71.494 E386.3027
G1 X86.331 Y70.929 E386.3215
G1 X85.792 Y71.467 E386.3469
G1 X85.791 Y70.907 E386.3655
G1 X85.795 Y70.899 E386.3658
G1 X85.807 Y70.887 E386.3664
G0 F2700 X86.160 Y70.533
G1 F3000 E381.3664
G1 F900 Z3.500
G0 F4200 X86.880 Y87.633
;TYPE:SOLID-FILL
;WIDTH:0.400
G1 F900 Z3.200
G1 F1500 E386.3664
G1 F3000 X86.625 Y87.888 E386.3784
G0 F4200 X85.433 Y87.949
G1 F3000 X85.195 Y87.903 E386.3872
G1 X84.664 Y87.868 E386.4060
G1 X84.098 Y87.869 E386.4247
G1 X83.532 Y87.870 E386.4433
G1 X82.965 Y87.870 E386.4619
G1 X82.400 Y87.871 E386.4805
G1 X81.833 Y87.871 E386.4989
G1 X81.267 Y87.872 E386.5174
G1 X80.701 Y87.872 E386.5357
G1 X80.049 Y87.958 E386.5541
G1 X80.048 Y87.677 E386.5635
;LAYER:16
;Z:3.400
;HEIGHT:0.200
G1 F3000 E381.5635
G0 F900 Z3.400
G0 F4200 X92.140 Y88.259
;TYPE:WALL-INNER
;WIDTH:0.400
G1 F900 Z3.400
G1 F1500 E386.5635
G1 F2700 X92.034 Y88.269 E386.5670
G1 X80.092 Y88.269 E386.9642
G1 X79.912 Y88.236 E386.9703
G1 X79.781 Y88.149 E386.9755
G1 X79.733 Y88.091 E386.9780
G1 X79.673 Y87.946 E386.9832
G1 X79.673 Y87.790 E386.9884
G1 X79.732 Y87.648 E386.9935
G1 X79.781 Y87.588 E386.9961
G1 X79.911 Y87.502 E387.0013
G1 X79.985 Y87.479 E387.0039
G1 X85.513 Y87.469 E387.1877
G1 X85.513 Y70.848 E387.7406
G1 X85.997 Y69.775 E387.7797
G1 X86.124 Y69.775 E387.7839
G1 X86.612 Y70.849 E387.8232
G1 X86.612 Y87.469 E388.3759
G1 X92.140 Y87.479 E388.5598
G1 X92.283 Y87.539 E388.5650
G1 X92.344 Y87.588 E388.5676
G1 X92.429 Y87.716 E388.5727
G1 X92.460 Y87.869 E388.5779
G1 X92.451 Y87.910 E388.5793
G0 F2700 X92.429 Y88.021
G0 F2700 X92.344 Y88.149
G0 F2700 X92.283 Y88.198
G0 F2700 X92.140 Y88.259
G1 F3000 E383.5793
G0 F4200 X92.219 Y88.653
;TYPE:WALL-OUTER
;WIDTH:0.400
G1 F900 Z3.400
G1 F1500 E388.5793
G1 F2700 X92.053 Y88.669 E388.5848
G1 X80.073 Y88.669 E388.9833
G1 X79.906 Y88.653 E388.9889
G1 X79.757 Y88.607 E388.9940
G1 X79.619 Y88.533 E388.9992
G1 X79.497 Y88.434 E389.0045
G1 X79.398 Y88.313 E389.0097
G1 X79.325 Y88.174 E389.0149
G1 X79.279 Y88.025 E389.0201
G1 X79.264 Y87.869 E389.0253
G1 X79.279 Y87.712 E389.0305
G1 X79.324 Y87.563 E389.0357
G1 X79.398 Y87.425 E389.0409
G1 X79.497 Y87.304 E389.0461
G1 X79.619 Y87.204 E389.0514
G1 X79.757 Y87.131 E389.0566
G1 X79.906 Y87.085 E389.0617
G1 X80.073 Y87.069 E389.0673
G1 X85.113 Y87.069 E389.2350
G1 X85.113 Y70.762 E389.7773
G1 X85.706 Y69.446 E389.8253
G1 X85.806 Y69.298 E389.8313
G1 X85.847 Y69.264 E389.8331
G1 X85.990 Y69.205 E389.8382
G1 X86.135 Y69.205 E389.8430
G1 X86.278 Y69.264 E389.8482
G1 X86.394 Y69.401 E389.8541
G1 X87.012 Y70.762 E389.9039
G1 X87.012 Y87.069 E390.4462
G1 X92.053 Y87.069 E390.6139
G1 X92.219 Y87.085 E390.6194
G1 X92.368 Y87.131 E390.6246
G1 X92.506 Y87.204 E390.6298
G1 X92.628 Y87.304 E390.6351
G1 X92.727 Y87.425 E390.6403
G1 X92.800 Y87.563 E390.6455
G1 X92.846 Y87.714 E390.6507
G1 X92.862 Y87.869 E390.6559
G1 X92.846 Y88.024 E390.6611
G1 X92.800 Y88.174 E390.6663
G1 X92.727 Y88.313 E390.6715
G1 X92.648 Y88.410 E390.6757
G0 F2700 X92.628 Y88.434
G0 F2700 X92.506 Y88.533
G0 F2700 X92.368 Y88.607
G0 F2700 X92.219 Y88.653
G1 F3000 E385.6757
G0 F4200 X92.218 Y87.975
;TYPE:SOLID-FILL
;WIDTH:0.400
G1 F900 Z3.400
G1 F1500 E390.6757
G1 F3000 X91.832 Y87.873 E390.6896
G1 X91.267 Y87.873 E390.7079
G1 X90.700 Y87.872 E390.7263
G1 X90.134 Y87.872 E390.7447
G1 X89.568 Y87.871 E390.7631
G1 X89.002 Y87.871 E390.7816
G1 X88.435 Y87.870 E390.8002
G1 X87.869 Y87.870 E390.8188
G1 X87.303 Y87.869 E390.8375
G1 X86.821 Y87.669 E390.8548
G0 F4200 X86.617 Y87.748
;TYPE:SOLID-FILL
;WIDTH:0.400
G1 F2700 X86.681 Y87.812 E390.8578
G1 X86.681 Y87.988 E390.8637
G1 X86.291 Y87.988 E390.8767
G1 X85.791 Y87.488 E390.9002
G1 X85.792 Y87.748 E390.9088
G1 X85.646 Y87.748 E390.9137
G0 F2700 X85.485 Y87.748
G0 F2700 X85.725 Y87.988
G1 F3000 E385.9137
G1 F900 Z3.700
G0 F4200 X86.332 Y87.463
G1 F900 Z3.400
G1 F1500 E390.9137
G1 F2700 X85.791 Y86.923 E390.9391
G1 X85.791 Y86.357 E390.9579
G1 X86.332 Y86.897 E390.9834
G1 X86.332 Y86.332 E391.0022
G1 X85.791 Y85.791 E391.0276
G1 X85.791 Y85.226 E391.0464
G1 X86.332 Y85.766 E391.0718
G1 X86.332 Y85.200 E391.0906
G1 X85.791 Y84.660 E391.1161
G1 X85.791 Y84.094 E391.1349
G1 X86.332 Y84.635 E391.1603
G1 X86.332 Y84.069 E391.1792
G1 X85.791 Y83.529 E391.2046
G1 X85.791 Y82.963 E391.2234
G1 X86.332 Y83.503 E391.2488
G1 X86.332 Y82.937 E391.2677
G1 X85.791 Y82.397 E391.2931
G1 X85.791 Y81.832 E391.3119
G1 X86.332 Y82.372 E391.3373
G1 X86.332 Y81.806 E391.3561
G1 X85.791 Y81.266 E391.3815
G1 X85.791 Y80.700 E391.4004
G1 X86.332 Y81.240 E391.4258
G1 X86.332 Y80.675 E391.4446
G1 X85.791 Y80.134 E391.4700
G1 X85.791 Y79.569 E391.4888
G1 X86.332 Y80.109 E391.5142
G1 X86.332 Y79.543 E391.5331
G1 X85.791 Y79.003 E391.5585
G1 X85.791 Y78.437 E391.5773
G1 X86.332 Y78.978 E391.6028
G1 X86.332 Y78.412 E391.6216
G1 X85.791 Y77.872 E391.6470
G1 X85.791 Y77.306 E391.6658
G1 X86.332 Y77.846 E391.6913
G1 X86.332 Y77.281 E391.7101
G1 X85.791 Y76.740 E391.7355
G1 X85.791 Y76.175 E391.7543
G1 X86.332 Y76.715 E391.7797
G1 X86.332 Y76.149 E391.7985
G1 X85.791 Y75.609 E391.8240
G1 X85.791 Y75.043 E391.8428
G1 X86.332 Y75.584 E391.8682
G1 X86.332 Y75.018 E391.8871
G1 X85.791 Y74.478 E391.9125
G1 X85.791 Y73.912 E391.9313
G1 X86.332 Y74.452 E391.9567
G1 X86.332 Y73.887 E391.9755
G1 X85.791 Y73.346 E392.0010
G1 X85.791 Y72.781 E392.0198
G1 X86.332 Y73.321 E392.0452
G1 X86.332 Y72.755 E392.0640
G1 X85.791 Y72.215 E392.0894
G1 X85.791 Y71.649 E392.1083
G1 X86.332 Y72.189 E392.1337
G1 X86.332 Y71.624 E392.1525
G1 X85.791 Y71.084 E392.1779
G1 X85.791 Y70.907 E392.1838
G1 X85.912 Y70.638 E392.1936
G1 X85.978 Y70.704 E392.1967
G0 F2700 X86.332 Y71.058
G0 F4200 X86.472 Y70.916
;TYPE:SOLID-FILL
;WIDTH:0.400
G1 F3000 X86.531 Y70.975 E392.1995
G1 F3000 E387.1995
G1 F900 Z3.700
G0 F4200 X86.472 Y87.320
G1 F900 Z3.400
G1 F1500 E392.1995
G1 F3000 X86.615 Y87.464 E392.2023
G1 X86.757 Y87.606 E392.2090
G1 F3000 E387.2090
G1 F900 Z3.700
G0 F4200 X85.642 Y88.188
G1 F900 Z3.400
G1 F1500 E392.2090
G1 F3000 X85.473 Y88.018 E392.2118
G1 X85.040 Y87.868 E392.2230
G1 X84.475 Y87.869 E392.2417
G1 X83.910 Y87.870 E392.2603
G1 X83.344 Y87.870 E392.2789
G1 X82.779 Y87.871 E392.2974
G1 X82.214 Y87.871 E392.3159
G1 X81.648 Y87.871 E392.3343
G1 X81.083 Y87.872 E392.3527
G1 X80.518 Y87.872 E392.3710
G1 X80.041 Y87.678 E392.3882
G1 F3000 E387.3882
G1 F900 Z3.700
G0 F4200 X102.034 Y83.269
;TYPE:WALL-INNER
;WIDTH:0.400
G1 F900 Z3.400
G1 F1500 E392.3882
G1 F2700 X90.092 Y83.269 E392.7854
G1 X89.912 Y83.236 E392.7914
G1 X89.781 Y83.149 E392.7967
G1 X89.733 Y83.091 E392.7992
G1 X89.673 Y82.946 E392.8044
G1 X89.673 Y82.790 E392.8096
G1 X89.732 Y82.648 E392.8147
G1 X89.781 Y82.588 E392.8173
G1 X89.911 Y82.502 E392.8225
G1 X89.985 Y82.479 E392.8250
G1 X95.513 Y82.469 E393.0089
G1 X95.513 Y65.848 E393.5617
G1 X95.997 Y64.775 E393.6009
G1 X96.124 Y64.775 E393.6051
G1 X96.612 Y65.849 E393.6443
G1 X96.612 Y82.469 E394.1971
G1 X102.140 Y82.479 E394.3810
G1 X102.283 Y82.539 E394.3861
G1 X102.344 Y82.588 E394.3887
G1 X102.429 Y82.716 E394.3938
G1 X102.460 Y82.869 E394.3990
G1 X102.430 Y83.014 E394.4040
G0 F2700 X102.429 Y83.021
G0 F2700 X102.344 Y83.149
G0 F2700 X102.283 Y83.198
G0 F2700 X102.140 Y83.259
G0 F2700 X102.034 Y83.269
G1 F3000 E389.4040
G0 F4200 X102.053 Y83.669
;TYPE:WALL-OUTER
;WIDTH:0.400
G1 F900 Z3.400
G1 F1500 E394.4040
G1 F2700 X90.073 Y83.669 E394.8024
G1 X89.906 Y83.653 E394.8080
G1 X89.757 Y83.607 E394.8132
G1 X89.619 Y83.533 E394.8184
G1 X89.497 Y83.434 E394.8236
G1 X89.398 Y83.313 E394.8288
G1 X89.325 Y83.174 E394.8340
G1 X89.279 Y83.025 E394.8392
G1 X89.264 Y82.869 E394.8444
G1 X89.279 Y82.712 E394.8497
G1 X89.324 Y82.563 E394.8549
G1 X89.398 Y82.425 E394.8601
G1 X89.497 Y82.304 E394.8653
G1 X89.619 Y82.204 E394.8705
G1 X89.757 Y82.131 E394.8757
G1 X89.906 Y82.085 E394.8809
G1 X90.073 Y82.069 E394.8865
G1 X95.113 Y82.069 E395.0541
G1 X95.113 Y65.762 E395.5965
G1 X95.706 Y64.446 E395.6445
G1 X95.800 Y64.306 E395.6501
G1 X95.980 Y64.205 E395.6570
G1 X96.135 Y64.205 E395.6621
G1 X96.278 Y64.264 E395.6673
G1 X96.394 Y64.401 E395.6732
G1 X97.012 Y65.762 E395.7230
G1 X97.012 Y82.069 E396.2653
G1 X102.053 Y82.069 E396.4330
G1 X102.219 Y82.085 E396.4385
G1 X102.368 Y82.131 E396.4437
G1 X102.506 Y82.204 E396.4489
G1 X102.628 Y82.304 E396.4542
G1 X102.727 Y82.425 E396.4594
G1 X102.800 Y82.563 E396.4646
G1 X102.846 Y82.714 E396.4698
G1 X102.862 Y82.869 E396.4750
G1 X102.846 Y83.024 E396.4802
G1 X102.800 Y83.174 E396.4854
G1 X102.727 Y83.313 E396.4906
G1 X102.628 Y83.434 E396.4958
G1 X102.523 Y83.519 E396.5003
G0 F2700 X102.506 Y83.533
G0 F2700 X102.368 Y83.607
G0 F2700 X102.219 Y83.653
G0 F2700 X102.053 Y83.669
G1 F3000 E391.5003
G0 F4200 X102.019 Y83.068
;TYPE:SOLID-FILL
;WIDTH:0.400
G1 F900 Z3.400
G1 F1500 E396.5003
G1 F3000 X101.540 Y82.873 E396.5187
G1 X100.974 Y82.872 E396.5370
G1 X100.409 Y82.872 E396.5553
G1 X99.842 Y82.871 E396.5738
G1 X99.276 Y82.871 E396.5923
G1 X98.710 Y82.870 E396.6108
G1 X98.144 Y82.870 E396.6294
G1 X97.577 Y82.870 E396.6480
G1 X96.927 Y82.785 E396.6667
G1 X96.928 Y83.068 E396.6761
G1 F3000 E391.6761
G1 F900 Z3.700
G0 F4200 X95.759 Y82.749
;TYPE:SOLID-FILL
;WIDTH:0.400
G1 F900 Z3.400
G1 F1500 E396.6761
G1 F2700 X95.999 Y82.988 E396.6874
G1 X96.565 Y82.988 E396.7062
G1 X95.792 Y82.216 E396.7426
G1 X95.792 Y81.650 E396.7614
G1 X96.331 Y82.189 E396.7867
G1 X96.331 Y81.623 E396.8056
G1 X95.792 Y81.084 E396.8309
G1 X95.792 Y80.518 E396.8497
G1 X96.331 Y81.057 E396.8751
G1 X96.331 Y80.492 E396.8939
G1 X95.792 Y79.953 E396.9192
G1 X95.792 Y79.387 E396.9381
G1 X96.331 Y79.926 E396.9634
G1 X96.331 Y79.360 E396.9822
G1 X95.792 Y78.821 E397.0076
G1 X95.792 Y78.256 E397.0264
G1 X96.331 Y78.795 E397.0517
G1 X96.331 Y78.229 E397.0706
G1 X95.792 Y77.690 E397.0959
G1 X95.792 Y77.124 E397.1147
G1 X96.331 Y77.663 E397.1401
G1 X96.331 Y77.097 E397.1589
G1 X95.792 Y76.559 E397.1843
G1 X95.792 Y75.993 E397.2031
G1 X96.331 Y76.532 E397.2284
G1 X96.331 Y75.966 E397.2473
G1 X95.792 Y75.427 E397.2726
G1 X95.792 Y74.862 E397.2914
G1 X96.331 Y75.400 E397.3167
G1 X96.331 Y74.835 E397.3355
G1 X95.792 Y74.296 E397.3609
G1 X95.792 Y73.730 E397.3797
G1 X96.331 Y74.269 E397.4051
G1 X96.331 Y73.703 E397.4239
G1 X95.792 Y73.165 E397.4492
G1 X95.792 Y72.599 E397.4680
G1 X96.331 Y73.138 E397.4934
G1 X96.331 Y72.572 E397.5122
G1 X95.792 Y72.033 E397.5376
G1 X95.792 Y71.467 E397.5564
G1 X96.331 Y72.006 E397.5817
G1 X96.331 Y71.441 E397.6005
G1 X95.792 Y70.902 E397.6259
G1 X95.792 Y70.336 E397.6447
G1 X96.331 Y70.875 E397.6701
G1 X96.331 Y70.309 E397.6889
G1 X95.792 Y69.770 E397.7142
G1 X95.792 Y69.205 E397.7330
G1 X96.331 Y69.744 E397.7584
G1 X96.331 Y69.178 E397.7772
G1 X95.792 Y68.639 E397.8026
G1 X95.792 Y68.073 E397.8214
G1 X96.331 Y68.612 E397.8467
G1 X96.331 Y68.047 E397.8655
G1 X95.792 Y67.508 E397.8909
G1 X95.792 Y66.942 E397.9097
G1 X96.331 Y67.481 E397.9351
G1 X96.331 Y66.915 E397.9539
G1 X95.792 Y66.376 E397.9792
G1 X95.792 Y65.907 E397.9948
G1 X95.822 Y65.840 E397.9973
G1 X96.331 Y66.349 E398.0212
G1 X96.331 Y65.908 E398.0359
G1 X96.320 Y65.885 E398.0367
G0 F2700 X96.227 Y65.680
G0 F2700 X96.032 Y65.485
G1 F3000 E393.0367
G1 F900 Z3.700
G0 F4200 X95.276 Y82.549
;TYPE:SOLID-FILL
;WIDTH:0.400
G1 F900 Z3.400
G1 F1500 E398.0367
G1 F3000 X95.484 Y83.038 E398.0527
G1 X95.243 Y83.080 E398.0609
G1 F3000 E393.0609
G1 F900 Z3.700
G0 F4200 X96.807 Y82.948
G1 F900 Z3.400
G1 F1500 E398.0609
G1 F3000 X96.880 Y83.021 E398.0643
G1 F3000 E393.0643
G1 F900 Z3.700
G0 F4200 X95.231 Y83.068
G1 F900 Z3.400
G1 F1500 E398.0643
G1 F3000 X94.749 Y82.869 E398.0830
G1 X94.183 Y82.870 E398.1016
G1 X93.618 Y82.870 E398.1201
G1 X93.053 Y82.871 E398.1387
G1 X92.488 Y82.871 E398.1572
G1 X91.923 Y82.872 E398.1756
G1 X91.358 Y82.872 E398.1939
G1 X90.792 Y82.872 E398.2123
G1 X90.227 Y82.873 E398.2305
G1 X89.881 Y82.809 E398.2422
G1 F3000 E393.2422
G1 F900 Z3.700
G0 F4200 X107.911 Y90.373
;TYPE:WALL-INNER
;WIDTH:0.400
G1 F900 Z3.400
G1 F1500 E398.2422
G1 F2700 X107.781 Y90.287 E398.2474
G1 X107.696 Y90.158 E398.2526
G1 X107.663 Y89.977 E398.2587
G1 X107.663 Y75.760 E398.7315
G1 X107.696 Y75.579 E398.7377
G1 X107.781 Y75.451 E398.7428
G1 X107.912 Y75.364 E398.7480
G1 X107.985 Y75.341 E398.7505
G1 X108.140 Y75.341 E398.7557
G1 X108.283 Y75.402 E398.7609
G1 X108.392 Y75.509 E398.7660
G1 X108.452 Y75.656 E398.7712
G1 X108.463 Y75.762 E398.7748
G1 X108.463 Y82.319 E398.9929
G1 X110.082 Y82.319 E399.0467
G1 X111.145 Y82.805 E399.0856
G1 X111.145 Y82.933 E399.0898
G1 X110.082 Y83.419 E399.1287
G1 X108.463 Y83.419 E399.1826
G1 X108.463 Y89.946 E399.3997
G1 X108.415 Y90.185 E399.4078
G1 X108.365 Y90.256 E399.4107
G0 F2700 X108.344 Y90.287
G0 F2700 X108.214 Y90.373
G0 F2700 X108.063 Y90.403
G0 F2700 X107.911 Y90.373
G1 F3000 E394.4107
G0 F4200 X107.757 Y90.744
;TYPE:WALL-OUTER
;WIDTH:0.400
G1 F900 Z3.400
G1 F1500 E399.4107
G1 F2700 X107.619 Y90.671 E399.4158
G1 X107.497 Y90.571 E399.4211
G1 X107.398 Y90.450 E399.4263
G1 X107.325 Y90.312 E399.4315
G1 X107.279 Y90.162 E399.4367
G1 X107.263 Y89.996 E399.4422
G1 X107.263 Y75.741 E399.9164
G1 X107.279 Y75.575 E399.9219
G1 X107.325 Y75.426 E399.9271
G1 X107.398 Y75.287 E399.9323
G1 X107.497 Y75.166 E399.9375
G1 X107.619 Y75.067 E399.9428
G1 X107.757 Y74.993 E399.9480
G1 X107.906 Y74.947 E399.9531
G1 X108.063 Y74.932 E399.9584
G1 X108.219 Y74.947 E399.9636
G1 X108.368 Y74.993 E399.9688
G1 X108.506 Y75.067 E399.9740
G1 X108.628 Y75.166 E399.9792
G1 X108.727 Y75.287 E399.9844
G1 X108.800 Y75.426 E399.9896
G1 X108.846 Y75.576 E399.9949
G1 X108.863 Y75.741 E400.0004
G1 X108.863 Y81.919 E400.2059
G1 X110.169 Y81.919 E400.2493
G1 X111.566 Y82.558 E400.3004
G1 X111.704 Y82.717 E400.3074
G1 X111.736 Y82.878 E400.3129
G1 X111.690 Y83.044 E400.3186
G1 X111.575 Y83.176 E400.3244
G1 X110.169 Y83.819 E400.3758
G1 X108.863 Y83.819 E400.4193
G1 X108.863 Y89.986 E400.6244
G1 X108.796 Y90.321 E400.6357
G1 X108.727 Y90.450 E400.6406
G1 X108.628 Y90.571 E400.6458
G1 X108.506 Y90.671 E400.6511
G1 X108.368 Y90.744 E400.6563
G1 X108.249 Y90.781 E400.6604
G0 F2700 X108.219 Y90.790
G0 F2700 X108.063 Y90.805
G0 F2700 X107.906 Y90.790
G0 F2700 X107.757 Y90.744
G1 F3000 E395.6604
G0 F4200 X108.007 Y90.188
;TYPE:SOLID-FILL
;WIDTH:0.400
G1 F900 Z3.400
G1 F1500 E400.6604
G1 F3000 X108.071 Y89.969 E400.6663
G1 X108.062 Y89.394 E400.6851
G1 X108.062 Y88.828 E400.7039
G1 X108.062 Y88.262 E400.7227
G1 X108.062 Y87.697 E400.7415
G1 X108.062 Y87.131 E400.7603
G1 X108.062 Y86.565 E400.7791
G1 X108.062 Y86.000 E400.7979
G1 X108.062 Y85.434 E400.8167
G1 X108.062 Y84.868 E400.8355
G1 X108.062 Y84.303 E400.8543
G1 X108.062 Y83.737 E400.8731
G1 X108.126 Y83.236 E400.8918
G1 X107.862 Y82.689 E400.9120
G0 F4200 X107.862 Y82.123
G1 F3000 X108.462 Y82.723 E400.9403
G1 F3000 E395.9403
G1 F900 Z3.700
G0 F4200 X108.262 Y81.957
G1 F900 Z3.400
G1 F1500 E400.9403
G1 F3000 X108.062 Y81.474 E400.9590
G1 X108.062 Y80.909 E400.9778
G1 X108.062 Y80.343 E400.9966
G1 X108.062 Y79.777 E401.0154
G1 X108.062 Y79.211 E401.0342
G1 X108.062 Y78.646 E401.0530
G1 X108.062 Y78.080 E401.0718
G1 X108.062 Y77.514 E401.0906
G1 X108.062 Y76.949 E401.1094
G1 X108.062 Y76.383 E401.1282
G1 X107.964 Y75.720 E401.1470
G1 X108.258 Y75.731 E401.1568
G1 F3000 E396.1568
G1 F900 Z3.700
G0 F4200 X109.752 Y82.599
;TYPE:SOLID-FILL
;WIDTH:0.400
G1 F900 Z3.400
G1 F1500 E401.1568
G1 F2700 X110.206 Y83.053 E401.1781
G1 X110.019 Y83.139 E401.1850
G1 X109.726 Y83.138 E401.1947
G1 X109.186 Y82.599 E401.2201
G1 X108.620 Y82.599 E401.2389
G1 X109.160 Y83.138 E401.2643
G1 X109.094 Y83.138 E401.2665
G0 F2700 X108.594 Y83.138
G0 F4200 X108.511 Y83.338
;TYPE:SOLID-FILL
;WIDTH:0.400
G1 F3000 X108.342 Y83.169 E401.2744
G1 F3000 E396.2744
G1 F900 Z3.700
G0 F4200 X109.834 Y82.399
G1 F900 Z3.400
G1 F1500 E401.2744
G1 F3000 X109.892 Y82.457 E401.2771
G1 F3000 E396.2771
G1 F900 Z3.700
G0 F4200 X115.911 Y90.373
;TYPE:WALL-INNER
;WIDTH:0.400
G1 F900 Z3.400
G1 F1500 E401.2771
G1 F2700 X115.781 Y90.287 E401.2823
G1 X115.696 Y90.158 E401.2875
G1 X115.663 Y89.977 E401.2936
G1 X115.663 Y75.760 E401.7665
G1 X115.696 Y75.579 E401.7726
G1 X115.781 Y75.451 E401.7777
G1 X115.912 Y75.364 E401.7829
G1 X115.985 Y75.341 E401.7855
G1 X116.140 Y75.341 E401.7906
G1 X116.283 Y75.402 E401.7958
G1 X116.392 Y75.509 E401.8009
G1 X116.452 Y75.656 E401.8061
G1 X116.463 Y75.762 E401.8097
G1 X116.463 Y82.319 E402.0278
G1 X118.082 Y82.319 E402.0816
G1 X119.145 Y82.805 E402.1205
G1 X119.145 Y82.933 E402.1248
G1 X118.082 Y83.419 E402.1636
G1 X116.463 Y83.419 E402.2175
G1 X116.463 Y89.946 E402.4346
G1 X116.415 Y90.185 E402.4427
G1 X116.365 Y90.256 E402.4456
G0 F2700 X116.344 Y90.287
G0 F2700 X116.214 Y90.373
G0 F2700 X116.063 Y90.403
G0 F2700 X115.911 Y90.373
G1 F3000 E397.4456
G0 F4200 X115.757 Y90.744
;TYPE:WALL-OUTER
;WIDTH:0.400
G1 F900 Z3.400
G1 F1500 E402.4456
G1 F2700 X115.619 Y90.671 E402.4508
G1 X115.497 Y90.571 E402.4560
G1 X115.398 Y90.450 E402.4612
G1 X115.325 Y90.312 E402.4664
G1 X115.279 Y90.162 E402.4716
G1 X115.263 Y89.996 E402.4772
G1 X115.263 Y75.741 E402.9513
G1 X115.279 Y75.575 E402.9568
G1 X115.325 Y75.426 E402.9620
G1 X115.398 Y75.287 E402.9672
G1 X115.497 Y75.166 E402.9724
G1 X115.619 Y75.067 E402.9777
G1 X115.757 Y74.993 E402.9829
G1 X115.906 Y74.947 E402.9881
G1 X116.063 Y74.932 E402.9933
G1 X116.219 Y74.947 E402.9985
G1 X116.368 Y74.993 E403.0037
G1 X116.506 Y75.067 E403.0089
G1 X116.628 Y75.166 E403.0141
G1 X116.727 Y75.287 E403.0193
G1 X116.800 Y75.426 E403.0246
G1 X116.846 Y75.576 E403.0298
G1 X116.863 Y75.741 E403.0353
G1 X116.863 Y81.919 E403.2408
G1 X118.169 Y81.919 E403.2842
G1 X119.566 Y82.558 E403.3353
G1 X119.704 Y82.717 E403.3423
G1 X119.736 Y82.878 E403.3478
G1 X119.690 Y83.044 E403.3535
G1 X119.575 Y83.176 E403.3593
G1 X118.169 Y83.819 E403.4107
G1 X116.863 Y83.819 E403.4542
G1 X116.863 Y89.986 E403.6593
G1 X116.796 Y90.321 E403.6707
G1 X116.727 Y90.450 E403.6755
G1 X116.628 Y90.571 E403.6807
G1 X116.506 Y90.671 E403.6860
G1 X116.368 Y90.744 E403.6912
G1 X116.249 Y90.781 E403.6953
G0 F2700 X116.219 Y90.790
G0 F2700 X116.063 Y90.805
G0 F2700 X115.906 Y90.790
G0 F2700 X115.757 Y90.744
G1 F3000 E398.6953
G0 F4200 X116.257 Y89.953
;TYPE:SOLID-FILL
;WIDTH:0.400
G1 F900 Z3.400
G1 F1500 E403.6953
G1 F3000 X116.062 Y89.474 E403.7139
G1 X116.062 Y88.909 E403.7327
G1 X116.062 Y88.343 E403.7515
G1 X116.062 Y87.777 E403.7703
G1 X116.062 Y87.212 E403.7891
G1 X116.062 Y86.646 E403.8079
G1 X116.062 Y86.080 E403.8267
G1 X116.062 Y85.515 E403.8455
G1 X116.062 Y84.949 E403.8642
G1 X116.062 Y84.383 E403.8830
G1 X116.062 Y83.818 E403.9018
G1 X116.086 Y83.276 E403.9206
G1 X115.862 Y82.769 E403.9390
G0 F4200 X115.862 Y82.203
G1 F3000 X116.462 Y82.804 E403.9673
G1 F3000 E398.9673
G1 F900 Z3.700
G0 F4200 X116.262 Y82.038
G1 F900 Z3.400
G1 F1500 E403.9673
G1 F3000 X116.062 Y81.555 E403.9860
G1 X116.062 Y80.989 E404.0048
G1 X116.062 Y80.423 E404.0236
G1 X116.062 Y79.858 E404.0424
G1 X116.062 Y79.292 E404.0612
G1 X116.062 Y78.726 E404.0800
G1 X116.062 Y78.161 E404.0988
G1 X116.062 Y77.595 E404.1176
G1 X116.062 Y77.029 E404.1364
G1 X116.062 Y76.464 E404.1552
G1 X116.062 Y75.898 E404.1740
G1 X115.995 Y75.549 E404.1858
G1 F3000 E399.1858
G1 F900 Z3.700
G0 F4200 X117.671 Y82.599
;TYPE:SOLID-FILL
;WIDTH:0.400
G1 F900 Z3.400
G1 F1500 E404.1858
G1 F2700 X118.150 Y83.077 E404.2083
G1 X118.018 Y83.138 E404.2132
G1 X117.645 Y83.138 E404.2256
G1 X117.106 Y82.599 E404.2509
G1 X116.542 Y82.598 E404.2697
G1 X116.542 Y82.601 E404.2698
G1 X116.726 Y82.785 E404.2784
G0 F2700 X117.079 Y83.138
G1 F3000 E399.2784
G1 F900 Z3.700
G0 F4200 X118.019 Y82.599
G1 F900 Z3.400
G1 F1500 E404.2784
G1 F2700 X118.419 Y82.780 E404.2930
G1 F3000 E399.2930
G1 F900 Z3.700
G0 F4200 X116.997 Y83.338
;TYPE:SOLID-FILL
;WIDTH:0.400
G1 F900 Z3.400
G1 F1500 E404.2930
G1 F3000 X116.684 Y83.308 E404.2958
G1 X116.341 Y83.249 E404.3074
G1 F3000 E399.3074
G1 F900 Z3.700
G0 F4200 X123.781 Y90.287
;TYPE:WALL-INNER
;WIDTH:0.400
G1 F900 Z3.400
G1 F1500 E404.3074
G1 F2700 X123.696 Y90.158 E404.3126
G1 X123.663 Y89.977 E404.3187
G1 X123.663 Y75.760 E404.7915
G1 X123.696 Y75.579 E404.7977
G1 X123.781 Y75.451 E404.8028
G1 X123.912 Y75.364 E404.8080
G1 X123.985 Y75.341 E404.8105
G1 X124.140 Y75.341 E404.8157
G1 X124.283 Y75.402 E404.8209
G1 X124.392 Y75.509 E404.8259
G1 X124.452 Y75.656 E404.8312
G1 X124.463 Y75.762 E404.8348
G1 X124.463 Y82.319 E405.0529
G1 X126.082 Y82.319 E405.1067
G1 X127.145 Y82.805 E405.1456
G1 X127.145 Y82.933 E405.1498
G1 X126.082 Y83.419 E405.1887
G1 X124.463 Y83.419 E405.2426
G1 X124.463 Y89.946 E405.4597
G1 X124.415 Y90.185 E405.4678
G1 X124.344 Y90.287 E405.4719
G1 X124.245 Y90.352 E405.4758
G0 F2700 X124.214 Y90.373
G0 F2700 X124.063 Y90.403
G0 F2700 X123.911 Y90.373
G0 F2700 X123.781 Y90.287
G1 F3000 E400.4758
G0 F4200 X123.497 Y90.571
;TYPE:WALL-OUTER
;WIDTH:0.400
G1 F900 Z3.400
G1 F1500 E405.4758
G1 F2700 X123.398 Y90.450 E405.4810
G1 X123.325 Y90.312 E405.4862
G1 X123.279 Y90.162 E405.4914
G1 X123.263 Y89.996 E405.4970
G1 X123.263 Y75.741 E405.9711
G1 X123.279 Y75.575 E405.9767
G1 X123.325 Y75.426 E405.9818
G1 X123.398 Y75.287 E405.9871
G1 X123.497 Y75.166 E405.9923
G1 X123.619 Y75.067 E405.9975
G1 X123.757 Y74.993 E406.0027
G1 X123.906 Y74.947 E406.0079
G1 X124.063 Y74.932 E406.0131
G1 X124.219 Y74.947 E406.0184
G1 X124.368 Y74.993 E406.0235
G1 X124.506 Y75.067 E406.0287
G1 X124.628 Y75.166 E406.0340
G1 X124.727 Y75.287 E406.0392
G1 X124.800 Y75.426 E406.0444
G1 X124.846 Y75.576 E406.0496
G1 X124.863 Y75.741 E406.0551
G1 X124.863 Y81.919 E406.2606
G1 X126.169 Y81.919 E406.3040
G1 X127.566 Y82.558 E406.3551
G1 X127.704 Y82.717 E406.3621
G1 X127.736 Y82.878 E406.3676
G1 X127.690 Y83.044 E406.3733
G1 X127.575 Y83.176 E406.3792
G1 X126.169 Y83.819 E406.4306
G1 X124.863 Y83.819 E406.4740
G1 X124.863 Y89.986 E406.6791
G1 X124.796 Y90.321 E406.6905
G1 X124.727 Y90.450 E406.6954
G1 X124.628 Y90.571 E406.7006
G1 X124.506 Y90.671 E406.7058
G1 X124.368 Y90.744 E406.7110
G1 X124.219 Y90.790 E406.7162
G1 X124.063 Y90.805 E406.7214
G1 X123.938 Y90.793 E406.7256
G0 F2700 X123.906 Y90.790
G0 F2700 X123.757 Y90.744
G0 F2700 X123.619 Y90.671
G0 F2700 X123.497 Y90.571
G1 F3000 E401.7256
G0 F4200 X124.243 Y90.019
;TYPE:SOLID-FILL
;WIDTH:0.400
G1 F900 Z3.400
G1 F1500 E406.7256
G1 F3000 X124.061 Y89.555 E406.7435
G1 X124.061 Y88.989 E406.7623
G1 X124.061 Y88.423 E406.7812
G1 X124.061 Y87.857 E406.8000
G1 X124.061 Y87.292 E406.8188
G1 X124.061 Y86.726 E406.8376
G1 X124.061 Y86.160 E406.8564
G1 X124.061 Y85.595 E406.8752
G1 X124.061 Y85.029 E406.8941
G1 X124.061 Y84.463 E406.9129
G1 X124.061 Y83.898 E406.9317
G1 X124.061 Y83.332 E406.9505
G1 X123.861 Y82.849 E406.9679
G0 F4200 X123.861 Y82.283
G1 F3000 X124.462 Y82.884 E406.9962
G1 F3000 E401.9962
G1 F900 Z3.700
G0 F4200 X124.261 Y82.118
G1 F900 Z3.400
G1 F1500 E406.9962
G1 F3000 X124.061 Y81.635 E407.0150
G1 X124.061 Y81.069 E407.0338
G1 X124.061 Y80.503 E407.0526
G1 X124.061 Y79.938 E407.0714
G1 X124.061 Y79.372 E407.0902
G1 X124.061 Y78.806 E407.1090
G1 X124.061 Y78.241 E407.1278
G1 X124.061 Y77.675 E407.1465
G1 X124.061 Y77.109 E407.1653
G1 X124.061 Y76.544 E407.1841
G1 X124.061 Y75.978 E407.2029
G1 X123.948 Y75.581 E407.2166
G1 F3000 E402.2166
G1 F900 Z3.700
G0 F4200 X125.591 Y82.599
;TYPE:SOLID-FILL
;WIDTH:0.400
G1 F900 Z3.400
G1 F1500 E407.2166
G1 F2700 X126.095 Y83.103 E407.2403
G1 X126.019 Y83.138 E407.2431
G1 X125.565 Y83.138 E407.2582
G1 X125.025 Y82.599 E407.2836
G1 X124.542 Y82.599 E407.2997
G1 X124.542 Y82.681 E407.3024
G1 X124.646 Y82.785 E407.3073
G0 F2700 X124.999 Y83.138
G1 F3000 E402.3073
G1 F900 Z3.700
G0 F4200 X126.019 Y82.598
G1 F900 Z3.400
G1 F1500 E407.3073
G1 F2700 X126.036 Y82.606 E407.3079
G0 F2700 X126.273 Y82.715
G0 F2700 X126.442 Y82.884
G0 F4200 X125.732 Y82.457
;TYPE:SOLID-FILL
;WIDTH:0.400
G1 F3000 X125.674 Y82.399 E407.3106
G1 F3000 E402.3106
G1 F900 Z3.700
G0 F4200 X124.857 Y83.279
G1 F900 Z3.400
G1 F1500 E407.3106
G1 F3000 X124.916 Y83.338 E407.3134
G1 F3000 E402.3134
G1 F900 Z3.700
G0 F4200 X131.781 Y90.287
;TYPE:WALL-INNER
;WIDTH:0.400
G1 F900 Z3.400
G1 F1500 E407.3134
G1 F2700 X131.696 Y90.158 E407.3185
G1 X131.663 Y89.977 E407.3247
G1 X131.663 Y75.760 E407.7975
G1 X131.696 Y75.579 E407.8036
G1 X131.781 Y75.451 E407.8087
G1 X131.912 Y75.364 E407.8140
G1 X131.985 Y75.341 E407.8165
G1 X132.140 Y75.341 E407.8217
G1 X132.283 Y75.402 E407.8269
G1 X132.392 Y75.509 E407.8319
G1 X132.452 Y75.656 E407.8372
G1 X132.463 Y75.762 E407.8408
G1 X132.463 Y82.319 E408.0588
G1 X134.082 Y82.319 E408.1127
G1 X135.145 Y82.805 E408.1516
G1 X135.145 Y82.933 E408.1558
G1 X134.082 Y83.419 E408.1947
G1 X132.463 Y83.419 E408.2485
G1 X132.463 Y89.946 E408.4656
G1 X132.415 Y90.185 E408.4737
G1 X132.344 Y90.287 E408.4779
G1 X132.245 Y90.352 E408.4818
G0 F2700 X132.214 Y90.373
G0 F2700 X132.063 Y90.403
G0 F2700 X131.911 Y90.373
G0 F2700 X131.781 Y90.287
G1 F3000 E403.4818
G0 F4200 X131.497 Y90.571
;TYPE:WALL-OUTER
;WIDTH:0.400
G1 F900 Z3.400
G1 F1500 E408.4818
G1 F2700 X131.398 Y90.450 E408.4870
G1 X131.325 Y90.312 E408.4922
G1 X131.279 Y90.162 E408.4974
G1 X131.263 Y89.996 E408.5030
G1 X131.263 Y75.741 E408.9771
G1 X131.279 Y75.575 E408.9826
G1 X131.325 Y75.426 E408.9878
G1 X131.398 Y75.287 E408.9931
G1 X131.497 Y75.166 E408.9983
G1 X131.619 Y75.067 E409.0035
G1 X131.757 Y74.993 E409.0087
G1 X131.906 Y74.947 E409.0139
G1 X132.063 Y74.932 E409.0191
G1 X132.219 Y74.947 E409.0243
G1 X132.368 Y74.993 E409.0295
G1 X132.506 Y75.067 E409.0347
G1 X132.628 Y75.166 E409.0400
G1 X132.727 Y75.287 E409.0452
G1 X132.800 Y75.426 E409.0504
G1 X132.846 Y75.576 E409.0556
G1 X132.863 Y75.741 E409.0611
G1 X132.863 Y81.919 E409.2666
G1 X134.169 Y81.919 E409.3100
G1 X135.566 Y82.558 E409.3611
G1 X135.704 Y82.717 E409.3681
G1 X135.736 Y82.878 E409.3736
G1 X135.690 Y83.044 E409.3793
G1 X135.575 Y83.176 E409.3851
G1 X134.169 Y83.819 E409.4366
G1 X132.863 Y83.819 E409.4800
G1 X132.863 Y89.986 E409.6851
G1 X132.796 Y90.321 E409.6965
G1 X132.727 Y90.450 E409.7013
G1 X132.628 Y90.571 E409.7065
G1 X132.506 Y90.671 E409.7118
G1 X132.368 Y90.744 E409.7170
G1 X132.219 Y90.790 E409.7222
G1 X132.063 Y90.805 E409.7274
G1 X131.938 Y90.793 E409.7316
G0 F2700 X131.906 Y90.790
G0 F2700 X131.757 Y90.744
G0 F2700 X131.619 Y90.671
G0 F2700 X131.497 Y90.571
G1 F3000 E404.7316
G0 F4200 X132.230 Y90.086
;TYPE:SOLID-FILL
;WIDTH:0.400
G1 F900 Z3.400
G1 F1500 E409.7316
G1 F3000 X132.061 Y89.635 E409.7489
G1 X132.061 Y89.069 E409.7677
G1 X132.061 Y88.504 E409.7865
G1 X132.061 Y87.938 E409.8053
G1 X132.061 Y87.372 E409.8242
G1 X132.061 Y86.807 E409.8430
G1 X132.061 Y86.241 E409.8618
G1 X132.061 Y85.675 E409.8807
G1 X132.061 Y85.110 E409.8995
G1 X132.061 Y84.544 E409.9183
G1 X132.061 Y83.978 E409.9371
G1 X132.061 Y83.413 E409.9560
G1 X131.861 Y82.930 E409.9734
G0 F4200 X131.861 Y82.364
G1 F3000 X132.462 Y82.964 E410.0016
G1 F3000 E405.0016
G1 F900 Z3.700
G0 F4200 X132.262 Y82.199
G1 F900 Z3.400
G1 F1500 E410.0016
G1 F3000 X132.061 Y81.715 E410.0204
G1 X132.061 Y81.150 E410.0392
G1 X132.061 Y80.584 E410.0581
G1 X132.061 Y80.018 E410.0769
G1 X132.061 Y79.453 E410.0957
G1 X132.061 Y78.887 E410.1145
G1 X132.061 Y78.321 E410.1333
G1 X132.061 Y77.756 E410.1521
G1 X132.061 Y77.190 E410.1709
G1 X132.061 Y76.624 E410.1898
G1 X132.061 Y76.058 E410.2086
G1 X131.907 Y75.622 E410.2240
G1 F3000 E405.2240
G1 F900 Z3.700
G0 F4200 X133.510 Y82.599
;TYPE:SOLID-FILL
;WIDTH:0.400
G1 F900 Z3.400
G1 F1500 E410.2240
G1 F2700 X134.040 Y83.128 E410.2489
G1 X134.019 Y83.138 E410.2497
G1 X133.484 Y83.138 E410.2674
G1 X132.945 Y82.599 E410.2928
G1 X132.542 Y82.599 E410.3062
G1 X132.542 Y82.761 E410.3116
G1 X132.566 Y82.785 E410.3127
G0 F2700 X132.919 Y83.138
G1 F3000 E405.3127
G1 F900 Z3.700
G0 F4200 X134.019 Y82.598
G1 F900 Z3.400
G1 F1500 E410.3127
G1 F2700 X134.062 Y82.618 E410.3143
G0 F2700 X134.124 Y82.646
G0 F2700 X134.429 Y82.952
G0 F4200 X133.651 Y82.457
;TYPE:SOLID-FILL
;WIDTH:0.400
G1 F3000 X133.593 Y82.399 E410.3170
G1 F3000 E405.3170
G1 F900 Z3.700
G0 F4200 X132.776 Y83.279
G1 F900 Z3.400
G1 F1500 E410.3170
G1 F3000 X132.836 Y83.338 E410.3198
;LAYER:17
;Z:3.600
;HEIGHT:0.200
G1 F3000 E405.3198
G0 F900 Z3.600
G0 F4200 X131.781 Y90.287
;TYPE:WALL-INNER
;WIDTH:0.400
G1 F900 Z3.600
G1 F1500 E410.3198
G1 F2700 X131.696 Y90.158 E410.3250
G1 X131.663 Y89.977 E410.3311
G1 X131.663 Y75.760 E410.8039
G1 X131.696 Y75.579 E410.8101
G1 X131.781 Y75.451 E410.8152
G1 X131.912 Y75.364 E410.8204
G1 X131.985 Y75.341 E410.8229
G1 X132.140 Y75.341 E410.8281
G1 X132.283 Y75.402 E410.8333
G1 X132.392 Y75.509 E410.8384
G1 X132.452 Y75.656 E410.8436
G1 X132.463 Y75.762 E410.8472
G1 X132.463 Y82.319 E411.0653
G1 X134.082 Y82.319 E411.1191
G1 X135.145 Y82.805 E411.1580
G1 X135.145 Y82.933 E411.1622
G1 X134.082 Y83.419 E411.2011
G1 X132.463 Y83.419 E411.2550
G1 X132.463 Y89.975 E411.4730
G1 X132.429 Y90.159 E411.4792
G1 X132.344 Y90.287 E411.4844
G1 X132.247 Y90.351 E411.4882
G0 F2700 X132.214 Y90.373
G0 F2700 X132.075 Y90.402
G0 F2700 X131.956 Y90.383
G0 F2700 X131.781 Y90.287
G1 F3000 E406.4882
G0 F4200 X131.497 Y90.571
;TYPE:WALL-OUTER
;WIDTH:0.400
G1 F900 Z3.600
G1 F1500 E411.4882
G1 F2700 X131.398 Y90.450 E411.4934
G1 X131.325 Y90.312 E411.4986
G1 X131.279 Y90.162 E411.5038
G1 X131.263 Y89.996 E411.5094
G1 X131.263 Y75.741 E411.9835
G1 X131.279 Y75.575 E411.9890
G1 X131.325 Y75.426 E411.9942
G1 X131.398 Y75.287 E411.9995
G1 X131.497 Y75.166 E412.0047
G1 X131.619 Y75.067 E412.0099
G1 X131.757 Y74.993 E412.0151
G1 X131.906 Y74.947 E412.0203
G1 X132.063 Y74.932 E412.0255
G1 X132.219 Y74.947 E412.0307
G1 X132.368 Y74.993 E412.0359
G1 X132.506 Y75.067 E412.0411
G1 X132.628 Y75.166 E412.0464
G1 X132.727 Y75.287 E412.0516
G1 X132.800 Y75.426 E412.0568
G1 X132.846 Y75.576 E412.0620
G1 X132.863 Y75.741 E412.0675
G1 X132.863 Y81.919 E412.2730
G1 X134.169 Y81.919 E412.3164
G1 X135.566 Y82.558 E412.3675
G1 X135.704 Y82.717 E412.3745
G1 X135.734 Y82.869 E412.3797
G1 X135.679 Y83.068 E412.3865
G1 X135.566 Y83.180 E412.3918
G1 X134.169 Y83.819 E412.4429
G1 X132.863 Y83.819 E412.4864
G1 X132.863 Y89.996 E412.6918
G1 X132.846 Y90.161 E412.6973
G1 X132.800 Y90.312 E412.7026
G1 X132.727 Y90.450 E412.7078
G1 X132.628 Y90.571 E412.7130
G1 X132.506 Y90.671 E412.7182
G1 X132.368 Y90.744 E412.7234
G1 X132.219 Y90.790 E412.7286
G1 X132.063 Y90.805 E412.7338
G1 X131.940 Y90.785 E412.7380
G0 F2700 X131.840 Y90.770
G0 F2700 X131.614 Y90.667
G0 F2700 X131.497 Y90.571
G1 F3000 E407.7380
G0 F4200 X131.910 Y90.120
;TYPE:SOLID-FILL
;WIDTH:0.400
G1 F900 Z3.600
G1 F1500 E412.7380
G1 F3000 X132.062 Y89.686 E412.7545
G1 X132.062 Y89.120 E412.7733
G1 X132.062 Y88.554 E412.7921
G1 X132.062 Y87.989 E412.8108
G1 X132.062 Y87.423 E412.8296
G1 X132.062 Y86.857 E412.8484
G1 X132.062 Y86.292 E412.8671
G1 X132.062 Y85.726 E412.8859
G1 X132.062 Y85.160 E412.9047
G1 X132.062 Y84.594 E412.9234
G1 X132.062 Y84.029 E412.9422
G1 X132.262 Y83.546 E412.9595
G0 F4200 X131.862 Y83.380
G1 F3000 X132.462 Y82.780 E412.9878
G0 F4200 X132.262 Y82.415
G1 F3000 X131.862 Y82.531 E413.0065
G1 X132.062 Y81.766 E413.0253
G1 X132.062 Y81.200 E413.0441
G1 X132.062 Y80.635 E413.0628
G1 X132.062 Y80.069 E413.0816
G1 X132.062 Y79.503 E413.1004
G1 X132.062 Y78.938 E413.1191
G1 X132.062 Y78.372 E413.1379
G1 X132.062 Y77.806 E413.1567
G1 X132.062 Y77.241 E413.1754
G1 X132.062 Y76.675 E413.1942
G1 X132.062 Y76.109 E413.2130
G1 X132.234 Y75.654 E413.2292
G1 F3000 E408.2292
G1 F900 Z3.900
G0 F4200 X132.927 Y82.598
;TYPE:SOLID-FILL
;WIDTH:0.400
G1 F900 Z3.600
G1 F1500 E413.2292
G1 F2700 X132.542 Y82.983 E413.2473
G1 X132.542 Y83.139 E413.2524
G1 X132.952 Y83.139 E413.2661
G1 X133.140 Y82.951 E413.2749
G0 F2700 X133.493 Y82.598
G0 F4200 X134.019 Y82.598
G1 F2700 X134.046 Y82.610 E413.2759
G1 X133.518 Y83.139 E413.3008
G1 X134.019 Y83.138 E413.3174
G1 X134.065 Y83.117 E413.3191
G0 F2700 X134.138 Y83.085
G0 F2700 X134.435 Y82.788
G1 F3000 E408.3191
G1 F900 Z3.900
G0 F4200 X133.975 Y82.399
;TYPE:SOLID-FILL
;WIDTH:0.400
G1 F900 Z3.600
G1 F1500 E413.3191
G1 F3000 X133.656 Y82.434 E413.3224
G1 X133.097 Y82.428 E413.3251
G1 X132.785 Y82.457 E413.3355
G1 F3000 E408.3355
G1 F900 Z3.900
G0 F4200 X123.781 Y90.287
;TYPE:WALL-INNER
;WIDTH:0.400
G1 F900 Z3.600
G1 F1500 E413.3355
G1 F2700 X123.696 Y90.158 E413.3407
G1 X123.663 Y89.977 E413.3468
G1 X123.663 Y75.760 E413.8196
G1 X123.696 Y75.579 E413.8258
G1 X123.781 Y75.451 E413.8309
G1 X123.912 Y75.364 E413.8361
G1 X123.985 Y75.341 E413.8386
G1 X124.140 Y75.341 E413.8438
G1 X124.283 Y75.402 E413.8490
G1 X124.392 Y75.509 E413.8540
G1 X124.452 Y75.656 E413.8593
G1 X124.463 Y75.762 E413.8629
G1 X124.463 Y82.319 E414.0810
G1 X126.082 Y82.319 E414.1348
G1 X127.145 Y82.805 E414.1737
G1 X127.145 Y82.933 E414.1779
G1 X126.082 Y83.419 E414.2168
G1 X124.463 Y83.419 E414.2707
G1 X124.463 Y89.975 E414.4887
G1 X124.429 Y90.159 E414.4949
G1 X124.344 Y90.287 E414.5000
G1 X124.247 Y90.351 E414.5039
G0 F2700 X124.214 Y90.373
G0 F2700 X124.075 Y90.402
G0 F2700 X123.956 Y90.383
G0 F2700 X123.781 Y90.287
G1 F3000 E409.5039
G0 F4200 X123.497 Y90.571
;TYPE:WALL-OUTER
;WIDTH:0.400
G1 F900 Z3.600
G1 F1500 E414.5039
G1 F2700 X123.398 Y90.450 E414.5091
G1 X123.325 Y90.312 E414.5143
G1 X123.279 Y90.162 E414.5195
G1 X123.263 Y89.996 E414.5251
G1 X123.263 Y75.741 E414.9992
G1 X123.279 Y75.575 E415.0047
G1 X123.325 Y75.426 E415.0099
G1 X123.398 Y75.287 E415.0152
G1 X123.497 Y75.166 E415.0204
G1 X123.619 Y75.067 E415.0256
G1 X123.757 Y74.993 E415.0308
G1 X123.906 Y74.947 E415.0360
G1 X124.063 Y74.932 E415.0412
G1 X124.219 Y74.947 E415.0464
G1 X124.368 Y74.993 E415.0516
G1 X124.506 Y75.067 E415.0568
G1 X124.628 Y75.166 E415.0620
G1 X124.727 Y75.287 E415.0672
G1 X124.800 Y75.426 E415.0725
G1 X124.846 Y75.576 E415.0777
G1 X124.863 Y75.741 E415.0832
G1 X124.863 Y81.919 E415.2887
G1 X126.169 Y81.919 E415.3321
G1 X127.566 Y82.558 E415.3832
G1 X127.704 Y82.717 E415.3902
G1 X127.734 Y82.869 E415.3954
G1 X127.679 Y83.068 E415.4022
G1 X127.566 Y83.180 E415.4075
G1 X126.169 Y83.819 E415.4586
G1 X124.863 Y83.819 E415.5021
G1 X124.863 Y89.996 E415.7075
G1 X124.846 Y90.161 E415.7130
G1 X124.800 Y90.312 E415.7183
G1 X124.727 Y90.450 E415.7235
G1 X124.628 Y90.571 E415.7287
G1 X124.506 Y90.671 E415.7339
G1 X124.368 Y90.744 E415.7391
G1 X124.219 Y90.790 E415.7443
G1 X124.063 Y90.805 E415.7495
G1 X123.940 Y90.785 E415.7537
G0 F2700 X123.840 Y90.770
G0 F2700 X123.614 Y90.667
G0 F2700 X123.497 Y90.571
G1 F3000 E410.7537
G0 F4200 X123.955 Y90.156
;TYPE:SOLID-FILL
;WIDTH:0.400
G1 F900 Z3.600
G1 F1500 E415.7537
G1 F3000 X124.061 Y89.766 E415.7680
G1 X124.061 Y89.201 E415.7868
G1 X124.061 Y88.635 E415.8055
G1 X124.061 Y88.069 E415.8242
G1 X124.061 Y87.504 E415.8430
G1 X124.061 Y86.938 E415.8617
G1 X124.061 Y86.372 E415.8805
G1 X124.061 Y85.806 E415.8992
G1 X124.061 Y85.241 E415.9179
G1 X124.061 Y84.675 E415.9367
G1 X124.061 Y84.109 E415.9554
G1 X124.261 Y83.627 E415.9727
G0 F4200 X123.862 Y83.461
G1 F3000 X124.462 Y82.861 E416.0010
G0 F4200 X124.261 Y82.496
G1 F3000 X123.862 Y82.612 E416.0197
G1 X124.061 Y81.847 E416.0385
G1 X124.061 Y81.281 E416.0572
G1 X124.061 Y80.715 E416.0759
G1 X124.061 Y80.150 E416.0947
G1 X124.061 Y79.584 E416.1134
G1 X124.061 Y79.018 E416.1321
G1 X124.061 Y78.453 E416.1509
G1 X124.061 Y77.887 E416.1696
G1 X124.061 Y77.321 E416.1883
G1 X124.061 Y76.756 E416.2071
G1 X124.061 Y76.190 E416.2258
G1 X124.255 Y75.714 E416.2429
G1 F3000 E411.2429
G1 F900 Z3.900
G0 F4200 X125.007 Y82.598
;TYPE:SOLID-FILL
;WIDTH:0.400
G1 F900 Z3.600
G1 F1500 E416.2429
G1 F2700 X124.542 Y83.063 E416.2648
G1 X124.542 Y83.138 E416.2673
G1 X125.033 Y83.138 E416.2836
G1 X125.220 Y82.951 E416.2924
G0 F2700 X125.573 Y82.598
G0 F4200 X126.019 Y82.598
G1 F2700 X126.101 Y82.636 E416.2954
G1 X125.599 Y83.138 E416.3190
G1 X126.019 Y83.138 E416.3330
G1 X126.031 Y83.132 E416.3334
G0 F2700 X126.286 Y83.017
G0 F2700 X126.442 Y82.861
G1 F3000 E411.3334
G1 F900 Z3.900
G0 F4200 X126.055 Y82.399
;TYPE:SOLID-FILL
;WIDTH:0.400
G1 F900 Z3.600
G1 F1500 E416.3334
G1 F3000 X125.724 Y82.447 E416.3379
G1 X125.177 Y82.428 E416.3406
G1 X124.865 Y82.457 E416.3510
G1 F3000 E411.3510
G1 F900 Z3.900
G0 F4200 X115.956 Y90.383
;TYPE:WALL-INNER
;WIDTH:0.400
G1 F900 Z3.600
G1 F1500 E416.3510
G1 F2700 X115.781 Y90.287 E416.3577
G1 X115.696 Y90.158 E416.3628
G1 X115.663 Y89.977 E416.3689
G1 X115.663 Y75.760 E416.8418
G1 X115.696 Y75.579 E416.8479
G1 X115.781 Y75.451 E416.8530
G1 X115.912 Y75.364 E416.8582
G1 X115.985 Y75.341 E416.8608
G1 X116.140 Y75.341 E416.8659
G1 X116.283 Y75.402 E416.8711
G1 X116.392 Y75.509 E416.8762
G1 X116.452 Y75.656 E416.8815
G1 X116.463 Y75.762 E416.8850
G1 X116.463 Y82.319 E417.1031
G1 X118.082 Y82.319 E417.1570
G1 X119.145 Y82.805 E417.1958
G1 X119.145 Y82.933 E417.2001
G1 X118.082 Y83.419 E417.2390
G1 X116.463 Y83.419 E417.2928
G1 X116.463 Y89.975 E417.5109
G1 X116.429 Y90.159 E417.5171
G1 X116.390 Y90.217 E417.5194
G0 F2700 X116.344 Y90.287
G0 F2700 X116.214 Y90.373
G0 F2700 X116.075 Y90.402
G0 F2700 X115.956 Y90.383
G1 F3000 E412.5194
G0 F4200 X115.840 Y90.770
;TYPE:WALL-OUTER
;WIDTH:0.400
G1 F900 Z3.600
G1 F1500 E417.5194
G1 F2700 X115.614 Y90.667 E417.5277
G1 X115.497 Y90.571 E417.5327
G1 X115.398 Y90.450 E417.5379
G1 X115.325 Y90.312 E417.5431
G1 X115.279 Y90.162 E417.5483
G1 X115.263 Y89.996 E417.5539
G1 X115.263 Y75.741 E418.0280
G1 X115.279 Y75.575 E418.0335
G1 X115.325 Y75.426 E418.0387
G1 X115.398 Y75.287 E418.0439
G1 X115.497 Y75.166 E418.0491
G1 X115.619 Y75.067 E418.0544
G1 X115.757 Y74.993 E418.0596
G1 X115.906 Y74.947 E418.0648
G1 X116.063 Y74.932 E418.0700
G1 X116.219 Y74.947 E418.0752
G1 X116.368 Y74.993 E418.0804
G1 X116.506 Y75.067 E418.0856
G1 X116.628 Y75.166 E418.0908
G1 X116.727 Y75.287 E418.0960
G1 X116.800 Y75.426 E418.1013
G1 X116.846 Y75.576 E418.1065
G1 X116.863 Y75.741 E418.1120
G1 X116.863 Y81.919 E418.3175
G1 X118.169 Y81.919 E418.3609
G1 X119.566 Y82.558 E418.4120
G1 X119.704 Y82.717 E418.4190
G1 X119.734 Y82.869 E418.4242
G1 X119.679 Y83.068 E418.4310
G1 X119.566 Y83.180 E418.4363
G1 X118.169 Y83.819 E418.4874
G1 X116.863 Y83.819 E418.5309
G1 X116.863 Y89.996 E418.7363
G1 X116.846 Y90.161 E418.7418
G1 X116.800 Y90.312 E418.7471
G1 X116.727 Y90.450 E418.7523
G1 X116.628 Y90.571 E418.7575
G1 X116.506 Y90.671 E418.7627
G1 X116.368 Y90.744 E418.7679
G1 X116.333 Y90.755 E418.7691
G0 F2700 X116.219 Y90.790
G0 F2700 X116.063 Y90.805
G0 F2700 X115.840 Y90.770
G1 F3000 E413.7691
G0 F4200 X116.007 Y90.184
;TYPE:SOLID-FILL
;WIDTH:0.400
G1 F900 Z3.600
G1 F1500 E418.7691
G1 F3000 X116.062 Y89.846 E418.7811
G1 X116.062 Y89.281 E418.7999
G1 X116.062 Y88.715 E418.8187
G1 X116.062 Y88.149 E418.8375
G1 X116.062 Y87.584 E418.8563
G1 X116.062 Y87.018 E418.8751
G1 X116.062 Y86.452 E418.8939
G1 X116.062 Y85.887 E418.9126
G1 X116.062 Y85.321 E418.9314
G1 X116.062 Y84.755 E418.9502
G1 X116.062 Y84.189 E418.9690
G1 X116.262 Y83.707 E418.9864
G0 F4200 X115.862 Y83.541
G1 F3000 X116.462 Y82.941 E419.0146
G0 F4200 X116.319 Y82.518
G1 F3000 X115.862 Y82.693 E419.0361
G1 X116.061 Y81.927 E419.0549
G1 X116.061 Y81.362 E419.0736
G1 X116.061 Y80.796 E419.0924
G1 X116.061 Y80.230 E419.1111
G1 X116.061 Y79.665 E419.1298
G1 X116.061 Y79.099 E419.1486
G1 X116.061 Y78.533 E419.1673
G1 X116.061 Y77.967 E419.1860
G1 X116.061 Y77.402 E419.2048
G1 X116.061 Y76.836 E419.2235
G1 X116.061 Y76.270 E419.2422
G1 X116.261 Y75.788 E419.2596
G1 F3000 E414.2596
G1 F900 Z3.900
G0 F4200 X117.088 Y82.598
;TYPE:SOLID-FILL
;WIDTH:0.400
G1 F900 Z3.600
G1 F1500 E419.2596
G1 F2700 X116.548 Y83.138 E419.2850
G1 X117.113 Y83.138 E419.3038
G1 X117.300 Y82.951 E419.3126
G0 F2700 X117.654 Y82.598
G0 F4200 X118.019 Y82.599
G1 F2700 X118.156 Y82.661 E419.3176
G1 X117.679 Y83.138 E419.3400
G1 X117.974 Y83.138 E419.3498
G0 F2700 X118.018 Y83.138
G0 F2700 X118.434 Y82.949
G1 F3000 E414.3498
G1 F900 Z3.900
G0 F4200 X118.014 Y82.520
;TYPE:SOLID-FILL
;WIDTH:0.400
G1 F900 Z3.600
G1 F1500 E419.3498
G1 F3000 X117.827 Y82.424 E419.3531
G1 X117.259 Y82.427 E419.3558
G1 X116.692 Y82.427 E419.3585
G1 X116.342 Y82.496 E419.3704
G1 F3000 E414.3704
G1 F900 Z3.900
G0 F4200 X107.956 Y90.383
;TYPE:WALL-INNER
;WIDTH:0.400
G1 F900 Z3.600
G1 F1500 E419.3704
G1 F2700 X107.781 Y90.287 E419.3770
G1 X107.696 Y90.158 E419.3822
G1 X107.663 Y89.977 E419.3883
G1 X107.663 Y75.760 E419.8611
G1 X107.696 Y75.579 E419.8673
G1 X107.781 Y75.451 E419.8724
G1 X107.912 Y75.364 E419.8776
G1 X107.985 Y75.341 E419.8801
G1 X108.140 Y75.341 E419.8853
G1 X108.283 Y75.402 E419.8905
G1 X108.392 Y75.509 E419.8955
G1 X108.452 Y75.656 E419.9008
G1 X108.463 Y75.762 E419.9044
G1 X108.463 Y82.319 E420.1225
G1 X110.082 Y82.319 E420.1763
G1 X111.145 Y82.805 E420.2152
G1 X111.145 Y82.933 E420.2194
G1 X110.082 Y83.419 E420.2583
G1 X108.463 Y83.419 E420.3122
G1 X108.463 Y89.975 E420.5302
G1 X108.429 Y90.159 E420.5364
G1 X108.390 Y90.217 E420.5388
G0 F2700 X108.344 Y90.287
G0 F2700 X108.214 Y90.373
G0 F2700 X108.075 Y90.402
G0 F2700 X107.956 Y90.383
G1 F3000 E415.5388
G0 F4200 X107.840 Y90.770
;TYPE:WALL-OUTER
;WIDTH:0.400
G1 F900 Z3.600
G1 F1500 E420.5388
G1 F2700 X107.614 Y90.667 E420.5470
G1 X107.497 Y90.571 E420.5521
G1 X107.398 Y90.450 E420.5573
G1 X107.325 Y90.312 E420.5625
G1 X107.279 Y90.162 E420.5677
G1 X107.263 Y89.996 E420.5732
G1 X107.263 Y75.741 E421.0473
G1 X107.279 Y75.575 E421.0529
G1 X107.325 Y75.426 E421.0581
G1 X107.398 Y75.287 E421.0633
G1 X107.497 Y75.166 E421.0685
G1 X107.619 Y75.067 E421.0737
G1 X107.757 Y74.993 E421.0789
G1 X107.906 Y74.947 E421.0841
G1 X108.063 Y74.932 E421.0894
G1 X108.219 Y74.947 E421.0946
G1 X108.368 Y74.993 E421.0998
G1 X108.506 Y75.067 E421.1050
G1 X108.628 Y75.166 E421.1102
G1 X108.727 Y75.287 E421.1154
G1 X108.800 Y75.426 E421.1206
G1 X108.846 Y75.576 E421.1258
G1 X108.863 Y75.741 E421.1314
G1 X108.863 Y81.919 E421.3368
G1 X110.169 Y81.919 E421.3803
G1 X111.566 Y82.558 E421.4314
G1 X111.704 Y82.717 E421.4384
G1 X111.734 Y82.869 E421.4435
G1 X111.679 Y83.068 E421.4504
G1 X111.566 Y83.180 E421.4557
G1 X110.169 Y83.819 E421.5068
G1 X108.863 Y83.819 E421.5502
G1 X108.863 Y89.996 E421.7557
G1 X108.846 Y90.161 E421.7612
G1 X108.800 Y90.312 E421.7664
G1 X108.727 Y90.450 E421.7716
G1 X108.628 Y90.571 E421.7768
G1 X108.506 Y90.671 E421.7821
G1 X108.368 Y90.744 E421.7873
G1 X108.333 Y90.755 E421.7885
G0 F2700 X108.219 Y90.790
G0 F2700 X108.063 Y90.805
G0 F2700 X107.840 Y90.770
G1 F3000 E416.7885
G0 F4200 X108.075 Y90.197
;TYPE:SOLID-FILL
;WIDTH:0.400
G1 F900 Z3.600
G1 F1500 E421.7885
G1 F3000 X108.055 Y89.933 E421.7967
G1 X108.062 Y89.361 E421.8155
G1 X108.062 Y88.795 E421.8342
G1 X108.062 Y88.230 E421.8529
G1 X108.062 Y87.664 E421.8717
G1 X108.062 Y87.098 E421.8904
G1 X108.062 Y86.533 E421.9092
G1 X108.062 Y85.967 E421.9280
G1 X108.062 Y85.401 E421.9467
G1 X108.062 Y84.836 E421.9655
G1 X108.062 Y84.270 E421.9843
G1 X108.062 Y83.704 E422.0030
G1 X108.263 Y83.220 E422.0218
G1 X108.431 Y82.770 E422.0310
G1 X107.862 Y82.773 E422.0563
G1 X108.062 Y82.007 E422.0750
G1 X108.062 Y81.441 E422.0938
G1 X108.062 Y80.876 E422.1125
G1 X108.062 Y80.310 E422.1313
G1 X108.062 Y79.744 E422.1500
G1 X108.062 Y79.179 E422.1688
G1 X108.062 Y78.613 E422.1875
G1 X108.062 Y78.047 E422.2063
G1 X108.062 Y77.482 E422.2250
G1 X108.062 Y76.916 E422.2438
G1 X108.062 Y76.350 E422.2625
G1 X108.142 Y75.704 E422.2813
G1 X107.880 Y75.684 E422.2900
G1 F3000 E417.2900
G1 F900 Z3.900
G0 F4200 X108.542 Y82.659
;TYPE:SOLID-FILL
;WIDTH:0.400
G1 F900 Z3.600
G1 F1500 E422.2900
G1 F2700 X108.603 Y82.598 E422.2929
G1 X109.168 Y82.598 E422.3117
G1 X108.627 Y83.139 E422.3372
G1 X109.193 Y83.139 E422.3560
G1 X109.381 Y82.951 E422.3648
G0 F2700 X109.734 Y82.598
G0 F4200 X109.759 Y83.139
G1 F2700 X110.008 Y82.890 E422.3765
G0 F2700 X110.212 Y82.686
G0 F2700 X110.019 Y82.599
G1 F3000 E417.3765
G1 F900 Z3.900
G0 F4200 X109.900 Y83.280
;TYPE:SOLID-FILL
;WIDTH:0.400
G1 F900 Z3.600
G1 F1500 E422.3765
G1 F3000 X109.842 Y83.338 E422.3793
G1 F3000 E417.3793
G1 F900 Z3.900
G0 F4200 X102.034 Y83.269
;TYPE:WALL-INNER
;WIDTH:0.400
G1 F900 Z3.600
G1 F1500 E422.3793
G1 F2700 X90.092 Y83.269 E422.7765
G1 X89.912 Y83.236 E422.7825
G1 X89.781 Y83.149 E422.7878
G1 X89.733 Y83.091 E422.7903
G1 X89.673 Y82.946 E422.7955
G1 X89.673 Y82.792 E422.8006
G1 X89.733 Y82.647 E422.8058
G1 X89.781 Y82.588 E422.8084
G1 X89.911 Y82.502 E422.8136
G1 X89.985 Y82.479 E422.8161
G1 X95.513 Y82.469 E423.0000
G1 X95.513 Y65.849 E423.5528
G1 X96.000 Y64.781 E423.5918
G1 X96.128 Y64.781 E423.5961
G1 X96.612 Y65.849 E423.6351
G1 X96.612 Y82.469 E424.1879
G1 X102.140 Y82.479 E424.3717
G1 X102.283 Y82.539 E424.3769
G1 X102.385 Y82.638 E424.3816
G1 X102.436 Y82.752 E424.3858
G1 X102.459 Y82.882 E424.3901
G1 X102.430 Y83.014 E424.3946
G0 F2700 X102.429 Y83.021
G0 F2700 X102.344 Y83.149
G0 F2700 X102.283 Y83.198
G0 F2700 X102.140 Y83.259
G0 F2700 X102.034 Y83.269
G1 F3000 E419.3946
G0 F4200 X102.053 Y83.669
;TYPE:WALL-OUTER
;WIDTH:0.400
G1 F900 Z3.600
G1 F1500 E424.3946
G1 F2700 X90.073 Y83.669 E424.7931
G1 X89.906 Y83.653 E424.7987
G1 X89.757 Y83.607 E424.8039
G1 X89.619 Y83.533 E424.8091
G1 X89.497 Y83.434 E424.8143
G1 X89.398 Y83.313 E424.8195
G1 X89.325 Y83.174 E424.8247
G1 X89.279 Y83.025 E424.8299
G1 X89.264 Y82.869 E424.8351
G1 X89.279 Y82.713 E424.8403
G1 X89.325 Y82.563 E424.8456
G1 X89.398 Y82.425 E424.8507
G1 X89.497 Y82.304 E424.8559
G1 X89.619 Y82.204 E424.8612
G1 X89.757 Y82.131 E424.8664
G1 X89.906 Y82.085 E424.8716
G1 X90.073 Y82.069 E424.8772
G1 X95.113 Y82.069 E425.0448
G1 X95.113 Y65.762 E425.5872
G1 X95.752 Y64.362 E425.6383
G1 X95.828 Y64.281 E425.6420
G1 X95.980 Y64.205 E425.6477
G1 X96.135 Y64.205 E425.6528
G1 X96.278 Y64.264 E425.6580
G1 X96.393 Y64.398 E425.6639
G1 X97.012 Y65.762 E425.7137
G1 X97.012 Y82.069 E426.2561
G1 X102.053 Y82.069 E426.4237
G1 X102.219 Y82.085 E426.4293
G1 X102.368 Y82.131 E426.4345
G1 X102.506 Y82.204 E426.4396
G1 X102.628 Y82.304 E426.4449
G1 X102.727 Y82.425 E426.4501
G1 X102.822 Y82.633 E426.4577
G1 X102.862 Y82.869 E426.4657
G1 X102.846 Y83.024 E426.4708
G1 X102.800 Y83.174 E426.4761
G1 X102.727 Y83.313 E426.4813
G1 X102.628 Y83.434 E426.4865
G1 X102.523 Y83.519 E426.4910
G0 F2700 X102.506 Y83.533
G0 F2700 X102.368 Y83.607
G0 F2700 X102.219 Y83.653
G0 F2700 X102.053 Y83.669
G1 F3000 E421.4910
G0 F4200 X101.626 Y83.069
;TYPE:SOLID-FILL
;WIDTH:0.400
G1 F900 Z3.600
G1 F1500 E426.4910
G1 F3000 X101.734 Y82.677 E426.5093
G1 X100.974 Y82.873 E426.5277
G1 X100.409 Y82.872 E426.5462
G1 X99.843 Y82.871 E426.5646
G1 X99.279 Y82.871 E426.5832
G1 X98.713 Y82.870 E426.6018
G1 X98.148 Y82.870 E426.6204
G1 X97.583 Y82.869 E426.6391
G1 X96.930 Y82.956 E426.6578
G1 X96.935 Y82.669 E426.6673
G1 F3000 E421.6673
G1 F900 Z3.900
G0 F4200 X96.333 Y82.988
;TYPE:SOLID-FILL
;WIDTH:0.400
G1 F900 Z3.600
G1 F1500 E426.6673
G1 F2700 X96.573 Y82.749 E426.6786
G1 X96.331 Y82.749 E426.6867
G1 X96.331 Y82.425 E426.6974
G1 X95.767 Y82.988 E426.7239
G1 X95.443 Y82.988 E426.7347
G1 X95.443 Y82.749 E426.7427
G1 X95.792 Y82.749 E426.7543
G1 X95.792 Y82.398 E426.7659
G1 X96.331 Y81.859 E426.7913
G1 X96.331 Y81.293 E426.8101
G1 X95.792 Y81.832 E426.8355
G1 X95.792 Y81.267 E426.8543
G1 X96.331 Y80.728 E426.8796
G1 X96.331 Y80.162 E426.8984
G1 X95.792 Y80.701 E426.9238
G1 X95.792 Y80.135 E426.9426
G1 X96.331 Y79.596 E426.9680
G1 X96.331 Y79.031 E426.9868
G1 X95.792 Y79.570 E427.0121
G1 X95.792 Y79.004 E427.0310
G1 X96.331 Y78.465 E427.0563
G1 X96.331 Y77.899 E427.0751
G1 X95.792 Y78.438 E427.1005
G1 X95.792 Y77.872 E427.1193
G1 X96.331 Y77.334 E427.1446
G1 X96.331 Y76.768 E427.1635
G1 X95.792 Y77.307 E427.1888
G1 X95.792 Y76.741 E427.2076
G1 X96.331 Y76.202 E427.2330
G1 X96.331 Y75.637 E427.2518
G1 X95.792 Y76.175 E427.2771
G1 X95.792 Y75.610 E427.2959
G1 X96.331 Y75.071 E427.3213
G1 X96.331 Y74.505 E427.3401
G1 X95.792 Y75.044 E427.3654
G1 X95.792 Y74.478 E427.3843
G1 X96.331 Y73.940 E427.4096
G1 X96.331 Y73.374 E427.4284
G1 X95.792 Y73.913 E427.4538
G1 X95.792 Y73.347 E427.4726
G1 X96.331 Y72.808 E427.4979
G1 X96.331 Y72.242 E427.5168
G1 X95.792 Y72.781 E427.5421
G1 X95.792 Y72.216 E427.5609
G1 X96.331 Y71.677 E427.5863
G1 X96.331 Y71.111 E427.6051
G1 X95.792 Y71.650 E427.6304
G1 X95.792 Y71.084 E427.6493
G1 X96.331 Y70.545 E427.6746
G1 X96.331 Y69.980 E427.6934
G1 X95.792 Y70.519 E427.7188
G1 X95.792 Y69.953 E427.7376
G1 X96.331 Y69.414 E427.7630
G1 X96.331 Y68.848 E427.7818
G1 X95.792 Y69.387 E427.8071
G1 X95.792 Y68.821 E427.8260
G1 X96.331 Y68.283 E427.8513
G1 X96.331 Y67.717 E427.8701
G1 X95.792 Y68.256 E427.8955
G1 X95.792 Y67.690 E427.9143
G1 X96.331 Y67.151 E427.9396
G1 X96.331 Y66.586 E427.9584
G1 X95.792 Y67.124 E427.9838
G1 X95.792 Y66.559 E428.0026
G1 X96.331 Y66.020 E428.0279
G1 X96.331 Y65.908 E428.0316
G1 X96.188 Y65.597 E428.0430
G1 X96.145 Y65.640 E428.0450
G0 F2700 X95.792 Y65.993
G0 F4200 X95.651 Y65.852
;TYPE:SOLID-FILL
;WIDTH:0.400
G1 F3000 X95.592 Y65.910 E428.0478
G1 F3000 E423.0478
G1 F900 Z3.900
G0 F4200 X96.879 Y82.725
G1 F900 Z3.600
G1 F1500 E428.0478
G1 F3000 X96.645 Y82.959 E428.0507
G1 X96.416 Y83.188 E428.0615
G1 F3000 E423.0615
G1 F900 Z3.900
G0 F4200 X95.238 Y82.669
G1 F900 Z3.600
G1 F1500 E428.0615
G1 F3000 X94.754 Y82.869 E428.0803
G1 X94.188 Y82.870 E428.0990
G1 X93.622 Y82.870 E428.1177
G1 X93.056 Y82.871 E428.1363
G1 X92.489 Y82.871 E428.1549
G1 X91.924 Y82.872 E428.1734
G1 X91.357 Y82.872 E428.1919
G1 X90.791 Y82.873 E428.2104
G1 X90.225 Y82.873 E428.2287
G1 X89.883 Y82.933 E428.2403
G1 F3000 E423.2403
G1 F900 Z3.900
G0 F4200 X92.140 Y88.259
;TYPE:WALL-INNER
;WIDTH:0.400
G1 F900 Z3.600
G1 F1500 E428.2403
G1 F2700 X92.034 Y88.269 E428.2438
G1 X80.092 Y88.269 E428.6410
G1 X79.912 Y88.236 E428.6471
G1 X79.781 Y88.149 E428.6523
G1 X79.733 Y88.091 E428.6548
G1 X79.673 Y87.946 E428.6600
G1 X79.673 Y87.792 E428.6652
G1 X79.733 Y87.647 E428.6704
G1 X79.781 Y87.588 E428.6729
G1 X79.911 Y87.502 E428.6781
G1 X79.985 Y87.479 E428.6807
G1 X85.513 Y87.469 E428.8645
G1 X85.513 Y70.849 E429.4173
G1 X86.000 Y69.781 E429.4564
G1 X86.128 Y69.781 E429.4606
G1 X86.612 Y70.849 E429.4996
G1 X86.612 Y87.469 E430.0524
G1 X92.140 Y87.479 E430.2363
G1 X92.283 Y87.539 E430.2414
G1 X92.385 Y87.638 E430.2461
G1 X92.436 Y87.752 E430.2503
G1 X92.459 Y87.882 E430.2547
G1 X92.453 Y87.910 E430.2556
G0 F2700 X92.429 Y88.021
G0 F2700 X92.344 Y88.149
G0 F2700 X92.283 Y88.198
G0 F2700 X92.140 Y88.259
G1 F3000 E425.2556
G0 F4200 X92.219 Y88.653
;TYPE:WALL-OUTER
;WIDTH:0.400
G1 F900 Z3.600
G1 F1500 E430.2556
G1 F2700 X92.053 Y88.669 E430.2612
G1 X80.073 Y88.669 E430.6596
G1 X79.906 Y88.653 E430.6652
G1 X79.757 Y88.607 E430.6704
G1 X79.619 Y88.533 E430.6756
G1 X79.497 Y88.434 E430.6808
G1 X79.398 Y88.313 E430.6860
G1 X79.325 Y88.174 E430.6913
G1 X79.279 Y88.025 E430.6965
G1 X79.264 Y87.869 E430.7017
G1 X79.279 Y87.713 E430.7069
G1 X79.325 Y87.563 E430.7121
G1 X79.398 Y87.425 E430.7173
G1 X79.497 Y87.304 E430.7225
G1 X79.619 Y87.204 E430.7277
G1 X79.757 Y87.131 E430.7329
G1 X79.906 Y87.085 E430.7381
G1 X80.073 Y87.069 E430.7437
G1 X85.113 Y87.069 E430.9113
G1 X85.113 Y70.762 E431.4537
G1 X85.752 Y69.362 E431.5049
G1 X85.828 Y69.282 E431.5086
G1 X85.980 Y69.205 E431.5142
G1 X86.135 Y69.205 E431.5194
G1 X86.278 Y69.264 E431.5245
G1 X86.393 Y69.398 E431.5304
G1 X87.012 Y70.762 E431.5802
G1 X87.012 Y87.069 E432.1226
G1 X92.053 Y87.069 E432.2903
G1 X92.219 Y87.085 E432.2958
G1 X92.368 Y87.131 E432.3010
G1 X92.506 Y87.204 E432.3062
G1 X92.628 Y87.304 E432.3114
G1 X92.727 Y87.425 E432.3166
G1 X92.822 Y87.633 E432.3242
G1 X92.862 Y87.869 E432.3322
G1 X92.846 Y88.024 E432.3374
G1 X92.800 Y88.174 E432.3426
G1 X92.727 Y88.313 E432.3478
G1 X92.648 Y88.410 E432.3520
G0 F2700 X92.628 Y88.434
G0 F2700 X92.506 Y88.533
G0 F2700 X92.368 Y88.607
G0 F2700 X92.219 Y88.653
G1 F3000 E427.3520
G0 F4200 X92.121 Y88.049
;TYPE:SOLID-FILL
;WIDTH:0.400
G1 F900 Z3.600
G1 F1500 E432.3520
G1 F3000 X92.085 Y87.802 E432.3577
G1 X91.448 Y87.872 E432.3761
G1 X90.883 Y87.872 E432.3944
G1 X90.318 Y87.871 E432.4128
G1 X89.753 Y87.871 E432.4312
G1 X89.188 Y87.870 E432.4497
G1 X88.622 Y87.870 E432.4683
G1 X88.057 Y87.869 E432.4869
G1 X87.492 Y87.868 E432.5056
G1 X86.885 Y87.910 E432.5243
G1 X86.844 Y87.669 E432.5325
G0 F4200 X86.483 Y87.747
;TYPE:SOLID-FILL
;WIDTH:0.400
G1 F2700 X86.242 Y87.988 E432.5438
G1 X85.677 Y87.988 E432.5626
G1 X86.331 Y87.334 E432.5934
G1 X86.331 Y86.768 E432.6122
G1 X85.792 Y87.307 E432.6375
G1 X85.792 Y86.741 E432.6564
G1 X86.331 Y86.202 E432.6817
G1 X86.331 Y85.636 E432.7005
G1 X85.792 Y86.175 E432.7259
G1 X85.792 Y85.610 E432.7447
G1 X86.331 Y85.071 E432.7700
G1 X86.331 Y84.505 E432.7889
G1 X85.792 Y85.044 E432.8142
G1 X85.792 Y84.478 E432.8330
G1 X86.331 Y83.939 E432.8584
G1 X86.331 Y83.374 E432.8772
G1 X85.792 Y83.913 E432.9025
G1 X85.792 Y83.347 E432.9214
G1 X86.331 Y82.808 E432.9467
G1 X86.331 Y82.242 E432.9655
G1 X85.792 Y82.781 E432.9909
G1 X85.792 Y82.216 E433.0097
G1 X86.331 Y81.677 E433.0350
G1 X86.331 Y81.111 E433.0539
G1 X85.792 Y81.650 E433.0792
G1 X85.792 Y81.084 E433.0980
G1 X86.331 Y80.545 E433.1234
G1 X86.331 Y79.980 E433.1422
G1 X85.792 Y80.518 E433.1675
G1 X85.792 Y79.953 E433.1863
G1 X86.331 Y79.414 E433.2117
G1 X86.331 Y78.848 E433.2305
G1 X85.792 Y79.387 E433.2558
G1 X85.792 Y78.821 E433.2747
G1 X86.331 Y78.283 E433.3000
G1 X86.331 Y77.717 E433.3188
G1 X85.792 Y78.256 E433.3442
G1 X85.792 Y77.690 E433.3630
G1 X86.331 Y77.151 E433.3883
G1 X86.331 Y76.586 E433.4071
G1 X85.792 Y77.124 E433.4325
G1 X85.792 Y76.559 E433.4513
G1 X86.331 Y76.020 E433.4766
G1 X86.331 Y75.454 E433.4954
G1 X85.792 Y75.993 E433.5208
G1 X85.792 Y75.427 E433.5396
G1 X86.331 Y74.888 E433.5650
G1 X86.331 Y74.323 E433.5838
G1 X85.792 Y74.862 E433.6091
G1 X85.792 Y74.296 E433.6279
G1 X86.331 Y73.757 E433.6533
G1 X86.331 Y73.191 E433.6721
G1 X85.792 Y73.730 E433.6975
G1 X85.792 Y73.165 E433.7163
G1 X86.331 Y72.626 E433.7416
G1 X86.331 Y72.060 E433.7604
G1 X85.792 Y72.599 E433.7858
G1 X85.792 Y72.033 E433.8046
G1 X86.331 Y71.494 E433.8300
G1 X86.331 Y70.929 E433.8488
G1 X85.792 Y71.467 E433.8741
G1 X85.791 Y70.910 E433.8926
G1 X85.798 Y70.896 E433.8931
G1 X85.806 Y70.888 E433.8935
G0 F2700 X86.160 Y70.534
G1 F3000 E428.8935
G1 F900 Z3.900
G0 F4200 X86.880 Y87.633
;TYPE:SOLID-FILL
;WIDTH:0.400
G1 F900 Z3.600
G1 F1500 E433.8935
G1 F3000 X86.625 Y87.888 E433.9055
G0 F4200 X85.433 Y87.949
G1 F3000 X85.195 Y87.903 E433.9144
G1 X84.664 Y87.868 E433.9332
G1 X84.098 Y87.869 E433.9518
G1 X83.532 Y87.870 E433.9705
G1 X82.965 Y87.870 E433.9891
G1 X82.400 Y87.871 E434.0076
G1 X81.833 Y87.871 E434.0261
G1 X81.267 Y87.872 E434.0445
G1 X80.701 Y87.872 E434.0629
G1 X80.048 Y87.960 E434.0813
G1 X80.048 Y87.677 E434.0907
;LAYER:18
;Z:3.800
;HEIGHT:0.200
G1 F3000 E429.0907
G0 F900 Z3.800
G0 F4200 X92.140 Y88.259
;TYPE:WALL-INNER
;WIDTH:0.400
G1 F900 Z3.800
G1 F1500 E434.0907
G1 F2700 X92.034 Y88.269 E434.0943
G1 X80.092 Y88.269 E434.4915
G1 X79.912 Y88.236 E434.4975
G1 X79.781 Y88.149 E434.5028
G1 X79.733 Y88.091 E434.5053
G1 X79.696 Y88.021 E434.5079
G1 X79.669 Y87.895 E434.5122
G1 X79.707 Y87.697 E434.5189
G1 X79.733 Y87.647 E434.5208
G1 X79.841 Y87.539 E434.5259
G1 X79.985 Y87.479 E434.5310
G1 X85.513 Y87.469 E434.7149
G1 X85.513 Y70.848 E435.2677
G1 X85.996 Y69.775 E435.3069
G1 X86.124 Y69.775 E435.3111
G1 X86.612 Y70.849 E435.3504
G1 X86.612 Y87.469 E435.9031
G1 X92.140 Y87.479 E436.0870
G1 X92.283 Y87.539 E436.0922
G1 X92.409 Y87.686 E436.0986
G1 X92.460 Y87.869 E436.1049
G1 X92.451 Y87.910 E436.1063
G0 F2700 X92.429 Y88.021
G0 F2700 X92.344 Y88.149
G0 F2700 X92.283 Y88.198
G0 F2700 X92.140 Y88.259
G1 F3000 E431.1063
G0 F4200 X92.219 Y88.653
;TYPE:WALL-OUTER
;WIDTH:0.400
G1 F900 Z3.800
G1 F1500 E436.1063
G1 F2700 X92.053 Y88.669 E436.1119
G1 X80.073 Y88.669 E436.5103
G1 X79.906 Y88.653 E436.5159
G1 X79.757 Y88.607 E436.5211
G1 X79.619 Y88.533 E436.5263
G1 X79.497 Y88.434 E436.5315
G1 X79.398 Y88.313 E436.5367
G1 X79.325 Y88.174 E436.5419
G1 X79.279 Y88.025 E436.5471
G1 X79.265 Y87.875 E436.5521
G1 X79.325 Y87.563 E436.5627
G1 X79.398 Y87.425 E436.5679
G1 X79.497 Y87.304 E436.5731
G1 X79.618 Y87.204 E436.5783
G1 X79.757 Y87.131 E436.5835
G1 X79.906 Y87.085 E436.5887
G1 X80.073 Y87.069 E436.5943
G1 X85.113 Y87.069 E436.7619
G1 X85.113 Y70.762 E437.3043
G1 X85.706 Y69.446 E437.3523
G1 X85.806 Y69.298 E437.3583
G1 X85.847 Y69.264 E437.3600
G1 X85.990 Y69.205 E437.3652
G1 X86.135 Y69.205 E437.3700
G1 X86.278 Y69.264 E437.3751
G1 X86.391 Y69.395 E437.3809
G1 X87.012 Y70.762 E437.4308
G1 X87.012 Y87.069 E437.9732
G1 X92.053 Y87.069 E438.1409
G1 X92.219 Y87.085 E438.1464
G1 X92.368 Y87.131 E438.1516
G1 X92.506 Y87.204 E438.1568
G1 X92.623 Y87.300 E438.1618
G1 X92.765 Y87.496 E438.1699
G1 X92.846 Y87.714 E438.1776
G1 X92.862 Y87.869 E438.1828
G1 X92.846 Y88.024 E438.1880
G1 X92.800 Y88.174 E438.1932
G1 X92.727 Y88.313 E438.1984
G1 X92.648 Y88.410 E438.2026
G0 F2700 X92.628 Y88.434
G0 F2700 X92.506 Y88.533
G0 F2700 X92.368 Y88.607
G0 F2700 X92.219 Y88.653
G1 F3000 E433.2026
G0 F4200 X92.218 Y87.975
;TYPE:SOLID-FILL
;WIDTH:0.400
G1 F900 Z3.800
G1 F1500 E438.2026
G1 F3000 X91.832 Y87.873 E438.2165
G1 X91.267 Y87.873 E438.2348
G1 X90.700 Y87.872 E438.2532
G1 X90.134 Y87.872 E438.2716
G1 X89.568 Y87.871 E438.2900
G1 X89.002 Y87.871 E438.3085
G1 X88.435 Y87.870 E438.3271
G1 X87.869 Y87.870 E438.3457
G1 X87.303 Y87.869 E438.3644
G1 X86.821 Y87.669 E438.3817
G0 F4200 X86.617 Y87.748
;TYPE:SOLID-FILL
;WIDTH:0.400
G1 F2700 X86.681 Y87.812 E438.3847
G1 X86.681 Y87.988 E438.3906
G1 X86.291 Y87.988 E438.4036
G1 X85.791 Y87.488 E438.4271
G1 X85.792 Y87.748 E438.4357
G1 X85.646 Y87.748 E438.4406
G0 F2700 X85.485 Y87.748
G0 F2700 X85.725 Y87.988
G1 F3000 E433.4406
G1 F900 Z4.100
G0 F4200 X86.332 Y87.463
G1 F900 Z3.800
G1 F1500 E438.4406
G1 F2700 X85.791 Y86.923 E438.4660
G1 X85.791 Y86.357 E438.4848
G1 X86.332 Y86.897 E438.5103
G1 X86.332 Y86.332 E438.5291
G1 X85.791 Y85.791 E438.5545
G1 X85.791 Y85.226 E438.5733
G1 X86.332 Y85.766 E438.5987
G1 X86.332 Y85.200 E438.6175
G1 X85.791 Y84.660 E438.6430
G1 X85.791 Y84.094 E438.6618
G1 X86.332 Y84.635 E438.6872
G1 X86.332 Y84.069 E438.7061
G1 X85.791 Y83.529 E438.7315
G1 X85.791 Y82.963 E438.7503
G1 X86.332 Y83.503 E438.7757
G1 X86.332 Y82.937 E438.7946
G1 X85.791 Y82.397 E438.8200
G1 X85.791 Y81.832 E438.8388
G1 X86.332 Y82.372 E438.8642
G1 X86.332 Y81.806 E438.8830
G1 X85.791 Y81.266 E438.9085
G1 X85.791 Y80.700 E438.9273
G1 X86.332 Y81.240 E438.9527
G1 X86.332 Y80.675 E438.9715
G1 X85.791 Y80.134 E438.9969
G1 X85.791 Y79.569 E439.0157
G1 X86.332 Y80.109 E439.0412
G1 X86.332 Y79.543 E439.0600
G1 X85.791 Y79.003 E439.0854
G1 X85.791 Y78.437 E439.1042
G1 X86.332 Y78.978 E439.1297
G1 X86.332 Y78.412 E439.1485
G1 X85.791 Y77.872 E439.1739
G1 X85.791 Y77.306 E439.1928
G1 X86.332 Y77.846 E439.2182
G1 X86.332 Y77.281 E439.2370
G1 X85.791 Y76.740 E439.2624
G1 X85.791 Y76.175 E439.2812
G1 X86.332 Y76.715 E439.3066
G1 X86.332 Y76.149 E439.3255
G1 X85.791 Y75.609 E439.3509
G1 X85.791 Y75.043 E439.3697
G1 X86.332 Y75.584 E439.3952
G1 X86.332 Y75.018 E439.4140
G1 X85.791 Y74.478 E439.4394
G1 X85.791 Y73.912 E439.4582
G1 X86.332 Y74.452 E439.4836
G1 X86.332 Y73.887 E439.5024
G1 X85.791 Y73.346 E439.5279
G1 X85.791 Y72.781 E439.5467
G1 X86.332 Y73.321 E439.5721
G1 X86.332 Y72.755 E439.5909
G1 X85.791 Y72.215 E439.6164
G1 X85.791 Y71.649 E439.6352
G1 X86.332 Y72.189 E439.6606
G1 X86.332 Y71.624 E439.6794
G1 X85.791 Y71.084 E439.7048
G1 X85.791 Y70.907 E439.7107
G1 X85.912 Y70.638 E439.7205
G1 X85.978 Y70.704 E439.7236
G0 F2700 X86.332 Y71.058
G0 F4200 X86.472 Y70.916
;TYPE:SOLID-FILL
;WIDTH:0.400
G1 F3000 X86.531 Y70.975 E439.7264
G1 F3000 E434.7264
G1 F900 Z4.100
G0 F4200 X86.472 Y87.320
G1 F900 Z3.800
G1 F1500 E439.7264
G1 F3000 X86.615 Y87.464 E439.7292
G1 X86.757 Y87.606 E439.7359
G1 F3000 E434.7359
G1 F900 Z4.100
G0 F4200 X85.642 Y88.188
G1 F900 Z3.800
G1 F1500 E439.7359
G1 F3000 X85.473 Y88.018 E439.7387
G1 X85.040 Y87.868 E439.7499
G1 X84.475 Y87.869 E439.7686
G1 X83.910 Y87.870 E439.7872
G1 X83.344 Y87.870 E439.8058
G1 X82.779 Y87.871 E439.8243
G1 X82.214 Y87.871 E439.8428
G1 X81.648 Y87.871 E439.8613
G1 X81.083 Y87.872 E439.8796
G1 X80.518 Y87.872 E439.8979
G1 X80.041 Y87.678 E439.9151
G1 F3000 E434.9151
G1 F900 Z4.100
G0 F4200 X102.034 Y83.269
;TYPE:WALL-INNER
;WIDTH:0.400
G1 F900 Z3.800
G1 F1500 E439.9151
G1 F2700 X90.092 Y83.269 E440.3123
G1 X89.912 Y83.236 E440.3184
G1 X89.781 Y83.149 E440.3236
G1 X89.733 Y83.091 E440.3261
G1 X89.696 Y83.021 E440.3287
G1 X89.669 Y82.895 E440.3330
G1 X89.707 Y82.697 E440.3397
G1 X89.733 Y82.647 E440.3416
G1 X89.841 Y82.539 E440.3467
G1 X89.985 Y82.479 E440.3519
G1 X95.513 Y82.469 E440.5357
G1 X95.513 Y65.848 E441.0885
G1 X95.996 Y64.775 E441.1277
G1 X96.124 Y64.775 E441.1319
G1 X96.612 Y65.849 E441.1712
G1 X96.612 Y82.469 E441.7239
G1 X102.140 Y82.479 E441.9078
G1 X102.283 Y82.539 E441.9130
G1 X102.409 Y82.686 E441.9194
G1 X102.460 Y82.869 E441.9257
G1 X102.430 Y83.014 E441.9307
G0 F2700 X102.429 Y83.021
G0 F2700 X102.344 Y83.149
G0 F2700 X102.283 Y83.198
G0 F2700 X102.140 Y83.259
G0 F2700 X102.034 Y83.269
G1 F3000 E436.9307
G0 F4200 X102.053 Y83.669
;TYPE:WALL-OUTER
;WIDTH:0.400
G1 F900 Z3.800
G1 F1500 E441.9307
G1 F2700 X90.073 Y83.669 E442.3291
G1 X89.906 Y83.653 E442.3347
G1 X89.757 Y83.607 E442.3399
G1 X89.619 Y83.533 E442.3451
G1 X89.497 Y83.434 E442.3503
G1 X89.398 Y83.313 E442.3555
G1 X89.325 Y83.174 E442.3607
G1 X89.279 Y83.025 E442.3659
G1 X89.265 Y82.875 E442.3709
G1 X89.325 Y82.563 E442.3815
G1 X89.398 Y82.425 E442.3867
G1 X89.497 Y82.304 E442.3919
G1 X89.618 Y82.204 E442.3971
G1 X89.757 Y82.131 E442.4023
G1 X89.906 Y82.085 E442.4075
G1 X90.073 Y82.069 E442.4131
G1 X95.113 Y82.069 E442.5807
G1 X95.113 Y65.762 E443.1231
G1 X95.706 Y64.446 E443.1711
G1 X95.800 Y64.306 E443.1767
G1 X95.980 Y64.205 E443.1836
G1 X96.135 Y64.205 E443.1887
G1 X96.278 Y64.264 E443.1939
G1 X96.391 Y64.395 E443.1996
G1 X97.012 Y65.762 E443.2496
G1 X97.012 Y82.069 E443.7919
G1 X102.053 Y82.069 E443.9596
G1 X102.219 Y82.085 E443.9652
G1 X102.368 Y82.131 E443.9703
G1 X102.506 Y82.204 E443.9755
G1 X102.623 Y82.300 E443.9806
G1 X102.765 Y82.496 E443.9886
G1 X102.846 Y82.714 E443.9964
G1 X102.862 Y82.869 E444.0015
G1 X102.846 Y83.024 E444.0067
G1 X102.800 Y83.174 E444.0119
G1 X102.727 Y83.313 E444.0172
G1 X102.628 Y83.434 E444.0224
G1 X102.523 Y83.519 E444.0269
G0 F2700 X102.506 Y83.533
G0 F2700 X102.368 Y83.607
G0 F2700 X102.219 Y83.653
G0 F2700 X102.053 Y83.669
G1 F3000 E439.0269
G0 F4200 X102.019 Y83.068
;TYPE:SOLID-FILL
;WIDTH:0.400
G1 F900 Z3.800
G1 F1500 E444.0269
G1 F3000 X101.540 Y82.873 E444.0452
G1 X100.974 Y82.872 E444.0636
G1 X100.409 Y82.872 E444.0819
G1 X99.842 Y82.871 E444.1003
G1 X99.276 Y82.871 E444.1188
G1 X98.710 Y82.870 E444.1374
G1 X98.144 Y82.870 E444.1560
G1 X97.577 Y82.870 E444.1746
G1 X96.927 Y82.785 E444.1933
G1 X96.928 Y83.068 E444.2027
G1 F3000 E439.2027
G1 F900 Z4.100
G0 F4200 X95.759 Y82.749
;TYPE:SOLID-FILL
;WIDTH:0.400
G1 F900 Z3.800
G1 F1500 E444.2027
G1 F2700 X95.999 Y82.988 E444.2140
G1 X96.565 Y82.988 E444.2328
G1 X95.792 Y82.216 E444.2691
G1 X95.792 Y81.650 E444.2879
G1 X96.331 Y82.189 E444.3133
G1 X96.331 Y81.623 E444.3321
G1 X95.792 Y81.084 E444.3575
G1 X95.792 Y80.518 E444.3763
G1 X96.331 Y81.057 E444.4017
G1 X96.331 Y80.492 E444.4204
G1 X95.792 Y79.953 E444.4458
G1 X95.792 Y79.387 E444.4646
G1 X96.331 Y79.926 E444.4900
G1 X96.331 Y79.360 E444.5088
G1 X95.792 Y78.821 E444.5342
G1 X95.792 Y78.256 E444.5529
G1 X96.331 Y78.795 E444.5783
G1 X96.331 Y78.229 E444.5971
G1 X95.792 Y77.690 E444.6225
G1 X95.792 Y77.124 E444.6413
G1 X96.331 Y77.663 E444.6667
G1 X96.331 Y77.097 E444.6855
G1 X95.792 Y76.559 E444.7108
G1 X95.792 Y75.993 E444.7296
G1 X96.331 Y76.532 E444.7550
G1 X96.331 Y75.966 E444.7738
G1 X95.792 Y75.427 E444.7992
G1 X95.792 Y74.862 E444.8180
G1 X96.331 Y75.400 E444.8433
G1 X96.331 Y74.835 E444.8621
G1 X95.792 Y74.296 E444.8874
G1 X95.792 Y73.730 E444.9063
G1 X96.331 Y74.269 E444.9316
G1 X96.331 Y73.703 E444.9504
G1 X95.792 Y73.165 E444.9758
G1 X95.792 Y72.599 E444.9946
G1 X96.331 Y73.138 E445.0199
G1 X96.331 Y72.572 E445.0388
G1 X95.792 Y72.033 E445.0641
G1 X95.792 Y71.467 E445.0829
G1 X96.331 Y72.006 E445.1083
G1 X96.331 Y71.441 E445.1271
G1 X95.792 Y70.902 E445.1524
G1 X95.792 Y70.336 E445.1713
G1 X96.331 Y70.875 E445.1966
G1 X96.331 Y70.309 E445.2154
G1 X95.792 Y69.770 E445.2408
G1 X95.792 Y69.205 E445.2596
G1 X96.331 Y69.744 E445.2849
G1 X96.331 Y69.178 E445.3038
G1 X95.792 Y68.639 E445.3291
G1 X95.792 Y68.073 E445.3479
G1 X96.331 Y68.612 E445.3733
G1 X96.331 Y68.047 E445.3921
G1 X95.792 Y67.508 E445.4174
G1 X95.792 Y66.942 E445.4363
G1 X96.331 Y67.481 E445.4616
G1 X96.331 Y66.915 E445.4804
G1 X95.792 Y66.376 E445.5058
G1 X95.792 Y65.907 E445.5214
G1 X95.822 Y65.840 E445.5238
G1 X96.331 Y66.349 E445.5478
G1 X96.331 Y65.908 E445.5625
G1 X96.319 Y65.883 E445.5634
G0 F2700 X96.227 Y65.680
G0 F2700 X96.031 Y65.484
G1 F3000 E440.5634
G1 F900 Z4.100
G0 F4200 X95.276 Y82.549
;TYPE:SOLID-FILL
;WIDTH:0.400
G1 F900 Z3.800
G1 F1500 E445.5634
G1 F3000 X95.484 Y83.038 E445.5794
G1 X95.243 Y83.080 E445.5875
G1 F3000 E440.5875
G1 F900 Z4.100
G0 F4200 X96.807 Y82.948
G1 F900 Z3.800
G1 F1500 E445.5875
G1 F3000 X96.880 Y83.021 E445.5909
G1 F3000 E440.5909
G1 F900 Z4.100
G0 F4200 X95.231 Y83.068
G1 F900 Z3.800
G1 F1500 E445.5909
G1 F3000 X94.749 Y82.869 E445.6096
G1 X94.183 Y82.870 E445.6282
G1 X93.618 Y82.870 E445.6468
G1 X93.053 Y82.871 E445.6653
G1 X92.488 Y82.871 E445.6838
G1 X91.922 Y82.871 E445.7023
G1 X91.357 Y82.872 E445.7207
G1 X90.792 Y82.872 E445.7390
G1 X90.227 Y82.873 E445.7574
G1 X89.886 Y82.815 E445.7689
G1 F3000 E440.7689
G1 F900 Z4.100
G0 F4200 X107.952 Y90.382
;TYPE:WALL-INNER
;WIDTH:0.400
G1 F900 Z3.800
G1 F1500 E445.7689
G1 F2700 X107.781 Y90.287 E445.7754
G1 X107.696 Y90.158 E445.7805
G1 X107.663 Y89.977 E445.7866
G1 X107.663 Y75.760 E446.2595
G1 X107.696 Y75.579 E446.2656
G1 X107.781 Y75.451 E446.2707
G1 X107.912 Y75.364 E446.2759
G1 X107.985 Y75.341 E446.2785
G1 X108.140 Y75.341 E446.2836
G1 X108.283 Y75.402 E446.2888
G1 X108.392 Y75.509 E446.2939
G1 X108.452 Y75.656 E446.2992
G1 X108.463 Y75.762 E446.3027
G1 X108.463 Y82.319 E446.5208
G1 X110.082 Y82.319 E446.5747
G1 X111.145 Y82.805 E446.6135
G1 X111.145 Y82.933 E446.6178
G1 X110.082 Y83.419 E446.6567
G1 X108.463 Y83.419 E446.7105
G1 X108.463 Y89.946 E446.9276
G1 X108.415 Y90.185 E446.9357
G1 X108.389 Y90.223 E446.9372
G0 F2700 X108.344 Y90.287
G0 F2700 X108.214 Y90.373
G0 F2700 X108.076 Y90.402
G0 F2700 X107.952 Y90.382
G1 F3000 E441.9372
G0 F4200 X107.835 Y90.768
;TYPE:WALL-OUTER
;WIDTH:0.400
G1 F900 Z3.800
G1 F1500 E446.9372
G1 F2700 X107.614 Y90.667 E446.9453
G1 X107.497 Y90.571 E446.9504
G1 X107.398 Y90.450 E446.9556
G1 X107.325 Y90.312 E446.9607
G1 X107.279 Y90.162 E446.9660
G1 X107.263 Y89.996 E446.9715
G1 X107.263 Y75.741 E447.4456
G1 X107.279 Y75.575 E447.4512
G1 X107.325 Y75.426 E447.4564
G1 X107.398 Y75.287 E447.4616
G1 X107.497 Y75.166 E447.4668
G1 X107.619 Y75.067 E447.4720
G1 X107.757 Y74.993 E447.4772
G1 X107.906 Y74.947 E447.4824
G1 X108.063 Y74.932 E447.4877
G1 X108.219 Y74.947 E447.4929
G1 X108.368 Y74.993 E447.4981
G1 X108.506 Y75.067 E447.5033
G1 X108.628 Y75.166 E447.5085
G1 X108.727 Y75.287 E447.5137
G1 X108.800 Y75.426 E447.5189
G1 X108.846 Y75.576 E447.5241
G1 X108.863 Y75.741 E447.5296
G1 X108.863 Y81.919 E447.7351
G1 X110.169 Y81.919 E447.7786
G1 X111.566 Y82.558 E447.8297
G1 X111.704 Y82.717 E447.8367
G1 X111.734 Y82.869 E447.8418
G1 X111.679 Y83.068 E447.8487
G1 X111.566 Y83.180 E447.8540
G1 X110.169 Y83.819 E447.9051
G1 X108.863 Y83.819 E447.9485
G1 X108.863 Y89.986 E448.1536
G1 X108.796 Y90.321 E448.1650
G1 X108.727 Y90.450 E448.1698
G1 X108.628 Y90.571 E448.1750
G1 X108.506 Y90.671 E448.1803
G1 X108.368 Y90.744 E448.1855
G1 X108.328 Y90.757 E448.1869
G0 F2700 X108.219 Y90.790
G0 F2700 X108.063 Y90.805
G0 F2700 X107.835 Y90.768
G1 F3000 E443.1869
G0 F4200 X107.997 Y90.178
;TYPE:SOLID-FILL
;WIDTH:0.400
G1 F900 Z3.800
G1 F1500 E448.1869
G1 F3000 X108.071 Y89.969 E448.1923
G1 X108.062 Y89.394 E448.2111
G1 X108.062 Y88.828 E448.2299
G1 X108.062 Y88.262 E448.2487
G1 X108.062 Y87.697 E448.2675
G1 X108.062 Y87.131 E448.2863
G1 X108.062 Y86.565 E448.3051
G1 X108.062 Y86.000 E448.3239
G1 X108.062 Y85.434 E448.3427
G1 X108.062 Y84.868 E448.3615
G1 X108.062 Y84.303 E448.3803
G1 X108.062 Y83.737 E448.3991
G1 X108.126 Y83.236 E448.4179
G1 X107.862 Y82.689 E448.4381
G0 F4200 X107.862 Y82.123
G1 F3000 X108.462 Y82.723 E448.4663
G1 F3000 E443.4663
G1 F900 Z4.100
G0 F4200 X108.262 Y81.957
G1 F900 Z3.800
G1 F1500 E448.4663
G1 F3000 X108.062 Y81.474 E448.4851
G1 X108.062 Y80.909 E448.5039
G1 X108.062 Y80.343 E448.5226
G1 X108.062 Y79.777 E448.5414
G1 X108.062 Y79.211 E448.5602
G1 X108.062 Y78.646 E448.5790
G1 X108.062 Y78.080 E448.5978
G1 X108.062 Y77.514 E448.6166
G1 X108.062 Y76.949 E448.6354
G1 X108.062 Y76.383 E448.6542
G1 X107.964 Y75.720 E448.6730
G1 X108.258 Y75.731 E448.6828
G1 F3000 E443.6828
G1 F900 Z4.100
G0 F4200 X109.752 Y82.599
;TYPE:SOLID-FILL
;WIDTH:0.400
G1 F900 Z3.800
G1 F1500 E448.6828
G1 F2700 X110.206 Y83.053 E448.7041
G1 X110.019 Y83.139 E448.7110
G1 X109.726 Y83.138 E448.7207
G1 X109.186 Y82.599 E448.7461
G1 X108.620 Y82.599 E448.7649
G1 X109.160 Y83.138 E448.7903
G1 X109.094 Y83.138 E448.7925
G0 F2700 X108.594 Y83.138
G0 F4200 X108.511 Y83.338
;TYPE:SOLID-FILL
;WIDTH:0.400
G1 F3000 X108.342 Y83.169 E448.8004
G1 F3000 E443.8004
G1 F900 Z4.100
G0 F4200 X109.834 Y82.399
G1 F900 Z3.800
G1 F1500 E448.8004
G1 F3000 X109.892 Y82.457 E448.8032
G1 F3000 E443.8032
G1 F900 Z4.100
G0 F4200 X115.952 Y90.382
;TYPE:WALL-INNER
;WIDTH:0.400
G1 F900 Z3.800
G1 F1500 E448.8032
G1 F2700 X115.781 Y90.287 E448.8097
G1 X115.696 Y90.158 E448.8148
G1 X115.663 Y89.977 E448.8209
G1 X115.663 Y75.760 E449.2938
G1 X115.696 Y75.579 E449.2999
G1 X115.781 Y75.451 E449.3050
G1 X115.912 Y75.364 E449.3103
G1 X115.985 Y75.341 E449.3128
G1 X116.140 Y75.341 E449.3180
G1 X116.283 Y75.402 E449.3231
G1 X116.392 Y75.509 E449.3282
G1 X116.452 Y75.656 E449.3335
G1 X116.463 Y75.762 E449.3370
G1 X116.463 Y82.319 E449.5551
G1 X118.082 Y82.319 E449.6090
G1 X119.145 Y82.805 E449.6478
G1 X119.145 Y82.933 E449.6521
G1 X118.082 Y83.419 E449.6910
G1 X116.463 Y83.419 E449.7448
G1 X116.463 Y89.946 E449.9619
G1 X116.415 Y90.185 E449.9700
G1 X116.389 Y90.223 E449.9716
G0 F2700 X116.344 Y90.287
G0 F2700 X116.214 Y90.373
G0 F2700 X116.076 Y90.402
G0 F2700 X115.952 Y90.382
G1 F3000 E444.9716
G0 F4200 X115.835 Y90.768
;TYPE:WALL-OUTER
;WIDTH:0.400
G1 F900 Z3.800
G1 F1500 E449.9716
G1 F2700 X115.614 Y90.667 E449.9796
G1 X115.497 Y90.571 E449.9847
G1 X115.398 Y90.450 E449.9899
G1 X115.325 Y90.312 E449.9951
G1 X115.279 Y90.162 E450.0003
G1 X115.263 Y89.996 E450.0058
G1 X115.263 Y75.741 E450.4800
G1 X115.279 Y75.575 E450.4855
G1 X115.325 Y75.426 E450.4907
G1 X115.398 Y75.287 E450.4959
G1 X115.497 Y75.166 E450.5011
G1 X115.619 Y75.067 E450.5063
G1 X115.757 Y74.993 E450.5115
G1 X115.906 Y74.947 E450.5167
G1 X116.063 Y74.932 E450.5220
G1 X116.219 Y74.947 E450.5272
G1 X116.368 Y74.993 E450.5324
G1 X116.506 Y75.067 E450.5376
G1 X116.628 Y75.166 E450.5428
G1 X116.727 Y75.287 E450.5480
G1 X116.800 Y75.426 E450.5532
G1 X116.846 Y75.576 E450.5584
G1 X116.863 Y75.741 E450.5640
G1 X116.863 Y81.919 E450.7694
G1 X118.169 Y81.919 E450.8129
G1 X119.566 Y82.558 E450.8640
G1 X119.704 Y82.717 E450.8710
G1 X119.734 Y82.869 E450.8761
G1 X119.679 Y83.068 E450.8830
G1 X119.566 Y83.180 E450.8883
G1 X118.169 Y83.819 E450.9394
G1 X116.863 Y83.819 E450.9828
G1 X116.863 Y89.986 E451.1879
G1 X116.796 Y90.321 E451.1993
G1 X116.727 Y90.450 E451.2042
G1 X116.628 Y90.571 E451.2094
G1 X116.506 Y90.671 E451.2146
G1 X116.368 Y90.744 E451.2198
G1 X116.328 Y90.757 E451.2212
G0 F2700 X116.219 Y90.790
G0 F2700 X116.063 Y90.805
G0 F2700 X115.835 Y90.768
G1 F3000 E446.2212
G0 F4200 X116.257 Y89.953
;TYPE:SOLID-FILL
;WIDTH:0.400
G1 F900 Z3.800
G1 F1500 E451.2212
G1 F3000 X116.062 Y89.474 E451.2398
G1 X116.062 Y88.909 E451.2586
G1 X116.062 Y88.343 E451.2774
G1 X116.062 Y87.777 E451.2962
G1 X116.062 Y87.212 E451.3150
G1 X116.062 Y86.646 E451.3337
G1 X116.062 Y86.080 E451.3526
G1 X116.062 Y85.515 E451.3714
G1 X116.062 Y84.949 E451.3901
G1 X116.062 Y84.383 E451.4089
G1 X116.062 Y83.818 E451.4277
G1 X116.086 Y83.276 E451.4465
G1 X115.862 Y82.769 E451.4649
G0 F4200 X115.862 Y82.203
G1 F3000 X116.462 Y82.804 E451.4932
G1 F3000 E446.4932
G1 F900 Z4.100
G0 F4200 X116.262 Y82.038
G1 F900 Z3.800
G1 F1500 E451.4932
G1 F3000 X116.062 Y81.555 E451.5119
G1 X116.062 Y80.989 E451.5307
G1 X116.062 Y80.423 E451.5495
G1 X116.062 Y79.858 E451.5683
G1 X116.062 Y79.292 E451.5871
G1 X116.062 Y78.726 E451.6059
G1 X116.062 Y78.161 E451.6247
G1 X116.062 Y77.595 E451.6435
G1 X116.062 Y77.029 E451.6623
G1 X116.062 Y76.464 E451.6811
G1 X116.062 Y75.898 E451.6999
G1 X115.995 Y75.549 E451.7117
G1 F3000 E446.7117
G1 F900 Z4.100
G0 F4200 X117.671 Y82.599
;TYPE:SOLID-FILL
;WIDTH:0.400
G1 F900 Z3.800
G1 F1500 E451.7117
G1 F2700 X118.150 Y83.077 E451.7342
G1 X118.018 Y83.138 E451.7391
G1 X117.645 Y83.138 E451.7515
G1 X117.106 Y82.599 E451.7768
G1 X116.542 Y82.598 E451.7956
G1 X116.542 Y82.601 E451.7957
G1 X116.726 Y82.785 E451.8043
G0 F2700 X117.079 Y83.138
G1 F3000 E446.8043
G1 F900 Z4.100
G0 F4200 X118.019 Y82.599
G1 F900 Z3.800
G1 F1500 E451.8043
G1 F2700 X118.419 Y82.780 E451.8189
G1 F3000 E446.8189
G1 F900 Z4.100
G0 F4200 X116.997 Y83.338
;TYPE:SOLID-FILL
;WIDTH:0.400
G1 F900 Z3.800
G1 F1500 E451.8189
G1 F3000 X116.684 Y83.308 E451.8217
G1 X116.341 Y83.249 E451.8333
G1 F3000 E446.8333
G1 F900 Z4.100
G0 F4200 X123.781 Y90.287
;TYPE:WALL-INNER
;WIDTH:0.400
G1 F900 Z3.800
G1 F1500 E451.8333
G1 F2700 X123.696 Y90.158 E451.8385
G1 X123.663 Y89.977 E451.8446
G1 X123.663 Y75.760 E452.3174
G1 X123.696 Y75.579 E452.3236
G1 X123.781 Y75.451 E452.3287
G1 X123.912 Y75.364 E452.3339
G1 X123.985 Y75.341 E452.3364
G1 X124.140 Y75.341 E452.3416
G1 X124.283 Y75.402 E452.3468
G1 X124.392 Y75.509 E452.3518
G1 X124.452 Y75.656 E452.3571
G1 X124.463 Y75.762 E452.3607
G1 X124.463 Y82.319 E452.5788
G1 X126.082 Y82.319 E452.6326
G1 X127.145 Y82.805 E452.6715
G1 X127.145 Y82.933 E452.6757
G1 X126.082 Y83.419 E452.7146
G1 X124.463 Y83.419 E452.7685
G1 X124.463 Y89.946 E452.9855
G1 X124.415 Y90.185 E452.9937
G1 X124.344 Y90.287 E452.9978
G1 X124.246 Y90.352 E453.0017
G0 F2700 X124.214 Y90.373
G0 F2700 X124.076 Y90.402
G0 F2700 X123.952 Y90.382
G0 F2700 X123.781 Y90.287
G1 F3000 E448.0017
G0 F4200 X123.497 Y90.571
;TYPE:WALL-OUTER
;WIDTH:0.400
G1 F900 Z3.800
G1 F1500 E453.0017
G1 F2700 X123.398 Y90.450 E453.0069
G1 X123.325 Y90.312 E453.0121
G1 X123.279 Y90.162 E453.0173
G1 X123.263 Y89.996 E453.0229
G1 X123.263 Y75.741 E453.4970
G1 X123.279 Y75.575 E453.5025
G1 X123.325 Y75.426 E453.5077
G1 X123.398 Y75.287 E453.5129
G1 X123.497 Y75.166 E453.5181
G1 X123.619 Y75.067 E453.5234
G1 X123.757 Y74.993 E453.5286
G1 X123.906 Y74.947 E453.5338
G1 X124.063 Y74.932 E453.5390
G1 X124.219 Y74.947 E453.5442
G1 X124.368 Y74.993 E453.5494
G1 X124.506 Y75.067 E453.5546
G1 X124.628 Y75.166 E453.5598
G1 X124.727 Y75.287 E453.5650
G1 X124.800 Y75.426 E453.5703
G1 X124.846 Y75.576 E453.5755
G1 X124.863 Y75.741 E453.5810
G1 X124.863 Y81.919 E453.7865
G1 X126.169 Y81.919 E453.8299
G1 X127.566 Y82.558 E453.8810
G1 X127.704 Y82.717 E453.8880
G1 X127.734 Y82.869 E453.8932
G1 X127.679 Y83.068 E453.9000
G1 X127.566 Y83.180 E453.9053
G1 X126.169 Y83.819 E453.9564
G1 X124.863 Y83.819 E453.9999
G1 X124.863 Y89.986 E454.2050
G1 X124.796 Y90.321 E454.2163
G1 X124.727 Y90.450 E454.2212
G1 X124.628 Y90.571 E454.2264
G1 X124.506 Y90.671 E454.2316
G1 X124.368 Y90.744 E454.2368
G1 X124.219 Y90.790 E454.2420
G1 X124.063 Y90.805 E454.2472
G1 X123.941 Y90.785 E454.2513
G0 F2700 X123.835 Y90.768
G0 F2700 X123.614 Y90.667
G0 F2700 X123.497 Y90.571
G1 F3000 E449.2513
G0 F4200 X124.243 Y90.019
;TYPE:SOLID-FILL
;WIDTH:0.400
G1 F900 Z3.800
G1 F1500 E454.2513
G1 F3000 X124.061 Y89.555 E454.2693
G1 X124.061 Y88.989 E454.2881
G1 X124.061 Y88.423 E454.3069
G1 X124.061 Y87.857 E454.3258
G1 X124.061 Y87.292 E454.3446
G1 X124.061 Y86.726 E454.3634
G1 X124.061 Y86.160 E454.3822
G1 X124.061 Y85.595 E454.4010
G1 X124.061 Y85.029 E454.4198
G1 X124.061 Y84.463 E454.4387
G1 X124.061 Y83.898 E454.4575
G1 X124.061 Y83.332 E454.4763
G1 X123.861 Y82.849 E454.4937
G0 F4200 X123.861 Y82.283
G1 F3000 X124.462 Y82.884 E454.5220
G1 F3000 E449.5220
G1 F900 Z4.100
G0 F4200 X124.261 Y82.118
G1 F900 Z3.800
G1 F1500 E454.5220
G1 F3000 X124.061 Y81.635 E454.5408
G1 X124.061 Y81.069 E454.5595
G1 X124.061 Y80.503 E454.5784
G1 X124.061 Y79.938 E454.5971
G1 X124.061 Y79.372 E454.6159
G1 X124.061 Y78.806 E454.6348
G1 X124.061 Y78.241 E454.6535
G1 X124.061 Y77.675 E454.6723
G1 X124.061 Y77.109 E454.6911
G1 X124.061 Y76.544 E454.7099
G1 X124.061 Y75.978 E454.7287
G1 X123.948 Y75.581 E454.7424
G1 F3000 E449.7424
G1 F900 Z4.100
G0 F4200 X125.591 Y82.599
;TYPE:SOLID-FILL
;WIDTH:0.400
G1 F900 Z3.800
G1 F1500 E454.7424
G1 F2700 X126.095 Y83.103 E454.7661
G1 X126.019 Y83.138 E454.7689
G1 X125.565 Y83.138 E454.7840
G1 X125.025 Y82.599 E454.8094
G1 X124.542 Y82.599 E454.8254
G1 X124.542 Y82.681 E454.8282
G1 X124.646 Y82.785 E454.8330
G0 F2700 X124.999 Y83.138
G1 F3000 E449.8330
G1 F900 Z4.100
G0 F4200 X126.019 Y82.598
G1 F900 Z3.800
G1 F1500 E454.8330
G1 F2700 X126.036 Y82.606 E454.8337
G0 F2700 X126.273 Y82.715
G0 F2700 X126.442 Y82.884
G0 F4200 X125.732 Y82.457
;TYPE:SOLID-FILL
;WIDTH:0.400
G1 F3000 X125.674 Y82.399 E454.8364
G1 F3000 E449.8364
G1 F900 Z4.100
G0 F4200 X124.857 Y83.279
G1 F900 Z3.800
G1 F1500 E454.8364
G1 F3000 X124.916 Y83.338 E454.8392
G1 F3000 E449.8392
G1 F900 Z4.100
G0 F4200 X131.781 Y90.287
;TYPE:WALL-INNER
;WIDTH:0.400
G1 F900 Z3.800
G1 F1500 E454.8392
G1 F2700 X131.696 Y90.158 E454.8443
G1 X131.663 Y89.977 E454.8504
G1 X131.663 Y75.760 E455.3233
G1 X131.696 Y75.579 E455.3294
G1 X131.781 Y75.451 E455.3345
G1 X131.912 Y75.364 E455.3398
G1 X131.985 Y75.341 E455.3423
G1 X132.140 Y75.341 E455.3475
G1 X132.283 Y75.402 E455.3526
G1 X132.392 Y75.509 E455.3577
G1 X132.452 Y75.656 E455.3630
G1 X132.463 Y75.762 E455.3665
G1 X132.463 Y82.319 E455.5846
G1 X134.082 Y82.319 E455.6385
G1 X135.145 Y82.805 E455.6773
G1 X135.145 Y82.933 E455.6816
G1 X134.082 Y83.419 E455.7205
G1 X132.463 Y83.419 E455.7743
G1 X132.463 Y89.946 E455.9914
G1 X132.415 Y90.185 E455.9995
G1 X132.344 Y90.287 E456.0037
G1 X132.246 Y90.352 E456.0076
G0 F2700 X132.214 Y90.373
G0 F2700 X132.076 Y90.402
G0 F2700 X131.952 Y90.382
G0 F2700 X131.781 Y90.287
G1 F3000 E451.0076
G0 F4200 X131.497 Y90.571
;TYPE:WALL-OUTER
;WIDTH:0.400
G1 F900 Z3.800
G1 F1500 E456.0076
G1 F2700 X131.398 Y90.450 E456.0128
G1 X131.325 Y90.312 E456.0180
G1 X131.279 Y90.162 E456.0232
G1 X131.263 Y89.996 E456.0287
G1 X131.263 Y75.741 E456.5028
G1 X131.279 Y75.575 E456.5084
G1 X131.325 Y75.426 E456.5136
G1 X131.398 Y75.287 E456.5188
G1 X131.497 Y75.166 E456.5240
G1 X131.619 Y75.067 E456.5292
G1 X131.757 Y74.993 E456.5344
G1 X131.906 Y74.947 E456.5396
G1 X132.063 Y74.932 E456.5449
G1 X132.219 Y74.947 E456.5501
G1 X132.368 Y74.993 E456.5553
G1 X132.506 Y75.067 E456.5605
G1 X132.628 Y75.166 E456.5657
G1 X132.727 Y75.287 E456.5709
G1 X132.800 Y75.426 E456.5761
G1 X132.846 Y75.576 E456.5813
G1 X132.863 Y75.741 E456.5869
G1 X132.863 Y81.919 E456.7923
G1 X134.169 Y81.919 E456.8358
G1 X135.566 Y82.558 E456.8869
G1 X135.704 Y82.717 E456.8939
G1 X135.734 Y82.869 E456.8990
G1 X135.679 Y83.068 E456.9059
G1 X135.566 Y83.180 E456.9112
G1 X134.169 Y83.819 E456.9623
G1 X132.863 Y83.819 E457.0057
G1 X132.863 Y89.986 E457.2108
G1 X132.796 Y90.321 E457.2222
G1 X132.727 Y90.450 E457.2271
G1 X132.628 Y90.571 E457.2323
G1 X132.506 Y90.671 E457.2375
G1 X132.368 Y90.744 E457.2427
G1 X132.219 Y90.790 E457.2479
G1 X132.063 Y90.805 E457.2531
G1 X131.941 Y90.785 E457.2572
G0 F2700 X131.835 Y90.768
G0 F2700 X131.614 Y90.667
G0 F2700 X131.497 Y90.571
G1 F3000 E452.2572
G0 F4200 X132.230 Y90.086
;TYPE:SOLID-FILL
;WIDTH:0.400
G1 F900 Z3.800
G1 F1500 E457.2572
G1 F3000 X132.061 Y89.635 E457.2745
G1 X132.061 Y89.069 E457.2934
G1 X132.061 Y88.504 E457.3122
G1 X132.061 Y87.938 E457.3310
G1 X132.061 Y87.372 E457.3498
G1 X132.061 Y86.807 E457.3687
G1 X132.061 Y86.241 E457.3875
G1 X132.061 Y85.675 E457.4063
G1 X132.061 Y85.110 E457.4251
G1 X132.061 Y84.544 E457.4440
G1 X132.061 Y83.978 E457.4628
G1 X132.061 Y83.413 E457.4816
G1 X131.861 Y82.930 E457.4990
G0 F4200 X131.861 Y82.364
G1 F3000 X132.462 Y82.964 E457.5273
G1 F3000 E452.5273
G1 F900 Z4.100
G0 F4200 X132.262 Y82.199
G1 F900 Z3.800
G1 F1500 E457.5273
G1 F3000 X132.061 Y81.715 E457.5461
G1 X132.061 Y81.150 E457.5649
G1 X132.061 Y80.584 E457.5837
G1 X132.061 Y80.018 E457.6025
G1 X132.061 Y79.453 E457.6213
G1 X132.061 Y78.887 E457.6402
G1 X132.061 Y78.321 E457.6590
G1 X132.061 Y77.756 E457.6778
G1 X132.061 Y77.190 E457.6966
G1 X132.061 Y76.624 E457.7154
G1 X132.061 Y76.058 E457.7342
G1 X131.907 Y75.622 E457.7496
G1 F3000 E452.7496
G1 F900 Z4.100
G0 F4200 X133.510 Y82.599
;TYPE:SOLID-FILL
;WIDTH:0.400
G1 F900 Z3.800
G1 F1500 E457.7496
G1 F2700 X134.040 Y83.128 E457.7745
G1 X134.019 Y83.138 E457.7753
G1 X133.484 Y83.138 E457.7931
G1 X132.945 Y82.599 E457.8185
G1 X132.542 Y82.599 E457.8319
G1 X132.542 Y82.761 E457.8372
G1 X132.566 Y82.785 E457.8384
G0 F2700 X132.919 Y83.138
G1 F3000 E452.8384
G1 F900 Z4.100
G0 F4200 X134.019 Y82.598
G1 F900 Z3.800
G1 F1500 E457.8384
G1 F2700 X134.062 Y82.618 E457.8399
G0 F2700 X134.124 Y82.646
G0 F2700 X134.429 Y82.952
G0 F4200 X133.651 Y82.457
;TYPE:SOLID-FILL
;WIDTH:0.400
G1 F3000 X133.593 Y82.399 E457.8427
G1 F3000 E452.8427
G1 F900 Z4.100
G0 F4200 X132.776 Y83.279
G1 F900 Z3.800
G1 F1500 E457.8427
G1 F3000 X132.836 Y83.338 E457.8455
;LAYER:19
;Z:4.000
;HEIGHT:0.200
G1 F3000 E452.8455
G0 F900 Z4.000
G0 F4200 X131.781 Y90.287
;TYPE:WALL-INNER
;WIDTH:0.400
G1 F900 Z4.000
G1 F1500 E457.8455
G1 F2700 X131.696 Y90.158 E457.8506
G1 X131.663 Y89.977 E457.8567
G1 X131.663 Y75.760 E458.3296
G1 X131.696 Y75.579 E458.3357
G1 X131.781 Y75.451 E458.3408
G1 X131.912 Y75.364 E458.3461
G1 X131.985 Y75.341 E458.3486
G1 X132.140 Y75.341 E458.3538
G1 X132.283 Y75.402 E458.3589
G1 X132.392 Y75.509 E458.3640
G1 X132.452 Y75.656 E458.3693
G1 X132.463 Y75.762 E458.3728
G1 X132.463 Y82.319 E458.5909
G1 X134.082 Y82.319 E458.6448
G1 X135.145 Y82.805 E458.6836
G1 X135.145 Y82.933 E458.6879
G1 X134.082 Y83.419 E458.7268
G1 X132.463 Y83.419 E458.7806
G1 X132.463 Y89.946 E458.9977
G1 X132.415 Y90.185 E459.0058
G1 X132.344 Y90.287 E459.0100
G1 X132.246 Y90.352 E459.0139
G0 F2700 X132.214 Y90.373
G0 F2700 X132.076 Y90.402
G0 F2700 X131.948 Y90.381
G0 F2700 X131.781 Y90.287
G1 F3000 E454.0139
G0 F4200 X131.497 Y90.571
;TYPE:WALL-OUTER
;WIDTH:0.400
G1 F900 Z4.000
G1 F1500 E459.0139
G1 F2700 X131.398 Y90.450 E459.0191
G1 X131.325 Y90.312 E459.0243
G1 X131.279 Y90.162 E459.0295
G1 X131.263 Y89.996 E459.0350
G1 X131.263 Y75.741 E459.5091
G1 X131.279 Y75.575 E459.5147
G1 X131.325 Y75.426 E459.5199
G1 X131.398 Y75.287 E459.5251
G1 X131.497 Y75.166 E459.5303
G1 X131.619 Y75.067 E459.5355
G1 X131.757 Y74.993 E459.5407
G1 X131.906 Y74.947 E459.5459
G1 X132.063 Y74.932 E459.5512
G1 X132.219 Y74.947 E459.5564
G1 X132.368 Y74.993 E459.5616
G1 X132.506 Y75.067 E459.5668
G1 X132.628 Y75.166 E459.5720
G1 X132.727 Y75.287 E459.5772
G1 X132.800 Y75.426 E459.5824
G1 X132.846 Y75.576 E459.5876
G1 X132.863 Y75.741 E459.5932
G1 X132.863 Y81.919 E459.7986
G1 X134.169 Y81.919 E459.8421
G1 X135.566 Y82.558 E459.8932
G1 X135.704 Y82.717 E459.9002
G1 X135.734 Y82.869 E459.9053
G1 X135.679 Y83.068 E459.9122
G1 X135.566 Y83.180 E459.9175
G1 X134.169 Y83.819 E459.9686
G1 X132.863 Y83.819 E460.0120
G1 X132.863 Y89.986 E460.2171
G1 X132.796 Y90.321 E460.2285
G1 X132.727 Y90.450 E460.2334
G1 X132.628 Y90.571 E460.2386
G1 X132.506 Y90.671 E460.2438
G1 X132.368 Y90.744 E460.2490
G1 X132.219 Y90.790 E460.2542
G1 X132.063 Y90.805 E460.2594
G1 X131.939 Y90.784 E460.2636
G0 F2700 X131.830 Y90.767
G0 F2700 X131.614 Y90.667
G0 F2700 X131.497 Y90.571
G1 F3000 E455.2636
G0 F4200 X131.910 Y90.120
;TYPE:SOLID-FILL
;WIDTH:0.400
G1 F900 Z4.000
G1 F1500 E460.2636
G1 F3000 X132.062 Y89.686 E460.2801
G1 X132.062 Y89.120 E460.2989
G1 X132.062 Y88.554 E460.3177
G1 X132.062 Y87.989 E460.3364
G1 X132.062 Y87.423 E460.3552
G1 X132.062 Y86.857 E460.3740
G1 X132.062 Y86.292 E460.3927
G1 X132.062 Y85.726 E460.4115
G1 X132.062 Y85.160 E460.4303
G1 X132.062 Y84.594 E460.4490
G1 X132.062 Y84.029 E460.4678
G1 X132.262 Y83.546 E460.4852
G0 F4200 X131.862 Y83.380
G1 F3000 X132.462 Y82.780 E460.5134
G0 F4200 X132.262 Y82.415
G1 F3000 X131.862 Y82.531 E460.5322
G1 X132.062 Y81.766 E460.5510
G1 X132.062 Y81.200 E460.5697
G1 X132.062 Y80.635 E460.5884
G1 X132.062 Y80.069 E460.6072
G1 X132.062 Y79.503 E460.6260
G1 X132.062 Y78.938 E460.6447
G1 X132.062 Y78.372 E460.6635
G1 X132.062 Y77.806 E460.6823
G1 X132.062 Y77.241 E460.7010
G1 X132.062 Y76.675 E460.7198
G1 X132.062 Y76.109 E460.7386
G1 X132.234 Y75.654 E460.7548
G1 F3000 E455.7548
G1 F900 Z4.300
G0 F4200 X132.927 Y82.598
;TYPE:SOLID-FILL
;WIDTH:0.400
G1 F900 Z4.000
G1 F1500 E460.7548
G1 F2700 X132.542 Y82.983 E460.7729
G1 X132.542 Y83.139 E460.7781
G1 X132.952 Y83.139 E460.7917
G1 X133.140 Y82.951 E460.8005
G0 F2700 X133.493 Y82.598
G0 F4200 X134.019 Y82.598
G1 F2700 X134.046 Y82.610 E460.8015
G1 X133.518 Y83.139 E460.8264
G1 X134.019 Y83.138 E460.8431
G1 X134.065 Y83.117 E460.8447
G0 F2700 X134.138 Y83.085
G0 F2700 X134.435 Y82.788
G1 F3000 E455.8447
G1 F900 Z4.300
G0 F4200 X133.975 Y82.399
;TYPE:SOLID-FILL
;WIDTH:0.400
G1 F900 Z4.000
G1 F1500 E460.8447
G1 F3000 X133.656 Y82.434 E460.8480
G1 X133.097 Y82.428 E460.8507
G1 X132.785 Y82.457 E460.8611
G1 F3000 E455.8611
G1 F900 Z4.300
G0 F4200 X123.781 Y90.287
;TYPE:WALL-INNER
;WIDTH:0.400
G1 F900 Z4.000
G1 F1500 E460.8611
G1 F2700 X123.696 Y90.158 E460.8663
G1 X123.663 Y89.977 E460.8724
G1 X123.663 Y75.760 E461.3452
G1 X123.696 Y75.579 E461.3514
G1 X123.781 Y75.451 E461.3565
G1 X123.912 Y75.364 E461.3617
G1 X123.985 Y75.341 E461.3643
G1 X124.140 Y75.341 E461.3694
G1 X124.283 Y75.402 E461.3746
G1 X124.392 Y75.509 E461.3797
G1 X124.452 Y75.656 E461.3849
G1 X124.463 Y75.762 E461.3885
G1 X124.463 Y82.319 E461.6066
G1 X126.082 Y82.319 E461.6604
G1 X127.145 Y82.805 E461.6993
G1 X127.145 Y82.933 E461.7036
G1 X126.082 Y83.419 E461.7424
G1 X124.463 Y83.419 E461.7963
G1 X124.463 Y89.946 E462.0134
G1 X124.415 Y90.185 E462.0215
G1 X124.344 Y90.287 E462.0256
G1 X124.246 Y90.352 E462.0295
G0 F2700 X124.214 Y90.373
G0 F2700 X124.076 Y90.402
G0 F2700 X123.948 Y90.381
G0 F2700 X123.781 Y90.287
G1 F3000 E457.0295
G0 F4200 X123.497 Y90.571
;TYPE:WALL-OUTER
;WIDTH:0.400
G1 F900 Z4.000
G1 F1500 E462.0295
G1 F2700 X123.398 Y90.450 E462.0347
G1 X123.325 Y90.312 E462.0399
G1 X123.279 Y90.162 E462.0451
G1 X123.263 Y89.996 E462.0507
G1 X123.263 Y75.741 E462.5248
G1 X123.279 Y75.575 E462.5303
G1 X123.325 Y75.426 E462.5355
G1 X123.398 Y75.287 E462.5408
G1 X123.497 Y75.166 E462.5460
G1 X123.619 Y75.067 E462.5512
G1 X123.757 Y74.993 E462.5564
G1 X123.906 Y74.947 E462.5616
G1 X124.063 Y74.932 E462.5668
G1 X124.219 Y74.947 E462.5720
G1 X124.368 Y74.993 E462.5772
G1 X124.506 Y75.067 E462.5824
G1 X124.628 Y75.166 E462.5877
G1 X124.727 Y75.287 E462.5929
G1 X124.800 Y75.426 E462.5981
G1 X124.846 Y75.576 E462.6033
G1 X124.863 Y75.741 E462.6088
G1 X124.863 Y81.919 E462.8143
G1 X126.169 Y81.919 E462.8577
G1 X127.566 Y82.558 E462.9088
G1 X127.704 Y82.717 E462.9158
G1 X127.734 Y82.869 E462.9210
G1 X127.679 Y83.068 E462.9278
G1 X127.566 Y83.180 E462.9331
G1 X126.169 Y83.819 E462.9842
G1 X124.863 Y83.819 E463.0277
G1 X124.863 Y89.986 E463.2328
G1 X124.796 Y90.321 E463.2441
G1 X124.727 Y90.450 E463.2490
G1 X124.628 Y90.571 E463.2542
G1 X124.506 Y90.671 E463.2595
G1 X124.368 Y90.744 E463.2647
G1 X124.219 Y90.790 E463.2698
G1 X124.063 Y90.805 E463.2751
G1 X123.939 Y90.784 E463.2792
G0 F2700 X123.830 Y90.767
G0 F2700 X123.614 Y90.667
G0 F2700 X123.497 Y90.571
G1 F3000 E458.2792
G0 F4200 X123.955 Y90.156
;TYPE:SOLID-FILL
;WIDTH:0.400
G1 F900 Z4.000
G1 F1500 E463.2792
G1 F3000 X124.061 Y89.766 E463.2936
G1 X124.061 Y89.201 E463.3124
G1 X124.061 Y88.635 E463.3311
G1 X124.061 Y88.069 E463.3498
G1 X124.061 Y87.504 E463.3686
G1 X124.061 Y86.938 E463.3873
G1 X124.061 Y86.372 E463.4060
G1 X124.061 Y85.806 E463.4248
G1 X124.061 Y85.241 E463.4435
G1 X124.061 Y84.675 E463.4622
G1 X124.061 Y84.109 E463.4810
G1 X124.261 Y83.627 E463.4983
G0 F4200 X123.862 Y83.461
G1 F3000 X124.462 Y82.861 E463.5266
G0 F4200 X124.261 Y82.496
G1 F3000 X123.862 Y82.612 E463.5453
G1 X124.061 Y81.847 E463.5640
G1 X124.061 Y81.281 E463.5828
G1 X124.061 Y80.715 E463.6015
G1 X124.061 Y80.150 E463.6203
G1 X124.061 Y79.584 E463.6390
G1 X124.061 Y79.018 E463.6577
G1 X124.061 Y78.453 E463.6765
G1 X124.061 Y77.887 E463.6952
G1 X124.061 Y77.321 E463.7139
G1 X124.061 Y76.756 E463.7327
G1 X124.061 Y76.190 E463.7514
G1 X124.255 Y75.714 E463.7685
G1 F3000 E458.7685
G1 F900 Z4.300
G0 F4200 X125.007 Y82.598
;TYPE:SOLID-FILL
;WIDTH:0.400
G1 F900 Z4.000
G1 F1500 E463.7685
G1 F2700 X124.542 Y83.063 E463.7904
G1 X124.542 Y83.138 E463.7929
G1 X125.033 Y83.138 E463.8092
G1 X125.220 Y82.951 E463.8180
G0 F2700 X125.573 Y82.598
G0 F4200 X126.019 Y82.598
G1 F2700 X126.101 Y82.636 E463.8210
G1 X125.599 Y83.138 E463.8446
G1 X126.019 Y83.138 E463.8586
G1 X126.031 Y83.132 E463.8590
G0 F2700 X126.286 Y83.017
G0 F2700 X126.442 Y82.861
G1 F3000 E458.8590
G1 F900 Z4.300
G0 F4200 X126.055 Y82.399
;TYPE:SOLID-FILL
;WIDTH:0.400
G1 F900 Z4.000
G1 F1500 E463.8590
G1 F3000 X125.724 Y82.447 E463.8635
G1 X125.177 Y82.428 E463.8662
G1 X124.865 Y82.457 E463.8766
G1 F3000 E458.8766
G1 F900 Z4.300
G0 F4200 X115.948 Y90.381
;TYPE:WALL-INNER
;WIDTH:0.400
G1 F900 Z4.000
G1 F1500 E463.8766
G1 F2700 X115.781 Y90.287 E463.8830
G1 X115.696 Y90.158 E463.8881
G1 X115.663 Y89.977 E463.8942
G1 X115.663 Y75.760 E464.3671
G1 X115.696 Y75.579 E464.3732
G1 X115.781 Y75.451 E464.3783
G1 X115.912 Y75.364 E464.3836
G1 X115.985 Y75.341 E464.3861
G1 X116.140 Y75.341 E464.3913
G1 X116.283 Y75.402 E464.3964
G1 X116.392 Y75.509 E464.4015
G1 X116.452 Y75.656 E464.4068
G1 X116.463 Y75.762 E464.4103
G1 X116.463 Y82.319 E464.6284
G1 X118.082 Y82.319 E464.6823
G1 X119.145 Y82.805 E464.7211
G1 X119.145 Y82.933 E464.7254
G1 X118.082 Y83.419 E464.7643
G1 X116.463 Y83.419 E464.8181
G1 X116.463 Y89.946 E465.0352
G1 X116.415 Y90.185 E465.0433
G1 X116.386 Y90.226 E465.0450
G0 F2700 X116.344 Y90.287
G0 F2700 X116.214 Y90.373
G0 F2700 X116.076 Y90.402
G0 F2700 X115.948 Y90.381
G1 F3000 E460.0450
G0 F4200 X115.830 Y90.767
;TYPE:WALL-OUTER
;WIDTH:0.400
G1 F900 Z4.000
G1 F1500 E465.0450
G1 F2700 X115.614 Y90.667 E465.0529
G1 X115.497 Y90.571 E465.0579
G1 X115.398 Y90.450 E465.0631
G1 X115.325 Y90.312 E465.0683
G1 X115.279 Y90.162 E465.0736
G1 X115.263 Y89.996 E465.0791
G1 X115.263 Y75.741 E465.5532
G1 X115.279 Y75.575 E465.5588
G1 X115.325 Y75.426 E465.5640
G1 X115.398 Y75.287 E465.5692
G1 X115.497 Y75.166 E465.5744
G1 X115.619 Y75.067 E465.5796
G1 X115.757 Y74.993 E465.5848
G1 X115.906 Y74.947 E465.5900
G1 X116.063 Y74.932 E465.5952
G1 X116.219 Y74.947 E465.6005
G1 X116.368 Y74.993 E465.6056
G1 X116.506 Y75.067 E465.6109
G1 X116.628 Y75.166 E465.6161
G1 X116.727 Y75.287 E465.6213
G1 X116.800 Y75.426 E465.6265
G1 X116.846 Y75.576 E465.6317
G1 X116.863 Y75.741 E465.6372
G1 X116.863 Y81.919 E465.8427
G1 X118.169 Y81.919 E465.8862
G1 X119.566 Y82.558 E465.9372
G1 X119.704 Y82.717 E465.9443
G1 X119.734 Y82.869 E465.9494
G1 X119.679 Y83.068 E465.9563
G1 X119.566 Y83.180 E465.9616
G1 X118.169 Y83.819 E466.0127
G1 X116.863 Y83.819 E466.0561
G1 X116.863 Y89.986 E466.2612
G1 X116.796 Y90.321 E466.2726
G1 X116.727 Y90.450 E466.2774
G1 X116.628 Y90.571 E466.2826
G1 X116.506 Y90.671 E466.2879
G1 X116.368 Y90.744 E466.2931
G1 X116.322 Y90.758 E466.2947
G0 F2700 X116.219 Y90.790
G0 F2700 X116.063 Y90.805
G0 F2700 X115.830 Y90.767
G1 F3000 E461.2947
G0 F4200 X116.006 Y90.185
;TYPE:SOLID-FILL
;WIDTH:0.400
G1 F900 Z4.000
G1 F1500 E466.2947
G1 F3000 X116.061 Y89.847 E466.3066
G1 X116.062 Y89.281 E466.3254
G1 X116.062 Y88.715 E466.3442
G1 X116.062 Y88.149 E466.3630
G1 X116.062 Y87.584 E466.3818
G1 X116.062 Y87.018 E466.4006
G1 X116.062 Y86.452 E466.4193
G1 X116.062 Y85.887 E466.4381
G1 X116.062 Y85.321 E466.4569
G1 X116.062 Y84.755 E466.4757
G1 X116.062 Y84.189 E466.4945
G1 X116.262 Y83.707 E466.5119
G0 F4200 X115.862 Y83.541
G1 F3000 X116.462 Y82.941 E466.5401
G0 F4200 X116.319 Y82.518
G1 F3000 X115.862 Y82.693 E466.5616
G1 X116.061 Y81.927 E466.5804
G1 X116.061 Y81.362 E466.5991
G1 X116.061 Y80.796 E466.6178
G1 X116.061 Y80.230 E466.6366
G1 X116.061 Y79.665 E466.6553
G1 X116.061 Y79.099 E466.6741
G1 X116.061 Y78.533 E466.6928
G1 X116.061 Y77.967 E466.7115
G1 X116.061 Y77.402 E466.7303
G1 X116.061 Y76.836 E466.7490
G1 X116.061 Y76.270 E466.7677
G1 X116.261 Y75.788 E466.7851
G1 F3000 E461.7851
G1 F900 Z4.300
G0 F4200 X117.088 Y82.598
;TYPE:SOLID-FILL
;WIDTH:0.400
G1 F900 Z4.000
G1 F1500 E466.7851
G1 F2700 X116.548 Y83.138 E466.8105
G1 X117.113 Y83.138 E466.8293
G1 X117.300 Y82.951 E466.8381
G0 F2700 X117.654 Y82.598
G0 F4200 X118.019 Y82.599
G1 F2700 X118.156 Y82.661 E466.8431
G1 X117.679 Y83.138 E466.8655
G1 X117.974 Y83.138 E466.8753
G0 F2700 X118.018 Y83.138
G0 F2700 X118.434 Y82.949
G1 F3000 E461.8753
G1 F900 Z4.300
G0 F4200 X118.014 Y82.520
;TYPE:SOLID-FILL
;WIDTH:0.400
G1 F900 Z4.000
G1 F1500 E466.8753
G1 F3000 X117.827 Y82.424 E466.8786
G1 X117.259 Y82.427 E466.8813
G1 X116.692 Y82.427 E466.8840
G1 X116.342 Y82.496 E466.8959
G1 F3000 E461.8959
G1 F900 Z4.300
G0 F4200 X107.948 Y90.381
;TYPE:WALL-INNER
;WIDTH:0.400
G1 F900 Z4.000
G1 F1500 E466.8959
G1 F2700 X107.781 Y90.287 E466.9022
G1 X107.696 Y90.158 E466.9074
G1 X107.663 Y89.977 E466.9135
G1 X107.663 Y75.760 E467.3864
G1 X107.696 Y75.579 E467.3925
G1 X107.781 Y75.451 E467.3976
G1 X107.912 Y75.364 E467.4028
G1 X107.985 Y75.341 E467.4054
G1 X108.140 Y75.341 E467.4105
G1 X108.283 Y75.402 E467.4157
G1 X108.392 Y75.509 E467.4208
G1 X108.452 Y75.656 E467.4260
G1 X108.463 Y75.762 E467.4296
G1 X108.463 Y82.319 E467.6477
G1 X110.082 Y82.319 E467.7015
G1 X111.145 Y82.805 E467.7404
G1 X111.145 Y82.933 E467.7447
G1 X110.082 Y83.419 E467.7835
G1 X108.463 Y83.419 E467.8374
G1 X108.463 Y89.946 E468.0545
G1 X108.415 Y90.185 E468.0626
G1 X108.386 Y90.226 E468.0642
G0 F2700 X108.344 Y90.287
G0 F2700 X108.214 Y90.373
G0 F2700 X108.076 Y90.402
G0 F2700 X107.948 Y90.381
G1 F3000 E463.0642
G0 F4200 X107.830 Y90.767
;TYPE:WALL-OUTER
;WIDTH:0.400
G1 F900 Z4.000
G1 F1500 E468.0642
G1 F2700 X107.614 Y90.667 E468.0722
G1 X107.497 Y90.571 E468.0772
G1 X107.398 Y90.450 E468.0824
G1 X107.325 Y90.312 E468.0876
G1 X107.279 Y90.162 E468.0928
G1 X107.263 Y89.996 E468.0984
G1 X107.263 Y75.741 E468.5725
G1 X107.279 Y75.575 E468.5780
G1 X107.325 Y75.426 E468.5832
G1 X107.398 Y75.287 E468.5884
G1 X107.497 Y75.166 E468.5936
G1 X107.619 Y75.067 E468.5989
G1 X107.757 Y74.993 E468.6041
G1 X107.906 Y74.947 E468.6093
G1 X108.063 Y74.932 E468.6145
G1 X108.219 Y74.947 E468.6197
G1 X108.368 Y74.993 E468.6249
G1 X108.506 Y75.067 E468.6301
G1 X108.628 Y75.166 E468.6353
G1 X108.727 Y75.287 E468.6405
G1 X108.800 Y75.426 E468.6458
G1 X108.846 Y75.576 E468.6510
G1 X108.863 Y75.741 E468.6565
G1 X108.863 Y81.919 E468.8620
G1 X110.169 Y81.919 E468.9054
G1 X111.566 Y82.558 E468.9565
G1 X111.704 Y82.717 E468.9635
G1 X111.734 Y82.869 E468.9687
G1 X111.679 Y83.068 E468.9755
G1 X111.566 Y83.180 E468.9808
G1 X110.169 Y83.819 E469.0319
G1 X108.863 Y83.819 E469.0753
G1 X108.863 Y89.986 E469.2805
G1 X108.796 Y90.321 E469.2918
G1 X108.727 Y90.450 E469.2967
G1 X108.628 Y90.571 E469.3019
G1 X108.506 Y90.671 E469.3071
G1 X108.368 Y90.744 E469.3123
G1 X108.322 Y90.758 E469.3139
G0 F2700 X108.219 Y90.790
G0 F2700 X108.063 Y90.805
G0 F2700 X107.830 Y90.767
G1 F3000 E464.3139
G0 F4200 X108.074 Y90.198
;TYPE:SOLID-FILL
;WIDTH:0.400
G1 F900 Z4.000
G1 F1500 E469.3139
G1 F3000 X108.051 Y89.938 E469.3217
G1 X108.062 Y89.361 E469.3405
G1 X108.062 Y88.795 E469.3592
G1 X108.062 Y88.230 E469.3779
G1 X108.062 Y87.664 E469.3967
G1 X108.062 Y87.098 E469.4154
G1 X108.062 Y86.533 E469.4342
G1 X108.062 Y85.967 E469.4530
G1 X108.062 Y85.401 E469.4717
G1 X108.062 Y84.836 E469.4905
G1 X108.062 Y84.270 E469.5093
G1 X108.062 Y83.704 E469.5281
G1 X108.263 Y83.220 E469.5468
G1 X108.431 Y82.770 E469.5560
G1 X107.862 Y82.773 E469.5813
G1 X108.062 Y82.007 E469.6000
G1 X108.062 Y81.441 E469.6188
G1 X108.062 Y80.876 E469.6375
G1 X108.062 Y80.310 E469.6563
G1 X108.062 Y79.744 E469.6750
G1 X108.062 Y79.179 E469.6938
G1 X108.062 Y78.613 E469.7126
G1 X108.062 Y78.047 E469.7313
G1 X108.062 Y77.482 E469.7500
G1 X108.062 Y76.916 E469.7688
G1 X108.062 Y76.350 E469.7875
G1 X108.142 Y75.704 E469.8063
G1 X107.880 Y75.684 E469.8151
G1 F3000 E464.8151
G1 F900 Z4.300
G0 F4200 X108.542 Y82.659
;TYPE:SOLID-FILL
;WIDTH:0.400
G1 F900 Z4.000
G1 F1500 E469.8151
G1 F2700 X108.603 Y82.598 E469.8179
G1 X109.168 Y82.598 E469.8367
G1 X108.627 Y83.139 E469.8622
G1 X109.193 Y83.139 E469.8810
G1 X109.381 Y82.951 E469.8898
G0 F2700 X109.734 Y82.598
G0 F4200 X109.759 Y83.139
G1 F2700 X110.008 Y82.890 E469.9015
G0 F2700 X110.212 Y82.686
G0 F2700 X110.019 Y82.599
G1 F3000 E464.9015
G1 F900 Z4.300
G0 F4200 X109.900 Y83.280
;TYPE:SOLID-FILL
;WIDTH:0.400
G1 F900 Z4.000
G1 F1500 E469.9015
G1 F3000 X109.842 Y83.338 E469.9043
G1 F3000 E464.9043
G1 F900 Z4.300
G0 F4200 X102.034 Y83.269
;TYPE:WALL-INNER
;WIDTH:0.400
G1 F900 Z4.000
G1 F1500 E469.9043
G1 F2700 X90.092 Y83.269 E470.3015
G1 X89.912 Y83.236 E470.3076
G1 X89.781 Y83.149 E470.3128
G1 X89.733 Y83.091 E470.3153
G1 X89.696 Y83.021 E470.3179
G1 X89.668 Y82.893 E470.3223
G1 X89.705 Y82.698 E470.3289
G1 X89.732 Y82.648 E470.3308
G1 X89.842 Y82.539 E470.3359
G1 X89.985 Y82.479 E470.3411
G1 X95.513 Y82.469 E470.5249
G1 X95.513 Y65.848 E471.0778
G1 X95.997 Y64.774 E471.1169
G1 X96.125 Y64.774 E471.1212
G1 X96.612 Y65.848 E471.1604
G1 X96.612 Y82.469 E471.7132
G1 X102.140 Y82.479 E471.8971
G1 X102.283 Y82.539 E471.9023
G1 X102.344 Y82.588 E471.9049
G1 X102.429 Y82.716 E471.9100
G1 X102.460 Y82.869 E471.9152
G1 X102.430 Y83.014 E471.9201
G0 F2700 X102.429 Y83.021
G0 F2700 X102.344 Y83.149
G0 F2700 X102.283 Y83.198
G0 F2700 X102.140 Y83.259
G0 F2700 X102.034 Y83.269
G1 F3000 E466.9201
G0 F4200 X102.053 Y83.669
;TYPE:WALL-OUTER
;WIDTH:0.400
G1 F900 Z4.000
G1 F1500 E471.9201
G1 F2700 X90.073 Y83.669 E472.3185
G1 X89.906 Y83.653 E472.3241
G1 X89.757 Y83.607 E472.3293
G1 X89.619 Y83.533 E472.3345
G1 X89.497 Y83.434 E472.3397
G1 X89.398 Y83.313 E472.3449
G1 X89.325 Y83.174 E472.3502
G1 X89.279 Y83.025 E472.3553
G1 X89.264 Y82.875 E472.3604
G1 X89.324 Y82.563 E472.3709
G1 X89.398 Y82.425 E472.3761
G1 X89.497 Y82.304 E472.3813
G1 X89.619 Y82.204 E472.3866
G1 X89.757 Y82.131 E472.3918
G1 X89.906 Y82.085 E472.3970
G1 X90.073 Y82.069 E472.4025
G1 X95.113 Y82.069 E472.5702
G1 X95.113 Y65.762 E473.1125
G1 X95.706 Y64.446 E473.1606
G1 X95.800 Y64.306 E473.1662
G1 X95.980 Y64.205 E473.1730
G1 X96.135 Y64.205 E473.1782
G1 X96.278 Y64.264 E473.1833
G1 X96.391 Y64.393 E473.1890
G1 X97.012 Y65.762 E473.2390
G1 X97.012 Y82.069 E473.7814
G1 X102.053 Y82.069 E473.9491
G1 X102.219 Y82.085 E473.9546
G1 X102.368 Y82.131 E473.9598
G1 X102.506 Y82.204 E473.9650
G1 X102.628 Y82.304 E473.9702
G1 X102.727 Y82.425 E473.9754
G1 X102.800 Y82.563 E473.9806
G1 X102.846 Y82.714 E473.9859
G1 X102.862 Y82.869 E473.9911
G1 X102.846 Y83.024 E473.9963
G1 X102.800 Y83.174 E474.0015
G1 X102.727 Y83.313 E474.0067
G1 X102.628 Y83.434 E474.0119
G1 X102.523 Y83.519 E474.0164
G0 F2700 X102.506 Y83.533
G0 F2700 X102.368 Y83.607
G0 F2700 X102.219 Y83.653
G0 F2700 X102.053 Y83.669
G1 F3000 E469.0164
G0 F4200 X101.626 Y83.069
;TYPE:SOLID-FILL
;WIDTH:0.400
G1 F900 Z4.000
G1 F1500 E474.0164
G1 F3000 X101.734 Y82.677 E474.0347
G1 X100.974 Y82.873 E474.0531
G1 X100.409 Y82.872 E474.0716
G1 X99.843 Y82.871 E474.0901
G1 X99.279 Y82.871 E474.1086
G1 X98.713 Y82.870 E474.1272
G1 X98.148 Y82.870 E474.1458
G1 X97.583 Y82.869 E474.1645
G1 X96.930 Y82.956 E474.1832
G1 X96.935 Y82.669 E474.1928
G1 F3000 E469.1928
G1 F900 Z4.300
G0 F4200 X96.333 Y82.988
;TYPE:SOLID-FILL
;WIDTH:0.400
G1 F900 Z4.000
G1 F1500 E474.1928
G1 F2700 X96.573 Y82.749 E474.2040
G1 X96.331 Y82.749 E474.2121
G1 X96.331 Y82.425 E474.2228
G1 X95.767 Y82.988 E474.2494
G1 X95.443 Y82.988 E474.2601
G1 X95.443 Y82.749 E474.2681
G1 X95.792 Y82.749 E474.2797
G1 X95.792 Y82.398 E474.2914
G1 X96.331 Y81.859 E474.3167
G1 X96.331 Y81.293 E474.3355
G1 X95.792 Y81.832 E474.3609
G1 X95.792 Y81.267 E474.3797
G1 X96.331 Y80.728 E474.4050
G1 X96.331 Y80.162 E474.4239
G1 X95.792 Y80.701 E474.4492
G1 X95.792 Y80.135 E474.4680
G1 X96.331 Y79.596 E474.4934
G1 X96.331 Y79.031 E474.5122
G1 X95.792 Y79.570 E474.5375
G1 X95.792 Y79.004 E474.5564
G1 X96.331 Y78.465 E474.5817
G1 X96.331 Y77.899 E474.6005
G1 X95.792 Y78.438 E474.6259
G1 X95.792 Y77.872 E474.6447
G1 X96.331 Y77.334 E474.6700
G1 X96.331 Y76.768 E474.6889
G1 X95.792 Y77.307 E474.7142
G1 X95.792 Y76.741 E474.7331
G1 X96.331 Y76.202 E474.7584
G1 X96.331 Y75.637 E474.7772
G1 X95.792 Y76.175 E474.8025
G1 X95.792 Y75.610 E474.8213
G1 X96.331 Y75.071 E474.8467
G1 X96.331 Y74.505 E474.8655
G1 X95.792 Y75.044 E474.8908
G1 X95.792 Y74.478 E474.9097
G1 X96.331 Y73.940 E474.9350
G1 X96.331 Y73.374 E474.9538
G1 X95.792 Y73.913 E474.9792
G1 X95.792 Y73.347 E474.9980
G1 X96.331 Y72.808 E475.0234
G1 X96.331 Y72.242 E475.0422
G1 X95.792 Y72.781 E475.0675
G1 X95.792 Y72.216 E475.0863
G1 X96.331 Y71.677 E475.1117
G1 X96.331 Y71.111 E475.1305
G1 X95.792 Y71.650 E475.1559
G1 X95.792 Y71.084 E475.1747
G1 X96.331 Y70.545 E475.2000
G1 X96.331 Y69.980 E475.2188
G1 X95.792 Y70.519 E475.2442
G1 X95.792 Y69.953 E475.2630
G1 X96.331 Y69.414 E475.2884
G1 X96.331 Y68.848 E475.3072
G1 X95.792 Y69.387 E475.3325
G1 X95.792 Y68.821 E475.3514
G1 X96.331 Y68.283 E475.3767
G1 X96.331 Y67.717 E475.3955
G1 X95.792 Y68.256 E475.4209
G1 X95.792 Y67.690 E475.4397
G1 X96.331 Y67.151 E475.4651
G1 X96.331 Y66.586 E475.4838
G1 X95.792 Y67.124 E475.5092
G1 X95.792 Y66.559 E475.5280
G1 X96.331 Y66.020 E475.5533
G1 X96.331 Y65.908 E475.5570
G1 X96.189 Y65.596 E475.5684
G1 X96.145 Y65.640 E475.5705
G0 F2700 X95.792 Y65.993
G0 F4200 X95.651 Y65.852
;TYPE:SOLID-FILL
;WIDTH:0.400
G1 F3000 X95.592 Y65.910 E475.5733
G1 F3000 E470.5733
G1 F900 Z4.300
G0 F4200 X96.879 Y82.725
G1 F900 Z4.000
G1 F1500 E475.5733
G1 F3000 X96.645 Y82.959 E475.5762
G1 X96.416 Y83.188 E475.5870
G1 F3000 E470.5870
G1 F900 Z4.300
G0 F4200 X95.238 Y82.669
G1 F900 Z4.000
G1 F1500 E475.5870
G1 F3000 X94.754 Y82.869 E475.6058
G1 X94.188 Y82.870 E475.6245
G1 X93.622 Y82.870 E475.6431
G1 X93.056 Y82.871 E475.6618
G1 X92.489 Y82.871 E475.6804
G1 X91.924 Y82.872 E475.6989
G1 X91.357 Y82.872 E475.7174
G1 X90.791 Y82.873 E475.7358
G1 X90.225 Y82.873 E475.7542
G1 X89.881 Y82.935 E475.7658
G1 F3000 E470.7658
G1 F900 Z4.300
G0 F4200 X92.140 Y88.259
;TYPE:WALL-INNER
;WIDTH:0.400
G1 F900 Z4.000
G1 F1500 E475.7658
G1 F2700 X92.034 Y88.269 E475.7694
G1 X80.092 Y88.269 E476.1665
G1 X79.912 Y88.236 E476.1726
G1 X79.781 Y88.149 E476.1779
G1 X79.733 Y88.091 E476.1804
G1 X79.696 Y88.021 E476.1830
G1 X79.668 Y87.893 E476.1874
G1 X79.705 Y87.698 E476.1940
G1 X79.732 Y87.648 E476.1959
G1 X79.842 Y87.539 E476.2010
G1 X79.985 Y87.479 E476.2062
G1 X85.513 Y87.469 E476.3900
G1 X85.513 Y70.848 E476.9428
G1 X85.997 Y69.774 E476.9820
G1 X86.125 Y69.774 E476.9863
G1 X86.612 Y70.848 E477.0255
G1 X86.612 Y87.469 E477.5783
G1 X92.140 Y87.479 E477.7622
G1 X92.283 Y87.539 E477.7673
G1 X92.344 Y87.588 E477.7699
G1 X92.429 Y87.716 E477.7750
G1 X92.460 Y87.869 E477.7802
G1 X92.451 Y87.910 E477.7816
G0 F2700 X92.429 Y88.021
G0 F2700 X92.344 Y88.149
G0 F2700 X92.283 Y88.198
G0 F2700 X92.140 Y88.259
G1 F3000 E472.7816
G0 F4200 X92.219 Y88.653
;TYPE:WALL-OUTER
;WIDTH:0.400
G1 F900 Z4.000
G1 F1500 E477.7816
G1 F2700 X92.053 Y88.669 E477.7872
G1 X80.073 Y88.669 E478.1856
G1 X79.906 Y88.653 E478.1912
G1 X79.757 Y88.607 E478.1964
G1 X79.619 Y88.533 E478.2016
G1 X79.497 Y88.434 E478.2068
G1 X79.398 Y88.313 E478.2120
G1 X79.325 Y88.174 E478.2173
G1 X79.279 Y88.025 E478.2224
G1 X79.264 Y87.875 E478.2275
G1 X79.324 Y87.563 E478.2380
G1 X79.398 Y87.425 E478.2432
G1 X79.497 Y87.304 E478.2484
G1 X79.619 Y87.204 E478.2537
G1 X79.757 Y87.131 E478.2589
G1 X79.906 Y87.085 E478.2641
G1 X80.073 Y87.069 E478.2696
G1 X85.113 Y87.069 E478.4373
G1 X85.113 Y70.762 E478.9796
G1 X85.706 Y69.446 E479.0277
G1 X85.806 Y69.298 E479.0336
G1 X85.847 Y69.264 E479.0354
G1 X85.990 Y69.205 E479.0405
G1 X86.135 Y69.205 E479.0453
G1 X86.278 Y69.264 E479.0505
G1 X86.391 Y69.393 E479.0562
G1 X87.012 Y70.762 E479.1062
G1 X87.012 Y87.069 E479.6486
G1 X92.053 Y87.069 E479.8162
G1 X92.219 Y87.085 E479.8218
G1 X92.368 Y87.131 E479.8270
G1 X92.506 Y87.204 E479.8321
G1 X92.628 Y87.304 E479.8374
G1 X92.727 Y87.425 E479.8426
G1 X92.800 Y87.563 E479.8478
G1 X92.846 Y87.714 E479.8530
G1 X92.862 Y87.869 E479.8582
G1 X92.846 Y88.024 E479.8634
G1 X92.800 Y88.174 E479.8686
G1 X92.727 Y88.313 E479.8738
G1 X92.648 Y88.410 E479.8780
G0 F2700 X92.628 Y88.434
G0 F2700 X92.506 Y88.533
G0 F2700 X92.368 Y88.607
G0 F2700 X92.219 Y88.653
G1 F3000 E474.8780
G0 F4200 X92.121 Y88.049
;TYPE:SOLID-FILL
;WIDTH:0.400
G1 F900 Z4.000
G1 F1500 E479.8780
G1 F3000 X92.084 Y87.803 E479.8837
G1 X91.448 Y87.872 E479.9020
G1 X90.883 Y87.872 E479.9203
G1 X90.318 Y87.871 E479.9387
G1 X89.753 Y87.871 E479.9571
G1 X89.188 Y87.870 E479.9757
G1 X88.622 Y87.870 E479.9942
G1 X88.057 Y87.869 E480.0129
G1 X87.492 Y87.868 E480.0315
G1 X86.885 Y87.910 E480.0503
G1 X86.844 Y87.669 E480.0584
G0 F4200 X86.483 Y87.747
;TYPE:SOLID-FILL
;WIDTH:0.400
G1 F2700 X86.242 Y87.988 E480.0697
G1 X85.677 Y87.988 E480.0885
G1 X86.331 Y87.334 E480.1193
G1 X86.331 Y86.768 E480.1381
G1 X85.792 Y87.307 E480.1635
G1 X85.792 Y86.741 E480.1823
G1 X86.331 Y86.202 E480.2076
G1 X86.331 Y85.636 E480.2265
G1 X85.792 Y86.175 E480.2518
G1 X85.792 Y85.610 E480.2706
G1 X86.331 Y85.071 E480.2960
G1 X86.331 Y84.505 E480.3148
G1 X85.792 Y85.044 E480.3401
G1 X85.792 Y84.478 E480.3590
G1 X86.331 Y83.939 E480.3843
G1 X86.331 Y83.374 E480.4031
G1 X85.792 Y83.913 E480.4285
G1 X85.792 Y83.347 E480.4473
G1 X86.331 Y82.808 E480.4727
G1 X86.331 Y82.242 E480.4915
G1 X85.792 Y82.781 E480.5168
G1 X85.792 Y82.216 E480.5356
G1 X86.331 Y81.677 E480.5610
G1 X86.331 Y81.111 E480.5798
G1 X85.792 Y81.650 E480.6052
G1 X85.792 Y81.084 E480.6240
G1 X86.331 Y80.545 E480.6493
G1 X86.331 Y79.980 E480.6681
G1 X85.792 Y80.518 E480.6935
G1 X85.792 Y79.953 E480.7122
G1 X86.331 Y79.414 E480.7376
G1 X86.331 Y78.848 E480.7564
G1 X85.792 Y79.387 E480.7818
G1 X85.792 Y78.821 E480.8006
G1 X86.331 Y78.283 E480.8259
G1 X86.331 Y77.717 E480.8448
G1 X85.792 Y78.256 E480.8701
G1 X85.792 Y77.690 E480.8889
G1 X86.331 Y77.151 E480.9143
G1 X86.331 Y76.586 E480.9331
G1 X85.792 Y77.124 E480.9584
G1 X85.792 Y76.559 E480.9772
G1 X86.331 Y76.020 E481.0026
G1 X86.331 Y75.454 E481.0214
G1 X85.792 Y75.993 E481.0467
G1 X85.792 Y75.427 E481.0656
G1 X86.331 Y74.888 E481.0909
G1 X86.331 Y74.323 E481.1097
G1 X85.792 Y74.862 E481.1351
G1 X85.792 Y74.296 E481.1539
G1 X86.331 Y73.757 E481.1792
G1 X86.331 Y73.191 E481.1981
G1 X85.792 Y73.730 E481.2234
G1 X85.792 Y73.165 E481.2422
G1 X86.331 Y72.626 E481.2676
G1 X86.331 Y72.060 E481.2864
G1 X85.792 Y72.599 E481.3117
G1 X85.792 Y72.033 E481.3306
G1 X86.331 Y71.494 E481.3559
G1 X86.331 Y70.929 E481.3747
G1 X85.792 Y71.467 E481.4000
G1 X85.791 Y70.907 E481.4187
G1 X85.795 Y70.899 E481.4190
G1 X85.807 Y70.887 E481.4195
G0 F2700 X86.160 Y70.533
G1 F3000 E476.4195
G1 F900 Z4.300
G0 F4200 X86.880 Y87.633
;TYPE:SOLID-FILL
;WIDTH:0.400
G1 F900 Z4.000
G1 F1500 E481.4195
G1 F3000 X86.625 Y87.888 E481.4315
G0 F4200 X85.433 Y87.949
G1 F3000 X85.195 Y87.903 E481.4404
G1 X84.664 Y87.868 E481.4592
G1 X84.098 Y87.869 E481.4778
G1 X83.532 Y87.870 E481.4965
G1 X82.966 Y87.870 E481.5151
G1 X82.400 Y87.870 E481.5337
G1 X81.833 Y87.871 E481.5522
G1 X81.267 Y87.871 E481.5706
G1 X80.702 Y87.872 E481.5891
G1 X80.051 Y87.956 E481.6075
G1 X80.048 Y87.676 E481.6168
;LAYER:20
;Z:4.200
;HEIGHT:0.200
G1 F3000 E476.6168
G0 F900 Z4.200
G0 F4200 X92.140 Y88.259
;TYPE:WALL-INNER
;WIDTH:0.400
G1 F900 Z4.200
G1 F1500 E481.6168
G1 F2700 X92.034 Y88.269 E481.6203
G1 X80.092 Y88.269 E482.0175
G1 X79.925 Y88.240 E482.0231
G1 X79.810 Y88.169 E482.0276
G1 X79.726 Y88.076 E482.0318
G1 X79.673 Y87.946 E482.0365
G1 X79.666 Y87.869 E482.0390
G1 X79.696 Y87.717 E482.0442
G1 X79.781 Y87.588 E482.0493
G1 X79.911 Y87.502 E482.0545
G1 X79.985 Y87.479 E482.0571
G1 X85.513 Y87.469 E482.2410
G1 X85.513 Y70.848 E482.7938
G1 X85.997 Y69.775 E482.8329
G1 X86.124 Y69.775 E482.8371
G1 X86.612 Y70.849 E482.8764
G1 X86.612 Y87.469 E483.4292
G1 X92.140 Y87.479 E483.6130
G1 X92.283 Y87.539 E483.6182
G1 X92.382 Y87.635 E483.6228
G1 X92.436 Y87.750 E483.6270
G1 X92.458 Y87.882 E483.6315
G1 X92.452 Y87.909 E483.6324
G0 F2700 X92.429 Y88.021
G0 F2700 X92.344 Y88.149
G0 F2700 X92.283 Y88.198
G0 F2700 X92.140 Y88.259
G1 F3000 E478.6324
G0 F4200 X92.219 Y88.653
;TYPE:WALL-OUTER
;WIDTH:0.400
G1 F900 Z4.200
G1 F1500 E483.6324
G1 F2700 X92.053 Y88.669 E483.6379
G1 X80.073 Y88.669 E484.0364
G1 X79.906 Y88.653 E484.0420
G1 X79.757 Y88.607 E484.0471
G1 X79.552 Y88.479 E484.0552
G1 X79.396 Y88.308 E484.0629
G1 X79.325 Y88.174 E484.0679
G1 X79.279 Y88.025 E484.0731
G1 X79.264 Y87.869 E484.0783
G1 X79.279 Y87.713 E484.0835
G1 X79.325 Y87.563 E484.0888
G1 X79.398 Y87.425 E484.0939
G1 X79.497 Y87.304 E484.0991
G1 X79.619 Y87.204 E484.1044
G1 X79.757 Y87.131 E484.1096
G1 X79.906 Y87.085 E484.1148
G1 X80.073 Y87.069 E484.1203
G1 X85.113 Y87.069 E484.2880
G1 X85.113 Y70.762 E484.8304
G1 X85.706 Y69.446 E484.8784
G1 X85.806 Y69.298 E484.8843
G1 X85.847 Y69.264 E484.8861
G1 X85.990 Y69.205 E484.8912
G1 X86.135 Y69.205 E484.8960
G1 X86.278 Y69.264 E484.9012
G1 X86.389 Y69.390 E484.9068
G1 X87.012 Y70.762 E484.9569
G1 X87.012 Y87.069 E485.4993
G1 X92.053 Y87.069 E485.6669
G1 X92.219 Y87.085 E485.6725
G1 X92.368 Y87.131 E485.6777
G1 X92.506 Y87.204 E485.6829
G1 X92.628 Y87.304 E485.6881
G1 X92.723 Y87.420 E485.6931
G1 X92.821 Y87.629 E485.7008
G1 X92.862 Y87.869 E485.7089
G1 X92.846 Y88.024 E485.7140
G1 X92.800 Y88.174 E485.7193
G1 X92.727 Y88.313 E485.7245
G1 X92.648 Y88.410 E485.7286
G0 F2700 X92.628 Y88.434
G0 F2700 X92.506 Y88.533
G0 F2700 X92.368 Y88.607
G0 F2700 X92.219 Y88.653
G1 F3000 E480.7286
G0 F4200 X92.218 Y87.975
;TYPE:SOLID-FILL
;WIDTH:0.400
G1 F900 Z4.200
G1 F1500 E485.7286
G1 F3000 X91.832 Y87.873 E485.7426
G1 X91.267 Y87.873 E485.7609
G1 X90.700 Y87.872 E485.7793
G1 X90.134 Y87.872 E485.7977
G1 X89.568 Y87.871 E485.8161
G1 X89.002 Y87.871 E485.8346
G1 X88.435 Y87.870 E485.8532
G1 X87.869 Y87.870 E485.8718
G1 X87.303 Y87.869 E485.8904
G1 X86.821 Y87.669 E485.9078
G0 F4200 X86.617 Y87.748
;TYPE:SOLID-FILL
;WIDTH:0.400
G1 F2700 X86.681 Y87.812 E485.9108
G1 X86.681 Y87.988 E485.9167
G1 X86.291 Y87.988 E485.9296
G1 X85.791 Y87.488 E485.9532
G1 X85.792 Y87.748 E485.9618
G1 X85.646 Y87.748 E485.9667
G0 F2700 X85.485 Y87.748
G0 F2700 X85.725 Y87.988
G1 F3000 E480.9667
G1 F900 Z4.500
G0 F4200 X86.332 Y87.463
G1 F900 Z4.200
G1 F1500 E485.9667
G1 F2700 X85.791 Y86.923 E485.9921
G1 X85.791 Y86.357 E486.0109
G1 X86.332 Y86.897 E486.0363
G1 X86.332 Y86.332 E486.0551
G1 X85.791 Y85.791 E486.0806
G1 X85.791 Y85.226 E486.0994
G1 X86.332 Y85.766 E486.1248
G1 X86.332 Y85.200 E486.1436
G1 X85.791 Y84.660 E486.1690
G1 X85.791 Y84.094 E486.1879
G1 X86.332 Y84.635 E486.2133
G1 X86.332 Y84.069 E486.2321
G1 X85.791 Y83.529 E486.2576
G1 X85.791 Y82.963 E486.2764
G1 X86.332 Y83.503 E486.3018
G1 X86.332 Y82.937 E486.3206
G1 X85.791 Y82.397 E486.3461
G1 X85.791 Y81.832 E486.3648
G1 X86.332 Y82.372 E486.3903
G1 X86.332 Y81.806 E486.4091
G1 X85.791 Y81.266 E486.4345
G1 X85.791 Y80.700 E486.4533
G1 X86.332 Y81.240 E486.4788
G1 X86.332 Y80.675 E486.4976
G1 X85.791 Y80.134 E486.5230
G1 X85.791 Y79.569 E486.5418
G1 X86.332 Y80.109 E486.5672
G1 X86.332 Y79.543 E486.5860
G1 X85.791 Y79.003 E486.6115
G1 X85.791 Y78.437 E486.6303
G1 X86.332 Y78.978 E486.6557
G1 X86.332 Y78.412 E486.6746
G1 X85.791 Y77.872 E486.7000
G1 X85.791 Y77.306 E486.7188
G1 X86.332 Y77.846 E486.7442
G1 X86.332 Y77.281 E486.7630
G1 X85.791 Y76.740 E486.7885
G1 X85.791 Y76.175 E486.8073
G1 X86.332 Y76.715 E486.8327
G1 X86.332 Y76.149 E486.8515
G1 X85.791 Y75.609 E486.8769
G1 X85.791 Y75.043 E486.8958
G1 X86.332 Y75.584 E486.9212
G1 X86.332 Y75.018 E486.9400
G1 X85.791 Y74.478 E486.9655
G1 X85.791 Y73.912 E486.9843
G1 X86.332 Y74.452 E487.0097
G1 X86.332 Y73.887 E487.0285
G1 X85.791 Y73.346 E487.0540
G1 X85.791 Y72.781 E487.0727
G1 X86.332 Y73.321 E487.0982
G1 X86.332 Y72.755 E487.1170
G1 X85.791 Y72.215 E487.1424
G1 X85.791 Y71.649 E487.1612
G1 X86.332 Y72.189 E487.1867
G1 X86.332 Y71.624 E487.2055
G1 X85.791 Y71.084 E487.2309
G1 X85.791 Y70.907 E487.2368
G1 X85.912 Y70.638 E487.2466
G1 X85.978 Y70.704 E487.2497
G0 F2700 X86.332 Y71.058
G0 F4200 X86.472 Y70.916
;TYPE:SOLID-FILL
;WIDTH:0.400
G1 F3000 X86.531 Y70.975 E487.2525
G1 F3000 E482.2525
G1 F900 Z4.500
G0 F4200 X86.472 Y87.320
G1 F900 Z4.200
G1 F1500 E487.2525
G1 F3000 X86.615 Y87.464 E487.2553
G1 X86.757 Y87.606 E487.2619
G1 F3000 E482.2619
G1 F900 Z4.500
G0 F4200 X85.642 Y88.188
G1 F900 Z4.200
G1 F1500 E487.2619
G1 F3000 X85.473 Y88.018 E487.2647
G1 X85.040 Y87.868 E487.2760
G1 X84.475 Y87.869 E487.2947
G1 X83.910 Y87.870 E487.3133
G1 X83.344 Y87.870 E487.3319
G1 X82.779 Y87.871 E487.3504
G1 X82.214 Y87.871 E487.3689
G1 X81.648 Y87.871 E487.3873
G1 X81.083 Y87.872 E487.4057
G1 X80.518 Y87.872 E487.4240
G1 X80.041 Y87.678 E487.4411
G1 F3000 E482.4411
G1 F900 Z4.500
G0 F4200 X102.034 Y83.269
;TYPE:WALL-INNER
;WIDTH:0.400
G1 F900 Z4.200
G1 F1500 E487.4411
G1 F2700 X90.092 Y83.269 E487.8383
G1 X89.925 Y83.240 E487.8440
G1 X89.810 Y83.169 E487.8485
G1 X89.726 Y83.076 E487.8526
G1 X89.673 Y82.946 E487.8573
G1 X89.666 Y82.869 E487.8599
G1 X89.696 Y82.717 E487.8650
G1 X89.781 Y82.588 E487.8702
G1 X89.911 Y82.502 E487.8753
G1 X89.985 Y82.479 E487.8779
G1 X95.513 Y82.469 E488.0618
G1 X95.513 Y65.848 E488.6146
G1 X95.997 Y64.775 E488.6538
G1 X96.124 Y64.775 E488.6580
G1 X96.612 Y65.849 E488.6972
G1 X96.612 Y82.469 E489.2500
G1 X102.140 Y82.479 E489.4339
G1 X102.283 Y82.539 E489.4390
G1 X102.382 Y82.635 E489.4436
G1 X102.436 Y82.750 E489.4478
G1 X102.458 Y82.882 E489.4523
G1 X102.430 Y83.014 E489.4568
G0 F2700 X102.429 Y83.021
G0 F2700 X102.344 Y83.149
G0 F2700 X102.283 Y83.198
G0 F2700 X102.140 Y83.259
G0 F2700 X102.034 Y83.269
G1 F3000 E484.4568
G0 F4200 X102.053 Y83.669
;TYPE:WALL-OUTER
;WIDTH:0.400
G1 F900 Z4.200
G1 F1500 E489.4568
G1 F2700 X90.073 Y83.669 E489.8552
G1 X89.906 Y83.653 E489.8608
G1 X89.757 Y83.607 E489.8660
G1 X89.552 Y83.479 E489.8740
G1 X89.396 Y83.308 E489.8817
G1 X89.325 Y83.174 E489.8868
G1 X89.279 Y83.025 E489.8920
G1 X89.264 Y82.869 E489.8972
G1 X89.279 Y82.713 E489.9024
G1 X89.325 Y82.563 E489.9076
G1 X89.398 Y82.425 E489.9128
G1 X89.497 Y82.304 E489.9180
G1 X89.619 Y82.204 E489.9232
G1 X89.757 Y82.131 E489.9284
G1 X89.906 Y82.085 E489.9336
G1 X90.073 Y82.069 E489.9392
G1 X95.113 Y82.069 E490.1068
G1 X95.113 Y65.762 E490.6492
G1 X95.706 Y64.446 E490.6972
G1 X95.800 Y64.306 E490.7028
G1 X95.980 Y64.205 E490.7097
G1 X96.135 Y64.205 E490.7148
G1 X96.278 Y64.264 E490.7200
G1 X96.389 Y64.390 E490.7256
G1 X97.012 Y65.762 E490.7757
G1 X97.012 Y82.069 E491.3181
G1 X102.053 Y82.069 E491.4857
G1 X102.219 Y82.085 E491.4913
G1 X102.368 Y82.131 E491.4965
G1 X102.506 Y82.204 E491.5017
G1 X102.628 Y82.304 E491.5069
G1 X102.723 Y82.420 E491.5119
G1 X102.821 Y82.629 E491.5196
G1 X102.862 Y82.869 E491.5277
G1 X102.846 Y83.024 E491.5328
G1 X102.800 Y83.174 E491.5381
G1 X102.727 Y83.313 E491.5433
G1 X102.628 Y83.434 E491.5485
G1 X102.523 Y83.519 E491.5530
G0 F2700 X102.506 Y83.533
G0 F2700 X102.368 Y83.607
G0 F2700 X102.219 Y83.653
G0 F2700 X102.053 Y83.669
G1 F3000 E486.5530
G0 F4200 X102.019 Y83.068
;TYPE:SOLID-FILL
;WIDTH:0.400
G1 F900 Z4.200
G1 F1500 E491.5530
G1 F3000 X101.540 Y82.873 E491.5713
G1 X100.974 Y82.872 E491.5897
G1 X100.409 Y82.872 E491.6080
G1 X99.842 Y82.871 E491.6265
G1 X99.276 Y82.871 E491.6449
G1 X98.710 Y82.870 E491.6635
G1 X98.144 Y82.870 E491.6821
G1 X97.577 Y82.870 E491.7007
G1 X96.927 Y82.785 E491.7194
G1 X96.928 Y83.068 E491.7288
G1 F3000 E486.7288
G1 F900 Z4.500
G0 F4200 X95.759 Y82.749
;TYPE:SOLID-FILL
;WIDTH:0.400
G1 F900 Z4.200
G1 F1500 E491.7288
G1 F2700 X95.999 Y82.988 E491.7401
G1 X96.565 Y82.988 E491.7589
G1 X95.792 Y82.216 E491.7952
G1 X95.792 Y81.650 E491.8141
G1 X96.331 Y82.189 E491.8394
G1 X96.331 Y81.623 E491.8582
G1 X95.792 Y81.084 E491.8836
G1 X95.792 Y80.518 E491.9024
G1 X96.331 Y81.057 E491.9278
G1 X96.331 Y80.492 E491.9466
G1 X95.792 Y79.953 E491.9719
G1 X95.792 Y79.387 E491.9907
G1 X96.331 Y79.926 E492.0161
G1 X96.331 Y79.360 E492.0349
G1 X95.792 Y78.821 E492.0603
G1 X95.792 Y78.256 E492.0791
G1 X96.331 Y78.795 E492.1044
G1 X96.331 Y78.229 E492.1232
G1 X95.792 Y77.690 E492.1486
G1 X95.792 Y77.124 E492.1674
G1 X96.331 Y77.663 E492.1928
G1 X96.331 Y77.097 E492.2116
G1 X95.792 Y76.559 E492.2369
G1 X95.792 Y75.993 E492.2558
G1 X96.331 Y76.532 E492.2811
G1 X96.331 Y75.966 E492.2999
G1 X95.792 Y75.427 E492.3253
G1 X95.792 Y74.862 E492.3441
G1 X96.331 Y75.400 E492.3694
G1 X96.331 Y74.835 E492.3882
G1 X95.792 Y74.296 E492.4136
G1 X95.792 Y73.730 E492.4324
G1 X96.331 Y74.269 E492.4577
G1 X96.331 Y73.703 E492.4766
G1 X95.792 Y73.165 E492.5019
G1 X95.792 Y72.599 E492.5207
G1 X96.331 Y73.138 E492.5461
G1 X96.331 Y72.572 E492.5649
G1 X95.792 Y72.033 E492.5902
G1 X95.792 Y71.467 E492.6091
G1 X96.331 Y72.006 E492.6344
G1 X96.331 Y71.441 E492.6532
G1 X95.792 Y70.902 E492.6786
G1 X95.792 Y70.336 E492.6974
G1 X96.331 Y70.875 E492.7227
G1 X96.331 Y70.309 E492.7416
G1 X95.792 Y69.770 E492.7669
G1 X95.792 Y69.205 E492.7857
G1 X96.331 Y69.744 E492.8111
G1 X96.331 Y69.178 E492.8299
G1 X95.792 Y68.639 E492.8552
G1 X95.792 Y68.073 E492.8741
G1 X96.331 Y68.612 E492.8994
G1 X96.331 Y68.047 E492.9182
G1 X95.792 Y67.508 E492.9436
G1 X95.792 Y66.942 E492.9624
G1 X96.331 Y67.481 E492.9877
G1 X96.331 Y66.915 E493.0066
G1 X95.792 Y66.376 E493.0319
G1 X95.792 Y65.907 E493.0475
G1 X95.822 Y65.840 E493.0500
G1 X96.331 Y66.349 E493.0739
G1 X96.331 Y65.908 E493.0886
G1 X96.320 Y65.885 E493.0894
G0 F2700 X96.227 Y65.680
G0 F2700 X96.032 Y65.485
G1 F3000 E488.0894
G1 F900 Z4.500
G0 F4200 X95.276 Y82.549
;TYPE:SOLID-FILL
;WIDTH:0.400
G1 F900 Z4.200
G1 F1500 E493.0894
G1 F3000 X95.484 Y83.038 E493.1054
G1 X95.243 Y83.080 E493.1136
G1 F3000 E488.1136
G1 F900 Z4.500
G0 F4200 X96.807 Y82.948
G1 F900 Z4.200
G1 F1500 E493.1136
G1 F3000 X96.880 Y83.021 E493.1170
G1 F3000 E488.1170
G1 F900 Z4.500
G0 F4200 X95.231 Y83.068
G1 F900 Z4.200
G1 F1500 E493.1170
G1 F3000 X94.749 Y82.869 E493.1357
G1 X94.183 Y82.870 E493.1543
G1 X93.618 Y82.870 E493.1728
G1 X93.053 Y82.871 E493.1913
G1 X92.488 Y82.871 E493.2098
G1 X91.923 Y82.872 E493.2283
G1 X91.358 Y82.872 E493.2466
G1 X90.792 Y82.872 E493.2649
G1 X90.227 Y82.873 E493.2832
G1 X89.880 Y82.809 E493.2949
G1 F3000 E488.2949
G1 F900 Z4.500
G0 F4200 X107.943 Y90.380
;TYPE:WALL-INNER
;WIDTH:0.400
G1 F900 Z4.200
G1 F1500 E493.2949
G1 F2700 X107.782 Y90.287 E493.3011
G1 X107.696 Y90.158 E493.3063
G1 X107.663 Y89.977 E493.3124
G1 X107.663 Y75.760 E493.7853
G1 X107.696 Y75.579 E493.7914
G1 X107.781 Y75.451 E493.7965
G1 X107.912 Y75.364 E493.8017
G1 X107.985 Y75.341 E493.8043
G1 X108.140 Y75.341 E493.8094
G1 X108.265 Y75.391 E493.8139
G1 X108.403 Y75.531 E493.8204
G1 X108.452 Y75.656 E493.8249
G1 X108.463 Y75.762 E493.8285
G1 X108.463 Y82.319 E494.0465
G1 X110.082 Y82.319 E494.1004
G1 X111.145 Y82.805 E494.1393
G1 X111.145 Y82.933 E494.1435
G1 X110.082 Y83.419 E494.1824
G1 X108.463 Y83.419 E494.2362
G1 X108.463 Y89.975 E494.4543
G1 X108.429 Y90.159 E494.4605
G1 X108.382 Y90.229 E494.4633
G0 F2700 X108.344 Y90.287
G0 F2700 X108.214 Y90.373
G0 F2700 X108.076 Y90.402
G0 F2700 X107.943 Y90.380
G1 F3000 E489.4633
G0 F4200 X107.824 Y90.766
;TYPE:WALL-OUTER
;WIDTH:0.400
G1 F900 Z4.200
G1 F1500 E494.4633
G1 F2700 X107.615 Y90.668 E494.4710
G1 X107.497 Y90.571 E494.4761
G1 X107.398 Y90.450 E494.4813
G1 X107.325 Y90.312 E494.4865
G1 X107.279 Y90.162 E494.4917
G1 X107.263 Y89.996 E494.4972
G1 X107.263 Y75.741 E494.9714
G1 X107.279 Y75.575 E494.9769
G1 X107.325 Y75.426 E494.9821
G1 X107.398 Y75.287 E494.9873
G1 X107.497 Y75.166 E494.9925
G1 X107.619 Y75.067 E494.9977
G1 X107.757 Y74.993 E495.0030
G1 X107.906 Y74.947 E495.0081
G1 X108.063 Y74.932 E495.0134
G1 X108.219 Y74.947 E495.0186
G1 X108.368 Y74.993 E495.0238
G1 X108.507 Y75.067 E495.0290
G1 X108.729 Y75.292 E495.0395
G1 X108.800 Y75.426 E495.0446
G1 X108.846 Y75.576 E495.0498
G1 X108.863 Y75.741 E495.0553
G1 X108.863 Y81.919 E495.2608
G1 X110.169 Y81.919 E495.3042
G1 X111.566 Y82.558 E495.3553
G1 X111.704 Y82.717 E495.3623
G1 X111.734 Y82.869 E495.3675
G1 X111.679 Y83.068 E495.3744
G1 X111.566 Y83.180 E495.3796
G1 X110.169 Y83.819 E495.4307
G1 X108.863 Y83.819 E495.4742
G1 X108.863 Y89.996 E495.6796
G1 X108.846 Y90.161 E495.6851
G1 X108.800 Y90.312 E495.6904
G1 X108.727 Y90.450 E495.6956
G1 X108.628 Y90.571 E495.7008
G1 X108.506 Y90.671 E495.7060
G1 X108.368 Y90.744 E495.7112
G1 X108.317 Y90.760 E495.7130
G0 F2700 X108.219 Y90.790
G0 F2700 X108.063 Y90.805
G0 F2700 X107.824 Y90.766
G1 F3000 E490.7130
G0 F4200 X108.004 Y90.185
;TYPE:SOLID-FILL
;WIDTH:0.400
G1 F900 Z4.200
G1 F1500 E495.7130
G1 F3000 X108.071 Y89.969 E495.7188
G1 X108.062 Y89.394 E495.7375
G1 X108.062 Y88.828 E495.7563
G1 X108.062 Y88.262 E495.7752
G1 X108.062 Y87.697 E495.7939
G1 X108.062 Y87.131 E495.8127
G1 X108.062 Y86.565 E495.8315
G1 X108.062 Y86.000 E495.8503
G1 X108.062 Y85.434 E495.8691
G1 X108.062 Y84.868 E495.8879
G1 X108.062 Y84.303 E495.9067
G1 X108.062 Y83.737 E495.9255
G1 X108.126 Y83.236 E495.9443
G1 X107.862 Y82.689 E495.9645
G0 F4200 X107.862 Y82.123
G1 F3000 X108.462 Y82.723 E495.9927
G1 F3000 E490.9927
G1 F900 Z4.500
G0 F4200 X108.262 Y81.957
G1 F900 Z4.200
G1 F1500 E495.9927
G1 F3000 X108.062 Y81.474 E496.0115
G1 X108.062 Y80.909 E496.0303
G1 X108.062 Y80.343 E496.0491
G1 X108.062 Y79.777 E496.0678
G1 X108.062 Y79.211 E496.0867
G1 X108.062 Y78.646 E496.1055
G1 X108.062 Y78.080 E496.1242
G1 X108.062 Y77.514 E496.1431
G1 X108.062 Y76.949 E496.1618
G1 X108.062 Y76.383 E496.1806
G1 X107.964 Y75.720 E496.1994
G1 X108.258 Y75.731 E496.2092
G1 F3000 E491.2092
G1 F900 Z4.500
G0 F4200 X109.752 Y82.599
;TYPE:SOLID-FILL
;WIDTH:0.400
G1 F900 Z4.200
G1 F1500 E496.2092
G1 F2700 X110.206 Y83.053 E496.2305
G1 X110.019 Y83.139 E496.2374
G1 X109.726 Y83.138 E496.2471
G1 X109.186 Y82.599 E496.2725
G1 X108.620 Y82.599 E496.2913
G1 X109.160 Y83.138 E496.3167
G1 X109.094 Y83.138 E496.3189
G0 F2700 X108.594 Y83.138
G0 F4200 X108.511 Y83.338
;TYPE:SOLID-FILL
;WIDTH:0.400
G1 F3000 X108.342 Y83.169 E496.3269
G1 F3000 E491.3269
G1 F900 Z4.500
G0 F4200 X109.834 Y82.399
G1 F900 Z4.200
G1 F1500 E496.3269
G1 F3000 X109.892 Y82.457 E496.3296
G1 F3000 E491.3296
G1 F900 Z4.500
G0 F4200 X115.943 Y90.380
;TYPE:WALL-INNER
;WIDTH:0.400
G1 F900 Z4.200
G1 F1500 E496.3296
G1 F2700 X115.782 Y90.287 E496.3358
G1 X115.696 Y90.158 E496.3409
G1 X115.663 Y89.977 E496.3470
G1 X115.663 Y75.760 E496.8199
G1 X115.696 Y75.579 E496.8260
G1 X115.781 Y75.451 E496.8311
G1 X115.912 Y75.364 E496.8364
G1 X115.985 Y75.341 E496.8389
G1 X116.140 Y75.341 E496.8441
G1 X116.265 Y75.391 E496.8485
G1 X116.403 Y75.531 E496.8551
G1 X116.452 Y75.656 E496.8595
G1 X116.463 Y75.762 E496.8631
G1 X116.463 Y82.319 E497.0812
G1 X118.082 Y82.319 E497.1350
G1 X119.145 Y82.805 E497.1739
G1 X119.145 Y82.933 E497.1782
G1 X118.082 Y83.419 E497.2170
G1 X116.463 Y83.419 E497.2709
G1 X116.463 Y89.975 E497.4889
G1 X116.429 Y90.159 E497.4952
G1 X116.382 Y90.229 E497.4980
G0 F2700 X116.344 Y90.287
G0 F2700 X116.214 Y90.373
G0 F2700 X116.076 Y90.402
G0 F2700 X115.943 Y90.380
G1 F3000 E492.4980
G0 F4200 X115.824 Y90.766
;TYPE:WALL-OUTER
;WIDTH:0.400
G1 F900 Z4.200
G1 F1500 E497.4980
G1 F2700 X115.615 Y90.668 E497.5056
G1 X115.497 Y90.571 E497.5107
G1 X115.398 Y90.450 E497.5159
G1 X115.325 Y90.312 E497.5211
G1 X115.279 Y90.162 E497.5263
G1 X115.263 Y89.996 E497.5319
G1 X115.263 Y75.741 E498.0060
G1 X115.279 Y75.575 E498.0116
G1 X115.325 Y75.426 E498.0167
G1 X115.398 Y75.287 E498.0220
G1 X115.497 Y75.166 E498.0272
G1 X115.619 Y75.067 E498.0324
G1 X115.757 Y74.993 E498.0376
G1 X115.906 Y74.947 E498.0428
G1 X116.063 Y74.932 E498.0480
G1 X116.219 Y74.947 E498.0532
G1 X116.368 Y74.993 E498.0584
G1 X116.507 Y75.067 E498.0637
G1 X116.729 Y75.292 E498.0742
G1 X116.800 Y75.426 E498.0792
G1 X116.846 Y75.576 E498.0844
G1 X116.863 Y75.741 E498.0900
G1 X116.863 Y81.919 E498.2954
G1 X118.169 Y81.919 E498.3389
G1 X119.566 Y82.558 E498.3900
G1 X119.704 Y82.717 E498.3970
G1 X119.734 Y82.869 E498.4021
G1 X119.679 Y83.068 E498.4090
G1 X119.566 Y83.180 E498.4143
G1 X118.169 Y83.819 E498.4654
G1 X116.863 Y83.819 E498.5088
G1 X116.863 Y89.996 E498.7143
G1 X116.846 Y90.161 E498.7198
G1 X116.800 Y90.312 E498.7250
G1 X116.727 Y90.450 E498.7302
G1 X116.628 Y90.571 E498.7354
G1 X116.506 Y90.671 E498.7407
G1 X116.368 Y90.744 E498.7459
G1 X116.317 Y90.760 E498.7476
G0 F2700 X116.219 Y90.790
G0 F2700 X116.063 Y90.805
G0 F2700 X115.824 Y90.766
G1 F3000 E493.7476
G0 F4200 X116.262 Y89.958
;TYPE:SOLID-FILL
;WIDTH:0.400
G1 F900 Z4.200
G1 F1500 E498.7476
G1 F3000 X116.062 Y89.474 E498.7665
G1 X116.062 Y88.909 E498.7852
G1 X116.062 Y88.343 E498.8040
G1 X116.062 Y87.777 E498.8228
G1 X116.062 Y87.212 E498.8416
G1 X116.062 Y86.646 E498.8604
G1 X116.062 Y86.080 E498.8792
G1 X116.062 Y85.515 E498.8980
G1 X116.062 Y84.949 E498.9168
G1 X116.062 Y84.383 E498.9356
G1 X116.062 Y83.818 E498.9544
G1 X116.086 Y83.276 E498.9731
G1 X115.862 Y82.769 E498.9916
G0 F4200 X115.862 Y82.203
G1 F3000 X116.462 Y82.804 E499.0198
G1 F3000 E494.0198
G1 F900 Z4.500
G0 F4200 X116.262 Y82.038
G1 F900 Z4.200
G1 F1500 E499.0198
G1 F3000 X116.062 Y81.555 E499.0386
G1 X116.062 Y80.989 E499.0574
G1 X116.062 Y80.423 E499.0762
G1 X116.062 Y79.858 E499.0950
G1 X116.062 Y79.292 E499.1138
G1 X116.062 Y78.726 E499.1326
G1 X116.062 Y78.161 E499.1514
G1 X116.062 Y77.595 E499.1702
G1 X116.062 Y77.029 E499.1890
G1 X116.062 Y76.464 E499.2078
G1 X116.062 Y75.898 E499.2266
G1 X115.995 Y75.549 E499.2384
G1 F3000 E494.2384
G1 F900 Z4.500
G0 F4200 X117.671 Y82.599
;TYPE:SOLID-FILL
;WIDTH:0.400
G1 F900 Z4.200
G1 F1500 E499.2384
G1 F2700 X118.150 Y83.077 E499.2609
G1 X118.018 Y83.138 E499.2657
G1 X117.645 Y83.138 E499.2781
G1 X117.106 Y82.599 E499.3035
G1 X116.542 Y82.598 E499.3223
G1 X116.542 Y82.601 E499.3224
G1 X116.726 Y82.785 E499.3310
G0 F2700 X117.079 Y83.138
G1 F3000 E494.3310
G1 F900 Z4.500
G0 F4200 X118.019 Y82.599
G1 F900 Z4.200
G1 F1500 E499.3310
G1 F2700 X118.419 Y82.780 E499.3456
G1 F3000 E494.3456
G1 F900 Z4.500
G0 F4200 X116.997 Y83.338
;TYPE:SOLID-FILL
;WIDTH:0.400
G1 F900 Z4.200
G1 F1500 E499.3456
G1 F3000 X116.684 Y83.308 E499.3484
G1 X116.341 Y83.249 E499.3600
G1 F3000 E494.3600
G1 F900 Z4.500
G0 F4200 X123.782 Y90.287
;TYPE:WALL-INNER
;WIDTH:0.400
G1 F900 Z4.200
G1 F1500 E499.3600
G1 F2700 X123.696 Y90.158 E499.3651
G1 X123.663 Y89.977 E499.3713
G1 X123.663 Y75.760 E499.8441
G1 X123.696 Y75.579 E499.8502
G1 X123.781 Y75.451 E499.8553
G1 X123.912 Y75.364 E499.8606
G1 X123.985 Y75.341 E499.8631
G1 X124.140 Y75.341 E499.8683
G1 X124.265 Y75.391 E499.8728
G1 X124.403 Y75.531 E499.8793
G1 X124.452 Y75.656 E499.8838
G1 X124.463 Y75.762 E499.8873
G1 X124.463 Y82.319 E500.1054
G1 X126.082 Y82.319 E500.1592
G1 X127.145 Y82.805 E500.1981
G1 X127.145 Y82.933 E500.2024
G1 X126.082 Y83.419 E500.2412
G1 X124.463 Y83.419 E500.2951
G1 X124.463 Y89.975 E500.5132
G1 X124.429 Y90.159 E500.5194
G1 X124.344 Y90.287 E500.5245
G1 X124.247 Y90.351 E500.5283
G0 F2700 X124.214 Y90.373
G0 F2700 X124.076 Y90.402
G0 F2700 X123.943 Y90.380
G0 F2700 X123.782 Y90.287
G1 F3000 E495.5283
G0 F4200 X123.497 Y90.571
;TYPE:WALL-OUTER
;WIDTH:0.400
G1 F900 Z4.200
G1 F1500 E500.5283
G1 F2700 X123.398 Y90.450 E500.5335
G1 X123.325 Y90.312 E500.5387
G1 X123.279 Y90.162 E500.5440
G1 X123.263 Y89.996 E500.5495
G1 X123.263 Y75.741 E501.0236
G1 X123.279 Y75.575 E501.0292
G1 X123.325 Y75.426 E501.0344
G1 X123.398 Y75.287 E501.0396
G1 X123.497 Y75.166 E501.0448
G1 X123.619 Y75.067 E501.0500
G1 X123.757 Y74.993 E501.0552
G1 X123.906 Y74.947 E501.0604
G1 X124.063 Y74.932 E501.0657
G1 X124.219 Y74.947 E501.0709
G1 X124.368 Y74.993 E501.0761
G1 X124.507 Y75.067 E501.0813
G1 X124.729 Y75.292 E501.0918
G1 X124.800 Y75.426 E501.0968
G1 X124.846 Y75.576 E501.1021
G1 X124.863 Y75.741 E501.1076
G1 X124.863 Y81.919 E501.3131
G1 X126.169 Y81.919 E501.3565
G1 X127.566 Y82.558 E501.4076
G1 X127.704 Y82.717 E501.4146
G1 X127.734 Y82.869 E501.4197
G1 X127.679 Y83.068 E501.4266
G1 X127.566 Y83.180 E501.4319
G1 X126.169 Y83.819 E501.4830
G1 X124.863 Y83.819 E501.5264
G1 X124.863 Y89.996 E501.7319
G1 X124.846 Y90.161 E501.7374
G1 X124.800 Y90.312 E501.7427
G1 X124.727 Y90.450 E501.7478
G1 X124.628 Y90.571 E501.7530
G1 X124.506 Y90.671 E501.7583
G1 X124.368 Y90.744 E501.7635
G1 X124.219 Y90.790 E501.7687
G1 X124.063 Y90.805 E501.7739
G1 X123.940 Y90.785 E501.7780
G0 F2700 X123.824 Y90.766
G0 F2700 X123.615 Y90.668
G0 F2700 X123.497 Y90.571
G1 F3000 E496.7780
G0 F4200 X124.249 Y90.026
;TYPE:SOLID-FILL
;WIDTH:0.400
G1 F900 Z4.200
G1 F1500 E501.7780
G1 F3000 X124.061 Y89.555 E501.7963
G1 X124.061 Y88.989 E501.8151
G1 X124.061 Y88.423 E501.8339
G1 X124.061 Y87.857 E501.8528
G1 X124.061 Y87.292 E501.8716
G1 X124.061 Y86.726 E501.8904
G1 X124.061 Y86.160 E501.9092
G1 X124.061 Y85.595 E501.9280
G1 X124.061 Y85.029 E501.9468
G1 X124.061 Y84.463 E501.9656
G1 X124.061 Y83.898 E501.9845
G1 X124.061 Y83.332 E502.0033
G1 X123.861 Y82.849 E502.0207
G0 F4200 X123.861 Y82.283
G1 F3000 X124.462 Y82.884 E502.0490
G1 F3000 E497.0490
G1 F900 Z4.500
G0 F4200 X124.261 Y82.118
G1 F900 Z4.200
G1 F1500 E502.0490
G1 F3000 X124.061 Y81.635 E502.0677
G1 X124.061 Y81.069 E502.0865
G1 X124.061 Y80.503 E502.1054
G1 X124.061 Y79.938 E502.1241
G1 X124.061 Y79.372 E502.1429
G1 X124.061 Y78.806 E502.1617
G1 X124.061 Y78.241 E502.1805
G1 X124.061 Y77.675 E502.1993
G1 X124.061 Y77.109 E502.2181
G1 X124.061 Y76.544 E502.2369
G1 X124.061 Y75.978 E502.2557
G1 X123.948 Y75.581 E502.2694
G1 F3000 E497.2694
G1 F900 Z4.500
G0 F4200 X125.591 Y82.599
;TYPE:SOLID-FILL
;WIDTH:0.400
G1 F900 Z4.200
G1 F1500 E502.2694
G1 F2700 X126.095 Y83.103 E502.2931
G1 X126.019 Y83.138 E502.2959
G1 X125.565 Y83.138 E502.3110
G1 X125.025 Y82.599 E502.3364
G1 X124.542 Y82.599 E502.3524
G1 X124.542 Y82.681 E502.3552
G1 X124.646 Y82.785 E502.3600
G0 F2700 X124.999 Y83.138
G1 F3000 E497.3600
G1 F900 Z4.500
G0 F4200 X126.019 Y82.598
G1 F900 Z4.200
G1 F1500 E502.3600
G1 F2700 X126.036 Y82.606 E502.3607
G0 F2700 X126.273 Y82.715
G0 F2700 X126.442 Y82.884
G0 F4200 X125.732 Y82.457
;TYPE:SOLID-FILL
;WIDTH:0.400
G1 F3000 X125.674 Y82.399 E502.3634
G1 F3000 E497.3634
G1 F900 Z4.500
G0 F4200 X124.857 Y83.279
G1 F900 Z4.200
G1 F1500 E502.3634
G1 F3000 X124.916 Y83.338 E502.3662
G1 F3000 E497.3662
G1 F900 Z4.500
G0 F4200 X131.782 Y90.287
;TYPE:WALL-INNER
;WIDTH:0.400
G1 F900 Z4.200
G1 F1500 E502.3662
G1 F2700 X131.696 Y90.158 E502.3713
G1 X131.663 Y89.977 E502.3774
G1 X131.663 Y75.760 E502.8503
G1 X131.696 Y75.579 E502.8564
G1 X131.781 Y75.451 E502.8615
G1 X131.912 Y75.364 E502.8668
G1 X131.985 Y75.341 E502.8693
G1 X132.140 Y75.341 E502.8745
G1 X132.265 Y75.391 E502.8789
G1 X132.403 Y75.531 E502.8855
G1 X132.452 Y75.656 E502.8900
G1 X132.463 Y75.762 E502.8935
G1 X132.463 Y82.319 E503.1116
G1 X134.082 Y82.319 E503.1654
G1 X135.145 Y82.805 E503.2043
G1 X135.145 Y82.933 E503.2086
G1 X134.082 Y83.419 E503.2474
G1 X132.463 Y83.419 E503.3013
G1 X132.463 Y89.975 E503.5193
G1 X132.429 Y90.159 E503.5256
G1 X132.344 Y90.287 E503.5307
G1 X132.247 Y90.351 E503.5345
G0 F2700 X132.214 Y90.373
G0 F2700 X132.076 Y90.402
G0 F2700 X131.943 Y90.380
G0 F2700 X131.782 Y90.287
G1 F3000 E498.5345
G0 F4200 X131.497 Y90.571
;TYPE:WALL-OUTER
;WIDTH:0.400
G1 F900 Z4.200
G1 F1500 E503.5345
G1 F2700 X131.398 Y90.450 E503.5397
G1 X131.325 Y90.312 E503.5449
G1 X131.279 Y90.162 E503.5502
G1 X131.263 Y89.996 E503.5557
G1 X131.263 Y75.741 E504.0298
G1 X131.279 Y75.575 E504.0354
G1 X131.325 Y75.426 E504.0406
G1 X131.398 Y75.287 E504.0458
G1 X131.497 Y75.166 E504.0510
G1 X131.619 Y75.067 E504.0562
G1 X131.757 Y74.993 E504.0614
G1 X131.906 Y74.947 E504.0666
G1 X132.063 Y74.932 E504.0718
G1 X132.219 Y74.947 E504.0771
G1 X132.368 Y74.993 E504.0822
G1 X132.507 Y75.067 E504.0875
G1 X132.729 Y75.292 E504.0980
G1 X132.800 Y75.426 E504.1030
G1 X132.846 Y75.576 E504.1083
G1 X132.863 Y75.741 E504.1138
G1 X132.863 Y81.919 E504.3193
G1 X134.169 Y81.919 E504.3627
G1 X135.566 Y82.558 E504.4138
G1 X135.704 Y82.717 E504.4208
G1 X135.734 Y82.869 E504.4259
G1 X135.679 Y83.068 E504.4328
G1 X135.566 Y83.180 E504.4381
G1 X134.169 Y83.819 E504.4892
G1 X132.863 Y83.819 E504.5326
G1 X132.863 Y89.996 E504.7381
G1 X132.846 Y90.161 E504.7436
G1 X132.800 Y90.312 E504.7488
G1 X132.727 Y90.450 E504.7540
G1 X132.628 Y90.571 E504.7592
G1 X132.506 Y90.671 E504.7645
G1 X132.368 Y90.744 E504.7697
G1 X132.219 Y90.790 E504.7749
G1 X132.063 Y90.805 E504.7801
G1 X131.940 Y90.785 E504.7842
G0 F2700 X131.824 Y90.766
G0 F2700 X131.615 Y90.668
G0 F2700 X131.497 Y90.571
G1 F3000 E499.7842
G0 F4200 X132.233 Y90.090
;TYPE:SOLID-FILL
;WIDTH:0.400
G1 F900 Z4.200
G1 F1500 E504.7842
G1 F3000 X132.061 Y89.635 E504.8017
G1 X132.061 Y89.069 E504.8205
G1 X132.061 Y88.504 E504.8393
G1 X132.061 Y87.938 E504.8581
G1 X132.061 Y87.372 E504.8770
G1 X132.061 Y86.806 E504.8958
G1 X132.061 Y86.241 E504.9146
G1 X132.061 Y85.675 E504.9334
G1 X132.061 Y85.109 E504.9522
G1 X132.061 Y84.544 E504.9710
G1 X132.061 Y83.978 E504.9898
G1 X132.061 Y83.412 E505.0087
G1 X131.861 Y82.930 E505.0260
G0 F4200 X131.861 Y82.364
G1 F3000 X132.462 Y82.964 E505.0543
G1 F3000 E500.0543
G1 F900 Z4.500
G0 F4200 X132.262 Y82.199
G1 F900 Z4.200
G1 F1500 E505.0543
G1 F3000 X132.061 Y81.715 E505.0731
G1 X132.061 Y81.150 E505.0919
G1 X132.061 Y80.584 E505.1107
G1 X132.061 Y80.018 E505.1295
G1 X132.061 Y79.453 E505.1483
G1 X132.061 Y78.887 E505.1672
G1 X132.061 Y78.321 E505.1860
G1 X132.061 Y77.756 E505.2048
G1 X132.061 Y77.190 E505.2236
G1 X132.061 Y76.624 E505.2424
G1 X132.061 Y76.058 E505.2613
G1 X131.907 Y75.622 E505.2766
G1 F3000 E500.2766
G1 F900 Z4.500
G0 F4200 X133.510 Y82.599
;TYPE:SOLID-FILL
;WIDTH:0.400
G1 F900 Z4.200
G1 F1500 E505.2766
G1 F2700 X134.040 Y83.128 E505.3015
G1 X134.019 Y83.138 E505.3023
G1 X133.484 Y83.138 E505.3201
G1 X132.945 Y82.599 E505.3455
G1 X132.542 Y82.599 E505.3589
G1 X132.542 Y82.761 E505.3642
G1 X132.566 Y82.785 E505.3654
G0 F2700 X132.919 Y83.138
G1 F3000 E500.3654
G1 F900 Z4.500
G0 F4200 X134.019 Y82.598
G1 F900 Z4.200
G1 F1500 E505.3654
G1 F2700 X134.062 Y82.618 E505.3670
G0 F2700 X134.124 Y82.646
G0 F2700 X134.429 Y82.952
G0 F4200 X133.651 Y82.457
;TYPE:SOLID-FILL
;WIDTH:0.400
G1 F3000 X133.593 Y82.399 E505.3697
G1 F3000 E500.3697
G1 F900 Z4.500
G0 F4200 X132.776 Y83.279
G1 F900 Z4.200
G1 F1500 E505.3697
G1 F3000 X132.836 Y83.338 E505.3725
;LAYER:21
;Z:4.400
;HEIGHT:0.200
G1 F3000 E500.3725
G0 F900 Z4.400
G0 F4200 X131.782 Y90.287
;TYPE:WALL-INNER
;WIDTH:0.400
G1 F900 Z4.400
G1 F1500 E505.3725
G1 F2700 X131.696 Y90.158 E505.3776
G1 X131.663 Y89.977 E505.3838
G1 X131.663 Y75.760 E505.8566
G1 X131.696 Y75.579 E505.8627
G1 X131.781 Y75.451 E505.8678
G1 X131.912 Y75.364 E505.8731
G1 X131.985 Y75.341 E505.8756
G1 X132.140 Y75.341 E505.8808
G1 X132.283 Y75.402 E505.8859
G1 X132.392 Y75.509 E505.8910
G1 X132.452 Y75.656 E505.8963
G1 X132.463 Y75.762 E505.8999
G1 X132.463 Y82.319 E506.1179
G1 X134.082 Y82.319 E506.1718
G1 X135.145 Y82.805 E506.2107
G1 X135.145 Y82.933 E506.2149
G1 X134.082 Y83.419 E506.2538
G1 X132.463 Y83.419 E506.3076
G1 X132.463 Y89.952 E506.5249
G1 X132.419 Y90.177 E506.5326
G1 X132.344 Y90.287 E506.5370
G1 X132.247 Y90.351 E506.5409
G0 F2700 X132.214 Y90.373
G0 F2700 X132.077 Y90.402
G0 F2700 X131.940 Y90.379
G0 F2700 X131.782 Y90.287
G1 F3000 E501.5409
G0 F4200 X131.497 Y90.571
;TYPE:WALL-OUTER
;WIDTH:0.400
G1 F900 Z4.400
G1 F1500 E506.5409
G1 F2700 X131.398 Y90.450 E506.5461
G1 X131.325 Y90.312 E506.5512
G1 X131.279 Y90.162 E506.5565
G1 X131.263 Y89.996 E506.5620
G1 X131.263 Y75.741 E507.0361
G1 X131.279 Y75.575 E507.0417
G1 X131.325 Y75.426 E507.0469
G1 X131.398 Y75.287 E507.0521
G1 X131.497 Y75.166 E507.0573
G1 X131.619 Y75.067 E507.0625
G1 X131.757 Y74.993 E507.0677
G1 X131.906 Y74.947 E507.0729
G1 X132.063 Y74.932 E507.0782
G1 X132.219 Y74.947 E507.0834
G1 X132.368 Y74.993 E507.0886
G1 X132.506 Y75.067 E507.0938
G1 X132.628 Y75.166 E507.0990
G1 X132.727 Y75.287 E507.1042
G1 X132.800 Y75.426 E507.1094
G1 X132.846 Y75.576 E507.1146
G1 X132.863 Y75.741 E507.1201
G1 X132.863 Y81.919 E507.3256
G1 X134.169 Y81.919 E507.3691
G1 X135.566 Y82.558 E507.4202
G1 X135.704 Y82.717 E507.4272
G1 X135.736 Y82.878 E507.4326
G1 X135.697 Y83.031 E507.4379
G1 X135.575 Y83.176 E507.4442
G1 X134.169 Y83.819 E507.4956
G1 X132.863 Y83.819 E507.5390
G1 X132.863 Y89.991 E507.7443
G1 X132.800 Y90.312 E507.7552
G1 X132.727 Y90.450 E507.7604
G1 X132.628 Y90.571 E507.7656
G1 X132.506 Y90.671 E507.7708
G1 X132.368 Y90.744 E507.7760
G1 X132.219 Y90.790 E507.7812
G1 X132.063 Y90.805 E507.7864
G1 X131.940 Y90.784 E507.7906
G0 F2700 X131.819 Y90.764
G0 F2700 X131.615 Y90.668
G0 F2700 X131.497 Y90.571
G1 F3000 E502.7906
G0 F4200 X131.910 Y90.120
;TYPE:SOLID-FILL
;WIDTH:0.400
G1 F900 Z4.400
G1 F1500 E507.7906
G1 F3000 X132.062 Y89.686 E507.8071
G1 X132.062 Y89.120 E507.8259
G1 X132.062 Y88.554 E507.8447
G1 X132.062 Y87.989 E507.8634
G1 X132.062 Y87.423 E507.8822
G1 X132.062 Y86.857 E507.9010
G1 X132.062 Y86.292 E507.9197
G1 X132.062 Y85.726 E507.9385
G1 X132.062 Y85.160 E507.9573
G1 X132.062 Y84.594 E507.9760
G1 X132.062 Y84.029 E507.9948
G1 X132.262 Y83.546 E508.0122
G0 F4200 X131.862 Y83.380
G1 F3000 X132.462 Y82.780 E508.0404
G0 F4200 X132.262 Y82.415
G1 F3000 X131.862 Y82.531 E508.0591
G1 X132.062 Y81.766 E508.0780
G1 X132.062 Y81.200 E508.0967
G1 X132.062 Y80.635 E508.1154
G1 X132.062 Y80.069 E508.1342
G1 X132.062 Y79.503 E508.1530
G1 X132.062 Y78.938 E508.1717
G1 X132.062 Y78.372 E508.1905
G1 X132.062 Y77.806 E508.2093
G1 X132.062 Y77.241 E508.2280
G1 X132.062 Y76.675 E508.2468
G1 X132.062 Y76.109 E508.2656
G1 X132.234 Y75.654 E508.2818
G1 F3000 E503.2818
G1 F900 Z4.700
G0 F4200 X132.927 Y82.598
;TYPE:SOLID-FILL
;WIDTH:0.400
G1 F900 Z4.400
G1 F1500 E508.2818
G1 F2700 X132.542 Y82.983 E508.2999
G1 X132.542 Y83.139 E508.3051
G1 X132.952 Y83.139 E508.3187
G1 X133.140 Y82.951 E508.3275
G0 F2700 X133.493 Y82.598
G0 F4200 X134.019 Y82.598
G1 F2700 X134.046 Y82.610 E508.3285
G1 X133.518 Y83.139 E508.3534
G1 X134.019 Y83.138 E508.3700
G1 X134.065 Y83.117 E508.3717
G0 F2700 X134.138 Y83.085
G0 F2700 X134.435 Y82.788
G1 F3000 E503.3717
G1 F900 Z4.700
G0 F4200 X133.975 Y82.399
;TYPE:SOLID-FILL
;WIDTH:0.400
G1 F900 Z4.400
G1 F1500 E508.3717
G1 F3000 X133.656 Y82.434 E508.3750
G1 X133.097 Y82.428 E508.3777
G1 X132.785 Y82.457 E508.3881
G1 F3000 E503.3881
G1 F900 Z4.700
G0 F4200 X123.782 Y90.287
;TYPE:WALL-INNER
;WIDTH:0.400
G1 F900 Z4.400
G1 F1500 E508.3881
G1 F2700 X123.696 Y90.158 E508.3933
G1 X123.663 Y89.977 E508.3994
G1 X123.663 Y75.760 E508.8723
G1 X123.696 Y75.579 E508.8784
G1 X123.781 Y75.451 E508.8835
G1 X123.912 Y75.364 E508.8887
G1 X123.985 Y75.341 E508.8913
G1 X124.140 Y75.341 E508.8964
G1 X124.283 Y75.402 E508.9016
G1 X124.392 Y75.509 E508.9067
G1 X124.452 Y75.656 E508.9120
G1 X124.463 Y75.762 E508.9155
G1 X124.463 Y82.319 E509.1336
G1 X126.082 Y82.319 E509.1874
G1 X127.145 Y82.805 E509.2263
G1 X127.145 Y82.933 E509.2306
G1 X126.082 Y83.419 E509.2694
G1 X124.463 Y83.419 E509.3233
G1 X124.463 Y89.952 E509.5406
G1 X124.419 Y90.177 E509.5482
G1 X124.344 Y90.287 E509.5526
G1 X124.247 Y90.351 E509.5565
G0 F2700 X124.214 Y90.373
G0 F2700 X124.077 Y90.402
G0 F2700 X123.940 Y90.379
G0 F2700 X123.782 Y90.287
G1 F3000 E504.5565
G0 F4200 X123.497 Y90.571
;TYPE:WALL-OUTER
;WIDTH:0.400
G1 F900 Z4.400
G1 F1500 E509.5565
G1 F2700 X123.398 Y90.450 E509.5617
G1 X123.325 Y90.312 E509.5669
G1 X123.279 Y90.162 E509.5721
G1 X123.263 Y89.996 E509.5777
G1 X123.263 Y75.741 E510.0518
G1 X123.279 Y75.575 E510.0573
G1 X123.325 Y75.426 E510.0625
G1 X123.398 Y75.287 E510.0677
G1 X123.497 Y75.166 E510.0729
G1 X123.619 Y75.067 E510.0782
G1 X123.757 Y74.993 E510.0834
G1 X123.906 Y74.947 E510.0886
G1 X124.063 Y74.932 E510.0938
G1 X124.219 Y74.947 E510.0990
G1 X124.368 Y74.993 E510.1042
G1 X124.506 Y75.067 E510.1094
G1 X124.628 Y75.166 E510.1146
G1 X124.727 Y75.287 E510.1198
G1 X124.800 Y75.426 E510.1251
G1 X124.846 Y75.576 E510.1303
G1 X124.863 Y75.741 E510.1358
G1 X124.863 Y81.919 E510.3413
G1 X126.169 Y81.919 E510.3847
G1 X127.566 Y82.558 E510.4358
G1 X127.704 Y82.717 E510.4428
G1 X127.736 Y82.878 E510.4483
G1 X127.697 Y83.031 E510.4535
G1 X127.575 Y83.176 E510.4598
G1 X126.169 Y83.819 E510.5112
G1 X124.863 Y83.819 E510.5547
G1 X124.863 Y89.991 E510.7600
G1 X124.800 Y90.312 E510.7708
G1 X124.727 Y90.450 E510.7760
G1 X124.628 Y90.571 E510.7812
G1 X124.506 Y90.671 E510.7865
G1 X124.368 Y90.744 E510.7917
G1 X124.219 Y90.790 E510.7969
G1 X124.063 Y90.805 E510.8021
G1 X123.940 Y90.784 E510.8062
G0 F2700 X123.819 Y90.764
G0 F2700 X123.615 Y90.668
G0 F2700 X123.497 Y90.571
G1 F3000 E505.8062
G0 F4200 X123.955 Y90.156
;TYPE:SOLID-FILL
;WIDTH:0.400
G1 F900 Z4.400
G1 F1500 E510.8062
G1 F3000 X124.061 Y89.766 E510.8206
G1 X124.061 Y89.201 E510.8394
G1 X124.061 Y88.635 E510.8581
G1 X124.061 Y88.069 E510.8768
G1 X124.061 Y87.504 E510.8956
G1 X124.061 Y86.938 E510.9143
G1 X124.061 Y86.372 E510.9330
G1 X124.061 Y85.806 E510.9518
G1 X124.061 Y85.241 E510.9705
G1 X124.061 Y84.675 E510.9892
G1 X124.061 Y84.109 E511.0080
G1 X124.261 Y83.627 E511.0253
G0 F4200 X123.862 Y83.461
G1 F3000 X124.462 Y82.861 E511.0535
G0 F4200 X124.261 Y82.496
G1 F3000 X123.862 Y82.612 E511.0723
G1 X124.061 Y81.847 E511.0910
G1 X124.061 Y81.281 E511.1098
G1 X124.061 Y80.715 E511.1285
G1 X124.061 Y80.150 E511.1472
G1 X124.061 Y79.584 E511.1660
G1 X124.061 Y79.018 E511.1847
G1 X124.061 Y78.453 E511.2034
G1 X124.061 Y77.887 E511.2222
G1 X124.061 Y77.321 E511.2409
G1 X124.061 Y76.756 E511.2597
G1 X124.061 Y76.190 E511.2784
G1 X124.255 Y75.714 E511.2955
G1 F3000 E506.2955
G1 F900 Z4.700
G0 F4200 X125.007 Y82.598
;TYPE:SOLID-FILL
;WIDTH:0.400
G1 F900 Z4.400
G1 F1500 E511.2955
G1 F2700 X124.542 Y83.063 E511.3174
G1 X124.542 Y83.138 E511.3198
G1 X125.033 Y83.138 E511.3362
G1 X125.220 Y82.951 E511.3450
G0 F2700 X125.573 Y82.598
G0 F4200 X126.019 Y82.598
G1 F2700 X126.101 Y82.636 E511.3480
G1 X125.599 Y83.138 E511.3716
G1 X126.019 Y83.138 E511.3856
G1 X126.031 Y83.132 E511.3860
G0 F2700 X126.286 Y83.017
G0 F2700 X126.442 Y82.861
G1 F3000 E506.3860
G1 F900 Z4.700
G0 F4200 X126.055 Y82.399
;TYPE:SOLID-FILL
;WIDTH:0.400
G1 F900 Z4.400
G1 F1500 E511.3860
G1 F3000 X125.724 Y82.447 E511.3905
G1 X125.177 Y82.428 E511.3932
G1 X124.865 Y82.457 E511.4036
G1 F3000 E506.4036
G1 F900 Z4.700
G0 F4200 X115.940 Y90.379
;TYPE:WALL-INNER
;WIDTH:0.400
G1 F900 Z4.400
G1 F1500 E511.4036
G1 F2700 X115.782 Y90.287 E511.4097
G1 X115.696 Y90.158 E511.4148
G1 X115.663 Y89.977 E511.4210
G1 X115.663 Y75.760 E511.8938
G1 X115.696 Y75.579 E511.8999
G1 X115.781 Y75.451 E511.9050
G1 X115.912 Y75.364 E511.9103
G1 X115.985 Y75.341 E511.9128
G1 X116.140 Y75.341 E511.9180
G1 X116.283 Y75.402 E511.9231
G1 X116.392 Y75.509 E511.9282
G1 X116.452 Y75.656 E511.9335
G1 X116.463 Y75.762 E511.9370
G1 X116.463 Y82.319 E512.1551
G1 X118.082 Y82.319 E512.2090
G1 X119.145 Y82.805 E512.2479
G1 X119.145 Y82.933 E512.2521
G1 X118.082 Y83.419 E512.2910
G1 X116.463 Y83.419 E512.3448
G1 X116.463 Y89.952 E512.5621
G1 X116.419 Y90.177 E512.5698
G1 X116.381 Y90.232 E512.5720
G0 F2700 X116.344 Y90.287
G0 F2700 X116.214 Y90.373
G0 F2700 X116.077 Y90.402
G0 F2700 X115.940 Y90.379
G1 F3000 E507.5720
G0 F4200 X115.819 Y90.764
;TYPE:WALL-OUTER
;WIDTH:0.400
G1 F900 Z4.400
G1 F1500 E512.5720
G1 F2700 X115.615 Y90.668 E512.5795
G1 X115.497 Y90.571 E512.5846
G1 X115.398 Y90.450 E512.5898
G1 X115.325 Y90.312 E512.5949
G1 X115.279 Y90.162 E512.6002
G1 X115.263 Y89.996 E512.6057
G1 X115.263 Y75.741 E513.0798
G1 X115.279 Y75.575 E513.0854
G1 X115.325 Y75.426 E513.0906
G1 X115.398 Y75.287 E513.0958
G1 X115.497 Y75.166 E513.1010
G1 X115.619 Y75.067 E513.1062
G1 X115.757 Y74.993 E513.1114
G1 X115.906 Y74.947 E513.1166
G1 X116.063 Y74.932 E513.1219
G1 X116.219 Y74.947 E513.1271
G1 X116.368 Y74.993 E513.1323
G1 X116.506 Y75.067 E513.1375
G1 X116.628 Y75.166 E513.1427
G1 X116.727 Y75.287 E513.1479
G1 X116.800 Y75.426 E513.1531
G1 X116.846 Y75.576 E513.1583
G1 X116.863 Y75.741 E513.1638
G1 X116.863 Y81.919 E513.3693
G1 X118.169 Y81.919 E513.4128
G1 X119.566 Y82.558 E513.4639
G1 X119.704 Y82.717 E513.4709
G1 X119.736 Y82.878 E513.4763
G1 X119.697 Y83.031 E513.4816
G1 X119.575 Y83.176 E513.4879
G1 X118.169 Y83.819 E513.5393
G1 X116.863 Y83.819 E513.5827
G1 X116.863 Y89.991 E513.7880
G1 X116.800 Y90.312 E513.7989
G1 X116.727 Y90.450 E513.8041
G1 X116.628 Y90.571 E513.8093
G1 X116.506 Y90.671 E513.8145
G1 X116.368 Y90.744 E513.8197
G1 X116.312 Y90.762 E513.8217
G0 F2700 X116.219 Y90.790
G0 F2700 X116.063 Y90.805
G0 F2700 X115.819 Y90.764
G1 F3000 E508.8217
G0 F4200 X116.005 Y90.186
;TYPE:SOLID-FILL
;WIDTH:0.400
G1 F900 Z4.400
G1 F1500 E513.8217
G1 F3000 X116.062 Y89.846 E513.8338
G1 X116.062 Y89.281 E513.8526
G1 X116.062 Y88.715 E513.8714
G1 X116.062 Y88.149 E513.8902
G1 X116.062 Y87.584 E513.9090
G1 X116.062 Y87.018 E513.9277
G1 X116.062 Y86.452 E513.9465
G1 X116.062 Y85.887 E513.9653
G1 X116.062 Y85.321 E513.9841
G1 X116.062 Y84.755 E514.0029
G1 X116.062 Y84.189 E514.0217
G1 X116.262 Y83.707 E514.0391
G0 F4200 X115.862 Y83.541
G1 F3000 X116.462 Y82.941 E514.0673
G0 F4200 X116.319 Y82.518
G1 F3000 X115.862 Y82.693 E514.0888
G1 X116.061 Y81.927 E514.1076
G1 X116.061 Y81.362 E514.1263
G1 X116.061 Y80.796 E514.1450
G1 X116.061 Y80.230 E514.1638
G1 X116.061 Y79.665 E514.1825
G1 X116.061 Y79.099 E514.2012
G1 X116.061 Y78.533 E514.2200
G1 X116.061 Y77.967 E514.2387
G1 X116.061 Y77.402 E514.2574
G1 X116.061 Y76.836 E514.2762
G1 X116.061 Y76.270 E514.2949
G1 X116.261 Y75.788 E514.3123
G1 F3000 E509.3123
G1 F900 Z4.700
G0 F4200 X117.088 Y82.598
;TYPE:SOLID-FILL
;WIDTH:0.400
G1 F900 Z4.400
G1 F1500 E514.3123
G1 F2700 X116.548 Y83.138 E514.3377
G1 X117.113 Y83.138 E514.3565
G1 X117.300 Y82.951 E514.3653
G0 F2700 X117.654 Y82.598
G0 F4200 X118.019 Y82.599
G1 F2700 X118.156 Y82.661 E514.3703
G1 X117.679 Y83.138 E514.3927
G1 X117.974 Y83.138 E514.4025
G0 F2700 X118.018 Y83.138
G0 F2700 X118.434 Y82.949
G1 F3000 E509.4025
G1 F900 Z4.700
G0 F4200 X118.014 Y82.520
;TYPE:SOLID-FILL
;WIDTH:0.400
G1 F900 Z4.400
G1 F1500 E514.4025
G1 F3000 X117.827 Y82.424 E514.4058
G1 X117.259 Y82.427 E514.4084
G1 X116.692 Y82.427 E514.4112
G1 X116.342 Y82.496 E514.4230
G1 F3000 E509.4230
G1 F900 Z4.700
G0 F4200 X107.940 Y90.379
;TYPE:WALL-INNER
;WIDTH:0.400
G1 F900 Z4.400
G1 F1500 E514.4230
G1 F2700 X107.782 Y90.287 E514.4291
G1 X107.696 Y90.158 E514.4343
G1 X107.663 Y89.977 E514.4404
G1 X107.663 Y75.760 E514.9133
G1 X107.696 Y75.579 E514.9194
G1 X107.781 Y75.451 E514.9245
G1 X107.912 Y75.364 E514.9297
G1 X107.985 Y75.341 E514.9323
G1 X108.140 Y75.341 E514.9374
G1 X108.283 Y75.402 E514.9426
G1 X108.392 Y75.509 E514.9477
G1 X108.452 Y75.656 E514.9530
G1 X108.463 Y75.762 E514.9565
G1 X108.463 Y82.319 E515.1746
G1 X110.082 Y82.319 E515.2284
G1 X111.145 Y82.805 E515.2673
G1 X111.145 Y82.933 E515.2716
G1 X110.082 Y83.419 E515.3104
G1 X108.463 Y83.419 E515.3643
G1 X108.463 Y89.952 E515.5816
G1 X108.419 Y90.177 E515.5892
G1 X108.381 Y90.232 E515.5914
G0 F2700 X108.344 Y90.287
G0 F2700 X108.214 Y90.373
G0 F2700 X108.077 Y90.402
G0 F2700 X107.940 Y90.379
G1 F3000 E510.5914
G0 F4200 X107.819 Y90.764
;TYPE:WALL-OUTER
;WIDTH:0.400
G1 F900 Z4.400
G1 F1500 E515.5914
G1 F2700 X107.615 Y90.668 E515.5989
G1 X107.497 Y90.571 E515.6040
G1 X107.398 Y90.450 E515.6092
G1 X107.325 Y90.312 E515.6144
G1 X107.279 Y90.162 E515.6196
G1 X107.263 Y89.996 E515.6252
G1 X107.263 Y75.741 E516.0993
G1 X107.279 Y75.575 E516.1048
G1 X107.325 Y75.426 E516.1100
G1 X107.398 Y75.287 E516.1152
G1 X107.497 Y75.166 E516.1204
G1 X107.619 Y75.067 E516.1257
G1 X107.757 Y74.993 E516.1309
G1 X107.906 Y74.947 E516.1361
G1 X108.063 Y74.932 E516.1413
G1 X108.219 Y74.947 E516.1465
G1 X108.368 Y74.993 E516.1517
G1 X108.506 Y75.067 E516.1569
G1 X108.628 Y75.166 E516.1621
G1 X108.727 Y75.287 E516.1673
G1 X108.800 Y75.426 E516.1726
G1 X108.846 Y75.576 E516.1778
G1 X108.863 Y75.741 E516.1833
G1 X108.863 Y81.919 E516.3888
G1 X110.169 Y81.919 E516.4322
G1 X111.566 Y82.558 E516.4833
G1 X111.704 Y82.717 E516.4903
G1 X111.736 Y82.878 E516.4958
G1 X111.697 Y83.031 E516.5010
G1 X111.575 Y83.176 E516.5073
G1 X110.169 Y83.819 E516.5588
G1 X108.863 Y83.819 E516.6022
G1 X108.863 Y89.991 E516.8075
G1 X108.800 Y90.312 E516.8184
G1 X108.727 Y90.450 E516.8235
G1 X108.628 Y90.571 E516.8287
G1 X108.506 Y90.671 E516.8340
G1 X108.368 Y90.744 E516.8392
G1 X108.312 Y90.762 E516.8411
G0 F2700 X108.219 Y90.790
G0 F2700 X108.063 Y90.805
G0 F2700 X107.819 Y90.764
G1 F3000 E511.8411
G0 F4200 X108.074 Y90.198
;TYPE:SOLID-FILL
;WIDTH:0.400
G1 F900 Z4.400
G1 F1500 E516.8411
G1 F3000 X108.052 Y89.936 E516.8491
G1 X108.062 Y89.361 E516.8679
G1 X108.062 Y88.795 E516.8866
G1 X108.062 Y88.230 E516.9054
G1 X108.062 Y87.664 E516.9241
G1 X108.062 Y87.098 E516.9429
G1 X108.062 Y86.533 E516.9616
G1 X108.062 Y85.967 E516.9804
G1 X108.062 Y85.401 E516.9992
G1 X108.062 Y84.836 E517.0179
G1 X108.062 Y84.270 E517.0367
G1 X108.062 Y83.704 E517.0555
G1 X108.263 Y83.220 E517.0742
G1 X108.431 Y82.770 E517.0834
G1 X107.862 Y82.773 E517.1087
G1 X108.062 Y82.007 E517.1275
G1 X108.062 Y81.441 E517.1462
G1 X108.062 Y80.876 E517.1649
G1 X108.062 Y80.310 E517.1837
G1 X108.062 Y79.744 E517.2025
G1 X108.062 Y79.179 E517.2212
G1 X108.062 Y78.613 E517.2400
G1 X108.062 Y78.047 E517.2587
G1 X108.062 Y77.482 E517.2775
G1 X108.062 Y76.916 E517.2962
G1 X108.062 Y76.350 E517.3150
G1 X108.142 Y75.704 E517.3337
G1 X107.880 Y75.684 E517.3425
G1 F3000 E512.3425
G1 F900 Z4.700
G0 F4200 X108.542 Y82.659
;TYPE:SOLID-FILL
;WIDTH:0.400
G1 F900 Z4.400
G1 F1500 E517.3425
G1 F2700 X108.603 Y82.598 E517.3454
G1 X109.168 Y82.598 E517.3641
G1 X108.627 Y83.139 E517.3896
G1 X109.193 Y83.139 E517.4084
G1 X109.381 Y82.951 E517.4173
G0 F2700 X109.734 Y82.598
G0 F4200 X109.759 Y83.139
G1 F2700 X110.008 Y82.890 E517.4290
G0 F2700 X110.212 Y82.686
G0 F2700 X110.019 Y82.599
G1 F3000 E512.4290
G1 F900 Z4.700
G0 F4200 X109.900 Y83.280
;TYPE:SOLID-FILL
;WIDTH:0.400
G1 F900 Z4.400
G1 F1500 E517.4290
G1 F3000 X109.842 Y83.338 E517.4317
G1 F3000 E512.4317
G1 F900 Z4.700
G0 F4200 X102.034 Y83.269
;TYPE:WALL-INNER
;WIDTH:0.400
G1 F900 Z4.400
G1 F1500 E517.4317
G1 F2700 X90.092 Y83.269 E517.8289
G1 X89.912 Y83.236 E517.8350
G1 X89.781 Y83.149 E517.8402
G1 X89.733 Y83.091 E517.8427
G1 X89.696 Y83.021 E517.8453
G1 X89.668 Y82.893 E517.8497
G1 X89.706 Y82.698 E517.8563
G1 X89.733 Y82.647 E517.8582
G1 X89.842 Y82.539 E517.8633
G1 X89.985 Y82.479 E517.8685
G1 X95.513 Y82.469 E518.0524
G1 X95.513 Y65.848 E518.6052
G1 X95.996 Y64.775 E518.6443
G1 X96.124 Y64.775 E518.6486
G1 X96.612 Y65.849 E518.6878
G1 X96.612 Y82.469 E519.2406
G1 X102.140 Y82.479 E519.4245
G1 X102.283 Y82.539 E519.4296
G1 X102.344 Y82.588 E519.4322
G1 X102.429 Y82.716 E519.4373
G1 X102.460 Y82.869 E519.4425
G1 X102.430 Y83.014 E519.4474
G0 F2700 X102.429 Y83.021
G0 F2700 X102.344 Y83.149
G0 F2700 X102.283 Y83.198
G0 F2700 X102.140 Y83.259
G0 F2700 X102.034 Y83.269
G1 F3000 E514.4474
G0 F4200 X102.053 Y83.669
;TYPE:WALL-OUTER
;WIDTH:0.400
G1 F900 Z4.400
G1 F1500 E519.4474
G1 F2700 X90.073 Y83.669 E519.8459
G1 X89.906 Y83.653 E519.8515
G1 X89.757 Y83.607 E519.8567
G1 X89.619 Y83.533 E519.8619
G1 X89.497 Y83.434 E519.8671
G1 X89.398 Y83.313 E519.8723
G1 X89.325 Y83.174 E519.8775
G1 X89.279 Y83.025 E519.8827
G1 X89.264 Y82.874 E519.8878
G1 X89.325 Y82.563 E519.8983
G1 X89.398 Y82.425 E519.9035
G1 X89.497 Y82.304 E519.9087
G1 X89.619 Y82.204 E519.9139
G1 X89.757 Y82.131 E519.9191
G1 X89.906 Y82.085 E519.9243
G1 X90.073 Y82.069 E519.9299
G1 X95.113 Y82.069 E520.0975
G1 X95.113 Y65.762 E520.6399
G1 X95.706 Y64.446 E520.6879
G1 X95.800 Y64.306 E520.6935
G1 X95.980 Y64.205 E520.7004
G1 X96.135 Y64.205 E520.7055
G1 X96.278 Y64.264 E520.7107
G1 X96.387 Y64.387 E520.7161
G1 X97.012 Y65.762 E520.7664
G1 X97.012 Y82.069 E521.3088
G1 X102.053 Y82.069 E521.4764
G1 X102.219 Y82.085 E521.4820
G1 X102.368 Y82.131 E521.4871
G1 X102.506 Y82.204 E521.4923
G1 X102.628 Y82.304 E521.4976
G1 X102.727 Y82.425 E521.5028
G1 X102.800 Y82.563 E521.5080
G1 X102.846 Y82.714 E521.5132
G1 X102.862 Y82.869 E521.5184
G1 X102.846 Y83.024 E521.5236
G1 X102.800 Y83.174 E521.5288
G1 X102.727 Y83.313 E521.5340
G1 X102.628 Y83.434 E521.5392
G1 X102.523 Y83.519 E521.5437
G0 F2700 X102.506 Y83.533
G0 F2700 X102.368 Y83.607
G0 F2700 X102.219 Y83.653
G0 F2700 X102.053 Y83.669
G1 F3000 E516.5437
G0 F4200 X101.626 Y83.069
;TYPE:SOLID-FILL
;WIDTH:0.400
G1 F900 Z4.400
G1 F1500 E521.5437
G1 F3000 X101.734 Y82.677 E521.5621
G1 X100.974 Y82.873 E521.5805
G1 X100.409 Y82.872 E521.5989
G1 X99.843 Y82.871 E521.6174
G1 X99.279 Y82.871 E521.6359
G1 X98.713 Y82.870 E521.6545
G1 X98.148 Y82.870 E521.6732
G1 X97.583 Y82.869 E521.6918
G1 X96.930 Y82.956 E521.7106
G1 X96.935 Y82.669 E521.7201
G1 F3000 E516.7201
G1 F900 Z4.700
G0 F4200 X96.333 Y82.988
;TYPE:SOLID-FILL
;WIDTH:0.400
G1 F900 Z4.400
G1 F1500 E521.7201
G1 F2700 X96.573 Y82.749 E521.7314
G1 X96.331 Y82.749 E521.7394
G1 X96.331 Y82.425 E521.7502
G1 X95.767 Y82.988 E521.7767
G1 X95.443 Y82.988 E521.7875
G1 X95.443 Y82.749 E521.7954
G1 X95.792 Y82.749 E521.8070
G1 X95.792 Y82.398 E521.8187
G1 X96.331 Y81.859 E521.8441
G1 X96.331 Y81.293 E521.8629
G1 X95.792 Y81.832 E521.8882
G1 X95.792 Y81.267 E521.9070
G1 X96.331 Y80.728 E521.9324
G1 X96.331 Y80.162 E521.9512
G1 X95.792 Y80.701 E521.9766
G1 X95.792 Y80.135 E521.9954
G1 X96.331 Y79.596 E522.0207
G1 X96.331 Y79.031 E522.0395
G1 X95.792 Y79.570 E522.0649
G1 X95.792 Y79.004 E522.0837
G1 X96.331 Y78.465 E522.1091
G1 X96.331 Y77.899 E522.1279
G1 X95.792 Y78.438 E522.1532
G1 X95.792 Y77.872 E522.1721
G1 X96.331 Y77.334 E522.1974
G1 X96.331 Y76.768 E522.2162
G1 X95.792 Y77.307 E522.2416
G1 X95.792 Y76.741 E522.2604
G1 X96.331 Y76.202 E522.2857
G1 X96.331 Y75.637 E522.3045
G1 X95.792 Y76.175 E522.3299
G1 X95.792 Y75.610 E522.3487
G1 X96.331 Y75.071 E522.3740
G1 X96.331 Y74.505 E522.3928
G1 X95.792 Y75.044 E522.4182
G1 X95.792 Y74.478 E522.4370
G1 X96.331 Y73.940 E522.4623
G1 X96.331 Y73.374 E522.4812
G1 X95.792 Y73.913 E522.5065
G1 X95.792 Y73.347 E522.5254
G1 X96.331 Y72.808 E522.5507
G1 X96.331 Y72.242 E522.5695
G1 X95.792 Y72.781 E522.5949
G1 X95.792 Y72.216 E522.6137
G1 X96.331 Y71.677 E522.6390
G1 X96.331 Y71.111 E522.6579
G1 X95.792 Y71.650 E522.6832
G1 X95.792 Y71.084 E522.7020
G1 X96.331 Y70.545 E522.7274
G1 X96.331 Y69.980 E522.7462
G1 X95.792 Y70.519 E522.7715
G1 X95.792 Y69.953 E522.7904
G1 X96.331 Y69.414 E522.8157
G1 X96.331 Y68.848 E522.8345
G1 X95.792 Y69.387 E522.8599
G1 X95.792 Y68.821 E522.8787
G1 X96.331 Y68.283 E522.9040
G1 X96.331 Y67.717 E522.9229
G1 X95.792 Y68.256 E522.9482
G1 X95.792 Y67.690 E522.9670
G1 X96.331 Y67.151 E522.9924
G1 X96.331 Y66.586 E523.0112
G1 X95.792 Y67.124 E523.0365
G1 X95.792 Y66.559 E523.0553
G1 X96.331 Y66.020 E523.0807
G1 X96.331 Y65.908 E523.0844
G1 X96.188 Y65.597 E523.0958
G1 X96.145 Y65.640 E523.0978
G0 F2700 X95.792 Y65.993
G0 F4200 X95.651 Y65.852
;TYPE:SOLID-FILL
;WIDTH:0.400
G1 F3000 X95.592 Y65.910 E523.1005
G1 F3000 E518.1005
G1 F900 Z4.700
G0 F4200 X96.879 Y82.725
G1 F900 Z4.400
G1 F1500 E523.1005
G1 F3000 X96.645 Y82.959 E523.1035
G1 X96.416 Y83.188 E523.1142
G1 F3000 E518.1142
G1 F900 Z4.700
G0 F4200 X95.238 Y82.669
G1 F900 Z4.400
G1 F1500 E523.1142
G1 F3000 X94.754 Y82.869 E523.1330
G1 X94.188 Y82.870 E523.1518
G1 X93.622 Y82.870 E523.1704
G1 X93.056 Y82.871 E523.1891
G1 X92.489 Y82.871 E523.2077
G1 X91.924 Y82.872 E523.2262
G1 X91.357 Y82.872 E523.2447
G1 X90.791 Y82.873 E523.2631
G1 X90.225 Y82.873 E523.2815
G1 X89.881 Y82.935 E523.2931
G1 F3000 E518.2931
G1 F900 Z4.700
G0 F4200 X92.140 Y88.259
;TYPE:WALL-INNER
;WIDTH:0.400
G1 F900 Z4.400
G1 F1500 E523.2931
G1 F2700 X92.034 Y88.269 E523.2966
G1 X80.092 Y88.269 E523.6938
G1 X79.912 Y88.236 E523.6999
G1 X79.781 Y88.149 E523.7051
G1 X79.733 Y88.091 E523.7077
G1 X79.696 Y88.021 E523.7103
G1 X79.668 Y87.893 E523.7146
G1 X79.706 Y87.698 E523.7212
G1 X79.733 Y87.647 E523.7232
G1 X79.842 Y87.539 E523.7283
G1 X79.985 Y87.479 E523.7334
G1 X85.513 Y87.469 E523.9173
G1 X85.513 Y70.848 E524.4701
G1 X85.996 Y69.775 E524.5092
G1 X86.124 Y69.775 E524.5135
G1 X86.612 Y70.849 E524.5527
G1 X86.612 Y87.469 E525.1055
G1 X92.140 Y87.479 E525.2894
G1 X92.283 Y87.539 E525.2945
G1 X92.344 Y87.588 E525.2971
G1 X92.429 Y87.716 E525.3023
G1 X92.460 Y87.869 E525.3074
G1 X92.451 Y87.910 E525.3088
G0 F2700 X92.429 Y88.021
G0 F2700 X92.344 Y88.149
G0 F2700 X92.283 Y88.198
G0 F2700 X92.140 Y88.259
G1 F3000 E520.3088
G0 F4200 X92.219 Y88.653
;TYPE:WALL-OUTER
;WIDTH:0.400
G1 F900 Z4.400
G1 F1500 E525.3088
G1 F2700 X92.053 Y88.669 E525.3144
G1 X80.073 Y88.669 E525.7128
G1 X79.906 Y88.653 E525.7184
G1 X79.757 Y88.607 E525.7236
G1 X79.619 Y88.533 E525.7288
G1 X79.497 Y88.434 E525.7340
G1 X79.398 Y88.313 E525.7392
G1 X79.325 Y88.174 E525.7445
G1 X79.279 Y88.025 E525.7497
G1 X79.264 Y87.874 E525.7547
G1 X79.325 Y87.563 E525.7652
G1 X79.398 Y87.425 E525.7704
G1 X79.497 Y87.304 E525.7756
G1 X79.619 Y87.204 E525.7809
G1 X79.757 Y87.131 E525.7861
G1 X79.906 Y87.085 E525.7913
G1 X80.073 Y87.069 E525.7968
G1 X85.113 Y87.069 E525.9645
G1 X85.113 Y70.762 E526.5068
G1 X85.706 Y69.446 E526.5549
G1 X85.806 Y69.298 E526.5608
G1 X85.847 Y69.264 E526.5626
G1 X85.990 Y69.205 E526.5677
G1 X86.135 Y69.205 E526.5725
G1 X86.278 Y69.264 E526.5777
G1 X86.387 Y69.387 E526.5831
G1 X87.012 Y70.762 E526.6334
G1 X87.012 Y87.069 E527.1758
G1 X92.053 Y87.069 E527.3434
G1 X92.219 Y87.085 E527.3490
G1 X92.368 Y87.131 E527.3542
G1 X92.506 Y87.204 E527.3593
G1 X92.628 Y87.304 E527.3646
G1 X92.727 Y87.425 E527.3698
G1 X92.800 Y87.563 E527.3750
G1 X92.846 Y87.714 E527.3802
G1 X92.862 Y87.869 E527.3854
G1 X92.846 Y88.024 E527.3906
G1 X92.800 Y88.174 E527.3958
G1 X92.727 Y88.313 E527.4010
G1 X92.648 Y88.410 E527.4052
G0 F2700 X92.628 Y88.434
G0 F2700 X92.506 Y88.533
G0 F2700 X92.368 Y88.607
G0 F2700 X92.219 Y88.653
G1 F3000 E522.4052
G0 F4200 X92.121 Y88.049
;TYPE:SOLID-FILL
;WIDTH:0.400
G1 F900 Z4.400
G1 F1500 E527.4052
G1 F3000 X92.084 Y87.803 E527.4109
G1 X91.448 Y87.872 E527.4292
G1 X90.883 Y87.872 E527.4475
G1 X90.318 Y87.871 E527.4659
G1 X89.753 Y87.871 E527.4843
G1 X89.188 Y87.870 E527.5029
G1 X88.622 Y87.870 E527.5214
G1 X88.057 Y87.869 E527.5400
G1 X87.492 Y87.868 E527.5587
G1 X86.885 Y87.910 E527.5775
G1 X86.844 Y87.669 E527.5856
G0 F4200 X86.483 Y87.747
;TYPE:SOLID-FILL
;WIDTH:0.400
G1 F2700 X86.242 Y87.988 E527.5969
G1 X85.677 Y87.988 E527.6157
G1 X86.331 Y87.334 E527.6465
G1 X86.331 Y86.768 E527.6653
G1 X85.792 Y87.307 E527.6907
G1 X85.792 Y86.741 E527.7095
G1 X86.331 Y86.202 E527.7348
G1 X86.331 Y85.636 E527.7537
G1 X85.792 Y86.175 E527.7790
G1 X85.792 Y85.610 E527.7978
G1 X86.331 Y85.071 E527.8232
G1 X86.331 Y84.505 E527.8420
G1 X85.792 Y85.044 E527.8673
G1 X85.792 Y84.478 E527.8862
G1 X86.331 Y83.939 E527.9115
G1 X86.331 Y83.374 E527.9303
G1 X85.792 Y83.913 E527.9557
G1 X85.792 Y83.347 E527.9745
G1 X86.331 Y82.808 E527.9998
G1 X86.331 Y82.242 E528.0187
G1 X85.792 Y82.781 E528.0440
G1 X85.792 Y82.216 E528.0628
G1 X86.331 Y81.677 E528.0882
G1 X86.331 Y81.111 E528.1070
G1 X85.792 Y81.650 E528.1323
G1 X85.792 Y81.084 E528.1512
G1 X86.331 Y80.545 E528.1765
G1 X86.331 Y79.980 E528.1953
G1 X85.792 Y80.518 E528.2206
G1 X85.792 Y79.953 E528.2394
G1 X86.331 Y79.414 E528.2648
G1 X86.331 Y78.848 E528.2836
G1 X85.792 Y79.387 E528.3090
G1 X85.792 Y78.821 E528.3278
G1 X86.331 Y78.283 E528.3531
G1 X86.331 Y77.717 E528.3720
G1 X85.792 Y78.256 E528.3973
G1 X85.792 Y77.690 E528.4161
G1 X86.331 Y77.151 E528.4415
G1 X86.331 Y76.586 E528.4603
G1 X85.792 Y77.124 E528.4856
G1 X85.792 Y76.559 E528.5044
G1 X86.331 Y76.020 E528.5297
G1 X86.331 Y75.454 E528.5486
G1 X85.792 Y75.993 E528.5739
G1 X85.792 Y75.427 E528.5928
G1 X86.331 Y74.888 E528.6181
G1 X86.331 Y74.323 E528.6369
G1 X85.792 Y74.862 E528.6622
G1 X85.792 Y74.296 E528.6811
G1 X86.331 Y73.757 E528.7064
G1 X86.331 Y73.191 E528.7253
G1 X85.792 Y73.730 E528.7506
G1 X85.792 Y73.165 E528.7694
G1 X86.331 Y72.626 E528.7948
G1 X86.331 Y72.060 E528.8136
G1 X85.792 Y72.599 E528.8389
G1 X85.792 Y72.033 E528.8578
G1 X86.331 Y71.494 E528.8831
G1 X86.331 Y70.929 E528.9019
G1 X85.792 Y71.467 E528.9272
G1 X85.791 Y70.907 E528.9459
G1 X85.795 Y70.899 E528.9462
G1 X85.807 Y70.887 E528.9467
G0 F2700 X86.160 Y70.534
G1 F3000 E523.9467
G1 F900 Z4.700
G0 F4200 X86.880 Y87.633
;TYPE:SOLID-FILL
;WIDTH:0.400
G1 F900 Z4.400
G1 F1500 E528.9467
G1 F3000 X86.625 Y87.888 E528.9587
G0 F4200 X85.433 Y87.949
G1 F3000 X85.195 Y87.903 E528.9676
G1 X84.664 Y87.868 E528.9864
G1 X84.098 Y87.869 E529.0050
G1 X83.532 Y87.870 E529.0237
G1 X82.966 Y87.870 E529.0423
G1 X82.400 Y87.870 E529.0609
G1 X81.833 Y87.871 E529.0794
G1 X81.267 Y87.871 E529.0978
G1 X80.702 Y87.872 E529.1163
G1 X80.052 Y87.956 E529.1347
G1 X80.048 Y87.676 E529.1440
;LAYER:22
;Z:4.600
;HEIGHT:0.200
G1 F3000 E524.1440
G0 F900 Z4.600
G0 F4200 X92.140 Y88.259
;TYPE:WALL-INNER
;WIDTH:0.400
G1 F900 Z4.600
G1 F1500 E529.1440
G1 F2700 X92.034 Y88.269 E529.1475
G1 X80.092 Y88.269 E529.5447
G1 X79.912 Y88.236 E529.5508
G1 X79.781 Y88.149 E529.5560
G1 X79.733 Y88.091 E529.5585
G1 X79.696 Y88.021 E529.5612
G1 X79.667 Y87.884 E529.5658
G1 X79.684 Y87.769 E529.5697
G1 X79.742 Y87.636 E529.5745
G1 X79.842 Y87.539 E529.5792
G1 X79.985 Y87.479 E529.5843
G1 X85.513 Y87.469 E529.7682
G1 X85.513 Y70.848 E530.3210
G1 X85.996 Y69.775 E530.3601
G1 X86.124 Y69.775 E530.3644
G1 X86.612 Y70.849 E530.4036
G1 X86.612 Y87.469 E530.9564
G1 X92.140 Y87.479 E531.1403
G1 X92.283 Y87.539 E531.1454
G1 X92.400 Y87.671 E531.1513
G1 X92.454 Y87.808 E531.1562
G1 X92.460 Y87.869 E531.1582
G1 X92.451 Y87.910 E531.1596
G0 F2700 X92.429 Y88.021
G0 F2700 X92.344 Y88.149
G0 F2700 X92.283 Y88.198
G0 F2700 X92.140 Y88.259
G1 F3000 E526.1596
G0 F4200 X92.219 Y88.653
;TYPE:WALL-OUTER
;WIDTH:0.400
G1 F900 Z4.600
G1 F1500 E531.1596
G1 F2700 X92.053 Y88.669 E531.1652
G1 X80.073 Y88.669 E531.5636
G1 X79.906 Y88.653 E531.5692
G1 X79.757 Y88.607 E531.5744
G1 X79.619 Y88.533 E531.5796
G1 X79.497 Y88.434 E531.5848
G1 X79.398 Y88.313 E531.5900
G1 X79.325 Y88.174 E531.5953
G1 X79.279 Y88.025 E531.6004
G1 X79.264 Y87.874 E531.6055
G1 X79.296 Y87.657 E531.6128
G1 X79.398 Y87.425 E531.6212
G1 X79.497 Y87.304 E531.6264
G1 X79.619 Y87.204 E531.6317
G1 X79.757 Y87.131 E531.6369
G1 X79.906 Y87.085 E531.6420
G1 X80.073 Y87.069 E531.6476
G1 X85.113 Y87.069 E531.8153
G1 X85.113 Y70.762 E532.3576
G1 X85.706 Y69.446 E532.4056
G1 X85.806 Y69.298 E532.4116
G1 X85.847 Y69.264 E532.4133
G1 X85.990 Y69.205 E532.4185
G1 X86.135 Y69.205 E532.4233
G1 X86.278 Y69.264 E532.4285
G1 X86.386 Y69.385 E532.4339
G1 X87.012 Y70.762 E532.4842
G1 X87.012 Y87.069 E533.0265
G1 X92.053 Y87.069 E533.1942
G1 X92.219 Y87.085 E533.1997
G1 X92.368 Y87.131 E533.2049
G1 X92.506 Y87.204 E533.2101
G1 X92.624 Y87.301 E533.2152
G1 X92.754 Y87.476 E533.2225
G1 X92.846 Y87.714 E533.2309
G1 X92.862 Y87.869 E533.2361
G1 X92.846 Y88.024 E533.2413
G1 X92.800 Y88.174 E533.2465
G1 X92.727 Y88.313 E533.2517
G1 X92.648 Y88.410 E533.2559
G0 F2700 X92.628 Y88.434
G0 F2700 X92.506 Y88.533
G0 F2700 X92.368 Y88.607
G0 F2700 X92.219 Y88.653
G1 F3000 E528.2559
G0 F4200 X92.218 Y87.975
;TYPE:SOLID-FILL
;WIDTH:0.400
G1 F900 Z4.600
G1 F1500 E533.2559
G1 F3000 X91.832 Y87.873 E533.2699
G1 X91.267 Y87.873 E533.2881
G1 X90.700 Y87.872 E533.3065
G1 X90.134 Y87.872 E533.3249
G1 X89.568 Y87.871 E533.3434
G1 X89.002 Y87.871 E533.3619
G1 X88.435 Y87.870 E533.3804
G1 X87.869 Y87.870 E533.3990
G1 X87.303 Y87.869 E533.4177
G1 X86.821 Y87.669 E533.4351
G0 F4200 X86.617 Y87.748
;TYPE:SOLID-FILL
;WIDTH:0.400
G1 F2700 X86.681 Y87.812 E533.4381
G1 X86.681 Y87.988 E533.4439
G1 X86.291 Y87.988 E533.4569
G1 X85.791 Y87.488 E533.4804
G1 X85.792 Y87.748 E533.4891
G1 X85.646 Y87.748 E533.4939
G0 F2700 X85.485 Y87.748
G0 F2700 X85.725 Y87.988
G1 F3000 E528.4939
G1 F900 Z4.900
G0 F4200 X86.332 Y87.463
G1 F900 Z4.600
G1 F1500 E533.4939
G1 F2700 X85.791 Y86.923 E533.5193
G1 X85.791 Y86.357 E533.5382
G1 X86.332 Y86.897 E533.5636
G1 X86.332 Y86.332 E533.5824
G1 X85.791 Y85.791 E533.6078
G1 X85.791 Y85.226 E533.6266
G1 X86.332 Y85.766 E533.6521
G1 X86.332 Y85.200 E533.6709
G1 X85.791 Y84.660 E533.6963
G1 X85.791 Y84.094 E533.7151
G1 X86.332 Y84.635 E533.7406
G1 X86.332 Y84.069 E533.7594
G1 X85.791 Y83.529 E533.7848
G1 X85.791 Y82.963 E533.8036
G1 X86.332 Y83.503 E533.8291
G1 X86.332 Y82.937 E533.8479
G1 X85.791 Y82.397 E533.8733
G1 X85.791 Y81.832 E533.8921
G1 X86.332 Y82.372 E533.9175
G1 X86.332 Y81.806 E533.9364
G1 X85.791 Y81.266 E533.9618
G1 X85.791 Y80.700 E533.9806
G1 X86.332 Y81.240 E534.0060
G1 X86.332 Y80.675 E534.0248
G1 X85.791 Y80.134 E534.0503
G1 X85.791 Y79.569 E534.0691
G1 X86.332 Y80.109 E534.0945
G1 X86.332 Y79.543 E534.1133
G1 X85.791 Y79.003 E534.1387
G1 X85.791 Y78.437 E534.1576
G1 X86.332 Y78.978 E534.1830
G1 X86.332 Y78.412 E534.2018
G1 X85.791 Y77.872 E534.2273
G1 X85.791 Y77.306 E534.2461
G1 X86.332 Y77.846 E534.2715
G1 X86.332 Y77.281 E534.2903
G1 X85.791 Y76.740 E534.3157
G1 X85.791 Y76.175 E534.3345
G1 X86.332 Y76.715 E534.3600
G1 X86.332 Y76.149 E534.3788
G1 X85.791 Y75.609 E534.4042
G1 X85.791 Y75.043 E534.4230
G1 X86.332 Y75.584 E534.4485
G1 X86.332 Y75.018 E534.4673
G1 X85.791 Y74.478 E534.4927
G1 X85.791 Y73.912 E534.5116
G1 X86.332 Y74.452 E534.5370
G1 X86.332 Y73.887 E534.5558
G1 X85.791 Y73.346 E534.5812
G1 X85.791 Y72.781 E534.6000
G1 X86.332 Y73.321 E534.6254
G1 X86.332 Y72.755 E534.6443
G1 X85.791 Y72.215 E534.6697
G1 X85.791 Y71.649 E534.6885
G1 X86.332 Y72.189 E534.7139
G1 X86.332 Y71.624 E534.7327
G1 X85.791 Y71.084 E534.7581
G1 X85.791 Y70.907 E534.7640
G1 X85.912 Y70.638 E534.7738
G1 X85.978 Y70.704 E534.7769
G0 F2700 X86.332 Y71.058
G0 F4200 X86.472 Y70.916
;TYPE:SOLID-FILL
;WIDTH:0.400
G1 F3000 X86.531 Y70.975 E534.7797
G1 F3000 E529.7797
G1 F900 Z4.900
G0 F4200 X86.472 Y87.320
G1 F900 Z4.600
G1 F1500 E534.7797
G1 F3000 X86.615 Y87.464 E534.7825
G1 X86.757 Y87.606 E534.7892
G1 F3000 E529.7892
G1 F900 Z4.900
G0 F4200 X85.642 Y88.188
G1 F900 Z4.600
G1 F1500 E534.7892
G1 F3000 X85.473 Y88.018 E534.7920
G1 X85.040 Y87.868 E534.8033
G1 X84.475 Y87.869 E534.8219
G1 X83.910 Y87.870 E534.8405
G1 X83.344 Y87.870 E534.8591
G1 X82.779 Y87.870 E534.8776
G1 X82.214 Y87.871 E534.8961
G1 X81.648 Y87.871 E534.9146
G1 X81.083 Y87.872 E534.9330
G1 X80.518 Y87.872 E534.9514
G1 X80.040 Y87.677 E534.9685
G1 F3000 E529.9685
G1 F900 Z4.900
G0 F4200 X102.034 Y83.269
;TYPE:WALL-INNER
;WIDTH:0.400
G1 F900 Z4.600
G1 F1500 E534.9685
G1 F2700 X90.092 Y83.269 E535.3657
G1 X89.912 Y83.236 E535.3718
G1 X89.781 Y83.149 E535.3771
G1 X89.733 Y83.091 E535.3796
G1 X89.696 Y83.021 E535.3822
G1 X89.667 Y82.884 E535.3868
G1 X89.684 Y82.769 E535.3907
G1 X89.742 Y82.636 E535.3955
G1 X89.842 Y82.539 E535.4002
G1 X89.985 Y82.479 E535.4053
G1 X95.513 Y82.469 E535.5892
G1 X95.513 Y65.848 E536.1420
G1 X95.996 Y64.775 E536.1811
G1 X96.124 Y64.775 E536.1854
G1 X96.612 Y65.849 E536.2246
G1 X96.612 Y82.469 E536.7774
G1 X102.140 Y82.479 E536.9613
G1 X102.283 Y82.539 E536.9664
G1 X102.400 Y82.671 E536.9723
G1 X102.454 Y82.808 E536.9772
G1 X102.460 Y82.869 E536.9792
G1 X102.430 Y83.014 E536.9842
G0 F2700 X102.429 Y83.021
G0 F2700 X102.344 Y83.149
G0 F2700 X102.283 Y83.198
G0 F2700 X102.140 Y83.259
G0 F2700 X102.034 Y83.269
G1 F3000 E531.9842
G0 F4200 X102.053 Y83.669
;TYPE:WALL-OUTER
;WIDTH:0.400
G1 F900 Z4.600
G1 F1500 E536.9842
G1 F2700 X90.073 Y83.669 E537.3826
G1 X89.906 Y83.653 E537.3882
G1 X89.757 Y83.607 E537.3934
G1 X89.619 Y83.533 E537.3986
G1 X89.497 Y83.434 E537.4038
G1 X89.398 Y83.313 E537.4090
G1 X89.325 Y83.174 E537.4142
G1 X89.279 Y83.025 E537.4194
G1 X89.264 Y82.874 E537.4245
G1 X89.296 Y82.657 E537.4318
G1 X89.398 Y82.425 E537.4402
G1 X89.497 Y82.304 E537.4454
G1 X89.619 Y82.204 E537.4507
G1 X89.757 Y82.131 E537.4558
G1 X89.906 Y82.085 E537.4610
G1 X90.073 Y82.069 E537.4666
G1 X95.113 Y82.069 E537.6342
G1 X95.113 Y65.762 E538.1766
G1 X95.706 Y64.446 E538.2246
G1 X95.800 Y64.306 E538.2302
G1 X95.980 Y64.205 E538.2371
G1 X96.135 Y64.205 E538.2423
G1 X96.278 Y64.264 E538.2474
G1 X96.386 Y64.385 E538.2528
G1 X97.012 Y65.762 E538.3031
G1 X97.012 Y82.069 E538.8455
G1 X102.053 Y82.069 E539.0131
G1 X102.219 Y82.085 E539.0187
G1 X102.368 Y82.131 E539.0239
G1 X102.506 Y82.204 E539.0291
G1 X102.624 Y82.301 E539.0341
G1 X102.754 Y82.476 E539.0414
G1 X102.846 Y82.714 E539.0499
G1 X102.862 Y82.869 E539.0551
G1 X102.846 Y83.024 E539.0603
G1 X102.800 Y83.174 E539.0655
G1 X102.727 Y83.313 E539.0707
G1 X102.628 Y83.434 E539.0759
G1 X102.523 Y83.519 E539.0804
G0 F2700 X102.506 Y83.533
G0 F2700 X102.368 Y83.607
G0 F2700 X102.219 Y83.653
G0 F2700 X102.053 Y83.669
G1 F3000 E534.0804
G0 F4200 X102.019 Y83.068
;TYPE:SOLID-FILL
;WIDTH:0.400
G1 F900 Z4.600
G1 F1500 E539.0804
G1 F3000 X101.540 Y82.873 E539.0987
G1 X100.974 Y82.872 E539.1171
G1 X100.409 Y82.872 E539.1354
G1 X99.842 Y82.871 E539.1539
G1 X99.276 Y82.871 E539.1724
G1 X98.710 Y82.870 E539.1909
G1 X98.144 Y82.870 E539.2095
G1 X97.577 Y82.870 E539.2281
G1 X96.927 Y82.785 E539.2468
G1 X96.928 Y83.068 E539.2562
G1 F3000 E534.2562
G1 F900 Z4.900
G0 F4200 X95.759 Y82.749
;TYPE:SOLID-FILL
;WIDTH:0.400
G1 F900 Z4.600
G1 F1500 E539.2562
G1 F2700 X95.999 Y82.988 E539.2675
G1 X96.565 Y82.988 E539.2863
G1 X95.792 Y82.216 E539.3226
G1 X95.792 Y81.650 E539.3415
G1 X96.331 Y82.189 E539.3668
G1 X96.331 Y81.623 E539.3856
G1 X95.792 Y81.084 E539.4110
G1 X95.792 Y80.518 E539.4298
G1 X96.331 Y81.057 E539.4552
G1 X96.331 Y80.492 E539.4740
G1 X95.792 Y79.953 E539.4993
G1 X95.792 Y79.387 E539.5181
G1 X96.331 Y79.926 E539.5435
G1 X96.331 Y79.360 E539.5623
G1 X95.792 Y78.821 E539.5877
G1 X95.792 Y78.256 E539.6065
G1 X96.331 Y78.795 E539.6318
G1 X96.331 Y78.229 E539.6507
G1 X95.792 Y77.690 E539.6760
G1 X95.792 Y77.124 E539.6948
G1 X96.331 Y77.663 E539.7202
G1 X96.331 Y77.097 E539.7390
G1 X95.792 Y76.559 E539.7643
G1 X95.792 Y75.993 E539.7832
G1 X96.331 Y76.532 E539.8085
G1 X96.331 Y75.966 E539.8273
G1 X95.792 Y75.427 E539.8527
G1 X95.792 Y74.862 E539.8715
G1 X96.331 Y75.400 E539.8968
G1 X96.331 Y74.835 E539.9156
G1 X95.792 Y74.296 E539.9410
G1 X95.792 Y73.730 E539.9598
G1 X96.331 Y74.269 E539.9851
G1 X96.331 Y73.703 E540.0040
G1 X95.792 Y73.165 E540.0293
G1 X95.792 Y72.599 E540.0481
G1 X96.331 Y73.138 E540.0735
G1 X96.331 Y72.572 E540.0923
G1 X95.792 Y72.033 E540.1176
G1 X95.792 Y71.467 E540.1365
G1 X96.331 Y72.006 E540.1618
G1 X96.331 Y71.441 E540.1806
G1 X95.792 Y70.902 E540.2060
G1 X95.792 Y70.336 E540.2248
G1 X96.331 Y70.875 E540.2501
G1 X96.331 Y70.309 E540.2690
G1 X95.792 Y69.770 E540.2943
G1 X95.792 Y69.205 E540.3131
G1 X96.331 Y69.744 E540.3385
G1 X96.331 Y69.178 E540.3573
G1 X95.792 Y68.639 E540.3827
G1 X95.792 Y68.073 E540.4015
G1 X96.331 Y68.612 E540.4268
G1 X96.331 Y68.047 E540.4456
G1 X95.792 Y67.508 E540.4710
G1 X95.792 Y66.942 E540.4898
G1 X96.331 Y67.481 E540.5152
G1 X96.331 Y66.915 E540.5340
G1 X95.792 Y66.376 E540.5593
G1 X95.792 Y65.907 E540.5749
G1 X95.822 Y65.840 E540.5774
G1 X96.331 Y66.349 E540.6013
G1 X96.331 Y65.908 E540.6160
G1 X96.319 Y65.883 E540.6169
G0 F2700 X96.227 Y65.680
G0 F2700 X96.031 Y65.484
G1 F3000 E535.6169
G1 F900 Z4.900
G0 F4200 X95.276 Y82.549
;TYPE:SOLID-FILL
;WIDTH:0.400
G1 F900 Z4.600
G1 F1500 E540.6169
G1 F3000 X95.484 Y83.038 E540.6329
G1 X95.243 Y83.080 E540.6410
G1 F3000 E535.6410
G1 F900 Z4.900
G0 F4200 X96.807 Y82.948
G1 F900 Z4.600
G1 F1500 E540.6410
G1 F3000 X96.880 Y83.021 E540.6445
G1 F3000 E535.6445
G1 F900 Z4.900
G0 F4200 X95.231 Y83.068
G1 F900 Z4.600
G1 F1500 E540.6445
G1 F3000 X94.749 Y82.869 E540.6632
G1 X94.183 Y82.870 E540.6817
G1 X93.618 Y82.870 E540.7003
G1 X93.053 Y82.871 E540.7188
G1 X92.488 Y82.871 E540.7373
G1 X91.923 Y82.872 E540.7557
G1 X91.358 Y82.872 E540.7741
G1 X90.792 Y82.872 E540.7924
G1 X90.227 Y82.873 E540.8107
G1 X89.882 Y82.811 E540.8223
G1 F3000 E535.8223
G1 F900 Z4.900
G0 F4200 X107.936 Y90.377
;TYPE:WALL-INNER
;WIDTH:0.400
G1 F900 Z4.600
G1 F1500 E540.8223
G1 F2700 X107.782 Y90.287 E540.8283
G1 X107.696 Y90.158 E540.8334
G1 X107.663 Y89.977 E540.8396
G1 X107.663 Y75.760 E541.3124
G1 X107.696 Y75.579 E541.3185
G1 X107.781 Y75.451 E541.3236
G1 X107.912 Y75.364 E541.3289
G1 X107.985 Y75.341 E541.3314
G1 X108.140 Y75.341 E541.3366
G1 X108.283 Y75.402 E541.3417
G1 X108.392 Y75.509 E541.3468
G1 X108.452 Y75.656 E541.3521
G1 X108.463 Y75.762 E541.3557
G1 X108.463 Y82.319 E541.5737
G1 X110.082 Y82.319 E541.6276
G1 X111.145 Y82.805 E541.6665
G1 X111.145 Y82.933 E541.6707
G1 X110.082 Y83.419 E541.7096
G1 X108.463 Y83.419 E541.7634
G1 X108.463 Y89.952 E541.9807
G1 X108.419 Y90.177 E541.9884
G1 X108.378 Y90.236 E541.9907
G0 F2700 X108.344 Y90.287
G0 F2700 X108.214 Y90.373
G0 F2700 X108.078 Y90.402
G0 F2700 X107.936 Y90.377
G1 F3000 E536.9907
G0 F4200 X107.814 Y90.762
;TYPE:WALL-OUTER
;WIDTH:0.400
G1 F900 Z4.600
G1 F1500 E541.9907
G1 F2700 X107.615 Y90.668 E541.9981
G1 X107.497 Y90.571 E542.0032
G1 X107.398 Y90.450 E542.0084
G1 X107.325 Y90.312 E542.0135
G1 X107.279 Y90.162 E542.0188
G1 X107.263 Y89.996 E542.0243
G1 X107.263 Y75.741 E542.4984
G1 X107.279 Y75.575 E542.5040
G1 X107.325 Y75.426 E542.5092
G1 X107.398 Y75.287 E542.5144
G1 X107.497 Y75.166 E542.5196
G1 X107.619 Y75.067 E542.5248
G1 X107.757 Y74.993 E542.5300
G1 X107.906 Y74.947 E542.5352
G1 X108.063 Y74.932 E542.5405
G1 X108.219 Y74.947 E542.5457
G1 X108.368 Y74.993 E542.5509
G1 X108.506 Y75.067 E542.5561
G1 X108.628 Y75.166 E542.5613
G1 X108.727 Y75.287 E542.5665
G1 X108.800 Y75.426 E542.5717
G1 X108.846 Y75.576 E542.5769
G1 X108.863 Y75.741 E542.5824
G1 X108.863 Y81.919 E542.7879
G1 X110.169 Y81.919 E542.8314
G1 X111.566 Y82.558 E542.8825
G1 X111.704 Y82.717 E542.8895
G1 X111.734 Y82.869 E542.8946
G1 X111.679 Y83.068 E542.9015
G1 X111.566 Y83.180 E542.9068
G1 X110.169 Y83.819 E542.9579
G1 X108.863 Y83.819 E543.0013
G1 X108.863 Y89.991 E543.2066
G1 X108.800 Y90.312 E543.2175
G1 X108.727 Y90.450 E543.2227
G1 X108.628 Y90.571 E543.2279
G1 X108.506 Y90.671 E543.2331
G1 X108.368 Y90.744 E543.2383
G1 X108.307 Y90.763 E543.2404
G0 F2700 X108.219 Y90.790
G0 F2700 X108.063 Y90.805
G0 F2700 X107.814 Y90.762
G1 F3000 E538.2404
G0 F4200 X108.002 Y90.183
;TYPE:SOLID-FILL
;WIDTH:0.400
G1 F900 Z4.600
G1 F1500 E543.2404
G1 F3000 X108.071 Y89.969 E543.2461
G1 X108.062 Y89.394 E543.2649
G1 X108.062 Y88.828 E543.2837
G1 X108.062 Y88.262 E543.3025
G1 X108.062 Y87.697 E543.3213
G1 X108.062 Y87.131 E543.3401
G1 X108.062 Y86.565 E543.3589
G1 X108.062 Y86.000 E543.3777
G1 X108.062 Y85.434 E543.3965
G1 X108.062 Y84.868 E543.4153
G1 X108.062 Y84.303 E543.4341
G1 X108.062 Y83.737 E543.4529
G1 X108.126 Y83.236 E543.4717
G1 X107.862 Y82.689 E543.4919
G0 F4200 X107.862 Y82.123
G1 F3000 X108.462 Y82.723 E543.5201
G1 F3000 E538.5201
G1 F900 Z4.900
G0 F4200 X108.262 Y81.957
G1 F900 Z4.600
G1 F1500 E543.5201
G1 F3000 X108.062 Y81.474 E543.5389
G1 X108.062 Y80.909 E543.5576
G1 X108.062 Y80.343 E543.5764
G1 X108.062 Y79.777 E543.5952
G1 X108.062 Y79.211 E543.6140
G1 X108.062 Y78.646 E543.6328
G1 X108.062 Y78.080 E543.6516
G1 X108.062 Y77.514 E543.6704
G1 X108.062 Y76.949 E543.6892
G1 X108.062 Y76.383 E543.7080
G1 X107.964 Y75.720 E543.7268
G1 X108.258 Y75.731 E543.7366
G1 F3000 E538.7366
G1 F900 Z4.900
G0 F4200 X109.752 Y82.599
;TYPE:SOLID-FILL
;WIDTH:0.400
G1 F900 Z4.600
G1 F1500 E543.7366
G1 F2700 X110.206 Y83.053 E543.7579
G1 X110.019 Y83.139 E543.7648
G1 X109.726 Y83.138 E543.7745
G1 X109.186 Y82.599 E543.7999
G1 X108.620 Y82.599 E543.8187
G1 X109.160 Y83.138 E543.8441
G1 X109.094 Y83.138 E543.8463
G0 F2700 X108.594 Y83.138
G0 F4200 X108.511 Y83.338
;TYPE:SOLID-FILL
;WIDTH:0.400
G1 F3000 X108.342 Y83.169 E543.8542
G1 F3000 E538.8542
G1 F900 Z4.900
G0 F4200 X109.834 Y82.399
G1 F900 Z4.600
G1 F1500 E543.8542
G1 F3000 X109.892 Y82.457 E543.8570
G1 F3000 E538.8570
G1 F900 Z4.900
G0 F4200 X115.936 Y90.377
;TYPE:WALL-INNER
;WIDTH:0.400
G1 F900 Z4.600
G1 F1500 E543.8570
G1 F2700 X115.782 Y90.287 E543.8629
G1 X115.696 Y90.158 E543.8680
G1 X115.663 Y89.977 E543.8742
G1 X115.663 Y75.760 E544.3470
G1 X115.696 Y75.579 E544.3531
G1 X115.781 Y75.451 E544.3583
G1 X115.912 Y75.364 E544.3635
G1 X115.985 Y75.341 E544.3660
G1 X116.140 Y75.341 E544.3712
G1 X116.283 Y75.402 E544.3764
G1 X116.392 Y75.509 E544.3814
G1 X116.452 Y75.656 E544.3867
G1 X116.463 Y75.762 E544.3903
G1 X116.463 Y82.319 E544.6083
G1 X118.082 Y82.319 E544.6622
G1 X119.145 Y82.805 E544.7011
G1 X119.145 Y82.933 E544.7053
G1 X118.082 Y83.419 E544.7442
G1 X116.463 Y83.419 E544.7981
G1 X116.463 Y89.952 E545.0153
G1 X116.419 Y90.177 E545.0230
G1 X116.378 Y90.236 E545.0254
G0 F2700 X116.344 Y90.287
G0 F2700 X116.214 Y90.373
G0 F2700 X116.078 Y90.402
G0 F2700 X115.936 Y90.377
G1 F3000 E540.0254
G0 F4200 X115.814 Y90.762
;TYPE:WALL-OUTER
;WIDTH:0.400
G1 F900 Z4.600
G1 F1500 E545.0254
G1 F2700 X115.615 Y90.668 E545.0327
G1 X115.497 Y90.571 E545.0378
G1 X115.398 Y90.450 E545.0430
G1 X115.325 Y90.312 E545.0481
G1 X115.279 Y90.162 E545.0534
G1 X115.263 Y89.996 E545.0589
G1 X115.263 Y75.741 E545.5330
G1 X115.279 Y75.575 E545.5386
G1 X115.325 Y75.426 E545.5438
G1 X115.398 Y75.287 E545.5490
G1 X115.497 Y75.166 E545.5542
G1 X115.619 Y75.067 E545.5594
G1 X115.757 Y74.993 E545.5646
G1 X115.906 Y74.947 E545.5698
G1 X116.063 Y74.932 E545.5751
G1 X116.219 Y74.947 E545.5803
G1 X116.368 Y74.993 E545.5855
G1 X116.506 Y75.067 E545.5907
G1 X116.628 Y75.166 E545.5959
G1 X116.727 Y75.287 E545.6011
G1 X116.800 Y75.426 E545.6063
G1 X116.846 Y75.576 E545.6115
G1 X116.863 Y75.741 E545.6170
G1 X116.863 Y81.919 E545.8225
G1 X118.169 Y81.919 E545.8660
G1 X119.566 Y82.558 E545.9171
G1 X119.704 Y82.717 E545.9241
G1 X119.734 Y82.869 E545.9292
G1 X119.679 Y83.068 E545.9361
G1 X119.566 Y83.180 E545.9414
G1 X118.169 Y83.819 E545.9925
G1 X116.863 Y83.819 E546.0359
G1 X116.863 Y89.991 E546.2412
G1 X116.800 Y90.312 E546.2521
G1 X116.727 Y90.450 E546.2573
G1 X116.628 Y90.571 E546.2625
G1 X116.506 Y90.671 E546.2677
G1 X116.368 Y90.744 E546.2729
G1 X116.307 Y90.763 E546.2750
G0 F2700 X116.219 Y90.790
G0 F2700 X116.063 Y90.805
G0 F2700 X115.814 Y90.762
G1 F3000 E541.2750
G0 F4200 X116.258 Y89.954
;TYPE:SOLID-FILL
;WIDTH:0.400
G1 F900 Z4.600
G1 F1500 E546.2750
G1 F3000 X116.062 Y89.474 E546.2936
G1 X116.062 Y88.909 E546.3124
G1 X116.062 Y88.343 E546.3312
G1 X116.062 Y87.777 E546.3500
G1 X116.062 Y87.212 E546.3688
G1 X116.062 Y86.646 E546.3876
G1 X116.062 Y86.080 E546.4064
G1 X116.062 Y85.515 E546.4252
G1 X116.062 Y84.949 E546.4440
G1 X116.062 Y84.383 E546.4628
G1 X116.062 Y83.818 E546.4816
G1 X116.086 Y83.276 E546.5003
G1 X115.862 Y82.769 E546.5188
G0 F4200 X115.862 Y82.203
G1 F3000 X116.462 Y82.804 E546.5470
G1 F3000 E541.5470
G1 F900 Z4.900
G0 F4200 X116.262 Y82.038
G1 F900 Z4.600
G1 F1500 E546.5470
G1 F3000 X116.062 Y81.555 E546.5658
G1 X116.062 Y80.989 E546.5846
G1 X116.062 Y80.423 E546.6034
G1 X116.062 Y79.858 E546.6222
G1 X116.062 Y79.292 E546.6410
G1 X116.062 Y78.726 E546.6598
G1 X116.062 Y78.161 E546.6786
G1 X116.062 Y77.595 E546.6974
G1 X116.062 Y77.029 E546.7162
G1 X116.062 Y76.464 E546.7350
G1 X116.062 Y75.898 E546.7538
G1 X115.995 Y75.549 E546.7656
G1 F3000 E541.7656
G1 F900 Z4.900
G0 F4200 X117.671 Y82.599
;TYPE:SOLID-FILL
;WIDTH:0.400
G1 F900 Z4.600
G1 F1500 E546.7656
G1 F2700 X118.150 Y83.077 E546.7881
G1 X118.018 Y83.138 E546.7929
G1 X117.645 Y83.138 E546.8053
G1 X117.106 Y82.599 E546.8307
G1 X116.542 Y82.598 E546.8495
G1 X116.542 Y82.601 E546.8496
G1 X116.726 Y82.785 E546.8582
G0 F2700 X117.079 Y83.138
G1 F3000 E541.8582
G1 F900 Z4.900
G0 F4200 X118.019 Y82.599
G1 F900 Z4.600
G1 F1500 E546.8582
G1 F2700 X118.419 Y82.780 E546.8728
G1 F3000 E541.8728
G1 F900 Z4.900
G0 F4200 X116.997 Y83.338
;TYPE:SOLID-FILL
;WIDTH:0.400
G1 F900 Z4.600
G1 F1500 E546.8728
G1 F3000 X116.684 Y83.308 E546.8756
G1 X116.341 Y83.249 E546.8872
G1 F3000 E541.8872
G1 F900 Z4.900
G0 F4200 X123.782 Y90.287
;TYPE:WALL-INNER
;WIDTH:0.400
G1 F900 Z4.600
G1 F1500 E546.8872
G1 F2700 X123.696 Y90.158 E546.8923
G1 X123.663 Y89.977 E546.8985
G1 X123.663 Y75.760 E547.3713
G1 X123.696 Y75.579 E547.3774
G1 X123.781 Y75.451 E547.3825
G1 X123.912 Y75.364 E547.3878
G1 X123.985 Y75.341 E547.3903
G1 X124.140 Y75.341 E547.3955
G1 X124.283 Y75.402 E547.4006
G1 X124.392 Y75.509 E547.4057
G1 X124.452 Y75.656 E547.4110
G1 X124.463 Y75.762 E547.4146
G1 X124.463 Y82.319 E547.6326
G1 X126.082 Y82.319 E547.6865
G1 X127.145 Y82.805 E547.7254
G1 X127.145 Y82.933 E547.7296
G1 X126.082 Y83.419 E547.7685
G1 X124.463 Y83.419 E547.8223
G1 X124.463 Y89.952 E548.0396
G1 X124.419 Y90.177 E548.0473
G1 X124.344 Y90.287 E548.0517
G1 X124.246 Y90.352 E548.0556
G0 F2700 X124.214 Y90.373
G0 F2700 X124.078 Y90.402
G0 F2700 X123.936 Y90.377
G0 F2700 X123.782 Y90.287
G1 F3000 E543.0556
G0 F4200 X123.497 Y90.571
;TYPE:WALL-OUTER
;WIDTH:0.400
G1 F900 Z4.600
G1 F1500 E548.0556
G1 F2700 X123.398 Y90.450 E548.0608
G1 X123.325 Y90.312 E548.0660
G1 X123.279 Y90.162 E548.0712
G1 X123.263 Y89.996 E548.0768
G1 X123.263 Y75.741 E548.5509
G1 X123.279 Y75.575 E548.5564
G1 X123.325 Y75.426 E548.5616
G1 X123.398 Y75.287 E548.5668
G1 X123.497 Y75.166 E548.5720
G1 X123.619 Y75.067 E548.5773
G1 X123.757 Y74.993 E548.5825
G1 X123.906 Y74.947 E548.5877
G1 X124.063 Y74.932 E548.5929
G1 X124.219 Y74.947 E548.5981
G1 X124.368 Y74.993 E548.6033
G1 X124.506 Y75.067 E548.6085
G1 X124.628 Y75.166 E548.6137
G1 X124.727 Y75.287 E548.6189
G1 X124.800 Y75.426 E548.6242
G1 X124.846 Y75.576 E548.6294
G1 X124.863 Y75.741 E548.6349
G1 X124.863 Y81.919 E548.8404
G1 X126.169 Y81.919 E548.8838
G1 X127.566 Y82.558 E548.9349
G1 X127.704 Y82.717 E548.9419
G1 X127.734 Y82.869 E548.9471
G1 X127.679 Y83.068 E548.9539
G1 X127.566 Y83.180 E548.9592
G1 X126.169 Y83.819 E549.0103
G1 X124.863 Y83.819 E549.0538
G1 X124.863 Y89.991 E549.2590
G1 X124.800 Y90.312 E549.2699
G1 X124.727 Y90.450 E549.2751
G1 X124.628 Y90.571 E549.2803
G1 X124.506 Y90.671 E549.2856
G1 X124.368 Y90.744 E549.2907
G1 X124.219 Y90.790 E549.2959
G1 X124.063 Y90.805 E549.3011
G1 X123.940 Y90.783 E549.3053
G0 F2700 X123.814 Y90.762
G0 F2700 X123.615 Y90.668
G0 F2700 X123.497 Y90.571
G1 F3000 E544.3053
G0 F4200 X124.245 Y90.021
;TYPE:SOLID-FILL
;WIDTH:0.400
G1 F900 Z4.600
G1 F1500 E549.3053
G1 F3000 X124.061 Y89.555 E549.3233
G1 X124.061 Y88.989 E549.3422
G1 X124.061 Y88.423 E549.3610
G1 X124.061 Y87.857 E549.3798
G1 X124.061 Y87.292 E549.3986
G1 X124.061 Y86.726 E549.4174
G1 X124.061 Y86.160 E549.4363
G1 X124.061 Y85.595 E549.4550
G1 X124.061 Y85.029 E549.4739
G1 X124.061 Y84.463 E549.4927
G1 X124.061 Y83.898 E549.5115
G1 X124.061 Y83.332 E549.5304
G1 X123.861 Y82.849 E549.5478
G0 F4200 X123.861 Y82.283
G1 F3000 X124.462 Y82.884 E549.5760
G1 F3000 E544.5760
G1 F900 Z4.900
G0 F4200 X124.261 Y82.118
G1 F900 Z4.600
G1 F1500 E549.5760
G1 F3000 X124.061 Y81.635 E549.5948
G1 X124.061 Y81.069 E549.6136
G1 X124.061 Y80.503 E549.6324
G1 X124.061 Y79.938 E549.6512
G1 X124.061 Y79.372 E549.6700
G1 X124.061 Y78.806 E549.6888
G1 X124.061 Y78.241 E549.7076
G1 X124.061 Y77.675 E549.7264
G1 X124.061 Y77.109 E549.7451
G1 X124.061 Y76.544 E549.7639
G1 X124.061 Y75.978 E549.7827
G1 X123.948 Y75.581 E549.7964
G1 F3000 E544.7964
G1 F900 Z4.900
G0 F4200 X125.591 Y82.599
;TYPE:SOLID-FILL
;WIDTH:0.400
G1 F900 Z4.600
G1 F1500 E549.7964
G1 F2700 X126.095 Y83.103 E549.8202
G1 X126.019 Y83.138 E549.8229
G1 X125.565 Y83.138 E549.8380
G1 X125.025 Y82.599 E549.8634
G1 X124.542 Y82.599 E549.8795
G1 X124.542 Y82.681 E549.8822
G1 X124.646 Y82.785 E549.8871
G0 F2700 X124.999 Y83.138
G1 F3000 E544.8871
G1 F900 Z4.900
G0 F4200 X126.019 Y82.598
G1 F900 Z4.600
G1 F1500 E549.8871
G1 F2700 X126.036 Y82.606 E549.8877
G0 F2700 X126.273 Y82.715
G0 F2700 X126.442 Y82.884
G0 F4200 X125.732 Y82.457
;TYPE:SOLID-FILL
;WIDTH:0.400
G1 F3000 X125.674 Y82.399 E549.8904
G1 F3000 E544.8904
G1 F900 Z4.900
G0 F4200 X124.857 Y83.279
G1 F900 Z4.600
G1 F1500 E549.8904
G1 F3000 X124.916 Y83.338 E549.8932
G1 F3000 E544.8932
G1 F900 Z4.900
G0 F4200 X131.782 Y90.287
;TYPE:WALL-INNER
;WIDTH:0.400
G1 F900 Z4.600
G1 F1500 E549.8932
G1 F2700 X131.696 Y90.158 E549.8984
G1 X131.663 Y89.977 E549.9045
G1 X131.663 Y75.760 E550.3774
G1 X131.696 Y75.579 E550.3835
G1 X131.781 Y75.451 E550.3886
G1 X131.912 Y75.364 E550.3938
G1 X131.985 Y75.341 E550.3964
G1 X132.140 Y75.341 E550.4015
G1 X132.283 Y75.402 E550.4067
G1 X132.392 Y75.509 E550.4118
G1 X132.452 Y75.656 E550.4171
G1 X132.463 Y75.762 E550.4206
G1 X132.463 Y82.319 E550.6387
G1 X134.082 Y82.319 E550.6925
G1 X135.145 Y82.805 E550.7314
G1 X135.145 Y82.933 E550.7357
G1 X134.082 Y83.419 E550.7745
G1 X132.463 Y83.419 E550.8284
G1 X132.463 Y89.952 E551.0457
G1 X132.419 Y90.177 E551.0533
G1 X132.344 Y90.287 E551.0577
G1 X132.246 Y90.352 E551.0616
G0 F2700 X132.214 Y90.373
G0 F2700 X132.078 Y90.402
G0 F2700 X131.936 Y90.377
G0 F2700 X131.782 Y90.287
G1 F3000 E546.0616
G0 F4200 X131.497 Y90.571
;TYPE:WALL-OUTER
;WIDTH:0.400
G1 F900 Z4.600
G1 F1500 E551.0616
G1 F2700 X131.398 Y90.450 E551.0668
G1 X131.325 Y90.312 E551.0720
G1 X131.279 Y90.162 E551.0772
G1 X131.263 Y89.996 E551.0828
G1 X131.263 Y75.741 E551.5569
G1 X131.279 Y75.575 E551.5625
G1 X131.325 Y75.426 E551.5677
G1 X131.398 Y75.287 E551.5729
G1 X131.497 Y75.166 E551.5781
G1 X131.619 Y75.067 E551.5833
G1 X131.757 Y74.993 E551.5885
G1 X131.906 Y74.947 E551.5937
G1 X132.063 Y74.932 E551.5989
G1 X132.219 Y74.947 E551.6042
G1 X132.368 Y74.993 E551.6093
G1 X132.506 Y75.067 E551.6145
G1 X132.628 Y75.166 E551.6198
G1 X132.727 Y75.287 E551.6250
G1 X132.800 Y75.426 E551.6302
G1 X132.846 Y75.576 E551.6354
G1 X132.863 Y75.741 E551.6409
G1 X132.863 Y81.919 E551.8464
G1 X134.169 Y81.919 E551.8898
G1 X135.566 Y82.558 E551.9409
G1 X135.704 Y82.717 E551.9479
G1 X135.734 Y82.869 E551.9531
G1 X135.679 Y83.068 E551.9600
G1 X135.566 Y83.180 E551.9653
G1 X134.169 Y83.819 E552.0164
G1 X132.863 Y83.819 E552.0598
G1 X132.863 Y89.991 E552.2651
G1 X132.800 Y90.312 E552.2760
G1 X132.727 Y90.450 E552.2811
G1 X132.628 Y90.571 E552.2863
G1 X132.506 Y90.671 E552.2916
G1 X132.368 Y90.744 E552.2968
G1 X132.219 Y90.790 E552.3020
G1 X132.063 Y90.805 E552.3072
G1 X131.940 Y90.783 E552.3113
G0 F2700 X131.814 Y90.762
G0 F2700 X131.615 Y90.668
G0 F2700 X131.497 Y90.571
G1 F3000 E547.3113
G0 F4200 X132.232 Y90.088
;TYPE:SOLID-FILL
;WIDTH:0.400
G1 F900 Z4.600
G1 F1500 E552.3113
G1 F3000 X132.061 Y89.635 E552.3287
G1 X132.061 Y89.069 E552.3476
G1 X132.061 Y88.504 E552.3663
G1 X132.061 Y87.938 E552.3852
G1 X132.061 Y87.372 E552.4040
G1 X132.061 Y86.807 E552.4228
G1 X132.061 Y86.241 E552.4417
G1 X132.061 Y85.675 E552.4605
G1 X132.061 Y85.110 E552.4793
G1 X132.061 Y84.544 E552.4982
G1 X132.061 Y83.978 E552.5170
G1 X132.061 Y83.413 E552.5358
G1 X131.861 Y82.930 E552.5532
G0 F4200 X131.861 Y82.364
G1 F3000 X132.462 Y82.964 E552.5815
G1 F3000 E547.5815
G1 F900 Z4.900
G0 F4200 X132.262 Y82.199
G1 F900 Z4.600
G1 F1500 E552.5815
G1 F3000 X132.061 Y81.715 E552.6003
G1 X132.061 Y81.150 E552.6191
G1 X132.061 Y80.584 E552.6379
G1 X132.061 Y80.018 E552.6567
G1 X132.061 Y79.453 E552.6755
G1 X132.061 Y78.887 E552.6943
G1 X132.061 Y78.321 E552.7132
G1 X132.061 Y77.756 E552.7320
G1 X132.061 Y77.190 E552.7508
G1 X132.061 Y76.624 E552.7696
G1 X132.061 Y76.058 E552.7884
G1 X131.907 Y75.622 E552.8038
G1 F3000 E547.8038
G1 F900 Z4.900
G0 F4200 X133.510 Y82.599
;TYPE:SOLID-FILL
;WIDTH:0.400
G1 F900 Z4.600
G1 F1500 E552.8038
G1 F2700 X134.040 Y83.128 E552.8287
G1 X134.019 Y83.138 E552.8295
G1 X133.484 Y83.138 E552.8473
G1 X132.945 Y82.599 E552.8726
G1 X132.542 Y82.599 E552.8860
G1 X132.542 Y82.761 E552.8914
G1 X132.566 Y82.785 E552.8926
G0 F2700 X132.919 Y83.138
G1 F3000 E547.8926
G1 F900 Z4.900
G0 F4200 X134.019 Y82.598
G1 F900 Z4.600
G1 F1500 E552.8926
G1 F2700 X134.062 Y82.618 E552.8941
G0 F2700 X134.124 Y82.646
G0 F2700 X134.429 Y82.952
G0 F4200 X133.651 Y82.457
;TYPE:SOLID-FILL
;WIDTH:0.400
G1 F3000 X133.593 Y82.399 E552.8969
G1 F3000 E547.8969
G1 F900 Z4.900
G0 F4200 X132.776 Y83.279
G1 F900 Z4.600
G1 F1500 E552.8969
G1 F3000 X132.836 Y83.338 E552.8997
;LAYER:23
;Z:4.800
;HEIGHT:0.200
G1 F3000 E547.8997
G0 F900 Z4.800
G0 F4200 X131.782 Y90.287
;TYPE:WALL-INNER
;WIDTH:0.400
G1 F900 Z4.800
G1 F1500 E552.8997
G1 F2700 X131.696 Y90.158 E552.9048
G1 X131.663 Y89.977 E552.9109
G1 X131.663 Y75.760 E553.3838
G1 X131.696 Y75.579 E553.3899
G1 X131.781 Y75.451 E553.3950
G1 X131.912 Y75.364 E553.4003
G1 X131.985 Y75.341 E553.4028
G1 X132.140 Y75.341 E553.4080
G1 X132.283 Y75.402 E553.4131
G1 X132.392 Y75.509 E553.4182
G1 X132.452 Y75.656 E553.4235
G1 X132.463 Y75.762 E553.4270
G1 X132.463 Y82.319 E553.6451
G1 X134.082 Y82.319 E553.6990
G1 X135.145 Y82.805 E553.7378
G1 X135.145 Y82.933 E553.7421
G1 X134.082 Y83.419 E553.7810
G1 X132.463 Y83.419 E553.8348
G1 X132.463 Y89.975 E554.0529
G1 X132.429 Y90.159 E554.0591
G1 X132.344 Y90.287 E554.0642
G1 X132.246 Y90.352 E554.0681
G0 F2700 X132.214 Y90.373
G0 F2700 X132.078 Y90.402
G0 F2700 X131.931 Y90.376
G0 F2700 X131.782 Y90.287
G1 F3000 E549.0681
G0 F4200 X131.497 Y90.571
;TYPE:WALL-OUTER
;WIDTH:0.400
G1 F900 Z4.800
G1 F1500 E554.0681
G1 F2700 X131.398 Y90.450 E554.0733
G1 X131.325 Y90.312 E554.0785
G1 X131.279 Y90.162 E554.0837
G1 X131.263 Y89.996 E554.0893
G1 X131.263 Y75.741 E554.5634
G1 X131.279 Y75.575 E554.5689
G1 X131.325 Y75.426 E554.5741
G1 X131.398 Y75.287 E554.5794
G1 X131.497 Y75.166 E554.5846
G1 X131.619 Y75.067 E554.5898
G1 X131.757 Y74.993 E554.5950
G1 X131.906 Y74.947 E554.6002
G1 X132.063 Y74.932 E554.6054
G1 X132.219 Y74.947 E554.6106
G1 X132.368 Y74.993 E554.6158
G1 X132.506 Y75.067 E554.6210
G1 X132.628 Y75.166 E554.6263
G1 X132.727 Y75.287 E554.6315
G1 X132.800 Y75.426 E554.6367
G1 X132.846 Y75.576 E554.6419
G1 X132.863 Y75.741 E554.6474
G1 X132.863 Y81.919 E554.8529
G1 X134.169 Y81.919 E554.8963
G1 X135.566 Y82.558 E554.9474
G1 X135.704 Y82.717 E554.9544
G1 X135.734 Y82.869 E554.9596
G1 X135.679 Y83.068 E554.9664
G1 X135.566 Y83.180 E554.9717
G1 X134.169 Y83.819 E555.0228
G1 X132.863 Y83.819 E555.0663
G1 X132.863 Y89.996 E555.2717
G1 X132.846 Y90.161 E555.2772
G1 X132.800 Y90.312 E555.2825
G1 X132.727 Y90.450 E555.2877
G1 X132.628 Y90.571 E555.2929
G1 X132.506 Y90.671 E555.2981
G1 X132.368 Y90.744 E555.3033
G1 X132.219 Y90.790 E555.3085
G1 X132.063 Y90.805 E555.3137
G1 X131.940 Y90.783 E555.3179
G0 F2700 X131.808 Y90.761
G0 F2700 X131.615 Y90.668
G0 F2700 X131.497 Y90.571
G1 F3000 E550.3179
G0 F4200 X131.910 Y90.120
;TYPE:SOLID-FILL
;WIDTH:0.400
G1 F900 Z4.800
G1 F1500 E555.3179
G1 F3000 X132.062 Y89.686 E555.3344
G1 X132.062 Y89.120 E555.3532
G1 X132.062 Y88.554 E555.3720
G1 X132.062 Y87.989 E555.3907
G1 X132.062 Y87.423 E555.4095
G1 X132.062 Y86.857 E555.4283
G1 X132.062 Y86.292 E555.4470
G1 X132.062 Y85.726 E555.4658
G1 X132.062 Y85.160 E555.4846
G1 X132.062 Y84.594 E555.5033
G1 X132.062 Y84.029 E555.5221
G1 X132.262 Y83.546 E555.5395
G0 F4200 X131.862 Y83.380
G1 F3000 X132.462 Y82.780 E555.5677
G0 F4200 X132.262 Y82.415
G1 F3000 X131.862 Y82.531 E555.5864
G1 X132.062 Y81.766 E555.6053
G1 X132.062 Y81.200 E555.6240
G1 X132.062 Y80.635 E555.6427
G1 X132.062 Y80.069 E555.6615
G1 X132.062 Y79.503 E555.6803
G1 X132.062 Y78.938 E555.6990
G1 X132.062 Y78.372 E555.7178
G1 X132.062 Y77.806 E555.7366
G1 X132.062 Y77.241 E555.7553
G1 X132.062 Y76.675 E555.7741
G1 X132.062 Y76.109 E555.7929
G1 X132.234 Y75.654 E555.8091
G1 F3000 E550.8091
G1 F900 Z5.100
G0 F4200 X132.927 Y82.598
;TYPE:SOLID-FILL
;WIDTH:0.400
G1 F900 Z4.800
G1 F1500 E555.8091
G1 F2700 X132.542 Y82.983 E555.8272
G1 X132.542 Y83.139 E555.8324
G1 X132.952 Y83.139 E555.8460
G1 X133.140 Y82.951 E555.8548
G0 F2700 X133.493 Y82.598
G0 F4200 X134.019 Y82.598
G1 F2700 X134.046 Y82.610 E555.8558
G1 X133.518 Y83.139 E555.8807
G1 X134.019 Y83.138 E555.8973
G1 X134.065 Y83.117 E555.8990
G0 F2700 X134.138 Y83.085
G0 F2700 X134.435 Y82.788
G1 F3000 E550.8990
G1 F900 Z5.100
G0 F4200 X133.975 Y82.399
;TYPE:SOLID-FILL
;WIDTH:0.400
G1 F900 Z4.800
G1 F1500 E555.8990
G1 F3000 X133.656 Y82.434 E555.9023
G1 X133.097 Y82.428 E555.9050
G1 X132.785 Y82.457 E555.9154
G1 F3000 E550.9154
G1 F900 Z5.100
G0 F4200 X123.782 Y90.287
;TYPE:WALL-INNER
;WIDTH:0.400
G1 F900 Z4.800
G1 F1500 E555.9154
G1 F2700 X123.696 Y90.158 E555.9206
G1 X123.663 Y89.977 E555.9267
G1 X123.663 Y75.760 E556.3996
G1 X123.696 Y75.579 E556.4057
G1 X123.781 Y75.451 E556.4108
G1 X123.912 Y75.364 E556.4160
G1 X123.985 Y75.341 E556.4186
G1 X124.140 Y75.341 E556.4237
G1 X124.283 Y75.402 E556.4289
G1 X124.392 Y75.509 E556.4340
G1 X124.452 Y75.656 E556.4393
G1 X124.463 Y75.762 E556.4428
G1 X124.463 Y82.319 E556.6609
G1 X126.082 Y82.319 E556.7147
G1 X127.145 Y82.805 E556.7536
G1 X127.145 Y82.933 E556.7579
G1 X126.082 Y83.419 E556.7967
G1 X124.463 Y83.419 E556.8506
G1 X124.463 Y89.975 E557.0686
G1 X124.429 Y90.159 E557.0749
G1 X124.344 Y90.287 E557.0800
G1 X124.246 Y90.352 E557.0839
G0 F2700 X124.214 Y90.373
G0 F2700 X124.078 Y90.402
G0 F2700 X123.931 Y90.376
G0 F2700 X123.782 Y90.287
G1 F3000 E552.0839
G0 F4200 X123.497 Y90.571
;TYPE:WALL-OUTER
;WIDTH:0.400
G1 F900 Z4.800
G1 F1500 E557.0839
G1 F2700 X123.398 Y90.450 E557.0891
G1 X123.325 Y90.312 E557.0943
G1 X123.279 Y90.162 E557.0995
G1 X123.263 Y89.996 E557.1050
G1 X123.263 Y75.741 E557.5792
G1 X123.279 Y75.575 E557.5847
G1 X123.325 Y75.426 E557.5899
G1 X123.398 Y75.287 E557.5951
G1 X123.497 Y75.166 E557.6003
G1 X123.619 Y75.067 E557.6056
G1 X123.757 Y74.993 E557.6108
G1 X123.906 Y74.947 E557.6159
G1 X124.063 Y74.932 E557.6212
G1 X124.219 Y74.947 E557.6264
G1 X124.368 Y74.993 E557.6316
G1 X124.506 Y75.067 E557.6368
G1 X124.628 Y75.166 E557.6420
G1 X124.727 Y75.287 E557.6472
G1 X124.800 Y75.426 E557.6524
G1 X124.846 Y75.576 E557.6577
G1 X124.863 Y75.741 E557.6632
G1 X124.863 Y81.919 E557.8687
G1 X126.169 Y81.919 E557.9121
G1 X127.566 Y82.558 E557.9632
G1 X127.704 Y82.717 E557.9702
G1 X127.734 Y82.869 E557.9754
G1 X127.679 Y83.068 E557.9822
G1 X127.566 Y83.180 E557.9875
G1 X126.169 Y83.819 E558.0386
G1 X124.863 Y83.819 E558.0820
G1 X124.863 Y89.996 E558.2875
G1 X124.846 Y90.161 E558.2930
G1 X124.800 Y90.312 E558.2983
G1 X124.727 Y90.450 E558.3035
G1 X124.628 Y90.571 E558.3086
G1 X124.506 Y90.671 E558.3139
G1 X124.368 Y90.744 E558.3191
G1 X124.219 Y90.790 E558.3243
G1 X124.063 Y90.805 E558.3295
G1 X123.940 Y90.783 E558.3336
G0 F2700 X123.808 Y90.761
G0 F2700 X123.615 Y90.668
G0 F2700 X123.497 Y90.571
G1 F3000 E553.3336
G0 F4200 X123.954 Y90.157
;TYPE:SOLID-FILL
;WIDTH:0.400
G1 F900 Z4.800
G1 F1500 E558.3336
G1 F3000 X124.061 Y89.766 E558.3481
G1 X124.061 Y89.201 E558.3668
G1 X124.061 Y88.635 E558.3855
G1 X124.061 Y88.069 E558.4043
G1 X124.061 Y87.504 E558.4230
G1 X124.061 Y86.938 E558.4418
G1 X124.061 Y86.372 E558.4605
G1 X124.061 Y85.806 E558.4792
G1 X124.061 Y85.241 E558.4980
G1 X124.061 Y84.675 E558.5167
G1 X124.061 Y84.109 E558.5354
G1 X124.261 Y83.627 E558.5528
G0 F4200 X123.862 Y83.461
G1 F3000 X124.462 Y82.861 E558.5810
G0 F4200 X124.261 Y82.496
G1 F3000 X123.862 Y82.612 E558.5998
G1 X124.061 Y81.847 E558.6185
G1 X124.061 Y81.281 E558.6372
G1 X124.061 Y80.715 E558.6560
G1 X124.061 Y80.150 E558.6747
G1 X124.061 Y79.584 E558.6934
G1 X124.061 Y79.018 E558.7122
G1 X124.061 Y78.453 E558.7309
G1 X124.061 Y77.887 E558.7496
G1 X124.061 Y77.321 E558.7684
G1 X124.061 Y76.756 E558.7871
G1 X124.061 Y76.190 E558.8058
G1 X124.255 Y75.714 E558.8229
G1 F3000 E553.8229
G1 F900 Z5.100
G0 F4200 X125.007 Y82.598
;TYPE:SOLID-FILL
;WIDTH:0.400
G1 F900 Z4.800
G1 F1500 E558.8229
G1 F2700 X124.542 Y83.063 E558.8448
G1 X124.542 Y83.138 E558.8473
G1 X125.033 Y83.138 E558.8636
G1 X125.220 Y82.951 E558.8724
G0 F2700 X125.573 Y82.598
G0 F4200 X126.019 Y82.598
G1 F2700 X126.101 Y82.636 E558.8754
G1 X125.599 Y83.138 E558.8991
G1 X126.019 Y83.138 E558.9130
G1 X126.031 Y83.132 E558.9135
G0 F2700 X126.286 Y83.017
G0 F2700 X126.442 Y82.861
G1 F3000 E553.9135
G1 F900 Z5.100
G0 F4200 X126.055 Y82.399
;TYPE:SOLID-FILL
;WIDTH:0.400
G1 F900 Z4.800
G1 F1500 E558.9135
G1 F3000 X125.724 Y82.447 E558.9179
G1 X125.177 Y82.428 E558.9206
G1 X124.865 Y82.457 E558.9311
G1 F3000 E553.9311
G1 F900 Z5.100
G0 F4200 X115.931 Y90.376
;TYPE:WALL-INNER
;WIDTH:0.400
G1 F900 Z4.800
G1 F1500 E558.9311
G1 F2700 X115.782 Y90.287 E558.9368
G1 X115.696 Y90.158 E558.9420
G1 X115.663 Y89.977 E558.9481
G1 X115.663 Y75.760 E559.4210
G1 X115.696 Y75.579 E559.4271
G1 X115.781 Y75.451 E559.4322
G1 X115.912 Y75.364 E559.4374
G1 X115.985 Y75.341 E559.4400
G1 X116.140 Y75.341 E559.4451
G1 X116.283 Y75.402 E559.4503
G1 X116.392 Y75.509 E559.4554
G1 X116.452 Y75.656 E559.4607
G1 X116.463 Y75.762 E559.4642
G1 X116.463 Y82.319 E559.6823
G1 X118.082 Y82.319 E559.7361
G1 X119.145 Y82.805 E559.7750
G1 X119.145 Y82.933 E559.7793
G1 X118.082 Y83.419 E559.8181
G1 X116.463 Y83.419 E559.8720
G1 X116.463 Y89.975 E560.0900
G1 X116.429 Y90.159 E560.0963
G1 X116.375 Y90.240 E560.0995
G0 F2700 X116.344 Y90.287
G0 F2700 X116.214 Y90.373
G0 F2700 X116.078 Y90.402
G0 F2700 X115.931 Y90.376
G1 F3000 E555.0995
G0 F4200 X115.808 Y90.761
;TYPE:WALL-OUTER
;WIDTH:0.400
G1 F900 Z4.800
G1 F1500 E560.0995
G1 F2700 X115.615 Y90.668 E560.1066
G1 X115.497 Y90.571 E560.1117
G1 X115.398 Y90.450 E560.1169
G1 X115.325 Y90.312 E560.1221
G1 X115.279 Y90.162 E560.1273
G1 X115.263 Y89.996 E560.1329
G1 X115.263 Y75.741 E560.6070
G1 X115.279 Y75.575 E560.6125
G1 X115.325 Y75.426 E560.6177
G1 X115.398 Y75.287 E560.6229
G1 X115.497 Y75.166 E560.6281
G1 X115.619 Y75.067 E560.6334
G1 X115.757 Y74.993 E560.6386
G1 X115.906 Y74.947 E560.6438
G1 X116.063 Y74.932 E560.6490
G1 X116.219 Y74.947 E560.6542
G1 X116.368 Y74.993 E560.6594
G1 X116.506 Y75.067 E560.6646
G1 X116.628 Y75.166 E560.6698
G1 X116.727 Y75.287 E560.6750
G1 X116.800 Y75.426 E560.6803
G1 X116.846 Y75.576 E560.6855
G1 X116.863 Y75.741 E560.6910
G1 X116.863 Y81.919 E560.8965
G1 X118.169 Y81.919 E560.9399
G1 X119.566 Y82.558 E560.9910
G1 X119.704 Y82.717 E560.9980
G1 X119.734 Y82.869 E561.0032
G1 X119.679 Y83.068 E561.0100
G1 X119.566 Y83.180 E561.0153
G1 X118.169 Y83.819 E561.0664
G1 X116.863 Y83.819 E561.1099
G1 X116.863 Y89.996 E561.3153
G1 X116.846 Y90.161 E561.3208
G1 X116.800 Y90.312 E561.3261
G1 X116.727 Y90.450 E561.3313
G1 X116.628 Y90.571 E561.3365
G1 X116.506 Y90.671 E561.3417
G1 X116.368 Y90.744 E561.3469
G1 X116.301 Y90.765 E561.3492
G0 F2700 X116.219 Y90.790
G0 F2700 X116.063 Y90.805
G0 F2700 X115.808 Y90.761
G1 F3000 E556.3492
G0 F4200 X116.005 Y90.186
;TYPE:SOLID-FILL
;WIDTH:0.400
G1 F900 Z4.800
G1 F1500 E561.3492
G1 F3000 X116.062 Y89.846 E561.3613
G1 X116.062 Y89.281 E561.3801
G1 X116.062 Y88.715 E561.3989
G1 X116.062 Y88.149 E561.4177
G1 X116.062 Y87.584 E561.4365
G1 X116.062 Y87.018 E561.4553
G1 X116.062 Y86.452 E561.4741
G1 X116.062 Y85.887 E561.4929
G1 X116.062 Y85.321 E561.5117
G1 X116.062 Y84.755 E561.5304
G1 X116.062 Y84.189 E561.5493
G1 X116.262 Y83.707 E561.5666
G0 F4200 X115.862 Y83.541
G1 F3000 X116.462 Y82.941 E561.5948
G0 F4200 X116.319 Y82.518
G1 F3000 X115.862 Y82.693 E561.6164
G1 X116.061 Y81.927 E561.6351
G1 X116.061 Y81.362 E561.6539
G1 X116.061 Y80.796 E561.6726
G1 X116.061 Y80.230 E561.6913
G1 X116.061 Y79.665 E561.7101
G1 X116.061 Y79.099 E561.7288
G1 X116.061 Y78.533 E561.7475
G1 X116.061 Y77.967 E561.7663
G1 X116.061 Y77.402 E561.7850
G1 X116.061 Y76.836 E561.8037
G1 X116.061 Y76.270 E561.8225
G1 X116.261 Y75.788 E561.8398
G1 F3000 E556.8398
G1 F900 Z5.100
G0 F4200 X117.088 Y82.598
;TYPE:SOLID-FILL
;WIDTH:0.400
G1 F900 Z4.800
G1 F1500 E561.8398
G1 F2700 X116.548 Y83.138 E561.8652
G1 X117.113 Y83.138 E561.8840
G1 X117.300 Y82.951 E561.8928
G0 F2700 X117.654 Y82.598
G0 F4200 X118.019 Y82.599
G1 F2700 X118.156 Y82.661 E561.8978
G1 X117.679 Y83.138 E561.9203
G1 X117.974 Y83.138 E561.9301
G0 F2700 X118.018 Y83.138
G0 F2700 X118.434 Y82.949
G1 F3000 E556.9301
G1 F900 Z5.100
G0 F4200 X118.014 Y82.520
;TYPE:SOLID-FILL
;WIDTH:0.400
G1 F900 Z4.800
G1 F1500 E561.9301
G1 F3000 X117.827 Y82.424 E561.9333
G1 X117.259 Y82.427 E561.9360
G1 X116.692 Y82.427 E561.9387
G1 X116.342 Y82.496 E561.9506
G1 F3000 E556.9506
G1 F900 Z5.100
G0 F4200 X107.931 Y90.376
;TYPE:WALL-INNER
;WIDTH:0.400
G1 F900 Z4.800
G1 F1500 E561.9506
G1 F2700 X107.782 Y90.287 E561.9564
G1 X107.696 Y90.158 E561.9615
G1 X107.663 Y89.977 E561.9677
G1 X107.663 Y75.760 E562.4405
G1 X107.696 Y75.579 E562.4466
G1 X107.781 Y75.451 E562.4517
G1 X107.912 Y75.364 E562.4570
G1 X107.985 Y75.341 E562.4595
G1 X108.140 Y75.341 E562.4647
G1 X108.283 Y75.402 E562.4699
G1 X108.392 Y75.509 E562.4749
G1 X108.452 Y75.656 E562.4802
G1 X108.463 Y75.762 E562.4838
G1 X108.463 Y82.319 E562.7018
G1 X110.082 Y82.319 E562.7557
G1 X111.145 Y82.805 E562.7946
G1 X111.145 Y82.933 E562.7988
G1 X110.082 Y83.419 E562.8377
G1 X108.463 Y83.419 E562.8915
G1 X108.463 Y89.975 E563.1096
G1 X108.429 Y90.159 E563.1158
G1 X108.375 Y90.240 E563.1191
G0 F2700 X108.344 Y90.287
G0 F2700 X108.214 Y90.373
G0 F2700 X108.078 Y90.402
G0 F2700 X107.931 Y90.376
G1 F3000 E558.1191
G0 F4200 X107.808 Y90.761
;TYPE:WALL-OUTER
;WIDTH:0.400
G1 F900 Z4.800
G1 F1500 E563.1191
G1 F2700 X107.615 Y90.668 E563.1262
G1 X107.497 Y90.571 E563.1313
G1 X107.398 Y90.450 E563.1365
G1 X107.325 Y90.312 E563.1417
G1 X107.279 Y90.162 E563.1469
G1 X107.263 Y89.996 E563.1524
G1 X107.263 Y75.741 E563.6265
G1 X107.279 Y75.575 E563.6321
G1 X107.325 Y75.426 E563.6373
G1 X107.398 Y75.287 E563.6425
G1 X107.497 Y75.166 E563.6477
G1 X107.619 Y75.067 E563.6529
G1 X107.757 Y74.993 E563.6581
G1 X107.906 Y74.947 E563.6633
G1 X108.063 Y74.932 E563.6686
G1 X108.219 Y74.947 E563.6738
G1 X108.368 Y74.993 E563.6790
G1 X108.506 Y75.067 E563.6842
G1 X108.628 Y75.166 E563.6894
G1 X108.727 Y75.287 E563.6946
G1 X108.800 Y75.426 E563.6998
G1 X108.846 Y75.576 E563.7050
G1 X108.863 Y75.741 E563.7106
G1 X108.863 Y81.919 E563.9160
G1 X110.169 Y81.919 E563.9595
G1 X111.566 Y82.558 E564.0106
G1 X111.704 Y82.717 E564.0176
G1 X111.734 Y82.869 E564.0227
G1 X111.679 Y83.068 E564.0296
G1 X111.566 Y83.180 E564.0349
G1 X110.169 Y83.819 E564.0860
G1 X108.863 Y83.819 E564.1294
G1 X108.863 Y89.996 E564.3349
G1 X108.846 Y90.161 E564.3404
G1 X108.800 Y90.312 E564.3456
G1 X108.727 Y90.450 E564.3508
G1 X108.628 Y90.571 E564.3560
G1 X108.506 Y90.671 E564.3613
G1 X108.368 Y90.744 E564.3665
G1 X108.301 Y90.765 E564.3688
G0 F2700 X108.219 Y90.790
G0 F2700 X108.063 Y90.805
G0 F2700 X107.808 Y90.761
G1 F3000 E559.3688
G0 F4200 X108.075 Y90.197
;TYPE:SOLID-FILL
;WIDTH:0.400
G1 F900 Z4.800
G1 F1500 E564.3688
G1 F3000 X108.055 Y89.933 E564.3770
G1 X108.062 Y89.361 E564.3958
G1 X108.062 Y88.795 E564.4145
G1 X108.062 Y88.230 E564.4333
G1 X108.062 Y87.664 E564.4520
G1 X108.062 Y87.098 E564.4708
G1 X108.062 Y86.533 E564.4895
G1 X108.062 Y85.967 E564.5083
G1 X108.062 Y85.401 E564.5271
G1 X108.062 Y84.836 E564.5458
G1 X108.062 Y84.270 E564.5646
G1 X108.062 Y83.704 E564.5834
G1 X108.263 Y83.220 E564.6021
G1 X108.431 Y82.770 E564.6113
G1 X107.862 Y82.773 E564.6366
G1 X108.062 Y82.007 E564.6554
G1 X108.062 Y81.441 E564.6741
G1 X108.062 Y80.876 E564.6928
G1 X108.062 Y80.310 E564.7116
G1 X108.062 Y79.744 E564.7303
G1 X108.062 Y79.179 E564.7491
G1 X108.062 Y78.613 E564.7679
G1 X108.062 Y78.047 E564.7866
G1 X108.062 Y77.482 E564.8053
G1 X108.062 Y76.916 E564.8241
G1 X108.062 Y76.350 E564.8429
G1 X108.142 Y75.704 E564.8616
G1 X107.880 Y75.684 E564.8704
G1 F3000 E559.8704
G1 F900 Z5.100
G0 F4200 X108.542 Y82.659
;TYPE:SOLID-FILL
;WIDTH:0.400
G1 F900 Z4.800
G1 F1500 E564.8704
G1 F2700 X108.603 Y82.598 E564.8732
G1 X109.168 Y82.598 E564.8920
G1 X108.627 Y83.139 E564.9175
G1 X109.193 Y83.139 E564.9363
G1 X109.381 Y82.951 E564.9451
G0 F2700 X109.734 Y82.598
G0 F4200 X109.759 Y83.139
G1 F2700 X110.008 Y82.890 E564.9569
G0 F2700 X110.212 Y82.686
G0 F2700 X110.019 Y82.599
G1 F3000 E559.9569
G1 F900 Z5.100
G0 F4200 X109.900 Y83.280
;TYPE:SOLID-FILL
;WIDTH:0.400
G1 F900 Z4.800
G1 F1500 E564.9569
G1 F3000 X109.842 Y83.338 E564.9596
G1 F3000 E559.9596
G1 F900 Z5.100
G0 F4200 X102.034 Y83.269
;TYPE:WALL-INNER
;WIDTH:0.400
G1 F900 Z4.800
G1 F1500 E564.9596
G1 F2700 X90.092 Y83.269 E565.3568
G1 X89.926 Y83.241 E565.3624
G1 X89.800 Y83.161 E565.3673
G1 X89.727 Y83.079 E565.3710
G1 X89.696 Y83.021 E565.3732
G1 X89.668 Y82.893 E565.3775
G1 X89.706 Y82.698 E565.3842
G1 X89.733 Y82.647 E565.3861
G1 X89.842 Y82.539 E565.3912
G1 X89.985 Y82.479 E565.3963
G1 X95.513 Y82.469 E565.5802
G1 X95.513 Y65.848 E566.1330
G1 X95.996 Y64.776 E566.1721
G1 X96.124 Y64.776 E566.1764
G1 X96.612 Y65.849 E566.2156
G1 X96.612 Y82.469 E566.7684
G1 X102.140 Y82.479 E566.9522
G1 X102.283 Y82.539 E566.9574
G1 X102.399 Y82.668 E566.9632
G1 X102.454 Y82.809 E566.9682
G1 X102.460 Y82.869 E566.9702
G1 X102.430 Y83.014 E566.9751
G0 F2700 X102.429 Y83.021
G0 F2700 X102.344 Y83.149
G0 F2700 X102.283 Y83.198
G0 F2700 X102.140 Y83.259
G0 F2700 X102.034 Y83.269
G1 F3000 E561.9751
G0 F4200 X102.053 Y83.669
;TYPE:WALL-OUTER
;WIDTH:0.400
G1 F900 Z4.800
G1 F1500 E566.9751
G1 F2700 X90.073 Y83.669 E567.3736
G1 X89.906 Y83.653 E567.3792
G1 X89.757 Y83.607 E567.3843
G1 X89.539 Y83.469 E567.3929
G1 X89.396 Y83.309 E567.4001
G1 X89.325 Y83.174 E567.4051
G1 X89.279 Y83.025 E567.4103
G1 X89.264 Y82.874 E567.4154
G1 X89.325 Y82.563 E567.4259
G1 X89.398 Y82.425 E567.4311
G1 X89.497 Y82.304 E567.4363
G1 X89.619 Y82.204 E567.4415
G1 X89.757 Y82.131 E567.4467
G1 X89.906 Y82.085 E567.4519
G1 X90.073 Y82.069 E567.4575
G1 X95.113 Y82.069 E567.6251
G1 X95.113 Y65.762 E568.1675
G1 X95.706 Y64.446 E568.2155
G1 X95.800 Y64.306 E568.2211
G1 X95.980 Y64.205 E568.2280
G1 X96.135 Y64.205 E568.2331
G1 X96.278 Y64.264 E568.2383
G1 X96.384 Y64.382 E568.2436
G1 X97.012 Y65.762 E568.2940
G1 X97.012 Y82.069 E568.8364
G1 X102.053 Y82.069 E569.0040
G1 X102.219 Y82.085 E569.0096
G1 X102.368 Y82.131 E569.0148
G1 X102.506 Y82.204 E569.0200
G1 X102.624 Y82.301 E569.0250
G1 X102.752 Y82.472 E569.0321
G1 X102.846 Y82.714 E569.0408
G1 X102.862 Y82.869 E569.0460
G1 X102.846 Y83.024 E569.0511
G1 X102.800 Y83.174 E569.0564
G1 X102.727 Y83.313 E569.0616
G1 X102.628 Y83.434 E569.0668
G1 X102.523 Y83.519 E569.0713
G0 F2700 X102.506 Y83.533
G0 F2700 X102.368 Y83.607
G0 F2700 X102.219 Y83.653
G0 F2700 X102.053 Y83.669
G1 F3000 E564.0713
G0 F4200 X101.626 Y83.069
;TYPE:SOLID-FILL
;WIDTH:0.400
G1 F900 Z4.800
G1 F1500 E569.0713
G1 F3000 X101.734 Y82.677 E569.0896
G1 X100.974 Y82.873 E569.1080
G1 X100.409 Y82.872 E569.1265
G1 X99.843 Y82.871 E569.1450
G1 X99.279 Y82.871 E569.1635
G1 X98.713 Y82.870 E569.1821
G1 X98.148 Y82.870 E569.2007
G1 X97.583 Y82.869 E569.2194
G1 X96.930 Y82.956 E569.2381
G1 X96.935 Y82.669 E569.2476
G1 F3000 E564.2476
G1 F900 Z5.100
G0 F4200 X96.333 Y82.988
;TYPE:SOLID-FILL
;WIDTH:0.400
G1 F900 Z4.800
G1 F1500 E569.2476
G1 F2700 X96.573 Y82.749 E569.2589
G1 X96.331 Y82.749 E569.2670
G1 X96.331 Y82.425 E569.2777
G1 X95.767 Y82.988 E569.3042
G1 X95.443 Y82.988 E569.3150
G1 X95.443 Y82.749 E569.3230
G1 X95.792 Y82.749 E569.3346
G1 X95.792 Y82.398 E569.3463
G1 X96.331 Y81.859 E569.3716
G1 X96.331 Y81.293 E569.3904
G1 X95.792 Y81.832 E569.4158
G1 X95.792 Y81.267 E569.4346
G1 X96.331 Y80.728 E569.4599
G1 X96.331 Y80.162 E569.4788
G1 X95.792 Y80.701 E569.5041
G1 X95.792 Y80.135 E569.5229
G1 X96.331 Y79.596 E569.5483
G1 X96.331 Y79.031 E569.5671
G1 X95.792 Y79.570 E569.5924
G1 X95.792 Y79.004 E569.6113
G1 X96.331 Y78.465 E569.6366
G1 X96.331 Y77.899 E569.6554
G1 X95.792 Y78.438 E569.6808
G1 X95.792 Y77.872 E569.6996
G1 X96.331 Y77.334 E569.7249
G1 X96.331 Y76.768 E569.7438
G1 X95.792 Y77.307 E569.7691
G1 X95.792 Y76.741 E569.7879
G1 X96.331 Y76.202 E569.8133
G1 X96.331 Y75.637 E569.8321
G1 X95.792 Y76.175 E569.8574
G1 X95.792 Y75.610 E569.8762
G1 X96.331 Y75.071 E569.9016
G1 X96.331 Y74.505 E569.9204
G1 X95.792 Y75.044 E569.9457
G1 X95.792 Y74.478 E569.9646
G1 X96.331 Y73.940 E569.9899
G1 X96.331 Y73.374 E570.0087
G1 X95.792 Y73.913 E570.0341
G1 X95.792 Y73.347 E570.0529
G1 X96.331 Y72.808 E570.0783
G1 X96.331 Y72.242 E570.0971
G1 X95.792 Y72.781 E570.1224
G1 X95.792 Y72.216 E570.1412
G1 X96.331 Y71.677 E570.1666
G1 X96.331 Y71.111 E570.1854
G1 X95.792 Y71.650 E570.2108
G1 X95.792 Y71.084 E570.2296
G1 X96.331 Y70.545 E570.2549
G1 X96.331 Y69.980 E570.2737
G1 X95.792 Y70.519 E570.2991
G1 X95.792 Y69.953 E570.3179
G1 X96.331 Y69.414 E570.3433
G1 X96.331 Y68.848 E570.3621
G1 X95.792 Y69.387 E570.3874
G1 X95.792 Y68.821 E570.4063
G1 X96.331 Y68.283 E570.4316
G1 X96.331 Y67.717 E570.4504
G1 X95.792 Y68.256 E570.4758
G1 X95.792 Y67.690 E570.4946
G1 X96.331 Y67.151 E570.5199
G1 X96.331 Y66.586 E570.5387
G1 X95.792 Y67.124 E570.5641
G1 X95.792 Y66.559 E570.5829
G1 X96.331 Y66.020 E570.6082
G1 X96.331 Y65.908 E570.6119
G1 X96.188 Y65.597 E570.6233
G1 X96.145 Y65.640 E570.6253
G0 F2700 X95.792 Y65.993
G0 F4200 X95.651 Y65.852
;TYPE:SOLID-FILL
;WIDTH:0.400
G1 F3000 X95.592 Y65.910 E570.6281
G1 F3000 E565.6281
G1 F900 Z5.100
G0 F4200 X96.879 Y82.725
G1 F900 Z4.800
G1 F1500 E570.6281
G1 F3000 X96.645 Y82.959 E570.6310
G1 X96.416 Y83.188 E570.6418
G1 F3000 E565.6418
G1 F900 Z5.100
G0 F4200 X95.238 Y82.669
G1 F900 Z4.800
G1 F1500 E570.6418
G1 F3000 X94.754 Y82.869 E570.6606
G1 X94.188 Y82.870 E570.6793
G1 X93.622 Y82.870 E570.6980
G1 X93.056 Y82.871 E570.7166
G1 X92.489 Y82.871 E570.7352
G1 X91.924 Y82.872 E570.7537
G1 X91.357 Y82.872 E570.7722
G1 X90.791 Y82.873 E570.7907
G1 X90.225 Y82.873 E570.8090
G1 X89.881 Y82.935 E570.8206
G1 F3000 E565.8206
G1 F900 Z5.100
G0 F4200 X92.140 Y88.259
;TYPE:WALL-INNER
;WIDTH:0.400
G1 F900 Z4.800
G1 F1500 E570.8206
G1 F2700 X92.034 Y88.269 E570.8242
G1 X80.092 Y88.269 E571.2214
G1 X79.926 Y88.241 E571.2270
G1 X79.800 Y88.161 E571.2319
G1 X79.727 Y88.079 E571.2356
G1 X79.696 Y88.021 E571.2378
G1 X79.668 Y87.893 E571.2421
G1 X79.706 Y87.698 E571.2487
G1 X79.733 Y87.647 E571.2507
G1 X79.842 Y87.539 E571.2558
G1 X79.985 Y87.479 E571.2609
G1 X85.513 Y87.469 E571.4448
G1 X85.513 Y70.848 E571.9976
G1 X85.996 Y69.776 E572.0367
G1 X86.124 Y69.776 E572.0410
G1 X86.612 Y70.849 E572.0802
G1 X86.612 Y87.469 E572.6330
G1 X92.140 Y87.479 E572.8168
G1 X92.283 Y87.539 E572.8220
G1 X92.399 Y87.668 E572.8277
G1 X92.454 Y87.809 E572.8328
G1 X92.460 Y87.869 E572.8348
G1 X92.451 Y87.910 E572.8362
G0 F2700 X92.429 Y88.021
G0 F2700 X92.344 Y88.149
G0 F2700 X92.283 Y88.198
G0 F2700 X92.140 Y88.259
G1 F3000 E567.8362
G0 F4200 X92.219 Y88.653
;TYPE:WALL-OUTER
;WIDTH:0.400
G1 F900 Z4.800
G1 F1500 E572.8362
G1 F2700 X92.053 Y88.669 E572.8417
G1 X80.073 Y88.669 E573.2402
G1 X79.906 Y88.653 E573.2458
G1 X79.757 Y88.607 E573.2510
G1 X79.539 Y88.469 E573.2595
G1 X79.396 Y88.309 E573.2667
G1 X79.325 Y88.174 E573.2717
G1 X79.279 Y88.025 E573.2769
G1 X79.264 Y87.874 E573.2820
G1 X79.325 Y87.563 E573.2925
G1 X79.398 Y87.425 E573.2977
G1 X79.497 Y87.304 E573.3029
G1 X79.619 Y87.204 E573.3082
G1 X79.757 Y87.131 E573.3134
G1 X79.906 Y87.085 E573.3185
G1 X80.073 Y87.069 E573.3241
G1 X85.113 Y87.069 E573.4917
G1 X85.113 Y70.762 E574.0341
G1 X85.706 Y69.446 E574.0821
G1 X85.806 Y69.298 E574.0881
G1 X85.847 Y69.264 E574.0898
G1 X85.990 Y69.205 E574.0950
G1 X86.135 Y69.205 E574.0998
G1 X86.278 Y69.264 E574.1050
G1 X86.384 Y69.382 E574.1102
G1 X87.012 Y70.762 E574.1607
G1 X87.012 Y87.069 E574.7030
G1 X92.053 Y87.069 E574.8707
G1 X92.219 Y87.085 E574.8762
G1 X92.368 Y87.131 E574.8814
G1 X92.506 Y87.204 E574.8866
G1 X92.624 Y87.301 E574.8917
G1 X92.752 Y87.472 E574.8988
G1 X92.846 Y87.714 E574.9074
G1 X92.862 Y87.869 E574.9126
G1 X92.846 Y88.024 E574.9178
G1 X92.800 Y88.174 E574.9230
G1 X92.727 Y88.313 E574.9282
G1 X92.648 Y88.410 E574.9324
G0 F2700 X92.628 Y88.434
G0 F2700 X92.506 Y88.533
G0 F2700 X92.368 Y88.607
G0 F2700 X92.219 Y88.653
G1 F3000 E569.9324
G0 F4200 X92.121 Y88.049
;TYPE:SOLID-FILL
;WIDTH:0.400
G1 F900 Z4.800
G1 F1500 E574.9324
G1 F3000 X92.084 Y87.803 E574.9381
G1 X91.448 Y87.872 E574.9564
G1 X90.883 Y87.872 E574.9747
G1 X90.318 Y87.871 E574.9931
G1 X89.753 Y87.871 E575.0116
G1 X89.188 Y87.870 E575.0301
G1 X88.622 Y87.870 E575.0487
G1 X88.057 Y87.869 E575.0673
G1 X87.492 Y87.868 E575.0859
G1 X86.885 Y87.910 E575.1047
G1 X86.844 Y87.669 E575.1128
G0 F4200 X86.483 Y87.747
;TYPE:SOLID-FILL
;WIDTH:0.400
G1 F2700 X86.242 Y87.988 E575.1241
G1 X85.677 Y87.988 E575.1429
G1 X86.331 Y87.334 E575.1737
G1 X86.331 Y86.768 E575.1925
G1 X85.792 Y87.307 E575.2179
G1 X85.792 Y86.741 E575.2367
G1 X86.331 Y86.202 E575.2621
G1 X86.331 Y85.636 E575.2809
G1 X85.792 Y86.175 E575.3062
G1 X85.792 Y85.610 E575.3250
G1 X86.331 Y85.071 E575.3504
G1 X86.331 Y84.505 E575.3692
G1 X85.792 Y85.044 E575.3946
G1 X85.792 Y84.478 E575.4134
G1 X86.331 Y83.939 E575.4387
G1 X86.331 Y83.374 E575.4575
G1 X85.792 Y83.913 E575.4829
G1 X85.792 Y83.347 E575.5017
G1 X86.331 Y82.808 E575.5271
G1 X86.331 Y82.242 E575.5459
G1 X85.792 Y82.781 E575.5712
G1 X85.792 Y82.216 E575.5900
G1 X86.331 Y81.677 E575.6154
G1 X86.331 Y81.111 E575.6342
G1 X85.792 Y81.650 E575.6596
G1 X85.792 Y81.084 E575.6784
G1 X86.331 Y80.545 E575.7037
G1 X86.331 Y79.980 E575.7225
G1 X85.792 Y80.518 E575.7479
G1 X85.792 Y79.953 E575.7666
G1 X86.331 Y79.414 E575.7920
G1 X86.331 Y78.848 E575.8108
G1 X85.792 Y79.387 E575.8362
G1 X85.792 Y78.821 E575.8550
G1 X86.331 Y78.283 E575.8803
G1 X86.331 Y77.717 E575.8992
G1 X85.792 Y78.256 E575.9245
G1 X85.792 Y77.690 E575.9433
G1 X86.331 Y77.151 E575.9687
G1 X86.331 Y76.586 E575.9875
G1 X85.792 Y77.124 E576.0128
G1 X85.792 Y76.559 E576.0316
G1 X86.331 Y76.020 E576.0570
G1 X86.331 Y75.454 E576.0758
G1 X85.792 Y75.993 E576.1011
G1 X85.792 Y75.427 E576.1200
G1 X86.331 Y74.888 E576.1453
G1 X86.331 Y74.323 E576.1641
G1 X85.792 Y74.862 E576.1895
G1 X85.792 Y74.296 E576.2083
G1 X86.331 Y73.757 E576.2336
G1 X86.331 Y73.191 E576.2525
G1 X85.792 Y73.730 E576.2778
G1 X85.792 Y73.165 E576.2966
G1 X86.331 Y72.626 E576.3220
G1 X86.331 Y72.060 E576.3408
G1 X85.792 Y72.599 E576.3661
G1 X85.792 Y72.033 E576.3850
G1 X86.331 Y71.494 E576.4103
G1 X86.331 Y70.929 E576.4291
G1 X85.792 Y71.467 E576.4544
G1 X85.791 Y70.907 E576.4731
G1 X85.795 Y70.899 E576.4734
G1 X85.807 Y70.887 E576.4739
G0 F2700 X86.160 Y70.534
G1 F3000 E571.4739
G1 F900 Z5.100
G0 F4200 X86.880 Y87.633
;TYPE:SOLID-FILL
;WIDTH:0.400
G1 F900 Z4.800
G1 F1500 E576.4739
G1 F3000 X86.625 Y87.888 E576.4859
G0 F4200 X85.433 Y87.949
G1 F3000 X85.195 Y87.903 E576.4948
G1 X84.664 Y87.868 E576.5136
G1 X84.098 Y87.869 E576.5323
G1 X83.532 Y87.870 E576.5509
G1 X82.966 Y87.870 E576.5695
G1 X82.400 Y87.870 E576.5881
G1 X81.833 Y87.871 E576.6066
G1 X81.267 Y87.871 E576.6250
G1 X80.702 Y87.872 E576.6435
G1 X80.051 Y87.956 E576.6619
G1 X80.048 Y87.676 E576.6712
;LAYER:24
;Z:5.000
;HEIGHT:0.200
G1 F3000 E571.6712
G0 F900 Z5.000
G0 F4200 X92.140 Y88.259
;TYPE:WALL-INNER
;WIDTH:0.400
G1 F900 Z5.000
G1 F1500 E576.6712
G1 F2700 X92.034 Y88.269 E576.6747
G1 X80.092 Y88.269 E577.0719
G1 X79.911 Y88.236 E577.0780
G1 X79.813 Y88.175 E577.0819
G1 X79.727 Y88.079 E577.0861
G1 X79.696 Y88.021 E577.0883
G1 X79.668 Y87.892 E577.0927
G1 X79.706 Y87.698 E577.0993
G1 X79.733 Y87.647 E577.1012
G1 X79.842 Y87.539 E577.1063
G1 X79.985 Y87.479 E577.1115
G1 X85.513 Y87.469 E577.2953
G1 X85.513 Y70.848 E577.8482
G1 X85.996 Y69.776 E577.8873
G1 X86.124 Y69.775 E577.8915
G1 X86.612 Y70.849 E577.9308
G1 X86.612 Y87.469 E578.4835
G1 X92.140 Y87.479 E578.6674
G1 X92.283 Y87.539 E578.6726
G1 X92.344 Y87.588 E578.6752
G1 X92.429 Y87.716 E578.6803
G1 X92.460 Y87.869 E578.6855
G1 X92.451 Y87.910 E578.6869
G0 F2700 X92.429 Y88.021
G0 F2700 X92.344 Y88.149
G0 F2700 X92.283 Y88.198
G0 F2700 X92.140 Y88.259
G1 F3000 E573.6869
G0 F4200 X92.219 Y88.653
;TYPE:WALL-OUTER
;WIDTH:0.400
G1 F900 Z5.000
G1 F1500 E578.6869
G1 F2700 X92.053 Y88.669 E578.6924
G1 X80.073 Y88.669 E579.0909
G1 X79.906 Y88.653 E579.0964
G1 X79.757 Y88.607 E579.1016
G1 X79.618 Y88.533 E579.1069
G1 X79.535 Y88.465 E579.1104
G1 X79.396 Y88.309 E579.1174
G1 X79.325 Y88.174 E579.1225
G1 X79.279 Y88.025 E579.1277
G1 X79.264 Y87.873 E579.1327
G1 X79.325 Y87.563 E579.1432
G1 X79.398 Y87.425 E579.1484
G1 X79.497 Y87.304 E579.1536
G1 X79.619 Y87.204 E579.1589
G1 X79.757 Y87.131 E579.1641
G1 X79.906 Y87.085 E579.1693
G1 X80.073 Y87.069 E579.1748
G1 X85.113 Y87.069 E579.3425
G1 X85.113 Y70.762 E579.8848
G1 X85.706 Y69.446 E579.9329
G1 X85.806 Y69.298 E579.9388
G1 X85.847 Y69.264 E579.9406
G1 X85.990 Y69.205 E579.9457
G1 X86.135 Y69.205 E579.9505
G1 X86.278 Y69.264 E579.9557
G1 X86.383 Y69.379 E579.9609
G1 X87.012 Y70.762 E580.0114
G1 X87.012 Y87.069 E580.5538
G1 X92.053 Y87.069 E580.7214
G1 X92.219 Y87.085 E580.7270
G1 X92.368 Y87.131 E580.7322
G1 X92.506 Y87.204 E580.7374
G1 X92.628 Y87.304 E580.7426
G1 X92.727 Y87.425 E580.7478
G1 X92.800 Y87.563 E580.7530
G1 X92.846 Y87.714 E580.7582
G1 X92.862 Y87.869 E580.7634
G1 X92.846 Y88.024 E580.7686
G1 X92.800 Y88.174 E580.7738
G1 X92.727 Y88.313 E580.7790
G1 X92.648 Y88.410 E580.7832
G0 F2700 X92.628 Y88.434
G0 F2700 X92.506 Y88.533
G0 F2700 X92.368 Y88.607
G0 F2700 X92.219 Y88.653
G1 F3000 E575.7832
G0 F4200 X92.218 Y87.975
;TYPE:SOLID-FILL
;WIDTH:0.400
G1 F900 Z5.000
G1 F1500 E580.7832
G1 F3000 X91.832 Y87.873 E580.7972
G1 X91.267 Y87.873 E580.8154
G1 X90.700 Y87.872 E580.8338
G1 X90.134 Y87.872 E580.8522
G1 X89.568 Y87.871 E580.8707
G1 X89.002 Y87.871 E580.8892
G1 X88.435 Y87.870 E580.9077
G1 X87.869 Y87.870 E580.9263
G1 X87.303 Y87.869 E580.9450
G1 X86.821 Y87.669 E580.9624
G0 F4200 X86.617 Y87.748
;TYPE:SOLID-FILL
;WIDTH:0.400
G1 F2700 X86.681 Y87.812 E580.9654
G1 X86.681 Y87.988 E580.9712
G1 X86.291 Y87.988 E580.9842
G1 X85.791 Y87.488 E581.0077
G1 X85.792 Y87.748 E581.0164
G1 X85.646 Y87.748 E581.0212
G0 F2700 X85.485 Y87.748
G0 F2700 X85.725 Y87.988
G1 F3000 E576.0212
G1 F900 Z5.300
G0 F4200 X86.332 Y87.463
G1 F900 Z5.000
G1 F1500 E581.0212
G1 F2700 X85.791 Y86.923 E581.0466
G1 X85.791 Y86.357 E581.0655
G1 X86.332 Y86.897 E581.0909
G1 X86.332 Y86.332 E581.1097
G1 X85.791 Y85.791 E581.1351
G1 X85.791 Y85.226 E581.1539
G1 X86.332 Y85.766 E581.1793
G1 X86.332 Y85.200 E581.1982
G1 X85.791 Y84.660 E581.2236
G1 X85.791 Y84.094 E581.2424
G1 X86.332 Y84.635 E581.2679
G1 X86.332 Y84.069 E581.2867
G1 X85.791 Y83.529 E581.3121
G1 X85.791 Y82.963 E581.3309
G1 X86.332 Y83.503 E581.3564
G1 X86.332 Y82.937 E581.3752
G1 X85.791 Y82.397 E581.4006
G1 X85.791 Y81.832 E581.4194
G1 X86.332 Y82.372 E581.4448
G1 X86.332 Y81.806 E581.4637
G1 X85.791 Y81.266 E581.4891
G1 X85.791 Y80.700 E581.5079
G1 X86.332 Y81.240 E581.5333
G1 X86.332 Y80.675 E581.5521
G1 X85.791 Y80.134 E581.5776
G1 X85.791 Y79.569 E581.5964
G1 X86.332 Y80.109 E581.6218
G1 X86.332 Y79.543 E581.6406
G1 X85.791 Y79.003 E581.6660
G1 X85.791 Y78.437 E581.6849
G1 X86.332 Y78.978 E581.7103
G1 X86.332 Y78.412 E581.7291
G1 X85.791 Y77.872 E581.7546
G1 X85.791 Y77.306 E581.7734
G1 X86.332 Y77.846 E581.7988
G1 X86.332 Y77.281 E581.8176
G1 X85.791 Y76.740 E581.8430
G1 X85.791 Y76.175 E581.8618
G1 X86.332 Y76.715 E581.8873
G1 X86.332 Y76.149 E581.9061
G1 X85.791 Y75.609 E581.9315
G1 X85.791 Y75.043 E581.9503
G1 X86.332 Y75.584 E581.9758
G1 X86.332 Y75.018 E581.9946
G1 X85.791 Y74.478 E582.0200
G1 X85.791 Y73.912 E582.0389
G1 X86.332 Y74.452 E582.0643
G1 X86.332 Y73.887 E582.0831
G1 X85.791 Y73.346 E582.1085
G1 X85.791 Y72.781 E582.1273
G1 X86.332 Y73.321 E582.1527
G1 X86.332 Y72.755 E582.1716
G1 X85.791 Y72.215 E582.1970
G1 X85.791 Y71.649 E582.2158
G1 X86.332 Y72.189 E582.2412
G1 X86.332 Y71.624 E582.2600
G1 X85.791 Y71.084 E582.2854
G1 X85.791 Y70.907 E582.2913
G1 X85.912 Y70.638 E582.3011
G1 X85.978 Y70.704 E582.3042
G0 F2700 X86.332 Y71.058
G0 F4200 X86.472 Y70.916
;TYPE:SOLID-FILL
;WIDTH:0.400
G1 F3000 X86.531 Y70.975 E582.3070
G1 F3000 E577.3070
G1 F900 Z5.300
G0 F4200 X86.472 Y87.320
G1 F900 Z5.000
G1 F1500 E582.3070
G1 F3000 X86.615 Y87.464 E582.3098
G1 X86.757 Y87.606 E582.3165
G1 F3000 E577.3165
G1 F900 Z5.300
G0 F4200 X85.642 Y88.188
G1 F900 Z5.000
G1 F1500 E582.3165
G1 F3000 X85.473 Y88.018 E582.3193
G1 X85.040 Y87.868 E582.3306
G1 X84.475 Y87.869 E582.3492
G1 X83.910 Y87.870 E582.3678
G1 X83.344 Y87.870 E582.3864
G1 X82.779 Y87.870 E582.4049
G1 X82.214 Y87.871 E582.4234
G1 X81.648 Y87.871 E582.4419
G1 X81.083 Y87.872 E582.4603
G1 X80.518 Y87.872 E582.4787
G1 X80.040 Y87.677 E582.4958
G1 F3000 E577.4958
G1 F900 Z5.300
G0 F4200 X102.034 Y83.269
;TYPE:WALL-INNER
;WIDTH:0.400
G1 F900 Z5.000
G1 F1500 E582.4958
G1 F2700 X90.092 Y83.269 E582.8930
G1 X89.911 Y83.236 E582.8992
G1 X89.813 Y83.175 E582.9030
G1 X89.727 Y83.079 E582.9073
G1 X89.696 Y83.021 E582.9095
G1 X89.668 Y82.892 E582.9139
G1 X89.706 Y82.698 E582.9204
G1 X89.733 Y82.647 E582.9223
G1 X89.842 Y82.539 E582.9275
G1 X89.985 Y82.479 E582.9326
G1 X95.513 Y82.469 E583.1165
G1 X95.513 Y65.848 E583.6693
G1 X95.996 Y64.776 E583.7084
G1 X96.124 Y64.775 E583.7127
G1 X96.612 Y65.849 E583.7519
G1 X96.612 Y82.469 E584.3047
G1 X102.140 Y82.479 E584.4885
G1 X102.283 Y82.539 E584.4937
G1 X102.344 Y82.588 E584.4963
G1 X102.429 Y82.716 E584.5014
G1 X102.460 Y82.869 E584.5066
G1 X102.430 Y83.014 E584.5115
G0 F2700 X102.429 Y83.021
G0 F2700 X102.344 Y83.149
G0 F2700 X102.283 Y83.198
G0 F2700 X102.140 Y83.259
G0 F2700 X102.034 Y83.269
G1 F3000 E579.5115
G0 F4200 X102.053 Y83.669
;TYPE:WALL-OUTER
;WIDTH:0.400
G1 F900 Z5.000
G1 F1500 E584.5115
G1 F2700 X90.073 Y83.669 E584.9100
G1 X89.906 Y83.653 E584.9156
G1 X89.757 Y83.607 E584.9207
G1 X89.618 Y83.533 E584.9260
G1 X89.535 Y83.465 E584.9296
G1 X89.396 Y83.309 E584.9365
G1 X89.325 Y83.174 E584.9416
G1 X89.279 Y83.025 E584.9468
G1 X89.264 Y82.873 E584.9518
G1 X89.325 Y82.563 E584.9624
G1 X89.398 Y82.425 E584.9675
G1 X89.497 Y82.304 E584.9727
G1 X89.619 Y82.204 E584.9780
G1 X89.757 Y82.131 E584.9832
G1 X89.906 Y82.085 E584.9884
G1 X90.073 Y82.069 E584.9939
G1 X95.113 Y82.069 E585.1616
G1 X95.113 Y65.762 E585.7040
G1 X95.706 Y64.446 E585.7520
G1 X95.800 Y64.306 E585.7576
G1 X95.980 Y64.205 E585.7644
G1 X96.135 Y64.205 E585.7696
G1 X96.278 Y64.264 E585.7747
G1 X96.383 Y64.379 E585.7799
G1 X97.012 Y65.762 E585.8304
G1 X97.012 Y82.069 E586.3728
G1 X102.053 Y82.069 E586.5405
G1 X102.219 Y82.085 E586.5460
G1 X102.368 Y82.131 E586.5512
G1 X102.506 Y82.204 E586.5564
G1 X102.628 Y82.304 E586.5617
G1 X102.727 Y82.425 E586.5669
G1 X102.800 Y82.563 E586.5720
G1 X102.846 Y82.714 E586.5773
G1 X102.862 Y82.869 E586.5825
G1 X102.846 Y83.024 E586.5877
G1 X102.800 Y83.174 E586.5929
G1 X102.727 Y83.313 E586.5981
G1 X102.628 Y83.434 E586.6033
G1 X102.523 Y83.519 E586.6078
G0 F2700 X102.506 Y83.533
G0 F2700 X102.368 Y83.607
G0 F2700 X102.219 Y83.653
G0 F2700 X102.053 Y83.669
G1 F3000 E581.6078
G0 F4200 X102.019 Y83.068
;TYPE:SOLID-FILL
;WIDTH:0.400
G1 F900 Z5.000
G1 F1500 E586.6078
G1 F3000 X101.540 Y82.873 E586.6262
G1 X100.974 Y82.872 E586.6445
G1 X100.409 Y82.872 E586.6628
G1 X99.842 Y82.871 E586.6813
G1 X99.276 Y82.871 E586.6998
G1 X98.710 Y82.870 E586.7183
G1 X98.144 Y82.870 E586.7369
G1 X97.577 Y82.870 E586.7555
G1 X96.927 Y82.785 E586.7742
G1 X96.928 Y83.068 E586.7836
G1 F3000 E581.7836
G1 F900 Z5.300
G0 F4200 X95.759 Y82.749
;TYPE:SOLID-FILL
;WIDTH:0.400
G1 F900 Z5.000
G1 F1500 E586.7836
G1 F2700 X95.999 Y82.988 E586.7949
G1 X96.565 Y82.988 E586.8137
G1 X95.792 Y82.216 E586.8501
G1 X95.792 Y81.650 E586.8689
G1 X96.331 Y82.189 E586.8942
G1 X96.331 Y81.623 E586.9131
G1 X95.792 Y81.084 E586.9384
G1 X95.792 Y80.518 E586.9572
G1 X96.331 Y81.057 E586.9826
G1 X96.331 Y80.492 E587.0014
G1 X95.792 Y79.953 E587.0267
G1 X95.792 Y79.387 E587.0456
G1 X96.331 Y79.926 E587.0709
G1 X96.331 Y79.360 E587.0897
G1 X95.792 Y78.821 E587.1151
G1 X95.792 Y78.256 E587.1339
G1 X96.331 Y78.795 E587.1592
G1 X96.331 Y78.229 E587.1781
G1 X95.792 Y77.690 E587.2034
G1 X95.792 Y77.124 E587.2222
G1 X96.331 Y77.663 E587.2476
G1 X96.331 Y77.097 E587.2664
G1 X95.792 Y76.559 E587.2918
G1 X95.792 Y75.993 E587.3106
G1 X96.331 Y76.532 E587.3359
G1 X96.331 Y75.966 E587.3548
G1 X95.792 Y75.427 E587.3801
G1 X95.792 Y74.862 E587.3989
G1 X96.331 Y75.400 E587.4242
G1 X96.331 Y74.835 E587.4430
G1 X95.792 Y74.296 E587.4684
G1 X95.792 Y73.730 E587.4872
G1 X96.331 Y74.269 E587.5126
G1 X96.331 Y73.703 E587.5314
G1 X95.792 Y73.165 E587.5567
G1 X95.792 Y72.599 E587.5755
G1 X96.331 Y73.138 E587.6009
G1 X96.331 Y72.572 E587.6197
G1 X95.792 Y72.033 E587.6451
G1 X95.792 Y71.467 E587.6639
G1 X96.331 Y72.006 E587.6892
G1 X96.331 Y71.441 E587.7080
G1 X95.792 Y70.902 E587.7334
G1 X95.792 Y70.336 E587.7522
G1 X96.331 Y70.875 E587.7776
G1 X96.331 Y70.309 E587.7964
G1 X95.792 Y69.770 E587.8217
G1 X95.792 Y69.205 E587.8405
G1 X96.331 Y69.744 E587.8659
G1 X96.331 Y69.178 E587.8847
G1 X95.792 Y68.639 E587.9101
G1 X95.792 Y68.073 E587.9289
G1 X96.331 Y68.612 E587.9542
G1 X96.331 Y68.047 E587.9730
G1 X95.792 Y67.508 E587.9984
G1 X95.792 Y66.942 E588.0172
G1 X96.331 Y67.481 E588.0426
G1 X96.331 Y66.915 E588.0614
G1 X95.792 Y66.376 E588.0867
G1 X95.792 Y65.907 E588.1023
G1 X95.822 Y65.840 E588.1048
G1 X96.331 Y66.349 E588.1287
G1 X96.331 Y65.908 E588.1434
G1 X96.320 Y65.885 E588.1442
G0 F2700 X96.227 Y65.680
G0 F2700 X96.032 Y65.485
G1 F3000 E583.1442
G1 F900 Z5.300
G0 F4200 X95.276 Y82.549
;TYPE:SOLID-FILL
;WIDTH:0.400
G1 F900 Z5.000
G1 F1500 E588.1442
G1 F3000 X95.484 Y83.038 E588.1602
G1 X95.243 Y83.080 E588.1684
G1 F3000 E583.1684
G1 F900 Z5.300
G0 F4200 X96.807 Y82.948
G1 F900 Z5.000
G1 F1500 E588.1684
G1 F3000 X96.880 Y83.021 E588.1718
G1 F3000 E583.1718
G1 F900 Z5.300
G0 F4200 X95.231 Y83.068
G1 F900 Z5.000
G1 F1500 E588.1718
G1 F3000 X94.749 Y82.869 E588.1905
G1 X94.183 Y82.870 E588.2091
G1 X93.618 Y82.870 E588.2276
G1 X93.053 Y82.871 E588.2462
G1 X92.488 Y82.871 E588.2647
G1 X91.923 Y82.872 E588.2831
G1 X91.358 Y82.872 E588.3014
G1 X90.792 Y82.872 E588.3198
G1 X90.227 Y82.873 E588.3380
G1 X89.885 Y82.814 E588.3496
G1 F3000 E583.3496
G1 F900 Z5.300
G0 F4200 X107.950 Y90.385
;TYPE:WALL-INNER
;WIDTH:0.400
G1 F900 Z5.000
G1 F1500 E588.3496
G1 F2700 X107.782 Y90.287 E588.3560
G1 X107.696 Y90.158 E588.3612
G1 X107.663 Y89.977 E588.3673
G1 X107.663 Y75.760 E588.8402
G1 X107.696 Y75.579 E588.8463
G1 X107.781 Y75.451 E588.8514
G1 X107.912 Y75.364 E588.8566
G1 X107.985 Y75.341 E588.8592
G1 X108.140 Y75.341 E588.8643
G1 X108.266 Y75.392 E588.8689
G1 X108.403 Y75.530 E588.8753
G1 X108.452 Y75.656 E588.8798
G1 X108.463 Y75.762 E588.8834
G1 X108.463 Y82.319 E589.1015
G1 X110.082 Y82.319 E589.1553
G1 X111.145 Y82.805 E589.1942
G1 X111.145 Y82.933 E589.1984
G1 X110.082 Y83.419 E589.2373
G1 X108.463 Y83.419 E589.2912
G1 X108.463 Y89.975 E589.5092
G1 X108.429 Y90.159 E589.5154
G1 X108.387 Y90.222 E589.5180
G0 F2700 X108.344 Y90.287
G0 F2700 X108.214 Y90.373
G0 F2700 X108.063 Y90.403
G0 F2700 X107.950 Y90.385
G1 F3000 E584.5180
G0 F4200 X107.804 Y90.759
;TYPE:WALL-OUTER
;WIDTH:0.400
G1 F900 Z5.000
G1 F1500 E589.5180
G1 F2700 X107.615 Y90.668 E589.5249
G1 X107.497 Y90.571 E589.5300
G1 X107.398 Y90.450 E589.5352
G1 X107.325 Y90.312 E589.5404
G1 X107.279 Y90.162 E589.5456
G1 X107.263 Y89.996 E589.5512
G1 X107.263 Y75.741 E590.0253
G1 X107.279 Y75.575 E590.0308
G1 X107.325 Y75.426 E590.0360
G1 X107.398 Y75.287 E590.0412
G1 X107.497 Y75.166 E590.0464
G1 X107.619 Y75.067 E590.0517
G1 X107.757 Y74.993 E590.0569
G1 X107.906 Y74.947 E590.0621
G1 X108.063 Y74.932 E590.0673
G1 X108.219 Y74.947 E590.0725
G1 X108.368 Y74.993 E590.0777
G1 X108.507 Y75.067 E590.0830
G1 X108.729 Y75.291 E590.0934
G1 X108.800 Y75.426 E590.0985
G1 X108.846 Y75.576 E590.1037
G1 X108.863 Y75.741 E590.1092
G1 X108.863 Y81.919 E590.3147
G1 X110.169 Y81.919 E590.3582
G1 X111.566 Y82.558 E590.4093
G1 X111.704 Y82.717 E590.4163
G1 X111.734 Y82.869 E590.4214
G1 X111.679 Y83.068 E590.4283
G1 X111.566 Y83.180 E590.4336
G1 X110.169 Y83.819 E590.4847
G1 X108.863 Y83.819 E590.5281
G1 X108.863 Y89.996 E590.7336
G1 X108.846 Y90.161 E590.7391
G1 X108.800 Y90.312 E590.7443
G1 X108.727 Y90.450 E590.7495
G1 X108.628 Y90.571 E590.7547
G1 X108.506 Y90.671 E590.7600
G1 X108.368 Y90.744 E590.7652
G1 X108.296 Y90.766 E590.7677
G0 F2700 X108.219 Y90.790
G0 F2700 X108.063 Y90.805
G0 F2700 X107.906 Y90.790
G0 F2700 X107.804 Y90.759
G1 F3000 E585.7677
G0 F4200 X108.004 Y90.185
;TYPE:SOLID-FILL
;WIDTH:0.400
G1 F900 Z5.000
G1 F1500 E590.7677
G1 F3000 X108.071 Y89.969 E590.7734
G1 X108.062 Y89.394 E590.7922
G1 X108.062 Y88.828 E590.8110
G1 X108.062 Y88.262 E590.8298
G1 X108.062 Y87.697 E590.8486
G1 X108.062 Y87.131 E590.8674
G1 X108.062 Y86.565 E590.8862
G1 X108.062 Y86.000 E590.9050
G1 X108.062 Y85.434 E590.9238
G1 X108.062 Y84.868 E590.9426
G1 X108.062 Y84.303 E590.9614
G1 X108.062 Y83.737 E590.9802
G1 X108.126 Y83.236 E590.9989
G1 X107.862 Y82.689 E591.0191
G0 F4200 X107.862 Y82.123
G1 F3000 X108.462 Y82.723 E591.0474
G1 F3000 E586.0474
G1 F900 Z5.300
G0 F4200 X108.262 Y81.957
G1 F900 Z5.000
G1 F1500 E591.0474
G1 F3000 X108.062 Y81.474 E591.0661
G1 X108.062 Y80.909 E591.0849
G1 X108.062 Y80.343 E591.1037
G1 X108.062 Y79.777 E591.1225
G1 X108.062 Y79.211 E591.1413
G1 X108.062 Y78.646 E591.1601
G1 X108.062 Y78.080 E591.1789
G1 X108.062 Y77.514 E591.1977
G1 X108.062 Y76.949 E591.2165
G1 X108.062 Y76.383 E591.2353
G1 X107.964 Y75.720 E591.2541
G1 X108.258 Y75.731 E591.2638
G1 F3000 E586.2638
G1 F900 Z5.300
G0 F4200 X109.752 Y82.599
;TYPE:SOLID-FILL
;WIDTH:0.400
G1 F900 Z5.000
G1 F1500 E591.2638
G1 F2700 X110.206 Y83.053 E591.2852
G1 X110.019 Y83.139 E591.2920
G1 X109.726 Y83.138 E591.3018
G1 X109.186 Y82.599 E591.3272
G1 X108.620 Y82.599 E591.3460
G1 X109.160 Y83.138 E591.3714
G1 X109.094 Y83.138 E591.3736
G0 F2700 X108.594 Y83.138
G0 F4200 X108.511 Y83.338
;TYPE:SOLID-FILL
;WIDTH:0.400
G1 F3000 X108.342 Y83.169 E591.3815
G1 F3000 E586.3815
G1 F900 Z5.300
G0 F4200 X109.834 Y82.399
G1 F900 Z5.000
G1 F1500 E591.3815
G1 F3000 X109.892 Y82.457 E591.3842
G1 F3000 E586.3842
G1 F900 Z5.300
G0 F4200 X115.950 Y90.385
;TYPE:WALL-INNER
;WIDTH:0.400
G1 F900 Z5.000
G1 F1500 E591.3842
G1 F2700 X115.782 Y90.287 E591.3907
G1 X115.696 Y90.158 E591.3959
G1 X115.663 Y89.977 E591.4020
G1 X115.663 Y75.760 E591.8748
G1 X115.696 Y75.579 E591.8810
G1 X115.781 Y75.451 E591.8861
G1 X115.912 Y75.364 E591.8913
G1 X115.985 Y75.341 E591.8939
G1 X116.140 Y75.341 E591.8990
G1 X116.266 Y75.392 E591.9035
G1 X116.403 Y75.530 E591.9100
G1 X116.452 Y75.656 E591.9145
G1 X116.463 Y75.762 E591.9180
G1 X116.463 Y82.319 E592.1361
G1 X118.082 Y82.319 E592.1900
G1 X119.145 Y82.805 E592.2289
G1 X119.145 Y82.933 E592.2331
G1 X118.082 Y83.419 E592.2720
G1 X116.463 Y83.419 E592.3258
G1 X116.463 Y89.975 E592.5439
G1 X116.429 Y90.159 E592.5501
G1 X116.387 Y90.222 E592.5526
G0 F2700 X116.344 Y90.287
G0 F2700 X116.214 Y90.373
G0 F2700 X116.063 Y90.403
G0 F2700 X115.950 Y90.385
G1 F3000 E587.5526
G0 F4200 X115.804 Y90.759
;TYPE:WALL-OUTER
;WIDTH:0.400
G1 F900 Z5.000
G1 F1500 E592.5526
G1 F2700 X115.615 Y90.668 E592.5596
G1 X115.497 Y90.571 E592.5647
G1 X115.398 Y90.450 E592.5699
G1 X115.325 Y90.312 E592.5751
G1 X115.279 Y90.162 E592.5803
G1 X115.263 Y89.996 E592.5858
G1 X115.263 Y75.741 E593.0600
G1 X115.279 Y75.575 E593.0655
G1 X115.325 Y75.426 E593.0707
G1 X115.398 Y75.287 E593.0759
G1 X115.497 Y75.166 E593.0811
G1 X115.619 Y75.067 E593.0863
G1 X115.757 Y74.993 E593.0916
G1 X115.906 Y74.947 E593.0967
G1 X116.063 Y74.932 E593.1020
G1 X116.219 Y74.947 E593.1072
G1 X116.368 Y74.993 E593.1124
G1 X116.507 Y75.067 E593.1176
G1 X116.729 Y75.291 E593.1281
G1 X116.800 Y75.426 E593.1332
G1 X116.846 Y75.576 E593.1384
G1 X116.863 Y75.741 E593.1439
G1 X116.863 Y81.919 E593.3494
G1 X118.169 Y81.919 E593.3928
G1 X119.566 Y82.558 E593.4439
G1 X119.704 Y82.717 E593.4509
G1 X119.734 Y82.869 E593.4561
G1 X119.679 Y83.068 E593.4630
G1 X119.566 Y83.180 E593.4682
G1 X118.169 Y83.819 E593.5193
G1 X116.863 Y83.819 E593.5628
G1 X116.863 Y89.996 E593.7682
G1 X116.846 Y90.161 E593.7737
G1 X116.800 Y90.312 E593.7790
G1 X116.727 Y90.450 E593.7842
G1 X116.628 Y90.571 E593.7894
G1 X116.506 Y90.671 E593.7946
G1 X116.368 Y90.744 E593.7998
G1 X116.296 Y90.766 E593.8023
G0 F2700 X116.219 Y90.790
G0 F2700 X116.063 Y90.805
G0 F2700 X115.906 Y90.790
G0 F2700 X115.804 Y90.759
G1 F3000 E588.8023
G0 F4200 X116.262 Y89.958
;TYPE:SOLID-FILL
;WIDTH:0.400
G1 F900 Z5.000
G1 F1500 E593.8023
G1 F3000 X116.062 Y89.474 E593.8211
G1 X116.062 Y88.909 E593.8399
G1 X116.062 Y88.343 E593.8587
G1 X116.062 Y87.777 E593.8775
G1 X116.062 Y87.212 E593.8963
G1 X116.062 Y86.646 E593.9151
G1 X116.062 Y86.080 E593.9339
G1 X116.062 Y85.515 E593.9527
G1 X116.062 Y84.949 E593.9715
G1 X116.062 Y84.383 E593.9903
G1 X116.062 Y83.818 E594.0091
G1 X116.086 Y83.276 E594.0278
G1 X115.862 Y82.769 E594.0463
G0 F4200 X115.862 Y82.203
G1 F3000 X116.462 Y82.804 E594.0745
G1 F3000 E589.0745
G1 F900 Z5.300
G0 F4200 X116.262 Y82.038
G1 F900 Z5.000
G1 F1500 E594.0745
G1 F3000 X116.062 Y81.555 E594.0933
G1 X116.062 Y80.989 E594.1121
G1 X116.062 Y80.423 E594.1309
G1 X116.062 Y79.858 E594.1497
G1 X116.062 Y79.292 E594.1685
G1 X116.062 Y78.726 E594.1873
G1 X116.062 Y78.161 E594.2061
G1 X116.062 Y77.595 E594.2249
G1 X116.062 Y77.029 E594.2437
G1 X116.062 Y76.464 E594.2625
G1 X116.062 Y75.898 E594.2813
G1 X115.995 Y75.549 E594.2931
G1 F3000 E589.2931
G1 F900 Z5.300
G0 F4200 X117.671 Y82.599
;TYPE:SOLID-FILL
;WIDTH:0.400
G1 F900 Z5.000
G1 F1500 E594.2931
G1 F2700 X118.150 Y83.077 E594.3156
G1 X118.018 Y83.138 E594.3204
G1 X117.645 Y83.138 E594.3328
G1 X117.106 Y82.599 E594.3582
G1 X116.542 Y82.598 E594.3769
G1 X116.542 Y82.601 E594.3770
G1 X116.726 Y82.785 E594.3857
G0 F2700 X117.079 Y83.138
G1 F3000 E589.3857
G1 F900 Z5.300
G0 F4200 X118.019 Y82.599
G1 F900 Z5.000
G1 F1500 E594.3857
G1 F2700 X118.419 Y82.780 E594.4003
G1 F3000 E589.4003
G1 F900 Z5.300
G0 F4200 X116.997 Y83.338
;TYPE:SOLID-FILL
;WIDTH:0.400
G1 F900 Z5.000
G1 F1500 E594.4003
G1 F3000 X116.684 Y83.308 E594.4031
G1 X116.341 Y83.249 E594.4147
G1 F3000 E589.4147
G1 F900 Z5.300
G0 F4200 X123.782 Y90.287
;TYPE:WALL-INNER
;WIDTH:0.400
G1 F900 Z5.000
G1 F1500 E594.4147
G1 F2700 X123.696 Y90.158 E594.4198
G1 X123.663 Y89.977 E594.4260
G1 X123.663 Y75.760 E594.8988
G1 X123.696 Y75.579 E594.9049
G1 X123.781 Y75.451 E594.9100
G1 X123.912 Y75.364 E594.9153
G1 X123.985 Y75.341 E594.9178
G1 X124.140 Y75.341 E594.9230
G1 X124.266 Y75.392 E594.9275
G1 X124.403 Y75.530 E594.9340
G1 X124.452 Y75.656 E594.9385
G1 X124.463 Y75.762 E594.9420
G1 X124.463 Y82.319 E595.1601
G1 X126.082 Y82.319 E595.2139
G1 X127.145 Y82.805 E595.2528
G1 X127.145 Y82.933 E595.2571
G1 X126.082 Y83.419 E595.2959
G1 X124.463 Y83.419 E595.3498
G1 X124.463 Y89.975 E595.5678
G1 X124.429 Y90.159 E595.5741
G1 X124.344 Y90.287 E595.5792
G1 X124.246 Y90.352 E595.5831
G0 F2700 X124.214 Y90.373
G0 F2700 X124.063 Y90.403
G0 F2700 X123.950 Y90.385
G0 F2700 X123.782 Y90.287
G1 F3000 E590.5831
G0 F4200 X123.497 Y90.571
;TYPE:WALL-OUTER
;WIDTH:0.400
G1 F900 Z5.000
G1 F1500 E595.5831
G1 F2700 X123.398 Y90.450 E595.5883
G1 X123.325 Y90.312 E595.5935
G1 X123.279 Y90.162 E595.5987
G1 X123.263 Y89.996 E595.6042
G1 X123.263 Y75.741 E596.0784
G1 X123.279 Y75.575 E596.0839
G1 X123.325 Y75.426 E596.0891
G1 X123.398 Y75.287 E596.0943
G1 X123.497 Y75.166 E596.0995
G1 X123.619 Y75.067 E596.1048
G1 X123.757 Y74.993 E596.1100
G1 X123.906 Y74.947 E596.1151
G1 X124.063 Y74.932 E596.1204
G1 X124.219 Y74.947 E596.1256
G1 X124.368 Y74.993 E596.1308
G1 X124.507 Y75.067 E596.1360
G1 X124.729 Y75.291 E596.1465
G1 X124.800 Y75.426 E596.1516
G1 X124.846 Y75.576 E596.1568
G1 X124.863 Y75.741 E596.1623
G1 X124.863 Y81.919 E596.3678
G1 X126.169 Y81.919 E596.4112
G1 X127.566 Y82.558 E596.4623
G1 X127.704 Y82.717 E596.4693
G1 X127.734 Y82.869 E596.4745
G1 X127.679 Y83.068 E596.4814
G1 X127.566 Y83.180 E596.4867
G1 X126.169 Y83.819 E596.5377
G1 X124.863 Y83.819 E596.5812
G1 X124.863 Y89.996 E596.7866
G1 X124.846 Y90.161 E596.7922
G1 X124.800 Y90.312 E596.7974
G1 X124.727 Y90.450 E596.8026
G1 X124.628 Y90.571 E596.8078
G1 X124.506 Y90.671 E596.8130
G1 X124.368 Y90.744 E596.8182
G1 X124.219 Y90.790 E596.8234
G1 X124.063 Y90.805 E596.8286
G1 X123.939 Y90.793 E596.8328
G0 F2700 X123.906 Y90.790
G0 F2700 X123.804 Y90.759
G0 F2700 X123.615 Y90.668
G0 F2700 X123.497 Y90.571
G1 F3000 E591.8328
G0 F4200 X124.249 Y90.026
;TYPE:SOLID-FILL
;WIDTH:0.400
G1 F900 Z5.000
G1 F1500 E596.8328
G1 F3000 X124.061 Y89.555 E596.8510
G1 X124.061 Y88.989 E596.8699
G1 X124.061 Y88.423 E596.8887
G1 X124.061 Y87.857 E596.9075
G1 X124.061 Y87.292 E596.9263
G1 X124.061 Y86.726 E596.9451
G1 X124.061 Y86.160 E596.9640
G1 X124.061 Y85.595 E596.9827
G1 X124.061 Y85.029 E597.0016
G1 X124.061 Y84.463 E597.0204
G1 X124.061 Y83.898 E597.0392
G1 X124.061 Y83.332 E597.0581
G1 X123.861 Y82.849 E597.0754
G0 F4200 X123.861 Y82.283
G1 F3000 X124.462 Y82.884 E597.1037
G1 F3000 E592.1037
G1 F900 Z5.300
G0 F4200 X124.261 Y82.118
G1 F900 Z5.000
G1 F1500 E597.1037
G1 F3000 X124.061 Y81.635 E597.1225
G1 X124.061 Y81.069 E597.1413
G1 X124.061 Y80.503 E597.1601
G1 X124.061 Y79.938 E597.1789
G1 X124.061 Y79.372 E597.1977
G1 X124.061 Y78.806 E597.2165
G1 X124.061 Y78.241 E597.2353
G1 X124.061 Y77.675 E597.2541
G1 X124.061 Y77.109 E597.2728
G1 X124.061 Y76.544 E597.2916
G1 X124.061 Y75.978 E597.3104
G1 X123.948 Y75.581 E597.3241
G1 F3000 E592.3241
G1 F900 Z5.300
G0 F4200 X125.591 Y82.599
;TYPE:SOLID-FILL
;WIDTH:0.400
G1 F900 Z5.000
G1 F1500 E597.3241
G1 F2700 X126.095 Y83.103 E597.3478
G1 X126.019 Y83.138 E597.3506
G1 X125.565 Y83.138 E597.3657
G1 X125.025 Y82.599 E597.3911
G1 X124.542 Y82.599 E597.4072
G1 X124.542 Y82.681 E597.4099
G1 X124.646 Y82.785 E597.4148
G0 F2700 X124.999 Y83.138
G1 F3000 E592.4148
G1 F900 Z5.300
G0 F4200 X126.019 Y82.598
G1 F900 Z5.000
G1 F1500 E597.4148
G1 F2700 X126.036 Y82.606 E597.4154
G0 F2700 X126.273 Y82.715
G0 F2700 X126.442 Y82.884
G0 F4200 X125.732 Y82.457
;TYPE:SOLID-FILL
;WIDTH:0.400
G1 F3000 X125.674 Y82.399 E597.4181
G1 F3000 E592.4181
G1 F900 Z5.300
G0 F4200 X124.857 Y83.279
G1 F900 Z5.000
G1 F1500 E597.4181
G1 F3000 X124.916 Y83.338 E597.4209
G1 F3000 E592.4209
G1 F900 Z5.300
G0 F4200 X131.782 Y90.287
;TYPE:WALL-INNER
;WIDTH:0.400
G1 F900 Z5.000
G1 F1500 E597.4209
G1 F2700 X131.696 Y90.158 E597.4261
G1 X131.663 Y89.977 E597.4322
G1 X131.663 Y75.760 E597.9051
G1 X131.696 Y75.579 E597.9112
G1 X131.781 Y75.451 E597.9163
G1 X131.912 Y75.364 E597.9215
G1 X131.985 Y75.341 E597.9241
G1 X132.140 Y75.341 E597.9292
G1 X132.266 Y75.392 E597.9337
G1 X132.403 Y75.530 E597.9402
G1 X132.452 Y75.656 E597.9447
G1 X132.463 Y75.762 E597.9482
G1 X132.463 Y82.319 E598.1663
G1 X134.082 Y82.319 E598.2202
G1 X135.145 Y82.805 E598.2591
G1 X135.145 Y82.933 E598.2633
G1 X134.082 Y83.419 E598.3022
G1 X132.463 Y83.419 E598.3560
G1 X132.463 Y89.975 E598.5741
G1 X132.429 Y90.159 E598.5803
G1 X132.344 Y90.287 E598.5854
G1 X132.246 Y90.352 E598.5893
G0 F2700 X132.214 Y90.373
G0 F2700 X132.063 Y90.403
G0 F2700 X131.950 Y90.385
G0 F2700 X131.782 Y90.287
G1 F3000 E593.5893
G0 F4200 X131.497 Y90.571
;TYPE:WALL-OUTER
;WIDTH:0.400
G1 F900 Z5.000
G1 F1500 E598.5893
G1 F2700 X131.398 Y90.450 E598.5945
G1 X131.325 Y90.312 E598.5997
G1 X131.279 Y90.162 E598.6049
G1 X131.263 Y89.996 E598.6105
G1 X131.263 Y75.741 E599.0846
G1 X131.279 Y75.575 E599.0902
G1 X131.325 Y75.426 E599.0953
G1 X131.398 Y75.287 E599.1006
G1 X131.497 Y75.166 E599.1058
G1 X131.619 Y75.067 E599.1110
G1 X131.757 Y74.993 E599.1162
G1 X131.906 Y74.947 E599.1214
G1 X132.063 Y74.932 E599.1266
G1 X132.219 Y74.947 E599.1319
G1 X132.368 Y74.993 E599.1370
G1 X132.507 Y75.067 E599.1423
G1 X132.729 Y75.291 E599.1528
G1 X132.800 Y75.426 E599.1578
G1 X132.846 Y75.576 E599.1631
G1 X132.863 Y75.741 E599.1686
G1 X132.863 Y81.919 E599.3741
G1 X134.169 Y81.919 E599.4175
G1 X135.566 Y82.558 E599.4686
G1 X135.704 Y82.717 E599.4756
G1 X135.734 Y82.869 E599.4807
G1 X135.679 Y83.068 E599.4876
G1 X135.566 Y83.180 E599.4929
G1 X134.169 Y83.819 E599.5440
G1 X132.863 Y83.819 E599.5874
G1 X132.863 Y89.996 E599.7929
G1 X132.846 Y90.161 E599.7984
G1 X132.800 Y90.312 E599.8036
G1 X132.727 Y90.450 E599.8088
G1 X132.628 Y90.571 E599.8140
G1 X132.506 Y90.671 E599.8193
G1 X132.368 Y90.744 E599.8245
G1 X132.219 Y90.790 E599.8297
G1 X132.063 Y90.805 E599.8349
G1 X131.939 Y90.793 E599.8390
G0 F2700 X131.906 Y90.790
G0 F2700 X131.804 Y90.759
G0 F2700 X131.615 Y90.668
G0 F2700 X131.497 Y90.571
G1 F3000 E594.8390
G0 F4200 X132.233 Y90.090
;TYPE:SOLID-FILL
;WIDTH:0.400
G1 F900 Z5.000
G1 F1500 E599.8390
G1 F3000 X132.061 Y89.635 E599.8565
G1 X132.061 Y89.069 E599.8753
G1 X132.061 Y88.504 E599.8941
G1 X132.061 Y87.938 E599.9129
G1 X132.061 Y87.372 E599.9318
G1 X132.061 Y86.806 E599.9506
G1 X132.061 Y86.241 E599.9694
G1 X132.061 Y85.675 E599.9882
G1 X132.061 Y85.109 E600.0070
G1 X132.061 Y84.544 E600.0258
G1 X132.061 Y83.978 E600.0446
G1 X132.061 Y83.412 E600.0635
G1 X131.861 Y82.930 E600.0808
G0 F4200 X131.861 Y82.364
G1 F3000 X132.462 Y82.964 E600.1091
G1 F3000 E595.1091
G1 F900 Z5.300
G0 F4200 X132.262 Y82.199
G1 F900 Z5.000
G1 F1500 E600.1091
G1 F3000 X132.061 Y81.715 E600.1279
G1 X132.061 Y81.150 E600.1467
G1 X132.061 Y80.584 E600.1655
G1 X132.061 Y80.018 E600.1843
G1 X132.061 Y79.453 E600.2031
G1 X132.061 Y78.887 E600.2220
G1 X132.061 Y78.321 E600.2408
G1 X132.061 Y77.756 E600.2596
G1 X132.061 Y77.190 E600.2784
G1 X132.061 Y76.624 E600.2972
G1 X132.061 Y76.058 E600.3161
G1 X131.907 Y75.622 E600.3314
G1 F3000 E595.3314
G1 F900 Z5.300
G0 F4200 X133.510 Y82.599
;TYPE:SOLID-FILL
;WIDTH:0.400
G1 F900 Z5.000
G1 F1500 E600.3314
G1 F2700 X134.040 Y83.128 E600.3563
G1 X134.019 Y83.138 E600.3571
G1 X133.484 Y83.138 E600.3749
G1 X132.945 Y82.599 E600.4003
G1 X132.542 Y82.599 E600.4137
G1 X132.542 Y82.761 E600.4190
G1 X132.566 Y82.785 E600.4202
G0 F2700 X132.919 Y83.138
G1 F3000 E595.4202
G1 F900 Z5.300
G0 F4200 X134.019 Y82.598
G1 F900 Z5.000
G1 F1500 E600.4202
G1 F2700 X134.062 Y82.618 E600.4218
G0 F2700 X134.124 Y82.646
G0 F2700 X134.429 Y82.952
G0 F4200 X133.651 Y82.457
;TYPE:SOLID-FILL
;WIDTH:0.400
G1 F3000 X133.593 Y82.399 E600.4245
G1 F3000 E595.4245
G1 F900 Z5.300
G0 F4200 X132.776 Y83.279
G1 F900 Z5.000
G1 F1500 E600.4245
G1 F3000 X132.836 Y83.338 E600.4273
;LAYER:25
;Z:5.200
;HEIGHT:0.200
G1 F3000 E595.4273
G0 F900 Z5.200
G0 F4200 X131.781 Y90.286
;TYPE:WALL-INNER
;WIDTH:0.400
G1 F900 Z5.200
G1 F1500 E600.4273
G1 F2700 X131.696 Y90.158 E600.4324
G1 X131.663 Y89.977 E600.4385
G1 X131.663 Y75.760 E600.9114
G1 X131.696 Y75.579 E600.9175
G1 X131.781 Y75.451 E600.9226
G1 X131.912 Y75.364 E600.9278
G1 X131.985 Y75.341 E600.9304
G1 X132.140 Y75.341 E600.9355
G1 X132.283 Y75.402 E600.9407
G1 X132.392 Y75.509 E600.9458
G1 X132.452 Y75.656 E600.9511
G1 X132.463 Y75.762 E600.9546
G1 X132.463 Y82.319 E601.1727
G1 X134.082 Y82.319 E601.2265
G1 X135.145 Y82.805 E601.2654
G1 X135.145 Y82.933 E601.2697
G1 X134.082 Y83.419 E601.3086
G1 X132.463 Y83.419 E601.3624
G1 X132.463 Y89.953 E601.5797
G1 X132.419 Y90.177 E601.5873
G1 X132.344 Y90.287 E601.5917
G1 X132.245 Y90.353 E601.5957
G0 F2700 X132.214 Y90.373
G0 F2700 X132.063 Y90.403
G0 F2700 X131.945 Y90.384
G0 F2700 X131.781 Y90.286
G1 F3000 E596.5957
G0 F4200 X131.497 Y90.571
;TYPE:WALL-OUTER
;WIDTH:0.400
G1 F900 Z5.200
G1 F1500 E601.5957
G1 F2700 X131.398 Y90.450 E601.6009
G1 X131.325 Y90.312 E601.6061
G1 X131.279 Y90.162 E601.6113
G1 X131.263 Y89.996 E601.6169
G1 X131.263 Y75.741 E602.0910
G1 X131.279 Y75.575 E602.0965
G1 X131.325 Y75.426 E602.1017
G1 X131.398 Y75.287 E602.1069
G1 X131.497 Y75.166 E602.1121
G1 X131.619 Y75.067 E602.1174
G1 X131.757 Y74.993 E602.1226
G1 X131.906 Y74.947 E602.1278
G1 X132.063 Y74.932 E602.1330
G1 X132.219 Y74.947 E602.1382
G1 X132.368 Y74.993 E602.1434
G1 X132.506 Y75.067 E602.1486
G1 X132.628 Y75.166 E602.1538
G1 X132.727 Y75.287 E602.1590
G1 X132.800 Y75.426 E602.1643
G1 X132.846 Y75.576 E602.1695
G1 X132.863 Y75.741 E602.1750
G1 X132.863 Y81.919 E602.3805
G1 X134.169 Y81.919 E602.4239
G1 X135.566 Y82.558 E602.4750
G1 X135.704 Y82.717 E602.4820
G1 X135.734 Y82.869 E602.4872
G1 X135.679 Y83.068 E602.4940
G1 X135.566 Y83.180 E602.4993
G1 X134.169 Y83.819 E602.5504
G1 X132.863 Y83.819 E602.5939
G1 X132.863 Y89.992 E602.7992
G1 X132.800 Y90.312 E602.8100
G1 X132.727 Y90.450 E602.8152
G1 X132.628 Y90.571 E602.8204
G1 X132.506 Y90.671 E602.8257
G1 X132.368 Y90.744 E602.8308
G1 X132.219 Y90.790 E602.8360
G1 X132.063 Y90.805 E602.8412
G1 X131.939 Y90.793 E602.8454
G0 F2700 X131.906 Y90.790
G0 F2700 X131.798 Y90.757
G0 F2700 X131.616 Y90.668
G0 F2700 X131.497 Y90.571
G1 F3000 E597.8454
G0 F4200 X131.911 Y90.120
;TYPE:SOLID-FILL
;WIDTH:0.400
G1 F900 Z5.200
G1 F1500 E602.8454
G1 F3000 X132.062 Y89.686 E602.8619
G1 X132.062 Y89.120 E602.8807
G1 X132.062 Y88.554 E602.8995
G1 X132.062 Y87.989 E602.9182
G1 X132.062 Y87.423 E602.9370
G1 X132.062 Y86.857 E602.9558
G1 X132.062 Y86.292 E602.9745
G1 X132.062 Y85.726 E602.9933
G1 X132.062 Y85.160 E603.0121
G1 X132.062 Y84.594 E603.0308
G1 X132.062 Y84.029 E603.0495
G1 X132.262 Y83.546 E603.0669
G0 F4200 X131.862 Y83.380
G1 F3000 X132.462 Y82.780 E603.0951
G0 F4200 X132.262 Y82.415
G1 F3000 X131.862 Y82.531 E603.1139
G1 X132.062 Y81.766 E603.1327
G1 X132.062 Y81.200 E603.1514
G1 X132.062 Y80.635 E603.1702
G1 X132.062 Y80.069 E603.1890
G1 X132.062 Y79.503 E603.2077
G1 X132.062 Y78.938 E603.2265
G1 X132.062 Y78.372 E603.2453
G1 X132.062 Y77.806 E603.2640
G1 X132.062 Y77.241 E603.2828
G1 X132.062 Y76.675 E603.3016
G1 X132.062 Y76.109 E603.3203
G1 X132.234 Y75.654 E603.3365
G1 F3000 E598.3365
G1 F900 Z5.500
G0 F4200 X132.927 Y82.598
;TYPE:SOLID-FILL
;WIDTH:0.400
G1 F900 Z5.200
G1 F1500 E603.3365
G1 F2700 X132.542 Y82.983 E603.3546
G1 X132.542 Y83.139 E603.3598
G1 X132.952 Y83.139 E603.3735
G1 X133.140 Y82.951 E603.3823
G0 F2700 X133.493 Y82.598
G0 F4200 X134.019 Y82.598
G1 F2700 X134.046 Y82.610 E603.3833
G1 X133.518 Y83.139 E603.4081
G1 X134.019 Y83.138 E603.4248
G1 X134.065 Y83.117 E603.4265
G0 F2700 X134.138 Y83.085
G0 F2700 X134.435 Y82.788
G1 F3000 E598.4265
G1 F900 Z5.500
G0 F4200 X133.975 Y82.399
;TYPE:SOLID-FILL
;WIDTH:0.400
G1 F900 Z5.200
G1 F1500 E603.4265
G1 F3000 X133.656 Y82.434 E603.4298
G1 X133.097 Y82.428 E603.4325
G1 X132.785 Y82.457 E603.4429
G1 F3000 E598.4429
G1 F900 Z5.500
G0 F4200 X123.781 Y90.286
;TYPE:WALL-INNER
;WIDTH:0.400
G1 F900 Z5.200
G1 F1500 E603.4429
G1 F2700 X123.696 Y90.158 E603.4480
G1 X123.663 Y89.977 E603.4541
G1 X123.663 Y75.760 E603.9270
G1 X123.696 Y75.579 E603.9331
G1 X123.781 Y75.451 E603.9382
G1 X123.912 Y75.364 E603.9434
G1 X123.985 Y75.341 E603.9460
G1 X124.140 Y75.341 E603.9511
G1 X124.283 Y75.402 E603.9563
G1 X124.392 Y75.509 E603.9614
G1 X124.452 Y75.656 E603.9667
G1 X124.463 Y75.762 E603.9702
G1 X124.463 Y82.319 E604.1883
G1 X126.082 Y82.319 E604.2422
G1 X127.145 Y82.805 E604.2810
G1 X127.145 Y82.933 E604.2853
G1 X126.082 Y83.419 E604.3242
G1 X124.463 Y83.419 E604.3780
G1 X124.463 Y89.953 E604.5953
G1 X124.419 Y90.177 E604.6029
G1 X124.344 Y90.287 E604.6074
G1 X124.245 Y90.353 E604.6113
G0 F2700 X124.214 Y90.373
G0 F2700 X124.063 Y90.403
G0 F2700 X123.945 Y90.384
G0 F2700 X123.781 Y90.286
G1 F3000 E599.6113
G0 F4200 X123.497 Y90.571
;TYPE:WALL-OUTER
;WIDTH:0.400
G1 F900 Z5.200
G1 F1500 E604.6113
G1 F2700 X123.398 Y90.450 E604.6165
G1 X123.325 Y90.312 E604.6217
G1 X123.279 Y90.162 E604.6269
G1 X123.263 Y89.996 E604.6325
G1 X123.263 Y75.741 E605.1066
G1 X123.279 Y75.575 E605.1121
G1 X123.325 Y75.426 E605.1173
G1 X123.398 Y75.287 E605.1225
G1 X123.497 Y75.166 E605.1277
G1 X123.619 Y75.067 E605.1330
G1 X123.757 Y74.993 E605.1382
G1 X123.906 Y74.947 E605.1434
G1 X124.063 Y74.932 E605.1486
G1 X124.219 Y74.947 E605.1538
G1 X124.368 Y74.993 E605.1590
G1 X124.506 Y75.067 E605.1642
G1 X124.628 Y75.166 E605.1694
G1 X124.727 Y75.287 E605.1746
G1 X124.800 Y75.426 E605.1799
G1 X124.846 Y75.576 E605.1851
G1 X124.863 Y75.741 E605.1906
G1 X124.863 Y81.919 E605.3961
G1 X126.169 Y81.919 E605.4395
G1 X127.566 Y82.558 E605.4906
G1 X127.704 Y82.717 E605.4976
G1 X127.734 Y82.869 E605.5028
G1 X127.679 Y83.068 E605.5096
G1 X127.566 Y83.180 E605.5149
G1 X126.169 Y83.819 E605.5660
G1 X124.863 Y83.819 E605.6095
G1 X124.863 Y89.992 E605.8148
G1 X124.800 Y90.312 E605.8256
G1 X124.727 Y90.450 E605.8308
G1 X124.628 Y90.571 E605.8360
G1 X124.506 Y90.671 E605.8413
G1 X124.368 Y90.744 E605.8465
G1 X124.219 Y90.790 E605.8516
G1 X124.063 Y90.805 E605.8569
G1 X123.939 Y90.793 E605.8610
G0 F2700 X123.906 Y90.790
G0 F2700 X123.798 Y90.757
G0 F2700 X123.616 Y90.668
G0 F2700 X123.497 Y90.571
G1 F3000 E600.8610
G0 F4200 X123.955 Y90.156
;TYPE:SOLID-FILL
;WIDTH:0.400
G1 F900 Z5.200
G1 F1500 E605.8610
G1 F3000 X124.061 Y89.766 E605.8754
G1 X124.061 Y89.201 E605.8941
G1 X124.061 Y88.635 E605.9129
G1 X124.061 Y88.069 E605.9316
G1 X124.061 Y87.504 E605.9503
G1 X124.061 Y86.938 E605.9691
G1 X124.061 Y86.372 E605.9878
G1 X124.061 Y85.806 E606.0065
G1 X124.061 Y85.241 E606.0253
G1 X124.061 Y84.675 E606.0440
G1 X124.061 Y84.109 E606.0627
G1 X124.261 Y83.627 E606.0801
G0 F4200 X123.862 Y83.461
G1 F3000 X124.462 Y82.861 E606.1083
G0 F4200 X124.261 Y82.496
G1 F3000 X123.862 Y82.612 E606.1271
G1 X124.061 Y81.847 E606.1458
G1 X124.061 Y81.281 E606.1645
G1 X124.061 Y80.715 E606.1833
G1 X124.061 Y80.150 E606.2020
G1 X124.061 Y79.584 E606.2207
G1 X124.061 Y79.018 E606.2395
G1 X124.061 Y78.453 E606.2582
G1 X124.061 Y77.887 E606.2770
G1 X124.061 Y77.321 E606.2957
G1 X124.061 Y76.756 E606.3144
G1 X124.061 Y76.190 E606.3332
G1 X124.255 Y75.714 E606.3503
G1 F3000 E601.3503
G1 F900 Z5.500
G0 F4200 X125.007 Y82.598
;TYPE:SOLID-FILL
;WIDTH:0.400
G1 F900 Z5.200
G1 F1500 E606.3503
G1 F2700 X124.542 Y83.063 E606.3721
G1 X124.542 Y83.138 E606.3746
G1 X125.033 Y83.138 E606.3910
G1 X125.220 Y82.951 E606.3997
G0 F2700 X125.573 Y82.598
G0 F4200 X126.019 Y82.598
G1 F2700 X126.101 Y82.636 E606.4028
G1 X125.599 Y83.138 E606.4264
G1 X126.019 Y83.138 E606.4403
G1 X126.031 Y83.132 E606.4408
G0 F2700 X126.286 Y83.017
G0 F2700 X126.442 Y82.861
G1 F3000 E601.4408
G1 F900 Z5.500
G0 F4200 X126.055 Y82.399
;TYPE:SOLID-FILL
;WIDTH:0.400
G1 F900 Z5.200
G1 F1500 E606.4408
G1 F3000 X125.724 Y82.447 E606.4453
G1 X125.177 Y82.428 E606.4479
G1 X124.865 Y82.457 E606.4584
G1 F3000 E601.4584
G1 F900 Z5.500
G0 F4200 X115.945 Y90.384
;TYPE:WALL-INNER
;WIDTH:0.400
G1 F900 Z5.200
G1 F1500 E606.4584
G1 F2700 X115.781 Y90.286 E606.4647
G1 X115.696 Y90.158 E606.4698
G1 X115.663 Y89.977 E606.4760
G1 X115.663 Y75.760 E606.9488
G1 X115.696 Y75.579 E606.9549
G1 X115.781 Y75.451 E606.9600
G1 X115.912 Y75.364 E606.9653
G1 X115.985 Y75.341 E606.9678
G1 X116.140 Y75.341 E606.9730
G1 X116.283 Y75.402 E606.9781
G1 X116.392 Y75.509 E606.9832
G1 X116.452 Y75.656 E606.9885
G1 X116.463 Y75.762 E606.9920
G1 X116.463 Y82.319 E607.2101
G1 X118.082 Y82.319 E607.2640
G1 X119.145 Y82.805 E607.3029
G1 X119.145 Y82.933 E607.3071
G1 X118.082 Y83.419 E607.3460
G1 X116.463 Y83.419 E607.3998
G1 X116.463 Y89.953 E607.6172
G1 X116.419 Y90.177 E607.6248
G1 X116.385 Y90.227 E607.6268
G0 F2700 X116.344 Y90.287
G0 F2700 X116.214 Y90.373
G0 F2700 X116.063 Y90.403
G0 F2700 X115.945 Y90.384
G1 F3000 E602.6268
G0 F4200 X115.798 Y90.757
;TYPE:WALL-OUTER
;WIDTH:0.400
G1 F900 Z5.200
G1 F1500 E607.6268
G1 F2700 X115.616 Y90.668 E607.6335
G1 X115.497 Y90.571 E607.6386
G1 X115.398 Y90.450 E607.6438
G1 X115.325 Y90.312 E607.6490
G1 X115.279 Y90.162 E607.6542
G1 X115.263 Y89.996 E607.6598
G1 X115.263 Y75.741 E608.1339
G1 X115.279 Y75.575 E608.1394
G1 X115.325 Y75.426 E608.1446
G1 X115.398 Y75.287 E608.1498
G1 X115.497 Y75.166 E608.1550
G1 X115.619 Y75.067 E608.1603
G1 X115.757 Y74.993 E608.1655
G1 X115.906 Y74.947 E608.1707
G1 X116.063 Y74.932 E608.1759
G1 X116.219 Y74.947 E608.1811
G1 X116.368 Y74.993 E608.1863
G1 X116.506 Y75.067 E608.1915
G1 X116.628 Y75.166 E608.1967
G1 X116.727 Y75.287 E608.2019
G1 X116.800 Y75.426 E608.2072
G1 X116.846 Y75.576 E608.2124
G1 X116.863 Y75.741 E608.2179
G1 X116.863 Y81.919 E608.4234
G1 X118.169 Y81.919 E608.4668
G1 X119.566 Y82.558 E608.5179
G1 X119.704 Y82.717 E608.5249
G1 X119.734 Y82.869 E608.5301
G1 X119.679 Y83.068 E608.5369
G1 X119.566 Y83.180 E608.5422
G1 X118.169 Y83.819 E608.5933
G1 X116.863 Y83.819 E608.6368
G1 X116.863 Y89.992 E608.8421
G1 X116.800 Y90.312 E608.8529
G1 X116.727 Y90.450 E608.8581
G1 X116.628 Y90.571 E608.8633
G1 X116.506 Y90.671 E608.8686
G1 X116.368 Y90.744 E608.8738
G1 X116.291 Y90.768 E608.8764
G0 F2700 X116.219 Y90.790
G0 F2700 X116.063 Y90.805
G0 F2700 X115.906 Y90.790
G0 F2700 X115.798 Y90.757
G1 F3000 E603.8764
G0 F4200 X116.005 Y90.187
;TYPE:SOLID-FILL
;WIDTH:0.400
G1 F900 Z5.200
G1 F1500 E608.8764
G1 F3000 X116.062 Y89.846 E608.8886
G1 X116.062 Y89.281 E608.9074
G1 X116.062 Y88.715 E608.9261
G1 X116.062 Y88.149 E608.9450
G1 X116.062 Y87.584 E608.9638
G1 X116.062 Y87.018 E608.9825
G1 X116.062 Y86.452 E609.0013
G1 X116.062 Y85.887 E609.0201
G1 X116.062 Y85.321 E609.0389
G1 X116.062 Y84.755 E609.0577
G1 X116.062 Y84.189 E609.0765
G1 X116.262 Y83.707 E609.0938
G0 F4200 X115.862 Y83.541
G1 F3000 X116.462 Y82.941 E609.1221
G0 F4200 X116.319 Y82.518
G1 F3000 X115.862 Y82.693 E609.1436
G1 X116.061 Y81.927 E609.1623
G1 X116.061 Y81.362 E609.1811
G1 X116.061 Y80.796 E609.1998
G1 X116.061 Y80.230 E609.2186
G1 X116.061 Y79.665 E609.2373
G1 X116.061 Y79.099 E609.2560
G1 X116.061 Y78.533 E609.2748
G1 X116.061 Y77.967 E609.2935
G1 X116.061 Y77.402 E609.3122
G1 X116.061 Y76.836 E609.3310
G1 X116.061 Y76.270 E609.3497
G1 X116.261 Y75.788 E609.3671
G1 F3000 E604.3671
G1 F900 Z5.500
G0 F4200 X117.088 Y82.598
;TYPE:SOLID-FILL
;WIDTH:0.400
G1 F900 Z5.200
G1 F1500 E609.3671
G1 F2700 X116.548 Y83.138 E609.3925
G1 X117.113 Y83.138 E609.4112
G1 X117.300 Y82.951 E609.4200
G0 F2700 X117.654 Y82.598
G0 F4200 X118.019 Y82.599
G1 F2700 X118.156 Y82.661 E609.4250
G1 X117.679 Y83.138 E609.4475
G1 X117.974 Y83.138 E609.4573
G0 F2700 X118.018 Y83.138
G0 F2700 X118.434 Y82.949
G1 F3000 E604.4573
G1 F900 Z5.500
G0 F4200 X118.014 Y82.520
;TYPE:SOLID-FILL
;WIDTH:0.400
G1 F900 Z5.200
G1 F1500 E609.4573
G1 F3000 X117.827 Y82.424 E609.4605
G1 X117.259 Y82.427 E609.4632
G1 X116.692 Y82.427 E609.4660
G1 X116.342 Y82.496 E609.4778
G1 F3000 E604.4778
G1 F900 Z5.500
G0 F4200 X107.945 Y90.384
;TYPE:WALL-INNER
;WIDTH:0.400
G1 F900 Z5.200
G1 F1500 E609.4778
G1 F2700 X107.781 Y90.286 E609.4842
G1 X107.696 Y90.158 E609.4893
G1 X107.663 Y89.977 E609.4954
G1 X107.663 Y75.760 E609.9683
G1 X107.696 Y75.579 E609.9744
G1 X107.781 Y75.451 E609.9795
G1 X107.912 Y75.364 E609.9847
G1 X107.985 Y75.341 E609.9873
G1 X108.140 Y75.341 E609.9924
G1 X108.283 Y75.402 E609.9976
G1 X108.392 Y75.509 E610.0027
G1 X108.452 Y75.656 E610.0080
G1 X108.463 Y75.762 E610.0115
G1 X108.463 Y82.319 E610.2296
G1 X110.082 Y82.319 E610.2835
G1 X111.145 Y82.805 E610.3223
G1 X111.145 Y82.933 E610.3266
G1 X110.082 Y83.419 E610.3655
G1 X108.463 Y83.419 E610.4193
G1 X108.463 Y89.953 E610.6366
G1 X108.419 Y90.177 E610.6442
G1 X108.385 Y90.227 E610.6462
G0 F2700 X108.344 Y90.287
G0 F2700 X108.214 Y90.373
G0 F2700 X108.063 Y90.403
G0 F2700 X107.945 Y90.384
G1 F3000 E605.6462
G0 F4200 X107.798 Y90.757
;TYPE:WALL-OUTER
;WIDTH:0.400
G1 F900 Z5.200
G1 F1500 E610.6462
G1 F2700 X107.616 Y90.668 E610.6530
G1 X107.497 Y90.571 E610.6581
G1 X107.398 Y90.450 E610.6633
G1 X107.325 Y90.312 E610.6685
G1 X107.279 Y90.162 E610.6737
G1 X107.263 Y89.996 E610.6792
G1 X107.263 Y75.741 E611.1534
G1 X107.279 Y75.575 E611.1589
G1 X107.325 Y75.426 E611.1641
G1 X107.398 Y75.287 E611.1693
G1 X107.497 Y75.166 E611.1745
G1 X107.619 Y75.067 E611.1797
G1 X107.757 Y74.993 E611.1849
G1 X107.906 Y74.947 E611.1901
G1 X108.063 Y74.932 E611.1954
G1 X108.219 Y74.947 E611.2006
G1 X108.368 Y74.993 E611.2058
G1 X108.506 Y75.067 E611.2110
G1 X108.628 Y75.166 E611.2162
G1 X108.727 Y75.287 E611.2214
G1 X108.800 Y75.426 E611.2266
G1 X108.846 Y75.576 E611.2319
G1 X108.863 Y75.741 E611.2374
G1 X108.863 Y81.919 E611.4428
G1 X110.169 Y81.919 E611.4863
G1 X111.566 Y82.558 E611.5374
G1 X111.704 Y82.717 E611.5444
G1 X111.734 Y82.869 E611.5495
G1 X111.679 Y83.068 E611.5564
G1 X111.566 Y83.180 E611.5617
G1 X110.169 Y83.819 E611.6128
G1 X108.863 Y83.819 E611.6562
G1 X108.863 Y89.992 E611.8615
G1 X108.800 Y90.312 E611.8724
G1 X108.727 Y90.450 E611.8776
G1 X108.628 Y90.571 E611.8828
G1 X108.506 Y90.671 E611.8880
G1 X108.368 Y90.744 E611.8932
G1 X108.291 Y90.768 E611.8959
G0 F2700 X108.219 Y90.790
G0 F2700 X108.063 Y90.805
G0 F2700 X107.906 Y90.790
G0 F2700 X107.798 Y90.757
G1 F3000 E606.8959
G0 F4200 X108.075 Y90.197
;TYPE:SOLID-FILL
;WIDTH:0.400
G1 F900 Z5.200
G1 F1500 E611.8959
G1 F3000 X108.052 Y89.936 E611.9038
G1 X108.062 Y89.361 E611.9226
G1 X108.062 Y88.795 E611.9413
G1 X108.062 Y88.230 E611.9600
G1 X108.062 Y87.664 E611.9788
G1 X108.062 Y87.098 E611.9975
G1 X108.062 Y86.533 E612.0163
G1 X108.062 Y85.967 E612.0351
G1 X108.062 Y85.401 E612.0538
G1 X108.062 Y84.836 E612.0726
G1 X108.062 Y84.270 E612.0914
G1 X108.062 Y83.704 E612.1102
G1 X108.263 Y83.220 E612.1289
G1 X108.431 Y82.770 E612.1381
G1 X107.862 Y82.773 E612.1634
G1 X108.062 Y82.007 E612.1821
G1 X108.062 Y81.441 E612.2009
G1 X108.062 Y80.876 E612.2196
G1 X108.062 Y80.310 E612.2384
G1 X108.062 Y79.744 E612.2571
G1 X108.062 Y79.179 E612.2759
G1 X108.062 Y78.613 E612.2946
G1 X108.062 Y78.047 E612.3134
G1 X108.062 Y77.482 E612.3321
G1 X108.062 Y76.916 E612.3509
G1 X108.062 Y76.350 E612.3696
G1 X108.142 Y75.704 E612.3884
G1 X107.880 Y75.684 E612.3972
G1 F3000 E607.3972
G1 F900 Z5.500
G0 F4200 X108.542 Y82.659
;TYPE:SOLID-FILL
;WIDTH:0.400
G1 F900 Z5.200
G1 F1500 E612.3972
G1 F2700 X108.603 Y82.598 E612.4000
G1 X109.168 Y82.598 E612.4188
G1 X108.627 Y83.139 E612.4443
G1 X109.193 Y83.139 E612.4631
G1 X109.381 Y82.951 E612.4719
G0 F2700 X109.734 Y82.598
G0 F4200 X109.759 Y83.139
G1 F2700 X110.008 Y82.890 E612.4836
G0 F2700 X110.212 Y82.686
G0 F2700 X110.019 Y82.599
G1 F3000 E607.4836
G1 F900 Z5.500
G0 F4200 X109.900 Y83.280
;TYPE:SOLID-FILL
;WIDTH:0.400
G1 F900 Z5.200
G1 F1500 E612.4836
G1 F3000 X109.842 Y83.338 E612.4864
G1 F3000 E607.4864
G1 F900 Z5.500
G0 F4200 X102.034 Y83.269
;TYPE:WALL-INNER
;WIDTH:0.400
G1 F900 Z5.200
G1 F1500 E612.4864
G1 F2700 X90.092 Y83.269 E612.8836
G1 X89.912 Y83.236 E612.8897
G1 X89.781 Y83.149 E612.8949
G1 X89.733 Y83.091 E612.8974
G1 X89.673 Y82.946 E612.9026
G1 X89.667 Y82.880 E612.9048
G1 X89.696 Y82.717 E612.9103
G1 X89.781 Y82.588 E612.9155
G1 X89.911 Y82.502 E612.9206
G1 X89.985 Y82.479 E612.9232
G1 X95.513 Y82.469 E613.1071
G1 X95.513 Y65.848 E613.6599
G1 X95.996 Y64.777 E613.6990
G1 X96.123 Y64.776 E613.7032
G1 X96.612 Y65.849 E613.7424
G1 X96.612 Y82.469 E614.2952
G1 X102.140 Y82.479 E614.4791
G1 X102.283 Y82.539 E614.4842
G1 X102.344 Y82.588 E614.4868
G1 X102.429 Y82.716 E614.4919
G1 X102.460 Y82.869 E614.4971
G1 X102.430 Y83.014 E614.5020
G0 F2700 X102.429 Y83.021
G0 F2700 X102.344 Y83.149
G0 F2700 X102.283 Y83.198
G0 F2700 X102.140 Y83.259
G0 F2700 X102.034 Y83.269
G1 F3000 E609.5020
G0 F4200 X102.053 Y83.669
;TYPE:WALL-OUTER
;WIDTH:0.400
G1 F900 Z5.200
G1 F1500 E614.5020
G1 F2700 X90.073 Y83.669 E614.9005
G1 X89.906 Y83.653 E614.9061
G1 X89.757 Y83.607 E614.9113
G1 X89.619 Y83.533 E614.9165
G1 X89.497 Y83.434 E614.9217
G1 X89.398 Y83.313 E614.9269
G1 X89.325 Y83.174 E614.9321
G1 X89.279 Y83.025 E614.9373
G1 X89.264 Y82.873 E614.9424
G1 X89.291 Y82.673 E614.9491
G1 X89.325 Y82.563 E614.9529
G1 X89.398 Y82.425 E614.9581
G1 X89.497 Y82.304 E614.9633
G1 X89.619 Y82.204 E614.9686
G1 X89.757 Y82.131 E614.9738
G1 X89.906 Y82.085 E614.9790
G1 X90.073 Y82.069 E614.9845
G1 X95.113 Y82.069 E615.1522
G1 X95.113 Y65.762 E615.6945
G1 X95.706 Y64.446 E615.7425
G1 X95.800 Y64.306 E615.7482
G1 X95.980 Y64.205 E615.7550
G1 X96.135 Y64.205 E615.7602
G1 X96.278 Y64.264 E615.7653
G1 X96.381 Y64.377 E615.7704
G1 X97.012 Y65.762 E615.8210
G1 X97.012 Y82.069 E616.3634
G1 X102.053 Y82.069 E616.5311
G1 X102.219 Y82.085 E616.5366
G1 X102.368 Y82.131 E616.5418
G1 X102.506 Y82.204 E616.5470
G1 X102.628 Y82.304 E616.5522
G1 X102.727 Y82.425 E616.5574
G1 X102.800 Y82.563 E616.5626
G1 X102.846 Y82.714 E616.5679
G1 X102.862 Y82.869 E616.5731
G1 X102.846 Y83.024 E616.5782
G1 X102.800 Y83.174 E616.5835
G1 X102.727 Y83.313 E616.5887
G1 X102.628 Y83.434 E616.5939
G1 X102.523 Y83.519 E616.5984
G0 F2700 X102.506 Y83.533
G0 F2700 X102.368 Y83.607
G0 F2700 X102.219 Y83.653
G0 F2700 X102.053 Y83.669
G1 F3000 E611.5984
G0 F4200 X101.626 Y83.069
;TYPE:SOLID-FILL
;WIDTH:0.400
G1 F900 Z5.200
G1 F1500 E616.5984
G1 F3000 X101.734 Y82.677 E616.6167
G1 X100.974 Y82.873 E616.6351
G1 X100.409 Y82.872 E616.6536
G1 X99.843 Y82.871 E616.6721
G1 X99.279 Y82.871 E616.6906
G1 X98.713 Y82.870 E616.7092
G1 X98.148 Y82.870 E616.7278
G1 X97.583 Y82.869 E616.7465
G1 X96.930 Y82.956 E616.7652
G1 X96.935 Y82.669 E616.7747
G1 F3000 E611.7747
G1 F900 Z5.500
G0 F4200 X96.333 Y82.988
;TYPE:SOLID-FILL
;WIDTH:0.400
G1 F900 Z5.200
G1 F1500 E616.7747
G1 F2700 X96.573 Y82.749 E616.7860
G1 X96.331 Y82.749 E616.7941
G1 X96.331 Y82.425 E616.8048
G1 X95.767 Y82.988 E616.8313
G1 X95.443 Y82.988 E616.8421
G1 X95.443 Y82.749 E616.8501
G1 X95.792 Y82.749 E616.8617
G1 X95.792 Y82.398 E616.8734
G1 X96.331 Y81.859 E616.8987
G1 X96.331 Y81.293 E616.9175
G1 X95.792 Y81.832 E616.9429
G1 X95.792 Y81.267 E616.9617
G1 X96.331 Y80.728 E616.9870
G1 X96.331 Y80.162 E617.0059
G1 X95.792 Y80.701 E617.0312
G1 X95.792 Y80.135 E617.0500
G1 X96.331 Y79.596 E617.0754
G1 X96.331 Y79.031 E617.0942
G1 X95.792 Y79.570 E617.1195
G1 X95.792 Y79.004 E617.1384
G1 X96.331 Y78.465 E617.1637
G1 X96.331 Y77.899 E617.1825
G1 X95.792 Y78.438 E617.2079
G1 X95.792 Y77.872 E617.2267
G1 X96.331 Y77.334 E617.2520
G1 X96.331 Y76.768 E617.2709
G1 X95.792 Y77.307 E617.2962
G1 X95.792 Y76.741 E617.3150
G1 X96.331 Y76.202 E617.3404
G1 X96.331 Y75.637 E617.3592
G1 X95.792 Y76.175 E617.3845
G1 X95.792 Y75.610 E617.4033
G1 X96.331 Y75.071 E617.4287
G1 X96.331 Y74.505 E617.4475
G1 X95.792 Y75.044 E617.4728
G1 X95.792 Y74.478 E617.4917
G1 X96.331 Y73.940 E617.5170
G1 X96.331 Y73.374 E617.5358
G1 X95.792 Y73.913 E617.5612
G1 X95.792 Y73.347 E617.5800
G1 X96.331 Y72.808 E617.6054
G1 X96.331 Y72.242 E617.6242
G1 X95.792 Y72.781 E617.6495
G1 X95.792 Y72.216 E617.6683
G1 X96.331 Y71.677 E617.6937
G1 X96.331 Y71.111 E617.7125
G1 X95.792 Y71.650 E617.7379
G1 X95.792 Y71.084 E617.7567
G1 X96.331 Y70.545 E617.7820
G1 X96.331 Y69.980 E617.8008
G1 X95.792 Y70.519 E617.8262
G1 X95.792 Y69.953 E617.8450
G1 X96.331 Y69.414 E617.8704
G1 X96.331 Y68.848 E617.8892
G1 X95.792 Y69.387 E617.9145
G1 X95.792 Y68.821 E617.9334
G1 X96.331 Y68.283 E617.9587
G1 X96.331 Y67.717 E617.9775
G1 X95.792 Y68.256 E618.0029
G1 X95.792 Y67.690 E618.0217
G1 X96.331 Y67.151 E618.0470
G1 X96.331 Y66.586 E618.0658
G1 X95.792 Y67.124 E618.0912
G1 X95.792 Y66.559 E618.1100
G1 X96.331 Y66.020 E618.1353
G1 X96.331 Y65.910 E618.1390
G1 X96.187 Y65.598 E618.1504
G1 X96.145 Y65.640 E618.1524
G0 F2700 X95.792 Y65.993
G0 F4200 X95.651 Y65.852
;TYPE:SOLID-FILL
;WIDTH:0.400
G1 F3000 X95.592 Y65.910 E618.1551
G1 F3000 E613.1551
G1 F900 Z5.500
G0 F4200 X96.879 Y82.725
G1 F900 Z5.200
G1 F1500 E618.1551
G1 F3000 X96.645 Y82.959 E618.1580
G1 X96.416 Y83.188 E618.1688
G1 F3000 E613.1688
G1 F900 Z5.500
G0 F4200 X95.238 Y82.669
G1 F900 Z5.200
G1 F1500 E618.1688
G1 F3000 X94.754 Y82.869 E618.1876
G1 X94.188 Y82.870 E618.2064
G1 X93.622 Y82.870 E618.2250
G1 X93.056 Y82.871 E618.2436
G1 X92.489 Y82.871 E618.2623
G1 X91.924 Y82.872 E618.2808
G1 X91.357 Y82.872 E618.2992
G1 X90.791 Y82.873 E618.3177
G1 X90.225 Y82.873 E618.3360
G1 X89.883 Y82.933 E618.3476
G1 F3000 E613.3476
G1 F900 Z5.500
G0 F4200 X92.140 Y88.259
;TYPE:WALL-INNER
;WIDTH:0.400
G1 F900 Z5.200
G1 F1500 E618.3476
G1 F2700 X92.034 Y88.269 E618.3511
G1 X80.092 Y88.269 E618.7483
G1 X79.912 Y88.236 E618.7544
G1 X79.781 Y88.149 E618.7596
G1 X79.733 Y88.091 E618.7622
G1 X79.673 Y87.946 E618.7674
G1 X79.667 Y87.880 E618.7696
G1 X79.696 Y87.717 E618.7751
G1 X79.781 Y87.588 E618.7802
G1 X79.911 Y87.502 E618.7854
G1 X79.985 Y87.479 E618.7880
G1 X85.513 Y87.469 E618.9718
G1 X85.513 Y70.848 E619.5247
G1 X85.996 Y69.777 E619.5637
G1 X86.123 Y69.776 E619.5680
G1 X86.612 Y70.849 E619.6072
G1 X86.612 Y87.469 E620.1600
G1 X92.140 Y87.479 E620.3438
G1 X92.283 Y87.539 E620.3490
G1 X92.344 Y87.588 E620.3516
G1 X92.429 Y87.716 E620.3567
G1 X92.460 Y87.869 E620.3619
G1 X92.451 Y87.910 E620.3633
G0 F2700 X92.429 Y88.021
G0 F2700 X92.344 Y88.149
G0 F2700 X92.283 Y88.198
G0 F2700 X92.140 Y88.259
G1 F3000 E615.3633
G0 F4200 X92.219 Y88.653
;TYPE:WALL-OUTER
;WIDTH:0.400
G1 F900 Z5.200
G1 F1500 E620.3633
G1 F2700 X92.053 Y88.669 E620.3688
G1 X80.073 Y88.669 E620.7673
G1 X79.906 Y88.653 E620.7729
G1 X79.757 Y88.607 E620.7781
G1 X79.619 Y88.533 E620.7833
G1 X79.497 Y88.434 E620.7885
G1 X79.398 Y88.313 E620.7937
G1 X79.325 Y88.174 E620.7989
G1 X79.279 Y88.025 E620.8041
G1 X79.264 Y87.873 E620.8092
G1 X79.291 Y87.673 E620.8159
G1 X79.325 Y87.563 E620.8197
G1 X79.398 Y87.425 E620.8249
G1 X79.497 Y87.304 E620.8301
G1 X79.619 Y87.204 E620.8354
G1 X79.757 Y87.131 E620.8406
G1 X79.906 Y87.085 E620.8457
G1 X80.073 Y87.069 E620.8513
G1 X85.113 Y87.069 E621.0189
G1 X85.113 Y70.762 E621.5613
G1 X85.706 Y69.446 E621.6093
G1 X85.806 Y69.298 E621.6153
G1 X85.847 Y69.264 E621.6170
G1 X85.990 Y69.205 E621.6222
G1 X86.135 Y69.205 E621.6270
G1 X86.278 Y69.264 E621.6322
G1 X86.381 Y69.377 E621.6372
G1 X87.012 Y70.762 E621.6879
G1 X87.012 Y87.069 E622.2302
G1 X92.053 Y87.069 E622.3979
G1 X92.219 Y87.085 E622.4034
G1 X92.368 Y87.131 E622.4086
G1 X92.506 Y87.204 E622.4138
G1 X92.628 Y87.304 E622.4191
G1 X92.727 Y87.425 E622.4243
G1 X92.800 Y87.563 E622.4295
G1 X92.846 Y87.714 E622.4347
G1 X92.862 Y87.869 E622.4399
G1 X92.846 Y88.024 E622.4451
G1 X92.800 Y88.174 E622.4503
G1 X92.727 Y88.313 E622.4555
G1 X92.648 Y88.410 E622.4597
G0 F2700 X92.628 Y88.434
G0 F2700 X92.506 Y88.533
G0 F2700 X92.368 Y88.607
G0 F2700 X92.219 Y88.653
G1 F3000 E617.4597
G0 F4200 X92.121 Y88.049
;TYPE:SOLID-FILL
;WIDTH:0.400
G1 F900 Z5.200
G1 F1500 E622.4597
G1 F3000 X92.084 Y87.803 E622.4654
G1 X91.448 Y87.872 E622.4837
G1 X90.883 Y87.872 E622.5020
G1 X90.318 Y87.871 E622.5204
G1 X89.753 Y87.871 E622.5388
G1 X89.188 Y87.870 E622.5573
G1 X88.622 Y87.870 E622.5759
G1 X88.057 Y87.869 E622.5945
G1 X87.492 Y87.868 E622.6132
G1 X86.885 Y87.910 E622.6319
G1 X86.844 Y87.669 E622.6401
G0 F4200 X86.483 Y87.747
;TYPE:SOLID-FILL
;WIDTH:0.400
G1 F2700 X86.242 Y87.988 E622.6514
G1 X85.677 Y87.988 E622.6702
G1 X86.331 Y87.334 E622.7010
G1 X86.331 Y86.768 E622.7198
G1 X85.792 Y87.307 E622.7451
G1 X85.792 Y86.741 E622.7640
G1 X86.331 Y86.202 E622.7893
G1 X86.331 Y85.636 E622.8082
G1 X85.792 Y86.175 E622.8335
G1 X85.792 Y85.610 E622.8523
G1 X86.331 Y85.071 E622.8776
G1 X86.331 Y84.505 E622.8965
G1 X85.792 Y85.044 E622.9218
G1 X85.792 Y84.478 E622.9407
G1 X86.331 Y83.939 E622.9660
G1 X86.331 Y83.374 E622.9848
G1 X85.792 Y83.913 E623.0101
G1 X85.792 Y83.347 E623.0290
G1 X86.331 Y82.808 E623.0543
G1 X86.331 Y82.242 E623.0732
G1 X85.792 Y82.781 E623.0985
G1 X85.792 Y82.216 E623.1173
G1 X86.331 Y81.677 E623.1427
G1 X86.331 Y81.111 E623.1615
G1 X85.792 Y81.650 E623.1868
G1 X85.792 Y81.084 E623.2057
G1 X86.331 Y80.545 E623.2310
G1 X86.331 Y79.980 E623.2498
G1 X85.792 Y80.518 E623.2751
G1 X85.792 Y79.953 E623.2939
G1 X86.331 Y79.414 E623.3193
G1 X86.331 Y78.848 E623.3381
G1 X85.792 Y79.387 E623.3635
G1 X85.792 Y78.821 E623.3823
G1 X86.331 Y78.283 E623.4076
G1 X86.331 Y77.717 E623.4264
G1 X85.792 Y78.256 E623.4518
G1 X85.792 Y77.690 E623.4706
G1 X86.331 Y77.151 E623.4960
G1 X86.331 Y76.586 E623.5148
G1 X85.792 Y77.124 E623.5401
G1 X85.792 Y76.559 E623.5589
G1 X86.331 Y76.020 E623.5842
G1 X86.331 Y75.454 E623.6031
G1 X85.792 Y75.993 E623.6284
G1 X85.792 Y75.427 E623.6472
G1 X86.331 Y74.888 E623.6726
G1 X86.331 Y74.323 E623.6914
G1 X85.792 Y74.862 E623.7167
G1 X85.792 Y74.296 E623.7356
G1 X86.331 Y73.757 E623.7609
G1 X86.331 Y73.191 E623.7797
G1 X85.792 Y73.730 E623.8051
G1 X85.792 Y73.165 E623.8239
G1 X86.331 Y72.626 E623.8492
G1 X86.331 Y72.060 E623.8681
G1 X85.792 Y72.599 E623.8934
G1 X85.792 Y72.033 E623.9122
G1 X86.331 Y71.494 E623.9376
G1 X86.331 Y70.929 E623.9564
G1 X85.792 Y71.467 E623.9817
G1 X85.791 Y70.907 E624.0003
G1 X85.795 Y70.899 E624.0006
G1 X85.805 Y70.889 E624.0011
G0 F2700 X86.159 Y70.535
G1 F3000 E619.0011
G1 F900 Z5.500
G0 F4200 X86.880 Y87.633
;TYPE:SOLID-FILL
;WIDTH:0.400
G1 F900 Z5.200
G1 F1500 E624.0011
G1 F3000 X86.625 Y87.888 E624.0131
G0 F4200 X85.433 Y87.949
G1 F3000 X85.195 Y87.903 E624.0220
G1 X84.664 Y87.868 E624.0407
G1 X84.098 Y87.869 E624.0594
G1 X83.532 Y87.870 E624.0781
G1 X82.965 Y87.870 E624.0967
G1 X82.400 Y87.871 E624.1152
G1 X81.833 Y87.871 E624.1337
G1 X81.267 Y87.872 E624.1521
G1 X80.701 Y87.872 E624.1705
G1 X80.049 Y87.958 E624.1889
G1 X80.048 Y87.677 E624.1982
;LAYER:26
;Z:5.400
;HEIGHT:0.200
G1 F3000 E619.1982
G0 F900 Z5.400
G0 F4200 X92.171 Y88.250
;TYPE:WALL-INNER
;WIDTH:0.400
G1 F900 Z5.400
G1 F1500 E624.1982
G1 F2700 X92.024 Y88.269 E624.2031
G1 X80.092 Y88.269 E624.6000
G1 X79.912 Y88.236 E624.6061
G1 X79.781 Y88.149 E624.6113
G1 X79.733 Y88.091 E624.6138
G1 X79.673 Y87.946 E624.6190
G1 X79.667 Y87.878 E624.6213
G1 X79.681 Y87.762 E624.6252
G1 X79.732 Y87.648 E624.6293
G1 X79.842 Y87.539 E624.6345
G1 X79.985 Y87.479 E624.6397
G1 X85.513 Y87.469 E624.8235
G1 X85.513 Y70.848 E625.3763
G1 X85.996 Y69.775 E625.4155
G1 X86.124 Y69.775 E625.4197
G1 X86.612 Y70.849 E625.4590
G1 X86.612 Y87.469 E626.0117
G1 X92.140 Y87.479 E626.1956
G1 X92.283 Y87.539 E626.2008
G1 X92.406 Y87.674 E626.2068
G1 X92.452 Y87.794 E626.2111
G1 X92.460 Y87.869 E626.2136
G1 X92.458 Y87.879 E626.2140
G0 F2700 X92.429 Y88.021
G0 F2700 X92.392 Y88.091
G0 F2700 X92.283 Y88.199
G0 F2700 X92.171 Y88.250
G1 F3000 E621.2140
G0 F4200 X92.255 Y88.642
;TYPE:WALL-OUTER
;WIDTH:0.400
G1 F900 Z5.400
G1 F1500 E626.2140
G1 F2700 X92.050 Y88.669 E626.2208
G1 X80.073 Y88.669 E626.6192
G1 X79.906 Y88.653 E626.6248
G1 X79.757 Y88.607 E626.6300
G1 X79.619 Y88.533 E626.6352
G1 X79.497 Y88.434 E626.6404
G1 X79.398 Y88.313 E626.6456
G1 X79.325 Y88.174 E626.6508
G1 X79.279 Y88.025 E626.6560
G1 X79.264 Y87.872 E626.6611
G1 X79.289 Y87.678 E626.6676
G1 X79.324 Y87.563 E626.6716
G1 X79.398 Y87.425 E626.6768
G1 X79.497 Y87.304 E626.6820
G1 X79.619 Y87.204 E626.6873
G1 X79.757 Y87.131 E626.6925
G1 X79.906 Y87.085 E626.6977
G1 X80.073 Y87.069 E626.7032
G1 X85.113 Y87.069 E626.8709
G1 X85.113 Y70.762 E627.4132
G1 X85.706 Y69.446 E627.4612
G1 X85.806 Y69.298 E627.4672
G1 X85.847 Y69.264 E627.4690
G1 X85.990 Y69.205 E627.4741
G1 X86.135 Y69.205 E627.4789
G1 X86.278 Y69.264 E627.4841
G1 X86.381 Y69.374 E627.4891
G1 X87.012 Y70.762 E627.5398
G1 X87.012 Y87.069 E628.0822
G1 X92.053 Y87.069 E628.2498
G1 X92.219 Y87.085 E628.2554
G1 X92.368 Y87.131 E628.2606
G1 X92.506 Y87.204 E628.2658
G1 X92.625 Y87.302 E628.2709
G1 X92.744 Y87.457 E628.2774
G1 X92.800 Y87.563 E628.2814
G1 X92.846 Y87.714 E628.2866
G1 X92.862 Y87.869 E628.2918
G1 X92.846 Y88.024 E628.2970
G1 X92.800 Y88.174 E628.3022
G1 X92.727 Y88.313 E628.3074
G1 X92.671 Y88.382 E628.3104
G0 F2700 X92.628 Y88.434
G0 F2700 X92.506 Y88.533
G0 F2700 X92.368 Y88.608
G0 F2700 X92.255 Y88.642
G1 F3000 E623.3104
G0 F4200 X92.220 Y87.977
;TYPE:SOLID-FILL
;WIDTH:0.400
G1 F900 Z5.400
G1 F1500 E628.3104
G1 F3000 X91.833 Y87.873 E628.3244
G1 X91.267 Y87.873 E628.3428
G1 X90.701 Y87.872 E628.3612
G1 X90.134 Y87.872 E628.3796
G1 X89.568 Y87.871 E628.3981
G1 X89.002 Y87.871 E628.4166
G1 X88.435 Y87.870 E628.4352
G1 X87.869 Y87.870 E628.4538
G1 X87.303 Y87.869 E628.4724
G1 X86.821 Y87.669 E628.4898
G0 F4200 X86.617 Y87.748
;TYPE:SOLID-FILL
;WIDTH:0.400
G1 F2700 X86.681 Y87.812 E628.4928
G1 X86.681 Y87.988 E628.4987
G1 X86.291 Y87.988 E628.5116
G1 X85.791 Y87.488 E628.5351
G1 X85.792 Y87.748 E628.5438
G1 X85.646 Y87.748 E628.5486
G0 F2700 X85.485 Y87.748
G0 F2700 X85.725 Y87.988
G1 F3000 E623.5486
G1 F900 Z5.700
G0 F4200 X86.332 Y87.463
G1 F900 Z5.400
G1 F1500 E628.5486
G1 F2700 X85.791 Y86.923 E628.5741
G1 X85.791 Y86.357 E628.5929
G1 X86.332 Y86.897 E628.6183
G1 X86.332 Y86.332 E628.6371
G1 X85.791 Y85.791 E628.6626
G1 X85.791 Y85.226 E628.6814
G1 X86.332 Y85.766 E628.7068
G1 X86.332 Y85.200 E628.7256
G1 X85.791 Y84.660 E628.7510
G1 X85.791 Y84.094 E628.7698
G1 X86.332 Y84.635 E628.7953
G1 X86.332 Y84.069 E628.8141
G1 X85.791 Y83.529 E628.8395
G1 X85.791 Y82.963 E628.8584
G1 X86.332 Y83.503 E628.8838
G1 X86.332 Y82.937 E628.9026
G1 X85.791 Y82.397 E628.9280
G1 X85.791 Y81.832 E628.9468
G1 X86.332 Y82.372 E628.9723
G1 X86.332 Y81.806 E628.9911
G1 X85.791 Y81.266 E629.0165
G1 X85.791 Y80.700 E629.0353
G1 X86.332 Y81.240 E629.0608
G1 X86.332 Y80.675 E629.0795
G1 X85.791 Y80.134 E629.1050
G1 X85.791 Y79.569 E629.1238
G1 X86.332 Y80.109 E629.1492
G1 X86.332 Y79.543 E629.1680
G1 X85.791 Y79.003 E629.1935
G1 X85.791 Y78.437 E629.2123
G1 X86.332 Y78.978 E629.2377
G1 X86.332 Y78.412 E629.2566
G1 X85.791 Y77.872 E629.2820
G1 X85.791 Y77.306 E629.3008
G1 X86.332 Y77.846 E629.3262
G1 X86.332 Y77.281 E629.3450
G1 X85.791 Y76.740 E629.3705
G1 X85.791 Y76.175 E629.3893
G1 X86.332 Y76.715 E629.4147
G1 X86.332 Y76.149 E629.4335
G1 X85.791 Y75.609 E629.4589
G1 X85.791 Y75.043 E629.4778
G1 X86.332 Y75.584 E629.5032
G1 X86.332 Y75.018 E629.5220
G1 X85.791 Y74.478 E629.5475
G1 X85.791 Y73.912 E629.5663
G1 X86.332 Y74.452 E629.5917
G1 X86.332 Y73.887 E629.6105
G1 X85.791 Y73.346 E629.6359
G1 X85.791 Y72.781 E629.6547
G1 X86.332 Y73.321 E629.6802
G1 X86.332 Y72.755 E629.6990
G1 X85.791 Y72.215 E629.7244
G1 X85.791 Y71.649 E629.7432
G1 X86.332 Y72.189 E629.7687
G1 X86.332 Y71.624 E629.7874
G1 X85.791 Y71.084 E629.8129
G1 X85.791 Y70.907 E629.8188
G1 X85.912 Y70.638 E629.8286
G1 X85.978 Y70.704 E629.8317
G0 F2700 X86.332 Y71.058
G0 F4200 X86.472 Y70.916
;TYPE:SOLID-FILL
;WIDTH:0.400
G1 F3000 X86.531 Y70.975 E629.8344
G1 F3000 E624.8344
G1 F900 Z5.700
G0 F4200 X86.472 Y87.320
G1 F900 Z5.400
G1 F1500 E629.8344
G1 F3000 X86.615 Y87.464 E629.8372
G1 X86.757 Y87.606 E629.8439
G1 F3000 E624.8439
G1 F900 Z5.700
G0 F4200 X85.642 Y88.188
G1 F900 Z5.400
G1 F1500 E629.8439
G1 F3000 X85.473 Y88.018 E629.8467
G1 X85.040 Y87.868 E629.8580
G1 X84.475 Y87.869 E629.8766
G1 X83.910 Y87.870 E629.8952
G1 X83.344 Y87.870 E629.9138
G1 X82.779 Y87.870 E629.9323
G1 X82.214 Y87.871 E629.9509
G1 X81.648 Y87.871 E629.9693
G1 X81.083 Y87.872 E629.9877
G1 X80.518 Y87.872 E630.0061
G1 X80.040 Y87.677 E630.0233
G1 F3000 E625.0233
G1 F900 Z5.700
G0 F4200 X102.024 Y83.269
;TYPE:WALL-INNER
;WIDTH:0.400
G1 F900 Z5.400
G1 F1500 E630.0233
G1 F2700 X90.092 Y83.269 E630.4201
G1 X89.912 Y83.236 E630.4262
G1 X89.781 Y83.149 E630.4314
G1 X89.733 Y83.091 E630.4339
G1 X89.673 Y82.946 E630.4392
G1 X89.667 Y82.878 E630.4414
G1 X89.681 Y82.762 E630.4453
G1 X89.732 Y82.648 E630.4495
G1 X89.842 Y82.539 E630.4546
G1 X89.985 Y82.479 E630.4598
G1 X95.513 Y82.469 E630.6436
G1 X95.513 Y65.848 E631.1965
G1 X95.996 Y64.775 E631.2356
G1 X96.124 Y64.775 E631.2399
G1 X96.612 Y65.849 E631.2791
G1 X96.612 Y82.469 E631.8319
G1 X102.140 Y82.479 E632.0157
G1 X102.283 Y82.539 E632.0209
G1 X102.406 Y82.674 E632.0270
G1 X102.452 Y82.794 E632.0312
G1 X102.460 Y82.869 E632.0338
G1 X102.429 Y83.021 E632.0389
G1 X102.427 Y83.024 E632.0390
G0 F2700 X102.392 Y83.091
G0 F2700 X102.283 Y83.199
G0 F2700 X102.171 Y83.250
G0 F2700 X102.024 Y83.269
G1 F3000 E627.0390
G0 F4200 X102.050 Y83.669
;TYPE:WALL-OUTER
;WIDTH:0.400
G1 F900 Z5.400
G1 F1500 E632.0390
G1 F2700 X90.073 Y83.669 E632.4374
G1 X89.906 Y83.653 E632.4430
G1 X89.757 Y83.607 E632.4482
G1 X89.619 Y83.533 E632.4534
G1 X89.497 Y83.434 E632.4586
G1 X89.398 Y83.313 E632.4638
G1 X89.325 Y83.174 E632.4690
G1 X89.279 Y83.025 E632.4742
G1 X89.264 Y82.872 E632.4793
G1 X89.289 Y82.678 E632.4858
G1 X89.324 Y82.563 E632.4898
G1 X89.398 Y82.425 E632.4950
G1 X89.497 Y82.304 E632.5002
G1 X89.619 Y82.204 E632.5055
G1 X89.757 Y82.131 E632.5107
G1 X89.906 Y82.085 E632.5158
G1 X90.073 Y82.069 E632.5214
G1 X95.113 Y82.069 E632.6891
G1 X95.113 Y65.762 E633.2314
G1 X95.706 Y64.446 E633.2794
G1 X95.800 Y64.306 E633.2851
G1 X95.980 Y64.205 E633.2919
G1 X96.135 Y64.205 E633.2971
G1 X96.278 Y64.264 E633.3022
G1 X96.381 Y64.374 E633.3072
G1 X97.012 Y65.762 E633.3579
G1 X97.012 Y82.069 E633.9003
G1 X102.053 Y82.069 E634.0680
G1 X102.219 Y82.085 E634.0735
G1 X102.368 Y82.131 E634.0787
G1 X102.506 Y82.204 E634.0839
G1 X102.625 Y82.302 E634.0890
G1 X102.744 Y82.457 E634.0955
G1 X102.800 Y82.563 E634.0995
G1 X102.846 Y82.714 E634.1048
G1 X102.862 Y82.869 E634.1100
G1 X102.846 Y83.024 E634.1151
G1 X102.800 Y83.174 E634.1204
G1 X102.727 Y83.313 E634.1256
G1 X102.628 Y83.434 E634.1308
G1 X102.520 Y83.522 E634.1354
G0 F2700 X102.506 Y83.533
G0 F2700 X102.368 Y83.608
G0 F2700 X102.255 Y83.642
G0 F2700 X102.050 Y83.669
G1 F3000 E629.1354
G0 F4200 X102.017 Y83.067
;TYPE:SOLID-FILL
;WIDTH:0.400
G1 F900 Z5.400
G1 F1500 E634.1354
G1 F3000 X101.540 Y82.873 E634.1537
G1 X100.974 Y82.872 E634.1721
G1 X100.409 Y82.872 E634.1904
G1 X99.842 Y82.871 E634.2088
G1 X99.276 Y82.871 E634.2273
G1 X98.710 Y82.870 E634.2459
G1 X98.144 Y82.870 E634.2645
G1 X97.577 Y82.870 E634.2831
G1 X96.927 Y82.785 E634.3018
G1 X96.928 Y83.068 E634.3112
G1 F3000 E629.3112
G1 F900 Z5.700
G0 F4200 X95.759 Y82.749
;TYPE:SOLID-FILL
;WIDTH:0.400
G1 F900 Z5.400
G1 F1500 E634.3112
G1 F2700 X95.999 Y82.988 E634.3225
G1 X96.565 Y82.988 E634.3413
G1 X95.792 Y82.216 E634.3776
G1 X95.792 Y81.650 E634.3965
G1 X96.331 Y82.189 E634.4218
G1 X96.331 Y81.623 E634.4406
G1 X95.792 Y81.084 E634.4660
G1 X95.792 Y80.518 E634.4848
G1 X96.331 Y81.057 E634.5102
G1 X96.331 Y80.492 E634.5290
G1 X95.792 Y79.953 E634.5543
G1 X95.792 Y79.387 E634.5731
G1 X96.331 Y79.926 E634.5985
G1 X96.331 Y79.360 E634.6173
G1 X95.792 Y78.821 E634.6427
G1 X95.792 Y78.256 E634.6615
G1 X96.331 Y78.795 E634.6868
G1 X96.331 Y78.229 E634.7056
G1 X95.792 Y77.690 E634.7310
G1 X95.792 Y77.124 E634.7498
G1 X96.331 Y77.663 E634.7752
G1 X96.331 Y77.097 E634.7940
G1 X95.792 Y76.559 E634.8193
G1 X95.792 Y75.993 E634.8381
G1 X96.331 Y76.532 E634.8635
G1 X96.331 Y75.966 E634.8823
G1 X95.792 Y75.427 E634.9077
G1 X95.792 Y74.862 E634.9265
G1 X96.331 Y75.400 E634.9518
G1 X96.331 Y74.835 E634.9706
G1 X95.792 Y74.296 E634.9959
G1 X95.792 Y73.730 E635.0148
G1 X96.331 Y74.269 E635.0401
G1 X96.331 Y73.703 E635.0589
G1 X95.792 Y73.165 E635.0843
G1 X95.792 Y72.599 E635.1031
G1 X96.331 Y73.138 E635.1285
G1 X96.331 Y72.572 E635.1473
G1 X95.792 Y72.033 E635.1726
G1 X95.792 Y71.467 E635.1915
G1 X96.331 Y72.006 E635.2168
G1 X96.331 Y71.441 E635.2356
G1 X95.792 Y70.902 E635.2610
G1 X95.792 Y70.336 E635.2798
G1 X96.331 Y70.875 E635.3051
G1 X96.331 Y70.309 E635.3240
G1 X95.792 Y69.770 E635.3493
G1 X95.792 Y69.205 E635.3681
G1 X96.331 Y69.744 E635.3935
G1 X96.331 Y69.178 E635.4123
G1 X95.792 Y68.639 E635.4376
G1 X95.792 Y68.073 E635.4565
G1 X96.331 Y68.612 E635.4818
G1 X96.331 Y68.047 E635.5006
G1 X95.792 Y67.508 E635.5260
G1 X95.792 Y66.942 E635.5448
G1 X96.331 Y67.481 E635.5701
G1 X96.331 Y66.915 E635.5890
G1 X95.792 Y66.376 E635.6143
G1 X95.792 Y65.907 E635.6299
G1 X95.822 Y65.840 E635.6324
G1 X96.331 Y66.349 E635.6563
G1 X96.331 Y65.908 E635.6710
G1 X96.319 Y65.883 E635.6719
G0 F2700 X96.227 Y65.680
G0 F2700 X96.031 Y65.484
G1 F3000 E630.6719
G1 F900 Z5.700
G0 F4200 X95.276 Y82.549
;TYPE:SOLID-FILL
;WIDTH:0.400
G1 F900 Z5.400
G1 F1500 E635.6719
G1 F3000 X95.484 Y83.038 E635.6879
G1 X95.243 Y83.080 E635.6960
G1 F3000 E630.6960
G1 F900 Z5.700
G0 F4200 X96.807 Y82.948
G1 F900 Z5.400
G1 F1500 E635.6960
G1 F3000 X96.880 Y83.021 E635.6995
G1 F3000 E630.6995
G1 F900 Z5.700
G0 F4200 X95.231 Y83.068
G1 F900 Z5.400
G1 F1500 E635.6995
G1 F3000 X94.749 Y82.869 E635.7181
G1 X94.183 Y82.870 E635.7367
G1 X93.618 Y82.870 E635.7553
G1 X93.053 Y82.871 E635.7738
G1 X92.488 Y82.871 E635.7923
G1 X91.923 Y82.872 E635.8107
G1 X91.358 Y82.872 E635.8290
G1 X90.792 Y82.872 E635.8474
G1 X90.227 Y82.873 E635.8657
G1 X89.878 Y82.807 E635.8775
G1 F3000 E630.8775
G1 F900 Z5.700
G0 F4200 X107.911 Y90.373
;TYPE:WALL-INNER
;WIDTH:0.400
G1 F900 Z5.400
G1 F1500 E635.8775
G1 F2700 X107.781 Y90.287 E635.8827
G1 X107.696 Y90.158 E635.8878
G1 X107.663 Y89.977 E635.8939
G1 X107.666 Y75.722 E636.3681
G1 X107.696 Y75.579 E636.3729
G1 X107.733 Y75.509 E636.3755
G1 X107.842 Y75.402 E636.3806
G1 X107.985 Y75.341 E636.3858
G1 X108.140 Y75.341 E636.3910
G1 X108.283 Y75.402 E636.3961
G1 X108.392 Y75.509 E636.4012
G1 X108.452 Y75.656 E636.4065
G1 X108.463 Y75.762 E636.4100
G1 X108.463 Y82.319 E636.6281
G1 X110.082 Y82.319 E636.6820
G1 X111.145 Y82.805 E636.7208
G1 X111.145 Y82.933 E636.7251
G1 X110.082 Y83.419 E636.7640
G1 X108.463 Y83.419 E636.8178
G1 X108.463 Y89.967 E637.0356
G1 X108.430 Y90.158 E637.0421
G1 X108.365 Y90.256 E637.0460
G0 F2700 X108.344 Y90.287
G0 F2700 X108.214 Y90.373
G0 F2700 X108.063 Y90.403
G0 F2700 X107.911 Y90.373
G1 F3000 E632.0460
G0 F4200 X107.757 Y90.744
;TYPE:WALL-OUTER
;WIDTH:0.400
G1 F900 Z5.400
G1 F1500 E637.0460
G1 F2700 X107.619 Y90.671 E637.0512
G1 X107.497 Y90.571 E637.0564
G1 X107.398 Y90.450 E637.0616
G1 X107.325 Y90.312 E637.0668
G1 X107.279 Y90.162 E637.0720
G1 X107.263 Y89.996 E637.0776
G1 X107.266 Y75.701 E637.5530
G1 X107.279 Y75.576 E637.5572
G1 X107.325 Y75.426 E637.5624
G1 X107.398 Y75.287 E637.5676
G1 X107.497 Y75.166 E637.5728
G1 X107.619 Y75.067 E637.5781
G1 X107.757 Y74.993 E637.5833
G1 X107.906 Y74.947 E637.5885
G1 X108.063 Y74.932 E637.5937
G1 X108.219 Y74.947 E637.5989
G1 X108.368 Y74.993 E637.6041
G1 X108.506 Y75.067 E637.6093
G1 X108.628 Y75.166 E637.6145
G1 X108.727 Y75.287 E637.6197
G1 X108.800 Y75.426 E637.6250
G1 X108.846 Y75.576 E637.6302
G1 X108.863 Y75.741 E637.6357
G1 X108.863 Y81.919 E637.8412
G1 X110.169 Y81.919 E637.8846
G1 X111.575 Y82.562 E637.9360
G1 X111.676 Y82.669 E637.9409
G1 X111.736 Y82.860 E637.9476
G1 X111.679 Y83.068 E637.9548
G1 X111.566 Y83.180 E637.9601
G1 X110.169 Y83.819 E638.0111
G1 X108.863 Y83.819 E638.0546
G1 X108.863 Y89.993 E638.2599
G1 X108.836 Y90.197 E638.2668
G1 X108.801 Y90.312 E638.2708
G1 X108.727 Y90.450 E638.2760
G1 X108.628 Y90.571 E638.2812
G1 X108.506 Y90.671 E638.2864
G1 X108.368 Y90.744 E638.2916
G1 X108.249 Y90.781 E638.2958
G0 F2700 X108.219 Y90.790
G0 F2700 X108.063 Y90.805
G0 F2700 X107.906 Y90.790
G0 F2700 X107.757 Y90.744
G1 F3000 E633.2958
G0 F4200 X108.007 Y90.188
;TYPE:SOLID-FILL
;WIDTH:0.400
G1 F900 Z5.400
G1 F1500 E638.2958
G1 F3000 X108.071 Y89.969 E638.3017
G1 X108.062 Y89.394 E638.3205
G1 X108.062 Y88.828 E638.3393
G1 X108.062 Y88.262 E638.3581
G1 X108.062 Y87.697 E638.3769
G1 X108.062 Y87.131 E638.3957
G1 X108.062 Y86.565 E638.4145
G1 X108.062 Y86.000 E638.4333
G1 X108.062 Y85.435 E638.4520
G1 X108.062 Y84.869 E638.4708
G1 X108.062 Y84.303 E638.4896
G1 X108.062 Y83.737 E638.5083
G1 X108.126 Y83.236 E638.5270
G1 X107.863 Y82.690 E638.5472
G0 F4200 X107.863 Y82.124
G1 F3000 X108.462 Y82.723 E638.5754
G1 F3000 E633.5754
G1 F900 Z5.700
G0 F4200 X108.262 Y81.957
G1 F900 Z5.400
G1 F1500 E638.5754
G1 F3000 X108.062 Y81.475 E638.5941
G1 X108.062 Y80.909 E638.6128
G1 X108.062 Y80.343 E638.6316
G1 X108.062 Y79.778 E638.6503
G1 X108.063 Y79.213 E638.6689
G1 X108.063 Y78.647 E638.6876
G1 X108.063 Y78.081 E638.7063
G1 X108.063 Y77.516 E638.7249
G1 X108.063 Y76.950 E638.7436
G1 X108.063 Y76.384 E638.7623
G1 X107.965 Y75.721 E638.7810
G1 X108.258 Y75.731 E638.7908
G1 F3000 E633.7908
G1 F900 Z5.700
G0 F4200 X109.752 Y82.599
;TYPE:SOLID-FILL
;WIDTH:0.400
G1 F900 Z5.400
G1 F1500 E638.7908
G1 F2700 X110.206 Y83.053 E638.8121
G1 X110.019 Y83.139 E638.8190
G1 X109.726 Y83.138 E638.8287
G1 X109.186 Y82.599 E638.8541
G1 X108.620 Y82.599 E638.8729
G1 X109.160 Y83.138 E638.8983
G1 X109.094 Y83.138 E638.9005
G0 F2700 X108.594 Y83.138
G0 F4200 X108.511 Y83.338
;TYPE:SOLID-FILL
;WIDTH:0.400
G1 F3000 X108.342 Y83.169 E638.9085
G1 F3000 E633.9085
G1 F900 Z5.700
G0 F4200 X109.834 Y82.399
G1 F900 Z5.400
G1 F1500 E638.9085
G1 F3000 X109.892 Y82.457 E638.9112
G1 F3000 E633.9112
G1 F900 Z5.700
G0 F4200 X115.911 Y90.373
;TYPE:WALL-INNER
;WIDTH:0.400
G1 F900 Z5.400
G1 F1500 E638.9112
G1 F2700 X115.781 Y90.287 E638.9164
G1 X115.696 Y90.158 E638.9215
G1 X115.663 Y89.977 E638.9276
G1 X115.666 Y75.722 E639.4017
G1 X115.696 Y75.579 E639.4066
G1 X115.733 Y75.509 E639.4092
G1 X115.842 Y75.402 E639.4143
G1 X115.985 Y75.341 E639.4195
G1 X116.140 Y75.341 E639.4246
G1 X116.283 Y75.402 E639.4298
G1 X116.392 Y75.509 E639.4349
G1 X116.452 Y75.656 E639.4402
G1 X116.463 Y75.762 E639.4437
G1 X116.463 Y82.319 E639.6618
G1 X118.082 Y82.319 E639.7157
G1 X119.145 Y82.805 E639.7545
G1 X119.145 Y82.933 E639.7588
G1 X118.082 Y83.419 E639.7977
G1 X116.463 Y83.419 E639.8515
G1 X116.463 Y89.967 E640.0693
G1 X116.430 Y90.158 E640.0757
G1 X116.365 Y90.256 E640.0797
G0 F2700 X116.344 Y90.287
G0 F2700 X116.214 Y90.373
G0 F2700 X116.063 Y90.403
G0 F2700 X115.911 Y90.373
G1 F3000 E635.0797
G0 F4200 X115.757 Y90.744
;TYPE:WALL-OUTER
;WIDTH:0.400
G1 F900 Z5.400
G1 F1500 E640.0797
G1 F2700 X115.619 Y90.671 E640.0849
G1 X115.497 Y90.571 E640.0901
G1 X115.398 Y90.450 E640.0953
G1 X115.325 Y90.312 E640.1005
G1 X115.279 Y90.162 E640.1057
G1 X115.263 Y89.996 E640.1113
G1 X115.266 Y75.701 E640.5867
G1 X115.279 Y75.576 E640.5909
G1 X115.325 Y75.426 E640.5961
G1 X115.398 Y75.287 E640.6013
G1 X115.497 Y75.166 E640.6065
G1 X115.619 Y75.067 E640.6118
G1 X115.757 Y74.993 E640.6170
G1 X115.906 Y74.947 E640.6221
G1 X116.063 Y74.932 E640.6274
G1 X116.219 Y74.947 E640.6326
G1 X116.368 Y74.993 E640.6378
G1 X116.506 Y75.067 E640.6430
G1 X116.628 Y75.166 E640.6482
G1 X116.727 Y75.287 E640.6534
G1 X116.800 Y75.426 E640.6586
G1 X116.846 Y75.576 E640.6639
G1 X116.863 Y75.741 E640.6694
G1 X116.863 Y81.919 E640.8749
G1 X118.169 Y81.919 E640.9183
G1 X119.575 Y82.562 E640.9697
G1 X119.676 Y82.669 E640.9746
G1 X119.736 Y82.860 E640.9813
G1 X119.679 Y83.068 E640.9885
G1 X119.566 Y83.180 E640.9937
G1 X118.169 Y83.819 E641.0448
G1 X116.863 Y83.819 E641.0883
G1 X116.863 Y89.993 E641.2936
G1 X116.836 Y90.197 E641.3005
G1 X116.801 Y90.312 E641.3045
G1 X116.727 Y90.450 E641.3097
G1 X116.628 Y90.571 E641.3149
G1 X116.506 Y90.671 E641.3201
G1 X116.368 Y90.744 E641.3253
G1 X116.249 Y90.781 E641.3295
G0 F2700 X116.219 Y90.790
G0 F2700 X116.063 Y90.805
G0 F2700 X115.906 Y90.790
G0 F2700 X115.757 Y90.744
G1 F3000 E636.3295
G0 F4200 X116.261 Y89.957
;TYPE:SOLID-FILL
;WIDTH:0.400
G1 F900 Z5.400
G1 F1500 E641.3295
G1 F3000 X116.062 Y89.474 E641.3482
G1 X116.062 Y88.909 E641.3670
G1 X116.062 Y88.343 E641.3858
G1 X116.062 Y87.777 E641.4046
G1 X116.062 Y87.212 E641.4234
G1 X116.062 Y86.646 E641.4422
G1 X116.062 Y86.081 E641.4610
G1 X116.062 Y85.515 E641.4798
G1 X116.062 Y84.949 E641.4985
G1 X116.062 Y84.384 E641.5172
G1 X116.062 Y83.818 E641.5360
G1 X116.086 Y83.277 E641.5548
G1 X115.863 Y82.771 E641.5732
G0 F4200 X115.863 Y82.205
G1 F3000 X116.462 Y82.804 E641.6014
G1 F3000 E636.6014
G1 F900 Z5.700
G0 F4200 X116.262 Y82.038
G1 F900 Z5.400
G1 F1500 E641.6014
G1 F3000 X116.062 Y81.555 E641.6201
G1 X116.062 Y80.990 E641.6388
G1 X116.062 Y80.424 E641.6576
G1 X116.062 Y79.858 E641.6763
G1 X116.062 Y79.293 E641.6950
G1 X116.063 Y78.728 E641.7137
G1 X116.063 Y78.162 E641.7324
G1 X116.063 Y77.596 E641.7511
G1 X116.063 Y77.030 E641.7697
G1 X116.063 Y76.465 E641.7884
G1 X116.063 Y75.899 E641.8071
G1 X115.998 Y75.552 E641.8188
G1 F3000 E636.8188
G1 F900 Z5.700
G0 F4200 X117.671 Y82.599
;TYPE:SOLID-FILL
;WIDTH:0.400
G1 F900 Z5.400
G1 F1500 E641.8188
G1 F2700 X118.150 Y83.077 E641.8413
G1 X118.018 Y83.138 E641.8462
G1 X117.645 Y83.138 E641.8586
G1 X117.106 Y82.599 E641.8839
G1 X116.542 Y82.598 E641.9027
G1 X116.542 Y82.601 E641.9028
G1 X116.726 Y82.785 E641.9114
G0 F2700 X117.079 Y83.138
G1 F3000 E636.9114
G1 F900 Z5.700
G0 F4200 X118.019 Y82.599
G1 F900 Z5.400
G1 F1500 E641.9114
G1 F2700 X118.419 Y82.780 E641.9260
G1 F3000 E636.9260
G1 F900 Z5.700
G0 F4200 X116.997 Y83.338
;TYPE:SOLID-FILL
;WIDTH:0.400
G1 F900 Z5.400
G1 F1500 E641.9260
G1 F3000 X116.684 Y83.308 E641.9288
G1 X116.341 Y83.249 E641.9404
G1 F3000 E636.9404
G1 F900 Z5.700
G0 F4200 X123.781 Y90.287
;TYPE:WALL-INNER
;WIDTH:0.400
G1 F900 Z5.400
G1 F1500 E641.9404
G1 F2700 X123.696 Y90.158 E641.9456
G1 X123.663 Y89.977 E641.9517
G1 X123.666 Y75.722 E642.4258
G1 X123.696 Y75.579 E642.4307
G1 X123.733 Y75.509 E642.4333
G1 X123.842 Y75.402 E642.4384
G1 X123.985 Y75.341 E642.4435
G1 X124.140 Y75.341 E642.4487
G1 X124.283 Y75.402 E642.4539
G1 X124.392 Y75.509 E642.4589
G1 X124.452 Y75.656 E642.4642
G1 X124.463 Y75.762 E642.4678
G1 X124.463 Y82.319 E642.6859
G1 X126.082 Y82.319 E642.7397
G1 X127.145 Y82.805 E642.7786
G1 X127.145 Y82.933 E642.7828
G1 X126.082 Y83.419 E642.8217
G1 X124.463 Y83.419 E642.8756
G1 X124.463 Y89.967 E643.0933
G1 X124.430 Y90.158 E643.0998
G1 X124.344 Y90.287 E643.1050
G1 X124.245 Y90.352 E643.1089
G0 F2700 X124.214 Y90.373
G0 F2700 X124.063 Y90.403
G0 F2700 X123.911 Y90.373
G0 F2700 X123.781 Y90.287
G1 F3000 E638.1089
G0 F4200 X123.497 Y90.571
;TYPE:WALL-OUTER
;WIDTH:0.400
G1 F900 Z5.400
G1 F1500 E643.1089
G1 F2700 X123.398 Y90.450 E643.1141
G1 X123.325 Y90.312 E643.1193
G1 X123.279 Y90.162 E643.1245
G1 X123.263 Y89.996 E643.1300
G1 X123.266 Y75.701 E643.6055
G1 X123.279 Y75.576 E643.6097
G1 X123.325 Y75.426 E643.6149
G1 X123.398 Y75.287 E643.6201
G1 X123.497 Y75.166 E643.6253
G1 X123.619 Y75.067 E643.6305
G1 X123.757 Y74.993 E643.6358
G1 X123.906 Y74.947 E643.6409
G1 X124.063 Y74.932 E643.6462
G1 X124.219 Y74.947 E643.6514
G1 X124.368 Y74.993 E643.6566
G1 X124.506 Y75.067 E643.6618
G1 X124.628 Y75.166 E643.6670
G1 X124.727 Y75.287 E643.6722
G1 X124.800 Y75.426 E643.6774
G1 X124.846 Y75.576 E643.6827
G1 X124.863 Y75.741 E643.6882
G1 X124.863 Y81.919 E643.8937
G1 X126.169 Y81.919 E643.9371
G1 X127.575 Y82.562 E643.9885
G1 X127.676 Y82.669 E643.9934
G1 X127.736 Y82.860 E644.0001
G1 X127.679 Y83.068 E644.0072
G1 X127.566 Y83.180 E644.0125
G1 X126.169 Y83.819 E644.0636
G1 X124.863 Y83.819 E644.1071
G1 X124.863 Y89.993 E644.3124
G1 X124.836 Y90.197 E644.3193
G1 X124.801 Y90.312 E644.3233
G1 X124.727 Y90.450 E644.3285
G1 X124.628 Y90.571 E644.3337
G1 X124.506 Y90.671 E644.3389
G1 X124.368 Y90.744 E644.3441
G1 X124.219 Y90.790 E644.3493
G1 X124.063 Y90.805 E644.3545
G1 X123.938 Y90.793 E644.3587
G0 F2700 X123.906 Y90.790
G0 F2700 X123.757 Y90.744
G0 F2700 X123.619 Y90.671
G0 F2700 X123.497 Y90.571
G1 F3000 E639.3587
G0 F4200 X124.249 Y90.025
;TYPE:SOLID-FILL
;WIDTH:0.400
G1 F900 Z5.400
G1 F1500 E644.3587
G1 F3000 X124.061 Y89.555 E644.3769
G1 X124.061 Y88.989 E644.3956
G1 X124.061 Y88.423 E644.4143
G1 X124.061 Y87.858 E644.4331
G1 X124.061 Y87.292 E644.4518
G1 X124.061 Y86.726 E644.4705
G1 X124.062 Y86.161 E644.4892
G1 X124.062 Y85.595 E644.5079
G1 X124.062 Y85.029 E644.5266
G1 X124.062 Y84.464 E644.5452
G1 X124.062 Y83.898 E644.5639
G1 X124.062 Y83.332 E644.5826
G1 X123.863 Y82.850 E644.5999
G0 F4200 X123.863 Y82.286
G1 F3000 X124.462 Y82.884 E644.6281
G1 F3000 E639.6281
G1 F900 Z5.700
G0 F4200 X124.261 Y82.118
G1 F900 Z5.400
G1 F1500 E644.6281
G1 F3000 X124.062 Y81.636 E644.6468
G1 X124.062 Y81.070 E644.6654
G1 X124.062 Y80.504 E644.6841
G1 X124.062 Y79.939 E644.7028
G1 X124.062 Y79.373 E644.7215
G1 X124.062 Y78.808 E644.7401
G1 X124.062 Y78.242 E644.7588
G1 X124.062 Y77.676 E644.7774
G1 X124.062 Y77.111 E644.7961
G1 X124.062 Y76.545 E644.8148
G1 X124.062 Y75.979 E644.8334
G1 X123.945 Y75.579 E644.8473
G1 F3000 E639.8473
G1 F900 Z5.700
G0 F4200 X125.591 Y82.599
;TYPE:SOLID-FILL
;WIDTH:0.400
G1 F900 Z5.400
G1 F1500 E644.8473
G1 F2700 X126.095 Y83.103 E644.8710
G1 X126.019 Y83.138 E644.8738
G1 X125.565 Y83.138 E644.8889
G1 X125.025 Y82.599 E644.9142
G1 X124.542 Y82.599 E644.9303
G1 X124.542 Y82.681 E644.9330
G1 X124.646 Y82.785 E644.9379
G0 F2700 X124.999 Y83.138
G1 F3000 E639.9379
G1 F900 Z5.700
G0 F4200 X126.019 Y82.598
G1 F900 Z5.400
G1 F1500 E644.9379
G1 F2700 X126.036 Y82.606 E644.9385
G0 F2700 X126.273 Y82.715
G0 F2700 X126.442 Y82.884
G0 F4200 X125.732 Y82.457
;TYPE:SOLID-FILL
;WIDTH:0.400
G1 F3000 X125.674 Y82.399 E644.9413
G1 F3000 E639.9413
G1 F900 Z5.700
G0 F4200 X124.857 Y83.279
G1 F900 Z5.400
G1 F1500 E644.9413
G1 F3000 X124.916 Y83.338 E644.9440
G1 F3000 E639.9440
G1 F900 Z5.700
G0 F4200 X131.781 Y90.287
;TYPE:WALL-INNER
;WIDTH:0.400
G1 F900 Z5.400
G1 F1500 E644.9440
G1 F2700 X131.696 Y90.158 E644.9492
G1 X131.663 Y89.977 E644.9553
G1 X131.666 Y75.722 E645.4294
G1 X131.696 Y75.579 E645.4343
G1 X131.733 Y75.509 E645.4369
G1 X131.842 Y75.402 E645.4420
G1 X131.985 Y75.341 E645.4472
G1 X132.140 Y75.341 E645.4523
G1 X132.283 Y75.402 E645.4575
G1 X132.392 Y75.509 E645.4626
G1 X132.452 Y75.656 E645.4679
G1 X132.463 Y75.762 E645.4714
G1 X132.463 Y82.319 E645.6895
G1 X134.082 Y82.319 E645.7433
G1 X135.145 Y82.805 E645.7822
G1 X135.145 Y82.933 E645.7865
G1 X134.082 Y83.419 E645.8253
G1 X132.463 Y83.419 E645.8792
G1 X132.463 Y89.967 E646.0970
G1 X132.430 Y90.158 E646.1034
G1 X132.344 Y90.287 E646.1086
G1 X132.245 Y90.352 E646.1125
G0 F2700 X132.214 Y90.373
G0 F2700 X132.063 Y90.403
G0 F2700 X131.911 Y90.373
G0 F2700 X131.781 Y90.287
G1 F3000 E641.1125
G0 F4200 X131.497 Y90.571
;TYPE:WALL-OUTER
;WIDTH:0.400
G1 F900 Z5.400
G1 F1500 E646.1125
G1 F2700 X131.398 Y90.450 E646.1177
G1 X131.325 Y90.312 E646.1229
G1 X131.279 Y90.162 E646.1281
G1 X131.263 Y89.996 E646.1337
G1 X131.266 Y75.701 E646.6091
G1 X131.279 Y75.576 E646.6133
G1 X131.325 Y75.426 E646.6185
G1 X131.398 Y75.287 E646.6238
G1 X131.497 Y75.166 E646.6290
G1 X131.619 Y75.067 E646.6342
G1 X131.757 Y74.993 E646.6394
G1 X131.906 Y74.947 E646.6446
G1 X132.063 Y74.932 E646.6498
G1 X132.219 Y74.947 E646.6550
G1 X132.368 Y74.993 E646.6602
G1 X132.506 Y75.067 E646.6654
G1 X132.628 Y75.166 E646.6707
G1 X132.727 Y75.287 E646.6759
G1 X132.800 Y75.426 E646.6811
G1 X132.846 Y75.576 E646.6863
G1 X132.863 Y75.741 E646.6918
G1 X132.863 Y81.919 E646.8973
G1 X134.169 Y81.919 E646.9407
G1 X135.575 Y82.562 E646.9921
G1 X135.676 Y82.669 E646.9970
G1 X135.736 Y82.860 E647.0037
G1 X135.679 Y83.068 E647.0109
G1 X135.566 Y83.180 E647.0162
G1 X134.169 Y83.819 E647.0673
G1 X132.863 Y83.819 E647.1107
G1 X132.863 Y89.993 E647.3160
G1 X132.836 Y90.197 E647.3229
G1 X132.801 Y90.312 E647.3269
G1 X132.727 Y90.450 E647.3321
G1 X132.628 Y90.571 E647.3373
G1 X132.506 Y90.671 E647.3425
G1 X132.368 Y90.744 E647.3477
G1 X132.219 Y90.790 E647.3529
G1 X132.063 Y90.805 E647.3581
G1 X131.938 Y90.793 E647.3623
G0 F2700 X131.906 Y90.790
G0 F2700 X131.757 Y90.744
G0 F2700 X131.619 Y90.671
G0 F2700 X131.497 Y90.571
G1 F3000 E642.3623
G0 F4200 X132.234 Y90.091
;TYPE:SOLID-FILL
;WIDTH:0.400
G1 F900 Z5.400
G1 F1500 E647.3623
G1 F3000 X132.062 Y89.635 E647.3798
G1 X132.062 Y89.070 E647.3986
G1 X132.062 Y88.504 E647.4173
G1 X132.062 Y87.938 E647.4361
G1 X132.062 Y87.373 E647.4548
G1 X132.062 Y86.807 E647.4736
G1 X132.062 Y86.241 E647.4923
G1 X132.062 Y85.676 E647.5110
G1 X132.062 Y85.110 E647.5298
G1 X132.062 Y84.544 E647.5485
G1 X132.062 Y83.979 E647.5672
G1 X132.062 Y83.413 E647.5860
G1 X131.863 Y82.931 E647.6033
G0 F4200 X131.864 Y82.366
G1 F3000 X132.462 Y82.964 E647.6314
G1 F3000 E642.6314
G1 F900 Z5.700
G0 F4200 X132.262 Y82.199
G1 F900 Z5.400
G1 F1500 E647.6314
G1 F3000 X132.063 Y81.716 E647.6502
G1 X132.063 Y81.151 E647.6688
G1 X132.063 Y80.585 E647.6875
G1 X132.063 Y80.019 E647.7062
G1 X132.063 Y79.454 E647.7248
G1 X132.063 Y78.888 E647.7435
G1 X132.063 Y78.323 E647.7622
G1 X132.063 Y77.757 E647.7808
G1 X132.063 Y77.191 E647.7995
G1 X132.063 Y76.626 E647.8182
G1 X132.063 Y76.060 E647.8369
G1 X131.905 Y75.620 E647.8524
G1 F3000 E642.8524
G1 F900 Z5.700
G0 F4200 X133.510 Y82.599
;TYPE:SOLID-FILL
;WIDTH:0.400
G1 F900 Z5.400
G1 F1500 E647.8524
G1 F2700 X134.040 Y83.128 E647.8773
G1 X134.019 Y83.138 E647.8781
G1 X133.484 Y83.138 E647.8959
G1 X132.945 Y82.599 E647.9212
G1 X132.542 Y82.599 E647.9346
G1 X132.542 Y82.761 E647.9400
G1 X132.566 Y82.785 E647.9412
G0 F2700 X132.919 Y83.138
G1 F3000 E642.9412
G1 F900 Z5.700
G0 F4200 X134.019 Y82.598
G1 F900 Z5.400
G1 F1500 E647.9412
G1 F2700 X134.062 Y82.618 E647.9427
G0 F2700 X134.124 Y82.646
G0 F2700 X134.429 Y82.952
G0 F4200 X133.651 Y82.457
;TYPE:SOLID-FILL
;WIDTH:0.400
G1 F3000 X133.593 Y82.399 E647.9455
G1 F3000 E642.9455
G1 F900 Z5.700
G0 F4200 X132.776 Y83.279
G1 F900 Z5.400
G1 F1500 E647.9455
G1 F3000 X132.836 Y83.338 E647.9483
;LAYER:27
;Z:5.600
;HEIGHT:0.200
G1 F3000 E642.9483
G0 F900 Z5.600
G0 F4200 X131.782 Y90.287
;TYPE:WALL-INNER
;WIDTH:0.400
G1 F900 Z5.600
G1 F1500 E647.9483
G1 F2700 X131.696 Y90.158 E647.9534
G1 X131.663 Y89.977 E647.9595
G1 X131.663 Y75.760 E648.4324
G1 X131.696 Y75.579 E648.4385
G1 X131.781 Y75.451 E648.4436
G1 X131.912 Y75.364 E648.4489
G1 X131.985 Y75.341 E648.4514
G1 X132.140 Y75.341 E648.4566
G1 X132.283 Y75.402 E648.4617
G1 X132.392 Y75.509 E648.4668
G1 X132.452 Y75.656 E648.4721
G1 X132.463 Y75.762 E648.4756
G1 X132.463 Y82.319 E648.6937
G1 X134.082 Y82.319 E648.7476
G1 X135.145 Y82.805 E648.7864
G1 X135.145 Y82.933 E648.7907
G1 X134.082 Y83.419 E648.8296
G1 X132.463 Y83.419 E648.8834
G1 X132.463 Y89.975 E649.1015
G1 X132.429 Y90.159 E649.1077
G1 X132.344 Y90.287 E649.1128
G1 X132.246 Y90.352 E649.1167
G0 F2700 X132.214 Y90.373
G0 F2700 X132.063 Y90.403
G0 F2700 X131.936 Y90.381
G0 F2700 X131.782 Y90.287
G1 F3000 E644.1167
G0 F4200 X131.497 Y90.571
;TYPE:WALL-OUTER
;WIDTH:0.400
G1 F900 Z5.600
G1 F1500 E649.1167
G1 F2700 X131.398 Y90.450 E649.1219
G1 X131.325 Y90.312 E649.1271
G1 X131.279 Y90.162 E649.1323
G1 X131.263 Y89.996 E649.1379
G1 X131.263 Y75.741 E649.6120
G1 X131.279 Y75.575 E649.6176
G1 X131.325 Y75.426 E649.6227
G1 X131.398 Y75.287 E649.6280
G1 X131.497 Y75.166 E649.6332
G1 X131.619 Y75.067 E649.6384
G1 X131.757 Y74.993 E649.6436
G1 X131.906 Y74.947 E649.6488
G1 X132.063 Y74.932 E649.6540
G1 X132.219 Y74.947 E649.6592
G1 X132.368 Y74.993 E649.6644
G1 X132.506 Y75.067 E649.6696
G1 X132.628 Y75.166 E649.6749
G1 X132.727 Y75.287 E649.6801
G1 X132.800 Y75.426 E649.6853
G1 X132.846 Y75.576 E649.6905
G1 X132.863 Y75.741 E649.6960
G1 X132.863 Y81.919 E649.9015
G1 X134.169 Y81.919 E649.9449
G1 X135.566 Y82.558 E649.9960
G1 X135.704 Y82.717 E650.0030
G1 X135.734 Y82.869 E650.0082
G1 X135.679 Y83.068 E650.0151
G1 X135.566 Y83.180 E650.0203
G1 X134.169 Y83.819 E650.0714
G1 X132.863 Y83.819 E650.1149
G1 X132.863 Y89.996 E650.3203
G1 X132.846 Y90.161 E650.3258
G1 X132.800 Y90.312 E650.3311
G1 X132.727 Y90.450 E650.3363
G1 X132.628 Y90.571 E650.3415
G1 X132.506 Y90.671 E650.3467
G1 X132.368 Y90.744 E650.3519
G1 X132.219 Y90.790 E650.3571
G1 X132.063 Y90.805 E650.3623
G1 X131.938 Y90.793 E650.3665
G0 F2700 X131.906 Y90.790
G0 F2700 X131.788 Y90.754
G0 F2700 X131.616 Y90.669
G0 F2700 X131.497 Y90.571
G1 F3000 E645.3665
G0 F4200 X131.910 Y90.120
;TYPE:SOLID-FILL
;WIDTH:0.400
G1 F900 Z5.600
G1 F1500 E650.3665
G1 F3000 X132.062 Y89.686 E650.3831
G1 X132.062 Y89.120 E650.4018
G1 X132.062 Y88.554 E650.4206
G1 X132.062 Y87.989 E650.4394
G1 X132.062 Y87.423 E650.4581
G1 X132.062 Y86.857 E650.4769
G1 X132.062 Y86.292 E650.4957
G1 X132.062 Y85.726 E650.5144
G1 X132.062 Y85.160 E650.5332
G1 X132.062 Y84.594 E650.5519
G1 X132.062 Y84.029 E650.5707
G1 X132.262 Y83.546 E650.5881
G0 F4200 X131.862 Y83.380
G1 F3000 X132.462 Y82.780 E650.6163
G0 F4200 X132.262 Y82.415
G1 F3000 X131.862 Y82.531 E650.6351
G1 X132.062 Y81.766 E650.6539
G1 X132.062 Y81.200 E650.6726
G1 X132.062 Y80.635 E650.6914
G1 X132.062 Y80.069 E650.7101
G1 X132.062 Y79.503 E650.7289
G1 X132.062 Y78.938 E650.7477
G1 X132.062 Y78.372 E650.7664
G1 X132.062 Y77.806 E650.7852
G1 X132.062 Y77.241 E650.8040
G1 X132.062 Y76.675 E650.8227
G1 X132.062 Y76.109 E650.8415
G1 X132.234 Y75.654 E650.8577
G1 F3000 E645.8577
G1 F900 Z5.900
G0 F4200 X132.927 Y82.598
;TYPE:SOLID-FILL
;WIDTH:0.400
G1 F900 Z5.600
G1 F1500 E650.8577
G1 F2700 X132.542 Y82.983 E650.8758
G1 X132.542 Y83.139 E650.8810
G1 X132.952 Y83.139 E650.8946
G1 X133.140 Y82.951 E650.9035
G0 F2700 X133.493 Y82.598
G0 F4200 X134.019 Y82.598
G1 F2700 X134.046 Y82.610 E650.9045
G1 X133.518 Y83.139 E650.9293
G1 X134.019 Y83.138 E650.9460
G1 X134.065 Y83.117 E650.9477
G0 F2700 X134.138 Y83.085
G0 F2700 X134.435 Y82.788
G1 F3000 E645.9477
G1 F900 Z5.900
G0 F4200 X133.975 Y82.399
;TYPE:SOLID-FILL
;WIDTH:0.400
G1 F900 Z5.600
G1 F1500 E650.9477
G1 F3000 X133.656 Y82.434 E650.9509
G1 X133.097 Y82.428 E650.9536
G1 X132.785 Y82.457 E650.9641
G1 F3000 E645.9641
G1 F900 Z5.900
G0 F4200 X123.782 Y90.287
;TYPE:WALL-INNER
;WIDTH:0.400
G1 F900 Z5.600
G1 F1500 E650.9641
G1 F2700 X123.696 Y90.158 E650.9692
G1 X123.663 Y89.977 E650.9753
G1 X123.663 Y75.760 E651.4482
G1 X123.696 Y75.579 E651.4543
G1 X123.781 Y75.451 E651.4594
G1 X123.912 Y75.364 E651.4647
G1 X123.985 Y75.341 E651.4672
G1 X124.140 Y75.341 E651.4724
G1 X124.283 Y75.402 E651.4775
G1 X124.392 Y75.509 E651.4826
G1 X124.452 Y75.656 E651.4879
G1 X124.463 Y75.762 E651.4914
G1 X124.463 Y82.319 E651.7095
G1 X126.082 Y82.319 E651.7634
G1 X127.145 Y82.805 E651.8022
G1 X127.145 Y82.933 E651.8065
G1 X126.082 Y83.419 E651.8454
G1 X124.463 Y83.419 E651.8992
G1 X124.463 Y89.975 E652.1173
G1 X124.429 Y90.159 E652.1235
G1 X124.344 Y90.287 E652.1286
G1 X124.246 Y90.352 E652.1325
G0 F2700 X124.214 Y90.373
G0 F2700 X124.063 Y90.403
G0 F2700 X123.936 Y90.381
G0 F2700 X123.782 Y90.287
G1 F3000 E647.1325
G0 F4200 X123.497 Y90.571
;TYPE:WALL-OUTER
;WIDTH:0.400
G1 F900 Z5.600
G1 F1500 E652.1325
G1 F2700 X123.398 Y90.450 E652.1377
G1 X123.325 Y90.312 E652.1429
G1 X123.279 Y90.162 E652.1481
G1 X123.263 Y89.996 E652.1537
G1 X123.263 Y75.741 E652.6278
G1 X123.279 Y75.575 E652.6333
G1 X123.325 Y75.426 E652.6385
G1 X123.398 Y75.287 E652.6438
G1 X123.497 Y75.166 E652.6490
G1 X123.619 Y75.067 E652.6542
G1 X123.757 Y74.993 E652.6594
G1 X123.906 Y74.947 E652.6646
G1 X124.063 Y74.932 E652.6698
G1 X124.219 Y74.947 E652.6750
G1 X124.368 Y74.993 E652.6802
G1 X124.506 Y75.067 E652.6854
G1 X124.628 Y75.166 E652.6907
G1 X124.727 Y75.287 E652.6959
G1 X124.800 Y75.426 E652.7011
G1 X124.846 Y75.576 E652.7063
G1 X124.863 Y75.741 E652.7118
G1 X124.863 Y81.919 E652.9173
G1 X126.169 Y81.919 E652.9607
G1 X127.566 Y82.558 E653.0118
G1 X127.704 Y82.717 E653.0188
G1 X127.734 Y82.869 E653.0240
G1 X127.679 Y83.068 E653.0308
G1 X127.566 Y83.180 E653.0361
G1 X126.169 Y83.819 E653.0872
G1 X124.863 Y83.819 E653.1307
G1 X124.863 Y89.996 E653.3361
G1 X124.846 Y90.161 E653.3416
G1 X124.800 Y90.312 E653.3469
G1 X124.727 Y90.450 E653.3521
G1 X124.628 Y90.571 E653.3573
G1 X124.506 Y90.671 E653.3625
G1 X124.368 Y90.744 E653.3677
G1 X124.219 Y90.790 E653.3729
G1 X124.063 Y90.805 E653.3781
G1 X123.938 Y90.793 E653.3823
G0 F2700 X123.906 Y90.790
G0 F2700 X123.788 Y90.754
G0 F2700 X123.616 Y90.669
G0 F2700 X123.497 Y90.571
G1 F3000 E648.3823
G0 F4200 X123.952 Y90.158
;TYPE:SOLID-FILL
;WIDTH:0.400
G1 F900 Z5.600
G1 F1500 E653.3823
G1 F3000 X124.061 Y89.766 E653.3968
G1 X124.061 Y89.201 E653.4156
G1 X124.061 Y88.635 E653.4343
G1 X124.061 Y88.069 E653.4530
G1 X124.061 Y87.504 E653.4718
G1 X124.061 Y86.938 E653.4905
G1 X124.061 Y86.372 E653.5092
G1 X124.061 Y85.806 E653.5280
G1 X124.061 Y85.241 E653.5467
G1 X124.061 Y84.675 E653.5654
G1 X124.061 Y84.109 E653.5842
G1 X124.261 Y83.627 E653.6015
G0 F4200 X123.862 Y83.461
G1 F3000 X124.462 Y82.861 E653.6297
G0 F4200 X124.261 Y82.496
G1 F3000 X123.862 Y82.612 E653.6485
G1 X124.061 Y81.847 E653.6672
G1 X124.061 Y81.281 E653.6860
G1 X124.061 Y80.715 E653.7047
G1 X124.061 Y80.150 E653.7234
G1 X124.061 Y79.584 E653.7422
G1 X124.061 Y79.018 E653.7609
G1 X124.061 Y78.453 E653.7796
G1 X124.061 Y77.887 E653.7984
G1 X124.061 Y77.321 E653.8171
G1 X124.061 Y76.756 E653.8359
G1 X124.061 Y76.190 E653.8546
G1 X124.255 Y75.714 E653.8717
G1 F3000 E648.8717
G1 F900 Z5.900
G0 F4200 X125.007 Y82.598
;TYPE:SOLID-FILL
;WIDTH:0.400
G1 F900 Z5.600
G1 F1500 E653.8717
G1 F2700 X124.542 Y83.063 E653.8936
G1 X124.542 Y83.138 E653.8960
G1 X125.033 Y83.138 E653.9124
G1 X125.220 Y82.951 E653.9212
G0 F2700 X125.573 Y82.598
G0 F4200 X126.019 Y82.598
G1 F2700 X126.101 Y82.636 E653.9242
G1 X125.599 Y83.138 E653.9478
G1 X126.019 Y83.138 E653.9618
G1 X126.031 Y83.132 E653.9622
G0 F2700 X126.286 Y83.017
G0 F2700 X126.442 Y82.861
G1 F3000 E648.9622
G1 F900 Z5.900
G0 F4200 X126.055 Y82.399
;TYPE:SOLID-FILL
;WIDTH:0.400
G1 F900 Z5.600
G1 F1500 E653.9622
G1 F3000 X125.724 Y82.447 E653.9667
G1 X125.177 Y82.428 E653.9694
G1 X124.865 Y82.457 E653.9798
G1 F3000 E648.9798
G1 F900 Z5.900
G0 F4200 X115.936 Y90.381
;TYPE:WALL-INNER
;WIDTH:0.400
G1 F900 Z5.600
G1 F1500 E653.9798
G1 F2700 X115.782 Y90.287 E653.9858
G1 X115.696 Y90.158 E653.9909
G1 X115.663 Y89.977 E653.9971
G1 X115.663 Y75.760 E654.4699
G1 X115.696 Y75.579 E654.4760
G1 X115.781 Y75.451 E654.4812
G1 X115.912 Y75.364 E654.4864
G1 X115.985 Y75.341 E654.4889
G1 X116.140 Y75.341 E654.4941
G1 X116.283 Y75.402 E654.4993
G1 X116.392 Y75.509 E654.5043
G1 X116.452 Y75.656 E654.5096
G1 X116.463 Y75.762 E654.5132
G1 X116.463 Y82.319 E654.7313
G1 X118.082 Y82.319 E654.7851
G1 X119.145 Y82.805 E654.8240
G1 X119.145 Y82.933 E654.8282
G1 X118.082 Y83.419 E654.8671
G1 X116.463 Y83.419 E654.9210
G1 X116.463 Y89.975 E655.1390
G1 X116.429 Y90.159 E655.1452
G1 X116.379 Y90.234 E655.1482
G0 F2700 X116.344 Y90.287
G0 F2700 X116.214 Y90.373
G0 F2700 X116.063 Y90.403
G0 F2700 X115.936 Y90.381
G1 F3000 E650.1482
G0 F4200 X115.788 Y90.754
;TYPE:WALL-OUTER
;WIDTH:0.400
G1 F900 Z5.600
G1 F1500 E655.1482
G1 F2700 X115.616 Y90.669 E655.1546
G1 X115.497 Y90.571 E655.1597
G1 X115.398 Y90.450 E655.1649
G1 X115.325 Y90.312 E655.1701
G1 X115.279 Y90.162 E655.1754
G1 X115.263 Y89.996 E655.1809
G1 X115.263 Y75.741 E655.6550
G1 X115.279 Y75.575 E655.6606
G1 X115.325 Y75.426 E655.6658
G1 X115.398 Y75.287 E655.6710
G1 X115.497 Y75.166 E655.6762
G1 X115.619 Y75.067 E655.6814
G1 X115.757 Y74.993 E655.6866
G1 X115.906 Y74.947 E655.6918
G1 X116.063 Y74.932 E655.6970
G1 X116.219 Y74.947 E655.7023
G1 X116.368 Y74.993 E655.7074
G1 X116.506 Y75.067 E655.7126
G1 X116.628 Y75.166 E655.7179
G1 X116.727 Y75.287 E655.7231
G1 X116.800 Y75.426 E655.7283
G1 X116.846 Y75.576 E655.7335
G1 X116.863 Y75.741 E655.7390
G1 X116.863 Y81.919 E655.9445
G1 X118.169 Y81.919 E655.9880
G1 X119.566 Y82.558 E656.0390
G1 X119.704 Y82.717 E656.0460
G1 X119.734 Y82.869 E656.0512
G1 X119.679 Y83.068 E656.0581
G1 X119.566 Y83.180 E656.0634
G1 X118.169 Y83.819 E656.1145
G1 X116.863 Y83.819 E656.1579
G1 X116.863 Y89.996 E656.3633
G1 X116.846 Y90.161 E656.3689
G1 X116.800 Y90.312 E656.3741
G1 X116.727 Y90.450 E656.3793
G1 X116.628 Y90.571 E656.3845
G1 X116.506 Y90.671 E656.3897
G1 X116.368 Y90.744 E656.3949
G1 X116.280 Y90.772 E656.3980
G0 F2700 X116.219 Y90.790
G0 F2700 X116.063 Y90.805
G0 F2700 X115.906 Y90.790
G0 F2700 X115.788 Y90.754
G1 F3000 E651.3980
G0 F4200 X116.003 Y90.188
;TYPE:SOLID-FILL
;WIDTH:0.400
G1 F900 Z5.600
G1 F1500 E656.3980
G1 F3000 X116.062 Y89.846 E656.4102
G1 X116.062 Y89.281 E656.4290
G1 X116.062 Y88.715 E656.4477
G1 X116.062 Y88.149 E656.4666
G1 X116.062 Y87.584 E656.4853
G1 X116.062 Y87.018 E656.5041
G1 X116.062 Y86.452 E656.5229
G1 X116.062 Y85.887 E656.5417
G1 X116.062 Y85.321 E656.5605
G1 X116.062 Y84.755 E656.5793
G1 X116.062 Y84.189 E656.5981
G1 X116.262 Y83.707 E656.6154
G0 F4200 X115.862 Y83.541
G1 F3000 X116.462 Y82.941 E656.6437
G0 F4200 X116.319 Y82.518
G1 F3000 X115.862 Y82.693 E656.6652
G1 X116.061 Y81.927 E656.6839
G1 X116.061 Y81.362 E656.7027
G1 X116.061 Y80.796 E656.7214
G1 X116.061 Y80.230 E656.7401
G1 X116.061 Y79.665 E656.7589
G1 X116.061 Y79.099 E656.7776
G1 X116.061 Y78.533 E656.7963
G1 X116.061 Y77.967 E656.8151
G1 X116.061 Y77.402 E656.8338
G1 X116.061 Y76.836 E656.8526
G1 X116.061 Y76.270 E656.8713
G1 X116.261 Y75.788 E656.8886
G1 F3000 E651.8886
G1 F900 Z5.900
G0 F4200 X117.088 Y82.598
;TYPE:SOLID-FILL
;WIDTH:0.400
G1 F900 Z5.600
G1 F1500 E656.8886
G1 F2700 X116.548 Y83.138 E656.9140
G1 X117.113 Y83.138 E656.9328
G1 X117.300 Y82.951 E656.9416
G0 F2700 X117.654 Y82.598
G0 F4200 X118.019 Y82.599
G1 F2700 X118.156 Y82.661 E656.9466
G1 X117.679 Y83.138 E656.9691
G1 X117.974 Y83.138 E656.9789
G0 F2700 X118.018 Y83.138
G0 F2700 X118.434 Y82.949
G1 F3000 E651.9789
G1 F900 Z5.900
G0 F4200 X118.014 Y82.520
;TYPE:SOLID-FILL
;WIDTH:0.400
G1 F900 Z5.600
G1 F1500 E656.9789
G1 F3000 X117.827 Y82.424 E656.9821
G1 X117.259 Y82.427 E656.9848
G1 X116.692 Y82.427 E656.9876
G1 X116.342 Y82.496 E656.9994
G1 F3000 E651.9994
G1 F900 Z5.900
G0 F4200 X107.936 Y90.381
;TYPE:WALL-INNER
;WIDTH:0.400
G1 F900 Z5.600
G1 F1500 E656.9994
G1 F2700 X107.782 Y90.287 E657.0054
G1 X107.696 Y90.158 E657.0106
G1 X107.663 Y89.977 E657.0167
G1 X107.663 Y75.760 E657.4896
G1 X107.696 Y75.579 E657.4957
G1 X107.781 Y75.451 E657.5008
G1 X107.912 Y75.364 E657.5060
G1 X107.985 Y75.341 E657.5086
G1 X108.140 Y75.341 E657.5137
G1 X108.283 Y75.402 E657.5189
G1 X108.392 Y75.509 E657.5240
G1 X108.452 Y75.656 E657.5293
G1 X108.463 Y75.762 E657.5328
G1 X108.463 Y82.319 E657.7509
G1 X110.082 Y82.319 E657.8047
G1 X111.145 Y82.805 E657.8436
G1 X111.145 Y82.933 E657.8479
G1 X110.082 Y83.419 E657.8867
G1 X108.463 Y83.419 E657.9406
G1 X108.463 Y89.975 E658.1586
G1 X108.429 Y90.159 E658.1649
G1 X108.379 Y90.234 E658.1679
G0 F2700 X108.344 Y90.287
G0 F2700 X108.214 Y90.373
G0 F2700 X108.063 Y90.403
G0 F2700 X107.936 Y90.381
G1 F3000 E653.1679
G0 F4200 X107.788 Y90.754
;TYPE:WALL-OUTER
;WIDTH:0.400
G1 F900 Z5.600
G1 F1500 E658.1679
G1 F2700 X107.616 Y90.669 E658.1742
G1 X107.497 Y90.571 E658.1794
G1 X107.398 Y90.450 E658.1846
G1 X107.325 Y90.312 E658.1898
G1 X107.279 Y90.162 E658.1950
G1 X107.263 Y89.996 E658.2005
G1 X107.263 Y75.741 E658.6747
G1 X107.279 Y75.575 E658.6802
G1 X107.325 Y75.426 E658.6854
G1 X107.398 Y75.287 E658.6906
G1 X107.497 Y75.166 E658.6958
G1 X107.619 Y75.067 E658.7010
G1 X107.757 Y74.993 E658.7062
G1 X107.906 Y74.947 E658.7114
G1 X108.063 Y74.932 E658.7167
G1 X108.219 Y74.947 E658.7219
G1 X108.368 Y74.993 E658.7271
G1 X108.506 Y75.067 E658.7323
G1 X108.628 Y75.166 E658.7375
G1 X108.727 Y75.287 E658.7427
G1 X108.800 Y75.426 E658.7479
G1 X108.846 Y75.576 E658.7531
G1 X108.863 Y75.741 E658.7587
G1 X108.863 Y81.919 E658.9641
G1 X110.169 Y81.919 E659.0076
G1 X111.566 Y82.558 E659.0587
G1 X111.704 Y82.717 E659.0657
G1 X111.734 Y82.869 E659.0708
G1 X111.679 Y83.068 E659.0777
G1 X111.566 Y83.180 E659.0830
G1 X110.169 Y83.819 E659.1341
G1 X108.863 Y83.819 E659.1775
G1 X108.863 Y89.996 E659.3830
G1 X108.846 Y90.161 E659.3885
G1 X108.800 Y90.312 E659.3937
G1 X108.727 Y90.450 E659.3989
G1 X108.628 Y90.571 E659.4041
G1 X108.506 Y90.671 E659.4094
G1 X108.368 Y90.744 E659.4146
G1 X108.280 Y90.772 E659.4176
G0 F2700 X108.219 Y90.790
G0 F2700 X108.063 Y90.805
G0 F2700 X107.906 Y90.790
G0 F2700 X107.788 Y90.754
G1 F3000 E654.4176
G0 F4200 X108.075 Y90.197
;TYPE:SOLID-FILL
;WIDTH:0.400
G1 F900 Z5.600
G1 F1500 E659.4176
G1 F3000 X108.055 Y89.933 E659.4258
G1 X108.062 Y89.361 E659.4446
G1 X108.062 Y88.795 E659.4634
G1 X108.062 Y88.230 E659.4821
G1 X108.062 Y87.664 E659.5009
G1 X108.062 Y87.098 E659.5196
G1 X108.062 Y86.533 E659.5384
G1 X108.062 Y85.967 E659.5571
G1 X108.062 Y85.401 E659.5759
G1 X108.062 Y84.836 E659.5947
G1 X108.062 Y84.270 E659.6134
G1 X108.062 Y83.704 E659.6322
G1 X108.263 Y83.220 E659.6509
G1 X108.431 Y82.770 E659.6602
G1 X107.862 Y82.773 E659.6854
G1 X108.062 Y82.007 E659.7042
G1 X108.062 Y81.441 E659.7229
G1 X108.062 Y80.876 E659.7417
G1 X108.062 Y80.310 E659.7605
G1 X108.062 Y79.744 E659.7792
G1 X108.062 Y79.179 E659.7979
G1 X108.062 Y78.613 E659.8167
G1 X108.062 Y78.047 E659.8354
G1 X108.062 Y77.482 E659.8542
G1 X108.062 Y76.916 E659.8730
G1 X108.062 Y76.350 E659.8917
G1 X108.142 Y75.704 E659.9105
G1 X107.880 Y75.684 E659.9192
G1 F3000 E654.9192
G1 F900 Z5.900
G0 F4200 X108.542 Y82.659
;TYPE:SOLID-FILL
;WIDTH:0.400
G1 F900 Z5.600
G1 F1500 E659.9192
G1 F2700 X108.603 Y82.598 E659.9221
G1 X109.168 Y82.598 E659.9409
G1 X108.627 Y83.139 E659.9663
G1 X109.193 Y83.139 E659.9851
G1 X109.381 Y82.951 E659.9940
G0 F2700 X109.734 Y82.598
G0 F4200 X109.759 Y83.139
G1 F2700 X110.008 Y82.890 E660.0057
G0 F2700 X110.212 Y82.686
G0 F2700 X110.019 Y82.599
G1 F3000 E655.0057
G1 F900 Z5.900
G0 F4200 X109.900 Y83.280
;TYPE:SOLID-FILL
;WIDTH:0.400
G1 F900 Z5.600
G1 F1500 E660.0057
G1 F3000 X109.842 Y83.338 E660.0084
G1 F3000 E655.0084
G1 F900 Z5.900
G0 F4200 X102.034 Y83.269
;TYPE:WALL-INNER
;WIDTH:0.400
G1 F900 Z5.600
G1 F1500 E660.0084
G1 F2700 X90.092 Y83.269 E660.4056
G1 X89.912 Y83.236 E660.4117
G1 X89.781 Y83.149 E660.4169
G1 X89.733 Y83.091 E660.4194
G1 X89.673 Y82.946 E660.4247
G1 X89.666 Y82.878 E660.4269
G1 X89.680 Y82.768 E660.4306
G1 X89.733 Y82.647 E660.4350
G1 X89.842 Y82.539 E660.4401
G1 X89.985 Y82.479 E660.4453
G1 X95.513 Y82.469 E660.6291
G1 X95.513 Y65.848 E661.1820
G1 X95.996 Y64.776 E661.2211
G1 X96.124 Y64.776 E661.2253
G1 X96.612 Y65.849 E661.2645
G1 X96.612 Y82.469 E661.8173
G1 X102.140 Y82.479 E662.0012
G1 X102.284 Y82.539 E662.0064
G1 X102.337 Y82.582 E662.0086
G1 X102.429 Y82.717 E662.0141
G1 X102.460 Y82.869 E662.0192
G1 X102.430 Y83.014 E662.0242
G0 F2700 X102.429 Y83.021
G0 F2700 X102.344 Y83.149
G0 F2700 X102.283 Y83.198
G0 F2700 X102.140 Y83.259
G0 F2700 X102.034 Y83.269
G1 F3000 E657.0242
G0 F4200 X102.053 Y83.669
;TYPE:WALL-OUTER
;WIDTH:0.400
G1 F900 Z5.600
G1 F1500 E662.0242
G1 F2700 X90.073 Y83.669 E662.4226
G1 X89.906 Y83.653 E662.4282
G1 X89.757 Y83.607 E662.4334
G1 X89.619 Y83.533 E662.4386
G1 X89.497 Y83.434 E662.4438
G1 X89.398 Y83.313 E662.4490
G1 X89.325 Y83.174 E662.4542
G1 X89.279 Y83.025 E662.4594
G1 X89.264 Y82.872 E662.4645
G1 X89.288 Y82.683 E662.4709
G1 X89.325 Y82.563 E662.4750
G1 X89.398 Y82.425 E662.4802
G1 X89.497 Y82.304 E662.4854
G1 X89.619 Y82.204 E662.4907
G1 X89.757 Y82.131 E662.4959
G1 X89.906 Y82.085 E662.5011
G1 X90.073 Y82.069 E662.5066
G1 X95.113 Y82.069 E662.6743
G1 X95.113 Y65.762 E663.2166
G1 X95.706 Y64.446 E663.2647
G1 X95.800 Y64.306 E663.2703
G1 X95.980 Y64.205 E663.2771
G1 X96.135 Y64.205 E663.2823
G1 X96.278 Y64.264 E663.2874
G1 X96.379 Y64.371 E663.2923
G1 X97.012 Y65.762 E663.3432
G1 X97.012 Y82.069 E663.8855
G1 X102.053 Y82.069 E664.0532
G1 X102.219 Y82.085 E664.0587
G1 X102.368 Y82.131 E664.0639
G1 X102.506 Y82.204 E664.0691
G1 X102.626 Y82.302 E664.0743
G1 X102.741 Y82.452 E664.0806
G1 X102.800 Y82.563 E664.0847
G1 X102.846 Y82.714 E664.0900
G1 X102.862 Y82.869 E664.0952
G1 X102.846 Y83.024 E664.1004
G1 X102.800 Y83.174 E664.1056
G1 X102.727 Y83.313 E664.1108
G1 X102.628 Y83.434 E664.1160
G1 X102.523 Y83.519 E664.1205
G0 F2700 X102.506 Y83.533
G0 F2700 X102.368 Y83.607
G0 F2700 X102.219 Y83.653
G0 F2700 X102.053 Y83.669
G1 F3000 E659.1205
G0 F4200 X101.626 Y83.069
;TYPE:SOLID-FILL
;WIDTH:0.400
G1 F900 Z5.600
G1 F1500 E664.1205
G1 F3000 X101.735 Y82.677 E664.1389
G1 X100.974 Y82.872 E664.1573
G1 X100.409 Y82.872 E664.1758
G1 X99.844 Y82.871 E664.1943
G1 X99.279 Y82.871 E664.2128
G1 X98.713 Y82.870 E664.2314
G1 X98.148 Y82.870 E664.2501
G1 X97.583 Y82.869 E664.2687
G1 X96.930 Y82.956 E664.2875
G1 X96.935 Y82.669 E664.2970
G1 F3000 E659.2970
G1 F900 Z5.900
G0 F4200 X96.333 Y82.988
;TYPE:SOLID-FILL
;WIDTH:0.400
G1 F900 Z5.600
G1 F1500 E664.2970
G1 F2700 X96.573 Y82.749 E664.3083
G1 X96.331 Y82.749 E664.3163
G1 X96.331 Y82.425 E664.3271
G1 X95.767 Y82.988 E664.3536
G1 X95.443 Y82.988 E664.3644
G1 X95.443 Y82.749 E664.3723
G1 X95.792 Y82.749 E664.3839
G1 X95.792 Y82.398 E664.3956
G1 X96.331 Y81.859 E664.4210
G1 X96.331 Y81.293 E664.4398
G1 X95.792 Y81.832 E664.4651
G1 X95.792 Y81.267 E664.4839
G1 X96.331 Y80.728 E664.5093
G1 X96.331 Y80.162 E664.5281
G1 X95.792 Y80.701 E664.5535
G1 X95.792 Y80.135 E664.5723
G1 X96.331 Y79.596 E664.5976
G1 X96.331 Y79.031 E664.6164
G1 X95.792 Y79.570 E664.6418
G1 X95.792 Y79.004 E664.6606
G1 X96.331 Y78.465 E664.6860
G1 X96.331 Y77.899 E664.7048
G1 X95.792 Y78.438 E664.7301
G1 X95.792 Y77.872 E664.7490
G1 X96.331 Y77.334 E664.7743
G1 X96.331 Y76.768 E664.7931
G1 X95.792 Y77.307 E664.8185
G1 X95.792 Y76.741 E664.8373
G1 X96.331 Y76.202 E664.8626
G1 X96.331 Y75.637 E664.8814
G1 X95.792 Y76.175 E664.9068
G1 X95.792 Y75.610 E664.9256
G1 X96.331 Y75.071 E664.9509
G1 X96.331 Y74.505 E664.9697
G1 X95.792 Y75.044 E664.9951
G1 X95.792 Y74.478 E665.0139
G1 X96.331 Y73.940 E665.0392
G1 X96.331 Y73.374 E665.0581
G1 X95.792 Y73.913 E665.0834
G1 X95.792 Y73.347 E665.1023
G1 X96.331 Y72.808 E665.1276
G1 X96.331 Y72.242 E665.1464
G1 X95.792 Y72.781 E665.1718
G1 X95.792 Y72.216 E665.1906
G1 X96.331 Y71.677 E665.2159
G1 X96.331 Y71.111 E665.2348
G1 X95.792 Y71.650 E665.2601
G1 X95.792 Y71.084 E665.2789
G1 X96.331 Y70.545 E665.3043
G1 X96.331 Y69.980 E665.3231
G1 X95.792 Y70.519 E665.3484
G1 X95.792 Y69.953 E665.3673
G1 X96.331 Y69.414 E665.3926
G1 X96.331 Y68.848 E665.4114
G1 X95.792 Y69.387 E665.4368
G1 X95.792 Y68.821 E665.4556
G1 X96.331 Y68.283 E665.4809
G1 X96.331 Y67.717 E665.4998
G1 X95.792 Y68.256 E665.5251
G1 X95.792 Y67.690 E665.5439
G1 X96.331 Y67.151 E665.5693
G1 X96.331 Y66.586 E665.5881
G1 X95.792 Y67.124 E665.6134
G1 X95.792 Y66.559 E665.6322
G1 X96.331 Y66.020 E665.6576
G1 X96.331 Y65.908 E665.6613
G1 X96.188 Y65.597 E665.6727
G1 X96.145 Y65.640 E665.6747
G0 F2700 X95.792 Y65.993
G0 F4200 X95.651 Y65.852
;TYPE:SOLID-FILL
;WIDTH:0.400
G1 F3000 X95.592 Y65.910 E665.6774
G1 F3000 E660.6774
G1 F900 Z5.900
G0 F4200 X96.879 Y82.725
G1 F900 Z5.600
G1 F1500 E665.6774
G1 F3000 X96.645 Y82.959 E665.6804
G1 X96.416 Y83.188 E665.6911
G1 F3000 E660.6911
G1 F900 Z5.900
G0 F4200 X95.238 Y82.669
G1 F900 Z5.600
G1 F1500 E665.6911
G1 F3000 X94.754 Y82.869 E665.7099
G1 X94.188 Y82.870 E665.7287
G1 X93.622 Y82.870 E665.7473
G1 X93.056 Y82.871 E665.7660
G1 X92.489 Y82.871 E665.7846
G1 X91.924 Y82.872 E665.8031
G1 X91.357 Y82.872 E665.8216
G1 X90.791 Y82.873 E665.8400
G1 X90.225 Y82.873 E665.8584
G1 X89.883 Y82.933 E665.8699
G1 F3000 E660.8699
G1 F900 Z5.900
G0 F4200 X92.140 Y88.259
;TYPE:WALL-INNER
;WIDTH:0.400
G1 F900 Z5.600
G1 F1500 E665.8699
G1 F2700 X92.034 Y88.269 E665.8735
G1 X80.092 Y88.269 E666.2707
G1 X79.912 Y88.236 E666.2767
G1 X79.781 Y88.149 E666.2820
G1 X79.733 Y88.091 E666.2845
G1 X79.673 Y87.946 E666.2897
G1 X79.666 Y87.878 E666.2920
G1 X79.680 Y87.768 E666.2957
G1 X79.733 Y87.647 E666.3000
G1 X79.842 Y87.539 E666.3051
G1 X79.985 Y87.479 E666.3103
G1 X85.513 Y87.469 E666.4942
G1 X85.513 Y70.848 E667.0470
G1 X85.996 Y69.776 E667.0861
G1 X86.124 Y69.776 E667.0904
G1 X86.612 Y70.849 E667.1296
G1 X86.612 Y87.469 E667.6823
G1 X92.140 Y87.479 E667.8662
G1 X92.284 Y87.539 E667.8714
G1 X92.337 Y87.582 E667.8737
G1 X92.429 Y87.717 E667.8791
G1 X92.460 Y87.869 E667.8843
G1 X92.451 Y87.910 E667.8857
G0 F2700 X92.429 Y88.021
G0 F2700 X92.344 Y88.149
G0 F2700 X92.283 Y88.198
G0 F2700 X92.140 Y88.259
G1 F3000 E662.8857
G0 F4200 X92.219 Y88.653
;TYPE:WALL-OUTER
;WIDTH:0.400
G1 F900 Z5.600
G1 F1500 E667.8857
G1 F2700 X92.053 Y88.669 E667.8912
G1 X80.073 Y88.669 E668.2897
G1 X79.906 Y88.653 E668.2952
G1 X79.757 Y88.607 E668.3004
G1 X79.619 Y88.533 E668.3056
G1 X79.497 Y88.434 E668.3109
G1 X79.398 Y88.313 E668.3161
G1 X79.325 Y88.174 E668.3213
G1 X79.279 Y88.025 E668.3265
G1 X79.264 Y87.872 E668.3316
G1 X79.288 Y87.683 E668.3379
G1 X79.325 Y87.563 E668.3421
G1 X79.398 Y87.425 E668.3473
G1 X79.497 Y87.304 E668.3525
G1 X79.619 Y87.204 E668.3577
G1 X79.757 Y87.131 E668.3629
G1 X79.906 Y87.085 E668.3681
G1 X80.073 Y87.069 E668.3737
G1 X85.113 Y87.069 E668.5413
G1 X85.113 Y70.762 E669.0837
G1 X85.706 Y69.446 E669.1317
G1 X85.806 Y69.298 E669.1376
G1 X85.847 Y69.264 E669.1394
G1 X85.990 Y69.205 E669.1446
G1 X86.135 Y69.205 E669.1494
G1 X86.278 Y69.264 E669.1545
G1 X86.379 Y69.371 E669.1594
G1 X87.012 Y70.762 E669.2102
G1 X87.012 Y87.069 E669.7526
G1 X92.053 Y87.069 E669.9203
G1 X92.219 Y87.085 E669.9258
G1 X92.368 Y87.131 E669.9310
G1 X92.506 Y87.204 E669.9362
G1 X92.626 Y87.302 E669.9414
G1 X92.741 Y87.452 E669.9477
G1 X92.800 Y87.563 E669.9518
G1 X92.846 Y87.714 E669.9571
G1 X92.862 Y87.869 E669.9623
G1 X92.846 Y88.024 E669.9674
G1 X92.800 Y88.174 E669.9727
G1 X92.727 Y88.313 E669.9779
G1 X92.648 Y88.410 E669.9820
G0 F2700 X92.628 Y88.434
G0 F2700 X92.506 Y88.533
G0 F2700 X92.368 Y88.607
G0 F2700 X92.219 Y88.653
G1 F3000 E664.9820
G0 F4200 X92.121 Y88.049
;TYPE:SOLID-FILL
;WIDTH:0.400
G1 F900 Z5.600
G1 F1500 E669.9820
G1 F3000 X92.084 Y87.803 E669.9877
G1 X91.448 Y87.872 E670.0060
G1 X90.883 Y87.872 E670.0244
G1 X90.318 Y87.871 E670.0428
G1 X89.753 Y87.871 E670.0612
G1 X89.188 Y87.870 E670.0797
G1 X88.622 Y87.870 E670.0983
G1 X88.057 Y87.869 E670.1169
G1 X87.492 Y87.868 E670.1355
G1 X86.885 Y87.910 E670.1543
G1 X86.844 Y87.669 E670.1624
G0 F4200 X86.483 Y87.747
;TYPE:SOLID-FILL
;WIDTH:0.400
G1 F2700 X86.242 Y87.988 E670.1738
G1 X85.677 Y87.988 E670.1926
G1 X86.331 Y87.334 E670.2233
G1 X86.331 Y86.768 E670.2422
G1 X85.792 Y87.307 E670.2675
G1 X85.792 Y86.741 E670.2863
G1 X86.331 Y86.202 E670.3117
G1 X86.331 Y85.636 E670.3305
G1 X85.792 Y86.175 E670.3559
G1 X85.792 Y85.610 E670.3747
G1 X86.331 Y85.071 E670.4000
G1 X86.331 Y84.505 E670.4188
G1 X85.792 Y85.044 E670.4442
G1 X85.792 Y84.478 E670.4630
G1 X86.331 Y83.939 E670.4884
G1 X86.331 Y83.374 E670.5072
G1 X85.792 Y83.913 E670.5325
G1 X85.792 Y83.347 E670.5513
G1 X86.331 Y82.808 E670.5767
G1 X86.331 Y82.242 E670.5955
G1 X85.792 Y82.781 E670.6209
G1 X85.792 Y82.216 E670.6397
G1 X86.331 Y81.677 E670.6650
G1 X86.331 Y81.111 E670.6838
G1 X85.792 Y81.650 E670.7092
G1 X85.792 Y81.084 E670.7280
G1 X86.331 Y80.545 E670.7534
G1 X86.331 Y79.980 E670.7722
G1 X85.792 Y80.518 E670.7975
G1 X85.792 Y79.953 E670.8163
G1 X86.331 Y79.414 E670.8416
G1 X86.331 Y78.848 E670.8605
G1 X85.792 Y79.387 E670.8858
G1 X85.792 Y78.821 E670.9046
G1 X86.331 Y78.283 E670.9300
G1 X86.331 Y77.717 E670.9488
G1 X85.792 Y78.256 E670.9742
G1 X85.792 Y77.690 E670.9930
G1 X86.331 Y77.151 E671.0183
G1 X86.331 Y76.586 E671.0371
G1 X85.792 Y77.124 E671.0625
G1 X85.792 Y76.559 E671.0812
G1 X86.331 Y76.020 E671.1066
G1 X86.331 Y75.454 E671.1254
G1 X85.792 Y75.993 E671.1508
G1 X85.792 Y75.427 E671.1696
G1 X86.331 Y74.888 E671.1950
G1 X86.331 Y74.323 E671.2137
G1 X85.792 Y74.862 E671.2391
G1 X85.792 Y74.296 E671.2579
G1 X86.331 Y73.757 E671.2833
G1 X86.331 Y73.191 E671.3021
G1 X85.792 Y73.730 E671.3275
G1 X85.792 Y73.165 E671.3462
G1 X86.331 Y72.626 E671.3716
G1 X86.331 Y72.060 E671.3904
G1 X85.792 Y72.599 E671.4158
G1 X85.792 Y72.033 E671.4346
G1 X86.331 Y71.494 E671.4600
G1 X86.331 Y70.929 E671.4787
G1 X85.792 Y71.467 E671.5041
G1 X85.791 Y70.907 E671.5227
G1 X85.795 Y70.899 E671.5230
G1 X85.807 Y70.887 E671.5236
G0 F2700 X86.160 Y70.534
G1 F3000 E666.5236
G1 F900 Z5.900
G0 F4200 X86.880 Y87.633
;TYPE:SOLID-FILL
;WIDTH:0.400
G1 F900 Z5.600
G1 F1500 E671.5236
G1 F3000 X86.625 Y87.888 E671.5356
G0 F4200 X85.433 Y87.949
G1 F3000 X85.195 Y87.903 E671.5444
G1 X84.664 Y87.868 E671.5632
G1 X84.098 Y87.869 E671.5819
G1 X83.532 Y87.870 E671.6005
G1 X82.966 Y87.870 E671.6191
G1 X82.400 Y87.870 E671.6377
G1 X81.833 Y87.871 E671.6562
G1 X81.267 Y87.871 E671.6747
G1 X80.702 Y87.872 E671.6931
G1 X80.046 Y87.961 E671.7115
G1 X80.048 Y87.676 E671.7210
;LAYER:28
;Z:5.800
;HEIGHT:0.200
G1 F3000 E666.7210
G0 F900 Z5.800
G0 F4200 X92.140 Y88.259
;TYPE:WALL-INNER
;WIDTH:0.400
G1 F900 Z5.800
G1 F1500 E671.7210
G1 F2700 X92.034 Y88.269 E671.7245
G1 X80.092 Y88.269 E672.1217
G1 X79.912 Y88.236 E672.1278
G1 X79.781 Y88.149 E672.1330
G1 X79.733 Y88.091 E672.1355
G1 X79.673 Y87.946 E672.1407
G1 X79.666 Y87.876 E672.1431
G1 X79.679 Y87.772 E672.1466
G1 X79.733 Y87.647 E672.1511
G1 X79.842 Y87.539 E672.1562
G1 X79.985 Y87.479 E672.1614
G1 X85.513 Y87.469 E672.3452
G1 X85.513 Y70.848 E672.8980
G1 X85.996 Y69.777 E672.9371
G1 X86.123 Y69.777 E672.9413
G1 X86.612 Y70.849 E672.9805
G1 X86.612 Y87.469 E673.5333
G1 X92.140 Y87.479 E673.7172
G1 X92.283 Y87.539 E673.7223
G1 X92.344 Y87.588 E673.7249
G1 X92.429 Y87.716 E673.7300
G1 X92.460 Y87.869 E673.7352
G1 X92.451 Y87.910 E673.7366
G0 F2700 X92.429 Y88.021
G0 F2700 X92.344 Y88.149
G0 F2700 X92.283 Y88.198
G0 F2700 X92.140 Y88.259
G1 F3000 E668.7366
G0 F4200 X92.219 Y88.653
;TYPE:WALL-OUTER
;WIDTH:0.400
G1 F900 Z5.800
G1 F1500 E673.7366
G1 F2700 X92.053 Y88.669 E673.7422
G1 X80.073 Y88.669 E674.1406
G1 X79.906 Y88.653 E674.1462
G1 X79.757 Y88.607 E674.1514
G1 X79.619 Y88.533 E674.1566
G1 X79.497 Y88.434 E674.1618
G1 X79.398 Y88.313 E674.1670
G1 X79.325 Y88.174 E674.1723
G1 X79.279 Y88.025 E674.1774
G1 X79.264 Y87.871 E674.1826
G1 X79.286 Y87.688 E674.1887
G1 X79.325 Y87.563 E674.1931
G1 X79.398 Y87.425 E674.1983
G1 X79.497 Y87.304 E674.2035
G1 X79.619 Y87.204 E674.2087
G1 X79.757 Y87.131 E674.2139
G1 X79.906 Y87.085 E674.2191
G1 X80.073 Y87.069 E674.2247
G1 X85.113 Y87.069 E674.3923
G1 X85.113 Y70.762 E674.9347
G1 X85.706 Y69.446 E674.9827
G1 X85.806 Y69.298 E674.9886
G1 X85.847 Y69.264 E674.9904
G1 X85.990 Y69.205 E674.9955
G1 X86.135 Y69.205 E675.0004
G1 X86.278 Y69.264 E675.0055
G1 X86.377 Y69.369 E675.0103
G1 X87.012 Y70.762 E675.0612
G1 X87.012 Y87.069 E675.6036
G1 X92.053 Y87.069 E675.7713
G1 X92.219 Y87.085 E675.7768
G1 X92.368 Y87.131 E675.7820
G1 X92.506 Y87.204 E675.7872
G1 X92.628 Y87.304 E675.7924
G1 X92.727 Y87.425 E675.7976
G1 X92.800 Y87.563 E675.8028
G1 X92.846 Y87.714 E675.8081
G1 X92.862 Y87.869 E675.8133
G1 X92.846 Y88.024 E675.8184
G1 X92.800 Y88.174 E675.8237
G1 X92.727 Y88.313 E675.8289
G1 X92.648 Y88.410 E675.8330
G0 F2700 X92.628 Y88.434
G0 F2700 X92.506 Y88.533
G0 F2700 X92.368 Y88.607
G0 F2700 X92.219 Y88.653
G1 F3000 E670.8330
G0 F4200 X92.218 Y87.975
;TYPE:SOLID-FILL
;WIDTH:0.400
G1 F900 Z5.800
G1 F1500 E675.8330
G1 F3000 X91.832 Y87.873 E675.8470
G1 X91.267 Y87.873 E675.8653
G1 X90.700 Y87.872 E675.8837
G1 X90.134 Y87.872 E675.9021
G1 X89.568 Y87.871 E675.9205
G1 X89.002 Y87.871 E675.9390
G1 X88.435 Y87.870 E675.9576
G1 X87.869 Y87.870 E675.9762
G1 X87.303 Y87.869 E675.9948
G1 X86.821 Y87.669 E676.0122
G0 F4200 X86.617 Y87.748
;TYPE:SOLID-FILL
;WIDTH:0.400
G1 F2700 X86.681 Y87.812 E676.0152
G1 X86.681 Y87.988 E676.0211
G1 X86.291 Y87.988 E676.0340
G1 X85.791 Y87.488 E676.0576
G1 X85.792 Y87.748 E676.0662
G1 X85.646 Y87.748 E676.0711
G0 F2700 X85.485 Y87.748
G0 F2700 X85.725 Y87.988
G1 F3000 E671.0711
G1 F900 Z6.100
G0 F4200 X86.332 Y87.463
G1 F900 Z5.800
G1 F1500 E676.0711
G1 F2700 X85.791 Y86.923 E676.0965
G1 X85.791 Y86.357 E676.1153
G1 X86.332 Y86.897 E676.1407
G1 X86.332 Y86.332 E676.1595
G1 X85.791 Y85.791 E676.1850
G1 X85.791 Y85.226 E676.2038
G1 X86.332 Y85.766 E676.2292
G1 X86.332 Y85.200 E676.2480
G1 X85.791 Y84.660 E676.2734
G1 X85.791 Y84.094 E676.2923
G1 X86.332 Y84.635 E676.3177
G1 X86.332 Y84.069 E676.3365
G1 X85.791 Y83.529 E676.3620
G1 X85.791 Y82.963 E676.3808
G1 X86.332 Y83.503 E676.4062
G1 X86.332 Y82.937 E676.4250
G1 X85.791 Y82.397 E676.4505
G1 X85.791 Y81.832 E676.4692
G1 X86.332 Y82.372 E676.4947
G1 X86.332 Y81.806 E676.5135
G1 X85.791 Y81.266 E676.5389
G1 X85.791 Y80.700 E676.5577
G1 X86.332 Y81.240 E676.5832
G1 X86.332 Y80.675 E676.6020
G1 X85.791 Y80.134 E676.6274
G1 X85.791 Y79.569 E676.6462
G1 X86.332 Y80.109 E676.6716
G1 X86.332 Y79.543 E676.6905
G1 X85.791 Y79.003 E676.7159
G1 X85.791 Y78.437 E676.7347
G1 X86.332 Y78.978 E676.7601
G1 X86.332 Y78.412 E676.7790
G1 X85.791 Y77.872 E676.8044
G1 X85.791 Y77.306 E676.8232
G1 X86.332 Y77.846 E676.8486
G1 X86.332 Y77.281 E676.8674
G1 X85.791 Y76.740 E676.8929
G1 X85.791 Y76.175 E676.9117
G1 X86.332 Y76.715 E676.9371
G1 X86.332 Y76.149 E676.9559
G1 X85.791 Y75.609 E676.9813
G1 X85.791 Y75.043 E677.0002
G1 X86.332 Y75.584 E677.0256
G1 X86.332 Y75.018 E677.0444
G1 X85.791 Y74.478 E677.0699
G1 X85.791 Y73.912 E677.0887
G1 X86.332 Y74.452 E677.1141
G1 X86.332 Y73.887 E677.1329
G1 X85.791 Y73.346 E677.1584
G1 X85.791 Y72.781 E677.1771
G1 X86.332 Y73.321 E677.2026
G1 X86.332 Y72.755 E677.2214
G1 X85.791 Y72.215 E677.2468
G1 X85.791 Y71.649 E677.2656
G1 X86.332 Y72.189 E677.2911
G1 X86.332 Y71.624 E677.3099
G1 X85.791 Y71.084 E677.3353
G1 X85.791 Y70.907 E677.3412
G1 X85.912 Y70.639 E677.3510
G1 X85.978 Y70.705 E677.3541
G0 F2700 X86.332 Y71.058
G0 F4200 X86.472 Y70.915
;TYPE:SOLID-FILL
;WIDTH:0.400
G1 F3000 X86.531 Y70.975 E677.3569
G1 F3000 E672.3569
G1 F900 Z6.100
G0 F4200 X86.472 Y87.320
G1 F900 Z5.800
G1 F1500 E677.3569
G1 F3000 X86.615 Y87.464 E677.3597
G1 X86.757 Y87.606 E677.3663
G1 F3000 E672.3663
G1 F900 Z6.100
G0 F4200 X85.642 Y88.188
G1 F900 Z5.800
G1 F1500 E677.3663
G1 F3000 X85.473 Y88.018 E677.3691
G1 X85.040 Y87.868 E677.3804
G1 X84.475 Y87.869 E677.3991
G1 X83.910 Y87.870 E677.4177
G1 X83.344 Y87.870 E677.4362
G1 X82.779 Y87.870 E677.4548
G1 X82.214 Y87.871 E677.4733
G1 X81.648 Y87.871 E677.4917
G1 X81.083 Y87.872 E677.5101
G1 X80.518 Y87.872 E677.5285
G1 X80.040 Y87.677 E677.5457
G1 F3000 E672.5457
G1 F900 Z6.100
G0 F4200 X102.034 Y83.269
;TYPE:WALL-INNER
;WIDTH:0.400
G1 F900 Z5.800
G1 F1500 E677.5457
G1 F2700 X90.092 Y83.269 E677.9429
G1 X89.912 Y83.236 E677.9490
G1 X89.781 Y83.149 E677.9542
G1 X89.733 Y83.091 E677.9567
G1 X89.673 Y82.946 E677.9619
G1 X89.666 Y82.876 E677.9642
G1 X89.679 Y82.772 E677.9677
G1 X89.733 Y82.647 E677.9723
G1 X89.842 Y82.539 E677.9774
G1 X89.985 Y82.479 E677.9825
G1 X95.513 Y82.469 E678.1664
G1 X95.513 Y65.848 E678.7192
G1 X95.996 Y64.777 E678.7583
G1 X96.123 Y64.777 E678.7625
G1 X96.612 Y65.849 E678.8017
G1 X96.612 Y82.469 E679.3545
G1 X102.140 Y82.479 E679.5383
G1 X102.283 Y82.539 E679.5435
G1 X102.344 Y82.588 E679.5461
G1 X102.429 Y82.716 E679.5512
G1 X102.460 Y82.869 E679.5564
G1 X102.430 Y83.014 E679.5613
G0 F2700 X102.429 Y83.021
G0 F2700 X102.344 Y83.149
G0 F2700 X102.283 Y83.198
G0 F2700 X102.140 Y83.259
G0 F2700 X102.034 Y83.269
G1 F3000 E674.5613
G0 F4200 X102.053 Y83.669
;TYPE:WALL-OUTER
;WIDTH:0.400
G1 F900 Z5.800
G1 F1500 E679.5613
G1 F2700 X90.073 Y83.669 E679.9598
G1 X89.906 Y83.653 E679.9654
G1 X89.757 Y83.607 E679.9705
G1 X89.619 Y83.533 E679.9758
G1 X89.497 Y83.434 E679.9810
G1 X89.398 Y83.313 E679.9862
G1 X89.325 Y83.174 E679.9914
G1 X89.279 Y83.025 E679.9966
G1 X89.264 Y82.871 E680.0017
G1 X89.286 Y82.688 E680.0079
G1 X89.325 Y82.563 E680.0122
G1 X89.398 Y82.425 E680.0174
G1 X89.497 Y82.304 E680.0226
G1 X89.619 Y82.204 E680.0279
G1 X89.757 Y82.131 E680.0331
G1 X89.906 Y82.085 E680.0382
G1 X90.073 Y82.069 E680.0438
G1 X95.113 Y82.069 E680.2115
G1 X95.113 Y65.762 E680.7538
G1 X95.706 Y64.446 E680.8018
G1 X95.800 Y64.306 E680.8074
G1 X95.980 Y64.205 E680.8143
G1 X96.135 Y64.205 E680.8195
G1 X96.278 Y64.264 E680.8246
G1 X96.377 Y64.369 E680.8294
G1 X97.012 Y65.762 E680.8803
G1 X97.012 Y82.069 E681.4227
G1 X102.053 Y82.069 E681.5904
G1 X102.219 Y82.085 E681.5959
G1 X102.368 Y82.131 E681.6011
G1 X102.506 Y82.204 E681.6063
G1 X102.628 Y82.304 E681.6115
G1 X102.727 Y82.425 E681.6167
G1 X102.800 Y82.563 E681.6219
G1 X102.846 Y82.714 E681.6272
G1 X102.862 Y82.869 E681.6324
G1 X102.846 Y83.024 E681.6375
G1 X102.800 Y83.174 E681.6428
G1 X102.727 Y83.313 E681.6480
G1 X102.628 Y83.434 E681.6532
G1 X102.523 Y83.519 E681.6577
G0 F2700 X102.506 Y83.533
G0 F2700 X102.368 Y83.607
G0 F2700 X102.219 Y83.653
G0 F2700 X102.053 Y83.669
G1 F3000 E676.6577
G0 F4200 X102.019 Y83.068
;TYPE:SOLID-FILL
;WIDTH:0.400
G1 F900 Z5.800
G1 F1500 E681.6577
G1 F3000 X101.540 Y82.873 E681.6760
G1 X100.974 Y82.872 E681.6944
G1 X100.409 Y82.872 E681.7127
G1 X99.842 Y82.871 E681.7311
G1 X99.276 Y82.871 E681.7496
G1 X98.710 Y82.870 E681.7682
G1 X98.144 Y82.870 E681.7868
G1 X97.577 Y82.870 E681.8054
G1 X96.927 Y82.785 E681.8241
G1 X96.928 Y83.068 E681.8335
G1 F3000 E676.8335
G1 F900 Z6.100
G0 F4200 X95.759 Y82.749
;TYPE:SOLID-FILL
;WIDTH:0.400
G1 F900 Z5.800
G1 F1500 E681.8335
G1 F2700 X95.999 Y82.988 E681.8448
G1 X96.565 Y82.988 E681.8636
G1 X95.792 Y82.216 E681.8999
G1 X95.792 Y81.650 E681.9188
G1 X96.331 Y82.189 E681.9441
G1 X96.331 Y81.623 E681.9629
G1 X95.792 Y81.084 E681.9883
G1 X95.792 Y80.518 E682.0071
G1 X96.331 Y81.057 E682.0325
G1 X96.331 Y80.492 E682.0513
G1 X95.792 Y79.953 E682.0766
G1 X95.792 Y79.387 E682.0954
G1 X96.331 Y79.926 E682.1208
G1 X96.331 Y79.360 E682.1396
G1 X95.792 Y78.821 E682.1650
G1 X95.792 Y78.256 E682.1838
G1 X96.331 Y78.795 E682.2091
G1 X96.331 Y78.229 E682.2279
G1 X95.792 Y77.690 E682.2533
G1 X95.792 Y77.124 E682.2721
G1 X96.331 Y77.663 E682.2975
G1 X96.331 Y77.097 E682.3163
G1 X95.792 Y76.559 E682.3416
G1 X95.792 Y75.993 E682.3605
G1 X96.331 Y76.532 E682.3858
G1 X96.331 Y75.966 E682.4046
G1 X95.792 Y75.427 E682.4300
G1 X95.792 Y74.862 E682.4488
G1 X96.331 Y75.400 E682.4741
G1 X96.331 Y74.835 E682.4929
G1 X95.792 Y74.296 E682.5182
G1 X95.792 Y73.730 E682.5371
G1 X96.331 Y74.269 E682.5624
G1 X96.331 Y73.703 E682.5813
G1 X95.792 Y73.165 E682.6066
G1 X95.792 Y72.599 E682.6254
G1 X96.331 Y73.138 E682.6508
G1 X96.331 Y72.572 E682.6696
G1 X95.792 Y72.033 E682.6949
G1 X95.792 Y71.467 E682.7138
G1 X96.331 Y72.006 E682.7391
G1 X96.331 Y71.441 E682.7579
G1 X95.792 Y70.902 E682.7833
G1 X95.792 Y70.336 E682.8021
G1 X96.331 Y70.875 E682.8274
G1 X96.331 Y70.309 E682.8463
G1 X95.792 Y69.770 E682.8716
G1 X95.792 Y69.205 E682.8904
G1 X96.331 Y69.744 E682.9158
G1 X96.331 Y69.178 E682.9346
G1 X95.792 Y68.639 E682.9599
G1 X95.792 Y68.073 E682.9788
G1 X96.331 Y68.612 E683.0041
G1 X96.331 Y68.047 E683.0229
G1 X95.792 Y67.508 E683.0483
G1 X95.792 Y66.942 E683.0671
G1 X96.331 Y67.481 E683.0924
G1 X96.331 Y66.915 E683.1113
G1 X95.792 Y66.376 E683.1366
G1 X95.792 Y65.907 E683.1522
G1 X95.822 Y65.840 E683.1547
G1 X96.331 Y66.349 E683.1786
G1 X96.331 Y65.910 E683.1932
G1 X96.319 Y65.885 E683.1941
G0 F2700 X96.226 Y65.679
G0 F2700 X96.032 Y65.485
G1 F3000 E678.1941
G1 F900 Z6.100
G0 F4200 X95.276 Y82.549
;TYPE:SOLID-FILL
;WIDTH:0.400
G1 F900 Z5.800
G1 F1500 E683.1941
G1 F3000 X95.484 Y83.038 E683.2101
G1 X95.243 Y83.080 E683.2183
G1 F3000 E678.2183
G1 F900 Z6.100
G0 F4200 X96.807 Y82.948
G1 F900 Z5.800
G1 F1500 E683.2183
G1 F3000 X96.880 Y83.021 E683.2217
G1 F3000 E678.2217
G1 F900 Z6.100
G0 F4200 X95.231 Y83.068
G1 F900 Z5.800
G1 F1500 E683.2217
G1 F3000 X94.749 Y82.869 E683.2404
G1 X94.183 Y82.870 E683.2590
G1 X93.618 Y82.870 E683.2775
G1 X93.053 Y82.871 E683.2960
G1 X92.488 Y82.871 E683.3145
G1 X91.923 Y82.872 E683.3330
G1 X91.358 Y82.872 E683.3513
G1 X90.792 Y82.872 E683.3696
G1 X90.227 Y82.873 E683.3879
G1 X89.879 Y82.808 E683.3997
G1 F3000 E678.3997
G1 F900 Z6.100
G0 F4200 X107.931 Y90.380
;TYPE:WALL-INNER
;WIDTH:0.400
G1 F900 Z5.800
G1 F1500 E683.3997
G1 F2700 X107.781 Y90.287 E683.4056
G1 X107.696 Y90.158 E683.4107
G1 X107.663 Y89.977 E683.4168
G1 X107.665 Y75.733 E683.8906
G1 X107.696 Y75.579 E683.8958
G1 X107.781 Y75.451 E683.9009
G1 X107.912 Y75.364 E683.9061
G1 X107.985 Y75.341 E683.9087
G1 X108.140 Y75.341 E683.9138
G1 X108.283 Y75.402 E683.9190
G1 X108.392 Y75.509 E683.9241
G1 X108.452 Y75.656 E683.9294
G1 X108.463 Y75.762 E683.9329
G1 X108.463 Y82.319 E684.1510
G1 X110.082 Y82.319 E684.2049
G1 X111.145 Y82.805 E684.2437
G1 X111.145 Y82.933 E684.2480
G1 X110.082 Y83.419 E684.2869
G1 X108.463 Y83.419 E684.3407
G1 X108.463 Y89.968 E684.5585
G1 X108.429 Y90.158 E684.5650
G1 X108.376 Y90.238 E684.5681
G0 F2700 X108.344 Y90.287
G0 F2700 X108.214 Y90.373
G0 F2700 X108.063 Y90.403
G0 F2700 X107.931 Y90.380
G1 F3000 E679.5681
G0 F4200 X107.782 Y90.753
;TYPE:WALL-OUTER
;WIDTH:0.400
G1 F900 Z5.800
G1 F1500 E684.5681
G1 F2700 X107.617 Y90.669 E684.5743
G1 X107.497 Y90.571 E684.5795
G1 X107.398 Y90.450 E684.5847
G1 X107.325 Y90.312 E684.5898
G1 X107.279 Y90.162 E684.5951
G1 X107.263 Y89.996 E684.6006
G1 X107.265 Y75.712 E685.0757
G1 X107.279 Y75.576 E685.0802
G1 X107.325 Y75.426 E685.0855
G1 X107.398 Y75.287 E685.0907
G1 X107.497 Y75.166 E685.0959
G1 X107.619 Y75.067 E685.1011
G1 X107.757 Y74.993 E685.1063
G1 X107.906 Y74.947 E685.1115
G1 X108.063 Y74.932 E685.1168
G1 X108.219 Y74.947 E685.1220
G1 X108.368 Y74.993 E685.1272
G1 X108.506 Y75.067 E685.1324
G1 X108.628 Y75.166 E685.1376
G1 X108.727 Y75.287 E685.1428
G1 X108.800 Y75.426 E685.1480
G1 X108.846 Y75.576 E685.1532
G1 X108.863 Y75.741 E685.1587
G1 X108.863 Y81.919 E685.3642
G1 X110.169 Y81.919 E685.4077
G1 X111.566 Y82.558 E685.4588
G1 X111.678 Y82.669 E685.4640
G1 X111.708 Y82.725 E685.4661
G1 X111.735 Y82.873 E685.4711
G1 X111.679 Y83.068 E685.4779
G1 X111.566 Y83.180 E685.4832
G1 X110.169 Y83.819 E685.5343
G1 X108.863 Y83.819 E685.5777
G1 X108.863 Y89.993 E685.7830
G1 X108.839 Y90.187 E685.7895
G1 X108.800 Y90.312 E685.7939
G1 X108.727 Y90.450 E685.7991
G1 X108.628 Y90.571 E685.8043
G1 X108.506 Y90.671 E685.8095
G1 X108.368 Y90.744 E685.8147
G1 X108.274 Y90.773 E685.8180
G0 F2700 X108.219 Y90.790
G0 F2700 X108.063 Y90.805
G0 F2700 X107.906 Y90.790
G0 F2700 X107.782 Y90.753
G1 F3000 E680.8180
G0 F4200 X108.010 Y90.191
;TYPE:SOLID-FILL
;WIDTH:0.400
G1 F900 Z5.800
G1 F1500 E685.8180
G1 F3000 X108.071 Y89.969 E685.8240
G1 X108.062 Y89.394 E685.8428
G1 X108.062 Y88.828 E685.8616
G1 X108.062 Y88.262 E685.8804
G1 X108.062 Y87.697 E685.8992
G1 X108.062 Y87.131 E685.9180
G1 X108.062 Y86.565 E685.9368
G1 X108.062 Y86.000 E685.9556
G1 X108.062 Y85.434 E685.9744
G1 X108.062 Y84.869 E685.9932
G1 X108.062 Y84.303 E686.0120
G1 X108.062 Y83.737 E686.0307
G1 X108.126 Y83.236 E686.0494
G1 X107.862 Y82.689 E686.0696
G0 F4200 X107.862 Y82.124
G1 F3000 X108.462 Y82.723 E686.0978
G1 F3000 E681.0978
G1 F900 Z6.100
G0 F4200 X108.262 Y81.957
G1 F900 Z5.800
G1 F1500 E686.0978
G1 F3000 X108.062 Y81.475 E686.1166
G1 X108.062 Y80.909 E686.1354
G1 X108.062 Y80.343 E686.1541
G1 X108.062 Y79.778 E686.1728
G1 X108.062 Y79.212 E686.1916
G1 X108.062 Y78.646 E686.2103
G1 X108.062 Y78.081 E686.2290
G1 X108.062 Y77.515 E686.2478
G1 X108.062 Y76.949 E686.2665
G1 X108.062 Y76.384 E686.2852
G1 X107.965 Y75.721 E686.3040
G1 X108.258 Y75.731 E686.3137
G1 F3000 E681.3137
G1 F900 Z6.100
G0 F4200 X109.752 Y82.599
;TYPE:SOLID-FILL
;WIDTH:0.400
G1 F900 Z5.800
G1 F1500 E686.3137
G1 F2700 X110.206 Y83.053 E686.3351
G1 X110.019 Y83.139 E686.3419
G1 X109.726 Y83.138 E686.3517
G1 X109.186 Y82.599 E686.3770
G1 X108.620 Y82.599 E686.3959
G1 X109.160 Y83.138 E686.4212
G1 X109.094 Y83.138 E686.4234
G0 F2700 X108.594 Y83.138
G0 F4200 X108.511 Y83.338
;TYPE:SOLID-FILL
;WIDTH:0.400
G1 F3000 X108.342 Y83.169 E686.4314
G1 F3000 E681.4314
G1 F900 Z6.100
G0 F4200 X109.834 Y82.399
G1 F900 Z5.800
G1 F1500 E686.4314
G1 F3000 X109.892 Y82.457 E686.4341
G1 F3000 E681.4341
G1 F900 Z6.100
G0 F4200 X115.931 Y90.380
;TYPE:WALL-INNER
;WIDTH:0.400
G1 F900 Z5.800
G1 F1500 E686.4341
G1 F2700 X115.781 Y90.287 E686.4400
G1 X115.696 Y90.158 E686.4451
G1 X115.663 Y89.977 E686.4512
G1 X115.665 Y75.733 E686.9250
G1 X115.696 Y75.579 E686.9302
G1 X115.781 Y75.451 E686.9353
G1 X115.912 Y75.364 E686.9406
G1 X115.985 Y75.341 E686.9431
G1 X116.140 Y75.341 E686.9483
G1 X116.283 Y75.402 E686.9534
G1 X116.392 Y75.509 E686.9585
G1 X116.452 Y75.656 E686.9638
G1 X116.463 Y75.762 E686.9673
G1 X116.463 Y82.319 E687.1854
G1 X118.082 Y82.319 E687.2393
G1 X119.145 Y82.805 E687.2782
G1 X119.145 Y82.933 E687.2824
G1 X118.082 Y83.419 E687.3213
G1 X116.463 Y83.419 E687.3751
G1 X116.463 Y89.968 E687.5930
G1 X116.429 Y90.158 E687.5994
G1 X116.376 Y90.238 E687.6026
G0 F2700 X116.344 Y90.287
G0 F2700 X116.214 Y90.373
G0 F2700 X116.063 Y90.403
G0 F2700 X115.931 Y90.380
G1 F3000 E682.6026
G0 F4200 X115.782 Y90.753
;TYPE:WALL-OUTER
;WIDTH:0.400
G1 F900 Z5.800
G1 F1500 E687.6026
G1 F2700 X115.617 Y90.669 E687.6087
G1 X115.497 Y90.571 E687.6139
G1 X115.398 Y90.450 E687.6191
G1 X115.325 Y90.312 E687.6243
G1 X115.279 Y90.162 E687.6295
G1 X115.263 Y89.996 E687.6350
G1 X115.265 Y75.712 E688.1101
G1 X115.279 Y75.576 E688.1147
G1 X115.325 Y75.426 E688.1199
G1 X115.398 Y75.287 E688.1251
G1 X115.497 Y75.166 E688.1303
G1 X115.619 Y75.067 E688.1355
G1 X115.757 Y74.993 E688.1407
G1 X115.906 Y74.947 E688.1459
G1 X116.063 Y74.932 E688.1512
G1 X116.219 Y74.947 E688.1564
G1 X116.368 Y74.993 E688.1616
G1 X116.506 Y75.067 E688.1668
G1 X116.628 Y75.166 E688.1720
G1 X116.727 Y75.287 E688.1772
G1 X116.800 Y75.426 E688.1824
G1 X116.846 Y75.576 E688.1877
G1 X116.863 Y75.741 E688.1932
G1 X116.863 Y81.919 E688.3986
G1 X118.169 Y81.919 E688.4421
G1 X119.566 Y82.558 E688.4932
G1 X119.678 Y82.669 E688.4984
G1 X119.708 Y82.725 E688.5005
G1 X119.735 Y82.873 E688.5055
G1 X119.679 Y83.068 E688.5123
G1 X119.566 Y83.180 E688.5176
G1 X118.169 Y83.819 E688.5687
G1 X116.863 Y83.819 E688.6121
G1 X116.863 Y89.993 E688.8175
G1 X116.839 Y90.187 E688.8240
G1 X116.800 Y90.312 E688.8283
G1 X116.727 Y90.450 E688.8335
G1 X116.628 Y90.571 E688.8387
G1 X116.506 Y90.671 E688.8440
G1 X116.368 Y90.744 E688.8492
G1 X116.274 Y90.773 E688.8524
G0 F2700 X116.219 Y90.790
G0 F2700 X116.063 Y90.805
G0 F2700 X115.906 Y90.790
G0 F2700 X115.782 Y90.753
G1 F3000 E683.8524
G0 F4200 X116.261 Y89.957
;TYPE:SOLID-FILL
;WIDTH:0.400
G1 F900 Z5.800
G1 F1500 E688.8524
G1 F3000 X116.062 Y89.474 E688.8712
G1 X116.062 Y88.909 E688.8900
G1 X116.062 Y88.343 E688.9088
G1 X116.062 Y87.777 E688.9276
G1 X116.062 Y87.212 E688.9464
G1 X116.062 Y86.646 E688.9652
G1 X116.062 Y86.080 E688.9840
G1 X116.062 Y85.515 E689.0028
G1 X116.062 Y84.949 E689.0215
G1 X116.062 Y84.384 E689.0402
G1 X116.062 Y83.818 E689.0590
G1 X116.086 Y83.277 E689.0778
G1 X115.862 Y82.770 E689.0962
G0 F4200 X115.862 Y82.204
G1 F3000 X116.462 Y82.804 E689.1245
G1 F3000 E684.1245
G1 F900 Z6.100
G0 F4200 X116.262 Y82.038
G1 F900 Z5.800
G1 F1500 E689.1245
G1 F3000 X116.062 Y81.555 E689.1432
G1 X116.062 Y80.990 E689.1620
G1 X116.062 Y80.424 E689.1808
G1 X116.062 Y79.858 E689.1995
G1 X116.062 Y79.293 E689.2182
G1 X116.062 Y78.727 E689.2370
G1 X116.062 Y78.161 E689.2557
G1 X116.062 Y77.596 E689.2744
G1 X116.062 Y77.030 E689.2932
G1 X116.062 Y76.464 E689.3119
G1 X116.062 Y75.898 E689.3306
G1 X115.995 Y75.549 E689.3425
G1 F3000 E684.3425
G1 F900 Z6.100
G0 F4200 X117.671 Y82.599
;TYPE:SOLID-FILL
;WIDTH:0.400
G1 F900 Z5.800
G1 F1500 E689.3425
G1 F2700 X118.150 Y83.077 E689.3650
G1 X118.018 Y83.138 E689.3698
G1 X117.645 Y83.138 E689.3822
G1 X117.106 Y82.599 E689.4076
G1 X116.542 Y82.598 E689.4263
G1 X116.542 Y82.601 E689.4264
G1 X116.726 Y82.785 E689.4351
G0 F2700 X117.079 Y83.138
G1 F3000 E684.4351
G1 F900 Z6.100
G0 F4200 X118.019 Y82.599
G1 F900 Z5.800
G1 F1500 E689.4351
G1 F2700 X118.419 Y82.780 E689.4497
G1 F3000 E684.4497
G1 F900 Z6.100
G0 F4200 X116.997 Y83.338
;TYPE:SOLID-FILL
;WIDTH:0.400
G1 F900 Z5.800
G1 F1500 E689.4497
G1 F3000 X116.684 Y83.308 E689.4525
G1 X116.341 Y83.249 E689.4640
G1 F3000 E684.4640
G1 F900 Z6.100
G0 F4200 X123.781 Y90.287
;TYPE:WALL-INNER
;WIDTH:0.400
G1 F900 Z5.800
G1 F1500 E689.4640
G1 F2700 X123.696 Y90.158 E689.4692
G1 X123.663 Y89.977 E689.4753
G1 X123.665 Y75.733 E689.9491
G1 X123.696 Y75.579 E689.9543
G1 X123.781 Y75.451 E689.9594
G1 X123.912 Y75.364 E689.9646
G1 X123.985 Y75.341 E689.9672
G1 X124.140 Y75.341 E689.9723
G1 X124.283 Y75.402 E689.9775
G1 X124.392 Y75.509 E689.9826
G1 X124.452 Y75.656 E689.9879
G1 X124.463 Y75.762 E689.9914
G1 X124.463 Y82.319 E690.2095
G1 X126.082 Y82.319 E690.2633
G1 X127.145 Y82.805 E690.3022
G1 X127.145 Y82.933 E690.3065
G1 X126.082 Y83.419 E690.3454
G1 X124.463 Y83.419 E690.3992
G1 X124.463 Y89.968 E690.6170
G1 X124.429 Y90.158 E690.6234
G1 X124.344 Y90.287 E690.6286
G1 X124.245 Y90.352 E690.6325
G0 F2700 X124.214 Y90.373
G0 F2700 X124.063 Y90.403
G0 F2700 X123.931 Y90.380
G0 F2700 X123.781 Y90.287
G1 F3000 E685.6325
G0 F4200 X123.497 Y90.571
;TYPE:WALL-OUTER
;WIDTH:0.400
G1 F900 Z5.800
G1 F1500 E690.6325
G1 F2700 X123.398 Y90.450 E690.6377
G1 X123.325 Y90.312 E690.6429
G1 X123.279 Y90.162 E690.6481
G1 X123.263 Y89.996 E690.6537
G1 X123.265 Y75.712 E691.1288
G1 X123.279 Y75.576 E691.1333
G1 X123.325 Y75.426 E691.1385
G1 X123.398 Y75.287 E691.1437
G1 X123.497 Y75.166 E691.1489
G1 X123.619 Y75.067 E691.1542
G1 X123.757 Y74.993 E691.1594
G1 X123.906 Y74.947 E691.1646
G1 X124.063 Y74.932 E691.1698
G1 X124.219 Y74.947 E691.1750
G1 X124.368 Y74.993 E691.1802
G1 X124.506 Y75.067 E691.1854
G1 X124.628 Y75.166 E691.1906
G1 X124.727 Y75.287 E691.1958
G1 X124.800 Y75.426 E691.2011
G1 X124.846 Y75.576 E691.2063
G1 X124.863 Y75.741 E691.2118
G1 X124.863 Y81.919 E691.4173
G1 X126.169 Y81.919 E691.4607
G1 X127.566 Y82.558 E691.5118
G1 X127.678 Y82.669 E691.5171
G1 X127.708 Y82.725 E691.5192
G1 X127.735 Y82.873 E691.5242
G1 X127.679 Y83.068 E691.5309
G1 X127.566 Y83.180 E691.5362
G1 X126.169 Y83.819 E691.5873
G1 X124.863 Y83.819 E691.6308
G1 X124.863 Y89.993 E691.8361
G1 X124.839 Y90.187 E691.8426
G1 X124.800 Y90.312 E691.8470
G1 X124.727 Y90.450 E691.8521
G1 X124.628 Y90.571 E691.8573
G1 X124.506 Y90.671 E691.8626
G1 X124.368 Y90.744 E691.8678
G1 X124.219 Y90.790 E691.8730
G1 X124.063 Y90.805 E691.8782
G1 X123.938 Y90.793 E691.8824
G0 F2700 X123.906 Y90.790
G0 F2700 X123.782 Y90.753
G0 F2700 X123.617 Y90.669
G0 F2700 X123.497 Y90.571
G1 F3000 E686.8824
G0 F4200 X124.249 Y90.025
;TYPE:SOLID-FILL
;WIDTH:0.400
G1 F900 Z5.800
G1 F1500 E691.8824
G1 F3000 X124.061 Y89.555 E691.9005
G1 X124.061 Y88.989 E691.9193
G1 X124.061 Y88.423 E691.9380
G1 X124.061 Y87.858 E691.9568
G1 X124.061 Y87.292 E691.9755
G1 X124.061 Y86.726 E691.9942
G1 X124.061 Y86.161 E692.0130
G1 X124.061 Y85.595 E692.0317
G1 X124.062 Y85.029 E692.0504
G1 X124.062 Y84.464 E692.0690
G1 X124.062 Y83.898 E692.0877
G1 X124.062 Y83.332 E692.1064
G1 X123.863 Y82.850 E692.1237
G0 F4200 X123.863 Y82.285
G1 F3000 X124.462 Y82.884 E692.1519
G1 F3000 E687.1519
G1 F900 Z6.100
G0 F4200 X124.262 Y82.119
G1 F900 Z5.800
G1 F1500 E692.1519
G1 F3000 X124.062 Y81.636 E692.1707
G1 X124.062 Y81.070 E692.1894
G1 X124.062 Y80.505 E692.2082
G1 X124.062 Y79.939 E692.2269
G1 X124.062 Y79.373 E692.2456
G1 X124.062 Y78.808 E692.2644
G1 X124.062 Y78.242 E692.2831
G1 X124.062 Y77.676 E692.3018
G1 X124.062 Y77.110 E692.3206
G1 X124.062 Y76.545 E692.3393
G1 X124.062 Y75.979 E692.3580
G1 X123.948 Y75.581 E692.3718
G1 F3000 E687.3718
G1 F900 Z6.100
G0 F4200 X125.591 Y82.599
;TYPE:SOLID-FILL
;WIDTH:0.400
G1 F900 Z5.800
G1 F1500 E692.3718
G1 F2700 X126.095 Y83.103 E692.3955
G1 X126.019 Y83.138 E692.3983
G1 X125.565 Y83.138 E692.4134
G1 X125.025 Y82.599 E692.4387
G1 X124.542 Y82.599 E692.4548
G1 X124.542 Y82.681 E692.4575
G1 X124.646 Y82.785 E692.4624
G0 F2700 X124.999 Y83.138
G1 F3000 E687.4624
G1 F900 Z6.100
G0 F4200 X126.019 Y82.598
G1 F900 Z5.800
G1 F1500 E692.4624
G1 F2700 X126.036 Y82.606 E692.4630
G0 F2700 X126.273 Y82.715
G0 F2700 X126.442 Y82.884
G0 F4200 X125.732 Y82.457
;TYPE:SOLID-FILL
;WIDTH:0.400
G1 F3000 X125.674 Y82.399 E692.4658
G1 F3000 E687.4658
G1 F900 Z6.100
G0 F4200 X124.857 Y83.279
G1 F900 Z5.800
G1 F1500 E692.4658
G1 F3000 X124.916 Y83.338 E692.4685
G1 F3000 E687.4685
G1 F900 Z6.100
G0 F4200 X131.781 Y90.287
;TYPE:WALL-INNER
;WIDTH:0.400
G1 F900 Z5.800
G1 F1500 E692.4685
G1 F2700 X131.696 Y90.158 E692.4737
G1 X131.663 Y89.977 E692.4798
G1 X131.665 Y75.733 E692.9536
G1 X131.696 Y75.579 E692.9588
G1 X131.781 Y75.451 E692.9639
G1 X131.912 Y75.364 E692.9691
G1 X131.985 Y75.341 E692.9717
G1 X132.140 Y75.341 E692.9768
G1 X132.283 Y75.402 E692.9820
G1 X132.392 Y75.509 E692.9871
G1 X132.452 Y75.656 E692.9924
G1 X132.463 Y75.762 E692.9959
G1 X132.463 Y82.319 E693.2140
G1 X134.082 Y82.319 E693.2678
G1 X135.145 Y82.805 E693.3067
G1 X135.145 Y82.933 E693.3110
G1 X134.082 Y83.419 E693.3498
G1 X132.463 Y83.419 E693.4037
G1 X132.463 Y89.968 E693.6215
G1 X132.429 Y90.158 E693.6279
G1 X132.344 Y90.287 E693.6331
G1 X132.245 Y90.352 E693.6370
G0 F2700 X132.214 Y90.373
G0 F2700 X132.063 Y90.403
G0 F2700 X131.931 Y90.380
G0 F2700 X131.781 Y90.287
G1 F3000 E688.6370
G0 F4200 X131.497 Y90.571
;TYPE:WALL-OUTER
;WIDTH:0.400
G1 F900 Z5.800
G1 F1500 E693.6370
G1 F2700 X131.398 Y90.450 E693.6422
G1 X131.325 Y90.312 E693.6474
G1 X131.279 Y90.162 E693.6526
G1 X131.263 Y89.996 E693.6582
G1 X131.265 Y75.712 E694.1333
G1 X131.279 Y75.576 E694.1378
G1 X131.325 Y75.426 E694.1430
G1 X131.398 Y75.287 E694.1482
G1 X131.497 Y75.166 E694.1534
G1 X131.619 Y75.067 E694.1587
G1 X131.757 Y74.993 E694.1639
G1 X131.906 Y74.947 E694.1691
G1 X132.063 Y74.932 E694.1743
G1 X132.219 Y74.947 E694.1795
G1 X132.368 Y74.993 E694.1847
G1 X132.506 Y75.067 E694.1899
G1 X132.628 Y75.166 E694.1951
G1 X132.727 Y75.287 E694.2003
G1 X132.800 Y75.426 E694.2056
G1 X132.846 Y75.576 E694.2108
G1 X132.863 Y75.741 E694.2163
G1 X132.863 Y81.919 E694.4218
G1 X134.169 Y81.919 E694.4652
G1 X135.566 Y82.558 E694.5163
G1 X135.678 Y82.669 E694.5216
G1 X135.708 Y82.725 E694.5237
G1 X135.735 Y82.873 E694.5287
G1 X135.679 Y83.068 E694.5354
G1 X135.566 Y83.180 E694.5407
G1 X134.169 Y83.819 E694.5918
G1 X132.863 Y83.819 E694.6352
G1 X132.863 Y89.993 E694.8406
G1 X132.839 Y90.187 E694.8471
G1 X132.800 Y90.312 E694.8515
G1 X132.727 Y90.450 E694.8566
G1 X132.628 Y90.571 E694.8618
G1 X132.506 Y90.671 E694.8671
G1 X132.368 Y90.744 E694.8723
G1 X132.219 Y90.790 E694.8775
G1 X132.063 Y90.805 E694.8827
G1 X131.938 Y90.793 E694.8869
G0 F2700 X131.906 Y90.790
G0 F2700 X131.782 Y90.753
G0 F2700 X131.617 Y90.669
G0 F2700 X131.497 Y90.571
G1 F3000 E689.8869
G0 F4200 X132.233 Y90.090
;TYPE:SOLID-FILL
;WIDTH:0.400
G1 F900 Z5.800
G1 F1500 E694.8869
G1 F3000 X132.062 Y89.635 E694.9043
G1 X132.062 Y89.070 E694.9230
G1 X132.062 Y88.504 E694.9418
G1 X132.062 Y87.938 E694.9605
G1 X132.062 Y87.373 E694.9793
G1 X132.062 Y86.807 E694.9981
G1 X132.062 Y86.241 E695.0168
G1 X132.062 Y85.676 E695.0355
G1 X132.062 Y85.110 E695.0543
G1 X132.062 Y84.544 E695.0731
G1 X132.062 Y83.979 E695.0918
G1 X132.062 Y83.413 E695.1106
G1 X131.862 Y82.930 E695.1280
G0 F4200 X131.863 Y82.365
G1 F3000 X132.462 Y82.964 E695.1562
G1 F3000 E690.1562
G1 F900 Z6.100
G0 F4200 X132.262 Y82.199
G1 F900 Z5.800
G1 F1500 E695.1562
G1 F3000 X132.062 Y81.716 E695.1750
G1 X132.062 Y81.150 E695.1937
G1 X132.062 Y80.584 E695.2124
G1 X132.062 Y80.019 E695.2311
G1 X132.062 Y79.453 E695.2498
G1 X132.062 Y78.887 E695.2686
G1 X132.062 Y78.322 E695.2873
G1 X132.062 Y77.756 E695.3060
G1 X132.062 Y77.190 E695.3247
G1 X132.062 Y76.625 E695.3434
G1 X132.062 Y76.059 E695.3622
G1 X131.907 Y75.622 E695.3776
G1 F3000 E690.3776
G1 F900 Z6.100
G0 F4200 X133.510 Y82.599
;TYPE:SOLID-FILL
;WIDTH:0.400
G1 F900 Z5.800
G1 F1500 E695.3776
G1 F2700 X134.040 Y83.128 E695.4025
G1 X134.019 Y83.138 E695.4033
G1 X133.484 Y83.138 E695.4211
G1 X132.945 Y82.599 E695.4464
G1 X132.542 Y82.599 E695.4598
G1 X132.542 Y82.761 E695.4652
G1 X132.566 Y82.785 E695.4663
G0 F2700 X132.919 Y83.138
G1 F3000 E690.4663
G1 F900 Z6.100
G0 F4200 X134.019 Y82.598
G1 F900 Z5.800
G1 F1500 E695.4663
G1 F2700 X134.062 Y82.618 E695.4679
G0 F2700 X134.124 Y82.646
G0 F2700 X134.429 Y82.952
G0 F4200 X133.651 Y82.457
;TYPE:SOLID-FILL
;WIDTH:0.400
G1 F3000 X133.593 Y82.399 E695.4706
G1 F3000 E690.4706
G1 F900 Z6.100
G0 F4200 X132.776 Y83.279
G1 F900 Z5.800
G1 F1500 E695.4706
G1 F3000 X132.836 Y83.338 E695.4734
;LAYER:29
;Z:6.000
;HEIGHT:0.200
G1 F3000 E690.4734
G0 F900 Z6.000
G0 F4200 X131.781 Y90.287
;TYPE:WALL-INNER
;WIDTH:0.400
G1 F900 Z6.000
G1 F1500 E695.4734
G1 F2700 X131.696 Y90.158 E695.4786
G1 X131.663 Y89.977 E695.4847
G1 X131.665 Y75.738 E695.9583
G1 X131.696 Y75.579 E695.9637
G1 X131.781 Y75.451 E695.9688
G1 X131.912 Y75.364 E695.9740
G1 X131.985 Y75.341 E695.9766
G1 X132.140 Y75.341 E695.9817
G1 X132.283 Y75.402 E695.9869
G1 X132.392 Y75.509 E695.9920
G1 X132.452 Y75.656 E695.9973
G1 X132.463 Y75.762 E696.0008
G1 X132.463 Y82.319 E696.2189
G1 X134.082 Y82.319 E696.2727
G1 X135.145 Y82.805 E696.3116
G1 X135.145 Y82.933 E696.3159
G1 X134.082 Y83.419 E696.3547
G1 X132.463 Y83.419 E696.4086
G1 X132.463 Y89.971 E696.6265
G1 X132.429 Y90.157 E696.6328
G1 X132.343 Y90.288 E696.6380
G1 X132.244 Y90.352 E696.6419
G0 F2700 X132.208 Y90.375
G0 F2700 X132.063 Y90.403
G0 F2700 X131.928 Y90.379
G0 F2700 X131.781 Y90.287
G1 F3000 E691.6419
G0 F4200 X131.497 Y90.571
;TYPE:WALL-OUTER
;WIDTH:0.400
G1 F900 Z6.000
G1 F1500 E696.6419
G1 F2700 X131.398 Y90.450 E696.6471
G1 X131.325 Y90.312 E696.6523
G1 X131.279 Y90.162 E696.6575
G1 X131.263 Y89.996 E696.6631
G1 X131.265 Y75.718 E697.1380
G1 X131.279 Y75.575 E697.1428
G1 X131.325 Y75.426 E697.1479
G1 X131.398 Y75.287 E697.1532
G1 X131.497 Y75.166 E697.1584
G1 X131.619 Y75.067 E697.1636
G1 X131.757 Y74.993 E697.1688
G1 X131.906 Y74.947 E697.1740
G1 X132.063 Y74.932 E697.1792
G1 X132.219 Y74.947 E697.1844
G1 X132.368 Y74.993 E697.1896
G1 X132.506 Y75.067 E697.1948
G1 X132.628 Y75.166 E697.2001
G1 X132.727 Y75.287 E697.2053
G1 X132.800 Y75.426 E697.2105
G1 X132.846 Y75.576 E697.2157
G1 X132.863 Y75.741 E697.2212
G1 X132.863 Y81.919 E697.4267
G1 X134.169 Y81.919 E697.4701
G1 X135.575 Y82.562 E697.5216
G1 X135.672 Y82.662 E697.5262
G1 X135.736 Y82.860 E697.5331
G1 X135.679 Y83.068 E697.5403
G1 X135.566 Y83.180 E697.5456
G1 X134.169 Y83.819 E697.5967
G1 X132.863 Y83.819 E697.6401
G1 X132.863 Y89.994 E697.8455
G1 X132.841 Y90.181 E697.8518
G1 X132.800 Y90.312 E697.8563
G1 X132.727 Y90.450 E697.8615
G1 X132.628 Y90.571 E697.8667
G1 X132.524 Y90.657 E697.8712
G1 X132.366 Y90.745 E697.8772
G1 X132.219 Y90.790 E697.8823
G1 X132.063 Y90.805 E697.8875
G1 X131.939 Y90.793 E697.8917
G0 F2700 X131.906 Y90.790
G0 F2700 X131.778 Y90.751
G0 F2700 X131.617 Y90.669
G0 F2700 X131.497 Y90.571
G1 F3000 E692.8917
G0 F4200 X131.910 Y90.120
;TYPE:SOLID-FILL
;WIDTH:0.400
G1 F900 Z6.000
G1 F1500 E697.8917
G1 F3000 X132.062 Y89.685 E697.9082
G1 X132.062 Y89.119 E697.9270
G1 X132.062 Y88.554 E697.9457
G1 X132.062 Y87.988 E697.9644
G1 X132.062 Y87.422 E697.9832
G1 X132.062 Y86.857 E698.0019
G1 X132.062 Y86.291 E698.0207
G1 X132.062 Y85.725 E698.0394
G1 X132.062 Y85.159 E698.0581
G1 X132.062 Y84.594 E698.0768
G1 X132.062 Y84.028 E698.0955
G1 X132.262 Y83.546 E698.1129
G0 F4200 X131.863 Y83.379
G1 F3000 X132.462 Y82.780 E698.1411
G0 F4200 X132.262 Y82.415
G1 F3000 X131.864 Y82.530 E698.1597
G1 X132.063 Y81.765 E698.1784
G1 X132.063 Y81.200 E698.1971
G1 X132.063 Y80.634 E698.2157
G1 X132.063 Y80.068 E698.2344
G1 X132.063 Y79.502 E698.2531
G1 X132.063 Y78.937 E698.2718
G1 X132.063 Y78.371 E698.2905
G1 X132.063 Y77.805 E698.3091
G1 X132.063 Y77.240 E698.3278
G1 X132.063 Y76.674 E698.3465
G1 X132.063 Y76.108 E698.3652
G1 X132.234 Y75.654 E698.3813
G1 F3000 E693.3813
G1 F900 Z6.300
G0 F4200 X132.927 Y82.598
;TYPE:SOLID-FILL
;WIDTH:0.400
G1 F900 Z6.000
G1 F1500 E698.3813
G1 F2700 X132.542 Y82.983 E698.3994
G1 X132.542 Y83.139 E698.4046
G1 X132.952 Y83.139 E698.4182
G1 X133.140 Y82.951 E698.4271
G0 F2700 X133.493 Y82.598
G0 F4200 X134.019 Y82.598
G1 F2700 X134.046 Y82.610 E698.4280
G1 X133.518 Y83.139 E698.4529
G1 X134.019 Y83.138 E698.4696
G1 X134.065 Y83.117 E698.4713
G0 F2700 X134.138 Y83.085
G0 F2700 X134.435 Y82.788
G1 F3000 E693.4713
G1 F900 Z6.300
G0 F4200 X133.975 Y82.399
;TYPE:SOLID-FILL
;WIDTH:0.400
G1 F900 Z6.000
G1 F1500 E698.4713
G1 F3000 X133.656 Y82.434 E698.4745
G1 X133.097 Y82.428 E698.4772
G1 X132.785 Y82.457 E698.4877
G1 F3000 E693.4877
G1 F900 Z6.300
G0 F4200 X123.781 Y90.287
;TYPE:WALL-INNER
;WIDTH:0.400
G1 F900 Z6.000
G1 F1500 E698.4877
G1 F2700 X123.696 Y90.158 E698.4928
G1 X123.663 Y89.977 E698.4989
G1 X123.665 Y75.738 E698.9725
G1 X123.696 Y75.579 E698.9779
G1 X123.781 Y75.451 E698.9830
G1 X123.912 Y75.364 E698.9882
G1 X123.985 Y75.341 E698.9908
G1 X124.140 Y75.341 E698.9959
G1 X124.283 Y75.402 E699.0011
G1 X124.392 Y75.509 E699.0062
G1 X124.452 Y75.656 E699.0115
G1 X124.463 Y75.762 E699.0150
G1 X124.463 Y82.319 E699.2331
G1 X126.082 Y82.319 E699.2869
G1 X127.145 Y82.805 E699.3258
G1 X127.145 Y82.933 E699.3301
G1 X126.082 Y83.419 E699.3690
G1 X124.463 Y83.419 E699.4228
G1 X124.463 Y89.971 E699.6407
G1 X124.429 Y90.157 E699.6470
G1 X124.343 Y90.288 E699.6522
G1 X124.244 Y90.352 E699.6561
G0 F2700 X124.208 Y90.375
G0 F2700 X124.063 Y90.403
G0 F2700 X123.928 Y90.379
G0 F2700 X123.781 Y90.287
G1 F3000 E694.6561
G0 F4200 X123.497 Y90.571
;TYPE:WALL-OUTER
;WIDTH:0.400
G1 F900 Z6.000
G1 F1500 E699.6561
G1 F2700 X123.398 Y90.450 E699.6613
G1 X123.325 Y90.312 E699.6665
G1 X123.279 Y90.162 E699.6718
G1 X123.263 Y89.996 E699.6773
G1 X123.265 Y75.718 E700.1522
G1 X123.279 Y75.575 E700.1570
G1 X123.325 Y75.426 E700.1622
G1 X123.398 Y75.287 E700.1674
G1 X123.497 Y75.166 E700.1726
G1 X123.619 Y75.067 E700.1778
G1 X123.757 Y74.993 E700.1830
G1 X123.906 Y74.947 E700.1882
G1 X124.063 Y74.932 E700.1934
G1 X124.219 Y74.947 E700.1987
G1 X124.368 Y74.993 E700.2038
G1 X124.506 Y75.067 E700.2090
G1 X124.628 Y75.166 E700.2143
G1 X124.727 Y75.287 E700.2195
G1 X124.800 Y75.426 E700.2247
G1 X124.846 Y75.576 E700.2299
G1 X124.863 Y75.741 E700.2354
G1 X124.863 Y81.919 E700.4409
G1 X126.169 Y81.919 E700.4844
G1 X127.575 Y82.562 E700.5358
G1 X127.672 Y82.662 E700.5404
G1 X127.736 Y82.860 E700.5473
G1 X127.679 Y83.068 E700.5545
G1 X127.566 Y83.180 E700.5598
G1 X126.169 Y83.819 E700.6109
G1 X124.863 Y83.819 E700.6543
G1 X124.863 Y89.994 E700.8597
G1 X124.841 Y90.181 E700.8660
G1 X124.800 Y90.312 E700.8705
G1 X124.727 Y90.450 E700.8757
G1 X124.628 Y90.571 E700.8809
G1 X124.524 Y90.657 E700.8854
G1 X124.366 Y90.745 E700.8914
G1 X124.219 Y90.790 E700.8965
G1 X124.063 Y90.805 E700.9018
G1 X123.939 Y90.793 E700.9059
G0 F2700 X123.906 Y90.790
G0 F2700 X123.778 Y90.751
G0 F2700 X123.617 Y90.669
G0 F2700 X123.497 Y90.571
G1 F3000 E695.9059
G0 F4200 X123.952 Y90.158
;TYPE:SOLID-FILL
;WIDTH:0.400
G1 F900 Z6.000
G1 F1500 E700.9059
G1 F3000 X124.062 Y89.766 E700.9204
G1 X124.062 Y89.200 E700.9391
G1 X124.062 Y88.634 E700.9578
G1 X124.062 Y88.069 E700.9765
G1 X124.062 Y87.503 E700.9951
G1 X124.062 Y86.937 E701.0138
G1 X124.062 Y86.371 E701.0325
G1 X124.062 Y85.806 E701.0512
G1 X124.062 Y85.240 E701.0698
G1 X124.062 Y84.674 E701.0885
G1 X124.062 Y84.109 E701.1072
G1 X124.261 Y83.627 E701.1245
G0 F4200 X123.863 Y83.460
G1 F3000 X124.462 Y82.861 E701.1527
G0 F4200 X124.261 Y82.496
G1 F3000 X123.863 Y82.611 E701.1714
G1 X124.062 Y81.846 E701.1900
G1 X124.062 Y81.280 E701.2087
G1 X124.062 Y80.714 E701.2274
G1 X124.062 Y80.149 E701.2461
G1 X124.062 Y79.583 E701.2647
G1 X124.062 Y79.017 E701.2834
G1 X124.062 Y78.452 E701.3021
G1 X124.062 Y77.886 E701.3208
G1 X124.062 Y77.320 E701.3394
G1 X124.062 Y76.755 E701.3581
G1 X124.062 Y76.189 E701.3768
G1 X124.255 Y75.714 E701.3938
G1 F3000 E696.3938
G1 F900 Z6.300
G0 F4200 X125.007 Y82.598
;TYPE:SOLID-FILL
;WIDTH:0.400
G1 F900 Z6.000
G1 F1500 E701.3938
G1 F2700 X124.542 Y83.063 E701.4157
G1 X124.542 Y83.138 E701.4182
G1 X125.033 Y83.138 E701.4345
G1 X125.220 Y82.951 E701.4433
G0 F2700 X125.573 Y82.598
G0 F4200 X126.019 Y82.598
G1 F2700 X126.101 Y82.636 E701.4463
G1 X125.599 Y83.138 E701.4699
G1 X126.019 Y83.138 E701.4839
G1 X126.031 Y83.132 E701.4844
G0 F2700 X126.286 Y83.017
G0 F2700 X126.442 Y82.861
G1 F3000 E696.4844
G1 F900 Z6.300
G0 F4200 X126.055 Y82.399
;TYPE:SOLID-FILL
;WIDTH:0.400
G1 F900 Z6.000
G1 F1500 E701.4844
G1 F3000 X125.724 Y82.447 E701.4888
G1 X125.177 Y82.428 E701.4915
G1 X124.865 Y82.457 E701.5019
G1 F3000 E696.5019
G1 F900 Z6.300
G0 F4200 X115.928 Y90.379
;TYPE:WALL-INNER
;WIDTH:0.400
G1 F900 Z6.000
G1 F1500 E701.5019
G1 F2700 X115.781 Y90.287 E701.5077
G1 X115.696 Y90.158 E701.5128
G1 X115.663 Y89.977 E701.5190
G1 X115.665 Y75.738 E701.9926
G1 X115.696 Y75.579 E701.9979
G1 X115.781 Y75.451 E702.0031
G1 X115.912 Y75.364 E702.0083
G1 X115.985 Y75.341 E702.0108
G1 X116.140 Y75.341 E702.0160
G1 X116.283 Y75.402 E702.0212
G1 X116.392 Y75.509 E702.0262
G1 X116.452 Y75.656 E702.0315
G1 X116.463 Y75.762 E702.0351
G1 X116.463 Y82.319 E702.2531
G1 X118.082 Y82.319 E702.3070
G1 X119.145 Y82.805 E702.3459
G1 X119.145 Y82.933 E702.3501
G1 X118.082 Y83.419 E702.3890
G1 X116.463 Y83.419 E702.4429
G1 X116.463 Y89.971 E702.6608
G1 X116.429 Y90.157 E702.6671
G1 X116.373 Y90.241 E702.6704
G0 F2700 X116.343 Y90.288
G0 F2700 X116.208 Y90.375
G0 F2700 X116.063 Y90.403
G0 F2700 X115.928 Y90.379
G1 F3000 E697.6704
G0 F4200 X115.778 Y90.751
;TYPE:WALL-OUTER
;WIDTH:0.400
G1 F900 Z6.000
G1 F1500 E702.6704
G1 F2700 X115.617 Y90.669 E702.6764
G1 X115.497 Y90.571 E702.6816
G1 X115.398 Y90.450 E702.6868
G1 X115.325 Y90.312 E702.6920
G1 X115.279 Y90.162 E702.6972
G1 X115.263 Y89.996 E702.7027
G1 X115.265 Y75.718 E703.1776
G1 X115.279 Y75.575 E703.1824
G1 X115.325 Y75.426 E703.1876
G1 X115.398 Y75.287 E703.1928
G1 X115.497 Y75.166 E703.1980
G1 X115.619 Y75.067 E703.2032
G1 X115.757 Y74.993 E703.2084
G1 X115.906 Y74.947 E703.2136
G1 X116.063 Y74.932 E703.2189
G1 X116.219 Y74.947 E703.2241
G1 X116.368 Y74.993 E703.2293
G1 X116.506 Y75.067 E703.2345
G1 X116.628 Y75.166 E703.2397
G1 X116.727 Y75.287 E703.2449
G1 X116.800 Y75.426 E703.2501
G1 X116.846 Y75.576 E703.2554
G1 X116.863 Y75.741 E703.2609
G1 X116.863 Y81.919 E703.4664
G1 X118.169 Y81.919 E703.5098
G1 X119.575 Y82.562 E703.5612
G1 X119.672 Y82.662 E703.5658
G1 X119.736 Y82.860 E703.5728
G1 X119.679 Y83.068 E703.5799
G1 X119.566 Y83.180 E703.5852
G1 X118.169 Y83.819 E703.6363
G1 X116.863 Y83.819 E703.6798
G1 X116.863 Y89.994 E703.8851
G1 X116.841 Y90.181 E703.8914
G1 X116.800 Y90.312 E703.8960
G1 X116.727 Y90.450 E703.9012
G1 X116.628 Y90.571 E703.9064
G1 X116.524 Y90.657 E703.9109
G1 X116.366 Y90.745 E703.9169
G1 X116.270 Y90.775 E703.9202
G0 F2700 X116.219 Y90.790
G0 F2700 X116.063 Y90.805
G0 F2700 X115.906 Y90.790
G0 F2700 X115.778 Y90.751
G1 F3000 E698.9202
G0 F4200 X116.002 Y90.190
;TYPE:SOLID-FILL
;WIDTH:0.400
G1 F900 Z6.000
G1 F1500 E703.9202
G1 F3000 X116.062 Y89.846 E703.9324
G1 X116.062 Y89.280 E703.9512
G1 X116.062 Y88.715 E703.9699
G1 X116.062 Y88.149 E703.9887
G1 X116.062 Y87.583 E704.0074
G1 X116.062 Y87.018 E704.0262
G1 X116.062 Y86.452 E704.0449
G1 X116.062 Y85.886 E704.0637
G1 X116.062 Y85.321 E704.0824
G1 X116.062 Y84.754 E704.1012
G1 X116.062 Y84.189 E704.1199
G1 X116.262 Y83.707 E704.1373
G0 F4200 X115.863 Y83.540
G1 F3000 X116.462 Y82.941 E704.1655
G0 F4200 X116.319 Y82.518
G1 F3000 X115.863 Y82.691 E704.1869
G1 X116.062 Y81.926 E704.2056
G1 X116.062 Y81.361 E704.2243
G1 X116.062 Y80.795 E704.2429
G1 X116.062 Y80.229 E704.2616
G1 X116.062 Y79.663 E704.2803
G1 X116.062 Y79.098 E704.2989
G1 X116.062 Y78.532 E704.3176
G1 X116.062 Y77.966 E704.3362
G1 X116.062 Y77.401 E704.3549
G1 X116.062 Y76.835 E704.3736
G1 X116.062 Y76.269 E704.3922
G1 X116.261 Y75.788 E704.4095
G1 F3000 E699.4095
G1 F900 Z6.300
G0 F4200 X117.088 Y82.598
;TYPE:SOLID-FILL
;WIDTH:0.400
G1 F900 Z6.000
G1 F1500 E704.4095
G1 F2700 X116.548 Y83.138 E704.4349
G1 X117.113 Y83.138 E704.4537
G1 X117.300 Y82.951 E704.4625
G0 F2700 X117.654 Y82.598
G0 F4200 X118.019 Y82.599
G1 F2700 X118.156 Y82.661 E704.4675
G1 X117.679 Y83.138 E704.4899
G1 X117.974 Y83.138 E704.4998
G0 F2700 X118.018 Y83.138
G0 F2700 X118.434 Y82.949
G1 F3000 E699.4998
G1 F900 Z6.300
G0 F4200 X118.014 Y82.520
;TYPE:SOLID-FILL
;WIDTH:0.400
G1 F900 Z6.000
G1 F1500 E704.4998
G1 F3000 X117.827 Y82.424 E704.5030
G1 X117.259 Y82.427 E704.5057
G1 X116.692 Y82.427 E704.5084
G1 X116.342 Y82.496 E704.5203
G1 F3000 E699.5203
G1 F900 Z6.300
G0 F4200 X107.928 Y90.379
;TYPE:WALL-INNER
;WIDTH:0.400
G1 F900 Z6.000
G1 F1500 E704.5203
G1 F2700 X107.781 Y90.287 E704.5261
G1 X107.696 Y90.158 E704.5312
G1 X107.663 Y89.977 E704.5373
G1 X107.665 Y75.738 E705.0109
G1 X107.696 Y75.579 E705.0163
G1 X107.781 Y75.451 E705.0214
G1 X107.912 Y75.364 E705.0266
G1 X107.985 Y75.341 E705.0292
G1 X108.140 Y75.341 E705.0343
G1 X108.283 Y75.402 E705.0395
G1 X108.392 Y75.509 E705.0446
G1 X108.452 Y75.656 E705.0499
G1 X108.463 Y75.762 E705.0534
G1 X108.463 Y82.319 E705.2715
G1 X110.082 Y82.319 E705.3254
G1 X111.145 Y82.805 E705.3642
G1 X111.145 Y82.933 E705.3685
G1 X110.082 Y83.419 E705.4074
G1 X108.463 Y83.419 E705.4612
G1 X108.463 Y89.971 E705.6791
G1 X108.429 Y90.157 E705.6854
G1 X108.373 Y90.241 E705.6888
G0 F2700 X108.343 Y90.288
G0 F2700 X108.208 Y90.375
G0 F2700 X108.063 Y90.403
G0 F2700 X107.928 Y90.379
G1 F3000 E700.6888
G0 F4200 X107.778 Y90.751
;TYPE:WALL-OUTER
;WIDTH:0.400
G1 F900 Z6.000
G1 F1500 E705.6888
G1 F2700 X107.617 Y90.669 E705.6948
G1 X107.497 Y90.571 E705.6999
G1 X107.398 Y90.450 E705.7051
G1 X107.325 Y90.312 E705.7103
G1 X107.279 Y90.162 E705.7156
G1 X107.263 Y89.996 E705.7211
G1 X107.265 Y75.718 E706.1960
G1 X107.279 Y75.575 E706.2008
G1 X107.325 Y75.426 E706.2060
G1 X107.398 Y75.287 E706.2112
G1 X107.497 Y75.166 E706.2164
G1 X107.619 Y75.067 E706.2216
G1 X107.757 Y74.993 E706.2268
G1 X107.906 Y74.947 E706.2320
G1 X108.063 Y74.932 E706.2372
G1 X108.219 Y74.947 E706.2425
G1 X108.368 Y74.993 E706.2476
G1 X108.506 Y75.067 E706.2529
G1 X108.628 Y75.166 E706.2581
G1 X108.727 Y75.287 E706.2633
G1 X108.800 Y75.426 E706.2685
G1 X108.846 Y75.576 E706.2737
G1 X108.863 Y75.741 E706.2792
G1 X108.863 Y81.919 E706.4847
G1 X110.169 Y81.919 E706.5282
G1 X111.575 Y82.562 E706.5796
G1 X111.672 Y82.662 E706.5842
G1 X111.736 Y82.860 E706.5911
G1 X111.679 Y83.068 E706.5983
G1 X111.566 Y83.180 E706.6036
G1 X110.169 Y83.819 E706.6547
G1 X108.863 Y83.819 E706.6981
G1 X108.863 Y89.994 E706.9035
G1 X108.841 Y90.181 E706.9098
G1 X108.800 Y90.312 E706.9143
G1 X108.727 Y90.450 E706.9195
G1 X108.628 Y90.571 E706.9247
G1 X108.524 Y90.657 E706.9292
G1 X108.366 Y90.745 E706.9352
G1 X108.270 Y90.775 E706.9386
G0 F2700 X108.219 Y90.790
G0 F2700 X108.063 Y90.805
G0 F2700 X107.906 Y90.790
G0 F2700 X107.778 Y90.751
G1 F3000 E701.9386
G0 F4200 X108.074 Y90.197
;TYPE:SOLID-FILL
;WIDTH:0.400
G1 F900 Z6.000
G1 F1500 E706.9386
G1 F3000 X108.055 Y89.933 E706.9468
G1 X108.062 Y89.361 E706.9656
G1 X108.062 Y88.795 E706.9843
G1 X108.062 Y88.230 E707.0030
G1 X108.062 Y87.664 E707.0218
G1 X108.062 Y87.098 E707.0405
G1 X108.062 Y86.533 E707.0593
G1 X108.062 Y85.967 E707.0781
G1 X108.062 Y85.401 E707.0968
G1 X108.062 Y84.835 E707.1156
G1 X108.062 Y84.269 E707.1343
G1 X108.062 Y83.704 E707.1530
G1 X108.263 Y83.220 E707.1718
G1 X108.431 Y82.770 E707.1810
G1 X107.863 Y82.772 E707.2062
G1 X108.062 Y82.006 E707.2250
G1 X108.062 Y81.441 E707.2437
G1 X108.062 Y80.875 E707.2624
G1 X108.063 Y80.309 E707.2811
G1 X108.063 Y79.744 E707.2998
G1 X108.063 Y79.178 E707.3185
G1 X108.063 Y78.612 E707.3372
G1 X108.063 Y78.047 E707.3558
G1 X108.063 Y77.481 E707.3745
G1 X108.063 Y76.915 E707.3932
G1 X108.063 Y76.350 E707.4118
G1 X108.142 Y75.704 E707.4305
G1 X107.877 Y75.687 E707.4393
G1 F3000 E702.4393
G1 F900 Z6.300
G0 F4200 X108.542 Y82.659
;TYPE:SOLID-FILL
;WIDTH:0.400
G1 F900 Z6.000
G1 F1500 E707.4393
G1 F2700 X108.603 Y82.598 E707.4422
G1 X109.168 Y82.598 E707.4610
G1 X108.627 Y83.139 E707.4864
G1 X109.193 Y83.139 E707.5053
G1 X109.381 Y82.951 E707.5141
G0 F2700 X109.734 Y82.598
G0 F4200 X109.759 Y83.139
G1 F2700 X110.008 Y82.890 E707.5258
G0 F2700 X110.212 Y82.686
G0 F2700 X110.019 Y82.599
G1 F3000 E702.5258
G1 F900 Z6.300
G0 F4200 X109.900 Y83.280
;TYPE:SOLID-FILL
;WIDTH:0.400
G1 F900 Z6.000
G1 F1500 E707.5258
G1 F3000 X109.842 Y83.338 E707.5286
G1 F3000 E702.5286
G1 F900 Z6.300
G0 F4200 X102.034 Y83.269
;TYPE:WALL-INNER
;WIDTH:0.400
G1 F900 Z6.000
G1 F1500 E707.5286
G1 F2700 X90.092 Y83.269 E707.9257
G1 X89.912 Y83.236 E707.9318
G1 X89.781 Y83.149 E707.9371
G1 X89.733 Y83.091 E707.9396
G1 X89.673 Y82.946 E707.9448
G1 X89.666 Y82.875 E707.9472
G1 X89.696 Y82.717 E707.9525
G1 X89.782 Y82.587 E707.9577
G1 X89.917 Y82.500 E707.9630
G1 X89.984 Y82.479 E707.9654
G1 X95.513 Y82.469 E708.1493
G1 X95.513 Y65.848 E708.7021
G1 X95.996 Y64.777 E708.7412
G1 X96.123 Y64.776 E708.7454
G1 X96.612 Y65.849 E708.7846
G1 X96.612 Y82.469 E709.3374
G1 X102.140 Y82.479 E709.5213
G1 X102.283 Y82.539 E709.5264
G1 X102.344 Y82.588 E709.5290
G1 X102.429 Y82.716 E709.5341
G1 X102.460 Y82.869 E709.5393
G1 X102.430 Y83.014 E709.5442
G0 F2700 X102.429 Y83.021
G0 F2700 X102.344 Y83.149
G0 F2700 X102.283 Y83.198
G0 F2700 X102.140 Y83.259
G0 F2700 X102.034 Y83.269
G1 F3000 E704.5442
G0 F4200 X102.053 Y83.669
;TYPE:WALL-OUTER
;WIDTH:0.400
G1 F900 Z6.000
G1 F1500 E709.5442
G1 F2700 X90.073 Y83.669 E709.9427
G1 X89.906 Y83.653 E709.9483
G1 X89.757 Y83.607 E709.9535
G1 X89.619 Y83.533 E709.9587
G1 X89.497 Y83.434 E709.9639
G1 X89.398 Y83.313 E709.9691
G1 X89.325 Y83.174 E709.9743
G1 X89.279 Y83.025 E709.9795
G1 X89.264 Y82.871 E709.9846
G1 X89.285 Y82.693 E709.9906
G1 X89.325 Y82.563 E709.9951
G1 X89.398 Y82.425 E710.0003
G1 X89.497 Y82.304 E710.0055
G1 X89.601 Y82.218 E710.0100
G1 X89.759 Y82.130 E710.0160
G1 X89.906 Y82.085 E710.0211
G1 X90.073 Y82.069 E710.0267
G1 X95.113 Y82.069 E710.1944
G1 X95.113 Y65.762 E710.7367
G1 X95.706 Y64.446 E710.7847
G1 X95.800 Y64.306 E710.7903
G1 X95.981 Y64.205 E710.7972
G1 X96.134 Y64.203 E710.8023
G1 X96.198 Y64.222 E710.8045
G1 X96.332 Y64.311 E710.8099
G1 X96.376 Y64.366 E710.8122
G1 X97.012 Y65.762 E710.8633
G1 X97.012 Y82.069 E711.4056
G1 X102.053 Y82.069 E711.5733
G1 X102.219 Y82.085 E711.5788
G1 X102.368 Y82.131 E711.5840
G1 X102.506 Y82.204 E711.5892
G1 X102.628 Y82.304 E711.5945
G1 X102.727 Y82.425 E711.5997
G1 X102.800 Y82.563 E711.6049
G1 X102.846 Y82.714 E711.6101
G1 X102.862 Y82.869 E711.6153
G1 X102.846 Y83.024 E711.6205
G1 X102.800 Y83.174 E711.6257
G1 X102.727 Y83.313 E711.6309
G1 X102.628 Y83.434 E711.6361
G1 X102.523 Y83.519 E711.6406
G0 F2700 X102.506 Y83.533
G0 F2700 X102.368 Y83.607
G0 F2700 X102.219 Y83.653
G0 F2700 X102.053 Y83.669
G1 F3000 E706.6406
G0 F4200 X101.626 Y83.069
;TYPE:SOLID-FILL
;WIDTH:0.400
G1 F900 Z6.000
G1 F1500 E711.6406
G1 F3000 X101.734 Y82.677 E711.6590
G1 X100.974 Y82.873 E711.6774
G1 X100.409 Y82.872 E711.6958
G1 X99.843 Y82.871 E711.7143
G1 X99.279 Y82.871 E711.7328
G1 X98.713 Y82.870 E711.7514
G1 X98.148 Y82.870 E711.7701
G1 X97.583 Y82.869 E711.7887
G1 X96.930 Y82.956 E711.8074
G1 X96.935 Y82.669 E711.8170
G1 F3000 E706.8170
G1 F900 Z6.300
G0 F4200 X96.333 Y82.988
;TYPE:SOLID-FILL
;WIDTH:0.400
G1 F900 Z6.000
G1 F1500 E711.8170
G1 F2700 X96.573 Y82.749 E711.8283
G1 X96.331 Y82.749 E711.8363
G1 X96.331 Y82.425 E711.8471
G1 X95.767 Y82.988 E711.8736
G1 X95.443 Y82.988 E711.8844
G1 X95.443 Y82.749 E711.8923
G1 X95.792 Y82.749 E711.9039
G1 X95.792 Y82.398 E711.9156
G1 X96.331 Y81.859 E711.9409
G1 X96.331 Y81.293 E711.9598
G1 X95.792 Y81.832 E711.9851
G1 X95.792 Y81.267 E712.0039
G1 X96.331 Y80.728 E712.0293
G1 X96.331 Y80.162 E712.0481
G1 X95.792 Y80.701 E712.0734
G1 X95.792 Y80.135 E712.0923
G1 X96.331 Y79.596 E712.1176
G1 X96.331 Y79.031 E712.1364
G1 X95.792 Y79.570 E712.1618
G1 X95.792 Y79.004 E712.1806
G1 X96.331 Y78.465 E712.2059
G1 X96.331 Y77.899 E712.2248
G1 X95.792 Y78.438 E712.2501
G1 X95.792 Y77.872 E712.2689
G1 X96.331 Y77.334 E712.2943
G1 X96.331 Y76.768 E712.3131
G1 X95.792 Y77.307 E712.3385
G1 X95.792 Y76.741 E712.3573
G1 X96.331 Y76.202 E712.3826
G1 X96.331 Y75.637 E712.4014
G1 X95.792 Y76.175 E712.4268
G1 X95.792 Y75.610 E712.4455
G1 X96.331 Y75.071 E712.4709
G1 X96.331 Y74.505 E712.4897
G1 X95.792 Y75.044 E712.5151
G1 X95.792 Y74.478 E712.5339
G1 X96.331 Y73.940 E712.5592
G1 X96.331 Y73.374 E712.5781
G1 X95.792 Y73.913 E712.6034
G1 X95.792 Y73.347 E712.6222
G1 X96.331 Y72.808 E712.6476
G1 X96.331 Y72.242 E712.6664
G1 X95.792 Y72.781 E712.6918
G1 X95.792 Y72.216 E712.7106
G1 X96.331 Y71.677 E712.7359
G1 X96.331 Y71.111 E712.7547
G1 X95.792 Y71.650 E712.7801
G1 X95.792 Y71.084 E712.7989
G1 X96.331 Y70.545 E712.8243
G1 X96.331 Y69.980 E712.8431
G1 X95.792 Y70.519 E712.8684
G1 X95.792 Y69.953 E712.8872
G1 X96.331 Y69.414 E712.9126
G1 X96.331 Y68.848 E712.9314
G1 X95.792 Y69.387 E712.9568
G1 X95.792 Y68.821 E712.9756
G1 X96.331 Y68.283 E713.0009
G1 X96.331 Y67.717 E713.0198
G1 X95.792 Y68.256 E713.0451
G1 X95.792 Y67.690 E713.0639
G1 X96.331 Y67.151 E713.0893
G1 X96.331 Y66.586 E713.1081
G1 X95.792 Y67.124 E713.1334
G1 X95.792 Y66.559 E713.1522
G1 X96.331 Y66.020 E713.1775
G1 X96.331 Y65.910 E713.1812
G1 X96.187 Y65.598 E713.1926
G1 X96.145 Y65.640 E713.1946
G0 F2700 X95.792 Y65.993
G0 F4200 X95.651 Y65.852
;TYPE:SOLID-FILL
;WIDTH:0.400
G1 F3000 X95.592 Y65.910 E713.1974
G1 F3000 E708.1974
G1 F900 Z6.300
G0 F4200 X96.879 Y82.725
G1 F900 Z6.000
G1 F1500 E713.1974
G1 F3000 X96.645 Y82.959 E713.2003
G1 X96.416 Y83.188 E713.2111
G1 F3000 E708.2111
G1 F900 Z6.300
G0 F4200 X95.238 Y82.669
G1 F900 Z6.000
G1 F1500 E713.2111
G1 F3000 X94.754 Y82.869 E713.2299
G1 X94.188 Y82.870 E713.2486
G1 X93.622 Y82.870 E713.2672
G1 X93.056 Y82.871 E713.2859
G1 X92.489 Y82.871 E713.3045
G1 X91.924 Y82.872 E713.3230
G1 X91.357 Y82.872 E713.3415
G1 X90.791 Y82.873 E713.3599
G1 X90.225 Y82.873 E713.3783
G1 X89.883 Y82.933 E713.3898
G1 F3000 E708.3898
G1 F900 Z6.300
G0 F4200 X92.140 Y88.259
;TYPE:WALL-INNER
;WIDTH:0.400
G1 F900 Z6.000
G1 F1500 E713.3898
G1 F2700 X92.034 Y88.269 E713.3934
G1 X80.092 Y88.269 E713.7906
G1 X79.912 Y88.236 E713.7967
G1 X79.781 Y88.149 E713.8019
G1 X79.733 Y88.091 E713.8044
G1 X79.673 Y87.946 E713.8096
G1 X79.666 Y87.875 E713.8120
G1 X79.696 Y87.717 E713.8173
G1 X79.782 Y87.587 E713.8225
G1 X79.917 Y87.500 E713.8279
G1 X79.984 Y87.479 E713.8302
G1 X85.513 Y87.469 E714.0141
G1 X85.513 Y70.848 E714.5669
G1 X85.996 Y69.777 E714.6060
G1 X86.123 Y69.776 E714.6102
G1 X86.612 Y70.849 E714.6494
G1 X86.612 Y87.469 E715.2022
G1 X92.140 Y87.479 E715.3861
G1 X92.283 Y87.539 E715.3912
G1 X92.344 Y87.588 E715.3938
G1 X92.429 Y87.716 E715.3989
G1 X92.460 Y87.869 E715.4041
G1 X92.451 Y87.910 E715.4055
G0 F2700 X92.429 Y88.021
G0 F2700 X92.344 Y88.149
G0 F2700 X92.283 Y88.198
G0 F2700 X92.140 Y88.259
G1 F3000 E710.4055
G0 F4200 X92.219 Y88.653
;TYPE:WALL-OUTER
;WIDTH:0.400
G1 F900 Z6.000
G1 F1500 E715.4055
G1 F2700 X92.053 Y88.669 E715.4111
G1 X80.073 Y88.669 E715.8095
G1 X79.906 Y88.653 E715.8151
G1 X79.757 Y88.607 E715.8203
G1 X79.619 Y88.533 E715.8255
G1 X79.497 Y88.434 E715.8307
G1 X79.398 Y88.313 E715.8359
G1 X79.325 Y88.174 E715.8412
G1 X79.279 Y88.025 E715.8463
G1 X79.264 Y87.871 E715.8515
G1 X79.285 Y87.693 E715.8574
G1 X79.325 Y87.563 E715.8620
G1 X79.398 Y87.425 E715.8672
G1 X79.497 Y87.304 E715.8724
G1 X79.601 Y87.218 E715.8769
G1 X79.759 Y87.130 E715.8829
G1 X79.906 Y87.085 E715.8880
G1 X80.073 Y87.069 E715.8936
G1 X85.113 Y87.069 E716.0612
G1 X85.113 Y70.762 E716.6036
G1 X85.706 Y69.446 E716.6516
G1 X85.800 Y69.307 E716.6572
G1 X85.929 Y69.221 E716.6623
G1 X85.981 Y69.205 E716.6641
G1 X86.134 Y69.203 E716.6692
G1 X86.198 Y69.222 E716.6714
G1 X86.332 Y69.311 E716.6768
G1 X86.376 Y69.366 E716.6791
G1 X87.012 Y70.762 E716.7301
G1 X87.012 Y87.069 E717.2725
G1 X92.053 Y87.069 E717.4402
G1 X92.219 Y87.085 E717.4457
G1 X92.368 Y87.131 E717.4509
G1 X92.506 Y87.204 E717.4561
G1 X92.628 Y87.304 E717.4614
G1 X92.727 Y87.425 E717.4666
G1 X92.800 Y87.563 E717.4718
G1 X92.846 Y87.714 E717.4770
G1 X92.862 Y87.869 E717.4822
G1 X92.846 Y88.024 E717.4874
G1 X92.800 Y88.174 E717.4926
G1 X92.727 Y88.313 E717.4978
G1 X92.648 Y88.410 E717.5020
G0 F2700 X92.628 Y88.434
G0 F2700 X92.506 Y88.533
G0 F2700 X92.368 Y88.607
G0 F2700 X92.219 Y88.653
G1 F3000 E712.5020
G0 F4200 X92.121 Y88.049
;TYPE:SOLID-FILL
;WIDTH:0.400
G1 F900 Z6.000
G1 F1500 E717.5020
G1 F3000 X92.084 Y87.803 E717.5077
G1 X91.448 Y87.872 E717.5260
G1 X90.883 Y87.872 E717.5443
G1 X90.318 Y87.871 E717.5627
G1 X89.753 Y87.871 E717.5811
G1 X89.188 Y87.870 E717.5996
G1 X88.622 Y87.870 E717.6182
G1 X88.057 Y87.869 E717.6368
G1 X87.492 Y87.868 E717.6555
G1 X86.885 Y87.910 E717.6742
G1 X86.844 Y87.669 E717.6824
G0 F4200 X86.483 Y87.747
;TYPE:SOLID-FILL
;WIDTH:0.400
G1 F2700 X86.242 Y87.988 E717.6937
G1 X85.677 Y87.988 E717.7125
G1 X86.331 Y87.334 E717.7433
G1 X86.331 Y86.768 E717.7621
G1 X85.792 Y87.307 E717.7874
G1 X85.792 Y86.741 E717.8063
G1 X86.331 Y86.202 E717.8316
G1 X86.331 Y85.636 E717.8504
G1 X85.792 Y86.175 E717.8758
G1 X85.792 Y85.610 E717.8946
G1 X86.331 Y85.071 E717.9199
G1 X86.331 Y84.505 E717.9388
G1 X85.792 Y85.044 E717.9641
G1 X85.792 Y84.478 E717.9829
G1 X86.331 Y83.939 E718.0083
G1 X86.331 Y83.374 E718.0271
G1 X85.792 Y83.913 E718.0524
G1 X85.792 Y83.347 E718.0713
G1 X86.331 Y82.808 E718.0966
G1 X86.331 Y82.242 E718.1154
G1 X85.792 Y82.781 E718.1408
G1 X85.792 Y82.216 E718.1596
G1 X86.331 Y81.677 E718.1849
G1 X86.331 Y81.111 E718.2038
G1 X85.792 Y81.650 E718.2291
G1 X85.792 Y81.084 E718.2479
G1 X86.331 Y80.545 E718.2733
G1 X86.331 Y79.980 E718.2921
G1 X85.792 Y80.518 E718.3174
G1 X85.792 Y79.953 E718.3362
G1 X86.331 Y79.414 E718.3616
G1 X86.331 Y78.848 E718.3804
G1 X85.792 Y79.387 E718.4057
G1 X85.792 Y78.821 E718.4246
G1 X86.331 Y78.283 E718.4499
G1 X86.331 Y77.717 E718.4687
G1 X85.792 Y78.256 E718.4941
G1 X85.792 Y77.690 E718.5129
G1 X86.331 Y77.151 E718.5382
G1 X86.331 Y76.586 E718.5570
G1 X85.792 Y77.124 E718.5824
G1 X85.792 Y76.559 E718.6012
G1 X86.331 Y76.020 E718.6265
G1 X86.331 Y75.454 E718.6453
G1 X85.792 Y75.993 E718.6707
G1 X85.792 Y75.427 E718.6895
G1 X86.331 Y74.888 E718.7149
G1 X86.331 Y74.323 E718.7337
G1 X85.792 Y74.862 E718.7590
G1 X85.792 Y74.296 E718.7778
G1 X86.331 Y73.757 E718.8032
G1 X86.331 Y73.191 E718.8220
G1 X85.792 Y73.730 E718.8474
G1 X85.792 Y73.165 E718.8662
G1 X86.331 Y72.626 E718.8915
G1 X86.331 Y72.060 E718.9103
G1 X85.792 Y72.599 E718.9357
G1 X85.792 Y72.033 E718.9545
G1 X86.331 Y71.494 E718.9799
G1 X86.331 Y70.929 E718.9987
G1 X85.792 Y71.467 E719.0240
G1 X85.791 Y70.907 E719.0426
G1 X85.795 Y70.899 E719.0429
G1 X85.805 Y70.889 E719.0434
G0 F2700 X86.159 Y70.535
G1 F3000 E714.0434
G1 F900 Z6.300
G0 F4200 X86.880 Y87.633
;TYPE:SOLID-FILL
;WIDTH:0.400
G1 F900 Z6.000
G1 F1500 E719.0434
G1 F3000 X86.625 Y87.888 E719.0554
G0 F4200 X85.433 Y87.949
G1 F3000 X85.195 Y87.903 E719.0643
G1 X84.664 Y87.868 E719.0830
G1 X84.098 Y87.869 E719.1017
G1 X83.532 Y87.870 E719.1204
G1 X82.965 Y87.870 E719.1390
G1 X82.400 Y87.871 E719.1575
G1 X81.833 Y87.871 E719.1760
G1 X81.267 Y87.872 E719.1944
G1 X80.701 Y87.872 E719.2128
G1 X80.048 Y87.959 E719.2312
G1 X80.048 Y87.677 E719.2406
;LAYER:30
;Z:6.200
;HEIGHT:0.200
G1 F3000 E714.2406
G0 F900 Z6.200
G0 F4200 X92.140 Y88.259
;TYPE:WALL-INNER
;WIDTH:0.400
G1 F900 Z6.200
G1 F1500 E719.2406
G1 F2700 X92.034 Y88.269 E719.2441
G1 X80.092 Y88.269 E719.6413
G1 X79.925 Y88.241 E719.6469
G1 X79.839 Y88.196 E719.6501
G1 X79.733 Y88.091 E719.6551
G1 X79.673 Y87.946 E719.6603
G1 X79.666 Y87.875 E719.6627
G1 X79.697 Y87.716 E719.6681
G1 X79.781 Y87.588 E719.6732
G1 X79.911 Y87.502 E719.6784
G1 X79.985 Y87.479 E719.6809
G1 X85.513 Y87.469 E719.8648
G1 X85.513 Y70.848 E720.4176
G1 X85.995 Y69.777 E720.4567
G1 X86.123 Y69.777 E720.4609
G1 X86.612 Y70.849 E720.5001
G1 X86.612 Y87.469 E721.0529
G1 X92.140 Y87.479 E721.2368
G1 X92.284 Y87.539 E721.2420
G1 X92.398 Y87.657 E721.2474
G1 X92.452 Y87.794 E721.2523
G1 X92.460 Y87.869 E721.2548
G1 X92.451 Y87.910 E721.2562
G0 F2700 X92.429 Y88.021
G0 F2700 X92.344 Y88.149
G0 F2700 X92.283 Y88.198
G0 F2700 X92.140 Y88.259
G1 F3000 E716.2562
G0 F4200 X92.219 Y88.653
;TYPE:WALL-OUTER
;WIDTH:0.400
G1 F900 Z6.200
G1 F1500 E721.2562
G1 F2700 X92.053 Y88.669 E721.2618
G1 X80.073 Y88.669 E721.6602
G1 X79.906 Y88.653 E721.6658
G1 X79.773 Y88.613 E721.6704
G1 X79.618 Y88.532 E721.6762
G1 X79.497 Y88.434 E721.6814
G1 X79.398 Y88.313 E721.6866
G1 X79.325 Y88.174 E721.6918
G1 X79.279 Y88.025 E721.6970
G1 X79.264 Y87.871 E721.7022
G1 X79.284 Y87.699 E721.7079
G1 X79.325 Y87.563 E721.7127
G1 X79.398 Y87.425 E721.7179
G1 X79.497 Y87.304 E721.7231
G1 X79.619 Y87.204 E721.7283
G1 X79.757 Y87.131 E721.7335
G1 X79.906 Y87.085 E721.7387
G1 X80.073 Y87.069 E721.7443
G1 X85.113 Y87.069 E721.9119
G1 X85.113 Y70.762 E722.4543
G1 X85.706 Y69.446 E722.5023
G1 X85.800 Y69.306 E722.5079
G1 X85.974 Y69.207 E722.5145
G1 X86.128 Y69.205 E722.5197
G1 X86.271 Y69.261 E722.5248
G1 X86.374 Y69.363 E722.5296
G1 X87.012 Y70.762 E722.5807
G1 X87.012 Y87.069 E723.1231
G1 X92.053 Y87.069 E723.2908
G1 X92.219 Y87.085 E723.2963
G1 X92.368 Y87.131 E723.3015
G1 X92.506 Y87.204 E723.3067
G1 X92.627 Y87.303 E723.3119
G1 X92.734 Y87.438 E723.3176
G1 X92.800 Y87.563 E723.3223
G1 X92.846 Y87.714 E723.3276
G1 X92.862 Y87.869 E723.3328
G1 X92.846 Y88.024 E723.3379
G1 X92.800 Y88.174 E723.3432
G1 X92.727 Y88.313 E723.3484
G1 X92.648 Y88.410 E723.3525
G0 F2700 X92.628 Y88.434
G0 F2700 X92.506 Y88.533
G0 F2700 X92.368 Y88.607
G0 F2700 X92.219 Y88.653
G1 F3000 E718.3525
G0 F4200 X92.218 Y87.975
;TYPE:SOLID-FILL
;WIDTH:0.400
G1 F900 Z6.200
G1 F1500 E723.3525
G1 F3000 X91.832 Y87.873 E723.3665
G1 X91.267 Y87.873 E723.3848
G1 X90.700 Y87.872 E723.4032
G1 X90.134 Y87.872 E723.4216
G1 X89.568 Y87.871 E723.4400
G1 X89.002 Y87.871 E723.4585
G1 X88.435 Y87.870 E723.4771
G1 X87.869 Y87.870 E723.4957
G1 X87.303 Y87.869 E723.5143
G1 X86.821 Y87.669 E723.5317
G0 F4200 X86.617 Y87.748
;TYPE:SOLID-FILL
;WIDTH:0.400
G1 F2700 X86.681 Y87.812 E723.5347
G1 X86.681 Y87.988 E723.5406
G1 X86.291 Y87.988 E723.5535
G1 X85.791 Y87.488 E723.5771
G1 X85.792 Y87.748 E723.5857
G1 X85.646 Y87.748 E723.5906
G0 F2700 X85.485 Y87.748
G0 F2700 X85.725 Y87.988
G1 F3000 E718.5906
G1 F900 Z6.500
G0 F4200 X86.332 Y87.463
G1 F900 Z6.200
G1 F1500 E723.5906
G1 F2700 X85.791 Y86.923 E723.6160
G1 X85.791 Y86.357 E723.6348
G1 X86.332 Y86.897 E723.6602
G1 X86.332 Y86.332 E723.6790
G1 X85.791 Y85.791 E723.7045
G1 X85.791 Y85.226 E723.7233
G1 X86.332 Y85.766 E723.7487
G1 X86.332 Y85.200 E723.7675
G1 X85.791 Y84.660 E723.7929
G1 X85.791 Y84.094 E723.8118
G1 X86.332 Y84.635 E723.8372
G1 X86.332 Y84.069 E723.8560
G1 X85.791 Y83.529 E723.8815
G1 X85.791 Y82.963 E723.9003
G1 X86.332 Y83.503 E723.9257
G1 X86.332 Y82.937 E723.9445
G1 X85.791 Y82.397 E723.9700
G1 X85.791 Y81.832 E723.9887
G1 X86.332 Y82.372 E724.0142
G1 X86.332 Y81.806 E724.0330
G1 X85.791 Y81.266 E724.0584
G1 X85.791 Y80.700 E724.0772
G1 X86.332 Y81.240 E724.1027
G1 X86.332 Y80.675 E724.1215
G1 X85.791 Y80.134 E724.1469
G1 X85.791 Y79.569 E724.1657
G1 X86.332 Y80.109 E724.1911
G1 X86.332 Y79.543 E724.2099
G1 X85.791 Y79.003 E724.2354
G1 X85.791 Y78.437 E724.2542
G1 X86.332 Y78.978 E724.2796
G1 X86.332 Y78.412 E724.2985
G1 X85.791 Y77.872 E724.3239
G1 X85.791 Y77.306 E724.3427
G1 X86.332 Y77.846 E724.3681
G1 X86.332 Y77.281 E724.3869
G1 X85.791 Y76.740 E724.4124
G1 X85.791 Y76.175 E724.4312
G1 X86.332 Y76.715 E724.4566
G1 X86.332 Y76.149 E724.4754
G1 X85.791 Y75.609 E724.5008
G1 X85.791 Y75.043 E724.5197
G1 X86.332 Y75.584 E724.5451
G1 X86.332 Y75.018 E724.5639
G1 X85.791 Y74.478 E724.5894
G1 X85.791 Y73.912 E724.6082
G1 X86.332 Y74.452 E724.6336
G1 X86.332 Y73.887 E724.6524
G1 X85.791 Y73.346 E724.6779
G1 X85.791 Y72.781 E724.6966
G1 X86.332 Y73.321 E724.7221
G1 X86.332 Y72.755 E724.7409
G1 X85.791 Y72.215 E724.7663
G1 X85.791 Y71.649 E724.7851
G1 X86.332 Y72.189 E724.8106
G1 X86.332 Y71.624 E724.8294
G1 X85.791 Y71.084 E724.8548
G1 X85.791 Y70.907 E724.8607
G1 X85.912 Y70.638 E724.8705
G1 X85.978 Y70.704 E724.8736
G0 F2700 X86.332 Y71.058
G0 F4200 X86.472 Y70.916
;TYPE:SOLID-FILL
;WIDTH:0.400
G1 F3000 X86.531 Y70.975 E724.8764
G1 F3000 E719.8764
G1 F900 Z6.500
G0 F4200 X86.472 Y87.320
G1 F900 Z6.200
G1 F1500 E724.8764
G1 F3000 X86.615 Y87.464 E724.8792
G1 X86.757 Y87.606 E724.8858
G1 F3000 E719.8858
G1 F900 Z6.500
G0 F4200 X85.642 Y88.188
G1 F900 Z6.200
G1 F1500 E724.8858
G1 F3000 X85.473 Y88.018 E724.8886
G1 X85.040 Y87.868 E724.8999
G1 X84.475 Y87.869 E724.9186
G1 X83.910 Y87.870 E724.9372
G1 X83.344 Y87.870 E724.9558
G1 X82.779 Y87.871 E724.9743
G1 X82.214 Y87.871 E724.9928
G1 X81.648 Y87.871 E725.0112
G1 X81.083 Y87.872 E725.0296
G1 X80.518 Y87.872 E725.0479
G1 X80.041 Y87.678 E725.0650
G1 F3000 E720.0650
G1 F900 Z6.500
G0 F4200 X102.034 Y83.269
;TYPE:WALL-INNER
;WIDTH:0.400
G1 F900 Z6.200
G1 F1500 E725.0650
G1 F2700 X90.092 Y83.269 E725.4622
G1 X89.925 Y83.241 E725.4679
G1 X89.839 Y83.196 E725.4711
G1 X89.733 Y83.091 E725.4761
G1 X89.673 Y82.946 E725.4813
G1 X89.666 Y82.875 E725.4836
G1 X89.697 Y82.716 E725.4890
G1 X89.781 Y82.588 E725.4941
G1 X89.911 Y82.502 E725.4993
G1 X89.985 Y82.479 E725.5019
G1 X95.513 Y82.469 E725.6858
G1 X95.513 Y65.848 E726.2386
G1 X95.995 Y64.777 E726.2776
G1 X96.123 Y64.777 E726.2819
G1 X96.612 Y65.849 E726.3211
G1 X96.612 Y82.469 E726.8739
G1 X102.140 Y82.479 E727.0577
G1 X102.284 Y82.539 E727.0629
G1 X102.398 Y82.657 E727.0684
G1 X102.452 Y82.794 E727.0733
G1 X102.460 Y82.869 E727.0758
G1 X102.430 Y83.014 E727.0807
G0 F2700 X102.429 Y83.021
G0 F2700 X102.344 Y83.149
G0 F2700 X102.283 Y83.198
G0 F2700 X102.140 Y83.259
G0 F2700 X102.034 Y83.269
G1 F3000 E722.0807
G0 F4200 X102.053 Y83.669
;TYPE:WALL-OUTER
;WIDTH:0.400
G1 F900 Z6.200
G1 F1500 E727.0807
G1 F2700 X90.073 Y83.669 E727.4792
G1 X89.906 Y83.653 E727.4847
G1 X89.773 Y83.613 E727.4894
G1 X89.618 Y83.532 E727.4952
G1 X89.497 Y83.434 E727.5004
G1 X89.398 Y83.313 E727.5056
G1 X89.325 Y83.174 E727.5108
G1 X89.279 Y83.025 E727.5160
G1 X89.264 Y82.871 E727.5211
G1 X89.284 Y82.699 E727.5269
G1 X89.325 Y82.563 E727.5316
G1 X89.398 Y82.425 E727.5368
G1 X89.497 Y82.304 E727.5420
G1 X89.619 Y82.204 E727.5472
G1 X89.757 Y82.131 E727.5524
G1 X89.906 Y82.085 E727.5576
G1 X90.073 Y82.069 E727.5632
G1 X95.113 Y82.069 E727.7308
G1 X95.113 Y65.762 E728.2732
G1 X95.706 Y64.446 E728.3212
G1 X95.800 Y64.306 E728.3268
G1 X95.974 Y64.207 E728.3335
G1 X96.128 Y64.205 E728.3386
G1 X96.271 Y64.261 E728.3437
G1 X96.374 Y64.363 E728.3485
G1 X97.012 Y65.762 E728.3997
G1 X97.012 Y82.069 E728.9420
G1 X102.053 Y82.069 E729.1097
G1 X102.219 Y82.085 E729.1152
G1 X102.368 Y82.131 E729.1204
G1 X102.506 Y82.204 E729.1256
G1 X102.627 Y82.303 E729.1308
G1 X102.734 Y82.438 E729.1366
G1 X102.800 Y82.563 E729.1413
G1 X102.846 Y82.714 E729.1465
G1 X102.862 Y82.869 E729.1517
G1 X102.846 Y83.024 E729.1569
G1 X102.800 Y83.174 E729.1621
G1 X102.727 Y83.313 E729.1673
G1 X102.628 Y83.434 E729.1725
G1 X102.523 Y83.519 E729.1770
G0 F2700 X102.506 Y83.533
G0 F2700 X102.368 Y83.607
G0 F2700 X102.219 Y83.653
G0 F2700 X102.053 Y83.669
G1 F3000 E724.1770
G0 F4200 X102.019 Y83.068
;TYPE:SOLID-FILL
;WIDTH:0.400
G1 F900 Z6.200
G1 F1500 E729.1770
G1 F3000 X101.540 Y82.872 E729.1954
G1 X100.974 Y82.872 E729.2137
G1 X100.408 Y82.872 E729.2321
G1 X99.842 Y82.871 E729.2506
G1 X99.275 Y82.871 E729.2691
G1 X98.710 Y82.870 E729.2876
G1 X98.144 Y82.870 E729.3062
G1 X97.577 Y82.870 E729.3248
G1 X96.927 Y82.785 E729.3435
G1 X96.928 Y83.068 E729.3529
G1 F3000 E724.3529
G1 F900 Z6.500
G0 F4200 X95.759 Y82.749
;TYPE:SOLID-FILL
;WIDTH:0.400
G1 F900 Z6.200
G1 F1500 E729.3529
G1 F2700 X95.999 Y82.988 E729.3642
G1 X96.565 Y82.988 E729.3830
G1 X95.792 Y82.216 E729.4194
G1 X95.792 Y81.650 E729.4382
G1 X96.331 Y82.189 E729.4635
G1 X96.331 Y81.623 E729.4824
G1 X95.792 Y81.084 E729.5077
G1 X95.792 Y80.518 E729.5266
G1 X96.331 Y81.057 E729.5519
G1 X96.331 Y80.492 E729.5707
G1 X95.792 Y79.953 E729.5961
G1 X95.792 Y79.387 E729.6149
G1 X96.331 Y79.926 E729.6402
G1 X96.331 Y79.360 E729.6591
G1 X95.792 Y78.821 E729.6844
G1 X95.792 Y78.256 E729.7032
G1 X96.331 Y78.795 E729.7286
G1 X96.331 Y78.229 E729.7474
G1 X95.792 Y77.690 E729.7727
G1 X95.792 Y77.124 E729.7916
G1 X96.331 Y77.663 E729.8169
G1 X96.331 Y77.097 E729.8357
G1 X95.792 Y76.559 E729.8611
G1 X95.792 Y75.993 E729.8799
G1 X96.331 Y76.532 E729.9052
G1 X96.331 Y75.966 E729.9241
G1 X95.792 Y75.427 E729.9494
G1 X95.792 Y74.862 E729.9682
G1 X96.331 Y75.400 E729.9935
G1 X96.331 Y74.835 E730.0123
G1 X95.792 Y74.296 E730.0377
G1 X95.792 Y73.730 E730.0565
G1 X96.331 Y74.269 E730.0819
G1 X96.331 Y73.703 E730.1007
G1 X95.792 Y73.165 E730.1260
G1 X95.792 Y72.599 E730.1448
G1 X96.331 Y73.138 E730.1702
G1 X96.331 Y72.572 E730.1890
G1 X95.792 Y72.033 E730.2144
G1 X95.792 Y71.467 E730.2332
G1 X96.331 Y72.006 E730.2586
G1 X96.331 Y71.441 E730.2773
G1 X95.792 Y70.902 E730.3027
G1 X95.792 Y70.336 E730.3215
G1 X96.331 Y70.875 E730.3469
G1 X96.331 Y70.309 E730.3657
G1 X95.792 Y69.770 E730.3911
G1 X95.792 Y69.205 E730.4098
G1 X96.331 Y69.744 E730.4352
G1 X96.331 Y69.178 E730.4540
G1 X95.792 Y68.639 E730.4794
G1 X95.792 Y68.073 E730.4982
G1 X96.331 Y68.612 E730.5236
G1 X96.331 Y68.047 E730.5423
G1 X95.792 Y67.508 E730.5677
G1 X95.792 Y66.942 E730.5865
G1 X96.331 Y67.481 E730.6119
G1 X96.331 Y66.915 E730.6307
G1 X95.792 Y66.376 E730.6561
G1 X95.792 Y65.907 E730.6717
G1 X95.822 Y65.840 E730.6741
G1 X96.331 Y66.349 E730.6980
G1 X96.331 Y65.910 E730.7126
G1 X96.319 Y65.885 E730.7136
G0 F2700 X96.225 Y65.678
G0 F2700 X96.032 Y65.485
G1 F3000 E725.7136
G1 F900 Z6.500
G0 F4200 X95.276 Y82.549
;TYPE:SOLID-FILL
;WIDTH:0.400
G1 F900 Z6.200
G1 F1500 E730.7136
G1 F3000 X95.484 Y83.038 E730.7296
G1 X95.243 Y83.080 E730.7377
G1 F3000 E725.7377
G1 F900 Z6.500
G0 F4200 X96.807 Y82.948
G1 F900 Z6.200
G1 F1500 E730.7377
G1 F3000 X96.880 Y83.021 E730.7411
G1 F3000 E725.7411
G1 F900 Z6.500
G0 F4200 X95.231 Y83.068
G1 F900 Z6.200
G1 F1500 E730.7411
G1 F3000 X94.749 Y82.869 E730.7598
G1 X94.183 Y82.870 E730.7784
G1 X93.618 Y82.870 E730.7970
G1 X93.053 Y82.871 E730.8155
G1 X92.488 Y82.871 E730.8340
G1 X91.923 Y82.872 E730.8524
G1 X91.358 Y82.872 E730.8707
G1 X90.792 Y82.872 E730.8891
G1 X90.227 Y82.873 E730.9074
G1 X89.881 Y82.809 E730.9191
G1 F3000 E725.9191
G1 F900 Z6.500
G0 F4200 X107.923 Y90.378
;TYPE:WALL-INNER
;WIDTH:0.400
G1 F900 Z6.200
G1 F1500 E730.9191
G1 F2700 X107.781 Y90.287 E730.9247
G1 X107.696 Y90.158 E730.9298
G1 X107.663 Y89.977 E730.9359
G1 X107.664 Y75.744 E731.4093
G1 X107.696 Y75.579 E731.4149
G1 X107.781 Y75.451 E731.4200
G1 X107.912 Y75.364 E731.4252
G1 X107.985 Y75.341 E731.4278
G1 X108.140 Y75.341 E731.4329
G1 X108.285 Y75.402 E731.4382
G1 X108.393 Y75.514 E731.4434
G1 X108.452 Y75.656 E731.4485
G1 X108.463 Y75.762 E731.4520
G1 X108.463 Y82.319 E731.6701
G1 X110.082 Y82.319 E731.7239
G1 X111.143 Y82.804 E731.7627
G1 X111.143 Y82.931 E731.7670
G1 X110.081 Y83.419 E731.8058
G1 X108.463 Y83.419 E731.8597
G1 X108.463 Y89.975 E732.0777
G1 X108.429 Y90.159 E732.0839
G1 X108.371 Y90.246 E732.0874
G0 F2700 X108.344 Y90.287
G0 F2700 X108.214 Y90.373
G0 F2700 X108.063 Y90.403
G0 F2700 X107.923 Y90.378
G1 F3000 E727.0874
G0 F4200 X107.772 Y90.750
;TYPE:WALL-OUTER
;WIDTH:0.400
G1 F900 Z6.200
G1 F1500 E732.0874
G1 F2700 X107.618 Y90.670 E732.0932
G1 X107.497 Y90.571 E732.0984
G1 X107.398 Y90.450 E732.1036
G1 X107.325 Y90.312 E732.1088
G1 X107.279 Y90.162 E732.1140
G1 X107.263 Y89.996 E732.1195
G1 X107.264 Y75.724 E732.5942
G1 X107.279 Y75.576 E732.5992
G1 X107.325 Y75.426 E732.6044
G1 X107.398 Y75.287 E732.6096
G1 X107.497 Y75.166 E732.6148
G1 X107.619 Y75.067 E732.6200
G1 X107.757 Y74.993 E732.6253
G1 X107.906 Y74.947 E732.6304
G1 X108.063 Y74.932 E732.6357
G1 X108.219 Y74.947 E732.6409
G1 X108.368 Y74.993 E732.6461
G1 X108.507 Y75.067 E732.6513
G1 X108.615 Y75.155 E732.6560
G1 X108.727 Y75.289 E732.6618
G1 X108.800 Y75.426 E732.6669
G1 X108.846 Y75.576 E732.6721
G1 X108.863 Y75.741 E732.6777
G1 X108.863 Y81.919 E732.8831
G1 X110.169 Y81.919 E732.9266
G1 X111.568 Y82.558 E732.9777
G1 X111.668 Y82.654 E732.9823
G1 X111.736 Y82.860 E732.9896
G1 X111.704 Y83.021 E732.9950
G1 X111.574 Y83.173 E733.0017
G1 X110.169 Y83.819 E733.0531
G1 X108.863 Y83.819 E733.0965
G1 X108.863 Y89.996 E733.3020
G1 X108.846 Y90.161 E733.3075
G1 X108.800 Y90.312 E733.3128
G1 X108.727 Y90.450 E733.3180
G1 X108.628 Y90.571 E733.3232
G1 X108.506 Y90.671 E733.3284
G1 X108.368 Y90.744 E733.3336
G1 X108.265 Y90.776 E733.3372
G0 F2700 X108.219 Y90.790
G0 F2700 X108.063 Y90.805
G0 F2700 X107.906 Y90.790
G0 F2700 X107.772 Y90.750
G1 F3000 E728.3372
G0 F4200 X108.009 Y90.190
;TYPE:SOLID-FILL
;WIDTH:0.400
G1 F900 Z6.200
G1 F1500 E733.3372
G1 F3000 X108.071 Y89.969 E733.3432
G1 X108.062 Y89.394 E733.3620
G1 X108.062 Y88.828 E733.3808
G1 X108.062 Y88.262 E733.3996
G1 X108.062 Y87.697 E733.4184
G1 X108.062 Y87.131 E733.4372
G1 X108.062 Y86.565 E733.4560
G1 X108.062 Y86.000 E733.4748
G1 X108.062 Y85.434 E733.4936
G1 X108.062 Y84.868 E733.5124
G1 X108.062 Y84.303 E733.5312
G1 X108.062 Y83.737 E733.5500
G1 X107.862 Y83.254 E733.5674
G0 F4200 X108.028 Y83.138
;TYPE:SOLID-FILL
;WIDTH:0.400
G1 F2700 X107.942 Y83.052 E733.5714
G1 X107.943 Y82.788 E733.5802
G1 X108.245 Y82.789 E733.5902
G1 X108.594 Y83.138 E733.6066
G1 X109.160 Y83.138 E733.6255
G1 X108.620 Y82.599 E733.6508
G1 X109.186 Y82.599 E733.6697
G1 X109.726 Y83.138 E733.6950
G1 X110.018 Y83.138 E733.7048
G1 X110.205 Y83.052 E733.7116
G1 X110.105 Y82.952 E733.7163
G0 F2700 X109.752 Y82.599
G0 F4200 X109.892 Y82.457
;TYPE:SOLID-FILL
;WIDTH:0.400
G1 F3000 X109.834 Y82.399 E733.7190
G1 F3000 E728.7190
G1 F900 Z6.500
G0 F4200 X108.447 Y82.708
G1 F900 Z6.200
G1 F1500 E733.7190
G1 F3000 X107.862 Y82.123 E733.7466
G0 F4200 X108.262 Y81.957
G1 F3000 X108.062 Y81.474 E733.7653
G1 X108.062 Y80.909 E733.7841
G1 X108.062 Y80.343 E733.8029
G1 X108.062 Y79.777 E733.8217
G1 X108.062 Y79.212 E733.8405
G1 X108.062 Y78.646 E733.8592
G1 X108.062 Y78.081 E733.8780
G1 X108.062 Y77.515 E733.8968
G1 X108.062 Y76.949 E733.9155
G1 X108.062 Y76.384 E733.9343
G1 X107.964 Y75.720 E733.9530
G1 X108.258 Y75.731 E733.9628
G1 F3000 E728.9628
G1 F900 Z6.500
G0 F4200 X115.923 Y90.378
;TYPE:WALL-INNER
;WIDTH:0.400
G1 F900 Z6.200
G1 F1500 E733.9628
G1 F2700 X115.781 Y90.287 E733.9684
G1 X115.696 Y90.158 E733.9736
G1 X115.663 Y89.977 E733.9797
G1 X115.664 Y75.744 E734.4531
G1 X115.696 Y75.579 E734.4587
G1 X115.781 Y75.451 E734.4638
G1 X115.912 Y75.364 E734.4690
G1 X115.985 Y75.341 E734.4716
G1 X116.140 Y75.341 E734.4767
G1 X116.285 Y75.402 E734.4820
G1 X116.393 Y75.514 E734.4871
G1 X116.452 Y75.656 E734.4922
G1 X116.463 Y75.762 E734.4958
G1 X116.463 Y82.319 E734.7139
G1 X118.082 Y82.319 E734.7677
G1 X119.143 Y82.804 E734.8065
G1 X119.143 Y82.931 E734.8107
G1 X118.081 Y83.419 E734.8496
G1 X116.463 Y83.419 E734.9034
G1 X116.463 Y89.975 E735.1215
G1 X116.429 Y90.159 E735.1277
G1 X116.371 Y90.246 E735.1312
G0 F2700 X116.344 Y90.287
G0 F2700 X116.214 Y90.373
G0 F2700 X116.063 Y90.403
G0 F2700 X115.923 Y90.378
G1 F3000 E730.1312
G0 F4200 X115.772 Y90.750
;TYPE:WALL-OUTER
;WIDTH:0.400
G1 F900 Z6.200
G1 F1500 E735.1312
G1 F2700 X115.618 Y90.670 E735.1370
G1 X115.497 Y90.571 E735.1422
G1 X115.398 Y90.450 E735.1474
G1 X115.325 Y90.312 E735.1526
G1 X115.279 Y90.162 E735.1578
G1 X115.263 Y89.996 E735.1633
G1 X115.264 Y75.724 E735.6380
G1 X115.279 Y75.576 E735.6430
G1 X115.325 Y75.426 E735.6482
G1 X115.398 Y75.287 E735.6534
G1 X115.497 Y75.166 E735.6586
G1 X115.619 Y75.067 E735.6638
G1 X115.757 Y74.993 E735.6690
G1 X115.906 Y74.947 E735.6742
G1 X116.063 Y74.932 E735.6795
G1 X116.219 Y74.947 E735.6847
G1 X116.368 Y74.993 E735.6899
G1 X116.507 Y75.067 E735.6951
G1 X116.615 Y75.155 E735.6997
G1 X116.727 Y75.289 E735.7055
G1 X116.800 Y75.426 E735.7107
G1 X116.846 Y75.576 E735.7159
G1 X116.863 Y75.741 E735.7214
G1 X116.863 Y81.919 E735.9269
G1 X118.169 Y81.919 E735.9704
G1 X119.568 Y82.558 E736.0215
G1 X119.668 Y82.654 E736.0261
G1 X119.736 Y82.860 E736.0333
G1 X119.704 Y83.021 E736.0388
G1 X119.574 Y83.173 E736.0455
G1 X118.169 Y83.819 E736.0969
G1 X116.863 Y83.819 E736.1403
G1 X116.863 Y89.996 E736.3458
G1 X116.846 Y90.161 E736.3513
G1 X116.800 Y90.312 E736.3565
G1 X116.727 Y90.450 E736.3617
G1 X116.628 Y90.571 E736.3669
G1 X116.506 Y90.671 E736.3722
G1 X116.368 Y90.744 E736.3774
G1 X116.265 Y90.776 E736.3810
G0 F2700 X116.219 Y90.790
G0 F2700 X116.063 Y90.805
G0 F2700 X115.906 Y90.790
G0 F2700 X115.772 Y90.750
G1 F3000 E731.3810
G0 F4200 X116.262 Y89.958
;TYPE:SOLID-FILL
;WIDTH:0.400
G1 F900 Z6.200
G1 F1500 E736.3810
G1 F3000 X116.062 Y89.474 E736.3998
G1 X116.062 Y88.909 E736.4186
G1 X116.062 Y88.343 E736.4373
G1 X116.062 Y87.777 E736.4562
G1 X116.062 Y87.212 E736.4750
G1 X116.062 Y86.646 E736.4937
G1 X116.062 Y86.080 E736.5126
G1 X116.062 Y85.515 E736.5313
G1 X116.062 Y84.949 E736.5501
G1 X116.062 Y84.383 E736.5689
G1 X116.062 Y83.818 E736.5877
G1 X115.862 Y83.335 E736.6051
G0 F4200 X115.942 Y83.132
;TYPE:SOLID-FILL
;WIDTH:0.400
G1 F2700 X115.943 Y82.788 E736.6165
G1 X116.164 Y82.789 E736.6239
G1 X116.514 Y83.139 E736.6403
G1 X117.080 Y83.139 E736.6592
G1 X116.542 Y82.601 E736.6845
G1 X116.542 Y82.598 E736.6846
G1 X117.106 Y82.599 E736.7033
G1 X117.646 Y83.139 E736.7287
G1 X118.018 Y83.139 E736.7411
G1 X118.150 Y83.077 E736.7460
G1 X118.025 Y82.952 E736.7518
G0 F2700 X117.671 Y82.599
G0 F4200 X118.019 Y82.599
G1 F2700 X118.422 Y82.784 E736.7666
G1 F3000 E731.7666
G1 F900 Z6.500
G0 F4200 X116.367 Y82.708
;TYPE:SOLID-FILL
;WIDTH:0.400
G1 F900 Z6.200
G1 F1500 E736.7666
G1 F3000 X116.062 Y82.120 E736.7903
G1 X116.062 Y81.555 E736.8091
G1 X116.062 Y80.989 E736.8279
G1 X116.062 Y80.423 E736.8467
G1 X116.062 Y79.858 E736.8655
G1 X116.062 Y79.292 E736.8843
G1 X116.062 Y78.727 E736.9031
G1 X116.062 Y78.161 E736.9219
G1 X116.062 Y77.596 E736.9406
G1 X116.062 Y77.030 E736.9594
G1 X116.062 Y76.464 E736.9782
G1 X116.062 Y75.898 E736.9969
G1 X115.995 Y75.549 E737.0087
G1 F3000 E732.0087
G1 F900 Z6.500
G0 F4200 X123.781 Y90.287
;TYPE:WALL-INNER
;WIDTH:0.400
G1 F900 Z6.200
G1 F1500 E737.0087
G1 F2700 X123.696 Y90.158 E737.0138
G1 X123.663 Y89.977 E737.0200
G1 X123.664 Y75.744 E737.4934
G1 X123.696 Y75.579 E737.4989
G1 X123.781 Y75.451 E737.5041
G1 X123.912 Y75.364 E737.5093
G1 X123.985 Y75.341 E737.5118
G1 X124.140 Y75.341 E737.5170
G1 X124.285 Y75.402 E737.5222
G1 X124.393 Y75.514 E737.5274
G1 X124.452 Y75.656 E737.5325
G1 X124.463 Y75.762 E737.5361
G1 X124.463 Y82.319 E737.7541
G1 X126.082 Y82.319 E737.8080
G1 X127.143 Y82.804 E737.8468
G1 X127.143 Y82.931 E737.8510
G1 X126.081 Y83.419 E737.8899
G1 X124.463 Y83.419 E737.9437
G1 X124.463 Y89.975 E738.1618
G1 X124.429 Y90.159 E738.1680
G1 X124.344 Y90.287 E738.1731
G1 X124.245 Y90.353 E738.1770
G0 F2700 X124.214 Y90.373
G0 F2700 X124.063 Y90.403
G0 F2700 X123.923 Y90.378
G0 F2700 X123.781 Y90.287
G1 F3000 E733.1770
G0 F4200 X123.497 Y90.571
;TYPE:WALL-OUTER
;WIDTH:0.400
G1 F900 Z6.200
G1 F1500 E738.1770
G1 F2700 X123.398 Y90.450 E738.1822
G1 X123.325 Y90.312 E738.1874
G1 X123.279 Y90.162 E738.1927
G1 X123.263 Y89.996 E738.1982
G1 X123.264 Y75.724 E738.6729
G1 X123.279 Y75.576 E738.6778
G1 X123.325 Y75.426 E738.6831
G1 X123.398 Y75.287 E738.6883
G1 X123.497 Y75.166 E738.6935
G1 X123.619 Y75.067 E738.6987
G1 X123.757 Y74.993 E738.7039
G1 X123.906 Y74.947 E738.7091
G1 X124.063 Y74.932 E738.7143
G1 X124.219 Y74.947 E738.7196
G1 X124.368 Y74.993 E738.7247
G1 X124.507 Y75.067 E738.7300
G1 X124.615 Y75.155 E738.7346
G1 X124.727 Y75.289 E738.7404
G1 X124.800 Y75.426 E738.7456
G1 X124.846 Y75.576 E738.7508
G1 X124.863 Y75.741 E738.7563
G1 X124.863 Y81.919 E738.9618
G1 X126.169 Y81.919 E739.0052
G1 X127.568 Y82.558 E739.0564
G1 X127.668 Y82.654 E739.0610
G1 X127.736 Y82.860 E739.0682
G1 X127.704 Y83.021 E739.0737
G1 X127.574 Y83.173 E739.0803
G1 X126.169 Y83.819 E739.1318
G1 X124.863 Y83.819 E739.1752
G1 X124.863 Y89.996 E739.3807
G1 X124.846 Y90.161 E739.3862
G1 X124.800 Y90.312 E739.3914
G1 X124.727 Y90.450 E739.3966
G1 X124.628 Y90.571 E739.4018
G1 X124.506 Y90.671 E739.4071
G1 X124.368 Y90.744 E739.4123
G1 X124.219 Y90.790 E739.4174
G1 X124.063 Y90.805 E739.4227
G1 X123.938 Y90.793 E739.4268
G0 F2700 X123.906 Y90.790
G0 F2700 X123.772 Y90.750
G0 F2700 X123.618 Y90.670
G0 F2700 X123.497 Y90.571
G1 F3000 E734.4268
G0 F4200 X124.249 Y90.026
;TYPE:SOLID-FILL
;WIDTH:0.400
G1 F900 Z6.200
G1 F1500 E739.4268
G1 F3000 X124.062 Y89.555 E739.4451
G1 X124.062 Y88.989 E739.4639
G1 X124.062 Y88.424 E739.4827
G1 X124.062 Y87.858 E739.5015
G1 X124.062 Y87.292 E739.5202
G1 X124.062 Y86.727 E739.5390
G1 X124.062 Y86.161 E739.5578
G1 X124.062 Y85.595 E739.5766
G1 X124.062 Y85.030 E739.5954
G1 X124.062 Y84.464 E739.6142
G1 X124.062 Y83.898 E739.6329
G1 X123.862 Y83.415 E739.6503
G1 F3000 E734.6503
G1 F900 Z6.500
G0 F4200 X124.084 Y82.789
;TYPE:SOLID-FILL
;WIDTH:0.400
G1 F900 Z6.200
G1 F1500 E739.6503
G1 F2700 X124.434 Y83.139 E739.6668
G1 X125.000 Y83.139 E739.6856
G1 X124.542 Y82.681 E739.7072
G1 X124.542 Y82.599 E739.7099
G1 X125.025 Y82.599 E739.7260
G1 X125.565 Y83.139 E739.7514
G1 X126.018 Y83.139 E739.7664
G1 X126.095 Y83.103 E739.7693
G1 X125.944 Y82.952 E739.7764
G0 F2700 X125.591 Y82.599
G0 F4200 X126.019 Y82.598
G1 F2700 X126.034 Y82.605 E739.7769
G0 F2700 X126.273 Y82.715
G0 F2700 X126.441 Y82.883
G1 F3000 E734.7769
G1 F900 Z6.500
G0 F4200 X125.732 Y82.457
;TYPE:SOLID-FILL
;WIDTH:0.400
G1 F900 Z6.200
G1 F1500 E739.7769
G1 F3000 X125.674 Y82.399 E739.7796
G1 F3000 E734.7796
G1 F900 Z6.500
G0 F4200 X124.225 Y82.647
G1 F900 Z6.200
G1 F1500 E739.7796
G1 F3000 X124.054 Y82.759 E739.7824
G1 X123.802 Y82.507 E739.7917
G1 X124.273 Y82.413 E739.8116
G1 X124.061 Y81.635 E739.8304
G1 X124.061 Y81.070 E739.8491
G1 X124.061 Y80.504 E739.8678
G1 X124.061 Y79.938 E739.8866
G1 X124.061 Y79.373 E739.9053
G1 X124.061 Y78.807 E739.9240
G1 X124.061 Y78.241 E739.9428
G1 X124.061 Y77.675 E739.9615
G1 X124.061 Y77.110 E739.9802
G1 X124.061 Y76.544 E739.9990
G1 X124.061 Y75.978 E740.0177
G1 X123.948 Y75.581 E740.0314
G1 F3000 E735.0314
G1 F900 Z6.500
G0 F4200 X131.781 Y90.287
;TYPE:WALL-INNER
;WIDTH:0.400
G1 F900 Z6.200
G1 F1500 E740.0314
G1 F2700 X131.696 Y90.158 E740.0366
G1 X131.663 Y89.977 E740.0427
G1 X131.664 Y75.744 E740.5161
G1 X131.696 Y75.579 E740.5217
G1 X131.781 Y75.451 E740.5268
G1 X131.912 Y75.364 E740.5320
G1 X131.985 Y75.341 E740.5346
G1 X132.140 Y75.341 E740.5397
G1 X132.285 Y75.402 E740.5449
G1 X132.393 Y75.514 E740.5501
G1 X132.452 Y75.656 E740.5552
G1 X132.463 Y75.762 E740.5588
G1 X132.463 Y82.319 E740.7769
G1 X134.082 Y82.319 E740.8307
G1 X135.143 Y82.804 E740.8695
G1 X135.143 Y82.931 E740.8737
G1 X134.081 Y83.419 E740.9126
G1 X132.463 Y83.419 E740.9664
G1 X132.463 Y89.975 E741.1845
G1 X132.429 Y90.159 E741.1907
G1 X132.344 Y90.287 E741.1958
G1 X132.245 Y90.353 E741.1998
G0 F2700 X132.214 Y90.373
G0 F2700 X132.063 Y90.403
G0 F2700 X131.923 Y90.378
G0 F2700 X131.781 Y90.287
G1 F3000 E736.1998
G0 F4200 X131.497 Y90.571
;TYPE:WALL-OUTER
;WIDTH:0.400
G1 F900 Z6.200
G1 F1500 E741.1998
G1 F2700 X131.398 Y90.450 E741.2050
G1 X131.325 Y90.312 E741.2102
G1 X131.279 Y90.162 E741.2154
G1 X131.263 Y89.996 E741.2209
G1 X131.264 Y75.724 E741.6956
G1 X131.279 Y75.576 E741.7006
G1 X131.325 Y75.426 E741.7058
G1 X131.398 Y75.287 E741.7110
G1 X131.497 Y75.166 E741.7162
G1 X131.619 Y75.067 E741.7214
G1 X131.757 Y74.993 E741.7266
G1 X131.906 Y74.947 E741.7318
G1 X132.063 Y74.932 E741.7371
G1 X132.219 Y74.947 E741.7423
G1 X132.368 Y74.993 E741.7475
G1 X132.507 Y75.067 E741.7527
G1 X132.615 Y75.155 E741.7573
G1 X132.727 Y75.289 E741.7632
G1 X132.800 Y75.426 E741.7683
G1 X132.846 Y75.576 E741.7735
G1 X132.863 Y75.741 E741.7790
G1 X132.863 Y81.919 E741.9845
G1 X134.169 Y81.919 E742.0280
G1 X135.568 Y82.558 E742.0791
G1 X135.668 Y82.654 E742.0837
G1 X135.736 Y82.860 E742.0909
G1 X135.704 Y83.021 E742.0964
G1 X135.574 Y83.173 E742.1031
G1 X134.169 Y83.819 E742.1545
G1 X132.863 Y83.819 E742.1979
G1 X132.863 Y89.996 E742.4034
G1 X132.846 Y90.161 E742.4089
G1 X132.800 Y90.312 E742.4141
G1 X132.727 Y90.450 E742.4193
G1 X132.628 Y90.571 E742.4245
G1 X132.506 Y90.671 E742.4298
G1 X132.368 Y90.744 E742.4350
G1 X132.219 Y90.790 E742.4402
G1 X132.063 Y90.805 E742.4454
G1 X131.938 Y90.793 E742.4496
G0 F2700 X131.906 Y90.790
G0 F2700 X131.772 Y90.750
G0 F2700 X131.618 Y90.670
G0 F2700 X131.497 Y90.571
G1 F3000 E737.4496
G0 F4200 X132.233 Y90.090
;TYPE:SOLID-FILL
;WIDTH:0.400
G1 F900 Z6.200
G1 F1500 E742.4496
G1 F3000 X132.061 Y89.635 E742.4670
G1 X132.061 Y89.069 E742.4859
G1 X132.061 Y88.504 E742.5046
G1 X132.061 Y87.938 E742.5235
G1 X132.061 Y87.372 E742.5423
G1 X132.061 Y86.806 E742.5611
G1 X132.061 Y86.241 E742.5799
G1 X132.061 Y85.675 E742.5987
G1 X132.061 Y85.109 E742.6176
G1 X132.061 Y84.544 E742.6364
G1 X132.061 Y83.978 E742.6552
G1 X132.005 Y83.356 E742.6740
G1 X132.262 Y83.330 E742.6826
G0 F4200 X132.004 Y82.789
;TYPE:SOLID-FILL
;WIDTH:0.400
G1 F2700 X132.353 Y83.138 E742.6990
G1 X132.919 Y83.138 E742.7179
G1 X132.542 Y82.761 E742.7356
G1 X132.542 Y82.599 E742.7410
G1 X132.945 Y82.599 E742.7544
G1 X133.484 Y83.138 E742.7797
G1 X134.017 Y83.138 E742.7975
G1 X134.039 Y83.128 E742.7983
G1 X133.863 Y82.952 E742.8065
G0 F2700 X133.510 Y82.599
G0 F4200 X134.019 Y82.598
G1 F2700 X134.060 Y82.617 E742.8081
G0 F2700 X134.124 Y82.646
G0 F2700 X134.428 Y82.950
G1 F3000 E737.8081
G1 F900 Z6.500
G0 F4200 X133.651 Y82.457
;TYPE:SOLID-FILL
;WIDTH:0.400
G1 F900 Z6.200
G1 F1500 E742.8081
G1 F3000 X133.593 Y82.399 E742.8108
G1 F3000 E737.8108
G1 F900 Z6.500
G0 F4200 X132.144 Y82.647
G1 F900 Z6.200
G1 F1500 E742.8108
G1 F3000 X131.973 Y82.759 E742.8135
G1 X131.801 Y82.587 E742.8191
G1 X132.234 Y82.453 E742.8353
G1 X132.061 Y81.715 E742.8542
G1 X132.061 Y81.150 E742.8730
G1 X132.061 Y80.584 E742.8918
G1 X132.061 Y80.018 E742.9106
G1 X132.061 Y79.453 E742.9294
G1 X132.062 Y78.887 E742.9481
G1 X132.062 Y78.322 E742.9669
G1 X132.062 Y77.756 E742.9857
G1 X132.062 Y77.190 E743.0044
G1 X132.062 Y76.625 E743.0231
G1 X132.062 Y76.059 E743.0419
G1 X131.907 Y75.621 E743.0574
;LAYER:31
;Z:6.400
;HEIGHT:0.200
G1 F3000 E738.0574
G0 F900 Z6.400
G0 F4200 X131.781 Y90.287
;TYPE:WALL-INNER
;WIDTH:0.400
G1 F900 Z6.400
G1 F1500 E743.0574
G1 F2700 X131.696 Y90.158 E743.0625
G1 X131.663 Y89.977 E743.0686
G1 X131.663 Y75.760 E743.5415
G1 X131.696 Y75.579 E743.5476
G1 X131.781 Y75.451 E743.5527
G1 X131.912 Y75.364 E743.5579
G1 X131.985 Y75.341 E743.5605
G1 X132.140 Y75.341 E743.5656
G1 X132.283 Y75.402 E743.5708
G1 X132.392 Y75.509 E743.5759
G1 X132.452 Y75.656 E743.5812
G1 X132.463 Y75.762 E743.5847
G1 X132.463 Y82.319 E743.8028
G1 X134.083 Y82.319 E743.8567
G1 X135.145 Y82.804 E743.8955
G1 X135.145 Y82.931 E743.8997
G1 X134.082 Y83.419 E743.9387
G1 X132.463 Y83.419 E743.9925
G1 X132.463 Y89.975 E744.2106
G1 X132.429 Y90.159 E744.2168
G1 X132.344 Y90.287 E744.2219
G1 X132.245 Y90.353 E744.2258
G0 F2700 X132.214 Y90.373
G0 F2700 X132.063 Y90.403
G0 F2700 X131.920 Y90.376
G0 F2700 X131.781 Y90.287
G1 F3000 E739.2258
G0 F4200 X131.497 Y90.571
;TYPE:WALL-OUTER
;WIDTH:0.400
G1 F900 Z6.400
G1 F1500 E744.2258
G1 F2700 X131.398 Y90.450 E744.2310
G1 X131.325 Y90.312 E744.2362
G1 X131.279 Y90.162 E744.2415
G1 X131.263 Y89.996 E744.2470
G1 X131.263 Y75.741 E744.7211
G1 X131.279 Y75.575 E744.7267
G1 X131.325 Y75.426 E744.7319
G1 X131.398 Y75.287 E744.7371
G1 X131.497 Y75.166 E744.7423
G1 X131.619 Y75.067 E744.7475
G1 X131.757 Y74.993 E744.7527
G1 X131.906 Y74.947 E744.7579
G1 X132.063 Y74.932 E744.7631
G1 X132.219 Y74.947 E744.7684
G1 X132.368 Y74.993 E744.7735
G1 X132.506 Y75.067 E744.7788
G1 X132.628 Y75.166 E744.7840
G1 X132.727 Y75.287 E744.7892
G1 X132.800 Y75.426 E744.7944
G1 X132.846 Y75.576 E744.7996
G1 X132.863 Y75.741 E744.8051
G1 X132.863 Y81.919 E745.0106
G1 X134.170 Y81.919 E745.0541
G1 X135.561 Y82.554 E745.1049
G1 X135.671 Y82.663 E745.1101
G1 X135.736 Y82.860 E745.1170
G1 X135.704 Y83.021 E745.1225
G1 X135.572 Y83.175 E745.1292
G1 X134.169 Y83.819 E745.1805
G1 X132.863 Y83.819 E745.2240
G1 X132.863 Y89.996 E745.4294
G1 X132.846 Y90.161 E745.4350
G1 X132.800 Y90.312 E745.4402
G1 X132.727 Y90.450 E745.4454
G1 X132.628 Y90.571 E745.4506
G1 X132.506 Y90.671 E745.4558
G1 X132.368 Y90.744 E745.4610
G1 X132.219 Y90.790 E745.4662
G1 X132.063 Y90.805 E745.4714
G1 X131.937 Y90.792 E745.4756
G0 F2700 X131.906 Y90.790
G0 F2700 X131.768 Y90.748
G0 F2700 X131.618 Y90.670
G0 F2700 X131.497 Y90.571
G1 F3000 E740.4756
G0 F4200 X131.910 Y90.120
;TYPE:SOLID-FILL
;WIDTH:0.400
G1 F900 Z6.400
G1 F1500 E745.4756
G1 F3000 X132.062 Y89.686 E745.4922
G1 X132.062 Y89.120 E745.5110
G1 X132.062 Y88.554 E745.5298
G1 X132.062 Y87.989 E745.5485
G1 X132.062 Y87.423 E745.5673
G1 X132.062 Y86.857 E745.5861
G1 X132.062 Y86.292 E745.6048
G1 X132.062 Y85.726 E745.6236
G1 X132.062 Y85.160 E745.6424
G1 X132.062 Y84.594 E745.6611
G1 X132.062 Y84.029 E745.6798
G1 X132.262 Y83.546 E745.6972
G0 F4200 X131.862 Y83.380
G1 F3000 X132.462 Y82.780 E745.7254
G0 F4200 X132.262 Y82.415
G1 F3000 X131.862 Y82.531 E745.7442
G1 X132.062 Y81.766 E745.7630
G1 X132.062 Y81.200 E745.7818
G1 X132.062 Y80.635 E745.8005
G1 X132.062 Y80.069 E745.8193
G1 X132.062 Y79.503 E745.8381
G1 X132.062 Y78.938 E745.8568
G1 X132.062 Y78.372 E745.8756
G1 X132.062 Y77.806 E745.8944
G1 X132.062 Y77.241 E745.9131
G1 X132.062 Y76.675 E745.9319
G1 X132.062 Y76.109 E745.9507
G1 X132.234 Y75.654 E745.9668
G1 F3000 E740.9668
G1 F900 Z6.700
G0 F4200 X132.926 Y82.599
;TYPE:SOLID-FILL
;WIDTH:0.400
G1 F900 Z6.400
G1 F1500 E745.9668
G1 F2700 X132.542 Y82.983 E745.9849
G1 X132.542 Y83.139 E745.9901
G1 X132.952 Y83.139 E746.0037
G1 X133.139 Y82.952 E746.0125
G0 F2700 X133.492 Y82.599
G0 F4200 X134.020 Y82.599
G1 F2700 X134.046 Y82.610 E746.0135
G1 X133.518 Y83.139 E746.0383
G1 X134.019 Y83.138 E746.0550
G1 X134.064 Y83.117 E746.0566
G0 F2700 X134.138 Y83.084
G0 F2700 X134.435 Y82.788
G1 F3000 E741.0566
G1 F900 Z6.700
G0 F4200 X133.975 Y82.399
;TYPE:SOLID-FILL
;WIDTH:0.400
G1 F900 Z6.400
G1 F1500 E746.0566
G1 F3000 X133.656 Y82.434 E746.0599
G1 X133.097 Y82.428 E746.0627
G1 X132.784 Y82.458 E746.0731
G1 F3000 E741.0731
G1 F900 Z6.700
G0 F4200 X123.781 Y90.287
;TYPE:WALL-INNER
;WIDTH:0.400
G1 F900 Z6.400
G1 F1500 E746.0731
G1 F2700 X123.696 Y90.158 E746.0783
G1 X123.663 Y89.977 E746.0844
G1 X123.663 Y75.760 E746.5572
G1 X123.696 Y75.579 E746.5633
G1 X123.781 Y75.451 E746.5685
G1 X123.912 Y75.364 E746.5737
G1 X123.985 Y75.341 E746.5762
G1 X124.140 Y75.341 E746.5814
G1 X124.283 Y75.402 E746.5866
G1 X124.392 Y75.509 E746.5916
G1 X124.452 Y75.656 E746.5969
G1 X124.463 Y75.762 E746.6005
G1 X124.463 Y82.319 E746.8186
G1 X126.083 Y82.319 E746.8724
G1 X127.145 Y82.804 E746.9113
G1 X127.145 Y82.931 E746.9155
G1 X126.082 Y83.419 E746.9544
G1 X124.463 Y83.419 E747.0082
G1 X124.463 Y89.975 E747.2263
G1 X124.429 Y90.159 E747.2325
G1 X124.344 Y90.287 E747.2376
G1 X124.245 Y90.353 E747.2416
G0 F2700 X124.214 Y90.373
G0 F2700 X124.063 Y90.403
G0 F2700 X123.920 Y90.376
G0 F2700 X123.781 Y90.287
G1 F3000 E742.2416
G0 F4200 X123.497 Y90.571
;TYPE:WALL-OUTER
;WIDTH:0.400
G1 F900 Z6.400
G1 F1500 E747.2416
G1 F2700 X123.398 Y90.450 E747.2468
G1 X123.325 Y90.312 E747.2520
G1 X123.279 Y90.162 E747.2572
G1 X123.263 Y89.996 E747.2627
G1 X123.263 Y75.741 E747.7369
G1 X123.279 Y75.575 E747.7424
G1 X123.325 Y75.426 E747.7476
G1 X123.398 Y75.287 E747.7528
G1 X123.497 Y75.166 E747.7580
G1 X123.619 Y75.067 E747.7632
G1 X123.757 Y74.993 E747.7685
G1 X123.906 Y74.947 E747.7736
G1 X124.063 Y74.932 E747.7789
G1 X124.219 Y74.947 E747.7841
G1 X124.368 Y74.993 E747.7893
G1 X124.506 Y75.067 E747.7945
G1 X124.628 Y75.166 E747.7997
G1 X124.727 Y75.287 E747.8049
G1 X124.800 Y75.426 E747.8101
G1 X124.846 Y75.576 E747.8154
G1 X124.863 Y75.741 E747.8209
G1 X124.863 Y81.919 E748.0264
G1 X126.170 Y81.919 E748.0698
G1 X127.561 Y82.554 E748.1207
G1 X127.671 Y82.663 E748.1258
G1 X127.736 Y82.860 E748.1327
G1 X127.704 Y83.021 E748.1382
G1 X127.572 Y83.175 E748.1449
G1 X126.169 Y83.819 E748.1963
G1 X124.863 Y83.819 E748.2397
G1 X124.863 Y89.996 E748.4452
G1 X124.846 Y90.161 E748.4507
G1 X124.800 Y90.312 E748.4559
G1 X124.727 Y90.450 E748.4611
G1 X124.628 Y90.571 E748.4663
G1 X124.506 Y90.671 E748.4716
G1 X124.368 Y90.744 E748.4768
G1 X124.219 Y90.790 E748.4820
G1 X124.063 Y90.805 E748.4872
G1 X123.937 Y90.792 E748.4914
G0 F2700 X123.906 Y90.790
G0 F2700 X123.768 Y90.748
G0 F2700 X123.618 Y90.670
G0 F2700 X123.497 Y90.571
G1 F3000 E743.4914
G0 F4200 X123.951 Y90.160
;TYPE:SOLID-FILL
;WIDTH:0.400
G1 F900 Z6.400
G1 F1500 E748.4914
G1 F3000 X124.061 Y89.766 E748.5060
G1 X124.061 Y89.201 E748.5247
G1 X124.061 Y88.635 E748.5435
G1 X124.061 Y88.069 E748.5622
G1 X124.061 Y87.504 E748.5809
G1 X124.061 Y86.938 E748.5997
G1 X124.061 Y86.372 E748.6184
G1 X124.061 Y85.806 E748.6371
G1 X124.061 Y85.241 E748.6559
G1 X124.061 Y84.675 E748.6746
G1 X124.061 Y84.109 E748.6933
G1 X124.261 Y83.627 E748.7107
G0 F4200 X123.862 Y83.461
G1 F3000 X124.462 Y82.861 E748.7389
G0 F4200 X124.261 Y82.496
G1 F3000 X123.862 Y82.612 E748.7577
G1 X124.061 Y81.847 E748.7764
G1 X124.061 Y81.281 E748.7951
G1 X124.061 Y80.715 E748.8139
G1 X124.061 Y80.150 E748.8326
G1 X124.061 Y79.584 E748.8513
G1 X124.061 Y79.018 E748.8701
G1 X124.061 Y78.453 E748.8888
G1 X124.061 Y77.887 E748.9075
G1 X124.061 Y77.321 E748.9263
G1 X124.061 Y76.756 E748.9450
G1 X124.061 Y76.190 E748.9638
G1 X124.255 Y75.714 E748.9809
G1 F3000 E743.9809
G1 F900 Z6.700
G0 F4200 X125.007 Y82.599
;TYPE:SOLID-FILL
;WIDTH:0.400
G1 F900 Z6.400
G1 F1500 E748.9809
G1 F2700 X124.542 Y83.063 E749.0027
G1 X124.542 Y83.138 E749.0052
G1 X125.033 Y83.138 E749.0215
G1 X125.219 Y82.952 E749.0303
G0 F2700 X125.572 Y82.599
G0 F4200 X126.019 Y82.599
G1 F2700 X126.101 Y82.636 E749.0333
G1 X125.599 Y83.138 E749.0569
G1 X126.019 Y83.138 E749.0708
G1 X126.030 Y83.132 E749.0713
G0 F2700 X126.287 Y83.015
G0 F2700 X126.442 Y82.861
G1 F3000 E744.0713
G1 F900 Z6.700
G0 F4200 X126.055 Y82.399
;TYPE:SOLID-FILL
;WIDTH:0.400
G1 F900 Z6.400
G1 F1500 E749.0713
G1 F3000 X125.724 Y82.447 E749.0757
G1 X125.177 Y82.428 E749.0785
G1 X124.865 Y82.457 E749.0889
G1 F3000 E744.0889
G1 F900 Z6.700
G0 F4200 X115.920 Y90.376
;TYPE:WALL-INNER
;WIDTH:0.400
G1 F900 Z6.400
G1 F1500 E749.0889
G1 F2700 X115.781 Y90.287 E749.0944
G1 X115.696 Y90.158 E749.0996
G1 X115.663 Y89.977 E749.1057
G1 X115.663 Y75.760 E749.5785
G1 X115.696 Y75.579 E749.5847
G1 X115.781 Y75.451 E749.5898
G1 X115.912 Y75.364 E749.5950
G1 X115.985 Y75.341 E749.5976
G1 X116.140 Y75.341 E749.6027
G1 X116.283 Y75.402 E749.6079
G1 X116.392 Y75.509 E749.6130
G1 X116.452 Y75.656 E749.6182
G1 X116.463 Y75.762 E749.6218
G1 X116.463 Y82.319 E749.8399
G1 X118.083 Y82.319 E749.8938
G1 X119.145 Y82.804 E749.9326
G1 X119.145 Y82.931 E749.9368
G1 X118.082 Y83.419 E749.9757
G1 X116.463 Y83.419 E750.0296
G1 X116.463 Y89.975 E750.2476
G1 X116.429 Y90.159 E750.2538
G1 X116.370 Y90.248 E750.2574
G0 F2700 X116.344 Y90.287
G0 F2700 X116.214 Y90.373
G0 F2700 X116.063 Y90.403
G0 F2700 X115.920 Y90.376
G1 F3000 E745.2574
G0 F4200 X115.768 Y90.748
;TYPE:WALL-OUTER
;WIDTH:0.400
G1 F900 Z6.400
G1 F1500 E750.2574
G1 F2700 X115.618 Y90.670 E750.2630
G1 X115.497 Y90.571 E750.2682
G1 X115.398 Y90.450 E750.2734
G1 X115.325 Y90.312 E750.2786
G1 X115.279 Y90.162 E750.2838
G1 X115.263 Y89.996 E750.2894
G1 X115.263 Y75.741 E750.7635
G1 X115.279 Y75.575 E750.7690
G1 X115.325 Y75.426 E750.7742
G1 X115.398 Y75.287 E750.7794
G1 X115.497 Y75.166 E750.7846
G1 X115.619 Y75.067 E750.7899
G1 X115.757 Y74.993 E750.7951
G1 X115.906 Y74.947 E750.8003
G1 X116.063 Y74.932 E750.8055
G1 X116.219 Y74.947 E750.8107
G1 X116.368 Y74.993 E750.8159
G1 X116.506 Y75.067 E750.8211
G1 X116.628 Y75.166 E750.8263
G1 X116.727 Y75.287 E750.8315
G1 X116.800 Y75.426 E750.8368
G1 X116.846 Y75.576 E750.8420
G1 X116.863 Y75.741 E750.8475
G1 X116.863 Y81.919 E751.0530
G1 X118.170 Y81.919 E751.0965
G1 X119.561 Y82.554 E751.1473
G1 X119.671 Y82.663 E751.1525
G1 X119.736 Y82.860 E751.1594
G1 X119.704 Y83.021 E751.1648
G1 X119.572 Y83.175 E751.1716
G1 X118.169 Y83.819 E751.2229
G1 X116.863 Y83.819 E751.2664
G1 X116.863 Y89.996 E751.4718
G1 X116.846 Y90.161 E751.4773
G1 X116.800 Y90.312 E751.4826
G1 X116.727 Y90.450 E751.4878
G1 X116.628 Y90.571 E751.4930
G1 X116.506 Y90.671 E751.4982
G1 X116.368 Y90.744 E751.5034
G1 X116.260 Y90.778 E751.5072
G0 F2700 X116.219 Y90.790
G0 F2700 X116.063 Y90.805
G0 F2700 X115.906 Y90.790
G0 F2700 X115.768 Y90.748
G1 F3000 E746.5072
G0 F4200 X116.003 Y90.188
;TYPE:SOLID-FILL
;WIDTH:0.400
G1 F900 Z6.400
G1 F1500 E751.5072
G1 F3000 X116.062 Y89.846 E751.5193
G1 X116.062 Y89.281 E751.5381
G1 X116.062 Y88.715 E751.5569
G1 X116.062 Y88.149 E751.5757
G1 X116.062 Y87.584 E751.5945
G1 X116.062 Y87.018 E751.6133
G1 X116.062 Y86.452 E751.6321
G1 X116.062 Y85.887 E751.6508
G1 X116.062 Y85.321 E751.6696
G1 X116.062 Y84.755 E751.6884
G1 X116.062 Y84.189 E751.7072
G1 X116.262 Y83.707 E751.7246
G0 F4200 X115.862 Y83.541
G1 F3000 X116.462 Y82.941 E751.7528
G0 F4200 X116.319 Y82.518
G1 F3000 X115.862 Y82.693 E751.7743
G1 X116.061 Y81.927 E751.7931
G1 X116.061 Y81.362 E751.8118
G1 X116.061 Y80.796 E751.8306
G1 X116.061 Y80.230 E751.8493
G1 X116.061 Y79.665 E751.8680
G1 X116.061 Y79.099 E751.8868
G1 X116.061 Y78.533 E751.9055
G1 X116.061 Y77.967 E751.9242
G1 X116.061 Y77.402 E751.9430
G1 X116.061 Y76.836 E751.9617
G1 X116.061 Y76.270 E751.9804
G1 X116.261 Y75.788 E751.9978
G1 F3000 E746.9978
G1 F900 Z6.700
G0 F4200 X117.088 Y82.598
;TYPE:SOLID-FILL
;WIDTH:0.400
G1 F900 Z6.400
G1 F1500 E751.9978
G1 F2700 X116.548 Y83.138 E752.0232
G1 X117.113 Y83.138 E752.0420
G1 X117.300 Y82.951 E752.0508
G0 F2700 X117.654 Y82.598
G0 F4200 X118.020 Y82.598
G1 F2700 X118.157 Y82.660 E752.0558
G1 X117.679 Y83.138 E752.0783
G1 X117.977 Y83.138 E752.0882
G0 F2700 X118.018 Y83.138
G0 F2700 X118.436 Y82.947
G0 F4200 X118.016 Y82.519
;TYPE:SOLID-FILL
;WIDTH:0.400
G1 F3000 X117.829 Y82.422 E752.0915
G1 X117.259 Y82.427 E752.0942
G1 X116.692 Y82.427 E752.0970
G1 X116.342 Y82.496 E752.1088
G1 F3000 E747.1088
G1 F900 Z6.700
G0 F4200 X107.920 Y90.376
;TYPE:WALL-INNER
;WIDTH:0.400
G1 F900 Z6.400
G1 F1500 E752.1088
G1 F2700 X107.781 Y90.287 E752.1143
G1 X107.696 Y90.158 E752.1195
G1 X107.663 Y89.977 E752.1256
G1 X107.663 Y75.760 E752.5985
G1 X107.696 Y75.579 E752.6046
G1 X107.781 Y75.451 E752.6097
G1 X107.912 Y75.364 E752.6149
G1 X107.985 Y75.341 E752.6175
G1 X108.140 Y75.341 E752.6226
G1 X108.283 Y75.402 E752.6278
G1 X108.392 Y75.509 E752.6329
G1 X108.452 Y75.656 E752.6381
G1 X108.463 Y75.762 E752.6417
G1 X108.463 Y82.319 E752.8598
G1 X110.083 Y82.319 E752.9137
G1 X111.145 Y82.804 E752.9525
G1 X111.145 Y82.931 E752.9567
G1 X110.082 Y83.419 E752.9956
G1 X108.463 Y83.419 E753.0495
G1 X108.463 Y89.975 E753.2675
G1 X108.429 Y90.159 E753.2737
G1 X108.370 Y90.248 E753.2773
G0 F2700 X108.344 Y90.287
G0 F2700 X108.214 Y90.373
G0 F2700 X108.063 Y90.403
G0 F2700 X107.920 Y90.376
G1 F3000 E748.2773
G0 F4200 X107.768 Y90.748
;TYPE:WALL-OUTER
;WIDTH:0.400
G1 F900 Z6.400
G1 F1500 E753.2773
G1 F2700 X107.618 Y90.670 E753.2829
G1 X107.497 Y90.571 E753.2881
G1 X107.398 Y90.450 E753.2933
G1 X107.325 Y90.312 E753.2985
G1 X107.279 Y90.162 E753.3037
G1 X107.263 Y89.996 E753.3093
G1 X107.263 Y75.741 E753.7834
G1 X107.279 Y75.575 E753.7889
G1 X107.325 Y75.426 E753.7941
G1 X107.398 Y75.287 E753.7994
G1 X107.497 Y75.166 E753.8046
G1 X107.619 Y75.067 E753.8098
G1 X107.757 Y74.993 E753.8150
G1 X107.906 Y74.947 E753.8202
G1 X108.063 Y74.932 E753.8254
G1 X108.219 Y74.947 E753.8306
G1 X108.368 Y74.993 E753.8358
G1 X108.506 Y75.067 E753.8410
G1 X108.628 Y75.166 E753.8463
G1 X108.727 Y75.287 E753.8515
G1 X108.800 Y75.426 E753.8567
G1 X108.846 Y75.576 E753.8619
G1 X108.863 Y75.741 E753.8674
G1 X108.863 Y81.919 E754.0729
G1 X110.170 Y81.919 E754.1164
G1 X111.561 Y82.554 E754.1672
G1 X111.671 Y82.663 E754.1724
G1 X111.736 Y82.860 E754.1793
G1 X111.704 Y83.021 E754.1847
G1 X111.572 Y83.175 E754.1915
G1 X110.169 Y83.819 E754.2428
G1 X108.863 Y83.819 E754.2863
G1 X108.863 Y89.996 E754.4917
G1 X108.846 Y90.161 E754.4972
G1 X108.800 Y90.312 E754.5025
G1 X108.727 Y90.450 E754.5077
G1 X108.628 Y90.571 E754.5129
G1 X108.506 Y90.671 E754.5181
G1 X108.368 Y90.744 E754.5233
G1 X108.260 Y90.778 E754.5271
G0 F2700 X108.219 Y90.790
G0 F2700 X108.063 Y90.805
G0 F2700 X107.906 Y90.790
G0 F2700 X107.768 Y90.748
G1 F3000 E749.5271
G0 F4200 X108.075 Y90.197
;TYPE:SOLID-FILL
;WIDTH:0.400
G1 F900 Z6.400
G1 F1500 E754.5271
G1 F3000 X108.055 Y89.933 E754.5353
G1 X108.062 Y89.361 E754.5540
G1 X108.062 Y88.795 E754.5728
G1 X108.062 Y88.230 E754.5915
G1 X108.062 Y87.664 E754.6103
G1 X108.062 Y87.098 E754.6290
G1 X108.062 Y86.533 E754.6478
G1 X108.062 Y85.967 E754.6666
G1 X108.062 Y85.401 E754.6853
G1 X108.062 Y84.836 E754.7041
G1 X108.062 Y84.270 E754.7229
G1 X108.062 Y83.704 E754.7416
G1 X108.263 Y83.220 E754.7604
G1 X108.431 Y82.770 E754.7696
G1 X107.862 Y82.773 E754.7949
G1 X108.062 Y82.007 E754.8136
G1 X108.062 Y81.441 E754.8324
G1 X108.062 Y80.876 E754.8511
G1 X108.062 Y80.310 E754.8699
G1 X108.062 Y79.744 E754.8886
G1 X108.062 Y79.179 E754.9074
G1 X108.062 Y78.613 E754.9261
G1 X108.062 Y78.047 E754.9449
G1 X108.062 Y77.482 E754.9636
G1 X108.062 Y76.916 E754.9824
G1 X108.062 Y76.350 E755.0011
G1 X108.142 Y75.704 E755.0199
G1 X107.880 Y75.684 E755.0286
G1 F3000 E750.0286
G1 F900 Z6.700
G0 F4200 X108.542 Y82.659
;TYPE:SOLID-FILL
;WIDTH:0.400
G1 F900 Z6.400
G1 F1500 E755.0286
G1 F2700 X108.603 Y82.598 E755.0315
G1 X109.168 Y82.598 E755.0503
G1 X108.627 Y83.139 E755.0758
G1 X109.193 Y83.139 E755.0946
G1 X109.381 Y82.951 E755.1034
G0 F2700 X109.734 Y82.598
G0 F4200 X109.759 Y83.139
G1 F2700 X110.008 Y82.890 E755.1151
G0 F2700 X110.212 Y82.686
G0 F2700 X110.020 Y82.598
G1 F3000 E750.1151
G1 F900 Z6.700
G0 F4200 X109.900 Y83.280
;TYPE:SOLID-FILL
;WIDTH:0.400
G1 F900 Z6.400
G1 F1500 E755.1151
G1 F3000 X109.842 Y83.338 E755.1179
G1 F3000 E750.1179
G1 F900 Z6.700
G0 F4200 X102.034 Y83.269
;TYPE:WALL-INNER
;WIDTH:0.400
G1 F900 Z6.400
G1 F1500 E755.1179
G1 F2700 X90.092 Y83.269 E755.5151
G1 X89.912 Y83.236 E755.5211
G1 X89.781 Y83.149 E755.5264
G1 X89.733 Y83.091 E755.5289
G1 X89.673 Y82.946 E755.5341
G1 X89.673 Y82.792 E755.5392
G1 X89.733 Y82.647 E755.5444
G1 X89.781 Y82.588 E755.5470
G1 X89.911 Y82.502 E755.5521
G1 X89.985 Y82.479 E755.5547
G1 X95.513 Y82.469 E755.7386
G1 X95.513 Y65.848 E756.2914
G1 X95.996 Y64.777 E756.3305
G1 X96.123 Y64.777 E756.3347
G1 X96.612 Y65.849 E756.3739
G1 X96.612 Y82.469 E756.9267
G1 X102.140 Y82.479 E757.1105
G1 X102.283 Y82.539 E757.1157
G1 X102.344 Y82.588 E757.1183
G1 X102.429 Y82.716 E757.1234
G1 X102.460 Y82.869 E757.1286
G1 X102.430 Y83.014 E757.1335
G0 F2700 X102.429 Y83.021
G0 F2700 X102.344 Y83.149
G0 F2700 X102.283 Y83.198
G0 F2700 X102.140 Y83.259
G0 F2700 X102.034 Y83.269
G1 F3000 E752.1335
G0 F4200 X102.053 Y83.669
;TYPE:WALL-OUTER
;WIDTH:0.400
G1 F900 Z6.400
G1 F1500 E757.1335
G1 F2700 X90.073 Y83.669 E757.5320
G1 X89.906 Y83.653 E757.5376
G1 X89.757 Y83.607 E757.5428
G1 X89.619 Y83.533 E757.5480
G1 X89.497 Y83.434 E757.5532
G1 X89.398 Y83.313 E757.5584
G1 X89.325 Y83.174 E757.5636
G1 X89.279 Y83.025 E757.5688
G1 X89.264 Y82.869 E757.5740
G1 X89.279 Y82.713 E757.5792
G1 X89.325 Y82.563 E757.5844
G1 X89.398 Y82.425 E757.5896
G1 X89.497 Y82.304 E757.5948
G1 X89.619 Y82.204 E757.6001
G1 X89.757 Y82.131 E757.6053
G1 X89.906 Y82.085 E757.6105
G1 X90.073 Y82.069 E757.6160
G1 X95.113 Y82.069 E757.7837
G1 X95.113 Y65.762 E758.3260
G1 X95.706 Y64.446 E758.3740
G1 X95.800 Y64.306 E758.3797
G1 X95.976 Y64.207 E758.3864
G1 X96.131 Y64.205 E758.3915
G1 X96.273 Y64.261 E758.3966
G1 X96.374 Y64.362 E758.4014
G1 X97.012 Y65.762 E758.4525
G1 X97.012 Y82.069 E758.9949
G1 X102.053 Y82.069 E759.1626
G1 X102.219 Y82.085 E759.1681
G1 X102.368 Y82.131 E759.1733
G1 X102.506 Y82.204 E759.1785
G1 X102.628 Y82.304 E759.1837
G1 X102.727 Y82.425 E759.1889
G1 X102.800 Y82.563 E759.1941
G1 X102.846 Y82.714 E759.1994
G1 X102.862 Y82.869 E759.2046
G1 X102.846 Y83.024 E759.2097
G1 X102.800 Y83.174 E759.2150
G1 X102.727 Y83.313 E759.2202
G1 X102.628 Y83.434 E759.2254
G1 X102.523 Y83.519 E759.2299
G0 F2700 X102.506 Y83.533
G0 F2700 X102.368 Y83.607
G0 F2700 X102.219 Y83.653
G0 F2700 X102.053 Y83.669
G1 F3000 E754.2299
G0 F4200 X101.626 Y83.069
;TYPE:SOLID-FILL
;WIDTH:0.400
G1 F900 Z6.400
G1 F1500 E759.2299
G1 F3000 X101.734 Y82.677 E759.2482
G1 X100.974 Y82.873 E759.2666
G1 X100.409 Y82.872 E759.2851
G1 X99.843 Y82.871 E759.3036
G1 X99.279 Y82.871 E759.3221
G1 X98.713 Y82.870 E759.3407
G1 X98.148 Y82.870 E759.3593
G1 X97.583 Y82.869 E759.3780
G1 X96.930 Y82.956 E759.3967
G1 X96.935 Y82.669 E759.4062
G1 F3000 E754.4062
G1 F900 Z6.700
G0 F4200 X96.333 Y82.988
;TYPE:SOLID-FILL
;WIDTH:0.400
G1 F900 Z6.400
G1 F1500 E759.4062
G1 F2700 X96.573 Y82.749 E759.4175
G1 X96.331 Y82.749 E759.4256
G1 X96.331 Y82.425 E759.4363
G1 X95.767 Y82.988 E759.4628
G1 X95.443 Y82.988 E759.4736
G1 X95.443 Y82.749 E759.4816
G1 X95.792 Y82.749 E759.4932
G1 X95.792 Y82.398 E759.5049
G1 X96.331 Y81.859 E759.5302
G1 X96.331 Y81.293 E759.5490
G1 X95.792 Y81.832 E759.5744
G1 X95.792 Y81.267 E759.5932
G1 X96.331 Y80.728 E759.6185
G1 X96.331 Y80.162 E759.6374
G1 X95.792 Y80.701 E759.6627
G1 X95.792 Y80.135 E759.6815
G1 X96.331 Y79.596 E759.7069
G1 X96.331 Y79.031 E759.7257
G1 X95.792 Y79.570 E759.7510
G1 X95.792 Y79.004 E759.7699
G1 X96.331 Y78.465 E759.7952
G1 X96.331 Y77.899 E759.8140
G1 X95.792 Y78.438 E759.8394
G1 X95.792 Y77.872 E759.8582
G1 X96.331 Y77.334 E759.8835
G1 X96.331 Y76.768 E759.9024
G1 X95.792 Y77.307 E759.9277
G1 X95.792 Y76.741 E759.9465
G1 X96.331 Y76.202 E759.9719
G1 X96.331 Y75.637 E759.9907
G1 X95.792 Y76.175 E760.0160
G1 X95.792 Y75.610 E760.0348
G1 X96.331 Y75.071 E760.0602
G1 X96.331 Y74.505 E760.0790
G1 X95.792 Y75.044 E760.1043
G1 X95.792 Y74.478 E760.1232
G1 X96.331 Y73.940 E760.1485
G1 X96.331 Y73.374 E760.1673
G1 X95.792 Y73.913 E760.1927
G1 X95.792 Y73.347 E760.2115
G1 X96.331 Y72.808 E760.2369
G1 X96.331 Y72.242 E760.2557
G1 X95.792 Y72.781 E760.2810
G1 X95.792 Y72.216 E760.2998
G1 X96.331 Y71.677 E760.3252
G1 X96.331 Y71.111 E760.3440
G1 X95.792 Y71.650 E760.3694
G1 X95.792 Y71.084 E760.3882
G1 X96.331 Y70.545 E760.4135
G1 X96.331 Y69.980 E760.4323
G1 X95.792 Y70.519 E760.4577
G1 X95.792 Y69.953 E760.4765
G1 X96.331 Y69.414 E760.5019
G1 X96.331 Y68.848 E760.5207
G1 X95.792 Y69.387 E760.5460
G1 X95.792 Y68.821 E760.5649
G1 X96.331 Y68.283 E760.5902
G1 X96.331 Y67.717 E760.6090
G1 X95.792 Y68.256 E760.6344
G1 X95.792 Y67.690 E760.6532
G1 X96.331 Y67.151 E760.6785
G1 X96.331 Y66.586 E760.6973
G1 X95.792 Y67.124 E760.7227
G1 X95.792 Y66.559 E760.7415
G1 X96.331 Y66.020 E760.7668
G1 X96.331 Y65.910 E760.7705
G1 X96.188 Y65.597 E760.7819
G1 X96.145 Y65.640 E760.7839
G0 F2700 X95.792 Y65.993
G0 F4200 X95.651 Y65.852
;TYPE:SOLID-FILL
;WIDTH:0.400
G1 F3000 X95.592 Y65.910 E760.7867
G1 F3000 E755.7867
G1 F900 Z6.700
G0 F4200 X96.879 Y82.725
G1 F900 Z6.400
G1 F1500 E760.7867
G1 F3000 X96.645 Y82.959 E760.7896
G1 X96.416 Y83.188 E760.8004
G1 F3000 E755.8004
G1 F900 Z6.700
G0 F4200 X95.238 Y82.669
G1 F900 Z6.400
G1 F1500 E760.8004
G1 F3000 X94.754 Y82.869 E760.8192
G1 X94.188 Y82.870 E760.8379
G1 X93.622 Y82.870 E760.8566
G1 X93.056 Y82.871 E760.8752
G1 X92.489 Y82.871 E760.8938
G1 X91.924 Y82.872 E760.9123
G1 X91.357 Y82.872 E760.9308
G1 X90.791 Y82.873 E760.9493
G1 X90.225 Y82.873 E760.9676
G1 X89.883 Y82.933 E760.9792
G1 F3000 E755.9792
G1 F900 Z6.700
G0 F4200 X92.140 Y88.259
;TYPE:WALL-INNER
;WIDTH:0.400
G1 F900 Z6.400
G1 F1500 E760.9792
G1 F2700 X92.034 Y88.269 E760.9827
G1 X80.092 Y88.269 E761.3799
G1 X79.912 Y88.236 E761.3860
G1 X79.781 Y88.149 E761.3912
G1 X79.733 Y88.091 E761.3937
G1 X79.673 Y87.946 E761.3989
G1 X79.673 Y87.792 E761.4041
G1 X79.733 Y87.647 E761.4093
G1 X79.781 Y87.588 E761.4118
G1 X79.911 Y87.502 E761.4170
G1 X79.985 Y87.479 E761.4196
G1 X85.513 Y87.469 E761.6034
G1 X85.513 Y70.848 E762.1562
G1 X85.996 Y69.777 E762.1953
G1 X86.123 Y69.777 E762.1995
G1 X86.612 Y70.849 E762.2387
G1 X86.612 Y87.469 E762.7915
G1 X92.140 Y87.479 E762.9754
G1 X92.283 Y87.539 E762.9805
G1 X92.344 Y87.588 E762.9831
G1 X92.429 Y87.716 E762.9883
G1 X92.460 Y87.869 E762.9934
G1 X92.451 Y87.910 E762.9948
G0 F2700 X92.429 Y88.021
G0 F2700 X92.344 Y88.149
G0 F2700 X92.283 Y88.198
G0 F2700 X92.140 Y88.259
G1 F3000 E757.9948
G0 F4200 X92.219 Y88.653
;TYPE:WALL-OUTER
;WIDTH:0.400
G1 F900 Z6.400
G1 F1500 E762.9948
G1 F2700 X92.053 Y88.669 E763.0004
G1 X80.073 Y88.669 E763.3988
G1 X79.906 Y88.653 E763.4044
G1 X79.757 Y88.607 E763.4096
G1 X79.619 Y88.533 E763.4148
G1 X79.497 Y88.434 E763.4200
G1 X79.398 Y88.313 E763.4252
G1 X79.325 Y88.174 E763.4305
G1 X79.279 Y88.025 E763.4357
G1 X79.264 Y87.869 E763.4409
G1 X79.279 Y87.713 E763.4461
G1 X79.325 Y87.563 E763.4513
G1 X79.398 Y87.425 E763.4565
G1 X79.497 Y87.304 E763.4617
G1 X79.619 Y87.204 E763.4669
G1 X79.757 Y87.131 E763.4721
G1 X79.906 Y87.085 E763.4773
G1 X80.073 Y87.069 E763.4829
G1 X85.113 Y87.069 E763.6505
G1 X85.113 Y70.762 E764.1929
G1 X85.706 Y69.446 E764.2409
G1 X85.800 Y69.307 E764.2465
G1 X85.976 Y69.207 E764.2532
G1 X86.131 Y69.205 E764.2584
G1 X86.273 Y69.261 E764.2635
G1 X86.374 Y69.362 E764.2682
G1 X87.012 Y70.762 E764.3194
G1 X87.012 Y87.069 E764.8617
G1 X92.053 Y87.069 E765.0294
G1 X92.219 Y87.085 E765.0350
G1 X92.368 Y87.131 E765.0401
G1 X92.506 Y87.204 E765.0453
G1 X92.628 Y87.304 E765.0506
G1 X92.727 Y87.425 E765.0558
G1 X92.800 Y87.563 E765.0610
G1 X92.846 Y87.714 E765.0662
G1 X92.862 Y87.869 E765.0714
G1 X92.846 Y88.024 E765.0766
G1 X92.800 Y88.174 E765.0818
G1 X92.727 Y88.313 E765.0870
G1 X92.648 Y88.410 E765.0912
G0 F2700 X92.628 Y88.434
G0 F2700 X92.506 Y88.533
G0 F2700 X92.368 Y88.607
G0 F2700 X92.219 Y88.653
G1 F3000 E760.0912
G0 F4200 X92.121 Y88.049
;TYPE:SOLID-FILL
;WIDTH:0.400
G1 F900 Z6.400
G1 F1500 E765.0912
G1 F3000 X92.084 Y87.803 E765.0969
G1 X91.448 Y87.872 E765.1152
G1 X90.883 Y87.872 E765.1335
G1 X90.318 Y87.871 E765.1519
G1 X89.753 Y87.871 E765.1703
G1 X89.188 Y87.870 E765.1888
G1 X88.622 Y87.870 E765.2074
G1 X88.057 Y87.869 E765.2260
G1 X87.492 Y87.868 E765.2447
G1 X86.885 Y87.910 E765.2635
G1 X86.844 Y87.669 E765.2716
G0 F4200 X86.483 Y87.747
;TYPE:SOLID-FILL
;WIDTH:0.400
G1 F2700 X86.242 Y87.988 E765.2829
G1 X85.677 Y87.988 E765.3017
G1 X86.331 Y87.334 E765.3325
G1 X86.331 Y86.768 E765.3513
G1 X85.792 Y87.307 E765.3767
G1 X85.792 Y86.741 E765.3955
G1 X86.331 Y86.202 E765.4208
G1 X86.331 Y85.636 E765.4397
G1 X85.792 Y86.175 E765.4650
G1 X85.792 Y85.610 E765.4838
G1 X86.331 Y85.071 E765.5092
G1 X86.331 Y84.505 E765.5280
G1 X85.792 Y85.044 E765.5533
G1 X85.792 Y84.478 E765.5722
G1 X86.331 Y83.939 E765.5975
G1 X86.331 Y83.374 E765.6163
G1 X85.792 Y83.913 E765.6417
G1 X85.792 Y83.347 E765.6605
G1 X86.331 Y82.808 E765.6858
G1 X86.331 Y82.242 E765.7047
G1 X85.792 Y82.781 E765.7300
G1 X85.792 Y82.216 E765.7488
G1 X86.331 Y81.677 E765.7742
G1 X86.331 Y81.111 E765.7930
G1 X85.792 Y81.650 E765.8183
G1 X85.792 Y81.084 E765.8372
G1 X86.331 Y80.545 E765.8625
G1 X86.331 Y79.980 E765.8813
G1 X85.792 Y80.518 E765.9066
G1 X85.792 Y79.953 E765.9254
G1 X86.331 Y79.414 E765.9508
G1 X86.331 Y78.848 E765.9696
G1 X85.792 Y79.387 E765.9950
G1 X85.792 Y78.821 E766.0138
G1 X86.331 Y78.283 E766.0391
G1 X86.331 Y77.717 E766.0579
G1 X85.792 Y78.256 E766.0833
G1 X85.792 Y77.690 E766.1021
G1 X86.331 Y77.151 E766.1275
G1 X86.331 Y76.586 E766.1463
G1 X85.792 Y77.124 E766.1716
G1 X85.792 Y76.559 E766.1904
G1 X86.331 Y76.020 E766.2157
G1 X86.331 Y75.454 E766.2346
G1 X85.792 Y75.993 E766.2599
G1 X85.792 Y75.427 E766.2787
G1 X86.331 Y74.888 E766.3041
G1 X86.331 Y74.323 E766.3229
G1 X85.792 Y74.862 E766.3482
G1 X85.792 Y74.296 E766.3671
G1 X86.331 Y73.757 E766.3924
G1 X86.331 Y73.191 E766.4112
G1 X85.792 Y73.730 E766.4366
G1 X85.792 Y73.165 E766.4554
G1 X86.331 Y72.626 E766.4807
G1 X86.331 Y72.060 E766.4996
G1 X85.792 Y72.599 E766.5249
G1 X85.792 Y72.033 E766.5437
G1 X86.331 Y71.494 E766.5691
G1 X86.331 Y70.929 E766.5879
G1 X85.792 Y71.467 E766.6132
G1 X85.791 Y70.907 E766.6318
G1 X85.795 Y70.899 E766.6321
G1 X85.807 Y70.887 E766.6327
G0 F2700 X86.160 Y70.534
G1 F3000 E761.6327
G1 F900 Z6.700
G0 F4200 X86.880 Y87.633
;TYPE:SOLID-FILL
;WIDTH:0.400
G1 F900 Z6.400
G1 F1500 E766.6327
G1 F3000 X86.625 Y87.888 E766.6447
G0 F4200 X85.433 Y87.949
G1 F3000 X85.195 Y87.903 E766.6536
G1 X84.664 Y87.868 E766.6724
G1 X84.098 Y87.869 E766.6910
G1 X83.532 Y87.870 E766.7097
G1 X82.965 Y87.870 E766.7283
G1 X82.400 Y87.871 E766.7468
G1 X81.833 Y87.871 E766.7653
G1 X81.267 Y87.872 E766.7837
G1 X80.701 Y87.872 E766.8021
G1 X80.048 Y87.960 E766.8205
G1 X80.048 Y87.677 E766.8299
;LAYER:32
;Z:6.600
;HEIGHT:0.200
G1 F3000 E761.8299
G0 F900 Z6.600
G0 F4200 X92.144 Y88.257
;TYPE:WALL-INNER
;WIDTH:0.400
G1 F900 Z6.600
G1 F1500 E766.8299
G1 F2700 X92.038 Y88.268 E766.8335
G1 X80.091 Y88.269 E767.2308
G1 X79.916 Y88.238 E767.2367
G1 X79.783 Y88.150 E767.2420
G1 X79.733 Y88.089 E767.2447
G1 X79.673 Y87.946 E767.2498
G1 X79.666 Y87.869 E767.2524
G1 X79.696 Y87.717 E767.2575
G1 X79.781 Y87.588 E767.2627
G1 X79.908 Y87.503 E767.2678
G1 X79.981 Y87.481 E767.2703
G1 X85.513 Y87.469 E767.4543
G1 X85.513 Y70.848 E768.0071
G1 X85.995 Y69.777 E768.0462
G1 X86.123 Y69.777 E768.0504
G1 X86.612 Y70.849 E768.0896
G1 X86.612 Y87.469 E768.6424
G1 X92.136 Y87.479 E768.8261
G1 X92.280 Y87.538 E768.8313
G1 X92.393 Y87.649 E768.8366
G1 X92.429 Y87.716 E768.8391
G1 X92.460 Y87.869 E768.8443
G1 X92.452 Y87.905 E768.8455
G0 F2700 X92.429 Y88.021
G0 F2700 X92.344 Y88.149
G0 F2700 X92.287 Y88.196
G0 F2700 X92.144 Y88.257
G1 F3000 E763.8455
G0 F4200 X92.224 Y88.651
;TYPE:WALL-OUTER
;WIDTH:0.400
G1 F900 Z6.600
G1 F1500 E768.8455
G1 F2700 X92.059 Y88.668 E768.8510
G1 X80.072 Y88.669 E769.2497
G1 X79.911 Y88.654 E769.2551
G1 X79.762 Y88.609 E769.2603
G1 X79.624 Y88.535 E769.2655
G1 X79.501 Y88.437 E769.2707
G1 X79.398 Y88.312 E769.2761
G1 X79.325 Y88.174 E769.2813
G1 X79.279 Y88.025 E769.2865
G1 X79.264 Y87.869 E769.2917
G1 X79.279 Y87.713 E769.2969
G1 X79.325 Y87.563 E769.3021
G1 X79.398 Y87.425 E769.3073
G1 X79.497 Y87.304 E769.3125
G1 X79.614 Y87.208 E769.3176
G1 X79.752 Y87.133 E769.3228
G1 X79.901 Y87.087 E769.3280
G1 X80.067 Y87.070 E769.3335
G1 X85.113 Y87.069 E769.5013
G1 X85.113 Y70.762 E770.0437
G1 X85.706 Y69.446 E770.0917
G1 X85.800 Y69.307 E770.0973
G1 X85.978 Y69.206 E770.1041
G1 X86.133 Y69.204 E770.1093
G1 X86.276 Y69.263 E770.1144
G1 X86.372 Y69.359 E770.1189
G1 X87.012 Y70.762 E770.1702
G1 X87.012 Y87.069 E770.7126
G1 X92.053 Y87.069 E770.8803
G1 X92.213 Y87.084 E770.8856
G1 X92.363 Y87.129 E770.8908
G1 X92.501 Y87.202 E770.8960
G1 X92.624 Y87.301 E770.9013
G1 X92.727 Y87.425 E770.9066
G1 X92.800 Y87.563 E770.9118
G1 X92.846 Y87.714 E770.9171
G1 X92.862 Y87.869 E770.9222
G1 X92.846 Y88.024 E770.9274
G1 X92.800 Y88.174 E770.9326
G1 X92.727 Y88.313 E770.9379
G1 X92.652 Y88.405 E770.9418
G0 F2700 X92.628 Y88.434
G0 F2700 X92.511 Y88.529
G0 F2700 X92.373 Y88.605
G0 F2700 X92.224 Y88.651
G1 F3000 E765.9418
G0 F4200 X92.218 Y87.976
;TYPE:SOLID-FILL
;WIDTH:0.400
G1 F900 Z6.600
G1 F1500 E770.9418
G1 F3000 X91.832 Y87.873 E770.9558
G1 X91.266 Y87.872 E770.9742
G1 X90.700 Y87.872 E770.9925
G1 X90.134 Y87.871 E771.0110
G1 X89.568 Y87.871 E771.0294
G1 X89.001 Y87.870 E771.0479
G1 X88.435 Y87.870 E771.0665
G1 X87.869 Y87.869 E771.0851
G1 X87.303 Y87.868 E771.1038
G1 X86.645 Y87.777 E771.1226
G1 X86.653 Y88.068 E771.1323
G1 F3000 E766.1323
G1 F900 Z6.900
G0 F4200 X85.791 Y87.488
;TYPE:SOLID-FILL
;WIDTH:0.400
G1 F900 Z6.600
G1 F1500 E771.1323
G1 F2700 X86.289 Y87.986 E771.1557
G1 X86.392 Y87.986 E771.1591
G1 X86.392 Y87.747 E771.1671
G1 X86.332 Y87.747 E771.1691
G1 X86.332 Y87.463 E771.1785
G1 X85.791 Y86.923 E771.2039
G1 X85.791 Y86.357 E771.2228
G1 X86.332 Y86.897 E771.2482
G1 X86.332 Y86.332 E771.2670
G1 X85.791 Y85.791 E771.2924
G1 X85.791 Y85.226 E771.3112
G1 X86.332 Y85.766 E771.3366
G1 X86.332 Y85.200 E771.3555
G1 X85.791 Y84.660 E771.3809
G1 X85.791 Y84.094 E771.3997
G1 X86.332 Y84.635 E771.4252
G1 X86.332 Y84.069 E771.4440
G1 X85.791 Y83.529 E771.4694
G1 X85.791 Y82.963 E771.4882
G1 X86.332 Y83.503 E771.5137
G1 X86.332 Y82.937 E771.5325
G1 X85.791 Y82.397 E771.5579
G1 X85.791 Y81.832 E771.5767
G1 X86.332 Y82.372 E771.6021
G1 X86.332 Y81.806 E771.6209
G1 X85.791 Y81.266 E771.6464
G1 X85.791 Y80.700 E771.6652
G1 X86.332 Y81.240 E771.6906
G1 X86.332 Y80.675 E771.7094
G1 X85.791 Y80.134 E771.7349
G1 X85.791 Y79.569 E771.7536
G1 X86.332 Y80.109 E771.7791
G1 X86.332 Y79.543 E771.7979
G1 X85.791 Y79.003 E771.8233
G1 X85.791 Y78.437 E771.8421
G1 X86.332 Y78.978 E771.8676
G1 X86.332 Y78.412 E771.8864
G1 X85.791 Y77.872 E771.9118
G1 X85.791 Y77.306 E771.9307
G1 X86.332 Y77.846 E771.9561
G1 X86.332 Y77.281 E771.9749
G1 X85.791 Y76.740 E772.0003
G1 X85.791 Y76.175 E772.0191
G1 X86.332 Y76.715 E772.0445
G1 X86.332 Y76.149 E772.0634
G1 X85.791 Y75.609 E772.0888
G1 X85.791 Y75.043 E772.1076
G1 X86.332 Y75.584 E772.1331
G1 X86.332 Y75.018 E772.1519
G1 X85.791 Y74.478 E772.1773
G1 X85.791 Y73.912 E772.1961
G1 X86.332 Y74.452 E772.2216
G1 X86.332 Y73.887 E772.2403
G1 X85.791 Y73.346 E772.2658
G1 X85.791 Y72.781 E772.2846
G1 X86.332 Y73.321 E772.3100
G1 X86.332 Y72.755 E772.3288
G1 X85.791 Y72.215 E772.3543
G1 X85.791 Y71.649 E772.3731
G1 X86.332 Y72.189 E772.3985
G1 X86.332 Y71.624 E772.4173
G1 X85.791 Y71.084 E772.4427
G1 X85.791 Y70.907 E772.4486
G1 X85.912 Y70.638 E772.4584
G1 X85.978 Y70.704 E772.4615
G0 F2700 X86.332 Y71.058
G0 F4200 X86.472 Y70.916
;TYPE:SOLID-FILL
;WIDTH:0.400
G1 F3000 X86.531 Y70.975 E772.4643
G1 F3000 E767.4643
G1 F900 Z6.900
G0 F4200 X85.568 Y87.548
G1 F900 Z6.600
G1 F1500 E772.4643
G1 F3000 X85.595 Y87.857 E772.4680
G1 X85.581 Y88.127 E772.4727
G1 X85.040 Y87.868 E772.4914
G1 X84.475 Y87.869 E772.5100
G1 X83.910 Y87.870 E772.5286
G1 X83.344 Y87.870 E772.5472
G1 X82.779 Y87.871 E772.5657
G1 X82.214 Y87.871 E772.5841
G1 X81.649 Y87.872 E772.6025
G1 X81.084 Y87.872 E772.6208
G1 X80.519 Y87.873 E772.6390
G1 X80.043 Y87.679 E772.6561
G1 F3000 E767.6561
G1 F900 Z6.900
G0 F4200 X102.038 Y83.268
;TYPE:WALL-INNER
;WIDTH:0.400
G1 F900 Z6.600
G1 F1500 E772.6561
G1 F2700 X90.091 Y83.269 E773.0535
G1 X89.916 Y83.238 E773.0594
G1 X89.783 Y83.150 E773.0647
G1 X89.733 Y83.089 E773.0673
G1 X89.673 Y82.946 E773.0725
G1 X89.666 Y82.869 E773.0750
G1 X89.696 Y82.717 E773.0802
G1 X89.781 Y82.588 E773.0853
G1 X89.908 Y82.503 E773.0904
G1 X89.981 Y82.481 E773.0930
G1 X95.513 Y82.469 E773.2769
G1 X95.513 Y65.848 E773.8298
G1 X95.995 Y64.777 E773.8688
G1 X96.123 Y64.777 E773.8731
G1 X96.612 Y65.849 E773.9123
G1 X96.612 Y82.469 E774.4651
G1 X102.136 Y82.479 E774.6488
G1 X102.280 Y82.538 E774.6540
G1 X102.393 Y82.649 E774.6592
G1 X102.429 Y82.716 E774.6618
G1 X102.460 Y82.869 E774.6670
G1 X102.431 Y83.009 E774.6717
G0 F2700 X102.429 Y83.021
G0 F2700 X102.344 Y83.149
G0 F2700 X102.287 Y83.196
G0 F2700 X102.144 Y83.257
G0 F2700 X102.038 Y83.268
G1 F3000 E769.6717
G0 F4200 X102.059 Y83.668
;TYPE:WALL-OUTER
;WIDTH:0.400
G1 F900 Z6.600
G1 F1500 E774.6717
G1 F2700 X90.072 Y83.669 E775.0704
G1 X89.911 Y83.654 E775.0758
G1 X89.762 Y83.609 E775.0809
G1 X89.624 Y83.535 E775.0862
G1 X89.501 Y83.437 E775.0914
G1 X89.398 Y83.312 E775.0968
G1 X89.325 Y83.174 E775.1020
G1 X89.279 Y83.025 E775.1072
G1 X89.264 Y82.869 E775.1124
G1 X89.279 Y82.713 E775.1176
G1 X89.325 Y82.563 E775.1228
G1 X89.398 Y82.425 E775.1280
G1 X89.497 Y82.304 E775.1332
G1 X89.614 Y82.208 E775.1382
G1 X89.752 Y82.133 E775.1434
G1 X89.901 Y82.087 E775.1486
G1 X90.067 Y82.070 E775.1542
G1 X95.113 Y82.069 E775.3220
G1 X95.113 Y65.762 E775.8644
G1 X95.706 Y64.446 E775.9124
G1 X95.800 Y64.306 E775.9180
G1 X95.926 Y64.222 E775.9230
G1 X95.978 Y64.206 E775.9249
G1 X96.133 Y64.204 E775.9300
G1 X96.276 Y64.263 E775.9352
G1 X96.372 Y64.359 E775.9397
G1 X97.012 Y65.762 E775.9910
G1 X97.012 Y82.069 E776.5333
G1 X102.053 Y82.069 E776.7010
G1 X102.213 Y82.084 E776.7063
G1 X102.363 Y82.129 E776.7115
G1 X102.501 Y82.202 E776.7167
G1 X102.624 Y82.301 E776.7220
G1 X102.727 Y82.425 E776.7274
G1 X102.800 Y82.563 E776.7325
G1 X102.846 Y82.714 E776.7378
G1 X102.862 Y82.869 E776.7430
G1 X102.846 Y83.024 E776.7482
G1 X102.800 Y83.174 E776.7534
G1 X102.727 Y83.313 E776.7586
G1 X102.628 Y83.434 E776.7638
G1 X102.528 Y83.515 E776.7681
G0 F2700 X102.511 Y83.529
G0 F2700 X102.373 Y83.605
G0 F2700 X102.224 Y83.651
G0 F2700 X102.059 Y83.668
G1 F3000 E771.7681
G0 F4200 X102.017 Y83.067
;TYPE:SOLID-FILL
;WIDTH:0.400
G1 F900 Z6.600
G1 F1500 E776.7681
G1 F3000 X101.540 Y82.872 E776.7864
G1 X100.974 Y82.872 E776.8047
G1 X100.408 Y82.872 E776.8230
G1 X99.842 Y82.871 E776.8413
G1 X99.276 Y82.871 E776.8598
G1 X98.709 Y82.870 E776.8783
G1 X98.143 Y82.870 E776.8969
G1 X97.577 Y82.869 E776.9155
G1 X97.011 Y82.869 E776.9342
G1 X96.529 Y82.669 E776.9515
G1 F3000 E771.9515
G1 F900 Z6.900
G0 F4200 X95.759 Y82.749
;TYPE:SOLID-FILL
;WIDTH:0.400
G1 F900 Z6.600
G1 F1500 E776.9515
G1 F2700 X95.998 Y82.988 E776.9628
G1 X96.392 Y82.988 E776.9759
G1 X96.392 Y82.815 E776.9816
G1 X95.792 Y82.216 E777.0098
G1 X95.792 Y81.650 E777.0287
G1 X96.331 Y82.189 E777.0540
G1 X96.331 Y81.623 E777.0729
G1 X95.792 Y81.084 E777.0982
G1 X95.792 Y80.518 E777.1170
G1 X96.331 Y81.057 E777.1424
G1 X96.331 Y80.492 E777.1612
G1 X95.792 Y79.953 E777.1865
G1 X95.792 Y79.387 E777.2054
G1 X96.331 Y79.926 E777.2307
G1 X96.331 Y79.360 E777.2495
G1 X95.792 Y78.821 E777.2749
G1 X95.792 Y78.256 E777.2937
G1 X96.331 Y78.795 E777.3190
G1 X96.331 Y78.229 E777.3379
G1 X95.792 Y77.690 E777.3632
G1 X95.792 Y77.124 E777.3820
G1 X96.331 Y77.663 E777.4074
G1 X96.331 Y77.097 E777.4262
G1 X95.792 Y76.559 E777.4515
G1 X95.792 Y75.993 E777.4704
G1 X96.331 Y76.532 E777.4957
G1 X96.331 Y75.966 E777.5145
G1 X95.792 Y75.427 E777.5399
G1 X95.792 Y74.862 E777.5587
G1 X96.331 Y75.400 E777.5840
G1 X96.331 Y74.835 E777.6028
G1 X95.792 Y74.296 E777.6282
G1 X95.792 Y73.730 E777.6470
G1 X96.331 Y74.269 E777.6723
G1 X96.331 Y73.703 E777.6912
G1 X95.792 Y73.165 E777.7165
G1 X95.792 Y72.599 E777.7353
G1 X96.331 Y73.138 E777.7607
G1 X96.331 Y72.572 E777.7795
G1 X95.792 Y72.033 E777.8048
G1 X95.792 Y71.467 E777.8237
G1 X96.331 Y72.006 E777.8490
G1 X96.331 Y71.441 E777.8678
G1 X95.792 Y70.902 E777.8932
G1 X95.792 Y70.336 E777.9120
G1 X96.331 Y70.875 E777.9374
G1 X96.331 Y70.309 E777.9562
G1 X95.792 Y69.770 E777.9815
G1 X95.792 Y69.205 E778.0003
G1 X96.331 Y69.744 E778.0257
G1 X96.331 Y69.178 E778.0445
G1 X95.792 Y68.639 E778.0699
G1 X95.792 Y68.073 E778.0887
G1 X96.331 Y68.612 E778.1140
G1 X96.331 Y68.047 E778.1328
G1 X95.792 Y67.508 E778.1582
G1 X95.792 Y66.942 E778.1770
G1 X96.331 Y67.481 E778.2024
G1 X96.331 Y66.915 E778.2212
G1 X95.792 Y66.376 E778.2465
G1 X95.792 Y65.907 E778.2621
G1 X95.822 Y65.840 E778.2646
G1 X96.331 Y66.349 E778.2885
G1 X96.331 Y65.910 E778.3031
G1 X96.319 Y65.885 E778.3040
G0 F2700 X96.225 Y65.678
G0 F2700 X96.032 Y65.485
G1 F3000 E773.3040
G1 F900 Z6.900
G0 F4200 X95.538 Y82.810
;TYPE:SOLID-FILL
;WIDTH:0.400
G1 F900 Z6.600
G1 F1500 E778.3040
G1 F3000 X95.638 Y82.910 E778.3077
G1 X95.314 Y82.868 E778.3200
G1 X94.748 Y82.869 E778.3387
G1 X94.183 Y82.870 E778.3573
G1 X93.618 Y82.870 E778.3759
G1 X93.054 Y82.871 E778.3944
G1 X92.488 Y82.871 E778.4128
G1 X91.923 Y82.872 E778.4312
G1 X91.358 Y82.873 E778.4495
G1 X90.793 Y82.873 E778.4678
G1 X90.228 Y82.874 E778.4860
G1 X89.880 Y82.809 E778.4977
G1 F3000 E773.4977
G1 F900 Z6.900
G0 F4200 X107.915 Y90.374
;TYPE:WALL-INNER
;WIDTH:0.400
G1 F900 Z6.600
G1 F1500 E778.4977
G1 F2700 X107.783 Y90.288 E778.5030
G1 X107.696 Y90.158 E778.5082
G1 X107.663 Y89.977 E778.5143
G1 X107.663 Y75.760 E778.9872
G1 X107.696 Y75.579 E778.9933
G1 X107.781 Y75.451 E778.9984
G1 X107.909 Y75.365 E779.0035
G1 X107.981 Y75.343 E779.0060
G1 X108.139 Y75.341 E779.0113
G1 X108.280 Y75.400 E779.0164
G1 X108.392 Y75.511 E779.0216
G1 X108.452 Y75.656 E779.0268
G1 X108.463 Y75.762 E779.0304
G1 X108.463 Y82.319 E779.2484
G1 X110.082 Y82.319 E779.3023
G1 X111.145 Y82.804 E779.3412
G1 X111.145 Y82.931 E779.3454
G1 X110.082 Y83.419 E779.3843
G1 X108.463 Y83.419 E779.4381
G1 X108.463 Y89.975 E779.6562
G1 X108.429 Y90.159 E779.6624
G1 X108.367 Y90.252 E779.6661
G0 F2700 X108.344 Y90.287
G0 F2700 X108.217 Y90.372
G0 F2700 X108.063 Y90.402
G0 F2700 X107.915 Y90.374
G1 F3000 E774.6661
G0 F4200 X107.762 Y90.746
;TYPE:WALL-OUTER
;WIDTH:0.400
G1 F900 Z6.600
G1 F1500 E779.6661
G1 F2700 X107.624 Y90.673 E779.6713
G1 X107.501 Y90.574 E779.6766
G1 X107.398 Y90.450 E779.6819
G1 X107.325 Y90.312 E779.6871
G1 X107.279 Y90.162 E779.6923
G1 X107.263 Y89.996 E779.6979
G1 X107.263 Y75.741 E780.1720
G1 X107.279 Y75.575 E780.1776
G1 X107.325 Y75.426 E780.1827
G1 X107.398 Y75.287 E780.1880
G1 X107.497 Y75.166 E780.1932
G1 X107.614 Y75.071 E780.1982
G1 X107.752 Y74.995 E780.2034
G1 X107.901 Y74.949 E780.2086
G1 X108.058 Y74.933 E780.2139
G1 X108.214 Y74.946 E780.2191
G1 X108.363 Y74.991 E780.2242
G1 X108.501 Y75.065 E780.2294
G1 X108.624 Y75.163 E780.2347
G1 X108.727 Y75.288 E780.2401
G1 X108.800 Y75.426 E780.2453
G1 X108.846 Y75.576 E780.2505
G1 X108.863 Y75.741 E780.2560
G1 X108.863 Y81.919 E780.4615
G1 X110.169 Y81.919 E780.5049
G1 X111.564 Y82.556 E780.5559
G1 X111.671 Y82.663 E780.5610
G1 X111.736 Y82.860 E780.5679
G1 X111.706 Y83.011 E780.5730
G1 X111.578 Y83.173 E780.5798
G1 X110.169 Y83.819 E780.6314
G1 X108.863 Y83.819 E780.6748
G1 X108.863 Y89.996 E780.8803
G1 X108.846 Y90.161 E780.8858
G1 X108.800 Y90.312 E780.8910
G1 X108.727 Y90.450 E780.8962
G1 X108.628 Y90.571 E780.9014
G1 X108.511 Y90.667 E780.9065
G1 X108.373 Y90.742 E780.9117
G1 X108.254 Y90.779 E780.9158
G0 F2700 X108.224 Y90.788
G0 F2700 X108.067 Y90.804
G0 F2700 X107.911 Y90.791
G0 F2700 X107.762 Y90.746
G1 F3000 E775.9158
G0 F4200 X108.005 Y90.186
;TYPE:SOLID-FILL
;WIDTH:0.400
G1 F900 Z6.600
G1 F1500 E780.9158
G1 F3000 X108.071 Y89.969 E780.9217
G1 X108.062 Y89.394 E780.9405
G1 X108.062 Y88.828 E780.9592
G1 X108.062 Y88.262 E780.9781
G1 X108.062 Y87.697 E780.9969
G1 X108.062 Y87.131 E781.0156
G1 X108.062 Y86.565 E781.0345
G1 X108.062 Y86.000 E781.0533
G1 X108.062 Y85.434 E781.0720
G1 X108.062 Y84.868 E781.0909
G1 X108.062 Y84.303 E781.1096
G1 X108.062 Y83.737 E781.1284
G1 X108.126 Y83.236 E781.1472
G1 X107.862 Y82.689 E781.1674
G0 F4200 X107.862 Y82.123
G1 F3000 X108.462 Y82.723 E781.1956
G1 F3000 E776.1956
G1 F900 Z6.900
G0 F4200 X108.262 Y81.957
G1 F900 Z6.600
G1 F1500 E781.1956
G1 F3000 X108.062 Y81.474 E781.2144
G1 X108.062 Y80.909 E781.2332
G1 X108.062 Y80.343 E781.2520
G1 X108.062 Y79.777 E781.2707
G1 X108.062 Y79.211 E781.2896
G1 X108.062 Y78.646 E781.3084
G1 X108.062 Y78.080 E781.3271
G1 X108.062 Y77.514 E781.3460
G1 X108.062 Y76.949 E781.3648
G1 X108.062 Y76.383 E781.3835
G1 X107.965 Y75.721 E781.4023
G1 X108.258 Y75.731 E781.4121
G1 F3000 E776.4121
G1 F900 Z6.900
G0 F4200 X109.751 Y82.598
;TYPE:SOLID-FILL
;WIDTH:0.400
G1 F900 Z6.600
G1 F1500 E781.4121
G1 F2700 X110.206 Y83.053 E781.4335
G1 X110.019 Y83.139 E781.4403
G1 X109.726 Y83.138 E781.4501
G1 X109.185 Y82.598 E781.4755
G1 X108.620 Y82.598 E781.4943
G1 X109.160 Y83.138 E781.5197
G1 X109.094 Y83.138 E781.5219
G0 F2700 X108.594 Y83.138
G0 F4200 X108.511 Y83.338
;TYPE:SOLID-FILL
;WIDTH:0.400
G1 F3000 X108.342 Y83.169 E781.5298
G1 F3000 E776.5298
G1 F900 Z6.900
G0 F4200 X109.834 Y82.399
G1 F900 Z6.600
G1 F1500 E781.5298
G1 F3000 X109.892 Y82.456 E781.5326
G1 F3000 E776.5326
G1 F900 Z6.900
G0 F4200 X115.915 Y90.374
;TYPE:WALL-INNER
;WIDTH:0.400
G1 F900 Z6.600
G1 F1500 E781.5326
G1 F2700 X115.783 Y90.288 E781.5378
G1 X115.696 Y90.158 E781.5430
G1 X115.663 Y89.977 E781.5491
G1 X115.663 Y75.760 E782.0220
G1 X115.696 Y75.579 E782.0281
G1 X115.781 Y75.451 E782.0332
G1 X115.909 Y75.365 E782.0383
G1 X115.981 Y75.343 E782.0408
G1 X116.139 Y75.341 E782.0461
G1 X116.280 Y75.400 E782.0512
G1 X116.392 Y75.511 E782.0564
G1 X116.452 Y75.656 E782.0616
G1 X116.463 Y75.762 E782.0652
G1 X116.463 Y82.319 E782.2833
G1 X118.082 Y82.319 E782.3371
G1 X119.145 Y82.804 E782.3760
G1 X119.145 Y82.931 E782.3802
G1 X118.082 Y83.419 E782.4191
G1 X116.463 Y83.419 E782.4730
G1 X116.463 Y89.975 E782.6910
G1 X116.429 Y90.159 E782.6972
G1 X116.367 Y90.252 E782.7010
G0 F2700 X116.344 Y90.287
G0 F2700 X116.217 Y90.372
G0 F2700 X116.063 Y90.402
G0 F2700 X115.915 Y90.374
G1 F3000 E777.7010
G0 F4200 X115.762 Y90.746
;TYPE:WALL-OUTER
;WIDTH:0.400
G1 F900 Z6.600
G1 F1500 E782.7010
G1 F2700 X115.624 Y90.673 E782.7061
G1 X115.501 Y90.574 E782.7114
G1 X115.398 Y90.450 E782.7168
G1 X115.325 Y90.312 E782.7219
G1 X115.279 Y90.162 E782.7272
G1 X115.263 Y89.996 E782.7327
G1 X115.263 Y75.741 E783.2068
G1 X115.279 Y75.575 E783.2124
G1 X115.325 Y75.426 E783.2176
G1 X115.398 Y75.287 E783.2228
G1 X115.497 Y75.166 E783.2280
G1 X115.614 Y75.071 E783.2330
G1 X115.752 Y74.995 E783.2382
G1 X115.901 Y74.949 E783.2434
G1 X116.058 Y74.933 E783.2487
G1 X116.214 Y74.946 E783.2539
G1 X116.363 Y74.991 E783.2591
G1 X116.501 Y75.065 E783.2643
G1 X116.624 Y75.163 E783.2695
G1 X116.727 Y75.288 E783.2749
G1 X116.800 Y75.426 E783.2801
G1 X116.846 Y75.576 E783.2853
G1 X116.863 Y75.741 E783.2908
G1 X116.863 Y81.919 E783.4963
G1 X118.169 Y81.919 E783.5397
G1 X119.564 Y82.556 E783.5907
G1 X119.671 Y82.663 E783.5958
G1 X119.736 Y82.860 E783.6027
G1 X119.706 Y83.011 E783.6078
G1 X119.578 Y83.173 E783.6147
G1 X118.169 Y83.819 E783.6662
G1 X116.863 Y83.819 E783.7097
G1 X116.863 Y89.996 E783.9151
G1 X116.846 Y90.161 E783.9206
G1 X116.800 Y90.312 E783.9259
G1 X116.727 Y90.450 E783.9311
G1 X116.628 Y90.571 E783.9363
G1 X116.511 Y90.667 E783.9413
G1 X116.373 Y90.742 E783.9465
G1 X116.254 Y90.779 E783.9507
G0 F2700 X116.224 Y90.788
G0 F2700 X116.067 Y90.804
G0 F2700 X115.911 Y90.791
G0 F2700 X115.762 Y90.746
G1 F3000 E778.9507
G0 F4200 X116.262 Y89.958
;TYPE:SOLID-FILL
;WIDTH:0.400
G1 F900 Z6.600
G1 F1500 E783.9507
G1 F3000 X116.062 Y89.474 E783.9695
G1 X116.062 Y88.909 E783.9883
G1 X116.062 Y88.343 E784.0070
G1 X116.062 Y87.777 E784.0259
G1 X116.062 Y87.212 E784.0447
G1 X116.062 Y86.646 E784.0634
G1 X116.062 Y86.080 E784.0823
G1 X116.062 Y85.515 E784.1011
G1 X116.062 Y84.949 E784.1198
G1 X116.062 Y84.383 E784.1386
G1 X116.062 Y83.818 E784.1574
G1 X116.086 Y83.276 E784.1762
G1 X115.862 Y82.769 E784.1946
G0 F4200 X115.862 Y82.203
G1 F3000 X116.462 Y82.804 E784.2229
G1 F3000 E779.2229
G1 F900 Z6.900
G0 F4200 X116.262 Y82.038
G1 F900 Z6.600
G1 F1500 E784.2229
G1 F3000 X116.062 Y81.555 E784.2416
G1 X116.062 Y80.989 E784.2604
G1 X116.062 Y80.423 E784.2792
G1 X116.062 Y79.858 E784.2980
G1 X116.062 Y79.292 E784.3168
G1 X116.062 Y78.726 E784.3356
G1 X116.062 Y78.161 E784.3544
G1 X116.062 Y77.595 E784.3732
G1 X116.062 Y77.029 E784.3920
G1 X116.062 Y76.464 E784.4108
G1 X116.062 Y75.898 E784.4296
G1 X115.995 Y75.548 E784.4414
G1 F3000 E779.4414
G1 F900 Z6.900
G0 F4200 X117.671 Y82.598
;TYPE:SOLID-FILL
;WIDTH:0.400
G1 F900 Z6.600
G1 F1500 E784.4414
G1 F2700 X118.150 Y83.077 E784.4640
G1 X118.018 Y83.138 E784.4688
G1 X117.645 Y83.138 E784.4812
G1 X117.105 Y82.598 E784.5066
G1 X116.542 Y82.598 E784.5253
G1 X116.542 Y82.601 E784.5254
G1 X116.726 Y82.785 E784.5341
G0 F2700 X117.079 Y83.138
G1 F3000 E779.5341
G1 F900 Z6.900
G0 F4200 X118.020 Y82.598
G1 F900 Z6.600
G1 F1500 E784.5341
G1 F2700 X118.420 Y82.782 E784.5487
G1 F3000 E779.5487
G1 F900 Z6.900
G0 F4200 X116.997 Y83.338
;TYPE:SOLID-FILL
;WIDTH:0.400
G1 F900 Z6.600
G1 F1500 E784.5487
G1 F3000 X116.684 Y83.308 E784.5515
G1 X116.341 Y83.249 E784.5631
G1 F3000 E779.5631
G1 F900 Z6.900
G0 F4200 X123.783 Y90.288
;TYPE:WALL-INNER
;WIDTH:0.400
G1 F900 Z6.600
G1 F1500 E784.5631
G1 F2700 X123.696 Y90.158 E784.5683
G1 X123.663 Y89.977 E784.5744
G1 X123.663 Y75.760 E785.0473
G1 X123.696 Y75.579 E785.0534
G1 X123.781 Y75.451 E785.0585
G1 X123.909 Y75.365 E785.0637
G1 X123.981 Y75.343 E785.0662
G1 X124.139 Y75.341 E785.0714
G1 X124.280 Y75.400 E785.0765
G1 X124.392 Y75.511 E785.0817
G1 X124.452 Y75.656 E785.0870
G1 X124.463 Y75.762 E785.0905
G1 X124.463 Y82.319 E785.3086
G1 X126.082 Y82.319 E785.3624
G1 X127.145 Y82.804 E785.4013
G1 X127.145 Y82.931 E785.4055
G1 X126.082 Y83.419 E785.4444
G1 X124.463 Y83.419 E785.4983
G1 X124.463 Y89.975 E785.7163
G1 X124.429 Y90.159 E785.7226
G1 X124.344 Y90.287 E785.7277
G1 X124.247 Y90.352 E785.7316
G0 F2700 X124.217 Y90.372
G0 F2700 X124.063 Y90.402
G0 F2700 X123.915 Y90.374
G0 F2700 X123.783 Y90.288
G1 F3000 E780.7316
G0 F4200 X123.501 Y90.574
;TYPE:WALL-OUTER
;WIDTH:0.400
G1 F900 Z6.600
G1 F1500 E785.7316
G1 F2700 X123.398 Y90.450 E785.7369
G1 X123.325 Y90.312 E785.7421
G1 X123.279 Y90.162 E785.7473
G1 X123.263 Y89.996 E785.7529
G1 X123.263 Y75.741 E786.2270
G1 X123.279 Y75.575 E786.2325
G1 X123.325 Y75.426 E786.2377
G1 X123.398 Y75.287 E786.2430
G1 X123.497 Y75.166 E786.2482
G1 X123.614 Y75.071 E786.2532
G1 X123.752 Y74.995 E786.2584
G1 X123.901 Y74.949 E786.2636
G1 X124.058 Y74.933 E786.2688
G1 X124.214 Y74.946 E786.2740
G1 X124.363 Y74.991 E786.2792
G1 X124.501 Y75.065 E786.2844
G1 X124.624 Y75.163 E786.2897
G1 X124.727 Y75.288 E786.2951
G1 X124.800 Y75.426 E786.3002
G1 X124.846 Y75.576 E786.3055
G1 X124.863 Y75.741 E786.3110
G1 X124.863 Y81.919 E786.5165
G1 X126.169 Y81.919 E786.5599
G1 X127.564 Y82.556 E786.6109
G1 X127.671 Y82.663 E786.6159
G1 X127.736 Y82.860 E786.6228
G1 X127.706 Y83.011 E786.6280
G1 X127.578 Y83.173 E786.6348
G1 X126.169 Y83.819 E786.6864
G1 X124.863 Y83.819 E786.7298
G1 X124.863 Y89.996 E786.9353
G1 X124.846 Y90.161 E786.9408
G1 X124.800 Y90.312 E786.9460
G1 X124.727 Y90.450 E786.9512
G1 X124.628 Y90.571 E786.9564
G1 X124.511 Y90.667 E786.9615
G1 X124.373 Y90.742 E786.9667
G1 X124.224 Y90.788 E786.9719
G1 X124.067 Y90.804 E786.9771
G1 X123.943 Y90.793 E786.9813
G0 F2700 X123.911 Y90.791
G0 F2700 X123.762 Y90.746
G0 F2700 X123.624 Y90.673
G0 F2700 X123.501 Y90.574
G1 F3000 E781.9813
G0 F4200 X124.249 Y90.026
;TYPE:SOLID-FILL
;WIDTH:0.400
G1 F900 Z6.600
G1 F1500 E786.9813
G1 F3000 X124.061 Y89.555 E786.9995
G1 X124.061 Y88.989 E787.0183
G1 X124.061 Y88.423 E787.0372
G1 X124.061 Y87.857 E787.0560
G1 X124.061 Y87.292 E787.0748
G1 X124.061 Y86.726 E787.0936
G1 X124.061 Y86.160 E787.1124
G1 X124.061 Y85.595 E787.1312
G1 X124.061 Y85.029 E787.1501
G1 X124.061 Y84.463 E787.1689
G1 X124.061 Y83.898 E787.1877
G1 X124.061 Y83.332 E787.2065
G1 X123.861 Y82.849 E787.2239
G0 F4200 X123.861 Y82.283
G1 F3000 X124.462 Y82.884 E787.2522
G1 F3000 E782.2522
G1 F900 Z6.900
G0 F4200 X124.261 Y82.118
G1 F900 Z6.600
G1 F1500 E787.2522
G1 F3000 X124.061 Y81.635 E787.2710
G1 X124.061 Y81.069 E787.2898
G1 X124.061 Y80.503 E787.3086
G1 X124.061 Y79.938 E787.3274
G1 X124.061 Y79.372 E787.3461
G1 X124.061 Y78.806 E787.3650
G1 X124.061 Y78.241 E787.3838
G1 X124.061 Y77.675 E787.4025
G1 X124.061 Y77.109 E787.4213
G1 X124.061 Y76.544 E787.4401
G1 X124.061 Y75.978 E787.4589
G1 X123.946 Y75.580 E787.4727
G1 F3000 E782.4727
G1 F900 Z6.900
G0 F4200 X125.591 Y82.599
;TYPE:SOLID-FILL
;WIDTH:0.400
G1 F900 Z6.600
G1 F1500 E787.4727
G1 F2700 X126.095 Y83.103 E787.4964
G1 X126.019 Y83.138 E787.4992
G1 X125.565 Y83.138 E787.5143
G1 X125.025 Y82.599 E787.5396
G1 X124.542 Y82.599 E787.5557
G1 X124.542 Y82.681 E787.5584
G1 X124.646 Y82.785 E787.5633
G0 F2700 X124.999 Y83.138
G1 F3000 E782.5633
G1 F900 Z6.900
G0 F4200 X126.019 Y82.599
G1 F900 Z6.600
G1 F1500 E787.5633
G1 F2700 X126.035 Y82.607 E787.5639
G0 F2700 X126.272 Y82.714
G0 F2700 X126.442 Y82.884
G0 F4200 X125.732 Y82.457
;TYPE:SOLID-FILL
;WIDTH:0.400
G1 F3000 X125.674 Y82.399 E787.5666
G1 F3000 E782.5666
G1 F900 Z6.900
G0 F4200 X124.857 Y83.279
G1 F900 Z6.600
G1 F1500 E787.5666
G1 F3000 X124.916 Y83.338 E787.5694
G1 F3000 E782.5694
G1 F900 Z6.900
G0 F4200 X131.783 Y90.288
;TYPE:WALL-INNER
;WIDTH:0.400
G1 F900 Z6.600
G1 F1500 E787.5694
G1 F2700 X131.696 Y90.158 E787.5746
G1 X131.663 Y89.977 E787.5807
G1 X131.663 Y75.760 E788.0536
G1 X131.696 Y75.579 E788.0597
G1 X131.781 Y75.451 E788.0648
G1 X131.909 Y75.365 E788.0700
G1 X131.981 Y75.343 E788.0725
G1 X132.139 Y75.341 E788.0777
G1 X132.280 Y75.400 E788.0828
G1 X132.392 Y75.511 E788.0880
G1 X132.452 Y75.656 E788.0933
G1 X132.463 Y75.762 E788.0968
G1 X132.463 Y82.319 E788.3149
G1 X134.082 Y82.319 E788.3687
G1 X135.145 Y82.804 E788.4076
G1 X135.145 Y82.931 E788.4118
G1 X134.082 Y83.419 E788.4507
G1 X132.463 Y83.419 E788.5046
G1 X132.463 Y89.975 E788.7226
G1 X132.429 Y90.159 E788.7289
G1 X132.344 Y90.287 E788.7340
G1 X132.247 Y90.352 E788.7379
G0 F2700 X132.217 Y90.372
G0 F2700 X132.063 Y90.402
G0 F2700 X131.915 Y90.374
G0 F2700 X131.783 Y90.288
G1 F3000 E783.7379
G0 F4200 X131.501 Y90.574
;TYPE:WALL-OUTER
;WIDTH:0.400
G1 F900 Z6.600
G1 F1500 E788.7379
G1 F2700 X131.398 Y90.450 E788.7432
G1 X131.325 Y90.312 E788.7484
G1 X131.279 Y90.162 E788.7536
G1 X131.263 Y89.996 E788.7592
G1 X131.263 Y75.741 E789.2333
G1 X131.279 Y75.575 E789.2388
G1 X131.325 Y75.426 E789.2440
G1 X131.398 Y75.287 E789.2493
G1 X131.497 Y75.166 E789.2545
G1 X131.614 Y75.071 E789.2595
G1 X131.752 Y74.995 E789.2647
G1 X131.901 Y74.949 E789.2699
G1 X132.058 Y74.933 E789.2751
G1 X132.214 Y74.946 E789.2803
G1 X132.363 Y74.991 E789.2855
G1 X132.501 Y75.065 E789.2907
G1 X132.624 Y75.163 E789.2960
G1 X132.727 Y75.288 E789.3013
G1 X132.800 Y75.426 E789.3065
G1 X132.846 Y75.576 E789.3118
G1 X132.863 Y75.741 E789.3173
G1 X132.863 Y81.919 E789.5228
G1 X134.169 Y81.919 E789.5662
G1 X135.564 Y82.556 E789.6172
G1 X135.671 Y82.663 E789.6222
G1 X135.736 Y82.860 E789.6291
G1 X135.706 Y83.011 E789.6343
G1 X135.578 Y83.173 E789.6411
G1 X134.169 Y83.819 E789.6927
G1 X132.863 Y83.819 E789.7361
G1 X132.863 Y89.996 E789.9416
G1 X132.846 Y90.161 E789.9471
G1 X132.800 Y90.312 E789.9523
G1 X132.727 Y90.450 E789.9575
G1 X132.628 Y90.571 E789.9627
G1 X132.511 Y90.667 E789.9678
G1 X132.373 Y90.742 E789.9730
G1 X132.224 Y90.788 E789.9782
G1 X132.067 Y90.804 E789.9834
G1 X131.943 Y90.793 E789.9876
G0 F2700 X131.911 Y90.791
G0 F2700 X131.762 Y90.746
G0 F2700 X131.624 Y90.673
G0 F2700 X131.501 Y90.574
G1 F3000 E784.9876
G0 F4200 X132.233 Y90.090
;TYPE:SOLID-FILL
;WIDTH:0.400
G1 F900 Z6.600
G1 F1500 E789.9876
G1 F3000 X132.061 Y89.635 E790.0050
G1 X132.061 Y89.069 E790.0239
G1 X132.061 Y88.504 E790.0426
G1 X132.061 Y87.938 E790.0615
G1 X132.061 Y87.372 E790.0803
G1 X132.061 Y86.806 E790.0991
G1 X132.061 Y86.241 E790.1179
G1 X132.061 Y85.675 E790.1367
G1 X132.061 Y85.109 E790.1556
G1 X132.061 Y84.544 E790.1744
G1 X132.061 Y83.978 E790.1932
G1 X132.061 Y83.412 E790.2120
G1 X131.861 Y82.930 E790.2294
G0 F4200 X131.861 Y82.364
G1 F3000 X132.462 Y82.964 E790.2576
G1 F3000 E785.2576
G1 F900 Z6.900
G0 F4200 X132.262 Y82.199
G1 F900 Z6.600
G1 F1500 E790.2576
G1 F3000 X132.061 Y81.715 E790.2764
G1 X132.061 Y81.150 E790.2952
G1 X132.061 Y80.584 E790.3141
G1 X132.061 Y80.018 E790.3329
G1 X132.061 Y79.453 E790.3517
G1 X132.061 Y78.887 E790.3705
G1 X132.061 Y78.321 E790.3893
G1 X132.061 Y77.756 E790.4081
G1 X132.061 Y77.190 E790.4269
G1 X132.061 Y76.624 E790.4458
G1 X132.061 Y76.058 E790.4646
G1 X131.907 Y75.621 E790.4800
G1 F3000 E785.4800
G1 F900 Z6.900
G0 F4200 X133.510 Y82.599
;TYPE:SOLID-FILL
;WIDTH:0.400
G1 F900 Z6.600
G1 F1500 E790.4800
G1 F2700 X134.040 Y83.128 E790.5049
G1 X134.019 Y83.138 E790.5057
G1 X133.484 Y83.138 E790.5235
G1 X132.945 Y82.599 E790.5488
G1 X132.542 Y82.599 E790.5622
G1 X132.542 Y82.761 E790.5676
G1 X132.566 Y82.785 E790.5687
G0 F2700 X132.919 Y83.138
G1 F3000 E785.5687
G1 F900 Z6.900
G0 F4200 X134.020 Y82.599
G1 F900 Z6.600
G1 F1500 E790.5687
G1 F2700 X134.062 Y82.618 E790.5703
G0 F2700 X134.124 Y82.647
G0 F2700 X134.429 Y82.952
G0 F4200 X133.651 Y82.457
;TYPE:SOLID-FILL
;WIDTH:0.400
G1 F3000 X133.593 Y82.399 E790.5730
G1 F3000 E785.5730
G1 F900 Z6.900
G0 F4200 X132.776 Y83.279
G1 F900 Z6.600
G1 F1500 E790.5730
G1 F3000 X132.836 Y83.338 E790.5758
;LAYER:33
;Z:6.800
;HEIGHT:0.200
G1 F3000 E785.5758
G0 F900 Z6.800
G0 F4200 X131.781 Y90.287
;TYPE:WALL-INNER
;WIDTH:0.400
G1 F900 Z6.800
G1 F1500 E790.5758
G1 F2700 X131.696 Y90.158 E790.5809
G1 X131.663 Y89.977 E790.5871
G1 X131.663 Y75.760 E791.0599
G1 X131.696 Y75.579 E791.0660
G1 X131.781 Y75.451 E791.0712
G1 X131.912 Y75.364 E791.0764
G1 X131.985 Y75.341 E791.0789
G1 X132.140 Y75.341 E791.0841
G1 X132.283 Y75.402 E791.0893
G1 X132.392 Y75.509 E791.0943
G1 X132.452 Y75.656 E791.0996
G1 X132.463 Y75.762 E791.1032
G1 X132.463 Y82.319 E791.3212
G1 X134.082 Y82.319 E791.3751
G1 X135.145 Y82.805 E791.4140
G1 X135.145 Y82.933 E791.4182
G1 X134.082 Y83.419 E791.4571
G1 X132.463 Y83.419 E791.5110
G1 X132.463 Y89.975 E791.7290
G1 X132.429 Y90.159 E791.7352
G1 X132.344 Y90.287 E791.7403
G1 X132.245 Y90.352 E791.7443
G0 F2700 X132.214 Y90.373
G0 F2700 X132.063 Y90.403
G0 F2700 X131.911 Y90.373
G0 F2700 X131.781 Y90.287
G1 F3000 E786.7443
G0 F4200 X131.497 Y90.571
;TYPE:WALL-OUTER
;WIDTH:0.400
G1 F900 Z6.800
G1 F1500 E791.7443
G1 F2700 X131.398 Y90.450 E791.7495
G1 X131.325 Y90.312 E791.7547
G1 X131.279 Y90.162 E791.7599
G1 X131.263 Y89.996 E791.7654
G1 X131.263 Y75.741 E792.2396
G1 X131.279 Y75.575 E792.2451
G1 X131.325 Y75.426 E792.2503
G1 X131.398 Y75.287 E792.2555
G1 X131.497 Y75.166 E792.2607
G1 X131.619 Y75.067 E792.2659
G1 X131.757 Y74.993 E792.2711
G1 X131.906 Y74.947 E792.2763
G1 X132.063 Y74.932 E792.2816
G1 X132.219 Y74.947 E792.2868
G1 X132.368 Y74.993 E792.2920
G1 X132.506 Y75.067 E792.2972
G1 X132.628 Y75.166 E792.3024
G1 X132.727 Y75.287 E792.3076
G1 X132.800 Y75.426 E792.3128
G1 X132.846 Y75.576 E792.3181
G1 X132.863 Y75.741 E792.3236
G1 X132.863 Y81.919 E792.5291
G1 X134.169 Y81.919 E792.5725
G1 X135.566 Y82.558 E792.6236
G1 X135.704 Y82.717 E792.6306
G1 X135.734 Y82.869 E792.6357
G1 X135.679 Y83.068 E792.6426
G1 X135.566 Y83.180 E792.6479
G1 X134.169 Y83.819 E792.6990
G1 X132.863 Y83.819 E792.7424
G1 X132.863 Y89.996 E792.9479
G1 X132.846 Y90.161 E792.9534
G1 X132.800 Y90.312 E792.9586
G1 X132.727 Y90.450 E792.9638
G1 X132.628 Y90.571 E792.9690
G1 X132.506 Y90.671 E792.9743
G1 X132.368 Y90.744 E792.9795
G1 X132.219 Y90.790 E792.9847
G1 X132.063 Y90.805 E792.9899
G1 X131.938 Y90.793 E792.9941
G0 F2700 X131.906 Y90.790
G0 F2700 X131.757 Y90.744
G0 F2700 X131.619 Y90.671
G0 F2700 X131.497 Y90.571
G1 F3000 E787.9941
G0 F4200 X131.910 Y90.120
;TYPE:SOLID-FILL
;WIDTH:0.400
G1 F900 Z6.800
G1 F1500 E792.9941
G1 F3000 X132.062 Y89.686 E793.0106
G1 X132.062 Y89.120 E793.0294
G1 X132.062 Y88.554 E793.0482
G1 X132.062 Y87.989 E793.0669
G1 X132.062 Y87.423 E793.0857
G1 X132.062 Y86.857 E793.1045
G1 X132.062 Y86.292 E793.1232
G1 X132.062 Y85.726 E793.1420
G1 X132.062 Y85.160 E793.1608
G1 X132.062 Y84.594 E793.1795
G1 X132.062 Y84.029 E793.1982
G1 X132.262 Y83.546 E793.2156
G0 F4200 X131.862 Y83.380
G1 F3000 X132.462 Y82.780 E793.2439
G0 F4200 X132.262 Y82.415
G1 F3000 X131.862 Y82.531 E793.2626
G1 X132.062 Y81.766 E793.2814
G1 X132.062 Y81.200 E793.3002
G1 X132.062 Y80.635 E793.3189
G1 X132.062 Y80.069 E793.3377
G1 X132.062 Y79.503 E793.3565
G1 X132.062 Y78.938 E793.3752
G1 X132.062 Y78.372 E793.3940
G1 X132.062 Y77.806 E793.4128
G1 X132.062 Y77.241 E793.4315
G1 X132.062 Y76.675 E793.4503
G1 X132.062 Y76.109 E793.4691
G1 X132.234 Y75.654 E793.4852
G1 F3000 E788.4852
G1 F900 Z7.100
G0 F4200 X132.844 Y82.399
;TYPE:SOLID-FILL
;WIDTH:0.400
G1 F900 Z6.800
G1 F1500 E793.4852
G1 X132.342 Y82.900 E793.5081
G0 F4200 X132.469 Y83.339
G1 F1500 X133.409 Y82.399 E793.5510
G0 F4200 X133.975 Y82.399
G1 F1500 X133.035 Y83.339 E793.5939
G0 F4200 X133.600 Y83.339
G1 F1500 X134.391 Y82.549 E793.6300
G0 F4200 X134.642 Y82.863
G1 F1500 X134.253 Y83.252 E793.6477
G1 F3000 E788.6477
G1 F900 Z7.100
G0 F4200 X123.781 Y90.287
;TYPE:WALL-INNER
;WIDTH:0.400
G1 F900 Z6.800
G1 F1500 E793.6477
G1 F2700 X123.696 Y90.158 E793.6529
G1 X123.663 Y89.977 E793.6590
G1 X123.663 Y75.760 E794.1318
G1 X123.696 Y75.579 E794.1379
G1 X123.781 Y75.451 E794.1431
G1 X123.912 Y75.364 E794.1483
G1 X123.985 Y75.341 E794.1508
G1 X124.140 Y75.341 E794.1560
G1 X124.283 Y75.402 E794.1612
G1 X124.392 Y75.509 E794.1662
G1 X124.452 Y75.656 E794.1715
G1 X124.463 Y75.762 E794.1751
G1 X124.463 Y82.319 E794.3932
G1 X126.082 Y82.319 E794.4470
G1 X127.145 Y82.805 E794.4859
G1 X127.145 Y82.933 E794.4901
G1 X126.082 Y83.419 E794.5290
G1 X124.463 Y83.419 E794.5829
G1 X124.463 Y89.975 E794.8009
G1 X124.429 Y90.159 E794.8071
G1 X124.344 Y90.287 E794.8122
G1 X124.245 Y90.352 E794.8162
G0 F2700 X124.214 Y90.373
G0 F2700 X124.063 Y90.403
G0 F2700 X123.911 Y90.373
G0 F2700 X123.781 Y90.287
G1 F3000 E789.8162
G0 F4200 X123.497 Y90.571
;TYPE:WALL-OUTER
;WIDTH:0.400
G1 F900 Z6.800
G1 F1500 E794.8162
G1 F2700 X123.398 Y90.450 E794.8214
G1 X123.325 Y90.312 E794.8266
G1 X123.279 Y90.162 E794.8318
G1 X123.263 Y89.996 E794.8373
G1 X123.263 Y75.741 E795.3115
G1 X123.279 Y75.575 E795.3170
G1 X123.325 Y75.426 E795.3222
G1 X123.398 Y75.287 E795.3274
G1 X123.497 Y75.166 E795.3326
G1 X123.619 Y75.067 E795.3378
G1 X123.757 Y74.993 E795.3431
G1 X123.906 Y74.947 E795.3482
G1 X124.063 Y74.932 E795.3535
G1 X124.219 Y74.947 E795.3587
G1 X124.368 Y74.993 E795.3639
G1 X124.506 Y75.067 E795.3691
G1 X124.628 Y75.166 E795.3743
G1 X124.727 Y75.287 E795.3795
G1 X124.800 Y75.426 E795.3847
G1 X124.846 Y75.576 E795.3900
G1 X124.863 Y75.741 E795.3955
G1 X124.863 Y81.919 E795.6010
G1 X126.169 Y81.919 E795.6444
G1 X127.566 Y82.558 E795.6955
G1 X127.704 Y82.717 E795.7025
G1 X127.734 Y82.869 E795.7076
G1 X127.679 Y83.068 E795.7145
G1 X127.566 Y83.180 E795.7198
G1 X126.169 Y83.819 E795.7709
G1 X124.863 Y83.819 E795.8143
G1 X124.863 Y89.996 E796.0198
G1 X124.846 Y90.161 E796.0253
G1 X124.800 Y90.312 E796.0306
G1 X124.727 Y90.450 E796.0357
G1 X124.628 Y90.571 E796.0409
G1 X124.506 Y90.671 E796.0462
G1 X124.368 Y90.744 E796.0514
G1 X124.219 Y90.790 E796.0566
G1 X124.063 Y90.805 E796.0618
G1 X123.938 Y90.793 E796.0660
G0 F2700 X123.906 Y90.790
G0 F2700 X123.757 Y90.744
G0 F2700 X123.619 Y90.671
G0 F2700 X123.497 Y90.571
G1 F3000 E791.0660
G0 F4200 X123.950 Y90.161
;TYPE:SOLID-FILL
;WIDTH:0.400
G1 F900 Z6.800
G1 F1500 E796.0660
G1 F3000 X124.061 Y89.766 E796.0806
G1 X124.061 Y89.201 E796.0993
G1 X124.061 Y88.635 E796.1181
G1 X124.061 Y88.069 E796.1368
G1 X124.061 Y87.504 E796.1555
G1 X124.061 Y86.938 E796.1743
G1 X124.061 Y86.372 E796.1930
G1 X124.061 Y85.806 E796.2117
G1 X124.061 Y85.241 E796.2305
G1 X124.061 Y84.675 E796.2492
G1 X124.061 Y84.109 E796.2679
G1 X124.261 Y83.627 E796.2853
G0 F4200 X123.862 Y83.461
G1 F3000 X124.462 Y82.861 E796.3135
G0 F4200 X124.261 Y82.496
G1 F3000 X123.862 Y82.612 E796.3323
G1 X124.061 Y81.847 E796.3510
G1 X124.061 Y81.281 E796.3698
G1 X124.061 Y80.715 E796.3885
G1 X124.061 Y80.150 E796.4072
G1 X124.061 Y79.584 E796.4260
G1 X124.061 Y79.018 E796.4447
G1 X124.061 Y78.453 E796.4634
G1 X124.061 Y77.887 E796.4822
G1 X124.061 Y77.321 E796.5009
G1 X124.061 Y76.756 E796.5196
G1 X124.061 Y76.190 E796.5384
G1 X124.255 Y75.714 E796.5555
G1 F3000 E791.5555
G1 F900 Z7.100
G0 F4200 X124.924 Y82.399
;TYPE:SOLID-FILL
;WIDTH:0.400
G1 F900 Z6.800
G1 F1500 E796.5555
G1 X124.342 Y82.981 E796.5820
G0 F4200 X124.550 Y83.338
G1 F1500 X125.490 Y82.399 E796.6249
G0 F4200 X126.055 Y82.399
G1 F1500 X125.116 Y83.338 E796.6677
G0 F4200 X125.681 Y83.338
G1 F1500 X126.446 Y82.574 E796.7026
G0 F4200 X126.642 Y82.944
G1 F1500 X126.402 Y83.184 E796.7136
G1 F3000 E791.7136
G1 F900 Z7.100
G0 F4200 X115.911 Y90.373
;TYPE:WALL-INNER
;WIDTH:0.400
G1 F900 Z6.800
G1 F1500 E796.7136
G1 F2700 X115.781 Y90.287 E796.7187
G1 X115.696 Y90.158 E796.7239
G1 X115.663 Y89.977 E796.7300
G1 X115.663 Y75.760 E797.2029
G1 X115.696 Y75.579 E797.2090
G1 X115.781 Y75.451 E797.2141
G1 X115.912 Y75.364 E797.2193
G1 X115.985 Y75.341 E797.2219
G1 X116.140 Y75.341 E797.2270
G1 X116.283 Y75.402 E797.2322
G1 X116.392 Y75.509 E797.2373
G1 X116.452 Y75.656 E797.2426
G1 X116.463 Y75.762 E797.2461
G1 X116.463 Y82.319 E797.4642
G1 X118.082 Y82.319 E797.5180
G1 X119.145 Y82.805 E797.5569
G1 X119.145 Y82.933 E797.5612
G1 X118.082 Y83.419 E797.6000
G1 X116.463 Y83.419 E797.6539
G1 X116.463 Y89.975 E797.8719
G1 X116.429 Y90.159 E797.8782
G1 X116.365 Y90.256 E797.8820
G0 F2700 X116.344 Y90.287
G0 F2700 X116.214 Y90.373
G0 F2700 X116.063 Y90.403
G0 F2700 X115.911 Y90.373
G1 F3000 E792.8820
G0 F4200 X115.757 Y90.744
;TYPE:WALL-OUTER
;WIDTH:0.400
G1 F900 Z6.800
G1 F1500 E797.8820
G1 F2700 X115.619 Y90.671 E797.8872
G1 X115.497 Y90.571 E797.8925
G1 X115.398 Y90.450 E797.8977
G1 X115.325 Y90.312 E797.9029
G1 X115.279 Y90.162 E797.9081
G1 X115.263 Y89.996 E797.9136
G1 X115.263 Y75.741 E798.3878
G1 X115.279 Y75.575 E798.3933
G1 X115.325 Y75.426 E798.3985
G1 X115.398 Y75.287 E798.4037
G1 X115.497 Y75.166 E798.4089
G1 X115.619 Y75.067 E798.4141
G1 X115.757 Y74.993 E798.4193
G1 X115.906 Y74.947 E798.4245
G1 X116.063 Y74.932 E798.4298
G1 X116.219 Y74.947 E798.4350
G1 X116.368 Y74.993 E798.4402
G1 X116.506 Y75.067 E798.4454
G1 X116.628 Y75.166 E798.4506
G1 X116.727 Y75.287 E798.4558
G1 X116.800 Y75.426 E798.4610
G1 X116.846 Y75.576 E798.4662
G1 X116.863 Y75.741 E798.4718
G1 X116.863 Y81.919 E798.6772
G1 X118.169 Y81.919 E798.7207
G1 X119.566 Y82.558 E798.7718
G1 X119.704 Y82.717 E798.7788
G1 X119.734 Y82.869 E798.7839
G1 X119.679 Y83.068 E798.7908
G1 X119.566 Y83.180 E798.7961
G1 X118.169 Y83.819 E798.8472
G1 X116.863 Y83.819 E798.8906
G1 X116.863 Y89.996 E799.0961
G1 X116.846 Y90.161 E799.1016
G1 X116.800 Y90.312 E799.1068
G1 X116.727 Y90.450 E799.1120
G1 X116.628 Y90.571 E799.1172
G1 X116.506 Y90.671 E799.1225
G1 X116.368 Y90.744 E799.1277
G1 X116.249 Y90.781 E799.1318
G0 F2700 X116.219 Y90.790
G0 F2700 X116.063 Y90.805
G0 F2700 X115.906 Y90.790
G0 F2700 X115.757 Y90.744
G1 F3000 E794.1318
G0 F4200 X116.003 Y90.188
;TYPE:SOLID-FILL
;WIDTH:0.400
G1 F900 Z6.800
G1 F1500 E799.1318
G1 F3000 X116.062 Y89.846 E799.1440
G1 X116.062 Y89.281 E799.1628
G1 X116.062 Y88.715 E799.1815
G1 X116.062 Y88.149 E799.2004
G1 X116.062 Y87.584 E799.2192
G1 X116.062 Y87.018 E799.2379
G1 X116.062 Y86.452 E799.2567
G1 X116.062 Y85.887 E799.2755
G1 X116.062 Y85.321 E799.2943
G1 X116.062 Y84.755 E799.3131
G1 X116.062 Y84.189 E799.3319
G1 X116.262 Y83.707 E799.3492
G0 F4200 X115.862 Y83.541
G1 F3000 X116.462 Y82.941 E799.3775
G0 F4200 X116.319 Y82.518
G1 F3000 X115.862 Y82.693 E799.3990
G1 X116.061 Y81.927 E799.4177
G1 X116.061 Y81.362 E799.4365
G1 X116.061 Y80.796 E799.4552
G1 X116.061 Y80.230 E799.4739
G1 X116.061 Y79.665 E799.4927
G1 X116.061 Y79.099 E799.5114
G1 X116.061 Y78.533 E799.5302
G1 X116.061 Y77.967 E799.5489
G1 X116.061 Y77.402 E799.5676
G1 X116.061 Y76.836 E799.5864
G1 X116.061 Y76.270 E799.6051
G1 X116.261 Y75.788 E799.6225
G1 F3000 E794.6225
G1 F900 Z7.100
G0 F4200 X116.439 Y82.398
;TYPE:SOLID-FILL
;WIDTH:0.400
G1 F900 Z6.800
G1 F1500 E799.6225
G1 X116.342 Y82.496 E799.6269
G0 F4200 X116.342 Y83.061
G1 F1500 X117.005 Y82.398 E799.6571
G0 F4200 X117.571 Y82.398
G1 F1500 X116.630 Y83.338 E799.7001
G0 F4200 X117.196 Y83.338
G1 F1500 X118.113 Y82.421 E799.7419
G0 F4200 X118.501 Y82.599
G1 F1500 X117.762 Y83.338 E799.7756
G1 F3000 E794.7756
G1 F900 Z7.100
G0 F4200 X118.550 Y83.116
G1 F900 Z6.800
G1 F1500 E799.7756
G1 X118.641 Y83.024 E799.7798
G1 F3000 E794.7798
G1 F900 Z7.100
G0 F4200 X107.911 Y90.373
;TYPE:WALL-INNER
;WIDTH:0.400
G1 F900 Z6.800
G1 F1500 E799.7798
G1 F2700 X107.781 Y90.287 E799.7850
G1 X107.696 Y90.158 E799.7901
G1 X107.663 Y89.977 E799.7962
G1 X107.663 Y75.760 E800.2691
G1 X107.696 Y75.579 E800.2752
G1 X107.781 Y75.451 E800.2803
G1 X107.912 Y75.364 E800.2856
G1 X107.985 Y75.341 E800.2881
G1 X108.140 Y75.341 E800.2933
G1 X108.283 Y75.402 E800.2984
G1 X108.392 Y75.509 E800.3035
G1 X108.452 Y75.656 E800.3088
G1 X108.463 Y75.762 E800.3123
G1 X108.463 Y82.319 E800.5304
G1 X110.082 Y82.319 E800.5843
G1 X111.145 Y82.805 E800.6231
G1 X111.145 Y82.933 E800.6274
G1 X110.082 Y83.419 E800.6663
G1 X108.463 Y83.419 E800.7201
G1 X108.463 Y89.975 E800.9382
G1 X108.429 Y90.159 E800.9444
G1 X108.365 Y90.256 E800.9483
G0 F2700 X108.344 Y90.287
G0 F2700 X108.214 Y90.373
G0 F2700 X108.063 Y90.403
G0 F2700 X107.911 Y90.373
G1 F3000 E795.9483
G0 F4200 X107.757 Y90.744
;TYPE:WALL-OUTER
;WIDTH:0.400
G1 F900 Z6.800
G1 F1500 E800.9483
G1 F2700 X107.619 Y90.671 E800.9535
G1 X107.497 Y90.571 E800.9587
G1 X107.398 Y90.450 E800.9639
G1 X107.325 Y90.312 E800.9691
G1 X107.279 Y90.162 E800.9743
G1 X107.263 Y89.996 E800.9799
G1 X107.263 Y75.741 E801.4540
G1 X107.279 Y75.575 E801.4595
G1 X107.325 Y75.426 E801.4647
G1 X107.398 Y75.287 E801.4699
G1 X107.497 Y75.166 E801.4751
G1 X107.619 Y75.067 E801.4804
G1 X107.757 Y74.993 E801.4856
G1 X107.906 Y74.947 E801.4908
G1 X108.063 Y74.932 E801.4960
G1 X108.219 Y74.947 E801.5012
G1 X108.368 Y74.993 E801.5064
G1 X108.506 Y75.067 E801.5116
G1 X108.628 Y75.166 E801.5168
G1 X108.727 Y75.287 E801.5220
G1 X108.800 Y75.426 E801.5273
G1 X108.846 Y75.576 E801.5325
G1 X108.863 Y75.741 E801.5380
G1 X108.863 Y81.919 E801.7435
G1 X110.169 Y81.919 E801.7869
G1 X111.566 Y82.558 E801.8380
G1 X111.704 Y82.717 E801.8450
G1 X111.734 Y82.869 E801.8502
G1 X111.679 Y83.068 E801.8570
G1 X111.566 Y83.180 E801.8623
G1 X110.169 Y83.819 E801.9134
G1 X108.863 Y83.819 E801.9569
G1 X108.863 Y89.996 E802.1623
G1 X108.846 Y90.161 E802.1678
G1 X108.800 Y90.312 E802.1731
G1 X108.727 Y90.450 E802.1783
G1 X108.628 Y90.571 E802.1835
G1 X108.506 Y90.671 E802.1887
G1 X108.368 Y90.744 E802.1939
G1 X108.249 Y90.781 E802.1980
G0 F2700 X108.219 Y90.790
G0 F2700 X108.063 Y90.805
G0 F2700 X107.906 Y90.790
G0 F2700 X107.757 Y90.744
G1 F3000 E797.1980
G0 F4200 X108.075 Y90.197
;TYPE:SOLID-FILL
;WIDTH:0.400
G1 F900 Z6.800
G1 F1500 E802.1980
G1 F3000 X108.055 Y89.933 E802.2062
G1 X108.062 Y89.361 E802.2250
G1 X108.062 Y88.795 E802.2438
G1 X108.062 Y88.230 E802.2625
G1 X108.062 Y87.664 E802.2813
G1 X108.062 Y87.098 E802.3000
G1 X108.062 Y86.533 E802.3188
G1 X108.062 Y85.967 E802.3375
G1 X108.062 Y85.401 E802.3563
G1 X108.062 Y84.836 E802.3751
G1 X108.062 Y84.270 E802.3938
G1 X108.062 Y83.704 E802.4126
G1 X108.263 Y83.220 E802.4314
G1 X108.431 Y82.770 E802.4406
G1 X107.862 Y82.773 E802.4658
G1 X108.062 Y82.007 E802.4846
G1 X108.062 Y81.441 E802.5033
G1 X108.062 Y80.876 E802.5221
G1 X108.062 Y80.310 E802.5409
G1 X108.062 Y79.744 E802.5596
G1 X108.062 Y79.179 E802.5783
G1 X108.062 Y78.613 E802.5971
G1 X108.062 Y78.047 E802.6158
G1 X108.062 Y77.482 E802.6346
G1 X108.062 Y76.916 E802.6534
G1 X108.062 Y76.350 E802.6721
G1 X108.142 Y75.704 E802.6909
G1 X107.880 Y75.684 E802.6996
G1 F3000 E797.6996
G1 F900 Z7.100
G0 F4200 X108.520 Y82.398
;TYPE:SOLID-FILL
;WIDTH:0.400
G1 F900 Z6.800
G1 F1500 E802.6996
G1 X108.342 Y82.576 E802.7077
G0 F4200 X108.342 Y83.142
G1 F1500 X109.086 Y82.398 E802.7417
G0 F4200 X109.651 Y82.398
G1 F1500 X108.711 Y83.338 E802.7846
G0 F4200 X109.276 Y83.338
G1 F1500 X110.169 Y82.446 E802.8253
G0 F4200 X110.557 Y82.624
G1 F1500 X109.842 Y83.338 E802.8579
G1 F3000 E797.8579
G1 F900 Z7.100
G0 F4200 X102.034 Y83.269
;TYPE:WALL-INNER
;WIDTH:0.400
G1 F900 Z6.800
G1 F1500 E802.8579
G1 F2700 X90.092 Y83.269 E803.2551
G1 X89.912 Y83.236 E803.2612
G1 X89.781 Y83.149 E803.2664
G1 X89.733 Y83.091 E803.2689
G1 X89.673 Y82.946 E803.2741
G1 X89.673 Y82.792 E803.2792
G1 X89.733 Y82.647 E803.2845
G1 X89.781 Y82.588 E803.2870
G1 X89.911 Y82.502 E803.2922
G1 X89.985 Y82.479 E803.2948
G1 X95.513 Y82.469 E803.4786
G1 X95.513 Y65.848 E804.0314
G1 X95.995 Y64.778 E804.0705
G1 X96.123 Y64.778 E804.0747
G1 X96.612 Y65.849 E804.1139
G1 X96.612 Y82.469 E804.6667
G1 X102.140 Y82.479 E804.8505
G1 X102.283 Y82.539 E804.8557
G1 X102.344 Y82.588 E804.8583
G1 X102.429 Y82.716 E804.8634
G1 X102.460 Y82.869 E804.8686
G1 X102.430 Y83.014 E804.8735
G0 F2700 X102.429 Y83.021
G0 F2700 X102.344 Y83.149
G0 F2700 X102.283 Y83.198
G0 F2700 X102.140 Y83.259
G0 F2700 X102.034 Y83.269
G1 F3000 E799.8735
G0 F4200 X102.053 Y83.669
;TYPE:WALL-OUTER
;WIDTH:0.400
G1 F900 Z6.800
G1 F1500 E804.8735
G1 F2700 X90.073 Y83.669 E805.2720
G1 X89.906 Y83.653 E805.2776
G1 X89.757 Y83.607 E805.2827
G1 X89.619 Y83.533 E805.2880
G1 X89.497 Y83.434 E805.2932
G1 X89.398 Y83.313 E805.2984
G1 X89.325 Y83.174 E805.3036
G1 X89.279 Y83.025 E805.3088
G1 X89.264 Y82.869 E805.3140
G1 X89.279 Y82.713 E805.3192
G1 X89.325 Y82.563 E805.3244
G1 X89.398 Y82.425 E805.3296
G1 X89.497 Y82.304 E805.3348
G1 X89.619 Y82.204 E805.3401
G1 X89.757 Y82.131 E805.3453
G1 X89.906 Y82.085 E805.3504
G1 X90.073 Y82.069 E805.3560
G1 X95.113 Y82.069 E805.5237
G1 X95.113 Y65.762 E806.0660
G1 X95.706 Y64.446 E806.1140
G1 X95.800 Y64.306 E806.1196
G1 X95.980 Y64.205 E806.1265
G1 X96.135 Y64.205 E806.1317
G1 X96.269 Y64.261 E806.1365
G1 X96.374 Y64.365 E806.1414
G1 X97.012 Y65.762 E806.1925
G1 X97.012 Y82.069 E806.7349
G1 X102.053 Y82.069 E806.9025
G1 X102.219 Y82.085 E806.9081
G1 X102.368 Y82.131 E806.9133
G1 X102.506 Y82.204 E806.9185
G1 X102.628 Y82.304 E806.9237
G1 X102.727 Y82.425 E806.9289
G1 X102.800 Y82.563 E806.9341
G1 X102.846 Y82.714 E806.9393
G1 X102.862 Y82.869 E806.9445
G1 X102.846 Y83.024 E806.9497
G1 X102.800 Y83.174 E806.9549
G1 X102.727 Y83.313 E806.9602
G1 X102.628 Y83.434 E806.9654
G1 X102.523 Y83.519 E806.9698
G0 F2700 X102.506 Y83.533
G0 F2700 X102.368 Y83.607
G0 F2700 X102.219 Y83.653
G0 F2700 X102.053 Y83.669
G1 F3000 E801.9698
G0 F4200 X101.626 Y83.069
;TYPE:SOLID-FILL
;WIDTH:0.400
G1 F900 Z6.800
G1 F1500 E806.9698
G1 F3000 X101.734 Y82.677 E806.9882
G1 X100.974 Y82.873 E807.0066
G1 X100.409 Y82.872 E807.0250
G1 X99.843 Y82.871 E807.0435
G1 X99.279 Y82.871 E807.0620
G1 X98.713 Y82.870 E807.0806
G1 X98.148 Y82.870 E807.0993
G1 X97.583 Y82.869 E807.1179
G1 X96.930 Y82.956 E807.1367
G1 X96.907 Y82.697 E807.1449
G1 X96.416 Y83.188 E807.1680
G0 F4200 X95.850 Y83.188
;TYPE:SOLID-FILL
;WIDTH:0.400
G1 F1500 X96.531 Y82.508 E807.1990
G0 F4200 X96.531 Y81.942
G1 F1500 X95.284 Y83.188 E807.2559
G0 F4200 X95.243 Y82.664
G1 F1500 X95.359 Y82.549 E807.2612
G0 F4200 X95.592 Y82.315
G1 F1500 X96.531 Y81.376 E807.3040
G0 F4200 X96.531 Y80.810
G1 F1500 X95.592 Y81.750 E807.3469
G0 F4200 X95.592 Y81.184
G1 F1500 X96.531 Y80.245 E807.3897
G0 F4200 X96.531 Y79.679
G1 F1500 X95.592 Y80.618 E807.4326
G0 F4200 X95.592 Y80.052
G1 F1500 X96.531 Y79.113 E807.4754
G0 F4200 X96.531 Y78.548
G1 F1500 X95.592 Y79.487 E807.5183
G0 F4200 X95.592 Y78.921
G1 F1500 X96.531 Y77.982 E807.5611
G0 F4200 X96.531 Y77.416
G1 F1500 X95.592 Y78.355 E807.6039
G0 F4200 X95.592 Y77.790
G1 F1500 X96.531 Y76.851 E807.6468
G0 F4200 X96.531 Y76.285
G1 F1500 X95.592 Y77.224 E807.6896
G0 F4200 X95.592 Y76.658
G1 F1500 X96.531 Y75.719 E807.7325
G0 F4200 X96.531 Y75.154
G1 F1500 X95.592 Y76.093 E807.7753
G0 F4200 X95.592 Y75.527
G1 F1500 X96.531 Y74.588 E807.8182
G0 F4200 X96.531 Y74.022
G1 F1500 X95.592 Y74.961 E807.8610
G0 F4200 X95.592 Y74.396
G1 F1500 X96.531 Y73.457 E807.9038
G0 F4200 X96.531 Y72.891
G1 F1500 X95.592 Y73.830 E807.9467
G0 F4200 X95.592 Y73.264
G1 F1500 X96.531 Y72.325 E807.9895
G0 F4200 X96.531 Y71.760
G1 F1500 X95.592 Y72.699 E808.0324
G0 F4200 X95.592 Y72.133
G1 F1500 X96.531 Y71.194 E808.0752
G0 F4200 X96.531 Y70.628
G1 F1500 X95.592 Y71.567 E808.1180
G0 F4200 X95.592 Y71.002
G1 F1500 X96.531 Y70.062 E808.1609
G0 F4200 X96.531 Y69.497
G1 F1500 X95.592 Y70.436 E808.2038
G0 F4200 X95.592 Y69.870
G1 F1500 X96.531 Y68.931 E808.2466
G0 F4200 X96.531 Y68.365
G1 F1500 X95.592 Y69.304 E808.2894
G0 F4200 X95.592 Y68.739
G1 F1500 X96.531 Y67.800 E808.3323
G0 F4200 X96.531 Y67.234
G1 F1500 X95.592 Y68.173 E808.3751
G0 F4200 X95.592 Y67.607
G1 F1500 X96.531 Y66.668 E808.4180
G0 F4200 X96.531 Y66.103
G1 F1500 X95.592 Y67.042 E808.4608
G0 F4200 X95.592 Y66.476
G1 F1500 X96.427 Y65.641 E808.4989
G0 F4200 X96.218 Y65.285
G1 F1500 X95.592 Y65.910 E808.5274
G1 F3000 E803.5274
G1 F900 Z7.100
G0 F4200 X95.238 Y82.669
;TYPE:SOLID-FILL
;WIDTH:0.400
G1 F900 Z6.800
G1 F1500 E808.5274
G1 F3000 X94.754 Y82.869 E808.5463
G1 X94.188 Y82.870 E808.5650
G1 X93.622 Y82.870 E808.5836
G1 X93.056 Y82.871 E808.6023
G1 X92.489 Y82.871 E808.6209
G1 X91.924 Y82.872 E808.6394
G1 X91.357 Y82.872 E808.6579
G1 X90.791 Y82.873 E808.6763
G1 X90.225 Y82.873 E808.6947
G1 X89.883 Y82.933 E808.7062
G1 F3000 E803.7062
G1 F900 Z7.100
G0 F4200 X92.140 Y88.259
;TYPE:WALL-INNER
;WIDTH:0.400
G1 F900 Z6.800
G1 F1500 E808.7062
G1 F2700 X92.034 Y88.269 E808.7098
G1 X80.092 Y88.269 E809.1070
G1 X79.912 Y88.236 E809.1131
G1 X79.781 Y88.149 E809.1183
G1 X79.733 Y88.091 E809.1208
G1 X79.673 Y87.946 E809.1260
G1 X79.673 Y87.792 E809.1311
G1 X79.733 Y87.647 E809.1363
G1 X79.781 Y87.588 E809.1389
G1 X79.911 Y87.502 E809.1441
G1 X79.985 Y87.479 E809.1466
G1 X85.513 Y87.469 E809.3305
G1 X85.513 Y70.848 E809.8833
G1 X85.995 Y69.778 E809.9224
G1 X86.123 Y69.778 E809.9266
G1 X86.612 Y70.849 E809.9658
G1 X86.612 Y87.469 E810.5186
G1 X92.140 Y87.479 E810.7024
G1 X92.283 Y87.539 E810.7076
G1 X92.344 Y87.588 E810.7102
G1 X92.429 Y87.716 E810.7153
G1 X92.460 Y87.869 E810.7205
G1 X92.451 Y87.910 E810.7219
G0 F2700 X92.429 Y88.021
G0 F2700 X92.344 Y88.149
G0 F2700 X92.283 Y88.198
G0 F2700 X92.140 Y88.259
G1 F3000 E805.7219
G0 F4200 X92.219 Y88.653
;TYPE:WALL-OUTER
;WIDTH:0.400
G1 F900 Z6.800
G1 F1500 E810.7219
G1 F2700 X92.053 Y88.669 E810.7274
G1 X80.073 Y88.669 E811.1259
G1 X79.906 Y88.653 E811.1315
G1 X79.757 Y88.607 E811.1366
G1 X79.619 Y88.533 E811.1418
G1 X79.497 Y88.434 E811.1471
G1 X79.398 Y88.313 E811.1523
G1 X79.325 Y88.174 E811.1575
G1 X79.279 Y88.025 E811.1627
G1 X79.264 Y87.869 E811.1679
G1 X79.279 Y87.713 E811.1731
G1 X79.325 Y87.563 E811.1783
G1 X79.398 Y87.425 E811.1835
G1 X79.497 Y87.304 E811.1887
G1 X79.619 Y87.204 E811.1940
G1 X79.757 Y87.131 E811.1992
G1 X79.906 Y87.085 E811.2043
G1 X80.073 Y87.069 E811.2099
G1 X85.113 Y87.069 E811.3776
G1 X85.113 Y70.762 E811.9199
G1 X85.706 Y69.446 E811.9679
G1 X85.806 Y69.298 E811.9739
G1 X85.847 Y69.264 E811.9757
G1 X85.990 Y69.205 E811.9808
G1 X86.135 Y69.205 E811.9856
G1 X86.269 Y69.261 E811.9904
G1 X86.374 Y69.365 E811.9954
G1 X87.012 Y70.762 E812.0464
G1 X87.012 Y87.069 E812.5888
G1 X92.053 Y87.069 E812.7565
G1 X92.219 Y87.085 E812.7620
G1 X92.368 Y87.131 E812.7672
G1 X92.506 Y87.204 E812.7724
G1 X92.628 Y87.304 E812.7777
G1 X92.727 Y87.425 E812.7829
G1 X92.800 Y87.563 E812.7880
G1 X92.846 Y87.714 E812.7933
G1 X92.862 Y87.869 E812.7985
G1 X92.846 Y88.024 E812.8037
G1 X92.800 Y88.174 E812.8089
G1 X92.727 Y88.313 E812.8141
G1 X92.648 Y88.410 E812.8183
G0 F2700 X92.628 Y88.434
G0 F2700 X92.506 Y88.533
G0 F2700 X92.368 Y88.607
G0 F2700 X92.219 Y88.653
G1 F3000 E807.8183
G0 F4200 X92.121 Y88.049
;TYPE:SOLID-FILL
;WIDTH:0.400
G1 F900 Z6.800
G1 F1500 E812.8183
G1 F3000 X92.084 Y87.803 E812.8240
G1 X91.448 Y87.872 E812.8423
G1 X90.883 Y87.872 E812.8606
G1 X90.318 Y87.871 E812.8790
G1 X89.753 Y87.871 E812.8974
G1 X89.188 Y87.870 E812.9159
G1 X88.622 Y87.870 E812.9345
G1 X88.057 Y87.869 E812.9531
G1 X87.492 Y87.868 E812.9718
G1 X86.885 Y87.910 E812.9905
G1 X86.862 Y87.651 E812.9944
G1 X86.325 Y88.188 E813.0197
G0 F4200 X85.760 Y88.188
;TYPE:SOLID-FILL
;WIDTH:0.400
G1 F1500 X86.531 Y87.416 E813.0549
G0 F4200 X86.531 Y86.851
G1 F1500 X85.244 Y88.138 E813.1136
G1 F3000 E808.1136
G1 F900 Z7.100
G0 F4200 X85.592 Y87.224
G1 F900 Z6.800
G1 F1500 E813.1136
G1 X86.531 Y86.285 E813.1564
G0 F4200 X86.531 Y85.719
G1 F1500 X85.592 Y86.658 E813.1993
G0 F4200 X85.592 Y86.093
G1 F1500 X86.531 Y85.154 E813.2421
G0 F4200 X86.531 Y84.588
G1 F1500 X85.592 Y85.527 E813.2850
G0 F4200 X85.592 Y84.961
G1 F1500 X86.531 Y84.022 E813.3278
G0 F4200 X86.531 Y83.456
G1 F1500 X85.592 Y84.396 E813.3707
G0 F4200 X85.592 Y83.830
G1 F1500 X86.531 Y82.891 E813.4135
G0 F4200 X86.531 Y82.325
G1 F1500 X85.592 Y83.264 E813.4564
G0 F4200 X85.592 Y82.698
G1 F1500 X86.531 Y81.759 E813.4992
G0 F4200 X86.531 Y81.194
G1 F1500 X85.592 Y82.133 E813.5421
G0 F4200 X85.592 Y81.567
G1 F1500 X86.531 Y80.628 E813.5849
G0 F4200 X86.531 Y80.062
G1 F1500 X85.592 Y81.001 E813.6277
G0 F4200 X85.592 Y80.436
G1 F1500 X86.531 Y79.497 E813.6706
G0 F4200 X86.531 Y78.931
G1 F1500 X85.592 Y79.870 E813.7134
G0 F4200 X85.592 Y79.304
G1 F1500 X86.531 Y78.365 E813.7563
G0 F4200 X86.531 Y77.800
G1 F1500 X85.592 Y78.739 E813.7991
G0 F4200 X85.592 Y78.173
G1 F1500 X86.531 Y77.234 E813.8419
G0 F4200 X86.531 Y76.668
G1 F1500 X85.592 Y77.607 E813.8848
G0 F4200 X85.592 Y77.042
G1 F1500 X86.531 Y76.103 E813.9276
G0 F4200 X86.531 Y75.537
G1 F1500 X85.592 Y76.476 E813.9705
G0 F4200 X85.592 Y75.910
G1 F1500 X86.531 Y74.971 E814.0133
G0 F4200 X86.531 Y74.406
G1 F1500 X85.592 Y75.345 E814.0562
G0 F4200 X85.592 Y74.779
G1 F1500 X86.531 Y73.840 E814.0990
G0 F4200 X86.531 Y73.274
G1 F1500 X85.592 Y74.213 E814.1418
G0 F4200 X85.592 Y73.647
G1 F1500 X86.531 Y72.708 E814.1847
G0 F4200 X86.531 Y72.143
G1 F1500 X85.592 Y73.082 E814.2275
G0 F4200 X85.592 Y72.516
G1 F1500 X86.531 Y71.577 E814.2704
G0 F4200 X86.531 Y71.011
G1 F1500 X85.592 Y71.950 E814.3132
G0 F4200 X85.592 Y71.385
G1 F1500 X86.399 Y70.578 E814.3500
G0 F4200 X86.127 Y70.284
G1 F1500 X85.629 Y70.782 E814.3728
G1 F3000 E809.3728
G1 F900 Z7.100
G0 F4200 X85.147 Y87.669
;TYPE:SOLID-FILL
;WIDTH:0.400
G1 F900 Z6.800
G1 F1500 E814.3728
G1 F3000 X84.664 Y87.868 E814.3915
G1 X84.098 Y87.869 E814.4102
G1 X83.532 Y87.870 E814.4288
G1 X82.965 Y87.870 E814.4475
G1 X82.400 Y87.871 E814.4660
G1 X81.833 Y87.871 E814.4845
G1 X81.267 Y87.872 E814.5029
G1 X80.701 Y87.872 E814.5213
G1 X80.048 Y87.960 E814.5397
G1 X80.048 Y87.677 E814.5491
M106 S0
G1 F3000 E809.5491
G0 F900 Z11.800
G0 F4200 X80.048 Y87.677
M221 T0 S100
G92 E0
M1002
M104 T0 S0
G91 ;Relative positioning
G1 E-2 F2700 ;Retract a bit
G1 E-2 Z0.2 F2400 ;Retract and raise Z
G1 X5 Y5 F3000 ;Wipe out
G1 Z50 ;Raise Z more
G90 ;Absolute positionning
G1 X0 Y220 ;Present print
M106 S0 ;Turn-off fan
M104 S0 ;Turn-off hotend
M140 S0 ;Turn-off bed
M84 X Y E ;Disable all steppers but Z
;Data start:62796:42cffcb015caa8ecaddc54cac937c537
;SURFQSAtIFBSSU5UREFUQUlZDHzi6E17riyBkcQfrme3fVk3TpZ8P00S6NVJSnsUx1JAPfSj9H27Fx8
;ermQEiCWmPEVt3BVQt0yKujk+FHmlUyw9gaORfTJEHwWuBWeKI6k8W2naHUuwfIaKLyUPYMo/c0700f
;cc2GEfH64FZ+tAytB3DLt8P9lyi7YoJh5mxCZFUu/8+BPdbXNyrgRn60DKWTeF6Hwn2RPotC4pHnjAI
;E1J6Mz/ItJqbHvaWg6FLq8rNw2ofD/ZE+hcDUpjFKVSTV7ixv0YyWVrd8FrOIIuuTxDU8cJS7xh6NRN
;SnsUpVKlfYGxkX27ZXx9y2kCmSG+MFhi9wxNsH2c1UxKexSlUiy0waOBfbsEfn3NYAuOMqstXmPGI0u
;2Y+jUTUp7FKVSpX2Bu5F9u2V8fctpApkhvjBYYvcIUKlMm6A/LBp3wFItPYGjkX27jV8evQVn6yGpOl
;JgzQ5erXqHuxI+CXXTN0A9gKORfbsEb4nuBU7rQMo4QWPBGGCtYYmjKCYkfMo+SU7e0/AJ01tyf9ZaC
;44urS1fU84dXK18mtVMSnsUpVIsVMGjuH27BH5owWwDtDS4OEFpxCNXtn+NphI6GmDNDUFc+fz/EuR2
;emrcZASfKaU3Nw2ofD/ZE+jVTUpoFKVSTUXo0M4e1Glve8B2Bp8ppTdodKh9P9kT6NVNEzsUtlIsPeD
;b+A7kZ3Bz3mAJmCG+MFhi9wU/2BPo1U1Ke03lUj49gaPzEs9wcHPxaQaSJbgGRHzNGVvZEujVTUp7FI
;ESLC2Bo5Ef1HBrccNaE4MpqTJZadsPP9iJcUzU0+LdmlIyPYGj8w/SYHh3wGI4jji+K0J/wRNRhmSBs
;TkiJGbEJkVSgaKRfbsEH57PRWf5QMpZVX7BGFiwfY+KKysVS9YiSVjlo5B9uwQfHq5cJ+tUylk3btoV
;W756hrISLBJswDZzXO/E/Ri7BR8ergVnCyCKWS4MqHxdq3qMsiQkHEvDPkNc9cb1Itp2en/xaA6FQMt
;ZNwyofD/tU+jETUp7dtc7SFrozfYi3WhwadxkE45Ay1k3DKh8P4BT6M1NSnt21ztIWujN9iLIbHpywn
;Y4jSylLkVt3Bk/2BPo1U1Ke03lUjk9gaPzD9JgeHfAYjiYKK81W3/3D0+8dozVTEp7FKVSLAPBo599u
;wR9bMdhAIIurQZEfM0ZW9kS6NVNSnsUgRIsHIGjkR/JbXt5x2sAtDO/KUdj2ghavUyJpygrJGbEJkVS
;3s7wBbsFHx6uBWfrCYpZOAyofF2reoWKISMVcfoxQ0jv15F8uwQfHq4Fc6tA2Fk3DMsTXqpngbsqFR9
;91iZNU+LGoH26BB8ergVnC3/KSzcMqB9QuGCcvCMtJHDMIVhc78D0T7sFHx6uBWfroPVZJgyofFy2fI
;SKICMVS8M3SVnzwuUYuwUfHq4FZ+tkilkkDKh8XLZ8hIogIxVLyTNVWPP85RTWYR8frgVn60DKTXcMt
;Xw/2XeNuz4vJGfQIlxS89fOFNVidnLCWgieNKYwWWnbfD7ZE+jVTUp7FKVPLD2Bx/QTyGFAbdt1F4Qy
;vgZeYsYZTYZ2kKUsJAh9yjwsPBs6COQinfYhrh5n60CuPFl/zSNMrGOYuj8+JHjEK0lP8vzzEs9wcHO
;uBGfrQMpZNwyofCzZE+ixKCQIcfohWU3xzOMJ5Hdve8thZ+pAylk3DKhCf9kK6NVNLhJ5wDxfVO7Nzg
;XCW3xxw3UChTOrLV5jxnw+2RPo1U1KexSlTCw9gcf4EN5qbHfBaziTOZU6WGHYGVGqcpy8IiQkfMo+S
;T2Ao5F9uwQfHq4FaOtAyjxPeNoJW7xht7QgJQ560VItPYGjkX279CAevAVn6yWyLUV5zBlNhnyOsz4v
;D0vdYyw8gaORfbsEJl6uF2frQK8hQ37dGFqrTIezKzkeYPoqHj2Ao5F9uwQfHq4FdetAyjxPeNoJW7x
;ht7orLAhx0Q1UDoGikX27BB8ergVn+UDKWVJ03A5KvXaaiiIsHWfAJnNEsKOQfbsEHx6uBWfrUspZN2
;nQCE2sd42nEiUdctY3WGL4kZF8uwQfHq4FZ+tA2Fk3DM0ES6tmjLA/FRRywyFJSd7aon26BB8ergVn6
;0DKajcMqBlHrWGdsSg4JGfSO1he6fzyEtRodnDJWg+OIb4sR1PJGEm4fYuwEj4eedU3Xlz11uMYigQe
;Hq4FZ+tAoxk3P6h8P7xrnKc4Lh5m+iFbVPXA+SLYa3Byx2sAtCivOEN52CNevWWJuy4vJGDAP1xY88L
;lCMlhLR6vBWfrQMpZXkyoVz/ZE42tOTgOcMAgc072yuUe01t8ccFpDoUnlTFSbdwJT4ZyjKMsJBhx+i
;ZFUOSjkH27BB8erkEn617KWTdp0AhNrHeNpxI5DH3RMURi4sz+EdJqeEHeZBWAH7JZNgyofD/Zk6qVT
;VR7FKU3VEnz1vUYyVtsacdxBIMfqTZYYMESWIZjiacmFQIUpFIsPYGjoRb7BDsergUCkzS4LFNp2iNM
;rnqctiUVGHvKPkVT5vzlGNZ0emzPcRKZJftZNgyofD/Zk46VTW57FKU3VEnz1vUYyVtsacdxBIMfqTZ
;YYMESWIZnjbg9Lwl10SdeWLOjkH27BB8eLmMn62XKWTdp0AhNrHeNpxI5DH3RMURi88biCdp2a0HLfR
;OZIZU4WmPdEkvrE+nVTUp7FKVSLD2fo5F93nxrbNthApkfuS5eeMsUYKt2m6EsOA9L1iJJWOWRkXy7B
;B8ergVTq0DoWTcMzQRLq2aMsD8VCGPMJk9V3tH0CcllfGrHagm0Iac2QmLcTj/YE+jVTUp7MOVSDT2B
;o/QFz3Zqest3OJg3oy1UZPcOWq1hibY5IxR6+iFcWOTHo326BB8ergVn3wDKVjcMqBlHrWGdpiQlFUv
;SO0hJ6aOQ5yKdhoc33FjrUcpZN2nQCE2sYIG6IxUMfcEmRGKzo5DnIp2GhzfcWOtTylk3askSYLt/ga
;USOhph1jdzUPLG8n26BB8ergUnlADKSzcMqBpet0yKuSQ6JGDNIElO6cz9GbsFHx6uBWfrfopZOAyof
;Fm4fbezOCYXS803RVrp15F8uwQfHq4Fh9RAxFk3DM4dUYZ1nbkhFRd13DdePYCjkX27BB8e7gVu60DK
;P1Zi9w9PvHaM1UxKexSlUixkwaOcfbsEeX/AWhSbJa89aGHJBD/YE+jVTUp7TeVSPT2Bo/cU12Vye8B
;xOI8pqzRSeM0OP9gT6NVNSnvomlI+PYGj9xTXZXJ7wHE4jymrNFJ4zQ4N2RLo1U1KexRZbSwvgaORG9
;JofnPLaxO0JKM4WmncGU3qE+nVTUp7FKVSLD2To5F93W1zf8NgCZ8frjBWYc0IWqsn6NRNSnsUpVIsP
;YGukX27YnZyz2gChTSVP1tj33w+2RPo1U1KIlSlXCw9gcX4EdppenDaWgGHL71oNw2ofD/ZE+iMDUp1
;FKVSSlTtwvwY1XBAeMJqENlAy1k3DKh8v49T6NhNSntyzD5NUOTN5SLPfW97rgRn60DKWTcM6Hwx2RP
;osyQmGnnAPFhi9drhGIkEHh6uBWfrQMoZNwCofD+/eoS5Ei4eetY7WESBopF9uwQfHrpFZ+dAyllRZc
;QQYLZljachKwsUpFIsPYGjkUP7BD4ergUBgjK5LWhgyQVaq0yNrTk4DmfMPUJi9sr1CdNbbX/abAjrQ
;cpZNwyofGaZE/rVTUodfdchWGLtwugYyVtsdstpC5hAy1k3DKh8P91T6PtNSntyzCBfSd7P8ATedkBt
;wWkOjx+jN1FlxBBgvGucpzg5EnvLDVtU5df5Islla3fBBWbrQMpZNwzxPD/BE+jVKyMJZ9E+TUTk0c4
;b0mh+c8trE7QmpjZADKl8P9kT6JUSCnsHpVIsW+jb9BnkaH5ny3c4mDSrK0NT0Hw+2RPo1U1KIlSlQS
;w9gcX4Bd5gQHLPfAKZH7ktVn7cI0bZEujVTUp7FPsSLB6Bo5Ea2nRAeMdpC7QzozdQYM0jWqFnmqA+I
;xR6+iBNSejMzhDafB8frgVn60DKMHcMi3w/2XSJpRIsEnjJDV9U78T9GORhZ2rccBSCL6QGRW3cFVCG
;foG7TUt7FKVSLL3B45FiuwQfec91OI0ppjVof8ESWLV2t7A1Pglh1jtDU97Q4RjeYB8frgVn60DKHXc
;Mpnw/2XSJpRIsEnjJDV9N5Mb1fboEHx6uBWeiAMpJNwyoG1y2d42KOTMLcfo7Qlnk25F8uwQfHq4FZ+
;tAxVk3DM8QULtyhIoiLB1nwCZzRYGikX27BB8ergVn5EDKWVBgxx5etUyHsys5HmD6Kyw8gaORfbsEH
;x6uCmfrQK01WG7JEGC2dY6mKD4kbqVTLD2Bo5F9uwQfC64FZ4Mlqy1CfPcbXLZ3jYo+LwphwDxPWIGi
;kX27BB8ergVny0DKWV5izhVTtUyJsSw6D33TN3NU78X4EddbbX/abAi0LashNw2ofD/ZE+jrDUpbFKV
;SRVPnyv0R5GV7f95xDp0llTBZasEQU4ZhiaEkJSR5zDwsPIGjkX27BAterhpn60CjN1FlxBBguHeJpT
;kjDXH6O0JT5NHOGMN0fnDdbAiFQMvDrpUx5aYwLOjDTUp7fcs0RVHt/PAZ2nRrd9hgOIchszxFf6h9P
;9kT6NVNXjsUv1IsPejN9xTXaEB/ymQXnym8PGh+zRhKumeBuiM5exWlUiw9gaORPbsdHx6ubAmNKaY1
;aG3MHU+tep6wEj0ScNE6c1DozZF8uwQfHq4Fb6tA1lk3DMESWbB/hIooMg9m0CFFUu/85hTfcHdB3GQ
;Tgi/KWDcMqHw/2Uqo1VlKexTMPEpU7c/OG9JofnPLaxO0JqY2QAypfD/ZE+jVFAp7G6VSLFTvxfgR11
;tweMh2Ap8fslk2DKh8P9kT6NVNRXsUpTtCW+jP/SLUYnlty3E4kkDLWTcMqHw/2RPo2E1Ke33LNEVR7
;fziFd5oc22uBGfrQMpZNwyofCPZE+i8IywSeMkNX03g0eIY5Gdwc8xsCY4fpjhOadoPP9gT6NVNSnvk
;mlIgPYGj+BPdbXNy8XYXjiWuWTYMqHw/2ZOulU1GexSlO0JO5NehIsh0envKBWbrQMpZN4zuPD/VE+j
;VJCQIcdEqc07xxvQZuwUfHq4FZ2sGilknDKh8Vqt8hrwjLSRyyT1bT+DX9H26BB8ergVn/wDKVDcMqB
;VNtn2BuyoVCGTAN0g9gKORfbsEHzruBWzrQMozUn7DI122Z5y6IEp6FKVSLD2Bt9F9qAQfHsRgFYAfq
;DZDeMcRYKpmmrMsKR4UpFIsPYGjkWn7BBQergUNjjKhBl5izhVTtRPp1U1KexSlRmw9kaORfdFhbXXx
;bAmYJb4GXmLGGU3ZEujVTUp7FLESLC2Bo5EX3nZ0QcdrFI40lTZCeM0OP9gT6NVNSnsc5VImPYGj+xj
;Jb0Bu3GwJn0DLWTcMqHw/2VPo3U1Ke37AIEdi9czhfboEHx6uBWf/AMpJNwyoFlqreLehIjokZ9AgSl
;zixpF8uwQfHq4Fc6tAwVk3DMIZTbJMnKcsPB54pVNKW+fF9xuxRB8SrgVnhyGzPEVTwBlWvnuc1UzQ4
;o08y7X0vqO3fbsEc3/XYBW0KK8wUGTcI169cpihJDweS8gzVGLpxvga03BAbM9xDoRAy1k3DKh8P5dT
;6PNNSnt4xCtJT97L9BTcbGtBz2EGmzSjL1JTxRVRhnuNvCoiD0vXM1hU7qOQfbsEHx6uPCfrY8pZN2D
;JBVqrTICwJC0TYPozSFzx1/gL3ltsf8N1C4IurQZEeM0MP9ho/HsKqwGQmlIHPYGj/RzCYW1BxmAOjC
;i+BlZoyQxLsGWNij4+HmTKJElP3sH+Cc9rckHcZBOCL8pYNwyofD/ZWqjVZUp7FMkzVVjz/PkY0mN3a
;vFkA4owvjBBafcPS7xjh6MoOCRgyiJzT+DX+BK7BR8ergVn6wmKWSAMqHxTuGqNpxInHmbCN3Ne7czi
;GORifn3LdmfqQMpZNwyofD/ZC+jVTSYabcAgc07kxPwY1XBAcstrAJ8olTReYqh9xad5VKHewkQUsVI
;sPe3C6BjJW2x2y2kLmB+lL1J+xB1P2RLo1U1KexTsEiwogaOREdp9emzxdhOKMr4pWGXGCGCtapiwTU
;t7FKVSLD2J45F2uwQfcMF/HYcllSpeds18PtkT6HXU06IrpV0sPYHM8xfeZ2tBzWAJnyW4Bk8MqXw/2
;RPo1b31exulUixS48n0Hs9bfHvAcQKZH7NZNgyofD/ZExhqTUF7FKU9TlfkwOUiyG1xda4EZ+tAylk3
;DKh8LtkT6LoiMB5L1jpFWO3HzhzVY3N7rgRn60DKWTcy6Hwp2RPouiIwHkvWOkVY7cfOEdJqekHNahK
;FNMpYNwyofD/Z49fVX0p7FMo9Vlje0PkU3mh7QcFjAZglvlk2DKh8P9kT4JVNX3sUpT1aWPPL8BPcW2
;x2y2kLmB+rN1BgzXw+2RPo1U1KRVSlSyw9gcznGMlsfnDJWhSDJaY1RFPOHVGGYJiwKC57FaVSLD2Bo
;8g9uxwfHq5qEY4yojhZa/cPV7x/hKYSLBd70iBNSeSjkH27BB8erlEn61XKWTdj3hlNsXKGshI5E3HJ
;Pl9i8tP0GN8EHh6uBWfrQO4ZNwCofD+2ZY2nISsLS8EnTVGBogvkIp2Gh2c6Z/5AyllHfsESS4ZxjbE
;SPh551TdeXPXW4xi7BR8ergVnaxGKWTwMqHxPq3qGoRI5C3HANiw8gaORfbuEWV6uFGfrQLorXmLcI0
;u8fpiwPysPYdc3LDyBo5F9u0R1Xq4XZ+tAuiteYtwjS7x+mLA/Kw9h1zcePYCjkX27BB937gV160DKK
;UVlxghgrXaFpSg4GmDQIEkOgaKRfbsEHx6uBWf5QMpZR37BEkuGZ424PS8JddEnXli1o5B9uwQfHq4F
;Z+tLylk3fskaS4ZygacqKwsUpMi1pBg6CLSEBAAergUViia+BlVt2xlgvGucpzg5EnvLDVtU5df5Isl
;la3fBBWbrQMpZNwzBPD/PE+jVPysdYPowTU7k/PgT3W1zcvFkCYwsr1k2DKh8P9kT6NVNXHsUpSBNW/
;X88xzIYUB3wGMOhyyVK1Z4wRM/2BPo1U1K+1TlUjw9gaPjHN1wQHzPdgK0LKsgUn7bfD7ZE+jVTUp7V
;KVBLD2B0fAbz1t9f91gOIcppDxAZcwIV9kSckzU0+KNTG0sMoGjkQ/aYmtBzGQUjh+5KVJpzHw+2RPo
;1U1KW1SlQSw9gdHwG89bfX/dYDifKKM6XGLND0zZEujVTUp7FEVtLBmBo5EP2mJrQcdrE44yrDhUafc
;ZR61hnaYkJRVL0jtISen84xzPbXAerwVn60DKmVVMqGc/2ROatCs+JH3LJklP58LyGORtcXjHaQu0Ia
;Q+W2mofT/ZE+jVzRw7FL5SLD3zwvcJ5G1xast3AYojrwZeYs4VU7VMmrQ5IxQUpFIsPYGjkTT7BAoer
;gUViia+Bl5i3BlNv3KLsBImGm3AIF89gKORfbsEH+6RBX/rQMorVmrcI1a3Z42nKysYcfo+RVPk1PgZ
;z2wfH502VNhz+boIDL58P9lhibM5FRJ60TdeW+DA9CLIdH59x2sA60HKWTcMqHzP5hP81U1KCXXDJnN
;U79f0D91lfHvxdheOJa5ZNgyofD/ZE9aVTVJ7FKUgTVv1/PgTz2FteM9mArQ0ojBUZ8YZTKoT6Yf1VP
;7/9IoTPZCjkX3JZXlq8WkOhSWVKkdtyxVRvhPp1U1KexSlWmw9iqORfclleWrxaAaZJ6M3Nw2ofD/ZE
;+jBDUpUFKVSXlzn184SzWFtbMdhArQmoytEePcQXqB2moooMg9m0CFFUu/85hTfcHdB3GQTgi/KWDcM
;qHw/2Uqo1VBKexTXM0pJ3sznGMl2dnrLWgCHL6g4W1PHGlmqdpyKN0p6jjzLtaQYai59mQQfHtxkAZ8
;fuSxFaskfWoZ2kKE/Pwh9yjxzSujH5RXkdn5qx2pn6kDKWTcMqCV/2QXo1U04GnLRDV9I88XwHt5beX
;fCaTiZIb48Nw2ofD/ZE6iADUpuFKVSXlzn184OznZ5f81gOI0spS5FbdwZP9gT6NVNSvty5VI1PYGj4
;xzdcEBt23cBiiOvBl5izhVTtUyJuyomHhSkUiw9gaORQ/sEDB6uBRWKJr4GRHnaGl66dre5LDMeZtZS
;LT2Bo5F9uwRfHrgFZ+syqz9DU9sJTb9yi7ASJhJ6wCVFWfXLkXwhnYaHN5y+1EDeWTcM2h1ZrUyboD8
;sGnfADV9N4MD4E9wEHhR5phfWSh1mNx6ofD+rco6hEjkOZsMzT1je0OEY3mAfH64FZ+tAyhd3DL58P9
;lhibM5FQhh1zRNXuT85RXSZ3Rwy3YU60HjBbjOXVTz5hP61U1KCXHWJk1P9fz1CNpoQG3eYAKPQMtZN
;wyofD/tU+jBTUp7ZsAhWFzz184Yw3Btf/FkCoQ1pC03Dah8P9kT6NVNSm0UpVJeWPLX8A/PW3pm2ncG
;tCGnNkJi3CMN2RLo1U1KexSlUiwkgaORD953a3/ccTiOOL4rVlPMCV61TIm4Ij8VYKVTLD2Bo5F9uwQ
;fE64FZ5kluS1WftwjTKl2jbFNS3sUpVIsPbjjkXK7BB9sy3YTijK+BkR8zRlbhiHo1E1KexSlUhV9gb
;KRfbt2emrcZASfKaU3aG3FE0q3Z+jUTUp7FKVSOH2BsJF9u3Z6atxkBJ8ppTdobcUTSrdnt+dNS3sUp
;VIsPZXjkWu7BB9sy3EViiO+MFhi9xhKuH+3tCAlDnrRUi09gaORfbsgXx67BWfrMq8tRW3LCFa2fbex
;OCsXS9YiSVjlo5B9uwQfHq4xJ+tnylk3fs0ITbhwnLwiJCRxyzNOUeT8/gjPd3Z6y1oFhDS+NlpTxB1
;GvGGb1UxKexSlUiw9waO1fbsEbXvadwaINKM2WVPNEl67f42KIj8PZ8w2SWL1zOEi12Vme9x2Z+pAyl
;k3DKh8f9kd6NVNOB5g1zNPSejM/yLTa28erzZU2HP5auQzqGw/2ROasDk4GnfRO0NT3sv+DeQ2Hx+dN
;lTYc/mKCAy9fD/ZYY2hPysYYMw9QmLsyv8iz3Z+aMtpZ+pz+WoEP5ufANkE6NVNOB5g1zNPSejM/yLW
;bXFB2ncGnSWmBgUMqU8M6iDb5q51ewilUixP5NfjHNhwdnHAWgqCLqM0VmD3GUetYZ2mJCUVFKQpOJP
;GQuvphAQBHq4FFY40uDhUeMETUYZ+gbskJxp4+jdUSfPW4hTUakAsrgQc/+6NuE2Yl3wv2RPopyg+CX
;XGJkVS7/ziDd5hex6vBWfrQMpZfkyobj/ZE5qwOTgad9E7Q1Pe0OEY3mBALK4EZ+tAylk3Reh8JdkT6
;KcoPgl1xiZFUu/86xXUdEB9wWsDgjSjNlk9qH0/2RPo1U26RBS/Uiw988blD9pna3fBaziRKKUpaG/H
;EluwZ4G6I3h7FaVSLD2Bo2FCuxcfHq52AogvpD1oYMkFWqtMkoohIx1gpVMsPYGjkX27BB8XrgVnmCu
;jK0NTzx1P2RLo1U1KexStEiwtgaORDtBtbWrxaQ6FJZU6WHnGCD/YE+jVTUp75JpSOD2Bo+IW0nZrQc
;NsCYItqzVoYM0SWK176NRNSnsUpZJOfYGokX27d3R33HE4mDCvPFMMqXw/2RPo1XkKew6lUixO7czmI
;t9raHDxYw6ZM74GUWnfI1O4ao2nPkp6FKVSLD2BU659rAQfHt1oBocslT9SbdwJTbxgt7EkKxZx0Tde
;PYCjkX27BB867gV760DKKlptxBBgv3aJoTg4Hmf6OkNR5Pz1FNppemrLd2fqQMpZNwyoYH/ZCOjVTTk
;Wdck+c1vkwuUIyWFsQcdrAYIspgZFbdwVUNkS6NVNSnsU/BIsJ4GjkQ7WZXNy8WMCijS/K1J/9w9PvH
;aMij8rD33KUi09gaORfbtNXx6MBWfrM6U1Xmj3HlCtZ4e4Ei8DYNcnX1Tuzc4K0mBrdvF3Bp8ppVk2D
;Kh8P9kTsZVNUHsUpSFDUejHzh/UcGtxw1oBgiyrNFJi3CNZtXyf1UxKexSlUixkwaODfbsEbHHCbAO0
;IqUtQ2PFI1O4ao2nTUt7FKVSLH0O45FvuwQfbcFpDo8fqDZDeMcRYKpjjbApSnoUpVIsPQHl0X2tBB8
;e3WoLgiSVMFlqwRBThnaQpSwkCH3KPCw8gaORfbsEHx6uFmfrQLk2W2XMI1a3dYG5IRUIfMA+QE6Bop
;F9uwQfHq4FZ/1AyllEY8QVW4Z6hrMkJhdL0jtISen8/BTVBB4ergVn60DKWTcZqHw/qnyEvCkVF3XcN
;15i9cv4HtBqem3dBWbYc/lqBD9LQz/GE+jVPiUXfcENWFLx/PQFz3ZqbcdqCbQ3oz1DZPcOXq16h9VM
;SnsUpVIsZMGjhn27BGxxwmwDtDSlKWhqwRBetHaGoRIsF3vSUi09gaORfbtdXx6hBWfrM6U1Xmj3CFC
;pTIS0NC8JFKRSLD2Bo5Fl+wQQHq4FFIQsoz1oeMcMYKpjjbApSnoUpVIsPQHl0X21BB8e3XUSmTOVNF
;Z03xVbrXvo1E1KexSlUswCgYKRfbt3am7eahWfH6s9VnzcFUm8TIG7KyMXePogTUnozM4Q2nwfH64FZ
;+tAyh13DIl8P9lgnaU9JQlg+jNIXPHX+AveW3ZwyGwLhx+4OENlxyNSsH3o1E1KexSlUgJ9gYORfbt3
;am7eahWfH6s9VnzcFUm8TIG7Iy8JS8AqXFzv0PgS1QQehDec/nLZE2Y3G6h8P6pmmKUiOA9LxDZNTfX
;K5xjkaH5ny3cU60HKWTcMqHwrmRPz1U1KCGHVIkNP9fzwGdp0a3fYYDiZJa4sVHjBE1GqE+nVTUp7FK
;VGbD2bo5F9yHFvbsF3E7QhrjhHeMEKWoZkgbE5IiR5zDwsPIGjkX27BBderghn60C5LEd8xw5LhnKGs
;iEvexWlUiw9gWPDPbsXHx6udhKbMKUrQ1PKHUy8TIS0NC8JZ6VTLD2Bo5F9SzsfB64FZ5g1uilYftwj
;XbhgjYohKwJx1yFzTvHG9Bm7BR8ergVn636KWSkMqHxMrGOYuj8+JHfKPEJY4tf4EtVbZ2fxYQ6YNKs
;3VGmofaVAinFM1PNEFLJSLD3y1uEN1HZrQcpgCZgllT9eYMQjTbhnjdVMSnsUpVIsacGjgn27BGxr3n
;UImTSVPVJi2xlgtXKRsD9KehSlUiw9gaORfa4EHx7dcBebL7gtaGrBEF60doahEiwXe9JSLT2Bo5F9u
;11fHr8FZ+szvylHY9oIYL96hLkSOBpgwFItPYGjkX27Kl8euQVn6zO/KUdj2ghgsH2OvCEmJHvQJkBU
;78bifboEHx6uBWfrQMpKNwyoD0qpY4enORULfck+TU/e0PgH3gQeHq4FZ+tA2hk3J6h8P6pmmKUiOA9
;L1j9NUe389xHUZWt7yloBjiG+LEVp2yNHoEyNrT0rFWfMPUI9gKORfbsEH+6RBWrrQMoqQnzYE02tTJ
;ulKC8fFKRSLD2BoxE7+wQMHq4FFJ4wujZFePcERoZ3gaY5KxV3wFItPYGjkX27BF8eugVn6zO/KUdj2
;ghgoWq3sDU6GnrWO0NTgaIL5CKdhodnOmf5QMpZRHnYDFCrZ7evEi4SZ9EzQl7ko5BOiDcsLZ3GWOtc
;ylk3f90MT7ZhnIo3FRRywyFJSd7H/grVW3N/12AVmEDLWTcMqHw/KSzoz01Ke2fQIlxS89fOB+RreXj
;dYBO0NboGW23RGU2qE+nVTUp7FKWiEz2ro5F9yHFteM9mArQzpTVeaPceUK1nh7gSLwNg1ydfVO7Nzg
;rSYGt28XcGnymlWTYMqHw/2ROxlU1XexSlIVlP58LyGOR3cHLHYTiJL74tWGH3GlO2ZJq0OS97FaVSL
;D2Bo8g9ux8fHq52EpkmqzpSU9sTU7B3t7ciPg97yA1AXPjG4w67BR8ergVn67D1WS0MqHxMrGGOtC4v
;JGfKPkVZ3sH+Cc9rckHddQKOJMpYNwyofD/ZV6jVakp7FNYnXlvgwPQiyGtzd8paE4QwlTxPeNoJTLB
;8hoo6Ix9gzQ1eXPXK/n26BB8ergVnsgDKQzcMqA9Kq3WJtigVCHvJO0hi9czhIt1ocGncZBOOQMtZNw
;yofH+BU+jNTUp7Z9AgSlzixs4O1Gh2evFxCJsfpjhOadoPP9gT6NVNSnvkmlI7PYGj4gjJYn59y1oUh
;CyjPWh4xwxgqmONsClKehSlUiw9gZrRfbQEHx7abQ6FH704W2D3D0+8dozVTEp7FKVSLAPBo4h9uwRr
;dsdrOJwhpjVoe8EYS7FMmrQ5IxRLyDNUPYCjkX27BB937gV+60DKLV9lxiNIuH+EijojH2DNDV5c9cr
;+ItZtcR6vBWfrQMpZDkyobD/ZE5y6PRUZe9EmQ1De0OEY3mAfH64FZ+tAyhd3DKR8P9lnmrQ7LxdL1i
;JJWOWjkH27BB8eLlQn617KWTd42h1JvH+3rxItGHvBN3NZ6NDlHNVnekHIbAmCM6JZNgyofD/ZE/yVT
;Vt7FKUkSU/yyv4T5Gh+bdpaAo8pvlk2DKh8P9ksWZVNQXsUpSVNUe384hXeaHNtrgRn60DKWTcM6Hwx
;2RPooiwmF0vROkVe6s30DsgEHh6uBcdy2SNmNxaofD+uepiwEiUOYMAgc1Tv0PQJ5GB2bdpkCYgl+1k
;2DKh8P9kT6NVNUHsUpSVFTeT8/gjPYW1Bx2sUjjSVPV5/3B1Runba1UxKexSlUiw9gaOGfbsEaHfeYD
;iENb48RVPBEky8Z7emPS8ecJRSLT2Bo5F9u0pfHrkFZ+s3oylSU8cJS7xht7wjOR5g+iFcWOTHo326B
;B8ergVnpQDKTDcMqAtWqXa3oSI9Hmb6NEVF5MfODdR3Zx6vBWfrQMrZfEyoaT/ZE5+8PS8kYMolSU/e
;xfgF3mBAbsF2HutBylk3DKhMVJkT/tVNSgx91TdzSe7U9A/kbXF4x2kLtDKrLVIMqXw/2RPo1RQKewa
;lUixK6NP0Is9raHvcWgiNJrk8Q3SofT/ZE+jVTUq7FLdSLD32yuEY5HBwact3OIQmrCpSeNF8PtkT6N
;VNSntUpUIsPYHU+A3eW2tx2WAVtDO6PFJoqH0/2RPo1U0DOxS0Uiw99srhGORwcGnLdzidL6YsWmmof
;T/ZE+jVTWQ7FLBSLD32yuEY5HBwact3OJ0vpixaafcRVrcT6dVNSnsUpXZsPZGjkX3MbW978XEInCW4
;BkBlzAhX2RLo1U1KexSREiwygaORCtJ0ekHZZAuHH7kpUmnMfD7ZE+jVTUoyVKVcLD2B2c4JyWVpe8J
;aFJslrz03Dah8P9kT6PsNSmgUpVJNXuLG/RjJZWt3wWs4ji6rO1tpqH4/2SPo1U0rDXvMNnNJ88LnGN
;dbd3HCYBS0MKstX1PFHUeGf427Kj4TS8MzT0nu0c4Y1WV9cssFZetAxVk3DMoOVr10gbsqFR56xDBAW
;IGhkX2iBB8ezHcOjyejN1BTzh1RhmCYsCguJHHLM05R5KOTfbsfHx6uZxWCJK0wWWv3GlahdoyKLCQc
;eMANSVPgwf0YuwYeHrgFZ+siuDBTa8ESWIZggLAhJghLwDxNX+3GkX+7BAUergUFmSmnBlJ03BlNt3K
;Eij4iHnjJIXNb6NHiCbsGHx68BWfrIrgwWlPBEkywd42KKCQadsk3LD+Bo7J9uwR8cc92E4IurQZSYs
;keU7xMgbsrIxd4+iFFU+bP9CLXbXF7nwVl60DpWTcMyxNeqmeBuyoVHnrEMEBY3sr/G9Joc0HdbAmML
;K8GW2XGGQ3ZEejVQ0p7FMY9Q1Hey/Qc31tzd8hxZ+lAyk03DKgfULZ/gbsqFR11yw1FU+LR9BzIYR8c
;rwV860DKOlhjxBVRvkyYpyQkD2fVN0lZ3tD9EsxgcGnABWXqQPlZNwzMGVGqdremODoLe9cmc1Tvxfg
;R11tqbctaC4IurypoZcYjV7B0gIopLxVnzCZVYubR+Bm7Bh4ejAVn6ySvN0Rp9w9KqWOHpzkVF3XcN1
;5O3sH+Cc9rckHLawaJLK9ZNQyobT/ZE427LCgXcfolRU3k/OUSzGFtHqwFZ/5AyllSdNwZTbdyhIo+I
;h54ySFzW+jR4gm7Bh8eiwVn6yWyLUV5zBlNhmCfvDkpE0vGPUNR6M32ItlheXHcYDiYN6MtVGSofj7Z
;NejVTS8DYNcnSFjz/OIK0nB8dvFmCIQsozdQU8AZXq1mmIosLg11yzFJPYOjkV27BB971nEVniSvK2h
;/3xVLunu3tiIlF33LNXNU78LyCdJyeh6sBGfDQMpZUnTcDkq9dpqKPj0SYMY6c17uzP0U1WNAbs93DL
;QtpS9SU80SXrt/jdVPSnswpVIsWPnX4wjfYW1B3XIOnyOiBkR4xwxgrnqYsBI9GnjJDVhS9sbjfbkFH
;xGuBWeNIaQGVWDBDGC8fYm3IS97FqRSPj2Bo/cc1Vt8ccFpDoUnlTxZbcoQWtkR6dVGSnsUwzNCYuTN
;8B/XYXserARn+EDKWVFtxhNZv0yPtiIuHkvAPE1f7caRf7oEBh6uBQGCMrktaGDJBVqrTJu9KCYXZ/o
;3Qlzjz/R9uQQfK64FZ40puCpDU8QdRrxht6YiJhJw+jtCW+jP/SLefGts23YOhC6VLl5o3BRgq3KcvC
;IVHnrEMEBYgaGRfZsEHx7IbB+0KKUrRWXKEFqGdpChKCQIfdM3c071yuUe021xea4HZ+tdylk3asEEY
;LF8mqckKBdx+idCVO7NzhzXaEBq13UCtCHKWzYMtXw/2XWBrRIiFGbXO05R5PzkE9JrcUHPaQu0NLMp
;UlPKfD3ZE/XVTUodfd0NRFLz0fgf12FAa8BsCIUfpS9SfsQdT6l2jNVPSnsOpVIsW+jbzhXUdm13zGk
;CtDW5PGhj2BlRhnGBoT5KeRSlSSw9gcX9Esx2fmrLWhWOM68taGvLE1u8TI27LCgXcaVQLT2Oo5F93G
;VvQchsC4cfuTFSYMQPP9sS6MxNSntzxCJzW+jP/SLIbXF5wmA4jji+K0J/wRNR2RHo1VFKexTCMUNZ5
;Pz3FNdhcX/DYDiNL7g0Vnj3GVG4cYSwTUh7FL5SLD3ozfcU12hAL541OJ4zrwZEY8QVW4Z6hrMkJhcU
;p1MsK4GjkRTVYnZywloGjyG6LV56zSNat3KKuShKeRSldiw9gcr/G9Joc0HNagmIJaQtRWXLI0y2f4G
;xEj8Icfo1TU3exfgR1wQdHq4dZ+tAozdRZcQQYLp8hrsoKQ9LwDxITe7K/wnIBB0ergln60CjN1FlxB
;Bgv3qapjlKeRSlSCw9gcr/G9Joc0HdbQKHLLkGQn/NI1i4Y7ezJCYXFKdTLBiBo5EU1WJ2csJaEpgll
;TVeYs0PYLB9t70kLRNLwTdCTujX6CLcdnZ6rgdm61rKWTdlxg9aq2e3vSgrD2HVDUte7sf0It5qfnzC
;YGfpQcpXNwyoFU22fYG7KhUeesQwQFiBoZF9sAQfHsRgFYAfrzdWbsQZP9sT6MlNSnt4xCtJT97L9BT
;cbGtBz2EGmzSjL1JTzRJeu3+N1U9Kew+lUixR4Nr0D+R3d3vCaRS0L7g9Un73E0+teoW8Ny97FqRSMD
;2Bo/wS3215d8t3OJgorzVbf/cRWqt0jYo9KwlxyyYsP4Gjn327BHFx2loUijavBkR4yQha2RHo1UZKe
;xTKPVZY3tD5FN5oex6sBWf9QMpZWHrNDle4fY+KPiIeeMkhc1jvwvMR3gQdH64lZ+tApS9SfsAdUb5M
;m70oJhdn+jRNU97Q4RjeYEB7wGQFhyXKWzcMsHw/2XyesD84EnDADUpU7cL8GNVwQHvAZAWHJcpbNwy
;xfD/ZfJ6wPzgScMANSlTtwvwY1XBAe8BkBYcl+Fk1DahmP9kTmKckJA9L1TNeSfL84hjKcXpwzWA4hD
;KuPEUMqnw/1hPo1T8rHWD6OUlY8fz5EtdhbB6sBWf/QMpZRW3OCGC2ZY2nPyMfcfo3Qlzjz/R9uQUfN
;q4FZ5klvitWb9wVULdMiaMiIx9L0DxCWOLG4g7admZBx2s4mDW6KVh+3E0/2xPo/U1Ke2bAJl5c4tf4
;EtVbfmjBbAO0NaQ3Um/ND0y4YZGKJCQkZ9AiXFLz16N9uQQfDK4FZ5klvitWb9wVULdMi7ogKBJ6wlI
;uPYGykX27dnpq3GQEnymlN2hpxh1dtXbo10xKaBSlUl5Y9dHwHs9tcHDxYAmKIqY8aD6ofj7ZN+jVTT
;geYNczT0nozP8i3mp+fMJgOIklrDZFafcTSq12moo+Ih54yVIuPIG6kX27dnpq3GQEnymlN2hpxh1dt
;Xa3ujg+CH3BNyw/gKOHfbsEbXvadwaINKM2WVPEHUa8YYu9LCQccaVQLT2Uo5F9yWFrbM9mE4IvpAZZ
;Y9wjVrdggbEoSnkUpUksPYHR9AnJZXxqx2oJtDqiNkdTxxJToEybuiEjHyWlUC09mqORfclha2zPZhO
;CL6QGTWTHDGC2fYSsEjkUeMw2Hj2DopFkuwQfbctxE4IurQZSdNwOSr12mop/FR56xDBAWIGhkX2pBB
;8e3W4OmTSVP1h+yxlgvH2JtyEvexalUjk9gaPiENpoc0HIYAafNbg8RFPNEl67f43VT0p7NqVSLE7sw
;v0R5GJ6f9pwFY4zlTBZasEQU4ZhiaEkJSRxyzNOUeSjk327CB8ernYIhymuBlVj3AhQtBPq1E1TexSl
;IUNR6MfOFNVidnLCWhKYJZU+Vnz3Gla1f+jXTEpyFKVSX1LtyvUiz2tvHqwEZ+JAyllEfMEOXrV6krB
;NSHsUqVIsPfLT5A/IW3pwz2cLjkDIWDcbqHw/qmaYpSI4D0vENk1N9crnGORhcX/MaQLrQstZOQyofE
;ysY5i6Pz4kccszTlHko5N9uykfHq52EpswpStDU8ESWbB/hIo4OR5LyTtCWPL8+BPkbHZ5xloDji65M
;EN19xtNsHfo10xKYxSlUl9I8dP+D89bc3vPbh60I6U3WWnLCFa2fejXTUpiFKVSX0jx0/4Pz1tyccps
;AYIluAZQacYZTbhnjdVPS3sKpVIsTvTT4RLJcEBtw2QLhx+sNVht3BlbhnWNtDk/CXHWUi48gbSRfbt
;wenPeYBWKNL8rUlPEFUytTI27LCgXcaVQLT2To5F9z2Fybst3Bp81uDxoYckSSrh/6NdNSnEUpVJbVP
;HGzgnUc3psrgdn62DKWTd7wQxahmeHoig4JHLMKklZ3tP+DtJwdnHAWgKFIag1UgyqfD/IE+jVLisPc
;cI9XkTezfAQ3lt3e9YFZPtAylkHPJ5OD+klq+V9fU4klWQZPYijkX3eanswyWYIjyXKWhsNqHx44CLI
;7h8vF3XRO1pYodP+DtJwdnHAbAmMSo1oF0mFTh+fId/lfWpARsAmXlzi17Ecm2Z2aqRCVssF52sXVph
;SDflV2uF9elsv9zdYT+DA5V3aans+3GQOmCXqAz1LmVxn7DOx4G0MSCSVYgwG1srhGJtramqkQlbLGv
;9pFzf6HVaqdsiPbScUZsBYawSxg6o82XdwcttxAsswpSpeeMETUbd6hrJHQDwlhQocHdiRo02bP09sy
;3YChTTqKUVlxgg1lCLY420ZSzSeBllP747+G90keX/ADyracP55ZDyIR2usYYb4IiwdNM09WFjvx5sw
;ijAvPv01R9AUvytZIccaWflxjbFHQDYskXJ0HdiD1F2AQHZtz2cLjmCrNVss2whaqWONpz5qGWHRcnY
;9i6ORfd5qeyyAYgSEJK9ZNIyofD+UIdrkbR5LNPZjHA2L7qNPiiRLL45WVttwwBQGPJxca+kzu+VHB0
;okkXJ4DKHwoXf2NSsujlZX4Q37aQAG70UO01TZ9QhnSjTjYRwNi+SgXeEvLzCbJSLGdeoAGj6YXHmiZ
;5q0Oy8XS9YiSVjl3ps6iTw/Rp4lPttKh2EDBu9FD9kG6NVNLwNg1ydIWPP84grScHx2gGIEhCSvWTQM
;qHw/2R3o1U0sGnr6IVxY5MfOEdJ3ax6tCmfrQPtiBTmTTgTsI9PmdntLJKVDLD2BxfgR2ml6cNpaE5I
;wrwZEeNp8PNMT6NUdBjo0lHwbCOzOkW+7BB94x2kGhiWkLWh40QxahmCcp39KeB6lUixtzeKxTJUzKn
;PDBUfrQMo/Xn7bCGC1cpGwPxUIe8k7SGLozfcU12hAbs9xE44ypFk0Cah8P5V6hrA+Sm4UpVJLXu7H9
;CLdbXN7wGQKjh+sNkVhyQg/2nTo1U0xHHfKNkli58r9GNVlcnvxcg6fKKUsQ1PNBEukTJO4LCkTfcs3
;c0n40/Qi2mZ9bMtzDoo0ozZZcfcHWbB/ibgoJA9LyzNBWN7C8x/JYWl3z3EOhC77JGh3xB1GvGG3vSg
;jHHzRL0FQgbKRfbtjfHHKYDibL7ktR37HH1qqYOjWTUp7FKVYLD2BxPIS32FAatd1AutDzFk3DPoZT4
;tymNVcSnsUzDxKVO3PzhzVY3N78WkOmDTKWjEMqHwL7CjZ5nhKbhSlUkVT58r9EeRgan/CWgKTNLgsR
;GXHEj/aH+jVTQsXeIU3VEnz1vUYyQQRHq4FDoUmozVbU9gdS612mrtNSX4UpVJgVO/G4n2pBB8ewmQe
;jjKVOl9txhta93SLuikvexelUiw9gb6RfbtofmfLdziYNKsrQ1PYE1a3Z7emKCsWS8Y9XlPk0ZF+vQQ
;fHvxgAYclslknDKh8ULZpjYo+IhJxyTZzSfjT9H24DR8erlIGnyW4H1ZgxHwu2RPopSw/CHH6OklU5s
;vlItdtbGquBmfrQMpZJgyofE+1cpyzIjgWS8Q2SFT1yv4TuwcbHq4FKYQur1kmDKh8T7VynLMiOBZLx
;DZEWPLK/hO7BxsergUphC6vWTsMqHxPq3qGoSg4JGDcIkk9gqiRfbtBcXrLd0fYYIQ8Qwy7fD/ZYYmz
;ORUfYcQ+c1j51+MIyG1wcK4GaetAyh9eftsIH7xrnKc4Lh5mpUEsPYHR8BvPW3ZwyGwLhx+6OEN4zQ5
;R2RDt1U1KN33LN189kaORfclha2zPZhOCL6R3UG/HGFrZEOjVTUp7AKVSLE7qyuMJ5GBqf8JaApM0uC
;xEZccSP9od6NVNDBJm1iYMWPnX4wjfYW0euQVn6zOlNV5o9xVRv3qEuRIrFXPJN3NR6NDlfbgCHx6uM
;VLQcflsNxiofD+qfIS8KRUSesM7QFHe0/AJz2FtcK4GbOtAygtSb9wVU7B9jbQ/SmAUpVJfUu3K9SLS
;anl3wmk4myG+LVJ+xiNdtmecuiBKeB+lUixv5MDlFNdtcXvPd2fgQMpZRHjJDkv3dIu6KS97F15TLD2
;6g9QT32FtPp0lJJ4zvjZaLPsIXqtnyJJgKRRwwFhrBLOD1E2bPz9My3YCn2CPIUN+3Rhaqxmv53VqQD
;TtPUFYocL9EZtlZ3vdDyDaYJBrGTyIOgzpI9j1dmo2e9M3DGeh4ukUyCRqbo5pDp80pjwXeMdcT6t2n
;rAjPltnxiBNSeLL+BPcJHB4jk0CijTqG1JoojsO+UvY+3xqIiaVcnYNr5CxO440Ly6ANUfQYIc2QWmI
;CFD5YJy0Pz5bZMohRUnozP93/DU/Rp4rVssZ+GkHIphcZek92/ULe04klXwcHcSSpF2AJFtsz3JHnyi
;veVFl2g9L+X+BuyhAPCWFChwTtYPIT4s0MS6OX1fFc+ofAjyYTBHpM9P1ACUNcYUmQx3yyvUYm2U/cs
;dxE4clwB4GLPBMEe0zsed9aiEki2EMe7CWoU2VND9bnTVH0GCOK1Z7iAhXvDObsC4lFXCFPkVT5KnWR
;IkkWi6OPke5Jbk8QyztBEurZoywP0A8JYUIHhOxg9dOizQvPpUlKoQ2r3ltLOkEVqoznaVtJhJg0T5J
;HfXMsQ3JYWl7wHFHmCO4OENvwBVRvjOHs20CHnXRcm5Y5anWTJtcKj73N1fLGvh3ByzuSQ/pI8blbXF
;bWcokSR3u1fQPm3BwPt53Ap0lpC0XbsQTXflgmaAkORMUqVIsPfLX8A/PNjF5zWoDjkDJNTYMqDEK7i
;HIkX1qKCSLYhU3zJamT5tALj79NUnbecAeBT2iOwbpGaXtf0A2JZVlJnqzm5s6iiRFL5srV8sGsS1Fb
;d4ZU4ZgmLAoLgYe8WImeriRsTiLDlgvjl1U22CTdAUs7kQP6Rmv5G0QSzqWZwx7s5Ohd/w1P0aWMEey
;bfh5cj2bXHnrI9jfCntbUZRnDHuzk6F3/DU/RJslIdlw+lNwNZpceukZr+VtD1Zv1zdYT+DA5RTUakB
;622QLtCGnNkJi3AEfnyHY5UceSh7iax4dxJObOookRy2eNUeybfh5cTSYTDWeIsiPfWRIIYUUHg2xqd
;ZMm1wsKJ4lPsZy6hwGP4g6Dekj4pJ8aj4lkHJqD7GTmzqKJEUrjkNV23DAHg4+iDkP01TY9QhnAGbAJ
;l5c4tf4EtVbe2vPaTiKLaUsWXjVXHnrI9jfGXpxU5Ryakb10fAL3mhAbd5gAo89wBQGPZ9cb6t6hqEk
;JBw6i3wsOoGjkQ7OdG9x3HFn6ETKWTdCxxJa2Q/o1U05DmTVPV5J3sf0E8hhQHrbZAu0JbItRXnbFVC
;3E+vZTUp7Vck+DFj51+MI32FtHrwFZ+szvylHY9oIYL12hqYoFQ9t1TcsPoSjkX33bXF73QVx60DKKk
;J82BNNrUyMoCwmJHHdJl5I8sr+E7sHER6uBSGCMrktF2nQCE2sd42nTVN7FKUhWU3xzOMJ5G1xeMdpC
;7QhpD5bafcQVqpn6NZOSnsUiGYZPZGjkX3IcW9uwXcTtDO+K1Z4zRtG2RDu1U1KNXvXP01Rga+Rfbt3
;am7eahWfH74gR2mofzTZE+iHKCkPfck7Qljg0ZFeuwQfbdt3AYojrwZEY8QVW4Zxh6E5JRZLzDxKVO3
;Pzg3acGt73Gtn6EXKWTdAwRJaqhPI1U1KCGHXNE1e5PziEtdte0Haahe0KaQ/XmDEI0+4Z5ywPyR7F6
;BSLD3Nyv8YyAQLHq4FE44tujxFbdwJTbxMirApFRd91iYsPomjkX2KPyoulTdc20DfWTcM3BlSqXaat
;Dk/CXH6Pklb9fz9FMhwHx2uBWfrQNxZNwzcGVKpdpq0OT8JcfogRVrp184R0ndrHq0FZ+tAylY3DKgL
;Vql2t6EiPR5m+j9DWeSjknu7BB9Qy3YTjiTKSTcMqAtWqXa3oSI9Hmb6IURc8caRfr0EHx7tbBWILK9
;ZOQyofEiwY42KOisXePo/Q1nko5J3uwQfV8BxApksqzpSaKg1P9kT49VNSj56wTdeHbKD3xjPBB8exU
;Zn6yuJWTd263w/2RMlGYF0ehSlmm49gWvTfLsEHx6uzSbrQMpZNQyofD3ZE+jVyUl7FaVSLBKBo5F3u
;wQfTuJER9pu/WxaYah8Pzks6NXWDnsUsxEsPXHikd03QR+mpkJn6+SIFi4MqPVvl1Tl31dAexSlX2V1
;xfGRfbm0Hx6uhW/tQMpZxK3yTj/ZE+GlBRMIFKVZPz2BqIJ8u56DBq4FfxYJjhhjdDSR4hR89Bw0jYp
;LqntF+7fOwM24TKEG39MlyXv0EYAQnH49PQETs1bM+shHry+v3Y57Z2O9xOC1d1df55ZtC0tiWa5lQX
;gAty9CohfpDqo6OY/vaOHcaj3Ihle0vg5CW98DAFlTmp1DESbpV4b/ctSmk30XcKTJRdqOHbr59urBW
;yJwn7C1nDdW9RJUha+/GnSpzkA/8KA43biy/XckWitRwNdoPnU4orKO1RnNQw531KC8gTtjpdn7heaY
;Gt8kAV2LYIbs4zan94RlStFXoYZEfCEE+velMf4bNJUx6vjDU4eUjmSWYTCnhZmFgnqN18sBtFjVd+5
;d0njUIFUWitlFisA86R2SFkCfbjoZ4YFOzTcGAk0Q/qCETcGylE3eM+4TOWbrK8qjH8Y55ZBZ2nztJq
;rU5hK4JkYuJOMCgPrxP0uBI/sPyjK2m/MKbfKMf0WkCJOn+NjGzr/k6iStTfGTwZAvNmoM+S7k3+0bH
;BZIaS/iZuONygr42RKnFzfI4x7T4TZa2kdvA2SM7cO1Q/+xLmvuvYo7Hny3R/Kteyo2Y5nHHFtyndeC
;kzzbv6Gkf0RWO4GVzvEiPBiXHXSFGHmLfUfwqlEKGY2yoVy/R+pvfH+IVTL2uMBGXXudwP0sTW+WxP6
;S/VShM9zVCfYBDrx9/Aifltt6lKUa2VonZzlLK8bRJt6PdpwKoM9SEbE4MTBCnW7sO2BToa1GNC4fJ2
;TjEkUuoB6Z6fez/NRmvQmMN/4LV1oLYjoZLPgJ6RR4wOeeLC0gi+HkJKgUyo7CyG9J5Kjg5bD5iHdxL
;2YLTe7UI3JarXtM6H7b8FN4Nkkqui9+6tW3rKNQ3rWW6VS8MZf9E39AtSl/sJSfNhYTR2TDwGXoKfqQ
;teKHQ+ArHtR8oge44CKx6kglUL/aw6qFii80KyFLeGq5ee7c06ZRjRnD5dgk04+1apL0DXnfcSPQbhC
;3yTjP7RxHZzE9qlGe3dCmz+YAvqiDXjrw3qj+kMSN+HytQwQp9x+Rcl8KGLr+aLLAJSJm6nJweu5DVw
;Kp0l9be94Rsx7bihKm9K+3Ccx2TqXm3k8QsEiNh/egZb7Gnt5pHYMa0OPwkME8lAIwJ5fM2PVtu/Vxv
;5BZ/zj2gH1XSQobjzZZUW11VwQ79GRZQ5qfrWhNgvUQZky8Z+BfH+go13sLSRREvR71LdL0ft6BZMiL
;Go99qwG1NuvbgUer5jZIqzLjTroDY5H0VlCdsPuMghiQ8BBNtmpJLjSDXcF7fXc75JaxQRfXkNpYOIh
;WwkM7qTLdbyYzbNUjWoJg5m+w8kktcORV8ddcRB7HK1qAy9K8ASe/ODzrVkbQrTP47FI4TLHhcEUWCw
;MMvgdr7W/OcPle1cBBnKydA1+FA1BfNpZ81570TC2QGNQHUT1dg5EfXuchrhJ/oBZqBC1X1opUptjSB
;EvpVXX+HuxDa7Xa0b7HesLcRQCgNzfsFd38HXe/SmaJFSx+fkE5owNtS7d5/gU/pwst7XAxGW/JgVSf
;9CMYTnN3kjCeG7aPd/E6a1PlDVrL1Lif7I2Mktjy6PzbunXPbJPoIjxqN/I66ArSQgrE980/MA36HsL
;MwSOeMljWkwQTmetjxfG2j1ARNZsal2WowmUVEHenNip1v+43DLMF/XdyG+8+HXbWXkjzYq390d0Iks
;sIIX5YyAdqa/eImQmIYz+FKa7AcSUW4CFpzxGJkuG24q7FMlLTC/cpjP0CldA3VM1Vd/xF4v4ZxSfA8
;Uso0wfR381mWML4JGEkUFBWYaHXNP7uv7kAau2xvprNCOKOokv7ny6NJP6I7wN6K+Z2ksQApiOq5ChZ
;qvF6U1DyGWX8fafeO0cmhBBIoggn2VILrBfy1BOwwZBqcLiFB/kxw6wb6m/HBdHmCT8k1gUonJ/R1Ig
;G+4PjLwU4COOwSe03gckJsNNUwmLlu+6d2vAD9zbN9HNaQKSd/yJrAnZj/JG/dUNEHuCZIDP5p5Tyzw
;rvVnlQWbk09yiuYUz+CiK8Huyek6EUIpN2sTAf2I+YsGz4eM7OGc8dn2ScSHiWjHMp2sfMYbXv2jFiK
;mOrNa6CiXJXSIkJAfSyPA+YefcXC6bIBaqppvwf/ySzV5ScgTayUr6BPAtAKfoyixBomYQtU1j61wrs
;IHjNmuZraGCIVc8EBXQ2tl+WttTRpsRsaIy26ccMIWaE0Ndj40UsH0bxTmq4+dyDw/lo6nlzmjxe+46
;m/DteVMyUY/7SYvJ8tFcJ9ke139Wp3+HeBT7uhnsKiIRv4GjmAWEPpgLINdrqHWkqpULwiEgo8OpxMB
;WkjhcNtwuh8iINST6n9nT1JuGB69t5nD8+OxYYpUQn8aYBpH3NOHgxFVEMzQVHrjolRWD6tpIATV2xk
;pzy+aHcBxpQkwwJB4UlZ/yAu+rpCMN+Yy6cyARToik6wgXKmg1WgXrlJZaxjOfpOpFUMpw4YmpWjYWn
;inJ6Vsn1f/yp4y5X9z2T2Dr4/epMIcd1Zxccu4hX5dMwXgpQRjN7Drt6r0V/vG1KW3LMctqBVT3aRvI
;dOdLltpx18uMey/k+5IzG3uuRIw6U+mXU8wvjF5AXt9ckOz0FrFJnq1Y5WyqidrFO/FBwSTka/fdUvI
;oJ/s1ACNYvz8nlq7oxyyEEpS7Ffq4ju9Kl2EIllQMzJCFrAX3nWC6mpGWr/+y2BvO70iHYwFIxHfEgT
;fpuoBkqWwJw4tIOvL8kA6twAOpJDmyNQ926tBI4+S4kNJmQTqNKKn2X4QpaXS48MVWtXdMked9EEpsw
;OyqeDBZfewNxWQK15XLFM3pzkiBAFzEkn16ZHvErPymOJf2tOLrLkmEzUCjwk9fYbXRzc3wo/HJa/Wi
;D7v9QLGmVHKMEdveaJj6yo68cRKaJKczaX/XchlYXZj72illxPuqCTbpgR7XxhEkRvARNscNFGFhdIX
;D1IArjX8xYLEX8gC33nQYc+XeuaoFmoc9miTPpgJuu3RtbYkRpo2VfY8e1xhqUWmSgAhsDT7iL9AFPS
;9V7mLst3RMAN5cNq3str1Zc6QEwqvqnCM/c7vbZE0Ytm/SHhz7dR4N72K7g+IjIpLgTZ9A5dzclRuCb
;SemDpX7RiwC0ajgM8SCzzh9pU9eERfctWRJbU0QhO3xv3T9gprzZ5UMCNvMar5xG1C8Z0XGEv3t1fJp
;N+9PHOd8lh1k0xzLLK9odTQUty++YUHv7nAwNyC/UiDz+FdIy1q7qgsQf2Qncl2y8lcsYF7Q8Gl2Yo4
;0/A+Z9Ouc7ciardts7KvjaqIOjkz/3pDkFQwwKZgvqfJlSwm0WLLa01k+sINlxoURohzFD3j6MoJnF2
;3T/7IByXnxZccs/3u/bSLq4BKfaO7pZlyph1xMxoz/Eeg8PsUhC/RWlH/z5mMdbn8nLpgJisHBtQ5G2
;wpqvMydr2ftugIHBWoltUmI5/j8ydonr+V+A5+uXVGPYR87bP4kHCbD+ZgEY+IUesvjssKYdbMKjGz3
;g6kDKWePfnxaryJd3Z0Hk6OZi2Z9S3kTVYP+SHh6uUvVLiQ3cGcb4OrNIaGrV5hHqxnXTnT0BJcnK9a
;uTPih+wLYXgqoDRjrBIlfUawZN/NGHwzHZsrV18LPZdzFuroXBCV4txnI5E0rks84m02hOTqdNMo2yi
;AM5y4UimqGmY9ajB5AntxglDDxEHEYP0TvO1VNmOD2R0sw8vmg5QLZNicxXeR0TEUWwzvC6Mq/t13sU
;TrAF4+PWDNdwM6npTXFGaJGiacwBv3sMGAaOpAFKy53l/tU1qWiiBjTKZWA7VOmfYbTx1ejnWpE+0Wv
;hhwd7tDxootJ5nUYObG0KsNupPGMUvoyDxr5OXwToHrwX3ybK/HYsPe/zmpYEuJ41pRxn66ACyNKiUi
;In179W9D9R9dOmCcNoBrfPJGC8UajSp9SYgiNlh+gPLCvkP+iMeKMB9VZxXGLRqEphLHfjUEvinA2q1
;Rg5WV2SjeetcQjzgHRQpRIFWy5cLxuY36GSwhMyzWqdlzRXPNM4/+8rdWBK25rWzJBOlPy3dQrGiMM2
;6yuPDrZM6vRck6y0EOjVJfyzdSMmFjJtMbMMbFdCHq5l5ECkgopcITNGksr/wu9K5uiRqYC+MG2zJkf
;MnPxpBsDmhGg3Geo5lTw6pUdcgeue3O3BIfFUUz1MdSHwoB+u4YYoDIw0mEv2W3cVybasu6PH4xNI7J
;My8iIkIAlOBTUA/ulAikrvcHq3gmjqes0+cmX775agPYGjOT0qtle5r6loAr98+HsPqGr04zmSDF6PV
;t457srG2TIKSKIwSPj/e0IsH+laPAwoW80XZDLzGE7TOEy5q4RyY8eo2GXfUFXVheugRXOZxeQFacZW
;Ztrap8rmvRjTfV9c1U1Iv1OlrTFoIALJWf1+suPBoyfycfIL7RjA8koqgUMy2SfH6IR0Pxd6yVfCtik
;MFLljpMvMcEoeT9HxCbUwhF7uZn3kYey415gZWRXemmAm+IQnQGAXzAmox/E1DFffPnCskDm11aJvq/
;suQOoCH447d/pI7VQanFnp6wWytwW1+q2GIsHgSLw4i360r2QKZwpAIe4YfzFets5f1NbzJUEciRcsS
;7QaV3PrF0HvC1BVZjC1wgpl46hX/FKcZZiiM+g+CPeDeAJwtkCi3tZ0lNRFwtkOhnF44OEWs4FTbg1k
;StaNa3WWCAeWesLCVV1F9PLstrUcP3brnaACS17KlK9vrt0yRZsICb5ZLfSiLd5tHOjB9NVNhrGuST3
;x6aF85TMq6WrHvz5qi99PuPWWj3rtDRSFgGNReOU/9EIq5mOmU6VfME34yJbH7t9xVWUUH8w5Wdc344
;mYevHVgAGBww9R6DSm1lRQWluRzW/Q4PXL07pNfxsgiPXwsVIsFYAWIYOQ1lnXQSNk8Au1u/svxnw/O
;SjbJvzHydLJK8eoCk/K1kogogEOGP/GQnT7dcHXyj1WsaNEj1UCQulpWyEUflo1ZAAo/LuZrzt21W4v
;DKjMka1uRQY1+7Z90k08FYPjoBDDtkeZ1UD5ahld9FhJE9AF97lmJBXD0Hbg9U2XQiaWfStJBPBrcN2
;E9WtahEZ25ZyFhJCxh4rBagkdEWD68qN/exKxOQaG0MHave59IiqljFwfrnaMpkxzJryQKgbDXwaau7
;mw4Adnq5P7TokR2x9tDuh+WSY7RdMV5DKEpaBqfXshjRxQpU4XFa54tFVD0glO7xyLVUTpw92wfn5y8
;WD5wQRPkAOvUEtleN8PaYTBpNePmIRUJ04PXgohXd7ESU2ZYjusqNh72EB46e6dh18X22++E/B9Kep8
;cIDzghhUXuQr5wReKNz0ENldlwAs2UGpaiFywNESopGTt2XmkG81p9dxyukGZ5fSrVftaTbzF56jSQc
;0Kkwc8lMsDt8ncJ2CMZi7e1hZN58VIM/2Xf8NJ0W5HkuWojpeIjkqfHiO+0x4wMH3p9RBcxeXBLz9gz
;jYEx0mL36hud9J/lHmQsdUQNpGuY6zbvWuJbbL9E23nxAO3QL+MefZpulIGvdByaHuumttW4pn6xpO2
;Z1wRI/NJH/QabqZmuQ7na2RDHtelPkCjeqaW6srNmoTlgx+ORL1Q8bKCpcsZfYlkcEkTI+TVOvjapa5
;gBkvEiPD1zzKRciVa+9J+CJw2ACd8/1SGtP3442BkUx6X/co/Pme9/AbBP+eLuZ8lQsT/fFidZ6TpDA
;a8fGRXRClgdV37suorCv20Zglvb+QE3qL8lNUll6r2TRmo6bGpqTHCSLIcFWGnFMkrYezuPY/s/CiDw
;JHqe2mePj0exi4ZTmRqGzSy0fGZPKQqRcQz+RMr/8EPCPmTk8IiRsebHre5z3N8J8r/ziWHeajv7aV+
;fu9wmJ22WyZUETsZYYY8rT3z1kBMXSjyDd1Vhkcn2B0bNkcIX1bdLZbm7FB0XFUpShzGVXnCvvEIign
;Fj265vlIqQLKPO7o42QQklESnCFADUBdmEFpOTSZRcY/f6Onc1Zh57I0GmcaWEdGX/cEBTUMc6zad7I
;y1LEEFxS7VMVbq1wywWMULnAxArCPNtim/MfUjzoO5Y9PpmxPHaI57QJW4Y3CUp2kKKnMreGTXq+LNm
;oXpAtGpPNj7dLZ8NAlEqUOd9qHfU9JMj8h0f5VISawumUpmFgbKZO1NSf4R9H0eG6ccCrKIejOyb0Qu
;WhVykA4ca2J7Q1a3aI09tsBHZ3VD3rdanfIFPaPCKN80z08o/92dhAsfI356Lxof+yiXrWe4trC3j1y
;40ffH3mEjDiRoqmD1xWHkg1f7LyBdPu+SNfNHRhNNfAmvFpiNG6SFpRHtlIURmL0MVc6OusnTExd2Tl
;3MxPk5y4klGfDdEsCf/dkQHAzGlSPghOKn1w9xt6zREqt3PYxkWfFs4Q21qIbhj3DcrCSueNs1/xgyt
;bXRj8390kZr3Z4xVCYbUSVHqxW5AC3FQIrpkat9banJftL5ZfOAkjkqRpzKiaWXRz1n/BqDTcO8htkB
;G5WqagPdils3AlxCktHrPRqLYRCoQP/jU7c7ndjoKaMH47R4wp19GlRKczMJ5RsnscI5xU8HRSFkvmp
;0cmPWu4V3hSxD2+R8wHXuU7Hx6bbAJktImDsTxw0vF7L+EvJqElmVqs9BO1MSRtzCyMh23LRwMvOZXz
;hYTnwSqiXhG+FYBXQrdjFRc97ksvarSbsOnt/seuImK4hdTSUz9Ln64GyVs68z0d3RPPV91jEewnVld
;whfHp7twkpAEPv/s2aGOCxv6PfusWZSp1xkurCrIIcxLKtYej6NpsDQ1Y06B4FlXrhmeXy6G0KdE0eD
;TSM/+zeYHzzPhSvlwcMF0AG4fOK2Bni15Rs9ZZYHjassO2SrYIShDb4ZOHwArXLLUXfpcH8EvjV+VC2
;zN0ADBIhO7JHiivonxOIbHyFChkRYQm7hLAA8S4RCrDlB415SHZ4xdwhUPR5KuvRQqlTcJSH2e2Apzv
;j1UjBMHvo1MEo2/W/SmeuPjwQGDNfGv1MnN8YKEeLkGmAwuuGkT//CjtrDcmQuB0tFEUYru75vhwlXW
;hGNd+a+VttEkC7skkZB7J8aCNrAYUYhyQxJarrG7KtsKW+sLG2BfJzHuWPNdZeu0GY7+qsXDCjlHdbi
;X6dBFcHj0qNAtiKX6IYKJF/a8Mr22M+nV2sK7CnXE42oCelCWu9oIW6QK8XJtHQ2fs5vE9T/cawIVgx
;3SBxCt9JqJcka72ghbpAg7tJe7CNv3lZEhDufEPaCOx92FxD96oPS86ouftn49I+yY52xeCXbv4g7Ko
;YaptkW6yVHFBVh+bysKWB6a2i5OqZKFiyIfgwFJMk2gTLDO3iLIRSHOonuoOBJmkPCD1+g9VTpNF9U5
;Tqiy1OwRVtxBfXnl99mU1tgNc8aCl4I/0Ev3K5U5ZaHrog16896XShJCA16+Zo4UeTw7Nsl7IYcW6FO
;QGYbr+MUw1Lq9z/7pcJLgsYf+AyYSJkNJYJNc6yoYMip/zP1xRKogJ6/E9UCgvvk5QIE+VsNHjrKX7h
;e5gzUrYbsyUiEqBn8B7EwAYQb7WtMIKcW9+i4Wcln0i/BEtZXvWjupK6DDXBZ7mr4ib69ktVwd77YtJ
;OO4uow4SPRh0vrJ7majxVIv4+JHAhIdr8xkmtRvAz5rDZvXNpIA9AgY47C9QtDv8LwPl7MHbmsySSnI
;ytMQ/YxrQmYSqUJNBCouIoFO9vj37ScRd+WccXG45hDvttoHy/fjn3EXjx61X8WnKMidY+fbv80mej6
;V0eBtEYFxXb5p6qkijAhhqMHqXS0xdOYwf0W9EwR0RSrSeQuSU3DPhzAXcyiMjMQy11GwUsPWsAJXHX
;pPoHmVL+3cIdo5/+2XxKdhPoAQovYkxy3ao03TgyXgy3D05ZD2er/ZJWVzOeqZGOgaS1AbohW8CdZnz
;GpJH9QbUB3qDChCqOurbp+x7L0Ab5Jorgi504ppuP4rnTjCXBX6se26pn65RZyiWODx0HoSn02zvkJG
;sReqTwAoaGHKhxsB6u0fQ4WhLE1vx2i4huZJZt8HcMTXQHvr0UT7sRGOoKHi7/1VXUJnvo4N6HeQqW5
;Uf4OOhh190IwO4fv5MyNeWebqexWW7vMhMRD+qt1N4cIAIF7IKQqOBxDjByBNSSDGsBBWc/G6PqJ/Dn
;YJ+TwVsBqiLcVE7//luK1j59u9BAtfjnZUM7z1mX8qAcXgRAp+ahnsYWpYIgOTHLlJflBR92oAc/v+4
;pIRst3dM/2Sfj1GFQ9K7yUiynBKOH8P3ZNB6uyDQdkjkxvmtJFMjyhN5quy3ggxvEUgCJbbdijT6EEd
;gnjs++NnFJ8ZCCxZ34xehRTdavSu5WSA5DhH074jZzjwbTOKxoX3Y8RUkaGPhhTEvlPCbWRR4lmgAAK
;5Rgj4qnVYzhQIqqJswKaOBiqVUmsKeW725Q9F6yrsXOv7Qbsq4F0/xB5hPCj0WRorZlU6IivwHpCVPA
;ZVNooWG3w/xDJ6Vy68B8erdJDYKVAv6jBiGmX2qIq9SjJqizfbuEdeOnJ7OV1xSwaV+ofD/ZWq2bCeQ
;5dCenOj2BKsEz/AkVBKQFZ+tNgxFzXqh8PWkT6NXNQn0UpVLfnNuRkX27DW9W93Zn60vZWTcHu30/Q4
;/w1U1c2F3hE3hFHU5MsNXfWQlo9ESw8TjYM2NzqLE0061UIxB/HXV2qSvfBAqZvXY6ozerZQ9G1k2fB
;7xUr1wlQbTg0DYZvedJ/ssHWw3XT73mgOkGwhnVTQLPse7AxkMsSn+BWtEi1av+A6ORW+FfRLUCqMrm
;PuePXOFGkjEnSHa4pPgcZNiVceqjD37VbdPINUTmPlyt60aEwq/Mgb5AcDPKna3Cj8FTNxntjwuPoMB
;RkfgDB70lrNzbRHs8RyyXizS6m5UUhUugdthpjdrhmAHQlbxcL4HwY95WhoRiqBojoBGt7QCX6fhLLK
;6Dk6FN11Y/2Bd4ubKKFJa3IiUEoJ1dRkVqWXrD4j40roNDJ2wltdesH4kxg+1W94k7+/6ejqe/waUmq
;eeqrkZ8pgyRqHFx9zmYqTala8Jns7JduV1geDOC5gDaZLixWI7IdUE7RkHvhLLFHODb4kYqe/1AA2i1
;r+xLb9ErMiX7vfczjPDlfG/SL7e3qEpT0sFhKWJ+PJEiXS2bbCILWQ+aEvya+JcmTcA4UdvIWbuDwWG
;W7RUikvSWf9ss8vczoeH2gbzAo9XSr5CzMKONoAXRamtnuAJsVh/XBBg7KC3V5gri8z6dz1MjX92C8f
;VoUFgdLUzCAjI7BGv6FgL/BStl+G1asMlZdLE3+bkeIRq+bjR0vr6eu7yNUEEwz4H6VD+MBG9E5qpNY
;rz1Se/s4eQSaBmnUD94FMZKkkROaBkBiwYuDkuz+I7Nh4IeKOVo3UrLZ0ChtvYLquKnduXpWEe5/hox
;NsPAUgk2+l+x6BDteeuHvP+BtJ/Esff7wxmoL++Wz03UBTCuSeRmEO7OICU3goeE06KjUgDr+w1zKji
;fAZYtgW4ud1tHmfXgMnWWbx2P40jCQPlcm1IQSbSd6r+jYtvrw6eNJ/WzKN9I7tdz72lyNi8SipAkT1
;itABGtK9lPlgspYlXo0F1Xy4qOHhYoL6HuEqAnRWFet0d+SHFz/RGTGgrI0PyC/Cn8wvmB89fqywKbO
;qrdWsIhCs8dY33JWa5gEgeVC/qlB6Ds7dxHxUtgzox+zILuYqZBCqMtLEpab1x7LG5jSl9quSpE3kUK
;2gOmgxSoMi718cXFaKSQekBwh40CxaA5RCc8XVWY2DlitHBCKOWfEeFQaIdAYNxuhuTBuh0ezoUdho0
;g6DWRRSYgrqdKcwPUwzbhnw5wn97DRf50x3Tf7V5sbMA5vcna+frZsGGWJ5JiHpyiuGiDqpfUwi711n
;Hctvm0pI1wWbkoF86EvPefW/56zWrhcPNquxZfqPo1atlSSHrn2EcJTOpVSSac/9UuXYfmIp6DIFm4o
;men0fqA4IrXL+p/kQRY1iHrsCu0rWR/2o0KiPzaD2rHOMfNArvpAtxVxnyx9vPKYjk8MAjYWiJryshU
;vSVMONTuJ0KEkIMXvLazLK31YLB8ts324iHBLp6YGF7z0eNPSHW9z8ah0OnbvmacrlIlrDd4LYBrsZp
;SfIn3Nkd916is3YqpxPvLeUh7/GVF/itofE1HMius402BA7loRl2pPI0KTEmblk/xzmCX3RC/iWUzTB
;1ii8e2uEQHcTQNt/EgEsrFdqMVFsD0xPKhG6L5Y41I/c6MH98rGXBzrxuG0WAjFVJMO93cnK/MbtJuG
;li8demTrNfUSTp2Za6UVq5u1n1CYrJ93WcAArqUXWQlT69KtXSnLPY3Nh1wxzUxcPrI4cVDr4jY2ZYb
;3E8hBOIvd3Nc3onYJ8zP2BMh/qR2+03Dpj5sfwOeApNtgZilogr6g76+Q0U9/zFsFBOWCfgEK0fDSW6
;7JNvpKWqjsEEvJErptfLu0DojJtwuI4qX8QTwla0E33puGh6VnXsVTSBBBeOZ/b3KHBuHG3ZBlh72Fa
;1RNkQ5nCdjvLTxYA7lEwVtFHZEXkcOj9Vj9W7RTDim/tICWtIgEIaDOuCh6LTZP5GGrIa54QDehhGJQ
;XO1wYnRdcrQ0anoYWHOe+NO/w70Y93JCzYuc0EuPzizj/ewBtBtBA5cxR83nsWBY6qCHCYS8AfiqOBw
;kVDaLFIDeZutbjNu5O+SKp+3XZqW+cJSAmH9LKc9fu+mei6aU6glwvJYyTU6v1RfH2dG1SKaEtuh0q+
;Qr4rmnUrhwWJ3cVy2rvchsXvG9oxrNPfMxiWmFtrJduNWwFORIpuAK1Jf5RhM69m1N4BJSHvA0SuiYX
;QUqCt5eTffghRIK5pNqOepsZzNjUe0swlnBtFEne5ytZLviEIZrfuT3nzzYF9jCCdh3uO0gDEXYaZ61
;fDEZ8EWTjiCvjBUusgFSRJS4e1Aqsx+PBVU5FDWX6gbO2tj/thpBL9savFNndBlIib5JNyUoyP9KMDr
;l9W3xtaAELVQGYnImdTS/dVdj8u05vcZBmdEdlpFiCVfxzP8Ed4OLNTKpYXDKtyPr8Aj0q1gBvM2wIe
;sEbxTDtyFBadlhQ8c7Ic4ZGyM4iAmjQSRf06nVs9wQNZUrY9t/WgI3p2tEBU8OrAy/MY0FT0boh4vGb
;gmk7vY6H3fR2eopGEsWJl+5D8EeaJ9Cf6eMLWyIx4g0HCG947590x5IKY1Vbqa5lTenBYaQfD6j45No
;KpRVnBHLM+lafSUykiqNgrspqj6XAzgtqRiW/kxun6YLg5hkKqKkwRO58b6ZOpj8UsopMNxiOO4jOFx
;/uuQA6qpuVmhBSxN2jmTaGcQEbbn8UGA6wojqRtkgzqqlYXB4/SKrLUOaTUuo/e+Junpbj1T0SbypQB
;MnKlYR59nPsURS9+ZLhPlyvxZvxwurR2HIPiqgcBvOwyx9tMIb7QvI2m4vnb0/HOC70b+coWbg+7Ey7
;s3XOdmfym//xW/VH3ptoiAegaDjD+KHneaXIcE73q29Z6MgPg7inwqlByel9V/zTvyq5TukWEFPZ9fT
;AUAJWV5swD9bKqAouQ00hjKp/z3bp9g7DfBVYCMqMjDWjAIKTY0Y25bUX04Oq2/qtyYKwPln1KICG8A
;rs6rzXU6XjF0UBjpqrPMshyn0jlKIT8+fziRX4z15Niz+3y3k8pn6ZLxfSzlW9gxKHqZL7BhmOVONYy
;VPpefprmRjzyYjgCAiLJ3iA9lh7YNFYX+E+hz3I9icDcwHjYZzxQUjx7FQIVI6HnN+Qf0PgiSjmhFGt
;/iWi5thrLGrmfW2FitxLPMUhvvQAaX33lnR0r4YMovm5ZQN//jVix9XxpBDjdwlMRFH1DETnRnkAyof
;D+69x1Tc93UcLUyLT04l/zi5VpcUjSIHBtPGB7ak2UajLUuKG/RpDYvmm2jyPofGH+7tpV9Mn71IyoZ
;x1tUp8w/2ST4yU3u/uXcMie4Q3OIeqsLKNWv1eoLStEtYfmQSoUQ11B9uuGzfZedu8dSJ+B/u0QA3B8
;b3aTULR1z+l+LkKXQrMVvFhoEflYsXZunW5l/OVk531CAoUUcH5esBXz8aU7olXvTtQ6L5ekRr43HEZ
;SHFs0A9rPViEoppTOGw54dAp/DREr7DfE18ZrqL9nsuwR3/NebsTwr/kNtU6eNCkLeWjgoAilG8raLF
;O9W68DbmxccwtPNiIjMI1MN7OmaLhhmHN779aaGnC8aLfTxFJ403Mi1fLOgQ0mSoKmrcz/5KOAf7pMn
;IwEVFL6RqJGJygoMKYYQ7K6Ngct4orTj/AKSfawtFyIFpVIsDULHFAv1QLtIBYgLp2amWzfeaKjO8/j
;9BOEEkBCeFKlrXFhAtbEo3ssSc9zWtSWJvA9/jGFYpyOvDU8n8GlunGzxA6Ja8O+JBVUFZ8VUpqtJfs
;teZOEq5zl5QU6s97TK27O2UzHKZZgYrmUx0c8zRSy/5xnzv6DB94EIexSlUidbuFKhZ9s9PFSwUAvrW
;OezRmV0afqLuky+PCr7/3yx8oD6FYa8gq1jjq8FZ1OgsKFFjSUJ+/puNeU5VCNPnl8b0WWsxB+7dJiT
;WWHB14vNytQ9mUG57qGx4/W6lAb/08BcPqWRWZ48/crEsNmEEO8aJdRmfD/3Qb9zJKHjiSwnZPSlYEN
;jta33H+bfz+ht6x+oNG/aXjKMntS+6PVB3S5Y4am6FKs/5GbAdurA1hCr6+Tf+6e02RNoXYnxwAnDlx
;UkjVwfxxrKhgz5G3iPMLQnCf/DxIkXZ6f6rpCECwOl9Voees95u4TclGvno3RZZoFtARggHV/RXtX1C
;Ub9Y8SJmCTpgwI8sh9+GiFto470kTdqWNo02eo4uXuBzYOEnWDJWI2/U9F70iIcO2jH5vkzUMZi2Unz
;ougH4ZGWftxPovRQ0qIqhV1QFaoTZ+tw4vIWMsV5mICFPzFVxOcTk35BFrpsidbf7acPoQWlee7idxo
;hjYbIzZ2/TQgonlv4Hdh/d/IEersIDDtyns8RmXTo5gnZmruMFS+4l9nPdQo7GBTlFm1yuwTDXIGpnI
;1Z6ayM5m66+5JOvIpMSvv/jZDha/SW3BY74fMZZgIpr6Hg73r7QWYc23WeETQo4cHDkdx7LVmPBEgFH
;x5upZeiS72SNwyYfmjPzvhyl1DcviKtlGPRh1EnfTBTHq4gaHyFl1ZxbTS8+8Y8Oz5jGPshGOOJVOIl
;z/GGBEJmkUR9D7Gb6xFCZP4/YqxXqqjR+HujI/MhiyaTEpce+v+iGGdrbKj3RDEu0noKcnsUhnwmg6i
;KYj2lIjN9G0uL44drKYN00JjwKCxoJe/jvG1MamIfrlmaKqC0M+PjIM65tAspU2pD6C3w9dE+L+ccoa
;+Fa6AFFvErWcWRORr3opw1cvecCdYiStMnQWSdTGhIuHgxvfHIxcogJDr81Njp+0Q3ZCNWEFy3eLKgS
;ER6yXWSW1kQ/FKsZvU8ZWGnGHdjE7nVcVrD9DeM6fu4XvYrFg6R8HX4AFGqVMkkwQa5gtZxn7JTcFPP
;gYN3AsQU6h3I6NIf789UJS+BQ42qEVCpEXijwsKErBiCVoXDRSw5O/In7IyNhZL6VzRROWLpTcPKS1h
;NWkBKaTVZWiTYEMg0CWElFXovmW1rxlWiLKbrVJBtGwHrmIp2G5yEaxBmydB99vJlhvH/evYaOAo7RI
;Kx6Vmp6z6hKzgOAelKtf201v7LdaLMfVqGjUpoWuh6gUVE9J/fm6U4kXUiLtRpckAn/LW+kkfmGS89b
;5utQZdrcHH5G1qRJLEIJWmT5GLfuSJmKoXXOiJA22/1f3jkeZYDlWXwSeRf9JXbOrcLQnPMg+PWi6ye
;BixUZcriBeMfdqZCN/0kmTHMz8KSCg1Jr2WMsiptLc76CXeWXRzuAlnL+mOzBi9UKn8DSfhALZs6meP
;pgvnGHP9OMiMX/CwHnsuBIwUpSsZZMWJrYRPWZXSF59pCYfQKmEC/1l8VyI6yybgIYhc56mClFcNp2g
;4gFPUOc5tR9hwJg5Tt1zNFJdJ9j5+glp2Ds3ao2eBEtNBm7LZLePaBqmrJgx5PbF4QlAaPZ3tv8vg+Q
;W8AOxHF9MsGjIyyxEbcxWLgW/iVk+DuU8i4OQRnOHhKgtL+pHl2LbreTgDhXEXPiAFqRmOXnjJ1xVTP
;001f+mD3N5zPKF40WMoRPz8KKJAZaCfniKEA2ZXCjAkGlTGr8LR6APFHVthz7gBqsemMw1nPhFG8ev8
;qtw8+kNamnj+1BsH7XxlKrGYAItQ3e6KQSKFdOzCt43+JfWXUodeR/RSuhuvRrtQs9wsSwpxUgysgdb
;hMf4U+GML98RH6EZlclsJRZ3hQ+GbjsMlQVzKjfifaRRs1+MpZqiAruLuIoP2Uzlm7cwsD+NOCQwmfz
;kIOxxsLtyFeelzoEtF5bgQs+7WmiUgxmlRLJxyR8jWEak8rUO7PzsLjXM3Oz/8VrZH9VG0tAY9zh29e
;+4nq59NgHg/15loYY4i0GyHq01vIPFnR1HGBe7X2kEzgx4SsI7y1ydhpzkBn2Nrb5PUBusmXbfZHbhQ
;jSHFiBvZ+QlVF3Guc4uniMvn9tlMZ+Ujj5aCNK9bkxs7H/zmPVWAXh712odjpXyXa+66VqzI8nuKHCw
;B874HUDrpPeBmzeBuTjPEaWEyhOMECFaZ/4ODTa6GizQ+L5Z59XARwe945tr8BKXPbqMakDYVdc8AMY
;K1OJF51ZohfPE78GgXDDcPrMwlTHW1aa9Dso5/l7UqheW1Tib20u8TMznUM1fc/G4PEllGlIAGUQUfD
;ognPjYDILi2DytHVhexaNVVALVmd8abugZ6chYdndF+zNbcop658VkFKUcxUQLI5MmifuaeffpbCEc6
;WUxolWrU2QlzgUvYoKevr91gPNMQ/N9uaoGTnN0DHD7E4oY4jR1aS6qqeHT+3fvmC7tU50ZJ0IT1iMe
;iUAdXZgWNZn87nNYamfHMxqogpvz0G349i6dp/8oU4B+WfMArWY4BUedVN1fi0Mb9M1Qvf5ptcJ9lyI
;stQQl9WOMGwcNiAgw2jCEgUvmjYr4V8tmrNYl1ydkuNce8iaBeAgrZT+vjruMQqk/CiHEflFeAaVMCp
;aiNi5iFnHxLDUXDJgtfCGMakwQg+RsA1TrvDTDAIrS8vHzHVVmYZMX2bew/7UwKTjQk/Zf/bNFpCOrr
;l0zspNPvlb12+jvTKvOJg5KtcIh9+bT2Wh2quzlamA5afvWubAkpODt/CH98oIRC/2SJcbfhRdfSvDh
;pH91y2HZpHH3SWZdq30fyp5reznItumef2FDYEaOJZQgu/1F29qk7PwIlQyohu2DMOligJiHFs6QVE0
;OkF4/rqyfFAI485s+AVLgqixJ3nZYDum+N9413B9PPa6MRJ5tqVEKqqJo1DtszuU8LLoy4Z6QJ2tIfL
;5Qfg7/TrwCWYgIGpmhx157Ho8S4UlsoEZDeAm52sk9v9fBXJAsGVYBrLYUNzPJefXReQH8R7WL50Oj6
;4WES/w8lsKWtuzMTM60HOSaDRmlHblsToQJSXdhQEFspFF0us2BdrDfAje3xNW3rHbE7z3zpn81RxaU
;p1x9mJuhJiu2XooK3j5Uua86DwC//QDV6yCr6BGq1vD4/62O0D3SSnFHq0/Xf7yMIyz0llr+RySJA9U
;zeMc+CVGbkBYZlvHQet/DS6P/SRfWdjohw1IaVAG2gN6J80X6c0EOhVOTrRFs5Y7TkSc2Z3u0RlOvjb
;NZzfRaKJBSyry2kqNc8w5XsUAdWZNy1K2r6/0/MudxZKqZ/hWTdlC0H/R412PzOD0rys3iWSaDflaC0
;XAh6u1yCQwKdvrOkl8bIT8C9aCnTWVcIXYWB7Hp3TvxVbWHEuZ+uprv2yrP7XqgavkfaC1US7VZpphQ
;sdxn271tZ2oen83C8A1igzBkBCIyc+OuaKMWGw6P3Ki6PRB6K7lvVzvhAONyWH/sZiNnpsHkCyqOAc9
;t/MC7oGJLMPSsjDWA1E1yP5c+AO/ZSz97LAH99NCsExk1ntw3/dgWXDqi5SYSlX4T1lWTeo99KhHRY4
;IkdKO+60Mo1gLPXiz3lNwDWuBb6rwI935/uifH+vA4i00KP8A3WlJj3BFYEdKn3ro6wF98ZEkj0tcQd
;8P71cigYlayQik2RI4WInMveIG7O0FtdR60CKb65hljjR9DzHghP2AwXZDAQpAz3GokzB7KJO2ilMY3
;S2fLd16mF2NHWbCvCmutFosd0gtDJt4QUf1qEHS/mxN67oWzZARuslKH+y6H9Mp3ksPXjmETgZmiNn/
;Fw+stFfzKLEqcrkNFlVi9osyD2H1no9gVEffbCviYk5LkX8lZIMUlkn5ALjKcp9T0r7P1tdz2Xs8jro
;Z8cfHq4FLq4Ojvd1bCrcAdkT6dVNSjkqpVK4PIGjlX27BH0ewgUS6yXKWSQMqHxeunCNuSg4GmDMPUJ
;i48zlCdRpHx+uBWfrQMrQdwyzfD/Zcou2KCYeZsQmRVLv/PMSz3Bwc/F2EpkmqzpSDKl8P9kT6NXECn
;sHpVIsXOLA9BHedn5qx2oJtCmkP15gxHw+2RPo1U1K8lSlSiw9gcLyHt5oemzPcQ6ELpUwWX/NCGCwf
;YawP0p6FKVSLD2BKtF9owQfHs9mBI4srytWeMETUYZ6hqYoPiR70CZJT4GikX27BB8eJ0Vn+UDKWVZv
;yxlTvGGJoSQlFUvVIEVT9aOQfbsEHx6ujCfrUMpZN23LH1q1dpq0OSMUevomQ02BopF9uwQfHidFZ/N
;AyllWb8sZU7xhiaEkJRVL0T1cYvLW4xvaZ3oerwVn60DKWb5MqG8/2ROJti4vF3HXM1hU7s3OCcllaX
;vCBWbrQMpZN3w/PD/wE+jVLDwUfcENWE/g1fQR5Gxwcst2OJshvjFoYckEYLV2hrI5IiRyxDFYUvOjk
;H27BB8ermwn62nKWTdt3hNWvUycpyw8Hnj6OkNR5NDODdpwd0HDZB+0LqUGRWncDl66Z4G6I0p6FKVS
;LD2Bo5F9qAQfHs99DpgfqTZafM0STLhngbojFQMUpFIsPYGjkST7BAwergUGkym5BlRjxQxat2CJoSQ
;lFUvcUi09gaORfbtdXx68BWfrIqUtQ2PFI1O4ao2nEjkLccA2LDyBo5F9uwQ7Xq4VZ+tAqDZDeMcRYK
;17gbYmJB5n1lItpxg6COQizSAesAVn6yK4MFNrwRJYhnaQoT8/CH3KPHNK6MflFeR2fmrHamfqQMpZN
;wwoHX/ZAejVTSgJfcE1RVPm/Pcc1VtsbstgA+tBylk3DKh8ZpkT/NVNShlmzDZLVO/EzhvSfHp68WQJ
;jCyvWTYMqHw/2fOIlU1TexSlMF5U5cT4E9xbeXLBZBOOJJU4RWnJI1KwfejUTUp7FKVSGH2BspF9u2Z
;td8piDoUnlT9bY98OXq126NRNSnsUpVJ1fYG7kX27Zm13ymIOhSeVKl9pxBBMhnWEujo4GmDAUi09ga
;ORfbtdXx67BWfrIrgwU2vBEliGYICwISYIS9YiSVjlo5B9uwQfHq47J+tOylk3btoVW756hrISOQtxw
;DYsPIGjkX27BDteriRn60CoK15ozxVRvkyboD06FGbRN0hi4NH0HOR2fmrHajiGIbJZNgyofD/ZE6GV
;TUV7FKUwXlTs/P0U1WFAfcFwCZ9Ay1k3DKh8P81T6MdNSnt3yjNfSejN9iLfbWxqz2sEjnHKWDcMqHw
;/2fPX1V9KexTGPU1O9cr/GuRgdm3aZAmIJfhZNgyofD/ZEwjqTVt7FKUxQ1Lt/PwU1Vt5e8thFYo0r1
;k2DKh8P9kTzJVNWXsUpTFDUu38/BTVW3N/12AVtDSjNFIMqXw/2RPo1VkKewmlUixZ5M3iGOR3am7ea
;hWfH6M3UWXEEGC2Zpy5JCQeZ6VTLD2Bo5F9uwQfA64FZ48lpCpSU9sJT6l8mqESIxV6wCBzWPnT8BPI
;bXBwrgT9ctlTwK7ll3wk2RPosSgkCHH6IVlN8czjCeRofmfLdxS0IqUtQ2PFfD7ZE+jVTUp7FKVBLD2
;Bx/QTyGFAbdt1F4QyvgZEfM0ZW9kS6NVNSnsUmxIsJIGjkRnSaXpw3WwIhR+yIGhvxxFPvH2btDkjFH
;qlUyw9gaORfbsEHwCuBWePKac8WX/BE1GGa5GKLiUWZMA8X1z1yv4T5GxwcssFZutAylk3DKh8P9YT6
;NUoMg9m0DZJT97C/BLOamserwVn60DKWcczqG4/2RONrTk4DnDAIHNS58XiGM9bZy+uBGfrQMpZNzXo
;fC3ZE+iwNT4JYcE3XmLuxfcO3nBAZpwFZutAylk3DKh8P8sT6NUoMg9m0DZJT97M9xvIYWtB1jZn6kD
;KWTcMqHw/2QHo1U0vA2DXJ0hY8/z+G913emrxfFbrQcpZNwyofD/ZE/rVTUoebNEgWVnk0c4S3WJse9
;paHtlAy1k3DKh8P9kT6MdNSntx3SZeSOXG4yLUYnlty3E4knPKWDcMqHw/2RPo1X5KexTAKlhP9Mf0D
;+R3aHfaZg+0I6U2W2XGG2CxdomhODokdcEkTVPixs4J3mlve9xkE54yr2g3Dah8P9kT6LwNSkgUpVJJ
;RfXR5BnedkBt2WwTiCiVOlhjxBVRvkyAsCw+DmT6M0hL4M3yGORwenPeYBWKNL8rUj6ofT/ZE+jVTSM
;7FI5SLD3k2+UPzmB6bPF2EII0qTFob8cTU7B9j4olLxpg0CJzXOXV8BPYYUBqx2gC60HKWTcMqHx7mR
;P21U1KHmzRIFlZ5NHODsxta33GWgSEL6YwWWv3DF6reLetTUt7FKVSLL3D45FjuwQfe9ZxFZ4krytof
;98VS7p7t7YiJRd9yzVzTeDR+iLCBB4ergVn63ChGTcoqHw/vGucpzguHmb6IVtU9cD5IthrcHLHawC0
;NK80R2naHUusYY3kTUt7FKVSLL3n45FZuwQfe9ZxFZ4krytof98VS7p7t7YiJRd9yzVzSeTO4RjJZWt
;r3GBV60HKWTcMqPxZmRPN1U1KHmzRIFlZ5NHODsxta33GWhWOM744RXj3GUetYYmKLCcUYcsmHj2Ao5
;F9uwQfHq4FeetAyjxPeNoJW7xht6Y6Iw93zQ1eWPLX8A/PW2xuy2AD2UDLWTcMqHw/7VPo901Ke3HdJ
;l5I5cbjIshzdmrNbTiZJb4rVm/cFVC3TIm4Ij8VYJdSLT2Bo5F9uyBfHo8FZ+slsi1FecwZTYZgn7w5
;KRNL1zdYT+DA5RTUakBt3mACj3LKWDcMqHw/2Seo1UJKexTAKlhP9ND4EtVbaHfKcQ/rQVDArpUx5eb
;mE/nVTUoebNEgWU7ozP8izG17asZaVetBUMCulTHl5uYT+9VNSh11yw1OUejTzg3acWx78WgUjiPKWD
;cMqHw/mWyo1V9KexTDM0Ji48/4DeRwd2zLdg+ELK5ZNgyofD/ZE9aVTUV7FKU0TVPexeQR11t3e8diD
;59Ay1k3DKh8Pzks6NtNSntyxDxzW/TP/SLXZWZ73AVm60DKWTcMqDw/0BPo1SsrFUvWIklY5aOQfbsE
;Hx6uXCfrTcpZN2rJEmCqY42wKRUWdd1SLT2Bo5F9u11fHr8FZ+smozVWYc0SS4Z3gbQgLw9x11ItPYG
;jkX27+CAevAVn6yajNVZhzRJLhneBtCAvD3HXYCw8gaORfbsE4yGuF2frQKwwW23FGVGtTIy8LCceYM
;AgHz2Ao5F9uwQfHq4FdetAyj9eYMkRWrdnt7EkKxZx0TdeCYGikX27BB8ergVn5kDKWVFlxB1SvH2ci
;ismFGOlUyw9gaORfeJEHxCuBWeNKaY4WmnGCGC/f4eifEp6FKVSLD2B+tF9tQQfHshsC4otrzdDU84Q
;UK4h6NRNSnsUpdJ6fYGukX27YnZyz2gChTSVLU58zXw+2RPo1U1Ke1SlXCw9gcX4EdppenDaWhOSMK9
;rNw2ofD/ZE+jVDUp3FKVSSlTtz84Z3mpsd9p8Z+pAylk3DKhof9kf6NVNLBJ4yQ1DS+TR/RzLBB4erg
;Vn60D0GTctqHw/v3qapjkVF3XcN15i5NvlD853dnHAWhCCJL4xaH7JCFa2E+nVTUp7FKULbD2To5F93
;W1tbdpaC4o5rytof8AZU7Vg6NRNSnsUpVIofYGNkX27YnZs3XE4hyGzPEVT2xNTsHe3vCMsEnjJDUlF
;9dHkDtJrcUHZbAOfKJUrVnjBEz/YE+jVTUp7TeVSND2Bo/cUyXdrcs98ApkfrDBbbcUZUa1MjrkiPXs
;VpVIsPYHjzj27Fx8ermMOkyWuBltt0RlNhmCctD8+JGylUyw9gaORfeJEHw2uBWeNKbI8U1PEHUa8Yb
;emOSsJYPorLDyBo5F9uwRBXq4mZ+tArThHU84VU7VMm7wjLRdx+jdUSfPW4hTUakBsz3EOhB+nOE8Mq
;Xw/2RPo1SQKezelUixa4NPOG9Joc0HdbAmMLK8GUnTcDkqqeoe7EjgaYMw9c1DozZF8uwQfHq6FJ6tA
;1Vk3DM8dT4Z1gbkhFQh9yzVAWN7G6QnJcWx3wWs4mDCvPFMMqXw/2RPo1QkKexqlUixa4NPOG9Joc0H
;ddQKOJMpYNwyofD/ZWqjVXUp7FMIxQ1nk/OUEy2FAd8BhApNAy1k3DKh8P9kT6NpNSntzyT1OXO38/h
;vdd3pq8X1n6kDKWTcMqHw/2Rzo1U0tF3vHM0Bi7sX3Dt5wQGeuBGfrQMpZNwyofDDZE+iyISUZdckNQ
;1vn0PQJ5H4fH64FZ+tAylk3DL18P9l7jbQ5PwtLwjFDWeT84hjKcXpwzWBn6kDKWTcMqHw/2TPo1U0j
;FXLMPkBi4MfwDc9taXvxbAmNKaY1aH7JCFa2TIW0NUp6FKVSLD2BndF9mwQfHsdrAYIspgZWaMkMS7B
;ljYokJB19yT5zT+DX+BLkaXZwrgRn60DKWTcY6Hwg2RPovCMsEnjJDU1Z4NPlFM1hQHfAawKZH68hR2
;3GD1a2fejU19PijTzLxQKBtZF9u21xeMdpC7QhrjhHeMEKWoZ/iawoOAgUpFIsPYGjkWn7BAUergUOh
;SajNVtTyRheqWeBoygVCXHBJ09J6Mz/DrsFHx6uBWfrQIpZLgyofFa3dYG5IRUacMQiWFT3xs4K0mBr
;dvFoDoVAy1k3DKh8P9FT6MlNSnt9yzRFUe389AXPdmptx2oJtDejPUNk9w5erXqH1UxKexSlUixkwaO
;FfbsEdnDIbAuHH6wwW23FGVGtTI65Ij17FaVSLD2Bo8g9uwsfHq5sCY0ppjVoY84aTLxnt61NS3sUpV
;IsPYGjkXK7BB93wGMOhyyVNlFq2xlLhmro1E1KexSlUiw9ga6RfbttcXjHaQu0M6I8W2DbfD7ZE+jVT
;Up7FKVOLD2Byv8b0mhzQd11BpkzrwZUY8UeVrd2t7ksMx5m1lItPYGjkX279CAeogVn6ymkP15gxCNM
;qXaNsU1LexSlUiy9x+ORcbsEH3fAdgKfcJUqR2nNGD/YE+jVTUr7UuVSID2Bo/gTyGFrZvF2F44lrlk
;2DKh8P9mTrpVNWnsUpTteUu/K/xrkYnNx2XcGnyXKWDcMqHw/2Qeo1UBKexTMIENT6M32Ish0envKBW
;brQMpZNwyMPD/SE+jVJy8Jf/owQ0n1zPx9ugQfHq4FZ/8Ayko3DKgWWqt4t7ciPg97yA1fSPPF8B7eB
;B4ergVn60DeGTcHqHw/s3aavhIjFXLMPkA9gKORfbsEHwruBXfrQMozUn7DI1a3YI2hEiMVesAgLDyB
;o5F9uwQLXq4VZ+tAoDxFZ/cVUap2nIoiPw9x11ItPYGjkX27DF8epAVn6yqvK1xT2A5Wt2fo1E1KexS
;lUix9gauRfbtuemzFWhOEMMpYNwyofD/ZB6jVXUp7FM83Xlbe1/4N5HdqbMhkBI5Ay1k3DKh8P81T6N
;5NSnt+wCBHYvXR8AveaB8fyGMBjSasU3cMpHw/2X+JrCg4JHzAO0tV9aOQ5yKdhoc3zFjrZspZN2DJB
;VqrTICwJC0TYPozSFzx1/gL3ltyf9ZaD44prTFDU9odS7B86NRNSnsUpVJifYGFkX27aH5ny3c4gyWj
;Pl949x1buGOcvDsvJHnMPHNV5Mr2Fc9bbX/abAjrQcpZNwyofAaZE8vVTUoXddw3XmLpxvga03BAf8p
;kF58pvDxof8kRT7V6hrISOQ9x1VItRpUN1pzBgCAehQVn6yyrIFJ+9xRasHSAoRIrH3XVJkVL5PziCd
;50cGjLdziJL74tWGH3Dl6teofVTEp7FKVSLHTBo7l9uwRzf9dgFbQorzBQZNwjXr1ymKEkPB5L1iZJT
;e7V9A/kcHBu8XcGnymlWTYMqHw/2ROhlU1dexSlPk1E5NHOEN52eHvxZguEM68GUW3LGUzZEujVTUp7
;FKVSLCWBo5ER2n16bPF2AowtrzdDU8QZUb5ngIogIxUUpKhSVz3XAvWEBAsergULijmvK2h/wBlTtWC
;3ujsvCXjEIiw8gaORfbsEVl6uEGfrQKY4TmnaI0ytcpqhPSUSetENWETxxpF8uwQfHq4Fb6tAwVk3DM
;YTRaN/jYo+IwFxpVMsPYEDCORiOx8RrgVnhCKgPFR49x9at2eNpxIyexWlUiw9gaNhwrsLHx6uagWBJ
;aktaG/NEku8YbesTUt7FKVSLD1xHJF2uwQfccxvAog0lSpeYsN8PtkT6NVNSnsUpUMsPYHM/gfeW2x2
;x2ALjx+rN1BgzXw+2RPo1U1KRVSlRCw9gcz+B95bbHbHYAuPH6YwWWn3H1CsfZzVTEp7FKVSLM2+o4N
;9uwRwcdRgOJgoozxbaPcTWb9gjaFNS3sUpVIsPYnjkWi7BB9x2GAVgyGkPmh/wBlTtWC3tCMtF3GlUy
;w9gaORfYVEHweuBWeENq8rX23GG2Cqe425ITkkcsQ8c07xxvQZuwUfHq4FZ+sZilkvDKh8UK92mr0sJ
;BxL1jpJUe3QzhvXa2hsz3EC60HKWTcMqHxrmRP91U1KFGLAIERc78TODtNhc3LdWhSbJa89Nw2ofD/Z
;E+jxDUp3FKVSQ0vk0f0cy1t7a89pZ+raU8CulTG1ANkG6NVNOgl9yyZzX+THzgneaW973GQTnjKvWTY
;MqHw/2ZO5lU1BexSlIl5U79fODsthenquBGfrQMpZt0rofC7ZE+ilPyMVYPomSVDxxuMcz3Fte64EZ+
;tAyll3Zuh8LdkT6KU/IxVg+iZJUPHG4xzPcW17nAVm60DKWTcMwTw/yxPo1T04EnrRDVhY7NP0D9pwa
;mzLNmfqQMpZNwyofD/ZAejVTToJfcsmc0nkzuEYyWVra9xgU+tBylk3DKh8P9kT49VNSgl1wyZzXOjR
;9hzLBB6EN5z+ctkDZjcTqHw/q3KOoRIoGmfADUlF9dHkDtJrcUHZbAOfKJUrVnjBEz/YE+jVTUp7feV
;SOj2Bo+Mc3XBAfM92ArQppD9eYMQjXrd0hLBNS3sUpVIsPYGjkWu7BB9sz2MTtCKrKlJTwRJZsH+Eij
;8rD33KUi09gaORfTtEXx6+BWfrMqs/Q1PKHUy8TIS0NC8JZ6VTLD2Bo5F9u0QfDa4FZ5khrC1obskPW
;oZ/gbsoPRJw0TosPBs6COQinfYhrgpn60C4OFF49x5eqna3pj0vHnClUyw9gaORfZtEHw2uBWeZIawt
;aG7JD1qGZ4C8LiEVcdYhLDyBo5F9uwT/Ia4hZ+tAuDhRePcVUa12mrMsKR5LwCpYT/TQ+BLVW2h3ynE
;PtDKrLV5jqH0/2RPo1Y0oOxS+Uiw988L3CeRtcWrLdwGKI68GXmLOFVO1TIm7KiYeFKRSLD2BoxEr+w
;QEHq4FFYomvgZeYtwZTb9yi7ASIxVyzD5AYvPC5RTUBB4ergVn60CDGTcZqHw/q3KOoRIjFWDAIEpc4
;sbOEdp9emzdBWbrQMpZNwxYQz/BE+jVPysdYPo7Qknk0fcc2GFAcsdrApwpri1fDKlPDOog2+audXsC
;pVIsT+DF5SLSamt73GMGiCWVKkdtyxVRvhPp1U1KexSlohM9laORfclleWrxbAmfJbg/Vm/NI0ypdo2
;xTUt7FKVSLD2/45FluwQfbM9jE7QppC1Sfs4dXLxMnL0kKRB6wCFfPYDxKWM+707GkQV260DKK1Zq3C
;NTsH2Nij46GnfMPEs9gKORfbsEHxbuBWzrQMorVmrcI1K4YY+8I0p6FKVSLD2Bt9F9lAQfHtxkAZ8fp
;S9SftoVW7xMjrw/OQ9LyTNVWPP89AXPdmptx2oJtDejPUNk9w5erXqH1UxKexSlUixkwaOMfbsEbX/I
;cTiENq8rRWXMGWC+f4e3LCYke8M0X1j1/Ot9up6Ghzec/iL/yns3DKgOXr9nt6Y4OB11xjdzWPnX4wj
;IbXBw8XIOjzSiBkVt3BVQ2RLo1U1KexT8EiwrgaORD9pia0HdcBWNIak8aGrBEFOGYYmhKEp6FKVSLD
;3B9tF9rgQfHtxkAZ8fuSxFaskfWoZ1hLo6OBpgwFItPYGjkX07Yl8etwVn6zKrP0NT2wlNv3KLsBIjF
;XLMPkBi4M32Ed4EHh6uBWfrQPQZNx+ofD+rco6hEjkOZsMzT1jez/AE3nZsHq8FZ+tAylk3TKhqP9kT
;mrQrPiRn0CBKXOLGzhHSanppx2ETg0DLw66VMeWmACzowU1Ke2bENFhi8tbjG9pnekHddQaIKaQ+Nw2
;iq5ypLuICckppFKVSXlzn184OznZ5f81gOJgwrzxTDKl8P9kT6NUDCnsCpVIsT+DF5SLIcW14z2YCtD
;SiMFRnxhlMqhPp/BHFueGNnhM9k6ORfclhbGrPdxO0JL84W1PbDFq8d+jUTUp7FKVSGH2Bt5F9u3Z6b
;dpkFZ8fryFDfskjXrR8nbs5SnoUpVIsPYGjkX2tBB8e3GAUnyG4LWhp0AhNuEyJuCI/FWD6YCw8gaOR
;fbsEHx6uHGfrQLg8RHjJDkuGdpChPyskcNAzQGLgzv4I1XAfH64FZ+tAylk3DKV8P9lhjaY5Kwlg+iF
;cWOTHkXy7BB8ergVeq0DFWTcM2hlMrXKaoRI5C3HANnMPgaKRfbsEHx6XRWf6QMpZRWncDl66Z4G6Ix
;UaeconQkmBopF9uwQfHrpFZ/hAyllFadwOXrpngbojFRp5yidCSd6RkXy7BB8ergVzq0DcWTcM2hlLq
;3KLoSQlFUvBJ01R3sL8Es5qax6vBWfrQMpZE0yoaT/ZE5qwOTgad9E7Q1Pex+Qc11tsbstgA+tBylk3
;DKh8C5kTz9VNSglx0SBNXvXK/hPkYXF/zGkCtC+/LURlzBlgu3ycoSInJHjEK0lP8qOQfbsEHx6uBSf
;rZMpZN37NCE24cJy8IiQkccszTlHk/P4Iz3d2estaE4QwlTVWdc0OTNkS6NVNSnsUpRIsM4GjkQ/ecG
;1/zXEOhC6VMVh8qH0M6iDb5n6ZRBS1Uiw988blD9pna3fBaziDL7oGBQypTwzqINvmnnV7AaVSLE/k1
;+Mc2HB2ccBaCoIulS1Fbd4ZU9kS2+Z+eUgnRm0sKoGjkQ/ecG1/zXEOhC6VNF5i9whNuGWNuRJ4exWW
;YR8OspByQrsYHx6udwKfMqs6Q2XHEmC0eoa8ICsXS8AqWE/00PgS1QQeZbqrIAo6XmY3Eqh8P6t2nKc
;sKQ99yjxzUOjN+BDaaEB71nEVnjOjNllTmnw+ogdGkqww7yulQiw9gdH0CcllfGrHagm0M7o8UmiofT
;/ZE+jVTQM7FLdSLD3zxuUP2mdrd8FrOJgwrzxTU5p8PtkT6NVNSjJUpUgsPYHR9AnJZXxqx2oJtDqiN
;kdTyxNRvXqcvCIkShSkUiw9gaORjYQEBR6uBRWONLg4VHjBE1GGaYC6PRUYe8s2RUnozP9PuwUfHq4F
;Z+uw9VkkDKh8TLxwh7spFRd13DdeYvv8/RTdcB8frgVn60DKWTcMoXw/2WCDvD8+JHPEIiw8gaORfbs
;EF16uFWfrQLkyXn7cI1OwfY2KLiUOetFSLT2Bo5F9u/QgHroFZ+szoTBFePcRVrd6hbQhFRdxyzVYVY
;GikX27BB/ezEVn4EDKWURnwQ5LhmCYsCguexWlUiw9gaOlPbseHx6udguEN5U9WHvGI1mwYZuhEiweY
;/o+TUTk0eJ9ugQfHq4FZxt/yk43DKgPUrh/hIorLxpg0CBJTt7H+BzWYWt73AVm60DKWTcMjDw/xRPo
;1T4nGnjJDUpY4NfkD953QHbBaQK0JKM4WmncGU3ZEujVTUp7FLkSLCaBo5EO1mVzcvFjAoo0vytSf/c
;VUb96hLkSOBpgzD0sPIGjkX27BEZerh9n60C5NFZgxCNZvHKcoD8vCEvWIklY5fzjHM9tcB6vBWfrQM
;pZfkyoXj/ZE5u6ISMfS8c9WEnuzs4Yw3Bta91sCIUfvTBTeMAjTbhngbpNS3sUpVIsPdjjkWe7BB9tw
;WkOjx+oNkN4xxFgv3qEtCAvFWD6NEBS9qOQfbsEHx6uXCfrUspZN3/HEFa9TIq6OT4Uefo+TUTk0ZF8
;uwQfHq5F6KtA2Fk3DNsTU7B3t7ciPg97yA1fTeTG9X26BB8ergXnrQDKTzcMqA9QtXqMiiQkHX3JPnN
;Y+dPwE8htcHCuBGfrQMpZNwyofCzZE+imIiYScPo7Qlvoz/0iyGx6csJ2Z+pAylk3DKh8P9kF6NVNOR
;R4zDZzVO/F+BHXW2h3ynEPtC2jNzcNqHw/2RPo1U1KbhSlUl9S7cr1ItdlZnvcWhODKakyWWnbDz/YI
;NvmfnlI95pSMz2Bo+IS1217QdpqF7Qlsi1FedsVULdMn7wpPhNL1zNYVO6jkH27BB8erlwn61fKWTd/
;xxBWvUycuj0VHX3JM0FY79fOG9draB6vBWfrQMpZbkyocz/ZE5u6ISMfS9E9XGLtwugYyQQeHq4FZ+t
;A0hk3A6h8P6p8hLwpFQ971Q1fTeTG9X26BB8ergXnrQDKVzcMqA9PrGGbiiArA2PMNlhVgaKRfbsEHx
;5OOmfKQMpZRHnYDFCrZ7e0KSsLYMwkSWLozfcU12hAbM9xDoQfpzhPDKl8P9kT6NUJCns1pVIsTvTT4
;RLJcEB/ymQXnym8PGhlxhpWtX+3pyw+Env6P0VTgaKRfbsEHx6ARWfLQMpZRHnYDFCrZ7e0KSsLYMwk
;SWLozf8YyVt6Zt5kCZgppTc3DTLlpkCKcQxySmwUpVJfSPHT/g/PW356z3UTgjavBltt0RlNqhPp1U1
;KexSlRmw9mqORfchxb27BdxO0Ia44R3jBClqGYY2xOCkPfco8Xz2Ao5F9uwQfCu4FfetAyipCfNgTTa
;1MibEsOg990zdzSujH5RXkaXZwrgRn60DKWTcE6Hwy2RPopjg6C3vXJnNc78T9GLsFHx6uBWcrEopZJ
;AyofEysY5i6Pz4kdsQhSWLtwugYyXcfH64FZ+tAyqkIDLF8P9lgnaU9JQlg+jBNTuT8/RzCYW1t8XYX
;jiWuWTYMqHw/2RPWlU1UexSlIVlN8czjCeRncHDAYASfKaU3aHTRI1uwYJy0IykeFKTItaQYOgjEhAQ
;IHq4FFJ4wujZFePcYWrdgjYorIxd4+iBNSeSjkH27BB8erlEn61PKWTd/3QxPtmGciikvFWfADUBc+M
;bjfboEHx6uBWfrQMpMNwyoD0qpY4enORUdfckzQVjv184b12toHq8FZ+tAylluTKhtP9kTm6A9OhRm0
;Q1KVO3Pzg/acHoerwVn60DKWRlMqGs/2ROboD06FGbRDUVT58r9EeRramrCbAmOM8pYNwyofD/ZE+jV
;Xkp7FNYnXE3u0eUiy21zcs93OJgpsDw3Dah8P9kT6MUNSlAUpVJfSPHT/g/PW2xzz2kLtCamNlZ4zRh
;gv3aJoTg4Hmf6KlVi5NvhHNV3dnHABWbrQMpZNwxYQz/UE+jVPj8LZMogWGLy0/QY3wQeHq4FZ+vAjB
;k3H6h8P6pmmKUiOA9L3StzWejQ5RzVZ3oerwVn60DKWTdMqGg/2ROboD06FGbRDVRE3sbpDdpqbHfBa
;2fq2lPArpUxtQDZAejVTTkOZNU9Xkne2c4Z0ndrf8BmAutB+WoEP5tP/OYT9NVNSghh1SJDT/X86yLU
;Ynlty3E4jy+9N2hgyQVaq2Do1E1KexSlUtwCgbmRfbt3am7eahWfH7AGWGrOD1qtTJ2lEiYabcAgXz2
;Ao5F9uwQf7pEFTetAyipCfs4dXLxMm7ohIx9Lxz1YSe7OzhjDcG1r3WwIhR+9MFN4wCNNuGeBuk1Lex
;SlUiw92OORYLsEH23bdwGKI68GRGPEFVuGcYehOSUWS8M+Q0rzwuUYuwUfHq4FZ+sZilksDKh8TKxhj
;rQuLyRnyj5FWd7B/gnPa3JBwmQejjK5WTYMqHw/2RMY6k1QexSlIVlP58LyGOR3cHLHYTiJL74tWGH3
;D0+8dozVTEp7FKVSLHnBo7Z9uwRsa9xjBogllSpYYMEYYK18mIooMg9m0CFFUu/85hTfcHdB3GQTgi/
;KWDcMqHw/2Uqo1VdKexTWJ15b4MD0Ishrc3fKWhOEMJU/W2PfDl6tdujUTUp7FKUSdH2Bu5F9u3dqbM
;hkBI4fuTZbZcwjS7Zjt7ksMx5m1lItPYGjkX279CAeuQVn6zO/K1FtyxlgqnyEvCkVD3vVDV9N5Mb1f
;boEHx6uBWfSAMpWNwyoCFewfbeiLCYXS9YiSVjlo5B9uwQfHq47J+tZylk3eMAVUYZkibkhFQx9wSZE
;YvPC5RTUW3J/1gVm60DKWTcMwTw/wBPo1TkiEnr6JU1R7fzmFN9wd0HcZBOCL5U0XmKofT/ZE+jVTXM
;7FLVSLD31zOEi2WtrasFoOJgwrzxTDKl8P9kT6NUDCnsYpVIsSfPC5xjXW2xuy2AD60HKWTcMqPxumR
;P21U1KD2bEJElR3tnOGthre3vxYQ6YNKs3VGn3Gla3epu9TUt7FKVSLD2V45FsuwQfaMt3FIIvpAZbb
;dsIYLx3gaFNS3sUpVIsAjDjkXa7BB9pz2kLtDOiPFtg23w+2RPo1U1Ke1SlXCw9gdTwEddba3bHZgyF
;JbkqNw2ofD95inE8ckphFKVSW1Txxs4SznB6bPFsCZglvgZTZdsIXrdwjeRNS3sUpVIsPYGjkWe7BB9
;px3UCtC+/LVJ+9xVRqnaciikjCGDEPE9Ys6OQfbsEHx6uBWfrV8pZN3vBDFqGfJ2hKDgkfcshSUne0O
;EY3mAuHq8FZ+tAyll5TKhrP9kTn7w9LyR70CZJT97K/w7ecEBt3mACj3LKWDcMqHw/2V2o1VhKexTSO
;1xY3tf+Ct52QHjHfQKPH7o2RHSofT/ZE+jVzQE7FLBSLD32yuEY5HBwact3OI0psjxTU9gTTKAT6dVN
;SnsUlTlsPZejkX3MbW978XEInCW4Bl5izhVTtUyatDkvexWlUiw9gaPIPbsWHx6ucg6bJZUtWHvNDmC
;2dY6mKD4DFKRSLD2Bo5F9ewQNHq4FEIIwrwZDY98ZTYZ8jrM+Lw9tpVMsPYGjkX27RB8OrgVnnCm6PG
;h4xwtaq0ybpSgvHxSkUiw9gaORNPsEDh6uBRCCMK8GQ2PfGU2GZYe5OCceFKRSLD2Bo5FT+wQKHq4FE
;IIwrwZDY98ZTYZlh7k4Jx5LyDtCPYCjkX27BB867gV360DKLl58zSNLtmSNpxI9EnDROiw8gaORfbsE
;K16uCmfrQL0wR2n3C161f7emPS8ecKVTLD2Bo5F98kQfEK4FZ5EfvitWes0QYKpjjbApSnoUpVIsPYG
;N0X2oBB8ez2YEjiyvK1Z4wRNRhnaGtC8mHhSnUiwNgaORHM1rdnrxcRWKNq81aGTHEFqqTJi0OSIkec
;Qqc1HkzfYJ01t5f81xCJkfrzdWbsQZP9sT6NpNSnt21ztIWujN9iLean58wmBn6UDKQDcMqB5NsHePv
;CMtJHLEPHNO8cb0GeRhcX/MaQLrQspZLAyofF2reoyyJCQcS8M7VFjl/PAT3Gh6QctrBoksr1k1Dahq
;P9kTiqckLhx9yzVzTunG/RHIW3pwz2cLjkDIWTcWqHw/u2GBuBIvA2DAIEJc7fziFd5oc23xYw6ZM75
;ZNQyobj/ZE4qnJCckfcshRVnk/PQT2mZze64HZ+tjylk3b8cdTK16hrISLxV1xz5JYujN9xTXaEBtx2
;sAhyWVNV5izU0/2xPo9k1Ke3fKM19J6M32It5qfnzCYDiCLqwwW2D3D1a3dISwEiYSesBgLD+Bo599u
;wR8ccFpOIMlqz1oYMEaS9kR6NVZSnsUxj1DUejN9iLdZXFBx2sEmSWrKlIMqn0/whPo1S4lFHjMPEti
;8dH4E893b3vLYTiYLKUuU2PfEj/bEujmTUp7cMA8X1je0OQNy2ttavFsCY0ppjVoedsZYLV6hrA+FRJ
;6+jpFWun89RjVd3Zq11oAmSmuWTUNqF4/2ROMsCM5HkvWJ1xN7tHlItdlZnvcdjiJL74tWGH3GVG4cY
;SwTUh7FLRSLD3kzfAf12FAacd1ArQ0pS5Sfqh+P9kG6NVNLwNgwCBCXO384hXeaHNt8WMOmTO+WTUMq
;Fk/2RONrTk4DnDAIHNO9srlHtNbfHHBaQ6FJ5U7UmrHDlqGYJ+8OSkTFKdTLBuBo5EYw3Bta8pgFbQz
;vTBDb8AjXLZ8hLwjLSR8wDNYSPH88BnNZXF9ywVl60DqWTcMzQRLq2aMsD8VCGPMJk9V3sD+EtdtcXn
;xbAmKI74wQWmofj7ZO+jVTS8DYNcnSFjz/OIK0nB8dvFmCIQsozdQU9gdTbJMhbo7LyRxyzNOUeSjk3
;27IB8ermAfnzK/PVJ+9w9IsGeLvRI5D3vVDVtU8cbOCtpoc0HaahCOMspbNgynfD/ZdYm7EigXfdUNS
;VPgwf0YuwYeHrwFZ+smqzdob8cTU7B9j4ooJBp2yTcsP4Cjmn27BHl/wFoChSGoNVJoqH4+2QDo1U0s
;GnrKNEpi5sD+Gd5benDPZwuOQMhYNxWofD+/epqmORUXddw3XmLyy/QR13dAe8BkBYclyls3DJ18P9l
;1gac+PiR4xCtJT97Q/hHSYEB3wGMOhyyVPE942glMsHyGijojH2DNDV5c9cr+It5qfnzCYGfpQMp5Nw
;yoGlahTIC6PzgSdsk3c1j51/QTyG1pe/F2E4I0qTFeYs98PdkT9dVNSh193Q1EUvPR+B/XYUBrwGwIh
;R+rNVtT3AVPvEyJ1U9LewmlUixb6NvOFdR2bXfMaQK0NaQwWGL3HVO1TJysPS8kdqVQLD2co5F93W1n
;QcZqFZkpqDVSU90SVrZ9t7o7Lwl4xCJcWOWjk327Hh8ermMOkx+iNkV+wR5TvEydpigVFGTAPHNf6Nf
;ifbkEHwWuBWeNLKUuRW3cGWCrdpuwORUcd8o2SWLkzfAf12EfHK8FaOtAyj5WfPcaVrV/t6YlLxd41l
;IuPIG6kX27Y35u8WMOhyyVKl5izxBahnaQoT8/CH3KPCw/gaONfbsEeH3BYQK0JqM1UmLJEVqGdYenI
;CsPS8A8TV/txpF/uwQEHq4FDoUmozVbU5lMD4Zmm7ASORR4zDZzVO/F+BHXBB0frhNn60CjN1FlxBBg
;uHeJpTkjDXH6N0Jc48/0fbkEHzquBWeCLqwwW2D3H1C3cI27OTgSd/ohQ1Hox84IyGFAec91OI0ppjU
;3Dqh8J9kT6LwjLBJ4yQ1PUu/N9B7PW3pwynUIgi6+KjcOqHwz2RPovCMsEnjJDUpU89DlfbkEHwSuBW
;eCLqwwW2D3D1e8f4SmEj8Icfo1TU3exfgR1wQdH64gZ+tAozdRZcQQYKxgjYohIxVx1g1FU97L+BrTW
;3t7wHYOnzmVPkVlzHw92BPy1U1KEnrWN15J3sv0HM9xb0HJZgiPJZU8WW3KEFrZEenVQ0p7FMwgQ1Po
;zfYi3mp+fMJgZ+lAylI3DKgWWqt4t7AjKxl4wFIuPYG/kX27aH5ny3c4gyWjPl949x1buGOcvDsvJHH
;LM05R5KOTfbsfHx6uaQaSJbgGRGTNEFOqTIenKS8JS8oiWFTsyusYuwYeHrIFZ+stpT1easEZTYZggL
;AhJghLyDdeWuT84RzJYXFqrgdn607KWTdixwhgqnKesBI5D3XRNyw/gaOafbsEcHHUYDiYKKM8W2iof
;j/ZBejVTSUNcdc6TVPm/OIV3mhzbfFgCYoipjw3Dql8H9kT6Lo7Lwl8xDxLYvLL9BHXd0B4z2s4mDCv
;PFNTzRJeu3+N1U9KewylUixS98bjD9JgekHIbAuKLa83Q1PNEl67f43VT0p7DaVSLFL3xuMP0mB6Qch
;sC4otrzdDU80SXrt/jedNSHoUv1IsPfHR+BPPW29/3HEUtDOvKEJpxh9ahnyasSg4exalUiM9gaPjHN
;1wQHXLYBe0KKU1Un+ofj/ZB+jVTTgactENQ0vk0eMU32FAe8BkBYclyls2DIB8P9lhjaE/KxhgzD1CY
;uDV/hTfW2pwwGAEjjO5OEV19xVRhmCdpT0lCWCUUi49gYuRfbt2emrcZASfKaU3aG3eE1a9TJ27Iy8Y
;cdYhTU/4/PgT5Hdqbt5qFZ9yyls3DLp8P9lhjaE/KxhgzD1CYuLM/B/SangerAVn+kDKWUVp3A5eume
;BuiMVHnrEMEBYgaGQfagEHx7cYBOZIaktXmPGI1q3coq5KBVJFKdTLBmBo5EP3nBtf81xDoQulTxZbc
;oQWoZxjbMiOB5LyidYWPP84hXeaHMerARn8kDKWUVp3A5eumeBuiMVHnrEMEBY3szkCchte3uuB2brV
;spZN37NCE24cJy8IiQkeMQrSU/iy/AT3GEfHK8FcutAyitSeNodXK16h7sSJBRg+jtCTujH9H25BB8F
;rgVnmSW+K1Zv3BVQt0ySvSI6JHvLPlVi8sz9FN81HxyvBXzrQMorUnjaHVyteoe7EjATe9UNQ1Pt2s4
;O1Gh2epwFZepA01k3DNsZS616hrISLwNg1ydIWPP8oyLean58wmBn6UDKSzcMqA9UsGGciislCXfADU
;lT4MH9GLsGHx67BWfrM6c4W2D3Glq4Z52nKDkkccszTlHko5N9uyYfHq52CoospgZRackISqt2m4okJ
;B19yT5zT+DX+BLkYXF/zGkC60LKWTsMqHxMtn+BsRIoFGDRPUE9g6KRZLsEH23BaQ6PH6M3UWXEEGCs
;YI2KKisLS8M7QFGBoZB9sgQfHt1qC4IklS1YfKh+Ptka6NVNOQt91zNAVPvGkX+7BBMergUUmzW4Kmh
;pxh1dtXbo10xKbBSlUl9I8dP+D89bfnrPdROCNq8GUmLJHlO8E+rUTUR7FKUhWU3xzOMJ5GFxf8xpAu
;tCylkaDKh8TKxjmLo/PiR9yzRFUe385A7eW3N3wGAUtCmkBl9lzxRgvXaGpiQ+AkvCIEVZgaGQfaMEH
;x7dcBebL7gtaGDNHVSgTIu6IyQed9E7Q1OBoZF9ogQfHt1wF5svuC1oYccYVr96jacSLR56wCBNSeSj
;k3y7Gh8ernYSmzClK0NT2xFetX+3syElGmDANnNb5MLlCMlhbB6sBGf8QMpZQ2nFDFqrcpygPy8keMw
;hWGLkzfAf12EfHK8FdetAyi1SYdgZTbhnnacoFRZ1yydNUYGhkX2xBB8e2WwXjh++NkBp2nw92RPI1U
;1KDH3VN3NJ7tT0D+RidmbLYTibL7kwQ2XHEmC8fYm3IS97FqVSPT2Bo/Icz2F4cdx8OIUhpzxoZM0EP
;9oD6NVNeksil2IcC8KToUqONC8omwVu60DKPFlohhtctneN1U5mehSlFRUMoZjDGNdla3fYYEebL7kw
;Q2XHEla3dOKSfGo+OZdyag+2k6FdgFZ6atxkBJ9gq3lVZdx2eOgzrfh/aiEki2AMe7OXoU2bP0172nc
;GiDTqOFloiA5esGCN9RdAPCWFChkd2JaxO4g0Ly6OPjCCMK95WHncdnjoM7LgfWpARsQ7X1ih+bEQ1H
;Z6FOk8V8t7iztEY8QJS7wzmLo+Iw99yjxCVO/Em3f8NT9GniU+2XL6eQxc2hlMvH2c9T04EnrRWGEMs
;ZWxLoskJErbdwnGL6w/F2rJEjWUItjhbRlLNJ4GWU/vjv4b3SR3cdpgCY9Kh2gDPIgvD/kovKA/JFZ7
;wzQMX+THm3f2PCs+9iU+ywXqYnNl2x1dtXbItCEmW2fRN1xN5NHiXdlxaz70BW3rQMo8WWiaUli6fIy
;wTUn7FKVSYQ+zkrEpiyRML541baZy+GgXWJlcbOgj2N8Ae0sghQYcHdKTmzCKNCs++jRHuHDAFAY4mF
;xs6Rml5H19cVOcYyZ6sIPUUIokWS2eNW2sceoDHDyGSR+cPt31FGdJJIUUV0nzwucY11tsbstgA5ZKj
;WsPLPBMH4Aj4ph1fnFTnGIsKIGjkRjDcG1rymAVtDO9MENvwFJYunyMsE1JexSlUiwzgaORG9pqQG3e
;YAKPH6YwRHiofzDZE+jkdnhOL5dpGQ26kKpMizQfD64FZ40ppjhaacYIYK1qmLASOQ9mpVEmPYGjwTH
;6JC4wmTAKhkDYWTcMzhVTuH6NuzkVD23VN3NO9dGjfbgOHx6uVSuqYPt3ADnFET/5E+jVKyMJZ9ENQF
;z4xuMiyGtzd8paDoUmozVbU9gdS612mrtNSX4UpVJgVO/G4n2uBB8eyWYIjyWVP15gzRJetHa3syI4F
;nXRUi9agaORBtxncHrLWgGCLK83VmHNI0iwZ4C6OD4kcd0mUWL6zvAe021xe/FxHpsllThVbtoZSbBy
;nLwiJAZL3jRFUeDO9BPPW3F/w2A4iiKoK1J6wR1LsHyG5DAVAHjEK0lP3sv0FNxsa2PDaGf6QMpZUG/
;HGFqGY4emOToJe8Y3X06BoJF9uwQfFK4FZ4wjpT1SU9wFT7wT69NNSntGwCJ+XPGjgH27BHZwyGwLhx
;+rN1BgzSNTsGCc1U5MexSlZhkGsJCkfa4EHx7HawGCLKYGU3nJEGC8a5ynODkSe8tSLzGBo5E812g/e
;9ZxFZ4krys3Aqh8P7B9jrwhJiRkxCZYWPPNkX6+BB8e4mwJjjPKSzcMqBBeoHaaii4iGnrCNwJa4sz1
;GLsHHx6uBWf2QMpZW23RGU2GYJy0Pz4kZMo7Qkne0PQc1lt8cdxrAplAyV83DKguWr9/ja1NWnsUpT1
;DR+T84hXSYXN68XEemyXKWj4MqHxouGeNpwsrF3ilQyw9gdPwCMhhQHbLbACDNJU1Xn/cfDzZE+jVTV
;t7FKUiQFz1xf4P1lt+espsE4IvpFk0CKh8P5d8hrBNW3sUpSJAXPXF/g/WW356xmAUgi+kWTQIqHw/l
;3yGsE1GexSlIl5U79f0D+RwZm7LBWTgQMpZcmLMGU35IMibKD57B6VSLE/gxeUi33F+cvFgH58yvype
;Y8Z8PNcT6NULIwln0XJJRfXR5Bnedh8NrgVnmSGsLWhlxhpWtX+3pSw+D3HXPCw+hKORffdtcXvdBXf
;rQMorUnjaHVyteoe7Yy0Ye8E3LD6Bo5F9uxAfHq52DIIyvgZTeckQYLxrnKc4ORJ7y1IvM4GjkTvSdm
;xqjmAfnzK/PVJ+qGs/2RObuiEjH0vMPEpU7c/OHNVjc3vxaQ6YNMpaMQyofAvsKNnmeEpvFKVSX1Lty
;vUi0mp5d8JpOJshvi1SfsZ8PNIT6NUfLxhgzD5FU+TC432gBB8e3WoLgiSVMFlqwRBThmOJoTkvCXr6
;MENJ9cz8fbgPHx6uVwKINKM1XmLNHU3ZGOjVTTkPddcmAlrizPUYuwfkH64FXMsFpD1SfohPH5pmm6E
;iJ1tH0TNeSaHkvB7UYHoU6TxVywX6eQws+hlMvGfIkDU+CWHBN143xpGpXYAkV3HDYEeKLKZ5VnTNDz
;WeIsiPf2RLNONhHA2xg6pd9mtpe45fR6o4oyoXedhcU7BnnLkoag97hSJeWPfG/wmbd3xsz3EEgymkP
;hdjzlx3vHKc9Q8vHx7iYwxlsY2gXeI2Lz70NUnYYIxsBzyYUg/5KMiYIjweNNE9DE71wuMJm3Rwbcdx
;DoQuwB4GLPBMEegzsed9elUkhQgcE7KD10yONC8wniUi2nXqYhdI2h1I+WeAsG0sEmbWJgxR6M30d/w
;1P0aeK1PLGfhpByKYXGXpPdv1C39LJJV8HB26g9wSzWE/asElFIIkr3lWLMQVS61/jd8Ke1tMlXwYHd
;iRoV3hNDEtjkNW3nD6dwcs7U8P+SjIkT8rDDTROkkd8sbyEtVgP3LHawLhB/NrF0mYXAT5QY2mKD5bU
;d0mXkjlxuN3/DU/RJwrV8sG+WkHPIhHH5R8nrBtEFtV3TtfHfTTsRHScGtyyyUThGC6K1J6zRJL+WCL
;pyw+GHzMPEsd7sWxNd5laz7sYAPhB/t5bzmIJQ3pM7LnY3pbUpBiHA2vk7FGm0lwaMslCJ0luHlDY4g
;MTbxljbs5ahl4yjAMTvDW+A7TBBMergUUnyG4LQUizx9QvXbo1iFLexToZxsPoeehXeg0MS6XDyred/
;h5cz2ILw/3I9HfCnhKHuJrHDfMm6N39jUvKaRCVdNKjWgXVplJEekzrq45OBpiwD5zTvHG9BnGDksup
;EJe2WCPaT1LmVxn6iPIjGB4W1KdYhw3xpKxJ4sqLCuOQ1XbcMAeBizwRAr5SsXnbQ9KJ4UUHg2xqdZM
;m0EuK45DVdtwwB4GLPJJH58h2OVHDUImhRccN8aTsTiWf2172ncGiDSjNllTzAletUyJuCI/FWDYcmo
;PsZObKYoOWCecJSLbSo1oF1SbTA/5SsXnbQxDJJVYawyh+aFTiDE/WJw1V+EH+3lvP55MH4A+2vUIe0
;g042AcDYvkoF3+NSo+6DdX20qNaBdWnVx56yPY3wpzSTTgYiZ6sYPUUMB2emrcZASfKaU3aGjdHVOGc
;oW6OCQPaYUUHg2xqcVNsUMuPuh+E5khvDxbU9sMWrx3ld8Ae0ojhQJeVO/X+BPcKjEwrgJn60C5LEd8
;xw5L2RDs1U1KNXvLNywhgaORDs50b3HccTiPJaQqUlPMCV61TI2tOTgOZ8w9Qj2Cr5F9u0Vzco5gH58
;yvz1SfqhuP9kTm6A9OhRm0Q1IWO/Q9CLPfW97rgZi60DKFV5izQ8/zxPo1T4/C2TKIFhi5dbwEeRhZ2
;rccBSCL6RZNAKofD+fepqmOWoebNEgWVnk0ZFkuwQfbdt1F4QyvgZeYs4VU7VMibsqJh5LyTtfSYGgk
;n27BDIqmwV360DKKkJ82BNNrUyboT8rD3HCKyw+h6ORffVrbXPPaWfnQMpZRHnYDFCrZ7ehNDoeFKZZ
;LD2B8fQez21zd8BgBplA6Vk3DNsJTb9yi7ASORR4zDZzX+7X5RLWW3ZwyGwLhx+6OEN4zQ5R2RDt1U1
;KN33LN189oaORfchxbXjPZgK0M6U1Xmj3CFCpTIG7KyMXePoiTUn1xuMTuwcaHq4FK4Iuryo3GKh8P6
;12haUoOBpg0CBJYuPG9SLXbWxqrgZv60DKaAw5mEcN4iPowE1Ke2DAP1xY88LlCMlhQHLLYxO0LKMqQ
;wyrfD/ZE+jDTUp7YMA/XFjzwuUIyWFAbMdiD58fpjBEeKh/P9kT6NVCSnsU0jtcWN7X/gredkBzwWEC
;60PMWTcM5hlMrXaM1V1KexTSO1xY3tf+Ct52QG3GZBeOQMlfNwyoP1arcISwTUR7FKUlRU3k/OYc12h
;Ac8FhAutDwFk3DOESS7xhhLQuLx8Uq1IsPYOjkX26BB8e6AVn60HKWTcDqHw/ihON1TlKDxTMUkI95q
;OxffwEbR7BBRLrMMp5Nz2ofT/ZE+jVTUprFKVSLD2Bo5F9uwQfHq4FZ+tAylk3DKizONkT49VNSj56w
;TdeHbKD3xjPBB8exUZn6yuJWTd263w/2RMlGYF0ehSlmm49gWvTfLsEHx6uzSbrQMpZNQyofD3ZE+jV
;yUl7FaVS5HyBo5F9uwQfHmPJq9VAylk3DKjnfNkTc5ZNSqdWkVIsPYGjWT+5BB8eugVn60DKWTcMqEh
;92RMAlE1Kc1alUiB/gKORfbsEHx6uBWfrQMpZNwyofD/MFOjVTUp7FJRSLD2Ro5F91mV8dsdrArQiqy
;xTfskIWtkS6NVNSns0qRMsLIGjkRDaZ3d3wGA4iSWuBkRkyQxa2RLo1U1KexSlUiwpgaORENpnd3fAY
;DiJJa4GQ2nFDGC0cpDVTEp7FKVSrGbBo4d9uwRyf81tDoUllTpYYdgZUapynLwiJCRspVMsPYGjkX3i
;RB8IrgVnhiGpMV5izSNctn6YsCM5GmDMPUJi+KOQfbsEHx6uXCfrTcpZN2HJH1ewfY2KKSMWS91SLT2
;Bo5F922lfHqMFZ+stqzpfZcYZYL16hYo0SnoUpVIsPeHO0X22BB8ew2QEgymkPGhowRFgoxPp1U1Kex
;TlPWw9naORfdZlfHbHawK0JKMqQ23GH1qGdZq6IBUZe9c2SU+BopF9uwQfHq4FZ/9AyllabcsUVrd2t
;7A1PglhwTdeYu/W/H26BB8ergVnG3/KQzcMqBFeunuBuygVHmzRIFlZ5NHOEt1ibHvaWh/ZQMtZNwyo
;fD/gU+jPTUp7ecQxRFTvxs4Yw3Bta8pgFbQvrD9EadwjRusT6dVNSnsUpVIsPZOjkX3WZXx2x2sCtCa
;jNVZhzRJLhiLo1E1KexSlUix9gbGRfbtpfn3GbAmOH6wwW23FGVGtTNrVTEp7FKVSLD3Bo4R9uwRyf8
;1tDoUllT5WYtwORoZ7jbwqIg8UpFIsPYGjkST7BAsergUKiiOiMFlp9xtctneNiiwpD33KPCw8gaORf
;bsEHx6uEmfrQKc4VGTBElqGfYevNyYeS8E7TVDk1/QPuwUfHq6l/nKZ9VkuDKh8UrhwgLwjLyR6yihW
;UeT89RTaaXpqy3c42UDLWTcMCOWmACzozE1Ke3nEMURU78bOE9R+ZXLLWhOOLboGWm3QIw7ZEujVTUp
;7dNYSLCSBo5EQ2md3d8BgOIUvsCNbafcIWrRjt7gsMiQmpVMsPYGjkR3IRB8MrgVnhiGpMV5izSNPq3
;qGoRInFHDAUi09gaORfbsEHx6PBWfrLas6X2XGGWCpYYe4PT4kYdY3c0/gxeUiz2xte91tCIckylg3D
;Kh8P9lKqNVASnsUyDNPVejN9CLIcHpuywVm60DKWTcMqHw/+xPo1SArGHzMPEli98rjCc5lc0HLfROZ
;Na48RVPHGlmqdpyKNXh7FaVSLD2Bo6g9uyYfHq5oBogoozdSU94VTa1mibkSLwNg1ydIWPP8/hvdd3p
;q8XxV60HKWTcMqHw/2RPI1U1KFnXGOkVT5PzyCMhwcHPxdRWCLr4wWWv3DE2wfJq8OTN7FqRSND2Bo/
;wc2Gx2cMtaA4o0qwZUY8YIWrdnt7QpLnsWpFI5PYGj/BzYbHZwy1oDijSrBlFlxBlguHeM1U9LezClU
;ixQ4MD5FNVhQHvWcRWeJK8raH/fFUu6e7eiLCMPS803TUnozfZ9uQQfDa4FZ4YhqTFeYs0jWbh9t7Yi
;JA9myj4sP4CjjH27BHJ/zW0OhSWVPlRjzBlgvEyFoCE+EmTJK3Nb7czmfbkEHw6uBWeGIakxXmLNI1e
;8cpyKLy8fFKdTLC6Bo5EQ2md3d8BgOIIkryFof9EPS7x+6NdNSmcUpVJBXOLL+BPeW3Bzx3E4mSGjKl
;J4xwlcsUyLuikvexalUjs9gaP8HNhsdnDLWheZL6cpQ1PdD1qGYYmzOUp5FKV4LD2BzvAe021xe/F1F
;YQtui1oedsZYKtyjqESLg5kyTtPXPXK/hPkaXZs3GoV60LLWS0MqHxSuHCAvCMvJGbAPk1J6NX0It58
;a2zbdg6ELspbNwyKfD/Zfom2JSMVcfokTVHox/AJ3ltvbMdrE4IurQZHfsETTbBnkdVPSnsDpVIsUvf
;G4w/SYHpB3WkOiCWVKlJ43BVRvmDo101KbBSlUkFc4sv4E95beXfCZAqOLr4GWW3FGWDoE+vfTUp7RO
;kTDAyvlKQQ1gQIHq4FCoojojBZafcaVrVyhbAjPiR6xD9JYrOjkne7BB9O4kRH2m79bFphqG0/2ROFt
;C4iEnrADUpU7cbOE9ppeh6tDmfrQI83U2naXAz5XY2hTV97FKU/TV7pyv8Y5GJ2bMNyBpkllS1OfM18
;PN8T6NUAKwl4zDwsN4GjkRDaZ3d3wGA4giTKWhMMqHwH6yLc4S57SjmWNxxbrJfyS40pJi3IMUrZIv9
;qAzWfTw7gINzVX0p7FMgzT1XozfQi1jUvLp9aBIQkr1k0DKh8P9kB6NVNJxp3zTtCWN7OoE2LNkB9wW
;EC60PKWTcMqG4/2ROFtC4iEnrADUEPsZOhIthre3uuBmfrQMpZOwyofFK4cIC8Iy8kYNwiST2CqJF9u
;0Fxest3R9hghDxDDLF8P9l+ibYlIxVx+iZVTeT88B/Zdnpox2QTgi+kWTQcqHw/mmGNtCEjD22FF0JZ
;5NGxTrsEHx6uBWfrQNpZNwyofD/ZE+jVTUp7FKVSLD2B6ZN9uwUfHq5DZetAwFk3DPgwfvkixuJ4JxY
;UpVLMAoGjCjm7BAldrgWXqkBq1XIMEHR42RNMl7JLexSlUiw9j6ORfasEHx7IbAuKLa83Q1PMGVGqep
;ysTUt7FKVSLF0S45FsuwQfeMdpBoYlpC1oaMEdUrxnjadNS3sUpVIsPX2ckWy7BB94x2kGhiWkLWhqx
;BNIq3KcsE1LexSlUiy91eORc7sEH3jHaQaGJaQtaHzaFVy8E+nVTUp7FKVsbD2Wo5F91HJ6bNxsA44f
;uTVeb80jTLxnnLwjLQgUp1IsM4GjkRvSaH5zy2sTtCK4OFloqH842RPohywjCHGWFiwogaORG9JofnP
;LaxO0JKMqR2DJBWC3coWwTUlvFKVSd2/gyuIYiEBCPv5JJstx5G4CYcV8LdkT6LMkJhp5wDxYYufK/R
;jkan5zywVk4UDKWWdA6VwO9yTduCBKaRSlUkpU7cL8GNVwQHnNagOOH683UwyrfD/ZE+jBTUp7csw+T
;VDkzeUi3GdwestaFJ8huC03D6h8P9kT49VNSh19yTNBWO/XzhTfBBw6rgVn3yLzPVE7kR4S63eJ5WB+
;HnKRf00LsJS8TooxfCbKNFfedqg7NwGofD+/eoS0IC8VYPo8TVDko5J3uwQfTuJER9pu/WxaYahmP9k
;TjrwhKxZxyyZzU+DO9CLaZn1sy3MOijSjNlkMq38/2RO4mQxKdRSlUkpU7cL8GNVwQHDBcQKYQMlZNw
;yofD/ZE+jVTUp7BKVSLD2Bo5F9uwQfHq4FZ+tAylk3DKh8P9kT6NVNSnsUpVIsPYGjkQ==
;Data end
;
;Print Time: 2028
;Material#1 Used: 814.5
;Material#2 Used: 0.0
;Material#1 Cost: 0.07
;Material#2 Cost: 0.00
