solid OpenSCAD_Model
  facet normal -1 0 0
    outer loop
      vertex -41.3 -17.775 -1.4
      vertex -41.3 0 -1
      vertex -41.3 0 -1.4
    endloop
  endfacet
  facet normal -1 -0 0
    outer loop
      vertex -41.3 0 -1
      vertex -41.3 -17.775 -1.4
      vertex -41.3 -17.775 -1
    endloop
  endfacet
  facet normal 1 -0 0
    outer loop
      vertex 34.6 -17.775 -1
      vertex 34.6 0 -1.4
      vertex 34.6 0 -1
    endloop
  endfacet
  facet normal 1 0 0
    outer loop
      vertex 34.6 0 -1.4
      vertex 34.6 -17.775 -1
      vertex 34.6 -17.775 -1.4
    endloop
  endfacet
  facet normal 0 -1 0
    outer loop
      vertex -41.3 -17.775 -1.4
      vertex 34.6 -17.775 -1
      vertex -41.3 -17.775 -1
    endloop
  endfacet
  facet normal 0 -1 -0
    outer loop
      vertex 34.6 -17.775 -1
      vertex -41.3 -17.775 -1.4
      vertex 34.6 -17.775 -1.4
    endloop
  endfacet
  facet normal 0 1 -0
    outer loop
      vertex 34.6 0 -1.4
      vertex -41.3 0 -1
      vertex 34.6 0 -1
    endloop
  endfacet
  facet normal 0 1 0
    outer loop
      vertex -41.3 0 -1
      vertex 34.6 0 -1.4
      vertex -41.3 0 -1.4
    endloop
  endfacet
  facet normal 0 0 -1
    outer loop
      vertex -41.3 -17.775 -1.4
      vertex 34.6 0 -1.4
      vertex 34.6 -17.775 -1.4
    endloop
  endfacet
  facet normal -0 0 -1
    outer loop
      vertex 34.6 0 -1.4
      vertex -41.3 -17.775 -1.4
      vertex -41.3 0 -1.4
    endloop
  endfacet
  facet normal -0 0 1
    outer loop
      vertex 22.9942 -9.78703 -1
      vertex 24.1413 -12.372 -1
      vertex 24.1413 -9.592 -1
    endloop
  endfacet
  facet normal 0 0 1
    outer loop
      vertex 22.9942 -9.78703 -1
      vertex 22.4038 -12.372 -1
      vertex 24.1413 -12.372 -1
    endloop
  endfacet
  facet normal -0 0 1
    outer loop
      vertex 22.1021 -10.0466 -1
      vertex 22.4038 -12.372 -1
      vertex 22.9942 -9.78703 -1
    endloop
  endfacet
  facet normal 0 0 1
    outer loop
      vertex 22.4038 -12.372 -1
      vertex 22.1021 -10.0466 -1
      vertex 22.1878 -12.3576 -1
    endloop
  endfacet
  facet normal 0 0 1
    outer loop
      vertex 22.1021 -10.0466 -1
      vertex 21.9798 -12.3146 -1
      vertex 22.1878 -12.3576 -1
    endloop
  endfacet
  facet normal -0 0 1
    outer loop
      vertex 21.4648 -10.3706 -1
      vertex 21.9798 -12.3146 -1
      vertex 22.1021 -10.0466 -1
    endloop
  endfacet
  facet normal 0 0 1
    outer loop
      vertex 21.9798 -12.3146 -1
      vertex 21.4648 -10.3706 -1
      vertex 21.7798 -12.2428 -1
    endloop
  endfacet
  facet normal 0 0 1
    outer loop
      vertex 21.7798 -12.2428 -1
      vertex 21.4648 -10.3706 -1
      vertex 21.5878 -12.1422 -1
    endloop
  endfacet
  facet normal 0 0 1
    outer loop
      vertex 21.4648 -10.3706 -1
      vertex 21.4038 -12.013 -1
      vertex 21.5878 -12.1422 -1
    endloop
  endfacet
  facet normal 0 0 1
    outer loop
      vertex 21.4648 -10.3706 -1
      vertex 21.2422 -11.8658 -1
      vertex 21.4038 -12.013 -1
    endloop
  endfacet
  facet normal -0 0 1
    outer loop
      vertex 21.0825 -10.759 -1
      vertex 21.2422 -11.8658 -1
      vertex 21.4648 -10.3706 -1
    endloop
  endfacet
  facet normal 0 0 1
    outer loop
      vertex 21.2422 -11.8658 -1
      vertex 21.0825 -10.759 -1
      vertex 21.1166 -11.712 -1
    endloop
  endfacet
  facet normal 0 0 1
    outer loop
      vertex 21.0825 -10.759 -1
      vertex 21.0268 -11.5518 -1
      vertex 21.1166 -11.712 -1
    endloop
  endfacet
  facet normal 0 0 1
    outer loop
      vertex 21.0825 -10.759 -1
      vertex 20.973 -11.3851 -1
      vertex 21.0268 -11.5518 -1
    endloop
  endfacet
  facet normal 0 -0 1
    outer loop
      vertex 20.973 -11.3851 -1
      vertex 21.0825 -10.759 -1
      vertex 20.955 -11.212 -1
    endloop
  endfacet
  facet normal 0 0 1
    outer loop
      vertex -13.4652 -7.95599 -1
      vertex -15.7202 -7.95599 -1
      vertex -14.5927 -11.17 -1
    endloop
  endfacet
  facet normal 0 0 1
    outer loop
      vertex -25.2824 -10.2362 -1
      vertex -28.5016 -12.372 -1
      vertex -25.4469 -10.5898 -1
    endloop
  endfacet
  facet normal 0 0 1
    outer loop
      vertex -28.5016 -12.372 -1
      vertex -25.2824 -10.2362 -1
      vertex -28.5016 -4.5 -1
    endloop
  endfacet
  facet normal 0 0 1
    outer loop
      vertex -25.052 -9.89896 -1
      vertex -28.5016 -4.5 -1
      vertex -25.2824 -10.2362 -1
    endloop
  endfacet
  facet normal 0 0 1
    outer loop
      vertex -24.756 -9.57799 -1
      vertex -28.5016 -4.5 -1
      vertex -25.052 -9.89896 -1
    endloop
  endfacet
  facet normal -0 0 1
    outer loop
      vertex -28.5016 -4.5 -1
      vertex -24.756 -9.57799 -1
      vertex -25.8747 -4.5 -1
    endloop
  endfacet
  facet normal 0 0 1
    outer loop
      vertex -24.41 -9.28287 -1
      vertex -25.8747 -4.5 -1
      vertex -24.756 -9.57799 -1
    endloop
  endfacet
  facet normal 0 0 1
    outer loop
      vertex -24.0362 -9.02791 -1
      vertex -25.8747 -4.5 -1
      vertex -24.41 -9.28287 -1
    endloop
  endfacet
  facet normal 0 0 1
    outer loop
      vertex -23.6344 -8.81311 -1
      vertex -25.8747 -4.5 -1
      vertex -24.0362 -9.02791 -1
    endloop
  endfacet
  facet normal 0 0 1
    outer loop
      vertex -23.2048 -8.63847 -1
      vertex -25.8747 -4.5 -1
      vertex -23.6344 -8.81311 -1
    endloop
  endfacet
  facet normal 0 0 1
    outer loop
      vertex -25.8747 -4.5 -1
      vertex -23.2048 -8.63847 -1
      vertex -22.7472 -8.504 -1
    endloop
  endfacet
  facet normal 0 0 1
    outer loop
      vertex 5.02646 -7.049 -1
      vertex 3.72135 -10.5847 -1
      vertex 3.75965 -10.979 -1
    endloop
  endfacet
  facet normal 0 0 1
    outer loop
      vertex 5.02646 -7.049 -1
      vertex 3.60645 -10.2075 -1
      vertex 3.72135 -10.5847 -1
    endloop
  endfacet
  facet normal 0 0 1
    outer loop
      vertex 5.02646 -7.049 -1
      vertex 3.41496 -9.84727 -1
      vertex 3.60645 -10.2075 -1
    endloop
  endfacet
  facet normal 0 0 1
    outer loop
      vertex 5.02646 -7.049 -1
      vertex 3.14684 -9.50412 -1
      vertex 3.41496 -9.84727 -1
    endloop
  endfacet
  facet normal 0 0 1
    outer loop
      vertex 3.75965 -7.06 -1
      vertex 2.80214 -9.17799 -1
      vertex 3.14684 -9.50412 -1
    endloop
  endfacet
  facet normal 0 0 1
    outer loop
      vertex 3.75965 -7.06 -1
      vertex 2.39815 -8.89935 -1
      vertex 2.80214 -9.17799 -1
    endloop
  endfacet
  facet normal -0 0 1
    outer loop
      vertex 2.02089 -7.06 -1
      vertex 2.39815 -8.89935 -1
      vertex 3.75965 -7.06 -1
    endloop
  endfacet
  facet normal 0 0 1
    outer loop
      vertex 0.572148 -8.40399 -1
      vertex 2.02089 -7.06 -1
      vertex 1.9775 -6.88472 -1
    endloop
  endfacet
  facet normal 0 0 1
    outer loop
      vertex 2.02089 -7.06 -1
      vertex 1.97315 -8.68263 -1
      vertex 2.39815 -8.89935 -1
    endloop
  endfacet
  facet normal 0 0 1
    outer loop
      vertex 0.572148 -8.40399 -1
      vertex 1.9775 -6.88472 -1
      vertex 1.9083 -6.71648 -1
    endloop
  endfacet
  facet normal 0 0 1
    outer loop
      vertex 0.572148 -8.40399 -1
      vertex 1.9083 -6.71648 -1
      vertex 1.8133 -6.55527 -1
    endloop
  endfacet
  facet normal 0 0 1
    outer loop
      vertex 0.572148 -8.40399 -1
      vertex 1.8133 -6.55527 -1
      vertex 1.69251 -6.40111 -1
    endloop
  endfacet
  facet normal 0 0 1
    outer loop
      vertex 0.572148 -8.40399 -1
      vertex 1.69251 -6.40111 -1
      vertex 1.54591 -6.254 -1
    endloop
  endfacet
  facet normal 0 0 1
    outer loop
      vertex 2.02089 -7.06 -1
      vertex 1.52714 -8.52783 -1
      vertex 1.97315 -8.68263 -1
    endloop
  endfacet
  facet normal 0 0 1
    outer loop
      vertex 0.572148 -8.40399 -1
      vertex 1.54591 -6.254 -1
      vertex 1.37695 -6.12943 -1
    endloop
  endfacet
  facet normal 0 0 1
    outer loop
      vertex 0.572148 -8.40399 -1
      vertex 1.37695 -6.12943 -1
      vertex 1.19509 -6.03255 -1
    endloop
  endfacet
  facet normal 0 0 1
    outer loop
      vertex 2.02089 -7.06 -1
      vertex 1.06014 -8.43495 -1
      vertex 1.52714 -8.52783 -1
    endloop
  endfacet
  facet normal 0 0 1
    outer loop
      vertex 0.572148 -8.40399 -1
      vertex 1.19509 -6.03255 -1
      vertex 1.00035 -5.96335 -1
    endloop
  endfacet
  facet normal 0 0 1
    outer loop
      vertex 0.572148 -8.40399 -1
      vertex 1.00035 -5.96335 -1
      vertex 0.792695 -5.92183 -1
    endloop
  endfacet
  facet normal 0 0 1
    outer loop
      vertex 0.572148 -8.40399 -1
      vertex 0.792695 -5.92183 -1
      vertex 0.572148 -5.90799 -1
    endloop
  endfacet
  facet normal 0 0 1
    outer loop
      vertex 2.02089 -7.06 -1
      vertex 0.572148 -8.40399 -1
      vertex 1.06014 -8.43495 -1
    endloop
  endfacet
  facet normal 0 0 1
    outer loop
      vertex 0.572148 -5.90799 -1
      vertex 0.352956 -8.39015 -1
      vertex 0.572148 -8.40399 -1
    endloop
  endfacet
  facet normal -0 0 1
    outer loop
      vertex 0.322991 -5.92531 -1
      vertex 0.352956 -8.39015 -1
      vertex 0.572148 -5.90799 -1
    endloop
  endfacet
  facet normal 0 0 1
    outer loop
      vertex 0.322991 -5.92531 -1
      vertex 0.143338 -8.34863 -1
      vertex 0.352956 -8.39015 -1
    endloop
  endfacet
  facet normal -0 0 1
    outer loop
      vertex 0.0915537 -5.97728 -1
      vertex 0.143338 -8.34863 -1
      vertex 0.322991 -5.92531 -1
    endloop
  endfacet
  facet normal 0 0 1
    outer loop
      vertex 0.0915537 -5.97728 -1
      vertex -0.0566463 -8.27943 -1
      vertex 0.143338 -8.34863 -1
    endloop
  endfacet
  facet normal -0 0 1
    outer loop
      vertex -0.122202 -6.06387 -1
      vertex -0.0566463 -8.27943 -1
      vertex 0.0915537 -5.97728 -1
    endloop
  endfacet
  facet normal -0 0 1
    outer loop
      vertex -0.318258 -6.18512 -1
      vertex -0.0566463 -8.27943 -1
      vertex -0.122202 -6.06387 -1
    endloop
  endfacet
  facet normal 0 0 1
    outer loop
      vertex -0.0566463 -8.27943 -1
      vertex -0.318258 -6.18512 -1
      vertex -0.247057 -8.18256 -1
    endloop
  endfacet
  facet normal -0 0 1
    outer loop
      vertex -0.496595 -6.34099 -1
      vertex -0.247057 -8.18256 -1
      vertex -0.318258 -6.18512 -1
    endloop
  endfacet
  facet normal -0 0 1
    outer loop
      vertex -0.630701 -6.50368 -1
      vertex -0.247057 -8.18256 -1
      vertex -0.496595 -6.34099 -1
    endloop
  endfacet
  facet normal 0 0 1
    outer loop
      vertex -0.247057 -8.18256 -1
      vertex -0.630701 -6.50368 -1
      vertex -0.427855 -8.058 -1
    endloop
  endfacet
  facet normal -0 0 1
    outer loop
      vertex -0.734995 -6.67812 -1
      vertex -0.427855 -8.058 -1
      vertex -0.630701 -6.50368 -1
    endloop
  endfacet
  facet normal -0 0 1
    outer loop
      vertex -0.809496 -6.86432 -1
      vertex -0.427855 -8.058 -1
      vertex -0.734995 -6.67812 -1
    endloop
  endfacet
  facet normal 0 0 1
    outer loop
      vertex -0.427855 -8.058 -1
      vertex -0.809496 -6.86432 -1
      vertex -0.586699 -7.91583 -1
    endloop
  endfacet
  facet normal -0 0 1
    outer loop
      vertex -0.854204 -7.06227 -1
      vertex -0.586699 -7.91583 -1
      vertex -0.809496 -6.86432 -1
    endloop
  endfacet
  facet normal 0 0 1
    outer loop
      vertex -0.586699 -7.91583 -1
      vertex -0.854204 -7.06227 -1
      vertex -0.710257 -7.76616 -1
    endloop
  endfacet
  facet normal -0 0 1
    outer loop
      vertex -0.869101 -7.27199 -1
      vertex -0.710257 -7.76616 -1
      vertex -0.854204 -7.06227 -1
    endloop
  endfacet
  facet normal 0 0 1
    outer loop
      vertex -0.710257 -7.76616 -1
      vertex -0.869101 -7.27199 -1
      vertex -0.79851 -7.60895 -1
    endloop
  endfacet
  facet normal 0 0 1
    outer loop
      vertex -0.79851 -7.60895 -1
      vertex -0.869101 -7.27199 -1
      vertex -0.851458 -7.44423 -1
    endloop
  endfacet
  facet normal 0 0 1
    outer loop
      vertex 1.86205 -10.4655 -1
      vertex 2.02089 -10.976 -1
      vertex 2.00325 -10.7977 -1
    endloop
  endfacet
  facet normal 0 0 1
    outer loop
      vertex 2.02089 -10.976 -1
      vertex 1.86205 -10.4655 -1
      vertex 2.00495 -11.1891 -1
    endloop
  endfacet
  facet normal 0 0 1
    outer loop
      vertex 1.86205 -10.4655 -1
      vertex 2.00325 -10.7977 -1
      vertex 1.9503 -10.6275 -1
    endloop
  endfacet
  facet normal 0 0 1
    outer loop
      vertex 1.73849 -10.3117 -1
      vertex 2.00495 -11.1891 -1
      vertex 1.86205 -10.4655 -1
    endloop
  endfacet
  facet normal 0 0 1
    outer loop
      vertex 2.00495 -11.1891 -1
      vertex 1.73849 -10.3117 -1
      vertex 1.95709 -11.3923 -1
    endloop
  endfacet
  facet normal 0 0 1
    outer loop
      vertex 1.57965 -10.166 -1
      vertex 1.95709 -11.3923 -1
      vertex 1.73849 -10.3117 -1
    endloop
  endfacet
  facet normal 0 0 1
    outer loop
      vertex 1.95709 -11.3923 -1
      vertex 1.57965 -10.166 -1
      vertex 1.87735 -11.5857 -1
    endloop
  endfacet
  facet normal 0 0 1
    outer loop
      vertex 1.87735 -11.5857 -1
      vertex 1.57965 -10.166 -1
      vertex 1.76569 -11.7693 -1
    endloop
  endfacet
  facet normal 0 0 1
    outer loop
      vertex 1.39855 -10.0386 -1
      vertex 1.76569 -11.7693 -1
      vertex 1.57965 -10.166 -1
    endloop
  endfacet
  facet normal 0 0 1
    outer loop
      vertex 1.76569 -11.7693 -1
      vertex 1.39855 -10.0386 -1
      vertex 1.62214 -11.943 -1
    endloop
  endfacet
  facet normal 0 0 1
    outer loop
      vertex 1.20724 -9.93944 -1
      vertex 1.62214 -11.943 -1
      vertex 1.39855 -10.0386 -1
    endloop
  endfacet
  facet normal 0 0 1
    outer loop
      vertex 1.62214 -11.943 -1
      vertex 1.20724 -9.93944 -1
      vertex 1.45535 -12.0974 -1
    endloop
  endfacet
  facet normal 0 0 1
    outer loop
      vertex 1.45535 -12.0974 -1
      vertex 1.20724 -9.93944 -1
      vertex 1.26694 -12.2176 -1
    endloop
  endfacet
  facet normal 0 0 1
    outer loop
      vertex 1.20724 -9.93944 -1
      vertex 1.05694 -12.3034 -1
      vertex 1.26694 -12.2176 -1
    endloop
  endfacet
  facet normal 0 0 1
    outer loop
      vertex 1.00575 -9.86864 -1
      vertex 1.05694 -12.3034 -1
      vertex 1.20724 -9.93944 -1
    endloop
  endfacet
  facet normal 0 0 1
    outer loop
      vertex 1.00575 -9.86864 -1
      vertex 0.825349 -12.3548 -1
      vertex 1.05694 -12.3034 -1
    endloop
  endfacet
  facet normal 0 0 1
    outer loop
      vertex 0.794049 -9.82616 -1
      vertex 0.825349 -12.3548 -1
      vertex 1.00575 -9.86864 -1
    endloop
  endfacet
  facet normal 0 0 1
    outer loop
      vertex 0.572148 -9.812 -1
      vertex 0.825349 -12.3548 -1
      vertex 0.794049 -9.82616 -1
    endloop
  endfacet
  facet normal 0 0 1
    outer loop
      vertex 0.572148 -9.812 -1
      vertex 0.572148 -12.372 -1
      vertex 0.825349 -12.3548 -1
    endloop
  endfacet
  facet normal 0 0 1
    outer loop
      vertex 0.572148 -9.812 -1
      vertex 0.354291 -12.358 -1
      vertex 0.572148 -12.372 -1
    endloop
  endfacet
  facet normal 0 0 1
    outer loop
      vertex 0.572148 -9.812 -1
      vertex 0.148755 -12.316 -1
      vertex 0.354291 -12.358 -1
    endloop
  endfacet
  facet normal 0 0 1
    outer loop
      vertex -0.869101 -11.22 -1
      vertex 0.572148 -9.812 -1
      vertex 0.0820551 -9.78116 -1
    endloop
  endfacet
  facet normal 0 0 1
    outer loop
      vertex 0.572148 -9.812 -1
      vertex -0.0444965 -12.246 -1
      vertex 0.148755 -12.316 -1
    endloop
  endfacet
  facet normal 0 0 1
    outer loop
      vertex 0.572148 -9.812 -1
      vertex -0.225447 -12.148 -1
      vertex -0.0444965 -12.246 -1
    endloop
  endfacet
  facet normal 0 0 1
    outer loop
      vertex -0.869101 -11.22 -1
      vertex 0.0820551 -9.78116 -1
      vertex -0.384253 -9.68863 -1
    endloop
  endfacet
  facet normal 0 0 1
    outer loop
      vertex 0.572148 -9.812 -1
      vertex -0.869101 -11.22 -1
      vertex -0.543497 -11.8798 -1
    endloop
  endfacet
  facet normal 0 0 1
    outer loop
      vertex 0.572148 -9.812 -1
      vertex -0.394094 -12.022 -1
      vertex -0.225447 -12.148 -1
    endloop
  endfacet
  facet normal 0 0 1
    outer loop
      vertex 0.572148 -9.812 -1
      vertex -0.543497 -11.8798 -1
      vertex -0.394094 -12.022 -1
    endloop
  endfacet
  facet normal 0 0 1
    outer loop
      vertex -0.543497 -11.8798 -1
      vertex -0.869101 -11.22 -1
      vertex -0.665701 -11.7285 -1
    endloop
  endfacet
  facet normal 0 0 1
    outer loop
      vertex -0.869101 -11.22 -1
      vertex -0.384253 -9.68863 -1
      vertex -0.826757 -9.53444 -1
    endloop
  endfacet
  facet normal 0 0 1
    outer loop
      vertex -0.665701 -11.7285 -1
      vertex -0.869101 -11.22 -1
      vertex -0.760706 -11.5681 -1
    endloop
  endfacet
  facet normal 0 0 1
    outer loop
      vertex -0.760706 -11.5681 -1
      vertex -0.869101 -11.22 -1
      vertex -0.828493 -11.3986 -1
    endloop
  endfacet
  facet normal 0 0 1
    outer loop
      vertex -1.24546 -9.31856 -1
      vertex -0.869101 -11.22 -1
      vertex -0.826757 -9.53444 -1
    endloop
  endfacet
  facet normal 0 0 1
    outer loop
      vertex -2.6066 -11.22 -1
      vertex -1.24546 -9.31856 -1
      vertex -1.64036 -9.04099 -1
    endloop
  endfacet
  facet normal 0 0 1
    outer loop
      vertex -2.6066 -11.22 -1
      vertex -1.64036 -9.04099 -1
      vertex -1.9882 -8.72551 -1
    endloop
  endfacet
  facet normal 0 0 1
    outer loop
      vertex -3.8734 -11.231 -1
      vertex -1.9882 -8.72551 -1
      vertex -2.25876 -8.39107 -1
    endloop
  endfacet
  facet normal 0 0 1
    outer loop
      vertex -3.8734 -11.231 -1
      vertex -2.25876 -8.39107 -1
      vertex -2.45201 -8.03767 -1
    endloop
  endfacet
  facet normal 0 0 1
    outer loop
      vertex -1.24546 -9.31856 -1
      vertex -2.6066 -11.22 -1
      vertex -0.869101 -11.22 -1
    endloop
  endfacet
  facet normal 0 0 1
    outer loop
      vertex -3.8734 -7.049 -1
      vertex -2.45201 -8.03767 -1
      vertex -2.56796 -7.66531 -1
    endloop
  endfacet
  facet normal 0 0 1
    outer loop
      vertex -3.8734 -7.049 -1
      vertex -2.56796 -7.66531 -1
      vertex -2.6066 -7.27399 -1
    endloop
  endfacet
  facet normal 0 0 1
    outer loop
      vertex -5.77057 -6.556 -1
      vertex -5.61216 -7.05699 -1
      vertex -5.62977 -6.88239 -1
    endloop
  endfacet
  facet normal 0 0 1
    outer loop
      vertex -5.61216 -7.05699 -1
      vertex -8.50216 -7.06 -1
      vertex -5.61216 -11.216 -1
    endloop
  endfacet
  facet normal 0 0 1
    outer loop
      vertex -5.77057 -6.556 -1
      vertex -5.62977 -6.88239 -1
      vertex -5.68256 -6.71539 -1
    endloop
  endfacet
  facet normal 0 0 1
    outer loop
      vertex -8.50216 -11.22 -1
      vertex -5.61216 -11.216 -1
      vertex -8.50216 -7.06 -1
    endloop
  endfacet
  facet normal 0 0 1
    outer loop
      vertex -5.61216 -7.05699 -1
      vertex -5.77057 -6.556 -1
      vertex -5.89376 -6.40419 -1
    endloop
  endfacet
  facet normal 0 -0 1
    outer loop
      vertex -6.84175 -12.3577 -1
      vertex -5.61216 -11.216 -1
      vertex -8.50216 -11.22 -1
    endloop
  endfacet
  facet normal 0 0 1
    outer loop
      vertex -5.61216 -7.05699 -1
      vertex -5.89376 -6.40419 -1
      vertex -6.05215 -6.25999 -1
    endloop
  endfacet
  facet normal 0 -0 1
    outer loop
      vertex -6.23651 -12.1429 -1
      vertex -5.61216 -11.216 -1
      vertex -6.42956 -12.2431 -1
    endloop
  endfacet
  facet normal 0 0 1
    outer loop
      vertex -5.61216 -7.05699 -1
      vertex -6.05215 -6.25999 -1
      vertex -6.23371 -6.13327 -1
    endloop
  endfacet
  facet normal 0 -0 1
    outer loop
      vertex -5.89376 -11.8694 -1
      vertex -5.61216 -11.216 -1
      vertex -6.05215 -12.014 -1
    endloop
  endfacet
  facet normal 0 0 1
    outer loop
      vertex -5.61216 -7.05699 -1
      vertex -6.23371 -6.13327 -1
      vertex -6.42536 -6.03471 -1
    endloop
  endfacet
  facet normal 0 0 1
    outer loop
      vertex -5.61216 -11.216 -1
      vertex -5.77057 -11.7173 -1
      vertex -5.62977 -11.3906 -1
    endloop
  endfacet
  facet normal 0 0 1
    outer loop
      vertex -5.61216 -7.05699 -1
      vertex -6.42536 -6.03471 -1
      vertex -6.6271 -5.96431 -1
    endloop
  endfacet
  facet normal 0 0 1
    outer loop
      vertex -5.62977 -11.3906 -1
      vertex -5.77057 -11.7173 -1
      vertex -5.68256 -11.5578 -1
    endloop
  endfacet
  facet normal 0 0 1
    outer loop
      vertex -6.83895 -5.92207 -1
      vertex -5.61216 -7.05699 -1
      vertex -6.6271 -5.96431 -1
    endloop
  endfacet
  facet normal 0 -0 1
    outer loop
      vertex -5.77057 -11.7173 -1
      vertex -5.61216 -11.216 -1
      vertex -5.89376 -11.8694 -1
    endloop
  endfacet
  facet normal 0 0 1
    outer loop
      vertex -5.61216 -7.05699 -1
      vertex -6.83895 -5.92207 -1
      vertex -8.50216 -7.06 -1
    endloop
  endfacet
  facet normal 0 -0 1
    outer loop
      vertex -6.05215 -12.014 -1
      vertex -5.61216 -11.216 -1
      vertex -6.23651 -12.1429 -1
    endloop
  endfacet
  facet normal 0 0 1
    outer loop
      vertex -8.50216 -7.06 -1
      vertex -6.83895 -5.92207 -1
      vertex -7.06091 -5.90799 -1
    endloop
  endfacet
  facet normal 0 0 1
    outer loop
      vertex -5.61216 -11.216 -1
      vertex -6.63132 -12.3147 -1
      vertex -6.42956 -12.2431 -1
    endloop
  endfacet
  facet normal 0 0 1
    outer loop
      vertex -8.50216 -7.06 -1
      vertex -7.06091 -5.90799 -1
      vertex -7.2763 -5.92183 -1
    endloop
  endfacet
  facet normal 0 0 1
    outer loop
      vertex -5.61216 -11.216 -1
      vertex -6.84175 -12.3577 -1
      vertex -6.63132 -12.3147 -1
    endloop
  endfacet
  facet normal 0 0 1
    outer loop
      vertex -8.50216 -7.06 -1
      vertex -7.2763 -5.92183 -1
      vertex -7.48152 -5.96335 -1
    endloop
  endfacet
  facet normal 0 0 1
    outer loop
      vertex -6.84175 -12.3577 -1
      vertex -8.50216 -11.22 -1
      vertex -7.06091 -12.372 -1
    endloop
  endfacet
  facet normal 0 0 1
    outer loop
      vertex -8.50216 -7.06 -1
      vertex -7.48152 -5.96335 -1
      vertex -7.6765 -6.03255 -1
    endloop
  endfacet
  facet normal 0 0 1
    outer loop
      vertex -7.06091 -12.372 -1
      vertex -8.50216 -11.22 -1
      vertex -7.27911 -12.358 -1
    endloop
  endfacet
  facet normal 0 0 1
    outer loop
      vertex -8.50216 -7.06 -1
      vertex -7.6765 -6.03255 -1
      vertex -7.86131 -6.12943 -1
    endloop
  endfacet
  facet normal 0 0 1
    outer loop
      vertex -7.27911 -12.358 -1
      vertex -8.50216 -11.22 -1
      vertex -7.48571 -12.316 -1
    endloop
  endfacet
  facet normal 0 0 1
    outer loop
      vertex -8.50216 -7.06 -1
      vertex -7.86131 -6.12943 -1
      vertex -8.03591 -6.254 -1
    endloop
  endfacet
  facet normal 0 0 1
    outer loop
      vertex -7.48571 -12.316 -1
      vertex -8.50216 -11.22 -1
      vertex -7.6807 -12.246 -1
    endloop
  endfacet
  facet normal 0 0 1
    outer loop
      vertex -8.50216 -7.06 -1
      vertex -8.03591 -6.254 -1
      vertex -8.18735 -6.39247 -1
    endloop
  endfacet
  facet normal 0 0 1
    outer loop
      vertex -7.6807 -12.246 -1
      vertex -8.50216 -11.22 -1
      vertex -7.86411 -12.148 -1
    endloop
  endfacet
  facet normal 0 0 1
    outer loop
      vertex -8.50216 -7.06 -1
      vertex -8.18735 -6.39247 -1
      vertex -8.30971 -6.54231 -1
    endloop
  endfacet
  facet normal 0 0 1
    outer loop
      vertex -7.86411 -12.148 -1
      vertex -8.50216 -11.22 -1
      vertex -8.03591 -12.022 -1
    endloop
  endfacet
  facet normal 0 0 1
    outer loop
      vertex -8.50216 -7.06 -1
      vertex -8.30971 -6.54231 -1
      vertex -8.40296 -6.70351 -1
    endloop
  endfacet
  facet normal 0 0 1
    outer loop
      vertex -8.03591 -12.022 -1
      vertex -8.50216 -11.22 -1
      vertex -8.18735 -11.8843 -1
    endloop
  endfacet
  facet normal 0 0 1
    outer loop
      vertex -8.50216 -7.06 -1
      vertex -8.40296 -6.70351 -1
      vertex -8.4671 -6.87607 -1
    endloop
  endfacet
  facet normal 0 0 1
    outer loop
      vertex -8.18735 -11.8843 -1
      vertex -8.50216 -11.22 -1
      vertex -8.30971 -11.7353 -1
    endloop
  endfacet
  facet normal 0 0 1
    outer loop
      vertex -8.30971 -11.7353 -1
      vertex -8.50216 -11.22 -1
      vertex -8.40296 -11.5749 -1
    endloop
  endfacet
  facet normal 0 0 1
    outer loop
      vertex -8.40296 -11.5749 -1
      vertex -8.50216 -11.22 -1
      vertex -8.4671 -11.4031 -1
    endloop
  endfacet
  facet normal -0 0 1
    outer loop
      vertex -10.2397 -7.06 -1
      vertex -8.50216 -11.22 -1
      vertex -8.50216 -7.06 -1
    endloop
  endfacet
  facet normal 0 0 1
    outer loop
      vertex -8.50216 -11.22 -1
      vertex -10.2397 -7.06 -1
      vertex -10.2397 -11.22 -1
    endloop
  endfacet
  facet normal -0 0 1
    outer loop
      vertex -20.9694 -8.70627 -1
      vertex -20.6622 -12.372 -1
      vertex -20.9497 -8.467 -1
    endloop
  endfacet
  facet normal -0 0 1
    outer loop
      vertex -21.0283 -8.9201 -1
      vertex -20.6622 -12.372 -1
      vertex -20.9694 -8.70627 -1
    endloop
  endfacet
  facet normal -0 0 1
    outer loop
      vertex -21.1266 -9.10851 -1
      vertex -20.6622 -12.372 -1
      vertex -21.0283 -8.9201 -1
    endloop
  endfacet
  facet normal -0 0 1
    outer loop
      vertex -21.2641 -9.27147 -1
      vertex -20.6622 -12.372 -1
      vertex -21.1266 -9.10851 -1
    endloop
  endfacet
  facet normal -0 0 1
    outer loop
      vertex -21.441 -9.409 -1
      vertex -20.6622 -12.372 -1
      vertex -21.2641 -9.27147 -1
    endloop
  endfacet
  facet normal -0 0 1
    outer loop
      vertex -21.498 -9.43575 -1
      vertex -20.6622 -12.372 -1
      vertex -21.441 -9.409 -1
    endloop
  endfacet
  facet normal -0 0 1
    outer loop
      vertex -21.641 -9.50003 -1
      vertex -20.6622 -12.372 -1
      vertex -21.498 -9.43575 -1
    endloop
  endfacet
  facet normal -0 0 1
    outer loop
      vertex -21.87 -9.60184 -1
      vertex -20.6622 -12.372 -1
      vertex -21.641 -9.50003 -1
    endloop
  endfacet
  facet normal -0 0 1
    outer loop
      vertex -22.185 -9.74115 -1
      vertex -20.6622 -12.372 -1
      vertex -21.87 -9.60184 -1
    endloop
  endfacet
  facet normal 0 0 1
    outer loop
      vertex -22.185 -9.74115 -1
      vertex -22.3997 -12.372 -1
      vertex -20.6622 -12.372 -1
    endloop
  endfacet
  facet normal -0 0 1
    outer loop
      vertex -22.586 -9.918 -1
      vertex -22.3997 -12.372 -1
      vertex -22.185 -9.74115 -1
    endloop
  endfacet
  facet normal -0 0 1
    outer loop
      vertex -23.0405 -10.1496 -1
      vertex -22.3997 -12.372 -1
      vertex -22.586 -9.918 -1
    endloop
  endfacet
  facet normal 0 0 1
    outer loop
      vertex -22.3997 -12.372 -1
      vertex -23.0405 -10.1496 -1
      vertex -22.6157 -12.3576 -1
    endloop
  endfacet
  facet normal 0 0 1
    outer loop
      vertex -22.6157 -12.3576 -1
      vertex -23.0405 -10.1496 -1
      vertex -22.8237 -12.3146 -1
    endloop
  endfacet
  facet normal 0 0 1
    outer loop
      vertex -22.8237 -12.3146 -1
      vertex -23.0405 -10.1496 -1
      vertex -23.0237 -12.2428 -1
    endloop
  endfacet
  facet normal -0 0 1
    outer loop
      vertex -23.394 -10.395 -1
      vertex -23.0237 -12.2428 -1
      vertex -23.0405 -10.1496 -1
    endloop
  endfacet
  facet normal 0 0 1
    outer loop
      vertex -23.0237 -12.2428 -1
      vertex -23.394 -10.395 -1
      vertex -23.2157 -12.1422 -1
    endloop
  endfacet
  facet normal 0 0 1
    outer loop
      vertex -23.394 -10.395 -1
      vertex -23.3997 -12.013 -1
      vertex -23.2157 -12.1422 -1
    endloop
  endfacet
  facet normal 0 0 1
    outer loop
      vertex -23.394 -10.395 -1
      vertex -23.5613 -11.8658 -1
      vertex -23.3997 -12.013 -1
    endloop
  endfacet
  facet normal -0 0 1
    outer loop
      vertex -23.6464 -10.6539 -1
      vertex -23.5613 -11.8658 -1
      vertex -23.394 -10.395 -1
    endloop
  endfacet
  facet normal 0 0 1
    outer loop
      vertex -23.6464 -10.6539 -1
      vertex -23.6869 -11.7122 -1
      vertex -23.5613 -11.8658 -1
    endloop
  endfacet
  facet normal 0 0 1
    outer loop
      vertex -23.6464 -10.6539 -1
      vertex -23.7767 -11.5522 -1
      vertex -23.6869 -11.7122 -1
    endloop
  endfacet
  facet normal -0 0 1
    outer loop
      vertex -23.7979 -10.9266 -1
      vertex -23.7767 -11.5522 -1
      vertex -23.6464 -10.6539 -1
    endloop
  endfacet
  facet normal 0 0 1
    outer loop
      vertex -23.7979 -10.9266 -1
      vertex -23.8305 -11.3858 -1
      vertex -23.7767 -11.5522 -1
    endloop
  endfacet
  facet normal 0 -0 1
    outer loop
      vertex -23.8305 -11.3858 -1
      vertex -23.7979 -10.9266 -1
      vertex -23.8485 -11.213 -1
    endloop
  endfacet
  facet normal 0 0 1
    outer loop
      vertex -25.5785 -11.346 -1
      vertex -28.5016 -12.372 -1
      vertex -26.1866 -12.372 -1
    endloop
  endfacet
  facet normal 0 0 1
    outer loop
      vertex 9.49511 -6.55859 -1
      vertex 9.65395 -7.062 -1
      vertex 9.63631 -6.8866 -1
    endloop
  endfacet
  facet normal 0 0 1
    outer loop
      vertex 11.3927 -7.049 -1
      vertex 16.2274 -5.90799 -1
      vertex 12.3199 -5.90799 -1
    endloop
  endfacet
  facet normal 0 0 1
    outer loop
      vertex 25.88 -12.855 -1
      vertex 34.6 0 -1
      vertex 25.88 -4.5 -1
    endloop
  endfacet
  facet normal 0 0 1
    outer loop
      vertex 34.6 0 -1
      vertex 24.1413 -4.5 -1
      vertex 25.88 -4.5 -1
    endloop
  endfacet
  facet normal 0 0 1
    outer loop
      vertex 24.1413 -4.5 -1
      vertex 22.3714 -8.60712 -1
      vertex 24.1413 -8.21199 -1
    endloop
  endfacet
  facet normal -0 0 1
    outer loop
      vertex 17.9662 -5.431 -1
      vertex 22.3714 -8.60712 -1
      vertex 24.1413 -4.5 -1
    endloop
  endfacet
  facet normal 0 0 1
    outer loop
      vertex 22.3714 -8.60712 -1
      vertex 17.9662 -5.431 -1
      vertex 20.9949 -9.11807 -1
    endloop
  endfacet
  facet normal 0 0 1
    outer loop
      vertex 20.9949 -9.11807 -1
      vertex 17.9662 -5.431 -1
      vertex 20.0116 -9.74487 -1
    endloop
  endfacet
  facet normal 0 0 1
    outer loop
      vertex 19.4217 -10.4875 -1
      vertex 17.9662 -5.431 -1
      vertex 19.225 -11.346 -1
    endloop
  endfacet
  facet normal 0 0 1
    outer loop
      vertex 20.0116 -9.74487 -1
      vertex 17.9662 -5.431 -1
      vertex 19.4217 -10.4875 -1
    endloop
  endfacet
  facet normal 0 0 1
    outer loop
      vertex 16.9859 -4.51115 -1
      vertex 24.1413 -4.5 -1
      vertex 34.6 0 -1
    endloop
  endfacet
  facet normal 0 0 1
    outer loop
      vertex 24.1413 -4.5 -1
      vertex 17.9523 -5.28523 -1
      vertex 17.9662 -5.431 -1
    endloop
  endfacet
  facet normal 0 0 1
    outer loop
      vertex 24.1413 -4.5 -1
      vertex 17.9106 -5.14716 -1
      vertex 17.9523 -5.28523 -1
    endloop
  endfacet
  facet normal 0 0 1
    outer loop
      vertex 24.1413 -4.5 -1
      vertex 17.8411 -5.01675 -1
      vertex 17.9106 -5.14716 -1
    endloop
  endfacet
  facet normal 0 0 1
    outer loop
      vertex 24.1413 -4.5 -1
      vertex 17.7438 -4.89403 -1
      vertex 17.8411 -5.01675 -1
    endloop
  endfacet
  facet normal 0 0 1
    outer loop
      vertex 24.1413 -4.5 -1
      vertex 17.6187 -4.77899 -1
      vertex 17.7438 -4.89403 -1
    endloop
  endfacet
  facet normal 0 0 1
    outer loop
      vertex 24.1413 -4.5 -1
      vertex 17.4749 -4.67856 -1
      vertex 17.6187 -4.77899 -1
    endloop
  endfacet
  facet normal 0 0 1
    outer loop
      vertex 24.1413 -4.5 -1
      vertex 17.3215 -4.60043 -1
      vertex 17.4749 -4.67856 -1
    endloop
  endfacet
  facet normal 0 0 1
    outer loop
      vertex 24.1413 -4.5 -1
      vertex 17.1585 -4.54463 -1
      vertex 17.3215 -4.60043 -1
    endloop
  endfacet
  facet normal 0 0 1
    outer loop
      vertex 24.1413 -4.5 -1
      vertex 16.9859 -4.51115 -1
      vertex 17.1585 -4.54463 -1
    endloop
  endfacet
  facet normal 0 0 1
    outer loop
      vertex 34.6 0 -1
      vertex 16.8037 -4.5 -1
      vertex 16.9859 -4.51115 -1
    endloop
  endfacet
  facet normal 0 0 1
    outer loop
      vertex 34.6 0 -1
      vertex 12.3199 -4.5 -1
      vertex 16.8037 -4.5 -1
    endloop
  endfacet
  facet normal 0 0 1
    outer loop
      vertex 11.048 -5.93167 -1
      vertex 12.3199 -5.90799 -1
      vertex 12.3199 -4.5 -1
    endloop
  endfacet
  facet normal 0 0 1
    outer loop
      vertex 12.3199 -5.90799 -1
      vertex 11.3544 -6.66031 -1
      vertex 11.3927 -7.049 -1
    endloop
  endfacet
  facet normal 0 0 1
    outer loop
      vertex 12.3199 -5.90799 -1
      vertex 11.2395 -6.28787 -1
      vertex 11.3544 -6.66031 -1
    endloop
  endfacet
  facet normal 0 0 1
    outer loop
      vertex 12.3199 -5.90799 -1
      vertex 11.048 -5.93167 -1
      vertex 11.2395 -6.28787 -1
    endloop
  endfacet
  facet normal 0 0 1
    outer loop
      vertex 12.3199 -4.5 -1
      vertex 10.7799 -5.59171 -1
      vertex 11.048 -5.93167 -1
    endloop
  endfacet
  facet normal 0 0 1
    outer loop
      vertex 12.3199 -4.5 -1
      vertex 10.4352 -5.26799 -1
      vertex 10.7799 -5.59171 -1
    endloop
  endfacet
  facet normal 0 0 1
    outer loop
      vertex 12.3199 -4.5 -1
      vertex 10.0312 -4.99152 -1
      vertex 10.4352 -5.26799 -1
    endloop
  endfacet
  facet normal 0 0 1
    outer loop
      vertex 12.3199 -4.5 -1
      vertex 9.60621 -4.77647 -1
      vertex 10.0312 -4.99152 -1
    endloop
  endfacet
  facet normal 0 0 1
    outer loop
      vertex 8.2052 -4.5 -1
      vertex 12.3199 -4.5 -1
      vertex 34.6 0 -1
    endloop
  endfacet
  facet normal 0 0 1
    outer loop
      vertex 12.3199 -4.5 -1
      vertex 9.1602 -4.62288 -1
      vertex 9.60621 -4.77647 -1
    endloop
  endfacet
  facet normal 0 0 1
    outer loop
      vertex 12.3199 -4.5 -1
      vertex 8.6932 -4.53072 -1
      vertex 9.1602 -4.62288 -1
    endloop
  endfacet
  facet normal 0 0 1
    outer loop
      vertex 12.3199 -4.5 -1
      vertex 8.2052 -4.5 -1
      vertex 8.6932 -4.53072 -1
    endloop
  endfacet
  facet normal 0 0 1
    outer loop
      vertex 0.572148 -4.5 -1
      vertex 8.2052 -4.5 -1
      vertex 34.6 0 -1
    endloop
  endfacet
  facet normal 0 0 1
    outer loop
      vertex 3.14684 -9.50412 -1
      vertex 5.02646 -7.049 -1
      vertex 3.75965 -7.06 -1
    endloop
  endfacet
  facet normal 0 0 1
    outer loop
      vertex 5.0651 -6.65584 -1
      vertex 3.75965 -7.06 -1
      vertex 5.02646 -7.049 -1
    endloop
  endfacet
  facet normal 0 0 1
    outer loop
      vertex 3.7067 -6.66524 -1
      vertex 5.0651 -6.65584 -1
      vertex 5.18105 -6.28116 -1
    endloop
  endfacet
  facet normal 0 0 1
    outer loop
      vertex 3.58185 -6.28896 -1
      vertex 5.18105 -6.28116 -1
      vertex 5.3743 -5.92496 -1
    endloop
  endfacet
  facet normal -0 0 1
    outer loop
      vertex 3.11646 -5.59183 -1
      vertex 5.3743 -5.92496 -1
      vertex 5.64486 -5.58723 -1
    endloop
  endfacet
  facet normal -0 0 1
    outer loop
      vertex 2.7759 -5.271 -1
      vertex 5.64486 -5.58723 -1
      vertex 5.9927 -5.26799 -1
    endloop
  endfacet
  facet normal 0 0 1
    outer loop
      vertex 5.0651 -6.65584 -1
      vertex 3.7067 -6.66524 -1
      vertex 3.75965 -7.06 -1
    endloop
  endfacet
  facet normal -0 0 1
    outer loop
      vertex 2.38695 -4.99344 -1
      vertex 5.9927 -5.26799 -1
      vertex 6.3876 -4.99152 -1
    endloop
  endfacet
  facet normal 0 0 1
    outer loop
      vertex 5.18105 -6.28116 -1
      vertex 3.58185 -6.28896 -1
      vertex 3.7067 -6.66524 -1
    endloop
  endfacet
  facet normal 0 0 1
    outer loop
      vertex 2.38695 -4.99344 -1
      vertex 6.3876 -4.99152 -1
      vertex 6.8063 -4.77647 -1
    endloop
  endfacet
  facet normal 0 0 1
    outer loop
      vertex 5.3743 -5.92496 -1
      vertex 3.38511 -5.93115 -1
      vertex 3.58185 -6.28896 -1
    endloop
  endfacet
  facet normal 0 0 1
    outer loop
      vertex 1.9721 -4.77756 -1
      vertex 6.8063 -4.77647 -1
      vertex 7.2488 -4.62288 -1
    endloop
  endfacet
  facet normal 0 0 1
    outer loop
      vertex 5.3743 -5.92496 -1
      vertex 3.11646 -5.59183 -1
      vertex 3.38511 -5.93115 -1
    endloop
  endfacet
  facet normal 0 0 1
    outer loop
      vertex 5.64486 -5.58723 -1
      vertex 2.7759 -5.271 -1
      vertex 3.11646 -5.59183 -1
    endloop
  endfacet
  facet normal 0 0 1
    outer loop
      vertex 1.53135 -4.62335 -1
      vertex 7.2488 -4.62288 -1
      vertex 7.71511 -4.53072 -1
    endloop
  endfacet
  facet normal 0 0 1
    outer loop
      vertex 8.2052 -4.5 -1
      vertex 0.572148 -4.5 -1
      vertex 7.71511 -4.53072 -1
    endloop
  endfacet
  facet normal 0 0 1
    outer loop
      vertex 5.9927 -5.26799 -1
      vertex 2.38695 -4.99344 -1
      vertex 2.7759 -5.271 -1
    endloop
  endfacet
  facet normal 0 0 1
    outer loop
      vertex 6.8063 -4.77647 -1
      vertex 1.9721 -4.77756 -1
      vertex 2.38695 -4.99344 -1
    endloop
  endfacet
  facet normal 0 0 1
    outer loop
      vertex 7.2488 -4.62288 -1
      vertex 1.53135 -4.62335 -1
      vertex 1.9721 -4.77756 -1
    endloop
  endfacet
  facet normal 0 0 1
    outer loop
      vertex 7.71511 -4.53072 -1
      vertex 1.0647 -4.53084 -1
      vertex 1.53135 -4.62335 -1
    endloop
  endfacet
  facet normal 0 0 1
    outer loop
      vertex 7.71511 -4.53072 -1
      vertex 0.572148 -4.5 -1
      vertex 1.0647 -4.53084 -1
    endloop
  endfacet
  facet normal 0 0 1
    outer loop
      vertex -7.06091 -4.5 -1
      vertex 0.572148 -4.5 -1
      vertex 34.6 0 -1
    endloop
  endfacet
  facet normal -0 0 1
    outer loop
      vertex -3.8734 -7.049 -1
      vertex -2.6066 -7.27399 -1
      vertex -2.6066 -7.03799 -1
    endloop
  endfacet
  facet normal 0 0 1
    outer loop
      vertex -2.45201 -8.03767 -1
      vertex -3.8734 -7.049 -1
      vertex -3.8734 -11.231 -1
    endloop
  endfacet
  facet normal -0 0 1
    outer loop
      vertex -3.91176 -6.66031 -1
      vertex -2.6066 -7.03799 -1
      vertex -2.56796 -6.64644 -1
    endloop
  endfacet
  facet normal -0 0 1
    outer loop
      vertex -4.02681 -6.28787 -1
      vertex -2.56796 -6.64644 -1
      vertex -2.45201 -6.27335 -1
    endloop
  endfacet
  facet normal -0 0 1
    outer loop
      vertex -4.21856 -5.93167 -1
      vertex -2.45201 -6.27335 -1
      vertex -2.25876 -5.91875 -1
    endloop
  endfacet
  facet normal -0 0 1
    outer loop
      vertex -4.48702 -5.59171 -1
      vertex -2.25876 -5.91875 -1
      vertex -1.9882 -5.58263 -1
    endloop
  endfacet
  facet normal -0 0 1
    outer loop
      vertex -4.83215 -5.26799 -1
      vertex -1.9882 -5.58263 -1
      vertex -1.64036 -5.265 -1
    endloop
  endfacet
  facet normal 0 0 1
    outer loop
      vertex -2.6066 -7.03799 -1
      vertex -3.91176 -6.66031 -1
      vertex -3.8734 -7.049 -1
    endloop
  endfacet
  facet normal 0 0 1
    outer loop
      vertex -4.83215 -5.26799 -1
      vertex -1.64036 -5.265 -1
      vertex -1.24546 -4.98959 -1
    endloop
  endfacet
  facet normal 0 0 1
    outer loop
      vertex -2.56796 -6.64644 -1
      vertex -4.02681 -6.28787 -1
      vertex -3.91176 -6.66031 -1
    endloop
  endfacet
  facet normal 0 0 1
    outer loop
      vertex -5.23571 -4.99152 -1
      vertex -1.24546 -4.98959 -1
      vertex -0.826757 -4.77539 -1
    endloop
  endfacet
  facet normal 0 0 1
    outer loop
      vertex -2.45201 -6.27335 -1
      vertex -4.21856 -5.93167 -1
      vertex -4.02681 -6.28787 -1
    endloop
  endfacet
  facet normal 0 0 1
    outer loop
      vertex -5.66036 -4.77647 -1
      vertex -0.826757 -4.77539 -1
      vertex -0.384253 -4.62239 -1
    endloop
  endfacet
  facet normal 0 0 1
    outer loop
      vertex -2.25876 -5.91875 -1
      vertex -4.48702 -5.59171 -1
      vertex -4.21856 -5.93167 -1
    endloop
  endfacet
  facet normal 0 0 1
    outer loop
      vertex -1.9882 -5.58263 -1
      vertex -4.83215 -5.26799 -1
      vertex -4.48702 -5.59171 -1
    endloop
  endfacet
  facet normal 0 0 1
    outer loop
      vertex -6.10611 -4.62288 -1
      vertex -0.384253 -4.62239 -1
      vertex 0.0820551 -4.53059 -1
    endloop
  endfacet
  facet normal 0 0 1
    outer loop
      vertex -1.24546 -4.98959 -1
      vertex -5.23571 -4.99152 -1
      vertex -4.83215 -5.26799 -1
    endloop
  endfacet
  facet normal 0 0 1
    outer loop
      vertex 0.572148 -4.5 -1
      vertex -7.06091 -4.5 -1
      vertex 0.0820551 -4.53059 -1
    endloop
  endfacet
  facet normal 0 0 1
    outer loop
      vertex -0.826757 -4.77539 -1
      vertex -5.66036 -4.77647 -1
      vertex -5.23571 -4.99152 -1
    endloop
  endfacet
  facet normal 0 0 1
    outer loop
      vertex -0.384253 -4.62239 -1
      vertex -6.10611 -4.62288 -1
      vertex -5.66036 -4.77647 -1
    endloop
  endfacet
  facet normal 0 0 1
    outer loop
      vertex 0.0820551 -4.53059 -1
      vertex -6.57295 -4.53072 -1
      vertex -6.10611 -4.62288 -1
    endloop
  endfacet
  facet normal 0 0 1
    outer loop
      vertex 0.0820551 -4.53059 -1
      vertex -7.06091 -4.5 -1
      vertex -6.57295 -4.53072 -1
    endloop
  endfacet
  facet normal -0 0 1
    outer loop
      vertex -41.3 0 -1
      vertex -7.06091 -4.5 -1
      vertex 34.6 0 -1
    endloop
  endfacet
  facet normal 0 0 1
    outer loop
      vertex -13.364 -12.855 -1
      vertex -10.2397 -7.06 -1
      vertex -10.439 -4.5 -1
    endloop
  endfacet
  facet normal 0 0 1
    outer loop
      vertex -10.1927 -6.66075 -1
      vertex -10.439 -4.5 -1
      vertex -10.2397 -7.06 -1
    endloop
  endfacet
  facet normal 0 0 1
    outer loop
      vertex -10.0717 -6.28223 -1
      vertex -10.439 -4.5 -1
      vertex -10.1927 -6.66075 -1
    endloop
  endfacet
  facet normal 0 0 1
    outer loop
      vertex -9.87665 -5.92444 -1
      vertex -10.439 -4.5 -1
      vertex -10.0717 -6.28223 -1
    endloop
  endfacet
  facet normal 0 0 1
    outer loop
      vertex -9.60766 -5.58736 -1
      vertex -10.439 -4.5 -1
      vertex -9.87665 -5.92444 -1
    endloop
  endfacet
  facet normal 0 0 1
    outer loop
      vertex -9.26466 -5.271 -1
      vertex -10.439 -4.5 -1
      vertex -9.60766 -5.58736 -1
    endloop
  endfacet
  facet normal 0 0 1
    outer loop
      vertex -8.8701 -4.99344 -1
      vertex -10.439 -4.5 -1
      vertex -9.26466 -5.271 -1
    endloop
  endfacet
  facet normal 0 0 1
    outer loop
      vertex -8.45245 -4.77756 -1
      vertex -10.439 -4.5 -1
      vertex -8.8701 -4.99344 -1
    endloop
  endfacet
  facet normal 0 0 1
    outer loop
      vertex -8.0117 -4.62335 -1
      vertex -10.439 -4.5 -1
      vertex -8.45245 -4.77756 -1
    endloop
  endfacet
  facet normal 0 0 1
    outer loop
      vertex -7.54785 -4.53084 -1
      vertex -10.439 -4.5 -1
      vertex -8.0117 -4.62335 -1
    endloop
  endfacet
  facet normal 0 -0 1
    outer loop
      vertex -10.439 -4.5 -1
      vertex -7.06091 -4.5 -1
      vertex -41.3 0 -1
    endloop
  endfacet
  facet normal 0 0 1
    outer loop
      vertex -7.06091 -4.5 -1
      vertex -10.439 -4.5 -1
      vertex -7.54785 -4.53084 -1
    endloop
  endfacet
  facet normal 0 0 1
    outer loop
      vertex -12.2365 -4.5 -1
      vertex -16.2115 -6.54799 -1
      vertex -12.974 -6.54799 -1
    endloop
  endfacet
  facet normal 0 0 1
    outer loop
      vertex -12.2365 -4.5 -1
      vertex -16.9315 -4.5 -1
      vertex -16.2115 -6.54799 -1
    endloop
  endfacet
  facet normal 0 0 1
    outer loop
      vertex -10.439 -4.5 -1
      vertex -41.3 0 -1
      vertex -12.2365 -4.5 -1
    endloop
  endfacet
  facet normal 0 0 1
    outer loop
      vertex -12.2365 -4.5 -1
      vertex -41.3 0 -1
      vertex -16.9315 -4.5 -1
    endloop
  endfacet
  facet normal 0 0 1
    outer loop
      vertex -16.9315 -4.5 -1
      vertex -41.3 0 -1
      vertex -18.7465 -4.5 -1
    endloop
  endfacet
  facet normal 0 0 1
    outer loop
      vertex -18.7465 -4.5 -1
      vertex -41.3 0 -1
      vertex -18.9235 -4.5 -1
    endloop
  endfacet
  facet normal 0 0 1
    outer loop
      vertex -20.6622 -4.5 -1
      vertex -20.9497 -8.467 -1
      vertex -20.6622 -12.372 -1
    endloop
  endfacet
  facet normal 0 0 1
    outer loop
      vertex -20.6622 -4.5 -1
      vertex -20.9701 -8.32162 -1
      vertex -20.9497 -8.467 -1
    endloop
  endfacet
  facet normal 0 0 1
    outer loop
      vertex -20.6622 -4.5 -1
      vertex -21.0311 -8.15195 -1
      vertex -20.9701 -8.32162 -1
    endloop
  endfacet
  facet normal 0 0 1
    outer loop
      vertex -20.6622 -4.5 -1
      vertex -21.1328 -7.95795 -1
      vertex -21.0311 -8.15195 -1
    endloop
  endfacet
  facet normal 0 0 1
    outer loop
      vertex -20.6622 -4.5 -1
      vertex -21.2753 -7.73964 -1
      vertex -21.1328 -7.95795 -1
    endloop
  endfacet
  facet normal 0 0 1
    outer loop
      vertex -20.6622 -4.5 -1
      vertex -21.4585 -7.49699 -1
      vertex -21.2753 -7.73964 -1
    endloop
  endfacet
  facet normal 0 0 1
    outer loop
      vertex -20.6622 -4.5 -1
      vertex -23.8485 -4.5 -1
      vertex -21.4585 -7.49699 -1
    endloop
  endfacet
  facet normal 0 0 1
    outer loop
      vertex -18.9235 -4.5 -1
      vertex -41.3 0 -1
      vertex -20.6622 -4.5 -1
    endloop
  endfacet
  facet normal 0 0 1
    outer loop
      vertex -20.6622 -4.5 -1
      vertex -41.3 0 -1
      vertex -23.8485 -4.5 -1
    endloop
  endfacet
  facet normal 0 0 1
    outer loop
      vertex -25.5456 -10.9597 -1
      vertex -28.5016 -12.372 -1
      vertex -25.5785 -11.346 -1
    endloop
  endfacet
  facet normal 0 0 1
    outer loop
      vertex -23.8485 -4.5 -1
      vertex -41.3 0 -1
      vertex -25.8747 -4.5 -1
    endloop
  endfacet
  facet normal 0 0 1
    outer loop
      vertex -25.8747 -4.5 -1
      vertex -41.3 0 -1
      vertex -28.5016 -4.5 -1
    endloop
  endfacet
  facet normal 0 0 1
    outer loop
      vertex -30.2391 -4.5 -1
      vertex -32.5528 -12.372 -1
      vertex -30.2391 -12.372 -1
    endloop
  endfacet
  facet normal 0 0 1
    outer loop
      vertex -41.3 -17.775 -1
      vertex -32.5528 -12.372 -1
      vertex -41.3 0 -1
    endloop
  endfacet
  facet normal 0 0 1
    outer loop
      vertex -30.2391 -4.5 -1
      vertex -41.3 0 -1
      vertex -32.5528 -12.372 -1
    endloop
  endfacet
  facet normal 0 0 1
    outer loop
      vertex -28.5016 -4.5 -1
      vertex -41.3 0 -1
      vertex -30.2391 -4.5 -1
    endloop
  endfacet
  facet normal 0 0 1
    outer loop
      vertex 34.6 0 -1
      vertex 25.88 -12.855 -1
      vertex 34.6 -17.775 -1
    endloop
  endfacet
  facet normal -0 0 1
    outer loop
      vertex 25.8661 -12.9986 -1
      vertex 34.6 -17.775 -1
      vertex 25.88 -12.855 -1
    endloop
  endfacet
  facet normal -0 0 1
    outer loop
      vertex 25.8244 -13.135 -1
      vertex 34.6 -17.775 -1
      vertex 25.8661 -12.9986 -1
    endloop
  endfacet
  facet normal -0 0 1
    outer loop
      vertex 25.7549 -13.2642 -1
      vertex 34.6 -17.775 -1
      vertex 25.8244 -13.135 -1
    endloop
  endfacet
  facet normal -0 0 1
    outer loop
      vertex 25.6576 -13.3862 -1
      vertex 34.6 -17.775 -1
      vertex 25.7549 -13.2642 -1
    endloop
  endfacet
  facet normal -0 0 1
    outer loop
      vertex 25.5325 -13.501 -1
      vertex 34.6 -17.775 -1
      vertex 25.6576 -13.3862 -1
    endloop
  endfacet
  facet normal -0 0 1
    outer loop
      vertex 25.3888 -13.6014 -1
      vertex 34.6 -17.775 -1
      vertex 25.5325 -13.501 -1
    endloop
  endfacet
  facet normal -0 0 1
    outer loop
      vertex 25.2355 -13.6796 -1
      vertex 34.6 -17.775 -1
      vertex 25.3888 -13.6014 -1
    endloop
  endfacet
  facet normal -0 0 1
    outer loop
      vertex 25.0728 -13.7354 -1
      vertex 34.6 -17.775 -1
      vertex 25.2355 -13.6796 -1
    endloop
  endfacet
  facet normal -0 0 1
    outer loop
      vertex 24.9005 -13.7688 -1
      vertex 34.6 -17.775 -1
      vertex 25.0728 -13.7354 -1
    endloop
  endfacet
  facet normal -0 0 1
    outer loop
      vertex 24.7188 -13.78 -1
      vertex 34.6 -17.775 -1
      vertex 24.9005 -13.7688 -1
    endloop
  endfacet
  facet normal -0 0 1
    outer loop
      vertex 22.4038 -13.78 -1
      vertex 34.6 -17.775 -1
      vertex 24.7188 -13.78 -1
    endloop
  endfacet
  facet normal 0 0 1
    outer loop
      vertex 21.9252 -13.7509 -1
      vertex 34.6 -17.775 -1
      vertex 22.4038 -13.78 -1
    endloop
  endfacet
  facet normal 0 0 1
    outer loop
      vertex 17.9662 -13.78 -1
      vertex 21.9252 -13.7509 -1
      vertex 21.4655 -13.6637 -1
    endloop
  endfacet
  facet normal 0 0 1
    outer loop
      vertex 17.9662 -13.78 -1
      vertex 19.225 -11.346 -1
      vertex 17.9662 -5.431 -1
    endloop
  endfacet
  facet normal 0 0 1
    outer loop
      vertex 19.225 -11.346 -1
      vertex 17.9662 -13.78 -1
      vertex 19.264 -11.7298 -1
    endloop
  endfacet
  facet normal 0 0 1
    outer loop
      vertex 17.9662 -13.78 -1
      vertex 19.381 -12.0924 -1
      vertex 19.264 -11.7298 -1
    endloop
  endfacet
  facet normal 0 0 1
    outer loop
      vertex 17.9662 -13.78 -1
      vertex 19.576 -12.4338 -1
      vertex 19.381 -12.0924 -1
    endloop
  endfacet
  facet normal 0 0 1
    outer loop
      vertex 17.9662 -13.78 -1
      vertex 19.849 -12.754 -1
      vertex 19.576 -12.4338 -1
    endloop
  endfacet
  facet normal 0 0 1
    outer loop
      vertex 17.9662 -13.78 -1
      vertex 20.2 -13.053 -1
      vertex 19.849 -12.754 -1
    endloop
  endfacet
  facet normal 0 0 1
    outer loop
      vertex 17.9662 -13.78 -1
      vertex 20.603 -13.3147 -1
      vertex 20.2 -13.053 -1
    endloop
  endfacet
  facet normal 0 0 1
    outer loop
      vertex 17.9662 -13.78 -1
      vertex 21.0248 -13.5183 -1
      vertex 20.603 -13.3147 -1
    endloop
  endfacet
  facet normal 0 0 1
    outer loop
      vertex 17.9662 -13.78 -1
      vertex 21.4655 -13.6637 -1
      vertex 21.0248 -13.5183 -1
    endloop
  endfacet
  facet normal 0 0 1
    outer loop
      vertex 21.9252 -13.7509 -1
      vertex 17.9662 -13.78 -1
      vertex 34.6 -17.775 -1
    endloop
  endfacet
  facet normal -0 0 1
    outer loop
      vertex 16.2274 -13.78 -1
      vertex 34.6 -17.775 -1
      vertex 17.9662 -13.78 -1
    endloop
  endfacet
  facet normal 0 0 1
    outer loop
      vertex 16.2274 -5.90799 -1
      vertex 11.3927 -7.049 -1
      vertex 16.2274 -13.78 -1
    endloop
  endfacet
  facet normal 0 0 1
    outer loop
      vertex 11.3927 -13.78 -1
      vertex 16.2274 -13.78 -1
      vertex 11.3927 -7.049 -1
    endloop
  endfacet
  facet normal -0 0 1
    outer loop
      vertex 11.3927 -13.78 -1
      vertex 34.6 -17.775 -1
      vertex 16.2274 -13.78 -1
    endloop
  endfacet
  facet normal -0 0 1
    outer loop
      vertex 9.65395 -13.78 -1
      vertex 34.6 -17.775 -1
      vertex 11.3927 -13.78 -1
    endloop
  endfacet
  facet normal 0 0 1
    outer loop
      vertex 9.49511 -6.55859 -1
      vertex 9.63631 -6.8866 -1
      vertex 9.58336 -6.7188 -1
    endloop
  endfacet
  facet normal 0 0 1
    outer loop
      vertex 9.65395 -7.062 -1
      vertex 9.49511 -6.55859 -1
      vertex 9.37155 -6.40599 -1
    endloop
  endfacet
  facet normal 0 0 1
    outer loop
      vertex 9.65395 -7.062 -1
      vertex 9.37155 -6.40599 -1
      vertex 9.2127 -6.26099 -1
    endloop
  endfacet
  facet normal 0 0 1
    outer loop
      vertex 9.65395 -7.062 -1
      vertex 9.2127 -6.26099 -1
      vertex 9.0316 -6.13391 -1
    endloop
  endfacet
  facet normal 0 0 1
    outer loop
      vertex 9.65395 -7.062 -1
      vertex 9.0316 -6.13391 -1
      vertex 8.84029 -6.03508 -1
    endloop
  endfacet
  facet normal 0 0 1
    outer loop
      vertex 9.65395 -7.062 -1
      vertex 8.84029 -6.03508 -1
      vertex 8.6388 -5.96448 -1
    endloop
  endfacet
  facet normal 0 0 1
    outer loop
      vertex 8.42711 -5.92212 -1
      vertex 9.65395 -7.062 -1
      vertex 8.6388 -5.96448 -1
    endloop
  endfacet
  facet normal 0 0 1
    outer loop
      vertex 9.65395 -7.062 -1
      vertex 8.42711 -5.92212 -1
      vertex 6.76396 -7.062 -1
    endloop
  endfacet
  facet normal 0 0 1
    outer loop
      vertex 6.76396 -7.062 -1
      vertex 8.42711 -5.92212 -1
      vertex 8.2052 -5.90799 -1
    endloop
  endfacet
  facet normal 0 0 1
    outer loop
      vertex 6.76396 -7.062 -1
      vertex 8.2052 -5.90799 -1
      vertex 7.98601 -5.92212 -1
    endloop
  endfacet
  facet normal 0 0 1
    outer loop
      vertex 6.76396 -7.062 -1
      vertex 7.98601 -5.92212 -1
      vertex 7.77639 -5.96448 -1
    endloop
  endfacet
  facet normal 0 0 1
    outer loop
      vertex 6.76396 -7.062 -1
      vertex 7.77639 -5.96448 -1
      vertex 7.57641 -6.03508 -1
    endloop
  endfacet
  facet normal 0 0 1
    outer loop
      vertex 6.76396 -7.062 -1
      vertex 7.57641 -6.03508 -1
      vertex 7.386 -6.13391 -1
    endloop
  endfacet
  facet normal 0 0 1
    outer loop
      vertex 6.76396 -7.062 -1
      vertex 7.386 -6.13391 -1
      vertex 7.2052 -6.26099 -1
    endloop
  endfacet
  facet normal 0 0 1
    outer loop
      vertex 6.76396 -7.062 -1
      vertex 7.2052 -6.26099 -1
      vertex 7.04636 -6.40599 -1
    endloop
  endfacet
  facet normal 0 0 1
    outer loop
      vertex 6.76396 -7.062 -1
      vertex 7.04636 -6.40599 -1
      vertex 6.9228 -6.55859 -1
    endloop
  endfacet
  facet normal 0 0 1
    outer loop
      vertex 6.76396 -7.062 -1
      vertex 6.9228 -6.55859 -1
      vertex 6.83455 -6.7188 -1
    endloop
  endfacet
  facet normal 0 0 1
    outer loop
      vertex 6.76396 -7.062 -1
      vertex 6.83455 -6.7188 -1
      vertex 6.7816 -6.8866 -1
    endloop
  endfacet
  facet normal 0 0 1
    outer loop
      vertex 9.65395 -7.062 -1
      vertex 6.76396 -7.062 -1
      vertex 9.65395 -13.78 -1
    endloop
  endfacet
  facet normal 0 0 1
    outer loop
      vertex 6.76396 -13.78 -1
      vertex 9.65395 -13.78 -1
      vertex 6.76396 -7.062 -1
    endloop
  endfacet
  facet normal -0 0 1
    outer loop
      vertex 6.76396 -13.78 -1
      vertex 34.6 -17.775 -1
      vertex 9.65395 -13.78 -1
    endloop
  endfacet
  facet normal -0 0 1
    outer loop
      vertex 5.02646 -13.78 -1
      vertex 34.6 -17.775 -1
      vertex 6.76396 -13.78 -1
    endloop
  endfacet
  facet normal 0 0 1
    outer loop
      vertex 5.02646 -7.049 -1
      vertex 3.75965 -10.979 -1
      vertex 5.02646 -13.78 -1
    endloop
  endfacet
  facet normal -0 0 1
    outer loop
      vertex 3.75965 -11.212 -1
      vertex 5.02646 -13.78 -1
      vertex 3.75965 -10.979 -1
    endloop
  endfacet
  facet normal -0 0 1
    outer loop
      vertex 3.72135 -11.6076 -1
      vertex 5.02646 -13.78 -1
      vertex 3.75965 -11.212 -1
    endloop
  endfacet
  facet normal -0 0 1
    outer loop
      vertex 3.60645 -11.9841 -1
      vertex 5.02646 -13.78 -1
      vertex 3.72135 -11.6076 -1
    endloop
  endfacet
  facet normal -0 0 1
    outer loop
      vertex 3.41496 -12.3416 -1
      vertex 5.02646 -13.78 -1
      vertex 3.60645 -11.9841 -1
    endloop
  endfacet
  facet normal -0 0 1
    outer loop
      vertex 3.14684 -12.6798 -1
      vertex 5.02646 -13.78 -1
      vertex 3.41496 -12.3416 -1
    endloop
  endfacet
  facet normal -0 0 1
    outer loop
      vertex 2.80214 -12.999 -1
      vertex 5.02646 -13.78 -1
      vertex 3.14684 -12.6798 -1
    endloop
  endfacet
  facet normal -0 0 1
    outer loop
      vertex 2.40376 -13.2802 -1
      vertex 5.02646 -13.78 -1
      vertex 2.80214 -12.999 -1
    endloop
  endfacet
  facet normal -0 0 1
    outer loop
      vertex 1.98155 -13.4988 -1
      vertex 5.02646 -13.78 -1
      vertex 2.40376 -13.2802 -1
    endloop
  endfacet
  facet normal -0 0 1
    outer loop
      vertex 1.53555 -13.655 -1
      vertex 5.02646 -13.78 -1
      vertex 1.98155 -13.4988 -1
    endloop
  endfacet
  facet normal -0 0 1
    outer loop
      vertex 1.06575 -13.7487 -1
      vertex 5.02646 -13.78 -1
      vertex 1.53555 -13.655 -1
    endloop
  endfacet
  facet normal 0 0 1
    outer loop
      vertex 0.572148 -13.78 -1
      vertex 5.02646 -13.78 -1
      vertex 1.06575 -13.7487 -1
    endloop
  endfacet
  facet normal 0 0 1
    outer loop
      vertex 5.02646 -13.78 -1
      vertex 0.572148 -13.78 -1
      vertex 34.6 -17.775 -1
    endloop
  endfacet
  facet normal 0 0 1
    outer loop
      vertex -7.06091 -13.78 -1
      vertex 0.572148 -13.78 -1
      vertex 0.0827417 -13.7489 -1
    endloop
  endfacet
  facet normal 0 0 1
    outer loop
      vertex -1.9882 -8.72551 -1
      vertex -3.8734 -11.231 -1
      vertex -2.6066 -11.22 -1
    endloop
  endfacet
  facet normal 0 0 1
    outer loop
      vertex -3.91176 -11.6239 -1
      vertex -2.6066 -11.22 -1
      vertex -3.8734 -11.231 -1
    endloop
  endfacet
  facet normal 0 0 1
    outer loop
      vertex -2.6066 -11.22 -1
      vertex -3.91176 -11.6239 -1
      vertex -2.55365 -11.619 -1
    endloop
  endfacet
  facet normal 0 0 1
    outer loop
      vertex -4.02681 -11.9977 -1
      vertex -2.55365 -11.619 -1
      vertex -3.91176 -11.6239 -1
    endloop
  endfacet
  facet normal 0 0 1
    outer loop
      vertex -2.55365 -11.619 -1
      vertex -4.02681 -11.9977 -1
      vertex -2.4288 -11.9966 -1
    endloop
  endfacet
  facet normal 0 0 1
    outer loop
      vertex -2.4288 -11.9966 -1
      vertex -4.02681 -11.9977 -1
      vertex -2.23205 -12.353 -1
    endloop
  endfacet
  facet normal -0 0 1
    outer loop
      vertex -4.21856 -12.3525 -1
      vertex -2.23205 -12.353 -1
      vertex -4.02681 -11.9977 -1
    endloop
  endfacet
  facet normal 0 0 1
    outer loop
      vertex -2.23205 -12.353 -1
      vertex -4.21856 -12.3525 -1
      vertex -1.9634 -12.6882 -1
    endloop
  endfacet
  facet normal 0 0 1
    outer loop
      vertex -4.48702 -12.6883 -1
      vertex -1.9634 -12.6882 -1
      vertex -4.21856 -12.3525 -1
    endloop
  endfacet
  facet normal 0 0 1
    outer loop
      vertex -1.9634 -12.6882 -1
      vertex -4.48702 -12.6883 -1
      vertex -1.62285 -13.002 -1
    endloop
  endfacet
  facet normal 0 0 1
    outer loop
      vertex -4.83215 -13.005 -1
      vertex -1.62285 -13.002 -1
      vertex -4.48702 -12.6883 -1
    endloop
  endfacet
  facet normal 0 0 1
    outer loop
      vertex -1.62285 -13.002 -1
      vertex -4.83215 -13.005 -1
      vertex -1.23424 -13.2821 -1
    endloop
  endfacet
  facet normal 0 0 1
    outer loop
      vertex -5.2305 -13.284 -1
      vertex -1.23424 -13.2821 -1
      vertex -4.83215 -13.005 -1
    endloop
  endfacet
  facet normal 0 0 1
    outer loop
      vertex -1.23424 -13.2821 -1
      vertex -5.2305 -13.284 -1
      vertex -0.820444 -13.4999 -1
    endloop
  endfacet
  facet normal 0 0 1
    outer loop
      vertex -5.65256 -13.501 -1
      vertex -0.820444 -13.4999 -1
      vertex -5.2305 -13.284 -1
    endloop
  endfacet
  facet normal 0 0 1
    outer loop
      vertex -0.820444 -13.4999 -1
      vertex -5.65256 -13.501 -1
      vertex -0.381449 -13.6555 -1
    endloop
  endfacet
  facet normal 0 0 1
    outer loop
      vertex -6.09831 -13.656 -1
      vertex -0.381449 -13.6555 -1
      vertex -5.65256 -13.501 -1
    endloop
  endfacet
  facet normal 0 0 1
    outer loop
      vertex -0.381449 -13.6555 -1
      vertex -6.09831 -13.656 -1
      vertex 0.0827417 -13.7489 -1
    endloop
  endfacet
  facet normal 0 0 1
    outer loop
      vertex -6.56776 -13.749 -1
      vertex 0.0827417 -13.7489 -1
      vertex -6.09831 -13.656 -1
    endloop
  endfacet
  facet normal 0 0 1
    outer loop
      vertex -7.06091 -13.78 -1
      vertex 0.0827417 -13.7489 -1
      vertex -6.56776 -13.749 -1
    endloop
  endfacet
  facet normal 0 0 1
    outer loop
      vertex 0.572148 -13.78 -1
      vertex -7.06091 -13.78 -1
      vertex 34.6 -17.775 -1
    endloop
  endfacet
  facet normal 0 0 1
    outer loop
      vertex -14.5927 -13.78 -1
      vertex -7.06091 -13.78 -1
      vertex -7.55035 -13.7489 -1
    endloop
  endfacet
  facet normal 0 0 1
    outer loop
      vertex -10.2397 -7.06 -1
      vertex -13.364 -12.855 -1
      vertex -10.2397 -11.22 -1
    endloop
  endfacet
  facet normal 0 0 1
    outer loop
      vertex -13.364 -12.855 -1
      vertex -10.1868 -11.619 -1
      vertex -10.2397 -11.22 -1
    endloop
  endfacet
  facet normal 0 0 1
    outer loop
      vertex -13.364 -12.855 -1
      vertex -10.0621 -11.9966 -1
      vertex -10.1868 -11.619 -1
    endloop
  endfacet
  facet normal 0 0 1
    outer loop
      vertex -13.364 -12.855 -1
      vertex -9.86555 -12.353 -1
      vertex -10.0621 -11.9966 -1
    endloop
  endfacet
  facet normal 0 0 1
    outer loop
      vertex -13.364 -12.855 -1
      vertex -9.59726 -12.6882 -1
      vertex -9.86555 -12.353 -1
    endloop
  endfacet
  facet normal 0 0 1
    outer loop
      vertex -13.5187 -13.188 -1
      vertex -9.59726 -12.6882 -1
      vertex -13.364 -12.855 -1
    endloop
  endfacet
  facet normal 0 0 1
    outer loop
      vertex -9.59726 -12.6882 -1
      vertex -13.5187 -13.188 -1
      vertex -9.25716 -13.002 -1
    endloop
  endfacet
  facet normal 0 0 1
    outer loop
      vertex -13.719 -13.447 -1
      vertex -9.25716 -13.002 -1
      vertex -13.5187 -13.188 -1
    endloop
  endfacet
  facet normal 0 0 1
    outer loop
      vertex -9.25716 -13.002 -1
      vertex -13.719 -13.447 -1
      vertex -8.8681 -13.2821 -1
    endloop
  endfacet
  facet normal 0 0 1
    outer loop
      vertex -13.9647 -13.632 -1
      vertex -8.8681 -13.2821 -1
      vertex -13.719 -13.447 -1
    endloop
  endfacet
  facet normal 0 0 1
    outer loop
      vertex -8.8681 -13.2821 -1
      vertex -13.9647 -13.632 -1
      vertex -8.45396 -13.4999 -1
    endloop
  endfacet
  facet normal 0 0 1
    outer loop
      vertex -8.45396 -13.4999 -1
      vertex -13.9647 -13.632 -1
      vertex -8.01472 -13.6555 -1
    endloop
  endfacet
  facet normal 0 0 1
    outer loop
      vertex -14.256 -13.743 -1
      vertex -8.01472 -13.6555 -1
      vertex -13.9647 -13.632 -1
    endloop
  endfacet
  facet normal 0 0 1
    outer loop
      vertex -8.01472 -13.6555 -1
      vertex -14.256 -13.743 -1
      vertex -7.55035 -13.7489 -1
    endloop
  endfacet
  facet normal 0 0 1
    outer loop
      vertex -14.5927 -13.78 -1
      vertex -7.55035 -13.7489 -1
      vertex -14.256 -13.743 -1
    endloop
  endfacet
  facet normal 0 0 1
    outer loop
      vertex -7.06091 -13.78 -1
      vertex -14.5927 -13.78 -1
      vertex -41.3 -17.775 -1
    endloop
  endfacet
  facet normal 0 0 1
    outer loop
      vertex -18.9235 -12.855 -1
      vertex -18.7465 -4.5 -1
      vertex -18.9235 -4.5 -1
    endloop
  endfacet
  facet normal 0 0 1
    outer loop
      vertex -18.7465 -4.5 -1
      vertex -18.9235 -12.855 -1
      vertex -15.8215 -12.855 -1
    endloop
  endfacet
  facet normal 0 0 1
    outer loop
      vertex -18.9374 -12.9986 -1
      vertex -15.8215 -12.855 -1
      vertex -18.9235 -12.855 -1
    endloop
  endfacet
  facet normal 0 0 1
    outer loop
      vertex -18.9791 -13.135 -1
      vertex -15.8215 -12.855 -1
      vertex -18.9374 -12.9986 -1
    endloop
  endfacet
  facet normal 0 0 1
    outer loop
      vertex -15.8215 -12.855 -1
      vertex -18.9791 -13.135 -1
      vertex -15.6719 -13.188 -1
    endloop
  endfacet
  facet normal 0 0 1
    outer loop
      vertex -19.0486 -13.2642 -1
      vertex -15.6719 -13.188 -1
      vertex -18.9791 -13.135 -1
    endloop
  endfacet
  facet normal 0 0 1
    outer loop
      vertex -15.6719 -13.188 -1
      vertex -19.0486 -13.2642 -1
      vertex -15.4743 -13.447 -1
    endloop
  endfacet
  facet normal -0 0 1
    outer loop
      vertex -19.1458 -13.3862 -1
      vertex -15.4743 -13.447 -1
      vertex -19.0486 -13.2642 -1
    endloop
  endfacet
  facet normal 0 0 1
    outer loop
      vertex -19.271 -13.501 -1
      vertex -15.4743 -13.447 -1
      vertex -19.1458 -13.3862 -1
    endloop
  endfacet
  facet normal 0 0 1
    outer loop
      vertex -15.4743 -13.447 -1
      vertex -19.271 -13.501 -1
      vertex -15.2285 -13.632 -1
    endloop
  endfacet
  facet normal -0 0 1
    outer loop
      vertex -19.4147 -13.6014 -1
      vertex -15.2285 -13.632 -1
      vertex -19.271 -13.501 -1
    endloop
  endfacet
  facet normal 0 0 1
    outer loop
      vertex -19.568 -13.6796 -1
      vertex -15.2285 -13.632 -1
      vertex -19.4147 -13.6014 -1
    endloop
  endfacet
  facet normal 0 0 1
    outer loop
      vertex -15.2285 -13.632 -1
      vertex -19.568 -13.6796 -1
      vertex -14.9347 -13.743 -1
    endloop
  endfacet
  facet normal -0 0 1
    outer loop
      vertex -19.7307 -13.7354 -1
      vertex -14.9347 -13.743 -1
      vertex -19.568 -13.6796 -1
    endloop
  endfacet
  facet normal 0 0 1
    outer loop
      vertex -19.903 -13.7688 -1
      vertex -14.9347 -13.743 -1
      vertex -19.7307 -13.7354 -1
    endloop
  endfacet
  facet normal 0 0 1
    outer loop
      vertex -14.9347 -13.743 -1
      vertex -19.903 -13.7688 -1
      vertex -14.5927 -13.78 -1
    endloop
  endfacet
  facet normal 0 0 1
    outer loop
      vertex -20.0847 -13.78 -1
      vertex -14.5927 -13.78 -1
      vertex -19.903 -13.7688 -1
    endloop
  endfacet
  facet normal 0 0 1
    outer loop
      vertex -14.5927 -13.78 -1
      vertex -20.0847 -13.78 -1
      vertex -41.3 -17.775 -1
    endloop
  endfacet
  facet normal 0 0 1
    outer loop
      vertex -41.3 -17.775 -1
      vertex -20.0847 -13.78 -1
      vertex -22.3997 -13.78 -1
    endloop
  endfacet
  facet normal 0 0 1
    outer loop
      vertex -26.1866 -13.78 -1
      vertex -22.3997 -13.78 -1
      vertex -22.8783 -13.7509 -1
    endloop
  endfacet
  facet normal 0 0 1
    outer loop
      vertex -25.4469 -10.5898 -1
      vertex -28.5016 -12.372 -1
      vertex -25.5456 -10.9597 -1
    endloop
  endfacet
  facet normal 0 0 1
    outer loop
      vertex -26.1866 -12.372 -1
      vertex -25.5395 -11.7298 -1
      vertex -25.5785 -11.346 -1
    endloop
  endfacet
  facet normal 0 0 1
    outer loop
      vertex -26.1866 -12.372 -1
      vertex -25.4225 -12.0924 -1
      vertex -25.5395 -11.7298 -1
    endloop
  endfacet
  facet normal -0 0 1
    outer loop
      vertex -26.1866 -12.372 -1
      vertex -25.2274 -12.4338 -1
      vertex -25.4225 -12.0924 -1
    endloop
  endfacet
  facet normal 0 0 1
    outer loop
      vertex -26.1866 -13.78 -1
      vertex -25.2274 -12.4338 -1
      vertex -26.1866 -12.372 -1
    endloop
  endfacet
  facet normal 0 0 1
    outer loop
      vertex -25.2274 -12.4338 -1
      vertex -26.1866 -13.78 -1
      vertex -24.9545 -12.754 -1
    endloop
  endfacet
  facet normal 0 0 1
    outer loop
      vertex -24.9545 -12.754 -1
      vertex -26.1866 -13.78 -1
      vertex -24.6035 -13.053 -1
    endloop
  endfacet
  facet normal 0 0 1
    outer loop
      vertex -24.6035 -13.053 -1
      vertex -26.1866 -13.78 -1
      vertex -24.2005 -13.3147 -1
    endloop
  endfacet
  facet normal 0 0 1
    outer loop
      vertex -24.2005 -13.3147 -1
      vertex -26.1866 -13.78 -1
      vertex -23.7787 -13.5183 -1
    endloop
  endfacet
  facet normal 0 0 1
    outer loop
      vertex -26.1866 -13.78 -1
      vertex -23.3379 -13.6637 -1
      vertex -23.7787 -13.5183 -1
    endloop
  endfacet
  facet normal 0 0 1
    outer loop
      vertex -26.1866 -13.78 -1
      vertex -22.8783 -13.7509 -1
      vertex -23.3379 -13.6637 -1
    endloop
  endfacet
  facet normal 0 0 1
    outer loop
      vertex -22.3997 -13.78 -1
      vertex -26.1866 -13.78 -1
      vertex -41.3 -17.775 -1
    endloop
  endfacet
  facet normal 0 0 1
    outer loop
      vertex -41.3 -17.775 -1
      vertex -26.1866 -13.78 -1
      vertex -32.5528 -13.78 -1
    endloop
  endfacet
  facet normal 0 0 1
    outer loop
      vertex -7.06091 -13.78 -1
      vertex -41.3 -17.775 -1
      vertex 34.6 -17.775 -1
    endloop
  endfacet
  facet normal 0 0 1
    outer loop
      vertex -32.5528 -12.372 -1
      vertex -41.3 -17.775 -1
      vertex -32.5528 -13.78 -1
    endloop
  endfacet
  facet normal 0 0 1
    outer loop
      vertex 24.1413 -8.21199 -0.599999
      vertex 22.9942 -9.78703 -0.599999
      vertex 24.1413 -9.592 -0.599999
    endloop
  endfacet
  facet normal -0 0 1
    outer loop
      vertex 22.3714 -8.60712 -0.599999
      vertex 22.9942 -9.78703 -0.599999
      vertex 24.1413 -8.21199 -0.599999
    endloop
  endfacet
  facet normal 0 0 1
    outer loop
      vertex 22.3714 -8.60712 -0.599999
      vertex 22.1021 -10.0466 -0.599999
      vertex 22.9942 -9.78703 -0.599999
    endloop
  endfacet
  facet normal -0 0 1
    outer loop
      vertex 20.9949 -9.11807 -0.599999
      vertex 22.1021 -10.0466 -0.599999
      vertex 22.3714 -8.60712 -0.599999
    endloop
  endfacet
  facet normal 0 0 1
    outer loop
      vertex 22.1021 -10.0466 -0.599999
      vertex 20.9949 -9.11807 -0.599999
      vertex 21.4648 -10.3706 -0.599999
    endloop
  endfacet
  facet normal -0 0 1
    outer loop
      vertex 20.0116 -9.74487 -0.599999
      vertex 21.4648 -10.3706 -0.599999
      vertex 20.9949 -9.11807 -0.599999
    endloop
  endfacet
  facet normal 0 0 1
    outer loop
      vertex 21.4648 -10.3706 -0.599999
      vertex 20.0116 -9.74487 -0.599999
      vertex 21.0825 -10.759 -0.599999
    endloop
  endfacet
  facet normal -0 0 1
    outer loop
      vertex 19.4217 -10.4875 -0.599999
      vertex 21.0825 -10.759 -0.599999
      vertex 20.0116 -9.74487 -0.599999
    endloop
  endfacet
  facet normal 0 0 1
    outer loop
      vertex 21.0825 -10.759 -0.599999
      vertex 19.4217 -10.4875 -0.599999
      vertex 20.955 -11.212 -0.599999
    endloop
  endfacet
  facet normal 0 0 1
    outer loop
      vertex 20.955 -11.212 -0.599999
      vertex 20.2 -13.053 -0.599999
      vertex 20.603 -13.3147 -0.599999
    endloop
  endfacet
  facet normal 0 0 1
    outer loop
      vertex 20.955 -11.212 -0.599999
      vertex 19.849 -12.754 -0.599999
      vertex 20.2 -13.053 -0.599999
    endloop
  endfacet
  facet normal 0 0 1
    outer loop
      vertex 20.955 -11.212 -0.599999
      vertex 19.576 -12.4338 -0.599999
      vertex 19.849 -12.754 -0.599999
    endloop
  endfacet
  facet normal 0 0 1
    outer loop
      vertex 19.225 -11.346 -0.599999
      vertex 20.955 -11.212 -0.599999
      vertex 19.4217 -10.4875 -0.599999
    endloop
  endfacet
  facet normal 0 0 1
    outer loop
      vertex 20.955 -11.212 -0.599999
      vertex 19.381 -12.0924 -0.599999
      vertex 19.576 -12.4338 -0.599999
    endloop
  endfacet
  facet normal 0 -0 1
    outer loop
      vertex 19.264 -11.7298 -0.599999
      vertex 20.955 -11.212 -0.599999
      vertex 19.225 -11.346 -0.599999
    endloop
  endfacet
  facet normal 0 0 1
    outer loop
      vertex 20.955 -11.212 -0.599999
      vertex 19.264 -11.7298 -0.599999
      vertex 19.381 -12.0924 -0.599999
    endloop
  endfacet
  facet normal -0 0 1
    outer loop
      vertex 24.1413 -8.21199 -0.599999
      vertex 25.88 -12.855 -0.599999
      vertex 25.88 -4.5 -0.599999
    endloop
  endfacet
  facet normal -0 0 1
    outer loop
      vertex 24.1413 -9.592 -0.599999
      vertex 25.88 -12.855 -0.599999
      vertex 24.1413 -8.21199 -0.599999
    endloop
  endfacet
  facet normal -0 0 1
    outer loop
      vertex 24.1413 -12.372 -0.599999
      vertex 25.88 -12.855 -0.599999
      vertex 24.1413 -9.592 -0.599999
    endloop
  endfacet
  facet normal 0 -0 1
    outer loop
      vertex 25.7549 -13.2642 -0.599999
      vertex 25.88 -12.855 -0.599999
      vertex 25.6576 -13.3862 -0.599999
    endloop
  endfacet
  facet normal 0 0 1
    outer loop
      vertex 25.88 -12.855 -0.599999
      vertex 25.7549 -13.2642 -0.599999
      vertex 25.8661 -12.9986 -0.599999
    endloop
  endfacet
  facet normal 0 0 1
    outer loop
      vertex 25.8661 -12.9986 -0.599999
      vertex 25.7549 -13.2642 -0.599999
      vertex 25.8244 -13.135 -0.599999
    endloop
  endfacet
  facet normal 0 0 1
    outer loop
      vertex 25.88 -12.855 -0.599999
      vertex 25.5325 -13.501 -0.599999
      vertex 25.6576 -13.3862 -0.599999
    endloop
  endfacet
  facet normal 0 0 1
    outer loop
      vertex 25.5325 -13.501 -0.599999
      vertex 24.1413 -12.372 -0.599999
      vertex 25.3888 -13.6014 -0.599999
    endloop
  endfacet
  facet normal 0 0 1
    outer loop
      vertex 25.3888 -13.6014 -0.599999
      vertex 24.1413 -12.372 -0.599999
      vertex 25.2355 -13.6796 -0.599999
    endloop
  endfacet
  facet normal 0 0 1
    outer loop
      vertex 25.2355 -13.6796 -0.599999
      vertex 24.1413 -12.372 -0.599999
      vertex 25.0728 -13.7354 -0.599999
    endloop
  endfacet
  facet normal 0 0 1
    outer loop
      vertex 24.1413 -8.21199 -0.599999
      vertex 25.88 -4.5 -0.599999
      vertex 24.1413 -4.5 -0.599999
    endloop
  endfacet
  facet normal 0 -0 1
    outer loop
      vertex 25.5325 -13.501 -0.599999
      vertex 25.88 -12.855 -0.599999
      vertex 24.1413 -12.372 -0.599999
    endloop
  endfacet
  facet normal 0 0 1
    outer loop
      vertex 25.0728 -13.7354 -0.599999
      vertex 24.1413 -12.372 -0.599999
      vertex 24.9005 -13.7688 -0.599999
    endloop
  endfacet
  facet normal 0 0 1
    outer loop
      vertex 24.9005 -13.7688 -0.599999
      vertex 24.1413 -12.372 -0.599999
      vertex 24.7188 -13.78 -0.599999
    endloop
  endfacet
  facet normal 0 0 1
    outer loop
      vertex 22.4038 -13.78 -0.599999
      vertex 24.1413 -12.372 -0.599999
      vertex 22.4038 -12.372 -0.599999
    endloop
  endfacet
  facet normal 0 0 1
    outer loop
      vertex 24.1413 -12.372 -0.599999
      vertex 22.4038 -13.78 -0.599999
      vertex 24.7188 -13.78 -0.599999
    endloop
  endfacet
  facet normal 0 0 1
    outer loop
      vertex 22.1878 -12.3576 -0.599999
      vertex 22.4038 -13.78 -0.599999
      vertex 22.4038 -12.372 -0.599999
    endloop
  endfacet
  facet normal 0 0 1
    outer loop
      vertex 21.9252 -13.7509 -0.599999
      vertex 22.1878 -12.3576 -0.599999
      vertex 21.9798 -12.3146 -0.599999
    endloop
  endfacet
  facet normal 0 0 1
    outer loop
      vertex 22.1878 -12.3576 -0.599999
      vertex 21.9252 -13.7509 -0.599999
      vertex 22.4038 -13.78 -0.599999
    endloop
  endfacet
  facet normal 0 0 1
    outer loop
      vertex 21.4655 -13.6637 -0.599999
      vertex 21.9798 -12.3146 -0.599999
      vertex 21.7798 -12.2428 -0.599999
    endloop
  endfacet
  facet normal 0 0 1
    outer loop
      vertex 21.0248 -13.5183 -0.599999
      vertex 21.7798 -12.2428 -0.599999
      vertex 21.5878 -12.1422 -0.599999
    endloop
  endfacet
  facet normal 0 0 1
    outer loop
      vertex 21.9798 -12.3146 -0.599999
      vertex 21.4655 -13.6637 -0.599999
      vertex 21.9252 -13.7509 -0.599999
    endloop
  endfacet
  facet normal 0 0 1
    outer loop
      vertex 20.603 -13.3147 -0.599999
      vertex 21.5878 -12.1422 -0.599999
      vertex 21.4038 -12.013 -0.599999
    endloop
  endfacet
  facet normal 0 0 1
    outer loop
      vertex 20.603 -13.3147 -0.599999
      vertex 21.4038 -12.013 -0.599999
      vertex 21.2422 -11.8658 -0.599999
    endloop
  endfacet
  facet normal 0 0 1
    outer loop
      vertex 20.603 -13.3147 -0.599999
      vertex 21.2422 -11.8658 -0.599999
      vertex 21.1166 -11.712 -0.599999
    endloop
  endfacet
  facet normal 0 0 1
    outer loop
      vertex 20.603 -13.3147 -0.599999
      vertex 21.1166 -11.712 -0.599999
      vertex 21.0268 -11.5518 -0.599999
    endloop
  endfacet
  facet normal 0 0 1
    outer loop
      vertex 21.7798 -12.2428 -0.599999
      vertex 21.0248 -13.5183 -0.599999
      vertex 21.4655 -13.6637 -0.599999
    endloop
  endfacet
  facet normal 0 0 1
    outer loop
      vertex 20.603 -13.3147 -0.599999
      vertex 21.0268 -11.5518 -0.599999
      vertex 20.973 -11.3851 -0.599999
    endloop
  endfacet
  facet normal 0 0 1
    outer loop
      vertex 20.603 -13.3147 -0.599999
      vertex 20.973 -11.3851 -0.599999
      vertex 20.955 -11.212 -0.599999
    endloop
  endfacet
  facet normal 0 0 1
    outer loop
      vertex 21.5878 -12.1422 -0.599999
      vertex 20.603 -13.3147 -0.599999
      vertex 21.0248 -13.5183 -0.599999
    endloop
  endfacet
  facet normal -0 0 1
    outer loop
      vertex 12.3199 -4.5 -0.599999
      vertex 16.2274 -5.90799 -0.599999
      vertex 16.8037 -4.5 -0.599999
    endloop
  endfacet
  facet normal 0 0 1
    outer loop
      vertex 16.2274 -5.90799 -0.599999
      vertex 12.3199 -4.5 -0.599999
      vertex 12.3199 -5.90799 -0.599999
    endloop
  endfacet
  facet normal 0 0 1
    outer loop
      vertex 17.8411 -5.01675 -0.599999
      vertex 17.9662 -5.431 -0.599999
      vertex 17.9523 -5.28523 -0.599999
    endloop
  endfacet
  facet normal 0 0 1
    outer loop
      vertex 17.8411 -5.01675 -0.599999
      vertex 17.9523 -5.28523 -0.599999
      vertex 17.9106 -5.14716 -0.599999
    endloop
  endfacet
  facet normal 0 0 1
    outer loop
      vertex 17.9662 -5.431 -0.599999
      vertex 17.8411 -5.01675 -0.599999
      vertex 17.7438 -4.89403 -0.599999
    endloop
  endfacet
  facet normal 0 0 1
    outer loop
      vertex 17.6187 -4.77899 -0.599999
      vertex 17.9662 -5.431 -0.599999
      vertex 17.7438 -4.89403 -0.599999
    endloop
  endfacet
  facet normal 0 0 1
    outer loop
      vertex 17.9662 -5.431 -0.599999
      vertex 17.6187 -4.77899 -0.599999
      vertex 16.2274 -5.90799 -0.599999
    endloop
  endfacet
  facet normal 0 0 1
    outer loop
      vertex 16.2274 -5.90799 -0.599999
      vertex 17.6187 -4.77899 -0.599999
      vertex 17.4749 -4.67856 -0.599999
    endloop
  endfacet
  facet normal 0 0 1
    outer loop
      vertex 16.2274 -5.90799 -0.599999
      vertex 17.4749 -4.67856 -0.599999
      vertex 17.3215 -4.60043 -0.599999
    endloop
  endfacet
  facet normal 0 0 1
    outer loop
      vertex 16.2274 -5.90799 -0.599999
      vertex 17.3215 -4.60043 -0.599999
      vertex 17.1585 -4.54463 -0.599999
    endloop
  endfacet
  facet normal 0 0 1
    outer loop
      vertex 16.2274 -5.90799 -0.599999
      vertex 17.1585 -4.54463 -0.599999
      vertex 16.9859 -4.51115 -0.599999
    endloop
  endfacet
  facet normal 0 0 1
    outer loop
      vertex 16.2274 -5.90799 -0.599999
      vertex 16.9859 -4.51115 -0.599999
      vertex 16.8037 -4.5 -0.599999
    endloop
  endfacet
  facet normal 0 0 1
    outer loop
      vertex 17.9662 -5.431 -0.599999
      vertex 16.2274 -5.90799 -0.599999
      vertex 17.9662 -13.78 -0.599999
    endloop
  endfacet
  facet normal 0 0 1
    outer loop
      vertex 17.9662 -13.78 -0.599999
      vertex 16.2274 -5.90799 -0.599999
      vertex 16.2274 -13.78 -0.599999
    endloop
  endfacet
  facet normal 0 0 1
    outer loop
      vertex 11.3544 -6.66031 -0.599999
      vertex 9.63631 -6.8866 -0.599999
      vertex 9.65395 -7.062 -0.599999
    endloop
  endfacet
  facet normal 0 0 1
    outer loop
      vertex 9.0316 -6.13391 -0.599999
      vertex 10.0312 -4.99152 -0.599999
      vertex 9.60621 -4.77647 -0.599999
    endloop
  endfacet
  facet normal 0 0 1
    outer loop
      vertex 10.4352 -5.26799 -0.599999
      vertex 9.58336 -6.7188 -0.599999
      vertex 9.63631 -6.8866 -0.599999
    endloop
  endfacet
  facet normal 0 0 1
    outer loop
      vertex 10.4352 -5.26799 -0.599999
      vertex 9.49511 -6.55859 -0.599999
      vertex 9.58336 -6.7188 -0.599999
    endloop
  endfacet
  facet normal 0 0 1
    outer loop
      vertex 10.4352 -5.26799 -0.599999
      vertex 9.37155 -6.40599 -0.599999
      vertex 9.49511 -6.55859 -0.599999
    endloop
  endfacet
  facet normal 0 0 1
    outer loop
      vertex 10.4352 -5.26799 -0.599999
      vertex 9.2127 -6.26099 -0.599999
      vertex 9.37155 -6.40599 -0.599999
    endloop
  endfacet
  facet normal 0 0 1
    outer loop
      vertex 8.84029 -6.03508 -0.599999
      vertex 9.60621 -4.77647 -0.599999
      vertex 9.1602 -4.62288 -0.599999
    endloop
  endfacet
  facet normal 0 0 1
    outer loop
      vertex 10.0312 -4.99152 -0.599999
      vertex 9.0316 -6.13391 -0.599999
      vertex 9.2127 -6.26099 -0.599999
    endloop
  endfacet
  facet normal 0 0 1
    outer loop
      vertex 9.60621 -4.77647 -0.599999
      vertex 8.84029 -6.03508 -0.599999
      vertex 9.0316 -6.13391 -0.599999
    endloop
  endfacet
  facet normal 0 0 1
    outer loop
      vertex 8.6388 -5.96448 -0.599999
      vertex 9.1602 -4.62288 -0.599999
      vertex 8.6932 -4.53072 -0.599999
    endloop
  endfacet
  facet normal 0 0 1
    outer loop
      vertex 9.1602 -4.62288 -0.599999
      vertex 8.6388 -5.96448 -0.599999
      vertex 8.84029 -6.03508 -0.599999
    endloop
  endfacet
  facet normal 0 0 1
    outer loop
      vertex 8.6932 -4.53072 -0.599999
      vertex 8.42711 -5.92212 -0.599999
      vertex 8.6388 -5.96448 -0.599999
    endloop
  endfacet
  facet normal 0 0 1
    outer loop
      vertex 8.2052 -4.5 -0.599999
      vertex 8.42711 -5.92212 -0.599999
      vertex 8.6932 -4.53072 -0.599999
    endloop
  endfacet
  facet normal 0 0 1
    outer loop
      vertex 8.2052 -4.5 -0.599999
      vertex 8.2052 -5.90799 -0.599999
      vertex 8.42711 -5.92212 -0.599999
    endloop
  endfacet
  facet normal 0 0 1
    outer loop
      vertex 8.2052 -4.5 -0.599999
      vertex 7.98601 -5.92212 -0.599999
      vertex 8.2052 -5.90799 -0.599999
    endloop
  endfacet
  facet normal -0 0 1
    outer loop
      vertex 7.71511 -4.53072 -0.599999
      vertex 7.98601 -5.92212 -0.599999
      vertex 8.2052 -4.5 -0.599999
    endloop
  endfacet
  facet normal 0 0 1
    outer loop
      vertex 7.98601 -5.92212 -0.599999
      vertex 7.71511 -4.53072 -0.599999
      vertex 7.77639 -5.96448 -0.599999
    endloop
  endfacet
  facet normal -0 0 1
    outer loop
      vertex 7.2488 -4.62288 -0.599999
      vertex 7.77639 -5.96448 -0.599999
      vertex 7.71511 -4.53072 -0.599999
    endloop
  endfacet
  facet normal 0 0 1
    outer loop
      vertex 7.77639 -5.96448 -0.599999
      vertex 7.2488 -4.62288 -0.599999
      vertex 7.57641 -6.03508 -0.599999
    endloop
  endfacet
  facet normal -0 0 1
    outer loop
      vertex 6.8063 -4.77647 -0.599999
      vertex 7.57641 -6.03508 -0.599999
      vertex 7.2488 -4.62288 -0.599999
    endloop
  endfacet
  facet normal 0 0 1
    outer loop
      vertex 7.57641 -6.03508 -0.599999
      vertex 6.8063 -4.77647 -0.599999
      vertex 7.386 -6.13391 -0.599999
    endloop
  endfacet
  facet normal -0 0 1
    outer loop
      vertex 6.3876 -4.99152 -0.599999
      vertex 7.386 -6.13391 -0.599999
      vertex 6.8063 -4.77647 -0.599999
    endloop
  endfacet
  facet normal 0 0 1
    outer loop
      vertex 7.386 -6.13391 -0.599999
      vertex 6.3876 -4.99152 -0.599999
      vertex 7.2052 -6.26099 -0.599999
    endloop
  endfacet
  facet normal -0 0 1
    outer loop
      vertex 5.9927 -5.26799 -0.599999
      vertex 7.2052 -6.26099 -0.599999
      vertex 6.3876 -4.99152 -0.599999
    endloop
  endfacet
  facet normal 0 0 1
    outer loop
      vertex 7.2052 -6.26099 -0.599999
      vertex 5.9927 -5.26799 -0.599999
      vertex 7.04636 -6.40599 -0.599999
    endloop
  endfacet
  facet normal 0 0 1
    outer loop
      vertex 7.04636 -6.40599 -0.599999
      vertex 5.9927 -5.26799 -0.599999
      vertex 6.9228 -6.55859 -0.599999
    endloop
  endfacet
  facet normal -0 0 1
    outer loop
      vertex 5.64486 -5.58723 -0.599999
      vertex 6.9228 -6.55859 -0.599999
      vertex 5.9927 -5.26799 -0.599999
    endloop
  endfacet
  facet normal 0 0 1
    outer loop
      vertex 6.9228 -6.55859 -0.599999
      vertex 5.64486 -5.58723 -0.599999
      vertex 6.83455 -6.7188 -0.599999
    endloop
  endfacet
  facet normal -0 0 1
    outer loop
      vertex 5.3743 -5.92496 -0.599999
      vertex 6.83455 -6.7188 -0.599999
      vertex 5.64486 -5.58723 -0.599999
    endloop
  endfacet
  facet normal -0 0 1
    outer loop
      vertex 5.18105 -6.28116 -0.599999
      vertex 6.83455 -6.7188 -0.599999
      vertex 5.3743 -5.92496 -0.599999
    endloop
  endfacet
  facet normal 0 0 1
    outer loop
      vertex 6.83455 -6.7188 -0.599999
      vertex 5.18105 -6.28116 -0.599999
      vertex 6.7816 -6.8866 -0.599999
    endloop
  endfacet
  facet normal -0 0 1
    outer loop
      vertex 5.0651 -6.65584 -0.599999
      vertex 6.7816 -6.8866 -0.599999
      vertex 5.18105 -6.28116 -0.599999
    endloop
  endfacet
  facet normal 0 0 1
    outer loop
      vertex 6.7816 -6.8866 -0.599999
      vertex 5.0651 -6.65584 -0.599999
      vertex 6.76396 -7.062 -0.599999
    endloop
  endfacet
  facet normal 0 0 1
    outer loop
      vertex 6.76396 -7.062 -0.599999
      vertex 5.0651 -6.65584 -0.599999
      vertex 5.02646 -7.049 -0.599999
    endloop
  endfacet
  facet normal 0 0 1
    outer loop
      vertex 6.76396 -7.062 -0.599999
      vertex 5.02646 -7.049 -0.599999
      vertex 6.76396 -13.78 -0.599999
    endloop
  endfacet
  facet normal 0 0 1
    outer loop
      vertex 6.76396 -13.78 -0.599999
      vertex 5.02646 -7.049 -0.599999
      vertex 5.02646 -13.78 -0.599999
    endloop
  endfacet
  facet normal 0 0 1
    outer loop
      vertex 9.65395 -7.062 -0.599999
      vertex 11.3927 -7.049 -0.599999
      vertex 11.3544 -6.66031 -0.599999
    endloop
  endfacet
  facet normal 0 0 1
    outer loop
      vertex 9.63631 -6.8866 -0.599999
      vertex 11.3544 -6.66031 -0.599999
      vertex 11.2395 -6.28787 -0.599999
    endloop
  endfacet
  facet normal 0 0 1
    outer loop
      vertex 9.63631 -6.8866 -0.599999
      vertex 11.2395 -6.28787 -0.599999
      vertex 11.048 -5.93167 -0.599999
    endloop
  endfacet
  facet normal 0 0 1
    outer loop
      vertex 9.63631 -6.8866 -0.599999
      vertex 11.048 -5.93167 -0.599999
      vertex 10.7799 -5.59171 -0.599999
    endloop
  endfacet
  facet normal 0 0 1
    outer loop
      vertex 9.63631 -6.8866 -0.599999
      vertex 10.7799 -5.59171 -0.599999
      vertex 10.4352 -5.26799 -0.599999
    endloop
  endfacet
  facet normal 0 0 1
    outer loop
      vertex 9.2127 -6.26099 -0.599999
      vertex 10.4352 -5.26799 -0.599999
      vertex 10.0312 -4.99152 -0.599999
    endloop
  endfacet
  facet normal 0 0 1
    outer loop
      vertex 11.3927 -7.049 -0.599999
      vertex 9.65395 -7.062 -0.599999
      vertex 11.3927 -13.78 -0.599999
    endloop
  endfacet
  facet normal 0 0 1
    outer loop
      vertex 11.3927 -13.78 -0.599999
      vertex 9.65395 -7.062 -0.599999
      vertex 9.65395 -13.78 -0.599999
    endloop
  endfacet
  facet normal 0 0 1
    outer loop
      vertex 1.9775 -6.88472 -0.599999
      vertex 3.7067 -6.66524 -0.599999
      vertex 3.58185 -6.28896 -0.599999
    endloop
  endfacet
  facet normal 0 0 1
    outer loop
      vertex 1.9775 -6.88472 -0.599999
      vertex 3.58185 -6.28896 -0.599999
      vertex 3.38511 -5.93115 -0.599999
    endloop
  endfacet
  facet normal 0 0 1
    outer loop
      vertex 1.9083 -6.71648 -0.599999
      vertex 3.38511 -5.93115 -0.599999
      vertex 3.11646 -5.59183 -0.599999
    endloop
  endfacet
  facet normal 0 0 1
    outer loop
      vertex 1.8133 -6.55527 -0.599999
      vertex 3.11646 -5.59183 -0.599999
      vertex 2.7759 -5.271 -0.599999
    endloop
  endfacet
  facet normal 0 0 1
    outer loop
      vertex 1.54591 -6.254 -0.599999
      vertex 2.7759 -5.271 -0.599999
      vertex 2.38695 -4.99344 -0.599999
    endloop
  endfacet
  facet normal 0 0 1
    outer loop
      vertex 3.38511 -5.93115 -0.599999
      vertex 1.9083 -6.71648 -0.599999
      vertex 1.9775 -6.88472 -0.599999
    endloop
  endfacet
  facet normal 0 0 1
    outer loop
      vertex 3.7067 -6.66524 -0.599999
      vertex 2.02089 -7.06 -0.599999
      vertex 3.75965 -7.06 -0.599999
    endloop
  endfacet
  facet normal 0 0 1
    outer loop
      vertex 1.37695 -6.12943 -0.599999
      vertex 2.38695 -4.99344 -0.599999
      vertex 1.9721 -4.77756 -0.599999
    endloop
  endfacet
  facet normal 0 0 1
    outer loop
      vertex 3.7067 -6.66524 -0.599999
      vertex 1.9775 -6.88472 -0.599999
      vertex 2.02089 -7.06 -0.599999
    endloop
  endfacet
  facet normal 0 0 1
    outer loop
      vertex 3.11646 -5.59183 -0.599999
      vertex 1.8133 -6.55527 -0.599999
      vertex 1.9083 -6.71648 -0.599999
    endloop
  endfacet
  facet normal 0 0 1
    outer loop
      vertex 2.7759 -5.271 -0.599999
      vertex 1.69251 -6.40111 -0.599999
      vertex 1.8133 -6.55527 -0.599999
    endloop
  endfacet
  facet normal 0 0 1
    outer loop
      vertex 2.7759 -5.271 -0.599999
      vertex 1.54591 -6.254 -0.599999
      vertex 1.69251 -6.40111 -0.599999
    endloop
  endfacet
  facet normal 0 0 1
    outer loop
      vertex 1.19509 -6.03255 -0.599999
      vertex 1.9721 -4.77756 -0.599999
      vertex 1.53135 -4.62335 -0.599999
    endloop
  endfacet
  facet normal 0 0 1
    outer loop
      vertex 2.38695 -4.99344 -0.599999
      vertex 1.37695 -6.12943 -0.599999
      vertex 1.54591 -6.254 -0.599999
    endloop
  endfacet
  facet normal 0 0 1
    outer loop
      vertex 1.9721 -4.77756 -0.599999
      vertex 1.19509 -6.03255 -0.599999
      vertex 1.37695 -6.12943 -0.599999
    endloop
  endfacet
  facet normal 0 0 1
    outer loop
      vertex 1.00035 -5.96335 -0.599999
      vertex 1.53135 -4.62335 -0.599999
      vertex 1.0647 -4.53084 -0.599999
    endloop
  endfacet
  facet normal 0 0 1
    outer loop
      vertex 1.53135 -4.62335 -0.599999
      vertex 1.00035 -5.96335 -0.599999
      vertex 1.19509 -6.03255 -0.599999
    endloop
  endfacet
  facet normal 0 0 1
    outer loop
      vertex 1.0647 -4.53084 -0.599999
      vertex 0.792695 -5.92183 -0.599999
      vertex 1.00035 -5.96335 -0.599999
    endloop
  endfacet
  facet normal 0 0 1
    outer loop
      vertex 0.572148 -4.5 -0.599999
      vertex 0.792695 -5.92183 -0.599999
      vertex 1.0647 -4.53084 -0.599999
    endloop
  endfacet
  facet normal 0 0 1
    outer loop
      vertex 0.572148 -4.5 -0.599999
      vertex 0.572148 -5.90799 -0.599999
      vertex 0.792695 -5.92183 -0.599999
    endloop
  endfacet
  facet normal 0 0 1
    outer loop
      vertex 0.572148 -4.5 -0.599999
      vertex 0.322991 -5.92531 -0.599999
      vertex 0.572148 -5.90799 -0.599999
    endloop
  endfacet
  facet normal -0 0 1
    outer loop
      vertex 0.0820551 -4.53059 -0.599999
      vertex 0.322991 -5.92531 -0.599999
      vertex 0.572148 -4.5 -0.599999
    endloop
  endfacet
  facet normal 0 0 1
    outer loop
      vertex 0.322991 -5.92531 -0.599999
      vertex 0.0820551 -4.53059 -0.599999
      vertex 0.0915537 -5.97728 -0.599999
    endloop
  endfacet
  facet normal -0 0 1
    outer loop
      vertex -0.384253 -4.62239 -0.599999
      vertex 0.0915537 -5.97728 -0.599999
      vertex 0.0820551 -4.53059 -0.599999
    endloop
  endfacet
  facet normal 0 0 1
    outer loop
      vertex 0.0915537 -5.97728 -0.599999
      vertex -0.384253 -4.62239 -0.599999
      vertex -0.122202 -6.06387 -0.599999
    endloop
  endfacet
  facet normal -0 0 1
    outer loop
      vertex -0.826757 -4.77539 -0.599999
      vertex -0.122202 -6.06387 -0.599999
      vertex -0.384253 -4.62239 -0.599999
    endloop
  endfacet
  facet normal 0 0 1
    outer loop
      vertex -0.122202 -6.06387 -0.599999
      vertex -0.826757 -4.77539 -0.599999
      vertex -0.318258 -6.18512 -0.599999
    endloop
  endfacet
  facet normal -0 0 1
    outer loop
      vertex -1.24546 -4.98959 -0.599999
      vertex -0.318258 -6.18512 -0.599999
      vertex -0.826757 -4.77539 -0.599999
    endloop
  endfacet
  facet normal 0 0 1
    outer loop
      vertex -0.318258 -6.18512 -0.599999
      vertex -1.24546 -4.98959 -0.599999
      vertex -0.496595 -6.34099 -0.599999
    endloop
  endfacet
  facet normal -0 0 1
    outer loop
      vertex -1.64036 -5.265 -0.599999
      vertex -0.496595 -6.34099 -0.599999
      vertex -1.24546 -4.98959 -0.599999
    endloop
  endfacet
  facet normal 0 0 1
    outer loop
      vertex -0.496595 -6.34099 -0.599999
      vertex -1.64036 -5.265 -0.599999
      vertex -0.630701 -6.50368 -0.599999
    endloop
  endfacet
  facet normal -0 0 1
    outer loop
      vertex -1.9882 -5.58263 -0.599999
      vertex -0.630701 -6.50368 -0.599999
      vertex -1.64036 -5.265 -0.599999
    endloop
  endfacet
  facet normal 0 0 1
    outer loop
      vertex -0.630701 -6.50368 -0.599999
      vertex -1.9882 -5.58263 -0.599999
      vertex -0.734995 -6.67812 -0.599999
    endloop
  endfacet
  facet normal -0 0 1
    outer loop
      vertex -2.25876 -5.91875 -0.599999
      vertex -0.734995 -6.67812 -0.599999
      vertex -1.9882 -5.58263 -0.599999
    endloop
  endfacet
  facet normal 0 0 1
    outer loop
      vertex 3.72135 -10.5847 -0.599999
      vertex 2.00325 -10.7977 -0.599999
      vertex 2.02089 -10.976 -0.599999
    endloop
  endfacet
  facet normal 0 0 1
    outer loop
      vertex 1.39855 -10.0386 -0.599999
      vertex 2.39815 -8.89935 -0.599999
      vertex 1.97315 -8.68263 -0.599999
    endloop
  endfacet
  facet normal 0 0 1
    outer loop
      vertex 2.80214 -9.17799 -0.599999
      vertex 1.9503 -10.6275 -0.599999
      vertex 2.00325 -10.7977 -0.599999
    endloop
  endfacet
  facet normal 0 0 1
    outer loop
      vertex 2.80214 -9.17799 -0.599999
      vertex 1.86205 -10.4655 -0.599999
      vertex 1.9503 -10.6275 -0.599999
    endloop
  endfacet
  facet normal 0 0 1
    outer loop
      vertex 2.80214 -9.17799 -0.599999
      vertex 1.73849 -10.3117 -0.599999
      vertex 1.86205 -10.4655 -0.599999
    endloop
  endfacet
  facet normal 0 0 1
    outer loop
      vertex 2.80214 -9.17799 -0.599999
      vertex 1.57965 -10.166 -0.599999
      vertex 1.73849 -10.3117 -0.599999
    endloop
  endfacet
  facet normal 0 0 1
    outer loop
      vertex 1.20724 -9.93944 -0.599999
      vertex 1.97315 -8.68263 -0.599999
      vertex 1.52714 -8.52783 -0.599999
    endloop
  endfacet
  facet normal 0 0 1
    outer loop
      vertex 2.39815 -8.89935 -0.599999
      vertex 1.39855 -10.0386 -0.599999
      vertex 1.57965 -10.166 -0.599999
    endloop
  endfacet
  facet normal 0 0 1
    outer loop
      vertex 1.97315 -8.68263 -0.599999
      vertex 1.20724 -9.93944 -0.599999
      vertex 1.39855 -10.0386 -0.599999
    endloop
  endfacet
  facet normal 0 0 1
    outer loop
      vertex 1.00575 -9.86864 -0.599999
      vertex 1.52714 -8.52783 -0.599999
      vertex 1.06014 -8.43495 -0.599999
    endloop
  endfacet
  facet normal 0 0 1
    outer loop
      vertex 1.52714 -8.52783 -0.599999
      vertex 1.00575 -9.86864 -0.599999
      vertex 1.20724 -9.93944 -0.599999
    endloop
  endfacet
  facet normal 0 0 1
    outer loop
      vertex 1.06014 -8.43495 -0.599999
      vertex 0.794049 -9.82616 -0.599999
      vertex 1.00575 -9.86864 -0.599999
    endloop
  endfacet
  facet normal 0 0 1
    outer loop
      vertex 0.572148 -8.40399 -0.599999
      vertex 0.794049 -9.82616 -0.599999
      vertex 1.06014 -8.43495 -0.599999
    endloop
  endfacet
  facet normal 0 0 1
    outer loop
      vertex 0.572148 -8.40399 -0.599999
      vertex 0.572148 -9.812 -0.599999
      vertex 0.794049 -9.82616 -0.599999
    endloop
  endfacet
  facet normal 0 0 1
    outer loop
      vertex 0.352956 -8.39015 -0.599999
      vertex 0.572148 -9.812 -0.599999
      vertex 0.572148 -8.40399 -0.599999
    endloop
  endfacet
  facet normal 0 0 1
    outer loop
      vertex 0.0820551 -9.78116 -0.599999
      vertex 0.352956 -8.39015 -0.599999
      vertex 0.143338 -8.34863 -0.599999
    endloop
  endfacet
  facet normal 0 0 1
    outer loop
      vertex 0.352956 -8.39015 -0.599999
      vertex 0.0820551 -9.78116 -0.599999
      vertex 0.572148 -9.812 -0.599999
    endloop
  endfacet
  facet normal 0 0 1
    outer loop
      vertex -0.384253 -9.68863 -0.599999
      vertex 0.143338 -8.34863 -0.599999
      vertex -0.0566463 -8.27943 -0.599999
    endloop
  endfacet
  facet normal 0 0 1
    outer loop
      vertex -0.826757 -9.53444 -0.599999
      vertex -0.0566463 -8.27943 -0.599999
      vertex -0.247057 -8.18256 -0.599999
    endloop
  endfacet
  facet normal 0 0 1
    outer loop
      vertex 0.143338 -8.34863 -0.599999
      vertex -0.384253 -9.68863 -0.599999
      vertex 0.0820551 -9.78116 -0.599999
    endloop
  endfacet
  facet normal 0 0 1
    outer loop
      vertex -1.24546 -9.31856 -0.599999
      vertex -0.247057 -8.18256 -0.599999
      vertex -0.427855 -8.058 -0.599999
    endloop
  endfacet
  facet normal 0 0 1
    outer loop
      vertex -1.64036 -9.04099 -0.599999
      vertex -0.427855 -8.058 -0.599999
      vertex -0.586699 -7.91583 -0.599999
    endloop
  endfacet
  facet normal 0 0 1
    outer loop
      vertex -1.64036 -9.04099 -0.599999
      vertex -0.586699 -7.91583 -0.599999
      vertex -0.710257 -7.76616 -0.599999
    endloop
  endfacet
  facet normal 0 0 1
    outer loop
      vertex -1.9882 -8.72551 -0.599999
      vertex -0.710257 -7.76616 -0.599999
      vertex -0.79851 -7.60895 -0.599999
    endloop
  endfacet
  facet normal 0 0 1
    outer loop
      vertex -0.0566463 -8.27943 -0.599999
      vertex -0.826757 -9.53444 -0.599999
      vertex -0.384253 -9.68863 -0.599999
    endloop
  endfacet
  facet normal 0 0 1
    outer loop
      vertex -2.45201 -8.03767 -0.599999
      vertex -0.79851 -7.60895 -0.599999
      vertex -0.851458 -7.44423 -0.599999
    endloop
  endfacet
  facet normal 0 0 1
    outer loop
      vertex -2.56796 -7.66531 -0.599999
      vertex -0.851458 -7.44423 -0.599999
      vertex -0.869101 -7.27199 -0.599999
    endloop
  endfacet
  facet normal 0 0 1
    outer loop
      vertex -0.734995 -6.67812 -0.599999
      vertex -2.25876 -5.91875 -0.599999
      vertex -0.809496 -6.86432 -0.599999
    endloop
  endfacet
  facet normal 0 0 1
    outer loop
      vertex -0.247057 -8.18256 -0.599999
      vertex -1.24546 -9.31856 -0.599999
      vertex -0.826757 -9.53444 -0.599999
    endloop
  endfacet
  facet normal -0 0 1
    outer loop
      vertex -2.45201 -6.27335 -0.599999
      vertex -0.809496 -6.86432 -0.599999
      vertex -2.25876 -5.91875 -0.599999
    endloop
  endfacet
  facet normal 0 0 1
    outer loop
      vertex -0.427855 -8.058 -0.599999
      vertex -1.64036 -9.04099 -0.599999
      vertex -1.24546 -9.31856 -0.599999
    endloop
  endfacet
  facet normal -0 0 1
    outer loop
      vertex -2.56796 -6.64644 -0.599999
      vertex -0.809496 -6.86432 -0.599999
      vertex -2.45201 -6.27335 -0.599999
    endloop
  endfacet
  facet normal 0 0 1
    outer loop
      vertex -0.710257 -7.76616 -0.599999
      vertex -1.9882 -8.72551 -0.599999
      vertex -1.64036 -9.04099 -0.599999
    endloop
  endfacet
  facet normal 0 0 1
    outer loop
      vertex -0.809496 -6.86432 -0.599999
      vertex -2.56796 -6.64644 -0.599999
      vertex -0.854204 -7.06227 -0.599999
    endloop
  endfacet
  facet normal 0 0 1
    outer loop
      vertex -2.6066 -7.27399 -0.599999
      vertex -0.869101 -7.27199 -0.599999
      vertex -2.6066 -7.03799 -0.599999
    endloop
  endfacet
  facet normal -0 0 1
    outer loop
      vertex -2.6066 -7.03799 -0.599999
      vertex -0.854204 -7.06227 -0.599999
      vertex -2.56796 -6.64644 -0.599999
    endloop
  endfacet
  facet normal 0 -0 1
    outer loop
      vertex -2.56796 -7.66531 -0.599999
      vertex -0.869101 -7.27199 -0.599999
      vertex -2.6066 -7.27399 -0.599999
    endloop
  endfacet
  facet normal 0 0 1
    outer loop
      vertex -0.854204 -7.06227 -0.599999
      vertex -2.6066 -7.03799 -0.599999
      vertex -0.869101 -7.27199 -0.599999
    endloop
  endfacet
  facet normal 0 0 1
    outer loop
      vertex -0.79851 -7.60895 -0.599999
      vertex -2.25876 -8.39107 -0.599999
      vertex -1.9882 -8.72551 -0.599999
    endloop
  endfacet
  facet normal 0 0 1
    outer loop
      vertex -0.79851 -7.60895 -0.599999
      vertex -2.45201 -8.03767 -0.599999
      vertex -2.25876 -8.39107 -0.599999
    endloop
  endfacet
  facet normal 0 0 1
    outer loop
      vertex -0.851458 -7.44423 -0.599999
      vertex -2.56796 -7.66531 -0.599999
      vertex -2.45201 -8.03767 -0.599999
    endloop
  endfacet
  facet normal -0 0 1
    outer loop
      vertex 2.02089 -10.976 -0.599999
      vertex 3.75965 -10.979 -0.599999
      vertex 3.72135 -10.5847 -0.599999
    endloop
  endfacet
  facet normal 0 0 1
    outer loop
      vertex 3.75965 -10.979 -0.599999
      vertex 2.02089 -10.976 -0.599999
      vertex 3.75965 -11.212 -0.599999
    endloop
  endfacet
  facet normal 0 0 1
    outer loop
      vertex 2.00325 -10.7977 -0.599999
      vertex 3.72135 -10.5847 -0.599999
      vertex 3.60645 -10.2075 -0.599999
    endloop
  endfacet
  facet normal -0 0 1
    outer loop
      vertex 2.00495 -11.1891 -0.599999
      vertex 3.75965 -11.212 -0.599999
      vertex 2.02089 -10.976 -0.599999
    endloop
  endfacet
  facet normal 0 0 1
    outer loop
      vertex 2.00325 -10.7977 -0.599999
      vertex 3.60645 -10.2075 -0.599999
      vertex 3.41496 -9.84727 -0.599999
    endloop
  endfacet
  facet normal 0 0 1
    outer loop
      vertex 3.75965 -11.212 -0.599999
      vertex 2.00495 -11.1891 -0.599999
      vertex 3.72135 -11.6076 -0.599999
    endloop
  endfacet
  facet normal 0 0 1
    outer loop
      vertex 2.00325 -10.7977 -0.599999
      vertex 3.41496 -9.84727 -0.599999
      vertex 3.14684 -9.50412 -0.599999
    endloop
  endfacet
  facet normal -0 0 1
    outer loop
      vertex 1.95709 -11.3923 -0.599999
      vertex 3.72135 -11.6076 -0.599999
      vertex 2.00495 -11.1891 -0.599999
    endloop
  endfacet
  facet normal 0 0 1
    outer loop
      vertex 2.00325 -10.7977 -0.599999
      vertex 3.14684 -9.50412 -0.599999
      vertex 2.80214 -9.17799 -0.599999
    endloop
  endfacet
  facet normal 0 0 1
    outer loop
      vertex 3.72135 -11.6076 -0.599999
      vertex 1.95709 -11.3923 -0.599999
      vertex 3.60645 -11.9841 -0.599999
    endloop
  endfacet
  facet normal 0 0 1
    outer loop
      vertex 3.60645 -11.9841 -0.599999
      vertex 1.95709 -11.3923 -0.599999
      vertex 3.41496 -12.3416 -0.599999
    endloop
  endfacet
  facet normal 0 0 1
    outer loop
      vertex 1.57965 -10.166 -0.599999
      vertex 2.80214 -9.17799 -0.599999
      vertex 2.39815 -8.89935 -0.599999
    endloop
  endfacet
  facet normal -0 0 1
    outer loop
      vertex 1.87735 -11.5857 -0.599999
      vertex 3.41496 -12.3416 -0.599999
      vertex 1.95709 -11.3923 -0.599999
    endloop
  endfacet
  facet normal 0 0 1
    outer loop
      vertex 3.41496 -12.3416 -0.599999
      vertex 1.87735 -11.5857 -0.599999
      vertex 3.14684 -12.6798 -0.599999
    endloop
  endfacet
  facet normal -0 0 1
    outer loop
      vertex 1.76569 -11.7693 -0.599999
      vertex 3.14684 -12.6798 -0.599999
      vertex 1.87735 -11.5857 -0.599999
    endloop
  endfacet
  facet normal 0 0 1
    outer loop
      vertex 3.14684 -12.6798 -0.599999
      vertex 1.76569 -11.7693 -0.599999
      vertex 2.80214 -12.999 -0.599999
    endloop
  endfacet
  facet normal -0 0 1
    outer loop
      vertex 1.62214 -11.943 -0.599999
      vertex 2.80214 -12.999 -0.599999
      vertex 1.76569 -11.7693 -0.599999
    endloop
  endfacet
  facet normal 0 0 1
    outer loop
      vertex 2.80214 -12.999 -0.599999
      vertex 1.62214 -11.943 -0.599999
      vertex 2.40376 -13.2802 -0.599999
    endloop
  endfacet
  facet normal -0 0 1
    outer loop
      vertex 1.45535 -12.0974 -0.599999
      vertex 2.40376 -13.2802 -0.599999
      vertex 1.62214 -11.943 -0.599999
    endloop
  endfacet
  facet normal 0 0 1
    outer loop
      vertex 2.40376 -13.2802 -0.599999
      vertex 1.45535 -12.0974 -0.599999
      vertex 1.98155 -13.4988 -0.599999
    endloop
  endfacet
  facet normal -0 0 1
    outer loop
      vertex 1.26694 -12.2176 -0.599999
      vertex 1.98155 -13.4988 -0.599999
      vertex 1.45535 -12.0974 -0.599999
    endloop
  endfacet
  facet normal 0 0 1
    outer loop
      vertex 1.98155 -13.4988 -0.599999
      vertex 1.26694 -12.2176 -0.599999
      vertex 1.53555 -13.655 -0.599999
    endloop
  endfacet
  facet normal -0 0 1
    outer loop
      vertex 1.05694 -12.3034 -0.599999
      vertex 1.53555 -13.655 -0.599999
      vertex 1.26694 -12.2176 -0.599999
    endloop
  endfacet
  facet normal 0 0 1
    outer loop
      vertex 1.53555 -13.655 -0.599999
      vertex 1.05694 -12.3034 -0.599999
      vertex 1.06575 -13.7487 -0.599999
    endloop
  endfacet
  facet normal -0 0 1
    outer loop
      vertex 0.825349 -12.3548 -0.599999
      vertex 1.06575 -13.7487 -0.599999
      vertex 1.05694 -12.3034 -0.599999
    endloop
  endfacet
  facet normal 0 0 1
    outer loop
      vertex 0.572148 -13.78 -0.599999
      vertex 0.825349 -12.3548 -0.599999
      vertex 0.572148 -12.372 -0.599999
    endloop
  endfacet
  facet normal 0 0 1
    outer loop
      vertex 0.825349 -12.3548 -0.599999
      vertex 0.572148 -13.78 -0.599999
      vertex 1.06575 -13.7487 -0.599999
    endloop
  endfacet
  facet normal 0 0 1
    outer loop
      vertex 0.354291 -12.358 -0.599999
      vertex 0.572148 -13.78 -0.599999
      vertex 0.572148 -12.372 -0.599999
    endloop
  endfacet
  facet normal 0 0 1
    outer loop
      vertex 0.0827417 -13.7489 -0.599999
      vertex 0.354291 -12.358 -0.599999
      vertex 0.148755 -12.316 -0.599999
    endloop
  endfacet
  facet normal 0 0 1
    outer loop
      vertex 0.354291 -12.358 -0.599999
      vertex 0.0827417 -13.7489 -0.599999
      vertex 0.572148 -13.78 -0.599999
    endloop
  endfacet
  facet normal 0 0 1
    outer loop
      vertex -0.381449 -13.6555 -0.599999
      vertex 0.148755 -12.316 -0.599999
      vertex -0.0444965 -12.246 -0.599999
    endloop
  endfacet
  facet normal 0 0 1
    outer loop
      vertex -0.820444 -13.4999 -0.599999
      vertex -0.0444965 -12.246 -0.599999
      vertex -0.225447 -12.148 -0.599999
    endloop
  endfacet
  facet normal 0 0 1
    outer loop
      vertex 0.148755 -12.316 -0.599999
      vertex -0.381449 -13.6555 -0.599999
      vertex 0.0827417 -13.7489 -0.599999
    endloop
  endfacet
  facet normal 0 0 1
    outer loop
      vertex -1.23424 -13.2821 -0.599999
      vertex -0.225447 -12.148 -0.599999
      vertex -0.394094 -12.022 -0.599999
    endloop
  endfacet
  facet normal 0 0 1
    outer loop
      vertex -1.62285 -13.002 -0.599999
      vertex -0.394094 -12.022 -0.599999
      vertex -0.543497 -11.8798 -0.599999
    endloop
  endfacet
  facet normal 0 0 1
    outer loop
      vertex -1.62285 -13.002 -0.599999
      vertex -0.543497 -11.8798 -0.599999
      vertex -0.665701 -11.7285 -0.599999
    endloop
  endfacet
  facet normal 0 0 1
    outer loop
      vertex -1.9634 -12.6882 -0.599999
      vertex -0.665701 -11.7285 -0.599999
      vertex -0.760706 -11.5681 -0.599999
    endloop
  endfacet
  facet normal 0 0 1
    outer loop
      vertex -0.0444965 -12.246 -0.599999
      vertex -0.820444 -13.4999 -0.599999
      vertex -0.381449 -13.6555 -0.599999
    endloop
  endfacet
  facet normal 0 0 1
    outer loop
      vertex -2.23205 -12.353 -0.599999
      vertex -0.760706 -11.5681 -0.599999
      vertex -0.828493 -11.3986 -0.599999
    endloop
  endfacet
  facet normal 0 0 1
    outer loop
      vertex -2.55365 -11.619 -0.599999
      vertex -0.828493 -11.3986 -0.599999
      vertex -0.869101 -11.22 -0.599999
    endloop
  endfacet
  facet normal 0 0 1
    outer loop
      vertex -0.225447 -12.148 -0.599999
      vertex -1.23424 -13.2821 -0.599999
      vertex -0.820444 -13.4999 -0.599999
    endloop
  endfacet
  facet normal 0 0 1
    outer loop
      vertex -0.394094 -12.022 -0.599999
      vertex -1.62285 -13.002 -0.599999
      vertex -1.23424 -13.2821 -0.599999
    endloop
  endfacet
  facet normal 0 0 1
    outer loop
      vertex -0.665701 -11.7285 -0.599999
      vertex -1.9634 -12.6882 -0.599999
      vertex -1.62285 -13.002 -0.599999
    endloop
  endfacet
  facet normal 0 0 1
    outer loop
      vertex -0.760706 -11.5681 -0.599999
      vertex -2.23205 -12.353 -0.599999
      vertex -1.9634 -12.6882 -0.599999
    endloop
  endfacet
  facet normal 0 0 1
    outer loop
      vertex -0.828493 -11.3986 -0.599999
      vertex -2.4288 -11.9966 -0.599999
      vertex -2.23205 -12.353 -0.599999
    endloop
  endfacet
  facet normal 0 0 1
    outer loop
      vertex -0.828493 -11.3986 -0.599999
      vertex -2.55365 -11.619 -0.599999
      vertex -2.4288 -11.9966 -0.599999
    endloop
  endfacet
  facet normal 0 -0 1
    outer loop
      vertex -2.55365 -11.619 -0.599999
      vertex -0.869101 -11.22 -0.599999
      vertex -2.6066 -11.22 -0.599999
    endloop
  endfacet
  facet normal 0 0 1
    outer loop
      vertex -3.91176 -6.66031 -0.599999
      vertex -5.62977 -6.88239 -0.599999
      vertex -5.61216 -7.05699 -0.599999
    endloop
  endfacet
  facet normal 0 0 1
    outer loop
      vertex -6.23371 -6.13327 -0.599999
      vertex -5.23571 -4.99152 -0.599999
      vertex -5.66036 -4.77647 -0.599999
    endloop
  endfacet
  facet normal 0 0 1
    outer loop
      vertex -4.83215 -5.26799 -0.599999
      vertex -5.68256 -6.71539 -0.599999
      vertex -5.62977 -6.88239 -0.599999
    endloop
  endfacet
  facet normal 0 0 1
    outer loop
      vertex -4.83215 -5.26799 -0.599999
      vertex -5.77057 -6.556 -0.599999
      vertex -5.68256 -6.71539 -0.599999
    endloop
  endfacet
  facet normal 0 0 1
    outer loop
      vertex -4.83215 -5.26799 -0.599999
      vertex -5.89376 -6.40419 -0.599999
      vertex -5.77057 -6.556 -0.599999
    endloop
  endfacet
  facet normal 0 0 1
    outer loop
      vertex -4.83215 -5.26799 -0.599999
      vertex -6.05215 -6.25999 -0.599999
      vertex -5.89376 -6.40419 -0.599999
    endloop
  endfacet
  facet normal 0 0 1
    outer loop
      vertex -6.42536 -6.03471 -0.599999
      vertex -5.66036 -4.77647 -0.599999
      vertex -6.10611 -4.62288 -0.599999
    endloop
  endfacet
  facet normal 0 0 1
    outer loop
      vertex -5.23571 -4.99152 -0.599999
      vertex -6.23371 -6.13327 -0.599999
      vertex -6.05215 -6.25999 -0.599999
    endloop
  endfacet
  facet normal 0 0 1
    outer loop
      vertex -5.66036 -4.77647 -0.599999
      vertex -6.42536 -6.03471 -0.599999
      vertex -6.23371 -6.13327 -0.599999
    endloop
  endfacet
  facet normal 0 0 1
    outer loop
      vertex -6.6271 -5.96431 -0.599999
      vertex -6.10611 -4.62288 -0.599999
      vertex -6.57295 -4.53072 -0.599999
    endloop
  endfacet
  facet normal 0 0 1
    outer loop
      vertex -6.10611 -4.62288 -0.599999
      vertex -6.6271 -5.96431 -0.599999
      vertex -6.42536 -6.03471 -0.599999
    endloop
  endfacet
  facet normal 0 0 1
    outer loop
      vertex -6.57295 -4.53072 -0.599999
      vertex -6.83895 -5.92207 -0.599999
      vertex -6.6271 -5.96431 -0.599999
    endloop
  endfacet
  facet normal 0 0 1
    outer loop
      vertex -7.06091 -4.5 -0.599999
      vertex -6.83895 -5.92207 -0.599999
      vertex -6.57295 -4.53072 -0.599999
    endloop
  endfacet
  facet normal 0 0 1
    outer loop
      vertex -7.06091 -4.5 -0.599999
      vertex -7.06091 -5.90799 -0.599999
      vertex -6.83895 -5.92207 -0.599999
    endloop
  endfacet
  facet normal 0 0 1
    outer loop
      vertex -7.06091 -4.5 -0.599999
      vertex -7.2763 -5.92183 -0.599999
      vertex -7.06091 -5.90799 -0.599999
    endloop
  endfacet
  facet normal -0 0 1
    outer loop
      vertex -7.54785 -4.53084 -0.599999
      vertex -7.2763 -5.92183 -0.599999
      vertex -7.06091 -4.5 -0.599999
    endloop
  endfacet
  facet normal 0 0 1
    outer loop
      vertex -7.2763 -5.92183 -0.599999
      vertex -7.54785 -4.53084 -0.599999
      vertex -7.48152 -5.96335 -0.599999
    endloop
  endfacet
  facet normal -0 0 1
    outer loop
      vertex -8.0117 -4.62335 -0.599999
      vertex -7.48152 -5.96335 -0.599999
      vertex -7.54785 -4.53084 -0.599999
    endloop
  endfacet
  facet normal 0 0 1
    outer loop
      vertex -7.48152 -5.96335 -0.599999
      vertex -8.0117 -4.62335 -0.599999
      vertex -7.6765 -6.03255 -0.599999
    endloop
  endfacet
  facet normal -0 0 1
    outer loop
      vertex -8.45245 -4.77756 -0.599999
      vertex -7.6765 -6.03255 -0.599999
      vertex -8.0117 -4.62335 -0.599999
    endloop
  endfacet
  facet normal 0 0 1
    outer loop
      vertex -7.6765 -6.03255 -0.599999
      vertex -8.45245 -4.77756 -0.599999
      vertex -7.86131 -6.12943 -0.599999
    endloop
  endfacet
  facet normal -0 0 1
    outer loop
      vertex -8.8701 -4.99344 -0.599999
      vertex -7.86131 -6.12943 -0.599999
      vertex -8.45245 -4.77756 -0.599999
    endloop
  endfacet
  facet normal 0 0 1
    outer loop
      vertex -7.86131 -6.12943 -0.599999
      vertex -8.8701 -4.99344 -0.599999
      vertex -8.03591 -6.254 -0.599999
    endloop
  endfacet
  facet normal 0 0 1
    outer loop
      vertex -8.03591 -6.254 -0.599999
      vertex -8.8701 -4.99344 -0.599999
      vertex -8.18735 -6.39247 -0.599999
    endloop
  endfacet
  facet normal -0 0 1
    outer loop
      vertex -9.26466 -5.271 -0.599999
      vertex -8.18735 -6.39247 -0.599999
      vertex -8.8701 -4.99344 -0.599999
    endloop
  endfacet
  facet normal 0 0 1
    outer loop
      vertex -8.18735 -6.39247 -0.599999
      vertex -9.26466 -5.271 -0.599999
      vertex -8.30971 -6.54231 -0.599999
    endloop
  endfacet
  facet normal -0 0 1
    outer loop
      vertex -9.60766 -5.58736 -0.599999
      vertex -8.30971 -6.54231 -0.599999
      vertex -9.26466 -5.271 -0.599999
    endloop
  endfacet
  facet normal 0 0 1
    outer loop
      vertex -8.30971 -6.54231 -0.599999
      vertex -9.60766 -5.58736 -0.599999
      vertex -8.40296 -6.70351 -0.599999
    endloop
  endfacet
  facet normal -0 0 1
    outer loop
      vertex -9.87665 -5.92444 -0.599999
      vertex -8.40296 -6.70351 -0.599999
      vertex -9.60766 -5.58736 -0.599999
    endloop
  endfacet
  facet normal 0 0 1
    outer loop
      vertex -8.40296 -6.70351 -0.599999
      vertex -9.87665 -5.92444 -0.599999
      vertex -8.4671 -6.87607 -0.599999
    endloop
  endfacet
  facet normal -0 0 1
    outer loop
      vertex -10.0717 -6.28223 -0.599999
      vertex -8.4671 -6.87607 -0.599999
      vertex -9.87665 -5.92444 -0.599999
    endloop
  endfacet
  facet normal -0 0 1
    outer loop
      vertex -10.1927 -6.66075 -0.599999
      vertex -8.4671 -6.87607 -0.599999
      vertex -10.0717 -6.28223 -0.599999
    endloop
  endfacet
  facet normal 0 0 1
    outer loop
      vertex -8.4671 -6.87607 -0.599999
      vertex -10.1927 -6.66075 -0.599999
      vertex -8.50216 -7.06 -0.599999
    endloop
  endfacet
  facet normal 0 0 1
    outer loop
      vertex -8.50216 -7.06 -0.599999
      vertex -10.1927 -6.66075 -0.599999
      vertex -10.2397 -7.06 -0.599999
    endloop
  endfacet
  facet normal 0 0 1
    outer loop
      vertex -5.61216 -7.05699 -0.599999
      vertex -3.8734 -7.049 -0.599999
      vertex -3.91176 -6.66031 -0.599999
    endloop
  endfacet
  facet normal 0 0 1
    outer loop
      vertex -3.8734 -7.049 -0.599999
      vertex -5.61216 -7.05699 -0.599999
      vertex -3.8734 -11.231 -0.599999
    endloop
  endfacet
  facet normal 0 0 1
    outer loop
      vertex -5.62977 -6.88239 -0.599999
      vertex -3.91176 -6.66031 -0.599999
      vertex -4.02681 -6.28787 -0.599999
    endloop
  endfacet
  facet normal -0 0 1
    outer loop
      vertex -5.61216 -11.216 -0.599999
      vertex -3.8734 -11.231 -0.599999
      vertex -5.61216 -7.05699 -0.599999
    endloop
  endfacet
  facet normal 0 0 1
    outer loop
      vertex -5.62977 -6.88239 -0.599999
      vertex -4.02681 -6.28787 -0.599999
      vertex -4.21856 -5.93167 -0.599999
    endloop
  endfacet
  facet normal 0 0 1
    outer loop
      vertex -3.8734 -11.231 -0.599999
      vertex -5.61216 -11.216 -0.599999
      vertex -3.91176 -11.6239 -0.599999
    endloop
  endfacet
  facet normal 0 0 1
    outer loop
      vertex -5.62977 -6.88239 -0.599999
      vertex -4.21856 -5.93167 -0.599999
      vertex -4.48702 -5.59171 -0.599999
    endloop
  endfacet
  facet normal -0 0 1
    outer loop
      vertex -5.62977 -11.3906 -0.599999
      vertex -3.91176 -11.6239 -0.599999
      vertex -5.61216 -11.216 -0.599999
    endloop
  endfacet
  facet normal 0 0 1
    outer loop
      vertex -5.62977 -6.88239 -0.599999
      vertex -4.48702 -5.59171 -0.599999
      vertex -4.83215 -5.26799 -0.599999
    endloop
  endfacet
  facet normal 0 0 1
    outer loop
      vertex -3.91176 -11.6239 -0.599999
      vertex -5.62977 -11.3906 -0.599999
      vertex -4.02681 -11.9977 -0.599999
    endloop
  endfacet
  facet normal 0 0 1
    outer loop
      vertex -4.02681 -11.9977 -0.599999
      vertex -5.68256 -11.5578 -0.599999
      vertex -4.21856 -12.3525 -0.599999
    endloop
  endfacet
  facet normal 0 0 1
    outer loop
      vertex -6.05215 -6.25999 -0.599999
      vertex -4.83215 -5.26799 -0.599999
      vertex -5.23571 -4.99152 -0.599999
    endloop
  endfacet
  facet normal -0 0 1
    outer loop
      vertex -5.68256 -11.5578 -0.599999
      vertex -4.02681 -11.9977 -0.599999
      vertex -5.62977 -11.3906 -0.599999
    endloop
  endfacet
  facet normal 0 0 1
    outer loop
      vertex -4.21856 -12.3525 -0.599999
      vertex -5.68256 -11.5578 -0.599999
      vertex -4.48702 -12.6883 -0.599999
    endloop
  endfacet
  facet normal -0 0 1
    outer loop
      vertex -5.77057 -11.7173 -0.599999
      vertex -4.48702 -12.6883 -0.599999
      vertex -5.68256 -11.5578 -0.599999
    endloop
  endfacet
  facet normal 0 0 1
    outer loop
      vertex -4.48702 -12.6883 -0.599999
      vertex -5.77057 -11.7173 -0.599999
      vertex -4.83215 -13.005 -0.599999
    endloop
  endfacet
  facet normal -0 0 1
    outer loop
      vertex -5.89376 -11.8694 -0.599999
      vertex -4.83215 -13.005 -0.599999
      vertex -5.77057 -11.7173 -0.599999
    endloop
  endfacet
  facet normal -0 0 1
    outer loop
      vertex -6.05215 -12.014 -0.599999
      vertex -4.83215 -13.005 -0.599999
      vertex -5.89376 -11.8694 -0.599999
    endloop
  endfacet
  facet normal 0 0 1
    outer loop
      vertex -4.83215 -13.005 -0.599999
      vertex -6.05215 -12.014 -0.599999
      vertex -5.2305 -13.284 -0.599999
    endloop
  endfacet
  facet normal -0 0 1
    outer loop
      vertex -6.23651 -12.1429 -0.599999
      vertex -5.2305 -13.284 -0.599999
      vertex -6.05215 -12.014 -0.599999
    endloop
  endfacet
  facet normal 0 0 1
    outer loop
      vertex -5.2305 -13.284 -0.599999
      vertex -6.23651 -12.1429 -0.599999
      vertex -5.65256 -13.501 -0.599999
    endloop
  endfacet
  facet normal -0 0 1
    outer loop
      vertex -6.42956 -12.2431 -0.599999
      vertex -5.65256 -13.501 -0.599999
      vertex -6.23651 -12.1429 -0.599999
    endloop
  endfacet
  facet normal 0 0 1
    outer loop
      vertex -5.65256 -13.501 -0.599999
      vertex -6.42956 -12.2431 -0.599999
      vertex -6.09831 -13.656 -0.599999
    endloop
  endfacet
  facet normal -0 0 1
    outer loop
      vertex -6.63132 -12.3147 -0.599999
      vertex -6.09831 -13.656 -0.599999
      vertex -6.42956 -12.2431 -0.599999
    endloop
  endfacet
  facet normal 0 0 1
    outer loop
      vertex -6.09831 -13.656 -0.599999
      vertex -6.63132 -12.3147 -0.599999
      vertex -6.56776 -13.749 -0.599999
    endloop
  endfacet
  facet normal -0 0 1
    outer loop
      vertex -6.84175 -12.3577 -0.599999
      vertex -6.56776 -13.749 -0.599999
      vertex -6.63132 -12.3147 -0.599999
    endloop
  endfacet
  facet normal 0 0 1
    outer loop
      vertex -7.06091 -13.78 -0.599999
      vertex -6.84175 -12.3577 -0.599999
      vertex -7.06091 -12.372 -0.599999
    endloop
  endfacet
  facet normal 0 0 1
    outer loop
      vertex -6.84175 -12.3577 -0.599999
      vertex -7.06091 -13.78 -0.599999
      vertex -6.56776 -13.749 -0.599999
    endloop
  endfacet
  facet normal 0 0 1
    outer loop
      vertex -7.27911 -12.358 -0.599999
      vertex -7.06091 -13.78 -0.599999
      vertex -7.06091 -12.372 -0.599999
    endloop
  endfacet
  facet normal 0 0 1
    outer loop
      vertex -7.55035 -13.7489 -0.599999
      vertex -7.27911 -12.358 -0.599999
      vertex -7.48571 -12.316 -0.599999
    endloop
  endfacet
  facet normal 0 0 1
    outer loop
      vertex -7.27911 -12.358 -0.599999
      vertex -7.55035 -13.7489 -0.599999
      vertex -7.06091 -13.78 -0.599999
    endloop
  endfacet
  facet normal 0 0 1
    outer loop
      vertex -8.01472 -13.6555 -0.599999
      vertex -7.48571 -12.316 -0.599999
      vertex -7.6807 -12.246 -0.599999
    endloop
  endfacet
  facet normal 0 0 1
    outer loop
      vertex -8.45396 -13.4999 -0.599999
      vertex -7.6807 -12.246 -0.599999
      vertex -7.86411 -12.148 -0.599999
    endloop
  endfacet
  facet normal 0 0 1
    outer loop
      vertex -7.48571 -12.316 -0.599999
      vertex -8.01472 -13.6555 -0.599999
      vertex -7.55035 -13.7489 -0.599999
    endloop
  endfacet
  facet normal 0 0 1
    outer loop
      vertex -8.8681 -13.2821 -0.599999
      vertex -7.86411 -12.148 -0.599999
      vertex -8.03591 -12.022 -0.599999
    endloop
  endfacet
  facet normal 0 0 1
    outer loop
      vertex -9.25716 -13.002 -0.599999
      vertex -8.03591 -12.022 -0.599999
      vertex -8.18735 -11.8843 -0.599999
    endloop
  endfacet
  facet normal 0 0 1
    outer loop
      vertex -9.25716 -13.002 -0.599999
      vertex -8.18735 -11.8843 -0.599999
      vertex -8.30971 -11.7353 -0.599999
    endloop
  endfacet
  facet normal 0 0 1
    outer loop
      vertex -9.59726 -12.6882 -0.599999
      vertex -8.30971 -11.7353 -0.599999
      vertex -8.40296 -11.5749 -0.599999
    endloop
  endfacet
  facet normal 0 0 1
    outer loop
      vertex -7.6807 -12.246 -0.599999
      vertex -8.45396 -13.4999 -0.599999
      vertex -8.01472 -13.6555 -0.599999
    endloop
  endfacet
  facet normal 0 0 1
    outer loop
      vertex -9.86555 -12.353 -0.599999
      vertex -8.40296 -11.5749 -0.599999
      vertex -8.4671 -11.4031 -0.599999
    endloop
  endfacet
  facet normal 0 0 1
    outer loop
      vertex -10.1868 -11.619 -0.599999
      vertex -8.4671 -11.4031 -0.599999
      vertex -8.50216 -11.22 -0.599999
    endloop
  endfacet
  facet normal 0 0 1
    outer loop
      vertex -7.86411 -12.148 -0.599999
      vertex -8.8681 -13.2821 -0.599999
      vertex -8.45396 -13.4999 -0.599999
    endloop
  endfacet
  facet normal 0 0 1
    outer loop
      vertex -8.03591 -12.022 -0.599999
      vertex -9.25716 -13.002 -0.599999
      vertex -8.8681 -13.2821 -0.599999
    endloop
  endfacet
  facet normal 0 0 1
    outer loop
      vertex -8.30971 -11.7353 -0.599999
      vertex -9.59726 -12.6882 -0.599999
      vertex -9.25716 -13.002 -0.599999
    endloop
  endfacet
  facet normal 0 0 1
    outer loop
      vertex -8.40296 -11.5749 -0.599999
      vertex -9.86555 -12.353 -0.599999
      vertex -9.59726 -12.6882 -0.599999
    endloop
  endfacet
  facet normal 0 0 1
    outer loop
      vertex -8.4671 -11.4031 -0.599999
      vertex -10.0621 -11.9966 -0.599999
      vertex -9.86555 -12.353 -0.599999
    endloop
  endfacet
  facet normal 0 0 1
    outer loop
      vertex -8.4671 -11.4031 -0.599999
      vertex -10.1868 -11.619 -0.599999
      vertex -10.0621 -11.9966 -0.599999
    endloop
  endfacet
  facet normal 0 -0 1
    outer loop
      vertex -10.1868 -11.619 -0.599999
      vertex -8.50216 -11.22 -0.599999
      vertex -10.2397 -11.22 -0.599999
    endloop
  endfacet
  facet normal 0 0 1
    outer loop
      vertex -12.974 -6.54799 -0.599999
      vertex -10.439 -4.5 -0.599999
      vertex -12.2365 -4.5 -0.599999
    endloop
  endfacet
  facet normal 0 0 1
    outer loop
      vertex -13.4652 -7.95599 -0.599999
      vertex -10.439 -4.5 -0.599999
      vertex -12.974 -6.54799 -0.599999
    endloop
  endfacet
  facet normal 0 0 1
    outer loop
      vertex -10.439 -4.5 -0.599999
      vertex -13.4652 -7.95599 -0.599999
      vertex -13.364 -12.855 -0.599999
    endloop
  endfacet
  facet normal 0 0 1
    outer loop
      vertex -12.974 -6.54799 -0.599999
      vertex -15.7202 -7.95599 -0.599999
      vertex -13.4652 -7.95599 -0.599999
    endloop
  endfacet
  facet normal -0 0 1
    outer loop
      vertex -16.2115 -6.54799 -0.599999
      vertex -15.7202 -7.95599 -0.599999
      vertex -12.974 -6.54799 -0.599999
    endloop
  endfacet
  facet normal 0 0 1
    outer loop
      vertex -18.7465 -4.5 -0.599999
      vertex -15.7202 -7.95599 -0.599999
      vertex -16.2115 -6.54799 -0.599999
    endloop
  endfacet
  facet normal -0 0 1
    outer loop
      vertex -18.7465 -4.5 -0.599999
      vertex -16.2115 -6.54799 -0.599999
      vertex -16.9315 -4.5 -0.599999
    endloop
  endfacet
  facet normal 0 0 1
    outer loop
      vertex -15.7202 -7.95599 -0.599999
      vertex -18.7465 -4.5 -0.599999
      vertex -15.8215 -12.855 -0.599999
    endloop
  endfacet
  facet normal -0 0 1
    outer loop
      vertex -14.5927 -11.17 -0.599999
      vertex -13.364 -12.855 -0.599999
      vertex -13.4652 -7.95599 -0.599999
    endloop
  endfacet
  facet normal 0 0 1
    outer loop
      vertex -15.8215 -12.855 -0.599999
      vertex -13.364 -12.855 -0.599999
      vertex -14.5927 -11.17 -0.599999
    endloop
  endfacet
  facet normal 0 0 1
    outer loop
      vertex -13.364 -12.855 -0.599999
      vertex -15.8215 -12.855 -0.599999
      vertex -13.5187 -13.188 -0.599999
    endloop
  endfacet
  facet normal 0 -0 1
    outer loop
      vertex -14.5927 -13.78 -0.599999
      vertex -13.5187 -13.188 -0.599999
      vertex -15.8215 -12.855 -0.599999
    endloop
  endfacet
  facet normal 0 0 1
    outer loop
      vertex -13.719 -13.447 -0.599999
      vertex -14.256 -13.743 -0.599999
      vertex -13.9647 -13.632 -0.599999
    endloop
  endfacet
  facet normal 0 0 1
    outer loop
      vertex -13.5187 -13.188 -0.599999
      vertex -14.256 -13.743 -0.599999
      vertex -13.719 -13.447 -0.599999
    endloop
  endfacet
  facet normal 0 -0 1
    outer loop
      vertex -14.256 -13.743 -0.599999
      vertex -13.5187 -13.188 -0.599999
      vertex -14.5927 -13.78 -0.599999
    endloop
  endfacet
  facet normal 0 0 1
    outer loop
      vertex -14.5927 -13.78 -0.599999
      vertex -15.6719 -13.188 -0.599999
      vertex -14.9347 -13.743 -0.599999
    endloop
  endfacet
  facet normal -0 -0 1
    outer loop
      vertex -15.4743 -13.447 -0.599999
      vertex -14.9347 -13.743 -0.599999
      vertex -15.6719 -13.188 -0.599999
    endloop
  endfacet
  facet normal 0 0 1
    outer loop
      vertex -14.9347 -13.743 -0.599999
      vertex -15.4743 -13.447 -0.599999
      vertex -15.2285 -13.632 -0.599999
    endloop
  endfacet
  facet normal 0 0 1
    outer loop
      vertex -15.8215 -12.855 -0.599999
      vertex -14.5927 -11.17 -0.599999
      vertex -15.7202 -7.95599 -0.599999
    endloop
  endfacet
  facet normal 0 0 1
    outer loop
      vertex -14.5927 -13.78 -0.599999
      vertex -15.8215 -12.855 -0.599999
      vertex -15.6719 -13.188 -0.599999
    endloop
  endfacet
  facet normal 0 0 1
    outer loop
      vertex -21.0311 -8.15195 -0.599999
      vertex -20.9497 -8.467 -0.599999
      vertex -20.9701 -8.32162 -0.599999
    endloop
  endfacet
  facet normal 0 0 1
    outer loop
      vertex -20.9497 -8.467 -0.599999
      vertex -21.0311 -8.15195 -0.599999
      vertex -20.9694 -8.70627 -0.599999
    endloop
  endfacet
  facet normal -0 0 1
    outer loop
      vertex -22.7472 -8.504 -0.599999
      vertex -20.9694 -8.70627 -0.599999
      vertex -21.0311 -8.15195 -0.599999
    endloop
  endfacet
  facet normal 0 0 1
    outer loop
      vertex -20.9694 -8.70627 -0.599999
      vertex -22.7472 -8.504 -0.599999
      vertex -21.0283 -8.9201 -0.599999
    endloop
  endfacet
  facet normal 0 0 1
    outer loop
      vertex -22.7472 -8.504 -0.599999
      vertex -21.0311 -8.15195 -0.599999
      vertex -21.1328 -7.95795 -0.599999
    endloop
  endfacet
  facet normal 0 0 1
    outer loop
      vertex -21.0283 -8.9201 -0.599999
      vertex -22.7472 -8.504 -0.599999
      vertex -21.1266 -9.10851 -0.599999
    endloop
  endfacet
  facet normal 0 0 1
    outer loop
      vertex -22.7472 -8.504 -0.599999
      vertex -21.1328 -7.95795 -0.599999
      vertex -21.2753 -7.73964 -0.599999
    endloop
  endfacet
  facet normal 0 0 1
    outer loop
      vertex -21.1266 -9.10851 -0.599999
      vertex -22.7472 -8.504 -0.599999
      vertex -21.2641 -9.27147 -0.599999
    endloop
  endfacet
  facet normal 0 0 1
    outer loop
      vertex -22.7472 -8.504 -0.599999
      vertex -21.2753 -7.73964 -0.599999
      vertex -21.4585 -7.49699 -0.599999
    endloop
  endfacet
  facet normal 0 -0 1
    outer loop
      vertex -21.498 -9.43575 -0.599999
      vertex -21.2641 -9.27147 -0.599999
      vertex -22.7472 -8.504 -0.599999
    endloop
  endfacet
  facet normal 0 0 1
    outer loop
      vertex -21.2641 -9.27147 -0.599999
      vertex -21.498 -9.43575 -0.599999
      vertex -21.441 -9.409 -0.599999
    endloop
  endfacet
  facet normal 0 0 1
    outer loop
      vertex -21.498 -9.43575 -0.599999
      vertex -22.7472 -8.504 -0.599999
      vertex -21.641 -9.50003 -0.599999
    endloop
  endfacet
  facet normal 0 0 1
    outer loop
      vertex -21.641 -9.50003 -0.599999
      vertex -22.7472 -8.504 -0.599999
      vertex -21.87 -9.60184 -0.599999
    endloop
  endfacet
  facet normal 0 0 1
    outer loop
      vertex -21.87 -9.60184 -0.599999
      vertex -22.7472 -8.504 -0.599999
      vertex -22.185 -9.74115 -0.599999
    endloop
  endfacet
  facet normal 0 0 1
    outer loop
      vertex -22.185 -9.74115 -0.599999
      vertex -22.7472 -8.504 -0.599999
      vertex -22.586 -9.918 -0.599999
    endloop
  endfacet
  facet normal 0 0 1
    outer loop
      vertex -23.8485 -4.5 -0.599999
      vertex -22.7472 -8.504 -0.599999
      vertex -21.4585 -7.49699 -0.599999
    endloop
  endfacet
  facet normal 0 0 1
    outer loop
      vertex -22.7472 -8.504 -0.599999
      vertex -23.8485 -4.5 -0.599999
      vertex -25.8747 -4.5 -0.599999
    endloop
  endfacet
  facet normal -0 0 1
    outer loop
      vertex -23.2048 -8.63847 -0.599999
      vertex -22.586 -9.918 -0.599999
      vertex -22.7472 -8.504 -0.599999
    endloop
  endfacet
  facet normal 0 0 1
    outer loop
      vertex -22.586 -9.918 -0.599999
      vertex -23.2048 -8.63847 -0.599999
      vertex -23.0405 -10.1496 -0.599999
    endloop
  endfacet
  facet normal -0 0 1
    outer loop
      vertex -23.6344 -8.81311 -0.599999
      vertex -23.0405 -10.1496 -0.599999
      vertex -23.2048 -8.63847 -0.599999
    endloop
  endfacet
  facet normal -0 0 1
    outer loop
      vertex -24.0362 -9.02791 -0.599999
      vertex -23.0405 -10.1496 -0.599999
      vertex -23.6344 -8.81311 -0.599999
    endloop
  endfacet
  facet normal 0 0 1
    outer loop
      vertex -23.0405 -10.1496 -0.599999
      vertex -24.0362 -9.02791 -0.599999
      vertex -23.394 -10.395 -0.599999
    endloop
  endfacet
  facet normal -0 0 1
    outer loop
      vertex -24.41 -9.28287 -0.599999
      vertex -23.394 -10.395 -0.599999
      vertex -24.0362 -9.02791 -0.599999
    endloop
  endfacet
  facet normal 0 0 1
    outer loop
      vertex -23.394 -10.395 -0.599999
      vertex -24.41 -9.28287 -0.599999
      vertex -23.6464 -10.6539 -0.599999
    endloop
  endfacet
  facet normal -0 0 1
    outer loop
      vertex -24.756 -9.57799 -0.599999
      vertex -23.6464 -10.6539 -0.599999
      vertex -24.41 -9.28287 -0.599999
    endloop
  endfacet
  facet normal -0 0 1
    outer loop
      vertex -20.6622 -12.372 -0.599999
      vertex -18.9235 -12.855 -0.599999
      vertex -18.9235 -4.5 -0.599999
    endloop
  endfacet
  facet normal 0 -0 1
    outer loop
      vertex -19.271 -13.501 -0.599999
      vertex -18.9235 -12.855 -0.599999
      vertex -20.6622 -12.372 -0.599999
    endloop
  endfacet
  facet normal 0 -0 1
    outer loop
      vertex -19.0486 -13.2642 -0.599999
      vertex -18.9235 -12.855 -0.599999
      vertex -19.1458 -13.3862 -0.599999
    endloop
  endfacet
  facet normal 0 0 1
    outer loop
      vertex -18.9235 -12.855 -0.599999
      vertex -19.0486 -13.2642 -0.599999
      vertex -18.9374 -12.9986 -0.599999
    endloop
  endfacet
  facet normal 0 0 1
    outer loop
      vertex -18.9374 -12.9986 -0.599999
      vertex -19.0486 -13.2642 -0.599999
      vertex -18.9791 -13.135 -0.599999
    endloop
  endfacet
  facet normal 0 0 1
    outer loop
      vertex -18.9235 -12.855 -0.599999
      vertex -19.271 -13.501 -0.599999
      vertex -19.1458 -13.3862 -0.599999
    endloop
  endfacet
  facet normal 0 0 1
    outer loop
      vertex -19.271 -13.501 -0.599999
      vertex -20.6622 -12.372 -0.599999
      vertex -19.4147 -13.6014 -0.599999
    endloop
  endfacet
  facet normal 0 0 1
    outer loop
      vertex -19.4147 -13.6014 -0.599999
      vertex -20.6622 -12.372 -0.599999
      vertex -19.568 -13.6796 -0.599999
    endloop
  endfacet
  facet normal 0 0 1
    outer loop
      vertex -19.568 -13.6796 -0.599999
      vertex -20.6622 -12.372 -0.599999
      vertex -19.7307 -13.7354 -0.599999
    endloop
  endfacet
  facet normal 0 0 1
    outer loop
      vertex -19.7307 -13.7354 -0.599999
      vertex -20.6622 -12.372 -0.599999
      vertex -19.903 -13.7688 -0.599999
    endloop
  endfacet
  facet normal 0 0 1
    outer loop
      vertex -20.6622 -12.372 -0.599999
      vertex -18.9235 -4.5 -0.599999
      vertex -20.6622 -4.5 -0.599999
    endloop
  endfacet
  facet normal 0 0 1
    outer loop
      vertex -19.903 -13.7688 -0.599999
      vertex -20.6622 -12.372 -0.599999
      vertex -20.0847 -13.78 -0.599999
    endloop
  endfacet
  facet normal 0 0 1
    outer loop
      vertex -22.3997 -13.78 -0.599999
      vertex -20.6622 -12.372 -0.599999
      vertex -22.3997 -12.372 -0.599999
    endloop
  endfacet
  facet normal 0 0 1
    outer loop
      vertex -20.6622 -12.372 -0.599999
      vertex -22.3997 -13.78 -0.599999
      vertex -20.0847 -13.78 -0.599999
    endloop
  endfacet
  facet normal 0 0 1
    outer loop
      vertex -22.6157 -12.3576 -0.599999
      vertex -22.3997 -13.78 -0.599999
      vertex -22.3997 -12.372 -0.599999
    endloop
  endfacet
  facet normal 0 0 1
    outer loop
      vertex -22.8783 -13.7509 -0.599999
      vertex -22.6157 -12.3576 -0.599999
      vertex -22.8237 -12.3146 -0.599999
    endloop
  endfacet
  facet normal 0 0 1
    outer loop
      vertex -22.6157 -12.3576 -0.599999
      vertex -22.8783 -13.7509 -0.599999
      vertex -22.3997 -13.78 -0.599999
    endloop
  endfacet
  facet normal 0 0 1
    outer loop
      vertex -23.3379 -13.6637 -0.599999
      vertex -22.8237 -12.3146 -0.599999
      vertex -23.0237 -12.2428 -0.599999
    endloop
  endfacet
  facet normal 0 0 1
    outer loop
      vertex -23.7787 -13.5183 -0.599999
      vertex -23.0237 -12.2428 -0.599999
      vertex -23.2157 -12.1422 -0.599999
    endloop
  endfacet
  facet normal 0 0 1
    outer loop
      vertex -22.8237 -12.3146 -0.599999
      vertex -23.3379 -13.6637 -0.599999
      vertex -22.8783 -13.7509 -0.599999
    endloop
  endfacet
  facet normal 0 0 1
    outer loop
      vertex -24.2005 -13.3147 -0.599999
      vertex -23.2157 -12.1422 -0.599999
      vertex -23.3997 -12.013 -0.599999
    endloop
  endfacet
  facet normal 0 0 1
    outer loop
      vertex -24.6035 -13.053 -0.599999
      vertex -23.3997 -12.013 -0.599999
      vertex -23.5613 -11.8658 -0.599999
    endloop
  endfacet
  facet normal 0 0 1
    outer loop
      vertex -24.6035 -13.053 -0.599999
      vertex -23.5613 -11.8658 -0.599999
      vertex -23.6869 -11.7122 -0.599999
    endloop
  endfacet
  facet normal 0 0 1
    outer loop
      vertex -25.2274 -12.4338 -0.599999
      vertex -23.6869 -11.7122 -0.599999
      vertex -23.7767 -11.5522 -0.599999
    endloop
  endfacet
  facet normal 0 0 1
    outer loop
      vertex -23.0237 -12.2428 -0.599999
      vertex -23.7787 -13.5183 -0.599999
      vertex -23.3379 -13.6637 -0.599999
    endloop
  endfacet
  facet normal 0 0 1
    outer loop
      vertex -25.4225 -12.0924 -0.599999
      vertex -23.7767 -11.5522 -0.599999
      vertex -23.8305 -11.3858 -0.599999
    endloop
  endfacet
  facet normal -0 0 1
    outer loop
      vertex -25.5785 -11.346 -0.599999
      vertex -23.8305 -11.3858 -0.599999
      vertex -23.8485 -11.213 -0.599999
    endloop
  endfacet
  facet normal -0 0 1
    outer loop
      vertex -25.052 -9.89896 -0.599999
      vertex -23.6464 -10.6539 -0.599999
      vertex -24.756 -9.57799 -0.599999
    endloop
  endfacet
  facet normal 0 0 1
    outer loop
      vertex -23.6464 -10.6539 -0.599999
      vertex -25.052 -9.89896 -0.599999
      vertex -23.7979 -10.9266 -0.599999
    endloop
  endfacet
  facet normal 0 0 1
    outer loop
      vertex -23.2157 -12.1422 -0.599999
      vertex -24.2005 -13.3147 -0.599999
      vertex -23.7787 -13.5183 -0.599999
    endloop
  endfacet
  facet normal -0 0 1
    outer loop
      vertex -25.2824 -10.2362 -0.599999
      vertex -23.7979 -10.9266 -0.599999
      vertex -25.052 -9.89896 -0.599999
    endloop
  endfacet
  facet normal 0 0 1
    outer loop
      vertex -23.3997 -12.013 -0.599999
      vertex -24.6035 -13.053 -0.599999
      vertex -24.2005 -13.3147 -0.599999
    endloop
  endfacet
  facet normal -0 0 1
    outer loop
      vertex -25.4469 -10.5898 -0.599999
      vertex -23.7979 -10.9266 -0.599999
      vertex -25.2824 -10.2362 -0.599999
    endloop
  endfacet
  facet normal 0 0 1
    outer loop
      vertex -23.6869 -11.7122 -0.599999
      vertex -24.9545 -12.754 -0.599999
      vertex -24.6035 -13.053 -0.599999
    endloop
  endfacet
  facet normal 0 0 1
    outer loop
      vertex -23.7979 -10.9266 -0.599999
      vertex -25.4469 -10.5898 -0.599999
      vertex -23.8485 -11.213 -0.599999
    endloop
  endfacet
  facet normal -0 0 1
    outer loop
      vertex -25.5456 -10.9597 -0.599999
      vertex -23.8485 -11.213 -0.599999
      vertex -25.4469 -10.5898 -0.599999
    endloop
  endfacet
  facet normal 0 0 1
    outer loop
      vertex -23.6869 -11.7122 -0.599999
      vertex -25.2274 -12.4338 -0.599999
      vertex -24.9545 -12.754 -0.599999
    endloop
  endfacet
  facet normal 0 0 1
    outer loop
      vertex -25.5785 -11.346 -0.599999
      vertex -23.8485 -11.213 -0.599999
      vertex -25.5456 -10.9597 -0.599999
    endloop
  endfacet
  facet normal 0 0 1
    outer loop
      vertex -23.8305 -11.3858 -0.599999
      vertex -25.5785 -11.346 -0.599999
      vertex -25.5395 -11.7298 -0.599999
    endloop
  endfacet
  facet normal 0 0 1
    outer loop
      vertex -23.7767 -11.5522 -0.599999
      vertex -25.4225 -12.0924 -0.599999
      vertex -25.2274 -12.4338 -0.599999
    endloop
  endfacet
  facet normal 0 0 1
    outer loop
      vertex -23.8305 -11.3858 -0.599999
      vertex -25.5395 -11.7298 -0.599999
      vertex -25.4225 -12.0924 -0.599999
    endloop
  endfacet
  facet normal 0 0 1
    outer loop
      vertex -28.5016 -4.5 -0.599999
      vertex -30.2391 -4.5 -0.599999
      vertex -28.5016 -12.372 -0.599999
    endloop
  endfacet
  facet normal -0 0 1
    outer loop
      vertex -28.5016 -12.372 -0.599999
      vertex -26.1866 -13.78 -0.599999
      vertex -26.1866 -12.372 -0.599999
    endloop
  endfacet
  facet normal 0 0 1
    outer loop
      vertex -30.2391 -12.372 -0.599999
      vertex -28.5016 -12.372 -0.599999
      vertex -30.2391 -4.5 -0.599999
    endloop
  endfacet
  facet normal -0 0 1
    outer loop
      vertex -30.2391 -12.372 -0.599999
      vertex -26.1866 -13.78 -0.599999
      vertex -28.5016 -12.372 -0.599999
    endloop
  endfacet
  facet normal 0 0 1
    outer loop
      vertex -32.5528 -13.78 -0.599999
      vertex -30.2391 -12.372 -0.599999
      vertex -32.5528 -12.372 -0.599999
    endloop
  endfacet
  facet normal 0 0 1
    outer loop
      vertex -30.2391 -12.372 -0.599999
      vertex -32.5528 -13.78 -0.599999
      vertex -26.1866 -13.78 -0.599999
    endloop
  endfacet
  facet normal -0.217886 0.975974 0
    outer loop
      vertex 24.1413 -8.21199 -1
      vertex 22.3714 -8.60712 -0.599999
      vertex 24.1413 -8.21199 -0.599999
    endloop
  endfacet
  facet normal -0.217886 0.975974 0
    outer loop
      vertex 22.3714 -8.60712 -0.599999
      vertex 24.1413 -8.21199 -1
      vertex 22.3714 -8.60712 -1
    endloop
  endfacet
  facet normal -0.347994 0.937497 0
    outer loop
      vertex 22.3714 -8.60712 -1
      vertex 20.9949 -9.11807 -0.599999
      vertex 22.3714 -8.60712 -0.599999
    endloop
  endfacet
  facet normal -0.347994 0.937497 0
    outer loop
      vertex 20.9949 -9.11807 -0.599999
      vertex 22.3714 -8.60712 -1
      vertex 20.9949 -9.11807 -1
    endloop
  endfacet
  facet normal -0.537525 0.843248 0
    outer loop
      vertex 20.9949 -9.11807 -1
      vertex 20.0116 -9.74487 -0.599999
      vertex 20.9949 -9.11807 -0.599999
    endloop
  endfacet
  facet normal -0.537525 0.843248 0
    outer loop
      vertex 20.0116 -9.74487 -0.599999
      vertex 20.9949 -9.11807 -1
      vertex 20.0116 -9.74487 -1
    endloop
  endfacet
  facet normal -0.783026 0.621988 0
    outer loop
      vertex 19.4217 -10.4875 -1
      vertex 20.0116 -9.74487 -0.599999
      vertex 20.0116 -9.74487 -1
    endloop
  endfacet
  facet normal -0.783026 0.621988 0
    outer loop
      vertex 20.0116 -9.74487 -0.599999
      vertex 19.4217 -10.4875 -1
      vertex 19.4217 -10.4875 -0.599999
    endloop
  endfacet
  facet normal -0.974742 0.223333 0
    outer loop
      vertex 19.225 -11.346 -1
      vertex 19.4217 -10.4875 -0.599999
      vertex 19.4217 -10.4875 -1
    endloop
  endfacet
  facet normal -0.974742 0.223333 0
    outer loop
      vertex 19.4217 -10.4875 -0.599999
      vertex 19.225 -11.346 -1
      vertex 19.225 -11.346 -0.599999
    endloop
  endfacet
  facet normal -0.994877 -0.101095 0
    outer loop
      vertex 19.264 -11.7298 -1
      vertex 19.225 -11.346 -0.599999
      vertex 19.225 -11.346 -1
    endloop
  endfacet
  facet normal -0.994877 -0.101095 0
    outer loop
      vertex 19.225 -11.346 -0.599999
      vertex 19.264 -11.7298 -1
      vertex 19.264 -11.7298 -0.599999
    endloop
  endfacet
  facet normal -0.951684 -0.307079 0
    outer loop
      vertex 19.381 -12.0924 -1
      vertex 19.264 -11.7298 -0.599999
      vertex 19.264 -11.7298 -1
    endloop
  endfacet
  facet normal -0.951684 -0.307079 0
    outer loop
      vertex 19.264 -11.7298 -0.599999
      vertex 19.381 -12.0924 -1
      vertex 19.381 -12.0924 -0.599999
    endloop
  endfacet
  facet normal -0.868337 -0.495975 0
    outer loop
      vertex 19.576 -12.4338 -1
      vertex 19.381 -12.0924 -0.599999
      vertex 19.381 -12.0924 -1
    endloop
  endfacet
  facet normal -0.868337 -0.495975 0
    outer loop
      vertex 19.381 -12.0924 -0.599999
      vertex 19.576 -12.4338 -1
      vertex 19.576 -12.4338 -0.599999
    endloop
  endfacet
  facet normal -0.760965 -0.648793 0
    outer loop
      vertex 19.849 -12.754 -1
      vertex 19.576 -12.4338 -0.599999
      vertex 19.576 -12.4338 -1
    endloop
  endfacet
  facet normal -0.760965 -0.648793 0
    outer loop
      vertex 19.576 -12.4338 -0.599999
      vertex 19.849 -12.754 -1
      vertex 19.849 -12.754 -0.599999
    endloop
  endfacet
  facet normal -0.648466 -0.761243 0
    outer loop
      vertex 19.849 -12.754 -1
      vertex 20.2 -13.053 -0.599999
      vertex 19.849 -12.754 -0.599999
    endloop
  endfacet
  facet normal -0.648466 -0.761243 -0
    outer loop
      vertex 20.2 -13.053 -0.599999
      vertex 19.849 -12.754 -1
      vertex 20.2 -13.053 -1
    endloop
  endfacet
  facet normal -0.544623 -0.838681 0
    outer loop
      vertex 20.2 -13.053 -1
      vertex 20.603 -13.3147 -0.599999
      vertex 20.2 -13.053 -0.599999
    endloop
  endfacet
  facet normal -0.544623 -0.838681 -0
    outer loop
      vertex 20.603 -13.3147 -0.599999
      vertex 20.2 -13.053 -1
      vertex 20.603 -13.3147 -1
    endloop
  endfacet
  facet normal -0.434701 -0.900575 0
    outer loop
      vertex 20.603 -13.3147 -1
      vertex 21.0248 -13.5183 -0.599999
      vertex 20.603 -13.3147 -0.599999
    endloop
  endfacet
  facet normal -0.434701 -0.900575 -0
    outer loop
      vertex 21.0248 -13.5183 -0.599999
      vertex 20.603 -13.3147 -1
      vertex 21.0248 -13.5183 -1
    endloop
  endfacet
  facet normal -0.313317 -0.949649 0
    outer loop
      vertex 21.0248 -13.5183 -1
      vertex 21.4655 -13.6637 -0.599999
      vertex 21.0248 -13.5183 -0.599999
    endloop
  endfacet
  facet normal -0.313317 -0.949649 -0
    outer loop
      vertex 21.4655 -13.6637 -0.599999
      vertex 21.0248 -13.5183 -1
      vertex 21.4655 -13.6637 -1
    endloop
  endfacet
  facet normal -0.186366 -0.98248 0
    outer loop
      vertex 21.4655 -13.6637 -1
      vertex 21.9252 -13.7509 -0.599999
      vertex 21.4655 -13.6637 -0.599999
    endloop
  endfacet
  facet normal -0.186366 -0.98248 -0
    outer loop
      vertex 21.9252 -13.7509 -0.599999
      vertex 21.4655 -13.6637 -1
      vertex 21.9252 -13.7509 -1
    endloop
  endfacet
  facet normal -0.0606903 -0.998157 0
    outer loop
      vertex 21.9252 -13.7509 -1
      vertex 22.4038 -13.78 -0.599999
      vertex 21.9252 -13.7509 -0.599999
    endloop
  endfacet
  facet normal -0.0606903 -0.998157 -0
    outer loop
      vertex 22.4038 -13.78 -0.599999
      vertex 21.9252 -13.7509 -1
      vertex 22.4038 -13.78 -1
    endloop
  endfacet
  facet normal 0 -1 0
    outer loop
      vertex 22.4038 -13.78 -1
      vertex 24.7188 -13.78 -0.599999
      vertex 22.4038 -13.78 -0.599999
    endloop
  endfacet
  facet normal 0 -1 -0
    outer loop
      vertex 24.7188 -13.78 -0.599999
      vertex 22.4038 -13.78 -1
      vertex 24.7188 -13.78 -1
    endloop
  endfacet
  facet normal 0.0615233 -0.998106 0
    outer loop
      vertex 24.7188 -13.78 -1
      vertex 24.9005 -13.7688 -0.599999
      vertex 24.7188 -13.78 -0.599999
    endloop
  endfacet
  facet normal 0.0615233 -0.998106 0
    outer loop
      vertex 24.9005 -13.7688 -0.599999
      vertex 24.7188 -13.78 -1
      vertex 24.9005 -13.7688 -1
    endloop
  endfacet
  facet normal 0.190305 -0.981725 0
    outer loop
      vertex 24.9005 -13.7688 -1
      vertex 25.0728 -13.7354 -0.599999
      vertex 24.9005 -13.7688 -0.599999
    endloop
  endfacet
  facet normal 0.190305 -0.981725 0
    outer loop
      vertex 25.0728 -13.7354 -0.599999
      vertex 24.9005 -13.7688 -1
      vertex 25.0728 -13.7354 -1
    endloop
  endfacet
  facet normal 0.324414 -0.945915 0
    outer loop
      vertex 25.0728 -13.7354 -1
      vertex 25.2355 -13.6796 -0.599999
      vertex 25.0728 -13.7354 -0.599999
    endloop
  endfacet
  facet normal 0.324414 -0.945915 0
    outer loop
      vertex 25.2355 -13.6796 -0.599999
      vertex 25.0728 -13.7354 -1
      vertex 25.2355 -13.6796 -1
    endloop
  endfacet
  facet normal 0.454404 -0.890795 0
    outer loop
      vertex 25.2355 -13.6796 -1
      vertex 25.3888 -13.6014 -0.599999
      vertex 25.2355 -13.6796 -0.599999
    endloop
  endfacet
  facet normal 0.454404 -0.890795 0
    outer loop
      vertex 25.3888 -13.6014 -0.599999
      vertex 25.2355 -13.6796 -1
      vertex 25.3888 -13.6014 -1
    endloop
  endfacet
  facet normal 0.572735 -0.819741 0
    outer loop
      vertex 25.3888 -13.6014 -1
      vertex 25.5325 -13.501 -0.599999
      vertex 25.3888 -13.6014 -0.599999
    endloop
  endfacet
  facet normal 0.572735 -0.819741 0
    outer loop
      vertex 25.5325 -13.501 -0.599999
      vertex 25.3888 -13.6014 -1
      vertex 25.5325 -13.501 -1
    endloop
  endfacet
  facet normal 0.676125 -0.736787 0
    outer loop
      vertex 25.5325 -13.501 -1
      vertex 25.6576 -13.3862 -0.599999
      vertex 25.5325 -13.501 -0.599999
    endloop
  endfacet
  facet normal 0.676125 -0.736787 0
    outer loop
      vertex 25.6576 -13.3862 -0.599999
      vertex 25.5325 -13.501 -1
      vertex 25.6576 -13.3862 -1
    endloop
  endfacet
  facet normal 0.781806 -0.623522 0
    outer loop
      vertex 25.6576 -13.3862 -0.599999
      vertex 25.7549 -13.2642 -1
      vertex 25.7549 -13.2642 -0.599999
    endloop
  endfacet
  facet normal 0.781806 -0.623522 0
    outer loop
      vertex 25.7549 -13.2642 -1
      vertex 25.6576 -13.3862 -0.599999
      vertex 25.6576 -13.3862 -1
    endloop
  endfacet
  facet normal 0.880668 -0.473734 0
    outer loop
      vertex 25.7549 -13.2642 -0.599999
      vertex 25.8244 -13.135 -1
      vertex 25.8244 -13.135 -0.599999
    endloop
  endfacet
  facet normal 0.880668 -0.473734 0
    outer loop
      vertex 25.8244 -13.135 -1
      vertex 25.7549 -13.2642 -0.599999
      vertex 25.7549 -13.2642 -1
    endloop
  endfacet
  facet normal 0.956308 -0.292361 0
    outer loop
      vertex 25.8244 -13.135 -0.599999
      vertex 25.8661 -12.9986 -1
      vertex 25.8661 -12.9986 -0.599999
    endloop
  endfacet
  facet normal 0.956308 -0.292361 0
    outer loop
      vertex 25.8661 -12.9986 -1
      vertex 25.8244 -13.135 -0.599999
      vertex 25.8244 -13.135 -1
    endloop
  endfacet
  facet normal 0.995348 -0.0963463 0
    outer loop
      vertex 25.8661 -12.9986 -0.599999
      vertex 25.88 -12.855 -1
      vertex 25.88 -12.855 -0.599999
    endloop
  endfacet
  facet normal 0.995348 -0.0963463 0
    outer loop
      vertex 25.88 -12.855 -1
      vertex 25.8661 -12.9986 -0.599999
      vertex 25.8661 -12.9986 -1
    endloop
  endfacet
  facet normal 1 -0 0
    outer loop
      vertex 25.88 -12.855 -0.599999
      vertex 25.88 -4.5 -1
      vertex 25.88 -4.5 -0.599999
    endloop
  endfacet
  facet normal 1 0 0
    outer loop
      vertex 25.88 -4.5 -1
      vertex 25.88 -12.855 -0.599999
      vertex 25.88 -12.855 -1
    endloop
  endfacet
  facet normal 0 1 -0
    outer loop
      vertex 25.88 -4.5 -1
      vertex 24.1413 -4.5 -0.599999
      vertex 25.88 -4.5 -0.599999
    endloop
  endfacet
  facet normal 0 1 0
    outer loop
      vertex 24.1413 -4.5 -0.599999
      vertex 25.88 -4.5 -1
      vertex 24.1413 -4.5 -1
    endloop
  endfacet
  facet normal -1 0 0
    outer loop
      vertex 24.1413 -8.21199 -1
      vertex 24.1413 -4.5 -0.599999
      vertex 24.1413 -4.5 -1
    endloop
  endfacet
  facet normal -1 -0 0
    outer loop
      vertex 24.1413 -4.5 -0.599999
      vertex 24.1413 -8.21199 -1
      vertex 24.1413 -8.21199 -0.599999
    endloop
  endfacet
  facet normal 0 1 -0
    outer loop
      vertex 24.1413 -12.372 -1
      vertex 22.4038 -12.372 -0.599999
      vertex 24.1413 -12.372 -0.599999
    endloop
  endfacet
  facet normal 0 1 0
    outer loop
      vertex 22.4038 -12.372 -0.599999
      vertex 24.1413 -12.372 -1
      vertex 22.4038 -12.372 -1
    endloop
  endfacet
  facet normal 0.066519 0.997785 -0
    outer loop
      vertex 22.4038 -12.372 -1
      vertex 22.1878 -12.3576 -0.599999
      vertex 22.4038 -12.372 -0.599999
    endloop
  endfacet
  facet normal 0.066519 0.997785 0
    outer loop
      vertex 22.1878 -12.3576 -0.599999
      vertex 22.4038 -12.372 -1
      vertex 22.1878 -12.3576 -1
    endloop
  endfacet
  facet normal 0.20245 0.979293 -0
    outer loop
      vertex 22.1878 -12.3576 -1
      vertex 21.9798 -12.3146 -0.599999
      vertex 22.1878 -12.3576 -0.599999
    endloop
  endfacet
  facet normal 0.20245 0.979293 0
    outer loop
      vertex 21.9798 -12.3146 -0.599999
      vertex 22.1878 -12.3576 -1
      vertex 21.9798 -12.3146 -1
    endloop
  endfacet
  facet normal 0.337886 0.941187 -0
    outer loop
      vertex 21.9798 -12.3146 -1
      vertex 21.7798 -12.2428 -0.599999
      vertex 21.9798 -12.3146 -0.599999
    endloop
  endfacet
  facet normal 0.337886 0.941187 0
    outer loop
      vertex 21.7798 -12.2428 -0.599999
      vertex 21.9798 -12.3146 -1
      vertex 21.7798 -12.2428 -1
    endloop
  endfacet
  facet normal 0.46411 0.885777 -0
    outer loop
      vertex 21.7798 -12.2428 -1
      vertex 21.5878 -12.1422 -0.599999
      vertex 21.7798 -12.2428 -0.599999
    endloop
  endfacet
  facet normal 0.46411 0.885777 0
    outer loop
      vertex 21.5878 -12.1422 -0.599999
      vertex 21.7798 -12.2428 -1
      vertex 21.5878 -12.1422 -1
    endloop
  endfacet
  facet normal 0.574656 0.818395 -0
    outer loop
      vertex 21.5878 -12.1422 -1
      vertex 21.4038 -12.013 -0.599999
      vertex 21.5878 -12.1422 -0.599999
    endloop
  endfacet
  facet normal 0.574656 0.818395 0
    outer loop
      vertex 21.4038 -12.013 -0.599999
      vertex 21.5878 -12.1422 -1
      vertex 21.4038 -12.013 -1
    endloop
  endfacet
  facet normal 0.673401 0.739277 -0
    outer loop
      vertex 21.4038 -12.013 -1
      vertex 21.2422 -11.8658 -0.599999
      vertex 21.4038 -12.013 -0.599999
    endloop
  endfacet
  facet normal 0.673401 0.739277 0
    outer loop
      vertex 21.2422 -11.8658 -0.599999
      vertex 21.4038 -12.013 -1
      vertex 21.2422 -11.8658 -1
    endloop
  endfacet
  facet normal 0.77454 0.632525 0
    outer loop
      vertex 21.2422 -11.8658 -0.599999
      vertex 21.1166 -11.712 -1
      vertex 21.1166 -11.712 -0.599999
    endloop
  endfacet
  facet normal 0.77454 0.632525 0
    outer loop
      vertex 21.1166 -11.712 -1
      vertex 21.2422 -11.8658 -0.599999
      vertex 21.2422 -11.8658 -1
    endloop
  endfacet
  facet normal 0.872302 0.488968 0
    outer loop
      vertex 21.1166 -11.712 -0.599999
      vertex 21.0268 -11.5518 -1
      vertex 21.0268 -11.5518 -0.599999
    endloop
  endfacet
  facet normal 0.872302 0.488968 0
    outer loop
      vertex 21.0268 -11.5518 -1
      vertex 21.1166 -11.712 -0.599999
      vertex 21.1166 -11.712 -1
    endloop
  endfacet
  facet normal 0.951666 0.307136 0
    outer loop
      vertex 21.0268 -11.5518 -0.599999
      vertex 20.973 -11.3851 -1
      vertex 20.973 -11.3851 -0.599999
    endloop
  endfacet
  facet normal 0.951666 0.307136 0
    outer loop
      vertex 20.973 -11.3851 -1
      vertex 21.0268 -11.5518 -0.599999
      vertex 21.0268 -11.5518 -1
    endloop
  endfacet
  facet normal 0.994637 0.103428 0
    outer loop
      vertex 20.973 -11.3851 -0.599999
      vertex 20.955 -11.212 -1
      vertex 20.955 -11.212 -0.599999
    endloop
  endfacet
  facet normal 0.994637 0.103428 0
    outer loop
      vertex 20.955 -11.212 -1
      vertex 20.973 -11.3851 -0.599999
      vertex 20.973 -11.3851 -1
    endloop
  endfacet
  facet normal 0.962599 -0.27093 0
    outer loop
      vertex 20.955 -11.212 -0.599999
      vertex 21.0825 -10.759 -1
      vertex 21.0825 -10.759 -0.599999
    endloop
  endfacet
  facet normal 0.962599 -0.27093 0
    outer loop
      vertex 21.0825 -10.759 -1
      vertex 20.955 -11.212 -0.599999
      vertex 20.955 -11.212 -1
    endloop
  endfacet
  facet normal 0.712681 -0.701488 0
    outer loop
      vertex 21.0825 -10.759 -0.599999
      vertex 21.4648 -10.3706 -1
      vertex 21.4648 -10.3706 -0.599999
    endloop
  endfacet
  facet normal 0.712681 -0.701488 0
    outer loop
      vertex 21.4648 -10.3706 -1
      vertex 21.0825 -10.759 -0.599999
      vertex 21.0825 -10.759 -1
    endloop
  endfacet
  facet normal 0.45319 -0.891414 0
    outer loop
      vertex 21.4648 -10.3706 -1
      vertex 22.1021 -10.0466 -0.599999
      vertex 21.4648 -10.3706 -0.599999
    endloop
  endfacet
  facet normal 0.45319 -0.891414 0
    outer loop
      vertex 22.1021 -10.0466 -0.599999
      vertex 21.4648 -10.3706 -1
      vertex 22.1021 -10.0466 -1
    endloop
  endfacet
  facet normal 0.279379 -0.960181 0
    outer loop
      vertex 22.1021 -10.0466 -1
      vertex 22.9942 -9.78703 -0.599999
      vertex 22.1021 -10.0466 -0.599999
    endloop
  endfacet
  facet normal 0.279379 -0.960181 0
    outer loop
      vertex 22.9942 -9.78703 -0.599999
      vertex 22.1021 -10.0466 -1
      vertex 22.9942 -9.78703 -1
    endloop
  endfacet
  facet normal 0.167615 -0.985853 0
    outer loop
      vertex 22.9942 -9.78703 -1
      vertex 24.1413 -9.592 -0.599999
      vertex 22.9942 -9.78703 -0.599999
    endloop
  endfacet
  facet normal 0.167615 -0.985853 0
    outer loop
      vertex 24.1413 -9.592 -0.599999
      vertex 22.9942 -9.78703 -1
      vertex 24.1413 -9.592 -1
    endloop
  endfacet
  facet normal -1 0 0
    outer loop
      vertex 24.1413 -12.372 -1
      vertex 24.1413 -9.592 -0.599999
      vertex 24.1413 -9.592 -1
    endloop
  endfacet
  facet normal -1 -0 0
    outer loop
      vertex 24.1413 -9.592 -0.599999
      vertex 24.1413 -12.372 -1
      vertex 24.1413 -12.372 -0.599999
    endloop
  endfacet
  facet normal 0 -1 0
    outer loop
      vertex 12.3199 -5.90799 -1
      vertex 16.2274 -5.90799 -0.599999
      vertex 12.3199 -5.90799 -0.599999
    endloop
  endfacet
  facet normal 0 -1 -0
    outer loop
      vertex 16.2274 -5.90799 -0.599999
      vertex 12.3199 -5.90799 -1
      vertex 16.2274 -5.90799 -1
    endloop
  endfacet
  facet normal -1 0 0
    outer loop
      vertex 16.2274 -13.78 -1
      vertex 16.2274 -5.90799 -0.599999
      vertex 16.2274 -5.90799 -1
    endloop
  endfacet
  facet normal -1 -0 0
    outer loop
      vertex 16.2274 -5.90799 -0.599999
      vertex 16.2274 -13.78 -1
      vertex 16.2274 -13.78 -0.599999
    endloop
  endfacet
  facet normal 0 -1 0
    outer loop
      vertex 16.2274 -13.78 -1
      vertex 17.9662 -13.78 -0.599999
      vertex 16.2274 -13.78 -0.599999
    endloop
  endfacet
  facet normal 0 -1 -0
    outer loop
      vertex 17.9662 -13.78 -0.599999
      vertex 16.2274 -13.78 -1
      vertex 17.9662 -13.78 -1
    endloop
  endfacet
  facet normal 1 -0 0
    outer loop
      vertex 17.9662 -13.78 -0.599999
      vertex 17.9662 -5.431 -1
      vertex 17.9662 -5.431 -0.599999
    endloop
  endfacet
  facet normal 1 0 0
    outer loop
      vertex 17.9662 -5.431 -1
      vertex 17.9662 -13.78 -0.599999
      vertex 17.9662 -13.78 -1
    endloop
  endfacet
  facet normal 0.995484 0.0949251 0
    outer loop
      vertex 17.9662 -5.431 -0.599999
      vertex 17.9523 -5.28523 -1
      vertex 17.9523 -5.28523 -0.599999
    endloop
  endfacet
  facet normal 0.995484 0.0949251 0
    outer loop
      vertex 17.9523 -5.28523 -1
      vertex 17.9662 -5.431 -0.599999
      vertex 17.9662 -5.431 -1
    endloop
  endfacet
  facet normal 0.957292 0.289122 0
    outer loop
      vertex 17.9523 -5.28523 -0.599999
      vertex 17.9106 -5.14716 -1
      vertex 17.9106 -5.14716 -0.599999
    endloop
  endfacet
  facet normal 0.957292 0.289122 0
    outer loop
      vertex 17.9106 -5.14716 -1
      vertex 17.9523 -5.28523 -0.599999
      vertex 17.9523 -5.28523 -1
    endloop
  endfacet
  facet normal 0.882499 0.470314 0
    outer loop
      vertex 17.9106 -5.14716 -0.599999
      vertex 17.8411 -5.01675 -1
      vertex 17.8411 -5.01675 -0.599999
    endloop
  endfacet
  facet normal 0.882499 0.470314 0
    outer loop
      vertex 17.8411 -5.01675 -1
      vertex 17.9106 -5.14716 -0.599999
      vertex 17.9106 -5.14716 -1
    endloop
  endfacet
  facet normal 0.78359 0.621278 0
    outer loop
      vertex 17.8411 -5.01675 -0.599999
      vertex 17.7438 -4.89403 -1
      vertex 17.7438 -4.89403 -0.599999
    endloop
  endfacet
  facet normal 0.78359 0.621278 0
    outer loop
      vertex 17.7438 -4.89403 -1
      vertex 17.8411 -5.01675 -0.599999
      vertex 17.8411 -5.01675 -1
    endloop
  endfacet
  facet normal 0.676891 0.736083 -0
    outer loop
      vertex 17.7438 -4.89403 -1
      vertex 17.6187 -4.77899 -0.599999
      vertex 17.7438 -4.89403 -0.599999
    endloop
  endfacet
  facet normal 0.676891 0.736083 0
    outer loop
      vertex 17.6187 -4.77899 -0.599999
      vertex 17.7438 -4.89403 -1
      vertex 17.6187 -4.77899 -1
    endloop
  endfacet
  facet normal 0.572582 0.819847 -0
    outer loop
      vertex 17.6187 -4.77899 -1
      vertex 17.4749 -4.67856 -0.599999
      vertex 17.6187 -4.77899 -0.599999
    endloop
  endfacet
  facet normal 0.572582 0.819847 0
    outer loop
      vertex 17.4749 -4.67856 -0.599999
      vertex 17.6187 -4.77899 -1
      vertex 17.4749 -4.67856 -1
    endloop
  endfacet
  facet normal 0.453847 0.89108 -0
    outer loop
      vertex 17.4749 -4.67856 -1
      vertex 17.3215 -4.60043 -0.599999
      vertex 17.4749 -4.67856 -0.599999
    endloop
  endfacet
  facet normal 0.453847 0.89108 0
    outer loop
      vertex 17.3215 -4.60043 -0.599999
      vertex 17.4749 -4.67856 -1
      vertex 17.3215 -4.60043 -1
    endloop
  endfacet
  facet normal 0.323879 0.946098 -0
    outer loop
      vertex 17.3215 -4.60043 -1
      vertex 17.1585 -4.54463 -0.599999
      vertex 17.3215 -4.60043 -0.599999
    endloop
  endfacet
  facet normal 0.323879 0.946098 0
    outer loop
      vertex 17.1585 -4.54463 -0.599999
      vertex 17.3215 -4.60043 -1
      vertex 17.1585 -4.54463 -1
    endloop
  endfacet
  facet normal 0.190425 0.981702 -0
    outer loop
      vertex 17.1585 -4.54463 -1
      vertex 16.9859 -4.51115 -0.599999
      vertex 17.1585 -4.54463 -0.599999
    endloop
  endfacet
  facet normal 0.190425 0.981702 0
    outer loop
      vertex 16.9859 -4.51115 -0.599999
      vertex 17.1585 -4.54463 -1
      vertex 16.9859 -4.51115 -1
    endloop
  endfacet
  facet normal 0.0610822 0.998133 -0
    outer loop
      vertex 16.9859 -4.51115 -1
      vertex 16.8037 -4.5 -0.599999
      vertex 16.9859 -4.51115 -0.599999
    endloop
  endfacet
  facet normal 0.0610822 0.998133 0
    outer loop
      vertex 16.8037 -4.5 -0.599999
      vertex 16.9859 -4.51115 -1
      vertex 16.8037 -4.5 -1
    endloop
  endfacet
  facet normal 0 1 -0
    outer loop
      vertex 16.8037 -4.5 -1
      vertex 12.3199 -4.5 -0.599999
      vertex 16.8037 -4.5 -0.599999
    endloop
  endfacet
  facet normal 0 1 0
    outer loop
      vertex 12.3199 -4.5 -0.599999
      vertex 16.8037 -4.5 -1
      vertex 12.3199 -4.5 -1
    endloop
  endfacet
  facet normal -1 0 0
    outer loop
      vertex 12.3199 -5.90799 -1
      vertex 12.3199 -4.5 -0.599999
      vertex 12.3199 -4.5 -1
    endloop
  endfacet
  facet normal -1 -0 0
    outer loop
      vertex 12.3199 -4.5 -0.599999
      vertex 12.3199 -5.90799 -1
      vertex 12.3199 -5.90799 -0.599999
    endloop
  endfacet
  facet normal -0.193886 0.981024 0
    outer loop
      vertex 7.71511 -4.53072 -1
      vertex 7.2488 -4.62288 -0.599999
      vertex 7.71511 -4.53072 -0.599999
    endloop
  endfacet
  facet normal -0.193886 0.981024 0
    outer loop
      vertex 7.2488 -4.62288 -0.599999
      vertex 7.71511 -4.53072 -1
      vertex 7.2488 -4.62288 -1
    endloop
  endfacet
  facet normal -0.327905 0.944711 0
    outer loop
      vertex 7.2488 -4.62288 -1
      vertex 6.8063 -4.77647 -0.599999
      vertex 7.2488 -4.62288 -0.599999
    endloop
  endfacet
  facet normal -0.327905 0.944711 0
    outer loop
      vertex 6.8063 -4.77647 -0.599999
      vertex 7.2488 -4.62288 -1
      vertex 6.8063 -4.77647 -1
    endloop
  endfacet
  facet normal -0.456875 0.889531 0
    outer loop
      vertex 6.8063 -4.77647 -1
      vertex 6.3876 -4.99152 -0.599999
      vertex 6.8063 -4.77647 -0.599999
    endloop
  endfacet
  facet normal -0.456875 0.889531 0
    outer loop
      vertex 6.3876 -4.99152 -0.599999
      vertex 6.8063 -4.77647 -1
      vertex 6.3876 -4.99152 -1
    endloop
  endfacet
  facet normal -0.573518 0.819193 0
    outer loop
      vertex 6.3876 -4.99152 -1
      vertex 5.9927 -5.26799 -0.599999
      vertex 6.3876 -4.99152 -0.599999
    endloop
  endfacet
  facet normal -0.573518 0.819193 0
    outer loop
      vertex 5.9927 -5.26799 -0.599999
      vertex 6.3876 -4.99152 -1
      vertex 5.9927 -5.26799 -1
    endloop
  endfacet
  facet normal -0.67617 0.736746 0
    outer loop
      vertex 5.9927 -5.26799 -1
      vertex 5.64486 -5.58723 -0.599999
      vertex 5.9927 -5.26799 -0.599999
    endloop
  endfacet
  facet normal -0.67617 0.736746 0
    outer loop
      vertex 5.64486 -5.58723 -0.599999
      vertex 5.9927 -5.26799 -1
      vertex 5.64486 -5.58723 -1
    endloop
  endfacet
  facet normal -0.780445 0.625225 0
    outer loop
      vertex 5.3743 -5.92496 -1
      vertex 5.64486 -5.58723 -0.599999
      vertex 5.64486 -5.58723 -1
    endloop
  endfacet
  facet normal -0.780445 0.625225 0
    outer loop
      vertex 5.64486 -5.58723 -0.599999
      vertex 5.3743 -5.92496 -1
      vertex 5.3743 -5.92496 -0.599999
    endloop
  endfacet
  facet normal -0.878973 0.476871 0
    outer loop
      vertex 5.18105 -6.28116 -1
      vertex 5.3743 -5.92496 -0.599999
      vertex 5.3743 -5.92496 -1
    endloop
  endfacet
  facet normal -0.878973 0.476871 0
    outer loop
      vertex 5.3743 -5.92496 -0.599999
      vertex 5.18105 -6.28116 -1
      vertex 5.18105 -6.28116 -0.599999
    endloop
  endfacet
  facet normal -0.955302 0.295632 0
    outer loop
      vertex 5.0651 -6.65584 -1
      vertex 5.18105 -6.28116 -0.599999
      vertex 5.18105 -6.28116 -1
    endloop
  endfacet
  facet normal -0.955302 0.295632 0
    outer loop
      vertex 5.18105 -6.28116 -0.599999
      vertex 5.0651 -6.65584 -1
      vertex 5.0651 -6.65584 -0.599999
    endloop
  endfacet
  facet normal -0.995205 0.0978094 0
    outer loop
      vertex 5.02646 -7.049 -1
      vertex 5.0651 -6.65584 -0.599999
      vertex 5.0651 -6.65584 -1
    endloop
  endfacet
  facet normal -0.995205 0.0978094 0
    outer loop
      vertex 5.0651 -6.65584 -0.599999
      vertex 5.02646 -7.049 -1
      vertex 5.02646 -7.049 -0.599999
    endloop
  endfacet
  facet normal -1 0 0
    outer loop
      vertex 5.02646 -13.78 -1
      vertex 5.02646 -7.049 -0.599999
      vertex 5.02646 -7.049 -1
    endloop
  endfacet
  facet normal -1 -0 0
    outer loop
      vertex 5.02646 -7.049 -0.599999
      vertex 5.02646 -13.78 -1
      vertex 5.02646 -13.78 -0.599999
    endloop
  endfacet
  facet normal 0 -1 0
    outer loop
      vertex 5.02646 -13.78 -1
      vertex 6.76396 -13.78 -0.599999
      vertex 5.02646 -13.78 -0.599999
    endloop
  endfacet
  facet normal 0 -1 -0
    outer loop
      vertex 6.76396 -13.78 -0.599999
      vertex 5.02646 -13.78 -1
      vertex 6.76396 -13.78 -1
    endloop
  endfacet
  facet normal 1 -0 0
    outer loop
      vertex 6.76396 -13.78 -0.599999
      vertex 6.76396 -7.062 -1
      vertex 6.76396 -7.062 -0.599999
    endloop
  endfacet
  facet normal 1 0 0
    outer loop
      vertex 6.76396 -7.062 -1
      vertex 6.76396 -13.78 -0.599999
      vertex 6.76396 -13.78 -1
    endloop
  endfacet
  facet normal 0.994981 -0.100065 0
    outer loop
      vertex 6.76396 -7.062 -0.599999
      vertex 6.7816 -6.8866 -1
      vertex 6.7816 -6.8866 -0.599999
    endloop
  endfacet
  facet normal 0.994981 -0.100065 0
    outer loop
      vertex 6.7816 -6.8866 -1
      vertex 6.76396 -7.062 -0.599999
      vertex 6.76396 -7.062 -1
    endloop
  endfacet
  facet normal 0.953647 -0.300927 0
    outer loop
      vertex 6.7816 -6.8866 -0.599999
      vertex 6.83455 -6.7188 -1
      vertex 6.83455 -6.7188 -0.599999
    endloop
  endfacet
  facet normal 0.953647 -0.300927 0
    outer loop
      vertex 6.83455 -6.7188 -1
      vertex 6.7816 -6.8866 -0.599999
      vertex 6.7816 -6.8866 -1
    endloop
  endfacet
  facet normal 0.875905 -0.482483 0
    outer loop
      vertex 6.83455 -6.7188 -0.599999
      vertex 6.9228 -6.55859 -1
      vertex 6.9228 -6.55859 -0.599999
    endloop
  endfacet
  facet normal 0.875905 -0.482483 0
    outer loop
      vertex 6.9228 -6.55859 -1
      vertex 6.83455 -6.7188 -0.599999
      vertex 6.83455 -6.7188 -1
    endloop
  endfacet
  facet normal 0.777178 -0.62928 0
    outer loop
      vertex 6.9228 -6.55859 -0.599999
      vertex 7.04636 -6.40599 -1
      vertex 7.04636 -6.40599 -0.599999
    endloop
  endfacet
  facet normal 0.777178 -0.62928 0
    outer loop
      vertex 7.04636 -6.40599 -1
      vertex 6.9228 -6.55859 -0.599999
      vertex 6.9228 -6.55859 -1
    endloop
  endfacet
  facet normal 0.674199 -0.73855 0
    outer loop
      vertex 7.04636 -6.40599 -1
      vertex 7.2052 -6.26099 -0.599999
      vertex 7.04636 -6.40599 -0.599999
    endloop
  endfacet
  facet normal 0.674199 -0.73855 0
    outer loop
      vertex 7.2052 -6.26099 -0.599999
      vertex 7.04636 -6.40599 -1
      vertex 7.2052 -6.26099 -1
    endloop
  endfacet
  facet normal 0.57504 -0.818125 0
    outer loop
      vertex 7.2052 -6.26099 -1
      vertex 7.386 -6.13391 -0.599999
      vertex 7.2052 -6.26099 -0.599999
    endloop
  endfacet
  facet normal 0.57504 -0.818125 0
    outer loop
      vertex 7.386 -6.13391 -0.599999
      vertex 7.2052 -6.26099 -1
      vertex 7.386 -6.13391 -1
    endloop
  endfacet
  facet normal 0.46068 -0.887566 0
    outer loop
      vertex 7.386 -6.13391 -1
      vertex 7.57641 -6.03508 -0.599999
      vertex 7.386 -6.13391 -0.599999
    endloop
  endfacet
  facet normal 0.46068 -0.887566 0
    outer loop
      vertex 7.57641 -6.03508 -0.599999
      vertex 7.386 -6.13391 -1
      vertex 7.57641 -6.03508 -1
    endloop
  endfacet
  facet normal 0.332899 -0.942962 0
    outer loop
      vertex 7.57641 -6.03508 -1
      vertex 7.77639 -5.96448 -0.599999
      vertex 7.57641 -6.03508 -0.599999
    endloop
  endfacet
  facet normal 0.332899 -0.942962 0
    outer loop
      vertex 7.77639 -5.96448 -0.599999
      vertex 7.57641 -6.03508 -1
      vertex 7.77639 -5.96448 -1
    endloop
  endfacet
  facet normal 0.198076 -0.980187 0
    outer loop
      vertex 7.77639 -5.96448 -1
      vertex 7.98601 -5.92212 -0.599999
      vertex 7.77639 -5.96448 -0.599999
    endloop
  endfacet
  facet normal 0.198076 -0.980187 0
    outer loop
      vertex 7.98601 -5.92212 -0.599999
      vertex 7.77639 -5.96448 -1
      vertex 7.98601 -5.92212 -1
    endloop
  endfacet
  facet normal 0.0643311 -0.997929 0
    outer loop
      vertex 7.98601 -5.92212 -1
      vertex 8.2052 -5.90799 -0.599999
      vertex 7.98601 -5.92212 -0.599999
    endloop
  endfacet
  facet normal 0.0643311 -0.997929 0
    outer loop
      vertex 8.2052 -5.90799 -0.599999
      vertex 7.98601 -5.92212 -1
      vertex 8.2052 -5.90799 -1
    endloop
  endfacet
  facet normal -0.0635458 -0.997979 0
    outer loop
      vertex 8.2052 -5.90799 -1
      vertex 8.42711 -5.92212 -0.599999
      vertex 8.2052 -5.90799 -0.599999
    endloop
  endfacet
  facet normal -0.0635458 -0.997979 -0
    outer loop
      vertex 8.42711 -5.92212 -0.599999
      vertex 8.2052 -5.90799 -1
      vertex 8.42711 -5.92212 -1
    endloop
  endfacet
  facet normal -0.196214 -0.980561 0
    outer loop
      vertex 8.42711 -5.92212 -1
      vertex 8.6388 -5.96448 -0.599999
      vertex 8.42711 -5.92212 -0.599999
    endloop
  endfacet
  facet normal -0.196214 -0.980561 -0
    outer loop
      vertex 8.6388 -5.96448 -0.599999
      vertex 8.42711 -5.92212 -1
      vertex 8.6388 -5.96448 -1
    endloop
  endfacet
  facet normal -0.330678 -0.943744 0
    outer loop
      vertex 8.6388 -5.96448 -1
      vertex 8.84029 -6.03508 -0.599999
      vertex 8.6388 -5.96448 -0.599999
    endloop
  endfacet
  facet normal -0.330678 -0.943744 -0
    outer loop
      vertex 8.84029 -6.03508 -0.599999
      vertex 8.6388 -5.96448 -1
      vertex 8.84029 -6.03508 -1
    endloop
  endfacet
  facet normal -0.458971 -0.888451 0
    outer loop
      vertex 8.84029 -6.03508 -1
      vertex 9.0316 -6.13391 -0.599999
      vertex 8.84029 -6.03508 -0.599999
    endloop
  endfacet
  facet normal -0.458971 -0.888451 -0
    outer loop
      vertex 9.0316 -6.13391 -0.599999
      vertex 8.84029 -6.03508 -1
      vertex 9.0316 -6.13391 -1
    endloop
  endfacet
  facet normal -0.574402 -0.818573 0
    outer loop
      vertex 9.0316 -6.13391 -1
      vertex 9.2127 -6.26099 -0.599999
      vertex 9.0316 -6.13391 -0.599999
    endloop
  endfacet
  facet normal -0.574402 -0.818573 -0
    outer loop
      vertex 9.2127 -6.26099 -0.599999
      vertex 9.0316 -6.13391 -1
      vertex 9.2127 -6.26099 -1
    endloop
  endfacet
  facet normal -0.674176 -0.738571 0
    outer loop
      vertex 9.2127 -6.26099 -1
      vertex 9.37155 -6.40599 -0.599999
      vertex 9.2127 -6.26099 -0.599999
    endloop
  endfacet
  facet normal -0.674176 -0.738571 -0
    outer loop
      vertex 9.37155 -6.40599 -0.599999
      vertex 9.2127 -6.26099 -1
      vertex 9.37155 -6.40599 -1
    endloop
  endfacet
  facet normal -0.777178 -0.62928 0
    outer loop
      vertex 9.49511 -6.55859 -1
      vertex 9.37155 -6.40599 -0.599999
      vertex 9.37155 -6.40599 -1
    endloop
  endfacet
  facet normal -0.777178 -0.62928 0
    outer loop
      vertex 9.37155 -6.40599 -0.599999
      vertex 9.49511 -6.55859 -1
      vertex 9.49511 -6.55859 -0.599999
    endloop
  endfacet
  facet normal -0.875905 -0.482483 0
    outer loop
      vertex 9.58336 -6.7188 -1
      vertex 9.49511 -6.55859 -0.599999
      vertex 9.49511 -6.55859 -1
    endloop
  endfacet
  facet normal -0.875905 -0.482483 0
    outer loop
      vertex 9.49511 -6.55859 -0.599999
      vertex 9.58336 -6.7188 -1
      vertex 9.58336 -6.7188 -0.599999
    endloop
  endfacet
  facet normal -0.953647 -0.300927 0
    outer loop
      vertex 9.63631 -6.8866 -1
      vertex 9.58336 -6.7188 -0.599999
      vertex 9.58336 -6.7188 -1
    endloop
  endfacet
  facet normal -0.953647 -0.300927 0
    outer loop
      vertex 9.58336 -6.7188 -0.599999
      vertex 9.63631 -6.8866 -1
      vertex 9.63631 -6.8866 -0.599999
    endloop
  endfacet
  facet normal -0.994981 -0.100065 0
    outer loop
      vertex 9.65395 -7.062 -1
      vertex 9.63631 -6.8866 -0.599999
      vertex 9.63631 -6.8866 -1
    endloop
  endfacet
  facet normal -0.994981 -0.100065 0
    outer loop
      vertex 9.63631 -6.8866 -0.599999
      vertex 9.65395 -7.062 -1
      vertex 9.65395 -7.062 -0.599999
    endloop
  endfacet
  facet normal -1 0 0
    outer loop
      vertex 9.65395 -13.78 -1
      vertex 9.65395 -7.062 -0.599999
      vertex 9.65395 -7.062 -1
    endloop
  endfacet
  facet normal -1 -0 0
    outer loop
      vertex 9.65395 -7.062 -0.599999
      vertex 9.65395 -13.78 -1
      vertex 9.65395 -13.78 -0.599999
    endloop
  endfacet
  facet normal 0 -1 0
    outer loop
      vertex 9.65395 -13.78 -1
      vertex 11.3927 -13.78 -0.599999
      vertex 9.65395 -13.78 -0.599999
    endloop
  endfacet
  facet normal 0 -1 -0
    outer loop
      vertex 11.3927 -13.78 -0.599999
      vertex 9.65395 -13.78 -1
      vertex 11.3927 -13.78 -1
    endloop
  endfacet
  facet normal 1 -0 0
    outer loop
      vertex 11.3927 -13.78 -0.599999
      vertex 11.3927 -7.049 -1
      vertex 11.3927 -7.049 -0.599999
    endloop
  endfacet
  facet normal 1 0 0
    outer loop
      vertex 11.3927 -7.049 -1
      vertex 11.3927 -13.78 -0.599999
      vertex 11.3927 -13.78 -1
    endloop
  endfacet
  facet normal 0.99518 0.0980612 0
    outer loop
      vertex 11.3927 -7.049 -0.599999
      vertex 11.3544 -6.66031 -1
      vertex 11.3544 -6.66031 -0.599999
    endloop
  endfacet
  facet normal 0.99518 0.0980612 0
    outer loop
      vertex 11.3544 -6.66031 -1
      vertex 11.3927 -7.049 -0.599999
      vertex 11.3927 -7.049 -1
    endloop
  endfacet
  facet normal 0.95556 0.294796 0
    outer loop
      vertex 11.3544 -6.66031 -0.599999
      vertex 11.2395 -6.28787 -1
      vertex 11.2395 -6.28787 -0.599999
    endloop
  endfacet
  facet normal 0.95556 0.294796 0
    outer loop
      vertex 11.2395 -6.28787 -1
      vertex 11.3544 -6.66031 -0.599999
      vertex 11.3544 -6.66031 -1
    endloop
  endfacet
  facet normal 0.880781 0.473525 0
    outer loop
      vertex 11.2395 -6.28787 -0.599999
      vertex 11.048 -5.93167 -1
      vertex 11.048 -5.93167 -0.599999
    endloop
  endfacet
  facet normal 0.880781 0.473525 0
    outer loop
      vertex 11.048 -5.93167 -1
      vertex 11.2395 -6.28787 -0.599999
      vertex 11.2395 -6.28787 -1
    endloop
  endfacet
  facet normal 0.785208 0.619232 0
    outer loop
      vertex 11.048 -5.93167 -0.599999
      vertex 10.7799 -5.59171 -1
      vertex 10.7799 -5.59171 -0.599999
    endloop
  endfacet
  facet normal 0.785208 0.619232 0
    outer loop
      vertex 10.7799 -5.59171 -1
      vertex 11.048 -5.93167 -0.599999
      vertex 11.048 -5.93167 -1
    endloop
  endfacet
  facet normal 0.684575 0.728942 -0
    outer loop
      vertex 10.7799 -5.59171 -1
      vertex 10.4352 -5.26799 -0.599999
      vertex 10.7799 -5.59171 -0.599999
    endloop
  endfacet
  facet normal 0.684575 0.728942 0
    outer loop
      vertex 10.4352 -5.26799 -0.599999
      vertex 10.7799 -5.59171 -1
      vertex 10.4352 -5.26799 -1
    endloop
  endfacet
  facet normal 0.564752 0.825261 -0
    outer loop
      vertex 10.4352 -5.26799 -1
      vertex 10.0312 -4.99152 -0.599999
      vertex 10.4352 -5.26799 -0.599999
    endloop
  endfacet
  facet normal 0.564752 0.825261 0
    outer loop
      vertex 10.0312 -4.99152 -0.599999
      vertex 10.4352 -5.26799 -1
      vertex 10.0312 -4.99152 -1
    endloop
  endfacet
  facet normal 0.4515 0.892271 -0
    outer loop
      vertex 10.0312 -4.99152 -1
      vertex 9.60621 -4.77647 -0.599999
      vertex 10.0312 -4.99152 -0.599999
    endloop
  endfacet
  facet normal 0.4515 0.892271 0
    outer loop
      vertex 9.60621 -4.77647 -0.599999
      vertex 10.0312 -4.99152 -1
      vertex 9.60621 -4.77647 -1
    endloop
  endfacet
  facet normal 0.325599 0.945508 -0
    outer loop
      vertex 9.60621 -4.77647 -1
      vertex 9.1602 -4.62288 -0.599999
      vertex 9.60621 -4.77647 -0.599999
    endloop
  endfacet
  facet normal 0.325599 0.945508 0
    outer loop
      vertex 9.1602 -4.62288 -0.599999
      vertex 9.60621 -4.77647 -1
      vertex 9.1602 -4.62288 -1
    endloop
  endfacet
  facet normal 0.193611 0.981078 -0
    outer loop
      vertex 9.1602 -4.62288 -1
      vertex 8.6932 -4.53072 -0.599999
      vertex 9.1602 -4.62288 -0.599999
    endloop
  endfacet
  facet normal 0.193611 0.981078 0
    outer loop
      vertex 8.6932 -4.53072 -0.599999
      vertex 9.1602 -4.62288 -1
      vertex 8.6932 -4.53072 -1
    endloop
  endfacet
  facet normal 0.0628265 0.998024 -0
    outer loop
      vertex 8.6932 -4.53072 -1
      vertex 8.2052 -4.5 -0.599999
      vertex 8.6932 -4.53072 -0.599999
    endloop
  endfacet
  facet normal 0.0628265 0.998024 0
    outer loop
      vertex 8.2052 -4.5 -0.599999
      vertex 8.6932 -4.53072 -1
      vertex 8.2052 -4.5 -1
    endloop
  endfacet
  facet normal -0.0625596 0.998041 0
    outer loop
      vertex 8.2052 -4.5 -1
      vertex 7.71511 -4.53072 -0.599999
      vertex 8.2052 -4.5 -0.599999
    endloop
  endfacet
  facet normal -0.0625596 0.998041 0
    outer loop
      vertex 7.71511 -4.53072 -0.599999
      vertex 8.2052 -4.5 -1
      vertex 7.71511 -4.53072 -1
    endloop
  endfacet
  facet normal -0.193158 0.981168 0
    outer loop
      vertex 0.0820551 -4.53059 -1
      vertex -0.384253 -4.62239 -0.599999
      vertex 0.0820551 -4.53059 -0.599999
    endloop
  endfacet
  facet normal -0.193158 0.981168 0
    outer loop
      vertex -0.384253 -4.62239 -0.599999
      vertex 0.0820551 -4.53059 -1
      vertex -0.384253 -4.62239 -1
    endloop
  endfacet
  facet normal -0.326778 0.945101 0
    outer loop
      vertex -0.384253 -4.62239 -1
      vertex -0.826757 -4.77539 -0.599999
      vertex -0.384253 -4.62239 -0.599999
    endloop
  endfacet
  facet normal -0.326778 0.945101 0
    outer loop
      vertex -0.826757 -4.77539 -0.599999
      vertex -0.384253 -4.62239 -1
      vertex -0.826757 -4.77539 -1
    endloop
  endfacet
  facet normal -0.455442 0.890266 0
    outer loop
      vertex -0.826757 -4.77539 -1
      vertex -1.24546 -4.98959 -0.599999
      vertex -0.826757 -4.77539 -0.599999
    endloop
  endfacet
  facet normal -0.455442 0.890266 0
    outer loop
      vertex -1.24546 -4.98959 -0.599999
      vertex -0.826757 -4.77539 -1
      vertex -1.24546 -4.98959 -1
    endloop
  endfacet
  facet normal -0.57204 0.820226 0
    outer loop
      vertex -1.24546 -4.98959 -1
      vertex -1.64036 -5.265 -0.599999
      vertex -1.24546 -4.98959 -0.599999
    endloop
  endfacet
  facet normal -0.57204 0.820226 0
    outer loop
      vertex -1.64036 -5.265 -0.599999
      vertex -1.24546 -4.98959 -1
      vertex -1.64036 -5.265 -1
    endloop
  endfacet
  facet normal -0.674312 0.738446 0
    outer loop
      vertex -1.64036 -5.265 -1
      vertex -1.9882 -5.58263 -0.599999
      vertex -1.64036 -5.265 -0.599999
    endloop
  endfacet
  facet normal -0.674312 0.738446 0
    outer loop
      vertex -1.9882 -5.58263 -0.599999
      vertex -1.64036 -5.265 -1
      vertex -1.9882 -5.58263 -1
    endloop
  endfacet
  facet normal -0.778984 0.627044 0
    outer loop
      vertex -2.25876 -5.91875 -1
      vertex -1.9882 -5.58263 -0.599999
      vertex -1.9882 -5.58263 -1
    endloop
  endfacet
  facet normal -0.778984 0.627044 0
    outer loop
      vertex -1.9882 -5.58263 -0.599999
      vertex -2.25876 -5.91875 -1
      vertex -2.25876 -5.91875 -0.599999
    endloop
  endfacet
  facet normal -0.878071 0.478531 0
    outer loop
      vertex -2.45201 -6.27335 -1
      vertex -2.25876 -5.91875 -0.599999
      vertex -2.25876 -5.91875 -1
    endloop
  endfacet
  facet normal -0.878071 0.478531 0
    outer loop
      vertex -2.25876 -5.91875 -0.599999
      vertex -2.45201 -6.27335 -1
      vertex -2.45201 -6.27335 -0.599999
    endloop
  endfacet
  facet normal -0.954946 0.296781 0
    outer loop
      vertex -2.56796 -6.64644 -1
      vertex -2.45201 -6.27335 -0.599999
      vertex -2.45201 -6.27335 -1
    endloop
  endfacet
  facet normal -0.954946 0.296781 0
    outer loop
      vertex -2.45201 -6.27335 -0.599999
      vertex -2.56796 -6.64644 -1
      vertex -2.56796 -6.64644 -0.599999
    endloop
  endfacet
  facet normal -0.995166 0.0982077 0
    outer loop
      vertex -2.6066 -7.03799 -1
      vertex -2.56796 -6.64644 -0.599999
      vertex -2.56796 -6.64644 -1
    endloop
  endfacet
  facet normal -0.995166 0.0982077 0
    outer loop
      vertex -2.56796 -6.64644 -0.599999
      vertex -2.6066 -7.03799 -1
      vertex -2.6066 -7.03799 -0.599999
    endloop
  endfacet
  facet normal -1 0 0
    outer loop
      vertex -2.6066 -7.27399 -1
      vertex -2.6066 -7.03799 -0.599999
      vertex -2.6066 -7.03799 -1
    endloop
  endfacet
  facet normal -1 -0 0
    outer loop
      vertex -2.6066 -7.03799 -0.599999
      vertex -2.6066 -7.27399 -1
      vertex -2.6066 -7.27399 -0.599999
    endloop
  endfacet
  facet normal -0.99516 -0.0982648 0
    outer loop
      vertex -2.56796 -7.66531 -1
      vertex -2.6066 -7.27399 -0.599999
      vertex -2.6066 -7.27399 -1
    endloop
  endfacet
  facet normal -0.99516 -0.0982648 0
    outer loop
      vertex -2.6066 -7.27399 -0.599999
      vertex -2.56796 -7.66531 -1
      vertex -2.56796 -7.66531 -0.599999
    endloop
  endfacet
  facet normal -0.954781 -0.297311 0
    outer loop
      vertex -2.45201 -8.03767 -1
      vertex -2.56796 -7.66531 -0.599999
      vertex -2.56796 -7.66531 -1
    endloop
  endfacet
  facet normal -0.954781 -0.297311 0
    outer loop
      vertex -2.56796 -7.66531 -0.599999
      vertex -2.45201 -8.03767 -1
      vertex -2.45201 -8.03767 -0.599999
    endloop
  endfacet
  facet normal -0.877387 -0.479782 0
    outer loop
      vertex -2.25876 -8.39107 -1
      vertex -2.45201 -8.03767 -0.599999
      vertex -2.45201 -8.03767 -1
    endloop
  endfacet
  facet normal -0.877387 -0.479782 0
    outer loop
      vertex -2.45201 -8.03767 -0.599999
      vertex -2.25876 -8.39107 -1
      vertex -2.25876 -8.39107 -0.599999
    endloop
  endfacet
  facet normal -0.777446 -0.628949 0
    outer loop
      vertex -1.9882 -8.72551 -1
      vertex -2.25876 -8.39107 -0.599999
      vertex -2.25876 -8.39107 -1
    endloop
  endfacet
  facet normal -0.777446 -0.628949 0
    outer loop
      vertex -2.25876 -8.39107 -0.599999
      vertex -1.9882 -8.72551 -1
      vertex -1.9882 -8.72551 -0.599999
    endloop
  endfacet
  facet normal -0.671812 -0.740722 0
    outer loop
      vertex -1.9882 -8.72551 -1
      vertex -1.64036 -9.04099 -0.599999
      vertex -1.9882 -8.72551 -0.599999
    endloop
  endfacet
  facet normal -0.671812 -0.740722 -0
    outer loop
      vertex -1.64036 -9.04099 -0.599999
      vertex -1.9882 -8.72551 -1
      vertex -1.64036 -9.04099 -1
    endloop
  endfacet
  facet normal -0.575046 -0.818121 0
    outer loop
      vertex -1.64036 -9.04099 -1
      vertex -1.24546 -9.31856 -0.599999
      vertex -1.64036 -9.04099 -0.599999
    endloop
  endfacet
  facet normal -0.575046 -0.818121 -0
    outer loop
      vertex -1.24546 -9.31856 -0.599999
      vertex -1.64036 -9.04099 -1
      vertex -1.24546 -9.31856 -1
    endloop
  endfacet
  facet normal -0.458266 -0.888815 0
    outer loop
      vertex -1.24546 -9.31856 -1
      vertex -0.826757 -9.53444 -0.599999
      vertex -1.24546 -9.31856 -0.599999
    endloop
  endfacet
  facet normal -0.458266 -0.888815 -0
    outer loop
      vertex -0.826757 -9.53444 -0.599999
      vertex -1.24546 -9.31856 -1
      vertex -0.826757 -9.53444 -1
    endloop
  endfacet
  facet normal -0.329045 -0.944314 0
    outer loop
      vertex -0.826757 -9.53444 -1
      vertex -0.384253 -9.68863 -0.599999
      vertex -0.826757 -9.53444 -0.599999
    endloop
  endfacet
  facet normal -0.329045 -0.944314 -0
    outer loop
      vertex -0.384253 -9.68863 -0.599999
      vertex -0.826757 -9.53444 -1
      vertex -0.384253 -9.68863 -1
    endloop
  endfacet
  facet normal -0.194636 -0.980876 0
    outer loop
      vertex -0.384253 -9.68863 -1
      vertex 0.0820551 -9.78116 -0.599999
      vertex -0.384253 -9.68863 -0.599999
    endloop
  endfacet
  facet normal -0.194636 -0.980876 -0
    outer loop
      vertex 0.0820551 -9.78116 -0.599999
      vertex -0.384253 -9.68863 -1
      vertex 0.0820551 -9.78116 -1
    endloop
  endfacet
  facet normal -0.0628026 -0.998026 0
    outer loop
      vertex 0.0820551 -9.78116 -1
      vertex 0.572148 -9.812 -0.599999
      vertex 0.0820551 -9.78116 -0.599999
    endloop
  endfacet
  facet normal -0.0628026 -0.998026 -0
    outer loop
      vertex 0.572148 -9.812 -0.599999
      vertex 0.0820551 -9.78116 -1
      vertex 0.572148 -9.812 -1
    endloop
  endfacet
  facet normal -0.0636827 -0.99797 0
    outer loop
      vertex 0.572148 -9.812 -1
      vertex 0.794049 -9.82616 -0.599999
      vertex 0.572148 -9.812 -0.599999
    endloop
  endfacet
  facet normal -0.0636827 -0.99797 -0
    outer loop
      vertex 0.794049 -9.82616 -0.599999
      vertex 0.572148 -9.812 -1
      vertex 0.794049 -9.82616 -1
    endloop
  endfacet
  facet normal -0.196739 -0.980456 0
    outer loop
      vertex 0.794049 -9.82616 -1
      vertex 1.00575 -9.86864 -0.599999
      vertex 0.794049 -9.82616 -0.599999
    endloop
  endfacet
  facet normal -0.196739 -0.980456 -0
    outer loop
      vertex 1.00575 -9.86864 -0.599999
      vertex 0.794049 -9.82616 -1
      vertex 1.00575 -9.86864 -1
    endloop
  endfacet
  facet normal -0.331512 -0.943451 0
    outer loop
      vertex 1.00575 -9.86864 -1
      vertex 1.20724 -9.93944 -0.599999
      vertex 1.00575 -9.86864 -0.599999
    endloop
  endfacet
  facet normal -0.331512 -0.943451 -0
    outer loop
      vertex 1.20724 -9.93944 -0.599999
      vertex 1.00575 -9.86864 -1
      vertex 1.20724 -9.93944 -1
    endloop
  endfacet
  facet normal -0.460179 -0.887826 0
    outer loop
      vertex 1.20724 -9.93944 -1
      vertex 1.39855 -10.0386 -0.599999
      vertex 1.20724 -9.93944 -0.599999
    endloop
  endfacet
  facet normal -0.460179 -0.887826 -0
    outer loop
      vertex 1.39855 -10.0386 -0.599999
      vertex 1.20724 -9.93944 -1
      vertex 1.39855 -10.0386 -1
    endloop
  endfacet
  facet normal -0.57537 -0.817893 0
    outer loop
      vertex 1.39855 -10.0386 -1
      vertex 1.57965 -10.166 -0.599999
      vertex 1.39855 -10.0386 -0.599999
    endloop
  endfacet
  facet normal -0.57537 -0.817893 -0
    outer loop
      vertex 1.57965 -10.166 -0.599999
      vertex 1.39855 -10.0386 -1
      vertex 1.57965 -10.166 -1
    endloop
  endfacet
  facet normal -0.675968 -0.736931 0
    outer loop
      vertex 1.57965 -10.166 -1
      vertex 1.73849 -10.3117 -0.599999
      vertex 1.57965 -10.166 -0.599999
    endloop
  endfacet
  facet normal -0.675968 -0.736931 -0
    outer loop
      vertex 1.73849 -10.3117 -0.599999
      vertex 1.57965 -10.166 -1
      vertex 1.73849 -10.3117 -1
    endloop
  endfacet
  facet normal -0.779581 -0.626301 0
    outer loop
      vertex 1.86205 -10.4655 -1
      vertex 1.73849 -10.3117 -0.599999
      vertex 1.73849 -10.3117 -1
    endloop
  endfacet
  facet normal -0.779581 -0.626301 0
    outer loop
      vertex 1.73849 -10.3117 -0.599999
      vertex 1.86205 -10.4655 -1
      vertex 1.86205 -10.4655 -0.599999
    endloop
  endfacet
  facet normal -0.878154 -0.478377 0
    outer loop
      vertex 1.9503 -10.6275 -1
      vertex 1.86205 -10.4655 -0.599999
      vertex 1.86205 -10.4655 -1
    endloop
  endfacet
  facet normal -0.878154 -0.478377 0
    outer loop
      vertex 1.86205 -10.4655 -0.599999
      vertex 1.9503 -10.6275 -1
      vertex 1.9503 -10.6275 -0.599999
    endloop
  endfacet
  facet normal -0.954859 -0.297061 0
    outer loop
      vertex 2.00325 -10.7977 -1
      vertex 1.9503 -10.6275 -0.599999
      vertex 1.9503 -10.6275 -1
    endloop
  endfacet
  facet normal -0.954859 -0.297061 0
    outer loop
      vertex 1.9503 -10.6275 -0.599999
      vertex 2.00325 -10.7977 -1
      vertex 2.00325 -10.7977 -0.599999
    endloop
  endfacet
  facet normal -0.995142 -0.0984537 0
    outer loop
      vertex 2.02089 -10.976 -1
      vertex 2.00325 -10.7977 -0.599999
      vertex 2.00325 -10.7977 -1
    endloop
  endfacet
  facet normal -0.995142 -0.0984537 0
    outer loop
      vertex 2.00325 -10.7977 -0.599999
      vertex 2.02089 -10.976 -1
      vertex 2.02089 -10.976 -0.599999
    endloop
  endfacet
  facet normal -0.997214 0.0745922 0
    outer loop
      vertex 2.00495 -11.1891 -1
      vertex 2.02089 -10.976 -0.599999
      vertex 2.02089 -10.976 -1
    endloop
  endfacet
  facet normal -0.997214 0.0745922 0
    outer loop
      vertex 2.02089 -10.976 -0.599999
      vertex 2.00495 -11.1891 -1
      vertex 2.00495 -11.1891 -0.599999
    endloop
  endfacet
  facet normal -0.973366 0.229258 0
    outer loop
      vertex 1.95709 -11.3923 -1
      vertex 2.00495 -11.1891 -0.599999
      vertex 2.00495 -11.1891 -1
    endloop
  endfacet
  facet normal -0.973366 0.229258 0
    outer loop
      vertex 2.00495 -11.1891 -0.599999
      vertex 1.95709 -11.3923 -1
      vertex 1.95709 -11.3923 -0.599999
    endloop
  endfacet
  facet normal -0.924502 0.381178 0
    outer loop
      vertex 1.87735 -11.5857 -1
      vertex 1.95709 -11.3923 -0.599999
      vertex 1.95709 -11.3923 -1
    endloop
  endfacet
  facet normal -0.924502 0.381178 0
    outer loop
      vertex 1.95709 -11.3923 -0.599999
      vertex 1.87735 -11.5857 -1
      vertex 1.87735 -11.5857 -0.599999
    endloop
  endfacet
  facet normal -0.854398 0.519619 0
    outer loop
      vertex 1.76569 -11.7693 -1
      vertex 1.87735 -11.5857 -0.599999
      vertex 1.87735 -11.5857 -1
    endloop
  endfacet
  facet normal -0.854398 0.519619 0
    outer loop
      vertex 1.87735 -11.5857 -0.599999
      vertex 1.76569 -11.7693 -1
      vertex 1.76569 -11.7693 -0.599999
    endloop
  endfacet
  facet normal -0.770834 0.637036 0
    outer loop
      vertex 1.62214 -11.943 -1
      vertex 1.76569 -11.7693 -0.599999
      vertex 1.76569 -11.7693 -1
    endloop
  endfacet
  facet normal -0.770834 0.637036 0
    outer loop
      vertex 1.76569 -11.7693 -0.599999
      vertex 1.62214 -11.943 -1
      vertex 1.62214 -11.943 -0.599999
    endloop
  endfacet
  facet normal -0.679325 0.733838 0
    outer loop
      vertex 1.62214 -11.943 -1
      vertex 1.45535 -12.0974 -0.599999
      vertex 1.62214 -11.943 -0.599999
    endloop
  endfacet
  facet normal -0.679325 0.733838 0
    outer loop
      vertex 1.45535 -12.0974 -0.599999
      vertex 1.62214 -11.943 -1
      vertex 1.45535 -12.0974 -1
    endloop
  endfacet
  facet normal -0.537839 0.843047 0
    outer loop
      vertex 1.45535 -12.0974 -1
      vertex 1.26694 -12.2176 -0.599999
      vertex 1.45535 -12.0974 -0.599999
    endloop
  endfacet
  facet normal -0.537839 0.843047 0
    outer loop
      vertex 1.26694 -12.2176 -0.599999
      vertex 1.45535 -12.0974 -1
      vertex 1.26694 -12.2176 -1
    endloop
  endfacet
  facet normal -0.378221 0.925715 0
    outer loop
      vertex 1.26694 -12.2176 -1
      vertex 1.05694 -12.3034 -0.599999
      vertex 1.26694 -12.2176 -0.599999
    endloop
  endfacet
  facet normal -0.378221 0.925715 0
    outer loop
      vertex 1.05694 -12.3034 -0.599999
      vertex 1.26694 -12.2176 -1
      vertex 1.05694 -12.3034 -1
    endloop
  endfacet
  facet normal -0.216671 0.976245 0
    outer loop
      vertex 1.05694 -12.3034 -1
      vertex 0.825349 -12.3548 -0.599999
      vertex 1.05694 -12.3034 -0.599999
    endloop
  endfacet
  facet normal -0.216671 0.976245 0
    outer loop
      vertex 0.825349 -12.3548 -0.599999
      vertex 1.05694 -12.3034 -1
      vertex 0.825349 -12.3548 -1
    endloop
  endfacet
  facet normal -0.067774 0.997701 0
    outer loop
      vertex 0.825349 -12.3548 -1
      vertex 0.572148 -12.372 -0.599999
      vertex 0.825349 -12.3548 -0.599999
    endloop
  endfacet
  facet normal -0.067774 0.997701 0
    outer loop
      vertex 0.572148 -12.372 -0.599999
      vertex 0.825349 -12.3548 -1
      vertex 0.572148 -12.372 -1
    endloop
  endfacet
  facet normal 0.0641301 0.997942 -0
    outer loop
      vertex 0.572148 -12.372 -1
      vertex 0.354291 -12.358 -0.599999
      vertex 0.572148 -12.372 -0.599999
    endloop
  endfacet
  facet normal 0.0641301 0.997942 0
    outer loop
      vertex 0.354291 -12.358 -0.599999
      vertex 0.572148 -12.372 -1
      vertex 0.354291 -12.358 -1
    endloop
  endfacet
  facet normal 0.200207 0.979754 -0
    outer loop
      vertex 0.354291 -12.358 -1
      vertex 0.148755 -12.316 -0.599999
      vertex 0.354291 -12.358 -0.599999
    endloop
  endfacet
  facet normal 0.200207 0.979754 0
    outer loop
      vertex 0.148755 -12.316 -0.599999
      vertex 0.354291 -12.358 -1
      vertex 0.148755 -12.316 -1
    endloop
  endfacet
  facet normal 0.340569 0.94022 -0
    outer loop
      vertex 0.148755 -12.316 -1
      vertex -0.0444965 -12.246 -0.599999
      vertex 0.148755 -12.316 -0.599999
    endloop
  endfacet
  facet normal 0.340569 0.94022 0
    outer loop
      vertex -0.0444965 -12.246 -0.599999
      vertex 0.148755 -12.316 -1
      vertex -0.0444965 -12.246 -1
    endloop
  endfacet
  facet normal 0.476227 0.879322 -0
    outer loop
      vertex -0.0444965 -12.246 -1
      vertex -0.225447 -12.148 -0.599999
      vertex -0.0444965 -12.246 -0.599999
    endloop
  endfacet
  facet normal 0.476227 0.879322 0
    outer loop
      vertex -0.225447 -12.148 -0.599999
      vertex -0.0444965 -12.246 -1
      vertex -0.225447 -12.148 -1
    endloop
  endfacet
  facet normal 0.598524 0.801105 -0
    outer loop
      vertex -0.225447 -12.148 -1
      vertex -0.394094 -12.022 -0.599999
      vertex -0.225447 -12.148 -0.599999
    endloop
  endfacet
  facet normal 0.598524 0.801105 0
    outer loop
      vertex -0.394094 -12.022 -0.599999
      vertex -0.225447 -12.148 -1
      vertex -0.394094 -12.022 -1
    endloop
  endfacet
  facet normal 0.68943 0.724352 -0
    outer loop
      vertex -0.394094 -12.022 -1
      vertex -0.543497 -11.8798 -0.599999
      vertex -0.394094 -12.022 -0.599999
    endloop
  endfacet
  facet normal 0.68943 0.724352 0
    outer loop
      vertex -0.543497 -11.8798 -0.599999
      vertex -0.394094 -12.022 -1
      vertex -0.543497 -11.8798 -1
    endloop
  endfacet
  facet normal 0.777941 0.628338 0
    outer loop
      vertex -0.543497 -11.8798 -0.599999
      vertex -0.665701 -11.7285 -1
      vertex -0.665701 -11.7285 -0.599999
    endloop
  endfacet
  facet normal 0.777941 0.628338 0
    outer loop
      vertex -0.665701 -11.7285 -1
      vertex -0.543497 -11.8798 -0.599999
      vertex -0.543497 -11.8798 -1
    endloop
  endfacet
  facet normal 0.860402 0.509616 0
    outer loop
      vertex -0.665701 -11.7285 -0.599999
      vertex -0.760706 -11.5681 -1
      vertex -0.760706 -11.5681 -0.599999
    endloop
  endfacet
  facet normal 0.860402 0.509616 0
    outer loop
      vertex -0.760706 -11.5681 -1
      vertex -0.665701 -11.7285 -0.599999
      vertex -0.665701 -11.7285 -1
    endloop
  endfacet
  facet normal 0.928501 0.371329 0
    outer loop
      vertex -0.760706 -11.5681 -0.599999
      vertex -0.828493 -11.3986 -1
      vertex -0.828493 -11.3986 -0.599999
    endloop
  endfacet
  facet normal 0.928501 0.371329 0
    outer loop
      vertex -0.828493 -11.3986 -1
      vertex -0.760706 -11.5681 -0.599999
      vertex -0.760706 -11.5681 -1
    endloop
  endfacet
  facet normal 0.975113 0.22171 0
    outer loop
      vertex -0.828493 -11.3986 -0.599999
      vertex -0.869101 -11.22 -1
      vertex -0.869101 -11.22 -0.599999
    endloop
  endfacet
  facet normal 0.975113 0.22171 0
    outer loop
      vertex -0.869101 -11.22 -1
      vertex -0.828493 -11.3986 -0.599999
      vertex -0.828493 -11.3986 -1
    endloop
  endfacet
  facet normal 0 1 -0
    outer loop
      vertex -0.869101 -11.22 -1
      vertex -2.6066 -11.22 -0.599999
      vertex -0.869101 -11.22 -0.599999
    endloop
  endfacet
  facet normal 0 1 0
    outer loop
      vertex -2.6066 -11.22 -0.599999
      vertex -0.869101 -11.22 -1
      vertex -2.6066 -11.22 -1
    endloop
  endfacet
  facet normal -0.991309 -0.131553 0
    outer loop
      vertex -2.55365 -11.619 -1
      vertex -2.6066 -11.22 -0.599999
      vertex -2.6066 -11.22 -1
    endloop
  endfacet
  facet normal -0.991309 -0.131553 0
    outer loop
      vertex -2.6066 -11.22 -0.599999
      vertex -2.55365 -11.619 -1
      vertex -2.55365 -11.619 -0.599999
    endloop
  endfacet
  facet normal -0.949447 -0.313926 0
    outer loop
      vertex -2.4288 -11.9966 -1
      vertex -2.55365 -11.619 -0.599999
      vertex -2.55365 -11.619 -1
    endloop
  endfacet
  facet normal -0.949447 -0.313926 0
    outer loop
      vertex -2.55365 -11.619 -0.599999
      vertex -2.4288 -11.9966 -1
      vertex -2.4288 -11.9966 -0.599999
    endloop
  endfacet
  facet normal -0.875458 -0.483295 0
    outer loop
      vertex -2.23205 -12.353 -1
      vertex -2.4288 -11.9966 -0.599999
      vertex -2.4288 -11.9966 -1
    endloop
  endfacet
  facet normal -0.875458 -0.483295 0
    outer loop
      vertex -2.4288 -11.9966 -0.599999
      vertex -2.23205 -12.353 -1
      vertex -2.23205 -12.353 -0.599999
    endloop
  endfacet
  facet normal -0.780312 -0.62539 0
    outer loop
      vertex -1.9634 -12.6882 -1
      vertex -2.23205 -12.353 -0.599999
      vertex -2.23205 -12.353 -1
    endloop
  endfacet
  facet normal -0.780312 -0.62539 0
    outer loop
      vertex -2.23205 -12.353 -0.599999
      vertex -1.9634 -12.6882 -1
      vertex -1.9634 -12.6882 -0.599999
    endloop
  endfacet
  facet normal -0.677634 -0.735399 0
    outer loop
      vertex -1.9634 -12.6882 -1
      vertex -1.62285 -13.002 -0.599999
      vertex -1.9634 -12.6882 -0.599999
    endloop
  endfacet
  facet normal -0.677634 -0.735399 -0
    outer loop
      vertex -1.62285 -13.002 -0.599999
      vertex -1.9634 -12.6882 -1
      vertex -1.62285 -13.002 -1
    endloop
  endfacet
  facet normal -0.584718 -0.811236 0
    outer loop
      vertex -1.62285 -13.002 -1
      vertex -1.23424 -13.2821 -0.599999
      vertex -1.62285 -13.002 -0.599999
    endloop
  endfacet
  facet normal -0.584718 -0.811236 -0
    outer loop
      vertex -1.23424 -13.2821 -0.599999
      vertex -1.62285 -13.002 -1
      vertex -1.23424 -13.2821 -1
    endloop
  endfacet
  facet normal -0.465768 -0.884907 0
    outer loop
      vertex -1.23424 -13.2821 -1
      vertex -0.820444 -13.4999 -0.599999
      vertex -1.23424 -13.2821 -0.599999
    endloop
  endfacet
  facet normal -0.465768 -0.884907 -0
    outer loop
      vertex -0.820444 -13.4999 -0.599999
      vertex -1.23424 -13.2821 -1
      vertex -0.820444 -13.4999 -1
    endloop
  endfacet
  facet normal -0.334081 -0.942544 0
    outer loop
      vertex -0.820444 -13.4999 -1
      vertex -0.381449 -13.6555 -0.599999
      vertex -0.820444 -13.4999 -0.599999
    endloop
  endfacet
  facet normal -0.334081 -0.942544 -0
    outer loop
      vertex -0.381449 -13.6555 -0.599999
      vertex -0.820444 -13.4999 -1
      vertex -0.381449 -13.6555 -1
    endloop
  endfacet
  facet normal -0.197257 -0.980352 0
    outer loop
      vertex -0.381449 -13.6555 -1
      vertex 0.0827417 -13.7489 -0.599999
      vertex -0.381449 -13.6555 -0.599999
    endloop
  endfacet
  facet normal -0.197257 -0.980352 -0
    outer loop
      vertex 0.0827417 -13.7489 -0.599999
      vertex -0.381449 -13.6555 -1
      vertex 0.0827417 -13.7489 -1
    endloop
  endfacet
  facet normal -0.0634185 -0.997987 0
    outer loop
      vertex 0.0827417 -13.7489 -1
      vertex 0.572148 -13.78 -0.599999
      vertex 0.0827417 -13.7489 -0.599999
    endloop
  endfacet
  facet normal -0.0634185 -0.997987 -0
    outer loop
      vertex 0.572148 -13.78 -0.599999
      vertex 0.0827417 -13.7489 -1
      vertex 0.572148 -13.78 -1
    endloop
  endfacet
  facet normal 0.0632843 -0.997996 0
    outer loop
      vertex 0.572148 -13.78 -1
      vertex 1.06575 -13.7487 -0.599999
      vertex 0.572148 -13.78 -0.599999
    endloop
  endfacet
  facet normal 0.0632843 -0.997996 0
    outer loop
      vertex 1.06575 -13.7487 -0.599999
      vertex 0.572148 -13.78 -1
      vertex 1.06575 -13.7487 -1
    endloop
  endfacet
  facet normal 0.195594 -0.980685 0
    outer loop
      vertex 1.06575 -13.7487 -1
      vertex 1.53555 -13.655 -0.599999
      vertex 1.06575 -13.7487 -0.599999
    endloop
  endfacet
  facet normal 0.195594 -0.980685 0
    outer loop
      vertex 1.53555 -13.655 -0.599999
      vertex 1.06575 -13.7487 -1
      vertex 1.53555 -13.655 -1
    endloop
  endfacet
  facet normal 0.330539 -0.943792 0
    outer loop
      vertex 1.53555 -13.655 -1
      vertex 1.98155 -13.4988 -0.599999
      vertex 1.53555 -13.655 -0.599999
    endloop
  endfacet
  facet normal 0.330539 -0.943792 0
    outer loop
      vertex 1.98155 -13.4988 -0.599999
      vertex 1.53555 -13.655 -1
      vertex 1.98155 -13.4988 -1
    endloop
  endfacet
  facet normal 0.459781 -0.888033 0
    outer loop
      vertex 1.98155 -13.4988 -1
      vertex 2.40376 -13.2802 -0.599999
      vertex 1.98155 -13.4988 -0.599999
    endloop
  endfacet
  facet normal 0.459781 -0.888033 0
    outer loop
      vertex 2.40376 -13.2802 -0.599999
      vertex 1.98155 -13.4988 -1
      vertex 2.40376 -13.2802 -1
    endloop
  endfacet
  facet normal 0.57667 -0.816977 0
    outer loop
      vertex 2.40376 -13.2802 -1
      vertex 2.80214 -12.999 -0.599999
      vertex 2.40376 -13.2802 -0.599999
    endloop
  endfacet
  facet normal 0.57667 -0.816977 0
    outer loop
      vertex 2.80214 -12.999 -0.599999
      vertex 2.40376 -13.2802 -1
      vertex 2.80214 -12.999 -1
    endloop
  endfacet
  facet normal 0.679446 -0.733725 0
    outer loop
      vertex 2.80214 -12.999 -1
      vertex 3.14684 -12.6798 -0.599999
      vertex 2.80214 -12.999 -0.599999
    endloop
  endfacet
  facet normal 0.679446 -0.733725 0
    outer loop
      vertex 3.14684 -12.6798 -0.599999
      vertex 2.80214 -12.999 -1
      vertex 3.14684 -12.6798 -1
    endloop
  endfacet
  facet normal 0.783619 -0.621242 0
    outer loop
      vertex 3.14684 -12.6798 -0.599999
      vertex 3.41496 -12.3416 -1
      vertex 3.41496 -12.3416 -0.599999
    endloop
  endfacet
  facet normal 0.783619 -0.621242 0
    outer loop
      vertex 3.41496 -12.3416 -1
      vertex 3.14684 -12.6798 -0.599999
      vertex 3.14684 -12.6798 -1
    endloop
  endfacet
  facet normal 0.881509 -0.472168 0
    outer loop
      vertex 3.41496 -12.3416 -0.599999
      vertex 3.60645 -11.9841 -1
      vertex 3.60645 -11.9841 -0.599999
    endloop
  endfacet
  facet normal 0.881509 -0.472168 0
    outer loop
      vertex 3.60645 -11.9841 -1
      vertex 3.41496 -12.3416 -0.599999
      vertex 3.41496 -12.3416 -1
    endloop
  endfacet
  facet normal 0.956452 -0.291889 0
    outer loop
      vertex 3.60645 -11.9841 -0.599999
      vertex 3.72135 -11.6076 -1
      vertex 3.72135 -11.6076 -0.599999
    endloop
  endfacet
  facet normal 0.956452 -0.291889 0
    outer loop
      vertex 3.72135 -11.6076 -1
      vertex 3.60645 -11.9841 -0.599999
      vertex 3.60645 -11.9841 -1
    endloop
  endfacet
  facet normal 0.995346 -0.0963644 0
    outer loop
      vertex 3.72135 -11.6076 -0.599999
      vertex 3.75965 -11.212 -1
      vertex 3.75965 -11.212 -0.599999
    endloop
  endfacet
  facet normal 0.995346 -0.0963644 0
    outer loop
      vertex 3.75965 -11.212 -1
      vertex 3.72135 -11.6076 -0.599999
      vertex 3.72135 -11.6076 -1
    endloop
  endfacet
  facet normal 1 -0 0
    outer loop
      vertex 3.75965 -11.212 -0.599999
      vertex 3.75965 -10.979 -1
      vertex 3.75965 -10.979 -0.599999
    endloop
  endfacet
  facet normal 1 0 0
    outer loop
      vertex 3.75965 -10.979 -1
      vertex 3.75965 -11.212 -0.599999
      vertex 3.75965 -11.212 -1
    endloop
  endfacet
  facet normal 0.995316 0.0966791 0
    outer loop
      vertex 3.75965 -10.979 -0.599999
      vertex 3.72135 -10.5847 -1
      vertex 3.72135 -10.5847 -0.599999
    endloop
  endfacet
  facet normal 0.995316 0.0966791 0
    outer loop
      vertex 3.72135 -10.5847 -1
      vertex 3.75965 -10.979 -0.599999
      vertex 3.75965 -10.979 -1
    endloop
  endfacet
  facet normal 0.956603 0.291394 0
    outer loop
      vertex 3.72135 -10.5847 -0.599999
      vertex 3.60645 -10.2075 -1
      vertex 3.60645 -10.2075 -0.599999
    endloop
  endfacet
  facet normal 0.956603 0.291394 0
    outer loop
      vertex 3.60645 -10.2075 -1
      vertex 3.72135 -10.5847 -0.599999
      vertex 3.72135 -10.5847 -1
    endloop
  endfacet
  facet normal 0.882996 0.46938 0
    outer loop
      vertex 3.60645 -10.2075 -0.599999
      vertex 3.41496 -9.84727 -1
      vertex 3.41496 -9.84727 -0.599999
    endloop
  endfacet
  facet normal 0.882996 0.46938 0
    outer loop
      vertex 3.41496 -9.84727 -1
      vertex 3.60645 -10.2075 -0.599999
      vertex 3.60645 -10.2075 -1
    endloop
  endfacet
  facet normal 0.787986 0.615693 0
    outer loop
      vertex 3.41496 -9.84727 -0.599999
      vertex 3.14684 -9.50412 -1
      vertex 3.14684 -9.50412 -0.599999
    endloop
  endfacet
  facet normal 0.787986 0.615693 0
    outer loop
      vertex 3.14684 -9.50412 -1
      vertex 3.41496 -9.84727 -0.599999
      vertex 3.41496 -9.84727 -1
    endloop
  endfacet
  facet normal 0.687269 0.726403 -0
    outer loop
      vertex 3.14684 -9.50412 -1
      vertex 2.80214 -9.17799 -0.599999
      vertex 3.14684 -9.50412 -0.599999
    endloop
  endfacet
  facet normal 0.687269 0.726403 0
    outer loop
      vertex 2.80214 -9.17799 -0.599999
      vertex 3.14684 -9.50412 -1
      vertex 2.80214 -9.17799 -1
    endloop
  endfacet
  facet normal 0.567769 0.823188 -0
    outer loop
      vertex 2.80214 -9.17799 -1
      vertex 2.39815 -8.89935 -0.599999
      vertex 2.80214 -9.17799 -0.599999
    endloop
  endfacet
  facet normal 0.567769 0.823188 0
    outer loop
      vertex 2.39815 -8.89935 -0.599999
      vertex 2.80214 -9.17799 -1
      vertex 2.39815 -8.89935 -1
    endloop
  endfacet
  facet normal 0.454276 0.890861 -0
    outer loop
      vertex 2.39815 -8.89935 -1
      vertex 1.97315 -8.68263 -0.599999
      vertex 2.39815 -8.89935 -0.599999
    endloop
  endfacet
  facet normal 0.454276 0.890861 0
    outer loop
      vertex 1.97315 -8.68263 -0.599999
      vertex 2.39815 -8.89935 -1
      vertex 1.97315 -8.68263 -1
    endloop
  endfacet
  facet normal 0.32789 0.944716 -0
    outer loop
      vertex 1.97315 -8.68263 -1
      vertex 1.52714 -8.52783 -0.599999
      vertex 1.97315 -8.68263 -0.599999
    endloop
  endfacet
  facet normal 0.32789 0.944716 0
    outer loop
      vertex 1.52714 -8.52783 -0.599999
      vertex 1.97315 -8.68263 -1
      vertex 1.52714 -8.52783 -1
    endloop
  endfacet
  facet normal 0.195066 0.98079 -0
    outer loop
      vertex 1.52714 -8.52783 -1
      vertex 1.06014 -8.43495 -0.599999
      vertex 1.52714 -8.52783 -0.599999
    endloop
  endfacet
  facet normal 0.195066 0.98079 0
    outer loop
      vertex 1.06014 -8.43495 -0.599999
      vertex 1.52714 -8.52783 -1
      vertex 1.06014 -8.43495 -1
    endloop
  endfacet
  facet normal 0.0633164 0.997994 -0
    outer loop
      vertex 1.06014 -8.43495 -1
      vertex 0.572148 -8.40399 -0.599999
      vertex 1.06014 -8.43495 -0.599999
    endloop
  endfacet
  facet normal 0.0633164 0.997994 0
    outer loop
      vertex 0.572148 -8.40399 -0.599999
      vertex 1.06014 -8.43495 -1
      vertex 0.572148 -8.40399 -1
    endloop
  endfacet
  facet normal 0.0630155 0.998013 -0
    outer loop
      vertex 0.572148 -8.40399 -1
      vertex 0.352956 -8.39015 -0.599999
      vertex 0.572148 -8.40399 -0.599999
    endloop
  endfacet
  facet normal 0.0630155 0.998013 0
    outer loop
      vertex 0.352956 -8.39015 -0.599999
      vertex 0.572148 -8.40399 -1
      vertex 0.352956 -8.39015 -1
    endloop
  endfacet
  facet normal 0.1943 0.980942 -0
    outer loop
      vertex 0.352956 -8.39015 -1
      vertex 0.143338 -8.34863 -0.599999
      vertex 0.352956 -8.39015 -0.599999
    endloop
  endfacet
  facet normal 0.1943 0.980942 0
    outer loop
      vertex 0.143338 -8.34863 -0.599999
      vertex 0.352956 -8.39015 -1
      vertex 0.143338 -8.34863 -1
    endloop
  endfacet
  facet normal 0.327004 0.945023 -0
    outer loop
      vertex 0.143338 -8.34863 -1
      vertex -0.0566463 -8.27943 -0.599999
      vertex 0.143338 -8.34863 -0.599999
    endloop
  endfacet
  facet normal 0.327004 0.945023 0
    outer loop
      vertex -0.0566463 -8.27943 -0.599999
      vertex 0.143338 -8.34863 -1
      vertex -0.0566463 -8.27943 -1
    endloop
  endfacet
  facet normal 0.453436 0.891289 -0
    outer loop
      vertex -0.0566463 -8.27943 -1
      vertex -0.247057 -8.18256 -0.599999
      vertex -0.0566463 -8.27943 -0.599999
    endloop
  endfacet
  facet normal 0.453436 0.891289 0
    outer loop
      vertex -0.247057 -8.18256 -0.599999
      vertex -0.0566463 -8.27943 -1
      vertex -0.247057 -8.18256 -1
    endloop
  endfacet
  facet normal 0.567337 0.823486 -0
    outer loop
      vertex -0.247057 -8.18256 -1
      vertex -0.427855 -8.058 -0.599999
      vertex -0.247057 -8.18256 -0.599999
    endloop
  endfacet
  facet normal 0.567337 0.823486 0
    outer loop
      vertex -0.427855 -8.058 -0.599999
      vertex -0.247057 -8.18256 -1
      vertex -0.427855 -8.058 -1
    endloop
  endfacet
  facet normal 0.666916 0.745133 -0
    outer loop
      vertex -0.427855 -8.058 -1
      vertex -0.586699 -7.91583 -0.599999
      vertex -0.427855 -8.058 -0.599999
    endloop
  endfacet
  facet normal 0.666916 0.745133 0
    outer loop
      vertex -0.586699 -7.91583 -0.599999
      vertex -0.427855 -8.058 -1
      vertex -0.586699 -7.91583 -1
    endloop
  endfacet
  facet normal 0.77117 0.636629 0
    outer loop
      vertex -0.586699 -7.91583 -0.599999
      vertex -0.710257 -7.76616 -1
      vertex -0.710257 -7.76616 -0.599999
    endloop
  endfacet
  facet normal 0.77117 0.636629 0
    outer loop
      vertex -0.710257 -7.76616 -1
      vertex -0.586699 -7.91583 -0.599999
      vertex -0.586699 -7.91583 -1
    endloop
  endfacet
  facet normal 0.871996 0.489513 0
    outer loop
      vertex -0.710257 -7.76616 -0.599999
      vertex -0.79851 -7.60895 -1
      vertex -0.79851 -7.60895 -0.599999
    endloop
  endfacet
  facet normal 0.871996 0.489513 0
    outer loop
      vertex -0.79851 -7.60895 -1
      vertex -0.710257 -7.76616 -0.599999
      vertex -0.710257 -7.76616 -1
    endloop
  endfacet
  facet normal 0.952025 0.306021 0
    outer loop
      vertex -0.79851 -7.60895 -0.599999
      vertex -0.851458 -7.44423 -1
      vertex -0.851458 -7.44423 -0.599999
    endloop
  endfacet
  facet normal 0.952025 0.306021 0
    outer loop
      vertex -0.851458 -7.44423 -1
      vertex -0.79851 -7.60895 -0.599999
      vertex -0.79851 -7.60895 -1
    endloop
  endfacet
  facet normal 0.994795 0.101899 0
    outer loop
      vertex -0.851458 -7.44423 -0.599999
      vertex -0.869101 -7.27199 -1
      vertex -0.869101 -7.27199 -0.599999
    endloop
  endfacet
  facet normal 0.994795 0.101899 0
    outer loop
      vertex -0.869101 -7.27199 -1
      vertex -0.851458 -7.44423 -0.599999
      vertex -0.851458 -7.44423 -1
    endloop
  endfacet
  facet normal 0.997487 -0.0708543 0
    outer loop
      vertex -0.869101 -7.27199 -0.599999
      vertex -0.854204 -7.06227 -1
      vertex -0.854204 -7.06227 -0.599999
    endloop
  endfacet
  facet normal 0.997487 -0.0708543 0
    outer loop
      vertex -0.854204 -7.06227 -1
      vertex -0.869101 -7.27199 -0.599999
      vertex -0.869101 -7.27199 -1
    endloop
  endfacet
  facet normal 0.975431 -0.220306 0
    outer loop
      vertex -0.854204 -7.06227 -0.599999
      vertex -0.809496 -6.86432 -1
      vertex -0.809496 -6.86432 -0.599999
    endloop
  endfacet
  facet normal 0.975431 -0.220306 0
    outer loop
      vertex -0.809496 -6.86432 -1
      vertex -0.854204 -7.06227 -0.599999
      vertex -0.854204 -7.06227 -1
    endloop
  endfacet
  facet normal 0.928441 -0.371481 0
    outer loop
      vertex -0.809496 -6.86432 -0.599999
      vertex -0.734995 -6.67812 -1
      vertex -0.734995 -6.67812 -0.599999
    endloop
  endfacet
  facet normal 0.928441 -0.371481 0
    outer loop
      vertex -0.734995 -6.67812 -1
      vertex -0.809496 -6.86432 -0.599999
      vertex -0.809496 -6.86432 -1
    endloop
  endfacet
  facet normal 0.858295 -0.513157 0
    outer loop
      vertex -0.734995 -6.67812 -0.599999
      vertex -0.630701 -6.50368 -1
      vertex -0.630701 -6.50368 -0.599999
    endloop
  endfacet
  facet normal 0.858295 -0.513157 0
    outer loop
      vertex -0.630701 -6.50368 -1
      vertex -0.734995 -6.67812 -0.599999
      vertex -0.734995 -6.67812 -1
    endloop
  endfacet
  facet normal 0.771637 -0.636063 0
    outer loop
      vertex -0.630701 -6.50368 -0.599999
      vertex -0.496595 -6.34099 -1
      vertex -0.496595 -6.34099 -0.599999
    endloop
  endfacet
  facet normal 0.771637 -0.636063 0
    outer loop
      vertex -0.496595 -6.34099 -1
      vertex -0.630701 -6.50368 -0.599999
      vertex -0.630701 -6.50368 -1
    endloop
  endfacet
  facet normal 0.658086 -0.752942 0
    outer loop
      vertex -0.496595 -6.34099 -1
      vertex -0.318258 -6.18512 -0.599999
      vertex -0.496595 -6.34099 -0.599999
    endloop
  endfacet
  facet normal 0.658086 -0.752942 0
    outer loop
      vertex -0.318258 -6.18512 -0.599999
      vertex -0.496595 -6.34099 -1
      vertex -0.318258 -6.18512 -1
    endloop
  endfacet
  facet normal 0.525984 -0.850494 0
    outer loop
      vertex -0.318258 -6.18512 -1
      vertex -0.122202 -6.06387 -0.599999
      vertex -0.318258 -6.18512 -0.599999
    endloop
  endfacet
  facet normal 0.525984 -0.850494 0
    outer loop
      vertex -0.122202 -6.06387 -0.599999
      vertex -0.318258 -6.18512 -1
      vertex -0.122202 -6.06387 -1
    endloop
  endfacet
  facet normal 0.375453 -0.926841 0
    outer loop
      vertex -0.122202 -6.06387 -1
      vertex 0.0915537 -5.97728 -0.599999
      vertex -0.122202 -6.06387 -0.599999
    endloop
  endfacet
  facet normal 0.375453 -0.926841 0
    outer loop
      vertex 0.0915537 -5.97728 -0.599999
      vertex -0.122202 -6.06387 -1
      vertex 0.0915537 -5.97728 -1
    endloop
  endfacet
  facet normal 0.219097 -0.975703 0
    outer loop
      vertex 0.0915537 -5.97728 -1
      vertex 0.322991 -5.92531 -0.599999
      vertex 0.0915537 -5.97728 -0.599999
    endloop
  endfacet
  facet normal 0.219097 -0.975703 0
    outer loop
      vertex 0.322991 -5.92531 -0.599999
      vertex 0.0915537 -5.97728 -1
      vertex 0.322991 -5.92531 -1
    endloop
  endfacet
  facet normal 0.0693471 -0.997593 0
    outer loop
      vertex 0.322991 -5.92531 -1
      vertex 0.572148 -5.90799 -0.599999
      vertex 0.322991 -5.92531 -0.599999
    endloop
  endfacet
  facet normal 0.0693471 -0.997593 0
    outer loop
      vertex 0.572148 -5.90799 -0.599999
      vertex 0.322991 -5.92531 -1
      vertex 0.572148 -5.90799 -1
    endloop
  endfacet
  facet normal -0.0626299 -0.998037 0
    outer loop
      vertex 0.572148 -5.90799 -1
      vertex 0.792695 -5.92183 -0.599999
      vertex 0.572148 -5.90799 -0.599999
    endloop
  endfacet
  facet normal -0.0626299 -0.998037 -0
    outer loop
      vertex 0.792695 -5.92183 -0.599999
      vertex 0.572148 -5.90799 -1
      vertex 0.792695 -5.92183 -1
    endloop
  endfacet
  facet normal -0.196066 -0.980591 0
    outer loop
      vertex 0.792695 -5.92183 -1
      vertex 1.00035 -5.96335 -0.599999
      vertex 0.792695 -5.92183 -0.599999
    endloop
  endfacet
  facet normal -0.196066 -0.980591 -0
    outer loop
      vertex 1.00035 -5.96335 -0.599999
      vertex 0.792695 -5.92183 -1
      vertex 1.00035 -5.96335 -1
    endloop
  endfacet
  facet normal -0.334834 -0.942277 0
    outer loop
      vertex 1.00035 -5.96335 -1
      vertex 1.19509 -6.03255 -0.599999
      vertex 1.00035 -5.96335 -0.599999
    endloop
  endfacet
  facet normal -0.334834 -0.942277 -0
    outer loop
      vertex 1.19509 -6.03255 -0.599999
      vertex 1.00035 -5.96335 -1
      vertex 1.19509 -6.03255 -1
    endloop
  endfacet
  facet normal -0.470165 -0.882579 0
    outer loop
      vertex 1.19509 -6.03255 -1
      vertex 1.37695 -6.12943 -0.599999
      vertex 1.19509 -6.03255 -0.599999
    endloop
  endfacet
  facet normal -0.470165 -0.882579 -0
    outer loop
      vertex 1.37695 -6.12943 -0.599999
      vertex 1.19509 -6.03255 -1
      vertex 1.37695 -6.12943 -1
    endloop
  endfacet
  facet normal -0.593425 -0.804889 0
    outer loop
      vertex 1.37695 -6.12943 -1
      vertex 1.54591 -6.254 -0.599999
      vertex 1.37695 -6.12943 -0.599999
    endloop
  endfacet
  facet normal -0.593425 -0.804889 -0
    outer loop
      vertex 1.54591 -6.254 -0.599999
      vertex 1.37695 -6.12943 -1
      vertex 1.54591 -6.254 -1
    endloop
  endfacet
  facet normal -0.708334 -0.705878 0
    outer loop
      vertex 1.69251 -6.40111 -1
      vertex 1.54591 -6.254 -0.599999
      vertex 1.54591 -6.254 -1
    endloop
  endfacet
  facet normal -0.708334 -0.705878 0
    outer loop
      vertex 1.54591 -6.254 -0.599999
      vertex 1.69251 -6.40111 -1
      vertex 1.69251 -6.40111 -0.599999
    endloop
  endfacet
  facet normal -0.78715 -0.616761 0
    outer loop
      vertex 1.8133 -6.55527 -1
      vertex 1.69251 -6.40111 -0.599999
      vertex 1.69251 -6.40111 -1
    endloop
  endfacet
  facet normal -0.78715 -0.616761 0
    outer loop
      vertex 1.69251 -6.40111 -0.599999
      vertex 1.8133 -6.55527 -1
      vertex 1.8133 -6.55527 -0.599999
    endloop
  endfacet
  facet normal -0.861536 -0.507697 0
    outer loop
      vertex 1.9083 -6.71648 -1
      vertex 1.8133 -6.55527 -0.599999
      vertex 1.8133 -6.55527 -1
    endloop
  endfacet
  facet normal -0.861536 -0.507697 0
    outer loop
      vertex 1.8133 -6.55527 -0.599999
      vertex 1.9083 -6.71648 -1
      vertex 1.9083 -6.71648 -0.599999
    endloop
  endfacet
  facet normal -0.924824 -0.380396 0
    outer loop
      vertex 1.9775 -6.88472 -1
      vertex 1.9083 -6.71648 -0.599999
      vertex 1.9083 -6.71648 -1
    endloop
  endfacet
  facet normal -0.924824 -0.380396 0
    outer loop
      vertex 1.9083 -6.71648 -0.599999
      vertex 1.9775 -6.88472 -1
      vertex 1.9775 -6.88472 -0.599999
    endloop
  endfacet
  facet normal -0.9707 -0.240294 0
    outer loop
      vertex 2.02089 -7.06 -1
      vertex 1.9775 -6.88472 -0.599999
      vertex 1.9775 -6.88472 -1
    endloop
  endfacet
  facet normal -0.9707 -0.240294 0
    outer loop
      vertex 1.9775 -6.88472 -0.599999
      vertex 2.02089 -7.06 -1
      vertex 2.02089 -7.06 -0.599999
    endloop
  endfacet
  facet normal 0 -1 0
    outer loop
      vertex 2.02089 -7.06 -1
      vertex 3.75965 -7.06 -0.599999
      vertex 2.02089 -7.06 -0.599999
    endloop
  endfacet
  facet normal 0 -1 -0
    outer loop
      vertex 3.75965 -7.06 -0.599999
      vertex 2.02089 -7.06 -1
      vertex 3.75965 -7.06 -1
    endloop
  endfacet
  facet normal 0.991124 0.132942 0
    outer loop
      vertex 3.75965 -7.06 -0.599999
      vertex 3.7067 -6.66524 -1
      vertex 3.7067 -6.66524 -0.599999
    endloop
  endfacet
  facet normal 0.991124 0.132942 0
    outer loop
      vertex 3.7067 -6.66524 -1
      vertex 3.75965 -7.06 -0.599999
      vertex 3.75965 -7.06 -1
    endloop
  endfacet
  facet normal 0.949119 0.314918 0
    outer loop
      vertex 3.7067 -6.66524 -0.599999
      vertex 3.58185 -6.28896 -1
      vertex 3.58185 -6.28896 -0.599999
    endloop
  endfacet
  facet normal 0.949119 0.314918 0
    outer loop
      vertex 3.58185 -6.28896 -1
      vertex 3.7067 -6.66524 -0.599999
      vertex 3.7067 -6.66524 -1
    endloop
  endfacet
  facet normal 0.876273 0.481814 0
    outer loop
      vertex 3.58185 -6.28896 -0.599999
      vertex 3.38511 -5.93115 -1
      vertex 3.38511 -5.93115 -0.599999
    endloop
  endfacet
  facet normal 0.876273 0.481814 0
    outer loop
      vertex 3.38511 -5.93115 -1
      vertex 3.58185 -6.28896 -0.599999
      vertex 3.58185 -6.28896 -1
    endloop
  endfacet
  facet normal 0.784021 0.620734 0
    outer loop
      vertex 3.38511 -5.93115 -0.599999
      vertex 3.11646 -5.59183 -1
      vertex 3.11646 -5.59183 -0.599999
    endloop
  endfacet
  facet normal 0.784021 0.620734 0
    outer loop
      vertex 3.11646 -5.59183 -1
      vertex 3.38511 -5.93115 -0.599999
      vertex 3.38511 -5.93115 -1
    endloop
  endfacet
  facet normal 0.685708 0.727877 -0
    outer loop
      vertex 3.11646 -5.59183 -1
      vertex 2.7759 -5.271 -0.599999
      vertex 3.11646 -5.59183 -0.599999
    endloop
  endfacet
  facet normal 0.685708 0.727877 0
    outer loop
      vertex 2.7759 -5.271 -0.599999
      vertex 3.11646 -5.59183 -1
      vertex 2.7759 -5.271 -1
    endloop
  endfacet
  facet normal 0.580876 0.813992 -0
    outer loop
      vertex 2.7759 -5.271 -1
      vertex 2.38695 -4.99344 -0.599999
      vertex 2.7759 -5.271 -0.599999
    endloop
  endfacet
  facet normal 0.580876 0.813992 0
    outer loop
      vertex 2.38695 -4.99344 -0.599999
      vertex 2.7759 -5.271 -1
      vertex 2.38695 -4.99344 -1
    endloop
  endfacet
  facet normal 0.461619 0.887078 -0
    outer loop
      vertex 2.38695 -4.99344 -1
      vertex 1.9721 -4.77756 -0.599999
      vertex 2.38695 -4.99344 -0.599999
    endloop
  endfacet
  facet normal 0.461619 0.887078 0
    outer loop
      vertex 1.9721 -4.77756 -0.599999
      vertex 2.38695 -4.99344 -1
      vertex 1.9721 -4.77756 -1
    endloop
  endfacet
  facet normal 0.33025 0.943893 -0
    outer loop
      vertex 1.9721 -4.77756 -1
      vertex 1.53135 -4.62335 -0.599999
      vertex 1.9721 -4.77756 -0.599999
    endloop
  endfacet
  facet normal 0.33025 0.943893 0
    outer loop
      vertex 1.53135 -4.62335 -0.599999
      vertex 1.9721 -4.77756 -1
      vertex 1.53135 -4.62335 -1
    endloop
  endfacet
  facet normal 0.194458 0.980911 -0
    outer loop
      vertex 1.53135 -4.62335 -1
      vertex 1.0647 -4.53084 -0.599999
      vertex 1.53135 -4.62335 -0.599999
    endloop
  endfacet
  facet normal 0.194458 0.980911 0
    outer loop
      vertex 1.0647 -4.53084 -0.599999
      vertex 1.53135 -4.62335 -1
      vertex 1.0647 -4.53084 -1
    endloop
  endfacet
  facet normal 0.0624903 0.998046 -0
    outer loop
      vertex 1.0647 -4.53084 -1
      vertex 0.572148 -4.5 -0.599999
      vertex 1.0647 -4.53084 -0.599999
    endloop
  endfacet
  facet normal 0.0624903 0.998046 0
    outer loop
      vertex 0.572148 -4.5 -0.599999
      vertex 1.0647 -4.53084 -1
      vertex 0.572148 -4.5 -1
    endloop
  endfacet
  facet normal -0.0622955 0.998058 0
    outer loop
      vertex 0.572148 -4.5 -1
      vertex 0.0820551 -4.53059 -0.599999
      vertex 0.572148 -4.5 -0.599999
    endloop
  endfacet
  facet normal -0.0622955 0.998058 0
    outer loop
      vertex 0.0820551 -4.53059 -0.599999
      vertex 0.572148 -4.5 -1
      vertex 0.0820551 -4.53059 -1
    endloop
  endfacet
  facet normal -0.195588 0.980686 0
    outer loop
      vertex -7.54785 -4.53084 -1
      vertex -8.0117 -4.62335 -0.599999
      vertex -7.54785 -4.53084 -0.599999
    endloop
  endfacet
  facet normal -0.195588 0.980686 0
    outer loop
      vertex -8.0117 -4.62335 -0.599999
      vertex -7.54785 -4.53084 -1
      vertex -8.0117 -4.62335 -1
    endloop
  endfacet
  facet normal -0.33025 0.943893 0
    outer loop
      vertex -8.0117 -4.62335 -1
      vertex -8.45245 -4.77756 -0.599999
      vertex -8.0117 -4.62335 -0.599999
    endloop
  endfacet
  facet normal -0.33025 0.943893 0
    outer loop
      vertex -8.45245 -4.77756 -0.599999
      vertex -8.0117 -4.62335 -1
      vertex -8.45245 -4.77756 -1
    endloop
  endfacet
  facet normal -0.459178 0.888344 0
    outer loop
      vertex -8.45245 -4.77756 -1
      vertex -8.8701 -4.99344 -0.599999
      vertex -8.45245 -4.77756 -0.599999
    endloop
  endfacet
  facet normal -0.459178 0.888344 0
    outer loop
      vertex -8.8701 -4.99344 -0.599999
      vertex -8.45245 -4.77756 -1
      vertex -8.8701 -4.99344 -1
    endloop
  endfacet
  facet normal -0.575364 0.817897 0
    outer loop
      vertex -8.8701 -4.99344 -1
      vertex -9.26466 -5.271 -0.599999
      vertex -8.8701 -4.99344 -0.599999
    endloop
  endfacet
  facet normal -0.575364 0.817897 0
    outer loop
      vertex -9.26466 -5.271 -0.599999
      vertex -8.8701 -4.99344 -1
      vertex -9.26466 -5.271 -1
    endloop
  endfacet
  facet normal -0.677985 0.735076 0
    outer loop
      vertex -9.26466 -5.271 -1
      vertex -9.60766 -5.58736 -0.599999
      vertex -9.26466 -5.271 -0.599999
    endloop
  endfacet
  facet normal -0.677985 0.735076 0
    outer loop
      vertex -9.60766 -5.58736 -0.599999
      vertex -9.26466 -5.271 -1
      vertex -9.60766 -5.58736 -1
    endloop
  endfacet
  facet normal -0.781631 0.623742 0
    outer loop
      vertex -9.87665 -5.92444 -1
      vertex -9.60766 -5.58736 -0.599999
      vertex -9.60766 -5.58736 -1
    endloop
  endfacet
  facet normal -0.781631 0.623742 0
    outer loop
      vertex -9.60766 -5.58736 -0.599999
      vertex -9.87665 -5.92444 -1
      vertex -9.87665 -5.92444 -0.599999
    endloop
  endfacet
  facet normal -0.878007 0.478648 0
    outer loop
      vertex -10.0717 -6.28223 -1
      vertex -9.87665 -5.92444 -0.599999
      vertex -9.87665 -5.92444 -1
    endloop
  endfacet
  facet normal -0.878007 0.478648 0
    outer loop
      vertex -9.87665 -5.92444 -0.599999
      vertex -10.0717 -6.28223 -1
      vertex -10.0717 -6.28223 -0.599999
    endloop
  endfacet
  facet normal -0.952516 0.304487 0
    outer loop
      vertex -10.1927 -6.66075 -1
      vertex -10.0717 -6.28223 -0.599999
      vertex -10.0717 -6.28223 -1
    endloop
  endfacet
  facet normal -0.952516 0.304487 0
    outer loop
      vertex -10.0717 -6.28223 -0.599999
      vertex -10.1927 -6.66075 -1
      vertex -10.1927 -6.66075 -0.599999
    endloop
  endfacet
  facet normal -0.993142 0.116913 0
    outer loop
      vertex -10.2397 -7.06 -1
      vertex -10.1927 -6.66075 -0.599999
      vertex -10.1927 -6.66075 -1
    endloop
  endfacet
  facet normal -0.993142 0.116913 0
    outer loop
      vertex -10.1927 -6.66075 -0.599999
      vertex -10.2397 -7.06 -1
      vertex -10.2397 -7.06 -0.599999
    endloop
  endfacet
  facet normal 0 -1 0
    outer loop
      vertex -10.2397 -7.06 -1
      vertex -8.50216 -7.06 -0.599999
      vertex -10.2397 -7.06 -0.599999
    endloop
  endfacet
  facet normal 0 -1 -0
    outer loop
      vertex -8.50216 -7.06 -0.599999
      vertex -10.2397 -7.06 -1
      vertex -8.50216 -7.06 -1
    endloop
  endfacet
  facet normal 0.982313 -0.187245 0
    outer loop
      vertex -8.50216 -7.06 -0.599999
      vertex -8.4671 -6.87607 -1
      vertex -8.4671 -6.87607 -0.599999
    endloop
  endfacet
  facet normal 0.982313 -0.187245 0
    outer loop
      vertex -8.4671 -6.87607 -1
      vertex -8.50216 -7.06 -0.599999
      vertex -8.50216 -7.06 -1
    endloop
  endfacet
  facet normal 0.937343 -0.348407 0
    outer loop
      vertex -8.4671 -6.87607 -0.599999
      vertex -8.40296 -6.70351 -1
      vertex -8.40296 -6.70351 -0.599999
    endloop
  endfacet
  facet normal 0.937343 -0.348407 0
    outer loop
      vertex -8.40296 -6.70351 -1
      vertex -8.4671 -6.87607 -0.599999
      vertex -8.4671 -6.87607 -1
    endloop
  endfacet
  facet normal 0.865604 -0.500729 0
    outer loop
      vertex -8.40296 -6.70351 -0.599999
      vertex -8.30971 -6.54231 -1
      vertex -8.30971 -6.54231 -0.599999
    endloop
  endfacet
  facet normal 0.865604 -0.500729 0
    outer loop
      vertex -8.30971 -6.54231 -1
      vertex -8.40296 -6.70351 -0.599999
      vertex -8.40296 -6.70351 -1
    endloop
  endfacet
  facet normal 0.774556 -0.632506 0
    outer loop
      vertex -8.30971 -6.54231 -0.599999
      vertex -8.18735 -6.39247 -1
      vertex -8.18735 -6.39247 -0.599999
    endloop
  endfacet
  facet normal 0.774556 -0.632506 0
    outer loop
      vertex -8.18735 -6.39247 -1
      vertex -8.30971 -6.54231 -0.599999
      vertex -8.30971 -6.54231 -1
    endloop
  endfacet
  facet normal 0.674797 -0.738003 0
    outer loop
      vertex -8.18735 -6.39247 -1
      vertex -8.03591 -6.254 -0.599999
      vertex -8.18735 -6.39247 -0.599999
    endloop
  endfacet
  facet normal 0.674797 -0.738003 0
    outer loop
      vertex -8.03591 -6.254 -0.599999
      vertex -8.18735 -6.39247 -1
      vertex -8.03591 -6.254 -1
    endloop
  endfacet
  facet normal 0.580793 -0.814052 0
    outer loop
      vertex -8.03591 -6.254 -1
      vertex -7.86131 -6.12943 -0.599999
      vertex -8.03591 -6.254 -0.599999
    endloop
  endfacet
  facet normal 0.580793 -0.814052 0
    outer loop
      vertex -7.86131 -6.12943 -0.599999
      vertex -8.03591 -6.254 -1
      vertex -7.86131 -6.12943 -1
    endloop
  endfacet
  facet normal 0.464288 -0.885684 0
    outer loop
      vertex -7.86131 -6.12943 -1
      vertex -7.6765 -6.03255 -0.599999
      vertex -7.86131 -6.12943 -0.599999
    endloop
  endfacet
  facet normal 0.464288 -0.885684 0
    outer loop
      vertex -7.6765 -6.03255 -0.599999
      vertex -7.86131 -6.12943 -1
      vertex -7.6765 -6.03255 -1
    endloop
  endfacet
  facet normal 0.334468 -0.942407 0
    outer loop
      vertex -7.6765 -6.03255 -1
      vertex -7.48152 -5.96335 -0.599999
      vertex -7.6765 -6.03255 -0.599999
    endloop
  endfacet
  facet normal 0.334468 -0.942407 0
    outer loop
      vertex -7.48152 -5.96335 -0.599999
      vertex -7.6765 -6.03255 -1
      vertex -7.48152 -5.96335 -1
    endloop
  endfacet
  facet normal 0.198302 -0.980141 0
    outer loop
      vertex -7.48152 -5.96335 -1
      vertex -7.2763 -5.92183 -0.599999
      vertex -7.48152 -5.96335 -0.599999
    endloop
  endfacet
  facet normal 0.198302 -0.980141 0
    outer loop
      vertex -7.2763 -5.92183 -0.599999
      vertex -7.48152 -5.96335 -1
      vertex -7.2763 -5.92183 -1
    endloop
  endfacet
  facet normal 0.0641233 -0.997942 0
    outer loop
      vertex -7.2763 -5.92183 -1
      vertex -7.06091 -5.90799 -0.599999
      vertex -7.2763 -5.92183 -0.599999
    endloop
  endfacet
  facet normal 0.0641233 -0.997942 0
    outer loop
      vertex -7.06091 -5.90799 -0.599999
      vertex -7.2763 -5.92183 -1
      vertex -7.06091 -5.90799 -1
    endloop
  endfacet
  facet normal -0.0633076 -0.997994 0
    outer loop
      vertex -7.06091 -5.90799 -1
      vertex -6.83895 -5.92207 -0.599999
      vertex -7.06091 -5.90799 -0.599999
    endloop
  endfacet
  facet normal -0.0633076 -0.997994 -0
    outer loop
      vertex -6.83895 -5.92207 -0.599999
      vertex -7.06091 -5.90799 -1
      vertex -6.83895 -5.92207 -1
    endloop
  endfacet
  facet normal -0.195537 -0.980696 0
    outer loop
      vertex -6.83895 -5.92207 -1
      vertex -6.6271 -5.96431 -0.599999
      vertex -6.83895 -5.92207 -0.599999
    endloop
  endfacet
  facet normal -0.195537 -0.980696 -0
    outer loop
      vertex -6.6271 -5.96431 -0.599999
      vertex -6.83895 -5.92207 -1
      vertex -6.6271 -5.96431 -1
    endloop
  endfacet
  facet normal -0.329479 -0.944163 0
    outer loop
      vertex -6.6271 -5.96431 -1
      vertex -6.42536 -6.03471 -0.599999
      vertex -6.6271 -5.96431 -0.599999
    endloop
  endfacet
  facet normal -0.329479 -0.944163 -0
    outer loop
      vertex -6.42536 -6.03471 -0.599999
      vertex -6.6271 -5.96431 -1
      vertex -6.42536 -6.03471 -1
    endloop
  endfacet
  facet normal -0.457338 -0.889293 0
    outer loop
      vertex -6.42536 -6.03471 -1
      vertex -6.23371 -6.13327 -0.599999
      vertex -6.42536 -6.03471 -0.599999
    endloop
  endfacet
  facet normal -0.457338 -0.889293 -0
    outer loop
      vertex -6.23371 -6.13327 -0.599999
      vertex -6.42536 -6.03471 -1
      vertex -6.23371 -6.13327 -1
    endloop
  endfacet
  facet normal -0.572334 -0.82002 0
    outer loop
      vertex -6.23371 -6.13327 -1
      vertex -6.05215 -6.25999 -0.599999
      vertex -6.23371 -6.13327 -0.599999
    endloop
  endfacet
  facet normal -0.572334 -0.82002 -0
    outer loop
      vertex -6.05215 -6.25999 -0.599999
      vertex -6.23371 -6.13327 -1
      vertex -6.05215 -6.25999 -1
    endloop
  endfacet
  facet normal -0.673207 -0.739454 0
    outer loop
      vertex -6.05215 -6.25999 -1
      vertex -5.89376 -6.40419 -0.599999
      vertex -6.05215 -6.25999 -0.599999
    endloop
  endfacet
  facet normal -0.673207 -0.739454 -0
    outer loop
      vertex -5.89376 -6.40419 -0.599999
      vertex -6.05215 -6.25999 -1
      vertex -5.89376 -6.40419 -1
    endloop
  endfacet
  facet normal -0.776503 -0.630113 0
    outer loop
      vertex -5.77057 -6.556 -1
      vertex -5.89376 -6.40419 -0.599999
      vertex -5.89376 -6.40419 -1
    endloop
  endfacet
  facet normal -0.776503 -0.630113 0
    outer loop
      vertex -5.89376 -6.40419 -0.599999
      vertex -5.77057 -6.556 -1
      vertex -5.77057 -6.556 -0.599999
    endloop
  endfacet
  facet normal -0.875413 -0.483375 0
    outer loop
      vertex -5.68256 -6.71539 -1
      vertex -5.77057 -6.556 -0.599999
      vertex -5.77057 -6.556 -1
    endloop
  endfacet
  facet normal -0.875413 -0.483375 0
    outer loop
      vertex -5.77057 -6.556 -0.599999
      vertex -5.68256 -6.71539 -1
      vertex -5.68256 -6.71539 -0.599999
    endloop
  endfacet
  facet normal -0.953495 -0.301407 0
    outer loop
      vertex -5.62977 -6.88239 -1
      vertex -5.68256 -6.71539 -0.599999
      vertex -5.68256 -6.71539 -1
    endloop
  endfacet
  facet normal -0.953495 -0.301407 0
    outer loop
      vertex -5.68256 -6.71539 -0.599999
      vertex -5.62977 -6.88239 -1
      vertex -5.62977 -6.88239 -0.599999
    endloop
  endfacet
  facet normal -0.994952 -0.10035 0
    outer loop
      vertex -5.61216 -7.05699 -1
      vertex -5.62977 -6.88239 -0.599999
      vertex -5.62977 -6.88239 -1
    endloop
  endfacet
  facet normal -0.994952 -0.10035 0
    outer loop
      vertex -5.62977 -6.88239 -0.599999
      vertex -5.61216 -7.05699 -1
      vertex -5.61216 -7.05699 -0.599999
    endloop
  endfacet
  facet normal -1 0 0
    outer loop
      vertex -5.61216 -11.216 -1
      vertex -5.61216 -7.05699 -0.599999
      vertex -5.61216 -7.05699 -1
    endloop
  endfacet
  facet normal -1 -0 0
    outer loop
      vertex -5.61216 -7.05699 -0.599999
      vertex -5.61216 -11.216 -1
      vertex -5.61216 -11.216 -0.599999
    endloop
  endfacet
  facet normal -0.994952 0.10035 0
    outer loop
      vertex -5.62977 -11.3906 -1
      vertex -5.61216 -11.216 -0.599999
      vertex -5.61216 -11.216 -1
    endloop
  endfacet
  facet normal -0.994952 0.10035 0
    outer loop
      vertex -5.61216 -11.216 -0.599999
      vertex -5.62977 -11.3906 -1
      vertex -5.62977 -11.3906 -0.599999
    endloop
  endfacet
  facet normal -0.953599 0.30108 0
    outer loop
      vertex -5.68256 -11.5578 -1
      vertex -5.62977 -11.3906 -0.599999
      vertex -5.62977 -11.3906 -1
    endloop
  endfacet
  facet normal -0.953599 0.30108 0
    outer loop
      vertex -5.62977 -11.3906 -0.599999
      vertex -5.68256 -11.5578 -1
      vertex -5.68256 -11.5578 -0.599999
    endloop
  endfacet
  facet normal -0.875554 0.483119 0
    outer loop
      vertex -5.77057 -11.7173 -1
      vertex -5.68256 -11.5578 -0.599999
      vertex -5.68256 -11.5578 -1
    endloop
  endfacet
  facet normal -0.875554 0.483119 0
    outer loop
      vertex -5.68256 -11.5578 -0.599999
      vertex -5.77057 -11.7173 -1
      vertex -5.77057 -11.7173 -0.599999
    endloop
  endfacet
  facet normal -0.777091 0.629388 0
    outer loop
      vertex -5.89376 -11.8694 -1
      vertex -5.77057 -11.7173 -0.599999
      vertex -5.77057 -11.7173 -1
    endloop
  endfacet
  facet normal -0.777091 0.629388 0
    outer loop
      vertex -5.77057 -11.7173 -0.599999
      vertex -5.89376 -11.8694 -1
      vertex -5.89376 -11.8694 -0.599999
    endloop
  endfacet
  facet normal -0.674226 0.738525 0
    outer loop
      vertex -5.89376 -11.8694 -1
      vertex -6.05215 -12.014 -0.599999
      vertex -5.89376 -11.8694 -0.599999
    endloop
  endfacet
  facet normal -0.674226 0.738525 0
    outer loop
      vertex -6.05215 -12.014 -0.599999
      vertex -5.89376 -11.8694 -1
      vertex -6.05215 -12.014 -1
    endloop
  endfacet
  facet normal -0.573009 0.819549 0
    outer loop
      vertex -6.05215 -12.014 -1
      vertex -6.23651 -12.1429 -0.599999
      vertex -6.05215 -12.014 -0.599999
    endloop
  endfacet
  facet normal -0.573009 0.819549 0
    outer loop
      vertex -6.23651 -12.1429 -0.599999
      vertex -6.05215 -12.014 -1
      vertex -6.23651 -12.1429 -1
    endloop
  endfacet
  facet normal -0.460679 0.887567 0
    outer loop
      vertex -6.23651 -12.1429 -1
      vertex -6.42956 -12.2431 -0.599999
      vertex -6.23651 -12.1429 -0.599999
    endloop
  endfacet
  facet normal -0.460679 0.887567 0
    outer loop
      vertex -6.42956 -12.2431 -0.599999
      vertex -6.23651 -12.1429 -1
      vertex -6.42956 -12.2431 -1
    endloop
  endfacet
  facet normal -0.334442 0.942416 0
    outer loop
      vertex -6.42956 -12.2431 -1
      vertex -6.63132 -12.3147 -0.599999
      vertex -6.42956 -12.2431 -0.599999
    endloop
  endfacet
  facet normal -0.334442 0.942416 0
    outer loop
      vertex -6.63132 -12.3147 -0.599999
      vertex -6.42956 -12.2431 -1
      vertex -6.63132 -12.3147 -1
    endloop
  endfacet
  facet normal -0.200206 0.979754 0
    outer loop
      vertex -6.63132 -12.3147 -1
      vertex -6.84175 -12.3577 -0.599999
      vertex -6.63132 -12.3147 -0.599999
    endloop
  endfacet
  facet normal -0.200206 0.979754 0
    outer loop
      vertex -6.84175 -12.3577 -0.599999
      vertex -6.63132 -12.3147 -1
      vertex -6.84175 -12.3577 -1
    endloop
  endfacet
  facet normal -0.0651107 0.997878 0
    outer loop
      vertex -6.84175 -12.3577 -1
      vertex -7.06091 -12.372 -0.599999
      vertex -6.84175 -12.3577 -0.599999
    endloop
  endfacet
  facet normal -0.0651107 0.997878 0
    outer loop
      vertex -7.06091 -12.372 -0.599999
      vertex -6.84175 -12.3577 -1
      vertex -7.06091 -12.372 -1
    endloop
  endfacet
  facet normal 0.0640297 0.997948 -0
    outer loop
      vertex -7.06091 -12.372 -1
      vertex -7.27911 -12.358 -0.599999
      vertex -7.06091 -12.372 -0.599999
    endloop
  endfacet
  facet normal 0.0640297 0.997948 0
    outer loop
      vertex -7.27911 -12.358 -0.599999
      vertex -7.06091 -12.372 -1
      vertex -7.27911 -12.358 -1
    endloop
  endfacet
  facet normal 0.199217 0.979956 -0
    outer loop
      vertex -7.27911 -12.358 -1
      vertex -7.48571 -12.316 -0.599999
      vertex -7.27911 -12.358 -0.599999
    endloop
  endfacet
  facet normal 0.199217 0.979956 0
    outer loop
      vertex -7.48571 -12.316 -0.599999
      vertex -7.27911 -12.358 -1
      vertex -7.48571 -12.316 -1
    endloop
  endfacet
  facet normal 0.33788 0.941189 -0
    outer loop
      vertex -7.48571 -12.316 -1
      vertex -7.6807 -12.246 -0.599999
      vertex -7.48571 -12.316 -0.599999
    endloop
  endfacet
  facet normal 0.33788 0.941189 0
    outer loop
      vertex -7.6807 -12.246 -0.599999
      vertex -7.48571 -12.316 -1
      vertex -7.6807 -12.246 -1
    endloop
  endfacet
  facet normal 0.471267 0.881991 -0
    outer loop
      vertex -7.6807 -12.246 -1
      vertex -7.86411 -12.148 -0.599999
      vertex -7.6807 -12.246 -0.599999
    endloop
  endfacet
  facet normal 0.471267 0.881991 0
    outer loop
      vertex -7.86411 -12.148 -0.599999
      vertex -7.6807 -12.246 -1
      vertex -7.86411 -12.148 -1
    endloop
  endfacet
  facet normal 0.591404 0.806375 -0
    outer loop
      vertex -7.86411 -12.148 -1
      vertex -8.03591 -12.022 -0.599999
      vertex -7.86411 -12.148 -0.599999
    endloop
  endfacet
  facet normal 0.591404 0.806375 0
    outer loop
      vertex -8.03591 -12.022 -0.599999
      vertex -7.86411 -12.148 -1
      vertex -8.03591 -12.022 -1
    endloop
  endfacet
  facet normal 0.672746 0.739874 -0
    outer loop
      vertex -8.03591 -12.022 -1
      vertex -8.18735 -11.8843 -0.599999
      vertex -8.03591 -12.022 -0.599999
    endloop
  endfacet
  facet normal 0.672746 0.739874 0
    outer loop
      vertex -8.18735 -11.8843 -0.599999
      vertex -8.03591 -12.022 -1
      vertex -8.18735 -11.8843 -1
    endloop
  endfacet
  facet normal 0.77281 0.634638 0
    outer loop
      vertex -8.18735 -11.8843 -0.599999
      vertex -8.30971 -11.7353 -1
      vertex -8.30971 -11.7353 -0.599999
    endloop
  endfacet
  facet normal 0.77281 0.634638 0
    outer loop
      vertex -8.30971 -11.7353 -1
      vertex -8.18735 -11.8843 -0.599999
      vertex -8.18735 -11.8843 -1
    endloop
  endfacet
  facet normal 0.864521 0.502597 0
    outer loop
      vertex -8.30971 -11.7353 -0.599999
      vertex -8.40296 -11.5749 -1
      vertex -8.40296 -11.5749 -0.599999
    endloop
  endfacet
  facet normal 0.864521 0.502597 0
    outer loop
      vertex -8.40296 -11.5749 -1
      vertex -8.30971 -11.7353 -0.599999
      vertex -8.30971 -11.7353 -1
    endloop
  endfacet
  facet normal 0.936839 0.349761 0
    outer loop
      vertex -8.40296 -11.5749 -0.599999
      vertex -8.4671 -11.4031 -1
      vertex -8.4671 -11.4031 -0.599999
    endloop
  endfacet
  facet normal 0.936839 0.349761 0
    outer loop
      vertex -8.4671 -11.4031 -1
      vertex -8.40296 -11.5749 -0.599999
      vertex -8.40296 -11.5749 -1
    endloop
  endfacet
  facet normal 0.982157 0.188063 0
    outer loop
      vertex -8.4671 -11.4031 -0.599999
      vertex -8.50216 -11.22 -1
      vertex -8.50216 -11.22 -0.599999
    endloop
  endfacet
  facet normal 0.982157 0.188063 0
    outer loop
      vertex -8.50216 -11.22 -1
      vertex -8.4671 -11.4031 -0.599999
      vertex -8.4671 -11.4031 -1
    endloop
  endfacet
  facet normal 0 1 -0
    outer loop
      vertex -8.50216 -11.22 -1
      vertex -10.2397 -11.22 -0.599999
      vertex -8.50216 -11.22 -0.599999
    endloop
  endfacet
  facet normal 0 1 0
    outer loop
      vertex -10.2397 -11.22 -0.599999
      vertex -8.50216 -11.22 -1
      vertex -10.2397 -11.22 -1
    endloop
  endfacet
  facet normal -0.991325 -0.131431 0
    outer loop
      vertex -10.1868 -11.619 -1
      vertex -10.2397 -11.22 -0.599999
      vertex -10.2397 -11.22 -1
    endloop
  endfacet
  facet normal -0.991325 -0.131431 0
    outer loop
      vertex -10.2397 -11.22 -0.599999
      vertex -10.1868 -11.619 -1
      vertex -10.1868 -11.619 -0.599999
    endloop
  endfacet
  facet normal -0.94956 -0.313586 0
    outer loop
      vertex -10.0621 -11.9966 -1
      vertex -10.1868 -11.619 -0.599999
      vertex -10.1868 -11.619 -1
    endloop
  endfacet
  facet normal -0.94956 -0.313586 0
    outer loop
      vertex -10.1868 -11.619 -0.599999
      vertex -10.0621 -11.9966 -1
      vertex -10.0621 -11.9966 -0.599999
    endloop
  endfacet
  facet normal -0.875665 -0.482918 0
    outer loop
      vertex -9.86555 -12.353 -1
      vertex -10.0621 -11.9966 -0.599999
      vertex -10.0621 -11.9966 -1
    endloop
  endfacet
  facet normal -0.875665 -0.482918 0
    outer loop
      vertex -10.0621 -11.9966 -0.599999
      vertex -9.86555 -12.353 -1
      vertex -9.86555 -12.353 -0.599999
    endloop
  endfacet
  facet normal -0.780721 -0.62488 0
    outer loop
      vertex -9.59726 -12.6882 -1
      vertex -9.86555 -12.353 -0.599999
      vertex -9.86555 -12.353 -1
    endloop
  endfacet
  facet normal -0.780721 -0.62488 0
    outer loop
      vertex -9.86555 -12.353 -0.599999
      vertex -9.59726 -12.6882 -1
      vertex -9.59726 -12.6882 -0.599999
    endloop
  endfacet
  facet normal -0.678119 -0.734953 0
    outer loop
      vertex -9.59726 -12.6882 -1
      vertex -9.25716 -13.002 -0.599999
      vertex -9.59726 -12.6882 -0.599999
    endloop
  endfacet
  facet normal -0.678119 -0.734953 -0
    outer loop
      vertex -9.25716 -13.002 -0.599999
      vertex -9.59726 -12.6882 -1
      vertex -9.25716 -13.002 -1
    endloop
  endfacet
  facet normal -0.584273 -0.811557 0
    outer loop
      vertex -9.25716 -13.002 -1
      vertex -8.8681 -13.2821 -0.599999
      vertex -9.25716 -13.002 -0.599999
    endloop
  endfacet
  facet normal -0.584273 -0.811557 -0
    outer loop
      vertex -8.8681 -13.2821 -0.599999
      vertex -9.25716 -13.002 -1
      vertex -8.8681 -13.2821 -1
    endloop
  endfacet
  facet normal -0.465465 -0.885067 0
    outer loop
      vertex -8.8681 -13.2821 -1
      vertex -8.45396 -13.4999 -0.599999
      vertex -8.8681 -13.2821 -0.599999
    endloop
  endfacet
  facet normal -0.465465 -0.885067 -0
    outer loop
      vertex -8.45396 -13.4999 -0.599999
      vertex -8.8681 -13.2821 -1
      vertex -8.45396 -13.4999 -1
    endloop
  endfacet
  facet normal -0.333915 -0.942603 0
    outer loop
      vertex -8.45396 -13.4999 -1
      vertex -8.01472 -13.6555 -0.599999
      vertex -8.45396 -13.4999 -0.599999
    endloop
  endfacet
  facet normal -0.333915 -0.942603 -0
    outer loop
      vertex -8.01472 -13.6555 -0.599999
      vertex -8.45396 -13.4999 -1
      vertex -8.01472 -13.6555 -1
    endloop
  endfacet
  facet normal -0.197184 -0.980367 0
    outer loop
      vertex -8.01472 -13.6555 -1
      vertex -7.55035 -13.7489 -0.599999
      vertex -8.01472 -13.6555 -0.599999
    endloop
  endfacet
  facet normal -0.197184 -0.980367 -0
    outer loop
      vertex -7.55035 -13.7489 -0.599999
      vertex -8.01472 -13.6555 -1
      vertex -7.55035 -13.7489 -1
    endloop
  endfacet
  facet normal -0.0634141 -0.997987 0
    outer loop
      vertex -7.55035 -13.7489 -1
      vertex -7.06091 -13.78 -0.599999
      vertex -7.55035 -13.7489 -0.599999
    endloop
  endfacet
  facet normal -0.0634141 -0.997987 -0
    outer loop
      vertex -7.06091 -13.78 -0.599999
      vertex -7.55035 -13.7489 -1
      vertex -7.06091 -13.78 -1
    endloop
  endfacet
  facet normal 0.0627374 -0.99803 0
    outer loop
      vertex -7.06091 -13.78 -1
      vertex -6.56776 -13.749 -0.599999
      vertex -7.06091 -13.78 -0.599999
    endloop
  endfacet
  facet normal 0.0627374 -0.99803 0
    outer loop
      vertex -6.56776 -13.749 -0.599999
      vertex -7.06091 -13.78 -1
      vertex -6.56776 -13.749 -1
    endloop
  endfacet
  facet normal 0.194328 -0.980937 0
    outer loop
      vertex -6.56776 -13.749 -1
      vertex -6.09831 -13.656 -0.599999
      vertex -6.56776 -13.749 -0.599999
    endloop
  endfacet
  facet normal 0.194328 -0.980937 0
    outer loop
      vertex -6.09831 -13.656 -0.599999
      vertex -6.56776 -13.749 -1
      vertex -6.09831 -13.656 -1
    endloop
  endfacet
  facet normal 0.328438 -0.944525 0
    outer loop
      vertex -6.09831 -13.656 -1
      vertex -5.65256 -13.501 -0.599999
      vertex -6.09831 -13.656 -0.599999
    endloop
  endfacet
  facet normal 0.328438 -0.944525 0
    outer loop
      vertex -5.65256 -13.501 -0.599999
      vertex -6.09831 -13.656 -1
      vertex -5.65256 -13.501 -1
    endloop
  endfacet
  facet normal 0.457249 -0.889339 0
    outer loop
      vertex -5.65256 -13.501 -1
      vertex -5.2305 -13.284 -0.599999
      vertex -5.65256 -13.501 -0.599999
    endloop
  endfacet
  facet normal 0.457249 -0.889339 0
    outer loop
      vertex -5.2305 -13.284 -0.599999
      vertex -5.65256 -13.501 -1
      vertex -5.2305 -13.284 -1
    endloop
  endfacet
  facet normal 0.573676 -0.819082 0
    outer loop
      vertex -5.2305 -13.284 -1
      vertex -4.83215 -13.005 -0.599999
      vertex -5.2305 -13.284 -0.599999
    endloop
  endfacet
  facet normal 0.573676 -0.819082 0
    outer loop
      vertex -4.83215 -13.005 -0.599999
      vertex -5.2305 -13.284 -1
      vertex -4.83215 -13.005 -1
    endloop
  endfacet
  facet normal 0.676108 -0.736802 0
    outer loop
      vertex -4.83215 -13.005 -1
      vertex -4.48702 -12.6883 -0.599999
      vertex -4.83215 -13.005 -0.599999
    endloop
  endfacet
  facet normal 0.676108 -0.736802 0
    outer loop
      vertex -4.48702 -12.6883 -0.599999
      vertex -4.83215 -13.005 -1
      vertex -4.48702 -12.6883 -1
    endloop
  endfacet
  facet normal 0.781073 -0.62444 0
    outer loop
      vertex -4.48702 -12.6883 -0.599999
      vertex -4.21856 -12.3525 -1
      vertex -4.21856 -12.3525 -0.599999
    endloop
  endfacet
  facet normal 0.781073 -0.62444 0
    outer loop
      vertex -4.21856 -12.3525 -1
      vertex -4.48702 -12.6883 -0.599999
      vertex -4.48702 -12.6883 -1
    endloop
  endfacet
  facet normal 0.879742 -0.475452 0
    outer loop
      vertex -4.21856 -12.3525 -0.599999
      vertex -4.02681 -11.9977 -1
      vertex -4.02681 -11.9977 -0.599999
    endloop
  endfacet
  facet normal 0.879742 -0.475452 0
    outer loop
      vertex -4.02681 -11.9977 -1
      vertex -4.21856 -12.3525 -0.599999
      vertex -4.21856 -12.3525 -1
    endloop
  endfacet
  facet normal 0.955754 -0.294167 0
    outer loop
      vertex -4.02681 -11.9977 -0.599999
      vertex -3.91176 -11.6239 -1
      vertex -3.91176 -11.6239 -0.599999
    endloop
  endfacet
  facet normal 0.955754 -0.294167 0
    outer loop
      vertex -3.91176 -11.6239 -1
      vertex -4.02681 -11.9977 -0.599999
      vertex -4.02681 -11.9977 -1
    endloop
  endfacet
  facet normal 0.995268 -0.097171 0
    outer loop
      vertex -3.91176 -11.6239 -0.599999
      vertex -3.8734 -11.231 -1
      vertex -3.8734 -11.231 -0.599999
    endloop
  endfacet
  facet normal 0.995268 -0.097171 0
    outer loop
      vertex -3.8734 -11.231 -1
      vertex -3.91176 -11.6239 -0.599999
      vertex -3.91176 -11.6239 -1
    endloop
  endfacet
  facet normal 1 -0 0
    outer loop
      vertex -3.8734 -11.231 -0.599999
      vertex -3.8734 -7.049 -1
      vertex -3.8734 -7.049 -0.599999
    endloop
  endfacet
  facet normal 1 0 0
    outer loop
      vertex -3.8734 -7.049 -1
      vertex -3.8734 -11.231 -0.599999
      vertex -3.8734 -11.231 -1
    endloop
  endfacet
  facet normal 0.995165 0.0982133 0
    outer loop
      vertex -3.8734 -7.049 -0.599999
      vertex -3.91176 -6.66031 -1
      vertex -3.91176 -6.66031 -0.599999
    endloop
  endfacet
  facet normal 0.995165 0.0982133 0
    outer loop
      vertex -3.91176 -6.66031 -1
      vertex -3.8734 -7.049 -0.599999
      vertex -3.8734 -7.049 -1
    endloop
  endfacet
  facet normal 0.955452 0.295147 0
    outer loop
      vertex -3.91176 -6.66031 -0.599999
      vertex -4.02681 -6.28787 -1
      vertex -4.02681 -6.28787 -0.599999
    endloop
  endfacet
  facet normal 0.955452 0.295147 0
    outer loop
      vertex -4.02681 -6.28787 -1
      vertex -3.91176 -6.66031 -0.599999
      vertex -3.91176 -6.66031 -1
    endloop
  endfacet
  facet normal 0.880523 0.474004 0
    outer loop
      vertex -4.02681 -6.28787 -0.599999
      vertex -4.21856 -5.93167 -1
      vertex -4.21856 -5.93167 -0.599999
    endloop
  endfacet
  facet normal 0.880523 0.474004 0
    outer loop
      vertex -4.21856 -5.93167 -1
      vertex -4.02681 -6.28787 -0.599999
      vertex -4.02681 -6.28787 -1
    endloop
  endfacet
  facet normal 0.784804 0.619745 0
    outer loop
      vertex -4.21856 -5.93167 -0.599999
      vertex -4.48702 -5.59171 -1
      vertex -4.48702 -5.59171 -0.599999
    endloop
  endfacet
  facet normal 0.784804 0.619745 0
    outer loop
      vertex -4.48702 -5.59171 -1
      vertex -4.21856 -5.93167 -0.599999
      vertex -4.21856 -5.93167 -1
    endloop
  endfacet
  facet normal 0.684122 0.729368 -0
    outer loop
      vertex -4.48702 -5.59171 -1
      vertex -4.83215 -5.26799 -0.599999
      vertex -4.48702 -5.59171 -0.599999
    endloop
  endfacet
  facet normal 0.684122 0.729368 0
    outer loop
      vertex -4.83215 -5.26799 -0.599999
      vertex -4.48702 -5.59171 -1
      vertex -4.83215 -5.26799 -1
    endloop
  endfacet
  facet normal 0.565171 0.824974 -0
    outer loop
      vertex -4.83215 -5.26799 -1
      vertex -5.23571 -4.99152 -0.599999
      vertex -4.83215 -5.26799 -0.599999
    endloop
  endfacet
  facet normal 0.565171 0.824974 0
    outer loop
      vertex -5.23571 -4.99152 -0.599999
      vertex -4.83215 -5.26799 -1
      vertex -5.23571 -4.99152 -1
    endloop
  endfacet
  facet normal 0.451788 0.892126 -0
    outer loop
      vertex -5.23571 -4.99152 -1
      vertex -5.66036 -4.77647 -0.599999
      vertex -5.23571 -4.99152 -0.599999
    endloop
  endfacet
  facet normal 0.451788 0.892126 0
    outer loop
      vertex -5.66036 -4.77647 -0.599999
      vertex -5.23571 -4.99152 -1
      vertex -5.66036 -4.77647 -1
    endloop
  endfacet
  facet normal 0.325769 0.945449 -0
    outer loop
      vertex -5.66036 -4.77647 -1
      vertex -6.10611 -4.62288 -0.599999
      vertex -5.66036 -4.77647 -0.599999
    endloop
  endfacet
  facet normal 0.325769 0.945449 0
    outer loop
      vertex -6.10611 -4.62288 -0.599999
      vertex -5.66036 -4.77647 -1
      vertex -6.10611 -4.62288 -1
    endloop
  endfacet
  facet normal 0.193675 0.981066 -0
    outer loop
      vertex -6.10611 -4.62288 -1
      vertex -6.57295 -4.53072 -0.599999
      vertex -6.10611 -4.62288 -0.599999
    endloop
  endfacet
  facet normal 0.193675 0.981066 0
    outer loop
      vertex -6.57295 -4.53072 -0.599999
      vertex -6.10611 -4.62288 -1
      vertex -6.57295 -4.53072 -1
    endloop
  endfacet
  facet normal 0.0628316 0.998024 -0
    outer loop
      vertex -6.57295 -4.53072 -1
      vertex -7.06091 -4.5 -0.599999
      vertex -6.57295 -4.53072 -0.599999
    endloop
  endfacet
  facet normal 0.0628316 0.998024 0
    outer loop
      vertex -7.06091 -4.5 -0.599999
      vertex -6.57295 -4.53072 -1
      vertex -7.06091 -4.5 -1
    endloop
  endfacet
  facet normal -0.0632076 0.998 0
    outer loop
      vertex -7.06091 -4.5 -1
      vertex -7.54785 -4.53084 -0.599999
      vertex -7.06091 -4.5 -0.599999
    endloop
  endfacet
  facet normal -0.0632076 0.998 0
    outer loop
      vertex -7.54785 -4.53084 -0.599999
      vertex -7.06091 -4.5 -1
      vertex -7.54785 -4.53084 -1
    endloop
  endfacet
  facet normal 0 1 -0
    outer loop
      vertex -12.974 -6.54799 -1
      vertex -16.2115 -6.54799 -0.599999
      vertex -12.974 -6.54799 -0.599999
    endloop
  endfacet
  facet normal 0 1 0
    outer loop
      vertex -16.2115 -6.54799 -0.599999
      vertex -12.974 -6.54799 -1
      vertex -16.2115 -6.54799 -1
    endloop
  endfacet
  facet normal 0.943397 0.331665 0
    outer loop
      vertex -16.2115 -6.54799 -0.599999
      vertex -16.9315 -4.5 -1
      vertex -16.9315 -4.5 -0.599999
    endloop
  endfacet
  facet normal 0.943397 0.331665 0
    outer loop
      vertex -16.9315 -4.5 -1
      vertex -16.2115 -6.54799 -0.599999
      vertex -16.2115 -6.54799 -1
    endloop
  endfacet
  facet normal 0 1 -0
    outer loop
      vertex -16.9315 -4.5 -1
      vertex -18.7465 -4.5 -0.599999
      vertex -16.9315 -4.5 -0.599999
    endloop
  endfacet
  facet normal 0 1 0
    outer loop
      vertex -18.7465 -4.5 -0.599999
      vertex -16.9315 -4.5 -1
      vertex -18.7465 -4.5 -1
    endloop
  endfacet
  facet normal -0.943832 -0.330426 0
    outer loop
      vertex -15.8215 -12.855 -1
      vertex -18.7465 -4.5 -0.599999
      vertex -18.7465 -4.5 -1
    endloop
  endfacet
  facet normal -0.943832 -0.330426 0
    outer loop
      vertex -18.7465 -4.5 -0.599999
      vertex -15.8215 -12.855 -1
      vertex -15.8215 -12.855 -0.599999
    endloop
  endfacet
  facet normal -0.912178 -0.409795 0
    outer loop
      vertex -15.6719 -13.188 -1
      vertex -15.8215 -12.855 -0.599999
      vertex -15.8215 -12.855 -1
    endloop
  endfacet
  facet normal -0.912178 -0.409795 0
    outer loop
      vertex -15.8215 -12.855 -0.599999
      vertex -15.6719 -13.188 -1
      vertex -15.6719 -13.188 -0.599999
    endloop
  endfacet
  facet normal -0.795037 -0.606561 0
    outer loop
      vertex -15.4743 -13.447 -1
      vertex -15.6719 -13.188 -0.599999
      vertex -15.6719 -13.188 -1
    endloop
  endfacet
  facet normal -0.795037 -0.606561 0
    outer loop
      vertex -15.6719 -13.188 -0.599999
      vertex -15.4743 -13.447 -1
      vertex -15.4743 -13.447 -0.599999
    endloop
  endfacet
  facet normal -0.601351 -0.798985 0
    outer loop
      vertex -15.4743 -13.447 -1
      vertex -15.2285 -13.632 -0.599999
      vertex -15.4743 -13.447 -0.599999
    endloop
  endfacet
  facet normal -0.601351 -0.798985 -0
    outer loop
      vertex -15.2285 -13.632 -0.599999
      vertex -15.4743 -13.447 -1
      vertex -15.2285 -13.632 -1
    endloop
  endfacet
  facet normal -0.353425 -0.935463 0
    outer loop
      vertex -15.2285 -13.632 -1
      vertex -14.9347 -13.743 -0.599999
      vertex -15.2285 -13.632 -0.599999
    endloop
  endfacet
  facet normal -0.353425 -0.935463 -0
    outer loop
      vertex -14.9347 -13.743 -0.599999
      vertex -15.2285 -13.632 -1
      vertex -14.9347 -13.743 -1
    endloop
  endfacet
  facet normal -0.10756 -0.994199 0
    outer loop
      vertex -14.9347 -13.743 -1
      vertex -14.5927 -13.78 -0.599999
      vertex -14.9347 -13.743 -0.599999
    endloop
  endfacet
  facet normal -0.10756 -0.994199 -0
    outer loop
      vertex -14.5927 -13.78 -0.599999
      vertex -14.9347 -13.743 -1
      vertex -14.5927 -13.78 -1
    endloop
  endfacet
  facet normal 0.109233 -0.994016 0
    outer loop
      vertex -14.5927 -13.78 -1
      vertex -14.256 -13.743 -0.599999
      vertex -14.5927 -13.78 -0.599999
    endloop
  endfacet
  facet normal 0.109233 -0.994016 0
    outer loop
      vertex -14.256 -13.743 -0.599999
      vertex -14.5927 -13.78 -1
      vertex -14.256 -13.743 -1
    endloop
  endfacet
  facet normal 0.356075 -0.934457 0
    outer loop
      vertex -14.256 -13.743 -1
      vertex -13.9647 -13.632 -0.599999
      vertex -14.256 -13.743 -0.599999
    endloop
  endfacet
  facet normal 0.356075 -0.934457 0
    outer loop
      vertex -13.9647 -13.632 -0.599999
      vertex -14.256 -13.743 -1
      vertex -13.9647 -13.632 -1
    endloop
  endfacet
  facet normal 0.601508 -0.798867 0
    outer loop
      vertex -13.9647 -13.632 -1
      vertex -13.719 -13.447 -0.599999
      vertex -13.9647 -13.632 -0.599999
    endloop
  endfacet
  facet normal 0.601508 -0.798867 0
    outer loop
      vertex -13.719 -13.447 -0.599999
      vertex -13.9647 -13.632 -1
      vertex -13.719 -13.447 -1
    endloop
  endfacet
  facet normal 0.791043 -0.61176 0
    outer loop
      vertex -13.719 -13.447 -0.599999
      vertex -13.5187 -13.188 -1
      vertex -13.5187 -13.188 -0.599999
    endloop
  endfacet
  facet normal 0.791043 -0.61176 0
    outer loop
      vertex -13.5187 -13.188 -1
      vertex -13.719 -13.447 -0.599999
      vertex -13.719 -13.447 -1
    endloop
  endfacet
  facet normal 0.906912 -0.421319 0
    outer loop
      vertex -13.5187 -13.188 -0.599999
      vertex -13.364 -12.855 -1
      vertex -13.364 -12.855 -0.599999
    endloop
  endfacet
  facet normal 0.906912 -0.421319 0
    outer loop
      vertex -13.364 -12.855 -1
      vertex -13.5187 -13.188 -0.599999
      vertex -13.5187 -13.188 -1
    endloop
  endfacet
  facet normal 0.943832 -0.330426 0
    outer loop
      vertex -13.364 -12.855 -0.599999
      vertex -10.439 -4.5 -1
      vertex -10.439 -4.5 -0.599999
    endloop
  endfacet
  facet normal 0.943832 -0.330426 0
    outer loop
      vertex -10.439 -4.5 -1
      vertex -13.364 -12.855 -0.599999
      vertex -13.364 -12.855 -1
    endloop
  endfacet
  facet normal 0 1 -0
    outer loop
      vertex -10.439 -4.5 -1
      vertex -12.2365 -4.5 -0.599999
      vertex -10.439 -4.5 -0.599999
    endloop
  endfacet
  facet normal 0 1 0
    outer loop
      vertex -12.2365 -4.5 -0.599999
      vertex -10.439 -4.5 -1
      vertex -12.2365 -4.5 -1
    endloop
  endfacet
  facet normal -0.940855 0.33881 0
    outer loop
      vertex -12.974 -6.54799 -1
      vertex -12.2365 -4.5 -0.599999
      vertex -12.2365 -4.5 -1
    endloop
  endfacet
  facet normal -0.940855 0.33881 0
    outer loop
      vertex -12.2365 -4.5 -0.599999
      vertex -12.974 -6.54799 -1
      vertex -12.974 -6.54799 -0.599999
    endloop
  endfacet
  facet normal -0.94362 0.331029 0
    outer loop
      vertex -14.5927 -11.17 -1
      vertex -13.4652 -7.95599 -0.599999
      vertex -13.4652 -7.95599 -1
    endloop
  endfacet
  facet normal -0.94362 0.331029 0
    outer loop
      vertex -13.4652 -7.95599 -0.599999
      vertex -14.5927 -11.17 -1
      vertex -14.5927 -11.17 -0.599999
    endloop
  endfacet
  facet normal 0.94362 0.331029 0
    outer loop
      vertex -14.5927 -11.17 -0.599999
      vertex -15.7202 -7.95599 -1
      vertex -15.7202 -7.95599 -0.599999
    endloop
  endfacet
  facet normal 0.94362 0.331029 0
    outer loop
      vertex -15.7202 -7.95599 -1
      vertex -14.5927 -11.17 -0.599999
      vertex -14.5927 -11.17 -1
    endloop
  endfacet
  facet normal 0 -1 0
    outer loop
      vertex -15.7202 -7.95599 -1
      vertex -13.4652 -7.95599 -0.599999
      vertex -15.7202 -7.95599 -0.599999
    endloop
  endfacet
  facet normal 0 -1 -0
    outer loop
      vertex -13.4652 -7.95599 -0.599999
      vertex -15.7202 -7.95599 -1
      vertex -13.4652 -7.95599 -1
    endloop
  endfacet
  facet normal 0 1 -0
    outer loop
      vertex -20.6622 -12.372 -1
      vertex -22.3997 -12.372 -0.599999
      vertex -20.6622 -12.372 -0.599999
    endloop
  endfacet
  facet normal 0 1 0
    outer loop
      vertex -22.3997 -12.372 -0.599999
      vertex -20.6622 -12.372 -1
      vertex -22.3997 -12.372 -1
    endloop
  endfacet
  facet normal 0.066519 0.997785 -0
    outer loop
      vertex -22.3997 -12.372 -1
      vertex -22.6157 -12.3576 -0.599999
      vertex -22.3997 -12.372 -0.599999
    endloop
  endfacet
  facet normal 0.066519 0.997785 0
    outer loop
      vertex -22.6157 -12.3576 -0.599999
      vertex -22.3997 -12.372 -1
      vertex -22.6157 -12.3576 -1
    endloop
  endfacet
  facet normal 0.20245 0.979293 -0
    outer loop
      vertex -22.6157 -12.3576 -1
      vertex -22.8237 -12.3146 -0.599999
      vertex -22.6157 -12.3576 -0.599999
    endloop
  endfacet
  facet normal 0.20245 0.979293 0
    outer loop
      vertex -22.8237 -12.3146 -0.599999
      vertex -22.6157 -12.3576 -1
      vertex -22.8237 -12.3146 -1
    endloop
  endfacet
  facet normal 0.337886 0.941187 -0
    outer loop
      vertex -22.8237 -12.3146 -1
      vertex -23.0237 -12.2428 -0.599999
      vertex -22.8237 -12.3146 -0.599999
    endloop
  endfacet
  facet normal 0.337886 0.941187 0
    outer loop
      vertex -23.0237 -12.2428 -0.599999
      vertex -22.8237 -12.3146 -1
      vertex -23.0237 -12.2428 -1
    endloop
  endfacet
  facet normal 0.46411 0.885777 -0
    outer loop
      vertex -23.0237 -12.2428 -1
      vertex -23.2157 -12.1422 -0.599999
      vertex -23.0237 -12.2428 -0.599999
    endloop
  endfacet
  facet normal 0.46411 0.885777 0
    outer loop
      vertex -23.2157 -12.1422 -0.599999
      vertex -23.0237 -12.2428 -1
      vertex -23.2157 -12.1422 -1
    endloop
  endfacet
  facet normal 0.574656 0.818395 -0
    outer loop
      vertex -23.2157 -12.1422 -1
      vertex -23.3997 -12.013 -0.599999
      vertex -23.2157 -12.1422 -0.599999
    endloop
  endfacet
  facet normal 0.574656 0.818395 0
    outer loop
      vertex -23.3997 -12.013 -0.599999
      vertex -23.2157 -12.1422 -1
      vertex -23.3997 -12.013 -1
    endloop
  endfacet
  facet normal 0.673401 0.739277 -0
    outer loop
      vertex -23.3997 -12.013 -1
      vertex -23.5613 -11.8658 -0.599999
      vertex -23.3997 -12.013 -0.599999
    endloop
  endfacet
  facet normal 0.673401 0.739277 0
    outer loop
      vertex -23.5613 -11.8658 -0.599999
      vertex -23.3997 -12.013 -1
      vertex -23.5613 -11.8658 -1
    endloop
  endfacet
  facet normal 0.774137 0.633018 0
    outer loop
      vertex -23.5613 -11.8658 -0.599999
      vertex -23.6869 -11.7122 -1
      vertex -23.6869 -11.7122 -0.599999
    endloop
  endfacet
  facet normal 0.774137 0.633018 0
    outer loop
      vertex -23.6869 -11.7122 -1
      vertex -23.5613 -11.8658 -0.599999
      vertex -23.5613 -11.8658 -1
    endloop
  endfacet
  facet normal 0.872041 0.489433 0
    outer loop
      vertex -23.6869 -11.7122 -0.599999
      vertex -23.7767 -11.5522 -1
      vertex -23.7767 -11.5522 -0.599999
    endloop
  endfacet
  facet normal 0.872041 0.489433 0
    outer loop
      vertex -23.7767 -11.5522 -1
      vertex -23.6869 -11.7122 -0.599999
      vertex -23.6869 -11.7122 -1
    endloop
  endfacet
  facet normal 0.951504 0.307638 0
    outer loop
      vertex -23.7767 -11.5522 -0.599999
      vertex -23.8305 -11.3858 -1
      vertex -23.8305 -11.3858 -0.599999
    endloop
  endfacet
  facet normal 0.951504 0.307638 0
    outer loop
      vertex -23.8305 -11.3858 -1
      vertex -23.7767 -11.5522 -0.599999
      vertex -23.7767 -11.5522 -1
    endloop
  endfacet
  facet normal 0.994618 0.103606 0
    outer loop
      vertex -23.8305 -11.3858 -0.599999
      vertex -23.8485 -11.213 -1
      vertex -23.8485 -11.213 -0.599999
    endloop
  endfacet
  facet normal 0.994618 0.103606 0
    outer loop
      vertex -23.8485 -11.213 -1
      vertex -23.8305 -11.3858 -0.599999
      vertex -23.8305 -11.3858 -1
    endloop
  endfacet
  facet normal 0.984749 -0.173981 0
    outer loop
      vertex -23.8485 -11.213 -0.599999
      vertex -23.7979 -10.9266 -1
      vertex -23.7979 -10.9266 -0.599999
    endloop
  endfacet
  facet normal 0.984749 -0.173981 0
    outer loop
      vertex -23.7979 -10.9266 -1
      vertex -23.8485 -11.213 -0.599999
      vertex -23.8485 -11.213 -1
    endloop
  endfacet
  facet normal 0.874157 -0.485643 0
    outer loop
      vertex -23.7979 -10.9266 -0.599999
      vertex -23.6464 -10.6539 -1
      vertex -23.6464 -10.6539 -0.599999
    endloop
  endfacet
  facet normal 0.874157 -0.485643 0
    outer loop
      vertex -23.6464 -10.6539 -1
      vertex -23.7979 -10.9266 -0.599999
      vertex -23.7979 -10.9266 -1
    endloop
  endfacet
  facet normal 0.716038 -0.698061 0
    outer loop
      vertex -23.6464 -10.6539 -0.599999
      vertex -23.394 -10.395 -1
      vertex -23.394 -10.395 -0.599999
    endloop
  endfacet
  facet normal 0.716038 -0.698061 0
    outer loop
      vertex -23.394 -10.395 -1
      vertex -23.6464 -10.6539 -0.599999
      vertex -23.6464 -10.6539 -1
    endloop
  endfacet
  facet normal 0.570261 -0.821464 0
    outer loop
      vertex -23.394 -10.395 -1
      vertex -23.0405 -10.1496 -0.599999
      vertex -23.394 -10.395 -0.599999
    endloop
  endfacet
  facet normal 0.570261 -0.821464 0
    outer loop
      vertex -23.0405 -10.1496 -0.599999
      vertex -23.394 -10.395 -1
      vertex -23.0405 -10.1496 -1
    endloop
  endfacet
  facet normal 0.454023 -0.89099 0
    outer loop
      vertex -23.0405 -10.1496 -1
      vertex -22.586 -9.918 -0.599999
      vertex -23.0405 -10.1496 -0.599999
    endloop
  endfacet
  facet normal 0.454023 -0.89099 0
    outer loop
      vertex -22.586 -9.918 -0.599999
      vertex -23.0405 -10.1496 -1
      vertex -22.586 -9.918 -1
    endloop
  endfacet
  facet normal 0.403522 -0.91497 0
    outer loop
      vertex -22.586 -9.918 -1
      vertex -22.185 -9.74115 -0.599999
      vertex -22.586 -9.918 -0.599999
    endloop
  endfacet
  facet normal 0.403522 -0.91497 0
    outer loop
      vertex -22.185 -9.74115 -0.599999
      vertex -22.586 -9.918 -1
      vertex -22.185 -9.74115 -1
    endloop
  endfacet
  facet normal 0.404465 -0.914554 0
    outer loop
      vertex -22.185 -9.74115 -1
      vertex -21.87 -9.60184 -0.599999
      vertex -22.185 -9.74115 -0.599999
    endloop
  endfacet
  facet normal 0.404465 -0.914554 0
    outer loop
      vertex -21.87 -9.60184 -0.599999
      vertex -22.185 -9.74115 -1
      vertex -21.87 -9.60184 -1
    endloop
  endfacet
  facet normal 0.406246 -0.913764 0
    outer loop
      vertex -21.87 -9.60184 -1
      vertex -21.641 -9.50003 -0.599999
      vertex -21.87 -9.60184 -0.599999
    endloop
  endfacet
  facet normal 0.406246 -0.913764 0
    outer loop
      vertex -21.641 -9.50003 -0.599999
      vertex -21.87 -9.60184 -1
      vertex -21.641 -9.50003 -1
    endloop
  endfacet
  facet normal 0.409993 -0.912089 0
    outer loop
      vertex -21.641 -9.50003 -1
      vertex -21.498 -9.43575 -0.599999
      vertex -21.641 -9.50003 -0.599999
    endloop
  endfacet
  facet normal 0.409993 -0.912089 0
    outer loop
      vertex -21.498 -9.43575 -0.599999
      vertex -21.641 -9.50003 -1
      vertex -21.498 -9.43575 -1
    endloop
  endfacet
  facet normal 0.424841 -0.905268 0
    outer loop
      vertex -21.498 -9.43575 -1
      vertex -21.441 -9.409 -0.599999
      vertex -21.498 -9.43575 -0.599999
    endloop
  endfacet
  facet normal 0.424841 -0.905268 0
    outer loop
      vertex -21.441 -9.409 -0.599999
      vertex -21.498 -9.43575 -1
      vertex -21.441 -9.409 -1
    endloop
  endfacet
  facet normal 0.613777 -0.78948 0
    outer loop
      vertex -21.441 -9.409 -1
      vertex -21.2641 -9.27147 -0.599999
      vertex -21.441 -9.409 -0.599999
    endloop
  endfacet
  facet normal 0.613777 -0.78948 0
    outer loop
      vertex -21.2641 -9.27147 -0.599999
      vertex -21.441 -9.409 -1
      vertex -21.2641 -9.27147 -1
    endloop
  endfacet
  facet normal 0.764286 -0.644878 0
    outer loop
      vertex -21.2641 -9.27147 -0.599999
      vertex -21.1266 -9.10851 -1
      vertex -21.1266 -9.10851 -0.599999
    endloop
  endfacet
  facet normal 0.764286 -0.644878 0
    outer loop
      vertex -21.1266 -9.10851 -1
      vertex -21.2641 -9.27147 -0.599999
      vertex -21.2641 -9.27147 -1
    endloop
  endfacet
  facet normal 0.886587 -0.462563 0
    outer loop
      vertex -21.1266 -9.10851 -0.599999
      vertex -21.0283 -8.9201 -1
      vertex -21.0283 -8.9201 -0.599999
    endloop
  endfacet
  facet normal 0.886587 -0.462563 0
    outer loop
      vertex -21.0283 -8.9201 -1
      vertex -21.1266 -9.10851 -0.599999
      vertex -21.1266 -9.10851 -1
    endloop
  endfacet
  facet normal 0.964094 -0.265562 0
    outer loop
      vertex -21.0283 -8.9201 -0.599999
      vertex -20.9694 -8.70627 -1
      vertex -20.9694 -8.70627 -0.599999
    endloop
  endfacet
  facet normal 0.964094 -0.265562 0
    outer loop
      vertex -20.9694 -8.70627 -1
      vertex -21.0283 -8.9201 -0.599999
      vertex -21.0283 -8.9201 -1
    endloop
  endfacet
  facet normal 0.996628 -0.0820561 0
    outer loop
      vertex -20.9694 -8.70627 -0.599999
      vertex -20.9497 -8.467 -1
      vertex -20.9497 -8.467 -0.599999
    endloop
  endfacet
  facet normal 0.996628 -0.0820561 0
    outer loop
      vertex -20.9497 -8.467 -1
      vertex -20.9694 -8.70627 -0.599999
      vertex -20.9694 -8.70627 -1
    endloop
  endfacet
  facet normal 0.990298 0.138961 0
    outer loop
      vertex -20.9497 -8.467 -0.599999
      vertex -20.9701 -8.32162 -1
      vertex -20.9701 -8.32162 -0.599999
    endloop
  endfacet
  facet normal 0.990298 0.138961 0
    outer loop
      vertex -20.9701 -8.32162 -1
      vertex -20.9497 -8.467 -0.599999
      vertex -20.9497 -8.467 -1
    endloop
  endfacet
  facet normal 0.941031 0.338321 0
    outer loop
      vertex -20.9701 -8.32162 -0.599999
      vertex -21.0311 -8.15195 -1
      vertex -21.0311 -8.15195 -0.599999
    endloop
  endfacet
  facet normal 0.941031 0.338321 0
    outer loop
      vertex -21.0311 -8.15195 -1
      vertex -20.9701 -8.32162 -0.599999
      vertex -20.9701 -8.32162 -1
    endloop
  endfacet
  facet normal 0.88568 0.464297 0
    outer loop
      vertex -21.0311 -8.15195 -0.599999
      vertex -21.1328 -7.95795 -1
      vertex -21.1328 -7.95795 -0.599999
    endloop
  endfacet
  facet normal 0.88568 0.464297 0
    outer loop
      vertex -21.1328 -7.95795 -1
      vertex -21.0311 -8.15195 -0.599999
      vertex -21.0311 -8.15195 -1
    endloop
  endfacet
  facet normal 0.837393 0.546601 0
    outer loop
      vertex -21.1328 -7.95795 -0.599999
      vertex -21.2753 -7.73964 -1
      vertex -21.2753 -7.73964 -0.599999
    endloop
  endfacet
  facet normal 0.837393 0.546601 0
    outer loop
      vertex -21.2753 -7.73964 -1
      vertex -21.1328 -7.95795 -0.599999
      vertex -21.1328 -7.95795 -1
    endloop
  endfacet
  facet normal 0.798082 0.602549 0
    outer loop
      vertex -21.2753 -7.73964 -0.599999
      vertex -21.4585 -7.49699 -1
      vertex -21.4585 -7.49699 -0.599999
    endloop
  endfacet
  facet normal 0.798082 0.602549 0
    outer loop
      vertex -21.4585 -7.49699 -1
      vertex -21.2753 -7.73964 -0.599999
      vertex -21.2753 -7.73964 -1
    endloop
  endfacet
  facet normal 0.781834 0.623487 0
    outer loop
      vertex -21.4585 -7.49699 -0.599999
      vertex -23.8485 -4.5 -1
      vertex -23.8485 -4.5 -0.599999
    endloop
  endfacet
  facet normal 0.781834 0.623487 0
    outer loop
      vertex -23.8485 -4.5 -1
      vertex -21.4585 -7.49699 -0.599999
      vertex -21.4585 -7.49699 -1
    endloop
  endfacet
  facet normal 0 1 -0
    outer loop
      vertex -23.8485 -4.5 -1
      vertex -25.8747 -4.5 -0.599999
      vertex -23.8485 -4.5 -0.599999
    endloop
  endfacet
  facet normal 0 1 0
    outer loop
      vertex -25.8747 -4.5 -0.599999
      vertex -23.8485 -4.5 -1
      vertex -25.8747 -4.5 -1
    endloop
  endfacet
  facet normal -0.788084 -0.615568 0
    outer loop
      vertex -22.7472 -8.504 -1
      vertex -25.8747 -4.5 -0.599999
      vertex -25.8747 -4.5 -1
    endloop
  endfacet
  facet normal -0.788084 -0.615568 0
    outer loop
      vertex -25.8747 -4.5 -0.599999
      vertex -22.7472 -8.504 -1
      vertex -22.7472 -8.504 -0.599999
    endloop
  endfacet
  facet normal -0.281938 0.959433 0
    outer loop
      vertex -22.7472 -8.504 -1
      vertex -23.2048 -8.63847 -0.599999
      vertex -22.7472 -8.504 -0.599999
    endloop
  endfacet
  facet normal -0.281938 0.959433 0
    outer loop
      vertex -23.2048 -8.63847 -0.599999
      vertex -22.7472 -8.504 -1
      vertex -23.2048 -8.63847 -1
    endloop
  endfacet
  facet normal -0.37659 0.92638 0
    outer loop
      vertex -23.2048 -8.63847 -1
      vertex -23.6344 -8.81311 -0.599999
      vertex -23.2048 -8.63847 -0.599999
    endloop
  endfacet
  facet normal -0.37659 0.92638 0
    outer loop
      vertex -23.6344 -8.81311 -0.599999
      vertex -23.2048 -8.63847 -1
      vertex -23.6344 -8.81311 -1
    endloop
  endfacet
  facet normal -0.471454 0.881891 0
    outer loop
      vertex -23.6344 -8.81311 -1
      vertex -24.0362 -9.02791 -0.599999
      vertex -23.6344 -8.81311 -0.599999
    endloop
  endfacet
  facet normal -0.471454 0.881891 0
    outer loop
      vertex -24.0362 -9.02791 -0.599999
      vertex -23.6344 -8.81311 -1
      vertex -24.0362 -9.02791 -1
    endloop
  endfacet
  facet normal -0.563482 0.826128 0
    outer loop
      vertex -24.0362 -9.02791 -1
      vertex -24.41 -9.28287 -0.599999
      vertex -24.0362 -9.02791 -0.599999
    endloop
  endfacet
  facet normal -0.563482 0.826128 0
    outer loop
      vertex -24.41 -9.28287 -0.599999
      vertex -24.0362 -9.02791 -1
      vertex -24.41 -9.28287 -1
    endloop
  endfacet
  facet normal -0.64895 0.760831 0
    outer loop
      vertex -24.41 -9.28287 -1
      vertex -24.756 -9.57799 -0.599999
      vertex -24.41 -9.28287 -0.599999
    endloop
  endfacet
  facet normal -0.64895 0.760831 0
    outer loop
      vertex -24.756 -9.57799 -0.599999
      vertex -24.41 -9.28287 -1
      vertex -24.756 -9.57799 -1
    endloop
  endfacet
  facet normal -0.735123 0.677934 0
    outer loop
      vertex -25.052 -9.89896 -1
      vertex -24.756 -9.57799 -0.599999
      vertex -24.756 -9.57799 -1
    endloop
  endfacet
  facet normal -0.735123 0.677934 0
    outer loop
      vertex -24.756 -9.57799 -0.599999
      vertex -25.052 -9.89896 -1
      vertex -25.052 -9.89896 -0.599999
    endloop
  endfacet
  facet normal -0.825699 0.564112 0
    outer loop
      vertex -25.2824 -10.2362 -1
      vertex -25.052 -9.89896 -0.599999
      vertex -25.052 -9.89896 -1
    endloop
  endfacet
  facet normal -0.825699 0.564112 0
    outer loop
      vertex -25.052 -9.89896 -0.599999
      vertex -25.2824 -10.2362 -1
      vertex -25.2824 -10.2362 -0.599999
    endloop
  endfacet
  facet normal -0.906687 0.421804 0
    outer loop
      vertex -25.4469 -10.5898 -1
      vertex -25.2824 -10.2362 -0.599999
      vertex -25.2824 -10.2362 -1
    endloop
  endfacet
  facet normal -0.906687 0.421804 0
    outer loop
      vertex -25.2824 -10.2362 -0.599999
      vertex -25.4469 -10.5898 -1
      vertex -25.4469 -10.5898 -0.599999
    endloop
  endfacet
  facet normal -0.966196 0.257809 0
    outer loop
      vertex -25.5456 -10.9597 -1
      vertex -25.4469 -10.5898 -0.599999
      vertex -25.4469 -10.5898 -1
    endloop
  endfacet
  facet normal -0.966196 0.257809 0
    outer loop
      vertex -25.4469 -10.5898 -0.599999
      vertex -25.5456 -10.9597 -1
      vertex -25.5456 -10.9597 -0.599999
    endloop
  endfacet
  facet normal -0.996393 0.0848598 0
    outer loop
      vertex -25.5785 -11.346 -1
      vertex -25.5456 -10.9597 -0.599999
      vertex -25.5456 -10.9597 -1
    endloop
  endfacet
  facet normal -0.996393 0.0848598 0
    outer loop
      vertex -25.5456 -10.9597 -0.599999
      vertex -25.5785 -11.346 -1
      vertex -25.5785 -11.346 -0.599999
    endloop
  endfacet
  facet normal -0.994877 -0.101095 0
    outer loop
      vertex -25.5395 -11.7298 -1
      vertex -25.5785 -11.346 -0.599999
      vertex -25.5785 -11.346 -1
    endloop
  endfacet
  facet normal -0.994877 -0.101095 0
    outer loop
      vertex -25.5785 -11.346 -0.599999
      vertex -25.5395 -11.7298 -1
      vertex -25.5395 -11.7298 -0.599999
    endloop
  endfacet
  facet normal -0.951684 -0.307079 0
    outer loop
      vertex -25.4225 -12.0924 -1
      vertex -25.5395 -11.7298 -0.599999
      vertex -25.5395 -11.7298 -1
    endloop
  endfacet
  facet normal -0.951684 -0.307079 0
    outer loop
      vertex -25.5395 -11.7298 -0.599999
      vertex -25.4225 -12.0924 -1
      vertex -25.4225 -12.0924 -0.599999
    endloop
  endfacet
  facet normal -0.868227 -0.496166 0
    outer loop
      vertex -25.2274 -12.4338 -1
      vertex -25.4225 -12.0924 -0.599999
      vertex -25.4225 -12.0924 -1
    endloop
  endfacet
  facet normal -0.868227 -0.496166 0
    outer loop
      vertex -25.4225 -12.0924 -0.599999
      vertex -25.2274 -12.4338 -1
      vertex -25.2274 -12.4338 -0.599999
    endloop
  endfacet
  facet normal -0.761082 -0.648655 0
    outer loop
      vertex -24.9545 -12.754 -1
      vertex -25.2274 -12.4338 -0.599999
      vertex -25.2274 -12.4338 -1
    endloop
  endfacet
  facet normal -0.761082 -0.648655 0
    outer loop
      vertex -25.2274 -12.4338 -0.599999
      vertex -24.9545 -12.754 -1
      vertex -24.9545 -12.754 -0.599999
    endloop
  endfacet
  facet normal -0.648466 -0.761243 0
    outer loop
      vertex -24.9545 -12.754 -1
      vertex -24.6035 -13.053 -0.599999
      vertex -24.9545 -12.754 -0.599999
    endloop
  endfacet
  facet normal -0.648466 -0.761243 -0
    outer loop
      vertex -24.6035 -13.053 -0.599999
      vertex -24.9545 -12.754 -1
      vertex -24.6035 -13.053 -1
    endloop
  endfacet
  facet normal -0.544623 -0.838681 0
    outer loop
      vertex -24.6035 -13.053 -1
      vertex -24.2005 -13.3147 -0.599999
      vertex -24.6035 -13.053 -0.599999
    endloop
  endfacet
  facet normal -0.544623 -0.838681 -0
    outer loop
      vertex -24.2005 -13.3147 -0.599999
      vertex -24.6035 -13.053 -1
      vertex -24.2005 -13.3147 -1
    endloop
  endfacet
  facet normal -0.434701 -0.900575 0
    outer loop
      vertex -24.2005 -13.3147 -1
      vertex -23.7787 -13.5183 -0.599999
      vertex -24.2005 -13.3147 -0.599999
    endloop
  endfacet
  facet normal -0.434701 -0.900575 -0
    outer loop
      vertex -23.7787 -13.5183 -0.599999
      vertex -24.2005 -13.3147 -1
      vertex -23.7787 -13.5183 -1
    endloop
  endfacet
  facet normal -0.313253 -0.94967 0
    outer loop
      vertex -23.7787 -13.5183 -1
      vertex -23.3379 -13.6637 -0.599999
      vertex -23.7787 -13.5183 -0.599999
    endloop
  endfacet
  facet normal -0.313253 -0.94967 -0
    outer loop
      vertex -23.3379 -13.6637 -0.599999
      vertex -23.7787 -13.5183 -1
      vertex -23.3379 -13.6637 -1
    endloop
  endfacet
  facet normal -0.186405 -0.982473 0
    outer loop
      vertex -23.3379 -13.6637 -1
      vertex -22.8783 -13.7509 -0.599999
      vertex -23.3379 -13.6637 -0.599999
    endloop
  endfacet
  facet normal -0.186405 -0.982473 -0
    outer loop
      vertex -22.8783 -13.7509 -0.599999
      vertex -23.3379 -13.6637 -1
      vertex -22.8783 -13.7509 -1
    endloop
  endfacet
  facet normal -0.0606903 -0.998157 0
    outer loop
      vertex -22.8783 -13.7509 -1
      vertex -22.3997 -13.78 -0.599999
      vertex -22.8783 -13.7509 -0.599999
    endloop
  endfacet
  facet normal -0.0606903 -0.998157 -0
    outer loop
      vertex -22.3997 -13.78 -0.599999
      vertex -22.8783 -13.7509 -1
      vertex -22.3997 -13.78 -1
    endloop
  endfacet
  facet normal 0 -1 0
    outer loop
      vertex -22.3997 -13.78 -1
      vertex -20.0847 -13.78 -0.599999
      vertex -22.3997 -13.78 -0.599999
    endloop
  endfacet
  facet normal 0 -1 -0
    outer loop
      vertex -20.0847 -13.78 -0.599999
      vertex -22.3997 -13.78 -1
      vertex -20.0847 -13.78 -1
    endloop
  endfacet
  facet normal 0.0615233 -0.998106 0
    outer loop
      vertex -20.0847 -13.78 -1
      vertex -19.903 -13.7688 -0.599999
      vertex -20.0847 -13.78 -0.599999
    endloop
  endfacet
  facet normal 0.0615233 -0.998106 0
    outer loop
      vertex -19.903 -13.7688 -0.599999
      vertex -20.0847 -13.78 -1
      vertex -19.903 -13.7688 -1
    endloop
  endfacet
  facet normal 0.190305 -0.981725 0
    outer loop
      vertex -19.903 -13.7688 -1
      vertex -19.7307 -13.7354 -0.599999
      vertex -19.903 -13.7688 -0.599999
    endloop
  endfacet
  facet normal 0.190305 -0.981725 0
    outer loop
      vertex -19.7307 -13.7354 -0.599999
      vertex -19.903 -13.7688 -1
      vertex -19.7307 -13.7354 -1
    endloop
  endfacet
  facet normal 0.324414 -0.945915 0
    outer loop
      vertex -19.7307 -13.7354 -1
      vertex -19.568 -13.6796 -0.599999
      vertex -19.7307 -13.7354 -0.599999
    endloop
  endfacet
  facet normal 0.324414 -0.945915 0
    outer loop
      vertex -19.568 -13.6796 -0.599999
      vertex -19.7307 -13.7354 -1
      vertex -19.568 -13.6796 -1
    endloop
  endfacet
  facet normal 0.454404 -0.890795 0
    outer loop
      vertex -19.568 -13.6796 -1
      vertex -19.4147 -13.6014 -0.599999
      vertex -19.568 -13.6796 -0.599999
    endloop
  endfacet
  facet normal 0.454404 -0.890795 0
    outer loop
      vertex -19.4147 -13.6014 -0.599999
      vertex -19.568 -13.6796 -1
      vertex -19.4147 -13.6014 -1
    endloop
  endfacet
  facet normal 0.572735 -0.819741 0
    outer loop
      vertex -19.4147 -13.6014 -1
      vertex -19.271 -13.501 -0.599999
      vertex -19.4147 -13.6014 -0.599999
    endloop
  endfacet
  facet normal 0.572735 -0.819741 0
    outer loop
      vertex -19.271 -13.501 -0.599999
      vertex -19.4147 -13.6014 -1
      vertex -19.271 -13.501 -1
    endloop
  endfacet
  facet normal 0.675831 -0.737056 0
    outer loop
      vertex -19.271 -13.501 -1
      vertex -19.1458 -13.3862 -0.599999
      vertex -19.271 -13.501 -0.599999
    endloop
  endfacet
  facet normal 0.675831 -0.737056 0
    outer loop
      vertex -19.1458 -13.3862 -0.599999
      vertex -19.271 -13.501 -1
      vertex -19.1458 -13.3862 -1
    endloop
  endfacet
  facet normal 0.782118 -0.62313 0
    outer loop
      vertex -19.1458 -13.3862 -0.599999
      vertex -19.0486 -13.2642 -1
      vertex -19.0486 -13.2642 -0.599999
    endloop
  endfacet
  facet normal 0.782118 -0.62313 0
    outer loop
      vertex -19.0486 -13.2642 -1
      vertex -19.1458 -13.3862 -0.599999
      vertex -19.1458 -13.3862 -1
    endloop
  endfacet
  facet normal 0.880668 -0.473734 0
    outer loop
      vertex -19.0486 -13.2642 -0.599999
      vertex -18.9791 -13.135 -1
      vertex -18.9791 -13.135 -0.599999
    endloop
  endfacet
  facet normal 0.880668 -0.473734 0
    outer loop
      vertex -18.9791 -13.135 -1
      vertex -19.0486 -13.2642 -0.599999
      vertex -19.0486 -13.2642 -1
    endloop
  endfacet
  facet normal 0.956308 -0.292361 0
    outer loop
      vertex -18.9791 -13.135 -0.599999
      vertex -18.9374 -12.9986 -1
      vertex -18.9374 -12.9986 -0.599999
    endloop
  endfacet
  facet normal 0.956308 -0.292361 0
    outer loop
      vertex -18.9374 -12.9986 -1
      vertex -18.9791 -13.135 -0.599999
      vertex -18.9791 -13.135 -1
    endloop
  endfacet
  facet normal 0.995348 -0.0963463 0
    outer loop
      vertex -18.9374 -12.9986 -0.599999
      vertex -18.9235 -12.855 -1
      vertex -18.9235 -12.855 -0.599999
    endloop
  endfacet
  facet normal 0.995348 -0.0963463 0
    outer loop
      vertex -18.9235 -12.855 -1
      vertex -18.9374 -12.9986 -0.599999
      vertex -18.9374 -12.9986 -1
    endloop
  endfacet
  facet normal 1 -0 0
    outer loop
      vertex -18.9235 -12.855 -0.599999
      vertex -18.9235 -4.5 -1
      vertex -18.9235 -4.5 -0.599999
    endloop
  endfacet
  facet normal 1 0 0
    outer loop
      vertex -18.9235 -4.5 -1
      vertex -18.9235 -12.855 -0.599999
      vertex -18.9235 -12.855 -1
    endloop
  endfacet
  facet normal 0 1 -0
    outer loop
      vertex -18.9235 -4.5 -1
      vertex -20.6622 -4.5 -0.599999
      vertex -18.9235 -4.5 -0.599999
    endloop
  endfacet
  facet normal 0 1 0
    outer loop
      vertex -20.6622 -4.5 -0.599999
      vertex -18.9235 -4.5 -1
      vertex -20.6622 -4.5 -1
    endloop
  endfacet
  facet normal -1 0 0
    outer loop
      vertex -20.6622 -12.372 -1
      vertex -20.6622 -4.5 -0.599999
      vertex -20.6622 -4.5 -1
    endloop
  endfacet
  facet normal -1 -0 0
    outer loop
      vertex -20.6622 -4.5 -0.599999
      vertex -20.6622 -12.372 -1
      vertex -20.6622 -12.372 -0.599999
    endloop
  endfacet
  facet normal 0 1 -0
    outer loop
      vertex -30.2391 -12.372 -1
      vertex -32.5528 -12.372 -0.599999
      vertex -30.2391 -12.372 -0.599999
    endloop
  endfacet
  facet normal 0 1 0
    outer loop
      vertex -32.5528 -12.372 -0.599999
      vertex -30.2391 -12.372 -1
      vertex -32.5528 -12.372 -1
    endloop
  endfacet
  facet normal -1 0 0
    outer loop
      vertex -32.5528 -13.78 -1
      vertex -32.5528 -12.372 -0.599999
      vertex -32.5528 -12.372 -1
    endloop
  endfacet
  facet normal -1 -0 0
    outer loop
      vertex -32.5528 -12.372 -0.599999
      vertex -32.5528 -13.78 -1
      vertex -32.5528 -13.78 -0.599999
    endloop
  endfacet
  facet normal 0 -1 0
    outer loop
      vertex -32.5528 -13.78 -1
      vertex -26.1866 -13.78 -0.599999
      vertex -32.5528 -13.78 -0.599999
    endloop
  endfacet
  facet normal 0 -1 -0
    outer loop
      vertex -26.1866 -13.78 -0.599999
      vertex -32.5528 -13.78 -1
      vertex -26.1866 -13.78 -1
    endloop
  endfacet
  facet normal 1 -0 0
    outer loop
      vertex -26.1866 -13.78 -0.599999
      vertex -26.1866 -12.372 -1
      vertex -26.1866 -12.372 -0.599999
    endloop
  endfacet
  facet normal 1 0 0
    outer loop
      vertex -26.1866 -12.372 -1
      vertex -26.1866 -13.78 -0.599999
      vertex -26.1866 -13.78 -1
    endloop
  endfacet
  facet normal 0 1 -0
    outer loop
      vertex -26.1866 -12.372 -1
      vertex -28.5016 -12.372 -0.599999
      vertex -26.1866 -12.372 -0.599999
    endloop
  endfacet
  facet normal 0 1 0
    outer loop
      vertex -28.5016 -12.372 -0.599999
      vertex -26.1866 -12.372 -1
      vertex -28.5016 -12.372 -1
    endloop
  endfacet
  facet normal 1 -0 0
    outer loop
      vertex -28.5016 -12.372 -0.599999
      vertex -28.5016 -4.5 -1
      vertex -28.5016 -4.5 -0.599999
    endloop
  endfacet
  facet normal 1 0 0
    outer loop
      vertex -28.5016 -4.5 -1
      vertex -28.5016 -12.372 -0.599999
      vertex -28.5016 -12.372 -1
    endloop
  endfacet
  facet normal 0 1 -0
    outer loop
      vertex -28.5016 -4.5 -1
      vertex -30.2391 -4.5 -0.599999
      vertex -28.5016 -4.5 -0.599999
    endloop
  endfacet
  facet normal 0 1 0
    outer loop
      vertex -30.2391 -4.5 -0.599999
      vertex -28.5016 -4.5 -1
      vertex -30.2391 -4.5 -1
    endloop
  endfacet
  facet normal -1 0 0
    outer loop
      vertex -30.2391 -12.372 -1
      vertex -30.2391 -4.5 -0.599999
      vertex -30.2391 -4.5 -1
    endloop
  endfacet
  facet normal -1 -0 0
    outer loop
      vertex -30.2391 -4.5 -0.599999
      vertex -30.2391 -12.372 -1
      vertex -30.2391 -12.372 -0.599999
    endloop
  endfacet
endsolid OpenSCAD_Model
