solid OpenSCAD_Model
  facet normal 0 0 1
    outer loop
      vertex 6.98077 0.195084 3.35
      vertex 6.98077 -0.195099 3.35
      vertex 7 0 3.35
    endloop
  endfacet
  facet normal 0 0 1
    outer loop
      vertex 6.92387 0.382675 3.35
      vertex 6.98077 -0.195099 3.35
      vertex 6.98077 0.195084 3.35
    endloop
  endfacet
  facet normal 0 0 1
    outer loop
      vertex 6.92387 0.382675 3.35
      vertex 6.92387 -0.38269 3.35
      vertex 6.98077 -0.195099 3.35
    endloop
  endfacet
  facet normal 0 0 1
    outer loop
      vertex 6.83147 0.555557 3.35
      vertex 6.92387 -0.38269 3.35
      vertex 6.92387 0.382675 3.35
    endloop
  endfacet
  facet normal 0 0 1
    outer loop
      vertex 6.83147 0.555557 3.35
      vertex 6.83147 -0.555573 3.35
      vertex 6.92387 -0.38269 3.35
    endloop
  endfacet
  facet normal 0 0 1
    outer loop
      vertex 6.70709 0.707092 3.35
      vertex 6.83147 -0.555573 3.35
      vertex 6.83147 0.555557 3.35
    endloop
  endfacet
  facet normal 0 0 1
    outer loop
      vertex 6.70709 0.707092 3.35
      vertex 6.70709 -0.707108 3.35
      vertex 6.83147 -0.555573 3.35
    endloop
  endfacet
  facet normal 0 0 1
    outer loop
      vertex 6.55556 0.831467 3.35
      vertex 6.70709 -0.707108 3.35
      vertex 6.70709 0.707092 3.35
    endloop
  endfacet
  facet normal 0 0 1
    outer loop
      vertex 6.55556 0.831467 3.35
      vertex 6.55556 -0.831482 3.35
      vertex 6.70709 -0.707108 3.35
    endloop
  endfacet
  facet normal 0 0 1
    outer loop
      vertex 6.38268 0.923874 3.35
      vertex 6.55556 -0.831482 3.35
      vertex 6.55556 0.831467 3.35
    endloop
  endfacet
  facet normal 0 0 1
    outer loop
      vertex 6.38268 0.923874 3.35
      vertex 6.38268 -0.923889 3.35
      vertex 6.55556 -0.831482 3.35
    endloop
  endfacet
  facet normal 0 0 1
    outer loop
      vertex 6.19508 0.980774 3.35
      vertex 6.38268 -0.923889 3.35
      vertex 6.38268 0.923874 3.35
    endloop
  endfacet
  facet normal 0 0 1
    outer loop
      vertex 6.19508 0.980774 3.35
      vertex 6.19508 -0.980789 3.35
      vertex 6.38268 -0.923889 3.35
    endloop
  endfacet
  facet normal 0 0 1
    outer loop
      vertex 6 1 3.35
      vertex 6.19508 -0.980789 3.35
      vertex 6.19508 0.980774 3.35
    endloop
  endfacet
  facet normal 0 0 1
    outer loop
      vertex 6 1 3.35
      vertex 6 -1 3.35
      vertex 6.19508 -0.980789 3.35
    endloop
  endfacet
  facet normal 0 0 1
    outer loop
      vertex 6 1 3.35
      vertex 1.14999 -1 3.35
      vertex 6 -1 3.35
    endloop
  endfacet
  facet normal 0 0 1
    outer loop
      vertex -1.14999 -17.15 3.35
      vertex 1.14999 -17.15 3.35
      vertex 1.14999 -1 3.35
    endloop
  endfacet
  facet normal 0 0 1
    outer loop
      vertex 1.14999 -17.15 3.35
      vertex -1.14999 -17.15 3.35
      vertex 0.531219 -18.52 3.35
    endloop
  endfacet
  facet normal 0 -0 1
    outer loop
      vertex -0.531219 -18.52 3.35
      vertex 0.531219 -18.52 3.35
      vertex -1.14999 -17.15 3.35
    endloop
  endfacet
  facet normal 0 0 1
    outer loop
      vertex 0.531219 -18.52 3.35
      vertex -0.531219 -18.52 3.35
      vertex 0.478088 -18.6194 3.35
    endloop
  endfacet
  facet normal 0 0 1
    outer loop
      vertex 0.478088 -18.6194 3.35
      vertex -0.531219 -18.52 3.35
      vertex 0.406586 -18.7066 3.35
    endloop
  endfacet
  facet normal 0 0 1
    outer loop
      vertex 0.406586 -18.7066 3.35
      vertex -0.531219 -18.52 3.35
      vertex 0.319443 -18.7781 3.35
    endloop
  endfacet
  facet normal 0 0 1
    outer loop
      vertex 0.319443 -18.7781 3.35
      vertex -0.531219 -18.52 3.35
      vertex 0.220032 -18.8312 3.35
    endloop
  endfacet
  facet normal 0 0 1
    outer loop
      vertex 0.220032 -18.8312 3.35
      vertex -0.531219 -18.52 3.35
      vertex 0.112167 -18.8639 3.35
    endloop
  endfacet
  facet normal 0 0 1
    outer loop
      vertex 0.112167 -18.8639 3.35
      vertex -0.531219 -18.52 3.35
      vertex 0 -18.875 3.35
    endloop
  endfacet
  facet normal 0 0 1
    outer loop
      vertex 0 -18.875 3.35
      vertex -0.531219 -18.52 3.35
      vertex -0.112167 -18.8639 3.35
    endloop
  endfacet
  facet normal 0 0 1
    outer loop
      vertex -0.112167 -18.8639 3.35
      vertex -0.531219 -18.52 3.35
      vertex -0.220032 -18.8312 3.35
    endloop
  endfacet
  facet normal 0 0 1
    outer loop
      vertex -0.220032 -18.8312 3.35
      vertex -0.531219 -18.52 3.35
      vertex -0.319443 -18.7781 3.35
    endloop
  endfacet
  facet normal 0 0 1
    outer loop
      vertex -0.319443 -18.7781 3.35
      vertex -0.531219 -18.52 3.35
      vertex -0.406586 -18.7066 3.35
    endloop
  endfacet
  facet normal 0 0 1
    outer loop
      vertex -1.14999 -17.15 3.35
      vertex 1.14999 -1 3.35
      vertex -1.14999 -1 3.35
    endloop
  endfacet
  facet normal 0 0 1
    outer loop
      vertex 6 1 3.35
      vertex -1.14999 -1 3.35
      vertex 1.14999 -1 3.35
    endloop
  endfacet
  facet normal -0 0 1
    outer loop
      vertex -6 1 3.35
      vertex -1.14999 -1 3.35
      vertex 6 1 3.35
    endloop
  endfacet
  facet normal 0 0 1
    outer loop
      vertex -6 1 3.35
      vertex -6 -1 3.35
      vertex -1.14999 -1 3.35
    endloop
  endfacet
  facet normal -0 0 1
    outer loop
      vertex -6.19508 0.980774 3.35
      vertex -6 -1 3.35
      vertex -6 1 3.35
    endloop
  endfacet
  facet normal 0 0 1
    outer loop
      vertex -6.19508 0.980774 3.35
      vertex -6.19508 -0.980789 3.35
      vertex -6 -1 3.35
    endloop
  endfacet
  facet normal -0 0 1
    outer loop
      vertex -6.38268 0.923874 3.35
      vertex -6.19508 -0.980789 3.35
      vertex -6.19508 0.980774 3.35
    endloop
  endfacet
  facet normal 0 0 1
    outer loop
      vertex -6.38268 0.923874 3.35
      vertex -6.38268 -0.923889 3.35
      vertex -6.19508 -0.980789 3.35
    endloop
  endfacet
  facet normal -0 0 1
    outer loop
      vertex -6.55556 0.831467 3.35
      vertex -6.38268 -0.923889 3.35
      vertex -6.38268 0.923874 3.35
    endloop
  endfacet
  facet normal 0 0 1
    outer loop
      vertex -6.55556 0.831467 3.35
      vertex -6.55556 -0.831482 3.35
      vertex -6.38268 -0.923889 3.35
    endloop
  endfacet
  facet normal -0 0 1
    outer loop
      vertex -6.70709 0.707092 3.35
      vertex -6.55556 -0.831482 3.35
      vertex -6.55556 0.831467 3.35
    endloop
  endfacet
  facet normal 0 0 1
    outer loop
      vertex -6.70709 0.707092 3.35
      vertex -6.70709 -0.707108 3.35
      vertex -6.55556 -0.831482 3.35
    endloop
  endfacet
  facet normal -0 0 1
    outer loop
      vertex -6.83147 0.555557 3.35
      vertex -6.70709 -0.707108 3.35
      vertex -6.70709 0.707092 3.35
    endloop
  endfacet
  facet normal 0 0 1
    outer loop
      vertex -6.83147 0.555557 3.35
      vertex -6.83147 -0.555573 3.35
      vertex -6.70709 -0.707108 3.35
    endloop
  endfacet
  facet normal -0 0 1
    outer loop
      vertex -6.92387 0.382675 3.35
      vertex -6.83147 -0.555573 3.35
      vertex -6.83147 0.555557 3.35
    endloop
  endfacet
  facet normal 0 0 1
    outer loop
      vertex -6.92387 0.382675 3.35
      vertex -6.92387 -0.38269 3.35
      vertex -6.83147 -0.555573 3.35
    endloop
  endfacet
  facet normal -0 0 1
    outer loop
      vertex -6.98077 0.195084 3.35
      vertex -6.92387 -0.38269 3.35
      vertex -6.92387 0.382675 3.35
    endloop
  endfacet
  facet normal 0 0 1
    outer loop
      vertex -6.98077 0.195084 3.35
      vertex -6.98077 -0.195099 3.35
      vertex -6.92387 -0.38269 3.35
    endloop
  endfacet
  facet normal 0 -0 1
    outer loop
      vertex -6.98077 -0.195099 3.35
      vertex -6.98077 0.195084 3.35
      vertex -7 0 3.35
    endloop
  endfacet
  facet normal 0 0 1
    outer loop
      vertex -0.406586 -18.7066 3.35
      vertex -0.531219 -18.52 3.35
      vertex -0.478088 -18.6194 3.35
    endloop
  endfacet
  facet normal 0 0 -1
    outer loop
      vertex -1.14999 -17.15 -3.35
      vertex 1.14999 -17.15 -3.35
      vertex 0.531219 -18.52 -3.35
    endloop
  endfacet
  facet normal 0 0 -1
    outer loop
      vertex 6.98077 -0.195099 -3.35
      vertex 6.98077 0.195084 -3.35
      vertex 7 0 -3.35
    endloop
  endfacet
  facet normal 0 0 -1
    outer loop
      vertex 6.92387 -0.38269 -3.35
      vertex 6.98077 0.195084 -3.35
      vertex 6.98077 -0.195099 -3.35
    endloop
  endfacet
  facet normal 0 0 -1
    outer loop
      vertex 6.92387 -0.38269 -3.35
      vertex 6.92387 0.382675 -3.35
      vertex 6.98077 0.195084 -3.35
    endloop
  endfacet
  facet normal 0 0 -1
    outer loop
      vertex 6.83147 -0.555573 -3.35
      vertex 6.92387 0.382675 -3.35
      vertex 6.92387 -0.38269 -3.35
    endloop
  endfacet
  facet normal 0 0 -1
    outer loop
      vertex 6.83147 -0.555573 -3.35
      vertex 6.83147 0.555557 -3.35
      vertex 6.92387 0.382675 -3.35
    endloop
  endfacet
  facet normal 0 0 -1
    outer loop
      vertex 6.70709 -0.707108 -3.35
      vertex 6.83147 0.555557 -3.35
      vertex 6.83147 -0.555573 -3.35
    endloop
  endfacet
  facet normal 0 0 -1
    outer loop
      vertex 6.70709 -0.707108 -3.35
      vertex 6.70709 0.707092 -3.35
      vertex 6.83147 0.555557 -3.35
    endloop
  endfacet
  facet normal 0 0 -1
    outer loop
      vertex 6.55556 -0.831482 -3.35
      vertex 6.70709 0.707092 -3.35
      vertex 6.70709 -0.707108 -3.35
    endloop
  endfacet
  facet normal 0 0 -1
    outer loop
      vertex 6.55556 -0.831482 -3.35
      vertex 6.55556 0.831467 -3.35
      vertex 6.70709 0.707092 -3.35
    endloop
  endfacet
  facet normal 0 0 -1
    outer loop
      vertex 6.38268 -0.923889 -3.35
      vertex 6.55556 0.831467 -3.35
      vertex 6.55556 -0.831482 -3.35
    endloop
  endfacet
  facet normal 0 0 -1
    outer loop
      vertex 6.38268 -0.923889 -3.35
      vertex 6.38268 0.923874 -3.35
      vertex 6.55556 0.831467 -3.35
    endloop
  endfacet
  facet normal 0 0 -1
    outer loop
      vertex 6.19508 -0.980789 -3.35
      vertex 6.38268 0.923874 -3.35
      vertex 6.38268 -0.923889 -3.35
    endloop
  endfacet
  facet normal 0 0 -1
    outer loop
      vertex 6.19508 -0.980789 -3.35
      vertex 6.19508 0.980774 -3.35
      vertex 6.38268 0.923874 -3.35
    endloop
  endfacet
  facet normal 0 0 -1
    outer loop
      vertex 6 -1 -3.35
      vertex 6.19508 0.980774 -3.35
      vertex 6.19508 -0.980789 -3.35
    endloop
  endfacet
  facet normal 0 0 -1
    outer loop
      vertex 6 -1 -3.35
      vertex 6 1 -3.35
      vertex 6.19508 0.980774 -3.35
    endloop
  endfacet
  facet normal 0 0 -1
    outer loop
      vertex 1.14999 -1 -3.35
      vertex 6 1 -3.35
      vertex 6 -1 -3.35
    endloop
  endfacet
  facet normal 0 0 -1
    outer loop
      vertex -0.531219 -18.52 -3.35
      vertex 0.531219 -18.52 -3.35
      vertex 0.478088 -18.6194 -3.35
    endloop
  endfacet
  facet normal 0 0 -1
    outer loop
      vertex -0.531219 -18.52 -3.35
      vertex 0.478088 -18.6194 -3.35
      vertex 0.406586 -18.7066 -3.35
    endloop
  endfacet
  facet normal 0 0 -1
    outer loop
      vertex -0.531219 -18.52 -3.35
      vertex 0.406586 -18.7066 -3.35
      vertex 0.319443 -18.7781 -3.35
    endloop
  endfacet
  facet normal 0 0 -1
    outer loop
      vertex -0.531219 -18.52 -3.35
      vertex 0.319443 -18.7781 -3.35
      vertex 0.220032 -18.8312 -3.35
    endloop
  endfacet
  facet normal 0 0 -1
    outer loop
      vertex -0.531219 -18.52 -3.35
      vertex 0.220032 -18.8312 -3.35
      vertex 0.112167 -18.8639 -3.35
    endloop
  endfacet
  facet normal 0 0 -1
    outer loop
      vertex -0.531219 -18.52 -3.35
      vertex 0.112167 -18.8639 -3.35
      vertex 0 -18.875 -3.35
    endloop
  endfacet
  facet normal 0 0 -1
    outer loop
      vertex -0.531219 -18.52 -3.35
      vertex 0 -18.875 -3.35
      vertex -0.112167 -18.8639 -3.35
    endloop
  endfacet
  facet normal 0 0 -1
    outer loop
      vertex -0.531219 -18.52 -3.35
      vertex -0.112167 -18.8639 -3.35
      vertex -0.220032 -18.8312 -3.35
    endloop
  endfacet
  facet normal 0 0 -1
    outer loop
      vertex -0.531219 -18.52 -3.35
      vertex -0.220032 -18.8312 -3.35
      vertex -0.319443 -18.7781 -3.35
    endloop
  endfacet
  facet normal 0 0 -1
    outer loop
      vertex -0.531219 -18.52 -3.35
      vertex -0.319443 -18.7781 -3.35
      vertex -0.406586 -18.7066 -3.35
    endloop
  endfacet
  facet normal 0 0 -1
    outer loop
      vertex -0.531219 -18.52 -3.35
      vertex -0.406586 -18.7066 -3.35
      vertex -0.478088 -18.6194 -3.35
    endloop
  endfacet
  facet normal 0 0 -1
    outer loop
      vertex 0.531219 -18.52 -3.35
      vertex -0.531219 -18.52 -3.35
      vertex -1.14999 -17.15 -3.35
    endloop
  endfacet
  facet normal 0 0 -1
    outer loop
      vertex 1.14999 -17.15 -3.35
      vertex -1.14999 -17.15 -3.35
      vertex 1.14999 -1 -3.35
    endloop
  endfacet
  facet normal 0 0 -1
    outer loop
      vertex -1.14999 -1 -3.35
      vertex 1.14999 -1 -3.35
      vertex -1.14999 -17.15 -3.35
    endloop
  endfacet
  facet normal 0 0 -1
    outer loop
      vertex -1.14999 -1 -3.35
      vertex 6 1 -3.35
      vertex 1.14999 -1 -3.35
    endloop
  endfacet
  facet normal 0 0 -1
    outer loop
      vertex -6 1 -3.35
      vertex -1.14999 -1 -3.35
      vertex -6 -1 -3.35
    endloop
  endfacet
  facet normal 0 0 -1
    outer loop
      vertex -1.14999 -1 -3.35
      vertex -6 1 -3.35
      vertex 6 1 -3.35
    endloop
  endfacet
  facet normal 0 0 -1
    outer loop
      vertex -6.19508 -0.980789 -3.35
      vertex -6 1 -3.35
      vertex -6 -1 -3.35
    endloop
  endfacet
  facet normal 0 0 -1
    outer loop
      vertex -6.19508 -0.980789 -3.35
      vertex -6.19508 0.980774 -3.35
      vertex -6 1 -3.35
    endloop
  endfacet
  facet normal 0 0 -1
    outer loop
      vertex -6.38268 -0.923889 -3.35
      vertex -6.19508 0.980774 -3.35
      vertex -6.19508 -0.980789 -3.35
    endloop
  endfacet
  facet normal 0 0 -1
    outer loop
      vertex -6.38268 -0.923889 -3.35
      vertex -6.38268 0.923874 -3.35
      vertex -6.19508 0.980774 -3.35
    endloop
  endfacet
  facet normal 0 0 -1
    outer loop
      vertex -6.55556 -0.831482 -3.35
      vertex -6.38268 0.923874 -3.35
      vertex -6.38268 -0.923889 -3.35
    endloop
  endfacet
  facet normal 0 0 -1
    outer loop
      vertex -6.55556 -0.831482 -3.35
      vertex -6.55556 0.831467 -3.35
      vertex -6.38268 0.923874 -3.35
    endloop
  endfacet
  facet normal 0 0 -1
    outer loop
      vertex -6.70709 -0.707108 -3.35
      vertex -6.55556 0.831467 -3.35
      vertex -6.55556 -0.831482 -3.35
    endloop
  endfacet
  facet normal 0 0 -1
    outer loop
      vertex -6.70709 -0.707108 -3.35
      vertex -6.70709 0.707092 -3.35
      vertex -6.55556 0.831467 -3.35
    endloop
  endfacet
  facet normal 0 0 -1
    outer loop
      vertex -6.83147 -0.555573 -3.35
      vertex -6.70709 0.707092 -3.35
      vertex -6.70709 -0.707108 -3.35
    endloop
  endfacet
  facet normal 0 0 -1
    outer loop
      vertex -6.83147 -0.555573 -3.35
      vertex -6.83147 0.555557 -3.35
      vertex -6.70709 0.707092 -3.35
    endloop
  endfacet
  facet normal 0 0 -1
    outer loop
      vertex -6.92387 -0.38269 -3.35
      vertex -6.83147 0.555557 -3.35
      vertex -6.83147 -0.555573 -3.35
    endloop
  endfacet
  facet normal 0 0 -1
    outer loop
      vertex -6.92387 -0.38269 -3.35
      vertex -6.92387 0.382675 -3.35
      vertex -6.83147 0.555557 -3.35
    endloop
  endfacet
  facet normal 0 0 -1
    outer loop
      vertex -6.98077 -0.195099 -3.35
      vertex -6.92387 0.382675 -3.35
      vertex -6.92387 -0.38269 -3.35
    endloop
  endfacet
  facet normal 0 0 -1
    outer loop
      vertex -6.98077 -0.195099 -3.35
      vertex -6.98077 0.195084 -3.35
      vertex -6.92387 0.382675 -3.35
    endloop
  endfacet
  facet normal 0 -0 -1
    outer loop
      vertex -6.98077 0.195084 -3.35
      vertex -6.98077 -0.195099 -3.35
      vertex -7 0 -3.35
    endloop
  endfacet
  facet normal 0.881919 -0.471401 0
    outer loop
      vertex 0.478088 -18.6194 3.35
      vertex 0.531219 -18.52 -3.35
      vertex 0.531219 -18.52 3.35
    endloop
  endfacet
  facet normal 0.881919 -0.471401 0
    outer loop
      vertex 0.531219 -18.52 -3.35
      vertex 0.478088 -18.6194 3.35
      vertex 0.478088 -18.6194 -3.35
    endloop
  endfacet
  facet normal 0.773276 -0.634069 0
    outer loop
      vertex 0.406586 -18.7066 3.35
      vertex 0.478088 -18.6194 -3.35
      vertex 0.478088 -18.6194 3.35
    endloop
  endfacet
  facet normal 0.773276 -0.634069 0
    outer loop
      vertex 0.478088 -18.6194 -3.35
      vertex 0.406586 -18.7066 3.35
      vertex 0.406586 -18.7066 -3.35
    endloop
  endfacet
  facet normal 0.634306 -0.773082 0
    outer loop
      vertex 0.319443 -18.7781 -3.35
      vertex 0.406586 -18.7066 3.35
      vertex 0.319443 -18.7781 3.35
    endloop
  endfacet
  facet normal 0.634306 -0.773082 0
    outer loop
      vertex 0.406586 -18.7066 3.35
      vertex 0.319443 -18.7781 -3.35
      vertex 0.406586 -18.7066 -3.35
    endloop
  endfacet
  facet normal 0.471146 -0.882055 0
    outer loop
      vertex 0.220032 -18.8312 -3.35
      vertex 0.319443 -18.7781 3.35
      vertex 0.220032 -18.8312 3.35
    endloop
  endfacet
  facet normal 0.471146 -0.882055 0
    outer loop
      vertex 0.319443 -18.7781 3.35
      vertex 0.220032 -18.8312 -3.35
      vertex 0.319443 -18.7781 -3.35
    endloop
  endfacet
  facet normal 0.290118 -0.956991 0
    outer loop
      vertex 0.112167 -18.8639 -3.35
      vertex 0.220032 -18.8312 3.35
      vertex 0.112167 -18.8639 3.35
    endloop
  endfacet
  facet normal 0.290118 -0.956991 0
    outer loop
      vertex 0.220032 -18.8312 3.35
      vertex 0.112167 -18.8639 -3.35
      vertex 0.220032 -18.8312 -3.35
    endloop
  endfacet
  facet normal 0.0984786 -0.995139 0
    outer loop
      vertex 0 -18.875 -3.35
      vertex 0.112167 -18.8639 3.35
      vertex 0 -18.875 3.35
    endloop
  endfacet
  facet normal 0.0984786 -0.995139 0
    outer loop
      vertex 0.112167 -18.8639 3.35
      vertex 0 -18.875 -3.35
      vertex 0.112167 -18.8639 -3.35
    endloop
  endfacet
  facet normal -0.0984786 -0.995139 0
    outer loop
      vertex -0.112167 -18.8639 -3.35
      vertex 0 -18.875 3.35
      vertex -0.112167 -18.8639 3.35
    endloop
  endfacet
  facet normal -0.0984786 -0.995139 -0
    outer loop
      vertex 0 -18.875 3.35
      vertex -0.112167 -18.8639 -3.35
      vertex 0 -18.875 -3.35
    endloop
  endfacet
  facet normal -0.290118 -0.956991 0
    outer loop
      vertex -0.220032 -18.8312 -3.35
      vertex -0.112167 -18.8639 3.35
      vertex -0.220032 -18.8312 3.35
    endloop
  endfacet
  facet normal -0.290118 -0.956991 -0
    outer loop
      vertex -0.112167 -18.8639 3.35
      vertex -0.220032 -18.8312 -3.35
      vertex -0.112167 -18.8639 -3.35
    endloop
  endfacet
  facet normal -0.471146 -0.882055 0
    outer loop
      vertex -0.319443 -18.7781 -3.35
      vertex -0.220032 -18.8312 3.35
      vertex -0.319443 -18.7781 3.35
    endloop
  endfacet
  facet normal -0.471146 -0.882055 -0
    outer loop
      vertex -0.220032 -18.8312 3.35
      vertex -0.319443 -18.7781 -3.35
      vertex -0.220032 -18.8312 -3.35
    endloop
  endfacet
  facet normal -0.634306 -0.773082 0
    outer loop
      vertex -0.406586 -18.7066 -3.35
      vertex -0.319443 -18.7781 3.35
      vertex -0.406586 -18.7066 3.35
    endloop
  endfacet
  facet normal -0.634306 -0.773082 -0
    outer loop
      vertex -0.319443 -18.7781 3.35
      vertex -0.406586 -18.7066 -3.35
      vertex -0.319443 -18.7781 -3.35
    endloop
  endfacet
  facet normal -0.773276 -0.634069 0
    outer loop
      vertex -0.406586 -18.7066 -3.35
      vertex -0.478088 -18.6194 3.35
      vertex -0.478088 -18.6194 -3.35
    endloop
  endfacet
  facet normal -0.773276 -0.634069 0
    outer loop
      vertex -0.478088 -18.6194 3.35
      vertex -0.406586 -18.7066 -3.35
      vertex -0.406586 -18.7066 3.35
    endloop
  endfacet
  facet normal -0.881919 -0.471401 0
    outer loop
      vertex -0.478088 -18.6194 -3.35
      vertex -0.531219 -18.52 3.35
      vertex -0.531219 -18.52 -3.35
    endloop
  endfacet
  facet normal -0.881919 -0.471401 0
    outer loop
      vertex -0.531219 -18.52 3.35
      vertex -0.478088 -18.6194 -3.35
      vertex -0.478088 -18.6194 3.35
    endloop
  endfacet
  facet normal -0.911355 -0.411621 0
    outer loop
      vertex -0.531219 -18.52 -3.35
      vertex -1.14999 -17.15 3.35
      vertex -1.14999 -17.15 -3.35
    endloop
  endfacet
  facet normal -0.911355 -0.411621 0
    outer loop
      vertex -1.14999 -17.15 3.35
      vertex -0.531219 -18.52 -3.35
      vertex -0.531219 -18.52 3.35
    endloop
  endfacet
  facet normal -1 0 0
    outer loop
      vertex -1.14999 -17.15 -3.35
      vertex -1.14999 -1 3.35
      vertex -1.14999 -1 -3.35
    endloop
  endfacet
  facet normal -1 -0 0
    outer loop
      vertex -1.14999 -1 3.35
      vertex -1.14999 -17.15 -3.35
      vertex -1.14999 -17.15 3.35
    endloop
  endfacet
  facet normal 0 -1 0
    outer loop
      vertex -6 -1 -3.35
      vertex -1.14999 -1 3.35
      vertex -6 -1 3.35
    endloop
  endfacet
  facet normal 0 -1 -0
    outer loop
      vertex -1.14999 -1 3.35
      vertex -6 -1 -3.35
      vertex -1.14999 -1 -3.35
    endloop
  endfacet
  facet normal -0.0980035 -0.995186 0
    outer loop
      vertex -6.19508 -0.980789 -3.35
      vertex -6 -1 3.35
      vertex -6.19508 -0.980789 3.35
    endloop
  endfacet
  facet normal -0.0980035 -0.995186 -0
    outer loop
      vertex -6 -1 3.35
      vertex -6.19508 -0.980789 -3.35
      vertex -6 -1 -3.35
    endloop
  endfacet
  facet normal -0.290248 -0.956951 0
    outer loop
      vertex -6.38268 -0.923889 -3.35
      vertex -6.19508 -0.980789 3.35
      vertex -6.38268 -0.923889 3.35
    endloop
  endfacet
  facet normal -0.290248 -0.956951 -0
    outer loop
      vertex -6.19508 -0.980789 3.35
      vertex -6.38268 -0.923889 -3.35
      vertex -6.19508 -0.980789 -3.35
    endloop
  endfacet
  facet normal -0.4714 -0.88192 0
    outer loop
      vertex -6.55556 -0.831482 -3.35
      vertex -6.38268 -0.923889 3.35
      vertex -6.55556 -0.831482 3.35
    endloop
  endfacet
  facet normal -0.4714 -0.88192 -0
    outer loop
      vertex -6.38268 -0.923889 3.35
      vertex -6.55556 -0.831482 -3.35
      vertex -6.38268 -0.923889 -3.35
    endloop
  endfacet
  facet normal -0.634444 -0.772969 0
    outer loop
      vertex -6.70709 -0.707108 -3.35
      vertex -6.55556 -0.831482 3.35
      vertex -6.70709 -0.707108 3.35
    endloop
  endfacet
  facet normal -0.634444 -0.772969 -0
    outer loop
      vertex -6.55556 -0.831482 3.35
      vertex -6.70709 -0.707108 -3.35
      vertex -6.55556 -0.831482 -3.35
    endloop
  endfacet
  facet normal -0.772964 -0.634449 0
    outer loop
      vertex -6.70709 -0.707108 -3.35
      vertex -6.83147 -0.555573 3.35
      vertex -6.83147 -0.555573 -3.35
    endloop
  endfacet
  facet normal -0.772964 -0.634449 0
    outer loop
      vertex -6.83147 -0.555573 3.35
      vertex -6.70709 -0.707108 -3.35
      vertex -6.70709 -0.707108 3.35
    endloop
  endfacet
  facet normal -0.881938 -0.471365 0
    outer loop
      vertex -6.83147 -0.555573 -3.35
      vertex -6.92387 -0.38269 3.35
      vertex -6.92387 -0.38269 -3.35
    endloop
  endfacet
  facet normal -0.881938 -0.471365 0
    outer loop
      vertex -6.92387 -0.38269 3.35
      vertex -6.83147 -0.555573 -3.35
      vertex -6.83147 -0.555573 3.35
    endloop
  endfacet
  facet normal -0.956948 -0.290261 0
    outer loop
      vertex -6.92387 -0.38269 -3.35
      vertex -6.98077 -0.195099 3.35
      vertex -6.98077 -0.195099 -3.35
    endloop
  endfacet
  facet normal -0.956948 -0.290261 0
    outer loop
      vertex -6.98077 -0.195099 3.35
      vertex -6.92387 -0.38269 -3.35
      vertex -6.92387 -0.38269 3.35
    endloop
  endfacet
  facet normal -0.995178 -0.09809 0
    outer loop
      vertex -6.98077 -0.195099 -3.35
      vertex -7 0 3.35
      vertex -7 0 -3.35
    endloop
  endfacet
  facet normal -0.995178 -0.09809 0
    outer loop
      vertex -7 0 3.35
      vertex -6.98077 -0.195099 -3.35
      vertex -6.98077 -0.195099 3.35
    endloop
  endfacet
  facet normal -0.995177 0.0980975 0
    outer loop
      vertex -7 0 -3.35
      vertex -6.98077 0.195084 3.35
      vertex -6.98077 0.195084 -3.35
    endloop
  endfacet
  facet normal -0.995177 0.0980975 0
    outer loop
      vertex -6.98077 0.195084 3.35
      vertex -7 0 -3.35
      vertex -7 0 3.35
    endloop
  endfacet
  facet normal -0.956948 0.290261 0
    outer loop
      vertex -6.98077 0.195084 -3.35
      vertex -6.92387 0.382675 3.35
      vertex -6.92387 0.382675 -3.35
    endloop
  endfacet
  facet normal -0.956948 0.290261 0
    outer loop
      vertex -6.92387 0.382675 3.35
      vertex -6.98077 0.195084 -3.35
      vertex -6.98077 0.195084 3.35
    endloop
  endfacet
  facet normal -0.881937 0.471368 0
    outer loop
      vertex -6.92387 0.382675 -3.35
      vertex -6.83147 0.555557 3.35
      vertex -6.83147 0.555557 -3.35
    endloop
  endfacet
  facet normal -0.881937 0.471368 0
    outer loop
      vertex -6.83147 0.555557 3.35
      vertex -6.92387 0.382675 -3.35
      vertex -6.92387 0.382675 3.35
    endloop
  endfacet
  facet normal -0.772964 0.634449 0
    outer loop
      vertex -6.83147 0.555557 -3.35
      vertex -6.70709 0.707092 3.35
      vertex -6.70709 0.707092 -3.35
    endloop
  endfacet
  facet normal -0.772964 0.634449 0
    outer loop
      vertex -6.70709 0.707092 3.35
      vertex -6.83147 0.555557 -3.35
      vertex -6.83147 0.555557 3.35
    endloop
  endfacet
  facet normal -0.634447 0.772967 0
    outer loop
      vertex -6.55556 0.831467 -3.35
      vertex -6.70709 0.707092 3.35
      vertex -6.55556 0.831467 3.35
    endloop
  endfacet
  facet normal -0.634447 0.772967 0
    outer loop
      vertex -6.70709 0.707092 3.35
      vertex -6.55556 0.831467 -3.35
      vertex -6.70709 0.707092 -3.35
    endloop
  endfacet
  facet normal -0.4714 0.88192 0
    outer loop
      vertex -6.38268 0.923874 -3.35
      vertex -6.55556 0.831467 3.35
      vertex -6.38268 0.923874 3.35
    endloop
  endfacet
  facet normal -0.4714 0.88192 0
    outer loop
      vertex -6.55556 0.831467 3.35
      vertex -6.38268 0.923874 -3.35
      vertex -6.55556 0.831467 -3.35
    endloop
  endfacet
  facet normal -0.290248 0.956951 0
    outer loop
      vertex -6.19508 0.980774 -3.35
      vertex -6.38268 0.923874 3.35
      vertex -6.19508 0.980774 3.35
    endloop
  endfacet
  facet normal -0.290248 0.956951 0
    outer loop
      vertex -6.38268 0.923874 3.35
      vertex -6.19508 0.980774 -3.35
      vertex -6.38268 0.923874 -3.35
    endloop
  endfacet
  facet normal -0.0980793 0.995179 0
    outer loop
      vertex -6 1 -3.35
      vertex -6.19508 0.980774 3.35
      vertex -6 1 3.35
    endloop
  endfacet
  facet normal -0.0980793 0.995179 0
    outer loop
      vertex -6.19508 0.980774 3.35
      vertex -6 1 -3.35
      vertex -6.19508 0.980774 -3.35
    endloop
  endfacet
  facet normal 0 1 -0
    outer loop
      vertex 6 1 -3.35
      vertex -6 1 3.35
      vertex 6 1 3.35
    endloop
  endfacet
  facet normal 0 1 0
    outer loop
      vertex -6 1 3.35
      vertex 6 1 -3.35
      vertex -6 1 -3.35
    endloop
  endfacet
  facet normal 0.0980793 0.995179 -0
    outer loop
      vertex 6.19508 0.980774 -3.35
      vertex 6 1 3.35
      vertex 6.19508 0.980774 3.35
    endloop
  endfacet
  facet normal 0.0980793 0.995179 0
    outer loop
      vertex 6 1 3.35
      vertex 6.19508 0.980774 -3.35
      vertex 6 1 -3.35
    endloop
  endfacet
  facet normal 0.290248 0.956951 -0
    outer loop
      vertex 6.38268 0.923874 -3.35
      vertex 6.19508 0.980774 3.35
      vertex 6.38268 0.923874 3.35
    endloop
  endfacet
  facet normal 0.290248 0.956951 0
    outer loop
      vertex 6.19508 0.980774 3.35
      vertex 6.38268 0.923874 -3.35
      vertex 6.19508 0.980774 -3.35
    endloop
  endfacet
  facet normal 0.4714 0.88192 -0
    outer loop
      vertex 6.55556 0.831467 -3.35
      vertex 6.38268 0.923874 3.35
      vertex 6.55556 0.831467 3.35
    endloop
  endfacet
  facet normal 0.4714 0.88192 0
    outer loop
      vertex 6.38268 0.923874 3.35
      vertex 6.55556 0.831467 -3.35
      vertex 6.38268 0.923874 -3.35
    endloop
  endfacet
  facet normal 0.634447 0.772967 -0
    outer loop
      vertex 6.70709 0.707092 -3.35
      vertex 6.55556 0.831467 3.35
      vertex 6.70709 0.707092 3.35
    endloop
  endfacet
  facet normal 0.634447 0.772967 0
    outer loop
      vertex 6.55556 0.831467 3.35
      vertex 6.70709 0.707092 -3.35
      vertex 6.55556 0.831467 -3.35
    endloop
  endfacet
  facet normal 0.772964 0.634449 0
    outer loop
      vertex 6.83147 0.555557 3.35
      vertex 6.70709 0.707092 -3.35
      vertex 6.70709 0.707092 3.35
    endloop
  endfacet
  facet normal 0.772964 0.634449 0
    outer loop
      vertex 6.70709 0.707092 -3.35
      vertex 6.83147 0.555557 3.35
      vertex 6.83147 0.555557 -3.35
    endloop
  endfacet
  facet normal 0.881937 0.471368 0
    outer loop
      vertex 6.92387 0.382675 3.35
      vertex 6.83147 0.555557 -3.35
      vertex 6.83147 0.555557 3.35
    endloop
  endfacet
  facet normal 0.881937 0.471368 0
    outer loop
      vertex 6.83147 0.555557 -3.35
      vertex 6.92387 0.382675 3.35
      vertex 6.92387 0.382675 -3.35
    endloop
  endfacet
  facet normal 0.956948 0.290261 0
    outer loop
      vertex 6.98077 0.195084 3.35
      vertex 6.92387 0.382675 -3.35
      vertex 6.92387 0.382675 3.35
    endloop
  endfacet
  facet normal 0.956948 0.290261 0
    outer loop
      vertex 6.92387 0.382675 -3.35
      vertex 6.98077 0.195084 3.35
      vertex 6.98077 0.195084 -3.35
    endloop
  endfacet
  facet normal 0.995177 0.0980975 0
    outer loop
      vertex 7 0 3.35
      vertex 6.98077 0.195084 -3.35
      vertex 6.98077 0.195084 3.35
    endloop
  endfacet
  facet normal 0.995177 0.0980975 0
    outer loop
      vertex 6.98077 0.195084 -3.35
      vertex 7 0 3.35
      vertex 7 0 -3.35
    endloop
  endfacet
  facet normal 0.995178 -0.09809 0
    outer loop
      vertex 6.98077 -0.195099 3.35
      vertex 7 0 -3.35
      vertex 7 0 3.35
    endloop
  endfacet
  facet normal 0.995178 -0.09809 0
    outer loop
      vertex 7 0 -3.35
      vertex 6.98077 -0.195099 3.35
      vertex 6.98077 -0.195099 -3.35
    endloop
  endfacet
  facet normal 0.956948 -0.290261 0
    outer loop
      vertex 6.92387 -0.38269 3.35
      vertex 6.98077 -0.195099 -3.35
      vertex 6.98077 -0.195099 3.35
    endloop
  endfacet
  facet normal 0.956948 -0.290261 0
    outer loop
      vertex 6.98077 -0.195099 -3.35
      vertex 6.92387 -0.38269 3.35
      vertex 6.92387 -0.38269 -3.35
    endloop
  endfacet
  facet normal 0.881938 -0.471365 0
    outer loop
      vertex 6.83147 -0.555573 3.35
      vertex 6.92387 -0.38269 -3.35
      vertex 6.92387 -0.38269 3.35
    endloop
  endfacet
  facet normal 0.881938 -0.471365 0
    outer loop
      vertex 6.92387 -0.38269 -3.35
      vertex 6.83147 -0.555573 3.35
      vertex 6.83147 -0.555573 -3.35
    endloop
  endfacet
  facet normal 0.772964 -0.634449 0
    outer loop
      vertex 6.70709 -0.707108 3.35
      vertex 6.83147 -0.555573 -3.35
      vertex 6.83147 -0.555573 3.35
    endloop
  endfacet
  facet normal 0.772964 -0.634449 0
    outer loop
      vertex 6.83147 -0.555573 -3.35
      vertex 6.70709 -0.707108 3.35
      vertex 6.70709 -0.707108 -3.35
    endloop
  endfacet
  facet normal 0.634444 -0.772969 0
    outer loop
      vertex 6.55556 -0.831482 -3.35
      vertex 6.70709 -0.707108 3.35
      vertex 6.55556 -0.831482 3.35
    endloop
  endfacet
  facet normal 0.634444 -0.772969 0
    outer loop
      vertex 6.70709 -0.707108 3.35
      vertex 6.55556 -0.831482 -3.35
      vertex 6.70709 -0.707108 -3.35
    endloop
  endfacet
  facet normal 0.4714 -0.88192 0
    outer loop
      vertex 6.38268 -0.923889 -3.35
      vertex 6.55556 -0.831482 3.35
      vertex 6.38268 -0.923889 3.35
    endloop
  endfacet
  facet normal 0.4714 -0.88192 0
    outer loop
      vertex 6.55556 -0.831482 3.35
      vertex 6.38268 -0.923889 -3.35
      vertex 6.55556 -0.831482 -3.35
    endloop
  endfacet
  facet normal 0.290248 -0.956951 0
    outer loop
      vertex 6.19508 -0.980789 -3.35
      vertex 6.38268 -0.923889 3.35
      vertex 6.19508 -0.980789 3.35
    endloop
  endfacet
  facet normal 0.290248 -0.956951 0
    outer loop
      vertex 6.38268 -0.923889 3.35
      vertex 6.19508 -0.980789 -3.35
      vertex 6.38268 -0.923889 -3.35
    endloop
  endfacet
  facet normal 0.0980035 -0.995186 0
    outer loop
      vertex 6 -1 -3.35
      vertex 6.19508 -0.980789 3.35
      vertex 6 -1 3.35
    endloop
  endfacet
  facet normal 0.0980035 -0.995186 0
    outer loop
      vertex 6.19508 -0.980789 3.35
      vertex 6 -1 -3.35
      vertex 6.19508 -0.980789 -3.35
    endloop
  endfacet
  facet normal 0 -1 0
    outer loop
      vertex 1.14999 -1 -3.35
      vertex 6 -1 3.35
      vertex 1.14999 -1 3.35
    endloop
  endfacet
  facet normal 0 -1 -0
    outer loop
      vertex 6 -1 3.35
      vertex 1.14999 -1 -3.35
      vertex 6 -1 -3.35
    endloop
  endfacet
  facet normal 1 -0 0
    outer loop
      vertex 1.14999 -17.15 3.35
      vertex 1.14999 -1 -3.35
      vertex 1.14999 -1 3.35
    endloop
  endfacet
  facet normal 1 0 0
    outer loop
      vertex 1.14999 -1 -3.35
      vertex 1.14999 -17.15 3.35
      vertex 1.14999 -17.15 -3.35
    endloop
  endfacet
  facet normal 0.911355 -0.411621 0
    outer loop
      vertex 0.531219 -18.52 3.35
      vertex 1.14999 -17.15 -3.35
      vertex 1.14999 -17.15 3.35
    endloop
  endfacet
  facet normal 0.911355 -0.411621 0
    outer loop
      vertex 1.14999 -17.15 -3.35
      vertex 0.531219 -18.52 3.35
      vertex 0.531219 -18.52 -3.35
    endloop
  endfacet
  facet normal 0 0 1
    outer loop
      vertex -3.01923 5.19508 3.35
      vertex -3.01923 4.8049 3.35
      vertex -3 5 3.35
    endloop
  endfacet
  facet normal 0 0 1
    outer loop
      vertex -3.07613 5.38268 3.35
      vertex -3.01923 4.8049 3.35
      vertex -3.01923 5.19508 3.35
    endloop
  endfacet
  facet normal 0 0 1
    outer loop
      vertex -3.07613 5.38268 3.35
      vertex -3.07613 4.61731 3.35
      vertex -3.01923 4.8049 3.35
    endloop
  endfacet
  facet normal 0 0 1
    outer loop
      vertex -3.16853 5.55556 3.35
      vertex -3.07613 4.61731 3.35
      vertex -3.07613 5.38268 3.35
    endloop
  endfacet
  facet normal 0 0 1
    outer loop
      vertex -3.16853 5.55556 3.35
      vertex -3.16853 4.44443 3.35
      vertex -3.07613 4.61731 3.35
    endloop
  endfacet
  facet normal 0 0 1
    outer loop
      vertex -3.29291 5.70709 3.35
      vertex -3.16853 4.44443 3.35
      vertex -3.16853 5.55556 3.35
    endloop
  endfacet
  facet normal 0 0 1
    outer loop
      vertex -3.29291 5.70709 3.35
      vertex -3.29291 4.29289 3.35
      vertex -3.16853 4.44443 3.35
    endloop
  endfacet
  facet normal 0 0 1
    outer loop
      vertex -3.44444 5.83147 3.35
      vertex -3.29291 4.29289 3.35
      vertex -3.29291 5.70709 3.35
    endloop
  endfacet
  facet normal 0 0 1
    outer loop
      vertex -3.44444 5.83147 3.35
      vertex -3.44444 4.16852 3.35
      vertex -3.29291 4.29289 3.35
    endloop
  endfacet
  facet normal 0 0 1
    outer loop
      vertex -3.61732 5.92387 3.35
      vertex -3.44444 4.16852 3.35
      vertex -3.44444 5.83147 3.35
    endloop
  endfacet
  facet normal 0 0 1
    outer loop
      vertex -3.61732 5.92387 3.35
      vertex -3.61732 4.07611 3.35
      vertex -3.44444 4.16852 3.35
    endloop
  endfacet
  facet normal 0 0 1
    outer loop
      vertex -3.80492 5.98077 3.35
      vertex -3.61732 4.07611 3.35
      vertex -3.61732 5.92387 3.35
    endloop
  endfacet
  facet normal 0 0 1
    outer loop
      vertex -3.80492 5.98077 3.35
      vertex -3.80492 4.01921 3.35
      vertex -3.61732 4.07611 3.35
    endloop
  endfacet
  facet normal 0 0 1
    outer loop
      vertex -4 6 3.35
      vertex -3.80492 4.01921 3.35
      vertex -3.80492 5.98077 3.35
    endloop
  endfacet
  facet normal 0 0 1
    outer loop
      vertex -4 6 3.35
      vertex -4 4 3.35
      vertex -3.80492 4.01921 3.35
    endloop
  endfacet
  facet normal 0 0 1
    outer loop
      vertex -4 6 3.35
      vertex -8.85001 4 3.35
      vertex -4 4 3.35
    endloop
  endfacet
  facet normal 0 0 1
    outer loop
      vertex -11.15 -12.15 3.35
      vertex -8.85001 -12.15 3.35
      vertex -8.85001 4 3.35
    endloop
  endfacet
  facet normal 0 0 1
    outer loop
      vertex -8.85001 -12.15 3.35
      vertex -11.15 -12.15 3.35
      vertex -9.46878 -13.52 3.35
    endloop
  endfacet
  facet normal 0 -0 1
    outer loop
      vertex -10.5312 -13.52 3.35
      vertex -9.46878 -13.52 3.35
      vertex -11.15 -12.15 3.35
    endloop
  endfacet
  facet normal 0 0 1
    outer loop
      vertex -9.46878 -13.52 3.35
      vertex -10.5312 -13.52 3.35
      vertex -9.52191 -13.6194 3.35
    endloop
  endfacet
  facet normal 0 0 1
    outer loop
      vertex -9.52191 -13.6194 3.35
      vertex -10.5312 -13.52 3.35
      vertex -9.59341 -13.7066 3.35
    endloop
  endfacet
  facet normal 0 0 1
    outer loop
      vertex -9.59341 -13.7066 3.35
      vertex -10.5312 -13.52 3.35
      vertex -9.68056 -13.7781 3.35
    endloop
  endfacet
  facet normal 0 0 1
    outer loop
      vertex -9.68056 -13.7781 3.35
      vertex -10.5312 -13.52 3.35
      vertex -9.77997 -13.8312 3.35
    endloop
  endfacet
  facet normal 0 0 1
    outer loop
      vertex -9.77997 -13.8312 3.35
      vertex -10.5312 -13.52 3.35
      vertex -9.88783 -13.8639 3.35
    endloop
  endfacet
  facet normal 0 0 1
    outer loop
      vertex -9.88783 -13.8639 3.35
      vertex -10.5312 -13.52 3.35
      vertex -10 -13.875 3.35
    endloop
  endfacet
  facet normal 0 0 1
    outer loop
      vertex -10 -13.875 3.35
      vertex -10.5312 -13.52 3.35
      vertex -10.1122 -13.8639 3.35
    endloop
  endfacet
  facet normal 0 0 1
    outer loop
      vertex -10.1122 -13.8639 3.35
      vertex -10.5312 -13.52 3.35
      vertex -10.22 -13.8312 3.35
    endloop
  endfacet
  facet normal 0 0 1
    outer loop
      vertex -10.22 -13.8312 3.35
      vertex -10.5312 -13.52 3.35
      vertex -10.3194 -13.7781 3.35
    endloop
  endfacet
  facet normal 0 0 1
    outer loop
      vertex -10.3194 -13.7781 3.35
      vertex -10.5312 -13.52 3.35
      vertex -10.4066 -13.7066 3.35
    endloop
  endfacet
  facet normal 0 0 1
    outer loop
      vertex -11.15 -12.15 3.35
      vertex -8.85001 4 3.35
      vertex -11.15 4 3.35
    endloop
  endfacet
  facet normal 0 0 1
    outer loop
      vertex -4 6 3.35
      vertex -11.15 4 3.35
      vertex -8.85001 4 3.35
    endloop
  endfacet
  facet normal -0 0 1
    outer loop
      vertex -16 6 3.35
      vertex -11.15 4 3.35
      vertex -4 6 3.35
    endloop
  endfacet
  facet normal 0 0 1
    outer loop
      vertex -16 6 3.35
      vertex -16 4 3.35
      vertex -11.15 4 3.35
    endloop
  endfacet
  facet normal -0 0 1
    outer loop
      vertex -16.1951 5.98077 3.35
      vertex -16 4 3.35
      vertex -16 6 3.35
    endloop
  endfacet
  facet normal 0 0 1
    outer loop
      vertex -16.1951 5.98077 3.35
      vertex -16.1951 4.01921 3.35
      vertex -16 4 3.35
    endloop
  endfacet
  facet normal -0 0 1
    outer loop
      vertex -16.3827 5.92387 3.35
      vertex -16.1951 4.01921 3.35
      vertex -16.1951 5.98077 3.35
    endloop
  endfacet
  facet normal 0 0 1
    outer loop
      vertex -16.3827 5.92387 3.35
      vertex -16.3827 4.07611 3.35
      vertex -16.1951 4.01921 3.35
    endloop
  endfacet
  facet normal -0 0 1
    outer loop
      vertex -16.5556 5.83147 3.35
      vertex -16.3827 4.07611 3.35
      vertex -16.3827 5.92387 3.35
    endloop
  endfacet
  facet normal 0 0 1
    outer loop
      vertex -16.5556 5.83147 3.35
      vertex -16.5556 4.16852 3.35
      vertex -16.3827 4.07611 3.35
    endloop
  endfacet
  facet normal -0 0 1
    outer loop
      vertex -16.7071 5.70709 3.35
      vertex -16.5556 4.16852 3.35
      vertex -16.5556 5.83147 3.35
    endloop
  endfacet
  facet normal 0 0 1
    outer loop
      vertex -16.7071 5.70709 3.35
      vertex -16.7071 4.29289 3.35
      vertex -16.5556 4.16852 3.35
    endloop
  endfacet
  facet normal -0 0 1
    outer loop
      vertex -16.8315 5.55556 3.35
      vertex -16.7071 4.29289 3.35
      vertex -16.7071 5.70709 3.35
    endloop
  endfacet
  facet normal 0 0 1
    outer loop
      vertex -16.8315 5.55556 3.35
      vertex -16.8315 4.44443 3.35
      vertex -16.7071 4.29289 3.35
    endloop
  endfacet
  facet normal -0 0 1
    outer loop
      vertex -16.9239 5.38268 3.35
      vertex -16.8315 4.44443 3.35
      vertex -16.8315 5.55556 3.35
    endloop
  endfacet
  facet normal 0 0 1
    outer loop
      vertex -16.9239 5.38268 3.35
      vertex -16.9239 4.61731 3.35
      vertex -16.8315 4.44443 3.35
    endloop
  endfacet
  facet normal -0 0 1
    outer loop
      vertex -16.9808 5.19508 3.35
      vertex -16.9239 4.61731 3.35
      vertex -16.9239 5.38268 3.35
    endloop
  endfacet
  facet normal 0 0 1
    outer loop
      vertex -16.9808 5.19508 3.35
      vertex -16.9808 4.8049 3.35
      vertex -16.9239 4.61731 3.35
    endloop
  endfacet
  facet normal 0 -0 1
    outer loop
      vertex -16.9808 4.8049 3.35
      vertex -16.9808 5.19508 3.35
      vertex -17 5 3.35
    endloop
  endfacet
  facet normal 0 0 1
    outer loop
      vertex -10.4066 -13.7066 3.35
      vertex -10.5312 -13.52 3.35
      vertex -10.4781 -13.6194 3.35
    endloop
  endfacet
  facet normal 0 0 -1
    outer loop
      vertex -11.15 -12.15 -3.35
      vertex -8.85001 -12.15 -3.35
      vertex -9.46878 -13.52 -3.35
    endloop
  endfacet
  facet normal 0 0 -1
    outer loop
      vertex -3.01923 4.8049 -3.35
      vertex -3.01923 5.19508 -3.35
      vertex -3 5 -3.35
    endloop
  endfacet
  facet normal 0 0 -1
    outer loop
      vertex -3.07613 4.61731 -3.35
      vertex -3.01923 5.19508 -3.35
      vertex -3.01923 4.8049 -3.35
    endloop
  endfacet
  facet normal 0 0 -1
    outer loop
      vertex -3.07613 4.61731 -3.35
      vertex -3.07613 5.38268 -3.35
      vertex -3.01923 5.19508 -3.35
    endloop
  endfacet
  facet normal 0 0 -1
    outer loop
      vertex -3.16853 4.44443 -3.35
      vertex -3.07613 5.38268 -3.35
      vertex -3.07613 4.61731 -3.35
    endloop
  endfacet
  facet normal 0 0 -1
    outer loop
      vertex -3.16853 4.44443 -3.35
      vertex -3.16853 5.55556 -3.35
      vertex -3.07613 5.38268 -3.35
    endloop
  endfacet
  facet normal 0 0 -1
    outer loop
      vertex -3.29291 4.29289 -3.35
      vertex -3.16853 5.55556 -3.35
      vertex -3.16853 4.44443 -3.35
    endloop
  endfacet
  facet normal 0 0 -1
    outer loop
      vertex -3.29291 4.29289 -3.35
      vertex -3.29291 5.70709 -3.35
      vertex -3.16853 5.55556 -3.35
    endloop
  endfacet
  facet normal 0 0 -1
    outer loop
      vertex -3.44444 4.16852 -3.35
      vertex -3.29291 5.70709 -3.35
      vertex -3.29291 4.29289 -3.35
    endloop
  endfacet
  facet normal 0 0 -1
    outer loop
      vertex -3.44444 4.16852 -3.35
      vertex -3.44444 5.83147 -3.35
      vertex -3.29291 5.70709 -3.35
    endloop
  endfacet
  facet normal 0 0 -1
    outer loop
      vertex -3.61732 4.07611 -3.35
      vertex -3.44444 5.83147 -3.35
      vertex -3.44444 4.16852 -3.35
    endloop
  endfacet
  facet normal 0 0 -1
    outer loop
      vertex -3.61732 4.07611 -3.35
      vertex -3.61732 5.92387 -3.35
      vertex -3.44444 5.83147 -3.35
    endloop
  endfacet
  facet normal 0 0 -1
    outer loop
      vertex -3.80492 4.01921 -3.35
      vertex -3.61732 5.92387 -3.35
      vertex -3.61732 4.07611 -3.35
    endloop
  endfacet
  facet normal 0 0 -1
    outer loop
      vertex -3.80492 4.01921 -3.35
      vertex -3.80492 5.98077 -3.35
      vertex -3.61732 5.92387 -3.35
    endloop
  endfacet
  facet normal 0 0 -1
    outer loop
      vertex -4 4 -3.35
      vertex -3.80492 5.98077 -3.35
      vertex -3.80492 4.01921 -3.35
    endloop
  endfacet
  facet normal 0 0 -1
    outer loop
      vertex -4 4 -3.35
      vertex -4 6 -3.35
      vertex -3.80492 5.98077 -3.35
    endloop
  endfacet
  facet normal 0 0 -1
    outer loop
      vertex -8.85001 4 -3.35
      vertex -4 6 -3.35
      vertex -4 4 -3.35
    endloop
  endfacet
  facet normal 0 0 -1
    outer loop
      vertex -10.5312 -13.52 -3.35
      vertex -9.46878 -13.52 -3.35
      vertex -9.52191 -13.6194 -3.35
    endloop
  endfacet
  facet normal 0 0 -1
    outer loop
      vertex -10.5312 -13.52 -3.35
      vertex -9.52191 -13.6194 -3.35
      vertex -9.59341 -13.7066 -3.35
    endloop
  endfacet
  facet normal 0 0 -1
    outer loop
      vertex -10.5312 -13.52 -3.35
      vertex -9.59341 -13.7066 -3.35
      vertex -9.68056 -13.7781 -3.35
    endloop
  endfacet
  facet normal 0 0 -1
    outer loop
      vertex -10.5312 -13.52 -3.35
      vertex -9.68056 -13.7781 -3.35
      vertex -9.77997 -13.8312 -3.35
    endloop
  endfacet
  facet normal 0 0 -1
    outer loop
      vertex -10.5312 -13.52 -3.35
      vertex -9.77997 -13.8312 -3.35
      vertex -9.88783 -13.8639 -3.35
    endloop
  endfacet
  facet normal 0 0 -1
    outer loop
      vertex -10.5312 -13.52 -3.35
      vertex -9.88783 -13.8639 -3.35
      vertex -10 -13.875 -3.35
    endloop
  endfacet
  facet normal 0 0 -1
    outer loop
      vertex -10.5312 -13.52 -3.35
      vertex -10 -13.875 -3.35
      vertex -10.1122 -13.8639 -3.35
    endloop
  endfacet
  facet normal 0 0 -1
    outer loop
      vertex -10.5312 -13.52 -3.35
      vertex -10.1122 -13.8639 -3.35
      vertex -10.22 -13.8312 -3.35
    endloop
  endfacet
  facet normal 0 0 -1
    outer loop
      vertex -10.5312 -13.52 -3.35
      vertex -10.22 -13.8312 -3.35
      vertex -10.3194 -13.7781 -3.35
    endloop
  endfacet
  facet normal 0 0 -1
    outer loop
      vertex -10.5312 -13.52 -3.35
      vertex -10.3194 -13.7781 -3.35
      vertex -10.4066 -13.7066 -3.35
    endloop
  endfacet
  facet normal 0 0 -1
    outer loop
      vertex -10.5312 -13.52 -3.35
      vertex -10.4066 -13.7066 -3.35
      vertex -10.4781 -13.6194 -3.35
    endloop
  endfacet
  facet normal 0 0 -1
    outer loop
      vertex -9.46878 -13.52 -3.35
      vertex -10.5312 -13.52 -3.35
      vertex -11.15 -12.15 -3.35
    endloop
  endfacet
  facet normal 0 0 -1
    outer loop
      vertex -8.85001 -12.15 -3.35
      vertex -11.15 -12.15 -3.35
      vertex -8.85001 4 -3.35
    endloop
  endfacet
  facet normal 0 0 -1
    outer loop
      vertex -11.15 4 -3.35
      vertex -8.85001 4 -3.35
      vertex -11.15 -12.15 -3.35
    endloop
  endfacet
  facet normal 0 0 -1
    outer loop
      vertex -11.15 4 -3.35
      vertex -4 6 -3.35
      vertex -8.85001 4 -3.35
    endloop
  endfacet
  facet normal 0 0 -1
    outer loop
      vertex -16 6 -3.35
      vertex -11.15 4 -3.35
      vertex -16 4 -3.35
    endloop
  endfacet
  facet normal 0 0 -1
    outer loop
      vertex -11.15 4 -3.35
      vertex -16 6 -3.35
      vertex -4 6 -3.35
    endloop
  endfacet
  facet normal 0 0 -1
    outer loop
      vertex -16.1951 4.01921 -3.35
      vertex -16 6 -3.35
      vertex -16 4 -3.35
    endloop
  endfacet
  facet normal 0 0 -1
    outer loop
      vertex -16.1951 4.01921 -3.35
      vertex -16.1951 5.98077 -3.35
      vertex -16 6 -3.35
    endloop
  endfacet
  facet normal 0 0 -1
    outer loop
      vertex -16.3827 4.07611 -3.35
      vertex -16.1951 5.98077 -3.35
      vertex -16.1951 4.01921 -3.35
    endloop
  endfacet
  facet normal 0 0 -1
    outer loop
      vertex -16.3827 4.07611 -3.35
      vertex -16.3827 5.92387 -3.35
      vertex -16.1951 5.98077 -3.35
    endloop
  endfacet
  facet normal 0 0 -1
    outer loop
      vertex -16.5556 4.16852 -3.35
      vertex -16.3827 5.92387 -3.35
      vertex -16.3827 4.07611 -3.35
    endloop
  endfacet
  facet normal 0 0 -1
    outer loop
      vertex -16.5556 4.16852 -3.35
      vertex -16.5556 5.83147 -3.35
      vertex -16.3827 5.92387 -3.35
    endloop
  endfacet
  facet normal 0 0 -1
    outer loop
      vertex -16.7071 4.29289 -3.35
      vertex -16.5556 5.83147 -3.35
      vertex -16.5556 4.16852 -3.35
    endloop
  endfacet
  facet normal 0 0 -1
    outer loop
      vertex -16.7071 4.29289 -3.35
      vertex -16.7071 5.70709 -3.35
      vertex -16.5556 5.83147 -3.35
    endloop
  endfacet
  facet normal 0 0 -1
    outer loop
      vertex -16.8315 4.44443 -3.35
      vertex -16.7071 5.70709 -3.35
      vertex -16.7071 4.29289 -3.35
    endloop
  endfacet
  facet normal 0 0 -1
    outer loop
      vertex -16.8315 4.44443 -3.35
      vertex -16.8315 5.55556 -3.35
      vertex -16.7071 5.70709 -3.35
    endloop
  endfacet
  facet normal 0 0 -1
    outer loop
      vertex -16.9239 4.61731 -3.35
      vertex -16.8315 5.55556 -3.35
      vertex -16.8315 4.44443 -3.35
    endloop
  endfacet
  facet normal 0 0 -1
    outer loop
      vertex -16.9239 4.61731 -3.35
      vertex -16.9239 5.38268 -3.35
      vertex -16.8315 5.55556 -3.35
    endloop
  endfacet
  facet normal 0 0 -1
    outer loop
      vertex -16.9808 4.8049 -3.35
      vertex -16.9239 5.38268 -3.35
      vertex -16.9239 4.61731 -3.35
    endloop
  endfacet
  facet normal 0 0 -1
    outer loop
      vertex -16.9808 4.8049 -3.35
      vertex -16.9808 5.19508 -3.35
      vertex -16.9239 5.38268 -3.35
    endloop
  endfacet
  facet normal 0 -0 -1
    outer loop
      vertex -16.9808 5.19508 -3.35
      vertex -16.9808 4.8049 -3.35
      vertex -17 5 -3.35
    endloop
  endfacet
  facet normal 0.881923 -0.471394 0
    outer loop
      vertex -9.52191 -13.6194 3.35
      vertex -9.46878 -13.52 -3.35
      vertex -9.46878 -13.52 3.35
    endloop
  endfacet
  facet normal 0.881923 -0.471394 0
    outer loop
      vertex -9.46878 -13.52 -3.35
      vertex -9.52191 -13.6194 3.35
      vertex -9.52191 -13.6194 -3.35
    endloop
  endfacet
  facet normal 0.773285 -0.634058 0
    outer loop
      vertex -9.59341 -13.7066 3.35
      vertex -9.52191 -13.6194 -3.35
      vertex -9.52191 -13.6194 3.35
    endloop
  endfacet
  facet normal 0.773285 -0.634058 0
    outer loop
      vertex -9.52191 -13.6194 -3.35
      vertex -9.59341 -13.7066 3.35
      vertex -9.59341 -13.7066 -3.35
    endloop
  endfacet
  facet normal 0.634276 -0.773107 0
    outer loop
      vertex -9.68056 -13.7781 -3.35
      vertex -9.59341 -13.7066 3.35
      vertex -9.68056 -13.7781 3.35
    endloop
  endfacet
  facet normal 0.634276 -0.773107 0
    outer loop
      vertex -9.59341 -13.7066 3.35
      vertex -9.68056 -13.7781 -3.35
      vertex -9.59341 -13.7066 -3.35
    endloop
  endfacet
  facet normal 0.47115 -0.882053 0
    outer loop
      vertex -9.77997 -13.8312 -3.35
      vertex -9.68056 -13.7781 3.35
      vertex -9.77997 -13.8312 3.35
    endloop
  endfacet
  facet normal 0.47115 -0.882053 0
    outer loop
      vertex -9.68056 -13.7781 3.35
      vertex -9.77997 -13.8312 -3.35
      vertex -9.68056 -13.7781 -3.35
    endloop
  endfacet
  facet normal 0.290131 -0.956987 0
    outer loop
      vertex -9.88783 -13.8639 -3.35
      vertex -9.77997 -13.8312 3.35
      vertex -9.88783 -13.8639 3.35
    endloop
  endfacet
  facet normal 0.290131 -0.956987 0
    outer loop
      vertex -9.77997 -13.8312 3.35
      vertex -9.88783 -13.8639 -3.35
      vertex -9.77997 -13.8312 -3.35
    endloop
  endfacet
  facet normal 0.098476 -0.995139 0
    outer loop
      vertex -10 -13.875 -3.35
      vertex -9.88783 -13.8639 3.35
      vertex -10 -13.875 3.35
    endloop
  endfacet
  facet normal 0.098476 -0.995139 0
    outer loop
      vertex -9.88783 -13.8639 3.35
      vertex -10 -13.875 -3.35
      vertex -9.88783 -13.8639 -3.35
    endloop
  endfacet
  facet normal -0.0984499 -0.995142 0
    outer loop
      vertex -10.1122 -13.8639 -3.35
      vertex -10 -13.875 3.35
      vertex -10.1122 -13.8639 3.35
    endloop
  endfacet
  facet normal -0.0984499 -0.995142 -0
    outer loop
      vertex -10 -13.875 3.35
      vertex -10.1122 -13.8639 -3.35
      vertex -10 -13.875 -3.35
    endloop
  endfacet
  facet normal -0.290278 -0.956942 0
    outer loop
      vertex -10.22 -13.8312 -3.35
      vertex -10.1122 -13.8639 3.35
      vertex -10.22 -13.8312 3.35
    endloop
  endfacet
  facet normal -0.290278 -0.956942 -0
    outer loop
      vertex -10.1122 -13.8639 3.35
      vertex -10.22 -13.8312 -3.35
      vertex -10.1122 -13.8639 -3.35
    endloop
  endfacet
  facet normal -0.471187 -0.882033 0
    outer loop
      vertex -10.3194 -13.7781 -3.35
      vertex -10.22 -13.8312 3.35
      vertex -10.3194 -13.7781 3.35
    endloop
  endfacet
  facet normal -0.471187 -0.882033 -0
    outer loop
      vertex -10.22 -13.8312 3.35
      vertex -10.3194 -13.7781 -3.35
      vertex -10.22 -13.8312 -3.35
    endloop
  endfacet
  facet normal -0.634058 -0.773285 0
    outer loop
      vertex -10.4066 -13.7066 -3.35
      vertex -10.3194 -13.7781 3.35
      vertex -10.4066 -13.7066 3.35
    endloop
  endfacet
  facet normal -0.634058 -0.773285 -0
    outer loop
      vertex -10.3194 -13.7781 3.35
      vertex -10.4066 -13.7066 -3.35
      vertex -10.3194 -13.7781 -3.35
    endloop
  endfacet
  facet normal -0.773285 -0.634058 0
    outer loop
      vertex -10.4066 -13.7066 -3.35
      vertex -10.4781 -13.6194 3.35
      vertex -10.4781 -13.6194 -3.35
    endloop
  endfacet
  facet normal -0.773285 -0.634058 0
    outer loop
      vertex -10.4781 -13.6194 3.35
      vertex -10.4066 -13.7066 -3.35
      vertex -10.4066 -13.7066 3.35
    endloop
  endfacet
  facet normal -0.882033 -0.471187 0
    outer loop
      vertex -10.4781 -13.6194 -3.35
      vertex -10.5312 -13.52 3.35
      vertex -10.5312 -13.52 -3.35
    endloop
  endfacet
  facet normal -0.882033 -0.471187 0
    outer loop
      vertex -10.5312 -13.52 3.35
      vertex -10.4781 -13.6194 -3.35
      vertex -10.4781 -13.6194 3.35
    endloop
  endfacet
  facet normal -0.911348 -0.411637 0
    outer loop
      vertex -10.5312 -13.52 -3.35
      vertex -11.15 -12.15 3.35
      vertex -11.15 -12.15 -3.35
    endloop
  endfacet
  facet normal -0.911348 -0.411637 0
    outer loop
      vertex -11.15 -12.15 3.35
      vertex -10.5312 -13.52 -3.35
      vertex -10.5312 -13.52 3.35
    endloop
  endfacet
  facet normal -1 0 0
    outer loop
      vertex -11.15 -12.15 -3.35
      vertex -11.15 4 3.35
      vertex -11.15 4 -3.35
    endloop
  endfacet
  facet normal -1 -0 0
    outer loop
      vertex -11.15 4 3.35
      vertex -11.15 -12.15 -3.35
      vertex -11.15 -12.15 3.35
    endloop
  endfacet
  facet normal 0 -1 0
    outer loop
      vertex -16 4 -3.35
      vertex -11.15 4 3.35
      vertex -16 4 3.35
    endloop
  endfacet
  facet normal 0 -1 -0
    outer loop
      vertex -11.15 4 3.35
      vertex -16 4 -3.35
      vertex -11.15 4 -3.35
    endloop
  endfacet
  facet normal -0.0979885 -0.995188 0
    outer loop
      vertex -16.1951 4.01921 -3.35
      vertex -16 4 3.35
      vertex -16.1951 4.01921 3.35
    endloop
  endfacet
  facet normal -0.0979885 -0.995188 -0
    outer loop
      vertex -16 4 3.35
      vertex -16.1951 4.01921 -3.35
      vertex -16 4 -3.35
    endloop
  endfacet
  facet normal -0.290248 -0.956951 0
    outer loop
      vertex -16.3827 4.07611 -3.35
      vertex -16.1951 4.01921 3.35
      vertex -16.3827 4.07611 3.35
    endloop
  endfacet
  facet normal -0.290248 -0.956951 -0
    outer loop
      vertex -16.1951 4.01921 3.35
      vertex -16.3827 4.07611 -3.35
      vertex -16.1951 4.01921 -3.35
    endloop
  endfacet
  facet normal -0.471369 -0.881936 0
    outer loop
      vertex -16.5556 4.16852 -3.35
      vertex -16.3827 4.07611 3.35
      vertex -16.5556 4.16852 3.35
    endloop
  endfacet
  facet normal -0.471369 -0.881936 -0
    outer loop
      vertex -16.3827 4.07611 3.35
      vertex -16.5556 4.16852 -3.35
      vertex -16.3827 4.07611 -3.35
    endloop
  endfacet
  facet normal -0.634507 -0.772917 0
    outer loop
      vertex -16.7071 4.29289 -3.35
      vertex -16.5556 4.16852 3.35
      vertex -16.7071 4.29289 3.35
    endloop
  endfacet
  facet normal -0.634507 -0.772917 -0
    outer loop
      vertex -16.5556 4.16852 3.35
      vertex -16.7071 4.29289 -3.35
      vertex -16.5556 4.16852 -3.35
    endloop
  endfacet
  facet normal -0.772925 -0.634498 0
    outer loop
      vertex -16.7071 4.29289 -3.35
      vertex -16.8315 4.44443 3.35
      vertex -16.8315 4.44443 -3.35
    endloop
  endfacet
  facet normal -0.772925 -0.634498 0
    outer loop
      vertex -16.8315 4.44443 3.35
      vertex -16.7071 4.29289 -3.35
      vertex -16.7071 4.29289 3.35
    endloop
  endfacet
  facet normal -0.881935 -0.471372 0
    outer loop
      vertex -16.8315 4.44443 -3.35
      vertex -16.9239 4.61731 3.35
      vertex -16.9239 4.61731 -3.35
    endloop
  endfacet
  facet normal -0.881935 -0.471372 0
    outer loop
      vertex -16.9239 4.61731 3.35
      vertex -16.8315 4.44443 -3.35
      vertex -16.8315 4.44443 3.35
    endloop
  endfacet
  facet normal -0.956947 -0.290262 0
    outer loop
      vertex -16.9239 4.61731 -3.35
      vertex -16.9808 4.8049 3.35
      vertex -16.9808 4.8049 -3.35
    endloop
  endfacet
  facet normal -0.956947 -0.290262 0
    outer loop
      vertex -16.9808 4.8049 3.35
      vertex -16.9239 4.61731 -3.35
      vertex -16.9239 4.61731 3.35
    endloop
  endfacet
  facet normal -0.995193 -0.097938 0
    outer loop
      vertex -16.9808 4.8049 -3.35
      vertex -17 5 3.35
      vertex -17 5 -3.35
    endloop
  endfacet
  facet normal -0.995193 -0.097938 0
    outer loop
      vertex -17 5 3.35
      vertex -16.9808 4.8049 -3.35
      vertex -16.9808 4.8049 3.35
    endloop
  endfacet
  facet normal -0.995192 0.0979479 0
    outer loop
      vertex -17 5 -3.35
      vertex -16.9808 5.19508 3.35
      vertex -16.9808 5.19508 -3.35
    endloop
  endfacet
  facet normal -0.995192 0.0979479 0
    outer loop
      vertex -16.9808 5.19508 3.35
      vertex -17 5 -3.35
      vertex -17 5 3.35
    endloop
  endfacet
  facet normal -0.956951 0.290248 0
    outer loop
      vertex -16.9808 5.19508 -3.35
      vertex -16.9239 5.38268 3.35
      vertex -16.9239 5.38268 -3.35
    endloop
  endfacet
  facet normal -0.956951 0.290248 0
    outer loop
      vertex -16.9239 5.38268 3.35
      vertex -16.9808 5.19508 -3.35
      vertex -16.9808 5.19508 3.35
    endloop
  endfacet
  facet normal -0.881935 0.471372 0
    outer loop
      vertex -16.9239 5.38268 -3.35
      vertex -16.8315 5.55556 3.35
      vertex -16.8315 5.55556 -3.35
    endloop
  endfacet
  facet normal -0.881935 0.471372 0
    outer loop
      vertex -16.8315 5.55556 3.35
      vertex -16.9239 5.38268 -3.35
      vertex -16.9239 5.38268 3.35
    endloop
  endfacet
  facet normal -0.772904 0.634523 0
    outer loop
      vertex -16.8315 5.55556 -3.35
      vertex -16.7071 5.70709 3.35
      vertex -16.7071 5.70709 -3.35
    endloop
  endfacet
  facet normal -0.772904 0.634523 0
    outer loop
      vertex -16.7071 5.70709 3.35
      vertex -16.8315 5.55556 -3.35
      vertex -16.8315 5.55556 3.35
    endloop
  endfacet
  facet normal -0.634537 0.772892 0
    outer loop
      vertex -16.5556 5.83147 -3.35
      vertex -16.7071 5.70709 3.35
      vertex -16.5556 5.83147 3.35
    endloop
  endfacet
  facet normal -0.634537 0.772892 0
    outer loop
      vertex -16.7071 5.70709 3.35
      vertex -16.5556 5.83147 -3.35
      vertex -16.7071 5.70709 -3.35
    endloop
  endfacet
  facet normal -0.471329 0.881957 0
    outer loop
      vertex -16.3827 5.92387 -3.35
      vertex -16.5556 5.83147 3.35
      vertex -16.3827 5.92387 3.35
    endloop
  endfacet
  facet normal -0.471329 0.881957 0
    outer loop
      vertex -16.5556 5.83147 3.35
      vertex -16.3827 5.92387 -3.35
      vertex -16.5556 5.83147 -3.35
    endloop
  endfacet
  facet normal -0.290248 0.956951 0
    outer loop
      vertex -16.1951 5.98077 -3.35
      vertex -16.3827 5.92387 3.35
      vertex -16.1951 5.98077 3.35
    endloop
  endfacet
  facet normal -0.290248 0.956951 0
    outer loop
      vertex -16.3827 5.92387 3.35
      vertex -16.1951 5.98077 -3.35
      vertex -16.3827 5.92387 -3.35
    endloop
  endfacet
  facet normal -0.0980895 0.995178 0
    outer loop
      vertex -16 6 -3.35
      vertex -16.1951 5.98077 3.35
      vertex -16 6 3.35
    endloop
  endfacet
  facet normal -0.0980895 0.995178 0
    outer loop
      vertex -16.1951 5.98077 3.35
      vertex -16 6 -3.35
      vertex -16.1951 5.98077 -3.35
    endloop
  endfacet
  facet normal 0 1 -0
    outer loop
      vertex -4 6 -3.35
      vertex -16 6 3.35
      vertex -4 6 3.35
    endloop
  endfacet
  facet normal 0 1 0
    outer loop
      vertex -16 6 3.35
      vertex -4 6 -3.35
      vertex -16 6 -3.35
    endloop
  endfacet
  facet normal 0.0980995 0.995177 -0
    outer loop
      vertex -3.80492 5.98077 -3.35
      vertex -4 6 3.35
      vertex -3.80492 5.98077 3.35
    endloop
  endfacet
  facet normal 0.0980995 0.995177 0
    outer loop
      vertex -4 6 3.35
      vertex -3.80492 5.98077 -3.35
      vertex -4 6 -3.35
    endloop
  endfacet
  facet normal 0.290248 0.956951 -0
    outer loop
      vertex -3.61732 5.92387 -3.35
      vertex -3.80492 5.98077 3.35
      vertex -3.61732 5.92387 3.35
    endloop
  endfacet
  facet normal 0.290248 0.956951 0
    outer loop
      vertex -3.80492 5.98077 3.35
      vertex -3.61732 5.92387 -3.35
      vertex -3.80492 5.98077 -3.35
    endloop
  endfacet
  facet normal 0.471372 0.881935 -0
    outer loop
      vertex -3.44444 5.83147 -3.35
      vertex -3.61732 5.92387 3.35
      vertex -3.44444 5.83147 3.35
    endloop
  endfacet
  facet normal 0.471372 0.881935 0
    outer loop
      vertex -3.61732 5.92387 3.35
      vertex -3.44444 5.83147 -3.35
      vertex -3.61732 5.92387 -3.35
    endloop
  endfacet
  facet normal 0.634462 0.772954 -0
    outer loop
      vertex -3.29291 5.70709 -3.35
      vertex -3.44444 5.83147 3.35
      vertex -3.29291 5.70709 3.35
    endloop
  endfacet
  facet normal 0.634462 0.772954 0
    outer loop
      vertex -3.44444 5.83147 3.35
      vertex -3.29291 5.70709 -3.35
      vertex -3.44444 5.83147 -3.35
    endloop
  endfacet
  facet normal 0.772954 0.634462 0
    outer loop
      vertex -3.16853 5.55556 3.35
      vertex -3.29291 5.70709 -3.35
      vertex -3.29291 5.70709 3.35
    endloop
  endfacet
  facet normal 0.772954 0.634462 0
    outer loop
      vertex -3.29291 5.70709 -3.35
      vertex -3.16853 5.55556 3.35
      vertex -3.16853 5.55556 -3.35
    endloop
  endfacet
  facet normal 0.881935 0.471372 0
    outer loop
      vertex -3.07613 5.38268 3.35
      vertex -3.16853 5.55556 -3.35
      vertex -3.16853 5.55556 3.35
    endloop
  endfacet
  facet normal 0.881935 0.471372 0
    outer loop
      vertex -3.16853 5.55556 -3.35
      vertex -3.07613 5.38268 3.35
      vertex -3.07613 5.38268 -3.35
    endloop
  endfacet
  facet normal 0.956951 0.290248 0
    outer loop
      vertex -3.01923 5.19508 3.35
      vertex -3.07613 5.38268 -3.35
      vertex -3.07613 5.38268 3.35
    endloop
  endfacet
  facet normal 0.956951 0.290248 0
    outer loop
      vertex -3.07613 5.38268 -3.35
      vertex -3.01923 5.19508 3.35
      vertex -3.01923 5.19508 -3.35
    endloop
  endfacet
  facet normal 0.995177 0.0980995 0
    outer loop
      vertex -3 5 3.35
      vertex -3.01923 5.19508 -3.35
      vertex -3.01923 5.19508 3.35
    endloop
  endfacet
  facet normal 0.995177 0.0980995 0
    outer loop
      vertex -3.01923 5.19508 -3.35
      vertex -3 5 3.35
      vertex -3 5 -3.35
    endloop
  endfacet
  facet normal 0.995178 -0.0980895 0
    outer loop
      vertex -3.01923 4.8049 3.35
      vertex -3 5 -3.35
      vertex -3 5 3.35
    endloop
  endfacet
  facet normal 0.995178 -0.0980895 0
    outer loop
      vertex -3 5 -3.35
      vertex -3.01923 4.8049 3.35
      vertex -3.01923 4.8049 -3.35
    endloop
  endfacet
  facet normal 0.956947 -0.290262 0
    outer loop
      vertex -3.07613 4.61731 3.35
      vertex -3.01923 4.8049 -3.35
      vertex -3.01923 4.8049 3.35
    endloop
  endfacet
  facet normal 0.956947 -0.290262 0
    outer loop
      vertex -3.01923 4.8049 -3.35
      vertex -3.07613 4.61731 3.35
      vertex -3.07613 4.61731 -3.35
    endloop
  endfacet
  facet normal 0.881935 -0.471372 0
    outer loop
      vertex -3.16853 4.44443 3.35
      vertex -3.07613 4.61731 -3.35
      vertex -3.07613 4.61731 3.35
    endloop
  endfacet
  facet normal 0.881935 -0.471372 0
    outer loop
      vertex -3.07613 4.61731 -3.35
      vertex -3.16853 4.44443 3.35
      vertex -3.16853 4.44443 -3.35
    endloop
  endfacet
  facet normal 0.772975 -0.634437 0
    outer loop
      vertex -3.29291 4.29289 3.35
      vertex -3.16853 4.44443 -3.35
      vertex -3.16853 4.44443 3.35
    endloop
  endfacet
  facet normal 0.772975 -0.634437 0
    outer loop
      vertex -3.16853 4.44443 -3.35
      vertex -3.29291 4.29289 3.35
      vertex -3.29291 4.29289 -3.35
    endloop
  endfacet
  facet normal 0.634432 -0.772979 0
    outer loop
      vertex -3.44444 4.16852 -3.35
      vertex -3.29291 4.29289 3.35
      vertex -3.44444 4.16852 3.35
    endloop
  endfacet
  facet normal 0.634432 -0.772979 0
    outer loop
      vertex -3.29291 4.29289 3.35
      vertex -3.44444 4.16852 -3.35
      vertex -3.29291 4.29289 -3.35
    endloop
  endfacet
  facet normal 0.471411 -0.881913 0
    outer loop
      vertex -3.61732 4.07611 -3.35
      vertex -3.44444 4.16852 3.35
      vertex -3.61732 4.07611 3.35
    endloop
  endfacet
  facet normal 0.471411 -0.881913 0
    outer loop
      vertex -3.44444 4.16852 3.35
      vertex -3.61732 4.07611 -3.35
      vertex -3.44444 4.16852 -3.35
    endloop
  endfacet
  facet normal 0.290248 -0.956951 0
    outer loop
      vertex -3.80492 4.01921 -3.35
      vertex -3.61732 4.07611 3.35
      vertex -3.80492 4.01921 3.35
    endloop
  endfacet
  facet normal 0.290248 -0.956951 0
    outer loop
      vertex -3.61732 4.07611 3.35
      vertex -3.80492 4.01921 -3.35
      vertex -3.61732 4.07611 -3.35
    endloop
  endfacet
  facet normal 0.0979984 -0.995187 0
    outer loop
      vertex -4 4 -3.35
      vertex -3.80492 4.01921 3.35
      vertex -4 4 3.35
    endloop
  endfacet
  facet normal 0.0979984 -0.995187 0
    outer loop
      vertex -3.80492 4.01921 3.35
      vertex -4 4 -3.35
      vertex -3.80492 4.01921 -3.35
    endloop
  endfacet
  facet normal 0 -1 0
    outer loop
      vertex -8.85001 4 -3.35
      vertex -4 4 3.35
      vertex -8.85001 4 3.35
    endloop
  endfacet
  facet normal 0 -1 -0
    outer loop
      vertex -4 4 3.35
      vertex -8.85001 4 -3.35
      vertex -4 4 -3.35
    endloop
  endfacet
  facet normal 1 -0 0
    outer loop
      vertex -8.85001 -12.15 3.35
      vertex -8.85001 4 -3.35
      vertex -8.85001 4 3.35
    endloop
  endfacet
  facet normal 1 0 0
    outer loop
      vertex -8.85001 4 -3.35
      vertex -8.85001 -12.15 3.35
      vertex -8.85001 -12.15 -3.35
    endloop
  endfacet
  facet normal 0.911356 -0.41162 0
    outer loop
      vertex -9.46878 -13.52 3.35
      vertex -8.85001 -12.15 -3.35
      vertex -8.85001 -12.15 3.35
    endloop
  endfacet
  facet normal 0.911356 -0.41162 0
    outer loop
      vertex -8.85001 -12.15 -3.35
      vertex -9.46878 -13.52 3.35
      vertex -9.46878 -13.52 -3.35
    endloop
  endfacet
  facet normal -0 0 1
    outer loop
      vertex 15 7.1375 3.35
      vertex 17 1.14999 3.35
      vertex 17 7.1375 3.35
    endloop
  endfacet
  facet normal 0 0 1
    outer loop
      vertex 17 1.14999 3.35
      vertex 15 7.1375 3.35
      vertex 17 -1.14999 3.35
    endloop
  endfacet
  facet normal 0 0 1
    outer loop
      vertex 15 7.1375 3.35
      vertex 17 7.1375 3.35
      vertex 16.9808 7.33258 3.35
    endloop
  endfacet
  facet normal 0 0 1
    outer loop
      vertex 15 -7.1375 3.35
      vertex 17 -1.14999 3.35
      vertex 15 7.1375 3.35
    endloop
  endfacet
  facet normal 0 0 1
    outer loop
      vertex 15 7.1375 3.35
      vertex 16.9808 7.33258 3.35
      vertex 16.9239 7.52017 3.35
    endloop
  endfacet
  facet normal 0 0 1
    outer loop
      vertex 17 -1.14999 3.35
      vertex 15 -7.1375 3.35
      vertex 17 -7.1375 3.35
    endloop
  endfacet
  facet normal 0 0 1
    outer loop
      vertex 15 7.1375 3.35
      vertex 16.9239 7.52017 3.35
      vertex 16.8315 7.69307 3.35
    endloop
  endfacet
  facet normal 0 0 1
    outer loop
      vertex 17 -7.1375 3.35
      vertex 15 -7.1375 3.35
      vertex 16.9808 -7.33258 3.35
    endloop
  endfacet
  facet normal 0 0 1
    outer loop
      vertex 15 7.1375 3.35
      vertex 16.8315 7.69307 3.35
      vertex 16.7071 7.8446 3.35
    endloop
  endfacet
  facet normal 0 0 1
    outer loop
      vertex 16.9808 -7.33258 3.35
      vertex 15 -7.1375 3.35
      vertex 16.9239 -7.52017 3.35
    endloop
  endfacet
  facet normal 0 0 1
    outer loop
      vertex 15 7.1375 3.35
      vertex 16.7071 7.8446 3.35
      vertex 16.5556 7.96896 3.35
    endloop
  endfacet
  facet normal 0 0 1
    outer loop
      vertex 16.9239 -7.52017 3.35
      vertex 15 -7.1375 3.35
      vertex 16.8315 -7.69307 3.35
    endloop
  endfacet
  facet normal 0 0 1
    outer loop
      vertex 15 7.1375 3.35
      vertex 16.5556 7.96896 3.35
      vertex 16.3827 8.06137 3.35
    endloop
  endfacet
  facet normal 0 0 1
    outer loop
      vertex 16.8315 -7.69307 3.35
      vertex 15 -7.1375 3.35
      vertex 16.7071 -7.8446 3.35
    endloop
  endfacet
  facet normal 0 0 1
    outer loop
      vertex 15 7.1375 3.35
      vertex 16.3827 8.06137 3.35
      vertex 16.1951 8.11827 3.35
    endloop
  endfacet
  facet normal 0 0 1
    outer loop
      vertex 16.7071 -7.8446 3.35
      vertex 15 -7.1375 3.35
      vertex 16.5556 -7.96896 3.35
    endloop
  endfacet
  facet normal 0 0 1
    outer loop
      vertex 15 7.1375 3.35
      vertex 16.1951 8.11827 3.35
      vertex 16 8.1375 3.35
    endloop
  endfacet
  facet normal 0 0 1
    outer loop
      vertex 16.5556 -7.96896 3.35
      vertex 15 -7.1375 3.35
      vertex 16.3827 -8.06137 3.35
    endloop
  endfacet
  facet normal 0 0 1
    outer loop
      vertex 15 7.1375 3.35
      vertex 16 8.1375 3.35
      vertex 15.8049 8.11827 3.35
    endloop
  endfacet
  facet normal 0 0 1
    outer loop
      vertex 16.3827 -8.06137 3.35
      vertex 15 -7.1375 3.35
      vertex 16.1951 -8.11827 3.35
    endloop
  endfacet
  facet normal 0 0 1
    outer loop
      vertex 15 7.1375 3.35
      vertex 15.8049 8.11827 3.35
      vertex 15.6173 8.06137 3.35
    endloop
  endfacet
  facet normal 0 0 1
    outer loop
      vertex 16.1951 -8.11827 3.35
      vertex 15 -7.1375 3.35
      vertex 16 -8.1375 3.35
    endloop
  endfacet
  facet normal 0 0 1
    outer loop
      vertex 15 7.1375 3.35
      vertex 15.6173 8.06137 3.35
      vertex 15.4444 7.96896 3.35
    endloop
  endfacet
  facet normal 0 0 1
    outer loop
      vertex 16 -8.1375 3.35
      vertex 15 -7.1375 3.35
      vertex 15.8049 -8.11827 3.35
    endloop
  endfacet
  facet normal 0 0 1
    outer loop
      vertex 15 7.1375 3.35
      vertex 15.4444 7.96896 3.35
      vertex 15.2929 7.8446 3.35
    endloop
  endfacet
  facet normal 0 0 1
    outer loop
      vertex 15.8049 -8.11827 3.35
      vertex 15 -7.1375 3.35
      vertex 15.6173 -8.06137 3.35
    endloop
  endfacet
  facet normal 0 0 1
    outer loop
      vertex 15 7.1375 3.35
      vertex 15.2929 7.8446 3.35
      vertex 15.1685 7.69307 3.35
    endloop
  endfacet
  facet normal 0 0 1
    outer loop
      vertex 15.6173 -8.06137 3.35
      vertex 15 -7.1375 3.35
      vertex 15.4444 -7.96896 3.35
    endloop
  endfacet
  facet normal 0 0 1
    outer loop
      vertex 15 7.1375 3.35
      vertex 15.1685 7.69307 3.35
      vertex 15.0761 7.52017 3.35
    endloop
  endfacet
  facet normal 0 0 1
    outer loop
      vertex 15.4444 -7.96896 3.35
      vertex 15 -7.1375 3.35
      vertex 15.2929 -7.8446 3.35
    endloop
  endfacet
  facet normal 0 0 1
    outer loop
      vertex 15 7.1375 3.35
      vertex 15.0761 7.52017 3.35
      vertex 15.0192 7.33258 3.35
    endloop
  endfacet
  facet normal 0 0 1
    outer loop
      vertex 15.2929 -7.8446 3.35
      vertex 15 -7.1375 3.35
      vertex 15.1685 -7.69307 3.35
    endloop
  endfacet
  facet normal 0 0 1
    outer loop
      vertex 15.1685 -7.69307 3.35
      vertex 15 -7.1375 3.35
      vertex 15.0761 -7.52017 3.35
    endloop
  endfacet
  facet normal 0 0 1
    outer loop
      vertex 15.0761 -7.52017 3.35
      vertex 15 -7.1375 3.35
      vertex 15.0192 -7.33258 3.35
    endloop
  endfacet
  facet normal 0 0 1
    outer loop
      vertex 19.8639 0.112167 3.35
      vertex 19.8639 -0.112167 3.35
      vertex 19.875 0 3.35
    endloop
  endfacet
  facet normal 0 0 1
    outer loop
      vertex 19.8312 0.220032 3.35
      vertex 19.8639 -0.112167 3.35
      vertex 19.8639 0.112167 3.35
    endloop
  endfacet
  facet normal 0 0 1
    outer loop
      vertex 19.8312 0.220032 3.35
      vertex 19.8312 -0.220032 3.35
      vertex 19.8639 -0.112167 3.35
    endloop
  endfacet
  facet normal 0 0 1
    outer loop
      vertex 19.7781 0.319443 3.35
      vertex 19.8312 -0.220032 3.35
      vertex 19.8312 0.220032 3.35
    endloop
  endfacet
  facet normal 0 0 1
    outer loop
      vertex 19.7781 0.319443 3.35
      vertex 19.7781 -0.319443 3.35
      vertex 19.8312 -0.220032 3.35
    endloop
  endfacet
  facet normal 0 0 1
    outer loop
      vertex 19.7066 0.406586 3.35
      vertex 19.7781 -0.319443 3.35
      vertex 19.7781 0.319443 3.35
    endloop
  endfacet
  facet normal 0 0 1
    outer loop
      vertex 19.7066 0.406586 3.35
      vertex 19.7066 -0.406586 3.35
      vertex 19.7781 -0.319443 3.35
    endloop
  endfacet
  facet normal 0 0 1
    outer loop
      vertex 19.6194 0.478088 3.35
      vertex 19.7066 -0.406586 3.35
      vertex 19.7066 0.406586 3.35
    endloop
  endfacet
  facet normal 0 0 1
    outer loop
      vertex 19.6194 0.478088 3.35
      vertex 19.6194 -0.478088 3.35
      vertex 19.7066 -0.406586 3.35
    endloop
  endfacet
  facet normal 0 0 1
    outer loop
      vertex 19.52 0.531219 3.35
      vertex 19.6194 -0.478088 3.35
      vertex 19.6194 0.478088 3.35
    endloop
  endfacet
  facet normal 0 0 1
    outer loop
      vertex 19.52 0.531219 3.35
      vertex 19.52 -0.531219 3.35
      vertex 19.6194 -0.478088 3.35
    endloop
  endfacet
  facet normal 0 0 1
    outer loop
      vertex 18.15 1.14999 3.35
      vertex 19.52 -0.531219 3.35
      vertex 19.52 0.531219 3.35
    endloop
  endfacet
  facet normal 0 0 1
    outer loop
      vertex 18.15 1.14999 3.35
      vertex 18.15 -1.14999 3.35
      vertex 19.52 -0.531219 3.35
    endloop
  endfacet
  facet normal -0 0 1
    outer loop
      vertex 17 1.14999 3.35
      vertex 18.15 -1.14999 3.35
      vertex 18.15 1.14999 3.35
    endloop
  endfacet
  facet normal 0 0 1
    outer loop
      vertex 18.15 -1.14999 3.35
      vertex 17 1.14999 3.35
      vertex 17 -1.14999 3.35
    endloop
  endfacet
  facet normal 0 0 -1
    outer loop
      vertex 15 -7.1375 -3.35
      vertex 17 -1.14999 -3.35
      vertex 17 -7.1375 -3.35
    endloop
  endfacet
  facet normal -0 0 -1
    outer loop
      vertex 17 -1.14999 -3.35
      vertex 15 -7.1375 -3.35
      vertex 17 1.14999 -3.35
    endloop
  endfacet
  facet normal 0 0 -1
    outer loop
      vertex 15 -7.1375 -3.35
      vertex 17 -7.1375 -3.35
      vertex 16.9808 -7.33258 -3.35
    endloop
  endfacet
  facet normal 0 0 -1
    outer loop
      vertex 15 7.1375 -3.35
      vertex 17 1.14999 -3.35
      vertex 15 -7.1375 -3.35
    endloop
  endfacet
  facet normal 0 0 -1
    outer loop
      vertex 15 -7.1375 -3.35
      vertex 16.9808 -7.33258 -3.35
      vertex 16.9239 -7.52017 -3.35
    endloop
  endfacet
  facet normal 0 0 -1
    outer loop
      vertex 17 1.14999 -3.35
      vertex 15 7.1375 -3.35
      vertex 17 7.1375 -3.35
    endloop
  endfacet
  facet normal 0 0 -1
    outer loop
      vertex 15 -7.1375 -3.35
      vertex 16.9239 -7.52017 -3.35
      vertex 16.8315 -7.69307 -3.35
    endloop
  endfacet
  facet normal 0 0 -1
    outer loop
      vertex 17 7.1375 -3.35
      vertex 15 7.1375 -3.35
      vertex 16.9808 7.33258 -3.35
    endloop
  endfacet
  facet normal 0 0 -1
    outer loop
      vertex 15 -7.1375 -3.35
      vertex 16.8315 -7.69307 -3.35
      vertex 16.7071 -7.8446 -3.35
    endloop
  endfacet
  facet normal -0 0 -1
    outer loop
      vertex 16.9808 7.33258 -3.35
      vertex 15 7.1375 -3.35
      vertex 16.9239 7.52017 -3.35
    endloop
  endfacet
  facet normal 0 0 -1
    outer loop
      vertex 15 -7.1375 -3.35
      vertex 16.7071 -7.8446 -3.35
      vertex 16.5556 -7.96896 -3.35
    endloop
  endfacet
  facet normal -0 0 -1
    outer loop
      vertex 16.9239 7.52017 -3.35
      vertex 15 7.1375 -3.35
      vertex 16.8315 7.69307 -3.35
    endloop
  endfacet
  facet normal 0 0 -1
    outer loop
      vertex 15 -7.1375 -3.35
      vertex 16.5556 -7.96896 -3.35
      vertex 16.3827 -8.06137 -3.35
    endloop
  endfacet
  facet normal -0 0 -1
    outer loop
      vertex 16.8315 7.69307 -3.35
      vertex 15 7.1375 -3.35
      vertex 16.7071 7.8446 -3.35
    endloop
  endfacet
  facet normal 0 0 -1
    outer loop
      vertex 15 -7.1375 -3.35
      vertex 16.3827 -8.06137 -3.35
      vertex 16.1951 -8.11827 -3.35
    endloop
  endfacet
  facet normal -0 0 -1
    outer loop
      vertex 16.7071 7.8446 -3.35
      vertex 15 7.1375 -3.35
      vertex 16.5556 7.96896 -3.35
    endloop
  endfacet
  facet normal 0 0 -1
    outer loop
      vertex 15 -7.1375 -3.35
      vertex 16.1951 -8.11827 -3.35
      vertex 16 -8.1375 -3.35
    endloop
  endfacet
  facet normal -0 0 -1
    outer loop
      vertex 16.5556 7.96896 -3.35
      vertex 15 7.1375 -3.35
      vertex 16.3827 8.06137 -3.35
    endloop
  endfacet
  facet normal 0 0 -1
    outer loop
      vertex 15 -7.1375 -3.35
      vertex 16 -8.1375 -3.35
      vertex 15.8049 -8.11827 -3.35
    endloop
  endfacet
  facet normal -0 0 -1
    outer loop
      vertex 16.3827 8.06137 -3.35
      vertex 15 7.1375 -3.35
      vertex 16.1951 8.11827 -3.35
    endloop
  endfacet
  facet normal 0 0 -1
    outer loop
      vertex 15 -7.1375 -3.35
      vertex 15.8049 -8.11827 -3.35
      vertex 15.6173 -8.06137 -3.35
    endloop
  endfacet
  facet normal -0 0 -1
    outer loop
      vertex 16.1951 8.11827 -3.35
      vertex 15 7.1375 -3.35
      vertex 16 8.1375 -3.35
    endloop
  endfacet
  facet normal 0 0 -1
    outer loop
      vertex 15 -7.1375 -3.35
      vertex 15.6173 -8.06137 -3.35
      vertex 15.4444 -7.96896 -3.35
    endloop
  endfacet
  facet normal 0 0 -1
    outer loop
      vertex 16 8.1375 -3.35
      vertex 15 7.1375 -3.35
      vertex 15.8049 8.11827 -3.35
    endloop
  endfacet
  facet normal 0 0 -1
    outer loop
      vertex 15 -7.1375 -3.35
      vertex 15.4444 -7.96896 -3.35
      vertex 15.2929 -7.8446 -3.35
    endloop
  endfacet
  facet normal 0 0 -1
    outer loop
      vertex 15.8049 8.11827 -3.35
      vertex 15 7.1375 -3.35
      vertex 15.6173 8.06137 -3.35
    endloop
  endfacet
  facet normal 0 0 -1
    outer loop
      vertex 15 -7.1375 -3.35
      vertex 15.2929 -7.8446 -3.35
      vertex 15.1685 -7.69307 -3.35
    endloop
  endfacet
  facet normal 0 0 -1
    outer loop
      vertex 15.6173 8.06137 -3.35
      vertex 15 7.1375 -3.35
      vertex 15.4444 7.96896 -3.35
    endloop
  endfacet
  facet normal 0 0 -1
    outer loop
      vertex 15 -7.1375 -3.35
      vertex 15.1685 -7.69307 -3.35
      vertex 15.0761 -7.52017 -3.35
    endloop
  endfacet
  facet normal 0 0 -1
    outer loop
      vertex 15.4444 7.96896 -3.35
      vertex 15 7.1375 -3.35
      vertex 15.2929 7.8446 -3.35
    endloop
  endfacet
  facet normal 0 0 -1
    outer loop
      vertex 15 -7.1375 -3.35
      vertex 15.0761 -7.52017 -3.35
      vertex 15.0192 -7.33258 -3.35
    endloop
  endfacet
  facet normal 0 0 -1
    outer loop
      vertex 15.2929 7.8446 -3.35
      vertex 15 7.1375 -3.35
      vertex 15.1685 7.69307 -3.35
    endloop
  endfacet
  facet normal 0 0 -1
    outer loop
      vertex 15.1685 7.69307 -3.35
      vertex 15 7.1375 -3.35
      vertex 15.0761 7.52017 -3.35
    endloop
  endfacet
  facet normal 0 0 -1
    outer loop
      vertex 15.0761 7.52017 -3.35
      vertex 15 7.1375 -3.35
      vertex 15.0192 7.33258 -3.35
    endloop
  endfacet
  facet normal 0 0 -1
    outer loop
      vertex 19.8639 -0.112167 -3.35
      vertex 19.8639 0.112167 -3.35
      vertex 19.875 0 -3.35
    endloop
  endfacet
  facet normal 0 0 -1
    outer loop
      vertex 19.8312 -0.220032 -3.35
      vertex 19.8639 0.112167 -3.35
      vertex 19.8639 -0.112167 -3.35
    endloop
  endfacet
  facet normal 0 0 -1
    outer loop
      vertex 19.8312 -0.220032 -3.35
      vertex 19.8312 0.220032 -3.35
      vertex 19.8639 0.112167 -3.35
    endloop
  endfacet
  facet normal 0 0 -1
    outer loop
      vertex 19.7781 -0.319443 -3.35
      vertex 19.8312 0.220032 -3.35
      vertex 19.8312 -0.220032 -3.35
    endloop
  endfacet
  facet normal 0 0 -1
    outer loop
      vertex 19.7781 -0.319443 -3.35
      vertex 19.7781 0.319443 -3.35
      vertex 19.8312 0.220032 -3.35
    endloop
  endfacet
  facet normal 0 0 -1
    outer loop
      vertex 19.7066 -0.406586 -3.35
      vertex 19.7781 0.319443 -3.35
      vertex 19.7781 -0.319443 -3.35
    endloop
  endfacet
  facet normal 0 0 -1
    outer loop
      vertex 19.7066 -0.406586 -3.35
      vertex 19.7066 0.406586 -3.35
      vertex 19.7781 0.319443 -3.35
    endloop
  endfacet
  facet normal 0 0 -1
    outer loop
      vertex 19.6194 -0.478088 -3.35
      vertex 19.7066 0.406586 -3.35
      vertex 19.7066 -0.406586 -3.35
    endloop
  endfacet
  facet normal 0 0 -1
    outer loop
      vertex 19.6194 -0.478088 -3.35
      vertex 19.6194 0.478088 -3.35
      vertex 19.7066 0.406586 -3.35
    endloop
  endfacet
  facet normal 0 0 -1
    outer loop
      vertex 19.52 -0.531219 -3.35
      vertex 19.6194 0.478088 -3.35
      vertex 19.6194 -0.478088 -3.35
    endloop
  endfacet
  facet normal 0 0 -1
    outer loop
      vertex 19.52 -0.531219 -3.35
      vertex 19.52 0.531219 -3.35
      vertex 19.6194 0.478088 -3.35
    endloop
  endfacet
  facet normal 0 0 -1
    outer loop
      vertex 18.15 -1.14999 -3.35
      vertex 19.52 0.531219 -3.35
      vertex 19.52 -0.531219 -3.35
    endloop
  endfacet
  facet normal 0 0 -1
    outer loop
      vertex 18.15 -1.14999 -3.35
      vertex 18.15 1.14999 -3.35
      vertex 19.52 0.531219 -3.35
    endloop
  endfacet
  facet normal 0 0 -1
    outer loop
      vertex 17 -1.14999 -3.35
      vertex 18.15 1.14999 -3.35
      vertex 18.15 -1.14999 -3.35
    endloop
  endfacet
  facet normal -0 0 -1
    outer loop
      vertex 18.15 1.14999 -3.35
      vertex 17 -1.14999 -3.35
      vertex 17 1.14999 -3.35
    endloop
  endfacet
  facet normal -0.956947 0.290262 0
    outer loop
      vertex 15.0192 7.33258 -3.35
      vertex 15.0761 7.52017 3.35
      vertex 15.0761 7.52017 -3.35
    endloop
  endfacet
  facet normal -0.956947 0.290262 0
    outer loop
      vertex 15.0761 7.52017 3.35
      vertex 15.0192 7.33258 -3.35
      vertex 15.0192 7.33258 3.35
    endloop
  endfacet
  facet normal -0.881957 0.471329 0
    outer loop
      vertex 15.0761 7.52017 -3.35
      vertex 15.1685 7.69307 3.35
      vertex 15.1685 7.69307 -3.35
    endloop
  endfacet
  facet normal -0.881957 0.471329 0
    outer loop
      vertex 15.1685 7.69307 3.35
      vertex 15.0761 7.52017 -3.35
      vertex 15.0761 7.52017 3.35
    endloop
  endfacet
  facet normal -0.772904 0.634523 0
    outer loop
      vertex 15.1685 7.69307 -3.35
      vertex 15.2929 7.8446 3.35
      vertex 15.2929 7.8446 -3.35
    endloop
  endfacet
  facet normal -0.772904 0.634523 0
    outer loop
      vertex 15.2929 7.8446 3.35
      vertex 15.1685 7.69307 -3.35
      vertex 15.1685 7.69307 3.35
    endloop
  endfacet
  facet normal -0.634476 0.772942 0
    outer loop
      vertex 15.4444 7.96896 -3.35
      vertex 15.2929 7.8446 3.35
      vertex 15.4444 7.96896 3.35
    endloop
  endfacet
  facet normal -0.634476 0.772942 0
    outer loop
      vertex 15.2929 7.8446 3.35
      vertex 15.4444 7.96896 -3.35
      vertex 15.2929 7.8446 -3.35
    endloop
  endfacet
  facet normal -0.471369 0.881936 0
    outer loop
      vertex 15.6173 8.06137 -3.35
      vertex 15.4444 7.96896 3.35
      vertex 15.6173 8.06137 3.35
    endloop
  endfacet
  facet normal -0.471369 0.881936 0
    outer loop
      vertex 15.4444 7.96896 3.35
      vertex 15.6173 8.06137 -3.35
      vertex 15.4444 7.96896 -3.35
    endloop
  endfacet
  facet normal -0.290248 0.956951 0
    outer loop
      vertex 15.8049 8.11827 -3.35
      vertex 15.6173 8.06137 3.35
      vertex 15.8049 8.11827 3.35
    endloop
  endfacet
  facet normal -0.290248 0.956951 0
    outer loop
      vertex 15.6173 8.06137 3.35
      vertex 15.8049 8.11827 -3.35
      vertex 15.6173 8.06137 -3.35
    endloop
  endfacet
  facet normal -0.0980895 0.995178 0
    outer loop
      vertex 16 8.1375 -3.35
      vertex 15.8049 8.11827 3.35
      vertex 16 8.1375 3.35
    endloop
  endfacet
  facet normal -0.0980895 0.995178 0
    outer loop
      vertex 15.8049 8.11827 3.35
      vertex 16 8.1375 -3.35
      vertex 15.8049 8.11827 -3.35
    endloop
  endfacet
  facet normal 0.0980895 0.995178 -0
    outer loop
      vertex 16.1951 8.11827 -3.35
      vertex 16 8.1375 3.35
      vertex 16.1951 8.11827 3.35
    endloop
  endfacet
  facet normal 0.0980895 0.995178 0
    outer loop
      vertex 16 8.1375 3.35
      vertex 16.1951 8.11827 -3.35
      vertex 16 8.1375 -3.35
    endloop
  endfacet
  facet normal 0.290248 0.956951 -0
    outer loop
      vertex 16.3827 8.06137 -3.35
      vertex 16.1951 8.11827 3.35
      vertex 16.3827 8.06137 3.35
    endloop
  endfacet
  facet normal 0.290248 0.956951 0
    outer loop
      vertex 16.1951 8.11827 3.35
      vertex 16.3827 8.06137 -3.35
      vertex 16.1951 8.11827 -3.35
    endloop
  endfacet
  facet normal 0.471369 0.881936 -0
    outer loop
      vertex 16.5556 7.96896 -3.35
      vertex 16.3827 8.06137 3.35
      vertex 16.5556 7.96896 3.35
    endloop
  endfacet
  facet normal 0.471369 0.881936 0
    outer loop
      vertex 16.3827 8.06137 3.35
      vertex 16.5556 7.96896 -3.35
      vertex 16.3827 8.06137 -3.35
    endloop
  endfacet
  facet normal 0.634476 0.772942 -0
    outer loop
      vertex 16.7071 7.8446 -3.35
      vertex 16.5556 7.96896 3.35
      vertex 16.7071 7.8446 3.35
    endloop
  endfacet
  facet normal 0.634476 0.772942 0
    outer loop
      vertex 16.5556 7.96896 3.35
      vertex 16.7071 7.8446 -3.35
      vertex 16.5556 7.96896 -3.35
    endloop
  endfacet
  facet normal 0.772904 0.634523 0
    outer loop
      vertex 16.8315 7.69307 3.35
      vertex 16.7071 7.8446 -3.35
      vertex 16.7071 7.8446 3.35
    endloop
  endfacet
  facet normal 0.772904 0.634523 0
    outer loop
      vertex 16.7071 7.8446 -3.35
      vertex 16.8315 7.69307 3.35
      vertex 16.8315 7.69307 -3.35
    endloop
  endfacet
  facet normal 0.881957 0.471329 0
    outer loop
      vertex 16.9239 7.52017 3.35
      vertex 16.8315 7.69307 -3.35
      vertex 16.8315 7.69307 3.35
    endloop
  endfacet
  facet normal 0.881957 0.471329 0
    outer loop
      vertex 16.8315 7.69307 -3.35
      vertex 16.9239 7.52017 3.35
      vertex 16.9239 7.52017 -3.35
    endloop
  endfacet
  facet normal 0.956947 0.290262 0
    outer loop
      vertex 16.9808 7.33258 3.35
      vertex 16.9239 7.52017 -3.35
      vertex 16.9239 7.52017 3.35
    endloop
  endfacet
  facet normal 0.956947 0.290262 0
    outer loop
      vertex 16.9239 7.52017 -3.35
      vertex 16.9808 7.33258 3.35
      vertex 16.9808 7.33258 -3.35
    endloop
  endfacet
  facet normal 0.995192 0.0979479 0
    outer loop
      vertex 17 7.1375 3.35
      vertex 16.9808 7.33258 -3.35
      vertex 16.9808 7.33258 3.35
    endloop
  endfacet
  facet normal 0.995192 0.0979479 0
    outer loop
      vertex 16.9808 7.33258 -3.35
      vertex 17 7.1375 3.35
      vertex 17 7.1375 -3.35
    endloop
  endfacet
  facet normal 1 -0 0
    outer loop
      vertex 17 1.14999 3.35
      vertex 17 7.1375 -3.35
      vertex 17 7.1375 3.35
    endloop
  endfacet
  facet normal 1 0 0
    outer loop
      vertex 17 7.1375 -3.35
      vertex 17 1.14999 3.35
      vertex 17 1.14999 -3.35
    endloop
  endfacet
  facet normal 0 1 -0
    outer loop
      vertex 18.15 1.14999 -3.35
      vertex 17 1.14999 3.35
      vertex 18.15 1.14999 3.35
    endloop
  endfacet
  facet normal 0 1 0
    outer loop
      vertex 17 1.14999 3.35
      vertex 18.15 1.14999 -3.35
      vertex 17 1.14999 -3.35
    endloop
  endfacet
  facet normal 0.411621 0.911355 -0
    outer loop
      vertex 19.52 0.531219 -3.35
      vertex 18.15 1.14999 3.35
      vertex 19.52 0.531219 3.35
    endloop
  endfacet
  facet normal 0.411621 0.911355 0
    outer loop
      vertex 18.15 1.14999 3.35
      vertex 19.52 0.531219 -3.35
      vertex 18.15 1.14999 -3.35
    endloop
  endfacet
  facet normal 0.471401 0.881919 -0
    outer loop
      vertex 19.6194 0.478088 -3.35
      vertex 19.52 0.531219 3.35
      vertex 19.6194 0.478088 3.35
    endloop
  endfacet
  facet normal 0.471401 0.881919 0
    outer loop
      vertex 19.52 0.531219 3.35
      vertex 19.6194 0.478088 -3.35
      vertex 19.52 0.531219 -3.35
    endloop
  endfacet
  facet normal 0.634069 0.773276 -0
    outer loop
      vertex 19.7066 0.406586 -3.35
      vertex 19.6194 0.478088 3.35
      vertex 19.7066 0.406586 3.35
    endloop
  endfacet
  facet normal 0.634069 0.773276 0
    outer loop
      vertex 19.6194 0.478088 3.35
      vertex 19.7066 0.406586 -3.35
      vertex 19.6194 0.478088 -3.35
    endloop
  endfacet
  facet normal 0.773082 0.634306 0
    outer loop
      vertex 19.7781 0.319443 3.35
      vertex 19.7066 0.406586 -3.35
      vertex 19.7066 0.406586 3.35
    endloop
  endfacet
  facet normal 0.773082 0.634306 0
    outer loop
      vertex 19.7066 0.406586 -3.35
      vertex 19.7781 0.319443 3.35
      vertex 19.7781 0.319443 -3.35
    endloop
  endfacet
  facet normal 0.882055 0.471146 0
    outer loop
      vertex 19.8312 0.220032 3.35
      vertex 19.7781 0.319443 -3.35
      vertex 19.7781 0.319443 3.35
    endloop
  endfacet
  facet normal 0.882055 0.471146 0
    outer loop
      vertex 19.7781 0.319443 -3.35
      vertex 19.8312 0.220032 3.35
      vertex 19.8312 0.220032 -3.35
    endloop
  endfacet
  facet normal 0.956991 0.290118 0
    outer loop
      vertex 19.8639 0.112167 3.35
      vertex 19.8312 0.220032 -3.35
      vertex 19.8312 0.220032 3.35
    endloop
  endfacet
  facet normal 0.956991 0.290118 0
    outer loop
      vertex 19.8312 0.220032 -3.35
      vertex 19.8639 0.112167 3.35
      vertex 19.8639 0.112167 -3.35
    endloop
  endfacet
  facet normal 0.995139 0.0984786 0
    outer loop
      vertex 19.875 0 3.35
      vertex 19.8639 0.112167 -3.35
      vertex 19.8639 0.112167 3.35
    endloop
  endfacet
  facet normal 0.995139 0.0984786 0
    outer loop
      vertex 19.8639 0.112167 -3.35
      vertex 19.875 0 3.35
      vertex 19.875 0 -3.35
    endloop
  endfacet
  facet normal 0.995139 -0.0984786 0
    outer loop
      vertex 19.8639 -0.112167 3.35
      vertex 19.875 0 -3.35
      vertex 19.875 0 3.35
    endloop
  endfacet
  facet normal 0.995139 -0.0984786 0
    outer loop
      vertex 19.875 0 -3.35
      vertex 19.8639 -0.112167 3.35
      vertex 19.8639 -0.112167 -3.35
    endloop
  endfacet
  facet normal 0.956991 -0.290118 0
    outer loop
      vertex 19.8312 -0.220032 3.35
      vertex 19.8639 -0.112167 -3.35
      vertex 19.8639 -0.112167 3.35
    endloop
  endfacet
  facet normal 0.956991 -0.290118 0
    outer loop
      vertex 19.8639 -0.112167 -3.35
      vertex 19.8312 -0.220032 3.35
      vertex 19.8312 -0.220032 -3.35
    endloop
  endfacet
  facet normal 0.882055 -0.471146 0
    outer loop
      vertex 19.7781 -0.319443 3.35
      vertex 19.8312 -0.220032 -3.35
      vertex 19.8312 -0.220032 3.35
    endloop
  endfacet
  facet normal 0.882055 -0.471146 0
    outer loop
      vertex 19.8312 -0.220032 -3.35
      vertex 19.7781 -0.319443 3.35
      vertex 19.7781 -0.319443 -3.35
    endloop
  endfacet
  facet normal 0.773082 -0.634306 0
    outer loop
      vertex 19.7066 -0.406586 3.35
      vertex 19.7781 -0.319443 -3.35
      vertex 19.7781 -0.319443 3.35
    endloop
  endfacet
  facet normal 0.773082 -0.634306 0
    outer loop
      vertex 19.7781 -0.319443 -3.35
      vertex 19.7066 -0.406586 3.35
      vertex 19.7066 -0.406586 -3.35
    endloop
  endfacet
  facet normal 0.634069 -0.773276 0
    outer loop
      vertex 19.6194 -0.478088 -3.35
      vertex 19.7066 -0.406586 3.35
      vertex 19.6194 -0.478088 3.35
    endloop
  endfacet
  facet normal 0.634069 -0.773276 0
    outer loop
      vertex 19.7066 -0.406586 3.35
      vertex 19.6194 -0.478088 -3.35
      vertex 19.7066 -0.406586 -3.35
    endloop
  endfacet
  facet normal 0.471401 -0.881919 0
    outer loop
      vertex 19.52 -0.531219 -3.35
      vertex 19.6194 -0.478088 3.35
      vertex 19.52 -0.531219 3.35
    endloop
  endfacet
  facet normal 0.471401 -0.881919 0
    outer loop
      vertex 19.6194 -0.478088 3.35
      vertex 19.52 -0.531219 -3.35
      vertex 19.6194 -0.478088 -3.35
    endloop
  endfacet
  facet normal 0.411621 -0.911355 0
    outer loop
      vertex 18.15 -1.14999 -3.35
      vertex 19.52 -0.531219 3.35
      vertex 18.15 -1.14999 3.35
    endloop
  endfacet
  facet normal 0.411621 -0.911355 0
    outer loop
      vertex 19.52 -0.531219 3.35
      vertex 18.15 -1.14999 -3.35
      vertex 19.52 -0.531219 -3.35
    endloop
  endfacet
  facet normal 0 -1 0
    outer loop
      vertex 17 -1.14999 -3.35
      vertex 18.15 -1.14999 3.35
      vertex 17 -1.14999 3.35
    endloop
  endfacet
  facet normal 0 -1 -0
    outer loop
      vertex 18.15 -1.14999 3.35
      vertex 17 -1.14999 -3.35
      vertex 18.15 -1.14999 -3.35
    endloop
  endfacet
  facet normal 1 -0 0
    outer loop
      vertex 17 -7.1375 3.35
      vertex 17 -1.14999 -3.35
      vertex 17 -1.14999 3.35
    endloop
  endfacet
  facet normal 1 0 0
    outer loop
      vertex 17 -1.14999 -3.35
      vertex 17 -7.1375 3.35
      vertex 17 -7.1375 -3.35
    endloop
  endfacet
  facet normal 0.995192 -0.0979479 0
    outer loop
      vertex 16.9808 -7.33258 3.35
      vertex 17 -7.1375 -3.35
      vertex 17 -7.1375 3.35
    endloop
  endfacet
  facet normal 0.995192 -0.0979479 0
    outer loop
      vertex 17 -7.1375 -3.35
      vertex 16.9808 -7.33258 3.35
      vertex 16.9808 -7.33258 -3.35
    endloop
  endfacet
  facet normal 0.956947 -0.290262 0
    outer loop
      vertex 16.9239 -7.52017 3.35
      vertex 16.9808 -7.33258 -3.35
      vertex 16.9808 -7.33258 3.35
    endloop
  endfacet
  facet normal 0.956947 -0.290262 0
    outer loop
      vertex 16.9808 -7.33258 -3.35
      vertex 16.9239 -7.52017 3.35
      vertex 16.9239 -7.52017 -3.35
    endloop
  endfacet
  facet normal 0.881957 -0.471329 0
    outer loop
      vertex 16.8315 -7.69307 3.35
      vertex 16.9239 -7.52017 -3.35
      vertex 16.9239 -7.52017 3.35
    endloop
  endfacet
  facet normal 0.881957 -0.471329 0
    outer loop
      vertex 16.9239 -7.52017 -3.35
      vertex 16.8315 -7.69307 3.35
      vertex 16.8315 -7.69307 -3.35
    endloop
  endfacet
  facet normal 0.772904 -0.634523 0
    outer loop
      vertex 16.7071 -7.8446 3.35
      vertex 16.8315 -7.69307 -3.35
      vertex 16.8315 -7.69307 3.35
    endloop
  endfacet
  facet normal 0.772904 -0.634523 0
    outer loop
      vertex 16.8315 -7.69307 -3.35
      vertex 16.7071 -7.8446 3.35
      vertex 16.7071 -7.8446 -3.35
    endloop
  endfacet
  facet normal 0.634476 -0.772942 0
    outer loop
      vertex 16.5556 -7.96896 -3.35
      vertex 16.7071 -7.8446 3.35
      vertex 16.5556 -7.96896 3.35
    endloop
  endfacet
  facet normal 0.634476 -0.772942 0
    outer loop
      vertex 16.7071 -7.8446 3.35
      vertex 16.5556 -7.96896 -3.35
      vertex 16.7071 -7.8446 -3.35
    endloop
  endfacet
  facet normal 0.471369 -0.881936 0
    outer loop
      vertex 16.3827 -8.06137 -3.35
      vertex 16.5556 -7.96896 3.35
      vertex 16.3827 -8.06137 3.35
    endloop
  endfacet
  facet normal 0.471369 -0.881936 0
    outer loop
      vertex 16.5556 -7.96896 3.35
      vertex 16.3827 -8.06137 -3.35
      vertex 16.5556 -7.96896 -3.35
    endloop
  endfacet
  facet normal 0.290248 -0.956951 0
    outer loop
      vertex 16.1951 -8.11827 -3.35
      vertex 16.3827 -8.06137 3.35
      vertex 16.1951 -8.11827 3.35
    endloop
  endfacet
  facet normal 0.290248 -0.956951 0
    outer loop
      vertex 16.3827 -8.06137 3.35
      vertex 16.1951 -8.11827 -3.35
      vertex 16.3827 -8.06137 -3.35
    endloop
  endfacet
  facet normal 0.0980895 -0.995178 0
    outer loop
      vertex 16 -8.1375 -3.35
      vertex 16.1951 -8.11827 3.35
      vertex 16 -8.1375 3.35
    endloop
  endfacet
  facet normal 0.0980895 -0.995178 0
    outer loop
      vertex 16.1951 -8.11827 3.35
      vertex 16 -8.1375 -3.35
      vertex 16.1951 -8.11827 -3.35
    endloop
  endfacet
  facet normal -0.0980895 -0.995178 0
    outer loop
      vertex 15.8049 -8.11827 -3.35
      vertex 16 -8.1375 3.35
      vertex 15.8049 -8.11827 3.35
    endloop
  endfacet
  facet normal -0.0980895 -0.995178 -0
    outer loop
      vertex 16 -8.1375 3.35
      vertex 15.8049 -8.11827 -3.35
      vertex 16 -8.1375 -3.35
    endloop
  endfacet
  facet normal -0.290248 -0.956951 0
    outer loop
      vertex 15.6173 -8.06137 -3.35
      vertex 15.8049 -8.11827 3.35
      vertex 15.6173 -8.06137 3.35
    endloop
  endfacet
  facet normal -0.290248 -0.956951 -0
    outer loop
      vertex 15.8049 -8.11827 3.35
      vertex 15.6173 -8.06137 -3.35
      vertex 15.8049 -8.11827 -3.35
    endloop
  endfacet
  facet normal -0.471369 -0.881936 0
    outer loop
      vertex 15.4444 -7.96896 -3.35
      vertex 15.6173 -8.06137 3.35
      vertex 15.4444 -7.96896 3.35
    endloop
  endfacet
  facet normal -0.471369 -0.881936 -0
    outer loop
      vertex 15.6173 -8.06137 3.35
      vertex 15.4444 -7.96896 -3.35
      vertex 15.6173 -8.06137 -3.35
    endloop
  endfacet
  facet normal -0.634476 -0.772942 0
    outer loop
      vertex 15.2929 -7.8446 -3.35
      vertex 15.4444 -7.96896 3.35
      vertex 15.2929 -7.8446 3.35
    endloop
  endfacet
  facet normal -0.634476 -0.772942 -0
    outer loop
      vertex 15.4444 -7.96896 3.35
      vertex 15.2929 -7.8446 -3.35
      vertex 15.4444 -7.96896 -3.35
    endloop
  endfacet
  facet normal -0.772904 -0.634523 0
    outer loop
      vertex 15.2929 -7.8446 -3.35
      vertex 15.1685 -7.69307 3.35
      vertex 15.1685 -7.69307 -3.35
    endloop
  endfacet
  facet normal -0.772904 -0.634523 0
    outer loop
      vertex 15.1685 -7.69307 3.35
      vertex 15.2929 -7.8446 -3.35
      vertex 15.2929 -7.8446 3.35
    endloop
  endfacet
  facet normal -0.881957 -0.471329 0
    outer loop
      vertex 15.1685 -7.69307 -3.35
      vertex 15.0761 -7.52017 3.35
      vertex 15.0761 -7.52017 -3.35
    endloop
  endfacet
  facet normal -0.881957 -0.471329 0
    outer loop
      vertex 15.0761 -7.52017 3.35
      vertex 15.1685 -7.69307 -3.35
      vertex 15.1685 -7.69307 3.35
    endloop
  endfacet
  facet normal -0.956947 -0.290262 0
    outer loop
      vertex 15.0761 -7.52017 -3.35
      vertex 15.0192 -7.33258 3.35
      vertex 15.0192 -7.33258 -3.35
    endloop
  endfacet
  facet normal -0.956947 -0.290262 0
    outer loop
      vertex 15.0192 -7.33258 3.35
      vertex 15.0761 -7.52017 -3.35
      vertex 15.0761 -7.52017 3.35
    endloop
  endfacet
  facet normal -0.995192 -0.0979479 0
    outer loop
      vertex 15.0192 -7.33258 -3.35
      vertex 15 -7.1375 3.35
      vertex 15 -7.1375 -3.35
    endloop
  endfacet
  facet normal -0.995192 -0.0979479 0
    outer loop
      vertex 15 -7.1375 3.35
      vertex 15.0192 -7.33258 -3.35
      vertex 15.0192 -7.33258 3.35
    endloop
  endfacet
  facet normal -1 0 0
    outer loop
      vertex 15 -7.1375 -3.35
      vertex 15 7.1375 3.35
      vertex 15 7.1375 -3.35
    endloop
  endfacet
  facet normal -1 -0 0
    outer loop
      vertex 15 7.1375 3.35
      vertex 15 -7.1375 -3.35
      vertex 15 -7.1375 3.35
    endloop
  endfacet
  facet normal -0.995192 0.0979479 0
    outer loop
      vertex 15 7.1375 -3.35
      vertex 15.0192 7.33258 3.35
      vertex 15.0192 7.33258 -3.35
    endloop
  endfacet
  facet normal -0.995192 0.0979479 0
    outer loop
      vertex 15.0192 7.33258 3.35
      vertex 15 7.1375 -3.35
      vertex 15 7.1375 3.35
    endloop
  endfacet
  facet normal -0 0 1
    outer loop
      vertex 23 7.1375 3.35
      vertex 25 1.14999 3.35
      vertex 25 7.1375 3.35
    endloop
  endfacet
  facet normal 0 0 1
    outer loop
      vertex 25 1.14999 3.35
      vertex 23 7.1375 3.35
      vertex 25 -1.14999 3.35
    endloop
  endfacet
  facet normal 0 0 1
    outer loop
      vertex 23 7.1375 3.35
      vertex 25 7.1375 3.35
      vertex 24.9808 7.33258 3.35
    endloop
  endfacet
  facet normal 0 0 1
    outer loop
      vertex 23 -7.1375 3.35
      vertex 25 -1.14999 3.35
      vertex 23 7.1375 3.35
    endloop
  endfacet
  facet normal 0 0 1
    outer loop
      vertex 23 7.1375 3.35
      vertex 24.9808 7.33258 3.35
      vertex 24.9239 7.52017 3.35
    endloop
  endfacet
  facet normal 0 0 1
    outer loop
      vertex 25 -1.14999 3.35
      vertex 23 -7.1375 3.35
      vertex 25 -7.1375 3.35
    endloop
  endfacet
  facet normal 0 0 1
    outer loop
      vertex 23 7.1375 3.35
      vertex 24.9239 7.52017 3.35
      vertex 24.8315 7.69307 3.35
    endloop
  endfacet
  facet normal 0 0 1
    outer loop
      vertex 25 -7.1375 3.35
      vertex 23 -7.1375 3.35
      vertex 24.9808 -7.33258 3.35
    endloop
  endfacet
  facet normal 0 0 1
    outer loop
      vertex 23 7.1375 3.35
      vertex 24.8315 7.69307 3.35
      vertex 24.7071 7.8446 3.35
    endloop
  endfacet
  facet normal 0 0 1
    outer loop
      vertex 24.9808 -7.33258 3.35
      vertex 23 -7.1375 3.35
      vertex 24.9239 -7.52017 3.35
    endloop
  endfacet
  facet normal 0 0 1
    outer loop
      vertex 23 7.1375 3.35
      vertex 24.7071 7.8446 3.35
      vertex 24.5556 7.96896 3.35
    endloop
  endfacet
  facet normal 0 0 1
    outer loop
      vertex 24.9239 -7.52017 3.35
      vertex 23 -7.1375 3.35
      vertex 24.8315 -7.69307 3.35
    endloop
  endfacet
  facet normal 0 0 1
    outer loop
      vertex 23 7.1375 3.35
      vertex 24.5556 7.96896 3.35
      vertex 24.3827 8.06137 3.35
    endloop
  endfacet
  facet normal 0 0 1
    outer loop
      vertex 24.8315 -7.69307 3.35
      vertex 23 -7.1375 3.35
      vertex 24.7071 -7.8446 3.35
    endloop
  endfacet
  facet normal 0 0 1
    outer loop
      vertex 23 7.1375 3.35
      vertex 24.3827 8.06137 3.35
      vertex 24.1951 8.11827 3.35
    endloop
  endfacet
  facet normal 0 0 1
    outer loop
      vertex 24.7071 -7.8446 3.35
      vertex 23 -7.1375 3.35
      vertex 24.5556 -7.96896 3.35
    endloop
  endfacet
  facet normal 0 0 1
    outer loop
      vertex 23 7.1375 3.35
      vertex 24.1951 8.11827 3.35
      vertex 24 8.1375 3.35
    endloop
  endfacet
  facet normal 0 0 1
    outer loop
      vertex 24.5556 -7.96896 3.35
      vertex 23 -7.1375 3.35
      vertex 24.3827 -8.06137 3.35
    endloop
  endfacet
  facet normal 0 0 1
    outer loop
      vertex 23 7.1375 3.35
      vertex 24 8.1375 3.35
      vertex 23.8049 8.11827 3.35
    endloop
  endfacet
  facet normal 0 0 1
    outer loop
      vertex 24.3827 -8.06137 3.35
      vertex 23 -7.1375 3.35
      vertex 24.1951 -8.11827 3.35
    endloop
  endfacet
  facet normal 0 0 1
    outer loop
      vertex 23 7.1375 3.35
      vertex 23.8049 8.11827 3.35
      vertex 23.6173 8.06137 3.35
    endloop
  endfacet
  facet normal 0 0 1
    outer loop
      vertex 24.1951 -8.11827 3.35
      vertex 23 -7.1375 3.35
      vertex 24 -8.1375 3.35
    endloop
  endfacet
  facet normal 0 0 1
    outer loop
      vertex 23 7.1375 3.35
      vertex 23.6173 8.06137 3.35
      vertex 23.4444 7.96896 3.35
    endloop
  endfacet
  facet normal 0 0 1
    outer loop
      vertex 24 -8.1375 3.35
      vertex 23 -7.1375 3.35
      vertex 23.8049 -8.11827 3.35
    endloop
  endfacet
  facet normal 0 0 1
    outer loop
      vertex 23 7.1375 3.35
      vertex 23.4444 7.96896 3.35
      vertex 23.2929 7.8446 3.35
    endloop
  endfacet
  facet normal 0 0 1
    outer loop
      vertex 23.8049 -8.11827 3.35
      vertex 23 -7.1375 3.35
      vertex 23.6173 -8.06137 3.35
    endloop
  endfacet
  facet normal 0 0 1
    outer loop
      vertex 23 7.1375 3.35
      vertex 23.2929 7.8446 3.35
      vertex 23.1685 7.69307 3.35
    endloop
  endfacet
  facet normal 0 0 1
    outer loop
      vertex 23.6173 -8.06137 3.35
      vertex 23 -7.1375 3.35
      vertex 23.4444 -7.96896 3.35
    endloop
  endfacet
  facet normal 0 0 1
    outer loop
      vertex 23 7.1375 3.35
      vertex 23.1685 7.69307 3.35
      vertex 23.0761 7.52017 3.35
    endloop
  endfacet
  facet normal 0 0 1
    outer loop
      vertex 23.4444 -7.96896 3.35
      vertex 23 -7.1375 3.35
      vertex 23.2929 -7.8446 3.35
    endloop
  endfacet
  facet normal 0 0 1
    outer loop
      vertex 23 7.1375 3.35
      vertex 23.0761 7.52017 3.35
      vertex 23.0192 7.33258 3.35
    endloop
  endfacet
  facet normal 0 0 1
    outer loop
      vertex 23.2929 -7.8446 3.35
      vertex 23 -7.1375 3.35
      vertex 23.1685 -7.69307 3.35
    endloop
  endfacet
  facet normal 0 0 1
    outer loop
      vertex 23.1685 -7.69307 3.35
      vertex 23 -7.1375 3.35
      vertex 23.0761 -7.52017 3.35
    endloop
  endfacet
  facet normal 0 0 1
    outer loop
      vertex 23.0761 -7.52017 3.35
      vertex 23 -7.1375 3.35
      vertex 23.0192 -7.33258 3.35
    endloop
  endfacet
  facet normal 0 0 1
    outer loop
      vertex 27.8639 0.112167 3.35
      vertex 27.8639 -0.112167 3.35
      vertex 27.875 0 3.35
    endloop
  endfacet
  facet normal 0 0 1
    outer loop
      vertex 27.8312 0.220032 3.35
      vertex 27.8639 -0.112167 3.35
      vertex 27.8639 0.112167 3.35
    endloop
  endfacet
  facet normal 0 0 1
    outer loop
      vertex 27.8312 0.220032 3.35
      vertex 27.8312 -0.220032 3.35
      vertex 27.8639 -0.112167 3.35
    endloop
  endfacet
  facet normal 0 0 1
    outer loop
      vertex 27.7781 0.319443 3.35
      vertex 27.8312 -0.220032 3.35
      vertex 27.8312 0.220032 3.35
    endloop
  endfacet
  facet normal 0 0 1
    outer loop
      vertex 27.7781 0.319443 3.35
      vertex 27.7781 -0.319443 3.35
      vertex 27.8312 -0.220032 3.35
    endloop
  endfacet
  facet normal 0 0 1
    outer loop
      vertex 27.7066 0.406586 3.35
      vertex 27.7781 -0.319443 3.35
      vertex 27.7781 0.319443 3.35
    endloop
  endfacet
  facet normal 0 0 1
    outer loop
      vertex 27.7066 0.406586 3.35
      vertex 27.7066 -0.406586 3.35
      vertex 27.7781 -0.319443 3.35
    endloop
  endfacet
  facet normal 0 0 1
    outer loop
      vertex 27.6194 0.478088 3.35
      vertex 27.7066 -0.406586 3.35
      vertex 27.7066 0.406586 3.35
    endloop
  endfacet
  facet normal 0 0 1
    outer loop
      vertex 27.6194 0.478088 3.35
      vertex 27.6194 -0.478088 3.35
      vertex 27.7066 -0.406586 3.35
    endloop
  endfacet
  facet normal 0 0 1
    outer loop
      vertex 27.52 0.531219 3.35
      vertex 27.6194 -0.478088 3.35
      vertex 27.6194 0.478088 3.35
    endloop
  endfacet
  facet normal 0 0 1
    outer loop
      vertex 27.52 0.531219 3.35
      vertex 27.52 -0.531219 3.35
      vertex 27.6194 -0.478088 3.35
    endloop
  endfacet
  facet normal 0 0 1
    outer loop
      vertex 26.15 1.14999 3.35
      vertex 27.52 -0.531219 3.35
      vertex 27.52 0.531219 3.35
    endloop
  endfacet
  facet normal 0 0 1
    outer loop
      vertex 26.15 1.14999 3.35
      vertex 26.15 -1.14999 3.35
      vertex 27.52 -0.531219 3.35
    endloop
  endfacet
  facet normal -0 0 1
    outer loop
      vertex 25 1.14999 3.35
      vertex 26.15 -1.14999 3.35
      vertex 26.15 1.14999 3.35
    endloop
  endfacet
  facet normal 0 0 1
    outer loop
      vertex 26.15 -1.14999 3.35
      vertex 25 1.14999 3.35
      vertex 25 -1.14999 3.35
    endloop
  endfacet
  facet normal 0 0 -1
    outer loop
      vertex 23 -7.1375 -3.35
      vertex 25 -1.14999 -3.35
      vertex 25 -7.1375 -3.35
    endloop
  endfacet
  facet normal -0 0 -1
    outer loop
      vertex 25 -1.14999 -3.35
      vertex 23 -7.1375 -3.35
      vertex 25 1.14999 -3.35
    endloop
  endfacet
  facet normal 0 0 -1
    outer loop
      vertex 23 -7.1375 -3.35
      vertex 25 -7.1375 -3.35
      vertex 24.9808 -7.33258 -3.35
    endloop
  endfacet
  facet normal 0 0 -1
    outer loop
      vertex 23 7.1375 -3.35
      vertex 25 1.14999 -3.35
      vertex 23 -7.1375 -3.35
    endloop
  endfacet
  facet normal 0 0 -1
    outer loop
      vertex 23 -7.1375 -3.35
      vertex 24.9808 -7.33258 -3.35
      vertex 24.9239 -7.52017 -3.35
    endloop
  endfacet
  facet normal 0 0 -1
    outer loop
      vertex 25 1.14999 -3.35
      vertex 23 7.1375 -3.35
      vertex 25 7.1375 -3.35
    endloop
  endfacet
  facet normal 0 0 -1
    outer loop
      vertex 23 -7.1375 -3.35
      vertex 24.9239 -7.52017 -3.35
      vertex 24.8315 -7.69307 -3.35
    endloop
  endfacet
  facet normal 0 0 -1
    outer loop
      vertex 25 7.1375 -3.35
      vertex 23 7.1375 -3.35
      vertex 24.9808 7.33258 -3.35
    endloop
  endfacet
  facet normal 0 0 -1
    outer loop
      vertex 23 -7.1375 -3.35
      vertex 24.8315 -7.69307 -3.35
      vertex 24.7071 -7.8446 -3.35
    endloop
  endfacet
  facet normal -0 0 -1
    outer loop
      vertex 24.9808 7.33258 -3.35
      vertex 23 7.1375 -3.35
      vertex 24.9239 7.52017 -3.35
    endloop
  endfacet
  facet normal 0 0 -1
    outer loop
      vertex 23 -7.1375 -3.35
      vertex 24.7071 -7.8446 -3.35
      vertex 24.5556 -7.96896 -3.35
    endloop
  endfacet
  facet normal -0 0 -1
    outer loop
      vertex 24.9239 7.52017 -3.35
      vertex 23 7.1375 -3.35
      vertex 24.8315 7.69307 -3.35
    endloop
  endfacet
  facet normal 0 0 -1
    outer loop
      vertex 23 -7.1375 -3.35
      vertex 24.5556 -7.96896 -3.35
      vertex 24.3827 -8.06137 -3.35
    endloop
  endfacet
  facet normal -0 0 -1
    outer loop
      vertex 24.8315 7.69307 -3.35
      vertex 23 7.1375 -3.35
      vertex 24.7071 7.8446 -3.35
    endloop
  endfacet
  facet normal 0 0 -1
    outer loop
      vertex 23 -7.1375 -3.35
      vertex 24.3827 -8.06137 -3.35
      vertex 24.1951 -8.11827 -3.35
    endloop
  endfacet
  facet normal -0 0 -1
    outer loop
      vertex 24.7071 7.8446 -3.35
      vertex 23 7.1375 -3.35
      vertex 24.5556 7.96896 -3.35
    endloop
  endfacet
  facet normal 0 0 -1
    outer loop
      vertex 23 -7.1375 -3.35
      vertex 24.1951 -8.11827 -3.35
      vertex 24 -8.1375 -3.35
    endloop
  endfacet
  facet normal -0 0 -1
    outer loop
      vertex 24.5556 7.96896 -3.35
      vertex 23 7.1375 -3.35
      vertex 24.3827 8.06137 -3.35
    endloop
  endfacet
  facet normal 0 0 -1
    outer loop
      vertex 23 -7.1375 -3.35
      vertex 24 -8.1375 -3.35
      vertex 23.8049 -8.11827 -3.35
    endloop
  endfacet
  facet normal -0 0 -1
    outer loop
      vertex 24.3827 8.06137 -3.35
      vertex 23 7.1375 -3.35
      vertex 24.1951 8.11827 -3.35
    endloop
  endfacet
  facet normal 0 0 -1
    outer loop
      vertex 23 -7.1375 -3.35
      vertex 23.8049 -8.11827 -3.35
      vertex 23.6173 -8.06137 -3.35
    endloop
  endfacet
  facet normal -0 0 -1
    outer loop
      vertex 24.1951 8.11827 -3.35
      vertex 23 7.1375 -3.35
      vertex 24 8.1375 -3.35
    endloop
  endfacet
  facet normal 0 0 -1
    outer loop
      vertex 23 -7.1375 -3.35
      vertex 23.6173 -8.06137 -3.35
      vertex 23.4444 -7.96896 -3.35
    endloop
  endfacet
  facet normal 0 0 -1
    outer loop
      vertex 24 8.1375 -3.35
      vertex 23 7.1375 -3.35
      vertex 23.8049 8.11827 -3.35
    endloop
  endfacet
  facet normal 0 0 -1
    outer loop
      vertex 23 -7.1375 -3.35
      vertex 23.4444 -7.96896 -3.35
      vertex 23.2929 -7.8446 -3.35
    endloop
  endfacet
  facet normal 0 0 -1
    outer loop
      vertex 23.8049 8.11827 -3.35
      vertex 23 7.1375 -3.35
      vertex 23.6173 8.06137 -3.35
    endloop
  endfacet
  facet normal 0 0 -1
    outer loop
      vertex 23 -7.1375 -3.35
      vertex 23.2929 -7.8446 -3.35
      vertex 23.1685 -7.69307 -3.35
    endloop
  endfacet
  facet normal 0 0 -1
    outer loop
      vertex 23.6173 8.06137 -3.35
      vertex 23 7.1375 -3.35
      vertex 23.4444 7.96896 -3.35
    endloop
  endfacet
  facet normal 0 0 -1
    outer loop
      vertex 23 -7.1375 -3.35
      vertex 23.1685 -7.69307 -3.35
      vertex 23.0761 -7.52017 -3.35
    endloop
  endfacet
  facet normal 0 0 -1
    outer loop
      vertex 23.4444 7.96896 -3.35
      vertex 23 7.1375 -3.35
      vertex 23.2929 7.8446 -3.35
    endloop
  endfacet
  facet normal 0 0 -1
    outer loop
      vertex 23 -7.1375 -3.35
      vertex 23.0761 -7.52017 -3.35
      vertex 23.0192 -7.33258 -3.35
    endloop
  endfacet
  facet normal 0 0 -1
    outer loop
      vertex 23.2929 7.8446 -3.35
      vertex 23 7.1375 -3.35
      vertex 23.1685 7.69307 -3.35
    endloop
  endfacet
  facet normal 0 0 -1
    outer loop
      vertex 23.1685 7.69307 -3.35
      vertex 23 7.1375 -3.35
      vertex 23.0761 7.52017 -3.35
    endloop
  endfacet
  facet normal 0 0 -1
    outer loop
      vertex 23.0761 7.52017 -3.35
      vertex 23 7.1375 -3.35
      vertex 23.0192 7.33258 -3.35
    endloop
  endfacet
  facet normal 0 0 -1
    outer loop
      vertex 27.8639 -0.112167 -3.35
      vertex 27.8639 0.112167 -3.35
      vertex 27.875 0 -3.35
    endloop
  endfacet
  facet normal 0 0 -1
    outer loop
      vertex 27.8312 -0.220032 -3.35
      vertex 27.8639 0.112167 -3.35
      vertex 27.8639 -0.112167 -3.35
    endloop
  endfacet
  facet normal 0 0 -1
    outer loop
      vertex 27.8312 -0.220032 -3.35
      vertex 27.8312 0.220032 -3.35
      vertex 27.8639 0.112167 -3.35
    endloop
  endfacet
  facet normal 0 0 -1
    outer loop
      vertex 27.7781 -0.319443 -3.35
      vertex 27.8312 0.220032 -3.35
      vertex 27.8312 -0.220032 -3.35
    endloop
  endfacet
  facet normal 0 0 -1
    outer loop
      vertex 27.7781 -0.319443 -3.35
      vertex 27.7781 0.319443 -3.35
      vertex 27.8312 0.220032 -3.35
    endloop
  endfacet
  facet normal 0 0 -1
    outer loop
      vertex 27.7066 -0.406586 -3.35
      vertex 27.7781 0.319443 -3.35
      vertex 27.7781 -0.319443 -3.35
    endloop
  endfacet
  facet normal 0 0 -1
    outer loop
      vertex 27.7066 -0.406586 -3.35
      vertex 27.7066 0.406586 -3.35
      vertex 27.7781 0.319443 -3.35
    endloop
  endfacet
  facet normal 0 0 -1
    outer loop
      vertex 27.6194 -0.478088 -3.35
      vertex 27.7066 0.406586 -3.35
      vertex 27.7066 -0.406586 -3.35
    endloop
  endfacet
  facet normal 0 0 -1
    outer loop
      vertex 27.6194 -0.478088 -3.35
      vertex 27.6194 0.478088 -3.35
      vertex 27.7066 0.406586 -3.35
    endloop
  endfacet
  facet normal 0 0 -1
    outer loop
      vertex 27.52 -0.531219 -3.35
      vertex 27.6194 0.478088 -3.35
      vertex 27.6194 -0.478088 -3.35
    endloop
  endfacet
  facet normal 0 0 -1
    outer loop
      vertex 27.52 -0.531219 -3.35
      vertex 27.52 0.531219 -3.35
      vertex 27.6194 0.478088 -3.35
    endloop
  endfacet
  facet normal 0 0 -1
    outer loop
      vertex 26.15 -1.14999 -3.35
      vertex 27.52 0.531219 -3.35
      vertex 27.52 -0.531219 -3.35
    endloop
  endfacet
  facet normal 0 0 -1
    outer loop
      vertex 26.15 -1.14999 -3.35
      vertex 26.15 1.14999 -3.35
      vertex 27.52 0.531219 -3.35
    endloop
  endfacet
  facet normal 0 0 -1
    outer loop
      vertex 25 -1.14999 -3.35
      vertex 26.15 1.14999 -3.35
      vertex 26.15 -1.14999 -3.35
    endloop
  endfacet
  facet normal -0 0 -1
    outer loop
      vertex 26.15 1.14999 -3.35
      vertex 25 -1.14999 -3.35
      vertex 25 1.14999 -3.35
    endloop
  endfacet
  facet normal -0.956947 0.290262 0
    outer loop
      vertex 23.0192 7.33258 -3.35
      vertex 23.0761 7.52017 3.35
      vertex 23.0761 7.52017 -3.35
    endloop
  endfacet
  facet normal -0.956947 0.290262 0
    outer loop
      vertex 23.0761 7.52017 3.35
      vertex 23.0192 7.33258 -3.35
      vertex 23.0192 7.33258 3.35
    endloop
  endfacet
  facet normal -0.881957 0.471329 0
    outer loop
      vertex 23.0761 7.52017 -3.35
      vertex 23.1685 7.69307 3.35
      vertex 23.1685 7.69307 -3.35
    endloop
  endfacet
  facet normal -0.881957 0.471329 0
    outer loop
      vertex 23.1685 7.69307 3.35
      vertex 23.0761 7.52017 -3.35
      vertex 23.0761 7.52017 3.35
    endloop
  endfacet
  facet normal -0.772904 0.634523 0
    outer loop
      vertex 23.1685 7.69307 -3.35
      vertex 23.2929 7.8446 3.35
      vertex 23.2929 7.8446 -3.35
    endloop
  endfacet
  facet normal -0.772904 0.634523 0
    outer loop
      vertex 23.2929 7.8446 3.35
      vertex 23.1685 7.69307 -3.35
      vertex 23.1685 7.69307 3.35
    endloop
  endfacet
  facet normal -0.634476 0.772942 0
    outer loop
      vertex 23.4444 7.96896 -3.35
      vertex 23.2929 7.8446 3.35
      vertex 23.4444 7.96896 3.35
    endloop
  endfacet
  facet normal -0.634476 0.772942 0
    outer loop
      vertex 23.2929 7.8446 3.35
      vertex 23.4444 7.96896 -3.35
      vertex 23.2929 7.8446 -3.35
    endloop
  endfacet
  facet normal -0.471369 0.881936 0
    outer loop
      vertex 23.6173 8.06137 -3.35
      vertex 23.4444 7.96896 3.35
      vertex 23.6173 8.06137 3.35
    endloop
  endfacet
  facet normal -0.471369 0.881936 0
    outer loop
      vertex 23.4444 7.96896 3.35
      vertex 23.6173 8.06137 -3.35
      vertex 23.4444 7.96896 -3.35
    endloop
  endfacet
  facet normal -0.290248 0.956951 0
    outer loop
      vertex 23.8049 8.11827 -3.35
      vertex 23.6173 8.06137 3.35
      vertex 23.8049 8.11827 3.35
    endloop
  endfacet
  facet normal -0.290248 0.956951 0
    outer loop
      vertex 23.6173 8.06137 3.35
      vertex 23.8049 8.11827 -3.35
      vertex 23.6173 8.06137 -3.35
    endloop
  endfacet
  facet normal -0.0980895 0.995178 0
    outer loop
      vertex 24 8.1375 -3.35
      vertex 23.8049 8.11827 3.35
      vertex 24 8.1375 3.35
    endloop
  endfacet
  facet normal -0.0980895 0.995178 0
    outer loop
      vertex 23.8049 8.11827 3.35
      vertex 24 8.1375 -3.35
      vertex 23.8049 8.11827 -3.35
    endloop
  endfacet
  facet normal 0.0980895 0.995178 -0
    outer loop
      vertex 24.1951 8.11827 -3.35
      vertex 24 8.1375 3.35
      vertex 24.1951 8.11827 3.35
    endloop
  endfacet
  facet normal 0.0980895 0.995178 0
    outer loop
      vertex 24 8.1375 3.35
      vertex 24.1951 8.11827 -3.35
      vertex 24 8.1375 -3.35
    endloop
  endfacet
  facet normal 0.290248 0.956951 -0
    outer loop
      vertex 24.3827 8.06137 -3.35
      vertex 24.1951 8.11827 3.35
      vertex 24.3827 8.06137 3.35
    endloop
  endfacet
  facet normal 0.290248 0.956951 0
    outer loop
      vertex 24.1951 8.11827 3.35
      vertex 24.3827 8.06137 -3.35
      vertex 24.1951 8.11827 -3.35
    endloop
  endfacet
  facet normal 0.471369 0.881936 -0
    outer loop
      vertex 24.5556 7.96896 -3.35
      vertex 24.3827 8.06137 3.35
      vertex 24.5556 7.96896 3.35
    endloop
  endfacet
  facet normal 0.471369 0.881936 0
    outer loop
      vertex 24.3827 8.06137 3.35
      vertex 24.5556 7.96896 -3.35
      vertex 24.3827 8.06137 -3.35
    endloop
  endfacet
  facet normal 0.634476 0.772942 -0
    outer loop
      vertex 24.7071 7.8446 -3.35
      vertex 24.5556 7.96896 3.35
      vertex 24.7071 7.8446 3.35
    endloop
  endfacet
  facet normal 0.634476 0.772942 0
    outer loop
      vertex 24.5556 7.96896 3.35
      vertex 24.7071 7.8446 -3.35
      vertex 24.5556 7.96896 -3.35
    endloop
  endfacet
  facet normal 0.772904 0.634523 0
    outer loop
      vertex 24.8315 7.69307 3.35
      vertex 24.7071 7.8446 -3.35
      vertex 24.7071 7.8446 3.35
    endloop
  endfacet
  facet normal 0.772904 0.634523 0
    outer loop
      vertex 24.7071 7.8446 -3.35
      vertex 24.8315 7.69307 3.35
      vertex 24.8315 7.69307 -3.35
    endloop
  endfacet
  facet normal 0.881957 0.471329 0
    outer loop
      vertex 24.9239 7.52017 3.35
      vertex 24.8315 7.69307 -3.35
      vertex 24.8315 7.69307 3.35
    endloop
  endfacet
  facet normal 0.881957 0.471329 0
    outer loop
      vertex 24.8315 7.69307 -3.35
      vertex 24.9239 7.52017 3.35
      vertex 24.9239 7.52017 -3.35
    endloop
  endfacet
  facet normal 0.956947 0.290262 0
    outer loop
      vertex 24.9808 7.33258 3.35
      vertex 24.9239 7.52017 -3.35
      vertex 24.9239 7.52017 3.35
    endloop
  endfacet
  facet normal 0.956947 0.290262 0
    outer loop
      vertex 24.9239 7.52017 -3.35
      vertex 24.9808 7.33258 3.35
      vertex 24.9808 7.33258 -3.35
    endloop
  endfacet
  facet normal 0.995192 0.0979479 0
    outer loop
      vertex 25 7.1375 3.35
      vertex 24.9808 7.33258 -3.35
      vertex 24.9808 7.33258 3.35
    endloop
  endfacet
  facet normal 0.995192 0.0979479 0
    outer loop
      vertex 24.9808 7.33258 -3.35
      vertex 25 7.1375 3.35
      vertex 25 7.1375 -3.35
    endloop
  endfacet
  facet normal 1 -0 0
    outer loop
      vertex 25 1.14999 3.35
      vertex 25 7.1375 -3.35
      vertex 25 7.1375 3.35
    endloop
  endfacet
  facet normal 1 0 0
    outer loop
      vertex 25 7.1375 -3.35
      vertex 25 1.14999 3.35
      vertex 25 1.14999 -3.35
    endloop
  endfacet
  facet normal 0 1 -0
    outer loop
      vertex 26.15 1.14999 -3.35
      vertex 25 1.14999 3.35
      vertex 26.15 1.14999 3.35
    endloop
  endfacet
  facet normal 0 1 0
    outer loop
      vertex 25 1.14999 3.35
      vertex 26.15 1.14999 -3.35
      vertex 25 1.14999 -3.35
    endloop
  endfacet
  facet normal 0.411621 0.911355 -0
    outer loop
      vertex 27.52 0.531219 -3.35
      vertex 26.15 1.14999 3.35
      vertex 27.52 0.531219 3.35
    endloop
  endfacet
  facet normal 0.411621 0.911355 0
    outer loop
      vertex 26.15 1.14999 3.35
      vertex 27.52 0.531219 -3.35
      vertex 26.15 1.14999 -3.35
    endloop
  endfacet
  facet normal 0.471401 0.881919 -0
    outer loop
      vertex 27.6194 0.478088 -3.35
      vertex 27.52 0.531219 3.35
      vertex 27.6194 0.478088 3.35
    endloop
  endfacet
  facet normal 0.471401 0.881919 0
    outer loop
      vertex 27.52 0.531219 3.35
      vertex 27.6194 0.478088 -3.35
      vertex 27.52 0.531219 -3.35
    endloop
  endfacet
  facet normal 0.634069 0.773276 -0
    outer loop
      vertex 27.7066 0.406586 -3.35
      vertex 27.6194 0.478088 3.35
      vertex 27.7066 0.406586 3.35
    endloop
  endfacet
  facet normal 0.634069 0.773276 0
    outer loop
      vertex 27.6194 0.478088 3.35
      vertex 27.7066 0.406586 -3.35
      vertex 27.6194 0.478088 -3.35
    endloop
  endfacet
  facet normal 0.773082 0.634306 0
    outer loop
      vertex 27.7781 0.319443 3.35
      vertex 27.7066 0.406586 -3.35
      vertex 27.7066 0.406586 3.35
    endloop
  endfacet
  facet normal 0.773082 0.634306 0
    outer loop
      vertex 27.7066 0.406586 -3.35
      vertex 27.7781 0.319443 3.35
      vertex 27.7781 0.319443 -3.35
    endloop
  endfacet
  facet normal 0.882055 0.471146 0
    outer loop
      vertex 27.8312 0.220032 3.35
      vertex 27.7781 0.319443 -3.35
      vertex 27.7781 0.319443 3.35
    endloop
  endfacet
  facet normal 0.882055 0.471146 0
    outer loop
      vertex 27.7781 0.319443 -3.35
      vertex 27.8312 0.220032 3.35
      vertex 27.8312 0.220032 -3.35
    endloop
  endfacet
  facet normal 0.956991 0.290118 0
    outer loop
      vertex 27.8639 0.112167 3.35
      vertex 27.8312 0.220032 -3.35
      vertex 27.8312 0.220032 3.35
    endloop
  endfacet
  facet normal 0.956991 0.290118 0
    outer loop
      vertex 27.8312 0.220032 -3.35
      vertex 27.8639 0.112167 3.35
      vertex 27.8639 0.112167 -3.35
    endloop
  endfacet
  facet normal 0.995139 0.0984786 0
    outer loop
      vertex 27.875 0 3.35
      vertex 27.8639 0.112167 -3.35
      vertex 27.8639 0.112167 3.35
    endloop
  endfacet
  facet normal 0.995139 0.0984786 0
    outer loop
      vertex 27.8639 0.112167 -3.35
      vertex 27.875 0 3.35
      vertex 27.875 0 -3.35
    endloop
  endfacet
  facet normal 0.995139 -0.0984786 0
    outer loop
      vertex 27.8639 -0.112167 3.35
      vertex 27.875 0 -3.35
      vertex 27.875 0 3.35
    endloop
  endfacet
  facet normal 0.995139 -0.0984786 0
    outer loop
      vertex 27.875 0 -3.35
      vertex 27.8639 -0.112167 3.35
      vertex 27.8639 -0.112167 -3.35
    endloop
  endfacet
  facet normal 0.956991 -0.290118 0
    outer loop
      vertex 27.8312 -0.220032 3.35
      vertex 27.8639 -0.112167 -3.35
      vertex 27.8639 -0.112167 3.35
    endloop
  endfacet
  facet normal 0.956991 -0.290118 0
    outer loop
      vertex 27.8639 -0.112167 -3.35
      vertex 27.8312 -0.220032 3.35
      vertex 27.8312 -0.220032 -3.35
    endloop
  endfacet
  facet normal 0.882055 -0.471146 0
    outer loop
      vertex 27.7781 -0.319443 3.35
      vertex 27.8312 -0.220032 -3.35
      vertex 27.8312 -0.220032 3.35
    endloop
  endfacet
  facet normal 0.882055 -0.471146 0
    outer loop
      vertex 27.8312 -0.220032 -3.35
      vertex 27.7781 -0.319443 3.35
      vertex 27.7781 -0.319443 -3.35
    endloop
  endfacet
  facet normal 0.773082 -0.634306 0
    outer loop
      vertex 27.7066 -0.406586 3.35
      vertex 27.7781 -0.319443 -3.35
      vertex 27.7781 -0.319443 3.35
    endloop
  endfacet
  facet normal 0.773082 -0.634306 0
    outer loop
      vertex 27.7781 -0.319443 -3.35
      vertex 27.7066 -0.406586 3.35
      vertex 27.7066 -0.406586 -3.35
    endloop
  endfacet
  facet normal 0.634069 -0.773276 0
    outer loop
      vertex 27.6194 -0.478088 -3.35
      vertex 27.7066 -0.406586 3.35
      vertex 27.6194 -0.478088 3.35
    endloop
  endfacet
  facet normal 0.634069 -0.773276 0
    outer loop
      vertex 27.7066 -0.406586 3.35
      vertex 27.6194 -0.478088 -3.35
      vertex 27.7066 -0.406586 -3.35
    endloop
  endfacet
  facet normal 0.471401 -0.881919 0
    outer loop
      vertex 27.52 -0.531219 -3.35
      vertex 27.6194 -0.478088 3.35
      vertex 27.52 -0.531219 3.35
    endloop
  endfacet
  facet normal 0.471401 -0.881919 0
    outer loop
      vertex 27.6194 -0.478088 3.35
      vertex 27.52 -0.531219 -3.35
      vertex 27.6194 -0.478088 -3.35
    endloop
  endfacet
  facet normal 0.411621 -0.911355 0
    outer loop
      vertex 26.15 -1.14999 -3.35
      vertex 27.52 -0.531219 3.35
      vertex 26.15 -1.14999 3.35
    endloop
  endfacet
  facet normal 0.411621 -0.911355 0
    outer loop
      vertex 27.52 -0.531219 3.35
      vertex 26.15 -1.14999 -3.35
      vertex 27.52 -0.531219 -3.35
    endloop
  endfacet
  facet normal 0 -1 0
    outer loop
      vertex 25 -1.14999 -3.35
      vertex 26.15 -1.14999 3.35
      vertex 25 -1.14999 3.35
    endloop
  endfacet
  facet normal 0 -1 -0
    outer loop
      vertex 26.15 -1.14999 3.35
      vertex 25 -1.14999 -3.35
      vertex 26.15 -1.14999 -3.35
    endloop
  endfacet
  facet normal 1 -0 0
    outer loop
      vertex 25 -7.1375 3.35
      vertex 25 -1.14999 -3.35
      vertex 25 -1.14999 3.35
    endloop
  endfacet
  facet normal 1 0 0
    outer loop
      vertex 25 -1.14999 -3.35
      vertex 25 -7.1375 3.35
      vertex 25 -7.1375 -3.35
    endloop
  endfacet
  facet normal 0.995192 -0.0979479 0
    outer loop
      vertex 24.9808 -7.33258 3.35
      vertex 25 -7.1375 -3.35
      vertex 25 -7.1375 3.35
    endloop
  endfacet
  facet normal 0.995192 -0.0979479 0
    outer loop
      vertex 25 -7.1375 -3.35
      vertex 24.9808 -7.33258 3.35
      vertex 24.9808 -7.33258 -3.35
    endloop
  endfacet
  facet normal 0.956947 -0.290262 0
    outer loop
      vertex 24.9239 -7.52017 3.35
      vertex 24.9808 -7.33258 -3.35
      vertex 24.9808 -7.33258 3.35
    endloop
  endfacet
  facet normal 0.956947 -0.290262 0
    outer loop
      vertex 24.9808 -7.33258 -3.35
      vertex 24.9239 -7.52017 3.35
      vertex 24.9239 -7.52017 -3.35
    endloop
  endfacet
  facet normal 0.881957 -0.471329 0
    outer loop
      vertex 24.8315 -7.69307 3.35
      vertex 24.9239 -7.52017 -3.35
      vertex 24.9239 -7.52017 3.35
    endloop
  endfacet
  facet normal 0.881957 -0.471329 0
    outer loop
      vertex 24.9239 -7.52017 -3.35
      vertex 24.8315 -7.69307 3.35
      vertex 24.8315 -7.69307 -3.35
    endloop
  endfacet
  facet normal 0.772904 -0.634523 0
    outer loop
      vertex 24.7071 -7.8446 3.35
      vertex 24.8315 -7.69307 -3.35
      vertex 24.8315 -7.69307 3.35
    endloop
  endfacet
  facet normal 0.772904 -0.634523 0
    outer loop
      vertex 24.8315 -7.69307 -3.35
      vertex 24.7071 -7.8446 3.35
      vertex 24.7071 -7.8446 -3.35
    endloop
  endfacet
  facet normal 0.634476 -0.772942 0
    outer loop
      vertex 24.5556 -7.96896 -3.35
      vertex 24.7071 -7.8446 3.35
      vertex 24.5556 -7.96896 3.35
    endloop
  endfacet
  facet normal 0.634476 -0.772942 0
    outer loop
      vertex 24.7071 -7.8446 3.35
      vertex 24.5556 -7.96896 -3.35
      vertex 24.7071 -7.8446 -3.35
    endloop
  endfacet
  facet normal 0.471369 -0.881936 0
    outer loop
      vertex 24.3827 -8.06137 -3.35
      vertex 24.5556 -7.96896 3.35
      vertex 24.3827 -8.06137 3.35
    endloop
  endfacet
  facet normal 0.471369 -0.881936 0
    outer loop
      vertex 24.5556 -7.96896 3.35
      vertex 24.3827 -8.06137 -3.35
      vertex 24.5556 -7.96896 -3.35
    endloop
  endfacet
  facet normal 0.290248 -0.956951 0
    outer loop
      vertex 24.1951 -8.11827 -3.35
      vertex 24.3827 -8.06137 3.35
      vertex 24.1951 -8.11827 3.35
    endloop
  endfacet
  facet normal 0.290248 -0.956951 0
    outer loop
      vertex 24.3827 -8.06137 3.35
      vertex 24.1951 -8.11827 -3.35
      vertex 24.3827 -8.06137 -3.35
    endloop
  endfacet
  facet normal 0.0980895 -0.995178 0
    outer loop
      vertex 24 -8.1375 -3.35
      vertex 24.1951 -8.11827 3.35
      vertex 24 -8.1375 3.35
    endloop
  endfacet
  facet normal 0.0980895 -0.995178 0
    outer loop
      vertex 24.1951 -8.11827 3.35
      vertex 24 -8.1375 -3.35
      vertex 24.1951 -8.11827 -3.35
    endloop
  endfacet
  facet normal -0.0980895 -0.995178 0
    outer loop
      vertex 23.8049 -8.11827 -3.35
      vertex 24 -8.1375 3.35
      vertex 23.8049 -8.11827 3.35
    endloop
  endfacet
  facet normal -0.0980895 -0.995178 -0
    outer loop
      vertex 24 -8.1375 3.35
      vertex 23.8049 -8.11827 -3.35
      vertex 24 -8.1375 -3.35
    endloop
  endfacet
  facet normal -0.290248 -0.956951 0
    outer loop
      vertex 23.6173 -8.06137 -3.35
      vertex 23.8049 -8.11827 3.35
      vertex 23.6173 -8.06137 3.35
    endloop
  endfacet
  facet normal -0.290248 -0.956951 -0
    outer loop
      vertex 23.8049 -8.11827 3.35
      vertex 23.6173 -8.06137 -3.35
      vertex 23.8049 -8.11827 -3.35
    endloop
  endfacet
  facet normal -0.471369 -0.881936 0
    outer loop
      vertex 23.4444 -7.96896 -3.35
      vertex 23.6173 -8.06137 3.35
      vertex 23.4444 -7.96896 3.35
    endloop
  endfacet
  facet normal -0.471369 -0.881936 -0
    outer loop
      vertex 23.6173 -8.06137 3.35
      vertex 23.4444 -7.96896 -3.35
      vertex 23.6173 -8.06137 -3.35
    endloop
  endfacet
  facet normal -0.634476 -0.772942 0
    outer loop
      vertex 23.2929 -7.8446 -3.35
      vertex 23.4444 -7.96896 3.35
      vertex 23.2929 -7.8446 3.35
    endloop
  endfacet
  facet normal -0.634476 -0.772942 -0
    outer loop
      vertex 23.4444 -7.96896 3.35
      vertex 23.2929 -7.8446 -3.35
      vertex 23.4444 -7.96896 -3.35
    endloop
  endfacet
  facet normal -0.772904 -0.634523 0
    outer loop
      vertex 23.2929 -7.8446 -3.35
      vertex 23.1685 -7.69307 3.35
      vertex 23.1685 -7.69307 -3.35
    endloop
  endfacet
  facet normal -0.772904 -0.634523 0
    outer loop
      vertex 23.1685 -7.69307 3.35
      vertex 23.2929 -7.8446 -3.35
      vertex 23.2929 -7.8446 3.35
    endloop
  endfacet
  facet normal -0.881957 -0.471329 0
    outer loop
      vertex 23.1685 -7.69307 -3.35
      vertex 23.0761 -7.52017 3.35
      vertex 23.0761 -7.52017 -3.35
    endloop
  endfacet
  facet normal -0.881957 -0.471329 0
    outer loop
      vertex 23.0761 -7.52017 3.35
      vertex 23.1685 -7.69307 -3.35
      vertex 23.1685 -7.69307 3.35
    endloop
  endfacet
  facet normal -0.956947 -0.290262 0
    outer loop
      vertex 23.0761 -7.52017 -3.35
      vertex 23.0192 -7.33258 3.35
      vertex 23.0192 -7.33258 -3.35
    endloop
  endfacet
  facet normal -0.956947 -0.290262 0
    outer loop
      vertex 23.0192 -7.33258 3.35
      vertex 23.0761 -7.52017 -3.35
      vertex 23.0761 -7.52017 3.35
    endloop
  endfacet
  facet normal -0.995192 -0.0979479 0
    outer loop
      vertex 23.0192 -7.33258 -3.35
      vertex 23 -7.1375 3.35
      vertex 23 -7.1375 -3.35
    endloop
  endfacet
  facet normal -0.995192 -0.0979479 0
    outer loop
      vertex 23 -7.1375 3.35
      vertex 23.0192 -7.33258 -3.35
      vertex 23.0192 -7.33258 3.35
    endloop
  endfacet
  facet normal -1 0 0
    outer loop
      vertex 23 -7.1375 -3.35
      vertex 23 7.1375 3.35
      vertex 23 7.1375 -3.35
    endloop
  endfacet
  facet normal -1 -0 0
    outer loop
      vertex 23 7.1375 3.35
      vertex 23 -7.1375 -3.35
      vertex 23 -7.1375 3.35
    endloop
  endfacet
  facet normal -0.995192 0.0979479 0
    outer loop
      vertex 23 7.1375 -3.35
      vertex 23.0192 7.33258 3.35
      vertex 23.0192 7.33258 -3.35
    endloop
  endfacet
  facet normal -0.995192 0.0979479 0
    outer loop
      vertex 23.0192 7.33258 3.35
      vertex 23 7.1375 -3.35
      vertex 23 7.1375 3.35
    endloop
  endfacet
endsolid OpenSCAD_Model
