solid OpenSCAD_Model
  facet normal 0 0 1
    outer loop
      vertex 7.07886 0.214584 3.35
      vertex 7.07886 -0.2146 3.35
      vertex 7.09999 0 3.35
    endloop
  endfacet
  facet normal 0 0 1
    outer loop
      vertex 7.01627 0.420944 3.35
      vertex 7.07886 -0.2146 3.35
      vertex 7.07886 0.214584 3.35
    endloop
  endfacet
  facet normal 0 0 1
    outer loop
      vertex 7.01627 0.420944 3.35
      vertex 7.01627 -0.420959 3.35
      vertex 7.07886 -0.2146 3.35
    endloop
  endfacet
  facet normal 0 0 1
    outer loop
      vertex 6.91461 0.611115 3.35
      vertex 7.01627 -0.420959 3.35
      vertex 7.01627 0.420944 3.35
    endloop
  endfacet
  facet normal 0 0 1
    outer loop
      vertex 6.91461 0.611115 3.35
      vertex 6.91461 -0.61113 3.35
      vertex 7.01627 -0.420959 3.35
    endloop
  endfacet
  facet normal 0 0 1
    outer loop
      vertex 6.77782 0.777817 3.35
      vertex 6.91461 -0.61113 3.35
      vertex 6.91461 0.611115 3.35
    endloop
  endfacet
  facet normal 0 0 1
    outer loop
      vertex 6.77782 0.777817 3.35
      vertex 6.77782 -0.777832 3.35
      vertex 6.91461 -0.61113 3.35
    endloop
  endfacet
  facet normal 0 0 1
    outer loop
      vertex 6.61111 0.914612 3.35
      vertex 6.77782 -0.777832 3.35
      vertex 6.77782 0.777817 3.35
    endloop
  endfacet
  facet normal 0 0 1
    outer loop
      vertex 6.61111 0.914612 3.35
      vertex 6.61111 -0.914627 3.35
      vertex 6.77782 -0.777832 3.35
    endloop
  endfacet
  facet normal 0 0 1
    outer loop
      vertex 6.42094 1.01627 3.35
      vertex 6.61111 -0.914627 3.35
      vertex 6.61111 0.914612 3.35
    endloop
  endfacet
  facet normal 0 0 1
    outer loop
      vertex 6.42094 1.01627 3.35
      vertex 6.42094 -1.01628 3.35
      vertex 6.61111 -0.914627 3.35
    endloop
  endfacet
  facet normal 0 0 1
    outer loop
      vertex 6.21458 1.07886 3.35
      vertex 6.42094 -1.01628 3.35
      vertex 6.42094 1.01627 3.35
    endloop
  endfacet
  facet normal 0 0 1
    outer loop
      vertex 6.21458 1.07886 3.35
      vertex 6.21458 -1.07887 3.35
      vertex 6.42094 -1.01628 3.35
    endloop
  endfacet
  facet normal 0 0 1
    outer loop
      vertex 6 1.09999 3.35
      vertex 6.21458 -1.07887 3.35
      vertex 6.21458 1.07886 3.35
    endloop
  endfacet
  facet normal 0 0 1
    outer loop
      vertex 6 1.09999 3.35
      vertex 6 -1.10001 3.35
      vertex 6.21458 -1.07887 3.35
    endloop
  endfacet
  facet normal 0 0 1
    outer loop
      vertex 6 1.09999 3.35
      vertex 1.14999 -1.10001 3.35
      vertex 6 -1.10001 3.35
    endloop
  endfacet
  facet normal 0 0 1
    outer loop
      vertex -1.14999 -17.15 3.35
      vertex 1.14999 -17.15 3.35
      vertex 1.14999 -1.10001 3.35
    endloop
  endfacet
  facet normal 0 0 1
    outer loop
      vertex 1.14999 -17.15 3.35
      vertex -1.14999 -17.15 3.35
      vertex 0.531219 -18.52 3.35
    endloop
  endfacet
  facet normal 0 -0 1
    outer loop
      vertex -0.531219 -18.52 3.35
      vertex 0.531219 -18.52 3.35
      vertex -1.14999 -17.15 3.35
    endloop
  endfacet
  facet normal 0 0 1
    outer loop
      vertex 0.531219 -18.52 3.35
      vertex -0.531219 -18.52 3.35
      vertex 0.478088 -18.6194 3.35
    endloop
  endfacet
  facet normal 0 0 1
    outer loop
      vertex 0.478088 -18.6194 3.35
      vertex -0.531219 -18.52 3.35
      vertex 0.406586 -18.7066 3.35
    endloop
  endfacet
  facet normal 0 0 1
    outer loop
      vertex 0.406586 -18.7066 3.35
      vertex -0.531219 -18.52 3.35
      vertex 0.319443 -18.7781 3.35
    endloop
  endfacet
  facet normal 0 0 1
    outer loop
      vertex 0.319443 -18.7781 3.35
      vertex -0.531219 -18.52 3.35
      vertex 0.220032 -18.8312 3.35
    endloop
  endfacet
  facet normal 0 0 1
    outer loop
      vertex 0.220032 -18.8312 3.35
      vertex -0.531219 -18.52 3.35
      vertex 0.112167 -18.8639 3.35
    endloop
  endfacet
  facet normal 0 0 1
    outer loop
      vertex 0.112167 -18.8639 3.35
      vertex -0.531219 -18.52 3.35
      vertex 0 -18.875 3.35
    endloop
  endfacet
  facet normal 0 0 1
    outer loop
      vertex 0 -18.875 3.35
      vertex -0.531219 -18.52 3.35
      vertex -0.112167 -18.8639 3.35
    endloop
  endfacet
  facet normal 0 0 1
    outer loop
      vertex -0.112167 -18.8639 3.35
      vertex -0.531219 -18.52 3.35
      vertex -0.220032 -18.8312 3.35
    endloop
  endfacet
  facet normal 0 0 1
    outer loop
      vertex -0.220032 -18.8312 3.35
      vertex -0.531219 -18.52 3.35
      vertex -0.319443 -18.7781 3.35
    endloop
  endfacet
  facet normal 0 0 1
    outer loop
      vertex -0.319443 -18.7781 3.35
      vertex -0.531219 -18.52 3.35
      vertex -0.406586 -18.7066 3.35
    endloop
  endfacet
  facet normal 0 0 1
    outer loop
      vertex -1.14999 -17.15 3.35
      vertex 1.14999 -1.10001 3.35
      vertex -1.14999 -1.10001 3.35
    endloop
  endfacet
  facet normal 0 0 1
    outer loop
      vertex 6 1.09999 3.35
      vertex -1.14999 -1.10001 3.35
      vertex 1.14999 -1.10001 3.35
    endloop
  endfacet
  facet normal -0 0 1
    outer loop
      vertex -6 1.09999 3.35
      vertex -1.14999 -1.10001 3.35
      vertex 6 1.09999 3.35
    endloop
  endfacet
  facet normal 0 0 1
    outer loop
      vertex -6 1.09999 3.35
      vertex -6 -1.10001 3.35
      vertex -1.14999 -1.10001 3.35
    endloop
  endfacet
  facet normal -0 0 1
    outer loop
      vertex -6.21458 1.07886 3.35
      vertex -6 -1.10001 3.35
      vertex -6 1.09999 3.35
    endloop
  endfacet
  facet normal 0 0 1
    outer loop
      vertex -6.21458 1.07886 3.35
      vertex -6.21458 -1.07887 3.35
      vertex -6 -1.10001 3.35
    endloop
  endfacet
  facet normal -0 0 1
    outer loop
      vertex -6.42094 1.01627 3.35
      vertex -6.21458 -1.07887 3.35
      vertex -6.21458 1.07886 3.35
    endloop
  endfacet
  facet normal 0 0 1
    outer loop
      vertex -6.42094 1.01627 3.35
      vertex -6.42094 -1.01628 3.35
      vertex -6.21458 -1.07887 3.35
    endloop
  endfacet
  facet normal -0 0 1
    outer loop
      vertex -6.61111 0.914612 3.35
      vertex -6.42094 -1.01628 3.35
      vertex -6.42094 1.01627 3.35
    endloop
  endfacet
  facet normal 0 0 1
    outer loop
      vertex -6.61111 0.914612 3.35
      vertex -6.61111 -0.914627 3.35
      vertex -6.42094 -1.01628 3.35
    endloop
  endfacet
  facet normal -0 0 1
    outer loop
      vertex -6.77782 0.777817 3.35
      vertex -6.61111 -0.914627 3.35
      vertex -6.61111 0.914612 3.35
    endloop
  endfacet
  facet normal 0 0 1
    outer loop
      vertex -6.77782 0.777817 3.35
      vertex -6.77782 -0.777832 3.35
      vertex -6.61111 -0.914627 3.35
    endloop
  endfacet
  facet normal -0 0 1
    outer loop
      vertex -6.91461 0.611115 3.35
      vertex -6.77782 -0.777832 3.35
      vertex -6.77782 0.777817 3.35
    endloop
  endfacet
  facet normal 0 0 1
    outer loop
      vertex -6.91461 0.611115 3.35
      vertex -6.91461 -0.61113 3.35
      vertex -6.77782 -0.777832 3.35
    endloop
  endfacet
  facet normal -0 0 1
    outer loop
      vertex -7.01627 0.420944 3.35
      vertex -6.91461 -0.61113 3.35
      vertex -6.91461 0.611115 3.35
    endloop
  endfacet
  facet normal 0 0 1
    outer loop
      vertex -7.01627 0.420944 3.35
      vertex -7.01627 -0.420959 3.35
      vertex -6.91461 -0.61113 3.35
    endloop
  endfacet
  facet normal -0 0 1
    outer loop
      vertex -7.07886 0.214584 3.35
      vertex -7.01627 -0.420959 3.35
      vertex -7.01627 0.420944 3.35
    endloop
  endfacet
  facet normal 0 0 1
    outer loop
      vertex -7.07886 0.214584 3.35
      vertex -7.07886 -0.2146 3.35
      vertex -7.01627 -0.420959 3.35
    endloop
  endfacet
  facet normal 0 -0 1
    outer loop
      vertex -7.07886 -0.2146 3.35
      vertex -7.07886 0.214584 3.35
      vertex -7.09999 0 3.35
    endloop
  endfacet
  facet normal 0 0 1
    outer loop
      vertex -0.406586 -18.7066 3.35
      vertex -0.531219 -18.52 3.35
      vertex -0.478088 -18.6194 3.35
    endloop
  endfacet
  facet normal 0 0 -1
    outer loop
      vertex -1.14999 -17.15 -3.35
      vertex 1.14999 -17.15 -3.35
      vertex 0.531219 -18.52 -3.35
    endloop
  endfacet
  facet normal 0 0 -1
    outer loop
      vertex 7.07886 -0.2146 -3.35
      vertex 7.07886 0.214584 -3.35
      vertex 7.09999 0 -3.35
    endloop
  endfacet
  facet normal 0 0 -1
    outer loop
      vertex 7.01627 -0.420959 -3.35
      vertex 7.07886 0.214584 -3.35
      vertex 7.07886 -0.2146 -3.35
    endloop
  endfacet
  facet normal 0 0 -1
    outer loop
      vertex 7.01627 -0.420959 -3.35
      vertex 7.01627 0.420944 -3.35
      vertex 7.07886 0.214584 -3.35
    endloop
  endfacet
  facet normal 0 0 -1
    outer loop
      vertex 6.91461 -0.61113 -3.35
      vertex 7.01627 0.420944 -3.35
      vertex 7.01627 -0.420959 -3.35
    endloop
  endfacet
  facet normal 0 0 -1
    outer loop
      vertex 6.91461 -0.61113 -3.35
      vertex 6.91461 0.611115 -3.35
      vertex 7.01627 0.420944 -3.35
    endloop
  endfacet
  facet normal 0 0 -1
    outer loop
      vertex 6.77782 -0.777832 -3.35
      vertex 6.91461 0.611115 -3.35
      vertex 6.91461 -0.61113 -3.35
    endloop
  endfacet
  facet normal 0 0 -1
    outer loop
      vertex 6.77782 -0.777832 -3.35
      vertex 6.77782 0.777817 -3.35
      vertex 6.91461 0.611115 -3.35
    endloop
  endfacet
  facet normal 0 0 -1
    outer loop
      vertex 6.61111 -0.914627 -3.35
      vertex 6.77782 0.777817 -3.35
      vertex 6.77782 -0.777832 -3.35
    endloop
  endfacet
  facet normal 0 0 -1
    outer loop
      vertex 6.61111 -0.914627 -3.35
      vertex 6.61111 0.914612 -3.35
      vertex 6.77782 0.777817 -3.35
    endloop
  endfacet
  facet normal 0 0 -1
    outer loop
      vertex 6.42094 -1.01628 -3.35
      vertex 6.61111 0.914612 -3.35
      vertex 6.61111 -0.914627 -3.35
    endloop
  endfacet
  facet normal 0 0 -1
    outer loop
      vertex 6.42094 -1.01628 -3.35
      vertex 6.42094 1.01627 -3.35
      vertex 6.61111 0.914612 -3.35
    endloop
  endfacet
  facet normal 0 0 -1
    outer loop
      vertex 6.21458 -1.07887 -3.35
      vertex 6.42094 1.01627 -3.35
      vertex 6.42094 -1.01628 -3.35
    endloop
  endfacet
  facet normal 0 0 -1
    outer loop
      vertex 6.21458 -1.07887 -3.35
      vertex 6.21458 1.07886 -3.35
      vertex 6.42094 1.01627 -3.35
    endloop
  endfacet
  facet normal 0 0 -1
    outer loop
      vertex 6 -1.10001 -3.35
      vertex 6.21458 1.07886 -3.35
      vertex 6.21458 -1.07887 -3.35
    endloop
  endfacet
  facet normal 0 0 -1
    outer loop
      vertex 6 -1.10001 -3.35
      vertex 6 1.09999 -3.35
      vertex 6.21458 1.07886 -3.35
    endloop
  endfacet
  facet normal 0 0 -1
    outer loop
      vertex 1.14999 -1.10001 -3.35
      vertex 6 1.09999 -3.35
      vertex 6 -1.10001 -3.35
    endloop
  endfacet
  facet normal 0 0 -1
    outer loop
      vertex -0.531219 -18.52 -3.35
      vertex 0.531219 -18.52 -3.35
      vertex 0.478088 -18.6194 -3.35
    endloop
  endfacet
  facet normal 0 0 -1
    outer loop
      vertex -0.531219 -18.52 -3.35
      vertex 0.478088 -18.6194 -3.35
      vertex 0.406586 -18.7066 -3.35
    endloop
  endfacet
  facet normal 0 0 -1
    outer loop
      vertex -0.531219 -18.52 -3.35
      vertex 0.406586 -18.7066 -3.35
      vertex 0.319443 -18.7781 -3.35
    endloop
  endfacet
  facet normal 0 0 -1
    outer loop
      vertex -0.531219 -18.52 -3.35
      vertex 0.319443 -18.7781 -3.35
      vertex 0.220032 -18.8312 -3.35
    endloop
  endfacet
  facet normal 0 0 -1
    outer loop
      vertex -0.531219 -18.52 -3.35
      vertex 0.220032 -18.8312 -3.35
      vertex 0.112167 -18.8639 -3.35
    endloop
  endfacet
  facet normal 0 0 -1
    outer loop
      vertex -0.531219 -18.52 -3.35
      vertex 0.112167 -18.8639 -3.35
      vertex 0 -18.875 -3.35
    endloop
  endfacet
  facet normal 0 0 -1
    outer loop
      vertex -0.531219 -18.52 -3.35
      vertex 0 -18.875 -3.35
      vertex -0.112167 -18.8639 -3.35
    endloop
  endfacet
  facet normal 0 0 -1
    outer loop
      vertex -0.531219 -18.52 -3.35
      vertex -0.112167 -18.8639 -3.35
      vertex -0.220032 -18.8312 -3.35
    endloop
  endfacet
  facet normal 0 0 -1
    outer loop
      vertex -0.531219 -18.52 -3.35
      vertex -0.220032 -18.8312 -3.35
      vertex -0.319443 -18.7781 -3.35
    endloop
  endfacet
  facet normal 0 0 -1
    outer loop
      vertex -0.531219 -18.52 -3.35
      vertex -0.319443 -18.7781 -3.35
      vertex -0.406586 -18.7066 -3.35
    endloop
  endfacet
  facet normal 0 0 -1
    outer loop
      vertex -0.531219 -18.52 -3.35
      vertex -0.406586 -18.7066 -3.35
      vertex -0.478088 -18.6194 -3.35
    endloop
  endfacet
  facet normal 0 0 -1
    outer loop
      vertex 0.531219 -18.52 -3.35
      vertex -0.531219 -18.52 -3.35
      vertex -1.14999 -17.15 -3.35
    endloop
  endfacet
  facet normal 0 0 -1
    outer loop
      vertex 1.14999 -17.15 -3.35
      vertex -1.14999 -17.15 -3.35
      vertex 1.14999 -1.10001 -3.35
    endloop
  endfacet
  facet normal 0 0 -1
    outer loop
      vertex -1.14999 -1.10001 -3.35
      vertex 1.14999 -1.10001 -3.35
      vertex -1.14999 -17.15 -3.35
    endloop
  endfacet
  facet normal 0 0 -1
    outer loop
      vertex -1.14999 -1.10001 -3.35
      vertex 6 1.09999 -3.35
      vertex 1.14999 -1.10001 -3.35
    endloop
  endfacet
  facet normal 0 0 -1
    outer loop
      vertex -6 1.09999 -3.35
      vertex -1.14999 -1.10001 -3.35
      vertex -6 -1.10001 -3.35
    endloop
  endfacet
  facet normal 0 0 -1
    outer loop
      vertex -1.14999 -1.10001 -3.35
      vertex -6 1.09999 -3.35
      vertex 6 1.09999 -3.35
    endloop
  endfacet
  facet normal 0 0 -1
    outer loop
      vertex -6.21458 -1.07887 -3.35
      vertex -6 1.09999 -3.35
      vertex -6 -1.10001 -3.35
    endloop
  endfacet
  facet normal 0 0 -1
    outer loop
      vertex -6.21458 -1.07887 -3.35
      vertex -6.21458 1.07886 -3.35
      vertex -6 1.09999 -3.35
    endloop
  endfacet
  facet normal 0 0 -1
    outer loop
      vertex -6.42094 -1.01628 -3.35
      vertex -6.21458 1.07886 -3.35
      vertex -6.21458 -1.07887 -3.35
    endloop
  endfacet
  facet normal 0 0 -1
    outer loop
      vertex -6.42094 -1.01628 -3.35
      vertex -6.42094 1.01627 -3.35
      vertex -6.21458 1.07886 -3.35
    endloop
  endfacet
  facet normal 0 0 -1
    outer loop
      vertex -6.61111 -0.914627 -3.35
      vertex -6.42094 1.01627 -3.35
      vertex -6.42094 -1.01628 -3.35
    endloop
  endfacet
  facet normal 0 0 -1
    outer loop
      vertex -6.61111 -0.914627 -3.35
      vertex -6.61111 0.914612 -3.35
      vertex -6.42094 1.01627 -3.35
    endloop
  endfacet
  facet normal 0 0 -1
    outer loop
      vertex -6.77782 -0.777832 -3.35
      vertex -6.61111 0.914612 -3.35
      vertex -6.61111 -0.914627 -3.35
    endloop
  endfacet
  facet normal 0 0 -1
    outer loop
      vertex -6.77782 -0.777832 -3.35
      vertex -6.77782 0.777817 -3.35
      vertex -6.61111 0.914612 -3.35
    endloop
  endfacet
  facet normal 0 0 -1
    outer loop
      vertex -6.91461 -0.61113 -3.35
      vertex -6.77782 0.777817 -3.35
      vertex -6.77782 -0.777832 -3.35
    endloop
  endfacet
  facet normal 0 0 -1
    outer loop
      vertex -6.91461 -0.61113 -3.35
      vertex -6.91461 0.611115 -3.35
      vertex -6.77782 0.777817 -3.35
    endloop
  endfacet
  facet normal 0 0 -1
    outer loop
      vertex -7.01627 -0.420959 -3.35
      vertex -6.91461 0.611115 -3.35
      vertex -6.91461 -0.61113 -3.35
    endloop
  endfacet
  facet normal 0 0 -1
    outer loop
      vertex -7.01627 -0.420959 -3.35
      vertex -7.01627 0.420944 -3.35
      vertex -6.91461 0.611115 -3.35
    endloop
  endfacet
  facet normal 0 0 -1
    outer loop
      vertex -7.07886 -0.2146 -3.35
      vertex -7.01627 0.420944 -3.35
      vertex -7.01627 -0.420959 -3.35
    endloop
  endfacet
  facet normal 0 0 -1
    outer loop
      vertex -7.07886 -0.2146 -3.35
      vertex -7.07886 0.214584 -3.35
      vertex -7.01627 0.420944 -3.35
    endloop
  endfacet
  facet normal 0 -0 -1
    outer loop
      vertex -7.07886 0.214584 -3.35
      vertex -7.07886 -0.2146 -3.35
      vertex -7.09999 0 -3.35
    endloop
  endfacet
  facet normal 0.881919 -0.471401 0
    outer loop
      vertex 0.478088 -18.6194 3.35
      vertex 0.531219 -18.52 -3.35
      vertex 0.531219 -18.52 3.35
    endloop
  endfacet
  facet normal 0.881919 -0.471401 0
    outer loop
      vertex 0.531219 -18.52 -3.35
      vertex 0.478088 -18.6194 3.35
      vertex 0.478088 -18.6194 -3.35
    endloop
  endfacet
  facet normal 0.773276 -0.634069 0
    outer loop
      vertex 0.406586 -18.7066 3.35
      vertex 0.478088 -18.6194 -3.35
      vertex 0.478088 -18.6194 3.35
    endloop
  endfacet
  facet normal 0.773276 -0.634069 0
    outer loop
      vertex 0.478088 -18.6194 -3.35
      vertex 0.406586 -18.7066 3.35
      vertex 0.406586 -18.7066 -3.35
    endloop
  endfacet
  facet normal 0.634306 -0.773082 0
    outer loop
      vertex 0.319443 -18.7781 -3.35
      vertex 0.406586 -18.7066 3.35
      vertex 0.319443 -18.7781 3.35
    endloop
  endfacet
  facet normal 0.634306 -0.773082 0
    outer loop
      vertex 0.406586 -18.7066 3.35
      vertex 0.319443 -18.7781 -3.35
      vertex 0.406586 -18.7066 -3.35
    endloop
  endfacet
  facet normal 0.471146 -0.882055 0
    outer loop
      vertex 0.220032 -18.8312 -3.35
      vertex 0.319443 -18.7781 3.35
      vertex 0.220032 -18.8312 3.35
    endloop
  endfacet
  facet normal 0.471146 -0.882055 0
    outer loop
      vertex 0.319443 -18.7781 3.35
      vertex 0.220032 -18.8312 -3.35
      vertex 0.319443 -18.7781 -3.35
    endloop
  endfacet
  facet normal 0.290118 -0.956991 0
    outer loop
      vertex 0.112167 -18.8639 -3.35
      vertex 0.220032 -18.8312 3.35
      vertex 0.112167 -18.8639 3.35
    endloop
  endfacet
  facet normal 0.290118 -0.956991 0
    outer loop
      vertex 0.220032 -18.8312 3.35
      vertex 0.112167 -18.8639 -3.35
      vertex 0.220032 -18.8312 -3.35
    endloop
  endfacet
  facet normal 0.0984786 -0.995139 0
    outer loop
      vertex 0 -18.875 -3.35
      vertex 0.112167 -18.8639 3.35
      vertex 0 -18.875 3.35
    endloop
  endfacet
  facet normal 0.0984786 -0.995139 0
    outer loop
      vertex 0.112167 -18.8639 3.35
      vertex 0 -18.875 -3.35
      vertex 0.112167 -18.8639 -3.35
    endloop
  endfacet
  facet normal -0.0984786 -0.995139 0
    outer loop
      vertex -0.112167 -18.8639 -3.35
      vertex 0 -18.875 3.35
      vertex -0.112167 -18.8639 3.35
    endloop
  endfacet
  facet normal -0.0984786 -0.995139 -0
    outer loop
      vertex 0 -18.875 3.35
      vertex -0.112167 -18.8639 -3.35
      vertex 0 -18.875 -3.35
    endloop
  endfacet
  facet normal -0.290118 -0.956991 0
    outer loop
      vertex -0.220032 -18.8312 -3.35
      vertex -0.112167 -18.8639 3.35
      vertex -0.220032 -18.8312 3.35
    endloop
  endfacet
  facet normal -0.290118 -0.956991 -0
    outer loop
      vertex -0.112167 -18.8639 3.35
      vertex -0.220032 -18.8312 -3.35
      vertex -0.112167 -18.8639 -3.35
    endloop
  endfacet
  facet normal -0.471146 -0.882055 0
    outer loop
      vertex -0.319443 -18.7781 -3.35
      vertex -0.220032 -18.8312 3.35
      vertex -0.319443 -18.7781 3.35
    endloop
  endfacet
  facet normal -0.471146 -0.882055 -0
    outer loop
      vertex -0.220032 -18.8312 3.35
      vertex -0.319443 -18.7781 -3.35
      vertex -0.220032 -18.8312 -3.35
    endloop
  endfacet
  facet normal -0.634306 -0.773082 0
    outer loop
      vertex -0.406586 -18.7066 -3.35
      vertex -0.319443 -18.7781 3.35
      vertex -0.406586 -18.7066 3.35
    endloop
  endfacet
  facet normal -0.634306 -0.773082 -0
    outer loop
      vertex -0.319443 -18.7781 3.35
      vertex -0.406586 -18.7066 -3.35
      vertex -0.319443 -18.7781 -3.35
    endloop
  endfacet
  facet normal -0.773276 -0.634069 0
    outer loop
      vertex -0.406586 -18.7066 -3.35
      vertex -0.478088 -18.6194 3.35
      vertex -0.478088 -18.6194 -3.35
    endloop
  endfacet
  facet normal -0.773276 -0.634069 0
    outer loop
      vertex -0.478088 -18.6194 3.35
      vertex -0.406586 -18.7066 -3.35
      vertex -0.406586 -18.7066 3.35
    endloop
  endfacet
  facet normal -0.881919 -0.471401 0
    outer loop
      vertex -0.478088 -18.6194 -3.35
      vertex -0.531219 -18.52 3.35
      vertex -0.531219 -18.52 -3.35
    endloop
  endfacet
  facet normal -0.881919 -0.471401 0
    outer loop
      vertex -0.531219 -18.52 3.35
      vertex -0.478088 -18.6194 -3.35
      vertex -0.478088 -18.6194 3.35
    endloop
  endfacet
  facet normal -0.911355 -0.411621 0
    outer loop
      vertex -0.531219 -18.52 -3.35
      vertex -1.14999 -17.15 3.35
      vertex -1.14999 -17.15 -3.35
    endloop
  endfacet
  facet normal -0.911355 -0.411621 0
    outer loop
      vertex -1.14999 -17.15 3.35
      vertex -0.531219 -18.52 -3.35
      vertex -0.531219 -18.52 3.35
    endloop
  endfacet
  facet normal -1 0 0
    outer loop
      vertex -1.14999 -17.15 -3.35
      vertex -1.14999 -1.10001 3.35
      vertex -1.14999 -1.10001 -3.35
    endloop
  endfacet
  facet normal -1 -0 0
    outer loop
      vertex -1.14999 -1.10001 3.35
      vertex -1.14999 -17.15 -3.35
      vertex -1.14999 -17.15 3.35
    endloop
  endfacet
  facet normal 0 -1 0
    outer loop
      vertex -6 -1.10001 -3.35
      vertex -1.14999 -1.10001 3.35
      vertex -6 -1.10001 3.35
    endloop
  endfacet
  facet normal 0 -1 -0
    outer loop
      vertex -1.14999 -1.10001 3.35
      vertex -6 -1.10001 -3.35
      vertex -1.14999 -1.10001 -3.35
    endloop
  endfacet
  facet normal -0.0980434 -0.995182 0
    outer loop
      vertex -6.21458 -1.07887 -3.35
      vertex -6 -1.10001 3.35
      vertex -6.21458 -1.07887 3.35
    endloop
  endfacet
  facet normal -0.0980434 -0.995182 -0
    outer loop
      vertex -6 -1.10001 3.35
      vertex -6.21458 -1.07887 -3.35
      vertex -6 -1.10001 -3.35
    endloop
  endfacet
  facet normal -0.290248 -0.956951 0
    outer loop
      vertex -6.42094 -1.01628 -3.35
      vertex -6.21458 -1.07887 3.35
      vertex -6.42094 -1.01628 3.35
    endloop
  endfacet
  facet normal -0.290248 -0.956951 -0
    outer loop
      vertex -6.21458 -1.07887 3.35
      vertex -6.42094 -1.01628 -3.35
      vertex -6.21458 -1.07887 -3.35
    endloop
  endfacet
  facet normal -0.471415 -0.881912 0
    outer loop
      vertex -6.61111 -0.914627 -3.35
      vertex -6.42094 -1.01628 3.35
      vertex -6.61111 -0.914627 3.35
    endloop
  endfacet
  facet normal -0.471415 -0.881912 -0
    outer loop
      vertex -6.42094 -1.01628 3.35
      vertex -6.61111 -0.914627 -3.35
      vertex -6.42094 -1.01628 -3.35
    endloop
  endfacet
  facet normal -0.634337 -0.773057 0
    outer loop
      vertex -6.77782 -0.777832 -3.35
      vertex -6.61111 -0.914627 3.35
      vertex -6.77782 -0.777832 3.35
    endloop
  endfacet
  facet normal -0.634337 -0.773057 -0
    outer loop
      vertex -6.61111 -0.914627 3.35
      vertex -6.77782 -0.777832 -3.35
      vertex -6.61111 -0.914627 -3.35
    endloop
  endfacet
  facet normal -0.773053 -0.634341 0
    outer loop
      vertex -6.77782 -0.777832 -3.35
      vertex -6.91461 -0.61113 3.35
      vertex -6.91461 -0.61113 -3.35
    endloop
  endfacet
  facet normal -0.773053 -0.634341 0
    outer loop
      vertex -6.91461 -0.61113 3.35
      vertex -6.77782 -0.777832 -3.35
      vertex -6.77782 -0.777832 3.35
    endloop
  endfacet
  facet normal -0.881899 -0.471438 0
    outer loop
      vertex -6.91461 -0.61113 -3.35
      vertex -7.01627 -0.420959 3.35
      vertex -7.01627 -0.420959 -3.35
    endloop
  endfacet
  facet normal -0.881899 -0.471438 0
    outer loop
      vertex -7.01627 -0.420959 3.35
      vertex -6.91461 -0.61113 -3.35
      vertex -6.91461 -0.61113 3.35
    endloop
  endfacet
  facet normal -0.956951 -0.290249 0
    outer loop
      vertex -7.01627 -0.420959 -3.35
      vertex -7.07886 -0.2146 3.35
      vertex -7.07886 -0.2146 -3.35
    endloop
  endfacet
  facet normal -0.956951 -0.290249 0
    outer loop
      vertex -7.07886 -0.2146 3.35
      vertex -7.01627 -0.420959 -3.35
      vertex -7.01627 -0.420959 3.35
    endloop
  endfacet
  facet normal -0.995188 -0.0979884 0
    outer loop
      vertex -7.07886 -0.2146 -3.35
      vertex -7.09999 0 3.35
      vertex -7.09999 0 -3.35
    endloop
  endfacet
  facet normal -0.995188 -0.0979884 0
    outer loop
      vertex -7.09999 0 3.35
      vertex -7.07886 -0.2146 -3.35
      vertex -7.07886 -0.2146 3.35
    endloop
  endfacet
  facet normal -0.995187 0.0979956 0
    outer loop
      vertex -7.09999 0 -3.35
      vertex -7.07886 0.214584 3.35
      vertex -7.07886 0.214584 -3.35
    endloop
  endfacet
  facet normal -0.995187 0.0979956 0
    outer loop
      vertex -7.07886 0.214584 3.35
      vertex -7.09999 0 -3.35
      vertex -7.09999 0 3.35
    endloop
  endfacet
  facet normal -0.956951 0.290248 0
    outer loop
      vertex -7.07886 0.214584 -3.35
      vertex -7.01627 0.420944 3.35
      vertex -7.01627 0.420944 -3.35
    endloop
  endfacet
  facet normal -0.956951 0.290248 0
    outer loop
      vertex -7.01627 0.420944 3.35
      vertex -7.07886 0.214584 -3.35
      vertex -7.07886 0.214584 3.35
    endloop
  endfacet
  facet normal -0.881899 0.471438 0
    outer loop
      vertex -7.01627 0.420944 -3.35
      vertex -6.91461 0.611115 3.35
      vertex -6.91461 0.611115 -3.35
    endloop
  endfacet
  facet normal -0.881899 0.471438 0
    outer loop
      vertex -6.91461 0.611115 3.35
      vertex -7.01627 0.420944 -3.35
      vertex -7.01627 0.420944 3.35
    endloop
  endfacet
  facet normal -0.773053 0.634341 0
    outer loop
      vertex -6.91461 0.611115 -3.35
      vertex -6.77782 0.777817 3.35
      vertex -6.77782 0.777817 -3.35
    endloop
  endfacet
  facet normal -0.773053 0.634341 0
    outer loop
      vertex -6.77782 0.777817 3.35
      vertex -6.91461 0.611115 -3.35
      vertex -6.91461 0.611115 3.35
    endloop
  endfacet
  facet normal -0.634337 0.773057 0
    outer loop
      vertex -6.61111 0.914612 -3.35
      vertex -6.77782 0.777817 3.35
      vertex -6.61111 0.914612 3.35
    endloop
  endfacet
  facet normal -0.634337 0.773057 0
    outer loop
      vertex -6.77782 0.777817 3.35
      vertex -6.61111 0.914612 -3.35
      vertex -6.77782 0.777817 -3.35
    endloop
  endfacet
  facet normal -0.471433 0.881902 0
    outer loop
      vertex -6.42094 1.01627 -3.35
      vertex -6.61111 0.914612 3.35
      vertex -6.42094 1.01627 3.35
    endloop
  endfacet
  facet normal -0.471433 0.881902 0
    outer loop
      vertex -6.61111 0.914612 3.35
      vertex -6.42094 1.01627 -3.35
      vertex -6.61111 0.914612 -3.35
    endloop
  endfacet
  facet normal -0.290248 0.956951 0
    outer loop
      vertex -6.21458 1.07886 -3.35
      vertex -6.42094 1.01627 3.35
      vertex -6.21458 1.07886 3.35
    endloop
  endfacet
  facet normal -0.290248 0.956951 0
    outer loop
      vertex -6.42094 1.01627 3.35
      vertex -6.21458 1.07886 -3.35
      vertex -6.42094 1.01627 -3.35
    endloop
  endfacet
  facet normal -0.0979975 0.995187 0
    outer loop
      vertex -6 1.09999 -3.35
      vertex -6.21458 1.07886 3.35
      vertex -6 1.09999 3.35
    endloop
  endfacet
  facet normal -0.0979975 0.995187 0
    outer loop
      vertex -6.21458 1.07886 3.35
      vertex -6 1.09999 -3.35
      vertex -6.21458 1.07886 -3.35
    endloop
  endfacet
  facet normal 0 1 -0
    outer loop
      vertex 6 1.09999 -3.35
      vertex -6 1.09999 3.35
      vertex 6 1.09999 3.35
    endloop
  endfacet
  facet normal 0 1 0
    outer loop
      vertex -6 1.09999 3.35
      vertex 6 1.09999 -3.35
      vertex -6 1.09999 -3.35
    endloop
  endfacet
  facet normal 0.0979975 0.995187 -0
    outer loop
      vertex 6.21458 1.07886 -3.35
      vertex 6 1.09999 3.35
      vertex 6.21458 1.07886 3.35
    endloop
  endfacet
  facet normal 0.0979975 0.995187 0
    outer loop
      vertex 6 1.09999 3.35
      vertex 6.21458 1.07886 -3.35
      vertex 6 1.09999 -3.35
    endloop
  endfacet
  facet normal 0.290248 0.956951 -0
    outer loop
      vertex 6.42094 1.01627 -3.35
      vertex 6.21458 1.07886 3.35
      vertex 6.42094 1.01627 3.35
    endloop
  endfacet
  facet normal 0.290248 0.956951 0
    outer loop
      vertex 6.21458 1.07886 3.35
      vertex 6.42094 1.01627 -3.35
      vertex 6.21458 1.07886 -3.35
    endloop
  endfacet
  facet normal 0.471433 0.881902 -0
    outer loop
      vertex 6.61111 0.914612 -3.35
      vertex 6.42094 1.01627 3.35
      vertex 6.61111 0.914612 3.35
    endloop
  endfacet
  facet normal 0.471433 0.881902 0
    outer loop
      vertex 6.42094 1.01627 3.35
      vertex 6.61111 0.914612 -3.35
      vertex 6.42094 1.01627 -3.35
    endloop
  endfacet
  facet normal 0.634337 0.773057 -0
    outer loop
      vertex 6.77782 0.777817 -3.35
      vertex 6.61111 0.914612 3.35
      vertex 6.77782 0.777817 3.35
    endloop
  endfacet
  facet normal 0.634337 0.773057 0
    outer loop
      vertex 6.61111 0.914612 3.35
      vertex 6.77782 0.777817 -3.35
      vertex 6.61111 0.914612 -3.35
    endloop
  endfacet
  facet normal 0.773053 0.634341 0
    outer loop
      vertex 6.91461 0.611115 3.35
      vertex 6.77782 0.777817 -3.35
      vertex 6.77782 0.777817 3.35
    endloop
  endfacet
  facet normal 0.773053 0.634341 0
    outer loop
      vertex 6.77782 0.777817 -3.35
      vertex 6.91461 0.611115 3.35
      vertex 6.91461 0.611115 -3.35
    endloop
  endfacet
  facet normal 0.881899 0.471438 0
    outer loop
      vertex 7.01627 0.420944 3.35
      vertex 6.91461 0.611115 -3.35
      vertex 6.91461 0.611115 3.35
    endloop
  endfacet
  facet normal 0.881899 0.471438 0
    outer loop
      vertex 6.91461 0.611115 -3.35
      vertex 7.01627 0.420944 3.35
      vertex 7.01627 0.420944 -3.35
    endloop
  endfacet
  facet normal 0.956951 0.290248 0
    outer loop
      vertex 7.07886 0.214584 3.35
      vertex 7.01627 0.420944 -3.35
      vertex 7.01627 0.420944 3.35
    endloop
  endfacet
  facet normal 0.956951 0.290248 0
    outer loop
      vertex 7.01627 0.420944 -3.35
      vertex 7.07886 0.214584 3.35
      vertex 7.07886 0.214584 -3.35
    endloop
  endfacet
  facet normal 0.995187 0.0979956 0
    outer loop
      vertex 7.09999 0 3.35
      vertex 7.07886 0.214584 -3.35
      vertex 7.07886 0.214584 3.35
    endloop
  endfacet
  facet normal 0.995187 0.0979956 0
    outer loop
      vertex 7.07886 0.214584 -3.35
      vertex 7.09999 0 3.35
      vertex 7.09999 0 -3.35
    endloop
  endfacet
  facet normal 0.995188 -0.0979884 0
    outer loop
      vertex 7.07886 -0.2146 3.35
      vertex 7.09999 0 -3.35
      vertex 7.09999 0 3.35
    endloop
  endfacet
  facet normal 0.995188 -0.0979884 0
    outer loop
      vertex 7.09999 0 -3.35
      vertex 7.07886 -0.2146 3.35
      vertex 7.07886 -0.2146 -3.35
    endloop
  endfacet
  facet normal 0.956951 -0.290249 0
    outer loop
      vertex 7.01627 -0.420959 3.35
      vertex 7.07886 -0.2146 -3.35
      vertex 7.07886 -0.2146 3.35
    endloop
  endfacet
  facet normal 0.956951 -0.290249 0
    outer loop
      vertex 7.07886 -0.2146 -3.35
      vertex 7.01627 -0.420959 3.35
      vertex 7.01627 -0.420959 -3.35
    endloop
  endfacet
  facet normal 0.881899 -0.471438 0
    outer loop
      vertex 6.91461 -0.61113 3.35
      vertex 7.01627 -0.420959 -3.35
      vertex 7.01627 -0.420959 3.35
    endloop
  endfacet
  facet normal 0.881899 -0.471438 0
    outer loop
      vertex 7.01627 -0.420959 -3.35
      vertex 6.91461 -0.61113 3.35
      vertex 6.91461 -0.61113 -3.35
    endloop
  endfacet
  facet normal 0.773053 -0.634341 0
    outer loop
      vertex 6.77782 -0.777832 3.35
      vertex 6.91461 -0.61113 -3.35
      vertex 6.91461 -0.61113 3.35
    endloop
  endfacet
  facet normal 0.773053 -0.634341 0
    outer loop
      vertex 6.91461 -0.61113 -3.35
      vertex 6.77782 -0.777832 3.35
      vertex 6.77782 -0.777832 -3.35
    endloop
  endfacet
  facet normal 0.634337 -0.773057 0
    outer loop
      vertex 6.61111 -0.914627 -3.35
      vertex 6.77782 -0.777832 3.35
      vertex 6.61111 -0.914627 3.35
    endloop
  endfacet
  facet normal 0.634337 -0.773057 0
    outer loop
      vertex 6.77782 -0.777832 3.35
      vertex 6.61111 -0.914627 -3.35
      vertex 6.77782 -0.777832 -3.35
    endloop
  endfacet
  facet normal 0.471415 -0.881912 0
    outer loop
      vertex 6.42094 -1.01628 -3.35
      vertex 6.61111 -0.914627 3.35
      vertex 6.42094 -1.01628 3.35
    endloop
  endfacet
  facet normal 0.471415 -0.881912 0
    outer loop
      vertex 6.61111 -0.914627 3.35
      vertex 6.42094 -1.01628 -3.35
      vertex 6.61111 -0.914627 -3.35
    endloop
  endfacet
  facet normal 0.290248 -0.956951 0
    outer loop
      vertex 6.21458 -1.07887 -3.35
      vertex 6.42094 -1.01628 3.35
      vertex 6.21458 -1.07887 3.35
    endloop
  endfacet
  facet normal 0.290248 -0.956951 0
    outer loop
      vertex 6.42094 -1.01628 3.35
      vertex 6.21458 -1.07887 -3.35
      vertex 6.42094 -1.01628 -3.35
    endloop
  endfacet
  facet normal 0.0980434 -0.995182 0
    outer loop
      vertex 6 -1.10001 -3.35
      vertex 6.21458 -1.07887 3.35
      vertex 6 -1.10001 3.35
    endloop
  endfacet
  facet normal 0.0980434 -0.995182 0
    outer loop
      vertex 6.21458 -1.07887 3.35
      vertex 6 -1.10001 -3.35
      vertex 6.21458 -1.07887 -3.35
    endloop
  endfacet
  facet normal 0 -1 0
    outer loop
      vertex 1.14999 -1.10001 -3.35
      vertex 6 -1.10001 3.35
      vertex 1.14999 -1.10001 3.35
    endloop
  endfacet
  facet normal 0 -1 -0
    outer loop
      vertex 6 -1.10001 3.35
      vertex 1.14999 -1.10001 -3.35
      vertex 6 -1.10001 -3.35
    endloop
  endfacet
  facet normal 1 -0 0
    outer loop
      vertex 1.14999 -17.15 3.35
      vertex 1.14999 -1.10001 -3.35
      vertex 1.14999 -1.10001 3.35
    endloop
  endfacet
  facet normal 1 0 0
    outer loop
      vertex 1.14999 -1.10001 -3.35
      vertex 1.14999 -17.15 3.35
      vertex 1.14999 -17.15 -3.35
    endloop
  endfacet
  facet normal 0.911355 -0.411621 0
    outer loop
      vertex 0.531219 -18.52 3.35
      vertex 1.14999 -17.15 -3.35
      vertex 1.14999 -17.15 3.35
    endloop
  endfacet
  facet normal 0.911355 -0.411621 0
    outer loop
      vertex 1.14999 -17.15 -3.35
      vertex 0.531219 -18.52 3.35
      vertex 0.531219 -18.52 -3.35
    endloop
  endfacet
  facet normal 0 0 1
    outer loop
      vertex -2.92114 5.21458 3.35
      vertex -2.92114 4.7854 3.35
      vertex -2.90001 5 3.35
    endloop
  endfacet
  facet normal 0 0 1
    outer loop
      vertex -2.98373 5.42094 3.35
      vertex -2.92114 4.7854 3.35
      vertex -2.92114 5.21458 3.35
    endloop
  endfacet
  facet normal 0 0 1
    outer loop
      vertex -2.98373 5.42094 3.35
      vertex -2.98373 4.57904 3.35
      vertex -2.92114 4.7854 3.35
    endloop
  endfacet
  facet normal 0 0 1
    outer loop
      vertex -3.08539 5.61111 3.35
      vertex -2.98373 4.57904 3.35
      vertex -2.98373 5.42094 3.35
    endloop
  endfacet
  facet normal 0 0 1
    outer loop
      vertex -3.08539 5.61111 3.35
      vertex -3.08539 4.38887 3.35
      vertex -2.98373 4.57904 3.35
    endloop
  endfacet
  facet normal 0 0 1
    outer loop
      vertex -3.22218 5.77782 3.35
      vertex -3.08539 4.38887 3.35
      vertex -3.08539 5.61111 3.35
    endloop
  endfacet
  facet normal 0 0 1
    outer loop
      vertex -3.22218 5.77782 3.35
      vertex -3.22218 4.22217 3.35
      vertex -3.08539 4.38887 3.35
    endloop
  endfacet
  facet normal 0 0 1
    outer loop
      vertex -3.38889 5.91461 3.35
      vertex -3.22218 4.22217 3.35
      vertex -3.22218 5.77782 3.35
    endloop
  endfacet
  facet normal 0 0 1
    outer loop
      vertex -3.38889 5.91461 3.35
      vertex -3.38889 4.08537 3.35
      vertex -3.22218 4.22217 3.35
    endloop
  endfacet
  facet normal 0 0 1
    outer loop
      vertex -3.57906 6.01627 3.35
      vertex -3.38889 4.08537 3.35
      vertex -3.38889 5.91461 3.35
    endloop
  endfacet
  facet normal 0 0 1
    outer loop
      vertex -3.57906 6.01627 3.35
      vertex -3.57906 3.98372 3.35
      vertex -3.38889 4.08537 3.35
    endloop
  endfacet
  facet normal 0 0 1
    outer loop
      vertex -3.78542 6.07886 3.35
      vertex -3.57906 3.98372 3.35
      vertex -3.57906 6.01627 3.35
    endloop
  endfacet
  facet normal 0 0 1
    outer loop
      vertex -3.78542 6.07886 3.35
      vertex -3.78542 3.92113 3.35
      vertex -3.57906 3.98372 3.35
    endloop
  endfacet
  facet normal 0 0 1
    outer loop
      vertex -4 6.09999 3.35
      vertex -3.78542 3.92113 3.35
      vertex -3.78542 6.07886 3.35
    endloop
  endfacet
  facet normal 0 0 1
    outer loop
      vertex -4 6.09999 3.35
      vertex -4 3.89999 3.35
      vertex -3.78542 3.92113 3.35
    endloop
  endfacet
  facet normal 0 0 1
    outer loop
      vertex -4 6.09999 3.35
      vertex -8.85001 3.89999 3.35
      vertex -4 3.89999 3.35
    endloop
  endfacet
  facet normal 0 0 1
    outer loop
      vertex -11.15 -12.15 3.35
      vertex -8.85001 -12.15 3.35
      vertex -8.85001 3.89999 3.35
    endloop
  endfacet
  facet normal 0 0 1
    outer loop
      vertex -8.85001 -12.15 3.35
      vertex -11.15 -12.15 3.35
      vertex -9.46878 -13.52 3.35
    endloop
  endfacet
  facet normal 0 -0 1
    outer loop
      vertex -10.5312 -13.52 3.35
      vertex -9.46878 -13.52 3.35
      vertex -11.15 -12.15 3.35
    endloop
  endfacet
  facet normal 0 0 1
    outer loop
      vertex -9.46878 -13.52 3.35
      vertex -10.5312 -13.52 3.35
      vertex -9.52191 -13.6194 3.35
    endloop
  endfacet
  facet normal 0 0 1
    outer loop
      vertex -9.52191 -13.6194 3.35
      vertex -10.5312 -13.52 3.35
      vertex -9.59341 -13.7066 3.35
    endloop
  endfacet
  facet normal 0 0 1
    outer loop
      vertex -9.59341 -13.7066 3.35
      vertex -10.5312 -13.52 3.35
      vertex -9.68056 -13.7781 3.35
    endloop
  endfacet
  facet normal 0 0 1
    outer loop
      vertex -9.68056 -13.7781 3.35
      vertex -10.5312 -13.52 3.35
      vertex -9.77997 -13.8312 3.35
    endloop
  endfacet
  facet normal 0 0 1
    outer loop
      vertex -9.77997 -13.8312 3.35
      vertex -10.5312 -13.52 3.35
      vertex -9.88783 -13.8639 3.35
    endloop
  endfacet
  facet normal 0 0 1
    outer loop
      vertex -9.88783 -13.8639 3.35
      vertex -10.5312 -13.52 3.35
      vertex -10 -13.875 3.35
    endloop
  endfacet
  facet normal 0 0 1
    outer loop
      vertex -10 -13.875 3.35
      vertex -10.5312 -13.52 3.35
      vertex -10.1122 -13.8639 3.35
    endloop
  endfacet
  facet normal 0 0 1
    outer loop
      vertex -10.1122 -13.8639 3.35
      vertex -10.5312 -13.52 3.35
      vertex -10.22 -13.8312 3.35
    endloop
  endfacet
  facet normal 0 0 1
    outer loop
      vertex -10.22 -13.8312 3.35
      vertex -10.5312 -13.52 3.35
      vertex -10.3194 -13.7781 3.35
    endloop
  endfacet
  facet normal 0 0 1
    outer loop
      vertex -10.3194 -13.7781 3.35
      vertex -10.5312 -13.52 3.35
      vertex -10.4066 -13.7066 3.35
    endloop
  endfacet
  facet normal 0 0 1
    outer loop
      vertex -11.15 -12.15 3.35
      vertex -8.85001 3.89999 3.35
      vertex -11.15 3.89999 3.35
    endloop
  endfacet
  facet normal 0 0 1
    outer loop
      vertex -4 6.09999 3.35
      vertex -11.15 3.89999 3.35
      vertex -8.85001 3.89999 3.35
    endloop
  endfacet
  facet normal -0 0 1
    outer loop
      vertex -16 6.09999 3.35
      vertex -11.15 3.89999 3.35
      vertex -4 6.09999 3.35
    endloop
  endfacet
  facet normal 0 0 1
    outer loop
      vertex -16 6.09999 3.35
      vertex -16 3.89999 3.35
      vertex -11.15 3.89999 3.35
    endloop
  endfacet
  facet normal -0 0 1
    outer loop
      vertex -16.2146 6.07886 3.35
      vertex -16 3.89999 3.35
      vertex -16 6.09999 3.35
    endloop
  endfacet
  facet normal 0 0 1
    outer loop
      vertex -16.2146 6.07886 3.35
      vertex -16.2146 3.92113 3.35
      vertex -16 3.89999 3.35
    endloop
  endfacet
  facet normal -0 0 1
    outer loop
      vertex -16.4209 6.01627 3.35
      vertex -16.2146 3.92113 3.35
      vertex -16.2146 6.07886 3.35
    endloop
  endfacet
  facet normal 0 0 1
    outer loop
      vertex -16.4209 6.01627 3.35
      vertex -16.4209 3.98372 3.35
      vertex -16.2146 3.92113 3.35
    endloop
  endfacet
  facet normal -0 0 1
    outer loop
      vertex -16.6111 5.91461 3.35
      vertex -16.4209 3.98372 3.35
      vertex -16.4209 6.01627 3.35
    endloop
  endfacet
  facet normal 0 0 1
    outer loop
      vertex -16.6111 5.91461 3.35
      vertex -16.6111 4.08537 3.35
      vertex -16.4209 3.98372 3.35
    endloop
  endfacet
  facet normal -0 0 1
    outer loop
      vertex -16.7778 5.77782 3.35
      vertex -16.6111 4.08537 3.35
      vertex -16.6111 5.91461 3.35
    endloop
  endfacet
  facet normal 0 0 1
    outer loop
      vertex -16.7778 5.77782 3.35
      vertex -16.7778 4.22217 3.35
      vertex -16.6111 4.08537 3.35
    endloop
  endfacet
  facet normal -0 0 1
    outer loop
      vertex -16.9146 5.61111 3.35
      vertex -16.7778 4.22217 3.35
      vertex -16.7778 5.77782 3.35
    endloop
  endfacet
  facet normal 0 0 1
    outer loop
      vertex -16.9146 5.61111 3.35
      vertex -16.9146 4.38887 3.35
      vertex -16.7778 4.22217 3.35
    endloop
  endfacet
  facet normal -0 0 1
    outer loop
      vertex -17.0163 5.42094 3.35
      vertex -16.9146 4.38887 3.35
      vertex -16.9146 5.61111 3.35
    endloop
  endfacet
  facet normal 0 0 1
    outer loop
      vertex -17.0163 5.42094 3.35
      vertex -17.0163 4.57904 3.35
      vertex -16.9146 4.38887 3.35
    endloop
  endfacet
  facet normal -0 0 1
    outer loop
      vertex -17.0789 5.21458 3.35
      vertex -17.0163 4.57904 3.35
      vertex -17.0163 5.42094 3.35
    endloop
  endfacet
  facet normal 0 0 1
    outer loop
      vertex -17.0789 5.21458 3.35
      vertex -17.0789 4.7854 3.35
      vertex -17.0163 4.57904 3.35
    endloop
  endfacet
  facet normal 0 -0 1
    outer loop
      vertex -17.0789 4.7854 3.35
      vertex -17.0789 5.21458 3.35
      vertex -17.1 5 3.35
    endloop
  endfacet
  facet normal 0 0 1
    outer loop
      vertex -10.4066 -13.7066 3.35
      vertex -10.5312 -13.52 3.35
      vertex -10.4781 -13.6194 3.35
    endloop
  endfacet
  facet normal 0 0 -1
    outer loop
      vertex -11.15 -12.15 -3.35
      vertex -8.85001 -12.15 -3.35
      vertex -9.46878 -13.52 -3.35
    endloop
  endfacet
  facet normal 0 0 -1
    outer loop
      vertex -2.92114 4.7854 -3.35
      vertex -2.92114 5.21458 -3.35
      vertex -2.90001 5 -3.35
    endloop
  endfacet
  facet normal 0 0 -1
    outer loop
      vertex -2.98373 4.57904 -3.35
      vertex -2.92114 5.21458 -3.35
      vertex -2.92114 4.7854 -3.35
    endloop
  endfacet
  facet normal 0 0 -1
    outer loop
      vertex -2.98373 4.57904 -3.35
      vertex -2.98373 5.42094 -3.35
      vertex -2.92114 5.21458 -3.35
    endloop
  endfacet
  facet normal 0 0 -1
    outer loop
      vertex -3.08539 4.38887 -3.35
      vertex -2.98373 5.42094 -3.35
      vertex -2.98373 4.57904 -3.35
    endloop
  endfacet
  facet normal 0 0 -1
    outer loop
      vertex -3.08539 4.38887 -3.35
      vertex -3.08539 5.61111 -3.35
      vertex -2.98373 5.42094 -3.35
    endloop
  endfacet
  facet normal 0 0 -1
    outer loop
      vertex -3.22218 4.22217 -3.35
      vertex -3.08539 5.61111 -3.35
      vertex -3.08539 4.38887 -3.35
    endloop
  endfacet
  facet normal 0 0 -1
    outer loop
      vertex -3.22218 4.22217 -3.35
      vertex -3.22218 5.77782 -3.35
      vertex -3.08539 5.61111 -3.35
    endloop
  endfacet
  facet normal 0 0 -1
    outer loop
      vertex -3.38889 4.08537 -3.35
      vertex -3.22218 5.77782 -3.35
      vertex -3.22218 4.22217 -3.35
    endloop
  endfacet
  facet normal 0 0 -1
    outer loop
      vertex -3.38889 4.08537 -3.35
      vertex -3.38889 5.91461 -3.35
      vertex -3.22218 5.77782 -3.35
    endloop
  endfacet
  facet normal 0 0 -1
    outer loop
      vertex -3.57906 3.98372 -3.35
      vertex -3.38889 5.91461 -3.35
      vertex -3.38889 4.08537 -3.35
    endloop
  endfacet
  facet normal 0 0 -1
    outer loop
      vertex -3.57906 3.98372 -3.35
      vertex -3.57906 6.01627 -3.35
      vertex -3.38889 5.91461 -3.35
    endloop
  endfacet
  facet normal 0 0 -1
    outer loop
      vertex -3.78542 3.92113 -3.35
      vertex -3.57906 6.01627 -3.35
      vertex -3.57906 3.98372 -3.35
    endloop
  endfacet
  facet normal 0 0 -1
    outer loop
      vertex -3.78542 3.92113 -3.35
      vertex -3.78542 6.07886 -3.35
      vertex -3.57906 6.01627 -3.35
    endloop
  endfacet
  facet normal 0 0 -1
    outer loop
      vertex -4 3.89999 -3.35
      vertex -3.78542 6.07886 -3.35
      vertex -3.78542 3.92113 -3.35
    endloop
  endfacet
  facet normal 0 0 -1
    outer loop
      vertex -4 3.89999 -3.35
      vertex -4 6.09999 -3.35
      vertex -3.78542 6.07886 -3.35
    endloop
  endfacet
  facet normal 0 0 -1
    outer loop
      vertex -8.85001 3.89999 -3.35
      vertex -4 6.09999 -3.35
      vertex -4 3.89999 -3.35
    endloop
  endfacet
  facet normal 0 0 -1
    outer loop
      vertex -10.5312 -13.52 -3.35
      vertex -9.46878 -13.52 -3.35
      vertex -9.52191 -13.6194 -3.35
    endloop
  endfacet
  facet normal 0 0 -1
    outer loop
      vertex -10.5312 -13.52 -3.35
      vertex -9.52191 -13.6194 -3.35
      vertex -9.59341 -13.7066 -3.35
    endloop
  endfacet
  facet normal 0 0 -1
    outer loop
      vertex -10.5312 -13.52 -3.35
      vertex -9.59341 -13.7066 -3.35
      vertex -9.68056 -13.7781 -3.35
    endloop
  endfacet
  facet normal 0 0 -1
    outer loop
      vertex -10.5312 -13.52 -3.35
      vertex -9.68056 -13.7781 -3.35
      vertex -9.77997 -13.8312 -3.35
    endloop
  endfacet
  facet normal 0 0 -1
    outer loop
      vertex -10.5312 -13.52 -3.35
      vertex -9.77997 -13.8312 -3.35
      vertex -9.88783 -13.8639 -3.35
    endloop
  endfacet
  facet normal 0 0 -1
    outer loop
      vertex -10.5312 -13.52 -3.35
      vertex -9.88783 -13.8639 -3.35
      vertex -10 -13.875 -3.35
    endloop
  endfacet
  facet normal 0 0 -1
    outer loop
      vertex -10.5312 -13.52 -3.35
      vertex -10 -13.875 -3.35
      vertex -10.1122 -13.8639 -3.35
    endloop
  endfacet
  facet normal 0 0 -1
    outer loop
      vertex -10.5312 -13.52 -3.35
      vertex -10.1122 -13.8639 -3.35
      vertex -10.22 -13.8312 -3.35
    endloop
  endfacet
  facet normal 0 0 -1
    outer loop
      vertex -10.5312 -13.52 -3.35
      vertex -10.22 -13.8312 -3.35
      vertex -10.3194 -13.7781 -3.35
    endloop
  endfacet
  facet normal 0 0 -1
    outer loop
      vertex -10.5312 -13.52 -3.35
      vertex -10.3194 -13.7781 -3.35
      vertex -10.4066 -13.7066 -3.35
    endloop
  endfacet
  facet normal 0 0 -1
    outer loop
      vertex -10.5312 -13.52 -3.35
      vertex -10.4066 -13.7066 -3.35
      vertex -10.4781 -13.6194 -3.35
    endloop
  endfacet
  facet normal 0 0 -1
    outer loop
      vertex -9.46878 -13.52 -3.35
      vertex -10.5312 -13.52 -3.35
      vertex -11.15 -12.15 -3.35
    endloop
  endfacet
  facet normal 0 0 -1
    outer loop
      vertex -8.85001 -12.15 -3.35
      vertex -11.15 -12.15 -3.35
      vertex -8.85001 3.89999 -3.35
    endloop
  endfacet
  facet normal 0 0 -1
    outer loop
      vertex -11.15 3.89999 -3.35
      vertex -8.85001 3.89999 -3.35
      vertex -11.15 -12.15 -3.35
    endloop
  endfacet
  facet normal 0 0 -1
    outer loop
      vertex -11.15 3.89999 -3.35
      vertex -4 6.09999 -3.35
      vertex -8.85001 3.89999 -3.35
    endloop
  endfacet
  facet normal 0 0 -1
    outer loop
      vertex -16 6.09999 -3.35
      vertex -11.15 3.89999 -3.35
      vertex -16 3.89999 -3.35
    endloop
  endfacet
  facet normal 0 0 -1
    outer loop
      vertex -11.15 3.89999 -3.35
      vertex -16 6.09999 -3.35
      vertex -4 6.09999 -3.35
    endloop
  endfacet
  facet normal 0 0 -1
    outer loop
      vertex -16.2146 3.92113 -3.35
      vertex -16 6.09999 -3.35
      vertex -16 3.89999 -3.35
    endloop
  endfacet
  facet normal 0 0 -1
    outer loop
      vertex -16.2146 3.92113 -3.35
      vertex -16.2146 6.07886 -3.35
      vertex -16 6.09999 -3.35
    endloop
  endfacet
  facet normal 0 0 -1
    outer loop
      vertex -16.4209 3.98372 -3.35
      vertex -16.2146 6.07886 -3.35
      vertex -16.2146 3.92113 -3.35
    endloop
  endfacet
  facet normal 0 0 -1
    outer loop
      vertex -16.4209 3.98372 -3.35
      vertex -16.4209 6.01627 -3.35
      vertex -16.2146 6.07886 -3.35
    endloop
  endfacet
  facet normal 0 0 -1
    outer loop
      vertex -16.6111 4.08537 -3.35
      vertex -16.4209 6.01627 -3.35
      vertex -16.4209 3.98372 -3.35
    endloop
  endfacet
  facet normal 0 0 -1
    outer loop
      vertex -16.6111 4.08537 -3.35
      vertex -16.6111 5.91461 -3.35
      vertex -16.4209 6.01627 -3.35
    endloop
  endfacet
  facet normal 0 0 -1
    outer loop
      vertex -16.7778 4.22217 -3.35
      vertex -16.6111 5.91461 -3.35
      vertex -16.6111 4.08537 -3.35
    endloop
  endfacet
  facet normal 0 0 -1
    outer loop
      vertex -16.7778 4.22217 -3.35
      vertex -16.7778 5.77782 -3.35
      vertex -16.6111 5.91461 -3.35
    endloop
  endfacet
  facet normal 0 0 -1
    outer loop
      vertex -16.9146 4.38887 -3.35
      vertex -16.7778 5.77782 -3.35
      vertex -16.7778 4.22217 -3.35
    endloop
  endfacet
  facet normal 0 0 -1
    outer loop
      vertex -16.9146 4.38887 -3.35
      vertex -16.9146 5.61111 -3.35
      vertex -16.7778 5.77782 -3.35
    endloop
  endfacet
  facet normal 0 0 -1
    outer loop
      vertex -17.0163 4.57904 -3.35
      vertex -16.9146 5.61111 -3.35
      vertex -16.9146 4.38887 -3.35
    endloop
  endfacet
  facet normal 0 0 -1
    outer loop
      vertex -17.0163 4.57904 -3.35
      vertex -17.0163 5.42094 -3.35
      vertex -16.9146 5.61111 -3.35
    endloop
  endfacet
  facet normal 0 0 -1
    outer loop
      vertex -17.0789 4.7854 -3.35
      vertex -17.0163 5.42094 -3.35
      vertex -17.0163 4.57904 -3.35
    endloop
  endfacet
  facet normal 0 0 -1
    outer loop
      vertex -17.0789 4.7854 -3.35
      vertex -17.0789 5.21458 -3.35
      vertex -17.0163 5.42094 -3.35
    endloop
  endfacet
  facet normal 0 -0 -1
    outer loop
      vertex -17.0789 5.21458 -3.35
      vertex -17.0789 4.7854 -3.35
      vertex -17.1 5 -3.35
    endloop
  endfacet
  facet normal 0.881923 -0.471394 0
    outer loop
      vertex -9.52191 -13.6194 3.35
      vertex -9.46878 -13.52 -3.35
      vertex -9.46878 -13.52 3.35
    endloop
  endfacet
  facet normal 0.881923 -0.471394 0
    outer loop
      vertex -9.46878 -13.52 -3.35
      vertex -9.52191 -13.6194 3.35
      vertex -9.52191 -13.6194 -3.35
    endloop
  endfacet
  facet normal 0.773285 -0.634058 0
    outer loop
      vertex -9.59341 -13.7066 3.35
      vertex -9.52191 -13.6194 -3.35
      vertex -9.52191 -13.6194 3.35
    endloop
  endfacet
  facet normal 0.773285 -0.634058 0
    outer loop
      vertex -9.52191 -13.6194 -3.35
      vertex -9.59341 -13.7066 3.35
      vertex -9.59341 -13.7066 -3.35
    endloop
  endfacet
  facet normal 0.634276 -0.773107 0
    outer loop
      vertex -9.68056 -13.7781 -3.35
      vertex -9.59341 -13.7066 3.35
      vertex -9.68056 -13.7781 3.35
    endloop
  endfacet
  facet normal 0.634276 -0.773107 0
    outer loop
      vertex -9.59341 -13.7066 3.35
      vertex -9.68056 -13.7781 -3.35
      vertex -9.59341 -13.7066 -3.35
    endloop
  endfacet
  facet normal 0.47115 -0.882053 0
    outer loop
      vertex -9.77997 -13.8312 -3.35
      vertex -9.68056 -13.7781 3.35
      vertex -9.77997 -13.8312 3.35
    endloop
  endfacet
  facet normal 0.47115 -0.882053 0
    outer loop
      vertex -9.68056 -13.7781 3.35
      vertex -9.77997 -13.8312 -3.35
      vertex -9.68056 -13.7781 -3.35
    endloop
  endfacet
  facet normal 0.290131 -0.956987 0
    outer loop
      vertex -9.88783 -13.8639 -3.35
      vertex -9.77997 -13.8312 3.35
      vertex -9.88783 -13.8639 3.35
    endloop
  endfacet
  facet normal 0.290131 -0.956987 0
    outer loop
      vertex -9.77997 -13.8312 3.35
      vertex -9.88783 -13.8639 -3.35
      vertex -9.77997 -13.8312 -3.35
    endloop
  endfacet
  facet normal 0.098476 -0.995139 0
    outer loop
      vertex -10 -13.875 -3.35
      vertex -9.88783 -13.8639 3.35
      vertex -10 -13.875 3.35
    endloop
  endfacet
  facet normal 0.098476 -0.995139 0
    outer loop
      vertex -9.88783 -13.8639 3.35
      vertex -10 -13.875 -3.35
      vertex -9.88783 -13.8639 -3.35
    endloop
  endfacet
  facet normal -0.0984499 -0.995142 0
    outer loop
      vertex -10.1122 -13.8639 -3.35
      vertex -10 -13.875 3.35
      vertex -10.1122 -13.8639 3.35
    endloop
  endfacet
  facet normal -0.0984499 -0.995142 -0
    outer loop
      vertex -10 -13.875 3.35
      vertex -10.1122 -13.8639 -3.35
      vertex -10 -13.875 -3.35
    endloop
  endfacet
  facet normal -0.290278 -0.956942 0
    outer loop
      vertex -10.22 -13.8312 -3.35
      vertex -10.1122 -13.8639 3.35
      vertex -10.22 -13.8312 3.35
    endloop
  endfacet
  facet normal -0.290278 -0.956942 -0
    outer loop
      vertex -10.1122 -13.8639 3.35
      vertex -10.22 -13.8312 -3.35
      vertex -10.1122 -13.8639 -3.35
    endloop
  endfacet
  facet normal -0.471187 -0.882033 0
    outer loop
      vertex -10.3194 -13.7781 -3.35
      vertex -10.22 -13.8312 3.35
      vertex -10.3194 -13.7781 3.35
    endloop
  endfacet
  facet normal -0.471187 -0.882033 -0
    outer loop
      vertex -10.22 -13.8312 3.35
      vertex -10.3194 -13.7781 -3.35
      vertex -10.22 -13.8312 -3.35
    endloop
  endfacet
  facet normal -0.634058 -0.773285 0
    outer loop
      vertex -10.4066 -13.7066 -3.35
      vertex -10.3194 -13.7781 3.35
      vertex -10.4066 -13.7066 3.35
    endloop
  endfacet
  facet normal -0.634058 -0.773285 -0
    outer loop
      vertex -10.3194 -13.7781 3.35
      vertex -10.4066 -13.7066 -3.35
      vertex -10.3194 -13.7781 -3.35
    endloop
  endfacet
  facet normal -0.773285 -0.634058 0
    outer loop
      vertex -10.4066 -13.7066 -3.35
      vertex -10.4781 -13.6194 3.35
      vertex -10.4781 -13.6194 -3.35
    endloop
  endfacet
  facet normal -0.773285 -0.634058 0
    outer loop
      vertex -10.4781 -13.6194 3.35
      vertex -10.4066 -13.7066 -3.35
      vertex -10.4066 -13.7066 3.35
    endloop
  endfacet
  facet normal -0.882033 -0.471187 0
    outer loop
      vertex -10.4781 -13.6194 -3.35
      vertex -10.5312 -13.52 3.35
      vertex -10.5312 -13.52 -3.35
    endloop
  endfacet
  facet normal -0.882033 -0.471187 0
    outer loop
      vertex -10.5312 -13.52 3.35
      vertex -10.4781 -13.6194 -3.35
      vertex -10.4781 -13.6194 3.35
    endloop
  endfacet
  facet normal -0.911348 -0.411637 0
    outer loop
      vertex -10.5312 -13.52 -3.35
      vertex -11.15 -12.15 3.35
      vertex -11.15 -12.15 -3.35
    endloop
  endfacet
  facet normal -0.911348 -0.411637 0
    outer loop
      vertex -11.15 -12.15 3.35
      vertex -10.5312 -13.52 -3.35
      vertex -10.5312 -13.52 3.35
    endloop
  endfacet
  facet normal -1 0 0
    outer loop
      vertex -11.15 -12.15 -3.35
      vertex -11.15 3.89999 3.35
      vertex -11.15 3.89999 -3.35
    endloop
  endfacet
  facet normal -1 -0 0
    outer loop
      vertex -11.15 3.89999 3.35
      vertex -11.15 -12.15 -3.35
      vertex -11.15 -12.15 3.35
    endloop
  endfacet
  facet normal 0 -1 0
    outer loop
      vertex -16 3.89999 -3.35
      vertex -11.15 3.89999 3.35
      vertex -16 3.89999 3.35
    endloop
  endfacet
  facet normal 0 -1 -0
    outer loop
      vertex -11.15 3.89999 3.35
      vertex -16 3.89999 -3.35
      vertex -11.15 3.89999 -3.35
    endloop
  endfacet
  facet normal -0.0980343 -0.995183 0
    outer loop
      vertex -16.2146 3.92113 -3.35
      vertex -16 3.89999 3.35
      vertex -16.2146 3.92113 3.35
    endloop
  endfacet
  facet normal -0.0980343 -0.995183 -0
    outer loop
      vertex -16 3.89999 3.35
      vertex -16.2146 3.92113 -3.35
      vertex -16 3.89999 -3.35
    endloop
  endfacet
  facet normal -0.290325 -0.956928 0
    outer loop
      vertex -16.4209 3.98372 -3.35
      vertex -16.2146 3.92113 3.35
      vertex -16.4209 3.98372 3.35
    endloop
  endfacet
  facet normal -0.290325 -0.956928 -0
    outer loop
      vertex -16.2146 3.92113 3.35
      vertex -16.4209 3.98372 -3.35
      vertex -16.2146 3.92113 -3.35
    endloop
  endfacet
  facet normal -0.471346 -0.881948 0
    outer loop
      vertex -16.6111 4.08537 -3.35
      vertex -16.4209 3.98372 3.35
      vertex -16.6111 4.08537 3.35
    endloop
  endfacet
  facet normal -0.471346 -0.881948 -0
    outer loop
      vertex -16.4209 3.98372 3.35
      vertex -16.6111 4.08537 -3.35
      vertex -16.4209 3.98372 -3.35
    endloop
  endfacet
  facet normal -0.634373 -0.773027 0
    outer loop
      vertex -16.7778 4.22217 -3.35
      vertex -16.6111 4.08537 3.35
      vertex -16.7778 4.22217 3.35
    endloop
  endfacet
  facet normal -0.634373 -0.773027 -0
    outer loop
      vertex -16.6111 4.08537 3.35
      vertex -16.7778 4.22217 -3.35
      vertex -16.6111 4.08537 -3.35
    endloop
  endfacet
  facet normal -0.773027 -0.634373 0
    outer loop
      vertex -16.7778 4.22217 -3.35
      vertex -16.9146 4.38887 3.35
      vertex -16.9146 4.38887 -3.35
    endloop
  endfacet
  facet normal -0.773027 -0.634373 0
    outer loop
      vertex -16.9146 4.38887 3.35
      vertex -16.7778 4.22217 -3.35
      vertex -16.7778 4.22217 3.35
    endloop
  endfacet
  facet normal -0.881821 -0.471584 0
    outer loop
      vertex -16.9146 4.38887 -3.35
      vertex -17.0163 4.57904 3.35
      vertex -17.0163 4.57904 -3.35
    endloop
  endfacet
  facet normal -0.881821 -0.471584 0
    outer loop
      vertex -17.0163 4.57904 3.35
      vertex -16.9146 4.38887 -3.35
      vertex -16.9146 4.38887 3.35
    endloop
  endfacet
  facet normal -0.956939 -0.290291 0
    outer loop
      vertex -17.0163 4.57904 -3.35
      vertex -17.0789 4.7854 3.35
      vertex -17.0789 4.7854 -3.35
    endloop
  endfacet
  facet normal -0.956939 -0.290291 0
    outer loop
      vertex -17.0789 4.7854 3.35
      vertex -17.0163 4.57904 -3.35
      vertex -17.0163 4.57904 3.35
    endloop
  endfacet
  facet normal -0.995201 -0.0978506 0
    outer loop
      vertex -17.0789 4.7854 -3.35
      vertex -17.1 5 3.35
      vertex -17.1 5 -3.35
    endloop
  endfacet
  facet normal -0.995201 -0.0978506 0
    outer loop
      vertex -17.1 5 3.35
      vertex -17.0789 4.7854 -3.35
      vertex -17.0789 4.7854 3.35
    endloop
  endfacet
  facet normal -0.9952 0.0978597 0
    outer loop
      vertex -17.1 5 -3.35
      vertex -17.0789 5.21458 3.35
      vertex -17.0789 5.21458 -3.35
    endloop
  endfacet
  facet normal -0.9952 0.0978597 0
    outer loop
      vertex -17.0789 5.21458 3.35
      vertex -17.1 5 -3.35
      vertex -17.1 5 3.35
    endloop
  endfacet
  facet normal -0.956939 0.290291 0
    outer loop
      vertex -17.0789 5.21458 -3.35
      vertex -17.0163 5.42094 3.35
      vertex -17.0163 5.42094 -3.35
    endloop
  endfacet
  facet normal -0.956939 0.290291 0
    outer loop
      vertex -17.0163 5.42094 3.35
      vertex -17.0789 5.21458 -3.35
      vertex -17.0789 5.21458 3.35
    endloop
  endfacet
  facet normal -0.881821 0.471584 0
    outer loop
      vertex -17.0163 5.42094 -3.35
      vertex -16.9146 5.61111 3.35
      vertex -16.9146 5.61111 -3.35
    endloop
  endfacet
  facet normal -0.881821 0.471584 0
    outer loop
      vertex -16.9146 5.61111 3.35
      vertex -17.0163 5.42094 -3.35
      vertex -17.0163 5.42094 3.35
    endloop
  endfacet
  facet normal -0.773045 0.634351 0
    outer loop
      vertex -16.9146 5.61111 -3.35
      vertex -16.7778 5.77782 3.35
      vertex -16.7778 5.77782 -3.35
    endloop
  endfacet
  facet normal -0.773045 0.634351 0
    outer loop
      vertex -16.7778 5.77782 3.35
      vertex -16.9146 5.61111 -3.35
      vertex -16.9146 5.61111 3.35
    endloop
  endfacet
  facet normal -0.634346 0.773049 0
    outer loop
      vertex -16.6111 5.91461 -3.35
      vertex -16.7778 5.77782 3.35
      vertex -16.6111 5.91461 3.35
    endloop
  endfacet
  facet normal -0.634346 0.773049 0
    outer loop
      vertex -16.7778 5.77782 3.35
      vertex -16.6111 5.91461 -3.35
      vertex -16.7778 5.77782 -3.35
    endloop
  endfacet
  facet normal -0.471382 0.881929 0
    outer loop
      vertex -16.4209 6.01627 -3.35
      vertex -16.6111 5.91461 3.35
      vertex -16.4209 6.01627 3.35
    endloop
  endfacet
  facet normal -0.471382 0.881929 0
    outer loop
      vertex -16.6111 5.91461 3.35
      vertex -16.4209 6.01627 -3.35
      vertex -16.6111 5.91461 -3.35
    endloop
  endfacet
  facet normal -0.290325 0.956928 0
    outer loop
      vertex -16.2146 6.07886 -3.35
      vertex -16.4209 6.01627 3.35
      vertex -16.2146 6.07886 3.35
    endloop
  endfacet
  facet normal -0.290325 0.956928 0
    outer loop
      vertex -16.4209 6.01627 3.35
      vertex -16.2146 6.07886 -3.35
      vertex -16.4209 6.01627 -3.35
    endloop
  endfacet
  facet normal -0.0979884 0.995188 0
    outer loop
      vertex -16 6.09999 -3.35
      vertex -16.2146 6.07886 3.35
      vertex -16 6.09999 3.35
    endloop
  endfacet
  facet normal -0.0979884 0.995188 0
    outer loop
      vertex -16.2146 6.07886 3.35
      vertex -16 6.09999 -3.35
      vertex -16.2146 6.07886 -3.35
    endloop
  endfacet
  facet normal 0 1 -0
    outer loop
      vertex -4 6.09999 -3.35
      vertex -16 6.09999 3.35
      vertex -4 6.09999 3.35
    endloop
  endfacet
  facet normal 0 1 0
    outer loop
      vertex -16 6.09999 3.35
      vertex -4 6.09999 -3.35
      vertex -16 6.09999 -3.35
    endloop
  endfacet
  facet normal 0.0979975 0.995187 -0
    outer loop
      vertex -3.78542 6.07886 -3.35
      vertex -4 6.09999 3.35
      vertex -3.78542 6.07886 3.35
    endloop
  endfacet
  facet normal 0.0979975 0.995187 0
    outer loop
      vertex -4 6.09999 3.35
      vertex -3.78542 6.07886 -3.35
      vertex -4 6.09999 -3.35
    endloop
  endfacet
  facet normal 0.290248 0.956951 -0
    outer loop
      vertex -3.57906 6.01627 -3.35
      vertex -3.78542 6.07886 3.35
      vertex -3.57906 6.01627 3.35
    endloop
  endfacet
  facet normal 0.290248 0.956951 0
    outer loop
      vertex -3.78542 6.07886 3.35
      vertex -3.57906 6.01627 -3.35
      vertex -3.78542 6.07886 -3.35
    endloop
  endfacet
  facet normal 0.47144 0.881898 -0
    outer loop
      vertex -3.38889 5.91461 -3.35
      vertex -3.57906 6.01627 3.35
      vertex -3.38889 5.91461 3.35
    endloop
  endfacet
  facet normal 0.47144 0.881898 0
    outer loop
      vertex -3.57906 6.01627 3.35
      vertex -3.38889 5.91461 -3.35
      vertex -3.57906 6.01627 -3.35
    endloop
  endfacet
  facet normal 0.634323 0.773068 -0
    outer loop
      vertex -3.22218 5.77782 -3.35
      vertex -3.38889 5.91461 3.35
      vertex -3.22218 5.77782 3.35
    endloop
  endfacet
  facet normal 0.634323 0.773068 0
    outer loop
      vertex -3.38889 5.91461 3.35
      vertex -3.22218 5.77782 -3.35
      vertex -3.38889 5.91461 -3.35
    endloop
  endfacet
  facet normal 0.773068 0.634323 0
    outer loop
      vertex -3.08539 5.61111 3.35
      vertex -3.22218 5.77782 -3.35
      vertex -3.22218 5.77782 3.35
    endloop
  endfacet
  facet normal 0.773068 0.634323 0
    outer loop
      vertex -3.22218 5.77782 -3.35
      vertex -3.08539 5.61111 3.35
      vertex -3.08539 5.61111 -3.35
    endloop
  endfacet
  facet normal 0.881898 0.47144 0
    outer loop
      vertex -2.98373 5.42094 3.35
      vertex -3.08539 5.61111 -3.35
      vertex -3.08539 5.61111 3.35
    endloop
  endfacet
  facet normal 0.881898 0.47144 0
    outer loop
      vertex -3.08539 5.61111 -3.35
      vertex -2.98373 5.42094 3.35
      vertex -2.98373 5.42094 -3.35
    endloop
  endfacet
  facet normal 0.956951 0.290248 0
    outer loop
      vertex -2.92114 5.21458 3.35
      vertex -2.98373 5.42094 -3.35
      vertex -2.98373 5.42094 3.35
    endloop
  endfacet
  facet normal 0.956951 0.290248 0
    outer loop
      vertex -2.98373 5.42094 -3.35
      vertex -2.92114 5.21458 3.35
      vertex -2.92114 5.21458 -3.35
    endloop
  endfacet
  facet normal 0.995187 0.0979975 0
    outer loop
      vertex -2.90001 5 3.35
      vertex -2.92114 5.21458 -3.35
      vertex -2.92114 5.21458 3.35
    endloop
  endfacet
  facet normal 0.995187 0.0979975 0
    outer loop
      vertex -2.92114 5.21458 -3.35
      vertex -2.90001 5 3.35
      vertex -2.90001 5 -3.35
    endloop
  endfacet
  facet normal 0.995188 -0.0979884 0
    outer loop
      vertex -2.92114 4.7854 3.35
      vertex -2.90001 5 -3.35
      vertex -2.90001 5 3.35
    endloop
  endfacet
  facet normal 0.995188 -0.0979884 0
    outer loop
      vertex -2.90001 5 -3.35
      vertex -2.92114 4.7854 3.35
      vertex -2.92114 4.7854 -3.35
    endloop
  endfacet
  facet normal 0.956951 -0.290248 0
    outer loop
      vertex -2.98373 4.57904 3.35
      vertex -2.92114 4.7854 -3.35
      vertex -2.92114 4.7854 3.35
    endloop
  endfacet
  facet normal 0.956951 -0.290248 0
    outer loop
      vertex -2.92114 4.7854 -3.35
      vertex -2.98373 4.57904 3.35
      vertex -2.98373 4.57904 -3.35
    endloop
  endfacet
  facet normal 0.881898 -0.47144 0
    outer loop
      vertex -3.08539 4.38887 3.35
      vertex -2.98373 4.57904 -3.35
      vertex -2.98373 4.57904 3.35
    endloop
  endfacet
  facet normal 0.881898 -0.47144 0
    outer loop
      vertex -2.98373 4.57904 -3.35
      vertex -3.08539 4.38887 3.35
      vertex -3.08539 4.38887 -3.35
    endloop
  endfacet
  facet normal 0.773049 -0.634346 0
    outer loop
      vertex -3.22218 4.22217 3.35
      vertex -3.08539 4.38887 -3.35
      vertex -3.08539 4.38887 3.35
    endloop
  endfacet
  facet normal 0.773049 -0.634346 0
    outer loop
      vertex -3.08539 4.38887 -3.35
      vertex -3.22218 4.22217 3.35
      vertex -3.22218 4.22217 -3.35
    endloop
  endfacet
  facet normal 0.634351 -0.773045 0
    outer loop
      vertex -3.38889 4.08537 -3.35
      vertex -3.22218 4.22217 3.35
      vertex -3.38889 4.08537 3.35
    endloop
  endfacet
  facet normal 0.634351 -0.773045 0
    outer loop
      vertex -3.22218 4.22217 3.35
      vertex -3.38889 4.08537 -3.35
      vertex -3.22218 4.22217 -3.35
    endloop
  endfacet
  facet normal 0.471404 -0.881917 0
    outer loop
      vertex -3.57906 3.98372 -3.35
      vertex -3.38889 4.08537 3.35
      vertex -3.57906 3.98372 3.35
    endloop
  endfacet
  facet normal 0.471404 -0.881917 0
    outer loop
      vertex -3.38889 4.08537 3.35
      vertex -3.57906 3.98372 -3.35
      vertex -3.38889 4.08537 -3.35
    endloop
  endfacet
  facet normal 0.290248 -0.956951 0
    outer loop
      vertex -3.78542 3.92113 -3.35
      vertex -3.57906 3.98372 3.35
      vertex -3.78542 3.92113 3.35
    endloop
  endfacet
  facet normal 0.290248 -0.956951 0
    outer loop
      vertex -3.57906 3.98372 3.35
      vertex -3.78542 3.92113 -3.35
      vertex -3.57906 3.98372 -3.35
    endloop
  endfacet
  facet normal 0.0980434 -0.995182 0
    outer loop
      vertex -4 3.89999 -3.35
      vertex -3.78542 3.92113 3.35
      vertex -4 3.89999 3.35
    endloop
  endfacet
  facet normal 0.0980434 -0.995182 0
    outer loop
      vertex -3.78542 3.92113 3.35
      vertex -4 3.89999 -3.35
      vertex -3.78542 3.92113 -3.35
    endloop
  endfacet
  facet normal 0 -1 0
    outer loop
      vertex -8.85001 3.89999 -3.35
      vertex -4 3.89999 3.35
      vertex -8.85001 3.89999 3.35
    endloop
  endfacet
  facet normal 0 -1 -0
    outer loop
      vertex -4 3.89999 3.35
      vertex -8.85001 3.89999 -3.35
      vertex -4 3.89999 -3.35
    endloop
  endfacet
  facet normal 1 -0 0
    outer loop
      vertex -8.85001 -12.15 3.35
      vertex -8.85001 3.89999 -3.35
      vertex -8.85001 3.89999 3.35
    endloop
  endfacet
  facet normal 1 0 0
    outer loop
      vertex -8.85001 3.89999 -3.35
      vertex -8.85001 -12.15 3.35
      vertex -8.85001 -12.15 -3.35
    endloop
  endfacet
  facet normal 0.911356 -0.41162 0
    outer loop
      vertex -9.46878 -13.52 3.35
      vertex -8.85001 -12.15 -3.35
      vertex -8.85001 -12.15 3.35
    endloop
  endfacet
  facet normal 0.911356 -0.41162 0
    outer loop
      vertex -8.85001 -12.15 -3.35
      vertex -9.46878 -13.52 3.35
      vertex -9.46878 -13.52 -3.35
    endloop
  endfacet
  facet normal -0 0 1
    outer loop
      vertex 14.9 7.1375 3.35
      vertex 17.1 1.14999 3.35
      vertex 17.1 7.1375 3.35
    endloop
  endfacet
  facet normal 0 0 1
    outer loop
      vertex 17.1 1.14999 3.35
      vertex 14.9 7.1375 3.35
      vertex 17.1 -1.14999 3.35
    endloop
  endfacet
  facet normal 0 0 1
    outer loop
      vertex 14.9 7.1375 3.35
      vertex 17.1 7.1375 3.35
      vertex 17.0789 7.3521 3.35
    endloop
  endfacet
  facet normal 0 0 1
    outer loop
      vertex 14.9 -7.1375 3.35
      vertex 17.1 -1.14999 3.35
      vertex 14.9 7.1375 3.35
    endloop
  endfacet
  facet normal 0 0 1
    outer loop
      vertex 14.9 7.1375 3.35
      vertex 17.0789 7.3521 3.35
      vertex 17.0163 7.55844 3.35
    endloop
  endfacet
  facet normal 0 0 1
    outer loop
      vertex 17.1 -1.14999 3.35
      vertex 14.9 -7.1375 3.35
      vertex 17.1 -7.1375 3.35
    endloop
  endfacet
  facet normal 0 0 1
    outer loop
      vertex 14.9 7.1375 3.35
      vertex 17.0163 7.55844 3.35
      vertex 16.9146 7.74863 3.35
    endloop
  endfacet
  facet normal 0 0 1
    outer loop
      vertex 17.1 -7.1375 3.35
      vertex 14.9 -7.1375 3.35
      vertex 17.0789 -7.3521 3.35
    endloop
  endfacet
  facet normal 0 0 1
    outer loop
      vertex 14.9 7.1375 3.35
      vertex 16.9146 7.74863 3.35
      vertex 16.7778 7.91531 3.35
    endloop
  endfacet
  facet normal 0 0 1
    outer loop
      vertex 17.0789 -7.3521 3.35
      vertex 14.9 -7.1375 3.35
      vertex 17.0163 -7.55844 3.35
    endloop
  endfacet
  facet normal 0 0 1
    outer loop
      vertex 14.9 7.1375 3.35
      vertex 16.7778 7.91531 3.35
      vertex 16.6111 8.05211 3.35
    endloop
  endfacet
  facet normal 0 0 1
    outer loop
      vertex 17.0163 -7.55844 3.35
      vertex 14.9 -7.1375 3.35
      vertex 16.9146 -7.74863 3.35
    endloop
  endfacet
  facet normal 0 0 1
    outer loop
      vertex 14.9 7.1375 3.35
      vertex 16.6111 8.05211 3.35
      vertex 16.421 8.15376 3.35
    endloop
  endfacet
  facet normal 0 0 1
    outer loop
      vertex 16.9146 -7.74863 3.35
      vertex 14.9 -7.1375 3.35
      vertex 16.7778 -7.91531 3.35
    endloop
  endfacet
  facet normal 0 0 1
    outer loop
      vertex 14.9 7.1375 3.35
      vertex 16.421 8.15376 3.35
      vertex 16.2146 8.21635 3.35
    endloop
  endfacet
  facet normal 0 0 1
    outer loop
      vertex 16.7778 -7.91531 3.35
      vertex 14.9 -7.1375 3.35
      vertex 16.6111 -8.05211 3.35
    endloop
  endfacet
  facet normal 0 0 1
    outer loop
      vertex 14.9 7.1375 3.35
      vertex 16.2146 8.21635 3.35
      vertex 16 8.23749 3.35
    endloop
  endfacet
  facet normal 0 0 1
    outer loop
      vertex 16.6111 -8.05211 3.35
      vertex 14.9 -7.1375 3.35
      vertex 16.421 -8.15376 3.35
    endloop
  endfacet
  facet normal 0 0 1
    outer loop
      vertex 14.9 7.1375 3.35
      vertex 16 8.23749 3.35
      vertex 15.7854 8.21635 3.35
    endloop
  endfacet
  facet normal 0 0 1
    outer loop
      vertex 16.421 -8.15376 3.35
      vertex 14.9 -7.1375 3.35
      vertex 16.2146 -8.21635 3.35
    endloop
  endfacet
  facet normal 0 0 1
    outer loop
      vertex 14.9 7.1375 3.35
      vertex 15.7854 8.21635 3.35
      vertex 15.5791 8.15376 3.35
    endloop
  endfacet
  facet normal 0 0 1
    outer loop
      vertex 16.2146 -8.21635 3.35
      vertex 14.9 -7.1375 3.35
      vertex 16 -8.23749 3.35
    endloop
  endfacet
  facet normal 0 0 1
    outer loop
      vertex 14.9 7.1375 3.35
      vertex 15.5791 8.15376 3.35
      vertex 15.3889 8.05211 3.35
    endloop
  endfacet
  facet normal 0 0 1
    outer loop
      vertex 16 -8.23749 3.35
      vertex 14.9 -7.1375 3.35
      vertex 15.7854 -8.21635 3.35
    endloop
  endfacet
  facet normal 0 0 1
    outer loop
      vertex 14.9 7.1375 3.35
      vertex 15.3889 8.05211 3.35
      vertex 15.2222 7.91531 3.35
    endloop
  endfacet
  facet normal 0 0 1
    outer loop
      vertex 15.7854 -8.21635 3.35
      vertex 14.9 -7.1375 3.35
      vertex 15.5791 -8.15376 3.35
    endloop
  endfacet
  facet normal 0 0 1
    outer loop
      vertex 14.9 7.1375 3.35
      vertex 15.2222 7.91531 3.35
      vertex 15.0854 7.74863 3.35
    endloop
  endfacet
  facet normal 0 0 1
    outer loop
      vertex 15.5791 -8.15376 3.35
      vertex 14.9 -7.1375 3.35
      vertex 15.3889 -8.05211 3.35
    endloop
  endfacet
  facet normal 0 0 1
    outer loop
      vertex 14.9 7.1375 3.35
      vertex 15.0854 7.74863 3.35
      vertex 14.9837 7.55844 3.35
    endloop
  endfacet
  facet normal 0 0 1
    outer loop
      vertex 15.3889 -8.05211 3.35
      vertex 14.9 -7.1375 3.35
      vertex 15.2222 -7.91531 3.35
    endloop
  endfacet
  facet normal 0 0 1
    outer loop
      vertex 14.9 7.1375 3.35
      vertex 14.9837 7.55844 3.35
      vertex 14.9211 7.3521 3.35
    endloop
  endfacet
  facet normal 0 0 1
    outer loop
      vertex 15.2222 -7.91531 3.35
      vertex 14.9 -7.1375 3.35
      vertex 15.0854 -7.74863 3.35
    endloop
  endfacet
  facet normal 0 0 1
    outer loop
      vertex 15.0854 -7.74863 3.35
      vertex 14.9 -7.1375 3.35
      vertex 14.9837 -7.55844 3.35
    endloop
  endfacet
  facet normal 0 0 1
    outer loop
      vertex 14.9837 -7.55844 3.35
      vertex 14.9 -7.1375 3.35
      vertex 14.9211 -7.3521 3.35
    endloop
  endfacet
  facet normal 0 0 1
    outer loop
      vertex 19.8639 0.112167 3.35
      vertex 19.8639 -0.112167 3.35
      vertex 19.875 0 3.35
    endloop
  endfacet
  facet normal 0 0 1
    outer loop
      vertex 19.8312 0.220032 3.35
      vertex 19.8639 -0.112167 3.35
      vertex 19.8639 0.112167 3.35
    endloop
  endfacet
  facet normal 0 0 1
    outer loop
      vertex 19.8312 0.220032 3.35
      vertex 19.8312 -0.220032 3.35
      vertex 19.8639 -0.112167 3.35
    endloop
  endfacet
  facet normal 0 0 1
    outer loop
      vertex 19.7781 0.319443 3.35
      vertex 19.8312 -0.220032 3.35
      vertex 19.8312 0.220032 3.35
    endloop
  endfacet
  facet normal 0 0 1
    outer loop
      vertex 19.7781 0.319443 3.35
      vertex 19.7781 -0.319443 3.35
      vertex 19.8312 -0.220032 3.35
    endloop
  endfacet
  facet normal 0 0 1
    outer loop
      vertex 19.7066 0.406586 3.35
      vertex 19.7781 -0.319443 3.35
      vertex 19.7781 0.319443 3.35
    endloop
  endfacet
  facet normal 0 0 1
    outer loop
      vertex 19.7066 0.406586 3.35
      vertex 19.7066 -0.406586 3.35
      vertex 19.7781 -0.319443 3.35
    endloop
  endfacet
  facet normal 0 0 1
    outer loop
      vertex 19.6194 0.478088 3.35
      vertex 19.7066 -0.406586 3.35
      vertex 19.7066 0.406586 3.35
    endloop
  endfacet
  facet normal 0 0 1
    outer loop
      vertex 19.6194 0.478088 3.35
      vertex 19.6194 -0.478088 3.35
      vertex 19.7066 -0.406586 3.35
    endloop
  endfacet
  facet normal 0 0 1
    outer loop
      vertex 19.52 0.531219 3.35
      vertex 19.6194 -0.478088 3.35
      vertex 19.6194 0.478088 3.35
    endloop
  endfacet
  facet normal 0 0 1
    outer loop
      vertex 19.52 0.531219 3.35
      vertex 19.52 -0.531219 3.35
      vertex 19.6194 -0.478088 3.35
    endloop
  endfacet
  facet normal 0 0 1
    outer loop
      vertex 18.15 1.14999 3.35
      vertex 19.52 -0.531219 3.35
      vertex 19.52 0.531219 3.35
    endloop
  endfacet
  facet normal 0 0 1
    outer loop
      vertex 18.15 1.14999 3.35
      vertex 18.15 -1.14999 3.35
      vertex 19.52 -0.531219 3.35
    endloop
  endfacet
  facet normal -0 0 1
    outer loop
      vertex 17.1 1.14999 3.35
      vertex 18.15 -1.14999 3.35
      vertex 18.15 1.14999 3.35
    endloop
  endfacet
  facet normal 0 0 1
    outer loop
      vertex 18.15 -1.14999 3.35
      vertex 17.1 1.14999 3.35
      vertex 17.1 -1.14999 3.35
    endloop
  endfacet
  facet normal 0 0 -1
    outer loop
      vertex 14.9 -7.1375 -3.35
      vertex 17.1 -1.14999 -3.35
      vertex 17.1 -7.1375 -3.35
    endloop
  endfacet
  facet normal -0 0 -1
    outer loop
      vertex 17.1 -1.14999 -3.35
      vertex 14.9 -7.1375 -3.35
      vertex 17.1 1.14999 -3.35
    endloop
  endfacet
  facet normal 0 0 -1
    outer loop
      vertex 14.9 -7.1375 -3.35
      vertex 17.1 -7.1375 -3.35
      vertex 17.0789 -7.3521 -3.35
    endloop
  endfacet
  facet normal 0 0 -1
    outer loop
      vertex 14.9 7.1375 -3.35
      vertex 17.1 1.14999 -3.35
      vertex 14.9 -7.1375 -3.35
    endloop
  endfacet
  facet normal 0 0 -1
    outer loop
      vertex 14.9 -7.1375 -3.35
      vertex 17.0789 -7.3521 -3.35
      vertex 17.0163 -7.55844 -3.35
    endloop
  endfacet
  facet normal 0 0 -1
    outer loop
      vertex 17.1 1.14999 -3.35
      vertex 14.9 7.1375 -3.35
      vertex 17.1 7.1375 -3.35
    endloop
  endfacet
  facet normal 0 0 -1
    outer loop
      vertex 14.9 -7.1375 -3.35
      vertex 17.0163 -7.55844 -3.35
      vertex 16.9146 -7.74863 -3.35
    endloop
  endfacet
  facet normal 0 0 -1
    outer loop
      vertex 17.1 7.1375 -3.35
      vertex 14.9 7.1375 -3.35
      vertex 17.0789 7.3521 -3.35
    endloop
  endfacet
  facet normal 0 0 -1
    outer loop
      vertex 14.9 -7.1375 -3.35
      vertex 16.9146 -7.74863 -3.35
      vertex 16.7778 -7.91531 -3.35
    endloop
  endfacet
  facet normal -0 0 -1
    outer loop
      vertex 17.0789 7.3521 -3.35
      vertex 14.9 7.1375 -3.35
      vertex 17.0163 7.55844 -3.35
    endloop
  endfacet
  facet normal 0 0 -1
    outer loop
      vertex 14.9 -7.1375 -3.35
      vertex 16.7778 -7.91531 -3.35
      vertex 16.6111 -8.05211 -3.35
    endloop
  endfacet
  facet normal -0 0 -1
    outer loop
      vertex 17.0163 7.55844 -3.35
      vertex 14.9 7.1375 -3.35
      vertex 16.9146 7.74863 -3.35
    endloop
  endfacet
  facet normal 0 0 -1
    outer loop
      vertex 14.9 -7.1375 -3.35
      vertex 16.6111 -8.05211 -3.35
      vertex 16.421 -8.15376 -3.35
    endloop
  endfacet
  facet normal -0 0 -1
    outer loop
      vertex 16.9146 7.74863 -3.35
      vertex 14.9 7.1375 -3.35
      vertex 16.7778 7.91531 -3.35
    endloop
  endfacet
  facet normal 0 0 -1
    outer loop
      vertex 14.9 -7.1375 -3.35
      vertex 16.421 -8.15376 -3.35
      vertex 16.2146 -8.21635 -3.35
    endloop
  endfacet
  facet normal -0 0 -1
    outer loop
      vertex 16.7778 7.91531 -3.35
      vertex 14.9 7.1375 -3.35
      vertex 16.6111 8.05211 -3.35
    endloop
  endfacet
  facet normal 0 0 -1
    outer loop
      vertex 14.9 -7.1375 -3.35
      vertex 16.2146 -8.21635 -3.35
      vertex 16 -8.23749 -3.35
    endloop
  endfacet
  facet normal -0 0 -1
    outer loop
      vertex 16.6111 8.05211 -3.35
      vertex 14.9 7.1375 -3.35
      vertex 16.421 8.15376 -3.35
    endloop
  endfacet
  facet normal 0 0 -1
    outer loop
      vertex 14.9 -7.1375 -3.35
      vertex 16 -8.23749 -3.35
      vertex 15.7854 -8.21635 -3.35
    endloop
  endfacet
  facet normal -0 0 -1
    outer loop
      vertex 16.421 8.15376 -3.35
      vertex 14.9 7.1375 -3.35
      vertex 16.2146 8.21635 -3.35
    endloop
  endfacet
  facet normal 0 0 -1
    outer loop
      vertex 14.9 -7.1375 -3.35
      vertex 15.7854 -8.21635 -3.35
      vertex 15.5791 -8.15376 -3.35
    endloop
  endfacet
  facet normal -0 0 -1
    outer loop
      vertex 16.2146 8.21635 -3.35
      vertex 14.9 7.1375 -3.35
      vertex 16 8.23749 -3.35
    endloop
  endfacet
  facet normal 0 0 -1
    outer loop
      vertex 14.9 -7.1375 -3.35
      vertex 15.5791 -8.15376 -3.35
      vertex 15.3889 -8.05211 -3.35
    endloop
  endfacet
  facet normal 0 0 -1
    outer loop
      vertex 16 8.23749 -3.35
      vertex 14.9 7.1375 -3.35
      vertex 15.7854 8.21635 -3.35
    endloop
  endfacet
  facet normal 0 0 -1
    outer loop
      vertex 14.9 -7.1375 -3.35
      vertex 15.3889 -8.05211 -3.35
      vertex 15.2222 -7.91531 -3.35
    endloop
  endfacet
  facet normal 0 0 -1
    outer loop
      vertex 15.7854 8.21635 -3.35
      vertex 14.9 7.1375 -3.35
      vertex 15.5791 8.15376 -3.35
    endloop
  endfacet
  facet normal 0 0 -1
    outer loop
      vertex 14.9 -7.1375 -3.35
      vertex 15.2222 -7.91531 -3.35
      vertex 15.0854 -7.74863 -3.35
    endloop
  endfacet
  facet normal 0 0 -1
    outer loop
      vertex 15.5791 8.15376 -3.35
      vertex 14.9 7.1375 -3.35
      vertex 15.3889 8.05211 -3.35
    endloop
  endfacet
  facet normal 0 0 -1
    outer loop
      vertex 14.9 -7.1375 -3.35
      vertex 15.0854 -7.74863 -3.35
      vertex 14.9837 -7.55844 -3.35
    endloop
  endfacet
  facet normal 0 0 -1
    outer loop
      vertex 15.3889 8.05211 -3.35
      vertex 14.9 7.1375 -3.35
      vertex 15.2222 7.91531 -3.35
    endloop
  endfacet
  facet normal 0 0 -1
    outer loop
      vertex 14.9 -7.1375 -3.35
      vertex 14.9837 -7.55844 -3.35
      vertex 14.9211 -7.3521 -3.35
    endloop
  endfacet
  facet normal 0 0 -1
    outer loop
      vertex 15.2222 7.91531 -3.35
      vertex 14.9 7.1375 -3.35
      vertex 15.0854 7.74863 -3.35
    endloop
  endfacet
  facet normal 0 0 -1
    outer loop
      vertex 15.0854 7.74863 -3.35
      vertex 14.9 7.1375 -3.35
      vertex 14.9837 7.55844 -3.35
    endloop
  endfacet
  facet normal 0 0 -1
    outer loop
      vertex 14.9837 7.55844 -3.35
      vertex 14.9 7.1375 -3.35
      vertex 14.9211 7.3521 -3.35
    endloop
  endfacet
  facet normal 0 0 -1
    outer loop
      vertex 19.8639 -0.112167 -3.35
      vertex 19.8639 0.112167 -3.35
      vertex 19.875 0 -3.35
    endloop
  endfacet
  facet normal 0 0 -1
    outer loop
      vertex 19.8312 -0.220032 -3.35
      vertex 19.8639 0.112167 -3.35
      vertex 19.8639 -0.112167 -3.35
    endloop
  endfacet
  facet normal 0 0 -1
    outer loop
      vertex 19.8312 -0.220032 -3.35
      vertex 19.8312 0.220032 -3.35
      vertex 19.8639 0.112167 -3.35
    endloop
  endfacet
  facet normal 0 0 -1
    outer loop
      vertex 19.7781 -0.319443 -3.35
      vertex 19.8312 0.220032 -3.35
      vertex 19.8312 -0.220032 -3.35
    endloop
  endfacet
  facet normal 0 0 -1
    outer loop
      vertex 19.7781 -0.319443 -3.35
      vertex 19.7781 0.319443 -3.35
      vertex 19.8312 0.220032 -3.35
    endloop
  endfacet
  facet normal 0 0 -1
    outer loop
      vertex 19.7066 -0.406586 -3.35
      vertex 19.7781 0.319443 -3.35
      vertex 19.7781 -0.319443 -3.35
    endloop
  endfacet
  facet normal 0 0 -1
    outer loop
      vertex 19.7066 -0.406586 -3.35
      vertex 19.7066 0.406586 -3.35
      vertex 19.7781 0.319443 -3.35
    endloop
  endfacet
  facet normal 0 0 -1
    outer loop
      vertex 19.6194 -0.478088 -3.35
      vertex 19.7066 0.406586 -3.35
      vertex 19.7066 -0.406586 -3.35
    endloop
  endfacet
  facet normal 0 0 -1
    outer loop
      vertex 19.6194 -0.478088 -3.35
      vertex 19.6194 0.478088 -3.35
      vertex 19.7066 0.406586 -3.35
    endloop
  endfacet
  facet normal 0 0 -1
    outer loop
      vertex 19.52 -0.531219 -3.35
      vertex 19.6194 0.478088 -3.35
      vertex 19.6194 -0.478088 -3.35
    endloop
  endfacet
  facet normal 0 0 -1
    outer loop
      vertex 19.52 -0.531219 -3.35
      vertex 19.52 0.531219 -3.35
      vertex 19.6194 0.478088 -3.35
    endloop
  endfacet
  facet normal 0 0 -1
    outer loop
      vertex 18.15 -1.14999 -3.35
      vertex 19.52 0.531219 -3.35
      vertex 19.52 -0.531219 -3.35
    endloop
  endfacet
  facet normal 0 0 -1
    outer loop
      vertex 18.15 -1.14999 -3.35
      vertex 18.15 1.14999 -3.35
      vertex 19.52 0.531219 -3.35
    endloop
  endfacet
  facet normal 0 0 -1
    outer loop
      vertex 17.1 -1.14999 -3.35
      vertex 18.15 1.14999 -3.35
      vertex 18.15 -1.14999 -3.35
    endloop
  endfacet
  facet normal -0 0 -1
    outer loop
      vertex 18.15 1.14999 -3.35
      vertex 17.1 -1.14999 -3.35
      vertex 17.1 1.14999 -3.35
    endloop
  endfacet
  facet normal -0.956931 0.290316 0
    outer loop
      vertex 14.9211 7.3521 -3.35
      vertex 14.9837 7.55844 3.35
      vertex 14.9837 7.55844 -3.35
    endloop
  endfacet
  facet normal -0.956931 0.290316 0
    outer loop
      vertex 14.9837 7.55844 3.35
      vertex 14.9211 7.3521 -3.35
      vertex 14.9211 7.3521 3.35
    endloop
  endfacet
  facet normal -0.881842 0.471546 0
    outer loop
      vertex 14.9837 7.55844 -3.35
      vertex 15.0854 7.74863 3.35
      vertex 15.0854 7.74863 -3.35
    endloop
  endfacet
  facet normal -0.881842 0.471546 0
    outer loop
      vertex 15.0854 7.74863 3.35
      vertex 14.9837 7.55844 -3.35
      vertex 14.9837 7.55844 3.35
    endloop
  endfacet
  facet normal -0.772989 0.634419 0
    outer loop
      vertex 15.0854 7.74863 -3.35
      vertex 15.2222 7.91531 3.35
      vertex 15.2222 7.91531 -3.35
    endloop
  endfacet
  facet normal -0.772989 0.634419 0
    outer loop
      vertex 15.2222 7.91531 3.35
      vertex 15.0854 7.74863 -3.35
      vertex 15.0854 7.74863 3.35
    endloop
  endfacet
  facet normal -0.634373 0.773027 0
    outer loop
      vertex 15.3889 8.05211 -3.35
      vertex 15.2222 7.91531 3.35
      vertex 15.3889 8.05211 3.35
    endloop
  endfacet
  facet normal -0.634373 0.773027 0
    outer loop
      vertex 15.2222 7.91531 3.35
      vertex 15.3889 8.05211 -3.35
      vertex 15.2222 7.91531 -3.35
    endloop
  endfacet
  facet normal -0.471346 0.881948 0
    outer loop
      vertex 15.5791 8.15376 -3.35
      vertex 15.3889 8.05211 3.35
      vertex 15.5791 8.15376 3.35
    endloop
  endfacet
  facet normal -0.471346 0.881948 0
    outer loop
      vertex 15.3889 8.05211 3.35
      vertex 15.5791 8.15376 -3.35
      vertex 15.3889 8.05211 -3.35
    endloop
  endfacet
  facet normal -0.290325 0.956928 0
    outer loop
      vertex 15.7854 8.21635 -3.35
      vertex 15.5791 8.15376 3.35
      vertex 15.7854 8.21635 3.35
    endloop
  endfacet
  facet normal -0.290325 0.956928 0
    outer loop
      vertex 15.5791 8.15376 3.35
      vertex 15.7854 8.21635 -3.35
      vertex 15.5791 8.15376 -3.35
    endloop
  endfacet
  facet normal -0.0980343 0.995183 0
    outer loop
      vertex 16 8.23749 -3.35
      vertex 15.7854 8.21635 3.35
      vertex 16 8.23749 3.35
    endloop
  endfacet
  facet normal -0.0980343 0.995183 0
    outer loop
      vertex 15.7854 8.21635 3.35
      vertex 16 8.23749 -3.35
      vertex 15.7854 8.21635 -3.35
    endloop
  endfacet
  facet normal 0.0980343 0.995183 -0
    outer loop
      vertex 16.2146 8.21635 -3.35
      vertex 16 8.23749 3.35
      vertex 16.2146 8.21635 3.35
    endloop
  endfacet
  facet normal 0.0980343 0.995183 0
    outer loop
      vertex 16 8.23749 3.35
      vertex 16.2146 8.21635 -3.35
      vertex 16 8.23749 -3.35
    endloop
  endfacet
  facet normal 0.290197 0.956967 -0
    outer loop
      vertex 16.421 8.15376 -3.35
      vertex 16.2146 8.21635 3.35
      vertex 16.421 8.15376 3.35
    endloop
  endfacet
  facet normal 0.290197 0.956967 0
    outer loop
      vertex 16.2146 8.21635 3.35
      vertex 16.421 8.15376 -3.35
      vertex 16.2146 8.21635 -3.35
    endloop
  endfacet
  facet normal 0.471539 0.881845 -0
    outer loop
      vertex 16.6111 8.05211 -3.35
      vertex 16.421 8.15376 3.35
      vertex 16.6111 8.05211 3.35
    endloop
  endfacet
  facet normal 0.471539 0.881845 0
    outer loop
      vertex 16.421 8.15376 3.35
      vertex 16.6111 8.05211 -3.35
      vertex 16.421 8.15376 -3.35
    endloop
  endfacet
  facet normal 0.634373 0.773027 -0
    outer loop
      vertex 16.7778 7.91531 -3.35
      vertex 16.6111 8.05211 3.35
      vertex 16.7778 7.91531 3.35
    endloop
  endfacet
  facet normal 0.634373 0.773027 0
    outer loop
      vertex 16.6111 8.05211 3.35
      vertex 16.7778 7.91531 -3.35
      vertex 16.6111 8.05211 -3.35
    endloop
  endfacet
  facet normal 0.772989 0.634419 0
    outer loop
      vertex 16.9146 7.74863 3.35
      vertex 16.7778 7.91531 -3.35
      vertex 16.7778 7.91531 3.35
    endloop
  endfacet
  facet normal 0.772989 0.634419 0
    outer loop
      vertex 16.7778 7.91531 -3.35
      vertex 16.9146 7.74863 3.35
      vertex 16.9146 7.74863 -3.35
    endloop
  endfacet
  facet normal 0.881842 0.471546 0
    outer loop
      vertex 17.0163 7.55844 3.35
      vertex 16.9146 7.74863 -3.35
      vertex 16.9146 7.74863 3.35
    endloop
  endfacet
  facet normal 0.881842 0.471546 0
    outer loop
      vertex 16.9146 7.74863 -3.35
      vertex 17.0163 7.55844 3.35
      vertex 17.0163 7.55844 -3.35
    endloop
  endfacet
  facet normal 0.956931 0.290316 0
    outer loop
      vertex 17.0789 7.3521 3.35
      vertex 17.0163 7.55844 -3.35
      vertex 17.0163 7.55844 3.35
    endloop
  endfacet
  facet normal 0.956931 0.290316 0
    outer loop
      vertex 17.0163 7.55844 -3.35
      vertex 17.0789 7.3521 3.35
      vertex 17.0789 7.3521 -3.35
    endloop
  endfacet
  facet normal 0.995201 0.0978506 0
    outer loop
      vertex 17.1 7.1375 3.35
      vertex 17.0789 7.3521 -3.35
      vertex 17.0789 7.3521 3.35
    endloop
  endfacet
  facet normal 0.995201 0.0978506 0
    outer loop
      vertex 17.0789 7.3521 -3.35
      vertex 17.1 7.1375 3.35
      vertex 17.1 7.1375 -3.35
    endloop
  endfacet
  facet normal 1 -0 0
    outer loop
      vertex 17.1 1.14999 3.35
      vertex 17.1 7.1375 -3.35
      vertex 17.1 7.1375 3.35
    endloop
  endfacet
  facet normal 1 0 0
    outer loop
      vertex 17.1 7.1375 -3.35
      vertex 17.1 1.14999 3.35
      vertex 17.1 1.14999 -3.35
    endloop
  endfacet
  facet normal 0 1 -0
    outer loop
      vertex 18.15 1.14999 -3.35
      vertex 17.1 1.14999 3.35
      vertex 18.15 1.14999 3.35
    endloop
  endfacet
  facet normal 0 1 0
    outer loop
      vertex 17.1 1.14999 3.35
      vertex 18.15 1.14999 -3.35
      vertex 17.1 1.14999 -3.35
    endloop
  endfacet
  facet normal 0.411621 0.911355 -0
    outer loop
      vertex 19.52 0.531219 -3.35
      vertex 18.15 1.14999 3.35
      vertex 19.52 0.531219 3.35
    endloop
  endfacet
  facet normal 0.411621 0.911355 0
    outer loop
      vertex 18.15 1.14999 3.35
      vertex 19.52 0.531219 -3.35
      vertex 18.15 1.14999 -3.35
    endloop
  endfacet
  facet normal 0.471401 0.881919 -0
    outer loop
      vertex 19.6194 0.478088 -3.35
      vertex 19.52 0.531219 3.35
      vertex 19.6194 0.478088 3.35
    endloop
  endfacet
  facet normal 0.471401 0.881919 0
    outer loop
      vertex 19.52 0.531219 3.35
      vertex 19.6194 0.478088 -3.35
      vertex 19.52 0.531219 -3.35
    endloop
  endfacet
  facet normal 0.634069 0.773276 -0
    outer loop
      vertex 19.7066 0.406586 -3.35
      vertex 19.6194 0.478088 3.35
      vertex 19.7066 0.406586 3.35
    endloop
  endfacet
  facet normal 0.634069 0.773276 0
    outer loop
      vertex 19.6194 0.478088 3.35
      vertex 19.7066 0.406586 -3.35
      vertex 19.6194 0.478088 -3.35
    endloop
  endfacet
  facet normal 0.773082 0.634306 0
    outer loop
      vertex 19.7781 0.319443 3.35
      vertex 19.7066 0.406586 -3.35
      vertex 19.7066 0.406586 3.35
    endloop
  endfacet
  facet normal 0.773082 0.634306 0
    outer loop
      vertex 19.7066 0.406586 -3.35
      vertex 19.7781 0.319443 3.35
      vertex 19.7781 0.319443 -3.35
    endloop
  endfacet
  facet normal 0.882055 0.471146 0
    outer loop
      vertex 19.8312 0.220032 3.35
      vertex 19.7781 0.319443 -3.35
      vertex 19.7781 0.319443 3.35
    endloop
  endfacet
  facet normal 0.882055 0.471146 0
    outer loop
      vertex 19.7781 0.319443 -3.35
      vertex 19.8312 0.220032 3.35
      vertex 19.8312 0.220032 -3.35
    endloop
  endfacet
  facet normal 0.956991 0.290118 0
    outer loop
      vertex 19.8639 0.112167 3.35
      vertex 19.8312 0.220032 -3.35
      vertex 19.8312 0.220032 3.35
    endloop
  endfacet
  facet normal 0.956991 0.290118 0
    outer loop
      vertex 19.8312 0.220032 -3.35
      vertex 19.8639 0.112167 3.35
      vertex 19.8639 0.112167 -3.35
    endloop
  endfacet
  facet normal 0.995139 0.0984786 0
    outer loop
      vertex 19.875 0 3.35
      vertex 19.8639 0.112167 -3.35
      vertex 19.8639 0.112167 3.35
    endloop
  endfacet
  facet normal 0.995139 0.0984786 0
    outer loop
      vertex 19.8639 0.112167 -3.35
      vertex 19.875 0 3.35
      vertex 19.875 0 -3.35
    endloop
  endfacet
  facet normal 0.995139 -0.0984786 0
    outer loop
      vertex 19.8639 -0.112167 3.35
      vertex 19.875 0 -3.35
      vertex 19.875 0 3.35
    endloop
  endfacet
  facet normal 0.995139 -0.0984786 0
    outer loop
      vertex 19.875 0 -3.35
      vertex 19.8639 -0.112167 3.35
      vertex 19.8639 -0.112167 -3.35
    endloop
  endfacet
  facet normal 0.956991 -0.290118 0
    outer loop
      vertex 19.8312 -0.220032 3.35
      vertex 19.8639 -0.112167 -3.35
      vertex 19.8639 -0.112167 3.35
    endloop
  endfacet
  facet normal 0.956991 -0.290118 0
    outer loop
      vertex 19.8639 -0.112167 -3.35
      vertex 19.8312 -0.220032 3.35
      vertex 19.8312 -0.220032 -3.35
    endloop
  endfacet
  facet normal 0.882055 -0.471146 0
    outer loop
      vertex 19.7781 -0.319443 3.35
      vertex 19.8312 -0.220032 -3.35
      vertex 19.8312 -0.220032 3.35
    endloop
  endfacet
  facet normal 0.882055 -0.471146 0
    outer loop
      vertex 19.8312 -0.220032 -3.35
      vertex 19.7781 -0.319443 3.35
      vertex 19.7781 -0.319443 -3.35
    endloop
  endfacet
  facet normal 0.773082 -0.634306 0
    outer loop
      vertex 19.7066 -0.406586 3.35
      vertex 19.7781 -0.319443 -3.35
      vertex 19.7781 -0.319443 3.35
    endloop
  endfacet
  facet normal 0.773082 -0.634306 0
    outer loop
      vertex 19.7781 -0.319443 -3.35
      vertex 19.7066 -0.406586 3.35
      vertex 19.7066 -0.406586 -3.35
    endloop
  endfacet
  facet normal 0.634069 -0.773276 0
    outer loop
      vertex 19.6194 -0.478088 -3.35
      vertex 19.7066 -0.406586 3.35
      vertex 19.6194 -0.478088 3.35
    endloop
  endfacet
  facet normal 0.634069 -0.773276 0
    outer loop
      vertex 19.7066 -0.406586 3.35
      vertex 19.6194 -0.478088 -3.35
      vertex 19.7066 -0.406586 -3.35
    endloop
  endfacet
  facet normal 0.471401 -0.881919 0
    outer loop
      vertex 19.52 -0.531219 -3.35
      vertex 19.6194 -0.478088 3.35
      vertex 19.52 -0.531219 3.35
    endloop
  endfacet
  facet normal 0.471401 -0.881919 0
    outer loop
      vertex 19.6194 -0.478088 3.35
      vertex 19.52 -0.531219 -3.35
      vertex 19.6194 -0.478088 -3.35
    endloop
  endfacet
  facet normal 0.411621 -0.911355 0
    outer loop
      vertex 18.15 -1.14999 -3.35
      vertex 19.52 -0.531219 3.35
      vertex 18.15 -1.14999 3.35
    endloop
  endfacet
  facet normal 0.411621 -0.911355 0
    outer loop
      vertex 19.52 -0.531219 3.35
      vertex 18.15 -1.14999 -3.35
      vertex 19.52 -0.531219 -3.35
    endloop
  endfacet
  facet normal 0 -1 0
    outer loop
      vertex 17.1 -1.14999 -3.35
      vertex 18.15 -1.14999 3.35
      vertex 17.1 -1.14999 3.35
    endloop
  endfacet
  facet normal 0 -1 -0
    outer loop
      vertex 18.15 -1.14999 3.35
      vertex 17.1 -1.14999 -3.35
      vertex 18.15 -1.14999 -3.35
    endloop
  endfacet
  facet normal 1 -0 0
    outer loop
      vertex 17.1 -7.1375 3.35
      vertex 17.1 -1.14999 -3.35
      vertex 17.1 -1.14999 3.35
    endloop
  endfacet
  facet normal 1 0 0
    outer loop
      vertex 17.1 -1.14999 -3.35
      vertex 17.1 -7.1375 3.35
      vertex 17.1 -7.1375 -3.35
    endloop
  endfacet
  facet normal 0.995201 -0.0978506 0
    outer loop
      vertex 17.0789 -7.3521 3.35
      vertex 17.1 -7.1375 -3.35
      vertex 17.1 -7.1375 3.35
    endloop
  endfacet
  facet normal 0.995201 -0.0978506 0
    outer loop
      vertex 17.1 -7.1375 -3.35
      vertex 17.0789 -7.3521 3.35
      vertex 17.0789 -7.3521 -3.35
    endloop
  endfacet
  facet normal 0.956931 -0.290316 0
    outer loop
      vertex 17.0163 -7.55844 3.35
      vertex 17.0789 -7.3521 -3.35
      vertex 17.0789 -7.3521 3.35
    endloop
  endfacet
  facet normal 0.956931 -0.290316 0
    outer loop
      vertex 17.0789 -7.3521 -3.35
      vertex 17.0163 -7.55844 3.35
      vertex 17.0163 -7.55844 -3.35
    endloop
  endfacet
  facet normal 0.881842 -0.471546 0
    outer loop
      vertex 16.9146 -7.74863 3.35
      vertex 17.0163 -7.55844 -3.35
      vertex 17.0163 -7.55844 3.35
    endloop
  endfacet
  facet normal 0.881842 -0.471546 0
    outer loop
      vertex 17.0163 -7.55844 -3.35
      vertex 16.9146 -7.74863 3.35
      vertex 16.9146 -7.74863 -3.35
    endloop
  endfacet
  facet normal 0.772989 -0.634419 0
    outer loop
      vertex 16.7778 -7.91531 3.35
      vertex 16.9146 -7.74863 -3.35
      vertex 16.9146 -7.74863 3.35
    endloop
  endfacet
  facet normal 0.772989 -0.634419 0
    outer loop
      vertex 16.9146 -7.74863 -3.35
      vertex 16.7778 -7.91531 3.35
      vertex 16.7778 -7.91531 -3.35
    endloop
  endfacet
  facet normal 0.634373 -0.773027 0
    outer loop
      vertex 16.6111 -8.05211 -3.35
      vertex 16.7778 -7.91531 3.35
      vertex 16.6111 -8.05211 3.35
    endloop
  endfacet
  facet normal 0.634373 -0.773027 0
    outer loop
      vertex 16.7778 -7.91531 3.35
      vertex 16.6111 -8.05211 -3.35
      vertex 16.7778 -7.91531 -3.35
    endloop
  endfacet
  facet normal 0.471539 -0.881845 0
    outer loop
      vertex 16.421 -8.15376 -3.35
      vertex 16.6111 -8.05211 3.35
      vertex 16.421 -8.15376 3.35
    endloop
  endfacet
  facet normal 0.471539 -0.881845 0
    outer loop
      vertex 16.6111 -8.05211 3.35
      vertex 16.421 -8.15376 -3.35
      vertex 16.6111 -8.05211 -3.35
    endloop
  endfacet
  facet normal 0.290197 -0.956967 0
    outer loop
      vertex 16.2146 -8.21635 -3.35
      vertex 16.421 -8.15376 3.35
      vertex 16.2146 -8.21635 3.35
    endloop
  endfacet
  facet normal 0.290197 -0.956967 0
    outer loop
      vertex 16.421 -8.15376 3.35
      vertex 16.2146 -8.21635 -3.35
      vertex 16.421 -8.15376 -3.35
    endloop
  endfacet
  facet normal 0.0980343 -0.995183 0
    outer loop
      vertex 16 -8.23749 -3.35
      vertex 16.2146 -8.21635 3.35
      vertex 16 -8.23749 3.35
    endloop
  endfacet
  facet normal 0.0980343 -0.995183 0
    outer loop
      vertex 16.2146 -8.21635 3.35
      vertex 16 -8.23749 -3.35
      vertex 16.2146 -8.21635 -3.35
    endloop
  endfacet
  facet normal -0.0980343 -0.995183 0
    outer loop
      vertex 15.7854 -8.21635 -3.35
      vertex 16 -8.23749 3.35
      vertex 15.7854 -8.21635 3.35
    endloop
  endfacet
  facet normal -0.0980343 -0.995183 -0
    outer loop
      vertex 16 -8.23749 3.35
      vertex 15.7854 -8.21635 -3.35
      vertex 16 -8.23749 -3.35
    endloop
  endfacet
  facet normal -0.290325 -0.956928 0
    outer loop
      vertex 15.5791 -8.15376 -3.35
      vertex 15.7854 -8.21635 3.35
      vertex 15.5791 -8.15376 3.35
    endloop
  endfacet
  facet normal -0.290325 -0.956928 -0
    outer loop
      vertex 15.7854 -8.21635 3.35
      vertex 15.5791 -8.15376 -3.35
      vertex 15.7854 -8.21635 -3.35
    endloop
  endfacet
  facet normal -0.471346 -0.881948 0
    outer loop
      vertex 15.3889 -8.05211 -3.35
      vertex 15.5791 -8.15376 3.35
      vertex 15.3889 -8.05211 3.35
    endloop
  endfacet
  facet normal -0.471346 -0.881948 -0
    outer loop
      vertex 15.5791 -8.15376 3.35
      vertex 15.3889 -8.05211 -3.35
      vertex 15.5791 -8.15376 -3.35
    endloop
  endfacet
  facet normal -0.634373 -0.773027 0
    outer loop
      vertex 15.2222 -7.91531 -3.35
      vertex 15.3889 -8.05211 3.35
      vertex 15.2222 -7.91531 3.35
    endloop
  endfacet
  facet normal -0.634373 -0.773027 -0
    outer loop
      vertex 15.3889 -8.05211 3.35
      vertex 15.2222 -7.91531 -3.35
      vertex 15.3889 -8.05211 -3.35
    endloop
  endfacet
  facet normal -0.772989 -0.634419 0
    outer loop
      vertex 15.2222 -7.91531 -3.35
      vertex 15.0854 -7.74863 3.35
      vertex 15.0854 -7.74863 -3.35
    endloop
  endfacet
  facet normal -0.772989 -0.634419 0
    outer loop
      vertex 15.0854 -7.74863 3.35
      vertex 15.2222 -7.91531 -3.35
      vertex 15.2222 -7.91531 3.35
    endloop
  endfacet
  facet normal -0.881842 -0.471546 0
    outer loop
      vertex 15.0854 -7.74863 -3.35
      vertex 14.9837 -7.55844 3.35
      vertex 14.9837 -7.55844 -3.35
    endloop
  endfacet
  facet normal -0.881842 -0.471546 0
    outer loop
      vertex 14.9837 -7.55844 3.35
      vertex 15.0854 -7.74863 -3.35
      vertex 15.0854 -7.74863 3.35
    endloop
  endfacet
  facet normal -0.956931 -0.290316 0
    outer loop
      vertex 14.9837 -7.55844 -3.35
      vertex 14.9211 -7.3521 3.35
      vertex 14.9211 -7.3521 -3.35
    endloop
  endfacet
  facet normal -0.956931 -0.290316 0
    outer loop
      vertex 14.9211 -7.3521 3.35
      vertex 14.9837 -7.55844 -3.35
      vertex 14.9837 -7.55844 3.35
    endloop
  endfacet
  facet normal -0.995201 -0.0978506 0
    outer loop
      vertex 14.9211 -7.3521 -3.35
      vertex 14.9 -7.1375 3.35
      vertex 14.9 -7.1375 -3.35
    endloop
  endfacet
  facet normal -0.995201 -0.0978506 0
    outer loop
      vertex 14.9 -7.1375 3.35
      vertex 14.9211 -7.3521 -3.35
      vertex 14.9211 -7.3521 3.35
    endloop
  endfacet
  facet normal -1 0 0
    outer loop
      vertex 14.9 -7.1375 -3.35
      vertex 14.9 7.1375 3.35
      vertex 14.9 7.1375 -3.35
    endloop
  endfacet
  facet normal -1 -0 0
    outer loop
      vertex 14.9 7.1375 3.35
      vertex 14.9 -7.1375 -3.35
      vertex 14.9 -7.1375 3.35
    endloop
  endfacet
  facet normal -0.995201 0.0978506 0
    outer loop
      vertex 14.9 7.1375 -3.35
      vertex 14.9211 7.3521 3.35
      vertex 14.9211 7.3521 -3.35
    endloop
  endfacet
  facet normal -0.995201 0.0978506 0
    outer loop
      vertex 14.9211 7.3521 3.35
      vertex 14.9 7.1375 -3.35
      vertex 14.9 7.1375 3.35
    endloop
  endfacet
  facet normal -0 0 1
    outer loop
      vertex 22.9 7.1375 3.35
      vertex 25.1 1.14999 3.35
      vertex 25.1 7.1375 3.35
    endloop
  endfacet
  facet normal 0 0 1
    outer loop
      vertex 25.1 1.14999 3.35
      vertex 22.9 7.1375 3.35
      vertex 25.1 -1.14999 3.35
    endloop
  endfacet
  facet normal 0 0 1
    outer loop
      vertex 22.9 7.1375 3.35
      vertex 25.1 7.1375 3.35
      vertex 25.0789 7.3521 3.35
    endloop
  endfacet
  facet normal 0 0 1
    outer loop
      vertex 22.9 -7.1375 3.35
      vertex 25.1 -1.14999 3.35
      vertex 22.9 7.1375 3.35
    endloop
  endfacet
  facet normal 0 0 1
    outer loop
      vertex 22.9 7.1375 3.35
      vertex 25.0789 7.3521 3.35
      vertex 25.0163 7.55844 3.35
    endloop
  endfacet
  facet normal 0 0 1
    outer loop
      vertex 25.1 -1.14999 3.35
      vertex 22.9 -7.1375 3.35
      vertex 25.1 -7.1375 3.35
    endloop
  endfacet
  facet normal 0 0 1
    outer loop
      vertex 22.9 7.1375 3.35
      vertex 25.0163 7.55844 3.35
      vertex 24.9146 7.74863 3.35
    endloop
  endfacet
  facet normal 0 0 1
    outer loop
      vertex 25.1 -7.1375 3.35
      vertex 22.9 -7.1375 3.35
      vertex 25.0789 -7.3521 3.35
    endloop
  endfacet
  facet normal 0 0 1
    outer loop
      vertex 22.9 7.1375 3.35
      vertex 24.9146 7.74863 3.35
      vertex 24.7778 7.91531 3.35
    endloop
  endfacet
  facet normal 0 0 1
    outer loop
      vertex 25.0789 -7.3521 3.35
      vertex 22.9 -7.1375 3.35
      vertex 25.0163 -7.55844 3.35
    endloop
  endfacet
  facet normal 0 0 1
    outer loop
      vertex 22.9 7.1375 3.35
      vertex 24.7778 7.91531 3.35
      vertex 24.6111 8.05211 3.35
    endloop
  endfacet
  facet normal 0 0 1
    outer loop
      vertex 25.0163 -7.55844 3.35
      vertex 22.9 -7.1375 3.35
      vertex 24.9146 -7.74863 3.35
    endloop
  endfacet
  facet normal 0 0 1
    outer loop
      vertex 22.9 7.1375 3.35
      vertex 24.6111 8.05211 3.35
      vertex 24.421 8.15376 3.35
    endloop
  endfacet
  facet normal 0 0 1
    outer loop
      vertex 24.9146 -7.74863 3.35
      vertex 22.9 -7.1375 3.35
      vertex 24.7778 -7.91531 3.35
    endloop
  endfacet
  facet normal 0 0 1
    outer loop
      vertex 22.9 7.1375 3.35
      vertex 24.421 8.15376 3.35
      vertex 24.2146 8.21635 3.35
    endloop
  endfacet
  facet normal 0 0 1
    outer loop
      vertex 24.7778 -7.91531 3.35
      vertex 22.9 -7.1375 3.35
      vertex 24.6111 -8.05211 3.35
    endloop
  endfacet
  facet normal 0 0 1
    outer loop
      vertex 22.9 7.1375 3.35
      vertex 24.2146 8.21635 3.35
      vertex 24 8.23749 3.35
    endloop
  endfacet
  facet normal 0 0 1
    outer loop
      vertex 24.6111 -8.05211 3.35
      vertex 22.9 -7.1375 3.35
      vertex 24.421 -8.15376 3.35
    endloop
  endfacet
  facet normal 0 0 1
    outer loop
      vertex 22.9 7.1375 3.35
      vertex 24 8.23749 3.35
      vertex 23.7854 8.21635 3.35
    endloop
  endfacet
  facet normal 0 0 1
    outer loop
      vertex 24.421 -8.15376 3.35
      vertex 22.9 -7.1375 3.35
      vertex 24.2146 -8.21635 3.35
    endloop
  endfacet
  facet normal 0 0 1
    outer loop
      vertex 22.9 7.1375 3.35
      vertex 23.7854 8.21635 3.35
      vertex 23.5791 8.15376 3.35
    endloop
  endfacet
  facet normal 0 0 1
    outer loop
      vertex 24.2146 -8.21635 3.35
      vertex 22.9 -7.1375 3.35
      vertex 24 -8.23749 3.35
    endloop
  endfacet
  facet normal 0 0 1
    outer loop
      vertex 22.9 7.1375 3.35
      vertex 23.5791 8.15376 3.35
      vertex 23.3889 8.05211 3.35
    endloop
  endfacet
  facet normal 0 0 1
    outer loop
      vertex 24 -8.23749 3.35
      vertex 22.9 -7.1375 3.35
      vertex 23.7854 -8.21635 3.35
    endloop
  endfacet
  facet normal 0 0 1
    outer loop
      vertex 22.9 7.1375 3.35
      vertex 23.3889 8.05211 3.35
      vertex 23.2222 7.91531 3.35
    endloop
  endfacet
  facet normal 0 0 1
    outer loop
      vertex 23.7854 -8.21635 3.35
      vertex 22.9 -7.1375 3.35
      vertex 23.5791 -8.15376 3.35
    endloop
  endfacet
  facet normal 0 0 1
    outer loop
      vertex 22.9 7.1375 3.35
      vertex 23.2222 7.91531 3.35
      vertex 23.0854 7.74863 3.35
    endloop
  endfacet
  facet normal 0 0 1
    outer loop
      vertex 23.5791 -8.15376 3.35
      vertex 22.9 -7.1375 3.35
      vertex 23.3889 -8.05211 3.35
    endloop
  endfacet
  facet normal 0 0 1
    outer loop
      vertex 22.9 7.1375 3.35
      vertex 23.0854 7.74863 3.35
      vertex 22.9837 7.55844 3.35
    endloop
  endfacet
  facet normal 0 0 1
    outer loop
      vertex 23.3889 -8.05211 3.35
      vertex 22.9 -7.1375 3.35
      vertex 23.2222 -7.91531 3.35
    endloop
  endfacet
  facet normal 0 0 1
    outer loop
      vertex 22.9 7.1375 3.35
      vertex 22.9837 7.55844 3.35
      vertex 22.9211 7.3521 3.35
    endloop
  endfacet
  facet normal 0 0 1
    outer loop
      vertex 23.2222 -7.91531 3.35
      vertex 22.9 -7.1375 3.35
      vertex 23.0854 -7.74863 3.35
    endloop
  endfacet
  facet normal 0 0 1
    outer loop
      vertex 23.0854 -7.74863 3.35
      vertex 22.9 -7.1375 3.35
      vertex 22.9837 -7.55844 3.35
    endloop
  endfacet
  facet normal 0 0 1
    outer loop
      vertex 22.9837 -7.55844 3.35
      vertex 22.9 -7.1375 3.35
      vertex 22.9211 -7.3521 3.35
    endloop
  endfacet
  facet normal 0 0 1
    outer loop
      vertex 27.8639 0.112167 3.35
      vertex 27.8639 -0.112167 3.35
      vertex 27.875 0 3.35
    endloop
  endfacet
  facet normal 0 0 1
    outer loop
      vertex 27.8312 0.220032 3.35
      vertex 27.8639 -0.112167 3.35
      vertex 27.8639 0.112167 3.35
    endloop
  endfacet
  facet normal 0 0 1
    outer loop
      vertex 27.8312 0.220032 3.35
      vertex 27.8312 -0.220032 3.35
      vertex 27.8639 -0.112167 3.35
    endloop
  endfacet
  facet normal 0 0 1
    outer loop
      vertex 27.7781 0.319443 3.35
      vertex 27.8312 -0.220032 3.35
      vertex 27.8312 0.220032 3.35
    endloop
  endfacet
  facet normal 0 0 1
    outer loop
      vertex 27.7781 0.319443 3.35
      vertex 27.7781 -0.319443 3.35
      vertex 27.8312 -0.220032 3.35
    endloop
  endfacet
  facet normal 0 0 1
    outer loop
      vertex 27.7066 0.406586 3.35
      vertex 27.7781 -0.319443 3.35
      vertex 27.7781 0.319443 3.35
    endloop
  endfacet
  facet normal 0 0 1
    outer loop
      vertex 27.7066 0.406586 3.35
      vertex 27.7066 -0.406586 3.35
      vertex 27.7781 -0.319443 3.35
    endloop
  endfacet
  facet normal 0 0 1
    outer loop
      vertex 27.6194 0.478088 3.35
      vertex 27.7066 -0.406586 3.35
      vertex 27.7066 0.406586 3.35
    endloop
  endfacet
  facet normal 0 0 1
    outer loop
      vertex 27.6194 0.478088 3.35
      vertex 27.6194 -0.478088 3.35
      vertex 27.7066 -0.406586 3.35
    endloop
  endfacet
  facet normal 0 0 1
    outer loop
      vertex 27.52 0.531219 3.35
      vertex 27.6194 -0.478088 3.35
      vertex 27.6194 0.478088 3.35
    endloop
  endfacet
  facet normal 0 0 1
    outer loop
      vertex 27.52 0.531219 3.35
      vertex 27.52 -0.531219 3.35
      vertex 27.6194 -0.478088 3.35
    endloop
  endfacet
  facet normal 0 0 1
    outer loop
      vertex 26.15 1.14999 3.35
      vertex 27.52 -0.531219 3.35
      vertex 27.52 0.531219 3.35
    endloop
  endfacet
  facet normal 0 0 1
    outer loop
      vertex 26.15 1.14999 3.35
      vertex 26.15 -1.14999 3.35
      vertex 27.52 -0.531219 3.35
    endloop
  endfacet
  facet normal -0 0 1
    outer loop
      vertex 25.1 1.14999 3.35
      vertex 26.15 -1.14999 3.35
      vertex 26.15 1.14999 3.35
    endloop
  endfacet
  facet normal 0 0 1
    outer loop
      vertex 26.15 -1.14999 3.35
      vertex 25.1 1.14999 3.35
      vertex 25.1 -1.14999 3.35
    endloop
  endfacet
  facet normal 0 0 -1
    outer loop
      vertex 22.9 -7.1375 -3.35
      vertex 25.1 -1.14999 -3.35
      vertex 25.1 -7.1375 -3.35
    endloop
  endfacet
  facet normal -0 0 -1
    outer loop
      vertex 25.1 -1.14999 -3.35
      vertex 22.9 -7.1375 -3.35
      vertex 25.1 1.14999 -3.35
    endloop
  endfacet
  facet normal 0 0 -1
    outer loop
      vertex 22.9 -7.1375 -3.35
      vertex 25.1 -7.1375 -3.35
      vertex 25.0789 -7.3521 -3.35
    endloop
  endfacet
  facet normal 0 0 -1
    outer loop
      vertex 22.9 7.1375 -3.35
      vertex 25.1 1.14999 -3.35
      vertex 22.9 -7.1375 -3.35
    endloop
  endfacet
  facet normal 0 0 -1
    outer loop
      vertex 22.9 -7.1375 -3.35
      vertex 25.0789 -7.3521 -3.35
      vertex 25.0163 -7.55844 -3.35
    endloop
  endfacet
  facet normal 0 0 -1
    outer loop
      vertex 25.1 1.14999 -3.35
      vertex 22.9 7.1375 -3.35
      vertex 25.1 7.1375 -3.35
    endloop
  endfacet
  facet normal 0 0 -1
    outer loop
      vertex 22.9 -7.1375 -3.35
      vertex 25.0163 -7.55844 -3.35
      vertex 24.9146 -7.74863 -3.35
    endloop
  endfacet
  facet normal 0 0 -1
    outer loop
      vertex 25.1 7.1375 -3.35
      vertex 22.9 7.1375 -3.35
      vertex 25.0789 7.3521 -3.35
    endloop
  endfacet
  facet normal 0 0 -1
    outer loop
      vertex 22.9 -7.1375 -3.35
      vertex 24.9146 -7.74863 -3.35
      vertex 24.7778 -7.91531 -3.35
    endloop
  endfacet
  facet normal -0 0 -1
    outer loop
      vertex 25.0789 7.3521 -3.35
      vertex 22.9 7.1375 -3.35
      vertex 25.0163 7.55844 -3.35
    endloop
  endfacet
  facet normal 0 0 -1
    outer loop
      vertex 22.9 -7.1375 -3.35
      vertex 24.7778 -7.91531 -3.35
      vertex 24.6111 -8.05211 -3.35
    endloop
  endfacet
  facet normal -0 0 -1
    outer loop
      vertex 25.0163 7.55844 -3.35
      vertex 22.9 7.1375 -3.35
      vertex 24.9146 7.74863 -3.35
    endloop
  endfacet
  facet normal 0 0 -1
    outer loop
      vertex 22.9 -7.1375 -3.35
      vertex 24.6111 -8.05211 -3.35
      vertex 24.421 -8.15376 -3.35
    endloop
  endfacet
  facet normal -0 0 -1
    outer loop
      vertex 24.9146 7.74863 -3.35
      vertex 22.9 7.1375 -3.35
      vertex 24.7778 7.91531 -3.35
    endloop
  endfacet
  facet normal 0 0 -1
    outer loop
      vertex 22.9 -7.1375 -3.35
      vertex 24.421 -8.15376 -3.35
      vertex 24.2146 -8.21635 -3.35
    endloop
  endfacet
  facet normal -0 0 -1
    outer loop
      vertex 24.7778 7.91531 -3.35
      vertex 22.9 7.1375 -3.35
      vertex 24.6111 8.05211 -3.35
    endloop
  endfacet
  facet normal 0 0 -1
    outer loop
      vertex 22.9 -7.1375 -3.35
      vertex 24.2146 -8.21635 -3.35
      vertex 24 -8.23749 -3.35
    endloop
  endfacet
  facet normal -0 0 -1
    outer loop
      vertex 24.6111 8.05211 -3.35
      vertex 22.9 7.1375 -3.35
      vertex 24.421 8.15376 -3.35
    endloop
  endfacet
  facet normal 0 0 -1
    outer loop
      vertex 22.9 -7.1375 -3.35
      vertex 24 -8.23749 -3.35
      vertex 23.7854 -8.21635 -3.35
    endloop
  endfacet
  facet normal -0 0 -1
    outer loop
      vertex 24.421 8.15376 -3.35
      vertex 22.9 7.1375 -3.35
      vertex 24.2146 8.21635 -3.35
    endloop
  endfacet
  facet normal 0 0 -1
    outer loop
      vertex 22.9 -7.1375 -3.35
      vertex 23.7854 -8.21635 -3.35
      vertex 23.5791 -8.15376 -3.35
    endloop
  endfacet
  facet normal -0 0 -1
    outer loop
      vertex 24.2146 8.21635 -3.35
      vertex 22.9 7.1375 -3.35
      vertex 24 8.23749 -3.35
    endloop
  endfacet
  facet normal 0 0 -1
    outer loop
      vertex 22.9 -7.1375 -3.35
      vertex 23.5791 -8.15376 -3.35
      vertex 23.3889 -8.05211 -3.35
    endloop
  endfacet
  facet normal 0 0 -1
    outer loop
      vertex 24 8.23749 -3.35
      vertex 22.9 7.1375 -3.35
      vertex 23.7854 8.21635 -3.35
    endloop
  endfacet
  facet normal 0 0 -1
    outer loop
      vertex 22.9 -7.1375 -3.35
      vertex 23.3889 -8.05211 -3.35
      vertex 23.2222 -7.91531 -3.35
    endloop
  endfacet
  facet normal 0 0 -1
    outer loop
      vertex 23.7854 8.21635 -3.35
      vertex 22.9 7.1375 -3.35
      vertex 23.5791 8.15376 -3.35
    endloop
  endfacet
  facet normal 0 0 -1
    outer loop
      vertex 22.9 -7.1375 -3.35
      vertex 23.2222 -7.91531 -3.35
      vertex 23.0854 -7.74863 -3.35
    endloop
  endfacet
  facet normal 0 0 -1
    outer loop
      vertex 23.5791 8.15376 -3.35
      vertex 22.9 7.1375 -3.35
      vertex 23.3889 8.05211 -3.35
    endloop
  endfacet
  facet normal 0 0 -1
    outer loop
      vertex 22.9 -7.1375 -3.35
      vertex 23.0854 -7.74863 -3.35
      vertex 22.9837 -7.55844 -3.35
    endloop
  endfacet
  facet normal 0 0 -1
    outer loop
      vertex 23.3889 8.05211 -3.35
      vertex 22.9 7.1375 -3.35
      vertex 23.2222 7.91531 -3.35
    endloop
  endfacet
  facet normal 0 0 -1
    outer loop
      vertex 22.9 -7.1375 -3.35
      vertex 22.9837 -7.55844 -3.35
      vertex 22.9211 -7.3521 -3.35
    endloop
  endfacet
  facet normal 0 0 -1
    outer loop
      vertex 23.2222 7.91531 -3.35
      vertex 22.9 7.1375 -3.35
      vertex 23.0854 7.74863 -3.35
    endloop
  endfacet
  facet normal 0 0 -1
    outer loop
      vertex 23.0854 7.74863 -3.35
      vertex 22.9 7.1375 -3.35
      vertex 22.9837 7.55844 -3.35
    endloop
  endfacet
  facet normal 0 0 -1
    outer loop
      vertex 22.9837 7.55844 -3.35
      vertex 22.9 7.1375 -3.35
      vertex 22.9211 7.3521 -3.35
    endloop
  endfacet
  facet normal 0 0 -1
    outer loop
      vertex 27.8639 -0.112167 -3.35
      vertex 27.8639 0.112167 -3.35
      vertex 27.875 0 -3.35
    endloop
  endfacet
  facet normal 0 0 -1
    outer loop
      vertex 27.8312 -0.220032 -3.35
      vertex 27.8639 0.112167 -3.35
      vertex 27.8639 -0.112167 -3.35
    endloop
  endfacet
  facet normal 0 0 -1
    outer loop
      vertex 27.8312 -0.220032 -3.35
      vertex 27.8312 0.220032 -3.35
      vertex 27.8639 0.112167 -3.35
    endloop
  endfacet
  facet normal 0 0 -1
    outer loop
      vertex 27.7781 -0.319443 -3.35
      vertex 27.8312 0.220032 -3.35
      vertex 27.8312 -0.220032 -3.35
    endloop
  endfacet
  facet normal 0 0 -1
    outer loop
      vertex 27.7781 -0.319443 -3.35
      vertex 27.7781 0.319443 -3.35
      vertex 27.8312 0.220032 -3.35
    endloop
  endfacet
  facet normal 0 0 -1
    outer loop
      vertex 27.7066 -0.406586 -3.35
      vertex 27.7781 0.319443 -3.35
      vertex 27.7781 -0.319443 -3.35
    endloop
  endfacet
  facet normal 0 0 -1
    outer loop
      vertex 27.7066 -0.406586 -3.35
      vertex 27.7066 0.406586 -3.35
      vertex 27.7781 0.319443 -3.35
    endloop
  endfacet
  facet normal 0 0 -1
    outer loop
      vertex 27.6194 -0.478088 -3.35
      vertex 27.7066 0.406586 -3.35
      vertex 27.7066 -0.406586 -3.35
    endloop
  endfacet
  facet normal 0 0 -1
    outer loop
      vertex 27.6194 -0.478088 -3.35
      vertex 27.6194 0.478088 -3.35
      vertex 27.7066 0.406586 -3.35
    endloop
  endfacet
  facet normal 0 0 -1
    outer loop
      vertex 27.52 -0.531219 -3.35
      vertex 27.6194 0.478088 -3.35
      vertex 27.6194 -0.478088 -3.35
    endloop
  endfacet
  facet normal 0 0 -1
    outer loop
      vertex 27.52 -0.531219 -3.35
      vertex 27.52 0.531219 -3.35
      vertex 27.6194 0.478088 -3.35
    endloop
  endfacet
  facet normal 0 0 -1
    outer loop
      vertex 26.15 -1.14999 -3.35
      vertex 27.52 0.531219 -3.35
      vertex 27.52 -0.531219 -3.35
    endloop
  endfacet
  facet normal 0 0 -1
    outer loop
      vertex 26.15 -1.14999 -3.35
      vertex 26.15 1.14999 -3.35
      vertex 27.52 0.531219 -3.35
    endloop
  endfacet
  facet normal 0 0 -1
    outer loop
      vertex 25.1 -1.14999 -3.35
      vertex 26.15 1.14999 -3.35
      vertex 26.15 -1.14999 -3.35
    endloop
  endfacet
  facet normal -0 0 -1
    outer loop
      vertex 26.15 1.14999 -3.35
      vertex 25.1 -1.14999 -3.35
      vertex 25.1 1.14999 -3.35
    endloop
  endfacet
  facet normal -0.956931 0.290316 0
    outer loop
      vertex 22.9211 7.3521 -3.35
      vertex 22.9837 7.55844 3.35
      vertex 22.9837 7.55844 -3.35
    endloop
  endfacet
  facet normal -0.956931 0.290316 0
    outer loop
      vertex 22.9837 7.55844 3.35
      vertex 22.9211 7.3521 -3.35
      vertex 22.9211 7.3521 3.35
    endloop
  endfacet
  facet normal -0.881842 0.471546 0
    outer loop
      vertex 22.9837 7.55844 -3.35
      vertex 23.0854 7.74863 3.35
      vertex 23.0854 7.74863 -3.35
    endloop
  endfacet
  facet normal -0.881842 0.471546 0
    outer loop
      vertex 23.0854 7.74863 3.35
      vertex 22.9837 7.55844 -3.35
      vertex 22.9837 7.55844 3.35
    endloop
  endfacet
  facet normal -0.772989 0.634419 0
    outer loop
      vertex 23.0854 7.74863 -3.35
      vertex 23.2222 7.91531 3.35
      vertex 23.2222 7.91531 -3.35
    endloop
  endfacet
  facet normal -0.772989 0.634419 0
    outer loop
      vertex 23.2222 7.91531 3.35
      vertex 23.0854 7.74863 -3.35
      vertex 23.0854 7.74863 3.35
    endloop
  endfacet
  facet normal -0.634373 0.773027 0
    outer loop
      vertex 23.3889 8.05211 -3.35
      vertex 23.2222 7.91531 3.35
      vertex 23.3889 8.05211 3.35
    endloop
  endfacet
  facet normal -0.634373 0.773027 0
    outer loop
      vertex 23.2222 7.91531 3.35
      vertex 23.3889 8.05211 -3.35
      vertex 23.2222 7.91531 -3.35
    endloop
  endfacet
  facet normal -0.471346 0.881948 0
    outer loop
      vertex 23.5791 8.15376 -3.35
      vertex 23.3889 8.05211 3.35
      vertex 23.5791 8.15376 3.35
    endloop
  endfacet
  facet normal -0.471346 0.881948 0
    outer loop
      vertex 23.3889 8.05211 3.35
      vertex 23.5791 8.15376 -3.35
      vertex 23.3889 8.05211 -3.35
    endloop
  endfacet
  facet normal -0.290325 0.956928 0
    outer loop
      vertex 23.7854 8.21635 -3.35
      vertex 23.5791 8.15376 3.35
      vertex 23.7854 8.21635 3.35
    endloop
  endfacet
  facet normal -0.290325 0.956928 0
    outer loop
      vertex 23.5791 8.15376 3.35
      vertex 23.7854 8.21635 -3.35
      vertex 23.5791 8.15376 -3.35
    endloop
  endfacet
  facet normal -0.0980343 0.995183 0
    outer loop
      vertex 24 8.23749 -3.35
      vertex 23.7854 8.21635 3.35
      vertex 24 8.23749 3.35
    endloop
  endfacet
  facet normal -0.0980343 0.995183 0
    outer loop
      vertex 23.7854 8.21635 3.35
      vertex 24 8.23749 -3.35
      vertex 23.7854 8.21635 -3.35
    endloop
  endfacet
  facet normal 0.0980343 0.995183 -0
    outer loop
      vertex 24.2146 8.21635 -3.35
      vertex 24 8.23749 3.35
      vertex 24.2146 8.21635 3.35
    endloop
  endfacet
  facet normal 0.0980343 0.995183 0
    outer loop
      vertex 24 8.23749 3.35
      vertex 24.2146 8.21635 -3.35
      vertex 24 8.23749 -3.35
    endloop
  endfacet
  facet normal 0.290197 0.956967 -0
    outer loop
      vertex 24.421 8.15376 -3.35
      vertex 24.2146 8.21635 3.35
      vertex 24.421 8.15376 3.35
    endloop
  endfacet
  facet normal 0.290197 0.956967 0
    outer loop
      vertex 24.2146 8.21635 3.35
      vertex 24.421 8.15376 -3.35
      vertex 24.2146 8.21635 -3.35
    endloop
  endfacet
  facet normal 0.471539 0.881845 -0
    outer loop
      vertex 24.6111 8.05211 -3.35
      vertex 24.421 8.15376 3.35
      vertex 24.6111 8.05211 3.35
    endloop
  endfacet
  facet normal 0.471539 0.881845 0
    outer loop
      vertex 24.421 8.15376 3.35
      vertex 24.6111 8.05211 -3.35
      vertex 24.421 8.15376 -3.35
    endloop
  endfacet
  facet normal 0.634373 0.773027 -0
    outer loop
      vertex 24.7778 7.91531 -3.35
      vertex 24.6111 8.05211 3.35
      vertex 24.7778 7.91531 3.35
    endloop
  endfacet
  facet normal 0.634373 0.773027 0
    outer loop
      vertex 24.6111 8.05211 3.35
      vertex 24.7778 7.91531 -3.35
      vertex 24.6111 8.05211 -3.35
    endloop
  endfacet
  facet normal 0.772989 0.634419 0
    outer loop
      vertex 24.9146 7.74863 3.35
      vertex 24.7778 7.91531 -3.35
      vertex 24.7778 7.91531 3.35
    endloop
  endfacet
  facet normal 0.772989 0.634419 0
    outer loop
      vertex 24.7778 7.91531 -3.35
      vertex 24.9146 7.74863 3.35
      vertex 24.9146 7.74863 -3.35
    endloop
  endfacet
  facet normal 0.881842 0.471546 0
    outer loop
      vertex 25.0163 7.55844 3.35
      vertex 24.9146 7.74863 -3.35
      vertex 24.9146 7.74863 3.35
    endloop
  endfacet
  facet normal 0.881842 0.471546 0
    outer loop
      vertex 24.9146 7.74863 -3.35
      vertex 25.0163 7.55844 3.35
      vertex 25.0163 7.55844 -3.35
    endloop
  endfacet
  facet normal 0.956931 0.290316 0
    outer loop
      vertex 25.0789 7.3521 3.35
      vertex 25.0163 7.55844 -3.35
      vertex 25.0163 7.55844 3.35
    endloop
  endfacet
  facet normal 0.956931 0.290316 0
    outer loop
      vertex 25.0163 7.55844 -3.35
      vertex 25.0789 7.3521 3.35
      vertex 25.0789 7.3521 -3.35
    endloop
  endfacet
  facet normal 0.995201 0.0978506 0
    outer loop
      vertex 25.1 7.1375 3.35
      vertex 25.0789 7.3521 -3.35
      vertex 25.0789 7.3521 3.35
    endloop
  endfacet
  facet normal 0.995201 0.0978506 0
    outer loop
      vertex 25.0789 7.3521 -3.35
      vertex 25.1 7.1375 3.35
      vertex 25.1 7.1375 -3.35
    endloop
  endfacet
  facet normal 1 -0 0
    outer loop
      vertex 25.1 1.14999 3.35
      vertex 25.1 7.1375 -3.35
      vertex 25.1 7.1375 3.35
    endloop
  endfacet
  facet normal 1 0 0
    outer loop
      vertex 25.1 7.1375 -3.35
      vertex 25.1 1.14999 3.35
      vertex 25.1 1.14999 -3.35
    endloop
  endfacet
  facet normal 0 1 -0
    outer loop
      vertex 26.15 1.14999 -3.35
      vertex 25.1 1.14999 3.35
      vertex 26.15 1.14999 3.35
    endloop
  endfacet
  facet normal 0 1 0
    outer loop
      vertex 25.1 1.14999 3.35
      vertex 26.15 1.14999 -3.35
      vertex 25.1 1.14999 -3.35
    endloop
  endfacet
  facet normal 0.411621 0.911355 -0
    outer loop
      vertex 27.52 0.531219 -3.35
      vertex 26.15 1.14999 3.35
      vertex 27.52 0.531219 3.35
    endloop
  endfacet
  facet normal 0.411621 0.911355 0
    outer loop
      vertex 26.15 1.14999 3.35
      vertex 27.52 0.531219 -3.35
      vertex 26.15 1.14999 -3.35
    endloop
  endfacet
  facet normal 0.471401 0.881919 -0
    outer loop
      vertex 27.6194 0.478088 -3.35
      vertex 27.52 0.531219 3.35
      vertex 27.6194 0.478088 3.35
    endloop
  endfacet
  facet normal 0.471401 0.881919 0
    outer loop
      vertex 27.52 0.531219 3.35
      vertex 27.6194 0.478088 -3.35
      vertex 27.52 0.531219 -3.35
    endloop
  endfacet
  facet normal 0.634069 0.773276 -0
    outer loop
      vertex 27.7066 0.406586 -3.35
      vertex 27.6194 0.478088 3.35
      vertex 27.7066 0.406586 3.35
    endloop
  endfacet
  facet normal 0.634069 0.773276 0
    outer loop
      vertex 27.6194 0.478088 3.35
      vertex 27.7066 0.406586 -3.35
      vertex 27.6194 0.478088 -3.35
    endloop
  endfacet
  facet normal 0.773082 0.634306 0
    outer loop
      vertex 27.7781 0.319443 3.35
      vertex 27.7066 0.406586 -3.35
      vertex 27.7066 0.406586 3.35
    endloop
  endfacet
  facet normal 0.773082 0.634306 0
    outer loop
      vertex 27.7066 0.406586 -3.35
      vertex 27.7781 0.319443 3.35
      vertex 27.7781 0.319443 -3.35
    endloop
  endfacet
  facet normal 0.882055 0.471146 0
    outer loop
      vertex 27.8312 0.220032 3.35
      vertex 27.7781 0.319443 -3.35
      vertex 27.7781 0.319443 3.35
    endloop
  endfacet
  facet normal 0.882055 0.471146 0
    outer loop
      vertex 27.7781 0.319443 -3.35
      vertex 27.8312 0.220032 3.35
      vertex 27.8312 0.220032 -3.35
    endloop
  endfacet
  facet normal 0.956991 0.290118 0
    outer loop
      vertex 27.8639 0.112167 3.35
      vertex 27.8312 0.220032 -3.35
      vertex 27.8312 0.220032 3.35
    endloop
  endfacet
  facet normal 0.956991 0.290118 0
    outer loop
      vertex 27.8312 0.220032 -3.35
      vertex 27.8639 0.112167 3.35
      vertex 27.8639 0.112167 -3.35
    endloop
  endfacet
  facet normal 0.995139 0.0984786 0
    outer loop
      vertex 27.875 0 3.35
      vertex 27.8639 0.112167 -3.35
      vertex 27.8639 0.112167 3.35
    endloop
  endfacet
  facet normal 0.995139 0.0984786 0
    outer loop
      vertex 27.8639 0.112167 -3.35
      vertex 27.875 0 3.35
      vertex 27.875 0 -3.35
    endloop
  endfacet
  facet normal 0.995139 -0.0984786 0
    outer loop
      vertex 27.8639 -0.112167 3.35
      vertex 27.875 0 -3.35
      vertex 27.875 0 3.35
    endloop
  endfacet
  facet normal 0.995139 -0.0984786 0
    outer loop
      vertex 27.875 0 -3.35
      vertex 27.8639 -0.112167 3.35
      vertex 27.8639 -0.112167 -3.35
    endloop
  endfacet
  facet normal 0.956991 -0.290118 0
    outer loop
      vertex 27.8312 -0.220032 3.35
      vertex 27.8639 -0.112167 -3.35
      vertex 27.8639 -0.112167 3.35
    endloop
  endfacet
  facet normal 0.956991 -0.290118 0
    outer loop
      vertex 27.8639 -0.112167 -3.35
      vertex 27.8312 -0.220032 3.35
      vertex 27.8312 -0.220032 -3.35
    endloop
  endfacet
  facet normal 0.882055 -0.471146 0
    outer loop
      vertex 27.7781 -0.319443 3.35
      vertex 27.8312 -0.220032 -3.35
      vertex 27.8312 -0.220032 3.35
    endloop
  endfacet
  facet normal 0.882055 -0.471146 0
    outer loop
      vertex 27.8312 -0.220032 -3.35
      vertex 27.7781 -0.319443 3.35
      vertex 27.7781 -0.319443 -3.35
    endloop
  endfacet
  facet normal 0.773082 -0.634306 0
    outer loop
      vertex 27.7066 -0.406586 3.35
      vertex 27.7781 -0.319443 -3.35
      vertex 27.7781 -0.319443 3.35
    endloop
  endfacet
  facet normal 0.773082 -0.634306 0
    outer loop
      vertex 27.7781 -0.319443 -3.35
      vertex 27.7066 -0.406586 3.35
      vertex 27.7066 -0.406586 -3.35
    endloop
  endfacet
  facet normal 0.634069 -0.773276 0
    outer loop
      vertex 27.6194 -0.478088 -3.35
      vertex 27.7066 -0.406586 3.35
      vertex 27.6194 -0.478088 3.35
    endloop
  endfacet
  facet normal 0.634069 -0.773276 0
    outer loop
      vertex 27.7066 -0.406586 3.35
      vertex 27.6194 -0.478088 -3.35
      vertex 27.7066 -0.406586 -3.35
    endloop
  endfacet
  facet normal 0.471401 -0.881919 0
    outer loop
      vertex 27.52 -0.531219 -3.35
      vertex 27.6194 -0.478088 3.35
      vertex 27.52 -0.531219 3.35
    endloop
  endfacet
  facet normal 0.471401 -0.881919 0
    outer loop
      vertex 27.6194 -0.478088 3.35
      vertex 27.52 -0.531219 -3.35
      vertex 27.6194 -0.478088 -3.35
    endloop
  endfacet
  facet normal 0.411621 -0.911355 0
    outer loop
      vertex 26.15 -1.14999 -3.35
      vertex 27.52 -0.531219 3.35
      vertex 26.15 -1.14999 3.35
    endloop
  endfacet
  facet normal 0.411621 -0.911355 0
    outer loop
      vertex 27.52 -0.531219 3.35
      vertex 26.15 -1.14999 -3.35
      vertex 27.52 -0.531219 -3.35
    endloop
  endfacet
  facet normal 0 -1 0
    outer loop
      vertex 25.1 -1.14999 -3.35
      vertex 26.15 -1.14999 3.35
      vertex 25.1 -1.14999 3.35
    endloop
  endfacet
  facet normal 0 -1 -0
    outer loop
      vertex 26.15 -1.14999 3.35
      vertex 25.1 -1.14999 -3.35
      vertex 26.15 -1.14999 -3.35
    endloop
  endfacet
  facet normal 1 -0 0
    outer loop
      vertex 25.1 -7.1375 3.35
      vertex 25.1 -1.14999 -3.35
      vertex 25.1 -1.14999 3.35
    endloop
  endfacet
  facet normal 1 0 0
    outer loop
      vertex 25.1 -1.14999 -3.35
      vertex 25.1 -7.1375 3.35
      vertex 25.1 -7.1375 -3.35
    endloop
  endfacet
  facet normal 0.995201 -0.0978506 0
    outer loop
      vertex 25.0789 -7.3521 3.35
      vertex 25.1 -7.1375 -3.35
      vertex 25.1 -7.1375 3.35
    endloop
  endfacet
  facet normal 0.995201 -0.0978506 0
    outer loop
      vertex 25.1 -7.1375 -3.35
      vertex 25.0789 -7.3521 3.35
      vertex 25.0789 -7.3521 -3.35
    endloop
  endfacet
  facet normal 0.956931 -0.290316 0
    outer loop
      vertex 25.0163 -7.55844 3.35
      vertex 25.0789 -7.3521 -3.35
      vertex 25.0789 -7.3521 3.35
    endloop
  endfacet
  facet normal 0.956931 -0.290316 0
    outer loop
      vertex 25.0789 -7.3521 -3.35
      vertex 25.0163 -7.55844 3.35
      vertex 25.0163 -7.55844 -3.35
    endloop
  endfacet
  facet normal 0.881842 -0.471546 0
    outer loop
      vertex 24.9146 -7.74863 3.35
      vertex 25.0163 -7.55844 -3.35
      vertex 25.0163 -7.55844 3.35
    endloop
  endfacet
  facet normal 0.881842 -0.471546 0
    outer loop
      vertex 25.0163 -7.55844 -3.35
      vertex 24.9146 -7.74863 3.35
      vertex 24.9146 -7.74863 -3.35
    endloop
  endfacet
  facet normal 0.772989 -0.634419 0
    outer loop
      vertex 24.7778 -7.91531 3.35
      vertex 24.9146 -7.74863 -3.35
      vertex 24.9146 -7.74863 3.35
    endloop
  endfacet
  facet normal 0.772989 -0.634419 0
    outer loop
      vertex 24.9146 -7.74863 -3.35
      vertex 24.7778 -7.91531 3.35
      vertex 24.7778 -7.91531 -3.35
    endloop
  endfacet
  facet normal 0.634373 -0.773027 0
    outer loop
      vertex 24.6111 -8.05211 -3.35
      vertex 24.7778 -7.91531 3.35
      vertex 24.6111 -8.05211 3.35
    endloop
  endfacet
  facet normal 0.634373 -0.773027 0
    outer loop
      vertex 24.7778 -7.91531 3.35
      vertex 24.6111 -8.05211 -3.35
      vertex 24.7778 -7.91531 -3.35
    endloop
  endfacet
  facet normal 0.471539 -0.881845 0
    outer loop
      vertex 24.421 -8.15376 -3.35
      vertex 24.6111 -8.05211 3.35
      vertex 24.421 -8.15376 3.35
    endloop
  endfacet
  facet normal 0.471539 -0.881845 0
    outer loop
      vertex 24.6111 -8.05211 3.35
      vertex 24.421 -8.15376 -3.35
      vertex 24.6111 -8.05211 -3.35
    endloop
  endfacet
  facet normal 0.290197 -0.956967 0
    outer loop
      vertex 24.2146 -8.21635 -3.35
      vertex 24.421 -8.15376 3.35
      vertex 24.2146 -8.21635 3.35
    endloop
  endfacet
  facet normal 0.290197 -0.956967 0
    outer loop
      vertex 24.421 -8.15376 3.35
      vertex 24.2146 -8.21635 -3.35
      vertex 24.421 -8.15376 -3.35
    endloop
  endfacet
  facet normal 0.0980343 -0.995183 0
    outer loop
      vertex 24 -8.23749 -3.35
      vertex 24.2146 -8.21635 3.35
      vertex 24 -8.23749 3.35
    endloop
  endfacet
  facet normal 0.0980343 -0.995183 0
    outer loop
      vertex 24.2146 -8.21635 3.35
      vertex 24 -8.23749 -3.35
      vertex 24.2146 -8.21635 -3.35
    endloop
  endfacet
  facet normal -0.0980343 -0.995183 0
    outer loop
      vertex 23.7854 -8.21635 -3.35
      vertex 24 -8.23749 3.35
      vertex 23.7854 -8.21635 3.35
    endloop
  endfacet
  facet normal -0.0980343 -0.995183 -0
    outer loop
      vertex 24 -8.23749 3.35
      vertex 23.7854 -8.21635 -3.35
      vertex 24 -8.23749 -3.35
    endloop
  endfacet
  facet normal -0.290325 -0.956928 0
    outer loop
      vertex 23.5791 -8.15376 -3.35
      vertex 23.7854 -8.21635 3.35
      vertex 23.5791 -8.15376 3.35
    endloop
  endfacet
  facet normal -0.290325 -0.956928 -0
    outer loop
      vertex 23.7854 -8.21635 3.35
      vertex 23.5791 -8.15376 -3.35
      vertex 23.7854 -8.21635 -3.35
    endloop
  endfacet
  facet normal -0.471346 -0.881948 0
    outer loop
      vertex 23.3889 -8.05211 -3.35
      vertex 23.5791 -8.15376 3.35
      vertex 23.3889 -8.05211 3.35
    endloop
  endfacet
  facet normal -0.471346 -0.881948 -0
    outer loop
      vertex 23.5791 -8.15376 3.35
      vertex 23.3889 -8.05211 -3.35
      vertex 23.5791 -8.15376 -3.35
    endloop
  endfacet
  facet normal -0.634373 -0.773027 0
    outer loop
      vertex 23.2222 -7.91531 -3.35
      vertex 23.3889 -8.05211 3.35
      vertex 23.2222 -7.91531 3.35
    endloop
  endfacet
  facet normal -0.634373 -0.773027 -0
    outer loop
      vertex 23.3889 -8.05211 3.35
      vertex 23.2222 -7.91531 -3.35
      vertex 23.3889 -8.05211 -3.35
    endloop
  endfacet
  facet normal -0.772989 -0.634419 0
    outer loop
      vertex 23.2222 -7.91531 -3.35
      vertex 23.0854 -7.74863 3.35
      vertex 23.0854 -7.74863 -3.35
    endloop
  endfacet
  facet normal -0.772989 -0.634419 0
    outer loop
      vertex 23.0854 -7.74863 3.35
      vertex 23.2222 -7.91531 -3.35
      vertex 23.2222 -7.91531 3.35
    endloop
  endfacet
  facet normal -0.881842 -0.471546 0
    outer loop
      vertex 23.0854 -7.74863 -3.35
      vertex 22.9837 -7.55844 3.35
      vertex 22.9837 -7.55844 -3.35
    endloop
  endfacet
  facet normal -0.881842 -0.471546 0
    outer loop
      vertex 22.9837 -7.55844 3.35
      vertex 23.0854 -7.74863 -3.35
      vertex 23.0854 -7.74863 3.35
    endloop
  endfacet
  facet normal -0.956931 -0.290316 0
    outer loop
      vertex 22.9837 -7.55844 -3.35
      vertex 22.9211 -7.3521 3.35
      vertex 22.9211 -7.3521 -3.35
    endloop
  endfacet
  facet normal -0.956931 -0.290316 0
    outer loop
      vertex 22.9211 -7.3521 3.35
      vertex 22.9837 -7.55844 -3.35
      vertex 22.9837 -7.55844 3.35
    endloop
  endfacet
  facet normal -0.995201 -0.0978506 0
    outer loop
      vertex 22.9211 -7.3521 -3.35
      vertex 22.9 -7.1375 3.35
      vertex 22.9 -7.1375 -3.35
    endloop
  endfacet
  facet normal -0.995201 -0.0978506 0
    outer loop
      vertex 22.9 -7.1375 3.35
      vertex 22.9211 -7.3521 -3.35
      vertex 22.9211 -7.3521 3.35
    endloop
  endfacet
  facet normal -1 0 0
    outer loop
      vertex 22.9 -7.1375 -3.35
      vertex 22.9 7.1375 3.35
      vertex 22.9 7.1375 -3.35
    endloop
  endfacet
  facet normal -1 -0 0
    outer loop
      vertex 22.9 7.1375 3.35
      vertex 22.9 -7.1375 -3.35
      vertex 22.9 -7.1375 3.35
    endloop
  endfacet
  facet normal -0.995201 0.0978506 0
    outer loop
      vertex 22.9 7.1375 -3.35
      vertex 22.9211 7.3521 3.35
      vertex 22.9211 7.3521 -3.35
    endloop
  endfacet
  facet normal -0.995201 0.0978506 0
    outer loop
      vertex 22.9211 7.3521 3.35
      vertex 22.9 7.1375 -3.35
      vertex 22.9 7.1375 3.35
    endloop
  endfacet
endsolid OpenSCAD_Model
