solid OpenSCAD_Model
  facet normal -0.471435 -0.881901 0
    outer loop
      vertex -15.8611 -20.8629 2.00241
      vertex -15.5154 -21.0477 7.5375
      vertex -15.8611 -20.8629 7.5375
    endloop
  endfacet
  facet normal -0.471435 -0.881901 -0
    outer loop
      vertex -15.5154 -21.0477 7.5375
      vertex -15.8611 -20.8629 2.00241
      vertex -15.5154 -21.0477 2.00241
    endloop
  endfacet
  facet normal -0.881901 -0.471435 0
    outer loop
      vertex -16.4129 -20.3111 2.00241
      vertex -16.5977 -19.9654 7.5375
      vertex -16.5977 -19.9654 2.00241
    endloop
  endfacet
  facet normal -0.881901 -0.471435 0
    outer loop
      vertex -16.5977 -19.9654 7.5375
      vertex -16.4129 -20.3111 2.00241
      vertex -16.4129 -20.3111 7.5375
    endloop
  endfacet
  facet normal -0.995193 -0.097938 0
    outer loop
      vertex -16.7116 -19.5902 2.00241
      vertex -16.75 -19.2 7.5375
      vertex -16.75 -19.2 2.00241
    endloop
  endfacet
  facet normal -0.995193 -0.097938 0
    outer loop
      vertex -16.75 -19.2 7.5375
      vertex -16.7116 -19.5902 2.00241
      vertex -16.7116 -19.5902 7.5375
    endloop
  endfacet
  facet normal 1 -0 0
    outer loop
      vertex 16.75 -5.2 7.5375
      vertex 16.75 -4.2 2.00241
      vertex 16.75 -4.2 7.5375
    endloop
  endfacet
  facet normal 1 0 0
    outer loop
      vertex 16.75 -19.2 2.00241
      vertex 16.75 -5.2 7.5375
      vertex 16.75 -19.2 7.5375
    endloop
  endfacet
  facet normal 1 0 0
    outer loop
      vertex 16.75 -5.2 7.5375
      vertex 16.75 -19.2 2.00241
      vertex 16.75 -4.2 2.00241
    endloop
  endfacet
  facet normal -0.956881 -0.290482 0
    outer loop
      vertex -16.5977 -19.9654 2.00241
      vertex -16.7116 -19.5902 7.5375
      vertex -16.7116 -19.5902 2.00241
    endloop
  endfacet
  facet normal -0.956881 -0.290482 0
    outer loop
      vertex -16.7116 -19.5902 7.5375
      vertex -16.5977 -19.9654 2.00241
      vertex -16.5977 -19.9654 7.5375
    endloop
  endfacet
  facet normal -1 0 0
    outer loop
      vertex -16.75 -4.2 2.00241
      vertex -16.75 -5.2 7.5375
      vertex -16.75 -4.2 7.5375
    endloop
  endfacet
  facet normal -1 0 0
    outer loop
      vertex -16.75 -19.2 2.00241
      vertex -16.75 -5.2 7.5375
      vertex -16.75 -4.2 2.00241
    endloop
  endfacet
  facet normal -1 -0 0
    outer loop
      vertex -16.75 -5.2 7.5375
      vertex -16.75 -19.2 2.00241
      vertex -16.75 -19.2 7.5375
    endloop
  endfacet
  facet normal 0 -1 0
    outer loop
      vertex -14.75 -21.2 2.00241
      vertex 14.75 -21.2 7.5375
      vertex -14.75 -21.2 7.5375
    endloop
  endfacet
  facet normal 0 -1 -0
    outer loop
      vertex 14.75 -21.2 7.5375
      vertex -14.75 -21.2 2.00241
      vertex 14.75 -21.2 2.00241
    endloop
  endfacet
  facet normal 0.881901 -0.471435 0
    outer loop
      vertex 16.4129 -20.3111 7.5375
      vertex 16.5977 -19.9654 2.00241
      vertex 16.5977 -19.9654 7.5375
    endloop
  endfacet
  facet normal 0.881901 -0.471435 0
    outer loop
      vertex 16.5977 -19.9654 2.00241
      vertex 16.4129 -20.3111 7.5375
      vertex 16.4129 -20.3111 2.00241
    endloop
  endfacet
  facet normal 0.634321 -0.77307 0
    outer loop
      vertex 15.8611 -20.8629 2.00241
      vertex 16.1642 -20.6142 7.5375
      vertex 15.8611 -20.8629 7.5375
    endloop
  endfacet
  facet normal 0.634321 -0.77307 0
    outer loop
      vertex 16.1642 -20.6142 7.5375
      vertex 15.8611 -20.8629 2.00241
      vertex 16.1642 -20.6142 2.00241
    endloop
  endfacet
  facet normal 0.77307 -0.634321 0
    outer loop
      vertex 16.1642 -20.6142 7.5375
      vertex 16.4129 -20.3111 2.00241
      vertex 16.4129 -20.3111 7.5375
    endloop
  endfacet
  facet normal 0.77307 -0.634321 0
    outer loop
      vertex 16.4129 -20.3111 2.00241
      vertex 16.1642 -20.6142 7.5375
      vertex 16.1642 -20.6142 2.00241
    endloop
  endfacet
  facet normal -0.634321 -0.77307 0
    outer loop
      vertex -16.1642 -20.6142 2.00241
      vertex -15.8611 -20.8629 7.5375
      vertex -16.1642 -20.6142 7.5375
    endloop
  endfacet
  facet normal -0.634321 -0.77307 -0
    outer loop
      vertex -15.8611 -20.8629 7.5375
      vertex -16.1642 -20.6142 2.00241
      vertex -15.8611 -20.8629 2.00241
    endloop
  endfacet
  facet normal -0.097938 -0.995193 0
    outer loop
      vertex -15.1402 -21.1616 2.00241
      vertex -14.75 -21.2 7.5375
      vertex -15.1402 -21.1616 7.5375
    endloop
  endfacet
  facet normal -0.097938 -0.995193 -0
    outer loop
      vertex -14.75 -21.2 7.5375
      vertex -15.1402 -21.1616 2.00241
      vertex -14.75 -21.2 2.00241
    endloop
  endfacet
  facet normal 0.471435 -0.881901 0
    outer loop
      vertex 15.5154 -21.0477 2.00241
      vertex 15.8611 -20.8629 7.5375
      vertex 15.5154 -21.0477 7.5375
    endloop
  endfacet
  facet normal 0.471435 -0.881901 0
    outer loop
      vertex 15.8611 -20.8629 7.5375
      vertex 15.5154 -21.0477 2.00241
      vertex 15.8611 -20.8629 2.00241
    endloop
  endfacet
  facet normal 0.097938 -0.995193 0
    outer loop
      vertex 14.75 -21.2 2.00241
      vertex 15.1402 -21.1616 7.5375
      vertex 14.75 -21.2 7.5375
    endloop
  endfacet
  facet normal 0.097938 -0.995193 0
    outer loop
      vertex 15.1402 -21.1616 7.5375
      vertex 14.75 -21.2 2.00241
      vertex 15.1402 -21.1616 2.00241
    endloop
  endfacet
  facet normal -0.290482 -0.956881 0
    outer loop
      vertex -15.5154 -21.0477 2.00241
      vertex -15.1402 -21.1616 7.5375
      vertex -15.5154 -21.0477 7.5375
    endloop
  endfacet
  facet normal -0.290482 -0.956881 -0
    outer loop
      vertex -15.1402 -21.1616 7.5375
      vertex -15.5154 -21.0477 2.00241
      vertex -15.1402 -21.1616 2.00241
    endloop
  endfacet
  facet normal -0.77307 -0.634321 0
    outer loop
      vertex -16.1642 -20.6142 2.00241
      vertex -16.4129 -20.3111 7.5375
      vertex -16.4129 -20.3111 2.00241
    endloop
  endfacet
  facet normal -0.77307 -0.634321 0
    outer loop
      vertex -16.4129 -20.3111 7.5375
      vertex -16.1642 -20.6142 2.00241
      vertex -16.1642 -20.6142 7.5375
    endloop
  endfacet
  facet normal -0 0 1
    outer loop
      vertex -16.75 -5.2 7.5375
      vertex -15.55 -19 7.5375
      vertex -15.55 -5.2 7.5375
    endloop
  endfacet
  facet normal 0 -0 1
    outer loop
      vertex -16.7116 -19.5902 7.5375
      vertex -15.55 -19 7.5375
      vertex -16.75 -19.2 7.5375
    endloop
  endfacet
  facet normal 0 0 1
    outer loop
      vertex -15.55 -19 7.5375
      vertex -16.1642 -20.6142 7.5375
      vertex -15.8611 -20.8629 7.5375
    endloop
  endfacet
  facet normal 0 0 1
    outer loop
      vertex -15.55 -19 7.5375
      vertex -16.4129 -20.3111 7.5375
      vertex -16.1642 -20.6142 7.5375
    endloop
  endfacet
  facet normal 0 0 1
    outer loop
      vertex -15.55 -19 7.5375
      vertex -16.5977 -19.9654 7.5375
      vertex -16.4129 -20.3111 7.5375
    endloop
  endfacet
  facet normal 0 0 1
    outer loop
      vertex -15.55 -19 7.5375
      vertex -16.75 -5.2 7.5375
      vertex -16.75 -19.2 7.5375
    endloop
  endfacet
  facet normal 0 0 1
    outer loop
      vertex -15.55 -19 7.5375
      vertex -16.7116 -19.5902 7.5375
      vertex -16.5977 -19.9654 7.5375
    endloop
  endfacet
  facet normal -0 0 1
    outer loop
      vertex 15.55 -19 7.5375
      vertex 16.75 -19.2 7.5375
      vertex 16.75 -5.2 7.5375
    endloop
  endfacet
  facet normal -0 0 1
    outer loop
      vertex 15.5308 -19.1951 7.5375
      vertex 16.75 -19.2 7.5375
      vertex 15.55 -19 7.5375
    endloop
  endfacet
  facet normal 0 0 1
    outer loop
      vertex 16.75 -19.2 7.5375
      vertex 15.5308 -19.1951 7.5375
      vertex 16.7116 -19.5902 7.5375
    endloop
  endfacet
  facet normal -0 0 1
    outer loop
      vertex 15.4739 -19.3827 7.5375
      vertex 16.7116 -19.5902 7.5375
      vertex 15.5308 -19.1951 7.5375
    endloop
  endfacet
  facet normal 0 0 1
    outer loop
      vertex 16.7116 -19.5902 7.5375
      vertex 15.4739 -19.3827 7.5375
      vertex 16.5977 -19.9654 7.5375
    endloop
  endfacet
  facet normal 0 0 1
    outer loop
      vertex 15.55 -19 7.5375
      vertex 16.75 -5.2 7.5375
      vertex 15.55 -5.2 7.5375
    endloop
  endfacet
  facet normal -0 0 1
    outer loop
      vertex 15.3815 -19.5556 7.5375
      vertex 16.5977 -19.9654 7.5375
      vertex 15.4739 -19.3827 7.5375
    endloop
  endfacet
  facet normal 0 0 1
    outer loop
      vertex 16.5977 -19.9654 7.5375
      vertex 15.3815 -19.5556 7.5375
      vertex 16.4129 -20.3111 7.5375
    endloop
  endfacet
  facet normal -0 0 1
    outer loop
      vertex 15.2571 -19.7071 7.5375
      vertex 16.4129 -20.3111 7.5375
      vertex 15.3815 -19.5556 7.5375
    endloop
  endfacet
  facet normal 0 0 1
    outer loop
      vertex 16.4129 -20.3111 7.5375
      vertex 15.2571 -19.7071 7.5375
      vertex 16.1642 -20.6142 7.5375
    endloop
  endfacet
  facet normal 0 0 1
    outer loop
      vertex 16.1642 -20.6142 7.5375
      vertex 15.2571 -19.7071 7.5375
      vertex 15.8611 -20.8629 7.5375
    endloop
  endfacet
  facet normal -0 0 1
    outer loop
      vertex 15.1056 -19.8315 7.5375
      vertex 15.8611 -20.8629 7.5375
      vertex 15.2571 -19.7071 7.5375
    endloop
  endfacet
  facet normal 0 0 1
    outer loop
      vertex 15.8611 -20.8629 7.5375
      vertex 15.1056 -19.8315 7.5375
      vertex 15.5154 -21.0477 7.5375
    endloop
  endfacet
  facet normal -0 0 1
    outer loop
      vertex 14.9327 -19.9239 7.5375
      vertex 15.5154 -21.0477 7.5375
      vertex 15.1056 -19.8315 7.5375
    endloop
  endfacet
  facet normal 0 0 1
    outer loop
      vertex 15.5154 -21.0477 7.5375
      vertex 14.9327 -19.9239 7.5375
      vertex 15.1402 -21.1616 7.5375
    endloop
  endfacet
  facet normal -0 0 1
    outer loop
      vertex 14.7451 -19.9808 7.5375
      vertex 15.1402 -21.1616 7.5375
      vertex 14.9327 -19.9239 7.5375
    endloop
  endfacet
  facet normal 0 0 1
    outer loop
      vertex 15.1402 -21.1616 7.5375
      vertex 14.7451 -19.9808 7.5375
      vertex 14.75 -21.2 7.5375
    endloop
  endfacet
  facet normal -0 0 1
    outer loop
      vertex 14.55 -20 7.5375
      vertex 14.75 -21.2 7.5375
      vertex 14.7451 -19.9808 7.5375
    endloop
  endfacet
  facet normal -0 0 1
    outer loop
      vertex -14.55 -20 7.5375
      vertex 14.75 -21.2 7.5375
      vertex 14.55 -20 7.5375
    endloop
  endfacet
  facet normal 0 0 1
    outer loop
      vertex -14.55 -20 7.5375
      vertex -14.75 -21.2 7.5375
      vertex 14.75 -21.2 7.5375
    endloop
  endfacet
  facet normal 0 0 1
    outer loop
      vertex -14.7451 -19.9808 7.5375
      vertex -14.75 -21.2 7.5375
      vertex -14.55 -20 7.5375
    endloop
  endfacet
  facet normal 0 0 1
    outer loop
      vertex -15.1402 -21.1616 7.5375
      vertex -14.7451 -19.9808 7.5375
      vertex -14.9327 -19.9239 7.5375
    endloop
  endfacet
  facet normal 0 0 1
    outer loop
      vertex -15.5154 -21.0477 7.5375
      vertex -14.9327 -19.9239 7.5375
      vertex -15.1056 -19.8315 7.5375
    endloop
  endfacet
  facet normal 0 0 1
    outer loop
      vertex -14.7451 -19.9808 7.5375
      vertex -15.1402 -21.1616 7.5375
      vertex -14.75 -21.2 7.5375
    endloop
  endfacet
  facet normal 0 0 1
    outer loop
      vertex -15.8611 -20.8629 7.5375
      vertex -15.1056 -19.8315 7.5375
      vertex -15.2571 -19.7071 7.5375
    endloop
  endfacet
  facet normal 0 0 1
    outer loop
      vertex -15.8611 -20.8629 7.5375
      vertex -15.2571 -19.7071 7.5375
      vertex -15.3815 -19.5556 7.5375
    endloop
  endfacet
  facet normal 0 0 1
    outer loop
      vertex -15.8611 -20.8629 7.5375
      vertex -15.3815 -19.5556 7.5375
      vertex -15.4739 -19.3827 7.5375
    endloop
  endfacet
  facet normal 0 0 1
    outer loop
      vertex -14.9327 -19.9239 7.5375
      vertex -15.5154 -21.0477 7.5375
      vertex -15.1402 -21.1616 7.5375
    endloop
  endfacet
  facet normal 0 0 1
    outer loop
      vertex -15.8611 -20.8629 7.5375
      vertex -15.4739 -19.3827 7.5375
      vertex -15.5308 -19.1951 7.5375
    endloop
  endfacet
  facet normal 0 0 1
    outer loop
      vertex -15.8611 -20.8629 7.5375
      vertex -15.5308 -19.1951 7.5375
      vertex -15.55 -19 7.5375
    endloop
  endfacet
  facet normal 0 0 1
    outer loop
      vertex -15.1056 -19.8315 7.5375
      vertex -15.8611 -20.8629 7.5375
      vertex -15.5154 -21.0477 7.5375
    endloop
  endfacet
  facet normal 0 0 1
    outer loop
      vertex 18.25 -0.400001 7.5375
      vertex 16.75 -4.2 7.5375
      vertex 18.25 -4.2 7.5375
    endloop
  endfacet
  facet normal 0 0 1
    outer loop
      vertex 16.75 -4.2 7.5375
      vertex 15.55 -4.40001 7.5375
      vertex 16.75 -5.2 7.5375
    endloop
  endfacet
  facet normal 0 0 1
    outer loop
      vertex 15.5293 -4.2 7.5375
      vertex 16.75 -4.2 7.5375
      vertex 18.25 -0.400001 7.5375
    endloop
  endfacet
  facet normal 0 0 1
    outer loop
      vertex 16.75 -4.2 7.5375
      vertex 15.5308 -4.20491 7.5375
      vertex 15.55 -4.40001 7.5375
    endloop
  endfacet
  facet normal 0 0 1
    outer loop
      vertex 16.75 -4.2 7.5375
      vertex 15.5293 -4.2 7.5375
      vertex 15.5308 -4.20491 7.5375
    endloop
  endfacet
  facet normal 0 0 1
    outer loop
      vertex 18.25 -0.400001 7.5375
      vertex -15.5293 -4.2 7.5375
      vertex 15.5293 -4.2 7.5375
    endloop
  endfacet
  facet normal 0 0 1
    outer loop
      vertex -16.75 -5.2 7.5375
      vertex -15.55 -4.40001 7.5375
      vertex -16.75 -4.2 7.5375
    endloop
  endfacet
  facet normal 0 0 1
    outer loop
      vertex -15.5308 -4.20491 7.5375
      vertex -16.75 -4.2 7.5375
      vertex -15.55 -4.40001 7.5375
    endloop
  endfacet
  facet normal 0 0 1
    outer loop
      vertex -15.5293 -4.2 7.5375
      vertex -16.75 -4.2 7.5375
      vertex -15.5308 -4.20491 7.5375
    endloop
  endfacet
  facet normal -0 0 1
    outer loop
      vertex -18.25 -0.400001 7.5375
      vertex -15.5293 -4.2 7.5375
      vertex 18.25 -0.400001 7.5375
    endloop
  endfacet
  facet normal 0 0 1
    outer loop
      vertex -15.5293 -4.2 7.5375
      vertex -18.25 -0.400001 7.5375
      vertex -16.75 -4.2 7.5375
    endloop
  endfacet
  facet normal 0 0 1
    outer loop
      vertex -16.75 -4.2 7.5375
      vertex -18.25 -0.400001 7.5375
      vertex -18.25 -4.2 7.5375
    endloop
  endfacet
  facet normal 0 0 1
    outer loop
      vertex 16.75 -5.2 7.5375
      vertex 15.55 -4.40001 7.5375
      vertex 15.55 -5.2 7.5375
    endloop
  endfacet
  facet normal 0 0 1
    outer loop
      vertex -15.55 -4.40001 7.5375
      vertex -16.75 -5.2 7.5375
      vertex -15.55 -5.2 7.5375
    endloop
  endfacet
  facet normal 0.956881 -0.290482 0
    outer loop
      vertex 16.5977 -19.9654 7.5375
      vertex 16.7116 -19.5902 2.00241
      vertex 16.7116 -19.5902 7.5375
    endloop
  endfacet
  facet normal 0.956881 -0.290482 0
    outer loop
      vertex 16.7116 -19.5902 2.00241
      vertex 16.5977 -19.9654 7.5375
      vertex 16.5977 -19.9654 2.00241
    endloop
  endfacet
  facet normal 0.290482 -0.956881 0
    outer loop
      vertex 15.1402 -21.1616 2.00241
      vertex 15.5154 -21.0477 7.5375
      vertex 15.1402 -21.1616 7.5375
    endloop
  endfacet
  facet normal 0.290482 -0.956881 0
    outer loop
      vertex 15.5154 -21.0477 7.5375
      vertex 15.1402 -21.1616 2.00241
      vertex 15.5154 -21.0477 2.00241
    endloop
  endfacet
  facet normal 0.995193 -0.097938 0
    outer loop
      vertex 16.7116 -19.5902 7.5375
      vertex 16.75 -19.2 2.00241
      vertex 16.75 -19.2 7.5375
    endloop
  endfacet
  facet normal 0.995193 -0.097938 0
    outer loop
      vertex 16.75 -19.2 2.00241
      vertex 16.7116 -19.5902 7.5375
      vertex 16.7116 -19.5902 2.00241
    endloop
  endfacet
  facet normal -0.772842 0.634598 0
    outer loop
      vertex 15.2571 -19.7071 2.00241
      vertex 15.3815 -19.5556 7.5375
      vertex 15.3815 -19.5556 2.00241
    endloop
  endfacet
  facet normal -0.772842 0.634598 0
    outer loop
      vertex 15.3815 -19.5556 7.5375
      vertex 15.2571 -19.7071 2.00241
      vertex 15.2571 -19.7071 7.5375
    endloop
  endfacet
  facet normal 0.881957 0.471329 0
    outer loop
      vertex -15.3815 -19.5556 7.5375
      vertex -15.4739 -19.3827 2.00241
      vertex -15.4739 -19.3827 7.5375
    endloop
  endfacet
  facet normal 0.881957 0.471329 0
    outer loop
      vertex -15.4739 -19.3827 2.00241
      vertex -15.3815 -19.5556 7.5375
      vertex -15.3815 -19.5556 2.00241
    endloop
  endfacet
  facet normal 0.290248 0.956951 -0
    outer loop
      vertex -14.7451 -19.9808 2.00241
      vertex -14.9327 -19.9239 7.5375
      vertex -14.7451 -19.9808 7.5375
    endloop
  endfacet
  facet normal 0.290248 0.956951 0
    outer loop
      vertex -14.9327 -19.9239 7.5375
      vertex -14.7451 -19.9808 2.00241
      vertex -14.9327 -19.9239 2.00241
    endloop
  endfacet
  facet normal 0.956951 0.290248 0
    outer loop
      vertex -15.4739 -19.3827 7.5375
      vertex -15.5308 -19.1951 2.00241
      vertex -15.5308 -19.1951 7.5375
    endloop
  endfacet
  facet normal 0.956951 0.290248 0
    outer loop
      vertex -15.5308 -19.1951 2.00241
      vertex -15.4739 -19.3827 7.5375
      vertex -15.4739 -19.3827 2.00241
    endloop
  endfacet
  facet normal 0.995193 0.097938 0
    outer loop
      vertex -15.5308 -19.1951 7.5375
      vertex -15.55 -19 2.00241
      vertex -15.55 -19 7.5375
    endloop
  endfacet
  facet normal 0.995193 0.097938 0
    outer loop
      vertex -15.55 -19 2.00241
      vertex -15.5308 -19.1951 7.5375
      vertex -15.5308 -19.1951 2.00241
    endloop
  endfacet
  facet normal -0.881957 0.471329 0
    outer loop
      vertex 15.3815 -19.5556 2.00241
      vertex 15.4739 -19.3827 7.5375
      vertex 15.4739 -19.3827 2.00241
    endloop
  endfacet
  facet normal -0.881957 0.471329 0
    outer loop
      vertex 15.4739 -19.3827 7.5375
      vertex 15.3815 -19.5556 2.00241
      vertex 15.3815 -19.5556 7.5375
    endloop
  endfacet
  facet normal -1 0 0
    outer loop
      vertex 15.55 -4.40001 2.00241
      vertex 15.55 -5.2 7.5375
      vertex 15.55 -4.40001 7.5375
    endloop
  endfacet
  facet normal -1 0 0
    outer loop
      vertex 15.55 -19 2.00241
      vertex 15.55 -5.2 7.5375
      vertex 15.55 -4.40001 2.00241
    endloop
  endfacet
  facet normal -1 -0 0
    outer loop
      vertex 15.55 -5.2 7.5375
      vertex 15.55 -19 2.00241
      vertex 15.55 -19 7.5375
    endloop
  endfacet
  facet normal 0 1 -0
    outer loop
      vertex 14.55 -20 2.00241
      vertex -14.55 -20 7.5375
      vertex 14.55 -20 7.5375
    endloop
  endfacet
  facet normal 0 1 0
    outer loop
      vertex -14.55 -20 7.5375
      vertex 14.55 -20 2.00241
      vertex -14.55 -20 2.00241
    endloop
  endfacet
  facet normal -0.995193 -0.097938 0
    outer loop
      vertex 15.55 -4.40001 2.00241
      vertex 15.5308 -4.20491 7.5375
      vertex 15.5308 -4.20491 2.00241
    endloop
  endfacet
  facet normal -0.995193 -0.097938 0
    outer loop
      vertex 15.5308 -4.20491 7.5375
      vertex 15.55 -4.40001 2.00241
      vertex 15.55 -4.40001 7.5375
    endloop
  endfacet
  facet normal 0.956367 -0.292169 0
    outer loop
      vertex -15.5308 -4.20491 7.5375
      vertex -15.5293 -4.2 2.00241
      vertex -15.5293 -4.2 7.5375
    endloop
  endfacet
  facet normal 0.956367 -0.292169 0
    outer loop
      vertex -15.5293 -4.2 2.00241
      vertex -15.5308 -4.20491 7.5375
      vertex -15.5308 -4.20491 2.00241
    endloop
  endfacet
  facet normal 0.471329 0.881957 -0
    outer loop
      vertex -14.9327 -19.9239 2.00241
      vertex -15.1056 -19.8315 7.5375
      vertex -14.9327 -19.9239 7.5375
    endloop
  endfacet
  facet normal 0.471329 0.881957 0
    outer loop
      vertex -15.1056 -19.8315 7.5375
      vertex -14.9327 -19.9239 2.00241
      vertex -15.1056 -19.8315 2.00241
    endloop
  endfacet
  facet normal 1 -0 0
    outer loop
      vertex -15.55 -5.2 7.5375
      vertex -15.55 -4.40001 2.00241
      vertex -15.55 -4.40001 7.5375
    endloop
  endfacet
  facet normal 1 0 0
    outer loop
      vertex -15.55 -19 2.00241
      vertex -15.55 -5.2 7.5375
      vertex -15.55 -19 7.5375
    endloop
  endfacet
  facet normal 1 0 0
    outer loop
      vertex -15.55 -5.2 7.5375
      vertex -15.55 -19 2.00241
      vertex -15.55 -4.40001 2.00241
    endloop
  endfacet
  facet normal -0.956367 -0.292169 0
    outer loop
      vertex 15.5308 -4.20491 2.00241
      vertex 15.5293 -4.2 7.5375
      vertex 15.5293 -4.2 2.00241
    endloop
  endfacet
  facet normal -0.956367 -0.292169 0
    outer loop
      vertex 15.5293 -4.2 7.5375
      vertex 15.5308 -4.20491 2.00241
      vertex 15.5308 -4.20491 7.5375
    endloop
  endfacet
  facet normal 0.097938 0.995193 -0
    outer loop
      vertex -14.55 -20 2.00241
      vertex -14.7451 -19.9808 7.5375
      vertex -14.55 -20 7.5375
    endloop
  endfacet
  facet normal 0.097938 0.995193 0
    outer loop
      vertex -14.7451 -19.9808 7.5375
      vertex -14.55 -20 2.00241
      vertex -14.7451 -19.9808 2.00241
    endloop
  endfacet
  facet normal -0.471329 0.881957 0
    outer loop
      vertex 15.1056 -19.8315 2.00241
      vertex 14.9327 -19.9239 7.5375
      vertex 15.1056 -19.8315 7.5375
    endloop
  endfacet
  facet normal -0.471329 0.881957 0
    outer loop
      vertex 14.9327 -19.9239 7.5375
      vertex 15.1056 -19.8315 2.00241
      vertex 14.9327 -19.9239 2.00241
    endloop
  endfacet
  facet normal -0.995193 0.097938 0
    outer loop
      vertex 15.5308 -19.1951 2.00241
      vertex 15.55 -19 7.5375
      vertex 15.55 -19 2.00241
    endloop
  endfacet
  facet normal -0.995193 0.097938 0
    outer loop
      vertex 15.55 -19 7.5375
      vertex 15.5308 -19.1951 2.00241
      vertex 15.5308 -19.1951 7.5375
    endloop
  endfacet
  facet normal 0.995193 -0.097938 0
    outer loop
      vertex -15.55 -4.40001 7.5375
      vertex -15.5308 -4.20491 2.00241
      vertex -15.5308 -4.20491 7.5375
    endloop
  endfacet
  facet normal 0.995193 -0.097938 0
    outer loop
      vertex -15.5308 -4.20491 2.00241
      vertex -15.55 -4.40001 7.5375
      vertex -15.55 -4.40001 2.00241
    endloop
  endfacet
  facet normal -0.290248 0.956951 0
    outer loop
      vertex 14.9327 -19.9239 2.00241
      vertex 14.7451 -19.9808 7.5375
      vertex 14.9327 -19.9239 7.5375
    endloop
  endfacet
  facet normal -0.290248 0.956951 0
    outer loop
      vertex 14.7451 -19.9808 7.5375
      vertex 14.9327 -19.9239 2.00241
      vertex 14.7451 -19.9808 2.00241
    endloop
  endfacet
  facet normal -0.097938 0.995193 0
    outer loop
      vertex 14.7451 -19.9808 2.00241
      vertex 14.55 -20 7.5375
      vertex 14.7451 -19.9808 7.5375
    endloop
  endfacet
  facet normal -0.097938 0.995193 0
    outer loop
      vertex 14.55 -20 7.5375
      vertex 14.7451 -19.9808 2.00241
      vertex 14.55 -20 2.00241
    endloop
  endfacet
  facet normal -0.634598 0.772842 0
    outer loop
      vertex 15.2571 -19.7071 2.00241
      vertex 15.1056 -19.8315 7.5375
      vertex 15.2571 -19.7071 7.5375
    endloop
  endfacet
  facet normal -0.634598 0.772842 0
    outer loop
      vertex 15.1056 -19.8315 7.5375
      vertex 15.2571 -19.7071 2.00241
      vertex 15.1056 -19.8315 2.00241
    endloop
  endfacet
  facet normal 0.772842 0.634598 0
    outer loop
      vertex -15.2571 -19.7071 7.5375
      vertex -15.3815 -19.5556 2.00241
      vertex -15.3815 -19.5556 7.5375
    endloop
  endfacet
  facet normal 0.772842 0.634598 0
    outer loop
      vertex -15.3815 -19.5556 2.00241
      vertex -15.2571 -19.7071 7.5375
      vertex -15.2571 -19.7071 2.00241
    endloop
  endfacet
  facet normal -0.956951 0.290248 0
    outer loop
      vertex 15.4739 -19.3827 2.00241
      vertex 15.5308 -19.1951 7.5375
      vertex 15.5308 -19.1951 2.00241
    endloop
  endfacet
  facet normal -0.956951 0.290248 0
    outer loop
      vertex 15.5308 -19.1951 7.5375
      vertex 15.4739 -19.3827 2.00241
      vertex 15.4739 -19.3827 7.5375
    endloop
  endfacet
  facet normal 0.634598 0.772842 -0
    outer loop
      vertex -15.1056 -19.8315 2.00241
      vertex -15.2571 -19.7071 7.5375
      vertex -15.1056 -19.8315 7.5375
    endloop
  endfacet
  facet normal 0.634598 0.772842 0
    outer loop
      vertex -15.2571 -19.7071 7.5375
      vertex -15.1056 -19.8315 2.00241
      vertex -15.2571 -19.7071 2.00241
    endloop
  endfacet
  facet normal -0 0 1
    outer loop
      vertex -38.3476 -0.400001 9.1375
      vertex -18.25 -4.2 9.1375
      vertex -18.25 -0.400001 9.1375
    endloop
  endfacet
  facet normal 0 0 1
    outer loop
      vertex -18.25 -4.2 9.1375
      vertex -38.3476 -0.400001 9.1375
      vertex -38.3476 -4.2 9.1375
    endloop
  endfacet
  facet normal -0 0 1
    outer loop
      vertex 18.25 -0.400001 9.1375
      vertex 38.3476 -4.2 9.1375
      vertex 38.3476 -0.400001 9.1375
    endloop
  endfacet
  facet normal 0 0 1
    outer loop
      vertex 38.3476 -4.2 9.1375
      vertex 18.25 -0.400001 9.1375
      vertex 18.25 -4.2 9.1375
    endloop
  endfacet
  facet normal 0 1 0
    outer loop
      vertex 38.3476 -0.400001 9.1375
      vertex 18.25 -0.400001 7.5375
      vertex 18.25 -0.400001 9.1375
    endloop
  endfacet
  facet normal 0 1 0
    outer loop
      vertex 38.3476 -0.400001 9.1375
      vertex 37.899 -0.400001 2.00241
      vertex 18.25 -0.400001 7.5375
    endloop
  endfacet
  facet normal 0 1 0
    outer loop
      vertex 37.899 -0.400001 2.00241
      vertex 38.3476 -0.400001 9.1375
      vertex 38.3476 -0.400001 2.45099
    endloop
  endfacet
  facet normal 0 1 -0
    outer loop
      vertex -18.25 -0.400001 7.5375
      vertex -38.3476 -0.400001 9.1375
      vertex -18.25 -0.400001 9.1375
    endloop
  endfacet
  facet normal 0 1 0
    outer loop
      vertex 18.25 -0.400001 7.5375
      vertex 37.899 -0.400001 2.00241
      vertex -18.25 -0.400001 7.5375
    endloop
  endfacet
  facet normal 0 1 0
    outer loop
      vertex -37.899 -0.400001 2.00241
      vertex -18.25 -0.400001 7.5375
      vertex 37.899 -0.400001 2.00241
    endloop
  endfacet
  facet normal 0 1 0
    outer loop
      vertex 37.899 -0.400001 2.00241
      vertex 38.3476 -0.400001 2.45099
      vertex 38.3285 -0.400001 2.35486
    endloop
  endfacet
  facet normal 0 1 0
    outer loop
      vertex -18.25 -0.400001 7.5375
      vertex -37.899 -0.400001 2.00241
      vertex -38.3476 -0.400001 9.1375
    endloop
  endfacet
  facet normal 0 1 0
    outer loop
      vertex 37.899 -0.400001 2.00241
      vertex 38.3285 -0.400001 2.35486
      vertex 38.291 -0.400001 2.2643
    endloop
  endfacet
  facet normal 0 1 0
    outer loop
      vertex -38.3476 -0.400001 9.1375
      vertex -37.899 -0.400001 2.00241
      vertex -38.3476 -0.400001 2.45099
    endloop
  endfacet
  facet normal 0 1 0
    outer loop
      vertex 37.899 -0.400001 2.00241
      vertex 38.291 -0.400001 2.2643
      vertex 38.2365 -0.400001 2.1828
    endloop
  endfacet
  facet normal 0 1 0
    outer loop
      vertex -38.3476 -0.400001 2.45099
      vertex -37.899 -0.400001 2.00241
      vertex -38.3285 -0.400001 2.35486
    endloop
  endfacet
  facet normal 0 1 0
    outer loop
      vertex 37.899 -0.400001 2.00241
      vertex 38.2365 -0.400001 2.1828
      vertex 38.1672 -0.400001 2.11349
    endloop
  endfacet
  facet normal 0 1 0
    outer loop
      vertex -38.3285 -0.400001 2.35486
      vertex -37.899 -0.400001 2.00241
      vertex -38.291 -0.400001 2.2643
    endloop
  endfacet
  facet normal 0 1 0
    outer loop
      vertex 37.899 -0.400001 2.00241
      vertex 38.1672 -0.400001 2.11349
      vertex 38.0857 -0.400001 2.05904
    endloop
  endfacet
  facet normal 0 1 0
    outer loop
      vertex -38.291 -0.400001 2.2643
      vertex -37.899 -0.400001 2.00241
      vertex -38.2365 -0.400001 2.1828
    endloop
  endfacet
  facet normal 0 1 0
    outer loop
      vertex 37.899 -0.400001 2.00241
      vertex 38.0857 -0.400001 2.05904
      vertex 37.9951 -0.400001 2.02153
    endloop
  endfacet
  facet normal 0 1 0
    outer loop
      vertex -38.2365 -0.400001 2.1828
      vertex -37.899 -0.400001 2.00241
      vertex -38.1672 -0.400001 2.11349
    endloop
  endfacet
  facet normal 0 1 0
    outer loop
      vertex -38.1672 -0.400001 2.11349
      vertex -37.899 -0.400001 2.00241
      vertex -38.0857 -0.400001 2.05904
    endloop
  endfacet
  facet normal 0 1 0
    outer loop
      vertex -38.0857 -0.400001 2.05904
      vertex -37.899 -0.400001 2.00241
      vertex -37.9951 -0.400001 2.02153
    endloop
  endfacet
  facet normal 0 -1 0
    outer loop
      vertex -38.3476 -4.2 9.1375
      vertex -18.25 -4.2 7.5375
      vertex -18.25 -4.2 9.1375
    endloop
  endfacet
  facet normal 0 -1 0
    outer loop
      vertex -37.899 -4.2 2.00241
      vertex -38.3476 -4.2 9.1375
      vertex -38.3476 -4.2 2.45099
    endloop
  endfacet
  facet normal 0 -1 0
    outer loop
      vertex -38.3476 -4.2 9.1375
      vertex -37.899 -4.2 2.00241
      vertex -18.25 -4.2 7.5375
    endloop
  endfacet
  facet normal 0 -1 0
    outer loop
      vertex -37.899 -4.2 2.00241
      vertex -38.3476 -4.2 2.45099
      vertex -38.3285 -4.2 2.35486
    endloop
  endfacet
  facet normal 0 -1 0
    outer loop
      vertex -37.899 -4.2 2.00241
      vertex -38.3285 -4.2 2.35486
      vertex -38.291 -4.2 2.2643
    endloop
  endfacet
  facet normal 0 -1 0
    outer loop
      vertex -37.899 -4.2 2.00241
      vertex -38.291 -4.2 2.2643
      vertex -38.2365 -4.2 2.1828
    endloop
  endfacet
  facet normal 0 -1 0
    outer loop
      vertex -37.899 -4.2 2.00241
      vertex -38.2365 -4.2 2.1828
      vertex -38.1672 -4.2 2.11349
    endloop
  endfacet
  facet normal 0 -1 0
    outer loop
      vertex -37.899 -4.2 2.00241
      vertex -38.1672 -4.2 2.11349
      vertex -38.0857 -4.2 2.05904
    endloop
  endfacet
  facet normal 0 -1 0
    outer loop
      vertex -37.899 -4.2 2.00241
      vertex -38.0857 -4.2 2.05904
      vertex -37.9951 -4.2 2.02153
    endloop
  endfacet
  facet normal 0 -1 0
    outer loop
      vertex -16.75 -4.2 2.00241
      vertex -18.25 -4.2 7.5375
      vertex -37.899 -4.2 2.00241
    endloop
  endfacet
  facet normal 0 -1 0
    outer loop
      vertex -18.25 -4.2 7.5375
      vertex -16.75 -4.2 2.00241
      vertex -16.75 -4.2 7.5375
    endloop
  endfacet
  facet normal 0 -1 0
    outer loop
      vertex 16.75 -4.2 2.00241
      vertex 18.25 -4.2 7.5375
      vertex 16.75 -4.2 7.5375
    endloop
  endfacet
  facet normal 0 -1 0
    outer loop
      vertex 18.25 -4.2 7.5375
      vertex 37.899 -4.2 2.00241
      vertex 38.3476 -4.2 2.45099
    endloop
  endfacet
  facet normal 0 -1 0
    outer loop
      vertex 38.3476 -4.2 2.45099
      vertex 37.899 -4.2 2.00241
      vertex 38.3285 -4.2 2.35486
    endloop
  endfacet
  facet normal 0 -1 0
    outer loop
      vertex 38.3285 -4.2 2.35486
      vertex 37.899 -4.2 2.00241
      vertex 38.291 -4.2 2.2643
    endloop
  endfacet
  facet normal 0 -1 0
    outer loop
      vertex 38.291 -4.2 2.2643
      vertex 37.899 -4.2 2.00241
      vertex 38.2365 -4.2 2.1828
    endloop
  endfacet
  facet normal 0 -1 0
    outer loop
      vertex 38.2365 -4.2 2.1828
      vertex 37.899 -4.2 2.00241
      vertex 38.1672 -4.2 2.11349
    endloop
  endfacet
  facet normal 0 -1 0
    outer loop
      vertex 38.1672 -4.2 2.11349
      vertex 37.899 -4.2 2.00241
      vertex 38.0857 -4.2 2.05904
    endloop
  endfacet
  facet normal 0 -1 -0
    outer loop
      vertex 18.25 -4.2 7.5375
      vertex 16.75 -4.2 2.00241
      vertex 37.899 -4.2 2.00241
    endloop
  endfacet
  facet normal 0 -1 0
    outer loop
      vertex 38.0857 -4.2 2.05904
      vertex 37.899 -4.2 2.00241
      vertex 37.9951 -4.2 2.02153
    endloop
  endfacet
  facet normal 0 -1 0
    outer loop
      vertex 18.25 -4.2 7.5375
      vertex 38.3476 -4.2 9.1375
      vertex 18.25 -4.2 9.1375
    endloop
  endfacet
  facet normal 0 -1 -0
    outer loop
      vertex 38.3476 -4.2 9.1375
      vertex 18.25 -4.2 7.5375
      vertex 38.3476 -4.2 2.45099
    endloop
  endfacet
  facet normal 0 -1 0
    outer loop
      vertex -15.5293 -4.2 2.00241
      vertex 15.5293 -4.2 7.5375
      vertex -15.5293 -4.2 7.5375
    endloop
  endfacet
  facet normal 0 -1 -0
    outer loop
      vertex 15.5293 -4.2 7.5375
      vertex -15.5293 -4.2 2.00241
      vertex 15.5293 -4.2 2.00241
    endloop
  endfacet
  facet normal -1 0 0
    outer loop
      vertex 18.25 -4.2 7.5375
      vertex 18.25 -0.400001 9.1375
      vertex 18.25 -0.400001 7.5375
    endloop
  endfacet
  facet normal -1 -0 0
    outer loop
      vertex 18.25 -0.400001 9.1375
      vertex 18.25 -4.2 7.5375
      vertex 18.25 -4.2 9.1375
    endloop
  endfacet
  facet normal 1 -0 0
    outer loop
      vertex -18.25 -4.2 9.1375
      vertex -18.25 -0.400001 7.5375
      vertex -18.25 -0.400001 9.1375
    endloop
  endfacet
  facet normal 1 0 0
    outer loop
      vertex -18.25 -0.400001 7.5375
      vertex -18.25 -4.2 9.1375
      vertex -18.25 -4.2 7.5375
    endloop
  endfacet
  facet normal 1 -0 0
    outer loop
      vertex -35.3 -14.25 10.6375
      vertex -35.3 -4.25 2.00241
      vertex -35.3 -4.25 10.6375
    endloop
  endfacet
  facet normal 1 0 0
    outer loop
      vertex -35.3 -4.25 2.00241
      vertex -35.3 -14.25 10.6375
      vertex -35.3 -14.25 2.00241
    endloop
  endfacet
  facet normal -0 0 1
    outer loop
      vertex -38.3 -4.25 10.6375
      vertex -38.2969 -14.25 10.6375
      vertex -38.2969 -4.25 10.6375
    endloop
  endfacet
  facet normal 0 0 1
    outer loop
      vertex -38.2969 -14.25 10.6375
      vertex -38.3 -4.25 10.6375
      vertex -38.3 -14.25 10.6375
    endloop
  endfacet
  facet normal -0 0 1
    outer loop
      vertex -35.3031 -4.25 10.6375
      vertex -35.3 -14.25 10.6375
      vertex -35.3 -4.25 10.6375
    endloop
  endfacet
  facet normal 0 0 1
    outer loop
      vertex -35.3 -14.25 10.6375
      vertex -35.3031 -4.25 10.6375
      vertex -35.3031 -14.25 10.6375
    endloop
  endfacet
  facet normal -1 0 0
    outer loop
      vertex -38.3 -14.25 2.28612
      vertex -38.3 -4.25 10.6375
      vertex -38.3 -4.25 2.28612
    endloop
  endfacet
  facet normal -1 -0 0
    outer loop
      vertex -38.3 -4.25 10.6375
      vertex -38.3 -14.25 2.28612
      vertex -38.3 -14.25 10.6375
    endloop
  endfacet
  facet normal 0 1 -0
    outer loop
      vertex -35.3 -4.25 2.00241
      vertex -35.3031 -4.25 10.6375
      vertex -35.3 -4.25 10.6375
    endloop
  endfacet
  facet normal 0 1 0
    outer loop
      vertex -35.3031 -4.25 10.6375
      vertex -38.3 -4.25 2.28612
      vertex -38.2969 -4.25 10.6375
    endloop
  endfacet
  facet normal 0 1 0
    outer loop
      vertex -38.2969 -4.25 10.6375
      vertex -38.3 -4.25 2.28612
      vertex -38.3 -4.25 10.6375
    endloop
  endfacet
  facet normal 0 1 0
    outer loop
      vertex -35.3031 -4.25 10.6375
      vertex -35.3 -4.25 2.00241
      vertex -38.3 -4.25 2.28612
    endloop
  endfacet
  facet normal 0 1 -0
    outer loop
      vertex -37.899 -4.25 2.00241
      vertex -38.3 -4.25 2.28612
      vertex -35.3 -4.25 2.00241
    endloop
  endfacet
  facet normal -0 1 -0
    outer loop
      vertex -38.1672 -4.25 2.11349
      vertex -38.3 -4.25 2.28612
      vertex -37.899 -4.25 2.00241
    endloop
  endfacet
  facet normal 0 1 0
    outer loop
      vertex -38.3 -4.25 2.28612
      vertex -38.2365 -4.25 2.1828
      vertex -38.291 -4.25 2.2643
    endloop
  endfacet
  facet normal 0 1 0
    outer loop
      vertex -38.1672 -4.25 2.11349
      vertex -37.899 -4.25 2.00241
      vertex -38.0857 -4.25 2.05904
    endloop
  endfacet
  facet normal 0 1 0
    outer loop
      vertex -38.3 -4.25 2.28612
      vertex -38.1672 -4.25 2.11349
      vertex -38.2365 -4.25 2.1828
    endloop
  endfacet
  facet normal 0 1 0
    outer loop
      vertex -38.0857 -4.25 2.05904
      vertex -37.899 -4.25 2.00241
      vertex -37.9951 -4.25 2.02153
    endloop
  endfacet
  facet normal 0 1 0
    outer loop
      vertex -36.5074 -4.25 12.1399
      vertex -37.0926 -4.25 12.1399
      vertex -36.8 -4.25 12.1687
    endloop
  endfacet
  facet normal 0 1 0
    outer loop
      vertex -36.226 -4.25 12.0546
      vertex -37.0926 -4.25 12.1399
      vertex -36.5074 -4.25 12.1399
    endloop
  endfacet
  facet normal 0 1 0
    outer loop
      vertex -36.226 -4.25 12.0546
      vertex -37.374 -4.25 12.0546
      vertex -37.0926 -4.25 12.1399
    endloop
  endfacet
  facet normal 0 1 0
    outer loop
      vertex -35.9666 -4.25 11.916
      vertex -37.374 -4.25 12.0546
      vertex -36.226 -4.25 12.0546
    endloop
  endfacet
  facet normal 0 1 0
    outer loop
      vertex -35.9666 -4.25 11.916
      vertex -37.6334 -4.25 11.916
      vertex -37.374 -4.25 12.0546
    endloop
  endfacet
  facet normal 0 1 0
    outer loop
      vertex -35.7393 -4.25 11.7294
      vertex -37.6334 -4.25 11.916
      vertex -35.9666 -4.25 11.916
    endloop
  endfacet
  facet normal 0 1 0
    outer loop
      vertex -35.7393 -4.25 11.7294
      vertex -37.8607 -4.25 11.7294
      vertex -37.6334 -4.25 11.916
    endloop
  endfacet
  facet normal 0 1 0
    outer loop
      vertex -35.5528 -4.25 11.5021
      vertex -37.8607 -4.25 11.7294
      vertex -35.7393 -4.25 11.7294
    endloop
  endfacet
  facet normal 0 1 0
    outer loop
      vertex -35.5528 -4.25 11.5021
      vertex -38.0472 -4.25 11.5021
      vertex -37.8607 -4.25 11.7294
    endloop
  endfacet
  facet normal 0 1 0
    outer loop
      vertex -35.4142 -4.25 11.2428
      vertex -38.0472 -4.25 11.5021
      vertex -35.5528 -4.25 11.5021
    endloop
  endfacet
  facet normal 0 1 0
    outer loop
      vertex -35.4142 -4.25 11.2428
      vertex -38.1858 -4.25 11.2428
      vertex -38.0472 -4.25 11.5021
    endloop
  endfacet
  facet normal 0 1 0
    outer loop
      vertex -35.3288 -4.25 10.9614
      vertex -38.1858 -4.25 11.2428
      vertex -35.4142 -4.25 11.2428
    endloop
  endfacet
  facet normal 0 1 0
    outer loop
      vertex -35.3288 -4.25 10.9614
      vertex -38.2712 -4.25 10.9614
      vertex -38.1858 -4.25 11.2428
    endloop
  endfacet
  facet normal 0 1 -0
    outer loop
      vertex -35.3031 -4.25 10.6375
      vertex -35.3288 -4.25 10.9614
      vertex -35.3 -4.25 10.6687
    endloop
  endfacet
  facet normal 0 1 0
    outer loop
      vertex -35.3288 -4.25 10.9614
      vertex -35.3031 -4.25 10.6375
      vertex -38.2712 -4.25 10.9614
    endloop
  endfacet
  facet normal 0 1 0
    outer loop
      vertex -38.2969 -4.25 10.6375
      vertex -38.2712 -4.25 10.9614
      vertex -35.3031 -4.25 10.6375
    endloop
  endfacet
  facet normal 0 1 0
    outer loop
      vertex -38.2712 -4.25 10.9614
      vertex -38.2969 -4.25 10.6375
      vertex -38.3 -4.25 10.6687
    endloop
  endfacet
  facet normal 0 -1 0
    outer loop
      vertex -38.3 -14.25 2.28612
      vertex -38.2969 -14.25 10.6375
      vertex -38.3 -14.25 10.6375
    endloop
  endfacet
  facet normal 0 -1 -0
    outer loop
      vertex -38.2969 -14.25 10.6375
      vertex -38.3 -14.25 2.28612
      vertex -35.3031 -14.25 10.6375
    endloop
  endfacet
  facet normal 0 -1 0
    outer loop
      vertex -35.3 -14.25 2.00241
      vertex -35.3031 -14.25 10.6375
      vertex -38.3 -14.25 2.28612
    endloop
  endfacet
  facet normal 0 -1 0
    outer loop
      vertex -38.2365 -14.25 2.1828
      vertex -38.3 -14.25 2.28612
      vertex -38.291 -14.25 2.2643
    endloop
  endfacet
  facet normal 0 -1 0
    outer loop
      vertex -38.1672 -14.25 2.11349
      vertex -38.3 -14.25 2.28612
      vertex -38.2365 -14.25 2.1828
    endloop
  endfacet
  facet normal 0 -1 0
    outer loop
      vertex -38.3 -14.25 2.28612
      vertex -38.1672 -14.25 2.11349
      vertex -37.899 -14.25 2.00241
    endloop
  endfacet
  facet normal 0 -1 0
    outer loop
      vertex -37.899 -14.25 2.00241
      vertex -38.1672 -14.25 2.11349
      vertex -38.0857 -14.25 2.05904
    endloop
  endfacet
  facet normal 0 -1 0
    outer loop
      vertex -37.899 -14.25 2.00241
      vertex -38.0857 -14.25 2.05904
      vertex -37.9951 -14.25 2.02153
    endloop
  endfacet
  facet normal 0 -1 0
    outer loop
      vertex -38.3 -14.25 2.28612
      vertex -37.899 -14.25 2.00241
      vertex -35.3 -14.25 2.00241
    endloop
  endfacet
  facet normal 0 -1 0
    outer loop
      vertex -35.3031 -14.25 10.6375
      vertex -35.3 -14.25 2.00241
      vertex -35.3 -14.25 10.6375
    endloop
  endfacet
  facet normal 0 -1 0
    outer loop
      vertex -37.0926 -14.25 12.1399
      vertex -36.5074 -14.25 12.1399
      vertex -36.8 -14.25 12.1687
    endloop
  endfacet
  facet normal 0 -1 0
    outer loop
      vertex -37.374 -14.25 12.0546
      vertex -36.5074 -14.25 12.1399
      vertex -37.0926 -14.25 12.1399
    endloop
  endfacet
  facet normal 0 -1 0
    outer loop
      vertex -37.374 -14.25 12.0546
      vertex -36.226 -14.25 12.0546
      vertex -36.5074 -14.25 12.1399
    endloop
  endfacet
  facet normal 0 -1 0
    outer loop
      vertex -37.6334 -14.25 11.916
      vertex -36.226 -14.25 12.0546
      vertex -37.374 -14.25 12.0546
    endloop
  endfacet
  facet normal 0 -1 0
    outer loop
      vertex -37.6334 -14.25 11.916
      vertex -35.9666 -14.25 11.916
      vertex -36.226 -14.25 12.0546
    endloop
  endfacet
  facet normal 0 -1 0
    outer loop
      vertex -37.8607 -14.25 11.7294
      vertex -35.9666 -14.25 11.916
      vertex -37.6334 -14.25 11.916
    endloop
  endfacet
  facet normal 0 -1 0
    outer loop
      vertex -37.8607 -14.25 11.7294
      vertex -35.7393 -14.25 11.7294
      vertex -35.9666 -14.25 11.916
    endloop
  endfacet
  facet normal 0 -1 0
    outer loop
      vertex -38.0472 -14.25 11.5021
      vertex -35.7393 -14.25 11.7294
      vertex -37.8607 -14.25 11.7294
    endloop
  endfacet
  facet normal 0 -1 0
    outer loop
      vertex -38.0472 -14.25 11.5021
      vertex -35.5528 -14.25 11.5021
      vertex -35.7393 -14.25 11.7294
    endloop
  endfacet
  facet normal 0 -1 0
    outer loop
      vertex -38.1858 -14.25 11.2428
      vertex -35.5528 -14.25 11.5021
      vertex -38.0472 -14.25 11.5021
    endloop
  endfacet
  facet normal 0 -1 0
    outer loop
      vertex -38.1858 -14.25 11.2428
      vertex -35.4142 -14.25 11.2428
      vertex -35.5528 -14.25 11.5021
    endloop
  endfacet
  facet normal 0 -1 0
    outer loop
      vertex -38.2712 -14.25 10.9614
      vertex -35.4142 -14.25 11.2428
      vertex -38.1858 -14.25 11.2428
    endloop
  endfacet
  facet normal 0 -1 0
    outer loop
      vertex -38.2712 -14.25 10.9614
      vertex -35.3288 -14.25 10.9614
      vertex -35.4142 -14.25 11.2428
    endloop
  endfacet
  facet normal 0 -1 0
    outer loop
      vertex -38.2969 -14.25 10.6375
      vertex -38.2712 -14.25 10.9614
      vertex -38.3 -14.25 10.6687
    endloop
  endfacet
  facet normal 0 -1 -0
    outer loop
      vertex -38.2712 -14.25 10.9614
      vertex -38.2969 -14.25 10.6375
      vertex -35.3288 -14.25 10.9614
    endloop
  endfacet
  facet normal 0 -1 0
    outer loop
      vertex -35.3031 -14.25 10.6375
      vertex -35.3288 -14.25 10.9614
      vertex -38.2969 -14.25 10.6375
    endloop
  endfacet
  facet normal 0 -1 0
    outer loop
      vertex -35.3288 -14.25 10.9614
      vertex -35.3031 -14.25 10.6375
      vertex -35.3 -14.25 10.6687
    endloop
  endfacet
  facet normal -0.995194 0 0.0979214
    outer loop
      vertex -38.3 -14.25 10.6687
      vertex -38.2712 -4.25 10.9614
      vertex -38.3 -4.25 10.6687
    endloop
  endfacet
  facet normal -0.995194 0 0.0979214
    outer loop
      vertex -38.2712 -4.25 10.9614
      vertex -38.3 -14.25 10.6687
      vertex -38.2712 -14.25 10.9614
    endloop
  endfacet
  facet normal 0.956904 -0 0.290404
    outer loop
      vertex -35.4142 -14.25 11.2428
      vertex -35.3288 -4.25 10.9614
      vertex -35.4142 -4.25 11.2428
    endloop
  endfacet
  facet normal 0.956904 0 0.290404
    outer loop
      vertex -35.3288 -4.25 10.9614
      vertex -35.4142 -14.25 11.2428
      vertex -35.3288 -14.25 10.9614
    endloop
  endfacet
  facet normal 0.995194 -0 0.0979214
    outer loop
      vertex -35.3288 -14.25 10.9614
      vertex -35.3 -4.25 10.6687
      vertex -35.3288 -4.25 10.9614
    endloop
  endfacet
  facet normal 0.995194 0 0.0979214
    outer loop
      vertex -35.3 -4.25 10.6687
      vertex -35.3288 -14.25 10.9614
      vertex -35.3 -14.25 10.6687
    endloop
  endfacet
  facet normal -0.881919 0 0.4714
    outer loop
      vertex -38.1858 -14.25 11.2428
      vertex -38.0472 -4.25 11.5021
      vertex -38.1858 -4.25 11.2428
    endloop
  endfacet
  facet normal -0.881919 0 0.4714
    outer loop
      vertex -38.0472 -4.25 11.5021
      vertex -38.1858 -14.25 11.2428
      vertex -38.0472 -14.25 11.5021
    endloop
  endfacet
  facet normal 0.773078 -0 0.634311
    outer loop
      vertex -35.7393 -14.25 11.7294
      vertex -35.5528 -4.25 11.5021
      vertex -35.7393 -4.25 11.7294
    endloop
  endfacet
  facet normal 0.773078 0 0.634311
    outer loop
      vertex -35.5528 -4.25 11.5021
      vertex -35.7393 -14.25 11.7294
      vertex -35.5528 -14.25 11.5021
    endloop
  endfacet
  facet normal 0.881919 -0 0.4714
    outer loop
      vertex -35.5528 -14.25 11.5021
      vertex -35.4142 -4.25 11.2428
      vertex -35.5528 -4.25 11.5021
    endloop
  endfacet
  facet normal 0.881919 0 0.4714
    outer loop
      vertex -35.4142 -4.25 11.2428
      vertex -35.5528 -14.25 11.5021
      vertex -35.4142 -14.25 11.2428
    endloop
  endfacet
  facet normal 0.0979545 0 0.995191
    outer loop
      vertex -36.8 -4.25 12.1687
      vertex -36.5074 -14.25 12.1399
      vertex -36.5074 -4.25 12.1399
    endloop
  endfacet
  facet normal 0.0979545 0 0.995191
    outer loop
      vertex -36.5074 -14.25 12.1399
      vertex -36.8 -4.25 12.1687
      vertex -36.8 -14.25 12.1687
    endloop
  endfacet
  facet normal 0.471259 0 0.881995
    outer loop
      vertex -36.226 -4.25 12.0546
      vertex -35.9666 -14.25 11.916
      vertex -35.9666 -4.25 11.916
    endloop
  endfacet
  facet normal 0.471259 0 0.881995
    outer loop
      vertex -35.9666 -14.25 11.916
      vertex -36.226 -4.25 12.0546
      vertex -36.226 -14.25 12.0546
    endloop
  endfacet
  facet normal 0.9951 0 -0.0988721
    outer loop
      vertex -35.3 -14.25 10.6687
      vertex -35.3031 -4.25 10.6375
      vertex -35.3 -4.25 10.6687
    endloop
  endfacet
  facet normal 0.9951 0 -0.0988721
    outer loop
      vertex -35.3031 -4.25 10.6375
      vertex -35.3 -14.25 10.6687
      vertex -35.3031 -14.25 10.6375
    endloop
  endfacet
  facet normal -0.9951 0 -0.0988721
    outer loop
      vertex -38.2969 -14.25 10.6375
      vertex -38.3 -4.25 10.6687
      vertex -38.2969 -4.25 10.6375
    endloop
  endfacet
  facet normal -0.9951 -0 -0.0988721
    outer loop
      vertex -38.3 -4.25 10.6687
      vertex -38.2969 -14.25 10.6375
      vertex -38.3 -14.25 10.6687
    endloop
  endfacet
  facet normal -0.0979545 0 0.995191
    outer loop
      vertex -37.0926 -4.25 12.1399
      vertex -36.8 -14.25 12.1687
      vertex -36.8 -4.25 12.1687
    endloop
  endfacet
  facet normal -0.0979545 0 0.995191
    outer loop
      vertex -36.8 -14.25 12.1687
      vertex -37.0926 -4.25 12.1399
      vertex -37.0926 -14.25 12.1399
    endloop
  endfacet
  facet normal 0.290092 0 0.956999
    outer loop
      vertex -36.5074 -4.25 12.1399
      vertex -36.226 -14.25 12.0546
      vertex -36.226 -4.25 12.0546
    endloop
  endfacet
  facet normal 0.290092 0 0.956999
    outer loop
      vertex -36.226 -14.25 12.0546
      vertex -36.5074 -4.25 12.1399
      vertex -36.5074 -14.25 12.1399
    endloop
  endfacet
  facet normal -0.471259 0 0.881995
    outer loop
      vertex -37.6334 -4.25 11.916
      vertex -37.374 -14.25 12.0546
      vertex -37.374 -4.25 12.0546
    endloop
  endfacet
  facet normal -0.471259 0 0.881995
    outer loop
      vertex -37.374 -14.25 12.0546
      vertex -37.6334 -4.25 11.916
      vertex -37.6334 -14.25 11.916
    endloop
  endfacet
  facet normal -0.634515 0 0.772911
    outer loop
      vertex -37.8607 -4.25 11.7294
      vertex -37.6334 -14.25 11.916
      vertex -37.6334 -4.25 11.916
    endloop
  endfacet
  facet normal -0.634515 0 0.772911
    outer loop
      vertex -37.6334 -14.25 11.916
      vertex -37.8607 -4.25 11.7294
      vertex -37.8607 -14.25 11.7294
    endloop
  endfacet
  facet normal -0.956904 0 0.290404
    outer loop
      vertex -38.2712 -14.25 10.9614
      vertex -38.1858 -4.25 11.2428
      vertex -38.2712 -4.25 10.9614
    endloop
  endfacet
  facet normal -0.956904 0 0.290404
    outer loop
      vertex -38.1858 -4.25 11.2428
      vertex -38.2712 -14.25 10.9614
      vertex -38.1858 -14.25 11.2428
    endloop
  endfacet
  facet normal 0.634515 0 0.772911
    outer loop
      vertex -35.9666 -4.25 11.916
      vertex -35.7393 -14.25 11.7294
      vertex -35.7393 -4.25 11.7294
    endloop
  endfacet
  facet normal 0.634515 0 0.772911
    outer loop
      vertex -35.7393 -14.25 11.7294
      vertex -35.9666 -4.25 11.916
      vertex -35.9666 -14.25 11.916
    endloop
  endfacet
  facet normal -0.290092 0 0.956999
    outer loop
      vertex -37.374 -4.25 12.0546
      vertex -37.0926 -14.25 12.1399
      vertex -37.0926 -4.25 12.1399
    endloop
  endfacet
  facet normal -0.290092 0 0.956999
    outer loop
      vertex -37.0926 -14.25 12.1399
      vertex -37.374 -4.25 12.0546
      vertex -37.374 -14.25 12.0546
    endloop
  endfacet
  facet normal -0.773078 0 0.634311
    outer loop
      vertex -38.0472 -14.25 11.5021
      vertex -37.8607 -4.25 11.7294
      vertex -38.0472 -4.25 11.5021
    endloop
  endfacet
  facet normal -0.773078 0 0.634311
    outer loop
      vertex -37.8607 -4.25 11.7294
      vertex -38.0472 -14.25 11.5021
      vertex -37.8607 -14.25 11.7294
    endloop
  endfacet
  facet normal 1 -0 0
    outer loop
      vertex -35.3 -0.35 10.6375
      vertex -35.3 9.65 2.00241
      vertex -35.3 9.65 10.6375
    endloop
  endfacet
  facet normal 1 0 0
    outer loop
      vertex -35.3 9.65 2.00241
      vertex -35.3 -0.35 10.6375
      vertex -35.3 -0.35 2.00241
    endloop
  endfacet
  facet normal -0 0 1
    outer loop
      vertex -38.3 9.65 10.6375
      vertex -38.2969 -0.35 10.6375
      vertex -38.2969 9.65 10.6375
    endloop
  endfacet
  facet normal 0 0 1
    outer loop
      vertex -38.2969 -0.35 10.6375
      vertex -38.3 9.65 10.6375
      vertex -38.3 -0.35 10.6375
    endloop
  endfacet
  facet normal -0 0 1
    outer loop
      vertex -35.3031 9.65 10.6375
      vertex -35.3 -0.35 10.6375
      vertex -35.3 9.65 10.6375
    endloop
  endfacet
  facet normal 0 0 1
    outer loop
      vertex -35.3 -0.35 10.6375
      vertex -35.3031 9.65 10.6375
      vertex -35.3031 -0.35 10.6375
    endloop
  endfacet
  facet normal -1 0 0
    outer loop
      vertex -38.3 -0.35 2.28612
      vertex -38.3 9.65 10.6375
      vertex -38.3 9.65 2.28612
    endloop
  endfacet
  facet normal -1 -0 0
    outer loop
      vertex -38.3 9.65 10.6375
      vertex -38.3 -0.35 2.28612
      vertex -38.3 -0.35 10.6375
    endloop
  endfacet
  facet normal 0 1 -0
    outer loop
      vertex -35.3 9.65 2.00241
      vertex -35.3031 9.65 10.6375
      vertex -35.3 9.65 10.6375
    endloop
  endfacet
  facet normal 0 1 0
    outer loop
      vertex -35.3031 9.65 10.6375
      vertex -38.3 9.65 2.28612
      vertex -38.2969 9.65 10.6375
    endloop
  endfacet
  facet normal 0 1 0
    outer loop
      vertex -38.2969 9.65 10.6375
      vertex -38.3 9.65 2.28612
      vertex -38.3 9.65 10.6375
    endloop
  endfacet
  facet normal 0 1 0
    outer loop
      vertex -35.3031 9.65 10.6375
      vertex -35.3 9.65 2.00241
      vertex -38.3 9.65 2.28612
    endloop
  endfacet
  facet normal 0 1 -0
    outer loop
      vertex -37.899 9.65 2.00241
      vertex -38.3 9.65 2.28612
      vertex -35.3 9.65 2.00241
    endloop
  endfacet
  facet normal -0 1 -0
    outer loop
      vertex -38.1672 9.65 2.11349
      vertex -38.3 9.65 2.28612
      vertex -37.899 9.65 2.00241
    endloop
  endfacet
  facet normal 0 1 0
    outer loop
      vertex -38.3 9.65 2.28612
      vertex -38.2365 9.65 2.1828
      vertex -38.291 9.65 2.2643
    endloop
  endfacet
  facet normal 0 1 0
    outer loop
      vertex -38.1672 9.65 2.11349
      vertex -37.899 9.65 2.00241
      vertex -38.0857 9.65 2.05904
    endloop
  endfacet
  facet normal 0 1 0
    outer loop
      vertex -38.3 9.65 2.28612
      vertex -38.1672 9.65 2.11349
      vertex -38.2365 9.65 2.1828
    endloop
  endfacet
  facet normal 0 1 0
    outer loop
      vertex -38.0857 9.65 2.05904
      vertex -37.899 9.65 2.00241
      vertex -37.9951 9.65 2.02153
    endloop
  endfacet
  facet normal 0 1 0
    outer loop
      vertex -36.5074 9.65 12.1399
      vertex -37.0926 9.65 12.1399
      vertex -36.8 9.65 12.1687
    endloop
  endfacet
  facet normal 0 1 0
    outer loop
      vertex -36.226 9.65 12.0546
      vertex -37.0926 9.65 12.1399
      vertex -36.5074 9.65 12.1399
    endloop
  endfacet
  facet normal 0 1 0
    outer loop
      vertex -36.226 9.65 12.0546
      vertex -37.374 9.65 12.0546
      vertex -37.0926 9.65 12.1399
    endloop
  endfacet
  facet normal 0 1 0
    outer loop
      vertex -35.9666 9.65 11.916
      vertex -37.374 9.65 12.0546
      vertex -36.226 9.65 12.0546
    endloop
  endfacet
  facet normal 0 1 0
    outer loop
      vertex -35.9666 9.65 11.916
      vertex -37.6334 9.65 11.916
      vertex -37.374 9.65 12.0546
    endloop
  endfacet
  facet normal 0 1 0
    outer loop
      vertex -35.7393 9.65 11.7294
      vertex -37.6334 9.65 11.916
      vertex -35.9666 9.65 11.916
    endloop
  endfacet
  facet normal 0 1 0
    outer loop
      vertex -35.7393 9.65 11.7294
      vertex -37.8607 9.65 11.7294
      vertex -37.6334 9.65 11.916
    endloop
  endfacet
  facet normal 0 1 0
    outer loop
      vertex -35.5528 9.65 11.5021
      vertex -37.8607 9.65 11.7294
      vertex -35.7393 9.65 11.7294
    endloop
  endfacet
  facet normal 0 1 0
    outer loop
      vertex -35.5528 9.65 11.5021
      vertex -38.0472 9.65 11.5021
      vertex -37.8607 9.65 11.7294
    endloop
  endfacet
  facet normal 0 1 0
    outer loop
      vertex -35.4142 9.65 11.2428
      vertex -38.0472 9.65 11.5021
      vertex -35.5528 9.65 11.5021
    endloop
  endfacet
  facet normal 0 1 0
    outer loop
      vertex -35.4142 9.65 11.2428
      vertex -38.1858 9.65 11.2428
      vertex -38.0472 9.65 11.5021
    endloop
  endfacet
  facet normal 0 1 0
    outer loop
      vertex -35.3288 9.65 10.9614
      vertex -38.1858 9.65 11.2428
      vertex -35.4142 9.65 11.2428
    endloop
  endfacet
  facet normal 0 1 0
    outer loop
      vertex -35.3288 9.65 10.9614
      vertex -38.2712 9.65 10.9614
      vertex -38.1858 9.65 11.2428
    endloop
  endfacet
  facet normal 0 1 -0
    outer loop
      vertex -35.3031 9.65 10.6375
      vertex -35.3288 9.65 10.9614
      vertex -35.3 9.65 10.6687
    endloop
  endfacet
  facet normal 0 1 0
    outer loop
      vertex -35.3288 9.65 10.9614
      vertex -35.3031 9.65 10.6375
      vertex -38.2712 9.65 10.9614
    endloop
  endfacet
  facet normal 0 1 0
    outer loop
      vertex -38.2969 9.65 10.6375
      vertex -38.2712 9.65 10.9614
      vertex -35.3031 9.65 10.6375
    endloop
  endfacet
  facet normal 0 1 0
    outer loop
      vertex -38.2712 9.65 10.9614
      vertex -38.2969 9.65 10.6375
      vertex -38.3 9.65 10.6687
    endloop
  endfacet
  facet normal 0 -1 0
    outer loop
      vertex -38.3 -0.35 2.28612
      vertex -38.2969 -0.35 10.6375
      vertex -38.3 -0.35 10.6375
    endloop
  endfacet
  facet normal 0 -1 -0
    outer loop
      vertex -38.2969 -0.35 10.6375
      vertex -38.3 -0.35 2.28612
      vertex -35.3031 -0.35 10.6375
    endloop
  endfacet
  facet normal 0 -1 0
    outer loop
      vertex -35.3 -0.35 2.00241
      vertex -35.3031 -0.35 10.6375
      vertex -38.3 -0.35 2.28612
    endloop
  endfacet
  facet normal 0 -1 0
    outer loop
      vertex -38.2365 -0.35 2.1828
      vertex -38.3 -0.35 2.28612
      vertex -38.291 -0.35 2.2643
    endloop
  endfacet
  facet normal 0 -1 0
    outer loop
      vertex -38.1672 -0.35 2.11349
      vertex -38.3 -0.35 2.28612
      vertex -38.2365 -0.35 2.1828
    endloop
  endfacet
  facet normal 0 -1 0
    outer loop
      vertex -38.3 -0.35 2.28612
      vertex -38.1672 -0.35 2.11349
      vertex -37.899 -0.35 2.00241
    endloop
  endfacet
  facet normal 0 -1 0
    outer loop
      vertex -37.899 -0.35 2.00241
      vertex -38.1672 -0.35 2.11349
      vertex -38.0857 -0.35 2.05904
    endloop
  endfacet
  facet normal 0 -1 0
    outer loop
      vertex -37.899 -0.35 2.00241
      vertex -38.0857 -0.35 2.05904
      vertex -37.9951 -0.35 2.02153
    endloop
  endfacet
  facet normal 0 -1 0
    outer loop
      vertex -38.3 -0.35 2.28612
      vertex -37.899 -0.35 2.00241
      vertex -35.3 -0.35 2.00241
    endloop
  endfacet
  facet normal 0 -1 0
    outer loop
      vertex -35.3031 -0.35 10.6375
      vertex -35.3 -0.35 2.00241
      vertex -35.3 -0.35 10.6375
    endloop
  endfacet
  facet normal 0 -1 0
    outer loop
      vertex -37.0926 -0.35 12.1399
      vertex -36.5074 -0.35 12.1399
      vertex -36.8 -0.35 12.1687
    endloop
  endfacet
  facet normal 0 -1 0
    outer loop
      vertex -37.374 -0.35 12.0546
      vertex -36.5074 -0.35 12.1399
      vertex -37.0926 -0.35 12.1399
    endloop
  endfacet
  facet normal 0 -1 0
    outer loop
      vertex -37.374 -0.35 12.0546
      vertex -36.226 -0.35 12.0546
      vertex -36.5074 -0.35 12.1399
    endloop
  endfacet
  facet normal 0 -1 0
    outer loop
      vertex -37.6334 -0.35 11.916
      vertex -36.226 -0.35 12.0546
      vertex -37.374 -0.35 12.0546
    endloop
  endfacet
  facet normal 0 -1 0
    outer loop
      vertex -37.6334 -0.35 11.916
      vertex -35.9666 -0.35 11.916
      vertex -36.226 -0.35 12.0546
    endloop
  endfacet
  facet normal 0 -1 0
    outer loop
      vertex -37.8607 -0.35 11.7294
      vertex -35.9666 -0.35 11.916
      vertex -37.6334 -0.35 11.916
    endloop
  endfacet
  facet normal 0 -1 0
    outer loop
      vertex -37.8607 -0.35 11.7294
      vertex -35.7393 -0.35 11.7294
      vertex -35.9666 -0.35 11.916
    endloop
  endfacet
  facet normal 0 -1 0
    outer loop
      vertex -38.0472 -0.35 11.5021
      vertex -35.7393 -0.35 11.7294
      vertex -37.8607 -0.35 11.7294
    endloop
  endfacet
  facet normal 0 -1 0
    outer loop
      vertex -38.0472 -0.35 11.5021
      vertex -35.5528 -0.35 11.5021
      vertex -35.7393 -0.35 11.7294
    endloop
  endfacet
  facet normal 0 -1 0
    outer loop
      vertex -38.1858 -0.35 11.2428
      vertex -35.5528 -0.35 11.5021
      vertex -38.0472 -0.35 11.5021
    endloop
  endfacet
  facet normal 0 -1 0
    outer loop
      vertex -38.1858 -0.35 11.2428
      vertex -35.4142 -0.35 11.2428
      vertex -35.5528 -0.35 11.5021
    endloop
  endfacet
  facet normal 0 -1 0
    outer loop
      vertex -38.2712 -0.35 10.9614
      vertex -35.4142 -0.35 11.2428
      vertex -38.1858 -0.35 11.2428
    endloop
  endfacet
  facet normal 0 -1 0
    outer loop
      vertex -38.2712 -0.35 10.9614
      vertex -35.3288 -0.35 10.9614
      vertex -35.4142 -0.35 11.2428
    endloop
  endfacet
  facet normal 0 -1 0
    outer loop
      vertex -38.2969 -0.35 10.6375
      vertex -38.2712 -0.35 10.9614
      vertex -38.3 -0.35 10.6687
    endloop
  endfacet
  facet normal 0 -1 -0
    outer loop
      vertex -38.2712 -0.35 10.9614
      vertex -38.2969 -0.35 10.6375
      vertex -35.3288 -0.35 10.9614
    endloop
  endfacet
  facet normal 0 -1 0
    outer loop
      vertex -35.3031 -0.35 10.6375
      vertex -35.3288 -0.35 10.9614
      vertex -38.2969 -0.35 10.6375
    endloop
  endfacet
  facet normal 0 -1 0
    outer loop
      vertex -35.3288 -0.35 10.9614
      vertex -35.3031 -0.35 10.6375
      vertex -35.3 -0.35 10.6687
    endloop
  endfacet
  facet normal 0.634515 0 0.772911
    outer loop
      vertex -35.9666 9.65 11.916
      vertex -35.7393 -0.35 11.7294
      vertex -35.7393 9.65 11.7294
    endloop
  endfacet
  facet normal 0.634515 0 0.772911
    outer loop
      vertex -35.7393 -0.35 11.7294
      vertex -35.9666 9.65 11.916
      vertex -35.9666 -0.35 11.916
    endloop
  endfacet
  facet normal -0.471259 0 0.881995
    outer loop
      vertex -37.6334 9.65 11.916
      vertex -37.374 -0.35 12.0546
      vertex -37.374 9.65 12.0546
    endloop
  endfacet
  facet normal -0.471259 0 0.881995
    outer loop
      vertex -37.374 -0.35 12.0546
      vertex -37.6334 9.65 11.916
      vertex -37.6334 -0.35 11.916
    endloop
  endfacet
  facet normal 0.881919 -0 0.4714
    outer loop
      vertex -35.5528 -0.35 11.5021
      vertex -35.4142 9.65 11.2428
      vertex -35.5528 9.65 11.5021
    endloop
  endfacet
  facet normal 0.881919 0 0.4714
    outer loop
      vertex -35.4142 9.65 11.2428
      vertex -35.5528 -0.35 11.5021
      vertex -35.4142 -0.35 11.2428
    endloop
  endfacet
  facet normal 0.995194 -0 0.0979214
    outer loop
      vertex -35.3288 -0.35 10.9614
      vertex -35.3 9.65 10.6687
      vertex -35.3288 9.65 10.9614
    endloop
  endfacet
  facet normal 0.995194 0 0.0979214
    outer loop
      vertex -35.3 9.65 10.6687
      vertex -35.3288 -0.35 10.9614
      vertex -35.3 -0.35 10.6687
    endloop
  endfacet
  facet normal -0.634515 0 0.772911
    outer loop
      vertex -37.8607 9.65 11.7294
      vertex -37.6334 -0.35 11.916
      vertex -37.6334 9.65 11.916
    endloop
  endfacet
  facet normal -0.634515 0 0.772911
    outer loop
      vertex -37.6334 -0.35 11.916
      vertex -37.8607 9.65 11.7294
      vertex -37.8607 -0.35 11.7294
    endloop
  endfacet
  facet normal 0.956904 -0 0.290404
    outer loop
      vertex -35.4142 -0.35 11.2428
      vertex -35.3288 9.65 10.9614
      vertex -35.4142 9.65 11.2428
    endloop
  endfacet
  facet normal 0.956904 0 0.290404
    outer loop
      vertex -35.3288 9.65 10.9614
      vertex -35.4142 -0.35 11.2428
      vertex -35.3288 -0.35 10.9614
    endloop
  endfacet
  facet normal -0.290092 0 0.956999
    outer loop
      vertex -37.374 9.65 12.0546
      vertex -37.0926 -0.35 12.1399
      vertex -37.0926 9.65 12.1399
    endloop
  endfacet
  facet normal -0.290092 0 0.956999
    outer loop
      vertex -37.0926 -0.35 12.1399
      vertex -37.374 9.65 12.0546
      vertex -37.374 -0.35 12.0546
    endloop
  endfacet
  facet normal 0.9951 0 -0.0988721
    outer loop
      vertex -35.3 -0.35 10.6687
      vertex -35.3031 9.65 10.6375
      vertex -35.3 9.65 10.6687
    endloop
  endfacet
  facet normal 0.9951 0 -0.0988721
    outer loop
      vertex -35.3031 9.65 10.6375
      vertex -35.3 -0.35 10.6687
      vertex -35.3031 -0.35 10.6375
    endloop
  endfacet
  facet normal 0.290092 0 0.956999
    outer loop
      vertex -36.5074 9.65 12.1399
      vertex -36.226 -0.35 12.0546
      vertex -36.226 9.65 12.0546
    endloop
  endfacet
  facet normal 0.290092 0 0.956999
    outer loop
      vertex -36.226 -0.35 12.0546
      vertex -36.5074 9.65 12.1399
      vertex -36.5074 -0.35 12.1399
    endloop
  endfacet
  facet normal -0.995194 0 0.0979214
    outer loop
      vertex -38.3 -0.35 10.6687
      vertex -38.2712 9.65 10.9614
      vertex -38.3 9.65 10.6687
    endloop
  endfacet
  facet normal -0.995194 0 0.0979214
    outer loop
      vertex -38.2712 9.65 10.9614
      vertex -38.3 -0.35 10.6687
      vertex -38.2712 -0.35 10.9614
    endloop
  endfacet
  facet normal 0.0979545 0 0.995191
    outer loop
      vertex -36.8 9.65 12.1687
      vertex -36.5074 -0.35 12.1399
      vertex -36.5074 9.65 12.1399
    endloop
  endfacet
  facet normal 0.0979545 0 0.995191
    outer loop
      vertex -36.5074 -0.35 12.1399
      vertex -36.8 9.65 12.1687
      vertex -36.8 -0.35 12.1687
    endloop
  endfacet
  facet normal 0.471259 0 0.881995
    outer loop
      vertex -36.226 9.65 12.0546
      vertex -35.9666 -0.35 11.916
      vertex -35.9666 9.65 11.916
    endloop
  endfacet
  facet normal 0.471259 0 0.881995
    outer loop
      vertex -35.9666 -0.35 11.916
      vertex -36.226 9.65 12.0546
      vertex -36.226 -0.35 12.0546
    endloop
  endfacet
  facet normal 0.773078 -0 0.634311
    outer loop
      vertex -35.7393 -0.35 11.7294
      vertex -35.5528 9.65 11.5021
      vertex -35.7393 9.65 11.7294
    endloop
  endfacet
  facet normal 0.773078 0 0.634311
    outer loop
      vertex -35.5528 9.65 11.5021
      vertex -35.7393 -0.35 11.7294
      vertex -35.5528 -0.35 11.5021
    endloop
  endfacet
  facet normal -0.773078 0 0.634311
    outer loop
      vertex -38.0472 -0.35 11.5021
      vertex -37.8607 9.65 11.7294
      vertex -38.0472 9.65 11.5021
    endloop
  endfacet
  facet normal -0.773078 0 0.634311
    outer loop
      vertex -37.8607 9.65 11.7294
      vertex -38.0472 -0.35 11.5021
      vertex -37.8607 -0.35 11.7294
    endloop
  endfacet
  facet normal -0.881919 0 0.4714
    outer loop
      vertex -38.1858 -0.35 11.2428
      vertex -38.0472 9.65 11.5021
      vertex -38.1858 9.65 11.2428
    endloop
  endfacet
  facet normal -0.881919 0 0.4714
    outer loop
      vertex -38.0472 9.65 11.5021
      vertex -38.1858 -0.35 11.2428
      vertex -38.0472 -0.35 11.5021
    endloop
  endfacet
  facet normal -0.9951 0 -0.0988721
    outer loop
      vertex -38.2969 -0.35 10.6375
      vertex -38.3 9.65 10.6687
      vertex -38.2969 9.65 10.6375
    endloop
  endfacet
  facet normal -0.9951 -0 -0.0988721
    outer loop
      vertex -38.3 9.65 10.6687
      vertex -38.2969 -0.35 10.6375
      vertex -38.3 -0.35 10.6687
    endloop
  endfacet
  facet normal -0.0979545 0 0.995191
    outer loop
      vertex -37.0926 9.65 12.1399
      vertex -36.8 -0.35 12.1687
      vertex -36.8 9.65 12.1687
    endloop
  endfacet
  facet normal -0.0979545 0 0.995191
    outer loop
      vertex -36.8 -0.35 12.1687
      vertex -37.0926 9.65 12.1399
      vertex -37.0926 -0.35 12.1399
    endloop
  endfacet
  facet normal -0.956904 0 0.290404
    outer loop
      vertex -38.2712 -0.35 10.9614
      vertex -38.1858 9.65 11.2428
      vertex -38.2712 9.65 10.9614
    endloop
  endfacet
  facet normal -0.956904 0 0.290404
    outer loop
      vertex -38.1858 9.65 11.2428
      vertex -38.2712 -0.35 10.9614
      vertex -38.1858 -0.35 11.2428
    endloop
  endfacet
  facet normal -0 0 1
    outer loop
      vertex 38.2969 -4.25 10.6375
      vertex 38.3 -14.25 10.6375
      vertex 38.3 -4.25 10.6375
    endloop
  endfacet
  facet normal 0 0 1
    outer loop
      vertex 38.3 -14.25 10.6375
      vertex 38.2969 -4.25 10.6375
      vertex 38.2969 -14.25 10.6375
    endloop
  endfacet
  facet normal -0 0 1
    outer loop
      vertex 35.3 -4.25 10.6375
      vertex 35.3031 -14.25 10.6375
      vertex 35.3031 -4.25 10.6375
    endloop
  endfacet
  facet normal 0 0 1
    outer loop
      vertex 35.3031 -14.25 10.6375
      vertex 35.3 -4.25 10.6375
      vertex 35.3 -14.25 10.6375
    endloop
  endfacet
  facet normal -1 0 0
    outer loop
      vertex 35.3 -14.25 2.00241
      vertex 35.3 -4.25 10.6375
      vertex 35.3 -4.25 2.00241
    endloop
  endfacet
  facet normal -1 -0 0
    outer loop
      vertex 35.3 -4.25 10.6375
      vertex 35.3 -14.25 2.00241
      vertex 35.3 -14.25 10.6375
    endloop
  endfacet
  facet normal 1 -0 0
    outer loop
      vertex 38.3 -14.25 10.6375
      vertex 38.3 -4.25 2.28613
      vertex 38.3 -4.25 10.6375
    endloop
  endfacet
  facet normal 1 0 0
    outer loop
      vertex 38.3 -4.25 2.28613
      vertex 38.3 -14.25 10.6375
      vertex 38.3 -14.25 2.28613
    endloop
  endfacet
  facet normal 0 -1 0
    outer loop
      vertex 35.3 -14.25 2.00241
      vertex 35.3031 -14.25 10.6375
      vertex 35.3 -14.25 10.6375
    endloop
  endfacet
  facet normal 0 -1 0
    outer loop
      vertex 35.3031 -14.25 10.6375
      vertex 38.3 -14.25 2.28613
      vertex 38.2969 -14.25 10.6375
    endloop
  endfacet
  facet normal 0 -1 0
    outer loop
      vertex 38.2969 -14.25 10.6375
      vertex 38.3 -14.25 2.28613
      vertex 38.3 -14.25 10.6375
    endloop
  endfacet
  facet normal 0 -1 -0
    outer loop
      vertex 35.3031 -14.25 10.6375
      vertex 35.3 -14.25 2.00241
      vertex 38.3 -14.25 2.28613
    endloop
  endfacet
  facet normal 0 -1 0
    outer loop
      vertex 37.899 -14.25 2.00241
      vertex 38.3 -14.25 2.28613
      vertex 35.3 -14.25 2.00241
    endloop
  endfacet
  facet normal -0 -1 0
    outer loop
      vertex 38.1672 -14.25 2.11349
      vertex 38.3 -14.25 2.28613
      vertex 37.899 -14.25 2.00241
    endloop
  endfacet
  facet normal 0 -1 0
    outer loop
      vertex 38.3 -14.25 2.28613
      vertex 38.2365 -14.25 2.1828
      vertex 38.291 -14.25 2.2643
    endloop
  endfacet
  facet normal 0 -1 0
    outer loop
      vertex 38.1672 -14.25 2.11349
      vertex 37.899 -14.25 2.00241
      vertex 38.0857 -14.25 2.05904
    endloop
  endfacet
  facet normal 0 -1 0
    outer loop
      vertex 38.3 -14.25 2.28613
      vertex 38.1672 -14.25 2.11349
      vertex 38.2365 -14.25 2.1828
    endloop
  endfacet
  facet normal 0 -1 0
    outer loop
      vertex 38.0857 -14.25 2.05904
      vertex 37.899 -14.25 2.00241
      vertex 37.9951 -14.25 2.02153
    endloop
  endfacet
  facet normal 0 -1 0
    outer loop
      vertex 36.5074 -14.25 12.1399
      vertex 37.0926 -14.25 12.1399
      vertex 36.8 -14.25 12.1687
    endloop
  endfacet
  facet normal 0 -1 0
    outer loop
      vertex 36.226 -14.25 12.0546
      vertex 37.0926 -14.25 12.1399
      vertex 36.5074 -14.25 12.1399
    endloop
  endfacet
  facet normal 0 -1 0
    outer loop
      vertex 36.226 -14.25 12.0546
      vertex 37.374 -14.25 12.0546
      vertex 37.0926 -14.25 12.1399
    endloop
  endfacet
  facet normal 0 -1 0
    outer loop
      vertex 35.9666 -14.25 11.916
      vertex 37.374 -14.25 12.0546
      vertex 36.226 -14.25 12.0546
    endloop
  endfacet
  facet normal 0 -1 0
    outer loop
      vertex 35.9666 -14.25 11.916
      vertex 37.6334 -14.25 11.916
      vertex 37.374 -14.25 12.0546
    endloop
  endfacet
  facet normal 0 -1 0
    outer loop
      vertex 35.7393 -14.25 11.7294
      vertex 37.6334 -14.25 11.916
      vertex 35.9666 -14.25 11.916
    endloop
  endfacet
  facet normal 0 -1 0
    outer loop
      vertex 35.7393 -14.25 11.7294
      vertex 37.8607 -14.25 11.7294
      vertex 37.6334 -14.25 11.916
    endloop
  endfacet
  facet normal 0 -1 0
    outer loop
      vertex 35.5528 -14.25 11.5021
      vertex 37.8607 -14.25 11.7294
      vertex 35.7393 -14.25 11.7294
    endloop
  endfacet
  facet normal 0 -1 0
    outer loop
      vertex 35.5528 -14.25 11.5021
      vertex 38.0472 -14.25 11.5021
      vertex 37.8607 -14.25 11.7294
    endloop
  endfacet
  facet normal 0 -1 0
    outer loop
      vertex 35.4142 -14.25 11.2428
      vertex 38.0472 -14.25 11.5021
      vertex 35.5528 -14.25 11.5021
    endloop
  endfacet
  facet normal 0 -1 0
    outer loop
      vertex 35.4142 -14.25 11.2428
      vertex 38.1858 -14.25 11.2428
      vertex 38.0472 -14.25 11.5021
    endloop
  endfacet
  facet normal 0 -1 0
    outer loop
      vertex 35.3288 -14.25 10.9614
      vertex 38.1858 -14.25 11.2428
      vertex 35.4142 -14.25 11.2428
    endloop
  endfacet
  facet normal 0 -1 0
    outer loop
      vertex 35.3288 -14.25 10.9614
      vertex 38.2712 -14.25 10.9614
      vertex 38.1858 -14.25 11.2428
    endloop
  endfacet
  facet normal 0 -1 0
    outer loop
      vertex 35.3031 -14.25 10.6375
      vertex 35.3288 -14.25 10.9614
      vertex 35.3 -14.25 10.6687
    endloop
  endfacet
  facet normal 0 -1 -0
    outer loop
      vertex 35.3288 -14.25 10.9614
      vertex 35.3031 -14.25 10.6375
      vertex 38.2712 -14.25 10.9614
    endloop
  endfacet
  facet normal 0 -1 0
    outer loop
      vertex 38.2969 -14.25 10.6375
      vertex 38.2712 -14.25 10.9614
      vertex 35.3031 -14.25 10.6375
    endloop
  endfacet
  facet normal 0 -1 0
    outer loop
      vertex 38.2712 -14.25 10.9614
      vertex 38.2969 -14.25 10.6375
      vertex 38.3 -14.25 10.6687
    endloop
  endfacet
  facet normal 0 1 -0
    outer loop
      vertex 38.3 -4.25 2.28613
      vertex 38.2969 -4.25 10.6375
      vertex 38.3 -4.25 10.6375
    endloop
  endfacet
  facet normal 0 1 0
    outer loop
      vertex 38.2969 -4.25 10.6375
      vertex 38.3 -4.25 2.28613
      vertex 35.3031 -4.25 10.6375
    endloop
  endfacet
  facet normal 0 1 0
    outer loop
      vertex 35.3 -4.25 2.00241
      vertex 35.3031 -4.25 10.6375
      vertex 38.3 -4.25 2.28613
    endloop
  endfacet
  facet normal 0 1 0
    outer loop
      vertex 38.2365 -4.25 2.1828
      vertex 38.3 -4.25 2.28613
      vertex 38.291 -4.25 2.2643
    endloop
  endfacet
  facet normal 0 1 0
    outer loop
      vertex 38.1672 -4.25 2.11349
      vertex 38.3 -4.25 2.28613
      vertex 38.2365 -4.25 2.1828
    endloop
  endfacet
  facet normal 0 1 0
    outer loop
      vertex 38.3 -4.25 2.28613
      vertex 38.1672 -4.25 2.11349
      vertex 37.899 -4.25 2.00241
    endloop
  endfacet
  facet normal 0 1 0
    outer loop
      vertex 37.899 -4.25 2.00241
      vertex 38.1672 -4.25 2.11349
      vertex 38.0857 -4.25 2.05904
    endloop
  endfacet
  facet normal 0 1 0
    outer loop
      vertex 37.899 -4.25 2.00241
      vertex 38.0857 -4.25 2.05904
      vertex 37.9951 -4.25 2.02153
    endloop
  endfacet
  facet normal 0 1 0
    outer loop
      vertex 38.3 -4.25 2.28613
      vertex 37.899 -4.25 2.00241
      vertex 35.3 -4.25 2.00241
    endloop
  endfacet
  facet normal 0 1 0
    outer loop
      vertex 35.3031 -4.25 10.6375
      vertex 35.3 -4.25 2.00241
      vertex 35.3 -4.25 10.6375
    endloop
  endfacet
  facet normal 0 1 0
    outer loop
      vertex 37.0926 -4.25 12.1399
      vertex 36.5074 -4.25 12.1399
      vertex 36.8 -4.25 12.1687
    endloop
  endfacet
  facet normal 0 1 0
    outer loop
      vertex 37.374 -4.25 12.0546
      vertex 36.5074 -4.25 12.1399
      vertex 37.0926 -4.25 12.1399
    endloop
  endfacet
  facet normal 0 1 0
    outer loop
      vertex 37.374 -4.25 12.0546
      vertex 36.226 -4.25 12.0546
      vertex 36.5074 -4.25 12.1399
    endloop
  endfacet
  facet normal 0 1 0
    outer loop
      vertex 37.6334 -4.25 11.916
      vertex 36.226 -4.25 12.0546
      vertex 37.374 -4.25 12.0546
    endloop
  endfacet
  facet normal 0 1 0
    outer loop
      vertex 37.6334 -4.25 11.916
      vertex 35.9666 -4.25 11.916
      vertex 36.226 -4.25 12.0546
    endloop
  endfacet
  facet normal 0 1 0
    outer loop
      vertex 37.8607 -4.25 11.7294
      vertex 35.9666 -4.25 11.916
      vertex 37.6334 -4.25 11.916
    endloop
  endfacet
  facet normal 0 1 0
    outer loop
      vertex 37.8607 -4.25 11.7294
      vertex 35.7393 -4.25 11.7294
      vertex 35.9666 -4.25 11.916
    endloop
  endfacet
  facet normal 0 1 0
    outer loop
      vertex 38.0472 -4.25 11.5021
      vertex 35.7393 -4.25 11.7294
      vertex 37.8607 -4.25 11.7294
    endloop
  endfacet
  facet normal 0 1 0
    outer loop
      vertex 38.0472 -4.25 11.5021
      vertex 35.5528 -4.25 11.5021
      vertex 35.7393 -4.25 11.7294
    endloop
  endfacet
  facet normal 0 1 0
    outer loop
      vertex 38.1858 -4.25 11.2428
      vertex 35.5528 -4.25 11.5021
      vertex 38.0472 -4.25 11.5021
    endloop
  endfacet
  facet normal 0 1 0
    outer loop
      vertex 38.1858 -4.25 11.2428
      vertex 35.4142 -4.25 11.2428
      vertex 35.5528 -4.25 11.5021
    endloop
  endfacet
  facet normal 0 1 0
    outer loop
      vertex 38.2712 -4.25 10.9614
      vertex 35.4142 -4.25 11.2428
      vertex 38.1858 -4.25 11.2428
    endloop
  endfacet
  facet normal 0 1 0
    outer loop
      vertex 38.2712 -4.25 10.9614
      vertex 35.3288 -4.25 10.9614
      vertex 35.4142 -4.25 11.2428
    endloop
  endfacet
  facet normal 0 1 -0
    outer loop
      vertex 38.2969 -4.25 10.6375
      vertex 38.2712 -4.25 10.9614
      vertex 38.3 -4.25 10.6687
    endloop
  endfacet
  facet normal 0 1 0
    outer loop
      vertex 38.2712 -4.25 10.9614
      vertex 38.2969 -4.25 10.6375
      vertex 35.3288 -4.25 10.9614
    endloop
  endfacet
  facet normal 0 1 0
    outer loop
      vertex 35.3031 -4.25 10.6375
      vertex 35.3288 -4.25 10.9614
      vertex 38.2969 -4.25 10.6375
    endloop
  endfacet
  facet normal 0 1 0
    outer loop
      vertex 35.3288 -4.25 10.9614
      vertex 35.3031 -4.25 10.6375
      vertex 35.3 -4.25 10.6687
    endloop
  endfacet
  facet normal -0.995194 0 0.0979214
    outer loop
      vertex 35.3 -14.25 10.6687
      vertex 35.3288 -4.25 10.9614
      vertex 35.3 -4.25 10.6687
    endloop
  endfacet
  facet normal -0.995194 0 0.0979214
    outer loop
      vertex 35.3288 -4.25 10.9614
      vertex 35.3 -14.25 10.6687
      vertex 35.3288 -14.25 10.9614
    endloop
  endfacet
  facet normal 0.956904 -0 0.290404
    outer loop
      vertex 38.1858 -14.25 11.2428
      vertex 38.2712 -4.25 10.9614
      vertex 38.1858 -4.25 11.2428
    endloop
  endfacet
  facet normal 0.956904 0 0.290404
    outer loop
      vertex 38.2712 -4.25 10.9614
      vertex 38.1858 -14.25 11.2428
      vertex 38.2712 -14.25 10.9614
    endloop
  endfacet
  facet normal 0.995194 -0 0.0979214
    outer loop
      vertex 38.2712 -14.25 10.9614
      vertex 38.3 -4.25 10.6687
      vertex 38.2712 -4.25 10.9614
    endloop
  endfacet
  facet normal 0.995194 0 0.0979214
    outer loop
      vertex 38.3 -4.25 10.6687
      vertex 38.2712 -14.25 10.9614
      vertex 38.3 -14.25 10.6687
    endloop
  endfacet
  facet normal 0.773078 -0 0.634311
    outer loop
      vertex 37.8607 -14.25 11.7294
      vertex 38.0472 -4.25 11.5021
      vertex 37.8607 -4.25 11.7294
    endloop
  endfacet
  facet normal 0.773078 0 0.634311
    outer loop
      vertex 38.0472 -4.25 11.5021
      vertex 37.8607 -14.25 11.7294
      vertex 38.0472 -14.25 11.5021
    endloop
  endfacet
  facet normal 0.9951 0 -0.0988721
    outer loop
      vertex 38.3 -14.25 10.6687
      vertex 38.2969 -4.25 10.6375
      vertex 38.3 -4.25 10.6687
    endloop
  endfacet
  facet normal 0.9951 0 -0.0988721
    outer loop
      vertex 38.2969 -4.25 10.6375
      vertex 38.3 -14.25 10.6687
      vertex 38.2969 -14.25 10.6375
    endloop
  endfacet
  facet normal 0.881919 -0 0.4714
    outer loop
      vertex 38.0472 -14.25 11.5021
      vertex 38.1858 -4.25 11.2428
      vertex 38.0472 -4.25 11.5021
    endloop
  endfacet
  facet normal 0.881919 0 0.4714
    outer loop
      vertex 38.1858 -4.25 11.2428
      vertex 38.0472 -14.25 11.5021
      vertex 38.1858 -14.25 11.2428
    endloop
  endfacet
  facet normal 0.0979545 0 0.995191
    outer loop
      vertex 36.8 -4.25 12.1687
      vertex 37.0926 -14.25 12.1399
      vertex 37.0926 -4.25 12.1399
    endloop
  endfacet
  facet normal 0.0979545 0 0.995191
    outer loop
      vertex 37.0926 -14.25 12.1399
      vertex 36.8 -4.25 12.1687
      vertex 36.8 -14.25 12.1687
    endloop
  endfacet
  facet normal 0.471259 0 0.881995
    outer loop
      vertex 37.374 -4.25 12.0546
      vertex 37.6334 -14.25 11.916
      vertex 37.6334 -4.25 11.916
    endloop
  endfacet
  facet normal 0.471259 0 0.881995
    outer loop
      vertex 37.6334 -14.25 11.916
      vertex 37.374 -4.25 12.0546
      vertex 37.374 -14.25 12.0546
    endloop
  endfacet
  facet normal -0.9951 0 -0.0988721
    outer loop
      vertex 35.3031 -14.25 10.6375
      vertex 35.3 -4.25 10.6687
      vertex 35.3031 -4.25 10.6375
    endloop
  endfacet
  facet normal -0.9951 -0 -0.0988721
    outer loop
      vertex 35.3 -4.25 10.6687
      vertex 35.3031 -14.25 10.6375
      vertex 35.3 -14.25 10.6687
    endloop
  endfacet
  facet normal -0.0979545 0 0.995191
    outer loop
      vertex 36.5074 -4.25 12.1399
      vertex 36.8 -14.25 12.1687
      vertex 36.8 -4.25 12.1687
    endloop
  endfacet
  facet normal -0.0979545 0 0.995191
    outer loop
      vertex 36.8 -14.25 12.1687
      vertex 36.5074 -4.25 12.1399
      vertex 36.5074 -14.25 12.1399
    endloop
  endfacet
  facet normal 0.290092 0 0.956999
    outer loop
      vertex 37.0926 -4.25 12.1399
      vertex 37.374 -14.25 12.0546
      vertex 37.374 -4.25 12.0546
    endloop
  endfacet
  facet normal 0.290092 0 0.956999
    outer loop
      vertex 37.374 -14.25 12.0546
      vertex 37.0926 -4.25 12.1399
      vertex 37.0926 -14.25 12.1399
    endloop
  endfacet
  facet normal -0.471259 0 0.881995
    outer loop
      vertex 35.9666 -4.25 11.916
      vertex 36.226 -14.25 12.0546
      vertex 36.226 -4.25 12.0546
    endloop
  endfacet
  facet normal -0.471259 0 0.881995
    outer loop
      vertex 36.226 -14.25 12.0546
      vertex 35.9666 -4.25 11.916
      vertex 35.9666 -14.25 11.916
    endloop
  endfacet
  facet normal -0.634515 0 0.772911
    outer loop
      vertex 35.7393 -4.25 11.7294
      vertex 35.9666 -14.25 11.916
      vertex 35.9666 -4.25 11.916
    endloop
  endfacet
  facet normal -0.634515 0 0.772911
    outer loop
      vertex 35.9666 -14.25 11.916
      vertex 35.7393 -4.25 11.7294
      vertex 35.7393 -14.25 11.7294
    endloop
  endfacet
  facet normal -0.956904 0 0.290404
    outer loop
      vertex 35.3288 -14.25 10.9614
      vertex 35.4142 -4.25 11.2428
      vertex 35.3288 -4.25 10.9614
    endloop
  endfacet
  facet normal -0.956904 0 0.290404
    outer loop
      vertex 35.4142 -4.25 11.2428
      vertex 35.3288 -14.25 10.9614
      vertex 35.4142 -14.25 11.2428
    endloop
  endfacet
  facet normal -0.881919 0 0.4714
    outer loop
      vertex 35.4142 -14.25 11.2428
      vertex 35.5528 -4.25 11.5021
      vertex 35.4142 -4.25 11.2428
    endloop
  endfacet
  facet normal -0.881919 0 0.4714
    outer loop
      vertex 35.5528 -4.25 11.5021
      vertex 35.4142 -14.25 11.2428
      vertex 35.5528 -14.25 11.5021
    endloop
  endfacet
  facet normal 0.634515 0 0.772911
    outer loop
      vertex 37.6334 -4.25 11.916
      vertex 37.8607 -14.25 11.7294
      vertex 37.8607 -4.25 11.7294
    endloop
  endfacet
  facet normal 0.634515 0 0.772911
    outer loop
      vertex 37.8607 -14.25 11.7294
      vertex 37.6334 -4.25 11.916
      vertex 37.6334 -14.25 11.916
    endloop
  endfacet
  facet normal -0.290092 0 0.956999
    outer loop
      vertex 36.226 -4.25 12.0546
      vertex 36.5074 -14.25 12.1399
      vertex 36.5074 -4.25 12.1399
    endloop
  endfacet
  facet normal -0.290092 0 0.956999
    outer loop
      vertex 36.5074 -14.25 12.1399
      vertex 36.226 -4.25 12.0546
      vertex 36.226 -14.25 12.0546
    endloop
  endfacet
  facet normal -0.773078 0 0.634311
    outer loop
      vertex 35.5528 -14.25 11.5021
      vertex 35.7393 -4.25 11.7294
      vertex 35.5528 -4.25 11.5021
    endloop
  endfacet
  facet normal -0.773078 0 0.634311
    outer loop
      vertex 35.7393 -4.25 11.7294
      vertex 35.5528 -14.25 11.5021
      vertex 35.7393 -14.25 11.7294
    endloop
  endfacet
  facet normal -0 0 1
    outer loop
      vertex 38.2969 9.65 10.6375
      vertex 38.3 -0.35 10.6375
      vertex 38.3 9.65 10.6375
    endloop
  endfacet
  facet normal 0 0 1
    outer loop
      vertex 38.3 -0.35 10.6375
      vertex 38.2969 9.65 10.6375
      vertex 38.2969 -0.35 10.6375
    endloop
  endfacet
  facet normal -0 0 1
    outer loop
      vertex 35.3 9.65 10.6375
      vertex 35.3031 -0.35 10.6375
      vertex 35.3031 9.65 10.6375
    endloop
  endfacet
  facet normal 0 0 1
    outer loop
      vertex 35.3031 -0.35 10.6375
      vertex 35.3 9.65 10.6375
      vertex 35.3 -0.35 10.6375
    endloop
  endfacet
  facet normal 1 -0 0
    outer loop
      vertex 38.3 -0.35 10.6375
      vertex 38.3 9.65 2.28613
      vertex 38.3 9.65 10.6375
    endloop
  endfacet
  facet normal 1 0 0
    outer loop
      vertex 38.3 9.65 2.28613
      vertex 38.3 -0.35 10.6375
      vertex 38.3 -0.35 2.28613
    endloop
  endfacet
  facet normal 0 -1 0
    outer loop
      vertex 35.3 -0.35 2.00241
      vertex 35.3031 -0.35 10.6375
      vertex 35.3 -0.35 10.6375
    endloop
  endfacet
  facet normal 0 -1 0
    outer loop
      vertex 35.3031 -0.35 10.6375
      vertex 38.3 -0.35 2.28613
      vertex 38.2969 -0.35 10.6375
    endloop
  endfacet
  facet normal 0 -1 0
    outer loop
      vertex 38.2969 -0.35 10.6375
      vertex 38.3 -0.35 2.28613
      vertex 38.3 -0.35 10.6375
    endloop
  endfacet
  facet normal 0 -1 -0
    outer loop
      vertex 35.3031 -0.35 10.6375
      vertex 35.3 -0.35 2.00241
      vertex 38.3 -0.35 2.28613
    endloop
  endfacet
  facet normal 0 -1 0
    outer loop
      vertex 37.899 -0.35 2.00241
      vertex 38.3 -0.35 2.28613
      vertex 35.3 -0.35 2.00241
    endloop
  endfacet
  facet normal -0 -1 0
    outer loop
      vertex 38.1672 -0.35 2.11349
      vertex 38.3 -0.35 2.28613
      vertex 37.899 -0.35 2.00241
    endloop
  endfacet
  facet normal 0 -1 0
    outer loop
      vertex 38.3 -0.35 2.28613
      vertex 38.2365 -0.35 2.1828
      vertex 38.291 -0.35 2.2643
    endloop
  endfacet
  facet normal 0 -1 0
    outer loop
      vertex 38.1672 -0.35 2.11349
      vertex 37.899 -0.35 2.00241
      vertex 38.0857 -0.35 2.05904
    endloop
  endfacet
  facet normal 0 -1 0
    outer loop
      vertex 38.3 -0.35 2.28613
      vertex 38.1672 -0.35 2.11349
      vertex 38.2365 -0.35 2.1828
    endloop
  endfacet
  facet normal 0 -1 0
    outer loop
      vertex 38.0857 -0.35 2.05904
      vertex 37.899 -0.35 2.00241
      vertex 37.9951 -0.35 2.02153
    endloop
  endfacet
  facet normal 0 -1 0
    outer loop
      vertex 36.5074 -0.35 12.1399
      vertex 37.0926 -0.35 12.1399
      vertex 36.8 -0.35 12.1687
    endloop
  endfacet
  facet normal 0 -1 0
    outer loop
      vertex 36.226 -0.35 12.0546
      vertex 37.0926 -0.35 12.1399
      vertex 36.5074 -0.35 12.1399
    endloop
  endfacet
  facet normal 0 -1 0
    outer loop
      vertex 36.226 -0.35 12.0546
      vertex 37.374 -0.35 12.0546
      vertex 37.0926 -0.35 12.1399
    endloop
  endfacet
  facet normal 0 -1 0
    outer loop
      vertex 35.9666 -0.35 11.916
      vertex 37.374 -0.35 12.0546
      vertex 36.226 -0.35 12.0546
    endloop
  endfacet
  facet normal 0 -1 0
    outer loop
      vertex 35.9666 -0.35 11.916
      vertex 37.6334 -0.35 11.916
      vertex 37.374 -0.35 12.0546
    endloop
  endfacet
  facet normal 0 -1 0
    outer loop
      vertex 35.7393 -0.35 11.7294
      vertex 37.6334 -0.35 11.916
      vertex 35.9666 -0.35 11.916
    endloop
  endfacet
  facet normal 0 -1 0
    outer loop
      vertex 35.7393 -0.35 11.7294
      vertex 37.8607 -0.35 11.7294
      vertex 37.6334 -0.35 11.916
    endloop
  endfacet
  facet normal 0 -1 0
    outer loop
      vertex 35.5528 -0.35 11.5021
      vertex 37.8607 -0.35 11.7294
      vertex 35.7393 -0.35 11.7294
    endloop
  endfacet
  facet normal 0 -1 0
    outer loop
      vertex 35.5528 -0.35 11.5021
      vertex 38.0472 -0.35 11.5021
      vertex 37.8607 -0.35 11.7294
    endloop
  endfacet
  facet normal 0 -1 0
    outer loop
      vertex 35.4142 -0.35 11.2428
      vertex 38.0472 -0.35 11.5021
      vertex 35.5528 -0.35 11.5021
    endloop
  endfacet
  facet normal 0 -1 0
    outer loop
      vertex 35.4142 -0.35 11.2428
      vertex 38.1858 -0.35 11.2428
      vertex 38.0472 -0.35 11.5021
    endloop
  endfacet
  facet normal 0 -1 0
    outer loop
      vertex 35.3288 -0.35 10.9614
      vertex 38.1858 -0.35 11.2428
      vertex 35.4142 -0.35 11.2428
    endloop
  endfacet
  facet normal 0 -1 0
    outer loop
      vertex 35.3288 -0.35 10.9614
      vertex 38.2712 -0.35 10.9614
      vertex 38.1858 -0.35 11.2428
    endloop
  endfacet
  facet normal 0 -1 0
    outer loop
      vertex 35.3031 -0.35 10.6375
      vertex 35.3288 -0.35 10.9614
      vertex 35.3 -0.35 10.6687
    endloop
  endfacet
  facet normal 0 -1 -0
    outer loop
      vertex 35.3288 -0.35 10.9614
      vertex 35.3031 -0.35 10.6375
      vertex 38.2712 -0.35 10.9614
    endloop
  endfacet
  facet normal 0 -1 0
    outer loop
      vertex 38.2969 -0.35 10.6375
      vertex 38.2712 -0.35 10.9614
      vertex 35.3031 -0.35 10.6375
    endloop
  endfacet
  facet normal 0 -1 0
    outer loop
      vertex 38.2712 -0.35 10.9614
      vertex 38.2969 -0.35 10.6375
      vertex 38.3 -0.35 10.6687
    endloop
  endfacet
  facet normal 0 1 -0
    outer loop
      vertex 38.3 9.65 2.28613
      vertex 38.2969 9.65 10.6375
      vertex 38.3 9.65 10.6375
    endloop
  endfacet
  facet normal 0 1 0
    outer loop
      vertex 38.2969 9.65 10.6375
      vertex 38.3 9.65 2.28613
      vertex 35.3031 9.65 10.6375
    endloop
  endfacet
  facet normal 0 1 0
    outer loop
      vertex 35.3 9.65 2.00241
      vertex 35.3031 9.65 10.6375
      vertex 38.3 9.65 2.28613
    endloop
  endfacet
  facet normal 0 1 0
    outer loop
      vertex 38.2365 9.65 2.1828
      vertex 38.3 9.65 2.28613
      vertex 38.291 9.65 2.2643
    endloop
  endfacet
  facet normal 0 1 0
    outer loop
      vertex 38.1672 9.65 2.11349
      vertex 38.3 9.65 2.28613
      vertex 38.2365 9.65 2.1828
    endloop
  endfacet
  facet normal 0 1 0
    outer loop
      vertex 38.3 9.65 2.28613
      vertex 38.1672 9.65 2.11349
      vertex 37.899 9.65 2.00241
    endloop
  endfacet
  facet normal 0 1 0
    outer loop
      vertex 37.899 9.65 2.00241
      vertex 38.1672 9.65 2.11349
      vertex 38.0857 9.65 2.05904
    endloop
  endfacet
  facet normal 0 1 0
    outer loop
      vertex 37.899 9.65 2.00241
      vertex 38.0857 9.65 2.05904
      vertex 37.9951 9.65 2.02153
    endloop
  endfacet
  facet normal 0 1 0
    outer loop
      vertex 38.3 9.65 2.28613
      vertex 37.899 9.65 2.00241
      vertex 35.3 9.65 2.00241
    endloop
  endfacet
  facet normal 0 1 0
    outer loop
      vertex 35.3031 9.65 10.6375
      vertex 35.3 9.65 2.00241
      vertex 35.3 9.65 10.6375
    endloop
  endfacet
  facet normal 0 1 0
    outer loop
      vertex 37.0926 9.65 12.1399
      vertex 36.5074 9.65 12.1399
      vertex 36.8 9.65 12.1687
    endloop
  endfacet
  facet normal 0 1 0
    outer loop
      vertex 37.374 9.65 12.0546
      vertex 36.5074 9.65 12.1399
      vertex 37.0926 9.65 12.1399
    endloop
  endfacet
  facet normal 0 1 0
    outer loop
      vertex 37.374 9.65 12.0546
      vertex 36.226 9.65 12.0546
      vertex 36.5074 9.65 12.1399
    endloop
  endfacet
  facet normal 0 1 0
    outer loop
      vertex 37.6334 9.65 11.916
      vertex 36.226 9.65 12.0546
      vertex 37.374 9.65 12.0546
    endloop
  endfacet
  facet normal 0 1 0
    outer loop
      vertex 37.6334 9.65 11.916
      vertex 35.9666 9.65 11.916
      vertex 36.226 9.65 12.0546
    endloop
  endfacet
  facet normal 0 1 0
    outer loop
      vertex 37.8607 9.65 11.7294
      vertex 35.9666 9.65 11.916
      vertex 37.6334 9.65 11.916
    endloop
  endfacet
  facet normal 0 1 0
    outer loop
      vertex 37.8607 9.65 11.7294
      vertex 35.7393 9.65 11.7294
      vertex 35.9666 9.65 11.916
    endloop
  endfacet
  facet normal 0 1 0
    outer loop
      vertex 38.0472 9.65 11.5021
      vertex 35.7393 9.65 11.7294
      vertex 37.8607 9.65 11.7294
    endloop
  endfacet
  facet normal 0 1 0
    outer loop
      vertex 38.0472 9.65 11.5021
      vertex 35.5528 9.65 11.5021
      vertex 35.7393 9.65 11.7294
    endloop
  endfacet
  facet normal 0 1 0
    outer loop
      vertex 38.1858 9.65 11.2428
      vertex 35.5528 9.65 11.5021
      vertex 38.0472 9.65 11.5021
    endloop
  endfacet
  facet normal 0 1 0
    outer loop
      vertex 38.1858 9.65 11.2428
      vertex 35.4142 9.65 11.2428
      vertex 35.5528 9.65 11.5021
    endloop
  endfacet
  facet normal 0 1 0
    outer loop
      vertex 38.2712 9.65 10.9614
      vertex 35.4142 9.65 11.2428
      vertex 38.1858 9.65 11.2428
    endloop
  endfacet
  facet normal 0 1 0
    outer loop
      vertex 38.2712 9.65 10.9614
      vertex 35.3288 9.65 10.9614
      vertex 35.4142 9.65 11.2428
    endloop
  endfacet
  facet normal 0 1 -0
    outer loop
      vertex 38.2969 9.65 10.6375
      vertex 38.2712 9.65 10.9614
      vertex 38.3 9.65 10.6687
    endloop
  endfacet
  facet normal 0 1 0
    outer loop
      vertex 38.2712 9.65 10.9614
      vertex 38.2969 9.65 10.6375
      vertex 35.3288 9.65 10.9614
    endloop
  endfacet
  facet normal 0 1 0
    outer loop
      vertex 35.3031 9.65 10.6375
      vertex 35.3288 9.65 10.9614
      vertex 38.2969 9.65 10.6375
    endloop
  endfacet
  facet normal 0 1 0
    outer loop
      vertex 35.3288 9.65 10.9614
      vertex 35.3031 9.65 10.6375
      vertex 35.3 9.65 10.6687
    endloop
  endfacet
  facet normal -1 0 0
    outer loop
      vertex 35.3 -0.35 2.00241
      vertex 35.3 9.65 10.6375
      vertex 35.3 9.65 2.00241
    endloop
  endfacet
  facet normal -1 -0 0
    outer loop
      vertex 35.3 9.65 10.6375
      vertex 35.3 -0.35 2.00241
      vertex 35.3 -0.35 10.6375
    endloop
  endfacet
  facet normal 0.634515 0 0.772911
    outer loop
      vertex 37.6334 9.65 11.916
      vertex 37.8607 -0.35 11.7294
      vertex 37.8607 9.65 11.7294
    endloop
  endfacet
  facet normal 0.634515 0 0.772911
    outer loop
      vertex 37.8607 -0.35 11.7294
      vertex 37.6334 9.65 11.916
      vertex 37.6334 -0.35 11.916
    endloop
  endfacet
  facet normal -0.881919 0 0.4714
    outer loop
      vertex 35.4142 -0.35 11.2428
      vertex 35.5528 9.65 11.5021
      vertex 35.4142 9.65 11.2428
    endloop
  endfacet
  facet normal -0.881919 0 0.4714
    outer loop
      vertex 35.5528 9.65 11.5021
      vertex 35.4142 -0.35 11.2428
      vertex 35.5528 -0.35 11.5021
    endloop
  endfacet
  facet normal -0.471259 0 0.881995
    outer loop
      vertex 35.9666 9.65 11.916
      vertex 36.226 -0.35 12.0546
      vertex 36.226 9.65 12.0546
    endloop
  endfacet
  facet normal -0.471259 0 0.881995
    outer loop
      vertex 36.226 -0.35 12.0546
      vertex 35.9666 9.65 11.916
      vertex 35.9666 -0.35 11.916
    endloop
  endfacet
  facet normal 0.881919 -0 0.4714
    outer loop
      vertex 38.0472 -0.35 11.5021
      vertex 38.1858 9.65 11.2428
      vertex 38.0472 9.65 11.5021
    endloop
  endfacet
  facet normal 0.881919 0 0.4714
    outer loop
      vertex 38.1858 9.65 11.2428
      vertex 38.0472 -0.35 11.5021
      vertex 38.1858 -0.35 11.2428
    endloop
  endfacet
  facet normal 0.995194 -0 0.0979214
    outer loop
      vertex 38.2712 -0.35 10.9614
      vertex 38.3 9.65 10.6687
      vertex 38.2712 9.65 10.9614
    endloop
  endfacet
  facet normal 0.995194 0 0.0979214
    outer loop
      vertex 38.3 9.65 10.6687
      vertex 38.2712 -0.35 10.9614
      vertex 38.3 -0.35 10.6687
    endloop
  endfacet
  facet normal -0.634515 0 0.772911
    outer loop
      vertex 35.7393 9.65 11.7294
      vertex 35.9666 -0.35 11.916
      vertex 35.9666 9.65 11.916
    endloop
  endfacet
  facet normal -0.634515 0 0.772911
    outer loop
      vertex 35.9666 -0.35 11.916
      vertex 35.7393 9.65 11.7294
      vertex 35.7393 -0.35 11.7294
    endloop
  endfacet
  facet normal 0.956904 -0 0.290404
    outer loop
      vertex 38.1858 -0.35 11.2428
      vertex 38.2712 9.65 10.9614
      vertex 38.1858 9.65 11.2428
    endloop
  endfacet
  facet normal 0.956904 0 0.290404
    outer loop
      vertex 38.2712 9.65 10.9614
      vertex 38.1858 -0.35 11.2428
      vertex 38.2712 -0.35 10.9614
    endloop
  endfacet
  facet normal -0.290092 0 0.956999
    outer loop
      vertex 36.226 9.65 12.0546
      vertex 36.5074 -0.35 12.1399
      vertex 36.5074 9.65 12.1399
    endloop
  endfacet
  facet normal -0.290092 0 0.956999
    outer loop
      vertex 36.5074 -0.35 12.1399
      vertex 36.226 9.65 12.0546
      vertex 36.226 -0.35 12.0546
    endloop
  endfacet
  facet normal 0.9951 0 -0.0988721
    outer loop
      vertex 38.3 -0.35 10.6687
      vertex 38.2969 9.65 10.6375
      vertex 38.3 9.65 10.6687
    endloop
  endfacet
  facet normal 0.9951 0 -0.0988721
    outer loop
      vertex 38.2969 9.65 10.6375
      vertex 38.3 -0.35 10.6687
      vertex 38.2969 -0.35 10.6375
    endloop
  endfacet
  facet normal -0.995194 0 0.0979214
    outer loop
      vertex 35.3 -0.35 10.6687
      vertex 35.3288 9.65 10.9614
      vertex 35.3 9.65 10.6687
    endloop
  endfacet
  facet normal -0.995194 0 0.0979214
    outer loop
      vertex 35.3288 9.65 10.9614
      vertex 35.3 -0.35 10.6687
      vertex 35.3288 -0.35 10.9614
    endloop
  endfacet
  facet normal -0.773078 0 0.634311
    outer loop
      vertex 35.5528 -0.35 11.5021
      vertex 35.7393 9.65 11.7294
      vertex 35.5528 9.65 11.5021
    endloop
  endfacet
  facet normal -0.773078 0 0.634311
    outer loop
      vertex 35.7393 9.65 11.7294
      vertex 35.5528 -0.35 11.5021
      vertex 35.7393 -0.35 11.7294
    endloop
  endfacet
  facet normal 0.0979545 0 0.995191
    outer loop
      vertex 36.8 9.65 12.1687
      vertex 37.0926 -0.35 12.1399
      vertex 37.0926 9.65 12.1399
    endloop
  endfacet
  facet normal 0.0979545 0 0.995191
    outer loop
      vertex 37.0926 -0.35 12.1399
      vertex 36.8 9.65 12.1687
      vertex 36.8 -0.35 12.1687
    endloop
  endfacet
  facet normal 0.471259 0 0.881995
    outer loop
      vertex 37.374 9.65 12.0546
      vertex 37.6334 -0.35 11.916
      vertex 37.6334 9.65 11.916
    endloop
  endfacet
  facet normal 0.471259 0 0.881995
    outer loop
      vertex 37.6334 -0.35 11.916
      vertex 37.374 9.65 12.0546
      vertex 37.374 -0.35 12.0546
    endloop
  endfacet
  facet normal 0.773078 -0 0.634311
    outer loop
      vertex 37.8607 -0.35 11.7294
      vertex 38.0472 9.65 11.5021
      vertex 37.8607 9.65 11.7294
    endloop
  endfacet
  facet normal 0.773078 0 0.634311
    outer loop
      vertex 38.0472 9.65 11.5021
      vertex 37.8607 -0.35 11.7294
      vertex 38.0472 -0.35 11.5021
    endloop
  endfacet
  facet normal 0.290092 0 0.956999
    outer loop
      vertex 37.0926 9.65 12.1399
      vertex 37.374 -0.35 12.0546
      vertex 37.374 9.65 12.0546
    endloop
  endfacet
  facet normal 0.290092 0 0.956999
    outer loop
      vertex 37.374 -0.35 12.0546
      vertex 37.0926 9.65 12.1399
      vertex 37.0926 -0.35 12.1399
    endloop
  endfacet
  facet normal -0.9951 0 -0.0988721
    outer loop
      vertex 35.3031 -0.35 10.6375
      vertex 35.3 9.65 10.6687
      vertex 35.3031 9.65 10.6375
    endloop
  endfacet
  facet normal -0.9951 -0 -0.0988721
    outer loop
      vertex 35.3 9.65 10.6687
      vertex 35.3031 -0.35 10.6375
      vertex 35.3 -0.35 10.6687
    endloop
  endfacet
  facet normal -0.0979545 0 0.995191
    outer loop
      vertex 36.5074 9.65 12.1399
      vertex 36.8 -0.35 12.1687
      vertex 36.8 9.65 12.1687
    endloop
  endfacet
  facet normal -0.0979545 0 0.995191
    outer loop
      vertex 36.8 -0.35 12.1687
      vertex 36.5074 9.65 12.1399
      vertex 36.5074 -0.35 12.1399
    endloop
  endfacet
  facet normal -0.956904 0 0.290404
    outer loop
      vertex 35.3288 -0.35 10.9614
      vertex 35.4142 9.65 11.2428
      vertex 35.3288 9.65 10.9614
    endloop
  endfacet
  facet normal -0.956904 0 0.290404
    outer loop
      vertex 35.4142 9.65 11.2428
      vertex 35.3288 -0.35 10.9614
      vertex 35.4142 -0.35 11.2428
    endloop
  endfacet
  facet normal -1 0 0
    outer loop
      vertex 38.35 47.5 1
      vertex 38.35 48.3 9.1375
      vertex 38.35 48.3 1
    endloop
  endfacet
  facet normal -1 -0 0
    outer loop
      vertex 38.35 48.3 9.1375
      vertex 38.35 47.5 1
      vertex 38.35 47.5 9.1375
    endloop
  endfacet
  facet normal -0 0 1
    outer loop
      vertex -38.35 48.3 1
      vertex 38.35 47.5 1
      vertex 38.35 48.3 1
    endloop
  endfacet
  facet normal 0 0 1
    outer loop
      vertex 38.35 47.5 1
      vertex -38.35 48.3 1
      vertex -38.35 47.5 1
    endloop
  endfacet
  facet normal 1 -0 0
    outer loop
      vertex -38.35 47.5 9.1375
      vertex -38.35 48.3 1
      vertex -38.35 48.3 9.1375
    endloop
  endfacet
  facet normal 1 0 0
    outer loop
      vertex -38.35 48.3 1
      vertex -38.35 47.5 9.1375
      vertex -38.35 47.5 1
    endloop
  endfacet
  facet normal 0 -1 0
    outer loop
      vertex -38.35 48.3 9.1375
      vertex -37.15 48.3 2
      vertex -37.15 48.3 9.1375
    endloop
  endfacet
  facet normal 0 -1 -0
    outer loop
      vertex -37.15 48.3 2
      vertex -38.35 48.3 1
      vertex 37.15 48.3 2
    endloop
  endfacet
  facet normal 0 -1 0
    outer loop
      vertex -38.35 48.3 1
      vertex -37.15 48.3 2
      vertex -38.35 48.3 9.1375
    endloop
  endfacet
  facet normal 0 -1 0
    outer loop
      vertex 37.15 48.3 2
      vertex 38.35 48.3 9.1375
      vertex 37.15 48.3 9.1375
    endloop
  endfacet
  facet normal 0 -1 0
    outer loop
      vertex 37.15 48.3 2
      vertex 38.35 48.3 1
      vertex 38.35 48.3 9.1375
    endloop
  endfacet
  facet normal 0 -1 0
    outer loop
      vertex 38.35 48.3 1
      vertex 37.15 48.3 2
      vertex -38.35 48.3 1
    endloop
  endfacet
  facet normal 0 1 -0
    outer loop
      vertex 38.35 47.5 1
      vertex -38.35 47.5 9.1375
      vertex 38.35 47.5 9.1375
    endloop
  endfacet
  facet normal 0 1 0
    outer loop
      vertex -38.35 47.5 9.1375
      vertex 38.35 47.5 1
      vertex -38.35 47.5 1
    endloop
  endfacet
  facet normal -1 0 0
    outer loop
      vertex 37.15 48.3 2
      vertex 37.15 49.0964 9.1375
      vertex 37.15 49.0964 2
    endloop
  endfacet
  facet normal -1 -0 0
    outer loop
      vertex 37.15 49.0964 9.1375
      vertex 37.15 48.3 2
      vertex 37.15 48.3 9.1375
    endloop
  endfacet
  facet normal -0 0 1
    outer loop
      vertex -37.15 49.0964 2
      vertex 37.15 48.3 2
      vertex 37.15 49.0964 2
    endloop
  endfacet
  facet normal 0 0 1
    outer loop
      vertex 37.15 48.3 2
      vertex -37.15 49.0964 2
      vertex -37.15 48.3 2
    endloop
  endfacet
  facet normal 1 -0 0
    outer loop
      vertex -37.15 48.3 9.1375
      vertex -37.15 49.0964 2
      vertex -37.15 49.0964 9.1375
    endloop
  endfacet
  facet normal 1 0 0
    outer loop
      vertex -37.15 49.0964 2
      vertex -37.15 48.3 9.1375
      vertex -37.15 48.3 2
    endloop
  endfacet
  facet normal 0.995192 -0.0979479 0
    outer loop
      vertex -22.5625 7.1875 0.4
      vertex -22.5481 7.33381 0.0036108
      vertex -22.5481 7.33381 0.4
    endloop
  endfacet
  facet normal 0.995192 -0.0979479 0
    outer loop
      vertex -22.5481 7.33381 0.0036108
      vertex -22.5625 7.1875 0.4
      vertex -22.5625 7.1875 0.0036108
    endloop
  endfacet
  facet normal 0.881935 0.471372 0
    outer loop
      vertex -22.4361 1.14583 0.4
      vertex -22.5054 1.27549 0.0036108
      vertex -22.5054 1.27549 0.4
    endloop
  endfacet
  facet normal 0.881935 0.471372 0
    outer loop
      vertex -22.5054 1.27549 0.0036108
      vertex -22.4361 1.14583 0.4
      vertex -22.4361 1.14583 0.0036108
    endloop
  endfacet
  facet normal 1 -0 0
    outer loop
      vertex -22.5625 1.5625 0.4
      vertex -22.5625 7.1875 0.0036108
      vertex -22.5625 7.1875 0.4
    endloop
  endfacet
  facet normal 1 0 0
    outer loop
      vertex -22.5625 7.1875 0.0036108
      vertex -22.5625 1.5625 0.4
      vertex -22.5625 1.5625 0.0036108
    endloop
  endfacet
  facet normal 0.956904 0.290404 0
    outer loop
      vertex -22.5054 1.27549 0.4
      vertex -22.5481 1.41619 0.0036108
      vertex -22.5481 1.41619 0.4
    endloop
  endfacet
  facet normal 0.956904 0.290404 0
    outer loop
      vertex -22.5481 1.41619 0.0036108
      vertex -22.5054 1.27549 0.4
      vertex -22.5054 1.27549 0.0036108
    endloop
  endfacet
  facet normal 0.995192 0.0979479 0
    outer loop
      vertex -22.5481 1.41619 0.4
      vertex -22.5625 1.5625 0.0036108
      vertex -22.5625 1.5625 0.4
    endloop
  endfacet
  facet normal 0.995192 0.0979479 0
    outer loop
      vertex -22.5625 1.5625 0.0036108
      vertex -22.5481 1.41619 0.4
      vertex -22.5481 1.41619 0.0036108
    endloop
  endfacet
  facet normal 0 1 -0
    outer loop
      vertex -16.1875 0.8125 0.0036108
      vertex -21.8125 0.8125 0.4
      vertex -16.1875 0.8125 0.4
    endloop
  endfacet
  facet normal 0 1 0
    outer loop
      vertex -21.8125 0.8125 0.4
      vertex -16.1875 0.8125 0.0036108
      vertex -21.8125 0.8125 0.0036108
    endloop
  endfacet
  facet normal 0.956904 -0.290404 0
    outer loop
      vertex -22.5481 7.33381 0.4
      vertex -22.5054 7.47451 0.0036108
      vertex -22.5054 7.47451 0.4
    endloop
  endfacet
  facet normal 0.956904 -0.290404 0
    outer loop
      vertex -22.5054 7.47451 0.0036108
      vertex -22.5481 7.33381 0.4
      vertex -22.5481 7.33381 0.0036108
    endloop
  endfacet
  facet normal -0.882053 -0.47115 0
    outer loop
      vertex -15.4946 7.47451 0.0036108
      vertex -15.5416 7.5625 0.4
      vertex -15.5416 7.5625 0.0036108
    endloop
  endfacet
  facet normal -0.882053 -0.47115 0
    outer loop
      vertex -15.5416 7.5625 0.4
      vertex -15.4946 7.47451 0.0036108
      vertex -15.4946 7.47451 0.4
    endloop
  endfacet
  facet normal -0.956904 -0.290404 0
    outer loop
      vertex -15.4519 7.33381 0.0036108
      vertex -15.4946 7.47451 0.4
      vertex -15.4946 7.47451 0.0036108
    endloop
  endfacet
  facet normal -0.956904 -0.290404 0
    outer loop
      vertex -15.4946 7.47451 0.4
      vertex -15.4519 7.33381 0.0036108
      vertex -15.4519 7.33381 0.4
    endloop
  endfacet
  facet normal 0.0980893 0.995178 -0
    outer loop
      vertex -21.8125 0.8125 0.0036108
      vertex -21.9588 0.82692 0.4
      vertex -21.8125 0.8125 0.4
    endloop
  endfacet
  facet normal 0.0980893 0.995178 0
    outer loop
      vertex -21.9588 0.82692 0.4
      vertex -21.8125 0.8125 0.0036108
      vertex -21.9588 0.82692 0.0036108
    endloop
  endfacet
  facet normal -0.995192 -0.0979479 0
    outer loop
      vertex -15.4375 7.1875 0.0036108
      vertex -15.4519 7.33381 0.4
      vertex -15.4519 7.33381 0.0036108
    endloop
  endfacet
  facet normal -0.995192 -0.0979479 0
    outer loop
      vertex -15.4519 7.33381 0.4
      vertex -15.4375 7.1875 0.0036108
      vertex -15.4375 7.1875 0.4
    endloop
  endfacet
  facet normal -1 0 0
    outer loop
      vertex -15.4375 1.5625 0.0036108
      vertex -15.4375 7.1875 0.4
      vertex -15.4375 7.1875 0.0036108
    endloop
  endfacet
  facet normal -1 -0 0
    outer loop
      vertex -15.4375 7.1875 0.4
      vertex -15.4375 1.5625 0.0036108
      vertex -15.4375 1.5625 0.4
    endloop
  endfacet
  facet normal 0.772911 0.634515 0
    outer loop
      vertex -22.3428 1.03218 0.4
      vertex -22.4361 1.14583 0.0036108
      vertex -22.4361 1.14583 0.4
    endloop
  endfacet
  facet normal 0.772911 0.634515 0
    outer loop
      vertex -22.4361 1.14583 0.0036108
      vertex -22.3428 1.03218 0.4
      vertex -22.3428 1.03218 0.0036108
    endloop
  endfacet
  facet normal 0.882053 -0.47115 0
    outer loop
      vertex -22.5054 7.47451 0.4
      vertex -22.4584 7.5625 0.0036108
      vertex -22.4584 7.5625 0.4
    endloop
  endfacet
  facet normal 0.882053 -0.47115 0
    outer loop
      vertex -22.4584 7.5625 0.0036108
      vertex -22.5054 7.47451 0.4
      vertex -22.5054 7.47451 0.0036108
    endloop
  endfacet
  facet normal 0.290248 0.956951 -0
    outer loop
      vertex -21.9588 0.82692 0.0036108
      vertex -22.0995 0.869595 0.4
      vertex -21.9588 0.82692 0.4
    endloop
  endfacet
  facet normal 0.290248 0.956951 0
    outer loop
      vertex -22.0995 0.869595 0.4
      vertex -21.9588 0.82692 0.0036108
      vertex -22.0995 0.869595 0.0036108
    endloop
  endfacet
  facet normal 0.6346 0.772841 -0
    outer loop
      vertex -22.2292 0.9389 0.0036108
      vertex -22.3428 1.03218 0.4
      vertex -22.2292 0.9389 0.4
    endloop
  endfacet
  facet normal 0.6346 0.772841 0
    outer loop
      vertex -22.3428 1.03218 0.4
      vertex -22.2292 0.9389 0.0036108
      vertex -22.3428 1.03218 0.0036108
    endloop
  endfacet
  facet normal 0.471285 0.881981 -0
    outer loop
      vertex -22.0995 0.869595 0.0036108
      vertex -22.2292 0.9389 0.4
      vertex -22.0995 0.869595 0.4
    endloop
  endfacet
  facet normal 0.471285 0.881981 0
    outer loop
      vertex -22.2292 0.9389 0.4
      vertex -22.0995 0.869595 0.0036108
      vertex -22.2292 0.9389 0.0036108
    endloop
  endfacet
  facet normal 0 0 -1
    outer loop
      vertex -9.8125 -5.5625 0.4
      vertex -9.0625 -4.8125 0.4
      vertex -9.07692 -4.95881 0.4
    endloop
  endfacet
  facet normal -0 0 -1
    outer loop
      vertex -9.0625 -4.8125 0.4
      vertex -9.8125 -5.5625 0.4
      vertex -9.0625 0.8125 0.4
    endloop
  endfacet
  facet normal 0 0 -1
    outer loop
      vertex -9.8125 -5.5625 0.4
      vertex -9.07692 -4.95881 0.4
      vertex -9.11959 -5.09951 0.4
    endloop
  endfacet
  facet normal 0 0 -1
    outer loop
      vertex -9.8125 1.5625 0.4
      vertex -9.0625 0.8125 0.4
      vertex -9.8125 -5.5625 0.4
    endloop
  endfacet
  facet normal 0 0 -1
    outer loop
      vertex -9.8125 -5.5625 0.4
      vertex -9.11959 -5.09951 0.4
      vertex -9.1889 -5.22917 0.4
    endloop
  endfacet
  facet normal 0 0 -1
    outer loop
      vertex -9.0625 0.8125 0.4
      vertex -9.8125 1.5625 0.4
      vertex -9.07692 0.958813 0.4
    endloop
  endfacet
  facet normal 0 0 -1
    outer loop
      vertex -9.8125 -5.5625 0.4
      vertex -9.1889 -5.22917 0.4
      vertex -9.28218 -5.34282 0.4
    endloop
  endfacet
  facet normal 0 0 -1
    outer loop
      vertex -9.07692 0.958813 0.4
      vertex -9.8125 1.5625 0.4
      vertex -9.11959 1.09951 0.4
    endloop
  endfacet
  facet normal 0 0 -1
    outer loop
      vertex -9.8125 -5.5625 0.4
      vertex -9.28218 -5.34282 0.4
      vertex -9.39583 -5.4361 0.4
    endloop
  endfacet
  facet normal 0 0 -1
    outer loop
      vertex -9.11959 1.09951 0.4
      vertex -9.8125 1.5625 0.4
      vertex -9.1889 1.22917 0.4
    endloop
  endfacet
  facet normal 0 0 -1
    outer loop
      vertex -9.8125 -5.5625 0.4
      vertex -9.39583 -5.4361 0.4
      vertex -9.52549 -5.50541 0.4
    endloop
  endfacet
  facet normal 0 0 -1
    outer loop
      vertex -9.1889 1.22917 0.4
      vertex -9.8125 1.5625 0.4
      vertex -9.28218 1.34282 0.4
    endloop
  endfacet
  facet normal 0 0 -1
    outer loop
      vertex -9.8125 -5.5625 0.4
      vertex -9.52549 -5.50541 0.4
      vertex -9.66619 -5.54808 0.4
    endloop
  endfacet
  facet normal 0 0 -1
    outer loop
      vertex -9.28218 1.34282 0.4
      vertex -9.8125 1.5625 0.4
      vertex -9.39583 1.4361 0.4
    endloop
  endfacet
  facet normal 0 0 -1
    outer loop
      vertex -9.39583 1.4361 0.4
      vertex -9.8125 1.5625 0.4
      vertex -9.52549 1.50541 0.4
    endloop
  endfacet
  facet normal 0 0 -1
    outer loop
      vertex -9.52549 1.50541 0.4
      vertex -9.8125 1.5625 0.4
      vertex -9.66619 1.54808 0.4
    endloop
  endfacet
  facet normal 0 0 -1
    outer loop
      vertex -15.4375 -5.5625 0.4
      vertex -9.8125 1.5625 0.4
      vertex -9.8125 -5.5625 0.4
    endloop
  endfacet
  facet normal 0 0 -1
    outer loop
      vertex -15.4375 -5.5625 0.4
      vertex -15.4375 1.5625 0.4
      vertex -9.8125 1.5625 0.4
    endloop
  endfacet
  facet normal 0 0 -1
    outer loop
      vertex -16.1875 0.8125 0.4
      vertex -15.4375 1.5625 0.4
      vertex -15.4375 -5.5625 0.4
    endloop
  endfacet
  facet normal -0 0 -1
    outer loop
      vertex -15.4375 1.5625 0.4
      vertex -16.1875 0.8125 0.4
      vertex -15.4375 7.1875 0.4
    endloop
  endfacet
  facet normal 0 0 -1
    outer loop
      vertex -22.5625 7.1875 0.4
      vertex -15.4375 7.1875 0.4
      vertex -16.1875 0.8125 0.4
    endloop
  endfacet
  facet normal 0 -0 -1
    outer loop
      vertex -15.5416 7.5625 0.4
      vertex -15.4375 7.1875 0.4
      vertex -22.5625 7.1875 0.4
    endloop
  endfacet
  facet normal 0 0 -1
    outer loop
      vertex -15.4375 7.1875 0.4
      vertex -15.5416 7.5625 0.4
      vertex -15.4519 7.33381 0.4
    endloop
  endfacet
  facet normal 0 0 -1
    outer loop
      vertex -16.1875 0.8125 0.4
      vertex -15.4375 -5.5625 0.4
      vertex -15.5838 -5.54808 0.4
    endloop
  endfacet
  facet normal 0 0 -1
    outer loop
      vertex -15.5416 7.5625 0.4
      vertex -15.4375 7.9375 0.4
      vertex -15.4519 7.79119 0.4
    endloop
  endfacet
  facet normal -0 0 -1
    outer loop
      vertex -15.4375 7.9375 0.4
      vertex -15.5416 7.5625 0.4
      vertex -15.4375 13.5625 0.4
    endloop
  endfacet
  facet normal 0 0 -1
    outer loop
      vertex -15.5416 7.5625 0.4
      vertex -15.4519 7.79119 0.4
      vertex -15.4946 7.65049 0.4
    endloop
  endfacet
  facet normal 0 0 -1
    outer loop
      vertex -15.5416 13.9375 0.4
      vertex -15.4375 13.5625 0.4
      vertex -15.5416 7.5625 0.4
    endloop
  endfacet
  facet normal 0 0 -1
    outer loop
      vertex -15.4375 13.5625 0.4
      vertex -15.5416 13.9375 0.4
      vertex -15.4519 13.7088 0.4
    endloop
  endfacet
  facet normal 0 0 -1
    outer loop
      vertex -15.4519 13.7088 0.4
      vertex -15.5416 13.9375 0.4
      vertex -15.4946 13.8495 0.4
    endloop
  endfacet
  facet normal 0 0 -1
    outer loop
      vertex -16.1875 20.6875 0.4
      vertex -15.4375 19.9375 0.4
      vertex -15.4375 14.3125 0.4
    endloop
  endfacet
  facet normal 0 0 -1
    outer loop
      vertex -15.5416 13.9375 0.4
      vertex -15.4375 14.3125 0.4
      vertex -15.4519 14.1662 0.4
    endloop
  endfacet
  facet normal 0 0 -1
    outer loop
      vertex -15.5416 13.9375 0.4
      vertex -15.4519 14.1662 0.4
      vertex -15.4946 14.0255 0.4
    endloop
  endfacet
  facet normal -0 0 -1
    outer loop
      vertex -15.4375 14.3125 0.4
      vertex -15.5416 13.9375 0.4
      vertex -22.5625 14.3125 0.4
    endloop
  endfacet
  facet normal 0 0 -1
    outer loop
      vertex -15.4375 19.9375 0.4
      vertex -16.1875 20.6875 0.4
      vertex -15.4375 27.0625 0.4
    endloop
  endfacet
  facet normal 0 0 -1
    outer loop
      vertex -15.4519 7.33381 0.4
      vertex -15.5416 7.5625 0.4
      vertex -15.4946 7.47451 0.4
    endloop
  endfacet
  facet normal 0 0 -1
    outer loop
      vertex -16.1875 -4.8125 0.4
      vertex -15.5838 -5.54808 0.4
      vertex -15.7245 -5.50541 0.4
    endloop
  endfacet
  facet normal 0 0 -1
    outer loop
      vertex -22.5625 7.9375 0.4
      vertex -15.5416 7.5625 0.4
      vertex -22.4584 7.5625 0.4
    endloop
  endfacet
  facet normal 0 0 -1
    outer loop
      vertex -16.1875 -4.8125 0.4
      vertex -15.7245 -5.50541 0.4
      vertex -15.8542 -5.4361 0.4
    endloop
  endfacet
  facet normal 0 0 -1
    outer loop
      vertex -16.1875 26.3125 0.4
      vertex -15.4375 27.0625 0.4
      vertex -16.1875 20.6875 0.4
    endloop
  endfacet
  facet normal 0 0 -1
    outer loop
      vertex -16.1875 -4.8125 0.4
      vertex -15.8542 -5.4361 0.4
      vertex -15.9678 -5.34282 0.4
    endloop
  endfacet
  facet normal 0 0 -1
    outer loop
      vertex -15.4375 27.0625 0.4
      vertex -16.1875 26.3125 0.4
      vertex -15.5838 27.0481 0.4
    endloop
  endfacet
  facet normal 0 0 -1
    outer loop
      vertex -16.1875 -4.8125 0.4
      vertex -15.9678 -5.34282 0.4
      vertex -16.0611 -5.22917 0.4
    endloop
  endfacet
  facet normal 0 0 -1
    outer loop
      vertex -15.5838 27.0481 0.4
      vertex -16.1875 26.3125 0.4
      vertex -15.7245 27.0054 0.4
    endloop
  endfacet
  facet normal 0 0 -1
    outer loop
      vertex -16.1875 -4.8125 0.4
      vertex -16.0611 -5.22917 0.4
      vertex -16.1304 -5.09951 0.4
    endloop
  endfacet
  facet normal 0 0 -1
    outer loop
      vertex -15.7245 27.0054 0.4
      vertex -16.1875 26.3125 0.4
      vertex -15.8542 26.9361 0.4
    endloop
  endfacet
  facet normal 0 0 -1
    outer loop
      vertex -16.1875 -4.8125 0.4
      vertex -16.1304 -5.09951 0.4
      vertex -16.1731 -4.95881 0.4
    endloop
  endfacet
  facet normal 0 0 -1
    outer loop
      vertex -15.8542 26.9361 0.4
      vertex -16.1875 26.3125 0.4
      vertex -15.9678 26.8428 0.4
    endloop
  endfacet
  facet normal 0 0 -1
    outer loop
      vertex -15.5838 -5.54808 0.4
      vertex -16.1875 -4.8125 0.4
      vertex -16.1875 0.8125 0.4
    endloop
  endfacet
  facet normal 0 0 -1
    outer loop
      vertex -15.9678 26.8428 0.4
      vertex -16.1875 26.3125 0.4
      vertex -16.0611 26.7292 0.4
    endloop
  endfacet
  facet normal 0 0 -1
    outer loop
      vertex -16.0611 26.7292 0.4
      vertex -16.1875 26.3125 0.4
      vertex -16.1304 26.5995 0.4
    endloop
  endfacet
  facet normal 0 0 -1
    outer loop
      vertex -16.1304 26.5995 0.4
      vertex -16.1875 26.3125 0.4
      vertex -16.1731 26.4588 0.4
    endloop
  endfacet
  facet normal 0 0 -1
    outer loop
      vertex -9.8125 19.9375 0.4
      vertex -9.0625 20.6875 0.4
      vertex -9.07692 20.5412 0.4
    endloop
  endfacet
  facet normal -0 0 -1
    outer loop
      vertex -9.0625 20.6875 0.4
      vertex -9.8125 19.9375 0.4
      vertex -9.0625 26.3125 0.4
    endloop
  endfacet
  facet normal 0 0 -1
    outer loop
      vertex -9.8125 19.9375 0.4
      vertex -9.07692 20.5412 0.4
      vertex -9.11959 20.4005 0.4
    endloop
  endfacet
  facet normal 0 0 -1
    outer loop
      vertex -9.8125 27.0625 0.4
      vertex -9.0625 26.3125 0.4
      vertex -9.8125 19.9375 0.4
    endloop
  endfacet
  facet normal 0 0 -1
    outer loop
      vertex -9.8125 19.9375 0.4
      vertex -9.11959 20.4005 0.4
      vertex -9.1889 20.2708 0.4
    endloop
  endfacet
  facet normal 0 0 -1
    outer loop
      vertex -9.0625 26.3125 0.4
      vertex -9.8125 27.0625 0.4
      vertex -9.07692 26.4588 0.4
    endloop
  endfacet
  facet normal 0 0 -1
    outer loop
      vertex -9.8125 19.9375 0.4
      vertex -9.1889 20.2708 0.4
      vertex -9.28218 20.1572 0.4
    endloop
  endfacet
  facet normal 0 0 -1
    outer loop
      vertex -9.07692 26.4588 0.4
      vertex -9.8125 27.0625 0.4
      vertex -9.11959 26.5995 0.4
    endloop
  endfacet
  facet normal 0 0 -1
    outer loop
      vertex -9.8125 19.9375 0.4
      vertex -9.28218 20.1572 0.4
      vertex -9.39583 20.0639 0.4
    endloop
  endfacet
  facet normal 0 0 -1
    outer loop
      vertex -9.11959 26.5995 0.4
      vertex -9.8125 27.0625 0.4
      vertex -9.1889 26.7292 0.4
    endloop
  endfacet
  facet normal 0 0 -1
    outer loop
      vertex -9.8125 19.9375 0.4
      vertex -9.39583 20.0639 0.4
      vertex -9.52549 19.9946 0.4
    endloop
  endfacet
  facet normal 0 0 -1
    outer loop
      vertex -9.1889 26.7292 0.4
      vertex -9.8125 27.0625 0.4
      vertex -9.28218 26.8428 0.4
    endloop
  endfacet
  facet normal 0 0 -1
    outer loop
      vertex -9.8125 19.9375 0.4
      vertex -9.52549 19.9946 0.4
      vertex -9.66619 19.9519 0.4
    endloop
  endfacet
  facet normal 0 0 -1
    outer loop
      vertex -9.28218 26.8428 0.4
      vertex -9.8125 27.0625 0.4
      vertex -9.39583 26.9361 0.4
    endloop
  endfacet
  facet normal 0 0 -1
    outer loop
      vertex -9.39583 26.9361 0.4
      vertex -9.8125 27.0625 0.4
      vertex -9.52549 27.0054 0.4
    endloop
  endfacet
  facet normal 0 0 -1
    outer loop
      vertex -9.52549 27.0054 0.4
      vertex -9.8125 27.0625 0.4
      vertex -9.66619 27.0481 0.4
    endloop
  endfacet
  facet normal 0 0 -1
    outer loop
      vertex -15.4375 19.9375 0.4
      vertex -9.8125 27.0625 0.4
      vertex -9.8125 19.9375 0.4
    endloop
  endfacet
  facet normal -0 0 -1
    outer loop
      vertex -9.8125 27.0625 0.4
      vertex -15.4375 19.9375 0.4
      vertex -15.4375 27.0625 0.4
    endloop
  endfacet
  facet normal 0 0 -1
    outer loop
      vertex -22.5481 7.79119 0.4
      vertex -22.4584 7.5625 0.4
      vertex -22.5054 7.65049 0.4
    endloop
  endfacet
  facet normal 0 0 -1
    outer loop
      vertex -22.5625 13.5625 0.4
      vertex -15.5416 13.9375 0.4
      vertex -22.5625 7.9375 0.4
    endloop
  endfacet
  facet normal 0 0 -1
    outer loop
      vertex -22.4584 7.5625 0.4
      vertex -22.5481 7.79119 0.4
      vertex -22.5625 7.9375 0.4
    endloop
  endfacet
  facet normal -0 0 -1
    outer loop
      vertex -15.5416 13.9375 0.4
      vertex -22.5625 13.5625 0.4
      vertex -22.4584 13.9375 0.4
    endloop
  endfacet
  facet normal 0 -0 -1
    outer loop
      vertex -22.5481 13.7088 0.4
      vertex -22.4584 13.9375 0.4
      vertex -22.5625 13.5625 0.4
    endloop
  endfacet
  facet normal 0 0 -1
    outer loop
      vertex -22.4584 13.9375 0.4
      vertex -22.5481 13.7088 0.4
      vertex -22.5054 13.8495 0.4
    endloop
  endfacet
  facet normal 0 0 -1
    outer loop
      vertex -22.5625 7.1875 0.4
      vertex -16.1875 0.8125 0.4
      vertex -21.8125 0.8125 0.4
    endloop
  endfacet
  facet normal 0 0 -1
    outer loop
      vertex -15.5416 7.5625 0.4
      vertex -22.5625 7.9375 0.4
      vertex -15.5416 13.9375 0.4
    endloop
  endfacet
  facet normal 0 0 -1
    outer loop
      vertex -22.5625 1.5625 0.4
      vertex -21.8125 0.8125 0.4
      vertex -21.9588 0.82692 0.4
    endloop
  endfacet
  facet normal 0 0 -1
    outer loop
      vertex -22.5625 14.3125 0.4
      vertex -15.5416 13.9375 0.4
      vertex -22.4584 13.9375 0.4
    endloop
  endfacet
  facet normal 0 0 -1
    outer loop
      vertex -22.5625 1.5625 0.4
      vertex -21.9588 0.82692 0.4
      vertex -22.0995 0.869595 0.4
    endloop
  endfacet
  facet normal 0 0 -1
    outer loop
      vertex -15.4375 14.3125 0.4
      vertex -22.5625 14.3125 0.4
      vertex -16.1875 20.6875 0.4
    endloop
  endfacet
  facet normal 0 0 -1
    outer loop
      vertex -22.5625 1.5625 0.4
      vertex -22.0995 0.869595 0.4
      vertex -22.2292 0.9389 0.4
    endloop
  endfacet
  facet normal -0 0 -1
    outer loop
      vertex -16.1875 20.6875 0.4
      vertex -22.5625 14.3125 0.4
      vertex -21.8125 20.6875 0.4
    endloop
  endfacet
  facet normal 0 0 -1
    outer loop
      vertex -22.5625 1.5625 0.4
      vertex -22.2292 0.9389 0.4
      vertex -22.3428 1.03218 0.4
    endloop
  endfacet
  facet normal 0 0 -1
    outer loop
      vertex -22.5625 19.9375 0.4
      vertex -21.8125 20.6875 0.4
      vertex -22.5625 14.3125 0.4
    endloop
  endfacet
  facet normal 0 0 -1
    outer loop
      vertex -22.5625 1.5625 0.4
      vertex -22.3428 1.03218 0.4
      vertex -22.4361 1.14583 0.4
    endloop
  endfacet
  facet normal 0 0 -1
    outer loop
      vertex -21.8125 20.6875 0.4
      vertex -22.5625 19.9375 0.4
      vertex -21.9588 20.6731 0.4
    endloop
  endfacet
  facet normal 0 0 -1
    outer loop
      vertex -21.9588 20.6731 0.4
      vertex -22.5625 19.9375 0.4
      vertex -22.0995 20.6304 0.4
    endloop
  endfacet
  facet normal 0 0 -1
    outer loop
      vertex -22.5625 1.5625 0.4
      vertex -22.4361 1.14583 0.4
      vertex -22.5054 1.27549 0.4
    endloop
  endfacet
  facet normal 0 0 -1
    outer loop
      vertex -21.8125 0.8125 0.4
      vertex -22.5625 1.5625 0.4
      vertex -22.5625 7.1875 0.4
    endloop
  endfacet
  facet normal 0 0 -1
    outer loop
      vertex -22.5625 1.5625 0.4
      vertex -22.5054 1.27549 0.4
      vertex -22.5481 1.41619 0.4
    endloop
  endfacet
  facet normal -0 0 -1
    outer loop
      vertex -15.5416 7.5625 0.4
      vertex -22.5625 7.1875 0.4
      vertex -22.4584 7.5625 0.4
    endloop
  endfacet
  facet normal 0 -0 -1
    outer loop
      vertex -22.5481 7.33381 0.4
      vertex -22.4584 7.5625 0.4
      vertex -22.5625 7.1875 0.4
    endloop
  endfacet
  facet normal 0 0 -1
    outer loop
      vertex -22.4584 7.5625 0.4
      vertex -22.5481 7.33381 0.4
      vertex -22.5054 7.47451 0.4
    endloop
  endfacet
  facet normal 0 0 -1
    outer loop
      vertex -22.0995 20.6304 0.4
      vertex -22.5625 19.9375 0.4
      vertex -22.2292 20.5611 0.4
    endloop
  endfacet
  facet normal 0 0 -1
    outer loop
      vertex -22.5481 14.1662 0.4
      vertex -22.4584 13.9375 0.4
      vertex -22.5054 14.0255 0.4
    endloop
  endfacet
  facet normal 0 0 -1
    outer loop
      vertex -22.2292 20.5611 0.4
      vertex -22.5625 19.9375 0.4
      vertex -22.3428 20.4678 0.4
    endloop
  endfacet
  facet normal 0 0 -1
    outer loop
      vertex -22.4584 13.9375 0.4
      vertex -22.5481 14.1662 0.4
      vertex -22.5625 14.3125 0.4
    endloop
  endfacet
  facet normal 0 0 -1
    outer loop
      vertex -22.3428 20.4678 0.4
      vertex -22.5625 19.9375 0.4
      vertex -22.4361 20.3542 0.4
    endloop
  endfacet
  facet normal 0 0 -1
    outer loop
      vertex -22.4361 20.3542 0.4
      vertex -22.5625 19.9375 0.4
      vertex -22.5054 20.2245 0.4
    endloop
  endfacet
  facet normal 0 0 -1
    outer loop
      vertex -22.5054 20.2245 0.4
      vertex -22.5625 19.9375 0.4
      vertex -22.5481 20.0838 0.4
    endloop
  endfacet
  facet normal 0.995191 -0.0979545 0
    outer loop
      vertex -22.5625 13.5625 0.4
      vertex -22.5481 13.7088 0.0036108
      vertex -22.5481 13.7088 0.4
    endloop
  endfacet
  facet normal 0.995191 -0.0979545 0
    outer loop
      vertex -22.5481 13.7088 0.0036108
      vertex -22.5625 13.5625 0.4
      vertex -22.5625 13.5625 0.0036108
    endloop
  endfacet
  facet normal 0.882053 0.47115 0
    outer loop
      vertex -22.4584 7.5625 0.4
      vertex -22.5054 7.65049 0.0036108
      vertex -22.5054 7.65049 0.4
    endloop
  endfacet
  facet normal 0.882053 0.47115 0
    outer loop
      vertex -22.5054 7.65049 0.0036108
      vertex -22.4584 7.5625 0.4
      vertex -22.4584 7.5625 0.0036108
    endloop
  endfacet
  facet normal 1 -0 0
    outer loop
      vertex -22.5625 7.9375 0.4
      vertex -22.5625 13.5625 0.0036108
      vertex -22.5625 13.5625 0.4
    endloop
  endfacet
  facet normal 1 0 0
    outer loop
      vertex -22.5625 13.5625 0.0036108
      vertex -22.5625 7.9375 0.4
      vertex -22.5625 7.9375 0.0036108
    endloop
  endfacet
  facet normal 0.956904 0.290404 0
    outer loop
      vertex -22.5054 7.65049 0.4
      vertex -22.5481 7.79119 0.0036108
      vertex -22.5481 7.79119 0.4
    endloop
  endfacet
  facet normal 0.956904 0.290404 0
    outer loop
      vertex -22.5481 7.79119 0.0036108
      vertex -22.5054 7.65049 0.4
      vertex -22.5054 7.65049 0.0036108
    endloop
  endfacet
  facet normal 0.995192 0.0979479 0
    outer loop
      vertex -22.5481 7.79119 0.4
      vertex -22.5625 7.9375 0.0036108
      vertex -22.5625 7.9375 0.4
    endloop
  endfacet
  facet normal 0.995192 0.0979479 0
    outer loop
      vertex -22.5625 7.9375 0.0036108
      vertex -22.5481 7.79119 0.4
      vertex -22.5481 7.79119 0.0036108
    endloop
  endfacet
  facet normal -0.956904 0.290404 0
    outer loop
      vertex -15.4946 7.65049 0.0036108
      vertex -15.4519 7.79119 0.4
      vertex -15.4519 7.79119 0.0036108
    endloop
  endfacet
  facet normal -0.956904 0.290404 0
    outer loop
      vertex -15.4519 7.79119 0.4
      vertex -15.4946 7.65049 0.0036108
      vertex -15.4946 7.65049 0.4
    endloop
  endfacet
  facet normal 0.956904 -0.290404 0
    outer loop
      vertex -22.5481 13.7088 0.4
      vertex -22.5054 13.8495 0.0036108
      vertex -22.5054 13.8495 0.4
    endloop
  endfacet
  facet normal 0.956904 -0.290404 0
    outer loop
      vertex -22.5054 13.8495 0.0036108
      vertex -22.5481 13.7088 0.4
      vertex -22.5481 13.7088 0.0036108
    endloop
  endfacet
  facet normal -0.882075 -0.471108 0
    outer loop
      vertex -15.4946 13.8495 0.0036108
      vertex -15.5416 13.9375 0.4
      vertex -15.5416 13.9375 0.0036108
    endloop
  endfacet
  facet normal -0.882075 -0.471108 0
    outer loop
      vertex -15.5416 13.9375 0.4
      vertex -15.4946 13.8495 0.0036108
      vertex -15.4946 13.8495 0.4
    endloop
  endfacet
  facet normal -0.882053 0.47115 0
    outer loop
      vertex -15.5416 7.5625 0.0036108
      vertex -15.4946 7.65049 0.4
      vertex -15.4946 7.65049 0.0036108
    endloop
  endfacet
  facet normal -0.882053 0.47115 0
    outer loop
      vertex -15.4946 7.65049 0.4
      vertex -15.5416 7.5625 0.0036108
      vertex -15.5416 7.5625 0.4
    endloop
  endfacet
  facet normal -0.956904 -0.290404 0
    outer loop
      vertex -15.4519 13.7088 0.0036108
      vertex -15.4946 13.8495 0.4
      vertex -15.4946 13.8495 0.0036108
    endloop
  endfacet
  facet normal -0.956904 -0.290404 0
    outer loop
      vertex -15.4946 13.8495 0.4
      vertex -15.4519 13.7088 0.0036108
      vertex -15.4519 13.7088 0.4
    endloop
  endfacet
  facet normal -0.995191 -0.0979545 0
    outer loop
      vertex -15.4375 13.5625 0.0036108
      vertex -15.4519 13.7088 0.4
      vertex -15.4519 13.7088 0.0036108
    endloop
  endfacet
  facet normal -0.995191 -0.0979545 0
    outer loop
      vertex -15.4519 13.7088 0.4
      vertex -15.4375 13.5625 0.0036108
      vertex -15.4375 13.5625 0.4
    endloop
  endfacet
  facet normal -1 0 0
    outer loop
      vertex -15.4375 7.9375 0.0036108
      vertex -15.4375 13.5625 0.4
      vertex -15.4375 13.5625 0.0036108
    endloop
  endfacet
  facet normal -1 -0 0
    outer loop
      vertex -15.4375 13.5625 0.4
      vertex -15.4375 7.9375 0.0036108
      vertex -15.4375 7.9375 0.4
    endloop
  endfacet
  facet normal 0.882075 -0.471108 0
    outer loop
      vertex -22.5054 13.8495 0.4
      vertex -22.4584 13.9375 0.0036108
      vertex -22.4584 13.9375 0.4
    endloop
  endfacet
  facet normal 0.882075 -0.471108 0
    outer loop
      vertex -22.4584 13.9375 0.0036108
      vertex -22.5054 13.8495 0.4
      vertex -22.5054 13.8495 0.0036108
    endloop
  endfacet
  facet normal -0.995192 0.0979479 0
    outer loop
      vertex -15.4519 7.79119 0.0036108
      vertex -15.4375 7.9375 0.4
      vertex -15.4375 7.9375 0.0036108
    endloop
  endfacet
  facet normal -0.995192 0.0979479 0
    outer loop
      vertex -15.4375 7.9375 0.4
      vertex -15.4519 7.79119 0.0036108
      vertex -15.4519 7.79119 0.4
    endloop
  endfacet
  facet normal 0.995191 -0.0979545 0
    outer loop
      vertex -22.5625 19.9375 0.4
      vertex -22.5481 20.0838 0.0036108
      vertex -22.5481 20.0838 0.4
    endloop
  endfacet
  facet normal 0.995191 -0.0979545 0
    outer loop
      vertex -22.5481 20.0838 0.0036108
      vertex -22.5625 19.9375 0.4
      vertex -22.5625 19.9375 0.0036108
    endloop
  endfacet
  facet normal 0.882075 0.471108 0
    outer loop
      vertex -22.4584 13.9375 0.4
      vertex -22.5054 14.0255 0.0036108
      vertex -22.5054 14.0255 0.4
    endloop
  endfacet
  facet normal 0.882075 0.471108 0
    outer loop
      vertex -22.5054 14.0255 0.0036108
      vertex -22.4584 13.9375 0.4
      vertex -22.4584 13.9375 0.0036108
    endloop
  endfacet
  facet normal 1 -0 0
    outer loop
      vertex -22.5625 14.3125 0.4
      vertex -22.5625 19.9375 0.0036108
      vertex -22.5625 19.9375 0.4
    endloop
  endfacet
  facet normal 1 0 0
    outer loop
      vertex -22.5625 19.9375 0.0036108
      vertex -22.5625 14.3125 0.4
      vertex -22.5625 14.3125 0.0036108
    endloop
  endfacet
  facet normal 0.956904 0.290404 0
    outer loop
      vertex -22.5054 14.0255 0.4
      vertex -22.5481 14.1662 0.0036108
      vertex -22.5481 14.1662 0.4
    endloop
  endfacet
  facet normal 0.956904 0.290404 0
    outer loop
      vertex -22.5481 14.1662 0.0036108
      vertex -22.5054 14.0255 0.4
      vertex -22.5054 14.0255 0.0036108
    endloop
  endfacet
  facet normal 0.995191 0.0979545 0
    outer loop
      vertex -22.5481 14.1662 0.4
      vertex -22.5625 14.3125 0.0036108
      vertex -22.5625 14.3125 0.4
    endloop
  endfacet
  facet normal 0.995191 0.0979545 0
    outer loop
      vertex -22.5625 14.3125 0.0036108
      vertex -22.5481 14.1662 0.4
      vertex -22.5481 14.1662 0.0036108
    endloop
  endfacet
  facet normal -0.956904 0.290404 0
    outer loop
      vertex -15.4946 14.0255 0.0036108
      vertex -15.4519 14.1662 0.4
      vertex -15.4519 14.1662 0.0036108
    endloop
  endfacet
  facet normal -0.956904 0.290404 0
    outer loop
      vertex -15.4519 14.1662 0.4
      vertex -15.4946 14.0255 0.0036108
      vertex -15.4946 14.0255 0.4
    endloop
  endfacet
  facet normal 0.956904 -0.290404 0
    outer loop
      vertex -22.5481 20.0838 0.4
      vertex -22.5054 20.2245 0.0036108
      vertex -22.5054 20.2245 0.4
    endloop
  endfacet
  facet normal 0.956904 -0.290404 0
    outer loop
      vertex -22.5054 20.2245 0.0036108
      vertex -22.5481 20.0838 0.4
      vertex -22.5481 20.0838 0.0036108
    endloop
  endfacet
  facet normal -0.882075 0.471108 0
    outer loop
      vertex -15.5416 13.9375 0.0036108
      vertex -15.4946 14.0255 0.4
      vertex -15.4946 14.0255 0.0036108
    endloop
  endfacet
  facet normal -0.882075 0.471108 0
    outer loop
      vertex -15.4946 14.0255 0.4
      vertex -15.5416 13.9375 0.0036108
      vertex -15.5416 13.9375 0.4
    endloop
  endfacet
  facet normal 0 -1 0
    outer loop
      vertex -21.8125 20.6875 0.0036108
      vertex -16.1875 20.6875 0.4
      vertex -21.8125 20.6875 0.4
    endloop
  endfacet
  facet normal 0 -1 -0
    outer loop
      vertex -16.1875 20.6875 0.4
      vertex -21.8125 20.6875 0.0036108
      vertex -16.1875 20.6875 0.0036108
    endloop
  endfacet
  facet normal -1 0 0
    outer loop
      vertex -15.4375 14.3125 0.0036108
      vertex -15.4375 19.9375 0.4
      vertex -15.4375 19.9375 0.0036108
    endloop
  endfacet
  facet normal -1 -0 0
    outer loop
      vertex -15.4375 19.9375 0.4
      vertex -15.4375 14.3125 0.0036108
      vertex -15.4375 14.3125 0.4
    endloop
  endfacet
  facet normal 0.881995 -0.471259 0
    outer loop
      vertex -22.5054 20.2245 0.4
      vertex -22.4361 20.3542 0.0036108
      vertex -22.4361 20.3542 0.4
    endloop
  endfacet
  facet normal 0.881995 -0.471259 0
    outer loop
      vertex -22.4361 20.3542 0.0036108
      vertex -22.5054 20.2245 0.4
      vertex -22.5054 20.2245 0.0036108
    endloop
  endfacet
  facet normal -0.995191 0.0979545 0
    outer loop
      vertex -15.4519 14.1662 0.0036108
      vertex -15.4375 14.3125 0.4
      vertex -15.4375 14.3125 0.0036108
    endloop
  endfacet
  facet normal -0.995191 0.0979545 0
    outer loop
      vertex -15.4375 14.3125 0.4
      vertex -15.4519 14.1662 0.0036108
      vertex -15.4519 14.1662 0.4
    endloop
  endfacet
  facet normal 0.634681 -0.772774 0
    outer loop
      vertex -22.3428 20.4678 0.0036108
      vertex -22.2292 20.5611 0.4
      vertex -22.3428 20.4678 0.4
    endloop
  endfacet
  facet normal 0.634681 -0.772774 0
    outer loop
      vertex -22.2292 20.5611 0.4
      vertex -22.3428 20.4678 0.0036108
      vertex -22.2292 20.5611 0.0036108
    endloop
  endfacet
  facet normal 0.772774 -0.634681 0
    outer loop
      vertex -22.4361 20.3542 0.4
      vertex -22.3428 20.4678 0.0036108
      vertex -22.3428 20.4678 0.4
    endloop
  endfacet
  facet normal 0.772774 -0.634681 0
    outer loop
      vertex -22.3428 20.4678 0.0036108
      vertex -22.4361 20.3542 0.4
      vertex -22.4361 20.3542 0.0036108
    endloop
  endfacet
  facet normal 0.471259 -0.881995 0
    outer loop
      vertex -22.2292 20.5611 0.0036108
      vertex -22.0995 20.6304 0.4
      vertex -22.2292 20.5611 0.4
    endloop
  endfacet
  facet normal 0.471259 -0.881995 0
    outer loop
      vertex -22.0995 20.6304 0.4
      vertex -22.2292 20.5611 0.0036108
      vertex -22.0995 20.6304 0.0036108
    endloop
  endfacet
  facet normal 0.290404 -0.956904 0
    outer loop
      vertex -22.0995 20.6304 0.0036108
      vertex -21.9588 20.6731 0.4
      vertex -22.0995 20.6304 0.4
    endloop
  endfacet
  facet normal 0.290404 -0.956904 0
    outer loop
      vertex -21.9588 20.6731 0.4
      vertex -22.0995 20.6304 0.0036108
      vertex -21.9588 20.6731 0.0036108
    endloop
  endfacet
  facet normal 0.0979545 -0.995191 0
    outer loop
      vertex -21.9588 20.6731 0.0036108
      vertex -21.8125 20.6875 0.4
      vertex -21.9588 20.6731 0.4
    endloop
  endfacet
  facet normal 0.0979545 -0.995191 0
    outer loop
      vertex -21.8125 20.6875 0.4
      vertex -21.9588 20.6731 0.0036108
      vertex -21.8125 20.6875 0.0036108
    endloop
  endfacet
  facet normal 0.881935 0.471372 0
    outer loop
      vertex -16.0611 -5.22917 0.4
      vertex -16.1304 -5.09951 0.0036108
      vertex -16.1304 -5.09951 0.4
    endloop
  endfacet
  facet normal 0.881935 0.471372 0
    outer loop
      vertex -16.1304 -5.09951 0.0036108
      vertex -16.0611 -5.22917 0.4
      vertex -16.0611 -5.22917 0.0036108
    endloop
  endfacet
  facet normal 1 -0 0
    outer loop
      vertex -16.1875 -4.8125 0.4
      vertex -16.1875 0.8125 0.0036108
      vertex -16.1875 0.8125 0.4
    endloop
  endfacet
  facet normal 1 0 0
    outer loop
      vertex -16.1875 0.8125 0.0036108
      vertex -16.1875 -4.8125 0.4
      vertex -16.1875 -4.8125 0.0036108
    endloop
  endfacet
  facet normal 0.956904 0.290404 0
    outer loop
      vertex -16.1304 -5.09951 0.4
      vertex -16.1731 -4.95881 0.0036108
      vertex -16.1731 -4.95881 0.4
    endloop
  endfacet
  facet normal 0.956904 0.290404 0
    outer loop
      vertex -16.1731 -4.95881 0.0036108
      vertex -16.1304 -5.09951 0.4
      vertex -16.1304 -5.09951 0.0036108
    endloop
  endfacet
  facet normal 0.995192 0.0979479 0
    outer loop
      vertex -16.1731 -4.95881 0.4
      vertex -16.1875 -4.8125 0.0036108
      vertex -16.1875 -4.8125 0.4
    endloop
  endfacet
  facet normal 0.995192 0.0979479 0
    outer loop
      vertex -16.1875 -4.8125 0.0036108
      vertex -16.1731 -4.95881 0.4
      vertex -16.1731 -4.95881 0.0036108
    endloop
  endfacet
  facet normal -0.956961 0.290217 0
    outer loop
      vertex -9.11959 -5.09951 0.0036108
      vertex -9.07692 -4.95881 0.4
      vertex -9.07692 -4.95881 0.0036108
    endloop
  endfacet
  facet normal -0.956961 0.290217 0
    outer loop
      vertex -9.07692 -4.95881 0.4
      vertex -9.11959 -5.09951 0.0036108
      vertex -9.11959 -5.09951 0.4
    endloop
  endfacet
  facet normal 0 1 -0
    outer loop
      vertex -9.8125 -5.5625 0.0036108
      vertex -15.4375 -5.5625 0.4
      vertex -9.8125 -5.5625 0.4
    endloop
  endfacet
  facet normal 0 1 0
    outer loop
      vertex -15.4375 -5.5625 0.4
      vertex -9.8125 -5.5625 0.0036108
      vertex -15.4375 -5.5625 0.0036108
    endloop
  endfacet
  facet normal -0.634433 0.772978 0
    outer loop
      vertex -9.28218 -5.34282 0.0036108
      vertex -9.39583 -5.4361 0.4
      vertex -9.28218 -5.34282 0.4
    endloop
  endfacet
  facet normal -0.634433 0.772978 0
    outer loop
      vertex -9.39583 -5.4361 0.4
      vertex -9.28218 -5.34282 0.0036108
      vertex -9.39583 -5.4361 0.0036108
    endloop
  endfacet
  facet normal -0.881906 -0.471425 0
    outer loop
      vertex -9.11959 1.09951 0.0036108
      vertex -9.1889 1.22917 0.4
      vertex -9.1889 1.22917 0.0036108
    endloop
  endfacet
  facet normal -0.881906 -0.471425 0
    outer loop
      vertex -9.1889 1.22917 0.4
      vertex -9.11959 1.09951 0.0036108
      vertex -9.11959 1.09951 0.4
    endloop
  endfacet
  facet normal -0.290217 -0.956961 0
    outer loop
      vertex -9.66619 1.54808 0.0036108
      vertex -9.52549 1.50541 0.4
      vertex -9.66619 1.54808 0.4
    endloop
  endfacet
  facet normal -0.290217 -0.956961 -0
    outer loop
      vertex -9.52549 1.50541 0.4
      vertex -9.66619 1.54808 0.0036108
      vertex -9.52549 1.50541 0.0036108
    endloop
  endfacet
  facet normal -0.881906 0.471425 0
    outer loop
      vertex -9.1889 -5.22917 0.0036108
      vertex -9.11959 -5.09951 0.4
      vertex -9.11959 -5.09951 0.0036108
    endloop
  endfacet
  facet normal -0.881906 0.471425 0
    outer loop
      vertex -9.11959 -5.09951 0.4
      vertex -9.1889 -5.22917 0.0036108
      vertex -9.1889 -5.22917 0.4
    endloop
  endfacet
  facet normal -0.956959 -0.290223 0
    outer loop
      vertex -9.07692 0.958813 0.0036108
      vertex -9.11959 1.09951 0.4
      vertex -9.11959 1.09951 0.0036108
    endloop
  endfacet
  facet normal -0.956959 -0.290223 0
    outer loop
      vertex -9.11959 1.09951 0.4
      vertex -9.07692 0.958813 0.0036108
      vertex -9.07692 0.958813 0.4
    endloop
  endfacet
  facet normal 0 -1 0
    outer loop
      vertex -15.4375 1.5625 0.0036108
      vertex -9.8125 1.5625 0.4
      vertex -15.4375 1.5625 0.4
    endloop
  endfacet
  facet normal 0 -1 -0
    outer loop
      vertex -9.8125 1.5625 0.4
      vertex -15.4375 1.5625 0.0036108
      vertex -9.8125 1.5625 0.0036108
    endloop
  endfacet
  facet normal 0.0980893 0.995178 -0
    outer loop
      vertex -15.4375 -5.5625 0.0036108
      vertex -15.5838 -5.54808 0.4
      vertex -15.4375 -5.5625 0.4
    endloop
  endfacet
  facet normal 0.0980893 0.995178 0
    outer loop
      vertex -15.5838 -5.54808 0.4
      vertex -15.4375 -5.5625 0.0036108
      vertex -15.5838 -5.54808 0.0036108
    endloop
  endfacet
  facet normal -0.995178 -0.0980806 0
    outer loop
      vertex -9.0625 0.8125 0.0036108
      vertex -9.07692 0.958813 0.4
      vertex -9.07692 0.958813 0.0036108
    endloop
  endfacet
  facet normal -0.995178 -0.0980806 0
    outer loop
      vertex -9.07692 0.958813 0.4
      vertex -9.0625 0.8125 0.0036108
      vertex -9.0625 0.8125 0.4
    endloop
  endfacet
  facet normal -0.634433 -0.772978 0
    outer loop
      vertex -9.39583 1.4361 0.0036108
      vertex -9.28218 1.34282 0.4
      vertex -9.39583 1.4361 0.4
    endloop
  endfacet
  facet normal -0.634433 -0.772978 -0
    outer loop
      vertex -9.28218 1.34282 0.4
      vertex -9.39583 1.4361 0.0036108
      vertex -9.28218 1.34282 0.0036108
    endloop
  endfacet
  facet normal -1 0 0
    outer loop
      vertex -9.0625 -4.8125 0.0036108
      vertex -9.0625 0.8125 0.4
      vertex -9.0625 0.8125 0.0036108
    endloop
  endfacet
  facet normal -1 -0 0
    outer loop
      vertex -9.0625 0.8125 0.4
      vertex -9.0625 -4.8125 0.0036108
      vertex -9.0625 -4.8125 0.4
    endloop
  endfacet
  facet normal 0.772911 0.634515 0
    outer loop
      vertex -15.9678 -5.34282 0.4
      vertex -16.0611 -5.22917 0.0036108
      vertex -16.0611 -5.22917 0.4
    endloop
  endfacet
  facet normal 0.772911 0.634515 0
    outer loop
      vertex -16.0611 -5.22917 0.0036108
      vertex -15.9678 -5.34282 0.4
      vertex -15.9678 -5.34282 0.0036108
    endloop
  endfacet
  facet normal -0.772978 -0.634433 0
    outer loop
      vertex -9.1889 1.22917 0.0036108
      vertex -9.28218 1.34282 0.4
      vertex -9.28218 1.34282 0.0036108
    endloop
  endfacet
  facet normal -0.772978 -0.634433 0
    outer loop
      vertex -9.28218 1.34282 0.4
      vertex -9.1889 1.22917 0.0036108
      vertex -9.1889 1.22917 0.4
    endloop
  endfacet
  facet normal -0.995178 0.0980826 0
    outer loop
      vertex -9.07692 -4.95881 0.0036108
      vertex -9.0625 -4.8125 0.4
      vertex -9.0625 -4.8125 0.0036108
    endloop
  endfacet
  facet normal -0.995178 0.0980826 0
    outer loop
      vertex -9.0625 -4.8125 0.4
      vertex -9.07692 -4.95881 0.0036108
      vertex -9.07692 -4.95881 0.4
    endloop
  endfacet
  facet normal 0.290217 0.956961 -0
    outer loop
      vertex -15.5838 -5.54808 0.0036108
      vertex -15.7245 -5.50541 0.4
      vertex -15.5838 -5.54808 0.4
    endloop
  endfacet
  facet normal 0.290217 0.956961 0
    outer loop
      vertex -15.7245 -5.50541 0.4
      vertex -15.5838 -5.54808 0.0036108
      vertex -15.7245 -5.50541 0.0036108
    endloop
  endfacet
  facet normal -0.0980826 -0.995178 0
    outer loop
      vertex -9.8125 1.5625 0.0036108
      vertex -9.66619 1.54808 0.4
      vertex -9.8125 1.5625 0.4
    endloop
  endfacet
  facet normal -0.0980826 -0.995178 -0
    outer loop
      vertex -9.66619 1.54808 0.4
      vertex -9.8125 1.5625 0.0036108
      vertex -9.66619 1.54808 0.0036108
    endloop
  endfacet
  facet normal -0.772978 0.634433 0
    outer loop
      vertex -9.28218 -5.34282 0.0036108
      vertex -9.1889 -5.22917 0.4
      vertex -9.1889 -5.22917 0.0036108
    endloop
  endfacet
  facet normal -0.772978 0.634433 0
    outer loop
      vertex -9.1889 -5.22917 0.4
      vertex -9.28218 -5.34282 0.0036108
      vertex -9.28218 -5.34282 0.4
    endloop
  endfacet
  facet normal 0.6346 0.772841 -0
    outer loop
      vertex -15.8542 -5.4361 0.0036108
      vertex -15.9678 -5.34282 0.4
      vertex -15.8542 -5.4361 0.4
    endloop
  endfacet
  facet normal 0.6346 0.772841 0
    outer loop
      vertex -15.9678 -5.34282 0.4
      vertex -15.8542 -5.4361 0.0036108
      vertex -15.9678 -5.34282 0.0036108
    endloop
  endfacet
  facet normal -0.471425 -0.881906 0
    outer loop
      vertex -9.52549 1.50541 0.0036108
      vertex -9.39583 1.4361 0.4
      vertex -9.52549 1.50541 0.4
    endloop
  endfacet
  facet normal -0.471425 -0.881906 -0
    outer loop
      vertex -9.39583 1.4361 0.4
      vertex -9.52549 1.50541 0.0036108
      vertex -9.39583 1.4361 0.0036108
    endloop
  endfacet
  facet normal -0.290217 0.956961 0
    outer loop
      vertex -9.52549 -5.50541 0.0036108
      vertex -9.66619 -5.54808 0.4
      vertex -9.52549 -5.50541 0.4
    endloop
  endfacet
  facet normal -0.290217 0.956961 0
    outer loop
      vertex -9.66619 -5.54808 0.4
      vertex -9.52549 -5.50541 0.0036108
      vertex -9.66619 -5.54808 0.0036108
    endloop
  endfacet
  facet normal 0.471312 0.881967 -0
    outer loop
      vertex -15.7245 -5.50541 0.0036108
      vertex -15.8542 -5.4361 0.4
      vertex -15.7245 -5.50541 0.4
    endloop
  endfacet
  facet normal 0.471312 0.881967 0
    outer loop
      vertex -15.8542 -5.4361 0.4
      vertex -15.7245 -5.50541 0.0036108
      vertex -15.8542 -5.4361 0.0036108
    endloop
  endfacet
  facet normal -0.471425 0.881906 0
    outer loop
      vertex -9.39583 -5.4361 0.0036108
      vertex -9.52549 -5.50541 0.4
      vertex -9.39583 -5.4361 0.4
    endloop
  endfacet
  facet normal -0.471425 0.881906 0
    outer loop
      vertex -9.52549 -5.50541 0.4
      vertex -9.39583 -5.4361 0.0036108
      vertex -9.52549 -5.50541 0.0036108
    endloop
  endfacet
  facet normal -0.0980826 0.995178 0
    outer loop
      vertex -9.66619 -5.54808 0.0036108
      vertex -9.8125 -5.5625 0.4
      vertex -9.66619 -5.54808 0.4
    endloop
  endfacet
  facet normal -0.0980826 0.995178 0
    outer loop
      vertex -9.8125 -5.5625 0.4
      vertex -9.66619 -5.54808 0.0036108
      vertex -9.8125 -5.5625 0.0036108
    endloop
  endfacet
  facet normal 0.995191 -0.0979545 0
    outer loop
      vertex -16.1875 26.3125 0.4
      vertex -16.1731 26.4588 0.0036108
      vertex -16.1731 26.4588 0.4
    endloop
  endfacet
  facet normal 0.995191 -0.0979545 0
    outer loop
      vertex -16.1731 26.4588 0.0036108
      vertex -16.1875 26.3125 0.4
      vertex -16.1875 26.3125 0.0036108
    endloop
  endfacet
  facet normal 1 -0 0
    outer loop
      vertex -16.1875 20.6875 0.4
      vertex -16.1875 26.3125 0.0036108
      vertex -16.1875 26.3125 0.4
    endloop
  endfacet
  facet normal 1 0 0
    outer loop
      vertex -16.1875 26.3125 0.0036108
      vertex -16.1875 20.6875 0.4
      vertex -16.1875 20.6875 0.0036108
    endloop
  endfacet
  facet normal -0.956961 0.290217 0
    outer loop
      vertex -9.11959 20.4005 0.0036108
      vertex -9.07692 20.5412 0.4
      vertex -9.07692 20.5412 0.0036108
    endloop
  endfacet
  facet normal -0.956961 0.290217 0
    outer loop
      vertex -9.07692 20.5412 0.4
      vertex -9.11959 20.4005 0.0036108
      vertex -9.11959 20.4005 0.4
    endloop
  endfacet
  facet normal 0 1 -0
    outer loop
      vertex -9.8125 19.9375 0.0036108
      vertex -15.4375 19.9375 0.4
      vertex -9.8125 19.9375 0.4
    endloop
  endfacet
  facet normal 0 1 0
    outer loop
      vertex -15.4375 19.9375 0.4
      vertex -9.8125 19.9375 0.0036108
      vertex -15.4375 19.9375 0.0036108
    endloop
  endfacet
  facet normal -0.634515 0.772911 0
    outer loop
      vertex -9.28218 20.1572 0.0036108
      vertex -9.39583 20.0639 0.4
      vertex -9.28218 20.1572 0.4
    endloop
  endfacet
  facet normal -0.634515 0.772911 0
    outer loop
      vertex -9.39583 20.0639 0.4
      vertex -9.28218 20.1572 0.0036108
      vertex -9.39583 20.0639 0.0036108
    endloop
  endfacet
  facet normal 0.956904 -0.290404 0
    outer loop
      vertex -16.1731 26.4588 0.4
      vertex -16.1304 26.5995 0.0036108
      vertex -16.1304 26.5995 0.4
    endloop
  endfacet
  facet normal 0.956904 -0.290404 0
    outer loop
      vertex -16.1304 26.5995 0.0036108
      vertex -16.1731 26.4588 0.4
      vertex -16.1731 26.4588 0.0036108
    endloop
  endfacet
  facet normal -0.881967 -0.471312 0
    outer loop
      vertex -9.11959 26.5995 0.0036108
      vertex -9.1889 26.7292 0.4
      vertex -9.1889 26.7292 0.0036108
    endloop
  endfacet
  facet normal -0.881967 -0.471312 0
    outer loop
      vertex -9.1889 26.7292 0.4
      vertex -9.11959 26.5995 0.0036108
      vertex -9.11959 26.5995 0.4
    endloop
  endfacet
  facet normal -0.290404 -0.956904 0
    outer loop
      vertex -9.66619 27.0481 0.0036108
      vertex -9.52549 27.0054 0.4
      vertex -9.66619 27.0481 0.4
    endloop
  endfacet
  facet normal -0.290404 -0.956904 -0
    outer loop
      vertex -9.52549 27.0054 0.4
      vertex -9.66619 27.0481 0.0036108
      vertex -9.52549 27.0054 0.0036108
    endloop
  endfacet
  facet normal -0.881967 0.471312 0
    outer loop
      vertex -9.1889 20.2708 0.0036108
      vertex -9.11959 20.4005 0.4
      vertex -9.11959 20.4005 0.0036108
    endloop
  endfacet
  facet normal -0.881967 0.471312 0
    outer loop
      vertex -9.11959 20.4005 0.4
      vertex -9.1889 20.2708 0.0036108
      vertex -9.1889 20.2708 0.4
    endloop
  endfacet
  facet normal -0.956961 -0.290217 0
    outer loop
      vertex -9.07692 26.4588 0.0036108
      vertex -9.11959 26.5995 0.4
      vertex -9.11959 26.5995 0.0036108
    endloop
  endfacet
  facet normal -0.956961 -0.290217 0
    outer loop
      vertex -9.11959 26.5995 0.4
      vertex -9.07692 26.4588 0.0036108
      vertex -9.07692 26.4588 0.4
    endloop
  endfacet
  facet normal 0 -1 0
    outer loop
      vertex -15.4375 27.0625 0.0036108
      vertex -9.8125 27.0625 0.4
      vertex -15.4375 27.0625 0.4
    endloop
  endfacet
  facet normal 0 -1 -0
    outer loop
      vertex -9.8125 27.0625 0.4
      vertex -15.4375 27.0625 0.0036108
      vertex -9.8125 27.0625 0.0036108
    endloop
  endfacet
  facet normal -0.995178 -0.0980893 0
    outer loop
      vertex -9.0625 26.3125 0.0036108
      vertex -9.07692 26.4588 0.4
      vertex -9.07692 26.4588 0.0036108
    endloop
  endfacet
  facet normal -0.995178 -0.0980893 0
    outer loop
      vertex -9.07692 26.4588 0.4
      vertex -9.0625 26.3125 0.0036108
      vertex -9.0625 26.3125 0.4
    endloop
  endfacet
  facet normal -0.0979479 -0.995192 0
    outer loop
      vertex -9.8125 27.0625 0.0036108
      vertex -9.66619 27.0481 0.4
      vertex -9.8125 27.0625 0.4
    endloop
  endfacet
  facet normal -0.0979479 -0.995192 -0
    outer loop
      vertex -9.66619 27.0481 0.4
      vertex -9.8125 27.0625 0.0036108
      vertex -9.66619 27.0481 0.0036108
    endloop
  endfacet
  facet normal -0.634515 -0.772911 0
    outer loop
      vertex -9.39583 26.9361 0.0036108
      vertex -9.28218 26.8428 0.4
      vertex -9.39583 26.9361 0.4
    endloop
  endfacet
  facet normal -0.634515 -0.772911 -0
    outer loop
      vertex -9.28218 26.8428 0.4
      vertex -9.39583 26.9361 0.0036108
      vertex -9.28218 26.8428 0.0036108
    endloop
  endfacet
  facet normal -1 0 0
    outer loop
      vertex -9.0625 20.6875 0.0036108
      vertex -9.0625 26.3125 0.4
      vertex -9.0625 26.3125 0.0036108
    endloop
  endfacet
  facet normal -1 -0 0
    outer loop
      vertex -9.0625 26.3125 0.4
      vertex -9.0625 20.6875 0.0036108
      vertex -9.0625 20.6875 0.4
    endloop
  endfacet
  facet normal 0.881995 -0.471259 0
    outer loop
      vertex -16.1304 26.5995 0.4
      vertex -16.0611 26.7292 0.0036108
      vertex -16.0611 26.7292 0.4
    endloop
  endfacet
  facet normal 0.881995 -0.471259 0
    outer loop
      vertex -16.0611 26.7292 0.0036108
      vertex -16.1304 26.5995 0.4
      vertex -16.1304 26.5995 0.0036108
    endloop
  endfacet
  facet normal -0.772841 -0.6346 0
    outer loop
      vertex -9.1889 26.7292 0.0036108
      vertex -9.28218 26.8428 0.4
      vertex -9.28218 26.8428 0.0036108
    endloop
  endfacet
  facet normal -0.772841 -0.6346 0
    outer loop
      vertex -9.28218 26.8428 0.4
      vertex -9.1889 26.7292 0.0036108
      vertex -9.1889 26.7292 0.4
    endloop
  endfacet
  facet normal -0.995178 0.0980893 0
    outer loop
      vertex -9.07692 20.5412 0.0036108
      vertex -9.0625 20.6875 0.4
      vertex -9.0625 20.6875 0.0036108
    endloop
  endfacet
  facet normal -0.995178 0.0980893 0
    outer loop
      vertex -9.0625 20.6875 0.4
      vertex -9.07692 20.5412 0.0036108
      vertex -9.07692 20.5412 0.4
    endloop
  endfacet
  facet normal 0.634681 -0.772774 0
    outer loop
      vertex -15.9678 26.8428 0.0036108
      vertex -15.8542 26.9361 0.4
      vertex -15.9678 26.8428 0.4
    endloop
  endfacet
  facet normal 0.634681 -0.772774 0
    outer loop
      vertex -15.8542 26.9361 0.4
      vertex -15.9678 26.8428 0.0036108
      vertex -15.8542 26.9361 0.0036108
    endloop
  endfacet
  facet normal -0.772841 0.6346 0
    outer loop
      vertex -9.28218 20.1572 0.0036108
      vertex -9.1889 20.2708 0.4
      vertex -9.1889 20.2708 0.0036108
    endloop
  endfacet
  facet normal -0.772841 0.6346 0
    outer loop
      vertex -9.1889 20.2708 0.4
      vertex -9.28218 20.1572 0.0036108
      vertex -9.28218 20.1572 0.4
    endloop
  endfacet
  facet normal 0.772774 -0.634681 0
    outer loop
      vertex -16.0611 26.7292 0.4
      vertex -15.9678 26.8428 0.0036108
      vertex -15.9678 26.8428 0.4
    endloop
  endfacet
  facet normal 0.772774 -0.634681 0
    outer loop
      vertex -15.9678 26.8428 0.0036108
      vertex -16.0611 26.7292 0.4
      vertex -16.0611 26.7292 0.0036108
    endloop
  endfacet
  facet normal -0.471372 -0.881935 0
    outer loop
      vertex -9.52549 27.0054 0.0036108
      vertex -9.39583 26.9361 0.4
      vertex -9.52549 27.0054 0.4
    endloop
  endfacet
  facet normal -0.471372 -0.881935 -0
    outer loop
      vertex -9.39583 26.9361 0.4
      vertex -9.52549 27.0054 0.0036108
      vertex -9.39583 26.9361 0.0036108
    endloop
  endfacet
  facet normal 0.471259 -0.881995 0
    outer loop
      vertex -15.8542 26.9361 0.0036108
      vertex -15.7245 27.0054 0.4
      vertex -15.8542 26.9361 0.4
    endloop
  endfacet
  facet normal 0.471259 -0.881995 0
    outer loop
      vertex -15.7245 27.0054 0.4
      vertex -15.8542 26.9361 0.0036108
      vertex -15.7245 27.0054 0.0036108
    endloop
  endfacet
  facet normal 0.290404 -0.956904 0
    outer loop
      vertex -15.7245 27.0054 0.0036108
      vertex -15.5838 27.0481 0.4
      vertex -15.7245 27.0054 0.4
    endloop
  endfacet
  facet normal 0.290404 -0.956904 0
    outer loop
      vertex -15.5838 27.0481 0.4
      vertex -15.7245 27.0054 0.0036108
      vertex -15.5838 27.0481 0.0036108
    endloop
  endfacet
  facet normal 0.0979545 -0.995191 0
    outer loop
      vertex -15.5838 27.0481 0.0036108
      vertex -15.4375 27.0625 0.4
      vertex -15.5838 27.0481 0.4
    endloop
  endfacet
  facet normal 0.0979545 -0.995191 0
    outer loop
      vertex -15.4375 27.0625 0.4
      vertex -15.5838 27.0481 0.0036108
      vertex -15.4375 27.0625 0.0036108
    endloop
  endfacet
  facet normal -0.290404 0.956904 0
    outer loop
      vertex -9.52549 19.9946 0.0036108
      vertex -9.66619 19.9519 0.4
      vertex -9.52549 19.9946 0.4
    endloop
  endfacet
  facet normal -0.290404 0.956904 0
    outer loop
      vertex -9.66619 19.9519 0.4
      vertex -9.52549 19.9946 0.0036108
      vertex -9.66619 19.9519 0.0036108
    endloop
  endfacet
  facet normal -0.471372 0.881935 0
    outer loop
      vertex -9.39583 20.0639 0.0036108
      vertex -9.52549 19.9946 0.4
      vertex -9.39583 20.0639 0.4
    endloop
  endfacet
  facet normal -0.471372 0.881935 0
    outer loop
      vertex -9.52549 19.9946 0.4
      vertex -9.39583 20.0639 0.0036108
      vertex -9.52549 19.9946 0.0036108
    endloop
  endfacet
  facet normal -0.0979479 0.995192 0
    outer loop
      vertex -9.66619 19.9519 0.0036108
      vertex -9.8125 19.9375 0.4
      vertex -9.66619 19.9519 0.4
    endloop
  endfacet
  facet normal -0.0979479 0.995192 0
    outer loop
      vertex -9.8125 19.9375 0.4
      vertex -9.66619 19.9519 0.0036108
      vertex -9.8125 19.9375 0.0036108
    endloop
  endfacet
  facet normal -0.995178 0.0980826 0
    outer loop
      vertex 3.67308 1.41619 0.0036108
      vertex 3.6875 1.5625 0.4
      vertex 3.6875 1.5625 0.0036108
    endloop
  endfacet
  facet normal -0.995178 0.0980826 0
    outer loop
      vertex 3.6875 1.5625 0.4
      vertex 3.67308 1.41619 0.0036108
      vertex 3.67308 1.41619 0.4
    endloop
  endfacet
  facet normal 0.881906 0.471425 0
    outer loop
      vertex -3.3111 1.14583 0.4
      vertex -3.38041 1.27549 0.0036108
      vertex -3.38041 1.27549 0.4
    endloop
  endfacet
  facet normal 0.881906 0.471425 0
    outer loop
      vertex -3.38041 1.27549 0.0036108
      vertex -3.3111 1.14583 0.4
      vertex -3.3111 1.14583 0.0036108
    endloop
  endfacet
  facet normal 1 -0 0
    outer loop
      vertex -3.4375 1.5625 0.4
      vertex -3.4375 7.1875 0.0036108
      vertex -3.4375 7.1875 0.4
    endloop
  endfacet
  facet normal 1 0 0
    outer loop
      vertex -3.4375 7.1875 0.0036108
      vertex -3.4375 1.5625 0.4
      vertex -3.4375 1.5625 0.0036108
    endloop
  endfacet
  facet normal 0.0980826 0.995178 -0
    outer loop
      vertex -2.6875 0.8125 0.0036108
      vertex -2.83381 0.82692 0.4
      vertex -2.6875 0.8125 0.4
    endloop
  endfacet
  facet normal 0.0980826 0.995178 0
    outer loop
      vertex -2.83381 0.82692 0.4
      vertex -2.6875 0.8125 0.0036108
      vertex -2.83381 0.82692 0.0036108
    endloop
  endfacet
  facet normal 0.956961 0.290217 0
    outer loop
      vertex -3.38041 1.27549 0.4
      vertex -3.42308 1.41619 0.0036108
      vertex -3.42308 1.41619 0.4
    endloop
  endfacet
  facet normal 0.956961 0.290217 0
    outer loop
      vertex -3.42308 1.41619 0.0036108
      vertex -3.38041 1.27549 0.4
      vertex -3.38041 1.27549 0.0036108
    endloop
  endfacet
  facet normal 0.995178 0.0980826 0
    outer loop
      vertex -3.42308 1.41619 0.4
      vertex -3.4375 1.5625 0.0036108
      vertex -3.4375 1.5625 0.4
    endloop
  endfacet
  facet normal 0.995178 0.0980826 0
    outer loop
      vertex -3.4375 1.5625 0.0036108
      vertex -3.42308 1.41619 0.4
      vertex -3.42308 1.41619 0.0036108
    endloop
  endfacet
  facet normal -0.0980826 0.995178 0
    outer loop
      vertex 3.08381 0.82692 0.0036108
      vertex 2.9375 0.8125 0.4
      vertex 3.08381 0.82692 0.4
    endloop
  endfacet
  facet normal -0.0980826 0.995178 0
    outer loop
      vertex 2.9375 0.8125 0.4
      vertex 3.08381 0.82692 0.0036108
      vertex 2.9375 0.8125 0.0036108
    endloop
  endfacet
  facet normal -0.772978 0.634433 0
    outer loop
      vertex 3.46782 1.03218 0.0036108
      vertex 3.5611 1.14583 0.4
      vertex 3.5611 1.14583 0.0036108
    endloop
  endfacet
  facet normal -0.772978 0.634433 0
    outer loop
      vertex 3.5611 1.14583 0.4
      vertex 3.46782 1.03218 0.0036108
      vertex 3.46782 1.03218 0.4
    endloop
  endfacet
  facet normal -0.471398 0.88192 0
    outer loop
      vertex 3.35417 0.9389 0.0036108
      vertex 3.22451 0.869595 0.4
      vertex 3.35417 0.9389 0.4
    endloop
  endfacet
  facet normal -0.471398 0.88192 0
    outer loop
      vertex 3.22451 0.869595 0.4
      vertex 3.35417 0.9389 0.0036108
      vertex 3.22451 0.869595 0.0036108
    endloop
  endfacet
  facet normal -1 0 0
    outer loop
      vertex 3.6875 1.5625 0.0036108
      vertex 3.6875 7.1875 0.4
      vertex 3.6875 7.1875 0.0036108
    endloop
  endfacet
  facet normal -1 -0 0
    outer loop
      vertex 3.6875 7.1875 0.4
      vertex 3.6875 1.5625 0.0036108
      vertex 3.6875 1.5625 0.4
    endloop
  endfacet
  facet normal 0.634433 0.772978 -0
    outer loop
      vertex -3.10417 0.9389 0.0036108
      vertex -3.21782 1.03218 0.4
      vertex -3.10417 0.9389 0.4
    endloop
  endfacet
  facet normal 0.634433 0.772978 0
    outer loop
      vertex -3.21782 1.03218 0.4
      vertex -3.10417 0.9389 0.0036108
      vertex -3.21782 1.03218 0.0036108
    endloop
  endfacet
  facet normal 0.290248 0.956951 -0
    outer loop
      vertex -2.83381 0.82692 0.0036108
      vertex -2.97451 0.869595 0.4
      vertex -2.83381 0.82692 0.4
    endloop
  endfacet
  facet normal 0.290248 0.956951 0
    outer loop
      vertex -2.97451 0.869595 0.4
      vertex -2.83381 0.82692 0.0036108
      vertex -2.97451 0.869595 0.0036108
    endloop
  endfacet
  facet normal 0.772978 0.634433 0
    outer loop
      vertex -3.21782 1.03218 0.4
      vertex -3.3111 1.14583 0.0036108
      vertex -3.3111 1.14583 0.4
    endloop
  endfacet
  facet normal 0.772978 0.634433 0
    outer loop
      vertex -3.3111 1.14583 0.0036108
      vertex -3.21782 1.03218 0.4
      vertex -3.21782 1.03218 0.0036108
    endloop
  endfacet
  facet normal 0.471398 0.88192 -0
    outer loop
      vertex -2.97451 0.869595 0.0036108
      vertex -3.10417 0.9389 0.4
      vertex -2.97451 0.869595 0.4
    endloop
  endfacet
  facet normal 0.471398 0.88192 0
    outer loop
      vertex -3.10417 0.9389 0.4
      vertex -2.97451 0.869595 0.0036108
      vertex -3.10417 0.9389 0.0036108
    endloop
  endfacet
  facet normal -0.956961 0.290217 0
    outer loop
      vertex 3.63041 1.27549 0.0036108
      vertex 3.67308 1.41619 0.4
      vertex 3.67308 1.41619 0.0036108
    endloop
  endfacet
  facet normal -0.956961 0.290217 0
    outer loop
      vertex 3.67308 1.41619 0.4
      vertex 3.63041 1.27549 0.0036108
      vertex 3.63041 1.27549 0.4
    endloop
  endfacet
  facet normal -0.881906 0.471425 0
    outer loop
      vertex 3.5611 1.14583 0.0036108
      vertex 3.63041 1.27549 0.4
      vertex 3.63041 1.27549 0.0036108
    endloop
  endfacet
  facet normal -0.881906 0.471425 0
    outer loop
      vertex 3.63041 1.27549 0.4
      vertex 3.5611 1.14583 0.0036108
      vertex 3.5611 1.14583 0.4
    endloop
  endfacet
  facet normal 0 1 -0
    outer loop
      vertex 2.9375 0.8125 0.0036108
      vertex -2.6875 0.8125 0.4
      vertex 2.9375 0.8125 0.4
    endloop
  endfacet
  facet normal 0 1 0
    outer loop
      vertex -2.6875 0.8125 0.4
      vertex 2.9375 0.8125 0.0036108
      vertex -2.6875 0.8125 0.0036108
    endloop
  endfacet
  facet normal 0 0 -1
    outer loop
      vertex -9.0625 7.1875 0.4
      vertex -3.4375 14.3125 0.4
      vertex -3.4375 7.1875 0.4
    endloop
  endfacet
  facet normal 0 0 -1
    outer loop
      vertex -9.0625 7.1875 0.4
      vertex -9.0625 14.3125 0.4
      vertex -3.4375 14.3125 0.4
    endloop
  endfacet
  facet normal 0 0 -1
    outer loop
      vertex -9.8125 7.9375 0.4
      vertex -9.0625 7.1875 0.4
      vertex -9.20881 7.20192 0.4
    endloop
  endfacet
  facet normal 0 0 -1
    outer loop
      vertex -9.0625 7.1875 0.4
      vertex -9.8125 7.9375 0.4
      vertex -9.0625 14.3125 0.4
    endloop
  endfacet
  facet normal 0 0 -1
    outer loop
      vertex -9.8125 7.9375 0.4
      vertex -9.20881 7.20192 0.4
      vertex -9.34951 7.24459 0.4
    endloop
  endfacet
  facet normal 0 0 -1
    outer loop
      vertex -9.8125 13.5625 0.4
      vertex -9.0625 14.3125 0.4
      vertex -9.8125 7.9375 0.4
    endloop
  endfacet
  facet normal 0 0 -1
    outer loop
      vertex -9.8125 7.9375 0.4
      vertex -9.34951 7.24459 0.4
      vertex -9.47917 7.3139 0.4
    endloop
  endfacet
  facet normal 0 0 -1
    outer loop
      vertex -9.0625 14.3125 0.4
      vertex -9.8125 13.5625 0.4
      vertex -9.20881 14.2981 0.4
    endloop
  endfacet
  facet normal 0 0 -1
    outer loop
      vertex -9.8125 7.9375 0.4
      vertex -9.47917 7.3139 0.4
      vertex -9.59282 7.40718 0.4
    endloop
  endfacet
  facet normal 0 0 -1
    outer loop
      vertex -9.20881 14.2981 0.4
      vertex -9.8125 13.5625 0.4
      vertex -9.34951 14.2554 0.4
    endloop
  endfacet
  facet normal 0 0 -1
    outer loop
      vertex -9.8125 7.9375 0.4
      vertex -9.59282 7.40718 0.4
      vertex -9.6861 7.52083 0.4
    endloop
  endfacet
  facet normal 0 0 -1
    outer loop
      vertex -9.34951 14.2554 0.4
      vertex -9.8125 13.5625 0.4
      vertex -9.47917 14.1861 0.4
    endloop
  endfacet
  facet normal 0 0 -1
    outer loop
      vertex -9.8125 7.9375 0.4
      vertex -9.6861 7.52083 0.4
      vertex -9.75541 7.65049 0.4
    endloop
  endfacet
  facet normal 0 0 -1
    outer loop
      vertex -9.47917 14.1861 0.4
      vertex -9.8125 13.5625 0.4
      vertex -9.59282 14.0928 0.4
    endloop
  endfacet
  facet normal 0 0 -1
    outer loop
      vertex -9.8125 7.9375 0.4
      vertex -9.75541 7.65049 0.4
      vertex -9.79808 7.79119 0.4
    endloop
  endfacet
  facet normal 0 0 -1
    outer loop
      vertex -9.59282 14.0928 0.4
      vertex -9.8125 13.5625 0.4
      vertex -9.6861 13.9792 0.4
    endloop
  endfacet
  facet normal 0 0 -1
    outer loop
      vertex -9.6861 13.9792 0.4
      vertex -9.8125 13.5625 0.4
      vertex -9.75541 13.8495 0.4
    endloop
  endfacet
  facet normal 0 0 -1
    outer loop
      vertex -9.75541 13.8495 0.4
      vertex -9.8125 13.5625 0.4
      vertex -9.79808 13.7088 0.4
    endloop
  endfacet
  facet normal 0 0 -1
    outer loop
      vertex -3.4375 7.1875 0.4
      vertex 3.6875 7.1875 0.4
      vertex 3.6875 1.5625 0.4
    endloop
  endfacet
  facet normal 0 0 -1
    outer loop
      vertex 3.6875 7.1875 0.4
      vertex -3.4375 7.1875 0.4
      vertex 3.6875 14.3125 0.4
    endloop
  endfacet
  facet normal 0 0 -1
    outer loop
      vertex 2.9375 0.8125 0.4
      vertex 3.6875 1.5625 0.4
      vertex 3.67308 1.41619 0.4
    endloop
  endfacet
  facet normal 0 0 -1
    outer loop
      vertex -3.4375 14.3125 0.4
      vertex 3.6875 14.3125 0.4
      vertex -3.4375 7.1875 0.4
    endloop
  endfacet
  facet normal 0 0 -1
    outer loop
      vertex 2.9375 0.8125 0.4
      vertex 3.67308 1.41619 0.4
      vertex 3.63041 1.27549 0.4
    endloop
  endfacet
  facet normal 0 0 -1
    outer loop
      vertex 3.6875 14.3125 0.4
      vertex -3.4375 14.3125 0.4
      vertex 3.6875 19.9375 0.4
    endloop
  endfacet
  facet normal 0 0 -1
    outer loop
      vertex 2.9375 0.8125 0.4
      vertex 3.63041 1.27549 0.4
      vertex 3.5611 1.14583 0.4
    endloop
  endfacet
  facet normal 0 -0 -1
    outer loop
      vertex 2.9375 20.6875 0.4
      vertex 3.6875 19.9375 0.4
      vertex -3.4375 14.3125 0.4
    endloop
  endfacet
  facet normal 0 0 -1
    outer loop
      vertex 2.9375 0.8125 0.4
      vertex 3.5611 1.14583 0.4
      vertex 3.46782 1.03218 0.4
    endloop
  endfacet
  facet normal 0 0 -1
    outer loop
      vertex 3.6875 19.9375 0.4
      vertex 2.9375 20.6875 0.4
      vertex 3.67308 20.0838 0.4
    endloop
  endfacet
  facet normal 0 0 -1
    outer loop
      vertex 2.9375 0.8125 0.4
      vertex 3.46782 1.03218 0.4
      vertex 3.35417 0.9389 0.4
    endloop
  endfacet
  facet normal 0 0 -1
    outer loop
      vertex 3.67308 20.0838 0.4
      vertex 2.9375 20.6875 0.4
      vertex 3.63041 20.2245 0.4
    endloop
  endfacet
  facet normal 0 0 -1
    outer loop
      vertex 2.9375 0.8125 0.4
      vertex 3.35417 0.9389 0.4
      vertex 3.22451 0.869595 0.4
    endloop
  endfacet
  facet normal 0 0 -1
    outer loop
      vertex 3.63041 20.2245 0.4
      vertex 2.9375 20.6875 0.4
      vertex 3.5611 20.3542 0.4
    endloop
  endfacet
  facet normal 0 0 -1
    outer loop
      vertex 2.9375 0.8125 0.4
      vertex 3.22451 0.869595 0.4
      vertex 3.08381 0.82692 0.4
    endloop
  endfacet
  facet normal 0 0 -1
    outer loop
      vertex 3.5611 20.3542 0.4
      vertex 2.9375 20.6875 0.4
      vertex 3.46782 20.4678 0.4
    endloop
  endfacet
  facet normal -0 0 -1
    outer loop
      vertex 3.6875 1.5625 0.4
      vertex 2.9375 0.8125 0.4
      vertex -3.4375 7.1875 0.4
    endloop
  endfacet
  facet normal 0 0 -1
    outer loop
      vertex 3.46782 20.4678 0.4
      vertex 2.9375 20.6875 0.4
      vertex 3.35417 20.5611 0.4
    endloop
  endfacet
  facet normal 0 0 -1
    outer loop
      vertex -3.4375 7.1875 0.4
      vertex 2.9375 0.8125 0.4
      vertex -2.6875 0.8125 0.4
    endloop
  endfacet
  facet normal 0 0 -1
    outer loop
      vertex 3.35417 20.5611 0.4
      vertex 2.9375 20.6875 0.4
      vertex 3.22451 20.6304 0.4
    endloop
  endfacet
  facet normal 0 0 -1
    outer loop
      vertex -3.4375 1.5625 0.4
      vertex -2.6875 0.8125 0.4
      vertex -2.83381 0.82692 0.4
    endloop
  endfacet
  facet normal 0 0 -1
    outer loop
      vertex 3.22451 20.6304 0.4
      vertex 2.9375 20.6875 0.4
      vertex 3.08381 20.6731 0.4
    endloop
  endfacet
  facet normal 0 0 -1
    outer loop
      vertex -3.4375 1.5625 0.4
      vertex -2.83381 0.82692 0.4
      vertex -2.97451 0.869595 0.4
    endloop
  endfacet
  facet normal -0 0 -1
    outer loop
      vertex 2.9375 20.6875 0.4
      vertex -3.4375 14.3125 0.4
      vertex -2.6875 20.6875 0.4
    endloop
  endfacet
  facet normal 0 0 -1
    outer loop
      vertex -3.4375 1.5625 0.4
      vertex -2.97451 0.869595 0.4
      vertex -3.10417 0.9389 0.4
    endloop
  endfacet
  facet normal 0 0 -1
    outer loop
      vertex -3.4375 19.9375 0.4
      vertex -2.6875 20.6875 0.4
      vertex -3.4375 14.3125 0.4
    endloop
  endfacet
  facet normal 0 0 -1
    outer loop
      vertex -3.4375 1.5625 0.4
      vertex -3.10417 0.9389 0.4
      vertex -3.21782 1.03218 0.4
    endloop
  endfacet
  facet normal 0 0 -1
    outer loop
      vertex -2.6875 20.6875 0.4
      vertex -3.4375 19.9375 0.4
      vertex -2.83381 20.6731 0.4
    endloop
  endfacet
  facet normal 0 0 -1
    outer loop
      vertex -3.4375 1.5625 0.4
      vertex -3.21782 1.03218 0.4
      vertex -3.3111 1.14583 0.4
    endloop
  endfacet
  facet normal 0 0 -1
    outer loop
      vertex -2.83381 20.6731 0.4
      vertex -3.4375 19.9375 0.4
      vertex -2.97451 20.6304 0.4
    endloop
  endfacet
  facet normal 0 0 -1
    outer loop
      vertex -3.4375 1.5625 0.4
      vertex -3.3111 1.14583 0.4
      vertex -3.38041 1.27549 0.4
    endloop
  endfacet
  facet normal 0 0 -1
    outer loop
      vertex -2.97451 20.6304 0.4
      vertex -3.4375 19.9375 0.4
      vertex -3.10417 20.5611 0.4
    endloop
  endfacet
  facet normal 0 0 -1
    outer loop
      vertex -3.4375 1.5625 0.4
      vertex -3.38041 1.27549 0.4
      vertex -3.42308 1.41619 0.4
    endloop
  endfacet
  facet normal 0 0 -1
    outer loop
      vertex -3.10417 20.5611 0.4
      vertex -3.4375 19.9375 0.4
      vertex -3.21782 20.4678 0.4
    endloop
  endfacet
  facet normal 0 0 -1
    outer loop
      vertex -2.6875 0.8125 0.4
      vertex -3.4375 1.5625 0.4
      vertex -3.4375 7.1875 0.4
    endloop
  endfacet
  facet normal 0 0 -1
    outer loop
      vertex -3.21782 20.4678 0.4
      vertex -3.4375 19.9375 0.4
      vertex -3.3111 20.3542 0.4
    endloop
  endfacet
  facet normal 0 0 -1
    outer loop
      vertex -3.3111 20.3542 0.4
      vertex -3.4375 19.9375 0.4
      vertex -3.38041 20.2245 0.4
    endloop
  endfacet
  facet normal 0 0 -1
    outer loop
      vertex -3.38041 20.2245 0.4
      vertex -3.4375 19.9375 0.4
      vertex -3.42308 20.0838 0.4
    endloop
  endfacet
  facet normal 0 0 -1
    outer loop
      vertex 9.3125 7.1875 0.4
      vertex 10.0625 7.9375 0.4
      vertex 10.0481 7.79119 0.4
    endloop
  endfacet
  facet normal -0 0 -1
    outer loop
      vertex 10.0625 7.9375 0.4
      vertex 9.3125 7.1875 0.4
      vertex 10.0625 13.5625 0.4
    endloop
  endfacet
  facet normal 0 0 -1
    outer loop
      vertex 9.3125 7.1875 0.4
      vertex 10.0481 7.79119 0.4
      vertex 10.0054 7.65049 0.4
    endloop
  endfacet
  facet normal 0 0 -1
    outer loop
      vertex 9.3125 14.3125 0.4
      vertex 10.0625 13.5625 0.4
      vertex 9.3125 7.1875 0.4
    endloop
  endfacet
  facet normal 0 0 -1
    outer loop
      vertex 9.3125 7.1875 0.4
      vertex 10.0054 7.65049 0.4
      vertex 9.9361 7.52083 0.4
    endloop
  endfacet
  facet normal 0 0 -1
    outer loop
      vertex 10.0625 13.5625 0.4
      vertex 9.3125 14.3125 0.4
      vertex 10.0481 13.7088 0.4
    endloop
  endfacet
  facet normal 0 0 -1
    outer loop
      vertex 9.3125 7.1875 0.4
      vertex 9.9361 7.52083 0.4
      vertex 9.84282 7.40718 0.4
    endloop
  endfacet
  facet normal 0 0 -1
    outer loop
      vertex 10.0481 13.7088 0.4
      vertex 9.3125 14.3125 0.4
      vertex 10.0054 13.8495 0.4
    endloop
  endfacet
  facet normal 0 0 -1
    outer loop
      vertex 9.3125 7.1875 0.4
      vertex 9.84282 7.40718 0.4
      vertex 9.72917 7.3139 0.4
    endloop
  endfacet
  facet normal 0 0 -1
    outer loop
      vertex 10.0054 13.8495 0.4
      vertex 9.3125 14.3125 0.4
      vertex 9.9361 13.9792 0.4
    endloop
  endfacet
  facet normal 0 0 -1
    outer loop
      vertex 9.3125 7.1875 0.4
      vertex 9.72917 7.3139 0.4
      vertex 9.59951 7.24459 0.4
    endloop
  endfacet
  facet normal 0 0 -1
    outer loop
      vertex 9.9361 13.9792 0.4
      vertex 9.3125 14.3125 0.4
      vertex 9.84282 14.0928 0.4
    endloop
  endfacet
  facet normal 0 0 -1
    outer loop
      vertex 9.3125 7.1875 0.4
      vertex 9.59951 7.24459 0.4
      vertex 9.45881 7.20192 0.4
    endloop
  endfacet
  facet normal 0 0 -1
    outer loop
      vertex 9.84282 14.0928 0.4
      vertex 9.3125 14.3125 0.4
      vertex 9.72917 14.1861 0.4
    endloop
  endfacet
  facet normal 0 0 -1
    outer loop
      vertex 9.72917 14.1861 0.4
      vertex 9.3125 14.3125 0.4
      vertex 9.59951 14.2554 0.4
    endloop
  endfacet
  facet normal 0 0 -1
    outer loop
      vertex 9.59951 14.2554 0.4
      vertex 9.3125 14.3125 0.4
      vertex 9.45881 14.2981 0.4
    endloop
  endfacet
  facet normal 0 0 -1
    outer loop
      vertex 3.6875 7.1875 0.4
      vertex 9.3125 14.3125 0.4
      vertex 9.3125 7.1875 0.4
    endloop
  endfacet
  facet normal -0 0 -1
    outer loop
      vertex 9.3125 14.3125 0.4
      vertex 3.6875 7.1875 0.4
      vertex 3.6875 14.3125 0.4
    endloop
  endfacet
  facet normal -0.290248 0.956951 0
    outer loop
      vertex 3.22451 0.869595 0.0036108
      vertex 3.08381 0.82692 0.4
      vertex 3.22451 0.869595 0.4
    endloop
  endfacet
  facet normal -0.290248 0.956951 0
    outer loop
      vertex 3.08381 0.82692 0.4
      vertex 3.22451 0.869595 0.0036108
      vertex 3.08381 0.82692 0.0036108
    endloop
  endfacet
  facet normal -0.634433 0.772978 0
    outer loop
      vertex 3.46782 1.03218 0.0036108
      vertex 3.35417 0.9389 0.4
      vertex 3.46782 1.03218 0.4
    endloop
  endfacet
  facet normal -0.634433 0.772978 0
    outer loop
      vertex 3.35417 0.9389 0.4
      vertex 3.46782 1.03218 0.0036108
      vertex 3.35417 0.9389 0.0036108
    endloop
  endfacet
  facet normal 0.995178 -0.0980893 0
    outer loop
      vertex -3.4375 19.9375 0.4
      vertex -3.42308 20.0838 0.0036108
      vertex -3.42308 20.0838 0.4
    endloop
  endfacet
  facet normal 0.995178 -0.0980893 0
    outer loop
      vertex -3.42308 20.0838 0.0036108
      vertex -3.4375 19.9375 0.4
      vertex -3.4375 19.9375 0.0036108
    endloop
  endfacet
  facet normal 1 -0 0
    outer loop
      vertex -3.4375 14.3125 0.4
      vertex -3.4375 19.9375 0.0036108
      vertex -3.4375 19.9375 0.4
    endloop
  endfacet
  facet normal 1 0 0
    outer loop
      vertex -3.4375 19.9375 0.0036108
      vertex -3.4375 14.3125 0.4
      vertex -3.4375 14.3125 0.0036108
    endloop
  endfacet
  facet normal 0.956961 -0.290217 0
    outer loop
      vertex -3.42308 20.0838 0.4
      vertex -3.38041 20.2245 0.0036108
      vertex -3.38041 20.2245 0.4
    endloop
  endfacet
  facet normal 0.956961 -0.290217 0
    outer loop
      vertex -3.38041 20.2245 0.0036108
      vertex -3.42308 20.0838 0.4
      vertex -3.42308 20.0838 0.0036108
    endloop
  endfacet
  facet normal -0.881967 -0.471312 0
    outer loop
      vertex 3.63041 20.2245 0.0036108
      vertex 3.5611 20.3542 0.4
      vertex 3.5611 20.3542 0.0036108
    endloop
  endfacet
  facet normal -0.881967 -0.471312 0
    outer loop
      vertex 3.5611 20.3542 0.4
      vertex 3.63041 20.2245 0.0036108
      vertex 3.63041 20.2245 0.4
    endloop
  endfacet
  facet normal -0.290404 -0.956904 0
    outer loop
      vertex 3.08381 20.6731 0.0036108
      vertex 3.22451 20.6304 0.4
      vertex 3.08381 20.6731 0.4
    endloop
  endfacet
  facet normal -0.290404 -0.956904 -0
    outer loop
      vertex 3.22451 20.6304 0.4
      vertex 3.08381 20.6731 0.0036108
      vertex 3.22451 20.6304 0.0036108
    endloop
  endfacet
  facet normal -0.956961 -0.290217 0
    outer loop
      vertex 3.67308 20.0838 0.0036108
      vertex 3.63041 20.2245 0.4
      vertex 3.63041 20.2245 0.0036108
    endloop
  endfacet
  facet normal -0.956961 -0.290217 0
    outer loop
      vertex 3.63041 20.2245 0.4
      vertex 3.67308 20.0838 0.0036108
      vertex 3.67308 20.0838 0.4
    endloop
  endfacet
  facet normal 0 -1 0
    outer loop
      vertex -2.6875 20.6875 0.0036108
      vertex 2.9375 20.6875 0.4
      vertex -2.6875 20.6875 0.4
    endloop
  endfacet
  facet normal 0 -1 -0
    outer loop
      vertex 2.9375 20.6875 0.4
      vertex -2.6875 20.6875 0.0036108
      vertex 2.9375 20.6875 0.0036108
    endloop
  endfacet
  facet normal 0.0979479 -0.995192 0
    outer loop
      vertex -2.83381 20.6731 0.0036108
      vertex -2.6875 20.6875 0.4
      vertex -2.83381 20.6731 0.4
    endloop
  endfacet
  facet normal 0.0979479 -0.995192 0
    outer loop
      vertex -2.6875 20.6875 0.4
      vertex -2.83381 20.6731 0.0036108
      vertex -2.6875 20.6875 0.0036108
    endloop
  endfacet
  facet normal -0.995178 -0.0980893 0
    outer loop
      vertex 3.6875 19.9375 0.0036108
      vertex 3.67308 20.0838 0.4
      vertex 3.67308 20.0838 0.0036108
    endloop
  endfacet
  facet normal -0.995178 -0.0980893 0
    outer loop
      vertex 3.67308 20.0838 0.4
      vertex 3.6875 19.9375 0.0036108
      vertex 3.6875 19.9375 0.4
    endloop
  endfacet
  facet normal -0.0979479 -0.995192 0
    outer loop
      vertex 2.9375 20.6875 0.0036108
      vertex 3.08381 20.6731 0.4
      vertex 2.9375 20.6875 0.4
    endloop
  endfacet
  facet normal -0.0979479 -0.995192 -0
    outer loop
      vertex 3.08381 20.6731 0.4
      vertex 2.9375 20.6875 0.0036108
      vertex 3.08381 20.6731 0.0036108
    endloop
  endfacet
  facet normal -0.634515 -0.772911 0
    outer loop
      vertex 3.35417 20.5611 0.0036108
      vertex 3.46782 20.4678 0.4
      vertex 3.35417 20.5611 0.4
    endloop
  endfacet
  facet normal -0.634515 -0.772911 -0
    outer loop
      vertex 3.46782 20.4678 0.4
      vertex 3.35417 20.5611 0.0036108
      vertex 3.46782 20.4678 0.0036108
    endloop
  endfacet
  facet normal -1 0 0
    outer loop
      vertex 3.6875 14.3125 0.0036108
      vertex 3.6875 19.9375 0.4
      vertex 3.6875 19.9375 0.0036108
    endloop
  endfacet
  facet normal -1 -0 0
    outer loop
      vertex 3.6875 19.9375 0.4
      vertex 3.6875 14.3125 0.0036108
      vertex 3.6875 14.3125 0.4
    endloop
  endfacet
  facet normal 0.881967 -0.471312 0
    outer loop
      vertex -3.38041 20.2245 0.4
      vertex -3.3111 20.3542 0.0036108
      vertex -3.3111 20.3542 0.4
    endloop
  endfacet
  facet normal 0.881967 -0.471312 0
    outer loop
      vertex -3.3111 20.3542 0.0036108
      vertex -3.38041 20.2245 0.4
      vertex -3.38041 20.2245 0.0036108
    endloop
  endfacet
  facet normal -0.772841 -0.6346 0
    outer loop
      vertex 3.5611 20.3542 0.0036108
      vertex 3.46782 20.4678 0.4
      vertex 3.46782 20.4678 0.0036108
    endloop
  endfacet
  facet normal -0.772841 -0.6346 0
    outer loop
      vertex 3.46782 20.4678 0.4
      vertex 3.5611 20.3542 0.0036108
      vertex 3.5611 20.3542 0.4
    endloop
  endfacet
  facet normal 0.634515 -0.772911 0
    outer loop
      vertex -3.21782 20.4678 0.0036108
      vertex -3.10417 20.5611 0.4
      vertex -3.21782 20.4678 0.4
    endloop
  endfacet
  facet normal 0.634515 -0.772911 0
    outer loop
      vertex -3.10417 20.5611 0.4
      vertex -3.21782 20.4678 0.0036108
      vertex -3.10417 20.5611 0.0036108
    endloop
  endfacet
  facet normal 0.772841 -0.6346 0
    outer loop
      vertex -3.3111 20.3542 0.4
      vertex -3.21782 20.4678 0.0036108
      vertex -3.21782 20.4678 0.4
    endloop
  endfacet
  facet normal 0.772841 -0.6346 0
    outer loop
      vertex -3.21782 20.4678 0.0036108
      vertex -3.3111 20.3542 0.4
      vertex -3.3111 20.3542 0.0036108
    endloop
  endfacet
  facet normal -0.471372 -0.881935 0
    outer loop
      vertex 3.22451 20.6304 0.0036108
      vertex 3.35417 20.5611 0.4
      vertex 3.22451 20.6304 0.4
    endloop
  endfacet
  facet normal -0.471372 -0.881935 -0
    outer loop
      vertex 3.35417 20.5611 0.4
      vertex 3.22451 20.6304 0.0036108
      vertex 3.35417 20.5611 0.0036108
    endloop
  endfacet
  facet normal 0.471372 -0.881935 0
    outer loop
      vertex -3.10417 20.5611 0.0036108
      vertex -2.97451 20.6304 0.4
      vertex -3.10417 20.5611 0.4
    endloop
  endfacet
  facet normal 0.471372 -0.881935 0
    outer loop
      vertex -2.97451 20.6304 0.4
      vertex -3.10417 20.5611 0.0036108
      vertex -2.97451 20.6304 0.0036108
    endloop
  endfacet
  facet normal 0.290404 -0.956904 0
    outer loop
      vertex -2.97451 20.6304 0.0036108
      vertex -2.83381 20.6731 0.4
      vertex -2.97451 20.6304 0.4
    endloop
  endfacet
  facet normal 0.290404 -0.956904 0
    outer loop
      vertex -2.83381 20.6731 0.4
      vertex -2.97451 20.6304 0.0036108
      vertex -2.83381 20.6731 0.0036108
    endloop
  endfacet
  facet normal 0.881906 0.471425 0
    outer loop
      vertex 9.4389 -5.22917 0.4
      vertex 9.36959 -5.09951 0.0036108
      vertex 9.36959 -5.09951 0.4
    endloop
  endfacet
  facet normal 0.881906 0.471425 0
    outer loop
      vertex 9.36959 -5.09951 0.0036108
      vertex 9.4389 -5.22917 0.4
      vertex 9.4389 -5.22917 0.0036108
    endloop
  endfacet
  facet normal 0.290217 -0.956961 0
    outer loop
      vertex 9.77549 1.50541 0.0036108
      vertex 9.91619 1.54808 0.4
      vertex 9.77549 1.50541 0.4
    endloop
  endfacet
  facet normal 0.290217 -0.956961 0
    outer loop
      vertex 9.91619 1.54808 0.4
      vertex 9.77549 1.50541 0.0036108
      vertex 9.91619 1.54808 0.0036108
    endloop
  endfacet
  facet normal -1 0 0
    outer loop
      vertex 16.4375 -4.8125 0.0036108
      vertex 16.4375 0.8125 0.4
      vertex 16.4375 0.8125 0.0036108
    endloop
  endfacet
  facet normal -1 -0 0
    outer loop
      vertex 16.4375 0.8125 0.4
      vertex 16.4375 -4.8125 0.0036108
      vertex 16.4375 -4.8125 0.4
    endloop
  endfacet
  facet normal 0.634433 0.772978 -0
    outer loop
      vertex 9.64583 -5.4361 0.0036108
      vertex 9.53218 -5.34282 0.4
      vertex 9.64583 -5.4361 0.4
    endloop
  endfacet
  facet normal 0.634433 0.772978 0
    outer loop
      vertex 9.53218 -5.34282 0.4
      vertex 9.64583 -5.4361 0.0036108
      vertex 9.53218 -5.34282 0.0036108
    endloop
  endfacet
  facet normal 0 -1 0
    outer loop
      vertex 10.0625 1.5625 0.0036108
      vertex 15.6875 1.5625 0.4
      vertex 10.0625 1.5625 0.4
    endloop
  endfacet
  facet normal 0 -1 -0
    outer loop
      vertex 15.6875 1.5625 0.4
      vertex 10.0625 1.5625 0.0036108
      vertex 15.6875 1.5625 0.0036108
    endloop
  endfacet
  facet normal 0.634433 -0.772978 0
    outer loop
      vertex 9.53218 1.34282 0.0036108
      vertex 9.64583 1.4361 0.4
      vertex 9.53218 1.34282 0.4
    endloop
  endfacet
  facet normal 0.634433 -0.772978 0
    outer loop
      vertex 9.64583 1.4361 0.4
      vertex 9.53218 1.34282 0.0036108
      vertex 9.64583 1.4361 0.0036108
    endloop
  endfacet
  facet normal 0.881906 -0.471425 0
    outer loop
      vertex 9.36959 1.09951 0.4
      vertex 9.4389 1.22917 0.0036108
      vertex 9.4389 1.22917 0.4
    endloop
  endfacet
  facet normal 0.881906 -0.471425 0
    outer loop
      vertex 9.4389 1.22917 0.0036108
      vertex 9.36959 1.09951 0.4
      vertex 9.36959 1.09951 0.0036108
    endloop
  endfacet
  facet normal 0.772978 -0.634433 0
    outer loop
      vertex 9.4389 1.22917 0.4
      vertex 9.53218 1.34282 0.0036108
      vertex 9.53218 1.34282 0.4
    endloop
  endfacet
  facet normal 0.772978 -0.634433 0
    outer loop
      vertex 9.53218 1.34282 0.0036108
      vertex 9.4389 1.22917 0.4
      vertex 9.4389 1.22917 0.0036108
    endloop
  endfacet
  facet normal -0.290217 0.956961 0
    outer loop
      vertex 15.9745 -5.50541 0.0036108
      vertex 15.8338 -5.54808 0.4
      vertex 15.9745 -5.50541 0.4
    endloop
  endfacet
  facet normal -0.290217 0.956961 0
    outer loop
      vertex 15.8338 -5.54808 0.4
      vertex 15.9745 -5.50541 0.0036108
      vertex 15.8338 -5.54808 0.0036108
    endloop
  endfacet
  facet normal 0.995178 0.0980826 0
    outer loop
      vertex 9.32692 -4.95881 0.4
      vertex 9.3125 -4.8125 0.0036108
      vertex 9.3125 -4.8125 0.4
    endloop
  endfacet
  facet normal 0.995178 0.0980826 0
    outer loop
      vertex 9.3125 -4.8125 0.0036108
      vertex 9.32692 -4.95881 0.4
      vertex 9.32692 -4.95881 0.0036108
    endloop
  endfacet
  facet normal 0.471425 -0.881906 0
    outer loop
      vertex 9.64583 1.4361 0.0036108
      vertex 9.77549 1.50541 0.4
      vertex 9.64583 1.4361 0.4
    endloop
  endfacet
  facet normal 0.471425 -0.881906 0
    outer loop
      vertex 9.77549 1.50541 0.4
      vertex 9.64583 1.4361 0.0036108
      vertex 9.77549 1.50541 0.0036108
    endloop
  endfacet
  facet normal 0.956961 0.290217 0
    outer loop
      vertex 9.36959 -5.09951 0.4
      vertex 9.32692 -4.95881 0.0036108
      vertex 9.32692 -4.95881 0.4
    endloop
  endfacet
  facet normal 0.956961 0.290217 0
    outer loop
      vertex 9.32692 -4.95881 0.0036108
      vertex 9.36959 -5.09951 0.4
      vertex 9.36959 -5.09951 0.0036108
    endloop
  endfacet
  facet normal 0.995178 -0.0980806 0
    outer loop
      vertex 9.3125 0.8125 0.4
      vertex 9.32692 0.958813 0.0036108
      vertex 9.32692 0.958813 0.4
    endloop
  endfacet
  facet normal 0.995178 -0.0980806 0
    outer loop
      vertex 9.32692 0.958813 0.0036108
      vertex 9.3125 0.8125 0.4
      vertex 9.3125 0.8125 0.0036108
    endloop
  endfacet
  facet normal 0.956959 -0.290223 0
    outer loop
      vertex 9.32692 0.958813 0.4
      vertex 9.36959 1.09951 0.0036108
      vertex 9.36959 1.09951 0.4
    endloop
  endfacet
  facet normal 0.956959 -0.290223 0
    outer loop
      vertex 9.36959 1.09951 0.0036108
      vertex 9.32692 0.958813 0.4
      vertex 9.32692 0.958813 0.0036108
    endloop
  endfacet
  facet normal 1 -0 0
    outer loop
      vertex 9.3125 -4.8125 0.4
      vertex 9.3125 0.8125 0.0036108
      vertex 9.3125 0.8125 0.4
    endloop
  endfacet
  facet normal 1 0 0
    outer loop
      vertex 9.3125 0.8125 0.0036108
      vertex 9.3125 -4.8125 0.4
      vertex 9.3125 -4.8125 0.0036108
    endloop
  endfacet
  facet normal -0.772911 0.634515 0
    outer loop
      vertex 16.2178 -5.34282 0.0036108
      vertex 16.3111 -5.22917 0.4
      vertex 16.3111 -5.22917 0.0036108
    endloop
  endfacet
  facet normal -0.772911 0.634515 0
    outer loop
      vertex 16.3111 -5.22917 0.4
      vertex 16.2178 -5.34282 0.0036108
      vertex 16.2178 -5.34282 0.4
    endloop
  endfacet
  facet normal -0.881935 0.471372 0
    outer loop
      vertex 16.3111 -5.22917 0.0036108
      vertex 16.3804 -5.09951 0.4
      vertex 16.3804 -5.09951 0.0036108
    endloop
  endfacet
  facet normal -0.881935 0.471372 0
    outer loop
      vertex 16.3804 -5.09951 0.4
      vertex 16.3111 -5.22917 0.0036108
      vertex 16.3111 -5.22917 0.4
    endloop
  endfacet
  facet normal 0.772978 0.634433 0
    outer loop
      vertex 9.53218 -5.34282 0.4
      vertex 9.4389 -5.22917 0.0036108
      vertex 9.4389 -5.22917 0.4
    endloop
  endfacet
  facet normal 0.772978 0.634433 0
    outer loop
      vertex 9.4389 -5.22917 0.0036108
      vertex 9.53218 -5.34282 0.4
      vertex 9.53218 -5.34282 0.0036108
    endloop
  endfacet
  facet normal -0.995192 0.0979479 0
    outer loop
      vertex 16.4231 -4.95881 0.0036108
      vertex 16.4375 -4.8125 0.4
      vertex 16.4375 -4.8125 0.0036108
    endloop
  endfacet
  facet normal -0.995192 0.0979479 0
    outer loop
      vertex 16.4375 -4.8125 0.4
      vertex 16.4231 -4.95881 0.0036108
      vertex 16.4231 -4.95881 0.4
    endloop
  endfacet
  facet normal 0.471425 0.881906 -0
    outer loop
      vertex 9.77549 -5.50541 0.0036108
      vertex 9.64583 -5.4361 0.4
      vertex 9.77549 -5.50541 0.4
    endloop
  endfacet
  facet normal 0.471425 0.881906 0
    outer loop
      vertex 9.64583 -5.4361 0.4
      vertex 9.77549 -5.50541 0.0036108
      vertex 9.64583 -5.4361 0.0036108
    endloop
  endfacet
  facet normal -0.6346 0.772841 0
    outer loop
      vertex 16.2178 -5.34282 0.0036108
      vertex 16.1042 -5.4361 0.4
      vertex 16.2178 -5.34282 0.4
    endloop
  endfacet
  facet normal -0.6346 0.772841 0
    outer loop
      vertex 16.1042 -5.4361 0.4
      vertex 16.2178 -5.34282 0.0036108
      vertex 16.1042 -5.4361 0.0036108
    endloop
  endfacet
  facet normal -0.956904 0.290404 0
    outer loop
      vertex 16.3804 -5.09951 0.0036108
      vertex 16.4231 -4.95881 0.4
      vertex 16.4231 -4.95881 0.0036108
    endloop
  endfacet
  facet normal -0.956904 0.290404 0
    outer loop
      vertex 16.4231 -4.95881 0.4
      vertex 16.3804 -5.09951 0.0036108
      vertex 16.3804 -5.09951 0.4
    endloop
  endfacet
  facet normal 0.0980826 0.995178 -0
    outer loop
      vertex 10.0625 -5.5625 0.0036108
      vertex 9.91619 -5.54808 0.4
      vertex 10.0625 -5.5625 0.4
    endloop
  endfacet
  facet normal 0.0980826 0.995178 0
    outer loop
      vertex 9.91619 -5.54808 0.4
      vertex 10.0625 -5.5625 0.0036108
      vertex 9.91619 -5.54808 0.0036108
    endloop
  endfacet
  facet normal 0.0980826 -0.995178 0
    outer loop
      vertex 9.91619 1.54808 0.0036108
      vertex 10.0625 1.5625 0.4
      vertex 9.91619 1.54808 0.4
    endloop
  endfacet
  facet normal 0.0980826 -0.995178 0
    outer loop
      vertex 10.0625 1.5625 0.4
      vertex 9.91619 1.54808 0.0036108
      vertex 10.0625 1.5625 0.0036108
    endloop
  endfacet
  facet normal 0 1 -0
    outer loop
      vertex 15.6875 -5.5625 0.0036108
      vertex 10.0625 -5.5625 0.4
      vertex 15.6875 -5.5625 0.4
    endloop
  endfacet
  facet normal 0 1 0
    outer loop
      vertex 10.0625 -5.5625 0.4
      vertex 15.6875 -5.5625 0.0036108
      vertex 10.0625 -5.5625 0.0036108
    endloop
  endfacet
  facet normal -0.471312 0.881967 0
    outer loop
      vertex 16.1042 -5.4361 0.0036108
      vertex 15.9745 -5.50541 0.4
      vertex 16.1042 -5.4361 0.4
    endloop
  endfacet
  facet normal -0.471312 0.881967 0
    outer loop
      vertex 15.9745 -5.50541 0.4
      vertex 16.1042 -5.4361 0.0036108
      vertex 15.9745 -5.50541 0.0036108
    endloop
  endfacet
  facet normal 0 0 -1
    outer loop
      vertex 22.0625 0.8125 0.4
      vertex 22.8125 1.5625 0.4
      vertex 22.7981 1.41619 0.4
    endloop
  endfacet
  facet normal -0 0 -1
    outer loop
      vertex 22.8125 1.5625 0.4
      vertex 22.0625 0.8125 0.4
      vertex 22.8125 7.1875 0.4
    endloop
  endfacet
  facet normal 0 0 -1
    outer loop
      vertex 22.0625 0.8125 0.4
      vertex 22.7981 1.41619 0.4
      vertex 22.7554 1.27549 0.4
    endloop
  endfacet
  facet normal 0 0 -1
    outer loop
      vertex 15.6875 7.1875 0.4
      vertex 22.8125 7.1875 0.4
      vertex 22.0625 0.8125 0.4
    endloop
  endfacet
  facet normal 0 -0 -1
    outer loop
      vertex 22.7084 7.5625 0.4
      vertex 22.8125 7.1875 0.4
      vertex 15.6875 7.1875 0.4
    endloop
  endfacet
  facet normal 0 0 -1
    outer loop
      vertex 22.8125 7.1875 0.4
      vertex 22.7084 7.5625 0.4
      vertex 22.7981 7.33381 0.4
    endloop
  endfacet
  facet normal 0 0 -1
    outer loop
      vertex 22.0625 0.8125 0.4
      vertex 22.7554 1.27549 0.4
      vertex 22.6861 1.14583 0.4
    endloop
  endfacet
  facet normal 0 0 -1
    outer loop
      vertex 22.7084 7.5625 0.4
      vertex 22.8125 7.9375 0.4
      vertex 22.7981 7.79119 0.4
    endloop
  endfacet
  facet normal -0 0 -1
    outer loop
      vertex 22.8125 7.9375 0.4
      vertex 22.7084 7.5625 0.4
      vertex 22.8125 13.5625 0.4
    endloop
  endfacet
  facet normal 0 0 -1
    outer loop
      vertex 22.7084 7.5625 0.4
      vertex 22.7981 7.79119 0.4
      vertex 22.7554 7.65049 0.4
    endloop
  endfacet
  facet normal 0 0 -1
    outer loop
      vertex 22.7084 13.9375 0.4
      vertex 22.8125 13.5625 0.4
      vertex 22.7084 7.5625 0.4
    endloop
  endfacet
  facet normal 0 0 -1
    outer loop
      vertex 22.8125 13.5625 0.4
      vertex 22.7084 13.9375 0.4
      vertex 22.7981 13.7088 0.4
    endloop
  endfacet
  facet normal 0 0 -1
    outer loop
      vertex 22.7981 13.7088 0.4
      vertex 22.7084 13.9375 0.4
      vertex 22.7554 13.8495 0.4
    endloop
  endfacet
  facet normal 0 0 -1
    outer loop
      vertex 22.7084 13.9375 0.4
      vertex 22.8125 14.3125 0.4
      vertex 22.7981 14.1662 0.4
    endloop
  endfacet
  facet normal 0 0 -1
    outer loop
      vertex 22.8125 14.3125 0.4
      vertex 15.6875 14.3125 0.4
      vertex 22.8125 19.9375 0.4
    endloop
  endfacet
  facet normal 0 0 -1
    outer loop
      vertex 22.7084 13.9375 0.4
      vertex 22.7981 14.1662 0.4
      vertex 22.7554 14.0255 0.4
    endloop
  endfacet
  facet normal 0 0 -1
    outer loop
      vertex 22.8125 19.9375 0.4
      vertex 22.0625 20.6875 0.4
      vertex 22.7981 20.0838 0.4
    endloop
  endfacet
  facet normal -0 0 -1
    outer loop
      vertex 22.8125 14.3125 0.4
      vertex 22.7084 13.9375 0.4
      vertex 15.6875 14.3125 0.4
    endloop
  endfacet
  facet normal 0 0 -1
    outer loop
      vertex 22.7981 20.0838 0.4
      vertex 22.0625 20.6875 0.4
      vertex 22.7554 20.2245 0.4
    endloop
  endfacet
  facet normal 0 0 -1
    outer loop
      vertex 15.6875 7.9375 0.4
      vertex 22.7084 7.5625 0.4
      vertex 15.7916 7.5625 0.4
    endloop
  endfacet
  facet normal 0 0 -1
    outer loop
      vertex 22.0625 0.8125 0.4
      vertex 22.6861 1.14583 0.4
      vertex 22.5928 1.03218 0.4
    endloop
  endfacet
  facet normal 0 0 -1
    outer loop
      vertex 15.6875 13.5625 0.4
      vertex 22.7084 13.9375 0.4
      vertex 15.6875 7.9375 0.4
    endloop
  endfacet
  facet normal 0 0 -1
    outer loop
      vertex 22.0625 0.8125 0.4
      vertex 22.5928 1.03218 0.4
      vertex 22.4792 0.9389 0.4
    endloop
  endfacet
  facet normal 0 -0 -1
    outer loop
      vertex 15.7916 13.9375 0.4
      vertex 22.7084 13.9375 0.4
      vertex 15.6875 13.5625 0.4
    endloop
  endfacet
  facet normal 0 0 -1
    outer loop
      vertex 22.0625 0.8125 0.4
      vertex 22.4792 0.9389 0.4
      vertex 22.3495 0.869595 0.4
    endloop
  endfacet
  facet normal 0 0 -1
    outer loop
      vertex 15.6875 14.3125 0.4
      vertex 22.7084 13.9375 0.4
      vertex 15.7916 13.9375 0.4
    endloop
  endfacet
  facet normal 0 0 -1
    outer loop
      vertex 22.0625 0.8125 0.4
      vertex 22.3495 0.869595 0.4
      vertex 22.2088 0.82692 0.4
    endloop
  endfacet
  facet normal -0 0 -1
    outer loop
      vertex 22.8125 19.9375 0.4
      vertex 15.6875 14.3125 0.4
      vertex 22.0625 20.6875 0.4
    endloop
  endfacet
  facet normal 0 0 -1
    outer loop
      vertex 22.7981 7.33381 0.4
      vertex 22.7084 7.5625 0.4
      vertex 22.7554 7.47451 0.4
    endloop
  endfacet
  facet normal 0 0 -1
    outer loop
      vertex 22.7554 20.2245 0.4
      vertex 22.0625 20.6875 0.4
      vertex 22.6861 20.3542 0.4
    endloop
  endfacet
  facet normal 0 0 -1
    outer loop
      vertex 15.6875 7.1875 0.4
      vertex 22.0625 0.8125 0.4
      vertex 16.4375 0.8125 0.4
    endloop
  endfacet
  facet normal 0 0 -1
    outer loop
      vertex 22.7084 7.5625 0.4
      vertex 15.6875 7.9375 0.4
      vertex 22.7084 13.9375 0.4
    endloop
  endfacet
  facet normal 0 0 -1
    outer loop
      vertex 10.0625 -5.5625 0.4
      vertex 15.6875 1.5625 0.4
      vertex 15.6875 -5.5625 0.4
    endloop
  endfacet
  facet normal 0 0 -1
    outer loop
      vertex 10.0625 -5.5625 0.4
      vertex 10.0625 1.5625 0.4
      vertex 15.6875 1.5625 0.4
    endloop
  endfacet
  facet normal 0 0 -1
    outer loop
      vertex 9.3125 -4.8125 0.4
      vertex 10.0625 -5.5625 0.4
      vertex 9.91619 -5.54808 0.4
    endloop
  endfacet
  facet normal 0 0 -1
    outer loop
      vertex 10.0625 -5.5625 0.4
      vertex 9.3125 -4.8125 0.4
      vertex 10.0625 1.5625 0.4
    endloop
  endfacet
  facet normal 0 0 -1
    outer loop
      vertex 9.3125 -4.8125 0.4
      vertex 9.91619 -5.54808 0.4
      vertex 9.77549 -5.50541 0.4
    endloop
  endfacet
  facet normal 0 0 -1
    outer loop
      vertex 9.3125 0.8125 0.4
      vertex 10.0625 1.5625 0.4
      vertex 9.3125 -4.8125 0.4
    endloop
  endfacet
  facet normal 0 0 -1
    outer loop
      vertex 9.3125 -4.8125 0.4
      vertex 9.77549 -5.50541 0.4
      vertex 9.64583 -5.4361 0.4
    endloop
  endfacet
  facet normal 0 0 -1
    outer loop
      vertex 10.0625 1.5625 0.4
      vertex 9.3125 0.8125 0.4
      vertex 9.91619 1.54808 0.4
    endloop
  endfacet
  facet normal 0 0 -1
    outer loop
      vertex 9.3125 -4.8125 0.4
      vertex 9.64583 -5.4361 0.4
      vertex 9.53218 -5.34282 0.4
    endloop
  endfacet
  facet normal 0 0 -1
    outer loop
      vertex 9.91619 1.54808 0.4
      vertex 9.3125 0.8125 0.4
      vertex 9.77549 1.50541 0.4
    endloop
  endfacet
  facet normal 0 0 -1
    outer loop
      vertex 9.3125 -4.8125 0.4
      vertex 9.53218 -5.34282 0.4
      vertex 9.4389 -5.22917 0.4
    endloop
  endfacet
  facet normal 0 0 -1
    outer loop
      vertex 9.77549 1.50541 0.4
      vertex 9.3125 0.8125 0.4
      vertex 9.64583 1.4361 0.4
    endloop
  endfacet
  facet normal 0 0 -1
    outer loop
      vertex 9.3125 -4.8125 0.4
      vertex 9.4389 -5.22917 0.4
      vertex 9.36959 -5.09951 0.4
    endloop
  endfacet
  facet normal 0 0 -1
    outer loop
      vertex 9.64583 1.4361 0.4
      vertex 9.3125 0.8125 0.4
      vertex 9.53218 1.34282 0.4
    endloop
  endfacet
  facet normal 0 0 -1
    outer loop
      vertex 9.3125 -4.8125 0.4
      vertex 9.36959 -5.09951 0.4
      vertex 9.32692 -4.95881 0.4
    endloop
  endfacet
  facet normal 0 0 -1
    outer loop
      vertex 9.53218 1.34282 0.4
      vertex 9.3125 0.8125 0.4
      vertex 9.4389 1.22917 0.4
    endloop
  endfacet
  facet normal 0 0 -1
    outer loop
      vertex 9.4389 1.22917 0.4
      vertex 9.3125 0.8125 0.4
      vertex 9.36959 1.09951 0.4
    endloop
  endfacet
  facet normal 0 0 -1
    outer loop
      vertex 9.36959 1.09951 0.4
      vertex 9.3125 0.8125 0.4
      vertex 9.32692 0.958813 0.4
    endloop
  endfacet
  facet normal 0 0 -1
    outer loop
      vertex 15.7019 7.79119 0.4
      vertex 15.7916 7.5625 0.4
      vertex 15.7446 7.65049 0.4
    endloop
  endfacet
  facet normal 0 0 -1
    outer loop
      vertex 22.4792 20.5611 0.4
      vertex 22.0625 20.6875 0.4
      vertex 22.3495 20.6304 0.4
    endloop
  endfacet
  facet normal 0 0 -1
    outer loop
      vertex 15.7916 7.5625 0.4
      vertex 15.7019 7.79119 0.4
      vertex 15.6875 7.9375 0.4
    endloop
  endfacet
  facet normal 0 0 -1
    outer loop
      vertex 22.3495 20.6304 0.4
      vertex 22.0625 20.6875 0.4
      vertex 22.2088 20.6731 0.4
    endloop
  endfacet
  facet normal 0 -0 -1
    outer loop
      vertex 15.7019 13.7088 0.4
      vertex 15.7916 13.9375 0.4
      vertex 15.6875 13.5625 0.4
    endloop
  endfacet
  facet normal 0 0 -1
    outer loop
      vertex 15.7916 13.9375 0.4
      vertex 15.7019 13.7088 0.4
      vertex 15.7446 13.8495 0.4
    endloop
  endfacet
  facet normal 0 0 -1
    outer loop
      vertex 15.6875 1.5625 0.4
      vertex 16.4375 0.8125 0.4
      vertex 16.4375 -4.8125 0.4
    endloop
  endfacet
  facet normal 0 0 -1
    outer loop
      vertex 22.6861 20.3542 0.4
      vertex 22.0625 20.6875 0.4
      vertex 22.5928 20.4678 0.4
    endloop
  endfacet
  facet normal 0 0 -1
    outer loop
      vertex 15.6875 -5.5625 0.4
      vertex 16.4375 -4.8125 0.4
      vertex 16.4231 -4.95881 0.4
    endloop
  endfacet
  facet normal 0 0 -1
    outer loop
      vertex 22.5928 20.4678 0.4
      vertex 22.0625 20.6875 0.4
      vertex 22.4792 20.5611 0.4
    endloop
  endfacet
  facet normal 0 0 -1
    outer loop
      vertex 15.6875 -5.5625 0.4
      vertex 16.4231 -4.95881 0.4
      vertex 16.3804 -5.09951 0.4
    endloop
  endfacet
  facet normal -0 0 -1
    outer loop
      vertex 22.0625 20.6875 0.4
      vertex 15.6875 14.3125 0.4
      vertex 16.4375 20.6875 0.4
    endloop
  endfacet
  facet normal 0 0 -1
    outer loop
      vertex 15.6875 -5.5625 0.4
      vertex 16.3804 -5.09951 0.4
      vertex 16.3111 -5.22917 0.4
    endloop
  endfacet
  facet normal -0 0 -1
    outer loop
      vertex 16.4375 20.6875 0.4
      vertex 15.6875 19.9375 0.4
      vertex 16.4375 26.3125 0.4
    endloop
  endfacet
  facet normal 0 0 -1
    outer loop
      vertex 15.6875 -5.5625 0.4
      vertex 16.3111 -5.22917 0.4
      vertex 16.2178 -5.34282 0.4
    endloop
  endfacet
  facet normal 0 0 -1
    outer loop
      vertex 15.6875 27.0625 0.4
      vertex 16.4375 26.3125 0.4
      vertex 15.6875 19.9375 0.4
    endloop
  endfacet
  facet normal 0 0 -1
    outer loop
      vertex 15.6875 -5.5625 0.4
      vertex 16.2178 -5.34282 0.4
      vertex 16.1042 -5.4361 0.4
    endloop
  endfacet
  facet normal 0 0 -1
    outer loop
      vertex 16.4375 26.3125 0.4
      vertex 15.6875 27.0625 0.4
      vertex 16.4231 26.4588 0.4
    endloop
  endfacet
  facet normal 0 0 -1
    outer loop
      vertex 15.6875 -5.5625 0.4
      vertex 16.1042 -5.4361 0.4
      vertex 15.9745 -5.50541 0.4
    endloop
  endfacet
  facet normal 0 0 -1
    outer loop
      vertex 16.4231 26.4588 0.4
      vertex 15.6875 27.0625 0.4
      vertex 16.3804 26.5995 0.4
    endloop
  endfacet
  facet normal 0 0 -1
    outer loop
      vertex 15.6875 -5.5625 0.4
      vertex 15.9745 -5.50541 0.4
      vertex 15.8338 -5.54808 0.4
    endloop
  endfacet
  facet normal 0 0 -1
    outer loop
      vertex 16.3804 26.5995 0.4
      vertex 15.6875 27.0625 0.4
      vertex 16.3111 26.7292 0.4
    endloop
  endfacet
  facet normal 0 0 -1
    outer loop
      vertex 16.3111 26.7292 0.4
      vertex 15.6875 27.0625 0.4
      vertex 16.2178 26.8428 0.4
    endloop
  endfacet
  facet normal 0 0 -1
    outer loop
      vertex 15.6875 7.1875 0.4
      vertex 16.4375 0.8125 0.4
      vertex 15.6875 1.5625 0.4
    endloop
  endfacet
  facet normal -0 0 -1
    outer loop
      vertex 22.7084 7.5625 0.4
      vertex 15.6875 7.1875 0.4
      vertex 15.7916 7.5625 0.4
    endloop
  endfacet
  facet normal -0 0 -1
    outer loop
      vertex 16.4375 -4.8125 0.4
      vertex 15.6875 -5.5625 0.4
      vertex 15.6875 1.5625 0.4
    endloop
  endfacet
  facet normal 0 -0 -1
    outer loop
      vertex 15.7019 7.33381 0.4
      vertex 15.7916 7.5625 0.4
      vertex 15.6875 7.1875 0.4
    endloop
  endfacet
  facet normal 0 0 -1
    outer loop
      vertex 15.7916 7.5625 0.4
      vertex 15.7019 7.33381 0.4
      vertex 15.7446 7.47451 0.4
    endloop
  endfacet
  facet normal 0 0 -1
    outer loop
      vertex 16.2178 26.8428 0.4
      vertex 15.6875 27.0625 0.4
      vertex 16.1042 26.9361 0.4
    endloop
  endfacet
  facet normal 0 0 -1
    outer loop
      vertex 15.7019 14.1662 0.4
      vertex 15.7916 13.9375 0.4
      vertex 15.7446 14.0255 0.4
    endloop
  endfacet
  facet normal 0 0 -1
    outer loop
      vertex 15.7916 13.9375 0.4
      vertex 15.7019 14.1662 0.4
      vertex 15.6875 14.3125 0.4
    endloop
  endfacet
  facet normal 0 0 -1
    outer loop
      vertex 16.4375 20.6875 0.4
      vertex 15.6875 14.3125 0.4
      vertex 15.6875 19.9375 0.4
    endloop
  endfacet
  facet normal 0 0 -1
    outer loop
      vertex 16.1042 26.9361 0.4
      vertex 15.6875 27.0625 0.4
      vertex 15.9745 27.0054 0.4
    endloop
  endfacet
  facet normal 0 0 -1
    outer loop
      vertex 15.9745 27.0054 0.4
      vertex 15.6875 27.0625 0.4
      vertex 15.8338 27.0481 0.4
    endloop
  endfacet
  facet normal 0 0 -1
    outer loop
      vertex 10.0625 19.9375 0.4
      vertex 15.6875 27.0625 0.4
      vertex 15.6875 19.9375 0.4
    endloop
  endfacet
  facet normal 0 0 -1
    outer loop
      vertex 10.0625 19.9375 0.4
      vertex 10.0625 27.0625 0.4
      vertex 15.6875 27.0625 0.4
    endloop
  endfacet
  facet normal 0 0 -1
    outer loop
      vertex 9.3125 20.6875 0.4
      vertex 10.0625 19.9375 0.4
      vertex 9.91619 19.9519 0.4
    endloop
  endfacet
  facet normal 0 0 -1
    outer loop
      vertex 10.0625 19.9375 0.4
      vertex 9.3125 20.6875 0.4
      vertex 10.0625 27.0625 0.4
    endloop
  endfacet
  facet normal 0 0 -1
    outer loop
      vertex 9.3125 20.6875 0.4
      vertex 9.91619 19.9519 0.4
      vertex 9.77549 19.9946 0.4
    endloop
  endfacet
  facet normal 0 0 -1
    outer loop
      vertex 9.3125 26.3125 0.4
      vertex 10.0625 27.0625 0.4
      vertex 9.3125 20.6875 0.4
    endloop
  endfacet
  facet normal 0 0 -1
    outer loop
      vertex 9.3125 20.6875 0.4
      vertex 9.77549 19.9946 0.4
      vertex 9.64583 20.0639 0.4
    endloop
  endfacet
  facet normal 0 0 -1
    outer loop
      vertex 10.0625 27.0625 0.4
      vertex 9.3125 26.3125 0.4
      vertex 9.91619 27.0481 0.4
    endloop
  endfacet
  facet normal 0 0 -1
    outer loop
      vertex 9.3125 20.6875 0.4
      vertex 9.64583 20.0639 0.4
      vertex 9.53218 20.1572 0.4
    endloop
  endfacet
  facet normal 0 0 -1
    outer loop
      vertex 9.91619 27.0481 0.4
      vertex 9.3125 26.3125 0.4
      vertex 9.77549 27.0054 0.4
    endloop
  endfacet
  facet normal 0 0 -1
    outer loop
      vertex 9.3125 20.6875 0.4
      vertex 9.53218 20.1572 0.4
      vertex 9.4389 20.2708 0.4
    endloop
  endfacet
  facet normal 0 0 -1
    outer loop
      vertex 9.77549 27.0054 0.4
      vertex 9.3125 26.3125 0.4
      vertex 9.64583 26.9361 0.4
    endloop
  endfacet
  facet normal 0 0 -1
    outer loop
      vertex 9.3125 20.6875 0.4
      vertex 9.4389 20.2708 0.4
      vertex 9.36959 20.4005 0.4
    endloop
  endfacet
  facet normal 0 0 -1
    outer loop
      vertex 9.64583 26.9361 0.4
      vertex 9.3125 26.3125 0.4
      vertex 9.53218 26.8428 0.4
    endloop
  endfacet
  facet normal 0 0 -1
    outer loop
      vertex 9.3125 20.6875 0.4
      vertex 9.36959 20.4005 0.4
      vertex 9.32692 20.5412 0.4
    endloop
  endfacet
  facet normal 0 0 -1
    outer loop
      vertex 9.53218 26.8428 0.4
      vertex 9.3125 26.3125 0.4
      vertex 9.4389 26.7292 0.4
    endloop
  endfacet
  facet normal 0 0 -1
    outer loop
      vertex 9.4389 26.7292 0.4
      vertex 9.3125 26.3125 0.4
      vertex 9.36959 26.5995 0.4
    endloop
  endfacet
  facet normal 0 0 -1
    outer loop
      vertex 9.36959 26.5995 0.4
      vertex 9.3125 26.3125 0.4
      vertex 9.32692 26.4588 0.4
    endloop
  endfacet
  facet normal 0.290217 0.956961 -0
    outer loop
      vertex 9.91619 -5.54808 0.0036108
      vertex 9.77549 -5.50541 0.4
      vertex 9.91619 -5.54808 0.4
    endloop
  endfacet
  facet normal 0.290217 0.956961 0
    outer loop
      vertex 9.77549 -5.50541 0.4
      vertex 9.91619 -5.54808 0.0036108
      vertex 9.77549 -5.50541 0.0036108
    endloop
  endfacet
  facet normal -0.0980893 0.995178 0
    outer loop
      vertex 15.8338 -5.54808 0.0036108
      vertex 15.6875 -5.5625 0.4
      vertex 15.8338 -5.54808 0.4
    endloop
  endfacet
  facet normal -0.0980893 0.995178 0
    outer loop
      vertex 15.6875 -5.5625 0.4
      vertex 15.8338 -5.54808 0.0036108
      vertex 15.6875 -5.5625 0.0036108
    endloop
  endfacet
  facet normal 0.995178 -0.0980893 0
    outer loop
      vertex 9.3125 26.3125 0.4
      vertex 9.32692 26.4588 0.0036108
      vertex 9.32692 26.4588 0.4
    endloop
  endfacet
  facet normal 0.995178 -0.0980893 0
    outer loop
      vertex 9.32692 26.4588 0.0036108
      vertex 9.3125 26.3125 0.4
      vertex 9.3125 26.3125 0.0036108
    endloop
  endfacet
  facet normal 0.881967 0.471312 0
    outer loop
      vertex 9.4389 20.2708 0.4
      vertex 9.36959 20.4005 0.0036108
      vertex 9.36959 20.4005 0.4
    endloop
  endfacet
  facet normal 0.881967 0.471312 0
    outer loop
      vertex 9.36959 20.4005 0.0036108
      vertex 9.4389 20.2708 0.4
      vertex 9.4389 20.2708 0.0036108
    endloop
  endfacet
  facet normal 1 -0 0
    outer loop
      vertex 9.3125 20.6875 0.4
      vertex 9.3125 26.3125 0.0036108
      vertex 9.3125 26.3125 0.4
    endloop
  endfacet
  facet normal 1 0 0
    outer loop
      vertex 9.3125 26.3125 0.0036108
      vertex 9.3125 20.6875 0.4
      vertex 9.3125 20.6875 0.0036108
    endloop
  endfacet
  facet normal 0.956961 0.290217 0
    outer loop
      vertex 9.36959 20.4005 0.4
      vertex 9.32692 20.5412 0.0036108
      vertex 9.32692 20.5412 0.4
    endloop
  endfacet
  facet normal 0.956961 0.290217 0
    outer loop
      vertex 9.32692 20.5412 0.0036108
      vertex 9.36959 20.4005 0.4
      vertex 9.36959 20.4005 0.0036108
    endloop
  endfacet
  facet normal 0.995178 0.0980893 0
    outer loop
      vertex 9.32692 20.5412 0.4
      vertex 9.3125 20.6875 0.0036108
      vertex 9.3125 20.6875 0.4
    endloop
  endfacet
  facet normal 0.995178 0.0980893 0
    outer loop
      vertex 9.3125 20.6875 0.0036108
      vertex 9.32692 20.5412 0.4
      vertex 9.32692 20.5412 0.0036108
    endloop
  endfacet
  facet normal 0 1 -0
    outer loop
      vertex 15.6875 19.9375 0.0036108
      vertex 10.0625 19.9375 0.4
      vertex 15.6875 19.9375 0.4
    endloop
  endfacet
  facet normal 0 1 0
    outer loop
      vertex 10.0625 19.9375 0.4
      vertex 15.6875 19.9375 0.0036108
      vertex 10.0625 19.9375 0.0036108
    endloop
  endfacet
  facet normal 0.956961 -0.290217 0
    outer loop
      vertex 9.32692 26.4588 0.4
      vertex 9.36959 26.5995 0.0036108
      vertex 9.36959 26.5995 0.4
    endloop
  endfacet
  facet normal 0.956961 -0.290217 0
    outer loop
      vertex 9.36959 26.5995 0.0036108
      vertex 9.32692 26.4588 0.4
      vertex 9.32692 26.4588 0.0036108
    endloop
  endfacet
  facet normal -0.881995 -0.471259 0
    outer loop
      vertex 16.3804 26.5995 0.0036108
      vertex 16.3111 26.7292 0.4
      vertex 16.3111 26.7292 0.0036108
    endloop
  endfacet
  facet normal -0.881995 -0.471259 0
    outer loop
      vertex 16.3111 26.7292 0.4
      vertex 16.3804 26.5995 0.0036108
      vertex 16.3804 26.5995 0.4
    endloop
  endfacet
  facet normal -0.290404 -0.956904 0
    outer loop
      vertex 15.8338 27.0481 0.0036108
      vertex 15.9745 27.0054 0.4
      vertex 15.8338 27.0481 0.4
    endloop
  endfacet
  facet normal -0.290404 -0.956904 -0
    outer loop
      vertex 15.9745 27.0054 0.4
      vertex 15.8338 27.0481 0.0036108
      vertex 15.9745 27.0054 0.0036108
    endloop
  endfacet
  facet normal -0.956904 -0.290404 0
    outer loop
      vertex 16.4231 26.4588 0.0036108
      vertex 16.3804 26.5995 0.4
      vertex 16.3804 26.5995 0.0036108
    endloop
  endfacet
  facet normal -0.956904 -0.290404 0
    outer loop
      vertex 16.3804 26.5995 0.4
      vertex 16.4231 26.4588 0.0036108
      vertex 16.4231 26.4588 0.4
    endloop
  endfacet
  facet normal 0 -1 0
    outer loop
      vertex 10.0625 27.0625 0.0036108
      vertex 15.6875 27.0625 0.4
      vertex 10.0625 27.0625 0.4
    endloop
  endfacet
  facet normal 0 -1 -0
    outer loop
      vertex 15.6875 27.0625 0.4
      vertex 10.0625 27.0625 0.0036108
      vertex 15.6875 27.0625 0.0036108
    endloop
  endfacet
  facet normal 0.0979479 0.995192 -0
    outer loop
      vertex 10.0625 19.9375 0.0036108
      vertex 9.91619 19.9519 0.4
      vertex 10.0625 19.9375 0.4
    endloop
  endfacet
  facet normal 0.0979479 0.995192 0
    outer loop
      vertex 9.91619 19.9519 0.4
      vertex 10.0625 19.9375 0.0036108
      vertex 9.91619 19.9519 0.0036108
    endloop
  endfacet
  facet normal -0.995191 -0.0979545 0
    outer loop
      vertex 16.4375 26.3125 0.0036108
      vertex 16.4231 26.4588 0.4
      vertex 16.4231 26.4588 0.0036108
    endloop
  endfacet
  facet normal -0.995191 -0.0979545 0
    outer loop
      vertex 16.4231 26.4588 0.4
      vertex 16.4375 26.3125 0.0036108
      vertex 16.4375 26.3125 0.4
    endloop
  endfacet
  facet normal -0.0979545 -0.995191 0
    outer loop
      vertex 15.6875 27.0625 0.0036108
      vertex 15.8338 27.0481 0.4
      vertex 15.6875 27.0625 0.4
    endloop
  endfacet
  facet normal -0.0979545 -0.995191 -0
    outer loop
      vertex 15.8338 27.0481 0.4
      vertex 15.6875 27.0625 0.0036108
      vertex 15.8338 27.0481 0.0036108
    endloop
  endfacet
  facet normal -0.634681 -0.772774 0
    outer loop
      vertex 16.1042 26.9361 0.0036108
      vertex 16.2178 26.8428 0.4
      vertex 16.1042 26.9361 0.4
    endloop
  endfacet
  facet normal -0.634681 -0.772774 -0
    outer loop
      vertex 16.2178 26.8428 0.4
      vertex 16.1042 26.9361 0.0036108
      vertex 16.2178 26.8428 0.0036108
    endloop
  endfacet
  facet normal -1 0 0
    outer loop
      vertex 16.4375 20.6875 0.0036108
      vertex 16.4375 26.3125 0.4
      vertex 16.4375 26.3125 0.0036108
    endloop
  endfacet
  facet normal -1 -0 0
    outer loop
      vertex 16.4375 26.3125 0.4
      vertex 16.4375 20.6875 0.0036108
      vertex 16.4375 20.6875 0.4
    endloop
  endfacet
  facet normal 0.772841 0.6346 0
    outer loop
      vertex 9.53218 20.1572 0.4
      vertex 9.4389 20.2708 0.0036108
      vertex 9.4389 20.2708 0.4
    endloop
  endfacet
  facet normal 0.772841 0.6346 0
    outer loop
      vertex 9.4389 20.2708 0.0036108
      vertex 9.53218 20.1572 0.4
      vertex 9.53218 20.1572 0.0036108
    endloop
  endfacet
  facet normal 0.881967 -0.471312 0
    outer loop
      vertex 9.36959 26.5995 0.4
      vertex 9.4389 26.7292 0.0036108
      vertex 9.4389 26.7292 0.4
    endloop
  endfacet
  facet normal 0.881967 -0.471312 0
    outer loop
      vertex 9.4389 26.7292 0.0036108
      vertex 9.36959 26.5995 0.4
      vertex 9.36959 26.5995 0.0036108
    endloop
  endfacet
  facet normal -0.772774 -0.634681 0
    outer loop
      vertex 16.3111 26.7292 0.0036108
      vertex 16.2178 26.8428 0.4
      vertex 16.2178 26.8428 0.0036108
    endloop
  endfacet
  facet normal -0.772774 -0.634681 0
    outer loop
      vertex 16.2178 26.8428 0.4
      vertex 16.3111 26.7292 0.0036108
      vertex 16.3111 26.7292 0.4
    endloop
  endfacet
  facet normal 0.634515 -0.772911 0
    outer loop
      vertex 9.53218 26.8428 0.0036108
      vertex 9.64583 26.9361 0.4
      vertex 9.53218 26.8428 0.4
    endloop
  endfacet
  facet normal 0.634515 -0.772911 0
    outer loop
      vertex 9.64583 26.9361 0.4
      vertex 9.53218 26.8428 0.0036108
      vertex 9.64583 26.9361 0.0036108
    endloop
  endfacet
  facet normal 0.290404 0.956904 -0
    outer loop
      vertex 9.91619 19.9519 0.0036108
      vertex 9.77549 19.9946 0.4
      vertex 9.91619 19.9519 0.4
    endloop
  endfacet
  facet normal 0.290404 0.956904 0
    outer loop
      vertex 9.77549 19.9946 0.4
      vertex 9.91619 19.9519 0.0036108
      vertex 9.77549 19.9946 0.0036108
    endloop
  endfacet
  facet normal 0.772841 -0.6346 0
    outer loop
      vertex 9.4389 26.7292 0.4
      vertex 9.53218 26.8428 0.0036108
      vertex 9.53218 26.8428 0.4
    endloop
  endfacet
  facet normal 0.772841 -0.6346 0
    outer loop
      vertex 9.53218 26.8428 0.0036108
      vertex 9.4389 26.7292 0.4
      vertex 9.4389 26.7292 0.0036108
    endloop
  endfacet
  facet normal 0.634515 0.772911 -0
    outer loop
      vertex 9.64583 20.0639 0.0036108
      vertex 9.53218 20.1572 0.4
      vertex 9.64583 20.0639 0.4
    endloop
  endfacet
  facet normal 0.634515 0.772911 0
    outer loop
      vertex 9.53218 20.1572 0.4
      vertex 9.64583 20.0639 0.0036108
      vertex 9.53218 20.1572 0.0036108
    endloop
  endfacet
  facet normal -0.471259 -0.881995 0
    outer loop
      vertex 15.9745 27.0054 0.0036108
      vertex 16.1042 26.9361 0.4
      vertex 15.9745 27.0054 0.4
    endloop
  endfacet
  facet normal -0.471259 -0.881995 -0
    outer loop
      vertex 16.1042 26.9361 0.4
      vertex 15.9745 27.0054 0.0036108
      vertex 16.1042 26.9361 0.0036108
    endloop
  endfacet
  facet normal 0.471372 -0.881935 0
    outer loop
      vertex 9.64583 26.9361 0.0036108
      vertex 9.77549 27.0054 0.4
      vertex 9.64583 26.9361 0.4
    endloop
  endfacet
  facet normal 0.471372 -0.881935 0
    outer loop
      vertex 9.77549 27.0054 0.4
      vertex 9.64583 26.9361 0.0036108
      vertex 9.77549 27.0054 0.0036108
    endloop
  endfacet
  facet normal 0.290404 -0.956904 0
    outer loop
      vertex 9.77549 27.0054 0.0036108
      vertex 9.91619 27.0481 0.4
      vertex 9.77549 27.0054 0.4
    endloop
  endfacet
  facet normal 0.290404 -0.956904 0
    outer loop
      vertex 9.91619 27.0481 0.4
      vertex 9.77549 27.0054 0.0036108
      vertex 9.91619 27.0481 0.0036108
    endloop
  endfacet
  facet normal 0.0979479 -0.995192 0
    outer loop
      vertex 9.91619 27.0481 0.0036108
      vertex 10.0625 27.0625 0.4
      vertex 9.91619 27.0481 0.4
    endloop
  endfacet
  facet normal 0.0979479 -0.995192 0
    outer loop
      vertex 10.0625 27.0625 0.4
      vertex 9.91619 27.0481 0.0036108
      vertex 10.0625 27.0625 0.0036108
    endloop
  endfacet
  facet normal 0.471372 0.881935 -0
    outer loop
      vertex 9.77549 19.9946 0.0036108
      vertex 9.64583 20.0639 0.4
      vertex 9.77549 19.9946 0.4
    endloop
  endfacet
  facet normal 0.471372 0.881935 0
    outer loop
      vertex 9.64583 20.0639 0.4
      vertex 9.77549 19.9946 0.0036108
      vertex 9.64583 20.0639 0.0036108
    endloop
  endfacet
  facet normal -1 0 0
    outer loop
      vertex 22.8125 1.5625 0.0036108
      vertex 22.8125 7.1875 0.4
      vertex 22.8125 7.1875 0.0036108
    endloop
  endfacet
  facet normal -1 -0 0
    outer loop
      vertex 22.8125 7.1875 0.4
      vertex 22.8125 1.5625 0.0036108
      vertex 22.8125 1.5625 0.4
    endloop
  endfacet
  facet normal 0.882053 -0.47115 0
    outer loop
      vertex 15.7446 7.47451 0.4
      vertex 15.7916 7.5625 0.0036108
      vertex 15.7916 7.5625 0.4
    endloop
  endfacet
  facet normal 0.882053 -0.47115 0
    outer loop
      vertex 15.7916 7.5625 0.0036108
      vertex 15.7446 7.47451 0.4
      vertex 15.7446 7.47451 0.0036108
    endloop
  endfacet
  facet normal -0.956904 -0.290404 0
    outer loop
      vertex 22.7981 7.33381 0.0036108
      vertex 22.7554 7.47451 0.4
      vertex 22.7554 7.47451 0.0036108
    endloop
  endfacet
  facet normal -0.956904 -0.290404 0
    outer loop
      vertex 22.7554 7.47451 0.4
      vertex 22.7981 7.33381 0.0036108
      vertex 22.7981 7.33381 0.4
    endloop
  endfacet
  facet normal -0.0980893 0.995178 0
    outer loop
      vertex 22.2088 0.82692 0.0036108
      vertex 22.0625 0.8125 0.4
      vertex 22.2088 0.82692 0.4
    endloop
  endfacet
  facet normal -0.0980893 0.995178 0
    outer loop
      vertex 22.0625 0.8125 0.4
      vertex 22.2088 0.82692 0.0036108
      vertex 22.0625 0.8125 0.0036108
    endloop
  endfacet
  facet normal -0.290248 0.956951 0
    outer loop
      vertex 22.3495 0.869595 0.0036108
      vertex 22.2088 0.82692 0.4
      vertex 22.3495 0.869595 0.4
    endloop
  endfacet
  facet normal -0.290248 0.956951 0
    outer loop
      vertex 22.2088 0.82692 0.4
      vertex 22.3495 0.869595 0.0036108
      vertex 22.2088 0.82692 0.0036108
    endloop
  endfacet
  facet normal -0.882053 -0.47115 0
    outer loop
      vertex 22.7554 7.47451 0.0036108
      vertex 22.7084 7.5625 0.4
      vertex 22.7084 7.5625 0.0036108
    endloop
  endfacet
  facet normal -0.882053 -0.47115 0
    outer loop
      vertex 22.7084 7.5625 0.4
      vertex 22.7554 7.47451 0.0036108
      vertex 22.7554 7.47451 0.4
    endloop
  endfacet
  facet normal 0.995192 -0.0979479 0
    outer loop
      vertex 15.6875 7.1875 0.4
      vertex 15.7019 7.33381 0.0036108
      vertex 15.7019 7.33381 0.4
    endloop
  endfacet
  facet normal 0.995192 -0.0979479 0
    outer loop
      vertex 15.7019 7.33381 0.0036108
      vertex 15.6875 7.1875 0.4
      vertex 15.6875 7.1875 0.0036108
    endloop
  endfacet
  facet normal 0.956904 -0.290404 0
    outer loop
      vertex 15.7019 7.33381 0.4
      vertex 15.7446 7.47451 0.0036108
      vertex 15.7446 7.47451 0.4
    endloop
  endfacet
  facet normal 0.956904 -0.290404 0
    outer loop
      vertex 15.7446 7.47451 0.0036108
      vertex 15.7019 7.33381 0.4
      vertex 15.7019 7.33381 0.0036108
    endloop
  endfacet
  facet normal 1 -0 0
    outer loop
      vertex 15.6875 1.5625 0.4
      vertex 15.6875 7.1875 0.0036108
      vertex 15.6875 7.1875 0.4
    endloop
  endfacet
  facet normal 1 0 0
    outer loop
      vertex 15.6875 7.1875 0.0036108
      vertex 15.6875 1.5625 0.4
      vertex 15.6875 1.5625 0.0036108
    endloop
  endfacet
  facet normal -0.772911 0.634515 0
    outer loop
      vertex 22.5928 1.03218 0.0036108
      vertex 22.6861 1.14583 0.4
      vertex 22.6861 1.14583 0.0036108
    endloop
  endfacet
  facet normal -0.772911 0.634515 0
    outer loop
      vertex 22.6861 1.14583 0.4
      vertex 22.5928 1.03218 0.0036108
      vertex 22.5928 1.03218 0.4
    endloop
  endfacet
  facet normal -0.881935 0.471372 0
    outer loop
      vertex 22.6861 1.14583 0.0036108
      vertex 22.7554 1.27549 0.4
      vertex 22.7554 1.27549 0.0036108
    endloop
  endfacet
  facet normal -0.881935 0.471372 0
    outer loop
      vertex 22.7554 1.27549 0.4
      vertex 22.6861 1.14583 0.0036108
      vertex 22.6861 1.14583 0.4
    endloop
  endfacet
  facet normal -0.995192 0.0979479 0
    outer loop
      vertex 22.7981 1.41619 0.0036108
      vertex 22.8125 1.5625 0.4
      vertex 22.8125 1.5625 0.0036108
    endloop
  endfacet
  facet normal -0.995192 0.0979479 0
    outer loop
      vertex 22.8125 1.5625 0.4
      vertex 22.7981 1.41619 0.0036108
      vertex 22.7981 1.41619 0.4
    endloop
  endfacet
  facet normal -0.6346 0.772841 0
    outer loop
      vertex 22.5928 1.03218 0.0036108
      vertex 22.4792 0.9389 0.4
      vertex 22.5928 1.03218 0.4
    endloop
  endfacet
  facet normal -0.6346 0.772841 0
    outer loop
      vertex 22.4792 0.9389 0.4
      vertex 22.5928 1.03218 0.0036108
      vertex 22.4792 0.9389 0.0036108
    endloop
  endfacet
  facet normal -0.956904 0.290404 0
    outer loop
      vertex 22.7554 1.27549 0.0036108
      vertex 22.7981 1.41619 0.4
      vertex 22.7981 1.41619 0.0036108
    endloop
  endfacet
  facet normal -0.956904 0.290404 0
    outer loop
      vertex 22.7981 1.41619 0.4
      vertex 22.7554 1.27549 0.0036108
      vertex 22.7554 1.27549 0.4
    endloop
  endfacet
  facet normal 0 1 -0
    outer loop
      vertex 22.0625 0.8125 0.0036108
      vertex 16.4375 0.8125 0.4
      vertex 22.0625 0.8125 0.4
    endloop
  endfacet
  facet normal 0 1 0
    outer loop
      vertex 16.4375 0.8125 0.4
      vertex 22.0625 0.8125 0.0036108
      vertex 16.4375 0.8125 0.0036108
    endloop
  endfacet
  facet normal -0.995192 -0.0979479 0
    outer loop
      vertex 22.8125 7.1875 0.0036108
      vertex 22.7981 7.33381 0.4
      vertex 22.7981 7.33381 0.0036108
    endloop
  endfacet
  facet normal -0.995192 -0.0979479 0
    outer loop
      vertex 22.7981 7.33381 0.4
      vertex 22.8125 7.1875 0.0036108
      vertex 22.8125 7.1875 0.4
    endloop
  endfacet
  facet normal -0.471285 0.881981 0
    outer loop
      vertex 22.4792 0.9389 0.0036108
      vertex 22.3495 0.869595 0.4
      vertex 22.4792 0.9389 0.4
    endloop
  endfacet
  facet normal -0.471285 0.881981 0
    outer loop
      vertex 22.3495 0.869595 0.4
      vertex 22.4792 0.9389 0.0036108
      vertex 22.3495 0.869595 0.0036108
    endloop
  endfacet
  facet normal 0.995191 -0.0979545 0
    outer loop
      vertex 15.6875 13.5625 0.4
      vertex 15.7019 13.7088 0.0036108
      vertex 15.7019 13.7088 0.4
    endloop
  endfacet
  facet normal 0.995191 -0.0979545 0
    outer loop
      vertex 15.7019 13.7088 0.0036108
      vertex 15.6875 13.5625 0.4
      vertex 15.6875 13.5625 0.0036108
    endloop
  endfacet
  facet normal 0.882053 0.47115 0
    outer loop
      vertex 15.7916 7.5625 0.4
      vertex 15.7446 7.65049 0.0036108
      vertex 15.7446 7.65049 0.4
    endloop
  endfacet
  facet normal 0.882053 0.47115 0
    outer loop
      vertex 15.7446 7.65049 0.0036108
      vertex 15.7916 7.5625 0.4
      vertex 15.7916 7.5625 0.0036108
    endloop
  endfacet
  facet normal 1 -0 0
    outer loop
      vertex 15.6875 7.9375 0.4
      vertex 15.6875 13.5625 0.0036108
      vertex 15.6875 13.5625 0.4
    endloop
  endfacet
  facet normal 1 0 0
    outer loop
      vertex 15.6875 13.5625 0.0036108
      vertex 15.6875 7.9375 0.4
      vertex 15.6875 7.9375 0.0036108
    endloop
  endfacet
  facet normal 0.956904 0.290404 0
    outer loop
      vertex 15.7446 7.65049 0.4
      vertex 15.7019 7.79119 0.0036108
      vertex 15.7019 7.79119 0.4
    endloop
  endfacet
  facet normal 0.956904 0.290404 0
    outer loop
      vertex 15.7019 7.79119 0.0036108
      vertex 15.7446 7.65049 0.4
      vertex 15.7446 7.65049 0.0036108
    endloop
  endfacet
  facet normal 0.995192 0.0979479 0
    outer loop
      vertex 15.7019 7.79119 0.4
      vertex 15.6875 7.9375 0.0036108
      vertex 15.6875 7.9375 0.4
    endloop
  endfacet
  facet normal 0.995192 0.0979479 0
    outer loop
      vertex 15.6875 7.9375 0.0036108
      vertex 15.7019 7.79119 0.4
      vertex 15.7019 7.79119 0.0036108
    endloop
  endfacet
  facet normal -0.956904 0.290404 0
    outer loop
      vertex 22.7554 7.65049 0.0036108
      vertex 22.7981 7.79119 0.4
      vertex 22.7981 7.79119 0.0036108
    endloop
  endfacet
  facet normal -0.956904 0.290404 0
    outer loop
      vertex 22.7981 7.79119 0.4
      vertex 22.7554 7.65049 0.0036108
      vertex 22.7554 7.65049 0.4
    endloop
  endfacet
  facet normal 0.956904 -0.290404 0
    outer loop
      vertex 15.7019 13.7088 0.4
      vertex 15.7446 13.8495 0.0036108
      vertex 15.7446 13.8495 0.4
    endloop
  endfacet
  facet normal 0.956904 -0.290404 0
    outer loop
      vertex 15.7446 13.8495 0.0036108
      vertex 15.7019 13.7088 0.4
      vertex 15.7019 13.7088 0.0036108
    endloop
  endfacet
  facet normal -0.882075 -0.471108 0
    outer loop
      vertex 22.7554 13.8495 0.0036108
      vertex 22.7084 13.9375 0.4
      vertex 22.7084 13.9375 0.0036108
    endloop
  endfacet
  facet normal -0.882075 -0.471108 0
    outer loop
      vertex 22.7084 13.9375 0.4
      vertex 22.7554 13.8495 0.0036108
      vertex 22.7554 13.8495 0.4
    endloop
  endfacet
  facet normal -0.882053 0.47115 0
    outer loop
      vertex 22.7084 7.5625 0.0036108
      vertex 22.7554 7.65049 0.4
      vertex 22.7554 7.65049 0.0036108
    endloop
  endfacet
  facet normal -0.882053 0.47115 0
    outer loop
      vertex 22.7554 7.65049 0.4
      vertex 22.7084 7.5625 0.0036108
      vertex 22.7084 7.5625 0.4
    endloop
  endfacet
  facet normal -0.956904 -0.290404 0
    outer loop
      vertex 22.7981 13.7088 0.0036108
      vertex 22.7554 13.8495 0.4
      vertex 22.7554 13.8495 0.0036108
    endloop
  endfacet
  facet normal -0.956904 -0.290404 0
    outer loop
      vertex 22.7554 13.8495 0.4
      vertex 22.7981 13.7088 0.0036108
      vertex 22.7981 13.7088 0.4
    endloop
  endfacet
  facet normal -0.995191 -0.0979545 0
    outer loop
      vertex 22.8125 13.5625 0.0036108
      vertex 22.7981 13.7088 0.4
      vertex 22.7981 13.7088 0.0036108
    endloop
  endfacet
  facet normal -0.995191 -0.0979545 0
    outer loop
      vertex 22.7981 13.7088 0.4
      vertex 22.8125 13.5625 0.0036108
      vertex 22.8125 13.5625 0.4
    endloop
  endfacet
  facet normal -1 0 0
    outer loop
      vertex 22.8125 7.9375 0.0036108
      vertex 22.8125 13.5625 0.4
      vertex 22.8125 13.5625 0.0036108
    endloop
  endfacet
  facet normal -1 -0 0
    outer loop
      vertex 22.8125 13.5625 0.4
      vertex 22.8125 7.9375 0.0036108
      vertex 22.8125 7.9375 0.4
    endloop
  endfacet
  facet normal 0.882075 -0.471108 0
    outer loop
      vertex 15.7446 13.8495 0.4
      vertex 15.7916 13.9375 0.0036108
      vertex 15.7916 13.9375 0.4
    endloop
  endfacet
  facet normal 0.882075 -0.471108 0
    outer loop
      vertex 15.7916 13.9375 0.0036108
      vertex 15.7446 13.8495 0.4
      vertex 15.7446 13.8495 0.0036108
    endloop
  endfacet
  facet normal -0.995192 0.0979479 0
    outer loop
      vertex 22.7981 7.79119 0.0036108
      vertex 22.8125 7.9375 0.4
      vertex 22.8125 7.9375 0.0036108
    endloop
  endfacet
  facet normal -0.995192 0.0979479 0
    outer loop
      vertex 22.8125 7.9375 0.4
      vertex 22.7981 7.79119 0.0036108
      vertex 22.7981 7.79119 0.4
    endloop
  endfacet
  facet normal 0.882075 0.471108 0
    outer loop
      vertex 15.7916 13.9375 0.4
      vertex 15.7446 14.0255 0.0036108
      vertex 15.7446 14.0255 0.4
    endloop
  endfacet
  facet normal 0.882075 0.471108 0
    outer loop
      vertex 15.7446 14.0255 0.0036108
      vertex 15.7916 13.9375 0.4
      vertex 15.7916 13.9375 0.0036108
    endloop
  endfacet
  facet normal 1 -0 0
    outer loop
      vertex 15.6875 14.3125 0.4
      vertex 15.6875 19.9375 0.0036108
      vertex 15.6875 19.9375 0.4
    endloop
  endfacet
  facet normal 1 0 0
    outer loop
      vertex 15.6875 19.9375 0.0036108
      vertex 15.6875 14.3125 0.4
      vertex 15.6875 14.3125 0.0036108
    endloop
  endfacet
  facet normal 0.956904 0.290404 0
    outer loop
      vertex 15.7446 14.0255 0.4
      vertex 15.7019 14.1662 0.0036108
      vertex 15.7019 14.1662 0.4
    endloop
  endfacet
  facet normal 0.956904 0.290404 0
    outer loop
      vertex 15.7019 14.1662 0.0036108
      vertex 15.7446 14.0255 0.4
      vertex 15.7446 14.0255 0.0036108
    endloop
  endfacet
  facet normal 0.995191 0.0979545 0
    outer loop
      vertex 15.7019 14.1662 0.4
      vertex 15.6875 14.3125 0.0036108
      vertex 15.6875 14.3125 0.4
    endloop
  endfacet
  facet normal 0.995191 0.0979545 0
    outer loop
      vertex 15.6875 14.3125 0.0036108
      vertex 15.7019 14.1662 0.4
      vertex 15.7019 14.1662 0.0036108
    endloop
  endfacet
  facet normal -0.956904 0.290404 0
    outer loop
      vertex 22.7554 14.0255 0.0036108
      vertex 22.7981 14.1662 0.4
      vertex 22.7981 14.1662 0.0036108
    endloop
  endfacet
  facet normal -0.956904 0.290404 0
    outer loop
      vertex 22.7981 14.1662 0.4
      vertex 22.7554 14.0255 0.0036108
      vertex 22.7554 14.0255 0.4
    endloop
  endfacet
  facet normal -0.881995 -0.471259 0
    outer loop
      vertex 22.7554 20.2245 0.0036108
      vertex 22.6861 20.3542 0.4
      vertex 22.6861 20.3542 0.0036108
    endloop
  endfacet
  facet normal -0.881995 -0.471259 0
    outer loop
      vertex 22.6861 20.3542 0.4
      vertex 22.7554 20.2245 0.0036108
      vertex 22.7554 20.2245 0.4
    endloop
  endfacet
  facet normal -0.290404 -0.956904 0
    outer loop
      vertex 22.2088 20.6731 0.0036108
      vertex 22.3495 20.6304 0.4
      vertex 22.2088 20.6731 0.4
    endloop
  endfacet
  facet normal -0.290404 -0.956904 -0
    outer loop
      vertex 22.3495 20.6304 0.4
      vertex 22.2088 20.6731 0.0036108
      vertex 22.3495 20.6304 0.0036108
    endloop
  endfacet
  facet normal -0.882075 0.471108 0
    outer loop
      vertex 22.7084 13.9375 0.0036108
      vertex 22.7554 14.0255 0.4
      vertex 22.7554 14.0255 0.0036108
    endloop
  endfacet
  facet normal -0.882075 0.471108 0
    outer loop
      vertex 22.7554 14.0255 0.4
      vertex 22.7084 13.9375 0.0036108
      vertex 22.7084 13.9375 0.4
    endloop
  endfacet
  facet normal -0.956904 -0.290404 0
    outer loop
      vertex 22.7981 20.0838 0.0036108
      vertex 22.7554 20.2245 0.4
      vertex 22.7554 20.2245 0.0036108
    endloop
  endfacet
  facet normal -0.956904 -0.290404 0
    outer loop
      vertex 22.7554 20.2245 0.4
      vertex 22.7981 20.0838 0.0036108
      vertex 22.7981 20.0838 0.4
    endloop
  endfacet
  facet normal 0 -1 0
    outer loop
      vertex 16.4375 20.6875 0.0036108
      vertex 22.0625 20.6875 0.4
      vertex 16.4375 20.6875 0.4
    endloop
  endfacet
  facet normal 0 -1 -0
    outer loop
      vertex 22.0625 20.6875 0.4
      vertex 16.4375 20.6875 0.0036108
      vertex 22.0625 20.6875 0.0036108
    endloop
  endfacet
  facet normal -0.995191 -0.0979545 0
    outer loop
      vertex 22.8125 19.9375 0.0036108
      vertex 22.7981 20.0838 0.4
      vertex 22.7981 20.0838 0.0036108
    endloop
  endfacet
  facet normal -0.995191 -0.0979545 0
    outer loop
      vertex 22.7981 20.0838 0.4
      vertex 22.8125 19.9375 0.0036108
      vertex 22.8125 19.9375 0.4
    endloop
  endfacet
  facet normal -0.634681 -0.772774 0
    outer loop
      vertex 22.4792 20.5611 0.0036108
      vertex 22.5928 20.4678 0.4
      vertex 22.4792 20.5611 0.4
    endloop
  endfacet
  facet normal -0.634681 -0.772774 -0
    outer loop
      vertex 22.5928 20.4678 0.4
      vertex 22.4792 20.5611 0.0036108
      vertex 22.5928 20.4678 0.0036108
    endloop
  endfacet
  facet normal -1 0 0
    outer loop
      vertex 22.8125 14.3125 0.0036108
      vertex 22.8125 19.9375 0.4
      vertex 22.8125 19.9375 0.0036108
    endloop
  endfacet
  facet normal -1 -0 0
    outer loop
      vertex 22.8125 19.9375 0.4
      vertex 22.8125 14.3125 0.0036108
      vertex 22.8125 14.3125 0.4
    endloop
  endfacet
  facet normal -0.772774 -0.634681 0
    outer loop
      vertex 22.6861 20.3542 0.0036108
      vertex 22.5928 20.4678 0.4
      vertex 22.5928 20.4678 0.0036108
    endloop
  endfacet
  facet normal -0.772774 -0.634681 0
    outer loop
      vertex 22.5928 20.4678 0.4
      vertex 22.6861 20.3542 0.0036108
      vertex 22.6861 20.3542 0.4
    endloop
  endfacet
  facet normal -0.995191 0.0979545 0
    outer loop
      vertex 22.7981 14.1662 0.0036108
      vertex 22.8125 14.3125 0.4
      vertex 22.8125 14.3125 0.0036108
    endloop
  endfacet
  facet normal -0.995191 0.0979545 0
    outer loop
      vertex 22.8125 14.3125 0.4
      vertex 22.7981 14.1662 0.0036108
      vertex 22.7981 14.1662 0.4
    endloop
  endfacet
  facet normal -0.0979545 -0.995191 0
    outer loop
      vertex 22.0625 20.6875 0.0036108
      vertex 22.2088 20.6731 0.4
      vertex 22.0625 20.6875 0.4
    endloop
  endfacet
  facet normal -0.0979545 -0.995191 -0
    outer loop
      vertex 22.2088 20.6731 0.4
      vertex 22.0625 20.6875 0.0036108
      vertex 22.2088 20.6731 0.0036108
    endloop
  endfacet
  facet normal -0.471259 -0.881995 0
    outer loop
      vertex 22.3495 20.6304 0.0036108
      vertex 22.4792 20.5611 0.4
      vertex 22.3495 20.6304 0.4
    endloop
  endfacet
  facet normal -0.471259 -0.881995 -0
    outer loop
      vertex 22.4792 20.5611 0.4
      vertex 22.3495 20.6304 0.0036108
      vertex 22.4792 20.5611 0.0036108
    endloop
  endfacet
  facet normal 0.881906 0.471425 0
    outer loop
      vertex -9.6861 7.52083 0.4
      vertex -9.75541 7.65049 0.0036108
      vertex -9.75541 7.65049 0.4
    endloop
  endfacet
  facet normal 0.881906 0.471425 0
    outer loop
      vertex -9.75541 7.65049 0.0036108
      vertex -9.6861 7.52083 0.4
      vertex -9.6861 7.52083 0.0036108
    endloop
  endfacet
  facet normal 0.290404 -0.956904 0
    outer loop
      vertex -9.34951 14.2554 0.0036108
      vertex -9.20881 14.2981 0.4
      vertex -9.34951 14.2554 0.4
    endloop
  endfacet
  facet normal 0.290404 -0.956904 0
    outer loop
      vertex -9.20881 14.2981 0.4
      vertex -9.34951 14.2554 0.0036108
      vertex -9.20881 14.2981 0.0036108
    endloop
  endfacet
  facet normal 0.0980826 0.995178 -0
    outer loop
      vertex -9.0625 7.1875 0.0036108
      vertex -9.20881 7.20192 0.4
      vertex -9.0625 7.1875 0.4
    endloop
  endfacet
  facet normal 0.0980826 0.995178 0
    outer loop
      vertex -9.20881 7.20192 0.4
      vertex -9.0625 7.1875 0.0036108
      vertex -9.20881 7.20192 0.0036108
    endloop
  endfacet
  facet normal 0 -1 0
    outer loop
      vertex -9.0625 14.3125 0.0036108
      vertex -3.4375 14.3125 0.4
      vertex -9.0625 14.3125 0.4
    endloop
  endfacet
  facet normal 0 -1 -0
    outer loop
      vertex -3.4375 14.3125 0.4
      vertex -9.0625 14.3125 0.0036108
      vertex -3.4375 14.3125 0.0036108
    endloop
  endfacet
  facet normal 0.881967 -0.471312 0
    outer loop
      vertex -9.75541 13.8495 0.4
      vertex -9.6861 13.9792 0.0036108
      vertex -9.6861 13.9792 0.4
    endloop
  endfacet
  facet normal 0.881967 -0.471312 0
    outer loop
      vertex -9.6861 13.9792 0.0036108
      vertex -9.75541 13.8495 0.4
      vertex -9.75541 13.8495 0.0036108
    endloop
  endfacet
  facet normal 0.290217 0.956961 -0
    outer loop
      vertex -9.20881 7.20192 0.0036108
      vertex -9.34951 7.24459 0.4
      vertex -9.20881 7.20192 0.4
    endloop
  endfacet
  facet normal 0.290217 0.956961 0
    outer loop
      vertex -9.34951 7.24459 0.4
      vertex -9.20881 7.20192 0.0036108
      vertex -9.34951 7.24459 0.0036108
    endloop
  endfacet
  facet normal 0.471425 0.881906 -0
    outer loop
      vertex -9.34951 7.24459 0.0036108
      vertex -9.47917 7.3139 0.4
      vertex -9.34951 7.24459 0.4
    endloop
  endfacet
  facet normal 0.471425 0.881906 0
    outer loop
      vertex -9.47917 7.3139 0.4
      vertex -9.34951 7.24459 0.0036108
      vertex -9.47917 7.3139 0.0036108
    endloop
  endfacet
  facet normal 0.995178 0.0980826 0
    outer loop
      vertex -9.79808 7.79119 0.4
      vertex -9.8125 7.9375 0.0036108
      vertex -9.8125 7.9375 0.4
    endloop
  endfacet
  facet normal 0.995178 0.0980826 0
    outer loop
      vertex -9.8125 7.9375 0.0036108
      vertex -9.79808 7.79119 0.4
      vertex -9.79808 7.79119 0.0036108
    endloop
  endfacet
  facet normal 0.956961 0.290217 0
    outer loop
      vertex -9.75541 7.65049 0.4
      vertex -9.79808 7.79119 0.0036108
      vertex -9.79808 7.79119 0.4
    endloop
  endfacet
  facet normal 0.956961 0.290217 0
    outer loop
      vertex -9.79808 7.79119 0.0036108
      vertex -9.75541 7.65049 0.4
      vertex -9.75541 7.65049 0.0036108
    endloop
  endfacet
  facet normal 0.995178 -0.0980893 0
    outer loop
      vertex -9.8125 13.5625 0.4
      vertex -9.79808 13.7088 0.0036108
      vertex -9.79808 13.7088 0.4
    endloop
  endfacet
  facet normal 0.995178 -0.0980893 0
    outer loop
      vertex -9.79808 13.7088 0.0036108
      vertex -9.8125 13.5625 0.4
      vertex -9.8125 13.5625 0.0036108
    endloop
  endfacet
  facet normal 0.634515 -0.772911 0
    outer loop
      vertex -9.59282 14.0928 0.0036108
      vertex -9.47917 14.1861 0.4
      vertex -9.59282 14.0928 0.4
    endloop
  endfacet
  facet normal 0.634515 -0.772911 0
    outer loop
      vertex -9.47917 14.1861 0.4
      vertex -9.59282 14.0928 0.0036108
      vertex -9.47917 14.1861 0.0036108
    endloop
  endfacet
  facet normal 0.956961 -0.290217 0
    outer loop
      vertex -9.79808 13.7088 0.4
      vertex -9.75541 13.8495 0.0036108
      vertex -9.75541 13.8495 0.4
    endloop
  endfacet
  facet normal 0.956961 -0.290217 0
    outer loop
      vertex -9.75541 13.8495 0.0036108
      vertex -9.79808 13.7088 0.4
      vertex -9.79808 13.7088 0.0036108
    endloop
  endfacet
  facet normal 1 -0 0
    outer loop
      vertex -9.8125 7.9375 0.4
      vertex -9.8125 13.5625 0.0036108
      vertex -9.8125 13.5625 0.4
    endloop
  endfacet
  facet normal 1 0 0
    outer loop
      vertex -9.8125 13.5625 0.0036108
      vertex -9.8125 7.9375 0.4
      vertex -9.8125 7.9375 0.0036108
    endloop
  endfacet
  facet normal 0 1 -0
    outer loop
      vertex -3.4375 7.1875 0.0036108
      vertex -9.0625 7.1875 0.4
      vertex -3.4375 7.1875 0.4
    endloop
  endfacet
  facet normal 0 1 0
    outer loop
      vertex -9.0625 7.1875 0.4
      vertex -3.4375 7.1875 0.0036108
      vertex -9.0625 7.1875 0.0036108
    endloop
  endfacet
  facet normal 0.772978 0.634433 0
    outer loop
      vertex -9.59282 7.40718 0.4
      vertex -9.6861 7.52083 0.0036108
      vertex -9.6861 7.52083 0.4
    endloop
  endfacet
  facet normal 0.772978 0.634433 0
    outer loop
      vertex -9.6861 7.52083 0.0036108
      vertex -9.59282 7.40718 0.4
      vertex -9.59282 7.40718 0.0036108
    endloop
  endfacet
  facet normal 0.772841 -0.6346 0
    outer loop
      vertex -9.6861 13.9792 0.4
      vertex -9.59282 14.0928 0.0036108
      vertex -9.59282 14.0928 0.4
    endloop
  endfacet
  facet normal 0.772841 -0.6346 0
    outer loop
      vertex -9.59282 14.0928 0.0036108
      vertex -9.6861 13.9792 0.4
      vertex -9.6861 13.9792 0.0036108
    endloop
  endfacet
  facet normal 0.471372 -0.881935 0
    outer loop
      vertex -9.47917 14.1861 0.0036108
      vertex -9.34951 14.2554 0.4
      vertex -9.47917 14.1861 0.4
    endloop
  endfacet
  facet normal 0.471372 -0.881935 0
    outer loop
      vertex -9.34951 14.2554 0.4
      vertex -9.47917 14.1861 0.0036108
      vertex -9.34951 14.2554 0.0036108
    endloop
  endfacet
  facet normal 0.634433 0.772978 -0
    outer loop
      vertex -9.47917 7.3139 0.0036108
      vertex -9.59282 7.40718 0.4
      vertex -9.47917 7.3139 0.4
    endloop
  endfacet
  facet normal 0.634433 0.772978 0
    outer loop
      vertex -9.59282 7.40718 0.4
      vertex -9.47917 7.3139 0.0036108
      vertex -9.59282 7.40718 0.0036108
    endloop
  endfacet
  facet normal 0.0979479 -0.995192 0
    outer loop
      vertex -9.20881 14.2981 0.0036108
      vertex -9.0625 14.3125 0.4
      vertex -9.20881 14.2981 0.4
    endloop
  endfacet
  facet normal 0.0979479 -0.995192 0
    outer loop
      vertex -9.0625 14.3125 0.4
      vertex -9.20881 14.2981 0.0036108
      vertex -9.0625 14.3125 0.0036108
    endloop
  endfacet
  facet normal 0 -1 0
    outer loop
      vertex 3.6875 14.3125 0.0036108
      vertex 9.3125 14.3125 0.4
      vertex 3.6875 14.3125 0.4
    endloop
  endfacet
  facet normal 0 -1 -0
    outer loop
      vertex 9.3125 14.3125 0.4
      vertex 3.6875 14.3125 0.0036108
      vertex 9.3125 14.3125 0.0036108
    endloop
  endfacet
  facet normal -0.772841 -0.6346 0
    outer loop
      vertex 9.9361 13.9792 0.0036108
      vertex 9.84282 14.0928 0.4
      vertex 9.84282 14.0928 0.0036108
    endloop
  endfacet
  facet normal -0.772841 -0.6346 0
    outer loop
      vertex 9.84282 14.0928 0.4
      vertex 9.9361 13.9792 0.0036108
      vertex 9.9361 13.9792 0.4
    endloop
  endfacet
  facet normal -0.881995 -0.471259 0
    outer loop
      vertex 10.0054 13.8495 0.0036108
      vertex 9.9361 13.9792 0.4
      vertex 9.9361 13.9792 0.0036108
    endloop
  endfacet
  facet normal -0.881995 -0.471259 0
    outer loop
      vertex 9.9361 13.9792 0.4
      vertex 10.0054 13.8495 0.0036108
      vertex 10.0054 13.8495 0.4
    endloop
  endfacet
  facet normal -0.471372 -0.881935 0
    outer loop
      vertex 9.59951 14.2554 0.0036108
      vertex 9.72917 14.1861 0.4
      vertex 9.59951 14.2554 0.4
    endloop
  endfacet
  facet normal -0.471372 -0.881935 -0
    outer loop
      vertex 9.72917 14.1861 0.4
      vertex 9.59951 14.2554 0.0036108
      vertex 9.72917 14.1861 0.0036108
    endloop
  endfacet
  facet normal -0.995192 0.0979479 0
    outer loop
      vertex 10.0481 7.79119 0.0036108
      vertex 10.0625 7.9375 0.4
      vertex 10.0625 7.9375 0.0036108
    endloop
  endfacet
  facet normal -0.995192 0.0979479 0
    outer loop
      vertex 10.0625 7.9375 0.4
      vertex 10.0481 7.79119 0.0036108
      vertex 10.0481 7.79119 0.4
    endloop
  endfacet
  facet normal -0.881935 0.471372 0
    outer loop
      vertex 9.9361 7.52083 0.0036108
      vertex 10.0054 7.65049 0.4
      vertex 10.0054 7.65049 0.0036108
    endloop
  endfacet
  facet normal -0.881935 0.471372 0
    outer loop
      vertex 10.0054 7.65049 0.4
      vertex 9.9361 7.52083 0.0036108
      vertex 9.9361 7.52083 0.4
    endloop
  endfacet
  facet normal -0.956904 0.290404 0
    outer loop
      vertex 10.0054 7.65049 0.0036108
      vertex 10.0481 7.79119 0.4
      vertex 10.0481 7.79119 0.0036108
    endloop
  endfacet
  facet normal -0.956904 0.290404 0
    outer loop
      vertex 10.0481 7.79119 0.4
      vertex 10.0054 7.65049 0.0036108
      vertex 10.0054 7.65049 0.4
    endloop
  endfacet
  facet normal -0.956904 -0.290404 0
    outer loop
      vertex 10.0481 13.7088 0.0036108
      vertex 10.0054 13.8495 0.4
      vertex 10.0054 13.8495 0.0036108
    endloop
  endfacet
  facet normal -0.956904 -0.290404 0
    outer loop
      vertex 10.0054 13.8495 0.4
      vertex 10.0481 13.7088 0.0036108
      vertex 10.0481 13.7088 0.4
    endloop
  endfacet
  facet normal -0.634515 -0.772911 0
    outer loop
      vertex 9.72917 14.1861 0.0036108
      vertex 9.84282 14.0928 0.4
      vertex 9.72917 14.1861 0.4
    endloop
  endfacet
  facet normal -0.634515 -0.772911 -0
    outer loop
      vertex 9.84282 14.0928 0.4
      vertex 9.72917 14.1861 0.0036108
      vertex 9.84282 14.0928 0.0036108
    endloop
  endfacet
  facet normal -1 0 0
    outer loop
      vertex 10.0625 7.9375 0.0036108
      vertex 10.0625 13.5625 0.4
      vertex 10.0625 13.5625 0.0036108
    endloop
  endfacet
  facet normal -1 -0 0
    outer loop
      vertex 10.0625 13.5625 0.4
      vertex 10.0625 7.9375 0.0036108
      vertex 10.0625 7.9375 0.4
    endloop
  endfacet
  facet normal 0 1 -0
    outer loop
      vertex 9.3125 7.1875 0.0036108
      vertex 3.6875 7.1875 0.4
      vertex 9.3125 7.1875 0.4
    endloop
  endfacet
  facet normal 0 1 0
    outer loop
      vertex 3.6875 7.1875 0.4
      vertex 9.3125 7.1875 0.0036108
      vertex 3.6875 7.1875 0.0036108
    endloop
  endfacet
  facet normal -0.772978 0.634433 0
    outer loop
      vertex 9.84282 7.40718 0.0036108
      vertex 9.9361 7.52083 0.4
      vertex 9.9361 7.52083 0.0036108
    endloop
  endfacet
  facet normal -0.772978 0.634433 0
    outer loop
      vertex 9.9361 7.52083 0.4
      vertex 9.84282 7.40718 0.0036108
      vertex 9.84282 7.40718 0.4
    endloop
  endfacet
  facet normal -0.634433 0.772978 0
    outer loop
      vertex 9.84282 7.40718 0.0036108
      vertex 9.72917 7.3139 0.4
      vertex 9.84282 7.40718 0.4
    endloop
  endfacet
  facet normal -0.634433 0.772978 0
    outer loop
      vertex 9.72917 7.3139 0.4
      vertex 9.84282 7.40718 0.0036108
      vertex 9.72917 7.3139 0.0036108
    endloop
  endfacet
  facet normal -0.290404 -0.956904 0
    outer loop
      vertex 9.45881 14.2981 0.0036108
      vertex 9.59951 14.2554 0.4
      vertex 9.45881 14.2981 0.4
    endloop
  endfacet
  facet normal -0.290404 -0.956904 -0
    outer loop
      vertex 9.59951 14.2554 0.4
      vertex 9.45881 14.2981 0.0036108
      vertex 9.59951 14.2554 0.0036108
    endloop
  endfacet
  facet normal -0.0979479 -0.995192 0
    outer loop
      vertex 9.3125 14.3125 0.0036108
      vertex 9.45881 14.2981 0.4
      vertex 9.3125 14.3125 0.4
    endloop
  endfacet
  facet normal -0.0979479 -0.995192 -0
    outer loop
      vertex 9.45881 14.2981 0.4
      vertex 9.3125 14.3125 0.0036108
      vertex 9.45881 14.2981 0.0036108
    endloop
  endfacet
  facet normal -0.995191 -0.0979545 0
    outer loop
      vertex 10.0625 13.5625 0.0036108
      vertex 10.0481 13.7088 0.4
      vertex 10.0481 13.7088 0.0036108
    endloop
  endfacet
  facet normal -0.995191 -0.0979545 0
    outer loop
      vertex 10.0481 13.7088 0.4
      vertex 10.0625 13.5625 0.0036108
      vertex 10.0625 13.5625 0.4
    endloop
  endfacet
  facet normal -0.290217 0.956961 0
    outer loop
      vertex 9.59951 7.24459 0.0036108
      vertex 9.45881 7.20192 0.4
      vertex 9.59951 7.24459 0.4
    endloop
  endfacet
  facet normal -0.290217 0.956961 0
    outer loop
      vertex 9.45881 7.20192 0.4
      vertex 9.59951 7.24459 0.0036108
      vertex 9.45881 7.20192 0.0036108
    endloop
  endfacet
  facet normal -0.0980826 0.995178 0
    outer loop
      vertex 9.45881 7.20192 0.0036108
      vertex 9.3125 7.1875 0.4
      vertex 9.45881 7.20192 0.4
    endloop
  endfacet
  facet normal -0.0980826 0.995178 0
    outer loop
      vertex 9.3125 7.1875 0.4
      vertex 9.45881 7.20192 0.0036108
      vertex 9.3125 7.1875 0.0036108
    endloop
  endfacet
  facet normal -0.471425 0.881906 0
    outer loop
      vertex 9.72917 7.3139 0.0036108
      vertex 9.59951 7.24459 0.4
      vertex 9.72917 7.3139 0.4
    endloop
  endfacet
  facet normal -0.471425 0.881906 0
    outer loop
      vertex 9.59951 7.24459 0.4
      vertex 9.72917 7.3139 0.0036108
      vertex 9.59951 7.24459 0.0036108
    endloop
  endfacet
  facet normal 0 -1 0
    outer loop
      vertex -40.6208 -24.5 0
      vertex -32.75 -24.5 1.3
      vertex -40.6208 -24.5 1.3
    endloop
  endfacet
  facet normal 0 -1 -0
    outer loop
      vertex -32.75 -24.5 1.3
      vertex -40.6208 -24.5 0
      vertex -32.75 -24.5 0
    endloop
  endfacet
  facet normal 0 0 1
    outer loop
      vertex -32.75 -16.3 1.3
      vertex -40.6208 -24.5 1.3
      vertex -32.75 -24.5 1.3
    endloop
  endfacet
  facet normal -0 0 1
    outer loop
      vertex -40.785 -16.3 1.3
      vertex -40.6208 -24.5 1.3
      vertex -32.75 -16.3 1.3
    endloop
  endfacet
  facet normal 0 0 1
    outer loop
      vertex -42.461 -14.6797 1.3
      vertex -40.785 -16.3 1.3
      vertex -41.4003 -15.5503 1.3
    endloop
  endfacet
  facet normal 0 0 1
    outer loop
      vertex -40.785 -16.3 1.3
      vertex -42.461 -14.6797 1.3
      vertex -40.6208 -24.5 1.3
    endloop
  endfacet
  facet normal 0 0 1
    outer loop
      vertex -42.461 -26.3203 1.3
      vertex -40.6208 -24.5 1.3
      vertex -42.461 -14.6797 1.3
    endloop
  endfacet
  facet normal 0 0 1
    outer loop
      vertex -40.6208 -24.5 1.3
      vertex -42.461 -26.3203 1.3
      vertex -41.4003 -25.4497 1.3
    endloop
  endfacet
  facet normal 0 0 1
    outer loop
      vertex -43.6712 -14.0328 1.3
      vertex -42.461 -26.3203 1.3
      vertex -42.461 -14.6797 1.3
    endloop
  endfacet
  facet normal 0 0 1
    outer loop
      vertex -43.6712 -14.0328 1.3
      vertex -43.6712 -26.9672 1.3
      vertex -42.461 -26.3203 1.3
    endloop
  endfacet
  facet normal 0 0 1
    outer loop
      vertex -44.9844 -13.6345 1.3
      vertex -43.6712 -26.9672 1.3
      vertex -43.6712 -14.0328 1.3
    endloop
  endfacet
  facet normal 0 0 1
    outer loop
      vertex -44.9844 -13.6345 1.3
      vertex -44.9844 -27.3655 1.3
      vertex -43.6712 -26.9672 1.3
    endloop
  endfacet
  facet normal 0 0 1
    outer loop
      vertex -46.35 -13.5 1.3
      vertex -44.9844 -27.3655 1.3
      vertex -44.9844 -13.6345 1.3
    endloop
  endfacet
  facet normal 0 0 1
    outer loop
      vertex -46.35 -13.5 1.3
      vertex -46.35 -27.5 1.3
      vertex -44.9844 -27.3655 1.3
    endloop
  endfacet
  facet normal -0 0 1
    outer loop
      vertex -47.7156 -13.6345 1.3
      vertex -46.35 -27.5 1.3
      vertex -46.35 -13.5 1.3
    endloop
  endfacet
  facet normal 0 0 1
    outer loop
      vertex -47.7156 -13.6345 1.3
      vertex -47.7156 -27.3655 1.3
      vertex -46.35 -27.5 1.3
    endloop
  endfacet
  facet normal -0 0 1
    outer loop
      vertex -49.0288 -14.0328 1.3
      vertex -47.7156 -27.3655 1.3
      vertex -47.7156 -13.6345 1.3
    endloop
  endfacet
  facet normal 0 0 1
    outer loop
      vertex -49.0288 -14.0328 1.3
      vertex -49.0288 -26.9672 1.3
      vertex -47.7156 -27.3655 1.3
    endloop
  endfacet
  facet normal -0 0 1
    outer loop
      vertex -50.239 -14.6797 1.3
      vertex -49.0288 -26.9672 1.3
      vertex -49.0288 -14.0328 1.3
    endloop
  endfacet
  facet normal 0 0 1
    outer loop
      vertex -50.239 -14.6797 1.3
      vertex -50.239 -26.3203 1.3
      vertex -49.0288 -26.9672 1.3
    endloop
  endfacet
  facet normal -0 0 1
    outer loop
      vertex -51.2997 -15.5503 1.3
      vertex -50.239 -26.3203 1.3
      vertex -50.239 -14.6797 1.3
    endloop
  endfacet
  facet normal 0 0 1
    outer loop
      vertex -51.2997 -15.5503 1.3
      vertex -51.2997 -25.4497 1.3
      vertex -50.239 -26.3203 1.3
    endloop
  endfacet
  facet normal -0 0 1
    outer loop
      vertex -52.1703 -16.611 1.3
      vertex -51.2997 -25.4497 1.3
      vertex -51.2997 -15.5503 1.3
    endloop
  endfacet
  facet normal 0 0 1
    outer loop
      vertex -52.1703 -16.611 1.3
      vertex -52.1703 -24.389 1.3
      vertex -51.2997 -25.4497 1.3
    endloop
  endfacet
  facet normal -0 0 1
    outer loop
      vertex -52.8172 -17.8212 1.3
      vertex -52.1703 -24.389 1.3
      vertex -52.1703 -16.611 1.3
    endloop
  endfacet
  facet normal 0 0 1
    outer loop
      vertex -52.8172 -17.8212 1.3
      vertex -52.8172 -23.1788 1.3
      vertex -52.1703 -24.389 1.3
    endloop
  endfacet
  facet normal -0 0 1
    outer loop
      vertex -53.2155 -19.1344 1.3
      vertex -52.8172 -23.1788 1.3
      vertex -52.8172 -17.8212 1.3
    endloop
  endfacet
  facet normal 0 0 1
    outer loop
      vertex -53.2155 -19.1344 1.3
      vertex -53.2155 -21.8656 1.3
      vertex -52.8172 -23.1788 1.3
    endloop
  endfacet
  facet normal 0 -0 1
    outer loop
      vertex -53.2155 -21.8656 1.3
      vertex -53.2155 -19.1344 1.3
      vertex -53.35 -20.5 1.3
    endloop
  endfacet
  facet normal 0 0 -1
    outer loop
      vertex -40.6208 -24.5 0
      vertex -32.75 -16.3 0
      vertex -32.75 -24.5 0
    endloop
  endfacet
  facet normal 0 0 -1
    outer loop
      vertex -40.6208 -24.5 0
      vertex -40.785 -16.3 0
      vertex -32.75 -16.3 0
    endloop
  endfacet
  facet normal 0 0 -1
    outer loop
      vertex -42.461 -26.3203 0
      vertex -40.6208 -24.5 0
      vertex -41.4003 -25.4497 0
    endloop
  endfacet
  facet normal -0 0 -1
    outer loop
      vertex -40.6208 -24.5 0
      vertex -42.461 -26.3203 0
      vertex -40.785 -16.3 0
    endloop
  endfacet
  facet normal 0 0 -1
    outer loop
      vertex -43.6712 -26.9672 0
      vertex -40.785 -16.3 0
      vertex -42.461 -26.3203 0
    endloop
  endfacet
  facet normal 0 0 -1
    outer loop
      vertex -40.785 -16.3 0
      vertex -42.461 -14.6797 0
      vertex -41.4003 -15.5503 0
    endloop
  endfacet
  facet normal 0 0 -1
    outer loop
      vertex -43.6712 -14.0328 0
      vertex -40.785 -16.3 0
      vertex -43.6712 -26.9672 0
    endloop
  endfacet
  facet normal 0 0 -1
    outer loop
      vertex -40.785 -16.3 0
      vertex -43.6712 -14.0328 0
      vertex -42.461 -14.6797 0
    endloop
  endfacet
  facet normal 0 0 -1
    outer loop
      vertex -44.9844 -27.3655 0
      vertex -43.6712 -14.0328 0
      vertex -43.6712 -26.9672 0
    endloop
  endfacet
  facet normal 0 0 -1
    outer loop
      vertex -44.9844 -27.3655 0
      vertex -44.9844 -13.6345 0
      vertex -43.6712 -14.0328 0
    endloop
  endfacet
  facet normal 0 0 -1
    outer loop
      vertex -46.35 -27.5 0
      vertex -44.9844 -13.6345 0
      vertex -44.9844 -27.3655 0
    endloop
  endfacet
  facet normal 0 0 -1
    outer loop
      vertex -46.35 -27.5 0
      vertex -46.35 -13.5 0
      vertex -44.9844 -13.6345 0
    endloop
  endfacet
  facet normal 0 0 -1
    outer loop
      vertex -47.7156 -27.3655 0
      vertex -46.35 -13.5 0
      vertex -46.35 -27.5 0
    endloop
  endfacet
  facet normal 0 0 -1
    outer loop
      vertex -47.7156 -27.3655 0
      vertex -47.7156 -13.6345 0
      vertex -46.35 -13.5 0
    endloop
  endfacet
  facet normal 0 0 -1
    outer loop
      vertex -49.0288 -26.9672 0
      vertex -47.7156 -13.6345 0
      vertex -47.7156 -27.3655 0
    endloop
  endfacet
  facet normal 0 0 -1
    outer loop
      vertex -49.0288 -26.9672 0
      vertex -49.0288 -14.0328 0
      vertex -47.7156 -13.6345 0
    endloop
  endfacet
  facet normal 0 0 -1
    outer loop
      vertex -50.239 -26.3203 0
      vertex -49.0288 -14.0328 0
      vertex -49.0288 -26.9672 0
    endloop
  endfacet
  facet normal 0 0 -1
    outer loop
      vertex -50.239 -26.3203 0
      vertex -50.239 -14.6797 0
      vertex -49.0288 -14.0328 0
    endloop
  endfacet
  facet normal 0 0 -1
    outer loop
      vertex -51.2997 -25.4497 0
      vertex -50.239 -14.6797 0
      vertex -50.239 -26.3203 0
    endloop
  endfacet
  facet normal 0 0 -1
    outer loop
      vertex -51.2997 -25.4497 0
      vertex -51.2997 -15.5503 0
      vertex -50.239 -14.6797 0
    endloop
  endfacet
  facet normal 0 0 -1
    outer loop
      vertex -52.1703 -24.389 0
      vertex -51.2997 -15.5503 0
      vertex -51.2997 -25.4497 0
    endloop
  endfacet
  facet normal 0 0 -1
    outer loop
      vertex -52.1703 -24.389 0
      vertex -52.1703 -16.611 0
      vertex -51.2997 -15.5503 0
    endloop
  endfacet
  facet normal 0 0 -1
    outer loop
      vertex -52.8172 -23.1788 0
      vertex -52.1703 -16.611 0
      vertex -52.1703 -24.389 0
    endloop
  endfacet
  facet normal 0 0 -1
    outer loop
      vertex -52.8172 -23.1788 0
      vertex -52.8172 -17.8212 0
      vertex -52.1703 -16.611 0
    endloop
  endfacet
  facet normal 0 0 -1
    outer loop
      vertex -53.2155 -21.8656 0
      vertex -52.8172 -17.8212 0
      vertex -52.8172 -23.1788 0
    endloop
  endfacet
  facet normal 0 0 -1
    outer loop
      vertex -53.2155 -21.8656 0
      vertex -53.2155 -19.1344 0
      vertex -52.8172 -17.8212 0
    endloop
  endfacet
  facet normal 0 -0 -1
    outer loop
      vertex -53.2155 -19.1344 0
      vertex -53.2155 -21.8656 0
      vertex -53.35 -20.5 0
    endloop
  endfacet
  facet normal 0 1 -0
    outer loop
      vertex -32.75 -16.3 0
      vertex -40.785 -16.3 1.3
      vertex -32.75 -16.3 1.3
    endloop
  endfacet
  facet normal 0 1 0
    outer loop
      vertex -40.785 -16.3 1.3
      vertex -32.75 -16.3 0
      vertex -40.785 -16.3 0
    endloop
  endfacet
  facet normal 1 -0 0
    outer loop
      vertex -32.75 -24.5 1.3
      vertex -32.75 -16.3 0
      vertex -32.75 -16.3 1.3
    endloop
  endfacet
  facet normal 1 0 0
    outer loop
      vertex -32.75 -16.3 0
      vertex -32.75 -24.5 1.3
      vertex -32.75 -24.5 0
    endloop
  endfacet
  facet normal 0.471416 -0.881911 0
    outer loop
      vertex -43.6712 -26.9672 0
      vertex -42.461 -26.3203 1.3
      vertex -43.6712 -26.9672 1.3
    endloop
  endfacet
  facet normal 0.471416 -0.881911 0
    outer loop
      vertex -42.461 -26.3203 1.3
      vertex -43.6712 -26.9672 0
      vertex -42.461 -26.3203 0
    endloop
  endfacet
  facet normal 0.290248 -0.956951 0
    outer loop
      vertex -44.9844 -27.3655 0
      vertex -43.6712 -26.9672 1.3
      vertex -44.9844 -27.3655 1.3
    endloop
  endfacet
  facet normal 0.290248 -0.956951 0
    outer loop
      vertex -43.6712 -26.9672 1.3
      vertex -44.9844 -27.3655 0
      vertex -43.6712 -26.9672 0
    endloop
  endfacet
  facet normal -0.0980172 -0.995185 0
    outer loop
      vertex -47.7156 -27.3655 0
      vertex -46.35 -27.5 1.3
      vertex -47.7156 -27.3655 1.3
    endloop
  endfacet
  facet normal -0.0980172 -0.995185 -0
    outer loop
      vertex -46.35 -27.5 1.3
      vertex -47.7156 -27.3655 0
      vertex -46.35 -27.5 0
    endloop
  endfacet
  facet normal 0.634439 0.772973 -0
    outer loop
      vertex -41.4003 -15.5503 0
      vertex -42.461 -14.6797 1.3
      vertex -41.4003 -15.5503 1.3
    endloop
  endfacet
  facet normal 0.634439 0.772973 0
    outer loop
      vertex -42.461 -14.6797 1.3
      vertex -41.4003 -15.5503 0
      vertex -42.461 -14.6797 0
    endloop
  endfacet
  facet normal 0.634439 -0.772973 0
    outer loop
      vertex -42.461 -26.3203 0
      vertex -41.4003 -25.4497 1.3
      vertex -42.461 -26.3203 1.3
    endloop
  endfacet
  facet normal 0.634439 -0.772973 0
    outer loop
      vertex -41.4003 -25.4497 1.3
      vertex -42.461 -26.3203 0
      vertex -41.4003 -25.4497 0
    endloop
  endfacet
  facet normal 0.0980172 -0.995185 0
    outer loop
      vertex -46.35 -27.5 0
      vertex -44.9844 -27.3655 1.3
      vertex -46.35 -27.5 1.3
    endloop
  endfacet
  facet normal 0.0980172 -0.995185 0
    outer loop
      vertex -44.9844 -27.3655 1.3
      vertex -46.35 -27.5 0
      vertex -44.9844 -27.3655 0
    endloop
  endfacet
  facet normal -0.634439 -0.772973 0
    outer loop
      vertex -51.2997 -25.4497 0
      vertex -50.239 -26.3203 1.3
      vertex -51.2997 -25.4497 1.3
    endloop
  endfacet
  facet normal -0.634439 -0.772973 -0
    outer loop
      vertex -50.239 -26.3203 1.3
      vertex -51.2997 -25.4497 0
      vertex -50.239 -26.3203 0
    endloop
  endfacet
  facet normal 0.77297 -0.634443 0
    outer loop
      vertex -41.4003 -25.4497 1.3
      vertex -40.6208 -24.5 0
      vertex -40.6208 -24.5 1.3
    endloop
  endfacet
  facet normal 0.77297 -0.634443 0
    outer loop
      vertex -40.6208 -24.5 0
      vertex -41.4003 -25.4497 1.3
      vertex -41.4003 -25.4497 0
    endloop
  endfacet
  facet normal 0.0980172 0.995185 -0
    outer loop
      vertex -44.9844 -13.6345 0
      vertex -46.35 -13.5 1.3
      vertex -44.9844 -13.6345 1.3
    endloop
  endfacet
  facet normal 0.0980172 0.995185 0
    outer loop
      vertex -46.35 -13.5 1.3
      vertex -44.9844 -13.6345 0
      vertex -46.35 -13.5 0
    endloop
  endfacet
  facet normal -0.881911 -0.471416 0
    outer loop
      vertex -52.1703 -24.389 0
      vertex -52.8172 -23.1788 1.3
      vertex -52.8172 -23.1788 0
    endloop
  endfacet
  facet normal -0.881911 -0.471416 0
    outer loop
      vertex -52.8172 -23.1788 1.3
      vertex -52.1703 -24.389 0
      vertex -52.1703 -24.389 1.3
    endloop
  endfacet
  facet normal -0.881911 0.471416 0
    outer loop
      vertex -52.8172 -17.8212 0
      vertex -52.1703 -16.611 1.3
      vertex -52.1703 -16.611 0
    endloop
  endfacet
  facet normal -0.881911 0.471416 0
    outer loop
      vertex -52.1703 -16.611 1.3
      vertex -52.8172 -17.8212 0
      vertex -52.8172 -17.8212 1.3
    endloop
  endfacet
  facet normal -0.471416 0.881911 0
    outer loop
      vertex -49.0288 -14.0328 0
      vertex -50.239 -14.6797 1.3
      vertex -49.0288 -14.0328 1.3
    endloop
  endfacet
  facet normal -0.471416 0.881911 0
    outer loop
      vertex -50.239 -14.6797 1.3
      vertex -49.0288 -14.0328 0
      vertex -50.239 -14.6797 0
    endloop
  endfacet
  facet normal -0.956951 -0.290248 0
    outer loop
      vertex -52.8172 -23.1788 0
      vertex -53.2155 -21.8656 1.3
      vertex -53.2155 -21.8656 0
    endloop
  endfacet
  facet normal -0.956951 -0.290248 0
    outer loop
      vertex -53.2155 -21.8656 1.3
      vertex -52.8172 -23.1788 0
      vertex -52.8172 -23.1788 1.3
    endloop
  endfacet
  facet normal -0.995185 -0.0980172 0
    outer loop
      vertex -53.2155 -21.8656 0
      vertex -53.35 -20.5 1.3
      vertex -53.35 -20.5 0
    endloop
  endfacet
  facet normal -0.995185 -0.0980172 0
    outer loop
      vertex -53.35 -20.5 1.3
      vertex -53.2155 -21.8656 0
      vertex -53.2155 -21.8656 1.3
    endloop
  endfacet
  facet normal -0.772973 0.634439 0
    outer loop
      vertex -52.1703 -16.611 0
      vertex -51.2997 -15.5503 1.3
      vertex -51.2997 -15.5503 0
    endloop
  endfacet
  facet normal -0.772973 0.634439 0
    outer loop
      vertex -51.2997 -15.5503 1.3
      vertex -52.1703 -16.611 0
      vertex -52.1703 -16.611 1.3
    endloop
  endfacet
  facet normal 0.290248 0.956951 -0
    outer loop
      vertex -43.6712 -14.0328 0
      vertex -44.9844 -13.6345 1.3
      vertex -43.6712 -14.0328 1.3
    endloop
  endfacet
  facet normal 0.290248 0.956951 0
    outer loop
      vertex -44.9844 -13.6345 1.3
      vertex -43.6712 -14.0328 0
      vertex -44.9844 -13.6345 0
    endloop
  endfacet
  facet normal -0.956951 0.290248 0
    outer loop
      vertex -53.2155 -19.1344 0
      vertex -52.8172 -17.8212 1.3
      vertex -52.8172 -17.8212 0
    endloop
  endfacet
  facet normal -0.956951 0.290248 0
    outer loop
      vertex -52.8172 -17.8212 1.3
      vertex -53.2155 -19.1344 0
      vertex -53.2155 -19.1344 1.3
    endloop
  endfacet
  facet normal -0.290248 0.956951 0
    outer loop
      vertex -47.7156 -13.6345 0
      vertex -49.0288 -14.0328 1.3
      vertex -47.7156 -13.6345 1.3
    endloop
  endfacet
  facet normal -0.290248 0.956951 0
    outer loop
      vertex -49.0288 -14.0328 1.3
      vertex -47.7156 -13.6345 0
      vertex -49.0288 -14.0328 0
    endloop
  endfacet
  facet normal 0.772992 0.634416 0
    outer loop
      vertex -40.785 -16.3 1.3
      vertex -41.4003 -15.5503 0
      vertex -41.4003 -15.5503 1.3
    endloop
  endfacet
  facet normal 0.772992 0.634416 0
    outer loop
      vertex -41.4003 -15.5503 0
      vertex -40.785 -16.3 1.3
      vertex -40.785 -16.3 0
    endloop
  endfacet
  facet normal 0.471416 0.881911 -0
    outer loop
      vertex -42.461 -14.6797 0
      vertex -43.6712 -14.0328 1.3
      vertex -42.461 -14.6797 1.3
    endloop
  endfacet
  facet normal 0.471416 0.881911 0
    outer loop
      vertex -43.6712 -14.0328 1.3
      vertex -42.461 -14.6797 0
      vertex -43.6712 -14.0328 0
    endloop
  endfacet
  facet normal -0.634439 0.772973 0
    outer loop
      vertex -50.239 -14.6797 0
      vertex -51.2997 -15.5503 1.3
      vertex -50.239 -14.6797 1.3
    endloop
  endfacet
  facet normal -0.634439 0.772973 0
    outer loop
      vertex -51.2997 -15.5503 1.3
      vertex -50.239 -14.6797 0
      vertex -51.2997 -15.5503 0
    endloop
  endfacet
  facet normal -0.0980172 0.995185 0
    outer loop
      vertex -46.35 -13.5 0
      vertex -47.7156 -13.6345 1.3
      vertex -46.35 -13.5 1.3
    endloop
  endfacet
  facet normal -0.0980172 0.995185 0
    outer loop
      vertex -47.7156 -13.6345 1.3
      vertex -46.35 -13.5 0
      vertex -47.7156 -13.6345 0
    endloop
  endfacet
  facet normal -0.772973 -0.634439 0
    outer loop
      vertex -51.2997 -25.4497 0
      vertex -52.1703 -24.389 1.3
      vertex -52.1703 -24.389 0
    endloop
  endfacet
  facet normal -0.772973 -0.634439 0
    outer loop
      vertex -52.1703 -24.389 1.3
      vertex -51.2997 -25.4497 0
      vertex -51.2997 -25.4497 1.3
    endloop
  endfacet
  facet normal -0.995185 0.0980172 0
    outer loop
      vertex -53.35 -20.5 0
      vertex -53.2155 -19.1344 1.3
      vertex -53.2155 -19.1344 0
    endloop
  endfacet
  facet normal -0.995185 0.0980172 0
    outer loop
      vertex -53.2155 -19.1344 1.3
      vertex -53.35 -20.5 0
      vertex -53.35 -20.5 1.3
    endloop
  endfacet
  facet normal -0.471416 -0.881911 0
    outer loop
      vertex -50.239 -26.3203 0
      vertex -49.0288 -26.9672 1.3
      vertex -50.239 -26.3203 1.3
    endloop
  endfacet
  facet normal -0.471416 -0.881911 -0
    outer loop
      vertex -49.0288 -26.9672 1.3
      vertex -50.239 -26.3203 0
      vertex -49.0288 -26.9672 0
    endloop
  endfacet
  facet normal -0.290248 -0.956951 0
    outer loop
      vertex -49.0288 -26.9672 0
      vertex -47.7156 -27.3655 1.3
      vertex -49.0288 -26.9672 1.3
    endloop
  endfacet
  facet normal -0.290248 -0.956951 -0
    outer loop
      vertex -47.7156 -27.3655 1.3
      vertex -49.0288 -26.9672 0
      vertex -47.7156 -27.3655 0
    endloop
  endfacet
  facet normal 0 1 -0
    outer loop
      vertex 40.6208 -16.5 0
      vertex 32.75 -16.5 1.3
      vertex 40.6208 -16.5 1.3
    endloop
  endfacet
  facet normal 0 1 0
    outer loop
      vertex 32.75 -16.5 1.3
      vertex 40.6208 -16.5 0
      vertex 32.75 -16.5 0
    endloop
  endfacet
  facet normal 0 0 1
    outer loop
      vertex 53.2155 -19.1344 1.3
      vertex 53.2155 -21.8656 1.3
      vertex 53.35 -20.5 1.3
    endloop
  endfacet
  facet normal 0 0 1
    outer loop
      vertex 52.8172 -17.8212 1.3
      vertex 53.2155 -21.8656 1.3
      vertex 53.2155 -19.1344 1.3
    endloop
  endfacet
  facet normal 0 0 1
    outer loop
      vertex 52.8172 -17.8212 1.3
      vertex 52.8172 -23.1788 1.3
      vertex 53.2155 -21.8656 1.3
    endloop
  endfacet
  facet normal 0 0 1
    outer loop
      vertex 52.1703 -16.611 1.3
      vertex 52.8172 -23.1788 1.3
      vertex 52.8172 -17.8212 1.3
    endloop
  endfacet
  facet normal 0 0 1
    outer loop
      vertex 52.1703 -16.611 1.3
      vertex 52.1703 -24.389 1.3
      vertex 52.8172 -23.1788 1.3
    endloop
  endfacet
  facet normal 0 0 1
    outer loop
      vertex 51.2997 -15.5503 1.3
      vertex 52.1703 -24.389 1.3
      vertex 52.1703 -16.611 1.3
    endloop
  endfacet
  facet normal 0 0 1
    outer loop
      vertex 51.2997 -15.5503 1.3
      vertex 51.2997 -25.4497 1.3
      vertex 52.1703 -24.389 1.3
    endloop
  endfacet
  facet normal 0 0 1
    outer loop
      vertex 50.239 -14.6797 1.3
      vertex 51.2997 -25.4497 1.3
      vertex 51.2997 -15.5503 1.3
    endloop
  endfacet
  facet normal 0 0 1
    outer loop
      vertex 50.239 -14.6797 1.3
      vertex 50.239 -26.3203 1.3
      vertex 51.2997 -25.4497 1.3
    endloop
  endfacet
  facet normal 0 0 1
    outer loop
      vertex 49.0288 -14.0328 1.3
      vertex 50.239 -26.3203 1.3
      vertex 50.239 -14.6797 1.3
    endloop
  endfacet
  facet normal 0 0 1
    outer loop
      vertex 49.0288 -14.0328 1.3
      vertex 49.0288 -26.9672 1.3
      vertex 50.239 -26.3203 1.3
    endloop
  endfacet
  facet normal 0 0 1
    outer loop
      vertex 47.7156 -13.6345 1.3
      vertex 49.0288 -26.9672 1.3
      vertex 49.0288 -14.0328 1.3
    endloop
  endfacet
  facet normal 0 0 1
    outer loop
      vertex 47.7156 -13.6345 1.3
      vertex 47.7156 -27.3655 1.3
      vertex 49.0288 -26.9672 1.3
    endloop
  endfacet
  facet normal 0 0 1
    outer loop
      vertex 46.35 -13.5 1.3
      vertex 47.7156 -27.3655 1.3
      vertex 47.7156 -13.6345 1.3
    endloop
  endfacet
  facet normal 0 0 1
    outer loop
      vertex 46.35 -13.5 1.3
      vertex 46.35 -27.5 1.3
      vertex 47.7156 -27.3655 1.3
    endloop
  endfacet
  facet normal -0 0 1
    outer loop
      vertex 44.9844 -13.6345 1.3
      vertex 46.35 -27.5 1.3
      vertex 46.35 -13.5 1.3
    endloop
  endfacet
  facet normal 0 0 1
    outer loop
      vertex 44.9844 -13.6345 1.3
      vertex 44.9844 -27.3655 1.3
      vertex 46.35 -27.5 1.3
    endloop
  endfacet
  facet normal -0 0 1
    outer loop
      vertex 43.6712 -14.0328 1.3
      vertex 44.9844 -27.3655 1.3
      vertex 44.9844 -13.6345 1.3
    endloop
  endfacet
  facet normal 0 0 1
    outer loop
      vertex 43.6712 -14.0328 1.3
      vertex 43.6712 -26.9672 1.3
      vertex 44.9844 -27.3655 1.3
    endloop
  endfacet
  facet normal -0 0 1
    outer loop
      vertex 42.461 -14.6797 1.3
      vertex 43.6712 -26.9672 1.3
      vertex 43.6712 -14.0328 1.3
    endloop
  endfacet
  facet normal -0 0 1
    outer loop
      vertex 40.785 -24.7 1.3
      vertex 43.6712 -26.9672 1.3
      vertex 42.461 -14.6797 1.3
    endloop
  endfacet
  facet normal 0 0 1
    outer loop
      vertex 40.6208 -16.5 1.3
      vertex 42.461 -14.6797 1.3
      vertex 41.4003 -15.5503 1.3
    endloop
  endfacet
  facet normal 0 0 1
    outer loop
      vertex 43.6712 -26.9672 1.3
      vertex 40.785 -24.7 1.3
      vertex 42.461 -26.3203 1.3
    endloop
  endfacet
  facet normal 0 0 1
    outer loop
      vertex 42.461 -26.3203 1.3
      vertex 40.785 -24.7 1.3
      vertex 41.4003 -25.4497 1.3
    endloop
  endfacet
  facet normal 0 0 1
    outer loop
      vertex 42.461 -14.6797 1.3
      vertex 40.6208 -16.5 1.3
      vertex 40.785 -24.7 1.3
    endloop
  endfacet
  facet normal 0 0 1
    outer loop
      vertex 32.75 -24.7 1.3
      vertex 40.6208 -16.5 1.3
      vertex 32.75 -16.5 1.3
    endloop
  endfacet
  facet normal 0 0 1
    outer loop
      vertex 40.6208 -16.5 1.3
      vertex 32.75 -24.7 1.3
      vertex 40.785 -24.7 1.3
    endloop
  endfacet
  facet normal 0 0 -1
    outer loop
      vertex 53.2155 -21.8656 0
      vertex 53.2155 -19.1344 0
      vertex 53.35 -20.5 0
    endloop
  endfacet
  facet normal 0 0 -1
    outer loop
      vertex 52.8172 -23.1788 0
      vertex 53.2155 -19.1344 0
      vertex 53.2155 -21.8656 0
    endloop
  endfacet
  facet normal 0 0 -1
    outer loop
      vertex 52.8172 -23.1788 0
      vertex 52.8172 -17.8212 0
      vertex 53.2155 -19.1344 0
    endloop
  endfacet
  facet normal 0 0 -1
    outer loop
      vertex 52.1703 -24.389 0
      vertex 52.8172 -17.8212 0
      vertex 52.8172 -23.1788 0
    endloop
  endfacet
  facet normal 0 0 -1
    outer loop
      vertex 52.1703 -24.389 0
      vertex 52.1703 -16.611 0
      vertex 52.8172 -17.8212 0
    endloop
  endfacet
  facet normal 0 0 -1
    outer loop
      vertex 51.2997 -25.4497 0
      vertex 52.1703 -16.611 0
      vertex 52.1703 -24.389 0
    endloop
  endfacet
  facet normal 0 0 -1
    outer loop
      vertex 51.2997 -25.4497 0
      vertex 51.2997 -15.5503 0
      vertex 52.1703 -16.611 0
    endloop
  endfacet
  facet normal 0 0 -1
    outer loop
      vertex 50.239 -26.3203 0
      vertex 51.2997 -15.5503 0
      vertex 51.2997 -25.4497 0
    endloop
  endfacet
  facet normal 0 0 -1
    outer loop
      vertex 50.239 -26.3203 0
      vertex 50.239 -14.6797 0
      vertex 51.2997 -15.5503 0
    endloop
  endfacet
  facet normal 0 0 -1
    outer loop
      vertex 49.0288 -26.9672 0
      vertex 50.239 -14.6797 0
      vertex 50.239 -26.3203 0
    endloop
  endfacet
  facet normal 0 0 -1
    outer loop
      vertex 49.0288 -26.9672 0
      vertex 49.0288 -14.0328 0
      vertex 50.239 -14.6797 0
    endloop
  endfacet
  facet normal 0 0 -1
    outer loop
      vertex 47.7156 -27.3655 0
      vertex 49.0288 -14.0328 0
      vertex 49.0288 -26.9672 0
    endloop
  endfacet
  facet normal 0 0 -1
    outer loop
      vertex 47.7156 -27.3655 0
      vertex 47.7156 -13.6345 0
      vertex 49.0288 -14.0328 0
    endloop
  endfacet
  facet normal 0 0 -1
    outer loop
      vertex 46.35 -27.5 0
      vertex 47.7156 -13.6345 0
      vertex 47.7156 -27.3655 0
    endloop
  endfacet
  facet normal 0 0 -1
    outer loop
      vertex 46.35 -27.5 0
      vertex 46.35 -13.5 0
      vertex 47.7156 -13.6345 0
    endloop
  endfacet
  facet normal 0 0 -1
    outer loop
      vertex 44.9844 -27.3655 0
      vertex 46.35 -13.5 0
      vertex 46.35 -27.5 0
    endloop
  endfacet
  facet normal 0 0 -1
    outer loop
      vertex 44.9844 -27.3655 0
      vertex 44.9844 -13.6345 0
      vertex 46.35 -13.5 0
    endloop
  endfacet
  facet normal 0 0 -1
    outer loop
      vertex 43.6712 -26.9672 0
      vertex 44.9844 -13.6345 0
      vertex 44.9844 -27.3655 0
    endloop
  endfacet
  facet normal 0 0 -1
    outer loop
      vertex 43.6712 -26.9672 0
      vertex 43.6712 -14.0328 0
      vertex 44.9844 -13.6345 0
    endloop
  endfacet
  facet normal 0 0 -1
    outer loop
      vertex 40.785 -24.7 0
      vertex 43.6712 -26.9672 0
      vertex 42.461 -26.3203 0
    endloop
  endfacet
  facet normal 0 0 -1
    outer loop
      vertex 43.6712 -26.9672 0
      vertex 40.785 -24.7 0
      vertex 43.6712 -14.0328 0
    endloop
  endfacet
  facet normal 0 0 -1
    outer loop
      vertex 40.785 -24.7 0
      vertex 42.461 -26.3203 0
      vertex 41.4003 -25.4497 0
    endloop
  endfacet
  facet normal 0 0 -1
    outer loop
      vertex 43.6712 -14.0328 0
      vertex 40.785 -24.7 0
      vertex 42.461 -14.6797 0
    endloop
  endfacet
  facet normal 0 0 -1
    outer loop
      vertex 40.6208 -16.5 0
      vertex 42.461 -14.6797 0
      vertex 40.785 -24.7 0
    endloop
  endfacet
  facet normal 0 0 -1
    outer loop
      vertex 42.461 -14.6797 0
      vertex 40.6208 -16.5 0
      vertex 41.4003 -15.5503 0
    endloop
  endfacet
  facet normal 0 0 -1
    outer loop
      vertex 32.75 -24.7 0
      vertex 40.6208 -16.5 0
      vertex 40.785 -24.7 0
    endloop
  endfacet
  facet normal -0 0 -1
    outer loop
      vertex 40.6208 -16.5 0
      vertex 32.75 -24.7 0
      vertex 32.75 -16.5 0
    endloop
  endfacet
  facet normal 0 -1 0
    outer loop
      vertex 32.75 -24.7 0
      vertex 40.785 -24.7 1.3
      vertex 32.75 -24.7 1.3
    endloop
  endfacet
  facet normal 0 -1 -0
    outer loop
      vertex 40.785 -24.7 1.3
      vertex 32.75 -24.7 0
      vertex 40.785 -24.7 0
    endloop
  endfacet
  facet normal -1 0 0
    outer loop
      vertex 32.75 -24.7 0
      vertex 32.75 -16.5 1.3
      vertex 32.75 -16.5 0
    endloop
  endfacet
  facet normal -1 -0 0
    outer loop
      vertex 32.75 -16.5 1.3
      vertex 32.75 -24.7 0
      vertex 32.75 -24.7 1.3
    endloop
  endfacet
  facet normal -0.471416 0.881911 0
    outer loop
      vertex 43.6712 -14.0328 0
      vertex 42.461 -14.6797 1.3
      vertex 43.6712 -14.0328 1.3
    endloop
  endfacet
  facet normal -0.471416 0.881911 0
    outer loop
      vertex 42.461 -14.6797 1.3
      vertex 43.6712 -14.0328 0
      vertex 42.461 -14.6797 0
    endloop
  endfacet
  facet normal -0.290248 0.956951 0
    outer loop
      vertex 44.9844 -13.6345 0
      vertex 43.6712 -14.0328 1.3
      vertex 44.9844 -13.6345 1.3
    endloop
  endfacet
  facet normal -0.290248 0.956951 0
    outer loop
      vertex 43.6712 -14.0328 1.3
      vertex 44.9844 -13.6345 0
      vertex 43.6712 -14.0328 0
    endloop
  endfacet
  facet normal 0.0980172 0.995185 -0
    outer loop
      vertex 47.7156 -13.6345 0
      vertex 46.35 -13.5 1.3
      vertex 47.7156 -13.6345 1.3
    endloop
  endfacet
  facet normal 0.0980172 0.995185 0
    outer loop
      vertex 46.35 -13.5 1.3
      vertex 47.7156 -13.6345 0
      vertex 46.35 -13.5 0
    endloop
  endfacet
  facet normal -0.634439 -0.772973 0
    outer loop
      vertex 41.4003 -25.4497 0
      vertex 42.461 -26.3203 1.3
      vertex 41.4003 -25.4497 1.3
    endloop
  endfacet
  facet normal -0.634439 -0.772973 -0
    outer loop
      vertex 42.461 -26.3203 1.3
      vertex 41.4003 -25.4497 0
      vertex 42.461 -26.3203 0
    endloop
  endfacet
  facet normal -0.634439 0.772973 0
    outer loop
      vertex 42.461 -14.6797 0
      vertex 41.4003 -15.5503 1.3
      vertex 42.461 -14.6797 1.3
    endloop
  endfacet
  facet normal -0.634439 0.772973 0
    outer loop
      vertex 41.4003 -15.5503 1.3
      vertex 42.461 -14.6797 0
      vertex 41.4003 -15.5503 0
    endloop
  endfacet
  facet normal -0.0980172 0.995185 0
    outer loop
      vertex 46.35 -13.5 0
      vertex 44.9844 -13.6345 1.3
      vertex 46.35 -13.5 1.3
    endloop
  endfacet
  facet normal -0.0980172 0.995185 0
    outer loop
      vertex 44.9844 -13.6345 1.3
      vertex 46.35 -13.5 0
      vertex 44.9844 -13.6345 0
    endloop
  endfacet
  facet normal 0.634439 0.772973 -0
    outer loop
      vertex 51.2997 -15.5503 0
      vertex 50.239 -14.6797 1.3
      vertex 51.2997 -15.5503 1.3
    endloop
  endfacet
  facet normal 0.634439 0.772973 0
    outer loop
      vertex 50.239 -14.6797 1.3
      vertex 51.2997 -15.5503 0
      vertex 50.239 -14.6797 0
    endloop
  endfacet
  facet normal -0.77297 0.634443 0
    outer loop
      vertex 40.6208 -16.5 0
      vertex 41.4003 -15.5503 1.3
      vertex 41.4003 -15.5503 0
    endloop
  endfacet
  facet normal -0.77297 0.634443 0
    outer loop
      vertex 41.4003 -15.5503 1.3
      vertex 40.6208 -16.5 0
      vertex 40.6208 -16.5 1.3
    endloop
  endfacet
  facet normal -0.0980172 -0.995185 0
    outer loop
      vertex 44.9844 -27.3655 0
      vertex 46.35 -27.5 1.3
      vertex 44.9844 -27.3655 1.3
    endloop
  endfacet
  facet normal -0.0980172 -0.995185 -0
    outer loop
      vertex 46.35 -27.5 1.3
      vertex 44.9844 -27.3655 0
      vertex 46.35 -27.5 0
    endloop
  endfacet
  facet normal 0.881911 0.471416 0
    outer loop
      vertex 52.8172 -17.8212 1.3
      vertex 52.1703 -16.611 0
      vertex 52.1703 -16.611 1.3
    endloop
  endfacet
  facet normal 0.881911 0.471416 0
    outer loop
      vertex 52.1703 -16.611 0
      vertex 52.8172 -17.8212 1.3
      vertex 52.8172 -17.8212 0
    endloop
  endfacet
  facet normal 0.881911 -0.471416 0
    outer loop
      vertex 52.1703 -24.389 1.3
      vertex 52.8172 -23.1788 0
      vertex 52.8172 -23.1788 1.3
    endloop
  endfacet
  facet normal 0.881911 -0.471416 0
    outer loop
      vertex 52.8172 -23.1788 0
      vertex 52.1703 -24.389 1.3
      vertex 52.1703 -24.389 0
    endloop
  endfacet
  facet normal 0.471416 -0.881911 0
    outer loop
      vertex 49.0288 -26.9672 0
      vertex 50.239 -26.3203 1.3
      vertex 49.0288 -26.9672 1.3
    endloop
  endfacet
  facet normal 0.471416 -0.881911 0
    outer loop
      vertex 50.239 -26.3203 1.3
      vertex 49.0288 -26.9672 0
      vertex 50.239 -26.3203 0
    endloop
  endfacet
  facet normal 0.956951 0.290248 0
    outer loop
      vertex 53.2155 -19.1344 1.3
      vertex 52.8172 -17.8212 0
      vertex 52.8172 -17.8212 1.3
    endloop
  endfacet
  facet normal 0.956951 0.290248 0
    outer loop
      vertex 52.8172 -17.8212 0
      vertex 53.2155 -19.1344 1.3
      vertex 53.2155 -19.1344 0
    endloop
  endfacet
  facet normal 0.995185 0.0980172 0
    outer loop
      vertex 53.35 -20.5 1.3
      vertex 53.2155 -19.1344 0
      vertex 53.2155 -19.1344 1.3
    endloop
  endfacet
  facet normal 0.995185 0.0980172 0
    outer loop
      vertex 53.2155 -19.1344 0
      vertex 53.35 -20.5 1.3
      vertex 53.35 -20.5 0
    endloop
  endfacet
  facet normal 0.772973 -0.634439 0
    outer loop
      vertex 51.2997 -25.4497 1.3
      vertex 52.1703 -24.389 0
      vertex 52.1703 -24.389 1.3
    endloop
  endfacet
  facet normal 0.772973 -0.634439 0
    outer loop
      vertex 52.1703 -24.389 0
      vertex 51.2997 -25.4497 1.3
      vertex 51.2997 -25.4497 0
    endloop
  endfacet
  facet normal -0.290248 -0.956951 0
    outer loop
      vertex 43.6712 -26.9672 0
      vertex 44.9844 -27.3655 1.3
      vertex 43.6712 -26.9672 1.3
    endloop
  endfacet
  facet normal -0.290248 -0.956951 -0
    outer loop
      vertex 44.9844 -27.3655 1.3
      vertex 43.6712 -26.9672 0
      vertex 44.9844 -27.3655 0
    endloop
  endfacet
  facet normal 0.956951 -0.290248 0
    outer loop
      vertex 52.8172 -23.1788 1.3
      vertex 53.2155 -21.8656 0
      vertex 53.2155 -21.8656 1.3
    endloop
  endfacet
  facet normal 0.956951 -0.290248 0
    outer loop
      vertex 53.2155 -21.8656 0
      vertex 52.8172 -23.1788 1.3
      vertex 52.8172 -23.1788 0
    endloop
  endfacet
  facet normal 0.290248 -0.956951 0
    outer loop
      vertex 47.7156 -27.3655 0
      vertex 49.0288 -26.9672 1.3
      vertex 47.7156 -27.3655 1.3
    endloop
  endfacet
  facet normal 0.290248 -0.956951 0
    outer loop
      vertex 49.0288 -26.9672 1.3
      vertex 47.7156 -27.3655 0
      vertex 49.0288 -26.9672 0
    endloop
  endfacet
  facet normal -0.772992 -0.634416 0
    outer loop
      vertex 41.4003 -25.4497 0
      vertex 40.785 -24.7 1.3
      vertex 40.785 -24.7 0
    endloop
  endfacet
  facet normal -0.772992 -0.634416 0
    outer loop
      vertex 40.785 -24.7 1.3
      vertex 41.4003 -25.4497 0
      vertex 41.4003 -25.4497 1.3
    endloop
  endfacet
  facet normal -0.471416 -0.881911 0
    outer loop
      vertex 42.461 -26.3203 0
      vertex 43.6712 -26.9672 1.3
      vertex 42.461 -26.3203 1.3
    endloop
  endfacet
  facet normal -0.471416 -0.881911 -0
    outer loop
      vertex 43.6712 -26.9672 1.3
      vertex 42.461 -26.3203 0
      vertex 43.6712 -26.9672 0
    endloop
  endfacet
  facet normal 0.634439 -0.772973 0
    outer loop
      vertex 50.239 -26.3203 0
      vertex 51.2997 -25.4497 1.3
      vertex 50.239 -26.3203 1.3
    endloop
  endfacet
  facet normal 0.634439 -0.772973 0
    outer loop
      vertex 51.2997 -25.4497 1.3
      vertex 50.239 -26.3203 0
      vertex 51.2997 -25.4497 0
    endloop
  endfacet
  facet normal 0.0980172 -0.995185 0
    outer loop
      vertex 46.35 -27.5 0
      vertex 47.7156 -27.3655 1.3
      vertex 46.35 -27.5 1.3
    endloop
  endfacet
  facet normal 0.0980172 -0.995185 0
    outer loop
      vertex 47.7156 -27.3655 1.3
      vertex 46.35 -27.5 0
      vertex 47.7156 -27.3655 0
    endloop
  endfacet
  facet normal 0.772973 0.634439 0
    outer loop
      vertex 52.1703 -16.611 1.3
      vertex 51.2997 -15.5503 0
      vertex 51.2997 -15.5503 1.3
    endloop
  endfacet
  facet normal 0.772973 0.634439 0
    outer loop
      vertex 51.2997 -15.5503 0
      vertex 52.1703 -16.611 1.3
      vertex 52.1703 -16.611 0
    endloop
  endfacet
  facet normal 0.995185 -0.0980172 0
    outer loop
      vertex 53.2155 -21.8656 1.3
      vertex 53.35 -20.5 0
      vertex 53.35 -20.5 1.3
    endloop
  endfacet
  facet normal 0.995185 -0.0980172 0
    outer loop
      vertex 53.35 -20.5 0
      vertex 53.2155 -21.8656 1.3
      vertex 53.2155 -21.8656 0
    endloop
  endfacet
  facet normal 0.471416 0.881911 -0
    outer loop
      vertex 50.239 -14.6797 0
      vertex 49.0288 -14.0328 1.3
      vertex 50.239 -14.6797 1.3
    endloop
  endfacet
  facet normal 0.471416 0.881911 0
    outer loop
      vertex 49.0288 -14.0328 1.3
      vertex 50.239 -14.6797 0
      vertex 49.0288 -14.0328 0
    endloop
  endfacet
  facet normal 0.290248 0.956951 -0
    outer loop
      vertex 49.0288 -14.0328 0
      vertex 47.7156 -13.6345 1.3
      vertex 49.0288 -14.0328 1.3
    endloop
  endfacet
  facet normal 0.290248 0.956951 0
    outer loop
      vertex 47.7156 -13.6345 1.3
      vertex 49.0288 -14.0328 0
      vertex 47.7156 -13.6345 0
    endloop
  endfacet
  facet normal 0 -1 0
    outer loop
      vertex -40.6208 15.5 0
      vertex -32.75 15.5 1.3
      vertex -40.6208 15.5 1.3
    endloop
  endfacet
  facet normal 0 -1 -0
    outer loop
      vertex -32.75 15.5 1.3
      vertex -40.6208 15.5 0
      vertex -32.75 15.5 0
    endloop
  endfacet
  facet normal 0 0 1
    outer loop
      vertex -32.75 23.7 1.3
      vertex -40.6208 15.5 1.3
      vertex -32.75 15.5 1.3
    endloop
  endfacet
  facet normal -0 0 1
    outer loop
      vertex -40.785 23.7 1.3
      vertex -40.6208 15.5 1.3
      vertex -32.75 23.7 1.3
    endloop
  endfacet
  facet normal 0 0 1
    outer loop
      vertex -42.461 25.3203 1.3
      vertex -40.785 23.7 1.3
      vertex -41.4003 24.4497 1.3
    endloop
  endfacet
  facet normal 0 0 1
    outer loop
      vertex -40.785 23.7 1.3
      vertex -42.461 25.3203 1.3
      vertex -40.6208 15.5 1.3
    endloop
  endfacet
  facet normal 0 0 1
    outer loop
      vertex -42.461 13.6797 1.3
      vertex -40.6208 15.5 1.3
      vertex -42.461 25.3203 1.3
    endloop
  endfacet
  facet normal 0 0 1
    outer loop
      vertex -40.6208 15.5 1.3
      vertex -42.461 13.6797 1.3
      vertex -41.4003 14.5503 1.3
    endloop
  endfacet
  facet normal 0 0 1
    outer loop
      vertex -43.6712 25.9672 1.3
      vertex -42.461 13.6797 1.3
      vertex -42.461 25.3203 1.3
    endloop
  endfacet
  facet normal 0 0 1
    outer loop
      vertex -43.6712 25.9672 1.3
      vertex -43.6712 13.0328 1.3
      vertex -42.461 13.6797 1.3
    endloop
  endfacet
  facet normal 0 0 1
    outer loop
      vertex -44.9844 26.3655 1.3
      vertex -43.6712 13.0328 1.3
      vertex -43.6712 25.9672 1.3
    endloop
  endfacet
  facet normal 0 0 1
    outer loop
      vertex -44.9844 26.3655 1.3
      vertex -44.9844 12.6345 1.3
      vertex -43.6712 13.0328 1.3
    endloop
  endfacet
  facet normal 0 0 1
    outer loop
      vertex -46.35 26.5 1.3
      vertex -44.9844 12.6345 1.3
      vertex -44.9844 26.3655 1.3
    endloop
  endfacet
  facet normal 0 0 1
    outer loop
      vertex -46.35 26.5 1.3
      vertex -46.35 12.5 1.3
      vertex -44.9844 12.6345 1.3
    endloop
  endfacet
  facet normal -0 0 1
    outer loop
      vertex -47.7156 26.3655 1.3
      vertex -46.35 12.5 1.3
      vertex -46.35 26.5 1.3
    endloop
  endfacet
  facet normal 0 0 1
    outer loop
      vertex -47.7156 26.3655 1.3
      vertex -47.7156 12.6345 1.3
      vertex -46.35 12.5 1.3
    endloop
  endfacet
  facet normal -0 0 1
    outer loop
      vertex -49.0288 25.9672 1.3
      vertex -47.7156 12.6345 1.3
      vertex -47.7156 26.3655 1.3
    endloop
  endfacet
  facet normal 0 0 1
    outer loop
      vertex -49.0288 25.9672 1.3
      vertex -49.0288 13.0328 1.3
      vertex -47.7156 12.6345 1.3
    endloop
  endfacet
  facet normal -0 0 1
    outer loop
      vertex -50.239 25.3203 1.3
      vertex -49.0288 13.0328 1.3
      vertex -49.0288 25.9672 1.3
    endloop
  endfacet
  facet normal 0 0 1
    outer loop
      vertex -50.239 25.3203 1.3
      vertex -50.239 13.6797 1.3
      vertex -49.0288 13.0328 1.3
    endloop
  endfacet
  facet normal -0 0 1
    outer loop
      vertex -51.2997 24.4497 1.3
      vertex -50.239 13.6797 1.3
      vertex -50.239 25.3203 1.3
    endloop
  endfacet
  facet normal 0 0 1
    outer loop
      vertex -51.2997 24.4497 1.3
      vertex -51.2997 14.5503 1.3
      vertex -50.239 13.6797 1.3
    endloop
  endfacet
  facet normal -0 0 1
    outer loop
      vertex -52.1703 23.389 1.3
      vertex -51.2997 14.5503 1.3
      vertex -51.2997 24.4497 1.3
    endloop
  endfacet
  facet normal 0 0 1
    outer loop
      vertex -52.1703 23.389 1.3
      vertex -52.1703 15.611 1.3
      vertex -51.2997 14.5503 1.3
    endloop
  endfacet
  facet normal -0 0 1
    outer loop
      vertex -52.8172 22.1788 1.3
      vertex -52.1703 15.611 1.3
      vertex -52.1703 23.389 1.3
    endloop
  endfacet
  facet normal 0 0 1
    outer loop
      vertex -52.8172 22.1788 1.3
      vertex -52.8172 16.8212 1.3
      vertex -52.1703 15.611 1.3
    endloop
  endfacet
  facet normal -0 0 1
    outer loop
      vertex -53.2155 20.8656 1.3
      vertex -52.8172 16.8212 1.3
      vertex -52.8172 22.1788 1.3
    endloop
  endfacet
  facet normal 0 0 1
    outer loop
      vertex -53.2155 20.8656 1.3
      vertex -53.2155 18.1344 1.3
      vertex -52.8172 16.8212 1.3
    endloop
  endfacet
  facet normal 0 -0 1
    outer loop
      vertex -53.2155 18.1344 1.3
      vertex -53.2155 20.8656 1.3
      vertex -53.35 19.5 1.3
    endloop
  endfacet
  facet normal 0 0 -1
    outer loop
      vertex -40.6208 15.5 0
      vertex -32.75 23.7 0
      vertex -32.75 15.5 0
    endloop
  endfacet
  facet normal 0 0 -1
    outer loop
      vertex -40.6208 15.5 0
      vertex -40.785 23.7 0
      vertex -32.75 23.7 0
    endloop
  endfacet
  facet normal 0 0 -1
    outer loop
      vertex -42.461 13.6797 0
      vertex -40.6208 15.5 0
      vertex -41.4003 14.5503 0
    endloop
  endfacet
  facet normal -0 0 -1
    outer loop
      vertex -40.6208 15.5 0
      vertex -42.461 13.6797 0
      vertex -40.785 23.7 0
    endloop
  endfacet
  facet normal 0 0 -1
    outer loop
      vertex -43.6712 13.0328 0
      vertex -40.785 23.7 0
      vertex -42.461 13.6797 0
    endloop
  endfacet
  facet normal 0 0 -1
    outer loop
      vertex -40.785 23.7 0
      vertex -42.461 25.3203 0
      vertex -41.4003 24.4497 0
    endloop
  endfacet
  facet normal 0 0 -1
    outer loop
      vertex -43.6712 25.9672 0
      vertex -40.785 23.7 0
      vertex -43.6712 13.0328 0
    endloop
  endfacet
  facet normal 0 0 -1
    outer loop
      vertex -40.785 23.7 0
      vertex -43.6712 25.9672 0
      vertex -42.461 25.3203 0
    endloop
  endfacet
  facet normal 0 0 -1
    outer loop
      vertex -44.9844 12.6345 0
      vertex -43.6712 25.9672 0
      vertex -43.6712 13.0328 0
    endloop
  endfacet
  facet normal 0 0 -1
    outer loop
      vertex -44.9844 12.6345 0
      vertex -44.9844 26.3655 0
      vertex -43.6712 25.9672 0
    endloop
  endfacet
  facet normal 0 0 -1
    outer loop
      vertex -46.35 12.5 0
      vertex -44.9844 26.3655 0
      vertex -44.9844 12.6345 0
    endloop
  endfacet
  facet normal 0 0 -1
    outer loop
      vertex -46.35 12.5 0
      vertex -46.35 26.5 0
      vertex -44.9844 26.3655 0
    endloop
  endfacet
  facet normal 0 0 -1
    outer loop
      vertex -47.7156 12.6345 0
      vertex -46.35 26.5 0
      vertex -46.35 12.5 0
    endloop
  endfacet
  facet normal 0 0 -1
    outer loop
      vertex -47.7156 12.6345 0
      vertex -47.7156 26.3655 0
      vertex -46.35 26.5 0
    endloop
  endfacet
  facet normal 0 0 -1
    outer loop
      vertex -49.0288 13.0328 0
      vertex -47.7156 26.3655 0
      vertex -47.7156 12.6345 0
    endloop
  endfacet
  facet normal 0 0 -1
    outer loop
      vertex -49.0288 13.0328 0
      vertex -49.0288 25.9672 0
      vertex -47.7156 26.3655 0
    endloop
  endfacet
  facet normal 0 0 -1
    outer loop
      vertex -50.239 13.6797 0
      vertex -49.0288 25.9672 0
      vertex -49.0288 13.0328 0
    endloop
  endfacet
  facet normal 0 0 -1
    outer loop
      vertex -50.239 13.6797 0
      vertex -50.239 25.3203 0
      vertex -49.0288 25.9672 0
    endloop
  endfacet
  facet normal 0 0 -1
    outer loop
      vertex -51.2997 14.5503 0
      vertex -50.239 25.3203 0
      vertex -50.239 13.6797 0
    endloop
  endfacet
  facet normal 0 0 -1
    outer loop
      vertex -51.2997 14.5503 0
      vertex -51.2997 24.4497 0
      vertex -50.239 25.3203 0
    endloop
  endfacet
  facet normal 0 0 -1
    outer loop
      vertex -52.1703 15.611 0
      vertex -51.2997 24.4497 0
      vertex -51.2997 14.5503 0
    endloop
  endfacet
  facet normal 0 0 -1
    outer loop
      vertex -52.1703 15.611 0
      vertex -52.1703 23.389 0
      vertex -51.2997 24.4497 0
    endloop
  endfacet
  facet normal 0 0 -1
    outer loop
      vertex -52.8172 16.8212 0
      vertex -52.1703 23.389 0
      vertex -52.1703 15.611 0
    endloop
  endfacet
  facet normal 0 0 -1
    outer loop
      vertex -52.8172 16.8212 0
      vertex -52.8172 22.1788 0
      vertex -52.1703 23.389 0
    endloop
  endfacet
  facet normal 0 0 -1
    outer loop
      vertex -53.2155 18.1344 0
      vertex -52.8172 22.1788 0
      vertex -52.8172 16.8212 0
    endloop
  endfacet
  facet normal 0 0 -1
    outer loop
      vertex -53.2155 18.1344 0
      vertex -53.2155 20.8656 0
      vertex -52.8172 22.1788 0
    endloop
  endfacet
  facet normal 0 -0 -1
    outer loop
      vertex -53.2155 20.8656 0
      vertex -53.2155 18.1344 0
      vertex -53.35 19.5 0
    endloop
  endfacet
  facet normal 0 1 -0
    outer loop
      vertex -32.75 23.7 0
      vertex -40.785 23.7 1.3
      vertex -32.75 23.7 1.3
    endloop
  endfacet
  facet normal 0 1 0
    outer loop
      vertex -40.785 23.7 1.3
      vertex -32.75 23.7 0
      vertex -40.785 23.7 0
    endloop
  endfacet
  facet normal 1 -0 0
    outer loop
      vertex -32.75 15.5 1.3
      vertex -32.75 23.7 0
      vertex -32.75 23.7 1.3
    endloop
  endfacet
  facet normal 1 0 0
    outer loop
      vertex -32.75 23.7 0
      vertex -32.75 15.5 1.3
      vertex -32.75 15.5 0
    endloop
  endfacet
  facet normal 0.471416 -0.881911 0
    outer loop
      vertex -43.6712 13.0328 0
      vertex -42.461 13.6797 1.3
      vertex -43.6712 13.0328 1.3
    endloop
  endfacet
  facet normal 0.471416 -0.881911 0
    outer loop
      vertex -42.461 13.6797 1.3
      vertex -43.6712 13.0328 0
      vertex -42.461 13.6797 0
    endloop
  endfacet
  facet normal 0.290248 -0.956951 0
    outer loop
      vertex -44.9844 12.6345 0
      vertex -43.6712 13.0328 1.3
      vertex -44.9844 12.6345 1.3
    endloop
  endfacet
  facet normal 0.290248 -0.956951 0
    outer loop
      vertex -43.6712 13.0328 1.3
      vertex -44.9844 12.6345 0
      vertex -43.6712 13.0328 0
    endloop
  endfacet
  facet normal -0.0980172 -0.995185 0
    outer loop
      vertex -47.7156 12.6345 0
      vertex -46.35 12.5 1.3
      vertex -47.7156 12.6345 1.3
    endloop
  endfacet
  facet normal -0.0980172 -0.995185 -0
    outer loop
      vertex -46.35 12.5 1.3
      vertex -47.7156 12.6345 0
      vertex -46.35 12.5 0
    endloop
  endfacet
  facet normal 0.634439 0.772973 -0
    outer loop
      vertex -41.4003 24.4497 0
      vertex -42.461 25.3203 1.3
      vertex -41.4003 24.4497 1.3
    endloop
  endfacet
  facet normal 0.634439 0.772973 0
    outer loop
      vertex -42.461 25.3203 1.3
      vertex -41.4003 24.4497 0
      vertex -42.461 25.3203 0
    endloop
  endfacet
  facet normal 0.634439 -0.772973 0
    outer loop
      vertex -42.461 13.6797 0
      vertex -41.4003 14.5503 1.3
      vertex -42.461 13.6797 1.3
    endloop
  endfacet
  facet normal 0.634439 -0.772973 0
    outer loop
      vertex -41.4003 14.5503 1.3
      vertex -42.461 13.6797 0
      vertex -41.4003 14.5503 0
    endloop
  endfacet
  facet normal 0.0980172 -0.995185 0
    outer loop
      vertex -46.35 12.5 0
      vertex -44.9844 12.6345 1.3
      vertex -46.35 12.5 1.3
    endloop
  endfacet
  facet normal 0.0980172 -0.995185 0
    outer loop
      vertex -44.9844 12.6345 1.3
      vertex -46.35 12.5 0
      vertex -44.9844 12.6345 0
    endloop
  endfacet
  facet normal -0.634439 -0.772973 0
    outer loop
      vertex -51.2997 14.5503 0
      vertex -50.239 13.6797 1.3
      vertex -51.2997 14.5503 1.3
    endloop
  endfacet
  facet normal -0.634439 -0.772973 -0
    outer loop
      vertex -50.239 13.6797 1.3
      vertex -51.2997 14.5503 0
      vertex -50.239 13.6797 0
    endloop
  endfacet
  facet normal 0.77297 -0.634443 0
    outer loop
      vertex -41.4003 14.5503 1.3
      vertex -40.6208 15.5 0
      vertex -40.6208 15.5 1.3
    endloop
  endfacet
  facet normal 0.77297 -0.634443 0
    outer loop
      vertex -40.6208 15.5 0
      vertex -41.4003 14.5503 1.3
      vertex -41.4003 14.5503 0
    endloop
  endfacet
  facet normal 0.0980172 0.995185 -0
    outer loop
      vertex -44.9844 26.3655 0
      vertex -46.35 26.5 1.3
      vertex -44.9844 26.3655 1.3
    endloop
  endfacet
  facet normal 0.0980172 0.995185 0
    outer loop
      vertex -46.35 26.5 1.3
      vertex -44.9844 26.3655 0
      vertex -46.35 26.5 0
    endloop
  endfacet
  facet normal -0.881911 -0.471416 0
    outer loop
      vertex -52.1703 15.611 0
      vertex -52.8172 16.8212 1.3
      vertex -52.8172 16.8212 0
    endloop
  endfacet
  facet normal -0.881911 -0.471416 0
    outer loop
      vertex -52.8172 16.8212 1.3
      vertex -52.1703 15.611 0
      vertex -52.1703 15.611 1.3
    endloop
  endfacet
  facet normal -0.881911 0.471416 0
    outer loop
      vertex -52.8172 22.1788 0
      vertex -52.1703 23.389 1.3
      vertex -52.1703 23.389 0
    endloop
  endfacet
  facet normal -0.881911 0.471416 0
    outer loop
      vertex -52.1703 23.389 1.3
      vertex -52.8172 22.1788 0
      vertex -52.8172 22.1788 1.3
    endloop
  endfacet
  facet normal -0.471416 0.881911 0
    outer loop
      vertex -49.0288 25.9672 0
      vertex -50.239 25.3203 1.3
      vertex -49.0288 25.9672 1.3
    endloop
  endfacet
  facet normal -0.471416 0.881911 0
    outer loop
      vertex -50.239 25.3203 1.3
      vertex -49.0288 25.9672 0
      vertex -50.239 25.3203 0
    endloop
  endfacet
  facet normal -0.956951 -0.290248 0
    outer loop
      vertex -52.8172 16.8212 0
      vertex -53.2155 18.1344 1.3
      vertex -53.2155 18.1344 0
    endloop
  endfacet
  facet normal -0.956951 -0.290248 0
    outer loop
      vertex -53.2155 18.1344 1.3
      vertex -52.8172 16.8212 0
      vertex -52.8172 16.8212 1.3
    endloop
  endfacet
  facet normal -0.995185 -0.0980172 0
    outer loop
      vertex -53.2155 18.1344 0
      vertex -53.35 19.5 1.3
      vertex -53.35 19.5 0
    endloop
  endfacet
  facet normal -0.995185 -0.0980172 0
    outer loop
      vertex -53.35 19.5 1.3
      vertex -53.2155 18.1344 0
      vertex -53.2155 18.1344 1.3
    endloop
  endfacet
  facet normal -0.772973 0.634439 0
    outer loop
      vertex -52.1703 23.389 0
      vertex -51.2997 24.4497 1.3
      vertex -51.2997 24.4497 0
    endloop
  endfacet
  facet normal -0.772973 0.634439 0
    outer loop
      vertex -51.2997 24.4497 1.3
      vertex -52.1703 23.389 0
      vertex -52.1703 23.389 1.3
    endloop
  endfacet
  facet normal 0.290248 0.956951 -0
    outer loop
      vertex -43.6712 25.9672 0
      vertex -44.9844 26.3655 1.3
      vertex -43.6712 25.9672 1.3
    endloop
  endfacet
  facet normal 0.290248 0.956951 0
    outer loop
      vertex -44.9844 26.3655 1.3
      vertex -43.6712 25.9672 0
      vertex -44.9844 26.3655 0
    endloop
  endfacet
  facet normal -0.956951 0.290248 0
    outer loop
      vertex -53.2155 20.8656 0
      vertex -52.8172 22.1788 1.3
      vertex -52.8172 22.1788 0
    endloop
  endfacet
  facet normal -0.956951 0.290248 0
    outer loop
      vertex -52.8172 22.1788 1.3
      vertex -53.2155 20.8656 0
      vertex -53.2155 20.8656 1.3
    endloop
  endfacet
  facet normal -0.290248 0.956951 0
    outer loop
      vertex -47.7156 26.3655 0
      vertex -49.0288 25.9672 1.3
      vertex -47.7156 26.3655 1.3
    endloop
  endfacet
  facet normal -0.290248 0.956951 0
    outer loop
      vertex -49.0288 25.9672 1.3
      vertex -47.7156 26.3655 0
      vertex -49.0288 25.9672 0
    endloop
  endfacet
  facet normal 0.772992 0.634416 0
    outer loop
      vertex -40.785 23.7 1.3
      vertex -41.4003 24.4497 0
      vertex -41.4003 24.4497 1.3
    endloop
  endfacet
  facet normal 0.772992 0.634416 0
    outer loop
      vertex -41.4003 24.4497 0
      vertex -40.785 23.7 1.3
      vertex -40.785 23.7 0
    endloop
  endfacet
  facet normal 0.471416 0.881911 -0
    outer loop
      vertex -42.461 25.3203 0
      vertex -43.6712 25.9672 1.3
      vertex -42.461 25.3203 1.3
    endloop
  endfacet
  facet normal 0.471416 0.881911 0
    outer loop
      vertex -43.6712 25.9672 1.3
      vertex -42.461 25.3203 0
      vertex -43.6712 25.9672 0
    endloop
  endfacet
  facet normal -0.634439 0.772973 0
    outer loop
      vertex -50.239 25.3203 0
      vertex -51.2997 24.4497 1.3
      vertex -50.239 25.3203 1.3
    endloop
  endfacet
  facet normal -0.634439 0.772973 0
    outer loop
      vertex -51.2997 24.4497 1.3
      vertex -50.239 25.3203 0
      vertex -51.2997 24.4497 0
    endloop
  endfacet
  facet normal -0.0980172 0.995185 0
    outer loop
      vertex -46.35 26.5 0
      vertex -47.7156 26.3655 1.3
      vertex -46.35 26.5 1.3
    endloop
  endfacet
  facet normal -0.0980172 0.995185 0
    outer loop
      vertex -47.7156 26.3655 1.3
      vertex -46.35 26.5 0
      vertex -47.7156 26.3655 0
    endloop
  endfacet
  facet normal -0.772973 -0.634439 0
    outer loop
      vertex -51.2997 14.5503 0
      vertex -52.1703 15.611 1.3
      vertex -52.1703 15.611 0
    endloop
  endfacet
  facet normal -0.772973 -0.634439 0
    outer loop
      vertex -52.1703 15.611 1.3
      vertex -51.2997 14.5503 0
      vertex -51.2997 14.5503 1.3
    endloop
  endfacet
  facet normal -0.995185 0.0980172 0
    outer loop
      vertex -53.35 19.5 0
      vertex -53.2155 20.8656 1.3
      vertex -53.2155 20.8656 0
    endloop
  endfacet
  facet normal -0.995185 0.0980172 0
    outer loop
      vertex -53.2155 20.8656 1.3
      vertex -53.35 19.5 0
      vertex -53.35 19.5 1.3
    endloop
  endfacet
  facet normal -0.471416 -0.881911 0
    outer loop
      vertex -50.239 13.6797 0
      vertex -49.0288 13.0328 1.3
      vertex -50.239 13.6797 1.3
    endloop
  endfacet
  facet normal -0.471416 -0.881911 -0
    outer loop
      vertex -49.0288 13.0328 1.3
      vertex -50.239 13.6797 0
      vertex -49.0288 13.0328 0
    endloop
  endfacet
  facet normal -0.290248 -0.956951 0
    outer loop
      vertex -49.0288 13.0328 0
      vertex -47.7156 12.6345 1.3
      vertex -49.0288 13.0328 1.3
    endloop
  endfacet
  facet normal -0.290248 -0.956951 -0
    outer loop
      vertex -47.7156 12.6345 1.3
      vertex -49.0288 13.0328 0
      vertex -47.7156 12.6345 0
    endloop
  endfacet
  facet normal 0 1 -0
    outer loop
      vertex 40.6208 23.5 0
      vertex 32.75 23.5 1.3
      vertex 40.6208 23.5 1.3
    endloop
  endfacet
  facet normal 0 1 0
    outer loop
      vertex 32.75 23.5 1.3
      vertex 40.6208 23.5 0
      vertex 32.75 23.5 0
    endloop
  endfacet
  facet normal 0 0 1
    outer loop
      vertex 53.2155 20.8656 1.3
      vertex 53.2155 18.1344 1.3
      vertex 53.35 19.5 1.3
    endloop
  endfacet
  facet normal 0 0 1
    outer loop
      vertex 52.8172 22.1788 1.3
      vertex 53.2155 18.1344 1.3
      vertex 53.2155 20.8656 1.3
    endloop
  endfacet
  facet normal 0 0 1
    outer loop
      vertex 52.8172 22.1788 1.3
      vertex 52.8172 16.8212 1.3
      vertex 53.2155 18.1344 1.3
    endloop
  endfacet
  facet normal 0 0 1
    outer loop
      vertex 52.1703 23.389 1.3
      vertex 52.8172 16.8212 1.3
      vertex 52.8172 22.1788 1.3
    endloop
  endfacet
  facet normal 0 0 1
    outer loop
      vertex 52.1703 23.389 1.3
      vertex 52.1703 15.611 1.3
      vertex 52.8172 16.8212 1.3
    endloop
  endfacet
  facet normal 0 0 1
    outer loop
      vertex 51.2997 24.4497 1.3
      vertex 52.1703 15.611 1.3
      vertex 52.1703 23.389 1.3
    endloop
  endfacet
  facet normal 0 0 1
    outer loop
      vertex 51.2997 24.4497 1.3
      vertex 51.2997 14.5503 1.3
      vertex 52.1703 15.611 1.3
    endloop
  endfacet
  facet normal 0 0 1
    outer loop
      vertex 50.239 25.3203 1.3
      vertex 51.2997 14.5503 1.3
      vertex 51.2997 24.4497 1.3
    endloop
  endfacet
  facet normal 0 0 1
    outer loop
      vertex 50.239 25.3203 1.3
      vertex 50.239 13.6797 1.3
      vertex 51.2997 14.5503 1.3
    endloop
  endfacet
  facet normal 0 0 1
    outer loop
      vertex 49.0288 25.9672 1.3
      vertex 50.239 13.6797 1.3
      vertex 50.239 25.3203 1.3
    endloop
  endfacet
  facet normal 0 0 1
    outer loop
      vertex 49.0288 25.9672 1.3
      vertex 49.0288 13.0328 1.3
      vertex 50.239 13.6797 1.3
    endloop
  endfacet
  facet normal 0 0 1
    outer loop
      vertex 47.7156 26.3655 1.3
      vertex 49.0288 13.0328 1.3
      vertex 49.0288 25.9672 1.3
    endloop
  endfacet
  facet normal 0 0 1
    outer loop
      vertex 47.7156 26.3655 1.3
      vertex 47.7156 12.6345 1.3
      vertex 49.0288 13.0328 1.3
    endloop
  endfacet
  facet normal 0 0 1
    outer loop
      vertex 46.35 26.5 1.3
      vertex 47.7156 12.6345 1.3
      vertex 47.7156 26.3655 1.3
    endloop
  endfacet
  facet normal 0 0 1
    outer loop
      vertex 46.35 26.5 1.3
      vertex 46.35 12.5 1.3
      vertex 47.7156 12.6345 1.3
    endloop
  endfacet
  facet normal -0 0 1
    outer loop
      vertex 44.9844 26.3655 1.3
      vertex 46.35 12.5 1.3
      vertex 46.35 26.5 1.3
    endloop
  endfacet
  facet normal 0 0 1
    outer loop
      vertex 44.9844 26.3655 1.3
      vertex 44.9844 12.6345 1.3
      vertex 46.35 12.5 1.3
    endloop
  endfacet
  facet normal -0 0 1
    outer loop
      vertex 43.6712 25.9672 1.3
      vertex 44.9844 12.6345 1.3
      vertex 44.9844 26.3655 1.3
    endloop
  endfacet
  facet normal 0 0 1
    outer loop
      vertex 43.6712 25.9672 1.3
      vertex 43.6712 13.0328 1.3
      vertex 44.9844 12.6345 1.3
    endloop
  endfacet
  facet normal -0 0 1
    outer loop
      vertex 42.461 25.3203 1.3
      vertex 43.6712 13.0328 1.3
      vertex 43.6712 25.9672 1.3
    endloop
  endfacet
  facet normal -0 0 1
    outer loop
      vertex 40.785 15.3 1.3
      vertex 43.6712 13.0328 1.3
      vertex 42.461 25.3203 1.3
    endloop
  endfacet
  facet normal 0 0 1
    outer loop
      vertex 40.6208 23.5 1.3
      vertex 42.461 25.3203 1.3
      vertex 41.4003 24.4497 1.3
    endloop
  endfacet
  facet normal 0 0 1
    outer loop
      vertex 43.6712 13.0328 1.3
      vertex 40.785 15.3 1.3
      vertex 42.461 13.6797 1.3
    endloop
  endfacet
  facet normal 0 0 1
    outer loop
      vertex 42.461 13.6797 1.3
      vertex 40.785 15.3 1.3
      vertex 41.4003 14.5503 1.3
    endloop
  endfacet
  facet normal 0 0 1
    outer loop
      vertex 42.461 25.3203 1.3
      vertex 40.6208 23.5 1.3
      vertex 40.785 15.3 1.3
    endloop
  endfacet
  facet normal 0 0 1
    outer loop
      vertex 32.75 15.3 1.3
      vertex 40.6208 23.5 1.3
      vertex 32.75 23.5 1.3
    endloop
  endfacet
  facet normal 0 0 1
    outer loop
      vertex 40.6208 23.5 1.3
      vertex 32.75 15.3 1.3
      vertex 40.785 15.3 1.3
    endloop
  endfacet
  facet normal 0 0 -1
    outer loop
      vertex 53.2155 18.1344 0
      vertex 53.2155 20.8656 0
      vertex 53.35 19.5 0
    endloop
  endfacet
  facet normal 0 0 -1
    outer loop
      vertex 52.8172 16.8212 0
      vertex 53.2155 20.8656 0
      vertex 53.2155 18.1344 0
    endloop
  endfacet
  facet normal 0 0 -1
    outer loop
      vertex 52.8172 16.8212 0
      vertex 52.8172 22.1788 0
      vertex 53.2155 20.8656 0
    endloop
  endfacet
  facet normal 0 0 -1
    outer loop
      vertex 52.1703 15.611 0
      vertex 52.8172 22.1788 0
      vertex 52.8172 16.8212 0
    endloop
  endfacet
  facet normal 0 0 -1
    outer loop
      vertex 52.1703 15.611 0
      vertex 52.1703 23.389 0
      vertex 52.8172 22.1788 0
    endloop
  endfacet
  facet normal 0 0 -1
    outer loop
      vertex 51.2997 14.5503 0
      vertex 52.1703 23.389 0
      vertex 52.1703 15.611 0
    endloop
  endfacet
  facet normal 0 0 -1
    outer loop
      vertex 51.2997 14.5503 0
      vertex 51.2997 24.4497 0
      vertex 52.1703 23.389 0
    endloop
  endfacet
  facet normal 0 0 -1
    outer loop
      vertex 50.239 13.6797 0
      vertex 51.2997 24.4497 0
      vertex 51.2997 14.5503 0
    endloop
  endfacet
  facet normal 0 0 -1
    outer loop
      vertex 50.239 13.6797 0
      vertex 50.239 25.3203 0
      vertex 51.2997 24.4497 0
    endloop
  endfacet
  facet normal 0 0 -1
    outer loop
      vertex 49.0288 13.0328 0
      vertex 50.239 25.3203 0
      vertex 50.239 13.6797 0
    endloop
  endfacet
  facet normal 0 0 -1
    outer loop
      vertex 49.0288 13.0328 0
      vertex 49.0288 25.9672 0
      vertex 50.239 25.3203 0
    endloop
  endfacet
  facet normal 0 0 -1
    outer loop
      vertex 47.7156 12.6345 0
      vertex 49.0288 25.9672 0
      vertex 49.0288 13.0328 0
    endloop
  endfacet
  facet normal 0 0 -1
    outer loop
      vertex 47.7156 12.6345 0
      vertex 47.7156 26.3655 0
      vertex 49.0288 25.9672 0
    endloop
  endfacet
  facet normal 0 0 -1
    outer loop
      vertex 46.35 12.5 0
      vertex 47.7156 26.3655 0
      vertex 47.7156 12.6345 0
    endloop
  endfacet
  facet normal 0 0 -1
    outer loop
      vertex 46.35 12.5 0
      vertex 46.35 26.5 0
      vertex 47.7156 26.3655 0
    endloop
  endfacet
  facet normal 0 0 -1
    outer loop
      vertex 44.9844 12.6345 0
      vertex 46.35 26.5 0
      vertex 46.35 12.5 0
    endloop
  endfacet
  facet normal 0 0 -1
    outer loop
      vertex 44.9844 12.6345 0
      vertex 44.9844 26.3655 0
      vertex 46.35 26.5 0
    endloop
  endfacet
  facet normal 0 0 -1
    outer loop
      vertex 43.6712 13.0328 0
      vertex 44.9844 26.3655 0
      vertex 44.9844 12.6345 0
    endloop
  endfacet
  facet normal 0 0 -1
    outer loop
      vertex 43.6712 13.0328 0
      vertex 43.6712 25.9672 0
      vertex 44.9844 26.3655 0
    endloop
  endfacet
  facet normal 0 0 -1
    outer loop
      vertex 40.785 15.3 0
      vertex 43.6712 13.0328 0
      vertex 42.461 13.6797 0
    endloop
  endfacet
  facet normal 0 0 -1
    outer loop
      vertex 43.6712 13.0328 0
      vertex 40.785 15.3 0
      vertex 43.6712 25.9672 0
    endloop
  endfacet
  facet normal 0 0 -1
    outer loop
      vertex 40.785 15.3 0
      vertex 42.461 13.6797 0
      vertex 41.4003 14.5503 0
    endloop
  endfacet
  facet normal 0 0 -1
    outer loop
      vertex 43.6712 25.9672 0
      vertex 40.785 15.3 0
      vertex 42.461 25.3203 0
    endloop
  endfacet
  facet normal 0 0 -1
    outer loop
      vertex 40.6208 23.5 0
      vertex 42.461 25.3203 0
      vertex 40.785 15.3 0
    endloop
  endfacet
  facet normal 0 0 -1
    outer loop
      vertex 42.461 25.3203 0
      vertex 40.6208 23.5 0
      vertex 41.4003 24.4497 0
    endloop
  endfacet
  facet normal 0 0 -1
    outer loop
      vertex 32.75 15.3 0
      vertex 40.6208 23.5 0
      vertex 40.785 15.3 0
    endloop
  endfacet
  facet normal -0 0 -1
    outer loop
      vertex 40.6208 23.5 0
      vertex 32.75 15.3 0
      vertex 32.75 23.5 0
    endloop
  endfacet
  facet normal 0 -1 0
    outer loop
      vertex 32.75 15.3 0
      vertex 40.785 15.3 1.3
      vertex 32.75 15.3 1.3
    endloop
  endfacet
  facet normal 0 -1 -0
    outer loop
      vertex 40.785 15.3 1.3
      vertex 32.75 15.3 0
      vertex 40.785 15.3 0
    endloop
  endfacet
  facet normal -1 0 0
    outer loop
      vertex 32.75 15.3 0
      vertex 32.75 23.5 1.3
      vertex 32.75 23.5 0
    endloop
  endfacet
  facet normal -1 -0 0
    outer loop
      vertex 32.75 23.5 1.3
      vertex 32.75 15.3 0
      vertex 32.75 15.3 1.3
    endloop
  endfacet
  facet normal -0.471416 0.881911 0
    outer loop
      vertex 43.6712 25.9672 0
      vertex 42.461 25.3203 1.3
      vertex 43.6712 25.9672 1.3
    endloop
  endfacet
  facet normal -0.471416 0.881911 0
    outer loop
      vertex 42.461 25.3203 1.3
      vertex 43.6712 25.9672 0
      vertex 42.461 25.3203 0
    endloop
  endfacet
  facet normal -0.290248 0.956951 0
    outer loop
      vertex 44.9844 26.3655 0
      vertex 43.6712 25.9672 1.3
      vertex 44.9844 26.3655 1.3
    endloop
  endfacet
  facet normal -0.290248 0.956951 0
    outer loop
      vertex 43.6712 25.9672 1.3
      vertex 44.9844 26.3655 0
      vertex 43.6712 25.9672 0
    endloop
  endfacet
  facet normal 0.0980172 0.995185 -0
    outer loop
      vertex 47.7156 26.3655 0
      vertex 46.35 26.5 1.3
      vertex 47.7156 26.3655 1.3
    endloop
  endfacet
  facet normal 0.0980172 0.995185 0
    outer loop
      vertex 46.35 26.5 1.3
      vertex 47.7156 26.3655 0
      vertex 46.35 26.5 0
    endloop
  endfacet
  facet normal -0.634439 -0.772973 0
    outer loop
      vertex 41.4003 14.5503 0
      vertex 42.461 13.6797 1.3
      vertex 41.4003 14.5503 1.3
    endloop
  endfacet
  facet normal -0.634439 -0.772973 -0
    outer loop
      vertex 42.461 13.6797 1.3
      vertex 41.4003 14.5503 0
      vertex 42.461 13.6797 0
    endloop
  endfacet
  facet normal -0.634439 0.772973 0
    outer loop
      vertex 42.461 25.3203 0
      vertex 41.4003 24.4497 1.3
      vertex 42.461 25.3203 1.3
    endloop
  endfacet
  facet normal -0.634439 0.772973 0
    outer loop
      vertex 41.4003 24.4497 1.3
      vertex 42.461 25.3203 0
      vertex 41.4003 24.4497 0
    endloop
  endfacet
  facet normal -0.0980172 0.995185 0
    outer loop
      vertex 46.35 26.5 0
      vertex 44.9844 26.3655 1.3
      vertex 46.35 26.5 1.3
    endloop
  endfacet
  facet normal -0.0980172 0.995185 0
    outer loop
      vertex 44.9844 26.3655 1.3
      vertex 46.35 26.5 0
      vertex 44.9844 26.3655 0
    endloop
  endfacet
  facet normal 0.634439 0.772973 -0
    outer loop
      vertex 51.2997 24.4497 0
      vertex 50.239 25.3203 1.3
      vertex 51.2997 24.4497 1.3
    endloop
  endfacet
  facet normal 0.634439 0.772973 0
    outer loop
      vertex 50.239 25.3203 1.3
      vertex 51.2997 24.4497 0
      vertex 50.239 25.3203 0
    endloop
  endfacet
  facet normal -0.77297 0.634443 0
    outer loop
      vertex 40.6208 23.5 0
      vertex 41.4003 24.4497 1.3
      vertex 41.4003 24.4497 0
    endloop
  endfacet
  facet normal -0.77297 0.634443 0
    outer loop
      vertex 41.4003 24.4497 1.3
      vertex 40.6208 23.5 0
      vertex 40.6208 23.5 1.3
    endloop
  endfacet
  facet normal -0.0980172 -0.995185 0
    outer loop
      vertex 44.9844 12.6345 0
      vertex 46.35 12.5 1.3
      vertex 44.9844 12.6345 1.3
    endloop
  endfacet
  facet normal -0.0980172 -0.995185 -0
    outer loop
      vertex 46.35 12.5 1.3
      vertex 44.9844 12.6345 0
      vertex 46.35 12.5 0
    endloop
  endfacet
  facet normal 0.881911 0.471416 0
    outer loop
      vertex 52.8172 22.1788 1.3
      vertex 52.1703 23.389 0
      vertex 52.1703 23.389 1.3
    endloop
  endfacet
  facet normal 0.881911 0.471416 0
    outer loop
      vertex 52.1703 23.389 0
      vertex 52.8172 22.1788 1.3
      vertex 52.8172 22.1788 0
    endloop
  endfacet
  facet normal 0.881911 -0.471416 0
    outer loop
      vertex 52.1703 15.611 1.3
      vertex 52.8172 16.8212 0
      vertex 52.8172 16.8212 1.3
    endloop
  endfacet
  facet normal 0.881911 -0.471416 0
    outer loop
      vertex 52.8172 16.8212 0
      vertex 52.1703 15.611 1.3
      vertex 52.1703 15.611 0
    endloop
  endfacet
  facet normal 0.471416 -0.881911 0
    outer loop
      vertex 49.0288 13.0328 0
      vertex 50.239 13.6797 1.3
      vertex 49.0288 13.0328 1.3
    endloop
  endfacet
  facet normal 0.471416 -0.881911 0
    outer loop
      vertex 50.239 13.6797 1.3
      vertex 49.0288 13.0328 0
      vertex 50.239 13.6797 0
    endloop
  endfacet
  facet normal 0.956951 0.290248 0
    outer loop
      vertex 53.2155 20.8656 1.3
      vertex 52.8172 22.1788 0
      vertex 52.8172 22.1788 1.3
    endloop
  endfacet
  facet normal 0.956951 0.290248 0
    outer loop
      vertex 52.8172 22.1788 0
      vertex 53.2155 20.8656 1.3
      vertex 53.2155 20.8656 0
    endloop
  endfacet
  facet normal 0.995185 0.0980172 0
    outer loop
      vertex 53.35 19.5 1.3
      vertex 53.2155 20.8656 0
      vertex 53.2155 20.8656 1.3
    endloop
  endfacet
  facet normal 0.995185 0.0980172 0
    outer loop
      vertex 53.2155 20.8656 0
      vertex 53.35 19.5 1.3
      vertex 53.35 19.5 0
    endloop
  endfacet
  facet normal 0.772973 -0.634439 0
    outer loop
      vertex 51.2997 14.5503 1.3
      vertex 52.1703 15.611 0
      vertex 52.1703 15.611 1.3
    endloop
  endfacet
  facet normal 0.772973 -0.634439 0
    outer loop
      vertex 52.1703 15.611 0
      vertex 51.2997 14.5503 1.3
      vertex 51.2997 14.5503 0
    endloop
  endfacet
  facet normal -0.290248 -0.956951 0
    outer loop
      vertex 43.6712 13.0328 0
      vertex 44.9844 12.6345 1.3
      vertex 43.6712 13.0328 1.3
    endloop
  endfacet
  facet normal -0.290248 -0.956951 -0
    outer loop
      vertex 44.9844 12.6345 1.3
      vertex 43.6712 13.0328 0
      vertex 44.9844 12.6345 0
    endloop
  endfacet
  facet normal 0.956951 -0.290248 0
    outer loop
      vertex 52.8172 16.8212 1.3
      vertex 53.2155 18.1344 0
      vertex 53.2155 18.1344 1.3
    endloop
  endfacet
  facet normal 0.956951 -0.290248 0
    outer loop
      vertex 53.2155 18.1344 0
      vertex 52.8172 16.8212 1.3
      vertex 52.8172 16.8212 0
    endloop
  endfacet
  facet normal 0.290248 -0.956951 0
    outer loop
      vertex 47.7156 12.6345 0
      vertex 49.0288 13.0328 1.3
      vertex 47.7156 12.6345 1.3
    endloop
  endfacet
  facet normal 0.290248 -0.956951 0
    outer loop
      vertex 49.0288 13.0328 1.3
      vertex 47.7156 12.6345 0
      vertex 49.0288 13.0328 0
    endloop
  endfacet
  facet normal -0.772992 -0.634416 0
    outer loop
      vertex 41.4003 14.5503 0
      vertex 40.785 15.3 1.3
      vertex 40.785 15.3 0
    endloop
  endfacet
  facet normal -0.772992 -0.634416 0
    outer loop
      vertex 40.785 15.3 1.3
      vertex 41.4003 14.5503 0
      vertex 41.4003 14.5503 1.3
    endloop
  endfacet
  facet normal -0.471416 -0.881911 0
    outer loop
      vertex 42.461 13.6797 0
      vertex 43.6712 13.0328 1.3
      vertex 42.461 13.6797 1.3
    endloop
  endfacet
  facet normal -0.471416 -0.881911 -0
    outer loop
      vertex 43.6712 13.0328 1.3
      vertex 42.461 13.6797 0
      vertex 43.6712 13.0328 0
    endloop
  endfacet
  facet normal 0.634439 -0.772973 0
    outer loop
      vertex 50.239 13.6797 0
      vertex 51.2997 14.5503 1.3
      vertex 50.239 13.6797 1.3
    endloop
  endfacet
  facet normal 0.634439 -0.772973 0
    outer loop
      vertex 51.2997 14.5503 1.3
      vertex 50.239 13.6797 0
      vertex 51.2997 14.5503 0
    endloop
  endfacet
  facet normal 0.0980172 -0.995185 0
    outer loop
      vertex 46.35 12.5 0
      vertex 47.7156 12.6345 1.3
      vertex 46.35 12.5 1.3
    endloop
  endfacet
  facet normal 0.0980172 -0.995185 0
    outer loop
      vertex 47.7156 12.6345 1.3
      vertex 46.35 12.5 0
      vertex 47.7156 12.6345 0
    endloop
  endfacet
  facet normal 0.772973 0.634439 0
    outer loop
      vertex 52.1703 23.389 1.3
      vertex 51.2997 24.4497 0
      vertex 51.2997 24.4497 1.3
    endloop
  endfacet
  facet normal 0.772973 0.634439 0
    outer loop
      vertex 51.2997 24.4497 0
      vertex 52.1703 23.389 1.3
      vertex 52.1703 23.389 0
    endloop
  endfacet
  facet normal 0.995185 -0.0980172 0
    outer loop
      vertex 53.2155 18.1344 1.3
      vertex 53.35 19.5 0
      vertex 53.35 19.5 1.3
    endloop
  endfacet
  facet normal 0.995185 -0.0980172 0
    outer loop
      vertex 53.35 19.5 0
      vertex 53.2155 18.1344 1.3
      vertex 53.2155 18.1344 0
    endloop
  endfacet
  facet normal 0.471416 0.881911 -0
    outer loop
      vertex 50.239 25.3203 0
      vertex 49.0288 25.9672 1.3
      vertex 50.239 25.3203 1.3
    endloop
  endfacet
  facet normal 0.471416 0.881911 0
    outer loop
      vertex 49.0288 25.9672 1.3
      vertex 50.239 25.3203 0
      vertex 49.0288 25.9672 0
    endloop
  endfacet
  facet normal 0.290248 0.956951 -0
    outer loop
      vertex 49.0288 25.9672 0
      vertex 47.7156 26.3655 1.3
      vertex 49.0288 25.9672 1.3
    endloop
  endfacet
  facet normal 0.290248 0.956951 0
    outer loop
      vertex 47.7156 26.3655 1.3
      vertex 49.0288 25.9672 0
      vertex 47.7156 26.3655 0
    endloop
  endfacet
  facet normal 0 1 -0
    outer loop
      vertex -30.95 -25.05 1.5
      vertex -32.75 -25.05 2.00241
      vertex -30.95 -25.05 2.00241
    endloop
  endfacet
  facet normal 0 1 0
    outer loop
      vertex -30.95 -25.05 1.5
      vertex -32.75 -25.05 1.5
      vertex -32.75 -25.05 2.00241
    endloop
  endfacet
  facet normal 0 1 -0
    outer loop
      vertex -30.95 -25.05 0.0036108
      vertex -32.75 -25.05 1.5
      vertex -30.95 -25.05 1.5
    endloop
  endfacet
  facet normal 0 1 0
    outer loop
      vertex -40.0735 -25.05 0.0036108
      vertex -32.75 -25.05 1.5
      vertex -30.95 -25.05 0.0036108
    endloop
  endfacet
  facet normal 0 1 0
    outer loop
      vertex -38.575 -25.05 1.5
      vertex -40.0735 -25.05 0.0036108
      vertex -40.7464 -25.05 0.676487
    endloop
  endfacet
  facet normal 0 1 0
    outer loop
      vertex -40.7464 -25.05 0.676487
      vertex -40.0735 -25.05 0.0036108
      vertex -40.7177 -25.05 0.532286
    endloop
  endfacet
  facet normal 0 1 0
    outer loop
      vertex -40.7177 -25.05 0.532286
      vertex -40.0735 -25.05 0.0036108
      vertex -40.6614 -25.05 0.396452
    endloop
  endfacet
  facet normal 0 1 0
    outer loop
      vertex -40.6614 -25.05 0.396452
      vertex -40.0735 -25.05 0.0036108
      vertex -40.5798 -25.05 0.274204
    endloop
  endfacet
  facet normal 0 1 0
    outer loop
      vertex -40.5798 -25.05 0.274204
      vertex -40.0735 -25.05 0.0036108
      vertex -40.4758 -25.05 0.170242
    endloop
  endfacet
  facet normal 0 1 0
    outer loop
      vertex -40.4758 -25.05 0.170242
      vertex -40.0735 -25.05 0.0036108
      vertex -40.3535 -25.05 0.0885584
    endloop
  endfacet
  facet normal 0 1 0
    outer loop
      vertex -32.75 -25.05 1.5
      vertex -40.0735 -25.05 0.0036108
      vertex -38.575 -25.05 1.5
    endloop
  endfacet
  facet normal 0 1 0
    outer loop
      vertex -40.3535 -25.05 0.0885584
      vertex -40.0735 -25.05 0.0036108
      vertex -40.2177 -25.05 0.0322945
    endloop
  endfacet
  facet normal 0 1 -0
    outer loop
      vertex -38.95 -25.05 1.875
      vertex -40.7464 -25.05 9.1375
      vertex -38.95 -25.05 9.1375
    endloop
  endfacet
  facet normal 0 1 0
    outer loop
      vertex -40.7464 -25.05 0.676487
      vertex -38.95 -25.05 1.875
      vertex -38.9428 -25.05 1.80185
    endloop
  endfacet
  facet normal 0 1 0
    outer loop
      vertex -38.95 -25.05 1.875
      vertex -40.7464 -25.05 0.676487
      vertex -40.7464 -25.05 9.1375
    endloop
  endfacet
  facet normal 0 1 0
    outer loop
      vertex -38.9215 -25.05 1.73149
      vertex -40.7464 -25.05 0.676487
      vertex -38.9428 -25.05 1.80185
    endloop
  endfacet
  facet normal 0 1 0
    outer loop
      vertex -38.8868 -25.05 1.66667
      vertex -40.7464 -25.05 0.676487
      vertex -38.9215 -25.05 1.73149
    endloop
  endfacet
  facet normal 0 1 0
    outer loop
      vertex -38.8402 -25.05 1.60984
      vertex -40.7464 -25.05 0.676487
      vertex -38.8868 -25.05 1.66667
    endloop
  endfacet
  facet normal 0 1 0
    outer loop
      vertex -38.7833 -25.05 1.56321
      vertex -40.7464 -25.05 0.676487
      vertex -38.8402 -25.05 1.60984
    endloop
  endfacet
  facet normal 0 1 0
    outer loop
      vertex -38.7185 -25.05 1.52855
      vertex -40.7464 -25.05 0.676487
      vertex -38.7833 -25.05 1.56321
    endloop
  endfacet
  facet normal 0 1 0
    outer loop
      vertex -38.6482 -25.05 1.50722
      vertex -40.7464 -25.05 0.676487
      vertex -38.7185 -25.05 1.52855
    endloop
  endfacet
  facet normal 0 1 0
    outer loop
      vertex -40.7464 -25.05 0.676487
      vertex -38.6482 -25.05 1.50722
      vertex -38.575 -25.05 1.5
    endloop
  endfacet
  facet normal 0 -1 0
    outer loop
      vertex -40.7464 -15.95 9.1375
      vertex -38.95 -15.95 1.875
      vertex -38.95 -15.95 9.1375
    endloop
  endfacet
  facet normal 0 -1 0
    outer loop
      vertex -40.7464 -15.95 0.676487
      vertex -38.95 -15.95 1.875
      vertex -40.7464 -15.95 9.1375
    endloop
  endfacet
  facet normal 0 -1 0
    outer loop
      vertex -40.0735 -15.95 0.0036108
      vertex -32.75 -15.95 1.5
      vertex -38.575 -15.95 1.5
    endloop
  endfacet
  facet normal 0 -1 -0
    outer loop
      vertex -38.95 -15.95 1.875
      vertex -40.7464 -15.95 0.676487
      vertex -38.9428 -15.95 1.80185
    endloop
  endfacet
  facet normal 0 -1 0
    outer loop
      vertex -40.7464 -15.95 0.676487
      vertex -38.9215 -15.95 1.73149
      vertex -38.9428 -15.95 1.80185
    endloop
  endfacet
  facet normal 0 -1 0
    outer loop
      vertex -40.7464 -15.95 0.676487
      vertex -38.8868 -15.95 1.66667
      vertex -38.9215 -15.95 1.73149
    endloop
  endfacet
  facet normal 0 -1 0
    outer loop
      vertex -40.0735 -15.95 0.0036108
      vertex -38.8868 -15.95 1.66667
      vertex -40.7464 -15.95 0.676487
    endloop
  endfacet
  facet normal 0 -1 -0
    outer loop
      vertex -38.8868 -15.95 1.66667
      vertex -40.0735 -15.95 0.0036108
      vertex -38.8402 -15.95 1.60984
    endloop
  endfacet
  facet normal 0 -1 -0
    outer loop
      vertex -38.8402 -15.95 1.60984
      vertex -40.0735 -15.95 0.0036108
      vertex -38.7833 -15.95 1.56321
    endloop
  endfacet
  facet normal 0 -1 -0
    outer loop
      vertex -38.7833 -15.95 1.56321
      vertex -40.0735 -15.95 0.0036108
      vertex -38.7185 -15.95 1.52855
    endloop
  endfacet
  facet normal 0 -1 -0
    outer loop
      vertex -38.7185 -15.95 1.52855
      vertex -40.0735 -15.95 0.0036108
      vertex -38.6482 -15.95 1.50722
    endloop
  endfacet
  facet normal 0 -1 -0
    outer loop
      vertex -38.6482 -15.95 1.50722
      vertex -40.0735 -15.95 0.0036108
      vertex -38.575 -15.95 1.5
    endloop
  endfacet
  facet normal 0 -1 0
    outer loop
      vertex -40.0735 -15.95 0.0036108
      vertex -40.7464 -15.95 0.676487
      vertex -40.7177 -15.95 0.532286
    endloop
  endfacet
  facet normal 0 -1 0
    outer loop
      vertex -40.0735 -15.95 0.0036108
      vertex -40.7177 -15.95 0.532286
      vertex -40.6614 -15.95 0.396452
    endloop
  endfacet
  facet normal 0 -1 0
    outer loop
      vertex -40.0735 -15.95 0.0036108
      vertex -40.6614 -15.95 0.396452
      vertex -40.5798 -15.95 0.274204
    endloop
  endfacet
  facet normal 0 -1 0
    outer loop
      vertex -40.0735 -15.95 0.0036108
      vertex -40.5798 -15.95 0.274204
      vertex -40.4758 -15.95 0.170242
    endloop
  endfacet
  facet normal 0 -1 0
    outer loop
      vertex -40.0735 -15.95 0.0036108
      vertex -40.4758 -15.95 0.170242
      vertex -40.3535 -15.95 0.0885584
    endloop
  endfacet
  facet normal 0 -1 0
    outer loop
      vertex -40.0735 -15.95 0.0036108
      vertex -40.3535 -15.95 0.0885584
      vertex -40.2177 -15.95 0.0322945
    endloop
  endfacet
  facet normal 0 -1 -0
    outer loop
      vertex -32.75 -15.95 1.5
      vertex -40.0735 -15.95 0.0036108
      vertex -30.95 -15.95 0.0036108
    endloop
  endfacet
  facet normal 0 -1 0
    outer loop
      vertex -32.75 -15.95 1.5
      vertex -30.95 -15.95 0.0036108
      vertex -30.95 -15.95 1.5
    endloop
  endfacet
  facet normal 0 -1 0
    outer loop
      vertex -32.75 -15.95 1.5
      vertex -30.95 -15.95 2.00241
      vertex -32.75 -15.95 2.00241
    endloop
  endfacet
  facet normal 0 -1 -0
    outer loop
      vertex -30.95 -15.95 2.00241
      vertex -32.75 -15.95 1.5
      vertex -30.95 -15.95 1.5
    endloop
  endfacet
  facet normal -1 0 0
    outer loop
      vertex -30.95 -25.05 1.5
      vertex -30.95 -15.95 2.00241
      vertex -30.95 -15.95 1.5
    endloop
  endfacet
  facet normal -1 -0 0
    outer loop
      vertex -30.95 -15.95 2.00241
      vertex -30.95 -25.05 1.5
      vertex -30.95 -25.05 2.00241
    endloop
  endfacet
  facet normal 1 -0 0
    outer loop
      vertex -32.75 -25.05 2.00241
      vertex -32.75 -15.95 1.5
      vertex -32.75 -15.95 2.00241
    endloop
  endfacet
  facet normal 1 0 0
    outer loop
      vertex -32.75 -15.95 1.5
      vertex -32.75 -25.05 2.00241
      vertex -32.75 -25.05 1.5
    endloop
  endfacet
  facet normal -0.881621 0 -0.471957
    outer loop
      vertex -38.8868 -25.05 1.66667
      vertex -38.9215 -15.95 1.73149
      vertex -38.8868 -15.95 1.66667
    endloop
  endfacet
  facet normal -0.881621 -0 -0.471957
    outer loop
      vertex -38.9215 -15.95 1.73149
      vertex -38.8868 -25.05 1.66667
      vertex -38.9215 -25.05 1.73149
    endloop
  endfacet
  facet normal -0.471647 0 -0.881787
    outer loop
      vertex -38.7833 -25.05 1.56321
      vertex -38.7185 -15.95 1.52855
      vertex -38.7185 -25.05 1.52855
    endloop
  endfacet
  facet normal -0.471647 0 -0.881787
    outer loop
      vertex -38.7185 -15.95 1.52855
      vertex -38.7833 -25.05 1.56321
      vertex -38.7833 -15.95 1.56321
    endloop
  endfacet
  facet normal -0.290344 0 -0.956922
    outer loop
      vertex -38.7185 -25.05 1.52855
      vertex -38.6482 -15.95 1.50722
      vertex -38.6482 -25.05 1.50722
    endloop
  endfacet
  facet normal -0.290344 0 -0.956922
    outer loop
      vertex -38.6482 -15.95 1.50722
      vertex -38.7185 -25.05 1.52855
      vertex -38.7185 -15.95 1.52855
    endloop
  endfacet
  facet normal -0.957104 0 -0.289743
    outer loop
      vertex -38.9215 -25.05 1.73149
      vertex -38.9428 -15.95 1.80185
      vertex -38.9215 -15.95 1.73149
    endloop
  endfacet
  facet normal -0.957104 -0 -0.289743
    outer loop
      vertex -38.9428 -15.95 1.80185
      vertex -38.9215 -25.05 1.73149
      vertex -38.9428 -25.05 1.80185
    endloop
  endfacet
  facet normal -1 0 0
    outer loop
      vertex -38.95 -25.05 1.875
      vertex -38.95 -15.95 9.1375
      vertex -38.95 -15.95 1.875
    endloop
  endfacet
  facet normal -1 -0 0
    outer loop
      vertex -38.95 -15.95 9.1375
      vertex -38.95 -25.05 1.875
      vertex -38.95 -25.05 9.1375
    endloop
  endfacet
  facet normal 0 0 -1
    outer loop
      vertex -38.575 -25.05 1.5
      vertex -32.75 -15.95 1.5
      vertex -32.75 -25.05 1.5
    endloop
  endfacet
  facet normal -0 0 -1
    outer loop
      vertex -32.75 -15.95 1.5
      vertex -38.575 -25.05 1.5
      vertex -38.575 -15.95 1.5
    endloop
  endfacet
  facet normal -0.773272 0 -0.634075
    outer loop
      vertex -38.8402 -25.05 1.60984
      vertex -38.8868 -15.95 1.66667
      vertex -38.8402 -15.95 1.60984
    endloop
  endfacet
  facet normal -0.773272 -0 -0.634075
    outer loop
      vertex -38.8868 -15.95 1.66667
      vertex -38.8402 -25.05 1.60984
      vertex -38.8868 -25.05 1.66667
    endloop
  endfacet
  facet normal -0.995191 0 -0.0979545
    outer loop
      vertex -38.9428 -25.05 1.80185
      vertex -38.95 -15.95 1.875
      vertex -38.9428 -15.95 1.80185
    endloop
  endfacet
  facet normal -0.995191 -0 -0.0979545
    outer loop
      vertex -38.95 -15.95 1.875
      vertex -38.9428 -25.05 1.80185
      vertex -38.95 -25.05 1.875
    endloop
  endfacet
  facet normal -0.633852 0 -0.773454
    outer loop
      vertex -38.8402 -25.05 1.60984
      vertex -38.7833 -15.95 1.56321
      vertex -38.7833 -25.05 1.56321
    endloop
  endfacet
  facet normal -0.633852 0 -0.773454
    outer loop
      vertex -38.7833 -15.95 1.56321
      vertex -38.8402 -25.05 1.60984
      vertex -38.8402 -15.95 1.60984
    endloop
  endfacet
  facet normal -0.0981576 0 -0.995171
    outer loop
      vertex -38.6482 -25.05 1.50722
      vertex -38.575 -15.95 1.5
      vertex -38.575 -25.05 1.5
    endloop
  endfacet
  facet normal -0.0981576 0 -0.995171
    outer loop
      vertex -38.575 -15.95 1.5
      vertex -38.6482 -25.05 1.50722
      vertex -38.6482 -15.95 1.50722
    endloop
  endfacet
  facet normal -1 0 0
    outer loop
      vertex -30.95 -25.05 0.0036108
      vertex -30.95 -15.95 1.5
      vertex -30.95 -15.95 0.0036108
    endloop
  endfacet
  facet normal -1 -0 0
    outer loop
      vertex -30.95 -15.95 1.5
      vertex -30.95 -25.05 0.0036108
      vertex -30.95 -25.05 1.5
    endloop
  endfacet
  facet normal 0 -1 0
    outer loop
      vertex 30.95 -15.95 1.5
      vertex 32.75 -15.95 2.00241
      vertex 30.95 -15.95 2.00241
    endloop
  endfacet
  facet normal 0 -1 0
    outer loop
      vertex 30.95 -15.95 1.5
      vertex 32.75 -15.95 1.5
      vertex 32.75 -15.95 2.00241
    endloop
  endfacet
  facet normal 0 -1 0
    outer loop
      vertex 30.95 -15.95 0.0036108
      vertex 32.75 -15.95 1.5
      vertex 30.95 -15.95 1.5
    endloop
  endfacet
  facet normal 0 -1 0
    outer loop
      vertex 40.0735 -15.95 0.0036108
      vertex 32.75 -15.95 1.5
      vertex 30.95 -15.95 0.0036108
    endloop
  endfacet
  facet normal 0 -1 0
    outer loop
      vertex 38.575 -15.95 1.5
      vertex 40.0735 -15.95 0.0036108
      vertex 40.7464 -15.95 0.676487
    endloop
  endfacet
  facet normal 0 -1 0
    outer loop
      vertex 40.7464 -15.95 0.676487
      vertex 40.0735 -15.95 0.0036108
      vertex 40.7177 -15.95 0.532286
    endloop
  endfacet
  facet normal 0 -1 0
    outer loop
      vertex 40.7177 -15.95 0.532286
      vertex 40.0735 -15.95 0.0036108
      vertex 40.6614 -15.95 0.396452
    endloop
  endfacet
  facet normal 0 -1 0
    outer loop
      vertex 40.6614 -15.95 0.396452
      vertex 40.0735 -15.95 0.0036108
      vertex 40.5798 -15.95 0.274204
    endloop
  endfacet
  facet normal 0 -1 0
    outer loop
      vertex 40.5798 -15.95 0.274204
      vertex 40.0735 -15.95 0.0036108
      vertex 40.4758 -15.95 0.170242
    endloop
  endfacet
  facet normal 0 -1 0
    outer loop
      vertex 40.4758 -15.95 0.170242
      vertex 40.0735 -15.95 0.0036108
      vertex 40.3535 -15.95 0.0885584
    endloop
  endfacet
  facet normal 0 -1 0
    outer loop
      vertex 32.75 -15.95 1.5
      vertex 40.0735 -15.95 0.0036108
      vertex 38.575 -15.95 1.5
    endloop
  endfacet
  facet normal 0 -1 0
    outer loop
      vertex 40.3535 -15.95 0.0885584
      vertex 40.0735 -15.95 0.0036108
      vertex 40.2177 -15.95 0.0322945
    endloop
  endfacet
  facet normal 0 -1 0
    outer loop
      vertex 38.95 -15.95 1.875
      vertex 40.7464 -15.95 9.1375
      vertex 38.95 -15.95 9.1375
    endloop
  endfacet
  facet normal 0 -1 0
    outer loop
      vertex 40.7464 -15.95 0.676487
      vertex 38.95 -15.95 1.875
      vertex 38.9428 -15.95 1.80185
    endloop
  endfacet
  facet normal 0 -1 0
    outer loop
      vertex 38.95 -15.95 1.875
      vertex 40.7464 -15.95 0.676487
      vertex 40.7464 -15.95 9.1375
    endloop
  endfacet
  facet normal 0 -1 0
    outer loop
      vertex 38.9215 -15.95 1.73149
      vertex 40.7464 -15.95 0.676487
      vertex 38.9428 -15.95 1.80185
    endloop
  endfacet
  facet normal 0 -1 0
    outer loop
      vertex 38.8868 -15.95 1.66667
      vertex 40.7464 -15.95 0.676487
      vertex 38.9215 -15.95 1.73149
    endloop
  endfacet
  facet normal 0 -1 0
    outer loop
      vertex 38.8402 -15.95 1.60984
      vertex 40.7464 -15.95 0.676487
      vertex 38.8868 -15.95 1.66667
    endloop
  endfacet
  facet normal 0 -1 0
    outer loop
      vertex 38.7833 -15.95 1.56321
      vertex 40.7464 -15.95 0.676487
      vertex 38.8402 -15.95 1.60984
    endloop
  endfacet
  facet normal 0 -1 0
    outer loop
      vertex 38.7185 -15.95 1.52855
      vertex 40.7464 -15.95 0.676487
      vertex 38.7833 -15.95 1.56321
    endloop
  endfacet
  facet normal 0 -1 0
    outer loop
      vertex 38.6482 -15.95 1.50722
      vertex 40.7464 -15.95 0.676487
      vertex 38.7185 -15.95 1.52855
    endloop
  endfacet
  facet normal 0 -1 0
    outer loop
      vertex 40.7464 -15.95 0.676487
      vertex 38.6482 -15.95 1.50722
      vertex 38.575 -15.95 1.5
    endloop
  endfacet
  facet normal 0 1 0
    outer loop
      vertex 40.7464 -25.05 9.1375
      vertex 38.95 -25.05 1.875
      vertex 38.95 -25.05 9.1375
    endloop
  endfacet
  facet normal 0 1 -0
    outer loop
      vertex 40.7464 -25.05 0.676487
      vertex 38.95 -25.05 1.875
      vertex 40.7464 -25.05 9.1375
    endloop
  endfacet
  facet normal 0 1 0
    outer loop
      vertex 40.0735 -25.05 0.0036108
      vertex 32.75 -25.05 1.5
      vertex 38.575 -25.05 1.5
    endloop
  endfacet
  facet normal 0 1 0
    outer loop
      vertex 38.95 -25.05 1.875
      vertex 40.7464 -25.05 0.676487
      vertex 38.9428 -25.05 1.80185
    endloop
  endfacet
  facet normal 0 1 0
    outer loop
      vertex 40.7464 -25.05 0.676487
      vertex 38.9215 -25.05 1.73149
      vertex 38.9428 -25.05 1.80185
    endloop
  endfacet
  facet normal 0 1 0
    outer loop
      vertex 40.7464 -25.05 0.676487
      vertex 38.8868 -25.05 1.66667
      vertex 38.9215 -25.05 1.73149
    endloop
  endfacet
  facet normal 0 1 -0
    outer loop
      vertex 40.0735 -25.05 0.0036108
      vertex 38.8868 -25.05 1.66667
      vertex 40.7464 -25.05 0.676487
    endloop
  endfacet
  facet normal 0 1 0
    outer loop
      vertex 38.8868 -25.05 1.66667
      vertex 40.0735 -25.05 0.0036108
      vertex 38.8402 -25.05 1.60984
    endloop
  endfacet
  facet normal 0 1 0
    outer loop
      vertex 38.8402 -25.05 1.60984
      vertex 40.0735 -25.05 0.0036108
      vertex 38.7833 -25.05 1.56321
    endloop
  endfacet
  facet normal 0 1 0
    outer loop
      vertex 38.7833 -25.05 1.56321
      vertex 40.0735 -25.05 0.0036108
      vertex 38.7185 -25.05 1.52855
    endloop
  endfacet
  facet normal 0 1 0
    outer loop
      vertex 38.7185 -25.05 1.52855
      vertex 40.0735 -25.05 0.0036108
      vertex 38.6482 -25.05 1.50722
    endloop
  endfacet
  facet normal 0 1 0
    outer loop
      vertex 38.6482 -25.05 1.50722
      vertex 40.0735 -25.05 0.0036108
      vertex 38.575 -25.05 1.5
    endloop
  endfacet
  facet normal 0 1 0
    outer loop
      vertex 40.0735 -25.05 0.0036108
      vertex 40.7464 -25.05 0.676487
      vertex 40.7177 -25.05 0.532286
    endloop
  endfacet
  facet normal 0 1 0
    outer loop
      vertex 40.0735 -25.05 0.0036108
      vertex 40.7177 -25.05 0.532286
      vertex 40.6614 -25.05 0.396452
    endloop
  endfacet
  facet normal 0 1 0
    outer loop
      vertex 40.0735 -25.05 0.0036108
      vertex 40.6614 -25.05 0.396452
      vertex 40.5798 -25.05 0.274204
    endloop
  endfacet
  facet normal 0 1 0
    outer loop
      vertex 40.0735 -25.05 0.0036108
      vertex 40.5798 -25.05 0.274204
      vertex 40.4758 -25.05 0.170242
    endloop
  endfacet
  facet normal 0 1 0
    outer loop
      vertex 40.0735 -25.05 0.0036108
      vertex 40.4758 -25.05 0.170242
      vertex 40.3535 -25.05 0.0885584
    endloop
  endfacet
  facet normal 0 1 0
    outer loop
      vertex 40.0735 -25.05 0.0036108
      vertex 40.3535 -25.05 0.0885584
      vertex 40.2177 -25.05 0.0322945
    endloop
  endfacet
  facet normal 0 1 0
    outer loop
      vertex 32.75 -25.05 1.5
      vertex 40.0735 -25.05 0.0036108
      vertex 30.95 -25.05 0.0036108
    endloop
  endfacet
  facet normal 0 1 0
    outer loop
      vertex 32.75 -25.05 1.5
      vertex 30.95 -25.05 0.0036108
      vertex 30.95 -25.05 1.5
    endloop
  endfacet
  facet normal 0 1 -0
    outer loop
      vertex 32.75 -25.05 1.5
      vertex 30.95 -25.05 2.00241
      vertex 32.75 -25.05 2.00241
    endloop
  endfacet
  facet normal 0 1 0
    outer loop
      vertex 30.95 -25.05 2.00241
      vertex 32.75 -25.05 1.5
      vertex 30.95 -25.05 1.5
    endloop
  endfacet
  facet normal 1 -0 0
    outer loop
      vertex 30.95 -25.05 2.00241
      vertex 30.95 -15.95 1.5
      vertex 30.95 -15.95 2.00241
    endloop
  endfacet
  facet normal 1 0 0
    outer loop
      vertex 30.95 -15.95 1.5
      vertex 30.95 -25.05 2.00241
      vertex 30.95 -25.05 1.5
    endloop
  endfacet
  facet normal -1 0 0
    outer loop
      vertex 32.75 -25.05 1.5
      vertex 32.75 -15.95 2.00241
      vertex 32.75 -15.95 1.5
    endloop
  endfacet
  facet normal -1 -0 0
    outer loop
      vertex 32.75 -15.95 2.00241
      vertex 32.75 -25.05 1.5
      vertex 32.75 -25.05 2.00241
    endloop
  endfacet
  facet normal 0.881621 0 -0.471957
    outer loop
      vertex 38.9215 -25.05 1.73149
      vertex 38.8868 -15.95 1.66667
      vertex 38.9215 -15.95 1.73149
    endloop
  endfacet
  facet normal 0.881621 0 -0.471957
    outer loop
      vertex 38.8868 -15.95 1.66667
      vertex 38.9215 -25.05 1.73149
      vertex 38.8868 -25.05 1.66667
    endloop
  endfacet
  facet normal 0.471647 0 -0.881787
    outer loop
      vertex 38.7185 -25.05 1.52855
      vertex 38.7833 -15.95 1.56321
      vertex 38.7833 -25.05 1.56321
    endloop
  endfacet
  facet normal 0.471647 0 -0.881787
    outer loop
      vertex 38.7833 -15.95 1.56321
      vertex 38.7185 -25.05 1.52855
      vertex 38.7185 -15.95 1.52855
    endloop
  endfacet
  facet normal 0.290344 0 -0.956922
    outer loop
      vertex 38.6482 -25.05 1.50722
      vertex 38.7185 -15.95 1.52855
      vertex 38.7185 -25.05 1.52855
    endloop
  endfacet
  facet normal 0.290344 0 -0.956922
    outer loop
      vertex 38.7185 -15.95 1.52855
      vertex 38.6482 -25.05 1.50722
      vertex 38.6482 -15.95 1.50722
    endloop
  endfacet
  facet normal 0.957104 0 -0.289743
    outer loop
      vertex 38.9428 -25.05 1.80185
      vertex 38.9215 -15.95 1.73149
      vertex 38.9428 -15.95 1.80185
    endloop
  endfacet
  facet normal 0.957104 0 -0.289743
    outer loop
      vertex 38.9215 -15.95 1.73149
      vertex 38.9428 -25.05 1.80185
      vertex 38.9215 -25.05 1.73149
    endloop
  endfacet
  facet normal 1 -0 0
    outer loop
      vertex 38.95 -25.05 9.1375
      vertex 38.95 -15.95 1.875
      vertex 38.95 -15.95 9.1375
    endloop
  endfacet
  facet normal 1 0 0
    outer loop
      vertex 38.95 -15.95 1.875
      vertex 38.95 -25.05 9.1375
      vertex 38.95 -25.05 1.875
    endloop
  endfacet
  facet normal 0 0 -1
    outer loop
      vertex 32.75 -25.05 1.5
      vertex 38.575 -15.95 1.5
      vertex 38.575 -25.05 1.5
    endloop
  endfacet
  facet normal -0 0 -1
    outer loop
      vertex 38.575 -15.95 1.5
      vertex 32.75 -25.05 1.5
      vertex 32.75 -15.95 1.5
    endloop
  endfacet
  facet normal 0.773272 0 -0.634075
    outer loop
      vertex 38.8868 -25.05 1.66667
      vertex 38.8402 -15.95 1.60984
      vertex 38.8868 -15.95 1.66667
    endloop
  endfacet
  facet normal 0.773272 0 -0.634075
    outer loop
      vertex 38.8402 -15.95 1.60984
      vertex 38.8868 -25.05 1.66667
      vertex 38.8402 -25.05 1.60984
    endloop
  endfacet
  facet normal 0.995191 0 -0.0979545
    outer loop
      vertex 38.95 -25.05 1.875
      vertex 38.9428 -15.95 1.80185
      vertex 38.95 -15.95 1.875
    endloop
  endfacet
  facet normal 0.995191 0 -0.0979545
    outer loop
      vertex 38.9428 -15.95 1.80185
      vertex 38.95 -25.05 1.875
      vertex 38.9428 -25.05 1.80185
    endloop
  endfacet
  facet normal 0.633852 0 -0.773454
    outer loop
      vertex 38.7833 -25.05 1.56321
      vertex 38.8402 -15.95 1.60984
      vertex 38.8402 -25.05 1.60984
    endloop
  endfacet
  facet normal 0.633852 0 -0.773454
    outer loop
      vertex 38.8402 -15.95 1.60984
      vertex 38.7833 -25.05 1.56321
      vertex 38.7833 -15.95 1.56321
    endloop
  endfacet
  facet normal 0.0981576 0 -0.995171
    outer loop
      vertex 38.575 -25.05 1.5
      vertex 38.6482 -15.95 1.50722
      vertex 38.6482 -25.05 1.50722
    endloop
  endfacet
  facet normal 0.0981576 0 -0.995171
    outer loop
      vertex 38.6482 -15.95 1.50722
      vertex 38.575 -25.05 1.5
      vertex 38.575 -15.95 1.5
    endloop
  endfacet
  facet normal 1 -0 0
    outer loop
      vertex 30.95 -25.05 1.5
      vertex 30.95 -15.95 0.0036108
      vertex 30.95 -15.95 1.5
    endloop
  endfacet
  facet normal 1 0 0
    outer loop
      vertex 30.95 -15.95 0.0036108
      vertex 30.95 -25.05 1.5
      vertex 30.95 -25.05 0.0036108
    endloop
  endfacet
  facet normal 0 1 -0
    outer loop
      vertex -30.95 14.95 1.5
      vertex -32.75 14.95 2.00241
      vertex -30.95 14.95 2.00241
    endloop
  endfacet
  facet normal 0 1 0
    outer loop
      vertex -30.95 14.95 1.5
      vertex -32.75 14.95 1.5
      vertex -32.75 14.95 2.00241
    endloop
  endfacet
  facet normal 0 1 -0
    outer loop
      vertex -30.95 14.95 0.0036108
      vertex -32.75 14.95 1.5
      vertex -30.95 14.95 1.5
    endloop
  endfacet
  facet normal 0 1 0
    outer loop
      vertex -40.0735 14.95 0.0036108
      vertex -32.75 14.95 1.5
      vertex -30.95 14.95 0.0036108
    endloop
  endfacet
  facet normal 0 1 0
    outer loop
      vertex -38.575 14.95 1.5
      vertex -40.0735 14.95 0.0036108
      vertex -40.7464 14.95 0.676487
    endloop
  endfacet
  facet normal 0 1 0
    outer loop
      vertex -40.7464 14.95 0.676487
      vertex -40.0735 14.95 0.0036108
      vertex -40.7177 14.95 0.532286
    endloop
  endfacet
  facet normal 0 1 0
    outer loop
      vertex -40.7177 14.95 0.532286
      vertex -40.0735 14.95 0.0036108
      vertex -40.6614 14.95 0.396452
    endloop
  endfacet
  facet normal 0 1 0
    outer loop
      vertex -40.6614 14.95 0.396452
      vertex -40.0735 14.95 0.0036108
      vertex -40.5798 14.95 0.274204
    endloop
  endfacet
  facet normal 0 1 0
    outer loop
      vertex -40.5798 14.95 0.274204
      vertex -40.0735 14.95 0.0036108
      vertex -40.4758 14.95 0.170242
    endloop
  endfacet
  facet normal 0 1 0
    outer loop
      vertex -40.4758 14.95 0.170242
      vertex -40.0735 14.95 0.0036108
      vertex -40.3535 14.95 0.0885584
    endloop
  endfacet
  facet normal 0 1 0
    outer loop
      vertex -32.75 14.95 1.5
      vertex -40.0735 14.95 0.0036108
      vertex -38.575 14.95 1.5
    endloop
  endfacet
  facet normal 0 1 0
    outer loop
      vertex -40.3535 14.95 0.0885584
      vertex -40.0735 14.95 0.0036108
      vertex -40.2177 14.95 0.0322945
    endloop
  endfacet
  facet normal 0 1 -0
    outer loop
      vertex -38.95 14.95 1.875
      vertex -40.7464 14.95 9.1375
      vertex -38.95 14.95 9.1375
    endloop
  endfacet
  facet normal 0 1 0
    outer loop
      vertex -40.7464 14.95 0.676487
      vertex -38.95 14.95 1.875
      vertex -38.9428 14.95 1.80185
    endloop
  endfacet
  facet normal 0 1 0
    outer loop
      vertex -38.95 14.95 1.875
      vertex -40.7464 14.95 0.676487
      vertex -40.7464 14.95 9.1375
    endloop
  endfacet
  facet normal 0 1 0
    outer loop
      vertex -38.9215 14.95 1.73149
      vertex -40.7464 14.95 0.676487
      vertex -38.9428 14.95 1.80185
    endloop
  endfacet
  facet normal 0 1 0
    outer loop
      vertex -38.8868 14.95 1.66667
      vertex -40.7464 14.95 0.676487
      vertex -38.9215 14.95 1.73149
    endloop
  endfacet
  facet normal 0 1 0
    outer loop
      vertex -38.8402 14.95 1.60984
      vertex -40.7464 14.95 0.676487
      vertex -38.8868 14.95 1.66667
    endloop
  endfacet
  facet normal 0 1 0
    outer loop
      vertex -38.7833 14.95 1.56321
      vertex -40.7464 14.95 0.676487
      vertex -38.8402 14.95 1.60984
    endloop
  endfacet
  facet normal 0 1 0
    outer loop
      vertex -38.7185 14.95 1.52855
      vertex -40.7464 14.95 0.676487
      vertex -38.7833 14.95 1.56321
    endloop
  endfacet
  facet normal 0 1 0
    outer loop
      vertex -38.6482 14.95 1.50722
      vertex -40.7464 14.95 0.676487
      vertex -38.7185 14.95 1.52855
    endloop
  endfacet
  facet normal 0 1 0
    outer loop
      vertex -40.7464 14.95 0.676487
      vertex -38.6482 14.95 1.50722
      vertex -38.575 14.95 1.5
    endloop
  endfacet
  facet normal 0 -1 0
    outer loop
      vertex -40.7464 24.05 9.1375
      vertex -38.95 24.05 1.875
      vertex -38.95 24.05 9.1375
    endloop
  endfacet
  facet normal 0 -1 0
    outer loop
      vertex -40.7464 24.05 0.676487
      vertex -38.95 24.05 1.875
      vertex -40.7464 24.05 9.1375
    endloop
  endfacet
  facet normal 0 -1 0
    outer loop
      vertex -40.0735 24.05 0.0036108
      vertex -32.75 24.05 1.5
      vertex -38.575 24.05 1.5
    endloop
  endfacet
  facet normal 0 -1 -0
    outer loop
      vertex -38.95 24.05 1.875
      vertex -40.7464 24.05 0.676487
      vertex -38.9428 24.05 1.80185
    endloop
  endfacet
  facet normal 0 -1 0
    outer loop
      vertex -40.7464 24.05 0.676487
      vertex -38.9215 24.05 1.73149
      vertex -38.9428 24.05 1.80185
    endloop
  endfacet
  facet normal 0 -1 0
    outer loop
      vertex -40.7464 24.05 0.676487
      vertex -38.8868 24.05 1.66667
      vertex -38.9215 24.05 1.73149
    endloop
  endfacet
  facet normal 0 -1 0
    outer loop
      vertex -40.0735 24.05 0.0036108
      vertex -38.8868 24.05 1.66667
      vertex -40.7464 24.05 0.676487
    endloop
  endfacet
  facet normal 0 -1 -0
    outer loop
      vertex -38.8868 24.05 1.66667
      vertex -40.0735 24.05 0.0036108
      vertex -38.8402 24.05 1.60984
    endloop
  endfacet
  facet normal 0 -1 -0
    outer loop
      vertex -38.8402 24.05 1.60984
      vertex -40.0735 24.05 0.0036108
      vertex -38.7833 24.05 1.56321
    endloop
  endfacet
  facet normal 0 -1 -0
    outer loop
      vertex -38.7833 24.05 1.56321
      vertex -40.0735 24.05 0.0036108
      vertex -38.7185 24.05 1.52855
    endloop
  endfacet
  facet normal 0 -1 -0
    outer loop
      vertex -38.7185 24.05 1.52855
      vertex -40.0735 24.05 0.0036108
      vertex -38.6482 24.05 1.50722
    endloop
  endfacet
  facet normal 0 -1 -0
    outer loop
      vertex -38.6482 24.05 1.50722
      vertex -40.0735 24.05 0.0036108
      vertex -38.575 24.05 1.5
    endloop
  endfacet
  facet normal 0 -1 0
    outer loop
      vertex -40.0735 24.05 0.0036108
      vertex -40.7464 24.05 0.676487
      vertex -40.7177 24.05 0.532286
    endloop
  endfacet
  facet normal 0 -1 0
    outer loop
      vertex -40.0735 24.05 0.0036108
      vertex -40.7177 24.05 0.532286
      vertex -40.6614 24.05 0.396452
    endloop
  endfacet
  facet normal 0 -1 0
    outer loop
      vertex -40.0735 24.05 0.0036108
      vertex -40.6614 24.05 0.396452
      vertex -40.5798 24.05 0.274204
    endloop
  endfacet
  facet normal 0 -1 0
    outer loop
      vertex -40.0735 24.05 0.0036108
      vertex -40.5798 24.05 0.274204
      vertex -40.4758 24.05 0.170242
    endloop
  endfacet
  facet normal 0 -1 0
    outer loop
      vertex -40.0735 24.05 0.0036108
      vertex -40.4758 24.05 0.170242
      vertex -40.3535 24.05 0.0885584
    endloop
  endfacet
  facet normal 0 -1 0
    outer loop
      vertex -40.0735 24.05 0.0036108
      vertex -40.3535 24.05 0.0885584
      vertex -40.2177 24.05 0.0322945
    endloop
  endfacet
  facet normal 0 -1 -0
    outer loop
      vertex -32.75 24.05 1.5
      vertex -40.0735 24.05 0.0036108
      vertex -30.95 24.05 0.0036108
    endloop
  endfacet
  facet normal 0 -1 0
    outer loop
      vertex -32.75 24.05 1.5
      vertex -30.95 24.05 0.0036108
      vertex -30.95 24.05 1.5
    endloop
  endfacet
  facet normal 0 -1 0
    outer loop
      vertex -32.75 24.05 1.5
      vertex -30.95 24.05 2.00241
      vertex -32.75 24.05 2.00241
    endloop
  endfacet
  facet normal 0 -1 -0
    outer loop
      vertex -30.95 24.05 2.00241
      vertex -32.75 24.05 1.5
      vertex -30.95 24.05 1.5
    endloop
  endfacet
  facet normal -1 0 0
    outer loop
      vertex -30.95 14.95 1.5
      vertex -30.95 24.05 2.00241
      vertex -30.95 24.05 1.5
    endloop
  endfacet
  facet normal -1 -0 0
    outer loop
      vertex -30.95 24.05 2.00241
      vertex -30.95 14.95 1.5
      vertex -30.95 14.95 2.00241
    endloop
  endfacet
  facet normal 1 -0 0
    outer loop
      vertex -32.75 14.95 2.00241
      vertex -32.75 24.05 1.5
      vertex -32.75 24.05 2.00241
    endloop
  endfacet
  facet normal 1 0 0
    outer loop
      vertex -32.75 24.05 1.5
      vertex -32.75 14.95 2.00241
      vertex -32.75 14.95 1.5
    endloop
  endfacet
  facet normal -0.881621 0 -0.471957
    outer loop
      vertex -38.8868 14.95 1.66667
      vertex -38.9215 24.05 1.73149
      vertex -38.8868 24.05 1.66667
    endloop
  endfacet
  facet normal -0.881621 -0 -0.471957
    outer loop
      vertex -38.9215 24.05 1.73149
      vertex -38.8868 14.95 1.66667
      vertex -38.9215 14.95 1.73149
    endloop
  endfacet
  facet normal -0.471647 0 -0.881787
    outer loop
      vertex -38.7833 14.95 1.56321
      vertex -38.7185 24.05 1.52855
      vertex -38.7185 14.95 1.52855
    endloop
  endfacet
  facet normal -0.471647 0 -0.881787
    outer loop
      vertex -38.7185 24.05 1.52855
      vertex -38.7833 14.95 1.56321
      vertex -38.7833 24.05 1.56321
    endloop
  endfacet
  facet normal -0.290344 0 -0.956922
    outer loop
      vertex -38.7185 14.95 1.52855
      vertex -38.6482 24.05 1.50722
      vertex -38.6482 14.95 1.50722
    endloop
  endfacet
  facet normal -0.290344 0 -0.956922
    outer loop
      vertex -38.6482 24.05 1.50722
      vertex -38.7185 14.95 1.52855
      vertex -38.7185 24.05 1.52855
    endloop
  endfacet
  facet normal -0.957104 0 -0.289743
    outer loop
      vertex -38.9215 14.95 1.73149
      vertex -38.9428 24.05 1.80185
      vertex -38.9215 24.05 1.73149
    endloop
  endfacet
  facet normal -0.957104 -0 -0.289743
    outer loop
      vertex -38.9428 24.05 1.80185
      vertex -38.9215 14.95 1.73149
      vertex -38.9428 14.95 1.80185
    endloop
  endfacet
  facet normal -1 0 0
    outer loop
      vertex -38.95 14.95 1.875
      vertex -38.95 24.05 9.1375
      vertex -38.95 24.05 1.875
    endloop
  endfacet
  facet normal -1 -0 0
    outer loop
      vertex -38.95 24.05 9.1375
      vertex -38.95 14.95 1.875
      vertex -38.95 14.95 9.1375
    endloop
  endfacet
  facet normal 0 0 -1
    outer loop
      vertex -38.575 14.95 1.5
      vertex -32.75 24.05 1.5
      vertex -32.75 14.95 1.5
    endloop
  endfacet
  facet normal -0 0 -1
    outer loop
      vertex -32.75 24.05 1.5
      vertex -38.575 14.95 1.5
      vertex -38.575 24.05 1.5
    endloop
  endfacet
  facet normal -0.773272 0 -0.634075
    outer loop
      vertex -38.8402 14.95 1.60984
      vertex -38.8868 24.05 1.66667
      vertex -38.8402 24.05 1.60984
    endloop
  endfacet
  facet normal -0.773272 -0 -0.634075
    outer loop
      vertex -38.8868 24.05 1.66667
      vertex -38.8402 14.95 1.60984
      vertex -38.8868 14.95 1.66667
    endloop
  endfacet
  facet normal -0.995191 0 -0.0979545
    outer loop
      vertex -38.9428 14.95 1.80185
      vertex -38.95 24.05 1.875
      vertex -38.9428 24.05 1.80185
    endloop
  endfacet
  facet normal -0.995191 -0 -0.0979545
    outer loop
      vertex -38.95 24.05 1.875
      vertex -38.9428 14.95 1.80185
      vertex -38.95 14.95 1.875
    endloop
  endfacet
  facet normal -0.633852 0 -0.773454
    outer loop
      vertex -38.8402 14.95 1.60984
      vertex -38.7833 24.05 1.56321
      vertex -38.7833 14.95 1.56321
    endloop
  endfacet
  facet normal -0.633852 0 -0.773454
    outer loop
      vertex -38.7833 24.05 1.56321
      vertex -38.8402 14.95 1.60984
      vertex -38.8402 24.05 1.60984
    endloop
  endfacet
  facet normal -0.0981576 0 -0.995171
    outer loop
      vertex -38.6482 14.95 1.50722
      vertex -38.575 24.05 1.5
      vertex -38.575 14.95 1.5
    endloop
  endfacet
  facet normal -0.0981576 0 -0.995171
    outer loop
      vertex -38.575 24.05 1.5
      vertex -38.6482 14.95 1.50722
      vertex -38.6482 24.05 1.50722
    endloop
  endfacet
  facet normal -1 0 0
    outer loop
      vertex -30.95 14.95 0.0036108
      vertex -30.95 24.05 1.5
      vertex -30.95 24.05 0.0036108
    endloop
  endfacet
  facet normal -1 -0 0
    outer loop
      vertex -30.95 24.05 1.5
      vertex -30.95 14.95 0.0036108
      vertex -30.95 14.95 1.5
    endloop
  endfacet
  facet normal 0 -1 0
    outer loop
      vertex 30.95 24.05 1.5
      vertex 32.75 24.05 2.00241
      vertex 30.95 24.05 2.00241
    endloop
  endfacet
  facet normal 0 -1 0
    outer loop
      vertex 30.95 24.05 1.5
      vertex 32.75 24.05 1.5
      vertex 32.75 24.05 2.00241
    endloop
  endfacet
  facet normal 0 -1 0
    outer loop
      vertex 30.95 24.05 0.0036108
      vertex 32.75 24.05 1.5
      vertex 30.95 24.05 1.5
    endloop
  endfacet
  facet normal 0 -1 0
    outer loop
      vertex 40.0735 24.05 0.0036108
      vertex 32.75 24.05 1.5
      vertex 30.95 24.05 0.0036108
    endloop
  endfacet
  facet normal 0 -1 0
    outer loop
      vertex 38.575 24.05 1.5
      vertex 40.0735 24.05 0.0036108
      vertex 40.7464 24.05 0.676487
    endloop
  endfacet
  facet normal 0 -1 0
    outer loop
      vertex 40.7464 24.05 0.676487
      vertex 40.0735 24.05 0.0036108
      vertex 40.7177 24.05 0.532286
    endloop
  endfacet
  facet normal 0 -1 0
    outer loop
      vertex 40.7177 24.05 0.532286
      vertex 40.0735 24.05 0.0036108
      vertex 40.6614 24.05 0.396452
    endloop
  endfacet
  facet normal 0 -1 0
    outer loop
      vertex 40.6614 24.05 0.396452
      vertex 40.0735 24.05 0.0036108
      vertex 40.5798 24.05 0.274204
    endloop
  endfacet
  facet normal 0 -1 0
    outer loop
      vertex 40.5798 24.05 0.274204
      vertex 40.0735 24.05 0.0036108
      vertex 40.4758 24.05 0.170242
    endloop
  endfacet
  facet normal 0 -1 0
    outer loop
      vertex 40.4758 24.05 0.170242
      vertex 40.0735 24.05 0.0036108
      vertex 40.3535 24.05 0.0885584
    endloop
  endfacet
  facet normal 0 -1 0
    outer loop
      vertex 32.75 24.05 1.5
      vertex 40.0735 24.05 0.0036108
      vertex 38.575 24.05 1.5
    endloop
  endfacet
  facet normal 0 -1 0
    outer loop
      vertex 40.3535 24.05 0.0885584
      vertex 40.0735 24.05 0.0036108
      vertex 40.2177 24.05 0.0322945
    endloop
  endfacet
  facet normal 0 -1 0
    outer loop
      vertex 38.95 24.05 1.875
      vertex 40.7464 24.05 9.1375
      vertex 38.95 24.05 9.1375
    endloop
  endfacet
  facet normal 0 -1 0
    outer loop
      vertex 40.7464 24.05 0.676487
      vertex 38.95 24.05 1.875
      vertex 38.9428 24.05 1.80185
    endloop
  endfacet
  facet normal 0 -1 0
    outer loop
      vertex 38.95 24.05 1.875
      vertex 40.7464 24.05 0.676487
      vertex 40.7464 24.05 9.1375
    endloop
  endfacet
  facet normal 0 -1 0
    outer loop
      vertex 38.9215 24.05 1.73149
      vertex 40.7464 24.05 0.676487
      vertex 38.9428 24.05 1.80185
    endloop
  endfacet
  facet normal 0 -1 0
    outer loop
      vertex 38.8868 24.05 1.66667
      vertex 40.7464 24.05 0.676487
      vertex 38.9215 24.05 1.73149
    endloop
  endfacet
  facet normal 0 -1 0
    outer loop
      vertex 38.8402 24.05 1.60984
      vertex 40.7464 24.05 0.676487
      vertex 38.8868 24.05 1.66667
    endloop
  endfacet
  facet normal 0 -1 0
    outer loop
      vertex 38.7833 24.05 1.56321
      vertex 40.7464 24.05 0.676487
      vertex 38.8402 24.05 1.60984
    endloop
  endfacet
  facet normal 0 -1 0
    outer loop
      vertex 38.7185 24.05 1.52855
      vertex 40.7464 24.05 0.676487
      vertex 38.7833 24.05 1.56321
    endloop
  endfacet
  facet normal 0 -1 0
    outer loop
      vertex 38.6482 24.05 1.50722
      vertex 40.7464 24.05 0.676487
      vertex 38.7185 24.05 1.52855
    endloop
  endfacet
  facet normal 0 -1 0
    outer loop
      vertex 40.7464 24.05 0.676487
      vertex 38.6482 24.05 1.50722
      vertex 38.575 24.05 1.5
    endloop
  endfacet
  facet normal 0 1 0
    outer loop
      vertex 40.7464 14.95 9.1375
      vertex 38.95 14.95 1.875
      vertex 38.95 14.95 9.1375
    endloop
  endfacet
  facet normal 0 1 -0
    outer loop
      vertex 40.7464 14.95 0.676487
      vertex 38.95 14.95 1.875
      vertex 40.7464 14.95 9.1375
    endloop
  endfacet
  facet normal 0 1 0
    outer loop
      vertex 40.0735 14.95 0.0036108
      vertex 32.75 14.95 1.5
      vertex 38.575 14.95 1.5
    endloop
  endfacet
  facet normal 0 1 0
    outer loop
      vertex 38.95 14.95 1.875
      vertex 40.7464 14.95 0.676487
      vertex 38.9428 14.95 1.80185
    endloop
  endfacet
  facet normal 0 1 0
    outer loop
      vertex 40.7464 14.95 0.676487
      vertex 38.9215 14.95 1.73149
      vertex 38.9428 14.95 1.80185
    endloop
  endfacet
  facet normal 0 1 0
    outer loop
      vertex 40.7464 14.95 0.676487
      vertex 38.8868 14.95 1.66667
      vertex 38.9215 14.95 1.73149
    endloop
  endfacet
  facet normal 0 1 -0
    outer loop
      vertex 40.0735 14.95 0.0036108
      vertex 38.8868 14.95 1.66667
      vertex 40.7464 14.95 0.676487
    endloop
  endfacet
  facet normal 0 1 0
    outer loop
      vertex 38.8868 14.95 1.66667
      vertex 40.0735 14.95 0.0036108
      vertex 38.8402 14.95 1.60984
    endloop
  endfacet
  facet normal 0 1 0
    outer loop
      vertex 38.8402 14.95 1.60984
      vertex 40.0735 14.95 0.0036108
      vertex 38.7833 14.95 1.56321
    endloop
  endfacet
  facet normal 0 1 0
    outer loop
      vertex 38.7833 14.95 1.56321
      vertex 40.0735 14.95 0.0036108
      vertex 38.7185 14.95 1.52855
    endloop
  endfacet
  facet normal 0 1 0
    outer loop
      vertex 38.7185 14.95 1.52855
      vertex 40.0735 14.95 0.0036108
      vertex 38.6482 14.95 1.50722
    endloop
  endfacet
  facet normal 0 1 0
    outer loop
      vertex 38.6482 14.95 1.50722
      vertex 40.0735 14.95 0.0036108
      vertex 38.575 14.95 1.5
    endloop
  endfacet
  facet normal 0 1 0
    outer loop
      vertex 40.0735 14.95 0.0036108
      vertex 40.7464 14.95 0.676487
      vertex 40.7177 14.95 0.532286
    endloop
  endfacet
  facet normal 0 1 0
    outer loop
      vertex 40.0735 14.95 0.0036108
      vertex 40.7177 14.95 0.532286
      vertex 40.6614 14.95 0.396452
    endloop
  endfacet
  facet normal 0 1 0
    outer loop
      vertex 40.0735 14.95 0.0036108
      vertex 40.6614 14.95 0.396452
      vertex 40.5798 14.95 0.274204
    endloop
  endfacet
  facet normal 0 1 0
    outer loop
      vertex 40.0735 14.95 0.0036108
      vertex 40.5798 14.95 0.274204
      vertex 40.4758 14.95 0.170242
    endloop
  endfacet
  facet normal 0 1 0
    outer loop
      vertex 40.0735 14.95 0.0036108
      vertex 40.4758 14.95 0.170242
      vertex 40.3535 14.95 0.0885584
    endloop
  endfacet
  facet normal 0 1 0
    outer loop
      vertex 40.0735 14.95 0.0036108
      vertex 40.3535 14.95 0.0885584
      vertex 40.2177 14.95 0.0322945
    endloop
  endfacet
  facet normal 0 1 0
    outer loop
      vertex 32.75 14.95 1.5
      vertex 40.0735 14.95 0.0036108
      vertex 30.95 14.95 0.0036108
    endloop
  endfacet
  facet normal 0 1 0
    outer loop
      vertex 32.75 14.95 1.5
      vertex 30.95 14.95 0.0036108
      vertex 30.95 14.95 1.5
    endloop
  endfacet
  facet normal 0 1 -0
    outer loop
      vertex 32.75 14.95 1.5
      vertex 30.95 14.95 2.00241
      vertex 32.75 14.95 2.00241
    endloop
  endfacet
  facet normal 0 1 0
    outer loop
      vertex 30.95 14.95 2.00241
      vertex 32.75 14.95 1.5
      vertex 30.95 14.95 1.5
    endloop
  endfacet
  facet normal 1 -0 0
    outer loop
      vertex 30.95 14.95 2.00241
      vertex 30.95 24.05 1.5
      vertex 30.95 24.05 2.00241
    endloop
  endfacet
  facet normal 1 0 0
    outer loop
      vertex 30.95 24.05 1.5
      vertex 30.95 14.95 2.00241
      vertex 30.95 14.95 1.5
    endloop
  endfacet
  facet normal -1 0 0
    outer loop
      vertex 32.75 14.95 1.5
      vertex 32.75 24.05 2.00241
      vertex 32.75 24.05 1.5
    endloop
  endfacet
  facet normal -1 -0 0
    outer loop
      vertex 32.75 24.05 2.00241
      vertex 32.75 14.95 1.5
      vertex 32.75 14.95 2.00241
    endloop
  endfacet
  facet normal 0.881621 0 -0.471957
    outer loop
      vertex 38.9215 14.95 1.73149
      vertex 38.8868 24.05 1.66667
      vertex 38.9215 24.05 1.73149
    endloop
  endfacet
  facet normal 0.881621 0 -0.471957
    outer loop
      vertex 38.8868 24.05 1.66667
      vertex 38.9215 14.95 1.73149
      vertex 38.8868 14.95 1.66667
    endloop
  endfacet
  facet normal 0.471647 0 -0.881787
    outer loop
      vertex 38.7185 14.95 1.52855
      vertex 38.7833 24.05 1.56321
      vertex 38.7833 14.95 1.56321
    endloop
  endfacet
  facet normal 0.471647 0 -0.881787
    outer loop
      vertex 38.7833 24.05 1.56321
      vertex 38.7185 14.95 1.52855
      vertex 38.7185 24.05 1.52855
    endloop
  endfacet
  facet normal 0.290344 0 -0.956922
    outer loop
      vertex 38.6482 14.95 1.50722
      vertex 38.7185 24.05 1.52855
      vertex 38.7185 14.95 1.52855
    endloop
  endfacet
  facet normal 0.290344 0 -0.956922
    outer loop
      vertex 38.7185 24.05 1.52855
      vertex 38.6482 14.95 1.50722
      vertex 38.6482 24.05 1.50722
    endloop
  endfacet
  facet normal 0.957104 0 -0.289743
    outer loop
      vertex 38.9428 14.95 1.80185
      vertex 38.9215 24.05 1.73149
      vertex 38.9428 24.05 1.80185
    endloop
  endfacet
  facet normal 0.957104 0 -0.289743
    outer loop
      vertex 38.9215 24.05 1.73149
      vertex 38.9428 14.95 1.80185
      vertex 38.9215 14.95 1.73149
    endloop
  endfacet
  facet normal 1 -0 0
    outer loop
      vertex 38.95 14.95 9.1375
      vertex 38.95 24.05 1.875
      vertex 38.95 24.05 9.1375
    endloop
  endfacet
  facet normal 1 0 0
    outer loop
      vertex 38.95 24.05 1.875
      vertex 38.95 14.95 9.1375
      vertex 38.95 14.95 1.875
    endloop
  endfacet
  facet normal 0 0 -1
    outer loop
      vertex 32.75 14.95 1.5
      vertex 38.575 24.05 1.5
      vertex 38.575 14.95 1.5
    endloop
  endfacet
  facet normal -0 0 -1
    outer loop
      vertex 38.575 24.05 1.5
      vertex 32.75 14.95 1.5
      vertex 32.75 24.05 1.5
    endloop
  endfacet
  facet normal 0.773272 0 -0.634075
    outer loop
      vertex 38.8868 14.95 1.66667
      vertex 38.8402 24.05 1.60984
      vertex 38.8868 24.05 1.66667
    endloop
  endfacet
  facet normal 0.773272 0 -0.634075
    outer loop
      vertex 38.8402 24.05 1.60984
      vertex 38.8868 14.95 1.66667
      vertex 38.8402 14.95 1.60984
    endloop
  endfacet
  facet normal 0.995191 0 -0.0979545
    outer loop
      vertex 38.95 14.95 1.875
      vertex 38.9428 24.05 1.80185
      vertex 38.95 24.05 1.875
    endloop
  endfacet
  facet normal 0.995191 0 -0.0979545
    outer loop
      vertex 38.9428 24.05 1.80185
      vertex 38.95 14.95 1.875
      vertex 38.9428 14.95 1.80185
    endloop
  endfacet
  facet normal 0.633852 0 -0.773454
    outer loop
      vertex 38.7833 14.95 1.56321
      vertex 38.8402 24.05 1.60984
      vertex 38.8402 14.95 1.60984
    endloop
  endfacet
  facet normal 0.633852 0 -0.773454
    outer loop
      vertex 38.8402 24.05 1.60984
      vertex 38.7833 14.95 1.56321
      vertex 38.7833 24.05 1.56321
    endloop
  endfacet
  facet normal 0.0981576 0 -0.995171
    outer loop
      vertex 38.575 14.95 1.5
      vertex 38.6482 24.05 1.50722
      vertex 38.6482 14.95 1.50722
    endloop
  endfacet
  facet normal 0.0981576 0 -0.995171
    outer loop
      vertex 38.6482 24.05 1.50722
      vertex 38.575 14.95 1.5
      vertex 38.575 24.05 1.5
    endloop
  endfacet
  facet normal 1 -0 0
    outer loop
      vertex 30.95 14.95 1.5
      vertex 30.95 24.05 0.0036108
      vertex 30.95 24.05 1.5
    endloop
  endfacet
  facet normal 1 0 0
    outer loop
      vertex 30.95 24.05 0.0036108
      vertex 30.95 14.95 1.5
      vertex 30.95 14.95 0.0036108
    endloop
  endfacet
  facet normal -0.462404 0.865164 -0.1941
    outer loop
      vertex -40.3987 48.9468 0.532286
      vertex -40.4147 48.9706 0.676487
      vertex -40.2856 49.0396 0.676487
    endloop
  endfacet
  facet normal -0.622358 0.758259 -0.194203
    outer loop
      vertex -40.3987 48.9468 0.532286
      vertex -40.5075 48.8575 0.532286
      vertex -40.4147 48.9706 0.676487
    endloop
  endfacet
  facet normal -0.435872 0.815205 -0.381388
    outer loop
      vertex -40.2531 48.9611 0.396452
      vertex -40.3987 48.9468 0.532286
      vertex -40.2747 49.0131 0.532286
    endloop
  endfacet
  facet normal -0.0965513 -0.976241 -0.193987
    outer loop
      vertex -40 -49.0964 0.676487
      vertex -40.1456 -49.082 0.676487
      vertex -40.14 -49.0539 0.532286
    endloop
  endfacet
  facet normal -0.884753 -0.268064 -0.381253
    outer loop
      vertex -40.6111 -48.6031 0.396452
      vertex -40.7039 -48.49 0.532286
      vertex -40.6487 -48.479 0.396452
    endloop
  endfacet
  facet normal 0.828925 0.0820863 -0.553304
    outer loop
      vertex 40.5798 48.35 0.274204
      vertex 40.5686 48.4631 0.274204
      vertex 40.6614 48.35 0.396452
    endloop
  endfacet
  facet normal -0.462558 0.865115 -0.193948
    outer loop
      vertex -40.2747 49.0131 0.532286
      vertex -40.3987 48.9468 0.532286
      vertex -40.2856 49.0396 0.676487
    endloop
  endfacet
  facet normal -0.0965513 0.976241 -0.193987
    outer loop
      vertex -40.14 49.0539 0.532286
      vertex -40.1456 49.082 0.676487
      vertex -40 49.0964 0.676487
    endloop
  endfacet
  facet normal -0.284349 -0.938887 -0.194001
    outer loop
      vertex -40.1456 -49.082 0.676487
      vertex -40.2856 -49.0396 0.676487
      vertex -40.14 -49.0539 0.532286
    endloop
  endfacet
  facet normal 0 0.980764 -0.195199
    outer loop
      vertex 40 49.0677 0.532286
      vertex -40 49.0964 0.676487
      vertex 40 49.0964 0.676487
    endloop
  endfacet
  facet normal 0 0.980764 -0.195199
    outer loop
      vertex -40 49.0964 0.676487
      vertex 40 49.0677 0.532286
      vertex -40 49.0677 0.532286
    endloop
  endfacet
  facet normal -0.773073 0.634317 0
    outer loop
      vertex -40.6206 48.7647 0.676487
      vertex -40.5278 48.8778 9.1375
      vertex -40.5278 48.8778 0.676487
    endloop
  endfacet
  facet normal -0.773073 0.634317 0
    outer loop
      vertex -40.5278 48.8778 9.1375
      vertex -40.6206 48.7647 0.676487
      vertex -40.6206 48.7647 9.1375
    endloop
  endfacet
  facet normal 0.828925 -0.0820863 -0.553304
    outer loop
      vertex 40.6614 -48.35 0.396452
      vertex 40.5686 -48.4631 0.274204
      vertex 40.5798 -48.35 0.274204
    endloop
  endfacet
  facet normal 0 1 0
    outer loop
      vertex 40 49.0964 9.1375
      vertex 37.15 49.0964 2
      vertex 37.15 49.0964 9.1375
    endloop
  endfacet
  facet normal 0 1 0
    outer loop
      vertex 37.15 49.0964 2
      vertex 40 49.0964 0.676487
      vertex -37.15 49.0964 2
    endloop
  endfacet
  facet normal 0 1 -0
    outer loop
      vertex 40 49.0964 0.676487
      vertex 37.15 49.0964 2
      vertex 40 49.0964 9.1375
    endloop
  endfacet
  facet normal 0 1 -0
    outer loop
      vertex -37.15 49.0964 2
      vertex -40 49.0964 9.1375
      vertex -37.15 49.0964 9.1375
    endloop
  endfacet
  facet normal 0 1 0
    outer loop
      vertex -37.15 49.0964 2
      vertex -40 49.0964 0.676487
      vertex -40 49.0964 9.1375
    endloop
  endfacet
  facet normal 0 1 0
    outer loop
      vertex -40 49.0964 0.676487
      vertex -37.15 49.0964 2
      vertex 40 49.0964 0.676487
    endloop
  endfacet
  facet normal -0.814939 -0.436387 -0.381368
    outer loop
      vertex -40.5967 -48.7487 0.532286
      vertex -40.6631 -48.6247 0.532286
      vertex -40.6111 -48.6031 0.396452
    endloop
  endfacet
  facet normal 0.0965513 -0.976241 -0.193987
    outer loop
      vertex 40.1456 -49.082 0.676487
      vertex 40 -49.0964 0.676487
      vertex 40.14 -49.0539 0.532286
    endloop
  endfacet
  facet normal -0.88475 0.267987 -0.381315
    outer loop
      vertex -40.6111 48.6031 0.396452
      vertex -40.7039 48.49 0.532286
      vertex -40.6631 48.6247 0.532286
    endloop
  endfacet
  facet normal -0.555407 -0 -0.831578
    outer loop
      vertex -40.4758 -25.05 0.170242
      vertex -40.3535 -35.7935 0.0885584
      vertex -40.4758 -35.8306 0.170242
    endloop
  endfacet
  facet normal -0.555407 0 -0.831578
    outer loop
      vertex -40.3535 -35.7935 0.0885584
      vertex -40.4758 -25.05 0.170242
      vertex -40.3535 -25.05 0.0885584
    endloop
  endfacet
  facet normal -0.555407 0 -0.831578
    outer loop
      vertex -40.4758 -15.95 0.170242
      vertex -40.3535 14.95 0.0885584
      vertex -40.3535 -15.95 0.0885584
    endloop
  endfacet
  facet normal -0.555407 0 -0.831578
    outer loop
      vertex -40.3535 14.95 0.0885584
      vertex -40.4758 -15.95 0.170242
      vertex -40.4758 14.95 0.170242
    endloop
  endfacet
  facet normal -0.555407 0 -0.831578
    outer loop
      vertex -40.4758 24.05 0.170242
      vertex -40.3535 43.7935 0.0885584
      vertex -40.3535 24.05 0.0885584
    endloop
  endfacet
  facet normal -0.555407 0 -0.831578
    outer loop
      vertex -40.3535 43.7935 0.0885584
      vertex -40.4758 24.05 0.170242
      vertex -40.4758 43.8306 0.170242
    endloop
  endfacet
  facet normal 0.758333 -0.622222 -0.194349
    outer loop
      vertex 40.5278 -48.8778 0.676487
      vertex 40.5075 -48.8575 0.532286
      vertex 40.6206 -48.7647 0.676487
    endloop
  endfacet
  facet normal 0.0965513 0.976241 -0.193987
    outer loop
      vertex 40.14 49.0539 0.532286
      vertex 40 49.0964 0.676487
      vertex 40.1456 49.082 0.676487
    endloop
  endfacet
  facet normal -0.392308 0.734533 -0.553674
    outer loop
      vertex -40.3221 48.8321 0.274204
      vertex -40.3675 48.9 0.396452
      vertex -40.2531 48.9611 0.396452
    endloop
  endfacet
  facet normal 0.333543 0.625527 -0.705312
    outer loop
      vertex 40.2809 48.7704 0.2
      vertex 40.2222 48.8017 0.2
      vertex 40.3221 48.8321 0.274204
    endloop
  endfacet
  facet normal 0.448759 -0.548967 -0.70516
    outer loop
      vertex 40.41 -48.7599 0.274204
      vertex 40.3323 -48.7281 0.2
      vertex 40.3575 -48.7075 0.2
    endloop
  endfacet
  facet normal 0.449763 -0.547565 -0.705611
    outer loop
      vertex 40.3323 -48.7281 0.2
      vertex 40.41 -48.7599 0.274204
      vertex 40.3221 -48.8321 0.274204
    endloop
  endfacet
  facet normal -0.976241 -0.0965513 -0.193987
    outer loop
      vertex -40.732 -48.4956 0.676487
      vertex -40.7464 -48.35 0.676487
      vertex -40.7039 -48.49 0.532286
    endloop
  endfacet
  facet normal -0.625527 0.333543 -0.705312
    outer loop
      vertex -40.4517 48.5722 0.2
      vertex -40.4821 48.6721 0.274204
      vertex -40.4204 48.6309 0.2
    endloop
  endfacet
  facet normal -0.796811 -0.24168 -0.553789
    outer loop
      vertex -40.5356 -48.5719 0.274204
      vertex -40.6111 -48.6031 0.396452
      vertex -40.5686 -48.4631 0.274204
    endloop
  endfacet
  facet normal 0 -0.195094 -0.980785
    outer loop
      vertex 35.4023 -48.5677 0.0322945
      vertex -27.3585 -48.4235 0.0036108
      vertex 35.3585 -48.4235 0.0036108
    endloop
  endfacet
  facet normal 0 -0.195094 -0.980785
    outer loop
      vertex -27.3585 -48.4235 0.0036108
      vertex 35.4023 -48.5677 0.0322945
      vertex -27.4023 -48.5677 0.0322945
    endloop
  endfacet
  facet normal 0.435569 0.815534 -0.381029
    outer loop
      vertex 40.3675 48.9 0.396452
      vertex 40.2531 48.9611 0.396452
      vertex 40.3987 48.9468 0.532286
    endloop
  endfacet
  facet normal 0.831732 0 -0.555177
    outer loop
      vertex 40.6614 24.05 0.396452
      vertex 40.5798 48.35 0.274204
      vertex 40.6614 48.35 0.396452
    endloop
  endfacet
  facet normal 0.831732 0 -0.555177
    outer loop
      vertex 40.5798 48.35 0.274204
      vertex 40.6614 24.05 0.396452
      vertex 40.5798 24.05 0.274204
    endloop
  endfacet
  facet normal 0.831732 0 -0.555177
    outer loop
      vertex 40.6614 -48.35 0.396452
      vertex 40.5798 -25.05 0.274204
      vertex 40.6614 -25.05 0.396452
    endloop
  endfacet
  facet normal 0.831732 0 -0.555177
    outer loop
      vertex 40.5798 -25.05 0.274204
      vertex 40.6614 -48.35 0.396452
      vertex 40.5798 -48.35 0.274204
    endloop
  endfacet
  facet normal 0.831732 0 -0.555177
    outer loop
      vertex 40.6614 -15.95 0.396452
      vertex 40.5798 14.95 0.274204
      vertex 40.6614 14.95 0.396452
    endloop
  endfacet
  facet normal 0.831732 0 -0.555177
    outer loop
      vertex 40.5798 14.95 0.274204
      vertex 40.6614 -15.95 0.396452
      vertex 40.5798 -15.95 0.274204
    endloop
  endfacet
  facet normal 0.707126 0 -0.707088
    outer loop
      vertex 40.5798 48.35 0.274204
      vertex 40.5056 44.0844 0.2
      vertex 40.5056 48.35 0.2
    endloop
  endfacet
  facet normal 0.707126 0 -0.707088
    outer loop
      vertex 40.5056 44.0844 0.2
      vertex 40.5798 48.35 0.274204
      vertex 40.5798 24.05 0.274204
    endloop
  endfacet
  facet normal 0.706978 -1.09827e-06 -0.707236
    outer loop
      vertex 40.4758 24.05 0.170242
      vertex 40.5056 44.0844 0.2
      vertex 40.5798 24.05 0.274204
    endloop
  endfacet
  facet normal 0.706608 0 -0.707605
    outer loop
      vertex 40.5056 44.0844 0.2
      vertex 40.4758 24.05 0.170242
      vertex 40.4758 44.1003 0.170242
    endloop
  endfacet
  facet normal 0.706978 1.99405e-06 -0.707236
    outer loop
      vertex 40.5798 -25.05 0.274204
      vertex 40.5056 -36.0844 0.2
      vertex 40.4758 -25.05 0.170242
    endloop
  endfacet
  facet normal 0.707126 0 -0.707088
    outer loop
      vertex 40.5798 -48.35 0.274204
      vertex 40.5056 -36.0844 0.2
      vertex 40.5798 -25.05 0.274204
    endloop
  endfacet
  facet normal 0.707126 0 -0.707088
    outer loop
      vertex 40.5056 -36.0844 0.2
      vertex 40.5798 -48.35 0.274204
      vertex 40.5056 -48.35 0.2
    endloop
  endfacet
  facet normal 0.706608 0 -0.707605
    outer loop
      vertex 40.4758 -25.05 0.170242
      vertex 40.5056 -36.0844 0.2
      vertex 40.4758 -36.1003 0.170242
    endloop
  endfacet
  facet normal 0.706978 0 -0.707236
    outer loop
      vertex 40.5798 -15.95 0.274204
      vertex 40.4758 14.95 0.170242
      vertex 40.5798 14.95 0.274204
    endloop
  endfacet
  facet normal 0.706978 0 -0.707236
    outer loop
      vertex 40.4758 14.95 0.170242
      vertex 40.5798 -15.95 0.274204
      vertex 40.4758 -15.95 0.170242
    endloop
  endfacet
  facet normal 0 0.831732 -0.555177
    outer loop
      vertex 40 48.9298 0.274204
      vertex -40 49.0114 0.396452
      vertex 40 49.0114 0.396452
    endloop
  endfacet
  facet normal 0 0.831732 -0.555177
    outer loop
      vertex -40 49.0114 0.396452
      vertex 40 48.9298 0.274204
      vertex -40 48.9298 0.274204
    endloop
  endfacet
  facet normal 0.0702189 0.70538 -0.705342
    outer loop
      vertex 40.0663 48.849 0.2
      vertex 40 48.8556 0.2
      vertex 40 48.9298 0.274204
    endloop
  endfacet
  facet normal -0.268064 0.884753 -0.381253
    outer loop
      vertex -40.129 48.9987 0.396452
      vertex -40.2531 48.9611 0.396452
      vertex -40.14 49.0539 0.532286
    endloop
  endfacet
  facet normal -0.284349 0.938887 -0.194001
    outer loop
      vertex -40.14 49.0539 0.532286
      vertex -40.2856 49.0396 0.676487
      vertex -40.1456 49.082 0.676487
    endloop
  endfacet
  facet normal -0.758333 0.622222 -0.194349
    outer loop
      vertex -40.5075 48.8575 0.532286
      vertex -40.6206 48.7647 0.676487
      vertex -40.5278 48.8778 0.676487
    endloop
  endfacet
  facet normal -0.622222 0.758333 -0.194349
    outer loop
      vertex -40.5075 48.8575 0.532286
      vertex -40.5278 48.8778 0.676487
      vertex -40.4147 48.9706 0.676487
    endloop
  endfacet
  facet normal -0.435569 0.815534 -0.381029
    outer loop
      vertex -40.3675 48.9 0.396452
      vertex -40.3987 48.9468 0.532286
      vertex -40.2531 48.9611 0.396452
    endloop
  endfacet
  facet normal -0.548357 0.449333 -0.705269
    outer loop
      vertex -40.3997 48.656 0.2
      vertex -40.41 48.7599 0.274204
      vertex -40.3575 48.7075 0.2
    endloop
  endfacet
  facet normal 0 -1 0
    outer loop
      vertex -40 -49.0964 9.1375
      vertex -39.549 -49.0964 2
      vertex -39.549 -49.0964 9.1375
    endloop
  endfacet
  facet normal 0 -1 0
    outer loop
      vertex -40 -49.0964 0.676487
      vertex -35.4079 -49.0964 2
      vertex -39.549 -49.0964 2
    endloop
  endfacet
  facet normal 0 -1 -0
    outer loop
      vertex -35.4079 -49.0964 2
      vertex -40 -49.0964 0.676487
      vertex 35.4079 -49.0964 2
    endloop
  endfacet
  facet normal 0 -1 0
    outer loop
      vertex 40 -49.0964 0.676487
      vertex 35.4079 -49.0964 2
      vertex -40 -49.0964 0.676487
    endloop
  endfacet
  facet normal 0 -1 0
    outer loop
      vertex -40 -49.0964 0.676487
      vertex -39.549 -49.0964 2
      vertex -40 -49.0964 9.1375
    endloop
  endfacet
  facet normal 0 -1 0
    outer loop
      vertex 39.549 -49.0964 2
      vertex 40 -49.0964 9.1375
      vertex 39.549 -49.0964 9.1375
    endloop
  endfacet
  facet normal 0 -1 0
    outer loop
      vertex 39.549 -49.0964 2
      vertex 40 -49.0964 0.676487
      vertex 40 -49.0964 9.1375
    endloop
  endfacet
  facet normal 0 -1 0
    outer loop
      vertex 35.4079 -49.0964 2
      vertex 40 -49.0964 0.676487
      vertex 39.549 -49.0964 2
    endloop
  endfacet
  facet normal 0.0820863 -0.828925 -0.553304
    outer loop
      vertex 40.1131 -48.9186 0.274204
      vertex 40 -49.0114 0.396452
      vertex 40 -48.9298 0.274204
    endloop
  endfacet
  facet normal -0.828925 -0.0820863 -0.553304
    outer loop
      vertex -40.5686 -48.4631 0.274204
      vertex -40.6614 -48.35 0.396452
      vertex -40.5798 -48.35 0.274204
    endloop
  endfacet
  facet normal -0.828754 -0.0815905 -0.553633
    outer loop
      vertex -40.6487 -48.479 0.396452
      vertex -40.6614 -48.35 0.396452
      vertex -40.5686 -48.4631 0.274204
    endloop
  endfacet
  facet normal -0.678981 0.204565 -0.705081
    outer loop
      vertex -40.4765 48.5123 0.2
      vertex -40.5356 48.5719 0.274204
      vertex -40.4671 48.5435 0.2
    endloop
  endfacet
  facet normal -0.67826 0.205722 -0.705437
    outer loop
      vertex -40.5356 48.5719 0.274204
      vertex -40.4765 48.5123 0.2
      vertex -40.5686 48.4631 0.274204
    endloop
  endfacet
  facet normal -0.734533 0.392308 -0.553674
    outer loop
      vertex -40.4821 48.6721 0.274204
      vertex -40.6111 48.6031 0.396452
      vertex -40.55 48.7175 0.396452
    endloop
  endfacet
  facet normal -1 0 0
    outer loop
      vertex -40.7464 24.05 0.676487
      vertex -40.7464 48.35 9.1375
      vertex -40.7464 48.35 0.676487
    endloop
  endfacet
  facet normal -1 -0 0
    outer loop
      vertex -40.7464 48.35 9.1375
      vertex -40.7464 24.05 0.676487
      vertex -40.7464 24.05 9.1375
    endloop
  endfacet
  facet normal -1 0 0
    outer loop
      vertex -40.7464 -48.35 0.676487
      vertex -40.7464 -25.05 9.1375
      vertex -40.7464 -25.05 0.676487
    endloop
  endfacet
  facet normal -1 -0 0
    outer loop
      vertex -40.7464 -25.05 9.1375
      vertex -40.7464 -48.35 0.676487
      vertex -40.7464 -48.35 9.1375
    endloop
  endfacet
  facet normal -1 0 0
    outer loop
      vertex -40.7464 -15.95 0.676487
      vertex -40.7464 14.95 9.1375
      vertex -40.7464 14.95 0.676487
    endloop
  endfacet
  facet normal -1 -0 0
    outer loop
      vertex -40.7464 14.95 9.1375
      vertex -40.7464 -15.95 0.676487
      vertex -40.7464 -15.95 9.1375
    endloop
  endfacet
  facet normal 0.881937 0.471368 0
    outer loop
      vertex 40.6896 48.6356 9.1375
      vertex 40.6206 48.7647 0.676487
      vertex 40.6206 48.7647 9.1375
    endloop
  endfacet
  facet normal 0.881937 0.471368 0
    outer loop
      vertex 40.6206 48.7647 0.676487
      vertex 40.6896 48.6356 9.1375
      vertex 40.6896 48.6356 0.676487
    endloop
  endfacet
  facet normal 0.625527 0.333543 -0.705312
    outer loop
      vertex 40.4517 48.5722 0.2
      vertex 40.4204 48.6309 0.2
      vertex 40.4821 48.6721 0.274204
    endloop
  endfacet
  facet normal 0.284349 0.938887 -0.194001
    outer loop
      vertex 40.2856 49.0396 0.676487
      vertex 40.14 49.0539 0.532286
      vertex 40.1456 49.082 0.676487
    endloop
  endfacet
  facet normal 0.0962266 0.976212 -0.194293
    outer loop
      vertex 40.14 49.0539 0.532286
      vertex 40 49.0677 0.532286
      vertex 40 49.0964 0.676487
    endloop
  endfacet
  facet normal 0.205607 0.678608 -0.705136
    outer loop
      vertex 40.1935 48.8171 0.2
      vertex 40.1298 48.8364 0.2
      vertex 40.2219 48.8856 0.274204
    endloop
  endfacet
  facet normal 0.0962266 -0.976212 -0.194293
    outer loop
      vertex 40.14 -49.0539 0.532286
      vertex 40 -49.0964 0.676487
      vertex 40 -49.0677 0.532286
    endloop
  endfacet
  facet normal -0.796811 0.24168 -0.553789
    outer loop
      vertex -40.5686 48.4631 0.274204
      vertex -40.6111 48.6031 0.396452
      vertex -40.5356 48.5719 0.274204
    endloop
  endfacet
  facet normal -0.0906845 0.919987 -0.381313
    outer loop
      vertex -40 49.0114 0.396452
      vertex -40.14 49.0539 0.532286
      vertex -40 49.0677 0.532286
    endloop
  endfacet
  facet normal 0 0.923794 -0.382891
    outer loop
      vertex 40 49.0114 0.396452
      vertex -40 49.0677 0.532286
      vertex 40 49.0677 0.532286
    endloop
  endfacet
  facet normal 0 0.923794 -0.382891
    outer loop
      vertex -40 49.0677 0.532286
      vertex 40 49.0114 0.396452
      vertex -40 49.0114 0.396452
    endloop
  endfacet
  facet normal -0.0962266 0.976212 -0.194293
    outer loop
      vertex -40 49.0677 0.532286
      vertex -40.14 49.0539 0.532286
      vertex -40 49.0964 0.676487
    endloop
  endfacet
  facet normal -0.976241 0.0965513 -0.193987
    outer loop
      vertex -40.7039 48.49 0.532286
      vertex -40.7464 48.35 0.676487
      vertex -40.732 48.4956 0.676487
    endloop
  endfacet
  facet normal -0.52854 0.643472 -0.553706
    outer loop
      vertex -40.41 48.7599 0.274204
      vertex -40.4677 48.8177 0.396452
      vertex -40.3221 48.8321 0.274204
    endloop
  endfacet
  facet normal -0.758521 -0.621876 -0.194719
    outer loop
      vertex -40.5075 -48.8575 0.532286
      vertex -40.6206 -48.7647 0.676487
      vertex -40.5967 -48.7487 0.532286
    endloop
  endfacet
  facet normal -0.0906845 -0.919987 -0.381313
    outer loop
      vertex -40 -49.0677 0.532286
      vertex -40.14 -49.0539 0.532286
      vertex -40 -49.0114 0.396452
    endloop
  endfacet
  facet normal -0.938887 -0.284349 -0.194001
    outer loop
      vertex -40.6896 -48.6356 0.676487
      vertex -40.732 -48.4956 0.676487
      vertex -40.7039 -48.49 0.532286
    endloop
  endfacet
  facet normal -0.678221 -0.205489 -0.705543
    outer loop
      vertex -40.4765 -48.5123 0.2
      vertex -40.5686 -48.4631 0.274204
      vertex -40.4958 -48.4486 0.2
    endloop
  endfacet
  facet normal -0.73454 -0.392195 -0.553745
    outer loop
      vertex -40.4821 -48.6721 0.274204
      vertex -40.6111 -48.6031 0.396452
      vertex -40.5356 -48.5719 0.274204
    endloop
  endfacet
  facet normal -0.919987 -0.0906845 -0.381313
    outer loop
      vertex -40.7039 -48.49 0.532286
      vertex -40.7177 -48.35 0.532286
      vertex -40.6614 -48.35 0.396452
    endloop
  endfacet
  facet normal -0.195094 -0 -0.980785
    outer loop
      vertex -40.2177 -25.05 0.0322945
      vertex -40.0735 -35.7085 0.0036108
      vertex -40.2177 -35.7523 0.0322945
    endloop
  endfacet
  facet normal -0.195094 0 -0.980785
    outer loop
      vertex -40.0735 -35.7085 0.0036108
      vertex -40.2177 -25.05 0.0322945
      vertex -40.0735 -25.05 0.0036108
    endloop
  endfacet
  facet normal -0.195094 0 -0.980785
    outer loop
      vertex -40.2177 -15.95 0.0322945
      vertex -40.0735 14.95 0.0036108
      vertex -40.0735 -15.95 0.0036108
    endloop
  endfacet
  facet normal -0.195094 0 -0.980785
    outer loop
      vertex -40.0735 14.95 0.0036108
      vertex -40.2177 -15.95 0.0322945
      vertex -40.2177 14.95 0.0322945
    endloop
  endfacet
  facet normal -0.195094 0 -0.980785
    outer loop
      vertex -40.2177 24.05 0.0322945
      vertex -40.0735 43.7085 0.0036108
      vertex -40.0735 24.05 0.0036108
    endloop
  endfacet
  facet normal -0.195094 0 -0.980785
    outer loop
      vertex -40.0735 43.7085 0.0036108
      vertex -40.2177 24.05 0.0322945
      vertex -40.2177 43.7523 0.0322945
    endloop
  endfacet
  facet normal 0 0.195094 -0.980785
    outer loop
      vertex 35.9654 48.4235 0.0036108
      vertex -27.8883 48.5677 0.0322945
      vertex 35.8883 48.5677 0.0322945
    endloop
  endfacet
  facet normal 0 0.195094 -0.980785
    outer loop
      vertex -27.8883 48.5677 0.0322945
      vertex 35.9654 48.4235 0.0036108
      vertex -27.9654 48.4235 0.0036108
    endloop
  endfacet
  facet normal -0.884753 0.268064 -0.381253
    outer loop
      vertex -40.6487 48.479 0.396452
      vertex -40.7039 48.49 0.532286
      vertex -40.6111 48.6031 0.396452
    endloop
  endfacet
  facet normal -0.920037 0.0905773 -0.381218
    outer loop
      vertex -40.6614 48.35 0.396452
      vertex -40.7039 48.49 0.532286
      vertex -40.6487 48.479 0.396452
    endloop
  endfacet
  facet normal -0.881937 0.471368 0
    outer loop
      vertex -40.6896 48.6356 0.676487
      vertex -40.6206 48.7647 9.1375
      vertex -40.6206 48.7647 0.676487
    endloop
  endfacet
  facet normal -0.881937 0.471368 0
    outer loop
      vertex -40.6206 48.7647 9.1375
      vertex -40.6896 48.6356 0.676487
      vertex -40.6896 48.6356 9.1375
    endloop
  endfacet
  facet normal -0.86519 0.462417 -0.193951
    outer loop
      vertex -40.6631 48.6247 0.532286
      vertex -40.6896 48.6356 0.676487
      vertex -40.6206 48.7647 0.676487
    endloop
  endfacet
  facet normal -0.864695 0.46303 -0.194691
    outer loop
      vertex -40.5967 48.7487 0.532286
      vertex -40.6631 48.6247 0.532286
      vertex -40.6206 48.7647 0.676487
    endloop
  endfacet
  facet normal 0.435872 -0.815205 -0.381388
    outer loop
      vertex 40.2747 -49.0131 0.532286
      vertex 40.2531 -48.9611 0.396452
      vertex 40.3987 -48.9468 0.532286
    endloop
  endfacet
  facet normal 1 -0 0
    outer loop
      vertex 40.7464 -48.35 9.1375
      vertex 40.7464 -25.05 0.676487
      vertex 40.7464 -25.05 9.1375
    endloop
  endfacet
  facet normal 1 0 0
    outer loop
      vertex 40.7464 -25.05 0.676487
      vertex 40.7464 -48.35 9.1375
      vertex 40.7464 -48.35 0.676487
    endloop
  endfacet
  facet normal 1 -0 0
    outer loop
      vertex 40.7464 24.05 9.1375
      vertex 40.7464 48.35 0.676487
      vertex 40.7464 48.35 9.1375
    endloop
  endfacet
  facet normal 1 0 0
    outer loop
      vertex 40.7464 48.35 0.676487
      vertex 40.7464 24.05 9.1375
      vertex 40.7464 24.05 0.676487
    endloop
  endfacet
  facet normal 1 -0 0
    outer loop
      vertex 40.7464 -15.95 9.1375
      vertex 40.7464 14.95 0.676487
      vertex 40.7464 14.95 9.1375
    endloop
  endfacet
  facet normal 1 0 0
    outer loop
      vertex 40.7464 14.95 0.676487
      vertex 40.7464 -15.95 9.1375
      vertex 40.7464 -15.95 0.676487
    endloop
  endfacet
  facet normal 0.976212 -0.0962266 -0.194293
    outer loop
      vertex 40.7464 -48.35 0.676487
      vertex 40.7039 -48.49 0.532286
      vertex 40.7177 -48.35 0.532286
    endloop
  endfacet
  facet normal 0.815721 0.435669 -0.380516
    outer loop
      vertex 40.6111 48.6031 0.396452
      vertex 40.55 48.7175 0.396452
      vertex 40.5967 48.7487 0.532286
    endloop
  endfacet
  facet normal 0.796811 0.24168 -0.553789
    outer loop
      vertex 40.5686 48.4631 0.274204
      vertex 40.5356 48.5719 0.274204
      vertex 40.6111 48.6031 0.396452
    endloop
  endfacet
  facet normal 0.73454 0.392195 -0.553745
    outer loop
      vertex 40.5356 48.5719 0.274204
      vertex 40.4821 48.6721 0.274204
      vertex 40.6111 48.6031 0.396452
    endloop
  endfacet
  facet normal 0.920037 0.0905773 -0.381218
    outer loop
      vertex 40.6614 48.35 0.396452
      vertex 40.6487 48.479 0.396452
      vertex 40.7039 48.49 0.532286
    endloop
  endfacet
  facet normal 0.392308 0.734533 -0.553674
    outer loop
      vertex 40.3221 48.8321 0.274204
      vertex 40.2531 48.9611 0.396452
      vertex 40.3675 48.9 0.396452
    endloop
  endfacet
  facet normal 0.471368 0.881937 -0
    outer loop
      vertex 40.4147 48.9706 0.676487
      vertex 40.2856 49.0396 9.1375
      vertex 40.4147 48.9706 9.1375
    endloop
  endfacet
  facet normal 0.471368 0.881937 0
    outer loop
      vertex 40.2856 49.0396 9.1375
      vertex 40.4147 48.9706 0.676487
      vertex 40.2856 49.0396 0.676487
    endloop
  endfacet
  facet normal 0.938871 -0.28438 -0.194034
    outer loop
      vertex 40.6896 -48.6356 0.676487
      vertex 40.6631 -48.6247 0.532286
      vertex 40.7039 -48.49 0.532286
    endloop
  endfacet
  facet normal -0.204417 0.678489 -0.705596
    outer loop
      vertex -40.1298 48.8364 0.2
      vertex -40.1131 48.9186 0.274204
      vertex -40.0986 48.8458 0.2
    endloop
  endfacet
  facet normal -0.205779 0.678446 -0.705242
    outer loop
      vertex -40.1131 48.9186 0.274204
      vertex -40.1298 48.8364 0.2
      vertex -40.2219 48.8856 0.274204
    endloop
  endfacet
  facet normal 0.268064 0.884753 -0.381253
    outer loop
      vertex 40.2531 48.9611 0.396452
      vertex 40.129 48.9987 0.396452
      vertex 40.14 49.0539 0.532286
    endloop
  endfacet
  facet normal 0.289856 0.95707 -0
    outer loop
      vertex 40.2856 49.0396 0.676487
      vertex 40.1456 49.082 9.1375
      vertex 40.2856 49.0396 9.1375
    endloop
  endfacet
  facet normal 0.289856 0.95707 0
    outer loop
      vertex 40.1456 49.082 9.1375
      vertex 40.2856 49.0396 0.676487
      vertex 40.1456 49.082 0.676487
    endloop
  endfacet
  facet normal -0.267987 0.88475 -0.381315
    outer loop
      vertex -40.2531 48.9611 0.396452
      vertex -40.2747 49.0131 0.532286
      vertex -40.14 49.0539 0.532286
    endloop
  endfacet
  facet normal -0.28438 0.938871 -0.194034
    outer loop
      vertex -40.2747 49.0131 0.532286
      vertex -40.2856 49.0396 0.676487
      vertex -40.14 49.0539 0.532286
    endloop
  endfacet
  facet normal -0.0815905 0.828754 -0.553633
    outer loop
      vertex -40.1131 48.9186 0.274204
      vertex -40.129 48.9987 0.396452
      vertex -40 49.0114 0.396452
    endloop
  endfacet
  facet normal -0.0905773 0.920037 -0.381218
    outer loop
      vertex -40.129 48.9987 0.396452
      vertex -40.14 49.0539 0.532286
      vertex -40 49.0114 0.396452
    endloop
  endfacet
  facet normal -0.586844 0.714481 -0.38096
    outer loop
      vertex -40.3675 48.9 0.396452
      vertex -40.4677 48.8177 0.396452
      vertex -40.3987 48.9468 0.532286
    endloop
  endfacet
  facet normal -0.528532 0.643487 -0.553695
    outer loop
      vertex -40.3221 48.8321 0.274204
      vertex -40.4677 48.8177 0.396452
      vertex -40.3675 48.9 0.396452
    endloop
  endfacet
  facet normal -0.831732 0 -0.555177
    outer loop
      vertex -40.5798 -48.35 0.274204
      vertex -40.6614 -25.05 0.396452
      vertex -40.5798 -25.05 0.274204
    endloop
  endfacet
  facet normal -0.831732 -0 -0.555177
    outer loop
      vertex -40.6614 -25.05 0.396452
      vertex -40.5798 -48.35 0.274204
      vertex -40.6614 -48.35 0.396452
    endloop
  endfacet
  facet normal -0.831732 0 -0.555177
    outer loop
      vertex -40.5798 24.05 0.274204
      vertex -40.6614 48.35 0.396452
      vertex -40.5798 48.35 0.274204
    endloop
  endfacet
  facet normal -0.831732 -0 -0.555177
    outer loop
      vertex -40.6614 48.35 0.396452
      vertex -40.5798 24.05 0.274204
      vertex -40.6614 24.05 0.396452
    endloop
  endfacet
  facet normal -0.831732 0 -0.555177
    outer loop
      vertex -40.5798 -15.95 0.274204
      vertex -40.6614 14.95 0.396452
      vertex -40.5798 14.95 0.274204
    endloop
  endfacet
  facet normal -0.831732 -0 -0.555177
    outer loop
      vertex -40.6614 14.95 0.396452
      vertex -40.5798 -15.95 0.274204
      vertex -40.6614 -15.95 0.396452
    endloop
  endfacet
  facet normal -0.624825 0.335272 -0.705114
    outer loop
      vertex -40.5356 48.5719 0.274204
      vertex -40.4517 48.5722 0.2
      vertex -40.4671 48.5435 0.2
    endloop
  endfacet
  facet normal -0.625169 0.333798 -0.705509
    outer loop
      vertex -40.4517 48.5722 0.2
      vertex -40.5356 48.5719 0.274204
      vertex -40.4821 48.6721 0.274204
    endloop
  endfacet
  facet normal -0.938871 -0.28438 -0.194034
    outer loop
      vertex -40.6896 -48.6356 0.676487
      vertex -40.7039 -48.49 0.532286
      vertex -40.6631 -48.6247 0.532286
    endloop
  endfacet
  facet normal 0 -0.980764 -0.195199
    outer loop
      vertex -40 -49.0677 0.532286
      vertex 40 -49.0964 0.676487
      vertex -40 -49.0964 0.676487
    endloop
  endfacet
  facet normal 0 -0.980764 -0.195199
    outer loop
      vertex 40 -49.0964 0.676487
      vertex -40 -49.0677 0.532286
      vertex 40 -49.0677 0.532286
    endloop
  endfacet
  facet normal -0.586592 -0.714683 -0.380971
    outer loop
      vertex -40.3987 -48.9468 0.532286
      vertex -40.5075 -48.8575 0.532286
      vertex -40.3675 -48.9 0.396452
    endloop
  endfacet
  facet normal 0.382763 0 -0.923847
    outer loop
      vertex 40.2177 -15.95 0.0322945
      vertex 40.3535 14.95 0.0885584
      vertex 40.3535 -15.95 0.0885584
    endloop
  endfacet
  facet normal 0.382763 0 -0.923847
    outer loop
      vertex 40.3535 14.95 0.0885584
      vertex 40.2177 -15.95 0.0322945
      vertex 40.2177 14.95 0.0322945
    endloop
  endfacet
  facet normal 0.382763 0 -0.923847
    outer loop
      vertex 40.2177 -25.05 0.0322945
      vertex 40.3535 -36.1657 0.0885584
      vertex 40.2177 -36.2383 0.0322945
    endloop
  endfacet
  facet normal 0.382763 0 -0.923847
    outer loop
      vertex 40.3535 -36.1657 0.0885584
      vertex 40.2177 -25.05 0.0322945
      vertex 40.3535 -25.05 0.0885584
    endloop
  endfacet
  facet normal 0.382763 0 -0.923847
    outer loop
      vertex 40.2177 24.05 0.0322945
      vertex 40.3535 44.1657 0.0885584
      vertex 40.3535 24.05 0.0885584
    endloop
  endfacet
  facet normal 0.382763 0 -0.923847
    outer loop
      vertex 40.3535 44.1657 0.0885584
      vertex 40.2177 24.05 0.0322945
      vertex 40.2177 44.2383 0.0322945
    endloop
  endfacet
  facet normal 0.547398 -0.450485 -0.705279
    outer loop
      vertex 40.4821 -48.6721 0.274204
      vertex 40.3781 -48.6823 0.2
      vertex 40.4204 -48.6309 0.2
    endloop
  endfacet
  facet normal -0.382763 -0 -0.923847
    outer loop
      vertex -40.3535 -25.05 0.0885584
      vertex -40.2177 -35.7523 0.0322945
      vertex -40.3535 -35.7935 0.0885584
    endloop
  endfacet
  facet normal -0.382763 0 -0.923847
    outer loop
      vertex -40.2177 -35.7523 0.0322945
      vertex -40.3535 -25.05 0.0885584
      vertex -40.2177 -25.05 0.0322945
    endloop
  endfacet
  facet normal -0.382763 0 -0.923847
    outer loop
      vertex -40.3535 -15.95 0.0885584
      vertex -40.2177 14.95 0.0322945
      vertex -40.2177 -15.95 0.0322945
    endloop
  endfacet
  facet normal -0.382763 0 -0.923847
    outer loop
      vertex -40.2177 14.95 0.0322945
      vertex -40.3535 -15.95 0.0885584
      vertex -40.3535 14.95 0.0885584
    endloop
  endfacet
  facet normal -0.382763 0 -0.923847
    outer loop
      vertex -40.3535 24.05 0.0885584
      vertex -40.2177 43.7523 0.0322945
      vertex -40.2177 24.05 0.0322945
    endloop
  endfacet
  facet normal -0.382763 0 -0.923847
    outer loop
      vertex -40.2177 43.7523 0.0322945
      vertex -40.3535 24.05 0.0885584
      vertex -40.3535 43.7935 0.0885584
    endloop
  endfacet
  facet normal 0 0.382763 -0.923847
    outer loop
      vertex 35.8883 48.5677 0.0322945
      vertex -27.8157 48.7035 0.0885584
      vertex 35.8157 48.7035 0.0885584
    endloop
  endfacet
  facet normal 0 0.382763 -0.923847
    outer loop
      vertex -27.8157 48.7035 0.0885584
      vertex 35.8883 48.5677 0.0322945
      vertex -27.8883 48.5677 0.0322945
    endloop
  endfacet
  facet normal -0.471368 -0.881937 0
    outer loop
      vertex -40.4147 -48.9706 0.676487
      vertex -40.2856 -49.0396 9.1375
      vertex -40.4147 -48.9706 9.1375
    endloop
  endfacet
  facet normal -0.471368 -0.881937 -0
    outer loop
      vertex -40.2856 -49.0396 9.1375
      vertex -40.4147 -48.9706 0.676487
      vertex -40.2856 -49.0396 0.676487
    endloop
  endfacet
  facet normal -0.392195 -0.73454 -0.553745
    outer loop
      vertex -40.2531 -48.9611 0.396452
      vertex -40.3221 -48.8321 0.274204
      vertex -40.2219 -48.8856 0.274204
    endloop
  endfacet
  facet normal -0.705159 -0.0703029 -0.705555
    outer loop
      vertex -40.4958 -48.4486 0.2
      vertex -40.5686 -48.4631 0.274204
      vertex -40.5024 -48.3824 0.2
    endloop
  endfacet
  facet normal -0.95707 0.289856 0
    outer loop
      vertex -40.732 48.4956 0.676487
      vertex -40.6896 48.6356 9.1375
      vertex -40.6896 48.6356 0.676487
    endloop
  endfacet
  facet normal -0.95707 0.289856 0
    outer loop
      vertex -40.6896 48.6356 9.1375
      vertex -40.732 48.4956 0.676487
      vertex -40.732 48.4956 9.1375
    endloop
  endfacet
  facet normal -0.995145 0.0984209 0
    outer loop
      vertex -40.7464 48.35 0.676487
      vertex -40.732 48.4956 9.1375
      vertex -40.732 48.4956 0.676487
    endloop
  endfacet
  facet normal -0.995145 0.0984209 0
    outer loop
      vertex -40.732 48.4956 9.1375
      vertex -40.7464 48.35 0.676487
      vertex -40.7464 48.35 9.1375
    endloop
  endfacet
  facet normal -0.634317 0.773073 0
    outer loop
      vertex -40.4147 48.9706 0.676487
      vertex -40.5278 48.8778 9.1375
      vertex -40.4147 48.9706 9.1375
    endloop
  endfacet
  facet normal -0.634317 0.773073 0
    outer loop
      vertex -40.5278 48.8778 9.1375
      vertex -40.4147 48.9706 0.676487
      vertex -40.5278 48.8778 0.676487
    endloop
  endfacet
  facet normal -0.471368 0.881937 0
    outer loop
      vertex -40.2856 49.0396 0.676487
      vertex -40.4147 48.9706 9.1375
      vertex -40.2856 49.0396 9.1375
    endloop
  endfacet
  facet normal -0.471368 0.881937 0
    outer loop
      vertex -40.4147 48.9706 9.1375
      vertex -40.2856 49.0396 0.676487
      vertex -40.4147 48.9706 0.676487
    endloop
  endfacet
  facet normal 0.586769 -0.71439 -0.381246
    outer loop
      vertex 40.5075 -48.8575 0.532286
      vertex 40.3675 -48.9 0.396452
      vertex 40.4677 -48.8177 0.396452
    endloop
  endfacet
  facet normal 0.814939 -0.436387 -0.381368
    outer loop
      vertex 40.6631 -48.6247 0.532286
      vertex 40.5967 -48.7487 0.532286
      vertex 40.6111 -48.6031 0.396452
    endloop
  endfacet
  facet normal 0.884753 -0.268064 -0.381253
    outer loop
      vertex 40.7039 -48.49 0.532286
      vertex 40.6111 -48.6031 0.396452
      vertex 40.6487 -48.479 0.396452
    endloop
  endfacet
  facet normal 0.758521 -0.621876 -0.194719
    outer loop
      vertex 40.6206 -48.7647 0.676487
      vertex 40.5075 -48.8575 0.532286
      vertex 40.5967 -48.7487 0.532286
    endloop
  endfacet
  facet normal 0.705159 0.0703029 -0.705555
    outer loop
      vertex 40.5024 48.3824 0.2
      vertex 40.4958 48.4486 0.2
      vertex 40.5686 48.4631 0.274204
    endloop
  endfacet
  facet normal 0.705439 0.0698578 -0.70532
    outer loop
      vertex 40.5798 48.35 0.274204
      vertex 40.5024 48.3824 0.2
      vertex 40.5686 48.4631 0.274204
    endloop
  endfacet
  facet normal 0.705408 0.0696699 -0.70537
    outer loop
      vertex 40.5024 48.3824 0.2
      vertex 40.5798 48.35 0.274204
      vertex 40.5056 48.35 0.2
    endloop
  endfacet
  facet normal 0.67826 0.205722 -0.705437
    outer loop
      vertex 40.4765 48.5123 0.2
      vertex 40.5356 48.5719 0.274204
      vertex 40.5686 48.4631 0.274204
    endloop
  endfacet
  facet normal 0.678981 0.204565 -0.705081
    outer loop
      vertex 40.5356 48.5719 0.274204
      vertex 40.4765 48.5123 0.2
      vertex 40.4671 48.5435 0.2
    endloop
  endfacet
  facet normal 0.0820863 0.828925 -0.553304
    outer loop
      vertex 40.1131 48.9186 0.274204
      vertex 40 48.9298 0.274204
      vertex 40 49.0114 0.396452
    endloop
  endfacet
  facet normal 0.462558 0.865115 -0.193948
    outer loop
      vertex 40.3987 48.9468 0.532286
      vertex 40.2747 49.0131 0.532286
      vertex 40.2856 49.0396 0.676487
    endloop
  endfacet
  facet normal 0.634317 0.773073 -0
    outer loop
      vertex 40.5278 48.8778 0.676487
      vertex 40.4147 48.9706 9.1375
      vertex 40.5278 48.8778 9.1375
    endloop
  endfacet
  facet normal 0.634317 0.773073 0
    outer loop
      vertex 40.4147 48.9706 9.1375
      vertex 40.5278 48.8778 0.676487
      vertex 40.4147 48.9706 0.676487
    endloop
  endfacet
  facet normal 0.586523 0.714599 -0.381235
    outer loop
      vertex 40.4677 48.8177 0.396452
      vertex 40.3987 48.9468 0.532286
      vertex 40.5075 48.8575 0.532286
    endloop
  endfacet
  facet normal 0.462404 0.865164 -0.1941
    outer loop
      vertex 40.3987 48.9468 0.532286
      vertex 40.2856 49.0396 0.676487
      vertex 40.4147 48.9706 0.676487
    endloop
  endfacet
  facet normal 0.28438 0.938871 -0.194034
    outer loop
      vertex 40.2747 49.0131 0.532286
      vertex 40.14 49.0539 0.532286
      vertex 40.2856 49.0396 0.676487
    endloop
  endfacet
  facet normal 0.995145 -0.0984209 0
    outer loop
      vertex 40.732 -48.4956 9.1375
      vertex 40.7464 -48.35 0.676487
      vertex 40.7464 -48.35 9.1375
    endloop
  endfacet
  facet normal 0.995145 -0.0984209 0
    outer loop
      vertex 40.7464 -48.35 0.676487
      vertex 40.732 -48.4956 9.1375
      vertex 40.732 -48.4956 0.676487
    endloop
  endfacet
  facet normal 0.828754 -0.0815905 -0.553633
    outer loop
      vertex 40.6487 -48.479 0.396452
      vertex 40.5686 -48.4631 0.274204
      vertex 40.6614 -48.35 0.396452
    endloop
  endfacet
  facet normal -0.333543 0.625527 -0.705312
    outer loop
      vertex -40.2809 48.7704 0.2
      vertex -40.3221 48.8321 0.274204
      vertex -40.2222 48.8017 0.2
    endloop
  endfacet
  facet normal 0 0.706608 -0.707605
    outer loop
      vertex 35.7503 48.8258 0.170242
      vertex -27.7344 48.8556 0.2
      vertex 35.7344 48.8556 0.2
    endloop
  endfacet
  facet normal 0 0.706608 -0.707605
    outer loop
      vertex -27.7344 48.8556 0.2
      vertex 35.7503 48.8258 0.170242
      vertex -27.7503 48.8258 0.170242
    endloop
  endfacet
  facet normal 0 0.707126 -0.707088
    outer loop
      vertex 35.7344 48.8556 0.2
      vertex 40 48.9298 0.274204
      vertex 40 48.8556 0.2
    endloop
  endfacet
  facet normal 0 0.707126 -0.707088
    outer loop
      vertex -27.7344 48.8556 0.2
      vertex 40 48.9298 0.274204
      vertex 35.7344 48.8556 0.2
    endloop
  endfacet
  facet normal 0 0.707126 -0.707088
    outer loop
      vertex 40 48.9298 0.274204
      vertex -27.7344 48.8556 0.2
      vertex -40 48.9298 0.274204
    endloop
  endfacet
  facet normal 0 0.707126 -0.707088
    outer loop
      vertex -40 48.9298 0.274204
      vertex -27.7344 48.8556 0.2
      vertex -40 48.8556 0.2
    endloop
  endfacet
  facet normal 0.241474 0.796993 -0.553617
    outer loop
      vertex 40.2531 48.9611 0.396452
      vertex 40.1131 48.9186 0.274204
      vertex 40.129 48.9987 0.396452
    endloop
  endfacet
  facet normal 0.0905773 0.920037 -0.381218
    outer loop
      vertex 40.129 48.9987 0.396452
      vertex 40 49.0114 0.396452
      vertex 40.14 49.0539 0.532286
    endloop
  endfacet
  facet normal 0.0906845 0.919987 -0.381313
    outer loop
      vertex 40.14 49.0539 0.532286
      vertex 40 49.0114 0.396452
      vertex 40 49.0677 0.532286
    endloop
  endfacet
  facet normal -0.205607 0.678608 -0.705136
    outer loop
      vertex -40.1935 48.8171 0.2
      vertex -40.2219 48.8856 0.274204
      vertex -40.1298 48.8364 0.2
    endloop
  endfacet
  facet normal -0.0820863 0.828925 -0.553304
    outer loop
      vertex -40 48.9298 0.274204
      vertex -40.1131 48.9186 0.274204
      vertex -40 49.0114 0.396452
    endloop
  endfacet
  facet normal -0.392195 0.73454 -0.553745
    outer loop
      vertex -40.2219 48.8856 0.274204
      vertex -40.3221 48.8321 0.274204
      vertex -40.2531 48.9611 0.396452
    endloop
  endfacet
  facet normal -0.448759 0.548967 -0.70516
    outer loop
      vertex -40.41 48.7599 0.274204
      vertex -40.3323 48.7281 0.2
      vertex -40.3575 48.7075 0.2
    endloop
  endfacet
  facet normal -0.449763 0.547565 -0.705611
    outer loop
      vertex -40.3323 48.7281 0.2
      vertex -40.41 48.7599 0.274204
      vertex -40.3221 48.8321 0.274204
    endloop
  endfacet
  facet normal -0.828925 0.0820863 -0.553304
    outer loop
      vertex -40.5798 48.35 0.274204
      vertex -40.6614 48.35 0.396452
      vertex -40.5686 48.4631 0.274204
    endloop
  endfacet
  facet normal -0.586523 0.714599 -0.381235
    outer loop
      vertex -40.4677 48.8177 0.396452
      vertex -40.5075 48.8575 0.532286
      vertex -40.3987 48.9468 0.532286
    endloop
  endfacet
  facet normal -0.923794 0 -0.382891
    outer loop
      vertex -40.6614 -48.35 0.396452
      vertex -40.7177 -25.05 0.532286
      vertex -40.6614 -25.05 0.396452
    endloop
  endfacet
  facet normal -0.923794 -0 -0.382891
    outer loop
      vertex -40.7177 -25.05 0.532286
      vertex -40.6614 -48.35 0.396452
      vertex -40.7177 -48.35 0.532286
    endloop
  endfacet
  facet normal -0.923794 0 -0.382891
    outer loop
      vertex -40.6614 24.05 0.396452
      vertex -40.7177 48.35 0.532286
      vertex -40.6614 48.35 0.396452
    endloop
  endfacet
  facet normal -0.923794 -0 -0.382891
    outer loop
      vertex -40.7177 48.35 0.532286
      vertex -40.6614 24.05 0.396452
      vertex -40.7177 24.05 0.532286
    endloop
  endfacet
  facet normal -0.923794 0 -0.382891
    outer loop
      vertex -40.6614 -15.95 0.396452
      vertex -40.7177 14.95 0.532286
      vertex -40.6614 14.95 0.396452
    endloop
  endfacet
  facet normal -0.923794 -0 -0.382891
    outer loop
      vertex -40.7177 14.95 0.532286
      vertex -40.6614 -15.95 0.396452
      vertex -40.7177 -15.95 0.532286
    endloop
  endfacet
  facet normal -0.528528 -0.643482 -0.553705
    outer loop
      vertex -40.3675 -48.9 0.396452
      vertex -40.4677 -48.8177 0.396452
      vertex -40.41 -48.7599 0.274204
    endloop
  endfacet
  facet normal -0.528545 -0.643477 -0.553694
    outer loop
      vertex -40.3675 -48.9 0.396452
      vertex -40.41 -48.7599 0.274204
      vertex -40.3221 -48.8321 0.274204
    endloop
  endfacet
  facet normal -0.205722 -0.67826 -0.705437
    outer loop
      vertex -40.2219 -48.8856 0.274204
      vertex -40.1623 -48.8265 0.2
      vertex -40.1131 -48.9186 0.274204
    endloop
  endfacet
  facet normal -0.204565 -0.678981 -0.705081
    outer loop
      vertex -40.1623 -48.8265 0.2
      vertex -40.2219 -48.8856 0.274204
      vertex -40.1935 -48.8171 0.2
    endloop
  endfacet
  facet normal 0.643515 -0.528556 -0.55364
    outer loop
      vertex 40.4677 -48.8177 0.396452
      vertex 40.41 -48.7599 0.274204
      vertex 40.55 -48.7175 0.396452
    endloop
  endfacet
  facet normal 0.625527 -0.333543 -0.705312
    outer loop
      vertex 40.4821 -48.6721 0.274204
      vertex 40.4204 -48.6309 0.2
      vertex 40.4517 -48.5722 0.2
    endloop
  endfacet
  facet normal 0.528528 -0.643482 -0.553705
    outer loop
      vertex 40.4677 -48.8177 0.396452
      vertex 40.3675 -48.9 0.396452
      vertex 40.41 -48.7599 0.274204
    endloop
  endfacet
  facet normal -0.435872 -0.815205 -0.381388
    outer loop
      vertex -40.2747 -49.0131 0.532286
      vertex -40.3987 -48.9468 0.532286
      vertex -40.2531 -48.9611 0.396452
    endloop
  endfacet
  facet normal -0.995145 -0.0984209 0
    outer loop
      vertex -40.732 -48.4956 0.676487
      vertex -40.7464 -48.35 9.1375
      vertex -40.7464 -48.35 0.676487
    endloop
  endfacet
  facet normal -0.995145 -0.0984209 0
    outer loop
      vertex -40.7464 -48.35 9.1375
      vertex -40.732 -48.4956 0.676487
      vertex -40.732 -48.4956 9.1375
    endloop
  endfacet
  facet normal -0.86519 -0.462417 -0.193951
    outer loop
      vertex -40.6206 -48.7647 0.676487
      vertex -40.6896 -48.6356 0.676487
      vertex -40.6631 -48.6247 0.532286
    endloop
  endfacet
  facet normal -0.920037 -0.0905773 -0.381218
    outer loop
      vertex -40.6487 -48.479 0.396452
      vertex -40.7039 -48.49 0.532286
      vertex -40.6614 -48.35 0.396452
    endloop
  endfacet
  facet normal -0.976212 -0.0962266 -0.194293
    outer loop
      vertex -40.7039 -48.49 0.532286
      vertex -40.7464 -48.35 0.676487
      vertex -40.7177 -48.35 0.532286
    endloop
  endfacet
  facet normal -0.980764 0 -0.195199
    outer loop
      vertex -40.7177 -48.35 0.532286
      vertex -40.7464 -25.05 0.676487
      vertex -40.7177 -25.05 0.532286
    endloop
  endfacet
  facet normal -0.980764 -0 -0.195199
    outer loop
      vertex -40.7464 -25.05 0.676487
      vertex -40.7177 -48.35 0.532286
      vertex -40.7464 -48.35 0.676487
    endloop
  endfacet
  facet normal -0.980764 0 -0.195199
    outer loop
      vertex -40.7177 24.05 0.532286
      vertex -40.7464 48.35 0.676487
      vertex -40.7177 48.35 0.532286
    endloop
  endfacet
  facet normal -0.980764 -0 -0.195199
    outer loop
      vertex -40.7464 48.35 0.676487
      vertex -40.7177 24.05 0.532286
      vertex -40.7464 24.05 0.676487
    endloop
  endfacet
  facet normal -0.980764 0 -0.195199
    outer loop
      vertex -40.7177 -15.95 0.532286
      vertex -40.7464 14.95 0.676487
      vertex -40.7177 14.95 0.532286
    endloop
  endfacet
  facet normal -0.980764 -0 -0.195199
    outer loop
      vertex -40.7464 14.95 0.676487
      vertex -40.7177 -15.95 0.532286
      vertex -40.7464 -15.95 0.676487
    endloop
  endfacet
  facet normal -0.88475 -0.267987 -0.381315
    outer loop
      vertex -40.6631 -48.6247 0.532286
      vertex -40.7039 -48.49 0.532286
      vertex -40.6111 -48.6031 0.396452
    endloop
  endfacet
  facet normal -0.705408 -0.0696699 -0.70537
    outer loop
      vertex -40.5024 -48.3824 0.2
      vertex -40.5798 -48.35 0.274204
      vertex -40.5056 -48.35 0.2
    endloop
  endfacet
  facet normal -0.705439 -0.0698578 -0.70532
    outer loop
      vertex -40.5798 -48.35 0.274204
      vertex -40.5024 -48.3824 0.2
      vertex -40.5686 -48.4631 0.274204
    endloop
  endfacet
  facet normal -0.706978 0 -0.707236
    outer loop
      vertex -40.4758 -35.8306 0.170242
      vertex -40.5798 -25.05 0.274204
      vertex -40.4758 -25.05 0.170242
    endloop
  endfacet
  facet normal -0.706609 7.10596e-06 -0.707604
    outer loop
      vertex -40.5056 -35.8396 0.2
      vertex -40.5798 -25.05 0.274204
      vertex -40.4758 -35.8306 0.170242
    endloop
  endfacet
  facet normal -0.707126 0 -0.707088
    outer loop
      vertex -40.5798 -48.35 0.274204
      vertex -40.5056 -35.8396 0.2
      vertex -40.5056 -48.35 0.2
    endloop
  endfacet
  facet normal -0.707126 0 -0.707088
    outer loop
      vertex -40.5056 -35.8396 0.2
      vertex -40.5798 -48.35 0.274204
      vertex -40.5798 -25.05 0.274204
    endloop
  endfacet
  facet normal -0.707126 0 -0.707088
    outer loop
      vertex -40.5056 43.8396 0.2
      vertex -40.5798 48.35 0.274204
      vertex -40.5056 48.35 0.2
    endloop
  endfacet
  facet normal -0.706978 0 -0.707236
    outer loop
      vertex -40.5798 24.05 0.274204
      vertex -40.4758 43.8306 0.170242
      vertex -40.4758 24.05 0.170242
    endloop
  endfacet
  facet normal -0.706609 -3.87794e-06 -0.707605
    outer loop
      vertex -40.4758 43.8306 0.170242
      vertex -40.5798 24.05 0.274204
      vertex -40.5056 43.8396 0.2
    endloop
  endfacet
  facet normal -0.707126 0 -0.707088
    outer loop
      vertex -40.5056 43.8396 0.2
      vertex -40.5798 24.05 0.274204
      vertex -40.5798 48.35 0.274204
    endloop
  endfacet
  facet normal -0.706978 0 -0.707236
    outer loop
      vertex -40.4758 -15.95 0.170242
      vertex -40.5798 14.95 0.274204
      vertex -40.4758 14.95 0.170242
    endloop
  endfacet
  facet normal -0.706978 -0 -0.707236
    outer loop
      vertex -40.5798 14.95 0.274204
      vertex -40.4758 -15.95 0.170242
      vertex -40.5798 -15.95 0.274204
    endloop
  endfacet
  facet normal -0.0984209 0.995145 0
    outer loop
      vertex -40 49.0964 0.676487
      vertex -40.1456 49.082 9.1375
      vertex -40 49.0964 9.1375
    endloop
  endfacet
  facet normal -0.0984209 0.995145 0
    outer loop
      vertex -40.1456 49.082 9.1375
      vertex -40 49.0964 0.676487
      vertex -40.1456 49.082 0.676487
    endloop
  endfacet
  facet normal -0.289856 0.95707 0
    outer loop
      vertex -40.1456 49.082 0.676487
      vertex -40.2856 49.0396 9.1375
      vertex -40.1456 49.082 9.1375
    endloop
  endfacet
  facet normal -0.289856 0.95707 0
    outer loop
      vertex -40.2856 49.0396 9.1375
      vertex -40.1456 49.082 0.676487
      vertex -40.2856 49.0396 0.676487
    endloop
  endfacet
  facet normal 0.586592 -0.714683 -0.380971
    outer loop
      vertex 40.3987 -48.9468 0.532286
      vertex 40.3675 -48.9 0.396452
      vertex 40.5075 -48.8575 0.532286
    endloop
  endfacet
  facet normal 0.773073 -0.634317 0
    outer loop
      vertex 40.5278 -48.8778 9.1375
      vertex 40.6206 -48.7647 0.676487
      vertex 40.6206 -48.7647 9.1375
    endloop
  endfacet
  facet normal 0.773073 -0.634317 0
    outer loop
      vertex 40.6206 -48.7647 0.676487
      vertex 40.5278 -48.8778 9.1375
      vertex 40.5278 -48.8778 0.676487
    endloop
  endfacet
  facet normal 0.625169 -0.333798 -0.705509
    outer loop
      vertex 40.4517 -48.5722 0.2
      vertex 40.5356 -48.5719 0.274204
      vertex 40.4821 -48.6721 0.274204
    endloop
  endfacet
  facet normal 0.624825 -0.335272 -0.705114
    outer loop
      vertex 40.5356 -48.5719 0.274204
      vertex 40.4517 -48.5722 0.2
      vertex 40.4671 -48.5435 0.2
    endloop
  endfacet
  facet normal 0.976241 -0.0965513 -0.193987
    outer loop
      vertex 40.732 -48.4956 0.676487
      vertex 40.7039 -48.49 0.532286
      vertex 40.7464 -48.35 0.676487
    endloop
  endfacet
  facet normal 0.88475 -0.267987 -0.381315
    outer loop
      vertex 40.6631 -48.6247 0.532286
      vertex 40.6111 -48.6031 0.396452
      vertex 40.7039 -48.49 0.532286
    endloop
  endfacet
  facet normal 0.52854 0.643472 -0.553706
    outer loop
      vertex 40.41 48.7599 0.274204
      vertex 40.3221 48.8321 0.274204
      vertex 40.4677 48.8177 0.396452
    endloop
  endfacet
  facet normal 0.546959 0.451077 -0.705241
    outer loop
      vertex 40.3997 48.656 0.2
      vertex 40.4821 48.6721 0.274204
      vertex 40.4204 48.6309 0.2
    endloop
  endfacet
  facet normal 0.547594 0.449676 -0.705643
    outer loop
      vertex 40.4821 48.6721 0.274204
      vertex 40.3997 48.656 0.2
      vertex 40.41 48.7599 0.274204
    endloop
  endfacet
  facet normal 0.938887 0.284349 -0.194001
    outer loop
      vertex 40.7039 48.49 0.532286
      vertex 40.6896 48.6356 0.676487
      vertex 40.732 48.4956 0.676487
    endloop
  endfacet
  facet normal 0.976241 0.0965513 -0.193987
    outer loop
      vertex 40.7464 48.35 0.676487
      vertex 40.7039 48.49 0.532286
      vertex 40.732 48.4956 0.676487
    endloop
  endfacet
  facet normal 0.715143 0.586312 -0.380539
    outer loop
      vertex 40.55 48.7175 0.396452
      vertex 40.5075 48.8575 0.532286
      vertex 40.5967 48.7487 0.532286
    endloop
  endfacet
  facet normal 0.678221 0.205489 -0.705543
    outer loop
      vertex 40.4958 48.4486 0.2
      vertex 40.4765 48.5123 0.2
      vertex 40.5686 48.4631 0.274204
    endloop
  endfacet
  facet normal 0.624825 0.335272 -0.705114
    outer loop
      vertex 40.4517 48.5722 0.2
      vertex 40.5356 48.5719 0.274204
      vertex 40.4671 48.5435 0.2
    endloop
  endfacet
  facet normal 0.625169 0.333798 -0.705509
    outer loop
      vertex 40.5356 48.5719 0.274204
      vertex 40.4517 48.5722 0.2
      vertex 40.4821 48.6721 0.274204
    endloop
  endfacet
  facet normal 0.195094 0 -0.980785
    outer loop
      vertex 40.0735 -15.95 0.0036108
      vertex 40.2177 14.95 0.0322945
      vertex 40.2177 -15.95 0.0322945
    endloop
  endfacet
  facet normal 0.195094 0 -0.980785
    outer loop
      vertex 40.2177 14.95 0.0322945
      vertex 40.0735 -15.95 0.0036108
      vertex 40.0735 14.95 0.0036108
    endloop
  endfacet
  facet normal 0.195094 0 -0.980785
    outer loop
      vertex 40.0735 -25.05 0.0036108
      vertex 40.2177 -36.2383 0.0322945
      vertex 40.0735 -36.3154 0.0036108
    endloop
  endfacet
  facet normal 0.195094 0 -0.980785
    outer loop
      vertex 40.2177 -36.2383 0.0322945
      vertex 40.0735 -25.05 0.0036108
      vertex 40.2177 -25.05 0.0322945
    endloop
  endfacet
  facet normal 0.195094 0 -0.980785
    outer loop
      vertex 40.0735 24.05 0.0036108
      vertex 40.2177 44.2383 0.0322945
      vertex 40.2177 24.05 0.0322945
    endloop
  endfacet
  facet normal 0.195094 0 -0.980785
    outer loop
      vertex 40.2177 44.2383 0.0322945
      vertex 40.0735 24.05 0.0036108
      vertex 40.0735 44.3154 0.0036108
    endloop
  endfacet
  facet normal 0.920037 -0.0905773 -0.381218
    outer loop
      vertex 40.7039 -48.49 0.532286
      vertex 40.6487 -48.479 0.396452
      vertex 40.6614 -48.35 0.396452
    endloop
  endfacet
  facet normal 0.71439 -0.586769 -0.381246
    outer loop
      vertex 40.5075 -48.8575 0.532286
      vertex 40.4677 -48.8177 0.396452
      vertex 40.55 -48.7175 0.396452
    endloop
  endfacet
  facet normal 0.715143 -0.586312 -0.380539
    outer loop
      vertex 40.5967 -48.7487 0.532286
      vertex 40.5075 -48.8575 0.532286
      vertex 40.55 -48.7175 0.396452
    endloop
  endfacet
  facet normal 0.71439 0.586769 -0.381246
    outer loop
      vertex 40.55 48.7175 0.396452
      vertex 40.4677 48.8177 0.396452
      vertex 40.5075 48.8575 0.532286
    endloop
  endfacet
  facet normal 0.622358 0.758259 -0.194203
    outer loop
      vertex 40.5075 48.8575 0.532286
      vertex 40.3987 48.9468 0.532286
      vertex 40.4147 48.9706 0.676487
    endloop
  endfacet
  facet normal 0.528532 0.643487 -0.553695
    outer loop
      vertex 40.4677 48.8177 0.396452
      vertex 40.3221 48.8321 0.274204
      vertex 40.3675 48.9 0.396452
    endloop
  endfacet
  facet normal 0.814939 0.436387 -0.381368
    outer loop
      vertex 40.6111 48.6031 0.396452
      vertex 40.5967 48.7487 0.532286
      vertex 40.6631 48.6247 0.532286
    endloop
  endfacet
  facet normal 0.0984209 -0.995145 0
    outer loop
      vertex 40 -49.0964 0.676487
      vertex 40.1456 -49.082 9.1375
      vertex 40 -49.0964 9.1375
    endloop
  endfacet
  facet normal 0.0984209 -0.995145 0
    outer loop
      vertex 40.1456 -49.082 9.1375
      vertex 40 -49.0964 0.676487
      vertex 40.1456 -49.082 0.676487
    endloop
  endfacet
  facet normal -0.643487 0.528532 -0.553695
    outer loop
      vertex -40.4821 48.6721 0.274204
      vertex -40.55 48.7175 0.396452
      vertex -40.4677 48.8177 0.396452
    endloop
  endfacet
  facet normal 0.450485 0.547398 -0.705279
    outer loop
      vertex 40.3323 48.7281 0.2
      vertex 40.2809 48.7704 0.2
      vertex 40.3221 48.8321 0.274204
    endloop
  endfacet
  facet normal 0.0698674 0.705224 -0.705533
    outer loop
      vertex 40.0663 48.849 0.2
      vertex 40.1131 48.9186 0.274204
      vertex 40.0986 48.8458 0.2
    endloop
  endfacet
  facet normal 0.0698376 0.705235 -0.705525
    outer loop
      vertex 40.1131 48.9186 0.274204
      vertex 40.0663 48.849 0.2
      vertex 40 48.9298 0.274204
    endloop
  endfacet
  facet normal 0.0815905 0.828754 -0.553633
    outer loop
      vertex 40.1131 48.9186 0.274204
      vertex 40 49.0114 0.396452
      vertex 40.129 48.9987 0.396452
    endloop
  endfacet
  facet normal -0.24168 0.796811 -0.553789
    outer loop
      vertex -40.2219 48.8856 0.274204
      vertex -40.2531 48.9611 0.396452
      vertex -40.1131 48.9186 0.274204
    endloop
  endfacet
  facet normal -0.241474 0.796993 -0.553617
    outer loop
      vertex -40.1131 48.9186 0.274204
      vertex -40.2531 48.9611 0.396452
      vertex -40.129 48.9987 0.396452
    endloop
  endfacet
  facet normal 0 0.555407 -0.831578
    outer loop
      vertex 35.8157 48.7035 0.0885584
      vertex -27.7503 48.8258 0.170242
      vertex 35.7503 48.8258 0.170242
    endloop
  endfacet
  facet normal 0 0.555407 -0.831578
    outer loop
      vertex -27.7503 48.8258 0.170242
      vertex 35.8157 48.7035 0.0885584
      vertex -27.8157 48.7035 0.0885584
    endloop
  endfacet
  facet normal -0.815721 0.435669 -0.380516
    outer loop
      vertex -40.55 48.7175 0.396452
      vertex -40.6111 48.6031 0.396452
      vertex -40.5967 48.7487 0.532286
    endloop
  endfacet
  facet normal -0.71439 0.586769 -0.381246
    outer loop
      vertex -40.4677 48.8177 0.396452
      vertex -40.55 48.7175 0.396452
      vertex -40.5075 48.8575 0.532286
    endloop
  endfacet
  facet normal -0.938871 0.28438 -0.194034
    outer loop
      vertex -40.6631 48.6247 0.532286
      vertex -40.7039 48.49 0.532286
      vertex -40.6896 48.6356 0.676487
    endloop
  endfacet
  facet normal -0.814939 0.436387 -0.381368
    outer loop
      vertex -40.6111 48.6031 0.396452
      vertex -40.6631 48.6247 0.532286
      vertex -40.5967 48.7487 0.532286
    endloop
  endfacet
  facet normal -0.715143 -0.586312 -0.380539
    outer loop
      vertex -40.5075 -48.8575 0.532286
      vertex -40.5967 -48.7487 0.532286
      vertex -40.55 -48.7175 0.396452
    endloop
  endfacet
  facet normal 0.28438 -0.938871 -0.194034
    outer loop
      vertex 40.2856 -49.0396 0.676487
      vertex 40.14 -49.0539 0.532286
      vertex 40.2747 -49.0131 0.532286
    endloop
  endfacet
  facet normal 0.284349 -0.938887 -0.194001
    outer loop
      vertex 40.1456 -49.082 0.676487
      vertex 40.14 -49.0539 0.532286
      vertex 40.2856 -49.0396 0.676487
    endloop
  endfacet
  facet normal -0.24168 -0.796811 -0.553789
    outer loop
      vertex -40.1131 -48.9186 0.274204
      vertex -40.2531 -48.9611 0.396452
      vertex -40.2219 -48.8856 0.274204
    endloop
  endfacet
  facet normal 0.555407 0 -0.831578
    outer loop
      vertex 40.3535 -15.95 0.0885584
      vertex 40.4758 14.95 0.170242
      vertex 40.4758 -15.95 0.170242
    endloop
  endfacet
  facet normal 0.555407 0 -0.831578
    outer loop
      vertex 40.4758 14.95 0.170242
      vertex 40.3535 -15.95 0.0885584
      vertex 40.3535 14.95 0.0885584
    endloop
  endfacet
  facet normal 0.555407 0 -0.831578
    outer loop
      vertex 40.3535 -25.05 0.0885584
      vertex 40.4758 -36.1003 0.170242
      vertex 40.3535 -36.1657 0.0885584
    endloop
  endfacet
  facet normal 0.555407 0 -0.831578
    outer loop
      vertex 40.4758 -36.1003 0.170242
      vertex 40.3535 -25.05 0.0885584
      vertex 40.4758 -25.05 0.170242
    endloop
  endfacet
  facet normal 0.555407 0 -0.831578
    outer loop
      vertex 40.3535 24.05 0.0885584
      vertex 40.4758 44.1003 0.170242
      vertex 40.4758 24.05 0.170242
    endloop
  endfacet
  facet normal 0.555407 0 -0.831578
    outer loop
      vertex 40.4758 44.1003 0.170242
      vertex 40.3535 24.05 0.0885584
      vertex 40.3535 44.1657 0.0885584
    endloop
  endfacet
  facet normal -0.95707 -0.289856 0
    outer loop
      vertex -40.6896 -48.6356 0.676487
      vertex -40.732 -48.4956 9.1375
      vertex -40.732 -48.4956 0.676487
    endloop
  endfacet
  facet normal -0.95707 -0.289856 0
    outer loop
      vertex -40.732 -48.4956 9.1375
      vertex -40.6896 -48.6356 0.676487
      vertex -40.6896 -48.6356 9.1375
    endloop
  endfacet
  facet normal -0.796993 -0.241474 -0.553617
    outer loop
      vertex -40.6111 -48.6031 0.396452
      vertex -40.6487 -48.479 0.396452
      vertex -40.5686 -48.4631 0.274204
    endloop
  endfacet
  facet normal -0.864695 -0.46303 -0.194691
    outer loop
      vertex -40.6206 -48.7647 0.676487
      vertex -40.6631 -48.6247 0.532286
      vertex -40.5967 -48.7487 0.532286
    endloop
  endfacet
  facet normal -0.734533 -0.392308 -0.553674
    outer loop
      vertex -40.55 -48.7175 0.396452
      vertex -40.6111 -48.6031 0.396452
      vertex -40.4821 -48.6721 0.274204
    endloop
  endfacet
  facet normal -0.815721 -0.435669 -0.380516
    outer loop
      vertex -40.5967 -48.7487 0.532286
      vertex -40.6111 -48.6031 0.396452
      vertex -40.55 -48.7175 0.396452
    endloop
  endfacet
  facet normal 0.634317 -0.773073 0
    outer loop
      vertex 40.4147 -48.9706 0.676487
      vertex 40.5278 -48.8778 9.1375
      vertex 40.4147 -48.9706 9.1375
    endloop
  endfacet
  facet normal 0.634317 -0.773073 0
    outer loop
      vertex 40.5278 -48.8778 9.1375
      vertex 40.4147 -48.9706 0.676487
      vertex 40.5278 -48.8778 0.676487
    endloop
  endfacet
  facet normal 0.622222 -0.758333 -0.194349
    outer loop
      vertex 40.5278 -48.8778 0.676487
      vertex 40.4147 -48.9706 0.676487
      vertex 40.5075 -48.8575 0.532286
    endloop
  endfacet
  facet normal 0.622358 -0.758259 -0.194203
    outer loop
      vertex 40.4147 -48.9706 0.676487
      vertex 40.3987 -48.9468 0.532286
      vertex 40.5075 -48.8575 0.532286
    endloop
  endfacet
  facet normal 0.95707 -0.289856 0
    outer loop
      vertex 40.6896 -48.6356 9.1375
      vertex 40.732 -48.4956 0.676487
      vertex 40.732 -48.4956 9.1375
    endloop
  endfacet
  facet normal 0.95707 -0.289856 0
    outer loop
      vertex 40.732 -48.4956 0.676487
      vertex 40.6896 -48.6356 9.1375
      vertex 40.6896 -48.6356 0.676487
    endloop
  endfacet
  facet normal 0.86519 -0.462417 -0.193951
    outer loop
      vertex 40.6896 -48.6356 0.676487
      vertex 40.6206 -48.7647 0.676487
      vertex 40.6631 -48.6247 0.532286
    endloop
  endfacet
  facet normal 0.864695 -0.46303 -0.194691
    outer loop
      vertex 40.6206 -48.7647 0.676487
      vertex 40.5967 -48.7487 0.532286
      vertex 40.6631 -48.6247 0.532286
    endloop
  endfacet
  facet normal 0.881937 -0.471368 0
    outer loop
      vertex 40.6206 -48.7647 9.1375
      vertex 40.6896 -48.6356 0.676487
      vertex 40.6896 -48.6356 9.1375
    endloop
  endfacet
  facet normal 0.881937 -0.471368 0
    outer loop
      vertex 40.6896 -48.6356 0.676487
      vertex 40.6206 -48.7647 9.1375
      vertex 40.6206 -48.7647 0.676487
    endloop
  endfacet
  facet normal 0.938887 -0.284349 -0.194001
    outer loop
      vertex 40.732 -48.4956 0.676487
      vertex 40.6896 -48.6356 0.676487
      vertex 40.7039 -48.49 0.532286
    endloop
  endfacet
  facet normal 0.995145 0.0984209 0
    outer loop
      vertex 40.7464 48.35 9.1375
      vertex 40.732 48.4956 0.676487
      vertex 40.732 48.4956 9.1375
    endloop
  endfacet
  facet normal 0.995145 0.0984209 0
    outer loop
      vertex 40.732 48.4956 0.676487
      vertex 40.7464 48.35 9.1375
      vertex 40.7464 48.35 0.676487
    endloop
  endfacet
  facet normal 0.938871 0.28438 -0.194034
    outer loop
      vertex 40.7039 48.49 0.532286
      vertex 40.6631 48.6247 0.532286
      vertex 40.6896 48.6356 0.676487
    endloop
  endfacet
  facet normal 0.796811 -0.24168 -0.553789
    outer loop
      vertex 40.6111 -48.6031 0.396452
      vertex 40.5356 -48.5719 0.274204
      vertex 40.5686 -48.4631 0.274204
    endloop
  endfacet
  facet normal 0.678221 -0.205489 -0.705543
    outer loop
      vertex 40.5686 -48.4631 0.274204
      vertex 40.4765 -48.5123 0.2
      vertex 40.4958 -48.4486 0.2
    endloop
  endfacet
  facet normal 0.796993 -0.241474 -0.553617
    outer loop
      vertex 40.6111 -48.6031 0.396452
      vertex 40.5686 -48.4631 0.274204
      vertex 40.6487 -48.479 0.396452
    endloop
  endfacet
  facet normal 0.462543 -0.865088 -0.194103
    outer loop
      vertex 40.4147 -48.9706 0.676487
      vertex 40.2747 -49.0131 0.532286
      vertex 40.3987 -48.9468 0.532286
    endloop
  endfacet
  facet normal 0 -0.706608 -0.707605
    outer loop
      vertex -27.4806 -48.8258 0.170242
      vertex 35.4896 -48.8556 0.2
      vertex -27.4896 -48.8556 0.2
    endloop
  endfacet
  facet normal 0 -0.706608 -0.707605
    outer loop
      vertex 35.4896 -48.8556 0.2
      vertex -27.4806 -48.8258 0.170242
      vertex 35.4806 -48.8258 0.170242
    endloop
  endfacet
  facet normal -0 -0.707126 -0.707088
    outer loop
      vertex -27.4896 -48.8556 0.2
      vertex -40 -48.9298 0.274204
      vertex -40 -48.8556 0.2
    endloop
  endfacet
  facet normal 0 -0.707126 -0.707088
    outer loop
      vertex -40 -48.9298 0.274204
      vertex -27.4896 -48.8556 0.2
      vertex 40 -48.9298 0.274204
    endloop
  endfacet
  facet normal -0 -0.707126 -0.707088
    outer loop
      vertex 35.4896 -48.8556 0.2
      vertex 40 -48.9298 0.274204
      vertex -27.4896 -48.8556 0.2
    endloop
  endfacet
  facet normal 0 -0.707126 -0.707088
    outer loop
      vertex 40 -48.9298 0.274204
      vertex 35.4896 -48.8556 0.2
      vertex 40 -48.8556 0.2
    endloop
  endfacet
  facet normal 0.773073 0.634317 0
    outer loop
      vertex 40.6206 48.7647 9.1375
      vertex 40.5278 48.8778 0.676487
      vertex 40.5278 48.8778 9.1375
    endloop
  endfacet
  facet normal 0.773073 0.634317 0
    outer loop
      vertex 40.5278 48.8778 0.676487
      vertex 40.6206 48.7647 9.1375
      vertex 40.6206 48.7647 0.676487
    endloop
  endfacet
  facet normal 0.435872 0.815205 -0.381388
    outer loop
      vertex 40.3987 48.9468 0.532286
      vertex 40.2531 48.9611 0.396452
      vertex 40.2747 49.0131 0.532286
    endloop
  endfacet
  facet normal 0.267987 0.88475 -0.381315
    outer loop
      vertex 40.2531 48.9611 0.396452
      vertex 40.14 49.0539 0.532286
      vertex 40.2747 49.0131 0.532286
    endloop
  endfacet
  facet normal 0.884753 0.268064 -0.381253
    outer loop
      vertex 40.6487 48.479 0.396452
      vertex 40.6111 48.6031 0.396452
      vertex 40.7039 48.49 0.532286
    endloop
  endfacet
  facet normal 0.88475 0.267987 -0.381315
    outer loop
      vertex 40.7039 48.49 0.532286
      vertex 40.6111 48.6031 0.396452
      vertex 40.6631 48.6247 0.532286
    endloop
  endfacet
  facet normal 0.289856 -0.95707 0
    outer loop
      vertex 40.1456 -49.082 0.676487
      vertex 40.2856 -49.0396 9.1375
      vertex 40.1456 -49.082 9.1375
    endloop
  endfacet
  facet normal 0.289856 -0.95707 0
    outer loop
      vertex 40.2856 -49.0396 9.1375
      vertex 40.1456 -49.082 0.676487
      vertex 40.2856 -49.0396 0.676487
    endloop
  endfacet
  facet normal -0.678221 0.205489 -0.705543
    outer loop
      vertex -40.4958 48.4486 0.2
      vertex -40.5686 48.4631 0.274204
      vertex -40.4765 48.5123 0.2
    endloop
  endfacet
  facet normal 0.448759 0.548967 -0.70516
    outer loop
      vertex 40.3323 48.7281 0.2
      vertex 40.41 48.7599 0.274204
      vertex 40.3575 48.7075 0.2
    endloop
  endfacet
  facet normal 0.449763 0.547565 -0.705611
    outer loop
      vertex 40.41 48.7599 0.274204
      vertex 40.3323 48.7281 0.2
      vertex 40.3221 48.8321 0.274204
    endloop
  endfacet
  facet normal 0.548357 0.449333 -0.705269
    outer loop
      vertex 40.3997 48.656 0.2
      vertex 40.3575 48.7075 0.2
      vertex 40.41 48.7599 0.274204
    endloop
  endfacet
  facet normal 0.24168 0.796811 -0.553789
    outer loop
      vertex 40.2219 48.8856 0.274204
      vertex 40.1131 48.9186 0.274204
      vertex 40.2531 48.9611 0.396452
    endloop
  endfacet
  facet normal 0.205779 0.678446 -0.705242
    outer loop
      vertex 40.1298 48.8364 0.2
      vertex 40.1131 48.9186 0.274204
      vertex 40.2219 48.8856 0.274204
    endloop
  endfacet
  facet normal 0.204417 0.678489 -0.705596
    outer loop
      vertex 40.1131 48.9186 0.274204
      vertex 40.1298 48.8364 0.2
      vertex 40.0986 48.8458 0.2
    endloop
  endfacet
  facet normal -0.0698674 0.705224 -0.705533
    outer loop
      vertex -40.1131 48.9186 0.274204
      vertex -40.0663 48.849 0.2
      vertex -40.0986 48.8458 0.2
    endloop
  endfacet
  facet normal -0.0698376 0.705235 -0.705525
    outer loop
      vertex -40.0663 48.849 0.2
      vertex -40.1131 48.9186 0.274204
      vertex -40 48.9298 0.274204
    endloop
  endfacet
  facet normal -0.335272 0.624825 -0.705114
    outer loop
      vertex -40.2222 48.8017 0.2
      vertex -40.2219 48.8856 0.274204
      vertex -40.1935 48.8171 0.2
    endloop
  endfacet
  facet normal -0.333798 0.625169 -0.705509
    outer loop
      vertex -40.2219 48.8856 0.274204
      vertex -40.2222 48.8017 0.2
      vertex -40.3221 48.8321 0.274204
    endloop
  endfacet
  facet normal -0.0702189 0.70538 -0.705342
    outer loop
      vertex -40 48.8556 0.2
      vertex -40.0663 48.849 0.2
      vertex -40 48.9298 0.274204
    endloop
  endfacet
  facet normal -0.450485 0.547398 -0.705279
    outer loop
      vertex -40.2809 48.7704 0.2
      vertex -40.3323 48.7281 0.2
      vertex -40.3221 48.8321 0.274204
    endloop
  endfacet
  facet normal -0.643572 0.528491 -0.553636
    outer loop
      vertex -40.41 48.7599 0.274204
      vertex -40.4821 48.6721 0.274204
      vertex -40.4677 48.8177 0.396452
    endloop
  endfacet
  facet normal -0.546959 0.451077 -0.705241
    outer loop
      vertex -40.4821 48.6721 0.274204
      vertex -40.3997 48.656 0.2
      vertex -40.4204 48.6309 0.2
    endloop
  endfacet
  facet normal -0.547594 0.449676 -0.705643
    outer loop
      vertex -40.3997 48.656 0.2
      vertex -40.4821 48.6721 0.274204
      vertex -40.41 48.7599 0.274204
    endloop
  endfacet
  facet normal -0.73454 0.392195 -0.553745
    outer loop
      vertex -40.5356 48.5719 0.274204
      vertex -40.6111 48.6031 0.396452
      vertex -40.4821 48.6721 0.274204
    endloop
  endfacet
  facet normal -0.938887 0.284349 -0.194001
    outer loop
      vertex -40.7039 48.49 0.532286
      vertex -40.732 48.4956 0.676487
      vertex -40.6896 48.6356 0.676487
    endloop
  endfacet
  facet normal -0.758521 0.621876 -0.194719
    outer loop
      vertex -40.5967 48.7487 0.532286
      vertex -40.6206 48.7647 0.676487
      vertex -40.5075 48.8575 0.532286
    endloop
  endfacet
  facet normal -0.715143 0.586312 -0.380539
    outer loop
      vertex -40.55 48.7175 0.396452
      vertex -40.5967 48.7487 0.532286
      vertex -40.5075 48.8575 0.532286
    endloop
  endfacet
  facet normal -0.586769 -0.71439 -0.381246
    outer loop
      vertex -40.3675 -48.9 0.396452
      vertex -40.5075 -48.8575 0.532286
      vertex -40.4677 -48.8177 0.396452
    endloop
  endfacet
  facet normal -0.71439 -0.586769 -0.381246
    outer loop
      vertex -40.5075 -48.8575 0.532286
      vertex -40.55 -48.7175 0.396452
      vertex -40.4677 -48.8177 0.396452
    endloop
  endfacet
  facet normal -0.0962266 -0.976212 -0.194293
    outer loop
      vertex -40 -49.0964 0.676487
      vertex -40.14 -49.0539 0.532286
      vertex -40 -49.0677 0.532286
    endloop
  endfacet
  facet normal -0.28438 -0.938871 -0.194034
    outer loop
      vertex -40.14 -49.0539 0.532286
      vertex -40.2856 -49.0396 0.676487
      vertex -40.2747 -49.0131 0.532286
    endloop
  endfacet
  facet normal -0.267987 -0.88475 -0.381315
    outer loop
      vertex -40.14 -49.0539 0.532286
      vertex -40.2747 -49.0131 0.532286
      vertex -40.2531 -48.9611 0.396452
    endloop
  endfacet
  facet normal -0.289856 -0.95707 0
    outer loop
      vertex -40.2856 -49.0396 0.676487
      vertex -40.1456 -49.082 9.1375
      vertex -40.2856 -49.0396 9.1375
    endloop
  endfacet
  facet normal -0.289856 -0.95707 -0
    outer loop
      vertex -40.1456 -49.082 9.1375
      vertex -40.2856 -49.0396 0.676487
      vertex -40.1456 -49.082 0.676487
    endloop
  endfacet
  facet normal 0.528545 -0.643477 -0.553694
    outer loop
      vertex 40.3675 -48.9 0.396452
      vertex 40.3221 -48.8321 0.274204
      vertex 40.41 -48.7599 0.274204
    endloop
  endfacet
  facet normal -0.625527 -0.333543 -0.705312
    outer loop
      vertex -40.4204 -48.6309 0.2
      vertex -40.4821 -48.6721 0.274204
      vertex -40.4517 -48.5722 0.2
    endloop
  endfacet
  facet normal -0.643515 -0.528556 -0.55364
    outer loop
      vertex -40.4677 -48.8177 0.396452
      vertex -40.55 -48.7175 0.396452
      vertex -40.41 -48.7599 0.274204
    endloop
  endfacet
  facet normal -0.643539 -0.528464 -0.553699
    outer loop
      vertex -40.41 -48.7599 0.274204
      vertex -40.55 -48.7175 0.396452
      vertex -40.4821 -48.6721 0.274204
    endloop
  endfacet
  facet normal 0 -0.923794 -0.382891
    outer loop
      vertex -40 -49.0114 0.396452
      vertex 40 -49.0677 0.532286
      vertex -40 -49.0677 0.532286
    endloop
  endfacet
  facet normal 0 -0.923794 -0.382891
    outer loop
      vertex 40 -49.0677 0.532286
      vertex -40 -49.0114 0.396452
      vertex 40 -49.0114 0.396452
    endloop
  endfacet
  facet normal 0.0905773 -0.920037 -0.381218
    outer loop
      vertex 40.14 -49.0539 0.532286
      vertex 40 -49.0114 0.396452
      vertex 40.129 -48.9987 0.396452
    endloop
  endfacet
  facet normal -0.773073 -0.634317 0
    outer loop
      vertex -40.5278 -48.8778 0.676487
      vertex -40.6206 -48.7647 9.1375
      vertex -40.6206 -48.7647 0.676487
    endloop
  endfacet
  facet normal -0.773073 -0.634317 0
    outer loop
      vertex -40.6206 -48.7647 9.1375
      vertex -40.5278 -48.8778 0.676487
      vertex -40.5278 -48.8778 9.1375
    endloop
  endfacet
  facet normal -0.678981 -0.204565 -0.705081
    outer loop
      vertex -40.5356 -48.5719 0.274204
      vertex -40.4765 -48.5123 0.2
      vertex -40.4671 -48.5435 0.2
    endloop
  endfacet
  facet normal -0.67826 -0.205722 -0.705437
    outer loop
      vertex -40.4765 -48.5123 0.2
      vertex -40.5356 -48.5719 0.274204
      vertex -40.5686 -48.4631 0.274204
    endloop
  endfacet
  facet normal -0.625169 -0.333798 -0.705509
    outer loop
      vertex -40.5356 -48.5719 0.274204
      vertex -40.4517 -48.5722 0.2
      vertex -40.4821 -48.6721 0.274204
    endloop
  endfacet
  facet normal -0.624825 -0.335272 -0.705114
    outer loop
      vertex -40.4517 -48.5722 0.2
      vertex -40.5356 -48.5719 0.274204
      vertex -40.4671 -48.5435 0.2
    endloop
  endfacet
  facet normal 0.796993 0.241474 -0.553617
    outer loop
      vertex 40.6487 48.479 0.396452
      vertex 40.5686 48.4631 0.274204
      vertex 40.6111 48.6031 0.396452
    endloop
  endfacet
  facet normal 0.828754 0.0815905 -0.553633
    outer loop
      vertex 40.6614 48.35 0.396452
      vertex 40.5686 48.4631 0.274204
      vertex 40.6487 48.479 0.396452
    endloop
  endfacet
  facet normal 0.980764 0 -0.195199
    outer loop
      vertex 40.7464 -48.35 0.676487
      vertex 40.7177 -25.05 0.532286
      vertex 40.7464 -25.05 0.676487
    endloop
  endfacet
  facet normal 0.980764 0 -0.195199
    outer loop
      vertex 40.7177 -25.05 0.532286
      vertex 40.7464 -48.35 0.676487
      vertex 40.7177 -48.35 0.532286
    endloop
  endfacet
  facet normal 0.980764 0 -0.195199
    outer loop
      vertex 40.7464 24.05 0.676487
      vertex 40.7177 48.35 0.532286
      vertex 40.7464 48.35 0.676487
    endloop
  endfacet
  facet normal 0.980764 0 -0.195199
    outer loop
      vertex 40.7177 48.35 0.532286
      vertex 40.7464 24.05 0.676487
      vertex 40.7177 24.05 0.532286
    endloop
  endfacet
  facet normal 0.980764 0 -0.195199
    outer loop
      vertex 40.7464 -15.95 0.676487
      vertex 40.7177 14.95 0.532286
      vertex 40.7464 14.95 0.676487
    endloop
  endfacet
  facet normal 0.980764 0 -0.195199
    outer loop
      vertex 40.7177 14.95 0.532286
      vertex 40.7464 -15.95 0.676487
      vertex 40.7177 -15.95 0.532286
    endloop
  endfacet
  facet normal 0.919987 -0.0906845 -0.381313
    outer loop
      vertex 40.7039 -48.49 0.532286
      vertex 40.6614 -48.35 0.396452
      vertex 40.7177 -48.35 0.532286
    endloop
  endfacet
  facet normal 0.705159 -0.0703029 -0.705555
    outer loop
      vertex 40.5686 -48.4631 0.274204
      vertex 40.4958 -48.4486 0.2
      vertex 40.5024 -48.3824 0.2
    endloop
  endfacet
  facet normal 0.705408 -0.0696699 -0.70537
    outer loop
      vertex 40.5798 -48.35 0.274204
      vertex 40.5024 -48.3824 0.2
      vertex 40.5056 -48.35 0.2
    endloop
  endfacet
  facet normal 0.705439 -0.0698578 -0.70532
    outer loop
      vertex 40.5024 -48.3824 0.2
      vertex 40.5798 -48.35 0.274204
      vertex 40.5686 -48.4631 0.274204
    endloop
  endfacet
  facet normal 0.734533 -0.392308 -0.553674
    outer loop
      vertex 40.55 -48.7175 0.396452
      vertex 40.4821 -48.6721 0.274204
      vertex 40.6111 -48.6031 0.396452
    endloop
  endfacet
  facet normal 0.815721 -0.435669 -0.380516
    outer loop
      vertex 40.5967 -48.7487 0.532286
      vertex 40.55 -48.7175 0.396452
      vertex 40.6111 -48.6031 0.396452
    endloop
  endfacet
  facet normal 0.462417 -0.86519 -0.193951
    outer loop
      vertex 40.2856 -49.0396 0.676487
      vertex 40.2747 -49.0131 0.532286
      vertex 40.4147 -48.9706 0.676487
    endloop
  endfacet
  facet normal 0.0906845 -0.919987 -0.381313
    outer loop
      vertex 40.14 -49.0539 0.532286
      vertex 40 -49.0677 0.532286
      vertex 40 -49.0114 0.396452
    endloop
  endfacet
  facet normal 0.267987 -0.88475 -0.381315
    outer loop
      vertex 40.2747 -49.0131 0.532286
      vertex 40.14 -49.0539 0.532286
      vertex 40.2531 -48.9611 0.396452
    endloop
  endfacet
  facet normal 0.0815905 -0.828754 -0.553633
    outer loop
      vertex 40.129 -48.9987 0.396452
      vertex 40 -49.0114 0.396452
      vertex 40.1131 -48.9186 0.274204
    endloop
  endfacet
  facet normal 0.734533 0.392308 -0.553674
    outer loop
      vertex 40.6111 48.6031 0.396452
      vertex 40.4821 48.6721 0.274204
      vertex 40.55 48.7175 0.396452
    endloop
  endfacet
  facet normal 0.586844 0.714481 -0.38096
    outer loop
      vertex 40.4677 48.8177 0.396452
      vertex 40.3675 48.9 0.396452
      vertex 40.3987 48.9468 0.532286
    endloop
  endfacet
  facet normal 0.0984209 0.995145 -0
    outer loop
      vertex 40.1456 49.082 0.676487
      vertex 40 49.0964 9.1375
      vertex 40.1456 49.082 9.1375
    endloop
  endfacet
  facet normal 0.0984209 0.995145 0
    outer loop
      vertex 40 49.0964 9.1375
      vertex 40.1456 49.082 0.676487
      vertex 40 49.0964 0.676487
    endloop
  endfacet
  facet normal 0.758521 0.621876 -0.194719
    outer loop
      vertex 40.5967 48.7487 0.532286
      vertex 40.5075 48.8575 0.532286
      vertex 40.6206 48.7647 0.676487
    endloop
  endfacet
  facet normal 0.95707 0.289856 0
    outer loop
      vertex 40.732 48.4956 9.1375
      vertex 40.6896 48.6356 0.676487
      vertex 40.6896 48.6356 9.1375
    endloop
  endfacet
  facet normal 0.95707 0.289856 0
    outer loop
      vertex 40.6896 48.6356 0.676487
      vertex 40.732 48.4956 9.1375
      vertex 40.732 48.4956 0.676487
    endloop
  endfacet
  facet normal 0.919987 0.0906845 -0.381313
    outer loop
      vertex 40.7177 48.35 0.532286
      vertex 40.6614 48.35 0.396452
      vertex 40.7039 48.49 0.532286
    endloop
  endfacet
  facet normal 0.976212 0.0962266 -0.194293
    outer loop
      vertex 40.7177 48.35 0.532286
      vertex 40.7039 48.49 0.532286
      vertex 40.7464 48.35 0.676487
    endloop
  endfacet
  facet normal 0.471368 -0.881937 0
    outer loop
      vertex 40.2856 -49.0396 0.676487
      vertex 40.4147 -48.9706 9.1375
      vertex 40.2856 -49.0396 9.1375
    endloop
  endfacet
  facet normal 0.471368 -0.881937 0
    outer loop
      vertex 40.4147 -48.9706 9.1375
      vertex 40.2856 -49.0396 0.676487
      vertex 40.4147 -48.9706 0.676487
    endloop
  endfacet
  facet normal 0.392195 0.73454 -0.553745
    outer loop
      vertex 40.3221 48.8321 0.274204
      vertex 40.2219 48.8856 0.274204
      vertex 40.2531 48.9611 0.396452
    endloop
  endfacet
  facet normal 0.333798 0.625169 -0.705509
    outer loop
      vertex 40.2222 48.8017 0.2
      vertex 40.2219 48.8856 0.274204
      vertex 40.3221 48.8321 0.274204
    endloop
  endfacet
  facet normal 0.335272 0.624825 -0.705114
    outer loop
      vertex 40.2219 48.8856 0.274204
      vertex 40.2222 48.8017 0.2
      vertex 40.1935 48.8171 0.2
    endloop
  endfacet
  facet normal -0.796993 0.241474 -0.553617
    outer loop
      vertex -40.5686 48.4631 0.274204
      vertex -40.6487 48.479 0.396452
      vertex -40.6111 48.6031 0.396452
    endloop
  endfacet
  facet normal -0.828754 0.0815905 -0.553633
    outer loop
      vertex -40.5686 48.4631 0.274204
      vertex -40.6614 48.35 0.396452
      vertex -40.6487 48.479 0.396452
    endloop
  endfacet
  facet normal -0.634317 -0.773073 0
    outer loop
      vertex -40.5278 -48.8778 0.676487
      vertex -40.4147 -48.9706 9.1375
      vertex -40.5278 -48.8778 9.1375
    endloop
  endfacet
  facet normal -0.634317 -0.773073 -0
    outer loop
      vertex -40.4147 -48.9706 9.1375
      vertex -40.5278 -48.8778 0.676487
      vertex -40.4147 -48.9706 0.676487
    endloop
  endfacet
  facet normal -0.758333 -0.622222 -0.194349
    outer loop
      vertex -40.5278 -48.8778 0.676487
      vertex -40.6206 -48.7647 0.676487
      vertex -40.5075 -48.8575 0.532286
    endloop
  endfacet
  facet normal -0.392308 -0.734533 -0.553674
    outer loop
      vertex -40.2531 -48.9611 0.396452
      vertex -40.3675 -48.9 0.396452
      vertex -40.3221 -48.8321 0.274204
    endloop
  endfacet
  facet normal -0.435569 -0.815534 -0.381029
    outer loop
      vertex -40.2531 -48.9611 0.396452
      vertex -40.3987 -48.9468 0.532286
      vertex -40.3675 -48.9 0.396452
    endloop
  endfacet
  facet normal -0.0698578 -0.705439 -0.70532
    outer loop
      vertex -40.0324 -48.8524 0.2
      vertex -40 -48.9298 0.274204
      vertex -40.1131 -48.9186 0.274204
    endloop
  endfacet
  facet normal -0.0696699 -0.705408 -0.70537
    outer loop
      vertex -40 -48.9298 0.274204
      vertex -40.0324 -48.8524 0.2
      vertex -40 -48.8556 0.2
    endloop
  endfacet
  facet normal -0.622222 -0.758333 -0.194349
    outer loop
      vertex -40.4147 -48.9706 0.676487
      vertex -40.5278 -48.8778 0.676487
      vertex -40.5075 -48.8575 0.532286
    endloop
  endfacet
  facet normal -0.622358 -0.758259 -0.194203
    outer loop
      vertex -40.4147 -48.9706 0.676487
      vertex -40.5075 -48.8575 0.532286
      vertex -40.3987 -48.9468 0.532286
    endloop
  endfacet
  facet normal -0.462417 -0.86519 -0.193951
    outer loop
      vertex -40.2856 -49.0396 0.676487
      vertex -40.4147 -48.9706 0.676487
      vertex -40.2747 -49.0131 0.532286
    endloop
  endfacet
  facet normal -0.462543 -0.865088 -0.194103
    outer loop
      vertex -40.2747 -49.0131 0.532286
      vertex -40.4147 -48.9706 0.676487
      vertex -40.3987 -48.9468 0.532286
    endloop
  endfacet
  facet normal -0.449763 -0.547565 -0.705611
    outer loop
      vertex -40.41 -48.7599 0.274204
      vertex -40.3323 -48.7281 0.2
      vertex -40.3221 -48.8321 0.274204
    endloop
  endfacet
  facet normal -0.448759 -0.548967 -0.70516
    outer loop
      vertex -40.3323 -48.7281 0.2
      vertex -40.41 -48.7599 0.274204
      vertex -40.3575 -48.7075 0.2
    endloop
  endfacet
  facet normal -0.548915 -0.448716 -0.705228
    outer loop
      vertex -40.41 -48.7599 0.274204
      vertex -40.3781 -48.6823 0.2
      vertex -40.3575 -48.7075 0.2
    endloop
  endfacet
  facet normal -0.547586 -0.449669 -0.705654
    outer loop
      vertex -40.3781 -48.6823 0.2
      vertex -40.41 -48.7599 0.274204
      vertex -40.4821 -48.6721 0.274204
    endloop
  endfacet
  facet normal 0.67826 -0.205722 -0.705437
    outer loop
      vertex 40.5356 -48.5719 0.274204
      vertex 40.4765 -48.5123 0.2
      vertex 40.5686 -48.4631 0.274204
    endloop
  endfacet
  facet normal 0.678981 -0.204565 -0.705081
    outer loop
      vertex 40.4765 -48.5123 0.2
      vertex 40.5356 -48.5719 0.274204
      vertex 40.4671 -48.5435 0.2
    endloop
  endfacet
  facet normal 0.73454 -0.392195 -0.553745
    outer loop
      vertex 40.6111 -48.6031 0.396452
      vertex 40.4821 -48.6721 0.274204
      vertex 40.5356 -48.5719 0.274204
    endloop
  endfacet
  facet normal 0.392195 -0.73454 -0.553745
    outer loop
      vertex 40.2531 -48.9611 0.396452
      vertex 40.2219 -48.8856 0.274204
      vertex 40.3221 -48.8321 0.274204
    endloop
  endfacet
  facet normal 0 -0.555407 -0.831578
    outer loop
      vertex 35.4806 -48.8258 0.170242
      vertex -27.4435 -48.7035 0.0885584
      vertex 35.4435 -48.7035 0.0885584
    endloop
  endfacet
  facet normal 0 -0.555407 -0.831578
    outer loop
      vertex -27.4435 -48.7035 0.0885584
      vertex 35.4806 -48.8258 0.170242
      vertex -27.4806 -48.8258 0.170242
    endloop
  endfacet
  facet normal 0.435569 -0.815534 -0.381029
    outer loop
      vertex 40.3987 -48.9468 0.532286
      vertex 40.2531 -48.9611 0.396452
      vertex 40.3675 -48.9 0.396452
    endloop
  endfacet
  facet normal 0.643487 0.528532 -0.553695
    outer loop
      vertex 40.4821 48.6721 0.274204
      vertex 40.4677 48.8177 0.396452
      vertex 40.55 48.7175 0.396452
    endloop
  endfacet
  facet normal 0.643572 0.528491 -0.553636
    outer loop
      vertex 40.4821 48.6721 0.274204
      vertex 40.41 48.7599 0.274204
      vertex 40.4677 48.8177 0.396452
    endloop
  endfacet
  facet normal 0.758333 0.622222 -0.194349
    outer loop
      vertex 40.6206 48.7647 0.676487
      vertex 40.5075 48.8575 0.532286
      vertex 40.5278 48.8778 0.676487
    endloop
  endfacet
  facet normal 0.622222 0.758333 -0.194349
    outer loop
      vertex 40.5075 48.8575 0.532286
      vertex 40.4147 48.9706 0.676487
      vertex 40.5278 48.8778 0.676487
    endloop
  endfacet
  facet normal 0.864695 0.46303 -0.194691
    outer loop
      vertex 40.6631 48.6247 0.532286
      vertex 40.5967 48.7487 0.532286
      vertex 40.6206 48.7647 0.676487
    endloop
  endfacet
  facet normal 0.86519 0.462417 -0.193951
    outer loop
      vertex 40.6631 48.6247 0.532286
      vertex 40.6206 48.7647 0.676487
      vertex 40.6896 48.6356 0.676487
    endloop
  endfacet
  facet normal 0.923794 0 -0.382891
    outer loop
      vertex 40.7177 24.05 0.532286
      vertex 40.6614 48.35 0.396452
      vertex 40.7177 48.35 0.532286
    endloop
  endfacet
  facet normal 0.923794 0 -0.382891
    outer loop
      vertex 40.6614 48.35 0.396452
      vertex 40.7177 24.05 0.532286
      vertex 40.6614 24.05 0.396452
    endloop
  endfacet
  facet normal 0.923794 0 -0.382891
    outer loop
      vertex 40.7177 -48.35 0.532286
      vertex 40.6614 -25.05 0.396452
      vertex 40.7177 -25.05 0.532286
    endloop
  endfacet
  facet normal 0.923794 0 -0.382891
    outer loop
      vertex 40.6614 -25.05 0.396452
      vertex 40.7177 -48.35 0.532286
      vertex 40.6614 -48.35 0.396452
    endloop
  endfacet
  facet normal 0.923794 0 -0.382891
    outer loop
      vertex 40.7177 -15.95 0.532286
      vertex 40.6614 14.95 0.396452
      vertex 40.7177 14.95 0.532286
    endloop
  endfacet
  facet normal 0.923794 0 -0.382891
    outer loop
      vertex 40.6614 14.95 0.396452
      vertex 40.7177 -15.95 0.532286
      vertex 40.6614 -15.95 0.396452
    endloop
  endfacet
  facet normal -0.705159 0.0703029 -0.705555
    outer loop
      vertex -40.5024 48.3824 0.2
      vertex -40.5686 48.4631 0.274204
      vertex -40.4958 48.4486 0.2
    endloop
  endfacet
  facet normal -0.705408 0.0696699 -0.70537
    outer loop
      vertex -40.5798 48.35 0.274204
      vertex -40.5024 48.3824 0.2
      vertex -40.5056 48.35 0.2
    endloop
  endfacet
  facet normal -0.705439 0.0698578 -0.70532
    outer loop
      vertex -40.5024 48.3824 0.2
      vertex -40.5798 48.35 0.274204
      vertex -40.5686 48.4631 0.274204
    endloop
  endfacet
  facet normal -0.919987 0.0906845 -0.381313
    outer loop
      vertex -40.6614 48.35 0.396452
      vertex -40.7177 48.35 0.532286
      vertex -40.7039 48.49 0.532286
    endloop
  endfacet
  facet normal -0.976212 0.0962266 -0.194293
    outer loop
      vertex -40.7177 48.35 0.532286
      vertex -40.7464 48.35 0.676487
      vertex -40.7039 48.49 0.532286
    endloop
  endfacet
  facet normal -0.881937 -0.471368 0
    outer loop
      vertex -40.6206 -48.7647 0.676487
      vertex -40.6896 -48.6356 9.1375
      vertex -40.6896 -48.6356 0.676487
    endloop
  endfacet
  facet normal -0.881937 -0.471368 0
    outer loop
      vertex -40.6896 -48.6356 9.1375
      vertex -40.6206 -48.7647 0.676487
      vertex -40.6206 -48.7647 9.1375
    endloop
  endfacet
  facet normal -0.0905773 -0.920037 -0.381218
    outer loop
      vertex -40 -49.0114 0.396452
      vertex -40.14 -49.0539 0.532286
      vertex -40.129 -48.9987 0.396452
    endloop
  endfacet
  facet normal -0.0815905 -0.828754 -0.553633
    outer loop
      vertex -40 -49.0114 0.396452
      vertex -40.129 -48.9987 0.396452
      vertex -40.1131 -48.9186 0.274204
    endloop
  endfacet
  facet normal -0.335272 -0.624825 -0.705114
    outer loop
      vertex -40.2219 -48.8856 0.274204
      vertex -40.2222 -48.8017 0.2
      vertex -40.1935 -48.8171 0.2
    endloop
  endfacet
  facet normal -0.333798 -0.625169 -0.705509
    outer loop
      vertex -40.2222 -48.8017 0.2
      vertex -40.2219 -48.8856 0.274204
      vertex -40.3221 -48.8321 0.274204
    endloop
  endfacet
  facet normal -0.547398 -0.450485 -0.705279
    outer loop
      vertex -40.3781 -48.6823 0.2
      vertex -40.4821 -48.6721 0.274204
      vertex -40.4204 -48.6309 0.2
    endloop
  endfacet
  facet normal -0.333543 -0.625527 -0.705312
    outer loop
      vertex -40.2222 -48.8017 0.2
      vertex -40.3221 -48.8321 0.274204
      vertex -40.2809 -48.7704 0.2
    endloop
  endfacet
  facet normal -0.0820863 -0.828925 -0.553304
    outer loop
      vertex -40 -49.0114 0.396452
      vertex -40.1131 -48.9186 0.274204
      vertex -40 -48.9298 0.274204
    endloop
  endfacet
  facet normal 0 -0.831732 -0.555177
    outer loop
      vertex -40 -48.9298 0.274204
      vertex 40 -49.0114 0.396452
      vertex -40 -49.0114 0.396452
    endloop
  endfacet
  facet normal 0 -0.831732 -0.555177
    outer loop
      vertex 40 -49.0114 0.396452
      vertex -40 -48.9298 0.274204
      vertex 40 -48.9298 0.274204
    endloop
  endfacet
  facet normal 0.643539 -0.528464 -0.553699
    outer loop
      vertex 40.55 -48.7175 0.396452
      vertex 40.41 -48.7599 0.274204
      vertex 40.4821 -48.6721 0.274204
    endloop
  endfacet
  facet normal 0.392308 -0.734533 -0.553674
    outer loop
      vertex 40.3675 -48.9 0.396452
      vertex 40.2531 -48.9611 0.396452
      vertex 40.3221 -48.8321 0.274204
    endloop
  endfacet
  facet normal 0.241474 -0.796993 -0.553617
    outer loop
      vertex 40.129 -48.9987 0.396452
      vertex 40.1131 -48.9186 0.274204
      vertex 40.2531 -48.9611 0.396452
    endloop
  endfacet
  facet normal 0.268064 -0.884753 -0.381253
    outer loop
      vertex 40.14 -49.0539 0.532286
      vertex 40.129 -48.9987 0.396452
      vertex 40.2531 -48.9611 0.396452
    endloop
  endfacet
  facet normal -0.0984209 -0.995145 0
    outer loop
      vertex -40.1456 -49.082 0.676487
      vertex -40 -49.0964 9.1375
      vertex -40.1456 -49.082 9.1375
    endloop
  endfacet
  facet normal -0.0984209 -0.995145 -0
    outer loop
      vertex -40 -49.0964 9.1375
      vertex -40.1456 -49.082 0.676487
      vertex -40 -49.0964 0.676487
    endloop
  endfacet
  facet normal -0.205489 -0.678221 -0.705543
    outer loop
      vertex -40.1131 -48.9186 0.274204
      vertex -40.1623 -48.8265 0.2
      vertex -40.0986 -48.8458 0.2
    endloop
  endfacet
  facet normal 0 -0.382763 -0.923847
    outer loop
      vertex 35.4435 -48.7035 0.0885584
      vertex -27.4023 -48.5677 0.0322945
      vertex 35.4023 -48.5677 0.0322945
    endloop
  endfacet
  facet normal 0 -0.382763 -0.923847
    outer loop
      vertex -27.4023 -48.5677 0.0322945
      vertex 35.4435 -48.7035 0.0885584
      vertex -27.4435 -48.7035 0.0885584
    endloop
  endfacet
  facet normal 0 0 -1
    outer loop
      vertex -22.5481 1.41619 0.0036108
      vertex -40.0735 14.95 0.0036108
      vertex -22.5625 1.5625 0.0036108
    endloop
  endfacet
  facet normal 0 0 -1
    outer loop
      vertex -22.5625 1.5625 0.0036108
      vertex -40.0735 14.95 0.0036108
      vertex -30.95 14.95 0.0036108
    endloop
  endfacet
  facet normal 0 0 -1
    outer loop
      vertex -16.1875 20.6875 0.0036108
      vertex -21.8125 20.6875 0.0036108
      vertex -16.1875 26.3125 0.0036108
    endloop
  endfacet
  facet normal 0 0 -1
    outer loop
      vertex -9.79808 13.7088 0.0036108
      vertex -15.4519 13.7088 0.0036108
      vertex -15.4375 14.3125 0.0036108
    endloop
  endfacet
  facet normal 0 0 -1
    outer loop
      vertex -15.4519 13.7088 0.0036108
      vertex -15.4519 14.1662 0.0036108
      vertex -15.4375 14.3125 0.0036108
    endloop
  endfacet
  facet normal 0 0 -1
    outer loop
      vertex -15.4946 13.8495 0.0036108
      vertex -15.4519 14.1662 0.0036108
      vertex -15.4519 13.7088 0.0036108
    endloop
  endfacet
  facet normal 0 0 -1
    outer loop
      vertex -15.4946 13.8495 0.0036108
      vertex -15.4946 14.0255 0.0036108
      vertex -15.4519 14.1662 0.0036108
    endloop
  endfacet
  facet normal 0 -0 -1
    outer loop
      vertex -15.4946 14.0255 0.0036108
      vertex -15.4946 13.8495 0.0036108
      vertex -15.5416 13.9375 0.0036108
    endloop
  endfacet
  facet normal -0 0 -1
    outer loop
      vertex -9.8125 7.9375 0.0036108
      vertex -15.4519 7.33381 0.0036108
      vertex -15.4375 7.9375 0.0036108
    endloop
  endfacet
  facet normal 0 0 -1
    outer loop
      vertex -15.4519 7.33381 0.0036108
      vertex -15.4519 7.79119 0.0036108
      vertex -15.4375 7.9375 0.0036108
    endloop
  endfacet
  facet normal 0 0 -1
    outer loop
      vertex -15.4946 7.47451 0.0036108
      vertex -15.4519 7.79119 0.0036108
      vertex -15.4519 7.33381 0.0036108
    endloop
  endfacet
  facet normal 0 0 -1
    outer loop
      vertex -15.4946 7.47451 0.0036108
      vertex -15.4946 7.65049 0.0036108
      vertex -15.4519 7.79119 0.0036108
    endloop
  endfacet
  facet normal 0 -0 -1
    outer loop
      vertex -15.4946 7.65049 0.0036108
      vertex -15.4946 7.47451 0.0036108
      vertex -15.5416 7.5625 0.0036108
    endloop
  endfacet
  facet normal 0 0 -1
    outer loop
      vertex -3.42308 20.0838 0.0036108
      vertex -9.07692 20.5412 0.0036108
      vertex -9.0625 20.6875 0.0036108
    endloop
  endfacet
  facet normal 0 0 -1
    outer loop
      vertex -3.4375 19.9375 0.0036108
      vertex -9.11959 20.4005 0.0036108
      vertex -9.07692 20.5412 0.0036108
    endloop
  endfacet
  facet normal 0 0 -1
    outer loop
      vertex -3.4375 19.9375 0.0036108
      vertex -9.1889 20.2708 0.0036108
      vertex -9.11959 20.4005 0.0036108
    endloop
  endfacet
  facet normal 0 0 -1
    outer loop
      vertex -9.66619 19.9519 0.0036108
      vertex -9.0625 14.3125 0.0036108
      vertex -9.20881 14.2981 0.0036108
    endloop
  endfacet
  facet normal 0 0 -1
    outer loop
      vertex -3.4375 19.9375 0.0036108
      vertex -9.28218 20.1572 0.0036108
      vertex -9.1889 20.2708 0.0036108
    endloop
  endfacet
  facet normal 0 0 -1
    outer loop
      vertex -9.8125 19.9375 0.0036108
      vertex -9.20881 14.2981 0.0036108
      vertex -9.34951 14.2554 0.0036108
    endloop
  endfacet
  facet normal 0 0 -1
    outer loop
      vertex -9.0625 14.3125 0.0036108
      vertex -9.39583 20.0639 0.0036108
      vertex -9.28218 20.1572 0.0036108
    endloop
  endfacet
  facet normal 0 0 -1
    outer loop
      vertex -9.8125 19.9375 0.0036108
      vertex -9.34951 14.2554 0.0036108
      vertex -9.47917 14.1861 0.0036108
    endloop
  endfacet
  facet normal 0 0 -1
    outer loop
      vertex -9.0625 14.3125 0.0036108
      vertex -9.52549 19.9946 0.0036108
      vertex -9.39583 20.0639 0.0036108
    endloop
  endfacet
  facet normal 0 0 -1
    outer loop
      vertex -9.8125 19.9375 0.0036108
      vertex -9.47917 14.1861 0.0036108
      vertex -9.59282 14.0928 0.0036108
    endloop
  endfacet
  facet normal 0 0 -1
    outer loop
      vertex -9.0625 14.3125 0.0036108
      vertex -9.66619 19.9519 0.0036108
      vertex -9.52549 19.9946 0.0036108
    endloop
  endfacet
  facet normal 0 0 -1
    outer loop
      vertex -15.4375 14.3125 0.0036108
      vertex -9.59282 14.0928 0.0036108
      vertex -9.6861 13.9792 0.0036108
    endloop
  endfacet
  facet normal 0 0 -1
    outer loop
      vertex -15.4375 14.3125 0.0036108
      vertex -9.6861 13.9792 0.0036108
      vertex -9.75541 13.8495 0.0036108
    endloop
  endfacet
  facet normal 0 0 -1
    outer loop
      vertex -15.4375 14.3125 0.0036108
      vertex -9.75541 13.8495 0.0036108
      vertex -9.79808 13.7088 0.0036108
    endloop
  endfacet
  facet normal 0 0 -1
    outer loop
      vertex -15.4519 13.7088 0.0036108
      vertex -9.79808 13.7088 0.0036108
      vertex -9.8125 13.5625 0.0036108
    endloop
  endfacet
  facet normal 0 0 -1
    outer loop
      vertex -9.20881 14.2981 0.0036108
      vertex -9.8125 19.9375 0.0036108
      vertex -9.66619 19.9519 0.0036108
    endloop
  endfacet
  facet normal -0 0 -1
    outer loop
      vertex -3.42308 1.41619 0.0036108
      vertex -9.07692 0.958813 0.0036108
      vertex -3.4375 1.5625 0.0036108
    endloop
  endfacet
  facet normal 0 0 -1
    outer loop
      vertex -9.11959 1.09951 0.0036108
      vertex -3.4375 1.5625 0.0036108
      vertex -9.07692 0.958813 0.0036108
    endloop
  endfacet
  facet normal 0 0 -1
    outer loop
      vertex -9.1889 1.22917 0.0036108
      vertex -3.4375 1.5625 0.0036108
      vertex -9.11959 1.09951 0.0036108
    endloop
  endfacet
  facet normal 0 0 -1
    outer loop
      vertex -9.28218 1.34282 0.0036108
      vertex -3.4375 1.5625 0.0036108
      vertex -9.1889 1.22917 0.0036108
    endloop
  endfacet
  facet normal 0 -0 -1
    outer loop
      vertex -9.0625 7.1875 0.0036108
      vertex -3.4375 1.5625 0.0036108
      vertex -9.28218 1.34282 0.0036108
    endloop
  endfacet
  facet normal 0 0 -1
    outer loop
      vertex -3.4375 1.5625 0.0036108
      vertex -9.0625 7.1875 0.0036108
      vertex -3.4375 7.1875 0.0036108
    endloop
  endfacet
  facet normal 0 0 -1
    outer loop
      vertex -9.39583 1.4361 0.0036108
      vertex -9.0625 7.1875 0.0036108
      vertex -9.28218 1.34282 0.0036108
    endloop
  endfacet
  facet normal 0 0 -1
    outer loop
      vertex -9.52549 1.50541 0.0036108
      vertex -9.0625 7.1875 0.0036108
      vertex -9.39583 1.4361 0.0036108
    endloop
  endfacet
  facet normal 0 0 -1
    outer loop
      vertex -9.66619 1.54808 0.0036108
      vertex -9.0625 7.1875 0.0036108
      vertex -9.52549 1.50541 0.0036108
    endloop
  endfacet
  facet normal -0 0 -1
    outer loop
      vertex -9.0625 7.1875 0.0036108
      vertex -9.66619 1.54808 0.0036108
      vertex -9.20881 7.20192 0.0036108
    endloop
  endfacet
  facet normal 0 0 -1
    outer loop
      vertex -9.8125 1.5625 0.0036108
      vertex -9.20881 7.20192 0.0036108
      vertex -9.66619 1.54808 0.0036108
    endloop
  endfacet
  facet normal -0 0 -1
    outer loop
      vertex -9.20881 7.20192 0.0036108
      vertex -9.8125 1.5625 0.0036108
      vertex -9.34951 7.24459 0.0036108
    endloop
  endfacet
  facet normal -0 0 -1
    outer loop
      vertex -9.34951 7.24459 0.0036108
      vertex -9.8125 1.5625 0.0036108
      vertex -9.47917 7.3139 0.0036108
    endloop
  endfacet
  facet normal -0 0 -1
    outer loop
      vertex -9.47917 7.3139 0.0036108
      vertex -9.8125 1.5625 0.0036108
      vertex -9.59282 7.40718 0.0036108
    endloop
  endfacet
  facet normal 0 0 -1
    outer loop
      vertex -15.4375 7.1875 0.0036108
      vertex -9.59282 7.40718 0.0036108
      vertex -9.8125 1.5625 0.0036108
    endloop
  endfacet
  facet normal -0 0 -1
    outer loop
      vertex -9.59282 7.40718 0.0036108
      vertex -15.4375 7.1875 0.0036108
      vertex -9.6861 7.52083 0.0036108
    endloop
  endfacet
  facet normal -0 0 -1
    outer loop
      vertex -9.6861 7.52083 0.0036108
      vertex -15.4375 7.1875 0.0036108
      vertex -9.75541 7.65049 0.0036108
    endloop
  endfacet
  facet normal -0 0 -1
    outer loop
      vertex -9.75541 7.65049 0.0036108
      vertex -15.4375 7.1875 0.0036108
      vertex -9.79808 7.79119 0.0036108
    endloop
  endfacet
  facet normal 0 0 -1
    outer loop
      vertex -15.4519 7.33381 0.0036108
      vertex -9.79808 7.79119 0.0036108
      vertex -15.4375 7.1875 0.0036108
    endloop
  endfacet
  facet normal 0 0 -1
    outer loop
      vertex -9.8125 7.9375 0.0036108
      vertex -15.4375 7.9375 0.0036108
      vertex -9.8125 13.5625 0.0036108
    endloop
  endfacet
  facet normal 0 0 -1
    outer loop
      vertex -15.4375 7.1875 0.0036108
      vertex -9.8125 1.5625 0.0036108
      vertex -15.4375 1.5625 0.0036108
    endloop
  endfacet
  facet normal -0 0 -1
    outer loop
      vertex -9.79808 7.79119 0.0036108
      vertex -15.4519 7.33381 0.0036108
      vertex -9.8125 7.9375 0.0036108
    endloop
  endfacet
  facet normal 0 0 -1
    outer loop
      vertex -15.4375 13.5625 0.0036108
      vertex -9.8125 13.5625 0.0036108
      vertex -15.4375 7.9375 0.0036108
    endloop
  endfacet
  facet normal 0 0 -1
    outer loop
      vertex -15.4519 13.7088 0.0036108
      vertex -9.8125 13.5625 0.0036108
      vertex -15.4375 13.5625 0.0036108
    endloop
  endfacet
  facet normal 0 0 -1
    outer loop
      vertex -9.59282 14.0928 0.0036108
      vertex -15.4375 14.3125 0.0036108
      vertex -9.8125 19.9375 0.0036108
    endloop
  endfacet
  facet normal -0 0 -1
    outer loop
      vertex -9.8125 19.9375 0.0036108
      vertex -15.4375 14.3125 0.0036108
      vertex -15.4375 19.9375 0.0036108
    endloop
  endfacet
  facet normal 0 0 -1
    outer loop
      vertex -3.4375 14.3125 0.0036108
      vertex -9.0625 14.3125 0.0036108
      vertex -3.4375 19.9375 0.0036108
    endloop
  endfacet
  facet normal -0 0 -1
    outer loop
      vertex 9.3125 7.1875 0.0036108
      vertex 3.6875 1.5625 0.0036108
      vertex 3.6875 7.1875 0.0036108
    endloop
  endfacet
  facet normal 0 0 -1
    outer loop
      vertex -22.5054 7.47451 0.0036108
      vertex -22.5054 7.65049 0.0036108
      vertex -22.4584 7.5625 0.0036108
    endloop
  endfacet
  facet normal 0 0 -1
    outer loop
      vertex -22.5481 7.33381 0.0036108
      vertex -22.5054 7.65049 0.0036108
      vertex -22.5054 7.47451 0.0036108
    endloop
  endfacet
  facet normal 0 0 -1
    outer loop
      vertex -22.5481 7.33381 0.0036108
      vertex -22.5481 7.79119 0.0036108
      vertex -22.5054 7.65049 0.0036108
    endloop
  endfacet
  facet normal 0 0 -1
    outer loop
      vertex -22.5625 7.1875 0.0036108
      vertex -22.5481 7.79119 0.0036108
      vertex -22.5481 7.33381 0.0036108
    endloop
  endfacet
  facet normal -0 0 -1
    outer loop
      vertex -22.5481 7.79119 0.0036108
      vertex -22.5625 7.1875 0.0036108
      vertex -22.5625 7.9375 0.0036108
    endloop
  endfacet
  facet normal 0 0 -1
    outer loop
      vertex -22.5054 13.8495 0.0036108
      vertex -22.5054 14.0255 0.0036108
      vertex -22.4584 13.9375 0.0036108
    endloop
  endfacet
  facet normal 0 0 -1
    outer loop
      vertex -22.5481 13.7088 0.0036108
      vertex -22.5054 14.0255 0.0036108
      vertex -22.5054 13.8495 0.0036108
    endloop
  endfacet
  facet normal 0 0 -1
    outer loop
      vertex -22.5481 13.7088 0.0036108
      vertex -22.5481 14.1662 0.0036108
      vertex -22.5054 14.0255 0.0036108
    endloop
  endfacet
  facet normal 0 0 -1
    outer loop
      vertex -22.5625 13.5625 0.0036108
      vertex -22.5481 14.1662 0.0036108
      vertex -22.5481 13.7088 0.0036108
    endloop
  endfacet
  facet normal -0 0 -1
    outer loop
      vertex -22.5481 14.1662 0.0036108
      vertex -22.5625 13.5625 0.0036108
      vertex -22.5625 14.3125 0.0036108
    endloop
  endfacet
  facet normal 0 0 -1
    outer loop
      vertex -22.5625 13.5625 0.0036108
      vertex -30.95 14.95 0.0036108
      vertex -22.5625 14.3125 0.0036108
    endloop
  endfacet
  facet normal 0 0 -1
    outer loop
      vertex -30.95 24.05 0.0036108
      vertex -22.5625 14.3125 0.0036108
      vertex -30.95 14.95 0.0036108
    endloop
  endfacet
  facet normal 0 0 -1
    outer loop
      vertex -22.5625 14.3125 0.0036108
      vertex -30.95 24.05 0.0036108
      vertex -29.6789 46.0289 0.0036108
    endloop
  endfacet
  facet normal 0 0 -1
    outer loop
      vertex -30.95 24.05 0.0036108
      vertex -31.1943 44.7853 0.0036108
      vertex -29.6789 46.0289 0.0036108
    endloop
  endfacet
  facet normal 0 0 -1
    outer loop
      vertex -30.95 24.05 0.0036108
      vertex -32.9232 43.8612 0.0036108
      vertex -31.1943 44.7853 0.0036108
    endloop
  endfacet
  facet normal 0 0 -1
    outer loop
      vertex -30.95 24.05 0.0036108
      vertex -34.7991 43.2921 0.0036108
      vertex -32.9232 43.8612 0.0036108
    endloop
  endfacet
  facet normal 0 0 -1
    outer loop
      vertex -30.95 24.05 0.0036108
      vertex -36.75 43.1 0.0036108
      vertex -34.7991 43.2921 0.0036108
    endloop
  endfacet
  facet normal 0 0 -1
    outer loop
      vertex -40.0735 24.05 0.0036108
      vertex -36.75 43.1 0.0036108
      vertex -30.95 24.05 0.0036108
    endloop
  endfacet
  facet normal -0 0 -1
    outer loop
      vertex -36.75 43.1 0.0036108
      vertex -40.0735 24.05 0.0036108
      vertex -38.7009 43.2921 0.0036108
    endloop
  endfacet
  facet normal -0 0 -1
    outer loop
      vertex -38.7009 43.2921 0.0036108
      vertex -40.0735 24.05 0.0036108
      vertex -40.0735 43.7085 0.0036108
    endloop
  endfacet
  facet normal 0 0 -1
    outer loop
      vertex 22.7981 13.7088 0.0036108
      vertex 22.8125 14.3125 0.0036108
      vertex 22.8125 13.5625 0.0036108
    endloop
  endfacet
  facet normal 0 0 -1
    outer loop
      vertex 22.7981 13.7088 0.0036108
      vertex 22.7981 14.1662 0.0036108
      vertex 22.8125 14.3125 0.0036108
    endloop
  endfacet
  facet normal 0 0 -1
    outer loop
      vertex 22.7554 13.8495 0.0036108
      vertex 22.7981 14.1662 0.0036108
      vertex 22.7981 13.7088 0.0036108
    endloop
  endfacet
  facet normal 0 0 -1
    outer loop
      vertex 22.7554 13.8495 0.0036108
      vertex 22.7554 14.0255 0.0036108
      vertex 22.7981 14.1662 0.0036108
    endloop
  endfacet
  facet normal 0 -0 -1
    outer loop
      vertex 22.7554 14.0255 0.0036108
      vertex 22.7554 13.8495 0.0036108
      vertex 22.7084 13.9375 0.0036108
    endloop
  endfacet
  facet normal 0 0 -1
    outer loop
      vertex 22.7981 7.33381 0.0036108
      vertex 22.8125 7.9375 0.0036108
      vertex 22.8125 7.1875 0.0036108
    endloop
  endfacet
  facet normal 0 0 -1
    outer loop
      vertex 22.7981 7.33381 0.0036108
      vertex 22.7981 7.79119 0.0036108
      vertex 22.8125 7.9375 0.0036108
    endloop
  endfacet
  facet normal 0 0 -1
    outer loop
      vertex 22.7554 7.47451 0.0036108
      vertex 22.7981 7.79119 0.0036108
      vertex 22.7981 7.33381 0.0036108
    endloop
  endfacet
  facet normal 0 0 -1
    outer loop
      vertex 22.7554 7.47451 0.0036108
      vertex 22.7554 7.65049 0.0036108
      vertex 22.7981 7.79119 0.0036108
    endloop
  endfacet
  facet normal 0 -0 -1
    outer loop
      vertex 22.7554 7.65049 0.0036108
      vertex 22.7554 7.47451 0.0036108
      vertex 22.7084 7.5625 0.0036108
    endloop
  endfacet
  facet normal 0 0 -1
    outer loop
      vertex -26.75 -45.1 0.0036108
      vertex 34.75 -45.1 0.0036108
      vertex 34.9421 -47.0509 0.0036108
    endloop
  endfacet
  facet normal 0 0 -1
    outer loop
      vertex 15.6875 -5.5625 0.0036108
      vertex 30.95 -15.95 0.0036108
      vertex 30.95 -25.05 0.0036108
    endloop
  endfacet
  facet normal 0 0 -1
    outer loop
      vertex 30.95 -15.95 0.0036108
      vertex 22.7981 1.41619 0.0036108
      vertex 30.95 14.95 0.0036108
    endloop
  endfacet
  facet normal 0 0 -1
    outer loop
      vertex 22.8125 7.1875 0.0036108
      vertex 30.95 14.95 0.0036108
      vertex 22.8125 1.5625 0.0036108
    endloop
  endfacet
  facet normal 0 0 -1
    outer loop
      vertex 34.75 -45.1 0.0036108
      vertex -26.9421 -43.1491 0.0036108
      vertex 30.95 -25.05 0.0036108
    endloop
  endfacet
  facet normal 0 0 -1
    outer loop
      vertex 30.95 14.95 0.0036108
      vertex 22.7981 1.41619 0.0036108
      vertex 22.8125 1.5625 0.0036108
    endloop
  endfacet
  facet normal 0 0 -1
    outer loop
      vertex 30.95 -15.95 0.0036108
      vertex 22.7554 1.27549 0.0036108
      vertex 22.7981 1.41619 0.0036108
    endloop
  endfacet
  facet normal 0 0 -1
    outer loop
      vertex 30.95 -15.95 0.0036108
      vertex 22.6861 1.14583 0.0036108
      vertex 22.7554 1.27549 0.0036108
    endloop
  endfacet
  facet normal 0 0 -1
    outer loop
      vertex 30.95 -15.95 0.0036108
      vertex 22.5928 1.03218 0.0036108
      vertex 22.6861 1.14583 0.0036108
    endloop
  endfacet
  facet normal 0 0 -1
    outer loop
      vertex 30.95 -15.95 0.0036108
      vertex 22.4792 0.9389 0.0036108
      vertex 22.5928 1.03218 0.0036108
    endloop
  endfacet
  facet normal 0 0 -1
    outer loop
      vertex 30.95 -15.95 0.0036108
      vertex 16.3111 -5.22917 0.0036108
      vertex 16.3804 -5.09951 0.0036108
    endloop
  endfacet
  facet normal 0 0 -1
    outer loop
      vertex 30.95 -15.95 0.0036108
      vertex 22.3495 0.869595 0.0036108
      vertex 22.4792 0.9389 0.0036108
    endloop
  endfacet
  facet normal 0 0 -1
    outer loop
      vertex 30.95 -15.95 0.0036108
      vertex 16.3804 -5.09951 0.0036108
      vertex 22.3495 0.869595 0.0036108
    endloop
  endfacet
  facet normal 0 0 -1
    outer loop
      vertex 22.3495 0.869595 0.0036108
      vertex 16.3804 -5.09951 0.0036108
      vertex 22.2088 0.82692 0.0036108
    endloop
  endfacet
  facet normal 0 0 -1
    outer loop
      vertex -26.9421 -47.0509 0.0036108
      vertex 34.9421 -47.0509 0.0036108
      vertex 35.3585 -48.4235 0.0036108
    endloop
  endfacet
  facet normal 0 0 -1
    outer loop
      vertex 22.0625 0.8125 0.0036108
      vertex 16.4231 -4.95881 0.0036108
      vertex 16.4375 -4.8125 0.0036108
    endloop
  endfacet
  facet normal 0 0 -1
    outer loop
      vertex 22.2088 0.82692 0.0036108
      vertex 16.4231 -4.95881 0.0036108
      vertex 22.0625 0.8125 0.0036108
    endloop
  endfacet
  facet normal 0 -0 -1
    outer loop
      vertex 16.4231 -4.95881 0.0036108
      vertex 22.2088 0.82692 0.0036108
      vertex 16.3804 -5.09951 0.0036108
    endloop
  endfacet
  facet normal 0 0 -1
    outer loop
      vertex 30.95 -15.95 0.0036108
      vertex 16.2178 -5.34282 0.0036108
      vertex 16.3111 -5.22917 0.0036108
    endloop
  endfacet
  facet normal 0 0 -1
    outer loop
      vertex 30.95 -15.95 0.0036108
      vertex 16.1042 -5.4361 0.0036108
      vertex 16.2178 -5.34282 0.0036108
    endloop
  endfacet
  facet normal 0 0 -1
    outer loop
      vertex 30.95 -15.95 0.0036108
      vertex 15.9745 -5.50541 0.0036108
      vertex 16.1042 -5.4361 0.0036108
    endloop
  endfacet
  facet normal 0 0 -1
    outer loop
      vertex 30.95 -15.95 0.0036108
      vertex 15.8338 -5.54808 0.0036108
      vertex 15.9745 -5.50541 0.0036108
    endloop
  endfacet
  facet normal 0 0 -1
    outer loop
      vertex 30.95 -15.95 0.0036108
      vertex 15.6875 -5.5625 0.0036108
      vertex 15.8338 -5.54808 0.0036108
    endloop
  endfacet
  facet normal 0 0 -1
    outer loop
      vertex 30.95 -25.05 0.0036108
      vertex 10.0625 -5.5625 0.0036108
      vertex 15.6875 -5.5625 0.0036108
    endloop
  endfacet
  facet normal 0 0 -1
    outer loop
      vertex 30.95 -25.05 0.0036108
      vertex 9.91619 -5.54808 0.0036108
      vertex 10.0625 -5.5625 0.0036108
    endloop
  endfacet
  facet normal -0 0 -1
    outer loop
      vertex 30.95 -25.05 0.0036108
      vertex -26.9421 -43.1491 0.0036108
      vertex 9.91619 -5.54808 0.0036108
    endloop
  endfacet
  facet normal -0 0 -1
    outer loop
      vertex 9.91619 -5.54808 0.0036108
      vertex -26.9421 -43.1491 0.0036108
      vertex 9.77549 -5.50541 0.0036108
    endloop
  endfacet
  facet normal 0 0 -1
    outer loop
      vertex -27.5112 -41.2732 0.0036108
      vertex 9.77549 -5.50541 0.0036108
      vertex -26.9421 -43.1491 0.0036108
    endloop
  endfacet
  facet normal 0 -0 -1
    outer loop
      vertex -9.52549 -5.50541 0.0036108
      vertex 9.77549 -5.50541 0.0036108
      vertex -27.5112 -41.2732 0.0036108
    endloop
  endfacet
  facet normal 0 0 -1
    outer loop
      vertex 3.46782 1.03218 0.0036108
      vertex 9.3125 0.8125 0.0036108
      vertex 9.3125 -4.8125 0.0036108
    endloop
  endfacet
  facet normal 0 0 -1
    outer loop
      vertex 9.3125 0.8125 0.0036108
      vertex 3.6875 1.5625 0.0036108
      vertex 9.3125 7.1875 0.0036108
    endloop
  endfacet
  facet normal 0 0 -1
    outer loop
      vertex 2.9375 0.8125 0.0036108
      vertex 9.3125 -4.8125 0.0036108
      vertex 9.32692 -4.95881 0.0036108
    endloop
  endfacet
  facet normal 0 0 -1
    outer loop
      vertex 2.9375 0.8125 0.0036108
      vertex 9.32692 -4.95881 0.0036108
      vertex 9.36959 -5.09951 0.0036108
    endloop
  endfacet
  facet normal 0 0 -1
    outer loop
      vertex -9.11959 -5.09951 0.0036108
      vertex 9.36959 -5.09951 0.0036108
      vertex 9.4389 -5.22917 0.0036108
    endloop
  endfacet
  facet normal 0 0 -1
    outer loop
      vertex 9.77549 -5.50541 0.0036108
      vertex -9.52549 -5.50541 0.0036108
      vertex 9.64583 -5.4361 0.0036108
    endloop
  endfacet
  facet normal 0 0 -1
    outer loop
      vertex 9.3125 0.8125 0.0036108
      vertex 3.67308 1.41619 0.0036108
      vertex 3.6875 1.5625 0.0036108
    endloop
  endfacet
  facet normal 0 0 -1
    outer loop
      vertex 9.3125 0.8125 0.0036108
      vertex 3.63041 1.27549 0.0036108
      vertex 3.67308 1.41619 0.0036108
    endloop
  endfacet
  facet normal 0 0 -1
    outer loop
      vertex 9.3125 0.8125 0.0036108
      vertex 3.5611 1.14583 0.0036108
      vertex 3.63041 1.27549 0.0036108
    endloop
  endfacet
  facet normal 0 0 -1
    outer loop
      vertex 9.3125 0.8125 0.0036108
      vertex 3.46782 1.03218 0.0036108
      vertex 3.5611 1.14583 0.0036108
    endloop
  endfacet
  facet normal 0 0 -1
    outer loop
      vertex 9.3125 -4.8125 0.0036108
      vertex 3.35417 0.9389 0.0036108
      vertex 3.46782 1.03218 0.0036108
    endloop
  endfacet
  facet normal 0 0 -1
    outer loop
      vertex 9.3125 -4.8125 0.0036108
      vertex 3.22451 0.869595 0.0036108
      vertex 3.35417 0.9389 0.0036108
    endloop
  endfacet
  facet normal 0 0 -1
    outer loop
      vertex 9.3125 -4.8125 0.0036108
      vertex 3.08381 0.82692 0.0036108
      vertex 3.22451 0.869595 0.0036108
    endloop
  endfacet
  facet normal 0 -0 -1
    outer loop
      vertex -9.1889 -5.22917 0.0036108
      vertex 9.4389 -5.22917 0.0036108
      vertex -9.28218 -5.34282 0.0036108
    endloop
  endfacet
  facet normal 0 0 -1
    outer loop
      vertex 9.3125 -4.8125 0.0036108
      vertex 2.9375 0.8125 0.0036108
      vertex 3.08381 0.82692 0.0036108
    endloop
  endfacet
  facet normal 0 0 -1
    outer loop
      vertex 9.36959 -5.09951 0.0036108
      vertex -9.11959 -5.09951 0.0036108
      vertex 2.9375 0.8125 0.0036108
    endloop
  endfacet
  facet normal -0 0 -1
    outer loop
      vertex 2.9375 0.8125 0.0036108
      vertex -9.11959 -5.09951 0.0036108
      vertex -2.6875 0.8125 0.0036108
    endloop
  endfacet
  facet normal 0 -0 -1
    outer loop
      vertex -9.07692 -4.95881 0.0036108
      vertex -2.6875 0.8125 0.0036108
      vertex -9.11959 -5.09951 0.0036108
    endloop
  endfacet
  facet normal 0 -0 -1
    outer loop
      vertex -9.0625 -4.8125 0.0036108
      vertex -2.6875 0.8125 0.0036108
      vertex -9.07692 -4.95881 0.0036108
    endloop
  endfacet
  facet normal -0 0 -1
    outer loop
      vertex -2.6875 0.8125 0.0036108
      vertex -9.0625 -4.8125 0.0036108
      vertex -2.83381 0.82692 0.0036108
    endloop
  endfacet
  facet normal 0 0 -1
    outer loop
      vertex -9.07692 0.958813 0.0036108
      vertex -3.42308 1.41619 0.0036108
      vertex -9.0625 0.8125 0.0036108
    endloop
  endfacet
  facet normal -0 0 -1
    outer loop
      vertex -3.38041 1.27549 0.0036108
      vertex -9.0625 0.8125 0.0036108
      vertex -3.42308 1.41619 0.0036108
    endloop
  endfacet
  facet normal -0 0 -1
    outer loop
      vertex -3.3111 1.14583 0.0036108
      vertex -9.0625 0.8125 0.0036108
      vertex -3.38041 1.27549 0.0036108
    endloop
  endfacet
  facet normal -0 0 -1
    outer loop
      vertex -3.21782 1.03218 0.0036108
      vertex -9.0625 0.8125 0.0036108
      vertex -3.3111 1.14583 0.0036108
    endloop
  endfacet
  facet normal -0 0 -1
    outer loop
      vertex -2.83381 0.82692 0.0036108
      vertex -9.0625 -4.8125 0.0036108
      vertex -2.97451 0.869595 0.0036108
    endloop
  endfacet
  facet normal 0 0 -1
    outer loop
      vertex -9.0625 0.8125 0.0036108
      vertex -3.21782 1.03218 0.0036108
      vertex -9.0625 -4.8125 0.0036108
    endloop
  endfacet
  facet normal -0 0 -1
    outer loop
      vertex -3.10417 0.9389 0.0036108
      vertex -9.0625 -4.8125 0.0036108
      vertex -3.21782 1.03218 0.0036108
    endloop
  endfacet
  facet normal -0 0 -1
    outer loop
      vertex -2.97451 0.869595 0.0036108
      vertex -9.0625 -4.8125 0.0036108
      vertex -3.10417 0.9389 0.0036108
    endloop
  endfacet
  facet normal 0 -0 -1
    outer loop
      vertex -9.11959 -5.09951 0.0036108
      vertex 9.4389 -5.22917 0.0036108
      vertex -9.1889 -5.22917 0.0036108
    endloop
  endfacet
  facet normal 0 0 -1
    outer loop
      vertex 9.53218 -5.34282 0.0036108
      vertex -9.28218 -5.34282 0.0036108
      vertex 9.4389 -5.22917 0.0036108
    endloop
  endfacet
  facet normal 0 -0 -1
    outer loop
      vertex -9.28218 -5.34282 0.0036108
      vertex 9.53218 -5.34282 0.0036108
      vertex -9.39583 -5.4361 0.0036108
    endloop
  endfacet
  facet normal 0 -0 -1
    outer loop
      vertex -9.39583 -5.4361 0.0036108
      vertex 9.64583 -5.4361 0.0036108
      vertex -9.52549 -5.50541 0.0036108
    endloop
  endfacet
  facet normal 0 0 -1
    outer loop
      vertex 9.64583 -5.4361 0.0036108
      vertex -9.39583 -5.4361 0.0036108
      vertex 9.53218 -5.34282 0.0036108
    endloop
  endfacet
  facet normal 0 0 -1
    outer loop
      vertex -9.52549 -5.50541 0.0036108
      vertex -27.5112 -41.2732 0.0036108
      vertex -9.66619 -5.54808 0.0036108
    endloop
  endfacet
  facet normal 0 0 -1
    outer loop
      vertex -28.4353 -39.5443 0.0036108
      vertex -9.66619 -5.54808 0.0036108
      vertex -27.5112 -41.2732 0.0036108
    endloop
  endfacet
  facet normal 0 0 -1
    outer loop
      vertex -9.66619 -5.54808 0.0036108
      vertex -28.4353 -39.5443 0.0036108
      vertex -9.8125 -5.5625 0.0036108
    endloop
  endfacet
  facet normal 0 0 -1
    outer loop
      vertex -30.95 -25.05 0.0036108
      vertex -9.8125 -5.5625 0.0036108
      vertex -28.4353 -39.5443 0.0036108
    endloop
  endfacet
  facet normal -0 0 -1
    outer loop
      vertex -9.8125 -5.5625 0.0036108
      vertex -30.95 -25.05 0.0036108
      vertex -15.4375 -5.5625 0.0036108
    endloop
  endfacet
  facet normal 0 0 -1
    outer loop
      vertex -16.1875 -4.8125 0.0036108
      vertex -21.8125 0.8125 0.0036108
      vertex -16.1875 0.8125 0.0036108
    endloop
  endfacet
  facet normal 0 0 -1
    outer loop
      vertex -16.1731 -4.95881 0.0036108
      vertex -21.8125 0.8125 0.0036108
      vertex -16.1875 -4.8125 0.0036108
    endloop
  endfacet
  facet normal 0 0 -1
    outer loop
      vertex -21.9588 0.82692 0.0036108
      vertex -16.1731 -4.95881 0.0036108
      vertex -16.1304 -5.09951 0.0036108
    endloop
  endfacet
  facet normal -0 0 -1
    outer loop
      vertex -15.9678 -5.34282 0.0036108
      vertex -30.95 -15.95 0.0036108
      vertex -16.0611 -5.22917 0.0036108
    endloop
  endfacet
  facet normal -0 0 -1
    outer loop
      vertex -15.8542 -5.4361 0.0036108
      vertex -30.95 -15.95 0.0036108
      vertex -15.9678 -5.34282 0.0036108
    endloop
  endfacet
  facet normal 0 0 -1
    outer loop
      vertex -16.1731 -4.95881 0.0036108
      vertex -21.9588 0.82692 0.0036108
      vertex -21.8125 0.8125 0.0036108
    endloop
  endfacet
  facet normal 0 0 -1
    outer loop
      vertex -16.1304 -5.09951 0.0036108
      vertex -22.0995 0.869595 0.0036108
      vertex -21.9588 0.82692 0.0036108
    endloop
  endfacet
  facet normal -0 0 -1
    outer loop
      vertex -16.0611 -5.22917 0.0036108
      vertex -30.95 -15.95 0.0036108
      vertex -16.1304 -5.09951 0.0036108
    endloop
  endfacet
  facet normal -0 0 -1
    outer loop
      vertex -16.1304 -5.09951 0.0036108
      vertex -30.95 -15.95 0.0036108
      vertex -22.0995 0.869595 0.0036108
    endloop
  endfacet
  facet normal -0 0 -1
    outer loop
      vertex -22.5054 1.27549 0.0036108
      vertex -40.0735 -15.95 0.0036108
      vertex -22.5481 1.41619 0.0036108
    endloop
  endfacet
  facet normal 0 0 -1
    outer loop
      vertex -40.0735 14.95 0.0036108
      vertex -22.5481 1.41619 0.0036108
      vertex -40.0735 -15.95 0.0036108
    endloop
  endfacet
  facet normal 0 0 -1
    outer loop
      vertex -22.5625 1.5625 0.0036108
      vertex -30.95 14.95 0.0036108
      vertex -22.5625 7.1875 0.0036108
    endloop
  endfacet
  facet normal 0 0 -1
    outer loop
      vertex -22.5625 7.1875 0.0036108
      vertex -30.95 14.95 0.0036108
      vertex -22.5625 7.9375 0.0036108
    endloop
  endfacet
  facet normal -0 0 -1
    outer loop
      vertex -22.3428 1.03218 0.0036108
      vertex -30.95 -15.95 0.0036108
      vertex -22.4361 1.14583 0.0036108
    endloop
  endfacet
  facet normal -0 0 -1
    outer loop
      vertex -22.2292 0.9389 0.0036108
      vertex -30.95 -15.95 0.0036108
      vertex -22.3428 1.03218 0.0036108
    endloop
  endfacet
  facet normal -0 0 -1
    outer loop
      vertex -22.0995 0.869595 0.0036108
      vertex -30.95 -15.95 0.0036108
      vertex -22.2292 0.9389 0.0036108
    endloop
  endfacet
  facet normal -0 0 -1
    outer loop
      vertex -15.7245 -5.50541 0.0036108
      vertex -30.95 -15.95 0.0036108
      vertex -15.8542 -5.4361 0.0036108
    endloop
  endfacet
  facet normal -0 0 -1
    outer loop
      vertex -15.4375 -5.5625 0.0036108
      vertex -30.95 -15.95 0.0036108
      vertex -15.5838 -5.54808 0.0036108
    endloop
  endfacet
  facet normal 0 0 -1
    outer loop
      vertex -30.95 -15.95 0.0036108
      vertex -15.4375 -5.5625 0.0036108
      vertex -30.95 -25.05 0.0036108
    endloop
  endfacet
  facet normal 0 0 -1
    outer loop
      vertex 34.75 -45.1 0.0036108
      vertex -26.75 -45.1 0.0036108
      vertex -26.9421 -43.1491 0.0036108
    endloop
  endfacet
  facet normal 0 0 -1
    outer loop
      vertex 34.9421 -47.0509 0.0036108
      vertex -26.9421 -47.0509 0.0036108
      vertex -26.75 -45.1 0.0036108
    endloop
  endfacet
  facet normal 0 -0 -1
    outer loop
      vertex -26.9421 -47.0509 0.0036108
      vertex 35.3585 -48.4235 0.0036108
      vertex -27.3585 -48.4235 0.0036108
    endloop
  endfacet
  facet normal 0 0 -1
    outer loop
      vertex 39.1943 -36.7853 0.0036108
      vertex 40.0735 -25.05 0.0036108
      vertex 40.0735 -36.3154 0.0036108
    endloop
  endfacet
  facet normal 0 0 -1
    outer loop
      vertex 30.95 -25.05 0.0036108
      vertex 39.1943 -36.7853 0.0036108
      vertex 37.6789 -38.0289 0.0036108
    endloop
  endfacet
  facet normal 0 0 -1
    outer loop
      vertex 30.95 -25.05 0.0036108
      vertex 37.6789 -38.0289 0.0036108
      vertex 36.4353 -39.5443 0.0036108
    endloop
  endfacet
  facet normal 0 0 -1
    outer loop
      vertex 30.95 -25.05 0.0036108
      vertex 36.4353 -39.5443 0.0036108
      vertex 35.5112 -41.2732 0.0036108
    endloop
  endfacet
  facet normal 0 0 -1
    outer loop
      vertex 30.95 -25.05 0.0036108
      vertex 35.5112 -41.2732 0.0036108
      vertex 34.9421 -43.1491 0.0036108
    endloop
  endfacet
  facet normal 0 0 -1
    outer loop
      vertex 39.1943 -36.7853 0.0036108
      vertex 30.95 -25.05 0.0036108
      vertex 40.0735 -25.05 0.0036108
    endloop
  endfacet
  facet normal 0 0 -1
    outer loop
      vertex 30.95 -25.05 0.0036108
      vertex 34.9421 -43.1491 0.0036108
      vertex 34.75 -45.1 0.0036108
    endloop
  endfacet
  facet normal 0 0 -1
    outer loop
      vertex 30.95 -15.95 0.0036108
      vertex 40.0735 14.95 0.0036108
      vertex 40.0735 -15.95 0.0036108
    endloop
  endfacet
  facet normal -0 0 -1
    outer loop
      vertex 40.0735 14.95 0.0036108
      vertex 30.95 -15.95 0.0036108
      vertex 30.95 14.95 0.0036108
    endloop
  endfacet
  facet normal 0 0 -1
    outer loop
      vertex 30.95 24.05 0.0036108
      vertex 40.0735 44.3154 0.0036108
      vertex 40.0735 24.05 0.0036108
    endloop
  endfacet
  facet normal -0 0 -1
    outer loop
      vertex 40.0735 44.3154 0.0036108
      vertex 30.95 24.05 0.0036108
      vertex 39.1943 44.7853 0.0036108
    endloop
  endfacet
  facet normal -0 0 -1
    outer loop
      vertex 39.1943 44.7853 0.0036108
      vertex 30.95 24.05 0.0036108
      vertex 37.6789 46.0289 0.0036108
    endloop
  endfacet
  facet normal -0 0 -1
    outer loop
      vertex 37.6789 46.0289 0.0036108
      vertex 30.95 24.05 0.0036108
      vertex 36.4353 47.5443 0.0036108
    endloop
  endfacet
  facet normal 0 0 -1
    outer loop
      vertex 16.2178 26.8428 0.0036108
      vertex 36.4353 47.5443 0.0036108
      vertex 30.95 24.05 0.0036108
    endloop
  endfacet
  facet normal 0 0 -1
    outer loop
      vertex 22.8125 7.9375 0.0036108
      vertex 30.95 14.95 0.0036108
      vertex 22.8125 7.1875 0.0036108
    endloop
  endfacet
  facet normal 0 0 -1
    outer loop
      vertex 22.8125 13.5625 0.0036108
      vertex 30.95 14.95 0.0036108
      vertex 22.8125 7.9375 0.0036108
    endloop
  endfacet
  facet normal 0 0 -1
    outer loop
      vertex 22.8125 14.3125 0.0036108
      vertex 30.95 14.95 0.0036108
      vertex 22.8125 13.5625 0.0036108
    endloop
  endfacet
  facet normal 0 0 -1
    outer loop
      vertex 22.8125 19.9375 0.0036108
      vertex 30.95 14.95 0.0036108
      vertex 22.8125 14.3125 0.0036108
    endloop
  endfacet
  facet normal 0 0 -1
    outer loop
      vertex 30.95 14.95 0.0036108
      vertex 22.8125 19.9375 0.0036108
      vertex 30.95 24.05 0.0036108
    endloop
  endfacet
  facet normal 0 0 -1
    outer loop
      vertex 22.7981 20.0838 0.0036108
      vertex 30.95 24.05 0.0036108
      vertex 22.8125 19.9375 0.0036108
    endloop
  endfacet
  facet normal 0 0 -1
    outer loop
      vertex 22.7554 20.2245 0.0036108
      vertex 30.95 24.05 0.0036108
      vertex 22.7981 20.0838 0.0036108
    endloop
  endfacet
  facet normal 0 0 -1
    outer loop
      vertex 22.6861 20.3542 0.0036108
      vertex 30.95 24.05 0.0036108
      vertex 22.7554 20.2245 0.0036108
    endloop
  endfacet
  facet normal 0 0 -1
    outer loop
      vertex 22.5928 20.4678 0.0036108
      vertex 30.95 24.05 0.0036108
      vertex 22.6861 20.3542 0.0036108
    endloop
  endfacet
  facet normal 0 0 -1
    outer loop
      vertex 22.4792 20.5611 0.0036108
      vertex 30.95 24.05 0.0036108
      vertex 22.5928 20.4678 0.0036108
    endloop
  endfacet
  facet normal 0 0 -1
    outer loop
      vertex 22.3495 20.6304 0.0036108
      vertex 30.95 24.05 0.0036108
      vertex 22.4792 20.5611 0.0036108
    endloop
  endfacet
  facet normal 0 0 -1
    outer loop
      vertex 22.2088 20.6731 0.0036108
      vertex 30.95 24.05 0.0036108
      vertex 22.3495 20.6304 0.0036108
    endloop
  endfacet
  facet normal 0 0 -1
    outer loop
      vertex 16.4231 26.4588 0.0036108
      vertex 30.95 24.05 0.0036108
      vertex 22.2088 20.6731 0.0036108
    endloop
  endfacet
  facet normal 0 0 -1
    outer loop
      vertex 16.4231 26.4588 0.0036108
      vertex 22.2088 20.6731 0.0036108
      vertex 22.0625 20.6875 0.0036108
    endloop
  endfacet
  facet normal 0 0 -1
    outer loop
      vertex 16.4375 26.3125 0.0036108
      vertex 22.0625 20.6875 0.0036108
      vertex 16.4375 20.6875 0.0036108
    endloop
  endfacet
  facet normal 0 0 -1
    outer loop
      vertex 16.4231 26.4588 0.0036108
      vertex 22.0625 20.6875 0.0036108
      vertex 16.4375 26.3125 0.0036108
    endloop
  endfacet
  facet normal 0 0 -1
    outer loop
      vertex 30.95 24.05 0.0036108
      vertex 16.4231 26.4588 0.0036108
      vertex 16.3804 26.5995 0.0036108
    endloop
  endfacet
  facet normal 0 0 -1
    outer loop
      vertex 30.95 24.05 0.0036108
      vertex 16.3804 26.5995 0.0036108
      vertex 16.3111 26.7292 0.0036108
    endloop
  endfacet
  facet normal 0 0 -1
    outer loop
      vertex 16.2178 26.8428 0.0036108
      vertex 30.95 24.05 0.0036108
      vertex 16.3111 26.7292 0.0036108
    endloop
  endfacet
  facet normal 0 0 -1
    outer loop
      vertex 16.1042 26.9361 0.0036108
      vertex 36.4353 47.5443 0.0036108
      vertex 16.2178 26.8428 0.0036108
    endloop
  endfacet
  facet normal 0 0 -1
    outer loop
      vertex 15.9745 27.0054 0.0036108
      vertex 36.4353 47.5443 0.0036108
      vertex 16.1042 26.9361 0.0036108
    endloop
  endfacet
  facet normal -0 0 -1
    outer loop
      vertex 36.4353 47.5443 0.0036108
      vertex 15.9745 27.0054 0.0036108
      vertex 35.9654 48.4235 0.0036108
    endloop
  endfacet
  facet normal 0 0 -1
    outer loop
      vertex 15.8338 27.0481 0.0036108
      vertex 35.9654 48.4235 0.0036108
      vertex 15.9745 27.0054 0.0036108
    endloop
  endfacet
  facet normal 0 0 -1
    outer loop
      vertex 15.6875 27.0625 0.0036108
      vertex 35.9654 48.4235 0.0036108
      vertex 15.8338 27.0481 0.0036108
    endloop
  endfacet
  facet normal 0 0 -1
    outer loop
      vertex 10.0625 27.0625 0.0036108
      vertex 35.9654 48.4235 0.0036108
      vertex 15.6875 27.0625 0.0036108
    endloop
  endfacet
  facet normal 0 0 -1
    outer loop
      vertex 9.91619 27.0481 0.0036108
      vertex 35.9654 48.4235 0.0036108
      vertex 10.0625 27.0625 0.0036108
    endloop
  endfacet
  facet normal 0 0 -1
    outer loop
      vertex -27.9654 48.4235 0.0036108
      vertex 9.91619 27.0481 0.0036108
      vertex 9.77549 27.0054 0.0036108
    endloop
  endfacet
  facet normal 0 0 -1
    outer loop
      vertex -9.52549 27.0054 0.0036108
      vertex 9.77549 27.0054 0.0036108
      vertex 9.64583 26.9361 0.0036108
    endloop
  endfacet
  facet normal -0 0 -1
    outer loop
      vertex 9.32692 20.5412 0.0036108
      vertex 3.67308 20.0838 0.0036108
      vertex 9.3125 20.6875 0.0036108
    endloop
  endfacet
  facet normal 0 0 -1
    outer loop
      vertex 3.63041 20.2245 0.0036108
      vertex 9.3125 20.6875 0.0036108
      vertex 3.67308 20.0838 0.0036108
    endloop
  endfacet
  facet normal 0 0 -1
    outer loop
      vertex 3.5611 20.3542 0.0036108
      vertex 9.3125 20.6875 0.0036108
      vertex 3.63041 20.2245 0.0036108
    endloop
  endfacet
  facet normal 0 0 -1
    outer loop
      vertex 3.46782 20.4678 0.0036108
      vertex 9.3125 20.6875 0.0036108
      vertex 3.5611 20.3542 0.0036108
    endloop
  endfacet
  facet normal -0 0 -1
    outer loop
      vertex 9.3125 20.6875 0.0036108
      vertex 3.46782 20.4678 0.0036108
      vertex 9.3125 26.3125 0.0036108
    endloop
  endfacet
  facet normal 0 0 -1
    outer loop
      vertex 3.35417 20.5611 0.0036108
      vertex 9.3125 26.3125 0.0036108
      vertex 3.46782 20.4678 0.0036108
    endloop
  endfacet
  facet normal 0 0 -1
    outer loop
      vertex 3.22451 20.6304 0.0036108
      vertex 9.3125 26.3125 0.0036108
      vertex 3.35417 20.5611 0.0036108
    endloop
  endfacet
  facet normal 0 0 -1
    outer loop
      vertex 3.08381 20.6731 0.0036108
      vertex 9.3125 26.3125 0.0036108
      vertex 3.22451 20.6304 0.0036108
    endloop
  endfacet
  facet normal 0 0 -1
    outer loop
      vertex 2.9375 20.6875 0.0036108
      vertex 9.3125 26.3125 0.0036108
      vertex 3.08381 20.6731 0.0036108
    endloop
  endfacet
  facet normal -0 0 -1
    outer loop
      vertex 9.3125 26.3125 0.0036108
      vertex 2.9375 20.6875 0.0036108
      vertex 9.32692 26.4588 0.0036108
    endloop
  endfacet
  facet normal -0 0 -1
    outer loop
      vertex 9.32692 26.4588 0.0036108
      vertex 2.9375 20.6875 0.0036108
      vertex 9.36959 26.5995 0.0036108
    endloop
  endfacet
  facet normal 0 0 -1
    outer loop
      vertex -2.6875 20.6875 0.0036108
      vertex 9.36959 26.5995 0.0036108
      vertex 2.9375 20.6875 0.0036108
    endloop
  endfacet
  facet normal 0 0 -1
    outer loop
      vertex -9.11959 26.5995 0.0036108
      vertex 9.36959 26.5995 0.0036108
      vertex -2.6875 20.6875 0.0036108
    endloop
  endfacet
  facet normal 0 0 -1
    outer loop
      vertex 9.36959 26.5995 0.0036108
      vertex -9.11959 26.5995 0.0036108
      vertex 9.4389 26.7292 0.0036108
    endloop
  endfacet
  facet normal 0 0 -1
    outer loop
      vertex -9.1889 26.7292 0.0036108
      vertex 9.4389 26.7292 0.0036108
      vertex -9.11959 26.5995 0.0036108
    endloop
  endfacet
  facet normal 0 0 -1
    outer loop
      vertex 9.4389 26.7292 0.0036108
      vertex -9.1889 26.7292 0.0036108
      vertex 9.53218 26.8428 0.0036108
    endloop
  endfacet
  facet normal 0 0 -1
    outer loop
      vertex -9.0625 26.3125 0.0036108
      vertex -2.6875 20.6875 0.0036108
      vertex -2.83381 20.6731 0.0036108
    endloop
  endfacet
  facet normal 0 0 -1
    outer loop
      vertex -9.0625 26.3125 0.0036108
      vertex -2.83381 20.6731 0.0036108
      vertex -2.97451 20.6304 0.0036108
    endloop
  endfacet
  facet normal 0 0 -1
    outer loop
      vertex -9.0625 26.3125 0.0036108
      vertex -2.97451 20.6304 0.0036108
      vertex -3.10417 20.5611 0.0036108
    endloop
  endfacet
  facet normal 0 0 -1
    outer loop
      vertex -9.28218 20.1572 0.0036108
      vertex -3.4375 19.9375 0.0036108
      vertex -9.0625 14.3125 0.0036108
    endloop
  endfacet
  facet normal 0 0 -1
    outer loop
      vertex -9.07692 20.5412 0.0036108
      vertex -3.42308 20.0838 0.0036108
      vertex -3.4375 19.9375 0.0036108
    endloop
  endfacet
  facet normal 0 0 -1
    outer loop
      vertex -3.42308 20.0838 0.0036108
      vertex -9.0625 20.6875 0.0036108
      vertex -3.38041 20.2245 0.0036108
    endloop
  endfacet
  facet normal 0 0 -1
    outer loop
      vertex -3.38041 20.2245 0.0036108
      vertex -9.0625 20.6875 0.0036108
      vertex -3.3111 20.3542 0.0036108
    endloop
  endfacet
  facet normal 0 0 -1
    outer loop
      vertex -3.3111 20.3542 0.0036108
      vertex -9.0625 20.6875 0.0036108
      vertex -3.21782 20.4678 0.0036108
    endloop
  endfacet
  facet normal 0 0 -1
    outer loop
      vertex -9.0625 26.3125 0.0036108
      vertex -3.21782 20.4678 0.0036108
      vertex -9.0625 20.6875 0.0036108
    endloop
  endfacet
  facet normal 0 0 -1
    outer loop
      vertex -3.21782 20.4678 0.0036108
      vertex -9.0625 26.3125 0.0036108
      vertex -3.10417 20.5611 0.0036108
    endloop
  endfacet
  facet normal 0 0 -1
    outer loop
      vertex -2.6875 20.6875 0.0036108
      vertex -9.0625 26.3125 0.0036108
      vertex -9.07692 26.4588 0.0036108
    endloop
  endfacet
  facet normal 0 0 -1
    outer loop
      vertex -2.6875 20.6875 0.0036108
      vertex -9.07692 26.4588 0.0036108
      vertex -9.11959 26.5995 0.0036108
    endloop
  endfacet
  facet normal 0 0 -1
    outer loop
      vertex -9.28218 26.8428 0.0036108
      vertex 9.53218 26.8428 0.0036108
      vertex -9.1889 26.7292 0.0036108
    endloop
  endfacet
  facet normal 0 0 -1
    outer loop
      vertex 9.53218 26.8428 0.0036108
      vertex -9.28218 26.8428 0.0036108
      vertex 9.64583 26.9361 0.0036108
    endloop
  endfacet
  facet normal 0 0 -1
    outer loop
      vertex -9.39583 26.9361 0.0036108
      vertex 9.64583 26.9361 0.0036108
      vertex -9.28218 26.8428 0.0036108
    endloop
  endfacet
  facet normal 0 0 -1
    outer loop
      vertex -9.52549 27.0054 0.0036108
      vertex 9.64583 26.9361 0.0036108
      vertex -9.39583 26.9361 0.0036108
    endloop
  endfacet
  facet normal 0 0 -1
    outer loop
      vertex 9.77549 27.0054 0.0036108
      vertex -9.52549 27.0054 0.0036108
      vertex -27.9654 48.4235 0.0036108
    endloop
  endfacet
  facet normal 0 0 -1
    outer loop
      vertex -27.9654 48.4235 0.0036108
      vertex -9.52549 27.0054 0.0036108
      vertex -9.66619 27.0481 0.0036108
    endloop
  endfacet
  facet normal 0 0 -1
    outer loop
      vertex -27.9654 48.4235 0.0036108
      vertex -9.66619 27.0481 0.0036108
      vertex -9.8125 27.0625 0.0036108
    endloop
  endfacet
  facet normal 0 0 -1
    outer loop
      vertex -27.9654 48.4235 0.0036108
      vertex -9.8125 27.0625 0.0036108
      vertex -15.4375 27.0625 0.0036108
    endloop
  endfacet
  facet normal 0 0 -1
    outer loop
      vertex -28.4353 47.5443 0.0036108
      vertex -15.4375 27.0625 0.0036108
      vertex -15.5838 27.0481 0.0036108
    endloop
  endfacet
  facet normal 0 0 -1
    outer loop
      vertex -28.4353 47.5443 0.0036108
      vertex -15.5838 27.0481 0.0036108
      vertex -15.7245 27.0054 0.0036108
    endloop
  endfacet
  facet normal 0 0 -1
    outer loop
      vertex -21.8125 20.6875 0.0036108
      vertex -16.1731 26.4588 0.0036108
      vertex -16.1875 26.3125 0.0036108
    endloop
  endfacet
  facet normal 0 0 -1
    outer loop
      vertex -21.9588 20.6731 0.0036108
      vertex -16.1731 26.4588 0.0036108
      vertex -21.8125 20.6875 0.0036108
    endloop
  endfacet
  facet normal -0 0 -1
    outer loop
      vertex -16.1731 26.4588 0.0036108
      vertex -21.9588 20.6731 0.0036108
      vertex -16.1304 26.5995 0.0036108
    endloop
  endfacet
  facet normal 0 0 -1
    outer loop
      vertex -22.0995 20.6304 0.0036108
      vertex -16.1304 26.5995 0.0036108
      vertex -21.9588 20.6731 0.0036108
    endloop
  endfacet
  facet normal 0 0 -1
    outer loop
      vertex -29.6789 46.0289 0.0036108
      vertex -16.1304 26.5995 0.0036108
      vertex -22.0995 20.6304 0.0036108
    endloop
  endfacet
  facet normal 0 0 -1
    outer loop
      vertex -16.1304 26.5995 0.0036108
      vertex -29.6789 46.0289 0.0036108
      vertex -16.0611 26.7292 0.0036108
    endloop
  endfacet
  facet normal 0 0 -1
    outer loop
      vertex -29.6789 46.0289 0.0036108
      vertex -22.0995 20.6304 0.0036108
      vertex -22.2292 20.5611 0.0036108
    endloop
  endfacet
  facet normal 0 0 -1
    outer loop
      vertex -29.6789 46.0289 0.0036108
      vertex -22.2292 20.5611 0.0036108
      vertex -22.3428 20.4678 0.0036108
    endloop
  endfacet
  facet normal -0 0 -1
    outer loop
      vertex -22.4361 1.14583 0.0036108
      vertex -30.95 -15.95 0.0036108
      vertex -22.5054 1.27549 0.0036108
    endloop
  endfacet
  facet normal 0 0 -1
    outer loop
      vertex -40.0735 -15.95 0.0036108
      vertex -22.5054 1.27549 0.0036108
      vertex -30.95 -15.95 0.0036108
    endloop
  endfacet
  facet normal 0 0 -1
    outer loop
      vertex 9.91619 27.0481 0.0036108
      vertex -27.9654 48.4235 0.0036108
      vertex 35.9654 48.4235 0.0036108
    endloop
  endfacet
  facet normal 0 0 -1
    outer loop
      vertex -29.6789 46.0289 0.0036108
      vertex -15.7245 27.0054 0.0036108
      vertex -15.8542 26.9361 0.0036108
    endloop
  endfacet
  facet normal 0 0 -1
    outer loop
      vertex -29.6789 46.0289 0.0036108
      vertex -15.8542 26.9361 0.0036108
      vertex -15.9678 26.8428 0.0036108
    endloop
  endfacet
  facet normal 0 0 -1
    outer loop
      vertex -16.0611 26.7292 0.0036108
      vertex -29.6789 46.0289 0.0036108
      vertex -15.9678 26.8428 0.0036108
    endloop
  endfacet
  facet normal 0 0 -1
    outer loop
      vertex -29.6789 46.0289 0.0036108
      vertex -22.3428 20.4678 0.0036108
      vertex -22.4361 20.3542 0.0036108
    endloop
  endfacet
  facet normal 0 0 -1
    outer loop
      vertex -29.6789 46.0289 0.0036108
      vertex -22.4361 20.3542 0.0036108
      vertex -22.5054 20.2245 0.0036108
    endloop
  endfacet
  facet normal 0 0 -1
    outer loop
      vertex -29.6789 46.0289 0.0036108
      vertex -22.5054 20.2245 0.0036108
      vertex -22.5481 20.0838 0.0036108
    endloop
  endfacet
  facet normal 0 0 -1
    outer loop
      vertex -29.6789 46.0289 0.0036108
      vertex -22.5481 20.0838 0.0036108
      vertex -22.5625 19.9375 0.0036108
    endloop
  endfacet
  facet normal 0 0 -1
    outer loop
      vertex -22.5625 7.9375 0.0036108
      vertex -30.95 14.95 0.0036108
      vertex -22.5625 13.5625 0.0036108
    endloop
  endfacet
  facet normal -0 0 -1
    outer loop
      vertex -15.5838 -5.54808 0.0036108
      vertex -30.95 -15.95 0.0036108
      vertex -15.7245 -5.50541 0.0036108
    endloop
  endfacet
  facet normal 0 0 -1
    outer loop
      vertex -22.5625 14.3125 0.0036108
      vertex -29.6789 46.0289 0.0036108
      vertex -22.5625 19.9375 0.0036108
    endloop
  endfacet
  facet normal 0 0 -1
    outer loop
      vertex -30.95 -25.05 0.0036108
      vertex -28.4353 -39.5443 0.0036108
      vertex -29.6789 -38.0289 0.0036108
    endloop
  endfacet
  facet normal 0 0 -1
    outer loop
      vertex -15.4375 27.0625 0.0036108
      vertex -28.4353 47.5443 0.0036108
      vertex -27.9654 48.4235 0.0036108
    endloop
  endfacet
  facet normal 0 0 -1
    outer loop
      vertex -15.7245 27.0054 0.0036108
      vertex -29.6789 46.0289 0.0036108
      vertex -28.4353 47.5443 0.0036108
    endloop
  endfacet
  facet normal 0 0 -1
    outer loop
      vertex -31.1943 -36.7853 0.0036108
      vertex -30.95 -25.05 0.0036108
      vertex -29.6789 -38.0289 0.0036108
    endloop
  endfacet
  facet normal 0 0 -1
    outer loop
      vertex -32.9232 -35.8612 0.0036108
      vertex -30.95 -25.05 0.0036108
      vertex -31.1943 -36.7853 0.0036108
    endloop
  endfacet
  facet normal 0 0 -1
    outer loop
      vertex -34.7991 -35.2921 0.0036108
      vertex -30.95 -25.05 0.0036108
      vertex -32.9232 -35.8612 0.0036108
    endloop
  endfacet
  facet normal 0 0 -1
    outer loop
      vertex -36.75 -35.1 0.0036108
      vertex -30.95 -25.05 0.0036108
      vertex -34.7991 -35.2921 0.0036108
    endloop
  endfacet
  facet normal 0 0 -1
    outer loop
      vertex -40.0735 -25.05 0.0036108
      vertex -36.75 -35.1 0.0036108
      vertex -38.7009 -35.2921 0.0036108
    endloop
  endfacet
  facet normal 0 0 -1
    outer loop
      vertex -40.0735 -25.05 0.0036108
      vertex -38.7009 -35.2921 0.0036108
      vertex -40.0735 -35.7085 0.0036108
    endloop
  endfacet
  facet normal 0 0 -1
    outer loop
      vertex -36.75 -35.1 0.0036108
      vertex -40.0735 -25.05 0.0036108
      vertex -30.95 -25.05 0.0036108
    endloop
  endfacet
  facet normal -0 0 -1
    outer loop
      vertex 22.0625 0.8125 0.0036108
      vertex 16.4375 -4.8125 0.0036108
      vertex 16.4375 0.8125 0.0036108
    endloop
  endfacet
  facet normal 0 0 -1
    outer loop
      vertex 15.6875 7.1875 0.0036108
      vertex 10.0481 7.79119 0.0036108
      vertex 10.0625 7.9375 0.0036108
    endloop
  endfacet
  facet normal 0 0 -1
    outer loop
      vertex 15.6875 7.1875 0.0036108
      vertex 10.0054 7.65049 0.0036108
      vertex 10.0481 7.79119 0.0036108
    endloop
  endfacet
  facet normal 0 0 -1
    outer loop
      vertex 15.6875 7.1875 0.0036108
      vertex 9.9361 7.52083 0.0036108
      vertex 10.0054 7.65049 0.0036108
    endloop
  endfacet
  facet normal 0 0 -1
    outer loop
      vertex 9.45881 7.20192 0.0036108
      vertex 10.0625 1.5625 0.0036108
      vertex 9.91619 1.54808 0.0036108
    endloop
  endfacet
  facet normal 0 0 -1
    outer loop
      vertex 15.6875 7.1875 0.0036108
      vertex 9.84282 7.40718 0.0036108
      vertex 9.9361 7.52083 0.0036108
    endloop
  endfacet
  facet normal 0 0 -1
    outer loop
      vertex 9.3125 7.1875 0.0036108
      vertex 9.91619 1.54808 0.0036108
      vertex 9.77549 1.50541 0.0036108
    endloop
  endfacet
  facet normal 0 0 -1
    outer loop
      vertex 10.0625 1.5625 0.0036108
      vertex 9.72917 7.3139 0.0036108
      vertex 9.84282 7.40718 0.0036108
    endloop
  endfacet
  facet normal 0 0 -1
    outer loop
      vertex 9.3125 7.1875 0.0036108
      vertex 9.77549 1.50541 0.0036108
      vertex 9.64583 1.4361 0.0036108
    endloop
  endfacet
  facet normal 0 0 -1
    outer loop
      vertex 10.0625 1.5625 0.0036108
      vertex 9.59951 7.24459 0.0036108
      vertex 9.72917 7.3139 0.0036108
    endloop
  endfacet
  facet normal 0 0 -1
    outer loop
      vertex 9.3125 7.1875 0.0036108
      vertex 9.64583 1.4361 0.0036108
      vertex 9.53218 1.34282 0.0036108
    endloop
  endfacet
  facet normal 0 0 -1
    outer loop
      vertex 10.0625 1.5625 0.0036108
      vertex 9.45881 7.20192 0.0036108
      vertex 9.59951 7.24459 0.0036108
    endloop
  endfacet
  facet normal 0 0 -1
    outer loop
      vertex 9.3125 7.1875 0.0036108
      vertex 9.53218 1.34282 0.0036108
      vertex 9.4389 1.22917 0.0036108
    endloop
  endfacet
  facet normal 0 0 -1
    outer loop
      vertex 9.3125 7.1875 0.0036108
      vertex 9.4389 1.22917 0.0036108
      vertex 9.36959 1.09951 0.0036108
    endloop
  endfacet
  facet normal 0 0 -1
    outer loop
      vertex 9.3125 7.1875 0.0036108
      vertex 9.36959 1.09951 0.0036108
      vertex 9.32692 0.958813 0.0036108
    endloop
  endfacet
  facet normal 0 0 -1
    outer loop
      vertex 9.3125 7.1875 0.0036108
      vertex 9.32692 0.958813 0.0036108
      vertex 9.3125 0.8125 0.0036108
    endloop
  endfacet
  facet normal 0 0 -1
    outer loop
      vertex 9.91619 1.54808 0.0036108
      vertex 9.3125 7.1875 0.0036108
      vertex 9.45881 7.20192 0.0036108
    endloop
  endfacet
  facet normal 0 0 -1
    outer loop
      vertex 10.0625 1.5625 0.0036108
      vertex 15.6875 7.1875 0.0036108
      vertex 15.6875 1.5625 0.0036108
    endloop
  endfacet
  facet normal 0 0 -1
    outer loop
      vertex 15.6875 7.1875 0.0036108
      vertex 10.0625 7.9375 0.0036108
      vertex 15.6875 7.9375 0.0036108
    endloop
  endfacet
  facet normal 0 0 -1
    outer loop
      vertex 15.6875 7.9375 0.0036108
      vertex 10.0625 7.9375 0.0036108
      vertex 15.6875 13.5625 0.0036108
    endloop
  endfacet
  facet normal 0 0 -1
    outer loop
      vertex 10.0625 13.5625 0.0036108
      vertex 15.6875 13.5625 0.0036108
      vertex 10.0625 7.9375 0.0036108
    endloop
  endfacet
  facet normal 0 0 -1
    outer loop
      vertex 9.84282 7.40718 0.0036108
      vertex 15.6875 7.1875 0.0036108
      vertex 10.0625 1.5625 0.0036108
    endloop
  endfacet
  facet normal 0 0 -1
    outer loop
      vertex 15.6875 13.5625 0.0036108
      vertex 10.0625 13.5625 0.0036108
      vertex 15.6875 14.3125 0.0036108
    endloop
  endfacet
  facet normal 0 0 -1
    outer loop
      vertex 10.0481 13.7088 0.0036108
      vertex 15.6875 14.3125 0.0036108
      vertex 10.0625 13.5625 0.0036108
    endloop
  endfacet
  facet normal 0 0 -1
    outer loop
      vertex 10.0054 13.8495 0.0036108
      vertex 15.6875 14.3125 0.0036108
      vertex 10.0481 13.7088 0.0036108
    endloop
  endfacet
  facet normal 0 0 -1
    outer loop
      vertex 9.9361 13.9792 0.0036108
      vertex 15.6875 14.3125 0.0036108
      vertex 10.0054 13.8495 0.0036108
    endloop
  endfacet
  facet normal 0 0 -1
    outer loop
      vertex 9.84282 14.0928 0.0036108
      vertex 15.6875 14.3125 0.0036108
      vertex 9.9361 13.9792 0.0036108
    endloop
  endfacet
  facet normal 0 -0 -1
    outer loop
      vertex 10.0625 19.9375 0.0036108
      vertex 15.6875 14.3125 0.0036108
      vertex 9.84282 14.0928 0.0036108
    endloop
  endfacet
  facet normal 0 0 -1
    outer loop
      vertex 15.6875 14.3125 0.0036108
      vertex 10.0625 19.9375 0.0036108
      vertex 15.6875 19.9375 0.0036108
    endloop
  endfacet
  facet normal 0 0 -1
    outer loop
      vertex 9.72917 14.1861 0.0036108
      vertex 10.0625 19.9375 0.0036108
      vertex 9.84282 14.0928 0.0036108
    endloop
  endfacet
  facet normal 0 0 -1
    outer loop
      vertex 9.59951 14.2554 0.0036108
      vertex 10.0625 19.9375 0.0036108
      vertex 9.72917 14.1861 0.0036108
    endloop
  endfacet
  facet normal 0 0 -1
    outer loop
      vertex 9.45881 14.2981 0.0036108
      vertex 10.0625 19.9375 0.0036108
      vertex 9.59951 14.2554 0.0036108
    endloop
  endfacet
  facet normal -0 0 -1
    outer loop
      vertex 10.0625 19.9375 0.0036108
      vertex 9.45881 14.2981 0.0036108
      vertex 9.91619 19.9519 0.0036108
    endloop
  endfacet
  facet normal 0 0 -1
    outer loop
      vertex 9.3125 14.3125 0.0036108
      vertex 9.91619 19.9519 0.0036108
      vertex 9.45881 14.2981 0.0036108
    endloop
  endfacet
  facet normal -0 0 -1
    outer loop
      vertex 9.91619 19.9519 0.0036108
      vertex 9.3125 14.3125 0.0036108
      vertex 9.77549 19.9946 0.0036108
    endloop
  endfacet
  facet normal -0 0 -1
    outer loop
      vertex 9.77549 19.9946 0.0036108
      vertex 9.3125 14.3125 0.0036108
      vertex 9.64583 20.0639 0.0036108
    endloop
  endfacet
  facet normal -0 0 -1
    outer loop
      vertex 9.64583 20.0639 0.0036108
      vertex 9.3125 14.3125 0.0036108
      vertex 9.53218 20.1572 0.0036108
    endloop
  endfacet
  facet normal 0 0 -1
    outer loop
      vertex 3.6875 19.9375 0.0036108
      vertex 9.3125 14.3125 0.0036108
      vertex 3.6875 14.3125 0.0036108
    endloop
  endfacet
  facet normal 0 0 -1
    outer loop
      vertex 9.3125 14.3125 0.0036108
      vertex 3.6875 19.9375 0.0036108
      vertex 9.53218 20.1572 0.0036108
    endloop
  endfacet
  facet normal -0 0 -1
    outer loop
      vertex 9.53218 20.1572 0.0036108
      vertex 3.6875 19.9375 0.0036108
      vertex 9.4389 20.2708 0.0036108
    endloop
  endfacet
  facet normal -0 0 -1
    outer loop
      vertex 9.4389 20.2708 0.0036108
      vertex 3.6875 19.9375 0.0036108
      vertex 9.36959 20.4005 0.0036108
    endloop
  endfacet
  facet normal -0 0 -1
    outer loop
      vertex 9.36959 20.4005 0.0036108
      vertex 3.6875 19.9375 0.0036108
      vertex 9.32692 20.5412 0.0036108
    endloop
  endfacet
  facet normal 0 0 -1
    outer loop
      vertex 3.67308 20.0838 0.0036108
      vertex 9.32692 20.5412 0.0036108
      vertex 3.6875 19.9375 0.0036108
    endloop
  endfacet
  facet normal 0 0 -1
    outer loop
      vertex 15.7446 7.47451 0.0036108
      vertex 15.7446 7.65049 0.0036108
      vertex 15.7916 7.5625 0.0036108
    endloop
  endfacet
  facet normal 0 0 -1
    outer loop
      vertex 15.7019 7.33381 0.0036108
      vertex 15.7446 7.65049 0.0036108
      vertex 15.7446 7.47451 0.0036108
    endloop
  endfacet
  facet normal 0 0 -1
    outer loop
      vertex 15.7019 7.33381 0.0036108
      vertex 15.7019 7.79119 0.0036108
      vertex 15.7446 7.65049 0.0036108
    endloop
  endfacet
  facet normal 0 0 -1
    outer loop
      vertex 15.6875 7.1875 0.0036108
      vertex 15.7019 7.79119 0.0036108
      vertex 15.7019 7.33381 0.0036108
    endloop
  endfacet
  facet normal -0 0 -1
    outer loop
      vertex 15.7019 7.79119 0.0036108
      vertex 15.6875 7.1875 0.0036108
      vertex 15.6875 7.9375 0.0036108
    endloop
  endfacet
  facet normal 0 0 -1
    outer loop
      vertex 15.7446 13.8495 0.0036108
      vertex 15.7446 14.0255 0.0036108
      vertex 15.7916 13.9375 0.0036108
    endloop
  endfacet
  facet normal 0 0 -1
    outer loop
      vertex 15.7019 13.7088 0.0036108
      vertex 15.7446 14.0255 0.0036108
      vertex 15.7446 13.8495 0.0036108
    endloop
  endfacet
  facet normal 0 0 -1
    outer loop
      vertex 15.7019 13.7088 0.0036108
      vertex 15.7019 14.1662 0.0036108
      vertex 15.7446 14.0255 0.0036108
    endloop
  endfacet
  facet normal 0 0 -1
    outer loop
      vertex 15.6875 13.5625 0.0036108
      vertex 15.7019 14.1662 0.0036108
      vertex 15.7019 13.7088 0.0036108
    endloop
  endfacet
  facet normal -0 0 -1
    outer loop
      vertex 15.7019 14.1662 0.0036108
      vertex 15.6875 13.5625 0.0036108
      vertex 15.6875 14.3125 0.0036108
    endloop
  endfacet
  facet normal 0.547586 -0.449669 -0.705654
    outer loop
      vertex 40.41 -48.7599 0.274204
      vertex 40.3781 -48.6823 0.2
      vertex 40.4821 -48.6721 0.274204
    endloop
  endfacet
  facet normal 0.548915 -0.448716 -0.705228
    outer loop
      vertex 40.3781 -48.6823 0.2
      vertex 40.41 -48.7599 0.274204
      vertex 40.3575 -48.7075 0.2
    endloop
  endfacet
  facet normal -0.268064 -0.884753 -0.381253
    outer loop
      vertex -40.14 -49.0539 0.532286
      vertex -40.2531 -48.9611 0.396452
      vertex -40.129 -48.9987 0.396452
    endloop
  endfacet
  facet normal -0.241474 -0.796993 -0.553617
    outer loop
      vertex -40.129 -48.9987 0.396452
      vertex -40.2531 -48.9611 0.396452
      vertex -40.1131 -48.9186 0.274204
    endloop
  endfacet
  facet normal -0.450485 -0.547398 -0.705279
    outer loop
      vertex -40.3221 -48.8321 0.274204
      vertex -40.3323 -48.7281 0.2
      vertex -40.2809 -48.7704 0.2
    endloop
  endfacet
  facet normal -0.0703029 -0.705159 -0.705555
    outer loop
      vertex -40.0324 -48.8524 0.2
      vertex -40.1131 -48.9186 0.274204
      vertex -40.0986 -48.8458 0.2
    endloop
  endfacet
  facet normal 0.0696699 -0.705408 -0.70537
    outer loop
      vertex 40.0324 -48.8524 0.2
      vertex 40 -48.9298 0.274204
      vertex 40 -48.8556 0.2
    endloop
  endfacet
  facet normal 0.0698578 -0.705439 -0.70532
    outer loop
      vertex 40 -48.9298 0.274204
      vertex 40.0324 -48.8524 0.2
      vertex 40.1131 -48.9186 0.274204
    endloop
  endfacet
  facet normal 0.24168 -0.796811 -0.553789
    outer loop
      vertex 40.2531 -48.9611 0.396452
      vertex 40.1131 -48.9186 0.274204
      vertex 40.2219 -48.8856 0.274204
    endloop
  endfacet
  facet normal 0.450485 -0.547398 -0.705279
    outer loop
      vertex 40.3221 -48.8321 0.274204
      vertex 40.2809 -48.7704 0.2
      vertex 40.3323 -48.7281 0.2
    endloop
  endfacet
  facet normal 0.333798 -0.625169 -0.705509
    outer loop
      vertex 40.2219 -48.8856 0.274204
      vertex 40.2222 -48.8017 0.2
      vertex 40.3221 -48.8321 0.274204
    endloop
  endfacet
  facet normal 0.335272 -0.624825 -0.705114
    outer loop
      vertex 40.2222 -48.8017 0.2
      vertex 40.2219 -48.8856 0.274204
      vertex 40.1935 -48.8171 0.2
    endloop
  endfacet
  facet normal 0.0703029 -0.705159 -0.705555
    outer loop
      vertex 40.1131 -48.9186 0.274204
      vertex 40.0324 -48.8524 0.2
      vertex 40.0986 -48.8458 0.2
    endloop
  endfacet
  facet normal 0.204565 -0.678981 -0.705081
    outer loop
      vertex 40.2219 -48.8856 0.274204
      vertex 40.1623 -48.8265 0.2
      vertex 40.1935 -48.8171 0.2
    endloop
  endfacet
  facet normal 0.205722 -0.67826 -0.705437
    outer loop
      vertex 40.1623 -48.8265 0.2
      vertex 40.2219 -48.8856 0.274204
      vertex 40.1131 -48.9186 0.274204
    endloop
  endfacet
  facet normal 0.205489 -0.678221 -0.705543
    outer loop
      vertex 40.1131 -48.9186 0.274204
      vertex 40.0986 -48.8458 0.2
      vertex 40.1623 -48.8265 0.2
    endloop
  endfacet
  facet normal 0.333543 -0.625527 -0.705312
    outer loop
      vertex 40.3221 -48.8321 0.274204
      vertex 40.2222 -48.8017 0.2
      vertex 40.2809 -48.7704 0.2
    endloop
  endfacet
  facet normal -0.241862 -0.796893 0.553593
    outer loop
      vertex 38.0187 46.2074 2.2643
      vertex 37.936 46.2325 2.2643
      vertex 37.9254 46.1791 2.1828
    endloop
  endfacet
  facet normal -0.0813129 -0.828512 0.554036
    outer loop
      vertex 37.9254 46.1791 2.1828
      vertex 37.85 46.241 2.2643
      vertex 37.85 46.1865 2.1828
    endloop
  endfacet
  facet normal 0.624285 -0.334927 0.705756
    outer loop
      vertex -38.1431 45.9214 2.11349
      vertex -38.1137 45.9762 2.11349
      vertex -38.1714 46.0147 2.1828
    endloop
  endfacet
  facet normal 0.353097 -0.431429 0.830175
    outer loop
      vertex -38.0167 45.9667 2.05904
      vertex -37.9809 45.996 2.05904
      vertex -38.0262 46.0637 2.11349
    endloop
  endfacet
  facet normal 0.491304 -0.263583 0.830148
    outer loop
      vertex -38.046 45.9309 2.05904
      vertex -38.1137 45.9762 2.11349
      vertex -38.1431 45.9214 2.11349
    endloop
  endfacet
  facet normal 0 -1 0
    outer loop
      vertex -37.85 46.2976 2.45099
      vertex 37.85 46.2976 9.1375
      vertex -37.85 46.2976 9.1375
    endloop
  endfacet
  facet normal 0 -1 -0
    outer loop
      vertex 37.85 46.2976 9.1375
      vertex -37.85 46.2976 2.45099
      vertex 37.85 46.2976 2.45099
    endloop
  endfacet
  facet normal -0.122232 -0.15279 0.98067
    outer loop
      vertex 37.8847 45.8347 2.00241
      vertex 37.9306 45.9207 2.02153
      vertex 37.8772 45.8407 2.00241
    endloop
  endfacet
  facet normal 0.195135 0 0.980776
    outer loop
      vertex -37.9951 45.8 2.02153
      vertex -37.899 9.65 2.00241
      vertex -37.899 45.8 2.00241
    endloop
  endfacet
  facet normal 0.195135 0 0.980776
    outer loop
      vertex -37.899 9.65 2.00241
      vertex -37.9951 45.8 2.02153
      vertex -37.9951 9.65 2.02153
    endloop
  endfacet
  facet normal 0.195135 0 0.980776
    outer loop
      vertex -37.9951 -0.35 2.02153
      vertex -37.899 -0.400001 2.00241
      vertex -37.899 -0.35 2.00241
    endloop
  endfacet
  facet normal 0.195135 0 0.980776
    outer loop
      vertex -37.899 -0.400001 2.00241
      vertex -37.9951 -0.35 2.02153
      vertex -37.9951 -0.400001 2.02153
    endloop
  endfacet
  facet normal 0.195135 0 0.980776
    outer loop
      vertex -37.9951 -4.2 2.02153
      vertex -37.899 -4.25 2.00241
      vertex -37.899 -4.2 2.00241
    endloop
  endfacet
  facet normal 0.195135 0 0.980776
    outer loop
      vertex -37.899 -4.25 2.00241
      vertex -37.9951 -4.2 2.02153
      vertex -37.9951 -4.25 2.02153
    endloop
  endfacet
  facet normal 0.195135 0 0.980776
    outer loop
      vertex -37.9951 -14.25 2.02153
      vertex -37.899 -35.1 2.00241
      vertex -37.899 -14.25 2.00241
    endloop
  endfacet
  facet normal 0.195135 0 0.980776
    outer loop
      vertex -37.899 -35.1 2.00241
      vertex -37.9951 -14.25 2.02153
      vertex -37.9951 -35.1 2.02153
    endloop
  endfacet
  facet normal 1 -0 0
    outer loop
      vertex -38.3476 -35.1 9.1375
      vertex -38.3476 -4.2 2.45099
      vertex -38.3476 -4.2 9.1375
    endloop
  endfacet
  facet normal 1 0 0
    outer loop
      vertex -38.3476 -4.2 2.45099
      vertex -38.3476 -35.1 9.1375
      vertex -38.3476 -35.1 2.45099
    endloop
  endfacet
  facet normal 1 -0 0
    outer loop
      vertex -38.3476 -0.400001 9.1375
      vertex -38.3476 45.8 2.45099
      vertex -38.3476 45.8 9.1375
    endloop
  endfacet
  facet normal 1 0 0
    outer loop
      vertex -38.3476 45.8 2.45099
      vertex -38.3476 -0.400001 9.1375
      vertex -38.3476 -0.400001 2.45099
    endloop
  endfacet
  facet normal 0 0 0
    outer loop
      vertex -38.3476 -4.2 9.1375
      vertex -38.3476 -0.400001 9.1375
      vertex -38.3476 45.8 9.1375
    endloop
  endfacet
  facet normal 0 0 -0
    outer loop
      vertex -38.3476 -4.2 9.1375
      vertex -38.3476 45.8 9.1375
      vertex -38.3476 -44.1 9.1375
    endloop
  endfacet
  facet normal 0 0 -0
    outer loop
      vertex -38.3476 -35.1 9.1375
      vertex -38.3476 -4.2 9.1375
      vertex -38.3476 -44.1 9.1375
    endloop
  endfacet
  facet normal -0.338586 -0.181356 0.923293
    outer loop
      vertex 38.0678 45.8902 2.05904
      vertex 38.046 45.9309 2.05904
      vertex 37.9841 45.8555 2.02153
    endloop
  endfacet
  facet normal -0.0907289 -0.920109 0.381008
    outer loop
      vertex 37.9433 46.2693 2.35486
      vertex 37.85 46.2785 2.35486
      vertex 37.85 46.241 2.2643
    endloop
  endfacet
  facet normal -0.290264 -0.956947 0
    outer loop
      vertex 37.9471 46.288 2.45099
      vertex 38.0404 46.2597 9.1375
      vertex 37.9471 46.288 9.1375
    endloop
  endfacet
  facet normal -0.290264 -0.956947 -0
    outer loop
      vertex 38.0404 46.2597 9.1375
      vertex 37.9471 46.288 2.45099
      vertex 38.0404 46.2597 2.45099
    endloop
  endfacet
  facet normal 0.15279 -0.122232 0.98067
    outer loop
      vertex -37.8907 45.8272 2.00241
      vertex -37.8847 45.8347 2.00241
      vertex -37.9707 45.8806 2.02153
    endloop
  endfacet
  facet normal -0.463211 -0.864731 0.194104
    outer loop
      vertex 38.1158 46.1978 2.35486
      vertex 38.1264 46.2137 2.45099
      vertex 38.0331 46.2421 2.35486
    endloop
  endfacet
  facet normal 0.187492 -0.0572128 0.980598
    outer loop
      vertex -37.8953 45.8188 2.00241
      vertex -37.9841 45.8555 2.02153
      vertex -37.9924 45.8283 2.02153
    endloop
  endfacet
  facet normal 0 -0.195135 0.980776
    outer loop
      vertex -37.85 45.9451 2.02153
      vertex 37.85 45.849 2.00241
      vertex 37.85 45.9451 2.02153
    endloop
  endfacet
  facet normal 0 -0.195135 0.980776
    outer loop
      vertex 37.85 45.849 2.00241
      vertex -37.85 45.9451 2.02153
      vertex -37.85 45.849 2.00241
    endloop
  endfacet
  facet normal 0.92392 9.0593e-07 0.382586
    outer loop
      vertex -38.3285 45.8 2.35486
      vertex -38.3 9.65 2.28612
      vertex -38.291 45.8 2.2643
    endloop
  endfacet
  facet normal 0.923751 -0 0.382993
    outer loop
      vertex -38.3285 -0.400001 2.35486
      vertex -38.3 9.65 2.28612
      vertex -38.3285 45.8 2.35486
    endloop
  endfacet
  facet normal 0.923751 0 0.382993
    outer loop
      vertex -38.3 9.65 2.28612
      vertex -38.3285 -0.400001 2.35486
      vertex -38.3 -0.35 2.28612
    endloop
  endfacet
  facet normal 0.92392 -0.000654974 0.382586
    outer loop
      vertex -38.291 -0.400001 2.2643
      vertex -38.3 -0.35 2.28612
      vertex -38.3285 -0.400001 2.35486
    endloop
  endfacet
  facet normal 0.92445 0 0.381304
    outer loop
      vertex -38.3 -0.35 2.28612
      vertex -38.291 -0.400001 2.2643
      vertex -38.291 -0.35 2.2643
    endloop
  endfacet
  facet normal 0.92445 0 0.381304
    outer loop
      vertex -38.291 45.8 2.2643
      vertex -38.3 9.65 2.28612
      vertex -38.291 9.65 2.2643
    endloop
  endfacet
  facet normal 0.92392 0.000654987 0.382586
    outer loop
      vertex -38.3285 -4.2 2.35486
      vertex -38.3 -4.25 2.28612
      vertex -38.291 -4.2 2.2643
    endloop
  endfacet
  facet normal 0.923751 0 0.382993
    outer loop
      vertex -38.3285 -4.2 2.35486
      vertex -38.3 -14.25 2.28612
      vertex -38.3 -4.25 2.28612
    endloop
  endfacet
  facet normal 0.923751 -0 0.382993
    outer loop
      vertex -38.3285 -35.1 2.35486
      vertex -38.3 -14.25 2.28612
      vertex -38.3285 -4.2 2.35486
    endloop
  endfacet
  facet normal 0.92445 -6.5227e-06 0.381304
    outer loop
      vertex -38.3285 -35.1 2.35486
      vertex -38.291 -14.25 2.2643
      vertex -38.3 -14.25 2.28612
    endloop
  endfacet
  facet normal 0.92392 0 0.382586
    outer loop
      vertex -38.291 -14.25 2.2643
      vertex -38.3285 -35.1 2.35486
      vertex -38.291 -35.1 2.2643
    endloop
  endfacet
  facet normal 0.92445 0 0.381304
    outer loop
      vertex -38.291 -4.2 2.2643
      vertex -38.3 -4.25 2.28612
      vertex -38.291 -4.25 2.2643
    endloop
  endfacet
  facet normal 0.0373951 -0.382261 0.923297
    outer loop
      vertex -37.85 45.9451 2.02153
      vertex -37.85 46.0357 2.05904
      vertex -37.896 46.0312 2.05904
    endloop
  endfacet
  facet normal 0.796893 -0.241862 0.553593
    outer loop
      vertex -38.2291 45.8754 2.1828
      vertex -38.2574 45.9687 2.2643
      vertex -38.2825 45.886 2.2643
    endloop
  endfacet
  facet normal -0.205215 -0.678349 0.705499
    outer loop
      vertex 37.9714 46.0931 2.11349
      vertex 37.9254 46.1791 2.1828
      vertex 37.9119 46.1111 2.11349
    endloop
  endfacet
  facet normal -0.0819081 -0.828718 0.553641
    outer loop
      vertex 37.9254 46.1791 2.1828
      vertex 37.936 46.2325 2.2643
      vertex 37.85 46.241 2.2643
    endloop
  endfacet
  facet normal -0.924511 0 0.381154
    outer loop
      vertex 38.291 -0.35 2.2643
      vertex 38.291 -0.400001 2.2643
      vertex 38.3 -0.35 2.28613
    endloop
  endfacet
  facet normal -0.92392 0 0.382586
    outer loop
      vertex 38.291 9.65 2.2643
      vertex 38.3285 45.8 2.35486
      vertex 38.291 45.8 2.2643
    endloop
  endfacet
  facet normal -0.924511 4.1999e-06 0.381154
    outer loop
      vertex 38.3 9.65 2.28613
      vertex 38.3285 45.8 2.35486
      vertex 38.291 9.65 2.2643
    endloop
  endfacet
  facet normal -0.923732 0 0.38304
    outer loop
      vertex 38.3285 -0.400001 2.35486
      vertex 38.3 9.65 2.28613
      vertex 38.3 -0.35 2.28613
    endloop
  endfacet
  facet normal -0.923732 0 0.38304
    outer loop
      vertex 38.3 9.65 2.28613
      vertex 38.3285 -0.400001 2.35486
      vertex 38.3285 45.8 2.35486
    endloop
  endfacet
  facet normal -0.92392 -0.00073149 0.382586
    outer loop
      vertex 38.3285 -0.400001 2.35486
      vertex 38.3 -0.35 2.28613
      vertex 38.291 -0.400001 2.2643
    endloop
  endfacet
  facet normal -0.924511 0 0.381154
    outer loop
      vertex 38.291 -14.25 2.2643
      vertex 38.291 -35.1 2.2643
      vertex 38.3 -14.25 2.28613
    endloop
  endfacet
  facet normal -0.924511 0 0.381154
    outer loop
      vertex 38.3 -4.25 2.28613
      vertex 38.291 -4.2 2.2643
      vertex 38.291 -4.25 2.2643
    endloop
  endfacet
  facet normal -0.92392 0.000731504 0.382586
    outer loop
      vertex 38.291 -4.2 2.2643
      vertex 38.3 -4.25 2.28613
      vertex 38.3285 -4.2 2.35486
    endloop
  endfacet
  facet normal -0.923732 0 0.38304
    outer loop
      vertex 38.3 -14.25 2.28613
      vertex 38.3285 -4.2 2.35486
      vertex 38.3 -4.25 2.28613
    endloop
  endfacet
  facet normal -0.92392 -1.75421e-06 0.382586
    outer loop
      vertex 38.3285 -35.1 2.35486
      vertex 38.3 -14.25 2.28613
      vertex 38.291 -35.1 2.2643
    endloop
  endfacet
  facet normal -0.923732 0 0.38304
    outer loop
      vertex 38.3 -14.25 2.28613
      vertex 38.3285 -35.1 2.35486
      vertex 38.3285 -4.2 2.35486
    endloop
  endfacet
  facet normal -1 0 0
    outer loop
      vertex 38.3476 -35.1 2.45099
      vertex 38.3476 -4.2 9.1375
      vertex 38.3476 -4.2 2.45099
    endloop
  endfacet
  facet normal -1 -0 0
    outer loop
      vertex 38.3476 -4.2 9.1375
      vertex 38.3476 -35.1 2.45099
      vertex 38.3476 -35.1 9.1375
    endloop
  endfacet
  facet normal -1 0 0
    outer loop
      vertex 38.3476 -0.400001 2.45099
      vertex 38.3476 45.8 9.1375
      vertex 38.3476 45.8 2.45099
    endloop
  endfacet
  facet normal -1 -0 0
    outer loop
      vertex 38.3476 45.8 9.1375
      vertex 38.3476 -0.400001 2.45099
      vertex 38.3476 -0.400001 9.1375
    endloop
  endfacet
  facet normal -0 0 0
    outer loop
      vertex 38.3476 -35.1 9.1375
      vertex 38.3476 -44.1 9.1375
      vertex 38.3476 45.8 9.1375
    endloop
  endfacet
  facet normal 0 0 0
    outer loop
      vertex 38.3476 45.8 9.1375
      vertex 38.3476 -0.400001 9.1375
      vertex 38.3476 -4.2 9.1375
    endloop
  endfacet
  facet normal -0 0 0
    outer loop
      vertex 38.3476 -4.2 9.1375
      vertex 38.3476 -35.1 9.1375
      vertex 38.3476 45.8 9.1375
    endloop
  endfacet
  facet normal -0.773409 -0.633908 0
    outer loop
      vertex 38.2637 46.0764 2.45099
      vertex 38.2019 46.1518 9.1375
      vertex 38.2019 46.1518 2.45099
    endloop
  endfacet
  facet normal -0.773409 -0.633908 0
    outer loop
      vertex 38.2019 46.1518 9.1375
      vertex 38.2637 46.0764 2.45099
      vertex 38.2637 46.0764 9.1375
    endloop
  endfacet
  facet normal -0.815317 -0.435975 0.381031
    outer loop
      vertex 38.2574 45.9687 2.2643
      vertex 38.2478 46.0658 2.35486
      vertex 38.2166 46.045 2.2643
    endloop
  endfacet
  facet normal -0.0542851 -0.554915 0.830134
    outer loop
      vertex 37.896 46.0312 2.05904
      vertex 37.9119 46.1111 2.11349
      vertex 37.85 46.0357 2.05904
    endloop
  endfacet
  facet normal -0.124632 -0.151487 0.98057
    outer loop
      vertex 37.9526 45.9026 2.02153
      vertex 37.9306 45.9207 2.02153
      vertex 37.8847 45.8347 2.00241
    endloop
  endfacet
  facet normal -0.938612 -0.285347 0.193866
    outer loop
      vertex 38.3193 45.8933 2.35486
      vertex 38.338 45.8971 2.45099
      vertex 38.292 45.9831 2.35486
    endloop
  endfacet
  facet normal -0.705447 -0.069519 0.705345
    outer loop
      vertex 38.1672 45.8 2.11349
      vertex 38.2365 45.8 2.1828
      vertex 38.1611 45.8619 2.11349
    endloop
  endfacet
  facet normal 0.382274 -0.0364714 0.923329
    outer loop
      vertex -37.9951 45.8 2.02153
      vertex -37.9924 45.8283 2.02153
      vertex -38.0857 45.8 2.05904
    endloop
  endfacet
  facet normal 0.382529 0 0.923944
    outer loop
      vertex -38.0857 45.8 2.05904
      vertex -37.9951 9.65 2.02153
      vertex -37.9951 45.8 2.02153
    endloop
  endfacet
  facet normal 0.382529 0 0.923944
    outer loop
      vertex -37.9951 9.65 2.02153
      vertex -38.0857 45.8 2.05904
      vertex -38.0857 9.65 2.05904
    endloop
  endfacet
  facet normal 0.382529 0 0.923944
    outer loop
      vertex -38.0857 -0.35 2.05904
      vertex -37.9951 -0.400001 2.02153
      vertex -37.9951 -0.35 2.02153
    endloop
  endfacet
  facet normal 0.382529 0 0.923944
    outer loop
      vertex -37.9951 -0.400001 2.02153
      vertex -38.0857 -0.35 2.05904
      vertex -38.0857 -0.400001 2.05904
    endloop
  endfacet
  facet normal 0.382529 0 0.923944
    outer loop
      vertex -38.0857 -4.2 2.05904
      vertex -37.9951 -4.25 2.02153
      vertex -37.9951 -4.2 2.02153
    endloop
  endfacet
  facet normal 0.382529 0 0.923944
    outer loop
      vertex -37.9951 -4.25 2.02153
      vertex -38.0857 -4.2 2.05904
      vertex -38.0857 -4.25 2.05904
    endloop
  endfacet
  facet normal 0.382529 0 0.923944
    outer loop
      vertex -38.0857 -14.25 2.05904
      vertex -37.9951 -35.1 2.02153
      vertex -37.9951 -14.25 2.02153
    endloop
  endfacet
  facet normal 0.382529 0 0.923944
    outer loop
      vertex -37.9951 -35.1 2.02153
      vertex -38.0857 -14.25 2.05904
      vertex -38.0857 -35.1 2.05904
    endloop
  endfacet
  facet normal 0.707158 -0 0.707056
    outer loop
      vertex -38.2365 9.65 2.1828
      vertex -38.1672 45.8 2.11349
      vertex -38.2365 45.8 2.1828
    endloop
  endfacet
  facet normal 0.707158 0 0.707056
    outer loop
      vertex -38.1672 45.8 2.11349
      vertex -38.2365 9.65 2.1828
      vertex -38.1672 9.65 2.11349
    endloop
  endfacet
  facet normal 0.707158 -0 0.707056
    outer loop
      vertex -38.2365 -0.400001 2.1828
      vertex -38.1672 -0.35 2.11349
      vertex -38.2365 -0.35 2.1828
    endloop
  endfacet
  facet normal 0.707158 0 0.707056
    outer loop
      vertex -38.1672 -0.35 2.11349
      vertex -38.2365 -0.400001 2.1828
      vertex -38.1672 -0.400001 2.11349
    endloop
  endfacet
  facet normal 0.707158 -0 0.707056
    outer loop
      vertex -38.2365 -4.25 2.1828
      vertex -38.1672 -4.2 2.11349
      vertex -38.2365 -4.2 2.1828
    endloop
  endfacet
  facet normal 0.707158 0 0.707056
    outer loop
      vertex -38.1672 -4.2 2.11349
      vertex -38.2365 -4.25 2.1828
      vertex -38.1672 -4.25 2.11349
    endloop
  endfacet
  facet normal 0.707158 -0 0.707056
    outer loop
      vertex -38.2365 -35.1 2.1828
      vertex -38.1672 -14.25 2.11349
      vertex -38.2365 -14.25 2.1828
    endloop
  endfacet
  facet normal 0.707158 0 0.707056
    outer loop
      vertex -38.1672 -14.25 2.11349
      vertex -38.2365 -35.1 2.1828
      vertex -38.1672 -35.1 2.11349
    endloop
  endfacet
  facet normal -0.195135 0 0.980776
    outer loop
      vertex 37.899 45.8 2.00241
      vertex 37.9951 9.65 2.02153
      vertex 37.9951 45.8 2.02153
    endloop
  endfacet
  facet normal -0.195135 0 0.980776
    outer loop
      vertex 37.9951 9.65 2.02153
      vertex 37.899 45.8 2.00241
      vertex 37.899 9.65 2.00241
    endloop
  endfacet
  facet normal -0.195135 0 0.980776
    outer loop
      vertex 37.899 -0.35 2.00241
      vertex 37.9951 -0.400001 2.02153
      vertex 37.9951 -0.35 2.02153
    endloop
  endfacet
  facet normal -0.195135 0 0.980776
    outer loop
      vertex 37.9951 -0.400001 2.02153
      vertex 37.899 -0.35 2.00241
      vertex 37.899 -0.400001 2.00241
    endloop
  endfacet
  facet normal -0.195135 0 0.980776
    outer loop
      vertex 37.899 -4.2 2.00241
      vertex 37.9951 -4.25 2.02153
      vertex 37.9951 -4.2 2.02153
    endloop
  endfacet
  facet normal -0.195135 0 0.980776
    outer loop
      vertex 37.9951 -4.25 2.02153
      vertex 37.899 -4.2 2.00241
      vertex 37.899 -4.25 2.00241
    endloop
  endfacet
  facet normal -0.195135 0 0.980776
    outer loop
      vertex 37.899 -14.25 2.00241
      vertex 37.9951 -35.1 2.02153
      vertex 37.9951 -14.25 2.02153
    endloop
  endfacet
  facet normal -0.195135 0 0.980776
    outer loop
      vertex 37.9951 -35.1 2.02153
      vertex 37.899 -14.25 2.00241
      vertex 37.899 -35.1 2.00241
    endloop
  endfacet
  facet normal -0.980827 0 0.19488
    outer loop
      vertex 38.3285 -0.400001 2.35486
      vertex 38.3476 45.8 2.45099
      vertex 38.3285 45.8 2.35486
    endloop
  endfacet
  facet normal -0.980827 0 0.19488
    outer loop
      vertex 38.3476 45.8 2.45099
      vertex 38.3285 -0.400001 2.35486
      vertex 38.3476 -0.400001 2.45099
    endloop
  endfacet
  facet normal -0.980827 0 0.19488
    outer loop
      vertex 38.3285 -35.1 2.35486
      vertex 38.3476 -4.2 2.45099
      vertex 38.3285 -4.2 2.35486
    endloop
  endfacet
  facet normal -0.980827 0 0.19488
    outer loop
      vertex 38.3476 -4.2 2.45099
      vertex 38.3285 -35.1 2.35486
      vertex 38.3476 -35.1 2.45099
    endloop
  endfacet
  facet normal -0.97632 -0.0962717 0.193727
    outer loop
      vertex 38.3285 45.8 2.35486
      vertex 38.338 45.8971 2.45099
      vertex 38.3193 45.8933 2.35486
    endloop
  endfacet
  facet normal -0.382529 0 0.923944
    outer loop
      vertex 37.9951 45.8 2.02153
      vertex 38.0857 9.65 2.05904
      vertex 38.0857 45.8 2.05904
    endloop
  endfacet
  facet normal -0.382529 0 0.923944
    outer loop
      vertex 38.0857 9.65 2.05904
      vertex 37.9951 45.8 2.02153
      vertex 37.9951 9.65 2.02153
    endloop
  endfacet
  facet normal -0.382529 0 0.923944
    outer loop
      vertex 37.9951 -0.35 2.02153
      vertex 38.0857 -0.400001 2.05904
      vertex 38.0857 -0.35 2.05904
    endloop
  endfacet
  facet normal -0.382529 0 0.923944
    outer loop
      vertex 38.0857 -0.400001 2.05904
      vertex 37.9951 -0.35 2.02153
      vertex 37.9951 -0.400001 2.02153
    endloop
  endfacet
  facet normal -0.382529 0 0.923944
    outer loop
      vertex 37.9951 -4.2 2.02153
      vertex 38.0857 -4.25 2.05904
      vertex 38.0857 -4.2 2.05904
    endloop
  endfacet
  facet normal -0.382529 0 0.923944
    outer loop
      vertex 38.0857 -4.25 2.05904
      vertex 37.9951 -4.2 2.02153
      vertex 37.9951 -4.25 2.02153
    endloop
  endfacet
  facet normal -0.382529 0 0.923944
    outer loop
      vertex 37.9951 -14.25 2.02153
      vertex 38.0857 -35.1 2.05904
      vertex 38.0857 -14.25 2.05904
    endloop
  endfacet
  facet normal -0.382529 0 0.923944
    outer loop
      vertex 38.0857 -35.1 2.05904
      vertex 37.9951 -14.25 2.02153
      vertex 37.9951 -35.1 2.02153
    endloop
  endfacet
  facet normal 0.0983875 -0.995148 0
    outer loop
      vertex -37.9471 46.288 2.45099
      vertex -37.85 46.2976 9.1375
      vertex -37.9471 46.288 9.1375
    endloop
  endfacet
  facet normal 0.0983875 -0.995148 0
    outer loop
      vertex -37.85 46.2976 9.1375
      vertex -37.9471 46.288 2.45099
      vertex -37.85 46.2976 2.45099
    endloop
  endfacet
  facet normal -0.462735 -0.865114 0.193529
    outer loop
      vertex 38.1264 46.2137 2.45099
      vertex 38.0404 46.2597 2.45099
      vertex 38.0331 46.2421 2.35486
    endloop
  endfacet
  facet normal -0.392726 -0.734436 0.553507
    outer loop
      vertex 38.095 46.1666 2.2643
      vertex 38.0187 46.2074 2.2643
      vertex 37.9979 46.1571 2.1828
    endloop
  endfacet
  facet normal -0.624871 -0.33395 0.705701
    outer loop
      vertex 38.2071 45.9479 2.1828
      vertex 38.1714 46.0147 2.1828
      vertex 38.1137 45.9762 2.11349
    endloop
  endfacet
  facet normal -0.678664 -0.20531 0.705169
    outer loop
      vertex 38.1611 45.8619 2.11349
      vertex 38.2071 45.9479 2.1828
      vertex 38.1431 45.9214 2.11349
    endloop
  endfacet
  facet normal -0.243355 -0.297342 0.923237
    outer loop
      vertex 38.0167 45.9667 2.05904
      vertex 37.9809 45.996 2.05904
      vertex 37.9306 45.9207 2.02153
    endloop
  endfacet
  facet normal 0.187508 -0.0570676 0.980604
    outer loop
      vertex -37.8981 45.8096 2.00241
      vertex -37.8953 45.8188 2.00241
      vertex -37.9924 45.8283 2.02153
    endloop
  endfacet
  facet normal -0.268448 -0.884488 0.381597
    outer loop
      vertex 38.0187 46.2074 2.2643
      vertex 38.0331 46.2421 2.35486
      vertex 37.936 46.2325 2.2643
    endloop
  endfacet
  facet normal -0.796904 -0.241819 0.553595
    outer loop
      vertex 38.2291 45.8754 2.1828
      vertex 38.2825 45.886 2.2643
      vertex 38.2071 45.9479 2.1828
    endloop
  endfacet
  facet normal -0.533546 -0.161754 0.830159
    outer loop
      vertex 38.0812 45.846 2.05904
      vertex 38.1611 45.8619 2.11349
      vertex 38.0678 45.8902 2.05904
    endloop
  endfacet
  facet normal -0.678203 -0.2058 0.70547
    outer loop
      vertex 38.2291 45.8754 2.1828
      vertex 38.2071 45.9479 2.1828
      vertex 38.1611 45.8619 2.11349
    endloop
  endfacet
  facet normal 0.0182908 -0.195102 0.980612
    outer loop
      vertex -37.85 45.849 2.00241
      vertex -37.85 45.9451 2.02153
      vertex -37.8596 45.8481 2.00241
    endloop
  endfacet
  facet normal -0.181356 -0.338586 0.923293
    outer loop
      vertex 37.9809 45.996 2.05904
      vertex 37.9402 46.0178 2.05904
      vertex 37.9055 45.9341 2.02153
    endloop
  endfacet
  facet normal -0.0186168 -0.195132 0.9806
    outer loop
      vertex 37.8596 45.8481 2.00241
      vertex 37.8783 45.9424 2.02153
      vertex 37.85 45.9451 2.02153
    endloop
  endfacet
  facet normal 0.181423 -0.338711 0.923234
    outer loop
      vertex -37.9306 45.9207 2.02153
      vertex -37.9402 46.0178 2.05904
      vertex -37.9809 45.996 2.05904
    endloop
  endfacet
  facet normal 0.449221 -0.548414 0.705296
    outer loop
      vertex -38.0743 46.0243 2.11349
      vertex -38.0262 46.0637 2.11349
      vertex -38.1233 46.0733 2.1828
    endloop
  endfacet
  facet normal 0.367315 -0.112085 0.923318
    outer loop
      vertex -37.9924 45.8283 2.02153
      vertex -37.9841 45.8555 2.02153
      vertex -38.0678 45.8902 2.05904
    endloop
  endfacet
  facet normal -0.533496 -0.161394 0.830261
    outer loop
      vertex 38.1611 45.8619 2.11349
      vertex 38.1431 45.9214 2.11349
      vertex 38.0678 45.8902 2.05904
    endloop
  endfacet
  facet normal -0.828473 -0.081884 0.55401
    outer loop
      vertex 38.291 45.8 2.2643
      vertex 38.2825 45.886 2.2643
      vertex 38.2365 45.8 2.1828
    endloop
  endfacet
  facet normal -0.920092 -0.0909393 0.381001
    outer loop
      vertex 38.291 45.8 2.2643
      vertex 38.3285 45.8 2.35486
      vertex 38.2825 45.886 2.2643
    endloop
  endfacet
  facet normal -0.884688 -0.268953 0.380777
    outer loop
      vertex 38.3193 45.8933 2.35486
      vertex 38.292 45.9831 2.35486
      vertex 38.2574 45.9687 2.2643
    endloop
  endfacet
  facet normal -0.976248 -0.0965188 0.19397
    outer loop
      vertex 38.3476 45.8 2.45099
      vertex 38.338 45.8971 2.45099
      vertex 38.3285 45.8 2.35486
    endloop
  endfacet
  facet normal -0.707158 0 0.707056
    outer loop
      vertex 38.1672 9.65 2.11349
      vertex 38.2365 45.8 2.1828
      vertex 38.1672 45.8 2.11349
    endloop
  endfacet
  facet normal -0.707158 0 0.707056
    outer loop
      vertex 38.2365 45.8 2.1828
      vertex 38.1672 9.65 2.11349
      vertex 38.2365 9.65 2.1828
    endloop
  endfacet
  facet normal -0.707158 0 0.707056
    outer loop
      vertex 38.1672 -0.400001 2.11349
      vertex 38.2365 -0.35 2.1828
      vertex 38.1672 -0.35 2.11349
    endloop
  endfacet
  facet normal -0.707158 0 0.707056
    outer loop
      vertex 38.2365 -0.35 2.1828
      vertex 38.1672 -0.400001 2.11349
      vertex 38.2365 -0.400001 2.1828
    endloop
  endfacet
  facet normal -0.707158 0 0.707056
    outer loop
      vertex 38.1672 -4.25 2.11349
      vertex 38.2365 -4.2 2.1828
      vertex 38.1672 -4.2 2.11349
    endloop
  endfacet
  facet normal -0.707158 0 0.707056
    outer loop
      vertex 38.2365 -4.2 2.1828
      vertex 38.1672 -4.25 2.11349
      vertex 38.2365 -4.25 2.1828
    endloop
  endfacet
  facet normal -0.707158 0 0.707056
    outer loop
      vertex 38.1672 -35.1 2.11349
      vertex 38.2365 -14.25 2.1828
      vertex 38.1672 -14.25 2.11349
    endloop
  endfacet
  facet normal -0.707158 0 0.707056
    outer loop
      vertex 38.2365 -14.25 2.1828
      vertex 38.1672 -35.1 2.11349
      vertex 38.2365 -35.1 2.1828
    endloop
  endfacet
  facet normal -0.93868 -0.284723 0.194457
    outer loop
      vertex 38.338 45.8971 2.45099
      vertex 38.3097 45.9904 2.45099
      vertex 38.292 45.9831 2.35486
    endloop
  endfacet
  facet normal -0.621909 -0.758548 0.194511
    outer loop
      vertex 38.1883 46.1383 2.35486
      vertex 38.2019 46.1518 2.45099
      vertex 38.1264 46.2137 2.45099
    endloop
  endfacet
  facet normal -0.0965188 -0.976248 0.19397
    outer loop
      vertex 37.9471 46.288 2.45099
      vertex 37.85 46.2976 2.45099
      vertex 37.85 46.2785 2.35486
    endloop
  endfacet
  facet normal -0.284388 -0.938899 0.193884
    outer loop
      vertex 38.0331 46.2421 2.35486
      vertex 37.9471 46.288 2.45099
      vertex 37.9433 46.2693 2.35486
    endloop
  endfacet
  facet normal -0.0983875 -0.995148 0
    outer loop
      vertex 37.85 46.2976 2.45099
      vertex 37.9471 46.288 9.1375
      vertex 37.85 46.2976 9.1375
    endloop
  endfacet
  facet normal -0.0983875 -0.995148 -0
    outer loop
      vertex 37.9471 46.288 9.1375
      vertex 37.85 46.2976 2.45099
      vertex 37.9471 46.288 2.45099
    endloop
  endfacet
  facet normal -0.471652 -0.881785 0
    outer loop
      vertex 38.0404 46.2597 2.45099
      vertex 38.1264 46.2137 9.1375
      vertex 38.0404 46.2597 9.1375
    endloop
  endfacet
  facet normal -0.471652 -0.881785 -0
    outer loop
      vertex 38.1264 46.2137 9.1375
      vertex 38.0404 46.2597 2.45099
      vertex 38.1264 46.2137 2.45099
    endloop
  endfacet
  facet normal -0.758616 -0.621784 0.194645
    outer loop
      vertex 38.2637 46.0764 2.45099
      vertex 38.2019 46.1518 2.45099
      vertex 38.1883 46.1383 2.35486
    endloop
  endfacet
  facet normal -0.758313 -0.62234 0.194049
    outer loop
      vertex 38.2478 46.0658 2.35486
      vertex 38.2637 46.0764 2.45099
      vertex 38.1883 46.1383 2.35486
    endloop
  endfacet
  facet normal 0.151487 -0.124632 0.98057
    outer loop
      vertex -37.8847 45.8347 2.00241
      vertex -37.9526 45.9026 2.02153
      vertex -37.9707 45.8806 2.02153
    endloop
  endfacet
  facet normal -0.865169 -0.4624 0.194087
    outer loop
      vertex 38.292 45.9831 2.35486
      vertex 38.2637 46.0764 2.45099
      vertex 38.2478 46.0658 2.35486
    endloop
  endfacet
  facet normal -0.815468 -0.435836 0.380866
    outer loop
      vertex 38.2574 45.9687 2.2643
      vertex 38.292 45.9831 2.35486
      vertex 38.2478 46.0658 2.35486
    endloop
  endfacet
  facet normal -0.554915 -0.0542851 0.830134
    outer loop
      vertex 38.0857 45.8 2.05904
      vertex 38.1611 45.8619 2.11349
      vertex 38.0812 45.846 2.05904
    endloop
  endfacet
  facet normal -0.643764 -0.528414 0.553486
    outer loop
      vertex 38.1714 46.0147 2.1828
      vertex 38.2166 46.045 2.2643
      vertex 38.1233 46.0733 2.1828
    endloop
  endfacet
  facet normal -0.554693 -0.0546628 0.830257
    outer loop
      vertex 38.1672 45.8 2.11349
      vertex 38.1611 45.8619 2.11349
      vertex 38.0857 45.8 2.05904
    endloop
  endfacet
  facet normal -0.367315 -0.112085 0.923318
    outer loop
      vertex 37.9924 45.8283 2.02153
      vertex 38.0678 45.8902 2.05904
      vertex 37.9841 45.8555 2.02153
    endloop
  endfacet
  facet normal 0.0542647 -0.554705 0.830275
    outer loop
      vertex -37.85 46.0357 2.05904
      vertex -37.85 46.1172 2.11349
      vertex -37.896 46.0312 2.05904
    endloop
  endfacet
  facet normal -0.449221 -0.548414 0.705296
    outer loop
      vertex 38.0743 46.0243 2.11349
      vertex 38.1233 46.0733 2.1828
      vertex 38.0262 46.0637 2.11349
    endloop
  endfacet
  facet normal 0 -0.980827 0.19488
    outer loop
      vertex -37.85 46.2785 2.35486
      vertex 37.85 46.2976 2.45099
      vertex -37.85 46.2976 2.45099
    endloop
  endfacet
  facet normal 0 -0.980827 0.19488
    outer loop
      vertex 37.85 46.2976 2.45099
      vertex -37.85 46.2785 2.35486
      vertex 37.85 46.2785 2.35486
    endloop
  endfacet
  facet normal -0.0692362 -0.705461 0.705359
    outer loop
      vertex 37.9254 46.1791 2.1828
      vertex 37.85 46.1865 2.1828
      vertex 37.85 46.1172 2.11349
    endloop
  endfacet
  facet normal 0.547932 -0.449753 0.705332
    outer loop
      vertex -38.0743 46.0243 2.11349
      vertex -38.1233 46.0733 2.1828
      vertex -38.1714 46.0147 2.1828
    endloop
  endfacet
  facet normal 0.828473 -0.081884 0.55401
    outer loop
      vertex -38.2365 45.8 2.1828
      vertex -38.2825 45.886 2.2643
      vertex -38.291 45.8 2.2643
    endloop
  endfacet
  facet normal -0.0695038 -0.705293 0.7055
    outer loop
      vertex 37.9119 46.1111 2.11349
      vertex 37.9254 46.1791 2.1828
      vertex 37.85 46.1172 2.11349
    endloop
  endfacet
  facet normal 0.111436 -0.367574 0.923294
    outer loop
      vertex -37.9055 45.9341 2.02153
      vertex -37.896 46.0312 2.05904
      vertex -37.9402 46.0178 2.05904
    endloop
  endfacet
  facet normal 0.296448 -0.243896 0.923382
    outer loop
      vertex -37.9707 45.8806 2.02153
      vertex -37.9526 45.9026 2.02153
      vertex -38.0167 45.9667 2.05904
    endloop
  endfacet
  facet normal 0.976272 -0.0962669 0.193975
    outer loop
      vertex -38.3285 45.8 2.35486
      vertex -38.3193 45.8933 2.35486
      vertex -38.3476 45.8 2.45099
    endloop
  endfacet
  facet normal 0.554915 -0.0542851 0.830134
    outer loop
      vertex -38.0857 45.8 2.05904
      vertex -38.0812 45.846 2.05904
      vertex -38.1611 45.8619 2.11349
    endloop
  endfacet
  facet normal 0.625321 -0.334191 0.705188
    outer loop
      vertex -38.1431 45.9214 2.11349
      vertex -38.1714 46.0147 2.1828
      vertex -38.2071 45.9479 2.1828
    endloop
  endfacet
  facet normal 0.124632 -0.151487 0.98057
    outer loop
      vertex -37.8847 45.8347 2.00241
      vertex -37.9306 45.9207 2.02153
      vertex -37.9526 45.9026 2.02153
    endloop
  endfacet
  facet normal 0.0186168 -0.195132 0.9806
    outer loop
      vertex -37.8596 45.8481 2.00241
      vertex -37.85 45.9451 2.02153
      vertex -37.8783 45.9424 2.02153
    endloop
  endfacet
  facet normal -0.367753 -0.111491 0.923216
    outer loop
      vertex 38.0812 45.846 2.05904
      vertex 38.0678 45.8902 2.05904
      vertex 37.9924 45.8283 2.02153
    endloop
  endfacet
  facet normal -0.831265 0 0.555877
    outer loop
      vertex 38.2365 9.65 2.1828
      vertex 38.291 45.8 2.2643
      vertex 38.2365 45.8 2.1828
    endloop
  endfacet
  facet normal -0.831265 0 0.555877
    outer loop
      vertex 38.291 45.8 2.2643
      vertex 38.2365 9.65 2.1828
      vertex 38.291 9.65 2.2643
    endloop
  endfacet
  facet normal -0.831265 0 0.555877
    outer loop
      vertex 38.2365 -0.400001 2.1828
      vertex 38.291 -0.35 2.2643
      vertex 38.2365 -0.35 2.1828
    endloop
  endfacet
  facet normal -0.831265 0 0.555877
    outer loop
      vertex 38.291 -0.35 2.2643
      vertex 38.2365 -0.400001 2.1828
      vertex 38.291 -0.400001 2.2643
    endloop
  endfacet
  facet normal -0.831265 0 0.555877
    outer loop
      vertex 38.2365 -4.25 2.1828
      vertex 38.291 -4.2 2.2643
      vertex 38.2365 -4.2 2.1828
    endloop
  endfacet
  facet normal -0.831265 0 0.555877
    outer loop
      vertex 38.291 -4.2 2.2643
      vertex 38.2365 -4.25 2.1828
      vertex 38.291 -4.25 2.2643
    endloop
  endfacet
  facet normal -0.831265 0 0.555877
    outer loop
      vertex 38.2365 -35.1 2.1828
      vertex 38.291 -14.25 2.2643
      vertex 38.2365 -14.25 2.1828
    endloop
  endfacet
  facet normal -0.831265 0 0.555877
    outer loop
      vertex 38.291 -14.25 2.2643
      vertex 38.2365 -35.1 2.1828
      vertex 38.291 -35.1 2.2643
    endloop
  endfacet
  facet normal -0.956947 -0.290264 0
    outer loop
      vertex 38.338 45.8971 2.45099
      vertex 38.3097 45.9904 9.1375
      vertex 38.3097 45.9904 2.45099
    endloop
  endfacet
  facet normal -0.956947 -0.290264 0
    outer loop
      vertex 38.3097 45.9904 9.1375
      vertex 38.338 45.8971 2.45099
      vertex 38.338 45.8971 9.1375
    endloop
  endfacet
  facet normal -0.995148 -0.0983875 0
    outer loop
      vertex 38.3476 45.8 2.45099
      vertex 38.338 45.8971 9.1375
      vertex 38.338 45.8971 2.45099
    endloop
  endfacet
  facet normal -0.995148 -0.0983875 0
    outer loop
      vertex 38.338 45.8971 9.1375
      vertex 38.3476 45.8 2.45099
      vertex 38.3476 45.8 9.1375
    endloop
  endfacet
  facet normal -0.634018 -0.773318 0
    outer loop
      vertex 38.1264 46.2137 2.45099
      vertex 38.2019 46.1518 9.1375
      vertex 38.1264 46.2137 9.1375
    endloop
  endfacet
  facet normal -0.634018 -0.773318 -0
    outer loop
      vertex 38.2019 46.1518 9.1375
      vertex 38.1264 46.2137 2.45099
      vertex 38.2019 46.1518 2.45099
    endloop
  endfacet
  facet normal -0.0962717 -0.97632 0.193727
    outer loop
      vertex 37.9433 46.2693 2.35486
      vertex 37.9471 46.288 2.45099
      vertex 37.85 46.2785 2.35486
    endloop
  endfacet
  facet normal -0.284777 -0.938858 0.193517
    outer loop
      vertex 38.0331 46.2421 2.35486
      vertex 38.0404 46.2597 2.45099
      vertex 37.9471 46.288 2.45099
    endloop
  endfacet
  facet normal -0.172971 -0.0923433 0.980588
    outer loop
      vertex 37.9841 45.8555 2.02153
      vertex 37.9707 45.8806 2.02153
      vertex 37.8953 45.8188 2.00241
    endloop
  endfacet
  facet normal -0.382508 -0.0374192 0.923194
    outer loop
      vertex 38.0857 45.8 2.05904
      vertex 38.0812 45.846 2.05904
      vertex 37.9924 45.8283 2.02153
    endloop
  endfacet
  facet normal -0.15279 -0.122232 0.98067
    outer loop
      vertex 37.8907 45.8272 2.00241
      vertex 37.9707 45.8806 2.02153
      vertex 37.8847 45.8347 2.00241
    endloop
  endfacet
  facet normal -0.734436 -0.392726 0.553507
    outer loop
      vertex 38.2574 45.9687 2.2643
      vertex 38.2166 46.045 2.2643
      vertex 38.2071 45.9479 2.1828
    endloop
  endfacet
  facet normal -0.828791 -0.0813402 0.553615
    outer loop
      vertex 38.2365 45.8 2.1828
      vertex 38.2825 45.886 2.2643
      vertex 38.2291 45.8754 2.1828
    endloop
  endfacet
  facet normal -0.335221 -0.624833 0.705132
    outer loop
      vertex 38.0262 46.0637 2.11349
      vertex 37.9979 46.1571 2.1828
      vertex 37.9714 46.0931 2.11349
    endloop
  endfacet
  facet normal -0.353174 -0.431524 0.830094
    outer loop
      vertex 38.0167 45.9667 2.05904
      vertex 38.0743 46.0243 2.11349
      vertex 37.9809 45.996 2.05904
    endloop
  endfacet
  facet normal -0.0373951 -0.382261 0.923297
    outer loop
      vertex 37.896 46.0312 2.05904
      vertex 37.85 46.0357 2.05904
      vertex 37.85 45.9451 2.02153
    endloop
  endfacet
  facet normal -0.338998 -0.180979 0.923215
    outer loop
      vertex 37.9841 45.8555 2.02153
      vertex 38.046 45.9309 2.05904
      vertex 37.9707 45.8806 2.02153
    endloop
  endfacet
  facet normal -0.431295 -0.353285 0.830165
    outer loop
      vertex 38.1137 45.9762 2.11349
      vertex 38.0743 46.0243 2.11349
      vertex 38.046 45.9309 2.05904
    endloop
  endfacet
  facet normal 0.621909 -0.758548 0.194511
    outer loop
      vertex -38.1883 46.1383 2.35486
      vertex -38.1264 46.2137 2.45099
      vertex -38.2019 46.1518 2.45099
    endloop
  endfacet
  facet normal 0.180871 -0.338795 0.923311
    outer loop
      vertex -37.9306 45.9207 2.02153
      vertex -37.9055 45.9341 2.02153
      vertex -37.9402 46.0178 2.05904
    endloop
  endfacet
  facet normal -0.161394 -0.533496 0.830261
    outer loop
      vertex 37.9402 46.0178 2.05904
      vertex 37.9714 46.0931 2.11349
      vertex 37.9119 46.1111 2.11349
    endloop
  endfacet
  facet normal -0.263169 -0.491328 0.830264
    outer loop
      vertex 37.9809 45.996 2.05904
      vertex 37.9714 46.0931 2.11349
      vertex 37.9402 46.0178 2.05904
    endloop
  endfacet
  facet normal 0 -0.382529 0.923944
    outer loop
      vertex -37.85 46.0357 2.05904
      vertex 37.85 45.9451 2.02153
      vertex 37.85 46.0357 2.05904
    endloop
  endfacet
  facet normal 0 -0.382529 0.923944
    outer loop
      vertex 37.85 45.9451 2.02153
      vertex -37.85 46.0357 2.05904
      vertex -37.85 45.9451 2.02153
    endloop
  endfacet
  facet normal 0.555524 0 0.831501
    outer loop
      vertex -38.1672 45.8 2.11349
      vertex -38.0857 9.65 2.05904
      vertex -38.0857 45.8 2.05904
    endloop
  endfacet
  facet normal 0.555524 0 0.831501
    outer loop
      vertex -38.0857 9.65 2.05904
      vertex -38.1672 45.8 2.11349
      vertex -38.1672 9.65 2.11349
    endloop
  endfacet
  facet normal 0.555524 0 0.831501
    outer loop
      vertex -38.1672 -0.35 2.11349
      vertex -38.0857 -0.400001 2.05904
      vertex -38.0857 -0.35 2.05904
    endloop
  endfacet
  facet normal 0.555524 0 0.831501
    outer loop
      vertex -38.0857 -0.400001 2.05904
      vertex -38.1672 -0.35 2.11349
      vertex -38.1672 -0.400001 2.11349
    endloop
  endfacet
  facet normal 0.555524 0 0.831501
    outer loop
      vertex -38.1672 -4.2 2.11349
      vertex -38.0857 -4.25 2.05904
      vertex -38.0857 -4.2 2.05904
    endloop
  endfacet
  facet normal 0.555524 0 0.831501
    outer loop
      vertex -38.0857 -4.25 2.05904
      vertex -38.1672 -4.2 2.11349
      vertex -38.1672 -4.25 2.11349
    endloop
  endfacet
  facet normal 0.555524 0 0.831501
    outer loop
      vertex -38.1672 -14.25 2.11349
      vertex -38.0857 -35.1 2.05904
      vertex -38.0857 -14.25 2.05904
    endloop
  endfacet
  facet normal 0.555524 0 0.831501
    outer loop
      vertex -38.0857 -35.1 2.05904
      vertex -38.1672 -14.25 2.11349
      vertex -38.1672 -35.1 2.11349
    endloop
  endfacet
  facet normal 0.0907289 -0.920109 0.381008
    outer loop
      vertex -37.85 46.241 2.2643
      vertex -37.85 46.2785 2.35486
      vertex -37.9433 46.2693 2.35486
    endloop
  endfacet
  facet normal 0.0965188 -0.976248 0.19397
    outer loop
      vertex -37.85 46.2785 2.35486
      vertex -37.85 46.2976 2.45099
      vertex -37.9471 46.288 2.45099
    endloop
  endfacet
  facet normal 0.643828 -0.52817 0.553644
    outer loop
      vertex -38.1233 46.0733 2.1828
      vertex -38.1618 46.1118 2.2643
      vertex -38.2166 46.045 2.2643
    endloop
  endfacet
  facet normal 0.62234 -0.758313 0.194049
    outer loop
      vertex -38.1158 46.1978 2.35486
      vertex -38.1264 46.2137 2.45099
      vertex -38.1883 46.1383 2.35486
    endloop
  endfacet
  facet normal 0 -0.707158 0.707056
    outer loop
      vertex -37.85 46.1172 2.11349
      vertex 37.85 46.1865 2.1828
      vertex -37.85 46.1865 2.1828
    endloop
  endfacet
  facet normal 0 -0.707158 0.707056
    outer loop
      vertex 37.85 46.1865 2.1828
      vertex -37.85 46.1172 2.11349
      vertex 37.85 46.1172 2.11349
    endloop
  endfacet
  facet normal 0.0546782 -0.554849 0.830152
    outer loop
      vertex -37.896 46.0312 2.05904
      vertex -37.85 46.1172 2.11349
      vertex -37.9119 46.1111 2.11349
    endloop
  endfacet
  facet normal 0.263263 -0.491504 0.830131
    outer loop
      vertex -37.9809 45.996 2.05904
      vertex -37.9402 46.0178 2.05904
      vertex -38.0262 46.0637 2.11349
    endloop
  endfacet
  facet normal 0.243896 -0.296448 0.923382
    outer loop
      vertex -37.9526 45.9026 2.02153
      vertex -37.9306 45.9207 2.02153
      vertex -38.0167 45.9667 2.05904
    endloop
  endfacet
  facet normal 0.243355 -0.297342 0.923237
    outer loop
      vertex -37.9306 45.9207 2.02153
      vertex -37.9809 45.996 2.05904
      vertex -38.0167 45.9667 2.05904
    endloop
  endfacet
  facet normal 0.533496 -0.161394 0.830261
    outer loop
      vertex -38.0678 45.8902 2.05904
      vertex -38.1431 45.9214 2.11349
      vertex -38.1611 45.8619 2.11349
    endloop
  endfacet
  facet normal 0.112174 -0.367606 0.923192
    outer loop
      vertex -37.8783 45.9424 2.02153
      vertex -37.896 46.0312 2.05904
      vertex -37.9055 45.9341 2.02153
    endloop
  endfacet
  facet normal 0.831265 -0 0.555877
    outer loop
      vertex -38.291 9.65 2.2643
      vertex -38.2365 45.8 2.1828
      vertex -38.291 45.8 2.2643
    endloop
  endfacet
  facet normal 0.831265 0 0.555877
    outer loop
      vertex -38.2365 45.8 2.1828
      vertex -38.291 9.65 2.2643
      vertex -38.2365 9.65 2.1828
    endloop
  endfacet
  facet normal 0.831265 -0 0.555877
    outer loop
      vertex -38.291 -0.400001 2.2643
      vertex -38.2365 -0.35 2.1828
      vertex -38.291 -0.35 2.2643
    endloop
  endfacet
  facet normal 0.831265 0 0.555877
    outer loop
      vertex -38.2365 -0.35 2.1828
      vertex -38.291 -0.400001 2.2643
      vertex -38.2365 -0.400001 2.1828
    endloop
  endfacet
  facet normal 0.831265 -0 0.555877
    outer loop
      vertex -38.291 -4.25 2.2643
      vertex -38.2365 -4.2 2.1828
      vertex -38.291 -4.2 2.2643
    endloop
  endfacet
  facet normal 0.831265 0 0.555877
    outer loop
      vertex -38.2365 -4.2 2.1828
      vertex -38.291 -4.25 2.2643
      vertex -38.2365 -4.25 2.1828
    endloop
  endfacet
  facet normal 0.831265 -0 0.555877
    outer loop
      vertex -38.291 -35.1 2.2643
      vertex -38.2365 -14.25 2.1828
      vertex -38.291 -14.25 2.2643
    endloop
  endfacet
  facet normal 0.831265 0 0.555877
    outer loop
      vertex -38.2365 -14.25 2.1828
      vertex -38.291 -35.1 2.2643
      vertex -38.2365 -35.1 2.1828
    endloop
  endfacet
  facet normal 0.980827 -0 0.19488
    outer loop
      vertex -38.3476 -0.400001 2.45099
      vertex -38.3285 45.8 2.35486
      vertex -38.3476 45.8 2.45099
    endloop
  endfacet
  facet normal 0.980827 0 0.19488
    outer loop
      vertex -38.3285 45.8 2.35486
      vertex -38.3476 -0.400001 2.45099
      vertex -38.3285 -0.400001 2.35486
    endloop
  endfacet
  facet normal 0.980827 -0 0.19488
    outer loop
      vertex -38.3476 -35.1 2.45099
      vertex -38.3285 -4.2 2.35486
      vertex -38.3476 -4.2 2.45099
    endloop
  endfacet
  facet normal 0.980827 0 0.19488
    outer loop
      vertex -38.3285 -4.2 2.35486
      vertex -38.3476 -35.1 2.45099
      vertex -38.3285 -35.1 2.35486
    endloop
  endfacet
  facet normal 0.491328 -0.263169 0.830264
    outer loop
      vertex -38.0678 45.8902 2.05904
      vertex -38.046 45.9309 2.05904
      vertex -38.1431 45.9214 2.11349
    endloop
  endfacet
  facet normal 0.554693 -0.0546628 0.830257
    outer loop
      vertex -38.0857 45.8 2.05904
      vertex -38.1611 45.8619 2.11349
      vertex -38.1672 45.8 2.11349
    endloop
  endfacet
  facet normal -0.187492 -0.0572128 0.980598
    outer loop
      vertex 37.9924 45.8283 2.02153
      vertex 37.9841 45.8555 2.02153
      vertex 37.8953 45.8188 2.00241
    endloop
  endfacet
  facet normal -0.555524 0 0.831501
    outer loop
      vertex 38.0857 45.8 2.05904
      vertex 38.1672 9.65 2.11349
      vertex 38.1672 45.8 2.11349
    endloop
  endfacet
  facet normal -0.555524 0 0.831501
    outer loop
      vertex 38.1672 9.65 2.11349
      vertex 38.0857 45.8 2.05904
      vertex 38.0857 9.65 2.05904
    endloop
  endfacet
  facet normal -0.555524 0 0.831501
    outer loop
      vertex 38.0857 -0.35 2.05904
      vertex 38.1672 -0.400001 2.11349
      vertex 38.1672 -0.35 2.11349
    endloop
  endfacet
  facet normal -0.555524 0 0.831501
    outer loop
      vertex 38.1672 -0.400001 2.11349
      vertex 38.0857 -0.35 2.05904
      vertex 38.0857 -0.400001 2.05904
    endloop
  endfacet
  facet normal -0.555524 0 0.831501
    outer loop
      vertex 38.0857 -4.2 2.05904
      vertex 38.1672 -4.25 2.11349
      vertex 38.1672 -4.2 2.11349
    endloop
  endfacet
  facet normal -0.555524 0 0.831501
    outer loop
      vertex 38.1672 -4.25 2.11349
      vertex 38.0857 -4.2 2.05904
      vertex 38.0857 -4.25 2.05904
    endloop
  endfacet
  facet normal -0.555524 0 0.831501
    outer loop
      vertex 38.0857 -14.25 2.05904
      vertex 38.1672 -35.1 2.11349
      vertex 38.1672 -14.25 2.11349
    endloop
  endfacet
  facet normal -0.555524 0 0.831501
    outer loop
      vertex 38.1672 -35.1 2.11349
      vertex 38.0857 -14.25 2.05904
      vertex 38.0857 -35.1 2.05904
    endloop
  endfacet
  facet normal 0.0365096 -0.382675 0.923161
    outer loop
      vertex -37.8783 45.9424 2.02153
      vertex -37.85 45.9451 2.02153
      vertex -37.896 46.0312 2.05904
    endloop
  endfacet
  facet normal -0.171639 -0.0939928 0.980666
    outer loop
      vertex 37.8953 45.8188 2.00241
      vertex 37.9707 45.8806 2.02153
      vertex 37.8907 45.8272 2.00241
    endloop
  endfacet
  facet normal -0.920039 -0.0907219 0.38118
    outer loop
      vertex 38.3285 45.8 2.35486
      vertex 38.3193 45.8933 2.35486
      vertex 38.2825 45.886 2.2643
    endloop
  endfacet
  facet normal -0.884669 -0.268503 0.381138
    outer loop
      vertex 38.2825 45.886 2.2643
      vertex 38.3193 45.8933 2.35486
      vertex 38.2574 45.9687 2.2643
    endloop
  endfacet
  facet normal -0.864963 -0.462655 0.194395
    outer loop
      vertex 38.292 45.9831 2.35486
      vertex 38.3097 45.9904 2.45099
      vertex 38.2637 46.0764 2.45099
    endloop
  endfacet
  facet normal -0.881785 -0.471652 0
    outer loop
      vertex 38.3097 45.9904 2.45099
      vertex 38.2637 46.0764 9.1375
      vertex 38.2637 46.0764 2.45099
    endloop
  endfacet
  facet normal -0.881785 -0.471652 0
    outer loop
      vertex 38.2637 46.0764 9.1375
      vertex 38.3097 45.9904 2.45099
      vertex 38.3097 45.9904 9.1375
    endloop
  endfacet
  facet normal -0.714716 -0.58656 0.380958
    outer loop
      vertex 38.2166 46.045 2.2643
      vertex 38.2478 46.0658 2.35486
      vertex 38.1883 46.1383 2.35486
    endloop
  endfacet
  facet normal -0.435859 -0.815099 0.381629
    outer loop
      vertex 38.095 46.1666 2.2643
      vertex 38.0331 46.2421 2.35486
      vertex 38.0187 46.2074 2.2643
    endloop
  endfacet
  facet normal -0.268006 -0.884812 0.381156
    outer loop
      vertex 38.0331 46.2421 2.35486
      vertex 37.9433 46.2693 2.35486
      vertex 37.936 46.2325 2.2643
    endloop
  endfacet
  facet normal -0.0909317 -0.920015 0.381188
    outer loop
      vertex 37.936 46.2325 2.2643
      vertex 37.9433 46.2693 2.35486
      vertex 37.85 46.241 2.2643
    endloop
  endfacet
  facet normal -0.796911 -0.241868 0.553564
    outer loop
      vertex 38.2825 45.886 2.2643
      vertex 38.2574 45.9687 2.2643
      vertex 38.2071 45.9479 2.1828
    endloop
  endfacet
  facet normal -0.705335 -0.0692238 0.705487
    outer loop
      vertex 38.2365 45.8 2.1828
      vertex 38.2291 45.8754 2.1828
      vertex 38.1611 45.8619 2.11349
    endloop
  endfacet
  facet normal -0.624833 -0.335221 0.705132
    outer loop
      vertex 38.1431 45.9214 2.11349
      vertex 38.2071 45.9479 2.1828
      vertex 38.1137 45.9762 2.11349
    endloop
  endfacet
  facet normal -0.734606 -0.392597 0.553373
    outer loop
      vertex 38.2071 45.9479 2.1828
      vertex 38.2166 46.045 2.2643
      vertex 38.1714 46.0147 2.1828
    endloop
  endfacet
  facet normal -0.491304 -0.263583 0.830148
    outer loop
      vertex 38.1431 45.9214 2.11349
      vertex 38.1137 45.9762 2.11349
      vertex 38.046 45.9309 2.05904
    endloop
  endfacet
  facet normal -0.491328 -0.263169 0.830264
    outer loop
      vertex 38.0678 45.8902 2.05904
      vertex 38.1431 45.9214 2.11349
      vertex 38.046 45.9309 2.05904
    endloop
  endfacet
  facet normal 0.0922487 -0.172794 0.980629
    outer loop
      vertex -37.8772 45.8407 2.00241
      vertex -37.9055 45.9341 2.02153
      vertex -37.9306 45.9207 2.02153
    endloop
  endfacet
  facet normal -0.382274 -0.0364714 0.923329
    outer loop
      vertex 37.9951 45.8 2.02153
      vertex 38.0857 45.8 2.05904
      vertex 37.9924 45.8283 2.02153
    endloop
  endfacet
  facet normal -0.195101 -0.0186139 0.980607
    outer loop
      vertex 37.9951 45.8 2.02153
      vertex 37.9924 45.8283 2.02153
      vertex 37.899 45.8 2.00241
    endloop
  endfacet
  facet normal -0.151487 -0.124632 0.98057
    outer loop
      vertex 37.9707 45.8806 2.02153
      vertex 37.9526 45.9026 2.02153
      vertex 37.8847 45.8347 2.00241
    endloop
  endfacet
  facet normal -0.297342 -0.243355 0.923237
    outer loop
      vertex 38.046 45.9309 2.05904
      vertex 38.0167 45.9667 2.05904
      vertex 37.9707 45.8806 2.02153
    endloop
  endfacet
  facet normal -0.241826 -0.796925 0.553562
    outer loop
      vertex 37.9979 46.1571 2.1828
      vertex 38.0187 46.2074 2.2643
      vertex 37.9254 46.1791 2.1828
    endloop
  endfacet
  facet normal -0.436566 -0.814989 0.381054
    outer loop
      vertex 38.095 46.1666 2.2643
      vertex 38.1158 46.1978 2.35486
      vertex 38.0331 46.2421 2.35486
    endloop
  endfacet
  facet normal -0.0546628 -0.554693 0.830257
    outer loop
      vertex 37.9119 46.1111 2.11349
      vertex 37.85 46.1172 2.11349
      vertex 37.85 46.0357 2.05904
    endloop
  endfacet
  facet normal 0.263513 -0.491173 0.830247
    outer loop
      vertex -37.9402 46.0178 2.05904
      vertex -37.9714 46.0931 2.11349
      vertex -38.0262 46.0637 2.11349
    endloop
  endfacet
  facet normal -0.161754 -0.533546 0.830159
    outer loop
      vertex 37.9402 46.0178 2.05904
      vertex 37.9119 46.1111 2.11349
      vertex 37.896 46.0312 2.05904
    endloop
  endfacet
  facet normal -0.111436 -0.367574 0.923294
    outer loop
      vertex 37.9055 45.9341 2.02153
      vertex 37.9402 46.0178 2.05904
      vertex 37.896 46.0312 2.05904
    endloop
  endfacet
  facet normal 0.161703 -0.533379 0.830277
    outer loop
      vertex -37.9402 46.0178 2.05904
      vertex -37.896 46.0312 2.05904
      vertex -37.9714 46.0931 2.11349
    endloop
  endfacet
  facet normal 0.938789 -0.284756 0.193877
    outer loop
      vertex -38.3193 45.8933 2.35486
      vertex -38.3097 45.9904 2.45099
      vertex -38.338 45.8971 2.45099
    endloop
  endfacet
  facet normal 0.0819081 -0.828718 0.553641
    outer loop
      vertex -37.9254 46.1791 2.1828
      vertex -37.85 46.241 2.2643
      vertex -37.936 46.2325 2.2643
    endloop
  endfacet
  facet normal 0.881785 -0.471652 0
    outer loop
      vertex -38.3097 45.9904 9.1375
      vertex -38.2637 46.0764 2.45099
      vertex -38.2637 46.0764 9.1375
    endloop
  endfacet
  facet normal 0.881785 -0.471652 0
    outer loop
      vertex -38.2637 46.0764 2.45099
      vertex -38.3097 45.9904 9.1375
      vertex -38.3097 45.9904 2.45099
    endloop
  endfacet
  facet normal 0.382508 -0.0374192 0.923194
    outer loop
      vertex -37.9924 45.8283 2.02153
      vertex -38.0812 45.846 2.05904
      vertex -38.0857 45.8 2.05904
    endloop
  endfacet
  facet normal 0.367753 -0.111491 0.923216
    outer loop
      vertex -37.9924 45.8283 2.02153
      vertex -38.0678 45.8902 2.05904
      vertex -38.0812 45.846 2.05904
    endloop
  endfacet
  facet normal 0.431524 -0.353174 0.830094
    outer loop
      vertex -38.046 45.9309 2.05904
      vertex -38.0167 45.9667 2.05904
      vertex -38.0743 46.0243 2.11349
    endloop
  endfacet
  facet normal 0.353343 -0.431365 0.830104
    outer loop
      vertex -38.0167 45.9667 2.05904
      vertex -38.0262 46.0637 2.11349
      vertex -38.0743 46.0243 2.11349
    endloop
  endfacet
  facet normal 0.0570795 -0.187547 0.980596
    outer loop
      vertex -37.8688 45.8453 2.00241
      vertex -37.8596 45.8481 2.00241
      vertex -37.9055 45.9341 2.02153
    endloop
  endfacet
  facet normal 0.0572087 -0.187479 0.980601
    outer loop
      vertex -37.8596 45.8481 2.00241
      vertex -37.8783 45.9424 2.02153
      vertex -37.9055 45.9341 2.02153
    endloop
  endfacet
  facet normal 0.678349 -0.205215 0.705499
    outer loop
      vertex -38.1611 45.8619 2.11349
      vertex -38.1431 45.9214 2.11349
      vertex -38.2291 45.8754 2.1828
    endloop
  endfacet
  facet normal 0.705447 -0.069519 0.705345
    outer loop
      vertex -38.1672 45.8 2.11349
      vertex -38.1611 45.8619 2.11349
      vertex -38.2365 45.8 2.1828
    endloop
  endfacet
  facet normal -0.187508 -0.0570676 0.980604
    outer loop
      vertex 37.8981 45.8096 2.00241
      vertex 37.9924 45.8283 2.02153
      vertex 37.8953 45.8188 2.00241
    endloop
  endfacet
  facet normal -0.52817 -0.643828 0.553644
    outer loop
      vertex 38.1233 46.0733 2.1828
      vertex 38.1618 46.1118 2.2643
      vertex 38.095 46.1666 2.2643
    endloop
  endfacet
  facet normal -0.586459 -0.714881 0.380803
    outer loop
      vertex 38.1618 46.1118 2.2643
      vertex 38.1883 46.1383 2.35486
      vertex 38.095 46.1666 2.2643
    endloop
  endfacet
  facet normal -0.548111 -0.448972 0.70569
    outer loop
      vertex 38.1137 45.9762 2.11349
      vertex 38.1714 46.0147 2.1828
      vertex 38.0743 46.0243 2.11349
    endloop
  endfacet
  facet normal -0.547932 -0.449753 0.705332
    outer loop
      vertex 38.1714 46.0147 2.1828
      vertex 38.1233 46.0733 2.1828
      vertex 38.0743 46.0243 2.11349
    endloop
  endfacet
  facet normal -0.205878 -0.678461 0.705198
    outer loop
      vertex 37.9714 46.0931 2.11349
      vertex 37.9979 46.1571 2.1828
      vertex 37.9254 46.1791 2.1828
    endloop
  endfacet
  facet normal -0.431524 -0.353174 0.830094
    outer loop
      vertex 38.046 45.9309 2.05904
      vertex 38.0743 46.0243 2.11349
      vertex 38.0167 45.9667 2.05904
    endloop
  endfacet
  facet normal -0.0365096 -0.382675 0.923161
    outer loop
      vertex 37.8783 45.9424 2.02153
      vertex 37.896 46.0312 2.05904
      vertex 37.85 45.9451 2.02153
    endloop
  endfacet
  facet normal -0.112174 -0.367606 0.923192
    outer loop
      vertex 37.9055 45.9341 2.02153
      vertex 37.896 46.0312 2.05904
      vertex 37.8783 45.9424 2.02153
    endloop
  endfacet
  facet normal -0.392597 -0.734606 0.553373
    outer loop
      vertex 38.0647 46.1214 2.1828
      vertex 38.095 46.1666 2.2643
      vertex 37.9979 46.1571 2.1828
    endloop
  endfacet
  facet normal -0.528414 -0.643764 0.553486
    outer loop
      vertex 38.1233 46.0733 2.1828
      vertex 38.095 46.1666 2.2643
      vertex 38.0647 46.1214 2.1828
    endloop
  endfacet
  facet normal -0.353285 -0.431295 0.830165
    outer loop
      vertex 38.0743 46.0243 2.11349
      vertex 38.0262 46.0637 2.11349
      vertex 37.9809 45.996 2.05904
    endloop
  endfacet
  facet normal -0.263583 -0.491304 0.830148
    outer loop
      vertex 37.9809 45.996 2.05904
      vertex 38.0262 46.0637 2.11349
      vertex 37.9714 46.0931 2.11349
    endloop
  endfacet
  facet normal 0 -0.831265 0.555877
    outer loop
      vertex -37.85 46.1865 2.1828
      vertex 37.85 46.241 2.2643
      vertex -37.85 46.241 2.2643
    endloop
  endfacet
  facet normal 0 -0.831265 0.555877
    outer loop
      vertex 37.85 46.241 2.2643
      vertex -37.85 46.1865 2.1828
      vertex 37.85 46.1865 2.1828
    endloop
  endfacet
  facet normal 0 -0.555524 0.831501
    outer loop
      vertex -37.85 46.1172 2.11349
      vertex 37.85 46.0357 2.05904
      vertex 37.85 46.1172 2.11349
    endloop
  endfacet
  facet normal 0 -0.555524 0.831501
    outer loop
      vertex 37.85 46.0357 2.05904
      vertex -37.85 46.1172 2.11349
      vertex -37.85 46.0357 2.05904
    endloop
  endfacet
  facet normal 0.0962717 -0.97632 0.193727
    outer loop
      vertex -37.9433 46.2693 2.35486
      vertex -37.85 46.2785 2.35486
      vertex -37.9471 46.288 2.45099
    endloop
  endfacet
  facet normal 0.0695038 -0.705293 0.7055
    outer loop
      vertex -37.9119 46.1111 2.11349
      vertex -37.85 46.1172 2.11349
      vertex -37.9254 46.1791 2.1828
    endloop
  endfacet
  facet normal 0.938498 -0.285312 0.194468
    outer loop
      vertex -38.292 45.9831 2.35486
      vertex -38.3097 45.9904 2.45099
      vertex -38.3193 45.8933 2.35486
    endloop
  endfacet
  facet normal 0 -0.92392 0.382586
    outer loop
      vertex -37.85 46.241 2.2643
      vertex 37.85 46.2785 2.35486
      vertex -37.85 46.2785 2.35486
    endloop
  endfacet
  facet normal 0 -0.92392 0.382586
    outer loop
      vertex 37.85 46.2785 2.35486
      vertex -37.85 46.241 2.2643
      vertex 37.85 46.241 2.2643
    endloop
  endfacet
  facet normal 0.528233 -0.643904 0.553496
    outer loop
      vertex -38.0647 46.1214 2.1828
      vertex -38.095 46.1666 2.2643
      vertex -38.1618 46.1118 2.2643
    endloop
  endfacet
  facet normal 0.290264 -0.956947 0
    outer loop
      vertex -38.0404 46.2597 2.45099
      vertex -37.9471 46.288 9.1375
      vertex -38.0404 46.2597 9.1375
    endloop
  endfacet
  facet normal 0.290264 -0.956947 0
    outer loop
      vertex -37.9471 46.288 9.1375
      vertex -38.0404 46.2597 2.45099
      vertex -37.9471 46.288 2.45099
    endloop
  endfacet
  facet normal 0.471652 -0.881785 0
    outer loop
      vertex -38.1264 46.2137 2.45099
      vertex -38.0404 46.2597 9.1375
      vertex -38.1264 46.2137 9.1375
    endloop
  endfacet
  facet normal 0.471652 -0.881785 0
    outer loop
      vertex -38.0404 46.2597 9.1375
      vertex -38.1264 46.2137 2.45099
      vertex -38.0404 46.2597 2.45099
    endloop
  endfacet
  facet normal 0.533546 -0.161754 0.830159
    outer loop
      vertex -38.0812 45.846 2.05904
      vertex -38.0678 45.8902 2.05904
      vertex -38.1611 45.8619 2.11349
    endloop
  endfacet
  facet normal 0.297342 -0.243355 0.923237
    outer loop
      vertex -37.9707 45.8806 2.02153
      vertex -38.0167 45.9667 2.05904
      vertex -38.046 45.9309 2.05904
    endloop
  endfacet
  facet normal 0.171639 -0.0939928 0.980666
    outer loop
      vertex -37.8953 45.8188 2.00241
      vertex -37.8907 45.8272 2.00241
      vertex -37.9707 45.8806 2.02153
    endloop
  endfacet
  facet normal 0.172971 -0.0923433 0.980588
    outer loop
      vertex -37.8953 45.8188 2.00241
      vertex -37.9707 45.8806 2.02153
      vertex -37.9841 45.8555 2.02153
    endloop
  endfacet
  facet normal 0.0942793 -0.172162 0.980547
    outer loop
      vertex -37.8772 45.8407 2.00241
      vertex -37.8688 45.8453 2.00241
      vertex -37.9055 45.9341 2.02153
    endloop
  endfacet
  facet normal -0.0182908 -0.195102 0.980612
    outer loop
      vertex 37.8596 45.8481 2.00241
      vertex 37.85 45.9451 2.02153
      vertex 37.85 45.849 2.00241
    endloop
  endfacet
  facet normal 0.122232 -0.15279 0.98067
    outer loop
      vertex -37.8847 45.8347 2.00241
      vertex -37.8772 45.8407 2.00241
      vertex -37.9306 45.9207 2.02153
    endloop
  endfacet
  facet normal 0.920092 -0.0909393 0.381001
    outer loop
      vertex -38.291 45.8 2.2643
      vertex -38.2825 45.886 2.2643
      vertex -38.3285 45.8 2.35486
    endloop
  endfacet
  facet normal 0.920039 -0.0907219 0.38118
    outer loop
      vertex -38.2825 45.886 2.2643
      vertex -38.3193 45.8933 2.35486
      vertex -38.3285 45.8 2.35486
    endloop
  endfacet
  facet normal -0.0572087 -0.187479 0.980601
    outer loop
      vertex 37.9055 45.9341 2.02153
      vertex 37.8783 45.9424 2.02153
      vertex 37.8596 45.8481 2.00241
    endloop
  endfacet
  facet normal -0.195194 -0.0182994 0.980594
    outer loop
      vertex 37.899 45.8 2.00241
      vertex 37.9924 45.8283 2.02153
      vertex 37.8981 45.8096 2.00241
    endloop
  endfacet
  facet normal -0.0570795 -0.187547 0.980596
    outer loop
      vertex 37.8688 45.8453 2.00241
      vertex 37.9055 45.9341 2.02153
      vertex 37.8596 45.8481 2.00241
    endloop
  endfacet
  facet normal -0.62234 -0.758313 0.194049
    outer loop
      vertex 38.1883 46.1383 2.35486
      vertex 38.1264 46.2137 2.45099
      vertex 38.1158 46.1978 2.35486
    endloop
  endfacet
  facet normal -0.58656 -0.714716 0.380958
    outer loop
      vertex 38.1883 46.1383 2.35486
      vertex 38.1158 46.1978 2.35486
      vertex 38.095 46.1666 2.2643
    endloop
  endfacet
  facet normal -0.714881 -0.586459 0.380803
    outer loop
      vertex 38.2166 46.045 2.2643
      vertex 38.1883 46.1383 2.35486
      vertex 38.1618 46.1118 2.2643
    endloop
  endfacet
  facet normal -0.643828 -0.52817 0.553644
    outer loop
      vertex 38.2166 46.045 2.2643
      vertex 38.1618 46.1118 2.2643
      vertex 38.1233 46.0733 2.1828
    endloop
  endfacet
  facet normal -0.296448 -0.243896 0.923382
    outer loop
      vertex 37.9707 45.8806 2.02153
      vertex 38.0167 45.9667 2.05904
      vertex 37.9526 45.9026 2.02153
    endloop
  endfacet
  facet normal -0.243896 -0.296448 0.923382
    outer loop
      vertex 37.9526 45.9026 2.02153
      vertex 38.0167 45.9667 2.05904
      vertex 37.9306 45.9207 2.02153
    endloop
  endfacet
  facet normal -0.0922487 -0.172794 0.980629
    outer loop
      vertex 37.9306 45.9207 2.02153
      vertex 37.9055 45.9341 2.02153
      vertex 37.8772 45.8407 2.00241
    endloop
  endfacet
  facet normal -0.180979 -0.338998 0.923215
    outer loop
      vertex 37.9306 45.9207 2.02153
      vertex 37.9809 45.996 2.05904
      vertex 37.9055 45.9341 2.02153
    endloop
  endfacet
  facet normal -0.33395 -0.624871 0.705701
    outer loop
      vertex 38.0262 46.0637 2.11349
      vertex 38.0647 46.1214 2.1828
      vertex 37.9979 46.1571 2.1828
    endloop
  endfacet
  facet normal -0.449549 -0.547683 0.705655
    outer loop
      vertex 38.1233 46.0733 2.1828
      vertex 38.0647 46.1214 2.1828
      vertex 38.0262 46.0637 2.11349
    endloop
  endfacet
  facet normal 0.334191 -0.625321 0.705188
    outer loop
      vertex -37.9714 46.0931 2.11349
      vertex -37.9979 46.1571 2.1828
      vertex -38.0647 46.1214 2.1828
    endloop
  endfacet
  facet normal 0.161431 -0.53362 0.830174
    outer loop
      vertex -37.896 46.0312 2.05904
      vertex -37.9119 46.1111 2.11349
      vertex -37.9714 46.0931 2.11349
    endloop
  endfacet
  facet normal 0.734509 -0.392765 0.553382
    outer loop
      vertex -38.1714 46.0147 2.1828
      vertex -38.2166 46.045 2.2643
      vertex -38.2574 45.9687 2.2643
    endloop
  endfacet
  facet normal 0.643764 -0.528414 0.553486
    outer loop
      vertex -38.1714 46.0147 2.1828
      vertex -38.1233 46.0733 2.1828
      vertex -38.2166 46.045 2.2643
    endloop
  endfacet
  facet normal 0.528343 -0.643678 0.553654
    outer loop
      vertex -38.1233 46.0733 2.1828
      vertex -38.0647 46.1214 2.1828
      vertex -38.1618 46.1118 2.2643
    endloop
  endfacet
  facet normal 0.205215 -0.678349 0.705499
    outer loop
      vertex -37.9119 46.1111 2.11349
      vertex -37.9254 46.1791 2.1828
      vertex -37.9714 46.0931 2.11349
    endloop
  endfacet
  facet normal 0.976295 -0.0965235 0.193732
    outer loop
      vertex -38.3193 45.8933 2.35486
      vertex -38.338 45.8971 2.45099
      vertex -38.3476 45.8 2.45099
    endloop
  endfacet
  facet normal 0.995148 -0.0983875 0
    outer loop
      vertex -38.3476 45.8 9.1375
      vertex -38.338 45.8971 2.45099
      vertex -38.338 45.8971 9.1375
    endloop
  endfacet
  facet normal 0.995148 -0.0983875 0
    outer loop
      vertex -38.338 45.8971 2.45099
      vertex -38.3476 45.8 9.1375
      vertex -38.3476 45.8 2.45099
    endloop
  endfacet
  facet normal 0.195194 -0.0182994 0.980594
    outer loop
      vertex -37.899 45.8 2.00241
      vertex -37.8981 45.8096 2.00241
      vertex -37.9924 45.8283 2.02153
    endloop
  endfacet
  facet normal 0.195101 -0.0186139 0.980607
    outer loop
      vertex -37.899 45.8 2.00241
      vertex -37.9924 45.8283 2.02153
      vertex -37.9951 45.8 2.02153
    endloop
  endfacet
  facet normal -0.0942793 -0.172162 0.980547
    outer loop
      vertex 37.8772 45.8407 2.00241
      vertex 37.9055 45.9341 2.02153
      vertex 37.8688 45.8453 2.00241
    endloop
  endfacet
  facet normal 0.734522 -0.392552 0.553516
    outer loop
      vertex -38.2071 45.9479 2.1828
      vertex -38.1714 46.0147 2.1828
      vertex -38.2574 45.9687 2.2643
    endloop
  endfacet
  facet normal 0.884669 -0.268503 0.381138
    outer loop
      vertex -38.2825 45.886 2.2643
      vertex -38.2574 45.9687 2.2643
      vertex -38.3193 45.8933 2.35486
    endloop
  endfacet
  facet normal 0.864963 -0.462655 0.194395
    outer loop
      vertex -38.292 45.9831 2.35486
      vertex -38.2637 46.0764 2.45099
      vertex -38.3097 45.9904 2.45099
    endloop
  endfacet
  facet normal 0.392552 -0.734522 0.553516
    outer loop
      vertex -37.9979 46.1571 2.1828
      vertex -38.0187 46.2074 2.2643
      vertex -38.0647 46.1214 2.1828
    endloop
  endfacet
  facet normal 0.0813129 -0.828512 0.554036
    outer loop
      vertex -37.85 46.1865 2.1828
      vertex -37.85 46.241 2.2643
      vertex -37.9254 46.1791 2.1828
    endloop
  endfacet
  facet normal 0.0692362 -0.705461 0.705359
    outer loop
      vertex -37.85 46.1172 2.11349
      vertex -37.85 46.1865 2.1828
      vertex -37.9254 46.1791 2.1828
    endloop
  endfacet
  facet normal 0.548111 -0.448972 0.70569
    outer loop
      vertex -38.1137 45.9762 2.11349
      vertex -38.0743 46.0243 2.11349
      vertex -38.1714 46.0147 2.1828
    endloop
  endfacet
  facet normal 0.431295 -0.353285 0.830165
    outer loop
      vertex -38.046 45.9309 2.05904
      vertex -38.0743 46.0243 2.11349
      vertex -38.1137 45.9762 2.11349
    endloop
  endfacet
  facet normal 0.463211 -0.864731 0.194104
    outer loop
      vertex -38.1158 46.1978 2.35486
      vertex -38.0331 46.2421 2.35486
      vertex -38.1264 46.2137 2.45099
    endloop
  endfacet
  facet normal 0.268448 -0.884488 0.381597
    outer loop
      vertex -38.0187 46.2074 2.2643
      vertex -37.936 46.2325 2.2643
      vertex -38.0331 46.2421 2.35486
    endloop
  endfacet
  facet normal 0.462735 -0.865114 0.193529
    outer loop
      vertex -38.0331 46.2421 2.35486
      vertex -38.0404 46.2597 2.45099
      vertex -38.1264 46.2137 2.45099
    endloop
  endfacet
  facet normal 0.284777 -0.938858 0.193517
    outer loop
      vertex -38.0331 46.2421 2.35486
      vertex -37.9471 46.288 2.45099
      vertex -38.0404 46.2597 2.45099
    endloop
  endfacet
  facet normal 0.634018 -0.773318 0
    outer loop
      vertex -38.2019 46.1518 2.45099
      vertex -38.1264 46.2137 9.1375
      vertex -38.2019 46.1518 9.1375
    endloop
  endfacet
  facet normal 0.634018 -0.773318 0
    outer loop
      vertex -38.1264 46.2137 9.1375
      vertex -38.2019 46.1518 2.45099
      vertex -38.1264 46.2137 2.45099
    endloop
  endfacet
  facet normal 0.714716 -0.58656 0.380958
    outer loop
      vertex -38.2166 46.045 2.2643
      vertex -38.1883 46.1383 2.35486
      vertex -38.2478 46.0658 2.35486
    endloop
  endfacet
  facet normal 0.338586 -0.181356 0.923293
    outer loop
      vertex -37.9841 45.8555 2.02153
      vertex -38.046 45.9309 2.05904
      vertex -38.0678 45.8902 2.05904
    endloop
  endfacet
  facet normal 0.338998 -0.180979 0.923215
    outer loop
      vertex -37.9841 45.8555 2.02153
      vertex -37.9707 45.8806 2.02153
      vertex -38.046 45.9309 2.05904
    endloop
  endfacet
  facet normal 0.678461 -0.205878 0.705198
    outer loop
      vertex -38.1431 45.9214 2.11349
      vertex -38.2071 45.9479 2.1828
      vertex -38.2291 45.8754 2.1828
    endloop
  endfacet
  facet normal 0.796925 -0.241826 0.553562
    outer loop
      vertex -38.2291 45.8754 2.1828
      vertex -38.2071 45.9479 2.1828
      vertex -38.2574 45.9687 2.2643
    endloop
  endfacet
  facet normal 0.334927 -0.624285 0.705756
    outer loop
      vertex -38.0262 46.0637 2.11349
      vertex -37.9714 46.0931 2.11349
      vertex -38.0647 46.1214 2.1828
    endloop
  endfacet
  facet normal 0.449549 -0.547683 0.705655
    outer loop
      vertex -38.0262 46.0637 2.11349
      vertex -38.0647 46.1214 2.1828
      vertex -38.1233 46.0733 2.1828
    endloop
  endfacet
  facet normal 0.241862 -0.796893 0.553593
    outer loop
      vertex -37.9254 46.1791 2.1828
      vertex -37.936 46.2325 2.2643
      vertex -38.0187 46.2074 2.2643
    endloop
  endfacet
  facet normal 0.714881 -0.586459 0.380803
    outer loop
      vertex -38.1618 46.1118 2.2643
      vertex -38.1883 46.1383 2.35486
      vertex -38.2166 46.045 2.2643
    endloop
  endfacet
  facet normal 0.436459 -0.814789 0.381605
    outer loop
      vertex -38.0187 46.2074 2.2643
      vertex -38.0331 46.2421 2.35486
      vertex -38.1158 46.1978 2.35486
    endloop
  endfacet
  facet normal 0.284388 -0.938899 0.193884
    outer loop
      vertex -37.9433 46.2693 2.35486
      vertex -37.9471 46.288 2.45099
      vertex -38.0331 46.2421 2.35486
    endloop
  endfacet
  facet normal 0.956947 -0.290264 0
    outer loop
      vertex -38.338 45.8971 9.1375
      vertex -38.3097 45.9904 2.45099
      vertex -38.3097 45.9904 9.1375
    endloop
  endfacet
  facet normal 0.956947 -0.290264 0
    outer loop
      vertex -38.3097 45.9904 2.45099
      vertex -38.338 45.8971 9.1375
      vertex -38.338 45.8971 2.45099
    endloop
  endfacet
  facet normal 0.758616 -0.621784 0.194645
    outer loop
      vertex -38.1883 46.1383 2.35486
      vertex -38.2019 46.1518 2.45099
      vertex -38.2637 46.0764 2.45099
    endloop
  endfacet
  facet normal 0.758313 -0.62234 0.194049
    outer loop
      vertex -38.2478 46.0658 2.35486
      vertex -38.1883 46.1383 2.35486
      vertex -38.2637 46.0764 2.45099
    endloop
  endfacet
  facet normal 0.705335 -0.0692238 0.705487
    outer loop
      vertex -38.1611 45.8619 2.11349
      vertex -38.2291 45.8754 2.1828
      vertex -38.2365 45.8 2.1828
    endloop
  endfacet
  facet normal 0.828791 -0.0813402 0.553615
    outer loop
      vertex -38.2365 45.8 2.1828
      vertex -38.2291 45.8754 2.1828
      vertex -38.2825 45.886 2.2643
    endloop
  endfacet
  facet normal 0.586459 -0.714881 0.380803
    outer loop
      vertex -38.1618 46.1118 2.2643
      vertex -38.095 46.1666 2.2643
      vertex -38.1883 46.1383 2.35486
    endloop
  endfacet
  facet normal 0.58656 -0.714716 0.380958
    outer loop
      vertex -38.095 46.1666 2.2643
      vertex -38.1158 46.1978 2.35486
      vertex -38.1883 46.1383 2.35486
    endloop
  endfacet
  facet normal 0.773409 -0.633908 0
    outer loop
      vertex -38.2637 46.0764 9.1375
      vertex -38.2019 46.1518 2.45099
      vertex -38.2019 46.1518 9.1375
    endloop
  endfacet
  facet normal 0.773409 -0.633908 0
    outer loop
      vertex -38.2019 46.1518 2.45099
      vertex -38.2637 46.0764 9.1375
      vertex -38.2637 46.0764 2.45099
    endloop
  endfacet
  facet normal 0.268006 -0.884812 0.381156
    outer loop
      vertex -37.936 46.2325 2.2643
      vertex -37.9433 46.2693 2.35486
      vertex -38.0331 46.2421 2.35486
    endloop
  endfacet
  facet normal 0.0909317 -0.920015 0.381188
    outer loop
      vertex -37.936 46.2325 2.2643
      vertex -37.85 46.241 2.2643
      vertex -37.9433 46.2693 2.35486
    endloop
  endfacet
  facet normal 0.815317 -0.435975 0.381031
    outer loop
      vertex -38.2166 46.045 2.2643
      vertex -38.2478 46.0658 2.35486
      vertex -38.2574 45.9687 2.2643
    endloop
  endfacet
  facet normal 0.865169 -0.4624 0.194087
    outer loop
      vertex -38.2478 46.0658 2.35486
      vertex -38.2637 46.0764 2.45099
      vertex -38.292 45.9831 2.35486
    endloop
  endfacet
  facet normal -0 0 1
    outer loop
      vertex 32.5776 29.7084 2.00241
      vertex 32.75 24.05 2.00241
      vertex 33.0219 30.5395 2.00241
    endloop
  endfacet
  facet normal -0 0 1
    outer loop
      vertex 31.9798 28.9799 2.00241
      vertex 32.75 24.05 2.00241
      vertex 32.5776 29.7084 2.00241
    endloop
  endfacet
  facet normal -0 0 1
    outer loop
      vertex 31.9304 28.9196 2.00241
      vertex 32.75 24.05 2.00241
      vertex 31.9798 28.9799 2.00241
    endloop
  endfacet
  facet normal -0 0 1
    outer loop
      vertex 31.8701 28.8702 2.00241
      vertex 32.75 24.05 2.00241
      vertex 31.9304 28.9196 2.00241
    endloop
  endfacet
  facet normal -0 0 1
    outer loop
      vertex 31.1416 28.2724 2.00241
      vertex 32.75 24.05 2.00241
      vertex 31.8701 28.8702 2.00241
    endloop
  endfacet
  facet normal -0 0 1
    outer loop
      vertex 31.0729 28.2356 2.00241
      vertex 32.75 24.05 2.00241
      vertex 31.1416 28.2724 2.00241
    endloop
  endfacet
  facet normal 0 0 1
    outer loop
      vertex 31.0729 28.2356 2.00241
      vertex 30.95 24.05 2.00241
      vertex 32.75 24.05 2.00241
    endloop
  endfacet
  facet normal -0 0 1
    outer loop
      vertex 29.2654 27.4952 2.00241
      vertex 30.95 24.05 2.00241
      vertex 30.2418 27.7914 2.00241
    endloop
  endfacet
  facet normal -0 0 1
    outer loop
      vertex 30.2418 27.7914 2.00241
      vertex 30.95 24.05 2.00241
      vertex 31.0729 28.2356 2.00241
    endloop
  endfacet
  facet normal 0 0 1
    outer loop
      vertex 37.85 45.849 2.00241
      vertex 37.899 45.8 2.00241
      vertex 37.8981 45.8096 2.00241
    endloop
  endfacet
  facet normal 0 0 1
    outer loop
      vertex 37.85 45.849 2.00241
      vertex 37.8981 45.8096 2.00241
      vertex 37.8953 45.8188 2.00241
    endloop
  endfacet
  facet normal 0 0 1
    outer loop
      vertex 37.85 45.849 2.00241
      vertex 37.8953 45.8188 2.00241
      vertex 37.8907 45.8272 2.00241
    endloop
  endfacet
  facet normal 0 0 1
    outer loop
      vertex 37.85 45.849 2.00241
      vertex 37.8907 45.8272 2.00241
      vertex 37.8847 45.8347 2.00241
    endloop
  endfacet
  facet normal 0 0 1
    outer loop
      vertex 37.85 45.849 2.00241
      vertex 37.8847 45.8347 2.00241
      vertex 37.8772 45.8407 2.00241
    endloop
  endfacet
  facet normal 0 0 1
    outer loop
      vertex 37.85 45.849 2.00241
      vertex 37.8772 45.8407 2.00241
      vertex 37.8688 45.8453 2.00241
    endloop
  endfacet
  facet normal 0 0 1
    outer loop
      vertex 37.85 45.849 2.00241
      vertex 37.8688 45.8453 2.00241
      vertex 37.8596 45.8481 2.00241
    endloop
  endfacet
  facet normal 0 0 1
    outer loop
      vertex 37.899 45.8 2.00241
      vertex 37.85 45.849 2.00241
      vertex 31.1416 36.9276 2.00241
    endloop
  endfacet
  facet normal 0 0 1
    outer loop
      vertex 37.899 45.8 2.00241
      vertex 33.3548 31.5846 2.00241
      vertex 37.899 9.65 2.00241
    endloop
  endfacet
  facet normal 0 0 1
    outer loop
      vertex 37.899 45.8 2.00241
      vertex 33.3624 31.6622 2.00241
      vertex 33.3548 31.5846 2.00241
    endloop
  endfacet
  facet normal 0 0 1
    outer loop
      vertex 37.899 45.8 2.00241
      vertex 33.4548 32.6 2.00241
      vertex 33.3624 31.6622 2.00241
    endloop
  endfacet
  facet normal 0 0 1
    outer loop
      vertex 37.899 45.8 2.00241
      vertex 33.3624 33.5378 2.00241
      vertex 33.4548 32.6 2.00241
    endloop
  endfacet
  facet normal 0 0 1
    outer loop
      vertex 37.899 45.8 2.00241
      vertex 33.3548 33.6154 2.00241
      vertex 33.3624 33.5378 2.00241
    endloop
  endfacet
  facet normal 0 0 1
    outer loop
      vertex 37.899 45.8 2.00241
      vertex 33.0812 34.5172 2.00241
      vertex 33.3548 33.6154 2.00241
    endloop
  endfacet
  facet normal 0 0 1
    outer loop
      vertex 37.899 45.8 2.00241
      vertex 33.0586 34.5918 2.00241
      vertex 33.0812 34.5172 2.00241
    endloop
  endfacet
  facet normal 0 0 1
    outer loop
      vertex 37.899 45.8 2.00241
      vertex 33.0219 34.6605 2.00241
      vertex 33.0586 34.5918 2.00241
    endloop
  endfacet
  facet normal 0 0 1
    outer loop
      vertex 37.899 45.8 2.00241
      vertex 32.5776 35.4916 2.00241
      vertex 33.0219 34.6605 2.00241
    endloop
  endfacet
  facet normal 0 0 1
    outer loop
      vertex 37.899 45.8 2.00241
      vertex 32.5282 35.5519 2.00241
      vertex 32.5776 35.4916 2.00241
    endloop
  endfacet
  facet normal 0 0 1
    outer loop
      vertex 37.899 45.8 2.00241
      vertex 31.9304 36.2804 2.00241
      vertex 32.5282 35.5519 2.00241
    endloop
  endfacet
  facet normal 0 0 1
    outer loop
      vertex 37.899 45.8 2.00241
      vertex 31.2019 36.8782 2.00241
      vertex 31.9304 36.2804 2.00241
    endloop
  endfacet
  facet normal 0 0 1
    outer loop
      vertex 37.899 45.8 2.00241
      vertex 31.1416 36.9276 2.00241
      vertex 31.2019 36.8782 2.00241
    endloop
  endfacet
  facet normal 0 0 1
    outer loop
      vertex 37.85 45.849 2.00241
      vertex 31.0729 36.9644 2.00241
      vertex 31.1416 36.9276 2.00241
    endloop
  endfacet
  facet normal 0 0 1
    outer loop
      vertex 37.85 45.849 2.00241
      vertex 30.2418 37.4086 2.00241
      vertex 31.0729 36.9644 2.00241
    endloop
  endfacet
  facet normal 0 0 1
    outer loop
      vertex 37.85 45.849 2.00241
      vertex 29.2654 37.7048 2.00241
      vertex 30.2418 37.4086 2.00241
    endloop
  endfacet
  facet normal 0 0 1
    outer loop
      vertex 37.85 45.849 2.00241
      vertex 28.25 37.8048 2.00241
      vertex 29.2654 37.7048 2.00241
    endloop
  endfacet
  facet normal 0 0 1
    outer loop
      vertex 37.85 45.849 2.00241
      vertex 28.1724 37.7972 2.00241
      vertex 28.25 37.8048 2.00241
    endloop
  endfacet
  facet normal 0 0 1
    outer loop
      vertex 37.85 45.849 2.00241
      vertex 27.2346 37.7048 2.00241
      vertex 28.1724 37.7972 2.00241
    endloop
  endfacet
  facet normal 0 0 1
    outer loop
      vertex 37.85 45.849 2.00241
      vertex 26.2582 37.4086 2.00241
      vertex 27.2346 37.7048 2.00241
    endloop
  endfacet
  facet normal 0 0 1
    outer loop
      vertex 37.85 45.849 2.00241
      vertex 25.4271 36.9644 2.00241
      vertex 26.2582 37.4086 2.00241
    endloop
  endfacet
  facet normal -0 0 1
    outer loop
      vertex -37.85 45.849 2.00241
      vertex 25.4271 36.9644 2.00241
      vertex 37.85 45.849 2.00241
    endloop
  endfacet
  facet normal 0 0 1
    outer loop
      vertex -37.85 45.849 2.00241
      vertex 25.2981 36.8782 2.00241
      vertex 25.3584 36.9276 2.00241
    endloop
  endfacet
  facet normal 0 0 1
    outer loop
      vertex -37.85 45.849 2.00241
      vertex 23.9718 35.5519 2.00241
      vertex 24.5696 36.2804 2.00241
    endloop
  endfacet
  facet normal 0 0 1
    outer loop
      vertex -37.85 45.849 2.00241
      vertex 23.4781 34.6605 2.00241
      vertex 23.9224 35.4916 2.00241
    endloop
  endfacet
  facet normal 0 0 1
    outer loop
      vertex -30.95 24.05 2.00241
      vertex 23.4188 34.5172 2.00241
      vertex 23.4414 34.5918 2.00241
    endloop
  endfacet
  facet normal 0 0 1
    outer loop
      vertex 23.1452 33.6154 2.00241
      vertex -30.95 24.05 2.00241
      vertex 23.0452 32.6 2.00241
    endloop
  endfacet
  facet normal 0 0 1
    outer loop
      vertex 23.4188 34.5172 2.00241
      vertex -30.95 24.05 2.00241
      vertex 23.1452 33.6154 2.00241
    endloop
  endfacet
  facet normal 0 0 1
    outer loop
      vertex 23.4781 34.6605 2.00241
      vertex -37.85 45.849 2.00241
      vertex 23.4414 34.5918 2.00241
    endloop
  endfacet
  facet normal 0 0 1
    outer loop
      vertex 23.9718 35.5519 2.00241
      vertex -37.85 45.849 2.00241
      vertex 23.9224 35.4916 2.00241
    endloop
  endfacet
  facet normal 0 0 1
    outer loop
      vertex 25.2981 36.8782 2.00241
      vertex -37.85 45.849 2.00241
      vertex 24.5696 36.2804 2.00241
    endloop
  endfacet
  facet normal 0 0 1
    outer loop
      vertex 25.4271 36.9644 2.00241
      vertex -37.85 45.849 2.00241
      vertex 25.3584 36.9276 2.00241
    endloop
  endfacet
  facet normal 0 0 1
    outer loop
      vertex 23.4414 34.5918 2.00241
      vertex -37.85 45.849 2.00241
      vertex -30.95 24.05 2.00241
    endloop
  endfacet
  facet normal 0 0 1
    outer loop
      vertex -37.899 9.65 2.00241
      vertex -32.75 14.95 2.00241
      vertex -32.75 24.05 2.00241
    endloop
  endfacet
  facet normal -0 0 1
    outer loop
      vertex -37.899 45.8 2.00241
      vertex -30.95 24.05 2.00241
      vertex -37.85 45.849 2.00241
    endloop
  endfacet
  facet normal 0 0 1
    outer loop
      vertex -30.95 24.05 2.00241
      vertex -37.899 45.8 2.00241
      vertex -32.75 24.05 2.00241
    endloop
  endfacet
  facet normal 0 0 1
    outer loop
      vertex -37.899 45.8 2.00241
      vertex -37.85 45.849 2.00241
      vertex -37.8596 45.8481 2.00241
    endloop
  endfacet
  facet normal 0 0 1
    outer loop
      vertex -37.899 45.8 2.00241
      vertex -37.8596 45.8481 2.00241
      vertex -37.8688 45.8453 2.00241
    endloop
  endfacet
  facet normal 0 0 1
    outer loop
      vertex -37.899 45.8 2.00241
      vertex -37.8688 45.8453 2.00241
      vertex -37.8772 45.8407 2.00241
    endloop
  endfacet
  facet normal 0 0 1
    outer loop
      vertex -37.899 45.8 2.00241
      vertex -37.8772 45.8407 2.00241
      vertex -37.8847 45.8347 2.00241
    endloop
  endfacet
  facet normal 0 0 1
    outer loop
      vertex -37.899 45.8 2.00241
      vertex -37.8847 45.8347 2.00241
      vertex -37.8907 45.8272 2.00241
    endloop
  endfacet
  facet normal 0 0 1
    outer loop
      vertex -37.899 45.8 2.00241
      vertex -37.8907 45.8272 2.00241
      vertex -37.8953 45.8188 2.00241
    endloop
  endfacet
  facet normal 0 0 1
    outer loop
      vertex -37.899 45.8 2.00241
      vertex -37.8953 45.8188 2.00241
      vertex -37.8981 45.8096 2.00241
    endloop
  endfacet
  facet normal 0 0 1
    outer loop
      vertex -37.899 9.65 2.00241
      vertex -32.75 24.05 2.00241
      vertex -37.899 45.8 2.00241
    endloop
  endfacet
  facet normal 0 0 1
    outer loop
      vertex -32.75 14.95 2.00241
      vertex -37.899 9.65 2.00241
      vertex -35.3 9.65 2.00241
    endloop
  endfacet
  facet normal -0 0 1
    outer loop
      vertex 35.3 -0.35 2.00241
      vertex 37.899 -0.400001 2.00241
      vertex 37.899 -0.35 2.00241
    endloop
  endfacet
  facet normal -0 0 1
    outer loop
      vertex 32.75 24.05 2.00241
      vertex 37.899 9.65 2.00241
      vertex 33.3548 31.5846 2.00241
    endloop
  endfacet
  facet normal -0 0 1
    outer loop
      vertex 32.75 14.95 2.00241
      vertex 37.899 9.65 2.00241
      vertex 32.75 24.05 2.00241
    endloop
  endfacet
  facet normal 0 0 1
    outer loop
      vertex 32.75 24.05 2.00241
      vertex 33.3548 31.5846 2.00241
      vertex 33.0812 30.6828 2.00241
    endloop
  endfacet
  facet normal 0 0 1
    outer loop
      vertex 32.75 24.05 2.00241
      vertex 33.0812 30.6828 2.00241
      vertex 33.0586 30.6082 2.00241
    endloop
  endfacet
  facet normal 0 0 1
    outer loop
      vertex 32.75 24.05 2.00241
      vertex 33.0586 30.6082 2.00241
      vertex 33.0219 30.5395 2.00241
    endloop
  endfacet
  facet normal 0 0 1
    outer loop
      vertex 37.899 9.65 2.00241
      vertex 32.75 14.95 2.00241
      vertex 35.3 9.65 2.00241
    endloop
  endfacet
  facet normal -0 0 1
    outer loop
      vertex 30.95 14.95 2.00241
      vertex 35.3 9.65 2.00241
      vertex 32.75 14.95 2.00241
    endloop
  endfacet
  facet normal 0 0 1
    outer loop
      vertex 35.3 9.65 2.00241
      vertex 30.95 14.95 2.00241
      vertex 35.3 -0.35 2.00241
    endloop
  endfacet
  facet normal -0 0 1
    outer loop
      vertex 28.3276 27.4028 2.00241
      vertex 30.95 24.05 2.00241
      vertex 29.2654 27.4952 2.00241
    endloop
  endfacet
  facet normal -0 0 1
    outer loop
      vertex 28.25 27.3952 2.00241
      vertex 30.95 24.05 2.00241
      vertex 28.3276 27.4028 2.00241
    endloop
  endfacet
  facet normal 0 0 1
    outer loop
      vertex 28.1724 27.4028 2.00241
      vertex 30.95 24.05 2.00241
      vertex 28.25 27.3952 2.00241
    endloop
  endfacet
  facet normal 0 0 1
    outer loop
      vertex 27.2346 27.4952 2.00241
      vertex 30.95 24.05 2.00241
      vertex 28.1724 27.4028 2.00241
    endloop
  endfacet
  facet normal 0 0 1
    outer loop
      vertex 26.2582 27.7914 2.00241
      vertex 30.95 24.05 2.00241
      vertex 27.2346 27.4952 2.00241
    endloop
  endfacet
  facet normal 0 0 1
    outer loop
      vertex 30.95 24.05 2.00241
      vertex 26.2582 27.7914 2.00241
      vertex 30.95 14.95 2.00241
    endloop
  endfacet
  facet normal 0 0 1
    outer loop
      vertex 25.4271 28.2356 2.00241
      vertex 30.95 14.95 2.00241
      vertex 26.2582 27.7914 2.00241
    endloop
  endfacet
  facet normal 0 0 1
    outer loop
      vertex 25.3584 28.2724 2.00241
      vertex 30.95 14.95 2.00241
      vertex 25.4271 28.2356 2.00241
    endloop
  endfacet
  facet normal 0 0 1
    outer loop
      vertex 24.6299 28.8702 2.00241
      vertex 30.95 14.95 2.00241
      vertex 25.3584 28.2724 2.00241
    endloop
  endfacet
  facet normal 0 0 1
    outer loop
      vertex 24.5696 28.9196 2.00241
      vertex 30.95 14.95 2.00241
      vertex 24.6299 28.8702 2.00241
    endloop
  endfacet
  facet normal 0 0 1
    outer loop
      vertex 24.5202 28.9799 2.00241
      vertex 30.95 14.95 2.00241
      vertex 24.5696 28.9196 2.00241
    endloop
  endfacet
  facet normal 0 0 1
    outer loop
      vertex 30.95 14.95 2.00241
      vertex 24.5202 28.9799 2.00241
      vertex -30.95 14.95 2.00241
    endloop
  endfacet
  facet normal 0 0 1
    outer loop
      vertex -30.95 14.95 2.00241
      vertex 24.5202 28.9799 2.00241
      vertex 23.9224 29.7084 2.00241
    endloop
  endfacet
  facet normal 0 0 1
    outer loop
      vertex -30.95 14.95 2.00241
      vertex 23.9224 29.7084 2.00241
      vertex 23.4781 30.5395 2.00241
    endloop
  endfacet
  facet normal 0 0 1
    outer loop
      vertex -30.95 14.95 2.00241
      vertex 23.4781 30.5395 2.00241
      vertex 23.4414 30.6082 2.00241
    endloop
  endfacet
  facet normal 0 0 1
    outer loop
      vertex -30.95 24.05 2.00241
      vertex 23.4188 30.6828 2.00241
      vertex 23.1452 31.5846 2.00241
    endloop
  endfacet
  facet normal 0 0 1
    outer loop
      vertex -30.95 24.05 2.00241
      vertex 23.1452 31.5846 2.00241
      vertex 23.0452 32.6 2.00241
    endloop
  endfacet
  facet normal 0 0 1
    outer loop
      vertex 23.4188 30.6828 2.00241
      vertex -30.95 24.05 2.00241
      vertex 23.4414 30.6082 2.00241
    endloop
  endfacet
  facet normal 0 0 1
    outer loop
      vertex -30.95 14.95 2.00241
      vertex 23.4414 30.6082 2.00241
      vertex -30.95 24.05 2.00241
    endloop
  endfacet
  facet normal 0 0 1
    outer loop
      vertex 30.95 14.95 2.00241
      vertex -30.95 14.95 2.00241
      vertex 35.3 -0.35 2.00241
    endloop
  endfacet
  facet normal 0 0 1
    outer loop
      vertex -35.3 9.65 2.00241
      vertex -30.95 14.95 2.00241
      vertex -32.75 14.95 2.00241
    endloop
  endfacet
  facet normal 0 0 1
    outer loop
      vertex -30.95 14.95 2.00241
      vertex -35.3 9.65 2.00241
      vertex -35.3 -0.35 2.00241
    endloop
  endfacet
  facet normal 0 0 1
    outer loop
      vertex -30.95 14.95 2.00241
      vertex -35.3 -0.35 2.00241
      vertex 35.3 -0.35 2.00241
    endloop
  endfacet
  facet normal -0 0 1
    outer loop
      vertex -35.3 -0.35 2.00241
      vertex 37.899 -0.400001 2.00241
      vertex 35.3 -0.35 2.00241
    endloop
  endfacet
  facet normal 0 0 1
    outer loop
      vertex -37.899 -0.400001 2.00241
      vertex -35.3 -0.35 2.00241
      vertex -37.899 -0.35 2.00241
    endloop
  endfacet
  facet normal 0 0 1
    outer loop
      vertex -35.3 -0.35 2.00241
      vertex -37.899 -0.400001 2.00241
      vertex 37.899 -0.400001 2.00241
    endloop
  endfacet
  facet normal 0 0 1
    outer loop
      vertex -37.15 -35.1 2.00241
      vertex -30.95 -25.05 2.00241
      vertex -32.75 -25.05 2.00241
    endloop
  endfacet
  facet normal -0 0 1
    outer loop
      vertex -37.899 -14.25 2.00241
      vertex -32.75 -15.95 2.00241
      vertex -35.3 -14.25 2.00241
    endloop
  endfacet
  facet normal 0 0 1
    outer loop
      vertex -32.75 -15.95 2.00241
      vertex -37.899 -14.25 2.00241
      vertex -32.75 -25.05 2.00241
    endloop
  endfacet
  facet normal 0 0 1
    outer loop
      vertex -30.95 -25.05 2.00241
      vertex -37.15 -35.1 2.00241
      vertex -32.5805 -38.5442 2.00241
    endloop
  endfacet
  facet normal 0 0 1
    outer loop
      vertex -32.5805 -38.5442 2.00241
      vertex -37.15 -35.1 2.00241
      vertex -36.4442 -37.5089 2.00241
    endloop
  endfacet
  facet normal 0 0 1
    outer loop
      vertex -37.899 -35.1 2.00241
      vertex -32.75 -25.05 2.00241
      vertex -37.899 -14.25 2.00241
    endloop
  endfacet
  facet normal 0 0 1
    outer loop
      vertex -32.75 -25.05 2.00241
      vertex -37.899 -35.1 2.00241
      vertex -37.15 -35.1 2.00241
    endloop
  endfacet
  facet normal 0 0 1
    outer loop
      vertex -16.75 -4.2 2.00241
      vertex -30.95 -15.95 2.00241
      vertex -16.75 -19.2 2.00241
    endloop
  endfacet
  facet normal -0 0 1
    outer loop
      vertex -35.3 -4.25 2.00241
      vertex -30.95 -15.95 2.00241
      vertex -16.75 -4.2 2.00241
    endloop
  endfacet
  facet normal 0 0 1
    outer loop
      vertex -30.95 -15.95 2.00241
      vertex -35.3 -14.25 2.00241
      vertex -32.75 -15.95 2.00241
    endloop
  endfacet
  facet normal -0 0 1
    outer loop
      vertex -35.3 -14.25 2.00241
      vertex -30.95 -15.95 2.00241
      vertex -35.3 -4.25 2.00241
    endloop
  endfacet
  facet normal -0 0 1
    outer loop
      vertex -37.899 -4.2 2.00241
      vertex -35.3 -4.25 2.00241
      vertex -16.75 -4.2 2.00241
    endloop
  endfacet
  facet normal 0 0 1
    outer loop
      vertex -35.3 -4.25 2.00241
      vertex -37.899 -4.2 2.00241
      vertex -37.899 -4.25 2.00241
    endloop
  endfacet
  facet normal 0 0 1
    outer loop
      vertex 37.899 -4.2 2.00241
      vertex 35.3 -4.25 2.00241
      vertex 37.899 -4.25 2.00241
    endloop
  endfacet
  facet normal 0 0 1
    outer loop
      vertex 30.95 -15.95 2.00241
      vertex 35.3 -14.25 2.00241
      vertex 35.3 -4.25 2.00241
    endloop
  endfacet
  facet normal 0 0 1
    outer loop
      vertex 35.3 -14.25 2.00241
      vertex 30.95 -15.95 2.00241
      vertex 32.75 -15.95 2.00241
    endloop
  endfacet
  facet normal 0 0 1
    outer loop
      vertex 16.75 -19.2 2.00241
      vertex 30.95 -15.95 2.00241
      vertex 16.75 -4.2 2.00241
    endloop
  endfacet
  facet normal 0 0 1
    outer loop
      vertex 35.3 -4.25 2.00241
      vertex 16.75 -4.2 2.00241
      vertex 30.95 -15.95 2.00241
    endloop
  endfacet
  facet normal -0 0 1
    outer loop
      vertex 16.75 -4.2 2.00241
      vertex 35.3 -4.25 2.00241
      vertex 37.899 -4.2 2.00241
    endloop
  endfacet
  facet normal -0 0 1
    outer loop
      vertex 32.75 -25.05 2.00241
      vertex 37.899 -35.1 2.00241
      vertex 37.899 -14.25 2.00241
    endloop
  endfacet
  facet normal 0 0 1
    outer loop
      vertex 37.15 -35.1 2.00241
      vertex 36.4442 -37.5089 2.00241
      vertex 37.15 -40.1431 2.00241
    endloop
  endfacet
  facet normal 0 0 1
    outer loop
      vertex 37.899 -35.1 2.00241
      vertex 32.75 -25.05 2.00241
      vertex 37.15 -35.1 2.00241
    endloop
  endfacet
  facet normal 0 0 1
    outer loop
      vertex 32.75 -15.95 2.00241
      vertex 37.899 -14.25 2.00241
      vertex 35.3 -14.25 2.00241
    endloop
  endfacet
  facet normal 0 0 1
    outer loop
      vertex 37.899 -14.25 2.00241
      vertex 32.75 -15.95 2.00241
      vertex 32.75 -25.05 2.00241
    endloop
  endfacet
  facet normal -0 0 1
    outer loop
      vertex 30.95 -25.05 2.00241
      vertex 37.15 -35.1 2.00241
      vertex 32.75 -25.05 2.00241
    endloop
  endfacet
  facet normal 0 0 1
    outer loop
      vertex 37.15 -35.1 2.00241
      vertex 32.5805 -38.5442 2.00241
      vertex 36.4442 -37.5089 2.00241
    endloop
  endfacet
  facet normal 0 0 1
    outer loop
      vertex 37.15 -35.1 2.00241
      vertex 30.95 -25.05 2.00241
      vertex 32.5805 -38.5442 2.00241
    endloop
  endfacet
  facet normal 0 0 1
    outer loop
      vertex 16.7116 -19.5902 2.00241
      vertex 30.95 -15.95 2.00241
      vertex 16.75 -19.2 2.00241
    endloop
  endfacet
  facet normal 0 0 1
    outer loop
      vertex 30.95 -15.95 2.00241
      vertex 16.7116 -19.5902 2.00241
      vertex 30.95 -25.05 2.00241
    endloop
  endfacet
  facet normal -0 0 1
    outer loop
      vertex 16.5977 -19.9654 2.00241
      vertex 30.95 -25.05 2.00241
      vertex 16.7116 -19.5902 2.00241
    endloop
  endfacet
  facet normal -0 0 1
    outer loop
      vertex 16.4129 -20.3111 2.00241
      vertex 30.95 -25.05 2.00241
      vertex 16.5977 -19.9654 2.00241
    endloop
  endfacet
  facet normal -0 0 1
    outer loop
      vertex 16.1642 -20.6142 2.00241
      vertex 30.95 -25.05 2.00241
      vertex 16.4129 -20.3111 2.00241
    endloop
  endfacet
  facet normal -0 0 1
    outer loop
      vertex 15.8611 -20.8629 2.00241
      vertex 30.95 -25.05 2.00241
      vertex 16.1642 -20.6142 2.00241
    endloop
  endfacet
  facet normal -0 0 1
    outer loop
      vertex 15.5154 -21.0477 2.00241
      vertex 30.95 -25.05 2.00241
      vertex 15.8611 -20.8629 2.00241
    endloop
  endfacet
  facet normal 0 0 1
    outer loop
      vertex 30.95 -25.05 2.00241
      vertex 15.5154 -21.0477 2.00241
      vertex 32.5805 -38.5442 2.00241
    endloop
  endfacet
  facet normal -0 0 1
    outer loop
      vertex 15.1402 -21.1616 2.00241
      vertex 32.5805 -38.5442 2.00241
      vertex 15.5154 -21.0477 2.00241
    endloop
  endfacet
  facet normal -0 0 1
    outer loop
      vertex 14.75 -21.2 2.00241
      vertex 32.5805 -38.5442 2.00241
      vertex 15.1402 -21.1616 2.00241
    endloop
  endfacet
  facet normal 0 0 1
    outer loop
      vertex 32.5805 -38.5442 2.00241
      vertex 14.75 -21.2 2.00241
      vertex 34.0691 -44.1 2.00241
    endloop
  endfacet
  facet normal -0 0 1
    outer loop
      vertex -14.75 -21.2 2.00241
      vertex 34.0691 -44.1 2.00241
      vertex 14.75 -21.2 2.00241
    endloop
  endfacet
  facet normal 0 0 1
    outer loop
      vertex -32.5805 -38.5442 2.00241
      vertex -14.75 -21.2 2.00241
      vertex -15.1402 -21.1616 2.00241
    endloop
  endfacet
  facet normal 0 0 1
    outer loop
      vertex -32.5805 -38.5442 2.00241
      vertex -15.1402 -21.1616 2.00241
      vertex -15.5154 -21.0477 2.00241
    endloop
  endfacet
  facet normal 0 0 1
    outer loop
      vertex -30.95 -15.95 2.00241
      vertex -16.7116 -19.5902 2.00241
      vertex -16.75 -19.2 2.00241
    endloop
  endfacet
  facet normal 0 0 1
    outer loop
      vertex -30.95 -25.05 2.00241
      vertex -16.7116 -19.5902 2.00241
      vertex -30.95 -15.95 2.00241
    endloop
  endfacet
  facet normal 0 0 1
    outer loop
      vertex -16.7116 -19.5902 2.00241
      vertex -30.95 -25.05 2.00241
      vertex -16.5977 -19.9654 2.00241
    endloop
  endfacet
  facet normal 0 0 1
    outer loop
      vertex -16.5977 -19.9654 2.00241
      vertex -30.95 -25.05 2.00241
      vertex -16.4129 -20.3111 2.00241
    endloop
  endfacet
  facet normal 0 0 1
    outer loop
      vertex -16.4129 -20.3111 2.00241
      vertex -30.95 -25.05 2.00241
      vertex -16.1642 -20.6142 2.00241
    endloop
  endfacet
  facet normal 0 0 1
    outer loop
      vertex -16.1642 -20.6142 2.00241
      vertex -30.95 -25.05 2.00241
      vertex -15.8611 -20.8629 2.00241
    endloop
  endfacet
  facet normal 0 0 1
    outer loop
      vertex -15.8611 -20.8629 2.00241
      vertex -30.95 -25.05 2.00241
      vertex -15.5154 -21.0477 2.00241
    endloop
  endfacet
  facet normal 0 0 1
    outer loop
      vertex -32.5805 -38.5442 2.00241
      vertex -15.5154 -21.0477 2.00241
      vertex -30.95 -25.05 2.00241
    endloop
  endfacet
  facet normal 0 0 1
    outer loop
      vertex -14.75 -21.2 2.00241
      vertex -32.5805 -38.5442 2.00241
      vertex -34.0691 -44.1 2.00241
    endloop
  endfacet
  facet normal 0 0 1
    outer loop
      vertex -14.75 -21.2 2.00241
      vertex -34.0691 -44.1 2.00241
      vertex 34.0691 -44.1 2.00241
    endloop
  endfacet
  facet normal 0 0 1
    outer loop
      vertex -36.4442 -37.5089 2.00241
      vertex -37.15 -35.1 2.00241
      vertex -37.15 -40.1431 2.00241
    endloop
  endfacet
  facet normal 0 0 1
    outer loop
      vertex 15.5293 -4.2 2.00241
      vertex 15.55 -4.40001 2.00241
      vertex 15.5308 -4.20491 2.00241
    endloop
  endfacet
  facet normal 0 0 1
    outer loop
      vertex 15.55 -4.40001 2.00241
      vertex 14.55 -20 2.00241
      vertex 15.55 -19 2.00241
    endloop
  endfacet
  facet normal 0 0 1
    outer loop
      vertex 15.55 -4.40001 2.00241
      vertex 15.5293 -4.2 2.00241
      vertex -15.55 -4.40001 2.00241
    endloop
  endfacet
  facet normal 0 0 1
    outer loop
      vertex 15.55 -19 2.00241
      vertex 14.55 -20 2.00241
      vertex 15.5308 -19.1951 2.00241
    endloop
  endfacet
  facet normal 0 0 1
    outer loop
      vertex 15.5308 -19.1951 2.00241
      vertex 14.55 -20 2.00241
      vertex 15.4739 -19.3827 2.00241
    endloop
  endfacet
  facet normal 0 0 1
    outer loop
      vertex 15.4739 -19.3827 2.00241
      vertex 14.55 -20 2.00241
      vertex 15.3815 -19.5556 2.00241
    endloop
  endfacet
  facet normal 0 0 1
    outer loop
      vertex 15.3815 -19.5556 2.00241
      vertex 14.55 -20 2.00241
      vertex 15.2571 -19.7071 2.00241
    endloop
  endfacet
  facet normal 0 0 1
    outer loop
      vertex 15.2571 -19.7071 2.00241
      vertex 14.55 -20 2.00241
      vertex 15.1056 -19.8315 2.00241
    endloop
  endfacet
  facet normal 0 0 1
    outer loop
      vertex 15.1056 -19.8315 2.00241
      vertex 14.55 -20 2.00241
      vertex 14.9327 -19.9239 2.00241
    endloop
  endfacet
  facet normal 0 0 1
    outer loop
      vertex 14.9327 -19.9239 2.00241
      vertex 14.55 -20 2.00241
      vertex 14.7451 -19.9808 2.00241
    endloop
  endfacet
  facet normal 0 0 1
    outer loop
      vertex 15.55 -4.40001 2.00241
      vertex -14.55 -20 2.00241
      vertex 14.55 -20 2.00241
    endloop
  endfacet
  facet normal 0 0 1
    outer loop
      vertex 15.55 -4.40001 2.00241
      vertex -15.55 -4.40001 2.00241
      vertex -14.55 -20 2.00241
    endloop
  endfacet
  facet normal -0 0 1
    outer loop
      vertex -15.55 -19 2.00241
      vertex -14.55 -20 2.00241
      vertex -15.55 -4.40001 2.00241
    endloop
  endfacet
  facet normal 0 0 1
    outer loop
      vertex -14.55 -20 2.00241
      vertex -15.55 -19 2.00241
      vertex -14.7451 -19.9808 2.00241
    endloop
  endfacet
  facet normal 0 0 1
    outer loop
      vertex -14.7451 -19.9808 2.00241
      vertex -15.55 -19 2.00241
      vertex -14.9327 -19.9239 2.00241
    endloop
  endfacet
  facet normal 0 0 1
    outer loop
      vertex -15.1056 -19.8315 2.00241
      vertex -15.55 -19 2.00241
      vertex -15.2571 -19.7071 2.00241
    endloop
  endfacet
  facet normal 0 0 1
    outer loop
      vertex -15.2571 -19.7071 2.00241
      vertex -15.55 -19 2.00241
      vertex -15.3815 -19.5556 2.00241
    endloop
  endfacet
  facet normal 0 0 1
    outer loop
      vertex -15.55 -4.40001 2.00241
      vertex 15.5293 -4.2 2.00241
      vertex -15.5293 -4.2 2.00241
    endloop
  endfacet
  facet normal 0 0 1
    outer loop
      vertex -15.55 -4.40001 2.00241
      vertex -15.5293 -4.2 2.00241
      vertex -15.5308 -4.20491 2.00241
    endloop
  endfacet
  facet normal 0 0 1
    outer loop
      vertex -14.9327 -19.9239 2.00241
      vertex -15.55 -19 2.00241
      vertex -15.1056 -19.8315 2.00241
    endloop
  endfacet
  facet normal 0 0 1
    outer loop
      vertex -15.3815 -19.5556 2.00241
      vertex -15.55 -19 2.00241
      vertex -15.4739 -19.3827 2.00241
    endloop
  endfacet
  facet normal 0 0 1
    outer loop
      vertex -15.4739 -19.3827 2.00241
      vertex -15.55 -19 2.00241
      vertex -15.5308 -19.1951 2.00241
    endloop
  endfacet
  facet normal 0.392765 -0.734509 0.553382
    outer loop
      vertex -38.0647 46.1214 2.1828
      vertex -38.0187 46.2074 2.2643
      vertex -38.095 46.1666 2.2643
    endloop
  endfacet
  facet normal 0.435975 -0.815317 0.381031
    outer loop
      vertex -38.095 46.1666 2.2643
      vertex -38.0187 46.2074 2.2643
      vertex -38.1158 46.1978 2.35486
    endloop
  endfacet
  facet normal 0.815468 -0.435836 0.380866
    outer loop
      vertex -38.2574 45.9687 2.2643
      vertex -38.2478 46.0658 2.35486
      vertex -38.292 45.9831 2.35486
    endloop
  endfacet
  facet normal 0.884688 -0.268953 0.380777
    outer loop
      vertex -38.2574 45.9687 2.2643
      vertex -38.292 45.9831 2.35486
      vertex -38.3193 45.8933 2.35486
    endloop
  endfacet
  facet normal 0.241826 -0.796925 0.553562
    outer loop
      vertex -37.9979 46.1571 2.1828
      vertex -37.9254 46.1791 2.1828
      vertex -38.0187 46.2074 2.2643
    endloop
  endfacet
  facet normal 0.205878 -0.678461 0.705198
    outer loop
      vertex -37.9714 46.0931 2.11349
      vertex -37.9254 46.1791 2.1828
      vertex -37.9979 46.1571 2.1828
    endloop
  endfacet
  facet normal 0 0 1
    outer loop
      vertex 38.3476 -44.1 9.1375
      vertex 38.95 -15.95 9.1375
      vertex 38.3476 45.8 9.1375
    endloop
  endfacet
  facet normal 0 0 1
    outer loop
      vertex 40.7464 48.35 9.1375
      vertex 38.338 45.8971 9.1375
      vertex 38.3476 45.8 9.1375
    endloop
  endfacet
  facet normal 0 0 1
    outer loop
      vertex 40.7464 48.35 9.1375
      vertex 38.3097 45.9904 9.1375
      vertex 38.338 45.8971 9.1375
    endloop
  endfacet
  facet normal 0 0 1
    outer loop
      vertex 38.35 47.5 9.1375
      vertex 38.2637 46.0764 9.1375
      vertex 38.3097 45.9904 9.1375
    endloop
  endfacet
  facet normal 0 0 1
    outer loop
      vertex 38.35 47.5 9.1375
      vertex 38.2019 46.1518 9.1375
      vertex 38.2637 46.0764 9.1375
    endloop
  endfacet
  facet normal 0 0 1
    outer loop
      vertex 38.35 47.5 9.1375
      vertex 38.1264 46.2137 9.1375
      vertex 38.2019 46.1518 9.1375
    endloop
  endfacet
  facet normal 0 0 1
    outer loop
      vertex 38.35 47.5 9.1375
      vertex 38.0404 46.2597 9.1375
      vertex 38.1264 46.2137 9.1375
    endloop
  endfacet
  facet normal 0 0 1
    outer loop
      vertex 38.35 47.5 9.1375
      vertex 37.9471 46.288 9.1375
      vertex 38.0404 46.2597 9.1375
    endloop
  endfacet
  facet normal 0 0 1
    outer loop
      vertex 38.35 47.5 9.1375
      vertex 37.85 46.2976 9.1375
      vertex 37.9471 46.288 9.1375
    endloop
  endfacet
  facet normal 0 0 1
    outer loop
      vertex 38.35 47.5 9.1375
      vertex -37.85 46.2976 9.1375
      vertex 37.85 46.2976 9.1375
    endloop
  endfacet
  facet normal -0 0 1
    outer loop
      vertex -38.35 47.5 9.1375
      vertex -37.85 46.2976 9.1375
      vertex 38.35 47.5 9.1375
    endloop
  endfacet
  facet normal 0 0 1
    outer loop
      vertex -38.35 47.5 9.1375
      vertex -37.9471 46.288 9.1375
      vertex -37.85 46.2976 9.1375
    endloop
  endfacet
  facet normal 0 0 1
    outer loop
      vertex -38.35 47.5 9.1375
      vertex -38.0404 46.2597 9.1375
      vertex -37.9471 46.288 9.1375
    endloop
  endfacet
  facet normal 0 0 1
    outer loop
      vertex -38.35 47.5 9.1375
      vertex -38.1264 46.2137 9.1375
      vertex -38.0404 46.2597 9.1375
    endloop
  endfacet
  facet normal 0 0 1
    outer loop
      vertex -38.35 47.5 9.1375
      vertex -38.2019 46.1518 9.1375
      vertex -38.1264 46.2137 9.1375
    endloop
  endfacet
  facet normal 0 0 1
    outer loop
      vertex -38.35 47.5 9.1375
      vertex -38.2637 46.0764 9.1375
      vertex -38.2019 46.1518 9.1375
    endloop
  endfacet
  facet normal 0 0 1
    outer loop
      vertex -38.35 47.5 9.1375
      vertex -38.3097 45.9904 9.1375
      vertex -38.2637 46.0764 9.1375
    endloop
  endfacet
  facet normal 0 0 1
    outer loop
      vertex -40.7464 48.35 9.1375
      vertex -38.3097 45.9904 9.1375
      vertex -38.35 47.5 9.1375
    endloop
  endfacet
  facet normal 0 0 1
    outer loop
      vertex -38.3097 45.9904 9.1375
      vertex -40.7464 48.35 9.1375
      vertex -38.338 45.8971 9.1375
    endloop
  endfacet
  facet normal 0 0 1
    outer loop
      vertex -38.338 45.8971 9.1375
      vertex -40.7464 48.35 9.1375
      vertex -38.3476 45.8 9.1375
    endloop
  endfacet
  facet normal 0 0 1
    outer loop
      vertex -38.3476 45.8 9.1375
      vertex -38.95 14.95 9.1375
      vertex -38.3476 -44.1 9.1375
    endloop
  endfacet
  facet normal 0 0 1
    outer loop
      vertex 40 49.0964 9.1375
      vertex 40.7464 48.35 9.1375
      vertex 40.732 48.4956 9.1375
    endloop
  endfacet
  facet normal 0 0 1
    outer loop
      vertex 40 49.0964 9.1375
      vertex 40.732 48.4956 9.1375
      vertex 40.6896 48.6356 9.1375
    endloop
  endfacet
  facet normal 0 0 1
    outer loop
      vertex 40 49.0964 9.1375
      vertex 40.6896 48.6356 9.1375
      vertex 40.6206 48.7647 9.1375
    endloop
  endfacet
  facet normal 0 0 1
    outer loop
      vertex 40 49.0964 9.1375
      vertex 40.6206 48.7647 9.1375
      vertex 40.5278 48.8778 9.1375
    endloop
  endfacet
  facet normal 0 0 1
    outer loop
      vertex 40 49.0964 9.1375
      vertex 40.5278 48.8778 9.1375
      vertex 40.4147 48.9706 9.1375
    endloop
  endfacet
  facet normal 0 0 1
    outer loop
      vertex 40 49.0964 9.1375
      vertex 40.4147 48.9706 9.1375
      vertex 40.2856 49.0396 9.1375
    endloop
  endfacet
  facet normal 0 0 1
    outer loop
      vertex 40 49.0964 9.1375
      vertex 40.2856 49.0396 9.1375
      vertex 40.1456 49.082 9.1375
    endloop
  endfacet
  facet normal 0 0 1
    outer loop
      vertex 40.7464 48.35 9.1375
      vertex 40 49.0964 9.1375
      vertex 38.35 47.5 9.1375
    endloop
  endfacet
  facet normal 0 0 1
    outer loop
      vertex 38.3097 45.9904 9.1375
      vertex 40.7464 48.35 9.1375
      vertex 38.35 47.5 9.1375
    endloop
  endfacet
  facet normal 0 0 1
    outer loop
      vertex 40.7464 24.05 9.1375
      vertex 38.3476 45.8 9.1375
      vertex 38.95 24.05 9.1375
    endloop
  endfacet
  facet normal 0 0 1
    outer loop
      vertex 38.95 24.05 9.1375
      vertex 38.3476 45.8 9.1375
      vertex 38.95 14.95 9.1375
    endloop
  endfacet
  facet normal 0 0 1
    outer loop
      vertex 40.7464 48.35 9.1375
      vertex 38.3476 45.8 9.1375
      vertex 40.7464 24.05 9.1375
    endloop
  endfacet
  facet normal 0 0 1
    outer loop
      vertex 38.35 47.5 9.1375
      vertex 40 49.0964 9.1375
      vertex 38.35 48.3 9.1375
    endloop
  endfacet
  facet normal -0 0 1
    outer loop
      vertex 37.15 49.0964 9.1375
      vertex 38.35 48.3 9.1375
      vertex 40 49.0964 9.1375
    endloop
  endfacet
  facet normal 0 0 1
    outer loop
      vertex 38.35 48.3 9.1375
      vertex 37.15 49.0964 9.1375
      vertex 37.15 48.3 9.1375
    endloop
  endfacet
  facet normal -0 0 1
    outer loop
      vertex 38.95 14.95 9.1375
      vertex 40.7464 -15.95 9.1375
      vertex 40.7464 14.95 9.1375
    endloop
  endfacet
  facet normal 0 0 1
    outer loop
      vertex 40.7464 -15.95 9.1375
      vertex 38.95 14.95 9.1375
      vertex 38.95 -15.95 9.1375
    endloop
  endfacet
  facet normal -0 0 1
    outer loop
      vertex 38.35 -44.1 9.1375
      vertex 40.7464 -48.35 9.1375
      vertex 40.7464 -25.05 9.1375
    endloop
  endfacet
  facet normal -0 0 1
    outer loop
      vertex 38.35 -44.6215 9.1375
      vertex 40.7464 -48.35 9.1375
      vertex 38.35 -44.1 9.1375
    endloop
  endfacet
  facet normal 0 -0 1
    outer loop
      vertex 39.549 -49.0964 9.1375
      vertex 40.7464 -48.35 9.1375
      vertex 38.35 -44.6215 9.1375
    endloop
  endfacet
  facet normal 0 -0 1
    outer loop
      vertex 40 -49.0964 9.1375
      vertex 40.7464 -48.35 9.1375
      vertex 39.549 -49.0964 9.1375
    endloop
  endfacet
  facet normal 0 0 1
    outer loop
      vertex 40.7464 -48.35 9.1375
      vertex 40 -49.0964 9.1375
      vertex 40.732 -48.4956 9.1375
    endloop
  endfacet
  facet normal 0 0 1
    outer loop
      vertex 40.732 -48.4956 9.1375
      vertex 40 -49.0964 9.1375
      vertex 40.6896 -48.6356 9.1375
    endloop
  endfacet
  facet normal 0 0 1
    outer loop
      vertex 40.6896 -48.6356 9.1375
      vertex 40 -49.0964 9.1375
      vertex 40.6206 -48.7647 9.1375
    endloop
  endfacet
  facet normal 0 0 1
    outer loop
      vertex 40.6206 -48.7647 9.1375
      vertex 40 -49.0964 9.1375
      vertex 40.5278 -48.8778 9.1375
    endloop
  endfacet
  facet normal 0 0 1
    outer loop
      vertex 40.5278 -48.8778 9.1375
      vertex 40 -49.0964 9.1375
      vertex 40.4147 -48.9706 9.1375
    endloop
  endfacet
  facet normal 0 0 1
    outer loop
      vertex 38.35 -44.1 9.1375
      vertex 40.7464 -25.05 9.1375
      vertex 38.95 -25.05 9.1375
    endloop
  endfacet
  facet normal 0 0 1
    outer loop
      vertex 38.95 14.95 9.1375
      vertex 38.3476 45.8 9.1375
      vertex 38.95 -15.95 9.1375
    endloop
  endfacet
  facet normal 0 0 1
    outer loop
      vertex 38.95 -15.95 9.1375
      vertex 38.35 -44.1 9.1375
      vertex 38.95 -25.05 9.1375
    endloop
  endfacet
  facet normal 0 0 1
    outer loop
      vertex 40.2856 -49.0396 9.1375
      vertex 40 -49.0964 9.1375
      vertex 40.1456 -49.082 9.1375
    endloop
  endfacet
  facet normal 0 0 1
    outer loop
      vertex 40.4147 -48.9706 9.1375
      vertex 40 -49.0964 9.1375
      vertex 40.2856 -49.0396 9.1375
    endloop
  endfacet
  facet normal 0 0 1
    outer loop
      vertex 38.95 -15.95 9.1375
      vertex 38.3476 -44.1 9.1375
      vertex 38.35 -44.1 9.1375
    endloop
  endfacet
  facet normal -0 0 1
    outer loop
      vertex -40.7464 14.95 9.1375
      vertex -38.95 -15.95 9.1375
      vertex -38.95 14.95 9.1375
    endloop
  endfacet
  facet normal 0 0 1
    outer loop
      vertex -38.95 -15.95 9.1375
      vertex -40.7464 14.95 9.1375
      vertex -40.7464 -15.95 9.1375
    endloop
  endfacet
  facet normal 0 0 1
    outer loop
      vertex -37.15 49.0964 9.1375
      vertex -38.35 48.3 9.1375
      vertex -37.15 48.3 9.1375
    endloop
  endfacet
  facet normal 0 0 1
    outer loop
      vertex -40.7464 48.35 9.1375
      vertex -38.35 47.5 9.1375
      vertex -38.35 48.3 9.1375
    endloop
  endfacet
  facet normal -0 0 1
    outer loop
      vertex -38.95 -15.95 9.1375
      vertex -38.3476 -44.1 9.1375
      vertex -38.95 14.95 9.1375
    endloop
  endfacet
  facet normal 0 0 1
    outer loop
      vertex -38.3476 45.8 9.1375
      vertex -38.95 24.05 9.1375
      vertex -38.95 14.95 9.1375
    endloop
  endfacet
  facet normal -0 0 1
    outer loop
      vertex -40 49.0964 9.1375
      vertex -38.35 48.3 9.1375
      vertex -37.15 49.0964 9.1375
    endloop
  endfacet
  facet normal -0 0 1
    outer loop
      vertex -40.7464 48.35 9.1375
      vertex -38.35 48.3 9.1375
      vertex -40 49.0964 9.1375
    endloop
  endfacet
  facet normal 0 0 1
    outer loop
      vertex -40.7464 48.35 9.1375
      vertex -40 49.0964 9.1375
      vertex -40.1456 49.082 9.1375
    endloop
  endfacet
  facet normal 0 0 1
    outer loop
      vertex -40.7464 48.35 9.1375
      vertex -40.1456 49.082 9.1375
      vertex -40.2856 49.0396 9.1375
    endloop
  endfacet
  facet normal 0 0 1
    outer loop
      vertex -40.7464 48.35 9.1375
      vertex -40.2856 49.0396 9.1375
      vertex -40.4147 48.9706 9.1375
    endloop
  endfacet
  facet normal 0 0 1
    outer loop
      vertex -40.7464 48.35 9.1375
      vertex -40.4147 48.9706 9.1375
      vertex -40.5278 48.8778 9.1375
    endloop
  endfacet
  facet normal 0 0 1
    outer loop
      vertex -40.7464 48.35 9.1375
      vertex -40.5278 48.8778 9.1375
      vertex -40.6206 48.7647 9.1375
    endloop
  endfacet
  facet normal 0 0 1
    outer loop
      vertex -40.7464 48.35 9.1375
      vertex -40.6206 48.7647 9.1375
      vertex -40.6896 48.6356 9.1375
    endloop
  endfacet
  facet normal 0 0 1
    outer loop
      vertex -40.7464 48.35 9.1375
      vertex -40.6896 48.6356 9.1375
      vertex -40.732 48.4956 9.1375
    endloop
  endfacet
  facet normal 0 0 1
    outer loop
      vertex -38.3476 45.8 9.1375
      vertex -40.7464 48.35 9.1375
      vertex -40.7464 24.05 9.1375
    endloop
  endfacet
  facet normal 0 0 1
    outer loop
      vertex -38.3476 45.8 9.1375
      vertex -40.7464 24.05 9.1375
      vertex -38.95 24.05 9.1375
    endloop
  endfacet
  facet normal -0 0 1
    outer loop
      vertex -38.95 -25.05 9.1375
      vertex -38.3476 -44.1 9.1375
      vertex -38.95 -15.95 9.1375
    endloop
  endfacet
  facet normal 0 0 1
    outer loop
      vertex -38.3476 -44.1 9.1375
      vertex -38.95 -25.05 9.1375
      vertex -38.35 -44.1 9.1375
    endloop
  endfacet
  facet normal -0 0 1
    outer loop
      vertex -40.7464 -25.05 9.1375
      vertex -38.35 -44.1 9.1375
      vertex -38.95 -25.05 9.1375
    endloop
  endfacet
  facet normal 0 0 1
    outer loop
      vertex -40.7464 -48.35 9.1375
      vertex -38.35 -44.1 9.1375
      vertex -40.7464 -25.05 9.1375
    endloop
  endfacet
  facet normal 0 0 1
    outer loop
      vertex -38.35 -44.6215 9.1375
      vertex -40.7464 -48.35 9.1375
      vertex -39.549 -49.0964 9.1375
    endloop
  endfacet
  facet normal 0 0 1
    outer loop
      vertex -39.549 -49.0964 9.1375
      vertex -40.7464 -48.35 9.1375
      vertex -40 -49.0964 9.1375
    endloop
  endfacet
  facet normal 0 0 1
    outer loop
      vertex -40 -49.0964 9.1375
      vertex -40.7464 -48.35 9.1375
      vertex -40.1456 -49.082 9.1375
    endloop
  endfacet
  facet normal 0 0 1
    outer loop
      vertex -40.1456 -49.082 9.1375
      vertex -40.7464 -48.35 9.1375
      vertex -40.2856 -49.0396 9.1375
    endloop
  endfacet
  facet normal 0 0 1
    outer loop
      vertex -40.2856 -49.0396 9.1375
      vertex -40.7464 -48.35 9.1375
      vertex -40.4147 -48.9706 9.1375
    endloop
  endfacet
  facet normal 0 0 1
    outer loop
      vertex -40.4147 -48.9706 9.1375
      vertex -40.7464 -48.35 9.1375
      vertex -40.5278 -48.8778 9.1375
    endloop
  endfacet
  facet normal 0 0 1
    outer loop
      vertex -40.5278 -48.8778 9.1375
      vertex -40.7464 -48.35 9.1375
      vertex -40.6206 -48.7647 9.1375
    endloop
  endfacet
  facet normal 0 0 1
    outer loop
      vertex -40.6206 -48.7647 9.1375
      vertex -40.7464 -48.35 9.1375
      vertex -40.6896 -48.6356 9.1375
    endloop
  endfacet
  facet normal 0 0 1
    outer loop
      vertex -38.35 -44.1 9.1375
      vertex -40.7464 -48.35 9.1375
      vertex -38.35 -44.6215 9.1375
    endloop
  endfacet
  facet normal 0 0 1
    outer loop
      vertex -40.6896 -48.6356 9.1375
      vertex -40.7464 -48.35 9.1375
      vertex -40.732 -48.4956 9.1375
    endloop
  endfacet
  facet normal -0 0 1
    outer loop
      vertex -34.0691 -44.1 2
      vertex 35.4079 -49.0964 2
      vertex 34.0691 -44.1 2
    endloop
  endfacet
  facet normal 0 0 1
    outer loop
      vertex 35.4079 -49.0964 2
      vertex -34.0691 -44.1 2
      vertex -35.4079 -49.0964 2
    endloop
  endfacet
  facet normal 0 -1 0
    outer loop
      vertex -34.0691 -44.1 2
      vertex 34.0691 -44.1 2.00241
      vertex -34.0691 -44.1 2.00241
    endloop
  endfacet
  facet normal 0 -1 -0
    outer loop
      vertex 34.0691 -44.1 2.00241
      vertex -34.0691 -44.1 2
      vertex 34.0691 -44.1 2
    endloop
  endfacet
  facet normal 0.429628 0.130308 0.893555
    outer loop
      vertex 23.4188 30.6828 2.00241
      vertex 26.4022 31.8346 0.400001
      vertex 26.2884 32.2098 0.400001
    endloop
  endfacet
  facet normal 0.429678 0.130171 0.89355
    outer loop
      vertex 26.4022 31.8346 0.400001
      vertex 23.4188 30.6828 2.00241
      vertex 23.4414 30.6082 2.00241
    endloop
  endfacet
  facet normal 0.284787 0.347051 0.893561
    outer loop
      vertex 25.3584 28.2724 2.00241
      vertex 27.1389 30.9371 0.400001
      vertex 24.6299 28.8702 2.00241
    endloop
  endfacet
  facet normal 0.211621 0.395944 0.893557
    outer loop
      vertex 26.2582 27.7914 2.00241
      vertex 27.4846 30.7522 0.400001
      vertex 25.4271 28.2356 2.00241
    endloop
  endfacet
  facet normal -0.446782 -0.0440208 0.893559
    outer loop
      vertex 33.4548 32.6 2.00241
      vertex 33.3624 33.5378 2.00241
      vertex 30.25 32.6 0.400001
    endloop
  endfacet
  facet normal -0.446828 -0.0437615 0.893549
    outer loop
      vertex 30.2116 32.9902 0.400001
      vertex 33.3624 33.5378 2.00241
      vertex 33.3548 33.6154 2.00241
    endloop
  endfacet
  facet normal -0.446795 -0.0439696 0.893555
    outer loop
      vertex 33.3624 33.5378 2.00241
      vertex 30.2116 32.9902 0.400001
      vertex 30.25 32.6 0.400001
    endloop
  endfacet
  facet normal 0.211621 -0.395944 0.893557
    outer loop
      vertex 27.4846 34.4478 0.400001
      vertex 26.2582 37.4086 2.00241
      vertex 25.4271 36.9644 2.00241
    endloop
  endfacet
  facet normal -0.446795 0.0439696 0.893555
    outer loop
      vertex 30.2116 32.2098 0.400001
      vertex 33.3624 31.6622 2.00241
      vertex 30.25 32.6 0.400001
    endloop
  endfacet
  facet normal -0.446828 0.0437615 0.893549
    outer loop
      vertex 33.3624 31.6622 2.00241
      vertex 30.2116 32.2098 0.400001
      vertex 33.3548 31.5846 2.00241
    endloop
  endfacet
  facet normal 0.284488 -0.34726 0.893576
    outer loop
      vertex 25.2981 36.8782 2.00241
      vertex 27.1389 34.2629 0.400001
      vertex 25.3584 36.9276 2.00241
    endloop
  endfacet
  facet normal 0.284767 -0.347057 0.893565
    outer loop
      vertex 27.1389 34.2629 0.400001
      vertex 25.2981 36.8782 2.00241
      vertex 26.8358 34.0142 0.400001
    endloop
  endfacet
  facet normal 0.395917 0.211654 0.893561
    outer loop
      vertex 23.9224 29.7084 2.00241
      vertex 26.5871 31.4889 0.400001
      vertex 23.4781 30.5395 2.00241
    endloop
  endfacet
  facet normal 0.395886 0.211743 0.893554
    outer loop
      vertex 26.4022 31.8346 0.400001
      vertex 23.4781 30.5395 2.00241
      vertex 26.5871 31.4889 0.400001
    endloop
  endfacet
  facet normal 0.395982 0.211536 0.893561
    outer loop
      vertex 23.4781 30.5395 2.00241
      vertex 26.4022 31.8346 0.400001
      vertex 23.4414 30.6082 2.00241
    endloop
  endfacet
  facet normal -0.0440208 0.446782 0.893559
    outer loop
      vertex 29.2654 27.4952 2.00241
      vertex 28.6402 30.6384 0.400001
      vertex 28.3276 27.4028 2.00241
    endloop
  endfacet
  facet normal -0.429628 0.130308 0.893555
    outer loop
      vertex 30.0978 31.8346 0.400001
      vertex 33.0812 30.6828 2.00241
      vertex 30.2116 32.2098 0.400001
    endloop
  endfacet
  facet normal -0.429678 0.130171 0.89355
    outer loop
      vertex 33.0812 30.6828 2.00241
      vertex 30.0978 31.8346 0.400001
      vertex 33.0586 30.6082 2.00241
    endloop
  endfacet
  facet normal 0.21173 -0.395862 0.893568
    outer loop
      vertex 25.4271 36.9644 2.00241
      vertex 27.1389 34.2629 0.400001
      vertex 27.4846 34.4478 0.400001
    endloop
  endfacet
  facet normal 0.21197 -0.395715 0.893576
    outer loop
      vertex 27.1389 34.2629 0.400001
      vertex 25.4271 36.9644 2.00241
      vertex 25.3584 36.9276 2.00241
    endloop
  endfacet
  facet normal -0.347047 -0.284784 0.893564
    outer loop
      vertex 32.5282 35.5519 2.00241
      vertex 31.9304 36.2804 2.00241
      vertex 29.6642 34.0142 0.400001
    endloop
  endfacet
  facet normal -0.395917 0.211654 0.893561
    outer loop
      vertex 32.5776 29.7084 2.00241
      vertex 33.0219 30.5395 2.00241
      vertex 29.9129 31.4889 0.400001
    endloop
  endfacet
  facet normal 0.284774 0.347065 0.89356
    outer loop
      vertex 26.8358 31.1858 0.400001
      vertex 24.6299 28.8702 2.00241
      vertex 27.1389 30.9371 0.400001
    endloop
  endfacet
  facet normal 0.284521 0.3473 0.89355
    outer loop
      vertex 24.6299 28.8702 2.00241
      vertex 26.8358 31.1858 0.400001
      vertex 24.5696 28.9196 2.00241
    endloop
  endfacet
  facet normal 0.429612 0.130341 0.893558
    outer loop
      vertex 23.4188 30.6828 2.00241
      vertex 26.2884 32.2098 0.400001
      vertex 23.1452 31.5846 2.00241
    endloop
  endfacet
  facet normal -0.284787 0.347051 0.893561
    outer loop
      vertex 31.1416 28.2724 2.00241
      vertex 31.8701 28.8702 2.00241
      vertex 29.3611 30.9371 0.400001
    endloop
  endfacet
  facet normal -0.347051 0.284787 0.893561
    outer loop
      vertex 31.9798 28.9799 2.00241
      vertex 32.5776 29.7084 2.00241
      vertex 29.9129 31.4889 0.400001
    endloop
  endfacet
  facet normal 0.347051 0.284787 0.893561
    outer loop
      vertex 24.5202 28.9799 2.00241
      vertex 26.5871 31.4889 0.400001
      vertex 23.9224 29.7084 2.00241
    endloop
  endfacet
  facet normal 0.130306 0.429619 0.893559
    outer loop
      vertex 27.4846 30.7522 0.400001
      vertex 27.2346 27.4952 2.00241
      vertex 27.8598 30.6384 0.400001
    endloop
  endfacet
  facet normal 0.130328 0.429617 0.893557
    outer loop
      vertex 27.2346 27.4952 2.00241
      vertex 27.4846 30.7522 0.400001
      vertex 26.2582 27.7914 2.00241
    endloop
  endfacet
  facet normal -0.284488 -0.34726 0.893576
    outer loop
      vertex 29.3611 34.2629 0.400001
      vertex 31.2019 36.8782 2.00241
      vertex 31.1416 36.9276 2.00241
    endloop
  endfacet
  facet normal -0.284767 -0.347057 0.893565
    outer loop
      vertex 31.2019 36.8782 2.00241
      vertex 29.3611 34.2629 0.400001
      vertex 29.6642 34.0142 0.400001
    endloop
  endfacet
  facet normal -0.395982 0.211536 0.893561
    outer loop
      vertex 30.0978 31.8346 0.400001
      vertex 33.0219 30.5395 2.00241
      vertex 33.0586 30.6082 2.00241
    endloop
  endfacet
  facet normal -0.395886 0.211743 0.893554
    outer loop
      vertex 33.0219 30.5395 2.00241
      vertex 30.0978 31.8346 0.400001
      vertex 29.9129 31.4889 0.400001
    endloop
  endfacet
  facet normal -0.429612 0.130341 0.893558
    outer loop
      vertex 33.0812 30.6828 2.00241
      vertex 33.3548 31.5846 2.00241
      vertex 30.2116 32.2098 0.400001
    endloop
  endfacet
  facet normal -0.446782 0.0440208 0.893559
    outer loop
      vertex 33.3624 31.6622 2.00241
      vertex 33.4548 32.6 2.00241
      vertex 30.25 32.6 0.400001
    endloop
  endfacet
  facet normal 0.0437575 0.446787 0.893569
    outer loop
      vertex 28.25 30.6 0.400001
      vertex 28.1724 27.4028 2.00241
      vertex 28.25 27.3952 2.00241
    endloop
  endfacet
  facet normal 0.043968 0.446779 0.893563
    outer loop
      vertex 28.1724 27.4028 2.00241
      vertex 28.25 30.6 0.400001
      vertex 27.8598 30.6384 0.400001
    endloop
  endfacet
  facet normal -0.130328 -0.429617 0.893557
    outer loop
      vertex 29.2654 37.7048 2.00241
      vertex 29.0154 34.4478 0.400001
      vertex 30.2418 37.4086 2.00241
    endloop
  endfacet
  facet normal -0.130306 -0.429619 0.893559
    outer loop
      vertex 29.0154 34.4478 0.400001
      vertex 29.2654 37.7048 2.00241
      vertex 28.6402 34.5616 0.400001
    endloop
  endfacet
  facet normal -0.284784 -0.347047 0.893564
    outer loop
      vertex 31.9304 36.2804 2.00241
      vertex 31.2019 36.8782 2.00241
      vertex 29.6642 34.0142 0.400001
    endloop
  endfacet
  facet normal 0.395917 -0.211654 0.893561
    outer loop
      vertex 26.5871 33.7111 0.400001
      vertex 23.9224 35.4916 2.00241
      vertex 23.4781 34.6605 2.00241
    endloop
  endfacet
  facet normal 0.0440208 0.446782 0.893559
    outer loop
      vertex 28.1724 27.4028 2.00241
      vertex 27.8598 30.6384 0.400001
      vertex 27.2346 27.4952 2.00241
    endloop
  endfacet
  facet normal -0.347065 0.284774 0.89356
    outer loop
      vertex 29.6642 31.1858 0.400001
      vertex 31.9798 28.9799 2.00241
      vertex 29.9129 31.4889 0.400001
    endloop
  endfacet
  facet normal -0.3473 0.284521 0.89355
    outer loop
      vertex 31.9798 28.9799 2.00241
      vertex 29.6642 31.1858 0.400001
      vertex 31.9304 28.9196 2.00241
    endloop
  endfacet
  facet normal -0.284521 0.3473 0.89355
    outer loop
      vertex 29.6642 31.1858 0.400001
      vertex 31.8701 28.8702 2.00241
      vertex 31.9304 28.9196 2.00241
    endloop
  endfacet
  facet normal -0.284774 0.347065 0.89356
    outer loop
      vertex 31.8701 28.8702 2.00241
      vertex 29.6642 31.1858 0.400001
      vertex 29.3611 30.9371 0.400001
    endloop
  endfacet
  facet normal 0.284784 -0.347047 0.893564
    outer loop
      vertex 26.8358 34.0142 0.400001
      vertex 25.2981 36.8782 2.00241
      vertex 24.5696 36.2804 2.00241
    endloop
  endfacet
  facet normal -0.130328 0.429617 0.893557
    outer loop
      vertex 29.0154 30.7522 0.400001
      vertex 29.2654 27.4952 2.00241
      vertex 30.2418 27.7914 2.00241
    endloop
  endfacet
  facet normal -0.130306 0.429619 0.893559
    outer loop
      vertex 29.2654 27.4952 2.00241
      vertex 29.0154 30.7522 0.400001
      vertex 28.6402 30.6384 0.400001
    endloop
  endfacet
  facet normal -0.21197 -0.395715 0.893576
    outer loop
      vertex 31.0729 36.9644 2.00241
      vertex 29.3611 34.2629 0.400001
      vertex 31.1416 36.9276 2.00241
    endloop
  endfacet
  facet normal -0.21173 -0.395862 0.893568
    outer loop
      vertex 29.3611 34.2629 0.400001
      vertex 31.0729 36.9644 2.00241
      vertex 29.0154 34.4478 0.400001
    endloop
  endfacet
  facet normal -0.211621 -0.395944 0.893557
    outer loop
      vertex 31.0729 36.9644 2.00241
      vertex 30.2418 37.4086 2.00241
      vertex 29.0154 34.4478 0.400001
    endloop
  endfacet
  facet normal -0.21197 0.395715 0.893576
    outer loop
      vertex 29.3611 30.9371 0.400001
      vertex 31.0729 28.2356 2.00241
      vertex 31.1416 28.2724 2.00241
    endloop
  endfacet
  facet normal -0.21173 0.395862 0.893568
    outer loop
      vertex 31.0729 28.2356 2.00241
      vertex 29.3611 30.9371 0.400001
      vertex 29.0154 30.7522 0.400001
    endloop
  endfacet
  facet normal -0.211621 0.395944 0.893557
    outer loop
      vertex 30.2418 27.7914 2.00241
      vertex 31.0729 28.2356 2.00241
      vertex 29.0154 30.7522 0.400001
    endloop
  endfacet
  facet normal 0.347065 0.284774 0.89356
    outer loop
      vertex 24.5202 28.9799 2.00241
      vertex 26.8358 31.1858 0.400001
      vertex 26.5871 31.4889 0.400001
    endloop
  endfacet
  facet normal 0.3473 0.284521 0.89355
    outer loop
      vertex 26.8358 31.1858 0.400001
      vertex 24.5202 28.9799 2.00241
      vertex 24.5696 28.9196 2.00241
    endloop
  endfacet
  facet normal 0.21173 0.395862 0.893568
    outer loop
      vertex 27.1389 30.9371 0.400001
      vertex 25.4271 28.2356 2.00241
      vertex 27.4846 30.7522 0.400001
    endloop
  endfacet
  facet normal 0.21197 0.395715 0.893576
    outer loop
      vertex 25.4271 28.2356 2.00241
      vertex 27.1389 30.9371 0.400001
      vertex 25.3584 28.2724 2.00241
    endloop
  endfacet
  facet normal -0.043968 0.446779 0.893563
    outer loop
      vertex 28.25 30.6 0.400001
      vertex 28.3276 27.4028 2.00241
      vertex 28.6402 30.6384 0.400001
    endloop
  endfacet
  facet normal -0.0437575 0.446787 0.893569
    outer loop
      vertex 28.3276 27.4028 2.00241
      vertex 28.25 30.6 0.400001
      vertex 28.25 27.3952 2.00241
    endloop
  endfacet
  facet normal 0.395886 -0.211743 0.893554
    outer loop
      vertex 23.4781 34.6605 2.00241
      vertex 26.4022 33.3654 0.400001
      vertex 26.5871 33.7111 0.400001
    endloop
  endfacet
  facet normal 0.395982 -0.211536 0.893561
    outer loop
      vertex 26.4022 33.3654 0.400001
      vertex 23.4781 34.6605 2.00241
      vertex 23.4414 34.5918 2.00241
    endloop
  endfacet
  facet normal 0.0440208 -0.446782 0.893559
    outer loop
      vertex 27.8598 34.5616 0.400001
      vertex 28.1724 37.7972 2.00241
      vertex 27.2346 37.7048 2.00241
    endloop
  endfacet
  facet normal 0.347047 -0.284784 0.893564
    outer loop
      vertex 26.8358 34.0142 0.400001
      vertex 24.5696 36.2804 2.00241
      vertex 23.9718 35.5519 2.00241
    endloop
  endfacet
  facet normal 0.347057 -0.284767 0.893565
    outer loop
      vertex 23.9718 35.5519 2.00241
      vertex 26.5871 33.7111 0.400001
      vertex 26.8358 34.0142 0.400001
    endloop
  endfacet
  facet normal 0.34726 -0.284488 0.893576
    outer loop
      vertex 26.5871 33.7111 0.400001
      vertex 23.9718 35.5519 2.00241
      vertex 23.9224 35.4916 2.00241
    endloop
  endfacet
  facet normal -0.0440009 -0.446786 0.893558
    outer loop
      vertex 28.25 37.8048 2.00241
      vertex 28.6402 34.5616 0.400001
      vertex 29.2654 37.7048 2.00241
    endloop
  endfacet
  facet normal -0.0439684 -0.446783 0.893561
    outer loop
      vertex 28.6402 34.5616 0.400001
      vertex 28.25 37.8048 2.00241
      vertex 28.25 34.6 0.400001
    endloop
  endfacet
  facet normal 0.446791 0.0439692 0.893557
    outer loop
      vertex 26.25 32.6 0.400001
      vertex 23.1452 31.5846 2.00241
      vertex 26.2884 32.2098 0.400001
    endloop
  endfacet
  facet normal 0.446782 0.0440006 0.89356
    outer loop
      vertex 23.1452 31.5846 2.00241
      vertex 26.25 32.6 0.400001
      vertex 23.0452 32.6 2.00241
    endloop
  endfacet
  facet normal 0.0437575 -0.446787 0.893569
    outer loop
      vertex 28.1724 37.7972 2.00241
      vertex 28.25 34.6 0.400001
      vertex 28.25 37.8048 2.00241
    endloop
  endfacet
  facet normal 0.043968 -0.446779 0.893563
    outer loop
      vertex 28.25 34.6 0.400001
      vertex 28.1724 37.7972 2.00241
      vertex 27.8598 34.5616 0.400001
    endloop
  endfacet
  facet normal 0.429612 -0.130341 0.893558
    outer loop
      vertex 26.2884 32.9902 0.400001
      vertex 23.4188 34.5172 2.00241
      vertex 23.1452 33.6154 2.00241
    endloop
  endfacet
  facet normal 0.130306 -0.429619 0.893559
    outer loop
      vertex 27.2346 37.7048 2.00241
      vertex 27.4846 34.4478 0.400001
      vertex 27.8598 34.5616 0.400001
    endloop
  endfacet
  facet normal 0.130328 -0.429617 0.893557
    outer loop
      vertex 27.4846 34.4478 0.400001
      vertex 27.2346 37.7048 2.00241
      vertex 26.2582 37.4086 2.00241
    endloop
  endfacet
  facet normal 0.429678 -0.130171 0.89355
    outer loop
      vertex 23.4188 34.5172 2.00241
      vertex 26.4022 33.3654 0.400001
      vertex 23.4414 34.5918 2.00241
    endloop
  endfacet
  facet normal 0.429628 -0.130308 0.893555
    outer loop
      vertex 26.4022 33.3654 0.400001
      vertex 23.4188 34.5172 2.00241
      vertex 26.2884 32.9902 0.400001
    endloop
  endfacet
  facet normal 0 0 1
    outer loop
      vertex 30.2116 32.9902 0.400001
      vertex 30.2116 32.2098 0.400001
      vertex 30.25 32.6 0.400001
    endloop
  endfacet
  facet normal 0 0 1
    outer loop
      vertex 30.0978 33.3654 0.400001
      vertex 30.2116 32.2098 0.400001
      vertex 30.2116 32.9902 0.400001
    endloop
  endfacet
  facet normal 0 0 1
    outer loop
      vertex 30.0978 33.3654 0.400001
      vertex 30.0978 31.8346 0.400001
      vertex 30.2116 32.2098 0.400001
    endloop
  endfacet
  facet normal 0 0 1
    outer loop
      vertex 29.9129 33.7111 0.400001
      vertex 30.0978 31.8346 0.400001
      vertex 30.0978 33.3654 0.400001
    endloop
  endfacet
  facet normal 0 0 1
    outer loop
      vertex 29.9129 33.7111 0.400001
      vertex 29.9129 31.4889 0.400001
      vertex 30.0978 31.8346 0.400001
    endloop
  endfacet
  facet normal 0 0 1
    outer loop
      vertex 29.6642 34.0142 0.400001
      vertex 29.9129 31.4889 0.400001
      vertex 29.9129 33.7111 0.400001
    endloop
  endfacet
  facet normal 0 0 1
    outer loop
      vertex 29.6642 34.0142 0.400001
      vertex 29.6642 31.1858 0.400001
      vertex 29.9129 31.4889 0.400001
    endloop
  endfacet
  facet normal 0 0 1
    outer loop
      vertex 29.3611 34.2629 0.400001
      vertex 29.6642 31.1858 0.400001
      vertex 29.6642 34.0142 0.400001
    endloop
  endfacet
  facet normal 0 0 1
    outer loop
      vertex 29.3611 34.2629 0.400001
      vertex 29.3611 30.9371 0.400001
      vertex 29.6642 31.1858 0.400001
    endloop
  endfacet
  facet normal 0 0 1
    outer loop
      vertex 29.0154 34.4478 0.400001
      vertex 29.3611 30.9371 0.400001
      vertex 29.3611 34.2629 0.400001
    endloop
  endfacet
  facet normal 0 0 1
    outer loop
      vertex 29.0154 34.4478 0.400001
      vertex 29.0154 30.7522 0.400001
      vertex 29.3611 30.9371 0.400001
    endloop
  endfacet
  facet normal 0 0 1
    outer loop
      vertex 28.6402 34.5616 0.400001
      vertex 29.0154 30.7522 0.400001
      vertex 29.0154 34.4478 0.400001
    endloop
  endfacet
  facet normal 0 0 1
    outer loop
      vertex 28.6402 34.5616 0.400001
      vertex 28.6402 30.6384 0.400001
      vertex 29.0154 30.7522 0.400001
    endloop
  endfacet
  facet normal 0 0 1
    outer loop
      vertex 28.25 34.6 0.400001
      vertex 28.6402 30.6384 0.400001
      vertex 28.6402 34.5616 0.400001
    endloop
  endfacet
  facet normal 0 0 1
    outer loop
      vertex 28.25 34.6 0.400001
      vertex 28.25 30.6 0.400001
      vertex 28.6402 30.6384 0.400001
    endloop
  endfacet
  facet normal -0 0 1
    outer loop
      vertex 27.8598 34.5616 0.400001
      vertex 28.25 30.6 0.400001
      vertex 28.25 34.6 0.400001
    endloop
  endfacet
  facet normal 0 0 1
    outer loop
      vertex 27.8598 34.5616 0.400001
      vertex 27.8598 30.6384 0.400001
      vertex 28.25 30.6 0.400001
    endloop
  endfacet
  facet normal -0 0 1
    outer loop
      vertex 27.4846 34.4478 0.400001
      vertex 27.8598 30.6384 0.400001
      vertex 27.8598 34.5616 0.400001
    endloop
  endfacet
  facet normal 0 0 1
    outer loop
      vertex 27.4846 34.4478 0.400001
      vertex 27.4846 30.7522 0.400001
      vertex 27.8598 30.6384 0.400001
    endloop
  endfacet
  facet normal -0 0 1
    outer loop
      vertex 27.1389 34.2629 0.400001
      vertex 27.4846 30.7522 0.400001
      vertex 27.4846 34.4478 0.400001
    endloop
  endfacet
  facet normal 0 0 1
    outer loop
      vertex 27.1389 34.2629 0.400001
      vertex 27.1389 30.9371 0.400001
      vertex 27.4846 30.7522 0.400001
    endloop
  endfacet
  facet normal -0 0 1
    outer loop
      vertex 26.8358 34.0142 0.400001
      vertex 27.1389 30.9371 0.400001
      vertex 27.1389 34.2629 0.400001
    endloop
  endfacet
  facet normal 0 0 1
    outer loop
      vertex 26.8358 34.0142 0.400001
      vertex 26.8358 31.1858 0.400001
      vertex 27.1389 30.9371 0.400001
    endloop
  endfacet
  facet normal -0 0 1
    outer loop
      vertex 26.5871 33.7111 0.400001
      vertex 26.8358 31.1858 0.400001
      vertex 26.8358 34.0142 0.400001
    endloop
  endfacet
  facet normal 0 0 1
    outer loop
      vertex 26.5871 33.7111 0.400001
      vertex 26.5871 31.4889 0.400001
      vertex 26.8358 31.1858 0.400001
    endloop
  endfacet
  facet normal -0 0 1
    outer loop
      vertex 26.4022 33.3654 0.400001
      vertex 26.5871 31.4889 0.400001
      vertex 26.5871 33.7111 0.400001
    endloop
  endfacet
  facet normal 0 0 1
    outer loop
      vertex 26.4022 33.3654 0.400001
      vertex 26.4022 31.8346 0.400001
      vertex 26.5871 31.4889 0.400001
    endloop
  endfacet
  facet normal -0 0 1
    outer loop
      vertex 26.2884 32.9902 0.400001
      vertex 26.4022 31.8346 0.400001
      vertex 26.4022 33.3654 0.400001
    endloop
  endfacet
  facet normal 0 0 1
    outer loop
      vertex 26.2884 32.9902 0.400001
      vertex 26.2884 32.2098 0.400001
      vertex 26.4022 31.8346 0.400001
    endloop
  endfacet
  facet normal 0 -0 1
    outer loop
      vertex 26.2884 32.2098 0.400001
      vertex 26.2884 32.9902 0.400001
      vertex 26.25 32.6 0.400001
    endloop
  endfacet
  facet normal -0.395917 -0.211654 0.893561
    outer loop
      vertex 33.0219 34.6605 2.00241
      vertex 32.5776 35.4916 2.00241
      vertex 29.9129 33.7111 0.400001
    endloop
  endfacet
  facet normal 0.446791 -0.0439692 0.893557
    outer loop
      vertex 23.1452 33.6154 2.00241
      vertex 26.25 32.6 0.400001
      vertex 26.2884 32.9902 0.400001
    endloop
  endfacet
  facet normal 0.446782 -0.0440006 0.89356
    outer loop
      vertex 26.25 32.6 0.400001
      vertex 23.1452 33.6154 2.00241
      vertex 23.0452 32.6 2.00241
    endloop
  endfacet
  facet normal -0.429612 -0.130341 0.893558
    outer loop
      vertex 33.3548 33.6154 2.00241
      vertex 33.0812 34.5172 2.00241
      vertex 30.2116 32.9902 0.400001
    endloop
  endfacet
  facet normal -0.34726 -0.284488 0.893576
    outer loop
      vertex 32.5282 35.5519 2.00241
      vertex 29.9129 33.7111 0.400001
      vertex 32.5776 35.4916 2.00241
    endloop
  endfacet
  facet normal -0.347057 -0.284767 0.893565
    outer loop
      vertex 29.9129 33.7111 0.400001
      vertex 32.5282 35.5519 2.00241
      vertex 29.6642 34.0142 0.400001
    endloop
  endfacet
  facet normal -0.395982 -0.211536 0.893561
    outer loop
      vertex 33.0219 34.6605 2.00241
      vertex 30.0978 33.3654 0.400001
      vertex 33.0586 34.5918 2.00241
    endloop
  endfacet
  facet normal -0.395886 -0.211743 0.893554
    outer loop
      vertex 30.0978 33.3654 0.400001
      vertex 33.0219 34.6605 2.00241
      vertex 29.9129 33.7111 0.400001
    endloop
  endfacet
  facet normal -0.429678 -0.130171 0.89355
    outer loop
      vertex 30.0978 33.3654 0.400001
      vertex 33.0812 34.5172 2.00241
      vertex 33.0586 34.5918 2.00241
    endloop
  endfacet
  facet normal -0.429628 -0.130308 0.893555
    outer loop
      vertex 33.0812 34.5172 2.00241
      vertex 30.0978 33.3654 0.400001
      vertex 30.2116 32.9902 0.400001
    endloop
  endfacet
  facet normal 1 -0 0
    outer loop
      vertex -37.15 -40.1431 9.1375
      vertex -37.15 -35.1 2.00241
      vertex -37.15 -35.1 9.1375
    endloop
  endfacet
  facet normal 1 0 0
    outer loop
      vertex -37.15 -35.1 2.00241
      vertex -37.15 -40.1431 9.1375
      vertex -37.15 -40.1431 2.00241
    endloop
  endfacet
  facet normal -0 0 1
    outer loop
      vertex -38.3476 -35.1 9.1375
      vertex -37.15 -40.1431 9.1375
      vertex -37.15 -35.1 9.1375
    endloop
  endfacet
  facet normal 0 0 1
    outer loop
      vertex -38.3476 -44.1 9.1375
      vertex -37.15 -40.1431 9.1375
      vertex -38.3476 -35.1 9.1375
    endloop
  endfacet
  facet normal -0 0 1
    outer loop
      vertex -38.3476 -44.1 9.1375
      vertex -38.35 -44.6215 9.1375
      vertex -37.15 -40.1431 9.1375
    endloop
  endfacet
  facet normal 0 0 1
    outer loop
      vertex -38.35 -44.6215 9.1375
      vertex -38.3476 -44.1 9.1375
      vertex -38.35 -44.1 9.1375
    endloop
  endfacet
  facet normal 0 0 1
    outer loop
      vertex -36.4442 -37.5089 2
      vertex -35.4079 -49.0964 2
      vertex -32.5805 -38.5442 2
    endloop
  endfacet
  facet normal 0 0 1
    outer loop
      vertex -35.4079 -49.0964 2
      vertex -36.4442 -37.5089 2
      vertex -39.549 -49.0964 2
    endloop
  endfacet
  facet normal 0 1 0
    outer loop
      vertex -37.15 -35.1 9.1375
      vertex -38.3476 -35.1 2.45099
      vertex -38.3476 -35.1 9.1375
    endloop
  endfacet
  facet normal 0 1 -0
    outer loop
      vertex -37.15 -35.1 2.00241
      vertex -38.3476 -35.1 2.45099
      vertex -37.15 -35.1 9.1375
    endloop
  endfacet
  facet normal 0 1 -0
    outer loop
      vertex -37.899 -35.1 2.00241
      vertex -38.3476 -35.1 2.45099
      vertex -37.15 -35.1 2.00241
    endloop
  endfacet
  facet normal 0 1 0
    outer loop
      vertex -38.3476 -35.1 2.45099
      vertex -37.899 -35.1 2.00241
      vertex -38.3285 -35.1 2.35486
    endloop
  endfacet
  facet normal 0 1 0
    outer loop
      vertex -38.3285 -35.1 2.35486
      vertex -37.899 -35.1 2.00241
      vertex -38.291 -35.1 2.2643
    endloop
  endfacet
  facet normal 0 1 0
    outer loop
      vertex -38.291 -35.1 2.2643
      vertex -37.899 -35.1 2.00241
      vertex -38.2365 -35.1 2.1828
    endloop
  endfacet
  facet normal 0 1 0
    outer loop
      vertex -38.2365 -35.1 2.1828
      vertex -37.899 -35.1 2.00241
      vertex -38.1672 -35.1 2.11349
    endloop
  endfacet
  facet normal 0 1 0
    outer loop
      vertex -38.1672 -35.1 2.11349
      vertex -37.899 -35.1 2.00241
      vertex -38.0857 -35.1 2.05904
    endloop
  endfacet
  facet normal 0 1 0
    outer loop
      vertex -38.0857 -35.1 2.05904
      vertex -37.899 -35.1 2.00241
      vertex -37.9951 -35.1 2.02153
    endloop
  endfacet
  facet normal 0 0 1
    outer loop
      vertex 37.15 -40.1431 9.1375
      vertex 38.3476 -35.1 9.1375
      vertex 37.15 -35.1 9.1375
    endloop
  endfacet
  facet normal -0 0 1
    outer loop
      vertex 38.3476 -44.1 9.1375
      vertex 38.35 -44.6215 9.1375
      vertex 38.35 -44.1 9.1375
    endloop
  endfacet
  facet normal 0 0 1
    outer loop
      vertex 38.3476 -35.1 9.1375
      vertex 37.15 -40.1431 9.1375
      vertex 38.3476 -44.1 9.1375
    endloop
  endfacet
  facet normal 0 0 1
    outer loop
      vertex 38.3476 -44.1 9.1375
      vertex 37.15 -40.1431 9.1375
      vertex 38.35 -44.6215 9.1375
    endloop
  endfacet
  facet normal 0 0 1
    outer loop
      vertex 36.4442 -37.5089 2
      vertex 35.4079 -49.0964 2
      vertex 39.549 -49.0964 2
    endloop
  endfacet
  facet normal 0 -0 1
    outer loop
      vertex 35.4079 -49.0964 2
      vertex 36.4442 -37.5089 2
      vertex 32.5805 -38.5442 2
    endloop
  endfacet
  facet normal -1 0 0
    outer loop
      vertex 37.15 -40.1431 2.00241
      vertex 37.15 -35.1 9.1375
      vertex 37.15 -35.1 2.00241
    endloop
  endfacet
  facet normal -1 -0 0
    outer loop
      vertex 37.15 -35.1 9.1375
      vertex 37.15 -40.1431 2.00241
      vertex 37.15 -40.1431 9.1375
    endloop
  endfacet
  facet normal 0 1 -0
    outer loop
      vertex 38.3476 -35.1 2.45099
      vertex 37.15 -35.1 9.1375
      vertex 38.3476 -35.1 9.1375
    endloop
  endfacet
  facet normal 0 1 0
    outer loop
      vertex 37.899 -35.1 2.00241
      vertex 38.3476 -35.1 2.45099
      vertex 38.3285 -35.1 2.35486
    endloop
  endfacet
  facet normal 0 1 0
    outer loop
      vertex 37.899 -35.1 2.00241
      vertex 38.3285 -35.1 2.35486
      vertex 38.291 -35.1 2.2643
    endloop
  endfacet
  facet normal 0 1 0
    outer loop
      vertex 37.899 -35.1 2.00241
      vertex 38.291 -35.1 2.2643
      vertex 38.2365 -35.1 2.1828
    endloop
  endfacet
  facet normal 0 1 0
    outer loop
      vertex 37.899 -35.1 2.00241
      vertex 38.2365 -35.1 2.1828
      vertex 38.1672 -35.1 2.11349
    endloop
  endfacet
  facet normal 0 1 0
    outer loop
      vertex 37.899 -35.1 2.00241
      vertex 38.1672 -35.1 2.11349
      vertex 38.0857 -35.1 2.05904
    endloop
  endfacet
  facet normal 0 1 0
    outer loop
      vertex 37.899 -35.1 2.00241
      vertex 38.0857 -35.1 2.05904
      vertex 37.9951 -35.1 2.02153
    endloop
  endfacet
  facet normal 0 1 0
    outer loop
      vertex 38.3476 -35.1 2.45099
      vertex 37.899 -35.1 2.00241
      vertex 37.15 -35.1 2.00241
    endloop
  endfacet
  facet normal 0 1 0
    outer loop
      vertex 38.3476 -35.1 2.45099
      vertex 37.15 -35.1 2.00241
      vertex 37.15 -35.1 9.1375
    endloop
  endfacet
  facet normal -0.965929 0.258807 0
    outer loop
      vertex -32.5805 -38.5442 2
      vertex -34.0691 -44.1 2
      vertex -32.5805 -38.5442 2.00241
    endloop
  endfacet
  facet normal 0 0 1
    outer loop
      vertex -35.4079 -49.0964 2
      vertex -34.0691 -44.1 2
      vertex -32.5805 -38.5442 2
    endloop
  endfacet
  facet normal -0.965929 0.258807 0
    outer loop
      vertex -32.5805 -38.5442 2.00241
      vertex -34.0691 -44.1 2
      vertex -34.0691 -44.1 2.00241
    endloop
  endfacet
  facet normal 0.965925 -0.258822 0
    outer loop
      vertex -37.15 -40.1431 9.1375
      vertex -38.35 -44.6215 9.1375
      vertex -37.15 -40.1431 2.00241
    endloop
  endfacet
  facet normal 0.965929 -0.258808 0
    outer loop
      vertex -37.15 -40.1431 2.00241
      vertex -36.4442 -37.5089 2
      vertex -36.4442 -37.5089 2.00241
    endloop
  endfacet
  facet normal 0.965928 -0.25881 0
    outer loop
      vertex -39.549 -49.0964 2
      vertex -38.35 -44.6215 9.1375
      vertex -39.549 -49.0964 9.1375
    endloop
  endfacet
  facet normal 0.965902 -0.258808 -0.00714797
    outer loop
      vertex -37.15 -40.1431 2.00241
      vertex -39.549 -49.0964 2
      vertex -36.4442 -37.5089 2
    endloop
  endfacet
  facet normal 0.965927 -0.258816 4.20879e-06
    outer loop
      vertex -38.35 -44.6215 9.1375
      vertex -39.549 -49.0964 2
      vertex -37.15 -40.1431 2.00241
    endloop
  endfacet
  facet normal -0.258825 -0.965924 0
    outer loop
      vertex -36.4442 -37.5089 2
      vertex -32.5805 -38.5442 2.00241
      vertex -36.4442 -37.5089 2.00241
    endloop
  endfacet
  facet normal -0.258825 -0.965924 -0
    outer loop
      vertex -32.5805 -38.5442 2.00241
      vertex -36.4442 -37.5089 2
      vertex -32.5805 -38.5442 2
    endloop
  endfacet
  facet normal -0.965929 -0.258808 0
    outer loop
      vertex 36.4442 -37.5089 2
      vertex 37.15 -40.1431 2.00241
      vertex 36.4442 -37.5089 2.00241
    endloop
  endfacet
  facet normal -0.965925 -0.258822 0
    outer loop
      vertex 37.15 -40.1431 2.00241
      vertex 38.35 -44.6215 9.1375
      vertex 37.15 -40.1431 9.1375
    endloop
  endfacet
  facet normal -0.965902 -0.258808 -0.00714797
    outer loop
      vertex 39.549 -49.0964 2
      vertex 37.15 -40.1431 2.00241
      vertex 36.4442 -37.5089 2
    endloop
  endfacet
  facet normal -0.965927 -0.258816 4.20879e-06
    outer loop
      vertex 39.549 -49.0964 2
      vertex 38.35 -44.6215 9.1375
      vertex 37.15 -40.1431 2.00241
    endloop
  endfacet
  facet normal -0.965928 -0.25881 0
    outer loop
      vertex 38.35 -44.6215 9.1375
      vertex 39.549 -49.0964 2
      vertex 39.549 -49.0964 9.1375
    endloop
  endfacet
  facet normal 0.258825 -0.965924 0
    outer loop
      vertex 32.5805 -38.5442 2
      vertex 36.4442 -37.5089 2.00241
      vertex 32.5805 -38.5442 2.00241
    endloop
  endfacet
  facet normal 0.258825 -0.965924 0
    outer loop
      vertex 36.4442 -37.5089 2.00241
      vertex 32.5805 -38.5442 2
      vertex 36.4442 -37.5089 2
    endloop
  endfacet
  facet normal 0.965929 0.258807 0
    outer loop
      vertex 34.0691 -44.1 2.00241
      vertex 32.5805 -38.5442 2
      vertex 32.5805 -38.5442 2.00241
    endloop
  endfacet
  facet normal 0.965929 0.258807 -0
    outer loop
      vertex 34.0691 -44.1 2
      vertex 32.5805 -38.5442 2
      vertex 34.0691 -44.1 2.00241
    endloop
  endfacet
  facet normal -0 -0 1
    outer loop
      vertex 34.0691 -44.1 2
      vertex 35.4079 -49.0964 2
      vertex 32.5805 -38.5442 2
    endloop
  endfacet
  facet normal -0.47139 0.881925 0
    outer loop
      vertex -40.5768 -35.8612 0
      vertex -42.3057 -36.7853 0.2
      vertex -40.5768 -35.8612 0.2
    endloop
  endfacet
  facet normal -0.47139 0.881925 0
    outer loop
      vertex -42.3057 -36.7853 0.2
      vertex -40.5768 -35.8612 0
      vertex -42.3057 -36.7853 0
    endloop
  endfacet
  facet normal 0.956933 0.290309 0
    outer loop
      vertex -26.9421 -43.1491 0.0036108
      vertex -27.5112 -41.2732 0
      vertex -27.5112 -41.2732 0.0036108
    endloop
  endfacet
  facet normal 0.956933 0.290309 0
    outer loop
      vertex -27.5112 -41.2732 0
      vertex -26.9421 -43.1491 0.0036108
      vertex -26.9421 -43.1491 0
    endloop
  endfacet
  facet normal 0.290309 -0.956933 0
    outer loop
      vertex -34.7991 -54.9079 0
      vertex -32.9232 -54.3388 0.2
      vertex -34.7991 -54.9079 0.2
    endloop
  endfacet
  facet normal 0.290309 -0.956933 0
    outer loop
      vertex -32.9232 -54.3388 0.2
      vertex -34.7991 -54.9079 0
      vertex -32.9232 -54.3388 0
    endloop
  endfacet
  facet normal 0.47139 -0.881925 0
    outer loop
      vertex -32.9232 -54.3388 0
      vertex -31.1943 -53.4147 0.2
      vertex -32.9232 -54.3388 0.2
    endloop
  endfacet
  facet normal 0.47139 -0.881925 0
    outer loop
      vertex -31.1943 -53.4147 0.2
      vertex -32.9232 -54.3388 0
      vertex -31.1943 -53.4147 0
    endloop
  endfacet
  facet normal -0.773025 -0.634376 0
    outer loop
      vertex -43.8211 -52.1711 0
      vertex -45.0647 -50.6557 0.2
      vertex -45.0647 -50.6557 0
    endloop
  endfacet
  facet normal -0.773025 -0.634376 0
    outer loop
      vertex -45.0647 -50.6557 0.2
      vertex -43.8211 -52.1711 0
      vertex -43.8211 -52.1711 0.2
    endloop
  endfacet
  facet normal 0.0979935 -0.995187 0
    outer loop
      vertex -36.75 -55.1 0
      vertex -34.7991 -54.9079 0.2
      vertex -36.75 -55.1 0.2
    endloop
  endfacet
  facet normal 0.0979935 -0.995187 0
    outer loop
      vertex -34.7991 -54.9079 0.2
      vertex -36.75 -55.1 0
      vertex -34.7991 -54.9079 0
    endloop
  endfacet
  facet normal -0.634376 -0.773025 0
    outer loop
      vertex -43.8211 -52.1711 0
      vertex -42.3057 -53.4147 0.2
      vertex -43.8211 -52.1711 0.2
    endloop
  endfacet
  facet normal -0.634376 -0.773025 -0
    outer loop
      vertex -42.3057 -53.4147 0.2
      vertex -43.8211 -52.1711 0
      vertex -42.3057 -53.4147 0
    endloop
  endfacet
  facet normal -0.995187 0.0979935 0
    outer loop
      vertex -46.75 -45.1 0
      vertex -46.5579 -43.1491 0.2
      vertex -46.5579 -43.1491 0
    endloop
  endfacet
  facet normal -0.995187 0.0979935 0
    outer loop
      vertex -46.5579 -43.1491 0.2
      vertex -46.75 -45.1 0
      vertex -46.75 -45.1 0.2
    endloop
  endfacet
  facet normal 0 0 -1
    outer loop
      vertex -26.9421 -47.0509 0
      vertex -26.9421 -43.1491 0
      vertex -26.75 -45.1 0
    endloop
  endfacet
  facet normal 0 0 -1
    outer loop
      vertex -27.5112 -48.9268 0
      vertex -26.9421 -43.1491 0
      vertex -26.9421 -47.0509 0
    endloop
  endfacet
  facet normal 0 0 -1
    outer loop
      vertex -27.5112 -48.9268 0
      vertex -27.5112 -41.2732 0
      vertex -26.9421 -43.1491 0
    endloop
  endfacet
  facet normal 0 0 -1
    outer loop
      vertex -28.4353 -50.6557 0
      vertex -27.5112 -41.2732 0
      vertex -27.5112 -48.9268 0
    endloop
  endfacet
  facet normal 0 0 -1
    outer loop
      vertex -28.4353 -50.6557 0
      vertex -28.4353 -39.5443 0
      vertex -27.5112 -41.2732 0
    endloop
  endfacet
  facet normal 0 0 -1
    outer loop
      vertex -29.6789 -52.1711 0
      vertex -28.4353 -39.5443 0
      vertex -28.4353 -50.6557 0
    endloop
  endfacet
  facet normal 0 0 -1
    outer loop
      vertex -29.6789 -52.1711 0
      vertex -29.6789 -38.0289 0
      vertex -28.4353 -39.5443 0
    endloop
  endfacet
  facet normal 0 0 -1
    outer loop
      vertex -31.1943 -53.4147 0
      vertex -29.6789 -38.0289 0
      vertex -29.6789 -52.1711 0
    endloop
  endfacet
  facet normal 0 0 -1
    outer loop
      vertex -31.1943 -53.4147 0
      vertex -31.1943 -36.7853 0
      vertex -29.6789 -38.0289 0
    endloop
  endfacet
  facet normal 0 0 -1
    outer loop
      vertex -32.9232 -54.3388 0
      vertex -31.1943 -36.7853 0
      vertex -31.1943 -53.4147 0
    endloop
  endfacet
  facet normal 0 0 -1
    outer loop
      vertex -32.9232 -54.3388 0
      vertex -32.9232 -35.8612 0
      vertex -31.1943 -36.7853 0
    endloop
  endfacet
  facet normal 0 0 -1
    outer loop
      vertex -34.7991 -54.9079 0
      vertex -32.9232 -35.8612 0
      vertex -32.9232 -54.3388 0
    endloop
  endfacet
  facet normal 0 0 -1
    outer loop
      vertex -34.7991 -54.9079 0
      vertex -34.7991 -35.2921 0
      vertex -32.9232 -35.8612 0
    endloop
  endfacet
  facet normal 0 0 -1
    outer loop
      vertex -36.75 -55.1 0
      vertex -34.7991 -35.2921 0
      vertex -34.7991 -54.9079 0
    endloop
  endfacet
  facet normal 0 0 -1
    outer loop
      vertex -36.75 -55.1 0
      vertex -36.75 -35.1 0
      vertex -34.7991 -35.2921 0
    endloop
  endfacet
  facet normal 0 0 -1
    outer loop
      vertex -38.7009 -54.9079 0
      vertex -36.75 -35.1 0
      vertex -36.75 -55.1 0
    endloop
  endfacet
  facet normal 0 0 -1
    outer loop
      vertex -38.7009 -54.9079 0
      vertex -38.7009 -35.2921 0
      vertex -36.75 -35.1 0
    endloop
  endfacet
  facet normal 0 0 -1
    outer loop
      vertex -40.5768 -54.3388 0
      vertex -38.7009 -35.2921 0
      vertex -38.7009 -54.9079 0
    endloop
  endfacet
  facet normal 0 0 -1
    outer loop
      vertex -40.5768 -54.3388 0
      vertex -40.5768 -35.8612 0
      vertex -38.7009 -35.2921 0
    endloop
  endfacet
  facet normal 0 0 -1
    outer loop
      vertex -42.3057 -53.4147 0
      vertex -40.5768 -35.8612 0
      vertex -40.5768 -54.3388 0
    endloop
  endfacet
  facet normal 0 0 -1
    outer loop
      vertex -42.3057 -53.4147 0
      vertex -42.3057 -36.7853 0
      vertex -40.5768 -35.8612 0
    endloop
  endfacet
  facet normal 0 0 -1
    outer loop
      vertex -43.8211 -52.1711 0
      vertex -42.3057 -36.7853 0
      vertex -42.3057 -53.4147 0
    endloop
  endfacet
  facet normal 0 0 -1
    outer loop
      vertex -43.8211 -52.1711 0
      vertex -43.8211 -38.0289 0
      vertex -42.3057 -36.7853 0
    endloop
  endfacet
  facet normal 0 0 -1
    outer loop
      vertex -45.0647 -50.6557 0
      vertex -43.8211 -38.0289 0
      vertex -43.8211 -52.1711 0
    endloop
  endfacet
  facet normal 0 0 -1
    outer loop
      vertex -45.0647 -50.6557 0
      vertex -45.0647 -39.5443 0
      vertex -43.8211 -38.0289 0
    endloop
  endfacet
  facet normal 0 0 -1
    outer loop
      vertex -45.9888 -48.9268 0
      vertex -45.0647 -39.5443 0
      vertex -45.0647 -50.6557 0
    endloop
  endfacet
  facet normal 0 0 -1
    outer loop
      vertex -45.9888 -48.9268 0
      vertex -45.9888 -41.2732 0
      vertex -45.0647 -39.5443 0
    endloop
  endfacet
  facet normal 0 0 -1
    outer loop
      vertex -46.5579 -47.0509 0
      vertex -45.9888 -41.2732 0
      vertex -45.9888 -48.9268 0
    endloop
  endfacet
  facet normal 0 0 -1
    outer loop
      vertex -46.5579 -47.0509 0
      vertex -46.5579 -43.1491 0
      vertex -45.9888 -41.2732 0
    endloop
  endfacet
  facet normal 0 -0 -1
    outer loop
      vertex -46.5579 -43.1491 0
      vertex -46.5579 -47.0509 0
      vertex -46.75 -45.1 0
    endloop
  endfacet
  facet normal 0.290309 0.956933 -0
    outer loop
      vertex -32.9232 -35.8612 0
      vertex -34.7991 -35.2921 0.0036108
      vertex -32.9232 -35.8612 0.0036108
    endloop
  endfacet
  facet normal 0.290309 0.956933 0
    outer loop
      vertex -34.7991 -35.2921 0.0036108
      vertex -32.9232 -35.8612 0
      vertex -34.7991 -35.2921 0
    endloop
  endfacet
  facet normal -0.47139 -0.881925 0
    outer loop
      vertex -42.3057 -53.4147 0
      vertex -40.5768 -54.3388 0.2
      vertex -42.3057 -53.4147 0.2
    endloop
  endfacet
  facet normal -0.47139 -0.881925 -0
    outer loop
      vertex -40.5768 -54.3388 0.2
      vertex -42.3057 -53.4147 0
      vertex -40.5768 -54.3388 0
    endloop
  endfacet
  facet normal -0.956933 0.290309 0
    outer loop
      vertex -46.5579 -43.1491 0
      vertex -45.9888 -41.2732 0.2
      vertex -45.9888 -41.2732 0
    endloop
  endfacet
  facet normal -0.956933 0.290309 0
    outer loop
      vertex -45.9888 -41.2732 0.2
      vertex -46.5579 -43.1491 0
      vertex -46.5579 -43.1491 0.2
    endloop
  endfacet
  facet normal -0.956933 -0.290309 0
    outer loop
      vertex -45.9888 -48.9268 0
      vertex -46.5579 -47.0509 0.2
      vertex -46.5579 -47.0509 0
    endloop
  endfacet
  facet normal -0.956933 -0.290309 0
    outer loop
      vertex -46.5579 -47.0509 0.2
      vertex -45.9888 -48.9268 0
      vertex -45.9888 -48.9268 0.2
    endloop
  endfacet
  facet normal 0.634376 0.773025 -0
    outer loop
      vertex -29.6789 -38.0289 0
      vertex -31.1943 -36.7853 0.0036108
      vertex -29.6789 -38.0289 0.0036108
    endloop
  endfacet
  facet normal 0.634376 0.773025 0
    outer loop
      vertex -31.1943 -36.7853 0.0036108
      vertex -29.6789 -38.0289 0
      vertex -31.1943 -36.7853 0
    endloop
  endfacet
  facet normal 0.773025 -0.634376 0
    outer loop
      vertex -29.6789 -52.1711 0.2
      vertex -28.4353 -50.6557 0
      vertex -28.4353 -50.6557 0.2
    endloop
  endfacet
  facet normal 0.773025 -0.634376 0
    outer loop
      vertex -28.4353 -50.6557 0
      vertex -29.6789 -52.1711 0.2
      vertex -29.6789 -52.1711 0
    endloop
  endfacet
  facet normal 0.881925 0.47139 0
    outer loop
      vertex -27.5112 -41.2732 0.0036108
      vertex -28.4353 -39.5443 0
      vertex -28.4353 -39.5443 0.0036108
    endloop
  endfacet
  facet normal 0.881925 0.47139 0
    outer loop
      vertex -28.4353 -39.5443 0
      vertex -27.5112 -41.2732 0.0036108
      vertex -27.5112 -41.2732 0
    endloop
  endfacet
  facet normal 0.0979935 0.995187 -0
    outer loop
      vertex -34.7991 -35.2921 0
      vertex -36.75 -35.1 0.0036108
      vertex -34.7991 -35.2921 0.0036108
    endloop
  endfacet
  facet normal 0.0979935 0.995187 0
    outer loop
      vertex -36.75 -35.1 0.0036108
      vertex -34.7991 -35.2921 0
      vertex -36.75 -35.1 0
    endloop
  endfacet
  facet normal 0.995187 0.0979935 0
    outer loop
      vertex -26.75 -45.1 0.0036108
      vertex -26.9421 -43.1491 0
      vertex -26.9421 -43.1491 0.0036108
    endloop
  endfacet
  facet normal 0.995187 0.0979935 0
    outer loop
      vertex -26.9421 -43.1491 0
      vertex -26.75 -45.1 0.0036108
      vertex -26.75 -45.1 0
    endloop
  endfacet
  facet normal 0.881925 -0.47139 0
    outer loop
      vertex -28.4353 -50.6557 0.2
      vertex -27.5112 -48.9268 0
      vertex -27.5112 -48.9268 0.2
    endloop
  endfacet
  facet normal 0.881925 -0.47139 0
    outer loop
      vertex -27.5112 -48.9268 0
      vertex -28.4353 -50.6557 0.2
      vertex -28.4353 -50.6557 0
    endloop
  endfacet
  facet normal -0.290301 0.956935 0
    outer loop
      vertex -38.7009 -35.2921 0.0036108
      vertex -38.7009 -35.2921 0
      vertex -40.0735 -35.7085 0.0036108
    endloop
  endfacet
  facet normal -0.290306 0.956933 -0.00130074
    outer loop
      vertex -40.4758 -35.8306 0.170242
      vertex -40.5768 -35.8612 0.2
      vertex -40.5056 -35.8396 0.2
    endloop
  endfacet
  facet normal -0.290195 0.956968 0.000155376
    outer loop
      vertex -40.5768 -35.8612 0
      vertex -40.4758 -35.8306 0.170242
      vertex -40.3535 -35.7935 0.0885584
    endloop
  endfacet
  facet normal -0.289955 0.95704 0
    outer loop
      vertex -40.4758 -35.8306 0.170242
      vertex -40.5768 -35.8612 0
      vertex -40.5768 -35.8612 0.2
    endloop
  endfacet
  facet normal -0.290227 0.956958 0.000245175
    outer loop
      vertex -40.2177 -35.7523 0.0322945
      vertex -40.5768 -35.8612 0
      vertex -40.3535 -35.7935 0.0885584
    endloop
  endfacet
  facet normal -0.290339 0.956922 0.00161223
    outer loop
      vertex -40.0735 -35.7085 0.0036108
      vertex -40.5768 -35.8612 0
      vertex -40.2177 -35.7523 0.0322945
    endloop
  endfacet
  facet normal -0.290308 0.956928 -0.00309393
    outer loop
      vertex -40.5768 -35.8612 0
      vertex -40.0735 -35.7085 0.0036108
      vertex -38.7009 -35.2921 0
    endloop
  endfacet
  facet normal -0.0979935 0.995187 0
    outer loop
      vertex -36.75 -35.1 0
      vertex -38.7009 -35.2921 0.0036108
      vertex -36.75 -35.1 0.0036108
    endloop
  endfacet
  facet normal -0.0979935 0.995187 0
    outer loop
      vertex -38.7009 -35.2921 0.0036108
      vertex -36.75 -35.1 0
      vertex -38.7009 -35.2921 0
    endloop
  endfacet
  facet normal -0.290309 -0.956933 0
    outer loop
      vertex -40.5768 -54.3388 0
      vertex -38.7009 -54.9079 0.2
      vertex -40.5768 -54.3388 0.2
    endloop
  endfacet
  facet normal -0.290309 -0.956933 -0
    outer loop
      vertex -38.7009 -54.9079 0.2
      vertex -40.5768 -54.3388 0
      vertex -38.7009 -54.9079 0
    endloop
  endfacet
  facet normal 0.995187 -0.0979935 0
    outer loop
      vertex -26.9421 -47.0509 0.0036108
      vertex -26.75 -45.1 0
      vertex -26.75 -45.1 0.0036108
    endloop
  endfacet
  facet normal 0.995187 -0.0979935 0
    outer loop
      vertex -26.75 -45.1 0
      vertex -26.9421 -47.0509 0.0036108
      vertex -26.9421 -47.0509 0
    endloop
  endfacet
  facet normal -0.881925 0.47139 0
    outer loop
      vertex -45.9888 -41.2732 0
      vertex -45.0647 -39.5443 0.2
      vertex -45.0647 -39.5443 0
    endloop
  endfacet
  facet normal -0.881925 0.47139 0
    outer loop
      vertex -45.0647 -39.5443 0.2
      vertex -45.9888 -41.2732 0
      vertex -45.9888 -41.2732 0.2
    endloop
  endfacet
  facet normal -0.634376 0.773025 0
    outer loop
      vertex -42.3057 -36.7853 0
      vertex -43.8211 -38.0289 0.2
      vertex -42.3057 -36.7853 0.2
    endloop
  endfacet
  facet normal -0.634376 0.773025 0
    outer loop
      vertex -43.8211 -38.0289 0.2
      vertex -42.3057 -36.7853 0
      vertex -43.8211 -38.0289 0
    endloop
  endfacet
  facet normal 0.773025 0.634376 0
    outer loop
      vertex -28.4353 -39.5443 0.0036108
      vertex -29.6789 -38.0289 0
      vertex -29.6789 -38.0289 0.0036108
    endloop
  endfacet
  facet normal 0.773025 0.634376 0
    outer loop
      vertex -29.6789 -38.0289 0
      vertex -28.4353 -39.5443 0.0036108
      vertex -28.4353 -39.5443 0
    endloop
  endfacet
  facet normal -0.995187 -0.0979935 0
    outer loop
      vertex -46.5579 -47.0509 0
      vertex -46.75 -45.1 0.2
      vertex -46.75 -45.1 0
    endloop
  endfacet
  facet normal -0.995187 -0.0979935 0
    outer loop
      vertex -46.75 -45.1 0.2
      vertex -46.5579 -47.0509 0
      vertex -46.5579 -47.0509 0.2
    endloop
  endfacet
  facet normal 0.956935 -0.290301 0
    outer loop
      vertex -27.3585 -48.4235 0.0036108
      vertex -26.9421 -47.0509 0
      vertex -26.9421 -47.0509 0.0036108
    endloop
  endfacet
  facet normal 0.956933 -0.290306 -0.00130074
    outer loop
      vertex -27.5112 -48.9268 0.2
      vertex -27.4806 -48.8258 0.170242
      vertex -27.4896 -48.8556 0.2
    endloop
  endfacet
  facet normal 0.95704 -0.289955 0
    outer loop
      vertex -27.5112 -48.9268 0
      vertex -27.4806 -48.8258 0.170242
      vertex -27.5112 -48.9268 0.2
    endloop
  endfacet
  facet normal 0.956928 -0.290308 -0.00309393
    outer loop
      vertex -27.3585 -48.4235 0.0036108
      vertex -27.5112 -48.9268 0
      vertex -26.9421 -47.0509 0
    endloop
  endfacet
  facet normal 0.956922 -0.290339 0.00161223
    outer loop
      vertex -27.4023 -48.5677 0.0322945
      vertex -27.5112 -48.9268 0
      vertex -27.3585 -48.4235 0.0036108
    endloop
  endfacet
  facet normal 0.956958 -0.290227 0.000245175
    outer loop
      vertex -27.4435 -48.7035 0.0885584
      vertex -27.5112 -48.9268 0
      vertex -27.4023 -48.5677 0.0322945
    endloop
  endfacet
  facet normal 0.956968 -0.290195 0.000155376
    outer loop
      vertex -27.4806 -48.8258 0.170242
      vertex -27.5112 -48.9268 0
      vertex -27.4435 -48.7035 0.0885584
    endloop
  endfacet
  facet normal -0.773025 0.634376 0
    outer loop
      vertex -45.0647 -39.5443 0
      vertex -43.8211 -38.0289 0.2
      vertex -43.8211 -38.0289 0
    endloop
  endfacet
  facet normal -0.773025 0.634376 0
    outer loop
      vertex -43.8211 -38.0289 0.2
      vertex -45.0647 -39.5443 0
      vertex -45.0647 -39.5443 0.2
    endloop
  endfacet
  facet normal -0.0979935 -0.995187 0
    outer loop
      vertex -38.7009 -54.9079 0
      vertex -36.75 -55.1 0.2
      vertex -38.7009 -54.9079 0.2
    endloop
  endfacet
  facet normal -0.0979935 -0.995187 -0
    outer loop
      vertex -36.75 -55.1 0.2
      vertex -38.7009 -54.9079 0
      vertex -36.75 -55.1 0
    endloop
  endfacet
  facet normal 0.47139 0.881925 -0
    outer loop
      vertex -31.1943 -36.7853 0
      vertex -32.9232 -35.8612 0.0036108
      vertex -31.1943 -36.7853 0.0036108
    endloop
  endfacet
  facet normal 0.47139 0.881925 0
    outer loop
      vertex -32.9232 -35.8612 0.0036108
      vertex -31.1943 -36.7853 0
      vertex -32.9232 -35.8612 0
    endloop
  endfacet
  facet normal -0.881925 -0.47139 0
    outer loop
      vertex -45.0647 -50.6557 0
      vertex -45.9888 -48.9268 0.2
      vertex -45.9888 -48.9268 0
    endloop
  endfacet
  facet normal -0.881925 -0.47139 0
    outer loop
      vertex -45.9888 -48.9268 0.2
      vertex -45.0647 -50.6557 0
      vertex -45.0647 -50.6557 0.2
    endloop
  endfacet
  facet normal 0 0 1
    outer loop
      vertex -42.3057 -36.7853 0.2
      vertex -40.5056 -35.8396 0.2
      vertex -40.5768 -35.8612 0.2
    endloop
  endfacet
  facet normal 0 0 1
    outer loop
      vertex -27.4896 -48.8556 0.2
      vertex -28.4353 -50.6557 0.2
      vertex -27.5112 -48.9268 0.2
    endloop
  endfacet
  facet normal -0 0 1
    outer loop
      vertex -40 -48.8556 0.2
      vertex -28.4353 -50.6557 0.2
      vertex -27.4896 -48.8556 0.2
    endloop
  endfacet
  facet normal 0 0 1
    outer loop
      vertex -28.4353 -50.6557 0.2
      vertex -40 -48.8556 0.2
      vertex -29.6789 -52.1711 0.2
    endloop
  endfacet
  facet normal 0 0 1
    outer loop
      vertex -29.6789 -52.1711 0.2
      vertex -40 -48.8556 0.2
      vertex -31.1943 -53.4147 0.2
    endloop
  endfacet
  facet normal 0 0 1
    outer loop
      vertex -31.1943 -53.4147 0.2
      vertex -40 -48.8556 0.2
      vertex -32.9232 -54.3388 0.2
    endloop
  endfacet
  facet normal 0 0 1
    outer loop
      vertex -32.9232 -54.3388 0.2
      vertex -40 -48.8556 0.2
      vertex -34.7991 -54.9079 0.2
    endloop
  endfacet
  facet normal 0 0 1
    outer loop
      vertex -34.7991 -54.9079 0.2
      vertex -40 -48.8556 0.2
      vertex -36.75 -55.1 0.2
    endloop
  endfacet
  facet normal 0 0 1
    outer loop
      vertex -36.75 -55.1 0.2
      vertex -40 -48.8556 0.2
      vertex -38.7009 -54.9079 0.2
    endloop
  endfacet
  facet normal 0 0 1
    outer loop
      vertex -42.3057 -53.4147 0.2
      vertex -40 -48.8556 0.2
      vertex -40.0324 -48.8524 0.2
    endloop
  endfacet
  facet normal 0 0 1
    outer loop
      vertex -42.3057 -53.4147 0.2
      vertex -40.0324 -48.8524 0.2
      vertex -40.0986 -48.8458 0.2
    endloop
  endfacet
  facet normal 0 0 1
    outer loop
      vertex -42.3057 -53.4147 0.2
      vertex -40.0986 -48.8458 0.2
      vertex -40.1623 -48.8265 0.2
    endloop
  endfacet
  facet normal 0 0 1
    outer loop
      vertex -42.3057 -53.4147 0.2
      vertex -40.1623 -48.8265 0.2
      vertex -40.1935 -48.8171 0.2
    endloop
  endfacet
  facet normal 0 0 1
    outer loop
      vertex -42.3057 -53.4147 0.2
      vertex -40.1935 -48.8171 0.2
      vertex -40.2222 -48.8017 0.2
    endloop
  endfacet
  facet normal 0 0 1
    outer loop
      vertex -42.3057 -53.4147 0.2
      vertex -40.2222 -48.8017 0.2
      vertex -40.2809 -48.7704 0.2
    endloop
  endfacet
  facet normal 0 0 1
    outer loop
      vertex -43.8211 -52.1711 0.2
      vertex -40.2809 -48.7704 0.2
      vertex -40.3323 -48.7281 0.2
    endloop
  endfacet
  facet normal 0 0 1
    outer loop
      vertex -43.8211 -52.1711 0.2
      vertex -40.3323 -48.7281 0.2
      vertex -40.3575 -48.7075 0.2
    endloop
  endfacet
  facet normal 0 0 1
    outer loop
      vertex -43.8211 -52.1711 0.2
      vertex -40.3575 -48.7075 0.2
      vertex -40.3781 -48.6823 0.2
    endloop
  endfacet
  facet normal 0 0 1
    outer loop
      vertex -43.8211 -52.1711 0.2
      vertex -40.3781 -48.6823 0.2
      vertex -40.4204 -48.6309 0.2
    endloop
  endfacet
  facet normal 0 0 1
    outer loop
      vertex -45.0647 -50.6557 0.2
      vertex -40.4204 -48.6309 0.2
      vertex -40.4517 -48.5722 0.2
    endloop
  endfacet
  facet normal 0 0 1
    outer loop
      vertex -45.0647 -50.6557 0.2
      vertex -40.4517 -48.5722 0.2
      vertex -40.4671 -48.5435 0.2
    endloop
  endfacet
  facet normal 0 0 1
    outer loop
      vertex -45.0647 -50.6557 0.2
      vertex -40.4671 -48.5435 0.2
      vertex -40.4765 -48.5123 0.2
    endloop
  endfacet
  facet normal 0 0 1
    outer loop
      vertex -45.0647 -50.6557 0.2
      vertex -40.4765 -48.5123 0.2
      vertex -40.4958 -48.4486 0.2
    endloop
  endfacet
  facet normal 0 0 1
    outer loop
      vertex -40 -48.8556 0.2
      vertex -40.5768 -54.3388 0.2
      vertex -38.7009 -54.9079 0.2
    endloop
  endfacet
  facet normal 0 0 1
    outer loop
      vertex -45.0647 -50.6557 0.2
      vertex -40.4958 -48.4486 0.2
      vertex -40.5024 -48.3824 0.2
    endloop
  endfacet
  facet normal 0 0 1
    outer loop
      vertex -45.0647 -50.6557 0.2
      vertex -40.5024 -48.3824 0.2
      vertex -40.5056 -48.35 0.2
    endloop
  endfacet
  facet normal 0 0 1
    outer loop
      vertex -40.5056 -35.8396 0.2
      vertex -42.3057 -36.7853 0.2
      vertex -40.5056 -48.35 0.2
    endloop
  endfacet
  facet normal -0 0 1
    outer loop
      vertex -43.8211 -38.0289 0.2
      vertex -40.5056 -48.35 0.2
      vertex -42.3057 -36.7853 0.2
    endloop
  endfacet
  facet normal 0 0 1
    outer loop
      vertex -40 -48.8556 0.2
      vertex -42.3057 -53.4147 0.2
      vertex -40.5768 -54.3388 0.2
    endloop
  endfacet
  facet normal -0 0 1
    outer loop
      vertex -45.0647 -39.5443 0.2
      vertex -40.5056 -48.35 0.2
      vertex -43.8211 -38.0289 0.2
    endloop
  endfacet
  facet normal 0 0 1
    outer loop
      vertex -40.2809 -48.7704 0.2
      vertex -43.8211 -52.1711 0.2
      vertex -42.3057 -53.4147 0.2
    endloop
  endfacet
  facet normal -0 0 1
    outer loop
      vertex -45.9888 -41.2732 0.2
      vertex -40.5056 -48.35 0.2
      vertex -45.0647 -39.5443 0.2
    endloop
  endfacet
  facet normal 0 0 1
    outer loop
      vertex -40.4204 -48.6309 0.2
      vertex -45.0647 -50.6557 0.2
      vertex -43.8211 -52.1711 0.2
    endloop
  endfacet
  facet normal -0 0 1
    outer loop
      vertex -46.5579 -43.1491 0.2
      vertex -40.5056 -48.35 0.2
      vertex -45.9888 -41.2732 0.2
    endloop
  endfacet
  facet normal 0 0 1
    outer loop
      vertex -40.5056 -48.35 0.2
      vertex -45.9888 -48.9268 0.2
      vertex -45.0647 -50.6557 0.2
    endloop
  endfacet
  facet normal -0 0 1
    outer loop
      vertex -46.75 -45.1 0.2
      vertex -40.5056 -48.35 0.2
      vertex -46.5579 -43.1491 0.2
    endloop
  endfacet
  facet normal 0 0 1
    outer loop
      vertex -40.5056 -48.35 0.2
      vertex -46.5579 -47.0509 0.2
      vertex -45.9888 -48.9268 0.2
    endloop
  endfacet
  facet normal 0 0 1
    outer loop
      vertex -40.5056 -48.35 0.2
      vertex -46.75 -45.1 0.2
      vertex -46.5579 -47.0509 0.2
    endloop
  endfacet
  facet normal 0.634376 -0.773025 0
    outer loop
      vertex -31.1943 -53.4147 0
      vertex -29.6789 -52.1711 0.2
      vertex -31.1943 -53.4147 0.2
    endloop
  endfacet
  facet normal 0.634376 -0.773025 0
    outer loop
      vertex -29.6789 -52.1711 0.2
      vertex -31.1943 -53.4147 0
      vertex -29.6789 -52.1711 0
    endloop
  endfacet
  facet normal 0.773025 0.634376 0
    outer loop
      vertex -28.4353 58.6557 0.2
      vertex -29.6789 60.1711 0
      vertex -29.6789 60.1711 0.2
    endloop
  endfacet
  facet normal 0.773025 0.634376 0
    outer loop
      vertex -29.6789 60.1711 0
      vertex -28.4353 58.6557 0.2
      vertex -28.4353 58.6557 0
    endloop
  endfacet
  facet normal 0.956933 0.290309 0
    outer loop
      vertex -26.9421 55.0509 0.2
      vertex -27.5112 56.9268 0
      vertex -27.5112 56.9268 0.2
    endloop
  endfacet
  facet normal 0.956933 0.290309 0
    outer loop
      vertex -27.5112 56.9268 0
      vertex -26.9421 55.0509 0.2
      vertex -26.9421 55.0509 0
    endloop
  endfacet
  facet normal 0.290309 -0.956933 0
    outer loop
      vertex -34.7991 43.2921 0
      vertex -32.9232 43.8612 0.0036108
      vertex -34.7991 43.2921 0.0036108
    endloop
  endfacet
  facet normal 0.290309 -0.956933 0
    outer loop
      vertex -32.9232 43.8612 0.0036108
      vertex -34.7991 43.2921 0
      vertex -32.9232 43.8612 0
    endloop
  endfacet
  facet normal 0.0979935 -0.995187 0
    outer loop
      vertex -36.75 43.1 0
      vertex -34.7991 43.2921 0.0036108
      vertex -36.75 43.1 0.0036108
    endloop
  endfacet
  facet normal 0.0979935 -0.995187 0
    outer loop
      vertex -34.7991 43.2921 0.0036108
      vertex -36.75 43.1 0
      vertex -34.7991 43.2921 0
    endloop
  endfacet
  facet normal -0.995187 -0.0979935 0
    outer loop
      vertex -46.5579 51.1491 0
      vertex -46.75 53.1 0.2
      vertex -46.75 53.1 0
    endloop
  endfacet
  facet normal -0.995187 -0.0979935 0
    outer loop
      vertex -46.75 53.1 0.2
      vertex -46.5579 51.1491 0
      vertex -46.5579 51.1491 0.2
    endloop
  endfacet
  facet normal -0.634376 0.773025 0
    outer loop
      vertex -42.3057 61.4147 0
      vertex -43.8211 60.1711 0.2
      vertex -42.3057 61.4147 0.2
    endloop
  endfacet
  facet normal -0.634376 0.773025 0
    outer loop
      vertex -43.8211 60.1711 0.2
      vertex -42.3057 61.4147 0
      vertex -43.8211 60.1711 0
    endloop
  endfacet
  facet normal -0.995187 0.0979935 0
    outer loop
      vertex -46.75 53.1 0
      vertex -46.5579 55.0509 0.2
      vertex -46.5579 55.0509 0
    endloop
  endfacet
  facet normal -0.995187 0.0979935 0
    outer loop
      vertex -46.5579 55.0509 0.2
      vertex -46.75 53.1 0
      vertex -46.75 53.1 0.2
    endloop
  endfacet
  facet normal -0.634376 -0.773025 0
    outer loop
      vertex -43.8211 46.0289 0
      vertex -42.3057 44.7853 0.2
      vertex -43.8211 46.0289 0.2
    endloop
  endfacet
  facet normal -0.634376 -0.773025 -0
    outer loop
      vertex -42.3057 44.7853 0.2
      vertex -43.8211 46.0289 0
      vertex -42.3057 44.7853 0
    endloop
  endfacet
  facet normal 0.634376 0.773025 -0
    outer loop
      vertex -29.6789 60.1711 0
      vertex -31.1943 61.4147 0.2
      vertex -29.6789 60.1711 0.2
    endloop
  endfacet
  facet normal 0.634376 0.773025 0
    outer loop
      vertex -31.1943 61.4147 0.2
      vertex -29.6789 60.1711 0
      vertex -31.1943 61.4147 0
    endloop
  endfacet
  facet normal 0.773025 -0.634376 0
    outer loop
      vertex -29.6789 46.0289 0.0036108
      vertex -28.4353 47.5443 0
      vertex -28.4353 47.5443 0.0036108
    endloop
  endfacet
  facet normal 0.773025 -0.634376 0
    outer loop
      vertex -28.4353 47.5443 0
      vertex -29.6789 46.0289 0.0036108
      vertex -29.6789 46.0289 0
    endloop
  endfacet
  facet normal -0.956933 -0.290309 0
    outer loop
      vertex -45.9888 49.2732 0
      vertex -46.5579 51.1491 0.2
      vertex -46.5579 51.1491 0
    endloop
  endfacet
  facet normal -0.956933 -0.290309 0
    outer loop
      vertex -46.5579 51.1491 0.2
      vertex -45.9888 49.2732 0
      vertex -45.9888 49.2732 0.2
    endloop
  endfacet
  facet normal 0.881925 0.47139 0
    outer loop
      vertex -27.5112 56.9268 0.2
      vertex -28.4353 58.6557 0
      vertex -28.4353 58.6557 0.2
    endloop
  endfacet
  facet normal 0.881925 0.47139 0
    outer loop
      vertex -28.4353 58.6557 0
      vertex -27.5112 56.9268 0.2
      vertex -27.5112 56.9268 0
    endloop
  endfacet
  facet normal 0.290309 0.956933 -0
    outer loop
      vertex -32.9232 62.3388 0
      vertex -34.7991 62.9079 0.2
      vertex -32.9232 62.3388 0.2
    endloop
  endfacet
  facet normal 0.290309 0.956933 0
    outer loop
      vertex -34.7991 62.9079 0.2
      vertex -32.9232 62.3388 0
      vertex -34.7991 62.9079 0
    endloop
  endfacet
  facet normal 0.0979935 0.995187 -0
    outer loop
      vertex -34.7991 62.9079 0
      vertex -36.75 63.1 0.2
      vertex -34.7991 62.9079 0.2
    endloop
  endfacet
  facet normal 0.0979935 0.995187 0
    outer loop
      vertex -36.75 63.1 0.2
      vertex -34.7991 62.9079 0
      vertex -36.75 63.1 0
    endloop
  endfacet
  facet normal 0.995187 0.0979935 0
    outer loop
      vertex -26.75 53.1 0.2
      vertex -26.9421 55.0509 0
      vertex -26.9421 55.0509 0.2
    endloop
  endfacet
  facet normal 0.995187 0.0979935 0
    outer loop
      vertex -26.9421 55.0509 0
      vertex -26.75 53.1 0.2
      vertex -26.75 53.1 0
    endloop
  endfacet
  facet normal -0.0979935 0.995187 0
    outer loop
      vertex -36.75 63.1 0
      vertex -38.7009 62.9079 0.2
      vertex -36.75 63.1 0.2
    endloop
  endfacet
  facet normal -0.0979935 0.995187 0
    outer loop
      vertex -38.7009 62.9079 0.2
      vertex -36.75 63.1 0
      vertex -38.7009 62.9079 0
    endloop
  endfacet
  facet normal 0.47139 0.881925 -0
    outer loop
      vertex -31.1943 61.4147 0
      vertex -32.9232 62.3388 0.2
      vertex -31.1943 61.4147 0.2
    endloop
  endfacet
  facet normal 0.47139 0.881925 0
    outer loop
      vertex -32.9232 62.3388 0.2
      vertex -31.1943 61.4147 0
      vertex -32.9232 62.3388 0
    endloop
  endfacet
  facet normal 0.634376 -0.773025 0
    outer loop
      vertex -31.1943 44.7853 0
      vertex -29.6789 46.0289 0.0036108
      vertex -31.1943 44.7853 0.0036108
    endloop
  endfacet
  facet normal 0.634376 -0.773025 0
    outer loop
      vertex -29.6789 46.0289 0.0036108
      vertex -31.1943 44.7853 0
      vertex -29.6789 46.0289 0
    endloop
  endfacet
  facet normal 0.995187 -0.0979935 0
    outer loop
      vertex -26.9421 51.1491 0.2
      vertex -26.75 53.1 0
      vertex -26.75 53.1 0.2
    endloop
  endfacet
  facet normal 0.995187 -0.0979935 0
    outer loop
      vertex -26.75 53.1 0
      vertex -26.9421 51.1491 0.2
      vertex -26.9421 51.1491 0
    endloop
  endfacet
  facet normal -0.773025 0.634376 0
    outer loop
      vertex -45.0647 58.6557 0
      vertex -43.8211 60.1711 0.2
      vertex -43.8211 60.1711 0
    endloop
  endfacet
  facet normal -0.773025 0.634376 0
    outer loop
      vertex -43.8211 60.1711 0.2
      vertex -45.0647 58.6557 0
      vertex -45.0647 58.6557 0.2
    endloop
  endfacet
  facet normal 0.47139 -0.881925 0
    outer loop
      vertex -32.9232 43.8612 0
      vertex -31.1943 44.7853 0.0036108
      vertex -32.9232 43.8612 0.0036108
    endloop
  endfacet
  facet normal 0.47139 -0.881925 0
    outer loop
      vertex -31.1943 44.7853 0.0036108
      vertex -32.9232 43.8612 0
      vertex -31.1943 44.7853 0
    endloop
  endfacet
  facet normal -0.47139 -0.881925 0
    outer loop
      vertex -42.3057 44.7853 0
      vertex -40.5768 43.8612 0.2
      vertex -42.3057 44.7853 0.2
    endloop
  endfacet
  facet normal -0.47139 -0.881925 -0
    outer loop
      vertex -40.5768 43.8612 0.2
      vertex -42.3057 44.7853 0
      vertex -40.5768 43.8612 0
    endloop
  endfacet
  facet normal -0.290306 -0.956933 -0.00130074
    outer loop
      vertex -40.5768 43.8612 0.2
      vertex -40.4758 43.8306 0.170242
      vertex -40.5056 43.8396 0.2
    endloop
  endfacet
  facet normal -0.289955 -0.95704 0
    outer loop
      vertex -40.5768 43.8612 0
      vertex -40.4758 43.8306 0.170242
      vertex -40.5768 43.8612 0.2
    endloop
  endfacet
  facet normal -0.290195 -0.956968 0.000155376
    outer loop
      vertex -40.4758 43.8306 0.170242
      vertex -40.5768 43.8612 0
      vertex -40.3535 43.7935 0.0885584
    endloop
  endfacet
  facet normal -0.290227 -0.956958 0.000245175
    outer loop
      vertex -40.5768 43.8612 0
      vertex -40.2177 43.7523 0.0322945
      vertex -40.3535 43.7935 0.0885584
    endloop
  endfacet
  facet normal -0.290339 -0.956922 0.00161223
    outer loop
      vertex -40.5768 43.8612 0
      vertex -40.0735 43.7085 0.0036108
      vertex -40.2177 43.7523 0.0322945
    endloop
  endfacet
  facet normal -0.290308 -0.956928 -0.00309393
    outer loop
      vertex -38.7009 43.2921 0
      vertex -40.0735 43.7085 0.0036108
      vertex -40.5768 43.8612 0
    endloop
  endfacet
  facet normal -0.290301 -0.956935 0
    outer loop
      vertex -40.0735 43.7085 0.0036108
      vertex -38.7009 43.2921 0
      vertex -38.7009 43.2921 0.0036108
    endloop
  endfacet
  facet normal -0.956933 0.290309 0
    outer loop
      vertex -46.5579 55.0509 0
      vertex -45.9888 56.9268 0.2
      vertex -45.9888 56.9268 0
    endloop
  endfacet
  facet normal -0.956933 0.290309 0
    outer loop
      vertex -45.9888 56.9268 0.2
      vertex -46.5579 55.0509 0
      vertex -46.5579 55.0509 0.2
    endloop
  endfacet
  facet normal 0.956933 -0.290309 0
    outer loop
      vertex -27.5112 49.2732 0.2
      vertex -26.9421 51.1491 0
      vertex -26.9421 51.1491 0.2
    endloop
  endfacet
  facet normal 0.956933 -0.290309 0
    outer loop
      vertex -26.9421 51.1491 0
      vertex -27.5112 49.2732 0.2
      vertex -27.5112 49.2732 0
    endloop
  endfacet
  facet normal 0.881932 -0.471377 0
    outer loop
      vertex -27.7344 48.8556 0.2
      vertex -27.5112 49.2732 0
      vertex -27.5112 49.2732 0.2
    endloop
  endfacet
  facet normal 0.882042 -0.471171 0.000552627
    outer loop
      vertex -27.7503 48.8258 0.170242
      vertex -27.5112 49.2732 0
      vertex -27.7344 48.8556 0.2
    endloop
  endfacet
  facet normal 0.88191 -0.471417 -0.000277183
    outer loop
      vertex -27.8157 48.7035 0.0885584
      vertex -27.5112 49.2732 0
      vertex -27.7503 48.8258 0.170242
    endloop
  endfacet
  facet normal 0.881917 -0.471406 -0.000182466
    outer loop
      vertex -27.8883 48.5677 0.0322945
      vertex -27.5112 49.2732 0
      vertex -27.8157 48.7035 0.0885584
    endloop
  endfacet
  facet normal 0.881909 -0.471419 -0.000574991
    outer loop
      vertex -27.9654 48.4235 0.0036108
      vertex -27.5112 49.2732 0
      vertex -27.8883 48.5677 0.0322945
    endloop
  endfacet
  facet normal 0.881939 -0.471364 0
    outer loop
      vertex -28.4353 47.5443 0
      vertex -27.9654 48.4235 0.0036108
      vertex -28.4353 47.5443 0.0036108
    endloop
  endfacet
  facet normal 0.881894 -0.471374 0.00827971
    outer loop
      vertex -27.9654 48.4235 0.0036108
      vertex -28.4353 47.5443 0
      vertex -27.5112 49.2732 0
    endloop
  endfacet
  facet normal -0.47139 0.881925 0
    outer loop
      vertex -40.5768 62.3388 0
      vertex -42.3057 61.4147 0.2
      vertex -40.5768 62.3388 0.2
    endloop
  endfacet
  facet normal -0.47139 0.881925 0
    outer loop
      vertex -42.3057 61.4147 0.2
      vertex -40.5768 62.3388 0
      vertex -42.3057 61.4147 0
    endloop
  endfacet
  facet normal 0 0 -1
    outer loop
      vertex -26.9421 51.1491 0
      vertex -26.9421 55.0509 0
      vertex -26.75 53.1 0
    endloop
  endfacet
  facet normal 0 0 -1
    outer loop
      vertex -27.5112 49.2732 0
      vertex -26.9421 55.0509 0
      vertex -26.9421 51.1491 0
    endloop
  endfacet
  facet normal 0 0 -1
    outer loop
      vertex -27.5112 49.2732 0
      vertex -27.5112 56.9268 0
      vertex -26.9421 55.0509 0
    endloop
  endfacet
  facet normal 0 0 -1
    outer loop
      vertex -28.4353 47.5443 0
      vertex -27.5112 56.9268 0
      vertex -27.5112 49.2732 0
    endloop
  endfacet
  facet normal 0 0 -1
    outer loop
      vertex -28.4353 47.5443 0
      vertex -28.4353 58.6557 0
      vertex -27.5112 56.9268 0
    endloop
  endfacet
  facet normal 0 0 -1
    outer loop
      vertex -29.6789 46.0289 0
      vertex -28.4353 58.6557 0
      vertex -28.4353 47.5443 0
    endloop
  endfacet
  facet normal 0 0 -1
    outer loop
      vertex -29.6789 46.0289 0
      vertex -29.6789 60.1711 0
      vertex -28.4353 58.6557 0
    endloop
  endfacet
  facet normal 0 0 -1
    outer loop
      vertex -31.1943 44.7853 0
      vertex -29.6789 60.1711 0
      vertex -29.6789 46.0289 0
    endloop
  endfacet
  facet normal 0 0 -1
    outer loop
      vertex -31.1943 44.7853 0
      vertex -31.1943 61.4147 0
      vertex -29.6789 60.1711 0
    endloop
  endfacet
  facet normal 0 0 -1
    outer loop
      vertex -32.9232 43.8612 0
      vertex -31.1943 61.4147 0
      vertex -31.1943 44.7853 0
    endloop
  endfacet
  facet normal 0 0 -1
    outer loop
      vertex -32.9232 43.8612 0
      vertex -32.9232 62.3388 0
      vertex -31.1943 61.4147 0
    endloop
  endfacet
  facet normal 0 0 -1
    outer loop
      vertex -34.7991 43.2921 0
      vertex -32.9232 62.3388 0
      vertex -32.9232 43.8612 0
    endloop
  endfacet
  facet normal 0 0 -1
    outer loop
      vertex -34.7991 43.2921 0
      vertex -34.7991 62.9079 0
      vertex -32.9232 62.3388 0
    endloop
  endfacet
  facet normal 0 0 -1
    outer loop
      vertex -36.75 43.1 0
      vertex -34.7991 62.9079 0
      vertex -34.7991 43.2921 0
    endloop
  endfacet
  facet normal 0 0 -1
    outer loop
      vertex -36.75 43.1 0
      vertex -36.75 63.1 0
      vertex -34.7991 62.9079 0
    endloop
  endfacet
  facet normal 0 0 -1
    outer loop
      vertex -38.7009 43.2921 0
      vertex -36.75 63.1 0
      vertex -36.75 43.1 0
    endloop
  endfacet
  facet normal 0 0 -1
    outer loop
      vertex -38.7009 43.2921 0
      vertex -38.7009 62.9079 0
      vertex -36.75 63.1 0
    endloop
  endfacet
  facet normal 0 0 -1
    outer loop
      vertex -40.5768 43.8612 0
      vertex -38.7009 62.9079 0
      vertex -38.7009 43.2921 0
    endloop
  endfacet
  facet normal 0 0 -1
    outer loop
      vertex -40.5768 43.8612 0
      vertex -40.5768 62.3388 0
      vertex -38.7009 62.9079 0
    endloop
  endfacet
  facet normal 0 0 -1
    outer loop
      vertex -42.3057 44.7853 0
      vertex -40.5768 62.3388 0
      vertex -40.5768 43.8612 0
    endloop
  endfacet
  facet normal 0 0 -1
    outer loop
      vertex -42.3057 44.7853 0
      vertex -42.3057 61.4147 0
      vertex -40.5768 62.3388 0
    endloop
  endfacet
  facet normal 0 0 -1
    outer loop
      vertex -43.8211 46.0289 0
      vertex -42.3057 61.4147 0
      vertex -42.3057 44.7853 0
    endloop
  endfacet
  facet normal 0 0 -1
    outer loop
      vertex -43.8211 46.0289 0
      vertex -43.8211 60.1711 0
      vertex -42.3057 61.4147 0
    endloop
  endfacet
  facet normal 0 0 -1
    outer loop
      vertex -45.0647 47.5443 0
      vertex -43.8211 60.1711 0
      vertex -43.8211 46.0289 0
    endloop
  endfacet
  facet normal 0 0 -1
    outer loop
      vertex -45.0647 47.5443 0
      vertex -45.0647 58.6557 0
      vertex -43.8211 60.1711 0
    endloop
  endfacet
  facet normal 0 0 -1
    outer loop
      vertex -45.9888 49.2732 0
      vertex -45.0647 58.6557 0
      vertex -45.0647 47.5443 0
    endloop
  endfacet
  facet normal 0 0 -1
    outer loop
      vertex -45.9888 49.2732 0
      vertex -45.9888 56.9268 0
      vertex -45.0647 58.6557 0
    endloop
  endfacet
  facet normal 0 0 -1
    outer loop
      vertex -46.5579 51.1491 0
      vertex -45.9888 56.9268 0
      vertex -45.9888 49.2732 0
    endloop
  endfacet
  facet normal 0 0 -1
    outer loop
      vertex -46.5579 51.1491 0
      vertex -46.5579 55.0509 0
      vertex -45.9888 56.9268 0
    endloop
  endfacet
  facet normal 0 -0 -1
    outer loop
      vertex -46.5579 55.0509 0
      vertex -46.5579 51.1491 0
      vertex -46.75 53.1 0
    endloop
  endfacet
  facet normal -0.881925 0.47139 0
    outer loop
      vertex -45.9888 56.9268 0
      vertex -45.0647 58.6557 0.2
      vertex -45.0647 58.6557 0
    endloop
  endfacet
  facet normal -0.881925 0.47139 0
    outer loop
      vertex -45.0647 58.6557 0.2
      vertex -45.9888 56.9268 0
      vertex -45.9888 56.9268 0.2
    endloop
  endfacet
  facet normal -0.290309 0.956933 0
    outer loop
      vertex -38.7009 62.9079 0
      vertex -40.5768 62.3388 0.2
      vertex -38.7009 62.9079 0.2
    endloop
  endfacet
  facet normal -0.290309 0.956933 0
    outer loop
      vertex -40.5768 62.3388 0.2
      vertex -38.7009 62.9079 0
      vertex -40.5768 62.3388 0
    endloop
  endfacet
  facet normal -0.881925 -0.47139 0
    outer loop
      vertex -45.0647 47.5443 0
      vertex -45.9888 49.2732 0.2
      vertex -45.9888 49.2732 0
    endloop
  endfacet
  facet normal -0.881925 -0.47139 0
    outer loop
      vertex -45.9888 49.2732 0.2
      vertex -45.0647 47.5443 0
      vertex -45.0647 47.5443 0.2
    endloop
  endfacet
  facet normal -0.773025 -0.634376 0
    outer loop
      vertex -43.8211 46.0289 0
      vertex -45.0647 47.5443 0.2
      vertex -45.0647 47.5443 0
    endloop
  endfacet
  facet normal -0.773025 -0.634376 0
    outer loop
      vertex -45.0647 47.5443 0.2
      vertex -43.8211 46.0289 0
      vertex -43.8211 46.0289 0.2
    endloop
  endfacet
  facet normal -0.0979935 -0.995187 0
    outer loop
      vertex -38.7009 43.2921 0
      vertex -36.75 43.1 0.0036108
      vertex -38.7009 43.2921 0.0036108
    endloop
  endfacet
  facet normal -0.0979935 -0.995187 -0
    outer loop
      vertex -36.75 43.1 0.0036108
      vertex -38.7009 43.2921 0
      vertex -36.75 43.1 0
    endloop
  endfacet
  facet normal 0 0 1
    outer loop
      vertex -40 48.8556 0.2
      vertex -26.75 53.1 0.2
      vertex -26.9421 55.0509 0.2
    endloop
  endfacet
  facet normal 0 0 1
    outer loop
      vertex -40 48.8556 0.2
      vertex -26.9421 55.0509 0.2
      vertex -27.5112 56.9268 0.2
    endloop
  endfacet
  facet normal 0 0 1
    outer loop
      vertex -26.75 53.1 0.2
      vertex -40 48.8556 0.2
      vertex -26.9421 51.1491 0.2
    endloop
  endfacet
  facet normal 0 -0 1
    outer loop
      vertex -27.7344 48.8556 0.2
      vertex -26.9421 51.1491 0.2
      vertex -40 48.8556 0.2
    endloop
  endfacet
  facet normal 0 0 1
    outer loop
      vertex -40 48.8556 0.2
      vertex -27.5112 56.9268 0.2
      vertex -28.4353 58.6557 0.2
    endloop
  endfacet
  facet normal 0 0 1
    outer loop
      vertex -40 48.8556 0.2
      vertex -28.4353 58.6557 0.2
      vertex -29.6789 60.1711 0.2
    endloop
  endfacet
  facet normal 0 0 1
    outer loop
      vertex -40 48.8556 0.2
      vertex -29.6789 60.1711 0.2
      vertex -31.1943 61.4147 0.2
    endloop
  endfacet
  facet normal 0 0 1
    outer loop
      vertex -40 48.8556 0.2
      vertex -31.1943 61.4147 0.2
      vertex -32.9232 62.3388 0.2
    endloop
  endfacet
  facet normal 0 0 1
    outer loop
      vertex -40 48.8556 0.2
      vertex -32.9232 62.3388 0.2
      vertex -34.7991 62.9079 0.2
    endloop
  endfacet
  facet normal 0 0 1
    outer loop
      vertex -40 48.8556 0.2
      vertex -34.7991 62.9079 0.2
      vertex -36.75 63.1 0.2
    endloop
  endfacet
  facet normal 0 0 1
    outer loop
      vertex -40 48.8556 0.2
      vertex -36.75 63.1 0.2
      vertex -38.7009 62.9079 0.2
    endloop
  endfacet
  facet normal 0 0 1
    outer loop
      vertex -26.9421 51.1491 0.2
      vertex -27.7344 48.8556 0.2
      vertex -27.5112 49.2732 0.2
    endloop
  endfacet
  facet normal -0 0 1
    outer loop
      vertex -40.5768 62.3388 0.2
      vertex -40 48.8556 0.2
      vertex -38.7009 62.9079 0.2
    endloop
  endfacet
  facet normal -0 0 1
    outer loop
      vertex -42.3057 61.4147 0.2
      vertex -40 48.8556 0.2
      vertex -40.5768 62.3388 0.2
    endloop
  endfacet
  facet normal -0 0 1
    outer loop
      vertex -43.8211 60.1711 0.2
      vertex -40 48.8556 0.2
      vertex -42.3057 61.4147 0.2
    endloop
  endfacet
  facet normal -0 0 1
    outer loop
      vertex -45.0647 58.6557 0.2
      vertex -40 48.8556 0.2
      vertex -43.8211 60.1711 0.2
    endloop
  endfacet
  facet normal -0 0 1
    outer loop
      vertex -45.9888 56.9268 0.2
      vertex -40 48.8556 0.2
      vertex -45.0647 58.6557 0.2
    endloop
  endfacet
  facet normal 0 0 1
    outer loop
      vertex -40 48.8556 0.2
      vertex -45.9888 56.9268 0.2
      vertex -40.0663 48.849 0.2
    endloop
  endfacet
  facet normal 0 0 1
    outer loop
      vertex -40.0663 48.849 0.2
      vertex -45.9888 56.9268 0.2
      vertex -40.0986 48.8458 0.2
    endloop
  endfacet
  facet normal -0 0 1
    outer loop
      vertex -46.5579 55.0509 0.2
      vertex -40.0986 48.8458 0.2
      vertex -45.9888 56.9268 0.2
    endloop
  endfacet
  facet normal 0 0 1
    outer loop
      vertex -40.0986 48.8458 0.2
      vertex -46.5579 55.0509 0.2
      vertex -40.1298 48.8364 0.2
    endloop
  endfacet
  facet normal 0 0 1
    outer loop
      vertex -40.1298 48.8364 0.2
      vertex -46.5579 55.0509 0.2
      vertex -40.1935 48.8171 0.2
    endloop
  endfacet
  facet normal -0 0 1
    outer loop
      vertex -46.75 53.1 0.2
      vertex -40.1935 48.8171 0.2
      vertex -46.5579 55.0509 0.2
    endloop
  endfacet
  facet normal 0 0 1
    outer loop
      vertex -40.1935 48.8171 0.2
      vertex -46.75 53.1 0.2
      vertex -40.2222 48.8017 0.2
    endloop
  endfacet
  facet normal 0 0 1
    outer loop
      vertex -40.2222 48.8017 0.2
      vertex -46.75 53.1 0.2
      vertex -40.2809 48.7704 0.2
    endloop
  endfacet
  facet normal -0 -0 1
    outer loop
      vertex -46.5579 51.1491 0.2
      vertex -40.2809 48.7704 0.2
      vertex -46.75 53.1 0.2
    endloop
  endfacet
  facet normal 0 0 1
    outer loop
      vertex -40.2809 48.7704 0.2
      vertex -46.5579 51.1491 0.2
      vertex -40.3323 48.7281 0.2
    endloop
  endfacet
  facet normal 0 0 1
    outer loop
      vertex -40.3323 48.7281 0.2
      vertex -46.5579 51.1491 0.2
      vertex -40.3575 48.7075 0.2
    endloop
  endfacet
  facet normal -0 -0 1
    outer loop
      vertex -45.9888 49.2732 0.2
      vertex -40.3575 48.7075 0.2
      vertex -46.5579 51.1491 0.2
    endloop
  endfacet
  facet normal 0 0 1
    outer loop
      vertex -40.3575 48.7075 0.2
      vertex -45.9888 49.2732 0.2
      vertex -40.3997 48.656 0.2
    endloop
  endfacet
  facet normal 0 0 1
    outer loop
      vertex -40.3997 48.656 0.2
      vertex -45.9888 49.2732 0.2
      vertex -40.4204 48.6309 0.2
    endloop
  endfacet
  facet normal 0 -0 1
    outer loop
      vertex -40.5768 43.8612 0.2
      vertex -40.5056 48.35 0.2
      vertex -42.3057 44.7853 0.2
    endloop
  endfacet
  facet normal 0 0 1
    outer loop
      vertex -40.5056 48.35 0.2
      vertex -40.5768 43.8612 0.2
      vertex -40.5056 43.8396 0.2
    endloop
  endfacet
  facet normal 0 0 1
    outer loop
      vertex -40.4204 48.6309 0.2
      vertex -45.9888 49.2732 0.2
      vertex -40.4517 48.5722 0.2
    endloop
  endfacet
  facet normal 0 0 1
    outer loop
      vertex -40.5056 48.35 0.2
      vertex -43.8211 46.0289 0.2
      vertex -42.3057 44.7853 0.2
    endloop
  endfacet
  facet normal 0 0 1
    outer loop
      vertex -40.4517 48.5722 0.2
      vertex -45.9888 49.2732 0.2
      vertex -40.4671 48.5435 0.2
    endloop
  endfacet
  facet normal 0 0 1
    outer loop
      vertex -40.5056 48.35 0.2
      vertex -45.0647 47.5443 0.2
      vertex -43.8211 46.0289 0.2
    endloop
  endfacet
  facet normal 0 -0 1
    outer loop
      vertex -45.0647 47.5443 0.2
      vertex -40.4671 48.5435 0.2
      vertex -45.9888 49.2732 0.2
    endloop
  endfacet
  facet normal 0 0 1
    outer loop
      vertex -40.5024 48.3824 0.2
      vertex -45.0647 47.5443 0.2
      vertex -40.5056 48.35 0.2
    endloop
  endfacet
  facet normal 0 0 1
    outer loop
      vertex -40.4671 48.5435 0.2
      vertex -45.0647 47.5443 0.2
      vertex -40.4765 48.5123 0.2
    endloop
  endfacet
  facet normal 0 0 1
    outer loop
      vertex -40.4958 48.4486 0.2
      vertex -45.0647 47.5443 0.2
      vertex -40.5024 48.3824 0.2
    endloop
  endfacet
  facet normal 0 0 1
    outer loop
      vertex -40.4765 48.5123 0.2
      vertex -45.0647 47.5443 0.2
      vertex -40.4958 48.4486 0.2
    endloop
  endfacet
  facet normal -0.634376 0.773025 0
    outer loop
      vertex 39.1943 -36.7853 0
      vertex 37.6789 -38.0289 0.0036108
      vertex 39.1943 -36.7853 0.0036108
    endloop
  endfacet
  facet normal -0.634376 0.773025 0
    outer loop
      vertex 37.6789 -38.0289 0.0036108
      vertex 39.1943 -36.7853 0
      vertex 37.6789 -38.0289 0
    endloop
  endfacet
  facet normal -0.290309 -0.956933 0
    outer loop
      vertex 40.9232 -54.3388 0
      vertex 42.7991 -54.9079 0.2
      vertex 40.9232 -54.3388 0.2
    endloop
  endfacet
  facet normal -0.290309 -0.956933 -0
    outer loop
      vertex 42.7991 -54.9079 0.2
      vertex 40.9232 -54.3388 0
      vertex 42.7991 -54.9079 0
    endloop
  endfacet
  facet normal -0.634376 -0.773025 0
    outer loop
      vertex 37.6789 -52.1711 0
      vertex 39.1943 -53.4147 0.2
      vertex 37.6789 -52.1711 0.2
    endloop
  endfacet
  facet normal -0.634376 -0.773025 -0
    outer loop
      vertex 39.1943 -53.4147 0.2
      vertex 37.6789 -52.1711 0
      vertex 39.1943 -53.4147 0
    endloop
  endfacet
  facet normal -0.290309 0.956933 0
    outer loop
      vertex 42.7991 -35.2921 0
      vertex 40.9232 -35.8612 0.2
      vertex 42.7991 -35.2921 0.2
    endloop
  endfacet
  facet normal -0.290309 0.956933 0
    outer loop
      vertex 40.9232 -35.8612 0.2
      vertex 42.7991 -35.2921 0
      vertex 40.9232 -35.8612 0
    endloop
  endfacet
  facet normal 0.995187 -0.0979935 0
    outer loop
      vertex 54.5579 -47.0509 0.2
      vertex 54.75 -45.1 0
      vertex 54.75 -45.1 0.2
    endloop
  endfacet
  facet normal 0.995187 -0.0979935 0
    outer loop
      vertex 54.75 -45.1 0
      vertex 54.5579 -47.0509 0.2
      vertex 54.5579 -47.0509 0
    endloop
  endfacet
  facet normal -0.0979935 -0.995187 0
    outer loop
      vertex 42.7991 -54.9079 0
      vertex 44.75 -55.1 0.2
      vertex 42.7991 -54.9079 0.2
    endloop
  endfacet
  facet normal -0.0979935 -0.995187 -0
    outer loop
      vertex 44.75 -55.1 0.2
      vertex 42.7991 -54.9079 0
      vertex 44.75 -55.1 0
    endloop
  endfacet
  facet normal 0.881925 0.47139 0
    outer loop
      vertex 53.9888 -41.2732 0.2
      vertex 53.0647 -39.5443 0
      vertex 53.0647 -39.5443 0.2
    endloop
  endfacet
  facet normal 0.881925 0.47139 0
    outer loop
      vertex 53.0647 -39.5443 0
      vertex 53.9888 -41.2732 0.2
      vertex 53.9888 -41.2732 0
    endloop
  endfacet
  facet normal -0.0979935 0.995187 0
    outer loop
      vertex 44.75 -35.1 0
      vertex 42.7991 -35.2921 0.2
      vertex 44.75 -35.1 0.2
    endloop
  endfacet
  facet normal -0.0979935 0.995187 0
    outer loop
      vertex 42.7991 -35.2921 0.2
      vertex 44.75 -35.1 0
      vertex 42.7991 -35.2921 0
    endloop
  endfacet
  facet normal 0.290309 0.956933 -0
    outer loop
      vertex 48.5768 -35.8612 0
      vertex 46.7009 -35.2921 0.2
      vertex 48.5768 -35.8612 0.2
    endloop
  endfacet
  facet normal 0.290309 0.956933 0
    outer loop
      vertex 46.7009 -35.2921 0.2
      vertex 48.5768 -35.8612 0
      vertex 46.7009 -35.2921 0
    endloop
  endfacet
  facet normal 0 0 1
    outer loop
      vertex 40.5056 -48.35 0.2
      vertex 54.75 -45.1 0.2
      vertex 54.5579 -43.1491 0.2
    endloop
  endfacet
  facet normal 0 0 1
    outer loop
      vertex 40.5056 -48.35 0.2
      vertex 54.5579 -43.1491 0.2
      vertex 53.9888 -41.2732 0.2
    endloop
  endfacet
  facet normal 0 0 1
    outer loop
      vertex 54.75 -45.1 0.2
      vertex 40.5056 -48.35 0.2
      vertex 54.5579 -47.0509 0.2
    endloop
  endfacet
  facet normal 0 0 1
    outer loop
      vertex 40.5056 -48.35 0.2
      vertex 53.9888 -41.2732 0.2
      vertex 53.0647 -39.5443 0.2
    endloop
  endfacet
  facet normal 0 0 1
    outer loop
      vertex 54.5579 -47.0509 0.2
      vertex 40.5056 -48.35 0.2
      vertex 53.9888 -48.9268 0.2
    endloop
  endfacet
  facet normal 0 0 1
    outer loop
      vertex 40.5056 -48.35 0.2
      vertex 53.0647 -39.5443 0.2
      vertex 51.8211 -38.0289 0.2
    endloop
  endfacet
  facet normal 0 0 1
    outer loop
      vertex 53.9888 -48.9268 0.2
      vertex 40.5056 -48.35 0.2
      vertex 53.0647 -50.6557 0.2
    endloop
  endfacet
  facet normal 0 0 1
    outer loop
      vertex 40.5056 -48.35 0.2
      vertex 51.8211 -38.0289 0.2
      vertex 50.3057 -36.7853 0.2
    endloop
  endfacet
  facet normal 0 0 1
    outer loop
      vertex 53.0647 -50.6557 0.2
      vertex 40.5056 -48.35 0.2
      vertex 51.8211 -52.1711 0.2
    endloop
  endfacet
  facet normal 0 0 1
    outer loop
      vertex 40.5056 -48.35 0.2
      vertex 50.3057 -36.7853 0.2
      vertex 48.5768 -35.8612 0.2
    endloop
  endfacet
  facet normal 0 0 1
    outer loop
      vertex 51.8211 -52.1711 0.2
      vertex 40.5056 -48.35 0.2
      vertex 50.3057 -53.4147 0.2
    endloop
  endfacet
  facet normal 0 0 1
    outer loop
      vertex 40.5056 -48.35 0.2
      vertex 48.5768 -35.8612 0.2
      vertex 46.7009 -35.2921 0.2
    endloop
  endfacet
  facet normal 0 0 1
    outer loop
      vertex 50.3057 -53.4147 0.2
      vertex 40.5056 -48.35 0.2
      vertex 48.5768 -54.3388 0.2
    endloop
  endfacet
  facet normal 0 0 1
    outer loop
      vertex 40.5056 -48.35 0.2
      vertex 46.7009 -35.2921 0.2
      vertex 44.75 -35.1 0.2
    endloop
  endfacet
  facet normal -0 0 1
    outer loop
      vertex 40.5024 -48.3824 0.2
      vertex 48.5768 -54.3388 0.2
      vertex 40.5056 -48.35 0.2
    endloop
  endfacet
  facet normal 0 0 1
    outer loop
      vertex 40.5056 -48.35 0.2
      vertex 44.75 -35.1 0.2
      vertex 42.7991 -35.2921 0.2
    endloop
  endfacet
  facet normal -0 0 1
    outer loop
      vertex 40.4958 -48.4486 0.2
      vertex 48.5768 -54.3388 0.2
      vertex 40.5024 -48.3824 0.2
    endloop
  endfacet
  facet normal 0 0 1
    outer loop
      vertex 40.5056 -36.0844 0.2
      vertex 42.7991 -35.2921 0.2
      vertex 40.9232 -35.8612 0.2
    endloop
  endfacet
  facet normal 0 0 1
    outer loop
      vertex 48.5768 -54.3388 0.2
      vertex 40.4958 -48.4486 0.2
      vertex 46.7009 -54.9079 0.2
    endloop
  endfacet
  facet normal 0 0 1
    outer loop
      vertex 42.7991 -35.2921 0.2
      vertex 40.5056 -36.0844 0.2
      vertex 40.5056 -48.35 0.2
    endloop
  endfacet
  facet normal -0 0 1
    outer loop
      vertex 40.4765 -48.5123 0.2
      vertex 46.7009 -54.9079 0.2
      vertex 40.4958 -48.4486 0.2
    endloop
  endfacet
  facet normal -0 0 1
    outer loop
      vertex 40.4671 -48.5435 0.2
      vertex 46.7009 -54.9079 0.2
      vertex 40.4765 -48.5123 0.2
    endloop
  endfacet
  facet normal 0 0 1
    outer loop
      vertex 46.7009 -54.9079 0.2
      vertex 40.4671 -48.5435 0.2
      vertex 44.75 -55.1 0.2
    endloop
  endfacet
  facet normal -0 0 1
    outer loop
      vertex 40.4517 -48.5722 0.2
      vertex 44.75 -55.1 0.2
      vertex 40.4671 -48.5435 0.2
    endloop
  endfacet
  facet normal -0 0 1
    outer loop
      vertex 40.4204 -48.6309 0.2
      vertex 44.75 -55.1 0.2
      vertex 40.4517 -48.5722 0.2
    endloop
  endfacet
  facet normal 0 0 1
    outer loop
      vertex 44.75 -55.1 0.2
      vertex 40.4204 -48.6309 0.2
      vertex 42.7991 -54.9079 0.2
    endloop
  endfacet
  facet normal -0 0 1
    outer loop
      vertex 40.3781 -48.6823 0.2
      vertex 42.7991 -54.9079 0.2
      vertex 40.4204 -48.6309 0.2
    endloop
  endfacet
  facet normal -0 0 1
    outer loop
      vertex 40.3575 -48.7075 0.2
      vertex 42.7991 -54.9079 0.2
      vertex 40.3781 -48.6823 0.2
    endloop
  endfacet
  facet normal 0 0 1
    outer loop
      vertex 42.7991 -54.9079 0.2
      vertex 40.3575 -48.7075 0.2
      vertex 40.9232 -54.3388 0.2
    endloop
  endfacet
  facet normal -0 0 1
    outer loop
      vertex 40.3323 -48.7281 0.2
      vertex 40.9232 -54.3388 0.2
      vertex 40.3575 -48.7075 0.2
    endloop
  endfacet
  facet normal -0 0 1
    outer loop
      vertex 40.2809 -48.7704 0.2
      vertex 40.9232 -54.3388 0.2
      vertex 40.3323 -48.7281 0.2
    endloop
  endfacet
  facet normal -0 0 1
    outer loop
      vertex 40.2222 -48.8017 0.2
      vertex 40.9232 -54.3388 0.2
      vertex 40.2809 -48.7704 0.2
    endloop
  endfacet
  facet normal -0 0 1
    outer loop
      vertex 40.1935 -48.8171 0.2
      vertex 40.9232 -54.3388 0.2
      vertex 40.2222 -48.8017 0.2
    endloop
  endfacet
  facet normal 0 0 1
    outer loop
      vertex 39.1943 -53.4147 0.2
      vertex 40.1935 -48.8171 0.2
      vertex 40.1623 -48.8265 0.2
    endloop
  endfacet
  facet normal 0 0 1
    outer loop
      vertex 39.1943 -53.4147 0.2
      vertex 40.1623 -48.8265 0.2
      vertex 40.0986 -48.8458 0.2
    endloop
  endfacet
  facet normal 0 0 1
    outer loop
      vertex 39.1943 -53.4147 0.2
      vertex 40.0986 -48.8458 0.2
      vertex 40.0324 -48.8524 0.2
    endloop
  endfacet
  facet normal 0 0 1
    outer loop
      vertex 39.1943 -53.4147 0.2
      vertex 40.0324 -48.8524 0.2
      vertex 40 -48.8556 0.2
    endloop
  endfacet
  facet normal 0 0 1
    outer loop
      vertex 40.1935 -48.8171 0.2
      vertex 39.1943 -53.4147 0.2
      vertex 40.9232 -54.3388 0.2
    endloop
  endfacet
  facet normal 0 0 1
    outer loop
      vertex 40 -48.8556 0.2
      vertex 37.6789 -52.1711 0.2
      vertex 39.1943 -53.4147 0.2
    endloop
  endfacet
  facet normal 0 0 1
    outer loop
      vertex 40 -48.8556 0.2
      vertex 36.4353 -50.6557 0.2
      vertex 37.6789 -52.1711 0.2
    endloop
  endfacet
  facet normal 0 0 1
    outer loop
      vertex 40 -48.8556 0.2
      vertex 35.5112 -48.9268 0.2
      vertex 36.4353 -50.6557 0.2
    endloop
  endfacet
  facet normal 0 -0 1
    outer loop
      vertex 35.5112 -48.9268 0.2
      vertex 40 -48.8556 0.2
      vertex 35.4896 -48.8556 0.2
    endloop
  endfacet
  facet normal 0.995187 0.0979935 0
    outer loop
      vertex 54.75 -45.1 0.2
      vertex 54.5579 -43.1491 0
      vertex 54.5579 -43.1491 0.2
    endloop
  endfacet
  facet normal 0.995187 0.0979935 0
    outer loop
      vertex 54.5579 -43.1491 0
      vertex 54.75 -45.1 0.2
      vertex 54.75 -45.1 0
    endloop
  endfacet
  facet normal -0.956933 0.290309 0
    outer loop
      vertex 34.9421 -43.1491 0
      vertex 35.5112 -41.2732 0.0036108
      vertex 35.5112 -41.2732 0
    endloop
  endfacet
  facet normal -0.956933 0.290309 0
    outer loop
      vertex 35.5112 -41.2732 0.0036108
      vertex 34.9421 -43.1491 0
      vertex 34.9421 -43.1491 0.0036108
    endloop
  endfacet
  facet normal -0.881925 -0.47139 0
    outer loop
      vertex 36.4353 -50.6557 0
      vertex 35.5112 -48.9268 0.2
      vertex 35.5112 -48.9268 0
    endloop
  endfacet
  facet normal -0.881925 -0.47139 0
    outer loop
      vertex 35.5112 -48.9268 0.2
      vertex 36.4353 -50.6557 0
      vertex 36.4353 -50.6557 0.2
    endloop
  endfacet
  facet normal -0.995187 -0.0979935 0
    outer loop
      vertex 34.9421 -47.0509 0
      vertex 34.75 -45.1 0.0036108
      vertex 34.75 -45.1 0
    endloop
  endfacet
  facet normal -0.995187 -0.0979935 0
    outer loop
      vertex 34.75 -45.1 0.0036108
      vertex 34.9421 -47.0509 0
      vertex 34.9421 -47.0509 0.0036108
    endloop
  endfacet
  facet normal 0.634376 -0.773025 0
    outer loop
      vertex 50.3057 -53.4147 0
      vertex 51.8211 -52.1711 0.2
      vertex 50.3057 -53.4147 0.2
    endloop
  endfacet
  facet normal 0.634376 -0.773025 0
    outer loop
      vertex 51.8211 -52.1711 0.2
      vertex 50.3057 -53.4147 0
      vertex 51.8211 -52.1711 0
    endloop
  endfacet
  facet normal 0.956933 0.290309 0
    outer loop
      vertex 54.5579 -43.1491 0.2
      vertex 53.9888 -41.2732 0
      vertex 53.9888 -41.2732 0.2
    endloop
  endfacet
  facet normal 0.956933 0.290309 0
    outer loop
      vertex 53.9888 -41.2732 0
      vertex 54.5579 -43.1491 0.2
      vertex 54.5579 -43.1491 0
    endloop
  endfacet
  facet normal 0.956933 -0.290309 0
    outer loop
      vertex 53.9888 -48.9268 0.2
      vertex 54.5579 -47.0509 0
      vertex 54.5579 -47.0509 0.2
    endloop
  endfacet
  facet normal 0.956933 -0.290309 0
    outer loop
      vertex 54.5579 -47.0509 0
      vertex 53.9888 -48.9268 0.2
      vertex 53.9888 -48.9268 0
    endloop
  endfacet
  facet normal -0.881925 0.47139 0
    outer loop
      vertex 35.5112 -41.2732 0
      vertex 36.4353 -39.5443 0.0036108
      vertex 36.4353 -39.5443 0
    endloop
  endfacet
  facet normal -0.881925 0.47139 0
    outer loop
      vertex 36.4353 -39.5443 0.0036108
      vertex 35.5112 -41.2732 0
      vertex 35.5112 -41.2732 0.0036108
    endloop
  endfacet
  facet normal 0.773025 -0.634376 0
    outer loop
      vertex 51.8211 -52.1711 0.2
      vertex 53.0647 -50.6557 0
      vertex 53.0647 -50.6557 0.2
    endloop
  endfacet
  facet normal 0.773025 -0.634376 0
    outer loop
      vertex 53.0647 -50.6557 0
      vertex 51.8211 -52.1711 0.2
      vertex 51.8211 -52.1711 0
    endloop
  endfacet
  facet normal 0.881925 -0.47139 0
    outer loop
      vertex 53.0647 -50.6557 0.2
      vertex 53.9888 -48.9268 0
      vertex 53.9888 -48.9268 0.2
    endloop
  endfacet
  facet normal 0.881925 -0.47139 0
    outer loop
      vertex 53.9888 -48.9268 0
      vertex 53.0647 -50.6557 0.2
      vertex 53.0647 -50.6557 0
    endloop
  endfacet
  facet normal 0.634376 0.773025 -0
    outer loop
      vertex 51.8211 -38.0289 0
      vertex 50.3057 -36.7853 0.2
      vertex 51.8211 -38.0289 0.2
    endloop
  endfacet
  facet normal 0.634376 0.773025 0
    outer loop
      vertex 50.3057 -36.7853 0.2
      vertex 51.8211 -38.0289 0
      vertex 50.3057 -36.7853 0
    endloop
  endfacet
  facet normal 0.47139 -0.881925 0
    outer loop
      vertex 48.5768 -54.3388 0
      vertex 50.3057 -53.4147 0.2
      vertex 48.5768 -54.3388 0.2
    endloop
  endfacet
  facet normal 0.47139 -0.881925 0
    outer loop
      vertex 50.3057 -53.4147 0.2
      vertex 48.5768 -54.3388 0
      vertex 50.3057 -53.4147 0
    endloop
  endfacet
  facet normal -0.773025 0.634376 0
    outer loop
      vertex 36.4353 -39.5443 0
      vertex 37.6789 -38.0289 0.0036108
      vertex 37.6789 -38.0289 0
    endloop
  endfacet
  facet normal -0.773025 0.634376 0
    outer loop
      vertex 37.6789 -38.0289 0.0036108
      vertex 36.4353 -39.5443 0
      vertex 36.4353 -39.5443 0.0036108
    endloop
  endfacet
  facet normal 0.290309 -0.956933 0
    outer loop
      vertex 46.7009 -54.9079 0
      vertex 48.5768 -54.3388 0.2
      vertex 46.7009 -54.9079 0.2
    endloop
  endfacet
  facet normal 0.290309 -0.956933 0
    outer loop
      vertex 48.5768 -54.3388 0.2
      vertex 46.7009 -54.9079 0
      vertex 48.5768 -54.3388 0
    endloop
  endfacet
  facet normal -0.956935 -0.290301 0
    outer loop
      vertex 34.9421 -47.0509 0
      vertex 35.3585 -48.4235 0.0036108
      vertex 34.9421 -47.0509 0.0036108
    endloop
  endfacet
  facet normal -0.956928 -0.290308 -0.00309393
    outer loop
      vertex 35.5112 -48.9268 0
      vertex 35.3585 -48.4235 0.0036108
      vertex 34.9421 -47.0509 0
    endloop
  endfacet
  facet normal -0.956922 -0.290339 0.00161223
    outer loop
      vertex 35.5112 -48.9268 0
      vertex 35.4023 -48.5677 0.0322945
      vertex 35.3585 -48.4235 0.0036108
    endloop
  endfacet
  facet normal -0.956958 -0.290227 0.000245175
    outer loop
      vertex 35.5112 -48.9268 0
      vertex 35.4435 -48.7035 0.0885584
      vertex 35.4023 -48.5677 0.0322945
    endloop
  endfacet
  facet normal -0.956968 -0.290195 0.000155376
    outer loop
      vertex 35.5112 -48.9268 0
      vertex 35.4806 -48.8258 0.170242
      vertex 35.4435 -48.7035 0.0885584
    endloop
  endfacet
  facet normal -0.95704 -0.289955 -0
    outer loop
      vertex 35.5112 -48.9268 0.2
      vertex 35.4806 -48.8258 0.170242
      vertex 35.5112 -48.9268 0
    endloop
  endfacet
  facet normal -0.956933 -0.290306 -0.00130074
    outer loop
      vertex 35.4806 -48.8258 0.170242
      vertex 35.5112 -48.9268 0.2
      vertex 35.4896 -48.8556 0.2
    endloop
  endfacet
  facet normal 0.773025 0.634376 0
    outer loop
      vertex 53.0647 -39.5443 0.2
      vertex 51.8211 -38.0289 0
      vertex 51.8211 -38.0289 0.2
    endloop
  endfacet
  facet normal 0.773025 0.634376 0
    outer loop
      vertex 51.8211 -38.0289 0
      vertex 53.0647 -39.5443 0.2
      vertex 53.0647 -39.5443 0
    endloop
  endfacet
  facet normal 0.47139 0.881925 -0
    outer loop
      vertex 50.3057 -36.7853 0
      vertex 48.5768 -35.8612 0.2
      vertex 50.3057 -36.7853 0.2
    endloop
  endfacet
  facet normal 0.47139 0.881925 0
    outer loop
      vertex 48.5768 -35.8612 0.2
      vertex 50.3057 -36.7853 0
      vertex 48.5768 -35.8612 0
    endloop
  endfacet
  facet normal -0.471377 0.881932 0
    outer loop
      vertex 40.9232 -35.8612 0
      vertex 40.5056 -36.0844 0.2
      vertex 40.9232 -35.8612 0.2
    endloop
  endfacet
  facet normal -0.471171 0.882042 0.000552627
    outer loop
      vertex 40.5056 -36.0844 0.2
      vertex 40.9232 -35.8612 0
      vertex 40.4758 -36.1003 0.170242
    endloop
  endfacet
  facet normal -0.471417 0.88191 -0.000277183
    outer loop
      vertex 40.4758 -36.1003 0.170242
      vertex 40.9232 -35.8612 0
      vertex 40.3535 -36.1657 0.0885584
    endloop
  endfacet
  facet normal -0.471406 0.881917 -0.000182466
    outer loop
      vertex 40.3535 -36.1657 0.0885584
      vertex 40.9232 -35.8612 0
      vertex 40.2177 -36.2383 0.0322945
    endloop
  endfacet
  facet normal -0.471419 0.881909 -0.000574991
    outer loop
      vertex 40.9232 -35.8612 0
      vertex 40.0735 -36.3154 0.0036108
      vertex 40.2177 -36.2383 0.0322945
    endloop
  endfacet
  facet normal -0.471374 0.881894 0.00827971
    outer loop
      vertex 39.1943 -36.7853 0
      vertex 40.0735 -36.3154 0.0036108
      vertex 40.9232 -35.8612 0
    endloop
  endfacet
  facet normal -0.471364 0.881939 0
    outer loop
      vertex 40.0735 -36.3154 0.0036108
      vertex 39.1943 -36.7853 0
      vertex 39.1943 -36.7853 0.0036108
    endloop
  endfacet
  facet normal 0.0979935 -0.995187 0
    outer loop
      vertex 44.75 -55.1 0
      vertex 46.7009 -54.9079 0.2
      vertex 44.75 -55.1 0.2
    endloop
  endfacet
  facet normal 0.0979935 -0.995187 0
    outer loop
      vertex 46.7009 -54.9079 0.2
      vertex 44.75 -55.1 0
      vertex 46.7009 -54.9079 0
    endloop
  endfacet
  facet normal -0.47139 -0.881925 0
    outer loop
      vertex 39.1943 -53.4147 0
      vertex 40.9232 -54.3388 0.2
      vertex 39.1943 -53.4147 0.2
    endloop
  endfacet
  facet normal -0.47139 -0.881925 -0
    outer loop
      vertex 40.9232 -54.3388 0.2
      vertex 39.1943 -53.4147 0
      vertex 40.9232 -54.3388 0
    endloop
  endfacet
  facet normal -0.773025 -0.634376 0
    outer loop
      vertex 37.6789 -52.1711 0
      vertex 36.4353 -50.6557 0.2
      vertex 36.4353 -50.6557 0
    endloop
  endfacet
  facet normal -0.773025 -0.634376 0
    outer loop
      vertex 36.4353 -50.6557 0.2
      vertex 37.6789 -52.1711 0
      vertex 37.6789 -52.1711 0.2
    endloop
  endfacet
  facet normal 0.0979935 0.995187 -0
    outer loop
      vertex 46.7009 -35.2921 0
      vertex 44.75 -35.1 0.2
      vertex 46.7009 -35.2921 0.2
    endloop
  endfacet
  facet normal 0.0979935 0.995187 0
    outer loop
      vertex 44.75 -35.1 0.2
      vertex 46.7009 -35.2921 0
      vertex 44.75 -35.1 0
    endloop
  endfacet
  facet normal -0.995187 0.0979935 0
    outer loop
      vertex 34.75 -45.1 0
      vertex 34.9421 -43.1491 0.0036108
      vertex 34.9421 -43.1491 0
    endloop
  endfacet
  facet normal -0.995187 0.0979935 0
    outer loop
      vertex 34.9421 -43.1491 0.0036108
      vertex 34.75 -45.1 0
      vertex 34.75 -45.1 0.0036108
    endloop
  endfacet
  facet normal 0 0 -1
    outer loop
      vertex 54.5579 -47.0509 0
      vertex 54.5579 -43.1491 0
      vertex 54.75 -45.1 0
    endloop
  endfacet
  facet normal 0 0 -1
    outer loop
      vertex 53.9888 -48.9268 0
      vertex 54.5579 -43.1491 0
      vertex 54.5579 -47.0509 0
    endloop
  endfacet
  facet normal 0 0 -1
    outer loop
      vertex 53.9888 -48.9268 0
      vertex 53.9888 -41.2732 0
      vertex 54.5579 -43.1491 0
    endloop
  endfacet
  facet normal 0 0 -1
    outer loop
      vertex 53.0647 -50.6557 0
      vertex 53.9888 -41.2732 0
      vertex 53.9888 -48.9268 0
    endloop
  endfacet
  facet normal 0 0 -1
    outer loop
      vertex 53.0647 -50.6557 0
      vertex 53.0647 -39.5443 0
      vertex 53.9888 -41.2732 0
    endloop
  endfacet
  facet normal 0 0 -1
    outer loop
      vertex 51.8211 -52.1711 0
      vertex 53.0647 -39.5443 0
      vertex 53.0647 -50.6557 0
    endloop
  endfacet
  facet normal 0 0 -1
    outer loop
      vertex 51.8211 -52.1711 0
      vertex 51.8211 -38.0289 0
      vertex 53.0647 -39.5443 0
    endloop
  endfacet
  facet normal 0 0 -1
    outer loop
      vertex 50.3057 -53.4147 0
      vertex 51.8211 -38.0289 0
      vertex 51.8211 -52.1711 0
    endloop
  endfacet
  facet normal 0 0 -1
    outer loop
      vertex 50.3057 -53.4147 0
      vertex 50.3057 -36.7853 0
      vertex 51.8211 -38.0289 0
    endloop
  endfacet
  facet normal 0 0 -1
    outer loop
      vertex 48.5768 -54.3388 0
      vertex 50.3057 -36.7853 0
      vertex 50.3057 -53.4147 0
    endloop
  endfacet
  facet normal 0 0 -1
    outer loop
      vertex 48.5768 -54.3388 0
      vertex 48.5768 -35.8612 0
      vertex 50.3057 -36.7853 0
    endloop
  endfacet
  facet normal 0 0 -1
    outer loop
      vertex 46.7009 -54.9079 0
      vertex 48.5768 -35.8612 0
      vertex 48.5768 -54.3388 0
    endloop
  endfacet
  facet normal 0 0 -1
    outer loop
      vertex 46.7009 -54.9079 0
      vertex 46.7009 -35.2921 0
      vertex 48.5768 -35.8612 0
    endloop
  endfacet
  facet normal 0 0 -1
    outer loop
      vertex 44.75 -55.1 0
      vertex 46.7009 -35.2921 0
      vertex 46.7009 -54.9079 0
    endloop
  endfacet
  facet normal 0 0 -1
    outer loop
      vertex 44.75 -55.1 0
      vertex 44.75 -35.1 0
      vertex 46.7009 -35.2921 0
    endloop
  endfacet
  facet normal 0 0 -1
    outer loop
      vertex 42.7991 -54.9079 0
      vertex 44.75 -35.1 0
      vertex 44.75 -55.1 0
    endloop
  endfacet
  facet normal 0 0 -1
    outer loop
      vertex 42.7991 -54.9079 0
      vertex 42.7991 -35.2921 0
      vertex 44.75 -35.1 0
    endloop
  endfacet
  facet normal 0 0 -1
    outer loop
      vertex 40.9232 -54.3388 0
      vertex 42.7991 -35.2921 0
      vertex 42.7991 -54.9079 0
    endloop
  endfacet
  facet normal 0 0 -1
    outer loop
      vertex 40.9232 -54.3388 0
      vertex 40.9232 -35.8612 0
      vertex 42.7991 -35.2921 0
    endloop
  endfacet
  facet normal 0 0 -1
    outer loop
      vertex 39.1943 -53.4147 0
      vertex 40.9232 -35.8612 0
      vertex 40.9232 -54.3388 0
    endloop
  endfacet
  facet normal 0 0 -1
    outer loop
      vertex 39.1943 -53.4147 0
      vertex 39.1943 -36.7853 0
      vertex 40.9232 -35.8612 0
    endloop
  endfacet
  facet normal 0 0 -1
    outer loop
      vertex 37.6789 -52.1711 0
      vertex 39.1943 -36.7853 0
      vertex 39.1943 -53.4147 0
    endloop
  endfacet
  facet normal 0 0 -1
    outer loop
      vertex 37.6789 -52.1711 0
      vertex 37.6789 -38.0289 0
      vertex 39.1943 -36.7853 0
    endloop
  endfacet
  facet normal 0 0 -1
    outer loop
      vertex 36.4353 -50.6557 0
      vertex 37.6789 -38.0289 0
      vertex 37.6789 -52.1711 0
    endloop
  endfacet
  facet normal 0 0 -1
    outer loop
      vertex 36.4353 -50.6557 0
      vertex 36.4353 -39.5443 0
      vertex 37.6789 -38.0289 0
    endloop
  endfacet
  facet normal 0 0 -1
    outer loop
      vertex 35.5112 -48.9268 0
      vertex 36.4353 -39.5443 0
      vertex 36.4353 -50.6557 0
    endloop
  endfacet
  facet normal 0 0 -1
    outer loop
      vertex 35.5112 -48.9268 0
      vertex 35.5112 -41.2732 0
      vertex 36.4353 -39.5443 0
    endloop
  endfacet
  facet normal 0 0 -1
    outer loop
      vertex 34.9421 -47.0509 0
      vertex 35.5112 -41.2732 0
      vertex 35.5112 -48.9268 0
    endloop
  endfacet
  facet normal 0 0 -1
    outer loop
      vertex 34.9421 -47.0509 0
      vertex 34.9421 -43.1491 0
      vertex 35.5112 -41.2732 0
    endloop
  endfacet
  facet normal 0 -0 -1
    outer loop
      vertex 34.9421 -43.1491 0
      vertex 34.9421 -47.0509 0
      vertex 34.75 -45.1 0
    endloop
  endfacet
  facet normal 0.290309 0.956933 -0
    outer loop
      vertex 48.5768 62.3388 0
      vertex 46.7009 62.9079 0.2
      vertex 48.5768 62.3388 0.2
    endloop
  endfacet
  facet normal 0.290309 0.956933 0
    outer loop
      vertex 46.7009 62.9079 0.2
      vertex 48.5768 62.3388 0
      vertex 46.7009 62.9079 0
    endloop
  endfacet
  facet normal -0.290309 0.956933 0
    outer loop
      vertex 42.7991 62.9079 0
      vertex 40.9232 62.3388 0.2
      vertex 42.7991 62.9079 0.2
    endloop
  endfacet
  facet normal -0.290309 0.956933 0
    outer loop
      vertex 40.9232 62.3388 0.2
      vertex 42.7991 62.9079 0
      vertex 40.9232 62.3388 0
    endloop
  endfacet
  facet normal -0.634376 -0.773025 0
    outer loop
      vertex 37.6789 46.0289 0
      vertex 39.1943 44.7853 0.0036108
      vertex 37.6789 46.0289 0.0036108
    endloop
  endfacet
  facet normal -0.634376 -0.773025 -0
    outer loop
      vertex 39.1943 44.7853 0.0036108
      vertex 37.6789 46.0289 0
      vertex 39.1943 44.7853 0
    endloop
  endfacet
  facet normal -0.773025 0.634376 0
    outer loop
      vertex 36.4353 58.6557 0
      vertex 37.6789 60.1711 0.2
      vertex 37.6789 60.1711 0
    endloop
  endfacet
  facet normal -0.773025 0.634376 0
    outer loop
      vertex 37.6789 60.1711 0.2
      vertex 36.4353 58.6557 0
      vertex 36.4353 58.6557 0.2
    endloop
  endfacet
  facet normal 0.995187 -0.0979935 0
    outer loop
      vertex 54.5579 51.1491 0.2
      vertex 54.75 53.1 0
      vertex 54.75 53.1 0.2
    endloop
  endfacet
  facet normal 0.995187 -0.0979935 0
    outer loop
      vertex 54.75 53.1 0
      vertex 54.5579 51.1491 0.2
      vertex 54.5579 51.1491 0
    endloop
  endfacet
  facet normal 0.881925 0.47139 0
    outer loop
      vertex 53.9888 56.9268 0.2
      vertex 53.0647 58.6557 0
      vertex 53.0647 58.6557 0.2
    endloop
  endfacet
  facet normal 0.881925 0.47139 0
    outer loop
      vertex 53.0647 58.6557 0
      vertex 53.9888 56.9268 0.2
      vertex 53.9888 56.9268 0
    endloop
  endfacet
  facet normal -0.956933 -0.290309 0
    outer loop
      vertex 35.5112 49.2732 0
      vertex 34.9421 51.1491 0.2
      vertex 34.9421 51.1491 0
    endloop
  endfacet
  facet normal -0.956933 -0.290309 0
    outer loop
      vertex 34.9421 51.1491 0.2
      vertex 35.5112 49.2732 0
      vertex 35.5112 49.2732 0.2
    endloop
  endfacet
  facet normal 0 0 1
    outer loop
      vertex 40.4204 48.6309 0.2
      vertex 54.75 53.1 0.2
      vertex 54.5579 55.0509 0.2
    endloop
  endfacet
  facet normal 0 0 1
    outer loop
      vertex 40.4204 48.6309 0.2
      vertex 54.5579 55.0509 0.2
      vertex 53.9888 56.9268 0.2
    endloop
  endfacet
  facet normal 0 0 1
    outer loop
      vertex 54.75 53.1 0.2
      vertex 40.4204 48.6309 0.2
      vertex 54.5579 51.1491 0.2
    endloop
  endfacet
  facet normal 0 0 1
    outer loop
      vertex 40.3575 48.7075 0.2
      vertex 53.9888 56.9268 0.2
      vertex 53.0647 58.6557 0.2
    endloop
  endfacet
  facet normal 0 0 1
    outer loop
      vertex 54.5579 51.1491 0.2
      vertex 40.4204 48.6309 0.2
      vertex 53.9888 49.2732 0.2
    endloop
  endfacet
  facet normal 0 0 1
    outer loop
      vertex 40.3575 48.7075 0.2
      vertex 53.0647 58.6557 0.2
      vertex 51.8211 60.1711 0.2
    endloop
  endfacet
  facet normal 0 -0 1
    outer loop
      vertex 40.4517 48.5722 0.2
      vertex 53.9888 49.2732 0.2
      vertex 40.4204 48.6309 0.2
    endloop
  endfacet
  facet normal 0 0 1
    outer loop
      vertex 40.3575 48.7075 0.2
      vertex 51.8211 60.1711 0.2
      vertex 50.3057 61.4147 0.2
    endloop
  endfacet
  facet normal 0 -0 1
    outer loop
      vertex 40.4671 48.5435 0.2
      vertex 53.9888 49.2732 0.2
      vertex 40.4517 48.5722 0.2
    endloop
  endfacet
  facet normal 0 0 1
    outer loop
      vertex 40.3575 48.7075 0.2
      vertex 50.3057 61.4147 0.2
      vertex 48.5768 62.3388 0.2
    endloop
  endfacet
  facet normal 0 0 1
    outer loop
      vertex 53.9888 49.2732 0.2
      vertex 40.4671 48.5435 0.2
      vertex 53.0647 47.5443 0.2
    endloop
  endfacet
  facet normal 0 0 1
    outer loop
      vertex 40.2809 48.7704 0.2
      vertex 48.5768 62.3388 0.2
      vertex 46.7009 62.9079 0.2
    endloop
  endfacet
  facet normal 0 0 1
    outer loop
      vertex 53.0647 47.5443 0.2
      vertex 40.4671 48.5435 0.2
      vertex 51.8211 46.0289 0.2
    endloop
  endfacet
  facet normal 0 0 1
    outer loop
      vertex 40.2809 48.7704 0.2
      vertex 46.7009 62.9079 0.2
      vertex 44.75 63.1 0.2
    endloop
  endfacet
  facet normal -0 -0 1
    outer loop
      vertex 40.4958 48.4486 0.2
      vertex 50.3057 44.7853 0.2
      vertex 40.4765 48.5123 0.2
    endloop
  endfacet
  facet normal 0 0 1
    outer loop
      vertex 40.2809 48.7704 0.2
      vertex 44.75 63.1 0.2
      vertex 42.7991 62.9079 0.2
    endloop
  endfacet
  facet normal 0 0 1
    outer loop
      vertex 50.3057 44.7853 0.2
      vertex 40.4958 48.4486 0.2
      vertex 48.5768 43.8612 0.2
    endloop
  endfacet
  facet normal 0 0 1
    outer loop
      vertex 40.2809 48.7704 0.2
      vertex 42.7991 62.9079 0.2
      vertex 40.9232 62.3388 0.2
    endloop
  endfacet
  facet normal 0 0 1
    outer loop
      vertex 48.5768 43.8612 0.2
      vertex 40.5056 48.35 0.2
      vertex 46.7009 43.2921 0.2
    endloop
  endfacet
  facet normal 0 0 1
    outer loop
      vertex 42.7991 43.2921 0.2
      vertex 40.5056 48.35 0.2
      vertex 40.9232 43.8612 0.2
    endloop
  endfacet
  facet normal 0 0 1
    outer loop
      vertex 44.75 43.1 0.2
      vertex 40.5056 48.35 0.2
      vertex 42.7991 43.2921 0.2
    endloop
  endfacet
  facet normal 0 0 1
    outer loop
      vertex 46.7009 43.2921 0.2
      vertex 40.5056 48.35 0.2
      vertex 44.75 43.1 0.2
    endloop
  endfacet
  facet normal -0 -0 1
    outer loop
      vertex 40.5056 48.35 0.2
      vertex 48.5768 43.8612 0.2
      vertex 40.5024 48.3824 0.2
    endloop
  endfacet
  facet normal -0 -0 1
    outer loop
      vertex 40.5024 48.3824 0.2
      vertex 48.5768 43.8612 0.2
      vertex 40.4958 48.4486 0.2
    endloop
  endfacet
  facet normal -0 -0 1
    outer loop
      vertex 40.4765 48.5123 0.2
      vertex 50.3057 44.7853 0.2
      vertex 40.4671 48.5435 0.2
    endloop
  endfacet
  facet normal 0 0 1
    outer loop
      vertex 51.8211 46.0289 0.2
      vertex 40.4671 48.5435 0.2
      vertex 50.3057 44.7853 0.2
    endloop
  endfacet
  facet normal 0 0 1
    outer loop
      vertex 53.9888 56.9268 0.2
      vertex 40.3997 48.656 0.2
      vertex 40.4204 48.6309 0.2
    endloop
  endfacet
  facet normal 0 0 1
    outer loop
      vertex 53.9888 56.9268 0.2
      vertex 40.3575 48.7075 0.2
      vertex 40.3997 48.656 0.2
    endloop
  endfacet
  facet normal 0 0 1
    outer loop
      vertex 48.5768 62.3388 0.2
      vertex 40.3323 48.7281 0.2
      vertex 40.3575 48.7075 0.2
    endloop
  endfacet
  facet normal 0 0 1
    outer loop
      vertex 48.5768 62.3388 0.2
      vertex 40.2809 48.7704 0.2
      vertex 40.3323 48.7281 0.2
    endloop
  endfacet
  facet normal 0 0 1
    outer loop
      vertex 40.9232 62.3388 0.2
      vertex 40.2222 48.8017 0.2
      vertex 40.2809 48.7704 0.2
    endloop
  endfacet
  facet normal 0 0 1
    outer loop
      vertex 40.9232 62.3388 0.2
      vertex 40.1935 48.8171 0.2
      vertex 40.2222 48.8017 0.2
    endloop
  endfacet
  facet normal -0 0 1
    outer loop
      vertex 39.1943 61.4147 0.2
      vertex 40.1935 48.8171 0.2
      vertex 40.9232 62.3388 0.2
    endloop
  endfacet
  facet normal -0 0 1
    outer loop
      vertex 37.6789 60.1711 0.2
      vertex 40.1935 48.8171 0.2
      vertex 39.1943 61.4147 0.2
    endloop
  endfacet
  facet normal -0 0 1
    outer loop
      vertex 36.4353 58.6557 0.2
      vertex 40.1935 48.8171 0.2
      vertex 37.6789 60.1711 0.2
    endloop
  endfacet
  facet normal 0 0 1
    outer loop
      vertex 40.1935 48.8171 0.2
      vertex 36.4353 58.6557 0.2
      vertex 40.1298 48.8364 0.2
    endloop
  endfacet
  facet normal 0 0 1
    outer loop
      vertex 40.1298 48.8364 0.2
      vertex 36.4353 58.6557 0.2
      vertex 40.0986 48.8458 0.2
    endloop
  endfacet
  facet normal -0 0 1
    outer loop
      vertex 35.5112 56.9268 0.2
      vertex 40.0986 48.8458 0.2
      vertex 36.4353 58.6557 0.2
    endloop
  endfacet
  facet normal 0 0 1
    outer loop
      vertex 40.0986 48.8458 0.2
      vertex 35.5112 56.9268 0.2
      vertex 40.0663 48.849 0.2
    endloop
  endfacet
  facet normal 0 0 1
    outer loop
      vertex 40.0663 48.849 0.2
      vertex 35.5112 56.9268 0.2
      vertex 40 48.8556 0.2
    endloop
  endfacet
  facet normal -0 0 1
    outer loop
      vertex 34.9421 55.0509 0.2
      vertex 40 48.8556 0.2
      vertex 35.5112 56.9268 0.2
    endloop
  endfacet
  facet normal -0 0 1
    outer loop
      vertex 34.75 53.1 0.2
      vertex 40 48.8556 0.2
      vertex 34.9421 55.0509 0.2
    endloop
  endfacet
  facet normal -0 -0 1
    outer loop
      vertex 35.5112 49.2732 0.2
      vertex 40 48.8556 0.2
      vertex 34.9421 51.1491 0.2
    endloop
  endfacet
  facet normal 0 0 1
    outer loop
      vertex 40 48.8556 0.2
      vertex 35.5112 49.2732 0.2
      vertex 35.7344 48.8556 0.2
    endloop
  endfacet
  facet normal 0 0 1
    outer loop
      vertex 40 48.8556 0.2
      vertex 34.75 53.1 0.2
      vertex 34.9421 51.1491 0.2
    endloop
  endfacet
  facet normal 0 0 1
    outer loop
      vertex 40.9232 43.8612 0.2
      vertex 40.5056 48.35 0.2
      vertex 40.5056 44.0844 0.2
    endloop
  endfacet
  facet normal 0.995187 0.0979935 0
    outer loop
      vertex 54.75 53.1 0.2
      vertex 54.5579 55.0509 0
      vertex 54.5579 55.0509 0.2
    endloop
  endfacet
  facet normal 0.995187 0.0979935 0
    outer loop
      vertex 54.5579 55.0509 0
      vertex 54.75 53.1 0.2
      vertex 54.75 53.1 0
    endloop
  endfacet
  facet normal -0.995187 0.0979935 0
    outer loop
      vertex 34.75 53.1 0
      vertex 34.9421 55.0509 0.2
      vertex 34.9421 55.0509 0
    endloop
  endfacet
  facet normal -0.995187 0.0979935 0
    outer loop
      vertex 34.9421 55.0509 0.2
      vertex 34.75 53.1 0
      vertex 34.75 53.1 0.2
    endloop
  endfacet
  facet normal -0.956933 0.290309 0
    outer loop
      vertex 34.9421 55.0509 0
      vertex 35.5112 56.9268 0.2
      vertex 35.5112 56.9268 0
    endloop
  endfacet
  facet normal -0.956933 0.290309 0
    outer loop
      vertex 35.5112 56.9268 0.2
      vertex 34.9421 55.0509 0
      vertex 34.9421 55.0509 0.2
    endloop
  endfacet
  facet normal 0.634376 -0.773025 0
    outer loop
      vertex 50.3057 44.7853 0
      vertex 51.8211 46.0289 0.2
      vertex 50.3057 44.7853 0.2
    endloop
  endfacet
  facet normal 0.634376 -0.773025 0
    outer loop
      vertex 51.8211 46.0289 0.2
      vertex 50.3057 44.7853 0
      vertex 51.8211 46.0289 0
    endloop
  endfacet
  facet normal 0.956933 0.290309 0
    outer loop
      vertex 54.5579 55.0509 0.2
      vertex 53.9888 56.9268 0
      vertex 53.9888 56.9268 0.2
    endloop
  endfacet
  facet normal 0.956933 0.290309 0
    outer loop
      vertex 53.9888 56.9268 0
      vertex 54.5579 55.0509 0.2
      vertex 54.5579 55.0509 0
    endloop
  endfacet
  facet normal -0.0979935 -0.995187 0
    outer loop
      vertex 42.7991 43.2921 0
      vertex 44.75 43.1 0.2
      vertex 42.7991 43.2921 0.2
    endloop
  endfacet
  facet normal -0.0979935 -0.995187 -0
    outer loop
      vertex 44.75 43.1 0.2
      vertex 42.7991 43.2921 0
      vertex 44.75 43.1 0
    endloop
  endfacet
  facet normal -0.995187 -0.0979935 0
    outer loop
      vertex 34.9421 51.1491 0
      vertex 34.75 53.1 0.2
      vertex 34.75 53.1 0
    endloop
  endfacet
  facet normal -0.995187 -0.0979935 0
    outer loop
      vertex 34.75 53.1 0.2
      vertex 34.9421 51.1491 0
      vertex 34.9421 51.1491 0.2
    endloop
  endfacet
  facet normal -0.47139 0.881925 0
    outer loop
      vertex 40.9232 62.3388 0
      vertex 39.1943 61.4147 0.2
      vertex 40.9232 62.3388 0.2
    endloop
  endfacet
  facet normal -0.47139 0.881925 0
    outer loop
      vertex 39.1943 61.4147 0.2
      vertex 40.9232 62.3388 0
      vertex 39.1943 61.4147 0
    endloop
  endfacet
  facet normal 0.773025 -0.634376 0
    outer loop
      vertex 51.8211 46.0289 0.2
      vertex 53.0647 47.5443 0
      vertex 53.0647 47.5443 0.2
    endloop
  endfacet
  facet normal 0.773025 -0.634376 0
    outer loop
      vertex 53.0647 47.5443 0
      vertex 51.8211 46.0289 0.2
      vertex 51.8211 46.0289 0
    endloop
  endfacet
  facet normal 0.881925 -0.47139 0
    outer loop
      vertex 53.0647 47.5443 0.2
      vertex 53.9888 49.2732 0
      vertex 53.9888 49.2732 0.2
    endloop
  endfacet
  facet normal 0.881925 -0.47139 0
    outer loop
      vertex 53.9888 49.2732 0
      vertex 53.0647 47.5443 0.2
      vertex 53.0647 47.5443 0
    endloop
  endfacet
  facet normal -0.0979935 0.995187 0
    outer loop
      vertex 44.75 63.1 0
      vertex 42.7991 62.9079 0.2
      vertex 44.75 63.1 0.2
    endloop
  endfacet
  facet normal -0.0979935 0.995187 0
    outer loop
      vertex 42.7991 62.9079 0.2
      vertex 44.75 63.1 0
      vertex 42.7991 62.9079 0
    endloop
  endfacet
  facet normal 0.47139 -0.881925 0
    outer loop
      vertex 48.5768 43.8612 0
      vertex 50.3057 44.7853 0.2
      vertex 48.5768 43.8612 0.2
    endloop
  endfacet
  facet normal 0.47139 -0.881925 0
    outer loop
      vertex 50.3057 44.7853 0.2
      vertex 48.5768 43.8612 0
      vertex 50.3057 44.7853 0
    endloop
  endfacet
  facet normal 0.634376 0.773025 -0
    outer loop
      vertex 51.8211 60.1711 0
      vertex 50.3057 61.4147 0.2
      vertex 51.8211 60.1711 0.2
    endloop
  endfacet
  facet normal 0.634376 0.773025 0
    outer loop
      vertex 50.3057 61.4147 0.2
      vertex 51.8211 60.1711 0
      vertex 50.3057 61.4147 0
    endloop
  endfacet
  facet normal 0.956933 -0.290309 0
    outer loop
      vertex 53.9888 49.2732 0.2
      vertex 54.5579 51.1491 0
      vertex 54.5579 51.1491 0.2
    endloop
  endfacet
  facet normal 0.956933 -0.290309 0
    outer loop
      vertex 54.5579 51.1491 0
      vertex 53.9888 49.2732 0.2
      vertex 53.9888 49.2732 0
    endloop
  endfacet
  facet normal 0 0 -1
    outer loop
      vertex 54.5579 51.1491 0
      vertex 54.5579 55.0509 0
      vertex 54.75 53.1 0
    endloop
  endfacet
  facet normal 0 0 -1
    outer loop
      vertex 53.9888 49.2732 0
      vertex 54.5579 55.0509 0
      vertex 54.5579 51.1491 0
    endloop
  endfacet
  facet normal 0 0 -1
    outer loop
      vertex 53.9888 49.2732 0
      vertex 53.9888 56.9268 0
      vertex 54.5579 55.0509 0
    endloop
  endfacet
  facet normal 0 0 -1
    outer loop
      vertex 53.0647 47.5443 0
      vertex 53.9888 56.9268 0
      vertex 53.9888 49.2732 0
    endloop
  endfacet
  facet normal 0 0 -1
    outer loop
      vertex 53.0647 47.5443 0
      vertex 53.0647 58.6557 0
      vertex 53.9888 56.9268 0
    endloop
  endfacet
  facet normal 0 0 -1
    outer loop
      vertex 51.8211 46.0289 0
      vertex 53.0647 58.6557 0
      vertex 53.0647 47.5443 0
    endloop
  endfacet
  facet normal 0 0 -1
    outer loop
      vertex 51.8211 46.0289 0
      vertex 51.8211 60.1711 0
      vertex 53.0647 58.6557 0
    endloop
  endfacet
  facet normal 0 0 -1
    outer loop
      vertex 50.3057 44.7853 0
      vertex 51.8211 60.1711 0
      vertex 51.8211 46.0289 0
    endloop
  endfacet
  facet normal 0 0 -1
    outer loop
      vertex 50.3057 44.7853 0
      vertex 50.3057 61.4147 0
      vertex 51.8211 60.1711 0
    endloop
  endfacet
  facet normal 0 0 -1
    outer loop
      vertex 48.5768 43.8612 0
      vertex 50.3057 61.4147 0
      vertex 50.3057 44.7853 0
    endloop
  endfacet
  facet normal 0 0 -1
    outer loop
      vertex 48.5768 43.8612 0
      vertex 48.5768 62.3388 0
      vertex 50.3057 61.4147 0
    endloop
  endfacet
  facet normal 0 0 -1
    outer loop
      vertex 46.7009 43.2921 0
      vertex 48.5768 62.3388 0
      vertex 48.5768 43.8612 0
    endloop
  endfacet
  facet normal 0 0 -1
    outer loop
      vertex 46.7009 43.2921 0
      vertex 46.7009 62.9079 0
      vertex 48.5768 62.3388 0
    endloop
  endfacet
  facet normal 0 0 -1
    outer loop
      vertex 44.75 43.1 0
      vertex 46.7009 62.9079 0
      vertex 46.7009 43.2921 0
    endloop
  endfacet
  facet normal 0 0 -1
    outer loop
      vertex 44.75 43.1 0
      vertex 44.75 63.1 0
      vertex 46.7009 62.9079 0
    endloop
  endfacet
  facet normal 0 0 -1
    outer loop
      vertex 42.7991 43.2921 0
      vertex 44.75 63.1 0
      vertex 44.75 43.1 0
    endloop
  endfacet
  facet normal 0 0 -1
    outer loop
      vertex 42.7991 43.2921 0
      vertex 42.7991 62.9079 0
      vertex 44.75 63.1 0
    endloop
  endfacet
  facet normal 0 0 -1
    outer loop
      vertex 40.9232 43.8612 0
      vertex 42.7991 62.9079 0
      vertex 42.7991 43.2921 0
    endloop
  endfacet
  facet normal 0 0 -1
    outer loop
      vertex 40.9232 43.8612 0
      vertex 40.9232 62.3388 0
      vertex 42.7991 62.9079 0
    endloop
  endfacet
  facet normal 0 0 -1
    outer loop
      vertex 39.1943 44.7853 0
      vertex 40.9232 62.3388 0
      vertex 40.9232 43.8612 0
    endloop
  endfacet
  facet normal 0 0 -1
    outer loop
      vertex 39.1943 44.7853 0
      vertex 39.1943 61.4147 0
      vertex 40.9232 62.3388 0
    endloop
  endfacet
  facet normal 0 0 -1
    outer loop
      vertex 37.6789 46.0289 0
      vertex 39.1943 61.4147 0
      vertex 39.1943 44.7853 0
    endloop
  endfacet
  facet normal 0 0 -1
    outer loop
      vertex 37.6789 46.0289 0
      vertex 37.6789 60.1711 0
      vertex 39.1943 61.4147 0
    endloop
  endfacet
  facet normal 0 0 -1
    outer loop
      vertex 36.4353 47.5443 0
      vertex 37.6789 60.1711 0
      vertex 37.6789 46.0289 0
    endloop
  endfacet
  facet normal 0 0 -1
    outer loop
      vertex 36.4353 47.5443 0
      vertex 36.4353 58.6557 0
      vertex 37.6789 60.1711 0
    endloop
  endfacet
  facet normal 0 0 -1
    outer loop
      vertex 35.5112 49.2732 0
      vertex 36.4353 58.6557 0
      vertex 36.4353 47.5443 0
    endloop
  endfacet
  facet normal 0 0 -1
    outer loop
      vertex 35.5112 49.2732 0
      vertex 35.5112 56.9268 0
      vertex 36.4353 58.6557 0
    endloop
  endfacet
  facet normal 0 0 -1
    outer loop
      vertex 34.9421 51.1491 0
      vertex 35.5112 56.9268 0
      vertex 35.5112 49.2732 0
    endloop
  endfacet
  facet normal 0 0 -1
    outer loop
      vertex 34.9421 51.1491 0
      vertex 34.9421 55.0509 0
      vertex 35.5112 56.9268 0
    endloop
  endfacet
  facet normal 0 -0 -1
    outer loop
      vertex 34.9421 55.0509 0
      vertex 34.9421 51.1491 0
      vertex 34.75 53.1 0
    endloop
  endfacet
  facet normal 0.773025 0.634376 0
    outer loop
      vertex 53.0647 58.6557 0.2
      vertex 51.8211 60.1711 0
      vertex 51.8211 60.1711 0.2
    endloop
  endfacet
  facet normal 0.773025 0.634376 0
    outer loop
      vertex 51.8211 60.1711 0
      vertex 53.0647 58.6557 0.2
      vertex 53.0647 58.6557 0
    endloop
  endfacet
  facet normal 0.47139 0.881925 -0
    outer loop
      vertex 50.3057 61.4147 0
      vertex 48.5768 62.3388 0.2
      vertex 50.3057 61.4147 0.2
    endloop
  endfacet
  facet normal 0.47139 0.881925 0
    outer loop
      vertex 48.5768 62.3388 0.2
      vertex 50.3057 61.4147 0
      vertex 48.5768 62.3388 0
    endloop
  endfacet
  facet normal -0.471364 -0.881939 -0
    outer loop
      vertex 39.1943 44.7853 0.0036108
      vertex 39.1943 44.7853 0
      vertex 40.0735 44.3154 0.0036108
    endloop
  endfacet
  facet normal -0.471171 -0.882042 0.000552627
    outer loop
      vertex 40.9232 43.8612 0
      vertex 40.5056 44.0844 0.2
      vertex 40.4758 44.1003 0.170242
    endloop
  endfacet
  facet normal -0.471417 -0.88191 -0.000277183
    outer loop
      vertex 40.9232 43.8612 0
      vertex 40.4758 44.1003 0.170242
      vertex 40.3535 44.1657 0.0885584
    endloop
  endfacet
  facet normal -0.471406 -0.881917 -0.000182466
    outer loop
      vertex 40.9232 43.8612 0
      vertex 40.3535 44.1657 0.0885584
      vertex 40.2177 44.2383 0.0322945
    endloop
  endfacet
  facet normal -0.471377 -0.881932 0
    outer loop
      vertex 40.5056 44.0844 0.2
      vertex 40.9232 43.8612 0
      vertex 40.9232 43.8612 0.2
    endloop
  endfacet
  facet normal -0.471419 -0.881909 -0.000574991
    outer loop
      vertex 40.0735 44.3154 0.0036108
      vertex 40.9232 43.8612 0
      vertex 40.2177 44.2383 0.0322945
    endloop
  endfacet
  facet normal -0.471374 -0.881894 0.00827971
    outer loop
      vertex 40.9232 43.8612 0
      vertex 40.0735 44.3154 0.0036108
      vertex 39.1943 44.7853 0
    endloop
  endfacet
  facet normal -0.634376 0.773025 0
    outer loop
      vertex 39.1943 61.4147 0
      vertex 37.6789 60.1711 0.2
      vertex 39.1943 61.4147 0.2
    endloop
  endfacet
  facet normal -0.634376 0.773025 0
    outer loop
      vertex 37.6789 60.1711 0.2
      vertex 39.1943 61.4147 0
      vertex 37.6789 60.1711 0
    endloop
  endfacet
  facet normal -0.773025 -0.634376 0
    outer loop
      vertex 37.6789 46.0289 0
      vertex 36.4353 47.5443 0.0036108
      vertex 36.4353 47.5443 0
    endloop
  endfacet
  facet normal -0.773025 -0.634376 0
    outer loop
      vertex 36.4353 47.5443 0.0036108
      vertex 37.6789 46.0289 0
      vertex 37.6789 46.0289 0.0036108
    endloop
  endfacet
  facet normal 0.0979935 -0.995187 0
    outer loop
      vertex 44.75 43.1 0
      vertex 46.7009 43.2921 0.2
      vertex 44.75 43.1 0.2
    endloop
  endfacet
  facet normal 0.0979935 -0.995187 0
    outer loop
      vertex 46.7009 43.2921 0.2
      vertex 44.75 43.1 0
      vertex 46.7009 43.2921 0
    endloop
  endfacet
  facet normal -0.290309 -0.956933 0
    outer loop
      vertex 40.9232 43.8612 0
      vertex 42.7991 43.2921 0.2
      vertex 40.9232 43.8612 0.2
    endloop
  endfacet
  facet normal -0.290309 -0.956933 -0
    outer loop
      vertex 42.7991 43.2921 0.2
      vertex 40.9232 43.8612 0
      vertex 42.7991 43.2921 0
    endloop
  endfacet
  facet normal 0.290309 -0.956933 0
    outer loop
      vertex 46.7009 43.2921 0
      vertex 48.5768 43.8612 0.2
      vertex 46.7009 43.2921 0.2
    endloop
  endfacet
  facet normal 0.290309 -0.956933 0
    outer loop
      vertex 48.5768 43.8612 0.2
      vertex 46.7009 43.2921 0
      vertex 48.5768 43.8612 0
    endloop
  endfacet
  facet normal -0.881932 -0.471377 0
    outer loop
      vertex 35.5112 49.2732 0
      vertex 35.7344 48.8556 0.2
      vertex 35.5112 49.2732 0.2
    endloop
  endfacet
  facet normal -0.882042 -0.471171 0.000552627
    outer loop
      vertex 35.5112 49.2732 0
      vertex 35.7503 48.8258 0.170242
      vertex 35.7344 48.8556 0.2
    endloop
  endfacet
  facet normal -0.88191 -0.471417 -0.000277183
    outer loop
      vertex 35.5112 49.2732 0
      vertex 35.8157 48.7035 0.0885584
      vertex 35.7503 48.8258 0.170242
    endloop
  endfacet
  facet normal -0.881917 -0.471406 -0.000182466
    outer loop
      vertex 35.5112 49.2732 0
      vertex 35.8883 48.5677 0.0322945
      vertex 35.8157 48.7035 0.0885584
    endloop
  endfacet
  facet normal -0.881909 -0.471419 -0.000574991
    outer loop
      vertex 35.5112 49.2732 0
      vertex 35.9654 48.4235 0.0036108
      vertex 35.8883 48.5677 0.0322945
    endloop
  endfacet
  facet normal -0.881894 -0.471374 0.00827971
    outer loop
      vertex 36.4353 47.5443 0
      vertex 35.9654 48.4235 0.0036108
      vertex 35.5112 49.2732 0
    endloop
  endfacet
  facet normal -0.881939 -0.471364 0
    outer loop
      vertex 35.9654 48.4235 0.0036108
      vertex 36.4353 47.5443 0
      vertex 36.4353 47.5443 0.0036108
    endloop
  endfacet
  facet normal 0.0979935 0.995187 -0
    outer loop
      vertex 46.7009 62.9079 0
      vertex 44.75 63.1 0.2
      vertex 46.7009 62.9079 0.2
    endloop
  endfacet
  facet normal 0.0979935 0.995187 0
    outer loop
      vertex 44.75 63.1 0.2
      vertex 46.7009 62.9079 0
      vertex 44.75 63.1 0
    endloop
  endfacet
  facet normal -0.881925 0.47139 0
    outer loop
      vertex 35.5112 56.9268 0
      vertex 36.4353 58.6557 0.2
      vertex 36.4353 58.6557 0
    endloop
  endfacet
  facet normal -0.881925 0.47139 0
    outer loop
      vertex 36.4353 58.6557 0.2
      vertex 35.5112 56.9268 0
      vertex 35.5112 56.9268 0.2
    endloop
  endfacet
endsolid OpenSCAD_Model
