solid OpenSCAD_Model
  facet normal 0 0 1
    outer loop
      vertex 6.97981 0.204834 3.35
      vertex 6.97981 -0.204849 3.35
      vertex 7 0 3.35
    endloop
  endfacet
  facet normal 0 0 1
    outer loop
      vertex 6.92006 0.40181 3.35
      vertex 6.97981 -0.204849 3.35
      vertex 6.97981 0.204834 3.35
    endloop
  endfacet
  facet normal 0 0 1
    outer loop
      vertex 6.92006 0.40181 3.35
      vertex 6.92006 -0.401825 3.35
      vertex 6.97981 -0.204849 3.35
    endloop
  endfacet
  facet normal 0 0 1
    outer loop
      vertex 6.82303 0.583344 3.35
      vertex 6.92006 -0.401825 3.35
      vertex 6.92006 0.40181 3.35
    endloop
  endfacet
  facet normal 0 0 1
    outer loop
      vertex 6.82303 0.583344 3.35
      vertex 6.82303 -0.583359 3.35
      vertex 6.92006 -0.401825 3.35
    endloop
  endfacet
  facet normal 0 0 1
    outer loop
      vertex 6.69246 0.742447 3.35
      vertex 6.82303 -0.583359 3.35
      vertex 6.82303 0.583344 3.35
    endloop
  endfacet
  facet normal 0 0 1
    outer loop
      vertex 6.69246 0.742447 3.35
      vertex 6.69246 -0.742462 3.35
      vertex 6.82303 -0.583359 3.35
    endloop
  endfacet
  facet normal 0 0 1
    outer loop
      vertex 6.53334 0.873032 3.35
      vertex 6.69246 -0.742462 3.35
      vertex 6.69246 0.742447 3.35
    endloop
  endfacet
  facet normal 0 0 1
    outer loop
      vertex 6.53334 0.873032 3.35
      vertex 6.53334 -0.873047 3.35
      vertex 6.69246 -0.742462 3.35
    endloop
  endfacet
  facet normal 0 0 1
    outer loop
      vertex 6.35181 0.970062 3.35
      vertex 6.53334 -0.873047 3.35
      vertex 6.53334 0.873032 3.35
    endloop
  endfacet
  facet normal 0 0 1
    outer loop
      vertex 6.35181 0.970062 3.35
      vertex 6.35181 -0.970078 3.35
      vertex 6.53334 -0.873047 3.35
    endloop
  endfacet
  facet normal 0 0 1
    outer loop
      vertex 6.15483 1.02982 3.35
      vertex 6.35181 -0.970078 3.35
      vertex 6.35181 0.970062 3.35
    endloop
  endfacet
  facet normal 0 0 1
    outer loop
      vertex 6.15483 1.02982 3.35
      vertex 6.15483 -1.02983 3.35
      vertex 6.35181 -0.970078 3.35
    endloop
  endfacet
  facet normal 0 0 1
    outer loop
      vertex 5.95 1.04999 3.35
      vertex 6.15483 -1.02983 3.35
      vertex 6.15483 1.02982 3.35
    endloop
  endfacet
  facet normal 0 0 1
    outer loop
      vertex 5.95 1.04999 3.35
      vertex 5.95 -1.05 3.35
      vertex 6.15483 -1.02983 3.35
    endloop
  endfacet
  facet normal 0 0 1
    outer loop
      vertex 5.95 1.04999 3.35
      vertex 1.14999 -1.05 3.35
      vertex 5.95 -1.05 3.35
    endloop
  endfacet
  facet normal 0 0 1
    outer loop
      vertex -1.14999 -17.15 3.35
      vertex 1.14999 -17.15 3.35
      vertex 1.14999 -1.05 3.35
    endloop
  endfacet
  facet normal 0 0 1
    outer loop
      vertex 1.14999 -17.15 3.35
      vertex -1.14999 -17.15 3.35
      vertex 0.531219 -18.52 3.35
    endloop
  endfacet
  facet normal 0 -0 1
    outer loop
      vertex -0.531219 -18.52 3.35
      vertex 0.531219 -18.52 3.35
      vertex -1.14999 -17.15 3.35
    endloop
  endfacet
  facet normal 0 0 1
    outer loop
      vertex 0.531219 -18.52 3.35
      vertex -0.531219 -18.52 3.35
      vertex 0.478088 -18.6194 3.35
    endloop
  endfacet
  facet normal 0 0 1
    outer loop
      vertex 0.478088 -18.6194 3.35
      vertex -0.531219 -18.52 3.35
      vertex 0.406586 -18.7066 3.35
    endloop
  endfacet
  facet normal 0 0 1
    outer loop
      vertex 0.406586 -18.7066 3.35
      vertex -0.531219 -18.52 3.35
      vertex 0.319443 -18.7781 3.35
    endloop
  endfacet
  facet normal 0 0 1
    outer loop
      vertex 0.319443 -18.7781 3.35
      vertex -0.531219 -18.52 3.35
      vertex 0.220032 -18.8312 3.35
    endloop
  endfacet
  facet normal 0 0 1
    outer loop
      vertex 0.220032 -18.8312 3.35
      vertex -0.531219 -18.52 3.35
      vertex 0.112167 -18.8639 3.35
    endloop
  endfacet
  facet normal 0 0 1
    outer loop
      vertex 0.112167 -18.8639 3.35
      vertex -0.531219 -18.52 3.35
      vertex 0 -18.875 3.35
    endloop
  endfacet
  facet normal 0 0 1
    outer loop
      vertex 0 -18.875 3.35
      vertex -0.531219 -18.52 3.35
      vertex -0.112167 -18.8639 3.35
    endloop
  endfacet
  facet normal 0 0 1
    outer loop
      vertex -0.112167 -18.8639 3.35
      vertex -0.531219 -18.52 3.35
      vertex -0.220032 -18.8312 3.35
    endloop
  endfacet
  facet normal 0 0 1
    outer loop
      vertex -0.220032 -18.8312 3.35
      vertex -0.531219 -18.52 3.35
      vertex -0.319443 -18.7781 3.35
    endloop
  endfacet
  facet normal 0 0 1
    outer loop
      vertex -0.319443 -18.7781 3.35
      vertex -0.531219 -18.52 3.35
      vertex -0.406586 -18.7066 3.35
    endloop
  endfacet
  facet normal 0 0 1
    outer loop
      vertex -1.14999 -17.15 3.35
      vertex 1.14999 -1.05 3.35
      vertex -1.14999 -1.05 3.35
    endloop
  endfacet
  facet normal 0 0 1
    outer loop
      vertex 5.95 1.04999 3.35
      vertex -1.14999 -1.05 3.35
      vertex 1.14999 -1.05 3.35
    endloop
  endfacet
  facet normal -0 0 1
    outer loop
      vertex -6.04999 1.04999 3.35
      vertex -1.14999 -1.05 3.35
      vertex 5.95 1.04999 3.35
    endloop
  endfacet
  facet normal 0 0 1
    outer loop
      vertex -6.04999 1.04999 3.35
      vertex -6.04999 -1.05 3.35
      vertex -1.14999 -1.05 3.35
    endloop
  endfacet
  facet normal -0 0 1
    outer loop
      vertex -6.25484 1.02982 3.35
      vertex -6.04999 -1.05 3.35
      vertex -6.04999 1.04999 3.35
    endloop
  endfacet
  facet normal 0 0 1
    outer loop
      vertex -6.25484 1.02982 3.35
      vertex -6.25484 -1.02983 3.35
      vertex -6.04999 -1.05 3.35
    endloop
  endfacet
  facet normal -0 0 1
    outer loop
      vertex -6.45181 0.970062 3.35
      vertex -6.25484 -1.02983 3.35
      vertex -6.25484 1.02982 3.35
    endloop
  endfacet
  facet normal 0 0 1
    outer loop
      vertex -6.45181 0.970062 3.35
      vertex -6.45181 -0.970078 3.35
      vertex -6.25484 -1.02983 3.35
    endloop
  endfacet
  facet normal -0 0 1
    outer loop
      vertex -6.63335 0.873032 3.35
      vertex -6.45181 -0.970078 3.35
      vertex -6.45181 0.970062 3.35
    endloop
  endfacet
  facet normal 0 0 1
    outer loop
      vertex -6.63335 0.873032 3.35
      vertex -6.63335 -0.873047 3.35
      vertex -6.45181 -0.970078 3.35
    endloop
  endfacet
  facet normal -0 0 1
    outer loop
      vertex -6.79245 0.742447 3.35
      vertex -6.63335 -0.873047 3.35
      vertex -6.63335 0.873032 3.35
    endloop
  endfacet
  facet normal 0 0 1
    outer loop
      vertex -6.79245 0.742447 3.35
      vertex -6.79245 -0.742462 3.35
      vertex -6.63335 -0.873047 3.35
    endloop
  endfacet
  facet normal -0 0 1
    outer loop
      vertex -6.92303 0.583344 3.35
      vertex -6.79245 -0.742462 3.35
      vertex -6.79245 0.742447 3.35
    endloop
  endfacet
  facet normal 0 0 1
    outer loop
      vertex -6.92303 0.583344 3.35
      vertex -6.92303 -0.583359 3.35
      vertex -6.79245 -0.742462 3.35
    endloop
  endfacet
  facet normal -0 0 1
    outer loop
      vertex -7.02007 0.40181 3.35
      vertex -6.92303 -0.583359 3.35
      vertex -6.92303 0.583344 3.35
    endloop
  endfacet
  facet normal 0 0 1
    outer loop
      vertex -7.02007 0.40181 3.35
      vertex -7.02007 -0.401825 3.35
      vertex -6.92303 -0.583359 3.35
    endloop
  endfacet
  facet normal -0 0 1
    outer loop
      vertex -7.07982 0.204834 3.35
      vertex -7.02007 -0.401825 3.35
      vertex -7.02007 0.40181 3.35
    endloop
  endfacet
  facet normal 0 0 1
    outer loop
      vertex -7.07982 0.204834 3.35
      vertex -7.07982 -0.204849 3.35
      vertex -7.02007 -0.401825 3.35
    endloop
  endfacet
  facet normal 0 -0 1
    outer loop
      vertex -7.07982 -0.204849 3.35
      vertex -7.07982 0.204834 3.35
      vertex -7.09999 0 3.35
    endloop
  endfacet
  facet normal 0 0 1
    outer loop
      vertex -0.406586 -18.7066 3.35
      vertex -0.531219 -18.52 3.35
      vertex -0.478088 -18.6194 3.35
    endloop
  endfacet
  facet normal 0 0 -1
    outer loop
      vertex -1.14999 -17.15 -3.35
      vertex 1.14999 -17.15 -3.35
      vertex 0.531219 -18.52 -3.35
    endloop
  endfacet
  facet normal 0 0 -1
    outer loop
      vertex 6.97981 -0.204849 -3.35
      vertex 6.97981 0.204834 -3.35
      vertex 7 0 -3.35
    endloop
  endfacet
  facet normal 0 0 -1
    outer loop
      vertex 6.92006 -0.401825 -3.35
      vertex 6.97981 0.204834 -3.35
      vertex 6.97981 -0.204849 -3.35
    endloop
  endfacet
  facet normal 0 0 -1
    outer loop
      vertex 6.92006 -0.401825 -3.35
      vertex 6.92006 0.40181 -3.35
      vertex 6.97981 0.204834 -3.35
    endloop
  endfacet
  facet normal 0 0 -1
    outer loop
      vertex 6.82303 -0.583359 -3.35
      vertex 6.92006 0.40181 -3.35
      vertex 6.92006 -0.401825 -3.35
    endloop
  endfacet
  facet normal 0 0 -1
    outer loop
      vertex 6.82303 -0.583359 -3.35
      vertex 6.82303 0.583344 -3.35
      vertex 6.92006 0.40181 -3.35
    endloop
  endfacet
  facet normal 0 0 -1
    outer loop
      vertex 6.69246 -0.742462 -3.35
      vertex 6.82303 0.583344 -3.35
      vertex 6.82303 -0.583359 -3.35
    endloop
  endfacet
  facet normal 0 0 -1
    outer loop
      vertex 6.69246 -0.742462 -3.35
      vertex 6.69246 0.742447 -3.35
      vertex 6.82303 0.583344 -3.35
    endloop
  endfacet
  facet normal 0 0 -1
    outer loop
      vertex 6.53334 -0.873047 -3.35
      vertex 6.69246 0.742447 -3.35
      vertex 6.69246 -0.742462 -3.35
    endloop
  endfacet
  facet normal 0 0 -1
    outer loop
      vertex 6.53334 -0.873047 -3.35
      vertex 6.53334 0.873032 -3.35
      vertex 6.69246 0.742447 -3.35
    endloop
  endfacet
  facet normal 0 0 -1
    outer loop
      vertex 6.35181 -0.970078 -3.35
      vertex 6.53334 0.873032 -3.35
      vertex 6.53334 -0.873047 -3.35
    endloop
  endfacet
  facet normal 0 0 -1
    outer loop
      vertex 6.35181 -0.970078 -3.35
      vertex 6.35181 0.970062 -3.35
      vertex 6.53334 0.873032 -3.35
    endloop
  endfacet
  facet normal 0 0 -1
    outer loop
      vertex 6.15483 -1.02983 -3.35
      vertex 6.35181 0.970062 -3.35
      vertex 6.35181 -0.970078 -3.35
    endloop
  endfacet
  facet normal 0 0 -1
    outer loop
      vertex 6.15483 -1.02983 -3.35
      vertex 6.15483 1.02982 -3.35
      vertex 6.35181 0.970062 -3.35
    endloop
  endfacet
  facet normal 0 0 -1
    outer loop
      vertex 5.95 -1.05 -3.35
      vertex 6.15483 1.02982 -3.35
      vertex 6.15483 -1.02983 -3.35
    endloop
  endfacet
  facet normal 0 0 -1
    outer loop
      vertex 5.95 -1.05 -3.35
      vertex 5.95 1.04999 -3.35
      vertex 6.15483 1.02982 -3.35
    endloop
  endfacet
  facet normal 0 0 -1
    outer loop
      vertex 1.14999 -1.05 -3.35
      vertex 5.95 1.04999 -3.35
      vertex 5.95 -1.05 -3.35
    endloop
  endfacet
  facet normal 0 0 -1
    outer loop
      vertex -0.531219 -18.52 -3.35
      vertex 0.531219 -18.52 -3.35
      vertex 0.478088 -18.6194 -3.35
    endloop
  endfacet
  facet normal 0 0 -1
    outer loop
      vertex -0.531219 -18.52 -3.35
      vertex 0.478088 -18.6194 -3.35
      vertex 0.406586 -18.7066 -3.35
    endloop
  endfacet
  facet normal 0 0 -1
    outer loop
      vertex -0.531219 -18.52 -3.35
      vertex 0.406586 -18.7066 -3.35
      vertex 0.319443 -18.7781 -3.35
    endloop
  endfacet
  facet normal 0 0 -1
    outer loop
      vertex -0.531219 -18.52 -3.35
      vertex 0.319443 -18.7781 -3.35
      vertex 0.220032 -18.8312 -3.35
    endloop
  endfacet
  facet normal 0 0 -1
    outer loop
      vertex -0.531219 -18.52 -3.35
      vertex 0.220032 -18.8312 -3.35
      vertex 0.112167 -18.8639 -3.35
    endloop
  endfacet
  facet normal 0 0 -1
    outer loop
      vertex -0.531219 -18.52 -3.35
      vertex 0.112167 -18.8639 -3.35
      vertex 0 -18.875 -3.35
    endloop
  endfacet
  facet normal 0 0 -1
    outer loop
      vertex -0.531219 -18.52 -3.35
      vertex 0 -18.875 -3.35
      vertex -0.112167 -18.8639 -3.35
    endloop
  endfacet
  facet normal 0 0 -1
    outer loop
      vertex -0.531219 -18.52 -3.35
      vertex -0.112167 -18.8639 -3.35
      vertex -0.220032 -18.8312 -3.35
    endloop
  endfacet
  facet normal 0 0 -1
    outer loop
      vertex -0.531219 -18.52 -3.35
      vertex -0.220032 -18.8312 -3.35
      vertex -0.319443 -18.7781 -3.35
    endloop
  endfacet
  facet normal 0 0 -1
    outer loop
      vertex -0.531219 -18.52 -3.35
      vertex -0.319443 -18.7781 -3.35
      vertex -0.406586 -18.7066 -3.35
    endloop
  endfacet
  facet normal 0 0 -1
    outer loop
      vertex -0.531219 -18.52 -3.35
      vertex -0.406586 -18.7066 -3.35
      vertex -0.478088 -18.6194 -3.35
    endloop
  endfacet
  facet normal 0 0 -1
    outer loop
      vertex 0.531219 -18.52 -3.35
      vertex -0.531219 -18.52 -3.35
      vertex -1.14999 -17.15 -3.35
    endloop
  endfacet
  facet normal 0 0 -1
    outer loop
      vertex 1.14999 -17.15 -3.35
      vertex -1.14999 -17.15 -3.35
      vertex 1.14999 -1.05 -3.35
    endloop
  endfacet
  facet normal 0 0 -1
    outer loop
      vertex -1.14999 -1.05 -3.35
      vertex 1.14999 -1.05 -3.35
      vertex -1.14999 -17.15 -3.35
    endloop
  endfacet
  facet normal 0 0 -1
    outer loop
      vertex -1.14999 -1.05 -3.35
      vertex 5.95 1.04999 -3.35
      vertex 1.14999 -1.05 -3.35
    endloop
  endfacet
  facet normal 0 0 -1
    outer loop
      vertex -6.04999 1.04999 -3.35
      vertex -1.14999 -1.05 -3.35
      vertex -6.04999 -1.05 -3.35
    endloop
  endfacet
  facet normal 0 0 -1
    outer loop
      vertex -1.14999 -1.05 -3.35
      vertex -6.04999 1.04999 -3.35
      vertex 5.95 1.04999 -3.35
    endloop
  endfacet
  facet normal 0 0 -1
    outer loop
      vertex -6.25484 -1.02983 -3.35
      vertex -6.04999 1.04999 -3.35
      vertex -6.04999 -1.05 -3.35
    endloop
  endfacet
  facet normal 0 0 -1
    outer loop
      vertex -6.25484 -1.02983 -3.35
      vertex -6.25484 1.02982 -3.35
      vertex -6.04999 1.04999 -3.35
    endloop
  endfacet
  facet normal 0 0 -1
    outer loop
      vertex -6.45181 -0.970078 -3.35
      vertex -6.25484 1.02982 -3.35
      vertex -6.25484 -1.02983 -3.35
    endloop
  endfacet
  facet normal 0 0 -1
    outer loop
      vertex -6.45181 -0.970078 -3.35
      vertex -6.45181 0.970062 -3.35
      vertex -6.25484 1.02982 -3.35
    endloop
  endfacet
  facet normal 0 0 -1
    outer loop
      vertex -6.63335 -0.873047 -3.35
      vertex -6.45181 0.970062 -3.35
      vertex -6.45181 -0.970078 -3.35
    endloop
  endfacet
  facet normal 0 0 -1
    outer loop
      vertex -6.63335 -0.873047 -3.35
      vertex -6.63335 0.873032 -3.35
      vertex -6.45181 0.970062 -3.35
    endloop
  endfacet
  facet normal 0 0 -1
    outer loop
      vertex -6.79245 -0.742462 -3.35
      vertex -6.63335 0.873032 -3.35
      vertex -6.63335 -0.873047 -3.35
    endloop
  endfacet
  facet normal 0 0 -1
    outer loop
      vertex -6.79245 -0.742462 -3.35
      vertex -6.79245 0.742447 -3.35
      vertex -6.63335 0.873032 -3.35
    endloop
  endfacet
  facet normal 0 0 -1
    outer loop
      vertex -6.92303 -0.583359 -3.35
      vertex -6.79245 0.742447 -3.35
      vertex -6.79245 -0.742462 -3.35
    endloop
  endfacet
  facet normal 0 0 -1
    outer loop
      vertex -6.92303 -0.583359 -3.35
      vertex -6.92303 0.583344 -3.35
      vertex -6.79245 0.742447 -3.35
    endloop
  endfacet
  facet normal 0 0 -1
    outer loop
      vertex -7.02007 -0.401825 -3.35
      vertex -6.92303 0.583344 -3.35
      vertex -6.92303 -0.583359 -3.35
    endloop
  endfacet
  facet normal 0 0 -1
    outer loop
      vertex -7.02007 -0.401825 -3.35
      vertex -7.02007 0.40181 -3.35
      vertex -6.92303 0.583344 -3.35
    endloop
  endfacet
  facet normal 0 0 -1
    outer loop
      vertex -7.07982 -0.204849 -3.35
      vertex -7.02007 0.40181 -3.35
      vertex -7.02007 -0.401825 -3.35
    endloop
  endfacet
  facet normal 0 0 -1
    outer loop
      vertex -7.07982 -0.204849 -3.35
      vertex -7.07982 0.204834 -3.35
      vertex -7.02007 0.40181 -3.35
    endloop
  endfacet
  facet normal 0 -0 -1
    outer loop
      vertex -7.07982 0.204834 -3.35
      vertex -7.07982 -0.204849 -3.35
      vertex -7.09999 0 -3.35
    endloop
  endfacet
  facet normal 0.881919 -0.471401 0
    outer loop
      vertex 0.478088 -18.6194 3.35
      vertex 0.531219 -18.52 -3.35
      vertex 0.531219 -18.52 3.35
    endloop
  endfacet
  facet normal 0.881919 -0.471401 0
    outer loop
      vertex 0.531219 -18.52 -3.35
      vertex 0.478088 -18.6194 3.35
      vertex 0.478088 -18.6194 -3.35
    endloop
  endfacet
  facet normal 0.773276 -0.634069 0
    outer loop
      vertex 0.406586 -18.7066 3.35
      vertex 0.478088 -18.6194 -3.35
      vertex 0.478088 -18.6194 3.35
    endloop
  endfacet
  facet normal 0.773276 -0.634069 0
    outer loop
      vertex 0.478088 -18.6194 -3.35
      vertex 0.406586 -18.7066 3.35
      vertex 0.406586 -18.7066 -3.35
    endloop
  endfacet
  facet normal 0.634306 -0.773082 0
    outer loop
      vertex 0.319443 -18.7781 -3.35
      vertex 0.406586 -18.7066 3.35
      vertex 0.319443 -18.7781 3.35
    endloop
  endfacet
  facet normal 0.634306 -0.773082 0
    outer loop
      vertex 0.406586 -18.7066 3.35
      vertex 0.319443 -18.7781 -3.35
      vertex 0.406586 -18.7066 -3.35
    endloop
  endfacet
  facet normal 0.471146 -0.882055 0
    outer loop
      vertex 0.220032 -18.8312 -3.35
      vertex 0.319443 -18.7781 3.35
      vertex 0.220032 -18.8312 3.35
    endloop
  endfacet
  facet normal 0.471146 -0.882055 0
    outer loop
      vertex 0.319443 -18.7781 3.35
      vertex 0.220032 -18.8312 -3.35
      vertex 0.319443 -18.7781 -3.35
    endloop
  endfacet
  facet normal 0.290118 -0.956991 0
    outer loop
      vertex 0.112167 -18.8639 -3.35
      vertex 0.220032 -18.8312 3.35
      vertex 0.112167 -18.8639 3.35
    endloop
  endfacet
  facet normal 0.290118 -0.956991 0
    outer loop
      vertex 0.220032 -18.8312 3.35
      vertex 0.112167 -18.8639 -3.35
      vertex 0.220032 -18.8312 -3.35
    endloop
  endfacet
  facet normal 0.0984786 -0.995139 0
    outer loop
      vertex 0 -18.875 -3.35
      vertex 0.112167 -18.8639 3.35
      vertex 0 -18.875 3.35
    endloop
  endfacet
  facet normal 0.0984786 -0.995139 0
    outer loop
      vertex 0.112167 -18.8639 3.35
      vertex 0 -18.875 -3.35
      vertex 0.112167 -18.8639 -3.35
    endloop
  endfacet
  facet normal -0.0984786 -0.995139 0
    outer loop
      vertex -0.112167 -18.8639 -3.35
      vertex 0 -18.875 3.35
      vertex -0.112167 -18.8639 3.35
    endloop
  endfacet
  facet normal -0.0984786 -0.995139 -0
    outer loop
      vertex 0 -18.875 3.35
      vertex -0.112167 -18.8639 -3.35
      vertex 0 -18.875 -3.35
    endloop
  endfacet
  facet normal -0.290118 -0.956991 0
    outer loop
      vertex -0.220032 -18.8312 -3.35
      vertex -0.112167 -18.8639 3.35
      vertex -0.220032 -18.8312 3.35
    endloop
  endfacet
  facet normal -0.290118 -0.956991 -0
    outer loop
      vertex -0.112167 -18.8639 3.35
      vertex -0.220032 -18.8312 -3.35
      vertex -0.112167 -18.8639 -3.35
    endloop
  endfacet
  facet normal -0.471146 -0.882055 0
    outer loop
      vertex -0.319443 -18.7781 -3.35
      vertex -0.220032 -18.8312 3.35
      vertex -0.319443 -18.7781 3.35
    endloop
  endfacet
  facet normal -0.471146 -0.882055 -0
    outer loop
      vertex -0.220032 -18.8312 3.35
      vertex -0.319443 -18.7781 -3.35
      vertex -0.220032 -18.8312 -3.35
    endloop
  endfacet
  facet normal -0.634306 -0.773082 0
    outer loop
      vertex -0.406586 -18.7066 -3.35
      vertex -0.319443 -18.7781 3.35
      vertex -0.406586 -18.7066 3.35
    endloop
  endfacet
  facet normal -0.634306 -0.773082 -0
    outer loop
      vertex -0.319443 -18.7781 3.35
      vertex -0.406586 -18.7066 -3.35
      vertex -0.319443 -18.7781 -3.35
    endloop
  endfacet
  facet normal -0.773276 -0.634069 0
    outer loop
      vertex -0.406586 -18.7066 -3.35
      vertex -0.478088 -18.6194 3.35
      vertex -0.478088 -18.6194 -3.35
    endloop
  endfacet
  facet normal -0.773276 -0.634069 0
    outer loop
      vertex -0.478088 -18.6194 3.35
      vertex -0.406586 -18.7066 -3.35
      vertex -0.406586 -18.7066 3.35
    endloop
  endfacet
  facet normal -0.881919 -0.471401 0
    outer loop
      vertex -0.478088 -18.6194 -3.35
      vertex -0.531219 -18.52 3.35
      vertex -0.531219 -18.52 -3.35
    endloop
  endfacet
  facet normal -0.881919 -0.471401 0
    outer loop
      vertex -0.531219 -18.52 3.35
      vertex -0.478088 -18.6194 -3.35
      vertex -0.478088 -18.6194 3.35
    endloop
  endfacet
  facet normal -0.911355 -0.411621 0
    outer loop
      vertex -0.531219 -18.52 -3.35
      vertex -1.14999 -17.15 3.35
      vertex -1.14999 -17.15 -3.35
    endloop
  endfacet
  facet normal -0.911355 -0.411621 0
    outer loop
      vertex -1.14999 -17.15 3.35
      vertex -0.531219 -18.52 -3.35
      vertex -0.531219 -18.52 3.35
    endloop
  endfacet
  facet normal -1 0 0
    outer loop
      vertex -1.14999 -17.15 -3.35
      vertex -1.14999 -1.05 3.35
      vertex -1.14999 -1.05 -3.35
    endloop
  endfacet
  facet normal -1 -0 0
    outer loop
      vertex -1.14999 -1.05 3.35
      vertex -1.14999 -17.15 -3.35
      vertex -1.14999 -17.15 3.35
    endloop
  endfacet
  facet normal 0 -1 0
    outer loop
      vertex -6.04999 -1.05 -3.35
      vertex -1.14999 -1.05 3.35
      vertex -6.04999 -1.05 3.35
    endloop
  endfacet
  facet normal 0 -1 -0
    outer loop
      vertex -1.14999 -1.05 3.35
      vertex -6.04999 -1.05 -3.35
      vertex -1.14999 -1.05 -3.35
    endloop
  endfacet
  facet normal -0.0979884 -0.995188 0
    outer loop
      vertex -6.25484 -1.02983 -3.35
      vertex -6.04999 -1.05 3.35
      vertex -6.25484 -1.02983 3.35
    endloop
  endfacet
  facet normal -0.0979884 -0.995188 -0
    outer loop
      vertex -6.04999 -1.05 3.35
      vertex -6.25484 -1.02983 -3.35
      vertex -6.04999 -1.05 -3.35
    endloop
  endfacet
  facet normal -0.290293 -0.956938 0
    outer loop
      vertex -6.45181 -0.970078 -3.35
      vertex -6.25484 -1.02983 3.35
      vertex -6.45181 -0.970078 3.35
    endloop
  endfacet
  facet normal -0.290293 -0.956938 -0
    outer loop
      vertex -6.25484 -1.02983 3.35
      vertex -6.45181 -0.970078 -3.35
      vertex -6.25484 -1.02983 -3.35
    endloop
  endfacet
  facet normal -0.471381 -0.88193 0
    outer loop
      vertex -6.63335 -0.873047 -3.35
      vertex -6.45181 -0.970078 3.35
      vertex -6.63335 -0.873047 3.35
    endloop
  endfacet
  facet normal -0.471381 -0.88193 -0
    outer loop
      vertex -6.45181 -0.970078 3.35
      vertex -6.63335 -0.873047 -3.35
      vertex -6.45181 -0.970078 -3.35
    endloop
  endfacet
  facet normal -0.634437 -0.772975 0
    outer loop
      vertex -6.79245 -0.742462 -3.35
      vertex -6.63335 -0.873047 3.35
      vertex -6.79245 -0.742462 3.35
    endloop
  endfacet
  facet normal -0.634437 -0.772975 -0
    outer loop
      vertex -6.63335 -0.873047 3.35
      vertex -6.79245 -0.742462 -3.35
      vertex -6.63335 -0.873047 -3.35
    endloop
  endfacet
  facet normal -0.772992 -0.634415 0
    outer loop
      vertex -6.79245 -0.742462 -3.35
      vertex -6.92303 -0.583359 3.35
      vertex -6.92303 -0.583359 -3.35
    endloop
  endfacet
  facet normal -0.772992 -0.634415 0
    outer loop
      vertex -6.92303 -0.583359 3.35
      vertex -6.79245 -0.742462 -3.35
      vertex -6.79245 -0.742462 3.35
    endloop
  endfacet
  facet normal -0.881905 -0.471427 0
    outer loop
      vertex -6.92303 -0.583359 -3.35
      vertex -7.02007 -0.401825 3.35
      vertex -7.02007 -0.401825 -3.35
    endloop
  endfacet
  facet normal -0.881905 -0.471427 0
    outer loop
      vertex -7.02007 -0.401825 3.35
      vertex -6.92303 -0.583359 -3.35
      vertex -6.92303 -0.583359 3.35
    endloop
  endfacet
  facet normal -0.956943 -0.290276 0
    outer loop
      vertex -7.02007 -0.401825 -3.35
      vertex -7.07982 -0.204849 3.35
      vertex -7.07982 -0.204849 -3.35
    endloop
  endfacet
  facet normal -0.956943 -0.290276 0
    outer loop
      vertex -7.07982 -0.204849 3.35
      vertex -7.02007 -0.401825 -3.35
      vertex -7.02007 -0.401825 3.35
    endloop
  endfacet
  facet normal -0.995188 -0.0979889 0
    outer loop
      vertex -7.07982 -0.204849 -3.35
      vertex -7.09999 0 3.35
      vertex -7.09999 0 -3.35
    endloop
  endfacet
  facet normal -0.995188 -0.0979889 0
    outer loop
      vertex -7.09999 0 3.35
      vertex -7.07982 -0.204849 -3.35
      vertex -7.07982 -0.204849 3.35
    endloop
  endfacet
  facet normal -0.995187 0.097996 0
    outer loop
      vertex -7.09999 0 -3.35
      vertex -7.07982 0.204834 3.35
      vertex -7.07982 0.204834 -3.35
    endloop
  endfacet
  facet normal -0.995187 0.097996 0
    outer loop
      vertex -7.07982 0.204834 3.35
      vertex -7.09999 0 -3.35
      vertex -7.09999 0 3.35
    endloop
  endfacet
  facet normal -0.956943 0.290276 0
    outer loop
      vertex -7.07982 0.204834 -3.35
      vertex -7.02007 0.40181 3.35
      vertex -7.02007 0.40181 -3.35
    endloop
  endfacet
  facet normal -0.956943 0.290276 0
    outer loop
      vertex -7.02007 0.40181 3.35
      vertex -7.07982 0.204834 -3.35
      vertex -7.07982 0.204834 3.35
    endloop
  endfacet
  facet normal -0.881905 0.471427 0
    outer loop
      vertex -7.02007 0.40181 -3.35
      vertex -6.92303 0.583344 3.35
      vertex -6.92303 0.583344 -3.35
    endloop
  endfacet
  facet normal -0.881905 0.471427 0
    outer loop
      vertex -6.92303 0.583344 3.35
      vertex -7.02007 0.40181 -3.35
      vertex -7.02007 0.40181 3.35
    endloop
  endfacet
  facet normal -0.772992 0.634415 0
    outer loop
      vertex -6.92303 0.583344 -3.35
      vertex -6.79245 0.742447 3.35
      vertex -6.79245 0.742447 -3.35
    endloop
  endfacet
  facet normal -0.772992 0.634415 0
    outer loop
      vertex -6.79245 0.742447 3.35
      vertex -6.92303 0.583344 -3.35
      vertex -6.92303 0.583344 3.35
    endloop
  endfacet
  facet normal -0.634437 0.772975 0
    outer loop
      vertex -6.63335 0.873032 -3.35
      vertex -6.79245 0.742447 3.35
      vertex -6.63335 0.873032 3.35
    endloop
  endfacet
  facet normal -0.634437 0.772975 0
    outer loop
      vertex -6.79245 0.742447 3.35
      vertex -6.63335 0.873032 -3.35
      vertex -6.79245 0.742447 -3.35
    endloop
  endfacet
  facet normal -0.471377 0.881932 0
    outer loop
      vertex -6.45181 0.970062 -3.35
      vertex -6.63335 0.873032 3.35
      vertex -6.45181 0.970062 3.35
    endloop
  endfacet
  facet normal -0.471377 0.881932 0
    outer loop
      vertex -6.63335 0.873032 3.35
      vertex -6.45181 0.970062 -3.35
      vertex -6.63335 0.873032 -3.35
    endloop
  endfacet
  facet normal -0.290319 0.95693 0
    outer loop
      vertex -6.25484 1.02982 -3.35
      vertex -6.45181 0.970062 3.35
      vertex -6.25484 1.02982 3.35
    endloop
  endfacet
  facet normal -0.290319 0.95693 0
    outer loop
      vertex -6.45181 0.970062 3.35
      vertex -6.25484 1.02982 -3.35
      vertex -6.45181 0.970062 -3.35
    endloop
  endfacet
  facet normal -0.0979884 0.995188 0
    outer loop
      vertex -6.04999 1.04999 -3.35
      vertex -6.25484 1.02982 3.35
      vertex -6.04999 1.04999 3.35
    endloop
  endfacet
  facet normal -0.0979884 0.995188 0
    outer loop
      vertex -6.25484 1.02982 3.35
      vertex -6.04999 1.04999 -3.35
      vertex -6.25484 1.02982 -3.35
    endloop
  endfacet
  facet normal 0 1 -0
    outer loop
      vertex 5.95 1.04999 -3.35
      vertex -6.04999 1.04999 3.35
      vertex 5.95 1.04999 3.35
    endloop
  endfacet
  facet normal 0 1 0
    outer loop
      vertex -6.04999 1.04999 3.35
      vertex 5.95 1.04999 -3.35
      vertex -6.04999 1.04999 -3.35
    endloop
  endfacet
  facet normal 0.0979979 0.995187 -0
    outer loop
      vertex 6.15483 1.02982 -3.35
      vertex 5.95 1.04999 3.35
      vertex 6.15483 1.02982 3.35
    endloop
  endfacet
  facet normal 0.0979979 0.995187 0
    outer loop
      vertex 5.95 1.04999 3.35
      vertex 6.15483 1.02982 -3.35
      vertex 5.95 1.04999 -3.35
    endloop
  endfacet
  facet normal 0.290306 0.956934 -0
    outer loop
      vertex 6.35181 0.970062 -3.35
      vertex 6.15483 1.02982 3.35
      vertex 6.35181 0.970062 3.35
    endloop
  endfacet
  facet normal 0.290306 0.956934 0
    outer loop
      vertex 6.15483 1.02982 3.35
      vertex 6.35181 0.970062 -3.35
      vertex 6.15483 1.02982 -3.35
    endloop
  endfacet
  facet normal 0.471397 0.881921 -0
    outer loop
      vertex 6.53334 0.873032 -3.35
      vertex 6.35181 0.970062 3.35
      vertex 6.53334 0.873032 3.35
    endloop
  endfacet
  facet normal 0.471397 0.881921 0
    outer loop
      vertex 6.35181 0.970062 3.35
      vertex 6.53334 0.873032 -3.35
      vertex 6.35181 0.970062 -3.35
    endloop
  endfacet
  facet normal 0.634389 0.773014 -0
    outer loop
      vertex 6.69246 0.742447 -3.35
      vertex 6.53334 0.873032 3.35
      vertex 6.69246 0.742447 3.35
    endloop
  endfacet
  facet normal 0.634389 0.773014 0
    outer loop
      vertex 6.53334 0.873032 3.35
      vertex 6.69246 0.742447 -3.35
      vertex 6.53334 0.873032 -3.35
    endloop
  endfacet
  facet normal 0.773016 0.634386 0
    outer loop
      vertex 6.82303 0.583344 3.35
      vertex 6.69246 0.742447 -3.35
      vertex 6.69246 0.742447 3.35
    endloop
  endfacet
  facet normal 0.773016 0.634386 0
    outer loop
      vertex 6.69246 0.742447 -3.35
      vertex 6.82303 0.583344 3.35
      vertex 6.82303 0.583344 -3.35
    endloop
  endfacet
  facet normal 0.881925 0.471389 0
    outer loop
      vertex 6.92006 0.40181 3.35
      vertex 6.82303 0.583344 -3.35
      vertex 6.82303 0.583344 3.35
    endloop
  endfacet
  facet normal 0.881925 0.471389 0
    outer loop
      vertex 6.82303 0.583344 -3.35
      vertex 6.92006 0.40181 3.35
      vertex 6.92006 0.40181 -3.35
    endloop
  endfacet
  facet normal 0.956943 0.290276 0
    outer loop
      vertex 6.97981 0.204834 3.35
      vertex 6.92006 0.40181 -3.35
      vertex 6.92006 0.40181 3.35
    endloop
  endfacet
  facet normal 0.956943 0.290276 0
    outer loop
      vertex 6.92006 0.40181 -3.35
      vertex 6.97981 0.204834 3.35
      vertex 6.97981 0.204834 -3.35
    endloop
  endfacet
  facet normal 0.995177 0.0980923 0
    outer loop
      vertex 7 0 3.35
      vertex 6.97981 0.204834 -3.35
      vertex 6.97981 0.204834 3.35
    endloop
  endfacet
  facet normal 0.995177 0.0980923 0
    outer loop
      vertex 6.97981 0.204834 -3.35
      vertex 7 0 3.35
      vertex 7 0 -3.35
    endloop
  endfacet
  facet normal 0.995178 -0.0980851 0
    outer loop
      vertex 6.97981 -0.204849 3.35
      vertex 7 0 -3.35
      vertex 7 0 3.35
    endloop
  endfacet
  facet normal 0.995178 -0.0980851 0
    outer loop
      vertex 7 0 -3.35
      vertex 6.97981 -0.204849 3.35
      vertex 6.97981 -0.204849 -3.35
    endloop
  endfacet
  facet normal 0.956943 -0.290276 0
    outer loop
      vertex 6.92006 -0.401825 3.35
      vertex 6.97981 -0.204849 -3.35
      vertex 6.97981 -0.204849 3.35
    endloop
  endfacet
  facet normal 0.956943 -0.290276 0
    outer loop
      vertex 6.97981 -0.204849 -3.35
      vertex 6.92006 -0.401825 3.35
      vertex 6.92006 -0.401825 -3.35
    endloop
  endfacet
  facet normal 0.881925 -0.471389 0
    outer loop
      vertex 6.82303 -0.583359 3.35
      vertex 6.92006 -0.401825 -3.35
      vertex 6.92006 -0.401825 3.35
    endloop
  endfacet
  facet normal 0.881925 -0.471389 0
    outer loop
      vertex 6.92006 -0.401825 -3.35
      vertex 6.82303 -0.583359 3.35
      vertex 6.82303 -0.583359 -3.35
    endloop
  endfacet
  facet normal 0.773016 -0.634386 0
    outer loop
      vertex 6.69246 -0.742462 3.35
      vertex 6.82303 -0.583359 -3.35
      vertex 6.82303 -0.583359 3.35
    endloop
  endfacet
  facet normal 0.773016 -0.634386 0
    outer loop
      vertex 6.82303 -0.583359 -3.35
      vertex 6.69246 -0.742462 3.35
      vertex 6.69246 -0.742462 -3.35
    endloop
  endfacet
  facet normal 0.634389 -0.773014 0
    outer loop
      vertex 6.53334 -0.873047 -3.35
      vertex 6.69246 -0.742462 3.35
      vertex 6.53334 -0.873047 3.35
    endloop
  endfacet
  facet normal 0.634389 -0.773014 0
    outer loop
      vertex 6.69246 -0.742462 3.35
      vertex 6.53334 -0.873047 -3.35
      vertex 6.69246 -0.742462 -3.35
    endloop
  endfacet
  facet normal 0.471401 -0.881919 0
    outer loop
      vertex 6.35181 -0.970078 -3.35
      vertex 6.53334 -0.873047 3.35
      vertex 6.35181 -0.970078 3.35
    endloop
  endfacet
  facet normal 0.471401 -0.881919 0
    outer loop
      vertex 6.53334 -0.873047 3.35
      vertex 6.35181 -0.970078 -3.35
      vertex 6.53334 -0.873047 -3.35
    endloop
  endfacet
  facet normal 0.290279 -0.956942 0
    outer loop
      vertex 6.15483 -1.02983 -3.35
      vertex 6.35181 -0.970078 3.35
      vertex 6.15483 -1.02983 3.35
    endloop
  endfacet
  facet normal 0.290279 -0.956942 0
    outer loop
      vertex 6.35181 -0.970078 3.35
      vertex 6.15483 -1.02983 -3.35
      vertex 6.35181 -0.970078 -3.35
    endloop
  endfacet
  facet normal 0.0979979 -0.995187 0
    outer loop
      vertex 5.95 -1.05 -3.35
      vertex 6.15483 -1.02983 3.35
      vertex 5.95 -1.05 3.35
    endloop
  endfacet
  facet normal 0.0979979 -0.995187 0
    outer loop
      vertex 6.15483 -1.02983 3.35
      vertex 5.95 -1.05 -3.35
      vertex 6.15483 -1.02983 -3.35
    endloop
  endfacet
  facet normal 0 -1 0
    outer loop
      vertex 1.14999 -1.05 -3.35
      vertex 5.95 -1.05 3.35
      vertex 1.14999 -1.05 3.35
    endloop
  endfacet
  facet normal 0 -1 -0
    outer loop
      vertex 5.95 -1.05 3.35
      vertex 1.14999 -1.05 -3.35
      vertex 5.95 -1.05 -3.35
    endloop
  endfacet
  facet normal 1 -0 0
    outer loop
      vertex 1.14999 -17.15 3.35
      vertex 1.14999 -1.05 -3.35
      vertex 1.14999 -1.05 3.35
    endloop
  endfacet
  facet normal 1 0 0
    outer loop
      vertex 1.14999 -1.05 -3.35
      vertex 1.14999 -17.15 3.35
      vertex 1.14999 -17.15 -3.35
    endloop
  endfacet
  facet normal 0.911355 -0.411621 0
    outer loop
      vertex 0.531219 -18.52 3.35
      vertex 1.14999 -17.15 -3.35
      vertex 1.14999 -17.15 3.35
    endloop
  endfacet
  facet normal 0.911355 -0.411621 0
    outer loop
      vertex 1.14999 -17.15 -3.35
      vertex 0.531219 -18.52 3.35
      vertex 0.531219 -18.52 -3.35
    endloop
  endfacet
  facet normal 0 0 1
    outer loop
      vertex -3.02019 5.20483 3.35
      vertex -3.02019 4.79515 3.35
      vertex -3 5 3.35
    endloop
  endfacet
  facet normal 0 0 1
    outer loop
      vertex -3.07994 5.40181 3.35
      vertex -3.02019 4.79515 3.35
      vertex -3.02019 5.20483 3.35
    endloop
  endfacet
  facet normal 0 0 1
    outer loop
      vertex -3.07994 5.40181 3.35
      vertex -3.07994 4.59818 3.35
      vertex -3.02019 4.79515 3.35
    endloop
  endfacet
  facet normal 0 0 1
    outer loop
      vertex -3.17697 5.58334 3.35
      vertex -3.07994 4.59818 3.35
      vertex -3.07994 5.40181 3.35
    endloop
  endfacet
  facet normal 0 0 1
    outer loop
      vertex -3.17697 5.58334 3.35
      vertex -3.17697 4.41664 3.35
      vertex -3.07994 4.59818 3.35
    endloop
  endfacet
  facet normal 0 0 1
    outer loop
      vertex -3.30754 5.74245 3.35
      vertex -3.17697 4.41664 3.35
      vertex -3.17697 5.58334 3.35
    endloop
  endfacet
  facet normal 0 0 1
    outer loop
      vertex -3.30754 5.74245 3.35
      vertex -3.30754 4.25754 3.35
      vertex -3.17697 4.41664 3.35
    endloop
  endfacet
  facet normal 0 0 1
    outer loop
      vertex -3.46666 5.87303 3.35
      vertex -3.30754 4.25754 3.35
      vertex -3.30754 5.74245 3.35
    endloop
  endfacet
  facet normal 0 0 1
    outer loop
      vertex -3.46666 5.87303 3.35
      vertex -3.46666 4.12695 3.35
      vertex -3.30754 4.25754 3.35
    endloop
  endfacet
  facet normal 0 0 1
    outer loop
      vertex -3.64819 5.97006 3.35
      vertex -3.46666 4.12695 3.35
      vertex -3.46666 5.87303 3.35
    endloop
  endfacet
  facet normal 0 0 1
    outer loop
      vertex -3.64819 5.97006 3.35
      vertex -3.64819 4.02992 3.35
      vertex -3.46666 4.12695 3.35
    endloop
  endfacet
  facet normal 0 0 1
    outer loop
      vertex -3.84517 6.02982 3.35
      vertex -3.64819 4.02992 3.35
      vertex -3.64819 5.97006 3.35
    endloop
  endfacet
  facet normal 0 0 1
    outer loop
      vertex -3.84517 6.02982 3.35
      vertex -3.84517 3.97017 3.35
      vertex -3.64819 4.02992 3.35
    endloop
  endfacet
  facet normal 0 0 1
    outer loop
      vertex -4.05 6.04999 3.35
      vertex -3.84517 3.97017 3.35
      vertex -3.84517 6.02982 3.35
    endloop
  endfacet
  facet normal 0 0 1
    outer loop
      vertex -4.05 6.04999 3.35
      vertex -4.05 3.95 3.35
      vertex -3.84517 3.97017 3.35
    endloop
  endfacet
  facet normal 0 0 1
    outer loop
      vertex -4.05 6.04999 3.35
      vertex -8.85001 3.95 3.35
      vertex -4.05 3.95 3.35
    endloop
  endfacet
  facet normal 0 0 1
    outer loop
      vertex -11.15 -12.15 3.35
      vertex -8.85001 -12.15 3.35
      vertex -8.85001 3.95 3.35
    endloop
  endfacet
  facet normal 0 0 1
    outer loop
      vertex -8.85001 -12.15 3.35
      vertex -11.15 -12.15 3.35
      vertex -9.46878 -13.52 3.35
    endloop
  endfacet
  facet normal 0 -0 1
    outer loop
      vertex -10.5312 -13.52 3.35
      vertex -9.46878 -13.52 3.35
      vertex -11.15 -12.15 3.35
    endloop
  endfacet
  facet normal 0 0 1
    outer loop
      vertex -9.46878 -13.52 3.35
      vertex -10.5312 -13.52 3.35
      vertex -9.52191 -13.6194 3.35
    endloop
  endfacet
  facet normal 0 0 1
    outer loop
      vertex -9.52191 -13.6194 3.35
      vertex -10.5312 -13.52 3.35
      vertex -9.59341 -13.7066 3.35
    endloop
  endfacet
  facet normal 0 0 1
    outer loop
      vertex -9.59341 -13.7066 3.35
      vertex -10.5312 -13.52 3.35
      vertex -9.68056 -13.7781 3.35
    endloop
  endfacet
  facet normal 0 0 1
    outer loop
      vertex -9.68056 -13.7781 3.35
      vertex -10.5312 -13.52 3.35
      vertex -9.77997 -13.8312 3.35
    endloop
  endfacet
  facet normal 0 0 1
    outer loop
      vertex -9.77997 -13.8312 3.35
      vertex -10.5312 -13.52 3.35
      vertex -9.88783 -13.8639 3.35
    endloop
  endfacet
  facet normal 0 0 1
    outer loop
      vertex -9.88783 -13.8639 3.35
      vertex -10.5312 -13.52 3.35
      vertex -10 -13.875 3.35
    endloop
  endfacet
  facet normal 0 0 1
    outer loop
      vertex -10 -13.875 3.35
      vertex -10.5312 -13.52 3.35
      vertex -10.1122 -13.8639 3.35
    endloop
  endfacet
  facet normal 0 0 1
    outer loop
      vertex -10.1122 -13.8639 3.35
      vertex -10.5312 -13.52 3.35
      vertex -10.22 -13.8312 3.35
    endloop
  endfacet
  facet normal 0 0 1
    outer loop
      vertex -10.22 -13.8312 3.35
      vertex -10.5312 -13.52 3.35
      vertex -10.3194 -13.7781 3.35
    endloop
  endfacet
  facet normal 0 0 1
    outer loop
      vertex -10.3194 -13.7781 3.35
      vertex -10.5312 -13.52 3.35
      vertex -10.4066 -13.7066 3.35
    endloop
  endfacet
  facet normal 0 0 1
    outer loop
      vertex -11.15 -12.15 3.35
      vertex -8.85001 3.95 3.35
      vertex -11.15 3.95 3.35
    endloop
  endfacet
  facet normal 0 0 1
    outer loop
      vertex -4.05 6.04999 3.35
      vertex -11.15 3.95 3.35
      vertex -8.85001 3.95 3.35
    endloop
  endfacet
  facet normal -0 0 1
    outer loop
      vertex -16.05 6.04999 3.35
      vertex -11.15 3.95 3.35
      vertex -4.05 6.04999 3.35
    endloop
  endfacet
  facet normal 0 0 1
    outer loop
      vertex -16.05 6.04999 3.35
      vertex -16.05 3.95 3.35
      vertex -11.15 3.95 3.35
    endloop
  endfacet
  facet normal -0 0 1
    outer loop
      vertex -16.2548 6.02982 3.35
      vertex -16.05 3.95 3.35
      vertex -16.05 6.04999 3.35
    endloop
  endfacet
  facet normal 0 0 1
    outer loop
      vertex -16.2548 6.02982 3.35
      vertex -16.2548 3.97017 3.35
      vertex -16.05 3.95 3.35
    endloop
  endfacet
  facet normal -0 0 1
    outer loop
      vertex -16.4518 5.97006 3.35
      vertex -16.2548 3.97017 3.35
      vertex -16.2548 6.02982 3.35
    endloop
  endfacet
  facet normal 0 0 1
    outer loop
      vertex -16.4518 5.97006 3.35
      vertex -16.4518 4.02992 3.35
      vertex -16.2548 3.97017 3.35
    endloop
  endfacet
  facet normal -0 0 1
    outer loop
      vertex -16.6333 5.87303 3.35
      vertex -16.4518 4.02992 3.35
      vertex -16.4518 5.97006 3.35
    endloop
  endfacet
  facet normal 0 0 1
    outer loop
      vertex -16.6333 5.87303 3.35
      vertex -16.6333 4.12695 3.35
      vertex -16.4518 4.02992 3.35
    endloop
  endfacet
  facet normal -0 0 1
    outer loop
      vertex -16.7924 5.74245 3.35
      vertex -16.6333 4.12695 3.35
      vertex -16.6333 5.87303 3.35
    endloop
  endfacet
  facet normal 0 0 1
    outer loop
      vertex -16.7924 5.74245 3.35
      vertex -16.7924 4.25754 3.35
      vertex -16.6333 4.12695 3.35
    endloop
  endfacet
  facet normal -0 0 1
    outer loop
      vertex -16.923 5.58334 3.35
      vertex -16.7924 4.25754 3.35
      vertex -16.7924 5.74245 3.35
    endloop
  endfacet
  facet normal 0 0 1
    outer loop
      vertex -16.923 5.58334 3.35
      vertex -16.923 4.41664 3.35
      vertex -16.7924 4.25754 3.35
    endloop
  endfacet
  facet normal -0 0 1
    outer loop
      vertex -17.0201 5.40181 3.35
      vertex -16.923 4.41664 3.35
      vertex -16.923 5.58334 3.35
    endloop
  endfacet
  facet normal 0 0 1
    outer loop
      vertex -17.0201 5.40181 3.35
      vertex -17.0201 4.59818 3.35
      vertex -16.923 4.41664 3.35
    endloop
  endfacet
  facet normal -0 0 1
    outer loop
      vertex -17.0798 5.20483 3.35
      vertex -17.0201 4.59818 3.35
      vertex -17.0201 5.40181 3.35
    endloop
  endfacet
  facet normal 0 0 1
    outer loop
      vertex -17.0798 5.20483 3.35
      vertex -17.0798 4.79515 3.35
      vertex -17.0201 4.59818 3.35
    endloop
  endfacet
  facet normal 0 -0 1
    outer loop
      vertex -17.0798 4.79515 3.35
      vertex -17.0798 5.20483 3.35
      vertex -17.1 5 3.35
    endloop
  endfacet
  facet normal 0 0 1
    outer loop
      vertex -10.4066 -13.7066 3.35
      vertex -10.5312 -13.52 3.35
      vertex -10.4781 -13.6194 3.35
    endloop
  endfacet
  facet normal 0 0 -1
    outer loop
      vertex -11.15 -12.15 -3.35
      vertex -8.85001 -12.15 -3.35
      vertex -9.46878 -13.52 -3.35
    endloop
  endfacet
  facet normal 0 0 -1
    outer loop
      vertex -3.02019 4.79515 -3.35
      vertex -3.02019 5.20483 -3.35
      vertex -3 5 -3.35
    endloop
  endfacet
  facet normal 0 0 -1
    outer loop
      vertex -3.07994 4.59818 -3.35
      vertex -3.02019 5.20483 -3.35
      vertex -3.02019 4.79515 -3.35
    endloop
  endfacet
  facet normal 0 0 -1
    outer loop
      vertex -3.07994 4.59818 -3.35
      vertex -3.07994 5.40181 -3.35
      vertex -3.02019 5.20483 -3.35
    endloop
  endfacet
  facet normal 0 0 -1
    outer loop
      vertex -3.17697 4.41664 -3.35
      vertex -3.07994 5.40181 -3.35
      vertex -3.07994 4.59818 -3.35
    endloop
  endfacet
  facet normal 0 0 -1
    outer loop
      vertex -3.17697 4.41664 -3.35
      vertex -3.17697 5.58334 -3.35
      vertex -3.07994 5.40181 -3.35
    endloop
  endfacet
  facet normal 0 0 -1
    outer loop
      vertex -3.30754 4.25754 -3.35
      vertex -3.17697 5.58334 -3.35
      vertex -3.17697 4.41664 -3.35
    endloop
  endfacet
  facet normal 0 0 -1
    outer loop
      vertex -3.30754 4.25754 -3.35
      vertex -3.30754 5.74245 -3.35
      vertex -3.17697 5.58334 -3.35
    endloop
  endfacet
  facet normal 0 0 -1
    outer loop
      vertex -3.46666 4.12695 -3.35
      vertex -3.30754 5.74245 -3.35
      vertex -3.30754 4.25754 -3.35
    endloop
  endfacet
  facet normal 0 0 -1
    outer loop
      vertex -3.46666 4.12695 -3.35
      vertex -3.46666 5.87303 -3.35
      vertex -3.30754 5.74245 -3.35
    endloop
  endfacet
  facet normal 0 0 -1
    outer loop
      vertex -3.64819 4.02992 -3.35
      vertex -3.46666 5.87303 -3.35
      vertex -3.46666 4.12695 -3.35
    endloop
  endfacet
  facet normal 0 0 -1
    outer loop
      vertex -3.64819 4.02992 -3.35
      vertex -3.64819 5.97006 -3.35
      vertex -3.46666 5.87303 -3.35
    endloop
  endfacet
  facet normal 0 0 -1
    outer loop
      vertex -3.84517 3.97017 -3.35
      vertex -3.64819 5.97006 -3.35
      vertex -3.64819 4.02992 -3.35
    endloop
  endfacet
  facet normal 0 0 -1
    outer loop
      vertex -3.84517 3.97017 -3.35
      vertex -3.84517 6.02982 -3.35
      vertex -3.64819 5.97006 -3.35
    endloop
  endfacet
  facet normal 0 0 -1
    outer loop
      vertex -4.05 3.95 -3.35
      vertex -3.84517 6.02982 -3.35
      vertex -3.84517 3.97017 -3.35
    endloop
  endfacet
  facet normal 0 0 -1
    outer loop
      vertex -4.05 3.95 -3.35
      vertex -4.05 6.04999 -3.35
      vertex -3.84517 6.02982 -3.35
    endloop
  endfacet
  facet normal 0 0 -1
    outer loop
      vertex -8.85001 3.95 -3.35
      vertex -4.05 6.04999 -3.35
      vertex -4.05 3.95 -3.35
    endloop
  endfacet
  facet normal 0 0 -1
    outer loop
      vertex -10.5312 -13.52 -3.35
      vertex -9.46878 -13.52 -3.35
      vertex -9.52191 -13.6194 -3.35
    endloop
  endfacet
  facet normal 0 0 -1
    outer loop
      vertex -10.5312 -13.52 -3.35
      vertex -9.52191 -13.6194 -3.35
      vertex -9.59341 -13.7066 -3.35
    endloop
  endfacet
  facet normal 0 0 -1
    outer loop
      vertex -10.5312 -13.52 -3.35
      vertex -9.59341 -13.7066 -3.35
      vertex -9.68056 -13.7781 -3.35
    endloop
  endfacet
  facet normal 0 0 -1
    outer loop
      vertex -10.5312 -13.52 -3.35
      vertex -9.68056 -13.7781 -3.35
      vertex -9.77997 -13.8312 -3.35
    endloop
  endfacet
  facet normal 0 0 -1
    outer loop
      vertex -10.5312 -13.52 -3.35
      vertex -9.77997 -13.8312 -3.35
      vertex -9.88783 -13.8639 -3.35
    endloop
  endfacet
  facet normal 0 0 -1
    outer loop
      vertex -10.5312 -13.52 -3.35
      vertex -9.88783 -13.8639 -3.35
      vertex -10 -13.875 -3.35
    endloop
  endfacet
  facet normal 0 0 -1
    outer loop
      vertex -10.5312 -13.52 -3.35
      vertex -10 -13.875 -3.35
      vertex -10.1122 -13.8639 -3.35
    endloop
  endfacet
  facet normal 0 0 -1
    outer loop
      vertex -10.5312 -13.52 -3.35
      vertex -10.1122 -13.8639 -3.35
      vertex -10.22 -13.8312 -3.35
    endloop
  endfacet
  facet normal 0 0 -1
    outer loop
      vertex -10.5312 -13.52 -3.35
      vertex -10.22 -13.8312 -3.35
      vertex -10.3194 -13.7781 -3.35
    endloop
  endfacet
  facet normal 0 0 -1
    outer loop
      vertex -10.5312 -13.52 -3.35
      vertex -10.3194 -13.7781 -3.35
      vertex -10.4066 -13.7066 -3.35
    endloop
  endfacet
  facet normal 0 0 -1
    outer loop
      vertex -10.5312 -13.52 -3.35
      vertex -10.4066 -13.7066 -3.35
      vertex -10.4781 -13.6194 -3.35
    endloop
  endfacet
  facet normal 0 0 -1
    outer loop
      vertex -9.46878 -13.52 -3.35
      vertex -10.5312 -13.52 -3.35
      vertex -11.15 -12.15 -3.35
    endloop
  endfacet
  facet normal 0 0 -1
    outer loop
      vertex -8.85001 -12.15 -3.35
      vertex -11.15 -12.15 -3.35
      vertex -8.85001 3.95 -3.35
    endloop
  endfacet
  facet normal 0 0 -1
    outer loop
      vertex -11.15 3.95 -3.35
      vertex -8.85001 3.95 -3.35
      vertex -11.15 -12.15 -3.35
    endloop
  endfacet
  facet normal 0 0 -1
    outer loop
      vertex -11.15 3.95 -3.35
      vertex -4.05 6.04999 -3.35
      vertex -8.85001 3.95 -3.35
    endloop
  endfacet
  facet normal 0 0 -1
    outer loop
      vertex -16.05 6.04999 -3.35
      vertex -11.15 3.95 -3.35
      vertex -16.05 3.95 -3.35
    endloop
  endfacet
  facet normal 0 0 -1
    outer loop
      vertex -11.15 3.95 -3.35
      vertex -16.05 6.04999 -3.35
      vertex -4.05 6.04999 -3.35
    endloop
  endfacet
  facet normal 0 0 -1
    outer loop
      vertex -16.2548 3.97017 -3.35
      vertex -16.05 6.04999 -3.35
      vertex -16.05 3.95 -3.35
    endloop
  endfacet
  facet normal 0 0 -1
    outer loop
      vertex -16.2548 3.97017 -3.35
      vertex -16.2548 6.02982 -3.35
      vertex -16.05 6.04999 -3.35
    endloop
  endfacet
  facet normal 0 0 -1
    outer loop
      vertex -16.4518 4.02992 -3.35
      vertex -16.2548 6.02982 -3.35
      vertex -16.2548 3.97017 -3.35
    endloop
  endfacet
  facet normal 0 0 -1
    outer loop
      vertex -16.4518 4.02992 -3.35
      vertex -16.4518 5.97006 -3.35
      vertex -16.2548 6.02982 -3.35
    endloop
  endfacet
  facet normal 0 0 -1
    outer loop
      vertex -16.6333 4.12695 -3.35
      vertex -16.4518 5.97006 -3.35
      vertex -16.4518 4.02992 -3.35
    endloop
  endfacet
  facet normal 0 0 -1
    outer loop
      vertex -16.6333 4.12695 -3.35
      vertex -16.6333 5.87303 -3.35
      vertex -16.4518 5.97006 -3.35
    endloop
  endfacet
  facet normal 0 0 -1
    outer loop
      vertex -16.7924 4.25754 -3.35
      vertex -16.6333 5.87303 -3.35
      vertex -16.6333 4.12695 -3.35
    endloop
  endfacet
  facet normal 0 0 -1
    outer loop
      vertex -16.7924 4.25754 -3.35
      vertex -16.7924 5.74245 -3.35
      vertex -16.6333 5.87303 -3.35
    endloop
  endfacet
  facet normal 0 0 -1
    outer loop
      vertex -16.923 4.41664 -3.35
      vertex -16.7924 5.74245 -3.35
      vertex -16.7924 4.25754 -3.35
    endloop
  endfacet
  facet normal 0 0 -1
    outer loop
      vertex -16.923 4.41664 -3.35
      vertex -16.923 5.58334 -3.35
      vertex -16.7924 5.74245 -3.35
    endloop
  endfacet
  facet normal 0 0 -1
    outer loop
      vertex -17.0201 4.59818 -3.35
      vertex -16.923 5.58334 -3.35
      vertex -16.923 4.41664 -3.35
    endloop
  endfacet
  facet normal 0 0 -1
    outer loop
      vertex -17.0201 4.59818 -3.35
      vertex -17.0201 5.40181 -3.35
      vertex -16.923 5.58334 -3.35
    endloop
  endfacet
  facet normal 0 0 -1
    outer loop
      vertex -17.0798 4.79515 -3.35
      vertex -17.0201 5.40181 -3.35
      vertex -17.0201 4.59818 -3.35
    endloop
  endfacet
  facet normal 0 0 -1
    outer loop
      vertex -17.0798 4.79515 -3.35
      vertex -17.0798 5.20483 -3.35
      vertex -17.0201 5.40181 -3.35
    endloop
  endfacet
  facet normal 0 -0 -1
    outer loop
      vertex -17.0798 5.20483 -3.35
      vertex -17.0798 4.79515 -3.35
      vertex -17.1 5 -3.35
    endloop
  endfacet
  facet normal 0.881923 -0.471394 0
    outer loop
      vertex -9.52191 -13.6194 3.35
      vertex -9.46878 -13.52 -3.35
      vertex -9.46878 -13.52 3.35
    endloop
  endfacet
  facet normal 0.881923 -0.471394 0
    outer loop
      vertex -9.46878 -13.52 -3.35
      vertex -9.52191 -13.6194 3.35
      vertex -9.52191 -13.6194 -3.35
    endloop
  endfacet
  facet normal 0.773285 -0.634058 0
    outer loop
      vertex -9.59341 -13.7066 3.35
      vertex -9.52191 -13.6194 -3.35
      vertex -9.52191 -13.6194 3.35
    endloop
  endfacet
  facet normal 0.773285 -0.634058 0
    outer loop
      vertex -9.52191 -13.6194 -3.35
      vertex -9.59341 -13.7066 3.35
      vertex -9.59341 -13.7066 -3.35
    endloop
  endfacet
  facet normal 0.634276 -0.773107 0
    outer loop
      vertex -9.68056 -13.7781 -3.35
      vertex -9.59341 -13.7066 3.35
      vertex -9.68056 -13.7781 3.35
    endloop
  endfacet
  facet normal 0.634276 -0.773107 0
    outer loop
      vertex -9.59341 -13.7066 3.35
      vertex -9.68056 -13.7781 -3.35
      vertex -9.59341 -13.7066 -3.35
    endloop
  endfacet
  facet normal 0.47115 -0.882053 0
    outer loop
      vertex -9.77997 -13.8312 -3.35
      vertex -9.68056 -13.7781 3.35
      vertex -9.77997 -13.8312 3.35
    endloop
  endfacet
  facet normal 0.47115 -0.882053 0
    outer loop
      vertex -9.68056 -13.7781 3.35
      vertex -9.77997 -13.8312 -3.35
      vertex -9.68056 -13.7781 -3.35
    endloop
  endfacet
  facet normal 0.290131 -0.956987 0
    outer loop
      vertex -9.88783 -13.8639 -3.35
      vertex -9.77997 -13.8312 3.35
      vertex -9.88783 -13.8639 3.35
    endloop
  endfacet
  facet normal 0.290131 -0.956987 0
    outer loop
      vertex -9.77997 -13.8312 3.35
      vertex -9.88783 -13.8639 -3.35
      vertex -9.77997 -13.8312 -3.35
    endloop
  endfacet
  facet normal 0.098476 -0.995139 0
    outer loop
      vertex -10 -13.875 -3.35
      vertex -9.88783 -13.8639 3.35
      vertex -10 -13.875 3.35
    endloop
  endfacet
  facet normal 0.098476 -0.995139 0
    outer loop
      vertex -9.88783 -13.8639 3.35
      vertex -10 -13.875 -3.35
      vertex -9.88783 -13.8639 -3.35
    endloop
  endfacet
  facet normal -0.0984499 -0.995142 0
    outer loop
      vertex -10.1122 -13.8639 -3.35
      vertex -10 -13.875 3.35
      vertex -10.1122 -13.8639 3.35
    endloop
  endfacet
  facet normal -0.0984499 -0.995142 -0
    outer loop
      vertex -10 -13.875 3.35
      vertex -10.1122 -13.8639 -3.35
      vertex -10 -13.875 -3.35
    endloop
  endfacet
  facet normal -0.290278 -0.956942 0
    outer loop
      vertex -10.22 -13.8312 -3.35
      vertex -10.1122 -13.8639 3.35
      vertex -10.22 -13.8312 3.35
    endloop
  endfacet
  facet normal -0.290278 -0.956942 -0
    outer loop
      vertex -10.1122 -13.8639 3.35
      vertex -10.22 -13.8312 -3.35
      vertex -10.1122 -13.8639 -3.35
    endloop
  endfacet
  facet normal -0.471187 -0.882033 0
    outer loop
      vertex -10.3194 -13.7781 -3.35
      vertex -10.22 -13.8312 3.35
      vertex -10.3194 -13.7781 3.35
    endloop
  endfacet
  facet normal -0.471187 -0.882033 -0
    outer loop
      vertex -10.22 -13.8312 3.35
      vertex -10.3194 -13.7781 -3.35
      vertex -10.22 -13.8312 -3.35
    endloop
  endfacet
  facet normal -0.634058 -0.773285 0
    outer loop
      vertex -10.4066 -13.7066 -3.35
      vertex -10.3194 -13.7781 3.35
      vertex -10.4066 -13.7066 3.35
    endloop
  endfacet
  facet normal -0.634058 -0.773285 -0
    outer loop
      vertex -10.3194 -13.7781 3.35
      vertex -10.4066 -13.7066 -3.35
      vertex -10.3194 -13.7781 -3.35
    endloop
  endfacet
  facet normal -0.773285 -0.634058 0
    outer loop
      vertex -10.4066 -13.7066 -3.35
      vertex -10.4781 -13.6194 3.35
      vertex -10.4781 -13.6194 -3.35
    endloop
  endfacet
  facet normal -0.773285 -0.634058 0
    outer loop
      vertex -10.4781 -13.6194 3.35
      vertex -10.4066 -13.7066 -3.35
      vertex -10.4066 -13.7066 3.35
    endloop
  endfacet
  facet normal -0.882033 -0.471187 0
    outer loop
      vertex -10.4781 -13.6194 -3.35
      vertex -10.5312 -13.52 3.35
      vertex -10.5312 -13.52 -3.35
    endloop
  endfacet
  facet normal -0.882033 -0.471187 0
    outer loop
      vertex -10.5312 -13.52 3.35
      vertex -10.4781 -13.6194 -3.35
      vertex -10.4781 -13.6194 3.35
    endloop
  endfacet
  facet normal -0.911348 -0.411637 0
    outer loop
      vertex -10.5312 -13.52 -3.35
      vertex -11.15 -12.15 3.35
      vertex -11.15 -12.15 -3.35
    endloop
  endfacet
  facet normal -0.911348 -0.411637 0
    outer loop
      vertex -11.15 -12.15 3.35
      vertex -10.5312 -13.52 -3.35
      vertex -10.5312 -13.52 3.35
    endloop
  endfacet
  facet normal -1 0 0
    outer loop
      vertex -11.15 -12.15 -3.35
      vertex -11.15 3.95 3.35
      vertex -11.15 3.95 -3.35
    endloop
  endfacet
  facet normal -1 -0 0
    outer loop
      vertex -11.15 3.95 3.35
      vertex -11.15 -12.15 -3.35
      vertex -11.15 -12.15 3.35
    endloop
  endfacet
  facet normal 0 -1 0
    outer loop
      vertex -16.05 3.95 -3.35
      vertex -11.15 3.95 3.35
      vertex -16.05 3.95 3.35
    endloop
  endfacet
  facet normal 0 -1 -0
    outer loop
      vertex -11.15 3.95 3.35
      vertex -16.05 3.95 -3.35
      vertex -11.15 3.95 -3.35
    endloop
  endfacet
  facet normal -0.0980121 -0.995185 0
    outer loop
      vertex -16.2548 3.97017 -3.35
      vertex -16.05 3.95 3.35
      vertex -16.2548 3.97017 3.35
    endloop
  endfacet
  facet normal -0.0980121 -0.995185 -0
    outer loop
      vertex -16.05 3.95 3.35
      vertex -16.2548 3.97017 -3.35
      vertex -16.05 3.95 -3.35
    endloop
  endfacet
  facet normal -0.290243 -0.956953 0
    outer loop
      vertex -16.4518 4.02992 -3.35
      vertex -16.2548 3.97017 3.35
      vertex -16.4518 4.02992 3.35
    endloop
  endfacet
  facet normal -0.290243 -0.956953 -0
    outer loop
      vertex -16.2548 3.97017 3.35
      vertex -16.4518 4.02992 -3.35
      vertex -16.2548 3.97017 -3.35
    endloop
  endfacet
  facet normal -0.471458 -0.881888 0
    outer loop
      vertex -16.6333 4.12695 -3.35
      vertex -16.4518 4.02992 3.35
      vertex -16.6333 4.12695 3.35
    endloop
  endfacet
  facet normal -0.471458 -0.881888 -0
    outer loop
      vertex -16.4518 4.02992 3.35
      vertex -16.6333 4.12695 -3.35
      vertex -16.4518 4.02992 -3.35
    endloop
  endfacet
  facet normal -0.634451 -0.772963 0
    outer loop
      vertex -16.7924 4.25754 -3.35
      vertex -16.6333 4.12695 3.35
      vertex -16.7924 4.25754 3.35
    endloop
  endfacet
  facet normal -0.634451 -0.772963 -0
    outer loop
      vertex -16.6333 4.12695 3.35
      vertex -16.7924 4.25754 -3.35
      vertex -16.6333 4.12695 -3.35
    endloop
  endfacet
  facet normal -0.772939 -0.63448 0
    outer loop
      vertex -16.7924 4.25754 -3.35
      vertex -16.923 4.41664 3.35
      vertex -16.923 4.41664 -3.35
    endloop
  endfacet
  facet normal -0.772939 -0.63448 0
    outer loop
      vertex -16.923 4.41664 3.35
      vertex -16.7924 4.25754 -3.35
      vertex -16.7924 4.25754 3.35
    endloop
  endfacet
  facet normal -0.88179 -0.471642 0
    outer loop
      vertex -16.923 4.41664 -3.35
      vertex -17.0201 4.59818 3.35
      vertex -17.0201 4.59818 -3.35
    endloop
  endfacet
  facet normal -0.88179 -0.471642 0
    outer loop
      vertex -17.0201 4.59818 3.35
      vertex -16.923 4.41664 -3.35
      vertex -16.923 4.41664 3.35
    endloop
  endfacet
  facet normal -0.957008 -0.290061 0
    outer loop
      vertex -17.0201 4.59818 -3.35
      vertex -17.0798 4.79515 3.35
      vertex -17.0798 4.79515 -3.35
    endloop
  endfacet
  facet normal -0.957008 -0.290061 0
    outer loop
      vertex -17.0798 4.79515 3.35
      vertex -17.0201 4.59818 -3.35
      vertex -17.0201 4.59818 3.35
    endloop
  endfacet
  facet normal -0.995173 -0.0981328 0
    outer loop
      vertex -17.0798 4.79515 -3.35
      vertex -17.1 5 3.35
      vertex -17.1 5 -3.35
    endloop
  endfacet
  facet normal -0.995173 -0.0981328 0
    outer loop
      vertex -17.1 5 3.35
      vertex -17.0798 4.79515 -3.35
      vertex -17.0798 4.79515 3.35
    endloop
  endfacet
  facet normal -0.995172 0.0981423 0
    outer loop
      vertex -17.1 5 -3.35
      vertex -17.0798 5.20483 3.35
      vertex -17.0798 5.20483 -3.35
    endloop
  endfacet
  facet normal -0.995172 0.0981423 0
    outer loop
      vertex -17.0798 5.20483 3.35
      vertex -17.1 5 -3.35
      vertex -17.1 5 3.35
    endloop
  endfacet
  facet normal -0.957012 0.290048 0
    outer loop
      vertex -17.0798 5.20483 -3.35
      vertex -17.0201 5.40181 3.35
      vertex -17.0201 5.40181 -3.35
    endloop
  endfacet
  facet normal -0.957012 0.290048 0
    outer loop
      vertex -17.0201 5.40181 3.35
      vertex -17.0798 5.20483 -3.35
      vertex -17.0798 5.20483 3.35
    endloop
  endfacet
  facet normal -0.881779 0.471662 0
    outer loop
      vertex -17.0201 5.40181 -3.35
      vertex -16.923 5.58334 3.35
      vertex -16.923 5.58334 -3.35
    endloop
  endfacet
  facet normal -0.881779 0.471662 0
    outer loop
      vertex -16.923 5.58334 3.35
      vertex -17.0201 5.40181 -3.35
      vertex -17.0201 5.40181 3.35
    endloop
  endfacet
  facet normal -0.772959 0.634457 0
    outer loop
      vertex -16.923 5.58334 -3.35
      vertex -16.7924 5.74245 3.35
      vertex -16.7924 5.74245 -3.35
    endloop
  endfacet
  facet normal -0.772959 0.634457 0
    outer loop
      vertex -16.7924 5.74245 3.35
      vertex -16.923 5.58334 -3.35
      vertex -16.923 5.58334 3.35
    endloop
  endfacet
  facet normal -0.634422 0.772987 0
    outer loop
      vertex -16.6333 5.87303 -3.35
      vertex -16.7924 5.74245 3.35
      vertex -16.6333 5.87303 3.35
    endloop
  endfacet
  facet normal -0.634422 0.772987 0
    outer loop
      vertex -16.7924 5.74245 3.35
      vertex -16.6333 5.87303 -3.35
      vertex -16.7924 5.74245 -3.35
    endloop
  endfacet
  facet normal -0.471458 0.881888 0
    outer loop
      vertex -16.4518 5.97006 -3.35
      vertex -16.6333 5.87303 3.35
      vertex -16.4518 5.97006 3.35
    endloop
  endfacet
  facet normal -0.471458 0.881888 0
    outer loop
      vertex -16.6333 5.87303 3.35
      vertex -16.4518 5.97006 -3.35
      vertex -16.6333 5.87303 -3.35
    endloop
  endfacet
  facet normal -0.290288 0.956939 0
    outer loop
      vertex -16.2548 6.02982 -3.35
      vertex -16.4518 5.97006 3.35
      vertex -16.2548 6.02982 3.35
    endloop
  endfacet
  facet normal -0.290288 0.956939 0
    outer loop
      vertex -16.4518 5.97006 3.35
      vertex -16.2548 6.02982 -3.35
      vertex -16.4518 5.97006 -3.35
    endloop
  endfacet
  facet normal -0.0980121 0.995185 0
    outer loop
      vertex -16.05 6.04999 -3.35
      vertex -16.2548 6.02982 3.35
      vertex -16.05 6.04999 3.35
    endloop
  endfacet
  facet normal -0.0980121 0.995185 0
    outer loop
      vertex -16.2548 6.02982 3.35
      vertex -16.05 6.04999 -3.35
      vertex -16.2548 6.02982 -3.35
    endloop
  endfacet
  facet normal 0 1 -0
    outer loop
      vertex -4.05 6.04999 -3.35
      vertex -16.05 6.04999 3.35
      vertex -4.05 6.04999 3.35
    endloop
  endfacet
  facet normal 0 1 0
    outer loop
      vertex -16.05 6.04999 3.35
      vertex -4.05 6.04999 -3.35
      vertex -16.05 6.04999 -3.35
    endloop
  endfacet
  facet normal 0.0979979 0.995187 -0
    outer loop
      vertex -3.84517 6.02982 -3.35
      vertex -4.05 6.04999 3.35
      vertex -3.84517 6.02982 3.35
    endloop
  endfacet
  facet normal 0.0979979 0.995187 0
    outer loop
      vertex -4.05 6.04999 3.35
      vertex -3.84517 6.02982 -3.35
      vertex -4.05 6.04999 -3.35
    endloop
  endfacet
  facet normal 0.290315 0.956931 -0
    outer loop
      vertex -3.64819 5.97006 -3.35
      vertex -3.84517 6.02982 3.35
      vertex -3.64819 5.97006 3.35
    endloop
  endfacet
  facet normal 0.290315 0.956931 0
    outer loop
      vertex -3.84517 6.02982 3.35
      vertex -3.64819 5.97006 -3.35
      vertex -3.84517 6.02982 -3.35
    endloop
  endfacet
  facet normal 0.471397 0.881921 -0
    outer loop
      vertex -3.46666 5.87303 -3.35
      vertex -3.64819 5.97006 3.35
      vertex -3.46666 5.87303 3.35
    endloop
  endfacet
  facet normal 0.471397 0.881921 0
    outer loop
      vertex -3.64819 5.97006 3.35
      vertex -3.46666 5.87303 -3.35
      vertex -3.64819 5.97006 -3.35
    endloop
  endfacet
  facet normal 0.634375 0.773026 -0
    outer loop
      vertex -3.30754 5.74245 -3.35
      vertex -3.46666 5.87303 3.35
      vertex -3.30754 5.74245 3.35
    endloop
  endfacet
  facet normal 0.634375 0.773026 0
    outer loop
      vertex -3.46666 5.87303 3.35
      vertex -3.30754 5.74245 -3.35
      vertex -3.46666 5.87303 -3.35
    endloop
  endfacet
  facet normal 0.77303 0.634369 0
    outer loop
      vertex -3.17697 5.58334 3.35
      vertex -3.30754 5.74245 -3.35
      vertex -3.30754 5.74245 3.35
    endloop
  endfacet
  facet normal 0.77303 0.634369 0
    outer loop
      vertex -3.30754 5.74245 -3.35
      vertex -3.17697 5.58334 3.35
      vertex -3.17697 5.58334 -3.35
    endloop
  endfacet
  facet normal 0.881921 0.471397 0
    outer loop
      vertex -3.07994 5.40181 3.35
      vertex -3.17697 5.58334 -3.35
      vertex -3.17697 5.58334 3.35
    endloop
  endfacet
  facet normal 0.881921 0.471397 0
    outer loop
      vertex -3.17697 5.58334 -3.35
      vertex -3.07994 5.40181 3.35
      vertex -3.07994 5.40181 -3.35
    endloop
  endfacet
  facet normal 0.956945 0.29027 0
    outer loop
      vertex -3.02019 5.20483 3.35
      vertex -3.07994 5.40181 -3.35
      vertex -3.07994 5.40181 3.35
    endloop
  endfacet
  facet normal 0.956945 0.29027 0
    outer loop
      vertex -3.07994 5.40181 -3.35
      vertex -3.02019 5.20483 3.35
      vertex -3.02019 5.20483 -3.35
    endloop
  endfacet
  facet normal 0.995177 0.0980942 0
    outer loop
      vertex -3 5 3.35
      vertex -3.02019 5.20483 -3.35
      vertex -3.02019 5.20483 3.35
    endloop
  endfacet
  facet normal 0.995177 0.0980942 0
    outer loop
      vertex -3.02019 5.20483 -3.35
      vertex -3 5 3.35
      vertex -3 5 -3.35
    endloop
  endfacet
  facet normal 0.995178 -0.0980847 0
    outer loop
      vertex -3.02019 4.79515 3.35
      vertex -3 5 -3.35
      vertex -3 5 3.35
    endloop
  endfacet
  facet normal 0.995178 -0.0980847 0
    outer loop
      vertex -3 5 -3.35
      vertex -3.02019 4.79515 3.35
      vertex -3.02019 4.79515 -3.35
    endloop
  endfacet
  facet normal 0.956941 -0.290284 0
    outer loop
      vertex -3.07994 4.59818 3.35
      vertex -3.02019 4.79515 -3.35
      vertex -3.02019 4.79515 3.35
    endloop
  endfacet
  facet normal 0.956941 -0.290284 0
    outer loop
      vertex -3.02019 4.79515 -3.35
      vertex -3.07994 4.59818 3.35
      vertex -3.07994 4.59818 -3.35
    endloop
  endfacet
  facet normal 0.881932 -0.471377 0
    outer loop
      vertex -3.17697 4.41664 3.35
      vertex -3.07994 4.59818 -3.35
      vertex -3.07994 4.59818 3.35
    endloop
  endfacet
  facet normal 0.881932 -0.471377 0
    outer loop
      vertex -3.07994 4.59818 -3.35
      vertex -3.17697 4.41664 3.35
      vertex -3.17697 4.41664 -3.35
    endloop
  endfacet
  facet normal 0.77301 -0.634393 0
    outer loop
      vertex -3.30754 4.25754 3.35
      vertex -3.17697 4.41664 -3.35
      vertex -3.17697 4.41664 3.35
    endloop
  endfacet
  facet normal 0.77301 -0.634393 0
    outer loop
      vertex -3.17697 4.41664 -3.35
      vertex -3.30754 4.25754 3.35
      vertex -3.30754 4.25754 -3.35
    endloop
  endfacet
  facet normal 0.634404 -0.773002 0
    outer loop
      vertex -3.46666 4.12695 -3.35
      vertex -3.30754 4.25754 3.35
      vertex -3.46666 4.12695 3.35
    endloop
  endfacet
  facet normal 0.634404 -0.773002 0
    outer loop
      vertex -3.30754 4.25754 3.35
      vertex -3.46666 4.12695 -3.35
      vertex -3.30754 4.25754 -3.35
    endloop
  endfacet
  facet normal 0.471397 -0.881921 0
    outer loop
      vertex -3.64819 4.02992 -3.35
      vertex -3.46666 4.12695 3.35
      vertex -3.64819 4.02992 3.35
    endloop
  endfacet
  facet normal 0.471397 -0.881921 0
    outer loop
      vertex -3.46666 4.12695 3.35
      vertex -3.64819 4.02992 -3.35
      vertex -3.46666 4.12695 -3.35
    endloop
  endfacet
  facet normal 0.29027 -0.956945 0
    outer loop
      vertex -3.84517 3.97017 -3.35
      vertex -3.64819 4.02992 3.35
      vertex -3.84517 3.97017 3.35
    endloop
  endfacet
  facet normal 0.29027 -0.956945 0
    outer loop
      vertex -3.64819 4.02992 3.35
      vertex -3.84517 3.97017 -3.35
      vertex -3.64819 4.02992 -3.35
    endloop
  endfacet
  facet normal 0.0979979 -0.995187 0
    outer loop
      vertex -4.05 3.95 -3.35
      vertex -3.84517 3.97017 3.35
      vertex -4.05 3.95 3.35
    endloop
  endfacet
  facet normal 0.0979979 -0.995187 0
    outer loop
      vertex -3.84517 3.97017 3.35
      vertex -4.05 3.95 -3.35
      vertex -3.84517 3.97017 -3.35
    endloop
  endfacet
  facet normal 0 -1 0
    outer loop
      vertex -8.85001 3.95 -3.35
      vertex -4.05 3.95 3.35
      vertex -8.85001 3.95 3.35
    endloop
  endfacet
  facet normal 0 -1 -0
    outer loop
      vertex -4.05 3.95 3.35
      vertex -8.85001 3.95 -3.35
      vertex -4.05 3.95 -3.35
    endloop
  endfacet
  facet normal 1 -0 0
    outer loop
      vertex -8.85001 -12.15 3.35
      vertex -8.85001 3.95 -3.35
      vertex -8.85001 3.95 3.35
    endloop
  endfacet
  facet normal 1 0 0
    outer loop
      vertex -8.85001 3.95 -3.35
      vertex -8.85001 -12.15 3.35
      vertex -8.85001 -12.15 -3.35
    endloop
  endfacet
  facet normal 0.911356 -0.41162 0
    outer loop
      vertex -9.46878 -13.52 3.35
      vertex -8.85001 -12.15 -3.35
      vertex -8.85001 -12.15 3.35
    endloop
  endfacet
  facet normal 0.911356 -0.41162 0
    outer loop
      vertex -8.85001 -12.15 -3.35
      vertex -9.46878 -13.52 3.35
      vertex -9.46878 -13.52 -3.35
    endloop
  endfacet
  facet normal -0 0 1
    outer loop
      vertex 10.95 7.08749 3.35
      vertex 13.05 1.14999 3.35
      vertex 13.05 7.08749 3.35
    endloop
  endfacet
  facet normal 0 0 1
    outer loop
      vertex 13.05 1.14999 3.35
      vertex 10.95 7.08749 3.35
      vertex 13.05 -1.14999 3.35
    endloop
  endfacet
  facet normal 0 0 1
    outer loop
      vertex 10.95 7.08749 3.35
      vertex 13.05 7.08749 3.35
      vertex 13.0298 7.29234 3.35
    endloop
  endfacet
  facet normal 0 0 1
    outer loop
      vertex 10.95 -7.18748 3.35
      vertex 13.05 -1.14999 3.35
      vertex 10.95 7.08749 3.35
    endloop
  endfacet
  facet normal 0 0 1
    outer loop
      vertex 10.95 7.08749 3.35
      vertex 13.0298 7.29234 3.35
      vertex 12.9701 7.4893 3.35
    endloop
  endfacet
  facet normal 0 0 1
    outer loop
      vertex 13.05 -1.14999 3.35
      vertex 10.95 -7.18748 3.35
      vertex 13.05 -7.18748 3.35
    endloop
  endfacet
  facet normal 0 0 1
    outer loop
      vertex 10.95 7.08749 3.35
      vertex 12.9701 7.4893 3.35
      vertex 12.873 7.67084 3.35
    endloop
  endfacet
  facet normal 0 0 1
    outer loop
      vertex 13.05 -7.18748 3.35
      vertex 10.95 -7.18748 3.35
      vertex 13.0298 -7.39233 3.35
    endloop
  endfacet
  facet normal 0 0 1
    outer loop
      vertex 10.95 7.08749 3.35
      vertex 12.873 7.67084 3.35
      vertex 12.7425 7.82996 3.35
    endloop
  endfacet
  facet normal 0 0 1
    outer loop
      vertex 13.0298 -7.39233 3.35
      vertex 10.95 -7.18748 3.35
      vertex 12.9701 -7.58931 3.35
    endloop
  endfacet
  facet normal 0 0 1
    outer loop
      vertex 10.95 7.08749 3.35
      vertex 12.7425 7.82996 3.35
      vertex 12.5834 7.96054 3.35
    endloop
  endfacet
  facet normal 0 0 1
    outer loop
      vertex 12.9701 -7.58931 3.35
      vertex 10.95 -7.18748 3.35
      vertex 12.873 -7.77084 3.35
    endloop
  endfacet
  facet normal 0 0 1
    outer loop
      vertex 10.95 7.08749 3.35
      vertex 12.5834 7.96054 3.35
      vertex 12.4018 8.05757 3.35
    endloop
  endfacet
  facet normal 0 0 1
    outer loop
      vertex 12.873 -7.77084 3.35
      vertex 10.95 -7.18748 3.35
      vertex 12.7425 -7.92995 3.35
    endloop
  endfacet
  facet normal 0 0 1
    outer loop
      vertex 10.95 7.08749 3.35
      vertex 12.4018 8.05757 3.35
      vertex 12.2048 8.11731 3.35
    endloop
  endfacet
  facet normal 0 0 1
    outer loop
      vertex 12.7425 -7.92995 3.35
      vertex 10.95 -7.18748 3.35
      vertex 12.5834 -8.06053 3.35
    endloop
  endfacet
  facet normal 0 0 1
    outer loop
      vertex 10.95 7.08749 3.35
      vertex 12.2048 8.11731 3.35
      vertex 12 8.1375 3.35
    endloop
  endfacet
  facet normal 0 0 1
    outer loop
      vertex 12.5834 -8.06053 3.35
      vertex 10.95 -7.18748 3.35
      vertex 12.4018 -8.15756 3.35
    endloop
  endfacet
  facet normal 0 0 1
    outer loop
      vertex 10.95 7.08749 3.35
      vertex 12 8.1375 3.35
      vertex 11.7952 8.11731 3.35
    endloop
  endfacet
  facet normal 0 0 1
    outer loop
      vertex 12.4018 -8.15756 3.35
      vertex 10.95 -7.18748 3.35
      vertex 12.2048 -8.21732 3.35
    endloop
  endfacet
  facet normal 0 0 1
    outer loop
      vertex 10.95 7.08749 3.35
      vertex 11.7952 8.11731 3.35
      vertex 11.5982 8.05757 3.35
    endloop
  endfacet
  facet normal 0 0 1
    outer loop
      vertex 12.2048 -8.21732 3.35
      vertex 10.95 -7.18748 3.35
      vertex 12 -8.23749 3.35
    endloop
  endfacet
  facet normal 0 0 1
    outer loop
      vertex 10.95 7.08749 3.35
      vertex 11.5982 8.05757 3.35
      vertex 11.4167 7.96054 3.35
    endloop
  endfacet
  facet normal 0 0 1
    outer loop
      vertex 12 -8.23749 3.35
      vertex 10.95 -7.18748 3.35
      vertex 11.7952 -8.21732 3.35
    endloop
  endfacet
  facet normal 0 0 1
    outer loop
      vertex 10.95 7.08749 3.35
      vertex 11.4167 7.96054 3.35
      vertex 11.2576 7.82996 3.35
    endloop
  endfacet
  facet normal 0 0 1
    outer loop
      vertex 11.7952 -8.21732 3.35
      vertex 10.95 -7.18748 3.35
      vertex 11.5982 -8.15756 3.35
    endloop
  endfacet
  facet normal 0 0 1
    outer loop
      vertex 10.95 7.08749 3.35
      vertex 11.2576 7.82996 3.35
      vertex 11.127 7.67084 3.35
    endloop
  endfacet
  facet normal 0 0 1
    outer loop
      vertex 11.5982 -8.15756 3.35
      vertex 10.95 -7.18748 3.35
      vertex 11.4167 -8.06053 3.35
    endloop
  endfacet
  facet normal 0 0 1
    outer loop
      vertex 10.95 7.08749 3.35
      vertex 11.127 7.67084 3.35
      vertex 11.0299 7.4893 3.35
    endloop
  endfacet
  facet normal 0 0 1
    outer loop
      vertex 11.4167 -8.06053 3.35
      vertex 10.95 -7.18748 3.35
      vertex 11.2576 -7.92995 3.35
    endloop
  endfacet
  facet normal 0 0 1
    outer loop
      vertex 10.95 7.08749 3.35
      vertex 11.0299 7.4893 3.35
      vertex 10.9702 7.29234 3.35
    endloop
  endfacet
  facet normal 0 0 1
    outer loop
      vertex 11.2576 -7.92995 3.35
      vertex 10.95 -7.18748 3.35
      vertex 11.127 -7.77084 3.35
    endloop
  endfacet
  facet normal 0 0 1
    outer loop
      vertex 11.127 -7.77084 3.35
      vertex 10.95 -7.18748 3.35
      vertex 11.0299 -7.58931 3.35
    endloop
  endfacet
  facet normal 0 0 1
    outer loop
      vertex 11.0299 -7.58931 3.35
      vertex 10.95 -7.18748 3.35
      vertex 10.9702 -7.39233 3.35
    endloop
  endfacet
  facet normal 0 0 1
    outer loop
      vertex 15.8639 0.112167 3.35
      vertex 15.8639 -0.112167 3.35
      vertex 15.875 0 3.35
    endloop
  endfacet
  facet normal 0 0 1
    outer loop
      vertex 15.8312 0.220032 3.35
      vertex 15.8639 -0.112167 3.35
      vertex 15.8639 0.112167 3.35
    endloop
  endfacet
  facet normal 0 0 1
    outer loop
      vertex 15.8312 0.220032 3.35
      vertex 15.8312 -0.220032 3.35
      vertex 15.8639 -0.112167 3.35
    endloop
  endfacet
  facet normal 0 0 1
    outer loop
      vertex 15.7781 0.319443 3.35
      vertex 15.8312 -0.220032 3.35
      vertex 15.8312 0.220032 3.35
    endloop
  endfacet
  facet normal 0 0 1
    outer loop
      vertex 15.7781 0.319443 3.35
      vertex 15.7781 -0.319443 3.35
      vertex 15.8312 -0.220032 3.35
    endloop
  endfacet
  facet normal 0 0 1
    outer loop
      vertex 15.7066 0.406586 3.35
      vertex 15.7781 -0.319443 3.35
      vertex 15.7781 0.319443 3.35
    endloop
  endfacet
  facet normal 0 0 1
    outer loop
      vertex 15.7066 0.406586 3.35
      vertex 15.7066 -0.406586 3.35
      vertex 15.7781 -0.319443 3.35
    endloop
  endfacet
  facet normal 0 0 1
    outer loop
      vertex 15.6194 0.478088 3.35
      vertex 15.7066 -0.406586 3.35
      vertex 15.7066 0.406586 3.35
    endloop
  endfacet
  facet normal 0 0 1
    outer loop
      vertex 15.6194 0.478088 3.35
      vertex 15.6194 -0.478088 3.35
      vertex 15.7066 -0.406586 3.35
    endloop
  endfacet
  facet normal 0 0 1
    outer loop
      vertex 15.52 0.531219 3.35
      vertex 15.6194 -0.478088 3.35
      vertex 15.6194 0.478088 3.35
    endloop
  endfacet
  facet normal 0 0 1
    outer loop
      vertex 15.52 0.531219 3.35
      vertex 15.52 -0.531219 3.35
      vertex 15.6194 -0.478088 3.35
    endloop
  endfacet
  facet normal 0 0 1
    outer loop
      vertex 14.15 1.14999 3.35
      vertex 15.52 -0.531219 3.35
      vertex 15.52 0.531219 3.35
    endloop
  endfacet
  facet normal 0 0 1
    outer loop
      vertex 14.15 1.14999 3.35
      vertex 14.15 -1.14999 3.35
      vertex 15.52 -0.531219 3.35
    endloop
  endfacet
  facet normal -0 0 1
    outer loop
      vertex 13.05 1.14999 3.35
      vertex 14.15 -1.14999 3.35
      vertex 14.15 1.14999 3.35
    endloop
  endfacet
  facet normal 0 0 1
    outer loop
      vertex 14.15 -1.14999 3.35
      vertex 13.05 1.14999 3.35
      vertex 13.05 -1.14999 3.35
    endloop
  endfacet
  facet normal 0 0 -1
    outer loop
      vertex 10.95 -7.18748 -3.35
      vertex 13.05 -1.14999 -3.35
      vertex 13.05 -7.18748 -3.35
    endloop
  endfacet
  facet normal -0 0 -1
    outer loop
      vertex 13.05 -1.14999 -3.35
      vertex 10.95 -7.18748 -3.35
      vertex 13.05 1.14999 -3.35
    endloop
  endfacet
  facet normal 0 0 -1
    outer loop
      vertex 10.95 -7.18748 -3.35
      vertex 13.05 -7.18748 -3.35
      vertex 13.0298 -7.39233 -3.35
    endloop
  endfacet
  facet normal 0 0 -1
    outer loop
      vertex 10.95 7.08749 -3.35
      vertex 13.05 1.14999 -3.35
      vertex 10.95 -7.18748 -3.35
    endloop
  endfacet
  facet normal 0 0 -1
    outer loop
      vertex 10.95 -7.18748 -3.35
      vertex 13.0298 -7.39233 -3.35
      vertex 12.9701 -7.58931 -3.35
    endloop
  endfacet
  facet normal 0 0 -1
    outer loop
      vertex 13.05 1.14999 -3.35
      vertex 10.95 7.08749 -3.35
      vertex 13.05 7.08749 -3.35
    endloop
  endfacet
  facet normal 0 0 -1
    outer loop
      vertex 10.95 -7.18748 -3.35
      vertex 12.9701 -7.58931 -3.35
      vertex 12.873 -7.77084 -3.35
    endloop
  endfacet
  facet normal 0 0 -1
    outer loop
      vertex 13.05 7.08749 -3.35
      vertex 10.95 7.08749 -3.35
      vertex 13.0298 7.29234 -3.35
    endloop
  endfacet
  facet normal 0 0 -1
    outer loop
      vertex 10.95 -7.18748 -3.35
      vertex 12.873 -7.77084 -3.35
      vertex 12.7425 -7.92995 -3.35
    endloop
  endfacet
  facet normal -0 0 -1
    outer loop
      vertex 13.0298 7.29234 -3.35
      vertex 10.95 7.08749 -3.35
      vertex 12.9701 7.4893 -3.35
    endloop
  endfacet
  facet normal 0 0 -1
    outer loop
      vertex 10.95 -7.18748 -3.35
      vertex 12.7425 -7.92995 -3.35
      vertex 12.5834 -8.06053 -3.35
    endloop
  endfacet
  facet normal -0 0 -1
    outer loop
      vertex 12.9701 7.4893 -3.35
      vertex 10.95 7.08749 -3.35
      vertex 12.873 7.67084 -3.35
    endloop
  endfacet
  facet normal 0 0 -1
    outer loop
      vertex 10.95 -7.18748 -3.35
      vertex 12.5834 -8.06053 -3.35
      vertex 12.4018 -8.15756 -3.35
    endloop
  endfacet
  facet normal -0 0 -1
    outer loop
      vertex 12.873 7.67084 -3.35
      vertex 10.95 7.08749 -3.35
      vertex 12.7425 7.82996 -3.35
    endloop
  endfacet
  facet normal 0 0 -1
    outer loop
      vertex 10.95 -7.18748 -3.35
      vertex 12.4018 -8.15756 -3.35
      vertex 12.2048 -8.21732 -3.35
    endloop
  endfacet
  facet normal -0 0 -1
    outer loop
      vertex 12.7425 7.82996 -3.35
      vertex 10.95 7.08749 -3.35
      vertex 12.5834 7.96054 -3.35
    endloop
  endfacet
  facet normal 0 0 -1
    outer loop
      vertex 10.95 -7.18748 -3.35
      vertex 12.2048 -8.21732 -3.35
      vertex 12 -8.23749 -3.35
    endloop
  endfacet
  facet normal -0 0 -1
    outer loop
      vertex 12.5834 7.96054 -3.35
      vertex 10.95 7.08749 -3.35
      vertex 12.4018 8.05757 -3.35
    endloop
  endfacet
  facet normal 0 0 -1
    outer loop
      vertex 10.95 -7.18748 -3.35
      vertex 12 -8.23749 -3.35
      vertex 11.7952 -8.21732 -3.35
    endloop
  endfacet
  facet normal -0 0 -1
    outer loop
      vertex 12.4018 8.05757 -3.35
      vertex 10.95 7.08749 -3.35
      vertex 12.2048 8.11731 -3.35
    endloop
  endfacet
  facet normal 0 0 -1
    outer loop
      vertex 10.95 -7.18748 -3.35
      vertex 11.7952 -8.21732 -3.35
      vertex 11.5982 -8.15756 -3.35
    endloop
  endfacet
  facet normal -0 0 -1
    outer loop
      vertex 12.2048 8.11731 -3.35
      vertex 10.95 7.08749 -3.35
      vertex 12 8.1375 -3.35
    endloop
  endfacet
  facet normal 0 0 -1
    outer loop
      vertex 10.95 -7.18748 -3.35
      vertex 11.5982 -8.15756 -3.35
      vertex 11.4167 -8.06053 -3.35
    endloop
  endfacet
  facet normal 0 0 -1
    outer loop
      vertex 12 8.1375 -3.35
      vertex 10.95 7.08749 -3.35
      vertex 11.7952 8.11731 -3.35
    endloop
  endfacet
  facet normal 0 0 -1
    outer loop
      vertex 10.95 -7.18748 -3.35
      vertex 11.4167 -8.06053 -3.35
      vertex 11.2576 -7.92995 -3.35
    endloop
  endfacet
  facet normal 0 0 -1
    outer loop
      vertex 11.7952 8.11731 -3.35
      vertex 10.95 7.08749 -3.35
      vertex 11.5982 8.05757 -3.35
    endloop
  endfacet
  facet normal 0 0 -1
    outer loop
      vertex 10.95 -7.18748 -3.35
      vertex 11.2576 -7.92995 -3.35
      vertex 11.127 -7.77084 -3.35
    endloop
  endfacet
  facet normal 0 0 -1
    outer loop
      vertex 11.5982 8.05757 -3.35
      vertex 10.95 7.08749 -3.35
      vertex 11.4167 7.96054 -3.35
    endloop
  endfacet
  facet normal 0 0 -1
    outer loop
      vertex 10.95 -7.18748 -3.35
      vertex 11.127 -7.77084 -3.35
      vertex 11.0299 -7.58931 -3.35
    endloop
  endfacet
  facet normal 0 0 -1
    outer loop
      vertex 11.4167 7.96054 -3.35
      vertex 10.95 7.08749 -3.35
      vertex 11.2576 7.82996 -3.35
    endloop
  endfacet
  facet normal 0 0 -1
    outer loop
      vertex 10.95 -7.18748 -3.35
      vertex 11.0299 -7.58931 -3.35
      vertex 10.9702 -7.39233 -3.35
    endloop
  endfacet
  facet normal 0 0 -1
    outer loop
      vertex 11.2576 7.82996 -3.35
      vertex 10.95 7.08749 -3.35
      vertex 11.127 7.67084 -3.35
    endloop
  endfacet
  facet normal 0 0 -1
    outer loop
      vertex 11.127 7.67084 -3.35
      vertex 10.95 7.08749 -3.35
      vertex 11.0299 7.4893 -3.35
    endloop
  endfacet
  facet normal 0 0 -1
    outer loop
      vertex 11.0299 7.4893 -3.35
      vertex 10.95 7.08749 -3.35
      vertex 10.9702 7.29234 -3.35
    endloop
  endfacet
  facet normal 0 0 -1
    outer loop
      vertex 15.8639 -0.112167 -3.35
      vertex 15.8639 0.112167 -3.35
      vertex 15.875 0 -3.35
    endloop
  endfacet
  facet normal 0 0 -1
    outer loop
      vertex 15.8312 -0.220032 -3.35
      vertex 15.8639 0.112167 -3.35
      vertex 15.8639 -0.112167 -3.35
    endloop
  endfacet
  facet normal 0 0 -1
    outer loop
      vertex 15.8312 -0.220032 -3.35
      vertex 15.8312 0.220032 -3.35
      vertex 15.8639 0.112167 -3.35
    endloop
  endfacet
  facet normal 0 0 -1
    outer loop
      vertex 15.7781 -0.319443 -3.35
      vertex 15.8312 0.220032 -3.35
      vertex 15.8312 -0.220032 -3.35
    endloop
  endfacet
  facet normal 0 0 -1
    outer loop
      vertex 15.7781 -0.319443 -3.35
      vertex 15.7781 0.319443 -3.35
      vertex 15.8312 0.220032 -3.35
    endloop
  endfacet
  facet normal 0 0 -1
    outer loop
      vertex 15.7066 -0.406586 -3.35
      vertex 15.7781 0.319443 -3.35
      vertex 15.7781 -0.319443 -3.35
    endloop
  endfacet
  facet normal 0 0 -1
    outer loop
      vertex 15.7066 -0.406586 -3.35
      vertex 15.7066 0.406586 -3.35
      vertex 15.7781 0.319443 -3.35
    endloop
  endfacet
  facet normal 0 0 -1
    outer loop
      vertex 15.6194 -0.478088 -3.35
      vertex 15.7066 0.406586 -3.35
      vertex 15.7066 -0.406586 -3.35
    endloop
  endfacet
  facet normal 0 0 -1
    outer loop
      vertex 15.6194 -0.478088 -3.35
      vertex 15.6194 0.478088 -3.35
      vertex 15.7066 0.406586 -3.35
    endloop
  endfacet
  facet normal 0 0 -1
    outer loop
      vertex 15.52 -0.531219 -3.35
      vertex 15.6194 0.478088 -3.35
      vertex 15.6194 -0.478088 -3.35
    endloop
  endfacet
  facet normal 0 0 -1
    outer loop
      vertex 15.52 -0.531219 -3.35
      vertex 15.52 0.531219 -3.35
      vertex 15.6194 0.478088 -3.35
    endloop
  endfacet
  facet normal 0 0 -1
    outer loop
      vertex 14.15 -1.14999 -3.35
      vertex 15.52 0.531219 -3.35
      vertex 15.52 -0.531219 -3.35
    endloop
  endfacet
  facet normal 0 0 -1
    outer loop
      vertex 14.15 -1.14999 -3.35
      vertex 14.15 1.14999 -3.35
      vertex 15.52 0.531219 -3.35
    endloop
  endfacet
  facet normal 0 0 -1
    outer loop
      vertex 13.05 -1.14999 -3.35
      vertex 14.15 1.14999 -3.35
      vertex 14.15 -1.14999 -3.35
    endloop
  endfacet
  facet normal -0 0 -1
    outer loop
      vertex 14.15 1.14999 -3.35
      vertex 13.05 -1.14999 -3.35
      vertex 13.05 1.14999 -3.35
    endloop
  endfacet
  facet normal -0.957004 0.290075 0
    outer loop
      vertex 10.9702 7.29234 -3.35
      vertex 11.0299 7.4893 3.35
      vertex 11.0299 7.4893 -3.35
    endloop
  endfacet
  facet normal -0.957004 0.290075 0
    outer loop
      vertex 11.0299 7.4893 3.35
      vertex 10.9702 7.29234 -3.35
      vertex 10.9702 7.29234 3.35
    endloop
  endfacet
  facet normal -0.88179 0.471642 0
    outer loop
      vertex 11.0299 7.4893 -3.35
      vertex 11.127 7.67084 3.35
      vertex 11.127 7.67084 -3.35
    endloop
  endfacet
  facet normal -0.88179 0.471642 0
    outer loop
      vertex 11.127 7.67084 3.35
      vertex 11.0299 7.4893 -3.35
      vertex 11.0299 7.4893 3.35
    endloop
  endfacet
  facet normal -0.772978 0.634433 0
    outer loop
      vertex 11.127 7.67084 -3.35
      vertex 11.2576 7.82996 3.35
      vertex 11.2576 7.82996 -3.35
    endloop
  endfacet
  facet normal -0.772978 0.634433 0
    outer loop
      vertex 11.2576 7.82996 3.35
      vertex 11.127 7.67084 -3.35
      vertex 11.127 7.67084 3.35
    endloop
  endfacet
  facet normal -0.634422 0.772987 0
    outer loop
      vertex 11.4167 7.96054 -3.35
      vertex 11.2576 7.82996 3.35
      vertex 11.4167 7.96054 3.35
    endloop
  endfacet
  facet normal -0.634422 0.772987 0
    outer loop
      vertex 11.2576 7.82996 3.35
      vertex 11.4167 7.96054 -3.35
      vertex 11.2576 7.82996 -3.35
    endloop
  endfacet
  facet normal -0.471458 0.881888 0
    outer loop
      vertex 11.5982 8.05757 -3.35
      vertex 11.4167 7.96054 3.35
      vertex 11.5982 8.05757 3.35
    endloop
  endfacet
  facet normal -0.471458 0.881888 0
    outer loop
      vertex 11.4167 7.96054 3.35
      vertex 11.5982 8.05757 -3.35
      vertex 11.4167 7.96054 -3.35
    endloop
  endfacet
  facet normal -0.290199 0.956966 0
    outer loop
      vertex 11.7952 8.11731 -3.35
      vertex 11.5982 8.05757 3.35
      vertex 11.7952 8.11731 3.35
    endloop
  endfacet
  facet normal -0.290199 0.956966 0
    outer loop
      vertex 11.5982 8.05757 3.35
      vertex 11.7952 8.11731 -3.35
      vertex 11.5982 8.05757 -3.35
    endloop
  endfacet
  facet normal -0.0981084 0.995176 0
    outer loop
      vertex 12 8.1375 -3.35
      vertex 11.7952 8.11731 3.35
      vertex 12 8.1375 3.35
    endloop
  endfacet
  facet normal -0.0981084 0.995176 0
    outer loop
      vertex 11.7952 8.11731 3.35
      vertex 12 8.1375 -3.35
      vertex 11.7952 8.11731 -3.35
    endloop
  endfacet
  facet normal 0.0981084 0.995176 -0
    outer loop
      vertex 12.2048 8.11731 -3.35
      vertex 12 8.1375 3.35
      vertex 12.2048 8.11731 3.35
    endloop
  endfacet
  facet normal 0.0981084 0.995176 0
    outer loop
      vertex 12 8.1375 3.35
      vertex 12.2048 8.11731 -3.35
      vertex 12 8.1375 -3.35
    endloop
  endfacet
  facet normal 0.290199 0.956966 -0
    outer loop
      vertex 12.4018 8.05757 -3.35
      vertex 12.2048 8.11731 3.35
      vertex 12.4018 8.05757 3.35
    endloop
  endfacet
  facet normal 0.290199 0.956966 0
    outer loop
      vertex 12.2048 8.11731 3.35
      vertex 12.4018 8.05757 -3.35
      vertex 12.2048 8.11731 -3.35
    endloop
  endfacet
  facet normal 0.471256 0.881996 -0
    outer loop
      vertex 12.5834 7.96054 -3.35
      vertex 12.4018 8.05757 3.35
      vertex 12.5834 7.96054 3.35
    endloop
  endfacet
  facet normal 0.471256 0.881996 0
    outer loop
      vertex 12.4018 8.05757 3.35
      vertex 12.5834 7.96054 -3.35
      vertex 12.4018 8.05757 -3.35
    endloop
  endfacet
  facet normal 0.634422 0.772987 -0
    outer loop
      vertex 12.7425 7.82996 -3.35
      vertex 12.5834 7.96054 3.35
      vertex 12.7425 7.82996 3.35
    endloop
  endfacet
  facet normal 0.634422 0.772987 0
    outer loop
      vertex 12.5834 7.96054 3.35
      vertex 12.7425 7.82996 -3.35
      vertex 12.5834 7.96054 -3.35
    endloop
  endfacet
  facet normal 0.773216 0.634142 0
    outer loop
      vertex 12.873 7.67084 3.35
      vertex 12.7425 7.82996 -3.35
      vertex 12.7425 7.82996 3.35
    endloop
  endfacet
  facet normal 0.773216 0.634142 0
    outer loop
      vertex 12.7425 7.82996 -3.35
      vertex 12.873 7.67084 3.35
      vertex 12.873 7.67084 -3.35
    endloop
  endfacet
  facet normal 0.88179 0.471642 0
    outer loop
      vertex 12.9701 7.4893 3.35
      vertex 12.873 7.67084 -3.35
      vertex 12.873 7.67084 3.35
    endloop
  endfacet
  facet normal 0.88179 0.471642 0
    outer loop
      vertex 12.873 7.67084 -3.35
      vertex 12.9701 7.4893 3.35
      vertex 12.9701 7.4893 -3.35
    endloop
  endfacet
  facet normal 0.957004 0.290075 0
    outer loop
      vertex 13.0298 7.29234 3.35
      vertex 12.9701 7.4893 -3.35
      vertex 12.9701 7.4893 3.35
    endloop
  endfacet
  facet normal 0.957004 0.290075 0
    outer loop
      vertex 12.9701 7.4893 -3.35
      vertex 13.0298 7.29234 3.35
      vertex 13.0298 7.29234 -3.35
    endloop
  endfacet
  facet normal 0.995173 0.0981328 0
    outer loop
      vertex 13.05 7.08749 3.35
      vertex 13.0298 7.29234 -3.35
      vertex 13.0298 7.29234 3.35
    endloop
  endfacet
  facet normal 0.995173 0.0981328 0
    outer loop
      vertex 13.0298 7.29234 -3.35
      vertex 13.05 7.08749 3.35
      vertex 13.05 7.08749 -3.35
    endloop
  endfacet
  facet normal 1 -0 0
    outer loop
      vertex 13.05 1.14999 3.35
      vertex 13.05 7.08749 -3.35
      vertex 13.05 7.08749 3.35
    endloop
  endfacet
  facet normal 1 0 0
    outer loop
      vertex 13.05 7.08749 -3.35
      vertex 13.05 1.14999 3.35
      vertex 13.05 1.14999 -3.35
    endloop
  endfacet
  facet normal 0 1 -0
    outer loop
      vertex 14.15 1.14999 -3.35
      vertex 13.05 1.14999 3.35
      vertex 14.15 1.14999 3.35
    endloop
  endfacet
  facet normal 0 1 0
    outer loop
      vertex 13.05 1.14999 3.35
      vertex 14.15 1.14999 -3.35
      vertex 13.05 1.14999 -3.35
    endloop
  endfacet
  facet normal 0.411621 0.911355 -0
    outer loop
      vertex 15.52 0.531219 -3.35
      vertex 14.15 1.14999 3.35
      vertex 15.52 0.531219 3.35
    endloop
  endfacet
  facet normal 0.411621 0.911355 0
    outer loop
      vertex 14.15 1.14999 3.35
      vertex 15.52 0.531219 -3.35
      vertex 14.15 1.14999 -3.35
    endloop
  endfacet
  facet normal 0.471401 0.881919 -0
    outer loop
      vertex 15.6194 0.478088 -3.35
      vertex 15.52 0.531219 3.35
      vertex 15.6194 0.478088 3.35
    endloop
  endfacet
  facet normal 0.471401 0.881919 0
    outer loop
      vertex 15.52 0.531219 3.35
      vertex 15.6194 0.478088 -3.35
      vertex 15.52 0.531219 -3.35
    endloop
  endfacet
  facet normal 0.634069 0.773276 -0
    outer loop
      vertex 15.7066 0.406586 -3.35
      vertex 15.6194 0.478088 3.35
      vertex 15.7066 0.406586 3.35
    endloop
  endfacet
  facet normal 0.634069 0.773276 0
    outer loop
      vertex 15.6194 0.478088 3.35
      vertex 15.7066 0.406586 -3.35
      vertex 15.6194 0.478088 -3.35
    endloop
  endfacet
  facet normal 0.773082 0.634306 0
    outer loop
      vertex 15.7781 0.319443 3.35
      vertex 15.7066 0.406586 -3.35
      vertex 15.7066 0.406586 3.35
    endloop
  endfacet
  facet normal 0.773082 0.634306 0
    outer loop
      vertex 15.7066 0.406586 -3.35
      vertex 15.7781 0.319443 3.35
      vertex 15.7781 0.319443 -3.35
    endloop
  endfacet
  facet normal 0.882055 0.471146 0
    outer loop
      vertex 15.8312 0.220032 3.35
      vertex 15.7781 0.319443 -3.35
      vertex 15.7781 0.319443 3.35
    endloop
  endfacet
  facet normal 0.882055 0.471146 0
    outer loop
      vertex 15.7781 0.319443 -3.35
      vertex 15.8312 0.220032 3.35
      vertex 15.8312 0.220032 -3.35
    endloop
  endfacet
  facet normal 0.956991 0.290118 0
    outer loop
      vertex 15.8639 0.112167 3.35
      vertex 15.8312 0.220032 -3.35
      vertex 15.8312 0.220032 3.35
    endloop
  endfacet
  facet normal 0.956991 0.290118 0
    outer loop
      vertex 15.8312 0.220032 -3.35
      vertex 15.8639 0.112167 3.35
      vertex 15.8639 0.112167 -3.35
    endloop
  endfacet
  facet normal 0.995139 0.0984786 0
    outer loop
      vertex 15.875 0 3.35
      vertex 15.8639 0.112167 -3.35
      vertex 15.8639 0.112167 3.35
    endloop
  endfacet
  facet normal 0.995139 0.0984786 0
    outer loop
      vertex 15.8639 0.112167 -3.35
      vertex 15.875 0 3.35
      vertex 15.875 0 -3.35
    endloop
  endfacet
  facet normal 0.995139 -0.0984786 0
    outer loop
      vertex 15.8639 -0.112167 3.35
      vertex 15.875 0 -3.35
      vertex 15.875 0 3.35
    endloop
  endfacet
  facet normal 0.995139 -0.0984786 0
    outer loop
      vertex 15.875 0 -3.35
      vertex 15.8639 -0.112167 3.35
      vertex 15.8639 -0.112167 -3.35
    endloop
  endfacet
  facet normal 0.956991 -0.290118 0
    outer loop
      vertex 15.8312 -0.220032 3.35
      vertex 15.8639 -0.112167 -3.35
      vertex 15.8639 -0.112167 3.35
    endloop
  endfacet
  facet normal 0.956991 -0.290118 0
    outer loop
      vertex 15.8639 -0.112167 -3.35
      vertex 15.8312 -0.220032 3.35
      vertex 15.8312 -0.220032 -3.35
    endloop
  endfacet
  facet normal 0.882055 -0.471146 0
    outer loop
      vertex 15.7781 -0.319443 3.35
      vertex 15.8312 -0.220032 -3.35
      vertex 15.8312 -0.220032 3.35
    endloop
  endfacet
  facet normal 0.882055 -0.471146 0
    outer loop
      vertex 15.8312 -0.220032 -3.35
      vertex 15.7781 -0.319443 3.35
      vertex 15.7781 -0.319443 -3.35
    endloop
  endfacet
  facet normal 0.773082 -0.634306 0
    outer loop
      vertex 15.7066 -0.406586 3.35
      vertex 15.7781 -0.319443 -3.35
      vertex 15.7781 -0.319443 3.35
    endloop
  endfacet
  facet normal 0.773082 -0.634306 0
    outer loop
      vertex 15.7781 -0.319443 -3.35
      vertex 15.7066 -0.406586 3.35
      vertex 15.7066 -0.406586 -3.35
    endloop
  endfacet
  facet normal 0.634069 -0.773276 0
    outer loop
      vertex 15.6194 -0.478088 -3.35
      vertex 15.7066 -0.406586 3.35
      vertex 15.6194 -0.478088 3.35
    endloop
  endfacet
  facet normal 0.634069 -0.773276 0
    outer loop
      vertex 15.7066 -0.406586 3.35
      vertex 15.6194 -0.478088 -3.35
      vertex 15.7066 -0.406586 -3.35
    endloop
  endfacet
  facet normal 0.471401 -0.881919 0
    outer loop
      vertex 15.52 -0.531219 -3.35
      vertex 15.6194 -0.478088 3.35
      vertex 15.52 -0.531219 3.35
    endloop
  endfacet
  facet normal 0.471401 -0.881919 0
    outer loop
      vertex 15.6194 -0.478088 3.35
      vertex 15.52 -0.531219 -3.35
      vertex 15.6194 -0.478088 -3.35
    endloop
  endfacet
  facet normal 0.411621 -0.911355 0
    outer loop
      vertex 14.15 -1.14999 -3.35
      vertex 15.52 -0.531219 3.35
      vertex 14.15 -1.14999 3.35
    endloop
  endfacet
  facet normal 0.411621 -0.911355 0
    outer loop
      vertex 15.52 -0.531219 3.35
      vertex 14.15 -1.14999 -3.35
      vertex 15.52 -0.531219 -3.35
    endloop
  endfacet
  facet normal 0 -1 0
    outer loop
      vertex 13.05 -1.14999 -3.35
      vertex 14.15 -1.14999 3.35
      vertex 13.05 -1.14999 3.35
    endloop
  endfacet
  facet normal 0 -1 -0
    outer loop
      vertex 14.15 -1.14999 3.35
      vertex 13.05 -1.14999 -3.35
      vertex 14.15 -1.14999 -3.35
    endloop
  endfacet
  facet normal 1 -0 0
    outer loop
      vertex 13.05 -7.18748 3.35
      vertex 13.05 -1.14999 -3.35
      vertex 13.05 -1.14999 3.35
    endloop
  endfacet
  facet normal 1 0 0
    outer loop
      vertex 13.05 -1.14999 -3.35
      vertex 13.05 -7.18748 3.35
      vertex 13.05 -7.18748 -3.35
    endloop
  endfacet
  facet normal 0.995173 -0.0981328 0
    outer loop
      vertex 13.0298 -7.39233 3.35
      vertex 13.05 -7.18748 -3.35
      vertex 13.05 -7.18748 3.35
    endloop
  endfacet
  facet normal 0.995173 -0.0981328 0
    outer loop
      vertex 13.05 -7.18748 -3.35
      vertex 13.0298 -7.39233 3.35
      vertex 13.0298 -7.39233 -3.35
    endloop
  endfacet
  facet normal 0.957012 -0.290048 0
    outer loop
      vertex 12.9701 -7.58931 3.35
      vertex 13.0298 -7.39233 -3.35
      vertex 13.0298 -7.39233 3.35
    endloop
  endfacet
  facet normal 0.957012 -0.290048 0
    outer loop
      vertex 13.0298 -7.39233 -3.35
      vertex 12.9701 -7.58931 3.35
      vertex 12.9701 -7.58931 -3.35
    endloop
  endfacet
  facet normal 0.881779 -0.471662 0
    outer loop
      vertex 12.873 -7.77084 3.35
      vertex 12.9701 -7.58931 -3.35
      vertex 12.9701 -7.58931 3.35
    endloop
  endfacet
  facet normal 0.881779 -0.471662 0
    outer loop
      vertex 12.9701 -7.58931 -3.35
      vertex 12.873 -7.77084 3.35
      vertex 12.873 -7.77084 -3.35
    endloop
  endfacet
  facet normal 0.773197 -0.634166 0
    outer loop
      vertex 12.7425 -7.92995 3.35
      vertex 12.873 -7.77084 -3.35
      vertex 12.873 -7.77084 3.35
    endloop
  endfacet
  facet normal 0.773197 -0.634166 0
    outer loop
      vertex 12.873 -7.77084 -3.35
      vertex 12.7425 -7.92995 3.35
      vertex 12.7425 -7.92995 -3.35
    endloop
  endfacet
  facet normal 0.634422 -0.772987 0
    outer loop
      vertex 12.5834 -8.06053 -3.35
      vertex 12.7425 -7.92995 3.35
      vertex 12.5834 -8.06053 3.35
    endloop
  endfacet
  facet normal 0.634422 -0.772987 0
    outer loop
      vertex 12.7425 -7.92995 3.35
      vertex 12.5834 -8.06053 -3.35
      vertex 12.7425 -7.92995 -3.35
    endloop
  endfacet
  facet normal 0.471256 -0.881996 0
    outer loop
      vertex 12.4018 -8.15756 -3.35
      vertex 12.5834 -8.06053 3.35
      vertex 12.4018 -8.15756 3.35
    endloop
  endfacet
  facet normal 0.471256 -0.881996 0
    outer loop
      vertex 12.5834 -8.06053 3.35
      vertex 12.4018 -8.15756 -3.35
      vertex 12.5834 -8.06053 -3.35
    endloop
  endfacet
  facet normal 0.290288 -0.956939 0
    outer loop
      vertex 12.2048 -8.21732 -3.35
      vertex 12.4018 -8.15756 3.35
      vertex 12.2048 -8.21732 3.35
    endloop
  endfacet
  facet normal 0.290288 -0.956939 0
    outer loop
      vertex 12.4018 -8.15756 3.35
      vertex 12.2048 -8.21732 -3.35
      vertex 12.4018 -8.15756 -3.35
    endloop
  endfacet
  facet normal 0.0980121 -0.995185 0
    outer loop
      vertex 12 -8.23749 -3.35
      vertex 12.2048 -8.21732 3.35
      vertex 12 -8.23749 3.35
    endloop
  endfacet
  facet normal 0.0980121 -0.995185 0
    outer loop
      vertex 12.2048 -8.21732 3.35
      vertex 12 -8.23749 -3.35
      vertex 12.2048 -8.21732 -3.35
    endloop
  endfacet
  facet normal -0.0980121 -0.995185 0
    outer loop
      vertex 11.7952 -8.21732 -3.35
      vertex 12 -8.23749 3.35
      vertex 11.7952 -8.21732 3.35
    endloop
  endfacet
  facet normal -0.0980121 -0.995185 -0
    outer loop
      vertex 12 -8.23749 3.35
      vertex 11.7952 -8.21732 -3.35
      vertex 12 -8.23749 -3.35
    endloop
  endfacet
  facet normal -0.290288 -0.956939 0
    outer loop
      vertex 11.5982 -8.15756 -3.35
      vertex 11.7952 -8.21732 3.35
      vertex 11.5982 -8.15756 3.35
    endloop
  endfacet
  facet normal -0.290288 -0.956939 -0
    outer loop
      vertex 11.7952 -8.21732 3.35
      vertex 11.5982 -8.15756 -3.35
      vertex 11.7952 -8.21732 -3.35
    endloop
  endfacet
  facet normal -0.471458 -0.881888 0
    outer loop
      vertex 11.4167 -8.06053 -3.35
      vertex 11.5982 -8.15756 3.35
      vertex 11.4167 -8.06053 3.35
    endloop
  endfacet
  facet normal -0.471458 -0.881888 -0
    outer loop
      vertex 11.5982 -8.15756 3.35
      vertex 11.4167 -8.06053 -3.35
      vertex 11.5982 -8.15756 -3.35
    endloop
  endfacet
  facet normal -0.634422 -0.772987 0
    outer loop
      vertex 11.2576 -7.92995 -3.35
      vertex 11.4167 -8.06053 3.35
      vertex 11.2576 -7.92995 3.35
    endloop
  endfacet
  facet normal -0.634422 -0.772987 -0
    outer loop
      vertex 11.4167 -8.06053 3.35
      vertex 11.2576 -7.92995 -3.35
      vertex 11.4167 -8.06053 -3.35
    endloop
  endfacet
  facet normal -0.772959 -0.634457 0
    outer loop
      vertex 11.2576 -7.92995 -3.35
      vertex 11.127 -7.77084 3.35
      vertex 11.127 -7.77084 -3.35
    endloop
  endfacet
  facet normal -0.772959 -0.634457 0
    outer loop
      vertex 11.127 -7.77084 3.35
      vertex 11.2576 -7.92995 -3.35
      vertex 11.2576 -7.92995 3.35
    endloop
  endfacet
  facet normal -0.881779 -0.471662 0
    outer loop
      vertex 11.127 -7.77084 -3.35
      vertex 11.0299 -7.58931 3.35
      vertex 11.0299 -7.58931 -3.35
    endloop
  endfacet
  facet normal -0.881779 -0.471662 0
    outer loop
      vertex 11.0299 -7.58931 3.35
      vertex 11.127 -7.77084 -3.35
      vertex 11.127 -7.77084 3.35
    endloop
  endfacet
  facet normal -0.957012 -0.290048 0
    outer loop
      vertex 11.0299 -7.58931 -3.35
      vertex 10.9702 -7.39233 3.35
      vertex 10.9702 -7.39233 -3.35
    endloop
  endfacet
  facet normal -0.957012 -0.290048 0
    outer loop
      vertex 10.9702 -7.39233 3.35
      vertex 11.0299 -7.58931 -3.35
      vertex 11.0299 -7.58931 3.35
    endloop
  endfacet
  facet normal -0.995173 -0.0981328 0
    outer loop
      vertex 10.9702 -7.39233 -3.35
      vertex 10.95 -7.18748 3.35
      vertex 10.95 -7.18748 -3.35
    endloop
  endfacet
  facet normal -0.995173 -0.0981328 0
    outer loop
      vertex 10.95 -7.18748 3.35
      vertex 10.9702 -7.39233 -3.35
      vertex 10.9702 -7.39233 3.35
    endloop
  endfacet
  facet normal -1 0 0
    outer loop
      vertex 10.95 -7.18748 -3.35
      vertex 10.95 7.08749 3.35
      vertex 10.95 7.08749 -3.35
    endloop
  endfacet
  facet normal -1 -0 0
    outer loop
      vertex 10.95 7.08749 3.35
      vertex 10.95 -7.18748 -3.35
      vertex 10.95 -7.18748 3.35
    endloop
  endfacet
  facet normal -0.995173 0.0981328 0
    outer loop
      vertex 10.95 7.08749 -3.35
      vertex 10.9702 7.29234 3.35
      vertex 10.9702 7.29234 -3.35
    endloop
  endfacet
  facet normal -0.995173 0.0981328 0
    outer loop
      vertex 10.9702 7.29234 3.35
      vertex 10.95 7.08749 -3.35
      vertex 10.95 7.08749 3.35
    endloop
  endfacet
  facet normal -0 0 1
    outer loop
      vertex 18.95 7.08749 3.35
      vertex 21.05 1.14999 3.35
      vertex 21.05 7.08749 3.35
    endloop
  endfacet
  facet normal 0 0 1
    outer loop
      vertex 21.05 1.14999 3.35
      vertex 18.95 7.08749 3.35
      vertex 21.05 -1.14999 3.35
    endloop
  endfacet
  facet normal 0 0 1
    outer loop
      vertex 18.95 7.08749 3.35
      vertex 21.05 7.08749 3.35
      vertex 21.0298 7.29234 3.35
    endloop
  endfacet
  facet normal 0 0 1
    outer loop
      vertex 18.95 -7.18748 3.35
      vertex 21.05 -1.14999 3.35
      vertex 18.95 7.08749 3.35
    endloop
  endfacet
  facet normal 0 0 1
    outer loop
      vertex 18.95 7.08749 3.35
      vertex 21.0298 7.29234 3.35
      vertex 20.9701 7.4893 3.35
    endloop
  endfacet
  facet normal 0 0 1
    outer loop
      vertex 21.05 -1.14999 3.35
      vertex 18.95 -7.18748 3.35
      vertex 21.05 -7.18748 3.35
    endloop
  endfacet
  facet normal 0 0 1
    outer loop
      vertex 18.95 7.08749 3.35
      vertex 20.9701 7.4893 3.35
      vertex 20.873 7.67084 3.35
    endloop
  endfacet
  facet normal 0 0 1
    outer loop
      vertex 21.05 -7.18748 3.35
      vertex 18.95 -7.18748 3.35
      vertex 21.0298 -7.39233 3.35
    endloop
  endfacet
  facet normal 0 0 1
    outer loop
      vertex 18.95 7.08749 3.35
      vertex 20.873 7.67084 3.35
      vertex 20.7425 7.82996 3.35
    endloop
  endfacet
  facet normal 0 0 1
    outer loop
      vertex 21.0298 -7.39233 3.35
      vertex 18.95 -7.18748 3.35
      vertex 20.9701 -7.58931 3.35
    endloop
  endfacet
  facet normal 0 0 1
    outer loop
      vertex 18.95 7.08749 3.35
      vertex 20.7425 7.82996 3.35
      vertex 20.5834 7.96054 3.35
    endloop
  endfacet
  facet normal 0 0 1
    outer loop
      vertex 20.9701 -7.58931 3.35
      vertex 18.95 -7.18748 3.35
      vertex 20.873 -7.77084 3.35
    endloop
  endfacet
  facet normal 0 0 1
    outer loop
      vertex 18.95 7.08749 3.35
      vertex 20.5834 7.96054 3.35
      vertex 20.4018 8.05757 3.35
    endloop
  endfacet
  facet normal 0 0 1
    outer loop
      vertex 20.873 -7.77084 3.35
      vertex 18.95 -7.18748 3.35
      vertex 20.7425 -7.92995 3.35
    endloop
  endfacet
  facet normal 0 0 1
    outer loop
      vertex 18.95 7.08749 3.35
      vertex 20.4018 8.05757 3.35
      vertex 20.2048 8.11731 3.35
    endloop
  endfacet
  facet normal 0 0 1
    outer loop
      vertex 20.7425 -7.92995 3.35
      vertex 18.95 -7.18748 3.35
      vertex 20.5834 -8.06053 3.35
    endloop
  endfacet
  facet normal 0 0 1
    outer loop
      vertex 18.95 7.08749 3.35
      vertex 20.2048 8.11731 3.35
      vertex 20 8.1375 3.35
    endloop
  endfacet
  facet normal 0 0 1
    outer loop
      vertex 20.5834 -8.06053 3.35
      vertex 18.95 -7.18748 3.35
      vertex 20.4018 -8.15756 3.35
    endloop
  endfacet
  facet normal 0 0 1
    outer loop
      vertex 18.95 7.08749 3.35
      vertex 20 8.1375 3.35
      vertex 19.7952 8.11731 3.35
    endloop
  endfacet
  facet normal 0 0 1
    outer loop
      vertex 20.4018 -8.15756 3.35
      vertex 18.95 -7.18748 3.35
      vertex 20.2048 -8.21732 3.35
    endloop
  endfacet
  facet normal 0 0 1
    outer loop
      vertex 18.95 7.08749 3.35
      vertex 19.7952 8.11731 3.35
      vertex 19.5982 8.05757 3.35
    endloop
  endfacet
  facet normal 0 0 1
    outer loop
      vertex 20.2048 -8.21732 3.35
      vertex 18.95 -7.18748 3.35
      vertex 20 -8.23749 3.35
    endloop
  endfacet
  facet normal 0 0 1
    outer loop
      vertex 18.95 7.08749 3.35
      vertex 19.5982 8.05757 3.35
      vertex 19.4167 7.96054 3.35
    endloop
  endfacet
  facet normal 0 0 1
    outer loop
      vertex 20 -8.23749 3.35
      vertex 18.95 -7.18748 3.35
      vertex 19.7952 -8.21732 3.35
    endloop
  endfacet
  facet normal 0 0 1
    outer loop
      vertex 18.95 7.08749 3.35
      vertex 19.4167 7.96054 3.35
      vertex 19.2576 7.82996 3.35
    endloop
  endfacet
  facet normal 0 0 1
    outer loop
      vertex 19.7952 -8.21732 3.35
      vertex 18.95 -7.18748 3.35
      vertex 19.5982 -8.15756 3.35
    endloop
  endfacet
  facet normal 0 0 1
    outer loop
      vertex 18.95 7.08749 3.35
      vertex 19.2576 7.82996 3.35
      vertex 19.127 7.67084 3.35
    endloop
  endfacet
  facet normal 0 0 1
    outer loop
      vertex 19.5982 -8.15756 3.35
      vertex 18.95 -7.18748 3.35
      vertex 19.4167 -8.06053 3.35
    endloop
  endfacet
  facet normal 0 0 1
    outer loop
      vertex 18.95 7.08749 3.35
      vertex 19.127 7.67084 3.35
      vertex 19.0299 7.4893 3.35
    endloop
  endfacet
  facet normal 0 0 1
    outer loop
      vertex 19.4167 -8.06053 3.35
      vertex 18.95 -7.18748 3.35
      vertex 19.2576 -7.92995 3.35
    endloop
  endfacet
  facet normal 0 0 1
    outer loop
      vertex 18.95 7.08749 3.35
      vertex 19.0299 7.4893 3.35
      vertex 18.9702 7.29234 3.35
    endloop
  endfacet
  facet normal 0 0 1
    outer loop
      vertex 19.2576 -7.92995 3.35
      vertex 18.95 -7.18748 3.35
      vertex 19.127 -7.77084 3.35
    endloop
  endfacet
  facet normal 0 0 1
    outer loop
      vertex 19.127 -7.77084 3.35
      vertex 18.95 -7.18748 3.35
      vertex 19.0299 -7.58931 3.35
    endloop
  endfacet
  facet normal 0 0 1
    outer loop
      vertex 19.0299 -7.58931 3.35
      vertex 18.95 -7.18748 3.35
      vertex 18.9702 -7.39233 3.35
    endloop
  endfacet
  facet normal 0 0 1
    outer loop
      vertex 23.8639 0.112167 3.35
      vertex 23.8639 -0.112167 3.35
      vertex 23.875 0 3.35
    endloop
  endfacet
  facet normal 0 0 1
    outer loop
      vertex 23.8312 0.220032 3.35
      vertex 23.8639 -0.112167 3.35
      vertex 23.8639 0.112167 3.35
    endloop
  endfacet
  facet normal 0 0 1
    outer loop
      vertex 23.8312 0.220032 3.35
      vertex 23.8312 -0.220032 3.35
      vertex 23.8639 -0.112167 3.35
    endloop
  endfacet
  facet normal 0 0 1
    outer loop
      vertex 23.7781 0.319443 3.35
      vertex 23.8312 -0.220032 3.35
      vertex 23.8312 0.220032 3.35
    endloop
  endfacet
  facet normal 0 0 1
    outer loop
      vertex 23.7781 0.319443 3.35
      vertex 23.7781 -0.319443 3.35
      vertex 23.8312 -0.220032 3.35
    endloop
  endfacet
  facet normal 0 0 1
    outer loop
      vertex 23.7066 0.406586 3.35
      vertex 23.7781 -0.319443 3.35
      vertex 23.7781 0.319443 3.35
    endloop
  endfacet
  facet normal 0 0 1
    outer loop
      vertex 23.7066 0.406586 3.35
      vertex 23.7066 -0.406586 3.35
      vertex 23.7781 -0.319443 3.35
    endloop
  endfacet
  facet normal 0 0 1
    outer loop
      vertex 23.6194 0.478088 3.35
      vertex 23.7066 -0.406586 3.35
      vertex 23.7066 0.406586 3.35
    endloop
  endfacet
  facet normal 0 0 1
    outer loop
      vertex 23.6194 0.478088 3.35
      vertex 23.6194 -0.478088 3.35
      vertex 23.7066 -0.406586 3.35
    endloop
  endfacet
  facet normal 0 0 1
    outer loop
      vertex 23.52 0.531219 3.35
      vertex 23.6194 -0.478088 3.35
      vertex 23.6194 0.478088 3.35
    endloop
  endfacet
  facet normal 0 0 1
    outer loop
      vertex 23.52 0.531219 3.35
      vertex 23.52 -0.531219 3.35
      vertex 23.6194 -0.478088 3.35
    endloop
  endfacet
  facet normal 0 0 1
    outer loop
      vertex 22.15 1.14999 3.35
      vertex 23.52 -0.531219 3.35
      vertex 23.52 0.531219 3.35
    endloop
  endfacet
  facet normal 0 0 1
    outer loop
      vertex 22.15 1.14999 3.35
      vertex 22.15 -1.14999 3.35
      vertex 23.52 -0.531219 3.35
    endloop
  endfacet
  facet normal -0 0 1
    outer loop
      vertex 21.05 1.14999 3.35
      vertex 22.15 -1.14999 3.35
      vertex 22.15 1.14999 3.35
    endloop
  endfacet
  facet normal 0 0 1
    outer loop
      vertex 22.15 -1.14999 3.35
      vertex 21.05 1.14999 3.35
      vertex 21.05 -1.14999 3.35
    endloop
  endfacet
  facet normal 0 0 -1
    outer loop
      vertex 18.95 -7.18748 -3.35
      vertex 21.05 -1.14999 -3.35
      vertex 21.05 -7.18748 -3.35
    endloop
  endfacet
  facet normal -0 0 -1
    outer loop
      vertex 21.05 -1.14999 -3.35
      vertex 18.95 -7.18748 -3.35
      vertex 21.05 1.14999 -3.35
    endloop
  endfacet
  facet normal 0 0 -1
    outer loop
      vertex 18.95 -7.18748 -3.35
      vertex 21.05 -7.18748 -3.35
      vertex 21.0298 -7.39233 -3.35
    endloop
  endfacet
  facet normal 0 0 -1
    outer loop
      vertex 18.95 7.08749 -3.35
      vertex 21.05 1.14999 -3.35
      vertex 18.95 -7.18748 -3.35
    endloop
  endfacet
  facet normal 0 0 -1
    outer loop
      vertex 18.95 -7.18748 -3.35
      vertex 21.0298 -7.39233 -3.35
      vertex 20.9701 -7.58931 -3.35
    endloop
  endfacet
  facet normal 0 0 -1
    outer loop
      vertex 21.05 1.14999 -3.35
      vertex 18.95 7.08749 -3.35
      vertex 21.05 7.08749 -3.35
    endloop
  endfacet
  facet normal 0 0 -1
    outer loop
      vertex 18.95 -7.18748 -3.35
      vertex 20.9701 -7.58931 -3.35
      vertex 20.873 -7.77084 -3.35
    endloop
  endfacet
  facet normal 0 0 -1
    outer loop
      vertex 21.05 7.08749 -3.35
      vertex 18.95 7.08749 -3.35
      vertex 21.0298 7.29234 -3.35
    endloop
  endfacet
  facet normal 0 0 -1
    outer loop
      vertex 18.95 -7.18748 -3.35
      vertex 20.873 -7.77084 -3.35
      vertex 20.7425 -7.92995 -3.35
    endloop
  endfacet
  facet normal -0 0 -1
    outer loop
      vertex 21.0298 7.29234 -3.35
      vertex 18.95 7.08749 -3.35
      vertex 20.9701 7.4893 -3.35
    endloop
  endfacet
  facet normal 0 0 -1
    outer loop
      vertex 18.95 -7.18748 -3.35
      vertex 20.7425 -7.92995 -3.35
      vertex 20.5834 -8.06053 -3.35
    endloop
  endfacet
  facet normal -0 0 -1
    outer loop
      vertex 20.9701 7.4893 -3.35
      vertex 18.95 7.08749 -3.35
      vertex 20.873 7.67084 -3.35
    endloop
  endfacet
  facet normal 0 0 -1
    outer loop
      vertex 18.95 -7.18748 -3.35
      vertex 20.5834 -8.06053 -3.35
      vertex 20.4018 -8.15756 -3.35
    endloop
  endfacet
  facet normal -0 0 -1
    outer loop
      vertex 20.873 7.67084 -3.35
      vertex 18.95 7.08749 -3.35
      vertex 20.7425 7.82996 -3.35
    endloop
  endfacet
  facet normal 0 0 -1
    outer loop
      vertex 18.95 -7.18748 -3.35
      vertex 20.4018 -8.15756 -3.35
      vertex 20.2048 -8.21732 -3.35
    endloop
  endfacet
  facet normal -0 0 -1
    outer loop
      vertex 20.7425 7.82996 -3.35
      vertex 18.95 7.08749 -3.35
      vertex 20.5834 7.96054 -3.35
    endloop
  endfacet
  facet normal 0 0 -1
    outer loop
      vertex 18.95 -7.18748 -3.35
      vertex 20.2048 -8.21732 -3.35
      vertex 20 -8.23749 -3.35
    endloop
  endfacet
  facet normal -0 0 -1
    outer loop
      vertex 20.5834 7.96054 -3.35
      vertex 18.95 7.08749 -3.35
      vertex 20.4018 8.05757 -3.35
    endloop
  endfacet
  facet normal 0 0 -1
    outer loop
      vertex 18.95 -7.18748 -3.35
      vertex 20 -8.23749 -3.35
      vertex 19.7952 -8.21732 -3.35
    endloop
  endfacet
  facet normal -0 0 -1
    outer loop
      vertex 20.4018 8.05757 -3.35
      vertex 18.95 7.08749 -3.35
      vertex 20.2048 8.11731 -3.35
    endloop
  endfacet
  facet normal 0 0 -1
    outer loop
      vertex 18.95 -7.18748 -3.35
      vertex 19.7952 -8.21732 -3.35
      vertex 19.5982 -8.15756 -3.35
    endloop
  endfacet
  facet normal -0 0 -1
    outer loop
      vertex 20.2048 8.11731 -3.35
      vertex 18.95 7.08749 -3.35
      vertex 20 8.1375 -3.35
    endloop
  endfacet
  facet normal 0 0 -1
    outer loop
      vertex 18.95 -7.18748 -3.35
      vertex 19.5982 -8.15756 -3.35
      vertex 19.4167 -8.06053 -3.35
    endloop
  endfacet
  facet normal 0 0 -1
    outer loop
      vertex 20 8.1375 -3.35
      vertex 18.95 7.08749 -3.35
      vertex 19.7952 8.11731 -3.35
    endloop
  endfacet
  facet normal 0 0 -1
    outer loop
      vertex 18.95 -7.18748 -3.35
      vertex 19.4167 -8.06053 -3.35
      vertex 19.2576 -7.92995 -3.35
    endloop
  endfacet
  facet normal 0 0 -1
    outer loop
      vertex 19.7952 8.11731 -3.35
      vertex 18.95 7.08749 -3.35
      vertex 19.5982 8.05757 -3.35
    endloop
  endfacet
  facet normal 0 0 -1
    outer loop
      vertex 18.95 -7.18748 -3.35
      vertex 19.2576 -7.92995 -3.35
      vertex 19.127 -7.77084 -3.35
    endloop
  endfacet
  facet normal 0 0 -1
    outer loop
      vertex 19.5982 8.05757 -3.35
      vertex 18.95 7.08749 -3.35
      vertex 19.4167 7.96054 -3.35
    endloop
  endfacet
  facet normal 0 0 -1
    outer loop
      vertex 18.95 -7.18748 -3.35
      vertex 19.127 -7.77084 -3.35
      vertex 19.0299 -7.58931 -3.35
    endloop
  endfacet
  facet normal 0 0 -1
    outer loop
      vertex 19.4167 7.96054 -3.35
      vertex 18.95 7.08749 -3.35
      vertex 19.2576 7.82996 -3.35
    endloop
  endfacet
  facet normal 0 0 -1
    outer loop
      vertex 18.95 -7.18748 -3.35
      vertex 19.0299 -7.58931 -3.35
      vertex 18.9702 -7.39233 -3.35
    endloop
  endfacet
  facet normal 0 0 -1
    outer loop
      vertex 19.2576 7.82996 -3.35
      vertex 18.95 7.08749 -3.35
      vertex 19.127 7.67084 -3.35
    endloop
  endfacet
  facet normal 0 0 -1
    outer loop
      vertex 19.127 7.67084 -3.35
      vertex 18.95 7.08749 -3.35
      vertex 19.0299 7.4893 -3.35
    endloop
  endfacet
  facet normal 0 0 -1
    outer loop
      vertex 19.0299 7.4893 -3.35
      vertex 18.95 7.08749 -3.35
      vertex 18.9702 7.29234 -3.35
    endloop
  endfacet
  facet normal 0 0 -1
    outer loop
      vertex 23.8639 -0.112167 -3.35
      vertex 23.8639 0.112167 -3.35
      vertex 23.875 0 -3.35
    endloop
  endfacet
  facet normal 0 0 -1
    outer loop
      vertex 23.8312 -0.220032 -3.35
      vertex 23.8639 0.112167 -3.35
      vertex 23.8639 -0.112167 -3.35
    endloop
  endfacet
  facet normal 0 0 -1
    outer loop
      vertex 23.8312 -0.220032 -3.35
      vertex 23.8312 0.220032 -3.35
      vertex 23.8639 0.112167 -3.35
    endloop
  endfacet
  facet normal 0 0 -1
    outer loop
      vertex 23.7781 -0.319443 -3.35
      vertex 23.8312 0.220032 -3.35
      vertex 23.8312 -0.220032 -3.35
    endloop
  endfacet
  facet normal 0 0 -1
    outer loop
      vertex 23.7781 -0.319443 -3.35
      vertex 23.7781 0.319443 -3.35
      vertex 23.8312 0.220032 -3.35
    endloop
  endfacet
  facet normal 0 0 -1
    outer loop
      vertex 23.7066 -0.406586 -3.35
      vertex 23.7781 0.319443 -3.35
      vertex 23.7781 -0.319443 -3.35
    endloop
  endfacet
  facet normal 0 0 -1
    outer loop
      vertex 23.7066 -0.406586 -3.35
      vertex 23.7066 0.406586 -3.35
      vertex 23.7781 0.319443 -3.35
    endloop
  endfacet
  facet normal 0 0 -1
    outer loop
      vertex 23.6194 -0.478088 -3.35
      vertex 23.7066 0.406586 -3.35
      vertex 23.7066 -0.406586 -3.35
    endloop
  endfacet
  facet normal 0 0 -1
    outer loop
      vertex 23.6194 -0.478088 -3.35
      vertex 23.6194 0.478088 -3.35
      vertex 23.7066 0.406586 -3.35
    endloop
  endfacet
  facet normal 0 0 -1
    outer loop
      vertex 23.52 -0.531219 -3.35
      vertex 23.6194 0.478088 -3.35
      vertex 23.6194 -0.478088 -3.35
    endloop
  endfacet
  facet normal 0 0 -1
    outer loop
      vertex 23.52 -0.531219 -3.35
      vertex 23.52 0.531219 -3.35
      vertex 23.6194 0.478088 -3.35
    endloop
  endfacet
  facet normal 0 0 -1
    outer loop
      vertex 22.15 -1.14999 -3.35
      vertex 23.52 0.531219 -3.35
      vertex 23.52 -0.531219 -3.35
    endloop
  endfacet
  facet normal 0 0 -1
    outer loop
      vertex 22.15 -1.14999 -3.35
      vertex 22.15 1.14999 -3.35
      vertex 23.52 0.531219 -3.35
    endloop
  endfacet
  facet normal 0 0 -1
    outer loop
      vertex 21.05 -1.14999 -3.35
      vertex 22.15 1.14999 -3.35
      vertex 22.15 -1.14999 -3.35
    endloop
  endfacet
  facet normal -0 0 -1
    outer loop
      vertex 22.15 1.14999 -3.35
      vertex 21.05 -1.14999 -3.35
      vertex 21.05 1.14999 -3.35
    endloop
  endfacet
  facet normal -0.957004 0.290075 0
    outer loop
      vertex 18.9702 7.29234 -3.35
      vertex 19.0299 7.4893 3.35
      vertex 19.0299 7.4893 -3.35
    endloop
  endfacet
  facet normal -0.957004 0.290075 0
    outer loop
      vertex 19.0299 7.4893 3.35
      vertex 18.9702 7.29234 -3.35
      vertex 18.9702 7.29234 3.35
    endloop
  endfacet
  facet normal -0.88179 0.471642 0
    outer loop
      vertex 19.0299 7.4893 -3.35
      vertex 19.127 7.67084 3.35
      vertex 19.127 7.67084 -3.35
    endloop
  endfacet
  facet normal -0.88179 0.471642 0
    outer loop
      vertex 19.127 7.67084 3.35
      vertex 19.0299 7.4893 -3.35
      vertex 19.0299 7.4893 3.35
    endloop
  endfacet
  facet normal -0.772978 0.634433 0
    outer loop
      vertex 19.127 7.67084 -3.35
      vertex 19.2576 7.82996 3.35
      vertex 19.2576 7.82996 -3.35
    endloop
  endfacet
  facet normal -0.772978 0.634433 0
    outer loop
      vertex 19.2576 7.82996 3.35
      vertex 19.127 7.67084 -3.35
      vertex 19.127 7.67084 3.35
    endloop
  endfacet
  facet normal -0.634422 0.772987 0
    outer loop
      vertex 19.4167 7.96054 -3.35
      vertex 19.2576 7.82996 3.35
      vertex 19.4167 7.96054 3.35
    endloop
  endfacet
  facet normal -0.634422 0.772987 0
    outer loop
      vertex 19.2576 7.82996 3.35
      vertex 19.4167 7.96054 -3.35
      vertex 19.2576 7.82996 -3.35
    endloop
  endfacet
  facet normal -0.471458 0.881888 0
    outer loop
      vertex 19.5982 8.05757 -3.35
      vertex 19.4167 7.96054 3.35
      vertex 19.5982 8.05757 3.35
    endloop
  endfacet
  facet normal -0.471458 0.881888 0
    outer loop
      vertex 19.4167 7.96054 3.35
      vertex 19.5982 8.05757 -3.35
      vertex 19.4167 7.96054 -3.35
    endloop
  endfacet
  facet normal -0.290199 0.956966 0
    outer loop
      vertex 19.7952 8.11731 -3.35
      vertex 19.5982 8.05757 3.35
      vertex 19.7952 8.11731 3.35
    endloop
  endfacet
  facet normal -0.290199 0.956966 0
    outer loop
      vertex 19.5982 8.05757 3.35
      vertex 19.7952 8.11731 -3.35
      vertex 19.5982 8.05757 -3.35
    endloop
  endfacet
  facet normal -0.0981084 0.995176 0
    outer loop
      vertex 20 8.1375 -3.35
      vertex 19.7952 8.11731 3.35
      vertex 20 8.1375 3.35
    endloop
  endfacet
  facet normal -0.0981084 0.995176 0
    outer loop
      vertex 19.7952 8.11731 3.35
      vertex 20 8.1375 -3.35
      vertex 19.7952 8.11731 -3.35
    endloop
  endfacet
  facet normal 0.0981084 0.995176 -0
    outer loop
      vertex 20.2048 8.11731 -3.35
      vertex 20 8.1375 3.35
      vertex 20.2048 8.11731 3.35
    endloop
  endfacet
  facet normal 0.0981084 0.995176 0
    outer loop
      vertex 20 8.1375 3.35
      vertex 20.2048 8.11731 -3.35
      vertex 20 8.1375 -3.35
    endloop
  endfacet
  facet normal 0.290199 0.956966 -0
    outer loop
      vertex 20.4018 8.05757 -3.35
      vertex 20.2048 8.11731 3.35
      vertex 20.4018 8.05757 3.35
    endloop
  endfacet
  facet normal 0.290199 0.956966 0
    outer loop
      vertex 20.2048 8.11731 3.35
      vertex 20.4018 8.05757 -3.35
      vertex 20.2048 8.11731 -3.35
    endloop
  endfacet
  facet normal 0.471256 0.881996 -0
    outer loop
      vertex 20.5834 7.96054 -3.35
      vertex 20.4018 8.05757 3.35
      vertex 20.5834 7.96054 3.35
    endloop
  endfacet
  facet normal 0.471256 0.881996 0
    outer loop
      vertex 20.4018 8.05757 3.35
      vertex 20.5834 7.96054 -3.35
      vertex 20.4018 8.05757 -3.35
    endloop
  endfacet
  facet normal 0.634422 0.772987 -0
    outer loop
      vertex 20.7425 7.82996 -3.35
      vertex 20.5834 7.96054 3.35
      vertex 20.7425 7.82996 3.35
    endloop
  endfacet
  facet normal 0.634422 0.772987 0
    outer loop
      vertex 20.5834 7.96054 3.35
      vertex 20.7425 7.82996 -3.35
      vertex 20.5834 7.96054 -3.35
    endloop
  endfacet
  facet normal 0.773216 0.634142 0
    outer loop
      vertex 20.873 7.67084 3.35
      vertex 20.7425 7.82996 -3.35
      vertex 20.7425 7.82996 3.35
    endloop
  endfacet
  facet normal 0.773216 0.634142 0
    outer loop
      vertex 20.7425 7.82996 -3.35
      vertex 20.873 7.67084 3.35
      vertex 20.873 7.67084 -3.35
    endloop
  endfacet
  facet normal 0.88179 0.471642 0
    outer loop
      vertex 20.9701 7.4893 3.35
      vertex 20.873 7.67084 -3.35
      vertex 20.873 7.67084 3.35
    endloop
  endfacet
  facet normal 0.88179 0.471642 0
    outer loop
      vertex 20.873 7.67084 -3.35
      vertex 20.9701 7.4893 3.35
      vertex 20.9701 7.4893 -3.35
    endloop
  endfacet
  facet normal 0.957004 0.290075 0
    outer loop
      vertex 21.0298 7.29234 3.35
      vertex 20.9701 7.4893 -3.35
      vertex 20.9701 7.4893 3.35
    endloop
  endfacet
  facet normal 0.957004 0.290075 0
    outer loop
      vertex 20.9701 7.4893 -3.35
      vertex 21.0298 7.29234 3.35
      vertex 21.0298 7.29234 -3.35
    endloop
  endfacet
  facet normal 0.995173 0.0981328 0
    outer loop
      vertex 21.05 7.08749 3.35
      vertex 21.0298 7.29234 -3.35
      vertex 21.0298 7.29234 3.35
    endloop
  endfacet
  facet normal 0.995173 0.0981328 0
    outer loop
      vertex 21.0298 7.29234 -3.35
      vertex 21.05 7.08749 3.35
      vertex 21.05 7.08749 -3.35
    endloop
  endfacet
  facet normal 1 -0 0
    outer loop
      vertex 21.05 1.14999 3.35
      vertex 21.05 7.08749 -3.35
      vertex 21.05 7.08749 3.35
    endloop
  endfacet
  facet normal 1 0 0
    outer loop
      vertex 21.05 7.08749 -3.35
      vertex 21.05 1.14999 3.35
      vertex 21.05 1.14999 -3.35
    endloop
  endfacet
  facet normal 0 1 -0
    outer loop
      vertex 22.15 1.14999 -3.35
      vertex 21.05 1.14999 3.35
      vertex 22.15 1.14999 3.35
    endloop
  endfacet
  facet normal 0 1 0
    outer loop
      vertex 21.05 1.14999 3.35
      vertex 22.15 1.14999 -3.35
      vertex 21.05 1.14999 -3.35
    endloop
  endfacet
  facet normal 0.411621 0.911355 -0
    outer loop
      vertex 23.52 0.531219 -3.35
      vertex 22.15 1.14999 3.35
      vertex 23.52 0.531219 3.35
    endloop
  endfacet
  facet normal 0.411621 0.911355 0
    outer loop
      vertex 22.15 1.14999 3.35
      vertex 23.52 0.531219 -3.35
      vertex 22.15 1.14999 -3.35
    endloop
  endfacet
  facet normal 0.471401 0.881919 -0
    outer loop
      vertex 23.6194 0.478088 -3.35
      vertex 23.52 0.531219 3.35
      vertex 23.6194 0.478088 3.35
    endloop
  endfacet
  facet normal 0.471401 0.881919 0
    outer loop
      vertex 23.52 0.531219 3.35
      vertex 23.6194 0.478088 -3.35
      vertex 23.52 0.531219 -3.35
    endloop
  endfacet
  facet normal 0.634069 0.773276 -0
    outer loop
      vertex 23.7066 0.406586 -3.35
      vertex 23.6194 0.478088 3.35
      vertex 23.7066 0.406586 3.35
    endloop
  endfacet
  facet normal 0.634069 0.773276 0
    outer loop
      vertex 23.6194 0.478088 3.35
      vertex 23.7066 0.406586 -3.35
      vertex 23.6194 0.478088 -3.35
    endloop
  endfacet
  facet normal 0.773082 0.634306 0
    outer loop
      vertex 23.7781 0.319443 3.35
      vertex 23.7066 0.406586 -3.35
      vertex 23.7066 0.406586 3.35
    endloop
  endfacet
  facet normal 0.773082 0.634306 0
    outer loop
      vertex 23.7066 0.406586 -3.35
      vertex 23.7781 0.319443 3.35
      vertex 23.7781 0.319443 -3.35
    endloop
  endfacet
  facet normal 0.882055 0.471146 0
    outer loop
      vertex 23.8312 0.220032 3.35
      vertex 23.7781 0.319443 -3.35
      vertex 23.7781 0.319443 3.35
    endloop
  endfacet
  facet normal 0.882055 0.471146 0
    outer loop
      vertex 23.7781 0.319443 -3.35
      vertex 23.8312 0.220032 3.35
      vertex 23.8312 0.220032 -3.35
    endloop
  endfacet
  facet normal 0.956991 0.290118 0
    outer loop
      vertex 23.8639 0.112167 3.35
      vertex 23.8312 0.220032 -3.35
      vertex 23.8312 0.220032 3.35
    endloop
  endfacet
  facet normal 0.956991 0.290118 0
    outer loop
      vertex 23.8312 0.220032 -3.35
      vertex 23.8639 0.112167 3.35
      vertex 23.8639 0.112167 -3.35
    endloop
  endfacet
  facet normal 0.995139 0.0984786 0
    outer loop
      vertex 23.875 0 3.35
      vertex 23.8639 0.112167 -3.35
      vertex 23.8639 0.112167 3.35
    endloop
  endfacet
  facet normal 0.995139 0.0984786 0
    outer loop
      vertex 23.8639 0.112167 -3.35
      vertex 23.875 0 3.35
      vertex 23.875 0 -3.35
    endloop
  endfacet
  facet normal 0.995139 -0.0984786 0
    outer loop
      vertex 23.8639 -0.112167 3.35
      vertex 23.875 0 -3.35
      vertex 23.875 0 3.35
    endloop
  endfacet
  facet normal 0.995139 -0.0984786 0
    outer loop
      vertex 23.875 0 -3.35
      vertex 23.8639 -0.112167 3.35
      vertex 23.8639 -0.112167 -3.35
    endloop
  endfacet
  facet normal 0.956991 -0.290118 0
    outer loop
      vertex 23.8312 -0.220032 3.35
      vertex 23.8639 -0.112167 -3.35
      vertex 23.8639 -0.112167 3.35
    endloop
  endfacet
  facet normal 0.956991 -0.290118 0
    outer loop
      vertex 23.8639 -0.112167 -3.35
      vertex 23.8312 -0.220032 3.35
      vertex 23.8312 -0.220032 -3.35
    endloop
  endfacet
  facet normal 0.882055 -0.471146 0
    outer loop
      vertex 23.7781 -0.319443 3.35
      vertex 23.8312 -0.220032 -3.35
      vertex 23.8312 -0.220032 3.35
    endloop
  endfacet
  facet normal 0.882055 -0.471146 0
    outer loop
      vertex 23.8312 -0.220032 -3.35
      vertex 23.7781 -0.319443 3.35
      vertex 23.7781 -0.319443 -3.35
    endloop
  endfacet
  facet normal 0.773082 -0.634306 0
    outer loop
      vertex 23.7066 -0.406586 3.35
      vertex 23.7781 -0.319443 -3.35
      vertex 23.7781 -0.319443 3.35
    endloop
  endfacet
  facet normal 0.773082 -0.634306 0
    outer loop
      vertex 23.7781 -0.319443 -3.35
      vertex 23.7066 -0.406586 3.35
      vertex 23.7066 -0.406586 -3.35
    endloop
  endfacet
  facet normal 0.634069 -0.773276 0
    outer loop
      vertex 23.6194 -0.478088 -3.35
      vertex 23.7066 -0.406586 3.35
      vertex 23.6194 -0.478088 3.35
    endloop
  endfacet
  facet normal 0.634069 -0.773276 0
    outer loop
      vertex 23.7066 -0.406586 3.35
      vertex 23.6194 -0.478088 -3.35
      vertex 23.7066 -0.406586 -3.35
    endloop
  endfacet
  facet normal 0.471401 -0.881919 0
    outer loop
      vertex 23.52 -0.531219 -3.35
      vertex 23.6194 -0.478088 3.35
      vertex 23.52 -0.531219 3.35
    endloop
  endfacet
  facet normal 0.471401 -0.881919 0
    outer loop
      vertex 23.6194 -0.478088 3.35
      vertex 23.52 -0.531219 -3.35
      vertex 23.6194 -0.478088 -3.35
    endloop
  endfacet
  facet normal 0.411621 -0.911355 0
    outer loop
      vertex 22.15 -1.14999 -3.35
      vertex 23.52 -0.531219 3.35
      vertex 22.15 -1.14999 3.35
    endloop
  endfacet
  facet normal 0.411621 -0.911355 0
    outer loop
      vertex 23.52 -0.531219 3.35
      vertex 22.15 -1.14999 -3.35
      vertex 23.52 -0.531219 -3.35
    endloop
  endfacet
  facet normal 0 -1 0
    outer loop
      vertex 21.05 -1.14999 -3.35
      vertex 22.15 -1.14999 3.35
      vertex 21.05 -1.14999 3.35
    endloop
  endfacet
  facet normal 0 -1 -0
    outer loop
      vertex 22.15 -1.14999 3.35
      vertex 21.05 -1.14999 -3.35
      vertex 22.15 -1.14999 -3.35
    endloop
  endfacet
  facet normal 1 -0 0
    outer loop
      vertex 21.05 -7.18748 3.35
      vertex 21.05 -1.14999 -3.35
      vertex 21.05 -1.14999 3.35
    endloop
  endfacet
  facet normal 1 0 0
    outer loop
      vertex 21.05 -1.14999 -3.35
      vertex 21.05 -7.18748 3.35
      vertex 21.05 -7.18748 -3.35
    endloop
  endfacet
  facet normal 0.995173 -0.0981328 0
    outer loop
      vertex 21.0298 -7.39233 3.35
      vertex 21.05 -7.18748 -3.35
      vertex 21.05 -7.18748 3.35
    endloop
  endfacet
  facet normal 0.995173 -0.0981328 0
    outer loop
      vertex 21.05 -7.18748 -3.35
      vertex 21.0298 -7.39233 3.35
      vertex 21.0298 -7.39233 -3.35
    endloop
  endfacet
  facet normal 0.957012 -0.290048 0
    outer loop
      vertex 20.9701 -7.58931 3.35
      vertex 21.0298 -7.39233 -3.35
      vertex 21.0298 -7.39233 3.35
    endloop
  endfacet
  facet normal 0.957012 -0.290048 0
    outer loop
      vertex 21.0298 -7.39233 -3.35
      vertex 20.9701 -7.58931 3.35
      vertex 20.9701 -7.58931 -3.35
    endloop
  endfacet
  facet normal 0.881779 -0.471662 0
    outer loop
      vertex 20.873 -7.77084 3.35
      vertex 20.9701 -7.58931 -3.35
      vertex 20.9701 -7.58931 3.35
    endloop
  endfacet
  facet normal 0.881779 -0.471662 0
    outer loop
      vertex 20.9701 -7.58931 -3.35
      vertex 20.873 -7.77084 3.35
      vertex 20.873 -7.77084 -3.35
    endloop
  endfacet
  facet normal 0.773197 -0.634166 0
    outer loop
      vertex 20.7425 -7.92995 3.35
      vertex 20.873 -7.77084 -3.35
      vertex 20.873 -7.77084 3.35
    endloop
  endfacet
  facet normal 0.773197 -0.634166 0
    outer loop
      vertex 20.873 -7.77084 -3.35
      vertex 20.7425 -7.92995 3.35
      vertex 20.7425 -7.92995 -3.35
    endloop
  endfacet
  facet normal 0.634422 -0.772987 0
    outer loop
      vertex 20.5834 -8.06053 -3.35
      vertex 20.7425 -7.92995 3.35
      vertex 20.5834 -8.06053 3.35
    endloop
  endfacet
  facet normal 0.634422 -0.772987 0
    outer loop
      vertex 20.7425 -7.92995 3.35
      vertex 20.5834 -8.06053 -3.35
      vertex 20.7425 -7.92995 -3.35
    endloop
  endfacet
  facet normal 0.471256 -0.881996 0
    outer loop
      vertex 20.4018 -8.15756 -3.35
      vertex 20.5834 -8.06053 3.35
      vertex 20.4018 -8.15756 3.35
    endloop
  endfacet
  facet normal 0.471256 -0.881996 0
    outer loop
      vertex 20.5834 -8.06053 3.35
      vertex 20.4018 -8.15756 -3.35
      vertex 20.5834 -8.06053 -3.35
    endloop
  endfacet
  facet normal 0.290288 -0.956939 0
    outer loop
      vertex 20.2048 -8.21732 -3.35
      vertex 20.4018 -8.15756 3.35
      vertex 20.2048 -8.21732 3.35
    endloop
  endfacet
  facet normal 0.290288 -0.956939 0
    outer loop
      vertex 20.4018 -8.15756 3.35
      vertex 20.2048 -8.21732 -3.35
      vertex 20.4018 -8.15756 -3.35
    endloop
  endfacet
  facet normal 0.0980121 -0.995185 0
    outer loop
      vertex 20 -8.23749 -3.35
      vertex 20.2048 -8.21732 3.35
      vertex 20 -8.23749 3.35
    endloop
  endfacet
  facet normal 0.0980121 -0.995185 0
    outer loop
      vertex 20.2048 -8.21732 3.35
      vertex 20 -8.23749 -3.35
      vertex 20.2048 -8.21732 -3.35
    endloop
  endfacet
  facet normal -0.0980121 -0.995185 0
    outer loop
      vertex 19.7952 -8.21732 -3.35
      vertex 20 -8.23749 3.35
      vertex 19.7952 -8.21732 3.35
    endloop
  endfacet
  facet normal -0.0980121 -0.995185 -0
    outer loop
      vertex 20 -8.23749 3.35
      vertex 19.7952 -8.21732 -3.35
      vertex 20 -8.23749 -3.35
    endloop
  endfacet
  facet normal -0.290288 -0.956939 0
    outer loop
      vertex 19.5982 -8.15756 -3.35
      vertex 19.7952 -8.21732 3.35
      vertex 19.5982 -8.15756 3.35
    endloop
  endfacet
  facet normal -0.290288 -0.956939 -0
    outer loop
      vertex 19.7952 -8.21732 3.35
      vertex 19.5982 -8.15756 -3.35
      vertex 19.7952 -8.21732 -3.35
    endloop
  endfacet
  facet normal -0.471458 -0.881888 0
    outer loop
      vertex 19.4167 -8.06053 -3.35
      vertex 19.5982 -8.15756 3.35
      vertex 19.4167 -8.06053 3.35
    endloop
  endfacet
  facet normal -0.471458 -0.881888 -0
    outer loop
      vertex 19.5982 -8.15756 3.35
      vertex 19.4167 -8.06053 -3.35
      vertex 19.5982 -8.15756 -3.35
    endloop
  endfacet
  facet normal -0.634422 -0.772987 0
    outer loop
      vertex 19.2576 -7.92995 -3.35
      vertex 19.4167 -8.06053 3.35
      vertex 19.2576 -7.92995 3.35
    endloop
  endfacet
  facet normal -0.634422 -0.772987 -0
    outer loop
      vertex 19.4167 -8.06053 3.35
      vertex 19.2576 -7.92995 -3.35
      vertex 19.4167 -8.06053 -3.35
    endloop
  endfacet
  facet normal -0.772959 -0.634457 0
    outer loop
      vertex 19.2576 -7.92995 -3.35
      vertex 19.127 -7.77084 3.35
      vertex 19.127 -7.77084 -3.35
    endloop
  endfacet
  facet normal -0.772959 -0.634457 0
    outer loop
      vertex 19.127 -7.77084 3.35
      vertex 19.2576 -7.92995 -3.35
      vertex 19.2576 -7.92995 3.35
    endloop
  endfacet
  facet normal -0.881779 -0.471662 0
    outer loop
      vertex 19.127 -7.77084 -3.35
      vertex 19.0299 -7.58931 3.35
      vertex 19.0299 -7.58931 -3.35
    endloop
  endfacet
  facet normal -0.881779 -0.471662 0
    outer loop
      vertex 19.0299 -7.58931 3.35
      vertex 19.127 -7.77084 -3.35
      vertex 19.127 -7.77084 3.35
    endloop
  endfacet
  facet normal -0.957012 -0.290048 0
    outer loop
      vertex 19.0299 -7.58931 -3.35
      vertex 18.9702 -7.39233 3.35
      vertex 18.9702 -7.39233 -3.35
    endloop
  endfacet
  facet normal -0.957012 -0.290048 0
    outer loop
      vertex 18.9702 -7.39233 3.35
      vertex 19.0299 -7.58931 -3.35
      vertex 19.0299 -7.58931 3.35
    endloop
  endfacet
  facet normal -0.995173 -0.0981328 0
    outer loop
      vertex 18.9702 -7.39233 -3.35
      vertex 18.95 -7.18748 3.35
      vertex 18.95 -7.18748 -3.35
    endloop
  endfacet
  facet normal -0.995173 -0.0981328 0
    outer loop
      vertex 18.95 -7.18748 3.35
      vertex 18.9702 -7.39233 -3.35
      vertex 18.9702 -7.39233 3.35
    endloop
  endfacet
  facet normal -1 0 0
    outer loop
      vertex 18.95 -7.18748 -3.35
      vertex 18.95 7.08749 3.35
      vertex 18.95 7.08749 -3.35
    endloop
  endfacet
  facet normal -1 -0 0
    outer loop
      vertex 18.95 7.08749 3.35
      vertex 18.95 -7.18748 -3.35
      vertex 18.95 -7.18748 3.35
    endloop
  endfacet
  facet normal -0.995173 0.0981328 0
    outer loop
      vertex 18.95 7.08749 -3.35
      vertex 18.9702 7.29234 3.35
      vertex 18.9702 7.29234 -3.35
    endloop
  endfacet
  facet normal -0.995173 0.0981328 0
    outer loop
      vertex 18.9702 7.29234 3.35
      vertex 18.95 7.08749 -3.35
      vertex 18.95 7.08749 3.35
    endloop
  endfacet
  facet normal -0 0 1
    outer loop
      vertex 26.95 7.08749 3.35
      vertex 29.05 1.14999 3.35
      vertex 29.05 7.08749 3.35
    endloop
  endfacet
  facet normal 0 0 1
    outer loop
      vertex 29.05 1.14999 3.35
      vertex 26.95 7.08749 3.35
      vertex 29.05 -1.14999 3.35
    endloop
  endfacet
  facet normal 0 0 1
    outer loop
      vertex 26.95 7.08749 3.35
      vertex 29.05 7.08749 3.35
      vertex 29.0298 7.29234 3.35
    endloop
  endfacet
  facet normal 0 0 1
    outer loop
      vertex 26.95 -7.18748 3.35
      vertex 29.05 -1.14999 3.35
      vertex 26.95 7.08749 3.35
    endloop
  endfacet
  facet normal 0 0 1
    outer loop
      vertex 26.95 7.08749 3.35
      vertex 29.0298 7.29234 3.35
      vertex 28.9701 7.4893 3.35
    endloop
  endfacet
  facet normal 0 0 1
    outer loop
      vertex 29.05 -1.14999 3.35
      vertex 26.95 -7.18748 3.35
      vertex 29.05 -7.18748 3.35
    endloop
  endfacet
  facet normal 0 0 1
    outer loop
      vertex 26.95 7.08749 3.35
      vertex 28.9701 7.4893 3.35
      vertex 28.873 7.67084 3.35
    endloop
  endfacet
  facet normal 0 0 1
    outer loop
      vertex 29.05 -7.18748 3.35
      vertex 26.95 -7.18748 3.35
      vertex 29.0298 -7.39233 3.35
    endloop
  endfacet
  facet normal 0 0 1
    outer loop
      vertex 26.95 7.08749 3.35
      vertex 28.873 7.67084 3.35
      vertex 28.7425 7.82996 3.35
    endloop
  endfacet
  facet normal 0 0 1
    outer loop
      vertex 29.0298 -7.39233 3.35
      vertex 26.95 -7.18748 3.35
      vertex 28.9701 -7.58931 3.35
    endloop
  endfacet
  facet normal 0 0 1
    outer loop
      vertex 26.95 7.08749 3.35
      vertex 28.7425 7.82996 3.35
      vertex 28.5834 7.96054 3.35
    endloop
  endfacet
  facet normal 0 0 1
    outer loop
      vertex 28.9701 -7.58931 3.35
      vertex 26.95 -7.18748 3.35
      vertex 28.873 -7.77084 3.35
    endloop
  endfacet
  facet normal 0 0 1
    outer loop
      vertex 26.95 7.08749 3.35
      vertex 28.5834 7.96054 3.35
      vertex 28.4018 8.05757 3.35
    endloop
  endfacet
  facet normal 0 0 1
    outer loop
      vertex 28.873 -7.77084 3.35
      vertex 26.95 -7.18748 3.35
      vertex 28.7425 -7.92995 3.35
    endloop
  endfacet
  facet normal 0 0 1
    outer loop
      vertex 26.95 7.08749 3.35
      vertex 28.4018 8.05757 3.35
      vertex 28.2048 8.11731 3.35
    endloop
  endfacet
  facet normal 0 0 1
    outer loop
      vertex 28.7425 -7.92995 3.35
      vertex 26.95 -7.18748 3.35
      vertex 28.5834 -8.06053 3.35
    endloop
  endfacet
  facet normal 0 0 1
    outer loop
      vertex 26.95 7.08749 3.35
      vertex 28.2048 8.11731 3.35
      vertex 28 8.1375 3.35
    endloop
  endfacet
  facet normal 0 0 1
    outer loop
      vertex 28.5834 -8.06053 3.35
      vertex 26.95 -7.18748 3.35
      vertex 28.4018 -8.15756 3.35
    endloop
  endfacet
  facet normal 0 0 1
    outer loop
      vertex 26.95 7.08749 3.35
      vertex 28 8.1375 3.35
      vertex 27.7952 8.11731 3.35
    endloop
  endfacet
  facet normal 0 0 1
    outer loop
      vertex 28.4018 -8.15756 3.35
      vertex 26.95 -7.18748 3.35
      vertex 28.2048 -8.21732 3.35
    endloop
  endfacet
  facet normal 0 0 1
    outer loop
      vertex 26.95 7.08749 3.35
      vertex 27.7952 8.11731 3.35
      vertex 27.5982 8.05757 3.35
    endloop
  endfacet
  facet normal 0 0 1
    outer loop
      vertex 28.2048 -8.21732 3.35
      vertex 26.95 -7.18748 3.35
      vertex 28 -8.23749 3.35
    endloop
  endfacet
  facet normal 0 0 1
    outer loop
      vertex 26.95 7.08749 3.35
      vertex 27.5982 8.05757 3.35
      vertex 27.4167 7.96054 3.35
    endloop
  endfacet
  facet normal 0 0 1
    outer loop
      vertex 28 -8.23749 3.35
      vertex 26.95 -7.18748 3.35
      vertex 27.7952 -8.21732 3.35
    endloop
  endfacet
  facet normal 0 0 1
    outer loop
      vertex 26.95 7.08749 3.35
      vertex 27.4167 7.96054 3.35
      vertex 27.2576 7.82996 3.35
    endloop
  endfacet
  facet normal 0 0 1
    outer loop
      vertex 27.7952 -8.21732 3.35
      vertex 26.95 -7.18748 3.35
      vertex 27.5982 -8.15756 3.35
    endloop
  endfacet
  facet normal 0 0 1
    outer loop
      vertex 26.95 7.08749 3.35
      vertex 27.2576 7.82996 3.35
      vertex 27.127 7.67084 3.35
    endloop
  endfacet
  facet normal 0 0 1
    outer loop
      vertex 27.5982 -8.15756 3.35
      vertex 26.95 -7.18748 3.35
      vertex 27.4167 -8.06053 3.35
    endloop
  endfacet
  facet normal 0 0 1
    outer loop
      vertex 26.95 7.08749 3.35
      vertex 27.127 7.67084 3.35
      vertex 27.0299 7.4893 3.35
    endloop
  endfacet
  facet normal 0 0 1
    outer loop
      vertex 27.4167 -8.06053 3.35
      vertex 26.95 -7.18748 3.35
      vertex 27.2576 -7.92995 3.35
    endloop
  endfacet
  facet normal 0 0 1
    outer loop
      vertex 26.95 7.08749 3.35
      vertex 27.0299 7.4893 3.35
      vertex 26.9702 7.29234 3.35
    endloop
  endfacet
  facet normal 0 0 1
    outer loop
      vertex 27.2576 -7.92995 3.35
      vertex 26.95 -7.18748 3.35
      vertex 27.127 -7.77084 3.35
    endloop
  endfacet
  facet normal 0 0 1
    outer loop
      vertex 27.127 -7.77084 3.35
      vertex 26.95 -7.18748 3.35
      vertex 27.0299 -7.58931 3.35
    endloop
  endfacet
  facet normal 0 0 1
    outer loop
      vertex 27.0299 -7.58931 3.35
      vertex 26.95 -7.18748 3.35
      vertex 26.9702 -7.39233 3.35
    endloop
  endfacet
  facet normal 0 0 1
    outer loop
      vertex 31.8639 0.112167 3.35
      vertex 31.8639 -0.112167 3.35
      vertex 31.875 0 3.35
    endloop
  endfacet
  facet normal 0 0 1
    outer loop
      vertex 31.8312 0.220032 3.35
      vertex 31.8639 -0.112167 3.35
      vertex 31.8639 0.112167 3.35
    endloop
  endfacet
  facet normal 0 0 1
    outer loop
      vertex 31.8312 0.220032 3.35
      vertex 31.8312 -0.220032 3.35
      vertex 31.8639 -0.112167 3.35
    endloop
  endfacet
  facet normal 0 0 1
    outer loop
      vertex 31.7781 0.319443 3.35
      vertex 31.8312 -0.220032 3.35
      vertex 31.8312 0.220032 3.35
    endloop
  endfacet
  facet normal 0 0 1
    outer loop
      vertex 31.7781 0.319443 3.35
      vertex 31.7781 -0.319443 3.35
      vertex 31.8312 -0.220032 3.35
    endloop
  endfacet
  facet normal 0 0 1
    outer loop
      vertex 31.7066 0.406586 3.35
      vertex 31.7781 -0.319443 3.35
      vertex 31.7781 0.319443 3.35
    endloop
  endfacet
  facet normal 0 0 1
    outer loop
      vertex 31.7066 0.406586 3.35
      vertex 31.7066 -0.406586 3.35
      vertex 31.7781 -0.319443 3.35
    endloop
  endfacet
  facet normal 0 0 1
    outer loop
      vertex 31.6194 0.478088 3.35
      vertex 31.7066 -0.406586 3.35
      vertex 31.7066 0.406586 3.35
    endloop
  endfacet
  facet normal 0 0 1
    outer loop
      vertex 31.6194 0.478088 3.35
      vertex 31.6194 -0.478088 3.35
      vertex 31.7066 -0.406586 3.35
    endloop
  endfacet
  facet normal 0 0 1
    outer loop
      vertex 31.52 0.531219 3.35
      vertex 31.6194 -0.478088 3.35
      vertex 31.6194 0.478088 3.35
    endloop
  endfacet
  facet normal 0 0 1
    outer loop
      vertex 31.52 0.531219 3.35
      vertex 31.52 -0.531219 3.35
      vertex 31.6194 -0.478088 3.35
    endloop
  endfacet
  facet normal 0 0 1
    outer loop
      vertex 30.15 1.14999 3.35
      vertex 31.52 -0.531219 3.35
      vertex 31.52 0.531219 3.35
    endloop
  endfacet
  facet normal 0 0 1
    outer loop
      vertex 30.15 1.14999 3.35
      vertex 30.15 -1.14999 3.35
      vertex 31.52 -0.531219 3.35
    endloop
  endfacet
  facet normal -0 0 1
    outer loop
      vertex 29.05 1.14999 3.35
      vertex 30.15 -1.14999 3.35
      vertex 30.15 1.14999 3.35
    endloop
  endfacet
  facet normal 0 0 1
    outer loop
      vertex 30.15 -1.14999 3.35
      vertex 29.05 1.14999 3.35
      vertex 29.05 -1.14999 3.35
    endloop
  endfacet
  facet normal 0 0 -1
    outer loop
      vertex 26.95 -7.18748 -3.35
      vertex 29.05 -1.14999 -3.35
      vertex 29.05 -7.18748 -3.35
    endloop
  endfacet
  facet normal -0 0 -1
    outer loop
      vertex 29.05 -1.14999 -3.35
      vertex 26.95 -7.18748 -3.35
      vertex 29.05 1.14999 -3.35
    endloop
  endfacet
  facet normal 0 0 -1
    outer loop
      vertex 26.95 -7.18748 -3.35
      vertex 29.05 -7.18748 -3.35
      vertex 29.0298 -7.39233 -3.35
    endloop
  endfacet
  facet normal 0 0 -1
    outer loop
      vertex 26.95 7.08749 -3.35
      vertex 29.05 1.14999 -3.35
      vertex 26.95 -7.18748 -3.35
    endloop
  endfacet
  facet normal 0 0 -1
    outer loop
      vertex 26.95 -7.18748 -3.35
      vertex 29.0298 -7.39233 -3.35
      vertex 28.9701 -7.58931 -3.35
    endloop
  endfacet
  facet normal 0 0 -1
    outer loop
      vertex 29.05 1.14999 -3.35
      vertex 26.95 7.08749 -3.35
      vertex 29.05 7.08749 -3.35
    endloop
  endfacet
  facet normal 0 0 -1
    outer loop
      vertex 26.95 -7.18748 -3.35
      vertex 28.9701 -7.58931 -3.35
      vertex 28.873 -7.77084 -3.35
    endloop
  endfacet
  facet normal 0 0 -1
    outer loop
      vertex 29.05 7.08749 -3.35
      vertex 26.95 7.08749 -3.35
      vertex 29.0298 7.29234 -3.35
    endloop
  endfacet
  facet normal 0 0 -1
    outer loop
      vertex 26.95 -7.18748 -3.35
      vertex 28.873 -7.77084 -3.35
      vertex 28.7425 -7.92995 -3.35
    endloop
  endfacet
  facet normal -0 0 -1
    outer loop
      vertex 29.0298 7.29234 -3.35
      vertex 26.95 7.08749 -3.35
      vertex 28.9701 7.4893 -3.35
    endloop
  endfacet
  facet normal 0 0 -1
    outer loop
      vertex 26.95 -7.18748 -3.35
      vertex 28.7425 -7.92995 -3.35
      vertex 28.5834 -8.06053 -3.35
    endloop
  endfacet
  facet normal -0 0 -1
    outer loop
      vertex 28.9701 7.4893 -3.35
      vertex 26.95 7.08749 -3.35
      vertex 28.873 7.67084 -3.35
    endloop
  endfacet
  facet normal 0 0 -1
    outer loop
      vertex 26.95 -7.18748 -3.35
      vertex 28.5834 -8.06053 -3.35
      vertex 28.4018 -8.15756 -3.35
    endloop
  endfacet
  facet normal -0 0 -1
    outer loop
      vertex 28.873 7.67084 -3.35
      vertex 26.95 7.08749 -3.35
      vertex 28.7425 7.82996 -3.35
    endloop
  endfacet
  facet normal 0 0 -1
    outer loop
      vertex 26.95 -7.18748 -3.35
      vertex 28.4018 -8.15756 -3.35
      vertex 28.2048 -8.21732 -3.35
    endloop
  endfacet
  facet normal -0 0 -1
    outer loop
      vertex 28.7425 7.82996 -3.35
      vertex 26.95 7.08749 -3.35
      vertex 28.5834 7.96054 -3.35
    endloop
  endfacet
  facet normal 0 0 -1
    outer loop
      vertex 26.95 -7.18748 -3.35
      vertex 28.2048 -8.21732 -3.35
      vertex 28 -8.23749 -3.35
    endloop
  endfacet
  facet normal -0 0 -1
    outer loop
      vertex 28.5834 7.96054 -3.35
      vertex 26.95 7.08749 -3.35
      vertex 28.4018 8.05757 -3.35
    endloop
  endfacet
  facet normal 0 0 -1
    outer loop
      vertex 26.95 -7.18748 -3.35
      vertex 28 -8.23749 -3.35
      vertex 27.7952 -8.21732 -3.35
    endloop
  endfacet
  facet normal -0 0 -1
    outer loop
      vertex 28.4018 8.05757 -3.35
      vertex 26.95 7.08749 -3.35
      vertex 28.2048 8.11731 -3.35
    endloop
  endfacet
  facet normal 0 0 -1
    outer loop
      vertex 26.95 -7.18748 -3.35
      vertex 27.7952 -8.21732 -3.35
      vertex 27.5982 -8.15756 -3.35
    endloop
  endfacet
  facet normal -0 0 -1
    outer loop
      vertex 28.2048 8.11731 -3.35
      vertex 26.95 7.08749 -3.35
      vertex 28 8.1375 -3.35
    endloop
  endfacet
  facet normal 0 0 -1
    outer loop
      vertex 26.95 -7.18748 -3.35
      vertex 27.5982 -8.15756 -3.35
      vertex 27.4167 -8.06053 -3.35
    endloop
  endfacet
  facet normal 0 0 -1
    outer loop
      vertex 28 8.1375 -3.35
      vertex 26.95 7.08749 -3.35
      vertex 27.7952 8.11731 -3.35
    endloop
  endfacet
  facet normal 0 0 -1
    outer loop
      vertex 26.95 -7.18748 -3.35
      vertex 27.4167 -8.06053 -3.35
      vertex 27.2576 -7.92995 -3.35
    endloop
  endfacet
  facet normal 0 0 -1
    outer loop
      vertex 27.7952 8.11731 -3.35
      vertex 26.95 7.08749 -3.35
      vertex 27.5982 8.05757 -3.35
    endloop
  endfacet
  facet normal 0 0 -1
    outer loop
      vertex 26.95 -7.18748 -3.35
      vertex 27.2576 -7.92995 -3.35
      vertex 27.127 -7.77084 -3.35
    endloop
  endfacet
  facet normal 0 0 -1
    outer loop
      vertex 27.5982 8.05757 -3.35
      vertex 26.95 7.08749 -3.35
      vertex 27.4167 7.96054 -3.35
    endloop
  endfacet
  facet normal 0 0 -1
    outer loop
      vertex 26.95 -7.18748 -3.35
      vertex 27.127 -7.77084 -3.35
      vertex 27.0299 -7.58931 -3.35
    endloop
  endfacet
  facet normal 0 0 -1
    outer loop
      vertex 27.4167 7.96054 -3.35
      vertex 26.95 7.08749 -3.35
      vertex 27.2576 7.82996 -3.35
    endloop
  endfacet
  facet normal 0 0 -1
    outer loop
      vertex 26.95 -7.18748 -3.35
      vertex 27.0299 -7.58931 -3.35
      vertex 26.9702 -7.39233 -3.35
    endloop
  endfacet
  facet normal 0 0 -1
    outer loop
      vertex 27.2576 7.82996 -3.35
      vertex 26.95 7.08749 -3.35
      vertex 27.127 7.67084 -3.35
    endloop
  endfacet
  facet normal 0 0 -1
    outer loop
      vertex 27.127 7.67084 -3.35
      vertex 26.95 7.08749 -3.35
      vertex 27.0299 7.4893 -3.35
    endloop
  endfacet
  facet normal 0 0 -1
    outer loop
      vertex 27.0299 7.4893 -3.35
      vertex 26.95 7.08749 -3.35
      vertex 26.9702 7.29234 -3.35
    endloop
  endfacet
  facet normal 0 0 -1
    outer loop
      vertex 31.8639 -0.112167 -3.35
      vertex 31.8639 0.112167 -3.35
      vertex 31.875 0 -3.35
    endloop
  endfacet
  facet normal 0 0 -1
    outer loop
      vertex 31.8312 -0.220032 -3.35
      vertex 31.8639 0.112167 -3.35
      vertex 31.8639 -0.112167 -3.35
    endloop
  endfacet
  facet normal 0 0 -1
    outer loop
      vertex 31.8312 -0.220032 -3.35
      vertex 31.8312 0.220032 -3.35
      vertex 31.8639 0.112167 -3.35
    endloop
  endfacet
  facet normal 0 0 -1
    outer loop
      vertex 31.7781 -0.319443 -3.35
      vertex 31.8312 0.220032 -3.35
      vertex 31.8312 -0.220032 -3.35
    endloop
  endfacet
  facet normal 0 0 -1
    outer loop
      vertex 31.7781 -0.319443 -3.35
      vertex 31.7781 0.319443 -3.35
      vertex 31.8312 0.220032 -3.35
    endloop
  endfacet
  facet normal 0 0 -1
    outer loop
      vertex 31.7066 -0.406586 -3.35
      vertex 31.7781 0.319443 -3.35
      vertex 31.7781 -0.319443 -3.35
    endloop
  endfacet
  facet normal 0 0 -1
    outer loop
      vertex 31.7066 -0.406586 -3.35
      vertex 31.7066 0.406586 -3.35
      vertex 31.7781 0.319443 -3.35
    endloop
  endfacet
  facet normal 0 0 -1
    outer loop
      vertex 31.6194 -0.478088 -3.35
      vertex 31.7066 0.406586 -3.35
      vertex 31.7066 -0.406586 -3.35
    endloop
  endfacet
  facet normal 0 0 -1
    outer loop
      vertex 31.6194 -0.478088 -3.35
      vertex 31.6194 0.478088 -3.35
      vertex 31.7066 0.406586 -3.35
    endloop
  endfacet
  facet normal 0 0 -1
    outer loop
      vertex 31.52 -0.531219 -3.35
      vertex 31.6194 0.478088 -3.35
      vertex 31.6194 -0.478088 -3.35
    endloop
  endfacet
  facet normal 0 0 -1
    outer loop
      vertex 31.52 -0.531219 -3.35
      vertex 31.52 0.531219 -3.35
      vertex 31.6194 0.478088 -3.35
    endloop
  endfacet
  facet normal 0 0 -1
    outer loop
      vertex 30.15 -1.14999 -3.35
      vertex 31.52 0.531219 -3.35
      vertex 31.52 -0.531219 -3.35
    endloop
  endfacet
  facet normal 0 0 -1
    outer loop
      vertex 30.15 -1.14999 -3.35
      vertex 30.15 1.14999 -3.35
      vertex 31.52 0.531219 -3.35
    endloop
  endfacet
  facet normal 0 0 -1
    outer loop
      vertex 29.05 -1.14999 -3.35
      vertex 30.15 1.14999 -3.35
      vertex 30.15 -1.14999 -3.35
    endloop
  endfacet
  facet normal -0 0 -1
    outer loop
      vertex 30.15 1.14999 -3.35
      vertex 29.05 -1.14999 -3.35
      vertex 29.05 1.14999 -3.35
    endloop
  endfacet
  facet normal -0.957004 0.290075 0
    outer loop
      vertex 26.9702 7.29234 -3.35
      vertex 27.0299 7.4893 3.35
      vertex 27.0299 7.4893 -3.35
    endloop
  endfacet
  facet normal -0.957004 0.290075 0
    outer loop
      vertex 27.0299 7.4893 3.35
      vertex 26.9702 7.29234 -3.35
      vertex 26.9702 7.29234 3.35
    endloop
  endfacet
  facet normal -0.88179 0.471642 0
    outer loop
      vertex 27.0299 7.4893 -3.35
      vertex 27.127 7.67084 3.35
      vertex 27.127 7.67084 -3.35
    endloop
  endfacet
  facet normal -0.88179 0.471642 0
    outer loop
      vertex 27.127 7.67084 3.35
      vertex 27.0299 7.4893 -3.35
      vertex 27.0299 7.4893 3.35
    endloop
  endfacet
  facet normal -0.772978 0.634433 0
    outer loop
      vertex 27.127 7.67084 -3.35
      vertex 27.2576 7.82996 3.35
      vertex 27.2576 7.82996 -3.35
    endloop
  endfacet
  facet normal -0.772978 0.634433 0
    outer loop
      vertex 27.2576 7.82996 3.35
      vertex 27.127 7.67084 -3.35
      vertex 27.127 7.67084 3.35
    endloop
  endfacet
  facet normal -0.634422 0.772987 0
    outer loop
      vertex 27.4167 7.96054 -3.35
      vertex 27.2576 7.82996 3.35
      vertex 27.4167 7.96054 3.35
    endloop
  endfacet
  facet normal -0.634422 0.772987 0
    outer loop
      vertex 27.2576 7.82996 3.35
      vertex 27.4167 7.96054 -3.35
      vertex 27.2576 7.82996 -3.35
    endloop
  endfacet
  facet normal -0.471458 0.881888 0
    outer loop
      vertex 27.5982 8.05757 -3.35
      vertex 27.4167 7.96054 3.35
      vertex 27.5982 8.05757 3.35
    endloop
  endfacet
  facet normal -0.471458 0.881888 0
    outer loop
      vertex 27.4167 7.96054 3.35
      vertex 27.5982 8.05757 -3.35
      vertex 27.4167 7.96054 -3.35
    endloop
  endfacet
  facet normal -0.290199 0.956966 0
    outer loop
      vertex 27.7952 8.11731 -3.35
      vertex 27.5982 8.05757 3.35
      vertex 27.7952 8.11731 3.35
    endloop
  endfacet
  facet normal -0.290199 0.956966 0
    outer loop
      vertex 27.5982 8.05757 3.35
      vertex 27.7952 8.11731 -3.35
      vertex 27.5982 8.05757 -3.35
    endloop
  endfacet
  facet normal -0.0981084 0.995176 0
    outer loop
      vertex 28 8.1375 -3.35
      vertex 27.7952 8.11731 3.35
      vertex 28 8.1375 3.35
    endloop
  endfacet
  facet normal -0.0981084 0.995176 0
    outer loop
      vertex 27.7952 8.11731 3.35
      vertex 28 8.1375 -3.35
      vertex 27.7952 8.11731 -3.35
    endloop
  endfacet
  facet normal 0.0981084 0.995176 -0
    outer loop
      vertex 28.2048 8.11731 -3.35
      vertex 28 8.1375 3.35
      vertex 28.2048 8.11731 3.35
    endloop
  endfacet
  facet normal 0.0981084 0.995176 0
    outer loop
      vertex 28 8.1375 3.35
      vertex 28.2048 8.11731 -3.35
      vertex 28 8.1375 -3.35
    endloop
  endfacet
  facet normal 0.290199 0.956966 -0
    outer loop
      vertex 28.4018 8.05757 -3.35
      vertex 28.2048 8.11731 3.35
      vertex 28.4018 8.05757 3.35
    endloop
  endfacet
  facet normal 0.290199 0.956966 0
    outer loop
      vertex 28.2048 8.11731 3.35
      vertex 28.4018 8.05757 -3.35
      vertex 28.2048 8.11731 -3.35
    endloop
  endfacet
  facet normal 0.471256 0.881996 -0
    outer loop
      vertex 28.5834 7.96054 -3.35
      vertex 28.4018 8.05757 3.35
      vertex 28.5834 7.96054 3.35
    endloop
  endfacet
  facet normal 0.471256 0.881996 0
    outer loop
      vertex 28.4018 8.05757 3.35
      vertex 28.5834 7.96054 -3.35
      vertex 28.4018 8.05757 -3.35
    endloop
  endfacet
  facet normal 0.634422 0.772987 -0
    outer loop
      vertex 28.7425 7.82996 -3.35
      vertex 28.5834 7.96054 3.35
      vertex 28.7425 7.82996 3.35
    endloop
  endfacet
  facet normal 0.634422 0.772987 0
    outer loop
      vertex 28.5834 7.96054 3.35
      vertex 28.7425 7.82996 -3.35
      vertex 28.5834 7.96054 -3.35
    endloop
  endfacet
  facet normal 0.773216 0.634142 0
    outer loop
      vertex 28.873 7.67084 3.35
      vertex 28.7425 7.82996 -3.35
      vertex 28.7425 7.82996 3.35
    endloop
  endfacet
  facet normal 0.773216 0.634142 0
    outer loop
      vertex 28.7425 7.82996 -3.35
      vertex 28.873 7.67084 3.35
      vertex 28.873 7.67084 -3.35
    endloop
  endfacet
  facet normal 0.88179 0.471642 0
    outer loop
      vertex 28.9701 7.4893 3.35
      vertex 28.873 7.67084 -3.35
      vertex 28.873 7.67084 3.35
    endloop
  endfacet
  facet normal 0.88179 0.471642 0
    outer loop
      vertex 28.873 7.67084 -3.35
      vertex 28.9701 7.4893 3.35
      vertex 28.9701 7.4893 -3.35
    endloop
  endfacet
  facet normal 0.957004 0.290075 0
    outer loop
      vertex 29.0298 7.29234 3.35
      vertex 28.9701 7.4893 -3.35
      vertex 28.9701 7.4893 3.35
    endloop
  endfacet
  facet normal 0.957004 0.290075 0
    outer loop
      vertex 28.9701 7.4893 -3.35
      vertex 29.0298 7.29234 3.35
      vertex 29.0298 7.29234 -3.35
    endloop
  endfacet
  facet normal 0.995173 0.0981328 0
    outer loop
      vertex 29.05 7.08749 3.35
      vertex 29.0298 7.29234 -3.35
      vertex 29.0298 7.29234 3.35
    endloop
  endfacet
  facet normal 0.995173 0.0981328 0
    outer loop
      vertex 29.0298 7.29234 -3.35
      vertex 29.05 7.08749 3.35
      vertex 29.05 7.08749 -3.35
    endloop
  endfacet
  facet normal 1 -0 0
    outer loop
      vertex 29.05 1.14999 3.35
      vertex 29.05 7.08749 -3.35
      vertex 29.05 7.08749 3.35
    endloop
  endfacet
  facet normal 1 0 0
    outer loop
      vertex 29.05 7.08749 -3.35
      vertex 29.05 1.14999 3.35
      vertex 29.05 1.14999 -3.35
    endloop
  endfacet
  facet normal 0 1 -0
    outer loop
      vertex 30.15 1.14999 -3.35
      vertex 29.05 1.14999 3.35
      vertex 30.15 1.14999 3.35
    endloop
  endfacet
  facet normal 0 1 0
    outer loop
      vertex 29.05 1.14999 3.35
      vertex 30.15 1.14999 -3.35
      vertex 29.05 1.14999 -3.35
    endloop
  endfacet
  facet normal 0.411621 0.911355 -0
    outer loop
      vertex 31.52 0.531219 -3.35
      vertex 30.15 1.14999 3.35
      vertex 31.52 0.531219 3.35
    endloop
  endfacet
  facet normal 0.411621 0.911355 0
    outer loop
      vertex 30.15 1.14999 3.35
      vertex 31.52 0.531219 -3.35
      vertex 30.15 1.14999 -3.35
    endloop
  endfacet
  facet normal 0.471401 0.881919 -0
    outer loop
      vertex 31.6194 0.478088 -3.35
      vertex 31.52 0.531219 3.35
      vertex 31.6194 0.478088 3.35
    endloop
  endfacet
  facet normal 0.471401 0.881919 0
    outer loop
      vertex 31.52 0.531219 3.35
      vertex 31.6194 0.478088 -3.35
      vertex 31.52 0.531219 -3.35
    endloop
  endfacet
  facet normal 0.634069 0.773276 -0
    outer loop
      vertex 31.7066 0.406586 -3.35
      vertex 31.6194 0.478088 3.35
      vertex 31.7066 0.406586 3.35
    endloop
  endfacet
  facet normal 0.634069 0.773276 0
    outer loop
      vertex 31.6194 0.478088 3.35
      vertex 31.7066 0.406586 -3.35
      vertex 31.6194 0.478088 -3.35
    endloop
  endfacet
  facet normal 0.773082 0.634306 0
    outer loop
      vertex 31.7781 0.319443 3.35
      vertex 31.7066 0.406586 -3.35
      vertex 31.7066 0.406586 3.35
    endloop
  endfacet
  facet normal 0.773082 0.634306 0
    outer loop
      vertex 31.7066 0.406586 -3.35
      vertex 31.7781 0.319443 3.35
      vertex 31.7781 0.319443 -3.35
    endloop
  endfacet
  facet normal 0.882055 0.471146 0
    outer loop
      vertex 31.8312 0.220032 3.35
      vertex 31.7781 0.319443 -3.35
      vertex 31.7781 0.319443 3.35
    endloop
  endfacet
  facet normal 0.882055 0.471146 0
    outer loop
      vertex 31.7781 0.319443 -3.35
      vertex 31.8312 0.220032 3.35
      vertex 31.8312 0.220032 -3.35
    endloop
  endfacet
  facet normal 0.956991 0.290118 0
    outer loop
      vertex 31.8639 0.112167 3.35
      vertex 31.8312 0.220032 -3.35
      vertex 31.8312 0.220032 3.35
    endloop
  endfacet
  facet normal 0.956991 0.290118 0
    outer loop
      vertex 31.8312 0.220032 -3.35
      vertex 31.8639 0.112167 3.35
      vertex 31.8639 0.112167 -3.35
    endloop
  endfacet
  facet normal 0.995139 0.0984786 0
    outer loop
      vertex 31.875 0 3.35
      vertex 31.8639 0.112167 -3.35
      vertex 31.8639 0.112167 3.35
    endloop
  endfacet
  facet normal 0.995139 0.0984786 0
    outer loop
      vertex 31.8639 0.112167 -3.35
      vertex 31.875 0 3.35
      vertex 31.875 0 -3.35
    endloop
  endfacet
  facet normal 0.995139 -0.0984786 0
    outer loop
      vertex 31.8639 -0.112167 3.35
      vertex 31.875 0 -3.35
      vertex 31.875 0 3.35
    endloop
  endfacet
  facet normal 0.995139 -0.0984786 0
    outer loop
      vertex 31.875 0 -3.35
      vertex 31.8639 -0.112167 3.35
      vertex 31.8639 -0.112167 -3.35
    endloop
  endfacet
  facet normal 0.956991 -0.290118 0
    outer loop
      vertex 31.8312 -0.220032 3.35
      vertex 31.8639 -0.112167 -3.35
      vertex 31.8639 -0.112167 3.35
    endloop
  endfacet
  facet normal 0.956991 -0.290118 0
    outer loop
      vertex 31.8639 -0.112167 -3.35
      vertex 31.8312 -0.220032 3.35
      vertex 31.8312 -0.220032 -3.35
    endloop
  endfacet
  facet normal 0.882055 -0.471146 0
    outer loop
      vertex 31.7781 -0.319443 3.35
      vertex 31.8312 -0.220032 -3.35
      vertex 31.8312 -0.220032 3.35
    endloop
  endfacet
  facet normal 0.882055 -0.471146 0
    outer loop
      vertex 31.8312 -0.220032 -3.35
      vertex 31.7781 -0.319443 3.35
      vertex 31.7781 -0.319443 -3.35
    endloop
  endfacet
  facet normal 0.773082 -0.634306 0
    outer loop
      vertex 31.7066 -0.406586 3.35
      vertex 31.7781 -0.319443 -3.35
      vertex 31.7781 -0.319443 3.35
    endloop
  endfacet
  facet normal 0.773082 -0.634306 0
    outer loop
      vertex 31.7781 -0.319443 -3.35
      vertex 31.7066 -0.406586 3.35
      vertex 31.7066 -0.406586 -3.35
    endloop
  endfacet
  facet normal 0.634069 -0.773276 0
    outer loop
      vertex 31.6194 -0.478088 -3.35
      vertex 31.7066 -0.406586 3.35
      vertex 31.6194 -0.478088 3.35
    endloop
  endfacet
  facet normal 0.634069 -0.773276 0
    outer loop
      vertex 31.7066 -0.406586 3.35
      vertex 31.6194 -0.478088 -3.35
      vertex 31.7066 -0.406586 -3.35
    endloop
  endfacet
  facet normal 0.471401 -0.881919 0
    outer loop
      vertex 31.52 -0.531219 -3.35
      vertex 31.6194 -0.478088 3.35
      vertex 31.52 -0.531219 3.35
    endloop
  endfacet
  facet normal 0.471401 -0.881919 0
    outer loop
      vertex 31.6194 -0.478088 3.35
      vertex 31.52 -0.531219 -3.35
      vertex 31.6194 -0.478088 -3.35
    endloop
  endfacet
  facet normal 0.411621 -0.911355 0
    outer loop
      vertex 30.15 -1.14999 -3.35
      vertex 31.52 -0.531219 3.35
      vertex 30.15 -1.14999 3.35
    endloop
  endfacet
  facet normal 0.411621 -0.911355 0
    outer loop
      vertex 31.52 -0.531219 3.35
      vertex 30.15 -1.14999 -3.35
      vertex 31.52 -0.531219 -3.35
    endloop
  endfacet
  facet normal 0 -1 0
    outer loop
      vertex 29.05 -1.14999 -3.35
      vertex 30.15 -1.14999 3.35
      vertex 29.05 -1.14999 3.35
    endloop
  endfacet
  facet normal 0 -1 -0
    outer loop
      vertex 30.15 -1.14999 3.35
      vertex 29.05 -1.14999 -3.35
      vertex 30.15 -1.14999 -3.35
    endloop
  endfacet
  facet normal 1 -0 0
    outer loop
      vertex 29.05 -7.18748 3.35
      vertex 29.05 -1.14999 -3.35
      vertex 29.05 -1.14999 3.35
    endloop
  endfacet
  facet normal 1 0 0
    outer loop
      vertex 29.05 -1.14999 -3.35
      vertex 29.05 -7.18748 3.35
      vertex 29.05 -7.18748 -3.35
    endloop
  endfacet
  facet normal 0.995173 -0.0981328 0
    outer loop
      vertex 29.0298 -7.39233 3.35
      vertex 29.05 -7.18748 -3.35
      vertex 29.05 -7.18748 3.35
    endloop
  endfacet
  facet normal 0.995173 -0.0981328 0
    outer loop
      vertex 29.05 -7.18748 -3.35
      vertex 29.0298 -7.39233 3.35
      vertex 29.0298 -7.39233 -3.35
    endloop
  endfacet
  facet normal 0.957012 -0.290048 0
    outer loop
      vertex 28.9701 -7.58931 3.35
      vertex 29.0298 -7.39233 -3.35
      vertex 29.0298 -7.39233 3.35
    endloop
  endfacet
  facet normal 0.957012 -0.290048 0
    outer loop
      vertex 29.0298 -7.39233 -3.35
      vertex 28.9701 -7.58931 3.35
      vertex 28.9701 -7.58931 -3.35
    endloop
  endfacet
  facet normal 0.881779 -0.471662 0
    outer loop
      vertex 28.873 -7.77084 3.35
      vertex 28.9701 -7.58931 -3.35
      vertex 28.9701 -7.58931 3.35
    endloop
  endfacet
  facet normal 0.881779 -0.471662 0
    outer loop
      vertex 28.9701 -7.58931 -3.35
      vertex 28.873 -7.77084 3.35
      vertex 28.873 -7.77084 -3.35
    endloop
  endfacet
  facet normal 0.773197 -0.634166 0
    outer loop
      vertex 28.7425 -7.92995 3.35
      vertex 28.873 -7.77084 -3.35
      vertex 28.873 -7.77084 3.35
    endloop
  endfacet
  facet normal 0.773197 -0.634166 0
    outer loop
      vertex 28.873 -7.77084 -3.35
      vertex 28.7425 -7.92995 3.35
      vertex 28.7425 -7.92995 -3.35
    endloop
  endfacet
  facet normal 0.634422 -0.772987 0
    outer loop
      vertex 28.5834 -8.06053 -3.35
      vertex 28.7425 -7.92995 3.35
      vertex 28.5834 -8.06053 3.35
    endloop
  endfacet
  facet normal 0.634422 -0.772987 0
    outer loop
      vertex 28.7425 -7.92995 3.35
      vertex 28.5834 -8.06053 -3.35
      vertex 28.7425 -7.92995 -3.35
    endloop
  endfacet
  facet normal 0.471256 -0.881996 0
    outer loop
      vertex 28.4018 -8.15756 -3.35
      vertex 28.5834 -8.06053 3.35
      vertex 28.4018 -8.15756 3.35
    endloop
  endfacet
  facet normal 0.471256 -0.881996 0
    outer loop
      vertex 28.5834 -8.06053 3.35
      vertex 28.4018 -8.15756 -3.35
      vertex 28.5834 -8.06053 -3.35
    endloop
  endfacet
  facet normal 0.290288 -0.956939 0
    outer loop
      vertex 28.2048 -8.21732 -3.35
      vertex 28.4018 -8.15756 3.35
      vertex 28.2048 -8.21732 3.35
    endloop
  endfacet
  facet normal 0.290288 -0.956939 0
    outer loop
      vertex 28.4018 -8.15756 3.35
      vertex 28.2048 -8.21732 -3.35
      vertex 28.4018 -8.15756 -3.35
    endloop
  endfacet
  facet normal 0.0980121 -0.995185 0
    outer loop
      vertex 28 -8.23749 -3.35
      vertex 28.2048 -8.21732 3.35
      vertex 28 -8.23749 3.35
    endloop
  endfacet
  facet normal 0.0980121 -0.995185 0
    outer loop
      vertex 28.2048 -8.21732 3.35
      vertex 28 -8.23749 -3.35
      vertex 28.2048 -8.21732 -3.35
    endloop
  endfacet
  facet normal -0.0980121 -0.995185 0
    outer loop
      vertex 27.7952 -8.21732 -3.35
      vertex 28 -8.23749 3.35
      vertex 27.7952 -8.21732 3.35
    endloop
  endfacet
  facet normal -0.0980121 -0.995185 -0
    outer loop
      vertex 28 -8.23749 3.35
      vertex 27.7952 -8.21732 -3.35
      vertex 28 -8.23749 -3.35
    endloop
  endfacet
  facet normal -0.290288 -0.956939 0
    outer loop
      vertex 27.5982 -8.15756 -3.35
      vertex 27.7952 -8.21732 3.35
      vertex 27.5982 -8.15756 3.35
    endloop
  endfacet
  facet normal -0.290288 -0.956939 -0
    outer loop
      vertex 27.7952 -8.21732 3.35
      vertex 27.5982 -8.15756 -3.35
      vertex 27.7952 -8.21732 -3.35
    endloop
  endfacet
  facet normal -0.471458 -0.881888 0
    outer loop
      vertex 27.4167 -8.06053 -3.35
      vertex 27.5982 -8.15756 3.35
      vertex 27.4167 -8.06053 3.35
    endloop
  endfacet
  facet normal -0.471458 -0.881888 -0
    outer loop
      vertex 27.5982 -8.15756 3.35
      vertex 27.4167 -8.06053 -3.35
      vertex 27.5982 -8.15756 -3.35
    endloop
  endfacet
  facet normal -0.634422 -0.772987 0
    outer loop
      vertex 27.2576 -7.92995 -3.35
      vertex 27.4167 -8.06053 3.35
      vertex 27.2576 -7.92995 3.35
    endloop
  endfacet
  facet normal -0.634422 -0.772987 -0
    outer loop
      vertex 27.4167 -8.06053 3.35
      vertex 27.2576 -7.92995 -3.35
      vertex 27.4167 -8.06053 -3.35
    endloop
  endfacet
  facet normal -0.772959 -0.634457 0
    outer loop
      vertex 27.2576 -7.92995 -3.35
      vertex 27.127 -7.77084 3.35
      vertex 27.127 -7.77084 -3.35
    endloop
  endfacet
  facet normal -0.772959 -0.634457 0
    outer loop
      vertex 27.127 -7.77084 3.35
      vertex 27.2576 -7.92995 -3.35
      vertex 27.2576 -7.92995 3.35
    endloop
  endfacet
  facet normal -0.881779 -0.471662 0
    outer loop
      vertex 27.127 -7.77084 -3.35
      vertex 27.0299 -7.58931 3.35
      vertex 27.0299 -7.58931 -3.35
    endloop
  endfacet
  facet normal -0.881779 -0.471662 0
    outer loop
      vertex 27.0299 -7.58931 3.35
      vertex 27.127 -7.77084 -3.35
      vertex 27.127 -7.77084 3.35
    endloop
  endfacet
  facet normal -0.957012 -0.290048 0
    outer loop
      vertex 27.0299 -7.58931 -3.35
      vertex 26.9702 -7.39233 3.35
      vertex 26.9702 -7.39233 -3.35
    endloop
  endfacet
  facet normal -0.957012 -0.290048 0
    outer loop
      vertex 26.9702 -7.39233 3.35
      vertex 27.0299 -7.58931 -3.35
      vertex 27.0299 -7.58931 3.35
    endloop
  endfacet
  facet normal -0.995173 -0.0981328 0
    outer loop
      vertex 26.9702 -7.39233 -3.35
      vertex 26.95 -7.18748 3.35
      vertex 26.95 -7.18748 -3.35
    endloop
  endfacet
  facet normal -0.995173 -0.0981328 0
    outer loop
      vertex 26.95 -7.18748 3.35
      vertex 26.9702 -7.39233 -3.35
      vertex 26.9702 -7.39233 3.35
    endloop
  endfacet
  facet normal -1 0 0
    outer loop
      vertex 26.95 -7.18748 -3.35
      vertex 26.95 7.08749 3.35
      vertex 26.95 7.08749 -3.35
    endloop
  endfacet
  facet normal -1 -0 0
    outer loop
      vertex 26.95 7.08749 3.35
      vertex 26.95 -7.18748 -3.35
      vertex 26.95 -7.18748 3.35
    endloop
  endfacet
  facet normal -0.995173 0.0981328 0
    outer loop
      vertex 26.95 7.08749 -3.35
      vertex 26.9702 7.29234 3.35
      vertex 26.9702 7.29234 -3.35
    endloop
  endfacet
  facet normal -0.995173 0.0981328 0
    outer loop
      vertex 26.9702 7.29234 3.35
      vertex 26.95 7.08749 -3.35
      vertex 26.95 7.08749 3.35
    endloop
  endfacet
  facet normal -0 0 1
    outer loop
      vertex 34.95 7.08749 3.35
      vertex 37.05 1.14999 3.35
      vertex 37.05 7.08749 3.35
    endloop
  endfacet
  facet normal 0 0 1
    outer loop
      vertex 37.05 1.14999 3.35
      vertex 34.95 7.08749 3.35
      vertex 37.05 -1.14999 3.35
    endloop
  endfacet
  facet normal 0 0 1
    outer loop
      vertex 34.95 7.08749 3.35
      vertex 37.05 7.08749 3.35
      vertex 37.0298 7.29234 3.35
    endloop
  endfacet
  facet normal 0 0 1
    outer loop
      vertex 34.95 -7.18748 3.35
      vertex 37.05 -1.14999 3.35
      vertex 34.95 7.08749 3.35
    endloop
  endfacet
  facet normal 0 0 1
    outer loop
      vertex 34.95 7.08749 3.35
      vertex 37.0298 7.29234 3.35
      vertex 36.9701 7.4893 3.35
    endloop
  endfacet
  facet normal 0 0 1
    outer loop
      vertex 37.05 -1.14999 3.35
      vertex 34.95 -7.18748 3.35
      vertex 37.05 -7.18748 3.35
    endloop
  endfacet
  facet normal 0 0 1
    outer loop
      vertex 34.95 7.08749 3.35
      vertex 36.9701 7.4893 3.35
      vertex 36.873 7.67084 3.35
    endloop
  endfacet
  facet normal 0 0 1
    outer loop
      vertex 37.05 -7.18748 3.35
      vertex 34.95 -7.18748 3.35
      vertex 37.0298 -7.39233 3.35
    endloop
  endfacet
  facet normal 0 0 1
    outer loop
      vertex 34.95 7.08749 3.35
      vertex 36.873 7.67084 3.35
      vertex 36.7425 7.82996 3.35
    endloop
  endfacet
  facet normal 0 0 1
    outer loop
      vertex 37.0298 -7.39233 3.35
      vertex 34.95 -7.18748 3.35
      vertex 36.9701 -7.58931 3.35
    endloop
  endfacet
  facet normal 0 0 1
    outer loop
      vertex 34.95 7.08749 3.35
      vertex 36.7425 7.82996 3.35
      vertex 36.5834 7.96054 3.35
    endloop
  endfacet
  facet normal 0 0 1
    outer loop
      vertex 36.9701 -7.58931 3.35
      vertex 34.95 -7.18748 3.35
      vertex 36.873 -7.77084 3.35
    endloop
  endfacet
  facet normal 0 0 1
    outer loop
      vertex 34.95 7.08749 3.35
      vertex 36.5834 7.96054 3.35
      vertex 36.4018 8.05757 3.35
    endloop
  endfacet
  facet normal 0 0 1
    outer loop
      vertex 36.873 -7.77084 3.35
      vertex 34.95 -7.18748 3.35
      vertex 36.7425 -7.92995 3.35
    endloop
  endfacet
  facet normal 0 0 1
    outer loop
      vertex 34.95 7.08749 3.35
      vertex 36.4018 8.05757 3.35
      vertex 36.2048 8.11731 3.35
    endloop
  endfacet
  facet normal 0 0 1
    outer loop
      vertex 36.7425 -7.92995 3.35
      vertex 34.95 -7.18748 3.35
      vertex 36.5834 -8.06053 3.35
    endloop
  endfacet
  facet normal 0 0 1
    outer loop
      vertex 34.95 7.08749 3.35
      vertex 36.2048 8.11731 3.35
      vertex 36 8.1375 3.35
    endloop
  endfacet
  facet normal 0 0 1
    outer loop
      vertex 36.5834 -8.06053 3.35
      vertex 34.95 -7.18748 3.35
      vertex 36.4018 -8.15756 3.35
    endloop
  endfacet
  facet normal 0 0 1
    outer loop
      vertex 34.95 7.08749 3.35
      vertex 36 8.1375 3.35
      vertex 35.7952 8.11731 3.35
    endloop
  endfacet
  facet normal 0 0 1
    outer loop
      vertex 36.4018 -8.15756 3.35
      vertex 34.95 -7.18748 3.35
      vertex 36.2048 -8.21732 3.35
    endloop
  endfacet
  facet normal 0 0 1
    outer loop
      vertex 34.95 7.08749 3.35
      vertex 35.7952 8.11731 3.35
      vertex 35.5982 8.05757 3.35
    endloop
  endfacet
  facet normal 0 0 1
    outer loop
      vertex 36.2048 -8.21732 3.35
      vertex 34.95 -7.18748 3.35
      vertex 36 -8.23749 3.35
    endloop
  endfacet
  facet normal 0 0 1
    outer loop
      vertex 34.95 7.08749 3.35
      vertex 35.5982 8.05757 3.35
      vertex 35.4167 7.96054 3.35
    endloop
  endfacet
  facet normal 0 0 1
    outer loop
      vertex 36 -8.23749 3.35
      vertex 34.95 -7.18748 3.35
      vertex 35.7952 -8.21732 3.35
    endloop
  endfacet
  facet normal 0 0 1
    outer loop
      vertex 34.95 7.08749 3.35
      vertex 35.4167 7.96054 3.35
      vertex 35.2576 7.82996 3.35
    endloop
  endfacet
  facet normal 0 0 1
    outer loop
      vertex 35.7952 -8.21732 3.35
      vertex 34.95 -7.18748 3.35
      vertex 35.5982 -8.15756 3.35
    endloop
  endfacet
  facet normal 0 0 1
    outer loop
      vertex 34.95 7.08749 3.35
      vertex 35.2576 7.82996 3.35
      vertex 35.127 7.67084 3.35
    endloop
  endfacet
  facet normal 0 0 1
    outer loop
      vertex 35.5982 -8.15756 3.35
      vertex 34.95 -7.18748 3.35
      vertex 35.4167 -8.06053 3.35
    endloop
  endfacet
  facet normal 0 0 1
    outer loop
      vertex 34.95 7.08749 3.35
      vertex 35.127 7.67084 3.35
      vertex 35.0299 7.4893 3.35
    endloop
  endfacet
  facet normal 0 0 1
    outer loop
      vertex 35.4167 -8.06053 3.35
      vertex 34.95 -7.18748 3.35
      vertex 35.2576 -7.92995 3.35
    endloop
  endfacet
  facet normal 0 0 1
    outer loop
      vertex 34.95 7.08749 3.35
      vertex 35.0299 7.4893 3.35
      vertex 34.9702 7.29234 3.35
    endloop
  endfacet
  facet normal 0 0 1
    outer loop
      vertex 35.2576 -7.92995 3.35
      vertex 34.95 -7.18748 3.35
      vertex 35.127 -7.77084 3.35
    endloop
  endfacet
  facet normal 0 0 1
    outer loop
      vertex 35.127 -7.77084 3.35
      vertex 34.95 -7.18748 3.35
      vertex 35.0299 -7.58931 3.35
    endloop
  endfacet
  facet normal 0 0 1
    outer loop
      vertex 35.0299 -7.58931 3.35
      vertex 34.95 -7.18748 3.35
      vertex 34.9702 -7.39233 3.35
    endloop
  endfacet
  facet normal 0 0 1
    outer loop
      vertex 39.8639 0.112167 3.35
      vertex 39.8639 -0.112167 3.35
      vertex 39.875 0 3.35
    endloop
  endfacet
  facet normal 0 0 1
    outer loop
      vertex 39.8312 0.220032 3.35
      vertex 39.8639 -0.112167 3.35
      vertex 39.8639 0.112167 3.35
    endloop
  endfacet
  facet normal 0 0 1
    outer loop
      vertex 39.8312 0.220032 3.35
      vertex 39.8312 -0.220032 3.35
      vertex 39.8639 -0.112167 3.35
    endloop
  endfacet
  facet normal 0 0 1
    outer loop
      vertex 39.7781 0.319443 3.35
      vertex 39.8312 -0.220032 3.35
      vertex 39.8312 0.220032 3.35
    endloop
  endfacet
  facet normal 0 0 1
    outer loop
      vertex 39.7781 0.319443 3.35
      vertex 39.7781 -0.319443 3.35
      vertex 39.8312 -0.220032 3.35
    endloop
  endfacet
  facet normal 0 0 1
    outer loop
      vertex 39.7066 0.406586 3.35
      vertex 39.7781 -0.319443 3.35
      vertex 39.7781 0.319443 3.35
    endloop
  endfacet
  facet normal 0 0 1
    outer loop
      vertex 39.7066 0.406586 3.35
      vertex 39.7066 -0.406586 3.35
      vertex 39.7781 -0.319443 3.35
    endloop
  endfacet
  facet normal 0 0 1
    outer loop
      vertex 39.6194 0.478088 3.35
      vertex 39.7066 -0.406586 3.35
      vertex 39.7066 0.406586 3.35
    endloop
  endfacet
  facet normal 0 0 1
    outer loop
      vertex 39.6194 0.478088 3.35
      vertex 39.6194 -0.478088 3.35
      vertex 39.7066 -0.406586 3.35
    endloop
  endfacet
  facet normal 0 0 1
    outer loop
      vertex 39.52 0.531219 3.35
      vertex 39.6194 -0.478088 3.35
      vertex 39.6194 0.478088 3.35
    endloop
  endfacet
  facet normal 0 0 1
    outer loop
      vertex 39.52 0.531219 3.35
      vertex 39.52 -0.531219 3.35
      vertex 39.6194 -0.478088 3.35
    endloop
  endfacet
  facet normal 0 0 1
    outer loop
      vertex 38.15 1.14999 3.35
      vertex 39.52 -0.531219 3.35
      vertex 39.52 0.531219 3.35
    endloop
  endfacet
  facet normal 0 0 1
    outer loop
      vertex 38.15 1.14999 3.35
      vertex 38.15 -1.14999 3.35
      vertex 39.52 -0.531219 3.35
    endloop
  endfacet
  facet normal -0 0 1
    outer loop
      vertex 37.05 1.14999 3.35
      vertex 38.15 -1.14999 3.35
      vertex 38.15 1.14999 3.35
    endloop
  endfacet
  facet normal 0 0 1
    outer loop
      vertex 38.15 -1.14999 3.35
      vertex 37.05 1.14999 3.35
      vertex 37.05 -1.14999 3.35
    endloop
  endfacet
  facet normal 0 0 -1
    outer loop
      vertex 34.95 -7.18748 -3.35
      vertex 37.05 -1.14999 -3.35
      vertex 37.05 -7.18748 -3.35
    endloop
  endfacet
  facet normal -0 0 -1
    outer loop
      vertex 37.05 -1.14999 -3.35
      vertex 34.95 -7.18748 -3.35
      vertex 37.05 1.14999 -3.35
    endloop
  endfacet
  facet normal 0 0 -1
    outer loop
      vertex 34.95 -7.18748 -3.35
      vertex 37.05 -7.18748 -3.35
      vertex 37.0298 -7.39233 -3.35
    endloop
  endfacet
  facet normal 0 0 -1
    outer loop
      vertex 34.95 7.08749 -3.35
      vertex 37.05 1.14999 -3.35
      vertex 34.95 -7.18748 -3.35
    endloop
  endfacet
  facet normal 0 0 -1
    outer loop
      vertex 34.95 -7.18748 -3.35
      vertex 37.0298 -7.39233 -3.35
      vertex 36.9701 -7.58931 -3.35
    endloop
  endfacet
  facet normal 0 0 -1
    outer loop
      vertex 37.05 1.14999 -3.35
      vertex 34.95 7.08749 -3.35
      vertex 37.05 7.08749 -3.35
    endloop
  endfacet
  facet normal 0 0 -1
    outer loop
      vertex 34.95 -7.18748 -3.35
      vertex 36.9701 -7.58931 -3.35
      vertex 36.873 -7.77084 -3.35
    endloop
  endfacet
  facet normal 0 0 -1
    outer loop
      vertex 37.05 7.08749 -3.35
      vertex 34.95 7.08749 -3.35
      vertex 37.0298 7.29234 -3.35
    endloop
  endfacet
  facet normal 0 0 -1
    outer loop
      vertex 34.95 -7.18748 -3.35
      vertex 36.873 -7.77084 -3.35
      vertex 36.7425 -7.92995 -3.35
    endloop
  endfacet
  facet normal -0 0 -1
    outer loop
      vertex 37.0298 7.29234 -3.35
      vertex 34.95 7.08749 -3.35
      vertex 36.9701 7.4893 -3.35
    endloop
  endfacet
  facet normal 0 0 -1
    outer loop
      vertex 34.95 -7.18748 -3.35
      vertex 36.7425 -7.92995 -3.35
      vertex 36.5834 -8.06053 -3.35
    endloop
  endfacet
  facet normal -0 0 -1
    outer loop
      vertex 36.9701 7.4893 -3.35
      vertex 34.95 7.08749 -3.35
      vertex 36.873 7.67084 -3.35
    endloop
  endfacet
  facet normal 0 0 -1
    outer loop
      vertex 34.95 -7.18748 -3.35
      vertex 36.5834 -8.06053 -3.35
      vertex 36.4018 -8.15756 -3.35
    endloop
  endfacet
  facet normal -0 0 -1
    outer loop
      vertex 36.873 7.67084 -3.35
      vertex 34.95 7.08749 -3.35
      vertex 36.7425 7.82996 -3.35
    endloop
  endfacet
  facet normal 0 0 -1
    outer loop
      vertex 34.95 -7.18748 -3.35
      vertex 36.4018 -8.15756 -3.35
      vertex 36.2048 -8.21732 -3.35
    endloop
  endfacet
  facet normal -0 0 -1
    outer loop
      vertex 36.7425 7.82996 -3.35
      vertex 34.95 7.08749 -3.35
      vertex 36.5834 7.96054 -3.35
    endloop
  endfacet
  facet normal 0 0 -1
    outer loop
      vertex 34.95 -7.18748 -3.35
      vertex 36.2048 -8.21732 -3.35
      vertex 36 -8.23749 -3.35
    endloop
  endfacet
  facet normal -0 0 -1
    outer loop
      vertex 36.5834 7.96054 -3.35
      vertex 34.95 7.08749 -3.35
      vertex 36.4018 8.05757 -3.35
    endloop
  endfacet
  facet normal 0 0 -1
    outer loop
      vertex 34.95 -7.18748 -3.35
      vertex 36 -8.23749 -3.35
      vertex 35.7952 -8.21732 -3.35
    endloop
  endfacet
  facet normal -0 0 -1
    outer loop
      vertex 36.4018 8.05757 -3.35
      vertex 34.95 7.08749 -3.35
      vertex 36.2048 8.11731 -3.35
    endloop
  endfacet
  facet normal 0 0 -1
    outer loop
      vertex 34.95 -7.18748 -3.35
      vertex 35.7952 -8.21732 -3.35
      vertex 35.5982 -8.15756 -3.35
    endloop
  endfacet
  facet normal -0 0 -1
    outer loop
      vertex 36.2048 8.11731 -3.35
      vertex 34.95 7.08749 -3.35
      vertex 36 8.1375 -3.35
    endloop
  endfacet
  facet normal 0 0 -1
    outer loop
      vertex 34.95 -7.18748 -3.35
      vertex 35.5982 -8.15756 -3.35
      vertex 35.4167 -8.06053 -3.35
    endloop
  endfacet
  facet normal 0 0 -1
    outer loop
      vertex 36 8.1375 -3.35
      vertex 34.95 7.08749 -3.35
      vertex 35.7952 8.11731 -3.35
    endloop
  endfacet
  facet normal 0 0 -1
    outer loop
      vertex 34.95 -7.18748 -3.35
      vertex 35.4167 -8.06053 -3.35
      vertex 35.2576 -7.92995 -3.35
    endloop
  endfacet
  facet normal 0 0 -1
    outer loop
      vertex 35.7952 8.11731 -3.35
      vertex 34.95 7.08749 -3.35
      vertex 35.5982 8.05757 -3.35
    endloop
  endfacet
  facet normal 0 0 -1
    outer loop
      vertex 34.95 -7.18748 -3.35
      vertex 35.2576 -7.92995 -3.35
      vertex 35.127 -7.77084 -3.35
    endloop
  endfacet
  facet normal 0 0 -1
    outer loop
      vertex 35.5982 8.05757 -3.35
      vertex 34.95 7.08749 -3.35
      vertex 35.4167 7.96054 -3.35
    endloop
  endfacet
  facet normal 0 0 -1
    outer loop
      vertex 34.95 -7.18748 -3.35
      vertex 35.127 -7.77084 -3.35
      vertex 35.0299 -7.58931 -3.35
    endloop
  endfacet
  facet normal 0 0 -1
    outer loop
      vertex 35.4167 7.96054 -3.35
      vertex 34.95 7.08749 -3.35
      vertex 35.2576 7.82996 -3.35
    endloop
  endfacet
  facet normal 0 0 -1
    outer loop
      vertex 34.95 -7.18748 -3.35
      vertex 35.0299 -7.58931 -3.35
      vertex 34.9702 -7.39233 -3.35
    endloop
  endfacet
  facet normal 0 0 -1
    outer loop
      vertex 35.2576 7.82996 -3.35
      vertex 34.95 7.08749 -3.35
      vertex 35.127 7.67084 -3.35
    endloop
  endfacet
  facet normal 0 0 -1
    outer loop
      vertex 35.127 7.67084 -3.35
      vertex 34.95 7.08749 -3.35
      vertex 35.0299 7.4893 -3.35
    endloop
  endfacet
  facet normal 0 0 -1
    outer loop
      vertex 35.0299 7.4893 -3.35
      vertex 34.95 7.08749 -3.35
      vertex 34.9702 7.29234 -3.35
    endloop
  endfacet
  facet normal 0 0 -1
    outer loop
      vertex 39.8639 -0.112167 -3.35
      vertex 39.8639 0.112167 -3.35
      vertex 39.875 0 -3.35
    endloop
  endfacet
  facet normal 0 0 -1
    outer loop
      vertex 39.8312 -0.220032 -3.35
      vertex 39.8639 0.112167 -3.35
      vertex 39.8639 -0.112167 -3.35
    endloop
  endfacet
  facet normal 0 0 -1
    outer loop
      vertex 39.8312 -0.220032 -3.35
      vertex 39.8312 0.220032 -3.35
      vertex 39.8639 0.112167 -3.35
    endloop
  endfacet
  facet normal 0 0 -1
    outer loop
      vertex 39.7781 -0.319443 -3.35
      vertex 39.8312 0.220032 -3.35
      vertex 39.8312 -0.220032 -3.35
    endloop
  endfacet
  facet normal 0 0 -1
    outer loop
      vertex 39.7781 -0.319443 -3.35
      vertex 39.7781 0.319443 -3.35
      vertex 39.8312 0.220032 -3.35
    endloop
  endfacet
  facet normal 0 0 -1
    outer loop
      vertex 39.7066 -0.406586 -3.35
      vertex 39.7781 0.319443 -3.35
      vertex 39.7781 -0.319443 -3.35
    endloop
  endfacet
  facet normal 0 0 -1
    outer loop
      vertex 39.7066 -0.406586 -3.35
      vertex 39.7066 0.406586 -3.35
      vertex 39.7781 0.319443 -3.35
    endloop
  endfacet
  facet normal 0 0 -1
    outer loop
      vertex 39.6194 -0.478088 -3.35
      vertex 39.7066 0.406586 -3.35
      vertex 39.7066 -0.406586 -3.35
    endloop
  endfacet
  facet normal 0 0 -1
    outer loop
      vertex 39.6194 -0.478088 -3.35
      vertex 39.6194 0.478088 -3.35
      vertex 39.7066 0.406586 -3.35
    endloop
  endfacet
  facet normal 0 0 -1
    outer loop
      vertex 39.52 -0.531219 -3.35
      vertex 39.6194 0.478088 -3.35
      vertex 39.6194 -0.478088 -3.35
    endloop
  endfacet
  facet normal 0 0 -1
    outer loop
      vertex 39.52 -0.531219 -3.35
      vertex 39.52 0.531219 -3.35
      vertex 39.6194 0.478088 -3.35
    endloop
  endfacet
  facet normal 0 0 -1
    outer loop
      vertex 38.15 -1.14999 -3.35
      vertex 39.52 0.531219 -3.35
      vertex 39.52 -0.531219 -3.35
    endloop
  endfacet
  facet normal 0 0 -1
    outer loop
      vertex 38.15 -1.14999 -3.35
      vertex 38.15 1.14999 -3.35
      vertex 39.52 0.531219 -3.35
    endloop
  endfacet
  facet normal 0 0 -1
    outer loop
      vertex 37.05 -1.14999 -3.35
      vertex 38.15 1.14999 -3.35
      vertex 38.15 -1.14999 -3.35
    endloop
  endfacet
  facet normal -0 0 -1
    outer loop
      vertex 38.15 1.14999 -3.35
      vertex 37.05 -1.14999 -3.35
      vertex 37.05 1.14999 -3.35
    endloop
  endfacet
  facet normal -0.957004 0.290075 0
    outer loop
      vertex 34.9702 7.29234 -3.35
      vertex 35.0299 7.4893 3.35
      vertex 35.0299 7.4893 -3.35
    endloop
  endfacet
  facet normal -0.957004 0.290075 0
    outer loop
      vertex 35.0299 7.4893 3.35
      vertex 34.9702 7.29234 -3.35
      vertex 34.9702 7.29234 3.35
    endloop
  endfacet
  facet normal -0.88179 0.471642 0
    outer loop
      vertex 35.0299 7.4893 -3.35
      vertex 35.127 7.67084 3.35
      vertex 35.127 7.67084 -3.35
    endloop
  endfacet
  facet normal -0.88179 0.471642 0
    outer loop
      vertex 35.127 7.67084 3.35
      vertex 35.0299 7.4893 -3.35
      vertex 35.0299 7.4893 3.35
    endloop
  endfacet
  facet normal -0.772978 0.634433 0
    outer loop
      vertex 35.127 7.67084 -3.35
      vertex 35.2576 7.82996 3.35
      vertex 35.2576 7.82996 -3.35
    endloop
  endfacet
  facet normal -0.772978 0.634433 0
    outer loop
      vertex 35.2576 7.82996 3.35
      vertex 35.127 7.67084 -3.35
      vertex 35.127 7.67084 3.35
    endloop
  endfacet
  facet normal -0.634422 0.772987 0
    outer loop
      vertex 35.4167 7.96054 -3.35
      vertex 35.2576 7.82996 3.35
      vertex 35.4167 7.96054 3.35
    endloop
  endfacet
  facet normal -0.634422 0.772987 0
    outer loop
      vertex 35.2576 7.82996 3.35
      vertex 35.4167 7.96054 -3.35
      vertex 35.2576 7.82996 -3.35
    endloop
  endfacet
  facet normal -0.471458 0.881888 0
    outer loop
      vertex 35.5982 8.05757 -3.35
      vertex 35.4167 7.96054 3.35
      vertex 35.5982 8.05757 3.35
    endloop
  endfacet
  facet normal -0.471458 0.881888 0
    outer loop
      vertex 35.4167 7.96054 3.35
      vertex 35.5982 8.05757 -3.35
      vertex 35.4167 7.96054 -3.35
    endloop
  endfacet
  facet normal -0.290199 0.956966 0
    outer loop
      vertex 35.7952 8.11731 -3.35
      vertex 35.5982 8.05757 3.35
      vertex 35.7952 8.11731 3.35
    endloop
  endfacet
  facet normal -0.290199 0.956966 0
    outer loop
      vertex 35.5982 8.05757 3.35
      vertex 35.7952 8.11731 -3.35
      vertex 35.5982 8.05757 -3.35
    endloop
  endfacet
  facet normal -0.0981084 0.995176 0
    outer loop
      vertex 36 8.1375 -3.35
      vertex 35.7952 8.11731 3.35
      vertex 36 8.1375 3.35
    endloop
  endfacet
  facet normal -0.0981084 0.995176 0
    outer loop
      vertex 35.7952 8.11731 3.35
      vertex 36 8.1375 -3.35
      vertex 35.7952 8.11731 -3.35
    endloop
  endfacet
  facet normal 0.0981084 0.995176 -0
    outer loop
      vertex 36.2048 8.11731 -3.35
      vertex 36 8.1375 3.35
      vertex 36.2048 8.11731 3.35
    endloop
  endfacet
  facet normal 0.0981084 0.995176 0
    outer loop
      vertex 36 8.1375 3.35
      vertex 36.2048 8.11731 -3.35
      vertex 36 8.1375 -3.35
    endloop
  endfacet
  facet normal 0.290199 0.956966 -0
    outer loop
      vertex 36.4018 8.05757 -3.35
      vertex 36.2048 8.11731 3.35
      vertex 36.4018 8.05757 3.35
    endloop
  endfacet
  facet normal 0.290199 0.956966 0
    outer loop
      vertex 36.2048 8.11731 3.35
      vertex 36.4018 8.05757 -3.35
      vertex 36.2048 8.11731 -3.35
    endloop
  endfacet
  facet normal 0.471256 0.881996 -0
    outer loop
      vertex 36.5834 7.96054 -3.35
      vertex 36.4018 8.05757 3.35
      vertex 36.5834 7.96054 3.35
    endloop
  endfacet
  facet normal 0.471256 0.881996 0
    outer loop
      vertex 36.4018 8.05757 3.35
      vertex 36.5834 7.96054 -3.35
      vertex 36.4018 8.05757 -3.35
    endloop
  endfacet
  facet normal 0.634422 0.772987 -0
    outer loop
      vertex 36.7425 7.82996 -3.35
      vertex 36.5834 7.96054 3.35
      vertex 36.7425 7.82996 3.35
    endloop
  endfacet
  facet normal 0.634422 0.772987 0
    outer loop
      vertex 36.5834 7.96054 3.35
      vertex 36.7425 7.82996 -3.35
      vertex 36.5834 7.96054 -3.35
    endloop
  endfacet
  facet normal 0.773216 0.634142 0
    outer loop
      vertex 36.873 7.67084 3.35
      vertex 36.7425 7.82996 -3.35
      vertex 36.7425 7.82996 3.35
    endloop
  endfacet
  facet normal 0.773216 0.634142 0
    outer loop
      vertex 36.7425 7.82996 -3.35
      vertex 36.873 7.67084 3.35
      vertex 36.873 7.67084 -3.35
    endloop
  endfacet
  facet normal 0.88179 0.471642 0
    outer loop
      vertex 36.9701 7.4893 3.35
      vertex 36.873 7.67084 -3.35
      vertex 36.873 7.67084 3.35
    endloop
  endfacet
  facet normal 0.88179 0.471642 0
    outer loop
      vertex 36.873 7.67084 -3.35
      vertex 36.9701 7.4893 3.35
      vertex 36.9701 7.4893 -3.35
    endloop
  endfacet
  facet normal 0.957004 0.290075 0
    outer loop
      vertex 37.0298 7.29234 3.35
      vertex 36.9701 7.4893 -3.35
      vertex 36.9701 7.4893 3.35
    endloop
  endfacet
  facet normal 0.957004 0.290075 0
    outer loop
      vertex 36.9701 7.4893 -3.35
      vertex 37.0298 7.29234 3.35
      vertex 37.0298 7.29234 -3.35
    endloop
  endfacet
  facet normal 0.995173 0.0981328 0
    outer loop
      vertex 37.05 7.08749 3.35
      vertex 37.0298 7.29234 -3.35
      vertex 37.0298 7.29234 3.35
    endloop
  endfacet
  facet normal 0.995173 0.0981328 0
    outer loop
      vertex 37.0298 7.29234 -3.35
      vertex 37.05 7.08749 3.35
      vertex 37.05 7.08749 -3.35
    endloop
  endfacet
  facet normal 1 -0 0
    outer loop
      vertex 37.05 1.14999 3.35
      vertex 37.05 7.08749 -3.35
      vertex 37.05 7.08749 3.35
    endloop
  endfacet
  facet normal 1 0 0
    outer loop
      vertex 37.05 7.08749 -3.35
      vertex 37.05 1.14999 3.35
      vertex 37.05 1.14999 -3.35
    endloop
  endfacet
  facet normal 0 1 -0
    outer loop
      vertex 38.15 1.14999 -3.35
      vertex 37.05 1.14999 3.35
      vertex 38.15 1.14999 3.35
    endloop
  endfacet
  facet normal 0 1 0
    outer loop
      vertex 37.05 1.14999 3.35
      vertex 38.15 1.14999 -3.35
      vertex 37.05 1.14999 -3.35
    endloop
  endfacet
  facet normal 0.411621 0.911355 -0
    outer loop
      vertex 39.52 0.531219 -3.35
      vertex 38.15 1.14999 3.35
      vertex 39.52 0.531219 3.35
    endloop
  endfacet
  facet normal 0.411621 0.911355 0
    outer loop
      vertex 38.15 1.14999 3.35
      vertex 39.52 0.531219 -3.35
      vertex 38.15 1.14999 -3.35
    endloop
  endfacet
  facet normal 0.471401 0.881919 -0
    outer loop
      vertex 39.6194 0.478088 -3.35
      vertex 39.52 0.531219 3.35
      vertex 39.6194 0.478088 3.35
    endloop
  endfacet
  facet normal 0.471401 0.881919 0
    outer loop
      vertex 39.52 0.531219 3.35
      vertex 39.6194 0.478088 -3.35
      vertex 39.52 0.531219 -3.35
    endloop
  endfacet
  facet normal 0.634069 0.773276 -0
    outer loop
      vertex 39.7066 0.406586 -3.35
      vertex 39.6194 0.478088 3.35
      vertex 39.7066 0.406586 3.35
    endloop
  endfacet
  facet normal 0.634069 0.773276 0
    outer loop
      vertex 39.6194 0.478088 3.35
      vertex 39.7066 0.406586 -3.35
      vertex 39.6194 0.478088 -3.35
    endloop
  endfacet
  facet normal 0.773082 0.634306 0
    outer loop
      vertex 39.7781 0.319443 3.35
      vertex 39.7066 0.406586 -3.35
      vertex 39.7066 0.406586 3.35
    endloop
  endfacet
  facet normal 0.773082 0.634306 0
    outer loop
      vertex 39.7066 0.406586 -3.35
      vertex 39.7781 0.319443 3.35
      vertex 39.7781 0.319443 -3.35
    endloop
  endfacet
  facet normal 0.882055 0.471146 0
    outer loop
      vertex 39.8312 0.220032 3.35
      vertex 39.7781 0.319443 -3.35
      vertex 39.7781 0.319443 3.35
    endloop
  endfacet
  facet normal 0.882055 0.471146 0
    outer loop
      vertex 39.7781 0.319443 -3.35
      vertex 39.8312 0.220032 3.35
      vertex 39.8312 0.220032 -3.35
    endloop
  endfacet
  facet normal 0.956991 0.290118 0
    outer loop
      vertex 39.8639 0.112167 3.35
      vertex 39.8312 0.220032 -3.35
      vertex 39.8312 0.220032 3.35
    endloop
  endfacet
  facet normal 0.956991 0.290118 0
    outer loop
      vertex 39.8312 0.220032 -3.35
      vertex 39.8639 0.112167 3.35
      vertex 39.8639 0.112167 -3.35
    endloop
  endfacet
  facet normal 0.995139 0.0984786 0
    outer loop
      vertex 39.875 0 3.35
      vertex 39.8639 0.112167 -3.35
      vertex 39.8639 0.112167 3.35
    endloop
  endfacet
  facet normal 0.995139 0.0984786 0
    outer loop
      vertex 39.8639 0.112167 -3.35
      vertex 39.875 0 3.35
      vertex 39.875 0 -3.35
    endloop
  endfacet
  facet normal 0.995139 -0.0984786 0
    outer loop
      vertex 39.8639 -0.112167 3.35
      vertex 39.875 0 -3.35
      vertex 39.875 0 3.35
    endloop
  endfacet
  facet normal 0.995139 -0.0984786 0
    outer loop
      vertex 39.875 0 -3.35
      vertex 39.8639 -0.112167 3.35
      vertex 39.8639 -0.112167 -3.35
    endloop
  endfacet
  facet normal 0.956991 -0.290118 0
    outer loop
      vertex 39.8312 -0.220032 3.35
      vertex 39.8639 -0.112167 -3.35
      vertex 39.8639 -0.112167 3.35
    endloop
  endfacet
  facet normal 0.956991 -0.290118 0
    outer loop
      vertex 39.8639 -0.112167 -3.35
      vertex 39.8312 -0.220032 3.35
      vertex 39.8312 -0.220032 -3.35
    endloop
  endfacet
  facet normal 0.882055 -0.471146 0
    outer loop
      vertex 39.7781 -0.319443 3.35
      vertex 39.8312 -0.220032 -3.35
      vertex 39.8312 -0.220032 3.35
    endloop
  endfacet
  facet normal 0.882055 -0.471146 0
    outer loop
      vertex 39.8312 -0.220032 -3.35
      vertex 39.7781 -0.319443 3.35
      vertex 39.7781 -0.319443 -3.35
    endloop
  endfacet
  facet normal 0.773082 -0.634306 0
    outer loop
      vertex 39.7066 -0.406586 3.35
      vertex 39.7781 -0.319443 -3.35
      vertex 39.7781 -0.319443 3.35
    endloop
  endfacet
  facet normal 0.773082 -0.634306 0
    outer loop
      vertex 39.7781 -0.319443 -3.35
      vertex 39.7066 -0.406586 3.35
      vertex 39.7066 -0.406586 -3.35
    endloop
  endfacet
  facet normal 0.634069 -0.773276 0
    outer loop
      vertex 39.6194 -0.478088 -3.35
      vertex 39.7066 -0.406586 3.35
      vertex 39.6194 -0.478088 3.35
    endloop
  endfacet
  facet normal 0.634069 -0.773276 0
    outer loop
      vertex 39.7066 -0.406586 3.35
      vertex 39.6194 -0.478088 -3.35
      vertex 39.7066 -0.406586 -3.35
    endloop
  endfacet
  facet normal 0.471401 -0.881919 0
    outer loop
      vertex 39.52 -0.531219 -3.35
      vertex 39.6194 -0.478088 3.35
      vertex 39.52 -0.531219 3.35
    endloop
  endfacet
  facet normal 0.471401 -0.881919 0
    outer loop
      vertex 39.6194 -0.478088 3.35
      vertex 39.52 -0.531219 -3.35
      vertex 39.6194 -0.478088 -3.35
    endloop
  endfacet
  facet normal 0.411621 -0.911355 0
    outer loop
      vertex 38.15 -1.14999 -3.35
      vertex 39.52 -0.531219 3.35
      vertex 38.15 -1.14999 3.35
    endloop
  endfacet
  facet normal 0.411621 -0.911355 0
    outer loop
      vertex 39.52 -0.531219 3.35
      vertex 38.15 -1.14999 -3.35
      vertex 39.52 -0.531219 -3.35
    endloop
  endfacet
  facet normal 0 -1 0
    outer loop
      vertex 37.05 -1.14999 -3.35
      vertex 38.15 -1.14999 3.35
      vertex 37.05 -1.14999 3.35
    endloop
  endfacet
  facet normal 0 -1 -0
    outer loop
      vertex 38.15 -1.14999 3.35
      vertex 37.05 -1.14999 -3.35
      vertex 38.15 -1.14999 -3.35
    endloop
  endfacet
  facet normal 1 -0 0
    outer loop
      vertex 37.05 -7.18748 3.35
      vertex 37.05 -1.14999 -3.35
      vertex 37.05 -1.14999 3.35
    endloop
  endfacet
  facet normal 1 0 0
    outer loop
      vertex 37.05 -1.14999 -3.35
      vertex 37.05 -7.18748 3.35
      vertex 37.05 -7.18748 -3.35
    endloop
  endfacet
  facet normal 0.995173 -0.0981328 0
    outer loop
      vertex 37.0298 -7.39233 3.35
      vertex 37.05 -7.18748 -3.35
      vertex 37.05 -7.18748 3.35
    endloop
  endfacet
  facet normal 0.995173 -0.0981328 0
    outer loop
      vertex 37.05 -7.18748 -3.35
      vertex 37.0298 -7.39233 3.35
      vertex 37.0298 -7.39233 -3.35
    endloop
  endfacet
  facet normal 0.957012 -0.290048 0
    outer loop
      vertex 36.9701 -7.58931 3.35
      vertex 37.0298 -7.39233 -3.35
      vertex 37.0298 -7.39233 3.35
    endloop
  endfacet
  facet normal 0.957012 -0.290048 0
    outer loop
      vertex 37.0298 -7.39233 -3.35
      vertex 36.9701 -7.58931 3.35
      vertex 36.9701 -7.58931 -3.35
    endloop
  endfacet
  facet normal 0.881779 -0.471662 0
    outer loop
      vertex 36.873 -7.77084 3.35
      vertex 36.9701 -7.58931 -3.35
      vertex 36.9701 -7.58931 3.35
    endloop
  endfacet
  facet normal 0.881779 -0.471662 0
    outer loop
      vertex 36.9701 -7.58931 -3.35
      vertex 36.873 -7.77084 3.35
      vertex 36.873 -7.77084 -3.35
    endloop
  endfacet
  facet normal 0.773197 -0.634166 0
    outer loop
      vertex 36.7425 -7.92995 3.35
      vertex 36.873 -7.77084 -3.35
      vertex 36.873 -7.77084 3.35
    endloop
  endfacet
  facet normal 0.773197 -0.634166 0
    outer loop
      vertex 36.873 -7.77084 -3.35
      vertex 36.7425 -7.92995 3.35
      vertex 36.7425 -7.92995 -3.35
    endloop
  endfacet
  facet normal 0.634422 -0.772987 0
    outer loop
      vertex 36.5834 -8.06053 -3.35
      vertex 36.7425 -7.92995 3.35
      vertex 36.5834 -8.06053 3.35
    endloop
  endfacet
  facet normal 0.634422 -0.772987 0
    outer loop
      vertex 36.7425 -7.92995 3.35
      vertex 36.5834 -8.06053 -3.35
      vertex 36.7425 -7.92995 -3.35
    endloop
  endfacet
  facet normal 0.471256 -0.881996 0
    outer loop
      vertex 36.4018 -8.15756 -3.35
      vertex 36.5834 -8.06053 3.35
      vertex 36.4018 -8.15756 3.35
    endloop
  endfacet
  facet normal 0.471256 -0.881996 0
    outer loop
      vertex 36.5834 -8.06053 3.35
      vertex 36.4018 -8.15756 -3.35
      vertex 36.5834 -8.06053 -3.35
    endloop
  endfacet
  facet normal 0.290288 -0.956939 0
    outer loop
      vertex 36.2048 -8.21732 -3.35
      vertex 36.4018 -8.15756 3.35
      vertex 36.2048 -8.21732 3.35
    endloop
  endfacet
  facet normal 0.290288 -0.956939 0
    outer loop
      vertex 36.4018 -8.15756 3.35
      vertex 36.2048 -8.21732 -3.35
      vertex 36.4018 -8.15756 -3.35
    endloop
  endfacet
  facet normal 0.0980121 -0.995185 0
    outer loop
      vertex 36 -8.23749 -3.35
      vertex 36.2048 -8.21732 3.35
      vertex 36 -8.23749 3.35
    endloop
  endfacet
  facet normal 0.0980121 -0.995185 0
    outer loop
      vertex 36.2048 -8.21732 3.35
      vertex 36 -8.23749 -3.35
      vertex 36.2048 -8.21732 -3.35
    endloop
  endfacet
  facet normal -0.0980121 -0.995185 0
    outer loop
      vertex 35.7952 -8.21732 -3.35
      vertex 36 -8.23749 3.35
      vertex 35.7952 -8.21732 3.35
    endloop
  endfacet
  facet normal -0.0980121 -0.995185 -0
    outer loop
      vertex 36 -8.23749 3.35
      vertex 35.7952 -8.21732 -3.35
      vertex 36 -8.23749 -3.35
    endloop
  endfacet
  facet normal -0.290288 -0.956939 0
    outer loop
      vertex 35.5982 -8.15756 -3.35
      vertex 35.7952 -8.21732 3.35
      vertex 35.5982 -8.15756 3.35
    endloop
  endfacet
  facet normal -0.290288 -0.956939 -0
    outer loop
      vertex 35.7952 -8.21732 3.35
      vertex 35.5982 -8.15756 -3.35
      vertex 35.7952 -8.21732 -3.35
    endloop
  endfacet
  facet normal -0.471458 -0.881888 0
    outer loop
      vertex 35.4167 -8.06053 -3.35
      vertex 35.5982 -8.15756 3.35
      vertex 35.4167 -8.06053 3.35
    endloop
  endfacet
  facet normal -0.471458 -0.881888 -0
    outer loop
      vertex 35.5982 -8.15756 3.35
      vertex 35.4167 -8.06053 -3.35
      vertex 35.5982 -8.15756 -3.35
    endloop
  endfacet
  facet normal -0.634422 -0.772987 0
    outer loop
      vertex 35.2576 -7.92995 -3.35
      vertex 35.4167 -8.06053 3.35
      vertex 35.2576 -7.92995 3.35
    endloop
  endfacet
  facet normal -0.634422 -0.772987 -0
    outer loop
      vertex 35.4167 -8.06053 3.35
      vertex 35.2576 -7.92995 -3.35
      vertex 35.4167 -8.06053 -3.35
    endloop
  endfacet
  facet normal -0.772959 -0.634457 0
    outer loop
      vertex 35.2576 -7.92995 -3.35
      vertex 35.127 -7.77084 3.35
      vertex 35.127 -7.77084 -3.35
    endloop
  endfacet
  facet normal -0.772959 -0.634457 0
    outer loop
      vertex 35.127 -7.77084 3.35
      vertex 35.2576 -7.92995 -3.35
      vertex 35.2576 -7.92995 3.35
    endloop
  endfacet
  facet normal -0.881779 -0.471662 0
    outer loop
      vertex 35.127 -7.77084 -3.35
      vertex 35.0299 -7.58931 3.35
      vertex 35.0299 -7.58931 -3.35
    endloop
  endfacet
  facet normal -0.881779 -0.471662 0
    outer loop
      vertex 35.0299 -7.58931 3.35
      vertex 35.127 -7.77084 -3.35
      vertex 35.127 -7.77084 3.35
    endloop
  endfacet
  facet normal -0.957012 -0.290048 0
    outer loop
      vertex 35.0299 -7.58931 -3.35
      vertex 34.9702 -7.39233 3.35
      vertex 34.9702 -7.39233 -3.35
    endloop
  endfacet
  facet normal -0.957012 -0.290048 0
    outer loop
      vertex 34.9702 -7.39233 3.35
      vertex 35.0299 -7.58931 -3.35
      vertex 35.0299 -7.58931 3.35
    endloop
  endfacet
  facet normal -0.995173 -0.0981328 0
    outer loop
      vertex 34.9702 -7.39233 -3.35
      vertex 34.95 -7.18748 3.35
      vertex 34.95 -7.18748 -3.35
    endloop
  endfacet
  facet normal -0.995173 -0.0981328 0
    outer loop
      vertex 34.95 -7.18748 3.35
      vertex 34.9702 -7.39233 -3.35
      vertex 34.9702 -7.39233 3.35
    endloop
  endfacet
  facet normal -1 0 0
    outer loop
      vertex 34.95 -7.18748 -3.35
      vertex 34.95 7.08749 3.35
      vertex 34.95 7.08749 -3.35
    endloop
  endfacet
  facet normal -1 -0 0
    outer loop
      vertex 34.95 7.08749 3.35
      vertex 34.95 -7.18748 -3.35
      vertex 34.95 -7.18748 3.35
    endloop
  endfacet
  facet normal -0.995173 0.0981328 0
    outer loop
      vertex 34.95 7.08749 -3.35
      vertex 34.9702 7.29234 3.35
      vertex 34.9702 7.29234 -3.35
    endloop
  endfacet
  facet normal -0.995173 0.0981328 0
    outer loop
      vertex 34.9702 7.29234 3.35
      vertex 34.95 7.08749 -3.35
      vertex 34.95 7.08749 3.35
    endloop
  endfacet
endsolid OpenSCAD_Model
