solid OpenSCAD_Model
  facet normal -0.956898 -0.290423 0
    outer loop
      vertex -21.8679 1.913 0
      vertex -21.9106 2.05369 0.4
      vertex -21.9106 2.05369 0
    endloop
  endfacet
  facet normal -0.956898 -0.290423 0
    outer loop
      vertex -21.9106 2.05369 0.4
      vertex -21.8679 1.913 0
      vertex -21.8679 1.913 0.4
    endloop
  endfacet
  facet normal -1 0 0
    outer loop
      vertex -21.925 2.2 0
      vertex -21.925 6.55 0.4
      vertex -21.925 6.55 0
    endloop
  endfacet
  facet normal -1 -0 0
    outer loop
      vertex -21.925 6.55 0.4
      vertex -21.925 2.2 0
      vertex -21.925 2.2 0.4
    endloop
  endfacet
  facet normal -0.995192 -0.0979479 0
    outer loop
      vertex -21.9106 2.05369 0
      vertex -21.925 2.2 0.4
      vertex -21.925 2.2 0
    endloop
  endfacet
  facet normal -0.995192 -0.0979479 0
    outer loop
      vertex -21.925 2.2 0.4
      vertex -21.9106 2.05369 0
      vertex -21.9106 2.05369 0.4
    endloop
  endfacet
  facet normal 0 1 -0
    outer loop
      vertex -16.825 7.3 0
      vertex -21.175 7.3 0.4
      vertex -16.825 7.3 0.4
    endloop
  endfacet
  facet normal 0 1 0
    outer loop
      vertex -21.175 7.3 0.4
      vertex -16.825 7.3 0
      vertex -21.175 7.3 0
    endloop
  endfacet
  facet normal 0.995192 -0.0979479 0
    outer loop
      vertex -16.0894 2.05369 0.4
      vertex -16.075 2.2 0
      vertex -16.075 2.2 0.4
    endloop
  endfacet
  facet normal 0.995192 -0.0979479 0
    outer loop
      vertex -16.075 2.2 0
      vertex -16.0894 2.05369 0.4
      vertex -16.0894 2.05369 0
    endloop
  endfacet
  facet normal -0.995192 0.0979479 0
    outer loop
      vertex -21.925 6.55 0
      vertex -21.9106 6.69631 0.4
      vertex -21.9106 6.69631 0
    endloop
  endfacet
  facet normal -0.995192 0.0979479 0
    outer loop
      vertex -21.9106 6.69631 0.4
      vertex -21.925 6.55 0
      vertex -21.925 6.55 0.4
    endloop
  endfacet
  facet normal -0.63456 0.772874 0
    outer loop
      vertex -21.5917 7.1736 0
      vertex -21.7053 7.08033 0.4
      vertex -21.5917 7.1736 0.4
    endloop
  endfacet
  facet normal -0.63456 0.772874 0
    outer loop
      vertex -21.7053 7.08033 0.4
      vertex -21.5917 7.1736 0
      vertex -21.7053 7.08033 0
    endloop
  endfacet
  facet normal -0.772938 0.634481 0
    outer loop
      vertex -21.7986 6.96667 0
      vertex -21.7053 7.08033 0.4
      vertex -21.7053 7.08033 0
    endloop
  endfacet
  facet normal -0.772938 0.634481 0
    outer loop
      vertex -21.7053 7.08033 0.4
      vertex -21.7986 6.96667 0
      vertex -21.7986 6.96667 0.4
    endloop
  endfacet
  facet normal 0.0980219 -0.995184 0
    outer loop
      vertex -16.825 1.45 0
      vertex -16.6787 1.46441 0.4
      vertex -16.825 1.45 0.4
    endloop
  endfacet
  facet normal 0.0980219 -0.995184 0
    outer loop
      vertex -16.6787 1.46441 0.4
      vertex -16.825 1.45 0
      vertex -16.6787 1.46441 0
    endloop
  endfacet
  facet normal 0.772938 -0.634481 0
    outer loop
      vertex -16.2947 1.66967 0.4
      vertex -16.2014 1.78333 0
      vertex -16.2014 1.78333 0.4
    endloop
  endfacet
  facet normal 0.772938 -0.634481 0
    outer loop
      vertex -16.2014 1.78333 0
      vertex -16.2947 1.66967 0.4
      vertex -16.2947 1.66967 0
    endloop
  endfacet
  facet normal 0 0 1
    outer loop
      vertex -16.825 7.3 0.4
      vertex -16.075 6.55 0.4
      vertex -16.0894 6.69631 0.4
    endloop
  endfacet
  facet normal 0 0 1
    outer loop
      vertex -16.075 6.55 0.4
      vertex -16.825 7.3 0.4
      vertex -16.075 2.2 0.4
    endloop
  endfacet
  facet normal 0 0 1
    outer loop
      vertex -16.825 7.3 0.4
      vertex -16.0894 6.69631 0.4
      vertex -16.1321 6.837 0.4
    endloop
  endfacet
  facet normal 0 0 1
    outer loop
      vertex -16.825 1.45 0.4
      vertex -16.075 2.2 0.4
      vertex -16.825 7.3 0.4
    endloop
  endfacet
  facet normal 0 0 1
    outer loop
      vertex -16.825 7.3 0.4
      vertex -16.1321 6.837 0.4
      vertex -16.2014 6.96667 0.4
    endloop
  endfacet
  facet normal 0 0 1
    outer loop
      vertex -16.075 2.2 0.4
      vertex -16.825 1.45 0.4
      vertex -16.0894 2.05369 0.4
    endloop
  endfacet
  facet normal 0 0 1
    outer loop
      vertex -16.825 7.3 0.4
      vertex -16.2014 6.96667 0.4
      vertex -16.2947 7.08033 0.4
    endloop
  endfacet
  facet normal 0 0 1
    outer loop
      vertex -16.0894 2.05369 0.4
      vertex -16.825 1.45 0.4
      vertex -16.1321 1.913 0.4
    endloop
  endfacet
  facet normal 0 0 1
    outer loop
      vertex -16.825 7.3 0.4
      vertex -16.2947 7.08033 0.4
      vertex -16.4083 7.1736 0.4
    endloop
  endfacet
  facet normal 0 0 1
    outer loop
      vertex -16.1321 1.913 0.4
      vertex -16.825 1.45 0.4
      vertex -16.2014 1.78333 0.4
    endloop
  endfacet
  facet normal 0 0 1
    outer loop
      vertex -16.825 7.3 0.4
      vertex -16.4083 7.1736 0.4
      vertex -16.538 7.2429 0.4
    endloop
  endfacet
  facet normal 0 0 1
    outer loop
      vertex -16.2014 1.78333 0.4
      vertex -16.825 1.45 0.4
      vertex -16.2947 1.66967 0.4
    endloop
  endfacet
  facet normal 0 0 1
    outer loop
      vertex -16.825 7.3 0.4
      vertex -16.538 7.2429 0.4
      vertex -16.6787 7.28559 0.4
    endloop
  endfacet
  facet normal 0 0 1
    outer loop
      vertex -16.2947 1.66967 0.4
      vertex -16.825 1.45 0.4
      vertex -16.4083 1.5764 0.4
    endloop
  endfacet
  facet normal 0 0 1
    outer loop
      vertex -16.4083 1.5764 0.4
      vertex -16.825 1.45 0.4
      vertex -16.538 1.5071 0.4
    endloop
  endfacet
  facet normal 0 0 1
    outer loop
      vertex -16.538 1.5071 0.4
      vertex -16.825 1.45 0.4
      vertex -16.6787 1.46441 0.4
    endloop
  endfacet
  facet normal -0 0 1
    outer loop
      vertex -21.175 7.3 0.4
      vertex -16.825 1.45 0.4
      vertex -16.825 7.3 0.4
    endloop
  endfacet
  facet normal 0 0 1
    outer loop
      vertex -21.175 7.3 0.4
      vertex -21.175 1.45 0.4
      vertex -16.825 1.45 0.4
    endloop
  endfacet
  facet normal 0 0 1
    outer loop
      vertex -21.925 6.55 0.4
      vertex -21.175 7.3 0.4
      vertex -21.3213 7.28559 0.4
    endloop
  endfacet
  facet normal 0 0 1
    outer loop
      vertex -21.175 7.3 0.4
      vertex -21.925 6.55 0.4
      vertex -21.175 1.45 0.4
    endloop
  endfacet
  facet normal 0 0 1
    outer loop
      vertex -21.925 6.55 0.4
      vertex -21.3213 7.28559 0.4
      vertex -21.462 7.2429 0.4
    endloop
  endfacet
  facet normal -0 0 1
    outer loop
      vertex -21.925 2.2 0.4
      vertex -21.175 1.45 0.4
      vertex -21.925 6.55 0.4
    endloop
  endfacet
  facet normal 0 0 1
    outer loop
      vertex -21.925 6.55 0.4
      vertex -21.462 7.2429 0.4
      vertex -21.5917 7.1736 0.4
    endloop
  endfacet
  facet normal 0 0 1
    outer loop
      vertex -21.175 1.45 0.4
      vertex -21.925 2.2 0.4
      vertex -21.3213 1.46441 0.4
    endloop
  endfacet
  facet normal 0 0 1
    outer loop
      vertex -21.925 6.55 0.4
      vertex -21.5917 7.1736 0.4
      vertex -21.7053 7.08033 0.4
    endloop
  endfacet
  facet normal 0 0 1
    outer loop
      vertex -21.3213 1.46441 0.4
      vertex -21.925 2.2 0.4
      vertex -21.462 1.5071 0.4
    endloop
  endfacet
  facet normal 0 0 1
    outer loop
      vertex -21.925 6.55 0.4
      vertex -21.7053 7.08033 0.4
      vertex -21.7986 6.96667 0.4
    endloop
  endfacet
  facet normal 0 0 1
    outer loop
      vertex -21.462 1.5071 0.4
      vertex -21.925 2.2 0.4
      vertex -21.5917 1.5764 0.4
    endloop
  endfacet
  facet normal 0 0 1
    outer loop
      vertex -21.925 6.55 0.4
      vertex -21.7986 6.96667 0.4
      vertex -21.8679 6.837 0.4
    endloop
  endfacet
  facet normal 0 0 1
    outer loop
      vertex -21.5917 1.5764 0.4
      vertex -21.925 2.2 0.4
      vertex -21.7053 1.66967 0.4
    endloop
  endfacet
  facet normal 0 0 1
    outer loop
      vertex -21.925 6.55 0.4
      vertex -21.8679 6.837 0.4
      vertex -21.9106 6.69631 0.4
    endloop
  endfacet
  facet normal 0 0 1
    outer loop
      vertex -21.7053 1.66967 0.4
      vertex -21.925 2.2 0.4
      vertex -21.7986 1.78333 0.4
    endloop
  endfacet
  facet normal 0 0 1
    outer loop
      vertex -21.7986 1.78333 0.4
      vertex -21.925 2.2 0.4
      vertex -21.8679 1.913 0.4
    endloop
  endfacet
  facet normal 0 0 1
    outer loop
      vertex -21.8679 1.913 0.4
      vertex -21.925 2.2 0.4
      vertex -21.9106 2.05369 0.4
    endloop
  endfacet
  facet normal 0.88195 -0.471344 0
    outer loop
      vertex -16.2014 1.78333 0.4
      vertex -16.1321 1.913 0
      vertex -16.1321 1.913 0.4
    endloop
  endfacet
  facet normal 0.88195 -0.471344 0
    outer loop
      vertex -16.1321 1.913 0
      vertex -16.2014 1.78333 0.4
      vertex -16.2014 1.78333 0
    endloop
  endfacet
  facet normal 0.88195 0.471344 0
    outer loop
      vertex -16.1321 6.837 0.4
      vertex -16.2014 6.96667 0
      vertex -16.2014 6.96667 0.4
    endloop
  endfacet
  facet normal 0.88195 0.471344 0
    outer loop
      vertex -16.2014 6.96667 0
      vertex -16.1321 6.837 0.4
      vertex -16.1321 6.837 0
    endloop
  endfacet
  facet normal -0.63456 -0.772874 0
    outer loop
      vertex -21.7053 1.66967 0
      vertex -21.5917 1.5764 0.4
      vertex -21.7053 1.66967 0.4
    endloop
  endfacet
  facet normal -0.63456 -0.772874 -0
    outer loop
      vertex -21.5917 1.5764 0.4
      vertex -21.7053 1.66967 0
      vertex -21.5917 1.5764 0
    endloop
  endfacet
  facet normal 0.995192 0.0979479 0
    outer loop
      vertex -16.075 6.55 0.4
      vertex -16.0894 6.69631 0
      vertex -16.0894 6.69631 0.4
    endloop
  endfacet
  facet normal 0.995192 0.0979479 0
    outer loop
      vertex -16.0894 6.69631 0
      vertex -16.075 6.55 0.4
      vertex -16.075 6.55 0
    endloop
  endfacet
  facet normal 0 -1 0
    outer loop
      vertex -21.175 1.45 0
      vertex -16.825 1.45 0.4
      vertex -21.175 1.45 0.4
    endloop
  endfacet
  facet normal 0 -1 -0
    outer loop
      vertex -16.825 1.45 0.4
      vertex -21.175 1.45 0
      vertex -16.825 1.45 0
    endloop
  endfacet
  facet normal 0.63456 0.772874 -0
    outer loop
      vertex -16.2947 7.08033 0
      vertex -16.4083 7.1736 0.4
      vertex -16.2947 7.08033 0.4
    endloop
  endfacet
  facet normal 0.63456 0.772874 0
    outer loop
      vertex -16.4083 7.1736 0.4
      vertex -16.2947 7.08033 0
      vertex -16.4083 7.1736 0
    endloop
  endfacet
  facet normal 1 -0 0
    outer loop
      vertex -16.075 2.2 0.4
      vertex -16.075 6.55 0
      vertex -16.075 6.55 0.4
    endloop
  endfacet
  facet normal 1 0 0
    outer loop
      vertex -16.075 6.55 0
      vertex -16.075 2.2 0.4
      vertex -16.075 2.2 0
    endloop
  endfacet
  facet normal -0.290341 -0.956923 0
    outer loop
      vertex -21.462 1.5071 0
      vertex -21.3213 1.46441 0.4
      vertex -21.462 1.5071 0.4
    endloop
  endfacet
  facet normal -0.290341 -0.956923 -0
    outer loop
      vertex -21.3213 1.46441 0.4
      vertex -21.462 1.5071 0
      vertex -21.3213 1.46441 0
    endloop
  endfacet
  facet normal -0.88195 -0.471344 0
    outer loop
      vertex -21.7986 1.78333 0
      vertex -21.8679 1.913 0.4
      vertex -21.8679 1.913 0
    endloop
  endfacet
  facet normal -0.88195 -0.471344 0
    outer loop
      vertex -21.8679 1.913 0.4
      vertex -21.7986 1.78333 0
      vertex -21.7986 1.78333 0.4
    endloop
  endfacet
  facet normal 0.63456 -0.772874 0
    outer loop
      vertex -16.4083 1.5764 0
      vertex -16.2947 1.66967 0.4
      vertex -16.4083 1.5764 0.4
    endloop
  endfacet
  facet normal 0.63456 -0.772874 0
    outer loop
      vertex -16.2947 1.66967 0.4
      vertex -16.4083 1.5764 0
      vertex -16.2947 1.66967 0
    endloop
  endfacet
  facet normal -0.471259 -0.881995 0
    outer loop
      vertex -21.5917 1.5764 0
      vertex -21.462 1.5071 0.4
      vertex -21.5917 1.5764 0.4
    endloop
  endfacet
  facet normal -0.471259 -0.881995 -0
    outer loop
      vertex -21.462 1.5071 0.4
      vertex -21.5917 1.5764 0
      vertex -21.462 1.5071 0
    endloop
  endfacet
  facet normal 0.956898 0.290423 0
    outer loop
      vertex -16.0894 6.69631 0.4
      vertex -16.1321 6.837 0
      vertex -16.1321 6.837 0.4
    endloop
  endfacet
  facet normal 0.956898 0.290423 0
    outer loop
      vertex -16.1321 6.837 0
      vertex -16.0894 6.69631 0.4
      vertex -16.0894 6.69631 0
    endloop
  endfacet
  facet normal -0.290341 0.956923 0
    outer loop
      vertex -21.3213 7.28559 0
      vertex -21.462 7.2429 0.4
      vertex -21.3213 7.28559 0.4
    endloop
  endfacet
  facet normal -0.290341 0.956923 0
    outer loop
      vertex -21.462 7.2429 0.4
      vertex -21.3213 7.28559 0
      vertex -21.462 7.2429 0
    endloop
  endfacet
  facet normal -0.88195 0.471344 0
    outer loop
      vertex -21.8679 6.837 0
      vertex -21.7986 6.96667 0.4
      vertex -21.7986 6.96667 0
    endloop
  endfacet
  facet normal -0.88195 0.471344 0
    outer loop
      vertex -21.7986 6.96667 0.4
      vertex -21.8679 6.837 0
      vertex -21.8679 6.837 0.4
    endloop
  endfacet
  facet normal 0.772938 0.634481 0
    outer loop
      vertex -16.2014 6.96667 0.4
      vertex -16.2947 7.08033 0
      vertex -16.2947 7.08033 0.4
    endloop
  endfacet
  facet normal 0.772938 0.634481 0
    outer loop
      vertex -16.2947 7.08033 0
      vertex -16.2014 6.96667 0.4
      vertex -16.2014 6.96667 0
    endloop
  endfacet
  facet normal 0.290341 0.956923 -0
    outer loop
      vertex -16.538 7.2429 0
      vertex -16.6787 7.28559 0.4
      vertex -16.538 7.2429 0.4
    endloop
  endfacet
  facet normal 0.290341 0.956923 0
    outer loop
      vertex -16.6787 7.28559 0.4
      vertex -16.538 7.2429 0
      vertex -16.6787 7.28559 0
    endloop
  endfacet
  facet normal 0.0980219 0.995184 -0
    outer loop
      vertex -16.6787 7.28559 0
      vertex -16.825 7.3 0.4
      vertex -16.6787 7.28559 0.4
    endloop
  endfacet
  facet normal 0.0980219 0.995184 0
    outer loop
      vertex -16.825 7.3 0.4
      vertex -16.6787 7.28559 0
      vertex -16.825 7.3 0
    endloop
  endfacet
  facet normal 0.471259 0.881995 -0
    outer loop
      vertex -16.4083 7.1736 0
      vertex -16.538 7.2429 0.4
      vertex -16.4083 7.1736 0.4
    endloop
  endfacet
  facet normal 0.471259 0.881995 0
    outer loop
      vertex -16.538 7.2429 0.4
      vertex -16.4083 7.1736 0
      vertex -16.538 7.2429 0
    endloop
  endfacet
  facet normal -0.0980219 0.995184 0
    outer loop
      vertex -21.175 7.3 0
      vertex -21.3213 7.28559 0.4
      vertex -21.175 7.3 0.4
    endloop
  endfacet
  facet normal -0.0980219 0.995184 0
    outer loop
      vertex -21.3213 7.28559 0.4
      vertex -21.175 7.3 0
      vertex -21.3213 7.28559 0
    endloop
  endfacet
  facet normal -0.471259 0.881995 0
    outer loop
      vertex -21.462 7.2429 0
      vertex -21.5917 7.1736 0.4
      vertex -21.462 7.2429 0.4
    endloop
  endfacet
  facet normal -0.471259 0.881995 0
    outer loop
      vertex -21.5917 7.1736 0.4
      vertex -21.462 7.2429 0
      vertex -21.5917 7.1736 0
    endloop
  endfacet
  facet normal 0.290341 -0.956923 0
    outer loop
      vertex -16.6787 1.46441 0
      vertex -16.538 1.5071 0.4
      vertex -16.6787 1.46441 0.4
    endloop
  endfacet
  facet normal 0.290341 -0.956923 0
    outer loop
      vertex -16.538 1.5071 0.4
      vertex -16.6787 1.46441 0
      vertex -16.538 1.5071 0
    endloop
  endfacet
  facet normal -0.956898 0.290423 0
    outer loop
      vertex -21.9106 6.69631 0
      vertex -21.8679 6.837 0.4
      vertex -21.8679 6.837 0
    endloop
  endfacet
  facet normal -0.956898 0.290423 0
    outer loop
      vertex -21.8679 6.837 0.4
      vertex -21.9106 6.69631 0
      vertex -21.9106 6.69631 0.4
    endloop
  endfacet
  facet normal 0.471259 -0.881995 0
    outer loop
      vertex -16.538 1.5071 0
      vertex -16.4083 1.5764 0.4
      vertex -16.538 1.5071 0.4
    endloop
  endfacet
  facet normal 0.471259 -0.881995 0
    outer loop
      vertex -16.4083 1.5764 0.4
      vertex -16.538 1.5071 0
      vertex -16.4083 1.5764 0
    endloop
  endfacet
  facet normal 0 0 -1
    outer loop
      vertex -16.825 1.45 0
      vertex -16.075 2.2 0
      vertex -16.0894 2.05369 0
    endloop
  endfacet
  facet normal -0 0 -1
    outer loop
      vertex -16.075 2.2 0
      vertex -16.825 1.45 0
      vertex -16.075 6.55 0
    endloop
  endfacet
  facet normal 0 0 -1
    outer loop
      vertex -16.825 1.45 0
      vertex -16.0894 2.05369 0
      vertex -16.1321 1.913 0
    endloop
  endfacet
  facet normal 0 0 -1
    outer loop
      vertex -16.825 7.3 0
      vertex -16.075 6.55 0
      vertex -16.825 1.45 0
    endloop
  endfacet
  facet normal 0 0 -1
    outer loop
      vertex -16.825 1.45 0
      vertex -16.1321 1.913 0
      vertex -16.2014 1.78333 0
    endloop
  endfacet
  facet normal 0 0 -1
    outer loop
      vertex -16.075 6.55 0
      vertex -16.825 7.3 0
      vertex -16.0894 6.69631 0
    endloop
  endfacet
  facet normal 0 0 -1
    outer loop
      vertex -16.825 1.45 0
      vertex -16.2014 1.78333 0
      vertex -16.2947 1.66967 0
    endloop
  endfacet
  facet normal 0 0 -1
    outer loop
      vertex -16.0894 6.69631 0
      vertex -16.825 7.3 0
      vertex -16.1321 6.837 0
    endloop
  endfacet
  facet normal 0 0 -1
    outer loop
      vertex -16.825 1.45 0
      vertex -16.2947 1.66967 0
      vertex -16.4083 1.5764 0
    endloop
  endfacet
  facet normal 0 0 -1
    outer loop
      vertex -16.1321 6.837 0
      vertex -16.825 7.3 0
      vertex -16.2014 6.96667 0
    endloop
  endfacet
  facet normal 0 0 -1
    outer loop
      vertex -16.825 1.45 0
      vertex -16.4083 1.5764 0
      vertex -16.538 1.5071 0
    endloop
  endfacet
  facet normal 0 0 -1
    outer loop
      vertex -16.2014 6.96667 0
      vertex -16.825 7.3 0
      vertex -16.2947 7.08033 0
    endloop
  endfacet
  facet normal 0 0 -1
    outer loop
      vertex -16.825 1.45 0
      vertex -16.538 1.5071 0
      vertex -16.6787 1.46441 0
    endloop
  endfacet
  facet normal 0 0 -1
    outer loop
      vertex -16.2947 7.08033 0
      vertex -16.825 7.3 0
      vertex -16.4083 7.1736 0
    endloop
  endfacet
  facet normal 0 0 -1
    outer loop
      vertex -16.4083 7.1736 0
      vertex -16.825 7.3 0
      vertex -16.538 7.2429 0
    endloop
  endfacet
  facet normal 0 0 -1
    outer loop
      vertex -16.538 7.2429 0
      vertex -16.825 7.3 0
      vertex -16.6787 7.28559 0
    endloop
  endfacet
  facet normal 0 0 -1
    outer loop
      vertex -21.175 1.45 0
      vertex -16.825 7.3 0
      vertex -16.825 1.45 0
    endloop
  endfacet
  facet normal 0 0 -1
    outer loop
      vertex -21.175 1.45 0
      vertex -21.175 7.3 0
      vertex -16.825 7.3 0
    endloop
  endfacet
  facet normal 0 0 -1
    outer loop
      vertex -21.925 2.2 0
      vertex -21.175 1.45 0
      vertex -21.3213 1.46441 0
    endloop
  endfacet
  facet normal 0 0 -1
    outer loop
      vertex -21.175 1.45 0
      vertex -21.925 2.2 0
      vertex -21.175 7.3 0
    endloop
  endfacet
  facet normal 0 0 -1
    outer loop
      vertex -21.925 2.2 0
      vertex -21.3213 1.46441 0
      vertex -21.462 1.5071 0
    endloop
  endfacet
  facet normal 0 0 -1
    outer loop
      vertex -21.925 6.55 0
      vertex -21.175 7.3 0
      vertex -21.925 2.2 0
    endloop
  endfacet
  facet normal 0 0 -1
    outer loop
      vertex -21.925 2.2 0
      vertex -21.462 1.5071 0
      vertex -21.5917 1.5764 0
    endloop
  endfacet
  facet normal 0 0 -1
    outer loop
      vertex -21.175 7.3 0
      vertex -21.925 6.55 0
      vertex -21.3213 7.28559 0
    endloop
  endfacet
  facet normal 0 0 -1
    outer loop
      vertex -21.925 2.2 0
      vertex -21.5917 1.5764 0
      vertex -21.7053 1.66967 0
    endloop
  endfacet
  facet normal 0 0 -1
    outer loop
      vertex -21.3213 7.28559 0
      vertex -21.925 6.55 0
      vertex -21.462 7.2429 0
    endloop
  endfacet
  facet normal 0 0 -1
    outer loop
      vertex -21.925 2.2 0
      vertex -21.7053 1.66967 0
      vertex -21.7986 1.78333 0
    endloop
  endfacet
  facet normal 0 0 -1
    outer loop
      vertex -21.462 7.2429 0
      vertex -21.925 6.55 0
      vertex -21.5917 7.1736 0
    endloop
  endfacet
  facet normal 0 0 -1
    outer loop
      vertex -21.925 2.2 0
      vertex -21.7986 1.78333 0
      vertex -21.8679 1.913 0
    endloop
  endfacet
  facet normal 0 0 -1
    outer loop
      vertex -21.5917 7.1736 0
      vertex -21.925 6.55 0
      vertex -21.7053 7.08033 0
    endloop
  endfacet
  facet normal 0 0 -1
    outer loop
      vertex -21.925 2.2 0
      vertex -21.8679 1.913 0
      vertex -21.9106 2.05369 0
    endloop
  endfacet
  facet normal 0 0 -1
    outer loop
      vertex -21.7053 7.08033 0
      vertex -21.925 6.55 0
      vertex -21.7986 6.96667 0
    endloop
  endfacet
  facet normal 0 0 -1
    outer loop
      vertex -21.7986 6.96667 0
      vertex -21.925 6.55 0
      vertex -21.8679 6.837 0
    endloop
  endfacet
  facet normal 0 0 -1
    outer loop
      vertex -21.8679 6.837 0
      vertex -21.925 6.55 0
      vertex -21.9106 6.69631 0
    endloop
  endfacet
  facet normal -0.772938 -0.634481 0
    outer loop
      vertex -21.7053 1.66967 0
      vertex -21.7986 1.78333 0.4
      vertex -21.7986 1.78333 0
    endloop
  endfacet
  facet normal -0.772938 -0.634481 0
    outer loop
      vertex -21.7986 1.78333 0.4
      vertex -21.7053 1.66967 0
      vertex -21.7053 1.66967 0.4
    endloop
  endfacet
  facet normal 0.956898 -0.290423 0
    outer loop
      vertex -16.1321 1.913 0.4
      vertex -16.0894 2.05369 0
      vertex -16.0894 2.05369 0.4
    endloop
  endfacet
  facet normal 0.956898 -0.290423 0
    outer loop
      vertex -16.0894 2.05369 0
      vertex -16.1321 1.913 0.4
      vertex -16.1321 1.913 0
    endloop
  endfacet
  facet normal -0.0980219 -0.995184 0
    outer loop
      vertex -21.3213 1.46441 0
      vertex -21.175 1.45 0.4
      vertex -21.3213 1.46441 0.4
    endloop
  endfacet
  facet normal -0.0980219 -0.995184 -0
    outer loop
      vertex -21.175 1.45 0.4
      vertex -21.3213 1.46441 0
      vertex -21.175 1.45 0
    endloop
  endfacet
  facet normal -0.956898 -0.290423 0
    outer loop
      vertex -21.8679 8.288 0
      vertex -21.9106 8.42869 0.4
      vertex -21.9106 8.42869 0
    endloop
  endfacet
  facet normal -0.956898 -0.290423 0
    outer loop
      vertex -21.9106 8.42869 0.4
      vertex -21.8679 8.288 0
      vertex -21.8679 8.288 0.4
    endloop
  endfacet
  facet normal -0.995192 -0.0979479 0
    outer loop
      vertex -21.9106 8.42869 0
      vertex -21.925 8.575 0.4
      vertex -21.925 8.575 0
    endloop
  endfacet
  facet normal -0.995192 -0.0979479 0
    outer loop
      vertex -21.925 8.575 0.4
      vertex -21.9106 8.42869 0
      vertex -21.9106 8.42869 0.4
    endloop
  endfacet
  facet normal 0.290404 0.956904 -0
    outer loop
      vertex -16.538 13.6179 0
      vertex -16.6787 13.6606 0.4
      vertex -16.538 13.6179 0.4
    endloop
  endfacet
  facet normal 0.290404 0.956904 0
    outer loop
      vertex -16.6787 13.6606 0.4
      vertex -16.538 13.6179 0
      vertex -16.6787 13.6606 0
    endloop
  endfacet
  facet normal -0.471259 0.881995 0
    outer loop
      vertex -21.462 13.6179 0
      vertex -21.5917 13.5486 0.4
      vertex -21.462 13.6179 0.4
    endloop
  endfacet
  facet normal -0.471259 0.881995 0
    outer loop
      vertex -21.5917 13.5486 0.4
      vertex -21.462 13.6179 0
      vertex -21.5917 13.5486 0
    endloop
  endfacet
  facet normal 1 -0 0
    outer loop
      vertex -16.075 8.575 0.4
      vertex -16.075 12.925 0
      vertex -16.075 12.925 0.4
    endloop
  endfacet
  facet normal 1 0 0
    outer loop
      vertex -16.075 12.925 0
      vertex -16.075 8.575 0.4
      vertex -16.075 8.575 0
    endloop
  endfacet
  facet normal 0 1 -0
    outer loop
      vertex -16.825 13.675 0
      vertex -21.175 13.675 0.4
      vertex -16.825 13.675 0.4
    endloop
  endfacet
  facet normal 0 1 0
    outer loop
      vertex -21.175 13.675 0.4
      vertex -16.825 13.675 0
      vertex -21.175 13.675 0
    endloop
  endfacet
  facet normal -0.63456 -0.772874 0
    outer loop
      vertex -21.7053 8.04467 0
      vertex -21.5917 7.9514 0.4
      vertex -21.7053 8.04467 0.4
    endloop
  endfacet
  facet normal -0.63456 -0.772874 -0
    outer loop
      vertex -21.5917 7.9514 0.4
      vertex -21.7053 8.04467 0
      vertex -21.5917 7.9514 0
    endloop
  endfacet
  facet normal -0.0980219 -0.995184 0
    outer loop
      vertex -21.3213 7.83941 0
      vertex -21.175 7.825 0.4
      vertex -21.3213 7.83941 0.4
    endloop
  endfacet
  facet normal -0.0980219 -0.995184 -0
    outer loop
      vertex -21.175 7.825 0.4
      vertex -21.3213 7.83941 0
      vertex -21.175 7.825 0
    endloop
  endfacet
  facet normal -0.634681 0.772774 0
    outer loop
      vertex -21.5917 13.5486 0
      vertex -21.7053 13.4553 0.4
      vertex -21.5917 13.5486 0.4
    endloop
  endfacet
  facet normal -0.634681 0.772774 0
    outer loop
      vertex -21.7053 13.4553 0.4
      vertex -21.5917 13.5486 0
      vertex -21.7053 13.4553 0
    endloop
  endfacet
  facet normal -1 0 0
    outer loop
      vertex -21.925 8.575 0
      vertex -21.925 12.925 0.4
      vertex -21.925 12.925 0
    endloop
  endfacet
  facet normal -1 -0 0
    outer loop
      vertex -21.925 12.925 0.4
      vertex -21.925 8.575 0
      vertex -21.925 8.575 0.4
    endloop
  endfacet
  facet normal 0 -1 0
    outer loop
      vertex -21.175 7.825 0
      vertex -16.825 7.825 0.4
      vertex -21.175 7.825 0.4
    endloop
  endfacet
  facet normal 0 -1 -0
    outer loop
      vertex -16.825 7.825 0.4
      vertex -21.175 7.825 0
      vertex -16.825 7.825 0
    endloop
  endfacet
  facet normal 0.772774 0.634681 0
    outer loop
      vertex -16.2014 13.3417 0.4
      vertex -16.2947 13.4553 0
      vertex -16.2947 13.4553 0.4
    endloop
  endfacet
  facet normal 0.772774 0.634681 0
    outer loop
      vertex -16.2947 13.4553 0
      vertex -16.2014 13.3417 0.4
      vertex -16.2014 13.3417 0
    endloop
  endfacet
  facet normal -0.290341 -0.956923 0
    outer loop
      vertex -21.462 7.8821 0
      vertex -21.3213 7.83941 0.4
      vertex -21.462 7.8821 0.4
    endloop
  endfacet
  facet normal -0.290341 -0.956923 -0
    outer loop
      vertex -21.3213 7.83941 0.4
      vertex -21.462 7.8821 0
      vertex -21.3213 7.83941 0
    endloop
  endfacet
  facet normal -0.772774 0.634681 0
    outer loop
      vertex -21.7986 13.3417 0
      vertex -21.7053 13.4553 0.4
      vertex -21.7053 13.4553 0
    endloop
  endfacet
  facet normal -0.772774 0.634681 0
    outer loop
      vertex -21.7053 13.4553 0.4
      vertex -21.7986 13.3417 0
      vertex -21.7986 13.3417 0.4
    endloop
  endfacet
  facet normal 0.956898 -0.290423 0
    outer loop
      vertex -16.1321 8.288 0.4
      vertex -16.0894 8.42869 0
      vertex -16.0894 8.42869 0.4
    endloop
  endfacet
  facet normal 0.956898 -0.290423 0
    outer loop
      vertex -16.0894 8.42869 0
      vertex -16.1321 8.288 0.4
      vertex -16.1321 8.288 0
    endloop
  endfacet
  facet normal 0.881995 0.471259 0
    outer loop
      vertex -16.1321 13.212 0.4
      vertex -16.2014 13.3417 0
      vertex -16.2014 13.3417 0.4
    endloop
  endfacet
  facet normal 0.881995 0.471259 0
    outer loop
      vertex -16.2014 13.3417 0
      vertex -16.1321 13.212 0.4
      vertex -16.1321 13.212 0
    endloop
  endfacet
  facet normal 0.0980219 -0.995184 0
    outer loop
      vertex -16.825 7.825 0
      vertex -16.6787 7.83941 0.4
      vertex -16.825 7.825 0.4
    endloop
  endfacet
  facet normal 0.0980219 -0.995184 0
    outer loop
      vertex -16.6787 7.83941 0.4
      vertex -16.825 7.825 0
      vertex -16.6787 7.83941 0
    endloop
  endfacet
  facet normal -0.881995 0.471259 0
    outer loop
      vertex -21.8679 13.212 0
      vertex -21.7986 13.3417 0.4
      vertex -21.7986 13.3417 0
    endloop
  endfacet
  facet normal -0.881995 0.471259 0
    outer loop
      vertex -21.7986 13.3417 0.4
      vertex -21.8679 13.212 0
      vertex -21.8679 13.212 0.4
    endloop
  endfacet
  facet normal -0.290404 0.956904 0
    outer loop
      vertex -21.3213 13.6606 0
      vertex -21.462 13.6179 0.4
      vertex -21.3213 13.6606 0.4
    endloop
  endfacet
  facet normal -0.290404 0.956904 0
    outer loop
      vertex -21.462 13.6179 0.4
      vertex -21.3213 13.6606 0
      vertex -21.462 13.6179 0
    endloop
  endfacet
  facet normal 0.772938 -0.634481 0
    outer loop
      vertex -16.2947 8.04467 0.4
      vertex -16.2014 8.15833 0
      vertex -16.2014 8.15833 0.4
    endloop
  endfacet
  facet normal 0.772938 -0.634481 0
    outer loop
      vertex -16.2014 8.15833 0
      vertex -16.2947 8.04467 0.4
      vertex -16.2947 8.04467 0
    endloop
  endfacet
  facet normal 0.471259 0.881995 -0
    outer loop
      vertex -16.4083 13.5486 0
      vertex -16.538 13.6179 0.4
      vertex -16.4083 13.5486 0.4
    endloop
  endfacet
  facet normal 0.471259 0.881995 0
    outer loop
      vertex -16.538 13.6179 0.4
      vertex -16.4083 13.5486 0
      vertex -16.538 13.6179 0
    endloop
  endfacet
  facet normal 0.995191 0.0979545 0
    outer loop
      vertex -16.075 12.925 0.4
      vertex -16.0894 13.0713 0
      vertex -16.0894 13.0713 0.4
    endloop
  endfacet
  facet normal 0.995191 0.0979545 0
    outer loop
      vertex -16.0894 13.0713 0
      vertex -16.075 12.925 0.4
      vertex -16.075 12.925 0
    endloop
  endfacet
  facet normal 0.956904 0.290404 0
    outer loop
      vertex -16.0894 13.0713 0.4
      vertex -16.1321 13.212 0
      vertex -16.1321 13.212 0.4
    endloop
  endfacet
  facet normal 0.956904 0.290404 0
    outer loop
      vertex -16.1321 13.212 0
      vertex -16.0894 13.0713 0.4
      vertex -16.0894 13.0713 0
    endloop
  endfacet
  facet normal 0.88195 -0.471344 0
    outer loop
      vertex -16.2014 8.15833 0.4
      vertex -16.1321 8.288 0
      vertex -16.1321 8.288 0.4
    endloop
  endfacet
  facet normal 0.88195 -0.471344 0
    outer loop
      vertex -16.1321 8.288 0
      vertex -16.2014 8.15833 0.4
      vertex -16.2014 8.15833 0
    endloop
  endfacet
  facet normal -0.956904 0.290404 0
    outer loop
      vertex -21.9106 13.0713 0
      vertex -21.8679 13.212 0.4
      vertex -21.8679 13.212 0
    endloop
  endfacet
  facet normal -0.956904 0.290404 0
    outer loop
      vertex -21.8679 13.212 0.4
      vertex -21.9106 13.0713 0
      vertex -21.9106 13.0713 0.4
    endloop
  endfacet
  facet normal -0.995191 0.0979545 0
    outer loop
      vertex -21.925 12.925 0
      vertex -21.9106 13.0713 0.4
      vertex -21.9106 13.0713 0
    endloop
  endfacet
  facet normal -0.995191 0.0979545 0
    outer loop
      vertex -21.9106 13.0713 0.4
      vertex -21.925 12.925 0
      vertex -21.925 12.925 0.4
    endloop
  endfacet
  facet normal 0.290341 -0.956923 0
    outer loop
      vertex -16.6787 7.83941 0
      vertex -16.538 7.8821 0.4
      vertex -16.6787 7.83941 0.4
    endloop
  endfacet
  facet normal 0.290341 -0.956923 0
    outer loop
      vertex -16.538 7.8821 0.4
      vertex -16.6787 7.83941 0
      vertex -16.538 7.8821 0
    endloop
  endfacet
  facet normal 0.471259 -0.881995 0
    outer loop
      vertex -16.538 7.8821 0
      vertex -16.4083 7.9514 0.4
      vertex -16.538 7.8821 0.4
    endloop
  endfacet
  facet normal 0.471259 -0.881995 0
    outer loop
      vertex -16.4083 7.9514 0.4
      vertex -16.538 7.8821 0
      vertex -16.4083 7.9514 0
    endloop
  endfacet
  facet normal 0.0979545 0.995191 -0
    outer loop
      vertex -16.6787 13.6606 0
      vertex -16.825 13.675 0.4
      vertex -16.6787 13.6606 0.4
    endloop
  endfacet
  facet normal 0.0979545 0.995191 0
    outer loop
      vertex -16.825 13.675 0.4
      vertex -16.6787 13.6606 0
      vertex -16.825 13.675 0
    endloop
  endfacet
  facet normal -0.88195 -0.471344 0
    outer loop
      vertex -21.7986 8.15833 0
      vertex -21.8679 8.288 0.4
      vertex -21.8679 8.288 0
    endloop
  endfacet
  facet normal -0.88195 -0.471344 0
    outer loop
      vertex -21.8679 8.288 0.4
      vertex -21.7986 8.15833 0
      vertex -21.7986 8.15833 0.4
    endloop
  endfacet
  facet normal 0.634681 0.772774 -0
    outer loop
      vertex -16.2947 13.4553 0
      vertex -16.4083 13.5486 0.4
      vertex -16.2947 13.4553 0.4
    endloop
  endfacet
  facet normal 0.634681 0.772774 0
    outer loop
      vertex -16.4083 13.5486 0.4
      vertex -16.2947 13.4553 0
      vertex -16.4083 13.5486 0
    endloop
  endfacet
  facet normal -0.0979545 0.995191 0
    outer loop
      vertex -21.175 13.675 0
      vertex -21.3213 13.6606 0.4
      vertex -21.175 13.675 0.4
    endloop
  endfacet
  facet normal -0.0979545 0.995191 0
    outer loop
      vertex -21.3213 13.6606 0.4
      vertex -21.175 13.675 0
      vertex -21.3213 13.6606 0
    endloop
  endfacet
  facet normal -0.471259 -0.881995 0
    outer loop
      vertex -21.5917 7.9514 0
      vertex -21.462 7.8821 0.4
      vertex -21.5917 7.9514 0.4
    endloop
  endfacet
  facet normal -0.471259 -0.881995 -0
    outer loop
      vertex -21.462 7.8821 0.4
      vertex -21.5917 7.9514 0
      vertex -21.462 7.8821 0
    endloop
  endfacet
  facet normal -0.772938 -0.634481 0
    outer loop
      vertex -21.7053 8.04467 0
      vertex -21.7986 8.15833 0.4
      vertex -21.7986 8.15833 0
    endloop
  endfacet
  facet normal -0.772938 -0.634481 0
    outer loop
      vertex -21.7986 8.15833 0.4
      vertex -21.7053 8.04467 0
      vertex -21.7053 8.04467 0.4
    endloop
  endfacet
  facet normal 0.63456 -0.772874 0
    outer loop
      vertex -16.4083 7.9514 0
      vertex -16.2947 8.04467 0.4
      vertex -16.4083 7.9514 0.4
    endloop
  endfacet
  facet normal 0.63456 -0.772874 0
    outer loop
      vertex -16.2947 8.04467 0.4
      vertex -16.4083 7.9514 0
      vertex -16.2947 8.04467 0
    endloop
  endfacet
  facet normal 0.995192 -0.0979479 0
    outer loop
      vertex -16.0894 8.42869 0.4
      vertex -16.075 8.575 0
      vertex -16.075 8.575 0.4
    endloop
  endfacet
  facet normal 0.995192 -0.0979479 0
    outer loop
      vertex -16.075 8.575 0
      vertex -16.0894 8.42869 0.4
      vertex -16.0894 8.42869 0
    endloop
  endfacet
  facet normal 0 0 1
    outer loop
      vertex -16.825 13.675 0.4
      vertex -16.075 12.925 0.4
      vertex -16.0894 13.0713 0.4
    endloop
  endfacet
  facet normal 0 0 1
    outer loop
      vertex -16.075 12.925 0.4
      vertex -16.825 13.675 0.4
      vertex -16.075 8.575 0.4
    endloop
  endfacet
  facet normal 0 0 1
    outer loop
      vertex -16.825 13.675 0.4
      vertex -16.0894 13.0713 0.4
      vertex -16.1321 13.212 0.4
    endloop
  endfacet
  facet normal 0 0 1
    outer loop
      vertex -16.825 7.825 0.4
      vertex -16.075 8.575 0.4
      vertex -16.825 13.675 0.4
    endloop
  endfacet
  facet normal 0 0 1
    outer loop
      vertex -16.825 13.675 0.4
      vertex -16.1321 13.212 0.4
      vertex -16.2014 13.3417 0.4
    endloop
  endfacet
  facet normal 0 0 1
    outer loop
      vertex -16.075 8.575 0.4
      vertex -16.825 7.825 0.4
      vertex -16.0894 8.42869 0.4
    endloop
  endfacet
  facet normal 0 0 1
    outer loop
      vertex -16.825 13.675 0.4
      vertex -16.2014 13.3417 0.4
      vertex -16.2947 13.4553 0.4
    endloop
  endfacet
  facet normal 0 0 1
    outer loop
      vertex -16.0894 8.42869 0.4
      vertex -16.825 7.825 0.4
      vertex -16.1321 8.288 0.4
    endloop
  endfacet
  facet normal 0 0 1
    outer loop
      vertex -16.825 13.675 0.4
      vertex -16.2947 13.4553 0.4
      vertex -16.4083 13.5486 0.4
    endloop
  endfacet
  facet normal 0 0 1
    outer loop
      vertex -16.1321 8.288 0.4
      vertex -16.825 7.825 0.4
      vertex -16.2014 8.15833 0.4
    endloop
  endfacet
  facet normal 0 0 1
    outer loop
      vertex -16.825 13.675 0.4
      vertex -16.4083 13.5486 0.4
      vertex -16.538 13.6179 0.4
    endloop
  endfacet
  facet normal 0 0 1
    outer loop
      vertex -16.2014 8.15833 0.4
      vertex -16.825 7.825 0.4
      vertex -16.2947 8.04467 0.4
    endloop
  endfacet
  facet normal 0 0 1
    outer loop
      vertex -16.825 13.675 0.4
      vertex -16.538 13.6179 0.4
      vertex -16.6787 13.6606 0.4
    endloop
  endfacet
  facet normal 0 0 1
    outer loop
      vertex -16.2947 8.04467 0.4
      vertex -16.825 7.825 0.4
      vertex -16.4083 7.9514 0.4
    endloop
  endfacet
  facet normal 0 0 1
    outer loop
      vertex -16.4083 7.9514 0.4
      vertex -16.825 7.825 0.4
      vertex -16.538 7.8821 0.4
    endloop
  endfacet
  facet normal 0 0 1
    outer loop
      vertex -16.538 7.8821 0.4
      vertex -16.825 7.825 0.4
      vertex -16.6787 7.83941 0.4
    endloop
  endfacet
  facet normal -0 0 1
    outer loop
      vertex -21.175 13.675 0.4
      vertex -16.825 7.825 0.4
      vertex -16.825 13.675 0.4
    endloop
  endfacet
  facet normal 0 0 1
    outer loop
      vertex -21.175 13.675 0.4
      vertex -21.175 7.825 0.4
      vertex -16.825 7.825 0.4
    endloop
  endfacet
  facet normal 0 0 1
    outer loop
      vertex -21.925 12.925 0.4
      vertex -21.175 13.675 0.4
      vertex -21.3213 13.6606 0.4
    endloop
  endfacet
  facet normal 0 0 1
    outer loop
      vertex -21.175 13.675 0.4
      vertex -21.925 12.925 0.4
      vertex -21.175 7.825 0.4
    endloop
  endfacet
  facet normal 0 0 1
    outer loop
      vertex -21.925 12.925 0.4
      vertex -21.3213 13.6606 0.4
      vertex -21.462 13.6179 0.4
    endloop
  endfacet
  facet normal -0 0 1
    outer loop
      vertex -21.925 8.575 0.4
      vertex -21.175 7.825 0.4
      vertex -21.925 12.925 0.4
    endloop
  endfacet
  facet normal 0 0 1
    outer loop
      vertex -21.925 12.925 0.4
      vertex -21.462 13.6179 0.4
      vertex -21.5917 13.5486 0.4
    endloop
  endfacet
  facet normal 0 0 1
    outer loop
      vertex -21.175 7.825 0.4
      vertex -21.925 8.575 0.4
      vertex -21.3213 7.83941 0.4
    endloop
  endfacet
  facet normal 0 0 1
    outer loop
      vertex -21.925 12.925 0.4
      vertex -21.5917 13.5486 0.4
      vertex -21.7053 13.4553 0.4
    endloop
  endfacet
  facet normal 0 0 1
    outer loop
      vertex -21.3213 7.83941 0.4
      vertex -21.925 8.575 0.4
      vertex -21.462 7.8821 0.4
    endloop
  endfacet
  facet normal 0 0 1
    outer loop
      vertex -21.925 12.925 0.4
      vertex -21.7053 13.4553 0.4
      vertex -21.7986 13.3417 0.4
    endloop
  endfacet
  facet normal 0 0 1
    outer loop
      vertex -21.462 7.8821 0.4
      vertex -21.925 8.575 0.4
      vertex -21.5917 7.9514 0.4
    endloop
  endfacet
  facet normal 0 0 1
    outer loop
      vertex -21.925 12.925 0.4
      vertex -21.7986 13.3417 0.4
      vertex -21.8679 13.212 0.4
    endloop
  endfacet
  facet normal 0 0 1
    outer loop
      vertex -21.5917 7.9514 0.4
      vertex -21.925 8.575 0.4
      vertex -21.7053 8.04467 0.4
    endloop
  endfacet
  facet normal 0 0 1
    outer loop
      vertex -21.925 12.925 0.4
      vertex -21.8679 13.212 0.4
      vertex -21.9106 13.0713 0.4
    endloop
  endfacet
  facet normal 0 0 1
    outer loop
      vertex -21.7053 8.04467 0.4
      vertex -21.925 8.575 0.4
      vertex -21.7986 8.15833 0.4
    endloop
  endfacet
  facet normal 0 0 1
    outer loop
      vertex -21.7986 8.15833 0.4
      vertex -21.925 8.575 0.4
      vertex -21.8679 8.288 0.4
    endloop
  endfacet
  facet normal 0 0 1
    outer loop
      vertex -21.8679 8.288 0.4
      vertex -21.925 8.575 0.4
      vertex -21.9106 8.42869 0.4
    endloop
  endfacet
  facet normal 0 0 -1
    outer loop
      vertex -16.825 7.825 0
      vertex -16.075 8.575 0
      vertex -16.0894 8.42869 0
    endloop
  endfacet
  facet normal -0 0 -1
    outer loop
      vertex -16.075 8.575 0
      vertex -16.825 7.825 0
      vertex -16.075 12.925 0
    endloop
  endfacet
  facet normal 0 0 -1
    outer loop
      vertex -16.825 7.825 0
      vertex -16.0894 8.42869 0
      vertex -16.1321 8.288 0
    endloop
  endfacet
  facet normal 0 0 -1
    outer loop
      vertex -16.825 13.675 0
      vertex -16.075 12.925 0
      vertex -16.825 7.825 0
    endloop
  endfacet
  facet normal 0 0 -1
    outer loop
      vertex -16.825 7.825 0
      vertex -16.1321 8.288 0
      vertex -16.2014 8.15833 0
    endloop
  endfacet
  facet normal 0 0 -1
    outer loop
      vertex -16.075 12.925 0
      vertex -16.825 13.675 0
      vertex -16.0894 13.0713 0
    endloop
  endfacet
  facet normal 0 0 -1
    outer loop
      vertex -16.825 7.825 0
      vertex -16.2014 8.15833 0
      vertex -16.2947 8.04467 0
    endloop
  endfacet
  facet normal 0 0 -1
    outer loop
      vertex -16.0894 13.0713 0
      vertex -16.825 13.675 0
      vertex -16.1321 13.212 0
    endloop
  endfacet
  facet normal 0 0 -1
    outer loop
      vertex -16.825 7.825 0
      vertex -16.2947 8.04467 0
      vertex -16.4083 7.9514 0
    endloop
  endfacet
  facet normal 0 0 -1
    outer loop
      vertex -16.1321 13.212 0
      vertex -16.825 13.675 0
      vertex -16.2014 13.3417 0
    endloop
  endfacet
  facet normal 0 0 -1
    outer loop
      vertex -16.825 7.825 0
      vertex -16.4083 7.9514 0
      vertex -16.538 7.8821 0
    endloop
  endfacet
  facet normal 0 0 -1
    outer loop
      vertex -16.2014 13.3417 0
      vertex -16.825 13.675 0
      vertex -16.2947 13.4553 0
    endloop
  endfacet
  facet normal 0 0 -1
    outer loop
      vertex -16.825 7.825 0
      vertex -16.538 7.8821 0
      vertex -16.6787 7.83941 0
    endloop
  endfacet
  facet normal 0 0 -1
    outer loop
      vertex -16.2947 13.4553 0
      vertex -16.825 13.675 0
      vertex -16.4083 13.5486 0
    endloop
  endfacet
  facet normal 0 0 -1
    outer loop
      vertex -16.4083 13.5486 0
      vertex -16.825 13.675 0
      vertex -16.538 13.6179 0
    endloop
  endfacet
  facet normal 0 0 -1
    outer loop
      vertex -16.538 13.6179 0
      vertex -16.825 13.675 0
      vertex -16.6787 13.6606 0
    endloop
  endfacet
  facet normal 0 0 -1
    outer loop
      vertex -21.175 7.825 0
      vertex -16.825 13.675 0
      vertex -16.825 7.825 0
    endloop
  endfacet
  facet normal 0 0 -1
    outer loop
      vertex -21.175 7.825 0
      vertex -21.175 13.675 0
      vertex -16.825 13.675 0
    endloop
  endfacet
  facet normal 0 0 -1
    outer loop
      vertex -21.925 8.575 0
      vertex -21.175 7.825 0
      vertex -21.3213 7.83941 0
    endloop
  endfacet
  facet normal 0 0 -1
    outer loop
      vertex -21.175 7.825 0
      vertex -21.925 8.575 0
      vertex -21.175 13.675 0
    endloop
  endfacet
  facet normal 0 0 -1
    outer loop
      vertex -21.925 8.575 0
      vertex -21.3213 7.83941 0
      vertex -21.462 7.8821 0
    endloop
  endfacet
  facet normal 0 0 -1
    outer loop
      vertex -21.925 12.925 0
      vertex -21.175 13.675 0
      vertex -21.925 8.575 0
    endloop
  endfacet
  facet normal 0 0 -1
    outer loop
      vertex -21.925 8.575 0
      vertex -21.462 7.8821 0
      vertex -21.5917 7.9514 0
    endloop
  endfacet
  facet normal 0 0 -1
    outer loop
      vertex -21.175 13.675 0
      vertex -21.925 12.925 0
      vertex -21.3213 13.6606 0
    endloop
  endfacet
  facet normal 0 0 -1
    outer loop
      vertex -21.925 8.575 0
      vertex -21.5917 7.9514 0
      vertex -21.7053 8.04467 0
    endloop
  endfacet
  facet normal 0 0 -1
    outer loop
      vertex -21.3213 13.6606 0
      vertex -21.925 12.925 0
      vertex -21.462 13.6179 0
    endloop
  endfacet
  facet normal 0 0 -1
    outer loop
      vertex -21.925 8.575 0
      vertex -21.7053 8.04467 0
      vertex -21.7986 8.15833 0
    endloop
  endfacet
  facet normal 0 0 -1
    outer loop
      vertex -21.462 13.6179 0
      vertex -21.925 12.925 0
      vertex -21.5917 13.5486 0
    endloop
  endfacet
  facet normal 0 0 -1
    outer loop
      vertex -21.925 8.575 0
      vertex -21.7986 8.15833 0
      vertex -21.8679 8.288 0
    endloop
  endfacet
  facet normal 0 0 -1
    outer loop
      vertex -21.5917 13.5486 0
      vertex -21.925 12.925 0
      vertex -21.7053 13.4553 0
    endloop
  endfacet
  facet normal 0 0 -1
    outer loop
      vertex -21.925 8.575 0
      vertex -21.8679 8.288 0
      vertex -21.9106 8.42869 0
    endloop
  endfacet
  facet normal 0 0 -1
    outer loop
      vertex -21.7053 13.4553 0
      vertex -21.925 12.925 0
      vertex -21.7986 13.3417 0
    endloop
  endfacet
  facet normal 0 0 -1
    outer loop
      vertex -21.7986 13.3417 0
      vertex -21.925 12.925 0
      vertex -21.8679 13.212 0
    endloop
  endfacet
  facet normal 0 0 -1
    outer loop
      vertex -21.8679 13.212 0
      vertex -21.925 12.925 0
      vertex -21.9106 13.0713 0
    endloop
  endfacet
  facet normal -0.956904 -0.290404 0
    outer loop
      vertex -21.8679 14.663 0
      vertex -21.9106 14.8037 0.4
      vertex -21.9106 14.8037 0
    endloop
  endfacet
  facet normal -0.956904 -0.290404 0
    outer loop
      vertex -21.9106 14.8037 0.4
      vertex -21.8679 14.663 0
      vertex -21.8679 14.663 0.4
    endloop
  endfacet
  facet normal -0.995191 -0.0979545 0
    outer loop
      vertex -21.9106 14.8037 0
      vertex -21.925 14.95 0.4
      vertex -21.925 14.95 0
    endloop
  endfacet
  facet normal -0.995191 -0.0979545 0
    outer loop
      vertex -21.925 14.95 0.4
      vertex -21.9106 14.8037 0
      vertex -21.9106 14.8037 0.4
    endloop
  endfacet
  facet normal 0.290404 0.956904 -0
    outer loop
      vertex -16.538 19.9929 0
      vertex -16.6787 20.0356 0.4
      vertex -16.538 19.9929 0.4
    endloop
  endfacet
  facet normal 0.290404 0.956904 0
    outer loop
      vertex -16.6787 20.0356 0.4
      vertex -16.538 19.9929 0
      vertex -16.6787 20.0356 0
    endloop
  endfacet
  facet normal -0.471259 0.881995 0
    outer loop
      vertex -21.462 19.9929 0
      vertex -21.5917 19.9236 0.4
      vertex -21.462 19.9929 0.4
    endloop
  endfacet
  facet normal -0.471259 0.881995 0
    outer loop
      vertex -21.5917 19.9236 0.4
      vertex -21.462 19.9929 0
      vertex -21.5917 19.9236 0
    endloop
  endfacet
  facet normal 1 -0 0
    outer loop
      vertex -16.075 14.95 0.4
      vertex -16.075 19.3 0
      vertex -16.075 19.3 0.4
    endloop
  endfacet
  facet normal 1 0 0
    outer loop
      vertex -16.075 19.3 0
      vertex -16.075 14.95 0.4
      vertex -16.075 14.95 0
    endloop
  endfacet
  facet normal 0 1 -0
    outer loop
      vertex -16.825 20.05 0
      vertex -21.175 20.05 0.4
      vertex -16.825 20.05 0.4
    endloop
  endfacet
  facet normal 0 1 0
    outer loop
      vertex -21.175 20.05 0.4
      vertex -16.825 20.05 0
      vertex -21.175 20.05 0
    endloop
  endfacet
  facet normal -0.634681 -0.772774 0
    outer loop
      vertex -21.7053 14.4197 0
      vertex -21.5917 14.3264 0.4
      vertex -21.7053 14.4197 0.4
    endloop
  endfacet
  facet normal -0.634681 -0.772774 -0
    outer loop
      vertex -21.5917 14.3264 0.4
      vertex -21.7053 14.4197 0
      vertex -21.5917 14.3264 0
    endloop
  endfacet
  facet normal -0.0979545 -0.995191 0
    outer loop
      vertex -21.3213 14.2144 0
      vertex -21.175 14.2 0.4
      vertex -21.3213 14.2144 0.4
    endloop
  endfacet
  facet normal -0.0979545 -0.995191 -0
    outer loop
      vertex -21.175 14.2 0.4
      vertex -21.3213 14.2144 0
      vertex -21.175 14.2 0
    endloop
  endfacet
  facet normal -0.634681 0.772774 0
    outer loop
      vertex -21.5917 19.9236 0
      vertex -21.7053 19.8303 0.4
      vertex -21.5917 19.9236 0.4
    endloop
  endfacet
  facet normal -0.634681 0.772774 0
    outer loop
      vertex -21.7053 19.8303 0.4
      vertex -21.5917 19.9236 0
      vertex -21.7053 19.8303 0
    endloop
  endfacet
  facet normal -1 0 0
    outer loop
      vertex -21.925 14.95 0
      vertex -21.925 19.3 0.4
      vertex -21.925 19.3 0
    endloop
  endfacet
  facet normal -1 -0 0
    outer loop
      vertex -21.925 19.3 0.4
      vertex -21.925 14.95 0
      vertex -21.925 14.95 0.4
    endloop
  endfacet
  facet normal 0 -1 0
    outer loop
      vertex -21.175 14.2 0
      vertex -16.825 14.2 0.4
      vertex -21.175 14.2 0.4
    endloop
  endfacet
  facet normal 0 -1 -0
    outer loop
      vertex -16.825 14.2 0.4
      vertex -21.175 14.2 0
      vertex -16.825 14.2 0
    endloop
  endfacet
  facet normal 0.772774 0.634681 0
    outer loop
      vertex -16.2014 19.7167 0.4
      vertex -16.2947 19.8303 0
      vertex -16.2947 19.8303 0.4
    endloop
  endfacet
  facet normal 0.772774 0.634681 0
    outer loop
      vertex -16.2947 19.8303 0
      vertex -16.2014 19.7167 0.4
      vertex -16.2014 19.7167 0
    endloop
  endfacet
  facet normal -0.290404 -0.956904 0
    outer loop
      vertex -21.462 14.2571 0
      vertex -21.3213 14.2144 0.4
      vertex -21.462 14.2571 0.4
    endloop
  endfacet
  facet normal -0.290404 -0.956904 -0
    outer loop
      vertex -21.3213 14.2144 0.4
      vertex -21.462 14.2571 0
      vertex -21.3213 14.2144 0
    endloop
  endfacet
  facet normal -0.772774 0.634681 0
    outer loop
      vertex -21.7986 19.7167 0
      vertex -21.7053 19.8303 0.4
      vertex -21.7053 19.8303 0
    endloop
  endfacet
  facet normal -0.772774 0.634681 0
    outer loop
      vertex -21.7053 19.8303 0.4
      vertex -21.7986 19.7167 0
      vertex -21.7986 19.7167 0.4
    endloop
  endfacet
  facet normal 0.956904 -0.290404 0
    outer loop
      vertex -16.1321 14.663 0.4
      vertex -16.0894 14.8037 0
      vertex -16.0894 14.8037 0.4
    endloop
  endfacet
  facet normal 0.956904 -0.290404 0
    outer loop
      vertex -16.0894 14.8037 0
      vertex -16.1321 14.663 0.4
      vertex -16.1321 14.663 0
    endloop
  endfacet
  facet normal 0.881995 0.471259 0
    outer loop
      vertex -16.1321 19.587 0.4
      vertex -16.2014 19.7167 0
      vertex -16.2014 19.7167 0.4
    endloop
  endfacet
  facet normal 0.881995 0.471259 0
    outer loop
      vertex -16.2014 19.7167 0
      vertex -16.1321 19.587 0.4
      vertex -16.1321 19.587 0
    endloop
  endfacet
  facet normal 0.0979545 -0.995191 0
    outer loop
      vertex -16.825 14.2 0
      vertex -16.6787 14.2144 0.4
      vertex -16.825 14.2 0.4
    endloop
  endfacet
  facet normal 0.0979545 -0.995191 0
    outer loop
      vertex -16.6787 14.2144 0.4
      vertex -16.825 14.2 0
      vertex -16.6787 14.2144 0
    endloop
  endfacet
  facet normal -0.881995 0.471259 0
    outer loop
      vertex -21.8679 19.587 0
      vertex -21.7986 19.7167 0.4
      vertex -21.7986 19.7167 0
    endloop
  endfacet
  facet normal -0.881995 0.471259 0
    outer loop
      vertex -21.7986 19.7167 0.4
      vertex -21.8679 19.587 0
      vertex -21.8679 19.587 0.4
    endloop
  endfacet
  facet normal -0.290404 0.956904 0
    outer loop
      vertex -21.3213 20.0356 0
      vertex -21.462 19.9929 0.4
      vertex -21.3213 20.0356 0.4
    endloop
  endfacet
  facet normal -0.290404 0.956904 0
    outer loop
      vertex -21.462 19.9929 0.4
      vertex -21.3213 20.0356 0
      vertex -21.462 19.9929 0
    endloop
  endfacet
  facet normal 0.772774 -0.634681 0
    outer loop
      vertex -16.2947 14.4197 0.4
      vertex -16.2014 14.5333 0
      vertex -16.2014 14.5333 0.4
    endloop
  endfacet
  facet normal 0.772774 -0.634681 0
    outer loop
      vertex -16.2014 14.5333 0
      vertex -16.2947 14.4197 0.4
      vertex -16.2947 14.4197 0
    endloop
  endfacet
  facet normal 0.471259 0.881995 -0
    outer loop
      vertex -16.4083 19.9236 0
      vertex -16.538 19.9929 0.4
      vertex -16.4083 19.9236 0.4
    endloop
  endfacet
  facet normal 0.471259 0.881995 0
    outer loop
      vertex -16.538 19.9929 0.4
      vertex -16.4083 19.9236 0
      vertex -16.538 19.9929 0
    endloop
  endfacet
  facet normal 0.995191 0.0979545 0
    outer loop
      vertex -16.075 19.3 0.4
      vertex -16.0894 19.4463 0
      vertex -16.0894 19.4463 0.4
    endloop
  endfacet
  facet normal 0.995191 0.0979545 0
    outer loop
      vertex -16.0894 19.4463 0
      vertex -16.075 19.3 0.4
      vertex -16.075 19.3 0
    endloop
  endfacet
  facet normal 0.956904 0.290404 0
    outer loop
      vertex -16.0894 19.4463 0.4
      vertex -16.1321 19.587 0
      vertex -16.1321 19.587 0.4
    endloop
  endfacet
  facet normal 0.956904 0.290404 0
    outer loop
      vertex -16.1321 19.587 0
      vertex -16.0894 19.4463 0.4
      vertex -16.0894 19.4463 0
    endloop
  endfacet
  facet normal 0.881995 -0.471259 0
    outer loop
      vertex -16.2014 14.5333 0.4
      vertex -16.1321 14.663 0
      vertex -16.1321 14.663 0.4
    endloop
  endfacet
  facet normal 0.881995 -0.471259 0
    outer loop
      vertex -16.1321 14.663 0
      vertex -16.2014 14.5333 0.4
      vertex -16.2014 14.5333 0
    endloop
  endfacet
  facet normal -0.956904 0.290404 0
    outer loop
      vertex -21.9106 19.4463 0
      vertex -21.8679 19.587 0.4
      vertex -21.8679 19.587 0
    endloop
  endfacet
  facet normal -0.956904 0.290404 0
    outer loop
      vertex -21.8679 19.587 0.4
      vertex -21.9106 19.4463 0
      vertex -21.9106 19.4463 0.4
    endloop
  endfacet
  facet normal -0.995191 0.0979545 0
    outer loop
      vertex -21.925 19.3 0
      vertex -21.9106 19.4463 0.4
      vertex -21.9106 19.4463 0
    endloop
  endfacet
  facet normal -0.995191 0.0979545 0
    outer loop
      vertex -21.9106 19.4463 0.4
      vertex -21.925 19.3 0
      vertex -21.925 19.3 0.4
    endloop
  endfacet
  facet normal 0.290404 -0.956904 0
    outer loop
      vertex -16.6787 14.2144 0
      vertex -16.538 14.2571 0.4
      vertex -16.6787 14.2144 0.4
    endloop
  endfacet
  facet normal 0.290404 -0.956904 0
    outer loop
      vertex -16.538 14.2571 0.4
      vertex -16.6787 14.2144 0
      vertex -16.538 14.2571 0
    endloop
  endfacet
  facet normal 0.471259 -0.881995 0
    outer loop
      vertex -16.538 14.2571 0
      vertex -16.4083 14.3264 0.4
      vertex -16.538 14.2571 0.4
    endloop
  endfacet
  facet normal 0.471259 -0.881995 0
    outer loop
      vertex -16.4083 14.3264 0.4
      vertex -16.538 14.2571 0
      vertex -16.4083 14.3264 0
    endloop
  endfacet
  facet normal 0.0979545 0.995191 -0
    outer loop
      vertex -16.6787 20.0356 0
      vertex -16.825 20.05 0.4
      vertex -16.6787 20.0356 0.4
    endloop
  endfacet
  facet normal 0.0979545 0.995191 0
    outer loop
      vertex -16.825 20.05 0.4
      vertex -16.6787 20.0356 0
      vertex -16.825 20.05 0
    endloop
  endfacet
  facet normal 0.634681 0.772774 -0
    outer loop
      vertex -16.2947 19.8303 0
      vertex -16.4083 19.9236 0.4
      vertex -16.2947 19.8303 0.4
    endloop
  endfacet
  facet normal 0.634681 0.772774 0
    outer loop
      vertex -16.4083 19.9236 0.4
      vertex -16.2947 19.8303 0
      vertex -16.4083 19.9236 0
    endloop
  endfacet
  facet normal -0.0979545 0.995191 0
    outer loop
      vertex -21.175 20.05 0
      vertex -21.3213 20.0356 0.4
      vertex -21.175 20.05 0.4
    endloop
  endfacet
  facet normal -0.0979545 0.995191 0
    outer loop
      vertex -21.3213 20.0356 0.4
      vertex -21.175 20.05 0
      vertex -21.3213 20.0356 0
    endloop
  endfacet
  facet normal -0.471259 -0.881995 0
    outer loop
      vertex -21.5917 14.3264 0
      vertex -21.462 14.2571 0.4
      vertex -21.5917 14.3264 0.4
    endloop
  endfacet
  facet normal -0.471259 -0.881995 -0
    outer loop
      vertex -21.462 14.2571 0.4
      vertex -21.5917 14.3264 0
      vertex -21.462 14.2571 0
    endloop
  endfacet
  facet normal -0.772774 -0.634681 0
    outer loop
      vertex -21.7053 14.4197 0
      vertex -21.7986 14.5333 0.4
      vertex -21.7986 14.5333 0
    endloop
  endfacet
  facet normal -0.772774 -0.634681 0
    outer loop
      vertex -21.7986 14.5333 0.4
      vertex -21.7053 14.4197 0
      vertex -21.7053 14.4197 0.4
    endloop
  endfacet
  facet normal 0.634681 -0.772774 0
    outer loop
      vertex -16.4083 14.3264 0
      vertex -16.2947 14.4197 0.4
      vertex -16.4083 14.3264 0.4
    endloop
  endfacet
  facet normal 0.634681 -0.772774 0
    outer loop
      vertex -16.2947 14.4197 0.4
      vertex -16.4083 14.3264 0
      vertex -16.2947 14.4197 0
    endloop
  endfacet
  facet normal 0.995191 -0.0979545 0
    outer loop
      vertex -16.0894 14.8037 0.4
      vertex -16.075 14.95 0
      vertex -16.075 14.95 0.4
    endloop
  endfacet
  facet normal 0.995191 -0.0979545 0
    outer loop
      vertex -16.075 14.95 0
      vertex -16.0894 14.8037 0.4
      vertex -16.0894 14.8037 0
    endloop
  endfacet
  facet normal 0 0 1
    outer loop
      vertex -16.825 20.05 0.4
      vertex -16.075 19.3 0.4
      vertex -16.0894 19.4463 0.4
    endloop
  endfacet
  facet normal 0 0 1
    outer loop
      vertex -16.075 19.3 0.4
      vertex -16.825 20.05 0.4
      vertex -16.075 14.95 0.4
    endloop
  endfacet
  facet normal 0 0 1
    outer loop
      vertex -16.825 20.05 0.4
      vertex -16.0894 19.4463 0.4
      vertex -16.1321 19.587 0.4
    endloop
  endfacet
  facet normal 0 0 1
    outer loop
      vertex -16.825 14.2 0.4
      vertex -16.075 14.95 0.4
      vertex -16.825 20.05 0.4
    endloop
  endfacet
  facet normal 0 0 1
    outer loop
      vertex -16.825 20.05 0.4
      vertex -16.1321 19.587 0.4
      vertex -16.2014 19.7167 0.4
    endloop
  endfacet
  facet normal 0 0 1
    outer loop
      vertex -16.075 14.95 0.4
      vertex -16.825 14.2 0.4
      vertex -16.0894 14.8037 0.4
    endloop
  endfacet
  facet normal 0 0 1
    outer loop
      vertex -16.825 20.05 0.4
      vertex -16.2014 19.7167 0.4
      vertex -16.2947 19.8303 0.4
    endloop
  endfacet
  facet normal 0 0 1
    outer loop
      vertex -16.0894 14.8037 0.4
      vertex -16.825 14.2 0.4
      vertex -16.1321 14.663 0.4
    endloop
  endfacet
  facet normal 0 0 1
    outer loop
      vertex -16.825 20.05 0.4
      vertex -16.2947 19.8303 0.4
      vertex -16.4083 19.9236 0.4
    endloop
  endfacet
  facet normal 0 0 1
    outer loop
      vertex -16.1321 14.663 0.4
      vertex -16.825 14.2 0.4
      vertex -16.2014 14.5333 0.4
    endloop
  endfacet
  facet normal 0 0 1
    outer loop
      vertex -16.825 20.05 0.4
      vertex -16.4083 19.9236 0.4
      vertex -16.538 19.9929 0.4
    endloop
  endfacet
  facet normal 0 0 1
    outer loop
      vertex -16.2014 14.5333 0.4
      vertex -16.825 14.2 0.4
      vertex -16.2947 14.4197 0.4
    endloop
  endfacet
  facet normal 0 0 1
    outer loop
      vertex -16.825 20.05 0.4
      vertex -16.538 19.9929 0.4
      vertex -16.6787 20.0356 0.4
    endloop
  endfacet
  facet normal 0 0 1
    outer loop
      vertex -16.2947 14.4197 0.4
      vertex -16.825 14.2 0.4
      vertex -16.4083 14.3264 0.4
    endloop
  endfacet
  facet normal 0 0 1
    outer loop
      vertex -16.4083 14.3264 0.4
      vertex -16.825 14.2 0.4
      vertex -16.538 14.2571 0.4
    endloop
  endfacet
  facet normal 0 0 1
    outer loop
      vertex -16.538 14.2571 0.4
      vertex -16.825 14.2 0.4
      vertex -16.6787 14.2144 0.4
    endloop
  endfacet
  facet normal -0 0 1
    outer loop
      vertex -21.175 20.05 0.4
      vertex -16.825 14.2 0.4
      vertex -16.825 20.05 0.4
    endloop
  endfacet
  facet normal 0 0 1
    outer loop
      vertex -21.175 20.05 0.4
      vertex -21.175 14.2 0.4
      vertex -16.825 14.2 0.4
    endloop
  endfacet
  facet normal 0 0 1
    outer loop
      vertex -21.925 19.3 0.4
      vertex -21.175 20.05 0.4
      vertex -21.3213 20.0356 0.4
    endloop
  endfacet
  facet normal 0 0 1
    outer loop
      vertex -21.175 20.05 0.4
      vertex -21.925 19.3 0.4
      vertex -21.175 14.2 0.4
    endloop
  endfacet
  facet normal 0 0 1
    outer loop
      vertex -21.925 19.3 0.4
      vertex -21.3213 20.0356 0.4
      vertex -21.462 19.9929 0.4
    endloop
  endfacet
  facet normal -0 0 1
    outer loop
      vertex -21.925 14.95 0.4
      vertex -21.175 14.2 0.4
      vertex -21.925 19.3 0.4
    endloop
  endfacet
  facet normal 0 0 1
    outer loop
      vertex -21.925 19.3 0.4
      vertex -21.462 19.9929 0.4
      vertex -21.5917 19.9236 0.4
    endloop
  endfacet
  facet normal 0 0 1
    outer loop
      vertex -21.175 14.2 0.4
      vertex -21.925 14.95 0.4
      vertex -21.3213 14.2144 0.4
    endloop
  endfacet
  facet normal 0 0 1
    outer loop
      vertex -21.925 19.3 0.4
      vertex -21.5917 19.9236 0.4
      vertex -21.7053 19.8303 0.4
    endloop
  endfacet
  facet normal 0 0 1
    outer loop
      vertex -21.3213 14.2144 0.4
      vertex -21.925 14.95 0.4
      vertex -21.462 14.2571 0.4
    endloop
  endfacet
  facet normal 0 0 1
    outer loop
      vertex -21.925 19.3 0.4
      vertex -21.7053 19.8303 0.4
      vertex -21.7986 19.7167 0.4
    endloop
  endfacet
  facet normal 0 0 1
    outer loop
      vertex -21.462 14.2571 0.4
      vertex -21.925 14.95 0.4
      vertex -21.5917 14.3264 0.4
    endloop
  endfacet
  facet normal 0 0 1
    outer loop
      vertex -21.925 19.3 0.4
      vertex -21.7986 19.7167 0.4
      vertex -21.8679 19.587 0.4
    endloop
  endfacet
  facet normal 0 0 1
    outer loop
      vertex -21.5917 14.3264 0.4
      vertex -21.925 14.95 0.4
      vertex -21.7053 14.4197 0.4
    endloop
  endfacet
  facet normal 0 0 1
    outer loop
      vertex -21.925 19.3 0.4
      vertex -21.8679 19.587 0.4
      vertex -21.9106 19.4463 0.4
    endloop
  endfacet
  facet normal 0 0 1
    outer loop
      vertex -21.7053 14.4197 0.4
      vertex -21.925 14.95 0.4
      vertex -21.7986 14.5333 0.4
    endloop
  endfacet
  facet normal 0 0 1
    outer loop
      vertex -21.7986 14.5333 0.4
      vertex -21.925 14.95 0.4
      vertex -21.8679 14.663 0.4
    endloop
  endfacet
  facet normal 0 0 1
    outer loop
      vertex -21.8679 14.663 0.4
      vertex -21.925 14.95 0.4
      vertex -21.9106 14.8037 0.4
    endloop
  endfacet
  facet normal 0 0 -1
    outer loop
      vertex -16.825 14.2 0
      vertex -16.075 14.95 0
      vertex -16.0894 14.8037 0
    endloop
  endfacet
  facet normal -0 0 -1
    outer loop
      vertex -16.075 14.95 0
      vertex -16.825 14.2 0
      vertex -16.075 19.3 0
    endloop
  endfacet
  facet normal 0 0 -1
    outer loop
      vertex -16.825 14.2 0
      vertex -16.0894 14.8037 0
      vertex -16.1321 14.663 0
    endloop
  endfacet
  facet normal 0 0 -1
    outer loop
      vertex -16.825 20.05 0
      vertex -16.075 19.3 0
      vertex -16.825 14.2 0
    endloop
  endfacet
  facet normal 0 0 -1
    outer loop
      vertex -16.825 14.2 0
      vertex -16.1321 14.663 0
      vertex -16.2014 14.5333 0
    endloop
  endfacet
  facet normal 0 0 -1
    outer loop
      vertex -16.075 19.3 0
      vertex -16.825 20.05 0
      vertex -16.0894 19.4463 0
    endloop
  endfacet
  facet normal 0 0 -1
    outer loop
      vertex -16.825 14.2 0
      vertex -16.2014 14.5333 0
      vertex -16.2947 14.4197 0
    endloop
  endfacet
  facet normal 0 0 -1
    outer loop
      vertex -16.0894 19.4463 0
      vertex -16.825 20.05 0
      vertex -16.1321 19.587 0
    endloop
  endfacet
  facet normal 0 0 -1
    outer loop
      vertex -16.825 14.2 0
      vertex -16.2947 14.4197 0
      vertex -16.4083 14.3264 0
    endloop
  endfacet
  facet normal 0 0 -1
    outer loop
      vertex -16.1321 19.587 0
      vertex -16.825 20.05 0
      vertex -16.2014 19.7167 0
    endloop
  endfacet
  facet normal 0 0 -1
    outer loop
      vertex -16.825 14.2 0
      vertex -16.4083 14.3264 0
      vertex -16.538 14.2571 0
    endloop
  endfacet
  facet normal 0 0 -1
    outer loop
      vertex -16.2014 19.7167 0
      vertex -16.825 20.05 0
      vertex -16.2947 19.8303 0
    endloop
  endfacet
  facet normal 0 0 -1
    outer loop
      vertex -16.825 14.2 0
      vertex -16.538 14.2571 0
      vertex -16.6787 14.2144 0
    endloop
  endfacet
  facet normal 0 0 -1
    outer loop
      vertex -16.2947 19.8303 0
      vertex -16.825 20.05 0
      vertex -16.4083 19.9236 0
    endloop
  endfacet
  facet normal 0 0 -1
    outer loop
      vertex -16.4083 19.9236 0
      vertex -16.825 20.05 0
      vertex -16.538 19.9929 0
    endloop
  endfacet
  facet normal 0 0 -1
    outer loop
      vertex -16.538 19.9929 0
      vertex -16.825 20.05 0
      vertex -16.6787 20.0356 0
    endloop
  endfacet
  facet normal 0 0 -1
    outer loop
      vertex -21.175 14.2 0
      vertex -16.825 20.05 0
      vertex -16.825 14.2 0
    endloop
  endfacet
  facet normal 0 0 -1
    outer loop
      vertex -21.175 14.2 0
      vertex -21.175 20.05 0
      vertex -16.825 20.05 0
    endloop
  endfacet
  facet normal 0 0 -1
    outer loop
      vertex -21.925 14.95 0
      vertex -21.175 14.2 0
      vertex -21.3213 14.2144 0
    endloop
  endfacet
  facet normal 0 0 -1
    outer loop
      vertex -21.175 14.2 0
      vertex -21.925 14.95 0
      vertex -21.175 20.05 0
    endloop
  endfacet
  facet normal 0 0 -1
    outer loop
      vertex -21.925 14.95 0
      vertex -21.3213 14.2144 0
      vertex -21.462 14.2571 0
    endloop
  endfacet
  facet normal 0 0 -1
    outer loop
      vertex -21.925 19.3 0
      vertex -21.175 20.05 0
      vertex -21.925 14.95 0
    endloop
  endfacet
  facet normal 0 0 -1
    outer loop
      vertex -21.925 14.95 0
      vertex -21.462 14.2571 0
      vertex -21.5917 14.3264 0
    endloop
  endfacet
  facet normal 0 0 -1
    outer loop
      vertex -21.175 20.05 0
      vertex -21.925 19.3 0
      vertex -21.3213 20.0356 0
    endloop
  endfacet
  facet normal 0 0 -1
    outer loop
      vertex -21.925 14.95 0
      vertex -21.5917 14.3264 0
      vertex -21.7053 14.4197 0
    endloop
  endfacet
  facet normal 0 0 -1
    outer loop
      vertex -21.3213 20.0356 0
      vertex -21.925 19.3 0
      vertex -21.462 19.9929 0
    endloop
  endfacet
  facet normal 0 0 -1
    outer loop
      vertex -21.925 14.95 0
      vertex -21.7053 14.4197 0
      vertex -21.7986 14.5333 0
    endloop
  endfacet
  facet normal 0 0 -1
    outer loop
      vertex -21.462 19.9929 0
      vertex -21.925 19.3 0
      vertex -21.5917 19.9236 0
    endloop
  endfacet
  facet normal 0 0 -1
    outer loop
      vertex -21.925 14.95 0
      vertex -21.7986 14.5333 0
      vertex -21.8679 14.663 0
    endloop
  endfacet
  facet normal 0 0 -1
    outer loop
      vertex -21.5917 19.9236 0
      vertex -21.925 19.3 0
      vertex -21.7053 19.8303 0
    endloop
  endfacet
  facet normal 0 0 -1
    outer loop
      vertex -21.925 14.95 0
      vertex -21.8679 14.663 0
      vertex -21.9106 14.8037 0
    endloop
  endfacet
  facet normal 0 0 -1
    outer loop
      vertex -21.7053 19.8303 0
      vertex -21.925 19.3 0
      vertex -21.7986 19.7167 0
    endloop
  endfacet
  facet normal 0 0 -1
    outer loop
      vertex -21.7986 19.7167 0
      vertex -21.925 19.3 0
      vertex -21.8679 19.587 0
    endloop
  endfacet
  facet normal 0 0 -1
    outer loop
      vertex -21.8679 19.587 0
      vertex -21.925 19.3 0
      vertex -21.9106 19.4463 0
    endloop
  endfacet
  facet normal -0.881995 -0.471259 0
    outer loop
      vertex -21.7986 14.5333 0
      vertex -21.8679 14.663 0.4
      vertex -21.8679 14.663 0
    endloop
  endfacet
  facet normal -0.881995 -0.471259 0
    outer loop
      vertex -21.8679 14.663 0.4
      vertex -21.7986 14.5333 0
      vertex -21.7986 14.5333 0.4
    endloop
  endfacet
  facet normal -0.956898 -0.290423 0
    outer loop
      vertex -15.4929 -4.462 0
      vertex -15.5356 -4.32131 0.4
      vertex -15.5356 -4.32131 0
    endloop
  endfacet
  facet normal -0.956898 -0.290423 0
    outer loop
      vertex -15.5356 -4.32131 0.4
      vertex -15.4929 -4.462 0
      vertex -15.4929 -4.462 0.4
    endloop
  endfacet
  facet normal -0.995192 -0.0979479 0
    outer loop
      vertex -15.5356 -4.32131 0
      vertex -15.55 -4.175 0.4
      vertex -15.55 -4.175 0
    endloop
  endfacet
  facet normal -0.995192 -0.0979479 0
    outer loop
      vertex -15.55 -4.175 0.4
      vertex -15.5356 -4.32131 0
      vertex -15.5356 -4.32131 0.4
    endloop
  endfacet
  facet normal 0.290317 0.956931 -0
    outer loop
      vertex -10.163 0.867901 0
      vertex -10.3037 0.910587 0.4
      vertex -10.163 0.867901 0.4
    endloop
  endfacet
  facet normal 0.290317 0.956931 0
    outer loop
      vertex -10.3037 0.910587 0.4
      vertex -10.163 0.867901 0
      vertex -10.3037 0.910587 0
    endloop
  endfacet
  facet normal -0.47129 0.881978 0
    outer loop
      vertex -15.087 0.867901 0
      vertex -15.2167 0.798595 0.4
      vertex -15.087 0.867901 0.4
    endloop
  endfacet
  facet normal -0.47129 0.881978 0
    outer loop
      vertex -15.2167 0.798595 0.4
      vertex -15.087 0.867901 0
      vertex -15.2167 0.798595 0
    endloop
  endfacet
  facet normal 1 -0 0
    outer loop
      vertex -9.7 -4.175 0.4
      vertex -9.7 0.174995 0
      vertex -9.7 0.174995 0.4
    endloop
  endfacet
  facet normal 1 0 0
    outer loop
      vertex -9.7 0.174995 0
      vertex -9.7 -4.175 0.4
      vertex -9.7 -4.175 0
    endloop
  endfacet
  facet normal 0 1 -0
    outer loop
      vertex -10.45 0.924995 0
      vertex -14.8 0.924995 0.4
      vertex -10.45 0.924995 0.4
    endloop
  endfacet
  facet normal 0 1 0
    outer loop
      vertex -14.8 0.924995 0.4
      vertex -10.45 0.924995 0
      vertex -14.8 0.924995 0
    endloop
  endfacet
  facet normal -0.63456 -0.772874 0
    outer loop
      vertex -15.3303 -4.70533 0
      vertex -15.2167 -4.7986 0.4
      vertex -15.3303 -4.70533 0.4
    endloop
  endfacet
  facet normal -0.63456 -0.772874 -0
    outer loop
      vertex -15.2167 -4.7986 0.4
      vertex -15.3303 -4.70533 0
      vertex -15.2167 -4.7986 0
    endloop
  endfacet
  facet normal -0.0980219 -0.995184 0
    outer loop
      vertex -14.9463 -4.91059 0
      vertex -14.8 -4.925 0.4
      vertex -14.9463 -4.91059 0.4
    endloop
  endfacet
  facet normal -0.0980219 -0.995184 -0
    outer loop
      vertex -14.8 -4.925 0.4
      vertex -14.9463 -4.91059 0
      vertex -14.8 -4.925 0
    endloop
  endfacet
  facet normal -0.634555 0.772877 0
    outer loop
      vertex -15.2167 0.798595 0
      vertex -15.3303 0.705326 0.4
      vertex -15.2167 0.798595 0.4
    endloop
  endfacet
  facet normal -0.634555 0.772877 0
    outer loop
      vertex -15.3303 0.705326 0.4
      vertex -15.2167 0.798595 0
      vertex -15.3303 0.705326 0
    endloop
  endfacet
  facet normal -1 0 0
    outer loop
      vertex -15.55 -4.175 0
      vertex -15.55 0.174995 0.4
      vertex -15.55 0.174995 0
    endloop
  endfacet
  facet normal -1 -0 0
    outer loop
      vertex -15.55 0.174995 0.4
      vertex -15.55 -4.175 0
      vertex -15.55 -4.175 0.4
    endloop
  endfacet
  facet normal 0 -1 0
    outer loop
      vertex -14.8 -4.925 0
      vertex -10.45 -4.925 0.4
      vertex -14.8 -4.925 0.4
    endloop
  endfacet
  facet normal 0 -1 -0
    outer loop
      vertex -10.45 -4.925 0.4
      vertex -14.8 -4.925 0
      vertex -10.45 -4.925 0
    endloop
  endfacet
  facet normal 0.773014 0.634389 0
    outer loop
      vertex -9.8264 0.591675 0.4
      vertex -9.91967 0.705326 0
      vertex -9.91967 0.705326 0.4
    endloop
  endfacet
  facet normal 0.773014 0.634389 0
    outer loop
      vertex -9.91967 0.705326 0
      vertex -9.8264 0.591675 0.4
      vertex -9.8264 0.591675 0
    endloop
  endfacet
  facet normal 0.995185 0.0980133 0
    outer loop
      vertex -9.7 0.174995 0.4
      vertex -9.71441 0.321308 0
      vertex -9.71441 0.321308 0.4
    endloop
  endfacet
  facet normal 0.995185 0.0980133 0
    outer loop
      vertex -9.71441 0.321308 0
      vertex -9.7 0.174995 0.4
      vertex -9.7 0.174995 0
    endloop
  endfacet
  facet normal -0.290341 -0.956923 0
    outer loop
      vertex -15.087 -4.8679 0
      vertex -14.9463 -4.91059 0.4
      vertex -15.087 -4.8679 0.4
    endloop
  endfacet
  facet normal -0.290341 -0.956923 -0
    outer loop
      vertex -14.9463 -4.91059 0.4
      vertex -15.087 -4.8679 0
      vertex -14.9463 -4.91059 0
    endloop
  endfacet
  facet normal -0.772914 0.634511 0
    outer loop
      vertex -15.4236 0.591675 0
      vertex -15.3303 0.705326 0.4
      vertex -15.3303 0.705326 0
    endloop
  endfacet
  facet normal -0.772914 0.634511 0
    outer loop
      vertex -15.3303 0.705326 0.4
      vertex -15.4236 0.591675 0
      vertex -15.4236 0.591675 0.4
    endloop
  endfacet
  facet normal 0.881954 0.471335 0
    outer loop
      vertex -9.7571 0.462002 0.4
      vertex -9.8264 0.591675 0
      vertex -9.8264 0.591675 0.4
    endloop
  endfacet
  facet normal 0.881954 0.471335 0
    outer loop
      vertex -9.8264 0.591675 0
      vertex -9.7571 0.462002 0.4
      vertex -9.7571 0.462002 0
    endloop
  endfacet
  facet normal 0.0980219 -0.995184 0
    outer loop
      vertex -10.45 -4.925 0
      vertex -10.3037 -4.91059 0.4
      vertex -10.45 -4.925 0.4
    endloop
  endfacet
  facet normal 0.0980219 -0.995184 0
    outer loop
      vertex -10.3037 -4.91059 0.4
      vertex -10.45 -4.925 0
      vertex -10.3037 -4.91059 0
    endloop
  endfacet
  facet normal -0.881954 0.471335 0
    outer loop
      vertex -15.4929 0.462002 0
      vertex -15.4236 0.591675 0.4
      vertex -15.4236 0.591675 0
    endloop
  endfacet
  facet normal -0.881954 0.471335 0
    outer loop
      vertex -15.4236 0.591675 0.4
      vertex -15.4929 0.462002 0
      vertex -15.4929 0.462002 0.4
    endloop
  endfacet
  facet normal -0.290317 0.956931 0
    outer loop
      vertex -14.9463 0.910587 0
      vertex -15.087 0.867901 0.4
      vertex -14.9463 0.910587 0.4
    endloop
  endfacet
  facet normal -0.290317 0.956931 0
    outer loop
      vertex -15.087 0.867901 0.4
      vertex -14.9463 0.910587 0
      vertex -15.087 0.867901 0
    endloop
  endfacet
  facet normal 0.773038 -0.634359 0
    outer loop
      vertex -9.91967 -4.70533 0.4
      vertex -9.8264 -4.59167 0
      vertex -9.8264 -4.59167 0.4
    endloop
  endfacet
  facet normal 0.773038 -0.634359 0
    outer loop
      vertex -9.8264 -4.59167 0
      vertex -9.91967 -4.70533 0.4
      vertex -9.91967 -4.70533 0
    endloop
  endfacet
  facet normal 0.47129 0.881978 -0
    outer loop
      vertex -10.0333 0.798595 0
      vertex -10.163 0.867901 0.4
      vertex -10.0333 0.798595 0.4
    endloop
  endfacet
  facet normal 0.47129 0.881978 0
    outer loop
      vertex -10.163 0.867901 0.4
      vertex -10.0333 0.798595 0
      vertex -10.163 0.867901 0
    endloop
  endfacet
  facet normal 0.95692 0.290353 0
    outer loop
      vertex -9.71441 0.321308 0.4
      vertex -9.7571 0.462002 0
      vertex -9.7571 0.462002 0.4
    endloop
  endfacet
  facet normal 0.95692 0.290353 0
    outer loop
      vertex -9.7571 0.462002 0
      vertex -9.71441 0.321308 0.4
      vertex -9.71441 0.321308 0
    endloop
  endfacet
  facet normal 0.88195 -0.471344 0
    outer loop
      vertex -9.8264 -4.59167 0.4
      vertex -9.7571 -4.462 0
      vertex -9.7571 -4.462 0.4
    endloop
  endfacet
  facet normal 0.88195 -0.471344 0
    outer loop
      vertex -9.7571 -4.462 0
      vertex -9.8264 -4.59167 0.4
      vertex -9.8264 -4.59167 0
    endloop
  endfacet
  facet normal -0.956901 0.290415 0
    outer loop
      vertex -15.5356 0.321308 0
      vertex -15.4929 0.462002 0.4
      vertex -15.4929 0.462002 0
    endloop
  endfacet
  facet normal -0.956901 0.290415 0
    outer loop
      vertex -15.4929 0.462002 0.4
      vertex -15.5356 0.321308 0
      vertex -15.5356 0.321308 0.4
    endloop
  endfacet
  facet normal -0.995192 0.0979459 0
    outer loop
      vertex -15.55 0.174995 0
      vertex -15.5356 0.321308 0.4
      vertex -15.5356 0.321308 0
    endloop
  endfacet
  facet normal -0.995192 0.0979459 0
    outer loop
      vertex -15.5356 0.321308 0.4
      vertex -15.55 0.174995 0
      vertex -15.55 0.174995 0.4
    endloop
  endfacet
  facet normal 0.290341 -0.956923 0
    outer loop
      vertex -10.3037 -4.91059 0
      vertex -10.163 -4.8679 0.4
      vertex -10.3037 -4.91059 0.4
    endloop
  endfacet
  facet normal 0.290341 -0.956923 0
    outer loop
      vertex -10.163 -4.8679 0.4
      vertex -10.3037 -4.91059 0
      vertex -10.163 -4.8679 0
    endloop
  endfacet
  facet normal 0.471259 -0.881995 0
    outer loop
      vertex -10.163 -4.8679 0
      vertex -10.0333 -4.7986 0.4
      vertex -10.163 -4.8679 0.4
    endloop
  endfacet
  facet normal 0.471259 -0.881995 0
    outer loop
      vertex -10.0333 -4.7986 0.4
      vertex -10.163 -4.8679 0
      vertex -10.0333 -4.7986 0
    endloop
  endfacet
  facet normal 0.0980084 0.995186 -0
    outer loop
      vertex -10.3037 0.910587 0
      vertex -10.45 0.924995 0.4
      vertex -10.3037 0.910587 0.4
    endloop
  endfacet
  facet normal 0.0980084 0.995186 0
    outer loop
      vertex -10.45 0.924995 0.4
      vertex -10.3037 0.910587 0
      vertex -10.45 0.924995 0
    endloop
  endfacet
  facet normal -0.88195 -0.471344 0
    outer loop
      vertex -15.4236 -4.59167 0
      vertex -15.4929 -4.462 0.4
      vertex -15.4929 -4.462 0
    endloop
  endfacet
  facet normal -0.88195 -0.471344 0
    outer loop
      vertex -15.4929 -4.462 0.4
      vertex -15.4236 -4.59167 0
      vertex -15.4236 -4.59167 0.4
    endloop
  endfacet
  facet normal 0.634455 0.77296 -0
    outer loop
      vertex -9.91967 0.705326 0
      vertex -10.0333 0.798595 0.4
      vertex -9.91967 0.705326 0.4
    endloop
  endfacet
  facet normal 0.634455 0.77296 0
    outer loop
      vertex -10.0333 0.798595 0.4
      vertex -9.91967 0.705326 0
      vertex -10.0333 0.798595 0
    endloop
  endfacet
  facet normal -0.0980084 0.995186 0
    outer loop
      vertex -14.8 0.924995 0
      vertex -14.9463 0.910587 0.4
      vertex -14.8 0.924995 0.4
    endloop
  endfacet
  facet normal -0.0980084 0.995186 0
    outer loop
      vertex -14.9463 0.910587 0.4
      vertex -14.8 0.924995 0
      vertex -14.9463 0.910587 0
    endloop
  endfacet
  facet normal -0.471259 -0.881995 0
    outer loop
      vertex -15.2167 -4.7986 0
      vertex -15.087 -4.8679 0.4
      vertex -15.2167 -4.7986 0.4
    endloop
  endfacet
  facet normal -0.471259 -0.881995 -0
    outer loop
      vertex -15.087 -4.8679 0.4
      vertex -15.2167 -4.7986 0
      vertex -15.087 -4.8679 0
    endloop
  endfacet
  facet normal -0.772938 -0.634481 0
    outer loop
      vertex -15.3303 -4.70533 0
      vertex -15.4236 -4.59167 0.4
      vertex -15.4236 -4.59167 0
    endloop
  endfacet
  facet normal -0.772938 -0.634481 0
    outer loop
      vertex -15.4236 -4.59167 0.4
      vertex -15.3303 -4.70533 0
      vertex -15.3303 -4.70533 0.4
    endloop
  endfacet
  facet normal 0.634459 -0.772956 0
    outer loop
      vertex -10.0333 -4.7986 0
      vertex -9.91967 -4.70533 0.4
      vertex -10.0333 -4.7986 0.4
    endloop
  endfacet
  facet normal 0.634459 -0.772956 0
    outer loop
      vertex -9.91967 -4.70533 0.4
      vertex -10.0333 -4.7986 0
      vertex -9.91967 -4.70533 0
    endloop
  endfacet
  facet normal 0.995185 -0.0980153 0
    outer loop
      vertex -9.71441 -4.32131 0.4
      vertex -9.7 -4.175 0
      vertex -9.7 -4.175 0.4
    endloop
  endfacet
  facet normal 0.995185 -0.0980153 0
    outer loop
      vertex -9.7 -4.175 0
      vertex -9.71441 -4.32131 0.4
      vertex -9.71441 -4.32131 0
    endloop
  endfacet
  facet normal 0 0 1
    outer loop
      vertex -10.45 0.924995 0.4
      vertex -9.7 0.174995 0.4
      vertex -9.71441 0.321308 0.4
    endloop
  endfacet
  facet normal 0 0 1
    outer loop
      vertex -9.7 0.174995 0.4
      vertex -10.45 0.924995 0.4
      vertex -9.7 -4.175 0.4
    endloop
  endfacet
  facet normal 0 0 1
    outer loop
      vertex -10.45 0.924995 0.4
      vertex -9.71441 0.321308 0.4
      vertex -9.7571 0.462002 0.4
    endloop
  endfacet
  facet normal 0 0 1
    outer loop
      vertex -10.45 -4.925 0.4
      vertex -9.7 -4.175 0.4
      vertex -10.45 0.924995 0.4
    endloop
  endfacet
  facet normal 0 0 1
    outer loop
      vertex -10.45 0.924995 0.4
      vertex -9.7571 0.462002 0.4
      vertex -9.8264 0.591675 0.4
    endloop
  endfacet
  facet normal 0 0 1
    outer loop
      vertex -9.7 -4.175 0.4
      vertex -10.45 -4.925 0.4
      vertex -9.71441 -4.32131 0.4
    endloop
  endfacet
  facet normal 0 0 1
    outer loop
      vertex -10.45 0.924995 0.4
      vertex -9.8264 0.591675 0.4
      vertex -9.91967 0.705326 0.4
    endloop
  endfacet
  facet normal 0 0 1
    outer loop
      vertex -9.71441 -4.32131 0.4
      vertex -10.45 -4.925 0.4
      vertex -9.7571 -4.462 0.4
    endloop
  endfacet
  facet normal 0 0 1
    outer loop
      vertex -10.45 0.924995 0.4
      vertex -9.91967 0.705326 0.4
      vertex -10.0333 0.798595 0.4
    endloop
  endfacet
  facet normal 0 0 1
    outer loop
      vertex -9.7571 -4.462 0.4
      vertex -10.45 -4.925 0.4
      vertex -9.8264 -4.59167 0.4
    endloop
  endfacet
  facet normal 0 0 1
    outer loop
      vertex -10.45 0.924995 0.4
      vertex -10.0333 0.798595 0.4
      vertex -10.163 0.867901 0.4
    endloop
  endfacet
  facet normal 0 0 1
    outer loop
      vertex -9.8264 -4.59167 0.4
      vertex -10.45 -4.925 0.4
      vertex -9.91967 -4.70533 0.4
    endloop
  endfacet
  facet normal 0 0 1
    outer loop
      vertex -10.45 0.924995 0.4
      vertex -10.163 0.867901 0.4
      vertex -10.3037 0.910587 0.4
    endloop
  endfacet
  facet normal 0 0 1
    outer loop
      vertex -9.91967 -4.70533 0.4
      vertex -10.45 -4.925 0.4
      vertex -10.0333 -4.7986 0.4
    endloop
  endfacet
  facet normal 0 0 1
    outer loop
      vertex -10.0333 -4.7986 0.4
      vertex -10.45 -4.925 0.4
      vertex -10.163 -4.8679 0.4
    endloop
  endfacet
  facet normal 0 0 1
    outer loop
      vertex -10.163 -4.8679 0.4
      vertex -10.45 -4.925 0.4
      vertex -10.3037 -4.91059 0.4
    endloop
  endfacet
  facet normal -0 0 1
    outer loop
      vertex -14.8 0.924995 0.4
      vertex -10.45 -4.925 0.4
      vertex -10.45 0.924995 0.4
    endloop
  endfacet
  facet normal 0 0 1
    outer loop
      vertex -14.8 0.924995 0.4
      vertex -14.8 -4.925 0.4
      vertex -10.45 -4.925 0.4
    endloop
  endfacet
  facet normal 0 0 1
    outer loop
      vertex -15.55 0.174995 0.4
      vertex -14.8 0.924995 0.4
      vertex -14.9463 0.910587 0.4
    endloop
  endfacet
  facet normal 0 0 1
    outer loop
      vertex -14.8 0.924995 0.4
      vertex -15.55 0.174995 0.4
      vertex -14.8 -4.925 0.4
    endloop
  endfacet
  facet normal 0 0 1
    outer loop
      vertex -15.55 0.174995 0.4
      vertex -14.9463 0.910587 0.4
      vertex -15.087 0.867901 0.4
    endloop
  endfacet
  facet normal -0 0 1
    outer loop
      vertex -15.55 -4.175 0.4
      vertex -14.8 -4.925 0.4
      vertex -15.55 0.174995 0.4
    endloop
  endfacet
  facet normal 0 0 1
    outer loop
      vertex -15.55 0.174995 0.4
      vertex -15.087 0.867901 0.4
      vertex -15.2167 0.798595 0.4
    endloop
  endfacet
  facet normal 0 0 1
    outer loop
      vertex -14.8 -4.925 0.4
      vertex -15.55 -4.175 0.4
      vertex -14.9463 -4.91059 0.4
    endloop
  endfacet
  facet normal 0 0 1
    outer loop
      vertex -15.55 0.174995 0.4
      vertex -15.2167 0.798595 0.4
      vertex -15.3303 0.705326 0.4
    endloop
  endfacet
  facet normal 0 0 1
    outer loop
      vertex -14.9463 -4.91059 0.4
      vertex -15.55 -4.175 0.4
      vertex -15.087 -4.8679 0.4
    endloop
  endfacet
  facet normal 0 0 1
    outer loop
      vertex -15.55 0.174995 0.4
      vertex -15.3303 0.705326 0.4
      vertex -15.4236 0.591675 0.4
    endloop
  endfacet
  facet normal 0 0 1
    outer loop
      vertex -15.087 -4.8679 0.4
      vertex -15.55 -4.175 0.4
      vertex -15.2167 -4.7986 0.4
    endloop
  endfacet
  facet normal 0 0 1
    outer loop
      vertex -15.55 0.174995 0.4
      vertex -15.4236 0.591675 0.4
      vertex -15.4929 0.462002 0.4
    endloop
  endfacet
  facet normal 0 0 1
    outer loop
      vertex -15.2167 -4.7986 0.4
      vertex -15.55 -4.175 0.4
      vertex -15.3303 -4.70533 0.4
    endloop
  endfacet
  facet normal 0 0 1
    outer loop
      vertex -15.55 0.174995 0.4
      vertex -15.4929 0.462002 0.4
      vertex -15.5356 0.321308 0.4
    endloop
  endfacet
  facet normal 0 0 1
    outer loop
      vertex -15.3303 -4.70533 0.4
      vertex -15.55 -4.175 0.4
      vertex -15.4236 -4.59167 0.4
    endloop
  endfacet
  facet normal 0 0 1
    outer loop
      vertex -15.4236 -4.59167 0.4
      vertex -15.55 -4.175 0.4
      vertex -15.4929 -4.462 0.4
    endloop
  endfacet
  facet normal 0 0 1
    outer loop
      vertex -15.4929 -4.462 0.4
      vertex -15.55 -4.175 0.4
      vertex -15.5356 -4.32131 0.4
    endloop
  endfacet
  facet normal 0.956917 -0.29036 0
    outer loop
      vertex -9.7571 -4.462 0.4
      vertex -9.71441 -4.32131 0
      vertex -9.71441 -4.32131 0.4
    endloop
  endfacet
  facet normal 0.956917 -0.29036 0
    outer loop
      vertex -9.71441 -4.32131 0
      vertex -9.7571 -4.462 0.4
      vertex -9.7571 -4.462 0
    endloop
  endfacet
  facet normal 0 0 -1
    outer loop
      vertex -10.45 -4.925 0
      vertex -9.7 -4.175 0
      vertex -9.71441 -4.32131 0
    endloop
  endfacet
  facet normal -0 0 -1
    outer loop
      vertex -9.7 -4.175 0
      vertex -10.45 -4.925 0
      vertex -9.7 0.174995 0
    endloop
  endfacet
  facet normal 0 0 -1
    outer loop
      vertex -10.45 -4.925 0
      vertex -9.71441 -4.32131 0
      vertex -9.7571 -4.462 0
    endloop
  endfacet
  facet normal 0 0 -1
    outer loop
      vertex -10.45 0.924995 0
      vertex -9.7 0.174995 0
      vertex -10.45 -4.925 0
    endloop
  endfacet
  facet normal 0 0 -1
    outer loop
      vertex -10.45 -4.925 0
      vertex -9.7571 -4.462 0
      vertex -9.8264 -4.59167 0
    endloop
  endfacet
  facet normal 0 0 -1
    outer loop
      vertex -9.7 0.174995 0
      vertex -10.45 0.924995 0
      vertex -9.71441 0.321308 0
    endloop
  endfacet
  facet normal 0 0 -1
    outer loop
      vertex -10.45 -4.925 0
      vertex -9.8264 -4.59167 0
      vertex -9.91967 -4.70533 0
    endloop
  endfacet
  facet normal 0 0 -1
    outer loop
      vertex -9.71441 0.321308 0
      vertex -10.45 0.924995 0
      vertex -9.7571 0.462002 0
    endloop
  endfacet
  facet normal 0 0 -1
    outer loop
      vertex -10.45 -4.925 0
      vertex -9.91967 -4.70533 0
      vertex -10.0333 -4.7986 0
    endloop
  endfacet
  facet normal 0 0 -1
    outer loop
      vertex -9.7571 0.462002 0
      vertex -10.45 0.924995 0
      vertex -9.8264 0.591675 0
    endloop
  endfacet
  facet normal 0 0 -1
    outer loop
      vertex -10.45 -4.925 0
      vertex -10.0333 -4.7986 0
      vertex -10.163 -4.8679 0
    endloop
  endfacet
  facet normal 0 0 -1
    outer loop
      vertex -9.8264 0.591675 0
      vertex -10.45 0.924995 0
      vertex -9.91967 0.705326 0
    endloop
  endfacet
  facet normal 0 0 -1
    outer loop
      vertex -10.45 -4.925 0
      vertex -10.163 -4.8679 0
      vertex -10.3037 -4.91059 0
    endloop
  endfacet
  facet normal 0 0 -1
    outer loop
      vertex -9.91967 0.705326 0
      vertex -10.45 0.924995 0
      vertex -10.0333 0.798595 0
    endloop
  endfacet
  facet normal 0 0 -1
    outer loop
      vertex -10.0333 0.798595 0
      vertex -10.45 0.924995 0
      vertex -10.163 0.867901 0
    endloop
  endfacet
  facet normal 0 0 -1
    outer loop
      vertex -10.163 0.867901 0
      vertex -10.45 0.924995 0
      vertex -10.3037 0.910587 0
    endloop
  endfacet
  facet normal 0 0 -1
    outer loop
      vertex -14.8 -4.925 0
      vertex -10.45 0.924995 0
      vertex -10.45 -4.925 0
    endloop
  endfacet
  facet normal 0 0 -1
    outer loop
      vertex -14.8 -4.925 0
      vertex -14.8 0.924995 0
      vertex -10.45 0.924995 0
    endloop
  endfacet
  facet normal 0 0 -1
    outer loop
      vertex -15.55 -4.175 0
      vertex -14.8 -4.925 0
      vertex -14.9463 -4.91059 0
    endloop
  endfacet
  facet normal 0 0 -1
    outer loop
      vertex -14.8 -4.925 0
      vertex -15.55 -4.175 0
      vertex -14.8 0.924995 0
    endloop
  endfacet
  facet normal 0 0 -1
    outer loop
      vertex -15.55 -4.175 0
      vertex -14.9463 -4.91059 0
      vertex -15.087 -4.8679 0
    endloop
  endfacet
  facet normal 0 0 -1
    outer loop
      vertex -15.55 0.174995 0
      vertex -14.8 0.924995 0
      vertex -15.55 -4.175 0
    endloop
  endfacet
  facet normal 0 0 -1
    outer loop
      vertex -15.55 -4.175 0
      vertex -15.087 -4.8679 0
      vertex -15.2167 -4.7986 0
    endloop
  endfacet
  facet normal 0 0 -1
    outer loop
      vertex -14.8 0.924995 0
      vertex -15.55 0.174995 0
      vertex -14.9463 0.910587 0
    endloop
  endfacet
  facet normal 0 0 -1
    outer loop
      vertex -15.55 -4.175 0
      vertex -15.2167 -4.7986 0
      vertex -15.3303 -4.70533 0
    endloop
  endfacet
  facet normal 0 0 -1
    outer loop
      vertex -14.9463 0.910587 0
      vertex -15.55 0.174995 0
      vertex -15.087 0.867901 0
    endloop
  endfacet
  facet normal 0 0 -1
    outer loop
      vertex -15.55 -4.175 0
      vertex -15.3303 -4.70533 0
      vertex -15.4236 -4.59167 0
    endloop
  endfacet
  facet normal 0 0 -1
    outer loop
      vertex -15.087 0.867901 0
      vertex -15.55 0.174995 0
      vertex -15.2167 0.798595 0
    endloop
  endfacet
  facet normal 0 0 -1
    outer loop
      vertex -15.55 -4.175 0
      vertex -15.4236 -4.59167 0
      vertex -15.4929 -4.462 0
    endloop
  endfacet
  facet normal 0 0 -1
    outer loop
      vertex -15.2167 0.798595 0
      vertex -15.55 0.174995 0
      vertex -15.3303 0.705326 0
    endloop
  endfacet
  facet normal 0 0 -1
    outer loop
      vertex -15.55 -4.175 0
      vertex -15.4929 -4.462 0
      vertex -15.5356 -4.32131 0
    endloop
  endfacet
  facet normal 0 0 -1
    outer loop
      vertex -15.3303 0.705326 0
      vertex -15.55 0.174995 0
      vertex -15.4236 0.591675 0
    endloop
  endfacet
  facet normal 0 0 -1
    outer loop
      vertex -15.4236 0.591675 0
      vertex -15.55 0.174995 0
      vertex -15.4929 0.462002 0
    endloop
  endfacet
  facet normal 0 0 -1
    outer loop
      vertex -15.4929 0.462002 0
      vertex -15.55 0.174995 0
      vertex -15.5356 0.321308 0
    endloop
  endfacet
  facet normal -0.956904 -0.290404 0
    outer loop
      vertex -15.4929 21.038 0
      vertex -15.5356 21.1787 0.4
      vertex -15.5356 21.1787 0
    endloop
  endfacet
  facet normal -0.956904 -0.290404 0
    outer loop
      vertex -15.5356 21.1787 0.4
      vertex -15.4929 21.038 0
      vertex -15.4929 21.038 0.4
    endloop
  endfacet
  facet normal -1 0 0
    outer loop
      vertex -15.55 21.325 0
      vertex -15.55 25.675 0.4
      vertex -15.55 25.675 0
    endloop
  endfacet
  facet normal -1 -0 0
    outer loop
      vertex -15.55 25.675 0.4
      vertex -15.55 21.325 0
      vertex -15.55 21.325 0.4
    endloop
  endfacet
  facet normal -0.995191 -0.0979545 0
    outer loop
      vertex -15.5356 21.1787 0
      vertex -15.55 21.325 0.4
      vertex -15.55 21.325 0
    endloop
  endfacet
  facet normal -0.995191 -0.0979545 0
    outer loop
      vertex -15.55 21.325 0.4
      vertex -15.5356 21.1787 0
      vertex -15.5356 21.1787 0.4
    endloop
  endfacet
  facet normal -0.956904 0.290404 0
    outer loop
      vertex -15.5356 25.8213 0
      vertex -15.4929 25.962 0.4
      vertex -15.4929 25.962 0
    endloop
  endfacet
  facet normal -0.956904 0.290404 0
    outer loop
      vertex -15.4929 25.962 0.4
      vertex -15.5356 25.8213 0
      vertex -15.5356 25.8213 0.4
    endloop
  endfacet
  facet normal 0 1 -0
    outer loop
      vertex -10.45 26.425 0
      vertex -14.8 26.425 0.4
      vertex -10.45 26.425 0.4
    endloop
  endfacet
  facet normal 0 1 0
    outer loop
      vertex -14.8 26.425 0.4
      vertex -10.45 26.425 0
      vertex -14.8 26.425 0
    endloop
  endfacet
  facet normal 0.881995 0.471259 0
    outer loop
      vertex -9.7571 25.962 0.4
      vertex -9.8264 26.0917 0
      vertex -9.8264 26.0917 0.4
    endloop
  endfacet
  facet normal 0.881995 0.471259 0
    outer loop
      vertex -9.8264 26.0917 0
      vertex -9.7571 25.962 0.4
      vertex -9.7571 25.962 0
    endloop
  endfacet
  facet normal -0.634681 -0.772774 0
    outer loop
      vertex -15.3303 20.7947 0
      vertex -15.2167 20.7014 0.4
      vertex -15.3303 20.7947 0.4
    endloop
  endfacet
  facet normal -0.634681 -0.772774 -0
    outer loop
      vertex -15.2167 20.7014 0.4
      vertex -15.3303 20.7947 0
      vertex -15.2167 20.7014 0
    endloop
  endfacet
  facet normal -0.634681 0.772774 0
    outer loop
      vertex -15.2167 26.2986 0
      vertex -15.3303 26.2053 0.4
      vertex -15.2167 26.2986 0.4
    endloop
  endfacet
  facet normal -0.634681 0.772774 0
    outer loop
      vertex -15.3303 26.2053 0.4
      vertex -15.2167 26.2986 0
      vertex -15.3303 26.2053 0
    endloop
  endfacet
  facet normal -0.772774 0.634681 0
    outer loop
      vertex -15.4236 26.0917 0
      vertex -15.3303 26.2053 0.4
      vertex -15.3303 26.2053 0
    endloop
  endfacet
  facet normal -0.772774 0.634681 0
    outer loop
      vertex -15.3303 26.2053 0.4
      vertex -15.4236 26.0917 0
      vertex -15.4236 26.0917 0.4
    endloop
  endfacet
  facet normal 0.634581 -0.772856 0
    outer loop
      vertex -10.0333 20.7014 0
      vertex -9.91967 20.7947 0.4
      vertex -10.0333 20.7014 0.4
    endloop
  endfacet
  facet normal 0.634581 -0.772856 0
    outer loop
      vertex -9.91967 20.7947 0.4
      vertex -10.0333 20.7014 0
      vertex -9.91967 20.7947 0
    endloop
  endfacet
  facet normal -0.995191 0.0979545 0
    outer loop
      vertex -15.55 25.675 0
      vertex -15.5356 25.8213 0.4
      vertex -15.5356 25.8213 0
    endloop
  endfacet
  facet normal -0.995191 0.0979545 0
    outer loop
      vertex -15.5356 25.8213 0.4
      vertex -15.55 25.675 0
      vertex -15.55 25.675 0.4
    endloop
  endfacet
  facet normal 0.471259 -0.881995 0
    outer loop
      vertex -10.163 20.6321 0
      vertex -10.0333 20.7014 0.4
      vertex -10.163 20.6321 0.4
    endloop
  endfacet
  facet normal 0.471259 -0.881995 0
    outer loop
      vertex -10.0333 20.7014 0.4
      vertex -10.163 20.6321 0
      vertex -10.0333 20.7014 0
    endloop
  endfacet
  facet normal 0.995184 0.0980219 0
    outer loop
      vertex -9.7 25.675 0.4
      vertex -9.71441 25.8213 0
      vertex -9.71441 25.8213 0.4
    endloop
  endfacet
  facet normal 0.995184 0.0980219 0
    outer loop
      vertex -9.71441 25.8213 0
      vertex -9.7 25.675 0.4
      vertex -9.7 25.675 0
    endloop
  endfacet
  facet normal 0 -1 0
    outer loop
      vertex -14.8 20.575 0
      vertex -10.45 20.575 0.4
      vertex -14.8 20.575 0.4
    endloop
  endfacet
  facet normal 0 -1 -0
    outer loop
      vertex -10.45 20.575 0.4
      vertex -14.8 20.575 0
      vertex -10.45 20.575 0
    endloop
  endfacet
  facet normal -0.881995 0.471259 0
    outer loop
      vertex -15.4929 25.962 0
      vertex -15.4236 26.0917 0.4
      vertex -15.4236 26.0917 0
    endloop
  endfacet
  facet normal -0.881995 0.471259 0
    outer loop
      vertex -15.4236 26.0917 0.4
      vertex -15.4929 25.962 0
      vertex -15.4929 25.962 0.4
    endloop
  endfacet
  facet normal 1 -0 0
    outer loop
      vertex -9.7 21.325 0.4
      vertex -9.7 25.675 0
      vertex -9.7 25.675 0.4
    endloop
  endfacet
  facet normal 1 0 0
    outer loop
      vertex -9.7 25.675 0
      vertex -9.7 21.325 0.4
      vertex -9.7 21.325 0
    endloop
  endfacet
  facet normal 0.772874 -0.63456 0
    outer loop
      vertex -9.91967 20.7947 0.4
      vertex -9.8264 20.9083 0
      vertex -9.8264 20.9083 0.4
    endloop
  endfacet
  facet normal 0.772874 -0.63456 0
    outer loop
      vertex -9.8264 20.9083 0
      vertex -9.91967 20.7947 0.4
      vertex -9.91967 20.7947 0
    endloop
  endfacet
  facet normal 0.995184 -0.0980219 0
    outer loop
      vertex -9.71441 21.1787 0.4
      vertex -9.7 21.325 0
      vertex -9.7 21.325 0.4
    endloop
  endfacet
  facet normal 0.995184 -0.0980219 0
    outer loop
      vertex -9.7 21.325 0
      vertex -9.71441 21.1787 0.4
      vertex -9.71441 21.1787 0
    endloop
  endfacet
  facet normal -0.0979545 0.995191 0
    outer loop
      vertex -14.8 26.425 0
      vertex -14.9463 26.4106 0.4
      vertex -14.8 26.425 0.4
    endloop
  endfacet
  facet normal -0.0979545 0.995191 0
    outer loop
      vertex -14.9463 26.4106 0.4
      vertex -14.8 26.425 0
      vertex -14.9463 26.4106 0
    endloop
  endfacet
  facet normal 0 0 1
    outer loop
      vertex -10.45 26.425 0.4
      vertex -9.7 25.675 0.4
      vertex -9.71441 25.8213 0.4
    endloop
  endfacet
  facet normal 0 0 1
    outer loop
      vertex -9.7 25.675 0.4
      vertex -10.45 26.425 0.4
      vertex -9.7 21.325 0.4
    endloop
  endfacet
  facet normal 0 0 1
    outer loop
      vertex -10.45 26.425 0.4
      vertex -9.71441 25.8213 0.4
      vertex -9.7571 25.962 0.4
    endloop
  endfacet
  facet normal 0 0 1
    outer loop
      vertex -10.45 20.575 0.4
      vertex -9.7 21.325 0.4
      vertex -10.45 26.425 0.4
    endloop
  endfacet
  facet normal 0 0 1
    outer loop
      vertex -10.45 26.425 0.4
      vertex -9.7571 25.962 0.4
      vertex -9.8264 26.0917 0.4
    endloop
  endfacet
  facet normal 0 0 1
    outer loop
      vertex -9.7 21.325 0.4
      vertex -10.45 20.575 0.4
      vertex -9.71441 21.1787 0.4
    endloop
  endfacet
  facet normal 0 0 1
    outer loop
      vertex -10.45 26.425 0.4
      vertex -9.8264 26.0917 0.4
      vertex -9.91967 26.2053 0.4
    endloop
  endfacet
  facet normal 0 0 1
    outer loop
      vertex -9.71441 21.1787 0.4
      vertex -10.45 20.575 0.4
      vertex -9.7571 21.038 0.4
    endloop
  endfacet
  facet normal 0 0 1
    outer loop
      vertex -10.45 26.425 0.4
      vertex -9.91967 26.2053 0.4
      vertex -10.0333 26.2986 0.4
    endloop
  endfacet
  facet normal 0 0 1
    outer loop
      vertex -9.7571 21.038 0.4
      vertex -10.45 20.575 0.4
      vertex -9.8264 20.9083 0.4
    endloop
  endfacet
  facet normal 0 0 1
    outer loop
      vertex -10.45 26.425 0.4
      vertex -10.0333 26.2986 0.4
      vertex -10.163 26.3679 0.4
    endloop
  endfacet
  facet normal 0 0 1
    outer loop
      vertex -9.8264 20.9083 0.4
      vertex -10.45 20.575 0.4
      vertex -9.91967 20.7947 0.4
    endloop
  endfacet
  facet normal 0 0 1
    outer loop
      vertex -10.45 26.425 0.4
      vertex -10.163 26.3679 0.4
      vertex -10.3037 26.4106 0.4
    endloop
  endfacet
  facet normal 0 0 1
    outer loop
      vertex -9.91967 20.7947 0.4
      vertex -10.45 20.575 0.4
      vertex -10.0333 20.7014 0.4
    endloop
  endfacet
  facet normal 0 0 1
    outer loop
      vertex -10.0333 20.7014 0.4
      vertex -10.45 20.575 0.4
      vertex -10.163 20.6321 0.4
    endloop
  endfacet
  facet normal 0 0 1
    outer loop
      vertex -10.163 20.6321 0.4
      vertex -10.45 20.575 0.4
      vertex -10.3037 20.5894 0.4
    endloop
  endfacet
  facet normal -0 0 1
    outer loop
      vertex -14.8 26.425 0.4
      vertex -10.45 20.575 0.4
      vertex -10.45 26.425 0.4
    endloop
  endfacet
  facet normal 0 0 1
    outer loop
      vertex -14.8 26.425 0.4
      vertex -14.8 20.575 0.4
      vertex -10.45 20.575 0.4
    endloop
  endfacet
  facet normal 0 0 1
    outer loop
      vertex -15.55 25.675 0.4
      vertex -14.8 26.425 0.4
      vertex -14.9463 26.4106 0.4
    endloop
  endfacet
  facet normal 0 0 1
    outer loop
      vertex -14.8 26.425 0.4
      vertex -15.55 25.675 0.4
      vertex -14.8 20.575 0.4
    endloop
  endfacet
  facet normal 0 0 1
    outer loop
      vertex -15.55 25.675 0.4
      vertex -14.9463 26.4106 0.4
      vertex -15.087 26.3679 0.4
    endloop
  endfacet
  facet normal -0 0 1
    outer loop
      vertex -15.55 21.325 0.4
      vertex -14.8 20.575 0.4
      vertex -15.55 25.675 0.4
    endloop
  endfacet
  facet normal 0 0 1
    outer loop
      vertex -15.55 25.675 0.4
      vertex -15.087 26.3679 0.4
      vertex -15.2167 26.2986 0.4
    endloop
  endfacet
  facet normal 0 0 1
    outer loop
      vertex -14.8 20.575 0.4
      vertex -15.55 21.325 0.4
      vertex -14.9463 20.5894 0.4
    endloop
  endfacet
  facet normal 0 0 1
    outer loop
      vertex -15.55 25.675 0.4
      vertex -15.2167 26.2986 0.4
      vertex -15.3303 26.2053 0.4
    endloop
  endfacet
  facet normal 0 0 1
    outer loop
      vertex -14.9463 20.5894 0.4
      vertex -15.55 21.325 0.4
      vertex -15.087 20.6321 0.4
    endloop
  endfacet
  facet normal 0 0 1
    outer loop
      vertex -15.55 25.675 0.4
      vertex -15.3303 26.2053 0.4
      vertex -15.4236 26.0917 0.4
    endloop
  endfacet
  facet normal 0 0 1
    outer loop
      vertex -15.087 20.6321 0.4
      vertex -15.55 21.325 0.4
      vertex -15.2167 20.7014 0.4
    endloop
  endfacet
  facet normal 0 0 1
    outer loop
      vertex -15.55 25.675 0.4
      vertex -15.4236 26.0917 0.4
      vertex -15.4929 25.962 0.4
    endloop
  endfacet
  facet normal 0 0 1
    outer loop
      vertex -15.2167 20.7014 0.4
      vertex -15.55 21.325 0.4
      vertex -15.3303 20.7947 0.4
    endloop
  endfacet
  facet normal 0 0 1
    outer loop
      vertex -15.55 25.675 0.4
      vertex -15.4929 25.962 0.4
      vertex -15.5356 25.8213 0.4
    endloop
  endfacet
  facet normal 0 0 1
    outer loop
      vertex -15.3303 20.7947 0.4
      vertex -15.55 21.325 0.4
      vertex -15.4236 20.9083 0.4
    endloop
  endfacet
  facet normal 0 0 1
    outer loop
      vertex -15.4236 20.9083 0.4
      vertex -15.55 21.325 0.4
      vertex -15.4929 21.038 0.4
    endloop
  endfacet
  facet normal 0 0 1
    outer loop
      vertex -15.4929 21.038 0.4
      vertex -15.55 21.325 0.4
      vertex -15.5356 21.1787 0.4
    endloop
  endfacet
  facet normal 0.772874 0.63456 0
    outer loop
      vertex -9.8264 26.0917 0.4
      vertex -9.91967 26.2053 0
      vertex -9.91967 26.2053 0.4
    endloop
  endfacet
  facet normal 0.772874 0.63456 0
    outer loop
      vertex -9.91967 26.2053 0
      vertex -9.8264 26.0917 0.4
      vertex -9.8264 26.0917 0
    endloop
  endfacet
  facet normal 0.881995 -0.471259 0
    outer loop
      vertex -9.8264 20.9083 0.4
      vertex -9.7571 21.038 0
      vertex -9.7571 21.038 0.4
    endloop
  endfacet
  facet normal 0.881995 -0.471259 0
    outer loop
      vertex -9.7571 21.038 0
      vertex -9.8264 20.9083 0.4
      vertex -9.8264 20.9083 0
    endloop
  endfacet
  facet normal 0.290404 0.956904 -0
    outer loop
      vertex -10.163 26.3679 0
      vertex -10.3037 26.4106 0.4
      vertex -10.163 26.3679 0.4
    endloop
  endfacet
  facet normal 0.290404 0.956904 0
    outer loop
      vertex -10.3037 26.4106 0.4
      vertex -10.163 26.3679 0
      vertex -10.3037 26.4106 0
    endloop
  endfacet
  facet normal -0.290404 -0.956904 0
    outer loop
      vertex -15.087 20.6321 0
      vertex -14.9463 20.5894 0.4
      vertex -15.087 20.6321 0.4
    endloop
  endfacet
  facet normal -0.290404 -0.956904 -0
    outer loop
      vertex -14.9463 20.5894 0.4
      vertex -15.087 20.6321 0
      vertex -14.9463 20.5894 0
    endloop
  endfacet
  facet normal -0.471259 0.881995 0
    outer loop
      vertex -15.087 26.3679 0
      vertex -15.2167 26.2986 0.4
      vertex -15.087 26.3679 0.4
    endloop
  endfacet
  facet normal -0.471259 0.881995 0
    outer loop
      vertex -15.2167 26.2986 0.4
      vertex -15.087 26.3679 0
      vertex -15.2167 26.2986 0
    endloop
  endfacet
  facet normal -0.471259 -0.881995 0
    outer loop
      vertex -15.2167 20.7014 0
      vertex -15.087 20.6321 0.4
      vertex -15.2167 20.7014 0.4
    endloop
  endfacet
  facet normal -0.471259 -0.881995 -0
    outer loop
      vertex -15.087 20.6321 0.4
      vertex -15.2167 20.7014 0
      vertex -15.087 20.6321 0
    endloop
  endfacet
  facet normal 0 0 -1
    outer loop
      vertex -10.45 20.575 0
      vertex -9.7 21.325 0
      vertex -9.71441 21.1787 0
    endloop
  endfacet
  facet normal -0 0 -1
    outer loop
      vertex -9.7 21.325 0
      vertex -10.45 20.575 0
      vertex -9.7 25.675 0
    endloop
  endfacet
  facet normal 0 0 -1
    outer loop
      vertex -10.45 20.575 0
      vertex -9.71441 21.1787 0
      vertex -9.7571 21.038 0
    endloop
  endfacet
  facet normal 0 0 -1
    outer loop
      vertex -10.45 26.425 0
      vertex -9.7 25.675 0
      vertex -10.45 20.575 0
    endloop
  endfacet
  facet normal 0 0 -1
    outer loop
      vertex -10.45 20.575 0
      vertex -9.7571 21.038 0
      vertex -9.8264 20.9083 0
    endloop
  endfacet
  facet normal 0 0 -1
    outer loop
      vertex -9.7 25.675 0
      vertex -10.45 26.425 0
      vertex -9.71441 25.8213 0
    endloop
  endfacet
  facet normal 0 0 -1
    outer loop
      vertex -10.45 20.575 0
      vertex -9.8264 20.9083 0
      vertex -9.91967 20.7947 0
    endloop
  endfacet
  facet normal 0 0 -1
    outer loop
      vertex -9.71441 25.8213 0
      vertex -10.45 26.425 0
      vertex -9.7571 25.962 0
    endloop
  endfacet
  facet normal 0 0 -1
    outer loop
      vertex -10.45 20.575 0
      vertex -9.91967 20.7947 0
      vertex -10.0333 20.7014 0
    endloop
  endfacet
  facet normal 0 0 -1
    outer loop
      vertex -9.7571 25.962 0
      vertex -10.45 26.425 0
      vertex -9.8264 26.0917 0
    endloop
  endfacet
  facet normal 0 0 -1
    outer loop
      vertex -10.45 20.575 0
      vertex -10.0333 20.7014 0
      vertex -10.163 20.6321 0
    endloop
  endfacet
  facet normal 0 0 -1
    outer loop
      vertex -9.8264 26.0917 0
      vertex -10.45 26.425 0
      vertex -9.91967 26.2053 0
    endloop
  endfacet
  facet normal 0 0 -1
    outer loop
      vertex -10.45 20.575 0
      vertex -10.163 20.6321 0
      vertex -10.3037 20.5894 0
    endloop
  endfacet
  facet normal 0 0 -1
    outer loop
      vertex -9.91967 26.2053 0
      vertex -10.45 26.425 0
      vertex -10.0333 26.2986 0
    endloop
  endfacet
  facet normal 0 0 -1
    outer loop
      vertex -10.0333 26.2986 0
      vertex -10.45 26.425 0
      vertex -10.163 26.3679 0
    endloop
  endfacet
  facet normal 0 0 -1
    outer loop
      vertex -10.163 26.3679 0
      vertex -10.45 26.425 0
      vertex -10.3037 26.4106 0
    endloop
  endfacet
  facet normal 0 0 -1
    outer loop
      vertex -14.8 20.575 0
      vertex -10.45 26.425 0
      vertex -10.45 20.575 0
    endloop
  endfacet
  facet normal 0 0 -1
    outer loop
      vertex -14.8 20.575 0
      vertex -14.8 26.425 0
      vertex -10.45 26.425 0
    endloop
  endfacet
  facet normal 0 0 -1
    outer loop
      vertex -15.55 21.325 0
      vertex -14.8 20.575 0
      vertex -14.9463 20.5894 0
    endloop
  endfacet
  facet normal 0 0 -1
    outer loop
      vertex -14.8 20.575 0
      vertex -15.55 21.325 0
      vertex -14.8 26.425 0
    endloop
  endfacet
  facet normal 0 0 -1
    outer loop
      vertex -15.55 21.325 0
      vertex -14.9463 20.5894 0
      vertex -15.087 20.6321 0
    endloop
  endfacet
  facet normal 0 0 -1
    outer loop
      vertex -15.55 25.675 0
      vertex -14.8 26.425 0
      vertex -15.55 21.325 0
    endloop
  endfacet
  facet normal 0 0 -1
    outer loop
      vertex -15.55 21.325 0
      vertex -15.087 20.6321 0
      vertex -15.2167 20.7014 0
    endloop
  endfacet
  facet normal 0 0 -1
    outer loop
      vertex -14.8 26.425 0
      vertex -15.55 25.675 0
      vertex -14.9463 26.4106 0
    endloop
  endfacet
  facet normal 0 0 -1
    outer loop
      vertex -15.55 21.325 0
      vertex -15.2167 20.7014 0
      vertex -15.3303 20.7947 0
    endloop
  endfacet
  facet normal 0 0 -1
    outer loop
      vertex -14.9463 26.4106 0
      vertex -15.55 25.675 0
      vertex -15.087 26.3679 0
    endloop
  endfacet
  facet normal 0 0 -1
    outer loop
      vertex -15.55 21.325 0
      vertex -15.3303 20.7947 0
      vertex -15.4236 20.9083 0
    endloop
  endfacet
  facet normal 0 0 -1
    outer loop
      vertex -15.087 26.3679 0
      vertex -15.55 25.675 0
      vertex -15.2167 26.2986 0
    endloop
  endfacet
  facet normal 0 0 -1
    outer loop
      vertex -15.55 21.325 0
      vertex -15.4236 20.9083 0
      vertex -15.4929 21.038 0
    endloop
  endfacet
  facet normal 0 0 -1
    outer loop
      vertex -15.2167 26.2986 0
      vertex -15.55 25.675 0
      vertex -15.3303 26.2053 0
    endloop
  endfacet
  facet normal 0 0 -1
    outer loop
      vertex -15.55 21.325 0
      vertex -15.4929 21.038 0
      vertex -15.5356 21.1787 0
    endloop
  endfacet
  facet normal 0 0 -1
    outer loop
      vertex -15.3303 26.2053 0
      vertex -15.55 25.675 0
      vertex -15.4236 26.0917 0
    endloop
  endfacet
  facet normal 0 0 -1
    outer loop
      vertex -15.4236 26.0917 0
      vertex -15.55 25.675 0
      vertex -15.4929 25.962 0
    endloop
  endfacet
  facet normal 0 0 -1
    outer loop
      vertex -15.4929 25.962 0
      vertex -15.55 25.675 0
      vertex -15.5356 25.8213 0
    endloop
  endfacet
  facet normal 0.471259 0.881995 -0
    outer loop
      vertex -10.0333 26.2986 0
      vertex -10.163 26.3679 0.4
      vertex -10.0333 26.2986 0.4
    endloop
  endfacet
  facet normal 0.471259 0.881995 0
    outer loop
      vertex -10.163 26.3679 0.4
      vertex -10.0333 26.2986 0
      vertex -10.163 26.3679 0
    endloop
  endfacet
  facet normal -0.290404 0.956904 0
    outer loop
      vertex -14.9463 26.4106 0
      vertex -15.087 26.3679 0.4
      vertex -14.9463 26.4106 0.4
    endloop
  endfacet
  facet normal -0.290404 0.956904 0
    outer loop
      vertex -15.087 26.3679 0.4
      vertex -14.9463 26.4106 0
      vertex -15.087 26.3679 0
    endloop
  endfacet
  facet normal 0.956923 0.290341 0
    outer loop
      vertex -9.71441 25.8213 0.4
      vertex -9.7571 25.962 0
      vertex -9.7571 25.962 0.4
    endloop
  endfacet
  facet normal 0.956923 0.290341 0
    outer loop
      vertex -9.7571 25.962 0
      vertex -9.71441 25.8213 0.4
      vertex -9.71441 25.8213 0
    endloop
  endfacet
  facet normal 0.0979545 0.995191 -0
    outer loop
      vertex -10.3037 26.4106 0
      vertex -10.45 26.425 0.4
      vertex -10.3037 26.4106 0.4
    endloop
  endfacet
  facet normal 0.0979545 0.995191 0
    outer loop
      vertex -10.45 26.425 0.4
      vertex -10.3037 26.4106 0
      vertex -10.45 26.425 0
    endloop
  endfacet
  facet normal 0.634581 0.772856 -0
    outer loop
      vertex -9.91967 26.2053 0
      vertex -10.0333 26.2986 0.4
      vertex -9.91967 26.2053 0.4
    endloop
  endfacet
  facet normal 0.634581 0.772856 0
    outer loop
      vertex -10.0333 26.2986 0.4
      vertex -9.91967 26.2053 0
      vertex -10.0333 26.2986 0
    endloop
  endfacet
  facet normal 0.956923 -0.290341 0
    outer loop
      vertex -9.7571 21.038 0.4
      vertex -9.71441 21.1787 0
      vertex -9.71441 21.1787 0.4
    endloop
  endfacet
  facet normal 0.956923 -0.290341 0
    outer loop
      vertex -9.71441 21.1787 0
      vertex -9.7571 21.038 0.4
      vertex -9.7571 21.038 0
    endloop
  endfacet
  facet normal -0.881995 -0.471259 0
    outer loop
      vertex -15.4236 20.9083 0
      vertex -15.4929 21.038 0.4
      vertex -15.4929 21.038 0
    endloop
  endfacet
  facet normal -0.881995 -0.471259 0
    outer loop
      vertex -15.4929 21.038 0.4
      vertex -15.4236 20.9083 0
      vertex -15.4236 20.9083 0.4
    endloop
  endfacet
  facet normal 0.0979545 -0.995191 0
    outer loop
      vertex -10.45 20.575 0
      vertex -10.3037 20.5894 0.4
      vertex -10.45 20.575 0.4
    endloop
  endfacet
  facet normal 0.0979545 -0.995191 0
    outer loop
      vertex -10.3037 20.5894 0.4
      vertex -10.45 20.575 0
      vertex -10.3037 20.5894 0
    endloop
  endfacet
  facet normal 0.290404 -0.956904 0
    outer loop
      vertex -10.3037 20.5894 0
      vertex -10.163 20.6321 0.4
      vertex -10.3037 20.5894 0.4
    endloop
  endfacet
  facet normal 0.290404 -0.956904 0
    outer loop
      vertex -10.163 20.6321 0.4
      vertex -10.3037 20.5894 0
      vertex -10.163 20.6321 0
    endloop
  endfacet
  facet normal -0.772774 -0.634681 0
    outer loop
      vertex -15.3303 20.7947 0
      vertex -15.4236 20.9083 0.4
      vertex -15.4236 20.9083 0
    endloop
  endfacet
  facet normal -0.772774 -0.634681 0
    outer loop
      vertex -15.4236 20.9083 0.4
      vertex -15.3303 20.7947 0
      vertex -15.3303 20.7947 0.4
    endloop
  endfacet
  facet normal -0.0979545 -0.995191 0
    outer loop
      vertex -14.9463 20.5894 0
      vertex -14.8 20.575 0.4
      vertex -14.9463 20.5894 0.4
    endloop
  endfacet
  facet normal -0.0979545 -0.995191 -0
    outer loop
      vertex -14.8 20.575 0.4
      vertex -14.9463 20.5894 0
      vertex -14.8 20.575 0
    endloop
  endfacet
  facet normal -0.956917 -0.29036 0
    outer loop
      vertex -2.7429 1.913 0
      vertex -2.78559 2.05369 0.4
      vertex -2.78559 2.05369 0
    endloop
  endfacet
  facet normal -0.956917 -0.29036 0
    outer loop
      vertex -2.78559 2.05369 0.4
      vertex -2.7429 1.913 0
      vertex -2.7429 1.913 0.4
    endloop
  endfacet
  facet normal -1 0 0
    outer loop
      vertex -2.8 2.2 0
      vertex -2.8 6.55 0.4
      vertex -2.8 6.55 0
    endloop
  endfacet
  facet normal -1 -0 0
    outer loop
      vertex -2.8 6.55 0.4
      vertex -2.8 2.2 0
      vertex -2.8 2.2 0.4
    endloop
  endfacet
  facet normal -0.995185 -0.0980153 0
    outer loop
      vertex -2.78559 2.05369 0
      vertex -2.8 2.2 0.4
      vertex -2.8 2.2 0
    endloop
  endfacet
  facet normal -0.995185 -0.0980153 0
    outer loop
      vertex -2.8 2.2 0.4
      vertex -2.78559 2.05369 0
      vertex -2.78559 2.05369 0.4
    endloop
  endfacet
  facet normal 0 1 -0
    outer loop
      vertex 2.3 7.3 0
      vertex -2.05 7.3 0.4
      vertex 2.3 7.3 0.4
    endloop
  endfacet
  facet normal 0 1 0
    outer loop
      vertex -2.05 7.3 0.4
      vertex 2.3 7.3 0
      vertex -2.05 7.3 0
    endloop
  endfacet
  facet normal 0.995185 -0.0980153 0
    outer loop
      vertex 3.03559 2.05369 0.4
      vertex 3.05 2.2 0
      vertex 3.05 2.2 0.4
    endloop
  endfacet
  facet normal 0.995185 -0.0980153 0
    outer loop
      vertex 3.05 2.2 0
      vertex 3.03559 2.05369 0.4
      vertex 3.03559 2.05369 0
    endloop
  endfacet
  facet normal -0.995185 0.0980153 0
    outer loop
      vertex -2.8 6.55 0
      vertex -2.78559 6.69631 0.4
      vertex -2.78559 6.69631 0
    endloop
  endfacet
  facet normal -0.995185 0.0980153 0
    outer loop
      vertex -2.78559 6.69631 0.4
      vertex -2.8 6.55 0
      vertex -2.8 6.55 0.4
    endloop
  endfacet
  facet normal -0.634359 0.773038 0
    outer loop
      vertex -2.46667 7.1736 0
      vertex -2.58033 7.08033 0.4
      vertex -2.46667 7.1736 0.4
    endloop
  endfacet
  facet normal -0.634359 0.773038 0
    outer loop
      vertex -2.58033 7.08033 0.4
      vertex -2.46667 7.1736 0
      vertex -2.58033 7.08033 0
    endloop
  endfacet
  facet normal -0.773038 0.634359 0
    outer loop
      vertex -2.6736 6.96667 0
      vertex -2.58033 7.08033 0.4
      vertex -2.58033 7.08033 0
    endloop
  endfacet
  facet normal -0.773038 0.634359 0
    outer loop
      vertex -2.58033 7.08033 0.4
      vertex -2.6736 6.96667 0
      vertex -2.6736 6.96667 0.4
    endloop
  endfacet
  facet normal 0.0980153 -0.995185 0
    outer loop
      vertex 2.3 1.45 0
      vertex 2.44631 1.46441 0.4
      vertex 2.3 1.45 0.4
    endloop
  endfacet
  facet normal 0.0980153 -0.995185 0
    outer loop
      vertex 2.44631 1.46441 0.4
      vertex 2.3 1.45 0
      vertex 2.44631 1.46441 0
    endloop
  endfacet
  facet normal 0.773038 -0.634359 0
    outer loop
      vertex 2.83033 1.66967 0.4
      vertex 2.9236 1.78333 0
      vertex 2.9236 1.78333 0.4
    endloop
  endfacet
  facet normal 0.773038 -0.634359 0
    outer loop
      vertex 2.9236 1.78333 0
      vertex 2.83033 1.66967 0.4
      vertex 2.83033 1.66967 0
    endloop
  endfacet
  facet normal 0.88195 -0.471344 0
    outer loop
      vertex 2.9236 1.78333 0.4
      vertex 2.9929 1.913 0
      vertex 2.9929 1.913 0.4
    endloop
  endfacet
  facet normal 0.88195 -0.471344 0
    outer loop
      vertex 2.9929 1.913 0
      vertex 2.9236 1.78333 0.4
      vertex 2.9236 1.78333 0
    endloop
  endfacet
  facet normal 0.88195 0.471344 0
    outer loop
      vertex 2.9929 6.837 0.4
      vertex 2.9236 6.96667 0
      vertex 2.9236 6.96667 0.4
    endloop
  endfacet
  facet normal 0.88195 0.471344 0
    outer loop
      vertex 2.9236 6.96667 0
      vertex 2.9929 6.837 0.4
      vertex 2.9929 6.837 0
    endloop
  endfacet
  facet normal -0.634359 -0.773038 0
    outer loop
      vertex -2.58033 1.66967 0
      vertex -2.46667 1.5764 0.4
      vertex -2.58033 1.66967 0.4
    endloop
  endfacet
  facet normal -0.634359 -0.773038 -0
    outer loop
      vertex -2.46667 1.5764 0.4
      vertex -2.58033 1.66967 0
      vertex -2.46667 1.5764 0
    endloop
  endfacet
  facet normal 0.995185 0.0980153 0
    outer loop
      vertex 3.05 6.55 0.4
      vertex 3.03559 6.69631 0
      vertex 3.03559 6.69631 0.4
    endloop
  endfacet
  facet normal 0.995185 0.0980153 0
    outer loop
      vertex 3.03559 6.69631 0
      vertex 3.05 6.55 0.4
      vertex 3.05 6.55 0
    endloop
  endfacet
  facet normal 0 -1 0
    outer loop
      vertex -2.05 1.45 0
      vertex 2.3 1.45 0.4
      vertex -2.05 1.45 0.4
    endloop
  endfacet
  facet normal 0 -1 -0
    outer loop
      vertex 2.3 1.45 0.4
      vertex -2.05 1.45 0
      vertex 2.3 1.45 0
    endloop
  endfacet
  facet normal 0.634359 0.773038 -0
    outer loop
      vertex 2.83033 7.08033 0
      vertex 2.71667 7.1736 0.4
      vertex 2.83033 7.08033 0.4
    endloop
  endfacet
  facet normal 0.634359 0.773038 0
    outer loop
      vertex 2.71667 7.1736 0.4
      vertex 2.83033 7.08033 0
      vertex 2.71667 7.1736 0
    endloop
  endfacet
  facet normal 1 -0 0
    outer loop
      vertex 3.05 2.2 0.4
      vertex 3.05 6.55 0
      vertex 3.05 6.55 0.4
    endloop
  endfacet
  facet normal 1 0 0
    outer loop
      vertex 3.05 6.55 0
      vertex 3.05 2.2 0.4
      vertex 3.05 2.2 0
    endloop
  endfacet
  facet normal -0.29036 -0.956917 0
    outer loop
      vertex -2.337 1.5071 0
      vertex -2.19631 1.46441 0.4
      vertex -2.337 1.5071 0.4
    endloop
  endfacet
  facet normal -0.29036 -0.956917 -0
    outer loop
      vertex -2.19631 1.46441 0.4
      vertex -2.337 1.5071 0
      vertex -2.19631 1.46441 0
    endloop
  endfacet
  facet normal -0.88195 -0.471344 0
    outer loop
      vertex -2.6736 1.78333 0
      vertex -2.7429 1.913 0.4
      vertex -2.7429 1.913 0
    endloop
  endfacet
  facet normal -0.88195 -0.471344 0
    outer loop
      vertex -2.7429 1.913 0.4
      vertex -2.6736 1.78333 0
      vertex -2.6736 1.78333 0.4
    endloop
  endfacet
  facet normal 0.634359 -0.773038 0
    outer loop
      vertex 2.71667 1.5764 0
      vertex 2.83033 1.66967 0.4
      vertex 2.71667 1.5764 0.4
    endloop
  endfacet
  facet normal 0.634359 -0.773038 0
    outer loop
      vertex 2.83033 1.66967 0.4
      vertex 2.71667 1.5764 0
      vertex 2.83033 1.66967 0
    endloop
  endfacet
  facet normal -0.471344 -0.88195 0
    outer loop
      vertex -2.46667 1.5764 0
      vertex -2.337 1.5071 0.4
      vertex -2.46667 1.5764 0.4
    endloop
  endfacet
  facet normal -0.471344 -0.88195 -0
    outer loop
      vertex -2.337 1.5071 0.4
      vertex -2.46667 1.5764 0
      vertex -2.337 1.5071 0
    endloop
  endfacet
  facet normal 0.956917 0.29036 0
    outer loop
      vertex 3.03559 6.69631 0.4
      vertex 2.9929 6.837 0
      vertex 2.9929 6.837 0.4
    endloop
  endfacet
  facet normal 0.956917 0.29036 0
    outer loop
      vertex 2.9929 6.837 0
      vertex 3.03559 6.69631 0.4
      vertex 3.03559 6.69631 0
    endloop
  endfacet
  facet normal -0.29036 0.956917 0
    outer loop
      vertex -2.19631 7.28559 0
      vertex -2.337 7.2429 0.4
      vertex -2.19631 7.28559 0.4
    endloop
  endfacet
  facet normal -0.29036 0.956917 0
    outer loop
      vertex -2.337 7.2429 0.4
      vertex -2.19631 7.28559 0
      vertex -2.337 7.2429 0
    endloop
  endfacet
  facet normal -0.88195 0.471344 0
    outer loop
      vertex -2.7429 6.837 0
      vertex -2.6736 6.96667 0.4
      vertex -2.6736 6.96667 0
    endloop
  endfacet
  facet normal -0.88195 0.471344 0
    outer loop
      vertex -2.6736 6.96667 0.4
      vertex -2.7429 6.837 0
      vertex -2.7429 6.837 0.4
    endloop
  endfacet
  facet normal -0.471344 0.88195 0
    outer loop
      vertex -2.337 7.2429 0
      vertex -2.46667 7.1736 0.4
      vertex -2.337 7.2429 0.4
    endloop
  endfacet
  facet normal -0.471344 0.88195 0
    outer loop
      vertex -2.46667 7.1736 0.4
      vertex -2.337 7.2429 0
      vertex -2.46667 7.1736 0
    endloop
  endfacet
  facet normal 0.773038 0.634359 0
    outer loop
      vertex 2.9236 6.96667 0.4
      vertex 2.83033 7.08033 0
      vertex 2.83033 7.08033 0.4
    endloop
  endfacet
  facet normal 0.773038 0.634359 0
    outer loop
      vertex 2.83033 7.08033 0
      vertex 2.9236 6.96667 0.4
      vertex 2.9236 6.96667 0
    endloop
  endfacet
  facet normal 0 0 1
    outer loop
      vertex 2.3 7.3 0.4
      vertex 3.05 6.55 0.4
      vertex 3.03559 6.69631 0.4
    endloop
  endfacet
  facet normal 0 0 1
    outer loop
      vertex 3.05 6.55 0.4
      vertex 2.3 7.3 0.4
      vertex 3.05 2.2 0.4
    endloop
  endfacet
  facet normal 0 0 1
    outer loop
      vertex 2.3 7.3 0.4
      vertex 3.03559 6.69631 0.4
      vertex 2.9929 6.837 0.4
    endloop
  endfacet
  facet normal 0 0 1
    outer loop
      vertex 2.3 1.45 0.4
      vertex 3.05 2.2 0.4
      vertex 2.3 7.3 0.4
    endloop
  endfacet
  facet normal 0 0 1
    outer loop
      vertex 2.3 7.3 0.4
      vertex 2.9929 6.837 0.4
      vertex 2.9236 6.96667 0.4
    endloop
  endfacet
  facet normal 0 0 1
    outer loop
      vertex 3.05 2.2 0.4
      vertex 2.3 1.45 0.4
      vertex 3.03559 2.05369 0.4
    endloop
  endfacet
  facet normal 0 0 1
    outer loop
      vertex 2.3 7.3 0.4
      vertex 2.9236 6.96667 0.4
      vertex 2.83033 7.08033 0.4
    endloop
  endfacet
  facet normal 0 0 1
    outer loop
      vertex 3.03559 2.05369 0.4
      vertex 2.3 1.45 0.4
      vertex 2.9929 1.913 0.4
    endloop
  endfacet
  facet normal 0 0 1
    outer loop
      vertex 2.3 7.3 0.4
      vertex 2.83033 7.08033 0.4
      vertex 2.71667 7.1736 0.4
    endloop
  endfacet
  facet normal 0 0 1
    outer loop
      vertex 2.9929 1.913 0.4
      vertex 2.3 1.45 0.4
      vertex 2.9236 1.78333 0.4
    endloop
  endfacet
  facet normal 0 0 1
    outer loop
      vertex 2.3 7.3 0.4
      vertex 2.71667 7.1736 0.4
      vertex 2.587 7.2429 0.4
    endloop
  endfacet
  facet normal 0 0 1
    outer loop
      vertex 2.9236 1.78333 0.4
      vertex 2.3 1.45 0.4
      vertex 2.83033 1.66967 0.4
    endloop
  endfacet
  facet normal 0 0 1
    outer loop
      vertex 2.3 7.3 0.4
      vertex 2.587 7.2429 0.4
      vertex 2.44631 7.28559 0.4
    endloop
  endfacet
  facet normal 0 0 1
    outer loop
      vertex 2.83033 1.66967 0.4
      vertex 2.3 1.45 0.4
      vertex 2.71667 1.5764 0.4
    endloop
  endfacet
  facet normal 0 0 1
    outer loop
      vertex 2.71667 1.5764 0.4
      vertex 2.3 1.45 0.4
      vertex 2.587 1.5071 0.4
    endloop
  endfacet
  facet normal 0 0 1
    outer loop
      vertex 2.587 1.5071 0.4
      vertex 2.3 1.45 0.4
      vertex 2.44631 1.46441 0.4
    endloop
  endfacet
  facet normal -0 0 1
    outer loop
      vertex -2.05 7.3 0.4
      vertex 2.3 1.45 0.4
      vertex 2.3 7.3 0.4
    endloop
  endfacet
  facet normal 0 0 1
    outer loop
      vertex -2.05 7.3 0.4
      vertex -2.05 1.45 0.4
      vertex 2.3 1.45 0.4
    endloop
  endfacet
  facet normal 0 0 1
    outer loop
      vertex -2.8 6.55 0.4
      vertex -2.05 7.3 0.4
      vertex -2.19631 7.28559 0.4
    endloop
  endfacet
  facet normal 0 0 1
    outer loop
      vertex -2.05 7.3 0.4
      vertex -2.8 6.55 0.4
      vertex -2.05 1.45 0.4
    endloop
  endfacet
  facet normal 0 0 1
    outer loop
      vertex -2.8 6.55 0.4
      vertex -2.19631 7.28559 0.4
      vertex -2.337 7.2429 0.4
    endloop
  endfacet
  facet normal -0 0 1
    outer loop
      vertex -2.8 2.2 0.4
      vertex -2.05 1.45 0.4
      vertex -2.8 6.55 0.4
    endloop
  endfacet
  facet normal 0 0 1
    outer loop
      vertex -2.8 6.55 0.4
      vertex -2.337 7.2429 0.4
      vertex -2.46667 7.1736 0.4
    endloop
  endfacet
  facet normal 0 0 1
    outer loop
      vertex -2.05 1.45 0.4
      vertex -2.8 2.2 0.4
      vertex -2.19631 1.46441 0.4
    endloop
  endfacet
  facet normal 0 0 1
    outer loop
      vertex -2.8 6.55 0.4
      vertex -2.46667 7.1736 0.4
      vertex -2.58033 7.08033 0.4
    endloop
  endfacet
  facet normal 0 0 1
    outer loop
      vertex -2.19631 1.46441 0.4
      vertex -2.8 2.2 0.4
      vertex -2.337 1.5071 0.4
    endloop
  endfacet
  facet normal 0 0 1
    outer loop
      vertex -2.8 6.55 0.4
      vertex -2.58033 7.08033 0.4
      vertex -2.6736 6.96667 0.4
    endloop
  endfacet
  facet normal 0 0 1
    outer loop
      vertex -2.337 1.5071 0.4
      vertex -2.8 2.2 0.4
      vertex -2.46667 1.5764 0.4
    endloop
  endfacet
  facet normal 0 0 1
    outer loop
      vertex -2.8 6.55 0.4
      vertex -2.6736 6.96667 0.4
      vertex -2.7429 6.837 0.4
    endloop
  endfacet
  facet normal 0 0 1
    outer loop
      vertex -2.46667 1.5764 0.4
      vertex -2.8 2.2 0.4
      vertex -2.58033 1.66967 0.4
    endloop
  endfacet
  facet normal 0 0 1
    outer loop
      vertex -2.8 6.55 0.4
      vertex -2.7429 6.837 0.4
      vertex -2.78559 6.69631 0.4
    endloop
  endfacet
  facet normal 0 0 1
    outer loop
      vertex -2.58033 1.66967 0.4
      vertex -2.8 2.2 0.4
      vertex -2.6736 1.78333 0.4
    endloop
  endfacet
  facet normal 0 0 1
    outer loop
      vertex -2.6736 1.78333 0.4
      vertex -2.8 2.2 0.4
      vertex -2.7429 1.913 0.4
    endloop
  endfacet
  facet normal 0 0 1
    outer loop
      vertex -2.7429 1.913 0.4
      vertex -2.8 2.2 0.4
      vertex -2.78559 2.05369 0.4
    endloop
  endfacet
  facet normal 0.29036 0.956917 -0
    outer loop
      vertex 2.587 7.2429 0
      vertex 2.44631 7.28559 0.4
      vertex 2.587 7.2429 0.4
    endloop
  endfacet
  facet normal 0.29036 0.956917 0
    outer loop
      vertex 2.44631 7.28559 0.4
      vertex 2.587 7.2429 0
      vertex 2.44631 7.28559 0
    endloop
  endfacet
  facet normal 0.0980153 0.995185 -0
    outer loop
      vertex 2.44631 7.28559 0
      vertex 2.3 7.3 0.4
      vertex 2.44631 7.28559 0.4
    endloop
  endfacet
  facet normal 0.0980153 0.995185 0
    outer loop
      vertex 2.3 7.3 0.4
      vertex 2.44631 7.28559 0
      vertex 2.3 7.3 0
    endloop
  endfacet
  facet normal 0.471344 0.88195 -0
    outer loop
      vertex 2.71667 7.1736 0
      vertex 2.587 7.2429 0.4
      vertex 2.71667 7.1736 0.4
    endloop
  endfacet
  facet normal 0.471344 0.88195 0
    outer loop
      vertex 2.587 7.2429 0.4
      vertex 2.71667 7.1736 0
      vertex 2.587 7.2429 0
    endloop
  endfacet
  facet normal -0.0980153 0.995185 0
    outer loop
      vertex -2.05 7.3 0
      vertex -2.19631 7.28559 0.4
      vertex -2.05 7.3 0.4
    endloop
  endfacet
  facet normal -0.0980153 0.995185 0
    outer loop
      vertex -2.19631 7.28559 0.4
      vertex -2.05 7.3 0
      vertex -2.19631 7.28559 0
    endloop
  endfacet
  facet normal 0.29036 -0.956917 0
    outer loop
      vertex 2.44631 1.46441 0
      vertex 2.587 1.5071 0.4
      vertex 2.44631 1.46441 0.4
    endloop
  endfacet
  facet normal 0.29036 -0.956917 0
    outer loop
      vertex 2.587 1.5071 0.4
      vertex 2.44631 1.46441 0
      vertex 2.587 1.5071 0
    endloop
  endfacet
  facet normal -0.956917 0.29036 0
    outer loop
      vertex -2.78559 6.69631 0
      vertex -2.7429 6.837 0.4
      vertex -2.7429 6.837 0
    endloop
  endfacet
  facet normal -0.956917 0.29036 0
    outer loop
      vertex -2.7429 6.837 0.4
      vertex -2.78559 6.69631 0
      vertex -2.78559 6.69631 0.4
    endloop
  endfacet
  facet normal 0.471344 -0.88195 0
    outer loop
      vertex 2.587 1.5071 0
      vertex 2.71667 1.5764 0.4
      vertex 2.587 1.5071 0.4
    endloop
  endfacet
  facet normal 0.471344 -0.88195 0
    outer loop
      vertex 2.71667 1.5764 0.4
      vertex 2.587 1.5071 0
      vertex 2.71667 1.5764 0
    endloop
  endfacet
  facet normal 0 0 -1
    outer loop
      vertex 2.3 1.45 0
      vertex 3.05 2.2 0
      vertex 3.03559 2.05369 0
    endloop
  endfacet
  facet normal -0 0 -1
    outer loop
      vertex 3.05 2.2 0
      vertex 2.3 1.45 0
      vertex 3.05 6.55 0
    endloop
  endfacet
  facet normal 0 0 -1
    outer loop
      vertex 2.3 1.45 0
      vertex 3.03559 2.05369 0
      vertex 2.9929 1.913 0
    endloop
  endfacet
  facet normal 0 0 -1
    outer loop
      vertex 2.3 7.3 0
      vertex 3.05 6.55 0
      vertex 2.3 1.45 0
    endloop
  endfacet
  facet normal 0 0 -1
    outer loop
      vertex 2.3 1.45 0
      vertex 2.9929 1.913 0
      vertex 2.9236 1.78333 0
    endloop
  endfacet
  facet normal 0 0 -1
    outer loop
      vertex 3.05 6.55 0
      vertex 2.3 7.3 0
      vertex 3.03559 6.69631 0
    endloop
  endfacet
  facet normal 0 0 -1
    outer loop
      vertex 2.3 1.45 0
      vertex 2.9236 1.78333 0
      vertex 2.83033 1.66967 0
    endloop
  endfacet
  facet normal 0 0 -1
    outer loop
      vertex 3.03559 6.69631 0
      vertex 2.3 7.3 0
      vertex 2.9929 6.837 0
    endloop
  endfacet
  facet normal 0 0 -1
    outer loop
      vertex 2.3 1.45 0
      vertex 2.83033 1.66967 0
      vertex 2.71667 1.5764 0
    endloop
  endfacet
  facet normal 0 0 -1
    outer loop
      vertex 2.9929 6.837 0
      vertex 2.3 7.3 0
      vertex 2.9236 6.96667 0
    endloop
  endfacet
  facet normal 0 0 -1
    outer loop
      vertex 2.3 1.45 0
      vertex 2.71667 1.5764 0
      vertex 2.587 1.5071 0
    endloop
  endfacet
  facet normal 0 0 -1
    outer loop
      vertex 2.9236 6.96667 0
      vertex 2.3 7.3 0
      vertex 2.83033 7.08033 0
    endloop
  endfacet
  facet normal 0 0 -1
    outer loop
      vertex 2.3 1.45 0
      vertex 2.587 1.5071 0
      vertex 2.44631 1.46441 0
    endloop
  endfacet
  facet normal 0 0 -1
    outer loop
      vertex 2.83033 7.08033 0
      vertex 2.3 7.3 0
      vertex 2.71667 7.1736 0
    endloop
  endfacet
  facet normal 0 0 -1
    outer loop
      vertex 2.71667 7.1736 0
      vertex 2.3 7.3 0
      vertex 2.587 7.2429 0
    endloop
  endfacet
  facet normal 0 0 -1
    outer loop
      vertex 2.587 7.2429 0
      vertex 2.3 7.3 0
      vertex 2.44631 7.28559 0
    endloop
  endfacet
  facet normal 0 0 -1
    outer loop
      vertex -2.05 1.45 0
      vertex 2.3 7.3 0
      vertex 2.3 1.45 0
    endloop
  endfacet
  facet normal 0 0 -1
    outer loop
      vertex -2.05 1.45 0
      vertex -2.05 7.3 0
      vertex 2.3 7.3 0
    endloop
  endfacet
  facet normal 0 0 -1
    outer loop
      vertex -2.8 2.2 0
      vertex -2.05 1.45 0
      vertex -2.19631 1.46441 0
    endloop
  endfacet
  facet normal 0 0 -1
    outer loop
      vertex -2.05 1.45 0
      vertex -2.8 2.2 0
      vertex -2.05 7.3 0
    endloop
  endfacet
  facet normal 0 0 -1
    outer loop
      vertex -2.8 2.2 0
      vertex -2.19631 1.46441 0
      vertex -2.337 1.5071 0
    endloop
  endfacet
  facet normal 0 0 -1
    outer loop
      vertex -2.8 6.55 0
      vertex -2.05 7.3 0
      vertex -2.8 2.2 0
    endloop
  endfacet
  facet normal 0 0 -1
    outer loop
      vertex -2.8 2.2 0
      vertex -2.337 1.5071 0
      vertex -2.46667 1.5764 0
    endloop
  endfacet
  facet normal 0 0 -1
    outer loop
      vertex -2.05 7.3 0
      vertex -2.8 6.55 0
      vertex -2.19631 7.28559 0
    endloop
  endfacet
  facet normal 0 0 -1
    outer loop
      vertex -2.8 2.2 0
      vertex -2.46667 1.5764 0
      vertex -2.58033 1.66967 0
    endloop
  endfacet
  facet normal 0 0 -1
    outer loop
      vertex -2.19631 7.28559 0
      vertex -2.8 6.55 0
      vertex -2.337 7.2429 0
    endloop
  endfacet
  facet normal 0 0 -1
    outer loop
      vertex -2.8 2.2 0
      vertex -2.58033 1.66967 0
      vertex -2.6736 1.78333 0
    endloop
  endfacet
  facet normal 0 0 -1
    outer loop
      vertex -2.337 7.2429 0
      vertex -2.8 6.55 0
      vertex -2.46667 7.1736 0
    endloop
  endfacet
  facet normal 0 0 -1
    outer loop
      vertex -2.8 2.2 0
      vertex -2.6736 1.78333 0
      vertex -2.7429 1.913 0
    endloop
  endfacet
  facet normal 0 0 -1
    outer loop
      vertex -2.46667 7.1736 0
      vertex -2.8 6.55 0
      vertex -2.58033 7.08033 0
    endloop
  endfacet
  facet normal 0 0 -1
    outer loop
      vertex -2.8 2.2 0
      vertex -2.7429 1.913 0
      vertex -2.78559 2.05369 0
    endloop
  endfacet
  facet normal 0 0 -1
    outer loop
      vertex -2.58033 7.08033 0
      vertex -2.8 6.55 0
      vertex -2.6736 6.96667 0
    endloop
  endfacet
  facet normal 0 0 -1
    outer loop
      vertex -2.6736 6.96667 0
      vertex -2.8 6.55 0
      vertex -2.7429 6.837 0
    endloop
  endfacet
  facet normal 0 0 -1
    outer loop
      vertex -2.7429 6.837 0
      vertex -2.8 6.55 0
      vertex -2.78559 6.69631 0
    endloop
  endfacet
  facet normal -0.773038 -0.634359 0
    outer loop
      vertex -2.58033 1.66967 0
      vertex -2.6736 1.78333 0.4
      vertex -2.6736 1.78333 0
    endloop
  endfacet
  facet normal -0.773038 -0.634359 0
    outer loop
      vertex -2.6736 1.78333 0.4
      vertex -2.58033 1.66967 0
      vertex -2.58033 1.66967 0.4
    endloop
  endfacet
  facet normal 0.956917 -0.29036 0
    outer loop
      vertex 2.9929 1.913 0.4
      vertex 3.03559 2.05369 0
      vertex 3.03559 2.05369 0.4
    endloop
  endfacet
  facet normal 0.956917 -0.29036 0
    outer loop
      vertex 3.03559 2.05369 0
      vertex 2.9929 1.913 0.4
      vertex 2.9929 1.913 0
    endloop
  endfacet
  facet normal -0.0980153 -0.995185 0
    outer loop
      vertex -2.19631 1.46441 0
      vertex -2.05 1.45 0.4
      vertex -2.19631 1.46441 0.4
    endloop
  endfacet
  facet normal -0.0980153 -0.995185 -0
    outer loop
      vertex -2.05 1.45 0.4
      vertex -2.19631 1.46441 0
      vertex -2.05 1.45 0
    endloop
  endfacet
  facet normal -0.956917 -0.29036 0
    outer loop
      vertex -2.7429 8.288 0
      vertex -2.78559 8.42869 0.4
      vertex -2.78559 8.42869 0
    endloop
  endfacet
  facet normal -0.956917 -0.29036 0
    outer loop
      vertex -2.78559 8.42869 0.4
      vertex -2.7429 8.288 0
      vertex -2.7429 8.288 0.4
    endloop
  endfacet
  facet normal -1 0 0
    outer loop
      vertex -2.8 8.575 0
      vertex -2.8 12.925 0.4
      vertex -2.8 12.925 0
    endloop
  endfacet
  facet normal -1 -0 0
    outer loop
      vertex -2.8 12.925 0.4
      vertex -2.8 8.575 0
      vertex -2.8 8.575 0.4
    endloop
  endfacet
  facet normal -0.995185 -0.0980153 0
    outer loop
      vertex -2.78559 8.42869 0
      vertex -2.8 8.575 0.4
      vertex -2.8 8.575 0
    endloop
  endfacet
  facet normal -0.995185 -0.0980153 0
    outer loop
      vertex -2.8 8.575 0.4
      vertex -2.78559 8.42869 0
      vertex -2.78559 8.42869 0.4
    endloop
  endfacet
  facet normal -0.956923 0.290341 0
    outer loop
      vertex -2.78559 13.0713 0
      vertex -2.7429 13.212 0.4
      vertex -2.7429 13.212 0
    endloop
  endfacet
  facet normal -0.956923 0.290341 0
    outer loop
      vertex -2.7429 13.212 0.4
      vertex -2.78559 13.0713 0
      vertex -2.78559 13.0713 0.4
    endloop
  endfacet
  facet normal 0 1 -0
    outer loop
      vertex 2.3 13.675 0
      vertex -2.05 13.675 0.4
      vertex 2.3 13.675 0.4
    endloop
  endfacet
  facet normal 0 1 0
    outer loop
      vertex -2.05 13.675 0.4
      vertex 2.3 13.675 0
      vertex -2.05 13.675 0
    endloop
  endfacet
  facet normal 0.881995 0.471259 0
    outer loop
      vertex 2.9929 13.212 0.4
      vertex 2.9236 13.3417 0
      vertex 2.9236 13.3417 0.4
    endloop
  endfacet
  facet normal 0.881995 0.471259 0
    outer loop
      vertex 2.9236 13.3417 0
      vertex 2.9929 13.212 0.4
      vertex 2.9929 13.212 0
    endloop
  endfacet
  facet normal -0.634359 -0.773038 0
    outer loop
      vertex -2.58033 8.04467 0
      vertex -2.46667 7.9514 0.4
      vertex -2.58033 8.04467 0.4
    endloop
  endfacet
  facet normal -0.634359 -0.773038 -0
    outer loop
      vertex -2.46667 7.9514 0.4
      vertex -2.58033 8.04467 0
      vertex -2.46667 7.9514 0
    endloop
  endfacet
  facet normal -0.634481 0.772938 0
    outer loop
      vertex -2.46667 13.5486 0
      vertex -2.58033 13.4553 0.4
      vertex -2.46667 13.5486 0.4
    endloop
  endfacet
  facet normal -0.634481 0.772938 0
    outer loop
      vertex -2.58033 13.4553 0.4
      vertex -2.46667 13.5486 0
      vertex -2.58033 13.4553 0
    endloop
  endfacet
  facet normal -0.772874 0.63456 0
    outer loop
      vertex -2.6736 13.3417 0
      vertex -2.58033 13.4553 0.4
      vertex -2.58033 13.4553 0
    endloop
  endfacet
  facet normal -0.772874 0.63456 0
    outer loop
      vertex -2.58033 13.4553 0.4
      vertex -2.6736 13.3417 0
      vertex -2.6736 13.3417 0.4
    endloop
  endfacet
  facet normal 0.634359 -0.773038 0
    outer loop
      vertex 2.71667 7.9514 0
      vertex 2.83033 8.04467 0.4
      vertex 2.71667 7.9514 0.4
    endloop
  endfacet
  facet normal 0.634359 -0.773038 0
    outer loop
      vertex 2.83033 8.04467 0.4
      vertex 2.71667 7.9514 0
      vertex 2.83033 8.04467 0
    endloop
  endfacet
  facet normal -0.995184 0.0980219 0
    outer loop
      vertex -2.8 12.925 0
      vertex -2.78559 13.0713 0.4
      vertex -2.78559 13.0713 0
    endloop
  endfacet
  facet normal -0.995184 0.0980219 0
    outer loop
      vertex -2.78559 13.0713 0.4
      vertex -2.8 12.925 0
      vertex -2.8 12.925 0.4
    endloop
  endfacet
  facet normal 0.471344 -0.88195 0
    outer loop
      vertex 2.587 7.8821 0
      vertex 2.71667 7.9514 0.4
      vertex 2.587 7.8821 0.4
    endloop
  endfacet
  facet normal 0.471344 -0.88195 0
    outer loop
      vertex 2.71667 7.9514 0.4
      vertex 2.587 7.8821 0
      vertex 2.71667 7.9514 0
    endloop
  endfacet
  facet normal 0.995184 0.0980219 0
    outer loop
      vertex 3.05 12.925 0.4
      vertex 3.03559 13.0713 0
      vertex 3.03559 13.0713 0.4
    endloop
  endfacet
  facet normal 0.995184 0.0980219 0
    outer loop
      vertex 3.03559 13.0713 0
      vertex 3.05 12.925 0.4
      vertex 3.05 12.925 0
    endloop
  endfacet
  facet normal 0 -1 0
    outer loop
      vertex -2.05 7.825 0
      vertex 2.3 7.825 0.4
      vertex -2.05 7.825 0.4
    endloop
  endfacet
  facet normal 0 -1 -0
    outer loop
      vertex 2.3 7.825 0.4
      vertex -2.05 7.825 0
      vertex 2.3 7.825 0
    endloop
  endfacet
  facet normal -0.881995 0.471259 0
    outer loop
      vertex -2.7429 13.212 0
      vertex -2.6736 13.3417 0.4
      vertex -2.6736 13.3417 0
    endloop
  endfacet
  facet normal -0.881995 0.471259 0
    outer loop
      vertex -2.6736 13.3417 0.4
      vertex -2.7429 13.212 0
      vertex -2.7429 13.212 0.4
    endloop
  endfacet
  facet normal 1 -0 0
    outer loop
      vertex 3.05 8.575 0.4
      vertex 3.05 12.925 0
      vertex 3.05 12.925 0.4
    endloop
  endfacet
  facet normal 1 0 0
    outer loop
      vertex 3.05 12.925 0
      vertex 3.05 8.575 0.4
      vertex 3.05 8.575 0
    endloop
  endfacet
  facet normal 0.773038 -0.634359 0
    outer loop
      vertex 2.83033 8.04467 0.4
      vertex 2.9236 8.15833 0
      vertex 2.9236 8.15833 0.4
    endloop
  endfacet
  facet normal 0.773038 -0.634359 0
    outer loop
      vertex 2.9236 8.15833 0
      vertex 2.83033 8.04467 0.4
      vertex 2.83033 8.04467 0
    endloop
  endfacet
  facet normal 0.995185 -0.0980153 0
    outer loop
      vertex 3.03559 8.42869 0.4
      vertex 3.05 8.575 0
      vertex 3.05 8.575 0.4
    endloop
  endfacet
  facet normal 0.995185 -0.0980153 0
    outer loop
      vertex 3.05 8.575 0
      vertex 3.03559 8.42869 0.4
      vertex 3.03559 8.42869 0
    endloop
  endfacet
  facet normal -0.0979479 0.995192 0
    outer loop
      vertex -2.05 13.675 0
      vertex -2.19631 13.6606 0.4
      vertex -2.05 13.675 0.4
    endloop
  endfacet
  facet normal -0.0979479 0.995192 0
    outer loop
      vertex -2.19631 13.6606 0.4
      vertex -2.05 13.675 0
      vertex -2.19631 13.6606 0
    endloop
  endfacet
  facet normal 0 0 1
    outer loop
      vertex 2.3 13.675 0.4
      vertex 3.05 12.925 0.4
      vertex 3.03559 13.0713 0.4
    endloop
  endfacet
  facet normal 0 0 1
    outer loop
      vertex 3.05 12.925 0.4
      vertex 2.3 13.675 0.4
      vertex 3.05 8.575 0.4
    endloop
  endfacet
  facet normal 0 0 1
    outer loop
      vertex 2.3 13.675 0.4
      vertex 3.03559 13.0713 0.4
      vertex 2.9929 13.212 0.4
    endloop
  endfacet
  facet normal 0 0 1
    outer loop
      vertex 2.3 7.825 0.4
      vertex 3.05 8.575 0.4
      vertex 2.3 13.675 0.4
    endloop
  endfacet
  facet normal 0 0 1
    outer loop
      vertex 2.3 13.675 0.4
      vertex 2.9929 13.212 0.4
      vertex 2.9236 13.3417 0.4
    endloop
  endfacet
  facet normal 0 0 1
    outer loop
      vertex 3.05 8.575 0.4
      vertex 2.3 7.825 0.4
      vertex 3.03559 8.42869 0.4
    endloop
  endfacet
  facet normal 0 0 1
    outer loop
      vertex 2.3 13.675 0.4
      vertex 2.9236 13.3417 0.4
      vertex 2.83033 13.4553 0.4
    endloop
  endfacet
  facet normal 0 0 1
    outer loop
      vertex 3.03559 8.42869 0.4
      vertex 2.3 7.825 0.4
      vertex 2.9929 8.288 0.4
    endloop
  endfacet
  facet normal 0 0 1
    outer loop
      vertex 2.3 13.675 0.4
      vertex 2.83033 13.4553 0.4
      vertex 2.71667 13.5486 0.4
    endloop
  endfacet
  facet normal 0 0 1
    outer loop
      vertex 2.9929 8.288 0.4
      vertex 2.3 7.825 0.4
      vertex 2.9236 8.15833 0.4
    endloop
  endfacet
  facet normal 0 0 1
    outer loop
      vertex 2.3 13.675 0.4
      vertex 2.71667 13.5486 0.4
      vertex 2.587 13.6179 0.4
    endloop
  endfacet
  facet normal 0 0 1
    outer loop
      vertex 2.9236 8.15833 0.4
      vertex 2.3 7.825 0.4
      vertex 2.83033 8.04467 0.4
    endloop
  endfacet
  facet normal 0 0 1
    outer loop
      vertex 2.3 13.675 0.4
      vertex 2.587 13.6179 0.4
      vertex 2.44631 13.6606 0.4
    endloop
  endfacet
  facet normal 0 0 1
    outer loop
      vertex 2.83033 8.04467 0.4
      vertex 2.3 7.825 0.4
      vertex 2.71667 7.9514 0.4
    endloop
  endfacet
  facet normal 0 0 1
    outer loop
      vertex 2.71667 7.9514 0.4
      vertex 2.3 7.825 0.4
      vertex 2.587 7.8821 0.4
    endloop
  endfacet
  facet normal 0 0 1
    outer loop
      vertex 2.587 7.8821 0.4
      vertex 2.3 7.825 0.4
      vertex 2.44631 7.83941 0.4
    endloop
  endfacet
  facet normal -0 0 1
    outer loop
      vertex -2.05 13.675 0.4
      vertex 2.3 7.825 0.4
      vertex 2.3 13.675 0.4
    endloop
  endfacet
  facet normal 0 0 1
    outer loop
      vertex -2.05 13.675 0.4
      vertex -2.05 7.825 0.4
      vertex 2.3 7.825 0.4
    endloop
  endfacet
  facet normal 0 0 1
    outer loop
      vertex -2.8 12.925 0.4
      vertex -2.05 13.675 0.4
      vertex -2.19631 13.6606 0.4
    endloop
  endfacet
  facet normal 0 0 1
    outer loop
      vertex -2.05 13.675 0.4
      vertex -2.8 12.925 0.4
      vertex -2.05 7.825 0.4
    endloop
  endfacet
  facet normal 0 0 1
    outer loop
      vertex -2.8 12.925 0.4
      vertex -2.19631 13.6606 0.4
      vertex -2.337 13.6179 0.4
    endloop
  endfacet
  facet normal -0 0 1
    outer loop
      vertex -2.8 8.575 0.4
      vertex -2.05 7.825 0.4
      vertex -2.8 12.925 0.4
    endloop
  endfacet
  facet normal 0 0 1
    outer loop
      vertex -2.8 12.925 0.4
      vertex -2.337 13.6179 0.4
      vertex -2.46667 13.5486 0.4
    endloop
  endfacet
  facet normal 0 0 1
    outer loop
      vertex -2.05 7.825 0.4
      vertex -2.8 8.575 0.4
      vertex -2.19631 7.83941 0.4
    endloop
  endfacet
  facet normal 0 0 1
    outer loop
      vertex -2.8 12.925 0.4
      vertex -2.46667 13.5486 0.4
      vertex -2.58033 13.4553 0.4
    endloop
  endfacet
  facet normal 0 0 1
    outer loop
      vertex -2.19631 7.83941 0.4
      vertex -2.8 8.575 0.4
      vertex -2.337 7.8821 0.4
    endloop
  endfacet
  facet normal 0 0 1
    outer loop
      vertex -2.8 12.925 0.4
      vertex -2.58033 13.4553 0.4
      vertex -2.6736 13.3417 0.4
    endloop
  endfacet
  facet normal 0 0 1
    outer loop
      vertex -2.337 7.8821 0.4
      vertex -2.8 8.575 0.4
      vertex -2.46667 7.9514 0.4
    endloop
  endfacet
  facet normal 0 0 1
    outer loop
      vertex -2.8 12.925 0.4
      vertex -2.6736 13.3417 0.4
      vertex -2.7429 13.212 0.4
    endloop
  endfacet
  facet normal 0 0 1
    outer loop
      vertex -2.46667 7.9514 0.4
      vertex -2.8 8.575 0.4
      vertex -2.58033 8.04467 0.4
    endloop
  endfacet
  facet normal 0 0 1
    outer loop
      vertex -2.8 12.925 0.4
      vertex -2.7429 13.212 0.4
      vertex -2.78559 13.0713 0.4
    endloop
  endfacet
  facet normal 0 0 1
    outer loop
      vertex -2.58033 8.04467 0.4
      vertex -2.8 8.575 0.4
      vertex -2.6736 8.15833 0.4
    endloop
  endfacet
  facet normal 0 0 1
    outer loop
      vertex -2.6736 8.15833 0.4
      vertex -2.8 8.575 0.4
      vertex -2.7429 8.288 0.4
    endloop
  endfacet
  facet normal 0 0 1
    outer loop
      vertex -2.7429 8.288 0.4
      vertex -2.8 8.575 0.4
      vertex -2.78559 8.42869 0.4
    endloop
  endfacet
  facet normal 0.772874 0.63456 0
    outer loop
      vertex 2.9236 13.3417 0.4
      vertex 2.83033 13.4553 0
      vertex 2.83033 13.4553 0.4
    endloop
  endfacet
  facet normal 0.772874 0.63456 0
    outer loop
      vertex 2.83033 13.4553 0
      vertex 2.9236 13.3417 0.4
      vertex 2.9236 13.3417 0
    endloop
  endfacet
  facet normal 0.88195 -0.471344 0
    outer loop
      vertex 2.9236 8.15833 0.4
      vertex 2.9929 8.288 0
      vertex 2.9929 8.288 0.4
    endloop
  endfacet
  facet normal 0.88195 -0.471344 0
    outer loop
      vertex 2.9929 8.288 0
      vertex 2.9236 8.15833 0.4
      vertex 2.9236 8.15833 0
    endloop
  endfacet
  facet normal 0.290423 0.956898 -0
    outer loop
      vertex 2.587 13.6179 0
      vertex 2.44631 13.6606 0.4
      vertex 2.587 13.6179 0.4
    endloop
  endfacet
  facet normal 0.290423 0.956898 0
    outer loop
      vertex 2.44631 13.6606 0.4
      vertex 2.587 13.6179 0
      vertex 2.44631 13.6606 0
    endloop
  endfacet
  facet normal -0.29036 -0.956917 0
    outer loop
      vertex -2.337 7.8821 0
      vertex -2.19631 7.83941 0.4
      vertex -2.337 7.8821 0.4
    endloop
  endfacet
  facet normal -0.29036 -0.956917 -0
    outer loop
      vertex -2.19631 7.83941 0.4
      vertex -2.337 7.8821 0
      vertex -2.19631 7.83941 0
    endloop
  endfacet
  facet normal -0.471344 0.88195 0
    outer loop
      vertex -2.337 13.6179 0
      vertex -2.46667 13.5486 0.4
      vertex -2.337 13.6179 0.4
    endloop
  endfacet
  facet normal -0.471344 0.88195 0
    outer loop
      vertex -2.46667 13.5486 0.4
      vertex -2.337 13.6179 0
      vertex -2.46667 13.5486 0
    endloop
  endfacet
  facet normal -0.471344 -0.88195 0
    outer loop
      vertex -2.46667 7.9514 0
      vertex -2.337 7.8821 0.4
      vertex -2.46667 7.9514 0.4
    endloop
  endfacet
  facet normal -0.471344 -0.88195 -0
    outer loop
      vertex -2.337 7.8821 0.4
      vertex -2.46667 7.9514 0
      vertex -2.337 7.8821 0
    endloop
  endfacet
  facet normal 0 0 -1
    outer loop
      vertex 2.3 7.825 0
      vertex 3.05 8.575 0
      vertex 3.03559 8.42869 0
    endloop
  endfacet
  facet normal -0 0 -1
    outer loop
      vertex 3.05 8.575 0
      vertex 2.3 7.825 0
      vertex 3.05 12.925 0
    endloop
  endfacet
  facet normal 0 0 -1
    outer loop
      vertex 2.3 7.825 0
      vertex 3.03559 8.42869 0
      vertex 2.9929 8.288 0
    endloop
  endfacet
  facet normal 0 0 -1
    outer loop
      vertex 2.3 13.675 0
      vertex 3.05 12.925 0
      vertex 2.3 7.825 0
    endloop
  endfacet
  facet normal 0 0 -1
    outer loop
      vertex 2.3 7.825 0
      vertex 2.9929 8.288 0
      vertex 2.9236 8.15833 0
    endloop
  endfacet
  facet normal 0 0 -1
    outer loop
      vertex 3.05 12.925 0
      vertex 2.3 13.675 0
      vertex 3.03559 13.0713 0
    endloop
  endfacet
  facet normal 0 0 -1
    outer loop
      vertex 2.3 7.825 0
      vertex 2.9236 8.15833 0
      vertex 2.83033 8.04467 0
    endloop
  endfacet
  facet normal 0 0 -1
    outer loop
      vertex 3.03559 13.0713 0
      vertex 2.3 13.675 0
      vertex 2.9929 13.212 0
    endloop
  endfacet
  facet normal 0 0 -1
    outer loop
      vertex 2.3 7.825 0
      vertex 2.83033 8.04467 0
      vertex 2.71667 7.9514 0
    endloop
  endfacet
  facet normal 0 0 -1
    outer loop
      vertex 2.9929 13.212 0
      vertex 2.3 13.675 0
      vertex 2.9236 13.3417 0
    endloop
  endfacet
  facet normal 0 0 -1
    outer loop
      vertex 2.3 7.825 0
      vertex 2.71667 7.9514 0
      vertex 2.587 7.8821 0
    endloop
  endfacet
  facet normal 0 0 -1
    outer loop
      vertex 2.9236 13.3417 0
      vertex 2.3 13.675 0
      vertex 2.83033 13.4553 0
    endloop
  endfacet
  facet normal 0 0 -1
    outer loop
      vertex 2.3 7.825 0
      vertex 2.587 7.8821 0
      vertex 2.44631 7.83941 0
    endloop
  endfacet
  facet normal 0 0 -1
    outer loop
      vertex 2.83033 13.4553 0
      vertex 2.3 13.675 0
      vertex 2.71667 13.5486 0
    endloop
  endfacet
  facet normal 0 0 -1
    outer loop
      vertex 2.71667 13.5486 0
      vertex 2.3 13.675 0
      vertex 2.587 13.6179 0
    endloop
  endfacet
  facet normal 0 0 -1
    outer loop
      vertex 2.587 13.6179 0
      vertex 2.3 13.675 0
      vertex 2.44631 13.6606 0
    endloop
  endfacet
  facet normal 0 0 -1
    outer loop
      vertex -2.05 7.825 0
      vertex 2.3 13.675 0
      vertex 2.3 7.825 0
    endloop
  endfacet
  facet normal 0 0 -1
    outer loop
      vertex -2.05 7.825 0
      vertex -2.05 13.675 0
      vertex 2.3 13.675 0
    endloop
  endfacet
  facet normal 0 0 -1
    outer loop
      vertex -2.8 8.575 0
      vertex -2.05 7.825 0
      vertex -2.19631 7.83941 0
    endloop
  endfacet
  facet normal 0 0 -1
    outer loop
      vertex -2.05 7.825 0
      vertex -2.8 8.575 0
      vertex -2.05 13.675 0
    endloop
  endfacet
  facet normal 0 0 -1
    outer loop
      vertex -2.8 8.575 0
      vertex -2.19631 7.83941 0
      vertex -2.337 7.8821 0
    endloop
  endfacet
  facet normal 0 0 -1
    outer loop
      vertex -2.8 12.925 0
      vertex -2.05 13.675 0
      vertex -2.8 8.575 0
    endloop
  endfacet
  facet normal 0 0 -1
    outer loop
      vertex -2.8 8.575 0
      vertex -2.337 7.8821 0
      vertex -2.46667 7.9514 0
    endloop
  endfacet
  facet normal 0 0 -1
    outer loop
      vertex -2.05 13.675 0
      vertex -2.8 12.925 0
      vertex -2.19631 13.6606 0
    endloop
  endfacet
  facet normal 0 0 -1
    outer loop
      vertex -2.8 8.575 0
      vertex -2.46667 7.9514 0
      vertex -2.58033 8.04467 0
    endloop
  endfacet
  facet normal 0 0 -1
    outer loop
      vertex -2.19631 13.6606 0
      vertex -2.8 12.925 0
      vertex -2.337 13.6179 0
    endloop
  endfacet
  facet normal 0 0 -1
    outer loop
      vertex -2.8 8.575 0
      vertex -2.58033 8.04467 0
      vertex -2.6736 8.15833 0
    endloop
  endfacet
  facet normal 0 0 -1
    outer loop
      vertex -2.337 13.6179 0
      vertex -2.8 12.925 0
      vertex -2.46667 13.5486 0
    endloop
  endfacet
  facet normal 0 0 -1
    outer loop
      vertex -2.8 8.575 0
      vertex -2.6736 8.15833 0
      vertex -2.7429 8.288 0
    endloop
  endfacet
  facet normal 0 0 -1
    outer loop
      vertex -2.46667 13.5486 0
      vertex -2.8 12.925 0
      vertex -2.58033 13.4553 0
    endloop
  endfacet
  facet normal 0 0 -1
    outer loop
      vertex -2.8 8.575 0
      vertex -2.7429 8.288 0
      vertex -2.78559 8.42869 0
    endloop
  endfacet
  facet normal 0 0 -1
    outer loop
      vertex -2.58033 13.4553 0
      vertex -2.8 12.925 0
      vertex -2.6736 13.3417 0
    endloop
  endfacet
  facet normal 0 0 -1
    outer loop
      vertex -2.6736 13.3417 0
      vertex -2.8 12.925 0
      vertex -2.7429 13.212 0
    endloop
  endfacet
  facet normal 0 0 -1
    outer loop
      vertex -2.7429 13.212 0
      vertex -2.8 12.925 0
      vertex -2.78559 13.0713 0
    endloop
  endfacet
  facet normal 0.471344 0.88195 -0
    outer loop
      vertex 2.71667 13.5486 0
      vertex 2.587 13.6179 0.4
      vertex 2.71667 13.5486 0.4
    endloop
  endfacet
  facet normal 0.471344 0.88195 0
    outer loop
      vertex 2.587 13.6179 0.4
      vertex 2.71667 13.5486 0
      vertex 2.587 13.6179 0
    endloop
  endfacet
  facet normal -0.290423 0.956898 0
    outer loop
      vertex -2.19631 13.6606 0
      vertex -2.337 13.6179 0.4
      vertex -2.19631 13.6606 0.4
    endloop
  endfacet
  facet normal -0.290423 0.956898 0
    outer loop
      vertex -2.337 13.6179 0.4
      vertex -2.19631 13.6606 0
      vertex -2.337 13.6179 0
    endloop
  endfacet
  facet normal 0.956923 0.290341 0
    outer loop
      vertex 3.03559 13.0713 0.4
      vertex 2.9929 13.212 0
      vertex 2.9929 13.212 0.4
    endloop
  endfacet
  facet normal 0.956923 0.290341 0
    outer loop
      vertex 2.9929 13.212 0
      vertex 3.03559 13.0713 0.4
      vertex 3.03559 13.0713 0
    endloop
  endfacet
  facet normal 0.0979479 0.995192 -0
    outer loop
      vertex 2.44631 13.6606 0
      vertex 2.3 13.675 0.4
      vertex 2.44631 13.6606 0.4
    endloop
  endfacet
  facet normal 0.0979479 0.995192 0
    outer loop
      vertex 2.3 13.675 0.4
      vertex 2.44631 13.6606 0
      vertex 2.3 13.675 0
    endloop
  endfacet
  facet normal 0.634481 0.772938 -0
    outer loop
      vertex 2.83033 13.4553 0
      vertex 2.71667 13.5486 0.4
      vertex 2.83033 13.4553 0.4
    endloop
  endfacet
  facet normal 0.634481 0.772938 0
    outer loop
      vertex 2.71667 13.5486 0.4
      vertex 2.83033 13.4553 0
      vertex 2.71667 13.5486 0
    endloop
  endfacet
  facet normal 0.956917 -0.29036 0
    outer loop
      vertex 2.9929 8.288 0.4
      vertex 3.03559 8.42869 0
      vertex 3.03559 8.42869 0.4
    endloop
  endfacet
  facet normal 0.956917 -0.29036 0
    outer loop
      vertex 3.03559 8.42869 0
      vertex 2.9929 8.288 0.4
      vertex 2.9929 8.288 0
    endloop
  endfacet
  facet normal -0.88195 -0.471344 0
    outer loop
      vertex -2.6736 8.15833 0
      vertex -2.7429 8.288 0.4
      vertex -2.7429 8.288 0
    endloop
  endfacet
  facet normal -0.88195 -0.471344 0
    outer loop
      vertex -2.7429 8.288 0.4
      vertex -2.6736 8.15833 0
      vertex -2.6736 8.15833 0.4
    endloop
  endfacet
  facet normal 0.0980153 -0.995185 0
    outer loop
      vertex 2.3 7.825 0
      vertex 2.44631 7.83941 0.4
      vertex 2.3 7.825 0.4
    endloop
  endfacet
  facet normal 0.0980153 -0.995185 0
    outer loop
      vertex 2.44631 7.83941 0.4
      vertex 2.3 7.825 0
      vertex 2.44631 7.83941 0
    endloop
  endfacet
  facet normal 0.29036 -0.956917 0
    outer loop
      vertex 2.44631 7.83941 0
      vertex 2.587 7.8821 0.4
      vertex 2.44631 7.83941 0.4
    endloop
  endfacet
  facet normal 0.29036 -0.956917 0
    outer loop
      vertex 2.587 7.8821 0.4
      vertex 2.44631 7.83941 0
      vertex 2.587 7.8821 0
    endloop
  endfacet
  facet normal -0.773038 -0.634359 0
    outer loop
      vertex -2.58033 8.04467 0
      vertex -2.6736 8.15833 0.4
      vertex -2.6736 8.15833 0
    endloop
  endfacet
  facet normal -0.773038 -0.634359 0
    outer loop
      vertex -2.6736 8.15833 0.4
      vertex -2.58033 8.04467 0
      vertex -2.58033 8.04467 0.4
    endloop
  endfacet
  facet normal -0.0980153 -0.995185 0
    outer loop
      vertex -2.19631 7.83941 0
      vertex -2.05 7.825 0.4
      vertex -2.19631 7.83941 0.4
    endloop
  endfacet
  facet normal -0.0980153 -0.995185 -0
    outer loop
      vertex -2.05 7.825 0.4
      vertex -2.19631 7.83941 0
      vertex -2.05 7.825 0
    endloop
  endfacet
  facet normal -0.956923 -0.290341 0
    outer loop
      vertex -2.7429 14.663 0
      vertex -2.78559 14.8037 0.4
      vertex -2.78559 14.8037 0
    endloop
  endfacet
  facet normal -0.956923 -0.290341 0
    outer loop
      vertex -2.78559 14.8037 0.4
      vertex -2.7429 14.663 0
      vertex -2.7429 14.663 0.4
    endloop
  endfacet
  facet normal -0.995184 -0.0980219 0
    outer loop
      vertex -2.78559 14.8037 0
      vertex -2.8 14.95 0.4
      vertex -2.8 14.95 0
    endloop
  endfacet
  facet normal -0.995184 -0.0980219 0
    outer loop
      vertex -2.8 14.95 0.4
      vertex -2.78559 14.8037 0
      vertex -2.78559 14.8037 0.4
    endloop
  endfacet
  facet normal 0.290423 0.956898 -0
    outer loop
      vertex 2.587 19.9929 0
      vertex 2.44631 20.0356 0.4
      vertex 2.587 19.9929 0.4
    endloop
  endfacet
  facet normal 0.290423 0.956898 0
    outer loop
      vertex 2.44631 20.0356 0.4
      vertex 2.587 19.9929 0
      vertex 2.44631 20.0356 0
    endloop
  endfacet
  facet normal -0.471344 0.88195 0
    outer loop
      vertex -2.337 19.9929 0
      vertex -2.46667 19.9236 0.4
      vertex -2.337 19.9929 0.4
    endloop
  endfacet
  facet normal -0.471344 0.88195 0
    outer loop
      vertex -2.46667 19.9236 0.4
      vertex -2.337 19.9929 0
      vertex -2.46667 19.9236 0
    endloop
  endfacet
  facet normal 1 -0 0
    outer loop
      vertex 3.05 14.95 0.4
      vertex 3.05 19.3 0
      vertex 3.05 19.3 0.4
    endloop
  endfacet
  facet normal 1 0 0
    outer loop
      vertex 3.05 19.3 0
      vertex 3.05 14.95 0.4
      vertex 3.05 14.95 0
    endloop
  endfacet
  facet normal 0 1 -0
    outer loop
      vertex 2.3 20.05 0
      vertex -2.05 20.05 0.4
      vertex 2.3 20.05 0.4
    endloop
  endfacet
  facet normal 0 1 0
    outer loop
      vertex -2.05 20.05 0.4
      vertex 2.3 20.05 0
      vertex -2.05 20.05 0
    endloop
  endfacet
  facet normal -0.634481 -0.772938 0
    outer loop
      vertex -2.58033 14.4197 0
      vertex -2.46667 14.3264 0.4
      vertex -2.58033 14.4197 0.4
    endloop
  endfacet
  facet normal -0.634481 -0.772938 -0
    outer loop
      vertex -2.46667 14.3264 0.4
      vertex -2.58033 14.4197 0
      vertex -2.46667 14.3264 0
    endloop
  endfacet
  facet normal -0.0979479 -0.995192 0
    outer loop
      vertex -2.19631 14.2144 0
      vertex -2.05 14.2 0.4
      vertex -2.19631 14.2144 0.4
    endloop
  endfacet
  facet normal -0.0979479 -0.995192 -0
    outer loop
      vertex -2.05 14.2 0.4
      vertex -2.19631 14.2144 0
      vertex -2.05 14.2 0
    endloop
  endfacet
  facet normal -0.634481 0.772938 0
    outer loop
      vertex -2.46667 19.9236 0
      vertex -2.58033 19.8303 0.4
      vertex -2.46667 19.9236 0.4
    endloop
  endfacet
  facet normal -0.634481 0.772938 0
    outer loop
      vertex -2.58033 19.8303 0.4
      vertex -2.46667 19.9236 0
      vertex -2.58033 19.8303 0
    endloop
  endfacet
  facet normal -1 0 0
    outer loop
      vertex -2.8 14.95 0
      vertex -2.8 19.3 0.4
      vertex -2.8 19.3 0
    endloop
  endfacet
  facet normal -1 -0 0
    outer loop
      vertex -2.8 19.3 0.4
      vertex -2.8 14.95 0
      vertex -2.8 14.95 0.4
    endloop
  endfacet
  facet normal 0 -1 0
    outer loop
      vertex -2.05 14.2 0
      vertex 2.3 14.2 0.4
      vertex -2.05 14.2 0.4
    endloop
  endfacet
  facet normal 0 -1 -0
    outer loop
      vertex 2.3 14.2 0.4
      vertex -2.05 14.2 0
      vertex 2.3 14.2 0
    endloop
  endfacet
  facet normal 0.772874 0.63456 0
    outer loop
      vertex 2.9236 19.7167 0.4
      vertex 2.83033 19.8303 0
      vertex 2.83033 19.8303 0.4
    endloop
  endfacet
  facet normal 0.772874 0.63456 0
    outer loop
      vertex 2.83033 19.8303 0
      vertex 2.9236 19.7167 0.4
      vertex 2.9236 19.7167 0
    endloop
  endfacet
  facet normal 0.995184 0.0980219 0
    outer loop
      vertex 3.05 19.3 0.4
      vertex 3.03559 19.4463 0
      vertex 3.03559 19.4463 0.4
    endloop
  endfacet
  facet normal 0.995184 0.0980219 0
    outer loop
      vertex 3.03559 19.4463 0
      vertex 3.05 19.3 0.4
      vertex 3.05 19.3 0
    endloop
  endfacet
  facet normal -0.290423 -0.956898 0
    outer loop
      vertex -2.337 14.2571 0
      vertex -2.19631 14.2144 0.4
      vertex -2.337 14.2571 0.4
    endloop
  endfacet
  facet normal -0.290423 -0.956898 -0
    outer loop
      vertex -2.19631 14.2144 0.4
      vertex -2.337 14.2571 0
      vertex -2.19631 14.2144 0
    endloop
  endfacet
  facet normal -0.772874 0.63456 0
    outer loop
      vertex -2.6736 19.7167 0
      vertex -2.58033 19.8303 0.4
      vertex -2.58033 19.8303 0
    endloop
  endfacet
  facet normal -0.772874 0.63456 0
    outer loop
      vertex -2.58033 19.8303 0.4
      vertex -2.6736 19.7167 0
      vertex -2.6736 19.7167 0.4
    endloop
  endfacet
  facet normal 0.881995 0.471259 0
    outer loop
      vertex 2.9929 19.587 0.4
      vertex 2.9236 19.7167 0
      vertex 2.9236 19.7167 0.4
    endloop
  endfacet
  facet normal 0.881995 0.471259 0
    outer loop
      vertex 2.9236 19.7167 0
      vertex 2.9929 19.587 0.4
      vertex 2.9929 19.587 0
    endloop
  endfacet
  facet normal -0.881995 0.471259 0
    outer loop
      vertex -2.7429 19.587 0
      vertex -2.6736 19.7167 0.4
      vertex -2.6736 19.7167 0
    endloop
  endfacet
  facet normal -0.881995 0.471259 0
    outer loop
      vertex -2.6736 19.7167 0.4
      vertex -2.7429 19.587 0
      vertex -2.7429 19.587 0.4
    endloop
  endfacet
  facet normal 0.0979479 -0.995192 0
    outer loop
      vertex 2.3 14.2 0
      vertex 2.44631 14.2144 0.4
      vertex 2.3 14.2 0.4
    endloop
  endfacet
  facet normal 0.0979479 -0.995192 0
    outer loop
      vertex 2.44631 14.2144 0.4
      vertex 2.3 14.2 0
      vertex 2.44631 14.2144 0
    endloop
  endfacet
  facet normal -0.290423 0.956898 0
    outer loop
      vertex -2.19631 20.0356 0
      vertex -2.337 19.9929 0.4
      vertex -2.19631 20.0356 0.4
    endloop
  endfacet
  facet normal -0.290423 0.956898 0
    outer loop
      vertex -2.337 19.9929 0.4
      vertex -2.19631 20.0356 0
      vertex -2.337 19.9929 0
    endloop
  endfacet
  facet normal 0.772874 -0.63456 0
    outer loop
      vertex 2.83033 14.4197 0.4
      vertex 2.9236 14.5333 0
      vertex 2.9236 14.5333 0.4
    endloop
  endfacet
  facet normal 0.772874 -0.63456 0
    outer loop
      vertex 2.9236 14.5333 0
      vertex 2.83033 14.4197 0.4
      vertex 2.83033 14.4197 0
    endloop
  endfacet
  facet normal 0.471344 0.88195 -0
    outer loop
      vertex 2.71667 19.9236 0
      vertex 2.587 19.9929 0.4
      vertex 2.71667 19.9236 0.4
    endloop
  endfacet
  facet normal 0.471344 0.88195 0
    outer loop
      vertex 2.587 19.9929 0.4
      vertex 2.71667 19.9236 0
      vertex 2.587 19.9929 0
    endloop
  endfacet
  facet normal 0.956923 0.290341 0
    outer loop
      vertex 3.03559 19.4463 0.4
      vertex 2.9929 19.587 0
      vertex 2.9929 19.587 0.4
    endloop
  endfacet
  facet normal 0.956923 0.290341 0
    outer loop
      vertex 2.9929 19.587 0
      vertex 3.03559 19.4463 0.4
      vertex 3.03559 19.4463 0
    endloop
  endfacet
  facet normal 0.881995 -0.471259 0
    outer loop
      vertex 2.9236 14.5333 0.4
      vertex 2.9929 14.663 0
      vertex 2.9929 14.663 0.4
    endloop
  endfacet
  facet normal 0.881995 -0.471259 0
    outer loop
      vertex 2.9929 14.663 0
      vertex 2.9236 14.5333 0.4
      vertex 2.9236 14.5333 0
    endloop
  endfacet
  facet normal -0.956923 0.290341 0
    outer loop
      vertex -2.78559 19.4463 0
      vertex -2.7429 19.587 0.4
      vertex -2.7429 19.587 0
    endloop
  endfacet
  facet normal -0.956923 0.290341 0
    outer loop
      vertex -2.7429 19.587 0.4
      vertex -2.78559 19.4463 0
      vertex -2.78559 19.4463 0.4
    endloop
  endfacet
  facet normal -0.995184 0.0980219 0
    outer loop
      vertex -2.8 19.3 0
      vertex -2.78559 19.4463 0.4
      vertex -2.78559 19.4463 0
    endloop
  endfacet
  facet normal -0.995184 0.0980219 0
    outer loop
      vertex -2.78559 19.4463 0.4
      vertex -2.8 19.3 0
      vertex -2.8 19.3 0.4
    endloop
  endfacet
  facet normal 0.290423 -0.956898 0
    outer loop
      vertex 2.44631 14.2144 0
      vertex 2.587 14.2571 0.4
      vertex 2.44631 14.2144 0.4
    endloop
  endfacet
  facet normal 0.290423 -0.956898 0
    outer loop
      vertex 2.587 14.2571 0.4
      vertex 2.44631 14.2144 0
      vertex 2.587 14.2571 0
    endloop
  endfacet
  facet normal 0.471344 -0.88195 0
    outer loop
      vertex 2.587 14.2571 0
      vertex 2.71667 14.3264 0.4
      vertex 2.587 14.2571 0.4
    endloop
  endfacet
  facet normal 0.471344 -0.88195 0
    outer loop
      vertex 2.71667 14.3264 0.4
      vertex 2.587 14.2571 0
      vertex 2.71667 14.3264 0
    endloop
  endfacet
  facet normal 0.0979479 0.995192 -0
    outer loop
      vertex 2.44631 20.0356 0
      vertex 2.3 20.05 0.4
      vertex 2.44631 20.0356 0.4
    endloop
  endfacet
  facet normal 0.0979479 0.995192 0
    outer loop
      vertex 2.3 20.05 0.4
      vertex 2.44631 20.0356 0
      vertex 2.3 20.05 0
    endloop
  endfacet
  facet normal -0.881995 -0.471259 0
    outer loop
      vertex -2.6736 14.5333 0
      vertex -2.7429 14.663 0.4
      vertex -2.7429 14.663 0
    endloop
  endfacet
  facet normal -0.881995 -0.471259 0
    outer loop
      vertex -2.7429 14.663 0.4
      vertex -2.6736 14.5333 0
      vertex -2.6736 14.5333 0.4
    endloop
  endfacet
  facet normal 0.634481 0.772938 -0
    outer loop
      vertex 2.83033 19.8303 0
      vertex 2.71667 19.9236 0.4
      vertex 2.83033 19.8303 0.4
    endloop
  endfacet
  facet normal 0.634481 0.772938 0
    outer loop
      vertex 2.71667 19.9236 0.4
      vertex 2.83033 19.8303 0
      vertex 2.71667 19.9236 0
    endloop
  endfacet
  facet normal -0.0979479 0.995192 0
    outer loop
      vertex -2.05 20.05 0
      vertex -2.19631 20.0356 0.4
      vertex -2.05 20.05 0.4
    endloop
  endfacet
  facet normal -0.0979479 0.995192 0
    outer loop
      vertex -2.19631 20.0356 0.4
      vertex -2.05 20.05 0
      vertex -2.19631 20.0356 0
    endloop
  endfacet
  facet normal -0.471344 -0.88195 0
    outer loop
      vertex -2.46667 14.3264 0
      vertex -2.337 14.2571 0.4
      vertex -2.46667 14.3264 0.4
    endloop
  endfacet
  facet normal -0.471344 -0.88195 -0
    outer loop
      vertex -2.337 14.2571 0.4
      vertex -2.46667 14.3264 0
      vertex -2.337 14.2571 0
    endloop
  endfacet
  facet normal -0.772874 -0.63456 0
    outer loop
      vertex -2.58033 14.4197 0
      vertex -2.6736 14.5333 0.4
      vertex -2.6736 14.5333 0
    endloop
  endfacet
  facet normal -0.772874 -0.63456 0
    outer loop
      vertex -2.6736 14.5333 0.4
      vertex -2.58033 14.4197 0
      vertex -2.58033 14.4197 0.4
    endloop
  endfacet
  facet normal 0.634481 -0.772938 0
    outer loop
      vertex 2.71667 14.3264 0
      vertex 2.83033 14.4197 0.4
      vertex 2.71667 14.3264 0.4
    endloop
  endfacet
  facet normal 0.634481 -0.772938 0
    outer loop
      vertex 2.83033 14.4197 0.4
      vertex 2.71667 14.3264 0
      vertex 2.83033 14.4197 0
    endloop
  endfacet
  facet normal 0.995184 -0.0980219 0
    outer loop
      vertex 3.03559 14.8037 0.4
      vertex 3.05 14.95 0
      vertex 3.05 14.95 0.4
    endloop
  endfacet
  facet normal 0.995184 -0.0980219 0
    outer loop
      vertex 3.05 14.95 0
      vertex 3.03559 14.8037 0.4
      vertex 3.03559 14.8037 0
    endloop
  endfacet
  facet normal 0 0 1
    outer loop
      vertex 2.3 20.05 0.4
      vertex 3.05 19.3 0.4
      vertex 3.03559 19.4463 0.4
    endloop
  endfacet
  facet normal 0 0 1
    outer loop
      vertex 3.05 19.3 0.4
      vertex 2.3 20.05 0.4
      vertex 3.05 14.95 0.4
    endloop
  endfacet
  facet normal 0 0 1
    outer loop
      vertex 2.3 20.05 0.4
      vertex 3.03559 19.4463 0.4
      vertex 2.9929 19.587 0.4
    endloop
  endfacet
  facet normal 0 0 1
    outer loop
      vertex 2.3 14.2 0.4
      vertex 3.05 14.95 0.4
      vertex 2.3 20.05 0.4
    endloop
  endfacet
  facet normal 0 0 1
    outer loop
      vertex 2.3 20.05 0.4
      vertex 2.9929 19.587 0.4
      vertex 2.9236 19.7167 0.4
    endloop
  endfacet
  facet normal 0 0 1
    outer loop
      vertex 3.05 14.95 0.4
      vertex 2.3 14.2 0.4
      vertex 3.03559 14.8037 0.4
    endloop
  endfacet
  facet normal 0 0 1
    outer loop
      vertex 2.3 20.05 0.4
      vertex 2.9236 19.7167 0.4
      vertex 2.83033 19.8303 0.4
    endloop
  endfacet
  facet normal 0 0 1
    outer loop
      vertex 3.03559 14.8037 0.4
      vertex 2.3 14.2 0.4
      vertex 2.9929 14.663 0.4
    endloop
  endfacet
  facet normal 0 0 1
    outer loop
      vertex 2.3 20.05 0.4
      vertex 2.83033 19.8303 0.4
      vertex 2.71667 19.9236 0.4
    endloop
  endfacet
  facet normal 0 0 1
    outer loop
      vertex 2.9929 14.663 0.4
      vertex 2.3 14.2 0.4
      vertex 2.9236 14.5333 0.4
    endloop
  endfacet
  facet normal 0 0 1
    outer loop
      vertex 2.3 20.05 0.4
      vertex 2.71667 19.9236 0.4
      vertex 2.587 19.9929 0.4
    endloop
  endfacet
  facet normal 0 0 1
    outer loop
      vertex 2.9236 14.5333 0.4
      vertex 2.3 14.2 0.4
      vertex 2.83033 14.4197 0.4
    endloop
  endfacet
  facet normal 0 0 1
    outer loop
      vertex 2.3 20.05 0.4
      vertex 2.587 19.9929 0.4
      vertex 2.44631 20.0356 0.4
    endloop
  endfacet
  facet normal 0 0 1
    outer loop
      vertex 2.83033 14.4197 0.4
      vertex 2.3 14.2 0.4
      vertex 2.71667 14.3264 0.4
    endloop
  endfacet
  facet normal 0 0 1
    outer loop
      vertex 2.71667 14.3264 0.4
      vertex 2.3 14.2 0.4
      vertex 2.587 14.2571 0.4
    endloop
  endfacet
  facet normal 0 0 1
    outer loop
      vertex 2.587 14.2571 0.4
      vertex 2.3 14.2 0.4
      vertex 2.44631 14.2144 0.4
    endloop
  endfacet
  facet normal -0 0 1
    outer loop
      vertex -2.05 20.05 0.4
      vertex 2.3 14.2 0.4
      vertex 2.3 20.05 0.4
    endloop
  endfacet
  facet normal 0 0 1
    outer loop
      vertex -2.05 20.05 0.4
      vertex -2.05 14.2 0.4
      vertex 2.3 14.2 0.4
    endloop
  endfacet
  facet normal 0 0 1
    outer loop
      vertex -2.8 19.3 0.4
      vertex -2.05 20.05 0.4
      vertex -2.19631 20.0356 0.4
    endloop
  endfacet
  facet normal 0 0 1
    outer loop
      vertex -2.05 20.05 0.4
      vertex -2.8 19.3 0.4
      vertex -2.05 14.2 0.4
    endloop
  endfacet
  facet normal 0 0 1
    outer loop
      vertex -2.8 19.3 0.4
      vertex -2.19631 20.0356 0.4
      vertex -2.337 19.9929 0.4
    endloop
  endfacet
  facet normal -0 0 1
    outer loop
      vertex -2.8 14.95 0.4
      vertex -2.05 14.2 0.4
      vertex -2.8 19.3 0.4
    endloop
  endfacet
  facet normal 0 0 1
    outer loop
      vertex -2.8 19.3 0.4
      vertex -2.337 19.9929 0.4
      vertex -2.46667 19.9236 0.4
    endloop
  endfacet
  facet normal 0 0 1
    outer loop
      vertex -2.05 14.2 0.4
      vertex -2.8 14.95 0.4
      vertex -2.19631 14.2144 0.4
    endloop
  endfacet
  facet normal 0 0 1
    outer loop
      vertex -2.8 19.3 0.4
      vertex -2.46667 19.9236 0.4
      vertex -2.58033 19.8303 0.4
    endloop
  endfacet
  facet normal 0 0 1
    outer loop
      vertex -2.19631 14.2144 0.4
      vertex -2.8 14.95 0.4
      vertex -2.337 14.2571 0.4
    endloop
  endfacet
  facet normal 0 0 1
    outer loop
      vertex -2.8 19.3 0.4
      vertex -2.58033 19.8303 0.4
      vertex -2.6736 19.7167 0.4
    endloop
  endfacet
  facet normal 0 0 1
    outer loop
      vertex -2.337 14.2571 0.4
      vertex -2.8 14.95 0.4
      vertex -2.46667 14.3264 0.4
    endloop
  endfacet
  facet normal 0 0 1
    outer loop
      vertex -2.8 19.3 0.4
      vertex -2.6736 19.7167 0.4
      vertex -2.7429 19.587 0.4
    endloop
  endfacet
  facet normal 0 0 1
    outer loop
      vertex -2.46667 14.3264 0.4
      vertex -2.8 14.95 0.4
      vertex -2.58033 14.4197 0.4
    endloop
  endfacet
  facet normal 0 0 1
    outer loop
      vertex -2.8 19.3 0.4
      vertex -2.7429 19.587 0.4
      vertex -2.78559 19.4463 0.4
    endloop
  endfacet
  facet normal 0 0 1
    outer loop
      vertex -2.58033 14.4197 0.4
      vertex -2.8 14.95 0.4
      vertex -2.6736 14.5333 0.4
    endloop
  endfacet
  facet normal 0 0 1
    outer loop
      vertex -2.6736 14.5333 0.4
      vertex -2.8 14.95 0.4
      vertex -2.7429 14.663 0.4
    endloop
  endfacet
  facet normal 0 0 1
    outer loop
      vertex -2.7429 14.663 0.4
      vertex -2.8 14.95 0.4
      vertex -2.78559 14.8037 0.4
    endloop
  endfacet
  facet normal 0.956923 -0.290341 0
    outer loop
      vertex 2.9929 14.663 0.4
      vertex 3.03559 14.8037 0
      vertex 3.03559 14.8037 0.4
    endloop
  endfacet
  facet normal 0.956923 -0.290341 0
    outer loop
      vertex 3.03559 14.8037 0
      vertex 2.9929 14.663 0.4
      vertex 2.9929 14.663 0
    endloop
  endfacet
  facet normal 0 0 -1
    outer loop
      vertex 2.3 14.2 0
      vertex 3.05 14.95 0
      vertex 3.03559 14.8037 0
    endloop
  endfacet
  facet normal -0 0 -1
    outer loop
      vertex 3.05 14.95 0
      vertex 2.3 14.2 0
      vertex 3.05 19.3 0
    endloop
  endfacet
  facet normal 0 0 -1
    outer loop
      vertex 2.3 14.2 0
      vertex 3.03559 14.8037 0
      vertex 2.9929 14.663 0
    endloop
  endfacet
  facet normal 0 0 -1
    outer loop
      vertex 2.3 20.05 0
      vertex 3.05 19.3 0
      vertex 2.3 14.2 0
    endloop
  endfacet
  facet normal 0 0 -1
    outer loop
      vertex 2.3 14.2 0
      vertex 2.9929 14.663 0
      vertex 2.9236 14.5333 0
    endloop
  endfacet
  facet normal 0 0 -1
    outer loop
      vertex 3.05 19.3 0
      vertex 2.3 20.05 0
      vertex 3.03559 19.4463 0
    endloop
  endfacet
  facet normal 0 0 -1
    outer loop
      vertex 2.3 14.2 0
      vertex 2.9236 14.5333 0
      vertex 2.83033 14.4197 0
    endloop
  endfacet
  facet normal 0 0 -1
    outer loop
      vertex 3.03559 19.4463 0
      vertex 2.3 20.05 0
      vertex 2.9929 19.587 0
    endloop
  endfacet
  facet normal 0 0 -1
    outer loop
      vertex 2.3 14.2 0
      vertex 2.83033 14.4197 0
      vertex 2.71667 14.3264 0
    endloop
  endfacet
  facet normal 0 0 -1
    outer loop
      vertex 2.9929 19.587 0
      vertex 2.3 20.05 0
      vertex 2.9236 19.7167 0
    endloop
  endfacet
  facet normal 0 0 -1
    outer loop
      vertex 2.3 14.2 0
      vertex 2.71667 14.3264 0
      vertex 2.587 14.2571 0
    endloop
  endfacet
  facet normal 0 0 -1
    outer loop
      vertex 2.9236 19.7167 0
      vertex 2.3 20.05 0
      vertex 2.83033 19.8303 0
    endloop
  endfacet
  facet normal 0 0 -1
    outer loop
      vertex 2.3 14.2 0
      vertex 2.587 14.2571 0
      vertex 2.44631 14.2144 0
    endloop
  endfacet
  facet normal 0 0 -1
    outer loop
      vertex 2.83033 19.8303 0
      vertex 2.3 20.05 0
      vertex 2.71667 19.9236 0
    endloop
  endfacet
  facet normal 0 0 -1
    outer loop
      vertex 2.71667 19.9236 0
      vertex 2.3 20.05 0
      vertex 2.587 19.9929 0
    endloop
  endfacet
  facet normal 0 0 -1
    outer loop
      vertex 2.587 19.9929 0
      vertex 2.3 20.05 0
      vertex 2.44631 20.0356 0
    endloop
  endfacet
  facet normal 0 0 -1
    outer loop
      vertex -2.05 14.2 0
      vertex 2.3 20.05 0
      vertex 2.3 14.2 0
    endloop
  endfacet
  facet normal 0 0 -1
    outer loop
      vertex -2.05 14.2 0
      vertex -2.05 20.05 0
      vertex 2.3 20.05 0
    endloop
  endfacet
  facet normal 0 0 -1
    outer loop
      vertex -2.8 14.95 0
      vertex -2.05 14.2 0
      vertex -2.19631 14.2144 0
    endloop
  endfacet
  facet normal 0 0 -1
    outer loop
      vertex -2.05 14.2 0
      vertex -2.8 14.95 0
      vertex -2.05 20.05 0
    endloop
  endfacet
  facet normal 0 0 -1
    outer loop
      vertex -2.8 14.95 0
      vertex -2.19631 14.2144 0
      vertex -2.337 14.2571 0
    endloop
  endfacet
  facet normal 0 0 -1
    outer loop
      vertex -2.8 19.3 0
      vertex -2.05 20.05 0
      vertex -2.8 14.95 0
    endloop
  endfacet
  facet normal 0 0 -1
    outer loop
      vertex -2.8 14.95 0
      vertex -2.337 14.2571 0
      vertex -2.46667 14.3264 0
    endloop
  endfacet
  facet normal 0 0 -1
    outer loop
      vertex -2.05 20.05 0
      vertex -2.8 19.3 0
      vertex -2.19631 20.0356 0
    endloop
  endfacet
  facet normal 0 0 -1
    outer loop
      vertex -2.8 14.95 0
      vertex -2.46667 14.3264 0
      vertex -2.58033 14.4197 0
    endloop
  endfacet
  facet normal 0 0 -1
    outer loop
      vertex -2.19631 20.0356 0
      vertex -2.8 19.3 0
      vertex -2.337 19.9929 0
    endloop
  endfacet
  facet normal 0 0 -1
    outer loop
      vertex -2.8 14.95 0
      vertex -2.58033 14.4197 0
      vertex -2.6736 14.5333 0
    endloop
  endfacet
  facet normal 0 0 -1
    outer loop
      vertex -2.337 19.9929 0
      vertex -2.8 19.3 0
      vertex -2.46667 19.9236 0
    endloop
  endfacet
  facet normal 0 0 -1
    outer loop
      vertex -2.8 14.95 0
      vertex -2.6736 14.5333 0
      vertex -2.7429 14.663 0
    endloop
  endfacet
  facet normal 0 0 -1
    outer loop
      vertex -2.46667 19.9236 0
      vertex -2.8 19.3 0
      vertex -2.58033 19.8303 0
    endloop
  endfacet
  facet normal 0 0 -1
    outer loop
      vertex -2.8 14.95 0
      vertex -2.7429 14.663 0
      vertex -2.78559 14.8037 0
    endloop
  endfacet
  facet normal 0 0 -1
    outer loop
      vertex -2.58033 19.8303 0
      vertex -2.8 19.3 0
      vertex -2.6736 19.7167 0
    endloop
  endfacet
  facet normal 0 0 -1
    outer loop
      vertex -2.6736 19.7167 0
      vertex -2.8 19.3 0
      vertex -2.7429 19.587 0
    endloop
  endfacet
  facet normal 0 0 -1
    outer loop
      vertex -2.7429 19.587 0
      vertex -2.8 19.3 0
      vertex -2.78559 19.4463 0
    endloop
  endfacet
  facet normal -0.956917 -0.29036 0
    outer loop
      vertex 10.0071 -4.462 0
      vertex 9.96441 -4.32131 0.4
      vertex 9.96441 -4.32131 0
    endloop
  endfacet
  facet normal -0.956917 -0.29036 0
    outer loop
      vertex 9.96441 -4.32131 0.4
      vertex 10.0071 -4.462 0
      vertex 10.0071 -4.462 0.4
    endloop
  endfacet
  facet normal -0.995185 -0.0980153 0
    outer loop
      vertex 9.96441 -4.32131 0
      vertex 9.95 -4.175 0.4
      vertex 9.95 -4.175 0
    endloop
  endfacet
  facet normal -0.995185 -0.0980153 0
    outer loop
      vertex 9.95 -4.175 0.4
      vertex 9.96441 -4.32131 0
      vertex 9.96441 -4.32131 0.4
    endloop
  endfacet
  facet normal -0.88195 -0.471344 0
    outer loop
      vertex 10.0764 -4.59167 0
      vertex 10.0071 -4.462 0.4
      vertex 10.0071 -4.462 0
    endloop
  endfacet
  facet normal -0.88195 -0.471344 0
    outer loop
      vertex 10.0071 -4.462 0.4
      vertex 10.0764 -4.59167 0
      vertex 10.0764 -4.59167 0.4
    endloop
  endfacet
  facet normal 0.0980084 0.995186 -0
    outer loop
      vertex 15.1963 0.910587 0
      vertex 15.05 0.924995 0.4
      vertex 15.1963 0.910587 0.4
    endloop
  endfacet
  facet normal 0.0980084 0.995186 0
    outer loop
      vertex 15.05 0.924995 0.4
      vertex 15.1963 0.910587 0
      vertex 15.05 0.924995 0
    endloop
  endfacet
  facet normal -0.63456 -0.772874 0
    outer loop
      vertex 10.1697 -4.70533 0
      vertex 10.2833 -4.7986 0.4
      vertex 10.1697 -4.70533 0.4
    endloop
  endfacet
  facet normal -0.63456 -0.772874 -0
    outer loop
      vertex 10.2833 -4.7986 0.4
      vertex 10.1697 -4.70533 0
      vertex 10.2833 -4.7986 0
    endloop
  endfacet
  facet normal 1 -0 0
    outer loop
      vertex 15.8 -4.175 0.4
      vertex 15.8 0.174995 0
      vertex 15.8 0.174995 0.4
    endloop
  endfacet
  facet normal 1 0 0
    outer loop
      vertex 15.8 0.174995 0
      vertex 15.8 -4.175 0.4
      vertex 15.8 -4.175 0
    endloop
  endfacet
  facet normal 0 1 -0
    outer loop
      vertex 15.05 0.924995 0
      vertex 10.7 0.924995 0.4
      vertex 15.05 0.924995 0.4
    endloop
  endfacet
  facet normal 0 1 0
    outer loop
      vertex 10.7 0.924995 0.4
      vertex 15.05 0.924995 0
      vertex 10.7 0.924995 0
    endloop
  endfacet
  facet normal -0.47129 0.881978 0
    outer loop
      vertex 10.413 0.867901 0
      vertex 10.2833 0.798595 0.4
      vertex 10.413 0.867901 0.4
    endloop
  endfacet
  facet normal -0.47129 0.881978 0
    outer loop
      vertex 10.2833 0.798595 0.4
      vertex 10.413 0.867901 0
      vertex 10.2833 0.798595 0
    endloop
  endfacet
  facet normal -0.634555 0.772877 0
    outer loop
      vertex 10.2833 0.798595 0
      vertex 10.1697 0.705326 0.4
      vertex 10.2833 0.798595 0.4
    endloop
  endfacet
  facet normal -0.634555 0.772877 0
    outer loop
      vertex 10.1697 0.705326 0.4
      vertex 10.2833 0.798595 0
      vertex 10.1697 0.705326 0
    endloop
  endfacet
  facet normal 0.634555 0.772877 -0
    outer loop
      vertex 15.5803 0.705326 0
      vertex 15.4667 0.798595 0.4
      vertex 15.5803 0.705326 0.4
    endloop
  endfacet
  facet normal 0.634555 0.772877 0
    outer loop
      vertex 15.4667 0.798595 0.4
      vertex 15.5803 0.705326 0
      vertex 15.4667 0.798595 0
    endloop
  endfacet
  facet normal -1 0 0
    outer loop
      vertex 9.95 -4.175 0
      vertex 9.95 0.174995 0.4
      vertex 9.95 0.174995 0
    endloop
  endfacet
  facet normal -1 -0 0
    outer loop
      vertex 9.95 0.174995 0.4
      vertex 9.95 -4.175 0
      vertex 9.95 -4.175 0.4
    endloop
  endfacet
  facet normal 0 -1 0
    outer loop
      vertex 10.7 -4.925 0
      vertex 15.05 -4.925 0.4
      vertex 10.7 -4.925 0.4
    endloop
  endfacet
  facet normal 0 -1 -0
    outer loop
      vertex 15.05 -4.925 0.4
      vertex 10.7 -4.925 0
      vertex 15.05 -4.925 0
    endloop
  endfacet
  facet normal 0.88195 -0.471344 0
    outer loop
      vertex 15.6736 -4.59167 0.4
      vertex 15.7429 -4.462 0
      vertex 15.7429 -4.462 0.4
    endloop
  endfacet
  facet normal 0.88195 -0.471344 0
    outer loop
      vertex 15.7429 -4.462 0
      vertex 15.6736 -4.59167 0.4
      vertex 15.6736 -4.59167 0
    endloop
  endfacet
  facet normal 0.772914 0.634511 0
    outer loop
      vertex 15.6736 0.591675 0.4
      vertex 15.5803 0.705326 0
      vertex 15.5803 0.705326 0.4
    endloop
  endfacet
  facet normal 0.772914 0.634511 0
    outer loop
      vertex 15.5803 0.705326 0
      vertex 15.6736 0.591675 0.4
      vertex 15.6736 0.591675 0
    endloop
  endfacet
  facet normal -0.290317 0.956931 0
    outer loop
      vertex 10.5537 0.910587 0
      vertex 10.413 0.867901 0.4
      vertex 10.5537 0.910587 0.4
    endloop
  endfacet
  facet normal -0.290317 0.956931 0
    outer loop
      vertex 10.413 0.867901 0.4
      vertex 10.5537 0.910587 0
      vertex 10.413 0.867901 0
    endloop
  endfacet
  facet normal -0.772914 0.634511 0
    outer loop
      vertex 10.0764 0.591675 0
      vertex 10.1697 0.705326 0.4
      vertex 10.1697 0.705326 0
    endloop
  endfacet
  facet normal -0.772914 0.634511 0
    outer loop
      vertex 10.1697 0.705326 0.4
      vertex 10.0764 0.591675 0
      vertex 10.0764 0.591675 0.4
    endloop
  endfacet
  facet normal 0.881954 0.471335 0
    outer loop
      vertex 15.7429 0.462002 0.4
      vertex 15.6736 0.591675 0
      vertex 15.6736 0.591675 0.4
    endloop
  endfacet
  facet normal 0.881954 0.471335 0
    outer loop
      vertex 15.6736 0.591675 0
      vertex 15.7429 0.462002 0.4
      vertex 15.7429 0.462002 0
    endloop
  endfacet
  facet normal -0.881954 0.471335 0
    outer loop
      vertex 10.0071 0.462002 0
      vertex 10.0764 0.591675 0.4
      vertex 10.0764 0.591675 0
    endloop
  endfacet
  facet normal -0.881954 0.471335 0
    outer loop
      vertex 10.0764 0.591675 0.4
      vertex 10.0071 0.462002 0
      vertex 10.0071 0.462002 0.4
    endloop
  endfacet
  facet normal -0.995185 0.0980133 0
    outer loop
      vertex 9.95 0.174995 0
      vertex 9.96441 0.321308 0.4
      vertex 9.96441 0.321308 0
    endloop
  endfacet
  facet normal -0.995185 0.0980133 0
    outer loop
      vertex 9.96441 0.321308 0.4
      vertex 9.95 0.174995 0
      vertex 9.95 0.174995 0.4
    endloop
  endfacet
  facet normal 0.772938 -0.634481 0
    outer loop
      vertex 15.5803 -4.70533 0.4
      vertex 15.6736 -4.59167 0
      vertex 15.6736 -4.59167 0.4
    endloop
  endfacet
  facet normal 0.772938 -0.634481 0
    outer loop
      vertex 15.6736 -4.59167 0
      vertex 15.5803 -4.70533 0.4
      vertex 15.5803 -4.70533 0
    endloop
  endfacet
  facet normal 0.47129 0.881978 -0
    outer loop
      vertex 15.4667 0.798595 0
      vertex 15.337 0.867901 0.4
      vertex 15.4667 0.798595 0.4
    endloop
  endfacet
  facet normal 0.47129 0.881978 0
    outer loop
      vertex 15.337 0.867901 0.4
      vertex 15.4667 0.798595 0
      vertex 15.337 0.867901 0
    endloop
  endfacet
  facet normal 0.995192 0.0979459 0
    outer loop
      vertex 15.8 0.174995 0.4
      vertex 15.7856 0.321308 0
      vertex 15.7856 0.321308 0.4
    endloop
  endfacet
  facet normal 0.995192 0.0979459 0
    outer loop
      vertex 15.7856 0.321308 0
      vertex 15.8 0.174995 0.4
      vertex 15.8 0.174995 0
    endloop
  endfacet
  facet normal 0.956901 0.290415 0
    outer loop
      vertex 15.7856 0.321308 0.4
      vertex 15.7429 0.462002 0
      vertex 15.7429 0.462002 0.4
    endloop
  endfacet
  facet normal 0.956901 0.290415 0
    outer loop
      vertex 15.7429 0.462002 0
      vertex 15.7856 0.321308 0.4
      vertex 15.7856 0.321308 0
    endloop
  endfacet
  facet normal -0.0980084 0.995186 0
    outer loop
      vertex 10.7 0.924995 0
      vertex 10.5537 0.910587 0.4
      vertex 10.7 0.924995 0.4
    endloop
  endfacet
  facet normal -0.0980084 0.995186 0
    outer loop
      vertex 10.5537 0.910587 0.4
      vertex 10.7 0.924995 0
      vertex 10.5537 0.910587 0
    endloop
  endfacet
  facet normal -0.0980219 -0.995184 0
    outer loop
      vertex 10.5537 -4.91059 0
      vertex 10.7 -4.925 0.4
      vertex 10.5537 -4.91059 0.4
    endloop
  endfacet
  facet normal -0.0980219 -0.995184 -0
    outer loop
      vertex 10.7 -4.925 0.4
      vertex 10.5537 -4.91059 0
      vertex 10.7 -4.925 0
    endloop
  endfacet
  facet normal 0.471259 -0.881995 0
    outer loop
      vertex 15.337 -4.8679 0
      vertex 15.4667 -4.7986 0.4
      vertex 15.337 -4.8679 0.4
    endloop
  endfacet
  facet normal 0.471259 -0.881995 0
    outer loop
      vertex 15.4667 -4.7986 0.4
      vertex 15.337 -4.8679 0
      vertex 15.4667 -4.7986 0
    endloop
  endfacet
  facet normal 0.290341 -0.956923 0
    outer loop
      vertex 15.1963 -4.91059 0
      vertex 15.337 -4.8679 0.4
      vertex 15.1963 -4.91059 0.4
    endloop
  endfacet
  facet normal 0.290341 -0.956923 0
    outer loop
      vertex 15.337 -4.8679 0.4
      vertex 15.1963 -4.91059 0
      vertex 15.337 -4.8679 0
    endloop
  endfacet
  facet normal 0 0 1
    outer loop
      vertex 15.05 0.924995 0.4
      vertex 15.8 0.174995 0.4
      vertex 15.7856 0.321308 0.4
    endloop
  endfacet
  facet normal 0 0 1
    outer loop
      vertex 15.8 0.174995 0.4
      vertex 15.05 0.924995 0.4
      vertex 15.8 -4.175 0.4
    endloop
  endfacet
  facet normal 0 0 1
    outer loop
      vertex 15.05 0.924995 0.4
      vertex 15.7856 0.321308 0.4
      vertex 15.7429 0.462002 0.4
    endloop
  endfacet
  facet normal 0 0 1
    outer loop
      vertex 15.05 -4.925 0.4
      vertex 15.8 -4.175 0.4
      vertex 15.05 0.924995 0.4
    endloop
  endfacet
  facet normal 0 0 1
    outer loop
      vertex 15.05 0.924995 0.4
      vertex 15.7429 0.462002 0.4
      vertex 15.6736 0.591675 0.4
    endloop
  endfacet
  facet normal 0 0 1
    outer loop
      vertex 15.8 -4.175 0.4
      vertex 15.05 -4.925 0.4
      vertex 15.7856 -4.32131 0.4
    endloop
  endfacet
  facet normal 0 0 1
    outer loop
      vertex 15.05 0.924995 0.4
      vertex 15.6736 0.591675 0.4
      vertex 15.5803 0.705326 0.4
    endloop
  endfacet
  facet normal 0 0 1
    outer loop
      vertex 15.7856 -4.32131 0.4
      vertex 15.05 -4.925 0.4
      vertex 15.7429 -4.462 0.4
    endloop
  endfacet
  facet normal 0 0 1
    outer loop
      vertex 15.05 0.924995 0.4
      vertex 15.5803 0.705326 0.4
      vertex 15.4667 0.798595 0.4
    endloop
  endfacet
  facet normal 0 0 1
    outer loop
      vertex 15.7429 -4.462 0.4
      vertex 15.05 -4.925 0.4
      vertex 15.6736 -4.59167 0.4
    endloop
  endfacet
  facet normal 0 0 1
    outer loop
      vertex 15.05 0.924995 0.4
      vertex 15.4667 0.798595 0.4
      vertex 15.337 0.867901 0.4
    endloop
  endfacet
  facet normal 0 0 1
    outer loop
      vertex 15.6736 -4.59167 0.4
      vertex 15.05 -4.925 0.4
      vertex 15.5803 -4.70533 0.4
    endloop
  endfacet
  facet normal 0 0 1
    outer loop
      vertex 15.05 0.924995 0.4
      vertex 15.337 0.867901 0.4
      vertex 15.1963 0.910587 0.4
    endloop
  endfacet
  facet normal 0 0 1
    outer loop
      vertex 15.5803 -4.70533 0.4
      vertex 15.05 -4.925 0.4
      vertex 15.4667 -4.7986 0.4
    endloop
  endfacet
  facet normal 0 0 1
    outer loop
      vertex 15.4667 -4.7986 0.4
      vertex 15.05 -4.925 0.4
      vertex 15.337 -4.8679 0.4
    endloop
  endfacet
  facet normal 0 0 1
    outer loop
      vertex 15.337 -4.8679 0.4
      vertex 15.05 -4.925 0.4
      vertex 15.1963 -4.91059 0.4
    endloop
  endfacet
  facet normal -0 0 1
    outer loop
      vertex 10.7 0.924995 0.4
      vertex 15.05 -4.925 0.4
      vertex 15.05 0.924995 0.4
    endloop
  endfacet
  facet normal 0 0 1
    outer loop
      vertex 10.7 0.924995 0.4
      vertex 10.7 -4.925 0.4
      vertex 15.05 -4.925 0.4
    endloop
  endfacet
  facet normal 0 0 1
    outer loop
      vertex 9.95 0.174995 0.4
      vertex 10.7 0.924995 0.4
      vertex 10.5537 0.910587 0.4
    endloop
  endfacet
  facet normal 0 0 1
    outer loop
      vertex 10.7 0.924995 0.4
      vertex 9.95 0.174995 0.4
      vertex 10.7 -4.925 0.4
    endloop
  endfacet
  facet normal 0 0 1
    outer loop
      vertex 9.95 0.174995 0.4
      vertex 10.5537 0.910587 0.4
      vertex 10.413 0.867901 0.4
    endloop
  endfacet
  facet normal -0 0 1
    outer loop
      vertex 9.95 -4.175 0.4
      vertex 10.7 -4.925 0.4
      vertex 9.95 0.174995 0.4
    endloop
  endfacet
  facet normal 0 0 1
    outer loop
      vertex 9.95 0.174995 0.4
      vertex 10.413 0.867901 0.4
      vertex 10.2833 0.798595 0.4
    endloop
  endfacet
  facet normal 0 0 1
    outer loop
      vertex 10.7 -4.925 0.4
      vertex 9.95 -4.175 0.4
      vertex 10.5537 -4.91059 0.4
    endloop
  endfacet
  facet normal 0 0 1
    outer loop
      vertex 9.95 0.174995 0.4
      vertex 10.2833 0.798595 0.4
      vertex 10.1697 0.705326 0.4
    endloop
  endfacet
  facet normal 0 0 1
    outer loop
      vertex 10.5537 -4.91059 0.4
      vertex 9.95 -4.175 0.4
      vertex 10.413 -4.8679 0.4
    endloop
  endfacet
  facet normal 0 0 1
    outer loop
      vertex 9.95 0.174995 0.4
      vertex 10.1697 0.705326 0.4
      vertex 10.0764 0.591675 0.4
    endloop
  endfacet
  facet normal 0 0 1
    outer loop
      vertex 10.413 -4.8679 0.4
      vertex 9.95 -4.175 0.4
      vertex 10.2833 -4.7986 0.4
    endloop
  endfacet
  facet normal 0 0 1
    outer loop
      vertex 9.95 0.174995 0.4
      vertex 10.0764 0.591675 0.4
      vertex 10.0071 0.462002 0.4
    endloop
  endfacet
  facet normal 0 0 1
    outer loop
      vertex 10.2833 -4.7986 0.4
      vertex 9.95 -4.175 0.4
      vertex 10.1697 -4.70533 0.4
    endloop
  endfacet
  facet normal 0 0 1
    outer loop
      vertex 9.95 0.174995 0.4
      vertex 10.0071 0.462002 0.4
      vertex 9.96441 0.321308 0.4
    endloop
  endfacet
  facet normal 0 0 1
    outer loop
      vertex 10.1697 -4.70533 0.4
      vertex 9.95 -4.175 0.4
      vertex 10.0764 -4.59167 0.4
    endloop
  endfacet
  facet normal 0 0 1
    outer loop
      vertex 10.0764 -4.59167 0.4
      vertex 9.95 -4.175 0.4
      vertex 10.0071 -4.462 0.4
    endloop
  endfacet
  facet normal 0 0 1
    outer loop
      vertex 10.0071 -4.462 0.4
      vertex 9.95 -4.175 0.4
      vertex 9.96441 -4.32131 0.4
    endloop
  endfacet
  facet normal 0.0980219 -0.995184 0
    outer loop
      vertex 15.05 -4.925 0
      vertex 15.1963 -4.91059 0.4
      vertex 15.05 -4.925 0.4
    endloop
  endfacet
  facet normal 0.0980219 -0.995184 0
    outer loop
      vertex 15.1963 -4.91059 0.4
      vertex 15.05 -4.925 0
      vertex 15.1963 -4.91059 0
    endloop
  endfacet
  facet normal -0.290341 -0.956923 0
    outer loop
      vertex 10.413 -4.8679 0
      vertex 10.5537 -4.91059 0.4
      vertex 10.413 -4.8679 0.4
    endloop
  endfacet
  facet normal -0.290341 -0.956923 -0
    outer loop
      vertex 10.5537 -4.91059 0.4
      vertex 10.413 -4.8679 0
      vertex 10.5537 -4.91059 0
    endloop
  endfacet
  facet normal -0.471259 -0.881995 0
    outer loop
      vertex 10.2833 -4.7986 0
      vertex 10.413 -4.8679 0.4
      vertex 10.2833 -4.7986 0.4
    endloop
  endfacet
  facet normal -0.471259 -0.881995 -0
    outer loop
      vertex 10.413 -4.8679 0.4
      vertex 10.2833 -4.7986 0
      vertex 10.413 -4.8679 0
    endloop
  endfacet
  facet normal 0.290317 0.956931 -0
    outer loop
      vertex 15.337 0.867901 0
      vertex 15.1963 0.910587 0.4
      vertex 15.337 0.867901 0.4
    endloop
  endfacet
  facet normal 0.290317 0.956931 0
    outer loop
      vertex 15.1963 0.910587 0.4
      vertex 15.337 0.867901 0
      vertex 15.1963 0.910587 0
    endloop
  endfacet
  facet normal 0.63456 -0.772874 0
    outer loop
      vertex 15.4667 -4.7986 0
      vertex 15.5803 -4.70533 0.4
      vertex 15.4667 -4.7986 0.4
    endloop
  endfacet
  facet normal 0.63456 -0.772874 0
    outer loop
      vertex 15.5803 -4.70533 0.4
      vertex 15.4667 -4.7986 0
      vertex 15.5803 -4.70533 0
    endloop
  endfacet
  facet normal -0.95692 0.290353 0
    outer loop
      vertex 9.96441 0.321308 0
      vertex 10.0071 0.462002 0.4
      vertex 10.0071 0.462002 0
    endloop
  endfacet
  facet normal -0.95692 0.290353 0
    outer loop
      vertex 10.0071 0.462002 0.4
      vertex 9.96441 0.321308 0
      vertex 9.96441 0.321308 0.4
    endloop
  endfacet
  facet normal 0.956898 -0.290423 0
    outer loop
      vertex 15.7429 -4.462 0.4
      vertex 15.7856 -4.32131 0
      vertex 15.7856 -4.32131 0.4
    endloop
  endfacet
  facet normal 0.956898 -0.290423 0
    outer loop
      vertex 15.7856 -4.32131 0
      vertex 15.7429 -4.462 0.4
      vertex 15.7429 -4.462 0
    endloop
  endfacet
  facet normal 0.995192 -0.0979479 0
    outer loop
      vertex 15.7856 -4.32131 0.4
      vertex 15.8 -4.175 0
      vertex 15.8 -4.175 0.4
    endloop
  endfacet
  facet normal 0.995192 -0.0979479 0
    outer loop
      vertex 15.8 -4.175 0
      vertex 15.7856 -4.32131 0.4
      vertex 15.7856 -4.32131 0
    endloop
  endfacet
  facet normal -0.772938 -0.634481 0
    outer loop
      vertex 10.1697 -4.70533 0
      vertex 10.0764 -4.59167 0.4
      vertex 10.0764 -4.59167 0
    endloop
  endfacet
  facet normal -0.772938 -0.634481 0
    outer loop
      vertex 10.0764 -4.59167 0.4
      vertex 10.1697 -4.70533 0
      vertex 10.1697 -4.70533 0.4
    endloop
  endfacet
  facet normal 0 0 -1
    outer loop
      vertex 15.05 -4.925 0
      vertex 15.8 -4.175 0
      vertex 15.7856 -4.32131 0
    endloop
  endfacet
  facet normal -0 0 -1
    outer loop
      vertex 15.8 -4.175 0
      vertex 15.05 -4.925 0
      vertex 15.8 0.174995 0
    endloop
  endfacet
  facet normal 0 0 -1
    outer loop
      vertex 15.05 -4.925 0
      vertex 15.7856 -4.32131 0
      vertex 15.7429 -4.462 0
    endloop
  endfacet
  facet normal 0 0 -1
    outer loop
      vertex 15.05 0.924995 0
      vertex 15.8 0.174995 0
      vertex 15.05 -4.925 0
    endloop
  endfacet
  facet normal 0 0 -1
    outer loop
      vertex 15.05 -4.925 0
      vertex 15.7429 -4.462 0
      vertex 15.6736 -4.59167 0
    endloop
  endfacet
  facet normal 0 0 -1
    outer loop
      vertex 15.8 0.174995 0
      vertex 15.05 0.924995 0
      vertex 15.7856 0.321308 0
    endloop
  endfacet
  facet normal 0 0 -1
    outer loop
      vertex 15.05 -4.925 0
      vertex 15.6736 -4.59167 0
      vertex 15.5803 -4.70533 0
    endloop
  endfacet
  facet normal 0 0 -1
    outer loop
      vertex 15.7856 0.321308 0
      vertex 15.05 0.924995 0
      vertex 15.7429 0.462002 0
    endloop
  endfacet
  facet normal 0 0 -1
    outer loop
      vertex 15.05 -4.925 0
      vertex 15.5803 -4.70533 0
      vertex 15.4667 -4.7986 0
    endloop
  endfacet
  facet normal 0 0 -1
    outer loop
      vertex 15.7429 0.462002 0
      vertex 15.05 0.924995 0
      vertex 15.6736 0.591675 0
    endloop
  endfacet
  facet normal 0 0 -1
    outer loop
      vertex 15.05 -4.925 0
      vertex 15.4667 -4.7986 0
      vertex 15.337 -4.8679 0
    endloop
  endfacet
  facet normal 0 0 -1
    outer loop
      vertex 15.6736 0.591675 0
      vertex 15.05 0.924995 0
      vertex 15.5803 0.705326 0
    endloop
  endfacet
  facet normal 0 0 -1
    outer loop
      vertex 15.05 -4.925 0
      vertex 15.337 -4.8679 0
      vertex 15.1963 -4.91059 0
    endloop
  endfacet
  facet normal 0 0 -1
    outer loop
      vertex 15.5803 0.705326 0
      vertex 15.05 0.924995 0
      vertex 15.4667 0.798595 0
    endloop
  endfacet
  facet normal 0 0 -1
    outer loop
      vertex 15.4667 0.798595 0
      vertex 15.05 0.924995 0
      vertex 15.337 0.867901 0
    endloop
  endfacet
  facet normal 0 0 -1
    outer loop
      vertex 15.337 0.867901 0
      vertex 15.05 0.924995 0
      vertex 15.1963 0.910587 0
    endloop
  endfacet
  facet normal 0 0 -1
    outer loop
      vertex 10.7 -4.925 0
      vertex 15.05 0.924995 0
      vertex 15.05 -4.925 0
    endloop
  endfacet
  facet normal 0 0 -1
    outer loop
      vertex 10.7 -4.925 0
      vertex 10.7 0.924995 0
      vertex 15.05 0.924995 0
    endloop
  endfacet
  facet normal 0 0 -1
    outer loop
      vertex 9.95 -4.175 0
      vertex 10.7 -4.925 0
      vertex 10.5537 -4.91059 0
    endloop
  endfacet
  facet normal 0 0 -1
    outer loop
      vertex 10.7 -4.925 0
      vertex 9.95 -4.175 0
      vertex 10.7 0.924995 0
    endloop
  endfacet
  facet normal 0 0 -1
    outer loop
      vertex 9.95 -4.175 0
      vertex 10.5537 -4.91059 0
      vertex 10.413 -4.8679 0
    endloop
  endfacet
  facet normal 0 0 -1
    outer loop
      vertex 9.95 0.174995 0
      vertex 10.7 0.924995 0
      vertex 9.95 -4.175 0
    endloop
  endfacet
  facet normal 0 0 -1
    outer loop
      vertex 9.95 -4.175 0
      vertex 10.413 -4.8679 0
      vertex 10.2833 -4.7986 0
    endloop
  endfacet
  facet normal 0 0 -1
    outer loop
      vertex 10.7 0.924995 0
      vertex 9.95 0.174995 0
      vertex 10.5537 0.910587 0
    endloop
  endfacet
  facet normal 0 0 -1
    outer loop
      vertex 9.95 -4.175 0
      vertex 10.2833 -4.7986 0
      vertex 10.1697 -4.70533 0
    endloop
  endfacet
  facet normal 0 0 -1
    outer loop
      vertex 10.5537 0.910587 0
      vertex 9.95 0.174995 0
      vertex 10.413 0.867901 0
    endloop
  endfacet
  facet normal 0 0 -1
    outer loop
      vertex 9.95 -4.175 0
      vertex 10.1697 -4.70533 0
      vertex 10.0764 -4.59167 0
    endloop
  endfacet
  facet normal 0 0 -1
    outer loop
      vertex 10.413 0.867901 0
      vertex 9.95 0.174995 0
      vertex 10.2833 0.798595 0
    endloop
  endfacet
  facet normal 0 0 -1
    outer loop
      vertex 9.95 -4.175 0
      vertex 10.0764 -4.59167 0
      vertex 10.0071 -4.462 0
    endloop
  endfacet
  facet normal 0 0 -1
    outer loop
      vertex 10.2833 0.798595 0
      vertex 9.95 0.174995 0
      vertex 10.1697 0.705326 0
    endloop
  endfacet
  facet normal 0 0 -1
    outer loop
      vertex 9.95 -4.175 0
      vertex 10.0071 -4.462 0
      vertex 9.96441 -4.32131 0
    endloop
  endfacet
  facet normal 0 0 -1
    outer loop
      vertex 10.1697 0.705326 0
      vertex 9.95 0.174995 0
      vertex 10.0764 0.591675 0
    endloop
  endfacet
  facet normal 0 0 -1
    outer loop
      vertex 10.0764 0.591675 0
      vertex 9.95 0.174995 0
      vertex 10.0071 0.462002 0
    endloop
  endfacet
  facet normal 0 0 -1
    outer loop
      vertex 10.0071 0.462002 0
      vertex 9.95 0.174995 0
      vertex 9.96441 0.321308 0
    endloop
  endfacet
  facet normal -0.956923 -0.290341 0
    outer loop
      vertex 10.0071 21.038 0
      vertex 9.96441 21.1787 0.4
      vertex 9.96441 21.1787 0
    endloop
  endfacet
  facet normal -0.956923 -0.290341 0
    outer loop
      vertex 9.96441 21.1787 0.4
      vertex 10.0071 21.038 0
      vertex 10.0071 21.038 0.4
    endloop
  endfacet
  facet normal -0.995184 -0.0980219 0
    outer loop
      vertex 9.96441 21.1787 0
      vertex 9.95 21.325 0.4
      vertex 9.95 21.325 0
    endloop
  endfacet
  facet normal -0.995184 -0.0980219 0
    outer loop
      vertex 9.95 21.325 0.4
      vertex 9.96441 21.1787 0
      vertex 9.96441 21.1787 0.4
    endloop
  endfacet
  facet normal -0.881995 -0.471259 0
    outer loop
      vertex 10.0764 20.9083 0
      vertex 10.0071 21.038 0.4
      vertex 10.0071 21.038 0
    endloop
  endfacet
  facet normal -0.881995 -0.471259 0
    outer loop
      vertex 10.0071 21.038 0.4
      vertex 10.0764 20.9083 0
      vertex 10.0764 20.9083 0.4
    endloop
  endfacet
  facet normal 0.0979545 0.995191 -0
    outer loop
      vertex 15.1963 26.4106 0
      vertex 15.05 26.425 0.4
      vertex 15.1963 26.4106 0.4
    endloop
  endfacet
  facet normal 0.0979545 0.995191 0
    outer loop
      vertex 15.05 26.425 0.4
      vertex 15.1963 26.4106 0
      vertex 15.05 26.425 0
    endloop
  endfacet
  facet normal -0.634681 -0.772774 0
    outer loop
      vertex 10.1697 20.7947 0
      vertex 10.2833 20.7014 0.4
      vertex 10.1697 20.7947 0.4
    endloop
  endfacet
  facet normal -0.634681 -0.772774 -0
    outer loop
      vertex 10.2833 20.7014 0.4
      vertex 10.1697 20.7947 0
      vertex 10.2833 20.7014 0
    endloop
  endfacet
  facet normal 1 -0 0
    outer loop
      vertex 15.8 21.325 0.4
      vertex 15.8 25.675 0
      vertex 15.8 25.675 0.4
    endloop
  endfacet
  facet normal 1 0 0
    outer loop
      vertex 15.8 25.675 0
      vertex 15.8 21.325 0.4
      vertex 15.8 21.325 0
    endloop
  endfacet
  facet normal 0 1 -0
    outer loop
      vertex 15.05 26.425 0
      vertex 10.7 26.425 0.4
      vertex 15.05 26.425 0.4
    endloop
  endfacet
  facet normal 0 1 0
    outer loop
      vertex 10.7 26.425 0.4
      vertex 15.05 26.425 0
      vertex 10.7 26.425 0
    endloop
  endfacet
  facet normal -0.471259 0.881995 0
    outer loop
      vertex 10.413 26.3679 0
      vertex 10.2833 26.2986 0.4
      vertex 10.413 26.3679 0.4
    endloop
  endfacet
  facet normal -0.471259 0.881995 0
    outer loop
      vertex 10.2833 26.2986 0.4
      vertex 10.413 26.3679 0
      vertex 10.2833 26.2986 0
    endloop
  endfacet
  facet normal -0.634681 0.772774 0
    outer loop
      vertex 10.2833 26.2986 0
      vertex 10.1697 26.2053 0.4
      vertex 10.2833 26.2986 0.4
    endloop
  endfacet
  facet normal -0.634681 0.772774 0
    outer loop
      vertex 10.1697 26.2053 0.4
      vertex 10.2833 26.2986 0
      vertex 10.1697 26.2053 0
    endloop
  endfacet
  facet normal -1 0 0
    outer loop
      vertex 9.95 21.325 0
      vertex 9.95 25.675 0.4
      vertex 9.95 25.675 0
    endloop
  endfacet
  facet normal -1 -0 0
    outer loop
      vertex 9.95 25.675 0.4
      vertex 9.95 21.325 0
      vertex 9.95 21.325 0.4
    endloop
  endfacet
  facet normal 0 -1 0
    outer loop
      vertex 10.7 20.575 0
      vertex 15.05 20.575 0.4
      vertex 10.7 20.575 0.4
    endloop
  endfacet
  facet normal 0 -1 -0
    outer loop
      vertex 15.05 20.575 0.4
      vertex 10.7 20.575 0
      vertex 15.05 20.575 0
    endloop
  endfacet
  facet normal 0.881995 -0.471259 0
    outer loop
      vertex 15.6736 20.9083 0.4
      vertex 15.7429 21.038 0
      vertex 15.7429 21.038 0.4
    endloop
  endfacet
  facet normal 0.881995 -0.471259 0
    outer loop
      vertex 15.7429 21.038 0
      vertex 15.6736 20.9083 0.4
      vertex 15.6736 20.9083 0
    endloop
  endfacet
  facet normal 0.772774 0.634681 0
    outer loop
      vertex 15.6736 26.0917 0.4
      vertex 15.5803 26.2053 0
      vertex 15.5803 26.2053 0.4
    endloop
  endfacet
  facet normal 0.772774 0.634681 0
    outer loop
      vertex 15.5803 26.2053 0
      vertex 15.6736 26.0917 0.4
      vertex 15.6736 26.0917 0
    endloop
  endfacet
  facet normal -0.290404 0.956904 0
    outer loop
      vertex 10.5537 26.4106 0
      vertex 10.413 26.3679 0.4
      vertex 10.5537 26.4106 0.4
    endloop
  endfacet
  facet normal -0.290404 0.956904 0
    outer loop
      vertex 10.413 26.3679 0.4
      vertex 10.5537 26.4106 0
      vertex 10.413 26.3679 0
    endloop
  endfacet
  facet normal -0.772774 0.634681 0
    outer loop
      vertex 10.0764 26.0917 0
      vertex 10.1697 26.2053 0.4
      vertex 10.1697 26.2053 0
    endloop
  endfacet
  facet normal -0.772774 0.634681 0
    outer loop
      vertex 10.1697 26.2053 0.4
      vertex 10.0764 26.0917 0
      vertex 10.0764 26.0917 0.4
    endloop
  endfacet
  facet normal 0.881995 0.471259 0
    outer loop
      vertex 15.7429 25.962 0.4
      vertex 15.6736 26.0917 0
      vertex 15.6736 26.0917 0.4
    endloop
  endfacet
  facet normal 0.881995 0.471259 0
    outer loop
      vertex 15.6736 26.0917 0
      vertex 15.7429 25.962 0.4
      vertex 15.7429 25.962 0
    endloop
  endfacet
  facet normal -0.881995 0.471259 0
    outer loop
      vertex 10.0071 25.962 0
      vertex 10.0764 26.0917 0.4
      vertex 10.0764 26.0917 0
    endloop
  endfacet
  facet normal -0.881995 0.471259 0
    outer loop
      vertex 10.0764 26.0917 0.4
      vertex 10.0071 25.962 0
      vertex 10.0071 25.962 0.4
    endloop
  endfacet
  facet normal -0.995184 0.0980219 0
    outer loop
      vertex 9.95 25.675 0
      vertex 9.96441 25.8213 0.4
      vertex 9.96441 25.8213 0
    endloop
  endfacet
  facet normal -0.995184 0.0980219 0
    outer loop
      vertex 9.96441 25.8213 0.4
      vertex 9.95 25.675 0
      vertex 9.95 25.675 0.4
    endloop
  endfacet
  facet normal 0.772774 -0.634681 0
    outer loop
      vertex 15.5803 20.7947 0.4
      vertex 15.6736 20.9083 0
      vertex 15.6736 20.9083 0.4
    endloop
  endfacet
  facet normal 0.772774 -0.634681 0
    outer loop
      vertex 15.6736 20.9083 0
      vertex 15.5803 20.7947 0.4
      vertex 15.5803 20.7947 0
    endloop
  endfacet
  facet normal 0.471259 0.881995 -0
    outer loop
      vertex 15.4667 26.2986 0
      vertex 15.337 26.3679 0.4
      vertex 15.4667 26.2986 0.4
    endloop
  endfacet
  facet normal 0.471259 0.881995 0
    outer loop
      vertex 15.337 26.3679 0.4
      vertex 15.4667 26.2986 0
      vertex 15.337 26.3679 0
    endloop
  endfacet
  facet normal 0.995191 0.0979545 0
    outer loop
      vertex 15.8 25.675 0.4
      vertex 15.7856 25.8213 0
      vertex 15.7856 25.8213 0.4
    endloop
  endfacet
  facet normal 0.995191 0.0979545 0
    outer loop
      vertex 15.7856 25.8213 0
      vertex 15.8 25.675 0.4
      vertex 15.8 25.675 0
    endloop
  endfacet
  facet normal 0.956904 0.290404 0
    outer loop
      vertex 15.7856 25.8213 0.4
      vertex 15.7429 25.962 0
      vertex 15.7429 25.962 0.4
    endloop
  endfacet
  facet normal 0.956904 0.290404 0
    outer loop
      vertex 15.7429 25.962 0
      vertex 15.7856 25.8213 0.4
      vertex 15.7856 25.8213 0
    endloop
  endfacet
  facet normal -0.0979545 0.995191 0
    outer loop
      vertex 10.7 26.425 0
      vertex 10.5537 26.4106 0.4
      vertex 10.7 26.425 0.4
    endloop
  endfacet
  facet normal -0.0979545 0.995191 0
    outer loop
      vertex 10.5537 26.4106 0.4
      vertex 10.7 26.425 0
      vertex 10.5537 26.4106 0
    endloop
  endfacet
  facet normal -0.0979545 -0.995191 0
    outer loop
      vertex 10.5537 20.5894 0
      vertex 10.7 20.575 0.4
      vertex 10.5537 20.5894 0.4
    endloop
  endfacet
  facet normal -0.0979545 -0.995191 -0
    outer loop
      vertex 10.7 20.575 0.4
      vertex 10.5537 20.5894 0
      vertex 10.7 20.575 0
    endloop
  endfacet
  facet normal 0.471259 -0.881995 0
    outer loop
      vertex 15.337 20.6321 0
      vertex 15.4667 20.7014 0.4
      vertex 15.337 20.6321 0.4
    endloop
  endfacet
  facet normal 0.471259 -0.881995 0
    outer loop
      vertex 15.4667 20.7014 0.4
      vertex 15.337 20.6321 0
      vertex 15.4667 20.7014 0
    endloop
  endfacet
  facet normal 0.290404 -0.956904 0
    outer loop
      vertex 15.1963 20.5894 0
      vertex 15.337 20.6321 0.4
      vertex 15.1963 20.5894 0.4
    endloop
  endfacet
  facet normal 0.290404 -0.956904 0
    outer loop
      vertex 15.337 20.6321 0.4
      vertex 15.1963 20.5894 0
      vertex 15.337 20.6321 0
    endloop
  endfacet
  facet normal 0 0 1
    outer loop
      vertex 15.05 26.425 0.4
      vertex 15.8 25.675 0.4
      vertex 15.7856 25.8213 0.4
    endloop
  endfacet
  facet normal 0 0 1
    outer loop
      vertex 15.8 25.675 0.4
      vertex 15.05 26.425 0.4
      vertex 15.8 21.325 0.4
    endloop
  endfacet
  facet normal 0 0 1
    outer loop
      vertex 15.05 26.425 0.4
      vertex 15.7856 25.8213 0.4
      vertex 15.7429 25.962 0.4
    endloop
  endfacet
  facet normal 0 0 1
    outer loop
      vertex 15.05 20.575 0.4
      vertex 15.8 21.325 0.4
      vertex 15.05 26.425 0.4
    endloop
  endfacet
  facet normal 0 0 1
    outer loop
      vertex 15.05 26.425 0.4
      vertex 15.7429 25.962 0.4
      vertex 15.6736 26.0917 0.4
    endloop
  endfacet
  facet normal 0 0 1
    outer loop
      vertex 15.8 21.325 0.4
      vertex 15.05 20.575 0.4
      vertex 15.7856 21.1787 0.4
    endloop
  endfacet
  facet normal 0 0 1
    outer loop
      vertex 15.05 26.425 0.4
      vertex 15.6736 26.0917 0.4
      vertex 15.5803 26.2053 0.4
    endloop
  endfacet
  facet normal 0 0 1
    outer loop
      vertex 15.7856 21.1787 0.4
      vertex 15.05 20.575 0.4
      vertex 15.7429 21.038 0.4
    endloop
  endfacet
  facet normal 0 0 1
    outer loop
      vertex 15.05 26.425 0.4
      vertex 15.5803 26.2053 0.4
      vertex 15.4667 26.2986 0.4
    endloop
  endfacet
  facet normal 0 0 1
    outer loop
      vertex 15.7429 21.038 0.4
      vertex 15.05 20.575 0.4
      vertex 15.6736 20.9083 0.4
    endloop
  endfacet
  facet normal 0 0 1
    outer loop
      vertex 15.05 26.425 0.4
      vertex 15.4667 26.2986 0.4
      vertex 15.337 26.3679 0.4
    endloop
  endfacet
  facet normal 0 0 1
    outer loop
      vertex 15.6736 20.9083 0.4
      vertex 15.05 20.575 0.4
      vertex 15.5803 20.7947 0.4
    endloop
  endfacet
  facet normal 0 0 1
    outer loop
      vertex 15.05 26.425 0.4
      vertex 15.337 26.3679 0.4
      vertex 15.1963 26.4106 0.4
    endloop
  endfacet
  facet normal 0 0 1
    outer loop
      vertex 15.5803 20.7947 0.4
      vertex 15.05 20.575 0.4
      vertex 15.4667 20.7014 0.4
    endloop
  endfacet
  facet normal 0 0 1
    outer loop
      vertex 15.4667 20.7014 0.4
      vertex 15.05 20.575 0.4
      vertex 15.337 20.6321 0.4
    endloop
  endfacet
  facet normal 0 0 1
    outer loop
      vertex 15.337 20.6321 0.4
      vertex 15.05 20.575 0.4
      vertex 15.1963 20.5894 0.4
    endloop
  endfacet
  facet normal -0 0 1
    outer loop
      vertex 10.7 26.425 0.4
      vertex 15.05 20.575 0.4
      vertex 15.05 26.425 0.4
    endloop
  endfacet
  facet normal 0 0 1
    outer loop
      vertex 10.7 26.425 0.4
      vertex 10.7 20.575 0.4
      vertex 15.05 20.575 0.4
    endloop
  endfacet
  facet normal 0 0 1
    outer loop
      vertex 9.95 25.675 0.4
      vertex 10.7 26.425 0.4
      vertex 10.5537 26.4106 0.4
    endloop
  endfacet
  facet normal 0 0 1
    outer loop
      vertex 10.7 26.425 0.4
      vertex 9.95 25.675 0.4
      vertex 10.7 20.575 0.4
    endloop
  endfacet
  facet normal 0 0 1
    outer loop
      vertex 9.95 25.675 0.4
      vertex 10.5537 26.4106 0.4
      vertex 10.413 26.3679 0.4
    endloop
  endfacet
  facet normal -0 0 1
    outer loop
      vertex 9.95 21.325 0.4
      vertex 10.7 20.575 0.4
      vertex 9.95 25.675 0.4
    endloop
  endfacet
  facet normal 0 0 1
    outer loop
      vertex 9.95 25.675 0.4
      vertex 10.413 26.3679 0.4
      vertex 10.2833 26.2986 0.4
    endloop
  endfacet
  facet normal 0 0 1
    outer loop
      vertex 10.7 20.575 0.4
      vertex 9.95 21.325 0.4
      vertex 10.5537 20.5894 0.4
    endloop
  endfacet
  facet normal 0 0 1
    outer loop
      vertex 9.95 25.675 0.4
      vertex 10.2833 26.2986 0.4
      vertex 10.1697 26.2053 0.4
    endloop
  endfacet
  facet normal 0 0 1
    outer loop
      vertex 10.5537 20.5894 0.4
      vertex 9.95 21.325 0.4
      vertex 10.413 20.6321 0.4
    endloop
  endfacet
  facet normal 0 0 1
    outer loop
      vertex 9.95 25.675 0.4
      vertex 10.1697 26.2053 0.4
      vertex 10.0764 26.0917 0.4
    endloop
  endfacet
  facet normal 0 0 1
    outer loop
      vertex 10.413 20.6321 0.4
      vertex 9.95 21.325 0.4
      vertex 10.2833 20.7014 0.4
    endloop
  endfacet
  facet normal 0 0 1
    outer loop
      vertex 9.95 25.675 0.4
      vertex 10.0764 26.0917 0.4
      vertex 10.0071 25.962 0.4
    endloop
  endfacet
  facet normal 0 0 1
    outer loop
      vertex 10.2833 20.7014 0.4
      vertex 9.95 21.325 0.4
      vertex 10.1697 20.7947 0.4
    endloop
  endfacet
  facet normal 0 0 1
    outer loop
      vertex 9.95 25.675 0.4
      vertex 10.0071 25.962 0.4
      vertex 9.96441 25.8213 0.4
    endloop
  endfacet
  facet normal 0 0 1
    outer loop
      vertex 10.1697 20.7947 0.4
      vertex 9.95 21.325 0.4
      vertex 10.0764 20.9083 0.4
    endloop
  endfacet
  facet normal 0 0 1
    outer loop
      vertex 10.0764 20.9083 0.4
      vertex 9.95 21.325 0.4
      vertex 10.0071 21.038 0.4
    endloop
  endfacet
  facet normal 0 0 1
    outer loop
      vertex 10.0071 21.038 0.4
      vertex 9.95 21.325 0.4
      vertex 9.96441 21.1787 0.4
    endloop
  endfacet
  facet normal 0.0979545 -0.995191 0
    outer loop
      vertex 15.05 20.575 0
      vertex 15.1963 20.5894 0.4
      vertex 15.05 20.575 0.4
    endloop
  endfacet
  facet normal 0.0979545 -0.995191 0
    outer loop
      vertex 15.1963 20.5894 0.4
      vertex 15.05 20.575 0
      vertex 15.1963 20.5894 0
    endloop
  endfacet
  facet normal -0.290404 -0.956904 0
    outer loop
      vertex 10.413 20.6321 0
      vertex 10.5537 20.5894 0.4
      vertex 10.413 20.6321 0.4
    endloop
  endfacet
  facet normal -0.290404 -0.956904 -0
    outer loop
      vertex 10.5537 20.5894 0.4
      vertex 10.413 20.6321 0
      vertex 10.5537 20.5894 0
    endloop
  endfacet
  facet normal -0.471259 -0.881995 0
    outer loop
      vertex 10.2833 20.7014 0
      vertex 10.413 20.6321 0.4
      vertex 10.2833 20.7014 0.4
    endloop
  endfacet
  facet normal -0.471259 -0.881995 -0
    outer loop
      vertex 10.413 20.6321 0.4
      vertex 10.2833 20.7014 0
      vertex 10.413 20.6321 0
    endloop
  endfacet
  facet normal 0.634681 0.772774 -0
    outer loop
      vertex 15.5803 26.2053 0
      vertex 15.4667 26.2986 0.4
      vertex 15.5803 26.2053 0.4
    endloop
  endfacet
  facet normal 0.634681 0.772774 0
    outer loop
      vertex 15.4667 26.2986 0.4
      vertex 15.5803 26.2053 0
      vertex 15.4667 26.2986 0
    endloop
  endfacet
  facet normal 0.290404 0.956904 -0
    outer loop
      vertex 15.337 26.3679 0
      vertex 15.1963 26.4106 0.4
      vertex 15.337 26.3679 0.4
    endloop
  endfacet
  facet normal 0.290404 0.956904 0
    outer loop
      vertex 15.1963 26.4106 0.4
      vertex 15.337 26.3679 0
      vertex 15.1963 26.4106 0
    endloop
  endfacet
  facet normal 0.634681 -0.772774 0
    outer loop
      vertex 15.4667 20.7014 0
      vertex 15.5803 20.7947 0.4
      vertex 15.4667 20.7014 0.4
    endloop
  endfacet
  facet normal 0.634681 -0.772774 0
    outer loop
      vertex 15.5803 20.7947 0.4
      vertex 15.4667 20.7014 0
      vertex 15.5803 20.7947 0
    endloop
  endfacet
  facet normal -0.956923 0.290341 0
    outer loop
      vertex 9.96441 25.8213 0
      vertex 10.0071 25.962 0.4
      vertex 10.0071 25.962 0
    endloop
  endfacet
  facet normal -0.956923 0.290341 0
    outer loop
      vertex 10.0071 25.962 0.4
      vertex 9.96441 25.8213 0
      vertex 9.96441 25.8213 0.4
    endloop
  endfacet
  facet normal 0 0 -1
    outer loop
      vertex 15.05 20.575 0
      vertex 15.8 21.325 0
      vertex 15.7856 21.1787 0
    endloop
  endfacet
  facet normal -0 0 -1
    outer loop
      vertex 15.8 21.325 0
      vertex 15.05 20.575 0
      vertex 15.8 25.675 0
    endloop
  endfacet
  facet normal 0 0 -1
    outer loop
      vertex 15.05 20.575 0
      vertex 15.7856 21.1787 0
      vertex 15.7429 21.038 0
    endloop
  endfacet
  facet normal 0 0 -1
    outer loop
      vertex 15.05 26.425 0
      vertex 15.8 25.675 0
      vertex 15.05 20.575 0
    endloop
  endfacet
  facet normal 0 0 -1
    outer loop
      vertex 15.05 20.575 0
      vertex 15.7429 21.038 0
      vertex 15.6736 20.9083 0
    endloop
  endfacet
  facet normal 0 0 -1
    outer loop
      vertex 15.8 25.675 0
      vertex 15.05 26.425 0
      vertex 15.7856 25.8213 0
    endloop
  endfacet
  facet normal 0 0 -1
    outer loop
      vertex 15.05 20.575 0
      vertex 15.6736 20.9083 0
      vertex 15.5803 20.7947 0
    endloop
  endfacet
  facet normal 0 0 -1
    outer loop
      vertex 15.7856 25.8213 0
      vertex 15.05 26.425 0
      vertex 15.7429 25.962 0
    endloop
  endfacet
  facet normal 0 0 -1
    outer loop
      vertex 15.05 20.575 0
      vertex 15.5803 20.7947 0
      vertex 15.4667 20.7014 0
    endloop
  endfacet
  facet normal 0 0 -1
    outer loop
      vertex 15.7429 25.962 0
      vertex 15.05 26.425 0
      vertex 15.6736 26.0917 0
    endloop
  endfacet
  facet normal 0 0 -1
    outer loop
      vertex 15.05 20.575 0
      vertex 15.4667 20.7014 0
      vertex 15.337 20.6321 0
    endloop
  endfacet
  facet normal 0 0 -1
    outer loop
      vertex 15.6736 26.0917 0
      vertex 15.05 26.425 0
      vertex 15.5803 26.2053 0
    endloop
  endfacet
  facet normal 0 0 -1
    outer loop
      vertex 15.05 20.575 0
      vertex 15.337 20.6321 0
      vertex 15.1963 20.5894 0
    endloop
  endfacet
  facet normal 0 0 -1
    outer loop
      vertex 15.5803 26.2053 0
      vertex 15.05 26.425 0
      vertex 15.4667 26.2986 0
    endloop
  endfacet
  facet normal 0 0 -1
    outer loop
      vertex 15.4667 26.2986 0
      vertex 15.05 26.425 0
      vertex 15.337 26.3679 0
    endloop
  endfacet
  facet normal 0 0 -1
    outer loop
      vertex 15.337 26.3679 0
      vertex 15.05 26.425 0
      vertex 15.1963 26.4106 0
    endloop
  endfacet
  facet normal 0 0 -1
    outer loop
      vertex 10.7 20.575 0
      vertex 15.05 26.425 0
      vertex 15.05 20.575 0
    endloop
  endfacet
  facet normal 0 0 -1
    outer loop
      vertex 10.7 20.575 0
      vertex 10.7 26.425 0
      vertex 15.05 26.425 0
    endloop
  endfacet
  facet normal 0 0 -1
    outer loop
      vertex 9.95 21.325 0
      vertex 10.7 20.575 0
      vertex 10.5537 20.5894 0
    endloop
  endfacet
  facet normal 0 0 -1
    outer loop
      vertex 10.7 20.575 0
      vertex 9.95 21.325 0
      vertex 10.7 26.425 0
    endloop
  endfacet
  facet normal 0 0 -1
    outer loop
      vertex 9.95 21.325 0
      vertex 10.5537 20.5894 0
      vertex 10.413 20.6321 0
    endloop
  endfacet
  facet normal 0 0 -1
    outer loop
      vertex 9.95 25.675 0
      vertex 10.7 26.425 0
      vertex 9.95 21.325 0
    endloop
  endfacet
  facet normal 0 0 -1
    outer loop
      vertex 9.95 21.325 0
      vertex 10.413 20.6321 0
      vertex 10.2833 20.7014 0
    endloop
  endfacet
  facet normal 0 0 -1
    outer loop
      vertex 10.7 26.425 0
      vertex 9.95 25.675 0
      vertex 10.5537 26.4106 0
    endloop
  endfacet
  facet normal 0 0 -1
    outer loop
      vertex 9.95 21.325 0
      vertex 10.2833 20.7014 0
      vertex 10.1697 20.7947 0
    endloop
  endfacet
  facet normal 0 0 -1
    outer loop
      vertex 10.5537 26.4106 0
      vertex 9.95 25.675 0
      vertex 10.413 26.3679 0
    endloop
  endfacet
  facet normal 0 0 -1
    outer loop
      vertex 9.95 21.325 0
      vertex 10.1697 20.7947 0
      vertex 10.0764 20.9083 0
    endloop
  endfacet
  facet normal 0 0 -1
    outer loop
      vertex 10.413 26.3679 0
      vertex 9.95 25.675 0
      vertex 10.2833 26.2986 0
    endloop
  endfacet
  facet normal 0 0 -1
    outer loop
      vertex 9.95 21.325 0
      vertex 10.0764 20.9083 0
      vertex 10.0071 21.038 0
    endloop
  endfacet
  facet normal 0 0 -1
    outer loop
      vertex 10.2833 26.2986 0
      vertex 9.95 25.675 0
      vertex 10.1697 26.2053 0
    endloop
  endfacet
  facet normal 0 0 -1
    outer loop
      vertex 9.95 21.325 0
      vertex 10.0071 21.038 0
      vertex 9.96441 21.1787 0
    endloop
  endfacet
  facet normal 0 0 -1
    outer loop
      vertex 10.1697 26.2053 0
      vertex 9.95 25.675 0
      vertex 10.0764 26.0917 0
    endloop
  endfacet
  facet normal 0 0 -1
    outer loop
      vertex 10.0764 26.0917 0
      vertex 9.95 25.675 0
      vertex 10.0071 25.962 0
    endloop
  endfacet
  facet normal 0 0 -1
    outer loop
      vertex 10.0071 25.962 0
      vertex 9.95 25.675 0
      vertex 9.96441 25.8213 0
    endloop
  endfacet
  facet normal 0.956904 -0.290404 0
    outer loop
      vertex 15.7429 21.038 0.4
      vertex 15.7856 21.1787 0
      vertex 15.7856 21.1787 0.4
    endloop
  endfacet
  facet normal 0.956904 -0.290404 0
    outer loop
      vertex 15.7856 21.1787 0
      vertex 15.7429 21.038 0.4
      vertex 15.7429 21.038 0
    endloop
  endfacet
  facet normal 0.995191 -0.0979545 0
    outer loop
      vertex 15.7856 21.1787 0.4
      vertex 15.8 21.325 0
      vertex 15.8 21.325 0.4
    endloop
  endfacet
  facet normal 0.995191 -0.0979545 0
    outer loop
      vertex 15.8 21.325 0
      vertex 15.7856 21.1787 0.4
      vertex 15.7856 21.1787 0
    endloop
  endfacet
  facet normal -0.772774 -0.634681 0
    outer loop
      vertex 10.1697 20.7947 0
      vertex 10.0764 20.9083 0.4
      vertex 10.0764 20.9083 0
    endloop
  endfacet
  facet normal -0.772774 -0.634681 0
    outer loop
      vertex 10.0764 20.9083 0.4
      vertex 10.1697 20.7947 0
      vertex 10.1697 20.7947 0.4
    endloop
  endfacet
  facet normal -0.956898 -0.290423 0
    outer loop
      vertex 16.3821 1.913 0
      vertex 16.3394 2.05369 0.4
      vertex 16.3394 2.05369 0
    endloop
  endfacet
  facet normal -0.956898 -0.290423 0
    outer loop
      vertex 16.3394 2.05369 0.4
      vertex 16.3821 1.913 0
      vertex 16.3821 1.913 0.4
    endloop
  endfacet
  facet normal -1 0 0
    outer loop
      vertex 16.325 2.2 0
      vertex 16.325 6.55 0.4
      vertex 16.325 6.55 0
    endloop
  endfacet
  facet normal -1 -0 0
    outer loop
      vertex 16.325 6.55 0.4
      vertex 16.325 2.2 0
      vertex 16.325 2.2 0.4
    endloop
  endfacet
  facet normal -0.995192 -0.0979479 0
    outer loop
      vertex 16.3394 2.05369 0
      vertex 16.325 2.2 0.4
      vertex 16.325 2.2 0
    endloop
  endfacet
  facet normal -0.995192 -0.0979479 0
    outer loop
      vertex 16.325 2.2 0.4
      vertex 16.3394 2.05369 0
      vertex 16.3394 2.05369 0.4
    endloop
  endfacet
  facet normal -0.956898 0.290423 0
    outer loop
      vertex 16.3394 6.69631 0
      vertex 16.3821 6.837 0.4
      vertex 16.3821 6.837 0
    endloop
  endfacet
  facet normal -0.956898 0.290423 0
    outer loop
      vertex 16.3821 6.837 0.4
      vertex 16.3394 6.69631 0
      vertex 16.3394 6.69631 0.4
    endloop
  endfacet
  facet normal 0 1 -0
    outer loop
      vertex 21.425 7.3 0
      vertex 17.075 7.3 0.4
      vertex 21.425 7.3 0.4
    endloop
  endfacet
  facet normal 0 1 0
    outer loop
      vertex 17.075 7.3 0.4
      vertex 21.425 7.3 0
      vertex 17.075 7.3 0
    endloop
  endfacet
  facet normal 0.88195 0.471344 0
    outer loop
      vertex 22.1179 6.837 0.4
      vertex 22.0486 6.96667 0
      vertex 22.0486 6.96667 0.4
    endloop
  endfacet
  facet normal 0.88195 0.471344 0
    outer loop
      vertex 22.0486 6.96667 0
      vertex 22.1179 6.837 0.4
      vertex 22.1179 6.837 0
    endloop
  endfacet
  facet normal -0.63456 -0.772874 0
    outer loop
      vertex 16.5447 1.66967 0
      vertex 16.6583 1.5764 0.4
      vertex 16.5447 1.66967 0.4
    endloop
  endfacet
  facet normal -0.63456 -0.772874 -0
    outer loop
      vertex 16.6583 1.5764 0.4
      vertex 16.5447 1.66967 0
      vertex 16.6583 1.5764 0
    endloop
  endfacet
  facet normal -0.63456 0.772874 0
    outer loop
      vertex 16.6583 7.1736 0
      vertex 16.5447 7.08033 0.4
      vertex 16.6583 7.1736 0.4
    endloop
  endfacet
  facet normal -0.63456 0.772874 0
    outer loop
      vertex 16.5447 7.08033 0.4
      vertex 16.6583 7.1736 0
      vertex 16.5447 7.08033 0
    endloop
  endfacet
  facet normal 0.63456 -0.772874 0
    outer loop
      vertex 21.8417 1.5764 0
      vertex 21.9553 1.66967 0.4
      vertex 21.8417 1.5764 0.4
    endloop
  endfacet
  facet normal 0.63456 -0.772874 0
    outer loop
      vertex 21.9553 1.66967 0.4
      vertex 21.8417 1.5764 0
      vertex 21.9553 1.66967 0
    endloop
  endfacet
  facet normal -0.995192 0.0979479 0
    outer loop
      vertex 16.325 6.55 0
      vertex 16.3394 6.69631 0.4
      vertex 16.3394 6.69631 0
    endloop
  endfacet
  facet normal -0.995192 0.0979479 0
    outer loop
      vertex 16.3394 6.69631 0.4
      vertex 16.325 6.55 0
      vertex 16.325 6.55 0.4
    endloop
  endfacet
  facet normal 0.471259 -0.881995 0
    outer loop
      vertex 21.712 1.5071 0
      vertex 21.8417 1.5764 0.4
      vertex 21.712 1.5071 0.4
    endloop
  endfacet
  facet normal 0.471259 -0.881995 0
    outer loop
      vertex 21.8417 1.5764 0.4
      vertex 21.712 1.5071 0
      vertex 21.8417 1.5764 0
    endloop
  endfacet
  facet normal 0.995192 0.0979479 0
    outer loop
      vertex 22.175 6.55 0.4
      vertex 22.1606 6.69631 0
      vertex 22.1606 6.69631 0.4
    endloop
  endfacet
  facet normal 0.995192 0.0979479 0
    outer loop
      vertex 22.1606 6.69631 0
      vertex 22.175 6.55 0.4
      vertex 22.175 6.55 0
    endloop
  endfacet
  facet normal 0 -1 0
    outer loop
      vertex 17.075 1.45 0
      vertex 21.425 1.45 0.4
      vertex 17.075 1.45 0.4
    endloop
  endfacet
  facet normal 0 -1 -0
    outer loop
      vertex 21.425 1.45 0.4
      vertex 17.075 1.45 0
      vertex 21.425 1.45 0
    endloop
  endfacet
  facet normal -0.88195 0.471344 0
    outer loop
      vertex 16.3821 6.837 0
      vertex 16.4514 6.96667 0.4
      vertex 16.4514 6.96667 0
    endloop
  endfacet
  facet normal -0.88195 0.471344 0
    outer loop
      vertex 16.4514 6.96667 0.4
      vertex 16.3821 6.837 0
      vertex 16.3821 6.837 0.4
    endloop
  endfacet
  facet normal 1 -0 0
    outer loop
      vertex 22.175 2.2 0.4
      vertex 22.175 6.55 0
      vertex 22.175 6.55 0.4
    endloop
  endfacet
  facet normal 1 0 0
    outer loop
      vertex 22.175 6.55 0
      vertex 22.175 2.2 0.4
      vertex 22.175 2.2 0
    endloop
  endfacet
  facet normal 0.772938 -0.634481 0
    outer loop
      vertex 21.9553 1.66967 0.4
      vertex 22.0486 1.78333 0
      vertex 22.0486 1.78333 0.4
    endloop
  endfacet
  facet normal 0.772938 -0.634481 0
    outer loop
      vertex 22.0486 1.78333 0
      vertex 21.9553 1.66967 0.4
      vertex 21.9553 1.66967 0
    endloop
  endfacet
  facet normal -0.772938 0.634481 0
    outer loop
      vertex 16.4514 6.96667 0
      vertex 16.5447 7.08033 0.4
      vertex 16.5447 7.08033 0
    endloop
  endfacet
  facet normal -0.772938 0.634481 0
    outer loop
      vertex 16.5447 7.08033 0.4
      vertex 16.4514 6.96667 0
      vertex 16.4514 6.96667 0.4
    endloop
  endfacet
  facet normal 0.995192 -0.0979479 0
    outer loop
      vertex 22.1606 2.05369 0.4
      vertex 22.175 2.2 0
      vertex 22.175 2.2 0.4
    endloop
  endfacet
  facet normal 0.995192 -0.0979479 0
    outer loop
      vertex 22.175 2.2 0
      vertex 22.1606 2.05369 0.4
      vertex 22.1606 2.05369 0
    endloop
  endfacet
  facet normal -0.0980219 0.995184 0
    outer loop
      vertex 17.075 7.3 0
      vertex 16.9287 7.28559 0.4
      vertex 17.075 7.3 0.4
    endloop
  endfacet
  facet normal -0.0980219 0.995184 0
    outer loop
      vertex 16.9287 7.28559 0.4
      vertex 17.075 7.3 0
      vertex 16.9287 7.28559 0
    endloop
  endfacet
  facet normal 0.0980219 -0.995184 0
    outer loop
      vertex 21.425 1.45 0
      vertex 21.5713 1.46441 0.4
      vertex 21.425 1.45 0.4
    endloop
  endfacet
  facet normal 0.0980219 -0.995184 0
    outer loop
      vertex 21.5713 1.46441 0.4
      vertex 21.425 1.45 0
      vertex 21.5713 1.46441 0
    endloop
  endfacet
  facet normal 0 0 1
    outer loop
      vertex 21.425 7.3 0.4
      vertex 22.175 6.55 0.4
      vertex 22.1606 6.69631 0.4
    endloop
  endfacet
  facet normal 0 0 1
    outer loop
      vertex 22.175 6.55 0.4
      vertex 21.425 7.3 0.4
      vertex 22.175 2.2 0.4
    endloop
  endfacet
  facet normal 0 0 1
    outer loop
      vertex 21.425 7.3 0.4
      vertex 22.1606 6.69631 0.4
      vertex 22.1179 6.837 0.4
    endloop
  endfacet
  facet normal 0 0 1
    outer loop
      vertex 21.425 1.45 0.4
      vertex 22.175 2.2 0.4
      vertex 21.425 7.3 0.4
    endloop
  endfacet
  facet normal 0 0 1
    outer loop
      vertex 21.425 7.3 0.4
      vertex 22.1179 6.837 0.4
      vertex 22.0486 6.96667 0.4
    endloop
  endfacet
  facet normal 0 0 1
    outer loop
      vertex 22.175 2.2 0.4
      vertex 21.425 1.45 0.4
      vertex 22.1606 2.05369 0.4
    endloop
  endfacet
  facet normal 0 0 1
    outer loop
      vertex 21.425 7.3 0.4
      vertex 22.0486 6.96667 0.4
      vertex 21.9553 7.08033 0.4
    endloop
  endfacet
  facet normal 0 0 1
    outer loop
      vertex 22.1606 2.05369 0.4
      vertex 21.425 1.45 0.4
      vertex 22.1179 1.913 0.4
    endloop
  endfacet
  facet normal 0 0 1
    outer loop
      vertex 21.425 7.3 0.4
      vertex 21.9553 7.08033 0.4
      vertex 21.8417 7.1736 0.4
    endloop
  endfacet
  facet normal 0 0 1
    outer loop
      vertex 22.1179 1.913 0.4
      vertex 21.425 1.45 0.4
      vertex 22.0486 1.78333 0.4
    endloop
  endfacet
  facet normal 0 0 1
    outer loop
      vertex 21.425 7.3 0.4
      vertex 21.8417 7.1736 0.4
      vertex 21.712 7.2429 0.4
    endloop
  endfacet
  facet normal 0 0 1
    outer loop
      vertex 22.0486 1.78333 0.4
      vertex 21.425 1.45 0.4
      vertex 21.9553 1.66967 0.4
    endloop
  endfacet
  facet normal 0 0 1
    outer loop
      vertex 21.425 7.3 0.4
      vertex 21.712 7.2429 0.4
      vertex 21.5713 7.28559 0.4
    endloop
  endfacet
  facet normal 0 0 1
    outer loop
      vertex 21.9553 1.66967 0.4
      vertex 21.425 1.45 0.4
      vertex 21.8417 1.5764 0.4
    endloop
  endfacet
  facet normal 0 0 1
    outer loop
      vertex 21.8417 1.5764 0.4
      vertex 21.425 1.45 0.4
      vertex 21.712 1.5071 0.4
    endloop
  endfacet
  facet normal 0 0 1
    outer loop
      vertex 21.712 1.5071 0.4
      vertex 21.425 1.45 0.4
      vertex 21.5713 1.46441 0.4
    endloop
  endfacet
  facet normal -0 0 1
    outer loop
      vertex 17.075 7.3 0.4
      vertex 21.425 1.45 0.4
      vertex 21.425 7.3 0.4
    endloop
  endfacet
  facet normal 0 0 1
    outer loop
      vertex 17.075 7.3 0.4
      vertex 17.075 1.45 0.4
      vertex 21.425 1.45 0.4
    endloop
  endfacet
  facet normal 0 0 1
    outer loop
      vertex 16.325 6.55 0.4
      vertex 17.075 7.3 0.4
      vertex 16.9287 7.28559 0.4
    endloop
  endfacet
  facet normal 0 0 1
    outer loop
      vertex 17.075 7.3 0.4
      vertex 16.325 6.55 0.4
      vertex 17.075 1.45 0.4
    endloop
  endfacet
  facet normal 0 0 1
    outer loop
      vertex 16.325 6.55 0.4
      vertex 16.9287 7.28559 0.4
      vertex 16.788 7.2429 0.4
    endloop
  endfacet
  facet normal -0 0 1
    outer loop
      vertex 16.325 2.2 0.4
      vertex 17.075 1.45 0.4
      vertex 16.325 6.55 0.4
    endloop
  endfacet
  facet normal 0 0 1
    outer loop
      vertex 16.325 6.55 0.4
      vertex 16.788 7.2429 0.4
      vertex 16.6583 7.1736 0.4
    endloop
  endfacet
  facet normal 0 0 1
    outer loop
      vertex 17.075 1.45 0.4
      vertex 16.325 2.2 0.4
      vertex 16.9287 1.46441 0.4
    endloop
  endfacet
  facet normal 0 0 1
    outer loop
      vertex 16.325 6.55 0.4
      vertex 16.6583 7.1736 0.4
      vertex 16.5447 7.08033 0.4
    endloop
  endfacet
  facet normal 0 0 1
    outer loop
      vertex 16.9287 1.46441 0.4
      vertex 16.325 2.2 0.4
      vertex 16.788 1.5071 0.4
    endloop
  endfacet
  facet normal 0 0 1
    outer loop
      vertex 16.325 6.55 0.4
      vertex 16.5447 7.08033 0.4
      vertex 16.4514 6.96667 0.4
    endloop
  endfacet
  facet normal 0 0 1
    outer loop
      vertex 16.788 1.5071 0.4
      vertex 16.325 2.2 0.4
      vertex 16.6583 1.5764 0.4
    endloop
  endfacet
  facet normal 0 0 1
    outer loop
      vertex 16.325 6.55 0.4
      vertex 16.4514 6.96667 0.4
      vertex 16.3821 6.837 0.4
    endloop
  endfacet
  facet normal 0 0 1
    outer loop
      vertex 16.6583 1.5764 0.4
      vertex 16.325 2.2 0.4
      vertex 16.5447 1.66967 0.4
    endloop
  endfacet
  facet normal 0 0 1
    outer loop
      vertex 16.325 6.55 0.4
      vertex 16.3821 6.837 0.4
      vertex 16.3394 6.69631 0.4
    endloop
  endfacet
  facet normal 0 0 1
    outer loop
      vertex 16.5447 1.66967 0.4
      vertex 16.325 2.2 0.4
      vertex 16.4514 1.78333 0.4
    endloop
  endfacet
  facet normal 0 0 1
    outer loop
      vertex 16.4514 1.78333 0.4
      vertex 16.325 2.2 0.4
      vertex 16.3821 1.913 0.4
    endloop
  endfacet
  facet normal 0 0 1
    outer loop
      vertex 16.3821 1.913 0.4
      vertex 16.325 2.2 0.4
      vertex 16.3394 2.05369 0.4
    endloop
  endfacet
  facet normal 0.772938 0.634481 0
    outer loop
      vertex 22.0486 6.96667 0.4
      vertex 21.9553 7.08033 0
      vertex 21.9553 7.08033 0.4
    endloop
  endfacet
  facet normal 0.772938 0.634481 0
    outer loop
      vertex 21.9553 7.08033 0
      vertex 22.0486 6.96667 0.4
      vertex 22.0486 6.96667 0
    endloop
  endfacet
  facet normal 0.88195 -0.471344 0
    outer loop
      vertex 22.0486 1.78333 0.4
      vertex 22.1179 1.913 0
      vertex 22.1179 1.913 0.4
    endloop
  endfacet
  facet normal 0.88195 -0.471344 0
    outer loop
      vertex 22.1179 1.913 0
      vertex 22.0486 1.78333 0.4
      vertex 22.0486 1.78333 0
    endloop
  endfacet
  facet normal 0.290341 0.956923 -0
    outer loop
      vertex 21.712 7.2429 0
      vertex 21.5713 7.28559 0.4
      vertex 21.712 7.2429 0.4
    endloop
  endfacet
  facet normal 0.290341 0.956923 0
    outer loop
      vertex 21.5713 7.28559 0.4
      vertex 21.712 7.2429 0
      vertex 21.5713 7.28559 0
    endloop
  endfacet
  facet normal -0.290341 -0.956923 0
    outer loop
      vertex 16.788 1.5071 0
      vertex 16.9287 1.46441 0.4
      vertex 16.788 1.5071 0.4
    endloop
  endfacet
  facet normal -0.290341 -0.956923 -0
    outer loop
      vertex 16.9287 1.46441 0.4
      vertex 16.788 1.5071 0
      vertex 16.9287 1.46441 0
    endloop
  endfacet
  facet normal -0.471259 0.881995 0
    outer loop
      vertex 16.788 7.2429 0
      vertex 16.6583 7.1736 0.4
      vertex 16.788 7.2429 0.4
    endloop
  endfacet
  facet normal -0.471259 0.881995 0
    outer loop
      vertex 16.6583 7.1736 0.4
      vertex 16.788 7.2429 0
      vertex 16.6583 7.1736 0
    endloop
  endfacet
  facet normal -0.471259 -0.881995 0
    outer loop
      vertex 16.6583 1.5764 0
      vertex 16.788 1.5071 0.4
      vertex 16.6583 1.5764 0.4
    endloop
  endfacet
  facet normal -0.471259 -0.881995 -0
    outer loop
      vertex 16.788 1.5071 0.4
      vertex 16.6583 1.5764 0
      vertex 16.788 1.5071 0
    endloop
  endfacet
  facet normal 0 0 -1
    outer loop
      vertex 21.425 1.45 0
      vertex 22.175 2.2 0
      vertex 22.1606 2.05369 0
    endloop
  endfacet
  facet normal -0 0 -1
    outer loop
      vertex 22.175 2.2 0
      vertex 21.425 1.45 0
      vertex 22.175 6.55 0
    endloop
  endfacet
  facet normal 0 0 -1
    outer loop
      vertex 21.425 1.45 0
      vertex 22.1606 2.05369 0
      vertex 22.1179 1.913 0
    endloop
  endfacet
  facet normal 0 0 -1
    outer loop
      vertex 21.425 7.3 0
      vertex 22.175 6.55 0
      vertex 21.425 1.45 0
    endloop
  endfacet
  facet normal 0 0 -1
    outer loop
      vertex 21.425 1.45 0
      vertex 22.1179 1.913 0
      vertex 22.0486 1.78333 0
    endloop
  endfacet
  facet normal 0 0 -1
    outer loop
      vertex 22.175 6.55 0
      vertex 21.425 7.3 0
      vertex 22.1606 6.69631 0
    endloop
  endfacet
  facet normal 0 0 -1
    outer loop
      vertex 21.425 1.45 0
      vertex 22.0486 1.78333 0
      vertex 21.9553 1.66967 0
    endloop
  endfacet
  facet normal 0 0 -1
    outer loop
      vertex 22.1606 6.69631 0
      vertex 21.425 7.3 0
      vertex 22.1179 6.837 0
    endloop
  endfacet
  facet normal 0 0 -1
    outer loop
      vertex 21.425 1.45 0
      vertex 21.9553 1.66967 0
      vertex 21.8417 1.5764 0
    endloop
  endfacet
  facet normal 0 0 -1
    outer loop
      vertex 22.1179 6.837 0
      vertex 21.425 7.3 0
      vertex 22.0486 6.96667 0
    endloop
  endfacet
  facet normal 0 0 -1
    outer loop
      vertex 21.425 1.45 0
      vertex 21.8417 1.5764 0
      vertex 21.712 1.5071 0
    endloop
  endfacet
  facet normal 0 0 -1
    outer loop
      vertex 22.0486 6.96667 0
      vertex 21.425 7.3 0
      vertex 21.9553 7.08033 0
    endloop
  endfacet
  facet normal 0 0 -1
    outer loop
      vertex 21.425 1.45 0
      vertex 21.712 1.5071 0
      vertex 21.5713 1.46441 0
    endloop
  endfacet
  facet normal 0 0 -1
    outer loop
      vertex 21.9553 7.08033 0
      vertex 21.425 7.3 0
      vertex 21.8417 7.1736 0
    endloop
  endfacet
  facet normal 0 0 -1
    outer loop
      vertex 21.8417 7.1736 0
      vertex 21.425 7.3 0
      vertex 21.712 7.2429 0
    endloop
  endfacet
  facet normal 0 0 -1
    outer loop
      vertex 21.712 7.2429 0
      vertex 21.425 7.3 0
      vertex 21.5713 7.28559 0
    endloop
  endfacet
  facet normal 0 0 -1
    outer loop
      vertex 17.075 1.45 0
      vertex 21.425 7.3 0
      vertex 21.425 1.45 0
    endloop
  endfacet
  facet normal 0 0 -1
    outer loop
      vertex 17.075 1.45 0
      vertex 17.075 7.3 0
      vertex 21.425 7.3 0
    endloop
  endfacet
  facet normal 0 0 -1
    outer loop
      vertex 16.325 2.2 0
      vertex 17.075 1.45 0
      vertex 16.9287 1.46441 0
    endloop
  endfacet
  facet normal 0 0 -1
    outer loop
      vertex 17.075 1.45 0
      vertex 16.325 2.2 0
      vertex 17.075 7.3 0
    endloop
  endfacet
  facet normal 0 0 -1
    outer loop
      vertex 16.325 2.2 0
      vertex 16.9287 1.46441 0
      vertex 16.788 1.5071 0
    endloop
  endfacet
  facet normal 0 0 -1
    outer loop
      vertex 16.325 6.55 0
      vertex 17.075 7.3 0
      vertex 16.325 2.2 0
    endloop
  endfacet
  facet normal 0 0 -1
    outer loop
      vertex 16.325 2.2 0
      vertex 16.788 1.5071 0
      vertex 16.6583 1.5764 0
    endloop
  endfacet
  facet normal 0 0 -1
    outer loop
      vertex 17.075 7.3 0
      vertex 16.325 6.55 0
      vertex 16.9287 7.28559 0
    endloop
  endfacet
  facet normal 0 0 -1
    outer loop
      vertex 16.325 2.2 0
      vertex 16.6583 1.5764 0
      vertex 16.5447 1.66967 0
    endloop
  endfacet
  facet normal 0 0 -1
    outer loop
      vertex 16.9287 7.28559 0
      vertex 16.325 6.55 0
      vertex 16.788 7.2429 0
    endloop
  endfacet
  facet normal 0 0 -1
    outer loop
      vertex 16.325 2.2 0
      vertex 16.5447 1.66967 0
      vertex 16.4514 1.78333 0
    endloop
  endfacet
  facet normal 0 0 -1
    outer loop
      vertex 16.788 7.2429 0
      vertex 16.325 6.55 0
      vertex 16.6583 7.1736 0
    endloop
  endfacet
  facet normal 0 0 -1
    outer loop
      vertex 16.325 2.2 0
      vertex 16.4514 1.78333 0
      vertex 16.3821 1.913 0
    endloop
  endfacet
  facet normal 0 0 -1
    outer loop
      vertex 16.6583 7.1736 0
      vertex 16.325 6.55 0
      vertex 16.5447 7.08033 0
    endloop
  endfacet
  facet normal 0 0 -1
    outer loop
      vertex 16.325 2.2 0
      vertex 16.3821 1.913 0
      vertex 16.3394 2.05369 0
    endloop
  endfacet
  facet normal 0 0 -1
    outer loop
      vertex 16.5447 7.08033 0
      vertex 16.325 6.55 0
      vertex 16.4514 6.96667 0
    endloop
  endfacet
  facet normal 0 0 -1
    outer loop
      vertex 16.4514 6.96667 0
      vertex 16.325 6.55 0
      vertex 16.3821 6.837 0
    endloop
  endfacet
  facet normal 0 0 -1
    outer loop
      vertex 16.3821 6.837 0
      vertex 16.325 6.55 0
      vertex 16.3394 6.69631 0
    endloop
  endfacet
  facet normal 0.471259 0.881995 -0
    outer loop
      vertex 21.8417 7.1736 0
      vertex 21.712 7.2429 0.4
      vertex 21.8417 7.1736 0.4
    endloop
  endfacet
  facet normal 0.471259 0.881995 0
    outer loop
      vertex 21.712 7.2429 0.4
      vertex 21.8417 7.1736 0
      vertex 21.712 7.2429 0
    endloop
  endfacet
  facet normal -0.290341 0.956923 0
    outer loop
      vertex 16.9287 7.28559 0
      vertex 16.788 7.2429 0.4
      vertex 16.9287 7.28559 0.4
    endloop
  endfacet
  facet normal -0.290341 0.956923 0
    outer loop
      vertex 16.788 7.2429 0.4
      vertex 16.9287 7.28559 0
      vertex 16.788 7.2429 0
    endloop
  endfacet
  facet normal 0.956898 0.290423 0
    outer loop
      vertex 22.1606 6.69631 0.4
      vertex 22.1179 6.837 0
      vertex 22.1179 6.837 0.4
    endloop
  endfacet
  facet normal 0.956898 0.290423 0
    outer loop
      vertex 22.1179 6.837 0
      vertex 22.1606 6.69631 0.4
      vertex 22.1606 6.69631 0
    endloop
  endfacet
  facet normal 0.0980219 0.995184 -0
    outer loop
      vertex 21.5713 7.28559 0
      vertex 21.425 7.3 0.4
      vertex 21.5713 7.28559 0.4
    endloop
  endfacet
  facet normal 0.0980219 0.995184 0
    outer loop
      vertex 21.425 7.3 0.4
      vertex 21.5713 7.28559 0
      vertex 21.425 7.3 0
    endloop
  endfacet
  facet normal 0.63456 0.772874 -0
    outer loop
      vertex 21.9553 7.08033 0
      vertex 21.8417 7.1736 0.4
      vertex 21.9553 7.08033 0.4
    endloop
  endfacet
  facet normal 0.63456 0.772874 0
    outer loop
      vertex 21.8417 7.1736 0.4
      vertex 21.9553 7.08033 0
      vertex 21.8417 7.1736 0
    endloop
  endfacet
  facet normal 0.956898 -0.290423 0
    outer loop
      vertex 22.1179 1.913 0.4
      vertex 22.1606 2.05369 0
      vertex 22.1606 2.05369 0.4
    endloop
  endfacet
  facet normal 0.956898 -0.290423 0
    outer loop
      vertex 22.1606 2.05369 0
      vertex 22.1179 1.913 0.4
      vertex 22.1179 1.913 0
    endloop
  endfacet
  facet normal -0.88195 -0.471344 0
    outer loop
      vertex 16.4514 1.78333 0
      vertex 16.3821 1.913 0.4
      vertex 16.3821 1.913 0
    endloop
  endfacet
  facet normal -0.88195 -0.471344 0
    outer loop
      vertex 16.3821 1.913 0.4
      vertex 16.4514 1.78333 0
      vertex 16.4514 1.78333 0.4
    endloop
  endfacet
  facet normal 0.290341 -0.956923 0
    outer loop
      vertex 21.5713 1.46441 0
      vertex 21.712 1.5071 0.4
      vertex 21.5713 1.46441 0.4
    endloop
  endfacet
  facet normal 0.290341 -0.956923 0
    outer loop
      vertex 21.712 1.5071 0.4
      vertex 21.5713 1.46441 0
      vertex 21.712 1.5071 0
    endloop
  endfacet
  facet normal -0.772938 -0.634481 0
    outer loop
      vertex 16.5447 1.66967 0
      vertex 16.4514 1.78333 0.4
      vertex 16.4514 1.78333 0
    endloop
  endfacet
  facet normal -0.772938 -0.634481 0
    outer loop
      vertex 16.4514 1.78333 0.4
      vertex 16.5447 1.66967 0
      vertex 16.5447 1.66967 0.4
    endloop
  endfacet
  facet normal -0.0980219 -0.995184 0
    outer loop
      vertex 16.9287 1.46441 0
      vertex 17.075 1.45 0.4
      vertex 16.9287 1.46441 0.4
    endloop
  endfacet
  facet normal -0.0980219 -0.995184 -0
    outer loop
      vertex 17.075 1.45 0.4
      vertex 16.9287 1.46441 0
      vertex 17.075 1.45 0
    endloop
  endfacet
  facet normal -0.956898 -0.290423 0
    outer loop
      vertex 16.3821 8.288 0
      vertex 16.3394 8.42869 0.4
      vertex 16.3394 8.42869 0
    endloop
  endfacet
  facet normal -0.956898 -0.290423 0
    outer loop
      vertex 16.3394 8.42869 0.4
      vertex 16.3821 8.288 0
      vertex 16.3821 8.288 0.4
    endloop
  endfacet
  facet normal -1 0 0
    outer loop
      vertex 16.325 8.575 0
      vertex 16.325 12.925 0.4
      vertex 16.325 12.925 0
    endloop
  endfacet
  facet normal -1 -0 0
    outer loop
      vertex 16.325 12.925 0.4
      vertex 16.325 8.575 0
      vertex 16.325 8.575 0.4
    endloop
  endfacet
  facet normal -0.995192 -0.0979479 0
    outer loop
      vertex 16.3394 8.42869 0
      vertex 16.325 8.575 0.4
      vertex 16.325 8.575 0
    endloop
  endfacet
  facet normal -0.995192 -0.0979479 0
    outer loop
      vertex 16.325 8.575 0.4
      vertex 16.3394 8.42869 0
      vertex 16.3394 8.42869 0.4
    endloop
  endfacet
  facet normal -0.956904 0.290404 0
    outer loop
      vertex 16.3394 13.0713 0
      vertex 16.3821 13.212 0.4
      vertex 16.3821 13.212 0
    endloop
  endfacet
  facet normal -0.956904 0.290404 0
    outer loop
      vertex 16.3821 13.212 0.4
      vertex 16.3394 13.0713 0
      vertex 16.3394 13.0713 0.4
    endloop
  endfacet
  facet normal 0 1 -0
    outer loop
      vertex 21.425 13.675 0
      vertex 17.075 13.675 0.4
      vertex 21.425 13.675 0.4
    endloop
  endfacet
  facet normal 0 1 0
    outer loop
      vertex 17.075 13.675 0.4
      vertex 21.425 13.675 0
      vertex 17.075 13.675 0
    endloop
  endfacet
  facet normal 0.881995 0.471259 0
    outer loop
      vertex 22.1179 13.212 0.4
      vertex 22.0486 13.3417 0
      vertex 22.0486 13.3417 0.4
    endloop
  endfacet
  facet normal 0.881995 0.471259 0
    outer loop
      vertex 22.0486 13.3417 0
      vertex 22.1179 13.212 0.4
      vertex 22.1179 13.212 0
    endloop
  endfacet
  facet normal -0.63456 -0.772874 0
    outer loop
      vertex 16.5447 8.04467 0
      vertex 16.6583 7.9514 0.4
      vertex 16.5447 8.04467 0.4
    endloop
  endfacet
  facet normal -0.63456 -0.772874 -0
    outer loop
      vertex 16.6583 7.9514 0.4
      vertex 16.5447 8.04467 0
      vertex 16.6583 7.9514 0
    endloop
  endfacet
  facet normal -0.634681 0.772774 0
    outer loop
      vertex 16.6583 13.5486 0
      vertex 16.5447 13.4553 0.4
      vertex 16.6583 13.5486 0.4
    endloop
  endfacet
  facet normal -0.634681 0.772774 0
    outer loop
      vertex 16.5447 13.4553 0.4
      vertex 16.6583 13.5486 0
      vertex 16.5447 13.4553 0
    endloop
  endfacet
  facet normal 0.63456 -0.772874 0
    outer loop
      vertex 21.8417 7.9514 0
      vertex 21.9553 8.04467 0.4
      vertex 21.8417 7.9514 0.4
    endloop
  endfacet
  facet normal 0.63456 -0.772874 0
    outer loop
      vertex 21.9553 8.04467 0.4
      vertex 21.8417 7.9514 0
      vertex 21.9553 8.04467 0
    endloop
  endfacet
  facet normal -0.995191 0.0979545 0
    outer loop
      vertex 16.325 12.925 0
      vertex 16.3394 13.0713 0.4
      vertex 16.3394 13.0713 0
    endloop
  endfacet
  facet normal -0.995191 0.0979545 0
    outer loop
      vertex 16.3394 13.0713 0.4
      vertex 16.325 12.925 0
      vertex 16.325 12.925 0.4
    endloop
  endfacet
  facet normal 0.471259 -0.881995 0
    outer loop
      vertex 21.712 7.8821 0
      vertex 21.8417 7.9514 0.4
      vertex 21.712 7.8821 0.4
    endloop
  endfacet
  facet normal 0.471259 -0.881995 0
    outer loop
      vertex 21.8417 7.9514 0.4
      vertex 21.712 7.8821 0
      vertex 21.8417 7.9514 0
    endloop
  endfacet
  facet normal 0.995191 0.0979545 0
    outer loop
      vertex 22.175 12.925 0.4
      vertex 22.1606 13.0713 0
      vertex 22.1606 13.0713 0.4
    endloop
  endfacet
  facet normal 0.995191 0.0979545 0
    outer loop
      vertex 22.1606 13.0713 0
      vertex 22.175 12.925 0.4
      vertex 22.175 12.925 0
    endloop
  endfacet
  facet normal 0 -1 0
    outer loop
      vertex 17.075 7.825 0
      vertex 21.425 7.825 0.4
      vertex 17.075 7.825 0.4
    endloop
  endfacet
  facet normal 0 -1 -0
    outer loop
      vertex 21.425 7.825 0.4
      vertex 17.075 7.825 0
      vertex 21.425 7.825 0
    endloop
  endfacet
  facet normal -0.881995 0.471259 0
    outer loop
      vertex 16.3821 13.212 0
      vertex 16.4514 13.3417 0.4
      vertex 16.4514 13.3417 0
    endloop
  endfacet
  facet normal -0.881995 0.471259 0
    outer loop
      vertex 16.4514 13.3417 0.4
      vertex 16.3821 13.212 0
      vertex 16.3821 13.212 0.4
    endloop
  endfacet
  facet normal 1 -0 0
    outer loop
      vertex 22.175 8.575 0.4
      vertex 22.175 12.925 0
      vertex 22.175 12.925 0.4
    endloop
  endfacet
  facet normal 1 0 0
    outer loop
      vertex 22.175 12.925 0
      vertex 22.175 8.575 0.4
      vertex 22.175 8.575 0
    endloop
  endfacet
  facet normal 0.772938 -0.634481 0
    outer loop
      vertex 21.9553 8.04467 0.4
      vertex 22.0486 8.15833 0
      vertex 22.0486 8.15833 0.4
    endloop
  endfacet
  facet normal 0.772938 -0.634481 0
    outer loop
      vertex 22.0486 8.15833 0
      vertex 21.9553 8.04467 0.4
      vertex 21.9553 8.04467 0
    endloop
  endfacet
  facet normal -0.772774 0.634681 0
    outer loop
      vertex 16.4514 13.3417 0
      vertex 16.5447 13.4553 0.4
      vertex 16.5447 13.4553 0
    endloop
  endfacet
  facet normal -0.772774 0.634681 0
    outer loop
      vertex 16.5447 13.4553 0.4
      vertex 16.4514 13.3417 0
      vertex 16.4514 13.3417 0.4
    endloop
  endfacet
  facet normal 0.995192 -0.0979479 0
    outer loop
      vertex 22.1606 8.42869 0.4
      vertex 22.175 8.575 0
      vertex 22.175 8.575 0.4
    endloop
  endfacet
  facet normal 0.995192 -0.0979479 0
    outer loop
      vertex 22.175 8.575 0
      vertex 22.1606 8.42869 0.4
      vertex 22.1606 8.42869 0
    endloop
  endfacet
  facet normal -0.0979545 0.995191 0
    outer loop
      vertex 17.075 13.675 0
      vertex 16.9287 13.6606 0.4
      vertex 17.075 13.675 0.4
    endloop
  endfacet
  facet normal -0.0979545 0.995191 0
    outer loop
      vertex 16.9287 13.6606 0.4
      vertex 17.075 13.675 0
      vertex 16.9287 13.6606 0
    endloop
  endfacet
  facet normal 0 0 1
    outer loop
      vertex 21.425 13.675 0.4
      vertex 22.175 12.925 0.4
      vertex 22.1606 13.0713 0.4
    endloop
  endfacet
  facet normal 0 0 1
    outer loop
      vertex 22.175 12.925 0.4
      vertex 21.425 13.675 0.4
      vertex 22.175 8.575 0.4
    endloop
  endfacet
  facet normal 0 0 1
    outer loop
      vertex 21.425 13.675 0.4
      vertex 22.1606 13.0713 0.4
      vertex 22.1179 13.212 0.4
    endloop
  endfacet
  facet normal 0 0 1
    outer loop
      vertex 21.425 7.825 0.4
      vertex 22.175 8.575 0.4
      vertex 21.425 13.675 0.4
    endloop
  endfacet
  facet normal 0 0 1
    outer loop
      vertex 21.425 13.675 0.4
      vertex 22.1179 13.212 0.4
      vertex 22.0486 13.3417 0.4
    endloop
  endfacet
  facet normal 0 0 1
    outer loop
      vertex 22.175 8.575 0.4
      vertex 21.425 7.825 0.4
      vertex 22.1606 8.42869 0.4
    endloop
  endfacet
  facet normal 0 0 1
    outer loop
      vertex 21.425 13.675 0.4
      vertex 22.0486 13.3417 0.4
      vertex 21.9553 13.4553 0.4
    endloop
  endfacet
  facet normal 0 0 1
    outer loop
      vertex 22.1606 8.42869 0.4
      vertex 21.425 7.825 0.4
      vertex 22.1179 8.288 0.4
    endloop
  endfacet
  facet normal 0 0 1
    outer loop
      vertex 21.425 13.675 0.4
      vertex 21.9553 13.4553 0.4
      vertex 21.8417 13.5486 0.4
    endloop
  endfacet
  facet normal 0 0 1
    outer loop
      vertex 22.1179 8.288 0.4
      vertex 21.425 7.825 0.4
      vertex 22.0486 8.15833 0.4
    endloop
  endfacet
  facet normal 0 0 1
    outer loop
      vertex 21.425 13.675 0.4
      vertex 21.8417 13.5486 0.4
      vertex 21.712 13.6179 0.4
    endloop
  endfacet
  facet normal 0 0 1
    outer loop
      vertex 22.0486 8.15833 0.4
      vertex 21.425 7.825 0.4
      vertex 21.9553 8.04467 0.4
    endloop
  endfacet
  facet normal 0 0 1
    outer loop
      vertex 21.425 13.675 0.4
      vertex 21.712 13.6179 0.4
      vertex 21.5713 13.6606 0.4
    endloop
  endfacet
  facet normal 0 0 1
    outer loop
      vertex 21.9553 8.04467 0.4
      vertex 21.425 7.825 0.4
      vertex 21.8417 7.9514 0.4
    endloop
  endfacet
  facet normal 0 0 1
    outer loop
      vertex 21.8417 7.9514 0.4
      vertex 21.425 7.825 0.4
      vertex 21.712 7.8821 0.4
    endloop
  endfacet
  facet normal 0 0 1
    outer loop
      vertex 21.712 7.8821 0.4
      vertex 21.425 7.825 0.4
      vertex 21.5713 7.83941 0.4
    endloop
  endfacet
  facet normal -0 0 1
    outer loop
      vertex 17.075 13.675 0.4
      vertex 21.425 7.825 0.4
      vertex 21.425 13.675 0.4
    endloop
  endfacet
  facet normal 0 0 1
    outer loop
      vertex 17.075 13.675 0.4
      vertex 17.075 7.825 0.4
      vertex 21.425 7.825 0.4
    endloop
  endfacet
  facet normal 0 0 1
    outer loop
      vertex 16.325 12.925 0.4
      vertex 17.075 13.675 0.4
      vertex 16.9287 13.6606 0.4
    endloop
  endfacet
  facet normal 0 0 1
    outer loop
      vertex 17.075 13.675 0.4
      vertex 16.325 12.925 0.4
      vertex 17.075 7.825 0.4
    endloop
  endfacet
  facet normal 0 0 1
    outer loop
      vertex 16.325 12.925 0.4
      vertex 16.9287 13.6606 0.4
      vertex 16.788 13.6179 0.4
    endloop
  endfacet
  facet normal -0 0 1
    outer loop
      vertex 16.325 8.575 0.4
      vertex 17.075 7.825 0.4
      vertex 16.325 12.925 0.4
    endloop
  endfacet
  facet normal 0 0 1
    outer loop
      vertex 16.325 12.925 0.4
      vertex 16.788 13.6179 0.4
      vertex 16.6583 13.5486 0.4
    endloop
  endfacet
  facet normal 0 0 1
    outer loop
      vertex 17.075 7.825 0.4
      vertex 16.325 8.575 0.4
      vertex 16.9287 7.83941 0.4
    endloop
  endfacet
  facet normal 0 0 1
    outer loop
      vertex 16.325 12.925 0.4
      vertex 16.6583 13.5486 0.4
      vertex 16.5447 13.4553 0.4
    endloop
  endfacet
  facet normal 0 0 1
    outer loop
      vertex 16.9287 7.83941 0.4
      vertex 16.325 8.575 0.4
      vertex 16.788 7.8821 0.4
    endloop
  endfacet
  facet normal 0 0 1
    outer loop
      vertex 16.325 12.925 0.4
      vertex 16.5447 13.4553 0.4
      vertex 16.4514 13.3417 0.4
    endloop
  endfacet
  facet normal 0 0 1
    outer loop
      vertex 16.788 7.8821 0.4
      vertex 16.325 8.575 0.4
      vertex 16.6583 7.9514 0.4
    endloop
  endfacet
  facet normal 0 0 1
    outer loop
      vertex 16.325 12.925 0.4
      vertex 16.4514 13.3417 0.4
      vertex 16.3821 13.212 0.4
    endloop
  endfacet
  facet normal 0 0 1
    outer loop
      vertex 16.6583 7.9514 0.4
      vertex 16.325 8.575 0.4
      vertex 16.5447 8.04467 0.4
    endloop
  endfacet
  facet normal 0 0 1
    outer loop
      vertex 16.325 12.925 0.4
      vertex 16.3821 13.212 0.4
      vertex 16.3394 13.0713 0.4
    endloop
  endfacet
  facet normal 0 0 1
    outer loop
      vertex 16.5447 8.04467 0.4
      vertex 16.325 8.575 0.4
      vertex 16.4514 8.15833 0.4
    endloop
  endfacet
  facet normal 0 0 1
    outer loop
      vertex 16.4514 8.15833 0.4
      vertex 16.325 8.575 0.4
      vertex 16.3821 8.288 0.4
    endloop
  endfacet
  facet normal 0 0 1
    outer loop
      vertex 16.3821 8.288 0.4
      vertex 16.325 8.575 0.4
      vertex 16.3394 8.42869 0.4
    endloop
  endfacet
  facet normal 0.772774 0.634681 0
    outer loop
      vertex 22.0486 13.3417 0.4
      vertex 21.9553 13.4553 0
      vertex 21.9553 13.4553 0.4
    endloop
  endfacet
  facet normal 0.772774 0.634681 0
    outer loop
      vertex 21.9553 13.4553 0
      vertex 22.0486 13.3417 0.4
      vertex 22.0486 13.3417 0
    endloop
  endfacet
  facet normal 0.88195 -0.471344 0
    outer loop
      vertex 22.0486 8.15833 0.4
      vertex 22.1179 8.288 0
      vertex 22.1179 8.288 0.4
    endloop
  endfacet
  facet normal 0.88195 -0.471344 0
    outer loop
      vertex 22.1179 8.288 0
      vertex 22.0486 8.15833 0.4
      vertex 22.0486 8.15833 0
    endloop
  endfacet
  facet normal 0.290404 0.956904 -0
    outer loop
      vertex 21.712 13.6179 0
      vertex 21.5713 13.6606 0.4
      vertex 21.712 13.6179 0.4
    endloop
  endfacet
  facet normal 0.290404 0.956904 0
    outer loop
      vertex 21.5713 13.6606 0.4
      vertex 21.712 13.6179 0
      vertex 21.5713 13.6606 0
    endloop
  endfacet
  facet normal -0.290341 -0.956923 0
    outer loop
      vertex 16.788 7.8821 0
      vertex 16.9287 7.83941 0.4
      vertex 16.788 7.8821 0.4
    endloop
  endfacet
  facet normal -0.290341 -0.956923 -0
    outer loop
      vertex 16.9287 7.83941 0.4
      vertex 16.788 7.8821 0
      vertex 16.9287 7.83941 0
    endloop
  endfacet
  facet normal -0.471259 0.881995 0
    outer loop
      vertex 16.788 13.6179 0
      vertex 16.6583 13.5486 0.4
      vertex 16.788 13.6179 0.4
    endloop
  endfacet
  facet normal -0.471259 0.881995 0
    outer loop
      vertex 16.6583 13.5486 0.4
      vertex 16.788 13.6179 0
      vertex 16.6583 13.5486 0
    endloop
  endfacet
  facet normal -0.471259 -0.881995 0
    outer loop
      vertex 16.6583 7.9514 0
      vertex 16.788 7.8821 0.4
      vertex 16.6583 7.9514 0.4
    endloop
  endfacet
  facet normal -0.471259 -0.881995 -0
    outer loop
      vertex 16.788 7.8821 0.4
      vertex 16.6583 7.9514 0
      vertex 16.788 7.8821 0
    endloop
  endfacet
  facet normal 0 0 -1
    outer loop
      vertex 21.425 7.825 0
      vertex 22.175 8.575 0
      vertex 22.1606 8.42869 0
    endloop
  endfacet
  facet normal -0 0 -1
    outer loop
      vertex 22.175 8.575 0
      vertex 21.425 7.825 0
      vertex 22.175 12.925 0
    endloop
  endfacet
  facet normal 0 0 -1
    outer loop
      vertex 21.425 7.825 0
      vertex 22.1606 8.42869 0
      vertex 22.1179 8.288 0
    endloop
  endfacet
  facet normal 0 0 -1
    outer loop
      vertex 21.425 13.675 0
      vertex 22.175 12.925 0
      vertex 21.425 7.825 0
    endloop
  endfacet
  facet normal 0 0 -1
    outer loop
      vertex 21.425 7.825 0
      vertex 22.1179 8.288 0
      vertex 22.0486 8.15833 0
    endloop
  endfacet
  facet normal 0 0 -1
    outer loop
      vertex 22.175 12.925 0
      vertex 21.425 13.675 0
      vertex 22.1606 13.0713 0
    endloop
  endfacet
  facet normal 0 0 -1
    outer loop
      vertex 21.425 7.825 0
      vertex 22.0486 8.15833 0
      vertex 21.9553 8.04467 0
    endloop
  endfacet
  facet normal 0 0 -1
    outer loop
      vertex 22.1606 13.0713 0
      vertex 21.425 13.675 0
      vertex 22.1179 13.212 0
    endloop
  endfacet
  facet normal 0 0 -1
    outer loop
      vertex 21.425 7.825 0
      vertex 21.9553 8.04467 0
      vertex 21.8417 7.9514 0
    endloop
  endfacet
  facet normal 0 0 -1
    outer loop
      vertex 22.1179 13.212 0
      vertex 21.425 13.675 0
      vertex 22.0486 13.3417 0
    endloop
  endfacet
  facet normal 0 0 -1
    outer loop
      vertex 21.425 7.825 0
      vertex 21.8417 7.9514 0
      vertex 21.712 7.8821 0
    endloop
  endfacet
  facet normal 0 0 -1
    outer loop
      vertex 22.0486 13.3417 0
      vertex 21.425 13.675 0
      vertex 21.9553 13.4553 0
    endloop
  endfacet
  facet normal 0 0 -1
    outer loop
      vertex 21.425 7.825 0
      vertex 21.712 7.8821 0
      vertex 21.5713 7.83941 0
    endloop
  endfacet
  facet normal 0 0 -1
    outer loop
      vertex 21.9553 13.4553 0
      vertex 21.425 13.675 0
      vertex 21.8417 13.5486 0
    endloop
  endfacet
  facet normal 0 0 -1
    outer loop
      vertex 21.8417 13.5486 0
      vertex 21.425 13.675 0
      vertex 21.712 13.6179 0
    endloop
  endfacet
  facet normal 0 0 -1
    outer loop
      vertex 21.712 13.6179 0
      vertex 21.425 13.675 0
      vertex 21.5713 13.6606 0
    endloop
  endfacet
  facet normal 0 0 -1
    outer loop
      vertex 17.075 7.825 0
      vertex 21.425 13.675 0
      vertex 21.425 7.825 0
    endloop
  endfacet
  facet normal 0 0 -1
    outer loop
      vertex 17.075 7.825 0
      vertex 17.075 13.675 0
      vertex 21.425 13.675 0
    endloop
  endfacet
  facet normal 0 0 -1
    outer loop
      vertex 16.325 8.575 0
      vertex 17.075 7.825 0
      vertex 16.9287 7.83941 0
    endloop
  endfacet
  facet normal 0 0 -1
    outer loop
      vertex 17.075 7.825 0
      vertex 16.325 8.575 0
      vertex 17.075 13.675 0
    endloop
  endfacet
  facet normal 0 0 -1
    outer loop
      vertex 16.325 8.575 0
      vertex 16.9287 7.83941 0
      vertex 16.788 7.8821 0
    endloop
  endfacet
  facet normal 0 0 -1
    outer loop
      vertex 16.325 12.925 0
      vertex 17.075 13.675 0
      vertex 16.325 8.575 0
    endloop
  endfacet
  facet normal 0 0 -1
    outer loop
      vertex 16.325 8.575 0
      vertex 16.788 7.8821 0
      vertex 16.6583 7.9514 0
    endloop
  endfacet
  facet normal 0 0 -1
    outer loop
      vertex 17.075 13.675 0
      vertex 16.325 12.925 0
      vertex 16.9287 13.6606 0
    endloop
  endfacet
  facet normal 0 0 -1
    outer loop
      vertex 16.325 8.575 0
      vertex 16.6583 7.9514 0
      vertex 16.5447 8.04467 0
    endloop
  endfacet
  facet normal 0 0 -1
    outer loop
      vertex 16.9287 13.6606 0
      vertex 16.325 12.925 0
      vertex 16.788 13.6179 0
    endloop
  endfacet
  facet normal 0 0 -1
    outer loop
      vertex 16.325 8.575 0
      vertex 16.5447 8.04467 0
      vertex 16.4514 8.15833 0
    endloop
  endfacet
  facet normal 0 0 -1
    outer loop
      vertex 16.788 13.6179 0
      vertex 16.325 12.925 0
      vertex 16.6583 13.5486 0
    endloop
  endfacet
  facet normal 0 0 -1
    outer loop
      vertex 16.325 8.575 0
      vertex 16.4514 8.15833 0
      vertex 16.3821 8.288 0
    endloop
  endfacet
  facet normal 0 0 -1
    outer loop
      vertex 16.6583 13.5486 0
      vertex 16.325 12.925 0
      vertex 16.5447 13.4553 0
    endloop
  endfacet
  facet normal 0 0 -1
    outer loop
      vertex 16.325 8.575 0
      vertex 16.3821 8.288 0
      vertex 16.3394 8.42869 0
    endloop
  endfacet
  facet normal 0 0 -1
    outer loop
      vertex 16.5447 13.4553 0
      vertex 16.325 12.925 0
      vertex 16.4514 13.3417 0
    endloop
  endfacet
  facet normal 0 0 -1
    outer loop
      vertex 16.4514 13.3417 0
      vertex 16.325 12.925 0
      vertex 16.3821 13.212 0
    endloop
  endfacet
  facet normal 0 0 -1
    outer loop
      vertex 16.3821 13.212 0
      vertex 16.325 12.925 0
      vertex 16.3394 13.0713 0
    endloop
  endfacet
  facet normal 0.471259 0.881995 -0
    outer loop
      vertex 21.8417 13.5486 0
      vertex 21.712 13.6179 0.4
      vertex 21.8417 13.5486 0.4
    endloop
  endfacet
  facet normal 0.471259 0.881995 0
    outer loop
      vertex 21.712 13.6179 0.4
      vertex 21.8417 13.5486 0
      vertex 21.712 13.6179 0
    endloop
  endfacet
  facet normal -0.290404 0.956904 0
    outer loop
      vertex 16.9287 13.6606 0
      vertex 16.788 13.6179 0.4
      vertex 16.9287 13.6606 0.4
    endloop
  endfacet
  facet normal -0.290404 0.956904 0
    outer loop
      vertex 16.788 13.6179 0.4
      vertex 16.9287 13.6606 0
      vertex 16.788 13.6179 0
    endloop
  endfacet
  facet normal 0.956904 0.290404 0
    outer loop
      vertex 22.1606 13.0713 0.4
      vertex 22.1179 13.212 0
      vertex 22.1179 13.212 0.4
    endloop
  endfacet
  facet normal 0.956904 0.290404 0
    outer loop
      vertex 22.1179 13.212 0
      vertex 22.1606 13.0713 0.4
      vertex 22.1606 13.0713 0
    endloop
  endfacet
  facet normal 0.0979545 0.995191 -0
    outer loop
      vertex 21.5713 13.6606 0
      vertex 21.425 13.675 0.4
      vertex 21.5713 13.6606 0.4
    endloop
  endfacet
  facet normal 0.0979545 0.995191 0
    outer loop
      vertex 21.425 13.675 0.4
      vertex 21.5713 13.6606 0
      vertex 21.425 13.675 0
    endloop
  endfacet
  facet normal 0.634681 0.772774 -0
    outer loop
      vertex 21.9553 13.4553 0
      vertex 21.8417 13.5486 0.4
      vertex 21.9553 13.4553 0.4
    endloop
  endfacet
  facet normal 0.634681 0.772774 0
    outer loop
      vertex 21.8417 13.5486 0.4
      vertex 21.9553 13.4553 0
      vertex 21.8417 13.5486 0
    endloop
  endfacet
  facet normal 0.956898 -0.290423 0
    outer loop
      vertex 22.1179 8.288 0.4
      vertex 22.1606 8.42869 0
      vertex 22.1606 8.42869 0.4
    endloop
  endfacet
  facet normal 0.956898 -0.290423 0
    outer loop
      vertex 22.1606 8.42869 0
      vertex 22.1179 8.288 0.4
      vertex 22.1179 8.288 0
    endloop
  endfacet
  facet normal -0.88195 -0.471344 0
    outer loop
      vertex 16.4514 8.15833 0
      vertex 16.3821 8.288 0.4
      vertex 16.3821 8.288 0
    endloop
  endfacet
  facet normal -0.88195 -0.471344 0
    outer loop
      vertex 16.3821 8.288 0.4
      vertex 16.4514 8.15833 0
      vertex 16.4514 8.15833 0.4
    endloop
  endfacet
  facet normal 0.0980219 -0.995184 0
    outer loop
      vertex 21.425 7.825 0
      vertex 21.5713 7.83941 0.4
      vertex 21.425 7.825 0.4
    endloop
  endfacet
  facet normal 0.0980219 -0.995184 0
    outer loop
      vertex 21.5713 7.83941 0.4
      vertex 21.425 7.825 0
      vertex 21.5713 7.83941 0
    endloop
  endfacet
  facet normal 0.290341 -0.956923 0
    outer loop
      vertex 21.5713 7.83941 0
      vertex 21.712 7.8821 0.4
      vertex 21.5713 7.83941 0.4
    endloop
  endfacet
  facet normal 0.290341 -0.956923 0
    outer loop
      vertex 21.712 7.8821 0.4
      vertex 21.5713 7.83941 0
      vertex 21.712 7.8821 0
    endloop
  endfacet
  facet normal -0.772938 -0.634481 0
    outer loop
      vertex 16.5447 8.04467 0
      vertex 16.4514 8.15833 0.4
      vertex 16.4514 8.15833 0
    endloop
  endfacet
  facet normal -0.772938 -0.634481 0
    outer loop
      vertex 16.4514 8.15833 0.4
      vertex 16.5447 8.04467 0
      vertex 16.5447 8.04467 0.4
    endloop
  endfacet
  facet normal -0.0980219 -0.995184 0
    outer loop
      vertex 16.9287 7.83941 0
      vertex 17.075 7.825 0.4
      vertex 16.9287 7.83941 0.4
    endloop
  endfacet
  facet normal -0.0980219 -0.995184 -0
    outer loop
      vertex 17.075 7.825 0.4
      vertex 16.9287 7.83941 0
      vertex 17.075 7.825 0
    endloop
  endfacet
  facet normal -0.956904 -0.290404 0
    outer loop
      vertex 16.3821 14.663 0
      vertex 16.3394 14.8037 0.4
      vertex 16.3394 14.8037 0
    endloop
  endfacet
  facet normal -0.956904 -0.290404 0
    outer loop
      vertex 16.3394 14.8037 0.4
      vertex 16.3821 14.663 0
      vertex 16.3821 14.663 0.4
    endloop
  endfacet
  facet normal -1 0 0
    outer loop
      vertex 16.325 14.95 0
      vertex 16.325 19.3 0.4
      vertex 16.325 19.3 0
    endloop
  endfacet
  facet normal -1 -0 0
    outer loop
      vertex 16.325 19.3 0.4
      vertex 16.325 14.95 0
      vertex 16.325 14.95 0.4
    endloop
  endfacet
  facet normal -0.995191 -0.0979545 0
    outer loop
      vertex 16.3394 14.8037 0
      vertex 16.325 14.95 0.4
      vertex 16.325 14.95 0
    endloop
  endfacet
  facet normal -0.995191 -0.0979545 0
    outer loop
      vertex 16.325 14.95 0.4
      vertex 16.3394 14.8037 0
      vertex 16.3394 14.8037 0.4
    endloop
  endfacet
  facet normal 0 1 -0
    outer loop
      vertex 21.425 20.05 0
      vertex 17.075 20.05 0.4
      vertex 21.425 20.05 0.4
    endloop
  endfacet
  facet normal 0 1 0
    outer loop
      vertex 17.075 20.05 0.4
      vertex 21.425 20.05 0
      vertex 17.075 20.05 0
    endloop
  endfacet
  facet normal 0.995191 -0.0979545 0
    outer loop
      vertex 22.1606 14.8037 0.4
      vertex 22.175 14.95 0
      vertex 22.175 14.95 0.4
    endloop
  endfacet
  facet normal 0.995191 -0.0979545 0
    outer loop
      vertex 22.175 14.95 0
      vertex 22.1606 14.8037 0.4
      vertex 22.1606 14.8037 0
    endloop
  endfacet
  facet normal -0.995191 0.0979545 0
    outer loop
      vertex 16.325 19.3 0
      vertex 16.3394 19.4463 0.4
      vertex 16.3394 19.4463 0
    endloop
  endfacet
  facet normal -0.995191 0.0979545 0
    outer loop
      vertex 16.3394 19.4463 0.4
      vertex 16.325 19.3 0
      vertex 16.325 19.3 0.4
    endloop
  endfacet
  facet normal -0.634681 0.772774 0
    outer loop
      vertex 16.6583 19.9236 0
      vertex 16.5447 19.8303 0.4
      vertex 16.6583 19.9236 0.4
    endloop
  endfacet
  facet normal -0.634681 0.772774 0
    outer loop
      vertex 16.5447 19.8303 0.4
      vertex 16.6583 19.9236 0
      vertex 16.5447 19.8303 0
    endloop
  endfacet
  facet normal -0.772774 0.634681 0
    outer loop
      vertex 16.4514 19.7167 0
      vertex 16.5447 19.8303 0.4
      vertex 16.5447 19.8303 0
    endloop
  endfacet
  facet normal -0.772774 0.634681 0
    outer loop
      vertex 16.5447 19.8303 0.4
      vertex 16.4514 19.7167 0
      vertex 16.4514 19.7167 0.4
    endloop
  endfacet
  facet normal 0.772774 -0.634681 0
    outer loop
      vertex 21.9553 14.4197 0.4
      vertex 22.0486 14.5333 0
      vertex 22.0486 14.5333 0.4
    endloop
  endfacet
  facet normal 0.772774 -0.634681 0
    outer loop
      vertex 22.0486 14.5333 0
      vertex 21.9553 14.4197 0.4
      vertex 21.9553 14.4197 0
    endloop
  endfacet
  facet normal 0 0 1
    outer loop
      vertex 21.425 20.05 0.4
      vertex 22.175 19.3 0.4
      vertex 22.1606 19.4463 0.4
    endloop
  endfacet
  facet normal 0 0 1
    outer loop
      vertex 22.175 19.3 0.4
      vertex 21.425 20.05 0.4
      vertex 22.175 14.95 0.4
    endloop
  endfacet
  facet normal 0 0 1
    outer loop
      vertex 21.425 20.05 0.4
      vertex 22.1606 19.4463 0.4
      vertex 22.1179 19.587 0.4
    endloop
  endfacet
  facet normal 0 0 1
    outer loop
      vertex 21.425 14.2 0.4
      vertex 22.175 14.95 0.4
      vertex 21.425 20.05 0.4
    endloop
  endfacet
  facet normal 0 0 1
    outer loop
      vertex 21.425 20.05 0.4
      vertex 22.1179 19.587 0.4
      vertex 22.0486 19.7167 0.4
    endloop
  endfacet
  facet normal 0 0 1
    outer loop
      vertex 22.175 14.95 0.4
      vertex 21.425 14.2 0.4
      vertex 22.1606 14.8037 0.4
    endloop
  endfacet
  facet normal 0 0 1
    outer loop
      vertex 21.425 20.05 0.4
      vertex 22.0486 19.7167 0.4
      vertex 21.9553 19.8303 0.4
    endloop
  endfacet
  facet normal 0 0 1
    outer loop
      vertex 22.1606 14.8037 0.4
      vertex 21.425 14.2 0.4
      vertex 22.1179 14.663 0.4
    endloop
  endfacet
  facet normal 0 0 1
    outer loop
      vertex 21.425 20.05 0.4
      vertex 21.9553 19.8303 0.4
      vertex 21.8417 19.9236 0.4
    endloop
  endfacet
  facet normal 0 0 1
    outer loop
      vertex 22.1179 14.663 0.4
      vertex 21.425 14.2 0.4
      vertex 22.0486 14.5333 0.4
    endloop
  endfacet
  facet normal 0 0 1
    outer loop
      vertex 21.425 20.05 0.4
      vertex 21.8417 19.9236 0.4
      vertex 21.712 19.9929 0.4
    endloop
  endfacet
  facet normal 0 0 1
    outer loop
      vertex 22.0486 14.5333 0.4
      vertex 21.425 14.2 0.4
      vertex 21.9553 14.4197 0.4
    endloop
  endfacet
  facet normal 0 0 1
    outer loop
      vertex 21.425 20.05 0.4
      vertex 21.712 19.9929 0.4
      vertex 21.5713 20.0356 0.4
    endloop
  endfacet
  facet normal 0 0 1
    outer loop
      vertex 21.9553 14.4197 0.4
      vertex 21.425 14.2 0.4
      vertex 21.8417 14.3264 0.4
    endloop
  endfacet
  facet normal 0 0 1
    outer loop
      vertex 21.8417 14.3264 0.4
      vertex 21.425 14.2 0.4
      vertex 21.712 14.2571 0.4
    endloop
  endfacet
  facet normal 0 0 1
    outer loop
      vertex 21.712 14.2571 0.4
      vertex 21.425 14.2 0.4
      vertex 21.5713 14.2144 0.4
    endloop
  endfacet
  facet normal -0 0 1
    outer loop
      vertex 17.075 20.05 0.4
      vertex 21.425 14.2 0.4
      vertex 21.425 20.05 0.4
    endloop
  endfacet
  facet normal 0 0 1
    outer loop
      vertex 17.075 20.05 0.4
      vertex 17.075 14.2 0.4
      vertex 21.425 14.2 0.4
    endloop
  endfacet
  facet normal 0 0 1
    outer loop
      vertex 16.325 19.3 0.4
      vertex 17.075 20.05 0.4
      vertex 16.9287 20.0356 0.4
    endloop
  endfacet
  facet normal 0 0 1
    outer loop
      vertex 17.075 20.05 0.4
      vertex 16.325 19.3 0.4
      vertex 17.075 14.2 0.4
    endloop
  endfacet
  facet normal 0 0 1
    outer loop
      vertex 16.325 19.3 0.4
      vertex 16.9287 20.0356 0.4
      vertex 16.788 19.9929 0.4
    endloop
  endfacet
  facet normal -0 0 1
    outer loop
      vertex 16.325 14.95 0.4
      vertex 17.075 14.2 0.4
      vertex 16.325 19.3 0.4
    endloop
  endfacet
  facet normal 0 0 1
    outer loop
      vertex 16.325 19.3 0.4
      vertex 16.788 19.9929 0.4
      vertex 16.6583 19.9236 0.4
    endloop
  endfacet
  facet normal 0 0 1
    outer loop
      vertex 17.075 14.2 0.4
      vertex 16.325 14.95 0.4
      vertex 16.9287 14.2144 0.4
    endloop
  endfacet
  facet normal 0 0 1
    outer loop
      vertex 16.325 19.3 0.4
      vertex 16.6583 19.9236 0.4
      vertex 16.5447 19.8303 0.4
    endloop
  endfacet
  facet normal 0 0 1
    outer loop
      vertex 16.9287 14.2144 0.4
      vertex 16.325 14.95 0.4
      vertex 16.788 14.2571 0.4
    endloop
  endfacet
  facet normal 0 0 1
    outer loop
      vertex 16.325 19.3 0.4
      vertex 16.5447 19.8303 0.4
      vertex 16.4514 19.7167 0.4
    endloop
  endfacet
  facet normal 0 0 1
    outer loop
      vertex 16.788 14.2571 0.4
      vertex 16.325 14.95 0.4
      vertex 16.6583 14.3264 0.4
    endloop
  endfacet
  facet normal 0 0 1
    outer loop
      vertex 16.325 19.3 0.4
      vertex 16.4514 19.7167 0.4
      vertex 16.3821 19.587 0.4
    endloop
  endfacet
  facet normal 0 0 1
    outer loop
      vertex 16.6583 14.3264 0.4
      vertex 16.325 14.95 0.4
      vertex 16.5447 14.4197 0.4
    endloop
  endfacet
  facet normal 0 0 1
    outer loop
      vertex 16.325 19.3 0.4
      vertex 16.3821 19.587 0.4
      vertex 16.3394 19.4463 0.4
    endloop
  endfacet
  facet normal 0 0 1
    outer loop
      vertex 16.5447 14.4197 0.4
      vertex 16.325 14.95 0.4
      vertex 16.4514 14.5333 0.4
    endloop
  endfacet
  facet normal 0 0 1
    outer loop
      vertex 16.4514 14.5333 0.4
      vertex 16.325 14.95 0.4
      vertex 16.3821 14.663 0.4
    endloop
  endfacet
  facet normal 0 0 1
    outer loop
      vertex 16.3821 14.663 0.4
      vertex 16.325 14.95 0.4
      vertex 16.3394 14.8037 0.4
    endloop
  endfacet
  facet normal 0.881995 -0.471259 0
    outer loop
      vertex 22.0486 14.5333 0.4
      vertex 22.1179 14.663 0
      vertex 22.1179 14.663 0.4
    endloop
  endfacet
  facet normal 0.881995 -0.471259 0
    outer loop
      vertex 22.1179 14.663 0
      vertex 22.0486 14.5333 0.4
      vertex 22.0486 14.5333 0
    endloop
  endfacet
  facet normal 0.881995 0.471259 0
    outer loop
      vertex 22.1179 19.587 0.4
      vertex 22.0486 19.7167 0
      vertex 22.0486 19.7167 0.4
    endloop
  endfacet
  facet normal 0.881995 0.471259 0
    outer loop
      vertex 22.0486 19.7167 0
      vertex 22.1179 19.587 0.4
      vertex 22.1179 19.587 0
    endloop
  endfacet
  facet normal -0.634681 -0.772774 0
    outer loop
      vertex 16.5447 14.4197 0
      vertex 16.6583 14.3264 0.4
      vertex 16.5447 14.4197 0.4
    endloop
  endfacet
  facet normal -0.634681 -0.772774 -0
    outer loop
      vertex 16.6583 14.3264 0.4
      vertex 16.5447 14.4197 0
      vertex 16.6583 14.3264 0
    endloop
  endfacet
  facet normal 0.995191 0.0979545 0
    outer loop
      vertex 22.175 19.3 0.4
      vertex 22.1606 19.4463 0
      vertex 22.1606 19.4463 0.4
    endloop
  endfacet
  facet normal 0.995191 0.0979545 0
    outer loop
      vertex 22.1606 19.4463 0
      vertex 22.175 19.3 0.4
      vertex 22.175 19.3 0
    endloop
  endfacet
  facet normal 0 -1 0
    outer loop
      vertex 17.075 14.2 0
      vertex 21.425 14.2 0.4
      vertex 17.075 14.2 0.4
    endloop
  endfacet
  facet normal 0 -1 -0
    outer loop
      vertex 21.425 14.2 0.4
      vertex 17.075 14.2 0
      vertex 21.425 14.2 0
    endloop
  endfacet
  facet normal 0.634681 0.772774 -0
    outer loop
      vertex 21.9553 19.8303 0
      vertex 21.8417 19.9236 0.4
      vertex 21.9553 19.8303 0.4
    endloop
  endfacet
  facet normal 0.634681 0.772774 0
    outer loop
      vertex 21.8417 19.9236 0.4
      vertex 21.9553 19.8303 0
      vertex 21.8417 19.9236 0
    endloop
  endfacet
  facet normal 1 -0 0
    outer loop
      vertex 22.175 14.95 0.4
      vertex 22.175 19.3 0
      vertex 22.175 19.3 0.4
    endloop
  endfacet
  facet normal 1 0 0
    outer loop
      vertex 22.175 19.3 0
      vertex 22.175 14.95 0.4
      vertex 22.175 14.95 0
    endloop
  endfacet
  facet normal -0.290404 -0.956904 0
    outer loop
      vertex 16.788 14.2571 0
      vertex 16.9287 14.2144 0.4
      vertex 16.788 14.2571 0.4
    endloop
  endfacet
  facet normal -0.290404 -0.956904 -0
    outer loop
      vertex 16.9287 14.2144 0.4
      vertex 16.788 14.2571 0
      vertex 16.9287 14.2144 0
    endloop
  endfacet
  facet normal -0.881995 -0.471259 0
    outer loop
      vertex 16.4514 14.5333 0
      vertex 16.3821 14.663 0.4
      vertex 16.3821 14.663 0
    endloop
  endfacet
  facet normal -0.881995 -0.471259 0
    outer loop
      vertex 16.3821 14.663 0.4
      vertex 16.4514 14.5333 0
      vertex 16.4514 14.5333 0.4
    endloop
  endfacet
  facet normal 0.634681 -0.772774 0
    outer loop
      vertex 21.8417 14.3264 0
      vertex 21.9553 14.4197 0.4
      vertex 21.8417 14.3264 0.4
    endloop
  endfacet
  facet normal 0.634681 -0.772774 0
    outer loop
      vertex 21.9553 14.4197 0.4
      vertex 21.8417 14.3264 0
      vertex 21.9553 14.4197 0
    endloop
  endfacet
  facet normal -0.471259 -0.881995 0
    outer loop
      vertex 16.6583 14.3264 0
      vertex 16.788 14.2571 0.4
      vertex 16.6583 14.3264 0.4
    endloop
  endfacet
  facet normal -0.471259 -0.881995 -0
    outer loop
      vertex 16.788 14.2571 0.4
      vertex 16.6583 14.3264 0
      vertex 16.788 14.2571 0
    endloop
  endfacet
  facet normal 0.956904 0.290404 0
    outer loop
      vertex 22.1606 19.4463 0.4
      vertex 22.1179 19.587 0
      vertex 22.1179 19.587 0.4
    endloop
  endfacet
  facet normal 0.956904 0.290404 0
    outer loop
      vertex 22.1179 19.587 0
      vertex 22.1606 19.4463 0.4
      vertex 22.1606 19.4463 0
    endloop
  endfacet
  facet normal -0.290404 0.956904 0
    outer loop
      vertex 16.9287 20.0356 0
      vertex 16.788 19.9929 0.4
      vertex 16.9287 20.0356 0.4
    endloop
  endfacet
  facet normal -0.290404 0.956904 0
    outer loop
      vertex 16.788 19.9929 0.4
      vertex 16.9287 20.0356 0
      vertex 16.788 19.9929 0
    endloop
  endfacet
  facet normal -0.881995 0.471259 0
    outer loop
      vertex 16.3821 19.587 0
      vertex 16.4514 19.7167 0.4
      vertex 16.4514 19.7167 0
    endloop
  endfacet
  facet normal -0.881995 0.471259 0
    outer loop
      vertex 16.4514 19.7167 0.4
      vertex 16.3821 19.587 0
      vertex 16.3821 19.587 0.4
    endloop
  endfacet
  facet normal -0.471259 0.881995 0
    outer loop
      vertex 16.788 19.9929 0
      vertex 16.6583 19.9236 0.4
      vertex 16.788 19.9929 0.4
    endloop
  endfacet
  facet normal -0.471259 0.881995 0
    outer loop
      vertex 16.6583 19.9236 0.4
      vertex 16.788 19.9929 0
      vertex 16.6583 19.9236 0
    endloop
  endfacet
  facet normal 0.772774 0.634681 0
    outer loop
      vertex 22.0486 19.7167 0.4
      vertex 21.9553 19.8303 0
      vertex 21.9553 19.8303 0.4
    endloop
  endfacet
  facet normal 0.772774 0.634681 0
    outer loop
      vertex 21.9553 19.8303 0
      vertex 22.0486 19.7167 0.4
      vertex 22.0486 19.7167 0
    endloop
  endfacet
  facet normal 0.290404 0.956904 -0
    outer loop
      vertex 21.712 19.9929 0
      vertex 21.5713 20.0356 0.4
      vertex 21.712 19.9929 0.4
    endloop
  endfacet
  facet normal 0.290404 0.956904 0
    outer loop
      vertex 21.5713 20.0356 0.4
      vertex 21.712 19.9929 0
      vertex 21.5713 20.0356 0
    endloop
  endfacet
  facet normal 0.0979545 0.995191 -0
    outer loop
      vertex 21.5713 20.0356 0
      vertex 21.425 20.05 0.4
      vertex 21.5713 20.0356 0.4
    endloop
  endfacet
  facet normal 0.0979545 0.995191 0
    outer loop
      vertex 21.425 20.05 0.4
      vertex 21.5713 20.0356 0
      vertex 21.425 20.05 0
    endloop
  endfacet
  facet normal 0.471259 0.881995 -0
    outer loop
      vertex 21.8417 19.9236 0
      vertex 21.712 19.9929 0.4
      vertex 21.8417 19.9236 0.4
    endloop
  endfacet
  facet normal 0.471259 0.881995 0
    outer loop
      vertex 21.712 19.9929 0.4
      vertex 21.8417 19.9236 0
      vertex 21.712 19.9929 0
    endloop
  endfacet
  facet normal -0.0979545 0.995191 0
    outer loop
      vertex 17.075 20.05 0
      vertex 16.9287 20.0356 0.4
      vertex 17.075 20.05 0.4
    endloop
  endfacet
  facet normal -0.0979545 0.995191 0
    outer loop
      vertex 16.9287 20.0356 0.4
      vertex 17.075 20.05 0
      vertex 16.9287 20.0356 0
    endloop
  endfacet
  facet normal 0.290404 -0.956904 0
    outer loop
      vertex 21.5713 14.2144 0
      vertex 21.712 14.2571 0.4
      vertex 21.5713 14.2144 0.4
    endloop
  endfacet
  facet normal 0.290404 -0.956904 0
    outer loop
      vertex 21.712 14.2571 0.4
      vertex 21.5713 14.2144 0
      vertex 21.712 14.2571 0
    endloop
  endfacet
  facet normal 0.0979545 -0.995191 0
    outer loop
      vertex 21.425 14.2 0
      vertex 21.5713 14.2144 0.4
      vertex 21.425 14.2 0.4
    endloop
  endfacet
  facet normal 0.0979545 -0.995191 0
    outer loop
      vertex 21.5713 14.2144 0.4
      vertex 21.425 14.2 0
      vertex 21.5713 14.2144 0
    endloop
  endfacet
  facet normal -0.956904 0.290404 0
    outer loop
      vertex 16.3394 19.4463 0
      vertex 16.3821 19.587 0.4
      vertex 16.3821 19.587 0
    endloop
  endfacet
  facet normal -0.956904 0.290404 0
    outer loop
      vertex 16.3821 19.587 0.4
      vertex 16.3394 19.4463 0
      vertex 16.3394 19.4463 0.4
    endloop
  endfacet
  facet normal 0.471259 -0.881995 0
    outer loop
      vertex 21.712 14.2571 0
      vertex 21.8417 14.3264 0.4
      vertex 21.712 14.2571 0.4
    endloop
  endfacet
  facet normal 0.471259 -0.881995 0
    outer loop
      vertex 21.8417 14.3264 0.4
      vertex 21.712 14.2571 0
      vertex 21.8417 14.3264 0
    endloop
  endfacet
  facet normal 0 0 -1
    outer loop
      vertex 21.425 14.2 0
      vertex 22.175 14.95 0
      vertex 22.1606 14.8037 0
    endloop
  endfacet
  facet normal -0 0 -1
    outer loop
      vertex 22.175 14.95 0
      vertex 21.425 14.2 0
      vertex 22.175 19.3 0
    endloop
  endfacet
  facet normal 0 0 -1
    outer loop
      vertex 21.425 14.2 0
      vertex 22.1606 14.8037 0
      vertex 22.1179 14.663 0
    endloop
  endfacet
  facet normal 0 0 -1
    outer loop
      vertex 21.425 20.05 0
      vertex 22.175 19.3 0
      vertex 21.425 14.2 0
    endloop
  endfacet
  facet normal 0 0 -1
    outer loop
      vertex 21.425 14.2 0
      vertex 22.1179 14.663 0
      vertex 22.0486 14.5333 0
    endloop
  endfacet
  facet normal 0 0 -1
    outer loop
      vertex 22.175 19.3 0
      vertex 21.425 20.05 0
      vertex 22.1606 19.4463 0
    endloop
  endfacet
  facet normal 0 0 -1
    outer loop
      vertex 21.425 14.2 0
      vertex 22.0486 14.5333 0
      vertex 21.9553 14.4197 0
    endloop
  endfacet
  facet normal 0 0 -1
    outer loop
      vertex 22.1606 19.4463 0
      vertex 21.425 20.05 0
      vertex 22.1179 19.587 0
    endloop
  endfacet
  facet normal 0 0 -1
    outer loop
      vertex 21.425 14.2 0
      vertex 21.9553 14.4197 0
      vertex 21.8417 14.3264 0
    endloop
  endfacet
  facet normal 0 0 -1
    outer loop
      vertex 22.1179 19.587 0
      vertex 21.425 20.05 0
      vertex 22.0486 19.7167 0
    endloop
  endfacet
  facet normal 0 0 -1
    outer loop
      vertex 21.425 14.2 0
      vertex 21.8417 14.3264 0
      vertex 21.712 14.2571 0
    endloop
  endfacet
  facet normal 0 0 -1
    outer loop
      vertex 22.0486 19.7167 0
      vertex 21.425 20.05 0
      vertex 21.9553 19.8303 0
    endloop
  endfacet
  facet normal 0 0 -1
    outer loop
      vertex 21.425 14.2 0
      vertex 21.712 14.2571 0
      vertex 21.5713 14.2144 0
    endloop
  endfacet
  facet normal 0 0 -1
    outer loop
      vertex 21.9553 19.8303 0
      vertex 21.425 20.05 0
      vertex 21.8417 19.9236 0
    endloop
  endfacet
  facet normal 0 0 -1
    outer loop
      vertex 21.8417 19.9236 0
      vertex 21.425 20.05 0
      vertex 21.712 19.9929 0
    endloop
  endfacet
  facet normal 0 0 -1
    outer loop
      vertex 21.712 19.9929 0
      vertex 21.425 20.05 0
      vertex 21.5713 20.0356 0
    endloop
  endfacet
  facet normal 0 0 -1
    outer loop
      vertex 17.075 14.2 0
      vertex 21.425 20.05 0
      vertex 21.425 14.2 0
    endloop
  endfacet
  facet normal 0 0 -1
    outer loop
      vertex 17.075 14.2 0
      vertex 17.075 20.05 0
      vertex 21.425 20.05 0
    endloop
  endfacet
  facet normal 0 0 -1
    outer loop
      vertex 16.325 14.95 0
      vertex 17.075 14.2 0
      vertex 16.9287 14.2144 0
    endloop
  endfacet
  facet normal 0 0 -1
    outer loop
      vertex 17.075 14.2 0
      vertex 16.325 14.95 0
      vertex 17.075 20.05 0
    endloop
  endfacet
  facet normal 0 0 -1
    outer loop
      vertex 16.325 14.95 0
      vertex 16.9287 14.2144 0
      vertex 16.788 14.2571 0
    endloop
  endfacet
  facet normal 0 0 -1
    outer loop
      vertex 16.325 19.3 0
      vertex 17.075 20.05 0
      vertex 16.325 14.95 0
    endloop
  endfacet
  facet normal 0 0 -1
    outer loop
      vertex 16.325 14.95 0
      vertex 16.788 14.2571 0
      vertex 16.6583 14.3264 0
    endloop
  endfacet
  facet normal 0 0 -1
    outer loop
      vertex 17.075 20.05 0
      vertex 16.325 19.3 0
      vertex 16.9287 20.0356 0
    endloop
  endfacet
  facet normal 0 0 -1
    outer loop
      vertex 16.325 14.95 0
      vertex 16.6583 14.3264 0
      vertex 16.5447 14.4197 0
    endloop
  endfacet
  facet normal 0 0 -1
    outer loop
      vertex 16.9287 20.0356 0
      vertex 16.325 19.3 0
      vertex 16.788 19.9929 0
    endloop
  endfacet
  facet normal 0 0 -1
    outer loop
      vertex 16.325 14.95 0
      vertex 16.5447 14.4197 0
      vertex 16.4514 14.5333 0
    endloop
  endfacet
  facet normal 0 0 -1
    outer loop
      vertex 16.788 19.9929 0
      vertex 16.325 19.3 0
      vertex 16.6583 19.9236 0
    endloop
  endfacet
  facet normal 0 0 -1
    outer loop
      vertex 16.325 14.95 0
      vertex 16.4514 14.5333 0
      vertex 16.3821 14.663 0
    endloop
  endfacet
  facet normal 0 0 -1
    outer loop
      vertex 16.6583 19.9236 0
      vertex 16.325 19.3 0
      vertex 16.5447 19.8303 0
    endloop
  endfacet
  facet normal 0 0 -1
    outer loop
      vertex 16.325 14.95 0
      vertex 16.3821 14.663 0
      vertex 16.3394 14.8037 0
    endloop
  endfacet
  facet normal 0 0 -1
    outer loop
      vertex 16.5447 19.8303 0
      vertex 16.325 19.3 0
      vertex 16.4514 19.7167 0
    endloop
  endfacet
  facet normal 0 0 -1
    outer loop
      vertex 16.4514 19.7167 0
      vertex 16.325 19.3 0
      vertex 16.3821 19.587 0
    endloop
  endfacet
  facet normal 0 0 -1
    outer loop
      vertex 16.3821 19.587 0
      vertex 16.325 19.3 0
      vertex 16.3394 19.4463 0
    endloop
  endfacet
  facet normal -0.772774 -0.634681 0
    outer loop
      vertex 16.5447 14.4197 0
      vertex 16.4514 14.5333 0.4
      vertex 16.4514 14.5333 0
    endloop
  endfacet
  facet normal -0.772774 -0.634681 0
    outer loop
      vertex 16.4514 14.5333 0.4
      vertex 16.5447 14.4197 0
      vertex 16.5447 14.4197 0.4
    endloop
  endfacet
  facet normal 0.956904 -0.290404 0
    outer loop
      vertex 22.1179 14.663 0.4
      vertex 22.1606 14.8037 0
      vertex 22.1606 14.8037 0.4
    endloop
  endfacet
  facet normal 0.956904 -0.290404 0
    outer loop
      vertex 22.1606 14.8037 0
      vertex 22.1179 14.663 0.4
      vertex 22.1179 14.663 0
    endloop
  endfacet
  facet normal -0.0979545 -0.995191 0
    outer loop
      vertex 16.9287 14.2144 0
      vertex 17.075 14.2 0.4
      vertex 16.9287 14.2144 0.4
    endloop
  endfacet
  facet normal -0.0979545 -0.995191 -0
    outer loop
      vertex 17.075 14.2 0.4
      vertex 16.9287 14.2144 0
      vertex 17.075 14.2 0
    endloop
  endfacet
  facet normal -0.956917 -0.29036 0
    outer loop
      vertex -9.1179 8.288 0
      vertex -9.16059 8.42869 0.4
      vertex -9.16059 8.42869 0
    endloop
  endfacet
  facet normal -0.956917 -0.29036 0
    outer loop
      vertex -9.16059 8.42869 0.4
      vertex -9.1179 8.288 0
      vertex -9.1179 8.288 0.4
    endloop
  endfacet
  facet normal -1 0 0
    outer loop
      vertex -9.175 8.575 0
      vertex -9.175 12.925 0.4
      vertex -9.175 12.925 0
    endloop
  endfacet
  facet normal -1 -0 0
    outer loop
      vertex -9.175 12.925 0.4
      vertex -9.175 8.575 0
      vertex -9.175 8.575 0.4
    endloop
  endfacet
  facet normal -0.995185 -0.0980153 0
    outer loop
      vertex -9.16059 8.42869 0
      vertex -9.175 8.575 0.4
      vertex -9.175 8.575 0
    endloop
  endfacet
  facet normal -0.995185 -0.0980153 0
    outer loop
      vertex -9.175 8.575 0.4
      vertex -9.16059 8.42869 0
      vertex -9.16059 8.42869 0.4
    endloop
  endfacet
  facet normal 0 1 -0
    outer loop
      vertex -4.075 13.675 0
      vertex -8.425 13.675 0.4
      vertex -4.075 13.675 0.4
    endloop
  endfacet
  facet normal 0 1 0
    outer loop
      vertex -8.425 13.675 0.4
      vertex -4.075 13.675 0
      vertex -8.425 13.675 0
    endloop
  endfacet
  facet normal 0.995185 -0.0980153 0
    outer loop
      vertex -3.33941 8.42869 0.4
      vertex -3.325 8.575 0
      vertex -3.325 8.575 0.4
    endloop
  endfacet
  facet normal 0.995185 -0.0980153 0
    outer loop
      vertex -3.325 8.575 0
      vertex -3.33941 8.42869 0.4
      vertex -3.33941 8.42869 0
    endloop
  endfacet
  facet normal -0.995184 0.0980219 0
    outer loop
      vertex -9.175 12.925 0
      vertex -9.16059 13.0713 0.4
      vertex -9.16059 13.0713 0
    endloop
  endfacet
  facet normal -0.995184 0.0980219 0
    outer loop
      vertex -9.16059 13.0713 0.4
      vertex -9.175 12.925 0
      vertex -9.175 12.925 0.4
    endloop
  endfacet
  facet normal -0.634481 0.772938 0
    outer loop
      vertex -8.84167 13.5486 0
      vertex -8.95533 13.4553 0.4
      vertex -8.84167 13.5486 0.4
    endloop
  endfacet
  facet normal -0.634481 0.772938 0
    outer loop
      vertex -8.95533 13.4553 0.4
      vertex -8.84167 13.5486 0
      vertex -8.95533 13.4553 0
    endloop
  endfacet
  facet normal -0.772874 0.63456 0
    outer loop
      vertex -9.0486 13.3417 0
      vertex -8.95533 13.4553 0.4
      vertex -8.95533 13.4553 0
    endloop
  endfacet
  facet normal -0.772874 0.63456 0
    outer loop
      vertex -8.95533 13.4553 0.4
      vertex -9.0486 13.3417 0
      vertex -9.0486 13.3417 0.4
    endloop
  endfacet
  facet normal 0.773038 -0.634359 0
    outer loop
      vertex -3.54467 8.04467 0.4
      vertex -3.4514 8.15833 0
      vertex -3.4514 8.15833 0.4
    endloop
  endfacet
  facet normal 0.773038 -0.634359 0
    outer loop
      vertex -3.4514 8.15833 0
      vertex -3.54467 8.04467 0.4
      vertex -3.54467 8.04467 0
    endloop
  endfacet
  facet normal 0.88195 -0.471344 0
    outer loop
      vertex -3.4514 8.15833 0.4
      vertex -3.3821 8.288 0
      vertex -3.3821 8.288 0.4
    endloop
  endfacet
  facet normal 0.88195 -0.471344 0
    outer loop
      vertex -3.3821 8.288 0
      vertex -3.4514 8.15833 0.4
      vertex -3.4514 8.15833 0
    endloop
  endfacet
  facet normal 0.881995 0.471259 0
    outer loop
      vertex -3.3821 13.212 0.4
      vertex -3.4514 13.3417 0
      vertex -3.4514 13.3417 0.4
    endloop
  endfacet
  facet normal 0.881995 0.471259 0
    outer loop
      vertex -3.4514 13.3417 0
      vertex -3.3821 13.212 0.4
      vertex -3.3821 13.212 0
    endloop
  endfacet
  facet normal -0.634359 -0.773038 0
    outer loop
      vertex -8.95533 8.04467 0
      vertex -8.84167 7.9514 0.4
      vertex -8.95533 8.04467 0.4
    endloop
  endfacet
  facet normal -0.634359 -0.773038 -0
    outer loop
      vertex -8.84167 7.9514 0.4
      vertex -8.95533 8.04467 0
      vertex -8.84167 7.9514 0
    endloop
  endfacet
  facet normal 0.995184 0.0980219 0
    outer loop
      vertex -3.325 12.925 0.4
      vertex -3.33941 13.0713 0
      vertex -3.33941 13.0713 0.4
    endloop
  endfacet
  facet normal 0.995184 0.0980219 0
    outer loop
      vertex -3.33941 13.0713 0
      vertex -3.325 12.925 0.4
      vertex -3.325 12.925 0
    endloop
  endfacet
  facet normal 0 -1 0
    outer loop
      vertex -8.425 7.825 0
      vertex -4.075 7.825 0.4
      vertex -8.425 7.825 0.4
    endloop
  endfacet
  facet normal 0 -1 -0
    outer loop
      vertex -4.075 7.825 0.4
      vertex -8.425 7.825 0
      vertex -4.075 7.825 0
    endloop
  endfacet
  facet normal 0.634481 0.772938 -0
    outer loop
      vertex -3.54467 13.4553 0
      vertex -3.65833 13.5486 0.4
      vertex -3.54467 13.4553 0.4
    endloop
  endfacet
  facet normal 0.634481 0.772938 0
    outer loop
      vertex -3.65833 13.5486 0.4
      vertex -3.54467 13.4553 0
      vertex -3.65833 13.5486 0
    endloop
  endfacet
  facet normal 1 -0 0
    outer loop
      vertex -3.325 8.575 0.4
      vertex -3.325 12.925 0
      vertex -3.325 12.925 0.4
    endloop
  endfacet
  facet normal 1 0 0
    outer loop
      vertex -3.325 12.925 0
      vertex -3.325 8.575 0.4
      vertex -3.325 8.575 0
    endloop
  endfacet
  facet normal -0.29036 -0.956917 0
    outer loop
      vertex -8.712 7.8821 0
      vertex -8.57131 7.83941 0.4
      vertex -8.712 7.8821 0.4
    endloop
  endfacet
  facet normal -0.29036 -0.956917 -0
    outer loop
      vertex -8.57131 7.83941 0.4
      vertex -8.712 7.8821 0
      vertex -8.57131 7.83941 0
    endloop
  endfacet
  facet normal -0.88195 -0.471344 0
    outer loop
      vertex -9.0486 8.15833 0
      vertex -9.1179 8.288 0.4
      vertex -9.1179 8.288 0
    endloop
  endfacet
  facet normal -0.88195 -0.471344 0
    outer loop
      vertex -9.1179 8.288 0.4
      vertex -9.0486 8.15833 0
      vertex -9.0486 8.15833 0.4
    endloop
  endfacet
  facet normal 0.634359 -0.773038 0
    outer loop
      vertex -3.65833 7.9514 0
      vertex -3.54467 8.04467 0.4
      vertex -3.65833 7.9514 0.4
    endloop
  endfacet
  facet normal 0.634359 -0.773038 0
    outer loop
      vertex -3.54467 8.04467 0.4
      vertex -3.65833 7.9514 0
      vertex -3.54467 8.04467 0
    endloop
  endfacet
  facet normal -0.471344 -0.88195 0
    outer loop
      vertex -8.84167 7.9514 0
      vertex -8.712 7.8821 0.4
      vertex -8.84167 7.9514 0.4
    endloop
  endfacet
  facet normal -0.471344 -0.88195 -0
    outer loop
      vertex -8.712 7.8821 0.4
      vertex -8.84167 7.9514 0
      vertex -8.712 7.8821 0
    endloop
  endfacet
  facet normal 0.956923 0.290341 0
    outer loop
      vertex -3.33941 13.0713 0.4
      vertex -3.3821 13.212 0
      vertex -3.3821 13.212 0.4
    endloop
  endfacet
  facet normal 0.956923 0.290341 0
    outer loop
      vertex -3.3821 13.212 0
      vertex -3.33941 13.0713 0.4
      vertex -3.33941 13.0713 0
    endloop
  endfacet
  facet normal -0.290423 0.956898 0
    outer loop
      vertex -8.57131 13.6606 0
      vertex -8.712 13.6179 0.4
      vertex -8.57131 13.6606 0.4
    endloop
  endfacet
  facet normal -0.290423 0.956898 0
    outer loop
      vertex -8.712 13.6179 0.4
      vertex -8.57131 13.6606 0
      vertex -8.712 13.6179 0
    endloop
  endfacet
  facet normal -0.881995 0.471259 0
    outer loop
      vertex -9.1179 13.212 0
      vertex -9.0486 13.3417 0.4
      vertex -9.0486 13.3417 0
    endloop
  endfacet
  facet normal -0.881995 0.471259 0
    outer loop
      vertex -9.0486 13.3417 0.4
      vertex -9.1179 13.212 0
      vertex -9.1179 13.212 0.4
    endloop
  endfacet
  facet normal 0.772874 0.63456 0
    outer loop
      vertex -3.4514 13.3417 0.4
      vertex -3.54467 13.4553 0
      vertex -3.54467 13.4553 0.4
    endloop
  endfacet
  facet normal 0.772874 0.63456 0
    outer loop
      vertex -3.54467 13.4553 0
      vertex -3.4514 13.3417 0.4
      vertex -3.4514 13.3417 0
    endloop
  endfacet
  facet normal 0 0 1
    outer loop
      vertex -4.075 13.675 0.4
      vertex -3.325 12.925 0.4
      vertex -3.33941 13.0713 0.4
    endloop
  endfacet
  facet normal 0 0 1
    outer loop
      vertex -3.325 12.925 0.4
      vertex -4.075 13.675 0.4
      vertex -3.325 8.575 0.4
    endloop
  endfacet
  facet normal 0 0 1
    outer loop
      vertex -4.075 13.675 0.4
      vertex -3.33941 13.0713 0.4
      vertex -3.3821 13.212 0.4
    endloop
  endfacet
  facet normal 0 0 1
    outer loop
      vertex -4.075 7.825 0.4
      vertex -3.325 8.575 0.4
      vertex -4.075 13.675 0.4
    endloop
  endfacet
  facet normal 0 0 1
    outer loop
      vertex -4.075 13.675 0.4
      vertex -3.3821 13.212 0.4
      vertex -3.4514 13.3417 0.4
    endloop
  endfacet
  facet normal 0 0 1
    outer loop
      vertex -3.325 8.575 0.4
      vertex -4.075 7.825 0.4
      vertex -3.33941 8.42869 0.4
    endloop
  endfacet
  facet normal 0 0 1
    outer loop
      vertex -4.075 13.675 0.4
      vertex -3.4514 13.3417 0.4
      vertex -3.54467 13.4553 0.4
    endloop
  endfacet
  facet normal 0 0 1
    outer loop
      vertex -3.33941 8.42869 0.4
      vertex -4.075 7.825 0.4
      vertex -3.3821 8.288 0.4
    endloop
  endfacet
  facet normal 0 0 1
    outer loop
      vertex -4.075 13.675 0.4
      vertex -3.54467 13.4553 0.4
      vertex -3.65833 13.5486 0.4
    endloop
  endfacet
  facet normal 0 0 1
    outer loop
      vertex -3.3821 8.288 0.4
      vertex -4.075 7.825 0.4
      vertex -3.4514 8.15833 0.4
    endloop
  endfacet
  facet normal 0 0 1
    outer loop
      vertex -4.075 13.675 0.4
      vertex -3.65833 13.5486 0.4
      vertex -3.788 13.6179 0.4
    endloop
  endfacet
  facet normal 0 0 1
    outer loop
      vertex -3.4514 8.15833 0.4
      vertex -4.075 7.825 0.4
      vertex -3.54467 8.04467 0.4
    endloop
  endfacet
  facet normal 0 0 1
    outer loop
      vertex -4.075 13.675 0.4
      vertex -3.788 13.6179 0.4
      vertex -3.92869 13.6606 0.4
    endloop
  endfacet
  facet normal 0 0 1
    outer loop
      vertex -3.54467 8.04467 0.4
      vertex -4.075 7.825 0.4
      vertex -3.65833 7.9514 0.4
    endloop
  endfacet
  facet normal 0 0 1
    outer loop
      vertex -3.65833 7.9514 0.4
      vertex -4.075 7.825 0.4
      vertex -3.788 7.8821 0.4
    endloop
  endfacet
  facet normal 0 0 1
    outer loop
      vertex -3.788 7.8821 0.4
      vertex -4.075 7.825 0.4
      vertex -3.92869 7.83941 0.4
    endloop
  endfacet
  facet normal -0 0 1
    outer loop
      vertex -8.425 13.675 0.4
      vertex -4.075 7.825 0.4
      vertex -4.075 13.675 0.4
    endloop
  endfacet
  facet normal 0 0 1
    outer loop
      vertex -8.425 13.675 0.4
      vertex -8.425 7.825 0.4
      vertex -4.075 7.825 0.4
    endloop
  endfacet
  facet normal 0 0 1
    outer loop
      vertex -9.175 12.925 0.4
      vertex -8.425 13.675 0.4
      vertex -8.57131 13.6606 0.4
    endloop
  endfacet
  facet normal 0 0 1
    outer loop
      vertex -8.425 13.675 0.4
      vertex -9.175 12.925 0.4
      vertex -8.425 7.825 0.4
    endloop
  endfacet
  facet normal 0 0 1
    outer loop
      vertex -9.175 12.925 0.4
      vertex -8.57131 13.6606 0.4
      vertex -8.712 13.6179 0.4
    endloop
  endfacet
  facet normal -0 0 1
    outer loop
      vertex -9.175 8.575 0.4
      vertex -8.425 7.825 0.4
      vertex -9.175 12.925 0.4
    endloop
  endfacet
  facet normal 0 0 1
    outer loop
      vertex -9.175 12.925 0.4
      vertex -8.712 13.6179 0.4
      vertex -8.84167 13.5486 0.4
    endloop
  endfacet
  facet normal 0 0 1
    outer loop
      vertex -8.425 7.825 0.4
      vertex -9.175 8.575 0.4
      vertex -8.57131 7.83941 0.4
    endloop
  endfacet
  facet normal 0 0 1
    outer loop
      vertex -9.175 12.925 0.4
      vertex -8.84167 13.5486 0.4
      vertex -8.95533 13.4553 0.4
    endloop
  endfacet
  facet normal 0 0 1
    outer loop
      vertex -8.57131 7.83941 0.4
      vertex -9.175 8.575 0.4
      vertex -8.712 7.8821 0.4
    endloop
  endfacet
  facet normal 0 0 1
    outer loop
      vertex -9.175 12.925 0.4
      vertex -8.95533 13.4553 0.4
      vertex -9.0486 13.3417 0.4
    endloop
  endfacet
  facet normal 0 0 1
    outer loop
      vertex -8.712 7.8821 0.4
      vertex -9.175 8.575 0.4
      vertex -8.84167 7.9514 0.4
    endloop
  endfacet
  facet normal 0 0 1
    outer loop
      vertex -9.175 12.925 0.4
      vertex -9.0486 13.3417 0.4
      vertex -9.1179 13.212 0.4
    endloop
  endfacet
  facet normal 0 0 1
    outer loop
      vertex -8.84167 7.9514 0.4
      vertex -9.175 8.575 0.4
      vertex -8.95533 8.04467 0.4
    endloop
  endfacet
  facet normal 0 0 1
    outer loop
      vertex -9.175 12.925 0.4
      vertex -9.1179 13.212 0.4
      vertex -9.16059 13.0713 0.4
    endloop
  endfacet
  facet normal 0 0 1
    outer loop
      vertex -8.95533 8.04467 0.4
      vertex -9.175 8.575 0.4
      vertex -9.0486 8.15833 0.4
    endloop
  endfacet
  facet normal 0 0 1
    outer loop
      vertex -9.0486 8.15833 0.4
      vertex -9.175 8.575 0.4
      vertex -9.1179 8.288 0.4
    endloop
  endfacet
  facet normal 0 0 1
    outer loop
      vertex -9.1179 8.288 0.4
      vertex -9.175 8.575 0.4
      vertex -9.16059 8.42869 0.4
    endloop
  endfacet
  facet normal 0.290423 0.956898 -0
    outer loop
      vertex -3.788 13.6179 0
      vertex -3.92869 13.6606 0.4
      vertex -3.788 13.6179 0.4
    endloop
  endfacet
  facet normal 0.290423 0.956898 0
    outer loop
      vertex -3.92869 13.6606 0.4
      vertex -3.788 13.6179 0
      vertex -3.92869 13.6606 0
    endloop
  endfacet
  facet normal 0.0979479 0.995192 -0
    outer loop
      vertex -3.92869 13.6606 0
      vertex -4.075 13.675 0.4
      vertex -3.92869 13.6606 0.4
    endloop
  endfacet
  facet normal 0.0979479 0.995192 0
    outer loop
      vertex -4.075 13.675 0.4
      vertex -3.92869 13.6606 0
      vertex -4.075 13.675 0
    endloop
  endfacet
  facet normal 0.471344 0.88195 -0
    outer loop
      vertex -3.65833 13.5486 0
      vertex -3.788 13.6179 0.4
      vertex -3.65833 13.5486 0.4
    endloop
  endfacet
  facet normal 0.471344 0.88195 0
    outer loop
      vertex -3.788 13.6179 0.4
      vertex -3.65833 13.5486 0
      vertex -3.788 13.6179 0
    endloop
  endfacet
  facet normal -0.0979479 0.995192 0
    outer loop
      vertex -8.425 13.675 0
      vertex -8.57131 13.6606 0.4
      vertex -8.425 13.675 0.4
    endloop
  endfacet
  facet normal -0.0979479 0.995192 0
    outer loop
      vertex -8.57131 13.6606 0.4
      vertex -8.425 13.675 0
      vertex -8.57131 13.6606 0
    endloop
  endfacet
  facet normal -0.471344 0.88195 0
    outer loop
      vertex -8.712 13.6179 0
      vertex -8.84167 13.5486 0.4
      vertex -8.712 13.6179 0.4
    endloop
  endfacet
  facet normal -0.471344 0.88195 0
    outer loop
      vertex -8.84167 13.5486 0.4
      vertex -8.712 13.6179 0
      vertex -8.84167 13.5486 0
    endloop
  endfacet
  facet normal 0.29036 -0.956917 0
    outer loop
      vertex -3.92869 7.83941 0
      vertex -3.788 7.8821 0.4
      vertex -3.92869 7.83941 0.4
    endloop
  endfacet
  facet normal 0.29036 -0.956917 0
    outer loop
      vertex -3.788 7.8821 0.4
      vertex -3.92869 7.83941 0
      vertex -3.788 7.8821 0
    endloop
  endfacet
  facet normal 0.0980153 -0.995185 0
    outer loop
      vertex -4.075 7.825 0
      vertex -3.92869 7.83941 0.4
      vertex -4.075 7.825 0.4
    endloop
  endfacet
  facet normal 0.0980153 -0.995185 0
    outer loop
      vertex -3.92869 7.83941 0.4
      vertex -4.075 7.825 0
      vertex -3.92869 7.83941 0
    endloop
  endfacet
  facet normal -0.956923 0.290341 0
    outer loop
      vertex -9.16059 13.0713 0
      vertex -9.1179 13.212 0.4
      vertex -9.1179 13.212 0
    endloop
  endfacet
  facet normal -0.956923 0.290341 0
    outer loop
      vertex -9.1179 13.212 0.4
      vertex -9.16059 13.0713 0
      vertex -9.16059 13.0713 0.4
    endloop
  endfacet
  facet normal 0.471344 -0.88195 0
    outer loop
      vertex -3.788 7.8821 0
      vertex -3.65833 7.9514 0.4
      vertex -3.788 7.8821 0.4
    endloop
  endfacet
  facet normal 0.471344 -0.88195 0
    outer loop
      vertex -3.65833 7.9514 0.4
      vertex -3.788 7.8821 0
      vertex -3.65833 7.9514 0
    endloop
  endfacet
  facet normal 0 0 -1
    outer loop
      vertex -4.075 7.825 0
      vertex -3.325 8.575 0
      vertex -3.33941 8.42869 0
    endloop
  endfacet
  facet normal -0 0 -1
    outer loop
      vertex -3.325 8.575 0
      vertex -4.075 7.825 0
      vertex -3.325 12.925 0
    endloop
  endfacet
  facet normal 0 0 -1
    outer loop
      vertex -4.075 7.825 0
      vertex -3.33941 8.42869 0
      vertex -3.3821 8.288 0
    endloop
  endfacet
  facet normal 0 0 -1
    outer loop
      vertex -4.075 13.675 0
      vertex -3.325 12.925 0
      vertex -4.075 7.825 0
    endloop
  endfacet
  facet normal 0 0 -1
    outer loop
      vertex -4.075 7.825 0
      vertex -3.3821 8.288 0
      vertex -3.4514 8.15833 0
    endloop
  endfacet
  facet normal 0 0 -1
    outer loop
      vertex -3.325 12.925 0
      vertex -4.075 13.675 0
      vertex -3.33941 13.0713 0
    endloop
  endfacet
  facet normal 0 0 -1
    outer loop
      vertex -4.075 7.825 0
      vertex -3.4514 8.15833 0
      vertex -3.54467 8.04467 0
    endloop
  endfacet
  facet normal 0 0 -1
    outer loop
      vertex -3.33941 13.0713 0
      vertex -4.075 13.675 0
      vertex -3.3821 13.212 0
    endloop
  endfacet
  facet normal 0 0 -1
    outer loop
      vertex -4.075 7.825 0
      vertex -3.54467 8.04467 0
      vertex -3.65833 7.9514 0
    endloop
  endfacet
  facet normal 0 0 -1
    outer loop
      vertex -3.3821 13.212 0
      vertex -4.075 13.675 0
      vertex -3.4514 13.3417 0
    endloop
  endfacet
  facet normal 0 0 -1
    outer loop
      vertex -4.075 7.825 0
      vertex -3.65833 7.9514 0
      vertex -3.788 7.8821 0
    endloop
  endfacet
  facet normal 0 0 -1
    outer loop
      vertex -3.4514 13.3417 0
      vertex -4.075 13.675 0
      vertex -3.54467 13.4553 0
    endloop
  endfacet
  facet normal 0 0 -1
    outer loop
      vertex -4.075 7.825 0
      vertex -3.788 7.8821 0
      vertex -3.92869 7.83941 0
    endloop
  endfacet
  facet normal 0 0 -1
    outer loop
      vertex -3.54467 13.4553 0
      vertex -4.075 13.675 0
      vertex -3.65833 13.5486 0
    endloop
  endfacet
  facet normal 0 0 -1
    outer loop
      vertex -3.65833 13.5486 0
      vertex -4.075 13.675 0
      vertex -3.788 13.6179 0
    endloop
  endfacet
  facet normal 0 0 -1
    outer loop
      vertex -3.788 13.6179 0
      vertex -4.075 13.675 0
      vertex -3.92869 13.6606 0
    endloop
  endfacet
  facet normal 0 0 -1
    outer loop
      vertex -8.425 7.825 0
      vertex -4.075 13.675 0
      vertex -4.075 7.825 0
    endloop
  endfacet
  facet normal 0 0 -1
    outer loop
      vertex -8.425 7.825 0
      vertex -8.425 13.675 0
      vertex -4.075 13.675 0
    endloop
  endfacet
  facet normal 0 0 -1
    outer loop
      vertex -9.175 8.575 0
      vertex -8.425 7.825 0
      vertex -8.57131 7.83941 0
    endloop
  endfacet
  facet normal 0 0 -1
    outer loop
      vertex -8.425 7.825 0
      vertex -9.175 8.575 0
      vertex -8.425 13.675 0
    endloop
  endfacet
  facet normal 0 0 -1
    outer loop
      vertex -9.175 8.575 0
      vertex -8.57131 7.83941 0
      vertex -8.712 7.8821 0
    endloop
  endfacet
  facet normal 0 0 -1
    outer loop
      vertex -9.175 12.925 0
      vertex -8.425 13.675 0
      vertex -9.175 8.575 0
    endloop
  endfacet
  facet normal 0 0 -1
    outer loop
      vertex -9.175 8.575 0
      vertex -8.712 7.8821 0
      vertex -8.84167 7.9514 0
    endloop
  endfacet
  facet normal 0 0 -1
    outer loop
      vertex -8.425 13.675 0
      vertex -9.175 12.925 0
      vertex -8.57131 13.6606 0
    endloop
  endfacet
  facet normal 0 0 -1
    outer loop
      vertex -9.175 8.575 0
      vertex -8.84167 7.9514 0
      vertex -8.95533 8.04467 0
    endloop
  endfacet
  facet normal 0 0 -1
    outer loop
      vertex -8.57131 13.6606 0
      vertex -9.175 12.925 0
      vertex -8.712 13.6179 0
    endloop
  endfacet
  facet normal 0 0 -1
    outer loop
      vertex -9.175 8.575 0
      vertex -8.95533 8.04467 0
      vertex -9.0486 8.15833 0
    endloop
  endfacet
  facet normal 0 0 -1
    outer loop
      vertex -8.712 13.6179 0
      vertex -9.175 12.925 0
      vertex -8.84167 13.5486 0
    endloop
  endfacet
  facet normal 0 0 -1
    outer loop
      vertex -9.175 8.575 0
      vertex -9.0486 8.15833 0
      vertex -9.1179 8.288 0
    endloop
  endfacet
  facet normal 0 0 -1
    outer loop
      vertex -8.84167 13.5486 0
      vertex -9.175 12.925 0
      vertex -8.95533 13.4553 0
    endloop
  endfacet
  facet normal 0 0 -1
    outer loop
      vertex -9.175 8.575 0
      vertex -9.1179 8.288 0
      vertex -9.16059 8.42869 0
    endloop
  endfacet
  facet normal 0 0 -1
    outer loop
      vertex -8.95533 13.4553 0
      vertex -9.175 12.925 0
      vertex -9.0486 13.3417 0
    endloop
  endfacet
  facet normal 0 0 -1
    outer loop
      vertex -9.0486 13.3417 0
      vertex -9.175 12.925 0
      vertex -9.1179 13.212 0
    endloop
  endfacet
  facet normal 0 0 -1
    outer loop
      vertex -9.1179 13.212 0
      vertex -9.175 12.925 0
      vertex -9.16059 13.0713 0
    endloop
  endfacet
  facet normal -0.773038 -0.634359 0
    outer loop
      vertex -8.95533 8.04467 0
      vertex -9.0486 8.15833 0.4
      vertex -9.0486 8.15833 0
    endloop
  endfacet
  facet normal -0.773038 -0.634359 0
    outer loop
      vertex -9.0486 8.15833 0.4
      vertex -8.95533 8.04467 0
      vertex -8.95533 8.04467 0.4
    endloop
  endfacet
  facet normal 0.956917 -0.29036 0
    outer loop
      vertex -3.3821 8.288 0.4
      vertex -3.33941 8.42869 0
      vertex -3.33941 8.42869 0.4
    endloop
  endfacet
  facet normal 0.956917 -0.29036 0
    outer loop
      vertex -3.33941 8.42869 0
      vertex -3.3821 8.288 0.4
      vertex -3.3821 8.288 0
    endloop
  endfacet
  facet normal -0.0980153 -0.995185 0
    outer loop
      vertex -8.57131 7.83941 0
      vertex -8.425 7.825 0.4
      vertex -8.57131 7.83941 0.4
    endloop
  endfacet
  facet normal -0.0980153 -0.995185 -0
    outer loop
      vertex -8.425 7.825 0.4
      vertex -8.57131 7.83941 0
      vertex -8.425 7.825 0
    endloop
  endfacet
  facet normal -0.956917 -0.29036 0
    outer loop
      vertex 3.6321 8.288 0
      vertex 3.58941 8.42869 0.4
      vertex 3.58941 8.42869 0
    endloop
  endfacet
  facet normal -0.956917 -0.29036 0
    outer loop
      vertex 3.58941 8.42869 0.4
      vertex 3.6321 8.288 0
      vertex 3.6321 8.288 0.4
    endloop
  endfacet
  facet normal -0.995185 -0.0980153 0
    outer loop
      vertex 3.58941 8.42869 0
      vertex 3.575 8.575 0.4
      vertex 3.575 8.575 0
    endloop
  endfacet
  facet normal -0.995185 -0.0980153 0
    outer loop
      vertex 3.575 8.575 0.4
      vertex 3.58941 8.42869 0
      vertex 3.58941 8.42869 0.4
    endloop
  endfacet
  facet normal -0.88195 -0.471344 0
    outer loop
      vertex 3.7014 8.15833 0
      vertex 3.6321 8.288 0.4
      vertex 3.6321 8.288 0
    endloop
  endfacet
  facet normal -0.88195 -0.471344 0
    outer loop
      vertex 3.6321 8.288 0.4
      vertex 3.7014 8.15833 0
      vertex 3.7014 8.15833 0.4
    endloop
  endfacet
  facet normal 0.0979479 0.995192 -0
    outer loop
      vertex 8.82131 13.6606 0
      vertex 8.675 13.675 0.4
      vertex 8.82131 13.6606 0.4
    endloop
  endfacet
  facet normal 0.0979479 0.995192 0
    outer loop
      vertex 8.675 13.675 0.4
      vertex 8.82131 13.6606 0
      vertex 8.675 13.675 0
    endloop
  endfacet
  facet normal -0.634359 -0.773038 0
    outer loop
      vertex 3.79467 8.04467 0
      vertex 3.90833 7.9514 0.4
      vertex 3.79467 8.04467 0.4
    endloop
  endfacet
  facet normal -0.634359 -0.773038 -0
    outer loop
      vertex 3.90833 7.9514 0.4
      vertex 3.79467 8.04467 0
      vertex 3.90833 7.9514 0
    endloop
  endfacet
  facet normal 1 -0 0
    outer loop
      vertex 9.425 8.575 0.4
      vertex 9.425 12.925 0
      vertex 9.425 12.925 0.4
    endloop
  endfacet
  facet normal 1 0 0
    outer loop
      vertex 9.425 12.925 0
      vertex 9.425 8.575 0.4
      vertex 9.425 8.575 0
    endloop
  endfacet
  facet normal 0 1 -0
    outer loop
      vertex 8.675 13.675 0
      vertex 4.325 13.675 0.4
      vertex 8.675 13.675 0.4
    endloop
  endfacet
  facet normal 0 1 0
    outer loop
      vertex 4.325 13.675 0.4
      vertex 8.675 13.675 0
      vertex 4.325 13.675 0
    endloop
  endfacet
  facet normal -0.634481 0.772938 0
    outer loop
      vertex 3.90833 13.5486 0
      vertex 3.79467 13.4553 0.4
      vertex 3.90833 13.5486 0.4
    endloop
  endfacet
  facet normal -0.634481 0.772938 0
    outer loop
      vertex 3.79467 13.4553 0.4
      vertex 3.90833 13.5486 0
      vertex 3.79467 13.4553 0
    endloop
  endfacet
  facet normal -1 0 0
    outer loop
      vertex 3.575 8.575 0
      vertex 3.575 12.925 0.4
      vertex 3.575 12.925 0
    endloop
  endfacet
  facet normal -1 -0 0
    outer loop
      vertex 3.575 12.925 0.4
      vertex 3.575 8.575 0
      vertex 3.575 8.575 0.4
    endloop
  endfacet
  facet normal 0.0980153 -0.995185 0
    outer loop
      vertex 8.675 7.825 0
      vertex 8.82131 7.83941 0.4
      vertex 8.675 7.825 0.4
    endloop
  endfacet
  facet normal 0.0980153 -0.995185 0
    outer loop
      vertex 8.82131 7.83941 0.4
      vertex 8.675 7.825 0
      vertex 8.82131 7.83941 0
    endloop
  endfacet
  facet normal 0 -1 0
    outer loop
      vertex 4.325 7.825 0
      vertex 8.675 7.825 0.4
      vertex 4.325 7.825 0.4
    endloop
  endfacet
  facet normal 0 -1 -0
    outer loop
      vertex 8.675 7.825 0.4
      vertex 4.325 7.825 0
      vertex 8.675 7.825 0
    endloop
  endfacet
  facet normal 0.88195 -0.471344 0
    outer loop
      vertex 9.2986 8.15833 0.4
      vertex 9.3679 8.288 0
      vertex 9.3679 8.288 0.4
    endloop
  endfacet
  facet normal 0.88195 -0.471344 0
    outer loop
      vertex 9.3679 8.288 0
      vertex 9.2986 8.15833 0.4
      vertex 9.2986 8.15833 0
    endloop
  endfacet
  facet normal 0.772874 0.63456 0
    outer loop
      vertex 9.2986 13.3417 0.4
      vertex 9.20533 13.4553 0
      vertex 9.20533 13.4553 0.4
    endloop
  endfacet
  facet normal 0.772874 0.63456 0
    outer loop
      vertex 9.20533 13.4553 0
      vertex 9.2986 13.3417 0.4
      vertex 9.2986 13.3417 0
    endloop
  endfacet
  facet normal -0.290423 0.956898 0
    outer loop
      vertex 4.17869 13.6606 0
      vertex 4.038 13.6179 0.4
      vertex 4.17869 13.6606 0.4
    endloop
  endfacet
  facet normal -0.290423 0.956898 0
    outer loop
      vertex 4.038 13.6179 0.4
      vertex 4.17869 13.6606 0
      vertex 4.038 13.6179 0
    endloop
  endfacet
  facet normal -0.772874 0.63456 0
    outer loop
      vertex 3.7014 13.3417 0
      vertex 3.79467 13.4553 0.4
      vertex 3.79467 13.4553 0
    endloop
  endfacet
  facet normal -0.772874 0.63456 0
    outer loop
      vertex 3.79467 13.4553 0.4
      vertex 3.7014 13.3417 0
      vertex 3.7014 13.3417 0.4
    endloop
  endfacet
  facet normal 0.881995 0.471259 0
    outer loop
      vertex 9.3679 13.212 0.4
      vertex 9.2986 13.3417 0
      vertex 9.2986 13.3417 0.4
    endloop
  endfacet
  facet normal 0.881995 0.471259 0
    outer loop
      vertex 9.2986 13.3417 0
      vertex 9.3679 13.212 0.4
      vertex 9.3679 13.212 0
    endloop
  endfacet
  facet normal -0.881995 0.471259 0
    outer loop
      vertex 3.6321 13.212 0
      vertex 3.7014 13.3417 0.4
      vertex 3.7014 13.3417 0
    endloop
  endfacet
  facet normal -0.881995 0.471259 0
    outer loop
      vertex 3.7014 13.3417 0.4
      vertex 3.6321 13.212 0
      vertex 3.6321 13.212 0.4
    endloop
  endfacet
  facet normal -0.995184 0.0980219 0
    outer loop
      vertex 3.575 12.925 0
      vertex 3.58941 13.0713 0.4
      vertex 3.58941 13.0713 0
    endloop
  endfacet
  facet normal -0.995184 0.0980219 0
    outer loop
      vertex 3.58941 13.0713 0.4
      vertex 3.575 12.925 0
      vertex 3.575 12.925 0.4
    endloop
  endfacet
  facet normal 0.773038 -0.634359 0
    outer loop
      vertex 9.20533 8.04467 0.4
      vertex 9.2986 8.15833 0
      vertex 9.2986 8.15833 0.4
    endloop
  endfacet
  facet normal 0.773038 -0.634359 0
    outer loop
      vertex 9.2986 8.15833 0
      vertex 9.20533 8.04467 0.4
      vertex 9.20533 8.04467 0
    endloop
  endfacet
  facet normal 0.471344 0.88195 -0
    outer loop
      vertex 9.09167 13.5486 0
      vertex 8.962 13.6179 0.4
      vertex 9.09167 13.5486 0.4
    endloop
  endfacet
  facet normal 0.471344 0.88195 0
    outer loop
      vertex 8.962 13.6179 0.4
      vertex 9.09167 13.5486 0
      vertex 8.962 13.6179 0
    endloop
  endfacet
  facet normal 0.995184 0.0980219 0
    outer loop
      vertex 9.425 12.925 0.4
      vertex 9.41059 13.0713 0
      vertex 9.41059 13.0713 0.4
    endloop
  endfacet
  facet normal 0.995184 0.0980219 0
    outer loop
      vertex 9.41059 13.0713 0
      vertex 9.425 12.925 0.4
      vertex 9.425 12.925 0
    endloop
  endfacet
  facet normal 0.956923 0.290341 0
    outer loop
      vertex 9.41059 13.0713 0.4
      vertex 9.3679 13.212 0
      vertex 9.3679 13.212 0.4
    endloop
  endfacet
  facet normal 0.956923 0.290341 0
    outer loop
      vertex 9.3679 13.212 0
      vertex 9.41059 13.0713 0.4
      vertex 9.41059 13.0713 0
    endloop
  endfacet
  facet normal -0.0979479 0.995192 0
    outer loop
      vertex 4.325 13.675 0
      vertex 4.17869 13.6606 0.4
      vertex 4.325 13.675 0.4
    endloop
  endfacet
  facet normal -0.0979479 0.995192 0
    outer loop
      vertex 4.17869 13.6606 0.4
      vertex 4.325 13.675 0
      vertex 4.17869 13.6606 0
    endloop
  endfacet
  facet normal -0.0980153 -0.995185 0
    outer loop
      vertex 4.17869 7.83941 0
      vertex 4.325 7.825 0.4
      vertex 4.17869 7.83941 0.4
    endloop
  endfacet
  facet normal -0.0980153 -0.995185 -0
    outer loop
      vertex 4.325 7.825 0.4
      vertex 4.17869 7.83941 0
      vertex 4.325 7.825 0
    endloop
  endfacet
  facet normal 0.471344 -0.88195 0
    outer loop
      vertex 8.962 7.8821 0
      vertex 9.09167 7.9514 0.4
      vertex 8.962 7.8821 0.4
    endloop
  endfacet
  facet normal 0.471344 -0.88195 0
    outer loop
      vertex 9.09167 7.9514 0.4
      vertex 8.962 7.8821 0
      vertex 9.09167 7.9514 0
    endloop
  endfacet
  facet normal 0.29036 -0.956917 0
    outer loop
      vertex 8.82131 7.83941 0
      vertex 8.962 7.8821 0.4
      vertex 8.82131 7.83941 0.4
    endloop
  endfacet
  facet normal 0.29036 -0.956917 0
    outer loop
      vertex 8.962 7.8821 0.4
      vertex 8.82131 7.83941 0
      vertex 8.962 7.8821 0
    endloop
  endfacet
  facet normal 0 0 1
    outer loop
      vertex 8.675 13.675 0.4
      vertex 9.425 12.925 0.4
      vertex 9.41059 13.0713 0.4
    endloop
  endfacet
  facet normal 0 0 1
    outer loop
      vertex 9.425 12.925 0.4
      vertex 8.675 13.675 0.4
      vertex 9.425 8.575 0.4
    endloop
  endfacet
  facet normal 0 0 1
    outer loop
      vertex 8.675 13.675 0.4
      vertex 9.41059 13.0713 0.4
      vertex 9.3679 13.212 0.4
    endloop
  endfacet
  facet normal 0 0 1
    outer loop
      vertex 8.675 7.825 0.4
      vertex 9.425 8.575 0.4
      vertex 8.675 13.675 0.4
    endloop
  endfacet
  facet normal 0 0 1
    outer loop
      vertex 8.675 13.675 0.4
      vertex 9.3679 13.212 0.4
      vertex 9.2986 13.3417 0.4
    endloop
  endfacet
  facet normal 0 0 1
    outer loop
      vertex 9.425 8.575 0.4
      vertex 8.675 7.825 0.4
      vertex 9.41059 8.42869 0.4
    endloop
  endfacet
  facet normal 0 0 1
    outer loop
      vertex 8.675 13.675 0.4
      vertex 9.2986 13.3417 0.4
      vertex 9.20533 13.4553 0.4
    endloop
  endfacet
  facet normal 0 0 1
    outer loop
      vertex 9.41059 8.42869 0.4
      vertex 8.675 7.825 0.4
      vertex 9.3679 8.288 0.4
    endloop
  endfacet
  facet normal 0 0 1
    outer loop
      vertex 8.675 13.675 0.4
      vertex 9.20533 13.4553 0.4
      vertex 9.09167 13.5486 0.4
    endloop
  endfacet
  facet normal 0 0 1
    outer loop
      vertex 9.3679 8.288 0.4
      vertex 8.675 7.825 0.4
      vertex 9.2986 8.15833 0.4
    endloop
  endfacet
  facet normal 0 0 1
    outer loop
      vertex 8.675 13.675 0.4
      vertex 9.09167 13.5486 0.4
      vertex 8.962 13.6179 0.4
    endloop
  endfacet
  facet normal 0 0 1
    outer loop
      vertex 9.2986 8.15833 0.4
      vertex 8.675 7.825 0.4
      vertex 9.20533 8.04467 0.4
    endloop
  endfacet
  facet normal 0 0 1
    outer loop
      vertex 8.675 13.675 0.4
      vertex 8.962 13.6179 0.4
      vertex 8.82131 13.6606 0.4
    endloop
  endfacet
  facet normal 0 0 1
    outer loop
      vertex 9.20533 8.04467 0.4
      vertex 8.675 7.825 0.4
      vertex 9.09167 7.9514 0.4
    endloop
  endfacet
  facet normal 0 0 1
    outer loop
      vertex 9.09167 7.9514 0.4
      vertex 8.675 7.825 0.4
      vertex 8.962 7.8821 0.4
    endloop
  endfacet
  facet normal 0 0 1
    outer loop
      vertex 8.962 7.8821 0.4
      vertex 8.675 7.825 0.4
      vertex 8.82131 7.83941 0.4
    endloop
  endfacet
  facet normal -0 0 1
    outer loop
      vertex 4.325 13.675 0.4
      vertex 8.675 7.825 0.4
      vertex 8.675 13.675 0.4
    endloop
  endfacet
  facet normal 0 0 1
    outer loop
      vertex 4.325 13.675 0.4
      vertex 4.325 7.825 0.4
      vertex 8.675 7.825 0.4
    endloop
  endfacet
  facet normal 0 0 1
    outer loop
      vertex 3.575 12.925 0.4
      vertex 4.325 13.675 0.4
      vertex 4.17869 13.6606 0.4
    endloop
  endfacet
  facet normal 0 0 1
    outer loop
      vertex 4.325 13.675 0.4
      vertex 3.575 12.925 0.4
      vertex 4.325 7.825 0.4
    endloop
  endfacet
  facet normal 0 0 1
    outer loop
      vertex 3.575 12.925 0.4
      vertex 4.17869 13.6606 0.4
      vertex 4.038 13.6179 0.4
    endloop
  endfacet
  facet normal -0 0 1
    outer loop
      vertex 3.575 8.575 0.4
      vertex 4.325 7.825 0.4
      vertex 3.575 12.925 0.4
    endloop
  endfacet
  facet normal 0 0 1
    outer loop
      vertex 3.575 12.925 0.4
      vertex 4.038 13.6179 0.4
      vertex 3.90833 13.5486 0.4
    endloop
  endfacet
  facet normal 0 0 1
    outer loop
      vertex 4.325 7.825 0.4
      vertex 3.575 8.575 0.4
      vertex 4.17869 7.83941 0.4
    endloop
  endfacet
  facet normal 0 0 1
    outer loop
      vertex 3.575 12.925 0.4
      vertex 3.90833 13.5486 0.4
      vertex 3.79467 13.4553 0.4
    endloop
  endfacet
  facet normal 0 0 1
    outer loop
      vertex 4.17869 7.83941 0.4
      vertex 3.575 8.575 0.4
      vertex 4.038 7.8821 0.4
    endloop
  endfacet
  facet normal 0 0 1
    outer loop
      vertex 3.575 12.925 0.4
      vertex 3.79467 13.4553 0.4
      vertex 3.7014 13.3417 0.4
    endloop
  endfacet
  facet normal 0 0 1
    outer loop
      vertex 4.038 7.8821 0.4
      vertex 3.575 8.575 0.4
      vertex 3.90833 7.9514 0.4
    endloop
  endfacet
  facet normal 0 0 1
    outer loop
      vertex 3.575 12.925 0.4
      vertex 3.7014 13.3417 0.4
      vertex 3.6321 13.212 0.4
    endloop
  endfacet
  facet normal 0 0 1
    outer loop
      vertex 3.90833 7.9514 0.4
      vertex 3.575 8.575 0.4
      vertex 3.79467 8.04467 0.4
    endloop
  endfacet
  facet normal 0 0 1
    outer loop
      vertex 3.575 12.925 0.4
      vertex 3.6321 13.212 0.4
      vertex 3.58941 13.0713 0.4
    endloop
  endfacet
  facet normal 0 0 1
    outer loop
      vertex 3.79467 8.04467 0.4
      vertex 3.575 8.575 0.4
      vertex 3.7014 8.15833 0.4
    endloop
  endfacet
  facet normal 0 0 1
    outer loop
      vertex 3.7014 8.15833 0.4
      vertex 3.575 8.575 0.4
      vertex 3.6321 8.288 0.4
    endloop
  endfacet
  facet normal 0 0 1
    outer loop
      vertex 3.6321 8.288 0.4
      vertex 3.575 8.575 0.4
      vertex 3.58941 8.42869 0.4
    endloop
  endfacet
  facet normal -0.471344 0.88195 0
    outer loop
      vertex 4.038 13.6179 0
      vertex 3.90833 13.5486 0.4
      vertex 4.038 13.6179 0.4
    endloop
  endfacet
  facet normal -0.471344 0.88195 0
    outer loop
      vertex 3.90833 13.5486 0.4
      vertex 4.038 13.6179 0
      vertex 3.90833 13.5486 0
    endloop
  endfacet
  facet normal -0.29036 -0.956917 0
    outer loop
      vertex 4.038 7.8821 0
      vertex 4.17869 7.83941 0.4
      vertex 4.038 7.8821 0.4
    endloop
  endfacet
  facet normal -0.29036 -0.956917 -0
    outer loop
      vertex 4.17869 7.83941 0.4
      vertex 4.038 7.8821 0
      vertex 4.17869 7.83941 0
    endloop
  endfacet
  facet normal -0.471344 -0.88195 0
    outer loop
      vertex 3.90833 7.9514 0
      vertex 4.038 7.8821 0.4
      vertex 3.90833 7.9514 0.4
    endloop
  endfacet
  facet normal -0.471344 -0.88195 -0
    outer loop
      vertex 4.038 7.8821 0.4
      vertex 3.90833 7.9514 0
      vertex 4.038 7.8821 0
    endloop
  endfacet
  facet normal 0.634481 0.772938 -0
    outer loop
      vertex 9.20533 13.4553 0
      vertex 9.09167 13.5486 0.4
      vertex 9.20533 13.4553 0.4
    endloop
  endfacet
  facet normal 0.634481 0.772938 0
    outer loop
      vertex 9.09167 13.5486 0.4
      vertex 9.20533 13.4553 0
      vertex 9.09167 13.5486 0
    endloop
  endfacet
  facet normal 0.290423 0.956898 -0
    outer loop
      vertex 8.962 13.6179 0
      vertex 8.82131 13.6606 0.4
      vertex 8.962 13.6179 0.4
    endloop
  endfacet
  facet normal 0.290423 0.956898 0
    outer loop
      vertex 8.82131 13.6606 0.4
      vertex 8.962 13.6179 0
      vertex 8.82131 13.6606 0
    endloop
  endfacet
  facet normal 0.634359 -0.773038 0
    outer loop
      vertex 9.09167 7.9514 0
      vertex 9.20533 8.04467 0.4
      vertex 9.09167 7.9514 0.4
    endloop
  endfacet
  facet normal 0.634359 -0.773038 0
    outer loop
      vertex 9.20533 8.04467 0.4
      vertex 9.09167 7.9514 0
      vertex 9.20533 8.04467 0
    endloop
  endfacet
  facet normal -0.956923 0.290341 0
    outer loop
      vertex 3.58941 13.0713 0
      vertex 3.6321 13.212 0.4
      vertex 3.6321 13.212 0
    endloop
  endfacet
  facet normal -0.956923 0.290341 0
    outer loop
      vertex 3.6321 13.212 0.4
      vertex 3.58941 13.0713 0
      vertex 3.58941 13.0713 0.4
    endloop
  endfacet
  facet normal 0.956917 -0.29036 0
    outer loop
      vertex 9.3679 8.288 0.4
      vertex 9.41059 8.42869 0
      vertex 9.41059 8.42869 0.4
    endloop
  endfacet
  facet normal 0.956917 -0.29036 0
    outer loop
      vertex 9.41059 8.42869 0
      vertex 9.3679 8.288 0.4
      vertex 9.3679 8.288 0
    endloop
  endfacet
  facet normal 0.995185 -0.0980153 0
    outer loop
      vertex 9.41059 8.42869 0.4
      vertex 9.425 8.575 0
      vertex 9.425 8.575 0.4
    endloop
  endfacet
  facet normal 0.995185 -0.0980153 0
    outer loop
      vertex 9.425 8.575 0
      vertex 9.41059 8.42869 0.4
      vertex 9.41059 8.42869 0
    endloop
  endfacet
  facet normal -0.773038 -0.634359 0
    outer loop
      vertex 3.79467 8.04467 0
      vertex 3.7014 8.15833 0.4
      vertex 3.7014 8.15833 0
    endloop
  endfacet
  facet normal -0.773038 -0.634359 0
    outer loop
      vertex 3.7014 8.15833 0.4
      vertex 3.79467 8.04467 0
      vertex 3.79467 8.04467 0.4
    endloop
  endfacet
  facet normal 0 0 -1
    outer loop
      vertex 8.675 7.825 0
      vertex 9.425 8.575 0
      vertex 9.41059 8.42869 0
    endloop
  endfacet
  facet normal -0 0 -1
    outer loop
      vertex 9.425 8.575 0
      vertex 8.675 7.825 0
      vertex 9.425 12.925 0
    endloop
  endfacet
  facet normal 0 0 -1
    outer loop
      vertex 8.675 7.825 0
      vertex 9.41059 8.42869 0
      vertex 9.3679 8.288 0
    endloop
  endfacet
  facet normal 0 0 -1
    outer loop
      vertex 8.675 13.675 0
      vertex 9.425 12.925 0
      vertex 8.675 7.825 0
    endloop
  endfacet
  facet normal 0 0 -1
    outer loop
      vertex 8.675 7.825 0
      vertex 9.3679 8.288 0
      vertex 9.2986 8.15833 0
    endloop
  endfacet
  facet normal 0 0 -1
    outer loop
      vertex 9.425 12.925 0
      vertex 8.675 13.675 0
      vertex 9.41059 13.0713 0
    endloop
  endfacet
  facet normal 0 0 -1
    outer loop
      vertex 8.675 7.825 0
      vertex 9.2986 8.15833 0
      vertex 9.20533 8.04467 0
    endloop
  endfacet
  facet normal 0 0 -1
    outer loop
      vertex 9.41059 13.0713 0
      vertex 8.675 13.675 0
      vertex 9.3679 13.212 0
    endloop
  endfacet
  facet normal 0 0 -1
    outer loop
      vertex 8.675 7.825 0
      vertex 9.20533 8.04467 0
      vertex 9.09167 7.9514 0
    endloop
  endfacet
  facet normal 0 0 -1
    outer loop
      vertex 9.3679 13.212 0
      vertex 8.675 13.675 0
      vertex 9.2986 13.3417 0
    endloop
  endfacet
  facet normal 0 0 -1
    outer loop
      vertex 8.675 7.825 0
      vertex 9.09167 7.9514 0
      vertex 8.962 7.8821 0
    endloop
  endfacet
  facet normal 0 0 -1
    outer loop
      vertex 9.2986 13.3417 0
      vertex 8.675 13.675 0
      vertex 9.20533 13.4553 0
    endloop
  endfacet
  facet normal 0 0 -1
    outer loop
      vertex 8.675 7.825 0
      vertex 8.962 7.8821 0
      vertex 8.82131 7.83941 0
    endloop
  endfacet
  facet normal 0 0 -1
    outer loop
      vertex 9.20533 13.4553 0
      vertex 8.675 13.675 0
      vertex 9.09167 13.5486 0
    endloop
  endfacet
  facet normal 0 0 -1
    outer loop
      vertex 9.09167 13.5486 0
      vertex 8.675 13.675 0
      vertex 8.962 13.6179 0
    endloop
  endfacet
  facet normal 0 0 -1
    outer loop
      vertex 8.962 13.6179 0
      vertex 8.675 13.675 0
      vertex 8.82131 13.6606 0
    endloop
  endfacet
  facet normal 0 0 -1
    outer loop
      vertex 4.325 7.825 0
      vertex 8.675 13.675 0
      vertex 8.675 7.825 0
    endloop
  endfacet
  facet normal 0 0 -1
    outer loop
      vertex 4.325 7.825 0
      vertex 4.325 13.675 0
      vertex 8.675 13.675 0
    endloop
  endfacet
  facet normal 0 0 -1
    outer loop
      vertex 3.575 8.575 0
      vertex 4.325 7.825 0
      vertex 4.17869 7.83941 0
    endloop
  endfacet
  facet normal 0 0 -1
    outer loop
      vertex 4.325 7.825 0
      vertex 3.575 8.575 0
      vertex 4.325 13.675 0
    endloop
  endfacet
  facet normal 0 0 -1
    outer loop
      vertex 3.575 8.575 0
      vertex 4.17869 7.83941 0
      vertex 4.038 7.8821 0
    endloop
  endfacet
  facet normal 0 0 -1
    outer loop
      vertex 3.575 12.925 0
      vertex 4.325 13.675 0
      vertex 3.575 8.575 0
    endloop
  endfacet
  facet normal 0 0 -1
    outer loop
      vertex 3.575 8.575 0
      vertex 4.038 7.8821 0
      vertex 3.90833 7.9514 0
    endloop
  endfacet
  facet normal 0 0 -1
    outer loop
      vertex 4.325 13.675 0
      vertex 3.575 12.925 0
      vertex 4.17869 13.6606 0
    endloop
  endfacet
  facet normal 0 0 -1
    outer loop
      vertex 3.575 8.575 0
      vertex 3.90833 7.9514 0
      vertex 3.79467 8.04467 0
    endloop
  endfacet
  facet normal 0 0 -1
    outer loop
      vertex 4.17869 13.6606 0
      vertex 3.575 12.925 0
      vertex 4.038 13.6179 0
    endloop
  endfacet
  facet normal 0 0 -1
    outer loop
      vertex 3.575 8.575 0
      vertex 3.79467 8.04467 0
      vertex 3.7014 8.15833 0
    endloop
  endfacet
  facet normal 0 0 -1
    outer loop
      vertex 4.038 13.6179 0
      vertex 3.575 12.925 0
      vertex 3.90833 13.5486 0
    endloop
  endfacet
  facet normal 0 0 -1
    outer loop
      vertex 3.575 8.575 0
      vertex 3.7014 8.15833 0
      vertex 3.6321 8.288 0
    endloop
  endfacet
  facet normal 0 0 -1
    outer loop
      vertex 3.90833 13.5486 0
      vertex 3.575 12.925 0
      vertex 3.79467 13.4553 0
    endloop
  endfacet
  facet normal 0 0 -1
    outer loop
      vertex 3.575 8.575 0
      vertex 3.6321 8.288 0
      vertex 3.58941 8.42869 0
    endloop
  endfacet
  facet normal 0 0 -1
    outer loop
      vertex 3.79467 13.4553 0
      vertex 3.575 12.925 0
      vertex 3.7014 13.3417 0
    endloop
  endfacet
  facet normal 0 0 -1
    outer loop
      vertex 3.7014 13.3417 0
      vertex 3.575 12.925 0
      vertex 3.6321 13.212 0
    endloop
  endfacet
  facet normal 0 0 -1
    outer loop
      vertex 3.6321 13.212 0
      vertex 3.575 12.925 0
      vertex 3.58941 13.0713 0
    endloop
  endfacet
endsolid OpenSCAD_Model
