;Sliced by ideaMaker 3.6.1.4415, 2020-09-12 22:07:06 UTC+1000
;Dimension: 235.000 235.000 250.000 0.400
;Plate Shape: 0
;Extruder Offset #1: 25.000 0.000
;Filament Diameter #1: 1.750
;Filament Diameter #2: 1.750
;Filament Compensation #1: 85.00
;Filament Compensation #2: 90.00
;Filament Density #1: 1240.00
;Filament Density #2: 1240.00
;Bounding Box: 91.788 123.213 97.713 141.888 0.000 0.400
;Model Gap: 0.000
M221 T0 S85.00
M140 S70.00
M104 T0 S205.00
M109 T0 S205.00
T0
M190 S70.00
; Ender 3 Custom Start G-code
G92 E0 ; Reset Extruder
G28 ; Home all axes
G1 Z2.0 F3000 ; Move Z Axis up little to prevent scratching of Heat Bed
G1 X0.1 Y20 Z0.3 F5000.0 ; Move to start position
G1 X0.1 Y200.0 Z0.3 F1500.0 E15 ; Draw the first line
G1 X0.4 Y200.0 Z0.3 F5000.0 ; Move to side a little
G1 X0.4 Y20 Z0.3 F1500.0 E30 ; Draw the second line
G92 E0 ; Reset Extruder
G1 Z2.0 F3000 ; Move Z Axis up little to prevent scratching of Heat Bed
G1 X5 Y20 Z0.3 F5000.0 ; Move over to prevent blob squish
M1001
;LAYER:0
;Z:0.200
;HEIGHT:0.200
M106 S255
G4 P500
M106 S64
G1 F3000 E-5.0000
G0 F4200 X98.883 Y102.918
G0 F900 Z0.200
;TYPE:WALL-INNER
;WIDTH:0.480
G1 F1500 E0.0000
G1 F900 X98.886 Y98.433 E0.2238
G1 X103.368 Y98.444 E0.4474
G1 X103.368 Y102.918 E0.6706
G1 X99.383 Y102.918 E0.8694
G0 F900 X98.883 Y102.918
G1 F3000 E-4.1306
G0 F4200 X98.553 Y103.247
;TYPE:WALL-OUTER
;WIDTH:0.480
G1 F1500 E0.8694
G1 F900 X98.443 Y103.083 E0.8792
G1 X98.403 Y102.877 E0.8897
G1 X98.406 Y98.439 E1.1111
G1 X98.443 Y98.268 E1.1199
G1 X98.553 Y98.103 E1.1297
G1 X98.718 Y97.993 E1.1396
G1 X98.924 Y97.953 E1.1501
G1 X103.437 Y97.964 E1.3753
G1 X103.620 Y98.040 E1.3851
G1 X103.760 Y98.179 E1.3950
G1 X103.837 Y98.364 E1.4050
G1 X103.848 Y98.475 E1.4106
G1 X103.848 Y102.876 E1.6301
G1 X103.807 Y103.083 E1.6406
G1 X103.697 Y103.247 E1.6505
G1 X103.533 Y103.357 E1.6604
G1 X103.326 Y103.398 E1.6709
G1 X99.016 Y103.398 E1.8859
G0 F900 X98.925 Y103.398
G0 F900 X98.718 Y103.357
G0 F900 X98.553 Y103.247
G1 F3000 E-3.1141
G0 F4200 X99.087 Y102.821
;TYPE:SOLID-FILL
;WIDTH:0.480
G1 F1500 E1.8859
G1 F900 X98.978 Y102.712 E1.8936
G0 F4200 X98.978 Y102.033
G1 F900 X99.766 Y102.821 E1.9492
G1 F3000 E-3.0508
G1 F900 Z0.500
G0 F4200 X100.445 Y102.821
G1 F900 Z0.200
G1 F1500 E1.9492
G1 F900 X98.979 Y101.355 E2.0526
G1 F3000 E-2.9474
G1 F900 Z0.500
G0 F4200 X98.979 Y100.676
G1 F900 Z0.200
G1 F1500 E2.0526
G1 F900 X101.124 Y102.821 E2.2040
G1 F3000 E-2.7960
G1 F900 Z0.500
G0 F4200 X101.802 Y102.821
G1 F900 Z0.200
G1 F1500 E2.2040
G1 F900 X98.980 Y99.998 E2.4031
G1 F3000 E-2.5969
G1 F900 Z0.500
G0 F4200 X98.980 Y99.320
G1 F900 Z0.200
G1 F1500 E2.4031
G1 F900 X102.481 Y102.821 E2.6501
G1 F3000 E-2.3499
G1 F900 Z0.500
G0 F4200 X103.160 Y102.821
G1 F900 Z0.200
G1 F1500 E2.6501
G1 F900 X98.980 Y98.641 E2.9450
G0 F4200 X99.550 Y98.531
G1 F900 X103.271 Y102.253 E3.2076
G1 F3000 E-1.7924
G1 F900 Z0.500
G0 F4200 X103.271 Y101.574
G1 F900 Z0.200
G1 F1500 E3.2076
G1 F900 X100.230 Y98.533 E3.4222
G1 F3000 E-1.5778
G1 F900 Z0.500
G0 F4200 X100.910 Y98.534
G1 F900 Z0.200
G1 F1500 E3.4222
G1 F900 X103.271 Y100.895 E3.5888
G1 F3000 E-1.4112
G1 F900 Z0.500
G0 F4200 X103.271 Y100.216
G1 F900 Z0.200
G1 F1500 E3.5888
G1 F900 X101.590 Y98.536 E3.7073
G1 F3000 E-1.2927
G1 F900 Z0.500
G0 F4200 X102.270 Y98.537
G1 F900 Z0.200
G1 F1500 E3.7073
G1 F900 X103.271 Y99.538 E3.7780
G1 F3000 E-1.2220
G1 F900 Z0.500
G0 F4200 X103.271 Y98.859
G1 F900 Z0.200
G1 F1500 E3.7780
G1 F900 X102.951 Y98.538 E3.8006
G1 F3000 E-1.1994
G1 F900 Z0.500
G0 F4200 X105.258 Y102.918
;TYPE:WALL-INNER
;WIDTH:0.480
G1 F900 Z0.200
G1 F1500 E3.8006
G1 F900 X105.258 Y98.433 E4.0243
G1 X109.743 Y98.444 E4.2481
G1 X109.743 Y102.918 E4.4713
G1 X105.758 Y102.918 E4.6701
G0 F900 X105.258 Y102.918
G1 F3000 E-0.3299
G0 F4200 X104.928 Y103.247
;TYPE:WALL-OUTER
;WIDTH:0.480
G1 F900 Z0.200
G1 F1500 E4.6701
G1 F900 X104.818 Y103.083 E4.6800
G1 X104.778 Y102.877 E4.6904
G1 X104.778 Y98.474 E4.9101
G1 X104.818 Y98.268 E4.9206
G1 X104.928 Y98.103 E4.9305
G1 X105.093 Y97.993 E4.9403
G1 X105.299 Y97.953 E4.9508
G1 X109.812 Y97.964 E5.1760
G1 X109.995 Y98.040 E5.1859
G1 X110.135 Y98.179 E5.1957
G1 X110.212 Y98.364 E5.2057
G1 X110.223 Y98.475 E5.2113
G1 X110.223 Y102.876 E5.4308
G1 X110.182 Y103.083 E5.4414
G1 X110.072 Y103.247 E5.4512
G1 X109.908 Y103.357 E5.4611
G1 X109.701 Y103.398 E5.4716
G1 X105.391 Y103.398 E5.6866
G0 F900 X105.300 Y103.398
G0 F900 X105.093 Y103.357
G0 F900 X104.928 Y103.247
G1 F3000 E0.6866
G0 F4200 X105.876 Y102.821
;TYPE:SOLID-FILL
;WIDTH:0.480
G1 F900 Z0.200
G1 F1500 E5.6866
G1 F900 X105.353 Y102.298 E5.7235
G1 F3000 E0.7235
G1 F900 Z0.500
G0 F4200 X105.353 Y101.619
G1 F900 Z0.200
G1 F1500 E5.7235
G1 F900 X106.555 Y102.821 E5.8083
G1 F3000 E0.8083
G1 F900 Z0.500
G0 F4200 X107.234 Y102.821
G1 F900 Z0.200
G1 F1500 E5.8083
G1 F900 X105.353 Y100.940 E5.9410
G1 F3000 E0.9410
G1 F900 Z0.500
G0 F4200 X105.353 Y100.262
G1 F900 Z0.200
G1 F1500 E5.9410
G1 F900 X107.912 Y102.821 E6.1216
G1 F3000 E1.1216
G1 F900 Z0.500
G0 F4200 X108.591 Y102.821
G1 F900 Z0.200
G1 F1500 E6.1216
G1 F900 X105.353 Y99.583 E6.3500
G1 F3000 E1.3500
G1 F900 Z0.500
G0 F4200 X105.353 Y98.904
G1 F900 Z0.200
G1 F1500 E6.3500
G1 F900 X109.270 Y102.821 E6.6264
G0 F4200 X109.646 Y102.519
G1 F900 X105.658 Y98.530 E6.9078
G1 F3000 E1.9078
G1 F900 Z0.500
G0 F4200 X106.338 Y98.531
G1 F900 Z0.200
G1 F1500 E6.9078
G1 F900 X109.646 Y101.840 E7.1413
G1 F3000 E2.1413
G1 F900 Z0.500
G0 F4200 X109.646 Y101.161
G1 F900 Z0.200
G1 F1500 E7.1413
G1 F900 X107.019 Y98.533 E7.3266
G1 F3000 E2.3266
G1 F900 Z0.500
G0 F4200 X107.699 Y98.535
G1 F900 Z0.200
G1 F1500 E7.3266
G1 F900 X109.646 Y100.482 E7.4640
G1 F3000 E2.4640
G1 F900 Z0.500
G0 F4200 X109.646 Y99.803
G1 F900 Z0.200
G1 F1500 E7.4640
G1 F900 X108.379 Y98.536 E7.5534
G1 F3000 E2.5534
G1 F900 Z0.500
G0 F4200 X109.059 Y98.538
G1 F900 Z0.200
G1 F1500 E7.5534
G1 F900 X109.646 Y99.125 E7.5948
G1 F3000 E2.5948
G1 F900 Z0.500
G0 F4200 X111.633 Y102.918
;TYPE:WALL-INNER
;WIDTH:0.480
G1 F900 Z0.200
G1 F1500 E7.5948
G1 F900 X111.633 Y98.433 E7.8186
G1 X116.118 Y98.444 E8.0423
G1 X116.118 Y102.918 E8.2655
G1 X112.133 Y102.918 E8.4644
G0 F900 X111.633 Y102.918
G1 F3000 E3.4644
G0 F4200 X111.303 Y103.247
;TYPE:WALL-OUTER
;WIDTH:0.480
G1 F900 Z0.200
G1 F1500 E8.4644
G1 F900 X111.193 Y103.083 E8.4742
G1 X111.153 Y102.877 E8.4847
G1 X111.153 Y98.474 E8.7043
G1 X111.193 Y98.268 E8.7148
G1 X111.303 Y98.103 E8.7247
G1 X111.468 Y97.993 E8.7346
G1 X111.674 Y97.953 E8.7451
G1 X116.187 Y97.964 E8.9702
G1 X116.370 Y98.040 E8.9801
G1 X116.510 Y98.179 E8.9900
G1 X116.587 Y98.364 E9.0000
G1 X116.598 Y98.475 E9.0055
G1 X116.598 Y102.876 E9.2251
G1 X116.557 Y103.083 E9.2356
G1 X116.447 Y103.247 E9.2455
G1 X116.283 Y103.357 E9.2553
G1 X116.076 Y103.398 E9.2658
G1 X111.766 Y103.398 E9.4809
G0 F900 X111.675 Y103.398
G0 F900 X111.468 Y103.357
G0 F900 X111.303 Y103.247
G1 F3000 E4.4809
G0 F4200 X111.985 Y102.821
;TYPE:SOLID-FILL
;WIDTH:0.480
G1 F900 Z0.200
G1 F1500 E9.4809
G1 F900 X111.728 Y102.564 E9.4990
G0 F4200 X111.728 Y101.885
G1 F900 X112.664 Y102.821 E9.5650
G1 F3000 E4.5650
G1 F900 Z0.500
G0 F4200 X113.343 Y102.821
G1 F900 Z0.200
G1 F1500 E9.5650
G1 F900 X111.728 Y101.206 E9.6790
G1 F3000 E4.6790
G1 F900 Z0.500
G0 F4200 X111.728 Y100.527
G1 F900 Z0.200
G1 F1500 E9.6790
G1 F900 X114.022 Y102.821 E9.8408
G1 F3000 E4.8408
G1 F900 Z0.500
G0 F4200 X114.701 Y102.821
G1 F900 Z0.200
G1 F1500 E9.8408
G1 F900 X111.728 Y99.849 E10.0506
G1 F3000 E5.0506
G1 F900 Z0.500
G0 F4200 X111.728 Y99.170
G1 F900 Z0.200
G1 F1500 E10.0506
G1 F900 X115.380 Y102.821 E10.3082
G1 F3000 E5.3082
G1 F900 Z0.500
G0 F4200 X116.021 Y102.784
G1 F900 Z0.200
G1 F1500 E10.3082
G1 F900 X111.767 Y98.530 E10.6083
G1 F3000 E5.6083
G1 F900 Z0.500
G0 F4200 X112.447 Y98.531
G1 F900 Z0.200
G1 F1500 E10.6083
G1 F900 X116.021 Y102.105 E10.8605
G1 F3000 E5.8605
G1 F900 Z0.500
G0 F4200 X116.021 Y101.426
G1 F900 Z0.200
G1 F1500 E10.8605
G1 F900 X113.127 Y98.533 E11.0647
G1 F3000 E6.0647
G1 F900 Z0.500
G0 F4200 X113.808 Y98.534
G1 F900 Z0.200
G1 F1500 E11.0647
G1 F900 X116.021 Y100.747 E11.2208
G1 F3000 E6.2208
G1 F900 Z0.500
G0 F4200 X116.021 Y100.069
G1 F900 Z0.200
G1 F1500 E11.2208
G1 F900 X114.488 Y98.536 E11.3290
G1 F3000 E6.3290
G1 F900 Z0.500
G0 F4200 X115.168 Y98.537
G1 F900 Z0.200
G1 F1500 E11.3290
G1 F900 X116.021 Y99.390 E11.3891
G1 F3000 E6.3891
G1 F900 Z0.500
G0 F4200 X116.021 Y98.711
G1 F900 Z0.200
G1 F1500 E11.3891
G1 F900 X115.848 Y98.538 E11.4014
G1 F3000 E6.4014
G1 F900 Z0.500
G0 F4200 X118.008 Y109.293
;TYPE:WALL-INNER
;WIDTH:0.480
G1 F900 Z0.200
G1 F1500 E11.4014
G1 F900 X118.011 Y104.808 E11.6251
G1 X122.493 Y104.819 E11.8487
G1 X122.493 Y109.293 E12.0719
G1 X118.508 Y109.293 E12.2707
G0 F900 X118.008 Y109.293
G1 F3000 E7.2707
G0 F4200 X117.678 Y109.622
;TYPE:WALL-OUTER
;WIDTH:0.480
G1 F900 Z0.200
G1 F1500 E12.2707
G1 F900 X117.568 Y109.458 E12.2806
G1 X117.528 Y109.252 E12.2911
G1 X117.531 Y104.814 E12.5125
G1 X117.568 Y104.643 E12.5212
G1 X117.678 Y104.478 E12.5311
G1 X117.842 Y104.368 E12.5410
G1 X118.049 Y104.328 E12.5515
G1 X122.562 Y104.339 E12.7766
G1 X122.745 Y104.415 E12.7865
G1 X122.885 Y104.554 E12.7964
G1 X122.962 Y104.739 E12.8064
G1 X122.973 Y104.850 E12.8119
G1 X122.973 Y109.251 E13.0315
G1 X122.932 Y109.458 E13.0420
G1 X122.822 Y109.622 E13.0519
G1 X122.658 Y109.732 E13.0617
G1 X122.451 Y109.773 E13.0722
G1 X118.141 Y109.773 E13.2873
G0 F900 X118.050 Y109.773
G0 F900 X117.842 Y109.732
G0 F900 X117.678 Y109.622
G1 F3000 E8.2873
G0 F4200 X118.103 Y108.939
;TYPE:SOLID-FILL
;WIDTH:0.480
G1 F900 Z0.200
G1 F1500 E13.2873
G1 F900 X118.361 Y109.197 E13.3055
G0 F4200 X119.040 Y109.197
G1 F900 X118.103 Y108.260 E13.3716
G1 F3000 E8.3716
G1 F900 Z0.500
G0 F4200 X118.104 Y107.582
G1 F900 Z0.200
G1 F1500 E13.3716
G1 F900 X119.718 Y109.197 E13.4855
G1 F3000 E8.4855
G1 F900 Z0.500
G0 F4200 X120.397 Y109.197
G1 F900 Z0.200
G1 F1500 E13.4855
G1 F900 X118.105 Y106.904 E13.6472
G1 F3000 E8.6472
G1 F900 Z0.500
G0 F4200 X118.105 Y106.225
G1 F900 Z0.200
G1 F1500 E13.6472
G1 F900 X121.076 Y109.197 E13.8569
G1 F3000 E8.8569
G1 F900 Z0.500
G0 F4200 X121.755 Y109.197
G1 F900 Z0.200
G1 F1500 E13.8569
G1 F900 X118.105 Y105.547 E14.1144
G1 F3000 E9.1144
G1 F900 Z0.500
G0 F4200 X118.142 Y104.905
G1 F900 Z0.200
G1 F1500 E14.1144
G1 F900 X122.396 Y109.159 E14.4146
G1 F3000 E9.4146
G1 F900 Z0.500
G0 F4200 X122.396 Y108.480
G1 F900 Z0.200
G1 F1500 E14.4146
G1 F900 X118.822 Y104.907 E14.6667
G1 F3000 E9.6667
G1 F900 Z0.500
G0 F4200 X119.503 Y104.908
G1 F900 Z0.200
G1 F1500 E14.6667
G1 F900 X122.396 Y107.801 E14.8708
G1 F3000 E9.8708
G1 F900 Z0.500
G0 F4200 X122.396 Y107.123
G1 F900 Z0.200
G1 F1500 E14.8708
G1 F900 X120.183 Y104.909 E15.0270
G1 F3000 E10.0270
G1 F900 Z0.500
G0 F4200 X120.863 Y104.911
G1 F900 Z0.200
G1 F1500 E15.0270
G1 F900 X122.396 Y106.444 E15.1352
G1 F3000 E10.1352
G1 F900 Z0.500
G0 F4200 X122.396 Y105.765
G1 F900 Z0.200
G1 F1500 E15.1352
G1 F900 X121.543 Y104.912 E15.1953
G1 F3000 E10.1953
G1 F900 Z0.500
G0 F4200 X122.224 Y104.914
G1 F900 Z0.200
G1 F1500 E15.1953
G1 F900 X122.396 Y105.086 E15.2075
G1 F3000 E10.2075
G1 F900 Z0.500
G0 F4200 X111.633 Y122.043
;TYPE:WALL-INNER
;WIDTH:0.480
G1 F900 Z0.200
G1 F1500 E15.2075
G1 F900 X111.633 Y117.558 E15.4312
G1 X116.118 Y117.569 E15.6550
G1 X116.118 Y122.043 E15.8782
G1 X112.133 Y122.043 E16.0770
G0 F900 X111.633 Y122.043
G1 F3000 E11.0770
G0 F4200 X111.303 Y122.372
;TYPE:WALL-OUTER
;WIDTH:0.480
G1 F900 Z0.200
G1 F1500 E16.0770
G1 F900 X111.193 Y122.208 E16.0869
G1 X111.153 Y122.002 E16.0973
G1 X111.153 Y117.599 E16.3170
G1 X111.193 Y117.393 E16.3275
G1 X111.303 Y117.228 E16.3374
G1 X111.468 Y117.118 E16.3473
G1 X111.674 Y117.078 E16.3577
G1 X116.187 Y117.089 E16.5829
G1 X116.370 Y117.165 E16.5928
G1 X116.510 Y117.304 E16.6026
G1 X116.587 Y117.489 E16.6126
G1 X116.598 Y117.600 E16.6182
G1 X116.598 Y122.001 E16.8377
G1 X116.557 Y122.208 E16.8483
G1 X116.447 Y122.372 E16.8581
G1 X116.283 Y122.482 E16.8680
G1 X116.076 Y122.523 E16.8785
G1 X111.766 Y122.523 E17.0935
G0 F900 X111.675 Y122.523
G0 F900 X111.468 Y122.482
G0 F900 X111.303 Y122.372
G1 F3000 E12.0935
G0 F4200 X112.103 Y121.946
;TYPE:SOLID-FILL
;WIDTH:0.480
G1 F900 Z0.200
G1 F1500 E17.0935
G1 F900 X111.728 Y121.571 E17.1200
G1 F3000 E12.1200
G1 F900 Z0.500
G0 F4200 X111.728 Y120.892
G1 F900 Z0.200
G1 F1500 E17.1200
G1 F900 X112.782 Y121.946 E17.1943
G1 F3000 E12.1943
G1 F900 Z0.500
G0 F4200 X113.460 Y121.946
G1 F900 Z0.200
G1 F1500 E17.1943
G1 F900 X111.728 Y120.213 E17.3166
G1 F3000 E12.3166
G1 F900 Z0.500
G0 F4200 X111.728 Y119.534
G1 F900 Z0.200
G1 F1500 E17.3166
G1 F900 X114.139 Y121.946 E17.4867
G1 F3000 E12.4867
G1 F900 Z0.500
G0 F4200 X114.818 Y121.946
G1 F900 Z0.200
G1 F1500 E17.4867
G1 F900 X111.728 Y118.856 E17.7047
G1 F3000 E12.7047
G1 F900 Z0.500
G0 F4200 X111.728 Y118.177
G1 F900 Z0.200
G1 F1500 E17.7047
G1 F900 X115.497 Y121.946 E17.9707
G0 F4200 X116.022 Y121.792
G1 F900 X111.884 Y117.654 E18.2626
G1 F3000 E13.2626
G1 F900 Z0.500
G0 F4200 X112.565 Y117.656
G1 F900 Z0.200
G1 F1500 E18.2626
G1 F900 X116.022 Y121.113 E18.5065
G1 F3000 E13.5065
G1 F900 Z0.500
G0 F4200 X116.022 Y120.434
G1 F900 Z0.200
G1 F1500 E18.5065
G1 F900 X113.245 Y117.657 E18.7025
G1 F3000 E13.7025
G1 F900 Z0.500
G0 F4200 X113.925 Y117.659
G1 F900 Z0.200
G1 F1500 E18.7025
G1 F900 X116.022 Y119.755 E18.8504
G1 F3000 E13.8504
G1 F900 Z0.500
G0 F4200 X116.022 Y119.076
G1 F900 Z0.200
G1 F1500 E18.8504
G1 F900 X114.605 Y117.660 E18.9503
G1 F3000 E13.9503
G1 F900 Z0.500
G0 F4200 X115.285 Y117.661
G1 F900 Z0.200
G1 F1500 E18.9503
G1 F900 X116.022 Y118.397 E19.0023
G1 F3000 E14.0023
G1 F900 Z0.500
G0 F4200 X105.258 Y122.043
;TYPE:WALL-INNER
;WIDTH:0.480
G1 F900 Z0.200
G1 F1500 E19.0023
G1 F900 X105.258 Y117.558 E19.2260
G1 X109.743 Y117.569 E19.4498
G1 X109.743 Y122.043 E19.6730
G1 X105.758 Y122.043 E19.8718
G0 F900 X105.258 Y122.043
G1 F3000 E14.8718
G0 F4200 X104.928 Y122.372
;TYPE:WALL-OUTER
;WIDTH:0.480
G1 F900 Z0.200
G1 F1500 E19.8718
G1 F900 X104.818 Y122.208 E19.8817
G1 X104.778 Y122.002 E19.8921
G1 X104.778 Y117.599 E20.1118
G1 X104.818 Y117.393 E20.1223
G1 X104.928 Y117.228 E20.1322
G1 X105.093 Y117.118 E20.1421
G1 X105.299 Y117.078 E20.1525
G1 X109.812 Y117.089 E20.3777
G1 X109.995 Y117.165 E20.3876
G1 X110.135 Y117.304 E20.3974
G1 X110.212 Y117.489 E20.4074
G1 X110.223 Y117.600 E20.4130
G1 X110.223 Y122.001 E20.6326
G1 X110.182 Y122.208 E20.6431
G1 X110.072 Y122.372 E20.6529
G1 X109.908 Y122.482 E20.6628
G1 X109.701 Y122.523 E20.6733
G1 X105.391 Y122.523 E20.8883
G0 F900 X105.300 Y122.523
G0 F900 X105.093 Y122.482
G0 F900 X104.928 Y122.372
G1 F3000 E15.8883
G0 F4200 X105.993 Y121.946
;TYPE:SOLID-FILL
;WIDTH:0.480
G1 F900 Z0.200
G1 F1500 E20.8883
G1 F900 X105.353 Y121.306 E20.9335
G1 F3000 E15.9335
G1 F900 Z0.500
G0 F4200 X105.353 Y120.627
G1 F900 Z0.200
G1 F1500 E20.9335
G1 F900 X106.672 Y121.946 E21.0266
G1 F3000 E16.0266
G1 F900 Z0.500
G0 F4200 X107.351 Y121.946
G1 F900 Z0.200
G1 F1500 E21.0266
G1 F900 X105.353 Y119.948 E21.1675
G1 F3000 E16.1675
G1 F900 Z0.500
G0 F4200 X105.353 Y119.269
G1 F900 Z0.200
G1 F1500 E21.1675
G1 F900 X108.030 Y121.946 E21.3564
G1 F3000 E16.3564
G1 F900 Z0.500
G0 F4200 X108.709 Y121.946
G1 F900 Z0.200
G1 F1500 E21.3564
G1 F900 X105.353 Y118.590 E21.5932
G1 F3000 E16.5932
G1 F900 Z0.500
G0 F4200 X105.353 Y117.912
G1 F900 Z0.200
G1 F1500 E21.5932
G1 F900 X109.388 Y121.946 E21.8778
G0 F4200 X109.647 Y121.526
G1 F900 X105.776 Y117.656 E22.1509
G1 F3000 E17.1509
G1 F900 Z0.500
G0 F4200 X106.457 Y117.657
G1 F900 Z0.200
G1 F1500 E22.1509
G1 F900 X109.647 Y120.848 E22.3760
G1 F3000 E17.3760
G1 F900 Z0.500
G0 F4200 X109.647 Y120.169
G1 F900 Z0.200
G1 F1500 E22.3760
G1 F900 X107.136 Y117.658 E22.5532
G1 F3000 E17.5532
G1 F900 Z0.500
G0 F4200 X107.816 Y117.659
G1 F900 Z0.200
G1 F1500 E22.5532
G1 F900 X109.647 Y119.490 E22.6824
G1 F3000 E17.6824
G1 F900 Z0.500
G0 F4200 X109.647 Y118.811
G1 F900 Z0.200
G1 F1500 E22.6824
G1 F900 X108.497 Y117.661 E22.7635
G1 F3000 E17.7635
G1 F900 Z0.500
G0 F4200 X109.177 Y117.662
G1 F900 Z0.200
G1 F1500 E22.7635
G1 F900 X109.647 Y118.132 E22.7967
G1 F3000 E17.7967
G1 F900 Z0.500
G0 F4200 X105.261 Y123.933
;TYPE:WALL-INNER
;WIDTH:0.480
G1 F900 Z0.200
G1 F1500 E22.7967
G1 F900 X109.743 Y123.944 E23.0203
G1 X109.743 Y128.418 E23.2435
G1 X105.258 Y128.418 E23.4673
G1 X105.261 Y124.433 E23.6661
G0 F900 X105.261 Y123.933
G1 F3000 E18.6661
G0 F4200 X104.928 Y123.603
;TYPE:WALL-OUTER
;WIDTH:0.480
G1 F900 Z0.200
G1 F1500 E23.6661
G1 F900 X105.093 Y123.493 E23.6760
G1 X105.299 Y123.453 E23.6864
G1 X109.812 Y123.464 E23.9116
G1 X109.995 Y123.540 E23.9215
G1 X110.135 Y123.679 E23.9313
G1 X110.212 Y123.864 E23.9413
G1 X110.223 Y123.975 E23.9469
G1 X110.223 Y128.376 E24.1664
G1 X110.182 Y128.583 E24.1770
G1 X110.072 Y128.747 E24.1868
G1 X109.908 Y128.857 E24.1967
G1 X109.701 Y128.898 E24.2072
G1 X105.300 Y128.898 E24.4268
G1 X105.093 Y128.857 E24.4373
G1 X104.928 Y128.747 E24.4472
G1 X104.818 Y128.583 E24.4571
G1 X104.778 Y128.377 E24.4675
G1 X104.781 Y124.067 E24.6825
G0 F900 X104.781 Y123.939
G0 F900 X104.818 Y123.768
G0 F900 X104.928 Y123.603
G1 F3000 E19.6825
G0 F4200 X105.353 Y128.094
;TYPE:SOLID-FILL
;WIDTH:0.480
G1 F900 Z0.200
G1 F1500 E24.6825
G1 F900 X105.580 Y128.320 E24.6985
G0 F4200 X106.259 Y128.320
G1 F900 X105.354 Y127.416 E24.7623
G1 F3000 E19.7623
G1 F900 Z0.500
G0 F4200 X105.354 Y126.737
G1 F900 Z0.200
G1 F1500 E24.7623
G1 F900 X106.937 Y128.320 E24.8740
G1 F3000 E19.8740
G1 F900 Z0.500
G0 F4200 X107.616 Y128.320
G1 F900 Z0.200
G1 F1500 E24.8740
G1 F900 X105.355 Y126.059 E25.0336
G1 F3000 E20.0336
G1 F900 Z0.500
G0 F4200 X105.356 Y125.381
G1 F900 Z0.200
G1 F1500 E25.0336
G1 F900 X108.295 Y128.320 E25.2409
G1 F3000 E20.2409
G1 F900 Z0.500
G0 F4200 X108.974 Y128.320
G1 F900 Z0.200
G1 F1500 E25.2409
G1 F900 X105.356 Y124.703 E25.4962
G1 F3000 E20.4962
G1 F900 Z0.500
G0 F4200 X105.362 Y124.030
G1 F900 Z0.200
G1 F1500 E25.4962
G1 F900 X109.646 Y128.314 E25.7984
G1 F3000 E20.7984
G1 F900 Z0.500
G0 F4200 X109.646 Y127.635
G1 F900 Z0.200
G1 F1500 E25.7984
G1 F900 X106.041 Y124.030 E26.0528
G1 F3000 E21.0528
G1 F900 Z0.500
G0 F4200 X106.722 Y124.032
G1 F900 Z0.200
G1 F1500 E26.0528
G1 F900 X109.646 Y126.956 E26.2591
G1 F3000 E21.2591
G1 F900 Z0.500
G0 F4200 X109.646 Y126.277
G1 F900 Z0.200
G1 F1500 E26.2591
G1 F900 X107.402 Y124.033 E26.4174
G1 F3000 E21.4174
G1 F900 Z0.500
G0 F4200 X108.082 Y124.035
G1 F900 Z0.200
G1 F1500 E26.4174
G1 F900 X109.646 Y125.599 E26.5277
G1 F3000 E21.5277
G1 F900 Z0.500
G0 F4200 X109.646 Y124.920
G1 F900 Z0.200
G1 F1500 E26.5277
G1 F900 X108.762 Y124.036 E26.5901
G1 F3000 E21.5901
G1 F900 Z0.500
G0 F4200 X109.443 Y124.037
G1 F900 Z0.200
G1 F1500 E26.5901
G1 F900 X109.646 Y124.241 E26.6045
G1 F3000 E21.6045
G1 F900 Z0.500
G0 F4200 X98.883 Y122.043
;TYPE:WALL-INNER
;WIDTH:0.480
G1 F900 Z0.200
G1 F1500 E26.6045
G1 F900 X98.886 Y117.558 E26.8282
G1 X103.368 Y117.569 E27.0518
G1 X103.368 Y122.043 E27.2751
G1 X99.383 Y122.043 E27.4739
G0 F900 X98.883 Y122.043
G1 F3000 E22.4739
G0 F4200 X98.553 Y122.372
;TYPE:WALL-OUTER
;WIDTH:0.480
G1 F900 Z0.200
G1 F1500 E27.4739
G1 F900 X98.443 Y122.208 E27.4837
G1 X98.403 Y122.002 E27.4942
G1 X98.406 Y117.564 E27.7156
G1 X98.443 Y117.393 E27.7243
G1 X98.553 Y117.228 E27.7342
G1 X98.718 Y117.118 E27.7441
G1 X98.924 Y117.078 E27.7546
G1 X103.437 Y117.089 E27.9797
G1 X103.620 Y117.165 E27.9896
G1 X103.760 Y117.304 E27.9995
G1 X103.837 Y117.489 E28.0095
G1 X103.848 Y117.600 E28.0150
G1 X103.848 Y122.001 E28.2346
G1 X103.807 Y122.208 E28.2451
G1 X103.697 Y122.372 E28.2550
G1 X103.533 Y122.482 E28.2648
G1 X103.326 Y122.523 E28.2754
G1 X99.016 Y122.523 E28.4904
G0 F900 X98.925 Y122.523
G0 F900 X98.718 Y122.482
G0 F900 X98.553 Y122.372
G1 F3000 E23.4904
G0 F4200 X99.205 Y121.946
;TYPE:SOLID-FILL
;WIDTH:0.480
G1 F900 Z0.200
G1 F1500 E28.4904
G1 F900 X98.979 Y121.719 E28.5064
G0 F4200 X98.979 Y121.041
G1 F900 X99.884 Y121.946 E28.5702
G1 F3000 E23.5702
G1 F900 Z0.500
G0 F4200 X100.563 Y121.946
G1 F900 Z0.200
G1 F1500 E28.5702
G1 F900 X98.980 Y120.363 E28.6819
G1 F3000 E23.6819
G1 F900 Z0.500
G0 F4200 X98.980 Y119.684
G1 F900 Z0.200
G1 F1500 E28.6819
G1 F900 X101.242 Y121.946 E28.8415
G1 F3000 E23.8415
G1 F900 Z0.500
G0 F4200 X101.920 Y121.946
G1 F900 Z0.200
G1 F1500 E28.8415
G1 F900 X98.980 Y119.006 E29.0489
G1 F3000 E24.0489
G1 F900 Z0.500
G0 F4200 X98.981 Y118.327
G1 F900 Z0.200
G1 F1500 E29.0489
G1 F900 X102.599 Y121.946 E29.3042
G1 F3000 E24.3042
G1 F900 Z0.500
G0 F4200 X103.272 Y121.939
G1 F900 Z0.200
G1 F1500 E29.3042
G1 F900 X98.987 Y117.654 E29.6066
G1 F3000 E24.6066
G1 F900 Z0.500
G0 F4200 X99.667 Y117.656
G1 F900 Z0.200
G1 F1500 E29.6066
G1 F900 X103.272 Y121.261 E29.8609
G1 F3000 E24.8609
G1 F900 Z0.500
G0 F4200 X103.272 Y120.582
G1 F900 Z0.200
G1 F1500 E29.8609
G1 F900 X100.347 Y117.657 E30.0673
G1 F3000 E25.0673
G1 F900 Z0.500
G0 F4200 X101.027 Y117.659
G1 F900 Z0.200
G1 F1500 E30.0673
G1 F900 X103.272 Y119.903 E30.2257
G1 F3000 E25.2257
G1 F900 Z0.500
G0 F4200 X103.272 Y119.224
G1 F900 Z0.200
G1 F1500 E30.2257
G1 F900 X101.708 Y117.660 E30.3360
G1 F3000 E25.3360
G1 F900 Z0.500
G0 F4200 X102.388 Y117.661
G1 F900 Z0.200
G1 F1500 E30.3360
G1 F900 X103.272 Y118.545 E30.3984
G1 F3000 E25.3984
G1 F900 Z0.500
G0 F4200 X103.272 Y117.866
G1 F900 Z0.200
G1 F1500 E30.3984
G1 F900 X103.068 Y117.663 E30.4127
G1 F3000 E25.4127
G1 F900 Z0.500
G0 F4200 X105.258 Y115.668
;TYPE:WALL-INNER
;WIDTH:0.480
G1 F900 Z0.200
G1 F1500 E30.4127
G1 F900 X105.261 Y111.183 E30.6365
G1 X109.743 Y111.194 E30.8601
G1 X109.743 Y115.668 E31.0833
G1 X105.758 Y115.668 E31.2821
G0 F900 X105.258 Y115.668
G1 F3000 E26.2821
G0 F4200 X104.928 Y115.997
;TYPE:WALL-OUTER
;WIDTH:0.480
G1 F900 Z0.200
G1 F1500 E31.2821
G1 F900 X104.818 Y115.833 E31.2920
G1 X104.778 Y115.627 E31.3024
G1 X104.781 Y111.189 E31.5239
G1 X104.818 Y111.018 E31.5326
G1 X104.928 Y110.853 E31.5425
G1 X105.093 Y110.743 E31.5524
G1 X105.299 Y110.703 E31.5628
G1 X109.812 Y110.714 E31.7880
G1 X109.995 Y110.790 E31.7979
G1 X110.135 Y110.929 E31.8077
G1 X110.212 Y111.114 E31.8177
G1 X110.223 Y111.225 E31.8233
G1 X110.223 Y115.626 E32.0429
G1 X110.182 Y115.833 E32.0534
G1 X110.072 Y115.997 E32.0632
G1 X109.908 Y116.107 E32.0731
G1 X109.701 Y116.148 E32.0836
G1 X105.391 Y116.148 E32.2986
G0 F900 X105.300 Y116.148
G0 F900 X105.093 Y116.107
G0 F900 X104.928 Y115.997
G1 F3000 E27.2986
G0 F4200 X105.353 Y115.196
;TYPE:SOLID-FILL
;WIDTH:0.480
G1 F900 Z0.200
G1 F1500 E32.2986
G1 F900 X105.728 Y115.570 E32.3251
G1 F3000 E27.3251
G1 F900 Z0.500
G0 F4200 X106.406 Y115.570
G1 F900 Z0.200
G1 F1500 E32.3251
G1 F900 X105.353 Y114.518 E32.3993
G1 F3000 E27.3993
G1 F900 Z0.500
G0 F4200 X105.354 Y113.839
G1 F900 Z0.200
G1 F1500 E32.3993
G1 F900 X107.085 Y115.570 E32.5215
G1 F3000 E27.5215
G1 F900 Z0.500
G0 F4200 X107.764 Y115.570
G1 F900 Z0.200
G1 F1500 E32.5215
G1 F900 X105.355 Y113.161 E32.6914
G1 F3000 E27.6914
G1 F900 Z0.500
G0 F4200 X105.355 Y112.483
G1 F900 Z0.200
G1 F1500 E32.6914
G1 F900 X108.443 Y115.570 E32.9093
G1 F3000 E27.9093
G1 F900 Z0.500
G0 F4200 X109.122 Y115.570
G1 F900 Z0.200
G1 F1500 E32.9093
G1 F900 X105.356 Y111.804 E33.1750
G0 F4200 X105.510 Y111.280
G1 F900 X109.646 Y115.416 E33.4668
G1 F3000 E28.4668
G1 F900 Z0.500
G0 F4200 X109.646 Y114.737
G1 F900 Z0.200
G1 F1500 E33.4668
G1 F900 X106.190 Y111.281 E33.7106
G1 F3000 E28.7106
G1 F900 Z0.500
G0 F4200 X106.870 Y111.283
G1 F900 Z0.200
G1 F1500 E33.7106
G1 F900 X109.646 Y114.059 E33.9065
G1 F3000 E28.9065
G1 F900 Z0.500
G0 F4200 X109.646 Y113.380
G1 F900 Z0.200
G1 F1500 E33.9065
G1 F900 X107.550 Y111.284 E34.0544
G1 F3000 E29.0544
G1 F900 Z0.500
G0 F4200 X108.231 Y111.285
G1 F900 Z0.200
G1 F1500 E34.0544
G1 F900 X109.646 Y112.701 E34.1542
G1 F3000 E29.1542
G1 F900 Z0.500
G0 F4200 X109.646 Y112.022
G1 F900 Z0.200
G1 F1500 E34.1542
G1 F900 X108.911 Y111.287 E34.2061
G1 F3000 E29.2061
G1 F900 Z0.500
G0 F4200 X96.993 Y109.293
;TYPE:WALL-INNER
;WIDTH:0.480
G1 F900 Z0.200
G1 F1500 E34.2061
G1 F900 X92.508 Y109.293 E34.4299
G1 X92.508 Y104.808 E34.6536
G1 X96.993 Y104.819 E34.8774
G1 X96.993 Y108.793 E35.0756
G0 F900 X96.993 Y109.293
G1 F3000 E30.0756
G0 F4200 X97.322 Y109.622
;TYPE:WALL-OUTER
;WIDTH:0.480
G1 F900 Z0.200
G1 F1500 E35.0756
G1 F900 X97.158 Y109.732 E35.0855
G1 X96.951 Y109.773 E35.0960
G1 X92.550 Y109.773 E35.3156
G1 X92.343 Y109.732 E35.3261
G1 X92.178 Y109.622 E35.3360
G1 X92.068 Y109.458 E35.3459
G1 X92.028 Y109.252 E35.3563
G1 X92.028 Y104.849 E35.5760
G1 X92.068 Y104.643 E35.5865
G1 X92.178 Y104.478 E35.5964
G1 X92.343 Y104.368 E35.6063
G1 X92.549 Y104.328 E35.6167
G1 X97.062 Y104.339 E35.8419
G1 X97.245 Y104.415 E35.8518
G1 X97.385 Y104.554 E35.8616
G1 X97.462 Y104.739 E35.8716
G1 X97.473 Y104.850 E35.8772
G1 X97.473 Y109.159 E36.0921
G0 F900 X97.473 Y109.251
G0 F900 X97.432 Y109.458
G0 F900 X97.322 Y109.622
G1 F3000 E31.0921
G0 F4200 X93.244 Y109.196
;TYPE:SOLID-FILL
;WIDTH:0.480
G1 F900 Z0.200
G1 F1500 E36.0921
G1 F900 X92.603 Y108.555 E36.1374
G1 F3000 E31.1374
G1 F900 Z0.500
G0 F4200 X92.603 Y107.876
G1 F900 Z0.200
G1 F1500 E36.1374
G1 F900 X93.922 Y109.196 E36.2305
G1 F3000 E31.2305
G1 F900 Z0.500
G0 F4200 X94.601 Y109.196
G1 F900 Z0.200
G1 F1500 E36.2305
G1 F900 X92.603 Y107.198 E36.3714
G1 F3000 E31.3714
G1 F900 Z0.500
G0 F4200 X92.603 Y106.519
G1 F900 Z0.200
G1 F1500 E36.3714
G1 F900 X95.280 Y109.196 E36.5603
G1 F3000 E31.5603
G1 F900 Z0.500
G0 F4200 X95.959 Y109.196
G1 F900 Z0.200
G1 F1500 E36.5603
G1 F900 X92.603 Y105.840 E36.7971
G1 F3000 E31.7971
G1 F900 Z0.500
G0 F4200 X92.603 Y105.161
G1 F900 Z0.200
G1 F1500 E36.7971
G1 F900 X96.638 Y109.196 E37.0818
G0 F4200 X96.896 Y108.776
G1 F900 X93.026 Y104.905 E37.3549
G1 F3000 E32.3549
G1 F900 Z0.500
G0 F4200 X93.706 Y104.907
G1 F900 Z0.200
G1 F1500 E37.3549
G1 F900 X96.896 Y108.097 E37.5799
G1 F3000 E32.5799
G1 F900 Z0.500
G0 F4200 X96.896 Y107.418
G1 F900 Z0.200
G1 F1500 E37.5799
G1 F900 X94.386 Y104.907 E37.7571
G1 F3000 E32.7571
G1 F900 Z0.500
G0 F4200 X95.066 Y104.909
G1 F900 Z0.200
G1 F1500 E37.7571
G1 F900 X96.896 Y106.739 E37.8862
G1 F3000 E32.8862
G1 F900 Z0.500
G0 F4200 X96.896 Y106.061
G1 F900 Z0.200
G1 F1500 E37.8862
G1 F900 X95.746 Y104.910 E37.9674
G1 F3000 E32.9674
G1 F900 Z0.500
G0 F4200 X96.426 Y104.912
G1 F900 Z0.200
G1 F1500 E37.9674
G1 F900 X96.896 Y105.382 E38.0005
G1 F3000 E33.0005
G1 F900 Z0.500
G0 F4200 X96.993 Y130.319
;TYPE:WALL-INNER
;WIDTH:0.480
G1 F900 Z0.200
G1 F1500 E38.0005
G1 F900 X96.993 Y134.793 E38.2237
G1 X92.508 Y134.793 E38.4475
G1 X92.511 Y130.308 E38.6713
G1 X96.493 Y130.318 E38.8699
G0 F900 X96.993 Y130.319
G1 F3000 E33.8699
G0 F4200 X97.385 Y130.054
;TYPE:WALL-OUTER
;WIDTH:0.480
G1 F900 Z0.200
G1 F1500 E38.8699
G1 F900 X97.462 Y130.239 E38.8799
G1 X97.473 Y130.350 E38.8855
G1 X97.473 Y134.751 E39.1050
G1 X97.432 Y134.958 E39.1156
G1 X97.322 Y135.122 E39.1254
G1 X97.158 Y135.232 E39.1353
G1 X96.951 Y135.273 E39.1458
G1 X92.550 Y135.273 E39.3654
G1 X92.343 Y135.232 E39.3759
G1 X92.178 Y135.122 E39.3858
G1 X92.068 Y134.958 E39.3956
G1 X92.028 Y134.752 E39.4061
G1 X92.031 Y130.314 E39.6275
G1 X92.068 Y130.143 E39.6363
G1 X92.178 Y129.978 E39.6461
G1 X92.343 Y129.868 E39.6560
G1 X92.549 Y129.828 E39.6665
G1 X96.957 Y129.839 E39.8864
G0 F900 X97.062 Y129.839
G0 F900 X97.245 Y129.915
G0 F900 X97.385 Y130.054
G1 F3000 E34.8864
G0 F4200 X96.896 Y130.498
;TYPE:SOLID-FILL
;WIDTH:0.480
G1 F900 Z0.200
G1 F1500 E39.8864
G1 F900 X96.812 Y130.413 E39.8924
G0 F4200 X96.131 Y130.412
G1 F900 X96.896 Y131.177 E39.9464
G1 F3000 E34.9464
G1 F900 Z0.500
G0 F4200 X96.896 Y131.856
G1 F900 Z0.200
G1 F1500 E39.9464
G1 F900 X95.451 Y130.410 E40.0484
G1 F3000 E35.0484
G1 F900 Z0.500
G0 F4200 X94.771 Y130.409
G1 F900 Z0.200
G1 F1500 E40.0484
G1 F900 X96.896 Y132.535 E40.1983
G1 F3000 E35.1983
G1 F900 Z0.500
G0 F4200 X96.896 Y133.213
G1 F900 Z0.200
G1 F1500 E40.1983
G1 F900 X94.091 Y130.408 E40.3962
G1 F3000 E35.3962
G1 F900 Z0.500
G0 F4200 X93.410 Y130.406
G1 F900 Z0.200
G1 F1500 E40.3962
G1 F900 X96.896 Y133.892 E40.6422
G1 F3000 E35.6422
G1 F900 Z0.500
G0 F4200 X96.896 Y134.571
G1 F900 Z0.200
G1 F1500 E40.6422
G1 F900 X92.730 Y130.405 E40.9361
G0 F4200 X92.606 Y130.959
G1 F900 X96.342 Y134.696 E41.1997
G1 F3000 E36.1997
G1 F900 Z0.500
G0 F4200 X95.663 Y134.696
G1 F900 Z0.200
G1 F1500 E41.1997
G1 F900 X92.605 Y131.637 E41.4155
G1 F3000 E36.4155
G1 F900 Z0.500
G0 F4200 X92.605 Y132.316
G1 F900 Z0.200
G1 F1500 E41.4155
G1 F900 X94.984 Y134.696 E41.5834
G1 F3000 E36.5834
G1 F900 Z0.500
G0 F4200 X94.306 Y134.696
G1 F900 Z0.200
G1 F1500 E41.5834
G1 F900 X92.604 Y132.994 E41.7035
G1 F3000 E36.7035
G1 F900 Z0.500
G0 F4200 X92.604 Y133.672
G1 F900 Z0.200
G1 F1500 E41.7035
G1 F900 X93.627 Y134.696 E41.7757
G1 F3000 E36.7757
G1 F900 Z0.500
G0 F4200 X92.948 Y134.696
G1 F900 Z0.200
G1 F1500 E41.7757
G1 F900 X92.604 Y134.351 E41.8000
G1 F3000 E36.8000
G1 F900 Z0.500
G0 F4200 X98.886 Y136.683
;TYPE:WALL-INNER
;WIDTH:0.480
G1 F900 Z0.200
G1 F1500 E41.8000
G1 F900 X103.368 Y136.694 E42.0236
G1 X103.368 Y141.168 E42.2468
G1 X98.883 Y141.168 E42.4706
G1 X98.886 Y137.183 E42.6694
G0 F900 X98.886 Y136.683
G1 F3000 E37.6694
G0 F4200 X98.553 Y136.353
;TYPE:WALL-OUTER
;WIDTH:0.480
G1 F900 Z0.200
G1 F1500 E42.6694
G1 F900 X98.718 Y136.243 E42.6793
G1 X98.924 Y136.203 E42.6898
G1 X103.437 Y136.214 E42.9149
G1 X103.620 Y136.290 E42.9248
G1 X103.760 Y136.429 E42.9347
G1 X103.837 Y136.614 E42.9447
G1 X103.848 Y136.725 E42.9502
G1 X103.848 Y141.126 E43.1698
G1 X103.807 Y141.333 E43.1803
G1 X103.697 Y141.497 E43.1902
G1 X103.533 Y141.607 E43.2000
G1 X103.326 Y141.648 E43.2106
G1 X98.925 Y141.648 E43.4301
G1 X98.718 Y141.607 E43.4406
G1 X98.553 Y141.497 E43.4505
G1 X98.443 Y141.333 E43.4604
G1 X98.403 Y141.127 E43.4709
G1 X98.406 Y136.817 E43.6859
G0 F900 X98.406 Y136.689
G0 F900 X98.443 Y136.518
G0 F900 X98.553 Y136.353
G1 F3000 E38.6859
G0 F4200 X98.978 Y140.726
;TYPE:SOLID-FILL
;WIDTH:0.480
G1 F900 Z0.200
G1 F1500 E43.6859
G1 F900 X99.323 Y141.071 E43.7102
G1 F3000 E38.7102
G1 F900 Z0.500
G0 F4200 X100.002 Y141.071
G1 F900 Z0.200
G1 F1500 E43.7102
G1 F900 X98.978 Y140.047 E43.7825
G1 F3000 E38.7825
G1 F900 Z0.500
G0 F4200 X98.979 Y139.369
G1 F900 Z0.200
G1 F1500 E43.7825
G1 F900 X100.681 Y141.071 E43.9026
G1 F3000 E38.9026
G1 F900 Z0.500
G0 F4200 X101.360 Y141.071
G1 F900 Z0.200
G1 F1500 E43.9026
G1 F900 X98.980 Y138.691 E44.0705
G1 F3000 E39.0705
G1 F900 Z0.500
G0 F4200 X98.980 Y138.012
G1 F900 Z0.200
G1 F1500 E44.0705
G1 F900 X102.039 Y141.071 E44.2863
G1 F3000 E39.2863
G1 F900 Z0.500
G0 F4200 X102.717 Y141.071
G1 F900 Z0.200
G1 F1500 E44.2863
G1 F900 X98.980 Y137.334 E44.5500
G0 F4200 X99.105 Y136.779
G1 F900 X103.272 Y140.946 E44.8440
G1 F3000 E39.8440
G1 F900 Z0.500
G0 F4200 X103.272 Y140.268
G1 F900 Z0.200
G1 F1500 E44.8440
G1 F900 X99.785 Y136.781 E45.0900
G1 F3000 E40.0900
G1 F900 Z0.500
G0 F4200 X100.465 Y136.782
G1 F900 Z0.200
G1 F1500 E45.0900
G1 F900 X103.272 Y139.589 E45.2881
G1 F3000 E40.2881
G1 F900 Z0.500
G0 F4200 X103.272 Y138.910
G1 F900 Z0.200
G1 F1500 E45.2881
G1 F900 X101.145 Y136.784 E45.4381
G1 F3000 E40.4381
G1 F900 Z0.500
G0 F4200 X101.826 Y136.785
G1 F900 Z0.200
G1 F1500 E45.4381
G1 F900 X103.272 Y138.231 E45.5401
G1 F3000 E40.5401
G1 F900 Z0.500
G0 F4200 X103.272 Y137.552
G1 F900 Z0.200
G1 F1500 E45.5401
G1 F900 X102.506 Y136.786 E45.5942
G1 F3000 E40.5942
G1 F900 Z0.500
G0 F4200 X103.186 Y136.788
G1 F900 Z0.200
G1 F1500 E45.5942
G1 F900 X103.272 Y136.873 E45.6002
G1 F3000 E40.6002
G1 F900 Z0.500
G0 F4200 X105.261 Y136.683
;TYPE:WALL-INNER
;WIDTH:0.480
G1 F900 Z0.200
G1 F1500 E45.6002
G1 F900 X109.743 Y136.694 E45.8238
G1 X109.743 Y141.168 E46.0470
G1 X105.258 Y141.168 E46.2708
G1 X105.261 Y137.183 E46.4696
G0 F900 X105.261 Y136.683
G1 F3000 E41.4696
G0 F4200 X104.928 Y136.353
;TYPE:WALL-OUTER
;WIDTH:0.480
G1 F900 Z0.200
G1 F1500 E46.4696
G1 F900 X105.093 Y136.243 E46.4795
G1 X105.299 Y136.203 E46.4900
G1 X109.812 Y136.214 E46.7151
G1 X109.995 Y136.290 E46.7250
G1 X110.135 Y136.429 E46.7348
G1 X110.212 Y136.614 E46.7448
G1 X110.223 Y136.725 E46.7504
G1 X110.223 Y141.126 E46.9700
G1 X110.182 Y141.333 E46.9805
G1 X110.072 Y141.497 E46.9903
G1 X109.908 Y141.607 E47.0002
G1 X109.701 Y141.648 E47.0107
G1 X105.300 Y141.648 E47.2303
G1 X105.093 Y141.607 E47.2408
G1 X104.928 Y141.497 E47.2507
G1 X104.818 Y141.333 E47.2606
G1 X104.778 Y141.127 E47.2710
G1 X104.781 Y136.817 E47.4861
G0 F900 X104.781 Y136.689
G0 F900 X104.818 Y136.518
G0 F900 X104.928 Y136.353
G1 F3000 E42.4861
G0 F4200 X109.295 Y136.787
;TYPE:SOLID-FILL
;WIDTH:0.480
G1 F900 Z0.200
G1 F1500 E47.4861
G1 F900 X109.647 Y137.139 E47.5109
G1 F3000 E42.5109
G1 F900 Z0.500
G0 F4200 X109.647 Y137.818
G1 F900 Z0.200
G1 F1500 E47.5109
G1 F900 X108.615 Y136.786 E47.5837
G1 F3000 E42.5837
G1 F900 Z0.500
G0 F4200 X107.934 Y136.784
G1 F900 Z0.200
G1 F1500 E47.5837
G1 F900 X109.647 Y138.497 E47.7046
G1 F3000 E42.7046
G1 F900 Z0.500
G0 F4200 X109.647 Y139.176
G1 F900 Z0.200
G1 F1500 E47.7046
G1 F900 X107.254 Y136.783 E47.8734
G1 F3000 E42.8734
G1 F900 Z0.500
G0 F4200 X106.574 Y136.782
G1 F900 Z0.200
G1 F1500 E47.8734
G1 F900 X109.647 Y139.855 E48.0902
G1 F3000 E43.0902
G1 F900 Z0.500
G0 F4200 X109.647 Y140.533
G1 F900 Z0.200
G1 F1500 E48.0902
G1 F900 X105.894 Y136.780 E48.3550
G0 F4200 X105.356 Y136.921
G1 F900 X109.506 Y141.071 E48.6478
G1 F3000 E43.6478
G1 F900 Z0.500
G0 F4200 X108.827 Y141.071
G1 F900 Z0.200
G1 F1500 E48.6478
G1 F900 X105.356 Y137.600 E48.8927
G1 F3000 E43.8927
G1 F900 Z0.500
G0 F4200 X105.355 Y138.278
G1 F900 Z0.200
G1 F1500 E48.8927
G1 F900 X108.148 Y141.071 E49.0898
G1 F3000 E44.0898
G1 F900 Z0.500
G0 F4200 X107.469 Y141.071
G1 F900 Z0.200
G1 F1500 E49.0898
G1 F900 X105.354 Y138.956 E49.2390
G1 F3000 E44.2390
G1 F900 Z0.500
G0 F4200 X105.354 Y139.635
G1 F900 Z0.200
G1 F1500 E49.2390
G1 F900 X106.790 Y141.071 E49.3403
G1 F3000 E44.3403
G1 F900 Z0.500
G0 F4200 X106.111 Y141.071
G1 F900 Z0.200
G1 F1500 E49.3403
G1 F900 X105.353 Y140.313 E49.3938
G1 F3000 E44.3938
G1 F900 Z0.500
G0 F4200 X105.353 Y140.992
G1 F900 Z0.200
G1 F1500 E49.3938
G1 F900 X105.433 Y141.071 E49.3994
G1 F3000 E44.3994
G1 F900 Z0.500
G0 F4200 X111.636 Y136.683
;TYPE:WALL-INNER
;WIDTH:0.480
G1 F900 Z0.200
G1 F1500 E49.3994
G1 F900 X116.118 Y136.694 E49.6230
G1 X116.118 Y141.168 E49.8462
G1 X111.633 Y141.168 E50.0700
G1 X111.636 Y137.183 E50.2688
G0 F900 X111.636 Y136.683
G1 F3000 E45.2688
G0 F4200 X111.303 Y136.353
;TYPE:WALL-OUTER
;WIDTH:0.480
G1 F900 Z0.200
G1 F1500 E50.2688
G1 F900 X111.468 Y136.243 E50.2787
G1 X111.674 Y136.203 E50.2892
G1 X116.187 Y136.214 E50.5143
G1 X116.370 Y136.290 E50.5242
G1 X116.510 Y136.429 E50.5341
G1 X116.587 Y136.614 E50.5440
G1 X116.598 Y136.725 E50.5496
G1 X116.598 Y141.126 E50.7692
G1 X116.557 Y141.333 E50.7797
G1 X116.447 Y141.497 E50.7896
G1 X116.283 Y141.607 E50.7994
G1 X116.076 Y141.648 E50.8099
G1 X111.675 Y141.648 E51.0295
G1 X111.468 Y141.607 E51.0400
G1 X111.303 Y141.497 E51.0499
G1 X111.193 Y141.333 E51.0598
G1 X111.153 Y141.127 E51.0702
G1 X111.156 Y136.817 E51.2853
G0 F900 X111.156 Y136.689
G0 F900 X111.193 Y136.518
G0 F900 X111.303 Y136.353
G1 F3000 E46.2853
G0 F4200 X115.404 Y136.787
;TYPE:SOLID-FILL
;WIDTH:0.480
G1 F900 Z0.200
G1 F1500 E51.2853
G1 F900 X116.022 Y137.404 E51.3288
G1 F3000 E46.3288
G1 F900 Z0.500
G0 F4200 X116.022 Y138.083
G1 F900 Z0.200
G1 F1500 E51.3288
G1 F900 X114.724 Y136.786 E51.4204
G1 F3000 E46.4204
G1 F900 Z0.500
G0 F4200 X114.044 Y136.784
G1 F900 Z0.200
G1 F1500 E51.4204
G1 F900 X116.022 Y138.762 E51.5599
G1 F3000 E46.5599
G1 F900 Z0.500
G0 F4200 X116.022 Y139.441
G1 F900 Z0.200
G1 F1500 E51.5599
G1 F900 X113.363 Y136.782 E51.7476
G1 F3000 E46.7476
G1 F900 Z0.500
G0 F4200 X112.683 Y136.781
G1 F900 Z0.200
G1 F1500 E51.7476
G1 F900 X116.022 Y140.120 E51.9831
G1 F3000 E46.9831
G1 F900 Z0.500
G0 F4200 X116.022 Y140.799
G1 F900 Z0.200
G1 F1500 E51.9831
G1 F900 X112.002 Y136.779 E52.2668
G0 F4200 X111.731 Y137.187
G1 F900 X115.615 Y141.071 E52.5408
G1 F3000 E47.5408
G1 F900 Z0.500
G0 F4200 X114.936 Y141.071
G1 F900 Z0.200
G1 F1500 E52.5408
G1 F900 X111.730 Y137.865 E52.7670
G1 F3000 E47.7670
G1 F900 Z0.500
G0 F4200 X111.730 Y138.544
G1 F900 Z0.200
G1 F1500 E52.7670
G1 F900 X114.257 Y141.071 E52.9453
G1 F3000 E47.9453
G1 F900 Z0.500
G0 F4200 X113.579 Y141.071
G1 F900 Z0.200
G1 F1500 E52.9453
G1 F900 X111.729 Y139.222 E53.0758
G1 F3000 E48.0758
G1 F900 Z0.500
G0 F4200 X111.729 Y139.901
G1 F900 Z0.200
G1 F1500 E53.0758
G1 F900 X112.900 Y141.071 E53.1584
G1 F3000 E48.1584
G1 F900 Z0.500
G0 F4200 X112.221 Y141.071
G1 F900 Z0.200
G1 F1500 E53.1584
G1 F900 X111.729 Y140.579 E53.1931
G1 F3000 E48.1931
G1 F900 Z0.500
G0 F4200 X118.011 Y130.308
;TYPE:WALL-INNER
;WIDTH:0.480
G1 F900 Z0.200
G1 F1500 E53.1931
G1 F900 X122.493 Y130.319 E53.4167
G1 X122.493 Y134.793 E53.6399
G1 X118.008 Y134.793 E53.8637
G1 X118.011 Y130.808 E54.0625
G0 F900 X118.011 Y130.308
G1 F3000 E49.0625
G0 F4200 X117.678 Y129.978
;TYPE:WALL-OUTER
;WIDTH:0.480
G1 F900 Z0.200
G1 F1500 E54.0625
G1 F900 X117.842 Y129.868 E54.0723
G1 X118.049 Y129.828 E54.0829
G1 X122.562 Y129.839 E54.3080
G1 X122.745 Y129.915 E54.3179
G1 X122.885 Y130.054 E54.3277
G1 X122.962 Y130.239 E54.3377
G1 X122.973 Y130.350 E54.3433
G1 X122.973 Y134.751 E54.5629
G1 X122.932 Y134.958 E54.5734
G1 X122.822 Y135.122 E54.5832
G1 X122.658 Y135.232 E54.5931
G1 X122.451 Y135.273 E54.6036
G1 X118.050 Y135.273 E54.8232
G1 X117.842 Y135.232 E54.8338
G1 X117.678 Y135.122 E54.8436
G1 X117.568 Y134.958 E54.8535
G1 X117.528 Y134.752 E54.8639
G1 X117.531 Y130.442 E55.0790
G0 F900 X117.531 Y130.314
G0 F900 X117.568 Y130.143
G0 F900 X117.678 Y129.978
G1 F3000 E50.0790
G0 F4200 X118.103 Y134.056
;TYPE:SOLID-FILL
;WIDTH:0.480
G1 F900 Z0.200
G1 F1500 E55.0790
G1 F900 X118.743 Y134.696 E55.1241
G1 F3000 E50.1241
G1 F900 Z0.500
G0 F4200 X119.422 Y134.696
G1 F900 Z0.200
G1 F1500 E55.1241
G1 F900 X118.104 Y133.378 E55.2171
G1 F3000 E50.2171
G1 F900 Z0.500
G0 F4200 X118.105 Y132.699
G1 F900 Z0.200
G1 F1500 E55.2171
G1 F900 X120.101 Y134.696 E55.3580
G1 F3000 E50.3580
G1 F900 Z0.500
G0 F4200 X120.780 Y134.696
G1 F900 Z0.200
G1 F1500 E55.3580
G1 F900 X118.105 Y132.021 E55.5467
G1 F3000 E50.5467
G1 F900 Z0.500
G0 F4200 X118.105 Y131.342
G1 F900 Z0.200
G1 F1500 E55.5467
G1 F900 X121.459 Y134.696 E55.7834
G1 F3000 E50.7834
G1 F900 Z0.500
G0 F4200 X122.137 Y134.696
G1 F900 Z0.200
G1 F1500 E55.7834
G1 F900 X118.106 Y130.664 E56.0678
G0 F4200 X118.525 Y130.405
G1 F900 X122.397 Y134.276 E56.3410
G1 F3000 E51.3410
G1 F900 Z0.500
G0 F4200 X122.397 Y133.597
G1 F900 Z0.200
G1 F1500 E56.3410
G1 F900 X119.206 Y130.406 E56.5661
G1 F3000 E51.5661
G1 F900 Z0.500
G0 F4200 X119.886 Y130.408
G1 F900 Z0.200
G1 F1500 E56.5661
G1 F900 X122.397 Y132.919 E56.7433
G1 F3000 E51.7433
G1 F900 Z0.500
G0 F4200 X122.397 Y132.240
G1 F900 Z0.200
G1 F1500 E56.7433
G1 F900 X120.566 Y130.409 E56.8725
G1 F3000 E51.8725
G1 F900 Z0.500
G0 F4200 X121.246 Y130.410
G1 F900 Z0.200
G1 F1500 E56.8725
G1 F900 X122.397 Y131.561 E56.9537
G1 F3000 E51.9537
G1 F900 Z0.500
G0 F4200 X122.397 Y130.882
G1 F900 Z0.200
G1 F1500 E56.9537
G1 F900 X121.927 Y130.412 E56.9868
;LAYER:1
;Z:0.400
;HEIGHT:0.200
M106 S255
G4 P500
M106 S128
G1 F3000 E51.9868
G0 F900 Z0.400
G0 F4200 X117.909 Y130.279
;TYPE:WALL-INNER
;WIDTH:0.400
G1 F900 Z0.400
G1 F1500 E56.9868
G1 F1650 X117.936 Y130.237 E56.9885
G1 X117.971 Y130.205 E56.9901
G1 X118.066 Y130.188 E56.9933
G1 X122.490 Y130.199 E57.1404
G1 X122.580 Y130.258 E57.1440
G1 X122.613 Y130.368 E57.1478
G1 X122.613 Y134.713 E57.2923
G1 X122.592 Y134.817 E57.2959
G1 X122.562 Y134.862 E57.2977
G1 X122.517 Y134.892 E57.2995
G1 X122.413 Y134.913 E57.3030
G1 X118.087 Y134.913 E57.4469
G1 X117.982 Y134.892 E57.4504
G1 X117.938 Y134.862 E57.4522
G1 X117.894 Y134.796 E57.4548
G1 X117.888 Y134.734 E57.4569
G1 X117.888 Y130.777 E57.5885
G0 F1650 X117.888 Y130.387
G0 F1650 X117.909 Y130.279
G1 F3000 E52.5885
G0 F4200 X117.531 Y130.128
;TYPE:WALL-OUTER
;WIDTH:0.400
G1 F900 Z0.400
G1 F1500 E57.5885
G1 F1350 X117.628 Y129.975 E57.5945
G1 X117.736 Y129.879 E57.5993
G1 X117.827 Y129.831 E57.6028
G1 X117.930 Y129.799 E57.6064
G1 X118.048 Y129.788 E57.6103
G1 X122.570 Y129.799 E57.7607
G1 X122.768 Y129.881 E57.7678
G1 X122.919 Y130.032 E57.7749
G1 X123.001 Y130.231 E57.7821
G1 X123.013 Y130.348 E57.7860
G1 X123.013 Y134.753 E57.9325
G1 X122.969 Y134.973 E57.9400
G1 X122.851 Y135.151 E57.9471
G1 X122.673 Y135.269 E57.9542
G1 X122.453 Y135.313 E57.9616
G1 X118.048 Y135.313 E58.1082
G1 X117.827 Y135.269 E58.1157
G1 X117.649 Y135.151 E58.1228
G1 X117.531 Y134.973 E58.1299
G1 X117.499 Y134.870 E58.1334
G1 X117.488 Y134.753 E58.1374
G1 X117.488 Y130.624 E58.2747
G0 F1350 X117.488 Y130.348
G0 F1350 X117.531 Y130.128
G1 F3000 E53.2747
G0 F4200 X118.011 Y130.607
;TYPE:SOLID-FILL
;WIDTH:0.400
G1 F900 Z0.400
G1 F1500 E58.2747
G1 F1350 X118.310 Y130.308 E58.2883
G0 F4200 X118.875 Y130.309
G1 F1350 X118.011 Y131.173 E58.3277
G0 F4200 X118.010 Y131.739
G1 F1350 X119.439 Y130.310 E58.3929
G0 F4200 X120.003 Y130.312
G1 F1350 X118.010 Y132.305 E58.4839
G0 F4200 X118.009 Y132.871
G1 F1350 X120.568 Y130.313 E58.6006
G0 F4200 X121.132 Y130.314
G1 F1350 X118.009 Y133.437 E58.7431
G0 F4200 X118.009 Y134.003
G1 F1350 X121.696 Y130.316 E58.9113
G0 F4200 X122.260 Y130.317
G1 F1350 X118.009 Y134.569 E59.1053
G0 F4200 X118.351 Y134.792
G1 F1350 X122.492 Y130.651 E59.2942
G0 F4200 X122.492 Y131.217
G1 F1350 X118.917 Y134.792 E59.4574
G0 F4200 X119.483 Y134.792
G1 F1350 X122.492 Y131.782 E59.5947
G0 F4200 X122.492 Y132.348
G1 F1350 X120.049 Y134.792 E59.7061
G0 F4200 X120.614 Y134.792
G1 F1350 X122.492 Y132.914 E59.7918
G0 F4200 X122.492 Y133.479
G1 F1350 X121.180 Y134.792 E59.8517
G0 F4200 X121.746 Y134.792
G1 F1350 X122.492 Y134.045 E59.8858
G0 F4200 X122.492 Y134.611
G1 F1350 X122.311 Y134.792 E59.8940
G1 F3000 E54.8940
G1 F900 Z0.700
G0 F4200 X111.597 Y136.580
;TYPE:WALL-INNER
;WIDTH:0.400
G1 F900 Z0.400
G1 F1500 E59.8940
G1 F1650 X111.691 Y136.563 E59.8972
G1 X116.115 Y136.574 E60.0444
G1 X116.205 Y136.633 E60.0479
G1 X116.238 Y136.743 E60.0518
G1 X116.238 Y141.088 E60.1963
G1 X116.217 Y141.192 E60.1998
G1 X116.187 Y141.237 E60.2016
G1 X116.142 Y141.267 E60.2034
G1 X116.038 Y141.288 E60.2069
G1 X111.713 Y141.288 E60.3508
G1 X111.608 Y141.267 E60.3543
G1 X111.562 Y141.237 E60.3562
G1 X111.519 Y141.171 E60.3588
G1 X111.513 Y141.109 E60.3609
G1 X111.513 Y137.057 E60.4956
G0 F1650 X111.513 Y136.762
G0 F1650 X111.560 Y136.613
G0 F1650 X111.597 Y136.580
G1 F3000 E55.4956
G0 F4200 X111.453 Y136.206
;TYPE:WALL-OUTER
;WIDTH:0.400
G1 F900 Z0.400
G1 F1500 E60.4956
G1 F1350 X111.555 Y136.174 E60.4992
G1 X111.673 Y136.163 E60.5031
G1 X116.195 Y136.174 E60.6535
G1 X116.393 Y136.256 E60.6607
G1 X116.544 Y136.407 E60.6678
G1 X116.626 Y136.606 E60.6749
G1 X116.638 Y136.723 E60.6788
G1 X116.638 Y141.128 E60.8253
G1 X116.594 Y141.348 E60.8328
G1 X116.476 Y141.526 E60.8399
G1 X116.298 Y141.644 E60.8470
G1 X116.078 Y141.688 E60.8545
G1 X111.673 Y141.688 E61.0010
G1 X111.453 Y141.644 E61.0084
G1 X111.274 Y141.526 E61.0156
G1 X111.156 Y141.348 E61.0227
G1 X111.124 Y141.245 E61.0263
G1 X111.113 Y141.128 E61.0302
G1 X111.113 Y136.723 E61.1767
G1 X111.143 Y136.573 E61.1818
G0 F1350 X111.156 Y136.503
G0 F1350 X111.253 Y136.350
G0 F1350 X111.361 Y136.255
G0 F1350 X111.453 Y136.206
G1 F3000 E56.1818
G0 F4200 X111.935 Y136.683
;TYPE:SOLID-FILL
;WIDTH:0.400
G1 F900 Z0.400
G1 F1500 E61.1818
G1 F1350 X111.636 Y136.982 E61.1954
G0 F4200 X111.636 Y137.547
G1 F1350 X112.499 Y136.684 E61.2348
G0 F4200 X113.064 Y136.685
G1 F1350 X111.635 Y138.114 E61.3000
G0 F4200 X111.635 Y138.680
G1 F1350 X113.628 Y136.687 E61.3909
G0 F4200 X114.192 Y136.688
G1 F1350 X111.635 Y139.246 E61.5076
G0 F4200 X111.634 Y139.812
G1 F1350 X114.757 Y136.690 E61.6501
G0 F4200 X115.321 Y136.691
G1 F1350 X111.633 Y140.379 E61.8183
G0 F4200 X111.633 Y140.944
G1 F1350 X115.885 Y136.692 E62.0123
G0 F4200 X116.117 Y137.026
G1 F1350 X111.976 Y141.167 E62.2013
G0 F4200 X112.542 Y141.167
G1 F1350 X116.117 Y137.592 E62.3644
G0 F4200 X116.117 Y138.158
G1 F1350 X113.108 Y141.167 E62.5017
G0 F4200 X113.673 Y141.167
G1 F1350 X116.117 Y138.723 E62.6132
G0 F4200 X116.117 Y139.289
G1 F1350 X114.239 Y141.167 E62.6989
G0 F4200 X114.805 Y141.167
G1 F1350 X116.117 Y139.855 E62.7587
G0 F4200 X116.117 Y140.420
G1 F1350 X115.370 Y141.167 E62.7928
G0 F4200 X115.936 Y141.167
G1 F1350 X116.117 Y140.986 E62.8011
G1 F3000 E57.8011
G1 F900 Z0.700
G0 F4200 X105.222 Y136.580
;TYPE:WALL-INNER
;WIDTH:0.400
G1 F900 Z0.400
G1 F1500 E62.8011
G1 F1650 X105.316 Y136.563 E62.8043
G1 X109.740 Y136.574 E62.9514
G1 X109.830 Y136.633 E62.9550
G1 X109.863 Y136.743 E62.9588
G1 X109.863 Y141.088 E63.1033
G1 X109.842 Y141.192 E63.1068
G1 X109.812 Y141.237 E63.1086
G1 X109.767 Y141.267 E63.1104
G1 X109.663 Y141.288 E63.1140
G1 X105.338 Y141.288 E63.2578
G1 X105.233 Y141.267 E63.2614
G1 X105.187 Y141.237 E63.2632
G1 X105.144 Y141.171 E63.2658
G1 X105.138 Y141.109 E63.2679
G1 X105.138 Y137.057 E63.4027
G0 F1650 X105.138 Y136.762
G0 F1650 X105.185 Y136.613
G0 F1650 X105.222 Y136.580
G1 F3000 E58.4027
G0 F4200 X105.078 Y136.206
;TYPE:WALL-OUTER
;WIDTH:0.400
G1 F900 Z0.400
G1 F1500 E63.4027
G1 F1350 X105.180 Y136.174 E63.4062
G1 X105.298 Y136.163 E63.4102
G1 X109.820 Y136.174 E63.5606
G1 X110.018 Y136.256 E63.5677
G1 X110.169 Y136.407 E63.5748
G1 X110.251 Y136.606 E63.5820
G1 X110.263 Y136.723 E63.5859
G1 X110.263 Y141.128 E63.7324
G1 X110.219 Y141.348 E63.7398
G1 X110.101 Y141.526 E63.7469
G1 X109.923 Y141.644 E63.7540
G1 X109.703 Y141.688 E63.7615
G1 X105.298 Y141.688 E63.9080
G1 X105.078 Y141.644 E63.9155
G1 X104.899 Y141.526 E63.9226
G1 X104.781 Y141.348 E63.9297
G1 X104.749 Y141.245 E63.9333
G1 X104.738 Y141.128 E63.9372
G1 X104.738 Y136.723 E64.0837
G1 X104.768 Y136.573 E64.0888
G0 F1350 X104.781 Y136.503
G0 F1350 X104.878 Y136.350
G0 F1350 X104.986 Y136.255
G0 F1350 X105.078 Y136.206
G1 F3000 E59.0888
G0 F4200 X105.713 Y136.683
;TYPE:SOLID-FILL
;WIDTH:0.400
G1 F900 Z0.400
G1 F1500 E64.0888
G1 F1350 X105.261 Y137.134 E64.1094
G0 F4200 X105.260 Y137.701
G1 F1350 X106.277 Y136.684 E64.1558
G0 F4200 X106.841 Y136.685
G1 F1350 X105.260 Y138.266 E64.2279
G0 F4200 X105.259 Y138.833
G1 F1350 X107.405 Y136.687 E64.3259
G0 F4200 X107.970 Y136.688
G1 F1350 X105.259 Y139.399 E64.4496
G0 F4200 X105.259 Y139.965
G1 F1350 X108.534 Y136.690 E64.5990
G0 F4200 X109.098 Y136.691
G1 F1350 X105.258 Y140.531 E64.7742
G0 F4200 X105.258 Y141.097
G1 F1350 X109.663 Y136.692 E64.9752
G0 F4200 X109.742 Y137.178
G1 F1350 X105.754 Y141.167 E65.1571
G0 F4200 X106.319 Y141.167
G1 F1350 X109.742 Y137.744 E65.3133
G0 F4200 X109.742 Y138.310
G1 F1350 X106.885 Y141.167 E65.4437
G0 F4200 X107.451 Y141.167
G1 F1350 X109.742 Y138.875 E65.5482
G0 F4200 X109.742 Y139.441
G1 F1350 X108.016 Y141.167 E65.6270
G0 F4200 X108.582 Y141.167
G1 F1350 X109.742 Y140.007 E65.6799
G0 F4200 X109.742 Y140.572
G1 F1350 X109.148 Y141.167 E65.7070
G1 F3000 E60.7070
G1 F900 Z0.700
G0 F4200 X98.941 Y136.563
;TYPE:WALL-INNER
;WIDTH:0.400
G1 F900 Z0.400
G1 F1500 E65.7070
G1 F1650 X103.365 Y136.574 E65.8542
G1 X103.455 Y136.633 E65.8577
G1 X103.488 Y136.743 E65.8616
G1 X103.488 Y141.088 E66.0061
G1 X103.467 Y141.192 E66.0096
G1 X103.437 Y141.237 E66.0114
G1 X103.392 Y141.267 E66.0132
G1 X103.288 Y141.288 E66.0167
G1 X98.963 Y141.288 E66.1606
G1 X98.858 Y141.267 E66.1641
G1 X98.812 Y141.237 E66.1660
G1 X98.769 Y141.171 E66.1686
G1 X98.763 Y141.109 E66.1707
G1 X98.763 Y136.962 E66.3086
G0 F1650 X98.763 Y136.762
G0 F1650 X98.810 Y136.613
G0 F1650 X98.847 Y136.580
G0 F1650 X98.941 Y136.563
G1 F3000 E61.3086
G0 F4200 X98.923 Y136.163
;TYPE:WALL-OUTER
;WIDTH:0.400
G1 F900 Z0.400
G1 F1500 E66.3086
G1 F1350 X103.445 Y136.174 E66.4590
G1 X103.643 Y136.256 E66.4661
G1 X103.794 Y136.407 E66.4732
G1 X103.876 Y136.606 E66.4804
G1 X103.888 Y136.723 E66.4843
G1 X103.888 Y141.128 E66.6308
G1 X103.844 Y141.348 E66.6383
G1 X103.726 Y141.526 E66.6454
G1 X103.548 Y141.644 E66.6525
G1 X103.328 Y141.688 E66.6599
G1 X98.923 Y141.688 E66.8064
G1 X98.703 Y141.644 E66.8139
G1 X98.524 Y141.526 E66.8210
G1 X98.406 Y141.348 E66.8281
G1 X98.374 Y141.245 E66.8317
G1 X98.363 Y141.128 E66.8356
G1 X98.363 Y136.723 E66.9822
G1 X98.406 Y136.503 E66.9896
G1 X98.488 Y136.374 E66.9947
G0 F1350 X98.503 Y136.350
G0 F1350 X98.611 Y136.255
G0 F1350 X98.703 Y136.206
G0 F1350 X98.805 Y136.174
G0 F1350 X98.923 Y136.163
G1 F3000 E61.9947
G0 F4200 X99.489 Y136.683
;TYPE:SOLID-FILL
;WIDTH:0.400
G1 F900 Z0.400
G1 F1500 E66.9947
G1 F1350 X98.886 Y137.287 E67.0222
G0 F4200 X98.885 Y137.854
G1 F1350 X100.054 Y136.685 E67.0756
G0 F4200 X100.618 Y136.686
G1 F1350 X98.885 Y138.419 E67.1546
G0 F4200 X98.884 Y138.986
G1 F1350 X101.182 Y136.687 E67.2595
G0 F4200 X101.747 Y136.689
G1 F1350 X98.883 Y139.552 E67.3902
G0 F4200 X98.883 Y140.118
G1 F1350 X102.311 Y136.690 E67.5466
G0 F4200 X102.875 Y136.692
G1 F1350 X98.883 Y140.684 E67.7287
G0 F4200 X98.965 Y141.167
G1 F1350 X103.367 Y136.765 E67.9295
G0 F4200 X103.367 Y137.331
G1 F1350 X99.531 Y141.167 E68.1046
G0 F4200 X100.097 Y141.167
G1 F1350 X103.367 Y137.897 E68.2538
G0 F4200 X103.367 Y138.462
G1 F1350 X100.663 Y141.167 E68.3772
G0 F4200 X101.228 Y141.167
G1 F1350 X103.367 Y139.028 E68.4747
G0 F4200 X103.367 Y139.594
G1 F1350 X101.794 Y141.167 E68.5465
G0 F4200 X102.360 Y141.167
G1 F1350 X103.367 Y140.159 E68.5925
G0 F4200 X103.367 Y140.725
G1 F1350 X102.925 Y141.167 E68.6127
G1 F3000 E63.6127
G1 F900 Z0.700
G0 F4200 X96.990 Y130.199
;TYPE:WALL-INNER
;WIDTH:0.400
G1 F900 Z0.400
G1 F1500 E68.6127
G1 F1650 X97.080 Y130.258 E68.6162
G1 X97.113 Y130.368 E68.6201
G1 X97.113 Y134.713 E68.7646
G1 X97.092 Y134.817 E68.7681
G1 X97.062 Y134.862 E68.7699
G1 X97.017 Y134.892 E68.7717
G1 X96.913 Y134.913 E68.7752
G1 X92.588 Y134.913 E68.9191
G1 X92.483 Y134.892 E68.9226
G1 X92.437 Y134.862 E68.9245
G1 X92.394 Y134.796 E68.9271
G1 X92.388 Y134.734 E68.9292
G1 X92.388 Y130.387 E69.0737
G1 X92.435 Y130.238 E69.0789
G1 X92.472 Y130.205 E69.0806
G1 X92.566 Y130.188 E69.0838
G1 X96.490 Y130.198 E69.2143
G0 F1650 X96.990 Y130.199
G1 F3000 E64.2143
G0 F4200 X97.070 Y129.799
;TYPE:WALL-OUTER
;WIDTH:0.400
G1 F900 Z0.400
G1 F1500 E69.2143
G1 F1350 X97.268 Y129.881 E69.2214
G1 X97.419 Y130.032 E69.2285
G1 X97.501 Y130.231 E69.2357
G1 X97.513 Y130.348 E69.2396
G1 X97.513 Y134.753 E69.3861
G1 X97.469 Y134.973 E69.3935
G1 X97.351 Y135.151 E69.4006
G1 X97.173 Y135.269 E69.4077
G1 X96.953 Y135.313 E69.4152
G1 X92.548 Y135.313 E69.5617
G1 X92.328 Y135.269 E69.5692
G1 X92.149 Y135.151 E69.5763
G1 X92.031 Y134.973 E69.5834
G1 X91.999 Y134.870 E69.5870
G1 X91.988 Y134.753 E69.5909
G1 X91.988 Y130.348 E69.7374
G1 X92.031 Y130.128 E69.7449
G1 X92.128 Y129.975 E69.7509
G1 X92.236 Y129.880 E69.7557
G1 X92.328 Y129.831 E69.7592
G1 X92.430 Y129.799 E69.7627
G1 X92.548 Y129.788 E69.7667
G1 X96.570 Y129.798 E69.9004
G0 F1350 X97.070 Y129.799
G1 F3000 E64.9004
G0 F4200 X92.855 Y130.307
;TYPE:SOLID-FILL
;WIDTH:0.400
G1 F900 Z0.400
G1 F1500 E69.9004
G1 F1350 X92.510 Y130.652 E69.9162
G0 F4200 X92.510 Y131.217
G1 F1350 X93.419 Y130.309 E69.9576
G0 F4200 X93.983 Y130.310
G1 F1350 X92.510 Y131.784 E70.0248
G0 F4200 X92.510 Y132.349
G1 F1350 X94.547 Y130.312 E70.1178
G0 F4200 X95.112 Y130.313
G1 F1350 X92.509 Y132.916 E70.2366
G0 F4200 X92.509 Y133.481
G1 F1350 X95.676 Y130.314 E70.3810
G0 F4200 X96.240 Y130.316
G1 F1350 X92.508 Y134.048 E70.5513
G0 F4200 X92.508 Y134.614
G1 F1350 X96.805 Y130.317 E70.7474
G0 F4200 X96.992 Y130.695
G1 F1350 X92.895 Y134.792 E70.9343
G0 F4200 X93.461 Y134.792
G1 F1350 X96.992 Y131.261 E71.0954
G0 F4200 X96.992 Y131.827
G1 F1350 X94.026 Y134.792 E71.2307
G0 F4200 X94.592 Y134.792
G1 F1350 X96.992 Y132.393 E71.3402
G0 F4200 X96.992 Y132.958
G1 F1350 X95.158 Y134.792 E71.4239
G0 F4200 X95.723 Y134.792
G1 F1350 X96.992 Y133.524 E71.4818
G0 F4200 X96.992 Y134.090
G1 F1350 X96.289 Y134.792 E71.5138
G0 F4200 X96.855 Y134.792
G1 F1350 X96.992 Y134.655 E71.5201
G1 F3000 E66.5201
G1 F900 Z0.700
G0 F4200 X98.763 Y121.984
;TYPE:WALL-INNER
;WIDTH:0.400
G1 F900 Z0.400
G1 F1500 E71.5201
G1 F1650 X98.763 Y117.637 E71.6646
G1 X98.810 Y117.488 E71.6698
G1 X98.847 Y117.455 E71.6715
G1 X98.941 Y117.438 E71.6747
G1 X103.365 Y117.449 E71.8218
G1 X103.455 Y117.508 E71.8254
G1 X103.488 Y117.618 E71.8292
G1 X103.488 Y121.963 E71.9737
G1 X103.467 Y122.067 E71.9772
G1 X103.437 Y122.112 E71.9790
G1 X103.392 Y122.142 E71.9808
G1 X103.288 Y122.163 E71.9844
G1 X99.162 Y122.163 E72.1216
G0 F1650 X98.963 Y122.163
G0 F1650 X98.858 Y122.142
G0 F1650 X98.812 Y122.112
G0 F1650 X98.769 Y122.046
G0 F1650 X98.763 Y121.984
G1 F3000 E67.1216
G0 F4200 X98.363 Y122.003
;TYPE:WALL-OUTER
;WIDTH:0.400
G1 F900 Z0.400
G1 F1500 E72.1216
G1 F1350 X98.363 Y117.598 E72.2681
G1 X98.406 Y117.378 E72.2756
G1 X98.503 Y117.225 E72.2816
G1 X98.611 Y117.130 E72.2864
G1 X98.703 Y117.081 E72.2898
G1 X98.805 Y117.049 E72.2934
G1 X98.923 Y117.038 E72.2973
G1 X103.445 Y117.049 E72.4477
G1 X103.643 Y117.131 E72.4549
G1 X103.794 Y117.282 E72.4620
G1 X103.876 Y117.481 E72.4691
G1 X103.888 Y117.598 E72.4730
G1 X103.888 Y122.003 E72.6196
G1 X103.844 Y122.223 E72.6270
G1 X103.726 Y122.401 E72.6341
G1 X103.548 Y122.519 E72.6412
G1 X103.328 Y122.563 E72.6487
G1 X98.923 Y122.563 E72.7952
G1 X98.703 Y122.519 E72.8027
G1 X98.576 Y122.435 E72.8077
G0 F1350 X98.524 Y122.401
G0 F1350 X98.406 Y122.223
G0 F1350 X98.374 Y122.120
G0 F1350 X98.363 Y122.003
G1 F3000 E67.8077
G0 F4200 X98.886 Y118.054
;TYPE:SOLID-FILL
;WIDTH:0.400
G1 F900 Z0.400
G1 F1500 E72.8077
G1 F1350 X99.381 Y117.558 E72.8303
G0 F4200 X99.946 Y117.560
G1 F1350 X98.886 Y118.619 E72.8787
G0 F4200 X98.885 Y119.186
G1 F1350 X100.510 Y117.561 E72.9528
G0 F4200 X101.074 Y117.562
G1 F1350 X98.885 Y119.752 E73.0527
G0 F4200 X98.884 Y120.318
G1 F1350 X101.638 Y117.564 E73.1784
G0 F4200 X102.203 Y117.565
G1 F1350 X98.884 Y120.884 E73.3298
G0 F4200 X98.883 Y121.450
G1 F1350 X102.768 Y117.566 E73.5070
G0 F4200 X103.332 Y117.567
G1 F1350 X98.883 Y122.016 E73.7100
G0 F4200 X99.423 Y122.042
G1 F1350 X103.367 Y118.098 E73.8900
G0 F4200 X103.367 Y118.663
G1 F1350 X99.989 Y122.042 E74.0441
G0 F4200 X100.554 Y122.042
G1 F1350 X103.367 Y119.229 E74.1725
G0 F4200 X103.367 Y119.795
G1 F1350 X101.120 Y122.042 E74.2750
G0 F4200 X101.686 Y122.042
G1 F1350 X103.367 Y120.360 E74.3517
G0 F4200 X103.367 Y120.926
G1 F1350 X102.251 Y122.042 E74.4026
G0 F4200 X102.817 Y122.042
G1 F1350 X103.387 Y121.754 E74.4277
G1 X103.342 Y122.082 E74.4384
G1 F3000 E69.4384
G1 F900 Z0.700
G0 F4200 X105.138 Y121.984
;TYPE:WALL-INNER
;WIDTH:0.400
G1 F900 Z0.400
G1 F1500 E74.4384
G1 F1650 X105.138 Y117.637 E74.5830
G1 X105.158 Y117.532 E74.5865
G1 X105.188 Y117.488 E74.5883
G1 X105.254 Y117.444 E74.5909
G1 X105.316 Y117.438 E74.5930
G1 X109.740 Y117.449 E74.7401
G1 X109.830 Y117.508 E74.7437
G1 X109.863 Y117.618 E74.7475
G1 X109.863 Y121.963 E74.8921
G1 X109.842 Y122.067 E74.8956
G1 X109.812 Y122.112 E74.8974
G1 X109.767 Y122.142 E74.8992
G1 X109.663 Y122.163 E74.9027
G1 X105.537 Y122.163 E75.0399
G0 F1650 X105.338 Y122.163
G0 F1650 X105.233 Y122.142
G0 F1650 X105.187 Y122.112
G0 F1650 X105.144 Y122.046
G0 F1650 X105.138 Y121.984
G1 F3000 E70.0399
G0 F4200 X104.738 Y122.003
;TYPE:WALL-OUTER
;WIDTH:0.400
G1 F900 Z0.400
G1 F1500 E75.0399
G1 F1350 X104.738 Y117.598 E75.1865
G1 X104.781 Y117.378 E75.1939
G1 X104.899 Y117.199 E75.2010
G1 X105.078 Y117.081 E75.2082
G1 X105.180 Y117.049 E75.2117
G1 X105.298 Y117.038 E75.2157
G1 X109.820 Y117.049 E75.3661
G1 X110.018 Y117.131 E75.3732
G1 X110.169 Y117.282 E75.3803
G1 X110.251 Y117.481 E75.3875
G1 X110.263 Y117.598 E75.3914
G1 X110.263 Y122.003 E75.5379
G1 X110.219 Y122.223 E75.5454
G1 X110.101 Y122.401 E75.5525
G1 X109.923 Y122.519 E75.5596
G1 X109.703 Y122.563 E75.5670
G1 X105.298 Y122.563 E75.7135
G1 X105.078 Y122.519 E75.7210
G1 X104.951 Y122.435 E75.7261
G0 F1350 X104.899 Y122.401
G0 F1350 X104.781 Y122.223
G0 F1350 X104.749 Y122.120
G0 F1350 X104.738 Y122.003
G1 F3000 E70.7261
G0 F4200 X105.258 Y117.904
;TYPE:SOLID-FILL
;WIDTH:0.400
G1 F900 Z0.400
G1 F1500 E75.7261
G1 F1350 X105.604 Y117.557 E75.7419
G0 F4200 X106.169 Y117.559
G1 F1350 X105.258 Y118.470 E75.7834
G0 F4200 X105.258 Y119.035
G1 F1350 X106.734 Y117.560 E75.8508
G0 F4200 X107.298 Y117.561
G1 F1350 X105.258 Y119.601 E75.9438
G0 F4200 X105.258 Y120.167
G1 F1350 X107.862 Y117.562 E76.0627
G0 F4200 X108.427 Y117.564
G1 F1350 X105.258 Y120.732 E76.2072
G0 F4200 X105.258 Y121.298
G1 F1350 X108.991 Y117.565 E76.3775
G0 F4200 X109.555 Y117.567
G1 F1350 X105.258 Y121.864 E76.5736
G0 F4200 X105.645 Y122.042
G1 F1350 X109.742 Y117.945 E76.7605
G0 F4200 X109.742 Y118.511
G1 F1350 X106.211 Y122.042 E76.9216
G0 F4200 X106.777 Y122.042
G1 F1350 X109.742 Y119.076 E77.0569
G0 F4200 X109.742 Y119.642
G1 F1350 X107.343 Y122.042 E77.1664
G0 F4200 X107.908 Y122.042
G1 F1350 X109.742 Y120.208 E77.2501
G0 F4200 X109.742 Y120.773
G1 F1350 X108.474 Y122.042 E77.3080
G0 F4200 X109.040 Y122.042
G1 F1350 X109.742 Y121.339 E77.3400
G0 F4200 X109.742 Y121.905
G1 F1350 X109.605 Y122.042 E77.3463
G1 F3000 E72.3463
G1 F900 Z0.700
G0 F4200 X105.185 Y123.863
;TYPE:WALL-INNER
;WIDTH:0.400
G1 F900 Z0.400
G1 F1500 E77.3463
G1 F1650 X105.222 Y123.830 E77.3479
G1 X105.316 Y123.813 E77.3511
G1 X109.740 Y123.824 E77.4982
G1 X109.830 Y123.883 E77.5018
G1 X109.863 Y123.993 E77.5056
G1 X109.863 Y128.338 E77.6502
G1 X109.842 Y128.442 E77.6537
G1 X109.812 Y128.487 E77.6555
G1 X109.767 Y128.517 E77.6573
G1 X109.663 Y128.538 E77.6608
G1 X105.338 Y128.538 E77.8047
G1 X105.233 Y128.517 E77.8082
G1 X105.187 Y128.487 E77.8101
G1 X105.144 Y128.421 E77.8127
G1 X105.138 Y128.359 E77.8147
G1 X105.138 Y124.356 E77.9479
G0 F1650 X105.138 Y124.012
G0 F1650 X105.185 Y123.863
G1 F3000 E72.9479
G0 F4200 X104.878 Y123.600
;TYPE:WALL-OUTER
;WIDTH:0.400
G1 F900 Z0.400
G1 F1500 E77.9479
G1 F1350 X104.986 Y123.505 E77.9527
G1 X105.078 Y123.456 E77.9561
G1 X105.180 Y123.424 E77.9597
G1 X105.298 Y123.413 E77.9636
G1 X109.820 Y123.424 E78.1140
G1 X110.018 Y123.506 E78.1212
G1 X110.169 Y123.657 E78.1283
G1 X110.251 Y123.856 E78.1354
G1 X110.263 Y123.973 E78.1393
G1 X110.263 Y128.378 E78.2858
G1 X110.219 Y128.598 E78.2933
G1 X110.101 Y128.776 E78.3004
G1 X109.923 Y128.894 E78.3075
G1 X109.703 Y128.938 E78.3150
G1 X105.298 Y128.938 E78.4615
G1 X105.078 Y128.894 E78.4690
G1 X104.899 Y128.776 E78.4761
G1 X104.781 Y128.598 E78.4832
G1 X104.749 Y128.495 E78.4868
G1 X104.738 Y128.378 E78.4907
G1 X104.738 Y124.068 E78.6340
G0 F1350 X104.738 Y123.973
G0 F1350 X104.781 Y123.753
G0 F1350 X104.878 Y123.600
G1 F3000 E73.6340
G0 F4200 X105.260 Y124.124
;TYPE:SOLID-FILL
;WIDTH:0.400
G1 F900 Z0.400
G1 F1500 E78.6340
G1 F1350 X105.452 Y123.932 E78.6428
G0 F4200 X106.017 Y123.933
G1 F1350 X105.260 Y124.690 E78.6773
G0 F4200 X105.259 Y125.256
G1 F1350 X106.581 Y123.935 E78.7376
G0 F4200 X107.145 Y123.936
G1 F1350 X105.259 Y125.822 E78.8237
G0 F4200 X105.259 Y126.388
G1 F1350 X107.710 Y123.938 E78.9355
G0 F4200 X108.274 Y123.939
G1 F1350 X105.259 Y126.954 E79.0730
G0 F4200 X105.258 Y127.521
G1 F1350 X108.839 Y123.940 E79.2364
G0 F4200 X109.403 Y123.941
G1 F1350 X105.258 Y128.086 E79.4255
G0 F4200 X105.493 Y128.417
G1 F1350 X109.742 Y124.167 E79.6194
G0 F4200 X109.742 Y124.733
G1 F1350 X106.058 Y128.417 E79.7875
G0 F4200 X106.624 Y128.417
G1 F1350 X109.742 Y125.299 E79.9298
G0 F4200 X109.742 Y125.865
G1 F1350 X107.190 Y128.417 E80.0462
G0 F4200 X107.756 Y128.417
G1 F1350 X109.742 Y126.430 E80.1369
G0 F4200 X109.742 Y126.996
G1 F1350 X108.321 Y128.417 E80.2017
G0 F4200 X108.887 Y128.417
G1 F1350 X109.742 Y127.562 E80.2407
G0 F4200 X109.742 Y128.127
G1 F1350 X109.453 Y128.417 E80.2539
G1 F3000 E75.2539
G1 F900 Z0.700
G0 F4200 X111.513 Y121.984
;TYPE:WALL-INNER
;WIDTH:0.400
G1 F900 Z0.400
G1 F1500 E80.2539
G1 F1650 X111.513 Y117.637 E80.3985
G1 X111.533 Y117.532 E80.4020
G1 X111.563 Y117.488 E80.4038
G1 X111.629 Y117.444 E80.4065
G1 X111.691 Y117.438 E80.4085
G1 X116.115 Y117.449 E80.5557
G1 X116.205 Y117.508 E80.5592
G1 X116.238 Y117.618 E80.5631
G1 X116.238 Y121.963 E80.7076
G1 X116.217 Y122.067 E80.7111
G1 X116.187 Y122.112 E80.7129
G1 X116.142 Y122.142 E80.7147
G1 X116.038 Y122.163 E80.7182
G1 X111.912 Y122.163 E80.8555
G0 F1650 X111.713 Y122.163
G0 F1650 X111.608 Y122.142
G0 F1650 X111.562 Y122.112
G0 F1650 X111.519 Y122.046
G0 F1650 X111.513 Y121.984
G1 F3000 E75.8555
G0 F4200 X111.113 Y122.003
;TYPE:WALL-OUTER
;WIDTH:0.400
G1 F900 Z0.400
G1 F1500 E80.8555
G1 F1350 X111.113 Y117.598 E81.0020
G1 X111.156 Y117.378 E81.0094
G1 X111.274 Y117.199 E81.0166
G1 X111.453 Y117.081 E81.0237
G1 X111.555 Y117.049 E81.0273
G1 X111.673 Y117.038 E81.0312
G1 X116.195 Y117.049 E81.1816
G1 X116.393 Y117.131 E81.1887
G1 X116.544 Y117.282 E81.1958
G1 X116.626 Y117.481 E81.2030
G1 X116.638 Y117.598 E81.2069
G1 X116.638 Y122.003 E81.3534
G1 X116.594 Y122.223 E81.3609
G1 X116.476 Y122.401 E81.3680
G1 X116.298 Y122.519 E81.3751
G1 X116.078 Y122.563 E81.3825
G1 X111.673 Y122.563 E81.5291
G1 X111.453 Y122.519 E81.5365
G1 X111.326 Y122.435 E81.5416
G0 F1350 X111.274 Y122.401
G0 F1350 X111.156 Y122.223
G0 F1350 X111.124 Y122.120
G0 F1350 X111.113 Y122.003
G1 F3000 E76.5416
G0 F4200 X111.633 Y117.752
;TYPE:SOLID-FILL
;WIDTH:0.400
G1 F900 Z0.400
G1 F1500 E81.5416
G1 F1350 X111.828 Y117.557 E81.5505
G0 F4200 X112.392 Y117.558
G1 F1350 X111.633 Y118.318 E81.5851
G0 F4200 X111.633 Y118.883
G1 F1350 X112.956 Y117.560 E81.6455
G0 F4200 X113.521 Y117.561
G1 F1350 X111.633 Y119.449 E81.7316
G0 F4200 X111.633 Y120.015
G1 F1350 X114.085 Y117.562 E81.8435
G0 F4200 X114.649 Y117.564
G1 F1350 X111.633 Y120.580 E81.9811
G0 F4200 X111.633 Y121.146
G1 F1350 X115.213 Y117.565 E82.1445
G0 F4200 X115.778 Y117.567
G1 F1350 X111.633 Y121.712 E82.3336
G0 F4200 X111.868 Y122.042
G1 F1350 X116.117 Y117.793 E82.5275
G0 F4200 X116.117 Y118.359
G1 F1350 X112.434 Y122.042 E82.6955
G0 F4200 X112.999 Y122.042
G1 F1350 X116.117 Y118.924 E82.8378
G0 F4200 X116.117 Y119.490
G1 F1350 X113.565 Y122.042 E82.9542
G0 F4200 X114.131 Y122.042
G1 F1350 X116.117 Y120.056 E83.0448
G0 F4200 X116.117 Y120.621
G1 F1350 X114.696 Y122.042 E83.1097
G0 F4200 X115.262 Y122.042
G1 F1350 X116.117 Y121.187 E83.1487
G0 F4200 X116.117 Y121.753
G1 F1350 X115.828 Y122.042 E83.1619
G1 F3000 E78.1619
G1 F900 Z0.700
G0 F4200 X105.187 Y115.737
;TYPE:WALL-INNER
;WIDTH:0.400
G1 F900 Z0.400
G1 F1500 E83.1619
G1 F1650 X105.144 Y115.671 E83.1645
G1 X105.138 Y115.609 E83.1666
G1 X105.138 Y111.262 E83.3111
G1 X105.185 Y111.113 E83.3163
G1 X105.222 Y111.080 E83.3180
G1 X105.316 Y111.063 E83.3212
G1 X109.740 Y111.074 E83.4683
G1 X109.830 Y111.133 E83.4719
G1 X109.863 Y111.243 E83.4757
G1 X109.863 Y115.588 E83.6202
G1 X109.842 Y115.692 E83.6237
G1 X109.812 Y115.737 E83.6255
G1 X109.767 Y115.767 E83.6273
G1 X109.663 Y115.788 E83.6309
G1 X105.677 Y115.788 E83.7635
G0 F1650 X105.338 Y115.788
G0 F1650 X105.233 Y115.767
G0 F1650 X105.187 Y115.737
G1 F3000 E78.7635
G0 F4200 X104.899 Y116.026
;TYPE:WALL-OUTER
;WIDTH:0.400
G1 F900 Z0.400
G1 F1500 E83.7635
G1 F1350 X104.781 Y115.848 E83.7706
G1 X104.749 Y115.745 E83.7741
G1 X104.738 Y115.628 E83.7780
G1 X104.738 Y111.223 E83.9246
G1 X104.781 Y111.003 E83.9320
G1 X104.878 Y110.850 E83.9380
G1 X104.986 Y110.755 E83.9428
G1 X105.078 Y110.706 E83.9463
G1 X105.180 Y110.674 E83.9498
G1 X105.298 Y110.663 E83.9538
G1 X109.820 Y110.674 E84.1042
G1 X110.018 Y110.756 E84.1113
G1 X110.169 Y110.907 E84.1184
G1 X110.251 Y111.106 E84.1256
G1 X110.263 Y111.223 E84.1295
G1 X110.263 Y115.628 E84.2760
G1 X110.219 Y115.848 E84.2835
G1 X110.101 Y116.026 E84.2906
G1 X109.923 Y116.144 E84.2977
G1 X109.703 Y116.188 E84.3051
G1 X105.360 Y116.188 E84.4496
G0 F1350 X105.298 Y116.188
G0 F1350 X105.078 Y116.144
G0 F1350 X104.899 Y116.026
G1 F3000 E79.4496
G0 F4200 X109.192 Y115.667
;TYPE:SOLID-FILL
;WIDTH:0.400
G1 F900 Z0.400
G1 F1500 E84.4496
G1 F1350 X109.742 Y115.116 E84.4747
G0 F4200 X109.742 Y114.551
G1 F1350 X108.627 Y115.667 E84.5256
G0 F4200 X108.061 Y115.667
G1 F1350 X109.742 Y113.985 E84.6023
G0 F4200 X109.742 Y113.419
G1 F1350 X107.495 Y115.667 E84.7049
G0 F4200 X106.930 Y115.667
G1 F1350 X109.742 Y112.854 E84.8332
G0 F4200 X109.742 Y112.288
G1 F1350 X106.364 Y115.667 E84.9873
G0 F4200 X105.798 Y115.667
G1 F1350 X109.742 Y111.722 E85.1673
G0 F4200 X109.706 Y111.193
G1 F1350 X105.259 Y115.640 E85.3702
G0 F4200 X105.259 Y115.075
G1 F1350 X109.142 Y111.191 E85.5474
G0 F4200 X108.578 Y111.190
G1 F1350 X105.259 Y114.508 E85.6988
G0 F4200 X105.259 Y113.943
G1 F1350 X108.014 Y111.189 E85.8245
G0 F4200 X107.449 Y111.187
G1 F1350 X105.260 Y113.376 E85.9243
G0 F4200 X105.260 Y112.811
G1 F1350 X106.885 Y111.186 E85.9985
G0 F4200 X106.321 Y111.184
G1 F1350 X105.261 Y112.244 E86.0469
G0 F4200 X105.261 Y111.679
G1 F1350 X105.757 Y111.183 E86.0695
G1 F3000 E81.0695
G1 F900 Z0.700
G0 F4200 X109.783 Y115.642
;TYPE:SOLID-FILL
;WIDTH:0.400
G1 F900 Z0.400
G1 F1500 E86.0695
G1 F1350 X109.718 Y115.707 E86.0725
G1 F3000 E81.0725
G1 F900 Z0.700
G0 F4200 X105.233 Y103.017
;TYPE:WALL-INNER
;WIDTH:0.400
G1 F900 Z0.400
G1 F1500 E86.0725
G1 F1650 X105.187 Y102.987 E86.0744
G1 X105.144 Y102.921 E86.0770
G1 X105.138 Y102.859 E86.0791
G1 X105.138 Y98.512 E86.2236
G1 X105.158 Y98.407 E86.2272
G1 X105.188 Y98.363 E86.2290
G1 X105.254 Y98.319 E86.2316
G1 X105.316 Y98.313 E86.2337
G1 X109.740 Y98.324 E86.3808
G1 X109.830 Y98.383 E86.3844
G1 X109.863 Y98.493 E86.3882
G1 X109.863 Y102.838 E86.5327
G1 X109.842 Y102.942 E86.5363
G1 X109.812 Y102.987 E86.5381
G1 X109.767 Y103.017 E86.5399
G1 X109.663 Y103.038 E86.5434
G1 X105.731 Y103.038 E86.6742
G0 F1650 X105.338 Y103.038
G0 F1650 X105.233 Y103.017
G1 F3000 E81.6742
G0 F4200 X105.078 Y103.394
;TYPE:WALL-OUTER
;WIDTH:0.400
G1 F900 Z0.400
G1 F1500 E86.6742
G1 F1350 X104.899 Y103.276 E86.6813
G1 X104.781 Y103.098 E86.6884
G1 X104.749 Y102.995 E86.6920
G1 X104.738 Y102.878 E86.6959
G1 X104.738 Y98.473 E86.8424
G1 X104.781 Y98.253 E86.8499
G1 X104.899 Y98.074 E86.8570
G1 X105.078 Y97.956 E86.8641
G1 X105.180 Y97.924 E86.8677
G1 X105.298 Y97.913 E86.8716
G1 X109.820 Y97.924 E87.0220
G1 X110.018 Y98.006 E87.0292
G1 X110.169 Y98.157 E87.0363
G1 X110.251 Y98.356 E87.0434
G1 X110.263 Y98.473 E87.0473
G1 X110.263 Y102.878 E87.1938
G1 X110.219 Y103.098 E87.2013
G1 X110.101 Y103.276 E87.2084
G1 X109.923 Y103.394 E87.2155
G1 X109.703 Y103.438 E87.2230
G1 X105.574 Y103.438 E87.3603
G0 F1350 X105.298 Y103.438
G0 F1350 X105.078 Y103.394
G1 F3000 E82.3603
G0 F4200 X109.496 Y102.917
;TYPE:SOLID-FILL
;WIDTH:0.400
G1 F900 Z0.400
G1 F1500 E87.3603
G1 F1350 X109.742 Y102.672 E87.3715
G0 F4200 X109.742 Y102.106
G1 F1350 X108.931 Y102.917 E87.4085
G0 F4200 X108.365 Y102.917
G1 F1350 X109.742 Y101.541 E87.4713
G0 F4200 X109.742 Y100.975
G1 F1350 X107.799 Y102.917 E87.5599
G0 F4200 X107.234 Y102.917
G1 F1350 X109.742 Y100.409 E87.6744
G0 F4200 X109.742 Y99.844
G1 F1350 X106.668 Y102.917 E87.8146
G0 F4200 X106.102 Y102.917
G1 F1350 X109.742 Y99.278 E87.9807
G0 F4200 X109.742 Y98.712
G1 F1350 X105.537 Y102.917 E88.1725
G0 F4200 X105.257 Y102.631
G1 F1350 X109.446 Y98.442 E88.3636
G0 F4200 X108.882 Y98.441
G1 F1350 X105.257 Y102.065 E88.5290
G0 F4200 X105.257 Y101.500
G1 F1350 X108.318 Y98.439 E88.6687
G0 F4200 X107.753 Y98.438
G1 F1350 X105.257 Y100.934 E88.7825
G0 F4200 X105.257 Y100.368
G1 F1350 X107.189 Y98.437 E88.8707
G0 F4200 X106.625 Y98.435
G1 F1350 X105.257 Y99.803 E88.9331
G0 F4200 X105.257 Y99.237
G1 F1350 X106.061 Y98.434 E88.9698
G0 F4200 X105.496 Y98.432
G1 F1350 X105.257 Y98.671 E88.9807
G1 F3000 E83.9807
G1 F900 Z0.700
G0 F4200 X98.963 Y103.038
;TYPE:WALL-INNER
;WIDTH:0.400
G1 F900 Z0.400
G1 F1500 E88.9807
G1 F1650 X98.858 Y103.017 E88.9842
G1 X98.812 Y102.987 E88.9860
G1 X98.769 Y102.921 E88.9887
G1 X98.763 Y102.859 E88.9907
G1 X98.763 Y98.512 E89.1353
G1 X98.810 Y98.363 E89.1405
G1 X98.847 Y98.330 E89.1422
G1 X98.941 Y98.313 E89.1453
G1 X103.365 Y98.324 E89.2925
G1 X103.455 Y98.383 E89.2961
G1 X103.488 Y98.493 E89.2999
G1 X103.488 Y102.838 E89.4444
G1 X103.467 Y102.942 E89.4479
G1 X103.437 Y102.987 E89.4497
G1 X103.392 Y103.017 E89.4515
G1 X103.288 Y103.038 E89.4551
G1 X99.463 Y103.038 E89.5823
G0 F1650 X98.963 Y103.038
G1 F3000 E84.5823
G0 F4200 X98.923 Y103.438
;TYPE:WALL-OUTER
;WIDTH:0.400
G1 F900 Z0.400
G1 F1500 E89.5823
G1 F1350 X98.703 Y103.394 E89.5897
G1 X98.524 Y103.276 E89.5969
G1 X98.406 Y103.098 E89.6040
G1 X98.374 Y102.995 E89.6076
G1 X98.363 Y102.878 E89.6115
G1 X98.363 Y98.473 E89.7580
G1 X98.406 Y98.253 E89.7654
G1 X98.503 Y98.100 E89.7715
G1 X98.611 Y98.005 E89.7762
G1 X98.703 Y97.956 E89.7797
G1 X98.805 Y97.924 E89.7833
G1 X98.923 Y97.913 E89.7872
G1 X103.445 Y97.924 E89.9376
G1 X103.643 Y98.006 E89.9447
G1 X103.794 Y98.157 E89.9518
G1 X103.876 Y98.356 E89.9590
G1 X103.888 Y98.473 E89.9629
G1 X103.888 Y102.878 E90.1094
G1 X103.844 Y103.098 E90.1169
G1 X103.726 Y103.276 E90.1240
G1 X103.548 Y103.394 E90.1311
G1 X103.328 Y103.438 E90.1385
G1 X99.423 Y103.438 E90.2684
G0 F1350 X98.923 Y103.438
G1 F3000 E85.2684
G0 F4200 X103.274 Y102.917
;TYPE:SOLID-FILL
;WIDTH:0.400
G1 F900 Z0.400
G1 F1500 E90.2684
G1 F1350 X103.366 Y102.825 E90.2726
G0 F4200 X103.366 Y102.259
G1 F1350 X102.708 Y102.917 E90.3026
G0 F4200 X102.142 Y102.917
G1 F1350 X103.366 Y101.693 E90.3585
G0 F4200 X103.366 Y101.128
G1 F1350 X101.577 Y102.917 E90.4401
G0 F4200 X101.011 Y102.917
G1 F1350 X103.366 Y100.562 E90.5476
G0 F4200 X103.366 Y99.996
G1 F1350 X100.445 Y102.917 E90.6808
G0 F4200 X99.880 Y102.917
G1 F1350 X103.366 Y99.431 E90.8399
G0 F4200 X103.366 Y98.865
G1 F1350 X99.314 Y102.917 E91.0248
G0 F4200 X98.883 Y102.783
G1 F1350 X103.223 Y98.443 E91.2228
G0 F4200 X102.659 Y98.441
G1 F1350 X98.883 Y102.217 E91.3951
G0 F4200 X98.883 Y101.651
G1 F1350 X102.094 Y98.440 E91.5416
G0 F4200 X101.530 Y98.439
G1 F1350 X98.883 Y101.085 E91.6623
G0 F4200 X98.884 Y100.519
G1 F1350 X100.966 Y98.437 E91.7573
G0 F4200 X100.402 Y98.436
G1 F1350 X98.884 Y99.953 E91.8266
G0 F4200 X98.885 Y99.387
G1 F1350 X99.837 Y98.434 E91.8700
G0 F4200 X99.273 Y98.433
G1 F1350 X98.885 Y98.821 E91.8877
G1 F3000 E86.8877
G1 F900 Z0.700
G0 F4200 X97.017 Y109.392
;TYPE:WALL-INNER
;WIDTH:0.400
G1 F900 Z0.400
G1 F1500 E91.8877
G1 F1650 X96.913 Y109.413 E91.8912
G1 X92.588 Y109.413 E92.0351
G1 X92.483 Y109.392 E92.0387
G1 X92.437 Y109.362 E92.0405
G1 X92.394 Y109.296 E92.0431
G1 X92.388 Y109.234 E92.0452
G1 X92.388 Y104.887 E92.1898
G1 X92.408 Y104.782 E92.1933
G1 X92.438 Y104.738 E92.1951
G1 X92.504 Y104.694 E92.1977
G1 X92.566 Y104.688 E92.1998
G1 X96.990 Y104.699 E92.3469
G1 X97.080 Y104.758 E92.3505
G1 X97.113 Y104.868 E92.3543
G1 X97.113 Y108.927 E92.4893
G0 F1650 X97.113 Y109.213
G0 F1650 X97.092 Y109.317
G0 F1650 X97.062 Y109.362
G0 F1650 X97.017 Y109.392
G1 F3000 E87.4893
G0 F4200 X97.173 Y109.769
;TYPE:WALL-OUTER
;WIDTH:0.400
G1 F900 Z0.400
G1 F1500 E92.4893
G1 F1350 X96.953 Y109.813 E92.4968
G1 X92.548 Y109.813 E92.6433
G1 X92.328 Y109.769 E92.6508
G1 X92.149 Y109.651 E92.6579
G1 X92.031 Y109.473 E92.6650
G1 X91.999 Y109.370 E92.6686
G1 X91.988 Y109.253 E92.6725
G1 X91.988 Y104.848 E92.8190
G1 X92.031 Y104.628 E92.8265
G1 X92.149 Y104.449 E92.8336
G1 X92.328 Y104.331 E92.8407
G1 X92.430 Y104.299 E92.8443
G1 X92.548 Y104.288 E92.8482
G1 X97.070 Y104.299 E92.9986
G1 X97.268 Y104.381 E93.0058
G1 X97.419 Y104.532 E93.0129
G1 X97.501 Y104.731 E93.0200
G1 X97.513 Y104.848 E93.0239
G1 X97.513 Y109.253 E93.1704
G1 X97.483 Y109.401 E93.1755
G0 F1350 X97.469 Y109.473
G0 F1350 X97.351 Y109.651
G0 F1350 X97.173 Y109.769
G0 F4200 X96.899 Y109.292
;TYPE:SOLID-FILL
;WIDTH:0.400
G1 F1350 X96.993 Y109.199 E93.1797
G0 F4200 X96.993 Y108.633
G1 F1350 X96.334 Y109.292 E93.2098
G0 F4200 X95.768 Y109.292
G1 F1350 X96.993 Y108.067 E93.2657
G0 F4200 X96.993 Y107.502
G1 F1350 X95.202 Y109.292 E93.3474
G0 F4200 X94.637 Y109.292
G1 F1350 X96.993 Y106.936 E93.4549
G0 F4200 X96.993 Y106.370
G1 F1350 X94.071 Y109.292 E93.5882
G0 F4200 X93.505 Y109.292
G1 F1350 X96.993 Y105.805 E93.7473
G0 F4200 X96.993 Y105.239
G1 F1350 X92.939 Y109.292 E93.9323
G0 F4200 X92.507 Y109.158
G1 F1350 X96.849 Y104.817 E94.1303
G0 F4200 X96.285 Y104.815
G1 F1350 X92.507 Y108.593 E94.3027
G0 F4200 X92.507 Y108.027
G1 F1350 X95.721 Y104.814 E94.4493
G0 F4200 X95.156 Y104.813
G1 F1350 X92.507 Y107.461 E94.5702
G0 F4200 X92.507 Y106.896
G1 F1350 X94.592 Y104.811 E94.6653
G0 F4200 X94.027 Y104.810
G1 F1350 X92.507 Y106.330 E94.7347
G0 F4200 X92.507 Y105.764
G1 F1350 X93.463 Y104.809 E94.7783
G0 F4200 X92.898 Y104.808
G1 F1350 X92.507 Y105.199 E94.7961
G1 F3000 E89.7961
G1 F900 Z0.700
G0 F4200 X111.562 Y102.987
;TYPE:WALL-INNER
;WIDTH:0.400
G1 F900 Z0.400
G1 F1500 E94.7961
G1 F1650 X111.519 Y102.921 E94.7987
G1 X111.513 Y102.859 E94.8008
G1 X111.513 Y98.512 E94.9454
G1 X111.533 Y98.407 E94.9489
G1 X111.563 Y98.363 E94.9507
G1 X111.629 Y98.319 E94.9533
G1 X111.691 Y98.313 E94.9554
G1 X116.115 Y98.324 E95.1025
G1 X116.205 Y98.383 E95.1061
G1 X116.238 Y98.493 E95.1099
G1 X116.238 Y102.838 E95.2545
G1 X116.217 Y102.942 E95.2580
G1 X116.187 Y102.987 E95.2598
G1 X116.142 Y103.017 E95.2616
G1 X116.038 Y103.038 E95.2651
G1 X112.052 Y103.038 E95.3977
G0 F1650 X111.713 Y103.038
G0 F1650 X111.608 Y103.017
G0 F1650 X111.562 Y102.987
G1 F3000 E90.3977
G0 F4200 X111.274 Y103.276
;TYPE:WALL-OUTER
;WIDTH:0.400
G1 F900 Z0.400
G1 F1500 E95.3977
G1 F1350 X111.156 Y103.098 E95.4048
G1 X111.124 Y102.995 E95.4084
G1 X111.113 Y102.878 E95.4123
G1 X111.113 Y98.473 E95.5588
G1 X111.156 Y98.253 E95.5663
G1 X111.274 Y98.074 E95.5734
G1 X111.453 Y97.956 E95.5805
G1 X111.555 Y97.924 E95.5841
G1 X111.673 Y97.913 E95.5880
G1 X116.195 Y97.924 E95.7384
G1 X116.393 Y98.006 E95.7455
G1 X116.544 Y98.157 E95.7526
G1 X116.626 Y98.356 E95.7598
G1 X116.638 Y98.473 E95.7637
G1 X116.638 Y102.878 E95.9102
G1 X116.594 Y103.098 E95.9177
G1 X116.476 Y103.276 E95.9248
G1 X116.298 Y103.394 E95.9319
G1 X116.078 Y103.438 E95.9394
G1 X111.735 Y103.438 E96.0838
G0 F1350 X111.673 Y103.438
G0 F1350 X111.453 Y103.394
G0 F1350 X111.274 Y103.276
G1 F3000 E91.0838
G0 F4200 X115.719 Y102.917
;TYPE:SOLID-FILL
;WIDTH:0.400
G1 F900 Z0.400
G1 F1500 E96.0838
G1 F1350 X116.116 Y102.520 E96.1019
G0 F4200 X116.116 Y101.954
G1 F1350 X115.153 Y102.917 E96.1459
G0 F4200 X114.588 Y102.917
G1 F1350 X116.116 Y101.389 E96.2156
G0 F4200 X116.116 Y100.823
G1 F1350 X114.022 Y102.917 E96.3111
G0 F4200 X113.456 Y102.917
G1 F1350 X116.116 Y100.257 E96.4325
G0 F4200 X116.116 Y99.692
G1 F1350 X112.891 Y102.917 E96.5796
G0 F4200 X112.325 Y102.917
G1 F1350 X116.116 Y99.126 E96.7526
G0 F4200 X116.116 Y98.560
G1 F1350 X111.759 Y102.917 E96.9514
G0 F4200 X111.632 Y102.479
G1 F1350 X115.669 Y98.442 E97.1356
G0 F4200 X115.104 Y98.441
G1 F1350 X111.632 Y101.913 E97.2940
G0 F4200 X111.632 Y101.348
G1 F1350 X114.540 Y98.439 E97.4267
G0 F4200 X113.976 Y98.438
G1 F1350 X111.632 Y100.782 E97.5336
G0 F4200 X111.632 Y100.216
G1 F1350 X113.412 Y98.437 E97.6148
G0 F4200 X112.847 Y98.436
G1 F1350 X111.632 Y99.651 E97.6703
G0 F4200 X111.632 Y99.085
G1 F1350 X112.282 Y98.434 E97.6999
G0 F4200 X111.718 Y98.433
G1 F1350 X111.632 Y98.519 E97.7039
G1 F3000 E92.7039
G1 F900 Z0.700
G0 F4200 X117.894 Y109.296
;TYPE:WALL-INNER
;WIDTH:0.400
G1 F900 Z0.400
G1 F1500 E97.7039
G1 F1650 X117.888 Y109.234 E97.7059
G1 X117.888 Y104.887 E97.8505
G1 X117.909 Y104.779 E97.8542
G1 X117.936 Y104.737 E97.8558
G1 X117.971 Y104.705 E97.8574
G1 X118.066 Y104.688 E97.8606
G1 X122.490 Y104.699 E98.0078
G1 X122.580 Y104.758 E98.0114
G1 X122.613 Y104.868 E98.0152
G1 X122.613 Y109.213 E98.1597
G1 X122.592 Y109.317 E98.1632
G1 X122.562 Y109.362 E98.1650
G1 X122.517 Y109.392 E98.1668
G1 X122.413 Y109.413 E98.1703
G1 X118.348 Y109.413 E98.3055
G0 F1650 X118.087 Y109.413
G0 F1650 X117.982 Y109.392
G0 F1650 X117.938 Y109.362
G0 F1650 X117.894 Y109.296
G1 F3000 E93.3055
G0 F4200 X117.499 Y109.370
;TYPE:WALL-OUTER
;WIDTH:0.400
G1 F900 Z0.400
G1 F1500 E98.3055
G1 F1350 X117.488 Y109.253 E98.3095
G1 X117.488 Y104.848 E98.4560
G1 X117.531 Y104.628 E98.4634
G1 X117.628 Y104.475 E98.4694
G1 X117.736 Y104.379 E98.4743
G1 X117.827 Y104.331 E98.4777
G1 X117.930 Y104.299 E98.4813
G1 X118.048 Y104.288 E98.4852
G1 X122.570 Y104.299 E98.6356
G1 X122.768 Y104.381 E98.6427
G1 X122.919 Y104.532 E98.6498
G1 X123.001 Y104.731 E98.6570
G1 X123.013 Y104.848 E98.6609
G1 X123.013 Y109.253 E98.8074
G1 X122.969 Y109.473 E98.8149
G1 X122.851 Y109.651 E98.8220
G1 X122.673 Y109.769 E98.8291
G1 X122.453 Y109.813 E98.8365
G1 X118.048 Y109.813 E98.9831
G1 X117.827 Y109.769 E98.9906
G1 X117.799 Y109.750 E98.9917
G0 F1350 X117.649 Y109.651
G0 F1350 X117.531 Y109.473
G0 F1350 X117.499 Y109.370
G1 F3000 E93.9917
G0 F4200 X118.009 Y105.153
;TYPE:SOLID-FILL
;WIDTH:0.400
G1 F900 Z0.400
G1 F1500 E98.9917
G1 F1350 X118.354 Y104.808 E99.0074
G0 F4200 X118.918 Y104.810
G1 F1350 X118.009 Y105.718 E99.0489
G0 F4200 X118.009 Y106.284
G1 F1350 X119.483 Y104.810 E99.1161
G0 F4200 X120.047 Y104.812
G1 F1350 X118.009 Y106.850 E99.2091
G0 F4200 X118.009 Y107.416
G1 F1350 X120.611 Y104.813 E99.3278
G0 F4200 X121.176 Y104.815
G1 F1350 X118.008 Y107.982 E99.4724
G0 F4200 X118.008 Y108.548
G1 F1350 X121.740 Y104.816 E99.6426
G0 F4200 X122.304 Y104.817
G1 F1350 X118.008 Y109.114 E99.8387
G0 F4200 X118.395 Y109.293
G1 F1350 X122.492 Y105.196 E100.0256
G0 F4200 X122.492 Y105.761
G1 F1350 X118.960 Y109.293 E100.1868
G0 F4200 X119.526 Y109.293
G1 F1350 X122.492 Y106.327 E100.3221
G0 F4200 X122.492 Y106.893
G1 F1350 X120.092 Y109.293 E100.4316
G0 F4200 X120.657 Y109.293
G1 F1350 X122.492 Y107.459 E100.5153
G0 F4200 X122.492 Y108.024
G1 F1350 X121.223 Y109.293 E100.5732
G0 F4200 X121.789 Y109.293
G1 F1350 X122.492 Y108.590 E100.6053
G0 F4200 X122.492 Y109.156
G1 F1350 X122.354 Y109.293 E100.6115
M106 S0
G1 F3000 E95.6115
G0 F900 Z5.400
G0 F4200 X122.354 Y109.293
M221 T0 S100
G92 E0
M1002
M104 T0 S0
G91 ;Relative positioning
G1 E-2 F2700 ;Retract a bit
G1 E-2 Z0.2 F2400 ;Retract and raise Z
G1 X5 Y5 F3000 ;Wipe out
G1 Z10 ;Raise Z more
G90 ;Absolute positionning
G1 X0 Y0 ;Present print
M106 S0 ;Turn-off fan
M104 S0 ;Turn-off hotend
M140 S0 ;Turn-off bed
M84 X Y E ;Disable all steppers but Z
;Data start:58876:61a9dcdd6eb6d65421926d85159dd6b8
;SURFQSAtIFBSSU5UREFUQUlZDHzi6E17riyBkcQfrme/E1k3NJZ8P8kJ6NVJSnsUS0dAPfSj9H0/6h8
;ermQEiKHTPEVt3BVQM1eKujk+FHkpRiw9gaORfba5HwWuBWeKp9w8W2naHUs0Z4aKLyUPYEYqc0700f
;ccXJwfH64FZ+vEv9B3DLt8P11pi7YoJh5mSDNFUu/8+BNZkHNyrgRn68S/WTeF6HwnXQjotC4pHnhMN
;U1J6Mz/IlaXbHvaWg6FqtorNw2ofD9dCOhcDUpjFClHTV7ixv0YTZhrd8FrOIKqzDxDU8cJSzh66NRN
;SnsUKUelfYGxkX0/mHx9y2kCmaXLMFhi9wxNNGac1UxKexQpRyy0waOBfT/5fn3NYAuOtt4tXmPGI0s
;yeOjUTUp7FClHpX2Bu5F9P5h8fctpApmlyzBYYvcIUC1Xm6A/LBp3TEctPYGjkX0/cF8evQVn66XcOl
;JgzQ5eKWGHuxI+CXVfIkA9gKORfT/5b4nuBU7rxL84QWPBGGApeomjKCYkfEYrSU7e0/AJV6Zyf9ZaC
;46q2C1fU84dXClnmtVMSnsUKUcsVMGjuH0/+X5owWwDtLDNOEFpxCNXMmSNphI6GmBBGEFc+fz/EmCL
;emrcZASfrdA3Nw2ofD9dCOjVTUpoFClHTUXo0M4eUJRve8B2Bp+t0DdodKh9P10I6NVNEzsUOkcsPeD
;b+A5gmnBz3mAJmKXLMFhi9wU/XAjo1U1Ke01pRz49gaPzEkuNcHPxaQaSoc0GRHzNGVtdCejVTUp7FA
;cHLC2Bo5EfUI1rccNaE4Ot3DJZadsPP1yScUzU0+LdFkcyPYGj8w9WnXh3wGI4jrzLK0J/wRNRAn+Bs
;TkiJGZIM0VSgaKRfT/5H57PRWf5xL9ZVX7BGFg0Zo+KKysVS1o3SVjlo5B9P/kfHq5cJ+vQv1k3btoV
;WzphhrISLBJsTCNzXO/E/Rg/+B8ergVnC6T/WS4MqHxdL2GMsiQkHEtPK0Nc9cb1Il6Len/xaA6FxL5
;ZNwyofD9pSOjETUp7dlsuSFrozfYiWZVwadxkE47Evlk3DKh8PwRI6M1NSnt2Wy5IWujN9iJMkXpywn
;Y4jajQLkVt3Bk/XAjo1U1Ke01pRzk9gaPzD1adeHfAYjiYrNo1W3/3D084bYzVTEp7FClHLAPBo599P
;/l9bMdhAIKq2AZEfM0ZW10J6NVNSnsUDQcsHIGjkR9NkHt5x2sAtLfKKUdj2ghaOVeJpygrJGZIM0VS
;3s7wBT/4Hx6uBWfrjf9ZOAyofF0vYYWKISMVcXYkQ0jv15F8P/kfHq4Fc6vErVk3DMsTXi58gbsqFR9
;9WjNNU+LGoH0++R8ergVnC/u/SzcMqB9QPHucvCMtJHBANFhc78D0Tz/4Hx6uBWfrJIBZJgyofFwyZ4
;SKICMVS08iSVnzwuUYP/gfHq4FZ+vg/1kkDKh8XDJnhIogIxVLRSZVWPP85RRSnB8frgVn68S/TXcMt
;Xw/XWyNuz4vJGdcN1xS89fOFFGfdnLCWgiesNMwWWnbfD5dCOjVTUp7FClaLD2Bx/QTTJxAbdt1F4S2
;ywZeYsYZTQJtkKUsJAh9RiksPBs6COSmYPYhrh5n68TbPFl/zSNMKHiYuj8+JHhIPklP8vzzEkuNcHO
;uBGfrxL9ZNwyofCxdCOixKCQIcXY0WU3xzOMJYIpve8thZ+rEv1k3DKhCf10R6NVNLhJ5TClfVO7Nzg
;VGpnxxw3UChbfeLV5jxnw+XQjo1U1KexQpWSw9gcf4EFqXbHfBaziTveA6WGHYGVEuaZy8IiQkfEYrS
;T2Ao5F9P/kfHq4FaOvEvzxPeNoJWzh6t7QgJQ56XUctPYGjkX0/CSAevAVn66HHLUV5zBlNAmeOsz4v
;D0tRdiw8gaORfT/5Jl6uF2frxNohQ37dGFovV4ezKzkeYHY/Hj2Ao5F9P/kfHq4FdevEvzxPeNoJWzh
;6t7orLAhxXRhUDoGikX0/+R8ergVn+cS/WVJ03A5KOW2aiiIsHWdMM3NEsKOQfT/5Hx6uBWfr1r9ZN2
;nQCE0obI2nEiUdcloiWGL4kZF8P/kfHq4FZ+vErVk3DM0ESy99jLA/FRRyTzRJSd7aon0++R8ergVn6
;8S/ajcMqBlHKXqdsSg4JGdeLlhe6fzyElCVdnDJWg+OpcssR1PJGEk8ZouwEj4eeVkiXlz11uMYDvke
;Hq4FZ+vE1hk3P6h8PzhwnKc4Lh5mdjRbVPXA+SJclnByx2sAtKzaOEN52CNeOX6Juy4vJGBMKlxY88L
;lCE2cLR6vBWfrxL9ZXkyoVz9dCI2tOTgOcEw1c072yuUeV6Z8ccFpDoWj4DFSbdwJTwJpjKMsJBhxdj
;NFUOSjkH0/+R8erkEn69q/WTdp0AhNKGyNpxI5DH1dJERi4sz+EVaXeEHeZBWAm8dZNgyofD9diKqVT
;VR7FCkiVEnz1vUYTaZsacdxBIOb3DZYYMESWAJ4iacmFQIUKEcsPYGjoRZ/+TsergUCk7DNLFNp2iNM
;KmGctiUVGHtGK0VT5vzlGFKJemzPcRKZoY5ZNgyofD9diI6VTW57FCkiVEnz1vUYTaZsacdxBIOb3DZ
;YYMESWAJ8jbg9Lwl1XTJeWLOjkH0/+R8eLmMn6+G/WTdp0AhNKGyNpxI5DH1dJERi88biCV6La0HLfR
;OZpeA4WmPdEktvCOnVTUp7FClHLD2fo5F9WoFrbNthApmbzC5eeMsUYC9tm6EsOA9LWjdJWOWRkXw/+
;R8ergVTq8SdWTcMzQRLL32MsD8VCGNAM09V3tH0CU2YfGrHagm0pdI2QmLcTj9cCOjVTUp7MGlHDT2B
;o/QFS4tqest3OJiz1i1UZPcOWil6ibY5IxR6djRcWOTHo30++R8ergVn34S/VjcMqBlHKXqdpiQlFUt
;eLkhJ6aOQ56Zghoc33Fjr1b9ZN2nQCE0oe4G6IxUMfU0zRGKzo5DnpmCGhzfcWOvXv1k3askSYD9kga
;USOhphWiJzUPLG8n0++R8ergUnlIS/SzcMqBpeM1eKuSQ6JGBBNUlO6cz9GT/4Hx6uBWfr+v9ZOAyof
;Fk8ZrezOCYXS0EiRVrp15F8P/kfHq4Fh9TEsVk3DM4dUQJunbkhFRd1UCJePYCjkX0/+R8e7gVu68S/
;P1Zi9w9POG2M1UxKexQpRyxkwaOcfT/5eX/AWhSbodo9aGHJBD9cCOjVTUp7TWlHPT2Bo/cUU5hye8B
;xOI+t3jRSeM0OP1wI6NVNSnvoFkc+PYGj9xRTmHJ7wHE4j63eNFJ4zQ4NXQno1U1KexTVeCwvgaORG1
;aVfnPLaxO0oNY4WmncGU1uCOnVTUp7FClHLD2To5F9WZBzf8NgCZ+b2zBWYc0IWi886NRNSnsUKUcsP
;YGukX0/n3Zyz2gChbDgP1tj33w+XQjo1U1KIlQpSSw9gcX4EV6UenDaWgGHq8hoNw2ofD9dCOiMDUp1
;FClHSlTtwvwYUY1AeMJqENnEvlk3DKh8vwtI6NhNSntyQCtNUOTN5SJLgG97rgRn68S/WTcM6HwxXQj
;osyQmGnlMKVhi9drhGA35Hh6uBWfrxL8ZNwCofD87YYS5Ei4eelouWESBopF9P/kfHrpFZ+fEv1lRZc
;QQYDJ+jachKwsUKEcsPYGjkUN/+T4ergUBgrbMLWhgyQVaL1eNrTk4DmdAKEJi9sr1CVembX/abAjrx
;b9ZNwyofGEdCPrVTUodfVs0WGLtwugYTaZsdstpC5jEvlk3DKh8P1lI6PtNSntyQDVfSd7P8ARai0Bt
;wWkOj5vWN1FlxBBgOHCcpzg5EntHGFtU5df5Ik2Ya3fBBWbrxL9ZNwzxPD9FCOjVKyMJZ10rTUTk0c4
;bVpV+c8trE7Si0zZADKl8P10I6JUSCnsHKUcsW+jb9BlglX5ny3c4mLDeK0NT0Hw+XQjo1U1KIlQpVC
;w9gcX4BVqdQHLPfAKZm8wtVn7cI0ZdCejVTUp7FHcHLB6Bo5EaXolAeMdpC7S31jdQYM0jWiV8mqA+I
;xR6djVNSejMzhBegR8frgVn68S/MHcMi3w/XW+JpRIsEnhFGF9U78T9GGCcZ2rccBSCq9EGRW3cFVAC
;ZYG7TUt7FClHLL3B45FiP/kfec91OI2t0zVof8ESWDFtt7A1PglhWi5DU97Q4RhanR8frgVn68S/HXc
;Mpnw/XW+JpRIsEnhFGF9N5Mb1fT75Hx6uBWeihL9JNwyoG1wybI2KOTMLcXYuQlnk25F8P/kfHq4FZ+
;vEsFk3DM8QUD9phIoiLB1nTDNzRYGikX0/+R8ergVn5MS/WVBgxx5eMVeHsys5HmB2Piw8gaORfT/5H
;x6uCmfrxNg1WG7JEGAybo6mKD4kbilGLD2Bo5F9P/kfC64FZ4Oh3i1CfPcbXDJsjYo+LwphTClPWIGi
;kX0/+R8ergVny8S/WV5izhVTMVeJsSw6D31fInNU78X4EVOmbX/abAi0qd4hNw2ofD9dCOjrDUpbFCl
;HRVPnyv0RYJh7f95xDp2h4DBZasEQUwJ6iaEkJSR5QCksPIGjkX0/+Qterhpn68TWN1FlxBBgPGyJpT
;kjDXF2LkJT5NHOGEeJfnDdbAiFxL7DrpUx5aa0N+jDTUp7fUchRVHt/PAZXolrd9hgOIelxjxFf6h9P
;10I6NVNXjsUM0csPejN9xRTlUB/ymQXn63JPGh+zRhKPnyBuiM5exUpRyw9gaORPT/gHx6ubAmNrdM1
;aG3MHU8pYZ6wEj0ScF0vc1DozZF8P/kfHq4Fb6vEo1k3DMESWTRkhIooMg9mXDRFUu/85hRbjXdB3GQ
;Tgqu/WDcMqHw/XVGo1VlKexRAKUpU7c/OG1aVfnPLaxO0otM2QAypfD9dCOjVFAp7GylHLFTvxfgRU6
;ZweMh2Ap+bx1k2DKh8P10I6NVNRXsUKS5CW+jP/SJQn3lty3E4ksS+WTcMqHw/XQjo2E1Ke31HIUVR7
;fziFVqVc22uBGfrxL9ZNwyofCNdCOi8IywSeEUYX03g0eIYYJpwc8xsCY6b0zhOadoPP1wI6NVNSnvk
;FkcgPYGj+BNZkHNy8XYXjqHbWTYMqHw/XQislU1GexQpLkJO5NehIkyJenvKBWbrxL9ZNwyWPD9RCOj
;VJCQIcV0/c07xxvQZP/gfHq4FZ+uA/1knDKh8Vi9nhrwjLSRyRShbT+DX9H0++R8ergVn/4S/VDcMqB
;VNMmaBuyoVCGRMIkg9gKORfT/5HzruBWzrxL8zUn7DI10yfJy6IEp6FClHLD2Bt9F9LPkfHsRgFYCb3
;TZDeMcRYC59mrMsKR4UKEcsPYGjkWl/+RQergUNjrbUBl5izhVTMQjp1U1KexQpU2w9kaORfVWcbXXx
;bAmYocsGXmLGGU1dCejVTUp7FD0HLC2Bo5EXWot0QcdrFI6w4DZCeM0OP1wI6NVNSnscaUcmPYGj+xh
;NkkBu3GwJn8S+WTcMqHw/XUjo3U1Ke35MNUdi9czhfT75Hx6uBWf/hL9JNwyoFlovY7ehIjokZ1w1Sl
;zixpF8P/kfHq4Fc6vEtFk3DMIZTTZXnKcsPB54KUZKW+fF9xs1uR8SrgVnh6XGPEVTwBlWOmCc1UzQ4
;o2w3rX0vqO3fT/5c3/XYBW0rNowUGTcI145aZihJDweS0QmVGLpxvgaV41AbM9xDoTEvlk3DKh8PxNI
;6PNNSnt4SD5JT97L9BRYkWtBz2EGm7DWL1JTxRVRAmCNvCoiD0tbJlhU7qOQfT/5Hx6uPCfr579ZN2D
;JBVovV4CwJC0TYHYmSFzx1/gLWqZsf8N1C4Kq2AZEeM0MP1xz/HsKqwGQFkcHPYGj/RxGnG1BxmAOjK
;zLBlZoyQxLNH6Nij4+HmRGMUlP3sH+CUuWckHcZBOCq79YNwyofD9dQajVZUp7FEUmVVjz/PkYVp53a
;vFkA4q0yzBBafcPSzh4h6MoOCRgRjdzT+DX+BI/+B8ergVn643/WSAMqHxTPHGNpxInHmZOInNe7czi
;GGCffn3LdmfqxL9ZNwyofD9dEOjVTSYabUw1c07kxPwYUY1AcstrAJ+s4DReYqh9xSNiVKHewkQUPUc
;sPe3C6BhNpmx2y2kLmJvQL1J+xB1PXQno1U1KexRgBywogaOREV6AemzxdhOKtsspWGXGCGApcZiwTU
;t7FClHLD2J45F2P/kfcMF/HYeh4Cpeds18Pl0I6HXU06IrKUgsPYHM8xdammtBzWAJn6HNBk8MqXw/X
;Qjo1b31exspRyxS48n0HkumfHvAcQKZm8ZZNgyofD9dCBhqTUF7FCkoTlfkwOUiTJBxda4EZ+vEv1k3
;DKh8Ll0I6LoiMB5LWi9FWO3HzhxRnnN7rgRn68S/WTcy6HwpXQjouiIwHktaL0VY7cfOEVaXekHNahK
;FsL9YNwyofD9d+NfVX0p7FEYoVlje0PkUWpV7QcFjAZihy1k2DKh8P10I4JVNX3sUKShaWPPL8BNYpm
;x2y2kLmJveN1BgzXw+XQjo1U1KRVQpXiw9gcznGE2RfnDJWhSDodM1RFPOHVECe5iwKC57FSlHLD2Bo
;8g9P+EfHq5qEY621zhZa/cPVzhkhKYSLBd7XjVNSeSjkH0/+R8erlEn69G/WTdj3hlNNWmGshI5E3FF
;K19i8tP0GFv5Hh6uBWfrxJsZNwCofD8yfo2nISsLS00yTVGBogvkpmCGh2c6Z/7Ev1lHfsESSwJqjbE
;SPh55WSJeXPXW4xg/+B8ergVna5X/WTwMqHxPL2GGoRI5C3FMIyw8gaORfT/5Vl6uFGfrxM8rXmLcI0
;s4ZZiwPysPYVsiLDyBo5F9P1l2Xq4XZ+vEzyteYtwjSzhlmLA/Kw9hWyIePYCjkX0/+R937gV168S/K
;UVlxghgKW2FpSg4GmBcNUkOgaKRfT/5Hx6uBWf5xL9ZR37BEksCfI24PS8JdV0yXli1o5B9P/kfHq4F
;Z+vPv1k3fskaSwJpgacqKwsUKN21pBg6CLQA+QAergUViqLLBlVt2xlgOHCcpzg5EntHGFtU5df5Ik2
;Ya3fBBWbrxL9ZNwzBPD9LCOjVPysdYHYlTU7k/PgTWZBzcvFkCYyo2lk2DKh8P10I6NVNXHsUKTVNW/
;X88xxMnEB3wGMOh6jgK1Z4wRM/XAjo1U1K+1RpRzw9gaPjHFmNQHzPdgK0qN4gUn7bfD5dCOjVTUp7V
;ClULD2B0fAbS6Z9f91gOIet0TxAZcwIV10JckzU0+KNwHgsMoGjkQ9en2tBzGQUjpvMKVJpzHw+XQjo
;1U1KW1QpVCw9gdHwG0umfX/dYDifrNY6XGLND0xdCejVTUp7FMl4LBmBo5EPXp9rQcdrE4622ThUafc
;ZRyl6naYkJRVLXi5ISen84xxLkHAerwVn68S/mVVMqGc/XQiatCs+JH1HM0lP58LyGGCQcXjHaQu0pd
;E+W2mofT9dCOjVzRw7FDJHLD3zwvcJYJBxast3AYqn2gZeYs4VUzFXmrQ5IxQUKEcsPYGjkTR/+Qoer
;gUViqLLBl5i3BlNO2mLsBImGm1MNV89gKORfT/5H+6RBX/rxL8rVmrcI1YzfI2nKysYcXYrRVPk1PgZ
;S5EfH502VNj3jLoIDL58P116ibM5FRJ6XSJeW+DA9CJMiX59x2sA68W/WTcMqHzPYgj81U1KCXVPM3N
;U79f0D1mYfHvxdheOodtZNgyofD9dCNaVTVJ7FCk1TVv1/PgTS5xteM9mArSw1zBUZ8YZTC4I6Yf1VP
;7/eJ8TPZCjkX1NmHlq8WkOhaHgKkdtyxVROgjp1U1KexQpT2w9iqORfU2YeWrxaAaZo9Y3Nw2ofD9dC
;OjBDUpUFClHXlzn184SSZxtbMdhArSi1itEePcQXiRtmoooMg9mXDRFUu/85hRbjXdB3GQTgqu/WDcM
;qHw/XVGo1VBKexRbJkpJ3sznGE2LdnrLWgCHq904W1PHGlkubZyKN0p6jrDetaQYai59HfkfHtxkAZ+
;bzCxFaskfWgJtkKE/Pwh9RilzSujH5RVgi35qx2pn6sS/WTcMqCV/XR7o1U04GnJdGF9I88XwHlqmeX
;fCaTiZpcs8Nw2ofD9dCKiADUpuFClHXlzn184OSot5f81gOI2o0C5FbdwZP1wI6NVNSvtyaUc1PYGj4
;xxZjUBt23cBiqfaBl5izhVTMVeJuyomHhQoRyw9gaORQ3/5DB6uBRWKossGRHnaGl4+bbe5LDMeZlpH
;LT2Bo5F9P/lfHrgFZ+u23j9DU9sJTTtpi7ASJhJ6TDBFWfXLkXylYIaHN5y+1MSrWTcM2h1ZKVeboD8
;sGndMGF9N4MD4E1j5HhR5phfWzmhmNx6ofD8vaY6hEjkOZk8mT1je0OEYWp0fH64FZ+vEvxd3DL58P1
;16ibM5FQhhWyFNXuT85RVWmnRwy3YU68WWBbjOXVTzYgj61U1KCXFaM01P9fz1CF6VQG3eYAKPxL5ZN
;wyofD9pSOjBTUp7Zkw0WFzz184YR41tf/FkCoSx0S03Dah8P10I6NVNSm0UKUdeWPLX8A9Lpnpm2ncG
;tKXSNkJi3CMNXQno1U1KexQpRywkgaORD1qKa3/ccTiOvMsrVlPMCV4xV4m4Ij8VYClGLD2Bo5F9P/k
;fE64FZ5mhzC1WftwjTC1tjbFNS3sUKUcsPbjjkXI/+R9sy3YTirbLBkR8zRlbAjro1E1KexQpRxV9gb
;KRfT+LemrcZASfrdA3aG3FE0ozfOjUTUp7FClHOH2BsJF9P4t6atxkBJ+t0DdobcUTSjN8t+dNS3sUK
;UcsPZXjkWs/+R9sy3EViqfLMFhi9xhKPGS3tCAlDnpdRy09gaORfT/dXx67BWfrttotRW3LCFYyZrex
;OCsXS1o3SVjlo5B9P/kfHq4xJ+vjv1k3fs0ITTxrnLwiJCRxRyZOUeT8/ghLinZ6y1oFhLDLNlpTxB1
;GOHqb1UxKexQpRyw9waO1fT/5bXvadwaIsNY2WVPNEl4/ZI2KIj8PZ0AjSWL1zOEiU5hme9x2Z+rEv1
;k3DKh8f10G6NVNOB5gWyZPSejM/yJXlm8erzZU2PeMauQzqGw/XQiasDk4GnddLkNT3sv+DWDLHx+dN
;lTY94yKCAy9fD9deo2hPysYYEAoQmLsyv8iS4t+aMtpZ+r3jGoEP5ufAF0f6NVNOB5gWyZPSejM/yJS
;kHFB2ncGnaHTBgUMqU8Mbjvb5q51ewgpRyxP5NfjHFyNdnHAWgqCqtY0VmD3GUcpep2mJCUVFCg8OJP
;GQuvpAPkBHq4FFY6wzThUeMETUQJlgbskJxp4diJUSfPW4hRQl0AsrgQc/2r4uE2Yl3wvXQjopyg+CX
;VKM0VS7/ziDVqcex6vBWfrxL9Zfkyobj9dCJqwOTgad10uQ1Pe0OEYWp1ALK4EZ+vEv1k3Reh8JV0I6
;KcoPgl1SjNFUu/86xVQiUB9wWsDgrDWNlk9qH0/XQjo1U26RBQzRyw988blD16aa3fBaziRrNApaG/H
;Els0fIG6I3h7FSlHLD2Bo2FCP+ofHq52Aoir0T1oYMkFWi9XkoohIx1gKUYsPYGjkX0/+R8XrgVnmK/
;WK0NTzx1PXQno1U1KexQhBywtgaORDlSQbWrxaQ6FoeA6WHnGCD9cCOjVTUp75BZHOD2Bo+IWVotrQc
;NsCYKp3jVoYM0SWClg6NRNSnsUKYdOfYGokX0/inR33HE4mLTaPFMMqXw/XQjo1XkKew4pRyxO7czmI
;luWaHDxYw6Zt8sGUWnfI1M8cY2nPkp6FClHLD2BU659KPkfHt1oBoeo4D9SbdwJTTh7t7EkKxZxXSJe
;PYCjkX0/+R867gV768S/KlptxBBgO22JoTg4Hmd2L0NR5Pz1FF6UemrLd2fqxL9ZNwyoYH9dE+jVTTk
;WdUUrc1vkwuUITZxsQcdrAYKo0wZFbdwVUF0J6NVNSnsUcAcsJ4GjkQ5SmHNy8WMCirDKK1J/9w9POG
;2Mij8rD31GRy09gaORfT+wXx6MBWfrt9A1Xmj3HlApfIe4Ei8DYFsyX1Tuzc4KVp1rdvF3Bp+t0Fk2D
;Kh8P10IsZVNUHsUKTRDUejHzh9QjWtxw1oBgqjeNFJi3CNZMWef1UxKexQpRyxkwaODfT/5bHHCbAO0
;ptAtQ2PFI1M8cY2nTUt7FClHLH0O45FvP/kfbcFpDo+b3TZDeMcRYC54jbApSnoUKUcsPYHn0X0p+R8
;e3WoLgqDgMFlqwRBTAm2QpSwkCH1GKSw8gaORfT/5Hx6uFmfrxMw2W2XMI1YzboG5IRUIfEwrQE6Bop
;F9P/kfHq4FZ/3Ev1lEY8QVWwJhhrMkJhdLXi5ISen8/BRR+R4ergVn68S/WTcZqHw/LmeEvCkVF3VQI
;l5i9cv4HlSXem3dBWbY94xqBD9LQz9CCOjVPiUXfU0YWFLx/PQFS4tqbcdqCbSz1j1DZPcOXilhh9VM
;SnsUKUcsZMGjhn0/+WxxwmwDtLDQKWhqwRBeMG2GoRIsF3teRy09gaORfT+gXx6hBWfrt9A1Xmj3CFA
;tV4S0NC8JFChHLD2Bo5Flf/kQHq4FFISo1j1oeMcMYC54jbApSnoUKUcsPYHn0X0x+R8e3XUSmbfgNF
;Z03xVbKWDo1E1KexQpR8wCgYKRfT+Kam7eahWfm949VnzcFUk4V4G7KyMXeHY1TUnozM4QXoEfH64FZ
;+vEvx13DIl8P117naU9JQlgdiZIXPHX+AtapnZwyGwLh5vNOENlxyNSNGbo1E1KexQpRwJ9gYORfT+K
;am7eahWfm949VnzcFUk4V4G7Iy8JS0w/XFzv0PgSUfkehDec/nJdZmY3G6h8Py59mKUiOA9LSCNNTfX
;K5xhglX5ny3cU68W/WTcMqHwrHQjz1U1KCGFZN0NP9fzwGV6Ja3fYYDiZodssVHjBE1EuCOnVTUp7FC
;lTbD2bo5F9TIxvbsF3E7Sl2zhHeMEKWgJ/gbE5IiR5QCksPIGjkX0/+Rderghn68TMLEd8xw5LAmmGs
;iEvexUpRyw9gaPfPT/qHx6udhKbtNArQ1PKHUw4V4S0NC8JZylGLD2Bo5F9P7kfB64FZ5ixzylYftwj
;XTx7jYohKwJxWzRzTvHG9Bk/+B8ergVn6/r/WSkMqHxMKHiYuj8+JHdGKUJY4tf4ElGmZ2fxYQ6YsN4
;3VGmofaXEkXFM1PNEFD5HLD3y1uENUItrQcpgCZih4D9eYMQjTTx8jdVMSnsUKUcsacGjgn0/+Wxr3n
;UImbDgPVJi2xlgMWmRsD9KehQpRyw9gaORfSr5Hx7dcBebq80taGrBEF4wbYahEiwXe15HLT2Bo5F9P
;6BfHr8FZ+u3yilHY9oIYDthhLkSOBpgTEctPYGjkX0/x18euQVn67fKKUdj2ghgNGaOvCEmJHtcM0BU
;78bifT75Hx6uBWfrxL9KNwyoD0oteIenORULfUUrTU/e0PgHWvkeHq4FZ+vErxk3J6h8Py59mKUiOA9
;LWipNUe389xFQmGt7yloBjqXLLEVp2yNHJFeNrT0rFWdAKEI9gKORfT/5H+6RBWrrxL8qQnzYE00pV5
;ulKC8fFChHLD2BoxE7f/kMHq4FFJ60zzZFePcERgJsgaY5KxV3TEct8E1vXbHzFSAeugVn67fKKUdj2
;ghgJXG3sDU6GnpaLkNTgaIL5KZghodnOmf5xL9ZRHnYDFAvfLevEi4SZ10mQl7ko5BODMosLZ3GWOvY
;v1k3f90MTzJ6nIo3FRRyTzRJSd7H/gpRpnN/12AVmMS+WTcMqHw/rTfoz01Ke2dcN1xS89fOB2CWeXj
;dYBO0sc8GW23RGU0uCOnVTUp7FCm3Ez2ro5F9TIxteM9mArS30DVeaPceUCl8h7gSLwNgWzJfVO7Nzg
;pWnWt28XcGn63QWTYMqHw/XQixlU1XexQpNFlP58LyGGCKcHLHYTiJq8stWGH3GlMyf5q0OS97FSlHL
;D2Bo8g9P+IfHq52Epmi3jpSU9sTUzRst7ciPg97RBhAXPjG4w4/+B8ergVn6zSAWS0MqHxMKHqOtC4v
;JGdGK0VZ3sH+CUuWckHddQKOoL9YNwyofD9dNqjVakp7FFoyXlvgwPQiTJZzd8paE4S04DxPeNoJTDR
;nhoo6Ix9gQRheXPXK/n0++R8ergVnsoS/QzcMqA9KL26JtigVCHtFLkhi9czhIlmVcGncZBOOxL5ZNw
;yofH8FSOjNTUp7Z1w1Slzixs4OUJV2evFxCJub0zhOadoPP1wI6NVNSnvkFkc7PYGj4ghNn359y1oUh
;KjWPWh4xwxgLniNsClKehQpRyw9gZ3RfTD5Hx7abQ6Fm8g4W2D3D084bYzVTEp7FClHLAPBo4h9P/lr
;dsdrOJyl0zVoe8EYSzVXmrQ5IxRLRCZUPYCjkX0/+R937gV+68S/LV9lxiNIPGSEijojH2BBGF5c9cr
;+IlKQcR6vBWfrxL9ZDkyobD9dCJy6PRUZe10zQ1De0OEYWp0fH64FZ+vEvxd3DKR8P118mrQ7LxdLWj
;dJWOWjkH0/+R8eLlQn69q/WTd42h1JOGS3rxItGHtNInNZ6NDlHFGaekHIbAmCt9dZNgyofD9dCPyVT
;Vt7FCkxSU/yyv4TYJV+bdpaAo+ty1k2DKh8P103WZVNQXsUKTBNUe384hValXNtrgRn68S/WTcM6Hwx
;XQjooiwmF0tdL0Ve6s30Dkz5Hh6uBcdyXVZmNxaofD8qYZiwEiUOYEw1c1Tv0PQJYJ12bdpkCYihjlk
;2DKh8P10I6NVNUHsUKTBFTeT8/ghLnG1Bx2sUjrDgPV5/3B1RPm3a1UxKexQpRyw9gaOGfT/5aHfeYD
;iEscs8RVPBEkw4fLemPS8ecBhHLT2Bo5F9P7dfHrkFZ+uz1ilSU8cJSzh6t7wjOR5gdjRcWOTHo30++
;R8ergVnpYS/TDcMqAtWLW23oSI9HmZ2IUVF5MfODVCKZx6vBWfrxL/ZfEyoaT9dCJ+8PS8kYEYwSU/e
;xfgFWp1AbsF2HuvFv1k3DKhMVB0I/tVNSgx9WSJzSe7U9A9gkHF4x2kLtLbeLVIMqXw/XQjo1RQKewY
;pRyxK6NP0IkuWaHvcWgiNosw8Q3SofT9dCOjVTUq7FDtHLD32yuEYYI1wact3OISi2SpSeNF8Pl0I6N
;VNSntUKVcsPYHU+A1apmtx2WAVtLfPPFJoqH0/XQjo1U0DOxQ4Ryw99srhGGCNcGnLdzidq9MsWmmof
;T9dCOjVTWQ7FDxHLD32yuEYYI1wact3OJ2r0yxaafcRVjMI6dVNSnsUKWNsPZGjkX1IkG978XEInKHN
;BkBlzAhXXQno1U1KexQdBywygaORClaJekHZZAuHm8wpUmnMfD5dCOjVTUoyVClJLD2B2c4JTZhpe8J
;aFJuh2j03Dah8P10I6PsNSmgUKUdNXuLG/RhNmGt3wWs4jqreO1tpqH4/XTjo1U0rDXtAI3NJ88LnGF
;Omd3HCYBS0tN4tX1PFHUcCZI27Kj4TS08mT0nu0c4YUZh9cssFZevEsFk3DMoOVjlvgbsqFR56SCVAW
;IGhkX0m+R8ezHcOj6PWN1BTzh1RAnuYsCguJHFHJk5R5KOTfT/iHx6uZxWCoNgwWWv3GlYlbYyKLCQc
;eEwYSVPgwf0YP/seHrgFZ+umzTBTa8ESWAJ7gLAhJghLTClNX+3GkX8/+QUergUFma3SBlJ03BlNM2m
;Eij4iHnhFNHNb6NHiCT/7Hx68BWfrps0wWlPBEkw0bI2KKCQadkUiLD+Bo7J9P/l8cc92E4Kq2AZSYs
;keUzhXgbsrIxd4djRFU+bP9CJTkHF7nwVl68ScWTcMyxNeLnyBuyoVHnpIJUBY3sr/G1aVc0HdbAmMq
;NoGW2XGGQ1dCujVQ0p7FEooQ1Hey/QcW6Zzd8hxZ+nEv003DKgfUDJkgbsqFR11RxhFU+LR9BxMnB8c
;rwV868S/OlhjxBVROleYpyQkD2dZIklZ3tD9EkidcGnABWXqxIxZNwzMGVEubbemODoLe1szc1Tvxfg
;RU6ZqbctaC4Kq2ipoZcYjVzRvgIopLxVnQDNVYubR+Bk/+x4ejAVn66DaN0Rp9w9KLXiHpzkVF3VQIl
;5O3sH+CUuWckHLawaJqNpZNQyobT9dCI27LCgXcXYwRU3k/OUSSJxtHqwFZ/7Ev1lSdNwZTTNphIo+I
;h54RTRzW+jR4gk/+x8eiwVn66HHLUV5zBlNAnufvDkpE0tKKENR6M32Il2ceXHcYDiYs9YtVGSofj5d
;LujVTS8DYFsySFjz/OIKVo18dvFmCISo1jdQU8AZXil9mIosLg11RyRJPYOjkV0/+R971nEVnqDaK2h
;/3xVLPmC3tiIlF31HIHNU78LyCVaPeh6sBGfDxL9ZUnTcDko5bZqKPj0SYEovc17uzP0UUZ5Abs93DL
;Sp0C9SU80SXj9kjdVPSnswKUcsWPnX4whbnG1B3XIOn6fXBkR4xwxgKmGYsBI9GnhFGFhS9sbjfT34H
;xGuBWeNpdEGVWDBDGA4Zom3IS97FihHPj2Bo/ccUaZ8ccFpDoWj4DxZbcoQWl0K6dVGSnsUTyZCYuTN
;8B9TnHserARn+MS/WVFtxhNZO1ePtiIuHktMKU1f7caRfz75Bh6uBQGCtswtaGDJBVovV5u9KCYXZ3Y
;iQlzjz/R9PfkfK64FZ42tzSpDU8QdRjh6t6YiJhJwdi5CW+jP/SJagWts23YOhKrgLl5o3BRgL2mcvC
;IVHnpIJUBYgaGRfR/5Hx7IbB+0rNArRWXKEFoCbZChKCQIfV8ic071yuUeV5Bxea4HZ+vZv1k3asEEY
;DVnmqckKBdxdjJCVO7NzhxTlUBq13UCtKW/WzYMtXw/XW6BrRIiFGZbLk5R5PzkE1aWcUHPaQu0sMYp
;UlPKfD1dCPXVTUodfVEYRFLz0fgfU5xAa8BsCIWb0C9SfsQdTy1tjNVPSnsOKUcsW+jbzhVQi213zGk
;CtLHMPGhj2BlRAmqBoT5KeRQpXCw9gcX9EkiLfmrLWhWOt9otaGvLE1s4V427LCgXcSlFLT2Oo5F9WJ
;hvQchsC4ebzDFSYMQPP18J6MxNSntzSDdzW+jP/SJMkHF5wmA4jrzLK0J/wRNRXQro1VFKexROJENZ5
;Pz3FFOccX/DYDiNq800Vnj3GVE8aoSwTUh7FDJHLD3ozfcUU5VAL541OJ632gZEY8QVWwJhhrMkJhcU
;K0YsK4GjkRRRn3ZywloGj6XPLV56zSNaM2mKuShKeRQpYyw9gcr/G1aVc0HNagmIodEtRWXLI0wyZIG
;xEj8IcXYgTU3exfgRU/kdHq4dZ+vE1jdRZcQQYD5nhrsoKQ9LTClITe7K/wlM+R0ergln68TWN1FlxB
;BgO2GapjlKeRQpXSw9gcr/G1aVc0HdbQKHqMwGQn/NI1g8eLezJCYXFCtGLBiBo5EUUZ92csJaEpih4
;DVeYs0PYDRmt70kLRNLTSJCTujX6CJYi3Z6rgdm696/WTdlxg9aL3y3vSgrD2FZGEte7sf0IlqXfnzC
;YGfpxb9XNwyoFU0yZoG7KhUeekglQFiBoZF9NPkfHsRgFYCb2jdWbsQZP18I6MlNSnt4SD5JT97L9BR
;YkWtBz2EGm7DWL1JTzRJeP2SN1U9Kew8pRyxR4Nr0D2CKd3vCaRS0q809Un73E08pYYW8Ny97FihHMD
;2Bo/wSW5B5d8t3OJis2jVbf/cRWi9vjYo9KwlxRzMsP4Gjn30/+XFx2loUirLaBkR4yQhaXQro1UZKe
;xRGKFZY3tD5FFqVex6sBWf9xL9ZWHrNDlc8Zo+KPiIeeEU0c1jvwvMRWvkdH64lZ+vE0C9SfsAdUTpX
;m70oJhdndiFNU97Q4RhanUB7wGQFh6G/WzcMsHw/XWeesD84EnBMGEpU7cL8GFGNQHvAZAWHob9bNwy
;xfD9dZ56wPzgScEwYSlTtwvwYUY1Ae8BkBYehjVk1DahmP10ImKckJA9LWSZeSfL84hhOjHpwzWA4hL
;bbPEUMqnw/Ugjo1T8rHWB2LElY8fz5ElOcbB6sBWf/xL9ZRW3OCGAyfo2nPyMfcXYiQlzjz/R9PfgfN
;q4FZ5mhyytWb9wVUDNXiaMiIx9LXClCWOLG4g5ei2ZBx2s4mLHPKVh+3E0/Xwjo/U1Ke2ZMM15c4tf4
;ElGmfmjBbAO0sdE3Um/ND0w8epGKJCQkZ1w3XFLz16N9PfkfDK4FZ5mhyytWb9wVUDNXi7ogKBJ6Tkc
;uPYGykX0/i3pq3GQEn63QN2hpxh1dMW3o10xKaBQpR15Y9dHwHkuQcHDxYAmKptM8aD6ofj5dLOjVTT
;geYFsmT0nozP8iWpd+fMJgOImh2TZFafcTSiltmoo+Ih54RUcuPIG6kX0/i3pq3GQEn63QN2hpxh1dM
;W23ujg+CH1NIiw/gKOHfT/5bXvadwaIsNY2WVPEHUY4eou9LCQccSlFLT2Uo5F9TZxrbM9mE4Kr0QZZ
;Y9wjVjN7gbEoSnkUKVwsPYHR9AlNmHxqx2oJtL7XNkdTxxJTJFebuiEjHyUpRS09mqORfU2ca2zPZhO
;Cq9EGTWTHDGAyZoSsEjkUeEAjHj2DopFkP/kfbctxE4Kq2AZSdNwOSjltmop/FR56SCVAWIGhkX0t+R
;8e3W4OmbDgP1h+yxlgOGaJtyEvexYpRzk9gaPiEF6Vc0HIYAafsc08RFPNEl4/ZI3VT0p7NilHLE7sw
;v0RYJ96f9pwFY634DBZasEQUwJ6iaEkJSRxRyZOUeSjk30/9R8ernYIh63bBlVj3AhQMAjq1E1TexQp
;NENR6MfOFFGfdnLCWhKYoeA+Vnz3GlYxZOjXTEpyFClHX1LtyvUiS5ZvHqwEZ+LEv1lEfMEOXjFhkrB
;NSHsUJUcsPfLT5A9Mpnpwz2cLjsS9WDcbqHw/Ln2YpSI4D0tII01N9crnGGCccX/MaQLrxr5ZOQyofE
;woeJi6Pz4kcUcmTlHko5N9P9QfHq52Epu00CtDU8ESWTRkhIo4OR5LRS5CWPL8+BNgkXZ5xloDjqrMM
;EN19xtNNGzo10xKYxQpR19I8dP+D0umc3vPbh60p9A3WWnLCFYyZujXTUpiFClHX0jx0/4PS6Zyccps
;AYKhzQZQacYZTTx8jdVPS3sKKUcsTvTT4RJNjUBtw2QLh5vZNVht3BlbAm6NtDk/CXFaRy48gbSRfT+
;NenPeYBWKsMorUlPEFUwpV427LCgXcSlFLD2To5F9S5xybst3Bp+xzTxoYckSSjxk6NdNSnEUKUdbVP
;HGzglQjnpsrgdn6+S/WTd7wQxaAnyHoig4JHJAP0lZ3tP+DlaNdnHAWgKFpd01UgyqfD9MCOjVLisPc
;U4oXkTezfAQWqZ3e9YFZPvEv1kHPJ5OD20+q+V9fU4kGXEZPYijkX1al3swyWYIj6G/Wh0NqHx4ZDnI
;7h8vF3VdLlpYodP+DlaNdnHAbAmMzvhoF0mFTh8bOt/lfWpARkwzXlzi17EcH5t2aqRCVsuBkmsXVph
;SDX1O2uF9elsveyJYT+DA5V1el3s+3GQOmKGfAz1LmVxnaCix4G0MSCQZdwwG1srhGB+WamqkQlbLno
;5pFzf6HVYubciPbScUZkxNawSxg6o8XYpwcttxAsu00CpeeMETUTNhhrJHQDwlCR8cHdiTsUZvi3pty
;2sTy7TNMFl4ojEObT7Ihn1qQEBcNUIQ7sX3XVmYcRTjNFff5OxpFzf8CU0zJYezK2oTe10iQlmL7qBJ
;D9lMLo4+M5620XRYas5cXThs4t8Ack80cWd1HcSDqjlWin58wmBHiqjTeUR4zQxPOHqb9S8/DzRzRyY
;9gaP0E1vLMXnNagOOxLzZNwyoMQ1vOciBfWooJRl3JnCzkaBda8g/TZ81V+GJjmkDLPxMHw444ph8ek
;80fXYMbrGp3EwLyT9Nng8q2vSIU3A1mXZ4bCit+HxqPScZdyZ6sIPLVg/XKj7rKFLLnZJrByzuB0sva
;Z6wIRUIZEwiSECL5KNFH6EvPvc1bab8i1NwNZh8Kl0I6LA1PglhTSJeYvLU+AlckTF5zWoDjsS8WTcM
;qHwxXQjosywkJGdZIklZ3s/4Dkv5HBGuBWfa/41sDD6TSQ9mO9PkfXp7BSlHLFvoz/AQWpdrQdp8F46
;bzC1FDKt2P10IuJkMako6HnJBUIGxkX0/n3Zyz2gChbDgLU58zSNMKXra1U5AexQpF2B8oZK/SgqUch
;6OBWfrotYrRHj3EF4kbZqKPiUXfU0YRVPnyv0RYIl+atpgFYXEvFw3DKgwVjNtm9VYSnsUTiRDWeT89
;xRTnHF/w2A4javNNFZ4qH9YXQjoriopFHBMGEpU7cb/HFKcQGnHcQ+EscsGUnTcAWAmZYm2JSMVcXYz
;VU3k/PAfXYt6aMdkE4Kr0SRod84VUzxljbs5FRV1RCJzXOPB4xhJkH5qx2oJ2rngIltt0RlNAmCNvCo
;iD2lEKiwsgaORGlyWe3vxdQiYsM8rWG/ND0xdC+jVTUp7HilHLFrizPUYYI1mbssFZO3Ev1lladguXi
;0I+dVNShJ6Ty5AUd7C/xpTnEByx3YT68e5WTcMnEkEbDvd1VhKexRAKUpU7c/OGUqYc0HLfROZscwwW
;GKofzNdCOiUISZbcVEzXkjlxuN9MfkfHsdrAYKo0wZHbdwIWi9m6NZISnsUZS5CWPKjg30/+XN/12AV
;tKfXOFlrzVJYPmeMsE1JexQpRywggaOREV6AemzxdhOKtssGR2PBEksCe420IBUYe1spSU+BoJd9P/l
;Ne8hpApPEr1k3DMcTRThXm70kLxdwdjNVTeSjknQ/+R9Jz3ECmYLeNVsMuXw/XXiJoD4vJHxMLktV9f
;z9FEyNHx2uBWfrxK5ZNwzYEF4pboenIBUacE0uWFTuzZF+O/kfHuBqCY7Erlk3DNgQXiluh6cgFRpwQ
;SJfVO7NkX47+R8e4GoJjsSzWTcM2A5WM3yNpxI+AmRMRy82gaOROFGdemyONkeloctZJAyofE08bpyK
;KT8aeHYiVEnz1uIUUJcfHaAFZ+uC1itEeIgZRyl6nbEoOHsHKUcsT+DF5SJWl3l3wmk4m6XLLVJ+xnw
;8WAjo1QEjFXFaRzw9gaPjGEuLfn3abAiF6tg6WGjNfDxdCOjVTV57FCk0R1Tz184ZSphzQct9E5mxzD
;BYYqh/MV0I6JMkOAhgCSJUSfPW9RhN+QgergUUhKjWPWhlxhpWMWS3tCMtF3F2K0VO9aOSez/5HyqbP
;lbY8b9NNwyoD1AxYYyKJCQdfUUrc03g1+UYTZcfHaUFZ+uW2jpDZcQVUThpmtVWSnsUWihAVOX8+BNZ
;kHNy8XUGn7DaK1lTyhNLKWeF1U5BexQpFUle9cr9FFGcfmyuDmfrxMwtVn7cUlg+Z4ywTUmAFSlHFx3
;EzfUYTdksPu1wFJ+r0nlkeMkOS31PxbYiLh4ebn4eHcSTsUYfq3pty3FHrrzLK0JozQ41GjrQ9XZqM3
;tEIgxc7c+xHEecbBTpNEex9pFpF0qbTA9tKNP1ACUNcQkdDHz5yuJdSok/csdxE4ehny1YLNgOWitth
;qFtORhmSDNPVejN9l1Qnz9Wy2QTy4baPT1LmVxnbSbZ9RR4SzRzdwIOoeWkTQ/JMS6OPkemq8k8F3jH
;XEwpaZqhbToUZ0AzRVLvqdZMH6EvMJ8lPtn0j3cHLPJMEW4oruR4eks6GWdpDLSDql17i35pjnEPjuT
;ZMEV/3FxTNGaN3wp7W0wZaRgd2JGhTRHJP0SeK1TLgoppBzyGTB9mKKW6Oy9bYEZnX1TlxrEcH5V2at
;ppAuGDjnlvPIZIHwQ62PUXelUnCQEdCLGTv00fvCwujj5Hr7beLhd4wBkfLm2LuiMuW3hAKUk3xpqjX
;XrJPyWOVwKYoct5cnTcDko5bZrfCntbThtpHB3HkKFND9kkPuNqEY7k5Xl2dMEPHyh4yLkkPg94TGdY
;UqHT4xhJnHFqjnYEmaXLOl9lxhsfMm7InSgrDzRrIkg3xpKxJQrZRiyeJT3b6ox5cTmYTA9zOMjubQc
;UYkxnQ0vk0bEJUNlvbMtzAoWwnztbY8pcTCx9gaYlSncUKUdfSeDR5U8RnnxxymBn6Ki+WTdBnUsNfU
;zY9R56VSQQTWEItpGxOQ7ZTC6ANV7hg41oPUuRTDUQMNrfAHtLIyMAHgWL5KBdZcgqMJ4lIZCwzThBa
;cQjTC1tjbEwQC8kIwAVD6HmoXd4yD9GnTVHsumNeXE0mEw1GjnIj31kSCEJAR4NsanWTB+hJyuOXErZ
;5PpoBCzuTg9tAq/kbQ9KIQkBHg2xqdZMH6MqPug3V9vO+GAFLO1MNRo4yJBgMQlxXTVNXvXK/hNgnWp
;/wloGhqvKN0NxiDoNbTjigXxAPC0bZ2kNi+SgXWfKLy6OXErZ5PlhBzyiOw59Utj7fn9bUht3HDfGkr
;ElDM8vPvcoVcuBjmoXSppMD1dP2fUIe040b3UcDYvkoF1lzD9YnDVX4YOGaxdJmHZ4bSit+DY4HmBbJ
;k9J6Mz/IluMfnLxZAqEsdEtSizuTg9tArzlRw1KNG88WE/g1fQRYIpve8thGuGJjmgALPgOVjN8gbsq
;ZFU6KUAsPYHQ5A1Plm1qrgZj68S/F1hizXwjXQjopjg6C3tbM3NZ5M3iGGCdan/CWgKTsM0sRGXHEj9
;eBOjVTQsXeAkiVEnz1vUYTfkNHq4FFJ60zzZFePcYWjN7jYo5MwtxKUQpPYGj3RRRnGweuAVn67fKKU
;dj2ghgOX2JuRIvA2BbMl9U7s2RfjH5Hx7obBWYsJ88T3jaCVs4eujMTUp7Z1w3XFLz184UUZ92csJaB
;oWj0zxoYMEPS10L69VNSlYgHEc8PYGj4ghPiXBs2loUn7beLVJr0Xw8Wwjo1QMlCXlIKywxgaORDkqJ
;b3HccTifvc88Nw+jfD9dWo22OSMXfUciTU+BgJF9P4pqbMhkBI6bzDZbZcwjXTJ8nLogFRJ6Ty5AUd7
;T8AlLnG1wrgZi68S/FV5izQ8/fQjo1T4/CXJIJEli8sz9FFuma3HeWg6FotY1W1PYHUspbZq7TUl+FC
;lHYFTvxuJ9K/kfHtpgCpuhzThDedoZYD9tjIohIwhgKUQsPYGjkWg/+R9qy2gXjrbeLUJ+zSNTOG6ci
;iEjCGApRCw9gaORaz/5H2rLaBeOtt4tQn7NI000b4ChEiYSZ11HLz2Bo5F9MPkfHtlsF46byzZAadoj
;UjJsjdVOTHsUKQlJTvXG9X0v+R8e2WwXjpvLNkBp2iNMNWmYsE1JfRQpR29U88D9GD/3Hx6ucg6boeA
;uVmDEI1IybI3VTkB7FCkOQknk0f0cXJx7HucFZ+vPv1k3ScYYWi8o2/UDLw8UKUdHfoGj+j4/+WVdrg
;Vn6wlzlQkNqHz3HwjoHQ9LexQpRyz1wKORfT/7Hx6uB2frxL/dNAypfD9dJ+jVTUB7FCkXYHyhkr9KC
;pRyHq4Fh9TEv8JzDKhqfF0IGJRN6vdRKf8keoGjOz8T6h8eJ1UprMm1Qz0MqHwyFECsh01KeV4pRyxo
;iaWRfT9PI9VQBWfrzc8Rbn+ofDROCOjeXkt7jrVfLD2Tedg5fq1ngkPYqIQf1yMw/AdoBHuLjs4k/JZ
;MB5dgLs21ojy+P6EICOoqkCgWnNtt/wN/JqZNOyjLDeqpf7ug2mxgoxJaWp8MdymickkXUZ7BMBrOzF
;43le4XhmZICBDbBe/nnbH15a8D0cMffOVL9Rbz4artGzMN3lqfg+0BFCtF7MLT5kBMc2a0T6qn7Nfnr
;4dEiKVmtk0aVQACudvu3cUMmIqcB4Xb1s8e7ozP4HUVtrN1pZpGc0vZvL1M6Xc4+83gy4A7S3M1DVQQ
;yA4Ng5fCSgYumeskO5TtnlD29C7oNPAqDIUoL9YubsPEIuILUweqFJfvhFm46Coo5QQNyUk+k+fukTP
;g3E8j7D16WbLrHVOEQ1GNEUdQI4tzTp3FClZdlsZCAkaLFAq8BplFF21dJ3H9K7XE+PmVO+I2viViRZ
;C0WlbeWqjM8oEIo0IErjbCbVBK+S3qP73csKk/AgeQqVLiZdZGwsVBrrlizLLcDX36IJ3EUTkvvYY1n
;YX7XFfw9V3QncZRVHj6vjOs6l1enGEtG7LH+IepEY8vpYJDkW0/dx+IWd/tH+gsnrH3x0of7Q2AlC1L
;A/0RL9nE3OCVxzefo35nKiTsRLcp1fH0qvSN9x/Qhvpe1CalzOn6DOKnTT4vKEEt7R1Ht78XazdE/Jf
;Yl0goXHsPq1TMYZgdgbqSWkixgPKe+GVnf2UemCy1DPh5twMzD/MWMTDLBfVBy1aX4bv5i0E3CndPwO
;eheDEt3jmw2G8VtN2WJ60P5kGXDTOuy8JTHBbpAFXKs8EGPgneIyWZYdV0MFnZJKj5rkWXJTAKgIkB8
;bR0d2+KKpA4xq8K06BMp+7+ReKo4ABEp9MM5JUEr/LgAervvLFREVzqXPfhU0bvdukyGP7Y8cTQUSKH
;gTXWfUaS0ovQn63GVotQfgSXfLbOi4WiAIsks1UWisW6YSaOF4TNEGrcqNpe1QM//cAbwkSFe5JI2ru
;1cNhoagRULVxmamgxJVtx8FmaOJJb35oLYDgrqwEY6kzotDzKq3zHod+L7p+2jXpkq1bNIo8kK/gV+z
;dYTHFrq3BigcMRnaIRXBHTD4yBjkHarfUgA0JEUdtl0XMKQCyrx1YvGeczRt8q1ux2O2LhKYrarW3YS
;waY19dibsN3up3tuR4ZV0lSFUd7xuoF5NytYhjZ7DicW4RnwPqgCp2h5qC9JjbHrinIeB2iO53hBt5X
;o9dzY3+2ZDtxqwD+zlBo3Ckt5Wu+nYnZMHSIJRUQckHzIDLqgIUUEKaa5djwnlZTVaFq3QZ0arhw51I
;Uzt00nPbTnj0ZkUuVO1aJatkDlU1nQxMY4tTe2S2skbVTZ+sJo/7PAvL4myr0NSZdF5J5RFC8bxLZbR
;ostQ+yCpb2C1Mxwy2gRBG2clygxNW2Eg5VLjzxo8u4Z3t/bGjFuq+9ll3P+KLpYKx6SmqcoGy3/RoAH
;bDCgsipN2jCpc/BDLMUsPA8jkkGc0qiZ6tLrzzCEsWaRQCh63OXIKVZCURTrVRq76KiFocdYYKegLF4
;tzYjT8TcDDHb3UsaDqe/k2S7VKDoSNdN1xIDp6bKmrsmMZSK0n7zgpWav9Ii295NqMuiMIEoVRZcAYO
;luxghh+kFVTNr2ZX9weTAxx6880sau5gGuKzhBDaRmTvEbe/5jjsB79kVMm30PdT8F6Vsr3lP5nFZdM
;1lj/unwbqBgvgQU122K50FE4uwZa1pQRv5vzCdbWUj7q+OOz0riGDOw0Goe3gE9rj33g3db8PjGhJNf
;ngfqlp952mWSW/E9wxMeS5LJdLQUg3DG7RnVu5CAKX6wiTMVtmp6XrOUBOKEF4PbpKIwqGgsjWW94HU
;iHxGn5XMlZqTGvIvgC0o+t5oMD6MU0DsEpglvEQdUD5Z5liAa7VIJgJbklnNpT10YoCQ7hAC36pbj03
;xfDqwX9El3bwEEN+O0B1O0ohy9UKsr4KHAeb5xiHTLPoZ8KqtZjyOPov5onHhh6acz3HEZrZzjTf5X8
;OdmFLaPf2L9nuSE06cuDLN1BcJBSqhwlAzPj0PP07KM/l5bG6udp1z2ASIsACWBIwgUM3cKMq8gx2Vb
;d3+W4XZWYysVPs6Potpjr5FjruYMxBdiqfx2puYNC3AedOOTrXqyDZ/3fLgAXWa5c6u/5ulOSExNWfS
;vp+fiWMWRXc/sCr6M9dETxid7kUvJHkkTmlrFKE86jDs42XKc5sczy5Vg9eYYRH6mXUHk1eFbvG+T4X
;lVukyr63YomiMD+yH/hrjKBjkMXHnVl2IXDjBLWpoRp8T7pGPT54sb+zjE9We+7mWPGklTtV+bOQU6h
;wnQ2X13qxB3BNIMW99mZmHVLbQfWp4hZvPtbEh+n39ycx7vsioXG/5LU7xJ7wpHhn8DuXUXiQJ2uUC3
;qVFYoblxWcBVYuPS8BrB2cVSAPURSWq3ble0GP9i/YzRKtcNQ6RJYm2v73bvYGByuGvSfHSzO9RY6pY
;aSP/bczh0LQnqCjQJwhU89pbDVnVIthIRiWP77OLYmERf9i7nMJyNRdFlz7d/yDwuPA8/hoQmDQctfR
;tPNyVko/FC+Ws/onDPpZ3vw6n++1cTXXIRYDQQfwytBNGIB8SAQ6ayykQV7e85U+Jx8WCDZJ5v9kPOj
;6Fn9Bh07QOxfRGaY/Xe+MXF7ypyPug8iKkncgAKS/q5/xqopEwVp7h8BJCY1fi3jWY0t6iHEuIizpm1
;XqxgXZ8H8saX6wb+ec1W5+Rouo4Mg5MoTf/koljHvSYhcJ2YPpt1M4snmVVAAL66xSoph0N1BaNZgSr
;wQvG+8KgSwIR4NhDILX3a9CIWYeSIB5XIN8ZKPaj4FIVGXaGqdMP7MatL9DpFaCTmMxw8sFa0qWwalv
;/ITidCWtIkdkYGp+R/AkDJVvl8xUUL04kCHTaFIcpuh7tmmBH8iIKWEDQ6k2IO9E1gCQWpUwMHiNTDP
;jECcP6Rk+zD5Rs2qi4t4ytBlJphioJSyB6oBmeFblYyWMkP1rbE0O3/8rt2VnBVABstLMzY7D+nL1mm
;WGR508vJ+Tuzq2SfdFg9549+38Dmyn7Y//F0h5tMnKeDP9DS0FuScm++rqd/oNWHRSzFB7GzgZoqkaW
;2zkmOHYpjKePmoA2cRQ0ReoT/kRXxBy4C1Cgby/FNfhjjaXpeh0xf0QhxPxdiHu0gH6T9Rzmmi/EKam
;8pWBXpP5mLBnjIM2F3JZCAE5o1HYTe8k2+9jZsvI/ExyqbBpXqK3bYG8di9a8NCkTGiBzV0y+uA2ltL
;aMKmNOvJ188aENkBD/q+lKbioNEJf478vtG60g1LDX6A8uwb9Tm7+tCXtP/5XebwUCTT5HQuQdD4Fen
;TXxIZCUhb6795aLUJhl96BLdlrDcUBR7ZuRTRxtQYcWRHZJOuN6I96HaDh42j6+EPMd0TGSCXq6NjEo
;c2WQv7F1pVes/ljNdRgi79oLAWyG/WYtA+kHsuZnCTwvl/nZ1+X8YMdO7h/H7IYP9mPZmF+dccoDtXI
;VkphY44hI8S5qMEG9YAgfJppLAUnZwQrNVWnvSms3RuoikQg04xETgzBPGTmd+4+6CRkfZh+2w8ut1X
;9OpeLFU7m+vyYjhekuTWxAcvuCBsjiEtR/lsgSRBFp3mIQupoKmmS0HtqfwrXk6GhFYf17sRbS5mqpu
;W4HczNruU0L1D/qRATTlfVvgLLUDSgaWS+iVlJIHTa1r6rNeZDYKpkEx/6cJO1clh0zzCQ2ae/oPmoU
;Jw0Vm6bvOyx4YRkUOh1HTsM8fU0ecFDLVD/mWJik31upYab805lpfOxZZCxYuf0Ohg6rz9rFHa/JBlV
;X6RgbgKjPpPvCtFBLIGdWm9y03xE8aTTeO7VrJXU5qJ/SDa195tYIoKKo1TmuIPbPCBvlKpYlrWyz3F
;nH/1TAg9seLnep0zKHuXshUFAxKPrT1ss+GgCmDv8RbC4YYzPhenXiiZS+/6QYOAySovknCs4Lp/dbN
;xKL3kSQ8uKxFkbiXC5B+mrHWEIRz4XQZEIjAEYt9Pv4C+D75c/JhheXicS775yh4eICT2z+odZIo58X
;k7XMfF9i8AyB4cVw0o5FCQ5vi1eG/n+vJOhTzbeCGdV+snILqzzOuZDE3hizoqH20KsxlLHeTz3RS65
;VB9H6E2lScBESP4Q+Zg8cf6peelbH7krolRcs/bOWqkwXS5AkGfOrs3TnADX29zyAGdDVOy0cgk4LJH
;GBzC2z6HinZex8HKjt175sfXiy/h+fy72iiR5X543TdWVPKcJALTYYgXJhooD7ysZ5C81Nos5lH7AI2
;v8FyiUK0ZkQ3SYB03VteIYce2i5gfd+pcQd52cdeeIb61JF7QYQECxmvKbigUeeIAIcRBrHciH9bWn0
;c9Ql3ZRxrEJlw6tdtJjdk2FhaW59VOl8gTuyJg6oNlYLsa1/tapHkPRGLqWRljj+Ch5GEEvmJqe+AL0
;evH90Il5hLlMYlHuKedtmlG8/asxgzmEEqWbshjmXOKbhvo+Bn6mZW965T/SWqfa885khhfZMWR+/qv
;d6K6jJ3I4o2gpr0AIWRI4XhlfEfy6K1v4Fam2uq0VsndCzmn8d7uCzDxPTSwCYxTBv9X1WsrSgC5ITi
;oghrautliYyR//Sy6UBolaYvZS+1+D9U1fpmmYzac3xcPYIkOr3OKeYpb0K+AR8Ry6SOz3Wi/eOCXEY
;PO0NR0r7iCa58kuSM8ClKoz8nCN2if57vf6ydXjfeXWVSdQHOsvCR6T3KVIrbWD2j+hOdc1hLzg9voA
;NLn+FD6CaBHKq9J6eTELuIvXRBi9+asVyYi3x4S/VH0mtFb7kxsC/2QLjz2mlb/LOIvkyimBaxQJ6V7
;CxR+rvEVgeOJvHVi9rzQLIW94JZWYAFp18h/YgctW1GC4hKKeL0jgOu7Y/Khxa5wcUT3uM1Pp6Anz/r
;yozOvH3/2ISeaFNfOEncQ1jy3EEg7VMmJcPTeH00rT9zEkogWJsn4KfL2uaLuL0vxZlFRD42fy0aIk3
;YreNBqbXIOyTUJcJ+p/Y6oZY7JIgHO3mwebf/SjIlpIL0J5KkUfT4rZxY/cwlHwlpcYek8umvdfHso5
;PTzxLhDXP+uArD+sxasuF4muYJ41+7pGjvtCtSPTdB3tQgtqbSUnIZKv8UkJyvQk33FxFmXWKhvaUkr
;qbI0z47Mkx2GVGWM3PMQKmboCFtpEPSciJ2tUEdvqzx+8zRQWo6lWXqSn9qSdxre/W6F4bhL0a7Xhd+
;FwbChV4JkND89bIKYu0R61vUwxdXVLx20lfPkCjEWpPZKcwxpvAIYoINiJDErF540KGq9GPspqXtK5m
;ntg2/NS095KXdyKWp/O7yC3rGLQgJzAGzOGb9gf4evoox8Z6xLLxo4fUqCmg4uYaVJDyTIH9J3lFb7W
;qjRIjw8KnhzIsUC9NiPUzzx1DpkMFNJTiEJesKdtEKLuNZEPrOcICfl8HIdzvF4cIjuRUOlHiid/Hd4
;ZB7nH/bbmB+SoP3aZoXLJpGLobpUzldES360H8aipS8YRcc8pts8GZD0bsdpBfsHl6L5hSR1B4aRJIr
;pz7o/lqXXDD11ZEiRTCBOo5amBtoaMv/4iJjKWr7T4VN6PtwBkNOG+jCxx8+e+WJtGkboRxzkscLY8i
;5gjpt4dO34xTI7pkvz+zUe9g/h4zPWGJS0a2phJqOKl0eBcSF9t2+9Ap3Z9mLjAhu6uQOVxtcKC0fQf
;vfzjZtFnvH7dYB+sVl1kunls20YrwQ3HanDw9VXv54L+DnFlu9dqU9Vgk4TO0Lb3AgzsDapb3SWQ0Gs
;p5dBB/Nx2/jZRsqpWhhDQpdUhU/nSS4Zy0hAsvkYOlAPnhR9PmulWXCLtr27yO1o/fAZOTV/CFPR7Sj
;0lcDT2/2W4yOJck/7Eakvesx1uAkaigxIJIU8tRObZNgzfuBoSbKeNTbmZuFdLT8NWuFCkPDehejZyE
;FkObCTkrsp9D8fOIiEjkkS2J3wJNIJZnO5ggWpsG5sx3A4vnXr0pGppc8Rb8LSibbnSIYV75+wnavLd
;atUkLTVE0jCqSgHfGH+/pPhMc8JySguv/jak4NHRqWfWIOevul0S+tyQfuFRbZ0UOsfEn65Hn5cwUea
;KhqTvywL24ZUtom2qD6QCd+/YAeLCTI+RizcawUdwzSScJxFebQBBrG3go93+Umb38RK/1Bp4Lh97sk
;JpVKRHmFsv2mBRipYdnyvIzHa5EhHf2+7I9cn+BBP/amXAAgAPbeC5Si1ntFuw+yxVkYqfJUi5eukNd
;h88n/0Av7e3E4CGe4dfaF5Z2y72sNgUxH8XdTINKkDM9EB5o4na0GYKxNTcj5c+JRukgRBJVf9S+GbG
;FIotag8Q4EYQhh6DAXIyeSBhUxVYzvtI/Tko/QQ671j11zLJ5Y8UDOT9zvjBUDCIE1O7IP7FONJMdvo
;ULk+au3ERZCJM/+R8e50Apr2r9ObW8uXw/1FimkkBAYR4pRywwyOvVLz/5HVSuBWe+zLlZNwweQPSjC
;OjVRDozTVpHLDaSo5F2LPgfhDIdZ+vV4RBzTfwEo7DV1bqWjHgS2QC6YaaKhUWX+NhsZKCq8en6urZ/
;LjI65xkAA0Lb9PQmtjMHeKi1UO81BSYLtXHk6X8fh9KyZ6sUM2WRx7Z04vjTaHczb+ZAANmvMmfLnhM
;yV7dPW6otvhWaTJ/fbmXvtgiHdSjKJCcsJigEo7E9RkdWrv6+BPb4tlSPBrifEaHt+PwH4t5cQyiveF
;rXUC1QxPsIpmnx6Vpk5YqxG+Gu1viW/fGET2SW6JPP5Uffhgol88TK+Hsz1a7vJwZlBFUgM0oYJ4wlt
;Fe7dKsV7hFibWB6g9r6ZA+teTnM+K0lCgevhE0nxGqcJKn69JOGin9/7EhBpRqbMSzbaSTpgjAg2UFz
;TmXbI/D0tXtel9yIRoL9GP6QjWfT5OWSvVGgFdjFAaa+2Y5gg2g+eg37eM7wxN0tz+diHx2lu8QbR2n
;jzXmOF45BsO6izbQrLxL2k/KtVc0coWkUBM7faWGn5tgNFcGRFrKW+nRTplah5KS/yUiQlfhlpWgJYr
;KXC+2TnVkHVthJZPG/lp7O4ZH97tISZwNc4Ahn8WoznsguE7it3v0TUxOCD9b5pgn/nJ9Z3xNcoRCO9
;OJGUjneCcJARwDe/9IlrtfRn79P+Ig56JFU4FFqfCxqmGOZqiMnJ1zZT3deILXzb02NHmTh8E7C2BkT
;bFLg5ujLfyNAUAhYuDZoW50ik46NEdRzkiJ0WW6yAvGO5RPMf98cxYAW3El9frsAnnfAztJydHDfUUx
;5rddVyDyjkbuViWEjuLYYMBC8bI2r2D8QbAYgUB3RNlSMCs/VJzdd/a7x4+Aknq4SdTV6UzGppETTxz
;G1yeSUc3HBruQqRJjaP+QScuk4vBSU0KQcLDWl5a6myoZezL2PSroAZ7+KfMk7Cg1kDn2lDjGpbgtYJ
;OpCbOqxTCCQLnxOJJUG89yx3u/VcTWEdbGZBkftyZEAGSB3sDP0JFoOxcM3o+44F+zfk4TB5imHkjw8
;ObqXzZrjp2mJbveO3yCseYTGNdu7yPqZ5+OB8y0wLAyUU9HBA/Gai2OJy9x3axtb/9UNXtwnO/WVEV8
;by8eI/p+X4rKg1L+uCERPwkBGa2n/qDG4Obw/8u/dxLcg8BgUtjG+tHNH/Ej8SoIbkq9MH84YjBsHOF
;Y3PPv76jf9psLQowbE1nz7lI9mbwpMqt5MW7LcUG8BI8JmSsWiwBVucFj+ITmnJqYlAvHVpfJPpWgVG
;F+AMOLbJR1NK28NCvBDo8n6PRNLZix5UlZi6pag49jn3qFBAsNJW/8rP/M3mc/LqwbGH0sPjSruQklX
;Y9kdMm0qV7xOG5rbQ2/wyELN6Te+c/FbXremGpB2KKGeOOdhtnD8028sKmN3wtok/HZt2g+7okQbcmO
;DG/wXYE7EnQn8CFLCEZ4pNCaf4t81h4tUzN9w0aCE3PkZyJ9plcDpciIEP6iJVjfALFn0725OL0VwtO
;6WGDvDaOIRlsxVcsVwmQcgSrL6zhQ8VGxFmgoQY6gARaisFVH56OdB/TsNTzS94+KhuRplsGzYQSk3R
;BY1f+DZqjDD4yT+nV8wek0cavdh/ypCosAA4egkAeDdi7A05HVATtIcjUinwRywE1S/7RFQrah4oHj1
;+5k0tFP4bCZynSeAWPgufH5iwwjYAUZz3AOwhTAgKz9qEkBLI7QeDb/i37EKA+gpVSLLvC654/q6CRd
;xoM41qy01eUG6utt325w1WTJP3u1QwcZTZ4Db61OU0ZLetLWLqtIrsWvH4EsignxJxnPfBEIcoqq9xl
;tD0+2aASWuerl2uIBnrD7MZzFQQqf/ms6T3G6aq9aFCsoStqjRN/k4d9Nkqs3UW66qkf4jyc9F8lbNI
;WP5h4PJjO9hTf7QZS2OR9v6+j0tYpiMjSEWYNumXZBxdVsxuIlDSnwP4RGNB0aXyErdFpv5QHXyjwOk
;BP3bIPX4FqDhgCOMcAX2f9TfwslPKXz8jaJWOws26U97yEGJWLVkM9UEp0/njZa5E59Z7hs0asHN8qe
;W+Y3Mnwul6hPfF2XQlLzEx6913TJx8OSvMwFQ8DWRAzKM3kYMUTrzpRlmn0e8djRPuqiny6V90galKx
;k+z7q7DyUFFvAlFYuHcXYwh8k0IS55DlGXU4jdwybbmZyEm1i4BuzObbSjZAHpo4AIfMCGg1s/kiQ7R
;7xrOXiC/JYf+D9E+zIR2BMPJgTExUSLPMbXr7XfCZXEgPb9zZxIo/aHFaMl3sJDcuxGvWlc+9YcCSK6
;3ClxBZDY7h3utVVYhoEwQANSQ8vmQ+d//DTS0xqP8dA7Qq4ojHO5u5hMb3umiEuYoEyDk2q7nXssCtZ
;GOACk25SVzIe1EUWOYMwH1PUHlTZB3KRH7RRK/BK+2NlprbAAfAXjtecSosldyIsx06xmN5QZA4jz8m
;BNF6h7MmVH3rcyKSMnK1eNR7F15U+80tWdUzZxKhfGkH25Oj4eTvaAJJpiFOQ4hYzIBJ5tWMBH1Op0k
;GmY0zoJ9GQFob5xTtAe9qHWimnkIOiYzS3QIZHFx5d7kQABU/JZU6KwpR5mo5rYMx8UkvNUKVFCrOx6
;l+EQKZhQzoy9rAcrIYVafxfKkKPYPi8Arm+QaJMlVjf3tXoJ5TDemYYzYTTj2zNoj1qXPC94Hg19Fiq
;IYv3qsbo49Gmlz95ilxvIKSH1WOdlN8kONgteesG6nzM/5jcDBavZJbpSAgQxgSxr4YuW3C8P+7Nnnb
;CYNJVp+HZXGsgR8malqt4pGBT+ot1C8KBdX1kdMkkLGV0ZlIXT+ZA5wMmqIEShLvFouiOU6KZgI3bev
;LgzSK5mp318/6ZCOQQ41wieeKNK5nMq882ITriUFVQfvI6PJorwU5OAdr2qaTO34TljXlxF+dt2kNjG
;WR6wIiZJ/PnR2Ybp9Zd9LKGHWA8yrzFDjOzpA0AVz7tRSq4ZxK+Qr7VBL4r2Id4auZS9JMz4SS8JF4+
;ltN89GcJwd8YKqZCz5dyBAHwTlsoRLHT0g/Yi02aYUVZnfZHeaUHMzGuLOuUldmcXbW6jrPJBtcNQLo
;QRpz7GqicQnK01mwCygNMKe6NSuJSDRTFqBeL8lKPz5tgL48KnYWcoXCux37Rjzo0tDQZSyoYUmG4KV
;SH/IcrKAY/8oebVaQ7IpjYBdu7jeXnQ2MnbLWCyKuOf/2bQCOnfMcOC9cBpI+QCt6JOI68VZ4Tq6Z1T
;eo6pPCow4a5Gcup6WdLXTUYXyD97NWz90/2GuE8Fit636NOFOaGmG39CbMGfESy1NN1mBVshz62qjSk
;8YhguzpaAZksII+0mGAvl7ge6mPIl9dFWjA4tbbFpaeQ13+KvPNVezFPpphlcc2jxU3YDSpCZpBOkD2
;w9MYEfXaqRNb0LkLxjlGwOG0Y9AnFYAV4M6w+YKEWQAeJPM1CG+KCcM/oJoz1pXssEdcvgY6JD0o2Sc
;cFu6bUooJRz3+boC6iT0R/TXnSmcNHBAyiwZZIYKsbVUkixiJscFzyO8+Jm4lmdONVkihewI0kDbx0d
;ZOTJNi16DQ//ceVp1n/poytj0vZlf2THThjF2MIpV89lqpf+fjs6PIxfSG2l32Erbs8bGLCqONf/Zji
;CTLLE1enNei9fcg0d/Pv7d1hztBRrI24uDLyWK7Stq+UHHHdmjeioT5DCcTyGjK5Y3C2r9Djl4KHDjm
;7xEJ3afTMEPizQZ+cKSCxloyDYujYEaO6BuvjRaSRPtFtJT107AfY5FP5njTRejULZMXqZIkT7HSOv/
;9Nh9GmJ3E3tdNwIOEwXsIN0rp0i4Ac8je95d5d1RpzfQgpHBbyjOzwLbVDOKzKfo1G5tRqLsGXOLOtz
;lMo0/P5aoBrb3L3XjOtQbdO8Sm59jLE0soAg08cX0zDlzwE7n1uR6rQes4qvnjElhKzWOxsrx308qXN
;2s4q2UBgOLKP8VuGhKUY+N+Wo6dGs/kydDG86nGjoovaUu9Qzcns7Rew41iX/BgiMwWw7/T2RI3u9oI
;qpQdkUTBmIUeqjnvbqTtrIRehUshy4JGvupB2TLw1xRTHV1JxNPX9mgqyO6om5qo1xZ2sLqMg2n6A9s
;QPh9YRprT0zuu+2z5iiSr0zodwBzKjWSUOWcmCspMwDUZp8rUM/eXmt1wUHhZzl349kU/8t8rc5JZrv
;c7ra94GSoZfcvsEHIehZ8t7tm7mU7hICROZzM7v5mhO3slCcNIWcv+uOR1Dy0l+mvlkkJ8IPmt0h+M4
;vp8dkXb6faO4sy3ZUYIDIJrhDol/20z3RNljD1B6iK7u+hF+P2Zygsoo9YVNhDdGCBoxcTHtwpoTCkQ
;VrTO1xGq21zkES8vIKB29bZjF5d2vbjvoV7P0iW5yCFAKpFUM3lkk7e5OKH4VyFRRNJSMRXJ8/Bz0rO
;JjHbhRXsPZcxMgjAKXB2k6Epf+azsqG/inxBDKRHWtbFVYt0cJvP+Z8bjEDeUfYxaFmhX3P7N5qgX6y
;V2vEt1CaIWZIgheCxVa3FSNWcOYaE9pi58QBtJWF90LJ/+wRUMPQh4sNqKhVaN2diJkgThSeTmfximJ
;4fJ0asNXAslzakT/xwIO3Qz1dfLVKVbKy5SKCnnHqcTPTJTMARzjQHsBTpN/2BaJ3e8G7N2k0ecrZQv
;K2N938gtuQRLH1TOy0TBrcB0iviZaIguenCZilQxqXu952fVBeQiwuwpdv2fqlI7/hiXz7Sg55HSfnr
;hvD2f7URaeN6JQPTOVQGsp0uu68UpSd3Jk2q2CCSuVpX6smaM7xU0SQfiUpVBcCelhbWej8CCO6uJs3
;3lqmJfu6GeZe/EFS7qQv+uKX2jtld4ddKUoj6W+mlhHDk0H3NRacEKoVIg2ltgYCL065dy/qBsDm7qg
;HIE17vA+OoUfp9AXps2aFnSek4HI5et+fE9mZLtGp21iaaXz/s7/KRmlDTPNRQYox4vNbVXZrSy8VLn
;J4O73x3HZIB0dfJVZlo/2Y90qoHYZeKdwsK+f0B2il86rI9rL2Ezyk0hv7WIDksmOCm8xtFOK7A6t8Q
;sLo9AwTtstSL+zXczeLAZxUZRishslGR3eoV6JegOY9Wm+dw9XH3DnYcIO2fT93HYZ3b7pUmhB6P0PZ
;yIMNAoThnakKlxsl/FnrEyIe4aPon6kxpn69guwHhS8ow9T7BL5+Uv6kHTIJQ8HNIa7+/iRruZaMnvG
;MsFGY01L3GUqkyCWX/7BNJTP0/v5/waeEHVALOygmM3SQkeTfTCIAmQ4YHoaSrGpLBhaTK8TjL0pIL6
;Tx+xPq/qBFCxqkZAfiEpEHI0NPfA+MonTUkb4AxjsfUqlPlgenpFTmrgniefpyXjepabwdyh2oT4B5F
;Ntg/seoj0lWLde9mlBamLDzeVqG8/4v8qlzcuVZu9EQ5KsW51KOipyDlF9/CX1WvPNuGWnlKijdUkwA
;DB6AV2De56YfKvbkkIHiMvGoSuM6jOhEekeuq5DoNSertm889NH0XMJ4sfmIrvTPpBX8r9tETGaULGt
;qBAiqOE3wLnhe7N6yB1fghqLSP/lQXdGB2zTnJVZaffkUwZUBaCvpp/8tDEIwOAuBkePSDJOqLOvVrF
;2p1YbAsqxFXIrp3SzGtpDtnmywF1yA6deGcf+TRpq+Uk+KCRGA9T0tyyeeWgMEw6X5JL6zSVH4GIJDh
;28gf0PLJor2FCsTtoMQjvRsmLz2lMG69OSdkOkLYTYxW7w3tv0QHsxNqggU2c+n7M5tis6yByM7RjWE
;6d64luBvjEQXKl92MBs6nxwJVo4fcum72akVWzcwKAT83D3QPRSSjWSjiKpE4wAJjKzBo8OlX+bA3ZP
;W9B/23fNuVvPKel4Ybt0A5ifaWOgHAJivMNvdLZSICKQ7XrRwIO4FCPbefHOL0HYAIdQSJFr7v9Fbk7
;iHPJ17rAMBNfsG7uHTIeB4pwlidusC79Sc1DBw+Nh5rzAsXQjo1QQPNVCHBUy/F52RfT75Hx6WO2frU
;L5ZNwiofD8/CITVOEoeFClULD2BwvIeWpV6bM9xDoSq4DtYeNwTUl0J6NVNSnsUoAcsJoGjkRxcmnpy
;y3cGn63QN2huxwhLMmW3pjg4HXVKIiw8gaORfT/5ll6uFmfrxN46VGnEGU08fIG6IxUSek8uQFGBopF
;9P/kfHidFZ/PEv1lWb8sZUzh6iaEkJRVLQClfWPX8+BNRnG0erwVn68S/Wb5MqGQ/XQiJti4vF3FbJl
;hU7s3OFFGKemrxahKfoc1ZNgyofD9dCGGVTVh7FCkmT17kz/QPXo12ccBaF5mt0S03Dah8P10I6FwNS
;msUKUdNXuLG/RhNmGt3wWs4n6vPWTYMqHw/XQhhlU1SexQpJk9e5M/0D16NdnHAWhOEtOAqQn7OHVw4
;COnVTUp7FCnObD2So5F9Xpp8e8JgFYqw1jZZU9wOXitthNVMSnsUKUdcqsGjuH0/+X5owWwDtLDNOEF
;pxCNXMmSNphI6GmBBGEFc+fz9GFGea3bxYwaIsNArNw2ofD9dCOi8DUpSFClHTUvuyvUiS4t+aMtpOI
;Or0zxEU9gdSzVXhbQ1FRV7djVJSfPC8glWlnEerwVn68S/WTcMqG8/XQiJrSQ5JHdGKlxY79DwCVaWc
;UHWBWbrxL9ZNwzxPD9OCOjVLDISZ3YkQ1Dxxv8OXo12ccBaHuvFv1k3DKh8Zh0I+tVNShl7XTNDUN7P
;8ARai0Bt3mACj8S+WTcMqHw/c0joxU1Ke3ZGM1hS7PzlFVaadHDLdhTrxSXArpUx5fZiCPbVTUoZZkA
;jS1TvxM4YR41ta91sCIWbyDBTeMAjTTx8gbpNS3sUKUcsveDjkW8/+R983GwDjK3RPmhqyRJgLniNsC
;lKehQpRyw9gfrRfSv5Hx7Mdw6Po9Y3UFPOFUc4bLe0Iy0XcSlGLD2Bo5GdX7kfB64FZ4m21j1QZcYbY
;Dtkh7Q5Lx9LSDVJXN7O+BM/+B8ergVn6/D/WSYMqHxdL2GMsiQkHEtPK0NK88LlGD/4Hx6uBWfrnf9Z
;LwyofF0vYYyyJCQcS1ovSVHt0M4bU5ZobM9xAuvFv1k3DKh8Zh0I/dVNShlmQCNLVO/Ezg5XnHNy3Vo
;Um6HaPTcNqHw/XQjo6w1KdRQpR05P6Mf2FFGeQG3eYAKPxL5ZNwyofD95SOj0TUp7dlsuSFrozfYiTI
;xvbsF3E46g4DhFackjTTx8gboSJxpsKUYsPYGjkX12uR8RrgVnibbWNGhgwRJaAmuHoCM+exUpRyw9g
;aOFPT/rHx6uZgiKt8swWWv3GFYufIm7Li9KFChHLD2Bo5GdAPkNHq4FBISlzC1eYs8jWzR7nLQjKR4m
;KUYsPYGjkX3fxh8PrgVniKvQNWhhwRJgO22NsT8rD3EpRiw9gaORfRu5Hw2uBWeIq9A1aGHBEmAxaZG
;wPxUPfUQiLDyBo5F9P/kLXq4YZ+vE2zxZf80jTCh4mLo/PiR9RyFFUe38/ghLlXZwy3Zn6sS/WTcMqH
;w/XRXo1U0uHnpaInNO9NPhEk2NQHfAawKZm9ohR23GD1YyZujU19PijbDexQKBuJF9P516cN1gOJixz
;ylYftwjUzxxjac+FRl7XTNDUIGikX0/+R8ergVn+MS/WVNpxg9aAnudpT0lCWB2NFxY5MeRfD/5Hx6u
;BVmrxKZZNwzMFVI4Zpu8IiQkbFAYT1Ls0/QTTJhrd8FrZ+rEv1k3DKh8P10W6NVNLhJ5TClfVO7NzgV
;Gpnxxw3UChbfeLV5jxiNXMmSN1UxKexQpRyw9gaOefT/5embadxKPoc0GVmHHCVEpCOnVTUp7FCm3Ez
;2To5F9WoFrbNthApmb0D9Rf80IYCU56NRNSnsUKUcVfYGxkX0/nGdq3HADjrbgNlFq2xlLAnDa1UxKe
;xQpRyw9gaODfT/5embadxKPoc0GWGrOD1opV5DmTUt7FClHLD2Bo5FvP/kfe9ZxFZ6g2itoY84aTDh8
;t6x8SnoUKUcsPYGjkX0t+R8ey30TmbHbPEVTxxpZLm2cijR4exUpRyw9gaORfT/rHx6uYB+ftso9Un7
;3E1k7e42hEjNIFChHLD2Bo5F9P/ksHq4FApOwzSxTadojTCphnLYlFRh7RitFU+b8+RhejWpu8WQDna
;XROlJT3BlSLW2atDk/CXEYRy09gaORfT+QXx6dBWfrocctRXnMGU0Ce5+8OSkTS0ooQ1HozfYiV5x+a
;tt1OIqgyThZb80jSzhlmLA/Kw9hWyIePYCjkX0/+R937gVM68S/PE942glbOHq3pjojD3dBGE9S7s/4
;E1imd3vPcRKbm949QW3GH1oCfIG4KEp6FClHLD2B59F9IfkfHst9E5mx2zxFU9sLVilrgIouJRR4QCl
;LYvHC4xZggR8frgVn68Q/G3cMtnw/XW2QoT8/H3FbGF9K6NfyFWCacHHCbAmMm884RWf3BT9cCOjVTU
;pLf2lHCD2Bo/QFS4tqest3OJiz1i1UZPcfUDJkgbsqFQ9xRDdJT+DX5A9ayB8frgVn68Q/P3cMjHw/X
;W2QoT8/H3FbGF9K6NfyFWCacHHCbAmMm8s8WnzNDl4pfZqwf0p6FClHLD0BxdF9GvkfHst9E5mx2zxF
;U9sLVilrgIo/LwhgSDVYYuTb5Q9epn5zwXAJn/a/WDcMqHw/XQjo1VNKexRMP1hP9Mf0D2CKaHfaZg+
;0ttoqQ23aCGAueI2wKXh7FSlHLD2Bo6U9P9sfHq5gH5+2yj1SfvcPSDR8i70SOB5gWyZPSejM/yJelH
;BrwHFV68W/WTcMqHwbHQjJ1U1KHmxdNVlZ5NHODkiQa33GWhWOsM04VHjBE1ECe5iwKC5JFChHLD2Bo
;5FJf/kQHq4FApOwzSxEZccSYCphjKElSnqOsN61pBh6rn0u+R8ey30TmbHMMFhi9wtWOXyAin9Keo6w
;3rWkGHqufSz5Hx7IZAm0ptMwR1PYHUoubbe4Pi8YFChHLD2Bo9ECf/kNHq4FAYqq4DtbZdgjSzV6jaY
;lJRdwKUYsPYGjkX0BuR8RrgVnjaXRBlF5xBBgNW2BsiU+exUpRyw9gaNxQj/3Hx6uYwaFm9ksW2D3EF
;4kbZrVTEp7FClHLD3Bo5h9P/l5f8BaFJuh2j03Dah8P10I6IwNSnYUKUdKXO/84g1anHtBw2Qf68W/W
;TcMqHxmHQj51U1KHX1FJkFY79fOGVaYcnvaYBXrxb9ZNwyofMNiCPrVTUodfUUmQVjv184ZVphye9pg
;FdnEvlk3DKh8P6E36MdNSntyQCtNUOTN5SJbkH5zy3ECmfe/WDcMqHw/XQjo1V9KexRPLkBc7Mb/CWC
;ddn/DYBOOtotZNgyofD9dCOjVTUd7FCkhRVHgzvQTS6Z5csFyZ+rEv1k3DKglf10G6NVNLBJ4SCpJU/
;X89xFQji4erwVn68S/WW5MqHI/XQiOvCErFnFHM3Nb7czmTz/4Hx6uBWdrkv9ZOgyofFk0ZIm4KCQPS
;10+XFiBopF9P/kfHq5FZ+XEv1lRZcQdUjhmnIo5MwtxG0ctPYGjkX0/+V8eogVn66LWNVtTzBlRLmGc
;rE1LexQpRyw9leORcT/5H3jHaQu0q8k8RWDJDD9cCOjVTUp7KmlHDT2Bo/cUTYprQcJkHo624DxPeNo
;JTDRnhoo6Ix9gQRheXPXK/n0++R8ergVntYS/SzcMqBpWL3uciiErAnFbGF9V5M/9Dj/4Hx6uBWfrwP
;9ZGQyofFk0epuhEiYabUw1c07uz/gZYJBxeMdpC7Shxy1FedsVUDNXn7wpPhNLWyZYVO6jkH0/+R8er
;lwn69y/WTdqwQ5MKWSJrCg4JHJAK01Q5M3lIlmVcGmuBGfrxL9Zd1PofCxdCOizJDIecHYrTUTk0c4O
;S5htavF9Z+rEv1k3DKglf10b6NVNLBJsTCNzUeDa9A9gimt/3HE4ksS+WTcMqHw/A0jo9k1Ke3NIN3N
;b6M/9IkyQcXnCYDiOvMsrQn/BE1ECeomhJCUkeUg/LDyBo5F9P/l2Xq4mZ+vE2DhHU84VUzFXm7wjLR
;dxdiJUSfPW4hRQl0Bsz3EOhJvSMFkMqXw/XQjoVQ0KewspRyxa4NPOG1aVc0HdbAmMqNoGUnTcDkouY
;Ye7EjkLcUwjLDyBo5F9P/lbXq4LZ+vE2DhHU84VUzFXm6UoLx8UKEcsPYGjkTR/+Q8ergUAiKvbPGh4
;0QxaAmGGsSgyexUpRyw9gaORfT/2Hx6uYguEpt41aGPOGkw4fLetTUt7FClHLD2Bo5FyP/kfecJqBYq
;o4DZRatsZSwJx6NRNSnsUKUcsPYGskX0/nnNxzGQLtKvZP0Rp3CNFXQno1U1KexQpRywogaORFVqYa2
;veWgCIq9s8aH/NDUo4ZouwTUt7FClHLD2Bo5FdP/kfd8BjDoeo4DhTbdgIVittt7wjLBJ4RRheXPXK/
;iJSmGcerwVn68S/WQlMqFw/XQiBuysjF3h2Jkhc8df4C1qmdnDIbAuHm804Q2XHI1I0ZujUTUp7FClH
;OH2BvJF9P5BxeMdpC7Sl2zhHeMEKWgJhhrsoOCRxUTdNU/LK/hM/+IWHN5z+ci2AWSEMqHxWM26BuSE
;VGnBIN1hU98bOEV6AemzdBWbrxL9ZNwy8PD9HCOjVJCQdfUUrc1zlwuEJVo96QdxgA56nyzBYYtt8Pl
;0I6NVNSntUKV4sPYHK/xtWlXNBz2EGm7DWL1JT3xVbKWC3uCQkexUpRyw9gaOZPT/lHx6ubAmNrdM1a
;GnQCE0oe4G6IxUMfU0zRGLzwuUUUPkeHq4FZ+vE5hk3GKh8PzRmjrwhJiRyQCtNUOTN5SJZlXBprgRn
;68S/WTdV6HwwXQjovCMsEnhFGENb59D0CWCBHx+uBWfrxL9ZNwynfD9dYYazJCYXS0YhSk7k184EP/g
;fHq4FZ+vEv1k6DKh8VjNugbkhFQh8TCtAToGikX0/+R8ergVn98S/WV5izhVTMVebpSw4CHF2JENQ48
;r/GGCVfmfLdxTrxb9ZNwyofM9iCOTVTUoSek8uQFHe0OEYWp0fH64FZ+vEvx13DKR8P11hhqYoPktLW
;jdJWOWjkH0/+R8erjsn68i/WTdlxg9aKXC3pj0vHnApRiw9gaORfXu5Hw6uBWeCttA3XmLPI1kxZ5+n
;LD4eFChHLD2Bo5Fpf/kSHq4FDpmr0TBZa/cPTzhtjNVMSnsUKUcsGcGjmn0/+XV73G44iavLLVhhqH0
;/XQjo1U1eOxQ6Ryw968bjFmCbcGraagq0t8orUW3LGT9cCOjVTUp7AGlHJz2Bo/sYTZJAd8BjDoeov1
;g3DKh8P10cqNVdSnsUQyJeVt7K/w5ajUB3wGsCmcS+WTcMqHw/SUjoxU1Ke35MNUdi6M3iGEumcGvaY
;BXrxb9ZNwyofDcdCOLVTUoRcVssc03zyv8JP/gfHq4FZ+vE/1k/DKh8VTh6g4o5JQsUKEcsPYGjkWl/
;+Q8ergUNjrbUBkNj2CNMKHqOtC4vexUpRyw9gaOFPT/yHx6ubwKZr+AtRW3eGVNdCY6zKywdciMHLDG
;Bo5ERXoB6bPFtAoKj1y03DTLlpsSRcRxySl0UKUdAXPjG4yJXnHZ5xnE4iqDeKUNl3hlgMGmQiiUvEn
;NBM3NP4Nf4Ej/4Hx6uBWfriv9ZEQyofFM8cY2nEiIefU4vWGLgx/ANS5Bpe/FoDoWb1zxea8AIYC9pn
;LwiSnoUKUcsPYGa0X0c+R8ewmQejrbgMVJlzxRLAmmMtD0+EmJMGF9c7NP9FFGeQG3aYBfrxcRNmUtJ
;BrtiCMPVTUoXdVAiXmLpxvgaV41Af8pkF5+tyTxof9wZTzJ+jacSKBRgXShBYvPC5RRQ+R4ergVn68T
;2GTckqHw/MWmRsD8VE3FAIERJ3sL1HE+NdmjLWhSfoc82QWnaI0syeLenLD4SeylGLD2Bo5F9drkfCa
;4FZ4elxjxFU8UZTTptt7YhJQhxdiFNXuTQkXw/+R8ergVn68SnWTcMxB1GOHq3pigtFnFHM3NR5M32C
;VemcnfABWYRutXlQ58gQz9JCOjVISsCcVsYX1Xkz/0OYJZpe9xpBpvEvlk3DKh8PxRI6MBNSnt4SD5J
;T97Q5RxNjW9xx2sTtLDGKVIMqXw/XQjo1UUKex8pRyxT7tnrEVqmbHfUYGfqxL9Zl5UxpQBdB+jVTSU
;ZfkwkWGLixv8JWotAZq4EZ+vEv1k3/Bd8MF0I6LovIB53XRhPWO/X9A9ggB8frgVn68S/qYgMo3w/XW
;eKvygpD0taLkJWgaKRfT/5Hx6uBWf6xL9ZWGPSGWAuYIGwIS4kdUcgQFiBopF9P/kfHpBFZ/3Ev1lYY
;9IZYC5ggbAhLiR4QClJYuLM5BNL+R4ergVn68RPZjceqHw/MmeSsBI5E31MK0hi7sX3DlqNHx+uBWfr
;xL9Rdwy9fD9dZ56wPyIaek4YX1Xkz/0OYJhxecJgZ+rEv1k3DKhCf10R6NVNJQ1xWy9NU+b84hValXN
;t8WMGhZvMKVJpzHw+XQjo1U1KIlQpXyw9gcznGE2RfnDJWhSDodM1RFPOEFAqeomhKEp6FClHLD2B99
;F9KvkfHsFzApms3jdQU9sUWjFkm4o+Oh5xTUctPYGjkX0/3V8eogVn66vJPEVgyQxgOX2JuU1L4Y2w3
;rWkSJyRaD/5H27cbAmfm908U1PcGVItbZq0OT8JcSlGLD2Bo5H9brkfFa4FZ5u21jdDU9sMWjhs6NRN
;SnsUKUdlfYGykX0/iW13wHE4n6HSKVJ+yQhKL23o1E1KexQp50V9gbGRfT+JbXfAcTifodIpUn7JCEo
;vbdrVTEp7FClHLFTBo4N9P/lvbMdrE7Sw2jRHadodSyh6jeZNS3sUKUcsPYGjkW8/+R9u3GwJn5vLPF
;p8zQ5eKX2asHlKehQpRyw9gaORfTT5Hx7cZAGfm94wRWvJDD9cknFM1NPi3RZHMz2Bo+McWY1AfM92A
;rShxy1FedsVUDNXn7wpPhNLWyZYVO6jkH0/+R8ermwn69K/WTd+yRpLAmqJpigVEnpPLkBR3sL/GlOc
;Hx+uBWfrxL9ZNwy+fD9deomzORUZdVoic1TvxfgRU6Ztf9psCOvFv1k3DKj8fx0I+NVNSgl1TzNzX+D
;Q9CJTmGZ73HZn6sS/WTcMqHx/XRvo1U04GnJdGE5c8sbOEVaXemnHYRODxL7DrpUx5aa0N+jaTUp7Zk
;ghWGLjwuIYYIpve8thZ+rEv1k3DKhcf10b6NVNOBpyXRhOXPLGzglXkHx1wGAUmMS+WTcMqHw/vTfo8
;U1Ke2ZIIVhi6M3lGE2ffn3LWgKTsM0sRGXHEmAqYYyhJRUJdV0uQz2Ao5F9P/nffO4FfOvEvytWatwj
;VjN8jacrKxhxdi5CW+jP/SJel3hyywVm68S/WTeM/jw/Rgjo1T8rHWB2LkJJ5NH3HFycQHfAYw6HqOA
;rVnjBEz9cCOjVTUp7XWlHOT2Bo+McWY1Ad8BxApmi3jpSU8QdRjh6m9VMSnsUKUcszb6jiX0/+W1/yH
;E4gqrLPEVqyR9aAmSBuyg9EnBdLyw8spCiTgzK/CGuE2frxM04UXj3FVEpbZqzLCkeS1o3TV7ozfZ9P
;vkfHq4FZxv7v003DKgOXjt8t7wjPh5mTyZPWN7Q4RhanR8frgVn68S/Z3cMsHw/XXqJszkVEnpdIl5b
;4MD0IkuRdn3FawKYt79YZbS2+dQM0NfVXEp7FFsmSknez/gTWqZsbs9mDoWjv1g3DKh8P10AqNVGSns
;UWyZKSd7O8A9YkHEerwVn68S/WSNMqFM/XQiatCs+JHtfIl5P6Mf0IlmQbW3aWguKvdoraGnQCE0oe4
;G6IxUMfU0zRGLzwuUUUPkeHq4FZ+vE5hk3Eah8Py9pjqESJQ1xWzVFWeT89hFQm35y8WoBjbfaLWh2q
;H2lxJFxTNSDxBQLRyw988L3CWCKamzIZASOm9ohQ37dD1YyZreiJC4PfHY1TUnozJF8P/kfHq4FPqvE
;qVk3DNodWSlXm6A/LBp3TBhKVO3Pzg9ejXoerwVn68S/GWJMqGk/XQiatCs+JGdcNUpc4sbOG1OWaGz
;PcQLrxb9ZNwyo/FkdCPHVTUoJdU8zc0700fccXJxAd8BjDoeo4DhZa8QZP1wI6NVNSnsqaUc/PYGj4x
;xZjUBt23cBiqfaBltt0RlNLgjp1U1KexQpR2w9l6ORfU2YeWrxdhKZot46UlPEFVE4f4GxOSJ7FbPet
;aQYOkhCP+0fHq53Bo2w4CpCfs4dXDhXm6UsKRJ6TkctN1YA4UA1LiAevAVn67beP0NT2wlNO2mLsBI5
;C3FMIyw8gaORfT/5UV6uE2frxM04UXj3D0ovbom2KBUPfEAkR1Pk0OJ9PtBDkWzwTyf7v0s3DKgOWi5
;8iac5FR9hSCtzTvHG9Bk/+B8ergVn6/D/WSMMqHxNOHuctD8+JHFRM15c3sL8EkqXax6vBWfrxL9ZNw
;yoaj9dCJqwPj4aZl0YSUX10fAiXpRwa8BxONnEvlk3DKh8P10I6MxNSntmTDRYXPPXzhhHjW1/8WESi
;qjgOFpj3RJLXQno1U1KexQpRywwgaORD1qKa3/ccTiYtNo8UwypfD9dCOjVdAp7GylHLE/k0OUcTY1A
;bd5gAo+bjVk2DKh8P10I0ZVNW3sUKTVJSfPC8glWlnFBz2gInqrLWTYMqHw/XQj8lU1ZexQpNUlJ88L
;yCVaWcUHPaAieqssGBQypfD9dCOjVWQp7AilHLE/k1+McXI12ccBaA56l0wZWYccJUSkI6dVNSnsUKW
;NsPZSjkX1NnGtsz2YTgqvRBlN5yRBgLniNsClKehQpRyw9gZfRfRj5Hx7cYBOZpdwtXmPGI1ozaYq5K
;BUUYV00RVnk/PMSS41wc/FpBpKhzSo3Dah8P10I6NUNSl8UKUdeWPXR8B5LkHBw8WAJiqbTPGhj3QhM
;NGyNijklC0tFJlVY89CRfD/5Hx6uBWerxLFZNwzaGUsvaYuhJCUVS0EoXD2AkKJODMoszZEFd+vEvyt
;SeNodXClhh7sSIhRkdnUsPLKQok4MyswhrhBn68TNPEN+yR9LNGeGiiAjFUtdNU1L5M+RfAzKLC2dNo
;TUxKhZNwzaGUsvaYuhJCUVS0QuQmL10fALWpVALK4EVNj3jGoE75d8I10I6KcoPgl1SjNFUu/8/BRRk
;HJ/wloCk7DNLERlxxI/XHP8ewqrAYAWRzI9gaPjGEuLfn3abAiFm9IwWWXFHVMCbZChPz8IfUYpcw+B
;ouppkb7+ZDo6Z/vEv1lFadwOXj58gbojFQhkTCJIPYCjkX0/+R9X7gV168S/K1J42h1cKWGHuxI5C3F
;MI3MPgaKRfT/5Hx7nRWfxxL9ZRWncDl4+fIG6IxUBfEY3c17uzfUUS5BwcJ8FZuvEv1k3DFhDP0cI6N
;U/Lw9mSCRYVO7NzgdXlm9BzWoJj63LMFhimnw+XQjo1U1KiyspVCw9gdD0HlCXe0HCZB6OtuAjaGDBG
;ktdCejVTUp7FClHLDSBo5EOVJBtavFiBpvEvlk3DKh8P1VI6MVNSntnQi5eSd7P+BNapnxx22sT68W/
;WTcMqHzPYgj81U1KCH9ANVhi7Mr/FFKYc0HCYAmMsNdZNgyofD9dyIqVTUF7FCk0R1Tz184OT5x6eq4
;EZ+vEv1k3OOh8JV0I6KYhJQxLTShbU97F+A9MjUB4y3I4h6XGPEV/qH0/XQjo1U26RBQ+Ryw98s7wEV
;OmeXvPcRKZocwGU2XJEVopbZrVTEp7FClHLBnBo419P/lsc89pC7Si2jhDedoZTAJgh7koFR99SCpJS
;eTRkXw/+R8ergV7q8SkWTcM2xFeMWS3sygrD2FbIl9i6M33FFOVQGzPcQ6ExL5ZNwyofD8ESOjPTUp7
;Z0QmQFHexfQcS4xte91aFJuh2j1ofskIVjII6dVNSnsUKQ5sPaOjkX1MlnN3yloFhLDLNlpTzQRLL32
;bvCIkJGNAI1hV3tHwCVaWHx+uBWfrxL8AdwyyfD9de4e5JC4kdkYzWFLs/PcUU5hye8BxOI2o0C43Da
;h8P10I6IwNSmkUKUdfUu3K9SJdlmtqwWg4h6XGPEUMqXw/XQjolcIKewYpRyxO7s/4GWCbcGraagq0t
;888UmiofT9dCOjVTQ47FD9HLD3yzP0UW6Z2cMhsC4eb2iFHbcYPVjJm6NRNSnsUKUcsPYGwkX0/inBy
;x2E4gqrZMFtg9w9XOGSEpk1LexQpRyw9gaORaz/5H23BaQ6Pm9Y3UWXEEGAqYYyhJRUWfUdHLT2Bo5F
;9P/kfHrsFZ+u30DVeaPcQXiRtmoo5IhJ3QilJTvKjkE4MyiwtneZY69u/WTd/xxBWOVecuj0VHmxdNV
;lO6Mz/IkiQe2rGWhWKsNY2Nw2ofD9dCOiMDUpsFClHX1LtyvUiS5ZvQchsC4qp2jdDU84QUCoI6dVNS
;nsUKR5sPY6jkX1MlnN3yloThLTgNVZ1zQ4/XAjo1U1KewxpRyM9gaPiElOQe0Haahe0t888UmiofT9d
;COjVTQ47FCdHLD3y0+QPTKZyf9ZyDo+w11k2DKh8P10ICOpNa3sUKTRZTfHM4wlgmHt/3nEOnaHgMFl
;qwRBTAnqJoSQlJHlIPyw8gaORfT/5W16uJGfrxMwsR3zHDksCaYy0PT4SYkwYRVPnyv0RYIt+asdqOI
;at0Vk2DKh8P10IxpVNansUKTRZTfHM4wlgmHt/3nEOnaHgMFlizQ5gOHCYtCM5EntHRy2nGDoI5KYgI
;B65BWfrt8opR2PaCGA8bImlOSMNcXYrTUTk0eJ9PvkfHq4FZ/+Ev0I3DKgPSi14h6c5FRpwSDdYVPfG
;zg9anWp92mwIhbe/WDcMqHw/XRyo1VdKexRaMlxN7tHlIl6dfm7abBGOm8gwU3jAI1I0ZujUTUp7FCl
;HJH2BrpF9P4pqbt5qFZ+b3jdQYM18Pl0I6NVNSjVUKVQsPYHQ5A1Plm1q8WcGmKHgNVZ1zQ5MXQno1U
;1KexQpBywkgaORDkqJb3HccTiJpcw8aGDJBVove7emPS8ecClGLD2Bo5F9AbkfAK4FZ5ixzylYftwjX
;DJmhrAuPhJ7RxhURN7H+A5LmHF9ywVmcV0mwK6VEUM/Sgjo1T4/C2RGNVhi5cb/DlqmeXfCaTiZpcs8
;Nw2ofD9dCOiBDUpoFClHX0jx0/4PS6Z7e8B2ArSo3iBSfqh9P10I6NVNSnsUPEcsPfLW4Q1Qi2tByGw
;LiqnaN0NTzhBQKgjp1U1KexQpHmw9kKORfUyMb27BdxO0otY1W1PaHUs4COnVTUp7FCl5bD2Wo5F9TI
;xvbsF3E7St0T9eYMQjUCh8hLwjLwgUKEcsPYGjkX0/+QwergUUnrTPNkV49wxWMWSJpxI5Em5MRy09g
;aORfT/pXx6FBWfrt8opR2PaCGAuZYm5IRUdeEYmWFjl/PcYXo1qbMt2OJO94DxPfMkSTDRnhtVMSnsU
;KUcszb6jnH0/+Wxr3nUImbDgKkdpzRg/XAjo1U1K+1JpRz89gaPiCE+JcGzaWh+Sm9swRHjJElw4COk
;YgYa32OWrEz2Vo5F9TIxvbsF3E7S8xgZSdNgdUS5hh7tNS+GNsN61pEickW8/+R9t23UXhLbLBk1TzB
;VMKWmGtihKeicadB8OsmCufSP5Hx7dcBebq80taHb3E1k7e42hEi4UY0cYQFz4xuMOP/gfHq4FZ+s0g
;FktDKh8TCh4mLo/PiRudihKW/LG5SJKiUByz3wCmbe/WDcMqHw/XfjX1WdKexRaMl5b4MD0IkyWc3fK
;WgWEsMs2WlPNBEsvfZu8IiQkY0AjWFXe0fAJVpYfH64FZ+vEvwB3DLV8P117nacrKxhxdjRDUejHzh9
;QjWtxw1oBh6vIK1Z4zXw+XQjo1U1KIlQpXCw9gdDkD1mYfHvxdgiHrdsGVWPcCFAwV4S0NC8JZylGLD
;2Bo5F9z8YfBK4FZ5ixzT9Wb80jTDJkgbESKBRgXShBYvLT9Bhb+R4ergVn68SBGTcrqHw/Ln2asywpH
;ktaKEBU5fzlEk+membadxKYrdA3aHvBGEs1V5q0OSMUFChHLD2Bo5Ekf/kFHq4FFJ622ThUafcPUDFh
;jIo5JQtLTytDSvPC5Rg/+B8ergVnq5z/WS8MqHxMKHqOtC4vJGdGK0VZ3tf+DWCVfmfLdxTrxb9ZNwy
;ofM9iCP/VTUoIYVshTV7k/OISU5B7QdpqF7S3zzxSaKh9P10I6NVNdDsUJkcsPfXL+BNgjn5ywloUm6
;HaPTcNqHw/XQjo6w1KYhQpR1hV6M3OCl6Vc0HZbAOfrOArVnjBE2AwaZDVTEp7FClHLFTBo4h9P/lrd
;sdrOJyl0zVoe8EYSzVXmrQ5IxRLRC5CPYCjkX0/+R8n7gV368S/LVh89x5QKXyHuBI5C3FMIyw8gaOR
;fT/5UV6uCWfrxMsrVnrNEGAueI2wKUp6FClHLD0B8tF9IfkfHtp3Bp2h0wZNU88fUDltt7EkOQ91RyR
;JYufK/xRMkR8frgVn68S/TXcMuXw/XX6Npz4jFHp2K01O9fz0GVaNHx+uBWfrxIDodwyjfD9df4m5IR
;UIfEwrQE6BopF9P/kfHq5FZ+XEv1lAbcQQYClggbYmJB5nWkctPYGjMeSmECAetAVn67PWKVJTxwlLO
;Hq3vCM5HmB2I0VO9cL/HlrIHx+uBWfrxL9ZNwyyfD9df4GlKBUUYV0iXmLozeIYS6Z7d91xBoWn2ms3
;Dah8P10I6NVNSmwUKUdbVPHGzhJKjXps8WwJmKHLBkR8zRlbbAjp1U1KexQpCWw9lqORfUiQb3vxahK
;foc0GXmLbGUsCe5iwKC5JFChHLD2Bo5Ezf/kKHq4FEIK02gZDY98ZTQJuga0oLiRkRjRUPYCjkX0/+Z
;9V7gVy68S/Ll58zSNLMn+NpxIsEmxMI3NN7tDofT75Hx6uBVeAhL9PNwyoC1YtbbehIj0eZnYuQlvoz
;/0iTZhre64EZ+vEv1k3Veh8LV0I6KIkOh5LXShbWPP8/htZinpq1gVm68S/WTcMqLw/Twjo1TojC3F2
;M0NK5NHOElmfbHvafGfqxL9ZNwyofH9dGOjVTT0SZEwYWFL2xuMiTIl6e8oFZuvEv1k3DOE8P0wI6NU
;6IwtxdjNDSuTRzgtQlWpzywVm68S/WTcMhjw/SAjo1TojC3F2M0NK5NHOC1CVanPLWgqCqr9YNwyofD
;9dLKjVXUp7FF4uXFje1/4KWotAacdhE4PEvlk3DKh8P2lI6NpNSntjQDdJYvbC/RFgim97y2Fn6sS/W
;TcMqDV/XQbo1U0wJGBbJlpY7fziDVqcex6vBWfrxL9ZGUyobz9dCIm2Li8XcVsmWFTuzc4YUZh9cssF
;ZevEj1k3DMkKUDRst6E/Kw1xRRhEUu3G4iJPmGt28WgGk5vTPFlr3BRgO2mLoSI4JHFHJk5R5KOTfT/
;2Hx6uZxWCoNgwWWv3GVE8aoSwTUh7FDBHLD3j0fgZWJBxefFjBoWbzClSacwjWjNpirkoSnkUKVwsPY
;HB4xRbnnZwyVoBgrzaPWhtxhtTOFeNuywoF3EpRS09l6ORfV2LdnrJbAmMm8wxUmDED2A4Zom3IS97F
;ilHNj2Bo/MPVpRAe9ZxApmq3jVof8AZUzF7t7MkOAhgKUUsPZOjkX1di3Zz8WwJmK3bPGhpxh1dMW3o
;101KWBQpR09S4NDlFFGeQHvAZAWHoeAwWWrBEFMCe4G7KiYeS0UuQliwo5N9P9ofHq5mCIq3yzBZa/c
;ZUTxqhLASIxVyQCtAYvLK/xpTnEByx2sC2cS9WTcCqHw/PmeHuRIiHnVNGEBU59eRfz/5Cx6uBQSEq9
;MwWWv3Gl4zV4G7LjgedVoiLD+Ao4p9P/l8ccFpDoWj4ClFZcYITC1tjbESORd7XiNDSu+jk3w/yh8er
;mEChbfaBkR52AxQL3y3vCMsEnhFGFlO5Pz9FFGcbEHHaziDrdgxaGjNEkw0fJGKKjgScClFLT2jo5F9
;W5xxbctaFJ60zzZFePcQXiRtmqYSKBRgXShBYuTN8B9TnB8crgV268S/PFltyhBaAn+BpSgVD3teIl4
;9g6ORaD/5H3vWcQKZqt41aH/AGVMxe7ezJDgIYClFLD2ko5F9WoFrbNthApmbzC5eeMsUYD5nh7kkJB
;xLSyJKUvPGzg5IkGt9xgVl6sSZWTcMzQRLL32MsD8VCGNAM09V3sD+ElOQcXnxbQKKsMopaG3MCl4za
;43VT0p7NClHLFj51+MIW5xtQd1yDp+n1wZUY8cQVjNvt7wjKxhgQDFJPYOikVU/+R971nEVnqDaK2h/
;3xVLPmC3tiIlF31HIHNN4NH6IlKWaXvxYAmKptM8Nw6ofBtdCOiwNT4JYU0iXmLy1PgJXJFAbdpqF7S
;z1ilSU98dUzFXnLo6LwkUK0YsMoGjkRtel0B8wmwXtKHROFVgzXw9XAj61U1KHXVHGE9S7s/4E1imen
;DPZwuOxL1YNweofD87aYaKKCQadkUiSD2DopFuP/kfeM9rCI2i4D5UY8wZYDhmibchL3sWKEc1PYGj9
;xRNimtBwmQejrbgKl9pxBBMAm2GtC8mHhQrRywIgaORG1aLbGrxaQaSoc0GRGPEFVsCYYazJCYXS0w/
;WE/00PgSUaZod8pxD7S23i1eY/cZUTxqhLBNSHsUCUcsPefK6SJXlm1sx2cLjpvaIUNpxg9WK223pjk
;jD3dBLkJagaGRfSL5Hx7IbB+0rNArRWXKEFoCfYa8IiQkdUUrc0n40/QiXvkdH64YZ+vE2TBPU8ATTS
;9hirkoFQ56QChCYuDP/SJLgG978Wdn6cS/RDcMqBpWJVeAuj84EnZFInNI78r+E2CWaXvcaQabtNo9N
;w6ofCVdCOizJDIkfEY1XlTjz/QiSop6QcF1AoWb3TBDf6h+P10T6NVNLBd7XjVNSeT84xhMnGtByWYI
;j6HgPFltyhBaXQrp1UJKexROJlxi58r9EWCKd3vCaRTrxr5ZLgyofFg8eLezJCYXS1ouQlrtxs4YR41
;ta91sCIXEvVk3EKh8Pzprh7EoFR19RSJCXOzGzhtQi3J/2loChaXdNVIMqnw/Rgjo1SQkHX1FK3MMsZ
;POCEycQG3BaQ6Pm9Y3UWXEED9fCejDTUp7fUchRVHt/PAZXolrd9hgOI6q3jtbaah+P10s6NVNIxVyQ
;CtAYuLM/x5al2tsx2Y4mKvTMFNT3Q9aAm+JpRIsEnhFRy49gbuRfT+QcXjHaQu0p9A3WWnLCGA4Zoyl
;IiMVYFpHLj2Br5F9P5BxeMdpC7Si1itEeKh+P10S6NVNIxVyQCtAYvLL9BFTikBr3WA4jKXPBlFlxBA
;/Xwno8E1Ke31HIUVR7fzkDlqmc3fAYBS0rdEGX2XPFGA5bYamJD4CS041RVmBoZB9JfkfHsdrFI62yw
;ZfackISi1Xj7YiLh5LTClNX+3GkX8++REergUOmavRMFlr9xlRPGqEsE1IexQiRyw968bjFmCccX/Ma
;QLrxr9ZKwyofFM8cY2nEiIefU4vWGLgx/ANS5Bpe/FgCYqm0zw3Dqh8JF0I6LksMx5mdjREWO3P4iJQ
;i3t73FoIm7DWNF52zXw9XAj01U1KFntNLkpU5NHODlecc3LdWgqOttg8aHzJDlozfOjXTUp1FClHQlL
;1/OIcSZxAbdpkE47EvVk3B6h8PzJnkrASORN9TCtIPYOjkWs/+R9x2GAVg6XRPmh/wBlTMXu3sCMrGX
;hMRy48gYORfT+WaXvcbQaFo+AqX2nEEEwCbom7EjkLcUwjc1jvwvMRWvkdHq4dZ+vE0C9SftoVWzhXj
;rwhKxZxRzNzWO/C8xFa+R0erhxn68TQL1J+2hVbOFeOvCErFnFHM3NY78LzEVrLHxyvBX3rxL8pRWXG
;CGAtaZqhPhUIcVgySVPixs4STZ16bK4HZ+vLv1k3fskaSwJjjbA9FRN7RSJfPYOjkWk/+R9sz2MTtKv
;JPEV+wRhaAm2GtC8mHhQrRiwVgaORD1qNbX/NcQ6EquA4QWPBGGAoZoawLi8IZ0g1VWLozc4OSolvcd
;xxVuvGv1kfDKh8TTh8mrQuPhJ7RxhNS+7K9SJKl3F7zWAUmKXNIGhlxiNMKHiYuj8+SRQrRywvgaORD
;1qNbX/NcQ6EquA6WGHKFVE6COrVTVt7FCk1SUnzwvIJVpZxQctrBomo2lk1DahvP10ImrA5OBp3XS5D
;U97G/xxdlXpBnAVl6sSbWTcM2hlLL2mLoSQlFUtMKU1f7cbOH1qfcGzLWgiesNoraH/AGVMxCOrUTVN
;7FCk1SUnzwvIJVpZxQctrBomo2gZYedwPVjlt6NdMSm0UKUdeWPXR8B5LkHBw8WkGkqHNOl9txhtaXQ
;rp1VhKexRbIlhP4MDlFFCXQHDBcTiCqswwU2mofj9dE+jVTTgeYFsmT0nozP8iRZFwbvFqCYe94CpYY
;MEYDl0K6dVWSnsUWyJYT+DA5RRQl0BkxmoXtKvRNU5T2xNTNGza1U9Lew0pRyxO5NflFFGeQHvWcRWe
;oNoraD73GVE8aoSwTUh7FDtHLD3yyPgPS6Z5cdxmArSh0ThVYM18PV0I/dVNSgh5SCtAYufG8AlKi3p
;t8WAJiqbTPDcOqHwdXQjopiArF3h2IUlc9dbjGEymdnDIbAuHm804Q2XHI1ozaYq5KEp5FClLLD2B0P
;4RVp1AfMFxE4Spv1s2DLF8P117h7kkLiR9RyFFUe385A5apnh/3loBgqjTWTUNqHU/XQibuiEjH0tdK
;Fw9g6KRdD/5H23ebBWKqNYjUgyqfD9RCOjVPjoOZloYSVPgwf0YP/seHrkFZ+u3yilHY9oIYDxsiaU5
;Iw1xdiJCXOPP9H09+B8QrgVnmLHPKVh+3CNaM2mKuShKeRQpaiw9gdDkDU+WbWrxbAmNrdM1aHnbGWA
;xYYawPhUSenYvRVrp/PUYUYp2atdaAJmt21k1DahkP10Im6A9OhRmXRhAWODI6CJclnFwy2YTgqvRWT
;UMqGU/XQiboD06FGZdGEFS5cr3FFqLQHnLawKZpcs8Nw6pfCFdCOimODoLe1szc07swv0RYJ9zcc9xA
;o+b2TxWeN0OWi4I6tRNXXsUKTNJUPHG4xxLjG178WkOmLDgPFltyhBaXQro1V9KexRdIkFN5NHwCUqL
;ekHDZAmepdNZNQyodj9dCJ+8PS8kYEYwSU+BoZF9H/kfHtlsF46byzZAadojWTRwjbESOhRnQDNFUu/
;89BNem3N7rgdn69W/WTdvyQhaOmearBIkGnlMGERY+aOSbT/5Hy6eM1Xb9IkaBzyfSQ9tPt3VREp7FE
;wpSBPmwP4ZWvkcNK8FZ6z9jnkMXs0QXilhnrBtOhRnQDNFUu/K/xo1vi4+6yhVy4KNbgc8iEdtOHyat
;C4+W3UJJUVJi+SgXXrULT70NUnZ5PlrAzyYXAQPbZynLCkPNEgpSB3zwvgOWtlFFOk0R7PxnwACLO5P
;D204yO4aIwtxCShZSYvkoF1lyC8+lVcGgrfaeW0sxRNNOAKv7H1qQFVLNENR9Nf0XU+WbHfabAiFqtY
;3UAaiOw59UNj1FHpbL3k1SU7kzeVdT4t2cNoPKtr0iXlkPIhHayh6hvgiLB00TyZCN8ySoUkfqi8+lV
;ESmaqSNlFqiBRQKW2GsUcHSiAZZ38NoZjFCE2XMnHIY0eJodtTPUGQSB8FKLH1CGpAUEA0TV/txrEcU
;5U/bdpgF5uhzSoXbt0IHwcI4tVNSh56TXUCWuLM9Rg/+p8ergUq2faOeWM8iC8ObTjimH94SjR9dgxu
;sJOhd3LILyqOUVfLl49Tej2YSB8JOciGfUA2JR13DG6xqdxMD84VWZc0baz1nxwaPYg6DG044pJ8aiE
;/GWkZHcSOpF1m1C0ujkMcn7beL1Jg9w9POG2MqEcNSSwJHxwd2JObMAfNFVmXNWf+xL9ZUnTcDko5bZ
;qKPj0SYEovAlrizPUYP/ofHq4FZ+XEv1lRbcYjTC1tjbESJhJnXUcvMoGjkUwEyyolnD5S2/+MYgY8m
;HwuXQjosyQmGnlMKVhi9drhGGCKa2yuBm3rxL8Je02ITRFqPYW4TVh7FCkhRVHgzvQTS6ZrZ95gOJiw
;zWs3D6J8P11YpJRte1UjHCpBPaGjkX1ZkG1t2loLir3aK2h/xxBWOVeBuysjF3h2N01J9cbjEz/6Gh6
;uBSuCqtoqNxmofD86a4exKBUdfUUiQlzsxs4bUItyf9oFZIzEv1lMa8sTWzhXjrwhLxV1RCJzSujX+R
;JKjUB71nEatL/SOFRkwRJaAnyRpSgVGnZLNUlL6MLlFFCXYkHVYw6HpdI8WXj3El4wbbe0LygJcV8uT
;UnozP9MQqZkcs98Apmb1zxea8AIQjBl6MRNSntzSihIWN7T/g5LiW1xzWAUmMS8WTcMqHw1XQjosi4l
;H3F2M1VN5KOSez/5H0zLdTWKtL9INwyoFVE7YYS5EisVc0Uic1Ho0OV9PP8fHq4xUtD1jGw3Gah8PzR
;mjrwhJiRwXCZAYuTb5Q9KinZxwAVk58S/WXZgxFxaJXyaoCkvCRQnRyw96M33FFOVQG7PcROOttFZNA
;mofD8RYYawPkppFClHQFz4xuMiXJF+cMlgSYyn0D1SDKt8P10I6MhNSnt4SD5JT97Q5RxNjUBuwWwJn
;5vMPFZh9x9QL2aNp01JfRQpR35Y58/0BT/pHx6uagiRoeAqX2XNEFsCfJGlKEp4HSlHLGrg1/QPeZhz
;cq4UZ+vEzzhCf80jVzhhj705FRd9WjMsPoGjkX0/6B8ernULirDZNkVh9x1bOWGcvCIkexctRyw9z8z
;/GD/oHx6udQuKsNk2RWH3HVs1bZu8IiR7Fy1HLD3PzP8YP/UfHq51FYKqyzxFU9wFTzgI695NSntRRy
;NJT6GQsTNajR8NrgVnmaXZLWho3R1TAm2QoT8/CH1GKSw+j6ORfXmQbW3aJQKTsM0sU2nafCxdCOinL
;CwPS0ApSlTtz84NXo1re9xrZ+jBv1k3QMESWi4I+NVNSglxXTVNXvXK/hMRnnxxymBn6MS/WTcMvHw/
;XXuDvD8+JHBcJkBi5NvlD0qKdnHABWTlxL9ZcWXaD0t9bZChPz8fcVtHOz2Bo+ISU5B7QcdrAYKo0wZ
;WYs8QWgJkgaY5SngSKUcsCbSYoE4K+QsergUUhKjWPWhlxhpWMWS3pSw+D3FbKSw+iqORfW2cfGrHaQ
;6Fod4rNxeofD8uZ4S8KRUSek8uQFHe0/AJS5xtcPFnCJ+w0DQ3D6N8P11ajbY5Ixd9RyJNT4GokX0/i
;mt/3HFJjKfQPVIMq4c+XQjT9QgkH3FbZx8dwtbiCVCUP03aZBWf5Ph0VGPMGTUaMdr1CHpbLwkVSU7k
;17E4R41ta8pgFeGDjWEXN4g0UDBtyLQhJlt1USJfN8aSsScN1y8+6DZX2/SfYhdBxwpafVLIlDUjCDR
;cNwxR6NflEVrZa3GOdRWOsto3QyzbH008fIu9JCQcNEYhDHXkwuVdfZx7FOk0R7P0kWgXVZpMHwc4xu
;ZtDE4kGXcCDaGYsTBQj3o+2mpHmLDeK0Ms2BNMNHyBuiNAPCUJHxwTsIPITw/JMS6OX1fF958fBjmYT
;BFtKK3keGpANG01TUqh1/kYH592bN1xR4et0Tw9S5lcZ20m3PUUeEskB3cMZ7GNol15zC8unitXy/+f
;FFh6zVxLMiibvCkvW3UJK0VJ9c/0d3jIP0aeK1PLnY1pF1aYUgx9TtngfXpVJAkCHw2hmLE5TZhoPtp
;tAsu32jpYYsxcUzRmjd8Kc0k0bHcMBqHx9A5ajT9b1nEVnqDaKz1LmVxlbybY9Qt5SyQZZxcdzMznGB
;+jP1/WbBTLsc95W2XcCFM4KJy6bToJcV8iQkmh0PIPXo18dsdrAMur2Xl/ackIHx9tjN8Ke1tMHGd1D
;7GDy00Ryj9YmzVX2+qPeQws5RNJOCiHoyg4W2BGZ1xP5NX0E0vZfXLBZ0eYtcowRGSocD9dCJuhLDgP
;JgcgT1LlxpF+U/gfHuMwUNnk+2kXX5hSD2QCpeB6eFtQGGd/Da+TqHd4yy4U6TxX4YmHaz1BmUwIV0/
;a7UcNSjRzdhkTsYPXBkuLfmjLaTiYtNo8U3GiKA9XT9HnbQ9LHm52DGWyk7EkEss/WJY1V+GDjnltPI
;ZPCn1O2uV9QDwlCR8UCKH6vE8fvC4tjkNV2/S1HgYs7U0KfU7a5X1APCUJHRkdx5GhTTW+JiyOQFfhg
;495ciHTDlopeom2OSMUenYjWVzt/PAQUIxxatMlIdn0j1NjPaI7Bm8oreVHDUo0cXQcDaH6vE8fvycu
;ng8g2uTlaRk/nVx5bzjY3wp7W0wacRwd2I6jXXrILD7oN1fbzvhoF0mZSR8bOtjlRw1KNHNyDHuzk6F
;3eMAtPus1baz0nxwad9oZSy9pi6EkJRVLTTJNUd7C/BJKl2tjjkNV2/S1DQcG700fG3Ocpyw8Hnh2NF
;xY5Mfsd3LILimOVRWCqsswWWuGUhFdD+jVTTkOZFkoXkmBoJV9P/lRccBgZ/fEv1lEedgMUC98t7EoJ
;AhxdiNZXO389AVLi2ptx2oJ68ezWTcM6RBTfW2QoT8/H3FbRz49gaPiCE+JcGzaWgOOqsw8aHjRDFpd
;C+3VTUo3fUciXz2Xo5F9TIxvbsF3E7SgyjhbU80ESy99m7wiJHsXJ0csPcfK4w5L2Xpm2ncSj6HNWS4
;MqHxMKHiYuj8+JH1HIUVR7fzwE1iVekHCbBSfxLxaNwyoUQtoCPjVTUoIYVk3Q0/1/OIJTZhre8l8Z+
;jCv1k3QscOUjxk6NlNSntnXDdcUvPXzglGiXoerQ5n68TtPFR4wRBWM22Jp01pexQpNFlP58LyGGCKc
;HLHYTiJq8stWGH3FVE7YYS5EjoaYF0iXlOBoJR9P/lTd8BgFOvkv1k3f90OWTxrjYo+JRd9TRhYUvH8
;+BNZkHNy8XUGn7DaK1kMq3k/XQikvCMvCBQ9Ryw99cb8DVqLfmrbdwK0pto9aGDBD0tdC+jVTUp7ASl
;HLEnkzuEYTZhra9xgOIeh2S1oYMEPS10L6NVNSnsCKUcsSeTO4RhNmGtr3GA4ma3YMUNTxBVMKQjr1U
;1KexQmRyw99srhGGCNcGnLdziGq9s8Nw+ufD9dRo2mOS8fFDlHLD32yuEYYI1wact3OJis3ilSDKt6P
;10Iq7w/KRdxKUksPYHU+A1apmh/wmk4hqvbPDcPonw/XUGGoSg4F3VKIkg9j6ORfT35Hx6vBWfrgr9Z
;Nw2ofD9SCOjVHkoeFF1HWD3oo/99WPk/HukFFeurvyw3fKhcP2wI6dVNSnsUKUc8PYGjkX0/+R8ergV
;n68S/WTcMqHw/XQgn0k1KcBQpR2lT5cbjXQzZUXvaBWfrr/xZN2frfD8nS+jVTUq22OV5LT2Ba9N9Pz
;FdH64FZ+vEdxg3DKh8PV0I6NdNSnsUrUQsPIGjWTw/+R8ergVn6wlzlQkMqHw/XQhzlk1K4FcpR/B/t
;aORfT/511ysBWfr0L9ZNwyofD9dCNyXTUqTVSlHJH+Bo50/PvkfHq4FZ+vEv1k3DKh8P10I6NVYTXsU
;KUcsPbCjkX0v+R8ew2QEg63RPGhuyQlbL2mcsE1LexQpRywdjeKRbD/5H3PPZg+CqtoGVWnMI0w1aZi
;wTUt7FClHLD2Bo5FpP/kfc89mD4Kq2gZVacwjSzhlmIogKwMUKEcsPYGjESZ/+QkergUKiqfXMFlp9x
;9QMHiNuz4rD31GKXNFgaKRfT/5Hx73RWf9xL9ZWm3LFFYzbbe2IicLcUc0TUnozP8iRvkeHq4FZ+vE5
;hk3Aah8PzBpi70kJB5LTS5BYvmjkH0/+R8ezmgn68m/WTdhyR9XNGaNiikjFktQRy09gaORfV+UXx6j
;BWfrqd46X2XGGWA5YYWKN0p6FClHLD3BzNF9I/kfHsNkBIOt0TxoaMEPSzxmi7ASLAl7RBhOUvPH9A8
;/+B8ergVn68S/WSMMqHxSPGuAvCMvJHFRM15I5cbjIlGMch6vBWfrxL9ZxzOoZj9dCIW0LiISekwYSU
;X10eQZWotAcchjFI6w4CEFDKl8P10I6NV0CnsOKUcsUODA+RRRnEB71nEVnqDaK2hjzhpMOHy3rH9Ke
;hQpRyw9gaORfS35Hx7DZASDrdE8aGrBEF4wbYahEnt7FSlHLD2Bo5E9P+sfHq5oBois1jdSU84VUzxl
;jbs5FUkUKEcsPYGjkX1/+QoergUKiqfXMFlp9xteM3yarBIiHn1OL1g9gKORfT/5H0fuBXPrxL80Vm/
;AFVE4V4+2Ii4eS0gkWFTuzZF8P/kfHq4FZ+vEqFk3DMUdXDVhhrASJBRuUytJYuXK8BBajXpsrgRn68
;QfwK7Vl3wmXQjouCwpE31HInNT7tnrEVqme3fPaAKfoc0GBQypfD9dqHFMlHV7DSlHLFDgwPkUUZxAc
;MF/HYeh4C1SYdgjUjxwt+RNS3sUKUcsXfLjkWQ/+R9zz2YPgqraBllj0gZTOFecsCA6JHlIP3MPgaKR
;fT/5H37dRWf5xL9ZWm3LFFYzbbelPyMVYHYqQ1nko5B9P/kfHq4FZ+vlv1k3YckfVzRmjYo9OBR5WTN
;zSPLGzg9en2tB2m0VjrfXNltoqH0/XQjo1U0TOxQkRyw97MLyFVaXekHdcQKbob9YNwyofD9dCOjVb0
;p7FEQmT1XozfQiSZBtattkC7Shxy1FecwZTQJnjrM+Lw9LUXUsPIGjkX0/+SZeridn68TSOFRkwRJaA
;n6Bpzk/Gnh2IlRJ89b1GE2mcHjIdgKfm8ZrNw2ofD9dCOjVTUpbFClHQVziy/gTWqZ8a91xCIabzyte
;YtwVUTpXmKckJQl9XT4sP4CjiX0/+XJ/zW0OhaHgPVZ4ySNcMmacsCM+JHVNIyw/gKOEfT/5cn/NbQ6
;FoeA9VnjJI1k0ZI2KLC4fFCtGLBmBo5EQXpp3d8BgOI68yytCaM0OYC5/gaEuIiRjSC5YYunG8AlWl3
;gerAVn+MS/WVptyxRWM223sywkJHdGKVhP7s+Rfz75Ah6uBQqKp9cwWWn3G1wybI2KKBUWYUUzRU3t2
;s4bU5ZoHqwFZ/vEv1labcsUVjNtt70oKw9LSyJIPYOikW4/+R9zz2YPgqraBl5ozQRgLnGboSgnexYp
;RzA9gaP8HFyRdnDLWgiGrcsGRW3BD1opZ522JRUYe00iLD+Bo4Z9P/lyf81tDoWh4ClFY8UMSwJ9m7A
;SOBpyXUcuPYGJkX0/lH59xmwJjpvPK1hh2AhgKHuNij8rHWB2I1lN7cryHEuQcHDxaA6ZttArNw6pfC
;VdCOi4LCkTfUcic0/kz/AJVo96Qct9E5mxzDBYYqh+P10q6NVNJxp3QS5CWN7V8BFWnX5qy1oXma3RL
;V5izyNPL2GHpyQ+AhQrRywqgaOREkmcbWzHYQK0t9MwVGn3D1opfIG7Kjl7FilHOz2Bo/wcXJF2cMta
;AYKo3jRSYtwjUTxljYp8SngeKUcsbc3isUwRzipzwwVw68S/NFZvwBVROFeOvCErFnFHM3NT4M70Ig3
;5HBSuBWe7iP55BiKfSVIwCPnVTUoWdUovRVPk/PcUU5xAcM9oAuvHtFk3DO0SWzh6yOZtBB5gKVIsPY
;HO8B5XkHF78WMOmanIOEVp9whGLW3o1ktKexRkJl5R6M2Rdz/5H3PPZg+CqtoGXmiofxtdCOjtf3tPI
;Ep2HRCyxqEbEs18KJgoXtiii3QFbp1PC2Q/2+R0eU8UO0csPezC8hVWl3pBwzRX2/XgOlhozXw8XQjo
;1U1YexQpKk1e6cr/GGCULi6eNziIq9s8Nw+ofD9dCPrVTUoWdUovRVPk/PxPD8kvQc1qA47EvFk3DKh
;8M10I6LgsKRN9RyJzSfjT9H088h8erkAJj6HNeQQs5hlLXRHo1U0nGndBLkJY3tfoDVqmfnzMdwKdrd
;4tXmPGfDxNCOjVDjgedUUuWESh5v8ZWos/La4FZ+vEv1k3DLh8P10I6NVNSnsUKUcsPYGjkX0/sx0er
;gRn68T5WzcMonw/XViklG17VSMcKkE9gaNxQj/5hFquBXGoxL+pdgwI8HpdsOCSTUrRVtZGLD2Bo5F9
;MfkfHr4FZ+ui1jVWYc0SSwJsjbs+Iw9tKUYsPYGjkR2suR8PrgVnja3TOFppxghgOWGJuCg+HmYpRiw
;9gaORfcPGHw+uBWeNrdM4WmnGCGA7ZIeiPysPcSlGLD2Bo5E9arkfEK4FZ42t0zhaacYIYC16gbYoSn
;oUKUcsPYGd0X0o+R8ewXMCmbbWPVJT2xBWPm23pig+D31HIF89g6ORcz/5H3jHaQaGodEtaG7aHVE5C
;OvSTUp7RkguX1iy55FoP/kfeMdpBoah0S1oaMEPTzFpkYojKxZxKUQ4PYGjyi9ekGx7nUE6y5TzGBc9
;hksKMGXox01Ke3JAK01Q5M3lIlmQc3vxawaGob9aPQyofG8RScjkY31OeURHPj2Bo/cUU5hye8BxOIy
;n0D1SU80SW10L6NVNSnsAKUcsW+jP8BBal2tByWYIj6HgKkNt2gg/Xgjo1U1KcBQpR0pU7cL8GFGNQH
;fKBWTPxL9ZA26RGFlqMYr4fy4aJARzSVu1jvBLDs4yLZ8wBNOgjmkCOsoeP1AI6NUrIxd1RCJCSd7N8
;BBa+RwUrgVnu4j+eQYin0lSMAjy1U1KHX1FJkFY79fOE16UekHPZwWZockwVnjBE1FdC+vVTUorWGhH
;Ij2Bo/cUU5hye8BxOIWryzxEDKt8P10I6NVNSnsUKUcsLYGjkX0/+R8ergVn68S/WTcMqHw/XQjo1U1
;KexQpRyw9gaORfT/5Hw==
;Data end
;
;Print Time: 410
;Material#1 Used: 100.6
;Material#2 Used: 0.0
;Material#1 Cost: 0.01
;Material#2 Cost: 0.00
