solid OpenSCAD_Model
  facet normal 0.634321 0.77307 -0
    outer loop
      vertex -26.6358 -22.1108 2.00241
      vertex -26.9389 -21.8621 6.3
      vertex -26.6358 -22.1108 6.3
    endloop
  endfacet
  facet normal 0.634321 0.77307 0
    outer loop
      vertex -26.9389 -21.8621 6.3
      vertex -26.6358 -22.1108 2.00241
      vertex -26.9389 -21.8621 2.00241
    endloop
  endfacet
  facet normal -0.95711 -0.289724 0
    outer loop
      vertex -36.3478 -26.0404 2.00241
      vertex -36.3903 -25.9 6.3
      vertex -36.3903 -25.9 2.00241
    endloop
  endfacet
  facet normal -0.95711 -0.289724 0
    outer loop
      vertex -36.3903 -25.9 6.3
      vertex -36.3478 -26.0404 2.00241
      vertex -36.3478 -26.0404 6.3
    endloop
  endfacet
  facet normal 0.471435 -0.881901 0
    outer loop
      vertex -27.2846 -27.1227 2.00241
      vertex -26.9389 -26.9379 6.3
      vertex -27.2846 -27.1227 6.3
    endloop
  endfacet
  facet normal 0.471435 -0.881901 0
    outer loop
      vertex -26.9389 -26.9379 6.3
      vertex -27.2846 -27.1227 2.00241
      vertex -26.9389 -26.9379 2.00241
    endloop
  endfacet
  facet normal 0.995193 -0.097938 0
    outer loop
      vertex -26.0884 -25.6652 6.3
      vertex -26.05 -25.275 2.00241
      vertex -26.05 -25.275 6.3
    endloop
  endfacet
  facet normal 0.995193 -0.097938 0
    outer loop
      vertex -26.05 -25.275 2.00241
      vertex -26.0884 -25.6652 6.3
      vertex -26.0884 -25.6652 2.00241
    endloop
  endfacet
  facet normal 0.881795 -0.471634 0
    outer loop
      vertex -26.3871 -26.3861 6.3
      vertex -26.2022 -26.0404 2.00241
      vertex -26.2022 -26.0404 6.3
    endloop
  endfacet
  facet normal 0.881795 -0.471634 0
    outer loop
      vertex -26.2022 -26.0404 2.00241
      vertex -26.3871 -26.3861 6.3
      vertex -26.3871 -26.3861 2.00241
    endloop
  endfacet
  facet normal -0.290482 -0.956881 0
    outer loop
      vertex -35.2654 -27.1227 2.00241
      vertex -34.8902 -27.2366 6.3
      vertex -35.2654 -27.1227 6.3
    endloop
  endfacet
  facet normal -0.290482 -0.956881 -0
    outer loop
      vertex -34.8902 -27.2366 6.3
      vertex -35.2654 -27.1227 2.00241
      vertex -34.8902 -27.2366 2.00241
    endloop
  endfacet
  facet normal 0.097938 0.995193 -0
    outer loop
      vertex -27.6598 -21.5634 2.00241
      vertex -28.05 -21.525 6.3
      vertex -27.6598 -21.5634 6.3
    endloop
  endfacet
  facet normal 0.097938 0.995193 0
    outer loop
      vertex -28.05 -21.525 6.3
      vertex -27.6598 -21.5634 2.00241
      vertex -28.05 -21.525 2.00241
    endloop
  endfacet
  facet normal 0 1 -0
    outer loop
      vertex -28.05 -21.525 2.00241
      vertex -34.5 -21.525 6.3
      vertex -28.05 -21.525 6.3
    endloop
  endfacet
  facet normal 0 1 0
    outer loop
      vertex -34.5 -21.525 6.3
      vertex -28.05 -21.525 2.00241
      vertex -34.5 -21.525 2.00241
    endloop
  endfacet
  facet normal 0.77307 0.634321 0
    outer loop
      vertex -26.3871 -22.4139 6.3
      vertex -26.6358 -22.1108 2.00241
      vertex -26.6358 -22.1108 6.3
    endloop
  endfacet
  facet normal 0.77307 0.634321 0
    outer loop
      vertex -26.6358 -22.1108 2.00241
      vertex -26.3871 -22.4139 6.3
      vertex -26.3871 -22.4139 2.00241
    endloop
  endfacet
  facet normal 0.956951 0.290248 0
    outer loop
      vertex -26.0884 -23.1348 6.3
      vertex -26.2022 -22.7596 2.00241
      vertex -26.2022 -22.7596 6.3
    endloop
  endfacet
  facet normal 0.956951 0.290248 0
    outer loop
      vertex -26.2022 -22.7596 2.00241
      vertex -26.0884 -23.1348 6.3
      vertex -26.0884 -23.1348 2.00241
    endloop
  endfacet
  facet normal 0 -1 0
    outer loop
      vertex -34.5 -27.275 2.00241
      vertex -28.05 -27.275 6.3
      vertex -34.5 -27.275 6.3
    endloop
  endfacet
  facet normal 0 -1 -0
    outer loop
      vertex -28.05 -27.275 6.3
      vertex -34.5 -27.275 2.00241
      vertex -28.05 -27.275 2.00241
    endloop
  endfacet
  facet normal 0.634321 -0.77307 0
    outer loop
      vertex -26.9389 -26.9379 2.00241
      vertex -26.6358 -26.6892 6.3
      vertex -26.9389 -26.9379 6.3
    endloop
  endfacet
  facet normal 0.634321 -0.77307 0
    outer loop
      vertex -26.6358 -26.6892 6.3
      vertex -26.9389 -26.9379 2.00241
      vertex -26.6358 -26.6892 2.00241
    endloop
  endfacet
  facet normal -0.290482 0.956881 0
    outer loop
      vertex -34.8902 -21.5634 2.00241
      vertex -35.2654 -21.6773 6.3
      vertex -34.8902 -21.5634 6.3
    endloop
  endfacet
  facet normal -0.290482 0.956881 0
    outer loop
      vertex -35.2654 -21.6773 6.3
      vertex -34.8902 -21.5634 2.00241
      vertex -35.2654 -21.6773 2.00241
    endloop
  endfacet
  facet normal -0.471435 0.881901 0
    outer loop
      vertex -35.2654 -21.6773 2.00241
      vertex -35.6111 -21.8621 6.3
      vertex -35.2654 -21.6773 6.3
    endloop
  endfacet
  facet normal -0.471435 0.881901 0
    outer loop
      vertex -35.6111 -21.8621 6.3
      vertex -35.2654 -21.6773 2.00241
      vertex -35.6111 -21.8621 2.00241
    endloop
  endfacet
  facet normal -0.634321 0.77307 0
    outer loop
      vertex -35.6111 -21.8621 2.00241
      vertex -35.9142 -22.1108 6.3
      vertex -35.6111 -21.8621 6.3
    endloop
  endfacet
  facet normal -0.634321 0.77307 0
    outer loop
      vertex -35.9142 -22.1108 6.3
      vertex -35.6111 -21.8621 2.00241
      vertex -35.9142 -22.1108 2.00241
    endloop
  endfacet
  facet normal 0.956951 -0.290248 0
    outer loop
      vertex -26.2022 -26.0404 6.3
      vertex -26.0884 -25.6652 2.00241
      vertex -26.0884 -25.6652 6.3
    endloop
  endfacet
  facet normal 0.956951 -0.290248 0
    outer loop
      vertex -26.0884 -25.6652 2.00241
      vertex -26.2022 -26.0404 6.3
      vertex -26.2022 -26.0404 2.00241
    endloop
  endfacet
  facet normal 1 -0 0
    outer loop
      vertex -26.05 -25.275 6.3
      vertex -26.05 -23.525 2.00241
      vertex -26.05 -23.525 6.3
    endloop
  endfacet
  facet normal 1 0 0
    outer loop
      vertex -26.05 -23.525 2.00241
      vertex -26.05 -25.275 6.3
      vertex -26.05 -25.275 2.00241
    endloop
  endfacet
  facet normal -0.471435 -0.881901 0
    outer loop
      vertex -35.6111 -26.9379 2.00241
      vertex -35.2654 -27.1227 6.3
      vertex -35.6111 -26.9379 6.3
    endloop
  endfacet
  facet normal -0.471435 -0.881901 -0
    outer loop
      vertex -35.2654 -27.1227 6.3
      vertex -35.6111 -26.9379 2.00241
      vertex -35.2654 -27.1227 2.00241
    endloop
  endfacet
  facet normal 0.471435 0.881901 -0
    outer loop
      vertex -26.9389 -21.8621 2.00241
      vertex -27.2846 -21.6773 6.3
      vertex -26.9389 -21.8621 6.3
    endloop
  endfacet
  facet normal 0.471435 0.881901 0
    outer loop
      vertex -27.2846 -21.6773 6.3
      vertex -26.9389 -21.8621 2.00241
      vertex -27.2846 -21.6773 2.00241
    endloop
  endfacet
  facet normal -0.881795 -0.471634 0
    outer loop
      vertex -36.1629 -26.3861 2.00241
      vertex -36.3478 -26.0404 6.3
      vertex -36.3478 -26.0404 2.00241
    endloop
  endfacet
  facet normal -0.881795 -0.471634 0
    outer loop
      vertex -36.3478 -26.0404 6.3
      vertex -36.1629 -26.3861 2.00241
      vertex -36.1629 -26.3861 6.3
    endloop
  endfacet
  facet normal -0.097938 0.995193 0
    outer loop
      vertex -34.5 -21.525 2.00241
      vertex -34.8902 -21.5634 6.3
      vertex -34.5 -21.525 6.3
    endloop
  endfacet
  facet normal -0.097938 0.995193 0
    outer loop
      vertex -34.8902 -21.5634 6.3
      vertex -34.5 -21.525 2.00241
      vertex -34.8902 -21.5634 2.00241
    endloop
  endfacet
  facet normal -0.95711 0.289724 0
    outer loop
      vertex -36.3903 -22.9 2.00241
      vertex -36.3478 -22.7596 6.3
      vertex -36.3478 -22.7596 2.00241
    endloop
  endfacet
  facet normal -0.95711 0.289724 0
    outer loop
      vertex -36.3478 -22.7596 6.3
      vertex -36.3903 -22.9 2.00241
      vertex -36.3903 -22.9 6.3
    endloop
  endfacet
  facet normal 0.77307 -0.634321 0
    outer loop
      vertex -26.6358 -26.6892 6.3
      vertex -26.3871 -26.3861 2.00241
      vertex -26.3871 -26.3861 6.3
    endloop
  endfacet
  facet normal 0.77307 -0.634321 0
    outer loop
      vertex -26.3871 -26.3861 2.00241
      vertex -26.6358 -26.6892 6.3
      vertex -26.6358 -26.6892 2.00241
    endloop
  endfacet
  facet normal 0 0 1
    outer loop
      vertex -27.7261 -23.7423 6.3
      vertex -26.05 -23.525 6.3
      vertex -26.0884 -23.1348 6.3
    endloop
  endfacet
  facet normal 0 0 1
    outer loop
      vertex -26.05 -23.525 6.3
      vertex -27.65 -24.125 6.3
      vertex -26.05 -25.275 6.3
    endloop
  endfacet
  facet normal 0 0 1
    outer loop
      vertex -27.8185 -23.5694 6.3
      vertex -26.0884 -23.1348 6.3
      vertex -26.2022 -22.7596 6.3
    endloop
  endfacet
  facet normal -0 0 1
    outer loop
      vertex -27.65 -24.675 6.3
      vertex -26.05 -25.275 6.3
      vertex -27.65 -24.125 6.3
    endloop
  endfacet
  facet normal 0 0 1
    outer loop
      vertex -27.8185 -23.5694 6.3
      vertex -26.2022 -22.7596 6.3
      vertex -26.3871 -22.4139 6.3
    endloop
  endfacet
  facet normal -0 0 1
    outer loop
      vertex -27.6692 -24.8701 6.3
      vertex -26.05 -25.275 6.3
      vertex -27.65 -24.675 6.3
    endloop
  endfacet
  facet normal 0 0 1
    outer loop
      vertex -27.9429 -23.4179 6.3
      vertex -26.3871 -22.4139 6.3
      vertex -26.6358 -22.1108 6.3
    endloop
  endfacet
  facet normal -0 0 1
    outer loop
      vertex -27.7261 -25.0577 6.3
      vertex -26.05 -25.275 6.3
      vertex -27.6692 -24.8701 6.3
    endloop
  endfacet
  facet normal 0 0 1
    outer loop
      vertex -27.9429 -23.4179 6.3
      vertex -26.6358 -22.1108 6.3
      vertex -26.9389 -21.8621 6.3
    endloop
  endfacet
  facet normal 0 0 1
    outer loop
      vertex -26.05 -25.275 6.3
      vertex -27.7261 -25.0577 6.3
      vertex -26.0884 -25.6652 6.3
    endloop
  endfacet
  facet normal 0 0 1
    outer loop
      vertex -28.0944 -23.2935 6.3
      vertex -26.9389 -21.8621 6.3
      vertex -27.2846 -21.6773 6.3
    endloop
  endfacet
  facet normal -0 0 1
    outer loop
      vertex -27.8185 -25.2306 6.3
      vertex -26.0884 -25.6652 6.3
      vertex -27.7261 -25.0577 6.3
    endloop
  endfacet
  facet normal 0 0 1
    outer loop
      vertex -26.0884 -25.6652 6.3
      vertex -27.8185 -25.2306 6.3
      vertex -26.2022 -26.0404 6.3
    endloop
  endfacet
  facet normal 0 0 1
    outer loop
      vertex -28.0944 -23.2935 6.3
      vertex -27.2846 -21.6773 6.3
      vertex -27.6598 -21.5634 6.3
    endloop
  endfacet
  facet normal 0 0 1
    outer loop
      vertex -26.05 -23.525 6.3
      vertex -27.6692 -23.9299 6.3
      vertex -27.65 -24.125 6.3
    endloop
  endfacet
  facet normal 0 0 1
    outer loop
      vertex -26.05 -23.525 6.3
      vertex -27.7261 -23.7423 6.3
      vertex -27.6692 -23.9299 6.3
    endloop
  endfacet
  facet normal 0 0 1
    outer loop
      vertex -26.0884 -23.1348 6.3
      vertex -27.8185 -23.5694 6.3
      vertex -27.7261 -23.7423 6.3
    endloop
  endfacet
  facet normal 0 0 1
    outer loop
      vertex -26.3871 -22.4139 6.3
      vertex -27.9429 -23.4179 6.3
      vertex -27.8185 -23.5694 6.3
    endloop
  endfacet
  facet normal 0 0 1
    outer loop
      vertex -28.2673 -23.2011 6.3
      vertex -27.6598 -21.5634 6.3
      vertex -28.05 -21.525 6.3
    endloop
  endfacet
  facet normal 0 0 1
    outer loop
      vertex -26.9389 -21.8621 6.3
      vertex -28.0944 -23.2935 6.3
      vertex -27.9429 -23.4179 6.3
    endloop
  endfacet
  facet normal 0 0 1
    outer loop
      vertex -27.6598 -21.5634 6.3
      vertex -28.2673 -23.2011 6.3
      vertex -28.0944 -23.2935 6.3
    endloop
  endfacet
  facet normal 0 0 1
    outer loop
      vertex -28.05 -21.525 6.3
      vertex -28.4549 -23.1442 6.3
      vertex -28.2673 -23.2011 6.3
    endloop
  endfacet
  facet normal 0 0 1
    outer loop
      vertex -28.05 -21.525 6.3
      vertex -28.65 -23.125 6.3
      vertex -28.4549 -23.1442 6.3
    endloop
  endfacet
  facet normal 0 0 1
    outer loop
      vertex -28.05 -21.525 6.3
      vertex -33.9 -23.125 6.3
      vertex -28.65 -23.125 6.3
    endloop
  endfacet
  facet normal -0 0 1
    outer loop
      vertex -34.5 -21.525 6.3
      vertex -33.9 -23.125 6.3
      vertex -28.05 -21.525 6.3
    endloop
  endfacet
  facet normal 0 0 1
    outer loop
      vertex -33.9 -23.125 6.3
      vertex -34.5 -21.525 6.3
      vertex -34.0951 -23.1442 6.3
    endloop
  endfacet
  facet normal 0 0 1
    outer loop
      vertex -34.5 -21.525 6.3
      vertex -34.2827 -23.2011 6.3
      vertex -34.0951 -23.1442 6.3
    endloop
  endfacet
  facet normal -0 0 1
    outer loop
      vertex -34.8902 -21.5634 6.3
      vertex -34.2827 -23.2011 6.3
      vertex -34.5 -21.525 6.3
    endloop
  endfacet
  facet normal 0 0 1
    outer loop
      vertex -34.2827 -23.2011 6.3
      vertex -34.8902 -21.5634 6.3
      vertex -34.4556 -23.2935 6.3
    endloop
  endfacet
  facet normal -0 0 1
    outer loop
      vertex -35.2654 -21.6773 6.3
      vertex -34.4556 -23.2935 6.3
      vertex -34.8902 -21.5634 6.3
    endloop
  endfacet
  facet normal -0 0 1
    outer loop
      vertex -35.6111 -21.8621 6.3
      vertex -34.4556 -23.2935 6.3
      vertex -35.2654 -21.6773 6.3
    endloop
  endfacet
  facet normal 0 0 1
    outer loop
      vertex -34.4556 -23.2935 6.3
      vertex -35.6111 -21.8621 6.3
      vertex -34.6071 -23.4179 6.3
    endloop
  endfacet
  facet normal -0 0 1
    outer loop
      vertex -35.9142 -22.1108 6.3
      vertex -34.6071 -23.4179 6.3
      vertex -35.6111 -21.8621 6.3
    endloop
  endfacet
  facet normal -0 0 1
    outer loop
      vertex -36.1629 -22.4139 6.3
      vertex -34.6071 -23.4179 6.3
      vertex -35.9142 -22.1108 6.3
    endloop
  endfacet
  facet normal -0 0 1
    outer loop
      vertex -36.3478 -22.7596 6.3
      vertex -34.7315 -23.5694 6.3
      vertex -36.1629 -22.4139 6.3
    endloop
  endfacet
  facet normal 0 0 1
    outer loop
      vertex -34.6071 -23.4179 6.3
      vertex -36.1629 -22.4139 6.3
      vertex -34.7315 -23.5694 6.3
    endloop
  endfacet
  facet normal 0 0 1
    outer loop
      vertex -26.2022 -26.0404 6.3
      vertex -27.8185 -25.2306 6.3
      vertex -26.3871 -26.3861 6.3
    endloop
  endfacet
  facet normal -0 0 1
    outer loop
      vertex -27.9429 -25.3821 6.3
      vertex -26.3871 -26.3861 6.3
      vertex -27.8185 -25.2306 6.3
    endloop
  endfacet
  facet normal 0 0 1
    outer loop
      vertex -26.3871 -26.3861 6.3
      vertex -27.9429 -25.3821 6.3
      vertex -26.6358 -26.6892 6.3
    endloop
  endfacet
  facet normal 0 0 1
    outer loop
      vertex -26.6358 -26.6892 6.3
      vertex -27.9429 -25.3821 6.3
      vertex -26.9389 -26.9379 6.3
    endloop
  endfacet
  facet normal -0 0 1
    outer loop
      vertex -28.0944 -25.5065 6.3
      vertex -26.9389 -26.9379 6.3
      vertex -27.9429 -25.3821 6.3
    endloop
  endfacet
  facet normal 0 0 1
    outer loop
      vertex -26.9389 -26.9379 6.3
      vertex -28.0944 -25.5065 6.3
      vertex -27.2846 -27.1227 6.3
    endloop
  endfacet
  facet normal 0 0 1
    outer loop
      vertex -27.2846 -27.1227 6.3
      vertex -28.0944 -25.5065 6.3
      vertex -27.6598 -27.2366 6.3
    endloop
  endfacet
  facet normal -0 0 1
    outer loop
      vertex -28.2673 -25.5989 6.3
      vertex -27.6598 -27.2366 6.3
      vertex -28.0944 -25.5065 6.3
    endloop
  endfacet
  facet normal 0 0 1
    outer loop
      vertex -27.6598 -27.2366 6.3
      vertex -28.2673 -25.5989 6.3
      vertex -28.05 -27.275 6.3
    endloop
  endfacet
  facet normal -0 0 1
    outer loop
      vertex -28.4549 -25.6558 6.3
      vertex -28.05 -27.275 6.3
      vertex -28.2673 -25.5989 6.3
    endloop
  endfacet
  facet normal -0 0 1
    outer loop
      vertex -28.65 -25.675 6.3
      vertex -28.05 -27.275 6.3
      vertex -28.4549 -25.6558 6.3
    endloop
  endfacet
  facet normal -0 0 1
    outer loop
      vertex -33.9 -25.675 6.3
      vertex -28.05 -27.275 6.3
      vertex -28.65 -25.675 6.3
    endloop
  endfacet
  facet normal 0 0 1
    outer loop
      vertex -34.5 -27.275 6.3
      vertex -33.9 -25.675 6.3
      vertex -34.0951 -25.6558 6.3
    endloop
  endfacet
  facet normal 0 0 1
    outer loop
      vertex -33.9 -25.675 6.3
      vertex -34.5 -27.275 6.3
      vertex -28.05 -27.275 6.3
    endloop
  endfacet
  facet normal 0 0 1
    outer loop
      vertex -34.2827 -25.5989 6.3
      vertex -34.5 -27.275 6.3
      vertex -34.0951 -25.6558 6.3
    endloop
  endfacet
  facet normal 0 0 1
    outer loop
      vertex -34.8902 -27.2366 6.3
      vertex -34.2827 -25.5989 6.3
      vertex -34.4556 -25.5065 6.3
    endloop
  endfacet
  facet normal 0 0 1
    outer loop
      vertex -35.6111 -26.9379 6.3
      vertex -34.4556 -25.5065 6.3
      vertex -34.6071 -25.3821 6.3
    endloop
  endfacet
  facet normal 0 0 1
    outer loop
      vertex -36.1629 -26.3861 6.3
      vertex -34.6071 -25.3821 6.3
      vertex -34.7315 -25.2306 6.3
    endloop
  endfacet
  facet normal 0 0 1
    outer loop
      vertex -36.3903 -25.9 6.3
      vertex -34.7315 -25.2306 6.3
      vertex -34.8239 -25.0577 6.3
    endloop
  endfacet
  facet normal 0 0 1
    outer loop
      vertex -36.3903 -25.9 6.3
      vertex -34.8239 -25.0577 6.3
      vertex -34.8808 -24.8701 6.3
    endloop
  endfacet
  facet normal 0 0 1
    outer loop
      vertex -34.2827 -25.5989 6.3
      vertex -34.8902 -27.2366 6.3
      vertex -34.5 -27.275 6.3
    endloop
  endfacet
  facet normal 0 0 1
    outer loop
      vertex -36.3903 -25.9 6.3
      vertex -34.8808 -24.8701 6.3
      vertex -34.9 -24.675 6.3
    endloop
  endfacet
  facet normal -0 0 1
    outer loop
      vertex -36.3903 -22.9 6.3
      vertex -34.7315 -23.5694 6.3
      vertex -36.3478 -22.7596 6.3
    endloop
  endfacet
  facet normal 0 0 1
    outer loop
      vertex -36.3903 -25.9 6.3
      vertex -34.9 -24.675 6.3
      vertex -36.3903 -22.9 6.3
    endloop
  endfacet
  facet normal 0 0 1
    outer loop
      vertex -34.7315 -23.5694 6.3
      vertex -36.3903 -22.9 6.3
      vertex -34.8239 -23.7423 6.3
    endloop
  endfacet
  facet normal 0 0 1
    outer loop
      vertex -34.7315 -25.2306 6.3
      vertex -36.3903 -25.9 6.3
      vertex -36.3478 -26.0404 6.3
    endloop
  endfacet
  facet normal 0 0 1
    outer loop
      vertex -34.8239 -23.7423 6.3
      vertex -36.3903 -22.9 6.3
      vertex -34.8808 -23.9299 6.3
    endloop
  endfacet
  facet normal 0 0 1
    outer loop
      vertex -34.4556 -25.5065 6.3
      vertex -35.2654 -27.1227 6.3
      vertex -34.8902 -27.2366 6.3
    endloop
  endfacet
  facet normal 0 0 1
    outer loop
      vertex -34.9 -24.125 6.3
      vertex -36.3903 -22.9 6.3
      vertex -34.9 -24.675 6.3
    endloop
  endfacet
  facet normal 0 0 1
    outer loop
      vertex -34.4556 -25.5065 6.3
      vertex -35.6111 -26.9379 6.3
      vertex -35.2654 -27.1227 6.3
    endloop
  endfacet
  facet normal 0 0 1
    outer loop
      vertex -34.8808 -23.9299 6.3
      vertex -36.3903 -22.9 6.3
      vertex -34.9 -24.125 6.3
    endloop
  endfacet
  facet normal 0 0 1
    outer loop
      vertex -34.6071 -25.3821 6.3
      vertex -35.9142 -26.6892 6.3
      vertex -35.6111 -26.9379 6.3
    endloop
  endfacet
  facet normal 0 0 1
    outer loop
      vertex -34.6071 -25.3821 6.3
      vertex -36.1629 -26.3861 6.3
      vertex -35.9142 -26.6892 6.3
    endloop
  endfacet
  facet normal 0 0 1
    outer loop
      vertex -34.7315 -25.2306 6.3
      vertex -36.3478 -26.0404 6.3
      vertex -36.1629 -26.3861 6.3
    endloop
  endfacet
  facet normal -0 0 1
    outer loop
      vertex -38.3476 -22.9 6.3
      vertex -36.3903 -25.9 6.3
      vertex -36.3903 -22.9 6.3
    endloop
  endfacet
  facet normal 0 0 1
    outer loop
      vertex -36.3903 -25.9 6.3
      vertex -38.3476 -22.9 6.3
      vertex -38.3476 -25.9 6.3
    endloop
  endfacet
  facet normal 0.995193 0.097938 0
    outer loop
      vertex -26.05 -23.525 6.3
      vertex -26.0884 -23.1348 2.00241
      vertex -26.0884 -23.1348 6.3
    endloop
  endfacet
  facet normal 0.995193 0.097938 0
    outer loop
      vertex -26.0884 -23.1348 2.00241
      vertex -26.05 -23.525 6.3
      vertex -26.05 -23.525 2.00241
    endloop
  endfacet
  facet normal 0.290482 0.956881 -0
    outer loop
      vertex -27.2846 -21.6773 2.00241
      vertex -27.6598 -21.5634 6.3
      vertex -27.2846 -21.6773 6.3
    endloop
  endfacet
  facet normal 0.290482 0.956881 0
    outer loop
      vertex -27.6598 -21.5634 6.3
      vertex -27.2846 -21.6773 2.00241
      vertex -27.6598 -21.5634 2.00241
    endloop
  endfacet
  facet normal -0.634321 -0.77307 0
    outer loop
      vertex -35.9142 -26.6892 2.00241
      vertex -35.6111 -26.9379 6.3
      vertex -35.9142 -26.6892 6.3
    endloop
  endfacet
  facet normal -0.634321 -0.77307 -0
    outer loop
      vertex -35.6111 -26.9379 6.3
      vertex -35.9142 -26.6892 2.00241
      vertex -35.6111 -26.9379 2.00241
    endloop
  endfacet
  facet normal 0.290482 -0.956881 0
    outer loop
      vertex -27.6598 -27.2366 2.00241
      vertex -27.2846 -27.1227 6.3
      vertex -27.6598 -27.2366 6.3
    endloop
  endfacet
  facet normal 0.290482 -0.956881 0
    outer loop
      vertex -27.2846 -27.1227 6.3
      vertex -27.6598 -27.2366 2.00241
      vertex -27.2846 -27.1227 2.00241
    endloop
  endfacet
  facet normal -0.881795 0.471634 0
    outer loop
      vertex -36.3478 -22.7596 2.00241
      vertex -36.1629 -22.4139 6.3
      vertex -36.1629 -22.4139 2.00241
    endloop
  endfacet
  facet normal -0.881795 0.471634 0
    outer loop
      vertex -36.1629 -22.4139 6.3
      vertex -36.3478 -22.7596 2.00241
      vertex -36.3478 -22.7596 6.3
    endloop
  endfacet
  facet normal 0.881795 0.471634 0
    outer loop
      vertex -26.2022 -22.7596 6.3
      vertex -26.3871 -22.4139 2.00241
      vertex -26.3871 -22.4139 6.3
    endloop
  endfacet
  facet normal 0.881795 0.471634 0
    outer loop
      vertex -26.3871 -22.4139 2.00241
      vertex -26.2022 -22.7596 6.3
      vertex -26.2022 -22.7596 2.00241
    endloop
  endfacet
  facet normal 0.097938 -0.995193 0
    outer loop
      vertex -28.05 -27.275 2.00241
      vertex -27.6598 -27.2366 6.3
      vertex -28.05 -27.275 6.3
    endloop
  endfacet
  facet normal 0.097938 -0.995193 0
    outer loop
      vertex -27.6598 -27.2366 6.3
      vertex -28.05 -27.275 2.00241
      vertex -27.6598 -27.2366 2.00241
    endloop
  endfacet
  facet normal -0.77307 0.634321 0
    outer loop
      vertex -36.1629 -22.4139 2.00241
      vertex -35.9142 -22.1108 6.3
      vertex -35.9142 -22.1108 2.00241
    endloop
  endfacet
  facet normal -0.77307 0.634321 0
    outer loop
      vertex -35.9142 -22.1108 6.3
      vertex -36.1629 -22.4139 2.00241
      vertex -36.1629 -22.4139 6.3
    endloop
  endfacet
  facet normal -0.097938 -0.995193 0
    outer loop
      vertex -34.8902 -27.2366 2.00241
      vertex -34.5 -27.275 6.3
      vertex -34.8902 -27.2366 6.3
    endloop
  endfacet
  facet normal -0.097938 -0.995193 -0
    outer loop
      vertex -34.5 -27.275 6.3
      vertex -34.8902 -27.2366 2.00241
      vertex -34.5 -27.275 2.00241
    endloop
  endfacet
  facet normal -0.77307 -0.634321 0
    outer loop
      vertex -35.9142 -26.6892 2.00241
      vertex -36.1629 -26.3861 6.3
      vertex -36.1629 -26.3861 2.00241
    endloop
  endfacet
  facet normal -0.77307 -0.634321 0
    outer loop
      vertex -36.1629 -26.3861 6.3
      vertex -35.9142 -26.6892 2.00241
      vertex -35.9142 -26.6892 6.3
    endloop
  endfacet
  facet normal -0.290248 -0.956951 0
    outer loop
      vertex -28.4549 -23.1442 2.00241
      vertex -28.2673 -23.2011 6.3
      vertex -28.4549 -23.1442 6.3
    endloop
  endfacet
  facet normal -0.290248 -0.956951 -0
    outer loop
      vertex -28.2673 -23.2011 6.3
      vertex -28.4549 -23.1442 2.00241
      vertex -28.2673 -23.2011 2.00241
    endloop
  endfacet
  facet normal 0.881957 0.471329 0
    outer loop
      vertex -34.7315 -25.2306 6.3
      vertex -34.8239 -25.0577 2.00241
      vertex -34.8239 -25.0577 6.3
    endloop
  endfacet
  facet normal 0.881957 0.471329 0
    outer loop
      vertex -34.8239 -25.0577 2.00241
      vertex -34.7315 -25.2306 6.3
      vertex -34.7315 -25.2306 2.00241
    endloop
  endfacet
  facet normal -1 0 0
    outer loop
      vertex -27.65 -24.675 2.00241
      vertex -27.65 -24.125 6.3
      vertex -27.65 -24.125 2.00241
    endloop
  endfacet
  facet normal -1 -0 0
    outer loop
      vertex -27.65 -24.125 6.3
      vertex -27.65 -24.675 2.00241
      vertex -27.65 -24.675 6.3
    endloop
  endfacet
  facet normal -0.290248 0.956951 0
    outer loop
      vertex -28.2673 -25.5989 2.00241
      vertex -28.4549 -25.6558 6.3
      vertex -28.2673 -25.5989 6.3
    endloop
  endfacet
  facet normal -0.290248 0.956951 0
    outer loop
      vertex -28.4549 -25.6558 6.3
      vertex -28.2673 -25.5989 2.00241
      vertex -28.4549 -25.6558 2.00241
    endloop
  endfacet
  facet normal 0.471329 -0.881957 0
    outer loop
      vertex -34.4556 -23.2935 2.00241
      vertex -34.2827 -23.2011 6.3
      vertex -34.4556 -23.2935 6.3
    endloop
  endfacet
  facet normal 0.471329 -0.881957 0
    outer loop
      vertex -34.2827 -23.2011 6.3
      vertex -34.4556 -23.2935 2.00241
      vertex -34.2827 -23.2011 2.00241
    endloop
  endfacet
  facet normal -0.471329 -0.881957 0
    outer loop
      vertex -28.2673 -23.2011 2.00241
      vertex -28.0944 -23.2935 6.3
      vertex -28.2673 -23.2011 6.3
    endloop
  endfacet
  facet normal -0.471329 -0.881957 -0
    outer loop
      vertex -28.0944 -23.2935 6.3
      vertex -28.2673 -23.2011 2.00241
      vertex -28.0944 -23.2935 2.00241
    endloop
  endfacet
  facet normal 0.634598 -0.772842 0
    outer loop
      vertex -34.6071 -23.4179 2.00241
      vertex -34.4556 -23.2935 6.3
      vertex -34.6071 -23.4179 6.3
    endloop
  endfacet
  facet normal 0.634598 -0.772842 0
    outer loop
      vertex -34.4556 -23.2935 6.3
      vertex -34.6071 -23.4179 2.00241
      vertex -34.4556 -23.2935 2.00241
    endloop
  endfacet
  facet normal 0.956951 0.290248 0
    outer loop
      vertex -34.8239 -25.0577 6.3
      vertex -34.8808 -24.8701 2.00241
      vertex -34.8808 -24.8701 6.3
    endloop
  endfacet
  facet normal 0.956951 0.290248 0
    outer loop
      vertex -34.8808 -24.8701 2.00241
      vertex -34.8239 -25.0577 6.3
      vertex -34.8239 -25.0577 2.00241
    endloop
  endfacet
  facet normal 0.772842 -0.634598 0
    outer loop
      vertex -34.7315 -23.5694 6.3
      vertex -34.6071 -23.4179 2.00241
      vertex -34.6071 -23.4179 6.3
    endloop
  endfacet
  facet normal 0.772842 -0.634598 0
    outer loop
      vertex -34.6071 -23.4179 2.00241
      vertex -34.7315 -23.5694 6.3
      vertex -34.7315 -23.5694 2.00241
    endloop
  endfacet
  facet normal 0.634598 0.772842 -0
    outer loop
      vertex -34.4556 -25.5065 2.00241
      vertex -34.6071 -25.3821 6.3
      vertex -34.4556 -25.5065 6.3
    endloop
  endfacet
  facet normal 0.634598 0.772842 0
    outer loop
      vertex -34.6071 -25.3821 6.3
      vertex -34.4556 -25.5065 2.00241
      vertex -34.6071 -25.3821 2.00241
    endloop
  endfacet
  facet normal 0.290248 -0.956951 0
    outer loop
      vertex -34.2827 -23.2011 2.00241
      vertex -34.0951 -23.1442 6.3
      vertex -34.2827 -23.2011 6.3
    endloop
  endfacet
  facet normal 0.290248 -0.956951 0
    outer loop
      vertex -34.0951 -23.1442 6.3
      vertex -34.2827 -23.2011 2.00241
      vertex -34.0951 -23.1442 2.00241
    endloop
  endfacet
  facet normal 0.995193 0.097938 0
    outer loop
      vertex -34.8808 -24.8701 6.3
      vertex -34.9 -24.675 2.00241
      vertex -34.9 -24.675 6.3
    endloop
  endfacet
  facet normal 0.995193 0.097938 0
    outer loop
      vertex -34.9 -24.675 2.00241
      vertex -34.8808 -24.8701 6.3
      vertex -34.8808 -24.8701 2.00241
    endloop
  endfacet
  facet normal 0.881957 -0.471329 0
    outer loop
      vertex -34.8239 -23.7423 6.3
      vertex -34.7315 -23.5694 2.00241
      vertex -34.7315 -23.5694 6.3
    endloop
  endfacet
  facet normal 0.881957 -0.471329 0
    outer loop
      vertex -34.7315 -23.5694 2.00241
      vertex -34.8239 -23.7423 6.3
      vertex -34.8239 -23.7423 2.00241
    endloop
  endfacet
  facet normal -0.471329 0.881957 0
    outer loop
      vertex -28.0944 -25.5065 2.00241
      vertex -28.2673 -25.5989 6.3
      vertex -28.0944 -25.5065 6.3
    endloop
  endfacet
  facet normal -0.471329 0.881957 0
    outer loop
      vertex -28.2673 -25.5989 6.3
      vertex -28.0944 -25.5065 2.00241
      vertex -28.2673 -25.5989 2.00241
    endloop
  endfacet
  facet normal -0.881957 -0.471329 0
    outer loop
      vertex -27.7261 -23.7423 2.00241
      vertex -27.8185 -23.5694 6.3
      vertex -27.8185 -23.5694 2.00241
    endloop
  endfacet
  facet normal -0.881957 -0.471329 0
    outer loop
      vertex -27.8185 -23.5694 6.3
      vertex -27.7261 -23.7423 2.00241
      vertex -27.7261 -23.7423 6.3
    endloop
  endfacet
  facet normal 0.772842 0.634598 0
    outer loop
      vertex -34.6071 -25.3821 6.3
      vertex -34.7315 -25.2306 2.00241
      vertex -34.7315 -25.2306 6.3
    endloop
  endfacet
  facet normal 0.772842 0.634598 0
    outer loop
      vertex -34.7315 -25.2306 2.00241
      vertex -34.6071 -25.3821 6.3
      vertex -34.6071 -25.3821 2.00241
    endloop
  endfacet
  facet normal -0.995193 0.097938 0
    outer loop
      vertex -27.6692 -24.8701 2.00241
      vertex -27.65 -24.675 6.3
      vertex -27.65 -24.675 2.00241
    endloop
  endfacet
  facet normal -0.995193 0.097938 0
    outer loop
      vertex -27.65 -24.675 6.3
      vertex -27.6692 -24.8701 2.00241
      vertex -27.6692 -24.8701 6.3
    endloop
  endfacet
  facet normal 1 -0 0
    outer loop
      vertex -34.9 -24.675 6.3
      vertex -34.9 -24.125 2.00241
      vertex -34.9 -24.125 6.3
    endloop
  endfacet
  facet normal 1 0 0
    outer loop
      vertex -34.9 -24.125 2.00241
      vertex -34.9 -24.675 6.3
      vertex -34.9 -24.675 2.00241
    endloop
  endfacet
  facet normal 0 -1 0
    outer loop
      vertex -33.9 -23.125 2.00241
      vertex -28.65 -23.125 6.3
      vertex -33.9 -23.125 6.3
    endloop
  endfacet
  facet normal 0 -1 -0
    outer loop
      vertex -28.65 -23.125 6.3
      vertex -33.9 -23.125 2.00241
      vertex -28.65 -23.125 2.00241
    endloop
  endfacet
  facet normal 0.097938 -0.995193 0
    outer loop
      vertex -34.0951 -23.1442 2.00241
      vertex -33.9 -23.125 6.3
      vertex -34.0951 -23.1442 6.3
    endloop
  endfacet
  facet normal 0.097938 -0.995193 0
    outer loop
      vertex -33.9 -23.125 6.3
      vertex -34.0951 -23.1442 2.00241
      vertex -33.9 -23.125 2.00241
    endloop
  endfacet
  facet normal 0.290248 0.956951 -0
    outer loop
      vertex -34.0951 -25.6558 2.00241
      vertex -34.2827 -25.5989 6.3
      vertex -34.0951 -25.6558 6.3
    endloop
  endfacet
  facet normal 0.290248 0.956951 0
    outer loop
      vertex -34.2827 -25.5989 6.3
      vertex -34.0951 -25.6558 2.00241
      vertex -34.2827 -25.5989 2.00241
    endloop
  endfacet
  facet normal 0.956951 -0.290248 0
    outer loop
      vertex -34.8808 -23.9299 6.3
      vertex -34.8239 -23.7423 2.00241
      vertex -34.8239 -23.7423 6.3
    endloop
  endfacet
  facet normal 0.956951 -0.290248 0
    outer loop
      vertex -34.8239 -23.7423 2.00241
      vertex -34.8808 -23.9299 6.3
      vertex -34.8808 -23.9299 2.00241
    endloop
  endfacet
  facet normal -0.097938 -0.995193 0
    outer loop
      vertex -28.65 -23.125 2.00241
      vertex -28.4549 -23.1442 6.3
      vertex -28.65 -23.125 6.3
    endloop
  endfacet
  facet normal -0.097938 -0.995193 -0
    outer loop
      vertex -28.4549 -23.1442 6.3
      vertex -28.65 -23.125 2.00241
      vertex -28.4549 -23.1442 2.00241
    endloop
  endfacet
  facet normal 0.471329 0.881957 -0
    outer loop
      vertex -34.2827 -25.5989 2.00241
      vertex -34.4556 -25.5065 6.3
      vertex -34.2827 -25.5989 6.3
    endloop
  endfacet
  facet normal 0.471329 0.881957 0
    outer loop
      vertex -34.4556 -25.5065 6.3
      vertex -34.2827 -25.5989 2.00241
      vertex -34.4556 -25.5065 2.00241
    endloop
  endfacet
  facet normal -0.881957 0.471329 0
    outer loop
      vertex -27.8185 -25.2306 2.00241
      vertex -27.7261 -25.0577 6.3
      vertex -27.7261 -25.0577 2.00241
    endloop
  endfacet
  facet normal -0.881957 0.471329 0
    outer loop
      vertex -27.7261 -25.0577 6.3
      vertex -27.8185 -25.2306 2.00241
      vertex -27.8185 -25.2306 6.3
    endloop
  endfacet
  facet normal -0.634598 -0.772842 0
    outer loop
      vertex -28.0944 -23.2935 2.00241
      vertex -27.9429 -23.4179 6.3
      vertex -28.0944 -23.2935 6.3
    endloop
  endfacet
  facet normal -0.634598 -0.772842 -0
    outer loop
      vertex -27.9429 -23.4179 6.3
      vertex -28.0944 -23.2935 2.00241
      vertex -27.9429 -23.4179 2.00241
    endloop
  endfacet
  facet normal 0.097938 0.995193 -0
    outer loop
      vertex -33.9 -25.675 2.00241
      vertex -34.0951 -25.6558 6.3
      vertex -33.9 -25.675 6.3
    endloop
  endfacet
  facet normal 0.097938 0.995193 0
    outer loop
      vertex -34.0951 -25.6558 6.3
      vertex -33.9 -25.675 2.00241
      vertex -34.0951 -25.6558 2.00241
    endloop
  endfacet
  facet normal -0.634598 0.772842 0
    outer loop
      vertex -27.9429 -25.3821 2.00241
      vertex -28.0944 -25.5065 6.3
      vertex -27.9429 -25.3821 6.3
    endloop
  endfacet
  facet normal -0.634598 0.772842 0
    outer loop
      vertex -28.0944 -25.5065 6.3
      vertex -27.9429 -25.3821 2.00241
      vertex -28.0944 -25.5065 2.00241
    endloop
  endfacet
  facet normal -0.956951 -0.290248 0
    outer loop
      vertex -27.6692 -23.9299 2.00241
      vertex -27.7261 -23.7423 6.3
      vertex -27.7261 -23.7423 2.00241
    endloop
  endfacet
  facet normal -0.956951 -0.290248 0
    outer loop
      vertex -27.7261 -23.7423 6.3
      vertex -27.6692 -23.9299 2.00241
      vertex -27.6692 -23.9299 6.3
    endloop
  endfacet
  facet normal -0.772842 -0.634598 0
    outer loop
      vertex -27.8185 -23.5694 2.00241
      vertex -27.9429 -23.4179 6.3
      vertex -27.9429 -23.4179 2.00241
    endloop
  endfacet
  facet normal -0.772842 -0.634598 0
    outer loop
      vertex -27.9429 -23.4179 6.3
      vertex -27.8185 -23.5694 2.00241
      vertex -27.8185 -23.5694 6.3
    endloop
  endfacet
  facet normal -0.995193 -0.097938 0
    outer loop
      vertex -27.65 -24.125 2.00241
      vertex -27.6692 -23.9299 6.3
      vertex -27.6692 -23.9299 2.00241
    endloop
  endfacet
  facet normal -0.995193 -0.097938 0
    outer loop
      vertex -27.6692 -23.9299 6.3
      vertex -27.65 -24.125 2.00241
      vertex -27.65 -24.125 6.3
    endloop
  endfacet
  facet normal 0 1 -0
    outer loop
      vertex -28.65 -25.675 2.00241
      vertex -33.9 -25.675 6.3
      vertex -28.65 -25.675 6.3
    endloop
  endfacet
  facet normal 0 1 0
    outer loop
      vertex -33.9 -25.675 6.3
      vertex -28.65 -25.675 2.00241
      vertex -33.9 -25.675 2.00241
    endloop
  endfacet
  facet normal 0.995193 -0.097938 0
    outer loop
      vertex -34.9 -24.125 6.3
      vertex -34.8808 -23.9299 2.00241
      vertex -34.8808 -23.9299 6.3
    endloop
  endfacet
  facet normal 0.995193 -0.097938 0
    outer loop
      vertex -34.8808 -23.9299 2.00241
      vertex -34.9 -24.125 6.3
      vertex -34.9 -24.125 2.00241
    endloop
  endfacet
  facet normal -0.956951 0.290248 0
    outer loop
      vertex -27.7261 -25.0577 2.00241
      vertex -27.6692 -24.8701 6.3
      vertex -27.6692 -24.8701 2.00241
    endloop
  endfacet
  facet normal -0.956951 0.290248 0
    outer loop
      vertex -27.6692 -24.8701 6.3
      vertex -27.7261 -25.0577 2.00241
      vertex -27.7261 -25.0577 6.3
    endloop
  endfacet
  facet normal -0.097938 0.995193 0
    outer loop
      vertex -28.4549 -25.6558 2.00241
      vertex -28.65 -25.675 6.3
      vertex -28.4549 -25.6558 6.3
    endloop
  endfacet
  facet normal -0.097938 0.995193 0
    outer loop
      vertex -28.65 -25.675 6.3
      vertex -28.4549 -25.6558 2.00241
      vertex -28.65 -25.675 2.00241
    endloop
  endfacet
  facet normal -0.772842 0.634598 0
    outer loop
      vertex -27.9429 -25.3821 2.00241
      vertex -27.8185 -25.2306 6.3
      vertex -27.8185 -25.2306 2.00241
    endloop
  endfacet
  facet normal -0.772842 0.634598 0
    outer loop
      vertex -27.8185 -25.2306 6.3
      vertex -27.9429 -25.3821 2.00241
      vertex -27.9429 -25.3821 6.3
    endloop
  endfacet
  facet normal 0 1 0
    outer loop
      vertex -36.3903 -22.9 6.3
      vertex -38.3476 -22.9 2.45099
      vertex -38.3476 -22.9 6.3
    endloop
  endfacet
  facet normal 0 1 -0
    outer loop
      vertex -36.3903 -22.9 2.00241
      vertex -38.3476 -22.9 2.45099
      vertex -36.3903 -22.9 6.3
    endloop
  endfacet
  facet normal 0 1 -0
    outer loop
      vertex -37.899 -22.9 2.00241
      vertex -38.3476 -22.9 2.45099
      vertex -36.3903 -22.9 2.00241
    endloop
  endfacet
  facet normal 0 1 0
    outer loop
      vertex -38.3476 -22.9 2.45099
      vertex -37.899 -22.9 2.00241
      vertex -38.3285 -22.9 2.35486
    endloop
  endfacet
  facet normal 0 1 0
    outer loop
      vertex -38.3285 -22.9 2.35486
      vertex -37.899 -22.9 2.00241
      vertex -38.291 -22.9 2.2643
    endloop
  endfacet
  facet normal 0 1 0
    outer loop
      vertex -38.2365 -22.9 2.1828
      vertex -37.899 -22.9 2.00241
      vertex -38.1672 -22.9 2.11349
    endloop
  endfacet
  facet normal 0 1 0
    outer loop
      vertex -38.1672 -22.9 2.11349
      vertex -37.899 -22.9 2.00241
      vertex -38.0857 -22.9 2.05904
    endloop
  endfacet
  facet normal 0 1 0
    outer loop
      vertex -38.291 -22.9 2.2643
      vertex -37.899 -22.9 2.00241
      vertex -38.2365 -22.9 2.1828
    endloop
  endfacet
  facet normal 0 1 0
    outer loop
      vertex -38.0857 -22.9 2.05904
      vertex -37.899 -22.9 2.00241
      vertex -37.9951 -22.9 2.02153
    endloop
  endfacet
  facet normal 0 -1 0
    outer loop
      vertex -38.3476 -25.9 2.45099
      vertex -36.3903 -25.9 6.3
      vertex -38.3476 -25.9 6.3
    endloop
  endfacet
  facet normal 0 -1 0
    outer loop
      vertex -37.899 -25.9 2.00241
      vertex -38.3476 -25.9 2.45099
      vertex -38.3285 -25.9 2.35486
    endloop
  endfacet
  facet normal 0 -1 0
    outer loop
      vertex -37.899 -25.9 2.00241
      vertex -38.3285 -25.9 2.35486
      vertex -38.291 -25.9 2.2643
    endloop
  endfacet
  facet normal 0 -1 0
    outer loop
      vertex -37.899 -25.9 2.00241
      vertex -38.291 -25.9 2.2643
      vertex -38.2365 -25.9 2.1828
    endloop
  endfacet
  facet normal 0 -1 0
    outer loop
      vertex -37.899 -25.9 2.00241
      vertex -38.2365 -25.9 2.1828
      vertex -38.1672 -25.9 2.11349
    endloop
  endfacet
  facet normal 0 -1 0
    outer loop
      vertex -37.899 -25.9 2.00241
      vertex -38.1672 -25.9 2.11349
      vertex -38.0857 -25.9 2.05904
    endloop
  endfacet
  facet normal 0 -1 0
    outer loop
      vertex -37.899 -25.9 2.00241
      vertex -38.0857 -25.9 2.05904
      vertex -37.9951 -25.9 2.02153
    endloop
  endfacet
  facet normal 0 -1 0
    outer loop
      vertex -38.3476 -25.9 2.45099
      vertex -37.899 -25.9 2.00241
      vertex -36.3903 -25.9 2.00241
    endloop
  endfacet
  facet normal 0 -1 0
    outer loop
      vertex -38.3476 -25.9 2.45099
      vertex -36.3903 -25.9 2.00241
      vertex -36.3903 -25.9 6.3
    endloop
  endfacet
  facet normal -0.634321 -0.77307 0
    outer loop
      vertex 26.6358 -26.6892 2.00241
      vertex 26.9389 -26.9379 6.3
      vertex 26.6358 -26.6892 6.3
    endloop
  endfacet
  facet normal -0.634321 -0.77307 -0
    outer loop
      vertex 26.9389 -26.9379 6.3
      vertex 26.6358 -26.6892 2.00241
      vertex 26.9389 -26.9379 2.00241
    endloop
  endfacet
  facet normal 0.95711 0.289724 0
    outer loop
      vertex 36.3903 -22.9 6.3
      vertex 36.3478 -22.7596 2.00241
      vertex 36.3478 -22.7596 6.3
    endloop
  endfacet
  facet normal 0.95711 0.289724 0
    outer loop
      vertex 36.3478 -22.7596 2.00241
      vertex 36.3903 -22.9 6.3
      vertex 36.3903 -22.9 2.00241
    endloop
  endfacet
  facet normal -0.471435 0.881901 0
    outer loop
      vertex 27.2846 -21.6773 2.00241
      vertex 26.9389 -21.8621 6.3
      vertex 27.2846 -21.6773 6.3
    endloop
  endfacet
  facet normal -0.471435 0.881901 0
    outer loop
      vertex 26.9389 -21.8621 6.3
      vertex 27.2846 -21.6773 2.00241
      vertex 26.9389 -21.8621 2.00241
    endloop
  endfacet
  facet normal -0.995193 0.097938 0
    outer loop
      vertex 26.05 -23.525 2.00241
      vertex 26.0884 -23.1348 6.3
      vertex 26.0884 -23.1348 2.00241
    endloop
  endfacet
  facet normal -0.995193 0.097938 0
    outer loop
      vertex 26.0884 -23.1348 6.3
      vertex 26.05 -23.525 2.00241
      vertex 26.05 -23.525 6.3
    endloop
  endfacet
  facet normal -0.881795 0.471634 0
    outer loop
      vertex 26.2022 -22.7596 2.00241
      vertex 26.3871 -22.4139 6.3
      vertex 26.3871 -22.4139 2.00241
    endloop
  endfacet
  facet normal -0.881795 0.471634 0
    outer loop
      vertex 26.3871 -22.4139 6.3
      vertex 26.2022 -22.7596 2.00241
      vertex 26.2022 -22.7596 6.3
    endloop
  endfacet
  facet normal 0.290482 0.956881 -0
    outer loop
      vertex 35.2654 -21.6773 2.00241
      vertex 34.8902 -21.5634 6.3
      vertex 35.2654 -21.6773 6.3
    endloop
  endfacet
  facet normal 0.290482 0.956881 0
    outer loop
      vertex 34.8902 -21.5634 6.3
      vertex 35.2654 -21.6773 2.00241
      vertex 34.8902 -21.5634 2.00241
    endloop
  endfacet
  facet normal -0.097938 -0.995193 0
    outer loop
      vertex 27.6598 -27.2366 2.00241
      vertex 28.05 -27.275 6.3
      vertex 27.6598 -27.2366 6.3
    endloop
  endfacet
  facet normal -0.097938 -0.995193 -0
    outer loop
      vertex 28.05 -27.275 6.3
      vertex 27.6598 -27.2366 2.00241
      vertex 28.05 -27.275 2.00241
    endloop
  endfacet
  facet normal 0 -1 0
    outer loop
      vertex 28.05 -27.275 2.00241
      vertex 34.5 -27.275 6.3
      vertex 28.05 -27.275 6.3
    endloop
  endfacet
  facet normal 0 -1 -0
    outer loop
      vertex 34.5 -27.275 6.3
      vertex 28.05 -27.275 2.00241
      vertex 34.5 -27.275 2.00241
    endloop
  endfacet
  facet normal -0.77307 -0.634321 0
    outer loop
      vertex 26.6358 -26.6892 2.00241
      vertex 26.3871 -26.3861 6.3
      vertex 26.3871 -26.3861 2.00241
    endloop
  endfacet
  facet normal -0.77307 -0.634321 0
    outer loop
      vertex 26.3871 -26.3861 6.3
      vertex 26.6358 -26.6892 2.00241
      vertex 26.6358 -26.6892 6.3
    endloop
  endfacet
  facet normal -0.956951 -0.290248 0
    outer loop
      vertex 26.2022 -26.0404 2.00241
      vertex 26.0884 -25.6652 6.3
      vertex 26.0884 -25.6652 2.00241
    endloop
  endfacet
  facet normal -0.956951 -0.290248 0
    outer loop
      vertex 26.0884 -25.6652 6.3
      vertex 26.2022 -26.0404 2.00241
      vertex 26.2022 -26.0404 6.3
    endloop
  endfacet
  facet normal 0 1 -0
    outer loop
      vertex 34.5 -21.525 2.00241
      vertex 28.05 -21.525 6.3
      vertex 34.5 -21.525 6.3
    endloop
  endfacet
  facet normal 0 1 0
    outer loop
      vertex 28.05 -21.525 6.3
      vertex 34.5 -21.525 2.00241
      vertex 28.05 -21.525 2.00241
    endloop
  endfacet
  facet normal -0.634321 0.77307 0
    outer loop
      vertex 26.9389 -21.8621 2.00241
      vertex 26.6358 -22.1108 6.3
      vertex 26.9389 -21.8621 6.3
    endloop
  endfacet
  facet normal -0.634321 0.77307 0
    outer loop
      vertex 26.6358 -22.1108 6.3
      vertex 26.9389 -21.8621 2.00241
      vertex 26.6358 -22.1108 2.00241
    endloop
  endfacet
  facet normal 0.290482 -0.956881 0
    outer loop
      vertex 34.8902 -27.2366 2.00241
      vertex 35.2654 -27.1227 6.3
      vertex 34.8902 -27.2366 6.3
    endloop
  endfacet
  facet normal 0.290482 -0.956881 0
    outer loop
      vertex 35.2654 -27.1227 6.3
      vertex 34.8902 -27.2366 2.00241
      vertex 35.2654 -27.1227 2.00241
    endloop
  endfacet
  facet normal 0.471435 -0.881901 0
    outer loop
      vertex 35.2654 -27.1227 2.00241
      vertex 35.6111 -26.9379 6.3
      vertex 35.2654 -27.1227 6.3
    endloop
  endfacet
  facet normal 0.471435 -0.881901 0
    outer loop
      vertex 35.6111 -26.9379 6.3
      vertex 35.2654 -27.1227 2.00241
      vertex 35.6111 -26.9379 2.00241
    endloop
  endfacet
  facet normal 0.634321 -0.77307 0
    outer loop
      vertex 35.6111 -26.9379 2.00241
      vertex 35.9142 -26.6892 6.3
      vertex 35.6111 -26.9379 6.3
    endloop
  endfacet
  facet normal 0.634321 -0.77307 0
    outer loop
      vertex 35.9142 -26.6892 6.3
      vertex 35.6111 -26.9379 2.00241
      vertex 35.9142 -26.6892 2.00241
    endloop
  endfacet
  facet normal -0.956951 0.290248 0
    outer loop
      vertex 26.0884 -23.1348 2.00241
      vertex 26.2022 -22.7596 6.3
      vertex 26.2022 -22.7596 2.00241
    endloop
  endfacet
  facet normal -0.956951 0.290248 0
    outer loop
      vertex 26.2022 -22.7596 6.3
      vertex 26.0884 -23.1348 2.00241
      vertex 26.0884 -23.1348 6.3
    endloop
  endfacet
  facet normal -1 0 0
    outer loop
      vertex 26.05 -25.275 2.00241
      vertex 26.05 -23.525 6.3
      vertex 26.05 -23.525 2.00241
    endloop
  endfacet
  facet normal -1 -0 0
    outer loop
      vertex 26.05 -23.525 6.3
      vertex 26.05 -25.275 2.00241
      vertex 26.05 -25.275 6.3
    endloop
  endfacet
  facet normal 0.471435 0.881901 -0
    outer loop
      vertex 35.6111 -21.8621 2.00241
      vertex 35.2654 -21.6773 6.3
      vertex 35.6111 -21.8621 6.3
    endloop
  endfacet
  facet normal 0.471435 0.881901 0
    outer loop
      vertex 35.2654 -21.6773 6.3
      vertex 35.6111 -21.8621 2.00241
      vertex 35.2654 -21.6773 2.00241
    endloop
  endfacet
  facet normal -0.471435 -0.881901 0
    outer loop
      vertex 26.9389 -26.9379 2.00241
      vertex 27.2846 -27.1227 6.3
      vertex 26.9389 -26.9379 6.3
    endloop
  endfacet
  facet normal -0.471435 -0.881901 -0
    outer loop
      vertex 27.2846 -27.1227 6.3
      vertex 26.9389 -26.9379 2.00241
      vertex 27.2846 -27.1227 2.00241
    endloop
  endfacet
  facet normal 0.881795 0.471634 0
    outer loop
      vertex 36.3478 -22.7596 6.3
      vertex 36.1629 -22.4139 2.00241
      vertex 36.1629 -22.4139 6.3
    endloop
  endfacet
  facet normal 0.881795 0.471634 0
    outer loop
      vertex 36.1629 -22.4139 2.00241
      vertex 36.3478 -22.7596 6.3
      vertex 36.3478 -22.7596 2.00241
    endloop
  endfacet
  facet normal 0.097938 -0.995193 0
    outer loop
      vertex 34.5 -27.275 2.00241
      vertex 34.8902 -27.2366 6.3
      vertex 34.5 -27.275 6.3
    endloop
  endfacet
  facet normal 0.097938 -0.995193 0
    outer loop
      vertex 34.8902 -27.2366 6.3
      vertex 34.5 -27.275 2.00241
      vertex 34.8902 -27.2366 2.00241
    endloop
  endfacet
  facet normal 0.95711 -0.289724 0
    outer loop
      vertex 36.3478 -26.0404 6.3
      vertex 36.3903 -25.9 2.00241
      vertex 36.3903 -25.9 6.3
    endloop
  endfacet
  facet normal 0.95711 -0.289724 0
    outer loop
      vertex 36.3903 -25.9 2.00241
      vertex 36.3478 -26.0404 6.3
      vertex 36.3478 -26.0404 2.00241
    endloop
  endfacet
  facet normal -0.77307 0.634321 0
    outer loop
      vertex 26.3871 -22.4139 2.00241
      vertex 26.6358 -22.1108 6.3
      vertex 26.6358 -22.1108 2.00241
    endloop
  endfacet
  facet normal -0.77307 0.634321 0
    outer loop
      vertex 26.6358 -22.1108 6.3
      vertex 26.3871 -22.4139 2.00241
      vertex 26.3871 -22.4139 6.3
    endloop
  endfacet
  facet normal -0 0 1
    outer loop
      vertex 36.3903 -22.9 6.3
      vertex 38.3476 -25.9 6.3
      vertex 38.3476 -22.9 6.3
    endloop
  endfacet
  facet normal 0 0 1
    outer loop
      vertex 36.3903 -22.9 6.3
      vertex 36.3903 -25.9 6.3
      vertex 38.3476 -25.9 6.3
    endloop
  endfacet
  facet normal 0 0 1
    outer loop
      vertex 34.7315 -23.5694 6.3
      vertex 36.3903 -22.9 6.3
      vertex 36.3478 -22.7596 6.3
    endloop
  endfacet
  facet normal 0 0 1
    outer loop
      vertex 36.3903 -22.9 6.3
      vertex 34.9 -24.125 6.3
      vertex 36.3903 -25.9 6.3
    endloop
  endfacet
  facet normal 0 0 1
    outer loop
      vertex 34.7315 -23.5694 6.3
      vertex 36.3478 -22.7596 6.3
      vertex 36.1629 -22.4139 6.3
    endloop
  endfacet
  facet normal -0 0 1
    outer loop
      vertex 34.9 -24.675 6.3
      vertex 36.3903 -25.9 6.3
      vertex 34.9 -24.125 6.3
    endloop
  endfacet
  facet normal 0 0 1
    outer loop
      vertex 34.6071 -23.4179 6.3
      vertex 36.1629 -22.4139 6.3
      vertex 35.9142 -22.1108 6.3
    endloop
  endfacet
  facet normal -0 0 1
    outer loop
      vertex 34.8808 -24.8701 6.3
      vertex 36.3903 -25.9 6.3
      vertex 34.9 -24.675 6.3
    endloop
  endfacet
  facet normal 0 0 1
    outer loop
      vertex 34.6071 -23.4179 6.3
      vertex 35.9142 -22.1108 6.3
      vertex 35.6111 -21.8621 6.3
    endloop
  endfacet
  facet normal -0 0 1
    outer loop
      vertex 34.8239 -25.0577 6.3
      vertex 36.3903 -25.9 6.3
      vertex 34.8808 -24.8701 6.3
    endloop
  endfacet
  facet normal 0 0 1
    outer loop
      vertex 34.4556 -23.2935 6.3
      vertex 35.6111 -21.8621 6.3
      vertex 35.2654 -21.6773 6.3
    endloop
  endfacet
  facet normal -0 0 1
    outer loop
      vertex 34.7315 -25.2306 6.3
      vertex 36.3903 -25.9 6.3
      vertex 34.8239 -25.0577 6.3
    endloop
  endfacet
  facet normal 0 0 1
    outer loop
      vertex 36.3903 -25.9 6.3
      vertex 34.7315 -25.2306 6.3
      vertex 36.3478 -26.0404 6.3
    endloop
  endfacet
  facet normal 0 0 1
    outer loop
      vertex 34.4556 -23.2935 6.3
      vertex 35.2654 -21.6773 6.3
      vertex 34.8902 -21.5634 6.3
    endloop
  endfacet
  facet normal 0 0 1
    outer loop
      vertex 36.3903 -22.9 6.3
      vertex 34.8808 -23.9299 6.3
      vertex 34.9 -24.125 6.3
    endloop
  endfacet
  facet normal 0 0 1
    outer loop
      vertex 36.3903 -22.9 6.3
      vertex 34.8239 -23.7423 6.3
      vertex 34.8808 -23.9299 6.3
    endloop
  endfacet
  facet normal 0 0 1
    outer loop
      vertex 36.3903 -22.9 6.3
      vertex 34.7315 -23.5694 6.3
      vertex 34.8239 -23.7423 6.3
    endloop
  endfacet
  facet normal 0 0 1
    outer loop
      vertex 36.1629 -22.4139 6.3
      vertex 34.6071 -23.4179 6.3
      vertex 34.7315 -23.5694 6.3
    endloop
  endfacet
  facet normal 0 0 1
    outer loop
      vertex 34.2827 -23.2011 6.3
      vertex 34.8902 -21.5634 6.3
      vertex 34.5 -21.525 6.3
    endloop
  endfacet
  facet normal 0 0 1
    outer loop
      vertex 35.6111 -21.8621 6.3
      vertex 34.4556 -23.2935 6.3
      vertex 34.6071 -23.4179 6.3
    endloop
  endfacet
  facet normal 0 0 1
    outer loop
      vertex 34.8902 -21.5634 6.3
      vertex 34.2827 -23.2011 6.3
      vertex 34.4556 -23.2935 6.3
    endloop
  endfacet
  facet normal 0 0 1
    outer loop
      vertex 34.5 -21.525 6.3
      vertex 34.0951 -23.1442 6.3
      vertex 34.2827 -23.2011 6.3
    endloop
  endfacet
  facet normal 0 0 1
    outer loop
      vertex 34.5 -21.525 6.3
      vertex 33.9 -23.125 6.3
      vertex 34.0951 -23.1442 6.3
    endloop
  endfacet
  facet normal 0 0 1
    outer loop
      vertex 34.5 -21.525 6.3
      vertex 28.65 -23.125 6.3
      vertex 33.9 -23.125 6.3
    endloop
  endfacet
  facet normal -0 0 1
    outer loop
      vertex 28.05 -21.525 6.3
      vertex 28.65 -23.125 6.3
      vertex 34.5 -21.525 6.3
    endloop
  endfacet
  facet normal 0 0 1
    outer loop
      vertex 28.65 -23.125 6.3
      vertex 28.05 -21.525 6.3
      vertex 28.4549 -23.1442 6.3
    endloop
  endfacet
  facet normal 0 0 1
    outer loop
      vertex 28.05 -21.525 6.3
      vertex 28.2673 -23.2011 6.3
      vertex 28.4549 -23.1442 6.3
    endloop
  endfacet
  facet normal -0 0 1
    outer loop
      vertex 27.6598 -21.5634 6.3
      vertex 28.2673 -23.2011 6.3
      vertex 28.05 -21.525 6.3
    endloop
  endfacet
  facet normal 0 0 1
    outer loop
      vertex 28.2673 -23.2011 6.3
      vertex 27.6598 -21.5634 6.3
      vertex 28.0944 -23.2935 6.3
    endloop
  endfacet
  facet normal -0 0 1
    outer loop
      vertex 27.2846 -21.6773 6.3
      vertex 28.0944 -23.2935 6.3
      vertex 27.6598 -21.5634 6.3
    endloop
  endfacet
  facet normal -0 0 1
    outer loop
      vertex 26.9389 -21.8621 6.3
      vertex 28.0944 -23.2935 6.3
      vertex 27.2846 -21.6773 6.3
    endloop
  endfacet
  facet normal 0 0 1
    outer loop
      vertex 28.0944 -23.2935 6.3
      vertex 26.9389 -21.8621 6.3
      vertex 27.9429 -23.4179 6.3
    endloop
  endfacet
  facet normal -0 0 1
    outer loop
      vertex 26.6358 -22.1108 6.3
      vertex 27.9429 -23.4179 6.3
      vertex 26.9389 -21.8621 6.3
    endloop
  endfacet
  facet normal -0 0 1
    outer loop
      vertex 26.3871 -22.4139 6.3
      vertex 27.9429 -23.4179 6.3
      vertex 26.6358 -22.1108 6.3
    endloop
  endfacet
  facet normal -0 0 1
    outer loop
      vertex 26.2022 -22.7596 6.3
      vertex 27.8185 -23.5694 6.3
      vertex 26.3871 -22.4139 6.3
    endloop
  endfacet
  facet normal 0 0 1
    outer loop
      vertex 27.9429 -23.4179 6.3
      vertex 26.3871 -22.4139 6.3
      vertex 27.8185 -23.5694 6.3
    endloop
  endfacet
  facet normal 0 0 1
    outer loop
      vertex 36.3478 -26.0404 6.3
      vertex 34.7315 -25.2306 6.3
      vertex 36.1629 -26.3861 6.3
    endloop
  endfacet
  facet normal -0 0 1
    outer loop
      vertex 34.6071 -25.3821 6.3
      vertex 36.1629 -26.3861 6.3
      vertex 34.7315 -25.2306 6.3
    endloop
  endfacet
  facet normal 0 0 1
    outer loop
      vertex 36.1629 -26.3861 6.3
      vertex 34.6071 -25.3821 6.3
      vertex 35.9142 -26.6892 6.3
    endloop
  endfacet
  facet normal 0 0 1
    outer loop
      vertex 35.9142 -26.6892 6.3
      vertex 34.6071 -25.3821 6.3
      vertex 35.6111 -26.9379 6.3
    endloop
  endfacet
  facet normal -0 0 1
    outer loop
      vertex 34.4556 -25.5065 6.3
      vertex 35.6111 -26.9379 6.3
      vertex 34.6071 -25.3821 6.3
    endloop
  endfacet
  facet normal 0 0 1
    outer loop
      vertex 35.6111 -26.9379 6.3
      vertex 34.4556 -25.5065 6.3
      vertex 35.2654 -27.1227 6.3
    endloop
  endfacet
  facet normal 0 0 1
    outer loop
      vertex 35.2654 -27.1227 6.3
      vertex 34.4556 -25.5065 6.3
      vertex 34.8902 -27.2366 6.3
    endloop
  endfacet
  facet normal -0 0 1
    outer loop
      vertex 34.2827 -25.5989 6.3
      vertex 34.8902 -27.2366 6.3
      vertex 34.4556 -25.5065 6.3
    endloop
  endfacet
  facet normal 0 0 1
    outer loop
      vertex 34.8902 -27.2366 6.3
      vertex 34.2827 -25.5989 6.3
      vertex 34.5 -27.275 6.3
    endloop
  endfacet
  facet normal -0 0 1
    outer loop
      vertex 34.0951 -25.6558 6.3
      vertex 34.5 -27.275 6.3
      vertex 34.2827 -25.5989 6.3
    endloop
  endfacet
  facet normal -0 0 1
    outer loop
      vertex 33.9 -25.675 6.3
      vertex 34.5 -27.275 6.3
      vertex 34.0951 -25.6558 6.3
    endloop
  endfacet
  facet normal -0 0 1
    outer loop
      vertex 28.65 -25.675 6.3
      vertex 34.5 -27.275 6.3
      vertex 33.9 -25.675 6.3
    endloop
  endfacet
  facet normal 0 0 1
    outer loop
      vertex 28.05 -27.275 6.3
      vertex 28.65 -25.675 6.3
      vertex 28.4549 -25.6558 6.3
    endloop
  endfacet
  facet normal 0 0 1
    outer loop
      vertex 28.65 -25.675 6.3
      vertex 28.05 -27.275 6.3
      vertex 34.5 -27.275 6.3
    endloop
  endfacet
  facet normal 0 0 1
    outer loop
      vertex 28.2673 -25.5989 6.3
      vertex 28.05 -27.275 6.3
      vertex 28.4549 -25.6558 6.3
    endloop
  endfacet
  facet normal 0 0 1
    outer loop
      vertex 27.6598 -27.2366 6.3
      vertex 28.2673 -25.5989 6.3
      vertex 28.0944 -25.5065 6.3
    endloop
  endfacet
  facet normal 0 0 1
    outer loop
      vertex 26.9389 -26.9379 6.3
      vertex 28.0944 -25.5065 6.3
      vertex 27.9429 -25.3821 6.3
    endloop
  endfacet
  facet normal 0 0 1
    outer loop
      vertex 26.3871 -26.3861 6.3
      vertex 27.9429 -25.3821 6.3
      vertex 27.8185 -25.2306 6.3
    endloop
  endfacet
  facet normal 0 0 1
    outer loop
      vertex 26.0884 -25.6652 6.3
      vertex 27.8185 -25.2306 6.3
      vertex 27.7261 -25.0577 6.3
    endloop
  endfacet
  facet normal 0 0 1
    outer loop
      vertex 26.05 -25.275 6.3
      vertex 27.7261 -25.0577 6.3
      vertex 27.6692 -24.8701 6.3
    endloop
  endfacet
  facet normal 0 0 1
    outer loop
      vertex 28.2673 -25.5989 6.3
      vertex 27.6598 -27.2366 6.3
      vertex 28.05 -27.275 6.3
    endloop
  endfacet
  facet normal 0 0 1
    outer loop
      vertex 26.05 -25.275 6.3
      vertex 27.6692 -24.8701 6.3
      vertex 27.65 -24.675 6.3
    endloop
  endfacet
  facet normal -0 0 1
    outer loop
      vertex 26.0884 -23.1348 6.3
      vertex 27.8185 -23.5694 6.3
      vertex 26.2022 -22.7596 6.3
    endloop
  endfacet
  facet normal 0 0 1
    outer loop
      vertex 26.05 -25.275 6.3
      vertex 27.65 -24.675 6.3
      vertex 26.05 -23.525 6.3
    endloop
  endfacet
  facet normal 0 0 1
    outer loop
      vertex 27.8185 -23.5694 6.3
      vertex 26.0884 -23.1348 6.3
      vertex 27.7261 -23.7423 6.3
    endloop
  endfacet
  facet normal 0 0 1
    outer loop
      vertex 27.7261 -25.0577 6.3
      vertex 26.05 -25.275 6.3
      vertex 26.0884 -25.6652 6.3
    endloop
  endfacet
  facet normal -0 0 1
    outer loop
      vertex 26.05 -23.525 6.3
      vertex 27.7261 -23.7423 6.3
      vertex 26.0884 -23.1348 6.3
    endloop
  endfacet
  facet normal 0 0 1
    outer loop
      vertex 28.0944 -25.5065 6.3
      vertex 27.2846 -27.1227 6.3
      vertex 27.6598 -27.2366 6.3
    endloop
  endfacet
  facet normal 0 0 1
    outer loop
      vertex 27.7261 -23.7423 6.3
      vertex 26.05 -23.525 6.3
      vertex 27.6692 -23.9299 6.3
    endloop
  endfacet
  facet normal 0 0 1
    outer loop
      vertex 28.0944 -25.5065 6.3
      vertex 26.9389 -26.9379 6.3
      vertex 27.2846 -27.1227 6.3
    endloop
  endfacet
  facet normal 0 0 1
    outer loop
      vertex 27.6692 -23.9299 6.3
      vertex 26.05 -23.525 6.3
      vertex 27.65 -24.125 6.3
    endloop
  endfacet
  facet normal 0 0 1
    outer loop
      vertex 27.9429 -25.3821 6.3
      vertex 26.6358 -26.6892 6.3
      vertex 26.9389 -26.9379 6.3
    endloop
  endfacet
  facet normal 0 0 1
    outer loop
      vertex 27.65 -24.125 6.3
      vertex 26.05 -23.525 6.3
      vertex 27.65 -24.675 6.3
    endloop
  endfacet
  facet normal 0 0 1
    outer loop
      vertex 27.9429 -25.3821 6.3
      vertex 26.3871 -26.3861 6.3
      vertex 26.6358 -26.6892 6.3
    endloop
  endfacet
  facet normal 0 0 1
    outer loop
      vertex 27.8185 -25.2306 6.3
      vertex 26.2022 -26.0404 6.3
      vertex 26.3871 -26.3861 6.3
    endloop
  endfacet
  facet normal 0 0 1
    outer loop
      vertex 27.8185 -25.2306 6.3
      vertex 26.0884 -25.6652 6.3
      vertex 26.2022 -26.0404 6.3
    endloop
  endfacet
  facet normal -0.995193 -0.097938 0
    outer loop
      vertex 26.0884 -25.6652 2.00241
      vertex 26.05 -25.275 6.3
      vertex 26.05 -25.275 2.00241
    endloop
  endfacet
  facet normal -0.995193 -0.097938 0
    outer loop
      vertex 26.05 -25.275 6.3
      vertex 26.0884 -25.6652 2.00241
      vertex 26.0884 -25.6652 6.3
    endloop
  endfacet
  facet normal -0.290482 -0.956881 0
    outer loop
      vertex 27.2846 -27.1227 2.00241
      vertex 27.6598 -27.2366 6.3
      vertex 27.2846 -27.1227 6.3
    endloop
  endfacet
  facet normal -0.290482 -0.956881 -0
    outer loop
      vertex 27.6598 -27.2366 6.3
      vertex 27.2846 -27.1227 2.00241
      vertex 27.6598 -27.2366 2.00241
    endloop
  endfacet
  facet normal 0.634321 0.77307 -0
    outer loop
      vertex 35.9142 -22.1108 2.00241
      vertex 35.6111 -21.8621 6.3
      vertex 35.9142 -22.1108 6.3
    endloop
  endfacet
  facet normal 0.634321 0.77307 0
    outer loop
      vertex 35.6111 -21.8621 6.3
      vertex 35.9142 -22.1108 2.00241
      vertex 35.6111 -21.8621 2.00241
    endloop
  endfacet
  facet normal -0.290482 0.956881 0
    outer loop
      vertex 27.6598 -21.5634 2.00241
      vertex 27.2846 -21.6773 6.3
      vertex 27.6598 -21.5634 6.3
    endloop
  endfacet
  facet normal -0.290482 0.956881 0
    outer loop
      vertex 27.2846 -21.6773 6.3
      vertex 27.6598 -21.5634 2.00241
      vertex 27.2846 -21.6773 2.00241
    endloop
  endfacet
  facet normal 0.881795 -0.471634 0
    outer loop
      vertex 36.1629 -26.3861 6.3
      vertex 36.3478 -26.0404 2.00241
      vertex 36.3478 -26.0404 6.3
    endloop
  endfacet
  facet normal 0.881795 -0.471634 0
    outer loop
      vertex 36.3478 -26.0404 2.00241
      vertex 36.1629 -26.3861 6.3
      vertex 36.1629 -26.3861 2.00241
    endloop
  endfacet
  facet normal -0.881795 -0.471634 0
    outer loop
      vertex 26.3871 -26.3861 2.00241
      vertex 26.2022 -26.0404 6.3
      vertex 26.2022 -26.0404 2.00241
    endloop
  endfacet
  facet normal -0.881795 -0.471634 0
    outer loop
      vertex 26.2022 -26.0404 6.3
      vertex 26.3871 -26.3861 2.00241
      vertex 26.3871 -26.3861 6.3
    endloop
  endfacet
  facet normal -0.097938 0.995193 0
    outer loop
      vertex 28.05 -21.525 2.00241
      vertex 27.6598 -21.5634 6.3
      vertex 28.05 -21.525 6.3
    endloop
  endfacet
  facet normal -0.097938 0.995193 0
    outer loop
      vertex 27.6598 -21.5634 6.3
      vertex 28.05 -21.525 2.00241
      vertex 27.6598 -21.5634 2.00241
    endloop
  endfacet
  facet normal 0.77307 -0.634321 0
    outer loop
      vertex 35.9142 -26.6892 6.3
      vertex 36.1629 -26.3861 2.00241
      vertex 36.1629 -26.3861 6.3
    endloop
  endfacet
  facet normal 0.77307 -0.634321 0
    outer loop
      vertex 36.1629 -26.3861 2.00241
      vertex 35.9142 -26.6892 6.3
      vertex 35.9142 -26.6892 2.00241
    endloop
  endfacet
  facet normal 0.097938 0.995193 -0
    outer loop
      vertex 34.8902 -21.5634 2.00241
      vertex 34.5 -21.525 6.3
      vertex 34.8902 -21.5634 6.3
    endloop
  endfacet
  facet normal 0.097938 0.995193 0
    outer loop
      vertex 34.5 -21.525 6.3
      vertex 34.8902 -21.5634 2.00241
      vertex 34.5 -21.525 2.00241
    endloop
  endfacet
  facet normal 0.77307 0.634321 0
    outer loop
      vertex 36.1629 -22.4139 6.3
      vertex 35.9142 -22.1108 2.00241
      vertex 35.9142 -22.1108 6.3
    endloop
  endfacet
  facet normal 0.77307 0.634321 0
    outer loop
      vertex 35.9142 -22.1108 2.00241
      vertex 36.1629 -22.4139 6.3
      vertex 36.1629 -22.4139 2.00241
    endloop
  endfacet
  facet normal 0.290248 0.956951 -0
    outer loop
      vertex 28.4549 -25.6558 2.00241
      vertex 28.2673 -25.5989 6.3
      vertex 28.4549 -25.6558 6.3
    endloop
  endfacet
  facet normal 0.290248 0.956951 0
    outer loop
      vertex 28.2673 -25.5989 6.3
      vertex 28.4549 -25.6558 2.00241
      vertex 28.2673 -25.5989 2.00241
    endloop
  endfacet
  facet normal -0.881957 -0.471329 0
    outer loop
      vertex 34.8239 -23.7423 2.00241
      vertex 34.7315 -23.5694 6.3
      vertex 34.7315 -23.5694 2.00241
    endloop
  endfacet
  facet normal -0.881957 -0.471329 0
    outer loop
      vertex 34.7315 -23.5694 6.3
      vertex 34.8239 -23.7423 2.00241
      vertex 34.8239 -23.7423 6.3
    endloop
  endfacet
  facet normal 1 -0 0
    outer loop
      vertex 27.65 -24.675 6.3
      vertex 27.65 -24.125 2.00241
      vertex 27.65 -24.125 6.3
    endloop
  endfacet
  facet normal 1 0 0
    outer loop
      vertex 27.65 -24.125 2.00241
      vertex 27.65 -24.675 6.3
      vertex 27.65 -24.675 2.00241
    endloop
  endfacet
  facet normal 0.290248 -0.956951 0
    outer loop
      vertex 28.2673 -23.2011 2.00241
      vertex 28.4549 -23.1442 6.3
      vertex 28.2673 -23.2011 6.3
    endloop
  endfacet
  facet normal 0.290248 -0.956951 0
    outer loop
      vertex 28.4549 -23.1442 6.3
      vertex 28.2673 -23.2011 2.00241
      vertex 28.4549 -23.1442 2.00241
    endloop
  endfacet
  facet normal -0.471329 0.881957 0
    outer loop
      vertex 34.4556 -25.5065 2.00241
      vertex 34.2827 -25.5989 6.3
      vertex 34.4556 -25.5065 6.3
    endloop
  endfacet
  facet normal -0.471329 0.881957 0
    outer loop
      vertex 34.2827 -25.5989 6.3
      vertex 34.4556 -25.5065 2.00241
      vertex 34.2827 -25.5989 2.00241
    endloop
  endfacet
  facet normal 0.471329 0.881957 -0
    outer loop
      vertex 28.2673 -25.5989 2.00241
      vertex 28.0944 -25.5065 6.3
      vertex 28.2673 -25.5989 6.3
    endloop
  endfacet
  facet normal 0.471329 0.881957 0
    outer loop
      vertex 28.0944 -25.5065 6.3
      vertex 28.2673 -25.5989 2.00241
      vertex 28.0944 -25.5065 2.00241
    endloop
  endfacet
  facet normal -0.634598 0.772842 0
    outer loop
      vertex 34.6071 -25.3821 2.00241
      vertex 34.4556 -25.5065 6.3
      vertex 34.6071 -25.3821 6.3
    endloop
  endfacet
  facet normal -0.634598 0.772842 0
    outer loop
      vertex 34.4556 -25.5065 6.3
      vertex 34.6071 -25.3821 2.00241
      vertex 34.4556 -25.5065 2.00241
    endloop
  endfacet
  facet normal -0.956951 -0.290248 0
    outer loop
      vertex 34.8808 -23.9299 2.00241
      vertex 34.8239 -23.7423 6.3
      vertex 34.8239 -23.7423 2.00241
    endloop
  endfacet
  facet normal -0.956951 -0.290248 0
    outer loop
      vertex 34.8239 -23.7423 6.3
      vertex 34.8808 -23.9299 2.00241
      vertex 34.8808 -23.9299 6.3
    endloop
  endfacet
  facet normal -0.772842 0.634598 0
    outer loop
      vertex 34.6071 -25.3821 2.00241
      vertex 34.7315 -25.2306 6.3
      vertex 34.7315 -25.2306 2.00241
    endloop
  endfacet
  facet normal -0.772842 0.634598 0
    outer loop
      vertex 34.7315 -25.2306 6.3
      vertex 34.6071 -25.3821 2.00241
      vertex 34.6071 -25.3821 6.3
    endloop
  endfacet
  facet normal -0.634598 -0.772842 0
    outer loop
      vertex 34.4556 -23.2935 2.00241
      vertex 34.6071 -23.4179 6.3
      vertex 34.4556 -23.2935 6.3
    endloop
  endfacet
  facet normal -0.634598 -0.772842 -0
    outer loop
      vertex 34.6071 -23.4179 6.3
      vertex 34.4556 -23.2935 2.00241
      vertex 34.6071 -23.4179 2.00241
    endloop
  endfacet
  facet normal -0.290248 0.956951 0
    outer loop
      vertex 34.2827 -25.5989 2.00241
      vertex 34.0951 -25.6558 6.3
      vertex 34.2827 -25.5989 6.3
    endloop
  endfacet
  facet normal -0.290248 0.956951 0
    outer loop
      vertex 34.0951 -25.6558 6.3
      vertex 34.2827 -25.5989 2.00241
      vertex 34.0951 -25.6558 2.00241
    endloop
  endfacet
  facet normal -0.995193 -0.097938 0
    outer loop
      vertex 34.9 -24.125 2.00241
      vertex 34.8808 -23.9299 6.3
      vertex 34.8808 -23.9299 2.00241
    endloop
  endfacet
  facet normal -0.995193 -0.097938 0
    outer loop
      vertex 34.8808 -23.9299 6.3
      vertex 34.9 -24.125 2.00241
      vertex 34.9 -24.125 6.3
    endloop
  endfacet
  facet normal -0.881957 0.471329 0
    outer loop
      vertex 34.7315 -25.2306 2.00241
      vertex 34.8239 -25.0577 6.3
      vertex 34.8239 -25.0577 2.00241
    endloop
  endfacet
  facet normal -0.881957 0.471329 0
    outer loop
      vertex 34.8239 -25.0577 6.3
      vertex 34.7315 -25.2306 2.00241
      vertex 34.7315 -25.2306 6.3
    endloop
  endfacet
  facet normal 0.471329 -0.881957 0
    outer loop
      vertex 28.0944 -23.2935 2.00241
      vertex 28.2673 -23.2011 6.3
      vertex 28.0944 -23.2935 6.3
    endloop
  endfacet
  facet normal 0.471329 -0.881957 0
    outer loop
      vertex 28.2673 -23.2011 6.3
      vertex 28.0944 -23.2935 2.00241
      vertex 28.2673 -23.2011 2.00241
    endloop
  endfacet
  facet normal 0.881957 0.471329 0
    outer loop
      vertex 27.8185 -25.2306 6.3
      vertex 27.7261 -25.0577 2.00241
      vertex 27.7261 -25.0577 6.3
    endloop
  endfacet
  facet normal 0.881957 0.471329 0
    outer loop
      vertex 27.7261 -25.0577 2.00241
      vertex 27.8185 -25.2306 6.3
      vertex 27.8185 -25.2306 2.00241
    endloop
  endfacet
  facet normal -0.772842 -0.634598 0
    outer loop
      vertex 34.7315 -23.5694 2.00241
      vertex 34.6071 -23.4179 6.3
      vertex 34.6071 -23.4179 2.00241
    endloop
  endfacet
  facet normal -0.772842 -0.634598 0
    outer loop
      vertex 34.6071 -23.4179 6.3
      vertex 34.7315 -23.5694 2.00241
      vertex 34.7315 -23.5694 6.3
    endloop
  endfacet
  facet normal 0.995193 -0.097938 0
    outer loop
      vertex 27.65 -24.125 6.3
      vertex 27.6692 -23.9299 2.00241
      vertex 27.6692 -23.9299 6.3
    endloop
  endfacet
  facet normal 0.995193 -0.097938 0
    outer loop
      vertex 27.6692 -23.9299 2.00241
      vertex 27.65 -24.125 6.3
      vertex 27.65 -24.125 2.00241
    endloop
  endfacet
  facet normal -1 0 0
    outer loop
      vertex 34.9 -24.675 2.00241
      vertex 34.9 -24.125 6.3
      vertex 34.9 -24.125 2.00241
    endloop
  endfacet
  facet normal -1 -0 0
    outer loop
      vertex 34.9 -24.125 6.3
      vertex 34.9 -24.675 2.00241
      vertex 34.9 -24.675 6.3
    endloop
  endfacet
  facet normal 0 1 -0
    outer loop
      vertex 33.9 -25.675 2.00241
      vertex 28.65 -25.675 6.3
      vertex 33.9 -25.675 6.3
    endloop
  endfacet
  facet normal 0 1 0
    outer loop
      vertex 28.65 -25.675 6.3
      vertex 33.9 -25.675 2.00241
      vertex 28.65 -25.675 2.00241
    endloop
  endfacet
  facet normal -0.097938 0.995193 0
    outer loop
      vertex 34.0951 -25.6558 2.00241
      vertex 33.9 -25.675 6.3
      vertex 34.0951 -25.6558 6.3
    endloop
  endfacet
  facet normal -0.097938 0.995193 0
    outer loop
      vertex 33.9 -25.675 6.3
      vertex 34.0951 -25.6558 2.00241
      vertex 33.9 -25.675 2.00241
    endloop
  endfacet
  facet normal -0.290248 -0.956951 0
    outer loop
      vertex 34.0951 -23.1442 2.00241
      vertex 34.2827 -23.2011 6.3
      vertex 34.0951 -23.1442 6.3
    endloop
  endfacet
  facet normal -0.290248 -0.956951 -0
    outer loop
      vertex 34.2827 -23.2011 6.3
      vertex 34.0951 -23.1442 2.00241
      vertex 34.2827 -23.2011 2.00241
    endloop
  endfacet
  facet normal -0.956951 0.290248 0
    outer loop
      vertex 34.8239 -25.0577 2.00241
      vertex 34.8808 -24.8701 6.3
      vertex 34.8808 -24.8701 2.00241
    endloop
  endfacet
  facet normal -0.956951 0.290248 0
    outer loop
      vertex 34.8808 -24.8701 6.3
      vertex 34.8239 -25.0577 2.00241
      vertex 34.8239 -25.0577 6.3
    endloop
  endfacet
  facet normal 0.097938 0.995193 -0
    outer loop
      vertex 28.65 -25.675 2.00241
      vertex 28.4549 -25.6558 6.3
      vertex 28.65 -25.675 6.3
    endloop
  endfacet
  facet normal 0.097938 0.995193 0
    outer loop
      vertex 28.4549 -25.6558 6.3
      vertex 28.65 -25.675 2.00241
      vertex 28.4549 -25.6558 2.00241
    endloop
  endfacet
  facet normal -0.471329 -0.881957 0
    outer loop
      vertex 34.2827 -23.2011 2.00241
      vertex 34.4556 -23.2935 6.3
      vertex 34.2827 -23.2011 6.3
    endloop
  endfacet
  facet normal -0.471329 -0.881957 -0
    outer loop
      vertex 34.4556 -23.2935 6.3
      vertex 34.2827 -23.2011 2.00241
      vertex 34.4556 -23.2935 2.00241
    endloop
  endfacet
  facet normal 0.881957 -0.471329 0
    outer loop
      vertex 27.7261 -23.7423 6.3
      vertex 27.8185 -23.5694 2.00241
      vertex 27.8185 -23.5694 6.3
    endloop
  endfacet
  facet normal 0.881957 -0.471329 0
    outer loop
      vertex 27.8185 -23.5694 2.00241
      vertex 27.7261 -23.7423 6.3
      vertex 27.7261 -23.7423 2.00241
    endloop
  endfacet
  facet normal 0.634598 0.772842 -0
    outer loop
      vertex 28.0944 -25.5065 2.00241
      vertex 27.9429 -25.3821 6.3
      vertex 28.0944 -25.5065 6.3
    endloop
  endfacet
  facet normal 0.634598 0.772842 0
    outer loop
      vertex 27.9429 -25.3821 6.3
      vertex 28.0944 -25.5065 2.00241
      vertex 27.9429 -25.3821 2.00241
    endloop
  endfacet
  facet normal -0.097938 -0.995193 0
    outer loop
      vertex 33.9 -23.125 2.00241
      vertex 34.0951 -23.1442 6.3
      vertex 33.9 -23.125 6.3
    endloop
  endfacet
  facet normal -0.097938 -0.995193 -0
    outer loop
      vertex 34.0951 -23.1442 6.3
      vertex 33.9 -23.125 2.00241
      vertex 34.0951 -23.1442 2.00241
    endloop
  endfacet
  facet normal 0.634598 -0.772842 0
    outer loop
      vertex 27.9429 -23.4179 2.00241
      vertex 28.0944 -23.2935 6.3
      vertex 27.9429 -23.4179 6.3
    endloop
  endfacet
  facet normal 0.634598 -0.772842 0
    outer loop
      vertex 28.0944 -23.2935 6.3
      vertex 27.9429 -23.4179 2.00241
      vertex 28.0944 -23.2935 2.00241
    endloop
  endfacet
  facet normal 0.956951 0.290248 0
    outer loop
      vertex 27.7261 -25.0577 6.3
      vertex 27.6692 -24.8701 2.00241
      vertex 27.6692 -24.8701 6.3
    endloop
  endfacet
  facet normal 0.956951 0.290248 0
    outer loop
      vertex 27.6692 -24.8701 2.00241
      vertex 27.7261 -25.0577 6.3
      vertex 27.7261 -25.0577 2.00241
    endloop
  endfacet
  facet normal 0.772842 0.634598 0
    outer loop
      vertex 27.9429 -25.3821 6.3
      vertex 27.8185 -25.2306 2.00241
      vertex 27.8185 -25.2306 6.3
    endloop
  endfacet
  facet normal 0.772842 0.634598 0
    outer loop
      vertex 27.8185 -25.2306 2.00241
      vertex 27.9429 -25.3821 6.3
      vertex 27.9429 -25.3821 2.00241
    endloop
  endfacet
  facet normal 0.995193 0.097938 0
    outer loop
      vertex 27.6692 -24.8701 6.3
      vertex 27.65 -24.675 2.00241
      vertex 27.65 -24.675 6.3
    endloop
  endfacet
  facet normal 0.995193 0.097938 0
    outer loop
      vertex 27.65 -24.675 2.00241
      vertex 27.6692 -24.8701 6.3
      vertex 27.6692 -24.8701 2.00241
    endloop
  endfacet
  facet normal 0 -1 0
    outer loop
      vertex 28.65 -23.125 2.00241
      vertex 33.9 -23.125 6.3
      vertex 28.65 -23.125 6.3
    endloop
  endfacet
  facet normal 0 -1 -0
    outer loop
      vertex 33.9 -23.125 6.3
      vertex 28.65 -23.125 2.00241
      vertex 33.9 -23.125 2.00241
    endloop
  endfacet
  facet normal -0.995193 0.097938 0
    outer loop
      vertex 34.8808 -24.8701 2.00241
      vertex 34.9 -24.675 6.3
      vertex 34.9 -24.675 2.00241
    endloop
  endfacet
  facet normal -0.995193 0.097938 0
    outer loop
      vertex 34.9 -24.675 6.3
      vertex 34.8808 -24.8701 2.00241
      vertex 34.8808 -24.8701 6.3
    endloop
  endfacet
  facet normal 0.956951 -0.290248 0
    outer loop
      vertex 27.6692 -23.9299 6.3
      vertex 27.7261 -23.7423 2.00241
      vertex 27.7261 -23.7423 6.3
    endloop
  endfacet
  facet normal 0.956951 -0.290248 0
    outer loop
      vertex 27.7261 -23.7423 2.00241
      vertex 27.6692 -23.9299 6.3
      vertex 27.6692 -23.9299 2.00241
    endloop
  endfacet
  facet normal 0.097938 -0.995193 0
    outer loop
      vertex 28.4549 -23.1442 2.00241
      vertex 28.65 -23.125 6.3
      vertex 28.4549 -23.1442 6.3
    endloop
  endfacet
  facet normal 0.097938 -0.995193 0
    outer loop
      vertex 28.65 -23.125 6.3
      vertex 28.4549 -23.1442 2.00241
      vertex 28.65 -23.125 2.00241
    endloop
  endfacet
  facet normal 0.772842 -0.634598 0
    outer loop
      vertex 27.8185 -23.5694 6.3
      vertex 27.9429 -23.4179 2.00241
      vertex 27.9429 -23.4179 6.3
    endloop
  endfacet
  facet normal 0.772842 -0.634598 0
    outer loop
      vertex 27.9429 -23.4179 2.00241
      vertex 27.8185 -23.5694 6.3
      vertex 27.8185 -23.5694 2.00241
    endloop
  endfacet
  facet normal 0 -1 0
    outer loop
      vertex 36.3903 -25.9 6.3
      vertex 38.3476 -25.9 2.45099
      vertex 38.3476 -25.9 6.3
    endloop
  endfacet
  facet normal 0 -1 0
    outer loop
      vertex 36.3903 -25.9 2.00241
      vertex 38.3476 -25.9 2.45099
      vertex 36.3903 -25.9 6.3
    endloop
  endfacet
  facet normal 0 -1 0
    outer loop
      vertex 37.899 -25.9 2.00241
      vertex 38.3476 -25.9 2.45099
      vertex 36.3903 -25.9 2.00241
    endloop
  endfacet
  facet normal 0 -1 0
    outer loop
      vertex 38.3476 -25.9 2.45099
      vertex 37.899 -25.9 2.00241
      vertex 38.3285 -25.9 2.35486
    endloop
  endfacet
  facet normal 0 -1 0
    outer loop
      vertex 38.3285 -25.9 2.35486
      vertex 37.899 -25.9 2.00241
      vertex 38.291 -25.9 2.2643
    endloop
  endfacet
  facet normal 0 -1 0
    outer loop
      vertex 38.2365 -25.9 2.1828
      vertex 37.899 -25.9 2.00241
      vertex 38.1672 -25.9 2.11349
    endloop
  endfacet
  facet normal 0 -1 0
    outer loop
      vertex 38.1672 -25.9 2.11349
      vertex 37.899 -25.9 2.00241
      vertex 38.0857 -25.9 2.05904
    endloop
  endfacet
  facet normal 0 -1 0
    outer loop
      vertex 38.291 -25.9 2.2643
      vertex 37.899 -25.9 2.00241
      vertex 38.2365 -25.9 2.1828
    endloop
  endfacet
  facet normal 0 -1 0
    outer loop
      vertex 38.0857 -25.9 2.05904
      vertex 37.899 -25.9 2.00241
      vertex 37.9951 -25.9 2.02153
    endloop
  endfacet
  facet normal 0 1 -0
    outer loop
      vertex 38.3476 -22.9 2.45099
      vertex 36.3903 -22.9 6.3
      vertex 38.3476 -22.9 6.3
    endloop
  endfacet
  facet normal 0 1 0
    outer loop
      vertex 37.899 -22.9 2.00241
      vertex 38.3476 -22.9 2.45099
      vertex 38.3285 -22.9 2.35486
    endloop
  endfacet
  facet normal 0 1 0
    outer loop
      vertex 37.899 -22.9 2.00241
      vertex 38.3285 -22.9 2.35486
      vertex 38.291 -22.9 2.2643
    endloop
  endfacet
  facet normal 0 1 0
    outer loop
      vertex 37.899 -22.9 2.00241
      vertex 38.291 -22.9 2.2643
      vertex 38.2365 -22.9 2.1828
    endloop
  endfacet
  facet normal 0 1 0
    outer loop
      vertex 37.899 -22.9 2.00241
      vertex 38.2365 -22.9 2.1828
      vertex 38.1672 -22.9 2.11349
    endloop
  endfacet
  facet normal 0 1 0
    outer loop
      vertex 37.899 -22.9 2.00241
      vertex 38.1672 -22.9 2.11349
      vertex 38.0857 -22.9 2.05904
    endloop
  endfacet
  facet normal 0 1 0
    outer loop
      vertex 37.899 -22.9 2.00241
      vertex 38.0857 -22.9 2.05904
      vertex 37.9951 -22.9 2.02153
    endloop
  endfacet
  facet normal 0 1 0
    outer loop
      vertex 38.3476 -22.9 2.45099
      vertex 37.899 -22.9 2.00241
      vertex 36.3903 -22.9 2.00241
    endloop
  endfacet
  facet normal 0 1 0
    outer loop
      vertex 38.3476 -22.9 2.45099
      vertex 36.3903 -22.9 2.00241
      vertex 36.3903 -22.9 6.3
    endloop
  endfacet
  facet normal -0 0 1
    outer loop
      vertex -37.85 45.6976 9.1375
      vertex -37.7606 45.6565 9.1375
      vertex -37.6836 45.6976 9.1375
    endloop
  endfacet
  facet normal 0 0 1
    outer loop
      vertex -37.85 45.6976 9.1375
      vertex -37.9121 45.5321 9.1375
      vertex -37.7606 45.6565 9.1375
    endloop
  endfacet
  facet normal -0 0 1
    outer loop
      vertex -37.9471 45.688 9.1375
      vertex -37.9121 45.5321 9.1375
      vertex -37.85 45.6976 9.1375
    endloop
  endfacet
  facet normal -0 0 1
    outer loop
      vertex -38.0404 45.6597 9.1375
      vertex -37.9121 45.5321 9.1375
      vertex -37.9471 45.688 9.1375
    endloop
  endfacet
  facet normal -0 0 1
    outer loop
      vertex -38.1264 45.6137 9.1375
      vertex -37.9121 45.5321 9.1375
      vertex -38.0404 45.6597 9.1375
    endloop
  endfacet
  facet normal 0 0 1
    outer loop
      vertex -37.9121 45.5321 9.1375
      vertex -38.1264 45.6137 9.1375
      vertex -38.0365 45.3806 9.1375
    endloop
  endfacet
  facet normal -0 0 1
    outer loop
      vertex -38.2019 45.5518 9.1375
      vertex -38.0365 45.3806 9.1375
      vertex -38.1264 45.6137 9.1375
    endloop
  endfacet
  facet normal -0 0 1
    outer loop
      vertex -38.2637 45.4764 9.1375
      vertex -38.0365 45.3806 9.1375
      vertex -38.2019 45.5518 9.1375
    endloop
  endfacet
  facet normal -0 0 1
    outer loop
      vertex -38.3097 45.3904 9.1375
      vertex -38.0365 45.3806 9.1375
      vertex -38.2637 45.4764 9.1375
    endloop
  endfacet
  facet normal 0 0 1
    outer loop
      vertex -38.0365 45.3806 9.1375
      vertex -38.3097 45.3904 9.1375
      vertex -38.1289 45.2077 9.1375
    endloop
  endfacet
  facet normal 0 0 1
    outer loop
      vertex -38.1858 45.0201 9.1375
      vertex -38.3476 45.2 9.1375
      vertex -38.205 44.825 9.1375
    endloop
  endfacet
  facet normal -0 0 1
    outer loop
      vertex -38.338 45.2971 9.1375
      vertex -38.1289 45.2077 9.1375
      vertex -38.3097 45.3904 9.1375
    endloop
  endfacet
  facet normal 0 0 1
    outer loop
      vertex -35.7311 45.2077 9.1375
      vertex -34.055 45.425 9.1375
      vertex -34.0819 45.6976 9.1375
    endloop
  endfacet
  facet normal 0 0 1
    outer loop
      vertex -34.055 45.425 9.1375
      vertex -35.655 44.825 9.1375
      vertex -34.055 38.975 9.1375
    endloop
  endfacet
  facet normal -0 0 1
    outer loop
      vertex -35.6742 39.3799 9.1375
      vertex -34.055 38.975 9.1375
      vertex -35.655 39.575 9.1375
    endloop
  endfacet
  facet normal -0 0 1
    outer loop
      vertex -35.7311 39.1923 9.1375
      vertex -34.055 38.975 9.1375
      vertex -35.6742 39.3799 9.1375
    endloop
  endfacet
  facet normal 0 0 1
    outer loop
      vertex -34.055 38.975 9.1375
      vertex -35.7311 39.1923 9.1375
      vertex -34.0934 38.5848 9.1375
    endloop
  endfacet
  facet normal -0 0 1
    outer loop
      vertex -35.8235 39.0194 9.1375
      vertex -34.0934 38.5848 9.1375
      vertex -35.7311 39.1923 9.1375
    endloop
  endfacet
  facet normal 0 0 1
    outer loop
      vertex -34.0934 38.5848 9.1375
      vertex -35.8235 39.0194 9.1375
      vertex -34.2073 38.2096 9.1375
    endloop
  endfacet
  facet normal 0 0 1
    outer loop
      vertex -34.055 38.975 9.1375
      vertex -35.655 44.825 9.1375
      vertex -35.655 39.575 9.1375
    endloop
  endfacet
  facet normal 0 0 1
    outer loop
      vertex -34.055 45.425 9.1375
      vertex -35.6742 45.0201 9.1375
      vertex -35.655 44.825 9.1375
    endloop
  endfacet
  facet normal 0 0 1
    outer loop
      vertex -34.055 45.425 9.1375
      vertex -35.7311 45.2077 9.1375
      vertex -35.6742 45.0201 9.1375
    endloop
  endfacet
  facet normal 0 0 1
    outer loop
      vertex -34.0819 45.6976 9.1375
      vertex -35.8235 45.3806 9.1375
      vertex -35.7311 45.2077 9.1375
    endloop
  endfacet
  facet normal 0 0 1
    outer loop
      vertex -34.0819 45.6976 9.1375
      vertex -35.9479 45.5321 9.1375
      vertex -35.8235 45.3806 9.1375
    endloop
  endfacet
  facet normal 0 0 1
    outer loop
      vertex -34.0819 45.6976 9.1375
      vertex -36.0994 45.6565 9.1375
      vertex -35.9479 45.5321 9.1375
    endloop
  endfacet
  facet normal 0 -0 1
    outer loop
      vertex -36.0994 45.6565 9.1375
      vertex -34.0819 45.6976 9.1375
      vertex -36.1764 45.6976 9.1375
    endloop
  endfacet
  facet normal 0 0 1
    outer loop
      vertex -34.2073 38.2096 9.1375
      vertex -35.8235 39.0194 9.1375
      vertex -34.3921 37.8639 9.1375
    endloop
  endfacet
  facet normal -0 0 1
    outer loop
      vertex -35.9479 38.8679 9.1375
      vertex -34.3921 37.8639 9.1375
      vertex -35.8235 39.0194 9.1375
    endloop
  endfacet
  facet normal 0 0 1
    outer loop
      vertex -34.3921 37.8639 9.1375
      vertex -35.9479 38.8679 9.1375
      vertex -34.6408 37.5608 9.1375
    endloop
  endfacet
  facet normal 0 0 1
    outer loop
      vertex -34.6408 37.5608 9.1375
      vertex -35.9479 38.8679 9.1375
      vertex -34.9439 37.3121 9.1375
    endloop
  endfacet
  facet normal -0 0 1
    outer loop
      vertex -36.0994 38.7435 9.1375
      vertex -34.9439 37.3121 9.1375
      vertex -35.9479 38.8679 9.1375
    endloop
  endfacet
  facet normal 0 0 1
    outer loop
      vertex -34.9439 37.3121 9.1375
      vertex -36.0994 38.7435 9.1375
      vertex -35.2896 37.1272 9.1375
    endloop
  endfacet
  facet normal 0 0 1
    outer loop
      vertex -35.2896 37.1272 9.1375
      vertex -36.0994 38.7435 9.1375
      vertex -35.6648 37.0134 9.1375
    endloop
  endfacet
  facet normal -0 0 1
    outer loop
      vertex -36.2723 38.6511 9.1375
      vertex -35.6648 37.0134 9.1375
      vertex -36.0994 38.7435 9.1375
    endloop
  endfacet
  facet normal 0 0 1
    outer loop
      vertex -35.6648 37.0134 9.1375
      vertex -36.2723 38.6511 9.1375
      vertex -36.055 36.975 9.1375
    endloop
  endfacet
  facet normal -0 0 1
    outer loop
      vertex -36.4599 38.5942 9.1375
      vertex -36.055 36.975 9.1375
      vertex -36.2723 38.6511 9.1375
    endloop
  endfacet
  facet normal -0 0 1
    outer loop
      vertex -36.655 38.575 9.1375
      vertex -36.055 36.975 9.1375
      vertex -36.4599 38.5942 9.1375
    endloop
  endfacet
  facet normal -0 0 1
    outer loop
      vertex -37.205 38.575 9.1375
      vertex -36.055 36.975 9.1375
      vertex -36.655 38.575 9.1375
    endloop
  endfacet
  facet normal 0 0 1
    outer loop
      vertex -37.805 36.975 9.1375
      vertex -37.205 38.575 9.1375
      vertex -37.4001 38.5942 9.1375
    endloop
  endfacet
  facet normal 0 0 1
    outer loop
      vertex -37.805 36.975 9.1375
      vertex -37.4001 38.5942 9.1375
      vertex -37.5877 38.6511 9.1375
    endloop
  endfacet
  facet normal 0 0 1
    outer loop
      vertex -38.3476 37.0597 9.1375
      vertex -37.5877 38.6511 9.1375
      vertex -37.7606 38.7435 9.1375
    endloop
  endfacet
  facet normal 0 0 1
    outer loop
      vertex -37.205 38.575 9.1375
      vertex -37.805 36.975 9.1375
      vertex -36.055 36.975 9.1375
    endloop
  endfacet
  facet normal 0 0 1
    outer loop
      vertex -38.3476 37.0597 9.1375
      vertex -37.7606 38.7435 9.1375
      vertex -37.9121 38.8679 9.1375
    endloop
  endfacet
  facet normal 0 0 1
    outer loop
      vertex -38.3476 37.0597 9.1375
      vertex -37.9121 38.8679 9.1375
      vertex -38.0365 39.0194 9.1375
    endloop
  endfacet
  facet normal 0 0 1
    outer loop
      vertex -38.3476 37.0597 9.1375
      vertex -38.0365 39.0194 9.1375
      vertex -38.1289 39.1923 9.1375
    endloop
  endfacet
  facet normal 0 0 1
    outer loop
      vertex -38.3476 37.0597 9.1375
      vertex -38.1289 39.1923 9.1375
      vertex -38.1858 39.3799 9.1375
    endloop
  endfacet
  facet normal 0 0 1
    outer loop
      vertex -37.5877 38.6511 9.1375
      vertex -38.1952 37.0134 9.1375
      vertex -37.805 36.975 9.1375
    endloop
  endfacet
  facet normal 0 0 1
    outer loop
      vertex -38.3476 37.0597 9.1375
      vertex -38.1858 39.3799 9.1375
      vertex -38.205 39.575 9.1375
    endloop
  endfacet
  facet normal 0 0 1
    outer loop
      vertex -38.205 44.825 9.1375
      vertex -38.3476 45.2 9.1375
      vertex -38.205 39.575 9.1375
    endloop
  endfacet
  facet normal 0 0 1
    outer loop
      vertex -38.3476 45.2 9.1375
      vertex -38.1289 45.2077 9.1375
      vertex -38.338 45.2971 9.1375
    endloop
  endfacet
  facet normal 0 0 1
    outer loop
      vertex -38.1289 45.2077 9.1375
      vertex -38.3476 45.2 9.1375
      vertex -38.1858 45.0201 9.1375
    endloop
  endfacet
  facet normal 0 0 1
    outer loop
      vertex -38.3476 37.0597 9.1375
      vertex -38.205 39.575 9.1375
      vertex -38.3476 45.2 9.1375
    endloop
  endfacet
  facet normal 0 0 1
    outer loop
      vertex -37.5877 38.6511 9.1375
      vertex -38.3476 37.0597 9.1375
      vertex -38.1952 37.0134 9.1375
    endloop
  endfacet
  facet normal 0.634321 -0.77307 0
    outer loop
      vertex -34.9439 37.3121 2.00241
      vertex -34.6408 37.5608 9.1375
      vertex -34.9439 37.3121 9.1375
    endloop
  endfacet
  facet normal 0.634321 -0.77307 0
    outer loop
      vertex -34.6408 37.5608 9.1375
      vertex -34.9439 37.3121 2.00241
      vertex -34.6408 37.5608 2.00241
    endloop
  endfacet
  facet normal 0.77307 -0.634321 0
    outer loop
      vertex -34.6408 37.5608 9.1375
      vertex -34.3921 37.8639 2.00241
      vertex -34.3921 37.8639 9.1375
    endloop
  endfacet
  facet normal 0.77307 -0.634321 0
    outer loop
      vertex -34.3921 37.8639 2.00241
      vertex -34.6408 37.5608 9.1375
      vertex -34.6408 37.5608 2.00241
    endloop
  endfacet
  facet normal 0.097938 -0.995193 0
    outer loop
      vertex -36.055 36.975 2.00241
      vertex -35.6648 37.0134 9.1375
      vertex -36.055 36.975 9.1375
    endloop
  endfacet
  facet normal 0.097938 -0.995193 0
    outer loop
      vertex -35.6648 37.0134 9.1375
      vertex -36.055 36.975 2.00241
      vertex -35.6648 37.0134 2.00241
    endloop
  endfacet
  facet normal 0.290248 -0.956951 0
    outer loop
      vertex -35.6648 37.0134 2.00241
      vertex -35.2896 37.1272 9.1375
      vertex -35.6648 37.0134 9.1375
    endloop
  endfacet
  facet normal 0.290248 -0.956951 0
    outer loop
      vertex -35.2896 37.1272 9.1375
      vertex -35.6648 37.0134 2.00241
      vertex -35.2896 37.1272 2.00241
    endloop
  endfacet
  facet normal 1 0 0
    outer loop
      vertex -34.055 45.249 2.00241
      vertex -34.055 45.425 2.0546
      vertex -34.055 45.425 9.1375
    endloop
  endfacet
  facet normal 1 0 0
    outer loop
      vertex -34.055 45.425 2.0546
      vertex -34.055 45.249 2.00241
      vertex -34.055 45.3451 2.02153
    endloop
  endfacet
  facet normal 1 -0 0
    outer loop
      vertex -34.055 38.975 9.1375
      vertex -34.055 45.249 2.00241
      vertex -34.055 45.425 9.1375
    endloop
  endfacet
  facet normal 1 0 0
    outer loop
      vertex -34.055 45.249 2.00241
      vertex -34.055 38.975 9.1375
      vertex -34.055 38.975 2.00241
    endloop
  endfacet
  facet normal -0.290687 -0.956818 0
    outer loop
      vertex -38.3476 37.0597 2.45099
      vertex -38.1952 37.0134 9.1375
      vertex -38.3476 37.0597 9.1375
    endloop
  endfacet
  facet normal -0.29077 -0.956793 -4.48922e-05
    outer loop
      vertex -38.1952 37.0134 2.14147
      vertex -38.3476 37.0597 2.45099
      vertex -38.3285 37.0539 2.35486
    endloop
  endfacet
  facet normal -0.290405 -0.956904 0.000204571
    outer loop
      vertex -38.1952 37.0134 2.14147
      vertex -38.3285 37.0539 2.35486
      vertex -38.291 37.0425 2.2643
    endloop
  endfacet
  facet normal -0.295924 -0.955201 -0.00450378
    outer loop
      vertex -38.1952 37.0134 2.14147
      vertex -38.291 37.0425 2.2643
      vertex -38.2365 37.026 2.1828
    endloop
  endfacet
  facet normal -0.290687 -0.956818 0
    outer loop
      vertex -38.3476 37.0597 2.45099
      vertex -38.1952 37.0134 2.14147
      vertex -38.1952 37.0134 9.1375
    endloop
  endfacet
  facet normal 0.995193 -0.097938 0
    outer loop
      vertex -34.0934 38.5848 9.1375
      vertex -34.055 38.975 2.00241
      vertex -34.055 38.975 9.1375
    endloop
  endfacet
  facet normal 0.995193 -0.097938 0
    outer loop
      vertex -34.055 38.975 2.00241
      vertex -34.0934 38.5848 9.1375
      vertex -34.0934 38.5848 2.00241
    endloop
  endfacet
  facet normal 0.471634 -0.881795 0
    outer loop
      vertex -35.2896 37.1272 2.00241
      vertex -34.9439 37.3121 9.1375
      vertex -35.2896 37.1272 9.1375
    endloop
  endfacet
  facet normal 0.471634 -0.881795 0
    outer loop
      vertex -34.9439 37.3121 9.1375
      vertex -35.2896 37.1272 2.00241
      vertex -34.9439 37.3121 2.00241
    endloop
  endfacet
  facet normal 0 -1 0
    outer loop
      vertex -37.805 36.975 2.00241
      vertex -36.055 36.975 9.1375
      vertex -37.805 36.975 9.1375
    endloop
  endfacet
  facet normal 0 -1 -0
    outer loop
      vertex -36.055 36.975 9.1375
      vertex -37.805 36.975 2.00241
      vertex -36.055 36.975 2.00241
    endloop
  endfacet
  facet normal -0.097938 -0.995193 0
    outer loop
      vertex -38.1952 37.0134 2.14147
      vertex -37.805 36.975 9.1375
      vertex -38.1952 37.0134 9.1375
    endloop
  endfacet
  facet normal -0.101129 -0.99486 -0.00519959
    outer loop
      vertex -38.0857 37.0027 2.05904
      vertex -38.1952 37.0134 2.14147
      vertex -38.1672 37.0107 2.11349
    endloop
  endfacet
  facet normal -0.100801 -0.994895 -0.00476013
    outer loop
      vertex -37.9951 36.9937 2.02153
      vertex -38.1952 37.0134 2.14147
      vertex -38.0857 37.0027 2.05904
    endloop
  endfacet
  facet normal -0.0978806 -0.995198 0.000162591
    outer loop
      vertex -38.1952 37.0134 2.14147
      vertex -37.9951 36.9937 2.02153
      vertex -37.805 36.975 2.00241
    endloop
  endfacet
  facet normal -0.0984539 -0.995126 -0.00560882
    outer loop
      vertex -37.805 36.975 2.00241
      vertex -37.9951 36.9937 2.02153
      vertex -37.899 36.9843 2.00241
    endloop
  endfacet
  facet normal -0.097938 -0.995193 0
    outer loop
      vertex -38.1952 37.0134 2.14147
      vertex -37.805 36.975 2.00241
      vertex -37.805 36.975 9.1375
    endloop
  endfacet
  facet normal 0.956881 -0.290482 0
    outer loop
      vertex -34.2073 38.2096 9.1375
      vertex -34.0934 38.5848 2.00241
      vertex -34.0934 38.5848 9.1375
    endloop
  endfacet
  facet normal 0.956881 -0.290482 0
    outer loop
      vertex -34.0934 38.5848 2.00241
      vertex -34.2073 38.2096 9.1375
      vertex -34.2073 38.2096 2.00241
    endloop
  endfacet
  facet normal 0.995166 0.0982024 0
    outer loop
      vertex -34.055 45.425 9.1375
      vertex -34.0819 45.6976 2.45099
      vertex -34.0819 45.6976 9.1375
    endloop
  endfacet
  facet normal 0.995166 0.0982024 -0
    outer loop
      vertex -34.055 45.425 2.0546
      vertex -34.0819 45.6976 2.45099
      vertex -34.055 45.425 9.1375
    endloop
  endfacet
  facet normal 0.995198 0.0978832 0.000221642
    outer loop
      vertex -34.0819 45.6976 2.45099
      vertex -34.055 45.425 2.0546
      vertex -34.08 45.6785 2.35486
    endloop
  endfacet
  facet normal 0.995177 0.0980983 3.82852e-05
    outer loop
      vertex -34.08 45.6785 2.35486
      vertex -34.055 45.425 2.0546
      vertex -34.0763 45.641 2.2643
    endloop
  endfacet
  facet normal 0.995257 0.097275 0.000894472
    outer loop
      vertex -34.0763 45.641 2.2643
      vertex -34.055 45.425 2.0546
      vertex -34.0709 45.5865 2.1828
    endloop
  endfacet
  facet normal 0.995064 0.0992214 -0.00158138
    outer loop
      vertex -34.0709 45.5865 2.1828
      vertex -34.055 45.425 2.0546
      vertex -34.0641 45.5172 2.11349
    endloop
  endfacet
  facet normal 0.993794 0.109731 -0.0182323
    outer loop
      vertex -34.0641 45.5172 2.11349
      vertex -34.055 45.425 2.0546
      vertex -34.0561 45.4357 2.05904
    endloop
  endfacet
  facet normal 0.881901 -0.471435 0
    outer loop
      vertex -34.3921 37.8639 9.1375
      vertex -34.2073 38.2096 2.00241
      vertex -34.2073 38.2096 9.1375
    endloop
  endfacet
  facet normal 0.881901 -0.471435 0
    outer loop
      vertex -34.2073 38.2096 2.00241
      vertex -34.3921 37.8639 9.1375
      vertex -34.3921 37.8639 2.00241
    endloop
  endfacet
  facet normal 0.956951 -0.290248 0
    outer loop
      vertex -38.1858 45.0201 2.13208
      vertex -38.1289 45.2077 2.08839
      vertex -38.1289 45.2077 9.1375
    endloop
  endfacet
  facet normal 0.958859 -0.280176 0.045731
    outer loop
      vertex -38.1289 45.2077 2.08839
      vertex -38.1858 45.0201 2.13208
      vertex -38.1312 45.2 2.08944
    endloop
  endfacet
  facet normal 0.956951 -0.290248 0
    outer loop
      vertex -38.1858 45.0201 2.13208
      vertex -38.1289 45.2077 9.1375
      vertex -38.1858 45.0201 9.1375
    endloop
  endfacet
  facet normal 0.957277 -0.289109 0.00601903
    outer loop
      vertex -38.1312 45.2 2.08944
      vertex -38.1858 45.0201 2.13208
      vertex -38.1672 45.0813 2.11349
    endloop
  endfacet
  facet normal -0.471329 0.881957 0
    outer loop
      vertex -36.0994 38.7435 2.00241
      vertex -36.2723 38.6511 9.1375
      vertex -36.0994 38.7435 9.1375
    endloop
  endfacet
  facet normal -0.471329 0.881957 0
    outer loop
      vertex -36.2723 38.6511 9.1375
      vertex -36.0994 38.7435 2.00241
      vertex -36.2723 38.6511 2.00241
    endloop
  endfacet
  facet normal -0.956951 -0.290248 0
    outer loop
      vertex -35.6742 45.0201 2.00241
      vertex -35.7311 45.2077 9.1375
      vertex -35.7311 45.2077 2.00241
    endloop
  endfacet
  facet normal -0.956951 -0.290248 0
    outer loop
      vertex -35.7311 45.2077 9.1375
      vertex -35.6742 45.0201 2.00241
      vertex -35.6742 45.0201 9.1375
    endloop
  endfacet
  facet normal 0.881957 0.471329 0
    outer loop
      vertex -38.0365 39.0194 9.1375
      vertex -38.1289 39.1923 2.08788
      vertex -38.1289 39.1923 9.1375
    endloop
  endfacet
  facet normal 0.881957 0.471329 -0
    outer loop
      vertex -38.0365 39.0194 2.03864
      vertex -38.1289 39.1923 2.08788
      vertex -38.0365 39.0194 9.1375
    endloop
  endfacet
  facet normal 0.883201 0.468865 0.010988
    outer loop
      vertex -38.1289 39.1923 2.08788
      vertex -38.0365 39.0194 2.03864
      vertex -38.0857 39.1116 2.05904
    endloop
  endfacet
  facet normal 0.881957 -0.471329 0
    outer loop
      vertex -38.1289 45.2077 2.08839
      vertex -38.0365 45.3806 2.07523
      vertex -38.0365 45.3806 9.1375
    endloop
  endfacet
  facet normal 0.881858 -0.471505 -0.00301034
    outer loop
      vertex -38.1186 45.227 2.08277
      vertex -38.0365 45.3806 2.07523
      vertex -38.1289 45.2077 2.08839
    endloop
  endfacet
  facet normal 0.882145 -0.470656 0.0174281
    outer loop
      vertex -38.0365 45.3806 2.07523
      vertex -38.1186 45.227 2.08277
      vertex -38.0521 45.3512 2.07088
    endloop
  endfacet
  facet normal 0.881714 -0.471412 -0.018742
    outer loop
      vertex -38.0521 45.3512 2.07088
      vertex -38.0639 45.3292 2.06911
      vertex -38.0585 45.3393 2.06911
    endloop
  endfacet
  facet normal 0.881389 -0.472368 -0.00468693
    outer loop
      vertex -38.0521 45.3512 2.07088
      vertex -38.1186 45.227 2.08277
      vertex -38.0639 45.3292 2.06911
    endloop
  endfacet
  facet normal 0.881198 -0.472449 -0.016795
    outer loop
      vertex -38.0639 45.3292 2.06911
      vertex -38.0881 45.284 2.07088
      vertex -38.0817 45.296 2.06911
    endloop
  endfacet
  facet normal 0.882138 -0.470964 0.00506891
    outer loop
      vertex -38.0881 45.284 2.07088
      vertex -38.1186 45.227 2.08277
      vertex -38.1058 45.2509 2.0758
    endloop
  endfacet
  facet normal 0.881957 -0.471329 0
    outer loop
      vertex -38.1289 45.2077 2.08839
      vertex -38.0365 45.3806 9.1375
      vertex -38.1289 45.2077 9.1375
    endloop
  endfacet
  facet normal 0.881568 -0.472053 -0.00161556
    outer loop
      vertex -38.0639 45.3292 2.06911
      vertex -38.1186 45.227 2.08277
      vertex -38.0881 45.284 2.07088
    endloop
  endfacet
  facet normal 0.772842 0.634598 0
    outer loop
      vertex -37.9121 38.8679 9.1375
      vertex -38.0365 39.0194 2.03864
      vertex -38.0365 39.0194 9.1375
    endloop
  endfacet
  facet normal 0.772842 0.634598 -0
    outer loop
      vertex -37.9121 38.8679 2.00501
      vertex -38.0365 39.0194 2.03864
      vertex -37.9121 38.8679 9.1375
    endloop
  endfacet
  facet normal 0.774161 0.632861 0.0127053
    outer loop
      vertex -38.0365 39.0194 2.03864
      vertex -37.9121 38.8679 2.00501
      vertex -37.9951 38.9691 2.02153
    endloop
  endfacet
  facet normal -0.290248 0.956951 0
    outer loop
      vertex -36.2723 38.6511 2.00241
      vertex -36.4599 38.5942 9.1375
      vertex -36.2723 38.6511 9.1375
    endloop
  endfacet
  facet normal -0.290248 0.956951 0
    outer loop
      vertex -36.4599 38.5942 9.1375
      vertex -36.2723 38.6511 2.00241
      vertex -36.4599 38.5942 2.00241
    endloop
  endfacet
  facet normal 0.634598 0.772842 0
    outer loop
      vertex -37.7606 38.7435 9.1375
      vertex -37.9121 38.8679 2.00501
      vertex -37.9121 38.8679 9.1375
    endloop
  endfacet
  facet normal 0.634598 0.772842 -0
    outer loop
      vertex -37.7606 38.7435 2.00241
      vertex -37.9121 38.8679 2.00501
      vertex -37.7606 38.7435 9.1375
    endloop
  endfacet
  facet normal 0.634679 0.772556 0.0184422
    outer loop
      vertex -37.9121 38.8679 2.00501
      vertex -37.7606 38.7435 2.00241
      vertex -37.899 38.8572 2.00241
    endloop
  endfacet
  facet normal -0.772842 0.634598 0
    outer loop
      vertex -35.9479 38.8679 2.00241
      vertex -35.8235 39.0194 9.1375
      vertex -35.8235 39.0194 2.00241
    endloop
  endfacet
  facet normal -0.772842 0.634598 0
    outer loop
      vertex -35.8235 39.0194 9.1375
      vertex -35.9479 38.8679 2.00241
      vertex -35.9479 38.8679 9.1375
    endloop
  endfacet
  facet normal -0.097938 0.995193 0
    outer loop
      vertex -36.4599 38.5942 2.00241
      vertex -36.655 38.575 9.1375
      vertex -36.4599 38.5942 9.1375
    endloop
  endfacet
  facet normal -0.097938 0.995193 0
    outer loop
      vertex -36.655 38.575 9.1375
      vertex -36.4599 38.5942 2.00241
      vertex -36.655 38.575 2.00241
    endloop
  endfacet
  facet normal 0.471329 0.881957 -0
    outer loop
      vertex -37.5877 38.6511 2.00241
      vertex -37.7606 38.7435 9.1375
      vertex -37.5877 38.6511 9.1375
    endloop
  endfacet
  facet normal 0.471329 0.881957 0
    outer loop
      vertex -37.7606 38.7435 9.1375
      vertex -37.5877 38.6511 2.00241
      vertex -37.7606 38.7435 2.00241
    endloop
  endfacet
  facet normal 0.470886 -0.882194 0
    outer loop
      vertex -37.7606 45.6565 9.1375
      vertex -37.6836 45.6976 2.45099
      vertex -37.6836 45.6976 9.1375
    endloop
  endfacet
  facet normal 0.470886 -0.882194 0
    outer loop
      vertex -37.7606 45.6565 2.30174
      vertex -37.6836 45.6976 2.45099
      vertex -37.7606 45.6565 9.1375
    endloop
  endfacet
  facet normal 0.471325 -0.88196 -0.000291294
    outer loop
      vertex -37.6836 45.6976 2.45099
      vertex -37.7606 45.6565 2.30174
      vertex -37.7194 45.6785 2.35486
    endloop
  endfacet
  facet normal -0.634598 0.772842 0
    outer loop
      vertex -35.9479 38.8679 2.00241
      vertex -36.0994 38.7435 9.1375
      vertex -35.9479 38.8679 9.1375
    endloop
  endfacet
  facet normal -0.634598 0.772842 0
    outer loop
      vertex -36.0994 38.7435 9.1375
      vertex -35.9479 38.8679 2.00241
      vertex -36.0994 38.7435 2.00241
    endloop
  endfacet
  facet normal 0 1 -0
    outer loop
      vertex -36.655 38.575 2.00241
      vertex -37.205 38.575 9.1375
      vertex -36.655 38.575 9.1375
    endloop
  endfacet
  facet normal 0 1 0
    outer loop
      vertex -37.205 38.575 9.1375
      vertex -36.655 38.575 2.00241
      vertex -37.205 38.575 2.00241
    endloop
  endfacet
  facet normal 1 -0 0
    outer loop
      vertex -38.205 39.575 9.1375
      vertex -38.205 44.825 2.15129
      vertex -38.205 44.825 9.1375
    endloop
  endfacet
  facet normal 1 0 0
    outer loop
      vertex -38.205 44.825 2.15129
      vertex -38.205 39.575 9.1375
      vertex -38.205 39.575 2.15129
    endloop
  endfacet
  facet normal 0.995193 0.097938 0
    outer loop
      vertex -38.1858 39.3799 9.1375
      vertex -38.205 39.575 2.15129
      vertex -38.205 39.575 9.1375
    endloop
  endfacet
  facet normal 0.995193 0.097938 0
    outer loop
      vertex -38.205 39.575 2.15129
      vertex -38.1858 39.3799 9.1375
      vertex -38.1858 39.3799 2.13208
    endloop
  endfacet
  facet normal -0.956951 0.290248 0
    outer loop
      vertex -35.7311 39.1923 2.00241
      vertex -35.6742 39.3799 9.1375
      vertex -35.6742 39.3799 2.00241
    endloop
  endfacet
  facet normal -0.956951 0.290248 0
    outer loop
      vertex -35.6742 39.3799 9.1375
      vertex -35.7311 39.1923 2.00241
      vertex -35.7311 39.1923 9.1375
    endloop
  endfacet
  facet normal 0.290248 0.956951 -0
    outer loop
      vertex -37.4001 38.5942 2.00241
      vertex -37.5877 38.6511 9.1375
      vertex -37.4001 38.5942 9.1375
    endloop
  endfacet
  facet normal 0.290248 0.956951 0
    outer loop
      vertex -37.5877 38.6511 9.1375
      vertex -37.4001 38.5942 2.00241
      vertex -37.5877 38.6511 2.00241
    endloop
  endfacet
  facet normal 0.995193 -0.097938 0
    outer loop
      vertex -38.205 44.825 2.15129
      vertex -38.1858 45.0201 9.1375
      vertex -38.205 44.825 9.1375
    endloop
  endfacet
  facet normal 0.995193 -0.097938 0
    outer loop
      vertex -38.1858 45.0201 9.1375
      vertex -38.205 44.825 2.15129
      vertex -38.1858 45.0201 2.13208
    endloop
  endfacet
  facet normal -0.881957 0.471329 0
    outer loop
      vertex -35.8235 39.0194 2.00241
      vertex -35.7311 39.1923 9.1375
      vertex -35.7311 39.1923 2.00241
    endloop
  endfacet
  facet normal -0.881957 0.471329 0
    outer loop
      vertex -35.7311 39.1923 9.1375
      vertex -35.8235 39.0194 2.00241
      vertex -35.8235 39.0194 9.1375
    endloop
  endfacet
  facet normal -0.470886 -0.882194 0
    outer loop
      vertex -36.1764 45.6976 2.45099
      vertex -36.0994 45.6565 9.1375
      vertex -36.1764 45.6976 9.1375
    endloop
  endfacet
  facet normal -0.471325 -0.88196 -0.000291294
    outer loop
      vertex -36.0994 45.6565 2.30174
      vertex -36.1764 45.6976 2.45099
      vertex -36.1406 45.6785 2.35486
    endloop
  endfacet
  facet normal -0.470886 -0.882194 0
    outer loop
      vertex -36.1764 45.6976 2.45099
      vertex -36.0994 45.6565 2.30174
      vertex -36.0994 45.6565 9.1375
    endloop
  endfacet
  facet normal 0.772842 -0.634598 0
    outer loop
      vertex -38.0365 45.3806 9.1375
      vertex -37.9121 45.5321 2.13451
      vertex -37.9121 45.5321 9.1375
    endloop
  endfacet
  facet normal 0.772842 -0.634598 0
    outer loop
      vertex -38.0365 45.3806 2.07523
      vertex -37.9121 45.5321 2.13451
      vertex -38.0365 45.3806 9.1375
    endloop
  endfacet
  facet normal 0.770477 -0.637355 0.0120096
    outer loop
      vertex -38.02 45.4006 2.07808
      vertex -37.9121 45.5321 2.13451
      vertex -38.0365 45.3806 2.07523
    endloop
  endfacet
  facet normal 0.773759 -0.633472 -0.00331421
    outer loop
      vertex -37.9859 45.4422 2.08796
      vertex -37.9121 45.5321 2.13451
      vertex -38.02 45.4006 2.07808
    endloop
  endfacet
  facet normal 0.774813 -0.632162 -0.00608527
    outer loop
      vertex -37.9153 45.5282 2.13094
      vertex -37.9551 45.4797 2.10174
      vertex -37.9351 45.5041 2.11349
    endloop
  endfacet
  facet normal 0.772956 -0.634459 0.000260847
    outer loop
      vertex -37.9121 45.5321 2.13451
      vertex -37.9551 45.4797 2.10174
      vertex -37.9153 45.5282 2.13094
    endloop
  endfacet
  facet normal 0.76598 -0.641921 0.0348228
    outer loop
      vertex -37.9551 45.4797 2.10174
      vertex -37.9859 45.4422 2.08796
      vertex -37.9622 45.471 2.09754
    endloop
  endfacet
  facet normal 0.77237 -0.635169 0.00216409
    outer loop
      vertex -37.9551 45.4797 2.10174
      vertex -37.9121 45.5321 2.13451
      vertex -37.9859 45.4422 2.08796
    endloop
  endfacet
  facet normal 0.775274 -0.631388 -0.0173153
    outer loop
      vertex -37.9859 45.4422 2.08796
      vertex -38.02 45.4006 2.07808
      vertex -38.0002 45.4248 2.08217
    endloop
  endfacet
  facet normal 0.760456 -0.641635 0.10006
    outer loop
      vertex -38.02 45.4006 2.07808
      vertex -38.0365 45.3806 2.07523
      vertex -38.0338 45.3838 2.07523
    endloop
  endfacet
  facet normal -0.995193 0.097938 0
    outer loop
      vertex -35.6742 39.3799 2.00241
      vertex -35.655 39.575 9.1375
      vertex -35.655 39.575 2.00241
    endloop
  endfacet
  facet normal -0.995193 0.097938 0
    outer loop
      vertex -35.655 39.575 9.1375
      vertex -35.6742 39.3799 2.00241
      vertex -35.6742 39.3799 9.1375
    endloop
  endfacet
  facet normal -0.771357 -0.636385 0.0048037
    outer loop
      vertex -35.8688 45.4357 2.05904
      vertex -35.9479 45.5321 2.12839
      vertex -35.9357 45.5172 2.11349
    endloop
  endfacet
  facet normal -0.771624 -0.636065 0.00405489
    outer loop
      vertex -35.9479 45.5321 2.12839
      vertex -35.8688 45.4357 2.05904
      vertex -35.8235 45.3806 2.0362
    endloop
  endfacet
  facet normal -0.772842 -0.634598 0
    outer loop
      vertex -35.9479 45.5321 2.12839
      vertex -35.8235 45.3806 2.0362
      vertex -35.8235 45.3806 9.1375
    endloop
  endfacet
  facet normal -0.772842 -0.634598 0
    outer loop
      vertex -35.9479 45.5321 2.12839
      vertex -35.8235 45.3806 9.1375
      vertex -35.9479 45.5321 9.1375
    endloop
  endfacet
  facet normal 0.634598 -0.772842 0
    outer loop
      vertex -37.9121 45.5321 9.1375
      vertex -37.7606 45.6565 2.30174
      vertex -37.7606 45.6565 9.1375
    endloop
  endfacet
  facet normal 0.634598 -0.772842 0
    outer loop
      vertex -37.9121 45.5321 2.13451
      vertex -37.7606 45.6565 2.30174
      vertex -37.9121 45.5321 9.1375
    endloop
  endfacet
  facet normal 0.630645 -0.776048 0.00596607
    outer loop
      vertex -37.8901 45.5501 2.15038
      vertex -37.7606 45.6565 2.30174
      vertex -37.9121 45.5321 2.13451
    endloop
  endfacet
  facet normal 0.636583 -0.771204 -0.00266497
    outer loop
      vertex -37.85 45.5831 2.17936
      vertex -37.7795 45.641 2.2643
      vertex -37.8901 45.5501 2.15038
    endloop
  endfacet
  facet normal 0.617088 -0.786529 0.0239619
    outer loop
      vertex -37.7795 45.641 2.2643
      vertex -37.85 45.5831 2.17936
      vertex -37.8458 45.5865 2.1828
    endloop
  endfacet
  facet normal 0.635832 -0.771826 -0.00144054
    outer loop
      vertex -37.7606 45.6565 2.30174
      vertex -37.8901 45.5501 2.15038
      vertex -37.7795 45.641 2.2643
    endloop
  endfacet
  facet normal -1 0 0
    outer loop
      vertex -35.655 39.575 2.00241
      vertex -35.655 44.825 9.1375
      vertex -35.655 44.825 2.00241
    endloop
  endfacet
  facet normal -1 -0 0
    outer loop
      vertex -35.655 44.825 9.1375
      vertex -35.655 39.575 2.00241
      vertex -35.655 39.575 9.1375
    endloop
  endfacet
  facet normal 0.956951 0.290248 0
    outer loop
      vertex -38.1289 39.1923 9.1375
      vertex -38.1858 39.3799 2.13208
      vertex -38.1858 39.3799 9.1375
    endloop
  endfacet
  facet normal 0.956951 0.290248 -0
    outer loop
      vertex -38.1289 39.1923 2.08788
      vertex -38.1858 39.3799 2.13208
      vertex -38.1289 39.1923 9.1375
    endloop
  endfacet
  facet normal 0.957481 0.288367 0.00866383
    outer loop
      vertex -38.1858 39.3799 2.13208
      vertex -38.1289 39.1923 2.08788
      vertex -38.1672 39.3187 2.11349
    endloop
  endfacet
  facet normal 0.097938 0.995193 -0
    outer loop
      vertex -37.205 38.575 2.00241
      vertex -37.4001 38.5942 9.1375
      vertex -37.205 38.575 9.1375
    endloop
  endfacet
  facet normal 0.097938 0.995193 0
    outer loop
      vertex -37.4001 38.5942 9.1375
      vertex -37.205 38.575 2.00241
      vertex -37.4001 38.5942 2.00241
    endloop
  endfacet
  facet normal -0.995193 -0.097938 0
    outer loop
      vertex -35.655 44.825 2.00241
      vertex -35.6742 45.0201 9.1375
      vertex -35.6742 45.0201 2.00241
    endloop
  endfacet
  facet normal -0.995193 -0.097938 0
    outer loop
      vertex -35.6742 45.0201 9.1375
      vertex -35.655 44.825 2.00241
      vertex -35.655 44.825 9.1375
    endloop
  endfacet
  facet normal -0.634598 -0.772842 0
    outer loop
      vertex -36.0994 45.6565 2.30174
      vertex -35.9479 45.5321 9.1375
      vertex -36.0994 45.6565 9.1375
    endloop
  endfacet
  facet normal -0.636452 -0.771314 -0.00196529
    outer loop
      vertex -36.0142 45.5865 2.1828
      vertex -36.0994 45.6565 2.30174
      vertex -36.0805 45.641 2.2643
    endloop
  endfacet
  facet normal -0.633601 -0.773659 0.00145686
    outer loop
      vertex -36.0994 45.6565 2.30174
      vertex -36.0142 45.5865 2.1828
      vertex -35.9479 45.5321 2.12839
    endloop
  endfacet
  facet normal -0.634598 -0.772842 0
    outer loop
      vertex -36.0994 45.6565 2.30174
      vertex -35.9479 45.5321 2.12839
      vertex -35.9479 45.5321 9.1375
    endloop
  endfacet
  facet normal -0.881263 -0.472555 0.00816731
    outer loop
      vertex -35.7311 45.2077 2.00241
      vertex -35.8235 45.3806 2.0362
      vertex -35.8046 45.3451 2.02153
    endloop
  endfacet
  facet normal -0.881701 -0.471806 0.0011054
    outer loop
      vertex -35.7311 45.2077 2.00241
      vertex -35.8046 45.3451 2.02153
      vertex -35.7532 45.249 2.00241
    endloop
  endfacet
  facet normal -0.881957 -0.471329 0
    outer loop
      vertex -35.8235 45.3806 2.0362
      vertex -35.7311 45.2077 2.00241
      vertex -35.7311 45.2077 9.1375
    endloop
  endfacet
  facet normal -0.881957 -0.471329 0
    outer loop
      vertex -35.8235 45.3806 2.0362
      vertex -35.7311 45.2077 9.1375
      vertex -35.8235 45.3806 9.1375
    endloop
  endfacet
  facet normal 0 0 1
    outer loop
      vertex 34.055 38.975 9.1375
      vertex 35.655 39.575 9.1375
      vertex 35.655 44.825 9.1375
    endloop
  endfacet
  facet normal 0 -0 1
    outer loop
      vertex 34.0934 38.5848 9.1375
      vertex 35.655 39.575 9.1375
      vertex 34.055 38.975 9.1375
    endloop
  endfacet
  facet normal 0 0 1
    outer loop
      vertex 35.655 39.575 9.1375
      vertex 34.9439 37.3121 9.1375
      vertex 35.2896 37.1272 9.1375
    endloop
  endfacet
  facet normal 0 0 1
    outer loop
      vertex 34.055 45.425 9.1375
      vertex 35.655 44.825 9.1375
      vertex 35.6742 45.0201 9.1375
    endloop
  endfacet
  facet normal 0 0 1
    outer loop
      vertex 35.655 39.575 9.1375
      vertex 34.6408 37.5608 9.1375
      vertex 34.9439 37.3121 9.1375
    endloop
  endfacet
  facet normal 0 0 1
    outer loop
      vertex 35.655 39.575 9.1375
      vertex 34.3921 37.8639 9.1375
      vertex 34.6408 37.5608 9.1375
    endloop
  endfacet
  facet normal 0 0 1
    outer loop
      vertex 35.655 39.575 9.1375
      vertex 34.2073 38.2096 9.1375
      vertex 34.3921 37.8639 9.1375
    endloop
  endfacet
  facet normal -0 0 1
    outer loop
      vertex 34.0819 45.6976 9.1375
      vertex 36.0994 45.6565 9.1375
      vertex 36.1764 45.6976 9.1375
    endloop
  endfacet
  facet normal 0 0 1
    outer loop
      vertex 34.0819 45.6976 9.1375
      vertex 35.9479 45.5321 9.1375
      vertex 36.0994 45.6565 9.1375
    endloop
  endfacet
  facet normal 0 0 1
    outer loop
      vertex 34.0819 45.6976 9.1375
      vertex 35.8235 45.3806 9.1375
      vertex 35.9479 45.5321 9.1375
    endloop
  endfacet
  facet normal 0 0 1
    outer loop
      vertex 34.0819 45.6976 9.1375
      vertex 35.7311 45.2077 9.1375
      vertex 35.8235 45.3806 9.1375
    endloop
  endfacet
  facet normal -0 0 1
    outer loop
      vertex 34.055 45.425 9.1375
      vertex 35.7311 45.2077 9.1375
      vertex 34.0819 45.6976 9.1375
    endloop
  endfacet
  facet normal 0 0 1
    outer loop
      vertex 35.7311 45.2077 9.1375
      vertex 34.055 45.425 9.1375
      vertex 35.6742 45.0201 9.1375
    endloop
  endfacet
  facet normal 0 0 1
    outer loop
      vertex 35.655 44.825 9.1375
      vertex 34.055 45.425 9.1375
      vertex 34.055 38.975 9.1375
    endloop
  endfacet
  facet normal 0 0 1
    outer loop
      vertex 35.655 39.575 9.1375
      vertex 34.0934 38.5848 9.1375
      vertex 34.2073 38.2096 9.1375
    endloop
  endfacet
  facet normal 0 0 1
    outer loop
      vertex 38.338 45.2971 9.1375
      vertex 38.1289 45.2077 9.1375
      vertex 38.3476 45.2 9.1375
    endloop
  endfacet
  facet normal 0 0 1
    outer loop
      vertex 38.3476 45.2 9.1375
      vertex 38.1858 45.0201 9.1375
      vertex 38.205 44.825 9.1375
    endloop
  endfacet
  facet normal 0 0 1
    outer loop
      vertex 38.3476 45.2 9.1375
      vertex 38.1289 45.2077 9.1375
      vertex 38.1858 45.0201 9.1375
    endloop
  endfacet
  facet normal 0 0 1
    outer loop
      vertex 38.0365 45.3806 9.1375
      vertex 38.2019 45.5518 9.1375
      vertex 38.1264 45.6137 9.1375
    endloop
  endfacet
  facet normal 0 0 1
    outer loop
      vertex 37.9121 45.5321 9.1375
      vertex 38.1264 45.6137 9.1375
      vertex 38.0404 45.6597 9.1375
    endloop
  endfacet
  facet normal 0 0 1
    outer loop
      vertex 38.2019 45.5518 9.1375
      vertex 38.0365 45.3806 9.1375
      vertex 38.1289 45.2077 9.1375
    endloop
  endfacet
  facet normal 0 0 1
    outer loop
      vertex 37.9121 45.5321 9.1375
      vertex 38.0404 45.6597 9.1375
      vertex 37.9471 45.688 9.1375
    endloop
  endfacet
  facet normal 0 0 1
    outer loop
      vertex 38.1264 45.6137 9.1375
      vertex 37.9121 45.5321 9.1375
      vertex 38.0365 45.3806 9.1375
    endloop
  endfacet
  facet normal 0 0 1
    outer loop
      vertex 37.85 45.6976 9.1375
      vertex 37.9121 45.5321 9.1375
      vertex 37.9471 45.688 9.1375
    endloop
  endfacet
  facet normal 0 0 1
    outer loop
      vertex 37.85 45.6976 9.1375
      vertex 37.7606 45.6565 9.1375
      vertex 37.9121 45.5321 9.1375
    endloop
  endfacet
  facet normal 0 -0 1
    outer loop
      vertex 37.7606 45.6565 9.1375
      vertex 37.85 45.6976 9.1375
      vertex 37.6836 45.6976 9.1375
    endloop
  endfacet
  facet normal 0 0 1
    outer loop
      vertex 38.3097 45.3904 9.1375
      vertex 38.1289 45.2077 9.1375
      vertex 38.338 45.2971 9.1375
    endloop
  endfacet
  facet normal 0 0 1
    outer loop
      vertex 38.1289 45.2077 9.1375
      vertex 38.3097 45.3904 9.1375
      vertex 38.2637 45.4764 9.1375
    endloop
  endfacet
  facet normal 0 0 1
    outer loop
      vertex 38.1289 45.2077 9.1375
      vertex 38.2637 45.4764 9.1375
      vertex 38.2019 45.5518 9.1375
    endloop
  endfacet
  facet normal 0 0 1
    outer loop
      vertex 38.3476 45.2 9.1375
      vertex 38.205 44.825 9.1375
      vertex 38.205 39.575 9.1375
    endloop
  endfacet
  facet normal 0 0 1
    outer loop
      vertex 38.3476 45.2 9.1375
      vertex 38.205 39.575 9.1375
      vertex 38.3476 37.0597 9.1375
    endloop
  endfacet
  facet normal -0 0 1
    outer loop
      vertex 38.1858 39.3799 9.1375
      vertex 38.3476 37.0597 9.1375
      vertex 38.205 39.575 9.1375
    endloop
  endfacet
  facet normal -0 0 1
    outer loop
      vertex 38.1289 39.1923 9.1375
      vertex 38.3476 37.0597 9.1375
      vertex 38.1858 39.3799 9.1375
    endloop
  endfacet
  facet normal -0 0 1
    outer loop
      vertex 38.0365 39.0194 9.1375
      vertex 38.3476 37.0597 9.1375
      vertex 38.1289 39.1923 9.1375
    endloop
  endfacet
  facet normal -0 0 1
    outer loop
      vertex 37.9121 38.8679 9.1375
      vertex 38.3476 37.0597 9.1375
      vertex 38.0365 39.0194 9.1375
    endloop
  endfacet
  facet normal -0 0 1
    outer loop
      vertex 37.7606 38.7435 9.1375
      vertex 38.3476 37.0597 9.1375
      vertex 37.9121 38.8679 9.1375
    endloop
  endfacet
  facet normal -0 0 1
    outer loop
      vertex 37.5877 38.6511 9.1375
      vertex 38.3476 37.0597 9.1375
      vertex 37.7606 38.7435 9.1375
    endloop
  endfacet
  facet normal 0 0 1
    outer loop
      vertex 38.3476 37.0597 9.1375
      vertex 37.5877 38.6511 9.1375
      vertex 38.1952 37.0134 9.1375
    endloop
  endfacet
  facet normal 0 0 1
    outer loop
      vertex 38.1952 37.0134 9.1375
      vertex 37.5877 38.6511 9.1375
      vertex 37.805 36.975 9.1375
    endloop
  endfacet
  facet normal -0 0 1
    outer loop
      vertex 37.4001 38.5942 9.1375
      vertex 37.805 36.975 9.1375
      vertex 37.5877 38.6511 9.1375
    endloop
  endfacet
  facet normal -0 0 1
    outer loop
      vertex 37.205 38.575 9.1375
      vertex 37.805 36.975 9.1375
      vertex 37.4001 38.5942 9.1375
    endloop
  endfacet
  facet normal -0 0 1
    outer loop
      vertex 36.655 38.575 9.1375
      vertex 37.805 36.975 9.1375
      vertex 37.205 38.575 9.1375
    endloop
  endfacet
  facet normal 0 0 1
    outer loop
      vertex 36.055 36.975 9.1375
      vertex 36.655 38.575 9.1375
      vertex 36.4599 38.5942 9.1375
    endloop
  endfacet
  facet normal 0 0 1
    outer loop
      vertex 36.055 36.975 9.1375
      vertex 36.4599 38.5942 9.1375
      vertex 36.2723 38.6511 9.1375
    endloop
  endfacet
  facet normal 0 0 1
    outer loop
      vertex 35.6648 37.0134 9.1375
      vertex 36.2723 38.6511 9.1375
      vertex 36.0994 38.7435 9.1375
    endloop
  endfacet
  facet normal 0 0 1
    outer loop
      vertex 36.655 38.575 9.1375
      vertex 36.055 36.975 9.1375
      vertex 37.805 36.975 9.1375
    endloop
  endfacet
  facet normal 0 0 1
    outer loop
      vertex 35.2896 37.1272 9.1375
      vertex 36.0994 38.7435 9.1375
      vertex 35.9479 38.8679 9.1375
    endloop
  endfacet
  facet normal 0 0 1
    outer loop
      vertex 35.2896 37.1272 9.1375
      vertex 35.9479 38.8679 9.1375
      vertex 35.8235 39.0194 9.1375
    endloop
  endfacet
  facet normal 0 0 1
    outer loop
      vertex 35.2896 37.1272 9.1375
      vertex 35.8235 39.0194 9.1375
      vertex 35.7311 39.1923 9.1375
    endloop
  endfacet
  facet normal 0 0 1
    outer loop
      vertex 35.2896 37.1272 9.1375
      vertex 35.7311 39.1923 9.1375
      vertex 35.6742 39.3799 9.1375
    endloop
  endfacet
  facet normal 0 0 1
    outer loop
      vertex 36.2723 38.6511 9.1375
      vertex 35.6648 37.0134 9.1375
      vertex 36.055 36.975 9.1375
    endloop
  endfacet
  facet normal 0 0 1
    outer loop
      vertex 35.2896 37.1272 9.1375
      vertex 35.6742 39.3799 9.1375
      vertex 35.655 39.575 9.1375
    endloop
  endfacet
  facet normal 0 0 1
    outer loop
      vertex 36.0994 38.7435 9.1375
      vertex 35.2896 37.1272 9.1375
      vertex 35.6648 37.0134 9.1375
    endloop
  endfacet
  facet normal -0.956881 -0.290482 0
    outer loop
      vertex 34.2073 38.2096 2.00241
      vertex 34.0934 38.5848 9.1375
      vertex 34.0934 38.5848 2.00241
    endloop
  endfacet
  facet normal -0.956881 -0.290482 0
    outer loop
      vertex 34.0934 38.5848 9.1375
      vertex 34.2073 38.2096 2.00241
      vertex 34.2073 38.2096 9.1375
    endloop
  endfacet
  facet normal -0.77307 -0.634321 0
    outer loop
      vertex 34.6408 37.5608 2.00241
      vertex 34.3921 37.8639 9.1375
      vertex 34.3921 37.8639 2.00241
    endloop
  endfacet
  facet normal -0.77307 -0.634321 0
    outer loop
      vertex 34.3921 37.8639 9.1375
      vertex 34.6408 37.5608 2.00241
      vertex 34.6408 37.5608 9.1375
    endloop
  endfacet
  facet normal -0.881901 -0.471435 0
    outer loop
      vertex 34.3921 37.8639 2.00241
      vertex 34.2073 38.2096 9.1375
      vertex 34.2073 38.2096 2.00241
    endloop
  endfacet
  facet normal -0.881901 -0.471435 0
    outer loop
      vertex 34.2073 38.2096 9.1375
      vertex 34.3921 37.8639 2.00241
      vertex 34.3921 37.8639 9.1375
    endloop
  endfacet
  facet normal -0.995198 0.0978832 0.000221642
    outer loop
      vertex 34.055 45.425 2.0546
      vertex 34.0819 45.6976 2.45099
      vertex 34.08 45.6785 2.35486
    endloop
  endfacet
  facet normal -0.995177 0.0980983 3.82852e-05
    outer loop
      vertex 34.055 45.425 2.0546
      vertex 34.08 45.6785 2.35486
      vertex 34.0763 45.641 2.2643
    endloop
  endfacet
  facet normal -0.995257 0.097275 0.000894472
    outer loop
      vertex 34.055 45.425 2.0546
      vertex 34.0763 45.641 2.2643
      vertex 34.0709 45.5865 2.1828
    endloop
  endfacet
  facet normal -0.995064 0.0992214 -0.00158138
    outer loop
      vertex 34.055 45.425 2.0546
      vertex 34.0709 45.5865 2.1828
      vertex 34.0641 45.5172 2.11349
    endloop
  endfacet
  facet normal -0.993794 0.109731 -0.0182323
    outer loop
      vertex 34.055 45.425 2.0546
      vertex 34.0641 45.5172 2.11349
      vertex 34.0561 45.4357 2.05904
    endloop
  endfacet
  facet normal -0.995166 0.0982024 0
    outer loop
      vertex 34.0819 45.6976 2.45099
      vertex 34.055 45.425 2.0546
      vertex 34.055 45.425 9.1375
    endloop
  endfacet
  facet normal -0.995166 0.0982024 0
    outer loop
      vertex 34.0819 45.6976 2.45099
      vertex 34.055 45.425 9.1375
      vertex 34.0819 45.6976 9.1375
    endloop
  endfacet
  facet normal 0.097938 -0.995193 0
    outer loop
      vertex 37.805 36.975 9.1375
      vertex 38.1952 37.0134 2.14147
      vertex 38.1952 37.0134 9.1375
    endloop
  endfacet
  facet normal 0.097938 -0.995193 0
    outer loop
      vertex 37.805 36.975 2.00241
      vertex 38.1952 37.0134 2.14147
      vertex 37.805 36.975 9.1375
    endloop
  endfacet
  facet normal 0.0978806 -0.995198 0.000162591
    outer loop
      vertex 37.9951 36.9937 2.02153
      vertex 38.1952 37.0134 2.14147
      vertex 37.805 36.975 2.00241
    endloop
  endfacet
  facet normal 0.101129 -0.99486 -0.00519959
    outer loop
      vertex 38.1952 37.0134 2.14147
      vertex 38.0857 37.0027 2.05904
      vertex 38.1672 37.0107 2.11349
    endloop
  endfacet
  facet normal 0.100801 -0.994895 -0.00476013
    outer loop
      vertex 38.1952 37.0134 2.14147
      vertex 37.9951 36.9937 2.02153
      vertex 38.0857 37.0027 2.05904
    endloop
  endfacet
  facet normal 0.0984539 -0.995126 -0.00560882
    outer loop
      vertex 37.9951 36.9937 2.02153
      vertex 37.805 36.975 2.00241
      vertex 37.899 36.9843 2.00241
    endloop
  endfacet
  facet normal 0.290687 -0.956818 0
    outer loop
      vertex 38.1952 37.0134 9.1375
      vertex 38.3476 37.0597 2.45099
      vertex 38.3476 37.0597 9.1375
    endloop
  endfacet
  facet normal 0.290687 -0.956818 0
    outer loop
      vertex 38.1952 37.0134 2.14147
      vertex 38.3476 37.0597 2.45099
      vertex 38.1952 37.0134 9.1375
    endloop
  endfacet
  facet normal 0.29077 -0.956793 -4.48922e-05
    outer loop
      vertex 38.3476 37.0597 2.45099
      vertex 38.1952 37.0134 2.14147
      vertex 38.3285 37.0539 2.35486
    endloop
  endfacet
  facet normal 0.290405 -0.956904 0.000204571
    outer loop
      vertex 38.3285 37.0539 2.35486
      vertex 38.1952 37.0134 2.14147
      vertex 38.291 37.0425 2.2643
    endloop
  endfacet
  facet normal 0.295924 -0.955201 -0.00450378
    outer loop
      vertex 38.291 37.0425 2.2643
      vertex 38.1952 37.0134 2.14147
      vertex 38.2365 37.026 2.1828
    endloop
  endfacet
  facet normal -1 0 0
    outer loop
      vertex 34.055 45.249 2.00241
      vertex 34.055 45.425 2.0546
      vertex 34.055 45.3451 2.02153
    endloop
  endfacet
  facet normal -1 -0 0
    outer loop
      vertex 34.055 45.425 2.0546
      vertex 34.055 45.249 2.00241
      vertex 34.055 45.425 9.1375
    endloop
  endfacet
  facet normal -1 0 0
    outer loop
      vertex 34.055 38.975 9.1375
      vertex 34.055 45.249 2.00241
      vertex 34.055 38.975 2.00241
    endloop
  endfacet
  facet normal -1 0 0
    outer loop
      vertex 34.055 45.249 2.00241
      vertex 34.055 38.975 9.1375
      vertex 34.055 45.425 9.1375
    endloop
  endfacet
  facet normal -0.290248 -0.956951 0
    outer loop
      vertex 35.2896 37.1272 2.00241
      vertex 35.6648 37.0134 9.1375
      vertex 35.2896 37.1272 9.1375
    endloop
  endfacet
  facet normal -0.290248 -0.956951 -0
    outer loop
      vertex 35.6648 37.0134 9.1375
      vertex 35.2896 37.1272 2.00241
      vertex 35.6648 37.0134 2.00241
    endloop
  endfacet
  facet normal 0 -1 0
    outer loop
      vertex 36.055 36.975 2.00241
      vertex 37.805 36.975 9.1375
      vertex 36.055 36.975 9.1375
    endloop
  endfacet
  facet normal 0 -1 -0
    outer loop
      vertex 37.805 36.975 9.1375
      vertex 36.055 36.975 2.00241
      vertex 37.805 36.975 2.00241
    endloop
  endfacet
  facet normal -0.995193 -0.097938 0
    outer loop
      vertex 34.0934 38.5848 2.00241
      vertex 34.055 38.975 9.1375
      vertex 34.055 38.975 2.00241
    endloop
  endfacet
  facet normal -0.995193 -0.097938 0
    outer loop
      vertex 34.055 38.975 9.1375
      vertex 34.0934 38.5848 2.00241
      vertex 34.0934 38.5848 9.1375
    endloop
  endfacet
  facet normal -0.097938 -0.995193 0
    outer loop
      vertex 35.6648 37.0134 2.00241
      vertex 36.055 36.975 9.1375
      vertex 35.6648 37.0134 9.1375
    endloop
  endfacet
  facet normal -0.097938 -0.995193 -0
    outer loop
      vertex 36.055 36.975 9.1375
      vertex 35.6648 37.0134 2.00241
      vertex 36.055 36.975 2.00241
    endloop
  endfacet
  facet normal -0.634321 -0.77307 0
    outer loop
      vertex 34.6408 37.5608 2.00241
      vertex 34.9439 37.3121 9.1375
      vertex 34.6408 37.5608 9.1375
    endloop
  endfacet
  facet normal -0.634321 -0.77307 -0
    outer loop
      vertex 34.9439 37.3121 9.1375
      vertex 34.6408 37.5608 2.00241
      vertex 34.9439 37.3121 2.00241
    endloop
  endfacet
  facet normal -0.471634 -0.881795 0
    outer loop
      vertex 34.9439 37.3121 2.00241
      vertex 35.2896 37.1272 9.1375
      vertex 34.9439 37.3121 9.1375
    endloop
  endfacet
  facet normal -0.471634 -0.881795 -0
    outer loop
      vertex 35.2896 37.1272 9.1375
      vertex 34.9439 37.3121 2.00241
      vertex 35.2896 37.1272 2.00241
    endloop
  endfacet
  facet normal 0.956951 -0.290248 0
    outer loop
      vertex 35.6742 45.0201 9.1375
      vertex 35.7311 45.2077 2.00241
      vertex 35.7311 45.2077 9.1375
    endloop
  endfacet
  facet normal 0.956951 -0.290248 0
    outer loop
      vertex 35.7311 45.2077 2.00241
      vertex 35.6742 45.0201 9.1375
      vertex 35.6742 45.0201 2.00241
    endloop
  endfacet
  facet normal -0.471329 0.881957 0
    outer loop
      vertex 37.7606 38.7435 2.00241
      vertex 37.5877 38.6511 9.1375
      vertex 37.7606 38.7435 9.1375
    endloop
  endfacet
  facet normal -0.471329 0.881957 0
    outer loop
      vertex 37.5877 38.6511 9.1375
      vertex 37.7606 38.7435 2.00241
      vertex 37.5877 38.6511 2.00241
    endloop
  endfacet
  facet normal -0.958859 -0.280176 0.045731
    outer loop
      vertex 38.1858 45.0201 2.13208
      vertex 38.1289 45.2077 2.08839
      vertex 38.1312 45.2 2.08944
    endloop
  endfacet
  facet normal -0.957277 -0.289109 0.00601903
    outer loop
      vertex 38.1858 45.0201 2.13208
      vertex 38.1312 45.2 2.08944
      vertex 38.1672 45.0813 2.11349
    endloop
  endfacet
  facet normal -0.956951 -0.290248 0
    outer loop
      vertex 38.1289 45.2077 2.08839
      vertex 38.1858 45.0201 2.13208
      vertex 38.1289 45.2077 9.1375
    endloop
  endfacet
  facet normal -0.956951 -0.290248 0
    outer loop
      vertex 38.1289 45.2077 9.1375
      vertex 38.1858 45.0201 2.13208
      vertex 38.1858 45.0201 9.1375
    endloop
  endfacet
  facet normal 0.881957 0.471329 0
    outer loop
      vertex 35.8235 39.0194 9.1375
      vertex 35.7311 39.1923 2.00241
      vertex 35.7311 39.1923 9.1375
    endloop
  endfacet
  facet normal 0.881957 0.471329 0
    outer loop
      vertex 35.7311 39.1923 2.00241
      vertex 35.8235 39.0194 9.1375
      vertex 35.8235 39.0194 2.00241
    endloop
  endfacet
  facet normal 0.881957 -0.471329 0
    outer loop
      vertex 35.7311 45.2077 9.1375
      vertex 35.8235 45.3806 2.0362
      vertex 35.8235 45.3806 9.1375
    endloop
  endfacet
  facet normal 0.881957 -0.471329 0
    outer loop
      vertex 35.7311 45.2077 2.00241
      vertex 35.8235 45.3806 2.0362
      vertex 35.7311 45.2077 9.1375
    endloop
  endfacet
  facet normal 0.881263 -0.472555 0.00816731
    outer loop
      vertex 35.8235 45.3806 2.0362
      vertex 35.7311 45.2077 2.00241
      vertex 35.8046 45.3451 2.02153
    endloop
  endfacet
  facet normal 0.881701 -0.471806 0.0011054
    outer loop
      vertex 35.8046 45.3451 2.02153
      vertex 35.7311 45.2077 2.00241
      vertex 35.7532 45.249 2.00241
    endloop
  endfacet
  facet normal 0.772842 0.634598 0
    outer loop
      vertex 35.9479 38.8679 9.1375
      vertex 35.8235 39.0194 2.00241
      vertex 35.8235 39.0194 9.1375
    endloop
  endfacet
  facet normal 0.772842 0.634598 0
    outer loop
      vertex 35.8235 39.0194 2.00241
      vertex 35.9479 38.8679 9.1375
      vertex 35.9479 38.8679 2.00241
    endloop
  endfacet
  facet normal -0.290248 0.956951 0
    outer loop
      vertex 37.5877 38.6511 2.00241
      vertex 37.4001 38.5942 9.1375
      vertex 37.5877 38.6511 9.1375
    endloop
  endfacet
  facet normal -0.290248 0.956951 0
    outer loop
      vertex 37.4001 38.5942 9.1375
      vertex 37.5877 38.6511 2.00241
      vertex 37.4001 38.5942 2.00241
    endloop
  endfacet
  facet normal 0.634598 0.772842 -0
    outer loop
      vertex 36.0994 38.7435 2.00241
      vertex 35.9479 38.8679 9.1375
      vertex 36.0994 38.7435 9.1375
    endloop
  endfacet
  facet normal 0.634598 0.772842 0
    outer loop
      vertex 35.9479 38.8679 9.1375
      vertex 36.0994 38.7435 2.00241
      vertex 35.9479 38.8679 2.00241
    endloop
  endfacet
  facet normal -0.774161 0.632861 0.0127053
    outer loop
      vertex 37.9121 38.8679 2.00501
      vertex 38.0365 39.0194 2.03864
      vertex 37.9951 38.9691 2.02153
    endloop
  endfacet
  facet normal -0.772842 0.634598 0
    outer loop
      vertex 38.0365 39.0194 2.03864
      vertex 37.9121 38.8679 2.00501
      vertex 37.9121 38.8679 9.1375
    endloop
  endfacet
  facet normal -0.772842 0.634598 0
    outer loop
      vertex 38.0365 39.0194 2.03864
      vertex 37.9121 38.8679 9.1375
      vertex 38.0365 39.0194 9.1375
    endloop
  endfacet
  facet normal -0.097938 0.995193 0
    outer loop
      vertex 37.4001 38.5942 2.00241
      vertex 37.205 38.575 9.1375
      vertex 37.4001 38.5942 9.1375
    endloop
  endfacet
  facet normal -0.097938 0.995193 0
    outer loop
      vertex 37.205 38.575 9.1375
      vertex 37.4001 38.5942 2.00241
      vertex 37.205 38.575 2.00241
    endloop
  endfacet
  facet normal 0.471329 0.881957 -0
    outer loop
      vertex 36.2723 38.6511 2.00241
      vertex 36.0994 38.7435 9.1375
      vertex 36.2723 38.6511 9.1375
    endloop
  endfacet
  facet normal 0.471329 0.881957 0
    outer loop
      vertex 36.0994 38.7435 9.1375
      vertex 36.2723 38.6511 2.00241
      vertex 36.0994 38.7435 2.00241
    endloop
  endfacet
  facet normal 0.470886 -0.882194 0
    outer loop
      vertex 36.0994 45.6565 9.1375
      vertex 36.1764 45.6976 2.45099
      vertex 36.1764 45.6976 9.1375
    endloop
  endfacet
  facet normal 0.470886 -0.882194 0
    outer loop
      vertex 36.0994 45.6565 2.30174
      vertex 36.1764 45.6976 2.45099
      vertex 36.0994 45.6565 9.1375
    endloop
  endfacet
  facet normal 0.471325 -0.88196 -0.000291294
    outer loop
      vertex 36.1764 45.6976 2.45099
      vertex 36.0994 45.6565 2.30174
      vertex 36.1406 45.6785 2.35486
    endloop
  endfacet
  facet normal -0.634598 0.772842 0
    outer loop
      vertex 37.9121 38.8679 2.00501
      vertex 37.7606 38.7435 9.1375
      vertex 37.9121 38.8679 9.1375
    endloop
  endfacet
  facet normal -0.634679 0.772556 0.0184422
    outer loop
      vertex 37.7606 38.7435 2.00241
      vertex 37.9121 38.8679 2.00501
      vertex 37.899 38.8572 2.00241
    endloop
  endfacet
  facet normal -0.634598 0.772842 0
    outer loop
      vertex 37.9121 38.8679 2.00501
      vertex 37.7606 38.7435 2.00241
      vertex 37.7606 38.7435 9.1375
    endloop
  endfacet
  facet normal 0 1 -0
    outer loop
      vertex 37.205 38.575 2.00241
      vertex 36.655 38.575 9.1375
      vertex 37.205 38.575 9.1375
    endloop
  endfacet
  facet normal 0 1 0
    outer loop
      vertex 36.655 38.575 9.1375
      vertex 37.205 38.575 2.00241
      vertex 36.655 38.575 2.00241
    endloop
  endfacet
  facet normal 1 -0 0
    outer loop
      vertex 35.655 39.575 9.1375
      vertex 35.655 44.825 2.00241
      vertex 35.655 44.825 9.1375
    endloop
  endfacet
  facet normal 1 0 0
    outer loop
      vertex 35.655 44.825 2.00241
      vertex 35.655 39.575 9.1375
      vertex 35.655 39.575 2.00241
    endloop
  endfacet
  facet normal 0.995193 0.097938 0
    outer loop
      vertex 35.6742 39.3799 9.1375
      vertex 35.655 39.575 2.00241
      vertex 35.655 39.575 9.1375
    endloop
  endfacet
  facet normal 0.995193 0.097938 0
    outer loop
      vertex 35.655 39.575 2.00241
      vertex 35.6742 39.3799 9.1375
      vertex 35.6742 39.3799 2.00241
    endloop
  endfacet
  facet normal -0.957481 0.288367 0.00866383
    outer loop
      vertex 38.1289 39.1923 2.08788
      vertex 38.1858 39.3799 2.13208
      vertex 38.1672 39.3187 2.11349
    endloop
  endfacet
  facet normal -0.956951 0.290248 0
    outer loop
      vertex 38.1858 39.3799 2.13208
      vertex 38.1289 39.1923 2.08788
      vertex 38.1289 39.1923 9.1375
    endloop
  endfacet
  facet normal -0.956951 0.290248 0
    outer loop
      vertex 38.1858 39.3799 2.13208
      vertex 38.1289 39.1923 9.1375
      vertex 38.1858 39.3799 9.1375
    endloop
  endfacet
  facet normal 0.290248 0.956951 -0
    outer loop
      vertex 36.4599 38.5942 2.00241
      vertex 36.2723 38.6511 9.1375
      vertex 36.4599 38.5942 9.1375
    endloop
  endfacet
  facet normal 0.290248 0.956951 0
    outer loop
      vertex 36.2723 38.6511 9.1375
      vertex 36.4599 38.5942 2.00241
      vertex 36.2723 38.6511 2.00241
    endloop
  endfacet
  facet normal 0.995193 -0.097938 0
    outer loop
      vertex 35.655 44.825 9.1375
      vertex 35.6742 45.0201 2.00241
      vertex 35.6742 45.0201 9.1375
    endloop
  endfacet
  facet normal 0.995193 -0.097938 0
    outer loop
      vertex 35.6742 45.0201 2.00241
      vertex 35.655 44.825 9.1375
      vertex 35.655 44.825 2.00241
    endloop
  endfacet
  facet normal -0.883201 0.468865 0.010988
    outer loop
      vertex 38.0365 39.0194 2.03864
      vertex 38.1289 39.1923 2.08788
      vertex 38.0857 39.1116 2.05904
    endloop
  endfacet
  facet normal -0.881957 0.471329 0
    outer loop
      vertex 38.1289 39.1923 2.08788
      vertex 38.0365 39.0194 2.03864
      vertex 38.0365 39.0194 9.1375
    endloop
  endfacet
  facet normal -0.881957 0.471329 0
    outer loop
      vertex 38.1289 39.1923 2.08788
      vertex 38.0365 39.0194 9.1375
      vertex 38.1289 39.1923 9.1375
    endloop
  endfacet
  facet normal -0.470886 -0.882194 0
    outer loop
      vertex 37.6836 45.6976 2.45099
      vertex 37.7606 45.6565 9.1375
      vertex 37.6836 45.6976 9.1375
    endloop
  endfacet
  facet normal -0.471325 -0.88196 -0.000291294
    outer loop
      vertex 37.7606 45.6565 2.30174
      vertex 37.6836 45.6976 2.45099
      vertex 37.7194 45.6785 2.35486
    endloop
  endfacet
  facet normal -0.470886 -0.882194 0
    outer loop
      vertex 37.6836 45.6976 2.45099
      vertex 37.7606 45.6565 2.30174
      vertex 37.7606 45.6565 9.1375
    endloop
  endfacet
  facet normal 0.772842 -0.634598 0
    outer loop
      vertex 35.8235 45.3806 9.1375
      vertex 35.9479 45.5321 2.12839
      vertex 35.9479 45.5321 9.1375
    endloop
  endfacet
  facet normal 0.772842 -0.634598 0
    outer loop
      vertex 35.8235 45.3806 2.0362
      vertex 35.9479 45.5321 2.12839
      vertex 35.8235 45.3806 9.1375
    endloop
  endfacet
  facet normal 0.771624 -0.636065 0.00405489
    outer loop
      vertex 35.8688 45.4357 2.05904
      vertex 35.9479 45.5321 2.12839
      vertex 35.8235 45.3806 2.0362
    endloop
  endfacet
  facet normal 0.771357 -0.636385 0.0048037
    outer loop
      vertex 35.9479 45.5321 2.12839
      vertex 35.8688 45.4357 2.05904
      vertex 35.9357 45.5172 2.11349
    endloop
  endfacet
  facet normal -0.995193 0.097938 0
    outer loop
      vertex 38.1858 39.3799 9.1375
      vertex 38.205 39.575 2.15129
      vertex 38.1858 39.3799 2.13208
    endloop
  endfacet
  facet normal -0.995193 0.097938 0
    outer loop
      vertex 38.205 39.575 2.15129
      vertex 38.1858 39.3799 9.1375
      vertex 38.205 39.575 9.1375
    endloop
  endfacet
  facet normal -0.771138 -0.636654 0.00428839
    outer loop
      vertex 37.9351 45.5041 2.11349
      vertex 37.9121 45.5321 2.13451
      vertex 37.9153 45.5282 2.13094
    endloop
  endfacet
  facet normal -0.77556 -0.631226 -0.00778169
    outer loop
      vertex 37.9622 45.471 2.09754
      vertex 37.9121 45.5321 2.13451
      vertex 37.9351 45.5041 2.11349
    endloop
  endfacet
  facet normal -0.771854 -0.635782 0.00477075
    outer loop
      vertex 37.9121 45.5321 2.13451
      vertex 37.9622 45.471 2.09754
      vertex 37.9751 45.4553 2.09233
    endloop
  endfacet
  facet normal -0.771812 -0.635832 0.00492615
    outer loop
      vertex 38.0153 45.4064 2.07906
      vertex 37.9121 45.5321 2.13451
      vertex 37.9751 45.4553 2.09233
    endloop
  endfacet
  facet normal -0.773873 -0.633248 -0.0108406
    outer loop
      vertex 38.0153 45.4064 2.07906
      vertex 37.9751 45.4553 2.09233
      vertex 38.0002 45.4248 2.08217
    endloop
  endfacet
  facet normal -0.772485 -0.63503 0.00185557
    outer loop
      vertex 37.9121 45.5321 2.13451
      vertex 38.0153 45.4064 2.07906
      vertex 38.0365 45.3806 2.07523
    endloop
  endfacet
  facet normal -0.759416 -0.640757 0.112772
    outer loop
      vertex 38.0365 45.3806 2.07523
      vertex 38.0153 45.4064 2.07906
      vertex 38.0338 45.3838 2.07523
    endloop
  endfacet
  facet normal -0.772842 -0.634598 0
    outer loop
      vertex 37.9121 45.5321 2.13451
      vertex 38.0365 45.3806 2.07523
      vertex 38.0365 45.3806 9.1375
    endloop
  endfacet
  facet normal -0.772842 -0.634598 0
    outer loop
      vertex 37.9121 45.5321 2.13451
      vertex 38.0365 45.3806 9.1375
      vertex 37.9121 45.5321 9.1375
    endloop
  endfacet
  facet normal 0.634598 -0.772842 0
    outer loop
      vertex 35.9479 45.5321 9.1375
      vertex 36.0994 45.6565 2.30174
      vertex 36.0994 45.6565 9.1375
    endloop
  endfacet
  facet normal 0.634598 -0.772842 0
    outer loop
      vertex 35.9479 45.5321 2.12839
      vertex 36.0994 45.6565 2.30174
      vertex 35.9479 45.5321 9.1375
    endloop
  endfacet
  facet normal 0.633601 -0.773659 0.00145686
    outer loop
      vertex 36.0142 45.5865 2.1828
      vertex 36.0994 45.6565 2.30174
      vertex 35.9479 45.5321 2.12839
    endloop
  endfacet
  facet normal 0.636452 -0.771314 -0.00196529
    outer loop
      vertex 36.0994 45.6565 2.30174
      vertex 36.0142 45.5865 2.1828
      vertex 36.0805 45.641 2.2643
    endloop
  endfacet
  facet normal -1 0 0
    outer loop
      vertex 38.205 39.575 2.15129
      vertex 38.205 44.825 9.1375
      vertex 38.205 44.825 2.15129
    endloop
  endfacet
  facet normal -1 -0 0
    outer loop
      vertex 38.205 44.825 9.1375
      vertex 38.205 39.575 2.15129
      vertex 38.205 39.575 9.1375
    endloop
  endfacet
  facet normal 0.956951 0.290248 0
    outer loop
      vertex 35.7311 39.1923 9.1375
      vertex 35.6742 39.3799 2.00241
      vertex 35.6742 39.3799 9.1375
    endloop
  endfacet
  facet normal 0.956951 0.290248 0
    outer loop
      vertex 35.6742 39.3799 2.00241
      vertex 35.7311 39.1923 9.1375
      vertex 35.7311 39.1923 2.00241
    endloop
  endfacet
  facet normal 0.097938 0.995193 -0
    outer loop
      vertex 36.655 38.575 2.00241
      vertex 36.4599 38.5942 9.1375
      vertex 36.655 38.575 9.1375
    endloop
  endfacet
  facet normal 0.097938 0.995193 0
    outer loop
      vertex 36.4599 38.5942 9.1375
      vertex 36.655 38.575 2.00241
      vertex 36.4599 38.5942 2.00241
    endloop
  endfacet
  facet normal -0.995193 -0.097938 0
    outer loop
      vertex 38.205 44.825 2.15129
      vertex 38.1858 45.0201 9.1375
      vertex 38.1858 45.0201 2.13208
    endloop
  endfacet
  facet normal -0.995193 -0.097938 0
    outer loop
      vertex 38.1858 45.0201 9.1375
      vertex 38.205 44.825 2.15129
      vertex 38.205 44.825 9.1375
    endloop
  endfacet
  facet normal -0.634598 -0.772842 0
    outer loop
      vertex 37.7606 45.6565 2.30174
      vertex 37.9121 45.5321 9.1375
      vertex 37.7606 45.6565 9.1375
    endloop
  endfacet
  facet normal -0.635832 -0.771826 -0.00144054
    outer loop
      vertex 37.8901 45.5501 2.15038
      vertex 37.7606 45.6565 2.30174
      vertex 37.7795 45.641 2.2643
    endloop
  endfacet
  facet normal -0.617088 -0.786529 0.0239619
    outer loop
      vertex 37.85 45.5831 2.17936
      vertex 37.7795 45.641 2.2643
      vertex 37.8458 45.5865 2.1828
    endloop
  endfacet
  facet normal -0.636583 -0.771204 -0.00266497
    outer loop
      vertex 37.7795 45.641 2.2643
      vertex 37.85 45.5831 2.17936
      vertex 37.8901 45.5501 2.15038
    endloop
  endfacet
  facet normal -0.630645 -0.776048 0.00596607
    outer loop
      vertex 37.7606 45.6565 2.30174
      vertex 37.8901 45.5501 2.15038
      vertex 37.9121 45.5321 2.13451
    endloop
  endfacet
  facet normal -0.634598 -0.772842 0
    outer loop
      vertex 37.7606 45.6565 2.30174
      vertex 37.9121 45.5321 2.13451
      vertex 37.9121 45.5321 9.1375
    endloop
  endfacet
  facet normal -0.882145 -0.470656 0.0174281
    outer loop
      vertex 38.1186 45.227 2.08277
      vertex 38.0365 45.3806 2.07523
      vertex 38.0521 45.3512 2.07088
    endloop
  endfacet
  facet normal -0.881714 -0.471412 -0.018742
    outer loop
      vertex 38.0639 45.3292 2.06911
      vertex 38.0521 45.3512 2.07088
      vertex 38.0585 45.3393 2.06911
    endloop
  endfacet
  facet normal -0.881389 -0.472368 -0.00468693
    outer loop
      vertex 38.1186 45.227 2.08277
      vertex 38.0521 45.3512 2.07088
      vertex 38.0639 45.3292 2.06911
    endloop
  endfacet
  facet normal -0.881198 -0.472449 -0.016795
    outer loop
      vertex 38.0881 45.284 2.07088
      vertex 38.0639 45.3292 2.06911
      vertex 38.0817 45.296 2.06911
    endloop
  endfacet
  facet normal -0.881568 -0.472053 -0.00161556
    outer loop
      vertex 38.1186 45.227 2.08277
      vertex 38.0639 45.3292 2.06911
      vertex 38.0881 45.284 2.07088
    endloop
  endfacet
  facet normal -0.882138 -0.470964 0.00506891
    outer loop
      vertex 38.1186 45.227 2.08277
      vertex 38.0881 45.284 2.07088
      vertex 38.1058 45.2509 2.0758
    endloop
  endfacet
  facet normal -0.881858 -0.471505 -0.00301034
    outer loop
      vertex 38.0365 45.3806 2.07523
      vertex 38.1186 45.227 2.08277
      vertex 38.1289 45.2077 2.08839
    endloop
  endfacet
  facet normal -0.881957 -0.471329 0
    outer loop
      vertex 38.0365 45.3806 2.07523
      vertex 38.1289 45.2077 2.08839
      vertex 38.0365 45.3806 9.1375
    endloop
  endfacet
  facet normal -0.881957 -0.471329 0
    outer loop
      vertex 38.0365 45.3806 9.1375
      vertex 38.1289 45.2077 2.08839
      vertex 38.1289 45.2077 9.1375
    endloop
  endfacet
  facet normal 0 0 1
    outer loop
      vertex -35.7311 6.23268 9.1375
      vertex -34.055 6.44999 9.1375
      vertex -34.0934 6.84017 9.1375
    endloop
  endfacet
  facet normal 0 0 1
    outer loop
      vertex -34.055 6.44999 9.1375
      vertex -35.655 5.85 9.1375
      vertex -34.055 9.15527e-06 9.1375
    endloop
  endfacet
  facet normal -0 0 1
    outer loop
      vertex -35.655 0.6 9.1375
      vertex -34.055 9.15527e-06 9.1375
      vertex -35.655 5.85 9.1375
    endloop
  endfacet
  facet normal 0 0 1
    outer loop
      vertex -35.8235 6.40556 9.1375
      vertex -34.0934 6.84017 9.1375
      vertex -34.2073 7.21536 9.1375
    endloop
  endfacet
  facet normal -0 0 1
    outer loop
      vertex -34.0964 -0.400001 9.1375
      vertex -18.5 -4.2 9.1375
      vertex -18.5 -0.400001 9.1375
    endloop
  endfacet
  facet normal 0 0 1
    outer loop
      vertex -35.8235 6.40556 9.1375
      vertex -34.2073 7.21536 9.1375
      vertex -34.3921 7.56114 9.1375
    endloop
  endfacet
  facet normal 0 0 1
    outer loop
      vertex -35.9479 6.55709 9.1375
      vertex -34.3921 7.56114 9.1375
      vertex -34.6408 7.86421 9.1375
    endloop
  endfacet
  facet normal 0 0 1
    outer loop
      vertex -35.9479 6.55709 9.1375
      vertex -34.6408 7.86421 9.1375
      vertex -34.9439 8.11292 9.1375
    endloop
  endfacet
  facet normal 0 0 1
    outer loop
      vertex -36.0994 6.68147 9.1375
      vertex -34.9439 8.11292 9.1375
      vertex -35.2896 8.29775 9.1375
    endloop
  endfacet
  facet normal -0 0 1
    outer loop
      vertex -35.6742 0.404916 9.1375
      vertex -34.055 9.15527e-06 9.1375
      vertex -35.655 0.6 9.1375
    endloop
  endfacet
  facet normal -0 0 1
    outer loop
      vertex -35.7311 0.217325 9.1375
      vertex -34.055 9.15527e-06 9.1375
      vertex -35.6742 0.404916 9.1375
    endloop
  endfacet
  facet normal 0 0 1
    outer loop
      vertex -34.055 9.15527e-06 9.1375
      vertex -35.7311 0.217325 9.1375
      vertex -34.0934 -0.390173 9.1375
    endloop
  endfacet
  facet normal 0 0 1
    outer loop
      vertex -34.0934 -0.390173 9.1375
      vertex -35.7311 0.217325 9.1375
      vertex -34.0964 -0.400001 9.1375
    endloop
  endfacet
  facet normal -0 0 1
    outer loop
      vertex -35.8235 0.0444428 9.1375
      vertex -34.0964 -0.400001 9.1375
      vertex -35.7311 0.217325 9.1375
    endloop
  endfacet
  facet normal -0 0 1
    outer loop
      vertex -35.9479 -0.107092 9.1375
      vertex -34.0964 -0.400001 9.1375
      vertex -35.8235 0.0444428 9.1375
    endloop
  endfacet
  facet normal -0 0 1
    outer loop
      vertex -36.0994 -0.231467 9.1375
      vertex -34.0964 -0.400001 9.1375
      vertex -35.9479 -0.107092 9.1375
    endloop
  endfacet
  facet normal -0 0 1
    outer loop
      vertex -36.2723 -0.323874 9.1375
      vertex -34.0964 -0.400001 9.1375
      vertex -36.0994 -0.231467 9.1375
    endloop
  endfacet
  facet normal 0 0 1
    outer loop
      vertex -34.0964 -0.400001 9.1375
      vertex -36.2723 -0.323874 9.1375
      vertex -38.3476 -4.2 9.1375
    endloop
  endfacet
  facet normal 0 0 1
    outer loop
      vertex -38.3476 -4.2 9.1375
      vertex -36.2723 -0.323874 9.1375
      vertex -36.4599 -0.380774 9.1375
    endloop
  endfacet
  facet normal 0 0 1
    outer loop
      vertex -38.3476 -4.2 9.1375
      vertex -36.4599 -0.380774 9.1375
      vertex -36.655 -0.4 9.1375
    endloop
  endfacet
  facet normal 0 0 1
    outer loop
      vertex -38.3476 -4.2 9.1375
      vertex -36.655 -0.4 9.1375
      vertex -37.205 -0.4 9.1375
    endloop
  endfacet
  facet normal 0 0 1
    outer loop
      vertex -38.3476 -4.2 9.1375
      vertex -37.205 -0.4 9.1375
      vertex -37.4001 -0.380774 9.1375
    endloop
  endfacet
  facet normal 0 0 1
    outer loop
      vertex -34.0964 -0.400001 9.1375
      vertex -38.3476 -4.2 9.1375
      vertex -18.5 -4.2 9.1375
    endloop
  endfacet
  facet normal 0 0 1
    outer loop
      vertex -37.5877 -0.323874 9.1375
      vertex -38.3476 -4.2 9.1375
      vertex -37.4001 -0.380774 9.1375
    endloop
  endfacet
  facet normal 0 0 1
    outer loop
      vertex -37.7606 -0.231467 9.1375
      vertex -38.3476 -4.2 9.1375
      vertex -37.5877 -0.323874 9.1375
    endloop
  endfacet
  facet normal 0 0 1
    outer loop
      vertex -37.9121 -0.107092 9.1375
      vertex -38.3476 -4.2 9.1375
      vertex -37.7606 -0.231467 9.1375
    endloop
  endfacet
  facet normal 0 0 1
    outer loop
      vertex -38.0365 0.0444428 9.1375
      vertex -38.3476 -4.2 9.1375
      vertex -37.9121 -0.107092 9.1375
    endloop
  endfacet
  facet normal 0 0 1
    outer loop
      vertex -38.1289 0.217325 9.1375
      vertex -38.3476 -4.2 9.1375
      vertex -38.0365 0.0444428 9.1375
    endloop
  endfacet
  facet normal 0 0 1
    outer loop
      vertex -38.1858 0.404916 9.1375
      vertex -38.3476 -4.2 9.1375
      vertex -38.1289 0.217325 9.1375
    endloop
  endfacet
  facet normal 0 0 1
    outer loop
      vertex -38.205 0.6 9.1375
      vertex -38.3476 -4.2 9.1375
      vertex -38.1858 0.404916 9.1375
    endloop
  endfacet
  facet normal 0 0 1
    outer loop
      vertex -38.3476 -4.2 9.1375
      vertex -38.205 0.6 9.1375
      vertex -38.3476 8.36533 9.1375
    endloop
  endfacet
  facet normal 0 0 1
    outer loop
      vertex -36.0994 6.68147 9.1375
      vertex -35.2896 8.29775 9.1375
      vertex -35.6648 8.41157 9.1375
    endloop
  endfacet
  facet normal 0 0 1
    outer loop
      vertex -34.055 6.44999 9.1375
      vertex -35.6742 6.04508 9.1375
      vertex -35.655 5.85 9.1375
    endloop
  endfacet
  facet normal 0 0 1
    outer loop
      vertex -34.055 6.44999 9.1375
      vertex -35.7311 6.23268 9.1375
      vertex -35.6742 6.04508 9.1375
    endloop
  endfacet
  facet normal 0 0 1
    outer loop
      vertex -34.0934 6.84017 9.1375
      vertex -35.8235 6.40556 9.1375
      vertex -35.7311 6.23268 9.1375
    endloop
  endfacet
  facet normal 0 0 1
    outer loop
      vertex -34.3921 7.56114 9.1375
      vertex -35.9479 6.55709 9.1375
      vertex -35.8235 6.40556 9.1375
    endloop
  endfacet
  facet normal 0 0 1
    outer loop
      vertex -36.2723 6.77387 9.1375
      vertex -35.6648 8.41157 9.1375
      vertex -36.055 8.44999 9.1375
    endloop
  endfacet
  facet normal 0 0 1
    outer loop
      vertex -34.9439 8.11292 9.1375
      vertex -36.0994 6.68147 9.1375
      vertex -35.9479 6.55709 9.1375
    endloop
  endfacet
  facet normal 0 0 1
    outer loop
      vertex -35.6648 8.41157 9.1375
      vertex -36.2723 6.77387 9.1375
      vertex -36.0994 6.68147 9.1375
    endloop
  endfacet
  facet normal 0 0 1
    outer loop
      vertex -36.055 8.44999 9.1375
      vertex -36.4599 6.83077 9.1375
      vertex -36.2723 6.77387 9.1375
    endloop
  endfacet
  facet normal 0 0 1
    outer loop
      vertex -36.055 8.44999 9.1375
      vertex -36.655 6.85 9.1375
      vertex -36.4599 6.83077 9.1375
    endloop
  endfacet
  facet normal 0 0 1
    outer loop
      vertex -36.055 8.44999 9.1375
      vertex -37.205 6.85 9.1375
      vertex -36.655 6.85 9.1375
    endloop
  endfacet
  facet normal -0 0 1
    outer loop
      vertex -37.805 8.44999 9.1375
      vertex -37.205 6.85 9.1375
      vertex -36.055 8.44999 9.1375
    endloop
  endfacet
  facet normal 0 0 1
    outer loop
      vertex -37.205 6.85 9.1375
      vertex -37.805 8.44999 9.1375
      vertex -37.4001 6.83077 9.1375
    endloop
  endfacet
  facet normal 0 0 1
    outer loop
      vertex -37.4001 6.83077 9.1375
      vertex -37.805 8.44999 9.1375
      vertex -37.5877 6.77387 9.1375
    endloop
  endfacet
  facet normal -0 0 1
    outer loop
      vertex -38.1952 8.41157 9.1375
      vertex -37.5877 6.77387 9.1375
      vertex -37.805 8.44999 9.1375
    endloop
  endfacet
  facet normal -0 0 1
    outer loop
      vertex -38.3476 8.36533 9.1375
      vertex -37.5877 6.77387 9.1375
      vertex -38.1952 8.41157 9.1375
    endloop
  endfacet
  facet normal 0 0 1
    outer loop
      vertex -37.5877 6.77387 9.1375
      vertex -38.3476 8.36533 9.1375
      vertex -37.7606 6.68147 9.1375
    endloop
  endfacet
  facet normal 0 0 1
    outer loop
      vertex -37.7606 6.68147 9.1375
      vertex -38.3476 8.36533 9.1375
      vertex -37.9121 6.55709 9.1375
    endloop
  endfacet
  facet normal 0 0 1
    outer loop
      vertex -37.9121 6.55709 9.1375
      vertex -38.3476 8.36533 9.1375
      vertex -38.0365 6.40556 9.1375
    endloop
  endfacet
  facet normal 0 0 1
    outer loop
      vertex -38.0365 6.40556 9.1375
      vertex -38.3476 8.36533 9.1375
      vertex -38.1289 6.23268 9.1375
    endloop
  endfacet
  facet normal 0 0 1
    outer loop
      vertex -38.1289 6.23268 9.1375
      vertex -38.3476 8.36533 9.1375
      vertex -38.1858 6.04508 9.1375
    endloop
  endfacet
  facet normal 0 0 1
    outer loop
      vertex -38.205 5.85 9.1375
      vertex -38.3476 8.36533 9.1375
      vertex -38.205 0.6 9.1375
    endloop
  endfacet
  facet normal 0 0 1
    outer loop
      vertex -38.1858 6.04508 9.1375
      vertex -38.3476 8.36533 9.1375
      vertex -38.205 5.85 9.1375
    endloop
  endfacet
  facet normal -0.0979885 0.995188 0
    outer loop
      vertex -37.805 8.44999 9.1375
      vertex -38.1952 8.41157 2.14147
      vertex -38.1952 8.41157 9.1375
    endloop
  endfacet
  facet normal -0.0979885 0.995188 0
    outer loop
      vertex -37.805 8.44999 2.00241
      vertex -38.1952 8.41157 2.14147
      vertex -37.805 8.44999 9.1375
    endloop
  endfacet
  facet normal -0.0980052 0.995186 -4.73082e-05
    outer loop
      vertex -37.9951 8.43127 2.02153
      vertex -38.1952 8.41157 2.14147
      vertex -37.805 8.44999 2.00241
    endloop
  endfacet
  facet normal -0.0986757 0.995119 -0.000941438
    outer loop
      vertex -38.1952 8.41157 2.14147
      vertex -38.0857 8.42235 2.05904
      vertex -38.1672 8.41432 2.11349
    endloop
  endfacet
  facet normal -0.0979898 0.995187 -2.13203e-05
    outer loop
      vertex -38.1952 8.41157 2.14147
      vertex -37.9951 8.43127 2.02153
      vertex -38.0857 8.42235 2.05904
    endloop
  endfacet
  facet normal -0.0980361 0.995183 -0.000357701
    outer loop
      vertex -37.9951 8.43127 2.02153
      vertex -37.805 8.44999 2.00241
      vertex -37.899 8.44073 2.00241
    endloop
  endfacet
  facet normal 0.773039 0.634358 0
    outer loop
      vertex -34.3921 7.56114 9.1375
      vertex -34.6408 7.86421 2.00241
      vertex -34.6408 7.86421 9.1375
    endloop
  endfacet
  facet normal 0.773039 0.634358 0
    outer loop
      vertex -34.6408 7.86421 2.00241
      vertex -34.3921 7.56114 9.1375
      vertex -34.3921 7.56114 2.00241
    endloop
  endfacet
  facet normal 0.471495 0.881869 -0
    outer loop
      vertex -34.9439 8.11292 2.00241
      vertex -35.2896 8.29775 9.1375
      vertex -34.9439 8.11292 9.1375
    endloop
  endfacet
  facet normal 0.471495 0.881869 0
    outer loop
      vertex -35.2896 8.29775 9.1375
      vertex -34.9439 8.11292 2.00241
      vertex -35.2896 8.29775 2.00241
    endloop
  endfacet
  facet normal 0.290295 0.956937 -0
    outer loop
      vertex -35.2896 8.29775 2.00241
      vertex -35.6648 8.41157 9.1375
      vertex -35.2896 8.29775 9.1375
    endloop
  endfacet
  facet normal 0.290295 0.956937 0
    outer loop
      vertex -35.6648 8.41157 9.1375
      vertex -35.2896 8.29775 2.00241
      vertex -35.6648 8.41157 2.00241
    endloop
  endfacet
  facet normal 0.956878 0.290489 0
    outer loop
      vertex -34.0934 6.84017 9.1375
      vertex -34.2073 7.21536 2.00241
      vertex -34.2073 7.21536 9.1375
    endloop
  endfacet
  facet normal 0.956878 0.290489 0
    outer loop
      vertex -34.2073 7.21536 2.00241
      vertex -34.0934 6.84017 9.1375
      vertex -34.0934 6.84017 2.00241
    endloop
  endfacet
  facet normal 1 -0 0
    outer loop
      vertex -34.055 9.15527e-06 9.1375
      vertex -34.055 6.44999 2.00241
      vertex -34.055 6.44999 9.1375
    endloop
  endfacet
  facet normal 1 0 0
    outer loop
      vertex -34.055 6.44999 2.00241
      vertex -34.055 9.15527e-06 9.1375
      vertex -34.055 9.15527e-06 2.00241
    endloop
  endfacet
  facet normal 0.995192 -0.0979424 0
    outer loop
      vertex -34.0934 -0.390173 9.1375
      vertex -34.055 9.15527e-06 2.00241
      vertex -34.055 9.15527e-06 9.1375
    endloop
  endfacet
  facet normal 0.995192 -0.0979424 0
    outer loop
      vertex -34.055 9.15527e-06 2.00241
      vertex -34.0934 -0.390173 9.1375
      vertex -34.0934 -0.390173 2.00241
    endloop
  endfacet
  facet normal 0 1 -0
    outer loop
      vertex -36.055 8.44999 2.00241
      vertex -37.805 8.44999 9.1375
      vertex -36.055 8.44999 9.1375
    endloop
  endfacet
  facet normal 0 1 0
    outer loop
      vertex -37.805 8.44999 9.1375
      vertex -36.055 8.44999 2.00241
      vertex -37.805 8.44999 2.00241
    endloop
  endfacet
  facet normal 0.634336 0.773058 -0
    outer loop
      vertex -34.6408 7.86421 2.00241
      vertex -34.9439 8.11292 9.1375
      vertex -34.6408 7.86421 9.1375
    endloop
  endfacet
  facet normal 0.634336 0.773058 0
    outer loop
      vertex -34.9439 8.11292 9.1375
      vertex -34.6408 7.86421 2.00241
      vertex -34.9439 8.11292 2.00241
    endloop
  endfacet
  facet normal -0.290342 0.956923 0
    outer loop
      vertex -38.1952 8.41157 9.1375
      vertex -38.3476 8.36533 2.45099
      vertex -38.3476 8.36533 9.1375
    endloop
  endfacet
  facet normal -0.290342 0.956923 0
    outer loop
      vertex -38.1952 8.41157 2.14147
      vertex -38.3476 8.36533 2.45099
      vertex -38.1952 8.41157 9.1375
    endloop
  endfacet
  facet normal -0.290192 0.956968 8.06018e-05
    outer loop
      vertex -38.3476 8.36533 2.45099
      vertex -38.1952 8.41157 2.14147
      vertex -38.3285 8.37113 2.35486
    endloop
  endfacet
  facet normal -0.290154 0.95698 0.000106762
    outer loop
      vertex -38.3285 8.37113 2.35486
      vertex -38.1952 8.41157 2.14147
      vertex -38.291 8.38251 2.2643
    endloop
  endfacet
  facet normal -0.291443 0.956588 -0.000991412
    outer loop
      vertex -38.291 8.38251 2.2643
      vertex -38.1952 8.41157 2.14147
      vertex -38.2365 8.39903 2.1828
    endloop
  endfacet
  facet normal 0.0979885 0.995188 -0
    outer loop
      vertex -35.6648 8.41157 2.00241
      vertex -36.055 8.44999 9.1375
      vertex -35.6648 8.41157 9.1375
    endloop
  endfacet
  facet normal 0.0979885 0.995188 0
    outer loop
      vertex -36.055 8.44999 9.1375
      vertex -35.6648 8.41157 2.00241
      vertex -36.055 8.44999 2.00241
    endloop
  endfacet
  facet normal 0.956433 -0.291952 0
    outer loop
      vertex -34.0964 -0.400001 9.1375
      vertex -34.0934 -0.390173 2.00241
      vertex -34.0934 -0.390173 9.1375
    endloop
  endfacet
  facet normal 0.956433 -0.291952 0
    outer loop
      vertex -34.0934 -0.390173 2.00241
      vertex -34.0964 -0.400001 9.1375
      vertex -34.0964 -0.400001 2.00241
    endloop
  endfacet
  facet normal 0.881946 0.471351 0
    outer loop
      vertex -34.2073 7.21536 9.1375
      vertex -34.3921 7.56114 2.00241
      vertex -34.3921 7.56114 9.1375
    endloop
  endfacet
  facet normal 0.881946 0.471351 0
    outer loop
      vertex -34.3921 7.56114 2.00241
      vertex -34.2073 7.21536 9.1375
      vertex -34.2073 7.21536 2.00241
    endloop
  endfacet
  facet normal 0.995192 0.0979429 0
    outer loop
      vertex -34.055 6.44999 9.1375
      vertex -34.0934 6.84017 2.00241
      vertex -34.0934 6.84017 9.1375
    endloop
  endfacet
  facet normal 0.995192 0.0979429 0
    outer loop
      vertex -34.0934 6.84017 2.00241
      vertex -34.055 6.44999 9.1375
      vertex -34.055 6.44999 2.00241
    endloop
  endfacet
  facet normal 0.956951 -0.290248 0
    outer loop
      vertex -38.1858 6.04508 2.13208
      vertex -38.1289 6.23268 2.08788
      vertex -38.1289 6.23268 9.1375
    endloop
  endfacet
  facet normal 0.956951 -0.290248 0
    outer loop
      vertex -38.1858 6.04508 2.13208
      vertex -38.1289 6.23268 9.1375
      vertex -38.1858 6.04508 9.1375
    endloop
  endfacet
  facet normal 0.957193 -0.289425 0.00380372
    outer loop
      vertex -38.1289 6.23268 2.08788
      vertex -38.1858 6.04508 2.13208
      vertex -38.1672 6.10635 2.11349
    endloop
  endfacet
  facet normal -0.471357 0.881942 0
    outer loop
      vertex -36.0994 -0.231467 2.00241
      vertex -36.2723 -0.323874 9.1375
      vertex -36.0994 -0.231467 9.1375
    endloop
  endfacet
  facet normal -0.471357 0.881942 0
    outer loop
      vertex -36.2723 -0.323874 9.1375
      vertex -36.0994 -0.231467 2.00241
      vertex -36.2723 -0.323874 2.00241
    endloop
  endfacet
  facet normal 0 -1 0
    outer loop
      vertex -37.205 6.85 2.00241
      vertex -36.655 6.85 9.1375
      vertex -37.205 6.85 9.1375
    endloop
  endfacet
  facet normal 0 -1 -0
    outer loop
      vertex -36.655 6.85 9.1375
      vertex -37.205 6.85 2.00241
      vertex -36.655 6.85 2.00241
    endloop
  endfacet
  facet normal -0.956951 -0.290248 0
    outer loop
      vertex -35.6742 6.04508 2.00241
      vertex -35.7311 6.23268 9.1375
      vertex -35.7311 6.23268 2.00241
    endloop
  endfacet
  facet normal -0.956951 -0.290248 0
    outer loop
      vertex -35.7311 6.23268 9.1375
      vertex -35.6742 6.04508 2.00241
      vertex -35.6742 6.04508 9.1375
    endloop
  endfacet
  facet normal 0.881937 0.471367 0
    outer loop
      vertex -38.0365 0.0444428 9.1375
      vertex -38.1289 0.217325 2.08788
      vertex -38.1289 0.217325 9.1375
    endloop
  endfacet
  facet normal 0.881937 0.471367 -0
    outer loop
      vertex -38.0365 0.0444428 2.03864
      vertex -38.1289 0.217325 2.08788
      vertex -38.0365 0.0444428 9.1375
    endloop
  endfacet
  facet normal 0.882528 0.470232 0.00509463
    outer loop
      vertex -38.1289 0.217325 2.08788
      vertex -38.0365 0.0444428 2.03864
      vertex -38.0857 0.13656 2.05904
    endloop
  endfacet
  facet normal 0.881935 -0.471372 0
    outer loop
      vertex -38.1289 6.23268 2.08788
      vertex -38.0365 6.40556 2.03864
      vertex -38.0365 6.40556 9.1375
    endloop
  endfacet
  facet normal 0.881935 -0.471372 0
    outer loop
      vertex -38.1289 6.23268 2.08788
      vertex -38.0365 6.40556 9.1375
      vertex -38.1289 6.23268 9.1375
    endloop
  endfacet
  facet normal 0.882562 -0.470165 0.00541481
    outer loop
      vertex -38.0365 6.40556 2.03864
      vertex -38.1289 6.23268 2.08788
      vertex -38.0857 6.31344 2.05904
    endloop
  endfacet
  facet normal 0.772914 0.634511 0
    outer loop
      vertex -37.9121 -0.107092 9.1375
      vertex -38.0365 0.0444428 2.03864
      vertex -38.0365 0.0444428 9.1375
    endloop
  endfacet
  facet normal 0.772914 0.634511 -0
    outer loop
      vertex -37.9121 -0.107092 2.00501
      vertex -38.0365 0.0444428 2.03864
      vertex -37.9121 -0.107092 9.1375
    endloop
  endfacet
  facet normal 0.773844 0.633315 0.00882888
    outer loop
      vertex -38.0365 0.0444428 2.03864
      vertex -37.9121 -0.107092 2.00501
      vertex -37.9951 -0.00590509 2.02153
    endloop
  endfacet
  facet normal -0.290248 0.956951 0
    outer loop
      vertex -36.2723 -0.323874 2.00241
      vertex -36.4599 -0.380774 9.1375
      vertex -36.2723 -0.323874 9.1375
    endloop
  endfacet
  facet normal -0.290248 0.956951 0
    outer loop
      vertex -36.4599 -0.380774 9.1375
      vertex -36.2723 -0.323874 2.00241
      vertex -36.4599 -0.380774 2.00241
    endloop
  endfacet
  facet normal 0.634522 0.772905 0
    outer loop
      vertex -37.7606 -0.231467 9.1375
      vertex -37.9121 -0.107092 2.00501
      vertex -37.9121 -0.107092 9.1375
    endloop
  endfacet
  facet normal 0.634522 0.772905 -0
    outer loop
      vertex -37.7606 -0.231467 2.00241
      vertex -37.9121 -0.107092 2.00501
      vertex -37.7606 -0.231467 9.1375
    endloop
  endfacet
  facet normal 0.634548 0.772879 0.00277823
    outer loop
      vertex -37.9121 -0.107092 2.00501
      vertex -37.7606 -0.231467 2.00241
      vertex -37.899 -0.117838 2.00241
    endloop
  endfacet
  facet normal -0.772914 0.634511 0
    outer loop
      vertex -35.9479 -0.107092 2.00241
      vertex -35.8235 0.0444428 9.1375
      vertex -35.8235 0.0444428 2.00241
    endloop
  endfacet
  facet normal -0.772914 0.634511 0
    outer loop
      vertex -35.8235 0.0444428 9.1375
      vertex -35.9479 -0.107092 2.00241
      vertex -35.9479 -0.107092 9.1375
    endloop
  endfacet
  facet normal -0.0980693 0.99518 0
    outer loop
      vertex -36.4599 -0.380774 2.00241
      vertex -36.655 -0.4 9.1375
      vertex -36.4599 -0.380774 9.1375
    endloop
  endfacet
  facet normal -0.0980693 0.99518 0
    outer loop
      vertex -36.655 -0.4 9.1375
      vertex -36.4599 -0.380774 2.00241
      vertex -36.655 -0.4 2.00241
    endloop
  endfacet
  facet normal 0.471357 0.881942 -0
    outer loop
      vertex -37.5877 -0.323874 2.00241
      vertex -37.7606 -0.231467 9.1375
      vertex -37.5877 -0.323874 9.1375
    endloop
  endfacet
  facet normal 0.471357 0.881942 0
    outer loop
      vertex -37.7606 -0.231467 9.1375
      vertex -37.5877 -0.323874 2.00241
      vertex -37.7606 -0.231467 2.00241
    endloop
  endfacet
  facet normal 0.471329 -0.881957 0
    outer loop
      vertex -37.7606 6.68147 2.00241
      vertex -37.5877 6.77387 9.1375
      vertex -37.7606 6.68147 9.1375
    endloop
  endfacet
  facet normal 0.471329 -0.881957 0
    outer loop
      vertex -37.5877 6.77387 9.1375
      vertex -37.7606 6.68147 2.00241
      vertex -37.5877 6.77387 2.00241
    endloop
  endfacet
  facet normal -0.634522 0.772905 0
    outer loop
      vertex -35.9479 -0.107092 2.00241
      vertex -36.0994 -0.231467 9.1375
      vertex -35.9479 -0.107092 9.1375
    endloop
  endfacet
  facet normal -0.634522 0.772905 0
    outer loop
      vertex -36.0994 -0.231467 9.1375
      vertex -35.9479 -0.107092 2.00241
      vertex -36.0994 -0.231467 2.00241
    endloop
  endfacet
  facet normal -0.0980895 -0.995178 0
    outer loop
      vertex -36.655 6.85 2.00241
      vertex -36.4599 6.83077 9.1375
      vertex -36.655 6.85 9.1375
    endloop
  endfacet
  facet normal -0.0980895 -0.995178 -0
    outer loop
      vertex -36.4599 6.83077 9.1375
      vertex -36.655 6.85 2.00241
      vertex -36.4599 6.83077 2.00241
    endloop
  endfacet
  facet normal 0 1 -0
    outer loop
      vertex -36.655 -0.4 2.00241
      vertex -37.205 -0.4 9.1375
      vertex -36.655 -0.4 9.1375
    endloop
  endfacet
  facet normal 0 1 0
    outer loop
      vertex -37.205 -0.4 9.1375
      vertex -36.655 -0.4 2.00241
      vertex -37.205 -0.4 2.00241
    endloop
  endfacet
  facet normal 1 -0 0
    outer loop
      vertex -38.205 0.6 9.1375
      vertex -38.205 5.85 2.15129
      vertex -38.205 5.85 9.1375
    endloop
  endfacet
  facet normal 1 0 0
    outer loop
      vertex -38.205 5.85 2.15129
      vertex -38.205 0.6 9.1375
      vertex -38.205 0.6 2.15129
    endloop
  endfacet
  facet normal 0.995192 0.0979459 0
    outer loop
      vertex -38.1858 0.404916 9.1375
      vertex -38.205 0.6 2.15129
      vertex -38.205 0.6 9.1375
    endloop
  endfacet
  facet normal 0.995192 0.0979459 0
    outer loop
      vertex -38.205 0.6 2.15129
      vertex -38.1858 0.404916 9.1375
      vertex -38.1858 0.404916 2.13208
    endloop
  endfacet
  facet normal -0.956948 0.290261 0
    outer loop
      vertex -35.7311 0.217325 2.00241
      vertex -35.6742 0.404916 9.1375
      vertex -35.6742 0.404916 2.00241
    endloop
  endfacet
  facet normal -0.956948 0.290261 0
    outer loop
      vertex -35.6742 0.404916 9.1375
      vertex -35.7311 0.217325 2.00241
      vertex -35.7311 0.217325 9.1375
    endloop
  endfacet
  facet normal 0.290248 0.956951 -0
    outer loop
      vertex -37.4001 -0.380774 2.00241
      vertex -37.5877 -0.323874 9.1375
      vertex -37.4001 -0.380774 9.1375
    endloop
  endfacet
  facet normal 0.290248 0.956951 0
    outer loop
      vertex -37.5877 -0.323874 9.1375
      vertex -37.4001 -0.380774 2.00241
      vertex -37.5877 -0.323874 2.00241
    endloop
  endfacet
  facet normal 0.995192 -0.0979479 0
    outer loop
      vertex -38.205 5.85 2.15129
      vertex -38.1858 6.04508 9.1375
      vertex -38.205 5.85 9.1375
    endloop
  endfacet
  facet normal 0.995192 -0.0979479 0
    outer loop
      vertex -38.1858 6.04508 9.1375
      vertex -38.205 5.85 2.15129
      vertex -38.1858 6.04508 2.13208
    endloop
  endfacet
  facet normal -0.881937 0.471367 0
    outer loop
      vertex -35.8235 0.0444428 2.00241
      vertex -35.7311 0.217325 9.1375
      vertex -35.7311 0.217325 2.00241
    endloop
  endfacet
  facet normal -0.881937 0.471367 0
    outer loop
      vertex -35.7311 0.217325 9.1375
      vertex -35.8235 0.0444428 2.00241
      vertex -35.8235 0.0444428 9.1375
    endloop
  endfacet
  facet normal -0.471329 -0.881957 0
    outer loop
      vertex -36.2723 6.77387 2.00241
      vertex -36.0994 6.68147 9.1375
      vertex -36.2723 6.77387 9.1375
    endloop
  endfacet
  facet normal -0.471329 -0.881957 -0
    outer loop
      vertex -36.0994 6.68147 9.1375
      vertex -36.2723 6.77387 2.00241
      vertex -36.0994 6.68147 2.00241
    endloop
  endfacet
  facet normal 0.772904 -0.634523 0
    outer loop
      vertex -38.0365 6.40556 2.03864
      vertex -37.9121 6.55709 2.00501
      vertex -37.9121 6.55709 9.1375
    endloop
  endfacet
  facet normal 0.772904 -0.634523 0
    outer loop
      vertex -38.0365 6.40556 2.03864
      vertex -37.9121 6.55709 9.1375
      vertex -38.0365 6.40556 9.1375
    endloop
  endfacet
  facet normal 0.773902 -0.633234 0.00950106
    outer loop
      vertex -37.9121 6.55709 2.00501
      vertex -38.0365 6.40556 2.03864
      vertex -37.9951 6.4559 2.02153
    endloop
  endfacet
  facet normal -0.995192 0.0979459 0
    outer loop
      vertex -35.6742 0.404916 2.00241
      vertex -35.655 0.6 9.1375
      vertex -35.655 0.6 2.00241
    endloop
  endfacet
  facet normal -0.995192 0.0979459 0
    outer loop
      vertex -35.655 0.6 9.1375
      vertex -35.6742 0.404916 2.00241
      vertex -35.6742 0.404916 9.1375
    endloop
  endfacet
  facet normal -0.772904 -0.634523 0
    outer loop
      vertex -35.8235 6.40556 2.00241
      vertex -35.9479 6.55709 9.1375
      vertex -35.9479 6.55709 2.00241
    endloop
  endfacet
  facet normal -0.772904 -0.634523 0
    outer loop
      vertex -35.9479 6.55709 9.1375
      vertex -35.8235 6.40556 2.00241
      vertex -35.8235 6.40556 9.1375
    endloop
  endfacet
  facet normal 0.290248 -0.956951 0
    outer loop
      vertex -37.5877 6.77387 2.00241
      vertex -37.4001 6.83077 9.1375
      vertex -37.5877 6.77387 9.1375
    endloop
  endfacet
  facet normal 0.290248 -0.956951 0
    outer loop
      vertex -37.4001 6.83077 9.1375
      vertex -37.5877 6.77387 2.00241
      vertex -37.4001 6.83077 2.00241
    endloop
  endfacet
  facet normal 0.634537 -0.772892 0
    outer loop
      vertex -37.9121 6.55709 2.00501
      vertex -37.7606 6.68147 9.1375
      vertex -37.9121 6.55709 9.1375
    endloop
  endfacet
  facet normal 0.634553 -0.772878 0.00161732
    outer loop
      vertex -37.7606 6.68147 2.00241
      vertex -37.9121 6.55709 2.00501
      vertex -37.899 6.56784 2.00241
    endloop
  endfacet
  facet normal 0.634537 -0.772892 0
    outer loop
      vertex -37.9121 6.55709 2.00501
      vertex -37.7606 6.68147 2.00241
      vertex -37.7606 6.68147 9.1375
    endloop
  endfacet
  facet normal 0.0980895 -0.995178 0
    outer loop
      vertex -37.4001 6.83077 2.00241
      vertex -37.205 6.85 9.1375
      vertex -37.4001 6.83077 9.1375
    endloop
  endfacet
  facet normal 0.0980895 -0.995178 0
    outer loop
      vertex -37.205 6.85 9.1375
      vertex -37.4001 6.83077 2.00241
      vertex -37.205 6.85 2.00241
    endloop
  endfacet
  facet normal -1 0 0
    outer loop
      vertex -35.655 0.6 2.00241
      vertex -35.655 5.85 9.1375
      vertex -35.655 5.85 2.00241
    endloop
  endfacet
  facet normal -1 -0 0
    outer loop
      vertex -35.655 5.85 9.1375
      vertex -35.655 0.6 2.00241
      vertex -35.655 0.6 9.1375
    endloop
  endfacet
  facet normal 0.956948 0.290261 0
    outer loop
      vertex -38.1289 0.217325 9.1375
      vertex -38.1858 0.404916 2.13208
      vertex -38.1858 0.404916 9.1375
    endloop
  endfacet
  facet normal 0.956948 0.290261 -0
    outer loop
      vertex -38.1289 0.217325 2.08788
      vertex -38.1858 0.404916 2.13208
      vertex -38.1289 0.217325 9.1375
    endloop
  endfacet
  facet normal 0.957215 0.289346 0.00422592
    outer loop
      vertex -38.1858 0.404916 2.13208
      vertex -38.1289 0.217325 2.08788
      vertex -38.1672 0.343655 2.11349
    endloop
  endfacet
  facet normal 0.0980693 0.99518 -0
    outer loop
      vertex -37.205 -0.4 2.00241
      vertex -37.4001 -0.380774 9.1375
      vertex -37.205 -0.4 9.1375
    endloop
  endfacet
  facet normal 0.0980693 0.99518 0
    outer loop
      vertex -37.4001 -0.380774 9.1375
      vertex -37.205 -0.4 2.00241
      vertex -37.4001 -0.380774 2.00241
    endloop
  endfacet
  facet normal -0.290248 -0.956951 0
    outer loop
      vertex -36.4599 6.83077 2.00241
      vertex -36.2723 6.77387 9.1375
      vertex -36.4599 6.83077 9.1375
    endloop
  endfacet
  facet normal -0.290248 -0.956951 -0
    outer loop
      vertex -36.2723 6.77387 9.1375
      vertex -36.4599 6.83077 2.00241
      vertex -36.2723 6.77387 2.00241
    endloop
  endfacet
  facet normal -0.995192 -0.0979479 0
    outer loop
      vertex -35.655 5.85 2.00241
      vertex -35.6742 6.04508 9.1375
      vertex -35.6742 6.04508 2.00241
    endloop
  endfacet
  facet normal -0.995192 -0.0979479 0
    outer loop
      vertex -35.6742 6.04508 9.1375
      vertex -35.655 5.85 2.00241
      vertex -35.655 5.85 9.1375
    endloop
  endfacet
  facet normal -0.634537 -0.772892 0
    outer loop
      vertex -36.0994 6.68147 2.00241
      vertex -35.9479 6.55709 9.1375
      vertex -36.0994 6.68147 9.1375
    endloop
  endfacet
  facet normal -0.634537 -0.772892 -0
    outer loop
      vertex -35.9479 6.55709 9.1375
      vertex -36.0994 6.68147 2.00241
      vertex -35.9479 6.55709 2.00241
    endloop
  endfacet
  facet normal -0.881935 -0.471372 0
    outer loop
      vertex -35.7311 6.23268 2.00241
      vertex -35.8235 6.40556 9.1375
      vertex -35.8235 6.40556 2.00241
    endloop
  endfacet
  facet normal -0.881935 -0.471372 0
    outer loop
      vertex -35.8235 6.40556 9.1375
      vertex -35.7311 6.23268 2.00241
      vertex -35.7311 6.23268 9.1375
    endloop
  endfacet
  facet normal 0 0 1
    outer loop
      vertex 35.6742 6.04508 9.1375
      vertex 34.055 6.44999 9.1375
      vertex 35.655 5.85 9.1375
    endloop
  endfacet
  facet normal 0 0 1
    outer loop
      vertex 34.055 9.15527e-06 9.1375
      vertex 35.655 5.85 9.1375
      vertex 34.055 6.44999 9.1375
    endloop
  endfacet
  facet normal 0 0 1
    outer loop
      vertex 35.655 5.85 9.1375
      vertex 34.055 9.15527e-06 9.1375
      vertex 34.0964 -0.400001 9.1375
    endloop
  endfacet
  facet normal 0 0 1
    outer loop
      vertex 34.0964 -0.400001 9.1375
      vertex 34.055 9.15527e-06 9.1375
      vertex 34.0934 -0.390173 9.1375
    endloop
  endfacet
  facet normal 0 0 1
    outer loop
      vertex 38.205 0.6 9.1375
      vertex 38.3476 8.36533 9.1375
      vertex 38.205 5.85 9.1375
    endloop
  endfacet
  facet normal 0 0 1
    outer loop
      vertex 37.5877 6.77387 9.1375
      vertex 38.3476 8.36533 9.1375
      vertex 38.1952 8.41157 9.1375
    endloop
  endfacet
  facet normal 0 0 1
    outer loop
      vertex 38.3476 8.36533 9.1375
      vertex 38.1858 6.04508 9.1375
      vertex 38.205 5.85 9.1375
    endloop
  endfacet
  facet normal 0 0 1
    outer loop
      vertex 38.3476 8.36533 9.1375
      vertex 38.1289 6.23268 9.1375
      vertex 38.1858 6.04508 9.1375
    endloop
  endfacet
  facet normal 0 0 1
    outer loop
      vertex 38.3476 8.36533 9.1375
      vertex 38.0365 6.40556 9.1375
      vertex 38.1289 6.23268 9.1375
    endloop
  endfacet
  facet normal 0 0 1
    outer loop
      vertex 38.3476 8.36533 9.1375
      vertex 37.9121 6.55709 9.1375
      vertex 38.0365 6.40556 9.1375
    endloop
  endfacet
  facet normal 0 0 1
    outer loop
      vertex 37.5877 6.77387 9.1375
      vertex 38.1952 8.41157 9.1375
      vertex 37.805 8.44999 9.1375
    endloop
  endfacet
  facet normal 0 0 1
    outer loop
      vertex 38.3476 8.36533 9.1375
      vertex 37.7606 6.68147 9.1375
      vertex 37.9121 6.55709 9.1375
    endloop
  endfacet
  facet normal 0 0 1
    outer loop
      vertex 38.3476 8.36533 9.1375
      vertex 37.5877 6.77387 9.1375
      vertex 37.7606 6.68147 9.1375
    endloop
  endfacet
  facet normal 0 0 1
    outer loop
      vertex 37.805 8.44999 9.1375
      vertex 37.4001 6.83077 9.1375
      vertex 37.5877 6.77387 9.1375
    endloop
  endfacet
  facet normal 0 0 1
    outer loop
      vertex 37.805 8.44999 9.1375
      vertex 37.205 6.85 9.1375
      vertex 37.4001 6.83077 9.1375
    endloop
  endfacet
  facet normal 0 0 1
    outer loop
      vertex 37.805 8.44999 9.1375
      vertex 36.655 6.85 9.1375
      vertex 37.205 6.85 9.1375
    endloop
  endfacet
  facet normal -0 0 1
    outer loop
      vertex 36.055 8.44999 9.1375
      vertex 36.655 6.85 9.1375
      vertex 37.805 8.44999 9.1375
    endloop
  endfacet
  facet normal 0 0 1
    outer loop
      vertex 36.655 6.85 9.1375
      vertex 36.055 8.44999 9.1375
      vertex 36.4599 6.83077 9.1375
    endloop
  endfacet
  facet normal 0 0 1
    outer loop
      vertex 36.4599 6.83077 9.1375
      vertex 36.055 8.44999 9.1375
      vertex 36.2723 6.77387 9.1375
    endloop
  endfacet
  facet normal -0 0 1
    outer loop
      vertex 35.6648 8.41157 9.1375
      vertex 36.2723 6.77387 9.1375
      vertex 36.055 8.44999 9.1375
    endloop
  endfacet
  facet normal 0 0 1
    outer loop
      vertex 36.2723 6.77387 9.1375
      vertex 35.6648 8.41157 9.1375
      vertex 36.0994 6.68147 9.1375
    endloop
  endfacet
  facet normal -0 0 1
    outer loop
      vertex 35.2896 8.29775 9.1375
      vertex 36.0994 6.68147 9.1375
      vertex 35.6648 8.41157 9.1375
    endloop
  endfacet
  facet normal -0 0 1
    outer loop
      vertex 34.9439 8.11292 9.1375
      vertex 36.0994 6.68147 9.1375
      vertex 35.2896 8.29775 9.1375
    endloop
  endfacet
  facet normal 0 0 1
    outer loop
      vertex 36.0994 6.68147 9.1375
      vertex 34.9439 8.11292 9.1375
      vertex 35.9479 6.55709 9.1375
    endloop
  endfacet
  facet normal -0 0 1
    outer loop
      vertex 34.6408 7.86421 9.1375
      vertex 35.9479 6.55709 9.1375
      vertex 34.9439 8.11292 9.1375
    endloop
  endfacet
  facet normal -0 0 1
    outer loop
      vertex 34.3921 7.56114 9.1375
      vertex 35.9479 6.55709 9.1375
      vertex 34.6408 7.86421 9.1375
    endloop
  endfacet
  facet normal -0 0 1
    outer loop
      vertex 34.2073 7.21536 9.1375
      vertex 35.8235 6.40556 9.1375
      vertex 34.3921 7.56114 9.1375
    endloop
  endfacet
  facet normal 0 0 1
    outer loop
      vertex 35.9479 6.55709 9.1375
      vertex 34.3921 7.56114 9.1375
      vertex 35.8235 6.40556 9.1375
    endloop
  endfacet
  facet normal 0 0 1
    outer loop
      vertex 38.3476 8.36533 9.1375
      vertex 38.205 0.6 9.1375
      vertex 38.3476 -4.2 9.1375
    endloop
  endfacet
  facet normal -0 0 1
    outer loop
      vertex 38.1858 0.404916 9.1375
      vertex 38.3476 -4.2 9.1375
      vertex 38.205 0.6 9.1375
    endloop
  endfacet
  facet normal -0 0 1
    outer loop
      vertex 38.1289 0.217325 9.1375
      vertex 38.3476 -4.2 9.1375
      vertex 38.1858 0.404916 9.1375
    endloop
  endfacet
  facet normal -0 0 1
    outer loop
      vertex 38.0365 0.0444428 9.1375
      vertex 38.3476 -4.2 9.1375
      vertex 38.1289 0.217325 9.1375
    endloop
  endfacet
  facet normal -0 0 1
    outer loop
      vertex 37.9121 -0.107092 9.1375
      vertex 38.3476 -4.2 9.1375
      vertex 38.0365 0.0444428 9.1375
    endloop
  endfacet
  facet normal -0 0 1
    outer loop
      vertex 37.7606 -0.231467 9.1375
      vertex 38.3476 -4.2 9.1375
      vertex 37.9121 -0.107092 9.1375
    endloop
  endfacet
  facet normal -0 0 1
    outer loop
      vertex 37.5877 -0.323874 9.1375
      vertex 38.3476 -4.2 9.1375
      vertex 37.7606 -0.231467 9.1375
    endloop
  endfacet
  facet normal -0 0 1
    outer loop
      vertex 37.4001 -0.380774 9.1375
      vertex 38.3476 -4.2 9.1375
      vertex 37.5877 -0.323874 9.1375
    endloop
  endfacet
  facet normal -0 0 1
    outer loop
      vertex 37.205 -0.4 9.1375
      vertex 38.3476 -4.2 9.1375
      vertex 37.4001 -0.380774 9.1375
    endloop
  endfacet
  facet normal -0 0 1
    outer loop
      vertex 36.655 -0.4 9.1375
      vertex 38.3476 -4.2 9.1375
      vertex 37.205 -0.4 9.1375
    endloop
  endfacet
  facet normal 0 0 1
    outer loop
      vertex 36.4599 -0.380774 9.1375
      vertex 38.3476 -4.2 9.1375
      vertex 36.655 -0.4 9.1375
    endloop
  endfacet
  facet normal 0 0 1
    outer loop
      vertex 36.2723 -0.323874 9.1375
      vertex 38.3476 -4.2 9.1375
      vertex 36.4599 -0.380774 9.1375
    endloop
  endfacet
  facet normal 0 0 1
    outer loop
      vertex 34.0964 -0.400001 9.1375
      vertex 36.2723 -0.323874 9.1375
      vertex 36.0994 -0.231467 9.1375
    endloop
  endfacet
  facet normal 0 0 1
    outer loop
      vertex 34.0964 -0.400001 9.1375
      vertex 36.0994 -0.231467 9.1375
      vertex 35.9479 -0.107092 9.1375
    endloop
  endfacet
  facet normal 0 0 1
    outer loop
      vertex 34.0964 -0.400001 9.1375
      vertex 35.9479 -0.107092 9.1375
      vertex 35.8235 0.0444428 9.1375
    endloop
  endfacet
  facet normal -0 0 1
    outer loop
      vertex 34.0934 6.84017 9.1375
      vertex 35.8235 6.40556 9.1375
      vertex 34.2073 7.21536 9.1375
    endloop
  endfacet
  facet normal 0 0 1
    outer loop
      vertex 35.8235 6.40556 9.1375
      vertex 34.0934 6.84017 9.1375
      vertex 35.7311 6.23268 9.1375
    endloop
  endfacet
  facet normal 0 0 1
    outer loop
      vertex 35.7311 6.23268 9.1375
      vertex 34.055 6.44999 9.1375
      vertex 35.6742 6.04508 9.1375
    endloop
  endfacet
  facet normal -0 0 1
    outer loop
      vertex 34.055 6.44999 9.1375
      vertex 35.7311 6.23268 9.1375
      vertex 34.0934 6.84017 9.1375
    endloop
  endfacet
  facet normal 0 0 1
    outer loop
      vertex 35.655 5.85 9.1375
      vertex 34.0964 -0.400001 9.1375
      vertex 35.655 0.6 9.1375
    endloop
  endfacet
  facet normal 0 0 1
    outer loop
      vertex 35.655 0.6 9.1375
      vertex 34.0964 -0.400001 9.1375
      vertex 35.6742 0.404916 9.1375
    endloop
  endfacet
  facet normal 0 0 1
    outer loop
      vertex 34.0964 -0.400001 9.1375
      vertex 35.7311 0.217325 9.1375
      vertex 35.6742 0.404916 9.1375
    endloop
  endfacet
  facet normal 0 0 1
    outer loop
      vertex 34.0964 -0.400001 9.1375
      vertex 35.8235 0.0444428 9.1375
      vertex 35.7311 0.217325 9.1375
    endloop
  endfacet
  facet normal 0 0 1
    outer loop
      vertex 36.2723 -0.323874 9.1375
      vertex 34.0964 -0.400001 9.1375
      vertex 38.3476 -4.2 9.1375
    endloop
  endfacet
  facet normal 0 0 1
    outer loop
      vertex 18.5 -4.2 9.1375
      vertex 34.0964 -0.400001 9.1375
      vertex 18.5 -0.400001 9.1375
    endloop
  endfacet
  facet normal 0 0 1
    outer loop
      vertex 34.0964 -0.400001 9.1375
      vertex 18.5 -4.2 9.1375
      vertex 38.3476 -4.2 9.1375
    endloop
  endfacet
  facet normal -0.956433 -0.291952 0
    outer loop
      vertex 34.0964 -0.400001 2.00241
      vertex 34.0934 -0.390173 9.1375
      vertex 34.0934 -0.390173 2.00241
    endloop
  endfacet
  facet normal -0.956433 -0.291952 0
    outer loop
      vertex 34.0934 -0.390173 9.1375
      vertex 34.0964 -0.400001 2.00241
      vertex 34.0964 -0.400001 9.1375
    endloop
  endfacet
  facet normal -0.995192 0.0979429 0
    outer loop
      vertex 34.055 6.44999 2.00241
      vertex 34.0934 6.84017 9.1375
      vertex 34.0934 6.84017 2.00241
    endloop
  endfacet
  facet normal -0.995192 0.0979429 0
    outer loop
      vertex 34.0934 6.84017 9.1375
      vertex 34.055 6.44999 2.00241
      vertex 34.055 6.44999 9.1375
    endloop
  endfacet
  facet normal -0.0979885 0.995188 0
    outer loop
      vertex 36.055 8.44999 2.00241
      vertex 35.6648 8.41157 9.1375
      vertex 36.055 8.44999 9.1375
    endloop
  endfacet
  facet normal -0.0979885 0.995188 0
    outer loop
      vertex 35.6648 8.41157 9.1375
      vertex 36.055 8.44999 2.00241
      vertex 35.6648 8.41157 2.00241
    endloop
  endfacet
  facet normal 0.290342 0.956923 -0
    outer loop
      vertex 38.3476 8.36533 2.45099
      vertex 38.1952 8.41157 9.1375
      vertex 38.3476 8.36533 9.1375
    endloop
  endfacet
  facet normal 0.290192 0.956968 8.06018e-05
    outer loop
      vertex 38.1952 8.41157 2.14147
      vertex 38.3476 8.36533 2.45099
      vertex 38.3285 8.37113 2.35486
    endloop
  endfacet
  facet normal 0.290154 0.95698 0.000106762
    outer loop
      vertex 38.1952 8.41157 2.14147
      vertex 38.3285 8.37113 2.35486
      vertex 38.291 8.38251 2.2643
    endloop
  endfacet
  facet normal 0.291443 0.956588 -0.000991412
    outer loop
      vertex 38.1952 8.41157 2.14147
      vertex 38.291 8.38251 2.2643
      vertex 38.2365 8.39903 2.1828
    endloop
  endfacet
  facet normal 0.290342 0.956923 0
    outer loop
      vertex 38.3476 8.36533 2.45099
      vertex 38.1952 8.41157 2.14147
      vertex 38.1952 8.41157 9.1375
    endloop
  endfacet
  facet normal -1 0 0
    outer loop
      vertex 34.055 9.15527e-06 2.00241
      vertex 34.055 6.44999 9.1375
      vertex 34.055 6.44999 2.00241
    endloop
  endfacet
  facet normal -1 -0 0
    outer loop
      vertex 34.055 6.44999 9.1375
      vertex 34.055 9.15527e-06 2.00241
      vertex 34.055 9.15527e-06 9.1375
    endloop
  endfacet
  facet normal -0.881946 0.471351 0
    outer loop
      vertex 34.2073 7.21536 2.00241
      vertex 34.3921 7.56114 9.1375
      vertex 34.3921 7.56114 2.00241
    endloop
  endfacet
  facet normal -0.881946 0.471351 0
    outer loop
      vertex 34.3921 7.56114 9.1375
      vertex 34.2073 7.21536 2.00241
      vertex 34.2073 7.21536 9.1375
    endloop
  endfacet
  facet normal 0 1 -0
    outer loop
      vertex 37.805 8.44999 2.00241
      vertex 36.055 8.44999 9.1375
      vertex 37.805 8.44999 9.1375
    endloop
  endfacet
  facet normal 0 1 0
    outer loop
      vertex 36.055 8.44999 9.1375
      vertex 37.805 8.44999 2.00241
      vertex 36.055 8.44999 2.00241
    endloop
  endfacet
  facet normal -0.995192 -0.0979424 0
    outer loop
      vertex 34.0934 -0.390173 2.00241
      vertex 34.055 9.15527e-06 9.1375
      vertex 34.055 9.15527e-06 2.00241
    endloop
  endfacet
  facet normal -0.995192 -0.0979424 0
    outer loop
      vertex 34.055 9.15527e-06 9.1375
      vertex 34.0934 -0.390173 2.00241
      vertex 34.0934 -0.390173 9.1375
    endloop
  endfacet
  facet normal -0.290295 0.956937 0
    outer loop
      vertex 35.6648 8.41157 2.00241
      vertex 35.2896 8.29775 9.1375
      vertex 35.6648 8.41157 9.1375
    endloop
  endfacet
  facet normal -0.290295 0.956937 0
    outer loop
      vertex 35.2896 8.29775 9.1375
      vertex 35.6648 8.41157 2.00241
      vertex 35.2896 8.29775 2.00241
    endloop
  endfacet
  facet normal -0.773039 0.634358 0
    outer loop
      vertex 34.3921 7.56114 2.00241
      vertex 34.6408 7.86421 9.1375
      vertex 34.6408 7.86421 2.00241
    endloop
  endfacet
  facet normal -0.773039 0.634358 0
    outer loop
      vertex 34.6408 7.86421 9.1375
      vertex 34.3921 7.56114 2.00241
      vertex 34.3921 7.56114 9.1375
    endloop
  endfacet
  facet normal 0.0979885 0.995188 -0
    outer loop
      vertex 38.1952 8.41157 2.14147
      vertex 37.805 8.44999 9.1375
      vertex 38.1952 8.41157 9.1375
    endloop
  endfacet
  facet normal 0.0986757 0.995119 -0.000941438
    outer loop
      vertex 38.0857 8.42235 2.05904
      vertex 38.1952 8.41157 2.14147
      vertex 38.1672 8.41432 2.11349
    endloop
  endfacet
  facet normal 0.0979898 0.995187 -2.13203e-05
    outer loop
      vertex 37.9951 8.43127 2.02153
      vertex 38.1952 8.41157 2.14147
      vertex 38.0857 8.42235 2.05904
    endloop
  endfacet
  facet normal 0.0980052 0.995186 -4.73082e-05
    outer loop
      vertex 38.1952 8.41157 2.14147
      vertex 37.9951 8.43127 2.02153
      vertex 37.805 8.44999 2.00241
    endloop
  endfacet
  facet normal 0.0980361 0.995183 -0.000357701
    outer loop
      vertex 37.805 8.44999 2.00241
      vertex 37.9951 8.43127 2.02153
      vertex 37.899 8.44073 2.00241
    endloop
  endfacet
  facet normal 0.0979885 0.995188 0
    outer loop
      vertex 38.1952 8.41157 2.14147
      vertex 37.805 8.44999 2.00241
      vertex 37.805 8.44999 9.1375
    endloop
  endfacet
  facet normal -0.956878 0.290489 0
    outer loop
      vertex 34.0934 6.84017 2.00241
      vertex 34.2073 7.21536 9.1375
      vertex 34.2073 7.21536 2.00241
    endloop
  endfacet
  facet normal -0.956878 0.290489 0
    outer loop
      vertex 34.2073 7.21536 9.1375
      vertex 34.0934 6.84017 2.00241
      vertex 34.0934 6.84017 9.1375
    endloop
  endfacet
  facet normal -0.634336 0.773058 0
    outer loop
      vertex 34.9439 8.11292 2.00241
      vertex 34.6408 7.86421 9.1375
      vertex 34.9439 8.11292 9.1375
    endloop
  endfacet
  facet normal -0.634336 0.773058 0
    outer loop
      vertex 34.6408 7.86421 9.1375
      vertex 34.9439 8.11292 2.00241
      vertex 34.6408 7.86421 2.00241
    endloop
  endfacet
  facet normal -0.471495 0.881869 0
    outer loop
      vertex 35.2896 8.29775 2.00241
      vertex 34.9439 8.11292 9.1375
      vertex 35.2896 8.29775 9.1375
    endloop
  endfacet
  facet normal -0.471495 0.881869 0
    outer loop
      vertex 34.9439 8.11292 9.1375
      vertex 35.2896 8.29775 2.00241
      vertex 34.9439 8.11292 2.00241
    endloop
  endfacet
  facet normal 0.956951 -0.290248 0
    outer loop
      vertex 35.6742 6.04508 9.1375
      vertex 35.7311 6.23268 2.00241
      vertex 35.7311 6.23268 9.1375
    endloop
  endfacet
  facet normal 0.956951 -0.290248 0
    outer loop
      vertex 35.7311 6.23268 2.00241
      vertex 35.6742 6.04508 9.1375
      vertex 35.6742 6.04508 2.00241
    endloop
  endfacet
  facet normal -0.471357 0.881942 0
    outer loop
      vertex 37.7606 -0.231467 2.00241
      vertex 37.5877 -0.323874 9.1375
      vertex 37.7606 -0.231467 9.1375
    endloop
  endfacet
  facet normal -0.471357 0.881942 0
    outer loop
      vertex 37.5877 -0.323874 9.1375
      vertex 37.7606 -0.231467 2.00241
      vertex 37.5877 -0.323874 2.00241
    endloop
  endfacet
  facet normal 0 -1 0
    outer loop
      vertex 36.655 6.85 2.00241
      vertex 37.205 6.85 9.1375
      vertex 36.655 6.85 9.1375
    endloop
  endfacet
  facet normal 0 -1 -0
    outer loop
      vertex 37.205 6.85 9.1375
      vertex 36.655 6.85 2.00241
      vertex 37.205 6.85 2.00241
    endloop
  endfacet
  facet normal -0.957193 -0.289425 0.00380372
    outer loop
      vertex 38.1858 6.04508 2.13208
      vertex 38.1289 6.23268 2.08788
      vertex 38.1672 6.10635 2.11349
    endloop
  endfacet
  facet normal -0.956951 -0.290248 0
    outer loop
      vertex 38.1289 6.23268 2.08788
      vertex 38.1858 6.04508 2.13208
      vertex 38.1289 6.23268 9.1375
    endloop
  endfacet
  facet normal -0.956951 -0.290248 0
    outer loop
      vertex 38.1289 6.23268 9.1375
      vertex 38.1858 6.04508 2.13208
      vertex 38.1858 6.04508 9.1375
    endloop
  endfacet
  facet normal 0.881937 0.471367 0
    outer loop
      vertex 35.8235 0.0444428 9.1375
      vertex 35.7311 0.217325 2.00241
      vertex 35.7311 0.217325 9.1375
    endloop
  endfacet
  facet normal 0.881937 0.471367 0
    outer loop
      vertex 35.7311 0.217325 2.00241
      vertex 35.8235 0.0444428 9.1375
      vertex 35.8235 0.0444428 2.00241
    endloop
  endfacet
  facet normal 0.881935 -0.471372 0
    outer loop
      vertex 35.7311 6.23268 9.1375
      vertex 35.8235 6.40556 2.00241
      vertex 35.8235 6.40556 9.1375
    endloop
  endfacet
  facet normal 0.881935 -0.471372 0
    outer loop
      vertex 35.8235 6.40556 2.00241
      vertex 35.7311 6.23268 9.1375
      vertex 35.7311 6.23268 2.00241
    endloop
  endfacet
  facet normal 0.772914 0.634511 0
    outer loop
      vertex 35.9479 -0.107092 9.1375
      vertex 35.8235 0.0444428 2.00241
      vertex 35.8235 0.0444428 9.1375
    endloop
  endfacet
  facet normal 0.772914 0.634511 0
    outer loop
      vertex 35.8235 0.0444428 2.00241
      vertex 35.9479 -0.107092 9.1375
      vertex 35.9479 -0.107092 2.00241
    endloop
  endfacet
  facet normal -0.290248 0.956951 0
    outer loop
      vertex 37.5877 -0.323874 2.00241
      vertex 37.4001 -0.380774 9.1375
      vertex 37.5877 -0.323874 9.1375
    endloop
  endfacet
  facet normal -0.290248 0.956951 0
    outer loop
      vertex 37.4001 -0.380774 9.1375
      vertex 37.5877 -0.323874 2.00241
      vertex 37.4001 -0.380774 2.00241
    endloop
  endfacet
  facet normal 0.634522 0.772905 -0
    outer loop
      vertex 36.0994 -0.231467 2.00241
      vertex 35.9479 -0.107092 9.1375
      vertex 36.0994 -0.231467 9.1375
    endloop
  endfacet
  facet normal 0.634522 0.772905 0
    outer loop
      vertex 35.9479 -0.107092 9.1375
      vertex 36.0994 -0.231467 2.00241
      vertex 35.9479 -0.107092 2.00241
    endloop
  endfacet
  facet normal -0.773831 0.633332 0.00870498
    outer loop
      vertex 37.9121 -0.107092 2.00501
      vertex 38.0365 0.0444428 2.03864
      vertex 37.9951 -0.00590625 2.02153
    endloop
  endfacet
  facet normal -0.772914 0.634511 0
    outer loop
      vertex 38.0365 0.0444428 2.03864
      vertex 37.9121 -0.107092 2.00501
      vertex 37.9121 -0.107092 9.1375
    endloop
  endfacet
  facet normal -0.772914 0.634511 0
    outer loop
      vertex 38.0365 0.0444428 2.03864
      vertex 37.9121 -0.107092 9.1375
      vertex 38.0365 0.0444428 9.1375
    endloop
  endfacet
  facet normal -0.0980693 0.99518 0
    outer loop
      vertex 37.4001 -0.380774 2.00241
      vertex 37.205 -0.4 9.1375
      vertex 37.4001 -0.380774 9.1375
    endloop
  endfacet
  facet normal -0.0980693 0.99518 0
    outer loop
      vertex 37.205 -0.4 9.1375
      vertex 37.4001 -0.380774 2.00241
      vertex 37.205 -0.4 2.00241
    endloop
  endfacet
  facet normal 0.471357 0.881942 -0
    outer loop
      vertex 36.2723 -0.323874 2.00241
      vertex 36.0994 -0.231467 9.1375
      vertex 36.2723 -0.323874 9.1375
    endloop
  endfacet
  facet normal 0.471357 0.881942 0
    outer loop
      vertex 36.0994 -0.231467 9.1375
      vertex 36.2723 -0.323874 2.00241
      vertex 36.0994 -0.231467 2.00241
    endloop
  endfacet
  facet normal 0.471329 -0.881957 0
    outer loop
      vertex 36.0994 6.68147 2.00241
      vertex 36.2723 6.77387 9.1375
      vertex 36.0994 6.68147 9.1375
    endloop
  endfacet
  facet normal 0.471329 -0.881957 0
    outer loop
      vertex 36.2723 6.77387 9.1375
      vertex 36.0994 6.68147 2.00241
      vertex 36.2723 6.77387 2.00241
    endloop
  endfacet
  facet normal -0.634522 0.772905 0
    outer loop
      vertex 37.9121 -0.107092 2.00501
      vertex 37.7606 -0.231467 9.1375
      vertex 37.9121 -0.107092 9.1375
    endloop
  endfacet
  facet normal -0.634545 0.772882 0.00245284
    outer loop
      vertex 37.7606 -0.231467 2.00241
      vertex 37.9121 -0.107092 2.00501
      vertex 37.899 -0.117839 2.00241
    endloop
  endfacet
  facet normal -0.634522 0.772905 0
    outer loop
      vertex 37.9121 -0.107092 2.00501
      vertex 37.7606 -0.231467 2.00241
      vertex 37.7606 -0.231467 9.1375
    endloop
  endfacet
  facet normal -0.0980895 -0.995178 0
    outer loop
      vertex 37.205 6.85 2.00241
      vertex 37.4001 6.83077 9.1375
      vertex 37.205 6.85 9.1375
    endloop
  endfacet
  facet normal -0.0980895 -0.995178 -0
    outer loop
      vertex 37.4001 6.83077 9.1375
      vertex 37.205 6.85 2.00241
      vertex 37.4001 6.83077 2.00241
    endloop
  endfacet
  facet normal 0 1 -0
    outer loop
      vertex 37.205 -0.4 2.00241
      vertex 36.655 -0.4 9.1375
      vertex 37.205 -0.4 9.1375
    endloop
  endfacet
  facet normal 0 1 0
    outer loop
      vertex 36.655 -0.4 9.1375
      vertex 37.205 -0.4 2.00241
      vertex 36.655 -0.4 2.00241
    endloop
  endfacet
  facet normal 1 -0 0
    outer loop
      vertex 35.655 0.6 9.1375
      vertex 35.655 5.85 2.00241
      vertex 35.655 5.85 9.1375
    endloop
  endfacet
  facet normal 1 0 0
    outer loop
      vertex 35.655 5.85 2.00241
      vertex 35.655 0.6 9.1375
      vertex 35.655 0.6 2.00241
    endloop
  endfacet
  facet normal 0.995192 0.0979459 0
    outer loop
      vertex 35.6742 0.404916 9.1375
      vertex 35.655 0.6 2.00241
      vertex 35.655 0.6 9.1375
    endloop
  endfacet
  facet normal 0.995192 0.0979459 0
    outer loop
      vertex 35.655 0.6 2.00241
      vertex 35.6742 0.404916 9.1375
      vertex 35.6742 0.404916 2.00241
    endloop
  endfacet
  facet normal -0.957202 0.289392 0.00401696
    outer loop
      vertex 38.1289 0.217325 2.08788
      vertex 38.1858 0.404916 2.13208
      vertex 38.1672 0.343652 2.11349
    endloop
  endfacet
  facet normal -0.956948 0.290261 0
    outer loop
      vertex 38.1858 0.404916 2.13208
      vertex 38.1289 0.217325 2.08788
      vertex 38.1289 0.217325 9.1375
    endloop
  endfacet
  facet normal -0.956948 0.290261 0
    outer loop
      vertex 38.1858 0.404916 2.13208
      vertex 38.1289 0.217325 9.1375
      vertex 38.1858 0.404916 9.1375
    endloop
  endfacet
  facet normal 0.290248 0.956951 -0
    outer loop
      vertex 36.4599 -0.380774 2.00241
      vertex 36.2723 -0.323874 9.1375
      vertex 36.4599 -0.380774 9.1375
    endloop
  endfacet
  facet normal 0.290248 0.956951 0
    outer loop
      vertex 36.2723 -0.323874 9.1375
      vertex 36.4599 -0.380774 2.00241
      vertex 36.2723 -0.323874 2.00241
    endloop
  endfacet
  facet normal 0.995192 -0.0979479 0
    outer loop
      vertex 35.655 5.85 9.1375
      vertex 35.6742 6.04508 2.00241
      vertex 35.6742 6.04508 9.1375
    endloop
  endfacet
  facet normal 0.995192 -0.0979479 0
    outer loop
      vertex 35.6742 6.04508 2.00241
      vertex 35.655 5.85 9.1375
      vertex 35.655 5.85 2.00241
    endloop
  endfacet
  facet normal -0.88251 0.470268 0.00493339
    outer loop
      vertex 38.0365 0.0444428 2.03864
      vertex 38.1289 0.217325 2.08788
      vertex 38.0857 0.136558 2.05904
    endloop
  endfacet
  facet normal -0.881937 0.471367 0
    outer loop
      vertex 38.1289 0.217325 2.08788
      vertex 38.0365 0.0444428 2.03864
      vertex 38.0365 0.0444428 9.1375
    endloop
  endfacet
  facet normal -0.881937 0.471367 0
    outer loop
      vertex 38.1289 0.217325 2.08788
      vertex 38.0365 0.0444428 9.1375
      vertex 38.1289 0.217325 9.1375
    endloop
  endfacet
  facet normal -0.471329 -0.881957 0
    outer loop
      vertex 37.5877 6.77387 2.00241
      vertex 37.7606 6.68147 9.1375
      vertex 37.5877 6.77387 9.1375
    endloop
  endfacet
  facet normal -0.471329 -0.881957 -0
    outer loop
      vertex 37.7606 6.68147 9.1375
      vertex 37.5877 6.77387 2.00241
      vertex 37.7606 6.68147 2.00241
    endloop
  endfacet
  facet normal 0.772904 -0.634523 0
    outer loop
      vertex 35.8235 6.40556 9.1375
      vertex 35.9479 6.55709 2.00241
      vertex 35.9479 6.55709 9.1375
    endloop
  endfacet
  facet normal 0.772904 -0.634523 0
    outer loop
      vertex 35.9479 6.55709 2.00241
      vertex 35.8235 6.40556 9.1375
      vertex 35.8235 6.40556 2.00241
    endloop
  endfacet
  facet normal -0.995192 0.0979459 0
    outer loop
      vertex 38.1858 0.404916 9.1375
      vertex 38.205 0.6 2.15129
      vertex 38.1858 0.404916 2.13208
    endloop
  endfacet
  facet normal -0.995192 0.0979459 0
    outer loop
      vertex 38.205 0.6 2.15129
      vertex 38.1858 0.404916 9.1375
      vertex 38.205 0.6 9.1375
    endloop
  endfacet
  facet normal -0.773794 -0.633382 0.00843302
    outer loop
      vertex 38.0365 6.40556 2.03864
      vertex 37.9121 6.55709 2.00501
      vertex 37.9951 6.45591 2.02153
    endloop
  endfacet
  facet normal -0.772904 -0.634523 0
    outer loop
      vertex 37.9121 6.55709 2.00501
      vertex 38.0365 6.40556 2.03864
      vertex 37.9121 6.55709 9.1375
    endloop
  endfacet
  facet normal -0.772904 -0.634523 0
    outer loop
      vertex 37.9121 6.55709 9.1375
      vertex 38.0365 6.40556 2.03864
      vertex 38.0365 6.40556 9.1375
    endloop
  endfacet
  facet normal 0.290248 -0.956951 0
    outer loop
      vertex 36.2723 6.77387 2.00241
      vertex 36.4599 6.83077 9.1375
      vertex 36.2723 6.77387 9.1375
    endloop
  endfacet
  facet normal 0.290248 -0.956951 0
    outer loop
      vertex 36.4599 6.83077 9.1375
      vertex 36.2723 6.77387 2.00241
      vertex 36.4599 6.83077 2.00241
    endloop
  endfacet
  facet normal 0.634537 -0.772892 0
    outer loop
      vertex 35.9479 6.55709 2.00241
      vertex 36.0994 6.68147 9.1375
      vertex 35.9479 6.55709 9.1375
    endloop
  endfacet
  facet normal 0.634537 -0.772892 0
    outer loop
      vertex 36.0994 6.68147 9.1375
      vertex 35.9479 6.55709 2.00241
      vertex 36.0994 6.68147 2.00241
    endloop
  endfacet
  facet normal 0.0980895 -0.995178 0
    outer loop
      vertex 36.4599 6.83077 2.00241
      vertex 36.655 6.85 9.1375
      vertex 36.4599 6.83077 9.1375
    endloop
  endfacet
  facet normal 0.0980895 -0.995178 0
    outer loop
      vertex 36.655 6.85 9.1375
      vertex 36.4599 6.83077 2.00241
      vertex 36.655 6.85 2.00241
    endloop
  endfacet
  facet normal -1 0 0
    outer loop
      vertex 38.205 0.6 2.15129
      vertex 38.205 5.85 9.1375
      vertex 38.205 5.85 2.15129
    endloop
  endfacet
  facet normal -1 -0 0
    outer loop
      vertex 38.205 5.85 9.1375
      vertex 38.205 0.6 2.15129
      vertex 38.205 0.6 9.1375
    endloop
  endfacet
  facet normal 0.956948 0.290261 0
    outer loop
      vertex 35.7311 0.217325 9.1375
      vertex 35.6742 0.404916 2.00241
      vertex 35.6742 0.404916 9.1375
    endloop
  endfacet
  facet normal 0.956948 0.290261 0
    outer loop
      vertex 35.6742 0.404916 2.00241
      vertex 35.7311 0.217325 9.1375
      vertex 35.7311 0.217325 2.00241
    endloop
  endfacet
  facet normal 0.0980693 0.99518 -0
    outer loop
      vertex 36.655 -0.4 2.00241
      vertex 36.4599 -0.380774 9.1375
      vertex 36.655 -0.4 9.1375
    endloop
  endfacet
  facet normal 0.0980693 0.99518 0
    outer loop
      vertex 36.4599 -0.380774 9.1375
      vertex 36.655 -0.4 2.00241
      vertex 36.4599 -0.380774 2.00241
    endloop
  endfacet
  facet normal -0.290248 -0.956951 0
    outer loop
      vertex 37.4001 6.83077 2.00241
      vertex 37.5877 6.77387 9.1375
      vertex 37.4001 6.83077 9.1375
    endloop
  endfacet
  facet normal -0.290248 -0.956951 -0
    outer loop
      vertex 37.5877 6.77387 9.1375
      vertex 37.4001 6.83077 2.00241
      vertex 37.5877 6.77387 2.00241
    endloop
  endfacet
  facet normal -0.995192 -0.0979479 0
    outer loop
      vertex 38.205 5.85 2.15129
      vertex 38.1858 6.04508 9.1375
      vertex 38.1858 6.04508 2.13208
    endloop
  endfacet
  facet normal -0.995192 -0.0979479 0
    outer loop
      vertex 38.1858 6.04508 9.1375
      vertex 38.205 5.85 2.15129
      vertex 38.205 5.85 9.1375
    endloop
  endfacet
  facet normal -0.634537 -0.772892 0
    outer loop
      vertex 37.7606 6.68147 9.1375
      vertex 37.9121 6.55709 2.00501
      vertex 37.9121 6.55709 9.1375
    endloop
  endfacet
  facet normal -0.634537 -0.772892 0
    outer loop
      vertex 37.7606 6.68147 2.00241
      vertex 37.9121 6.55709 2.00501
      vertex 37.7606 6.68147 9.1375
    endloop
  endfacet
  facet normal -0.634553 -0.772878 0.00161732
    outer loop
      vertex 37.9121 6.55709 2.00501
      vertex 37.7606 6.68147 2.00241
      vertex 37.899 6.56784 2.00241
    endloop
  endfacet
  facet normal -0.882562 -0.470165 0.00541481
    outer loop
      vertex 38.1289 6.23268 2.08788
      vertex 38.0365 6.40556 2.03864
      vertex 38.0857 6.31344 2.05904
    endloop
  endfacet
  facet normal -0.881935 -0.471372 0
    outer loop
      vertex 38.0365 6.40556 2.03864
      vertex 38.1289 6.23268 2.08788
      vertex 38.0365 6.40556 9.1375
    endloop
  endfacet
  facet normal -0.881935 -0.471372 0
    outer loop
      vertex 38.0365 6.40556 9.1375
      vertex 38.1289 6.23268 2.08788
      vertex 38.1289 6.23268 9.1375
    endloop
  endfacet
  facet normal 0.624981 -0.334337 -0.70542
    outer loop
      vertex 40.2141 -48.3442 0.54841
      vertex 40.0412 -48.2287 0.340484
      vertex 40.1292 -48.0642 0.340484
    endloop
  endfacet
  facet normal -0.831417 0 -0.555649
    outer loop
      vertex -40.4095 -47.7 0.54841
      vertex -40.5729 47.7 0.792905
      vertex -40.4095 47.7 0.54841
    endloop
  endfacet
  facet normal -0.831417 -0 -0.555649
    outer loop
      vertex -40.5729 47.7 0.792905
      vertex -40.4095 -47.7 0.54841
      vertex -40.5729 -47.7 0.792905
    endloop
  endfacet
  facet normal -0.54799 -0.449565 -0.705406
    outer loop
      vertex -39.9229 -48.3729 0.340484
      vertex -40.2141 -48.3442 0.54841
      vertex -40.0412 -48.2287 0.340484
    endloop
  endfacet
  facet normal 0.976212 -0.0962266 -0.194295
    outer loop
      vertex 40.7428 -47.7 1.35297
      vertex 40.6578 -47.98 1.06457
      vertex 40.6854 -47.7 1.06457
    endloop
  endfacet
  facet normal -0.622302 0.758267 -0.194352
    outer loop
      vertex -40.265 48.715 1.06457
      vertex -40.3056 48.7556 1.35297
      vertex -40.0475 48.8935 1.06457
    endloop
  endfacet
  facet normal -0.976211 -0.0962131 -0.194307
    outer loop
      vertex -40.7141 -47.9912 1.35297
      vertex -40.7428 -47.7 1.35297
      vertex -40.6578 -47.98 1.06457
    endloop
  endfacet
  facet normal -0.828586 0.0815424 -0.553891
    outer loop
      vertex -40.3872 47.9262 0.54841
      vertex -40.5729 47.7 0.792905
      vertex -40.5475 47.9581 0.792905
    endloop
  endfacet
  facet normal 0.705439 0.0695459 -0.705351
    outer loop
      vertex 40.4095 47.7 0.54841
      vertex 40.2016 47.7 0.340484
      vertex 40.3872 47.9262 0.54841
    endloop
  endfacet
  facet normal -0.622095 0.758514 -0.194049
    outer loop
      vertex -40.0475 48.8935 1.06457
      vertex -40.3056 48.7556 1.35297
      vertex -40.0793 48.9412 1.35297
    endloop
  endfacet
  facet normal 0.55473 0.0547086 -0.83023
    outer loop
      vertex 39.9571 47.7 0.177118
      vertex 39.9435 47.8379 0.177118
      vertex 40.2016 47.7 0.340484
    endloop
  endfacet
  facet normal -0.67839 -0.205492 -0.705379
    outer loop
      vertex -40.1292 -48.0642 0.340484
      vertex -40.3872 -47.9262 0.54841
      vertex -40.1833 -47.8856 0.340484
    endloop
  endfacet
  facet normal 0.923912 0 -0.382604
    outer loop
      vertex 40.6854 -47.7 1.06457
      vertex 40.5729 47.7 0.792905
      vertex 40.6854 47.7 1.06457
    endloop
  endfacet
  facet normal 0.923912 0 -0.382604
    outer loop
      vertex 40.5729 47.7 0.792905
      vertex 40.6854 -47.7 1.06457
      vertex 40.5729 -47.7 0.792905
    endloop
  endfacet
  facet normal 0.622302 0.758267 -0.194352
    outer loop
      vertex 40.265 48.715 1.06457
      vertex 40.0475 48.8935 1.06457
      vertex 40.3056 48.7556 1.35297
    endloop
  endfacet
  facet normal 0.622302 -0.758267 -0.194352
    outer loop
      vertex 40.3056 -48.7556 1.35297
      vertex 40.0475 -48.8935 1.06457
      vertex 40.265 -48.715 1.06457
    endloop
  endfacet
  facet normal -0.0377193 0.382463 -0.923201
    outer loop
      vertex -39.3349 48.1271 0.0645887
      vertex -39.3879 48.3935 0.177118
      vertex -39.25 48.4071 0.177118
    endloop
  endfacet
  facet normal -0.187538 0.0569271 -0.980606
    outer loop
      vertex -39.3942 47.7287 0.00722237
      vertex -39.6771 47.7849 0.0645887
      vertex -39.6523 47.8666 0.0645887
    endloop
  endfacet
  facet normal 0.956909 0.290387 0
    outer loop
      vertex 40.7141 47.9912 9.1375
      vertex 40.6291 48.2713 1.35297
      vertex 40.6291 48.2713 9.1375
    endloop
  endfacet
  facet normal 0.956909 0.290387 0
    outer loop
      vertex 40.6291 48.2713 1.35297
      vertex 40.7141 47.9912 9.1375
      vertex 40.7141 47.9912 1.35297
    endloop
  endfacet
  facet normal -0.815429 0.43564 -0.381174
    outer loop
      vertex -40.3499 48.435 0.792905
      vertex -40.5761 48.2493 1.06457
      vertex -40.4435 48.4975 1.06457
    endloop
  endfacet
  facet normal 0.297153 -0.243654 -0.923219
    outer loop
      vertex 39.75 -48.2 0.177118
      vertex 39.5579 -48.0079 0.0645887
      vertex 39.8379 -48.0928 0.177118
    endloop
  endfacet
  facet normal 0.634149 -0.773211 0
    outer loop
      vertex 40.0793 -48.9412 1.35297
      vertex 40.3056 -48.7556 9.1375
      vertex 40.0793 -48.9412 9.1375
    endloop
  endfacet
  facet normal 0.634149 -0.773211 0
    outer loop
      vertex 40.3056 -48.7556 9.1375
      vertex 40.0793 -48.9412 1.35297
      vertex 40.3056 -48.7556 1.35297
    endloop
  endfacet
  facet normal 0.0905501 0.920117 -0.381032
    outer loop
      vertex 39.5081 48.9975 0.792905
      vertex 39.25 49.0229 0.792905
      vertex 39.25 49.1354 1.06457
    endloop
  endfacet
  facet normal 0.865126 -0.462407 -0.19426
    outer loop
      vertex 40.6291 -48.2713 1.35297
      vertex 40.4912 -48.5293 1.35297
      vertex 40.5761 -48.2493 1.06457
    endloop
  endfacet
  facet normal -0.297153 -0.243654 -0.923219
    outer loop
      vertex -39.75 -48.2 0.177118
      vertex -39.8379 -48.0928 0.177118
      vertex -39.5579 -48.0079 0.0645887
    endloop
  endfacet
  facet normal 0.678399 -0.205547 -0.705354
    outer loop
      vertex 40.3213 -48.1437 0.54841
      vertex 40.1292 -48.0642 0.340484
      vertex 40.3872 -47.9262 0.54841
    endloop
  endfacet
  facet normal -0.956909 -0.290387 0
    outer loop
      vertex -40.6291 -48.2713 1.35297
      vertex -40.7141 -47.9912 9.1375
      vertex -40.7141 -47.9912 1.35297
    endloop
  endfacet
  facet normal -0.956909 -0.290387 0
    outer loop
      vertex -40.7141 -47.9912 9.1375
      vertex -40.6291 -48.2713 1.35297
      vertex -40.6291 -48.2713 9.1375
    endloop
  endfacet
  facet normal 0.705439 -0.0695459 -0.705351
    outer loop
      vertex 40.3872 -47.9262 0.54841
      vertex 40.2016 -47.7 0.340484
      vertex 40.4095 -47.7 0.54841
    endloop
  endfacet
  facet normal 0.353497 -0.43089 -0.830285
    outer loop
      vertex 39.7787 -48.4912 0.340484
      vertex 39.6428 -48.2879 0.177118
      vertex 39.9229 -48.3729 0.340484
    endloop
  endfacet
  facet normal 0.881927 -0.471386 0
    outer loop
      vertex 40.4912 -48.5293 9.1375
      vertex 40.6291 -48.2713 1.35297
      vertex 40.6291 -48.2713 9.1375
    endloop
  endfacet
  facet normal 0.881927 -0.471386 0
    outer loop
      vertex 40.6291 -48.2713 1.35297
      vertex 40.4912 -48.5293 9.1375
      vertex 40.4912 -48.5293 1.35297
    endloop
  endfacet
  facet normal 0.634149 0.773211 -0
    outer loop
      vertex 40.3056 48.7556 1.35297
      vertex 40.0793 48.9412 9.1375
      vertex 40.3056 48.7556 9.1375
    endloop
  endfacet
  facet normal 0.634149 0.773211 0
    outer loop
      vertex 40.0793 48.9412 9.1375
      vertex 40.3056 48.7556 1.35297
      vertex 40.0793 48.9412 1.35297
    endloop
  endfacet
  facet normal 0.019069 0.195055 -0.980607
    outer loop
      vertex 39.3349 48.1271 0.0645887
      vertex 39.25 47.847 0.00722237
      vertex 39.25 48.1354 0.0645887
    endloop
  endfacet
  facet normal 0.382375 -0.0377107 -0.923237
    outer loop
      vertex 39.9435 -47.8379 0.177118
      vertex 39.6854 -47.7 0.0645887
      vertex 39.9571 -47.7 0.177118
    endloop
  endfacet
  facet normal 0.382522 0.0373961 -0.923189
    outer loop
      vertex 39.6854 47.7 0.0645887
      vertex 39.6771 47.7849 0.0645887
      vertex 39.9435 47.8379 0.177118
    endloop
  endfacet
  facet normal 0.714593 0.58658 -0.381157
    outer loop
      vertex 40.3499 48.435 0.792905
      vertex 40.1854 48.6354 0.792905
      vertex 40.4435 48.4975 1.06457
    endloop
  endfacet
  facet normal 0.865248 -0.462256 -0.194078
    outer loop
      vertex 40.4912 -48.5293 1.35297
      vertex 40.4435 -48.4975 1.06457
      vertex 40.5761 -48.2493 1.06457
    endloop
  endfacet
  facet normal -0.622095 -0.758514 -0.194049
    outer loop
      vertex -40.0793 -48.9412 1.35297
      vertex -40.3056 -48.7556 1.35297
      vertex -40.0475 -48.8935 1.06457
    endloop
  endfacet
  facet normal -0.0962266 -0.976212 -0.194295
    outer loop
      vertex -39.25 -49.1928 1.35297
      vertex -39.53 -49.1078 1.06457
      vertex -39.25 -49.1354 1.06457
    endloop
  endfacet
  facet normal 0 -0.831417 -0.555649
    outer loop
      vertex -39.25 -48.8595 0.54841
      vertex 39.25 -49.0229 0.792905
      vertex -39.25 -49.0229 0.792905
    endloop
  endfacet
  facet normal 0 -0.831417 -0.555649
    outer loop
      vertex 39.25 -49.0229 0.792905
      vertex -39.25 -48.8595 0.54841
      vertex 39.25 -48.8595 0.54841
    endloop
  endfacet
  facet normal 0 -0.555562 -0.831475
    outer loop
      vertex -39.25 -48.6516 0.340484
      vertex 39.25 -48.4071 0.177118
      vertex 39.25 -48.6516 0.340484
    endloop
  endfacet
  facet normal -0 -0.555562 -0.831475
    outer loop
      vertex 39.25 -48.4071 0.177118
      vertex -39.25 -48.6516 0.340484
      vertex -39.25 -48.4071 0.177118
    endloop
  endfacet
  facet normal 0.054708 0.554723 -0.830235
    outer loop
      vertex 39.3879 48.3935 0.177118
      vertex 39.25 48.4071 0.177118
      vertex 39.4356 48.6333 0.340484
    endloop
  endfacet
  facet normal 0.828638 -0.0816915 -0.553792
    outer loop
      vertex 40.5729 -47.7 0.792905
      vertex 40.3872 -47.9262 0.54841
      vertex 40.4095 -47.7 0.54841
    endloop
  endfacet
  facet normal 0.0373822 0.38238 -0.923249
    outer loop
      vertex 39.3349 48.1271 0.0645887
      vertex 39.25 48.1354 0.0645887
      vertex 39.25 48.4071 0.177118
    endloop
  endfacet
  facet normal 0.49144 -0.263013 -0.830248
    outer loop
      vertex 40.1292 -48.0642 0.340484
      vertex 39.8379 -48.0928 0.177118
      vertex 39.9033 -47.9706 0.177118
    endloop
  endfacet
  facet normal -0.181311 0.338781 -0.92323
    outer loop
      vertex -39.4919 48.062 0.0645887
      vertex -39.6428 48.2879 0.177118
      vertex -39.5206 48.3533 0.177118
    endloop
  endfacet
  facet normal 0.865248 0.462256 -0.194078
    outer loop
      vertex 40.5761 48.2493 1.06457
      vertex 40.4435 48.4975 1.06457
      vertex 40.4912 48.5293 1.35297
    endloop
  endfacet
  facet normal 0.382375 0.0377107 -0.923237
    outer loop
      vertex 39.9571 47.7 0.177118
      vertex 39.6854 47.7 0.0645887
      vertex 39.9435 47.8379 0.177118
    endloop
  endfacet
  facet normal -0.195059 0.0190693 -0.980606
    outer loop
      vertex -39.3942 47.7287 0.00722237
      vertex -39.6854 47.7 0.0645887
      vertex -39.6771 47.7849 0.0645887
    endloop
  endfacet
  facet normal -0.290387 0.956909 0
    outer loop
      vertex -39.5412 49.1641 1.35297
      vertex -39.8213 49.0791 9.1375
      vertex -39.5412 49.1641 9.1375
    endloop
  endfacet
  facet normal -0.290387 0.956909 0
    outer loop
      vertex -39.8213 49.0791 9.1375
      vertex -39.5412 49.1641 1.35297
      vertex -39.8213 49.0791 1.35297
    endloop
  endfacet
  facet normal 0.528301 0.643707 -0.553659
    outer loop
      vertex 40.0699 48.5199 0.54841
      vertex 39.8942 48.6641 0.54841
      vertex 40.1854 48.6354 0.792905
    endloop
  endfacet
  facet normal -0.828638 -0.0816915 -0.553792
    outer loop
      vertex -40.3872 -47.9262 0.54841
      vertex -40.5729 -47.7 0.792905
      vertex -40.4095 -47.7 0.54841
    endloop
  endfacet
  facet normal 0.0190308 0.195066 -0.980605
    outer loop
      vertex 39.2787 47.8442 0.00722237
      vertex 39.25 47.847 0.00722237
      vertex 39.3349 48.1271 0.0645887
    endloop
  endfacet
  facet normal -0.471386 0.881927 0
    outer loop
      vertex -39.8213 49.0791 1.35297
      vertex -40.0793 48.9412 9.1375
      vertex -39.8213 49.0791 9.1375
    endloop
  endfacet
  facet normal -0.471386 0.881927 0
    outer loop
      vertex -40.0793 48.9412 9.1375
      vertex -39.8213 49.0791 1.35297
      vertex -40.0793 48.9412 1.35297
    endloop
  endfacet
  facet normal 0 -1 0
    outer loop
      vertex -39.25 -49.1928 1.35297
      vertex -35.407 -49.1928 2
      vertex -39.25 -49.1928 2
    endloop
  endfacet
  facet normal 0 -1 -0
    outer loop
      vertex -35.407 -49.1928 2
      vertex -39.25 -49.1928 1.35297
      vertex 35.407 -49.1928 2
    endloop
  endfacet
  facet normal 0 -1 0
    outer loop
      vertex 39.25 -49.1928 1.35297
      vertex 35.407 -49.1928 2
      vertex -39.25 -49.1928 1.35297
    endloop
  endfacet
  facet normal 0 -1 0
    outer loop
      vertex 35.407 -49.1928 2
      vertex 39.25 -49.1928 1.35297
      vertex 39.25 -49.1928 2
    endloop
  endfacet
  facet normal 0.290387 -0.956909 0
    outer loop
      vertex 39.5412 -49.1641 1.35297
      vertex 39.8213 -49.0791 9.1375
      vertex 39.5412 -49.1641 9.1375
    endloop
  endfacet
  facet normal 0.290387 -0.956909 0
    outer loop
      vertex 39.8213 -49.0791 9.1375
      vertex 39.5412 -49.1641 1.35297
      vertex 39.8213 -49.0791 1.35297
    endloop
  endfacet
  facet normal 0.976212 0.0962266 -0.194295
    outer loop
      vertex 40.6854 47.7 1.06457
      vertex 40.6578 47.98 1.06457
      vertex 40.7428 47.7 1.35297
    endloop
  endfacet
  facet normal 1 -0 0
    outer loop
      vertex 40.7428 -47.7 9.1375
      vertex 40.7428 47.7 1.35297
      vertex 40.7428 47.7 9.1375
    endloop
  endfacet
  facet normal 1 0 0
    outer loop
      vertex 40.7428 47.7 1.35297
      vertex 40.7428 -47.7 9.1375
      vertex 40.7428 -47.7 1.35297
    endloop
  endfacet
  facet normal 0.881927 0.471386 0
    outer loop
      vertex 40.6291 48.2713 9.1375
      vertex 40.4912 48.5293 1.35297
      vertex 40.4912 48.5293 9.1375
    endloop
  endfacet
  facet normal 0.881927 0.471386 0
    outer loop
      vertex 40.4912 48.5293 1.35297
      vertex 40.6291 48.2713 9.1375
      vertex 40.6291 48.2713 1.35297
    endloop
  endfacet
  facet normal 0.884767 0.26842 -0.38097
    outer loop
      vertex 40.6578 47.98 1.06457
      vertex 40.4722 48.2062 0.792905
      vertex 40.5761 48.2493 1.06457
    endloop
  endfacet
  facet normal 0.938672 0.284852 -0.194305
    outer loop
      vertex 40.6578 47.98 1.06457
      vertex 40.6291 48.2713 1.35297
      vertex 40.7141 47.9912 1.35297
    endloop
  endfacet
  facet normal -0.865126 -0.462407 -0.19426
    outer loop
      vertex -40.4912 -48.5293 1.35297
      vertex -40.6291 -48.2713 1.35297
      vertex -40.5761 -48.2493 1.06457
    endloop
  endfacet
  facet normal -0.471386 -0.881927 0
    outer loop
      vertex -40.0793 -48.9412 1.35297
      vertex -39.8213 -49.0791 9.1375
      vertex -40.0793 -48.9412 9.1375
    endloop
  endfacet
  facet normal -0.471386 -0.881927 -0
    outer loop
      vertex -39.8213 -49.0791 9.1375
      vertex -40.0793 -48.9412 1.35297
      vertex -39.8213 -49.0791 1.35297
    endloop
  endfacet
  facet normal -0.547956 -0.449717 -0.705337
    outer loop
      vertex -40.0699 -48.5199 0.54841
      vertex -40.2141 -48.3442 0.54841
      vertex -39.9229 -48.3729 0.340484
    endloop
  endfacet
  facet normal -0.0925132 -0.172782 -0.980606
    outer loop
      vertex -39.3063 -47.8358 0.00722237
      vertex -39.4919 -48.062 0.0645887
      vertex -39.3317 -47.8222 0.00722237
    endloop
  endfacet
  facet normal 0.714627 -0.586487 -0.381237
    outer loop
      vertex 40.265 -48.715 1.06457
      vertex 40.1854 -48.6354 0.792905
      vertex 40.4435 -48.4975 1.06457
    endloop
  endfacet
  facet normal 0 -0.707151 -0.707063
    outer loop
      vertex -39.25 -48.8595 0.54841
      vertex 39.25 -48.6516 0.340484
      vertex 39.25 -48.8595 0.54841
    endloop
  endfacet
  facet normal -0 -0.707151 -0.707063
    outer loop
      vertex 39.25 -48.6516 0.340484
      vertex -39.25 -48.8595 0.54841
      vertex -39.25 -48.6516 0.340484
    endloop
  endfacet
  facet normal -0.431031 -0.353429 -0.830241
    outer loop
      vertex -39.75 -48.2 0.177118
      vertex -39.9229 -48.3729 0.340484
      vertex -39.8379 -48.0928 0.177118
    endloop
  endfacet
  facet normal 0.19509 0 -0.980785
    outer loop
      vertex 39.397 -47.7 0.00722237
      vertex 39.6854 47.7 0.0645887
      vertex 39.6854 -47.7 0.0645887
    endloop
  endfacet
  facet normal 0.19509 0 -0.980785
    outer loop
      vertex 39.6854 47.7 0.0645887
      vertex 39.397 -47.7 0.00722237
      vertex 39.397 47.7 0.00722237
    endloop
  endfacet
  facet normal 0.49144 0.263013 -0.830248
    outer loop
      vertex 39.9033 47.9706 0.177118
      vertex 39.8379 48.0928 0.177118
      vertex 40.1292 48.0642 0.340484
    endloop
  endfacet
  facet normal 0.758267 -0.622302 -0.194352
    outer loop
      vertex 40.3056 -48.7556 1.35297
      vertex 40.265 -48.715 1.06457
      vertex 40.4435 -48.4975 1.06457
    endloop
  endfacet
  facet normal 0.15158 -0.12425 -0.980605
    outer loop
      vertex 39.5579 -48.0079 0.0645887
      vertex 39.3722 -47.7817 0.00722237
      vertex 39.612 -47.9419 0.0645887
    endloop
  endfacet
  facet normal -0.0962133 0.976213 -0.194295
    outer loop
      vertex -39.25 49.1354 1.06457
      vertex -39.5412 49.1641 1.35297
      vertex -39.25 49.1928 1.35297
    endloop
  endfacet
  facet normal 0 1 0
    outer loop
      vertex 39.25 49.1928 9.1375
      vertex 37.15 49.1928 2.2
      vertex 37.15 49.1928 9.1375
    endloop
  endfacet
  facet normal 0 1 0
    outer loop
      vertex 37.15 49.1928 2.2
      vertex 39.25 49.1928 1.35297
      vertex -37.15 49.1928 2.2
    endloop
  endfacet
  facet normal 0 1 -0
    outer loop
      vertex 39.25 49.1928 1.35297
      vertex 37.15 49.1928 2.2
      vertex 39.25 49.1928 9.1375
    endloop
  endfacet
  facet normal 0 1 -0
    outer loop
      vertex -37.15 49.1928 2.2
      vertex -39.25 49.1928 9.1375
      vertex -37.15 49.1928 9.1375
    endloop
  endfacet
  facet normal 0 1 0
    outer loop
      vertex -37.15 49.1928 2.2
      vertex -39.25 49.1928 1.35297
      vertex -39.25 49.1928 9.1375
    endloop
  endfacet
  facet normal 0 1 0
    outer loop
      vertex -39.25 49.1928 1.35297
      vertex -37.15 49.1928 2.2
      vertex 39.25 49.1928 1.35297
    endloop
  endfacet
  facet normal -0.195055 -0.0190298 -0.980608
    outer loop
      vertex -39.3942 -47.7287 0.00722237
      vertex -39.6854 -47.7 0.0645887
      vertex -39.397 -47.7 0.00722237
    endloop
  endfacet
  facet normal -0.187491 -0.0570625 -0.980607
    outer loop
      vertex -39.3858 -47.7563 0.00722237
      vertex -39.6771 -47.785 0.0645887
      vertex -39.3942 -47.7287 0.00722237
    endloop
  endfacet
  facet normal 0.758468 0.622058 -0.194346
    outer loop
      vertex 40.4912 48.5293 1.35297
      vertex 40.265 48.715 1.06457
      vertex 40.3056 48.7556 1.35297
    endloop
  endfacet
  facet normal 0.758314 0.62234 -0.194043
    outer loop
      vertex 40.4435 48.4975 1.06457
      vertex 40.265 48.715 1.06457
      vertex 40.4912 48.5293 1.35297
    endloop
  endfacet
  facet normal -0.0546959 0.55473 -0.830231
    outer loop
      vertex -39.25 48.4071 0.177118
      vertex -39.4356 48.6333 0.340484
      vertex -39.25 48.6516 0.340484
    endloop
  endfacet
  facet normal 0.15158 0.12425 -0.980605
    outer loop
      vertex 39.612 47.9419 0.0645887
      vertex 39.3722 47.7817 0.00722237
      vertex 39.5579 48.0079 0.0645887
    endloop
  endfacet
  facet normal -0.382375 -0.0377107 -0.923237
    outer loop
      vertex -39.9435 -47.8379 0.177118
      vertex -39.9571 -47.7 0.177118
      vertex -39.6854 -47.7 0.0645887
    endloop
  endfacet
  facet normal -0.55473 -0.0547086 -0.83023
    outer loop
      vertex -39.9435 -47.8379 0.177118
      vertex -40.2016 -47.7 0.340484
      vertex -39.9571 -47.7 0.177118
    endloop
  endfacet
  facet normal 0 -0.19509 -0.980785
    outer loop
      vertex -39.25 -48.1354 0.0645887
      vertex 39.25 -47.847 0.00722237
      vertex 39.25 -48.1354 0.0645887
    endloop
  endfacet
  facet normal -0 -0.19509 -0.980785
    outer loop
      vertex 39.25 -47.847 0.00722237
      vertex -39.25 -48.1354 0.0645887
      vertex -39.25 -47.847 0.00722237
    endloop
  endfacet
  facet normal -0.0547086 -0.55473 -0.83023
    outer loop
      vertex -39.25 -48.6516 0.340484
      vertex -39.3879 -48.3935 0.177118
      vertex -39.25 -48.4071 0.177118
    endloop
  endfacet
  facet normal -0.49144 0.263013 -0.830248
    outer loop
      vertex -39.9033 47.9706 0.177118
      vertex -40.1292 48.0642 0.340484
      vertex -39.8379 48.0928 0.177118
    endloop
  endfacet
  facet normal -0.758267 -0.622302 -0.194352
    outer loop
      vertex -40.3056 -48.7556 1.35297
      vertex -40.4435 -48.4975 1.06457
      vertex -40.265 -48.715 1.06457
    endloop
  endfacet
  facet normal -0.284852 0.938672 -0.194305
    outer loop
      vertex -39.53 49.1078 1.06457
      vertex -39.8213 49.0791 1.35297
      vertex -39.5412 49.1641 1.35297
    endloop
  endfacet
  facet normal 0 0.382647 -0.923895
    outer loop
      vertex -39.25 48.1354 0.0645887
      vertex 39.25 48.4071 0.177118
      vertex 39.25 48.1354 0.0645887
    endloop
  endfacet
  facet normal 0 0.382647 -0.923895
    outer loop
      vertex 39.25 48.4071 0.177118
      vertex -39.25 48.1354 0.0645887
      vertex -39.25 48.4071 0.177118
    endloop
  endfacet
  facet normal -0.124035 -0.992278 0
    outer loop
      vertex -39.5412 -49.1641 9.1375
      vertex -39.5404 -49.1642 2
      vertex -39.5404 -49.1642 9.1375
    endloop
  endfacet
  facet normal -0.124035 -0.992278 0
    outer loop
      vertex -39.5412 -49.1641 1.35297
      vertex -39.5404 -49.1642 2
      vertex -39.5412 -49.1641 9.1375
    endloop
  endfacet
  facet normal -0.0980107 -0.995185 -3.2626e-05
    outer loop
      vertex -39.5412 -49.1641 1.35297
      vertex -39.25 -49.1928 2
      vertex -39.5404 -49.1642 2
    endloop
  endfacet
  facet normal -0.0980825 -0.995178 -0
    outer loop
      vertex -39.25 -49.1928 2
      vertex -39.5412 -49.1641 1.35297
      vertex -39.25 -49.1928 1.35297
    endloop
  endfacet
  facet normal -0.995178 -0.0980825 0
    outer loop
      vertex -40.7141 -47.9912 1.35297
      vertex -40.7428 -47.7 9.1375
      vertex -40.7428 -47.7 1.35297
    endloop
  endfacet
  facet normal -0.995178 -0.0980825 0
    outer loop
      vertex -40.7428 -47.7 9.1375
      vertex -40.7141 -47.9912 1.35297
      vertex -40.7141 -47.9912 9.1375
    endloop
  endfacet
  facet normal 0.26842 -0.884767 -0.38097
    outer loop
      vertex 39.7993 -49.0261 1.06457
      vertex 39.53 -49.1078 1.06457
      vertex 39.7562 -48.9222 0.792905
    endloop
  endfacet
  facet normal 0.284784 -0.938707 -0.194233
    outer loop
      vertex 39.8213 -49.0791 1.35297
      vertex 39.53 -49.1078 1.06457
      vertex 39.7993 -49.0261 1.06457
    endloop
  endfacet
  facet normal 0.995178 -0.0980825 0
    outer loop
      vertex 40.7141 -47.9912 9.1375
      vertex 40.7428 -47.7 1.35297
      vertex 40.7428 -47.7 9.1375
    endloop
  endfacet
  facet normal 0.995178 -0.0980825 0
    outer loop
      vertex 40.7428 -47.7 1.35297
      vertex 40.7141 -47.9912 9.1375
      vertex 40.7141 -47.9912 1.35297
    endloop
  endfacet
  facet normal 0.938707 -0.284784 -0.194233
    outer loop
      vertex 40.6291 -48.2713 1.35297
      vertex 40.5761 -48.2493 1.06457
      vertex 40.6578 -47.98 1.06457
    endloop
  endfacet
  facet normal 0.58658 0.714593 -0.381157
    outer loop
      vertex 40.1854 48.6354 0.792905
      vertex 39.985 48.7999 0.792905
      vertex 40.0475 48.8935 1.06457
    endloop
  endfacet
  facet normal 0.367756 0.111632 -0.923197
    outer loop
      vertex 39.6771 47.7849 0.0645887
      vertex 39.6523 47.8666 0.0645887
      vertex 39.9435 47.8379 0.177118
    endloop
  endfacet
  facet normal 0.976211 0.0962131 -0.194307
    outer loop
      vertex 40.7428 47.7 1.35297
      vertex 40.6578 47.98 1.06457
      vertex 40.7141 47.9912 1.35297
    endloop
  endfacet
  facet normal 0.995178 0.0980825 0
    outer loop
      vertex 40.7428 47.7 9.1375
      vertex 40.7141 47.9912 1.35297
      vertex 40.7141 47.9912 9.1375
    endloop
  endfacet
  facet normal 0.995178 0.0980825 0
    outer loop
      vertex 40.7141 47.9912 1.35297
      vertex 40.7428 47.7 9.1375
      vertex 40.7428 47.7 1.35297
    endloop
  endfacet
  facet normal -0.773211 -0.634149 0
    outer loop
      vertex -40.3056 -48.7556 1.35297
      vertex -40.4912 -48.5293 9.1375
      vertex -40.4912 -48.5293 1.35297
    endloop
  endfacet
  facet normal -0.773211 -0.634149 0
    outer loop
      vertex -40.4912 -48.5293 9.1375
      vertex -40.3056 -48.7556 1.35297
      vertex -40.3056 -48.7556 9.1375
    endloop
  endfacet
  facet normal -0.367762 -0.111771 -0.923178
    outer loop
      vertex -39.6523 -47.8666 0.0645887
      vertex -39.9435 -47.8379 0.177118
      vertex -39.6771 -47.785 0.0645887
    endloop
  endfacet
  facet normal -0.284852 -0.938672 -0.194305
    outer loop
      vertex -39.5412 -49.1641 1.35297
      vertex -39.8213 -49.0791 1.35297
      vertex -39.53 -49.1078 1.06457
    endloop
  endfacet
  facet normal -0.881927 -0.471386 0
    outer loop
      vertex -40.4912 -48.5293 1.35297
      vertex -40.6291 -48.2713 9.1375
      vertex -40.6291 -48.2713 1.35297
    endloop
  endfacet
  facet normal -0.881927 -0.471386 0
    outer loop
      vertex -40.6291 -48.2713 9.1375
      vertex -40.4912 -48.5293 1.35297
      vertex -40.4912 -48.5293 9.1375
    endloop
  endfacet
  facet normal -0.920105 -0.090696 -0.381027
    outer loop
      vertex -40.6578 -47.98 1.06457
      vertex -40.6854 -47.7 1.06457
      vertex -40.5729 -47.7 0.792905
    endloop
  endfacet
  facet normal -0.938672 -0.284852 -0.194305
    outer loop
      vertex -40.6291 -48.2713 1.35297
      vertex -40.7141 -47.9912 1.35297
      vertex -40.6578 -47.98 1.06457
    endloop
  endfacet
  facet normal -0.0816915 -0.828638 -0.553792
    outer loop
      vertex -39.25 -49.0229 0.792905
      vertex -39.4762 -48.8372 0.54841
      vertex -39.25 -48.8595 0.54841
    endloop
  endfacet
  facet normal 0.0905553 -0.92017 -0.380903
    outer loop
      vertex 39.53 -49.1078 1.06457
      vertex 39.25 -49.0229 0.792905
      vertex 39.5081 -48.9975 0.792905
    endloop
  endfacet
  facet normal 0.123978 0.151907 -0.980589
    outer loop
      vertex 39.354 47.804 0.00722237
      vertex 39.3317 47.8222 0.00722237
      vertex 39.5579 48.0079 0.0645887
    endloop
  endfacet
  facet normal -0.151907 0.123978 -0.980589
    outer loop
      vertex -39.3722 47.7817 0.00722237
      vertex -39.5579 48.0079 0.0645887
      vertex -39.354 47.804 0.00722237
    endloop
  endfacet
  facet normal -0.392649 -0.734386 -0.553628
    outer loop
      vertex -39.7562 -48.9222 0.792905
      vertex -39.8942 -48.6641 0.54841
      vertex -39.6937 -48.7713 0.54841
    endloop
  endfacet
  facet normal 0.090696 -0.920105 -0.381027
    outer loop
      vertex 39.53 -49.1078 1.06457
      vertex 39.25 -49.1354 1.06457
      vertex 39.25 -49.0229 0.792905
    endloop
  endfacet
  facet normal -0.528301 -0.643707 -0.553659
    outer loop
      vertex -39.8942 -48.6641 0.54841
      vertex -40.1854 -48.6354 0.792905
      vertex -40.0699 -48.5199 0.54841
    endloop
  endfacet
  facet normal 0.195057 -0.0190467 -0.980607
    outer loop
      vertex 39.6771 -47.785 0.0645887
      vertex 39.3942 -47.7287 0.00722237
      vertex 39.6854 -47.7 0.0645887
    endloop
  endfacet
  facet normal 0.54799 -0.449565 -0.705406
    outer loop
      vertex 40.2141 -48.3442 0.54841
      vertex 39.9229 -48.3729 0.340484
      vertex 40.0412 -48.2287 0.340484
    endloop
  endfacet
  facet normal 0.976211 -0.0962131 -0.194307
    outer loop
      vertex 40.7141 -47.9912 1.35297
      vertex 40.6578 -47.98 1.06457
      vertex 40.7428 -47.7 1.35297
    endloop
  endfacet
  facet normal 0.884772 -0.268534 -0.380878
    outer loop
      vertex 40.6578 -47.98 1.06457
      vertex 40.4722 -48.2062 0.792905
      vertex 40.5475 -47.9581 0.792905
    endloop
  endfacet
  facet normal 0.382647 0 -0.923895
    outer loop
      vertex 39.6854 -47.7 0.0645887
      vertex 39.9571 47.7 0.177118
      vertex 39.9571 -47.7 0.177118
    endloop
  endfacet
  facet normal 0.382647 0 -0.923895
    outer loop
      vertex 39.9571 47.7 0.177118
      vertex 39.6854 -47.7 0.0645887
      vertex 39.6854 47.7 0.0645887
    endloop
  endfacet
  facet normal 0.367762 -0.111771 -0.923178
    outer loop
      vertex 39.9435 -47.8379 0.177118
      vertex 39.6523 -47.8666 0.0645887
      vertex 39.6771 -47.785 0.0645887
    endloop
  endfacet
  facet normal 0.195055 0.0190298 -0.980608
    outer loop
      vertex 39.397 47.7 0.00722237
      vertex 39.3942 47.7287 0.00722237
      vertex 39.6854 47.7 0.0645887
    endloop
  endfacet
  facet normal 0.187491 -0.0570625 -0.980607
    outer loop
      vertex 39.6771 -47.785 0.0645887
      vertex 39.3858 -47.7563 0.00722237
      vertex 39.3942 -47.7287 0.00722237
    endloop
  endfacet
  facet normal -0.533466 0.161593 -0.830242
    outer loop
      vertex -39.9435 47.8379 0.177118
      vertex -40.1833 47.8856 0.340484
      vertex -40.1292 48.0642 0.340484
    endloop
  endfacet
  facet normal 0.586487 0.714627 -0.381237
    outer loop
      vertex 40.1854 48.6354 0.792905
      vertex 40.0475 48.8935 1.06457
      vertex 40.265 48.715 1.06457
    endloop
  endfacet
  facet normal 0.2055 0.678416 -0.705352
    outer loop
      vertex 39.6142 48.5792 0.340484
      vertex 39.4356 48.6333 0.340484
      vertex 39.6937 48.7713 0.54841
    endloop
  endfacet
  facet normal 0.172791 0.0925182 -0.980604
    outer loop
      vertex 39.3858 47.7563 0.00722237
      vertex 39.3722 47.7817 0.00722237
      vertex 39.6523 47.8666 0.0645887
    endloop
  endfacet
  facet normal 0.172782 -0.0925132 -0.980606
    outer loop
      vertex 39.612 -47.9419 0.0645887
      vertex 39.3722 -47.7817 0.00722237
      vertex 39.3858 -47.7563 0.00722237
    endloop
  endfacet
  facet normal 0.0546959 0.55473 -0.830231
    outer loop
      vertex 39.4356 48.6333 0.340484
      vertex 39.25 48.4071 0.177118
      vertex 39.25 48.6516 0.340484
    endloop
  endfacet
  facet normal 0.161592 0.533461 -0.830245
    outer loop
      vertex 39.5206 48.3533 0.177118
      vertex 39.4356 48.6333 0.340484
      vertex 39.6142 48.5792 0.340484
    endloop
  endfacet
  facet normal 0.111421 0.367801 -0.923205
    outer loop
      vertex 39.5206 48.3533 0.177118
      vertex 39.3349 48.1271 0.0645887
      vertex 39.3879 48.3935 0.177118
    endloop
  endfacet
  facet normal 0.0377193 0.382463 -0.923201
    outer loop
      vertex 39.3349 48.1271 0.0645887
      vertex 39.25 48.4071 0.177118
      vertex 39.3879 48.3935 0.177118
    endloop
  endfacet
  facet normal -0.353429 0.431031 -0.830241
    outer loop
      vertex -39.75 48.2 0.177118
      vertex -39.9229 48.3729 0.340484
      vertex -39.6428 48.2879 0.177118
    endloop
  endfacet
  facet normal -0.33878 -0.181313 -0.92323
    outer loop
      vertex -39.612 -47.9419 0.0645887
      vertex -39.8379 -48.0928 0.177118
      vertex -39.6523 -47.8666 0.0645887
    endloop
  endfacet
  facet normal 0 0.19509 -0.980785
    outer loop
      vertex -39.25 47.847 0.00722237
      vertex 39.25 48.1354 0.0645887
      vertex 39.25 47.847 0.00722237
    endloop
  endfacet
  facet normal 0 0.19509 -0.980785
    outer loop
      vertex 39.25 48.1354 0.0645887
      vertex -39.25 47.847 0.00722237
      vertex -39.25 48.1354 0.0645887
    endloop
  endfacet
  facet normal -0.707151 0 -0.707063
    outer loop
      vertex -40.2016 -47.7 0.340484
      vertex -40.4095 47.7 0.54841
      vertex -40.2016 47.7 0.340484
    endloop
  endfacet
  facet normal -0.707151 -0 -0.707063
    outer loop
      vertex -40.4095 47.7 0.54841
      vertex -40.2016 -47.7 0.340484
      vertex -40.4095 -47.7 0.54841
    endloop
  endfacet
  facet normal -0.382375 0.0377107 -0.923237
    outer loop
      vertex -39.6854 47.7 0.0645887
      vertex -39.9571 47.7 0.177118
      vertex -39.9435 47.8379 0.177118
    endloop
  endfacet
  facet normal -0.0962131 -0.976211 -0.194307
    outer loop
      vertex -39.25 -49.1928 1.35297
      vertex -39.5412 -49.1641 1.35297
      vertex -39.53 -49.1078 1.06457
    endloop
  endfacet
  facet normal -0.796988 -0.241478 -0.553622
    outer loop
      vertex -40.3213 -48.1437 0.54841
      vertex -40.4722 -48.2062 0.792905
      vertex -40.3872 -47.9262 0.54841
    endloop
  endfacet
  facet normal -0.705439 -0.0695459 -0.705351
    outer loop
      vertex -40.3872 -47.9262 0.54841
      vertex -40.4095 -47.7 0.54841
      vertex -40.2016 -47.7 0.340484
    endloop
  endfacet
  facet normal -0.382647 0 -0.923895
    outer loop
      vertex -39.9571 -47.7 0.177118
      vertex -39.6854 47.7 0.0645887
      vertex -39.6854 -47.7 0.0645887
    endloop
  endfacet
  facet normal -0.382647 0 -0.923895
    outer loop
      vertex -39.6854 47.7 0.0645887
      vertex -39.9571 -47.7 0.177118
      vertex -39.9571 47.7 0.177118
    endloop
  endfacet
  facet normal -0.187499 -0.0569851 -0.98061
    outer loop
      vertex -39.6523 -47.8666 0.0645887
      vertex -39.6771 -47.785 0.0645887
      vertex -39.3858 -47.7563 0.00722237
    endloop
  endfacet
  facet normal -0.0190298 -0.195055 -0.980608
    outer loop
      vertex -39.25 -48.1354 0.0645887
      vertex -39.2787 -47.8442 0.00722237
      vertex -39.25 -47.847 0.00722237
    endloop
  endfacet
  facet normal -0.181313 0.33878 -0.92323
    outer loop
      vertex -39.4919 48.062 0.0645887
      vertex -39.5206 48.3533 0.177118
      vertex -39.4166 48.1023 0.0645887
    endloop
  endfacet
  facet normal -0.241422 0.796803 -0.553913
    outer loop
      vertex -39.4762 48.8372 0.54841
      vertex -39.6937 48.7713 0.54841
      vertex -39.5081 48.9975 0.792905
    endloop
  endfacet
  facet normal -0.0905501 0.920117 -0.381032
    outer loop
      vertex -39.25 49.0229 0.792905
      vertex -39.5081 48.9975 0.792905
      vertex -39.25 49.1354 1.06457
    endloop
  endfacet
  facet normal -1 0 0
    outer loop
      vertex -40.7428 -47.7 1.35297
      vertex -40.7428 47.7 9.1375
      vertex -40.7428 47.7 1.35297
    endloop
  endfacet
  facet normal -1 -0 0
    outer loop
      vertex -40.7428 47.7 9.1375
      vertex -40.7428 -47.7 1.35297
      vertex -40.7428 -47.7 9.1375
    endloop
  endfacet
  facet normal 0 -0.980763 -0.1952
    outer loop
      vertex -39.25 -49.1354 1.06457
      vertex 39.25 -49.1928 1.35297
      vertex -39.25 -49.1928 1.35297
    endloop
  endfacet
  facet normal 0 -0.980763 -0.1952
    outer loop
      vertex 39.25 -49.1928 1.35297
      vertex -39.25 -49.1354 1.06457
      vertex 39.25 -49.1354 1.06457
    endloop
  endfacet
  facet normal 0.0695551 -0.705433 -0.705355
    outer loop
      vertex 39.4762 -48.8372 0.54841
      vertex 39.25 -48.6516 0.340484
      vertex 39.4356 -48.6333 0.340484
    endloop
  endfacet
  facet normal 0.161593 -0.533466 -0.830242
    outer loop
      vertex 39.4356 -48.6333 0.340484
      vertex 39.3879 -48.3935 0.177118
      vertex 39.6142 -48.5792 0.340484
    endloop
  endfacet
  facet normal 0.284852 -0.938672 -0.194305
    outer loop
      vertex 39.5412 -49.1641 1.35297
      vertex 39.53 -49.1078 1.06457
      vertex 39.8213 -49.0791 1.35297
    endloop
  endfacet
  facet normal 0.956909 -0.290387 0
    outer loop
      vertex 40.6291 -48.2713 9.1375
      vertex 40.7141 -47.9912 1.35297
      vertex 40.7141 -47.9912 9.1375
    endloop
  endfacet
  facet normal 0.956909 -0.290387 0
    outer loop
      vertex 40.7141 -47.9912 1.35297
      vertex 40.6291 -48.2713 9.1375
      vertex 40.6291 -48.2713 1.35297
    endloop
  endfacet
  facet normal 0.0980825 0.995178 -0
    outer loop
      vertex 39.5412 49.1641 1.35297
      vertex 39.25 49.1928 9.1375
      vertex 39.5412 49.1641 9.1375
    endloop
  endfacet
  facet normal 0.0980825 0.995178 0
    outer loop
      vertex 39.25 49.1928 9.1375
      vertex 39.5412 49.1641 1.35297
      vertex 39.25 49.1928 1.35297
    endloop
  endfacet
  facet normal 0.290387 0.956909 -0
    outer loop
      vertex 39.8213 49.0791 1.35297
      vertex 39.5412 49.1641 9.1375
      vertex 39.8213 49.0791 9.1375
    endloop
  endfacet
  facet normal 0.290387 0.956909 0
    outer loop
      vertex 39.5412 49.1641 9.1375
      vertex 39.8213 49.0791 1.35297
      vertex 39.5412 49.1641 1.35297
    endloop
  endfacet
  facet normal 0.980763 0 -0.1952
    outer loop
      vertex 40.7428 -47.7 1.35297
      vertex 40.6854 47.7 1.06457
      vertex 40.7428 47.7 1.35297
    endloop
  endfacet
  facet normal 0.980763 0 -0.1952
    outer loop
      vertex 40.6854 47.7 1.06457
      vertex 40.7428 -47.7 1.35297
      vertex 40.6854 -47.7 1.06457
    endloop
  endfacet
  facet normal 0.449717 0.547956 -0.705337
    outer loop
      vertex 39.9229 48.3729 0.340484
      vertex 39.8942 48.6641 0.54841
      vertex 40.0699 48.5199 0.54841
    endloop
  endfacet
  facet normal 0.33878 0.181313 -0.92323
    outer loop
      vertex 39.6523 47.8666 0.0645887
      vertex 39.612 47.9419 0.0645887
      vertex 39.8379 48.0928 0.177118
    endloop
  endfacet
  facet normal 0.815429 0.43564 -0.381174
    outer loop
      vertex 40.5761 48.2493 1.06457
      vertex 40.3499 48.435 0.792905
      vertex 40.4435 48.4975 1.06457
    endloop
  endfacet
  facet normal 0.714627 0.586487 -0.381237
    outer loop
      vertex 40.4435 48.4975 1.06457
      vertex 40.1854 48.6354 0.792905
      vertex 40.265 48.715 1.06457
    endloop
  endfacet
  facet normal -0.976212 -0.0962266 -0.194295
    outer loop
      vertex -40.6578 -47.98 1.06457
      vertex -40.7428 -47.7 1.35297
      vertex -40.6854 -47.7 1.06457
    endloop
  endfacet
  facet normal -0.533466 -0.161593 -0.830242
    outer loop
      vertex -40.1292 -48.0642 0.340484
      vertex -40.1833 -47.8856 0.340484
      vertex -39.9435 -47.8379 0.177118
    endloop
  endfacet
  facet normal -0.678399 -0.205547 -0.705354
    outer loop
      vertex -40.3213 -48.1437 0.54841
      vertex -40.3872 -47.9262 0.54841
      vertex -40.1292 -48.0642 0.340484
    endloop
  endfacet
  facet normal -0.758514 -0.622095 -0.194049
    outer loop
      vertex -40.3056 -48.7556 1.35297
      vertex -40.4912 -48.5293 1.35297
      vertex -40.4435 -48.4975 1.06457
    endloop
  endfacet
  facet normal -0.815331 -0.435817 -0.381181
    outer loop
      vertex -40.4435 -48.4975 1.06457
      vertex -40.4722 -48.2062 0.792905
      vertex -40.3499 -48.435 0.792905
    endloop
  endfacet
  facet normal 0.172805 -0.0924842 -0.980604
    outer loop
      vertex 39.612 -47.9419 0.0645887
      vertex 39.3858 -47.7563 0.00722237
      vertex 39.6523 -47.8666 0.0645887
    endloop
  endfacet
  facet normal -0.181312 -0.338781 -0.92323
    outer loop
      vertex -39.5206 -48.3533 0.177118
      vertex -39.6428 -48.2879 0.177118
      vertex -39.4166 -48.1023 0.0645887
    endloop
  endfacet
  facet normal 0.449565 -0.54799 -0.705406
    outer loop
      vertex 39.8942 -48.6641 0.54841
      vertex 39.7787 -48.4912 0.340484
      vertex 39.9229 -48.3729 0.340484
    endloop
  endfacet
  facet normal 0.111405 -0.367746 -0.923229
    outer loop
      vertex 39.5206 -48.3533 0.177118
      vertex 39.3879 -48.3935 0.177118
      vertex 39.4166 -48.1023 0.0645887
    endloop
  endfacet
  facet normal 0.338781 -0.181312 -0.92323
    outer loop
      vertex 39.8379 -48.0928 0.177118
      vertex 39.6523 -47.8666 0.0645887
      vertex 39.9033 -47.9706 0.177118
    endloop
  endfacet
  facet normal 0.195059 0.0190693 -0.980606
    outer loop
      vertex 39.6854 47.7 0.0645887
      vertex 39.3942 47.7287 0.00722237
      vertex 39.6771 47.7849 0.0645887
    endloop
  endfacet
  facet normal -0.528335 -0.643638 -0.553708
    outer loop
      vertex -39.985 -48.7999 0.792905
      vertex -40.1854 -48.6354 0.792905
      vertex -39.8942 -48.6641 0.54841
    endloop
  endfacet
  facet normal -0.586487 -0.714627 -0.381237
    outer loop
      vertex -40.0475 -48.8935 1.06457
      vertex -40.265 -48.715 1.06457
      vertex -40.1854 -48.6354 0.792905
    endloop
  endfacet
  facet normal -0.0695459 -0.705439 -0.705351
    outer loop
      vertex -39.25 -48.8595 0.54841
      vertex -39.4762 -48.8372 0.54841
      vertex -39.25 -48.6516 0.340484
    endloop
  endfacet
  facet normal 0.056923 -0.187525 -0.980609
    outer loop
      vertex 39.3349 -48.1271 0.0645887
      vertex 39.3063 -47.8358 0.00722237
      vertex 39.4166 -48.1023 0.0645887
    endloop
  endfacet
  facet normal 0.0373961 -0.382522 -0.923189
    outer loop
      vertex 39.3879 -48.3935 0.177118
      vertex 39.25 -48.1354 0.0645887
      vertex 39.3349 -48.1271 0.0645887
    endloop
  endfacet
  facet normal 0.181313 0.33878 -0.92323
    outer loop
      vertex 39.4919 48.062 0.0645887
      vertex 39.4166 48.1023 0.0645887
      vertex 39.5206 48.3533 0.177118
    endloop
  endfacet
  facet normal -0.111605 0.367666 -0.923237
    outer loop
      vertex -39.4166 48.1023 0.0645887
      vertex -39.5206 48.3533 0.177118
      vertex -39.3349 48.1271 0.0645887
    endloop
  endfacet
  facet normal 0.796988 -0.241478 -0.553622
    outer loop
      vertex 40.4722 -48.2062 0.792905
      vertex 40.3213 -48.1437 0.54841
      vertex 40.3872 -47.9262 0.54841
    endloop
  endfacet
  facet normal 0.938672 -0.284852 -0.194305
    outer loop
      vertex 40.7141 -47.9912 1.35297
      vertex 40.6291 -48.2713 1.35297
      vertex 40.6578 -47.98 1.06457
    endloop
  endfacet
  facet normal 0.643707 -0.528301 -0.553659
    outer loop
      vertex 40.1854 -48.6354 0.792905
      vertex 40.0699 -48.5199 0.54841
      vertex 40.2141 -48.3442 0.54841
    endloop
  endfacet
  facet normal 0.528301 -0.643707 -0.553659
    outer loop
      vertex 40.1854 -48.6354 0.792905
      vertex 39.8942 -48.6641 0.54841
      vertex 40.0699 -48.5199 0.54841
    endloop
  endfacet
  facet normal 0.554725 -0.0546954 -0.830234
    outer loop
      vertex 40.1833 -47.8856 0.340484
      vertex 39.9435 -47.8379 0.177118
      vertex 40.2016 -47.7 0.340484
    endloop
  endfacet
  facet normal 0.831417 0 -0.555649
    outer loop
      vertex 40.5729 -47.7 0.792905
      vertex 40.4095 47.7 0.54841
      vertex 40.5729 47.7 0.792905
    endloop
  endfacet
  facet normal 0.831417 0 -0.555649
    outer loop
      vertex 40.4095 47.7 0.54841
      vertex 40.5729 -47.7 0.792905
      vertex 40.4095 -47.7 0.54841
    endloop
  endfacet
  facet normal 0.55473 -0.0547086 -0.83023
    outer loop
      vertex 40.2016 -47.7 0.340484
      vertex 39.9435 -47.8379 0.177118
      vertex 39.9571 -47.7 0.177118
    endloop
  endfacet
  facet normal 0.533466 -0.161593 -0.830242
    outer loop
      vertex 40.1292 -48.0642 0.340484
      vertex 39.9435 -47.8379 0.177118
      vertex 40.1833 -47.8856 0.340484
    endloop
  endfacet
  facet normal 0.462238 0.865215 -0.194264
    outer loop
      vertex 40.0475 48.8935 1.06457
      vertex 39.7993 49.0261 1.06457
      vertex 39.8213 49.0791 1.35297
    endloop
  endfacet
  facet normal 0.241422 0.796803 -0.553913
    outer loop
      vertex 39.6937 48.7713 0.54841
      vertex 39.4762 48.8372 0.54841
      vertex 39.5081 48.9975 0.792905
    endloop
  endfacet
  facet normal 0.181313 -0.33878 -0.92323
    outer loop
      vertex 39.6428 -48.2879 0.177118
      vertex 39.4166 -48.1023 0.0645887
      vertex 39.4919 -48.062 0.0645887
    endloop
  endfacet
  facet normal 0.18747 0.0570561 -0.980612
    outer loop
      vertex 39.3942 47.7287 0.00722237
      vertex 39.3858 47.7563 0.00722237
      vertex 39.6523 47.8666 0.0645887
    endloop
  endfacet
  facet normal 0.297175 0.243594 -0.923228
    outer loop
      vertex 39.612 47.9419 0.0645887
      vertex 39.5579 48.0079 0.0645887
      vertex 39.8379 48.0928 0.177118
    endloop
  endfacet
  facet normal 0.12425 0.15158 -0.980605
    outer loop
      vertex 39.5579 48.0079 0.0645887
      vertex 39.3317 47.8222 0.00722237
      vertex 39.4919 48.062 0.0645887
    endloop
  endfacet
  facet normal -0.205541 0.678378 -0.705377
    outer loop
      vertex -39.4356 48.6333 0.340484
      vertex -39.6937 48.7713 0.54841
      vertex -39.4762 48.8372 0.54841
    endloop
  endfacet
  facet normal 0.0695556 0.705438 -0.70535
    outer loop
      vertex 39.4356 48.6333 0.340484
      vertex 39.25 48.6516 0.340484
      vertex 39.25 48.8595 0.54841
    endloop
  endfacet
  facet normal -0.195055 0.0190298 -0.980608
    outer loop
      vertex -39.397 47.7 0.00722237
      vertex -39.6854 47.7 0.0645887
      vertex -39.3942 47.7287 0.00722237
    endloop
  endfacet
  facet normal -0.297175 -0.243594 -0.923228
    outer loop
      vertex -39.5579 -48.0079 0.0645887
      vertex -39.8379 -48.0928 0.177118
      vertex -39.612 -47.9419 0.0645887
    endloop
  endfacet
  facet normal 0.151907 0.123978 -0.980589
    outer loop
      vertex 39.3722 47.7817 0.00722237
      vertex 39.354 47.804 0.00722237
      vertex 39.5579 48.0079 0.0645887
    endloop
  endfacet
  facet normal 0.0570681 0.187509 -0.980604
    outer loop
      vertex 39.3063 47.8358 0.00722237
      vertex 39.2787 47.8442 0.00722237
      vertex 39.3349 48.1271 0.0645887
    endloop
  endfacet
  facet normal 0.187538 0.0569271 -0.980606
    outer loop
      vertex 39.6771 47.7849 0.0645887
      vertex 39.3942 47.7287 0.00722237
      vertex 39.6523 47.8666 0.0645887
    endloop
  endfacet
  facet normal -0.533456 0.161605 -0.830246
    outer loop
      vertex -39.9435 47.8379 0.177118
      vertex -40.1292 48.0642 0.340484
      vertex -39.9033 47.9706 0.177118
    endloop
  endfacet
  facet normal -0.431031 0.353429 -0.830241
    outer loop
      vertex -39.8379 48.0928 0.177118
      vertex -39.9229 48.3729 0.340484
      vertex -39.75 48.2 0.177118
    endloop
  endfacet
  facet normal -0.367746 0.111405 -0.923229
    outer loop
      vertex -39.6523 47.8666 0.0645887
      vertex -39.9435 47.8379 0.177118
      vertex -39.9033 47.9706 0.177118
    endloop
  endfacet
  facet normal -0.55473 0.0547086 -0.83023
    outer loop
      vertex -39.9571 47.7 0.177118
      vertex -40.2016 47.7 0.340484
      vertex -39.9435 47.8379 0.177118
    endloop
  endfacet
  facet normal -0.734392 -0.392553 -0.553689
    outer loop
      vertex -40.3499 -48.435 0.792905
      vertex -40.4722 -48.2062 0.792905
      vertex -40.2141 -48.3442 0.54841
    endloop
  endfacet
  facet normal -0.643707 -0.528301 -0.553659
    outer loop
      vertex -40.1854 -48.6354 0.792905
      vertex -40.2141 -48.3442 0.54841
      vertex -40.0699 -48.5199 0.54841
    endloop
  endfacet
  facet normal -0.449717 -0.547956 -0.705337
    outer loop
      vertex -39.8942 -48.6641 0.54841
      vertex -40.0699 -48.5199 0.54841
      vertex -39.9229 -48.3729 0.340484
    endloop
  endfacet
  facet normal -0.12425 -0.15158 -0.980605
    outer loop
      vertex -39.4919 -48.062 0.0645887
      vertex -39.5579 -48.0079 0.0645887
      vertex -39.3317 -47.8222 0.00722237
    endloop
  endfacet
  facet normal -0.555562 0 -0.831475
    outer loop
      vertex -40.2016 -47.7 0.340484
      vertex -39.9571 47.7 0.177118
      vertex -39.9571 -47.7 0.177118
    endloop
  endfacet
  facet normal -0.555562 0 -0.831475
    outer loop
      vertex -39.9571 47.7 0.177118
      vertex -40.2016 -47.7 0.340484
      vertex -40.2016 47.7 0.340484
    endloop
  endfacet
  facet normal -0.382542 -0.0373541 -0.923183
    outer loop
      vertex -39.6771 -47.785 0.0645887
      vertex -39.9435 -47.8379 0.177118
      vertex -39.6854 -47.7 0.0645887
    endloop
  endfacet
  facet normal -0.205547 -0.678399 -0.705354
    outer loop
      vertex -39.4762 -48.8372 0.54841
      vertex -39.6937 -48.7713 0.54841
      vertex -39.6142 -48.5792 0.340484
    endloop
  endfacet
  facet normal -0.0190693 -0.195059 -0.980606
    outer loop
      vertex -39.25 -48.1354 0.0645887
      vertex -39.3349 -48.1271 0.0645887
      vertex -39.2787 -47.8442 0.00722237
    endloop
  endfacet
  facet normal -0.18747 0.0570561 -0.980612
    outer loop
      vertex -39.3942 47.7287 0.00722237
      vertex -39.6523 47.8666 0.0645887
      vertex -39.3858 47.7563 0.00722237
    endloop
  endfacet
  facet normal -0.881927 0.471386 0
    outer loop
      vertex -40.6291 48.2713 1.35297
      vertex -40.4912 48.5293 9.1375
      vertex -40.4912 48.5293 1.35297
    endloop
  endfacet
  facet normal -0.881927 0.471386 0
    outer loop
      vertex -40.4912 48.5293 9.1375
      vertex -40.6291 48.2713 1.35297
      vertex -40.6291 48.2713 9.1375
    endloop
  endfacet
  facet normal -0.92017 0.0905553 -0.380903
    outer loop
      vertex -40.5729 47.7 0.792905
      vertex -40.6578 47.98 1.06457
      vertex -40.5475 47.9581 0.792905
    endloop
  endfacet
  facet normal 0.382542 -0.0373541 -0.923183
    outer loop
      vertex 39.9435 -47.8379 0.177118
      vertex 39.6771 -47.785 0.0645887
      vertex 39.6854 -47.7 0.0645887
    endloop
  endfacet
  facet normal -0.056923 0.187525 -0.980609
    outer loop
      vertex -39.3063 47.8358 0.00722237
      vertex -39.4166 48.1023 0.0645887
      vertex -39.3349 48.1271 0.0645887
    endloop
  endfacet
  facet normal -0.0190308 0.195066 -0.980605
    outer loop
      vertex -39.2787 47.8442 0.00722237
      vertex -39.3349 48.1271 0.0645887
      vertex -39.25 47.847 0.00722237
    endloop
  endfacet
  facet normal 0 0.923912 -0.382604
    outer loop
      vertex 39.25 49.0229 0.792905
      vertex -39.25 49.1354 1.06457
      vertex 39.25 49.1354 1.06457
    endloop
  endfacet
  facet normal 0 0.923912 -0.382604
    outer loop
      vertex -39.25 49.1354 1.06457
      vertex 39.25 49.0229 0.792905
      vertex -39.25 49.0229 0.792905
    endloop
  endfacet
  facet normal 0.161607 0.533463 -0.830241
    outer loop
      vertex 39.5206 48.3533 0.177118
      vertex 39.3879 48.3935 0.177118
      vertex 39.4356 48.6333 0.340484
    endloop
  endfacet
  facet normal -0.241853 0.796862 -0.55364
    outer loop
      vertex -39.6937 48.7713 0.54841
      vertex -39.7562 48.9222 0.792905
      vertex -39.5081 48.9975 0.792905
    endloop
  endfacet
  facet normal -0.705439 0.0695459 -0.705351
    outer loop
      vertex -40.2016 47.7 0.340484
      vertex -40.4095 47.7 0.54841
      vertex -40.3872 47.9262 0.54841
    endloop
  endfacet
  facet normal 0.241478 -0.796988 -0.553622
    outer loop
      vertex 39.7562 -48.9222 0.792905
      vertex 39.4762 -48.8372 0.54841
      vertex 39.6937 -48.7713 0.54841
    endloop
  endfacet
  facet normal 0 -0.923912 -0.382604
    outer loop
      vertex -39.25 -49.0229 0.792905
      vertex 39.25 -49.1354 1.06457
      vertex -39.25 -49.1354 1.06457
    endloop
  endfacet
  facet normal 0 -0.923912 -0.382604
    outer loop
      vertex 39.25 -49.1354 1.06457
      vertex -39.25 -49.0229 0.792905
      vertex 39.25 -49.0229 0.792905
    endloop
  endfacet
  facet normal 0.431031 -0.353429 -0.830241
    outer loop
      vertex 39.9229 -48.3729 0.340484
      vertex 39.75 -48.2 0.177118
      vertex 39.8379 -48.0928 0.177118
    endloop
  endfacet
  facet normal 0.491446 -0.262901 -0.830279
    outer loop
      vertex 40.0412 -48.2287 0.340484
      vertex 39.8379 -48.0928 0.177118
      vertex 40.1292 -48.0642 0.340484
    endloop
  endfacet
  facet normal 0.773211 -0.634149 0
    outer loop
      vertex 40.3056 -48.7556 9.1375
      vertex 40.4912 -48.5293 1.35297
      vertex 40.4912 -48.5293 9.1375
    endloop
  endfacet
  facet normal 0.773211 -0.634149 0
    outer loop
      vertex 40.4912 -48.5293 1.35297
      vertex 40.3056 -48.7556 9.1375
      vertex 40.3056 -48.7556 1.35297
    endloop
  endfacet
  facet normal 0.758514 -0.622095 -0.194049
    outer loop
      vertex 40.4912 -48.5293 1.35297
      vertex 40.3056 -48.7556 1.35297
      vertex 40.4435 -48.4975 1.06457
    endloop
  endfacet
  facet normal 0.773211 0.634149 0
    outer loop
      vertex 40.4912 48.5293 9.1375
      vertex 40.3056 48.7556 1.35297
      vertex 40.3056 48.7556 9.1375
    endloop
  endfacet
  facet normal 0.773211 0.634149 0
    outer loop
      vertex 40.3056 48.7556 1.35297
      vertex 40.4912 48.5293 9.1375
      vertex 40.4912 48.5293 1.35297
    endloop
  endfacet
  facet normal 0.920105 0.090696 -0.381027
    outer loop
      vertex 40.6854 47.7 1.06457
      vertex 40.5729 47.7 0.792905
      vertex 40.6578 47.98 1.06457
    endloop
  endfacet
  facet normal 0.555562 0 -0.831475
    outer loop
      vertex 39.9571 -47.7 0.177118
      vertex 40.2016 47.7 0.340484
      vertex 40.2016 -47.7 0.340484
    endloop
  endfacet
  facet normal 0.555562 0 -0.831475
    outer loop
      vertex 40.2016 47.7 0.340484
      vertex 39.9571 -47.7 0.177118
      vertex 39.9571 47.7 0.177118
    endloop
  endfacet
  facet normal 0.815396 0.435852 -0.381002
    outer loop
      vertex 40.4722 48.2062 0.792905
      vertex 40.3499 48.435 0.792905
      vertex 40.5761 48.2493 1.06457
    endloop
  endfacet
  facet normal 0.392649 0.734386 -0.553628
    outer loop
      vertex 39.8942 48.6641 0.54841
      vertex 39.6937 48.7713 0.54841
      vertex 39.7562 48.9222 0.792905
    endloop
  endfacet
  facet normal 0.865126 0.462407 -0.19426
    outer loop
      vertex 40.5761 48.2493 1.06457
      vertex 40.4912 48.5293 1.35297
      vertex 40.6291 48.2713 1.35297
    endloop
  endfacet
  facet normal 0.938707 0.284784 -0.194233
    outer loop
      vertex 40.6578 47.98 1.06457
      vertex 40.5761 48.2493 1.06457
      vertex 40.6291 48.2713 1.35297
    endloop
  endfacet
  facet normal -0.923912 0 -0.382604
    outer loop
      vertex -40.5729 -47.7 0.792905
      vertex -40.6854 47.7 1.06457
      vertex -40.5729 47.7 0.792905
    endloop
  endfacet
  facet normal -0.923912 -0 -0.382604
    outer loop
      vertex -40.6854 47.7 1.06457
      vertex -40.5729 -47.7 0.792905
      vertex -40.6854 -47.7 1.06457
    endloop
  endfacet
  facet normal -0.980763 0 -0.1952
    outer loop
      vertex -40.6854 -47.7 1.06457
      vertex -40.7428 47.7 1.35297
      vertex -40.6854 47.7 1.06457
    endloop
  endfacet
  facet normal -0.980763 -0 -0.1952
    outer loop
      vertex -40.7428 47.7 1.35297
      vertex -40.6854 -47.7 1.06457
      vertex -40.7428 -47.7 1.35297
    endloop
  endfacet
  facet normal -0.884772 -0.268534 -0.380878
    outer loop
      vertex -40.4722 -48.2062 0.792905
      vertex -40.6578 -47.98 1.06457
      vertex -40.5475 -47.9581 0.792905
    endloop
  endfacet
  facet normal -0.92017 -0.0905553 -0.380903
    outer loop
      vertex -40.5475 -47.9581 0.792905
      vertex -40.6578 -47.98 1.06457
      vertex -40.5729 -47.7 0.792905
    endloop
  endfacet
  facet normal -0.938707 -0.284784 -0.194233
    outer loop
      vertex -40.6291 -48.2713 1.35297
      vertex -40.6578 -47.98 1.06457
      vertex -40.5761 -48.2493 1.06457
    endloop
  endfacet
  facet normal -0.884767 -0.26842 -0.38097
    outer loop
      vertex -40.5761 -48.2493 1.06457
      vertex -40.6578 -47.98 1.06457
      vertex -40.4722 -48.2062 0.792905
    endloop
  endfacet
  facet normal -0.19509 0 -0.980785
    outer loop
      vertex -39.6854 -47.7 0.0645887
      vertex -39.397 47.7 0.00722237
      vertex -39.397 -47.7 0.00722237
    endloop
  endfacet
  facet normal -0.19509 0 -0.980785
    outer loop
      vertex -39.397 47.7 0.00722237
      vertex -39.6854 -47.7 0.0645887
      vertex -39.6854 47.7 0.0645887
    endloop
  endfacet
  facet normal 0.0547086 -0.55473 -0.83023
    outer loop
      vertex 39.3879 -48.3935 0.177118
      vertex 39.25 -48.6516 0.340484
      vertex 39.25 -48.4071 0.177118
    endloop
  endfacet
  facet normal 0.0377107 -0.382375 -0.923237
    outer loop
      vertex 39.3879 -48.3935 0.177118
      vertex 39.25 -48.4071 0.177118
      vertex 39.25 -48.1354 0.0645887
    endloop
  endfacet
  facet normal -0.0925182 0.172791 -0.980604
    outer loop
      vertex -39.3317 47.8222 0.00722237
      vertex -39.4166 48.1023 0.0645887
      vertex -39.3063 47.8358 0.00722237
    endloop
  endfacet
  facet normal 0.181312 -0.338781 -0.92323
    outer loop
      vertex 39.5206 -48.3533 0.177118
      vertex 39.4166 -48.1023 0.0645887
      vertex 39.6428 -48.2879 0.177118
    endloop
  endfacet
  facet normal 0.243594 -0.297175 -0.923228
    outer loop
      vertex 39.6428 -48.2879 0.177118
      vertex 39.4919 -48.062 0.0645887
      vertex 39.5579 -48.0079 0.0645887
    endloop
  endfacet
  facet normal 0.392649 -0.734386 -0.553628
    outer loop
      vertex 39.7562 -48.9222 0.792905
      vertex 39.6937 -48.7713 0.54841
      vertex 39.8942 -48.6641 0.54841
    endloop
  endfacet
  facet normal 0.334233 -0.625127 -0.70534
    outer loop
      vertex 39.6937 -48.7713 0.54841
      vertex 39.6142 -48.5792 0.340484
      vertex 39.8942 -48.6641 0.54841
    endloop
  endfacet
  facet normal 0.33878 -0.181313 -0.92323
    outer loop
      vertex 39.8379 -48.0928 0.177118
      vertex 39.612 -47.9419 0.0645887
      vertex 39.6523 -47.8666 0.0645887
    endloop
  endfacet
  facet normal 0.297175 -0.243594 -0.923228
    outer loop
      vertex 39.8379 -48.0928 0.177118
      vertex 39.5579 -48.0079 0.0645887
      vertex 39.612 -47.9419 0.0645887
    endloop
  endfacet
  facet normal -0.195057 -0.0190467 -0.980607
    outer loop
      vertex -39.6771 -47.785 0.0645887
      vertex -39.6854 -47.7 0.0645887
      vertex -39.3942 -47.7287 0.00722237
    endloop
  endfacet
  facet normal -0.172802 0.0924825 -0.980605
    outer loop
      vertex -39.3722 47.7817 0.00722237
      vertex -39.6523 47.8666 0.0645887
      vertex -39.612 47.9419 0.0645887
    endloop
  endfacet
  facet normal -0.241478 -0.796988 -0.553622
    outer loop
      vertex -39.4762 -48.8372 0.54841
      vertex -39.7562 -48.9222 0.792905
      vertex -39.6937 -48.7713 0.54841
    endloop
  endfacet
  facet normal -0.392553 -0.734392 -0.553689
    outer loop
      vertex -39.7562 -48.9222 0.792905
      vertex -39.985 -48.7999 0.792905
      vertex -39.8942 -48.6641 0.54841
    endloop
  endfacet
  facet normal -0.0924825 0.172802 -0.980605
    outer loop
      vertex -39.3317 47.8222 0.00722237
      vertex -39.4919 48.062 0.0645887
      vertex -39.4166 48.1023 0.0645887
    endloop
  endfacet
  facet normal -0.15158 0.12425 -0.980605
    outer loop
      vertex -39.3722 47.7817 0.00722237
      vertex -39.612 47.9419 0.0645887
      vertex -39.5579 48.0079 0.0645887
    endloop
  endfacet
  facet normal 0.7967 -0.241804 -0.553895
    outer loop
      vertex 40.4722 -48.2062 0.792905
      vertex 40.3872 -47.9262 0.54841
      vertex 40.5475 -47.9581 0.792905
    endloop
  endfacet
  facet normal 0.920105 -0.090696 -0.381027
    outer loop
      vertex 40.6578 -47.98 1.06457
      vertex 40.5729 -47.7 0.792905
      vertex 40.6854 -47.7 1.06457
    endloop
  endfacet
  facet normal 0.884767 -0.26842 -0.38097
    outer loop
      vertex 40.5761 -48.2493 1.06457
      vertex 40.4722 -48.2062 0.792905
      vertex 40.6578 -47.98 1.06457
    endloop
  endfacet
  facet normal 0.815489 -0.435672 -0.381009
    outer loop
      vertex 40.5761 -48.2493 1.06457
      vertex 40.4435 -48.4975 1.06457
      vertex 40.4722 -48.2062 0.792905
    endloop
  endfacet
  facet normal 0.622095 -0.758514 -0.194049
    outer loop
      vertex 40.0793 -48.9412 1.35297
      vertex 40.0475 -48.8935 1.06457
      vertex 40.3056 -48.7556 1.35297
    endloop
  endfacet
  facet normal 0.586487 -0.714627 -0.381237
    outer loop
      vertex 40.265 -48.715 1.06457
      vertex 40.0475 -48.8935 1.06457
      vertex 40.1854 -48.6354 0.792905
    endloop
  endfacet
  facet normal 0.734392 -0.392553 -0.553689
    outer loop
      vertex 40.3499 -48.435 0.792905
      vertex 40.2141 -48.3442 0.54841
      vertex 40.4722 -48.2062 0.792905
    endloop
  endfacet
  facet normal 0.815331 -0.435817 -0.381181
    outer loop
      vertex 40.4435 -48.4975 1.06457
      vertex 40.3499 -48.435 0.792905
      vertex 40.4722 -48.2062 0.792905
    endloop
  endfacet
  facet normal 0.707151 0 -0.707063
    outer loop
      vertex 40.4095 -47.7 0.54841
      vertex 40.2016 47.7 0.340484
      vertex 40.4095 47.7 0.54841
    endloop
  endfacet
  facet normal 0.707151 0 -0.707063
    outer loop
      vertex 40.2016 47.7 0.340484
      vertex 40.4095 -47.7 0.54841
      vertex 40.2016 -47.7 0.340484
    endloop
  endfacet
  facet normal 0.367746 -0.111405 -0.923229
    outer loop
      vertex 39.9033 -47.9706 0.177118
      vertex 39.6523 -47.8666 0.0645887
      vertex 39.9435 -47.8379 0.177118
    endloop
  endfacet
  facet normal 0.533456 -0.161605 -0.830246
    outer loop
      vertex 40.1292 -48.0642 0.340484
      vertex 39.9033 -47.9706 0.177118
      vertex 39.9435 -47.8379 0.177118
    endloop
  endfacet
  facet normal 0.705433 -0.0695551 -0.705355
    outer loop
      vertex 40.3872 -47.9262 0.54841
      vertex 40.1833 -47.8856 0.340484
      vertex 40.2016 -47.7 0.340484
    endloop
  endfacet
  facet normal 0.67839 -0.205492 -0.705379
    outer loop
      vertex 40.3872 -47.9262 0.54841
      vertex 40.1292 -48.0642 0.340484
      vertex 40.1833 -47.8856 0.340484
    endloop
  endfacet
  facet normal 0.0816846 0.828568 -0.553898
    outer loop
      vertex 39.4762 48.8372 0.54841
      vertex 39.25 48.8595 0.54841
      vertex 39.5081 48.9975 0.792905
    endloop
  endfacet
  facet normal 0.0907009 0.920154 -0.380908
    outer loop
      vertex 39.5081 48.9975 0.792905
      vertex 39.25 49.1354 1.06457
      vertex 39.53 49.1078 1.06457
    endloop
  endfacet
  facet normal 0.284852 0.938672 -0.194305
    outer loop
      vertex 39.8213 49.0791 1.35297
      vertex 39.53 49.1078 1.06457
      vertex 39.5412 49.1641 1.35297
    endloop
  endfacet
  facet normal 0.111632 -0.367756 -0.923197
    outer loop
      vertex 39.3879 -48.3935 0.177118
      vertex 39.3349 -48.1271 0.0645887
      vertex 39.4166 -48.1023 0.0645887
    endloop
  endfacet
  facet normal 0.0924842 -0.172805 -0.980604
    outer loop
      vertex 39.4166 -48.1023 0.0645887
      vertex 39.3063 -47.8358 0.00722237
      vertex 39.4919 -48.062 0.0645887
    endloop
  endfacet
  facet normal 0.151907 -0.123978 -0.980589
    outer loop
      vertex 39.5579 -48.0079 0.0645887
      vertex 39.354 -47.804 0.00722237
      vertex 39.3722 -47.7817 0.00722237
    endloop
  endfacet
  facet normal 0 0 -1
    outer loop
      vertex -16.1875 20.6875 0.00722237
      vertex -21.8125 20.6875 0.00722237
      vertex -16.1875 26.3125 0.00722237
    endloop
  endfacet
  facet normal 0 0 -1
    outer loop
      vertex -9.79808 13.7088 0.00722237
      vertex -15.4519 13.7088 0.00722237
      vertex -15.4375 14.3125 0.00722237
    endloop
  endfacet
  facet normal 0 0 -1
    outer loop
      vertex -15.4519 13.7088 0.00722237
      vertex -15.4519 14.1662 0.00722237
      vertex -15.4375 14.3125 0.00722237
    endloop
  endfacet
  facet normal 0 0 -1
    outer loop
      vertex -15.4946 13.8495 0.00722237
      vertex -15.4519 14.1662 0.00722237
      vertex -15.4519 13.7088 0.00722237
    endloop
  endfacet
  facet normal 0 0 -1
    outer loop
      vertex -15.4946 13.8495 0.00722237
      vertex -15.4946 14.0255 0.00722237
      vertex -15.4519 14.1662 0.00722237
    endloop
  endfacet
  facet normal 0 -0 -1
    outer loop
      vertex -15.4946 14.0255 0.00722237
      vertex -15.4946 13.8495 0.00722237
      vertex -15.5416 13.9375 0.00722237
    endloop
  endfacet
  facet normal -0 0 -1
    outer loop
      vertex -9.8125 7.9375 0.00722237
      vertex -15.4519 7.33381 0.00722237
      vertex -15.4375 7.9375 0.00722237
    endloop
  endfacet
  facet normal 0 0 -1
    outer loop
      vertex -15.4519 7.33381 0.00722237
      vertex -15.4519 7.79119 0.00722237
      vertex -15.4375 7.9375 0.00722237
    endloop
  endfacet
  facet normal 0 0 -1
    outer loop
      vertex -15.4946 7.47451 0.00722237
      vertex -15.4519 7.79119 0.00722237
      vertex -15.4519 7.33381 0.00722237
    endloop
  endfacet
  facet normal 0 0 -1
    outer loop
      vertex -15.4946 7.47451 0.00722237
      vertex -15.4946 7.65049 0.00722237
      vertex -15.4519 7.79119 0.00722237
    endloop
  endfacet
  facet normal 0 -0 -1
    outer loop
      vertex -15.4946 7.65049 0.00722237
      vertex -15.4946 7.47451 0.00722237
      vertex -15.5416 7.5625 0.00722237
    endloop
  endfacet
  facet normal 0 0 -1
    outer loop
      vertex -3.42308 20.0838 0.00722237
      vertex -9.07692 20.5412 0.00722237
      vertex -9.0625 20.6875 0.00722237
    endloop
  endfacet
  facet normal 0 0 -1
    outer loop
      vertex -3.4375 19.9375 0.00722237
      vertex -9.11959 20.4005 0.00722237
      vertex -9.07692 20.5412 0.00722237
    endloop
  endfacet
  facet normal 0 0 -1
    outer loop
      vertex -3.4375 19.9375 0.00722237
      vertex -9.1889 20.2708 0.00722237
      vertex -9.11959 20.4005 0.00722237
    endloop
  endfacet
  facet normal 0 0 -1
    outer loop
      vertex -9.66619 19.9519 0.00722237
      vertex -9.0625 14.3125 0.00722237
      vertex -9.20881 14.2981 0.00722237
    endloop
  endfacet
  facet normal 0 0 -1
    outer loop
      vertex -3.4375 19.9375 0.00722237
      vertex -9.28218 20.1572 0.00722237
      vertex -9.1889 20.2708 0.00722237
    endloop
  endfacet
  facet normal 0 0 -1
    outer loop
      vertex -9.8125 19.9375 0.00722237
      vertex -9.20881 14.2981 0.00722237
      vertex -9.34951 14.2554 0.00722237
    endloop
  endfacet
  facet normal 0 0 -1
    outer loop
      vertex -9.0625 14.3125 0.00722237
      vertex -9.39583 20.0639 0.00722237
      vertex -9.28218 20.1572 0.00722237
    endloop
  endfacet
  facet normal 0 0 -1
    outer loop
      vertex -9.8125 19.9375 0.00722237
      vertex -9.34951 14.2554 0.00722237
      vertex -9.47917 14.1861 0.00722237
    endloop
  endfacet
  facet normal 0 0 -1
    outer loop
      vertex -9.0625 14.3125 0.00722237
      vertex -9.52549 19.9946 0.00722237
      vertex -9.39583 20.0639 0.00722237
    endloop
  endfacet
  facet normal 0 0 -1
    outer loop
      vertex -9.8125 19.9375 0.00722237
      vertex -9.47917 14.1861 0.00722237
      vertex -9.59282 14.0928 0.00722237
    endloop
  endfacet
  facet normal 0 0 -1
    outer loop
      vertex -9.0625 14.3125 0.00722237
      vertex -9.66619 19.9519 0.00722237
      vertex -9.52549 19.9946 0.00722237
    endloop
  endfacet
  facet normal 0 0 -1
    outer loop
      vertex -15.4375 14.3125 0.00722237
      vertex -9.59282 14.0928 0.00722237
      vertex -9.6861 13.9792 0.00722237
    endloop
  endfacet
  facet normal 0 0 -1
    outer loop
      vertex -15.4375 14.3125 0.00722237
      vertex -9.6861 13.9792 0.00722237
      vertex -9.75541 13.8495 0.00722237
    endloop
  endfacet
  facet normal 0 0 -1
    outer loop
      vertex -15.4375 14.3125 0.00722237
      vertex -9.75541 13.8495 0.00722237
      vertex -9.79808 13.7088 0.00722237
    endloop
  endfacet
  facet normal 0 0 -1
    outer loop
      vertex -15.4519 13.7088 0.00722237
      vertex -9.79808 13.7088 0.00722237
      vertex -9.8125 13.5625 0.00722237
    endloop
  endfacet
  facet normal 0 0 -1
    outer loop
      vertex -9.20881 14.2981 0.00722237
      vertex -9.8125 19.9375 0.00722237
      vertex -9.66619 19.9519 0.00722237
    endloop
  endfacet
  facet normal -0 0 -1
    outer loop
      vertex -3.42308 1.41619 0.00722237
      vertex -9.07692 0.958813 0.00722237
      vertex -3.4375 1.5625 0.00722237
    endloop
  endfacet
  facet normal 0 0 -1
    outer loop
      vertex -9.11959 1.09951 0.00722237
      vertex -3.4375 1.5625 0.00722237
      vertex -9.07692 0.958813 0.00722237
    endloop
  endfacet
  facet normal 0 0 -1
    outer loop
      vertex -9.1889 1.22917 0.00722237
      vertex -3.4375 1.5625 0.00722237
      vertex -9.11959 1.09951 0.00722237
    endloop
  endfacet
  facet normal 0 0 -1
    outer loop
      vertex -9.28218 1.34282 0.00722237
      vertex -3.4375 1.5625 0.00722237
      vertex -9.1889 1.22917 0.00722237
    endloop
  endfacet
  facet normal 0 -0 -1
    outer loop
      vertex -9.0625 7.1875 0.00722237
      vertex -3.4375 1.5625 0.00722237
      vertex -9.28218 1.34282 0.00722237
    endloop
  endfacet
  facet normal 0 0 -1
    outer loop
      vertex -3.4375 1.5625 0.00722237
      vertex -9.0625 7.1875 0.00722237
      vertex -3.4375 7.1875 0.00722237
    endloop
  endfacet
  facet normal 0 0 -1
    outer loop
      vertex -9.39583 1.4361 0.00722237
      vertex -9.0625 7.1875 0.00722237
      vertex -9.28218 1.34282 0.00722237
    endloop
  endfacet
  facet normal 0 0 -1
    outer loop
      vertex -9.52549 1.50541 0.00722237
      vertex -9.0625 7.1875 0.00722237
      vertex -9.39583 1.4361 0.00722237
    endloop
  endfacet
  facet normal 0 0 -1
    outer loop
      vertex -9.66619 1.54808 0.00722237
      vertex -9.0625 7.1875 0.00722237
      vertex -9.52549 1.50541 0.00722237
    endloop
  endfacet
  facet normal -0 0 -1
    outer loop
      vertex -9.0625 7.1875 0.00722237
      vertex -9.66619 1.54808 0.00722237
      vertex -9.20881 7.20192 0.00722237
    endloop
  endfacet
  facet normal 0 0 -1
    outer loop
      vertex -9.8125 1.5625 0.00722237
      vertex -9.20881 7.20192 0.00722237
      vertex -9.66619 1.54808 0.00722237
    endloop
  endfacet
  facet normal -0 0 -1
    outer loop
      vertex -9.20881 7.20192 0.00722237
      vertex -9.8125 1.5625 0.00722237
      vertex -9.34951 7.24459 0.00722237
    endloop
  endfacet
  facet normal -0 0 -1
    outer loop
      vertex -9.34951 7.24459 0.00722237
      vertex -9.8125 1.5625 0.00722237
      vertex -9.47917 7.3139 0.00722237
    endloop
  endfacet
  facet normal -0 0 -1
    outer loop
      vertex -9.47917 7.3139 0.00722237
      vertex -9.8125 1.5625 0.00722237
      vertex -9.59282 7.40718 0.00722237
    endloop
  endfacet
  facet normal 0 0 -1
    outer loop
      vertex -15.4375 7.1875 0.00722237
      vertex -9.59282 7.40718 0.00722237
      vertex -9.8125 1.5625 0.00722237
    endloop
  endfacet
  facet normal -0 0 -1
    outer loop
      vertex -9.59282 7.40718 0.00722237
      vertex -15.4375 7.1875 0.00722237
      vertex -9.6861 7.52083 0.00722237
    endloop
  endfacet
  facet normal -0 0 -1
    outer loop
      vertex -9.6861 7.52083 0.00722237
      vertex -15.4375 7.1875 0.00722237
      vertex -9.75541 7.65049 0.00722237
    endloop
  endfacet
  facet normal -0 0 -1
    outer loop
      vertex -9.75541 7.65049 0.00722237
      vertex -15.4375 7.1875 0.00722237
      vertex -9.79808 7.79119 0.00722237
    endloop
  endfacet
  facet normal 0 0 -1
    outer loop
      vertex -15.4519 7.33381 0.00722237
      vertex -9.79808 7.79119 0.00722237
      vertex -15.4375 7.1875 0.00722237
    endloop
  endfacet
  facet normal 0 0 -1
    outer loop
      vertex -9.8125 7.9375 0.00722237
      vertex -15.4375 7.9375 0.00722237
      vertex -9.8125 13.5625 0.00722237
    endloop
  endfacet
  facet normal 0 0 -1
    outer loop
      vertex -15.4375 7.1875 0.00722237
      vertex -9.8125 1.5625 0.00722237
      vertex -15.4375 1.5625 0.00722237
    endloop
  endfacet
  facet normal -0 0 -1
    outer loop
      vertex -9.79808 7.79119 0.00722237
      vertex -15.4519 7.33381 0.00722237
      vertex -9.8125 7.9375 0.00722237
    endloop
  endfacet
  facet normal 0 0 -1
    outer loop
      vertex -15.4375 13.5625 0.00722237
      vertex -9.8125 13.5625 0.00722237
      vertex -15.4375 7.9375 0.00722237
    endloop
  endfacet
  facet normal 0 0 -1
    outer loop
      vertex -15.4519 13.7088 0.00722237
      vertex -9.8125 13.5625 0.00722237
      vertex -15.4375 13.5625 0.00722237
    endloop
  endfacet
  facet normal 0 0 -1
    outer loop
      vertex -9.59282 14.0928 0.00722237
      vertex -15.4375 14.3125 0.00722237
      vertex -9.8125 19.9375 0.00722237
    endloop
  endfacet
  facet normal -0 0 -1
    outer loop
      vertex -9.8125 19.9375 0.00722237
      vertex -15.4375 14.3125 0.00722237
      vertex -15.4375 19.9375 0.00722237
    endloop
  endfacet
  facet normal 0 0 -1
    outer loop
      vertex -3.4375 14.3125 0.00722237
      vertex -9.0625 14.3125 0.00722237
      vertex -3.4375 19.9375 0.00722237
    endloop
  endfacet
  facet normal -0 0 -1
    outer loop
      vertex 9.3125 7.1875 0.00722237
      vertex 3.6875 1.5625 0.00722237
      vertex 3.6875 7.1875 0.00722237
    endloop
  endfacet
  facet normal 0 0 -1
    outer loop
      vertex -22.5054 7.47451 0.00722237
      vertex -22.5054 7.65049 0.00722237
      vertex -22.4584 7.5625 0.00722237
    endloop
  endfacet
  facet normal 0 0 -1
    outer loop
      vertex -22.5481 7.33381 0.00722237
      vertex -22.5054 7.65049 0.00722237
      vertex -22.5054 7.47451 0.00722237
    endloop
  endfacet
  facet normal 0 0 -1
    outer loop
      vertex -22.5481 7.33381 0.00722237
      vertex -22.5481 7.79119 0.00722237
      vertex -22.5054 7.65049 0.00722237
    endloop
  endfacet
  facet normal 0 0 -1
    outer loop
      vertex -22.5625 7.1875 0.00722237
      vertex -22.5481 7.79119 0.00722237
      vertex -22.5481 7.33381 0.00722237
    endloop
  endfacet
  facet normal -0 0 -1
    outer loop
      vertex -22.5481 7.79119 0.00722237
      vertex -22.5625 7.1875 0.00722237
      vertex -22.5625 7.9375 0.00722237
    endloop
  endfacet
  facet normal 0 0 -1
    outer loop
      vertex -22.5054 13.8495 0.00722237
      vertex -22.5054 14.0255 0.00722237
      vertex -22.4584 13.9375 0.00722237
    endloop
  endfacet
  facet normal 0 0 -1
    outer loop
      vertex -22.5481 13.7088 0.00722237
      vertex -22.5054 14.0255 0.00722237
      vertex -22.5054 13.8495 0.00722237
    endloop
  endfacet
  facet normal 0 0 -1
    outer loop
      vertex -22.5481 13.7088 0.00722237
      vertex -22.5481 14.1662 0.00722237
      vertex -22.5054 14.0255 0.00722237
    endloop
  endfacet
  facet normal 0 0 -1
    outer loop
      vertex -22.5625 13.5625 0.00722237
      vertex -22.5481 14.1662 0.00722237
      vertex -22.5481 13.7088 0.00722237
    endloop
  endfacet
  facet normal -0 0 -1
    outer loop
      vertex -22.5481 14.1662 0.00722237
      vertex -22.5625 13.5625 0.00722237
      vertex -22.5625 14.3125 0.00722237
    endloop
  endfacet
  facet normal 0 0 -1
    outer loop
      vertex 22.7981 13.7088 0.00722237
      vertex 22.8125 14.3125 0.00722237
      vertex 22.8125 13.5625 0.00722237
    endloop
  endfacet
  facet normal 0 0 -1
    outer loop
      vertex 22.7981 13.7088 0.00722237
      vertex 22.7981 14.1662 0.00722237
      vertex 22.8125 14.3125 0.00722237
    endloop
  endfacet
  facet normal 0 0 -1
    outer loop
      vertex 22.7554 13.8495 0.00722237
      vertex 22.7981 14.1662 0.00722237
      vertex 22.7981 13.7088 0.00722237
    endloop
  endfacet
  facet normal 0 0 -1
    outer loop
      vertex 22.7554 13.8495 0.00722237
      vertex 22.7554 14.0255 0.00722237
      vertex 22.7981 14.1662 0.00722237
    endloop
  endfacet
  facet normal 0 -0 -1
    outer loop
      vertex 22.7554 14.0255 0.00722237
      vertex 22.7554 13.8495 0.00722237
      vertex 22.7084 13.9375 0.00722237
    endloop
  endfacet
  facet normal 0 0 -1
    outer loop
      vertex 22.7981 7.33381 0.00722237
      vertex 22.8125 7.9375 0.00722237
      vertex 22.8125 7.1875 0.00722237
    endloop
  endfacet
  facet normal 0 0 -1
    outer loop
      vertex 22.7981 7.33381 0.00722237
      vertex 22.7981 7.79119 0.00722237
      vertex 22.8125 7.9375 0.00722237
    endloop
  endfacet
  facet normal 0 0 -1
    outer loop
      vertex 22.7554 7.47451 0.00722237
      vertex 22.7981 7.79119 0.00722237
      vertex 22.7981 7.33381 0.00722237
    endloop
  endfacet
  facet normal 0 0 -1
    outer loop
      vertex 22.7554 7.47451 0.00722237
      vertex 22.7554 7.65049 0.00722237
      vertex 22.7981 7.79119 0.00722237
    endloop
  endfacet
  facet normal 0 -0 -1
    outer loop
      vertex 22.7554 7.65049 0.00722237
      vertex 22.7554 7.47451 0.00722237
      vertex 22.7084 7.5625 0.00722237
    endloop
  endfacet
  facet normal 0 0 -1
    outer loop
      vertex 39.25 -47.847 0.00722237
      vertex 39.397 -47.7 0.00722237
      vertex 39.3942 -47.7287 0.00722237
    endloop
  endfacet
  facet normal 0 0 -1
    outer loop
      vertex 39.397 -47.7 0.00722237
      vertex 22.8125 1.5625 0.00722237
      vertex 39.397 47.7 0.00722237
    endloop
  endfacet
  facet normal 0 0 -1
    outer loop
      vertex 39.25 -47.847 0.00722237
      vertex 39.3942 -47.7287 0.00722237
      vertex 39.3858 -47.7563 0.00722237
    endloop
  endfacet
  facet normal 0 0 -1
    outer loop
      vertex 22.8125 7.1875 0.00722237
      vertex 39.397 47.7 0.00722237
      vertex 22.8125 1.5625 0.00722237
    endloop
  endfacet
  facet normal 0 0 -1
    outer loop
      vertex 39.25 -47.847 0.00722237
      vertex 39.3858 -47.7563 0.00722237
      vertex 39.3722 -47.7817 0.00722237
    endloop
  endfacet
  facet normal 0 0 -1
    outer loop
      vertex 22.8125 7.9375 0.00722237
      vertex 39.397 47.7 0.00722237
      vertex 22.8125 7.1875 0.00722237
    endloop
  endfacet
  facet normal 0 0 -1
    outer loop
      vertex 39.25 -47.847 0.00722237
      vertex 39.3722 -47.7817 0.00722237
      vertex 39.354 -47.804 0.00722237
    endloop
  endfacet
  facet normal 0 0 -1
    outer loop
      vertex 22.8125 13.5625 0.00722237
      vertex 39.397 47.7 0.00722237
      vertex 22.8125 7.9375 0.00722237
    endloop
  endfacet
  facet normal 0 0 -1
    outer loop
      vertex 39.25 -47.847 0.00722237
      vertex 39.354 -47.804 0.00722237
      vertex 39.3317 -47.8222 0.00722237
    endloop
  endfacet
  facet normal 0 0 -1
    outer loop
      vertex 22.8125 14.3125 0.00722237
      vertex 39.397 47.7 0.00722237
      vertex 22.8125 13.5625 0.00722237
    endloop
  endfacet
  facet normal 0 0 -1
    outer loop
      vertex 39.25 -47.847 0.00722237
      vertex 39.3317 -47.8222 0.00722237
      vertex 39.3063 -47.8358 0.00722237
    endloop
  endfacet
  facet normal 0 0 -1
    outer loop
      vertex 22.8125 19.9375 0.00722237
      vertex 39.397 47.7 0.00722237
      vertex 22.8125 14.3125 0.00722237
    endloop
  endfacet
  facet normal 0 0 -1
    outer loop
      vertex 39.25 -47.847 0.00722237
      vertex 39.3063 -47.8358 0.00722237
      vertex 39.2787 -47.8442 0.00722237
    endloop
  endfacet
  facet normal 0 0 -1
    outer loop
      vertex 22.7981 20.0838 0.00722237
      vertex 39.397 47.7 0.00722237
      vertex 22.8125 19.9375 0.00722237
    endloop
  endfacet
  facet normal 0 0 -1
    outer loop
      vertex 15.8338 -5.54808 0.00722237
      vertex 39.397 -47.7 0.00722237
      vertex 39.25 -47.847 0.00722237
    endloop
  endfacet
  facet normal 0 0 -1
    outer loop
      vertex 22.7554 20.2245 0.00722237
      vertex 39.397 47.7 0.00722237
      vertex 22.7981 20.0838 0.00722237
    endloop
  endfacet
  facet normal 0 0 -1
    outer loop
      vertex 22.6861 20.3542 0.00722237
      vertex 39.397 47.7 0.00722237
      vertex 22.7554 20.2245 0.00722237
    endloop
  endfacet
  facet normal 0 0 -1
    outer loop
      vertex 39.397 -47.7 0.00722237
      vertex 22.7981 1.41619 0.00722237
      vertex 22.8125 1.5625 0.00722237
    endloop
  endfacet
  facet normal 0 0 -1
    outer loop
      vertex 39.397 -47.7 0.00722237
      vertex 22.7554 1.27549 0.00722237
      vertex 22.7981 1.41619 0.00722237
    endloop
  endfacet
  facet normal 0 0 -1
    outer loop
      vertex 39.397 -47.7 0.00722237
      vertex 22.6861 1.14583 0.00722237
      vertex 22.7554 1.27549 0.00722237
    endloop
  endfacet
  facet normal 0 0 -1
    outer loop
      vertex 39.397 -47.7 0.00722237
      vertex 22.5928 1.03218 0.00722237
      vertex 22.6861 1.14583 0.00722237
    endloop
  endfacet
  facet normal 0 0 -1
    outer loop
      vertex 39.397 -47.7 0.00722237
      vertex 22.4792 0.9389 0.00722237
      vertex 22.5928 1.03218 0.00722237
    endloop
  endfacet
  facet normal 0 0 -1
    outer loop
      vertex 39.397 -47.7 0.00722237
      vertex 16.3111 -5.22917 0.00722237
      vertex 22.4792 0.9389 0.00722237
    endloop
  endfacet
  facet normal 0 0 -1
    outer loop
      vertex 22.4792 0.9389 0.00722237
      vertex 16.3111 -5.22917 0.00722237
      vertex 22.3495 0.869595 0.00722237
    endloop
  endfacet
  facet normal 0 -0 -1
    outer loop
      vertex 16.3804 -5.09951 0.00722237
      vertex 22.3495 0.869595 0.00722237
      vertex 16.3111 -5.22917 0.00722237
    endloop
  endfacet
  facet normal 0 0 -1
    outer loop
      vertex 22.3495 0.869595 0.00722237
      vertex 16.3804 -5.09951 0.00722237
      vertex 22.2088 0.82692 0.00722237
    endloop
  endfacet
  facet normal 0 0 -1
    outer loop
      vertex 22.0625 0.8125 0.00722237
      vertex 16.4231 -4.95881 0.00722237
      vertex 16.4375 -4.8125 0.00722237
    endloop
  endfacet
  facet normal 0 0 -1
    outer loop
      vertex 22.2088 0.82692 0.00722237
      vertex 16.4231 -4.95881 0.00722237
      vertex 22.0625 0.8125 0.00722237
    endloop
  endfacet
  facet normal 0 -0 -1
    outer loop
      vertex 16.4231 -4.95881 0.00722237
      vertex 22.2088 0.82692 0.00722237
      vertex 16.3804 -5.09951 0.00722237
    endloop
  endfacet
  facet normal 0 0 -1
    outer loop
      vertex 39.397 -47.7 0.00722237
      vertex 16.2178 -5.34282 0.00722237
      vertex 16.3111 -5.22917 0.00722237
    endloop
  endfacet
  facet normal 0 0 -1
    outer loop
      vertex 39.397 -47.7 0.00722237
      vertex 16.1042 -5.4361 0.00722237
      vertex 16.2178 -5.34282 0.00722237
    endloop
  endfacet
  facet normal 0 0 -1
    outer loop
      vertex 39.397 -47.7 0.00722237
      vertex 15.9745 -5.50541 0.00722237
      vertex 16.1042 -5.4361 0.00722237
    endloop
  endfacet
  facet normal 0 0 -1
    outer loop
      vertex 39.397 -47.7 0.00722237
      vertex 15.8338 -5.54808 0.00722237
      vertex 15.9745 -5.50541 0.00722237
    endloop
  endfacet
  facet normal 0 0 -1
    outer loop
      vertex 39.25 -47.847 0.00722237
      vertex 15.6875 -5.5625 0.00722237
      vertex 15.8338 -5.54808 0.00722237
    endloop
  endfacet
  facet normal 0 0 -1
    outer loop
      vertex 39.25 -47.847 0.00722237
      vertex 10.0625 -5.5625 0.00722237
      vertex 15.6875 -5.5625 0.00722237
    endloop
  endfacet
  facet normal 0 0 -1
    outer loop
      vertex 39.25 -47.847 0.00722237
      vertex 9.91619 -5.54808 0.00722237
      vertex 10.0625 -5.5625 0.00722237
    endloop
  endfacet
  facet normal 0 0 -1
    outer loop
      vertex -9.66619 -5.54808 0.00722237
      vertex 9.91619 -5.54808 0.00722237
      vertex 39.25 -47.847 0.00722237
    endloop
  endfacet
  facet normal 0 0 -1
    outer loop
      vertex 9.91619 -5.54808 0.00722237
      vertex -9.66619 -5.54808 0.00722237
      vertex 9.77549 -5.50541 0.00722237
    endloop
  endfacet
  facet normal 0 -0 -1
    outer loop
      vertex -9.52549 -5.50541 0.00722237
      vertex 9.77549 -5.50541 0.00722237
      vertex -9.66619 -5.54808 0.00722237
    endloop
  endfacet
  facet normal 0 0 -1
    outer loop
      vertex 9.77549 -5.50541 0.00722237
      vertex -9.52549 -5.50541 0.00722237
      vertex 9.64583 -5.4361 0.00722237
    endloop
  endfacet
  facet normal 0 0 -1
    outer loop
      vertex 3.46782 1.03218 0.00722237
      vertex 9.3125 0.8125 0.00722237
      vertex 9.3125 -4.8125 0.00722237
    endloop
  endfacet
  facet normal 0 0 -1
    outer loop
      vertex 9.3125 0.8125 0.00722237
      vertex 3.6875 1.5625 0.00722237
      vertex 9.3125 7.1875 0.00722237
    endloop
  endfacet
  facet normal 0 0 -1
    outer loop
      vertex 2.9375 0.8125 0.00722237
      vertex 9.3125 -4.8125 0.00722237
      vertex 9.32692 -4.95881 0.00722237
    endloop
  endfacet
  facet normal 0 0 -1
    outer loop
      vertex 2.9375 0.8125 0.00722237
      vertex 9.32692 -4.95881 0.00722237
      vertex 9.36959 -5.09951 0.00722237
    endloop
  endfacet
  facet normal 0 0 -1
    outer loop
      vertex -9.11959 -5.09951 0.00722237
      vertex 9.36959 -5.09951 0.00722237
      vertex 9.4389 -5.22917 0.00722237
    endloop
  endfacet
  facet normal 0 -0 -1
    outer loop
      vertex -9.39583 -5.4361 0.00722237
      vertex 9.64583 -5.4361 0.00722237
      vertex -9.52549 -5.50541 0.00722237
    endloop
  endfacet
  facet normal 0 0 -1
    outer loop
      vertex 9.3125 0.8125 0.00722237
      vertex 3.67308 1.41619 0.00722237
      vertex 3.6875 1.5625 0.00722237
    endloop
  endfacet
  facet normal 0 0 -1
    outer loop
      vertex 9.3125 0.8125 0.00722237
      vertex 3.63041 1.27549 0.00722237
      vertex 3.67308 1.41619 0.00722237
    endloop
  endfacet
  facet normal 0 0 -1
    outer loop
      vertex 9.3125 0.8125 0.00722237
      vertex 3.5611 1.14583 0.00722237
      vertex 3.63041 1.27549 0.00722237
    endloop
  endfacet
  facet normal 0 0 -1
    outer loop
      vertex 9.3125 0.8125 0.00722237
      vertex 3.46782 1.03218 0.00722237
      vertex 3.5611 1.14583 0.00722237
    endloop
  endfacet
  facet normal 0 0 -1
    outer loop
      vertex 9.3125 -4.8125 0.00722237
      vertex 3.35417 0.9389 0.00722237
      vertex 3.46782 1.03218 0.00722237
    endloop
  endfacet
  facet normal 0 0 -1
    outer loop
      vertex 9.3125 -4.8125 0.00722237
      vertex 3.22451 0.869595 0.00722237
      vertex 3.35417 0.9389 0.00722237
    endloop
  endfacet
  facet normal 0 0 -1
    outer loop
      vertex 9.3125 -4.8125 0.00722237
      vertex 3.08381 0.82692 0.00722237
      vertex 3.22451 0.869595 0.00722237
    endloop
  endfacet
  facet normal 0 -0 -1
    outer loop
      vertex -9.1889 -5.22917 0.00722237
      vertex 9.4389 -5.22917 0.00722237
      vertex -9.28218 -5.34282 0.00722237
    endloop
  endfacet
  facet normal 0 0 -1
    outer loop
      vertex 9.3125 -4.8125 0.00722237
      vertex 2.9375 0.8125 0.00722237
      vertex 3.08381 0.82692 0.00722237
    endloop
  endfacet
  facet normal 0 0 -1
    outer loop
      vertex 9.36959 -5.09951 0.00722237
      vertex -9.11959 -5.09951 0.00722237
      vertex 2.9375 0.8125 0.00722237
    endloop
  endfacet
  facet normal -0 0 -1
    outer loop
      vertex 2.9375 0.8125 0.00722237
      vertex -9.11959 -5.09951 0.00722237
      vertex -2.6875 0.8125 0.00722237
    endloop
  endfacet
  facet normal 0 -0 -1
    outer loop
      vertex -9.07692 -4.95881 0.00722237
      vertex -2.6875 0.8125 0.00722237
      vertex -9.11959 -5.09951 0.00722237
    endloop
  endfacet
  facet normal 0 -0 -1
    outer loop
      vertex -9.0625 -4.8125 0.00722237
      vertex -2.6875 0.8125 0.00722237
      vertex -9.07692 -4.95881 0.00722237
    endloop
  endfacet
  facet normal 0 0 -1
    outer loop
      vertex -9.07692 0.958813 0.00722237
      vertex -3.42308 1.41619 0.00722237
      vertex -9.0625 0.8125 0.00722237
    endloop
  endfacet
  facet normal -0 0 -1
    outer loop
      vertex -3.38041 1.27549 0.00722237
      vertex -9.0625 0.8125 0.00722237
      vertex -3.42308 1.41619 0.00722237
    endloop
  endfacet
  facet normal -0 0 -1
    outer loop
      vertex -3.3111 1.14583 0.00722237
      vertex -9.0625 0.8125 0.00722237
      vertex -3.38041 1.27549 0.00722237
    endloop
  endfacet
  facet normal -0 0 -1
    outer loop
      vertex -3.21782 1.03218 0.00722237
      vertex -9.0625 0.8125 0.00722237
      vertex -3.3111 1.14583 0.00722237
    endloop
  endfacet
  facet normal 0 0 -1
    outer loop
      vertex -9.0625 0.8125 0.00722237
      vertex -3.21782 1.03218 0.00722237
      vertex -9.0625 -4.8125 0.00722237
    endloop
  endfacet
  facet normal -0 0 -1
    outer loop
      vertex -2.6875 0.8125 0.00722237
      vertex -9.0625 -4.8125 0.00722237
      vertex -2.83381 0.82692 0.00722237
    endloop
  endfacet
  facet normal -0 0 -1
    outer loop
      vertex -3.10417 0.9389 0.00722237
      vertex -9.0625 -4.8125 0.00722237
      vertex -3.21782 1.03218 0.00722237
    endloop
  endfacet
  facet normal -0 0 -1
    outer loop
      vertex -2.97451 0.869595 0.00722237
      vertex -9.0625 -4.8125 0.00722237
      vertex -3.10417 0.9389 0.00722237
    endloop
  endfacet
  facet normal -0 0 -1
    outer loop
      vertex -2.83381 0.82692 0.00722237
      vertex -9.0625 -4.8125 0.00722237
      vertex -2.97451 0.869595 0.00722237
    endloop
  endfacet
  facet normal 0 -0 -1
    outer loop
      vertex -9.11959 -5.09951 0.00722237
      vertex 9.4389 -5.22917 0.00722237
      vertex -9.1889 -5.22917 0.00722237
    endloop
  endfacet
  facet normal 0 0 -1
    outer loop
      vertex 9.53218 -5.34282 0.00722237
      vertex -9.28218 -5.34282 0.00722237
      vertex 9.4389 -5.22917 0.00722237
    endloop
  endfacet
  facet normal 0 -0 -1
    outer loop
      vertex -9.28218 -5.34282 0.00722237
      vertex 9.53218 -5.34282 0.00722237
      vertex -9.39583 -5.4361 0.00722237
    endloop
  endfacet
  facet normal 0 0 -1
    outer loop
      vertex 9.64583 -5.4361 0.00722237
      vertex -9.39583 -5.4361 0.00722237
      vertex 9.53218 -5.34282 0.00722237
    endloop
  endfacet
  facet normal 0 0 -1
    outer loop
      vertex -39.25 -47.847 0.00722237
      vertex -9.66619 -5.54808 0.00722237
      vertex 39.25 -47.847 0.00722237
    endloop
  endfacet
  facet normal 0 0 -1
    outer loop
      vertex -9.66619 -5.54808 0.00722237
      vertex -39.25 -47.847 0.00722237
      vertex -9.8125 -5.5625 0.00722237
    endloop
  endfacet
  facet normal -0 0 -1
    outer loop
      vertex -9.8125 -5.5625 0.00722237
      vertex -39.25 -47.847 0.00722237
      vertex -15.4375 -5.5625 0.00722237
    endloop
  endfacet
  facet normal -0 0 -1
    outer loop
      vertex -15.4375 -5.5625 0.00722237
      vertex -39.25 -47.847 0.00722237
      vertex -15.5838 -5.54808 0.00722237
    endloop
  endfacet
  facet normal 0 0 -1
    outer loop
      vertex -39.397 -47.7 0.00722237
      vertex -15.5838 -5.54808 0.00722237
      vertex -39.25 -47.847 0.00722237
    endloop
  endfacet
  facet normal 0 0 -1
    outer loop
      vertex -16.1875 -4.8125 0.00722237
      vertex -21.8125 0.8125 0.00722237
      vertex -16.1875 0.8125 0.00722237
    endloop
  endfacet
  facet normal 0 0 -1
    outer loop
      vertex -16.1731 -4.95881 0.00722237
      vertex -21.8125 0.8125 0.00722237
      vertex -16.1875 -4.8125 0.00722237
    endloop
  endfacet
  facet normal 0 0 -1
    outer loop
      vertex -21.9588 0.82692 0.00722237
      vertex -16.1731 -4.95881 0.00722237
      vertex -16.1304 -5.09951 0.00722237
    endloop
  endfacet
  facet normal 0 0 -1
    outer loop
      vertex -22.0995 0.869595 0.00722237
      vertex -16.1304 -5.09951 0.00722237
      vertex -16.0611 -5.22917 0.00722237
    endloop
  endfacet
  facet normal 0 0 -1
    outer loop
      vertex -39.397 -47.7 0.00722237
      vertex -16.0611 -5.22917 0.00722237
      vertex -15.9678 -5.34282 0.00722237
    endloop
  endfacet
  facet normal 0 0 -1
    outer loop
      vertex -16.1731 -4.95881 0.00722237
      vertex -21.9588 0.82692 0.00722237
      vertex -21.8125 0.8125 0.00722237
    endloop
  endfacet
  facet normal 0 0 -1
    outer loop
      vertex -16.1304 -5.09951 0.00722237
      vertex -22.0995 0.869595 0.00722237
      vertex -21.9588 0.82692 0.00722237
    endloop
  endfacet
  facet normal 0 0 -1
    outer loop
      vertex -16.0611 -5.22917 0.00722237
      vertex -22.2292 0.9389 0.00722237
      vertex -22.0995 0.869595 0.00722237
    endloop
  endfacet
  facet normal -0 0 -1
    outer loop
      vertex -16.0611 -5.22917 0.00722237
      vertex -39.397 -47.7 0.00722237
      vertex -22.2292 0.9389 0.00722237
    endloop
  endfacet
  facet normal 0 0 -1
    outer loop
      vertex -39.397 47.7 0.00722237
      vertex -22.5625 7.1875 0.00722237
      vertex -22.5625 1.5625 0.00722237
    endloop
  endfacet
  facet normal 0 0 -1
    outer loop
      vertex -22.5625 7.1875 0.00722237
      vertex -39.397 47.7 0.00722237
      vertex -22.5625 7.9375 0.00722237
    endloop
  endfacet
  facet normal 0 0 -1
    outer loop
      vertex -22.5625 7.9375 0.00722237
      vertex -39.397 47.7 0.00722237
      vertex -22.5625 13.5625 0.00722237
    endloop
  endfacet
  facet normal 0 0 -1
    outer loop
      vertex -22.5625 13.5625 0.00722237
      vertex -39.397 47.7 0.00722237
      vertex -22.5625 14.3125 0.00722237
    endloop
  endfacet
  facet normal -0 0 -1
    outer loop
      vertex -22.5481 1.41619 0.00722237
      vertex -39.397 -47.7 0.00722237
      vertex -22.5625 1.5625 0.00722237
    endloop
  endfacet
  facet normal -0 0 -1
    outer loop
      vertex -22.5054 1.27549 0.00722237
      vertex -39.397 -47.7 0.00722237
      vertex -22.5481 1.41619 0.00722237
    endloop
  endfacet
  facet normal -0 0 -1
    outer loop
      vertex -22.4361 1.14583 0.00722237
      vertex -39.397 -47.7 0.00722237
      vertex -22.5054 1.27549 0.00722237
    endloop
  endfacet
  facet normal -0 0 -1
    outer loop
      vertex -22.3428 1.03218 0.00722237
      vertex -39.397 -47.7 0.00722237
      vertex -22.4361 1.14583 0.00722237
    endloop
  endfacet
  facet normal -0 0 -1
    outer loop
      vertex -22.2292 0.9389 0.00722237
      vertex -39.397 -47.7 0.00722237
      vertex -22.3428 1.03218 0.00722237
    endloop
  endfacet
  facet normal -0 0 -1
    outer loop
      vertex -15.8542 -5.4361 0.00722237
      vertex -39.397 -47.7 0.00722237
      vertex -15.9678 -5.34282 0.00722237
    endloop
  endfacet
  facet normal -0 0 -1
    outer loop
      vertex -15.7245 -5.50541 0.00722237
      vertex -39.397 -47.7 0.00722237
      vertex -15.8542 -5.4361 0.00722237
    endloop
  endfacet
  facet normal -0 0 -1
    outer loop
      vertex -15.5838 -5.54808 0.00722237
      vertex -39.397 -47.7 0.00722237
      vertex -15.7245 -5.50541 0.00722237
    endloop
  endfacet
  facet normal 0 0 -1
    outer loop
      vertex 22.5928 20.4678 0.00722237
      vertex 39.397 47.7 0.00722237
      vertex 22.6861 20.3542 0.00722237
    endloop
  endfacet
  facet normal 0 0 -1
    outer loop
      vertex 22.4792 20.5611 0.00722237
      vertex 39.397 47.7 0.00722237
      vertex 22.5928 20.4678 0.00722237
    endloop
  endfacet
  facet normal 0 0 -1
    outer loop
      vertex 16.3111 26.7292 0.00722237
      vertex 39.397 47.7 0.00722237
      vertex 22.4792 20.5611 0.00722237
    endloop
  endfacet
  facet normal 0 -0 -1
    outer loop
      vertex 39.25 47.847 0.00722237
      vertex 39.397 47.7 0.00722237
      vertex 16.3111 26.7292 0.00722237
    endloop
  endfacet
  facet normal 0 0 -1
    outer loop
      vertex 39.3942 47.7287 0.00722237
      vertex 39.25 47.847 0.00722237
      vertex 39.3858 47.7563 0.00722237
    endloop
  endfacet
  facet normal 0 0 -1
    outer loop
      vertex 39.3722 47.7817 0.00722237
      vertex 39.25 47.847 0.00722237
      vertex 39.354 47.804 0.00722237
    endloop
  endfacet
  facet normal 0 0 -1
    outer loop
      vertex 39.3317 47.8222 0.00722237
      vertex 39.25 47.847 0.00722237
      vertex 39.3063 47.8358 0.00722237
    endloop
  endfacet
  facet normal 0 0 -1
    outer loop
      vertex 39.3063 47.8358 0.00722237
      vertex 39.25 47.847 0.00722237
      vertex 39.2787 47.8442 0.00722237
    endloop
  endfacet
  facet normal 0 0 -1
    outer loop
      vertex 39.354 47.804 0.00722237
      vertex 39.25 47.847 0.00722237
      vertex 39.3317 47.8222 0.00722237
    endloop
  endfacet
  facet normal 0 0 -1
    outer loop
      vertex 39.3858 47.7563 0.00722237
      vertex 39.25 47.847 0.00722237
      vertex 39.3722 47.7817 0.00722237
    endloop
  endfacet
  facet normal 0 0 -1
    outer loop
      vertex 16.3111 26.7292 0.00722237
      vertex 22.4792 20.5611 0.00722237
      vertex 22.3495 20.6304 0.00722237
    endloop
  endfacet
  facet normal 0 0 -1
    outer loop
      vertex 16.3804 26.5995 0.00722237
      vertex 22.3495 20.6304 0.00722237
      vertex 22.2088 20.6731 0.00722237
    endloop
  endfacet
  facet normal 0 0 -1
    outer loop
      vertex 16.4231 26.4588 0.00722237
      vertex 22.2088 20.6731 0.00722237
      vertex 22.0625 20.6875 0.00722237
    endloop
  endfacet
  facet normal 0 0 -1
    outer loop
      vertex 16.4375 26.3125 0.00722237
      vertex 22.0625 20.6875 0.00722237
      vertex 16.4375 20.6875 0.00722237
    endloop
  endfacet
  facet normal 0 0 -1
    outer loop
      vertex 16.4231 26.4588 0.00722237
      vertex 22.0625 20.6875 0.00722237
      vertex 16.4375 26.3125 0.00722237
    endloop
  endfacet
  facet normal 0 0 -1
    outer loop
      vertex 22.2088 20.6731 0.00722237
      vertex 16.4231 26.4588 0.00722237
      vertex 16.3804 26.5995 0.00722237
    endloop
  endfacet
  facet normal 0 0 -1
    outer loop
      vertex 22.3495 20.6304 0.00722237
      vertex 16.3804 26.5995 0.00722237
      vertex 16.3111 26.7292 0.00722237
    endloop
  endfacet
  facet normal 0 0 -1
    outer loop
      vertex 39.397 47.7 0.00722237
      vertex 39.25 47.847 0.00722237
      vertex 39.3942 47.7287 0.00722237
    endloop
  endfacet
  facet normal 0 0 -1
    outer loop
      vertex 16.2178 26.8428 0.00722237
      vertex 39.25 47.847 0.00722237
      vertex 16.3111 26.7292 0.00722237
    endloop
  endfacet
  facet normal 0 0 -1
    outer loop
      vertex 16.1042 26.9361 0.00722237
      vertex 39.25 47.847 0.00722237
      vertex 16.2178 26.8428 0.00722237
    endloop
  endfacet
  facet normal 0 0 -1
    outer loop
      vertex 15.9745 27.0054 0.00722237
      vertex 39.25 47.847 0.00722237
      vertex 16.1042 26.9361 0.00722237
    endloop
  endfacet
  facet normal 0 0 -1
    outer loop
      vertex 15.8338 27.0481 0.00722237
      vertex 39.25 47.847 0.00722237
      vertex 15.9745 27.0054 0.00722237
    endloop
  endfacet
  facet normal 0 0 -1
    outer loop
      vertex 15.6875 27.0625 0.00722237
      vertex 39.25 47.847 0.00722237
      vertex 15.8338 27.0481 0.00722237
    endloop
  endfacet
  facet normal 0 0 -1
    outer loop
      vertex 10.0625 27.0625 0.00722237
      vertex 39.25 47.847 0.00722237
      vertex 15.6875 27.0625 0.00722237
    endloop
  endfacet
  facet normal 0 0 -1
    outer loop
      vertex 9.91619 27.0481 0.00722237
      vertex 39.25 47.847 0.00722237
      vertex 10.0625 27.0625 0.00722237
    endloop
  endfacet
  facet normal 0 0 -1
    outer loop
      vertex -9.66619 27.0481 0.00722237
      vertex 9.91619 27.0481 0.00722237
      vertex 9.77549 27.0054 0.00722237
    endloop
  endfacet
  facet normal 0 0 -1
    outer loop
      vertex -9.52549 27.0054 0.00722237
      vertex 9.77549 27.0054 0.00722237
      vertex 9.64583 26.9361 0.00722237
    endloop
  endfacet
  facet normal -0 0 -1
    outer loop
      vertex 9.32692 20.5412 0.00722237
      vertex 3.67308 20.0838 0.00722237
      vertex 9.3125 20.6875 0.00722237
    endloop
  endfacet
  facet normal 0 0 -1
    outer loop
      vertex 3.63041 20.2245 0.00722237
      vertex 9.3125 20.6875 0.00722237
      vertex 3.67308 20.0838 0.00722237
    endloop
  endfacet
  facet normal 0 0 -1
    outer loop
      vertex 3.5611 20.3542 0.00722237
      vertex 9.3125 20.6875 0.00722237
      vertex 3.63041 20.2245 0.00722237
    endloop
  endfacet
  facet normal 0 0 -1
    outer loop
      vertex 3.46782 20.4678 0.00722237
      vertex 9.3125 20.6875 0.00722237
      vertex 3.5611 20.3542 0.00722237
    endloop
  endfacet
  facet normal -0 0 -1
    outer loop
      vertex 9.3125 20.6875 0.00722237
      vertex 3.46782 20.4678 0.00722237
      vertex 9.3125 26.3125 0.00722237
    endloop
  endfacet
  facet normal 0 0 -1
    outer loop
      vertex 3.35417 20.5611 0.00722237
      vertex 9.3125 26.3125 0.00722237
      vertex 3.46782 20.4678 0.00722237
    endloop
  endfacet
  facet normal 0 0 -1
    outer loop
      vertex 3.22451 20.6304 0.00722237
      vertex 9.3125 26.3125 0.00722237
      vertex 3.35417 20.5611 0.00722237
    endloop
  endfacet
  facet normal 0 0 -1
    outer loop
      vertex 3.08381 20.6731 0.00722237
      vertex 9.3125 26.3125 0.00722237
      vertex 3.22451 20.6304 0.00722237
    endloop
  endfacet
  facet normal 0 0 -1
    outer loop
      vertex 2.9375 20.6875 0.00722237
      vertex 9.3125 26.3125 0.00722237
      vertex 3.08381 20.6731 0.00722237
    endloop
  endfacet
  facet normal -0 0 -1
    outer loop
      vertex 9.3125 26.3125 0.00722237
      vertex 2.9375 20.6875 0.00722237
      vertex 9.32692 26.4588 0.00722237
    endloop
  endfacet
  facet normal -0 0 -1
    outer loop
      vertex 9.32692 26.4588 0.00722237
      vertex 2.9375 20.6875 0.00722237
      vertex 9.36959 26.5995 0.00722237
    endloop
  endfacet
  facet normal 0 0 -1
    outer loop
      vertex -2.6875 20.6875 0.00722237
      vertex 9.36959 26.5995 0.00722237
      vertex 2.9375 20.6875 0.00722237
    endloop
  endfacet
  facet normal 0 0 -1
    outer loop
      vertex -9.11959 26.5995 0.00722237
      vertex 9.36959 26.5995 0.00722237
      vertex -2.6875 20.6875 0.00722237
    endloop
  endfacet
  facet normal 0 0 -1
    outer loop
      vertex 9.36959 26.5995 0.00722237
      vertex -9.11959 26.5995 0.00722237
      vertex 9.4389 26.7292 0.00722237
    endloop
  endfacet
  facet normal 0 0 -1
    outer loop
      vertex -9.1889 26.7292 0.00722237
      vertex 9.4389 26.7292 0.00722237
      vertex -9.11959 26.5995 0.00722237
    endloop
  endfacet
  facet normal 0 0 -1
    outer loop
      vertex 9.4389 26.7292 0.00722237
      vertex -9.1889 26.7292 0.00722237
      vertex 9.53218 26.8428 0.00722237
    endloop
  endfacet
  facet normal 0 0 -1
    outer loop
      vertex -9.0625 26.3125 0.00722237
      vertex -2.6875 20.6875 0.00722237
      vertex -2.83381 20.6731 0.00722237
    endloop
  endfacet
  facet normal 0 0 -1
    outer loop
      vertex -9.0625 26.3125 0.00722237
      vertex -2.83381 20.6731 0.00722237
      vertex -2.97451 20.6304 0.00722237
    endloop
  endfacet
  facet normal 0 0 -1
    outer loop
      vertex -9.0625 26.3125 0.00722237
      vertex -2.97451 20.6304 0.00722237
      vertex -3.10417 20.5611 0.00722237
    endloop
  endfacet
  facet normal 0 0 -1
    outer loop
      vertex -9.28218 20.1572 0.00722237
      vertex -3.4375 19.9375 0.00722237
      vertex -9.0625 14.3125 0.00722237
    endloop
  endfacet
  facet normal 0 0 -1
    outer loop
      vertex -9.07692 20.5412 0.00722237
      vertex -3.42308 20.0838 0.00722237
      vertex -3.4375 19.9375 0.00722237
    endloop
  endfacet
  facet normal 0 0 -1
    outer loop
      vertex -3.42308 20.0838 0.00722237
      vertex -9.0625 20.6875 0.00722237
      vertex -3.38041 20.2245 0.00722237
    endloop
  endfacet
  facet normal 0 0 -1
    outer loop
      vertex -3.38041 20.2245 0.00722237
      vertex -9.0625 20.6875 0.00722237
      vertex -3.3111 20.3542 0.00722237
    endloop
  endfacet
  facet normal 0 0 -1
    outer loop
      vertex -3.3111 20.3542 0.00722237
      vertex -9.0625 20.6875 0.00722237
      vertex -3.21782 20.4678 0.00722237
    endloop
  endfacet
  facet normal 0 0 -1
    outer loop
      vertex -9.0625 26.3125 0.00722237
      vertex -3.21782 20.4678 0.00722237
      vertex -9.0625 20.6875 0.00722237
    endloop
  endfacet
  facet normal 0 0 -1
    outer loop
      vertex -3.21782 20.4678 0.00722237
      vertex -9.0625 26.3125 0.00722237
      vertex -3.10417 20.5611 0.00722237
    endloop
  endfacet
  facet normal 0 0 -1
    outer loop
      vertex -2.6875 20.6875 0.00722237
      vertex -9.0625 26.3125 0.00722237
      vertex -9.07692 26.4588 0.00722237
    endloop
  endfacet
  facet normal 0 0 -1
    outer loop
      vertex -2.6875 20.6875 0.00722237
      vertex -9.07692 26.4588 0.00722237
      vertex -9.11959 26.5995 0.00722237
    endloop
  endfacet
  facet normal 0 0 -1
    outer loop
      vertex -9.28218 26.8428 0.00722237
      vertex 9.53218 26.8428 0.00722237
      vertex -9.1889 26.7292 0.00722237
    endloop
  endfacet
  facet normal 0 0 -1
    outer loop
      vertex 9.53218 26.8428 0.00722237
      vertex -9.28218 26.8428 0.00722237
      vertex 9.64583 26.9361 0.00722237
    endloop
  endfacet
  facet normal 0 0 -1
    outer loop
      vertex -9.39583 26.9361 0.00722237
      vertex 9.64583 26.9361 0.00722237
      vertex -9.28218 26.8428 0.00722237
    endloop
  endfacet
  facet normal 0 0 -1
    outer loop
      vertex -9.52549 27.0054 0.00722237
      vertex 9.64583 26.9361 0.00722237
      vertex -9.39583 26.9361 0.00722237
    endloop
  endfacet
  facet normal 0 0 -1
    outer loop
      vertex 9.77549 27.0054 0.00722237
      vertex -9.52549 27.0054 0.00722237
      vertex -9.66619 27.0481 0.00722237
    endloop
  endfacet
  facet normal 0 0 -1
    outer loop
      vertex 9.91619 27.0481 0.00722237
      vertex -9.66619 27.0481 0.00722237
      vertex 39.25 47.847 0.00722237
    endloop
  endfacet
  facet normal 0 0 -1
    outer loop
      vertex -39.25 47.847 0.00722237
      vertex -9.66619 27.0481 0.00722237
      vertex -9.8125 27.0625 0.00722237
    endloop
  endfacet
  facet normal 0 0 -1
    outer loop
      vertex -39.25 47.847 0.00722237
      vertex -9.8125 27.0625 0.00722237
      vertex -15.4375 27.0625 0.00722237
    endloop
  endfacet
  facet normal 0 0 -1
    outer loop
      vertex -39.25 47.847 0.00722237
      vertex -15.4375 27.0625 0.00722237
      vertex -15.5838 27.0481 0.00722237
    endloop
  endfacet
  facet normal 0 0 -1
    outer loop
      vertex -39.25 47.847 0.00722237
      vertex -15.5838 27.0481 0.00722237
      vertex -15.7245 27.0054 0.00722237
    endloop
  endfacet
  facet normal 0 0 -1
    outer loop
      vertex -21.8125 20.6875 0.00722237
      vertex -16.1731 26.4588 0.00722237
      vertex -16.1875 26.3125 0.00722237
    endloop
  endfacet
  facet normal 0 0 -1
    outer loop
      vertex -21.9588 20.6731 0.00722237
      vertex -16.1731 26.4588 0.00722237
      vertex -21.8125 20.6875 0.00722237
    endloop
  endfacet
  facet normal -0 0 -1
    outer loop
      vertex -16.1731 26.4588 0.00722237
      vertex -21.9588 20.6731 0.00722237
      vertex -16.1304 26.5995 0.00722237
    endloop
  endfacet
  facet normal 0 0 -1
    outer loop
      vertex -22.0995 20.6304 0.00722237
      vertex -16.1304 26.5995 0.00722237
      vertex -21.9588 20.6731 0.00722237
    endloop
  endfacet
  facet normal -0 0 -1
    outer loop
      vertex -16.1304 26.5995 0.00722237
      vertex -22.0995 20.6304 0.00722237
      vertex -16.0611 26.7292 0.00722237
    endloop
  endfacet
  facet normal 0 0 -1
    outer loop
      vertex -22.2292 20.5611 0.00722237
      vertex -16.0611 26.7292 0.00722237
      vertex -22.0995 20.6304 0.00722237
    endloop
  endfacet
  facet normal 0 0 -1
    outer loop
      vertex -39.397 47.7 0.00722237
      vertex -16.0611 26.7292 0.00722237
      vertex -22.2292 20.5611 0.00722237
    endloop
  endfacet
  facet normal 0 0 -1
    outer loop
      vertex -39.397 47.7 0.00722237
      vertex -22.2292 20.5611 0.00722237
      vertex -22.3428 20.4678 0.00722237
    endloop
  endfacet
  facet normal 0 0 -1
    outer loop
      vertex -39.397 47.7 0.00722237
      vertex -22.5625 1.5625 0.00722237
      vertex -39.397 -47.7 0.00722237
    endloop
  endfacet
  facet normal 0 0 -1
    outer loop
      vertex -9.66619 27.0481 0.00722237
      vertex -39.25 47.847 0.00722237
      vertex 39.25 47.847 0.00722237
    endloop
  endfacet
  facet normal 0 0 -1
    outer loop
      vertex -15.8542 26.9361 0.00722237
      vertex -39.25 47.847 0.00722237
      vertex -15.7245 27.0054 0.00722237
    endloop
  endfacet
  facet normal 0 0 -1
    outer loop
      vertex -15.9678 26.8428 0.00722237
      vertex -39.25 47.847 0.00722237
      vertex -15.8542 26.9361 0.00722237
    endloop
  endfacet
  facet normal 0 0 -1
    outer loop
      vertex -16.0611 26.7292 0.00722237
      vertex -39.397 47.7 0.00722237
      vertex -15.9678 26.8428 0.00722237
    endloop
  endfacet
  facet normal 0 0 -1
    outer loop
      vertex -39.397 47.7 0.00722237
      vertex -22.3428 20.4678 0.00722237
      vertex -22.4361 20.3542 0.00722237
    endloop
  endfacet
  facet normal 0 0 -1
    outer loop
      vertex -39.397 47.7 0.00722237
      vertex -22.4361 20.3542 0.00722237
      vertex -22.5054 20.2245 0.00722237
    endloop
  endfacet
  facet normal 0 0 -1
    outer loop
      vertex -39.397 47.7 0.00722237
      vertex -22.5054 20.2245 0.00722237
      vertex -22.5481 20.0838 0.00722237
    endloop
  endfacet
  facet normal 0 0 -1
    outer loop
      vertex -22.5625 14.3125 0.00722237
      vertex -39.397 47.7 0.00722237
      vertex -22.5625 19.9375 0.00722237
    endloop
  endfacet
  facet normal 0 0 -1
    outer loop
      vertex -39.397 -47.7 0.00722237
      vertex -39.25 -47.847 0.00722237
      vertex -39.2787 -47.8442 0.00722237
    endloop
  endfacet
  facet normal 0 0 -1
    outer loop
      vertex -22.5625 19.9375 0.00722237
      vertex -39.397 47.7 0.00722237
      vertex -22.5481 20.0838 0.00722237
    endloop
  endfacet
  facet normal 0 0 -1
    outer loop
      vertex -39.397 -47.7 0.00722237
      vertex -39.2787 -47.8442 0.00722237
      vertex -39.3063 -47.8358 0.00722237
    endloop
  endfacet
  facet normal 0 0 -1
    outer loop
      vertex -15.9678 26.8428 0.00722237
      vertex -39.397 47.7 0.00722237
      vertex -39.25 47.847 0.00722237
    endloop
  endfacet
  facet normal 0 0 -1
    outer loop
      vertex -39.397 -47.7 0.00722237
      vertex -39.3063 -47.8358 0.00722237
      vertex -39.3317 -47.8222 0.00722237
    endloop
  endfacet
  facet normal 0 0 -1
    outer loop
      vertex -39.25 47.847 0.00722237
      vertex -39.397 47.7 0.00722237
      vertex -39.2787 47.8442 0.00722237
    endloop
  endfacet
  facet normal 0 0 -1
    outer loop
      vertex -39.397 -47.7 0.00722237
      vertex -39.3317 -47.8222 0.00722237
      vertex -39.354 -47.804 0.00722237
    endloop
  endfacet
  facet normal 0 0 -1
    outer loop
      vertex -39.2787 47.8442 0.00722237
      vertex -39.397 47.7 0.00722237
      vertex -39.3063 47.8358 0.00722237
    endloop
  endfacet
  facet normal 0 0 -1
    outer loop
      vertex -39.397 -47.7 0.00722237
      vertex -39.354 -47.804 0.00722237
      vertex -39.3722 -47.7817 0.00722237
    endloop
  endfacet
  facet normal 0 0 -1
    outer loop
      vertex -39.3063 47.8358 0.00722237
      vertex -39.397 47.7 0.00722237
      vertex -39.3317 47.8222 0.00722237
    endloop
  endfacet
  facet normal 0 0 -1
    outer loop
      vertex -39.397 -47.7 0.00722237
      vertex -39.3722 -47.7817 0.00722237
      vertex -39.3858 -47.7563 0.00722237
    endloop
  endfacet
  facet normal 0 0 -1
    outer loop
      vertex -39.3317 47.8222 0.00722237
      vertex -39.397 47.7 0.00722237
      vertex -39.354 47.804 0.00722237
    endloop
  endfacet
  facet normal 0 0 -1
    outer loop
      vertex -39.397 -47.7 0.00722237
      vertex -39.3858 -47.7563 0.00722237
      vertex -39.3942 -47.7287 0.00722237
    endloop
  endfacet
  facet normal 0 0 -1
    outer loop
      vertex -39.354 47.804 0.00722237
      vertex -39.397 47.7 0.00722237
      vertex -39.3722 47.7817 0.00722237
    endloop
  endfacet
  facet normal 0 0 -1
    outer loop
      vertex -39.3722 47.7817 0.00722237
      vertex -39.397 47.7 0.00722237
      vertex -39.3858 47.7563 0.00722237
    endloop
  endfacet
  facet normal 0 0 -1
    outer loop
      vertex -39.3858 47.7563 0.00722237
      vertex -39.397 47.7 0.00722237
      vertex -39.3942 47.7287 0.00722237
    endloop
  endfacet
  facet normal -0 0 -1
    outer loop
      vertex 22.0625 0.8125 0.00722237
      vertex 16.4375 -4.8125 0.00722237
      vertex 16.4375 0.8125 0.00722237
    endloop
  endfacet
  facet normal 0 0 -1
    outer loop
      vertex 15.6875 7.1875 0.00722237
      vertex 10.0481 7.79119 0.00722237
      vertex 10.0625 7.9375 0.00722237
    endloop
  endfacet
  facet normal 0 0 -1
    outer loop
      vertex 15.6875 7.1875 0.00722237
      vertex 10.0054 7.65049 0.00722237
      vertex 10.0481 7.79119 0.00722237
    endloop
  endfacet
  facet normal 0 0 -1
    outer loop
      vertex 15.6875 7.1875 0.00722237
      vertex 9.9361 7.52083 0.00722237
      vertex 10.0054 7.65049 0.00722237
    endloop
  endfacet
  facet normal 0 0 -1
    outer loop
      vertex 9.45881 7.20192 0.00722237
      vertex 10.0625 1.5625 0.00722237
      vertex 9.91619 1.54808 0.00722237
    endloop
  endfacet
  facet normal 0 0 -1
    outer loop
      vertex 15.6875 7.1875 0.00722237
      vertex 9.84282 7.40718 0.00722237
      vertex 9.9361 7.52083 0.00722237
    endloop
  endfacet
  facet normal 0 0 -1
    outer loop
      vertex 9.3125 7.1875 0.00722237
      vertex 9.91619 1.54808 0.00722237
      vertex 9.77549 1.50541 0.00722237
    endloop
  endfacet
  facet normal 0 0 -1
    outer loop
      vertex 10.0625 1.5625 0.00722237
      vertex 9.72917 7.3139 0.00722237
      vertex 9.84282 7.40718 0.00722237
    endloop
  endfacet
  facet normal 0 0 -1
    outer loop
      vertex 9.3125 7.1875 0.00722237
      vertex 9.77549 1.50541 0.00722237
      vertex 9.64583 1.4361 0.00722237
    endloop
  endfacet
  facet normal 0 0 -1
    outer loop
      vertex 10.0625 1.5625 0.00722237
      vertex 9.59951 7.24459 0.00722237
      vertex 9.72917 7.3139 0.00722237
    endloop
  endfacet
  facet normal 0 0 -1
    outer loop
      vertex 9.3125 7.1875 0.00722237
      vertex 9.64583 1.4361 0.00722237
      vertex 9.53218 1.34282 0.00722237
    endloop
  endfacet
  facet normal 0 0 -1
    outer loop
      vertex 10.0625 1.5625 0.00722237
      vertex 9.45881 7.20192 0.00722237
      vertex 9.59951 7.24459 0.00722237
    endloop
  endfacet
  facet normal 0 0 -1
    outer loop
      vertex 9.3125 7.1875 0.00722237
      vertex 9.53218 1.34282 0.00722237
      vertex 9.4389 1.22917 0.00722237
    endloop
  endfacet
  facet normal 0 0 -1
    outer loop
      vertex 9.3125 7.1875 0.00722237
      vertex 9.4389 1.22917 0.00722237
      vertex 9.36959 1.09951 0.00722237
    endloop
  endfacet
  facet normal 0 0 -1
    outer loop
      vertex 9.3125 7.1875 0.00722237
      vertex 9.36959 1.09951 0.00722237
      vertex 9.32692 0.958813 0.00722237
    endloop
  endfacet
  facet normal 0 0 -1
    outer loop
      vertex 9.3125 7.1875 0.00722237
      vertex 9.32692 0.958813 0.00722237
      vertex 9.3125 0.8125 0.00722237
    endloop
  endfacet
  facet normal 0 0 -1
    outer loop
      vertex 9.91619 1.54808 0.00722237
      vertex 9.3125 7.1875 0.00722237
      vertex 9.45881 7.20192 0.00722237
    endloop
  endfacet
  facet normal 0 0 -1
    outer loop
      vertex 10.0625 1.5625 0.00722237
      vertex 15.6875 7.1875 0.00722237
      vertex 15.6875 1.5625 0.00722237
    endloop
  endfacet
  facet normal 0 0 -1
    outer loop
      vertex 15.6875 7.1875 0.00722237
      vertex 10.0625 7.9375 0.00722237
      vertex 15.6875 7.9375 0.00722237
    endloop
  endfacet
  facet normal 0 0 -1
    outer loop
      vertex 15.6875 7.9375 0.00722237
      vertex 10.0625 7.9375 0.00722237
      vertex 15.6875 13.5625 0.00722237
    endloop
  endfacet
  facet normal 0 0 -1
    outer loop
      vertex 10.0625 13.5625 0.00722237
      vertex 15.6875 13.5625 0.00722237
      vertex 10.0625 7.9375 0.00722237
    endloop
  endfacet
  facet normal 0 0 -1
    outer loop
      vertex 9.84282 7.40718 0.00722237
      vertex 15.6875 7.1875 0.00722237
      vertex 10.0625 1.5625 0.00722237
    endloop
  endfacet
  facet normal 0 0 -1
    outer loop
      vertex 15.6875 13.5625 0.00722237
      vertex 10.0625 13.5625 0.00722237
      vertex 15.6875 14.3125 0.00722237
    endloop
  endfacet
  facet normal 0 0 -1
    outer loop
      vertex 10.0481 13.7088 0.00722237
      vertex 15.6875 14.3125 0.00722237
      vertex 10.0625 13.5625 0.00722237
    endloop
  endfacet
  facet normal 0 0 -1
    outer loop
      vertex 10.0054 13.8495 0.00722237
      vertex 15.6875 14.3125 0.00722237
      vertex 10.0481 13.7088 0.00722237
    endloop
  endfacet
  facet normal 0 0 -1
    outer loop
      vertex 9.9361 13.9792 0.00722237
      vertex 15.6875 14.3125 0.00722237
      vertex 10.0054 13.8495 0.00722237
    endloop
  endfacet
  facet normal 0 0 -1
    outer loop
      vertex 9.84282 14.0928 0.00722237
      vertex 15.6875 14.3125 0.00722237
      vertex 9.9361 13.9792 0.00722237
    endloop
  endfacet
  facet normal 0 -0 -1
    outer loop
      vertex 10.0625 19.9375 0.00722237
      vertex 15.6875 14.3125 0.00722237
      vertex 9.84282 14.0928 0.00722237
    endloop
  endfacet
  facet normal 0 0 -1
    outer loop
      vertex 15.6875 14.3125 0.00722237
      vertex 10.0625 19.9375 0.00722237
      vertex 15.6875 19.9375 0.00722237
    endloop
  endfacet
  facet normal 0 0 -1
    outer loop
      vertex 9.72917 14.1861 0.00722237
      vertex 10.0625 19.9375 0.00722237
      vertex 9.84282 14.0928 0.00722237
    endloop
  endfacet
  facet normal 0 0 -1
    outer loop
      vertex 9.59951 14.2554 0.00722237
      vertex 10.0625 19.9375 0.00722237
      vertex 9.72917 14.1861 0.00722237
    endloop
  endfacet
  facet normal 0 0 -1
    outer loop
      vertex 9.45881 14.2981 0.00722237
      vertex 10.0625 19.9375 0.00722237
      vertex 9.59951 14.2554 0.00722237
    endloop
  endfacet
  facet normal -0 0 -1
    outer loop
      vertex 10.0625 19.9375 0.00722237
      vertex 9.45881 14.2981 0.00722237
      vertex 9.91619 19.9519 0.00722237
    endloop
  endfacet
  facet normal 0 0 -1
    outer loop
      vertex 9.3125 14.3125 0.00722237
      vertex 9.91619 19.9519 0.00722237
      vertex 9.45881 14.2981 0.00722237
    endloop
  endfacet
  facet normal -0 0 -1
    outer loop
      vertex 9.91619 19.9519 0.00722237
      vertex 9.3125 14.3125 0.00722237
      vertex 9.77549 19.9946 0.00722237
    endloop
  endfacet
  facet normal -0 0 -1
    outer loop
      vertex 9.77549 19.9946 0.00722237
      vertex 9.3125 14.3125 0.00722237
      vertex 9.64583 20.0639 0.00722237
    endloop
  endfacet
  facet normal -0 0 -1
    outer loop
      vertex 9.64583 20.0639 0.00722237
      vertex 9.3125 14.3125 0.00722237
      vertex 9.53218 20.1572 0.00722237
    endloop
  endfacet
  facet normal 0 0 -1
    outer loop
      vertex 3.6875 19.9375 0.00722237
      vertex 9.3125 14.3125 0.00722237
      vertex 3.6875 14.3125 0.00722237
    endloop
  endfacet
  facet normal 0 0 -1
    outer loop
      vertex 9.3125 14.3125 0.00722237
      vertex 3.6875 19.9375 0.00722237
      vertex 9.53218 20.1572 0.00722237
    endloop
  endfacet
  facet normal -0 0 -1
    outer loop
      vertex 9.53218 20.1572 0.00722237
      vertex 3.6875 19.9375 0.00722237
      vertex 9.4389 20.2708 0.00722237
    endloop
  endfacet
  facet normal -0 0 -1
    outer loop
      vertex 9.4389 20.2708 0.00722237
      vertex 3.6875 19.9375 0.00722237
      vertex 9.36959 20.4005 0.00722237
    endloop
  endfacet
  facet normal -0 0 -1
    outer loop
      vertex 9.36959 20.4005 0.00722237
      vertex 3.6875 19.9375 0.00722237
      vertex 9.32692 20.5412 0.00722237
    endloop
  endfacet
  facet normal 0 0 -1
    outer loop
      vertex 3.67308 20.0838 0.00722237
      vertex 9.32692 20.5412 0.00722237
      vertex 3.6875 19.9375 0.00722237
    endloop
  endfacet
  facet normal 0 0 -1
    outer loop
      vertex 15.7446 7.47451 0.00722237
      vertex 15.7446 7.65049 0.00722237
      vertex 15.7916 7.5625 0.00722237
    endloop
  endfacet
  facet normal 0 0 -1
    outer loop
      vertex 15.7019 7.33381 0.00722237
      vertex 15.7446 7.65049 0.00722237
      vertex 15.7446 7.47451 0.00722237
    endloop
  endfacet
  facet normal 0 0 -1
    outer loop
      vertex 15.7019 7.33381 0.00722237
      vertex 15.7019 7.79119 0.00722237
      vertex 15.7446 7.65049 0.00722237
    endloop
  endfacet
  facet normal 0 0 -1
    outer loop
      vertex 15.6875 7.1875 0.00722237
      vertex 15.7019 7.79119 0.00722237
      vertex 15.7019 7.33381 0.00722237
    endloop
  endfacet
  facet normal -0 0 -1
    outer loop
      vertex 15.7019 7.79119 0.00722237
      vertex 15.6875 7.1875 0.00722237
      vertex 15.6875 7.9375 0.00722237
    endloop
  endfacet
  facet normal 0 0 -1
    outer loop
      vertex 15.7446 13.8495 0.00722237
      vertex 15.7446 14.0255 0.00722237
      vertex 15.7916 13.9375 0.00722237
    endloop
  endfacet
  facet normal 0 0 -1
    outer loop
      vertex 15.7019 13.7088 0.00722237
      vertex 15.7446 14.0255 0.00722237
      vertex 15.7446 13.8495 0.00722237
    endloop
  endfacet
  facet normal 0 0 -1
    outer loop
      vertex 15.7019 13.7088 0.00722237
      vertex 15.7019 14.1662 0.00722237
      vertex 15.7446 14.0255 0.00722237
    endloop
  endfacet
  facet normal 0 0 -1
    outer loop
      vertex 15.6875 13.5625 0.00722237
      vertex 15.7019 14.1662 0.00722237
      vertex 15.7019 13.7088 0.00722237
    endloop
  endfacet
  facet normal -0 0 -1
    outer loop
      vertex 15.7019 14.1662 0.00722237
      vertex 15.6875 13.5625 0.00722237
      vertex 15.6875 14.3125 0.00722237
    endloop
  endfacet
  facet normal 0.0924825 0.172802 -0.980605
    outer loop
      vertex 39.4919 48.062 0.0645887
      vertex 39.3317 47.8222 0.00722237
      vertex 39.4166 48.1023 0.0645887
    endloop
  endfacet
  facet normal 0.0925182 0.172791 -0.980604
    outer loop
      vertex 39.3317 47.8222 0.00722237
      vertex 39.3063 47.8358 0.00722237
      vertex 39.4166 48.1023 0.0645887
    endloop
  endfacet
  facet normal -0.111421 0.367801 -0.923205
    outer loop
      vertex -39.3349 48.1271 0.0645887
      vertex -39.5206 48.3533 0.177118
      vertex -39.3879 48.3935 0.177118
    endloop
  endfacet
  facet normal 0.123978 -0.151907 -0.980589
    outer loop
      vertex 39.5579 -48.0079 0.0645887
      vertex 39.3317 -47.8222 0.00722237
      vertex 39.354 -47.804 0.00722237
    endloop
  endfacet
  facet normal -0.123978 -0.151907 -0.980589
    outer loop
      vertex -39.3317 -47.8222 0.00722237
      vertex -39.5579 -48.0079 0.0645887
      vertex -39.354 -47.804 0.00722237
    endloop
  endfacet
  facet normal -0.123978 0.151907 -0.980589
    outer loop
      vertex -39.354 47.804 0.00722237
      vertex -39.5579 48.0079 0.0645887
      vertex -39.3317 47.8222 0.00722237
    endloop
  endfacet
  facet normal -0.382522 0.0373961 -0.923189
    outer loop
      vertex -39.6854 47.7 0.0645887
      vertex -39.9435 47.8379 0.177118
      vertex -39.6771 47.7849 0.0645887
    endloop
  endfacet
  facet normal -0.367756 0.111632 -0.923197
    outer loop
      vertex -39.6771 47.7849 0.0645887
      vertex -39.9435 47.8379 0.177118
      vertex -39.6523 47.8666 0.0645887
    endloop
  endfacet
  facet normal -0.7967 -0.241804 -0.553895
    outer loop
      vertex -40.4722 -48.2062 0.792905
      vertex -40.5475 -47.9581 0.792905
      vertex -40.3872 -47.9262 0.54841
    endloop
  endfacet
  facet normal -0.828586 -0.0815424 -0.553891
    outer loop
      vertex -40.5475 -47.9581 0.792905
      vertex -40.5729 -47.7 0.792905
      vertex -40.3872 -47.9262 0.54841
    endloop
  endfacet
  facet normal -0.622302 -0.758267 -0.194352
    outer loop
      vertex -40.0475 -48.8935 1.06457
      vertex -40.3056 -48.7556 1.35297
      vertex -40.265 -48.715 1.06457
    endloop
  endfacet
  facet normal -0.643638 -0.528335 -0.553708
    outer loop
      vertex -40.1854 -48.6354 0.792905
      vertex -40.3499 -48.435 0.792905
      vertex -40.2141 -48.3442 0.54841
    endloop
  endfacet
  facet normal -0.0905553 -0.92017 -0.380903
    outer loop
      vertex -39.25 -49.0229 0.792905
      vertex -39.53 -49.1078 1.06457
      vertex -39.5081 -48.9975 0.792905
    endloop
  endfacet
  facet normal -0.462256 -0.865248 -0.194078
    outer loop
      vertex -39.7993 -49.0261 1.06457
      vertex -40.0793 -48.9412 1.35297
      vertex -40.0475 -48.8935 1.06457
    endloop
  endfacet
  facet normal -0.172791 0.0925182 -0.980604
    outer loop
      vertex -39.3858 47.7563 0.00722237
      vertex -39.6523 47.8666 0.0645887
      vertex -39.3722 47.7817 0.00722237
    endloop
  endfacet
  facet normal -0.0373961 -0.382522 -0.923189
    outer loop
      vertex -39.25 -48.1354 0.0645887
      vertex -39.3879 -48.3935 0.177118
      vertex -39.3349 -48.1271 0.0645887
    endloop
  endfacet
  facet normal -0.172805 -0.0924842 -0.980604
    outer loop
      vertex -39.612 -47.9419 0.0645887
      vertex -39.6523 -47.8666 0.0645887
      vertex -39.3858 -47.7563 0.00722237
    endloop
  endfacet
  facet normal -0.367746 -0.111405 -0.923229
    outer loop
      vertex -39.9033 -47.9706 0.177118
      vertex -39.9435 -47.8379 0.177118
      vertex -39.6523 -47.8666 0.0645887
    endloop
  endfacet
  facet normal -0.334233 -0.625127 -0.70534
    outer loop
      vertex -39.6937 -48.7713 0.54841
      vertex -39.8942 -48.6641 0.54841
      vertex -39.6142 -48.5792 0.340484
    endloop
  endfacet
  facet normal -0.151907 -0.123978 -0.980589
    outer loop
      vertex -39.354 -47.804 0.00722237
      vertex -39.5579 -48.0079 0.0645887
      vertex -39.3722 -47.7817 0.00722237
    endloop
  endfacet
  facet normal -0.462423 0.865157 -0.194081
    outer loop
      vertex -40.0475 48.8935 1.06457
      vertex -40.0793 48.9412 1.35297
      vertex -39.8213 49.0791 1.35297
    endloop
  endfacet
  facet normal -0.26843 0.884802 -0.380882
    outer loop
      vertex -39.5081 48.9975 0.792905
      vertex -39.7993 49.0261 1.06457
      vertex -39.53 49.1078 1.06457
    endloop
  endfacet
  facet normal -0.758468 0.622058 -0.194346
    outer loop
      vertex -40.265 48.715 1.06457
      vertex -40.4912 48.5293 1.35297
      vertex -40.3056 48.7556 1.35297
    endloop
  endfacet
  facet normal -0.773211 0.634149 0
    outer loop
      vertex -40.4912 48.5293 1.35297
      vertex -40.3056 48.7556 9.1375
      vertex -40.3056 48.7556 1.35297
    endloop
  endfacet
  facet normal -0.773211 0.634149 0
    outer loop
      vertex -40.3056 48.7556 9.1375
      vertex -40.4912 48.5293 1.35297
      vertex -40.4912 48.5293 9.1375
    endloop
  endfacet
  facet normal -0.938672 0.284852 -0.194305
    outer loop
      vertex -40.6578 47.98 1.06457
      vertex -40.7141 47.9912 1.35297
      vertex -40.6291 48.2713 1.35297
    endloop
  endfacet
  facet normal -0.956909 0.290387 0
    outer loop
      vertex -40.7141 47.9912 1.35297
      vertex -40.6291 48.2713 9.1375
      vertex -40.6291 48.2713 1.35297
    endloop
  endfacet
  facet normal -0.956909 0.290387 0
    outer loop
      vertex -40.6291 48.2713 9.1375
      vertex -40.7141 47.9912 1.35297
      vertex -40.7141 47.9912 9.1375
    endloop
  endfacet
  facet normal -0.634149 0.773211 0
    outer loop
      vertex -40.0793 48.9412 1.35297
      vertex -40.3056 48.7556 9.1375
      vertex -40.0793 48.9412 9.1375
    endloop
  endfacet
  facet normal -0.634149 0.773211 0
    outer loop
      vertex -40.3056 48.7556 9.1375
      vertex -40.0793 48.9412 1.35297
      vertex -40.3056 48.7556 1.35297
    endloop
  endfacet
  facet normal -0.462238 0.865215 -0.194264
    outer loop
      vertex -39.7993 49.0261 1.06457
      vertex -40.0475 48.8935 1.06457
      vertex -39.8213 49.0791 1.35297
    endloop
  endfacet
  facet normal -0.243594 0.297175 -0.923228
    outer loop
      vertex -39.5579 48.0079 0.0645887
      vertex -39.6428 48.2879 0.177118
      vertex -39.4919 48.062 0.0645887
    endloop
  endfacet
  facet normal -0.353497 0.43089 -0.830285
    outer loop
      vertex -39.6428 48.2879 0.177118
      vertex -39.9229 48.3729 0.340484
      vertex -39.7787 48.4912 0.340484
    endloop
  endfacet
  facet normal -0.263013 0.49144 -0.830248
    outer loop
      vertex -39.5206 48.3533 0.177118
      vertex -39.6428 48.2879 0.177118
      vertex -39.6142 48.5792 0.340484
    endloop
  endfacet
  facet normal -0.0570681 0.187509 -0.980604
    outer loop
      vertex -39.3063 47.8358 0.00722237
      vertex -39.3349 48.1271 0.0645887
      vertex -39.2787 47.8442 0.00722237
    endloop
  endfacet
  facet normal 0 0.555562 -0.831475
    outer loop
      vertex -39.25 48.4071 0.177118
      vertex 39.25 48.6516 0.340484
      vertex 39.25 48.4071 0.177118
    endloop
  endfacet
  facet normal 0 0.555562 -0.831475
    outer loop
      vertex 39.25 48.6516 0.340484
      vertex -39.25 48.4071 0.177118
      vertex -39.25 48.6516 0.340484
    endloop
  endfacet
  facet normal -0.0373822 0.38238 -0.923249
    outer loop
      vertex -39.25 48.1354 0.0645887
      vertex -39.3349 48.1271 0.0645887
      vertex -39.25 48.4071 0.177118
    endloop
  endfacet
  facet normal -0.019069 0.195055 -0.980607
    outer loop
      vertex -39.25 47.847 0.00722237
      vertex -39.3349 48.1271 0.0645887
      vertex -39.25 48.1354 0.0645887
    endloop
  endfacet
  facet normal -0.297175 0.243594 -0.923228
    outer loop
      vertex -39.612 47.9419 0.0645887
      vertex -39.8379 48.0928 0.177118
      vertex -39.5579 48.0079 0.0645887
    endloop
  endfacet
  facet normal -0.33878 0.181313 -0.92323
    outer loop
      vertex -39.6523 47.8666 0.0645887
      vertex -39.8379 48.0928 0.177118
      vertex -39.612 47.9419 0.0645887
    endloop
  endfacet
  facet normal -0.643638 0.528335 -0.553708
    outer loop
      vertex -40.2141 48.3442 0.54841
      vertex -40.3499 48.435 0.792905
      vertex -40.1854 48.6354 0.792905
    endloop
  endfacet
  facet normal -0.54799 0.449565 -0.705406
    outer loop
      vertex -40.0412 48.2287 0.340484
      vertex -40.2141 48.3442 0.54841
      vertex -39.9229 48.3729 0.340484
    endloop
  endfacet
  facet normal 0.435672 -0.815489 -0.381009
    outer loop
      vertex 39.7993 -49.0261 1.06457
      vertex 39.7562 -48.9222 0.792905
      vertex 40.0475 -48.8935 1.06457
    endloop
  endfacet
  facet normal 0.268534 -0.884772 -0.380878
    outer loop
      vertex 39.53 -49.1078 1.06457
      vertex 39.5081 -48.9975 0.792905
      vertex 39.7562 -48.9222 0.792905
    endloop
  endfacet
  facet normal 0.58658 -0.714593 -0.381157
    outer loop
      vertex 40.0475 -48.8935 1.06457
      vertex 39.985 -48.7999 0.792905
      vertex 40.1854 -48.6354 0.792905
    endloop
  endfacet
  facet normal 0.528335 -0.643638 -0.553708
    outer loop
      vertex 39.985 -48.7999 0.792905
      vertex 39.8942 -48.6641 0.54841
      vertex 40.1854 -48.6354 0.792905
    endloop
  endfacet
  facet normal 0.0980107 -0.995185 0
    outer loop
      vertex 39.25 -49.1928 2
      vertex 39.25 -49.1928 1.35297
      vertex 39.5404 -49.1642 2
    endloop
  endfacet
  facet normal 0.124035 -0.992278 0
    outer loop
      vertex 39.5404 -49.1642 2
      vertex 39.5412 -49.1641 9.1375
      vertex 39.5404 -49.1642 9.1375
    endloop
  endfacet
  facet normal 0.124035 -0.992278 0
    outer loop
      vertex 39.5404 -49.1642 2
      vertex 39.5412 -49.1641 1.35297
      vertex 39.5412 -49.1641 9.1375
    endloop
  endfacet
  facet normal 0.0980825 -0.995178 -3.25361e-05
    outer loop
      vertex 39.5412 -49.1641 1.35297
      vertex 39.5404 -49.1642 2
      vertex 39.25 -49.1928 1.35297
    endloop
  endfacet
  facet normal -0.0980825 0.995178 0
    outer loop
      vertex -39.25 49.1928 1.35297
      vertex -39.5412 49.1641 9.1375
      vertex -39.25 49.1928 9.1375
    endloop
  endfacet
  facet normal -0.0980825 0.995178 0
    outer loop
      vertex -39.5412 49.1641 9.1375
      vertex -39.25 49.1928 1.35297
      vertex -39.5412 49.1641 1.35297
    endloop
  endfacet
  facet normal 0.26843 0.884802 -0.380882
    outer loop
      vertex 39.7993 49.0261 1.06457
      vertex 39.5081 48.9975 0.792905
      vertex 39.53 49.1078 1.06457
    endloop
  endfacet
  facet normal 0.471386 0.881927 -0
    outer loop
      vertex 40.0793 48.9412 1.35297
      vertex 39.8213 49.0791 9.1375
      vertex 40.0793 48.9412 9.1375
    endloop
  endfacet
  facet normal 0.471386 0.881927 0
    outer loop
      vertex 39.8213 49.0791 9.1375
      vertex 40.0793 48.9412 1.35297
      vertex 39.8213 49.0791 1.35297
    endloop
  endfacet
  facet normal 0.263013 0.49144 -0.830248
    outer loop
      vertex 39.6428 48.2879 0.177118
      vertex 39.5206 48.3533 0.177118
      vertex 39.6142 48.5792 0.340484
    endloop
  endfacet
  facet normal 0.172802 0.0924825 -0.980605
    outer loop
      vertex 39.6523 47.8666 0.0645887
      vertex 39.3722 47.7817 0.00722237
      vertex 39.612 47.9419 0.0645887
    endloop
  endfacet
  facet normal 0.554725 0.0546954 -0.830234
    outer loop
      vertex 40.2016 47.7 0.340484
      vertex 39.9435 47.8379 0.177118
      vertex 40.1833 47.8856 0.340484
    endloop
  endfacet
  facet normal 0.884772 0.268534 -0.380878
    outer loop
      vertex 40.5475 47.9581 0.792905
      vertex 40.4722 48.2062 0.792905
      vertex 40.6578 47.98 1.06457
    endloop
  endfacet
  facet normal 0.392553 0.734392 -0.553689
    outer loop
      vertex 39.8942 48.6641 0.54841
      vertex 39.7562 48.9222 0.792905
      vertex 39.985 48.7999 0.792905
    endloop
  endfacet
  facet normal 0.533456 0.161605 -0.830246
    outer loop
      vertex 39.9435 47.8379 0.177118
      vertex 39.9033 47.9706 0.177118
      vertex 40.1292 48.0642 0.340484
    endloop
  endfacet
  facet normal -0.586487 0.714627 -0.381237
    outer loop
      vertex -40.1854 48.6354 0.792905
      vertex -40.265 48.715 1.06457
      vertex -40.0475 48.8935 1.06457
    endloop
  endfacet
  facet normal -0.634149 -0.773211 0
    outer loop
      vertex -40.3056 -48.7556 1.35297
      vertex -40.0793 -48.9412 9.1375
      vertex -40.3056 -48.7556 9.1375
    endloop
  endfacet
  facet normal -0.634149 -0.773211 -0
    outer loop
      vertex -40.0793 -48.9412 9.1375
      vertex -40.3056 -48.7556 1.35297
      vertex -40.0793 -48.9412 1.35297
    endloop
  endfacet
  facet normal -0.12425 0.15158 -0.980605
    outer loop
      vertex -39.3317 47.8222 0.00722237
      vertex -39.5579 48.0079 0.0645887
      vertex -39.4919 48.062 0.0645887
    endloop
  endfacet
  facet normal 0.0190298 -0.195055 -0.980608
    outer loop
      vertex 39.2787 -47.8442 0.00722237
      vertex 39.25 -48.1354 0.0645887
      vertex 39.25 -47.847 0.00722237
    endloop
  endfacet
  facet normal 0 -0.382647 -0.923895
    outer loop
      vertex -39.25 -48.4071 0.177118
      vertex 39.25 -48.1354 0.0645887
      vertex 39.25 -48.4071 0.177118
    endloop
  endfacet
  facet normal -0 -0.382647 -0.923895
    outer loop
      vertex 39.25 -48.1354 0.0645887
      vertex -39.25 -48.4071 0.177118
      vertex -39.25 -48.1354 0.0645887
    endloop
  endfacet
  facet normal 0.263013 -0.49144 -0.830248
    outer loop
      vertex 39.6142 -48.5792 0.340484
      vertex 39.5206 -48.3533 0.177118
      vertex 39.6428 -48.2879 0.177118
    endloop
  endfacet
  facet normal 0.0546954 -0.554725 -0.830234
    outer loop
      vertex 39.4356 -48.6333 0.340484
      vertex 39.25 -48.6516 0.340484
      vertex 39.3879 -48.3935 0.177118
    endloop
  endfacet
  facet normal 0.161605 -0.533456 -0.830246
    outer loop
      vertex 39.6142 -48.5792 0.340484
      vertex 39.3879 -48.3935 0.177118
      vertex 39.5206 -48.3533 0.177118
    endloop
  endfacet
  facet normal 0.243654 -0.297153 -0.923219
    outer loop
      vertex 39.6428 -48.2879 0.177118
      vertex 39.5579 -48.0079 0.0645887
      vertex 39.75 -48.2 0.177118
    endloop
  endfacet
  facet normal 0.353429 -0.431031 -0.830241
    outer loop
      vertex 39.9229 -48.3729 0.340484
      vertex 39.6428 -48.2879 0.177118
      vertex 39.75 -48.2 0.177118
    endloop
  endfacet
  facet normal 0.43089 -0.353497 -0.830285
    outer loop
      vertex 39.9229 -48.3729 0.340484
      vertex 39.8379 -48.0928 0.177118
      vertex 40.0412 -48.2287 0.340484
    endloop
  endfacet
  facet normal 0.0925132 -0.172782 -0.980606
    outer loop
      vertex 39.4919 -48.062 0.0645887
      vertex 39.3063 -47.8358 0.00722237
      vertex 39.3317 -47.8222 0.00722237
    endloop
  endfacet
  facet normal 0.12425 -0.15158 -0.980605
    outer loop
      vertex 39.4919 -48.062 0.0645887
      vertex 39.3317 -47.8222 0.00722237
      vertex 39.5579 -48.0079 0.0645887
    endloop
  endfacet
  facet normal 0.187499 -0.0569851 -0.98061
    outer loop
      vertex 39.6523 -47.8666 0.0645887
      vertex 39.3858 -47.7563 0.00722237
      vertex 39.6771 -47.785 0.0645887
    endloop
  endfacet
  facet normal -0.0815424 -0.828586 -0.553891
    outer loop
      vertex -39.25 -49.0229 0.792905
      vertex -39.5081 -48.9975 0.792905
      vertex -39.4762 -48.8372 0.54841
    endloop
  endfacet
  facet normal -0.090696 -0.920105 -0.381027
    outer loop
      vertex -39.25 -49.1354 1.06457
      vertex -39.53 -49.1078 1.06457
      vertex -39.25 -49.0229 0.792905
    endloop
  endfacet
  facet normal -0.435672 -0.815489 -0.381009
    outer loop
      vertex -39.7993 -49.0261 1.06457
      vertex -40.0475 -48.8935 1.06457
      vertex -39.7562 -48.9222 0.792905
    endloop
  endfacet
  facet normal -0.26842 -0.884767 -0.38097
    outer loop
      vertex -39.53 -49.1078 1.06457
      vertex -39.7993 -49.0261 1.06457
      vertex -39.7562 -48.9222 0.792905
    endloop
  endfacet
  facet normal 0.734386 -0.392649 -0.553628
    outer loop
      vertex 40.4722 -48.2062 0.792905
      vertex 40.2141 -48.3442 0.54841
      vertex 40.3213 -48.1437 0.54841
    endloop
  endfacet
  facet normal 0.625127 -0.334233 -0.70534
    outer loop
      vertex 40.2141 -48.3442 0.54841
      vertex 40.1292 -48.0642 0.340484
      vertex 40.3213 -48.1437 0.54841
    endloop
  endfacet
  facet normal 0.828586 -0.0815424 -0.553891
    outer loop
      vertex 40.5475 -47.9581 0.792905
      vertex 40.3872 -47.9262 0.54841
      vertex 40.5729 -47.7 0.792905
    endloop
  endfacet
  facet normal 0.92017 -0.0905553 -0.380903
    outer loop
      vertex 40.6578 -47.98 1.06457
      vertex 40.5475 -47.9581 0.792905
      vertex 40.5729 -47.7 0.792905
    endloop
  endfacet
  facet normal 0.643638 -0.528335 -0.553708
    outer loop
      vertex 40.3499 -48.435 0.792905
      vertex 40.1854 -48.6354 0.792905
      vertex 40.2141 -48.3442 0.54841
    endloop
  endfacet
  facet normal 0.714593 -0.58658 -0.381157
    outer loop
      vertex 40.4435 -48.4975 1.06457
      vertex 40.1854 -48.6354 0.792905
      vertex 40.3499 -48.435 0.792905
    endloop
  endfacet
  facet normal 0.0695455 0.705434 -0.705355
    outer loop
      vertex 39.4356 48.6333 0.340484
      vertex 39.25 48.8595 0.54841
      vertex 39.4762 48.8372 0.54841
    endloop
  endfacet
  facet normal 0.205541 0.678378 -0.705377
    outer loop
      vertex 39.6937 48.7713 0.54841
      vertex 39.4356 48.6333 0.340484
      vertex 39.4762 48.8372 0.54841
    endloop
  endfacet
  facet normal 0.0815484 0.828648 -0.553799
    outer loop
      vertex 39.5081 48.9975 0.792905
      vertex 39.25 48.8595 0.54841
      vertex 39.25 49.0229 0.792905
    endloop
  endfacet
  facet normal 0.284784 0.938707 -0.194233
    outer loop
      vertex 39.7993 49.0261 1.06457
      vertex 39.53 49.1078 1.06457
      vertex 39.8213 49.0791 1.35297
    endloop
  endfacet
  facet normal -0.284784 0.938707 -0.194233
    outer loop
      vertex -39.7993 49.0261 1.06457
      vertex -39.8213 49.0791 1.35297
      vertex -39.53 49.1078 1.06457
    endloop
  endfacet
  facet normal 0.435672 0.815489 -0.381009
    outer loop
      vertex 40.0475 48.8935 1.06457
      vertex 39.7562 48.9222 0.792905
      vertex 39.7993 49.0261 1.06457
    endloop
  endfacet
  facet normal 0.056923 0.187525 -0.980609
    outer loop
      vertex 39.4166 48.1023 0.0645887
      vertex 39.3063 47.8358 0.00722237
      vertex 39.3349 48.1271 0.0645887
    endloop
  endfacet
  facet normal 0.111605 0.367666 -0.923237
    outer loop
      vertex 39.4166 48.1023 0.0645887
      vertex 39.3349 48.1271 0.0645887
      vertex 39.5206 48.3533 0.177118
    endloop
  endfacet
  facet normal -0.338781 -0.181312 -0.92323
    outer loop
      vertex -39.8379 -48.0928 0.177118
      vertex -39.9033 -47.9706 0.177118
      vertex -39.6523 -47.8666 0.0645887
    endloop
  endfacet
  facet normal -0.624981 -0.334337 -0.70542
    outer loop
      vertex -40.0412 -48.2287 0.340484
      vertex -40.2141 -48.3442 0.54841
      vertex -40.1292 -48.0642 0.340484
    endloop
  endfacet
  facet normal -0.714593 -0.58658 -0.381157
    outer loop
      vertex -40.1854 -48.6354 0.792905
      vertex -40.4435 -48.4975 1.06457
      vertex -40.3499 -48.435 0.792905
    endloop
  endfacet
  facet normal -0.714627 -0.586487 -0.381237
    outer loop
      vertex -40.265 -48.715 1.06457
      vertex -40.4435 -48.4975 1.06457
      vertex -40.1854 -48.6354 0.792905
    endloop
  endfacet
  facet normal -0.0377107 -0.382375 -0.923237
    outer loop
      vertex -39.25 -48.4071 0.177118
      vertex -39.3879 -48.3935 0.177118
      vertex -39.25 -48.1354 0.0645887
    endloop
  endfacet
  facet normal -0.111405 -0.367746 -0.923229
    outer loop
      vertex -39.3879 -48.3935 0.177118
      vertex -39.5206 -48.3533 0.177118
      vertex -39.4166 -48.1023 0.0645887
    endloop
  endfacet
  facet normal -0.172782 -0.0925132 -0.980606
    outer loop
      vertex -39.3722 -47.7817 0.00722237
      vertex -39.612 -47.9419 0.0645887
      vertex -39.3858 -47.7563 0.00722237
    endloop
  endfacet
  facet normal -0.15158 -0.12425 -0.980605
    outer loop
      vertex -39.5579 -48.0079 0.0645887
      vertex -39.612 -47.9419 0.0645887
      vertex -39.3722 -47.7817 0.00722237
    endloop
  endfacet
  facet normal -0.49144 -0.263013 -0.830248
    outer loop
      vertex -39.8379 -48.0928 0.177118
      vertex -40.1292 -48.0642 0.340484
      vertex -39.9033 -47.9706 0.177118
    endloop
  endfacet
  facet normal -0.533456 -0.161605 -0.830246
    outer loop
      vertex -39.9033 -47.9706 0.177118
      vertex -40.1292 -48.0642 0.340484
      vertex -39.9435 -47.8379 0.177118
    endloop
  endfacet
  facet normal -0.243654 -0.297153 -0.923219
    outer loop
      vertex -39.6428 -48.2879 0.177118
      vertex -39.75 -48.2 0.177118
      vertex -39.5579 -48.0079 0.0645887
    endloop
  endfacet
  facet normal -0.353429 -0.431031 -0.830241
    outer loop
      vertex -39.6428 -48.2879 0.177118
      vertex -39.9229 -48.3729 0.340484
      vertex -39.75 -48.2 0.177118
    endloop
  endfacet
  facet normal -0.111632 -0.367756 -0.923197
    outer loop
      vertex -39.3879 -48.3935 0.177118
      vertex -39.4166 -48.1023 0.0645887
      vertex -39.3349 -48.1271 0.0645887
    endloop
  endfacet
  facet normal -0.0924842 -0.172805 -0.980604
    outer loop
      vertex -39.4166 -48.1023 0.0645887
      vertex -39.4919 -48.062 0.0645887
      vertex -39.3063 -47.8358 0.00722237
    endloop
  endfacet
  facet normal 0.195055 -0.0190298 -0.980608
    outer loop
      vertex 39.6854 -47.7 0.0645887
      vertex 39.3942 -47.7287 0.00722237
      vertex 39.397 -47.7 0.00722237
    endloop
  endfacet
  facet normal -0.643707 0.528301 -0.553659
    outer loop
      vertex -40.0699 48.5199 0.54841
      vertex -40.2141 48.3442 0.54841
      vertex -40.1854 48.6354 0.792905
    endloop
  endfacet
  facet normal -0.161592 0.533461 -0.830245
    outer loop
      vertex -39.5206 48.3533 0.177118
      vertex -39.6142 48.5792 0.340484
      vertex -39.4356 48.6333 0.340484
    endloop
  endfacet
  facet normal 0 0.707151 -0.707063
    outer loop
      vertex 39.25 48.6516 0.340484
      vertex -39.25 48.8595 0.54841
      vertex 39.25 48.8595 0.54841
    endloop
  endfacet
  facet normal 0 0.707151 -0.707063
    outer loop
      vertex -39.25 48.8595 0.54841
      vertex 39.25 48.6516 0.340484
      vertex -39.25 48.6516 0.340484
    endloop
  endfacet
  facet normal -0.262901 0.491446 -0.830279
    outer loop
      vertex -39.6428 48.2879 0.177118
      vertex -39.7787 48.4912 0.340484
      vertex -39.6142 48.5792 0.340484
    endloop
  endfacet
  facet normal -0.7967 0.241804 -0.553895
    outer loop
      vertex -40.3872 47.9262 0.54841
      vertex -40.5475 47.9581 0.792905
      vertex -40.4722 48.2062 0.792905
    endloop
  endfacet
  facet normal -0.705433 0.0695551 -0.705355
    outer loop
      vertex -40.2016 47.7 0.340484
      vertex -40.3872 47.9262 0.54841
      vertex -40.1833 47.8856 0.340484
    endloop
  endfacet
  facet normal -0.338781 0.181312 -0.92323
    outer loop
      vertex -39.6523 47.8666 0.0645887
      vertex -39.9033 47.9706 0.177118
      vertex -39.8379 48.0928 0.177118
    endloop
  endfacet
  facet normal -0.243654 0.297153 -0.923219
    outer loop
      vertex -39.5579 48.0079 0.0645887
      vertex -39.75 48.2 0.177118
      vertex -39.6428 48.2879 0.177118
    endloop
  endfacet
  facet normal -0.297153 0.243654 -0.923219
    outer loop
      vertex -39.5579 48.0079 0.0645887
      vertex -39.8379 48.0928 0.177118
      vertex -39.75 48.2 0.177118
    endloop
  endfacet
  facet normal -0.884767 0.26842 -0.38097
    outer loop
      vertex -40.4722 48.2062 0.792905
      vertex -40.6578 47.98 1.06457
      vertex -40.5761 48.2493 1.06457
    endloop
  endfacet
  facet normal -0.920105 0.090696 -0.381027
    outer loop
      vertex -40.5729 47.7 0.792905
      vertex -40.6854 47.7 1.06457
      vertex -40.6578 47.98 1.06457
    endloop
  endfacet
  facet normal -0.884772 0.268534 -0.380878
    outer loop
      vertex -40.5475 47.9581 0.792905
      vertex -40.6578 47.98 1.06457
      vertex -40.4722 48.2062 0.792905
    endloop
  endfacet
  facet normal -0.865248 0.462256 -0.194078
    outer loop
      vertex -40.4435 48.4975 1.06457
      vertex -40.5761 48.2493 1.06457
      vertex -40.4912 48.5293 1.35297
    endloop
  endfacet
  facet normal -0.815396 0.435852 -0.381002
    outer loop
      vertex -40.4722 48.2062 0.792905
      vertex -40.5761 48.2493 1.06457
      vertex -40.3499 48.435 0.792905
    endloop
  endfacet
  facet normal -0.758314 0.62234 -0.194043
    outer loop
      vertex -40.4435 48.4975 1.06457
      vertex -40.4912 48.5293 1.35297
      vertex -40.265 48.715 1.06457
    endloop
  endfacet
  facet normal 0.471386 -0.881927 0
    outer loop
      vertex 39.8213 -49.0791 1.35297
      vertex 40.0793 -48.9412 9.1375
      vertex 39.8213 -49.0791 9.1375
    endloop
  endfacet
  facet normal 0.471386 -0.881927 0
    outer loop
      vertex 40.0793 -48.9412 9.1375
      vertex 39.8213 -49.0791 1.35297
      vertex 40.0793 -48.9412 1.35297
    endloop
  endfacet
  facet normal 0.0962131 -0.976211 -0.194307
    outer loop
      vertex 39.5412 -49.1641 1.35297
      vertex 39.25 -49.1928 1.35297
      vertex 39.53 -49.1078 1.06457
    endloop
  endfacet
  facet normal 0.0962266 -0.976212 -0.194295
    outer loop
      vertex 39.53 -49.1078 1.06457
      vertex 39.25 -49.1928 1.35297
      vertex 39.25 -49.1354 1.06457
    endloop
  endfacet
  facet normal 0.0816915 -0.828638 -0.553792
    outer loop
      vertex 39.4762 -48.8372 0.54841
      vertex 39.25 -49.0229 0.792905
      vertex 39.25 -48.8595 0.54841
    endloop
  endfacet
  facet normal 0.0695459 -0.705439 -0.705351
    outer loop
      vertex 39.4762 -48.8372 0.54841
      vertex 39.25 -48.8595 0.54841
      vertex 39.25 -48.6516 0.340484
    endloop
  endfacet
  facet normal 0.462407 -0.865126 -0.19426
    outer loop
      vertex 39.8213 -49.0791 1.35297
      vertex 39.7993 -49.0261 1.06457
      vertex 40.0793 -48.9412 1.35297
    endloop
  endfacet
  facet normal 0.462256 -0.865248 -0.194078
    outer loop
      vertex 40.0793 -48.9412 1.35297
      vertex 39.7993 -49.0261 1.06457
      vertex 40.0475 -48.8935 1.06457
    endloop
  endfacet
  facet normal 0 0.980763 -0.1952
    outer loop
      vertex 39.25 49.1354 1.06457
      vertex -39.25 49.1928 1.35297
      vertex 39.25 49.1928 1.35297
    endloop
  endfacet
  facet normal 0 0.980763 -0.1952
    outer loop
      vertex -39.25 49.1928 1.35297
      vertex 39.25 49.1354 1.06457
      vertex -39.25 49.1354 1.06457
    endloop
  endfacet
  facet normal -0.995178 0.0980825 0
    outer loop
      vertex -40.7428 47.7 1.35297
      vertex -40.7141 47.9912 9.1375
      vertex -40.7141 47.9912 1.35297
    endloop
  endfacet
  facet normal -0.995178 0.0980825 0
    outer loop
      vertex -40.7141 47.9912 9.1375
      vertex -40.7428 47.7 1.35297
      vertex -40.7428 47.7 9.1375
    endloop
  endfacet
  facet normal 0.622095 0.758514 -0.194049
    outer loop
      vertex 40.3056 48.7556 1.35297
      vertex 40.0475 48.8935 1.06457
      vertex 40.0793 48.9412 1.35297
    endloop
  endfacet
  facet normal 0.462423 0.865157 -0.194081
    outer loop
      vertex 40.0475 48.8935 1.06457
      vertex 39.8213 49.0791 1.35297
      vertex 40.0793 48.9412 1.35297
    endloop
  endfacet
  facet normal 0.54799 0.449565 -0.705406
    outer loop
      vertex 40.0412 48.2287 0.340484
      vertex 39.9229 48.3729 0.340484
      vertex 40.2141 48.3442 0.54841
    endloop
  endfacet
  facet normal 0.705433 0.0695551 -0.705355
    outer loop
      vertex 40.2016 47.7 0.340484
      vertex 40.1833 47.8856 0.340484
      vertex 40.3872 47.9262 0.54841
    endloop
  endfacet
  facet normal 0.491446 0.262901 -0.830279
    outer loop
      vertex 40.1292 48.0642 0.340484
      vertex 39.8379 48.0928 0.177118
      vertex 40.0412 48.2287 0.340484
    endloop
  endfacet
  facet normal 0.43089 0.353497 -0.830285
    outer loop
      vertex 40.0412 48.2287 0.340484
      vertex 39.8379 48.0928 0.177118
      vertex 39.9229 48.3729 0.340484
    endloop
  endfacet
  facet normal 0.92017 0.0905553 -0.380903
    outer loop
      vertex 40.5729 47.7 0.792905
      vertex 40.5475 47.9581 0.792905
      vertex 40.6578 47.98 1.06457
    endloop
  endfacet
  facet normal 0.7967 0.241804 -0.553895
    outer loop
      vertex 40.5475 47.9581 0.792905
      vertex 40.3872 47.9262 0.54841
      vertex 40.4722 48.2062 0.792905
    endloop
  endfacet
  facet normal -0.976212 0.0962266 -0.194295
    outer loop
      vertex -40.6854 47.7 1.06457
      vertex -40.7428 47.7 1.35297
      vertex -40.6578 47.98 1.06457
    endloop
  endfacet
  facet normal -0.976211 0.0962131 -0.194307
    outer loop
      vertex -40.6578 47.98 1.06457
      vertex -40.7428 47.7 1.35297
      vertex -40.7141 47.9912 1.35297
    endloop
  endfacet
  facet normal -0.290387 -0.956909 0
    outer loop
      vertex -39.8213 -49.0791 1.35297
      vertex -39.5412 -49.1641 9.1375
      vertex -39.8213 -49.0791 9.1375
    endloop
  endfacet
  facet normal -0.290387 -0.956909 -0
    outer loop
      vertex -39.5412 -49.1641 9.1375
      vertex -39.8213 -49.0791 1.35297
      vertex -39.5412 -49.1641 1.35297
    endloop
  endfacet
  facet normal -0.262901 -0.491446 -0.830279
    outer loop
      vertex -39.6142 -48.5792 0.340484
      vertex -39.7787 -48.4912 0.340484
      vertex -39.6428 -48.2879 0.177118
    endloop
  endfacet
  facet normal -0.353497 -0.43089 -0.830285
    outer loop
      vertex -39.7787 -48.4912 0.340484
      vertex -39.9229 -48.3729 0.340484
      vertex -39.6428 -48.2879 0.177118
    endloop
  endfacet
  facet normal 0.0190693 -0.195059 -0.980606
    outer loop
      vertex 39.3349 -48.1271 0.0645887
      vertex 39.25 -48.1354 0.0645887
      vertex 39.2787 -47.8442 0.00722237
    endloop
  endfacet
  facet normal 0.0570681 -0.187509 -0.980604
    outer loop
      vertex 39.3349 -48.1271 0.0645887
      vertex 39.2787 -47.8442 0.00722237
      vertex 39.3063 -47.8358 0.00722237
    endloop
  endfacet
  facet normal 0.547956 -0.449717 -0.705337
    outer loop
      vertex 40.0699 -48.5199 0.54841
      vertex 39.9229 -48.3729 0.340484
      vertex 40.2141 -48.3442 0.54841
    endloop
  endfacet
  facet normal 0.449717 -0.547956 -0.705337
    outer loop
      vertex 40.0699 -48.5199 0.54841
      vertex 39.8942 -48.6641 0.54841
      vertex 39.9229 -48.3729 0.340484
    endloop
  endfacet
  facet normal -0.268534 -0.884772 -0.380878
    outer loop
      vertex -39.53 -49.1078 1.06457
      vertex -39.7562 -48.9222 0.792905
      vertex -39.5081 -48.9975 0.792905
    endloop
  endfacet
  facet normal -0.241804 -0.7967 -0.553895
    outer loop
      vertex -39.5081 -48.9975 0.792905
      vertex -39.7562 -48.9222 0.792905
      vertex -39.4762 -48.8372 0.54841
    endloop
  endfacet
  facet normal -0.435817 -0.815331 -0.381181
    outer loop
      vertex -39.7562 -48.9222 0.792905
      vertex -40.0475 -48.8935 1.06457
      vertex -39.985 -48.7999 0.792905
    endloop
  endfacet
  facet normal -0.58658 -0.714593 -0.381157
    outer loop
      vertex -40.0475 -48.8935 1.06457
      vertex -40.1854 -48.6354 0.792905
      vertex -39.985 -48.7999 0.792905
    endloop
  endfacet
  facet normal -0.284784 -0.938707 -0.194233
    outer loop
      vertex -39.53 -49.1078 1.06457
      vertex -39.8213 -49.0791 1.35297
      vertex -39.7993 -49.0261 1.06457
    endloop
  endfacet
  facet normal -0.462407 -0.865126 -0.19426
    outer loop
      vertex -39.8213 -49.0791 1.35297
      vertex -40.0793 -48.9412 1.35297
      vertex -39.7993 -49.0261 1.06457
    endloop
  endfacet
  facet normal 0.435817 -0.815331 -0.381181
    outer loop
      vertex 40.0475 -48.8935 1.06457
      vertex 39.7562 -48.9222 0.792905
      vertex 39.985 -48.7999 0.792905
    endloop
  endfacet
  facet normal 0.392553 -0.734392 -0.553689
    outer loop
      vertex 39.985 -48.7999 0.792905
      vertex 39.7562 -48.9222 0.792905
      vertex 39.8942 -48.6641 0.54841
    endloop
  endfacet
  facet normal 0.435817 0.815331 -0.381181
    outer loop
      vertex 39.985 48.7999 0.792905
      vertex 39.7562 48.9222 0.792905
      vertex 40.0475 48.8935 1.06457
    endloop
  endfacet
  facet normal 0.643638 0.528335 -0.553708
    outer loop
      vertex 40.2141 48.3442 0.54841
      vertex 40.1854 48.6354 0.792905
      vertex 40.3499 48.435 0.792905
    endloop
  endfacet
  facet normal -0.491446 -0.262901 -0.830279
    outer loop
      vertex -40.0412 -48.2287 0.340484
      vertex -40.1292 -48.0642 0.340484
      vertex -39.8379 -48.0928 0.177118
    endloop
  endfacet
  facet normal -0.43089 -0.353497 -0.830285
    outer loop
      vertex -39.9229 -48.3729 0.340484
      vertex -40.0412 -48.2287 0.340484
      vertex -39.8379 -48.0928 0.177118
    endloop
  endfacet
  facet normal -0.625127 -0.334233 -0.70534
    outer loop
      vertex -40.2141 -48.3442 0.54841
      vertex -40.3213 -48.1437 0.54841
      vertex -40.1292 -48.0642 0.340484
    endloop
  endfacet
  facet normal -0.734386 -0.392649 -0.553628
    outer loop
      vertex -40.2141 -48.3442 0.54841
      vertex -40.4722 -48.2062 0.792905
      vertex -40.3213 -48.1437 0.54841
    endloop
  endfacet
  facet normal -0.705433 -0.0695551 -0.705355
    outer loop
      vertex -40.1833 -47.8856 0.340484
      vertex -40.3872 -47.9262 0.54841
      vertex -40.2016 -47.7 0.340484
    endloop
  endfacet
  facet normal -0.554725 -0.0546954 -0.830234
    outer loop
      vertex -40.1833 -47.8856 0.340484
      vertex -40.2016 -47.7 0.340484
      vertex -39.9435 -47.8379 0.177118
    endloop
  endfacet
  facet normal -0.865248 -0.462256 -0.194078
    outer loop
      vertex -40.4912 -48.5293 1.35297
      vertex -40.5761 -48.2493 1.06457
      vertex -40.4435 -48.4975 1.06457
    endloop
  endfacet
  facet normal -0.815489 -0.435672 -0.381009
    outer loop
      vertex -40.4435 -48.4975 1.06457
      vertex -40.5761 -48.2493 1.06457
      vertex -40.4722 -48.2062 0.792905
    endloop
  endfacet
  facet normal -0.205492 -0.67839 -0.705379
    outer loop
      vertex -39.4762 -48.8372 0.54841
      vertex -39.6142 -48.5792 0.340484
      vertex -39.4356 -48.6333 0.340484
    endloop
  endfacet
  facet normal -0.161593 -0.533466 -0.830242
    outer loop
      vertex -39.4356 -48.6333 0.340484
      vertex -39.6142 -48.5792 0.340484
      vertex -39.3879 -48.3935 0.177118
    endloop
  endfacet
  facet normal -0.181313 -0.33878 -0.92323
    outer loop
      vertex -39.4166 -48.1023 0.0645887
      vertex -39.6428 -48.2879 0.177118
      vertex -39.4919 -48.062 0.0645887
    endloop
  endfacet
  facet normal -0.243594 -0.297175 -0.923228
    outer loop
      vertex -39.4919 -48.062 0.0645887
      vertex -39.6428 -48.2879 0.177118
      vertex -39.5579 -48.0079 0.0645887
    endloop
  endfacet
  facet normal -0.056923 -0.187525 -0.980609
    outer loop
      vertex -39.3349 -48.1271 0.0645887
      vertex -39.4166 -48.1023 0.0645887
      vertex -39.3063 -47.8358 0.00722237
    endloop
  endfacet
  facet normal -0.0570681 -0.187509 -0.980604
    outer loop
      vertex -39.2787 -47.8442 0.00722237
      vertex -39.3349 -48.1271 0.0645887
      vertex -39.3063 -47.8358 0.00722237
    endloop
  endfacet
  facet normal -0.625127 0.334233 -0.70534
    outer loop
      vertex -40.1292 48.0642 0.340484
      vertex -40.3213 48.1437 0.54841
      vertex -40.2141 48.3442 0.54841
    endloop
  endfacet
  facet normal -0.528301 0.643707 -0.553659
    outer loop
      vertex -40.0699 48.5199 0.54841
      vertex -40.1854 48.6354 0.792905
      vertex -39.8942 48.6641 0.54841
    endloop
  endfacet
  facet normal -0.0962264 0.97621 -0.194308
    outer loop
      vertex -39.53 49.1078 1.06457
      vertex -39.5412 49.1641 1.35297
      vertex -39.25 49.1354 1.06457
    endloop
  endfacet
  facet normal -0.0907009 0.920154 -0.380908
    outer loop
      vertex -39.5081 48.9975 0.792905
      vertex -39.53 49.1078 1.06457
      vertex -39.25 49.1354 1.06457
    endloop
  endfacet
  facet normal 0 0.831417 -0.555649
    outer loop
      vertex 39.25 48.8595 0.54841
      vertex -39.25 49.0229 0.792905
      vertex 39.25 49.0229 0.792905
    endloop
  endfacet
  facet normal 0 0.831417 -0.555649
    outer loop
      vertex -39.25 49.0229 0.792905
      vertex 39.25 48.8595 0.54841
      vertex -39.25 48.8595 0.54841
    endloop
  endfacet
  facet normal -0.0815484 0.828648 -0.553799
    outer loop
      vertex -39.25 48.8595 0.54841
      vertex -39.5081 48.9975 0.792905
      vertex -39.25 49.0229 0.792905
    endloop
  endfacet
  facet normal -0.0816846 0.828568 -0.553898
    outer loop
      vertex -39.4762 48.8372 0.54841
      vertex -39.5081 48.9975 0.792905
      vertex -39.25 48.8595 0.54841
    endloop
  endfacet
  facet normal -0.054708 0.554723 -0.830235
    outer loop
      vertex -39.3879 48.3935 0.177118
      vertex -39.4356 48.6333 0.340484
      vertex -39.25 48.4071 0.177118
    endloop
  endfacet
  facet normal -0.334337 0.624981 -0.70542
    outer loop
      vertex -39.7787 48.4912 0.340484
      vertex -39.8942 48.6641 0.54841
      vertex -39.6142 48.5792 0.340484
    endloop
  endfacet
  facet normal -0.161607 0.533463 -0.830241
    outer loop
      vertex -39.3879 48.3935 0.177118
      vertex -39.5206 48.3533 0.177118
      vertex -39.4356 48.6333 0.340484
    endloop
  endfacet
  facet normal -0.392649 0.734386 -0.553628
    outer loop
      vertex -39.6937 48.7713 0.54841
      vertex -39.8942 48.6641 0.54841
      vertex -39.7562 48.9222 0.792905
    endloop
  endfacet
  facet normal -0.43089 0.353497 -0.830285
    outer loop
      vertex -39.8379 48.0928 0.177118
      vertex -40.0412 48.2287 0.340484
      vertex -39.9229 48.3729 0.340484
    endloop
  endfacet
  facet normal 0.0815424 -0.828586 -0.553891
    outer loop
      vertex 39.5081 -48.9975 0.792905
      vertex 39.25 -49.0229 0.792905
      vertex 39.4762 -48.8372 0.54841
    endloop
  endfacet
  facet normal 0.241804 -0.7967 -0.553895
    outer loop
      vertex 39.5081 -48.9975 0.792905
      vertex 39.4762 -48.8372 0.54841
      vertex 39.7562 -48.9222 0.792905
    endloop
  endfacet
  facet normal 0.205547 -0.678399 -0.705354
    outer loop
      vertex 39.6937 -48.7713 0.54841
      vertex 39.4762 -48.8372 0.54841
      vertex 39.6142 -48.5792 0.340484
    endloop
  endfacet
  facet normal 0.205492 -0.67839 -0.705379
    outer loop
      vertex 39.4762 -48.8372 0.54841
      vertex 39.4356 -48.6333 0.340484
      vertex 39.6142 -48.5792 0.340484
    endloop
  endfacet
  facet normal 0.0962133 0.976213 -0.194295
    outer loop
      vertex 39.5412 49.1641 1.35297
      vertex 39.25 49.1354 1.06457
      vertex 39.25 49.1928 1.35297
    endloop
  endfacet
  facet normal 0.0962264 0.97621 -0.194308
    outer loop
      vertex 39.53 49.1078 1.06457
      vertex 39.25 49.1354 1.06457
      vertex 39.5412 49.1641 1.35297
    endloop
  endfacet
  facet normal 0.828586 0.0815424 -0.553891
    outer loop
      vertex 40.5729 47.7 0.792905
      vertex 40.3872 47.9262 0.54841
      vertex 40.5475 47.9581 0.792905
    endloop
  endfacet
  facet normal 0.828638 0.0816915 -0.553792
    outer loop
      vertex 40.4095 47.7 0.54841
      vertex 40.3872 47.9262 0.54841
      vertex 40.5729 47.7 0.792905
    endloop
  endfacet
  facet normal 0.431031 0.353429 -0.830241
    outer loop
      vertex 39.8379 48.0928 0.177118
      vertex 39.75 48.2 0.177118
      vertex 39.9229 48.3729 0.340484
    endloop
  endfacet
  facet normal 0.528335 0.643638 -0.553708
    outer loop
      vertex 40.1854 48.6354 0.792905
      vertex 39.8942 48.6641 0.54841
      vertex 39.985 48.7999 0.792905
    endloop
  endfacet
  facet normal 0.297153 0.243654 -0.923219
    outer loop
      vertex 39.8379 48.0928 0.177118
      vertex 39.5579 48.0079 0.0645887
      vertex 39.75 48.2 0.177118
    endloop
  endfacet
  facet normal 0.262901 0.491446 -0.830279
    outer loop
      vertex 39.6428 48.2879 0.177118
      vertex 39.6142 48.5792 0.340484
      vertex 39.7787 48.4912 0.340484
    endloop
  endfacet
  facet normal -0.938707 0.284784 -0.194233
    outer loop
      vertex -40.5761 48.2493 1.06457
      vertex -40.6578 47.98 1.06457
      vertex -40.6291 48.2713 1.35297
    endloop
  endfacet
  facet normal -0.865126 0.462407 -0.19426
    outer loop
      vertex -40.5761 48.2493 1.06457
      vertex -40.6291 48.2713 1.35297
      vertex -40.4912 48.5293 1.35297
    endloop
  endfacet
  facet normal -0.161605 -0.533456 -0.830246
    outer loop
      vertex -39.3879 -48.3935 0.177118
      vertex -39.6142 -48.5792 0.340484
      vertex -39.5206 -48.3533 0.177118
    endloop
  endfacet
  facet normal -0.263013 -0.49144 -0.830248
    outer loop
      vertex -39.6142 -48.5792 0.340484
      vertex -39.6428 -48.2879 0.177118
      vertex -39.5206 -48.3533 0.177118
    endloop
  endfacet
  facet normal 0.268523 0.884734 -0.380974
    outer loop
      vertex 39.7562 48.9222 0.792905
      vertex 39.5081 48.9975 0.792905
      vertex 39.7993 49.0261 1.06457
    endloop
  endfacet
  facet normal 0.241853 0.796862 -0.55364
    outer loop
      vertex 39.6937 48.7713 0.54841
      vertex 39.5081 48.9975 0.792905
      vertex 39.7562 48.9222 0.792905
    endloop
  endfacet
  facet normal -0.334337 -0.624981 -0.70542
    outer loop
      vertex -39.6142 -48.5792 0.340484
      vertex -39.8942 -48.6641 0.54841
      vertex -39.7787 -48.4912 0.340484
    endloop
  endfacet
  facet normal -0.449565 -0.54799 -0.705406
    outer loop
      vertex -39.8942 -48.6641 0.54841
      vertex -39.9229 -48.3729 0.340484
      vertex -39.7787 -48.4912 0.340484
    endloop
  endfacet
  facet normal -0.0546954 -0.554725 -0.830234
    outer loop
      vertex -39.25 -48.6516 0.340484
      vertex -39.4356 -48.6333 0.340484
      vertex -39.3879 -48.3935 0.177118
    endloop
  endfacet
  facet normal -0.0695551 -0.705433 -0.705355
    outer loop
      vertex -39.25 -48.6516 0.340484
      vertex -39.4762 -48.8372 0.54841
      vertex -39.4356 -48.6333 0.340484
    endloop
  endfacet
  facet normal -0.435672 0.815489 -0.381009
    outer loop
      vertex -39.7562 48.9222 0.792905
      vertex -40.0475 48.8935 1.06457
      vertex -39.7993 49.0261 1.06457
    endloop
  endfacet
  facet normal -0.268523 0.884734 -0.380974
    outer loop
      vertex -39.7562 48.9222 0.792905
      vertex -39.7993 49.0261 1.06457
      vertex -39.5081 48.9975 0.792905
    endloop
  endfacet
  facet normal -0.0695455 0.705434 -0.705355
    outer loop
      vertex -39.4356 48.6333 0.340484
      vertex -39.4762 48.8372 0.54841
      vertex -39.25 48.8595 0.54841
    endloop
  endfacet
  facet normal -0.0695556 0.705438 -0.70535
    outer loop
      vertex -39.25 48.6516 0.340484
      vertex -39.4356 48.6333 0.340484
      vertex -39.25 48.8595 0.54841
    endloop
  endfacet
  facet normal -0.554725 0.0546954 -0.830234
    outer loop
      vertex -39.9435 47.8379 0.177118
      vertex -40.2016 47.7 0.340484
      vertex -40.1833 47.8856 0.340484
    endloop
  endfacet
  facet normal -0.828638 0.0816915 -0.553792
    outer loop
      vertex -40.4095 47.7 0.54841
      vertex -40.5729 47.7 0.792905
      vertex -40.3872 47.9262 0.54841
    endloop
  endfacet
  facet normal -0.734392 0.392553 -0.553689
    outer loop
      vertex -40.2141 48.3442 0.54841
      vertex -40.4722 48.2062 0.792905
      vertex -40.3499 48.435 0.792905
    endloop
  endfacet
  facet normal -0.334233 0.625127 -0.70534
    outer loop
      vertex -39.6142 48.5792 0.340484
      vertex -39.8942 48.6641 0.54841
      vertex -39.6937 48.7713 0.54841
    endloop
  endfacet
  facet normal 0.262901 -0.491446 -0.830279
    outer loop
      vertex 39.7787 -48.4912 0.340484
      vertex 39.6142 -48.5792 0.340484
      vertex 39.6428 -48.2879 0.177118
    endloop
  endfacet
  facet normal 0.334337 -0.624981 -0.70542
    outer loop
      vertex 39.8942 -48.6641 0.54841
      vertex 39.6142 -48.5792 0.340484
      vertex 39.7787 -48.4912 0.340484
    endloop
  endfacet
  facet normal 0.678399 0.205547 -0.705354
    outer loop
      vertex 40.3872 47.9262 0.54841
      vertex 40.1292 48.0642 0.340484
      vertex 40.3213 48.1437 0.54841
    endloop
  endfacet
  facet normal 0.624981 0.334337 -0.70542
    outer loop
      vertex 40.1292 48.0642 0.340484
      vertex 40.0412 48.2287 0.340484
      vertex 40.2141 48.3442 0.54841
    endloop
  endfacet
  facet normal 0.353497 0.43089 -0.830285
    outer loop
      vertex 39.9229 48.3729 0.340484
      vertex 39.6428 48.2879 0.177118
      vertex 39.7787 48.4912 0.340484
    endloop
  endfacet
  facet normal 0.334233 0.625127 -0.70534
    outer loop
      vertex 39.8942 48.6641 0.54841
      vertex 39.6142 48.5792 0.340484
      vertex 39.6937 48.7713 0.54841
    endloop
  endfacet
  facet normal 0.243594 0.297175 -0.923228
    outer loop
      vertex 39.5579 48.0079 0.0645887
      vertex 39.4919 48.062 0.0645887
      vertex 39.6428 48.2879 0.177118
    endloop
  endfacet
  facet normal 0.181311 0.338781 -0.92323
    outer loop
      vertex 39.6428 48.2879 0.177118
      vertex 39.4919 48.062 0.0645887
      vertex 39.5206 48.3533 0.177118
    endloop
  endfacet
  facet normal -0.449565 0.54799 -0.705406
    outer loop
      vertex -39.7787 48.4912 0.340484
      vertex -39.9229 48.3729 0.340484
      vertex -39.8942 48.6641 0.54841
    endloop
  endfacet
  facet normal -0.2055 0.678416 -0.705352
    outer loop
      vertex -39.6142 48.5792 0.340484
      vertex -39.6937 48.7713 0.54841
      vertex -39.4356 48.6333 0.340484
    endloop
  endfacet
  facet normal -0.678399 0.205547 -0.705354
    outer loop
      vertex -40.1292 48.0642 0.340484
      vertex -40.3872 47.9262 0.54841
      vertex -40.3213 48.1437 0.54841
    endloop
  endfacet
  facet normal -0.67839 0.205492 -0.705379
    outer loop
      vertex -40.1833 47.8856 0.340484
      vertex -40.3872 47.9262 0.54841
      vertex -40.1292 48.0642 0.340484
    endloop
  endfacet
  facet normal -0.714593 0.58658 -0.381157
    outer loop
      vertex -40.3499 48.435 0.792905
      vertex -40.4435 48.4975 1.06457
      vertex -40.1854 48.6354 0.792905
    endloop
  endfacet
  facet normal -0.714627 0.586487 -0.381237
    outer loop
      vertex -40.1854 48.6354 0.792905
      vertex -40.4435 48.4975 1.06457
      vertex -40.265 48.715 1.06457
    endloop
  endfacet
  facet normal -0.491446 0.262901 -0.830279
    outer loop
      vertex -39.8379 48.0928 0.177118
      vertex -40.1292 48.0642 0.340484
      vertex -40.0412 48.2287 0.340484
    endloop
  endfacet
  facet normal -0.624981 0.334337 -0.70542
    outer loop
      vertex -40.1292 48.0642 0.340484
      vertex -40.2141 48.3442 0.54841
      vertex -40.0412 48.2287 0.340484
    endloop
  endfacet
  facet normal 0.533466 0.161593 -0.830242
    outer loop
      vertex 40.1833 47.8856 0.340484
      vertex 39.9435 47.8379 0.177118
      vertex 40.1292 48.0642 0.340484
    endloop
  endfacet
  facet normal 0.67839 0.205492 -0.705379
    outer loop
      vertex 40.1833 47.8856 0.340484
      vertex 40.1292 48.0642 0.340484
      vertex 40.3872 47.9262 0.54841
    endloop
  endfacet
  facet normal 0.367746 0.111405 -0.923229
    outer loop
      vertex 39.9435 47.8379 0.177118
      vertex 39.6523 47.8666 0.0645887
      vertex 39.9033 47.9706 0.177118
    endloop
  endfacet
  facet normal 0.338781 0.181312 -0.92323
    outer loop
      vertex 39.9033 47.9706 0.177118
      vertex 39.6523 47.8666 0.0645887
      vertex 39.8379 48.0928 0.177118
    endloop
  endfacet
  facet normal 0.734392 0.392553 -0.553689
    outer loop
      vertex 40.4722 48.2062 0.792905
      vertex 40.2141 48.3442 0.54841
      vertex 40.3499 48.435 0.792905
    endloop
  endfacet
  facet normal 0.625127 0.334233 -0.70534
    outer loop
      vertex 40.3213 48.1437 0.54841
      vertex 40.1292 48.0642 0.340484
      vertex 40.2141 48.3442 0.54841
    endloop
  endfacet
  facet normal 0.334337 0.624981 -0.70542
    outer loop
      vertex 39.7787 48.4912 0.340484
      vertex 39.6142 48.5792 0.340484
      vertex 39.8942 48.6641 0.54841
    endloop
  endfacet
  facet normal 0.449565 0.54799 -0.705406
    outer loop
      vertex 39.9229 48.3729 0.340484
      vertex 39.7787 48.4912 0.340484
      vertex 39.8942 48.6641 0.54841
    endloop
  endfacet
  facet normal 0.243654 0.297153 -0.923219
    outer loop
      vertex 39.75 48.2 0.177118
      vertex 39.5579 48.0079 0.0645887
      vertex 39.6428 48.2879 0.177118
    endloop
  endfacet
  facet normal 0.353429 0.431031 -0.830241
    outer loop
      vertex 39.75 48.2 0.177118
      vertex 39.6428 48.2879 0.177118
      vertex 39.9229 48.3729 0.340484
    endloop
  endfacet
  facet normal -0.796988 0.241478 -0.553622
    outer loop
      vertex -40.3872 47.9262 0.54841
      vertex -40.4722 48.2062 0.792905
      vertex -40.3213 48.1437 0.54841
    endloop
  endfacet
  facet normal -0.734386 0.392649 -0.553628
    outer loop
      vertex -40.3213 48.1437 0.54841
      vertex -40.4722 48.2062 0.792905
      vertex -40.2141 48.3442 0.54841
    endloop
  endfacet
  facet normal -0.58658 0.714593 -0.381157
    outer loop
      vertex -39.985 48.7999 0.792905
      vertex -40.1854 48.6354 0.792905
      vertex -40.0475 48.8935 1.06457
    endloop
  endfacet
  facet normal -0.435817 0.815331 -0.381181
    outer loop
      vertex -39.985 48.7999 0.792905
      vertex -40.0475 48.8935 1.06457
      vertex -39.7562 48.9222 0.792905
    endloop
  endfacet
  facet normal 0.734386 0.392649 -0.553628
    outer loop
      vertex 40.3213 48.1437 0.54841
      vertex 40.2141 48.3442 0.54841
      vertex 40.4722 48.2062 0.792905
    endloop
  endfacet
  facet normal 0.796988 0.241478 -0.553622
    outer loop
      vertex 40.3872 47.9262 0.54841
      vertex 40.3213 48.1437 0.54841
      vertex 40.4722 48.2062 0.792905
    endloop
  endfacet
  facet normal 0.643707 0.528301 -0.553659
    outer loop
      vertex 40.2141 48.3442 0.54841
      vertex 40.0699 48.5199 0.54841
      vertex 40.1854 48.6354 0.792905
    endloop
  endfacet
  facet normal 0.547956 0.449717 -0.705337
    outer loop
      vertex 40.2141 48.3442 0.54841
      vertex 39.9229 48.3729 0.340484
      vertex 40.0699 48.5199 0.54841
    endloop
  endfacet
  facet normal -0.528335 0.643638 -0.553708
    outer loop
      vertex -39.8942 48.6641 0.54841
      vertex -40.1854 48.6354 0.792905
      vertex -39.985 48.7999 0.792905
    endloop
  endfacet
  facet normal -0.392553 0.734392 -0.553689
    outer loop
      vertex -39.8942 48.6641 0.54841
      vertex -39.985 48.7999 0.792905
      vertex -39.7562 48.9222 0.792905
    endloop
  endfacet
  facet normal -0.449717 0.547956 -0.705337
    outer loop
      vertex -39.9229 48.3729 0.340484
      vertex -40.0699 48.5199 0.54841
      vertex -39.8942 48.6641 0.54841
    endloop
  endfacet
  facet normal -0.547956 0.449717 -0.705337
    outer loop
      vertex -39.9229 48.3729 0.340484
      vertex -40.2141 48.3442 0.54841
      vertex -40.0699 48.5199 0.54841
    endloop
  endfacet
  facet normal 0.0695499 -0.705761 0.705028
    outer loop
      vertex -37.8901 45.5501 2.15038
      vertex -37.9119 45.5111 2.11349
      vertex -37.85 45.5172 2.11349
    endloop
  endfacet
  facet normal 0.0683172 -0.705465 0.705444
    outer loop
      vertex -37.9121 45.5321 2.13451
      vertex -37.9119 45.5111 2.11349
      vertex -37.8901 45.5501 2.15038
    endloop
  endfacet
  facet normal 0.0727032 -0.705225 0.705246
    outer loop
      vertex -37.9119 45.5111 2.11349
      vertex -37.9121 45.5321 2.13451
      vertex -37.9153 45.5282 2.13094
    endloop
  endfacet
  facet normal 0 -1 0
    outer loop
      vertex -37.6836 45.6976 2.45099
      vertex -36.1764 45.6976 9.1375
      vertex -37.6836 45.6976 9.1375
    endloop
  endfacet
  facet normal 0 -1 -0
    outer loop
      vertex -36.1764 45.6976 9.1375
      vertex -37.6836 45.6976 2.45099
      vertex -36.1764 45.6976 2.45099
    endloop
  endfacet
  facet normal 0 -1 0
    outer loop
      vertex -34.0819 45.6976 2.45099
      vertex 34.0819 45.6976 9.1375
      vertex -34.0819 45.6976 9.1375
    endloop
  endfacet
  facet normal 0 -1 -0
    outer loop
      vertex 34.0819 45.6976 9.1375
      vertex -34.0819 45.6976 2.45099
      vertex 34.0819 45.6976 2.45099
    endloop
  endfacet
  facet normal 0 -1 0
    outer loop
      vertex 36.1764 45.6976 2.45099
      vertex 37.6836 45.6976 9.1375
      vertex 36.1764 45.6976 9.1375
    endloop
  endfacet
  facet normal 0 -1 -0
    outer loop
      vertex 37.6836 45.6976 9.1375
      vertex 36.1764 45.6976 2.45099
      vertex 37.6836 45.6976 2.45099
    endloop
  endfacet
  facet normal 0 0 0
    outer loop
      vertex 36.1764 45.6976 9.1375
      vertex 37.6836 45.6976 9.1375
      vertex 37.85 45.6976 9.1375
    endloop
  endfacet
  facet normal 0 0 0
    outer loop
      vertex 34.0819 45.6976 9.1375
      vertex 36.1764 45.6976 9.1375
      vertex 37.85 45.6976 9.1375
    endloop
  endfacet
  facet normal 0 0 0
    outer loop
      vertex -36.1764 45.6976 9.1375
      vertex -34.0819 45.6976 9.1375
      vertex 34.0819 45.6976 9.1375
    endloop
  endfacet
  facet normal 0 0 0
    outer loop
      vertex 37.85 45.6976 9.1375
      vertex -37.85 45.6976 9.1375
      vertex -37.6836 45.6976 9.1375
    endloop
  endfacet
  facet normal 0 0 0
    outer loop
      vertex -37.6836 45.6976 9.1375
      vertex -36.1764 45.6976 9.1375
      vertex 34.0819 45.6976 9.1375
    endloop
  endfacet
  facet normal 0 0 0
    outer loop
      vertex -37.6836 45.6976 9.1375
      vertex 34.0819 45.6976 9.1375
      vertex 37.85 45.6976 9.1375
    endloop
  endfacet
  facet normal 0.831265 -0 0.555877
    outer loop
      vertex -38.291 -22.9 2.2643
      vertex -38.2365 -4.2 2.1828
      vertex -38.291 -4.2 2.2643
    endloop
  endfacet
  facet normal 0.831265 0 0.555877
    outer loop
      vertex -38.2365 -4.2 2.1828
      vertex -38.291 -22.9 2.2643
      vertex -38.2365 -22.9 2.1828
    endloop
  endfacet
  facet normal 0.831265 -0 0.555877
    outer loop
      vertex -38.291 -35.2 2.2643
      vertex -38.2365 -25.9 2.1828
      vertex -38.291 -25.9 2.2643
    endloop
  endfacet
  facet normal 0.831265 0 0.555877
    outer loop
      vertex -38.2365 -25.9 2.1828
      vertex -38.291 -35.2 2.2643
      vertex -38.2365 -35.2 2.1828
    endloop
  endfacet
  facet normal 0.831265 0 0.555877
    outer loop
      vertex -38.291 37.0425 2.2643
      vertex -38.2365 8.39903 2.1828
      vertex -38.2365 37.026 2.1828
    endloop
  endfacet
  facet normal 0.831265 0 0.555877
    outer loop
      vertex -38.2365 8.39903 2.1828
      vertex -38.291 37.0425 2.2643
      vertex -38.291 8.38251 2.2643
    endloop
  endfacet
  facet normal 1 0 0
    outer loop
      vertex -38.3476 -4.2 9.1375
      vertex -38.3476 -22.9 6.3
      vertex -38.3476 -4.2 2.45099
    endloop
  endfacet
  facet normal 1 -0 0
    outer loop
      vertex -38.3476 -35.2 9.1375
      vertex -38.3476 -22.9 6.3
      vertex -38.3476 -4.2 9.1375
    endloop
  endfacet
  facet normal 1 0 0
    outer loop
      vertex -38.3476 -22.9 6.3
      vertex -38.3476 -35.2 9.1375
      vertex -38.3476 -25.9 6.3
    endloop
  endfacet
  facet normal 1 0 0
    outer loop
      vertex -38.3476 -35.2 2.45099
      vertex -38.3476 -25.9 6.3
      vertex -38.3476 -35.2 9.1375
    endloop
  endfacet
  facet normal 1 0 0
    outer loop
      vertex -38.3476 -25.9 6.3
      vertex -38.3476 -35.2 2.45099
      vertex -38.3476 -25.9 2.45099
    endloop
  endfacet
  facet normal 1 -0 0
    outer loop
      vertex -38.3476 8.36533 9.1375
      vertex -38.3476 37.0597 2.45099
      vertex -38.3476 37.0597 9.1375
    endloop
  endfacet
  facet normal 1 0 0
    outer loop
      vertex -38.3476 37.0597 2.45099
      vertex -38.3476 8.36533 9.1375
      vertex -38.3476 8.36533 2.45099
    endloop
  endfacet
  facet normal 1 0 0
    outer loop
      vertex -38.3476 -4.2 2.45099
      vertex -38.3476 -22.9 6.3
      vertex -38.3476 -22.9 2.45099
    endloop
  endfacet
  facet normal 0 0 0
    outer loop
      vertex -38.3476 -35.2 9.1375
      vertex -38.3476 -4.2 9.1375
      vertex -38.3476 8.36533 9.1375
    endloop
  endfacet
  facet normal 0 0 0
    outer loop
      vertex -38.3476 8.36533 9.1375
      vertex -38.3476 37.0597 9.1375
      vertex -38.3476 45.2 9.1375
    endloop
  endfacet
  facet normal 0 0 0
    outer loop
      vertex -38.3476 -44.2 9.1375
      vertex -38.3476 -35.2 9.1375
      vertex -38.3476 8.36533 9.1375
    endloop
  endfacet
  facet normal 0 0 -0
    outer loop
      vertex -38.3476 8.36533 9.1375
      vertex -38.3476 45.2 9.1375
      vertex -38.3476 -44.2 9.1375
    endloop
  endfacet
  facet normal 0.367315 -0.112085 0.923318
    outer loop
      vertex -37.9924 45.2283 2.02153
      vertex -37.9841 45.2555 2.02153
      vertex -38.0678 45.2902 2.05904
    endloop
  endfacet
  facet normal 0.0186168 -0.195132 0.9806
    outer loop
      vertex -37.8596 45.2481 2.00241
      vertex -37.85 45.3451 2.02153
      vertex -37.8783 45.3424 2.02153
    endloop
  endfacet
  facet normal -0.26329 -0.491758 0.829971
    outer loop
      vertex 37.9402 45.4178 2.05904
      vertex 37.9751 45.4553 2.09233
      vertex 37.9622 45.471 2.09754
    endloop
  endfacet
  facet normal -0.263366 -0.491697 0.829983
    outer loop
      vertex 37.9751 45.4553 2.09233
      vertex 37.9402 45.4178 2.05904
      vertex 37.9809 45.396 2.05904
    endloop
  endfacet
  facet normal -0.187508 -0.0570676 0.980604
    outer loop
      vertex 37.8981 45.2096 2.00241
      vertex 37.9924 45.2283 2.02153
      vertex 37.8953 45.2188 2.00241
    endloop
  endfacet
  facet normal 0.124468 -0.151287 0.980622
    outer loop
      vertex -37.8772 45.2407 2.00241
      vertex -37.9306 45.3207 2.02153
      vertex -37.9526 45.3026 2.02153
    endloop
  endfacet
  facet normal 0.171639 -0.0939928 0.980666
    outer loop
      vertex -37.8953 45.2188 2.00241
      vertex -37.8907 45.2272 2.00241
      vertex -37.9707 45.2806 2.02153
    endloop
  endfacet
  facet normal -0.431873 -0.352022 0.830401
    outer loop
      vertex 38.0167 45.3667 2.05904
      vertex 38.0521 45.3512 2.07088
      vertex 38.0365 45.3806 2.07523
    endloop
  endfacet
  facet normal -0.426238 -0.359638 0.830049
    outer loop
      vertex 38.0167 45.3667 2.05904
      vertex 38.0365 45.3806 2.07523
      vertex 38.0338 45.3838 2.07523
    endloop
  endfacet
  facet normal -0.432329 -0.353833 0.829394
    outer loop
      vertex 38.0521 45.3512 2.07088
      vertex 38.0167 45.3667 2.05904
      vertex 38.046 45.3309 2.05904
    endloop
  endfacet
  facet normal -0.180979 -0.338998 0.923215
    outer loop
      vertex 37.9306 45.3207 2.02153
      vertex 37.9809 45.396 2.05904
      vertex 37.9055 45.3341 2.02153
    endloop
  endfacet
  facet normal 0.161789 -0.533662 0.830078
    outer loop
      vertex -37.9551 45.4797 2.10174
      vertex -37.9402 45.4178 2.05904
      vertex -37.896 45.4312 2.05904
    endloop
  endfacet
  facet normal 0.162636 -0.533442 0.830054
    outer loop
      vertex -37.9402 45.4178 2.05904
      vertex -37.9551 45.4797 2.10174
      vertex -37.9622 45.471 2.09754
    endloop
  endfacet
  facet normal 0 -0.707158 0.707056
    outer loop
      vertex 37.85 45.5172 2.11349
      vertex 37.8458 45.5865 2.1828
      vertex 36.0142 45.5865 2.1828
    endloop
  endfacet
  facet normal -0.000325052 -0.706974 0.70724
    outer loop
      vertex 35.9357 45.5172 2.11349
      vertex 36.0142 45.5865 2.1828
      vertex 35.9479 45.5321 2.12839
    endloop
  endfacet
  facet normal 0 -0.707158 0.707056
    outer loop
      vertex 36.0142 45.5865 2.1828
      vertex 35.9357 45.5172 2.11349
      vertex 37.85 45.5172 2.11349
    endloop
  endfacet
  facet normal 0.00699636 -0.706928 0.70725
    outer loop
      vertex 37.8458 45.5865 2.1828
      vertex 37.85 45.5172 2.11349
      vertex 37.85 45.5831 2.17936
    endloop
  endfacet
  facet normal -0.00699636 -0.706928 0.70725
    outer loop
      vertex -37.85 45.5172 2.11349
      vertex -37.8458 45.5865 2.1828
      vertex -37.85 45.5831 2.17936
    endloop
  endfacet
  facet normal 0 -0.707158 0.707056
    outer loop
      vertex -37.8458 45.5865 2.1828
      vertex -37.85 45.5172 2.11349
      vertex -36.0142 45.5865 2.1828
    endloop
  endfacet
  facet normal 0 -0.707158 0.707056
    outer loop
      vertex -35.9357 45.5172 2.11349
      vertex -36.0142 45.5865 2.1828
      vertex -37.85 45.5172 2.11349
    endloop
  endfacet
  facet normal 0.000325052 -0.706974 0.70724
    outer loop
      vertex -36.0142 45.5865 2.1828
      vertex -35.9357 45.5172 2.11349
      vertex -35.9479 45.5321 2.12839
    endloop
  endfacet
  facet normal 0 -0.707158 0.707056
    outer loop
      vertex -34.0641 45.5172 2.11349
      vertex 34.0709 45.5865 2.1828
      vertex -34.0709 45.5865 2.1828
    endloop
  endfacet
  facet normal 0 -0.707158 0.707056
    outer loop
      vertex 34.0709 45.5865 2.1828
      vertex -34.0641 45.5172 2.11349
      vertex 34.0641 45.5172 2.11349
    endloop
  endfacet
  facet normal -0.261441 -0.491813 0.830523
    outer loop
      vertex 37.9809 45.396 2.05904
      vertex 38.0002 45.4248 2.08217
      vertex 37.9751 45.4553 2.09233
    endloop
  endfacet
  facet normal 0.0542647 -0.554705 0.830275
    outer loop
      vertex -37.85 45.4357 2.05904
      vertex -37.85 45.5172 2.11349
      vertex -37.896 45.4312 2.05904
    endloop
  endfacet
  facet normal 0.297137 -0.243187 0.923347
    outer loop
      vertex -37.9526 45.3026 2.02153
      vertex -38.0167 45.3667 2.05904
      vertex -38.046 45.3309 2.05904
    endloop
  endfacet
  facet normal 0.00408491 -0.380053 0.924956
    outer loop
      vertex -35.8688 45.4357 2.05904
      vertex -35.8046 45.3451 2.02153
      vertex -35.8235 45.3806 2.0362
    endloop
  endfacet
  facet normal 0 -0.382529 0.923944
    outer loop
      vertex -37.85 45.3451 2.02153
      vertex -35.8688 45.4357 2.05904
      vertex -37.85 45.4357 2.05904
    endloop
  endfacet
  facet normal 0 -0.382529 0.923944
    outer loop
      vertex -35.8688 45.4357 2.05904
      vertex -37.85 45.3451 2.02153
      vertex -35.8046 45.3451 2.02153
    endloop
  endfacet
  facet normal 0 -0.382529 0.923944
    outer loop
      vertex 35.8688 45.4357 2.05904
      vertex 37.85 45.3451 2.02153
      vertex 37.85 45.4357 2.05904
    endloop
  endfacet
  facet normal -0.00408491 -0.380053 0.924956
    outer loop
      vertex 35.8046 45.3451 2.02153
      vertex 35.8688 45.4357 2.05904
      vertex 35.8235 45.3806 2.0362
    endloop
  endfacet
  facet normal 0 -0.382529 0.923944
    outer loop
      vertex 35.8688 45.4357 2.05904
      vertex 35.8046 45.3451 2.02153
      vertex 37.85 45.3451 2.02153
    endloop
  endfacet
  facet normal 0 -0.38243 0.923984
    outer loop
      vertex 34.055 45.425 2.0546
      vertex -34.055 45.425 2.0546
      vertex 34.055 45.3451 2.02153
    endloop
  endfacet
  facet normal 0 -0.383267 0.923638
    outer loop
      vertex 34.0561 45.4357 2.05904
      vertex -34.055 45.425 2.0546
      vertex 34.055 45.425 2.0546
    endloop
  endfacet
  facet normal 0 -0.383267 0.923638
    outer loop
      vertex -34.055 45.425 2.0546
      vertex 34.0561 45.4357 2.05904
      vertex -34.0561 45.4357 2.05904
    endloop
  endfacet
  facet normal 0 -0.38243 0.923984
    outer loop
      vertex 34.055 45.3451 2.02153
      vertex -34.055 45.425 2.0546
      vertex -34.055 45.3451 2.02153
    endloop
  endfacet
  facet normal -0.161754 -0.533546 0.830159
    outer loop
      vertex 37.9402 45.4178 2.05904
      vertex 37.9119 45.5111 2.11349
      vertex 37.896 45.4312 2.05904
    endloop
  endfacet
  facet normal 0.382274 -0.0364714 0.923329
    outer loop
      vertex -37.9951 45.2 2.02153
      vertex -37.9924 45.2283 2.02153
      vertex -38.0857 45.2 2.05904
    endloop
  endfacet
  facet normal 0.195101 -0.0186139 0.980607
    outer loop
      vertex -37.899 45.2 2.00241
      vertex -37.9924 45.2283 2.02153
      vertex -37.9951 45.2 2.02153
    endloop
  endfacet
  facet normal 0 -0.980827 0.19488
    outer loop
      vertex -37.7194 45.6785 2.35486
      vertex -36.1764 45.6976 2.45099
      vertex -37.6836 45.6976 2.45099
    endloop
  endfacet
  facet normal 0 -0.980827 0.19488
    outer loop
      vertex -36.1764 45.6976 2.45099
      vertex -37.7194 45.6785 2.35486
      vertex -36.1406 45.6785 2.35486
    endloop
  endfacet
  facet normal 0 -0.980827 0.19488
    outer loop
      vertex -34.08 45.6785 2.35486
      vertex 34.0819 45.6976 2.45099
      vertex -34.0819 45.6976 2.45099
    endloop
  endfacet
  facet normal 0 -0.980827 0.19488
    outer loop
      vertex 34.0819 45.6976 2.45099
      vertex -34.08 45.6785 2.35486
      vertex 34.08 45.6785 2.35486
    endloop
  endfacet
  facet normal 0 -0.980827 0.19488
    outer loop
      vertex 36.1406 45.6785 2.35486
      vertex 37.6836 45.6976 2.45099
      vertex 36.1764 45.6976 2.45099
    endloop
  endfacet
  facet normal 0 -0.980827 0.19488
    outer loop
      vertex 37.6836 45.6976 2.45099
      vertex 36.1406 45.6785 2.35486
      vertex 37.7194 45.6785 2.35486
    endloop
  endfacet
  facet normal 0.000549048 -0.924048 0.382275
    outer loop
      vertex -37.7795 45.641 2.2643
      vertex -37.7194 45.6785 2.35486
      vertex -37.7606 45.6565 2.30174
    endloop
  endfacet
  facet normal 0 -0.92392 0.382586
    outer loop
      vertex -37.7194 45.6785 2.35486
      vertex -37.7795 45.641 2.2643
      vertex -36.1406 45.6785 2.35486
    endloop
  endfacet
  facet normal 0 -0.92392 0.382586
    outer loop
      vertex -36.0805 45.641 2.2643
      vertex -36.1406 45.6785 2.35486
      vertex -37.7795 45.641 2.2643
    endloop
  endfacet
  facet normal -0.000549048 -0.924048 0.382275
    outer loop
      vertex -36.1406 45.6785 2.35486
      vertex -36.0805 45.641 2.2643
      vertex -36.0994 45.6565 2.30174
    endloop
  endfacet
  facet normal 0.000549048 -0.924048 0.382275
    outer loop
      vertex 36.0805 45.641 2.2643
      vertex 36.1406 45.6785 2.35486
      vertex 36.0994 45.6565 2.30174
    endloop
  endfacet
  facet normal 0 -0.92392 0.382586
    outer loop
      vertex 36.1406 45.6785 2.35486
      vertex 36.0805 45.641 2.2643
      vertex 37.7194 45.6785 2.35486
    endloop
  endfacet
  facet normal 0 -0.92392 0.382586
    outer loop
      vertex 37.7795 45.641 2.2643
      vertex 37.7194 45.6785 2.35486
      vertex 36.0805 45.641 2.2643
    endloop
  endfacet
  facet normal -0.000549048 -0.924048 0.382275
    outer loop
      vertex 37.7194 45.6785 2.35486
      vertex 37.7795 45.641 2.2643
      vertex 37.7606 45.6565 2.30174
    endloop
  endfacet
  facet normal 0 -0.92392 0.382586
    outer loop
      vertex -34.0763 45.641 2.2643
      vertex 34.08 45.6785 2.35486
      vertex -34.08 45.6785 2.35486
    endloop
  endfacet
  facet normal 0 -0.92392 0.382586
    outer loop
      vertex 34.08 45.6785 2.35486
      vertex -34.0763 45.641 2.2643
      vertex 34.0763 45.641 2.2643
    endloop
  endfacet
  facet normal 0.111491 -0.367753 0.923216
    outer loop
      vertex -37.8783 45.3424 2.02153
      vertex -37.896 45.4312 2.05904
      vertex -37.9402 45.4178 2.05904
    endloop
  endfacet
  facet normal 0.180871 -0.338795 0.923311
    outer loop
      vertex -37.9306 45.3207 2.02153
      vertex -37.9055 45.3341 2.02153
      vertex -37.9402 45.4178 2.05904
    endloop
  endfacet
  facet normal 0.0374192 -0.382508 0.923194
    outer loop
      vertex -37.8783 45.3424 2.02153
      vertex -37.85 45.4357 2.05904
      vertex -37.896 45.4312 2.05904
    endloop
  endfacet
  facet normal 0.195194 -0.0182994 0.980594
    outer loop
      vertex -37.899 45.2 2.00241
      vertex -37.8981 45.2096 2.00241
      vertex -37.9924 45.2283 2.02153
    endloop
  endfacet
  facet normal 0.92392 -0 0.382586
    outer loop
      vertex -38.3285 -22.9 2.35486
      vertex -38.291 -4.2 2.2643
      vertex -38.3285 -4.2 2.35486
    endloop
  endfacet
  facet normal 0.92392 0 0.382586
    outer loop
      vertex -38.291 -4.2 2.2643
      vertex -38.3285 -22.9 2.35486
      vertex -38.291 -22.9 2.2643
    endloop
  endfacet
  facet normal 0.92392 -0 0.382586
    outer loop
      vertex -38.3285 -35.2 2.35486
      vertex -38.291 -25.9 2.2643
      vertex -38.3285 -25.9 2.35486
    endloop
  endfacet
  facet normal 0.92392 0 0.382586
    outer loop
      vertex -38.291 -25.9 2.2643
      vertex -38.3285 -35.2 2.35486
      vertex -38.291 -35.2 2.2643
    endloop
  endfacet
  facet normal 0.92392 0 0.382586
    outer loop
      vertex -38.3285 37.0539 2.35486
      vertex -38.291 8.38251 2.2643
      vertex -38.291 37.0425 2.2643
    endloop
  endfacet
  facet normal 0.92392 0 0.382586
    outer loop
      vertex -38.291 8.38251 2.2643
      vertex -38.3285 37.0539 2.35486
      vertex -38.3285 8.37113 2.35486
    endloop
  endfacet
  facet normal -0.15279 -0.122232 0.98067
    outer loop
      vertex 37.8907 45.2272 2.00241
      vertex 37.9707 45.2806 2.02153
      vertex 37.8847 45.2347 2.00241
    endloop
  endfacet
  facet normal -0.172971 -0.0923433 0.980588
    outer loop
      vertex 37.9841 45.2555 2.02153
      vertex 37.9707 45.2806 2.02153
      vertex 37.8953 45.2188 2.00241
    endloop
  endfacet
  facet normal 0.187508 -0.0570676 0.980604
    outer loop
      vertex -37.8981 45.2096 2.00241
      vertex -37.8953 45.2188 2.00241
      vertex -37.9924 45.2283 2.02153
    endloop
  endfacet
  facet normal -0.0727032 -0.705225 0.705246
    outer loop
      vertex 37.9121 45.5321 2.13451
      vertex 37.9119 45.5111 2.11349
      vertex 37.9153 45.5282 2.13094
    endloop
  endfacet
  facet normal -0.0683172 -0.705465 0.705444
    outer loop
      vertex 37.8901 45.5501 2.15038
      vertex 37.9119 45.5111 2.11349
      vertex 37.9121 45.5321 2.13451
    endloop
  endfacet
  facet normal -0.0695499 -0.705761 0.705028
    outer loop
      vertex 37.9119 45.5111 2.11349
      vertex 37.8901 45.5501 2.15038
      vertex 37.85 45.5172 2.11349
    endloop
  endfacet
  facet normal 0.195135 0 0.980776
    outer loop
      vertex -37.9951 38.9691 2.02153
      vertex -37.899 38.8572 2.00241
      vertex -37.899 45.2 2.00241
    endloop
  endfacet
  facet normal 0.195135 -0 0.980776
    outer loop
      vertex -37.9951 38.9691 2.02153
      vertex -37.899 45.2 2.00241
      vertex -37.9951 45.2 2.02153
    endloop
  endfacet
  facet normal 0.193598 -0.00137201 0.98108
    outer loop
      vertex -37.899 38.8572 2.00241
      vertex -37.9951 38.9691 2.02153
      vertex -37.9121 38.8679 2.00501
    endloop
  endfacet
  facet normal 0.195135 0 0.980776
    outer loop
      vertex -37.9951 -4.2 2.02153
      vertex -37.899 -22.9 2.00241
      vertex -37.899 -4.2 2.00241
    endloop
  endfacet
  facet normal 0.195135 0 0.980776
    outer loop
      vertex -37.899 -22.9 2.00241
      vertex -37.9951 -4.2 2.02153
      vertex -37.9951 -22.9 2.02153
    endloop
  endfacet
  facet normal 0.195135 0 0.980776
    outer loop
      vertex -37.9951 -25.9 2.02153
      vertex -37.899 -35.2 2.00241
      vertex -37.899 -25.9 2.00241
    endloop
  endfacet
  facet normal 0.195135 0 0.980776
    outer loop
      vertex -37.899 -35.2 2.00241
      vertex -37.9951 -25.9 2.02153
      vertex -37.9951 -35.2 2.02153
    endloop
  endfacet
  facet normal 0.193582 0.00138557 0.981083
    outer loop
      vertex -37.9951 6.4559 2.02153
      vertex -37.899 6.56784 2.00241
      vertex -37.9121 6.55709 2.00501
    endloop
  endfacet
  facet normal 0.195135 0 0.980776
    outer loop
      vertex -37.899 6.56784 2.00241
      vertex -37.9951 6.4559 2.02153
      vertex -37.899 -0.117838 2.00241
    endloop
  endfacet
  facet normal 0.195135 -0 0.980776
    outer loop
      vertex -37.9951 -0.00590509 2.02153
      vertex -37.899 -0.117838 2.00241
      vertex -37.9951 6.4559 2.02153
    endloop
  endfacet
  facet normal 0.193583 -0.00138464 0.981083
    outer loop
      vertex -37.899 -0.117838 2.00241
      vertex -37.9951 -0.00590509 2.02153
      vertex -37.9121 -0.107092 2.00501
    endloop
  endfacet
  facet normal 0.195135 0 0.980776
    outer loop
      vertex -37.9951 36.9937 2.02153
      vertex -37.899 8.44073 2.00241
      vertex -37.899 36.9843 2.00241
    endloop
  endfacet
  facet normal 0.195135 0 0.980776
    outer loop
      vertex -37.899 8.44073 2.00241
      vertex -37.9951 36.9937 2.02153
      vertex -37.9951 8.43127 2.02153
    endloop
  endfacet
  facet normal 0.382529 0 0.923944
    outer loop
      vertex -38.0857 39.1116 2.05904
      vertex -37.9951 38.9691 2.02153
      vertex -37.9951 45.2 2.02153
    endloop
  endfacet
  facet normal 0.382529 -0 0.923944
    outer loop
      vertex -38.0857 39.1116 2.05904
      vertex -37.9951 45.2 2.02153
      vertex -38.0857 45.2 2.05904
    endloop
  endfacet
  facet normal 0.379984 -0.00189364 0.924991
    outer loop
      vertex -37.9951 38.9691 2.02153
      vertex -38.0857 39.1116 2.05904
      vertex -38.0365 39.0194 2.03864
    endloop
  endfacet
  facet normal 0.382529 0 0.923944
    outer loop
      vertex -38.0857 -4.2 2.05904
      vertex -37.9951 -22.9 2.02153
      vertex -37.9951 -4.2 2.02153
    endloop
  endfacet
  facet normal 0.382529 0 0.923944
    outer loop
      vertex -37.9951 -22.9 2.02153
      vertex -38.0857 -4.2 2.05904
      vertex -38.0857 -22.9 2.05904
    endloop
  endfacet
  facet normal 0.382529 0 0.923944
    outer loop
      vertex -38.0857 -25.9 2.05904
      vertex -37.9951 -35.2 2.02153
      vertex -37.9951 -25.9 2.02153
    endloop
  endfacet
  facet normal 0.382529 0 0.923944
    outer loop
      vertex -37.9951 -35.2 2.02153
      vertex -38.0857 -25.9 2.05904
      vertex -38.0857 -35.2 2.05904
    endloop
  endfacet
  facet normal 0.379975 0.00190113 0.924995
    outer loop
      vertex -38.0857 6.31344 2.05904
      vertex -37.9951 6.4559 2.02153
      vertex -38.0365 6.40556 2.03864
    endloop
  endfacet
  facet normal 0.382529 0 0.923944
    outer loop
      vertex -37.9951 6.4559 2.02153
      vertex -38.0857 6.31344 2.05904
      vertex -37.9951 -0.00590509 2.02153
    endloop
  endfacet
  facet normal 0.382529 -0 0.923944
    outer loop
      vertex -38.0857 0.13656 2.05904
      vertex -37.9951 -0.00590509 2.02153
      vertex -38.0857 6.31344 2.05904
    endloop
  endfacet
  facet normal 0.379974 -0.00190185 0.924995
    outer loop
      vertex -37.9951 -0.00590509 2.02153
      vertex -38.0857 0.13656 2.05904
      vertex -38.0365 0.0444428 2.03864
    endloop
  endfacet
  facet normal 0.382529 0 0.923944
    outer loop
      vertex -38.0857 37.0027 2.05904
      vertex -37.9951 8.43127 2.02153
      vertex -37.9951 36.9937 2.02153
    endloop
  endfacet
  facet normal 0.382529 0 0.923944
    outer loop
      vertex -37.9951 8.43127 2.02153
      vertex -38.0857 37.0027 2.05904
      vertex -38.0857 8.42235 2.05904
    endloop
  endfacet
  facet normal 0.0364714 -0.382274 0.923329
    outer loop
      vertex -37.85 45.3451 2.02153
      vertex -37.85 45.4357 2.05904
      vertex -37.8783 45.3424 2.02153
    endloop
  endfacet
  facet normal 0.491899 -0.262996 0.829981
    outer loop
      vertex -38.046 45.3309 2.05904
      vertex -38.0585 45.3393 2.06911
      vertex -38.0639 45.3292 2.06911
    endloop
  endfacet
  facet normal 0 -0.555524 0.831501
    outer loop
      vertex -37.85 45.4357 2.05904
      vertex -35.9357 45.5172 2.11349
      vertex -37.85 45.5172 2.11349
    endloop
  endfacet
  facet normal 0 -0.555524 0.831501
    outer loop
      vertex -35.9357 45.5172 2.11349
      vertex -37.85 45.4357 2.05904
      vertex -35.8688 45.4357 2.05904
    endloop
  endfacet
  facet normal 0 -0.555524 0.831501
    outer loop
      vertex 35.9357 45.5172 2.11349
      vertex 37.85 45.4357 2.05904
      vertex 37.85 45.5172 2.11349
    endloop
  endfacet
  facet normal 0 -0.555524 0.831501
    outer loop
      vertex 37.85 45.4357 2.05904
      vertex 35.9357 45.5172 2.11349
      vertex 35.8688 45.4357 2.05904
    endloop
  endfacet
  facet normal 0 -0.555524 0.831501
    outer loop
      vertex 34.0641 45.5172 2.11349
      vertex -34.0561 45.4357 2.05904
      vertex 34.0561 45.4357 2.05904
    endloop
  endfacet
  facet normal 0 -0.555524 0.831501
    outer loop
      vertex -34.0561 45.4357 2.05904
      vertex 34.0641 45.5172 2.11349
      vertex -34.0641 45.5172 2.11349
    endloop
  endfacet
  facet normal 0.555524 0 0.831501
    outer loop
      vertex -38.1672 39.3187 2.11349
      vertex -38.0857 39.1116 2.05904
      vertex -38.0857 45.2 2.05904
    endloop
  endfacet
  facet normal 0.555543 -1.92444e-05 0.831488
    outer loop
      vertex -38.1672 45.0813 2.11349
      vertex -38.0857 45.2 2.05904
      vertex -38.1312 45.2 2.08944
    endloop
  endfacet
  facet normal 0.555524 -0 0.831501
    outer loop
      vertex -38.1672 39.3187 2.11349
      vertex -38.0857 45.2 2.05904
      vertex -38.1672 45.0813 2.11349
    endloop
  endfacet
  facet normal 0.554425 -0.00062514 0.832233
    outer loop
      vertex -38.0857 39.1116 2.05904
      vertex -38.1672 39.3187 2.11349
      vertex -38.1289 39.1923 2.08788
    endloop
  endfacet
  facet normal 0.555524 0 0.831501
    outer loop
      vertex -38.1672 -4.2 2.11349
      vertex -38.0857 -22.9 2.05904
      vertex -38.0857 -4.2 2.05904
    endloop
  endfacet
  facet normal 0.555524 0 0.831501
    outer loop
      vertex -38.0857 -22.9 2.05904
      vertex -38.1672 -4.2 2.11349
      vertex -38.1672 -22.9 2.11349
    endloop
  endfacet
  facet normal 0.555524 0 0.831501
    outer loop
      vertex -38.1672 -25.9 2.11349
      vertex -38.0857 -35.2 2.05904
      vertex -38.0857 -25.9 2.05904
    endloop
  endfacet
  facet normal 0.555524 0 0.831501
    outer loop
      vertex -38.0857 -35.2 2.05904
      vertex -38.1672 -25.9 2.11349
      vertex -38.1672 -35.2 2.11349
    endloop
  endfacet
  facet normal 0.554423 0.000626548 0.832235
    outer loop
      vertex -38.1672 6.10635 2.11349
      vertex -38.0857 6.31344 2.05904
      vertex -38.1289 6.23268 2.08788
    endloop
  endfacet
  facet normal 0.555524 0 0.831501
    outer loop
      vertex -38.0857 6.31344 2.05904
      vertex -38.1672 6.10635 2.11349
      vertex -38.0857 0.13656 2.05904
    endloop
  endfacet
  facet normal 0.555524 -0 0.831501
    outer loop
      vertex -38.1672 0.343655 2.11349
      vertex -38.0857 0.13656 2.05904
      vertex -38.1672 6.10635 2.11349
    endloop
  endfacet
  facet normal 0.554423 -0.000626599 0.832235
    outer loop
      vertex -38.0857 0.13656 2.05904
      vertex -38.1672 0.343655 2.11349
      vertex -38.1289 0.217325 2.08788
    endloop
  endfacet
  facet normal 0.555524 0 0.831501
    outer loop
      vertex -38.1672 37.0107 2.11349
      vertex -38.0857 8.42235 2.05904
      vertex -38.0857 37.0027 2.05904
    endloop
  endfacet
  facet normal 0.555524 0 0.831501
    outer loop
      vertex -38.0857 8.42235 2.05904
      vertex -38.1672 37.0107 2.11349
      vertex -38.1672 8.41432 2.11349
    endloop
  endfacet
  facet normal -0.151487 -0.124632 0.98057
    outer loop
      vertex 37.9707 45.2806 2.02153
      vertex 37.9526 45.3026 2.02153
      vertex 37.8847 45.2347 2.00241
    endloop
  endfacet
  facet normal 0 -0.195135 0.980776
    outer loop
      vertex -37.85 45.249 2.00241
      vertex -35.8046 45.3451 2.02153
      vertex -37.85 45.3451 2.02153
    endloop
  endfacet
  facet normal 0 -0.195135 0.980776
    outer loop
      vertex -35.8046 45.3451 2.02153
      vertex -37.85 45.249 2.00241
      vertex -35.7532 45.249 2.00241
    endloop
  endfacet
  facet normal 0 -0.195135 0.980776
    outer loop
      vertex 35.8046 45.3451 2.02153
      vertex 37.85 45.249 2.00241
      vertex 37.85 45.3451 2.02153
    endloop
  endfacet
  facet normal 0 -0.195135 0.980776
    outer loop
      vertex 37.85 45.249 2.00241
      vertex 35.8046 45.3451 2.02153
      vertex 35.7532 45.249 2.00241
    endloop
  endfacet
  facet normal 0 -0.195135 0.980776
    outer loop
      vertex -34.055 45.3451 2.02153
      vertex 34.055 45.249 2.00241
      vertex 34.055 45.3451 2.02153
    endloop
  endfacet
  facet normal 0 -0.195135 0.980776
    outer loop
      vertex 34.055 45.249 2.00241
      vertex -34.055 45.3451 2.02153
      vertex -34.055 45.249 2.00241
    endloop
  endfacet
  facet normal 0.0570676 -0.187508 0.980604
    outer loop
      vertex -37.8688 45.2453 2.00241
      vertex -37.8596 45.2481 2.00241
      vertex -37.8783 45.3424 2.02153
    endloop
  endfacet
  facet normal -0.0704626 -0.705189 0.70551
    outer loop
      vertex 37.8901 45.5501 2.15038
      vertex 37.85 45.5831 2.17936
      vertex 37.85 45.5172 2.11349
    endloop
  endfacet
  facet normal -0.187492 -0.0572128 0.980598
    outer loop
      vertex 37.9924 45.2283 2.02153
      vertex 37.9841 45.2555 2.02153
      vertex 37.8953 45.2188 2.00241
    endloop
  endfacet
  facet normal -0.204824 -0.678844 0.705137
    outer loop
      vertex 37.9351 45.5041 2.11349
      vertex 37.9153 45.5282 2.13094
      vertex 37.9119 45.5111 2.11349
    endloop
  endfacet
  facet normal -0.831265 0 0.555877
    outer loop
      vertex 38.2365 -22.9 2.1828
      vertex 38.291 -4.2 2.2643
      vertex 38.2365 -4.2 2.1828
    endloop
  endfacet
  facet normal -0.831265 0 0.555877
    outer loop
      vertex 38.291 -4.2 2.2643
      vertex 38.2365 -22.9 2.1828
      vertex 38.291 -22.9 2.2643
    endloop
  endfacet
  facet normal -0.831265 0 0.555877
    outer loop
      vertex 38.2365 -35.2 2.1828
      vertex 38.291 -25.9 2.2643
      vertex 38.2365 -25.9 2.1828
    endloop
  endfacet
  facet normal -0.831265 0 0.555877
    outer loop
      vertex 38.291 -25.9 2.2643
      vertex 38.2365 -35.2 2.1828
      vertex 38.291 -35.2 2.2643
    endloop
  endfacet
  facet normal -0.831265 0 0.555877
    outer loop
      vertex 38.2365 8.39903 2.1828
      vertex 38.291 37.0425 2.2643
      vertex 38.2365 37.026 2.1828
    endloop
  endfacet
  facet normal -0.831265 0 0.555877
    outer loop
      vertex 38.291 37.0425 2.2643
      vertex 38.2365 8.39903 2.1828
      vertex 38.291 8.38251 2.2643
    endloop
  endfacet
  facet normal -0.195101 -0.0186139 0.980607
    outer loop
      vertex 37.9951 45.2 2.02153
      vertex 37.9924 45.2283 2.02153
      vertex 37.899 45.2 2.00241
    endloop
  endfacet
  facet normal -0.382529 0 0.923944
    outer loop
      vertex 37.9951 45.2 2.02153
      vertex 38.0857 39.1116 2.05904
      vertex 38.0857 45.2 2.05904
    endloop
  endfacet
  facet normal -0.382529 0 0.923944
    outer loop
      vertex 37.9951 38.9691 2.02153
      vertex 38.0857 39.1116 2.05904
      vertex 37.9951 45.2 2.02153
    endloop
  endfacet
  facet normal -0.379984 -0.00189364 0.924991
    outer loop
      vertex 38.0857 39.1116 2.05904
      vertex 37.9951 38.9691 2.02153
      vertex 38.0365 39.0194 2.03864
    endloop
  endfacet
  facet normal -0.382529 0 0.923944
    outer loop
      vertex 37.9951 -4.2 2.02153
      vertex 38.0857 -22.9 2.05904
      vertex 38.0857 -4.2 2.05904
    endloop
  endfacet
  facet normal -0.382529 0 0.923944
    outer loop
      vertex 38.0857 -22.9 2.05904
      vertex 37.9951 -4.2 2.02153
      vertex 37.9951 -22.9 2.02153
    endloop
  endfacet
  facet normal -0.382529 0 0.923944
    outer loop
      vertex 37.9951 -25.9 2.02153
      vertex 38.0857 -35.2 2.05904
      vertex 38.0857 -25.9 2.05904
    endloop
  endfacet
  facet normal -0.382529 0 0.923944
    outer loop
      vertex 38.0857 -35.2 2.05904
      vertex 37.9951 -25.9 2.02153
      vertex 37.9951 -35.2 2.02153
    endloop
  endfacet
  facet normal -0.379974 0.00190183 0.924995
    outer loop
      vertex 37.9951 6.45591 2.02153
      vertex 38.0857 6.31344 2.05904
      vertex 38.0365 6.40556 2.03864
    endloop
  endfacet
  facet normal -0.382529 0 0.923944
    outer loop
      vertex 38.0857 6.31344 2.05904
      vertex 37.9951 6.45591 2.02153
      vertex 38.0857 0.136558 2.05904
    endloop
  endfacet
  facet normal -0.382529 0 0.923944
    outer loop
      vertex 37.9951 -0.00590625 2.02153
      vertex 38.0857 0.136558 2.05904
      vertex 37.9951 6.45591 2.02153
    endloop
  endfacet
  facet normal -0.379974 -0.00190205 0.924995
    outer loop
      vertex 38.0857 0.136558 2.05904
      vertex 37.9951 -0.00590625 2.02153
      vertex 38.0365 0.0444428 2.03864
    endloop
  endfacet
  facet normal -0.382529 0 0.923944
    outer loop
      vertex 37.9951 36.9937 2.02153
      vertex 38.0857 8.42235 2.05904
      vertex 38.0857 37.0027 2.05904
    endloop
  endfacet
  facet normal -0.382529 0 0.923944
    outer loop
      vertex 38.0857 8.42235 2.05904
      vertex 37.9951 36.9937 2.02153
      vertex 37.9951 8.43127 2.02153
    endloop
  endfacet
  facet normal 0.338998 -0.180979 0.923215
    outer loop
      vertex -37.9841 45.2555 2.02153
      vertex -37.9707 45.2806 2.02153
      vertex -38.046 45.3309 2.05904
    endloop
  endfacet
  facet normal -0.195135 0 0.980776
    outer loop
      vertex 37.899 45.2 2.00241
      vertex 37.9951 38.9691 2.02153
      vertex 37.9951 45.2 2.02153
    endloop
  endfacet
  facet normal -0.195135 0 0.980776
    outer loop
      vertex 37.899 38.8572 2.00241
      vertex 37.9951 38.9691 2.02153
      vertex 37.899 45.2 2.00241
    endloop
  endfacet
  facet normal -0.193598 -0.00137201 0.98108
    outer loop
      vertex 37.9951 38.9691 2.02153
      vertex 37.899 38.8572 2.00241
      vertex 37.9121 38.8679 2.00501
    endloop
  endfacet
  facet normal -0.195135 0 0.980776
    outer loop
      vertex 37.899 -4.2 2.00241
      vertex 37.9951 -22.9 2.02153
      vertex 37.9951 -4.2 2.02153
    endloop
  endfacet
  facet normal -0.195135 0 0.980776
    outer loop
      vertex 37.9951 -22.9 2.02153
      vertex 37.899 -4.2 2.00241
      vertex 37.899 -22.9 2.00241
    endloop
  endfacet
  facet normal -0.195135 0 0.980776
    outer loop
      vertex 37.899 -25.9 2.00241
      vertex 37.9951 -35.2 2.02153
      vertex 37.9951 -25.9 2.02153
    endloop
  endfacet
  facet normal -0.195135 0 0.980776
    outer loop
      vertex 37.9951 -35.2 2.02153
      vertex 37.899 -25.9 2.00241
      vertex 37.899 -35.2 2.00241
    endloop
  endfacet
  facet normal -0.193581 0.00138599 0.981083
    outer loop
      vertex 37.899 6.56784 2.00241
      vertex 37.9951 6.45591 2.02153
      vertex 37.9121 6.55709 2.00501
    endloop
  endfacet
  facet normal -0.195135 0 0.980776
    outer loop
      vertex 37.9951 6.45591 2.02153
      vertex 37.899 6.56784 2.00241
      vertex 37.9951 -0.00590625 2.02153
    endloop
  endfacet
  facet normal -0.195135 0 0.980776
    outer loop
      vertex 37.899 -0.117839 2.00241
      vertex 37.9951 -0.00590625 2.02153
      vertex 37.899 6.56784 2.00241
    endloop
  endfacet
  facet normal -0.193583 -0.00138496 0.981083
    outer loop
      vertex 37.9951 -0.00590625 2.02153
      vertex 37.899 -0.117839 2.00241
      vertex 37.9121 -0.107092 2.00501
    endloop
  endfacet
  facet normal -0.195135 0 0.980776
    outer loop
      vertex 37.899 36.9843 2.00241
      vertex 37.9951 8.43127 2.02153
      vertex 37.9951 36.9937 2.02153
    endloop
  endfacet
  facet normal -0.195135 0 0.980776
    outer loop
      vertex 37.9951 8.43127 2.02153
      vertex 37.899 36.9843 2.00241
      vertex 37.899 8.44073 2.00241
    endloop
  endfacet
  facet normal 0.554695 -0.0549519 0.830237
    outer loop
      vertex -38.1186 45.227 2.08277
      vertex -38.0812 45.246 2.05904
      vertex -38.1058 45.2509 2.0758
    endloop
  endfacet
  facet normal 0.554463 -0.0542409 0.830439
    outer loop
      vertex -38.0812 45.246 2.05904
      vertex -38.1186 45.227 2.08277
      vertex -38.0857 45.2 2.05904
    endloop
  endfacet
  facet normal 0 -0.831265 0.555877
    outer loop
      vertex -34.0709 45.5865 2.1828
      vertex 34.0763 45.641 2.2643
      vertex -34.0763 45.641 2.2643
    endloop
  endfacet
  facet normal 0 -0.831265 0.555877
    outer loop
      vertex 34.0763 45.641 2.2643
      vertex -34.0709 45.5865 2.1828
      vertex 34.0709 45.5865 2.1828
    endloop
  endfacet
  facet normal 0 -0.831265 0.555877
    outer loop
      vertex -37.8458 45.5865 2.1828
      vertex -36.0805 45.641 2.2643
      vertex -37.7795 45.641 2.2643
    endloop
  endfacet
  facet normal 0 -0.831265 0.555877
    outer loop
      vertex -36.0805 45.641 2.2643
      vertex -37.8458 45.5865 2.1828
      vertex -36.0142 45.5865 2.1828
    endloop
  endfacet
  facet normal 0 -0.831265 0.555877
    outer loop
      vertex 36.0142 45.5865 2.1828
      vertex 37.7795 45.641 2.2643
      vertex 36.0805 45.641 2.2643
    endloop
  endfacet
  facet normal 0 -0.831265 0.555877
    outer loop
      vertex 37.7795 45.641 2.2643
      vertex 36.0142 45.5865 2.1828
      vertex 37.8458 45.5865 2.1828
    endloop
  endfacet
  facet normal 0.243187 -0.297137 0.923347
    outer loop
      vertex -37.9526 45.3026 2.02153
      vertex -37.9809 45.396 2.05904
      vertex -38.0167 45.3667 2.05904
    endloop
  endfacet
  facet normal 0.296781 -0.24417 0.923202
    outer loop
      vertex -37.9707 45.2806 2.02153
      vertex -37.9526 45.3026 2.02153
      vertex -38.046 45.3309 2.05904
    endloop
  endfacet
  facet normal -0.0364714 -0.382274 0.923329
    outer loop
      vertex 37.8783 45.3424 2.02153
      vertex 37.85 45.4357 2.05904
      vertex 37.85 45.3451 2.02153
    endloop
  endfacet
  facet normal -0.0374192 -0.382508 0.923194
    outer loop
      vertex 37.8783 45.3424 2.02153
      vertex 37.896 45.4312 2.05904
      vertex 37.85 45.4357 2.05904
    endloop
  endfacet
  facet normal 0.0182908 -0.195102 0.980612
    outer loop
      vertex -37.85 45.249 2.00241
      vertex -37.85 45.3451 2.02153
      vertex -37.8596 45.2481 2.00241
    endloop
  endfacet
  facet normal 0.15279 -0.122232 0.98067
    outer loop
      vertex -37.8907 45.2272 2.00241
      vertex -37.8847 45.2347 2.00241
      vertex -37.9707 45.2806 2.02153
    endloop
  endfacet
  facet normal -0.92392 0 0.382586
    outer loop
      vertex 38.291 -22.9 2.2643
      vertex 38.3285 -4.2 2.35486
      vertex 38.291 -4.2 2.2643
    endloop
  endfacet
  facet normal -0.92392 0 0.382586
    outer loop
      vertex 38.3285 -4.2 2.35486
      vertex 38.291 -22.9 2.2643
      vertex 38.3285 -22.9 2.35486
    endloop
  endfacet
  facet normal -0.92392 0 0.382586
    outer loop
      vertex 38.291 -35.2 2.2643
      vertex 38.3285 -25.9 2.35486
      vertex 38.291 -25.9 2.2643
    endloop
  endfacet
  facet normal -0.92392 0 0.382586
    outer loop
      vertex 38.3285 -25.9 2.35486
      vertex 38.291 -35.2 2.2643
      vertex 38.3285 -35.2 2.35486
    endloop
  endfacet
  facet normal -0.92392 0 0.382586
    outer loop
      vertex 38.291 8.38251 2.2643
      vertex 38.3285 37.0539 2.35486
      vertex 38.291 37.0425 2.2643
    endloop
  endfacet
  facet normal -0.92392 0 0.382586
    outer loop
      vertex 38.3285 37.0539 2.35486
      vertex 38.291 8.38251 2.2643
      vertex 38.3285 8.37113 2.35486
    endloop
  endfacet
  facet normal -0.171639 -0.0939928 0.980666
    outer loop
      vertex 37.8953 45.2188 2.00241
      vertex 37.9707 45.2806 2.02153
      vertex 37.8907 45.2272 2.00241
    endloop
  endfacet
  facet normal -0.162886 -0.533347 0.830066
    outer loop
      vertex 37.9351 45.5041 2.11349
      vertex 37.9402 45.4178 2.05904
      vertex 37.9622 45.471 2.09754
    endloop
  endfacet
  facet normal -0.16095 -0.533435 0.830387
    outer loop
      vertex 37.9402 45.4178 2.05904
      vertex 37.9351 45.5041 2.11349
      vertex 37.9119 45.5111 2.11349
    endloop
  endfacet
  facet normal -0.367753 -0.111491 0.923216
    outer loop
      vertex 38.0812 45.246 2.05904
      vertex 38.0678 45.2902 2.05904
      vertex 37.9924 45.2283 2.02153
    endloop
  endfacet
  facet normal -0.707158 0 0.707056
    outer loop
      vertex 38.1672 -22.9 2.11349
      vertex 38.2365 -4.2 2.1828
      vertex 38.1672 -4.2 2.11349
    endloop
  endfacet
  facet normal -0.707158 0 0.707056
    outer loop
      vertex 38.2365 -4.2 2.1828
      vertex 38.1672 -22.9 2.11349
      vertex 38.2365 -22.9 2.1828
    endloop
  endfacet
  facet normal -0.707158 0 0.707056
    outer loop
      vertex 38.1672 -35.2 2.11349
      vertex 38.2365 -25.9 2.1828
      vertex 38.1672 -25.9 2.11349
    endloop
  endfacet
  facet normal -0.707158 0 0.707056
    outer loop
      vertex 38.2365 -25.9 2.1828
      vertex 38.1672 -35.2 2.11349
      vertex 38.2365 -35.2 2.1828
    endloop
  endfacet
  facet normal -0.706737 0.00010906 0.707476
    outer loop
      vertex 38.1672 6.10635 2.11349
      vertex 38.205 5.85 2.15129
      vertex 38.1858 6.04508 2.13208
    endloop
  endfacet
  facet normal -0.707107 0 0.707107
    outer loop
      vertex 38.205 5.85 2.15129
      vertex 38.1672 6.10635 2.11349
      vertex 38.205 0.6 2.15129
    endloop
  endfacet
  facet normal -0.707107 0 0.707107
    outer loop
      vertex 38.1672 0.343652 2.11349
      vertex 38.205 0.6 2.15129
      vertex 38.1672 6.10635 2.11349
    endloop
  endfacet
  facet normal -0.706737 -0.000109051 0.707476
    outer loop
      vertex 38.205 0.6 2.15129
      vertex 38.1672 0.343652 2.11349
      vertex 38.1858 0.404916 2.13208
    endloop
  endfacet
  facet normal -0.706854 0 0.707359
    outer loop
      vertex 38.1672 8.41432 2.11349
      vertex 38.1952 37.0134 2.14147
      vertex 38.1672 37.0107 2.11349
    endloop
  endfacet
  facet normal -0.706854 0 0.707359
    outer loop
      vertex 38.1952 8.41157 2.14147
      vertex 38.1952 37.0134 2.14147
      vertex 38.1672 8.41432 2.11349
    endloop
  endfacet
  facet normal -0.707363 0 0.70685
    outer loop
      vertex 38.1952 37.0134 2.14147
      vertex 38.1952 8.41157 2.14147
      vertex 38.2365 37.026 2.1828
    endloop
  endfacet
  facet normal -0.707363 0 0.70685
    outer loop
      vertex 38.2365 37.026 2.1828
      vertex 38.1952 8.41157 2.14147
      vertex 38.2365 8.39903 2.1828
    endloop
  endfacet
  facet normal -0.706737 0.000108984 0.707476
    outer loop
      vertex 38.1672 45.0813 2.11349
      vertex 38.205 44.825 2.15129
      vertex 38.1858 45.0201 2.13208
    endloop
  endfacet
  facet normal -0.707107 0 0.707107
    outer loop
      vertex 38.205 44.825 2.15129
      vertex 38.1672 45.0813 2.11349
      vertex 38.205 39.575 2.15129
    endloop
  endfacet
  facet normal -0.707107 0 0.707107
    outer loop
      vertex 38.1672 39.3187 2.11349
      vertex 38.205 39.575 2.15129
      vertex 38.1672 45.0813 2.11349
    endloop
  endfacet
  facet normal -0.706737 -0.000108984 0.707476
    outer loop
      vertex 38.205 39.575 2.15129
      vertex 38.1672 39.3187 2.11349
      vertex 38.1858 39.3799 2.13208
    endloop
  endfacet
  facet normal -0.0570676 -0.187508 0.980604
    outer loop
      vertex 37.8688 45.2453 2.00241
      vertex 37.8783 45.3424 2.02153
      vertex 37.8596 45.2481 2.00241
    endloop
  endfacet
  facet normal -0.338586 -0.181356 0.923293
    outer loop
      vertex 38.0678 45.2902 2.05904
      vertex 38.046 45.3309 2.05904
      vertex 37.9841 45.2555 2.02153
    endloop
  endfacet
  facet normal -0.0542851 -0.554915 0.830134
    outer loop
      vertex 37.896 45.4312 2.05904
      vertex 37.9119 45.5111 2.11349
      vertex 37.85 45.4357 2.05904
    endloop
  endfacet
  facet normal -0.0546628 -0.554693 0.830257
    outer loop
      vertex 37.9119 45.5111 2.11349
      vertex 37.85 45.5172 2.11349
      vertex 37.85 45.4357 2.05904
    endloop
  endfacet
  facet normal 0.980827 -0 0.19488
    outer loop
      vertex -38.3476 -22.9 2.45099
      vertex -38.3285 -4.2 2.35486
      vertex -38.3476 -4.2 2.45099
    endloop
  endfacet
  facet normal 0.980827 0 0.19488
    outer loop
      vertex -38.3285 -4.2 2.35486
      vertex -38.3476 -22.9 2.45099
      vertex -38.3285 -22.9 2.35486
    endloop
  endfacet
  facet normal 0.980827 -0 0.19488
    outer loop
      vertex -38.3476 -35.2 2.45099
      vertex -38.3285 -25.9 2.35486
      vertex -38.3476 -25.9 2.45099
    endloop
  endfacet
  facet normal 0.980827 0 0.19488
    outer loop
      vertex -38.3285 -25.9 2.35486
      vertex -38.3476 -35.2 2.45099
      vertex -38.3285 -35.2 2.35486
    endloop
  endfacet
  facet normal 0.980827 0 0.19488
    outer loop
      vertex -38.3476 37.0597 2.45099
      vertex -38.3285 8.37113 2.35486
      vertex -38.3285 37.0539 2.35486
    endloop
  endfacet
  facet normal 0.980827 0 0.19488
    outer loop
      vertex -38.3285 8.37113 2.35486
      vertex -38.3476 37.0597 2.45099
      vertex -38.3476 8.36533 2.45099
    endloop
  endfacet
  facet normal 0.707158 -0 0.707056
    outer loop
      vertex -38.2365 -22.9 2.1828
      vertex -38.1672 -4.2 2.11349
      vertex -38.2365 -4.2 2.1828
    endloop
  endfacet
  facet normal 0.707158 0 0.707056
    outer loop
      vertex -38.1672 -4.2 2.11349
      vertex -38.2365 -22.9 2.1828
      vertex -38.1672 -22.9 2.11349
    endloop
  endfacet
  facet normal 0.707158 -0 0.707056
    outer loop
      vertex -38.2365 -35.2 2.1828
      vertex -38.1672 -25.9 2.11349
      vertex -38.2365 -25.9 2.1828
    endloop
  endfacet
  facet normal 0.707158 0 0.707056
    outer loop
      vertex -38.1672 -25.9 2.11349
      vertex -38.2365 -35.2 2.1828
      vertex -38.1672 -35.2 2.11349
    endloop
  endfacet
  facet normal 0.706737 0.00010906 0.707476
    outer loop
      vertex -38.205 5.85 2.15129
      vertex -38.1672 6.10635 2.11349
      vertex -38.1858 6.04508 2.13208
    endloop
  endfacet
  facet normal 0.707107 -0 0.707107
    outer loop
      vertex -38.205 0.6 2.15129
      vertex -38.1672 6.10635 2.11349
      vertex -38.205 5.85 2.15129
    endloop
  endfacet
  facet normal 0.706737 -0.000109049 0.707476
    outer loop
      vertex -38.1672 0.343655 2.11349
      vertex -38.205 0.6 2.15129
      vertex -38.1858 0.404916 2.13208
    endloop
  endfacet
  facet normal 0.707107 0 0.707107
    outer loop
      vertex -38.205 0.6 2.15129
      vertex -38.1672 0.343655 2.11349
      vertex -38.1672 6.10635 2.11349
    endloop
  endfacet
  facet normal 0.706854 0 0.707359
    outer loop
      vertex -38.1952 37.0134 2.14147
      vertex -38.1672 8.41432 2.11349
      vertex -38.1672 37.0107 2.11349
    endloop
  endfacet
  facet normal 0.707363 -0 0.70685
    outer loop
      vertex -38.1952 8.41157 2.14147
      vertex -38.1952 37.0134 2.14147
      vertex -38.2365 37.026 2.1828
    endloop
  endfacet
  facet normal 0.706854 0 0.707359
    outer loop
      vertex -38.1952 37.0134 2.14147
      vertex -38.1952 8.41157 2.14147
      vertex -38.1672 8.41432 2.11349
    endloop
  endfacet
  facet normal 0.707363 0 0.70685
    outer loop
      vertex -38.1952 8.41157 2.14147
      vertex -38.2365 37.026 2.1828
      vertex -38.2365 8.39903 2.1828
    endloop
  endfacet
  facet normal 0.706737 0.000108984 0.707476
    outer loop
      vertex -38.205 44.825 2.15129
      vertex -38.1672 45.0813 2.11349
      vertex -38.1858 45.0201 2.13208
    endloop
  endfacet
  facet normal 0.707107 -0 0.707107
    outer loop
      vertex -38.205 39.575 2.15129
      vertex -38.1672 45.0813 2.11349
      vertex -38.205 44.825 2.15129
    endloop
  endfacet
  facet normal 0.706737 -0.000108984 0.707476
    outer loop
      vertex -38.1672 39.3187 2.11349
      vertex -38.205 39.575 2.15129
      vertex -38.1858 39.3799 2.13208
    endloop
  endfacet
  facet normal 0.707107 0 0.707107
    outer loop
      vertex -38.205 39.575 2.15129
      vertex -38.1672 39.3187 2.11349
      vertex -38.1672 45.0813 2.11349
    endloop
  endfacet
  facet normal 0.204824 -0.678844 0.705137
    outer loop
      vertex -37.9119 45.5111 2.11349
      vertex -37.9153 45.5282 2.13094
      vertex -37.9351 45.5041 2.11349
    endloop
  endfacet
  facet normal 0.426238 -0.359638 0.830049
    outer loop
      vertex -38.0365 45.3806 2.07523
      vertex -38.0167 45.3667 2.05904
      vertex -38.0338 45.3838 2.07523
    endloop
  endfacet
  facet normal 0.431873 -0.352022 0.830401
    outer loop
      vertex -38.0521 45.3512 2.07088
      vertex -38.0167 45.3667 2.05904
      vertex -38.0365 45.3806 2.07523
    endloop
  endfacet
  facet normal 0.432329 -0.353833 0.829394
    outer loop
      vertex -38.0167 45.3667 2.05904
      vertex -38.0521 45.3512 2.07088
      vertex -38.046 45.3309 2.05904
    endloop
  endfacet
  facet normal 0.430232 -0.354847 0.830051
    outer loop
      vertex -38.046 45.3309 2.05904
      vertex -38.0521 45.3512 2.07088
      vertex -38.0585 45.3393 2.06911
    endloop
  endfacet
  facet normal 0.338586 -0.181356 0.923293
    outer loop
      vertex -37.9841 45.2555 2.02153
      vertex -38.046 45.3309 2.05904
      vertex -38.0678 45.2902 2.05904
    endloop
  endfacet
  facet normal 0.533582 -0.161765 0.830134
    outer loop
      vertex -38.0881 45.284 2.07088
      vertex -38.0812 45.246 2.05904
      vertex -38.0678 45.2902 2.05904
    endloop
  endfacet
  facet normal 0.533406 -0.161828 0.830235
    outer loop
      vertex -38.0812 45.246 2.05904
      vertex -38.0881 45.284 2.07088
      vertex -38.1058 45.2509 2.0758
    endloop
  endfacet
  facet normal -0.122713 -0.153391 0.980517
    outer loop
      vertex 37.8847 45.2347 2.00241
      vertex 37.9526 45.3026 2.02153
      vertex 37.8772 45.2407 2.00241
    endloop
  endfacet
  facet normal -0.0572128 -0.187492 0.980598
    outer loop
      vertex 37.9055 45.3341 2.02153
      vertex 37.8783 45.3424 2.02153
      vertex 37.8688 45.2453 2.00241
    endloop
  endfacet
  facet normal -0.0186168 -0.195132 0.9806
    outer loop
      vertex 37.8596 45.2481 2.00241
      vertex 37.8783 45.3424 2.02153
      vertex 37.85 45.3451 2.02153
    endloop
  endfacet
  facet normal -0.0182908 -0.195102 0.980612
    outer loop
      vertex 37.8596 45.2481 2.00241
      vertex 37.85 45.3451 2.02153
      vertex 37.85 45.249 2.00241
    endloop
  endfacet
  facet normal 0.0922487 -0.172794 0.980629
    outer loop
      vertex -37.8772 45.2407 2.00241
      vertex -37.9055 45.3341 2.02153
      vertex -37.9306 45.3207 2.02153
    endloop
  endfacet
  facet normal 0.151487 -0.124632 0.98057
    outer loop
      vertex -37.8847 45.2347 2.00241
      vertex -37.9526 45.3026 2.02153
      vertex -37.9707 45.2806 2.02153
    endloop
  endfacet
  facet normal 0.161034 -0.533712 0.830193
    outer loop
      vertex -37.9351 45.5041 2.11349
      vertex -37.896 45.4312 2.05904
      vertex -37.9119 45.5111 2.11349
    endloop
  endfacet
  facet normal 0.162487 -0.533042 0.83034
    outer loop
      vertex -37.896 45.4312 2.05904
      vertex -37.9351 45.5041 2.11349
      vertex -37.9551 45.4797 2.10174
    endloop
  endfacet
  facet normal 0.0546782 -0.554849 0.830152
    outer loop
      vertex -37.896 45.4312 2.05904
      vertex -37.85 45.5172 2.11349
      vertex -37.9119 45.5111 2.11349
    endloop
  endfacet
  facet normal 0.122713 -0.153391 0.980517
    outer loop
      vertex -37.8847 45.2347 2.00241
      vertex -37.8772 45.2407 2.00241
      vertex -37.9526 45.3026 2.02153
    endloop
  endfacet
  facet normal 0.0572128 -0.187492 0.980598
    outer loop
      vertex -37.8688 45.2453 2.00241
      vertex -37.8783 45.3424 2.02153
      vertex -37.9055 45.3341 2.02153
    endloop
  endfacet
  facet normal -0.195194 -0.0182994 0.980594
    outer loop
      vertex 37.899 45.2 2.00241
      vertex 37.9924 45.2283 2.02153
      vertex 37.8981 45.2096 2.00241
    endloop
  endfacet
  facet normal -0.24417 -0.296781 0.923202
    outer loop
      vertex 37.9526 45.3026 2.02153
      vertex 37.9809 45.396 2.05904
      vertex 37.9306 45.3207 2.02153
    endloop
  endfacet
  facet normal -0.111491 -0.367753 0.923216
    outer loop
      vertex 37.9402 45.4178 2.05904
      vertex 37.896 45.4312 2.05904
      vertex 37.8783 45.3424 2.02153
    endloop
  endfacet
  facet normal -0.354664 -0.430941 0.829761
    outer loop
      vertex 38.0153 45.4064 2.07906
      vertex 38.0167 45.3667 2.05904
      vertex 38.0338 45.3838 2.07523
    endloop
  endfacet
  facet normal -0.352903 -0.431192 0.830382
    outer loop
      vertex 38.0167 45.3667 2.05904
      vertex 38.0153 45.4064 2.07906
      vertex 37.9809 45.396 2.05904
    endloop
  endfacet
  facet normal -0.353313 -0.430344 0.830647
    outer loop
      vertex 38.0153 45.4064 2.07906
      vertex 38.0002 45.4248 2.08217
      vertex 37.9809 45.396 2.05904
    endloop
  endfacet
  facet normal 0.49187 -0.263459 0.829851
    outer loop
      vertex -38.0639 45.3292 2.06911
      vertex -38.0678 45.2902 2.05904
      vertex -38.046 45.3309 2.05904
    endloop
  endfacet
  facet normal 0.491435 -0.26348 0.830102
    outer loop
      vertex -38.0678 45.2902 2.05904
      vertex -38.0639 45.3292 2.06911
      vertex -38.0817 45.296 2.06911
    endloop
  endfacet
  facet normal 0.53364 -0.162181 0.830015
    outer loop
      vertex -38.0678 45.2902 2.05904
      vertex -38.0817 45.296 2.06911
      vertex -38.0881 45.284 2.07088
    endloop
  endfacet
  facet normal 0.0704626 -0.705189 0.70551
    outer loop
      vertex -37.85 45.5172 2.11349
      vertex -37.85 45.5831 2.17936
      vertex -37.8901 45.5501 2.15038
    endloop
  endfacet
  facet normal 0.263139 -0.491272 0.830307
    outer loop
      vertex -37.9859 45.4422 2.08796
      vertex -37.9809 45.396 2.05904
      vertex -37.9402 45.4178 2.05904
    endloop
  endfacet
  facet normal 0.261841 -0.491562 0.830546
    outer loop
      vertex -37.9809 45.396 2.05904
      vertex -37.9859 45.4422 2.08796
      vertex -38.0002 45.4248 2.08217
    endloop
  endfacet
  facet normal 0.172971 -0.0923433 0.980588
    outer loop
      vertex -37.8953 45.2188 2.00241
      vertex -37.9707 45.2806 2.02153
      vertex -37.9841 45.2555 2.02153
    endloop
  endfacet
  facet normal 0.187492 -0.0572128 0.980598
    outer loop
      vertex -37.8953 45.2188 2.00241
      vertex -37.9841 45.2555 2.02153
      vertex -37.9924 45.2283 2.02153
    endloop
  endfacet
  facet normal -0.112085 -0.367315 0.923318
    outer loop
      vertex 37.9055 45.3341 2.02153
      vertex 37.9402 45.4178 2.05904
      vertex 37.8783 45.3424 2.02153
    endloop
  endfacet
  facet normal -0.243187 -0.297137 0.923347
    outer loop
      vertex 38.0167 45.3667 2.05904
      vertex 37.9809 45.396 2.05904
      vertex 37.9526 45.3026 2.02153
    endloop
  endfacet
  facet normal 0.353893 -0.42993 0.830614
    outer loop
      vertex -38.02 45.4006 2.07808
      vertex -37.9809 45.396 2.05904
      vertex -38.0002 45.4248 2.08217
    endloop
  endfacet
  facet normal 0.353342 -0.431728 0.829916
    outer loop
      vertex -37.9809 45.396 2.05904
      vertex -38.02 45.4006 2.07808
      vertex -38.0167 45.3667 2.05904
    endloop
  endfacet
  facet normal 0.354013 -0.431553 0.829721
    outer loop
      vertex -38.0167 45.3667 2.05904
      vertex -38.02 45.4006 2.07808
      vertex -38.0338 45.3838 2.07523
    endloop
  endfacet
  facet normal 0.112085 -0.367315 0.923318
    outer loop
      vertex -37.9055 45.3341 2.02153
      vertex -37.8783 45.3424 2.02153
      vertex -37.9402 45.4178 2.05904
    endloop
  endfacet
  facet normal 0.0942793 -0.172162 0.980547
    outer loop
      vertex -37.8772 45.2407 2.00241
      vertex -37.8688 45.2453 2.00241
      vertex -37.9055 45.3341 2.02153
    endloop
  endfacet
  facet normal -0.382508 -0.0374192 0.923194
    outer loop
      vertex 38.0857 45.2 2.05904
      vertex 38.0812 45.246 2.05904
      vertex 37.9924 45.2283 2.02153
    endloop
  endfacet
  facet normal -0.382274 -0.0364714 0.923329
    outer loop
      vertex 37.9951 45.2 2.02153
      vertex 38.0857 45.2 2.05904
      vertex 37.9924 45.2283 2.02153
    endloop
  endfacet
  facet normal -0.296781 -0.24417 0.923202
    outer loop
      vertex 37.9707 45.2806 2.02153
      vertex 38.046 45.3309 2.05904
      vertex 37.9526 45.3026 2.02153
    endloop
  endfacet
  facet normal -0.297137 -0.243187 0.923347
    outer loop
      vertex 38.046 45.3309 2.05904
      vertex 38.0167 45.3667 2.05904
      vertex 37.9526 45.3026 2.02153
    endloop
  endfacet
  facet normal 0.554526 -0.0541322 0.830404
    outer loop
      vertex -38.1289 45.2077 2.08839
      vertex -38.0857 45.2 2.05904
      vertex -38.1186 45.227 2.08277
    endloop
  endfacet
  facet normal 0.554778 -0.0524844 0.830342
    outer loop
      vertex -38.0857 45.2 2.05904
      vertex -38.1289 45.2077 2.08839
      vertex -38.1312 45.2 2.08944
    endloop
  endfacet
  facet normal -0.124468 -0.151287 0.980622
    outer loop
      vertex 37.9526 45.3026 2.02153
      vertex 37.9306 45.3207 2.02153
      vertex 37.8772 45.2407 2.00241
    endloop
  endfacet
  facet normal -0.181356 -0.338586 0.923293
    outer loop
      vertex 37.9809 45.396 2.05904
      vertex 37.9402 45.4178 2.05904
      vertex 37.9055 45.3341 2.02153
    endloop
  endfacet
  facet normal 0.24417 -0.296781 0.923202
    outer loop
      vertex -37.9526 45.3026 2.02153
      vertex -37.9306 45.3207 2.02153
      vertex -37.9809 45.396 2.05904
    endloop
  endfacet
  facet normal 0.181423 -0.338711 0.923234
    outer loop
      vertex -37.9306 45.3207 2.02153
      vertex -37.9402 45.4178 2.05904
      vertex -37.9809 45.396 2.05904
    endloop
  endfacet
  facet normal 0.262503 -0.492112 0.830011
    outer loop
      vertex -37.9402 45.4178 2.05904
      vertex -37.9622 45.471 2.09754
      vertex -37.9859 45.4422 2.08796
    endloop
  endfacet
  facet normal -0.980827 0 0.19488
    outer loop
      vertex 38.3285 -22.9 2.35486
      vertex 38.3476 -4.2 2.45099
      vertex 38.3285 -4.2 2.35486
    endloop
  endfacet
  facet normal -0.980827 0 0.19488
    outer loop
      vertex 38.3476 -4.2 2.45099
      vertex 38.3285 -22.9 2.35486
      vertex 38.3476 -22.9 2.45099
    endloop
  endfacet
  facet normal -0.980827 0 0.19488
    outer loop
      vertex 38.3285 -35.2 2.35486
      vertex 38.3476 -25.9 2.45099
      vertex 38.3285 -25.9 2.35486
    endloop
  endfacet
  facet normal -0.980827 0 0.19488
    outer loop
      vertex 38.3476 -25.9 2.45099
      vertex 38.3285 -35.2 2.35486
      vertex 38.3476 -35.2 2.45099
    endloop
  endfacet
  facet normal -0.980827 0 0.19488
    outer loop
      vertex 38.3285 8.37113 2.35486
      vertex 38.3476 37.0597 2.45099
      vertex 38.3285 37.0539 2.35486
    endloop
  endfacet
  facet normal -0.980827 0 0.19488
    outer loop
      vertex 38.3476 37.0597 2.45099
      vertex 38.3285 8.37113 2.35486
      vertex 38.3476 8.36533 2.45099
    endloop
  endfacet
  facet normal 0 0 1
    outer loop
      vertex 37.85 45.249 2.00241
      vertex 37.899 45.2 2.00241
      vertex 37.8981 45.2096 2.00241
    endloop
  endfacet
  facet normal 0 0 1
    outer loop
      vertex 37.85 45.249 2.00241
      vertex 37.8981 45.2096 2.00241
      vertex 37.8953 45.2188 2.00241
    endloop
  endfacet
  facet normal 0 0 1
    outer loop
      vertex 37.85 45.249 2.00241
      vertex 37.8953 45.2188 2.00241
      vertex 37.8907 45.2272 2.00241
    endloop
  endfacet
  facet normal 0 0 1
    outer loop
      vertex 37.85 45.249 2.00241
      vertex 37.8907 45.2272 2.00241
      vertex 37.8847 45.2347 2.00241
    endloop
  endfacet
  facet normal 0 0 1
    outer loop
      vertex 37.85 45.249 2.00241
      vertex 37.8847 45.2347 2.00241
      vertex 37.8772 45.2407 2.00241
    endloop
  endfacet
  facet normal 0 0 1
    outer loop
      vertex 37.85 45.249 2.00241
      vertex 37.8772 45.2407 2.00241
      vertex 37.8688 45.2453 2.00241
    endloop
  endfacet
  facet normal 0 0 1
    outer loop
      vertex 37.85 45.249 2.00241
      vertex 37.8688 45.2453 2.00241
      vertex 37.8596 45.2481 2.00241
    endloop
  endfacet
  facet normal 0 0 1
    outer loop
      vertex 37.899 45.2 2.00241
      vertex 37.85 45.249 2.00241
      vertex 35.655 44.825 2.00241
    endloop
  endfacet
  facet normal 0 0 1
    outer loop
      vertex 37.899 45.2 2.00241
      vertex 35.655 39.575 2.00241
      vertex 37.899 38.8572 2.00241
    endloop
  endfacet
  facet normal 0 -0 1
    outer loop
      vertex 37.205 38.575 2.00241
      vertex 37.899 38.8572 2.00241
      vertex 35.655 39.575 2.00241
    endloop
  endfacet
  facet normal 0 0 1
    outer loop
      vertex 37.899 38.8572 2.00241
      vertex 37.205 38.575 2.00241
      vertex 37.7606 38.7435 2.00241
    endloop
  endfacet
  facet normal 0 0 1
    outer loop
      vertex 37.7606 38.7435 2.00241
      vertex 37.205 38.575 2.00241
      vertex 37.5877 38.6511 2.00241
    endloop
  endfacet
  facet normal 0 0 1
    outer loop
      vertex 37.5877 38.6511 2.00241
      vertex 37.205 38.575 2.00241
      vertex 37.4001 38.5942 2.00241
    endloop
  endfacet
  facet normal 0 0 1
    outer loop
      vertex 37.205 38.575 2.00241
      vertex 35.655 39.575 2.00241
      vertex 36.655 38.575 2.00241
    endloop
  endfacet
  facet normal 0 0 1
    outer loop
      vertex 36.655 38.575 2.00241
      vertex 35.655 39.575 2.00241
      vertex 36.4599 38.5942 2.00241
    endloop
  endfacet
  facet normal 0 0 1
    outer loop
      vertex 36.4599 38.5942 2.00241
      vertex 35.655 39.575 2.00241
      vertex 36.2723 38.6511 2.00241
    endloop
  endfacet
  facet normal 0 0 1
    outer loop
      vertex 36.2723 38.6511 2.00241
      vertex 35.655 39.575 2.00241
      vertex 36.0994 38.7435 2.00241
    endloop
  endfacet
  facet normal 0 0 1
    outer loop
      vertex 36.0994 38.7435 2.00241
      vertex 35.655 39.575 2.00241
      vertex 35.9479 38.8679 2.00241
    endloop
  endfacet
  facet normal 0 0 1
    outer loop
      vertex 35.655 44.825 2.00241
      vertex 37.85 45.249 2.00241
      vertex 35.7532 45.249 2.00241
    endloop
  endfacet
  facet normal 0 0 1
    outer loop
      vertex 35.6742 45.0201 2.00241
      vertex 35.7532 45.249 2.00241
      vertex 35.7311 45.2077 2.00241
    endloop
  endfacet
  facet normal 0 0 1
    outer loop
      vertex 37.899 45.2 2.00241
      vertex 35.655 44.825 2.00241
      vertex 35.655 39.575 2.00241
    endloop
  endfacet
  facet normal 0 0 1
    outer loop
      vertex 35.7532 45.249 2.00241
      vertex 35.6742 45.0201 2.00241
      vertex 35.655 44.825 2.00241
    endloop
  endfacet
  facet normal 0 0 1
    outer loop
      vertex 35.9479 38.8679 2.00241
      vertex 35.655 39.575 2.00241
      vertex 35.8235 39.0194 2.00241
    endloop
  endfacet
  facet normal 0 0 1
    outer loop
      vertex 35.8235 39.0194 2.00241
      vertex 35.655 39.575 2.00241
      vertex 35.7311 39.1923 2.00241
    endloop
  endfacet
  facet normal 0 0 1
    outer loop
      vertex 35.7311 39.1923 2.00241
      vertex 35.655 39.575 2.00241
      vertex 35.6742 39.3799 2.00241
    endloop
  endfacet
  facet normal 0 0 1
    outer loop
      vertex -35.7532 45.249 2.00241
      vertex -35.655 44.825 2.00241
      vertex -35.6742 45.0201 2.00241
    endloop
  endfacet
  facet normal 0 0 1
    outer loop
      vertex -35.655 44.825 2.00241
      vertex -37.899 45.2 2.00241
      vertex -35.655 39.575 2.00241
    endloop
  endfacet
  facet normal 0 0 1
    outer loop
      vertex -35.7532 45.249 2.00241
      vertex -35.6742 45.0201 2.00241
      vertex -35.7311 45.2077 2.00241
    endloop
  endfacet
  facet normal 0 0 1
    outer loop
      vertex -37.899 38.8572 2.00241
      vertex -35.655 39.575 2.00241
      vertex -37.899 45.2 2.00241
    endloop
  endfacet
  facet normal 0 0 1
    outer loop
      vertex -35.655 44.825 2.00241
      vertex -35.7532 45.249 2.00241
      vertex -37.85 45.249 2.00241
    endloop
  endfacet
  facet normal 0 -0 1
    outer loop
      vertex -37.205 38.575 2.00241
      vertex -35.655 39.575 2.00241
      vertex -37.899 38.8572 2.00241
    endloop
  endfacet
  facet normal 0 -0 1
    outer loop
      vertex -36.655 38.575 2.00241
      vertex -35.655 39.575 2.00241
      vertex -37.205 38.575 2.00241
    endloop
  endfacet
  facet normal 0 0 1
    outer loop
      vertex -35.655 39.575 2.00241
      vertex -36.655 38.575 2.00241
      vertex -35.6742 39.3799 2.00241
    endloop
  endfacet
  facet normal 0 0 1
    outer loop
      vertex -35.6742 39.3799 2.00241
      vertex -36.655 38.575 2.00241
      vertex -35.7311 39.1923 2.00241
    endloop
  endfacet
  facet normal 0 0 1
    outer loop
      vertex -35.9479 38.8679 2.00241
      vertex -36.655 38.575 2.00241
      vertex -36.0994 38.7435 2.00241
    endloop
  endfacet
  facet normal 0 0 1
    outer loop
      vertex -36.0994 38.7435 2.00241
      vertex -36.655 38.575 2.00241
      vertex -36.2723 38.6511 2.00241
    endloop
  endfacet
  facet normal 0 0 1
    outer loop
      vertex -36.2723 38.6511 2.00241
      vertex -36.655 38.575 2.00241
      vertex -36.4599 38.5942 2.00241
    endloop
  endfacet
  facet normal 0 0 1
    outer loop
      vertex -35.7311 39.1923 2.00241
      vertex -36.655 38.575 2.00241
      vertex -35.8235 39.0194 2.00241
    endloop
  endfacet
  facet normal 0 0 1
    outer loop
      vertex -37.205 38.575 2.00241
      vertex -37.899 38.8572 2.00241
      vertex -37.4001 38.5942 2.00241
    endloop
  endfacet
  facet normal 0 0 1
    outer loop
      vertex -37.4001 38.5942 2.00241
      vertex -37.899 38.8572 2.00241
      vertex -37.5877 38.6511 2.00241
    endloop
  endfacet
  facet normal 0 0 1
    outer loop
      vertex -35.655 44.825 2.00241
      vertex -37.85 45.249 2.00241
      vertex -37.899 45.2 2.00241
    endloop
  endfacet
  facet normal 0 0 1
    outer loop
      vertex -37.899 45.2 2.00241
      vertex -37.85 45.249 2.00241
      vertex -37.8596 45.2481 2.00241
    endloop
  endfacet
  facet normal 0 0 1
    outer loop
      vertex -37.899 45.2 2.00241
      vertex -37.8596 45.2481 2.00241
      vertex -37.8688 45.2453 2.00241
    endloop
  endfacet
  facet normal 0 0 1
    outer loop
      vertex -37.899 45.2 2.00241
      vertex -37.8688 45.2453 2.00241
      vertex -37.8772 45.2407 2.00241
    endloop
  endfacet
  facet normal 0 0 1
    outer loop
      vertex -37.899 45.2 2.00241
      vertex -37.8772 45.2407 2.00241
      vertex -37.8847 45.2347 2.00241
    endloop
  endfacet
  facet normal 0 0 1
    outer loop
      vertex -37.899 45.2 2.00241
      vertex -37.8847 45.2347 2.00241
      vertex -37.8907 45.2272 2.00241
    endloop
  endfacet
  facet normal 0 0 1
    outer loop
      vertex -37.899 45.2 2.00241
      vertex -37.8907 45.2272 2.00241
      vertex -37.8953 45.2188 2.00241
    endloop
  endfacet
  facet normal 0 0 1
    outer loop
      vertex -37.899 45.2 2.00241
      vertex -37.8953 45.2188 2.00241
      vertex -37.8981 45.2096 2.00241
    endloop
  endfacet
  facet normal 0 0 1
    outer loop
      vertex -35.8235 39.0194 2.00241
      vertex -36.655 38.575 2.00241
      vertex -35.9479 38.8679 2.00241
    endloop
  endfacet
  facet normal 0 0 1
    outer loop
      vertex -37.5877 38.6511 2.00241
      vertex -37.899 38.8572 2.00241
      vertex -37.7606 38.7435 2.00241
    endloop
  endfacet
  facet normal -0 0 1
    outer loop
      vertex -34.5 -27.275 2.00241
      vertex -32.5805 -38.6442 2.00241
      vertex -28.05 -27.275 2.00241
    endloop
  endfacet
  facet normal 0 0 1
    outer loop
      vertex -37.15 -35.2 2.00241
      vertex -34.5 -27.275 2.00241
      vertex -34.8902 -27.2366 2.00241
    endloop
  endfacet
  facet normal 0 0 1
    outer loop
      vertex -37.15 -35.2 2.00241
      vertex -34.8902 -27.2366 2.00241
      vertex -35.2654 -27.1227 2.00241
    endloop
  endfacet
  facet normal 0 0 1
    outer loop
      vertex -37.15 -35.2 2.00241
      vertex -35.2654 -27.1227 2.00241
      vertex -35.6111 -26.9379 2.00241
    endloop
  endfacet
  facet normal 0 0 1
    outer loop
      vertex -37.899 -25.9 2.00241
      vertex -35.6111 -26.9379 2.00241
      vertex -35.9142 -26.6892 2.00241
    endloop
  endfacet
  facet normal 0 0 1
    outer loop
      vertex -37.899 -25.9 2.00241
      vertex -35.9142 -26.6892 2.00241
      vertex -36.1629 -26.3861 2.00241
    endloop
  endfacet
  facet normal 0 0 1
    outer loop
      vertex -37.899 -25.9 2.00241
      vertex -36.1629 -26.3861 2.00241
      vertex -36.3478 -26.0404 2.00241
    endloop
  endfacet
  facet normal -0 0 1
    outer loop
      vertex -37.899 -25.9 2.00241
      vertex -36.3478 -26.0404 2.00241
      vertex -36.3903 -25.9 2.00241
    endloop
  endfacet
  facet normal 0 0 1
    outer loop
      vertex -34.5 -27.275 2.00241
      vertex -37.15 -35.2 2.00241
      vertex -32.5805 -38.6442 2.00241
    endloop
  endfacet
  facet normal 0 0 1
    outer loop
      vertex -32.5805 -38.6442 2.00241
      vertex -37.15 -35.2 2.00241
      vertex -36.4442 -37.6089 2.00241
    endloop
  endfacet
  facet normal 0 0 1
    outer loop
      vertex -35.6111 -26.9379 2.00241
      vertex -37.899 -25.9 2.00241
      vertex -37.899 -35.2 2.00241
    endloop
  endfacet
  facet normal 0 0 1
    outer loop
      vertex -35.6111 -26.9379 2.00241
      vertex -37.899 -35.2 2.00241
      vertex -37.15 -35.2 2.00241
    endloop
  endfacet
  facet normal 0 0 1
    outer loop
      vertex -27.2846 -21.6773 2.00241
      vertex -17 -19.2 2.00241
      vertex -17 -4.2 2.00241
    endloop
  endfacet
  facet normal 0 0 1
    outer loop
      vertex -17 -19.2 2.00241
      vertex -26.0884 -23.1348 2.00241
      vertex -26.05 -23.525 2.00241
    endloop
  endfacet
  facet normal 0 0 1
    outer loop
      vertex -17 -19.2 2.00241
      vertex -26.2022 -22.7596 2.00241
      vertex -26.0884 -23.1348 2.00241
    endloop
  endfacet
  facet normal 0 0 1
    outer loop
      vertex -17 -19.2 2.00241
      vertex -26.3871 -22.4139 2.00241
      vertex -26.2022 -22.7596 2.00241
    endloop
  endfacet
  facet normal 0 0 1
    outer loop
      vertex -17 -19.2 2.00241
      vertex -26.6358 -22.1108 2.00241
      vertex -26.3871 -22.4139 2.00241
    endloop
  endfacet
  facet normal 0 0 1
    outer loop
      vertex -17 -19.2 2.00241
      vertex -26.9389 -21.8621 2.00241
      vertex -26.6358 -22.1108 2.00241
    endloop
  endfacet
  facet normal 0 0 1
    outer loop
      vertex -17 -19.2 2.00241
      vertex -27.2846 -21.6773 2.00241
      vertex -26.9389 -21.8621 2.00241
    endloop
  endfacet
  facet normal 0 0 1
    outer loop
      vertex -17 -4.2 2.00241
      vertex -27.6598 -21.5634 2.00241
      vertex -27.2846 -21.6773 2.00241
    endloop
  endfacet
  facet normal 0 0 1
    outer loop
      vertex -17 -4.2 2.00241
      vertex -28.05 -21.525 2.00241
      vertex -27.6598 -21.5634 2.00241
    endloop
  endfacet
  facet normal -0 0 1
    outer loop
      vertex -37.899 -4.2 2.00241
      vertex -28.05 -21.525 2.00241
      vertex -17 -4.2 2.00241
    endloop
  endfacet
  facet normal 0 0 1
    outer loop
      vertex -28.05 -21.525 2.00241
      vertex -37.899 -4.2 2.00241
      vertex -34.5 -21.525 2.00241
    endloop
  endfacet
  facet normal 0 0 1
    outer loop
      vertex -34.5 -21.525 2.00241
      vertex -37.899 -4.2 2.00241
      vertex -34.8902 -21.5634 2.00241
    endloop
  endfacet
  facet normal 0 0 1
    outer loop
      vertex -34.8902 -21.5634 2.00241
      vertex -37.899 -4.2 2.00241
      vertex -35.2654 -21.6773 2.00241
    endloop
  endfacet
  facet normal 0 0 1
    outer loop
      vertex -35.2654 -21.6773 2.00241
      vertex -37.899 -4.2 2.00241
      vertex -35.6111 -21.8621 2.00241
    endloop
  endfacet
  facet normal 0 0 1
    outer loop
      vertex -37.899 -22.9 2.00241
      vertex -35.6111 -21.8621 2.00241
      vertex -37.899 -4.2 2.00241
    endloop
  endfacet
  facet normal 0 0 1
    outer loop
      vertex -35.6111 -21.8621 2.00241
      vertex -37.899 -22.9 2.00241
      vertex -35.9142 -22.1108 2.00241
    endloop
  endfacet
  facet normal 0 0 1
    outer loop
      vertex -35.9142 -22.1108 2.00241
      vertex -37.899 -22.9 2.00241
      vertex -36.1629 -22.4139 2.00241
    endloop
  endfacet
  facet normal 0 0 1
    outer loop
      vertex -36.1629 -22.4139 2.00241
      vertex -37.899 -22.9 2.00241
      vertex -36.3478 -22.7596 2.00241
    endloop
  endfacet
  facet normal 0 0 1
    outer loop
      vertex -36.3478 -22.7596 2.00241
      vertex -37.899 -22.9 2.00241
      vertex -36.3903 -22.9 2.00241
    endloop
  endfacet
  facet normal -0 0 1
    outer loop
      vertex 35.6111 -21.8621 2.00241
      vertex 37.899 -22.9 2.00241
      vertex 37.899 -4.2 2.00241
    endloop
  endfacet
  facet normal 0 0 1
    outer loop
      vertex 37.899 -22.9 2.00241
      vertex 36.3478 -22.7596 2.00241
      vertex 36.3903 -22.9 2.00241
    endloop
  endfacet
  facet normal 0 0 1
    outer loop
      vertex 37.899 -22.9 2.00241
      vertex 36.1629 -22.4139 2.00241
      vertex 36.3478 -22.7596 2.00241
    endloop
  endfacet
  facet normal 0 0 1
    outer loop
      vertex 37.899 -22.9 2.00241
      vertex 35.9142 -22.1108 2.00241
      vertex 36.1629 -22.4139 2.00241
    endloop
  endfacet
  facet normal 0 0 1
    outer loop
      vertex 37.899 -22.9 2.00241
      vertex 35.6111 -21.8621 2.00241
      vertex 35.9142 -22.1108 2.00241
    endloop
  endfacet
  facet normal 0 0 1
    outer loop
      vertex 37.899 -4.2 2.00241
      vertex 35.2654 -21.6773 2.00241
      vertex 35.6111 -21.8621 2.00241
    endloop
  endfacet
  facet normal 0 0 1
    outer loop
      vertex 37.899 -4.2 2.00241
      vertex 34.8902 -21.5634 2.00241
      vertex 35.2654 -21.6773 2.00241
    endloop
  endfacet
  facet normal 0 0 1
    outer loop
      vertex 37.899 -4.2 2.00241
      vertex 34.5 -21.525 2.00241
      vertex 34.8902 -21.5634 2.00241
    endloop
  endfacet
  facet normal 0 0 1
    outer loop
      vertex 37.899 -4.2 2.00241
      vertex 28.05 -21.525 2.00241
      vertex 34.5 -21.525 2.00241
    endloop
  endfacet
  facet normal -0 0 1
    outer loop
      vertex 17 -4.2 2.00241
      vertex 28.05 -21.525 2.00241
      vertex 37.899 -4.2 2.00241
    endloop
  endfacet
  facet normal 0 0 1
    outer loop
      vertex 28.05 -21.525 2.00241
      vertex 17 -4.2 2.00241
      vertex 27.6598 -21.5634 2.00241
    endloop
  endfacet
  facet normal 0 0 1
    outer loop
      vertex 27.6598 -21.5634 2.00241
      vertex 17 -4.2 2.00241
      vertex 27.2846 -21.6773 2.00241
    endloop
  endfacet
  facet normal -0 0 1
    outer loop
      vertex 17 -19.2 2.00241
      vertex 27.2846 -21.6773 2.00241
      vertex 17 -4.2 2.00241
    endloop
  endfacet
  facet normal 0 0 1
    outer loop
      vertex 27.2846 -21.6773 2.00241
      vertex 17 -19.2 2.00241
      vertex 26.9389 -21.8621 2.00241
    endloop
  endfacet
  facet normal -0 0 1
    outer loop
      vertex 16.8477 -19.9654 2.00241
      vertex 26.2022 -22.7596 2.00241
      vertex 16.9616 -19.5902 2.00241
    endloop
  endfacet
  facet normal 0 0 1
    outer loop
      vertex 26.3871 -22.4139 2.00241
      vertex 16.9616 -19.5902 2.00241
      vertex 26.2022 -22.7596 2.00241
    endloop
  endfacet
  facet normal -0 0 1
    outer loop
      vertex 16.9616 -19.5902 2.00241
      vertex 26.3871 -22.4139 2.00241
      vertex 17 -19.2 2.00241
    endloop
  endfacet
  facet normal 0 0 1
    outer loop
      vertex 26.6358 -22.1108 2.00241
      vertex 17 -19.2 2.00241
      vertex 26.3871 -22.4139 2.00241
    endloop
  endfacet
  facet normal 0 0 1
    outer loop
      vertex 26.9389 -21.8621 2.00241
      vertex 17 -19.2 2.00241
      vertex 26.6358 -22.1108 2.00241
    endloop
  endfacet
  facet normal -0 0 1
    outer loop
      vertex 35.6111 -26.9379 2.00241
      vertex 37.899 -35.2 2.00241
      vertex 37.899 -25.9 2.00241
    endloop
  endfacet
  facet normal 0 0 1
    outer loop
      vertex 37.15 -35.2 2.00241
      vertex 36.4442 -37.6089 2.00241
      vertex 37.15 -40.2431 2.00241
    endloop
  endfacet
  facet normal 0 0 1
    outer loop
      vertex 37.899 -35.2 2.00241
      vertex 35.6111 -26.9379 2.00241
      vertex 37.15 -35.2 2.00241
    endloop
  endfacet
  facet normal 0 0 1
    outer loop
      vertex 36.3478 -26.0404 2.00241
      vertex 37.899 -25.9 2.00241
      vertex 36.3903 -25.9 2.00241
    endloop
  endfacet
  facet normal 0 0 1
    outer loop
      vertex 36.1629 -26.3861 2.00241
      vertex 37.899 -25.9 2.00241
      vertex 36.3478 -26.0404 2.00241
    endloop
  endfacet
  facet normal 0 0 1
    outer loop
      vertex 35.9142 -26.6892 2.00241
      vertex 37.899 -25.9 2.00241
      vertex 36.1629 -26.3861 2.00241
    endloop
  endfacet
  facet normal 0 0 1
    outer loop
      vertex 35.6111 -26.9379 2.00241
      vertex 37.899 -25.9 2.00241
      vertex 35.9142 -26.6892 2.00241
    endloop
  endfacet
  facet normal -0 0 1
    outer loop
      vertex 35.2654 -27.1227 2.00241
      vertex 37.15 -35.2 2.00241
      vertex 35.6111 -26.9379 2.00241
    endloop
  endfacet
  facet normal -0 0 1
    outer loop
      vertex 34.8902 -27.2366 2.00241
      vertex 37.15 -35.2 2.00241
      vertex 35.2654 -27.1227 2.00241
    endloop
  endfacet
  facet normal -0 0 1
    outer loop
      vertex 34.5 -27.275 2.00241
      vertex 37.15 -35.2 2.00241
      vertex 34.8902 -27.2366 2.00241
    endloop
  endfacet
  facet normal 0 0 1
    outer loop
      vertex 32.5805 -38.6442 2.00241
      vertex 37.15 -35.2 2.00241
      vertex 34.5 -27.275 2.00241
    endloop
  endfacet
  facet normal 0 0 1
    outer loop
      vertex 37.15 -35.2 2.00241
      vertex 32.5805 -38.6442 2.00241
      vertex 36.4442 -37.6089 2.00241
    endloop
  endfacet
  facet normal 0 -0 1
    outer loop
      vertex 32.5805 -38.6442 2.00241
      vertex 34.5 -27.275 2.00241
      vertex 28.05 -27.275 2.00241
    endloop
  endfacet
  facet normal 0 0 1
    outer loop
      vertex 27.6598 -27.2366 2.00241
      vertex 32.5805 -38.6442 2.00241
      vertex 28.05 -27.275 2.00241
    endloop
  endfacet
  facet normal 0 0 1
    outer loop
      vertex 27.2846 -27.1227 2.00241
      vertex 32.5805 -38.6442 2.00241
      vertex 27.6598 -27.2366 2.00241
    endloop
  endfacet
  facet normal 0 0 1
    outer loop
      vertex 26.9389 -26.9379 2.00241
      vertex 32.5805 -38.6442 2.00241
      vertex 27.2846 -27.1227 2.00241
    endloop
  endfacet
  facet normal 0 0 1
    outer loop
      vertex 26.6358 -26.6892 2.00241
      vertex 32.5805 -38.6442 2.00241
      vertex 26.9389 -26.9379 2.00241
    endloop
  endfacet
  facet normal 0 0 1
    outer loop
      vertex 15 -21.2 2.00241
      vertex 32.5805 -38.6442 2.00241
      vertex 26.6358 -26.6892 2.00241
    endloop
  endfacet
  facet normal 0 0 1
    outer loop
      vertex 15 -21.2 2.00241
      vertex 26.6358 -26.6892 2.00241
      vertex 26.3871 -26.3861 2.00241
    endloop
  endfacet
  facet normal 0 0 1
    outer loop
      vertex 15.3902 -21.1616 2.00241
      vertex 26.3871 -26.3861 2.00241
      vertex 26.2022 -26.0404 2.00241
    endloop
  endfacet
  facet normal 0 0 1
    outer loop
      vertex 26.2022 -22.7596 2.00241
      vertex 16.8477 -19.9654 2.00241
      vertex 26.0884 -23.1348 2.00241
    endloop
  endfacet
  facet normal -0 0 1
    outer loop
      vertex 16.6629 -20.3111 2.00241
      vertex 26.0884 -23.1348 2.00241
      vertex 16.8477 -19.9654 2.00241
    endloop
  endfacet
  facet normal 0 0 1
    outer loop
      vertex 26.0884 -23.1348 2.00241
      vertex 16.6629 -20.3111 2.00241
      vertex 26.05 -23.525 2.00241
    endloop
  endfacet
  facet normal -0 0 1
    outer loop
      vertex 16.4142 -20.6142 2.00241
      vertex 26.05 -23.525 2.00241
      vertex 16.6629 -20.3111 2.00241
    endloop
  endfacet
  facet normal 0 0 1
    outer loop
      vertex 26.05 -23.525 2.00241
      vertex 16.4142 -20.6142 2.00241
      vertex 26.05 -25.275 2.00241
    endloop
  endfacet
  facet normal -0 0 1
    outer loop
      vertex 16.1111 -20.8629 2.00241
      vertex 26.05 -25.275 2.00241
      vertex 16.4142 -20.6142 2.00241
    endloop
  endfacet
  facet normal 0 0 1
    outer loop
      vertex 26.05 -25.275 2.00241
      vertex 16.1111 -20.8629 2.00241
      vertex 26.0884 -25.6652 2.00241
    endloop
  endfacet
  facet normal -0 0 1
    outer loop
      vertex 15.7654 -21.0477 2.00241
      vertex 26.0884 -25.6652 2.00241
      vertex 16.1111 -20.8629 2.00241
    endloop
  endfacet
  facet normal 0 0 1
    outer loop
      vertex 26.0884 -25.6652 2.00241
      vertex 15.7654 -21.0477 2.00241
      vertex 26.2022 -26.0404 2.00241
    endloop
  endfacet
  facet normal -0 0 1
    outer loop
      vertex 15.3902 -21.1616 2.00241
      vertex 26.2022 -26.0404 2.00241
      vertex 15.7654 -21.0477 2.00241
    endloop
  endfacet
  facet normal 0 0 1
    outer loop
      vertex 26.3871 -26.3861 2.00241
      vertex 15.3902 -21.1616 2.00241
      vertex 15 -21.2 2.00241
    endloop
  endfacet
  facet normal 0 0 1
    outer loop
      vertex 32.5805 -38.6442 2.00241
      vertex 15 -21.2 2.00241
      vertex 34.0691 -44.2 2.00241
    endloop
  endfacet
  facet normal -0 0 1
    outer loop
      vertex -15 -21.2 2.00241
      vertex 34.0691 -44.2 2.00241
      vertex 15 -21.2 2.00241
    endloop
  endfacet
  facet normal 0 0 1
    outer loop
      vertex -26.3871 -26.3861 2.00241
      vertex -15 -21.2 2.00241
      vertex -15.3902 -21.1616 2.00241
    endloop
  endfacet
  facet normal 0 0 1
    outer loop
      vertex -26.2022 -26.0404 2.00241
      vertex -15.3902 -21.1616 2.00241
      vertex -15.7654 -21.0477 2.00241
    endloop
  endfacet
  facet normal 0 0 1
    outer loop
      vertex -26.05 -23.525 2.00241
      vertex -16.9616 -19.5902 2.00241
      vertex -17 -19.2 2.00241
    endloop
  endfacet
  facet normal 0 0 1
    outer loop
      vertex -26.05 -23.525 2.00241
      vertex -16.8477 -19.9654 2.00241
      vertex -16.9616 -19.5902 2.00241
    endloop
  endfacet
  facet normal 0 0 1
    outer loop
      vertex -26.05 -23.525 2.00241
      vertex -16.6629 -20.3111 2.00241
      vertex -16.8477 -19.9654 2.00241
    endloop
  endfacet
  facet normal 0 0 1
    outer loop
      vertex -26.05 -23.525 2.00241
      vertex -16.4142 -20.6142 2.00241
      vertex -16.6629 -20.3111 2.00241
    endloop
  endfacet
  facet normal 0 0 1
    outer loop
      vertex -26.05 -25.275 2.00241
      vertex -16.4142 -20.6142 2.00241
      vertex -26.05 -23.525 2.00241
    endloop
  endfacet
  facet normal 0 0 1
    outer loop
      vertex -16.4142 -20.6142 2.00241
      vertex -26.05 -25.275 2.00241
      vertex -16.1111 -20.8629 2.00241
    endloop
  endfacet
  facet normal 0 0 1
    outer loop
      vertex -26.0884 -25.6652 2.00241
      vertex -16.1111 -20.8629 2.00241
      vertex -26.05 -25.275 2.00241
    endloop
  endfacet
  facet normal 0 0 1
    outer loop
      vertex -16.1111 -20.8629 2.00241
      vertex -26.0884 -25.6652 2.00241
      vertex -15.7654 -21.0477 2.00241
    endloop
  endfacet
  facet normal 0 0 1
    outer loop
      vertex -26.2022 -26.0404 2.00241
      vertex -15.7654 -21.0477 2.00241
      vertex -26.0884 -25.6652 2.00241
    endloop
  endfacet
  facet normal 0 0 1
    outer loop
      vertex -15.3902 -21.1616 2.00241
      vertex -26.2022 -26.0404 2.00241
      vertex -26.3871 -26.3861 2.00241
    endloop
  endfacet
  facet normal 0 0 1
    outer loop
      vertex -15 -21.2 2.00241
      vertex -26.3871 -26.3861 2.00241
      vertex -26.6358 -26.6892 2.00241
    endloop
  endfacet
  facet normal 0 0 1
    outer loop
      vertex -15 -21.2 2.00241
      vertex -26.6358 -26.6892 2.00241
      vertex -32.5805 -38.6442 2.00241
    endloop
  endfacet
  facet normal 0 0 1
    outer loop
      vertex -32.5805 -38.6442 2.00241
      vertex -26.6358 -26.6892 2.00241
      vertex -26.9389 -26.9379 2.00241
    endloop
  endfacet
  facet normal 0 0 1
    outer loop
      vertex -32.5805 -38.6442 2.00241
      vertex -26.9389 -26.9379 2.00241
      vertex -27.2846 -27.1227 2.00241
    endloop
  endfacet
  facet normal 0 0 1
    outer loop
      vertex -32.5805 -38.6442 2.00241
      vertex -27.2846 -27.1227 2.00241
      vertex -27.6598 -27.2366 2.00241
    endloop
  endfacet
  facet normal 0 0 1
    outer loop
      vertex -32.5805 -38.6442 2.00241
      vertex -27.6598 -27.2366 2.00241
      vertex -28.05 -27.275 2.00241
    endloop
  endfacet
  facet normal 0 0 1
    outer loop
      vertex -15 -21.2 2.00241
      vertex -32.5805 -38.6442 2.00241
      vertex -34.0691 -44.2 2.00241
    endloop
  endfacet
  facet normal 0 0 1
    outer loop
      vertex -15 -21.2 2.00241
      vertex -34.0691 -44.2 2.00241
      vertex 34.0691 -44.2 2.00241
    endloop
  endfacet
  facet normal 0 0 1
    outer loop
      vertex -36.4442 -37.6089 2.00241
      vertex -37.15 -35.2 2.00241
      vertex -37.15 -40.2431 2.00241
    endloop
  endfacet
  facet normal 0 0 1
    outer loop
      vertex 13.8 -4.40001 2.00241
      vertex 14.8 -5.40001 2.00241
      vertex 14.7808 -5.20491 2.00241
    endloop
  endfacet
  facet normal 0 0 1
    outer loop
      vertex 14.8 -5.40001 2.00241
      vertex 13.8 -4.40001 2.00241
      vertex 14.8 -18 2.00241
    endloop
  endfacet
  facet normal 0 0 1
    outer loop
      vertex 13.8 -4.40001 2.00241
      vertex 14.7808 -5.20491 2.00241
      vertex 14.7239 -5.01732 2.00241
    endloop
  endfacet
  facet normal 0 0 1
    outer loop
      vertex 13.8 -19 2.00241
      vertex 14.8 -18 2.00241
      vertex 13.8 -4.40001 2.00241
    endloop
  endfacet
  facet normal 0 0 1
    outer loop
      vertex 13.8 -4.40001 2.00241
      vertex 14.7239 -5.01732 2.00241
      vertex 14.6315 -4.84444 2.00241
    endloop
  endfacet
  facet normal 0 0 1
    outer loop
      vertex 14.8 -18 2.00241
      vertex 13.8 -19 2.00241
      vertex 14.7808 -18.1951 2.00241
    endloop
  endfacet
  facet normal 0 0 1
    outer loop
      vertex 13.8 -4.40001 2.00241
      vertex 14.6315 -4.84444 2.00241
      vertex 14.5071 -4.6929 2.00241
    endloop
  endfacet
  facet normal 0 0 1
    outer loop
      vertex 14.7808 -18.1951 2.00241
      vertex 13.8 -19 2.00241
      vertex 14.7239 -18.3827 2.00241
    endloop
  endfacet
  facet normal 0 0 1
    outer loop
      vertex 13.8 -4.40001 2.00241
      vertex 14.5071 -4.6929 2.00241
      vertex 14.3556 -4.56855 2.00241
    endloop
  endfacet
  facet normal 0 0 1
    outer loop
      vertex 14.7239 -18.3827 2.00241
      vertex 13.8 -19 2.00241
      vertex 14.6315 -18.5556 2.00241
    endloop
  endfacet
  facet normal 0 0 1
    outer loop
      vertex 13.8 -4.40001 2.00241
      vertex 14.3556 -4.56855 2.00241
      vertex 14.1827 -4.47612 2.00241
    endloop
  endfacet
  facet normal 0 0 1
    outer loop
      vertex 14.6315 -18.5556 2.00241
      vertex 13.8 -19 2.00241
      vertex 14.5071 -18.7071 2.00241
    endloop
  endfacet
  facet normal 0 0 1
    outer loop
      vertex 13.8 -4.40001 2.00241
      vertex 14.1827 -4.47612 2.00241
      vertex 13.9951 -4.41922 2.00241
    endloop
  endfacet
  facet normal 0 0 1
    outer loop
      vertex 14.5071 -18.7071 2.00241
      vertex 13.8 -19 2.00241
      vertex 14.3556 -18.8315 2.00241
    endloop
  endfacet
  facet normal 0 0 1
    outer loop
      vertex 14.3556 -18.8315 2.00241
      vertex 13.8 -19 2.00241
      vertex 14.1827 -18.9239 2.00241
    endloop
  endfacet
  facet normal 0 0 1
    outer loop
      vertex 14.1827 -18.9239 2.00241
      vertex 13.8 -19 2.00241
      vertex 13.9951 -18.9808 2.00241
    endloop
  endfacet
  facet normal -0 0 1
    outer loop
      vertex -13.8 -4.40001 2.00241
      vertex 13.8 -19 2.00241
      vertex 13.8 -4.40001 2.00241
    endloop
  endfacet
  facet normal 0 0 1
    outer loop
      vertex -13.8 -4.40001 2.00241
      vertex -13.8 -19 2.00241
      vertex 13.8 -19 2.00241
    endloop
  endfacet
  facet normal 0 0 1
    outer loop
      vertex -14.8 -5.40001 2.00241
      vertex -13.8 -4.40001 2.00241
      vertex -13.9951 -4.41922 2.00241
    endloop
  endfacet
  facet normal 0 0 1
    outer loop
      vertex -13.8 -4.40001 2.00241
      vertex -14.8 -5.40001 2.00241
      vertex -13.8 -19 2.00241
    endloop
  endfacet
  facet normal 0 0 1
    outer loop
      vertex -14.8 -5.40001 2.00241
      vertex -13.9951 -4.41922 2.00241
      vertex -14.1827 -4.47612 2.00241
    endloop
  endfacet
  facet normal -0 0 1
    outer loop
      vertex -14.8 -18 2.00241
      vertex -13.8 -19 2.00241
      vertex -14.8 -5.40001 2.00241
    endloop
  endfacet
  facet normal 0 0 1
    outer loop
      vertex -14.8 -5.40001 2.00241
      vertex -14.1827 -4.47612 2.00241
      vertex -14.3556 -4.56855 2.00241
    endloop
  endfacet
  facet normal 0 0 1
    outer loop
      vertex -13.8 -19 2.00241
      vertex -14.8 -18 2.00241
      vertex -13.9951 -18.9808 2.00241
    endloop
  endfacet
  facet normal 0 0 1
    outer loop
      vertex -14.8 -5.40001 2.00241
      vertex -14.3556 -4.56855 2.00241
      vertex -14.5071 -4.6929 2.00241
    endloop
  endfacet
  facet normal 0 0 1
    outer loop
      vertex -13.9951 -18.9808 2.00241
      vertex -14.8 -18 2.00241
      vertex -14.1827 -18.9239 2.00241
    endloop
  endfacet
  facet normal 0 0 1
    outer loop
      vertex -14.8 -5.40001 2.00241
      vertex -14.5071 -4.6929 2.00241
      vertex -14.6315 -4.84444 2.00241
    endloop
  endfacet
  facet normal 0 0 1
    outer loop
      vertex -14.1827 -18.9239 2.00241
      vertex -14.8 -18 2.00241
      vertex -14.3556 -18.8315 2.00241
    endloop
  endfacet
  facet normal 0 0 1
    outer loop
      vertex -14.8 -5.40001 2.00241
      vertex -14.6315 -4.84444 2.00241
      vertex -14.7239 -5.01732 2.00241
    endloop
  endfacet
  facet normal 0 0 1
    outer loop
      vertex -14.3556 -18.8315 2.00241
      vertex -14.8 -18 2.00241
      vertex -14.5071 -18.7071 2.00241
    endloop
  endfacet
  facet normal 0 0 1
    outer loop
      vertex -14.8 -5.40001 2.00241
      vertex -14.7239 -5.01732 2.00241
      vertex -14.7808 -5.20491 2.00241
    endloop
  endfacet
  facet normal 0 0 1
    outer loop
      vertex -14.5071 -18.7071 2.00241
      vertex -14.8 -18 2.00241
      vertex -14.6315 -18.5556 2.00241
    endloop
  endfacet
  facet normal 0 0 1
    outer loop
      vertex -14.6315 -18.5556 2.00241
      vertex -14.8 -18 2.00241
      vertex -14.7239 -18.3827 2.00241
    endloop
  endfacet
  facet normal 0 0 1
    outer loop
      vertex -14.7239 -18.3827 2.00241
      vertex -14.8 -18 2.00241
      vertex -14.7808 -18.1951 2.00241
    endloop
  endfacet
  facet normal 0 0 1
    outer loop
      vertex -28.65 -23.125 2.00241
      vertex -27.65 -24.125 2.00241
      vertex -27.6692 -23.9299 2.00241
    endloop
  endfacet
  facet normal 0 0 1
    outer loop
      vertex -27.65 -24.125 2.00241
      vertex -28.65 -23.125 2.00241
      vertex -27.65 -24.675 2.00241
    endloop
  endfacet
  facet normal 0 0 1
    outer loop
      vertex -28.65 -23.125 2.00241
      vertex -27.6692 -23.9299 2.00241
      vertex -27.7261 -23.7423 2.00241
    endloop
  endfacet
  facet normal 0 0 1
    outer loop
      vertex -28.65 -25.675 2.00241
      vertex -27.65 -24.675 2.00241
      vertex -28.65 -23.125 2.00241
    endloop
  endfacet
  facet normal 0 0 1
    outer loop
      vertex -28.65 -23.125 2.00241
      vertex -27.7261 -23.7423 2.00241
      vertex -27.8185 -23.5694 2.00241
    endloop
  endfacet
  facet normal 0 0 1
    outer loop
      vertex -27.65 -24.675 2.00241
      vertex -28.65 -25.675 2.00241
      vertex -27.6692 -24.8701 2.00241
    endloop
  endfacet
  facet normal 0 0 1
    outer loop
      vertex -28.65 -23.125 2.00241
      vertex -27.8185 -23.5694 2.00241
      vertex -27.9429 -23.4179 2.00241
    endloop
  endfacet
  facet normal 0 0 1
    outer loop
      vertex -27.6692 -24.8701 2.00241
      vertex -28.65 -25.675 2.00241
      vertex -27.7261 -25.0577 2.00241
    endloop
  endfacet
  facet normal 0 0 1
    outer loop
      vertex -28.65 -23.125 2.00241
      vertex -27.9429 -23.4179 2.00241
      vertex -28.0944 -23.2935 2.00241
    endloop
  endfacet
  facet normal 0 0 1
    outer loop
      vertex -27.7261 -25.0577 2.00241
      vertex -28.65 -25.675 2.00241
      vertex -27.8185 -25.2306 2.00241
    endloop
  endfacet
  facet normal 0 0 1
    outer loop
      vertex -28.65 -23.125 2.00241
      vertex -28.0944 -23.2935 2.00241
      vertex -28.2673 -23.2011 2.00241
    endloop
  endfacet
  facet normal 0 0 1
    outer loop
      vertex -27.8185 -25.2306 2.00241
      vertex -28.65 -25.675 2.00241
      vertex -27.9429 -25.3821 2.00241
    endloop
  endfacet
  facet normal 0 0 1
    outer loop
      vertex -28.65 -23.125 2.00241
      vertex -28.2673 -23.2011 2.00241
      vertex -28.4549 -23.1442 2.00241
    endloop
  endfacet
  facet normal 0 0 1
    outer loop
      vertex -27.9429 -25.3821 2.00241
      vertex -28.65 -25.675 2.00241
      vertex -28.0944 -25.5065 2.00241
    endloop
  endfacet
  facet normal 0 0 1
    outer loop
      vertex -28.0944 -25.5065 2.00241
      vertex -28.65 -25.675 2.00241
      vertex -28.2673 -25.5989 2.00241
    endloop
  endfacet
  facet normal 0 0 1
    outer loop
      vertex -28.2673 -25.5989 2.00241
      vertex -28.65 -25.675 2.00241
      vertex -28.4549 -25.6558 2.00241
    endloop
  endfacet
  facet normal -0 0 1
    outer loop
      vertex -33.9 -23.125 2.00241
      vertex -28.65 -25.675 2.00241
      vertex -28.65 -23.125 2.00241
    endloop
  endfacet
  facet normal 0 0 1
    outer loop
      vertex -33.9 -23.125 2.00241
      vertex -33.9 -25.675 2.00241
      vertex -28.65 -25.675 2.00241
    endloop
  endfacet
  facet normal 0 0 1
    outer loop
      vertex -34.9 -24.125 2.00241
      vertex -33.9 -23.125 2.00241
      vertex -34.0951 -23.1442 2.00241
    endloop
  endfacet
  facet normal 0 0 1
    outer loop
      vertex -33.9 -23.125 2.00241
      vertex -34.9 -24.125 2.00241
      vertex -33.9 -25.675 2.00241
    endloop
  endfacet
  facet normal 0 0 1
    outer loop
      vertex -34.9 -24.125 2.00241
      vertex -34.0951 -23.1442 2.00241
      vertex -34.2827 -23.2011 2.00241
    endloop
  endfacet
  facet normal -0 0 1
    outer loop
      vertex -34.9 -24.675 2.00241
      vertex -33.9 -25.675 2.00241
      vertex -34.9 -24.125 2.00241
    endloop
  endfacet
  facet normal 0 0 1
    outer loop
      vertex -34.9 -24.125 2.00241
      vertex -34.2827 -23.2011 2.00241
      vertex -34.4556 -23.2935 2.00241
    endloop
  endfacet
  facet normal 0 0 1
    outer loop
      vertex -33.9 -25.675 2.00241
      vertex -34.9 -24.675 2.00241
      vertex -34.0951 -25.6558 2.00241
    endloop
  endfacet
  facet normal 0 0 1
    outer loop
      vertex -34.9 -24.125 2.00241
      vertex -34.4556 -23.2935 2.00241
      vertex -34.6071 -23.4179 2.00241
    endloop
  endfacet
  facet normal 0 0 1
    outer loop
      vertex -34.0951 -25.6558 2.00241
      vertex -34.9 -24.675 2.00241
      vertex -34.2827 -25.5989 2.00241
    endloop
  endfacet
  facet normal 0 0 1
    outer loop
      vertex -34.9 -24.125 2.00241
      vertex -34.6071 -23.4179 2.00241
      vertex -34.7315 -23.5694 2.00241
    endloop
  endfacet
  facet normal 0 0 1
    outer loop
      vertex -34.2827 -25.5989 2.00241
      vertex -34.9 -24.675 2.00241
      vertex -34.4556 -25.5065 2.00241
    endloop
  endfacet
  facet normal 0 0 1
    outer loop
      vertex -34.9 -24.125 2.00241
      vertex -34.7315 -23.5694 2.00241
      vertex -34.8239 -23.7423 2.00241
    endloop
  endfacet
  facet normal 0 0 1
    outer loop
      vertex -34.4556 -25.5065 2.00241
      vertex -34.9 -24.675 2.00241
      vertex -34.6071 -25.3821 2.00241
    endloop
  endfacet
  facet normal 0 0 1
    outer loop
      vertex -34.9 -24.125 2.00241
      vertex -34.8239 -23.7423 2.00241
      vertex -34.8808 -23.9299 2.00241
    endloop
  endfacet
  facet normal 0 0 1
    outer loop
      vertex -34.6071 -25.3821 2.00241
      vertex -34.9 -24.675 2.00241
      vertex -34.7315 -25.2306 2.00241
    endloop
  endfacet
  facet normal 0 0 1
    outer loop
      vertex -34.7315 -25.2306 2.00241
      vertex -34.9 -24.675 2.00241
      vertex -34.8239 -25.0577 2.00241
    endloop
  endfacet
  facet normal 0 0 1
    outer loop
      vertex -34.8239 -25.0577 2.00241
      vertex -34.9 -24.675 2.00241
      vertex -34.8808 -24.8701 2.00241
    endloop
  endfacet
  facet normal 0 0 1
    outer loop
      vertex 33.9 -23.125 2.00241
      vertex 34.9 -24.125 2.00241
      vertex 34.8808 -23.9299 2.00241
    endloop
  endfacet
  facet normal 0 0 1
    outer loop
      vertex 34.9 -24.125 2.00241
      vertex 33.9 -23.125 2.00241
      vertex 34.9 -24.675 2.00241
    endloop
  endfacet
  facet normal 0 0 1
    outer loop
      vertex 33.9 -23.125 2.00241
      vertex 34.8808 -23.9299 2.00241
      vertex 34.8239 -23.7423 2.00241
    endloop
  endfacet
  facet normal 0 0 1
    outer loop
      vertex 33.9 -25.675 2.00241
      vertex 34.9 -24.675 2.00241
      vertex 33.9 -23.125 2.00241
    endloop
  endfacet
  facet normal 0 0 1
    outer loop
      vertex 33.9 -23.125 2.00241
      vertex 34.8239 -23.7423 2.00241
      vertex 34.7315 -23.5694 2.00241
    endloop
  endfacet
  facet normal 0 0 1
    outer loop
      vertex 34.9 -24.675 2.00241
      vertex 33.9 -25.675 2.00241
      vertex 34.8808 -24.8701 2.00241
    endloop
  endfacet
  facet normal 0 0 1
    outer loop
      vertex 33.9 -23.125 2.00241
      vertex 34.7315 -23.5694 2.00241
      vertex 34.6071 -23.4179 2.00241
    endloop
  endfacet
  facet normal 0 0 1
    outer loop
      vertex 34.8808 -24.8701 2.00241
      vertex 33.9 -25.675 2.00241
      vertex 34.8239 -25.0577 2.00241
    endloop
  endfacet
  facet normal 0 0 1
    outer loop
      vertex 33.9 -23.125 2.00241
      vertex 34.6071 -23.4179 2.00241
      vertex 34.4556 -23.2935 2.00241
    endloop
  endfacet
  facet normal 0 0 1
    outer loop
      vertex 34.8239 -25.0577 2.00241
      vertex 33.9 -25.675 2.00241
      vertex 34.7315 -25.2306 2.00241
    endloop
  endfacet
  facet normal 0 0 1
    outer loop
      vertex 33.9 -23.125 2.00241
      vertex 34.4556 -23.2935 2.00241
      vertex 34.2827 -23.2011 2.00241
    endloop
  endfacet
  facet normal 0 0 1
    outer loop
      vertex 34.7315 -25.2306 2.00241
      vertex 33.9 -25.675 2.00241
      vertex 34.6071 -25.3821 2.00241
    endloop
  endfacet
  facet normal 0 0 1
    outer loop
      vertex 33.9 -23.125 2.00241
      vertex 34.2827 -23.2011 2.00241
      vertex 34.0951 -23.1442 2.00241
    endloop
  endfacet
  facet normal 0 0 1
    outer loop
      vertex 34.6071 -25.3821 2.00241
      vertex 33.9 -25.675 2.00241
      vertex 34.4556 -25.5065 2.00241
    endloop
  endfacet
  facet normal 0 0 1
    outer loop
      vertex 34.4556 -25.5065 2.00241
      vertex 33.9 -25.675 2.00241
      vertex 34.2827 -25.5989 2.00241
    endloop
  endfacet
  facet normal 0 0 1
    outer loop
      vertex 34.2827 -25.5989 2.00241
      vertex 33.9 -25.675 2.00241
      vertex 34.0951 -25.6558 2.00241
    endloop
  endfacet
  facet normal -0 0 1
    outer loop
      vertex 28.65 -23.125 2.00241
      vertex 33.9 -25.675 2.00241
      vertex 33.9 -23.125 2.00241
    endloop
  endfacet
  facet normal 0 0 1
    outer loop
      vertex 28.65 -23.125 2.00241
      vertex 28.65 -25.675 2.00241
      vertex 33.9 -25.675 2.00241
    endloop
  endfacet
  facet normal 0 0 1
    outer loop
      vertex 27.65 -24.125 2.00241
      vertex 28.65 -23.125 2.00241
      vertex 28.4549 -23.1442 2.00241
    endloop
  endfacet
  facet normal 0 0 1
    outer loop
      vertex 28.65 -23.125 2.00241
      vertex 27.65 -24.125 2.00241
      vertex 28.65 -25.675 2.00241
    endloop
  endfacet
  facet normal 0 0 1
    outer loop
      vertex 27.65 -24.125 2.00241
      vertex 28.4549 -23.1442 2.00241
      vertex 28.2673 -23.2011 2.00241
    endloop
  endfacet
  facet normal -0 0 1
    outer loop
      vertex 27.65 -24.675 2.00241
      vertex 28.65 -25.675 2.00241
      vertex 27.65 -24.125 2.00241
    endloop
  endfacet
  facet normal 0 0 1
    outer loop
      vertex 27.65 -24.125 2.00241
      vertex 28.2673 -23.2011 2.00241
      vertex 28.0944 -23.2935 2.00241
    endloop
  endfacet
  facet normal 0 0 1
    outer loop
      vertex 28.65 -25.675 2.00241
      vertex 27.65 -24.675 2.00241
      vertex 28.4549 -25.6558 2.00241
    endloop
  endfacet
  facet normal 0 0 1
    outer loop
      vertex 27.65 -24.125 2.00241
      vertex 28.0944 -23.2935 2.00241
      vertex 27.9429 -23.4179 2.00241
    endloop
  endfacet
  facet normal 0 0 1
    outer loop
      vertex 28.4549 -25.6558 2.00241
      vertex 27.65 -24.675 2.00241
      vertex 28.2673 -25.5989 2.00241
    endloop
  endfacet
  facet normal 0 0 1
    outer loop
      vertex 27.65 -24.125 2.00241
      vertex 27.9429 -23.4179 2.00241
      vertex 27.8185 -23.5694 2.00241
    endloop
  endfacet
  facet normal 0 0 1
    outer loop
      vertex 28.2673 -25.5989 2.00241
      vertex 27.65 -24.675 2.00241
      vertex 28.0944 -25.5065 2.00241
    endloop
  endfacet
  facet normal 0 0 1
    outer loop
      vertex 27.65 -24.125 2.00241
      vertex 27.8185 -23.5694 2.00241
      vertex 27.7261 -23.7423 2.00241
    endloop
  endfacet
  facet normal 0 0 1
    outer loop
      vertex 28.0944 -25.5065 2.00241
      vertex 27.65 -24.675 2.00241
      vertex 27.9429 -25.3821 2.00241
    endloop
  endfacet
  facet normal 0 0 1
    outer loop
      vertex 27.65 -24.125 2.00241
      vertex 27.7261 -23.7423 2.00241
      vertex 27.6692 -23.9299 2.00241
    endloop
  endfacet
  facet normal 0 0 1
    outer loop
      vertex 27.9429 -25.3821 2.00241
      vertex 27.65 -24.675 2.00241
      vertex 27.8185 -25.2306 2.00241
    endloop
  endfacet
  facet normal 0 0 1
    outer loop
      vertex 27.8185 -25.2306 2.00241
      vertex 27.65 -24.675 2.00241
      vertex 27.7261 -25.0577 2.00241
    endloop
  endfacet
  facet normal 0 0 1
    outer loop
      vertex 27.7261 -25.0577 2.00241
      vertex 27.65 -24.675 2.00241
      vertex 27.6692 -24.8701 2.00241
    endloop
  endfacet
  facet normal 0 0 1
    outer loop
      vertex -36.655 6.85 2.00241
      vertex -35.655 5.85 2.00241
      vertex -35.6742 6.04508 2.00241
    endloop
  endfacet
  facet normal 0 0 1
    outer loop
      vertex -35.655 5.85 2.00241
      vertex -37.899 6.56784 2.00241
      vertex -35.655 0.6 2.00241
    endloop
  endfacet
  facet normal 0 0 1
    outer loop
      vertex -36.655 6.85 2.00241
      vertex -35.6742 6.04508 2.00241
      vertex -35.7311 6.23268 2.00241
    endloop
  endfacet
  facet normal 0 0 1
    outer loop
      vertex -37.899 -0.117838 2.00241
      vertex -35.655 0.6 2.00241
      vertex -37.899 6.56784 2.00241
    endloop
  endfacet
  facet normal 0 0 1
    outer loop
      vertex -36.655 6.85 2.00241
      vertex -35.7311 6.23268 2.00241
      vertex -35.8235 6.40556 2.00241
    endloop
  endfacet
  facet normal 0 -0 1
    outer loop
      vertex -37.205 -0.4 2.00241
      vertex -35.655 0.6 2.00241
      vertex -37.899 -0.117838 2.00241
    endloop
  endfacet
  facet normal 0 0 1
    outer loop
      vertex -36.655 6.85 2.00241
      vertex -35.8235 6.40556 2.00241
      vertex -35.9479 6.55709 2.00241
    endloop
  endfacet
  facet normal 0 -0 1
    outer loop
      vertex -36.655 -0.4 2.00241
      vertex -35.655 0.6 2.00241
      vertex -37.205 -0.4 2.00241
    endloop
  endfacet
  facet normal 0 0 1
    outer loop
      vertex -36.655 6.85 2.00241
      vertex -35.9479 6.55709 2.00241
      vertex -36.0994 6.68147 2.00241
    endloop
  endfacet
  facet normal 0 0 1
    outer loop
      vertex -35.655 0.6 2.00241
      vertex -36.655 -0.4 2.00241
      vertex -35.6742 0.404916 2.00241
    endloop
  endfacet
  facet normal 0 0 1
    outer loop
      vertex -36.655 6.85 2.00241
      vertex -36.0994 6.68147 2.00241
      vertex -36.2723 6.77387 2.00241
    endloop
  endfacet
  facet normal 0 0 1
    outer loop
      vertex -35.6742 0.404916 2.00241
      vertex -36.655 -0.4 2.00241
      vertex -35.7311 0.217325 2.00241
    endloop
  endfacet
  facet normal 0 0 1
    outer loop
      vertex -36.655 6.85 2.00241
      vertex -36.2723 6.77387 2.00241
      vertex -36.4599 6.83077 2.00241
    endloop
  endfacet
  facet normal 0 0 1
    outer loop
      vertex -35.8235 0.0444428 2.00241
      vertex -36.655 -0.4 2.00241
      vertex -35.9479 -0.107092 2.00241
    endloop
  endfacet
  facet normal 0 0 1
    outer loop
      vertex -35.655 5.85 2.00241
      vertex -36.655 6.85 2.00241
      vertex -37.205 6.85 2.00241
    endloop
  endfacet
  facet normal 0 0 1
    outer loop
      vertex -35.9479 -0.107092 2.00241
      vertex -36.655 -0.4 2.00241
      vertex -36.0994 -0.231467 2.00241
    endloop
  endfacet
  facet normal 0 0 1
    outer loop
      vertex -35.655 5.85 2.00241
      vertex -37.205 6.85 2.00241
      vertex -37.899 6.56784 2.00241
    endloop
  endfacet
  facet normal 0 0 1
    outer loop
      vertex -36.0994 -0.231467 2.00241
      vertex -36.655 -0.4 2.00241
      vertex -36.2723 -0.323874 2.00241
    endloop
  endfacet
  facet normal 0 0 1
    outer loop
      vertex -37.899 6.56784 2.00241
      vertex -37.205 6.85 2.00241
      vertex -37.4001 6.83077 2.00241
    endloop
  endfacet
  facet normal 0 0 1
    outer loop
      vertex -36.2723 -0.323874 2.00241
      vertex -36.655 -0.4 2.00241
      vertex -36.4599 -0.380774 2.00241
    endloop
  endfacet
  facet normal 0 0 1
    outer loop
      vertex -37.899 6.56784 2.00241
      vertex -37.4001 6.83077 2.00241
      vertex -37.5877 6.77387 2.00241
    endloop
  endfacet
  facet normal 0 0 1
    outer loop
      vertex -35.7311 0.217325 2.00241
      vertex -36.655 -0.4 2.00241
      vertex -35.8235 0.0444428 2.00241
    endloop
  endfacet
  facet normal 0 0 1
    outer loop
      vertex -37.899 6.56784 2.00241
      vertex -37.5877 6.77387 2.00241
      vertex -37.7606 6.68147 2.00241
    endloop
  endfacet
  facet normal 0 0 1
    outer loop
      vertex -37.205 -0.4 2.00241
      vertex -37.899 -0.117838 2.00241
      vertex -37.4001 -0.380774 2.00241
    endloop
  endfacet
  facet normal 0 0 1
    outer loop
      vertex -37.4001 -0.380774 2.00241
      vertex -37.899 -0.117838 2.00241
      vertex -37.5877 -0.323874 2.00241
    endloop
  endfacet
  facet normal 0 0 1
    outer loop
      vertex -37.5877 -0.323874 2.00241
      vertex -37.899 -0.117838 2.00241
      vertex -37.7606 -0.231467 2.00241
    endloop
  endfacet
  facet normal -0 0 1
    outer loop
      vertex -34.3921 37.8639 2.00241
      vertex 23.1452 31.6846 2.00241
      vertex -34.2073 38.2096 2.00241
    endloop
  endfacet
  facet normal 0 0 1
    outer loop
      vertex 23.1678 31.61 2.00241
      vertex -34.0934 6.84017 2.00241
      vertex -34.055 6.44999 2.00241
    endloop
  endfacet
  facet normal 0 0 1
    outer loop
      vertex 23.1452 31.6846 2.00241
      vertex -34.3921 37.8639 2.00241
      vertex 23.1678 31.61 2.00241
    endloop
  endfacet
  facet normal 0 0 1
    outer loop
      vertex 23.1678 31.61 2.00241
      vertex -34.2073 7.21536 2.00241
      vertex -34.0934 6.84017 2.00241
    endloop
  endfacet
  facet normal 0 0 1
    outer loop
      vertex -34.3921 7.56114 2.00241
      vertex 23.1678 31.61 2.00241
      vertex -34.3921 37.8639 2.00241
    endloop
  endfacet
  facet normal 0 0 1
    outer loop
      vertex 23.1678 31.61 2.00241
      vertex -34.3921 7.56114 2.00241
      vertex -34.2073 7.21536 2.00241
    endloop
  endfacet
  facet normal -0 0 1
    outer loop
      vertex -34.6408 37.5608 2.00241
      vertex -34.3921 7.56114 2.00241
      vertex -34.3921 37.8639 2.00241
    endloop
  endfacet
  facet normal 0 0 1
    outer loop
      vertex -34.6408 37.5608 2.00241
      vertex -34.6408 7.86421 2.00241
      vertex -34.3921 7.56114 2.00241
    endloop
  endfacet
  facet normal -0 0 1
    outer loop
      vertex -34.9439 37.3121 2.00241
      vertex -34.6408 7.86421 2.00241
      vertex -34.6408 37.5608 2.00241
    endloop
  endfacet
  facet normal 0 0 1
    outer loop
      vertex -34.9439 37.3121 2.00241
      vertex -34.9439 8.11292 2.00241
      vertex -34.6408 7.86421 2.00241
    endloop
  endfacet
  facet normal -0 0 1
    outer loop
      vertex -35.2896 37.1272 2.00241
      vertex -34.9439 8.11292 2.00241
      vertex -34.9439 37.3121 2.00241
    endloop
  endfacet
  facet normal 0 0 1
    outer loop
      vertex -35.2896 37.1272 2.00241
      vertex -35.2896 8.29775 2.00241
      vertex -34.9439 8.11292 2.00241
    endloop
  endfacet
  facet normal -0 0 1
    outer loop
      vertex -35.6648 37.0134 2.00241
      vertex -35.2896 8.29775 2.00241
      vertex -35.2896 37.1272 2.00241
    endloop
  endfacet
  facet normal 0 0 1
    outer loop
      vertex -35.6648 37.0134 2.00241
      vertex -35.6648 8.41157 2.00241
      vertex -35.2896 8.29775 2.00241
    endloop
  endfacet
  facet normal -0 0 1
    outer loop
      vertex -36.055 36.975 2.00241
      vertex -35.6648 8.41157 2.00241
      vertex -35.6648 37.0134 2.00241
    endloop
  endfacet
  facet normal 0 0 1
    outer loop
      vertex -36.055 36.975 2.00241
      vertex -36.055 8.44999 2.00241
      vertex -35.6648 8.41157 2.00241
    endloop
  endfacet
  facet normal -0 0 1
    outer loop
      vertex -37.805 36.975 2.00241
      vertex -36.055 8.44999 2.00241
      vertex -36.055 36.975 2.00241
    endloop
  endfacet
  facet normal 0 0 1
    outer loop
      vertex -37.805 36.975 2.00241
      vertex -37.805 8.44999 2.00241
      vertex -36.055 8.44999 2.00241
    endloop
  endfacet
  facet normal 0 0 1
    outer loop
      vertex -37.899 36.9843 2.00241
      vertex -37.805 8.44999 2.00241
      vertex -37.805 36.975 2.00241
    endloop
  endfacet
  facet normal 0 0 1
    outer loop
      vertex -37.805 8.44999 2.00241
      vertex -37.899 36.9843 2.00241
      vertex -37.899 8.44073 2.00241
    endloop
  endfacet
  facet normal 0 0 1
    outer loop
      vertex 29.2654 37.8048 2.00241
      vertex 34.055 38.975 2.00241
      vertex 34.055 45.249 2.00241
    endloop
  endfacet
  facet normal 0 0 1
    outer loop
      vertex 34.055 38.975 2.00241
      vertex 33.4548 32.7 2.00241
      vertex 34.055 6.44999 2.00241
    endloop
  endfacet
  facet normal -0 0 1
    outer loop
      vertex 33.3624 31.7622 2.00241
      vertex 34.055 6.44999 2.00241
      vertex 33.4548 32.7 2.00241
    endloop
  endfacet
  facet normal 0 0 1
    outer loop
      vertex 34.055 38.975 2.00241
      vertex 33.3624 33.6378 2.00241
      vertex 33.4548 32.7 2.00241
    endloop
  endfacet
  facet normal 0 0 1
    outer loop
      vertex 34.055 38.975 2.00241
      vertex 33.3548 33.7154 2.00241
      vertex 33.3624 33.6378 2.00241
    endloop
  endfacet
  facet normal 0 0 1
    outer loop
      vertex 34.055 38.975 2.00241
      vertex 33.0812 34.6172 2.00241
      vertex 33.3548 33.7154 2.00241
    endloop
  endfacet
  facet normal 0 0 1
    outer loop
      vertex 34.055 38.975 2.00241
      vertex 33.0586 34.6918 2.00241
      vertex 33.0812 34.6172 2.00241
    endloop
  endfacet
  facet normal 0 0 1
    outer loop
      vertex 34.055 38.975 2.00241
      vertex 33.0219 34.7605 2.00241
      vertex 33.0586 34.6918 2.00241
    endloop
  endfacet
  facet normal 0 0 1
    outer loop
      vertex 34.055 38.975 2.00241
      vertex 32.5776 35.5916 2.00241
      vertex 33.0219 34.7605 2.00241
    endloop
  endfacet
  facet normal 0 0 1
    outer loop
      vertex 34.055 38.975 2.00241
      vertex 31.9798 36.3201 2.00241
      vertex 32.5776 35.5916 2.00241
    endloop
  endfacet
  facet normal 0 0 1
    outer loop
      vertex 34.055 38.975 2.00241
      vertex 31.9304 36.3804 2.00241
      vertex 31.9798 36.3201 2.00241
    endloop
  endfacet
  facet normal 0 0 1
    outer loop
      vertex 34.055 38.975 2.00241
      vertex 31.8701 36.4298 2.00241
      vertex 31.9304 36.3804 2.00241
    endloop
  endfacet
  facet normal 0 0 1
    outer loop
      vertex 34.055 38.975 2.00241
      vertex 31.1416 37.0276 2.00241
      vertex 31.8701 36.4298 2.00241
    endloop
  endfacet
  facet normal 0 0 1
    outer loop
      vertex 34.055 38.975 2.00241
      vertex 31.0729 37.0644 2.00241
      vertex 31.1416 37.0276 2.00241
    endloop
  endfacet
  facet normal 0 0 1
    outer loop
      vertex 34.055 38.975 2.00241
      vertex 30.2418 37.5086 2.00241
      vertex 31.0729 37.0644 2.00241
    endloop
  endfacet
  facet normal 0 0 1
    outer loop
      vertex 34.055 38.975 2.00241
      vertex 29.2654 37.8048 2.00241
      vertex 30.2418 37.5086 2.00241
    endloop
  endfacet
  facet normal 0 0 1
    outer loop
      vertex 34.055 45.249 2.00241
      vertex 28.3276 37.8972 2.00241
      vertex 29.2654 37.8048 2.00241
    endloop
  endfacet
  facet normal 0 0 1
    outer loop
      vertex 34.055 45.249 2.00241
      vertex 28.25 37.9048 2.00241
      vertex 28.3276 37.8972 2.00241
    endloop
  endfacet
  facet normal 0 0 1
    outer loop
      vertex 34.055 45.249 2.00241
      vertex 28.1724 37.8972 2.00241
      vertex 28.25 37.9048 2.00241
    endloop
  endfacet
  facet normal 0 0 1
    outer loop
      vertex 34.055 45.249 2.00241
      vertex 27.2346 37.8048 2.00241
      vertex 28.1724 37.8972 2.00241
    endloop
  endfacet
  facet normal 0 0 1
    outer loop
      vertex 34.055 45.249 2.00241
      vertex 26.2582 37.5086 2.00241
      vertex 27.2346 37.8048 2.00241
    endloop
  endfacet
  facet normal 0 0 1
    outer loop
      vertex 34.055 45.249 2.00241
      vertex 25.4271 37.0644 2.00241
      vertex 26.2582 37.5086 2.00241
    endloop
  endfacet
  facet normal 0 0 1
    outer loop
      vertex 34.055 45.249 2.00241
      vertex 25.3584 37.0276 2.00241
      vertex 25.4271 37.0644 2.00241
    endloop
  endfacet
  facet normal -0 0 1
    outer loop
      vertex -34.055 45.249 2.00241
      vertex 25.3584 37.0276 2.00241
      vertex 34.055 45.249 2.00241
    endloop
  endfacet
  facet normal 0 0 1
    outer loop
      vertex 25.3584 37.0276 2.00241
      vertex -34.055 45.249 2.00241
      vertex 24.6299 36.4298 2.00241
    endloop
  endfacet
  facet normal 0 0 1
    outer loop
      vertex -34.055 45.249 2.00241
      vertex 24.5202 36.3201 2.00241
      vertex 24.5696 36.3804 2.00241
    endloop
  endfacet
  facet normal 0 0 1
    outer loop
      vertex -34.055 45.249 2.00241
      vertex 23.4781 34.7605 2.00241
      vertex 23.9224 35.5916 2.00241
    endloop
  endfacet
  facet normal 0 0 1
    outer loop
      vertex -34.055 45.249 2.00241
      vertex 23.4188 34.6172 2.00241
      vertex 23.4414 34.6918 2.00241
    endloop
  endfacet
  facet normal -0 0 1
    outer loop
      vertex -34.055 38.975 2.00241
      vertex 23.1452 33.7154 2.00241
      vertex -34.055 45.249 2.00241
    endloop
  endfacet
  facet normal 0 0 1
    outer loop
      vertex 23.4188 34.6172 2.00241
      vertex -34.055 45.249 2.00241
      vertex 23.1452 33.7154 2.00241
    endloop
  endfacet
  facet normal 0 0 1
    outer loop
      vertex 23.4781 34.7605 2.00241
      vertex -34.055 45.249 2.00241
      vertex 23.4414 34.6918 2.00241
    endloop
  endfacet
  facet normal 0 0 1
    outer loop
      vertex 24.5202 36.3201 2.00241
      vertex -34.055 45.249 2.00241
      vertex 23.9224 35.5916 2.00241
    endloop
  endfacet
  facet normal 0 0 1
    outer loop
      vertex 24.6299 36.4298 2.00241
      vertex -34.055 45.249 2.00241
      vertex 24.5696 36.3804 2.00241
    endloop
  endfacet
  facet normal -0 0 1
    outer loop
      vertex 37.805 36.975 2.00241
      vertex 37.899 8.44073 2.00241
      vertex 37.899 36.9843 2.00241
    endloop
  endfacet
  facet normal 0 0 1
    outer loop
      vertex 37.805 36.975 2.00241
      vertex 37.805 8.44999 2.00241
      vertex 37.899 8.44073 2.00241
    endloop
  endfacet
  facet normal -0 0 1
    outer loop
      vertex 36.055 36.975 2.00241
      vertex 37.805 8.44999 2.00241
      vertex 37.805 36.975 2.00241
    endloop
  endfacet
  facet normal 0 0 1
    outer loop
      vertex 36.055 36.975 2.00241
      vertex 36.055 8.44999 2.00241
      vertex 37.805 8.44999 2.00241
    endloop
  endfacet
  facet normal 0 0 1
    outer loop
      vertex 35.6648 37.0134 2.00241
      vertex 36.055 8.44999 2.00241
      vertex 36.055 36.975 2.00241
    endloop
  endfacet
  facet normal 0 0 1
    outer loop
      vertex 35.6648 37.0134 2.00241
      vertex 35.6648 8.41157 2.00241
      vertex 36.055 8.44999 2.00241
    endloop
  endfacet
  facet normal 0 0 1
    outer loop
      vertex 35.2896 37.1272 2.00241
      vertex 35.6648 8.41157 2.00241
      vertex 35.6648 37.0134 2.00241
    endloop
  endfacet
  facet normal 0 0 1
    outer loop
      vertex 35.2896 37.1272 2.00241
      vertex 35.2896 8.29775 2.00241
      vertex 35.6648 8.41157 2.00241
    endloop
  endfacet
  facet normal 0 0 1
    outer loop
      vertex 34.9439 37.3121 2.00241
      vertex 35.2896 8.29775 2.00241
      vertex 35.2896 37.1272 2.00241
    endloop
  endfacet
  facet normal 0 0 1
    outer loop
      vertex 34.9439 37.3121 2.00241
      vertex 34.9439 8.11292 2.00241
      vertex 35.2896 8.29775 2.00241
    endloop
  endfacet
  facet normal 0 0 1
    outer loop
      vertex 34.6408 37.5608 2.00241
      vertex 34.9439 8.11292 2.00241
      vertex 34.9439 37.3121 2.00241
    endloop
  endfacet
  facet normal 0 0 1
    outer loop
      vertex 34.6408 37.5608 2.00241
      vertex 34.6408 7.86421 2.00241
      vertex 34.9439 8.11292 2.00241
    endloop
  endfacet
  facet normal 0 0 1
    outer loop
      vertex 34.3921 37.8639 2.00241
      vertex 34.6408 7.86421 2.00241
      vertex 34.6408 37.5608 2.00241
    endloop
  endfacet
  facet normal 0 0 1
    outer loop
      vertex 34.3921 37.8639 2.00241
      vertex 34.3921 7.56114 2.00241
      vertex 34.6408 7.86421 2.00241
    endloop
  endfacet
  facet normal 0 0 1
    outer loop
      vertex 34.2073 38.2096 2.00241
      vertex 34.3921 7.56114 2.00241
      vertex 34.3921 37.8639 2.00241
    endloop
  endfacet
  facet normal 0 0 1
    outer loop
      vertex 34.2073 38.2096 2.00241
      vertex 34.2073 7.21536 2.00241
      vertex 34.3921 7.56114 2.00241
    endloop
  endfacet
  facet normal 0 0 1
    outer loop
      vertex 34.0934 38.5848 2.00241
      vertex 34.2073 7.21536 2.00241
      vertex 34.2073 38.2096 2.00241
    endloop
  endfacet
  facet normal 0 0 1
    outer loop
      vertex 34.0934 38.5848 2.00241
      vertex 34.0934 6.84017 2.00241
      vertex 34.2073 7.21536 2.00241
    endloop
  endfacet
  facet normal 0 0 1
    outer loop
      vertex 34.055 38.975 2.00241
      vertex 34.0934 6.84017 2.00241
      vertex 34.0934 38.5848 2.00241
    endloop
  endfacet
  facet normal 0 0 1
    outer loop
      vertex 34.0934 6.84017 2.00241
      vertex 34.055 38.975 2.00241
      vertex 34.055 6.44999 2.00241
    endloop
  endfacet
  facet normal -0 0 1
    outer loop
      vertex 33.3548 31.6846 2.00241
      vertex 34.055 6.44999 2.00241
      vertex 33.3624 31.7622 2.00241
    endloop
  endfacet
  facet normal -0 0 1
    outer loop
      vertex 33.3322 31.61 2.00241
      vertex 34.055 6.44999 2.00241
      vertex 33.3548 31.6846 2.00241
    endloop
  endfacet
  facet normal -0 0 1
    outer loop
      vertex 33.0586 30.7082 2.00241
      vertex 34.055 6.44999 2.00241
      vertex 33.3322 31.61 2.00241
    endloop
  endfacet
  facet normal -0 0 1
    outer loop
      vertex 33.0219 30.6395 2.00241
      vertex 34.055 6.44999 2.00241
      vertex 33.0586 30.7082 2.00241
    endloop
  endfacet
  facet normal -0 0 1
    outer loop
      vertex 32.5776 29.8084 2.00241
      vertex 34.055 6.44999 2.00241
      vertex 33.0219 30.6395 2.00241
    endloop
  endfacet
  facet normal -0 0 1
    outer loop
      vertex 31.9798 29.0799 2.00241
      vertex 34.055 6.44999 2.00241
      vertex 32.5776 29.8084 2.00241
    endloop
  endfacet
  facet normal -0 0 1
    outer loop
      vertex 31.9304 29.0196 2.00241
      vertex 34.055 6.44999 2.00241
      vertex 31.9798 29.0799 2.00241
    endloop
  endfacet
  facet normal -0 0 1
    outer loop
      vertex 31.2019 28.4218 2.00241
      vertex 34.055 6.44999 2.00241
      vertex 31.9304 29.0196 2.00241
    endloop
  endfacet
  facet normal -0 0 1
    outer loop
      vertex 31.1416 28.3724 2.00241
      vertex 34.055 6.44999 2.00241
      vertex 31.2019 28.4218 2.00241
    endloop
  endfacet
  facet normal -0 0 1
    outer loop
      vertex 31.0729 28.3356 2.00241
      vertex 34.055 6.44999 2.00241
      vertex 31.1416 28.3724 2.00241
    endloop
  endfacet
  facet normal -0 0 1
    outer loop
      vertex 30.2418 27.8914 2.00241
      vertex 34.055 6.44999 2.00241
      vertex 31.0729 28.3356 2.00241
    endloop
  endfacet
  facet normal -0 0 1
    outer loop
      vertex 29.2654 27.5952 2.00241
      vertex 34.055 6.44999 2.00241
      vertex 30.2418 27.8914 2.00241
    endloop
  endfacet
  facet normal -0 0 1
    outer loop
      vertex 28.25 27.4952 2.00241
      vertex 34.055 6.44999 2.00241
      vertex 29.2654 27.5952 2.00241
    endloop
  endfacet
  facet normal 0 0 1
    outer loop
      vertex 28.1724 27.5028 2.00241
      vertex 34.055 6.44999 2.00241
      vertex 28.25 27.4952 2.00241
    endloop
  endfacet
  facet normal 0 0 1
    outer loop
      vertex 27.2346 27.5952 2.00241
      vertex 34.055 6.44999 2.00241
      vertex 28.1724 27.5028 2.00241
    endloop
  endfacet
  facet normal 0 0 1
    outer loop
      vertex 26.2582 27.8914 2.00241
      vertex 34.055 6.44999 2.00241
      vertex 27.2346 27.5952 2.00241
    endloop
  endfacet
  facet normal 0 0 1
    outer loop
      vertex 25.4271 28.3356 2.00241
      vertex 34.055 6.44999 2.00241
      vertex 26.2582 27.8914 2.00241
    endloop
  endfacet
  facet normal 0 0 1
    outer loop
      vertex 25.3584 28.3724 2.00241
      vertex 34.055 6.44999 2.00241
      vertex 25.4271 28.3356 2.00241
    endloop
  endfacet
  facet normal 0 0 1
    outer loop
      vertex 25.2981 28.4218 2.00241
      vertex 34.055 6.44999 2.00241
      vertex 25.3584 28.3724 2.00241
    endloop
  endfacet
  facet normal 0 0 1
    outer loop
      vertex 24.5696 29.0196 2.00241
      vertex 34.055 6.44999 2.00241
      vertex 25.2981 28.4218 2.00241
    endloop
  endfacet
  facet normal 0 0 1
    outer loop
      vertex -34.055 6.44999 2.00241
      vertex 34.055 6.44999 2.00241
      vertex 24.5696 29.0196 2.00241
    endloop
  endfacet
  facet normal 0 0 1
    outer loop
      vertex 34.055 6.44999 2.00241
      vertex -34.055 6.44999 2.00241
      vertex 34.055 9.15527e-06 2.00241
    endloop
  endfacet
  facet normal 0 0 1
    outer loop
      vertex -34.055 9.15527e-06 2.00241
      vertex 34.055 9.15527e-06 2.00241
      vertex -34.055 6.44999 2.00241
    endloop
  endfacet
  facet normal 0 0 1
    outer loop
      vertex -34.055 6.44999 2.00241
      vertex 24.5696 29.0196 2.00241
      vertex 24.5202 29.0799 2.00241
    endloop
  endfacet
  facet normal 0 0 1
    outer loop
      vertex -34.055 6.44999 2.00241
      vertex 24.5202 29.0799 2.00241
      vertex 23.9224 29.8084 2.00241
    endloop
  endfacet
  facet normal 0 0 1
    outer loop
      vertex -34.055 6.44999 2.00241
      vertex 23.9224 29.8084 2.00241
      vertex 23.4781 30.6395 2.00241
    endloop
  endfacet
  facet normal 0 0 1
    outer loop
      vertex -34.055 6.44999 2.00241
      vertex 23.4781 30.6395 2.00241
      vertex 23.4414 30.7082 2.00241
    endloop
  endfacet
  facet normal 0 0 1
    outer loop
      vertex 23.1452 33.7154 2.00241
      vertex -34.055 38.975 2.00241
      vertex 23.0452 32.7 2.00241
    endloop
  endfacet
  facet normal -0 0 1
    outer loop
      vertex -34.0934 38.5848 2.00241
      vertex 23.0452 32.7 2.00241
      vertex -34.055 38.975 2.00241
    endloop
  endfacet
  facet normal -0 0 1
    outer loop
      vertex -34.2073 38.2096 2.00241
      vertex 23.0452 32.7 2.00241
      vertex -34.0934 38.5848 2.00241
    endloop
  endfacet
  facet normal 0 0 1
    outer loop
      vertex 23.0452 32.7 2.00241
      vertex -34.2073 38.2096 2.00241
      vertex 23.1452 31.6846 2.00241
    endloop
  endfacet
  facet normal 0 0 1
    outer loop
      vertex 23.1678 31.61 2.00241
      vertex -34.055 6.44999 2.00241
      vertex 23.4414 30.7082 2.00241
    endloop
  endfacet
  facet normal 0 0 1
    outer loop
      vertex 34.055 9.15527e-06 2.00241
      vertex -34.055 9.15527e-06 2.00241
      vertex 34.0934 -0.390173 2.00241
    endloop
  endfacet
  facet normal 0 0 1
    outer loop
      vertex -34.0934 -0.390173 2.00241
      vertex 34.0934 -0.390173 2.00241
      vertex -34.055 9.15527e-06 2.00241
    endloop
  endfacet
  facet normal 0 0 1
    outer loop
      vertex 34.0934 -0.390173 2.00241
      vertex -34.0934 -0.390173 2.00241
      vertex 34.0964 -0.400001 2.00241
    endloop
  endfacet
  facet normal 0 0 1
    outer loop
      vertex 34.0964 -0.400001 2.00241
      vertex -34.0934 -0.390173 2.00241
      vertex -34.0964 -0.400001 2.00241
    endloop
  endfacet
  facet normal 0 0 1
    outer loop
      vertex 37.205 6.85 2.00241
      vertex 37.899 6.56784 2.00241
      vertex 37.7606 6.68147 2.00241
    endloop
  endfacet
  facet normal 0 0 1
    outer loop
      vertex 37.899 6.56784 2.00241
      vertex 35.655 5.85 2.00241
      vertex 37.899 -0.117839 2.00241
    endloop
  endfacet
  facet normal 0 0 1
    outer loop
      vertex 37.205 6.85 2.00241
      vertex 37.7606 6.68147 2.00241
      vertex 37.5877 6.77387 2.00241
    endloop
  endfacet
  facet normal -0 0 1
    outer loop
      vertex 35.655 0.6 2.00241
      vertex 37.899 -0.117839 2.00241
      vertex 35.655 5.85 2.00241
    endloop
  endfacet
  facet normal 0 0 1
    outer loop
      vertex 37.205 6.85 2.00241
      vertex 37.5877 6.77387 2.00241
      vertex 37.4001 6.83077 2.00241
    endloop
  endfacet
  facet normal 0 -0 1
    outer loop
      vertex 37.205 -0.4 2.00241
      vertex 37.899 -0.117839 2.00241
      vertex 35.655 0.6 2.00241
    endloop
  endfacet
  facet normal 0 0 1
    outer loop
      vertex 37.899 6.56784 2.00241
      vertex 37.205 6.85 2.00241
      vertex 35.655 5.85 2.00241
    endloop
  endfacet
  facet normal 0 0 1
    outer loop
      vertex 37.899 -0.117839 2.00241
      vertex 37.205 -0.4 2.00241
      vertex 37.7606 -0.231467 2.00241
    endloop
  endfacet
  facet normal 0 0 1
    outer loop
      vertex 35.655 5.85 2.00241
      vertex 37.205 6.85 2.00241
      vertex 36.655 6.85 2.00241
    endloop
  endfacet
  facet normal 0 0 1
    outer loop
      vertex 37.7606 -0.231467 2.00241
      vertex 37.205 -0.4 2.00241
      vertex 37.5877 -0.323874 2.00241
    endloop
  endfacet
  facet normal 0 0 1
    outer loop
      vertex 35.655 5.85 2.00241
      vertex 36.655 6.85 2.00241
      vertex 36.4599 6.83077 2.00241
    endloop
  endfacet
  facet normal 0 0 1
    outer loop
      vertex 37.5877 -0.323874 2.00241
      vertex 37.205 -0.4 2.00241
      vertex 37.4001 -0.380774 2.00241
    endloop
  endfacet
  facet normal 0 0 1
    outer loop
      vertex 35.655 5.85 2.00241
      vertex 36.4599 6.83077 2.00241
      vertex 36.2723 6.77387 2.00241
    endloop
  endfacet
  facet normal 0 0 1
    outer loop
      vertex 37.205 -0.4 2.00241
      vertex 35.655 0.6 2.00241
      vertex 36.655 -0.4 2.00241
    endloop
  endfacet
  facet normal 0 0 1
    outer loop
      vertex 35.655 5.85 2.00241
      vertex 36.2723 6.77387 2.00241
      vertex 36.0994 6.68147 2.00241
    endloop
  endfacet
  facet normal 0 0 1
    outer loop
      vertex 36.655 -0.4 2.00241
      vertex 35.655 0.6 2.00241
      vertex 36.4599 -0.380774 2.00241
    endloop
  endfacet
  facet normal 0 0 1
    outer loop
      vertex 35.655 5.85 2.00241
      vertex 36.0994 6.68147 2.00241
      vertex 35.9479 6.55709 2.00241
    endloop
  endfacet
  facet normal 0 0 1
    outer loop
      vertex 36.4599 -0.380774 2.00241
      vertex 35.655 0.6 2.00241
      vertex 36.2723 -0.323874 2.00241
    endloop
  endfacet
  facet normal 0 0 1
    outer loop
      vertex 35.655 5.85 2.00241
      vertex 35.9479 6.55709 2.00241
      vertex 35.8235 6.40556 2.00241
    endloop
  endfacet
  facet normal 0 0 1
    outer loop
      vertex 36.2723 -0.323874 2.00241
      vertex 35.655 0.6 2.00241
      vertex 36.0994 -0.231467 2.00241
    endloop
  endfacet
  facet normal 0 0 1
    outer loop
      vertex 35.655 5.85 2.00241
      vertex 35.8235 6.40556 2.00241
      vertex 35.7311 6.23268 2.00241
    endloop
  endfacet
  facet normal 0 0 1
    outer loop
      vertex 36.0994 -0.231467 2.00241
      vertex 35.655 0.6 2.00241
      vertex 35.9479 -0.107092 2.00241
    endloop
  endfacet
  facet normal 0 0 1
    outer loop
      vertex 35.655 5.85 2.00241
      vertex 35.7311 6.23268 2.00241
      vertex 35.6742 6.04508 2.00241
    endloop
  endfacet
  facet normal 0 0 1
    outer loop
      vertex 35.9479 -0.107092 2.00241
      vertex 35.655 0.6 2.00241
      vertex 35.8235 0.0444428 2.00241
    endloop
  endfacet
  facet normal 0 0 1
    outer loop
      vertex 35.8235 0.0444428 2.00241
      vertex 35.655 0.6 2.00241
      vertex 35.7311 0.217325 2.00241
    endloop
  endfacet
  facet normal 0 0 1
    outer loop
      vertex 35.7311 0.217325 2.00241
      vertex 35.655 0.6 2.00241
      vertex 35.6742 0.404916 2.00241
    endloop
  endfacet
  facet normal -0.555543 -1.92444e-05 0.831488
    outer loop
      vertex 38.0857 45.2 2.05904
      vertex 38.1672 45.0813 2.11349
      vertex 38.1312 45.2 2.08944
    endloop
  endfacet
  facet normal -0.555524 0 0.831501
    outer loop
      vertex 38.1672 45.0813 2.11349
      vertex 38.0857 45.2 2.05904
      vertex 38.1672 39.3187 2.11349
    endloop
  endfacet
  facet normal -0.555524 0 0.831501
    outer loop
      vertex 38.0857 39.1116 2.05904
      vertex 38.1672 39.3187 2.11349
      vertex 38.0857 45.2 2.05904
    endloop
  endfacet
  facet normal -0.554425 -0.00062514 0.832233
    outer loop
      vertex 38.1672 39.3187 2.11349
      vertex 38.0857 39.1116 2.05904
      vertex 38.1289 39.1923 2.08788
    endloop
  endfacet
  facet normal -0.555524 0 0.831501
    outer loop
      vertex 38.0857 -4.2 2.05904
      vertex 38.1672 -22.9 2.11349
      vertex 38.1672 -4.2 2.11349
    endloop
  endfacet
  facet normal -0.555524 0 0.831501
    outer loop
      vertex 38.1672 -22.9 2.11349
      vertex 38.0857 -4.2 2.05904
      vertex 38.0857 -22.9 2.05904
    endloop
  endfacet
  facet normal -0.555524 0 0.831501
    outer loop
      vertex 38.0857 -25.9 2.05904
      vertex 38.1672 -35.2 2.11349
      vertex 38.1672 -25.9 2.11349
    endloop
  endfacet
  facet normal -0.555524 0 0.831501
    outer loop
      vertex 38.1672 -35.2 2.11349
      vertex 38.0857 -25.9 2.05904
      vertex 38.0857 -35.2 2.05904
    endloop
  endfacet
  facet normal -0.554423 0.000626548 0.832235
    outer loop
      vertex 38.0857 6.31344 2.05904
      vertex 38.1672 6.10635 2.11349
      vertex 38.1289 6.23268 2.08788
    endloop
  endfacet
  facet normal -0.555524 0 0.831501
    outer loop
      vertex 38.1672 6.10635 2.11349
      vertex 38.0857 6.31344 2.05904
      vertex 38.1672 0.343652 2.11349
    endloop
  endfacet
  facet normal -0.555524 0 0.831501
    outer loop
      vertex 38.0857 0.136558 2.05904
      vertex 38.1672 0.343652 2.11349
      vertex 38.0857 6.31344 2.05904
    endloop
  endfacet
  facet normal -0.554422 -0.000626654 0.832235
    outer loop
      vertex 38.1672 0.343652 2.11349
      vertex 38.0857 0.136558 2.05904
      vertex 38.1289 0.217325 2.08788
    endloop
  endfacet
  facet normal -0.555524 0 0.831501
    outer loop
      vertex 38.0857 37.0027 2.05904
      vertex 38.1672 8.41432 2.11349
      vertex 38.1672 37.0107 2.11349
    endloop
  endfacet
  facet normal -0.555524 0 0.831501
    outer loop
      vertex 38.1672 8.41432 2.11349
      vertex 38.0857 37.0027 2.05904
      vertex 38.0857 8.42235 2.05904
    endloop
  endfacet
  facet normal -0.53364 -0.162181 0.830015
    outer loop
      vertex 38.0881 45.284 2.07088
      vertex 38.0817 45.296 2.06911
      vertex 38.0678 45.2902 2.05904
    endloop
  endfacet
  facet normal -0.338998 -0.180979 0.923215
    outer loop
      vertex 37.9841 45.2555 2.02153
      vertex 38.046 45.3309 2.05904
      vertex 37.9707 45.2806 2.02153
    endloop
  endfacet
  facet normal -0.367315 -0.112085 0.923318
    outer loop
      vertex 37.9924 45.2283 2.02153
      vertex 38.0678 45.2902 2.05904
      vertex 37.9841 45.2555 2.02153
    endloop
  endfacet
  facet normal -0.533406 -0.161828 0.830235
    outer loop
      vertex 38.0881 45.284 2.07088
      vertex 38.0812 45.246 2.05904
      vertex 38.1058 45.2509 2.0758
    endloop
  endfacet
  facet normal -0.533582 -0.161765 0.830134
    outer loop
      vertex 38.0812 45.246 2.05904
      vertex 38.0881 45.284 2.07088
      vertex 38.0678 45.2902 2.05904
    endloop
  endfacet
  facet normal -0.491899 -0.262996 0.829981
    outer loop
      vertex 38.0639 45.3292 2.06911
      vertex 38.0585 45.3393 2.06911
      vertex 38.046 45.3309 2.05904
    endloop
  endfacet
  facet normal -0.430232 -0.354847 0.830051
    outer loop
      vertex 38.0585 45.3393 2.06911
      vertex 38.0521 45.3512 2.07088
      vertex 38.046 45.3309 2.05904
    endloop
  endfacet
  facet normal 0.367753 -0.111491 0.923216
    outer loop
      vertex -37.9924 45.2283 2.02153
      vertex -38.0678 45.2902 2.05904
      vertex -38.0812 45.246 2.05904
    endloop
  endfacet
  facet normal 0.382508 -0.0374192 0.923194
    outer loop
      vertex -37.9924 45.2283 2.02153
      vertex -38.0812 45.246 2.05904
      vertex -38.0857 45.2 2.05904
    endloop
  endfacet
  facet normal -0.0922487 -0.172794 0.980629
    outer loop
      vertex 37.9306 45.3207 2.02153
      vertex 37.9055 45.3341 2.02153
      vertex 37.8772 45.2407 2.00241
    endloop
  endfacet
  facet normal -0.0942793 -0.172162 0.980547
    outer loop
      vertex 37.8772 45.2407 2.00241
      vertex 37.9055 45.3341 2.02153
      vertex 37.8688 45.2453 2.00241
    endloop
  endfacet
  facet normal -0.491435 -0.26348 0.830102
    outer loop
      vertex 38.0639 45.3292 2.06911
      vertex 38.0678 45.2902 2.05904
      vertex 38.0817 45.296 2.06911
    endloop
  endfacet
  facet normal -0.49187 -0.263459 0.829851
    outer loop
      vertex 38.0678 45.2902 2.05904
      vertex 38.0639 45.3292 2.06911
      vertex 38.046 45.3309 2.05904
    endloop
  endfacet
  facet normal -1 0 0
    outer loop
      vertex 38.3476 -25.9 2.45099
      vertex 38.3476 -35.2 2.45099
      vertex 38.3476 -25.9 6.3
    endloop
  endfacet
  facet normal -1 0 0
    outer loop
      vertex 38.3476 -22.9 6.3
      vertex 38.3476 -4.2 2.45099
      vertex 38.3476 -22.9 2.45099
    endloop
  endfacet
  facet normal -1 0 0
    outer loop
      vertex 38.3476 -4.2 2.45099
      vertex 38.3476 -22.9 6.3
      vertex 38.3476 -4.2 9.1375
    endloop
  endfacet
  facet normal -1 0 0
    outer loop
      vertex 38.3476 -35.2 9.1375
      vertex 38.3476 -22.9 6.3
      vertex 38.3476 -25.9 6.3
    endloop
  endfacet
  facet normal -1 0 0
    outer loop
      vertex 38.3476 -22.9 6.3
      vertex 38.3476 -35.2 9.1375
      vertex 38.3476 -4.2 9.1375
    endloop
  endfacet
  facet normal -1 0 0
    outer loop
      vertex 38.3476 -35.2 9.1375
      vertex 38.3476 -25.9 6.3
      vertex 38.3476 -35.2 2.45099
    endloop
  endfacet
  facet normal -1 0 0
    outer loop
      vertex 38.3476 8.36533 2.45099
      vertex 38.3476 37.0597 9.1375
      vertex 38.3476 37.0597 2.45099
    endloop
  endfacet
  facet normal -1 -0 0
    outer loop
      vertex 38.3476 37.0597 9.1375
      vertex 38.3476 8.36533 2.45099
      vertex 38.3476 8.36533 9.1375
    endloop
  endfacet
  facet normal 0 0 0
    outer loop
      vertex 38.3476 37.0597 9.1375
      vertex 38.3476 8.36533 9.1375
      vertex 38.3476 -4.2 9.1375
    endloop
  endfacet
  facet normal 0 0 0
    outer loop
      vertex 38.3476 -44.2 9.1375
      vertex 38.3476 45.2 9.1375
      vertex 38.3476 37.0597 9.1375
    endloop
  endfacet
  facet normal 0 0 0
    outer loop
      vertex 38.3476 -4.2 9.1375
      vertex 38.3476 -35.2 9.1375
      vertex 38.3476 -44.2 9.1375
    endloop
  endfacet
  facet normal 0 0 0
    outer loop
      vertex 38.3476 37.0597 9.1375
      vertex 38.3476 -4.2 9.1375
      vertex 38.3476 -44.2 9.1375
    endloop
  endfacet
  facet normal -0.554526 -0.0541322 0.830404
    outer loop
      vertex 38.0857 45.2 2.05904
      vertex 38.1289 45.2077 2.08839
      vertex 38.1186 45.227 2.08277
    endloop
  endfacet
  facet normal -0.554778 -0.0524844 0.830342
    outer loop
      vertex 38.1289 45.2077 2.08839
      vertex 38.0857 45.2 2.05904
      vertex 38.1312 45.2 2.08944
    endloop
  endfacet
  facet normal -0.554695 -0.0549519 0.830237
    outer loop
      vertex 38.0812 45.246 2.05904
      vertex 38.1186 45.227 2.08277
      vertex 38.1058 45.2509 2.0758
    endloop
  endfacet
  facet normal -0.554463 -0.0542409 0.830439
    outer loop
      vertex 38.1186 45.227 2.08277
      vertex 38.0812 45.246 2.05904
      vertex 38.0857 45.2 2.05904
    endloop
  endfacet
  facet normal 0 0 1
    outer loop
      vertex 40.7428 47.7 9.1375
      vertex 38.3476 45.2 9.1375
      vertex 38.35 -44.2 9.1375
    endloop
  endfacet
  facet normal 0 0 1
    outer loop
      vertex 40.7428 47.7 9.1375
      vertex 38.338 45.2971 9.1375
      vertex 38.3476 45.2 9.1375
    endloop
  endfacet
  facet normal 0 0 1
    outer loop
      vertex 40.7428 47.7 9.1375
      vertex 38.3097 45.3904 9.1375
      vertex 38.338 45.2971 9.1375
    endloop
  endfacet
  facet normal 0 0 1
    outer loop
      vertex 40.7428 47.7 9.1375
      vertex 38.2637 45.4764 9.1375
      vertex 38.3097 45.3904 9.1375
    endloop
  endfacet
  facet normal 0 0 1
    outer loop
      vertex 38.35 47.6 9.1375
      vertex 38.2019 45.5518 9.1375
      vertex 38.2637 45.4764 9.1375
    endloop
  endfacet
  facet normal 0 0 1
    outer loop
      vertex 38.35 47.6 9.1375
      vertex 38.1264 45.6137 9.1375
      vertex 38.2019 45.5518 9.1375
    endloop
  endfacet
  facet normal 0 0 1
    outer loop
      vertex 38.35 47.6 9.1375
      vertex 38.0404 45.6597 9.1375
      vertex 38.1264 45.6137 9.1375
    endloop
  endfacet
  facet normal 0 0 1
    outer loop
      vertex 38.35 47.6 9.1375
      vertex 37.9471 45.688 9.1375
      vertex 38.0404 45.6597 9.1375
    endloop
  endfacet
  facet normal 0 0 1
    outer loop
      vertex 38.35 47.6 9.1375
      vertex 37.85 45.6976 9.1375
      vertex 37.9471 45.688 9.1375
    endloop
  endfacet
  facet normal 0 0 1
    outer loop
      vertex 38.35 47.6 9.1375
      vertex -37.85 45.6976 9.1375
      vertex 37.85 45.6976 9.1375
    endloop
  endfacet
  facet normal -0 0 1
    outer loop
      vertex -38.35 47.6 9.1375
      vertex -37.85 45.6976 9.1375
      vertex 38.35 47.6 9.1375
    endloop
  endfacet
  facet normal 0 0 1
    outer loop
      vertex -38.35 47.6 9.1375
      vertex -37.9471 45.688 9.1375
      vertex -37.85 45.6976 9.1375
    endloop
  endfacet
  facet normal 0 0 1
    outer loop
      vertex -38.35 47.6 9.1375
      vertex -38.0404 45.6597 9.1375
      vertex -37.9471 45.688 9.1375
    endloop
  endfacet
  facet normal 0 0 1
    outer loop
      vertex -38.35 47.6 9.1375
      vertex -38.1264 45.6137 9.1375
      vertex -38.0404 45.6597 9.1375
    endloop
  endfacet
  facet normal 0 0 1
    outer loop
      vertex -38.35 47.6 9.1375
      vertex -38.2019 45.5518 9.1375
      vertex -38.1264 45.6137 9.1375
    endloop
  endfacet
  facet normal 0 0 1
    outer loop
      vertex -38.35 47.6 9.1375
      vertex -38.2637 45.4764 9.1375
      vertex -38.2019 45.5518 9.1375
    endloop
  endfacet
  facet normal 0 0 1
    outer loop
      vertex -40.7428 47.7 9.1375
      vertex -38.2637 45.4764 9.1375
      vertex -38.35 47.6 9.1375
    endloop
  endfacet
  facet normal 0 0 1
    outer loop
      vertex -38.2637 45.4764 9.1375
      vertex -40.7428 47.7 9.1375
      vertex -38.3097 45.3904 9.1375
    endloop
  endfacet
  facet normal 0 0 1
    outer loop
      vertex -38.3097 45.3904 9.1375
      vertex -40.7428 47.7 9.1375
      vertex -38.338 45.2971 9.1375
    endloop
  endfacet
  facet normal 0 0 1
    outer loop
      vertex -38.338 45.2971 9.1375
      vertex -40.7428 47.7 9.1375
      vertex -38.3476 45.2 9.1375
    endloop
  endfacet
  facet normal 0 0 1
    outer loop
      vertex -38.3476 45.2 9.1375
      vertex -38.35 -44.2 9.1375
      vertex -38.3476 -44.2 9.1375
    endloop
  endfacet
  facet normal -0 0 1
    outer loop
      vertex 37.15 49.1928 9.1375
      vertex 38.35 48.4 9.1375
      vertex 39.25 49.1928 9.1375
    endloop
  endfacet
  facet normal 0 0 1
    outer loop
      vertex 38.35 48.4 9.1375
      vertex 37.15 49.1928 9.1375
      vertex 37.15 48.4 9.1375
    endloop
  endfacet
  facet normal 0 0 1
    outer loop
      vertex 38.35 47.6 9.1375
      vertex 40.7428 47.7 9.1375
      vertex 40.7141 47.9912 9.1375
    endloop
  endfacet
  facet normal 0 0 1
    outer loop
      vertex 40.7428 47.7 9.1375
      vertex 38.35 -44.2 9.1375
      vertex 40.7428 -47.7 9.1375
    endloop
  endfacet
  facet normal 0 0 1
    outer loop
      vertex 38.35 47.6 9.1375
      vertex 40.7141 47.9912 9.1375
      vertex 40.6291 48.2713 9.1375
    endloop
  endfacet
  facet normal -0 0 1
    outer loop
      vertex 38.35 -44.7215 9.1375
      vertex 40.7428 -47.7 9.1375
      vertex 38.35 -44.2 9.1375
    endloop
  endfacet
  facet normal 0 0 1
    outer loop
      vertex 38.35 47.6 9.1375
      vertex 40.6291 48.2713 9.1375
      vertex 40.4912 48.5293 9.1375
    endloop
  endfacet
  facet normal 0 -0 1
    outer loop
      vertex 39.5404 -49.1642 9.1375
      vertex 40.7428 -47.7 9.1375
      vertex 38.35 -44.7215 9.1375
    endloop
  endfacet
  facet normal 0 0 1
    outer loop
      vertex 38.35 47.6 9.1375
      vertex 40.4912 48.5293 9.1375
      vertex 40.3056 48.7556 9.1375
    endloop
  endfacet
  facet normal 0 0 1
    outer loop
      vertex 40.7428 -47.7 9.1375
      vertex 39.5404 -49.1642 9.1375
      vertex 40.7141 -47.9912 9.1375
    endloop
  endfacet
  facet normal 0 0 1
    outer loop
      vertex 38.35 47.6 9.1375
      vertex 40.3056 48.7556 9.1375
      vertex 40.0793 48.9412 9.1375
    endloop
  endfacet
  facet normal 0 0 1
    outer loop
      vertex 40.7141 -47.9912 9.1375
      vertex 39.5404 -49.1642 9.1375
      vertex 40.6291 -48.2713 9.1375
    endloop
  endfacet
  facet normal 0 0 1
    outer loop
      vertex 38.35 48.4 9.1375
      vertex 40.0793 48.9412 9.1375
      vertex 39.8213 49.0791 9.1375
    endloop
  endfacet
  facet normal 0 0 1
    outer loop
      vertex 40.6291 -48.2713 9.1375
      vertex 39.5404 -49.1642 9.1375
      vertex 40.4912 -48.5293 9.1375
    endloop
  endfacet
  facet normal 0 0 1
    outer loop
      vertex 38.35 48.4 9.1375
      vertex 39.8213 49.0791 9.1375
      vertex 39.5412 49.1641 9.1375
    endloop
  endfacet
  facet normal 0 0 1
    outer loop
      vertex 40.4912 -48.5293 9.1375
      vertex 39.5404 -49.1642 9.1375
      vertex 40.3056 -48.7556 9.1375
    endloop
  endfacet
  facet normal 0 0 1
    outer loop
      vertex 40.3056 -48.7556 9.1375
      vertex 39.5404 -49.1642 9.1375
      vertex 40.0793 -48.9412 9.1375
    endloop
  endfacet
  facet normal 0 0 1
    outer loop
      vertex 38.35 48.4 9.1375
      vertex 39.5412 49.1641 9.1375
      vertex 39.25 49.1928 9.1375
    endloop
  endfacet
  facet normal 0 0 1
    outer loop
      vertex 40.0793 48.9412 9.1375
      vertex 38.35 48.4 9.1375
      vertex 38.35 47.6 9.1375
    endloop
  endfacet
  facet normal 0 0 1
    outer loop
      vertex 38.2637 45.4764 9.1375
      vertex 40.7428 47.7 9.1375
      vertex 38.35 47.6 9.1375
    endloop
  endfacet
  facet normal 0 0 1
    outer loop
      vertex 40.0793 -48.9412 9.1375
      vertex 39.5404 -49.1642 9.1375
      vertex 39.8213 -49.0791 9.1375
    endloop
  endfacet
  facet normal 0 0 1
    outer loop
      vertex 39.8213 -49.0791 9.1375
      vertex 39.5404 -49.1642 9.1375
      vertex 39.5412 -49.1641 9.1375
    endloop
  endfacet
  facet normal 0 0 1
    outer loop
      vertex 38.35 -44.2 9.1375
      vertex 38.3476 45.2 9.1375
      vertex 38.3476 -44.2 9.1375
    endloop
  endfacet
  facet normal 0 0 1
    outer loop
      vertex -37.15 49.1928 9.1375
      vertex -38.35 48.4 9.1375
      vertex -37.15 48.4 9.1375
    endloop
  endfacet
  facet normal 0 0 1
    outer loop
      vertex -40.0793 48.9412 9.1375
      vertex -38.35 47.6 9.1375
      vertex -38.35 48.4 9.1375
    endloop
  endfacet
  facet normal 0 0 1
    outer loop
      vertex -38.3476 45.2 9.1375
      vertex -40.7428 47.7 9.1375
      vertex -38.35 -44.2 9.1375
    endloop
  endfacet
  facet normal -0 0 1
    outer loop
      vertex -39.25 49.1928 9.1375
      vertex -38.35 48.4 9.1375
      vertex -37.15 49.1928 9.1375
    endloop
  endfacet
  facet normal -0 0 1
    outer loop
      vertex -39.5412 49.1641 9.1375
      vertex -38.35 48.4 9.1375
      vertex -39.25 49.1928 9.1375
    endloop
  endfacet
  facet normal 0 0 1
    outer loop
      vertex -40.7428 -47.7 9.1375
      vertex -38.35 -44.2 9.1375
      vertex -40.7428 47.7 9.1375
    endloop
  endfacet
  facet normal -0 0 1
    outer loop
      vertex -39.8213 49.0791 9.1375
      vertex -38.35 48.4 9.1375
      vertex -39.5412 49.1641 9.1375
    endloop
  endfacet
  facet normal 0 0 1
    outer loop
      vertex -38.35 -44.2 9.1375
      vertex -40.7428 -47.7 9.1375
      vertex -38.35 -44.7215 9.1375
    endloop
  endfacet
  facet normal -0 0 1
    outer loop
      vertex -40.0793 48.9412 9.1375
      vertex -38.35 48.4 9.1375
      vertex -39.8213 49.0791 9.1375
    endloop
  endfacet
  facet normal 0 0 1
    outer loop
      vertex -38.35 -44.7215 9.1375
      vertex -40.7428 -47.7 9.1375
      vertex -39.5404 -49.1642 9.1375
    endloop
  endfacet
  facet normal 0 0 1
    outer loop
      vertex -38.35 47.6 9.1375
      vertex -40.0793 48.9412 9.1375
      vertex -40.3056 48.7556 9.1375
    endloop
  endfacet
  facet normal -0 -0 1
    outer loop
      vertex -39.8213 -49.0791 9.1375
      vertex -39.5404 -49.1642 9.1375
      vertex -40.7428 -47.7 9.1375
    endloop
  endfacet
  facet normal 0 0 1
    outer loop
      vertex -38.35 47.6 9.1375
      vertex -40.3056 48.7556 9.1375
      vertex -40.4912 48.5293 9.1375
    endloop
  endfacet
  facet normal 0 0 1
    outer loop
      vertex -39.5404 -49.1642 9.1375
      vertex -39.8213 -49.0791 9.1375
      vertex -39.5412 -49.1641 9.1375
    endloop
  endfacet
  facet normal 0 0 1
    outer loop
      vertex -38.35 47.6 9.1375
      vertex -40.4912 48.5293 9.1375
      vertex -40.6291 48.2713 9.1375
    endloop
  endfacet
  facet normal 0 0 1
    outer loop
      vertex -39.8213 -49.0791 9.1375
      vertex -40.7428 -47.7 9.1375
      vertex -40.0793 -48.9412 9.1375
    endloop
  endfacet
  facet normal 0 0 1
    outer loop
      vertex -38.35 47.6 9.1375
      vertex -40.6291 48.2713 9.1375
      vertex -40.7141 47.9912 9.1375
    endloop
  endfacet
  facet normal 0 0 1
    outer loop
      vertex -40.0793 -48.9412 9.1375
      vertex -40.7428 -47.7 9.1375
      vertex -40.3056 -48.7556 9.1375
    endloop
  endfacet
  facet normal 0 0 1
    outer loop
      vertex -38.35 47.6 9.1375
      vertex -40.7141 47.9912 9.1375
      vertex -40.7428 47.7 9.1375
    endloop
  endfacet
  facet normal 0 0 1
    outer loop
      vertex -40.3056 -48.7556 9.1375
      vertex -40.7428 -47.7 9.1375
      vertex -40.4912 -48.5293 9.1375
    endloop
  endfacet
  facet normal 0 0 1
    outer loop
      vertex -40.4912 -48.5293 9.1375
      vertex -40.7428 -47.7 9.1375
      vertex -40.6291 -48.2713 9.1375
    endloop
  endfacet
  facet normal 0 0 1
    outer loop
      vertex -40.6291 -48.2713 9.1375
      vertex -40.7428 -47.7 9.1375
      vertex -40.7141 -47.9912 9.1375
    endloop
  endfacet
  facet normal -0 0 1
    outer loop
      vertex -34.0691 -44.2 2
      vertex 35.407 -49.1928 2
      vertex 34.0691 -44.2 2
    endloop
  endfacet
  facet normal 0 0 1
    outer loop
      vertex 35.407 -49.1928 2
      vertex -34.0691 -44.2 2
      vertex -35.407 -49.1928 2
    endloop
  endfacet
  facet normal 0 -1 0
    outer loop
      vertex -34.0691 -44.2 2
      vertex 34.0691 -44.2 2.00241
      vertex -34.0691 -44.2 2.00241
    endloop
  endfacet
  facet normal 0 -1 -0
    outer loop
      vertex 34.0691 -44.2 2.00241
      vertex -34.0691 -44.2 2
      vertex 34.0691 -44.2 2
    endloop
  endfacet
  facet normal -0.3473 -0.284521 0.89355
    outer loop
      vertex 29.6642 34.1142 0.400001
      vertex 31.9798 36.3201 2.00241
      vertex 31.9304 36.3804 2.00241
    endloop
  endfacet
  facet normal -0.347065 -0.284774 0.89356
    outer loop
      vertex 31.9798 36.3201 2.00241
      vertex 29.6642 34.1142 0.400001
      vertex 29.9129 33.8111 0.400001
    endloop
  endfacet
  facet normal -0.446782 -0.0440208 0.893559
    outer loop
      vertex 33.4548 32.7 2.00241
      vertex 33.3624 33.6378 2.00241
      vertex 30.25 32.7 0.400001
    endloop
  endfacet
  facet normal -0.446828 -0.0437615 0.893549
    outer loop
      vertex 30.2116 33.0902 0.400001
      vertex 33.3624 33.6378 2.00241
      vertex 33.3548 33.7154 2.00241
    endloop
  endfacet
  facet normal -0.446795 -0.0439696 0.893555
    outer loop
      vertex 33.3624 33.6378 2.00241
      vertex 30.2116 33.0902 0.400001
      vertex 30.25 32.7 0.400001
    endloop
  endfacet
  facet normal 0 0 1
    outer loop
      vertex 30.2116 33.0902 0.400001
      vertex 30.2116 32.3098 0.400001
      vertex 30.25 32.7 0.400001
    endloop
  endfacet
  facet normal 0 0 1
    outer loop
      vertex 30.0978 33.4654 0.400001
      vertex 30.2116 32.3098 0.400001
      vertex 30.2116 33.0902 0.400001
    endloop
  endfacet
  facet normal 0 0 1
    outer loop
      vertex 30.0978 33.4654 0.400001
      vertex 30.0978 31.9346 0.400001
      vertex 30.2116 32.3098 0.400001
    endloop
  endfacet
  facet normal 0 0 1
    outer loop
      vertex 29.9129 33.8111 0.400001
      vertex 30.0978 31.9346 0.400001
      vertex 30.0978 33.4654 0.400001
    endloop
  endfacet
  facet normal 0 0 1
    outer loop
      vertex 29.9129 33.8111 0.400001
      vertex 29.9129 31.5889 0.400001
      vertex 30.0978 31.9346 0.400001
    endloop
  endfacet
  facet normal 0 0 1
    outer loop
      vertex 29.6642 34.1142 0.400001
      vertex 29.9129 31.5889 0.400001
      vertex 29.9129 33.8111 0.400001
    endloop
  endfacet
  facet normal 0 0 1
    outer loop
      vertex 29.6642 34.1142 0.400001
      vertex 29.6642 31.2858 0.400001
      vertex 29.9129 31.5889 0.400001
    endloop
  endfacet
  facet normal 0 0 1
    outer loop
      vertex 29.3611 34.3629 0.400001
      vertex 29.6642 31.2858 0.400001
      vertex 29.6642 34.1142 0.400001
    endloop
  endfacet
  facet normal 0 0 1
    outer loop
      vertex 29.3611 34.3629 0.400001
      vertex 29.3611 31.0371 0.400001
      vertex 29.6642 31.2858 0.400001
    endloop
  endfacet
  facet normal 0 0 1
    outer loop
      vertex 29.0154 34.5478 0.400001
      vertex 29.3611 31.0371 0.400001
      vertex 29.3611 34.3629 0.400001
    endloop
  endfacet
  facet normal 0 0 1
    outer loop
      vertex 29.0154 34.5478 0.400001
      vertex 29.0154 30.8522 0.400001
      vertex 29.3611 31.0371 0.400001
    endloop
  endfacet
  facet normal 0 0 1
    outer loop
      vertex 28.6402 34.6616 0.400001
      vertex 29.0154 30.8522 0.400001
      vertex 29.0154 34.5478 0.400001
    endloop
  endfacet
  facet normal 0 0 1
    outer loop
      vertex 28.6402 34.6616 0.400001
      vertex 28.6402 30.7384 0.400001
      vertex 29.0154 30.8522 0.400001
    endloop
  endfacet
  facet normal 0 0 1
    outer loop
      vertex 28.25 34.7 0.400001
      vertex 28.6402 30.7384 0.400001
      vertex 28.6402 34.6616 0.400001
    endloop
  endfacet
  facet normal 0 0 1
    outer loop
      vertex 28.25 34.7 0.400001
      vertex 28.25 30.7 0.400001
      vertex 28.6402 30.7384 0.400001
    endloop
  endfacet
  facet normal -0 0 1
    outer loop
      vertex 27.8598 34.6616 0.400001
      vertex 28.25 30.7 0.400001
      vertex 28.25 34.7 0.400001
    endloop
  endfacet
  facet normal 0 0 1
    outer loop
      vertex 27.8598 34.6616 0.400001
      vertex 27.8598 30.7384 0.400001
      vertex 28.25 30.7 0.400001
    endloop
  endfacet
  facet normal -0 0 1
    outer loop
      vertex 27.4846 34.5478 0.400001
      vertex 27.8598 30.7384 0.400001
      vertex 27.8598 34.6616 0.400001
    endloop
  endfacet
  facet normal 0 0 1
    outer loop
      vertex 27.4846 34.5478 0.400001
      vertex 27.4846 30.8522 0.400001
      vertex 27.8598 30.7384 0.400001
    endloop
  endfacet
  facet normal -0 0 1
    outer loop
      vertex 27.1389 34.3629 0.400001
      vertex 27.4846 30.8522 0.400001
      vertex 27.4846 34.5478 0.400001
    endloop
  endfacet
  facet normal 0 0 1
    outer loop
      vertex 27.1389 34.3629 0.400001
      vertex 27.1389 31.0371 0.400001
      vertex 27.4846 30.8522 0.400001
    endloop
  endfacet
  facet normal -0 0 1
    outer loop
      vertex 26.8358 34.1142 0.400001
      vertex 27.1389 31.0371 0.400001
      vertex 27.1389 34.3629 0.400001
    endloop
  endfacet
  facet normal 0 0 1
    outer loop
      vertex 26.8358 34.1142 0.400001
      vertex 26.8358 31.2858 0.400001
      vertex 27.1389 31.0371 0.400001
    endloop
  endfacet
  facet normal -0 0 1
    outer loop
      vertex 26.5871 33.8111 0.400001
      vertex 26.8358 31.2858 0.400001
      vertex 26.8358 34.1142 0.400001
    endloop
  endfacet
  facet normal 0 0 1
    outer loop
      vertex 26.5871 33.8111 0.400001
      vertex 26.5871 31.5889 0.400001
      vertex 26.8358 31.2858 0.400001
    endloop
  endfacet
  facet normal -0 0 1
    outer loop
      vertex 26.4022 33.4654 0.400001
      vertex 26.5871 31.5889 0.400001
      vertex 26.5871 33.8111 0.400001
    endloop
  endfacet
  facet normal 0 0 1
    outer loop
      vertex 26.4022 33.4654 0.400001
      vertex 26.4022 31.9346 0.400001
      vertex 26.5871 31.5889 0.400001
    endloop
  endfacet
  facet normal -0 0 1
    outer loop
      vertex 26.2884 33.0902 0.400001
      vertex 26.4022 31.9346 0.400001
      vertex 26.4022 33.4654 0.400001
    endloop
  endfacet
  facet normal 0 0 1
    outer loop
      vertex 26.2884 33.0902 0.400001
      vertex 26.2884 32.3098 0.400001
      vertex 26.4022 31.9346 0.400001
    endloop
  endfacet
  facet normal 0 -0 1
    outer loop
      vertex 26.2884 32.3098 0.400001
      vertex 26.2884 33.0902 0.400001
      vertex 26.25 32.7 0.400001
    endloop
  endfacet
  facet normal -0.395917 -0.211654 0.893561
    outer loop
      vertex 33.0219 34.7605 2.00241
      vertex 32.5776 35.5916 2.00241
      vertex 29.9129 33.8111 0.400001
    endloop
  endfacet
  facet normal 0.429612 -0.130341 0.893558
    outer loop
      vertex 26.2884 33.0902 0.400001
      vertex 23.4188 34.6172 2.00241
      vertex 23.1452 33.7154 2.00241
    endloop
  endfacet
  facet normal -0.347051 0.284787 0.893561
    outer loop
      vertex 31.9798 29.0799 2.00241
      vertex 32.5776 29.8084 2.00241
      vertex 29.9129 31.5889 0.400001
    endloop
  endfacet
  facet normal -0.284521 -0.3473 0.89355
    outer loop
      vertex 31.8701 36.4298 2.00241
      vertex 29.6642 34.1142 0.400001
      vertex 31.9304 36.3804 2.00241
    endloop
  endfacet
  facet normal -0.284774 -0.347065 0.89356
    outer loop
      vertex 29.6642 34.1142 0.400001
      vertex 31.8701 36.4298 2.00241
      vertex 29.3611 34.3629 0.400001
    endloop
  endfacet
  facet normal -0.0440208 -0.446782 0.893559
    outer loop
      vertex 28.6402 34.6616 0.400001
      vertex 29.2654 37.8048 2.00241
      vertex 28.3276 37.8972 2.00241
    endloop
  endfacet
  facet normal -0.446782 0.0440208 0.893559
    outer loop
      vertex 33.3624 31.7622 2.00241
      vertex 33.4548 32.7 2.00241
      vertex 30.25 32.7 0.400001
    endloop
  endfacet
  facet normal -0.395917 0.211654 0.893561
    outer loop
      vertex 32.5776 29.8084 2.00241
      vertex 33.0219 30.6395 2.00241
      vertex 29.9129 31.5889 0.400001
    endloop
  endfacet
  facet normal -0.395982 0.211536 0.893561
    outer loop
      vertex 30.0978 31.9346 0.400001
      vertex 33.0219 30.6395 2.00241
      vertex 33.0586 30.7082 2.00241
    endloop
  endfacet
  facet normal -0.395886 0.211743 0.893554
    outer loop
      vertex 33.0219 30.6395 2.00241
      vertex 30.0978 31.9346 0.400001
      vertex 29.9129 31.5889 0.400001
    endloop
  endfacet
  facet normal -0.429612 0.130341 0.893558
    outer loop
      vertex 33.0586 30.7082 2.00241
      vertex 33.3322 31.61 2.00241
      vertex 30.0978 31.9346 0.400001
    endloop
  endfacet
  facet normal -0.347051 -0.284787 0.893561
    outer loop
      vertex 32.5776 35.5916 2.00241
      vertex 31.9798 36.3201 2.00241
      vertex 29.9129 33.8111 0.400001
    endloop
  endfacet
  facet normal -0.21197 -0.395715 0.893576
    outer loop
      vertex 31.0729 37.0644 2.00241
      vertex 29.3611 34.3629 0.400001
      vertex 31.1416 37.0276 2.00241
    endloop
  endfacet
  facet normal -0.21173 -0.395862 0.893568
    outer loop
      vertex 29.3611 34.3629 0.400001
      vertex 31.0729 37.0644 2.00241
      vertex 29.0154 34.5478 0.400001
    endloop
  endfacet
  facet normal -0.429612 -0.130341 0.893558
    outer loop
      vertex 33.3548 33.7154 2.00241
      vertex 33.0812 34.6172 2.00241
      vertex 30.2116 33.0902 0.400001
    endloop
  endfacet
  facet normal 0.21173 -0.395862 0.893568
    outer loop
      vertex 25.4271 37.0644 2.00241
      vertex 27.1389 34.3629 0.400001
      vertex 27.4846 34.5478 0.400001
    endloop
  endfacet
  facet normal 0.21197 -0.395715 0.893576
    outer loop
      vertex 27.1389 34.3629 0.400001
      vertex 25.4271 37.0644 2.00241
      vertex 25.3584 37.0276 2.00241
    endloop
  endfacet
  facet normal -0.284787 -0.347051 0.893561
    outer loop
      vertex 31.8701 36.4298 2.00241
      vertex 31.1416 37.0276 2.00241
      vertex 29.3611 34.3629 0.400001
    endloop
  endfacet
  facet normal 0.284787 -0.347051 0.893561
    outer loop
      vertex 27.1389 34.3629 0.400001
      vertex 25.3584 37.0276 2.00241
      vertex 24.6299 36.4298 2.00241
    endloop
  endfacet
  facet normal -0.347065 0.284774 0.89356
    outer loop
      vertex 29.6642 31.2858 0.400001
      vertex 31.9798 29.0799 2.00241
      vertex 29.9129 31.5889 0.400001
    endloop
  endfacet
  facet normal -0.3473 0.284521 0.89355
    outer loop
      vertex 31.9798 29.0799 2.00241
      vertex 29.6642 31.2858 0.400001
      vertex 31.9304 29.0196 2.00241
    endloop
  endfacet
  facet normal -0.130328 0.429617 0.893557
    outer loop
      vertex 29.0154 30.8522 0.400001
      vertex 29.2654 27.5952 2.00241
      vertex 30.2418 27.8914 2.00241
    endloop
  endfacet
  facet normal -0.130306 0.429619 0.893559
    outer loop
      vertex 29.2654 27.5952 2.00241
      vertex 29.0154 30.8522 0.400001
      vertex 28.6402 30.7384 0.400001
    endloop
  endfacet
  facet normal 0.211621 0.395944 0.893557
    outer loop
      vertex 26.2582 27.8914 2.00241
      vertex 27.4846 30.8522 0.400001
      vertex 25.4271 28.3356 2.00241
    endloop
  endfacet
  facet normal 0.429612 0.130341 0.893558
    outer loop
      vertex 23.4414 30.7082 2.00241
      vertex 26.4022 31.9346 0.400001
      vertex 23.1678 31.61 2.00241
    endloop
  endfacet
  facet normal 0.446791 -0.0439692 0.893557
    outer loop
      vertex 23.1452 33.7154 2.00241
      vertex 26.25 32.7 0.400001
      vertex 26.2884 33.0902 0.400001
    endloop
  endfacet
  facet normal 0.446782 -0.0440006 0.89356
    outer loop
      vertex 26.25 32.7 0.400001
      vertex 23.1452 33.7154 2.00241
      vertex 23.0452 32.7 2.00241
    endloop
  endfacet
  facet normal 0.395886 0.211743 0.893554
    outer loop
      vertex 26.4022 31.9346 0.400001
      vertex 23.4781 30.6395 2.00241
      vertex 26.5871 31.5889 0.400001
    endloop
  endfacet
  facet normal 0.395982 0.211536 0.893561
    outer loop
      vertex 23.4781 30.6395 2.00241
      vertex 26.4022 31.9346 0.400001
      vertex 23.4414 30.7082 2.00241
    endloop
  endfacet
  facet normal -0.429651 0.130162 0.893565
    outer loop
      vertex 30.2116 32.3098 0.400001
      vertex 33.3322 31.61 2.00241
      vertex 33.3548 31.6846 2.00241
    endloop
  endfacet
  facet normal -0.429617 0.130305 0.89356
    outer loop
      vertex 33.3322 31.61 2.00241
      vertex 30.2116 32.3098 0.400001
      vertex 30.0978 31.9346 0.400001
    endloop
  endfacet
  facet normal -0.21197 0.395715 0.893576
    outer loop
      vertex 29.3611 31.0371 0.400001
      vertex 31.0729 28.3356 2.00241
      vertex 31.1416 28.3724 2.00241
    endloop
  endfacet
  facet normal -0.21173 0.395862 0.893568
    outer loop
      vertex 31.0729 28.3356 2.00241
      vertex 29.3611 31.0371 0.400001
      vertex 29.0154 30.8522 0.400001
    endloop
  endfacet
  facet normal -0.211621 0.395944 0.893557
    outer loop
      vertex 30.2418 27.8914 2.00241
      vertex 31.0729 28.3356 2.00241
      vertex 29.0154 30.8522 0.400001
    endloop
  endfacet
  facet normal -0.284784 0.347047 0.893564
    outer loop
      vertex 31.2019 28.4218 2.00241
      vertex 31.9304 29.0196 2.00241
      vertex 29.6642 31.2858 0.400001
    endloop
  endfacet
  facet normal -0.284767 0.347057 0.893565
    outer loop
      vertex 29.3611 31.0371 0.400001
      vertex 31.2019 28.4218 2.00241
      vertex 29.6642 31.2858 0.400001
    endloop
  endfacet
  facet normal -0.284488 0.34726 0.893576
    outer loop
      vertex 31.2019 28.4218 2.00241
      vertex 29.3611 31.0371 0.400001
      vertex 31.1416 28.3724 2.00241
    endloop
  endfacet
  facet normal 0.347051 0.284787 0.893561
    outer loop
      vertex 24.5202 29.0799 2.00241
      vertex 26.5871 31.5889 0.400001
      vertex 23.9224 29.8084 2.00241
    endloop
  endfacet
  facet normal 0.395917 0.211654 0.893561
    outer loop
      vertex 23.9224 29.8084 2.00241
      vertex 26.5871 31.5889 0.400001
      vertex 23.4781 30.6395 2.00241
    endloop
  endfacet
  facet normal 0.284767 0.347057 0.893565
    outer loop
      vertex 25.2981 28.4218 2.00241
      vertex 27.1389 31.0371 0.400001
      vertex 26.8358 31.2858 0.400001
    endloop
  endfacet
  facet normal 0.284488 0.34726 0.893576
    outer loop
      vertex 27.1389 31.0371 0.400001
      vertex 25.2981 28.4218 2.00241
      vertex 25.3584 28.3724 2.00241
    endloop
  endfacet
  facet normal 0.347051 -0.284787 0.893561
    outer loop
      vertex 26.5871 33.8111 0.400001
      vertex 24.5202 36.3201 2.00241
      vertex 23.9224 35.5916 2.00241
    endloop
  endfacet
  facet normal 0.0440208 -0.446782 0.893559
    outer loop
      vertex 27.8598 34.6616 0.400001
      vertex 28.1724 37.8972 2.00241
      vertex 27.2346 37.8048 2.00241
    endloop
  endfacet
  facet normal 0.395917 -0.211654 0.893561
    outer loop
      vertex 26.5871 33.8111 0.400001
      vertex 23.9224 35.5916 2.00241
      vertex 23.4781 34.7605 2.00241
    endloop
  endfacet
  facet normal 0.3473 -0.284521 0.89355
    outer loop
      vertex 24.5202 36.3201 2.00241
      vertex 26.8358 34.1142 0.400001
      vertex 24.5696 36.3804 2.00241
    endloop
  endfacet
  facet normal 0.347065 -0.284774 0.89356
    outer loop
      vertex 26.8358 34.1142 0.400001
      vertex 24.5202 36.3201 2.00241
      vertex 26.5871 33.8111 0.400001
    endloop
  endfacet
  facet normal 0.429617 0.130305 0.89356
    outer loop
      vertex 26.2884 32.3098 0.400001
      vertex 23.1678 31.61 2.00241
      vertex 26.4022 31.9346 0.400001
    endloop
  endfacet
  facet normal 0.429651 0.130162 0.893565
    outer loop
      vertex 23.1678 31.61 2.00241
      vertex 26.2884 32.3098 0.400001
      vertex 23.1452 31.6846 2.00241
    endloop
  endfacet
  facet normal -0.446795 0.0439696 0.893555
    outer loop
      vertex 30.2116 32.3098 0.400001
      vertex 33.3624 31.7622 2.00241
      vertex 30.25 32.7 0.400001
    endloop
  endfacet
  facet normal -0.446828 0.0437615 0.893549
    outer loop
      vertex 33.3624 31.7622 2.00241
      vertex 30.2116 32.3098 0.400001
      vertex 33.3548 31.6846 2.00241
    endloop
  endfacet
  facet normal 0.211621 -0.395944 0.893557
    outer loop
      vertex 27.4846 34.5478 0.400001
      vertex 26.2582 37.5086 2.00241
      vertex 25.4271 37.0644 2.00241
    endloop
  endfacet
  facet normal 0.130306 -0.429619 0.893559
    outer loop
      vertex 27.2346 37.8048 2.00241
      vertex 27.4846 34.5478 0.400001
      vertex 27.8598 34.6616 0.400001
    endloop
  endfacet
  facet normal 0.130328 -0.429617 0.893557
    outer loop
      vertex 27.4846 34.5478 0.400001
      vertex 27.2346 37.8048 2.00241
      vertex 26.2582 37.5086 2.00241
    endloop
  endfacet
  facet normal 0.347065 0.284774 0.89356
    outer loop
      vertex 24.5202 29.0799 2.00241
      vertex 26.8358 31.2858 0.400001
      vertex 26.5871 31.5889 0.400001
    endloop
  endfacet
  facet normal 0.3473 0.284521 0.89355
    outer loop
      vertex 26.8358 31.2858 0.400001
      vertex 24.5202 29.0799 2.00241
      vertex 24.5696 29.0196 2.00241
    endloop
  endfacet
  facet normal 0.284784 0.347047 0.893564
    outer loop
      vertex 25.2981 28.4218 2.00241
      vertex 26.8358 31.2858 0.400001
      vertex 24.5696 29.0196 2.00241
    endloop
  endfacet
  facet normal 0.284774 -0.347065 0.89356
    outer loop
      vertex 24.6299 36.4298 2.00241
      vertex 26.8358 34.1142 0.400001
      vertex 27.1389 34.3629 0.400001
    endloop
  endfacet
  facet normal 0.284521 -0.3473 0.89355
    outer loop
      vertex 26.8358 34.1142 0.400001
      vertex 24.6299 36.4298 2.00241
      vertex 24.5696 36.3804 2.00241
    endloop
  endfacet
  facet normal 0.21173 0.395862 0.893568
    outer loop
      vertex 27.1389 31.0371 0.400001
      vertex 25.4271 28.3356 2.00241
      vertex 27.4846 30.8522 0.400001
    endloop
  endfacet
  facet normal 0.21197 0.395715 0.893576
    outer loop
      vertex 25.4271 28.3356 2.00241
      vertex 27.1389 31.0371 0.400001
      vertex 25.3584 28.3724 2.00241
    endloop
  endfacet
  facet normal -0.211621 -0.395944 0.893557
    outer loop
      vertex 31.0729 37.0644 2.00241
      vertex 30.2418 37.5086 2.00241
      vertex 29.0154 34.5478 0.400001
    endloop
  endfacet
  facet normal 0.0440208 0.446782 0.893559
    outer loop
      vertex 28.1724 27.5028 2.00241
      vertex 27.8598 30.7384 0.400001
      vertex 27.2346 27.5952 2.00241
    endloop
  endfacet
  facet normal 0.130306 0.429619 0.893559
    outer loop
      vertex 27.4846 30.8522 0.400001
      vertex 27.2346 27.5952 2.00241
      vertex 27.8598 30.7384 0.400001
    endloop
  endfacet
  facet normal 0.130328 0.429617 0.893557
    outer loop
      vertex 27.2346 27.5952 2.00241
      vertex 27.4846 30.8522 0.400001
      vertex 26.2582 27.8914 2.00241
    endloop
  endfacet
  facet normal 0.0437575 -0.446787 0.893569
    outer loop
      vertex 28.1724 37.8972 2.00241
      vertex 28.25 34.7 0.400001
      vertex 28.25 37.9048 2.00241
    endloop
  endfacet
  facet normal 0.043968 -0.446779 0.893563
    outer loop
      vertex 28.25 34.7 0.400001
      vertex 28.1724 37.8972 2.00241
      vertex 27.8598 34.6616 0.400001
    endloop
  endfacet
  facet normal 0.395886 -0.211743 0.893554
    outer loop
      vertex 23.4781 34.7605 2.00241
      vertex 26.4022 33.4654 0.400001
      vertex 26.5871 33.8111 0.400001
    endloop
  endfacet
  facet normal 0.395982 -0.211536 0.893561
    outer loop
      vertex 26.4022 33.4654 0.400001
      vertex 23.4781 34.7605 2.00241
      vertex 23.4414 34.6918 2.00241
    endloop
  endfacet
  facet normal -0.130328 -0.429617 0.893557
    outer loop
      vertex 29.2654 37.8048 2.00241
      vertex 29.0154 34.5478 0.400001
      vertex 30.2418 37.5086 2.00241
    endloop
  endfacet
  facet normal -0.130306 -0.429619 0.893559
    outer loop
      vertex 29.0154 34.5478 0.400001
      vertex 29.2654 37.8048 2.00241
      vertex 28.6402 34.6616 0.400001
    endloop
  endfacet
  facet normal -0.429678 -0.130171 0.89355
    outer loop
      vertex 30.0978 33.4654 0.400001
      vertex 33.0812 34.6172 2.00241
      vertex 33.0586 34.6918 2.00241
    endloop
  endfacet
  facet normal -0.429628 -0.130308 0.893555
    outer loop
      vertex 33.0812 34.6172 2.00241
      vertex 30.0978 33.4654 0.400001
      vertex 30.2116 33.0902 0.400001
    endloop
  endfacet
  facet normal 0.429678 -0.130171 0.89355
    outer loop
      vertex 23.4188 34.6172 2.00241
      vertex 26.4022 33.4654 0.400001
      vertex 23.4414 34.6918 2.00241
    endloop
  endfacet
  facet normal 0.429628 -0.130308 0.893555
    outer loop
      vertex 26.4022 33.4654 0.400001
      vertex 23.4188 34.6172 2.00241
      vertex 26.2884 33.0902 0.400001
    endloop
  endfacet
  facet normal -0.0437575 -0.446787 0.893569
    outer loop
      vertex 28.25 34.7 0.400001
      vertex 28.3276 37.8972 2.00241
      vertex 28.25 37.9048 2.00241
    endloop
  endfacet
  facet normal -0.043968 -0.446779 0.893563
    outer loop
      vertex 28.3276 37.8972 2.00241
      vertex 28.25 34.7 0.400001
      vertex 28.6402 34.6616 0.400001
    endloop
  endfacet
  facet normal -0.395982 -0.211536 0.893561
    outer loop
      vertex 33.0219 34.7605 2.00241
      vertex 30.0978 33.4654 0.400001
      vertex 33.0586 34.6918 2.00241
    endloop
  endfacet
  facet normal -0.395886 -0.211743 0.893554
    outer loop
      vertex 30.0978 33.4654 0.400001
      vertex 33.0219 34.7605 2.00241
      vertex 29.9129 33.8111 0.400001
    endloop
  endfacet
  facet normal 0.446791 0.0439692 0.893557
    outer loop
      vertex 26.25 32.7 0.400001
      vertex 23.1452 31.6846 2.00241
      vertex 26.2884 32.3098 0.400001
    endloop
  endfacet
  facet normal 0.446782 0.0440006 0.89356
    outer loop
      vertex 23.1452 31.6846 2.00241
      vertex 26.25 32.7 0.400001
      vertex 23.0452 32.7 2.00241
    endloop
  endfacet
  facet normal -0.0439692 0.446791 0.893557
    outer loop
      vertex 28.25 30.7 0.400001
      vertex 29.2654 27.5952 2.00241
      vertex 28.6402 30.7384 0.400001
    endloop
  endfacet
  facet normal -0.0440006 0.446782 0.89356
    outer loop
      vertex 29.2654 27.5952 2.00241
      vertex 28.25 30.7 0.400001
      vertex 28.25 27.4952 2.00241
    endloop
  endfacet
  facet normal 0.0437575 0.446787 0.893569
    outer loop
      vertex 28.25 30.7 0.400001
      vertex 28.1724 27.5028 2.00241
      vertex 28.25 27.4952 2.00241
    endloop
  endfacet
  facet normal 0.043968 0.446779 0.893563
    outer loop
      vertex 28.1724 27.5028 2.00241
      vertex 28.25 30.7 0.400001
      vertex 27.8598 30.7384 0.400001
    endloop
  endfacet
  facet normal -0.881901 -0.471435 0
    outer loop
      vertex -16.6629 -20.3111 2.00241
      vertex -16.8477 -19.9654 7.5375
      vertex -16.8477 -19.9654 2.00241
    endloop
  endfacet
  facet normal -0.881901 -0.471435 0
    outer loop
      vertex -16.8477 -19.9654 7.5375
      vertex -16.6629 -20.3111 2.00241
      vertex -16.6629 -20.3111 7.5375
    endloop
  endfacet
  facet normal 0.471435 -0.881901 0
    outer loop
      vertex 15.7654 -21.0477 2.00241
      vertex 16.1111 -20.8629 7.5375
      vertex 15.7654 -21.0477 7.5375
    endloop
  endfacet
  facet normal 0.471435 -0.881901 0
    outer loop
      vertex 16.1111 -20.8629 7.5375
      vertex 15.7654 -21.0477 2.00241
      vertex 16.1111 -20.8629 2.00241
    endloop
  endfacet
  facet normal 0.097938 -0.995193 0
    outer loop
      vertex 15 -21.2 2.00241
      vertex 15.3902 -21.1616 7.5375
      vertex 15 -21.2 7.5375
    endloop
  endfacet
  facet normal 0.097938 -0.995193 0
    outer loop
      vertex 15.3902 -21.1616 7.5375
      vertex 15 -21.2 2.00241
      vertex 15.3902 -21.1616 2.00241
    endloop
  endfacet
  facet normal 0.77307 -0.634321 0
    outer loop
      vertex 16.4142 -20.6142 7.5375
      vertex 16.6629 -20.3111 2.00241
      vertex 16.6629 -20.3111 7.5375
    endloop
  endfacet
  facet normal 0.77307 -0.634321 0
    outer loop
      vertex 16.6629 -20.3111 2.00241
      vertex 16.4142 -20.6142 7.5375
      vertex 16.4142 -20.6142 2.00241
    endloop
  endfacet
  facet normal -0.995193 -0.097938 0
    outer loop
      vertex -16.9616 -19.5902 2.00241
      vertex -17 -19.2 7.5375
      vertex -17 -19.2 2.00241
    endloop
  endfacet
  facet normal -0.995193 -0.097938 0
    outer loop
      vertex -17 -19.2 7.5375
      vertex -16.9616 -19.5902 2.00241
      vertex -16.9616 -19.5902 7.5375
    endloop
  endfacet
  facet normal -1 0 0
    outer loop
      vertex -17 -4.2 2.00241
      vertex -17 -5.2 7.5375
      vertex -17 -4.2 7.5375
    endloop
  endfacet
  facet normal -1 0 0
    outer loop
      vertex -17 -19.2 2.00241
      vertex -17 -5.2 7.5375
      vertex -17 -4.2 2.00241
    endloop
  endfacet
  facet normal -1 -0 0
    outer loop
      vertex -17 -5.2 7.5375
      vertex -17 -19.2 2.00241
      vertex -17 -19.2 7.5375
    endloop
  endfacet
  facet normal -0.290482 -0.956881 0
    outer loop
      vertex -15.7654 -21.0477 2.00241
      vertex -15.3902 -21.1616 7.5375
      vertex -15.7654 -21.0477 7.5375
    endloop
  endfacet
  facet normal -0.290482 -0.956881 -0
    outer loop
      vertex -15.3902 -21.1616 7.5375
      vertex -15.7654 -21.0477 2.00241
      vertex -15.3902 -21.1616 2.00241
    endloop
  endfacet
  facet normal -0.956881 -0.290482 0
    outer loop
      vertex -16.8477 -19.9654 2.00241
      vertex -16.9616 -19.5902 7.5375
      vertex -16.9616 -19.5902 2.00241
    endloop
  endfacet
  facet normal -0.956881 -0.290482 0
    outer loop
      vertex -16.9616 -19.5902 7.5375
      vertex -16.8477 -19.9654 2.00241
      vertex -16.8477 -19.9654 7.5375
    endloop
  endfacet
  facet normal 1 -0 0
    outer loop
      vertex 17 -5.2 7.5375
      vertex 17 -4.2 2.00241
      vertex 17 -4.2 7.5375
    endloop
  endfacet
  facet normal 1 0 0
    outer loop
      vertex 17 -19.2 2.00241
      vertex 17 -5.2 7.5375
      vertex 17 -19.2 7.5375
    endloop
  endfacet
  facet normal 1 0 0
    outer loop
      vertex 17 -5.2 7.5375
      vertex 17 -19.2 2.00241
      vertex 17 -4.2 2.00241
    endloop
  endfacet
  facet normal 0.634321 -0.77307 0
    outer loop
      vertex 16.1111 -20.8629 2.00241
      vertex 16.4142 -20.6142 7.5375
      vertex 16.1111 -20.8629 7.5375
    endloop
  endfacet
  facet normal 0.634321 -0.77307 0
    outer loop
      vertex 16.4142 -20.6142 7.5375
      vertex 16.1111 -20.8629 2.00241
      vertex 16.4142 -20.6142 2.00241
    endloop
  endfacet
  facet normal -0.77307 -0.634321 0
    outer loop
      vertex -16.4142 -20.6142 2.00241
      vertex -16.6629 -20.3111 7.5375
      vertex -16.6629 -20.3111 2.00241
    endloop
  endfacet
  facet normal -0.77307 -0.634321 0
    outer loop
      vertex -16.6629 -20.3111 7.5375
      vertex -16.4142 -20.6142 2.00241
      vertex -16.4142 -20.6142 7.5375
    endloop
  endfacet
  facet normal -0.634321 -0.77307 0
    outer loop
      vertex -16.4142 -20.6142 2.00241
      vertex -16.1111 -20.8629 7.5375
      vertex -16.4142 -20.6142 7.5375
    endloop
  endfacet
  facet normal -0.634321 -0.77307 -0
    outer loop
      vertex -16.1111 -20.8629 7.5375
      vertex -16.4142 -20.6142 2.00241
      vertex -16.1111 -20.8629 2.00241
    endloop
  endfacet
  facet normal -0.471435 -0.881901 0
    outer loop
      vertex -16.1111 -20.8629 2.00241
      vertex -15.7654 -21.0477 7.5375
      vertex -16.1111 -20.8629 7.5375
    endloop
  endfacet
  facet normal -0.471435 -0.881901 -0
    outer loop
      vertex -15.7654 -21.0477 7.5375
      vertex -16.1111 -20.8629 2.00241
      vertex -15.7654 -21.0477 2.00241
    endloop
  endfacet
  facet normal 0 -1 0
    outer loop
      vertex -15 -21.2 2.00241
      vertex 15 -21.2 7.5375
      vertex -15 -21.2 7.5375
    endloop
  endfacet
  facet normal 0 -1 -0
    outer loop
      vertex 15 -21.2 7.5375
      vertex -15 -21.2 2.00241
      vertex 15 -21.2 2.00241
    endloop
  endfacet
  facet normal 0 0 1
    outer loop
      vertex -17 -5.2 7.5375
      vertex -14.8 -18 7.5375
      vertex -14.8 -5.40001 7.5375
    endloop
  endfacet
  facet normal 0 -0 1
    outer loop
      vertex -16.9616 -19.5902 7.5375
      vertex -14.8 -18 7.5375
      vertex -17 -19.2 7.5375
    endloop
  endfacet
  facet normal 0 0 1
    outer loop
      vertex -14.8 -18 7.5375
      vertex -15.3902 -21.1616 7.5375
      vertex -15 -21.2 7.5375
    endloop
  endfacet
  facet normal 0 0 1
    outer loop
      vertex -14.8 -18 7.5375
      vertex -15.7654 -21.0477 7.5375
      vertex -15.3902 -21.1616 7.5375
    endloop
  endfacet
  facet normal 0 0 1
    outer loop
      vertex -14.8 -18 7.5375
      vertex -16.1111 -20.8629 7.5375
      vertex -15.7654 -21.0477 7.5375
    endloop
  endfacet
  facet normal 0 0 1
    outer loop
      vertex -17 -5.2 7.5375
      vertex -14.8 -5.40001 7.5375
      vertex -14.7808 -5.20491 7.5375
    endloop
  endfacet
  facet normal 0 0 1
    outer loop
      vertex -14.8 -18 7.5375
      vertex -16.4142 -20.6142 7.5375
      vertex -16.1111 -20.8629 7.5375
    endloop
  endfacet
  facet normal 0 0 1
    outer loop
      vertex -14.8 -18 7.5375
      vertex -16.6629 -20.3111 7.5375
      vertex -16.4142 -20.6142 7.5375
    endloop
  endfacet
  facet normal 0 0 1
    outer loop
      vertex -14.8 -18 7.5375
      vertex -16.8477 -19.9654 7.5375
      vertex -16.6629 -20.3111 7.5375
    endloop
  endfacet
  facet normal -0 0 1
    outer loop
      vertex -17 -5.2 7.5375
      vertex -14.7808 -5.20491 7.5375
      vertex -14.7793 -5.2 7.5375
    endloop
  endfacet
  facet normal 0 0 1
    outer loop
      vertex -14.8 -18 7.5375
      vertex -17 -5.2 7.5375
      vertex -17 -19.2 7.5375
    endloop
  endfacet
  facet normal 0 0 1
    outer loop
      vertex -14.8 -18 7.5375
      vertex -16.9616 -19.5902 7.5375
      vertex -16.8477 -19.9654 7.5375
    endloop
  endfacet
  facet normal -0 0 1
    outer loop
      vertex 14.8 -18 7.5375
      vertex 17 -19.2 7.5375
      vertex 17 -5.2 7.5375
    endloop
  endfacet
  facet normal -0 0 1
    outer loop
      vertex 14.7808 -18.1951 7.5375
      vertex 17 -19.2 7.5375
      vertex 14.8 -18 7.5375
    endloop
  endfacet
  facet normal -0 0 1
    outer loop
      vertex 14.7239 -18.3827 7.5375
      vertex 17 -19.2 7.5375
      vertex 14.7808 -18.1951 7.5375
    endloop
  endfacet
  facet normal -0 0 1
    outer loop
      vertex 14.6315 -18.5556 7.5375
      vertex 17 -19.2 7.5375
      vertex 14.7239 -18.3827 7.5375
    endloop
  endfacet
  facet normal 0 0 1
    outer loop
      vertex 17 -19.2 7.5375
      vertex 14.6315 -18.5556 7.5375
      vertex 16.9616 -19.5902 7.5375
    endloop
  endfacet
  facet normal 0 0 1
    outer loop
      vertex 16.9616 -19.5902 7.5375
      vertex 14.6315 -18.5556 7.5375
      vertex 16.8477 -19.9654 7.5375
    endloop
  endfacet
  facet normal -0 0 1
    outer loop
      vertex 14.5071 -18.7071 7.5375
      vertex 16.8477 -19.9654 7.5375
      vertex 14.6315 -18.5556 7.5375
    endloop
  endfacet
  facet normal 0 0 1
    outer loop
      vertex 16.8477 -19.9654 7.5375
      vertex 14.5071 -18.7071 7.5375
      vertex 16.6629 -20.3111 7.5375
    endloop
  endfacet
  facet normal 0 0 1
    outer loop
      vertex 14.8 -18 7.5375
      vertex 17 -5.2 7.5375
      vertex 14.8 -5.40001 7.5375
    endloop
  endfacet
  facet normal 0 0 1
    outer loop
      vertex 17 -5.2 7.5375
      vertex 14.7808 -5.20491 7.5375
      vertex 14.8 -5.40001 7.5375
    endloop
  endfacet
  facet normal 0 -0 1
    outer loop
      vertex 14.7808 -5.20491 7.5375
      vertex 17 -5.2 7.5375
      vertex 14.7793 -5.2 7.5375
    endloop
  endfacet
  facet normal 0 0 1
    outer loop
      vertex 16.6629 -20.3111 7.5375
      vertex 14.5071 -18.7071 7.5375
      vertex 16.4142 -20.6142 7.5375
    endloop
  endfacet
  facet normal 0 0 1
    outer loop
      vertex 16.4142 -20.6142 7.5375
      vertex 14.5071 -18.7071 7.5375
      vertex 16.1111 -20.8629 7.5375
    endloop
  endfacet
  facet normal 0 0 1
    outer loop
      vertex 16.1111 -20.8629 7.5375
      vertex 14.5071 -18.7071 7.5375
      vertex 15.7654 -21.0477 7.5375
    endloop
  endfacet
  facet normal -0 0 1
    outer loop
      vertex 14.3556 -18.8315 7.5375
      vertex 15.7654 -21.0477 7.5375
      vertex 14.5071 -18.7071 7.5375
    endloop
  endfacet
  facet normal 0 0 1
    outer loop
      vertex 15.7654 -21.0477 7.5375
      vertex 14.3556 -18.8315 7.5375
      vertex 15.3902 -21.1616 7.5375
    endloop
  endfacet
  facet normal 0 0 1
    outer loop
      vertex 15.3902 -21.1616 7.5375
      vertex 14.3556 -18.8315 7.5375
      vertex 15 -21.2 7.5375
    endloop
  endfacet
  facet normal -0 0 1
    outer loop
      vertex 14.1827 -18.9239 7.5375
      vertex 15 -21.2 7.5375
      vertex 14.3556 -18.8315 7.5375
    endloop
  endfacet
  facet normal -0 0 1
    outer loop
      vertex 13.9951 -18.9808 7.5375
      vertex 15 -21.2 7.5375
      vertex 14.1827 -18.9239 7.5375
    endloop
  endfacet
  facet normal -0 0 1
    outer loop
      vertex 13.8 -19 7.5375
      vertex 15 -21.2 7.5375
      vertex 13.9951 -18.9808 7.5375
    endloop
  endfacet
  facet normal -0 0 1
    outer loop
      vertex -13.8 -19 7.5375
      vertex 15 -21.2 7.5375
      vertex 13.8 -19 7.5375
    endloop
  endfacet
  facet normal 0 0 1
    outer loop
      vertex -13.8 -19 7.5375
      vertex -15 -21.2 7.5375
      vertex 15 -21.2 7.5375
    endloop
  endfacet
  facet normal 0 0 1
    outer loop
      vertex -13.9951 -18.9808 7.5375
      vertex -15 -21.2 7.5375
      vertex -13.8 -19 7.5375
    endloop
  endfacet
  facet normal 0 0 1
    outer loop
      vertex -14.1827 -18.9239 7.5375
      vertex -15 -21.2 7.5375
      vertex -13.9951 -18.9808 7.5375
    endloop
  endfacet
  facet normal 0 0 1
    outer loop
      vertex -14.3556 -18.8315 7.5375
      vertex -15 -21.2 7.5375
      vertex -14.1827 -18.9239 7.5375
    endloop
  endfacet
  facet normal 0 0 1
    outer loop
      vertex -14.5071 -18.7071 7.5375
      vertex -15 -21.2 7.5375
      vertex -14.3556 -18.8315 7.5375
    endloop
  endfacet
  facet normal 0 0 1
    outer loop
      vertex -14.6315 -18.5556 7.5375
      vertex -15 -21.2 7.5375
      vertex -14.5071 -18.7071 7.5375
    endloop
  endfacet
  facet normal 0 0 1
    outer loop
      vertex -14.7239 -18.3827 7.5375
      vertex -15 -21.2 7.5375
      vertex -14.6315 -18.5556 7.5375
    endloop
  endfacet
  facet normal 0 0 1
    outer loop
      vertex -14.7808 -18.1951 7.5375
      vertex -15 -21.2 7.5375
      vertex -14.7239 -18.3827 7.5375
    endloop
  endfacet
  facet normal 0 0 1
    outer loop
      vertex -15 -21.2 7.5375
      vertex -14.7808 -18.1951 7.5375
      vertex -14.8 -18 7.5375
    endloop
  endfacet
  facet normal 0 0 1
    outer loop
      vertex 18.5 -0.400001 7.5375
      vertex 17 -4.2 7.5375
      vertex 18.5 -4.2 7.5375
    endloop
  endfacet
  facet normal -0 0 1
    outer loop
      vertex 14.7239 -5.01732 7.5375
      vertex 17 -5.2 7.5375
      vertex 17 -4.2 7.5375
    endloop
  endfacet
  facet normal 0 0 1
    outer loop
      vertex 14.1827 -4.47612 7.5375
      vertex 17 -4.2 7.5375
      vertex 18.5 -0.400001 7.5375
    endloop
  endfacet
  facet normal 0 0 1
    outer loop
      vertex 17 -5.2 7.5375
      vertex 14.7239 -5.01732 7.5375
      vertex 14.7793 -5.2 7.5375
    endloop
  endfacet
  facet normal 0 0 1
    outer loop
      vertex 17 -4.2 7.5375
      vertex 14.6315 -4.84444 7.5375
      vertex 14.7239 -5.01732 7.5375
    endloop
  endfacet
  facet normal 0 0 1
    outer loop
      vertex 17 -4.2 7.5375
      vertex 14.5071 -4.6929 7.5375
      vertex 14.6315 -4.84444 7.5375
    endloop
  endfacet
  facet normal 0 0 1
    outer loop
      vertex 17 -4.2 7.5375
      vertex 14.3556 -4.56855 7.5375
      vertex 14.5071 -4.6929 7.5375
    endloop
  endfacet
  facet normal 0 0 1
    outer loop
      vertex 17 -4.2 7.5375
      vertex 14.1827 -4.47612 7.5375
      vertex 14.3556 -4.56855 7.5375
    endloop
  endfacet
  facet normal 0 0 1
    outer loop
      vertex 18.5 -0.400001 7.5375
      vertex 13.9951 -4.41922 7.5375
      vertex 14.1827 -4.47612 7.5375
    endloop
  endfacet
  facet normal 0 0 1
    outer loop
      vertex 18.5 -0.400001 7.5375
      vertex 13.8 -4.40001 7.5375
      vertex 13.9951 -4.41922 7.5375
    endloop
  endfacet
  facet normal 0 0 1
    outer loop
      vertex 18.5 -0.400001 7.5375
      vertex -13.8 -4.40001 7.5375
      vertex 13.8 -4.40001 7.5375
    endloop
  endfacet
  facet normal -0 0 1
    outer loop
      vertex -18.5 -0.400001 7.5375
      vertex -13.8 -4.40001 7.5375
      vertex 18.5 -0.400001 7.5375
    endloop
  endfacet
  facet normal 0 0 1
    outer loop
      vertex -17 -5.2 7.5375
      vertex -14.7239 -5.01732 7.5375
      vertex -17 -4.2 7.5375
    endloop
  endfacet
  facet normal 0 0 1
    outer loop
      vertex -14.6315 -4.84444 7.5375
      vertex -17 -4.2 7.5375
      vertex -14.7239 -5.01732 7.5375
    endloop
  endfacet
  facet normal 0 0 1
    outer loop
      vertex -14.5071 -4.6929 7.5375
      vertex -17 -4.2 7.5375
      vertex -14.6315 -4.84444 7.5375
    endloop
  endfacet
  facet normal 0 0 1
    outer loop
      vertex -14.3556 -4.56855 7.5375
      vertex -17 -4.2 7.5375
      vertex -14.5071 -4.6929 7.5375
    endloop
  endfacet
  facet normal 0 0 1
    outer loop
      vertex -14.1827 -4.47612 7.5375
      vertex -17 -4.2 7.5375
      vertex -14.3556 -4.56855 7.5375
    endloop
  endfacet
  facet normal 0 0 1
    outer loop
      vertex -18.5 -0.400001 7.5375
      vertex -14.1827 -4.47612 7.5375
      vertex -13.9951 -4.41922 7.5375
    endloop
  endfacet
  facet normal 0 0 1
    outer loop
      vertex -13.8 -4.40001 7.5375
      vertex -18.5 -0.400001 7.5375
      vertex -13.9951 -4.41922 7.5375
    endloop
  endfacet
  facet normal 0 0 1
    outer loop
      vertex -14.1827 -4.47612 7.5375
      vertex -18.5 -0.400001 7.5375
      vertex -17 -4.2 7.5375
    endloop
  endfacet
  facet normal 0 0 1
    outer loop
      vertex -17 -4.2 7.5375
      vertex -18.5 -0.400001 7.5375
      vertex -18.5 -4.2 7.5375
    endloop
  endfacet
  facet normal 0 0 1
    outer loop
      vertex -14.7239 -5.01732 7.5375
      vertex -17 -5.2 7.5375
      vertex -14.7793 -5.2 7.5375
    endloop
  endfacet
  facet normal -0.097938 -0.995193 0
    outer loop
      vertex -15.3902 -21.1616 2.00241
      vertex -15 -21.2 7.5375
      vertex -15.3902 -21.1616 7.5375
    endloop
  endfacet
  facet normal -0.097938 -0.995193 -0
    outer loop
      vertex -15 -21.2 7.5375
      vertex -15.3902 -21.1616 2.00241
      vertex -15 -21.2 2.00241
    endloop
  endfacet
  facet normal 0.881901 -0.471435 0
    outer loop
      vertex 16.6629 -20.3111 7.5375
      vertex 16.8477 -19.9654 2.00241
      vertex 16.8477 -19.9654 7.5375
    endloop
  endfacet
  facet normal 0.881901 -0.471435 0
    outer loop
      vertex 16.8477 -19.9654 2.00241
      vertex 16.6629 -20.3111 7.5375
      vertex 16.6629 -20.3111 2.00241
    endloop
  endfacet
  facet normal 0.956881 -0.290482 0
    outer loop
      vertex 16.8477 -19.9654 7.5375
      vertex 16.9616 -19.5902 2.00241
      vertex 16.9616 -19.5902 7.5375
    endloop
  endfacet
  facet normal 0.956881 -0.290482 0
    outer loop
      vertex 16.9616 -19.5902 2.00241
      vertex 16.8477 -19.9654 7.5375
      vertex 16.8477 -19.9654 2.00241
    endloop
  endfacet
  facet normal 0.290482 -0.956881 0
    outer loop
      vertex 15.3902 -21.1616 2.00241
      vertex 15.7654 -21.0477 7.5375
      vertex 15.3902 -21.1616 7.5375
    endloop
  endfacet
  facet normal 0.290482 -0.956881 0
    outer loop
      vertex 15.7654 -21.0477 7.5375
      vertex 15.3902 -21.1616 2.00241
      vertex 15.7654 -21.0477 2.00241
    endloop
  endfacet
  facet normal 0.995193 -0.097938 0
    outer loop
      vertex 16.9616 -19.5902 7.5375
      vertex 17 -19.2 2.00241
      vertex 17 -19.2 7.5375
    endloop
  endfacet
  facet normal 0.995193 -0.097938 0
    outer loop
      vertex 17 -19.2 2.00241
      vertex 16.9616 -19.5902 7.5375
      vertex 16.9616 -19.5902 2.00241
    endloop
  endfacet
  facet normal -0.772842 0.634598 0
    outer loop
      vertex 14.5071 -18.7071 2.00241
      vertex 14.6315 -18.5556 7.5375
      vertex 14.6315 -18.5556 2.00241
    endloop
  endfacet
  facet normal -0.772842 0.634598 0
    outer loop
      vertex 14.6315 -18.5556 7.5375
      vertex 14.5071 -18.7071 2.00241
      vertex 14.5071 -18.7071 7.5375
    endloop
  endfacet
  facet normal 0 -1 0
    outer loop
      vertex -13.8 -4.40001 2.00241
      vertex 13.8 -4.40001 7.5375
      vertex -13.8 -4.40001 7.5375
    endloop
  endfacet
  facet normal 0 -1 -0
    outer loop
      vertex 13.8 -4.40001 7.5375
      vertex -13.8 -4.40001 2.00241
      vertex 13.8 -4.40001 2.00241
    endloop
  endfacet
  facet normal 0.881957 0.471329 0
    outer loop
      vertex -14.6315 -18.5556 7.5375
      vertex -14.7239 -18.3827 2.00241
      vertex -14.7239 -18.3827 7.5375
    endloop
  endfacet
  facet normal 0.881957 0.471329 0
    outer loop
      vertex -14.7239 -18.3827 2.00241
      vertex -14.6315 -18.5556 7.5375
      vertex -14.6315 -18.5556 2.00241
    endloop
  endfacet
  facet normal 0.290248 0.956951 -0
    outer loop
      vertex -13.9951 -18.9808 2.00241
      vertex -14.1827 -18.9239 7.5375
      vertex -13.9951 -18.9808 7.5375
    endloop
  endfacet
  facet normal 0.290248 0.956951 0
    outer loop
      vertex -14.1827 -18.9239 7.5375
      vertex -13.9951 -18.9808 2.00241
      vertex -14.1827 -18.9239 2.00241
    endloop
  endfacet
  facet normal 0.956951 0.290248 0
    outer loop
      vertex -14.7239 -18.3827 7.5375
      vertex -14.7808 -18.1951 2.00241
      vertex -14.7808 -18.1951 7.5375
    endloop
  endfacet
  facet normal 0.956951 0.290248 0
    outer loop
      vertex -14.7808 -18.1951 2.00241
      vertex -14.7239 -18.3827 7.5375
      vertex -14.7239 -18.3827 2.00241
    endloop
  endfacet
  facet normal 0.772925 -0.634498 0
    outer loop
      vertex -14.6315 -4.84444 7.5375
      vertex -14.5071 -4.6929 2.00241
      vertex -14.5071 -4.6929 7.5375
    endloop
  endfacet
  facet normal 0.772925 -0.634498 0
    outer loop
      vertex -14.5071 -4.6929 2.00241
      vertex -14.6315 -4.84444 7.5375
      vertex -14.6315 -4.84444 2.00241
    endloop
  endfacet
  facet normal 0.995193 0.097938 0
    outer loop
      vertex -14.7808 -18.1951 7.5375
      vertex -14.8 -18 2.00241
      vertex -14.8 -18 7.5375
    endloop
  endfacet
  facet normal 0.995193 0.097938 0
    outer loop
      vertex -14.8 -18 2.00241
      vertex -14.7808 -18.1951 7.5375
      vertex -14.7808 -18.1951 2.00241
    endloop
  endfacet
  facet normal -0.881957 0.471329 0
    outer loop
      vertex 14.6315 -18.5556 2.00241
      vertex 14.7239 -18.3827 7.5375
      vertex 14.7239 -18.3827 2.00241
    endloop
  endfacet
  facet normal -0.881957 0.471329 0
    outer loop
      vertex 14.7239 -18.3827 7.5375
      vertex 14.6315 -18.5556 2.00241
      vertex 14.6315 -18.5556 7.5375
    endloop
  endfacet
  facet normal -0.881935 -0.471372 0
    outer loop
      vertex 14.7239 -5.01732 2.00241
      vertex 14.6315 -4.84444 7.5375
      vertex 14.6315 -4.84444 2.00241
    endloop
  endfacet
  facet normal -0.881935 -0.471372 0
    outer loop
      vertex 14.6315 -4.84444 7.5375
      vertex 14.7239 -5.01732 2.00241
      vertex 14.7239 -5.01732 7.5375
    endloop
  endfacet
  facet normal -1 0 0
    outer loop
      vertex 14.8 -18 2.00241
      vertex 14.8 -5.40001 7.5375
      vertex 14.8 -5.40001 2.00241
    endloop
  endfacet
  facet normal -1 -0 0
    outer loop
      vertex 14.8 -5.40001 7.5375
      vertex 14.8 -18 2.00241
      vertex 14.8 -18 7.5375
    endloop
  endfacet
  facet normal 0 1 -0
    outer loop
      vertex 13.8 -19 2.00241
      vertex -13.8 -19 7.5375
      vertex 13.8 -19 7.5375
    endloop
  endfacet
  facet normal 0 1 0
    outer loop
      vertex -13.8 -19 7.5375
      vertex 13.8 -19 2.00241
      vertex -13.8 -19 2.00241
    endloop
  endfacet
  facet normal -0.995193 -0.097938 0
    outer loop
      vertex 14.8 -5.40001 2.00241
      vertex 14.7808 -5.20491 7.5375
      vertex 14.7808 -5.20491 2.00241
    endloop
  endfacet
  facet normal -0.995193 -0.097938 0
    outer loop
      vertex 14.7808 -5.20491 7.5375
      vertex 14.8 -5.40001 2.00241
      vertex 14.8 -5.40001 7.5375
    endloop
  endfacet
  facet normal 0.956963 -0.290211 0
    outer loop
      vertex -14.7793 -5.2 7.5375
      vertex -14.7239 -5.01732 2.00241
      vertex -14.7239 -5.01732 7.5375
    endloop
  endfacet
  facet normal 0.956367 -0.292169 0
    outer loop
      vertex -14.7808 -5.20491 2.00241
      vertex -14.7793 -5.2 7.5375
      vertex -14.7808 -5.20491 7.5375
    endloop
  endfacet
  facet normal 0.956947 -0.290262 -1.84878e-06
    outer loop
      vertex -14.7793 -5.2 7.5375
      vertex -14.7808 -5.20491 2.00241
      vertex -14.7239 -5.01732 2.00241
    endloop
  endfacet
  facet normal 0.471329 0.881957 -0
    outer loop
      vertex -14.1827 -18.9239 2.00241
      vertex -14.3556 -18.8315 7.5375
      vertex -14.1827 -18.9239 7.5375
    endloop
  endfacet
  facet normal 0.471329 0.881957 0
    outer loop
      vertex -14.3556 -18.8315 7.5375
      vertex -14.1827 -18.9239 2.00241
      vertex -14.3556 -18.8315 2.00241
    endloop
  endfacet
  facet normal 1 -0 0
    outer loop
      vertex -14.8 -18 7.5375
      vertex -14.8 -5.40001 2.00241
      vertex -14.8 -5.40001 7.5375
    endloop
  endfacet
  facet normal 1 0 0
    outer loop
      vertex -14.8 -5.40001 2.00241
      vertex -14.8 -18 7.5375
      vertex -14.8 -18 2.00241
    endloop
  endfacet
  facet normal 0.881935 -0.471372 0
    outer loop
      vertex -14.7239 -5.01732 7.5375
      vertex -14.6315 -4.84444 2.00241
      vertex -14.6315 -4.84444 7.5375
    endloop
  endfacet
  facet normal 0.881935 -0.471372 0
    outer loop
      vertex -14.6315 -4.84444 2.00241
      vertex -14.7239 -5.01732 7.5375
      vertex -14.7239 -5.01732 2.00241
    endloop
  endfacet
  facet normal 0.290248 -0.956951 0
    outer loop
      vertex -14.1827 -4.47612 2.00241
      vertex -13.9951 -4.41922 7.5375
      vertex -14.1827 -4.47612 7.5375
    endloop
  endfacet
  facet normal 0.290248 -0.956951 0
    outer loop
      vertex -13.9951 -4.41922 7.5375
      vertex -14.1827 -4.47612 2.00241
      vertex -13.9951 -4.41922 2.00241
    endloop
  endfacet
  facet normal -0.956963 -0.290211 0
    outer loop
      vertex 14.7239 -5.01732 2.00241
      vertex 14.7793 -5.2 7.5375
      vertex 14.7239 -5.01732 7.5375
    endloop
  endfacet
  facet normal -0.956947 -0.290262 -1.84878e-06
    outer loop
      vertex 14.7808 -5.20491 2.00241
      vertex 14.7793 -5.2 7.5375
      vertex 14.7239 -5.01732 2.00241
    endloop
  endfacet
  facet normal -0.956367 -0.292169 0
    outer loop
      vertex 14.7793 -5.2 7.5375
      vertex 14.7808 -5.20491 2.00241
      vertex 14.7808 -5.20491 7.5375
    endloop
  endfacet
  facet normal 0.097938 0.995193 -0
    outer loop
      vertex -13.8 -19 2.00241
      vertex -13.9951 -18.9808 7.5375
      vertex -13.8 -19 7.5375
    endloop
  endfacet
  facet normal 0.097938 0.995193 0
    outer loop
      vertex -13.9951 -18.9808 7.5375
      vertex -13.8 -19 2.00241
      vertex -13.9951 -18.9808 2.00241
    endloop
  endfacet
  facet normal -0.471329 0.881957 0
    outer loop
      vertex 14.3556 -18.8315 2.00241
      vertex 14.1827 -18.9239 7.5375
      vertex 14.3556 -18.8315 7.5375
    endloop
  endfacet
  facet normal -0.471329 0.881957 0
    outer loop
      vertex 14.1827 -18.9239 7.5375
      vertex 14.3556 -18.8315 2.00241
      vertex 14.1827 -18.9239 2.00241
    endloop
  endfacet
  facet normal -0.995193 0.097938 0
    outer loop
      vertex 14.7808 -18.1951 2.00241
      vertex 14.8 -18 7.5375
      vertex 14.8 -18 2.00241
    endloop
  endfacet
  facet normal -0.995193 0.097938 0
    outer loop
      vertex 14.8 -18 7.5375
      vertex 14.7808 -18.1951 2.00241
      vertex 14.7808 -18.1951 7.5375
    endloop
  endfacet
  facet normal 0.995193 -0.097938 0
    outer loop
      vertex -14.8 -5.40001 7.5375
      vertex -14.7808 -5.20491 2.00241
      vertex -14.7808 -5.20491 7.5375
    endloop
  endfacet
  facet normal 0.995193 -0.097938 0
    outer loop
      vertex -14.7808 -5.20491 2.00241
      vertex -14.8 -5.40001 7.5375
      vertex -14.8 -5.40001 2.00241
    endloop
  endfacet
  facet normal -0.290248 0.956951 0
    outer loop
      vertex 14.1827 -18.9239 2.00241
      vertex 13.9951 -18.9808 7.5375
      vertex 14.1827 -18.9239 7.5375
    endloop
  endfacet
  facet normal -0.290248 0.956951 0
    outer loop
      vertex 13.9951 -18.9808 7.5375
      vertex 14.1827 -18.9239 2.00241
      vertex 13.9951 -18.9808 2.00241
    endloop
  endfacet
  facet normal 0.0979885 -0.995188 0
    outer loop
      vertex -13.9951 -4.41922 2.00241
      vertex -13.8 -4.40001 7.5375
      vertex -13.9951 -4.41922 7.5375
    endloop
  endfacet
  facet normal 0.0979885 -0.995188 0
    outer loop
      vertex -13.8 -4.40001 7.5375
      vertex -13.9951 -4.41922 2.00241
      vertex -13.8 -4.40001 2.00241
    endloop
  endfacet
  facet normal 0.471448 -0.881894 0
    outer loop
      vertex -14.3556 -4.56855 2.00241
      vertex -14.1827 -4.47612 7.5375
      vertex -14.3556 -4.56855 7.5375
    endloop
  endfacet
  facet normal 0.471448 -0.881894 0
    outer loop
      vertex -14.1827 -4.47612 7.5375
      vertex -14.3556 -4.56855 2.00241
      vertex -14.1827 -4.47612 2.00241
    endloop
  endfacet
  facet normal -0.0979885 -0.995188 0
    outer loop
      vertex 13.8 -4.40001 2.00241
      vertex 13.9951 -4.41922 7.5375
      vertex 13.8 -4.40001 7.5375
    endloop
  endfacet
  facet normal -0.0979885 -0.995188 -0
    outer loop
      vertex 13.9951 -4.41922 7.5375
      vertex 13.8 -4.40001 2.00241
      vertex 13.9951 -4.41922 2.00241
    endloop
  endfacet
  facet normal -0.097938 0.995193 0
    outer loop
      vertex 13.9951 -18.9808 2.00241
      vertex 13.8 -19 7.5375
      vertex 13.9951 -18.9808 7.5375
    endloop
  endfacet
  facet normal -0.097938 0.995193 0
    outer loop
      vertex 13.8 -19 7.5375
      vertex 13.9951 -18.9808 2.00241
      vertex 13.8 -19 2.00241
    endloop
  endfacet
  facet normal -0.634598 0.772842 0
    outer loop
      vertex 14.5071 -18.7071 2.00241
      vertex 14.3556 -18.8315 7.5375
      vertex 14.5071 -18.7071 7.5375
    endloop
  endfacet
  facet normal -0.634598 0.772842 0
    outer loop
      vertex 14.3556 -18.8315 7.5375
      vertex 14.5071 -18.7071 2.00241
      vertex 14.3556 -18.8315 2.00241
    endloop
  endfacet
  facet normal -0.471448 -0.881894 0
    outer loop
      vertex 14.1827 -4.47612 2.00241
      vertex 14.3556 -4.56855 7.5375
      vertex 14.1827 -4.47612 7.5375
    endloop
  endfacet
  facet normal -0.471448 -0.881894 -0
    outer loop
      vertex 14.3556 -4.56855 7.5375
      vertex 14.1827 -4.47612 2.00241
      vertex 14.3556 -4.56855 2.00241
    endloop
  endfacet
  facet normal 0.772842 0.634598 0
    outer loop
      vertex -14.5071 -18.7071 7.5375
      vertex -14.6315 -18.5556 2.00241
      vertex -14.6315 -18.5556 7.5375
    endloop
  endfacet
  facet normal 0.772842 0.634598 0
    outer loop
      vertex -14.6315 -18.5556 2.00241
      vertex -14.5071 -18.7071 7.5375
      vertex -14.5071 -18.7071 2.00241
    endloop
  endfacet
  facet normal -0.290248 -0.956951 0
    outer loop
      vertex 13.9951 -4.41922 2.00241
      vertex 14.1827 -4.47612 7.5375
      vertex 13.9951 -4.41922 7.5375
    endloop
  endfacet
  facet normal -0.290248 -0.956951 -0
    outer loop
      vertex 14.1827 -4.47612 7.5375
      vertex 13.9951 -4.41922 2.00241
      vertex 14.1827 -4.47612 2.00241
    endloop
  endfacet
  facet normal -0.956951 0.290248 0
    outer loop
      vertex 14.7239 -18.3827 2.00241
      vertex 14.7808 -18.1951 7.5375
      vertex 14.7808 -18.1951 2.00241
    endloop
  endfacet
  facet normal -0.956951 0.290248 0
    outer loop
      vertex 14.7808 -18.1951 7.5375
      vertex 14.7239 -18.3827 2.00241
      vertex 14.7239 -18.3827 7.5375
    endloop
  endfacet
  facet normal -0.634446 -0.772968 0
    outer loop
      vertex 14.3556 -4.56855 2.00241
      vertex 14.5071 -4.6929 7.5375
      vertex 14.3556 -4.56855 7.5375
    endloop
  endfacet
  facet normal -0.634446 -0.772968 -0
    outer loop
      vertex 14.5071 -4.6929 7.5375
      vertex 14.3556 -4.56855 2.00241
      vertex 14.5071 -4.6929 2.00241
    endloop
  endfacet
  facet normal 0.634446 -0.772968 0
    outer loop
      vertex -14.5071 -4.6929 2.00241
      vertex -14.3556 -4.56855 7.5375
      vertex -14.5071 -4.6929 7.5375
    endloop
  endfacet
  facet normal 0.634446 -0.772968 0
    outer loop
      vertex -14.3556 -4.56855 7.5375
      vertex -14.5071 -4.6929 2.00241
      vertex -14.3556 -4.56855 2.00241
    endloop
  endfacet
  facet normal 0.634598 0.772842 -0
    outer loop
      vertex -14.3556 -18.8315 2.00241
      vertex -14.5071 -18.7071 7.5375
      vertex -14.3556 -18.8315 7.5375
    endloop
  endfacet
  facet normal 0.634598 0.772842 0
    outer loop
      vertex -14.5071 -18.7071 7.5375
      vertex -14.3556 -18.8315 2.00241
      vertex -14.5071 -18.7071 2.00241
    endloop
  endfacet
  facet normal -0.772925 -0.634498 0
    outer loop
      vertex 14.6315 -4.84444 2.00241
      vertex 14.5071 -4.6929 7.5375
      vertex 14.5071 -4.6929 2.00241
    endloop
  endfacet
  facet normal -0.772925 -0.634498 0
    outer loop
      vertex 14.5071 -4.6929 7.5375
      vertex 14.6315 -4.84444 2.00241
      vertex 14.6315 -4.84444 7.5375
    endloop
  endfacet
  facet normal 0 1 0
    outer loop
      vertex 34.0964 -0.400001 9.1375
      vertex 18.5 -0.400001 7.5375
      vertex 18.5 -0.400001 9.1375
    endloop
  endfacet
  facet normal 0 1 0
    outer loop
      vertex 18.5 -0.400001 7.5375
      vertex 34.0964 -0.400001 2.00241
      vertex -18.5 -0.400001 7.5375
    endloop
  endfacet
  facet normal 0 1 -0
    outer loop
      vertex 34.0964 -0.400001 2.00241
      vertex 18.5 -0.400001 7.5375
      vertex 34.0964 -0.400001 9.1375
    endloop
  endfacet
  facet normal 0 1 -0
    outer loop
      vertex -18.5 -0.400001 7.5375
      vertex -34.0964 -0.400001 9.1375
      vertex -18.5 -0.400001 9.1375
    endloop
  endfacet
  facet normal 0 1 0
    outer loop
      vertex -34.0964 -0.400001 2.00241
      vertex -18.5 -0.400001 7.5375
      vertex 34.0964 -0.400001 2.00241
    endloop
  endfacet
  facet normal 0 1 0
    outer loop
      vertex -18.5 -0.400001 7.5375
      vertex -34.0964 -0.400001 2.00241
      vertex -34.0964 -0.400001 9.1375
    endloop
  endfacet
  facet normal 0 -1 0
    outer loop
      vertex 17 -4.2 2.00241
      vertex 18.5 -4.2 7.5375
      vertex 17 -4.2 7.5375
    endloop
  endfacet
  facet normal 0 -1 0
    outer loop
      vertex 18.5 -4.2 7.5375
      vertex 37.899 -4.2 2.00241
      vertex 38.3476 -4.2 2.45099
    endloop
  endfacet
  facet normal 0 -1 0
    outer loop
      vertex 38.3476 -4.2 2.45099
      vertex 37.899 -4.2 2.00241
      vertex 38.3285 -4.2 2.35486
    endloop
  endfacet
  facet normal 0 -1 0
    outer loop
      vertex 38.3285 -4.2 2.35486
      vertex 37.899 -4.2 2.00241
      vertex 38.291 -4.2 2.2643
    endloop
  endfacet
  facet normal 0 -1 0
    outer loop
      vertex 38.291 -4.2 2.2643
      vertex 37.899 -4.2 2.00241
      vertex 38.2365 -4.2 2.1828
    endloop
  endfacet
  facet normal 0 -1 0
    outer loop
      vertex 38.2365 -4.2 2.1828
      vertex 37.899 -4.2 2.00241
      vertex 38.1672 -4.2 2.11349
    endloop
  endfacet
  facet normal 0 -1 0
    outer loop
      vertex 38.1672 -4.2 2.11349
      vertex 37.899 -4.2 2.00241
      vertex 38.0857 -4.2 2.05904
    endloop
  endfacet
  facet normal 0 -1 -0
    outer loop
      vertex 18.5 -4.2 7.5375
      vertex 17 -4.2 2.00241
      vertex 37.899 -4.2 2.00241
    endloop
  endfacet
  facet normal 0 -1 0
    outer loop
      vertex 38.0857 -4.2 2.05904
      vertex 37.899 -4.2 2.00241
      vertex 37.9951 -4.2 2.02153
    endloop
  endfacet
  facet normal 0 -1 0
    outer loop
      vertex 18.5 -4.2 7.5375
      vertex 38.3476 -4.2 9.1375
      vertex 18.5 -4.2 9.1375
    endloop
  endfacet
  facet normal 0 -1 -0
    outer loop
      vertex 38.3476 -4.2 9.1375
      vertex 18.5 -4.2 7.5375
      vertex 38.3476 -4.2 2.45099
    endloop
  endfacet
  facet normal 0 -1 0
    outer loop
      vertex -38.3476 -4.2 9.1375
      vertex -18.5 -4.2 7.5375
      vertex -18.5 -4.2 9.1375
    endloop
  endfacet
  facet normal 0 -1 0
    outer loop
      vertex -37.899 -4.2 2.00241
      vertex -38.3476 -4.2 9.1375
      vertex -38.3476 -4.2 2.45099
    endloop
  endfacet
  facet normal 0 -1 0
    outer loop
      vertex -38.3476 -4.2 9.1375
      vertex -37.899 -4.2 2.00241
      vertex -18.5 -4.2 7.5375
    endloop
  endfacet
  facet normal 0 -1 0
    outer loop
      vertex -37.899 -4.2 2.00241
      vertex -38.3476 -4.2 2.45099
      vertex -38.3285 -4.2 2.35486
    endloop
  endfacet
  facet normal 0 -1 0
    outer loop
      vertex -37.899 -4.2 2.00241
      vertex -38.3285 -4.2 2.35486
      vertex -38.291 -4.2 2.2643
    endloop
  endfacet
  facet normal 0 -1 0
    outer loop
      vertex -37.899 -4.2 2.00241
      vertex -38.291 -4.2 2.2643
      vertex -38.2365 -4.2 2.1828
    endloop
  endfacet
  facet normal 0 -1 0
    outer loop
      vertex -37.899 -4.2 2.00241
      vertex -38.2365 -4.2 2.1828
      vertex -38.1672 -4.2 2.11349
    endloop
  endfacet
  facet normal 0 -1 0
    outer loop
      vertex -37.899 -4.2 2.00241
      vertex -38.1672 -4.2 2.11349
      vertex -38.0857 -4.2 2.05904
    endloop
  endfacet
  facet normal 0 -1 0
    outer loop
      vertex -37.899 -4.2 2.00241
      vertex -38.0857 -4.2 2.05904
      vertex -37.9951 -4.2 2.02153
    endloop
  endfacet
  facet normal 0 -1 0
    outer loop
      vertex -17 -4.2 2.00241
      vertex -18.5 -4.2 7.5375
      vertex -37.899 -4.2 2.00241
    endloop
  endfacet
  facet normal 0 -1 0
    outer loop
      vertex -18.5 -4.2 7.5375
      vertex -17 -4.2 2.00241
      vertex -17 -4.2 7.5375
    endloop
  endfacet
  facet normal -1 0 0
    outer loop
      vertex 18.5 -4.2 7.5375
      vertex 18.5 -0.400001 9.1375
      vertex 18.5 -0.400001 7.5375
    endloop
  endfacet
  facet normal -1 -0 0
    outer loop
      vertex 18.5 -0.400001 9.1375
      vertex 18.5 -4.2 7.5375
      vertex 18.5 -4.2 9.1375
    endloop
  endfacet
  facet normal 1 -0 0
    outer loop
      vertex -18.5 -4.2 9.1375
      vertex -18.5 -0.400001 7.5375
      vertex -18.5 -0.400001 9.1375
    endloop
  endfacet
  facet normal 1 0 0
    outer loop
      vertex -18.5 -0.400001 7.5375
      vertex -18.5 -4.2 9.1375
      vertex -18.5 -4.2 7.5375
    endloop
  endfacet
  facet normal 1 -0 0
    outer loop
      vertex -37.15 -40.2431 9.1375
      vertex -37.15 -35.2 2.00241
      vertex -37.15 -35.2 9.1375
    endloop
  endfacet
  facet normal 1 0 0
    outer loop
      vertex -37.15 -35.2 2.00241
      vertex -37.15 -40.2431 9.1375
      vertex -37.15 -40.2431 2.00241
    endloop
  endfacet
  facet normal -0 0 1
    outer loop
      vertex -38.3476 -35.2 9.1375
      vertex -37.15 -40.2431 9.1375
      vertex -37.15 -35.2 9.1375
    endloop
  endfacet
  facet normal 0 0 1
    outer loop
      vertex -38.3476 -44.2 9.1375
      vertex -37.15 -40.2431 9.1375
      vertex -38.3476 -35.2 9.1375
    endloop
  endfacet
  facet normal -0 0 1
    outer loop
      vertex -38.3476 -44.2 9.1375
      vertex -38.35 -44.7215 9.1375
      vertex -37.15 -40.2431 9.1375
    endloop
  endfacet
  facet normal 0 0 1
    outer loop
      vertex -38.35 -44.7215 9.1375
      vertex -38.3476 -44.2 9.1375
      vertex -38.35 -44.2 9.1375
    endloop
  endfacet
  facet normal 0 0 1
    outer loop
      vertex -36.4442 -37.6089 2
      vertex -35.407 -49.1928 2
      vertex -32.5805 -38.6442 2
    endloop
  endfacet
  facet normal 0 0 1
    outer loop
      vertex -36.4442 -37.6089 2
      vertex -39.25 -49.1928 2
      vertex -35.407 -49.1928 2
    endloop
  endfacet
  facet normal 0 -0 1
    outer loop
      vertex -39.25 -49.1928 2
      vertex -36.4442 -37.6089 2
      vertex -39.5404 -49.1642 2
    endloop
  endfacet
  facet normal 0 1 0
    outer loop
      vertex -37.15 -35.2 9.1375
      vertex -38.3476 -35.2 2.45099
      vertex -38.3476 -35.2 9.1375
    endloop
  endfacet
  facet normal 0 1 -0
    outer loop
      vertex -37.15 -35.2 2.00241
      vertex -38.3476 -35.2 2.45099
      vertex -37.15 -35.2 9.1375
    endloop
  endfacet
  facet normal 0 1 -0
    outer loop
      vertex -37.899 -35.2 2.00241
      vertex -38.3476 -35.2 2.45099
      vertex -37.15 -35.2 2.00241
    endloop
  endfacet
  facet normal 0 1 0
    outer loop
      vertex -38.3476 -35.2 2.45099
      vertex -37.899 -35.2 2.00241
      vertex -38.3285 -35.2 2.35486
    endloop
  endfacet
  facet normal 0 1 0
    outer loop
      vertex -38.3285 -35.2 2.35486
      vertex -37.899 -35.2 2.00241
      vertex -38.291 -35.2 2.2643
    endloop
  endfacet
  facet normal 0 1 0
    outer loop
      vertex -38.291 -35.2 2.2643
      vertex -37.899 -35.2 2.00241
      vertex -38.2365 -35.2 2.1828
    endloop
  endfacet
  facet normal 0 1 0
    outer loop
      vertex -38.2365 -35.2 2.1828
      vertex -37.899 -35.2 2.00241
      vertex -38.1672 -35.2 2.11349
    endloop
  endfacet
  facet normal 0 1 0
    outer loop
      vertex -38.1672 -35.2 2.11349
      vertex -37.899 -35.2 2.00241
      vertex -38.0857 -35.2 2.05904
    endloop
  endfacet
  facet normal 0 1 0
    outer loop
      vertex -38.0857 -35.2 2.05904
      vertex -37.899 -35.2 2.00241
      vertex -37.9951 -35.2 2.02153
    endloop
  endfacet
  facet normal 0 0 1
    outer loop
      vertex 37.15 -40.2431 9.1375
      vertex 38.3476 -35.2 9.1375
      vertex 37.15 -35.2 9.1375
    endloop
  endfacet
  facet normal -0 0 1
    outer loop
      vertex 38.3476 -44.2 9.1375
      vertex 38.35 -44.7215 9.1375
      vertex 38.35 -44.2 9.1375
    endloop
  endfacet
  facet normal 0 0 1
    outer loop
      vertex 38.3476 -35.2 9.1375
      vertex 37.15 -40.2431 9.1375
      vertex 38.3476 -44.2 9.1375
    endloop
  endfacet
  facet normal 0 0 1
    outer loop
      vertex 38.3476 -44.2 9.1375
      vertex 37.15 -40.2431 9.1375
      vertex 38.35 -44.7215 9.1375
    endloop
  endfacet
  facet normal 0 0 1
    outer loop
      vertex 36.4442 -37.6089 2
      vertex 39.25 -49.1928 2
      vertex 39.5404 -49.1642 2
    endloop
  endfacet
  facet normal 0 0 1
    outer loop
      vertex 36.4442 -37.6089 2
      vertex 35.407 -49.1928 2
      vertex 39.25 -49.1928 2
    endloop
  endfacet
  facet normal 0 -0 1
    outer loop
      vertex 35.407 -49.1928 2
      vertex 36.4442 -37.6089 2
      vertex 32.5805 -38.6442 2
    endloop
  endfacet
  facet normal -1 0 0
    outer loop
      vertex 37.15 -40.2431 2.00241
      vertex 37.15 -35.2 9.1375
      vertex 37.15 -35.2 2.00241
    endloop
  endfacet
  facet normal -1 -0 0
    outer loop
      vertex 37.15 -35.2 9.1375
      vertex 37.15 -40.2431 2.00241
      vertex 37.15 -40.2431 9.1375
    endloop
  endfacet
  facet normal 0 1 -0
    outer loop
      vertex 38.3476 -35.2 2.45099
      vertex 37.15 -35.2 9.1375
      vertex 38.3476 -35.2 9.1375
    endloop
  endfacet
  facet normal 0 1 0
    outer loop
      vertex 37.899 -35.2 2.00241
      vertex 38.3476 -35.2 2.45099
      vertex 38.3285 -35.2 2.35486
    endloop
  endfacet
  facet normal 0 1 0
    outer loop
      vertex 37.899 -35.2 2.00241
      vertex 38.3285 -35.2 2.35486
      vertex 38.291 -35.2 2.2643
    endloop
  endfacet
  facet normal 0 1 0
    outer loop
      vertex 37.899 -35.2 2.00241
      vertex 38.291 -35.2 2.2643
      vertex 38.2365 -35.2 2.1828
    endloop
  endfacet
  facet normal 0 1 0
    outer loop
      vertex 37.899 -35.2 2.00241
      vertex 38.2365 -35.2 2.1828
      vertex 38.1672 -35.2 2.11349
    endloop
  endfacet
  facet normal 0 1 0
    outer loop
      vertex 37.899 -35.2 2.00241
      vertex 38.1672 -35.2 2.11349
      vertex 38.0857 -35.2 2.05904
    endloop
  endfacet
  facet normal 0 1 0
    outer loop
      vertex 37.899 -35.2 2.00241
      vertex 38.0857 -35.2 2.05904
      vertex 37.9951 -35.2 2.02153
    endloop
  endfacet
  facet normal 0 1 0
    outer loop
      vertex 38.3476 -35.2 2.45099
      vertex 37.899 -35.2 2.00241
      vertex 37.15 -35.2 2.00241
    endloop
  endfacet
  facet normal 0 1 0
    outer loop
      vertex 38.3476 -35.2 2.45099
      vertex 37.15 -35.2 2.00241
      vertex 37.15 -35.2 9.1375
    endloop
  endfacet
  facet normal -1 0 0
    outer loop
      vertex 38.35 47.6 1.2
      vertex 38.35 48.4 9.1375
      vertex 38.35 48.4 1.2
    endloop
  endfacet
  facet normal -1 -0 0
    outer loop
      vertex 38.35 48.4 9.1375
      vertex 38.35 47.6 1.2
      vertex 38.35 47.6 9.1375
    endloop
  endfacet
  facet normal -0 0 1
    outer loop
      vertex -38.35 48.4 1.2
      vertex 38.35 47.6 1.2
      vertex 38.35 48.4 1.2
    endloop
  endfacet
  facet normal 0 0 1
    outer loop
      vertex 38.35 47.6 1.2
      vertex -38.35 48.4 1.2
      vertex -38.35 47.6 1.2
    endloop
  endfacet
  facet normal 1 -0 0
    outer loop
      vertex -38.35 47.6 9.1375
      vertex -38.35 48.4 1.2
      vertex -38.35 48.4 9.1375
    endloop
  endfacet
  facet normal 1 0 0
    outer loop
      vertex -38.35 48.4 1.2
      vertex -38.35 47.6 9.1375
      vertex -38.35 47.6 1.2
    endloop
  endfacet
  facet normal 0 1 -0
    outer loop
      vertex 38.35 47.6 1.2
      vertex -38.35 47.6 9.1375
      vertex 38.35 47.6 9.1375
    endloop
  endfacet
  facet normal 0 1 0
    outer loop
      vertex -38.35 47.6 9.1375
      vertex 38.35 47.6 1.2
      vertex -38.35 47.6 1.2
    endloop
  endfacet
  facet normal -1 0 0
    outer loop
      vertex 37.15 48.4 2.2
      vertex 37.15 49.1928 9.1375
      vertex 37.15 49.1928 2.2
    endloop
  endfacet
  facet normal -1 -0 0
    outer loop
      vertex 37.15 49.1928 9.1375
      vertex 37.15 48.4 2.2
      vertex 37.15 48.4 9.1375
    endloop
  endfacet
  facet normal -0 0 1
    outer loop
      vertex -37.15 49.1928 2.2
      vertex 37.15 48.4 2.2
      vertex 37.15 49.1928 2.2
    endloop
  endfacet
  facet normal 0 0 1
    outer loop
      vertex 37.15 48.4 2.2
      vertex -37.15 49.1928 2.2
      vertex -37.15 48.4 2.2
    endloop
  endfacet
  facet normal 1 -0 0
    outer loop
      vertex -37.15 48.4 9.1375
      vertex -37.15 49.1928 2.2
      vertex -37.15 49.1928 9.1375
    endloop
  endfacet
  facet normal 1 0 0
    outer loop
      vertex -37.15 49.1928 2.2
      vertex -37.15 48.4 9.1375
      vertex -37.15 48.4 2.2
    endloop
  endfacet
  facet normal 0 -1 0
    outer loop
      vertex -38.35 48.4 9.1375
      vertex -37.15 48.4 2.2
      vertex -37.15 48.4 9.1375
    endloop
  endfacet
  facet normal 0 -1 -0
    outer loop
      vertex -37.15 48.4 2.2
      vertex -38.35 48.4 1.2
      vertex 37.15 48.4 2.2
    endloop
  endfacet
  facet normal 0 -1 0
    outer loop
      vertex -38.35 48.4 1.2
      vertex -37.15 48.4 2.2
      vertex -38.35 48.4 9.1375
    endloop
  endfacet
  facet normal 0 -1 0
    outer loop
      vertex 37.15 48.4 2.2
      vertex 38.35 48.4 9.1375
      vertex 37.15 48.4 9.1375
    endloop
  endfacet
  facet normal 0 -1 0
    outer loop
      vertex 37.15 48.4 2.2
      vertex 38.35 48.4 1.2
      vertex 38.35 48.4 9.1375
    endloop
  endfacet
  facet normal 0 -1 0
    outer loop
      vertex 38.35 48.4 1.2
      vertex 37.15 48.4 2.2
      vertex -38.35 48.4 1.2
    endloop
  endfacet
  facet normal 0.995192 -0.0979479 0
    outer loop
      vertex -22.5625 7.1875 0.4
      vertex -22.5481 7.33381 0.00722237
      vertex -22.5481 7.33381 0.4
    endloop
  endfacet
  facet normal 0.995192 -0.0979479 0
    outer loop
      vertex -22.5481 7.33381 0.00722237
      vertex -22.5625 7.1875 0.4
      vertex -22.5625 7.1875 0.00722237
    endloop
  endfacet
  facet normal 0.881935 0.471372 0
    outer loop
      vertex -22.4361 1.14583 0.4
      vertex -22.5054 1.27549 0.00722237
      vertex -22.5054 1.27549 0.4
    endloop
  endfacet
  facet normal 0.881935 0.471372 0
    outer loop
      vertex -22.5054 1.27549 0.00722237
      vertex -22.4361 1.14583 0.4
      vertex -22.4361 1.14583 0.00722237
    endloop
  endfacet
  facet normal 1 -0 0
    outer loop
      vertex -22.5625 1.5625 0.4
      vertex -22.5625 7.1875 0.00722237
      vertex -22.5625 7.1875 0.4
    endloop
  endfacet
  facet normal 1 0 0
    outer loop
      vertex -22.5625 7.1875 0.00722237
      vertex -22.5625 1.5625 0.4
      vertex -22.5625 1.5625 0.00722237
    endloop
  endfacet
  facet normal 0.0980893 0.995178 -0
    outer loop
      vertex -21.8125 0.8125 0.00722237
      vertex -21.9588 0.82692 0.4
      vertex -21.8125 0.8125 0.4
    endloop
  endfacet
  facet normal 0.0980893 0.995178 0
    outer loop
      vertex -21.9588 0.82692 0.4
      vertex -21.8125 0.8125 0.00722237
      vertex -21.9588 0.82692 0.00722237
    endloop
  endfacet
  facet normal 0.956904 0.290404 0
    outer loop
      vertex -22.5054 1.27549 0.4
      vertex -22.5481 1.41619 0.00722237
      vertex -22.5481 1.41619 0.4
    endloop
  endfacet
  facet normal 0.956904 0.290404 0
    outer loop
      vertex -22.5481 1.41619 0.00722237
      vertex -22.5054 1.27549 0.4
      vertex -22.5054 1.27549 0.00722237
    endloop
  endfacet
  facet normal 0.995192 0.0979479 0
    outer loop
      vertex -22.5481 1.41619 0.4
      vertex -22.5625 1.5625 0.00722237
      vertex -22.5625 1.5625 0.4
    endloop
  endfacet
  facet normal 0.995192 0.0979479 0
    outer loop
      vertex -22.5625 1.5625 0.00722237
      vertex -22.5481 1.41619 0.4
      vertex -22.5481 1.41619 0.00722237
    endloop
  endfacet
  facet normal 0.956904 -0.290404 0
    outer loop
      vertex -22.5481 7.33381 0.4
      vertex -22.5054 7.47451 0.00722237
      vertex -22.5054 7.47451 0.4
    endloop
  endfacet
  facet normal 0.956904 -0.290404 0
    outer loop
      vertex -22.5054 7.47451 0.00722237
      vertex -22.5481 7.33381 0.4
      vertex -22.5481 7.33381 0.00722237
    endloop
  endfacet
  facet normal -0.882053 -0.47115 0
    outer loop
      vertex -15.4946 7.47451 0.00722237
      vertex -15.5416 7.5625 0.4
      vertex -15.5416 7.5625 0.00722237
    endloop
  endfacet
  facet normal -0.882053 -0.47115 0
    outer loop
      vertex -15.5416 7.5625 0.4
      vertex -15.4946 7.47451 0.00722237
      vertex -15.4946 7.47451 0.4
    endloop
  endfacet
  facet normal -1 0 0
    outer loop
      vertex -15.4375 1.5625 0.00722237
      vertex -15.4375 7.1875 0.4
      vertex -15.4375 7.1875 0.00722237
    endloop
  endfacet
  facet normal -1 -0 0
    outer loop
      vertex -15.4375 7.1875 0.4
      vertex -15.4375 1.5625 0.00722237
      vertex -15.4375 1.5625 0.4
    endloop
  endfacet
  facet normal 0.6346 0.772841 -0
    outer loop
      vertex -22.2292 0.9389 0.00722237
      vertex -22.3428 1.03218 0.4
      vertex -22.2292 0.9389 0.4
    endloop
  endfacet
  facet normal 0.6346 0.772841 0
    outer loop
      vertex -22.3428 1.03218 0.4
      vertex -22.2292 0.9389 0.00722237
      vertex -22.3428 1.03218 0.00722237
    endloop
  endfacet
  facet normal -0.995192 -0.0979479 0
    outer loop
      vertex -15.4375 7.1875 0.00722237
      vertex -15.4519 7.33381 0.4
      vertex -15.4519 7.33381 0.00722237
    endloop
  endfacet
  facet normal -0.995192 -0.0979479 0
    outer loop
      vertex -15.4519 7.33381 0.4
      vertex -15.4375 7.1875 0.00722237
      vertex -15.4375 7.1875 0.4
    endloop
  endfacet
  facet normal 0.290248 0.956951 -0
    outer loop
      vertex -21.9588 0.82692 0.00722237
      vertex -22.0995 0.869595 0.4
      vertex -21.9588 0.82692 0.4
    endloop
  endfacet
  facet normal 0.290248 0.956951 0
    outer loop
      vertex -22.0995 0.869595 0.4
      vertex -21.9588 0.82692 0.00722237
      vertex -22.0995 0.869595 0.00722237
    endloop
  endfacet
  facet normal 0.772911 0.634515 0
    outer loop
      vertex -22.3428 1.03218 0.4
      vertex -22.4361 1.14583 0.00722237
      vertex -22.4361 1.14583 0.4
    endloop
  endfacet
  facet normal 0.772911 0.634515 0
    outer loop
      vertex -22.4361 1.14583 0.00722237
      vertex -22.3428 1.03218 0.4
      vertex -22.3428 1.03218 0.00722237
    endloop
  endfacet
  facet normal 0.882053 -0.47115 0
    outer loop
      vertex -22.5054 7.47451 0.4
      vertex -22.4584 7.5625 0.00722237
      vertex -22.4584 7.5625 0.4
    endloop
  endfacet
  facet normal 0.882053 -0.47115 0
    outer loop
      vertex -22.4584 7.5625 0.00722237
      vertex -22.5054 7.47451 0.4
      vertex -22.5054 7.47451 0.00722237
    endloop
  endfacet
  facet normal 0.471285 0.881981 -0
    outer loop
      vertex -22.0995 0.869595 0.00722237
      vertex -22.2292 0.9389 0.4
      vertex -22.0995 0.869595 0.4
    endloop
  endfacet
  facet normal 0.471285 0.881981 0
    outer loop
      vertex -22.2292 0.9389 0.4
      vertex -22.0995 0.869595 0.00722237
      vertex -22.2292 0.9389 0.00722237
    endloop
  endfacet
  facet normal 0 1 -0
    outer loop
      vertex -16.1875 0.8125 0.00722237
      vertex -21.8125 0.8125 0.4
      vertex -16.1875 0.8125 0.4
    endloop
  endfacet
  facet normal 0 1 0
    outer loop
      vertex -21.8125 0.8125 0.4
      vertex -16.1875 0.8125 0.00722237
      vertex -21.8125 0.8125 0.00722237
    endloop
  endfacet
  facet normal 0 0 -1
    outer loop
      vertex -9.8125 -5.5625 0.4
      vertex -9.0625 -4.8125 0.4
      vertex -9.07692 -4.95881 0.4
    endloop
  endfacet
  facet normal -0 0 -1
    outer loop
      vertex -9.0625 -4.8125 0.4
      vertex -9.8125 -5.5625 0.4
      vertex -9.0625 0.8125 0.4
    endloop
  endfacet
  facet normal 0 0 -1
    outer loop
      vertex -9.8125 -5.5625 0.4
      vertex -9.07692 -4.95881 0.4
      vertex -9.11959 -5.09951 0.4
    endloop
  endfacet
  facet normal 0 0 -1
    outer loop
      vertex -9.8125 1.5625 0.4
      vertex -9.0625 0.8125 0.4
      vertex -9.8125 -5.5625 0.4
    endloop
  endfacet
  facet normal 0 0 -1
    outer loop
      vertex -9.8125 -5.5625 0.4
      vertex -9.11959 -5.09951 0.4
      vertex -9.1889 -5.22917 0.4
    endloop
  endfacet
  facet normal 0 0 -1
    outer loop
      vertex -9.0625 0.8125 0.4
      vertex -9.8125 1.5625 0.4
      vertex -9.07692 0.958813 0.4
    endloop
  endfacet
  facet normal 0 0 -1
    outer loop
      vertex -9.8125 -5.5625 0.4
      vertex -9.1889 -5.22917 0.4
      vertex -9.28218 -5.34282 0.4
    endloop
  endfacet
  facet normal 0 0 -1
    outer loop
      vertex -9.07692 0.958813 0.4
      vertex -9.8125 1.5625 0.4
      vertex -9.11959 1.09951 0.4
    endloop
  endfacet
  facet normal 0 0 -1
    outer loop
      vertex -9.8125 -5.5625 0.4
      vertex -9.28218 -5.34282 0.4
      vertex -9.39583 -5.4361 0.4
    endloop
  endfacet
  facet normal 0 0 -1
    outer loop
      vertex -9.11959 1.09951 0.4
      vertex -9.8125 1.5625 0.4
      vertex -9.1889 1.22917 0.4
    endloop
  endfacet
  facet normal 0 0 -1
    outer loop
      vertex -9.8125 -5.5625 0.4
      vertex -9.39583 -5.4361 0.4
      vertex -9.52549 -5.50541 0.4
    endloop
  endfacet
  facet normal 0 0 -1
    outer loop
      vertex -9.1889 1.22917 0.4
      vertex -9.8125 1.5625 0.4
      vertex -9.28218 1.34282 0.4
    endloop
  endfacet
  facet normal 0 0 -1
    outer loop
      vertex -9.8125 -5.5625 0.4
      vertex -9.52549 -5.50541 0.4
      vertex -9.66619 -5.54808 0.4
    endloop
  endfacet
  facet normal 0 0 -1
    outer loop
      vertex -9.28218 1.34282 0.4
      vertex -9.8125 1.5625 0.4
      vertex -9.39583 1.4361 0.4
    endloop
  endfacet
  facet normal 0 0 -1
    outer loop
      vertex -9.39583 1.4361 0.4
      vertex -9.8125 1.5625 0.4
      vertex -9.52549 1.50541 0.4
    endloop
  endfacet
  facet normal 0 0 -1
    outer loop
      vertex -9.52549 1.50541 0.4
      vertex -9.8125 1.5625 0.4
      vertex -9.66619 1.54808 0.4
    endloop
  endfacet
  facet normal 0 0 -1
    outer loop
      vertex -15.4375 -5.5625 0.4
      vertex -9.8125 1.5625 0.4
      vertex -9.8125 -5.5625 0.4
    endloop
  endfacet
  facet normal 0 0 -1
    outer loop
      vertex -15.4375 -5.5625 0.4
      vertex -15.4375 1.5625 0.4
      vertex -9.8125 1.5625 0.4
    endloop
  endfacet
  facet normal 0 0 -1
    outer loop
      vertex -16.1875 0.8125 0.4
      vertex -15.4375 1.5625 0.4
      vertex -15.4375 -5.5625 0.4
    endloop
  endfacet
  facet normal -0 0 -1
    outer loop
      vertex -15.4375 1.5625 0.4
      vertex -16.1875 0.8125 0.4
      vertex -15.4375 7.1875 0.4
    endloop
  endfacet
  facet normal 0 0 -1
    outer loop
      vertex -22.5625 7.1875 0.4
      vertex -15.4375 7.1875 0.4
      vertex -16.1875 0.8125 0.4
    endloop
  endfacet
  facet normal 0 -0 -1
    outer loop
      vertex -15.5416 7.5625 0.4
      vertex -15.4375 7.1875 0.4
      vertex -22.5625 7.1875 0.4
    endloop
  endfacet
  facet normal 0 0 -1
    outer loop
      vertex -15.4375 7.1875 0.4
      vertex -15.5416 7.5625 0.4
      vertex -15.4519 7.33381 0.4
    endloop
  endfacet
  facet normal 0 0 -1
    outer loop
      vertex -16.1875 0.8125 0.4
      vertex -15.4375 -5.5625 0.4
      vertex -15.5838 -5.54808 0.4
    endloop
  endfacet
  facet normal 0 0 -1
    outer loop
      vertex -15.5416 7.5625 0.4
      vertex -15.4375 7.9375 0.4
      vertex -15.4519 7.79119 0.4
    endloop
  endfacet
  facet normal -0 0 -1
    outer loop
      vertex -15.4375 7.9375 0.4
      vertex -15.5416 7.5625 0.4
      vertex -15.4375 13.5625 0.4
    endloop
  endfacet
  facet normal 0 0 -1
    outer loop
      vertex -15.5416 7.5625 0.4
      vertex -15.4519 7.79119 0.4
      vertex -15.4946 7.65049 0.4
    endloop
  endfacet
  facet normal 0 0 -1
    outer loop
      vertex -15.5416 13.9375 0.4
      vertex -15.4375 13.5625 0.4
      vertex -15.5416 7.5625 0.4
    endloop
  endfacet
  facet normal 0 0 -1
    outer loop
      vertex -15.4375 13.5625 0.4
      vertex -15.5416 13.9375 0.4
      vertex -15.4519 13.7088 0.4
    endloop
  endfacet
  facet normal 0 0 -1
    outer loop
      vertex -15.4519 13.7088 0.4
      vertex -15.5416 13.9375 0.4
      vertex -15.4946 13.8495 0.4
    endloop
  endfacet
  facet normal 0 0 -1
    outer loop
      vertex -16.1875 20.6875 0.4
      vertex -15.4375 19.9375 0.4
      vertex -15.4375 14.3125 0.4
    endloop
  endfacet
  facet normal 0 0 -1
    outer loop
      vertex -15.5416 13.9375 0.4
      vertex -15.4375 14.3125 0.4
      vertex -15.4519 14.1662 0.4
    endloop
  endfacet
  facet normal 0 0 -1
    outer loop
      vertex -15.5416 13.9375 0.4
      vertex -15.4519 14.1662 0.4
      vertex -15.4946 14.0255 0.4
    endloop
  endfacet
  facet normal -0 0 -1
    outer loop
      vertex -15.4375 14.3125 0.4
      vertex -15.5416 13.9375 0.4
      vertex -22.5625 14.3125 0.4
    endloop
  endfacet
  facet normal 0 0 -1
    outer loop
      vertex -15.4375 19.9375 0.4
      vertex -16.1875 20.6875 0.4
      vertex -15.4375 27.0625 0.4
    endloop
  endfacet
  facet normal 0 0 -1
    outer loop
      vertex -15.4519 7.33381 0.4
      vertex -15.5416 7.5625 0.4
      vertex -15.4946 7.47451 0.4
    endloop
  endfacet
  facet normal 0 0 -1
    outer loop
      vertex -16.1875 -4.8125 0.4
      vertex -15.5838 -5.54808 0.4
      vertex -15.7245 -5.50541 0.4
    endloop
  endfacet
  facet normal 0 0 -1
    outer loop
      vertex -22.5625 7.9375 0.4
      vertex -15.5416 7.5625 0.4
      vertex -22.4584 7.5625 0.4
    endloop
  endfacet
  facet normal 0 0 -1
    outer loop
      vertex -16.1875 -4.8125 0.4
      vertex -15.7245 -5.50541 0.4
      vertex -15.8542 -5.4361 0.4
    endloop
  endfacet
  facet normal 0 0 -1
    outer loop
      vertex -16.1875 26.3125 0.4
      vertex -15.4375 27.0625 0.4
      vertex -16.1875 20.6875 0.4
    endloop
  endfacet
  facet normal 0 0 -1
    outer loop
      vertex -16.1875 -4.8125 0.4
      vertex -15.8542 -5.4361 0.4
      vertex -15.9678 -5.34282 0.4
    endloop
  endfacet
  facet normal 0 0 -1
    outer loop
      vertex -15.4375 27.0625 0.4
      vertex -16.1875 26.3125 0.4
      vertex -15.5838 27.0481 0.4
    endloop
  endfacet
  facet normal 0 0 -1
    outer loop
      vertex -16.1875 -4.8125 0.4
      vertex -15.9678 -5.34282 0.4
      vertex -16.0611 -5.22917 0.4
    endloop
  endfacet
  facet normal 0 0 -1
    outer loop
      vertex -15.5838 27.0481 0.4
      vertex -16.1875 26.3125 0.4
      vertex -15.7245 27.0054 0.4
    endloop
  endfacet
  facet normal 0 0 -1
    outer loop
      vertex -16.1875 -4.8125 0.4
      vertex -16.0611 -5.22917 0.4
      vertex -16.1304 -5.09951 0.4
    endloop
  endfacet
  facet normal 0 0 -1
    outer loop
      vertex -15.7245 27.0054 0.4
      vertex -16.1875 26.3125 0.4
      vertex -15.8542 26.9361 0.4
    endloop
  endfacet
  facet normal 0 0 -1
    outer loop
      vertex -16.1875 -4.8125 0.4
      vertex -16.1304 -5.09951 0.4
      vertex -16.1731 -4.95881 0.4
    endloop
  endfacet
  facet normal 0 0 -1
    outer loop
      vertex -15.8542 26.9361 0.4
      vertex -16.1875 26.3125 0.4
      vertex -15.9678 26.8428 0.4
    endloop
  endfacet
  facet normal 0 0 -1
    outer loop
      vertex -15.5838 -5.54808 0.4
      vertex -16.1875 -4.8125 0.4
      vertex -16.1875 0.8125 0.4
    endloop
  endfacet
  facet normal 0 0 -1
    outer loop
      vertex -15.9678 26.8428 0.4
      vertex -16.1875 26.3125 0.4
      vertex -16.0611 26.7292 0.4
    endloop
  endfacet
  facet normal 0 0 -1
    outer loop
      vertex -16.0611 26.7292 0.4
      vertex -16.1875 26.3125 0.4
      vertex -16.1304 26.5995 0.4
    endloop
  endfacet
  facet normal 0 0 -1
    outer loop
      vertex -16.1304 26.5995 0.4
      vertex -16.1875 26.3125 0.4
      vertex -16.1731 26.4588 0.4
    endloop
  endfacet
  facet normal 0 0 -1
    outer loop
      vertex -9.8125 19.9375 0.4
      vertex -9.0625 20.6875 0.4
      vertex -9.07692 20.5412 0.4
    endloop
  endfacet
  facet normal -0 0 -1
    outer loop
      vertex -9.0625 20.6875 0.4
      vertex -9.8125 19.9375 0.4
      vertex -9.0625 26.3125 0.4
    endloop
  endfacet
  facet normal 0 0 -1
    outer loop
      vertex -9.8125 19.9375 0.4
      vertex -9.07692 20.5412 0.4
      vertex -9.11959 20.4005 0.4
    endloop
  endfacet
  facet normal 0 0 -1
    outer loop
      vertex -9.8125 27.0625 0.4
      vertex -9.0625 26.3125 0.4
      vertex -9.8125 19.9375 0.4
    endloop
  endfacet
  facet normal 0 0 -1
    outer loop
      vertex -9.8125 19.9375 0.4
      vertex -9.11959 20.4005 0.4
      vertex -9.1889 20.2708 0.4
    endloop
  endfacet
  facet normal 0 0 -1
    outer loop
      vertex -9.0625 26.3125 0.4
      vertex -9.8125 27.0625 0.4
      vertex -9.07692 26.4588 0.4
    endloop
  endfacet
  facet normal 0 0 -1
    outer loop
      vertex -9.8125 19.9375 0.4
      vertex -9.1889 20.2708 0.4
      vertex -9.28218 20.1572 0.4
    endloop
  endfacet
  facet normal 0 0 -1
    outer loop
      vertex -9.07692 26.4588 0.4
      vertex -9.8125 27.0625 0.4
      vertex -9.11959 26.5995 0.4
    endloop
  endfacet
  facet normal 0 0 -1
    outer loop
      vertex -9.8125 19.9375 0.4
      vertex -9.28218 20.1572 0.4
      vertex -9.39583 20.0639 0.4
    endloop
  endfacet
  facet normal 0 0 -1
    outer loop
      vertex -9.11959 26.5995 0.4
      vertex -9.8125 27.0625 0.4
      vertex -9.1889 26.7292 0.4
    endloop
  endfacet
  facet normal 0 0 -1
    outer loop
      vertex -9.8125 19.9375 0.4
      vertex -9.39583 20.0639 0.4
      vertex -9.52549 19.9946 0.4
    endloop
  endfacet
  facet normal 0 0 -1
    outer loop
      vertex -9.1889 26.7292 0.4
      vertex -9.8125 27.0625 0.4
      vertex -9.28218 26.8428 0.4
    endloop
  endfacet
  facet normal 0 0 -1
    outer loop
      vertex -9.8125 19.9375 0.4
      vertex -9.52549 19.9946 0.4
      vertex -9.66619 19.9519 0.4
    endloop
  endfacet
  facet normal 0 0 -1
    outer loop
      vertex -9.28218 26.8428 0.4
      vertex -9.8125 27.0625 0.4
      vertex -9.39583 26.9361 0.4
    endloop
  endfacet
  facet normal 0 0 -1
    outer loop
      vertex -9.39583 26.9361 0.4
      vertex -9.8125 27.0625 0.4
      vertex -9.52549 27.0054 0.4
    endloop
  endfacet
  facet normal 0 0 -1
    outer loop
      vertex -9.52549 27.0054 0.4
      vertex -9.8125 27.0625 0.4
      vertex -9.66619 27.0481 0.4
    endloop
  endfacet
  facet normal 0 0 -1
    outer loop
      vertex -15.4375 19.9375 0.4
      vertex -9.8125 27.0625 0.4
      vertex -9.8125 19.9375 0.4
    endloop
  endfacet
  facet normal -0 0 -1
    outer loop
      vertex -9.8125 27.0625 0.4
      vertex -15.4375 19.9375 0.4
      vertex -15.4375 27.0625 0.4
    endloop
  endfacet
  facet normal 0 0 -1
    outer loop
      vertex -22.5481 7.79119 0.4
      vertex -22.4584 7.5625 0.4
      vertex -22.5054 7.65049 0.4
    endloop
  endfacet
  facet normal 0 0 -1
    outer loop
      vertex -22.5625 13.5625 0.4
      vertex -15.5416 13.9375 0.4
      vertex -22.5625 7.9375 0.4
    endloop
  endfacet
  facet normal 0 0 -1
    outer loop
      vertex -22.4584 7.5625 0.4
      vertex -22.5481 7.79119 0.4
      vertex -22.5625 7.9375 0.4
    endloop
  endfacet
  facet normal -0 0 -1
    outer loop
      vertex -15.5416 13.9375 0.4
      vertex -22.5625 13.5625 0.4
      vertex -22.4584 13.9375 0.4
    endloop
  endfacet
  facet normal 0 -0 -1
    outer loop
      vertex -22.5481 13.7088 0.4
      vertex -22.4584 13.9375 0.4
      vertex -22.5625 13.5625 0.4
    endloop
  endfacet
  facet normal 0 0 -1
    outer loop
      vertex -22.4584 13.9375 0.4
      vertex -22.5481 13.7088 0.4
      vertex -22.5054 13.8495 0.4
    endloop
  endfacet
  facet normal 0 0 -1
    outer loop
      vertex -22.5625 7.1875 0.4
      vertex -16.1875 0.8125 0.4
      vertex -21.8125 0.8125 0.4
    endloop
  endfacet
  facet normal 0 0 -1
    outer loop
      vertex -15.5416 7.5625 0.4
      vertex -22.5625 7.9375 0.4
      vertex -15.5416 13.9375 0.4
    endloop
  endfacet
  facet normal 0 0 -1
    outer loop
      vertex -22.5625 1.5625 0.4
      vertex -21.8125 0.8125 0.4
      vertex -21.9588 0.82692 0.4
    endloop
  endfacet
  facet normal 0 0 -1
    outer loop
      vertex -22.5625 14.3125 0.4
      vertex -15.5416 13.9375 0.4
      vertex -22.4584 13.9375 0.4
    endloop
  endfacet
  facet normal 0 0 -1
    outer loop
      vertex -22.5625 1.5625 0.4
      vertex -21.9588 0.82692 0.4
      vertex -22.0995 0.869595 0.4
    endloop
  endfacet
  facet normal 0 0 -1
    outer loop
      vertex -15.4375 14.3125 0.4
      vertex -22.5625 14.3125 0.4
      vertex -16.1875 20.6875 0.4
    endloop
  endfacet
  facet normal 0 0 -1
    outer loop
      vertex -22.5625 1.5625 0.4
      vertex -22.0995 0.869595 0.4
      vertex -22.2292 0.9389 0.4
    endloop
  endfacet
  facet normal -0 0 -1
    outer loop
      vertex -16.1875 20.6875 0.4
      vertex -22.5625 14.3125 0.4
      vertex -21.8125 20.6875 0.4
    endloop
  endfacet
  facet normal 0 0 -1
    outer loop
      vertex -22.5625 1.5625 0.4
      vertex -22.2292 0.9389 0.4
      vertex -22.3428 1.03218 0.4
    endloop
  endfacet
  facet normal 0 0 -1
    outer loop
      vertex -22.5625 19.9375 0.4
      vertex -21.8125 20.6875 0.4
      vertex -22.5625 14.3125 0.4
    endloop
  endfacet
  facet normal 0 0 -1
    outer loop
      vertex -22.5625 1.5625 0.4
      vertex -22.3428 1.03218 0.4
      vertex -22.4361 1.14583 0.4
    endloop
  endfacet
  facet normal 0 0 -1
    outer loop
      vertex -21.8125 20.6875 0.4
      vertex -22.5625 19.9375 0.4
      vertex -21.9588 20.6731 0.4
    endloop
  endfacet
  facet normal 0 0 -1
    outer loop
      vertex -21.9588 20.6731 0.4
      vertex -22.5625 19.9375 0.4
      vertex -22.0995 20.6304 0.4
    endloop
  endfacet
  facet normal 0 0 -1
    outer loop
      vertex -22.5625 1.5625 0.4
      vertex -22.4361 1.14583 0.4
      vertex -22.5054 1.27549 0.4
    endloop
  endfacet
  facet normal 0 0 -1
    outer loop
      vertex -21.8125 0.8125 0.4
      vertex -22.5625 1.5625 0.4
      vertex -22.5625 7.1875 0.4
    endloop
  endfacet
  facet normal 0 0 -1
    outer loop
      vertex -22.5625 1.5625 0.4
      vertex -22.5054 1.27549 0.4
      vertex -22.5481 1.41619 0.4
    endloop
  endfacet
  facet normal -0 0 -1
    outer loop
      vertex -15.5416 7.5625 0.4
      vertex -22.5625 7.1875 0.4
      vertex -22.4584 7.5625 0.4
    endloop
  endfacet
  facet normal 0 -0 -1
    outer loop
      vertex -22.5481 7.33381 0.4
      vertex -22.4584 7.5625 0.4
      vertex -22.5625 7.1875 0.4
    endloop
  endfacet
  facet normal 0 0 -1
    outer loop
      vertex -22.4584 7.5625 0.4
      vertex -22.5481 7.33381 0.4
      vertex -22.5054 7.47451 0.4
    endloop
  endfacet
  facet normal 0 0 -1
    outer loop
      vertex -22.0995 20.6304 0.4
      vertex -22.5625 19.9375 0.4
      vertex -22.2292 20.5611 0.4
    endloop
  endfacet
  facet normal 0 0 -1
    outer loop
      vertex -22.5481 14.1662 0.4
      vertex -22.4584 13.9375 0.4
      vertex -22.5054 14.0255 0.4
    endloop
  endfacet
  facet normal 0 0 -1
    outer loop
      vertex -22.2292 20.5611 0.4
      vertex -22.5625 19.9375 0.4
      vertex -22.3428 20.4678 0.4
    endloop
  endfacet
  facet normal 0 0 -1
    outer loop
      vertex -22.4584 13.9375 0.4
      vertex -22.5481 14.1662 0.4
      vertex -22.5625 14.3125 0.4
    endloop
  endfacet
  facet normal 0 0 -1
    outer loop
      vertex -22.3428 20.4678 0.4
      vertex -22.5625 19.9375 0.4
      vertex -22.4361 20.3542 0.4
    endloop
  endfacet
  facet normal 0 0 -1
    outer loop
      vertex -22.4361 20.3542 0.4
      vertex -22.5625 19.9375 0.4
      vertex -22.5054 20.2245 0.4
    endloop
  endfacet
  facet normal 0 0 -1
    outer loop
      vertex -22.5054 20.2245 0.4
      vertex -22.5625 19.9375 0.4
      vertex -22.5481 20.0838 0.4
    endloop
  endfacet
  facet normal -0.956904 -0.290404 0
    outer loop
      vertex -15.4519 7.33381 0.00722237
      vertex -15.4946 7.47451 0.4
      vertex -15.4946 7.47451 0.00722237
    endloop
  endfacet
  facet normal -0.956904 -0.290404 0
    outer loop
      vertex -15.4946 7.47451 0.4
      vertex -15.4519 7.33381 0.00722237
      vertex -15.4519 7.33381 0.4
    endloop
  endfacet
  facet normal 0.995191 -0.0979545 0
    outer loop
      vertex -22.5625 13.5625 0.4
      vertex -22.5481 13.7088 0.00722237
      vertex -22.5481 13.7088 0.4
    endloop
  endfacet
  facet normal 0.995191 -0.0979545 0
    outer loop
      vertex -22.5481 13.7088 0.00722237
      vertex -22.5625 13.5625 0.4
      vertex -22.5625 13.5625 0.00722237
    endloop
  endfacet
  facet normal -0.995192 0.0979479 0
    outer loop
      vertex -15.4519 7.79119 0.00722237
      vertex -15.4375 7.9375 0.4
      vertex -15.4375 7.9375 0.00722237
    endloop
  endfacet
  facet normal -0.995192 0.0979479 0
    outer loop
      vertex -15.4375 7.9375 0.4
      vertex -15.4519 7.79119 0.00722237
      vertex -15.4519 7.79119 0.4
    endloop
  endfacet
  facet normal 0.882053 0.47115 0
    outer loop
      vertex -22.4584 7.5625 0.4
      vertex -22.5054 7.65049 0.00722237
      vertex -22.5054 7.65049 0.4
    endloop
  endfacet
  facet normal 0.882053 0.47115 0
    outer loop
      vertex -22.5054 7.65049 0.00722237
      vertex -22.4584 7.5625 0.4
      vertex -22.4584 7.5625 0.00722237
    endloop
  endfacet
  facet normal 1 -0 0
    outer loop
      vertex -22.5625 7.9375 0.4
      vertex -22.5625 13.5625 0.00722237
      vertex -22.5625 13.5625 0.4
    endloop
  endfacet
  facet normal 1 0 0
    outer loop
      vertex -22.5625 13.5625 0.00722237
      vertex -22.5625 7.9375 0.4
      vertex -22.5625 7.9375 0.00722237
    endloop
  endfacet
  facet normal 0.956904 0.290404 0
    outer loop
      vertex -22.5054 7.65049 0.4
      vertex -22.5481 7.79119 0.00722237
      vertex -22.5481 7.79119 0.4
    endloop
  endfacet
  facet normal 0.956904 0.290404 0
    outer loop
      vertex -22.5481 7.79119 0.00722237
      vertex -22.5054 7.65049 0.4
      vertex -22.5054 7.65049 0.00722237
    endloop
  endfacet
  facet normal 0.995192 0.0979479 0
    outer loop
      vertex -22.5481 7.79119 0.4
      vertex -22.5625 7.9375 0.00722237
      vertex -22.5625 7.9375 0.4
    endloop
  endfacet
  facet normal 0.995192 0.0979479 0
    outer loop
      vertex -22.5625 7.9375 0.00722237
      vertex -22.5481 7.79119 0.4
      vertex -22.5481 7.79119 0.00722237
    endloop
  endfacet
  facet normal 0.956904 -0.290404 0
    outer loop
      vertex -22.5481 13.7088 0.4
      vertex -22.5054 13.8495 0.00722237
      vertex -22.5054 13.8495 0.4
    endloop
  endfacet
  facet normal 0.956904 -0.290404 0
    outer loop
      vertex -22.5054 13.8495 0.00722237
      vertex -22.5481 13.7088 0.4
      vertex -22.5481 13.7088 0.00722237
    endloop
  endfacet
  facet normal -0.882075 -0.471108 0
    outer loop
      vertex -15.4946 13.8495 0.00722237
      vertex -15.5416 13.9375 0.4
      vertex -15.5416 13.9375 0.00722237
    endloop
  endfacet
  facet normal -0.882075 -0.471108 0
    outer loop
      vertex -15.5416 13.9375 0.4
      vertex -15.4946 13.8495 0.00722237
      vertex -15.4946 13.8495 0.4
    endloop
  endfacet
  facet normal -1 0 0
    outer loop
      vertex -15.4375 7.9375 0.00722237
      vertex -15.4375 13.5625 0.4
      vertex -15.4375 13.5625 0.00722237
    endloop
  endfacet
  facet normal -1 -0 0
    outer loop
      vertex -15.4375 13.5625 0.4
      vertex -15.4375 7.9375 0.00722237
      vertex -15.4375 7.9375 0.4
    endloop
  endfacet
  facet normal -0.995191 -0.0979545 0
    outer loop
      vertex -15.4375 13.5625 0.00722237
      vertex -15.4519 13.7088 0.4
      vertex -15.4519 13.7088 0.00722237
    endloop
  endfacet
  facet normal -0.995191 -0.0979545 0
    outer loop
      vertex -15.4519 13.7088 0.4
      vertex -15.4375 13.5625 0.00722237
      vertex -15.4375 13.5625 0.4
    endloop
  endfacet
  facet normal 0.882075 -0.471108 0
    outer loop
      vertex -22.5054 13.8495 0.4
      vertex -22.4584 13.9375 0.00722237
      vertex -22.4584 13.9375 0.4
    endloop
  endfacet
  facet normal 0.882075 -0.471108 0
    outer loop
      vertex -22.4584 13.9375 0.00722237
      vertex -22.5054 13.8495 0.4
      vertex -22.5054 13.8495 0.00722237
    endloop
  endfacet
  facet normal -0.956904 0.290404 0
    outer loop
      vertex -15.4946 7.65049 0.00722237
      vertex -15.4519 7.79119 0.4
      vertex -15.4519 7.79119 0.00722237
    endloop
  endfacet
  facet normal -0.956904 0.290404 0
    outer loop
      vertex -15.4519 7.79119 0.4
      vertex -15.4946 7.65049 0.00722237
      vertex -15.4946 7.65049 0.4
    endloop
  endfacet
  facet normal -0.882053 0.47115 0
    outer loop
      vertex -15.5416 7.5625 0.00722237
      vertex -15.4946 7.65049 0.4
      vertex -15.4946 7.65049 0.00722237
    endloop
  endfacet
  facet normal -0.882053 0.47115 0
    outer loop
      vertex -15.4946 7.65049 0.4
      vertex -15.5416 7.5625 0.00722237
      vertex -15.5416 7.5625 0.4
    endloop
  endfacet
  facet normal -0.956904 -0.290404 0
    outer loop
      vertex -15.4519 13.7088 0.00722237
      vertex -15.4946 13.8495 0.4
      vertex -15.4946 13.8495 0.00722237
    endloop
  endfacet
  facet normal -0.956904 -0.290404 0
    outer loop
      vertex -15.4946 13.8495 0.4
      vertex -15.4519 13.7088 0.00722237
      vertex -15.4519 13.7088 0.4
    endloop
  endfacet
  facet normal 0.995191 -0.0979545 0
    outer loop
      vertex -22.5625 19.9375 0.4
      vertex -22.5481 20.0838 0.00722237
      vertex -22.5481 20.0838 0.4
    endloop
  endfacet
  facet normal 0.995191 -0.0979545 0
    outer loop
      vertex -22.5481 20.0838 0.00722237
      vertex -22.5625 19.9375 0.4
      vertex -22.5625 19.9375 0.00722237
    endloop
  endfacet
  facet normal -0.995191 0.0979545 0
    outer loop
      vertex -15.4519 14.1662 0.00722237
      vertex -15.4375 14.3125 0.4
      vertex -15.4375 14.3125 0.00722237
    endloop
  endfacet
  facet normal -0.995191 0.0979545 0
    outer loop
      vertex -15.4375 14.3125 0.4
      vertex -15.4519 14.1662 0.00722237
      vertex -15.4519 14.1662 0.4
    endloop
  endfacet
  facet normal 0.882075 0.471108 0
    outer loop
      vertex -22.4584 13.9375 0.4
      vertex -22.5054 14.0255 0.00722237
      vertex -22.5054 14.0255 0.4
    endloop
  endfacet
  facet normal 0.882075 0.471108 0
    outer loop
      vertex -22.5054 14.0255 0.00722237
      vertex -22.4584 13.9375 0.4
      vertex -22.4584 13.9375 0.00722237
    endloop
  endfacet
  facet normal 1 -0 0
    outer loop
      vertex -22.5625 14.3125 0.4
      vertex -22.5625 19.9375 0.00722237
      vertex -22.5625 19.9375 0.4
    endloop
  endfacet
  facet normal 1 0 0
    outer loop
      vertex -22.5625 19.9375 0.00722237
      vertex -22.5625 14.3125 0.4
      vertex -22.5625 14.3125 0.00722237
    endloop
  endfacet
  facet normal 0.956904 0.290404 0
    outer loop
      vertex -22.5054 14.0255 0.4
      vertex -22.5481 14.1662 0.00722237
      vertex -22.5481 14.1662 0.4
    endloop
  endfacet
  facet normal 0.956904 0.290404 0
    outer loop
      vertex -22.5481 14.1662 0.00722237
      vertex -22.5054 14.0255 0.4
      vertex -22.5054 14.0255 0.00722237
    endloop
  endfacet
  facet normal 0.995191 0.0979545 0
    outer loop
      vertex -22.5481 14.1662 0.4
      vertex -22.5625 14.3125 0.00722237
      vertex -22.5625 14.3125 0.4
    endloop
  endfacet
  facet normal 0.995191 0.0979545 0
    outer loop
      vertex -22.5625 14.3125 0.00722237
      vertex -22.5481 14.1662 0.4
      vertex -22.5481 14.1662 0.00722237
    endloop
  endfacet
  facet normal 0.471259 -0.881995 0
    outer loop
      vertex -22.2292 20.5611 0.00722237
      vertex -22.0995 20.6304 0.4
      vertex -22.2292 20.5611 0.4
    endloop
  endfacet
  facet normal 0.471259 -0.881995 0
    outer loop
      vertex -22.0995 20.6304 0.4
      vertex -22.2292 20.5611 0.00722237
      vertex -22.0995 20.6304 0.00722237
    endloop
  endfacet
  facet normal 0.956904 -0.290404 0
    outer loop
      vertex -22.5481 20.0838 0.4
      vertex -22.5054 20.2245 0.00722237
      vertex -22.5054 20.2245 0.4
    endloop
  endfacet
  facet normal 0.956904 -0.290404 0
    outer loop
      vertex -22.5054 20.2245 0.00722237
      vertex -22.5481 20.0838 0.4
      vertex -22.5481 20.0838 0.00722237
    endloop
  endfacet
  facet normal -1 0 0
    outer loop
      vertex -15.4375 14.3125 0.00722237
      vertex -15.4375 19.9375 0.4
      vertex -15.4375 19.9375 0.00722237
    endloop
  endfacet
  facet normal -1 -0 0
    outer loop
      vertex -15.4375 19.9375 0.4
      vertex -15.4375 14.3125 0.00722237
      vertex -15.4375 14.3125 0.4
    endloop
  endfacet
  facet normal 0.634681 -0.772774 0
    outer loop
      vertex -22.3428 20.4678 0.00722237
      vertex -22.2292 20.5611 0.4
      vertex -22.3428 20.4678 0.4
    endloop
  endfacet
  facet normal 0.634681 -0.772774 0
    outer loop
      vertex -22.2292 20.5611 0.4
      vertex -22.3428 20.4678 0.00722237
      vertex -22.2292 20.5611 0.00722237
    endloop
  endfacet
  facet normal 0.772774 -0.634681 0
    outer loop
      vertex -22.4361 20.3542 0.4
      vertex -22.3428 20.4678 0.00722237
      vertex -22.3428 20.4678 0.4
    endloop
  endfacet
  facet normal 0.772774 -0.634681 0
    outer loop
      vertex -22.3428 20.4678 0.00722237
      vertex -22.4361 20.3542 0.4
      vertex -22.4361 20.3542 0.00722237
    endloop
  endfacet
  facet normal 0 -1 0
    outer loop
      vertex -21.8125 20.6875 0.00722237
      vertex -16.1875 20.6875 0.4
      vertex -21.8125 20.6875 0.4
    endloop
  endfacet
  facet normal 0 -1 -0
    outer loop
      vertex -16.1875 20.6875 0.4
      vertex -21.8125 20.6875 0.00722237
      vertex -16.1875 20.6875 0.00722237
    endloop
  endfacet
  facet normal 0.881995 -0.471259 0
    outer loop
      vertex -22.5054 20.2245 0.4
      vertex -22.4361 20.3542 0.00722237
      vertex -22.4361 20.3542 0.4
    endloop
  endfacet
  facet normal 0.881995 -0.471259 0
    outer loop
      vertex -22.4361 20.3542 0.00722237
      vertex -22.5054 20.2245 0.4
      vertex -22.5054 20.2245 0.00722237
    endloop
  endfacet
  facet normal -0.956904 0.290404 0
    outer loop
      vertex -15.4946 14.0255 0.00722237
      vertex -15.4519 14.1662 0.4
      vertex -15.4519 14.1662 0.00722237
    endloop
  endfacet
  facet normal -0.956904 0.290404 0
    outer loop
      vertex -15.4519 14.1662 0.4
      vertex -15.4946 14.0255 0.00722237
      vertex -15.4946 14.0255 0.4
    endloop
  endfacet
  facet normal -0.882075 0.471108 0
    outer loop
      vertex -15.5416 13.9375 0.00722237
      vertex -15.4946 14.0255 0.4
      vertex -15.4946 14.0255 0.00722237
    endloop
  endfacet
  facet normal -0.882075 0.471108 0
    outer loop
      vertex -15.4946 14.0255 0.4
      vertex -15.5416 13.9375 0.00722237
      vertex -15.5416 13.9375 0.4
    endloop
  endfacet
  facet normal 0.290404 -0.956904 0
    outer loop
      vertex -22.0995 20.6304 0.00722237
      vertex -21.9588 20.6731 0.4
      vertex -22.0995 20.6304 0.4
    endloop
  endfacet
  facet normal 0.290404 -0.956904 0
    outer loop
      vertex -21.9588 20.6731 0.4
      vertex -22.0995 20.6304 0.00722237
      vertex -21.9588 20.6731 0.00722237
    endloop
  endfacet
  facet normal 0.0979545 -0.995191 0
    outer loop
      vertex -21.9588 20.6731 0.00722237
      vertex -21.8125 20.6875 0.4
      vertex -21.9588 20.6731 0.4
    endloop
  endfacet
  facet normal 0.0979545 -0.995191 0
    outer loop
      vertex -21.8125 20.6875 0.4
      vertex -21.9588 20.6731 0.00722237
      vertex -21.8125 20.6875 0.00722237
    endloop
  endfacet
  facet normal 0.881935 0.471372 0
    outer loop
      vertex -16.0611 -5.22917 0.4
      vertex -16.1304 -5.09951 0.00722237
      vertex -16.1304 -5.09951 0.4
    endloop
  endfacet
  facet normal 0.881935 0.471372 0
    outer loop
      vertex -16.1304 -5.09951 0.00722237
      vertex -16.0611 -5.22917 0.4
      vertex -16.0611 -5.22917 0.00722237
    endloop
  endfacet
  facet normal 0.0980893 0.995178 -0
    outer loop
      vertex -15.4375 -5.5625 0.00722237
      vertex -15.5838 -5.54808 0.4
      vertex -15.4375 -5.5625 0.4
    endloop
  endfacet
  facet normal 0.0980893 0.995178 0
    outer loop
      vertex -15.5838 -5.54808 0.4
      vertex -15.4375 -5.5625 0.00722237
      vertex -15.5838 -5.54808 0.00722237
    endloop
  endfacet
  facet normal -0.0980826 0.995178 0
    outer loop
      vertex -9.66619 -5.54808 0.00722237
      vertex -9.8125 -5.5625 0.4
      vertex -9.66619 -5.54808 0.4
    endloop
  endfacet
  facet normal -0.0980826 0.995178 0
    outer loop
      vertex -9.8125 -5.5625 0.4
      vertex -9.66619 -5.54808 0.00722237
      vertex -9.8125 -5.5625 0.00722237
    endloop
  endfacet
  facet normal 0 -1 0
    outer loop
      vertex -15.4375 1.5625 0.00722237
      vertex -9.8125 1.5625 0.4
      vertex -15.4375 1.5625 0.4
    endloop
  endfacet
  facet normal 0 -1 -0
    outer loop
      vertex -9.8125 1.5625 0.4
      vertex -15.4375 1.5625 0.00722237
      vertex -9.8125 1.5625 0.00722237
    endloop
  endfacet
  facet normal 0.290217 0.956961 -0
    outer loop
      vertex -15.5838 -5.54808 0.00722237
      vertex -15.7245 -5.50541 0.4
      vertex -15.5838 -5.54808 0.4
    endloop
  endfacet
  facet normal 0.290217 0.956961 0
    outer loop
      vertex -15.7245 -5.50541 0.4
      vertex -15.5838 -5.54808 0.00722237
      vertex -15.7245 -5.50541 0.00722237
    endloop
  endfacet
  facet normal -0.772978 -0.634433 0
    outer loop
      vertex -9.1889 1.22917 0.00722237
      vertex -9.28218 1.34282 0.4
      vertex -9.28218 1.34282 0.00722237
    endloop
  endfacet
  facet normal -0.772978 -0.634433 0
    outer loop
      vertex -9.28218 1.34282 0.4
      vertex -9.1889 1.22917 0.00722237
      vertex -9.1889 1.22917 0.4
    endloop
  endfacet
  facet normal -0.881906 -0.471425 0
    outer loop
      vertex -9.11959 1.09951 0.00722237
      vertex -9.1889 1.22917 0.4
      vertex -9.1889 1.22917 0.00722237
    endloop
  endfacet
  facet normal -0.881906 -0.471425 0
    outer loop
      vertex -9.1889 1.22917 0.4
      vertex -9.11959 1.09951 0.00722237
      vertex -9.11959 1.09951 0.4
    endloop
  endfacet
  facet normal 0.471312 0.881967 -0
    outer loop
      vertex -15.7245 -5.50541 0.00722237
      vertex -15.8542 -5.4361 0.4
      vertex -15.7245 -5.50541 0.4
    endloop
  endfacet
  facet normal 0.471312 0.881967 0
    outer loop
      vertex -15.8542 -5.4361 0.4
      vertex -15.7245 -5.50541 0.00722237
      vertex -15.8542 -5.4361 0.00722237
    endloop
  endfacet
  facet normal -0.471425 -0.881906 0
    outer loop
      vertex -9.52549 1.50541 0.00722237
      vertex -9.39583 1.4361 0.4
      vertex -9.52549 1.50541 0.4
    endloop
  endfacet
  facet normal -0.471425 -0.881906 -0
    outer loop
      vertex -9.39583 1.4361 0.4
      vertex -9.52549 1.50541 0.00722237
      vertex -9.39583 1.4361 0.00722237
    endloop
  endfacet
  facet normal 0.995192 0.0979479 0
    outer loop
      vertex -16.1731 -4.95881 0.4
      vertex -16.1875 -4.8125 0.00722237
      vertex -16.1875 -4.8125 0.4
    endloop
  endfacet
  facet normal 0.995192 0.0979479 0
    outer loop
      vertex -16.1875 -4.8125 0.00722237
      vertex -16.1731 -4.95881 0.4
      vertex -16.1731 -4.95881 0.00722237
    endloop
  endfacet
  facet normal 0.956904 0.290404 0
    outer loop
      vertex -16.1304 -5.09951 0.4
      vertex -16.1731 -4.95881 0.00722237
      vertex -16.1731 -4.95881 0.4
    endloop
  endfacet
  facet normal 0.956904 0.290404 0
    outer loop
      vertex -16.1731 -4.95881 0.00722237
      vertex -16.1304 -5.09951 0.4
      vertex -16.1304 -5.09951 0.00722237
    endloop
  endfacet
  facet normal -0.995178 0.0980826 0
    outer loop
      vertex -9.07692 -4.95881 0.00722237
      vertex -9.0625 -4.8125 0.4
      vertex -9.0625 -4.8125 0.00722237
    endloop
  endfacet
  facet normal -0.995178 0.0980826 0
    outer loop
      vertex -9.0625 -4.8125 0.4
      vertex -9.07692 -4.95881 0.00722237
      vertex -9.07692 -4.95881 0.4
    endloop
  endfacet
  facet normal -0.881906 0.471425 0
    outer loop
      vertex -9.1889 -5.22917 0.00722237
      vertex -9.11959 -5.09951 0.4
      vertex -9.11959 -5.09951 0.00722237
    endloop
  endfacet
  facet normal -0.881906 0.471425 0
    outer loop
      vertex -9.11959 -5.09951 0.4
      vertex -9.1889 -5.22917 0.00722237
      vertex -9.1889 -5.22917 0.4
    endloop
  endfacet
  facet normal -0.956961 0.290217 0
    outer loop
      vertex -9.11959 -5.09951 0.00722237
      vertex -9.07692 -4.95881 0.4
      vertex -9.07692 -4.95881 0.00722237
    endloop
  endfacet
  facet normal -0.956961 0.290217 0
    outer loop
      vertex -9.07692 -4.95881 0.4
      vertex -9.11959 -5.09951 0.00722237
      vertex -9.11959 -5.09951 0.4
    endloop
  endfacet
  facet normal 1 -0 0
    outer loop
      vertex -16.1875 -4.8125 0.4
      vertex -16.1875 0.8125 0.00722237
      vertex -16.1875 0.8125 0.4
    endloop
  endfacet
  facet normal 1 0 0
    outer loop
      vertex -16.1875 0.8125 0.00722237
      vertex -16.1875 -4.8125 0.4
      vertex -16.1875 -4.8125 0.00722237
    endloop
  endfacet
  facet normal -0.956959 -0.290223 0
    outer loop
      vertex -9.07692 0.958813 0.00722237
      vertex -9.11959 1.09951 0.4
      vertex -9.11959 1.09951 0.00722237
    endloop
  endfacet
  facet normal -0.956959 -0.290223 0
    outer loop
      vertex -9.11959 1.09951 0.4
      vertex -9.07692 0.958813 0.00722237
      vertex -9.07692 0.958813 0.4
    endloop
  endfacet
  facet normal -0.634433 -0.772978 0
    outer loop
      vertex -9.39583 1.4361 0.00722237
      vertex -9.28218 1.34282 0.4
      vertex -9.39583 1.4361 0.4
    endloop
  endfacet
  facet normal -0.634433 -0.772978 -0
    outer loop
      vertex -9.28218 1.34282 0.4
      vertex -9.39583 1.4361 0.00722237
      vertex -9.28218 1.34282 0.00722237
    endloop
  endfacet
  facet normal -1 0 0
    outer loop
      vertex -9.0625 -4.8125 0.00722237
      vertex -9.0625 0.8125 0.4
      vertex -9.0625 0.8125 0.00722237
    endloop
  endfacet
  facet normal -1 -0 0
    outer loop
      vertex -9.0625 0.8125 0.4
      vertex -9.0625 -4.8125 0.00722237
      vertex -9.0625 -4.8125 0.4
    endloop
  endfacet
  facet normal 0 1 -0
    outer loop
      vertex -9.8125 -5.5625 0.00722237
      vertex -15.4375 -5.5625 0.4
      vertex -9.8125 -5.5625 0.4
    endloop
  endfacet
  facet normal 0 1 0
    outer loop
      vertex -15.4375 -5.5625 0.4
      vertex -9.8125 -5.5625 0.00722237
      vertex -15.4375 -5.5625 0.00722237
    endloop
  endfacet
  facet normal -0.772978 0.634433 0
    outer loop
      vertex -9.28218 -5.34282 0.00722237
      vertex -9.1889 -5.22917 0.4
      vertex -9.1889 -5.22917 0.00722237
    endloop
  endfacet
  facet normal -0.772978 0.634433 0
    outer loop
      vertex -9.1889 -5.22917 0.4
      vertex -9.28218 -5.34282 0.00722237
      vertex -9.28218 -5.34282 0.4
    endloop
  endfacet
  facet normal -0.634433 0.772978 0
    outer loop
      vertex -9.28218 -5.34282 0.00722237
      vertex -9.39583 -5.4361 0.4
      vertex -9.28218 -5.34282 0.4
    endloop
  endfacet
  facet normal -0.634433 0.772978 0
    outer loop
      vertex -9.39583 -5.4361 0.4
      vertex -9.28218 -5.34282 0.00722237
      vertex -9.39583 -5.4361 0.00722237
    endloop
  endfacet
  facet normal 0.772911 0.634515 0
    outer loop
      vertex -15.9678 -5.34282 0.4
      vertex -16.0611 -5.22917 0.00722237
      vertex -16.0611 -5.22917 0.4
    endloop
  endfacet
  facet normal 0.772911 0.634515 0
    outer loop
      vertex -16.0611 -5.22917 0.00722237
      vertex -15.9678 -5.34282 0.4
      vertex -15.9678 -5.34282 0.00722237
    endloop
  endfacet
  facet normal -0.290217 -0.956961 0
    outer loop
      vertex -9.66619 1.54808 0.00722237
      vertex -9.52549 1.50541 0.4
      vertex -9.66619 1.54808 0.4
    endloop
  endfacet
  facet normal -0.290217 -0.956961 -0
    outer loop
      vertex -9.52549 1.50541 0.4
      vertex -9.66619 1.54808 0.00722237
      vertex -9.52549 1.50541 0.00722237
    endloop
  endfacet
  facet normal -0.0980826 -0.995178 0
    outer loop
      vertex -9.8125 1.5625 0.00722237
      vertex -9.66619 1.54808 0.4
      vertex -9.8125 1.5625 0.4
    endloop
  endfacet
  facet normal -0.0980826 -0.995178 -0
    outer loop
      vertex -9.66619 1.54808 0.4
      vertex -9.8125 1.5625 0.00722237
      vertex -9.66619 1.54808 0.00722237
    endloop
  endfacet
  facet normal -0.995178 -0.0980806 0
    outer loop
      vertex -9.0625 0.8125 0.00722237
      vertex -9.07692 0.958813 0.4
      vertex -9.07692 0.958813 0.00722237
    endloop
  endfacet
  facet normal -0.995178 -0.0980806 0
    outer loop
      vertex -9.07692 0.958813 0.4
      vertex -9.0625 0.8125 0.00722237
      vertex -9.0625 0.8125 0.4
    endloop
  endfacet
  facet normal -0.290217 0.956961 0
    outer loop
      vertex -9.52549 -5.50541 0.00722237
      vertex -9.66619 -5.54808 0.4
      vertex -9.52549 -5.50541 0.4
    endloop
  endfacet
  facet normal -0.290217 0.956961 0
    outer loop
      vertex -9.66619 -5.54808 0.4
      vertex -9.52549 -5.50541 0.00722237
      vertex -9.66619 -5.54808 0.00722237
    endloop
  endfacet
  facet normal -0.471425 0.881906 0
    outer loop
      vertex -9.39583 -5.4361 0.00722237
      vertex -9.52549 -5.50541 0.4
      vertex -9.39583 -5.4361 0.4
    endloop
  endfacet
  facet normal -0.471425 0.881906 0
    outer loop
      vertex -9.52549 -5.50541 0.4
      vertex -9.39583 -5.4361 0.00722237
      vertex -9.52549 -5.50541 0.00722237
    endloop
  endfacet
  facet normal 0.6346 0.772841 -0
    outer loop
      vertex -15.8542 -5.4361 0.00722237
      vertex -15.9678 -5.34282 0.4
      vertex -15.8542 -5.4361 0.4
    endloop
  endfacet
  facet normal 0.6346 0.772841 0
    outer loop
      vertex -15.9678 -5.34282 0.4
      vertex -15.8542 -5.4361 0.00722237
      vertex -15.9678 -5.34282 0.00722237
    endloop
  endfacet
  facet normal 0.290404 -0.956904 0
    outer loop
      vertex -15.7245 27.0054 0.00722237
      vertex -15.5838 27.0481 0.4
      vertex -15.7245 27.0054 0.4
    endloop
  endfacet
  facet normal 0.290404 -0.956904 0
    outer loop
      vertex -15.5838 27.0481 0.4
      vertex -15.7245 27.0054 0.00722237
      vertex -15.5838 27.0481 0.00722237
    endloop
  endfacet
  facet normal -0.290404 -0.956904 0
    outer loop
      vertex -9.66619 27.0481 0.00722237
      vertex -9.52549 27.0054 0.4
      vertex -9.66619 27.0481 0.4
    endloop
  endfacet
  facet normal -0.290404 -0.956904 -0
    outer loop
      vertex -9.52549 27.0054 0.4
      vertex -9.66619 27.0481 0.00722237
      vertex -9.52549 27.0054 0.00722237
    endloop
  endfacet
  facet normal -1 0 0
    outer loop
      vertex -9.0625 20.6875 0.00722237
      vertex -9.0625 26.3125 0.4
      vertex -9.0625 26.3125 0.00722237
    endloop
  endfacet
  facet normal -1 -0 0
    outer loop
      vertex -9.0625 26.3125 0.4
      vertex -9.0625 20.6875 0.00722237
      vertex -9.0625 20.6875 0.4
    endloop
  endfacet
  facet normal 0 -1 0
    outer loop
      vertex -15.4375 27.0625 0.00722237
      vertex -9.8125 27.0625 0.4
      vertex -15.4375 27.0625 0.4
    endloop
  endfacet
  facet normal 0 -1 -0
    outer loop
      vertex -9.8125 27.0625 0.4
      vertex -15.4375 27.0625 0.00722237
      vertex -9.8125 27.0625 0.00722237
    endloop
  endfacet
  facet normal 0.634681 -0.772774 0
    outer loop
      vertex -15.9678 26.8428 0.00722237
      vertex -15.8542 26.9361 0.4
      vertex -15.9678 26.8428 0.4
    endloop
  endfacet
  facet normal 0.634681 -0.772774 0
    outer loop
      vertex -15.8542 26.9361 0.4
      vertex -15.9678 26.8428 0.00722237
      vertex -15.8542 26.9361 0.00722237
    endloop
  endfacet
  facet normal 0.881995 -0.471259 0
    outer loop
      vertex -16.1304 26.5995 0.4
      vertex -16.0611 26.7292 0.00722237
      vertex -16.0611 26.7292 0.4
    endloop
  endfacet
  facet normal 0.881995 -0.471259 0
    outer loop
      vertex -16.0611 26.7292 0.00722237
      vertex -16.1304 26.5995 0.4
      vertex -16.1304 26.5995 0.00722237
    endloop
  endfacet
  facet normal -0.956961 -0.290217 0
    outer loop
      vertex -9.07692 26.4588 0.00722237
      vertex -9.11959 26.5995 0.4
      vertex -9.11959 26.5995 0.00722237
    endloop
  endfacet
  facet normal -0.956961 -0.290217 0
    outer loop
      vertex -9.11959 26.5995 0.4
      vertex -9.07692 26.4588 0.00722237
      vertex -9.07692 26.4588 0.4
    endloop
  endfacet
  facet normal 0.772774 -0.634681 0
    outer loop
      vertex -16.0611 26.7292 0.4
      vertex -15.9678 26.8428 0.00722237
      vertex -15.9678 26.8428 0.4
    endloop
  endfacet
  facet normal 0.772774 -0.634681 0
    outer loop
      vertex -15.9678 26.8428 0.00722237
      vertex -16.0611 26.7292 0.4
      vertex -16.0611 26.7292 0.00722237
    endloop
  endfacet
  facet normal -0.290404 0.956904 0
    outer loop
      vertex -9.52549 19.9946 0.00722237
      vertex -9.66619 19.9519 0.4
      vertex -9.52549 19.9946 0.4
    endloop
  endfacet
  facet normal -0.290404 0.956904 0
    outer loop
      vertex -9.66619 19.9519 0.4
      vertex -9.52549 19.9946 0.00722237
      vertex -9.66619 19.9519 0.00722237
    endloop
  endfacet
  facet normal -0.881967 -0.471312 0
    outer loop
      vertex -9.11959 26.5995 0.00722237
      vertex -9.1889 26.7292 0.4
      vertex -9.1889 26.7292 0.00722237
    endloop
  endfacet
  facet normal -0.881967 -0.471312 0
    outer loop
      vertex -9.1889 26.7292 0.4
      vertex -9.11959 26.5995 0.00722237
      vertex -9.11959 26.5995 0.4
    endloop
  endfacet
  facet normal -0.471372 -0.881935 0
    outer loop
      vertex -9.52549 27.0054 0.00722237
      vertex -9.39583 26.9361 0.4
      vertex -9.52549 27.0054 0.4
    endloop
  endfacet
  facet normal -0.471372 -0.881935 -0
    outer loop
      vertex -9.39583 26.9361 0.4
      vertex -9.52549 27.0054 0.00722237
      vertex -9.39583 26.9361 0.00722237
    endloop
  endfacet
  facet normal -0.0979479 -0.995192 0
    outer loop
      vertex -9.8125 27.0625 0.00722237
      vertex -9.66619 27.0481 0.4
      vertex -9.8125 27.0625 0.4
    endloop
  endfacet
  facet normal -0.0979479 -0.995192 -0
    outer loop
      vertex -9.66619 27.0481 0.4
      vertex -9.8125 27.0625 0.00722237
      vertex -9.66619 27.0481 0.00722237
    endloop
  endfacet
  facet normal 0.471259 -0.881995 0
    outer loop
      vertex -15.8542 26.9361 0.00722237
      vertex -15.7245 27.0054 0.4
      vertex -15.8542 26.9361 0.4
    endloop
  endfacet
  facet normal 0.471259 -0.881995 0
    outer loop
      vertex -15.7245 27.0054 0.4
      vertex -15.8542 26.9361 0.00722237
      vertex -15.7245 27.0054 0.00722237
    endloop
  endfacet
  facet normal 0.995191 -0.0979545 0
    outer loop
      vertex -16.1875 26.3125 0.4
      vertex -16.1731 26.4588 0.00722237
      vertex -16.1731 26.4588 0.4
    endloop
  endfacet
  facet normal 0.995191 -0.0979545 0
    outer loop
      vertex -16.1731 26.4588 0.00722237
      vertex -16.1875 26.3125 0.4
      vertex -16.1875 26.3125 0.00722237
    endloop
  endfacet
  facet normal 0.956904 -0.290404 0
    outer loop
      vertex -16.1731 26.4588 0.4
      vertex -16.1304 26.5995 0.00722237
      vertex -16.1304 26.5995 0.4
    endloop
  endfacet
  facet normal 0.956904 -0.290404 0
    outer loop
      vertex -16.1304 26.5995 0.00722237
      vertex -16.1731 26.4588 0.4
      vertex -16.1731 26.4588 0.00722237
    endloop
  endfacet
  facet normal 1 -0 0
    outer loop
      vertex -16.1875 20.6875 0.4
      vertex -16.1875 26.3125 0.00722237
      vertex -16.1875 26.3125 0.4
    endloop
  endfacet
  facet normal 1 0 0
    outer loop
      vertex -16.1875 26.3125 0.00722237
      vertex -16.1875 20.6875 0.4
      vertex -16.1875 20.6875 0.00722237
    endloop
  endfacet
  facet normal -0.772841 -0.6346 0
    outer loop
      vertex -9.1889 26.7292 0.00722237
      vertex -9.28218 26.8428 0.4
      vertex -9.28218 26.8428 0.00722237
    endloop
  endfacet
  facet normal -0.772841 -0.6346 0
    outer loop
      vertex -9.28218 26.8428 0.4
      vertex -9.1889 26.7292 0.00722237
      vertex -9.1889 26.7292 0.4
    endloop
  endfacet
  facet normal -0.772841 0.6346 0
    outer loop
      vertex -9.28218 20.1572 0.00722237
      vertex -9.1889 20.2708 0.4
      vertex -9.1889 20.2708 0.00722237
    endloop
  endfacet
  facet normal -0.772841 0.6346 0
    outer loop
      vertex -9.1889 20.2708 0.4
      vertex -9.28218 20.1572 0.00722237
      vertex -9.28218 20.1572 0.4
    endloop
  endfacet
  facet normal -0.881967 0.471312 0
    outer loop
      vertex -9.1889 20.2708 0.00722237
      vertex -9.11959 20.4005 0.4
      vertex -9.11959 20.4005 0.00722237
    endloop
  endfacet
  facet normal -0.881967 0.471312 0
    outer loop
      vertex -9.11959 20.4005 0.4
      vertex -9.1889 20.2708 0.00722237
      vertex -9.1889 20.2708 0.4
    endloop
  endfacet
  facet normal -0.634515 -0.772911 0
    outer loop
      vertex -9.39583 26.9361 0.00722237
      vertex -9.28218 26.8428 0.4
      vertex -9.39583 26.9361 0.4
    endloop
  endfacet
  facet normal -0.634515 -0.772911 -0
    outer loop
      vertex -9.28218 26.8428 0.4
      vertex -9.39583 26.9361 0.00722237
      vertex -9.28218 26.8428 0.00722237
    endloop
  endfacet
  facet normal -0.995178 0.0980893 0
    outer loop
      vertex -9.07692 20.5412 0.00722237
      vertex -9.0625 20.6875 0.4
      vertex -9.0625 20.6875 0.00722237
    endloop
  endfacet
  facet normal -0.995178 0.0980893 0
    outer loop
      vertex -9.0625 20.6875 0.4
      vertex -9.07692 20.5412 0.00722237
      vertex -9.07692 20.5412 0.4
    endloop
  endfacet
  facet normal -0.634515 0.772911 0
    outer loop
      vertex -9.28218 20.1572 0.00722237
      vertex -9.39583 20.0639 0.4
      vertex -9.28218 20.1572 0.4
    endloop
  endfacet
  facet normal -0.634515 0.772911 0
    outer loop
      vertex -9.39583 20.0639 0.4
      vertex -9.28218 20.1572 0.00722237
      vertex -9.39583 20.0639 0.00722237
    endloop
  endfacet
  facet normal -0.956961 0.290217 0
    outer loop
      vertex -9.11959 20.4005 0.00722237
      vertex -9.07692 20.5412 0.4
      vertex -9.07692 20.5412 0.00722237
    endloop
  endfacet
  facet normal -0.956961 0.290217 0
    outer loop
      vertex -9.07692 20.5412 0.4
      vertex -9.11959 20.4005 0.00722237
      vertex -9.11959 20.4005 0.4
    endloop
  endfacet
  facet normal 0.0979545 -0.995191 0
    outer loop
      vertex -15.5838 27.0481 0.00722237
      vertex -15.4375 27.0625 0.4
      vertex -15.5838 27.0481 0.4
    endloop
  endfacet
  facet normal 0.0979545 -0.995191 0
    outer loop
      vertex -15.4375 27.0625 0.4
      vertex -15.5838 27.0481 0.00722237
      vertex -15.4375 27.0625 0.00722237
    endloop
  endfacet
  facet normal 0 1 -0
    outer loop
      vertex -9.8125 19.9375 0.00722237
      vertex -15.4375 19.9375 0.4
      vertex -9.8125 19.9375 0.4
    endloop
  endfacet
  facet normal 0 1 0
    outer loop
      vertex -15.4375 19.9375 0.4
      vertex -9.8125 19.9375 0.00722237
      vertex -15.4375 19.9375 0.00722237
    endloop
  endfacet
  facet normal -0.995178 -0.0980893 0
    outer loop
      vertex -9.0625 26.3125 0.00722237
      vertex -9.07692 26.4588 0.4
      vertex -9.07692 26.4588 0.00722237
    endloop
  endfacet
  facet normal -0.995178 -0.0980893 0
    outer loop
      vertex -9.07692 26.4588 0.4
      vertex -9.0625 26.3125 0.00722237
      vertex -9.0625 26.3125 0.4
    endloop
  endfacet
  facet normal -0.471372 0.881935 0
    outer loop
      vertex -9.39583 20.0639 0.00722237
      vertex -9.52549 19.9946 0.4
      vertex -9.39583 20.0639 0.4
    endloop
  endfacet
  facet normal -0.471372 0.881935 0
    outer loop
      vertex -9.52549 19.9946 0.4
      vertex -9.39583 20.0639 0.00722237
      vertex -9.52549 19.9946 0.00722237
    endloop
  endfacet
  facet normal -0.0979479 0.995192 0
    outer loop
      vertex -9.66619 19.9519 0.00722237
      vertex -9.8125 19.9375 0.4
      vertex -9.66619 19.9519 0.4
    endloop
  endfacet
  facet normal -0.0979479 0.995192 0
    outer loop
      vertex -9.8125 19.9375 0.4
      vertex -9.66619 19.9519 0.00722237
      vertex -9.8125 19.9375 0.00722237
    endloop
  endfacet
  facet normal 0.881906 0.471425 0
    outer loop
      vertex -3.3111 1.14583 0.4
      vertex -3.38041 1.27549 0.00722237
      vertex -3.38041 1.27549 0.4
    endloop
  endfacet
  facet normal 0.881906 0.471425 0
    outer loop
      vertex -3.38041 1.27549 0.00722237
      vertex -3.3111 1.14583 0.4
      vertex -3.3111 1.14583 0.00722237
    endloop
  endfacet
  facet normal 0.0980826 0.995178 -0
    outer loop
      vertex -2.6875 0.8125 0.00722237
      vertex -2.83381 0.82692 0.4
      vertex -2.6875 0.8125 0.4
    endloop
  endfacet
  facet normal 0.0980826 0.995178 0
    outer loop
      vertex -2.83381 0.82692 0.4
      vertex -2.6875 0.8125 0.00722237
      vertex -2.83381 0.82692 0.00722237
    endloop
  endfacet
  facet normal -0.0980826 0.995178 0
    outer loop
      vertex 3.08381 0.82692 0.00722237
      vertex 2.9375 0.8125 0.4
      vertex 3.08381 0.82692 0.4
    endloop
  endfacet
  facet normal -0.0980826 0.995178 0
    outer loop
      vertex 2.9375 0.8125 0.4
      vertex 3.08381 0.82692 0.00722237
      vertex 2.9375 0.8125 0.00722237
    endloop
  endfacet
  facet normal 0.290248 0.956951 -0
    outer loop
      vertex -2.83381 0.82692 0.00722237
      vertex -2.97451 0.869595 0.4
      vertex -2.83381 0.82692 0.4
    endloop
  endfacet
  facet normal 0.290248 0.956951 0
    outer loop
      vertex -2.97451 0.869595 0.4
      vertex -2.83381 0.82692 0.00722237
      vertex -2.97451 0.869595 0.00722237
    endloop
  endfacet
  facet normal 0.471398 0.88192 -0
    outer loop
      vertex -2.97451 0.869595 0.00722237
      vertex -3.10417 0.9389 0.4
      vertex -2.97451 0.869595 0.4
    endloop
  endfacet
  facet normal 0.471398 0.88192 0
    outer loop
      vertex -3.10417 0.9389 0.4
      vertex -2.97451 0.869595 0.00722237
      vertex -3.10417 0.9389 0.00722237
    endloop
  endfacet
  facet normal 0.995178 0.0980826 0
    outer loop
      vertex -3.42308 1.41619 0.4
      vertex -3.4375 1.5625 0.00722237
      vertex -3.4375 1.5625 0.4
    endloop
  endfacet
  facet normal 0.995178 0.0980826 0
    outer loop
      vertex -3.4375 1.5625 0.00722237
      vertex -3.42308 1.41619 0.4
      vertex -3.42308 1.41619 0.00722237
    endloop
  endfacet
  facet normal 0.956961 0.290217 0
    outer loop
      vertex -3.38041 1.27549 0.4
      vertex -3.42308 1.41619 0.00722237
      vertex -3.42308 1.41619 0.4
    endloop
  endfacet
  facet normal 0.956961 0.290217 0
    outer loop
      vertex -3.42308 1.41619 0.00722237
      vertex -3.38041 1.27549 0.4
      vertex -3.38041 1.27549 0.00722237
    endloop
  endfacet
  facet normal -0.995178 0.0980826 0
    outer loop
      vertex 3.67308 1.41619 0.00722237
      vertex 3.6875 1.5625 0.4
      vertex 3.6875 1.5625 0.00722237
    endloop
  endfacet
  facet normal -0.995178 0.0980826 0
    outer loop
      vertex 3.6875 1.5625 0.4
      vertex 3.67308 1.41619 0.00722237
      vertex 3.67308 1.41619 0.4
    endloop
  endfacet
  facet normal -0.881906 0.471425 0
    outer loop
      vertex 3.5611 1.14583 0.00722237
      vertex 3.63041 1.27549 0.4
      vertex 3.63041 1.27549 0.00722237
    endloop
  endfacet
  facet normal -0.881906 0.471425 0
    outer loop
      vertex 3.63041 1.27549 0.4
      vertex 3.5611 1.14583 0.00722237
      vertex 3.5611 1.14583 0.4
    endloop
  endfacet
  facet normal -0.956961 0.290217 0
    outer loop
      vertex 3.63041 1.27549 0.00722237
      vertex 3.67308 1.41619 0.4
      vertex 3.67308 1.41619 0.00722237
    endloop
  endfacet
  facet normal -0.956961 0.290217 0
    outer loop
      vertex 3.67308 1.41619 0.4
      vertex 3.63041 1.27549 0.00722237
      vertex 3.63041 1.27549 0.4
    endloop
  endfacet
  facet normal 1 -0 0
    outer loop
      vertex -3.4375 1.5625 0.4
      vertex -3.4375 7.1875 0.00722237
      vertex -3.4375 7.1875 0.4
    endloop
  endfacet
  facet normal 1 0 0
    outer loop
      vertex -3.4375 7.1875 0.00722237
      vertex -3.4375 1.5625 0.4
      vertex -3.4375 1.5625 0.00722237
    endloop
  endfacet
  facet normal -1 0 0
    outer loop
      vertex 3.6875 1.5625 0.00722237
      vertex 3.6875 7.1875 0.4
      vertex 3.6875 7.1875 0.00722237
    endloop
  endfacet
  facet normal -1 -0 0
    outer loop
      vertex 3.6875 7.1875 0.4
      vertex 3.6875 1.5625 0.00722237
      vertex 3.6875 1.5625 0.4
    endloop
  endfacet
  facet normal 0 1 -0
    outer loop
      vertex 2.9375 0.8125 0.00722237
      vertex -2.6875 0.8125 0.4
      vertex 2.9375 0.8125 0.4
    endloop
  endfacet
  facet normal 0 1 0
    outer loop
      vertex -2.6875 0.8125 0.4
      vertex 2.9375 0.8125 0.00722237
      vertex -2.6875 0.8125 0.00722237
    endloop
  endfacet
  facet normal -0.772978 0.634433 0
    outer loop
      vertex 3.46782 1.03218 0.00722237
      vertex 3.5611 1.14583 0.4
      vertex 3.5611 1.14583 0.00722237
    endloop
  endfacet
  facet normal -0.772978 0.634433 0
    outer loop
      vertex 3.5611 1.14583 0.4
      vertex 3.46782 1.03218 0.00722237
      vertex 3.46782 1.03218 0.4
    endloop
  endfacet
  facet normal -0.634433 0.772978 0
    outer loop
      vertex 3.46782 1.03218 0.00722237
      vertex 3.35417 0.9389 0.4
      vertex 3.46782 1.03218 0.4
    endloop
  endfacet
  facet normal -0.634433 0.772978 0
    outer loop
      vertex 3.35417 0.9389 0.4
      vertex 3.46782 1.03218 0.00722237
      vertex 3.35417 0.9389 0.00722237
    endloop
  endfacet
  facet normal 0.772978 0.634433 0
    outer loop
      vertex -3.21782 1.03218 0.4
      vertex -3.3111 1.14583 0.00722237
      vertex -3.3111 1.14583 0.4
    endloop
  endfacet
  facet normal 0.772978 0.634433 0
    outer loop
      vertex -3.3111 1.14583 0.00722237
      vertex -3.21782 1.03218 0.4
      vertex -3.21782 1.03218 0.00722237
    endloop
  endfacet
  facet normal -0.290248 0.956951 0
    outer loop
      vertex 3.22451 0.869595 0.00722237
      vertex 3.08381 0.82692 0.4
      vertex 3.22451 0.869595 0.4
    endloop
  endfacet
  facet normal -0.290248 0.956951 0
    outer loop
      vertex 3.08381 0.82692 0.4
      vertex 3.22451 0.869595 0.00722237
      vertex 3.08381 0.82692 0.00722237
    endloop
  endfacet
  facet normal -0.471398 0.88192 0
    outer loop
      vertex 3.35417 0.9389 0.00722237
      vertex 3.22451 0.869595 0.4
      vertex 3.35417 0.9389 0.4
    endloop
  endfacet
  facet normal -0.471398 0.88192 0
    outer loop
      vertex 3.22451 0.869595 0.4
      vertex 3.35417 0.9389 0.00722237
      vertex 3.22451 0.869595 0.00722237
    endloop
  endfacet
  facet normal 0.634433 0.772978 -0
    outer loop
      vertex -3.10417 0.9389 0.00722237
      vertex -3.21782 1.03218 0.4
      vertex -3.10417 0.9389 0.4
    endloop
  endfacet
  facet normal 0.634433 0.772978 0
    outer loop
      vertex -3.21782 1.03218 0.4
      vertex -3.10417 0.9389 0.00722237
      vertex -3.21782 1.03218 0.00722237
    endloop
  endfacet
  facet normal 0 0 -1
    outer loop
      vertex -9.0625 7.1875 0.4
      vertex -3.4375 14.3125 0.4
      vertex -3.4375 7.1875 0.4
    endloop
  endfacet
  facet normal 0 0 -1
    outer loop
      vertex -9.0625 7.1875 0.4
      vertex -9.0625 14.3125 0.4
      vertex -3.4375 14.3125 0.4
    endloop
  endfacet
  facet normal 0 0 -1
    outer loop
      vertex -9.8125 7.9375 0.4
      vertex -9.0625 7.1875 0.4
      vertex -9.20881 7.20192 0.4
    endloop
  endfacet
  facet normal 0 0 -1
    outer loop
      vertex -9.0625 7.1875 0.4
      vertex -9.8125 7.9375 0.4
      vertex -9.0625 14.3125 0.4
    endloop
  endfacet
  facet normal 0 0 -1
    outer loop
      vertex -9.8125 7.9375 0.4
      vertex -9.20881 7.20192 0.4
      vertex -9.34951 7.24459 0.4
    endloop
  endfacet
  facet normal 0 0 -1
    outer loop
      vertex -9.8125 13.5625 0.4
      vertex -9.0625 14.3125 0.4
      vertex -9.8125 7.9375 0.4
    endloop
  endfacet
  facet normal 0 0 -1
    outer loop
      vertex -9.8125 7.9375 0.4
      vertex -9.34951 7.24459 0.4
      vertex -9.47917 7.3139 0.4
    endloop
  endfacet
  facet normal 0 0 -1
    outer loop
      vertex -9.0625 14.3125 0.4
      vertex -9.8125 13.5625 0.4
      vertex -9.20881 14.2981 0.4
    endloop
  endfacet
  facet normal 0 0 -1
    outer loop
      vertex -9.8125 7.9375 0.4
      vertex -9.47917 7.3139 0.4
      vertex -9.59282 7.40718 0.4
    endloop
  endfacet
  facet normal 0 0 -1
    outer loop
      vertex -9.20881 14.2981 0.4
      vertex -9.8125 13.5625 0.4
      vertex -9.34951 14.2554 0.4
    endloop
  endfacet
  facet normal 0 0 -1
    outer loop
      vertex -9.8125 7.9375 0.4
      vertex -9.59282 7.40718 0.4
      vertex -9.6861 7.52083 0.4
    endloop
  endfacet
  facet normal 0 0 -1
    outer loop
      vertex -9.34951 14.2554 0.4
      vertex -9.8125 13.5625 0.4
      vertex -9.47917 14.1861 0.4
    endloop
  endfacet
  facet normal 0 0 -1
    outer loop
      vertex -9.8125 7.9375 0.4
      vertex -9.6861 7.52083 0.4
      vertex -9.75541 7.65049 0.4
    endloop
  endfacet
  facet normal 0 0 -1
    outer loop
      vertex -9.47917 14.1861 0.4
      vertex -9.8125 13.5625 0.4
      vertex -9.59282 14.0928 0.4
    endloop
  endfacet
  facet normal 0 0 -1
    outer loop
      vertex -9.8125 7.9375 0.4
      vertex -9.75541 7.65049 0.4
      vertex -9.79808 7.79119 0.4
    endloop
  endfacet
  facet normal 0 0 -1
    outer loop
      vertex -9.59282 14.0928 0.4
      vertex -9.8125 13.5625 0.4
      vertex -9.6861 13.9792 0.4
    endloop
  endfacet
  facet normal 0 0 -1
    outer loop
      vertex -9.6861 13.9792 0.4
      vertex -9.8125 13.5625 0.4
      vertex -9.75541 13.8495 0.4
    endloop
  endfacet
  facet normal 0 0 -1
    outer loop
      vertex -9.75541 13.8495 0.4
      vertex -9.8125 13.5625 0.4
      vertex -9.79808 13.7088 0.4
    endloop
  endfacet
  facet normal 0 0 -1
    outer loop
      vertex -3.4375 7.1875 0.4
      vertex 3.6875 7.1875 0.4
      vertex 3.6875 1.5625 0.4
    endloop
  endfacet
  facet normal 0 0 -1
    outer loop
      vertex 3.6875 7.1875 0.4
      vertex -3.4375 7.1875 0.4
      vertex 3.6875 14.3125 0.4
    endloop
  endfacet
  facet normal 0 0 -1
    outer loop
      vertex 2.9375 0.8125 0.4
      vertex 3.6875 1.5625 0.4
      vertex 3.67308 1.41619 0.4
    endloop
  endfacet
  facet normal 0 0 -1
    outer loop
      vertex -3.4375 14.3125 0.4
      vertex 3.6875 14.3125 0.4
      vertex -3.4375 7.1875 0.4
    endloop
  endfacet
  facet normal 0 0 -1
    outer loop
      vertex 2.9375 0.8125 0.4
      vertex 3.67308 1.41619 0.4
      vertex 3.63041 1.27549 0.4
    endloop
  endfacet
  facet normal 0 0 -1
    outer loop
      vertex 3.6875 14.3125 0.4
      vertex -3.4375 14.3125 0.4
      vertex 3.6875 19.9375 0.4
    endloop
  endfacet
  facet normal 0 0 -1
    outer loop
      vertex 2.9375 0.8125 0.4
      vertex 3.63041 1.27549 0.4
      vertex 3.5611 1.14583 0.4
    endloop
  endfacet
  facet normal 0 -0 -1
    outer loop
      vertex 2.9375 20.6875 0.4
      vertex 3.6875 19.9375 0.4
      vertex -3.4375 14.3125 0.4
    endloop
  endfacet
  facet normal 0 0 -1
    outer loop
      vertex 2.9375 0.8125 0.4
      vertex 3.5611 1.14583 0.4
      vertex 3.46782 1.03218 0.4
    endloop
  endfacet
  facet normal 0 0 -1
    outer loop
      vertex 3.6875 19.9375 0.4
      vertex 2.9375 20.6875 0.4
      vertex 3.67308 20.0838 0.4
    endloop
  endfacet
  facet normal 0 0 -1
    outer loop
      vertex 2.9375 0.8125 0.4
      vertex 3.46782 1.03218 0.4
      vertex 3.35417 0.9389 0.4
    endloop
  endfacet
  facet normal 0 0 -1
    outer loop
      vertex 3.67308 20.0838 0.4
      vertex 2.9375 20.6875 0.4
      vertex 3.63041 20.2245 0.4
    endloop
  endfacet
  facet normal 0 0 -1
    outer loop
      vertex 2.9375 0.8125 0.4
      vertex 3.35417 0.9389 0.4
      vertex 3.22451 0.869595 0.4
    endloop
  endfacet
  facet normal 0 0 -1
    outer loop
      vertex 3.63041 20.2245 0.4
      vertex 2.9375 20.6875 0.4
      vertex 3.5611 20.3542 0.4
    endloop
  endfacet
  facet normal 0 0 -1
    outer loop
      vertex 2.9375 0.8125 0.4
      vertex 3.22451 0.869595 0.4
      vertex 3.08381 0.82692 0.4
    endloop
  endfacet
  facet normal 0 0 -1
    outer loop
      vertex 3.5611 20.3542 0.4
      vertex 2.9375 20.6875 0.4
      vertex 3.46782 20.4678 0.4
    endloop
  endfacet
  facet normal -0 0 -1
    outer loop
      vertex 3.6875 1.5625 0.4
      vertex 2.9375 0.8125 0.4
      vertex -3.4375 7.1875 0.4
    endloop
  endfacet
  facet normal 0 0 -1
    outer loop
      vertex 3.46782 20.4678 0.4
      vertex 2.9375 20.6875 0.4
      vertex 3.35417 20.5611 0.4
    endloop
  endfacet
  facet normal 0 0 -1
    outer loop
      vertex -3.4375 7.1875 0.4
      vertex 2.9375 0.8125 0.4
      vertex -2.6875 0.8125 0.4
    endloop
  endfacet
  facet normal 0 0 -1
    outer loop
      vertex 3.35417 20.5611 0.4
      vertex 2.9375 20.6875 0.4
      vertex 3.22451 20.6304 0.4
    endloop
  endfacet
  facet normal 0 0 -1
    outer loop
      vertex -3.4375 1.5625 0.4
      vertex -2.6875 0.8125 0.4
      vertex -2.83381 0.82692 0.4
    endloop
  endfacet
  facet normal 0 0 -1
    outer loop
      vertex 3.22451 20.6304 0.4
      vertex 2.9375 20.6875 0.4
      vertex 3.08381 20.6731 0.4
    endloop
  endfacet
  facet normal 0 0 -1
    outer loop
      vertex -3.4375 1.5625 0.4
      vertex -2.83381 0.82692 0.4
      vertex -2.97451 0.869595 0.4
    endloop
  endfacet
  facet normal -0 0 -1
    outer loop
      vertex 2.9375 20.6875 0.4
      vertex -3.4375 14.3125 0.4
      vertex -2.6875 20.6875 0.4
    endloop
  endfacet
  facet normal 0 0 -1
    outer loop
      vertex -3.4375 1.5625 0.4
      vertex -2.97451 0.869595 0.4
      vertex -3.10417 0.9389 0.4
    endloop
  endfacet
  facet normal 0 0 -1
    outer loop
      vertex -3.4375 19.9375 0.4
      vertex -2.6875 20.6875 0.4
      vertex -3.4375 14.3125 0.4
    endloop
  endfacet
  facet normal 0 0 -1
    outer loop
      vertex -3.4375 1.5625 0.4
      vertex -3.10417 0.9389 0.4
      vertex -3.21782 1.03218 0.4
    endloop
  endfacet
  facet normal 0 0 -1
    outer loop
      vertex -2.6875 20.6875 0.4
      vertex -3.4375 19.9375 0.4
      vertex -2.83381 20.6731 0.4
    endloop
  endfacet
  facet normal 0 0 -1
    outer loop
      vertex -3.4375 1.5625 0.4
      vertex -3.21782 1.03218 0.4
      vertex -3.3111 1.14583 0.4
    endloop
  endfacet
  facet normal 0 0 -1
    outer loop
      vertex -2.83381 20.6731 0.4
      vertex -3.4375 19.9375 0.4
      vertex -2.97451 20.6304 0.4
    endloop
  endfacet
  facet normal 0 0 -1
    outer loop
      vertex -3.4375 1.5625 0.4
      vertex -3.3111 1.14583 0.4
      vertex -3.38041 1.27549 0.4
    endloop
  endfacet
  facet normal 0 0 -1
    outer loop
      vertex -2.97451 20.6304 0.4
      vertex -3.4375 19.9375 0.4
      vertex -3.10417 20.5611 0.4
    endloop
  endfacet
  facet normal 0 0 -1
    outer loop
      vertex -3.4375 1.5625 0.4
      vertex -3.38041 1.27549 0.4
      vertex -3.42308 1.41619 0.4
    endloop
  endfacet
  facet normal 0 0 -1
    outer loop
      vertex -3.10417 20.5611 0.4
      vertex -3.4375 19.9375 0.4
      vertex -3.21782 20.4678 0.4
    endloop
  endfacet
  facet normal 0 0 -1
    outer loop
      vertex -2.6875 0.8125 0.4
      vertex -3.4375 1.5625 0.4
      vertex -3.4375 7.1875 0.4
    endloop
  endfacet
  facet normal 0 0 -1
    outer loop
      vertex -3.21782 20.4678 0.4
      vertex -3.4375 19.9375 0.4
      vertex -3.3111 20.3542 0.4
    endloop
  endfacet
  facet normal 0 0 -1
    outer loop
      vertex -3.3111 20.3542 0.4
      vertex -3.4375 19.9375 0.4
      vertex -3.38041 20.2245 0.4
    endloop
  endfacet
  facet normal 0 0 -1
    outer loop
      vertex -3.38041 20.2245 0.4
      vertex -3.4375 19.9375 0.4
      vertex -3.42308 20.0838 0.4
    endloop
  endfacet
  facet normal 0 0 -1
    outer loop
      vertex 9.3125 7.1875 0.4
      vertex 10.0625 7.9375 0.4
      vertex 10.0481 7.79119 0.4
    endloop
  endfacet
  facet normal -0 0 -1
    outer loop
      vertex 10.0625 7.9375 0.4
      vertex 9.3125 7.1875 0.4
      vertex 10.0625 13.5625 0.4
    endloop
  endfacet
  facet normal 0 0 -1
    outer loop
      vertex 9.3125 7.1875 0.4
      vertex 10.0481 7.79119 0.4
      vertex 10.0054 7.65049 0.4
    endloop
  endfacet
  facet normal 0 0 -1
    outer loop
      vertex 9.3125 14.3125 0.4
      vertex 10.0625 13.5625 0.4
      vertex 9.3125 7.1875 0.4
    endloop
  endfacet
  facet normal 0 0 -1
    outer loop
      vertex 9.3125 7.1875 0.4
      vertex 10.0054 7.65049 0.4
      vertex 9.9361 7.52083 0.4
    endloop
  endfacet
  facet normal 0 0 -1
    outer loop
      vertex 10.0625 13.5625 0.4
      vertex 9.3125 14.3125 0.4
      vertex 10.0481 13.7088 0.4
    endloop
  endfacet
  facet normal 0 0 -1
    outer loop
      vertex 9.3125 7.1875 0.4
      vertex 9.9361 7.52083 0.4
      vertex 9.84282 7.40718 0.4
    endloop
  endfacet
  facet normal 0 0 -1
    outer loop
      vertex 10.0481 13.7088 0.4
      vertex 9.3125 14.3125 0.4
      vertex 10.0054 13.8495 0.4
    endloop
  endfacet
  facet normal 0 0 -1
    outer loop
      vertex 9.3125 7.1875 0.4
      vertex 9.84282 7.40718 0.4
      vertex 9.72917 7.3139 0.4
    endloop
  endfacet
  facet normal 0 0 -1
    outer loop
      vertex 10.0054 13.8495 0.4
      vertex 9.3125 14.3125 0.4
      vertex 9.9361 13.9792 0.4
    endloop
  endfacet
  facet normal 0 0 -1
    outer loop
      vertex 9.3125 7.1875 0.4
      vertex 9.72917 7.3139 0.4
      vertex 9.59951 7.24459 0.4
    endloop
  endfacet
  facet normal 0 0 -1
    outer loop
      vertex 9.9361 13.9792 0.4
      vertex 9.3125 14.3125 0.4
      vertex 9.84282 14.0928 0.4
    endloop
  endfacet
  facet normal 0 0 -1
    outer loop
      vertex 9.3125 7.1875 0.4
      vertex 9.59951 7.24459 0.4
      vertex 9.45881 7.20192 0.4
    endloop
  endfacet
  facet normal 0 0 -1
    outer loop
      vertex 9.84282 14.0928 0.4
      vertex 9.3125 14.3125 0.4
      vertex 9.72917 14.1861 0.4
    endloop
  endfacet
  facet normal 0 0 -1
    outer loop
      vertex 9.72917 14.1861 0.4
      vertex 9.3125 14.3125 0.4
      vertex 9.59951 14.2554 0.4
    endloop
  endfacet
  facet normal 0 0 -1
    outer loop
      vertex 9.59951 14.2554 0.4
      vertex 9.3125 14.3125 0.4
      vertex 9.45881 14.2981 0.4
    endloop
  endfacet
  facet normal 0 0 -1
    outer loop
      vertex 3.6875 7.1875 0.4
      vertex 9.3125 14.3125 0.4
      vertex 9.3125 7.1875 0.4
    endloop
  endfacet
  facet normal -0 0 -1
    outer loop
      vertex 9.3125 14.3125 0.4
      vertex 3.6875 7.1875 0.4
      vertex 3.6875 14.3125 0.4
    endloop
  endfacet
  facet normal 0.995178 -0.0980893 0
    outer loop
      vertex -3.4375 19.9375 0.4
      vertex -3.42308 20.0838 0.00722237
      vertex -3.42308 20.0838 0.4
    endloop
  endfacet
  facet normal 0.995178 -0.0980893 0
    outer loop
      vertex -3.42308 20.0838 0.00722237
      vertex -3.4375 19.9375 0.4
      vertex -3.4375 19.9375 0.00722237
    endloop
  endfacet
  facet normal 1 -0 0
    outer loop
      vertex -3.4375 14.3125 0.4
      vertex -3.4375 19.9375 0.00722237
      vertex -3.4375 19.9375 0.4
    endloop
  endfacet
  facet normal 1 0 0
    outer loop
      vertex -3.4375 19.9375 0.00722237
      vertex -3.4375 14.3125 0.4
      vertex -3.4375 14.3125 0.00722237
    endloop
  endfacet
  facet normal -0.634515 -0.772911 0
    outer loop
      vertex 3.35417 20.5611 0.00722237
      vertex 3.46782 20.4678 0.4
      vertex 3.35417 20.5611 0.4
    endloop
  endfacet
  facet normal -0.634515 -0.772911 -0
    outer loop
      vertex 3.46782 20.4678 0.4
      vertex 3.35417 20.5611 0.00722237
      vertex 3.46782 20.4678 0.00722237
    endloop
  endfacet
  facet normal 0.471372 -0.881935 0
    outer loop
      vertex -3.10417 20.5611 0.00722237
      vertex -2.97451 20.6304 0.4
      vertex -3.10417 20.5611 0.4
    endloop
  endfacet
  facet normal 0.471372 -0.881935 0
    outer loop
      vertex -2.97451 20.6304 0.4
      vertex -3.10417 20.5611 0.00722237
      vertex -2.97451 20.6304 0.00722237
    endloop
  endfacet
  facet normal 0.956961 -0.290217 0
    outer loop
      vertex -3.42308 20.0838 0.4
      vertex -3.38041 20.2245 0.00722237
      vertex -3.38041 20.2245 0.4
    endloop
  endfacet
  facet normal 0.956961 -0.290217 0
    outer loop
      vertex -3.38041 20.2245 0.00722237
      vertex -3.42308 20.0838 0.4
      vertex -3.42308 20.0838 0.00722237
    endloop
  endfacet
  facet normal -0.881967 -0.471312 0
    outer loop
      vertex 3.63041 20.2245 0.00722237
      vertex 3.5611 20.3542 0.4
      vertex 3.5611 20.3542 0.00722237
    endloop
  endfacet
  facet normal -0.881967 -0.471312 0
    outer loop
      vertex 3.5611 20.3542 0.4
      vertex 3.63041 20.2245 0.00722237
      vertex 3.63041 20.2245 0.4
    endloop
  endfacet
  facet normal -1 0 0
    outer loop
      vertex 3.6875 14.3125 0.00722237
      vertex 3.6875 19.9375 0.4
      vertex 3.6875 19.9375 0.00722237
    endloop
  endfacet
  facet normal -1 -0 0
    outer loop
      vertex 3.6875 19.9375 0.4
      vertex 3.6875 14.3125 0.00722237
      vertex 3.6875 14.3125 0.4
    endloop
  endfacet
  facet normal 0.634515 -0.772911 0
    outer loop
      vertex -3.21782 20.4678 0.00722237
      vertex -3.10417 20.5611 0.4
      vertex -3.21782 20.4678 0.4
    endloop
  endfacet
  facet normal 0.634515 -0.772911 0
    outer loop
      vertex -3.10417 20.5611 0.4
      vertex -3.21782 20.4678 0.00722237
      vertex -3.10417 20.5611 0.00722237
    endloop
  endfacet
  facet normal -0.0979479 -0.995192 0
    outer loop
      vertex 2.9375 20.6875 0.00722237
      vertex 3.08381 20.6731 0.4
      vertex 2.9375 20.6875 0.4
    endloop
  endfacet
  facet normal -0.0979479 -0.995192 -0
    outer loop
      vertex 3.08381 20.6731 0.4
      vertex 2.9375 20.6875 0.00722237
      vertex 3.08381 20.6731 0.00722237
    endloop
  endfacet
  facet normal 0.772841 -0.6346 0
    outer loop
      vertex -3.3111 20.3542 0.4
      vertex -3.21782 20.4678 0.00722237
      vertex -3.21782 20.4678 0.4
    endloop
  endfacet
  facet normal 0.772841 -0.6346 0
    outer loop
      vertex -3.21782 20.4678 0.00722237
      vertex -3.3111 20.3542 0.4
      vertex -3.3111 20.3542 0.00722237
    endloop
  endfacet
  facet normal -0.772841 -0.6346 0
    outer loop
      vertex 3.5611 20.3542 0.00722237
      vertex 3.46782 20.4678 0.4
      vertex 3.46782 20.4678 0.00722237
    endloop
  endfacet
  facet normal -0.772841 -0.6346 0
    outer loop
      vertex 3.46782 20.4678 0.4
      vertex 3.5611 20.3542 0.00722237
      vertex 3.5611 20.3542 0.4
    endloop
  endfacet
  facet normal 0 -1 0
    outer loop
      vertex -2.6875 20.6875 0.00722237
      vertex 2.9375 20.6875 0.4
      vertex -2.6875 20.6875 0.4
    endloop
  endfacet
  facet normal 0 -1 -0
    outer loop
      vertex 2.9375 20.6875 0.4
      vertex -2.6875 20.6875 0.00722237
      vertex 2.9375 20.6875 0.00722237
    endloop
  endfacet
  facet normal -0.471372 -0.881935 0
    outer loop
      vertex 3.22451 20.6304 0.00722237
      vertex 3.35417 20.5611 0.4
      vertex 3.22451 20.6304 0.4
    endloop
  endfacet
  facet normal -0.471372 -0.881935 -0
    outer loop
      vertex 3.35417 20.5611 0.4
      vertex 3.22451 20.6304 0.00722237
      vertex 3.35417 20.5611 0.00722237
    endloop
  endfacet
  facet normal -0.995178 -0.0980893 0
    outer loop
      vertex 3.6875 19.9375 0.00722237
      vertex 3.67308 20.0838 0.4
      vertex 3.67308 20.0838 0.00722237
    endloop
  endfacet
  facet normal -0.995178 -0.0980893 0
    outer loop
      vertex 3.67308 20.0838 0.4
      vertex 3.6875 19.9375 0.00722237
      vertex 3.6875 19.9375 0.4
    endloop
  endfacet
  facet normal 0.881967 -0.471312 0
    outer loop
      vertex -3.38041 20.2245 0.4
      vertex -3.3111 20.3542 0.00722237
      vertex -3.3111 20.3542 0.4
    endloop
  endfacet
  facet normal 0.881967 -0.471312 0
    outer loop
      vertex -3.3111 20.3542 0.00722237
      vertex -3.38041 20.2245 0.4
      vertex -3.38041 20.2245 0.00722237
    endloop
  endfacet
  facet normal -0.290404 -0.956904 0
    outer loop
      vertex 3.08381 20.6731 0.00722237
      vertex 3.22451 20.6304 0.4
      vertex 3.08381 20.6731 0.4
    endloop
  endfacet
  facet normal -0.290404 -0.956904 -0
    outer loop
      vertex 3.22451 20.6304 0.4
      vertex 3.08381 20.6731 0.00722237
      vertex 3.22451 20.6304 0.00722237
    endloop
  endfacet
  facet normal -0.956961 -0.290217 0
    outer loop
      vertex 3.67308 20.0838 0.00722237
      vertex 3.63041 20.2245 0.4
      vertex 3.63041 20.2245 0.00722237
    endloop
  endfacet
  facet normal -0.956961 -0.290217 0
    outer loop
      vertex 3.63041 20.2245 0.4
      vertex 3.67308 20.0838 0.00722237
      vertex 3.67308 20.0838 0.4
    endloop
  endfacet
  facet normal 0.290404 -0.956904 0
    outer loop
      vertex -2.97451 20.6304 0.00722237
      vertex -2.83381 20.6731 0.4
      vertex -2.97451 20.6304 0.4
    endloop
  endfacet
  facet normal 0.290404 -0.956904 0
    outer loop
      vertex -2.83381 20.6731 0.4
      vertex -2.97451 20.6304 0.00722237
      vertex -2.83381 20.6731 0.00722237
    endloop
  endfacet
  facet normal 0.0979479 -0.995192 0
    outer loop
      vertex -2.83381 20.6731 0.00722237
      vertex -2.6875 20.6875 0.4
      vertex -2.83381 20.6731 0.4
    endloop
  endfacet
  facet normal 0.0979479 -0.995192 0
    outer loop
      vertex -2.6875 20.6875 0.4
      vertex -2.83381 20.6731 0.00722237
      vertex -2.6875 20.6875 0.00722237
    endloop
  endfacet
  facet normal 0.995178 -0.0980806 0
    outer loop
      vertex 9.3125 0.8125 0.4
      vertex 9.32692 0.958813 0.00722237
      vertex 9.32692 0.958813 0.4
    endloop
  endfacet
  facet normal 0.995178 -0.0980806 0
    outer loop
      vertex 9.32692 0.958813 0.00722237
      vertex 9.3125 0.8125 0.4
      vertex 9.3125 0.8125 0.00722237
    endloop
  endfacet
  facet normal 0.881906 0.471425 0
    outer loop
      vertex 9.4389 -5.22917 0.4
      vertex 9.36959 -5.09951 0.00722237
      vertex 9.36959 -5.09951 0.4
    endloop
  endfacet
  facet normal 0.881906 0.471425 0
    outer loop
      vertex 9.36959 -5.09951 0.00722237
      vertex 9.4389 -5.22917 0.4
      vertex 9.4389 -5.22917 0.00722237
    endloop
  endfacet
  facet normal 1 -0 0
    outer loop
      vertex 9.3125 -4.8125 0.4
      vertex 9.3125 0.8125 0.00722237
      vertex 9.3125 0.8125 0.4
    endloop
  endfacet
  facet normal 1 0 0
    outer loop
      vertex 9.3125 0.8125 0.00722237
      vertex 9.3125 -4.8125 0.4
      vertex 9.3125 -4.8125 0.00722237
    endloop
  endfacet
  facet normal 0.956961 0.290217 0
    outer loop
      vertex 9.36959 -5.09951 0.4
      vertex 9.32692 -4.95881 0.00722237
      vertex 9.32692 -4.95881 0.4
    endloop
  endfacet
  facet normal 0.956961 0.290217 0
    outer loop
      vertex 9.32692 -4.95881 0.00722237
      vertex 9.36959 -5.09951 0.4
      vertex 9.36959 -5.09951 0.00722237
    endloop
  endfacet
  facet normal 0.995178 0.0980826 0
    outer loop
      vertex 9.32692 -4.95881 0.4
      vertex 9.3125 -4.8125 0.00722237
      vertex 9.3125 -4.8125 0.4
    endloop
  endfacet
  facet normal 0.995178 0.0980826 0
    outer loop
      vertex 9.3125 -4.8125 0.00722237
      vertex 9.32692 -4.95881 0.4
      vertex 9.32692 -4.95881 0.00722237
    endloop
  endfacet
  facet normal -0.956904 0.290404 0
    outer loop
      vertex 16.3804 -5.09951 0.00722237
      vertex 16.4231 -4.95881 0.4
      vertex 16.4231 -4.95881 0.00722237
    endloop
  endfacet
  facet normal -0.956904 0.290404 0
    outer loop
      vertex 16.4231 -4.95881 0.4
      vertex 16.3804 -5.09951 0.00722237
      vertex 16.3804 -5.09951 0.4
    endloop
  endfacet
  facet normal 0 1 -0
    outer loop
      vertex 15.6875 -5.5625 0.00722237
      vertex 10.0625 -5.5625 0.4
      vertex 15.6875 -5.5625 0.4
    endloop
  endfacet
  facet normal 0 1 0
    outer loop
      vertex 10.0625 -5.5625 0.4
      vertex 15.6875 -5.5625 0.00722237
      vertex 10.0625 -5.5625 0.00722237
    endloop
  endfacet
  facet normal -0.6346 0.772841 0
    outer loop
      vertex 16.2178 -5.34282 0.00722237
      vertex 16.1042 -5.4361 0.4
      vertex 16.2178 -5.34282 0.4
    endloop
  endfacet
  facet normal -0.6346 0.772841 0
    outer loop
      vertex 16.1042 -5.4361 0.4
      vertex 16.2178 -5.34282 0.00722237
      vertex 16.1042 -5.4361 0.00722237
    endloop
  endfacet
  facet normal 0.956959 -0.290223 0
    outer loop
      vertex 9.32692 0.958813 0.4
      vertex 9.36959 1.09951 0.00722237
      vertex 9.36959 1.09951 0.4
    endloop
  endfacet
  facet normal 0.956959 -0.290223 0
    outer loop
      vertex 9.36959 1.09951 0.00722237
      vertex 9.32692 0.958813 0.4
      vertex 9.32692 0.958813 0.00722237
    endloop
  endfacet
  facet normal -0.881935 0.471372 0
    outer loop
      vertex 16.3111 -5.22917 0.00722237
      vertex 16.3804 -5.09951 0.4
      vertex 16.3804 -5.09951 0.00722237
    endloop
  endfacet
  facet normal -0.881935 0.471372 0
    outer loop
      vertex 16.3804 -5.09951 0.4
      vertex 16.3111 -5.22917 0.00722237
      vertex 16.3111 -5.22917 0.4
    endloop
  endfacet
  facet normal 0 -1 0
    outer loop
      vertex 10.0625 1.5625 0.00722237
      vertex 15.6875 1.5625 0.4
      vertex 10.0625 1.5625 0.4
    endloop
  endfacet
  facet normal 0 -1 -0
    outer loop
      vertex 15.6875 1.5625 0.4
      vertex 10.0625 1.5625 0.00722237
      vertex 15.6875 1.5625 0.00722237
    endloop
  endfacet
  facet normal 0.0980826 0.995178 -0
    outer loop
      vertex 10.0625 -5.5625 0.00722237
      vertex 9.91619 -5.54808 0.4
      vertex 10.0625 -5.5625 0.4
    endloop
  endfacet
  facet normal 0.0980826 0.995178 0
    outer loop
      vertex 9.91619 -5.54808 0.4
      vertex 10.0625 -5.5625 0.00722237
      vertex 9.91619 -5.54808 0.00722237
    endloop
  endfacet
  facet normal -1 0 0
    outer loop
      vertex 16.4375 -4.8125 0.00722237
      vertex 16.4375 0.8125 0.4
      vertex 16.4375 0.8125 0.00722237
    endloop
  endfacet
  facet normal -1 -0 0
    outer loop
      vertex 16.4375 0.8125 0.4
      vertex 16.4375 -4.8125 0.00722237
      vertex 16.4375 -4.8125 0.4
    endloop
  endfacet
  facet normal 0.772978 0.634433 0
    outer loop
      vertex 9.53218 -5.34282 0.4
      vertex 9.4389 -5.22917 0.00722237
      vertex 9.4389 -5.22917 0.4
    endloop
  endfacet
  facet normal 0.772978 0.634433 0
    outer loop
      vertex 9.4389 -5.22917 0.00722237
      vertex 9.53218 -5.34282 0.4
      vertex 9.53218 -5.34282 0.00722237
    endloop
  endfacet
  facet normal 0.881906 -0.471425 0
    outer loop
      vertex 9.36959 1.09951 0.4
      vertex 9.4389 1.22917 0.00722237
      vertex 9.4389 1.22917 0.4
    endloop
  endfacet
  facet normal 0.881906 -0.471425 0
    outer loop
      vertex 9.4389 1.22917 0.00722237
      vertex 9.36959 1.09951 0.4
      vertex 9.36959 1.09951 0.00722237
    endloop
  endfacet
  facet normal -0.995192 0.0979479 0
    outer loop
      vertex 16.4231 -4.95881 0.00722237
      vertex 16.4375 -4.8125 0.4
      vertex 16.4375 -4.8125 0.00722237
    endloop
  endfacet
  facet normal -0.995192 0.0979479 0
    outer loop
      vertex 16.4375 -4.8125 0.4
      vertex 16.4231 -4.95881 0.00722237
      vertex 16.4231 -4.95881 0.4
    endloop
  endfacet
  facet normal 0.634433 -0.772978 0
    outer loop
      vertex 9.53218 1.34282 0.00722237
      vertex 9.64583 1.4361 0.4
      vertex 9.53218 1.34282 0.4
    endloop
  endfacet
  facet normal 0.634433 -0.772978 0
    outer loop
      vertex 9.64583 1.4361 0.4
      vertex 9.53218 1.34282 0.00722237
      vertex 9.64583 1.4361 0.00722237
    endloop
  endfacet
  facet normal 0.290217 0.956961 -0
    outer loop
      vertex 9.91619 -5.54808 0.00722237
      vertex 9.77549 -5.50541 0.4
      vertex 9.91619 -5.54808 0.4
    endloop
  endfacet
  facet normal 0.290217 0.956961 0
    outer loop
      vertex 9.77549 -5.50541 0.4
      vertex 9.91619 -5.54808 0.00722237
      vertex 9.77549 -5.50541 0.00722237
    endloop
  endfacet
  facet normal -0.772911 0.634515 0
    outer loop
      vertex 16.2178 -5.34282 0.00722237
      vertex 16.3111 -5.22917 0.4
      vertex 16.3111 -5.22917 0.00722237
    endloop
  endfacet
  facet normal -0.772911 0.634515 0
    outer loop
      vertex 16.3111 -5.22917 0.4
      vertex 16.2178 -5.34282 0.00722237
      vertex 16.2178 -5.34282 0.4
    endloop
  endfacet
  facet normal 0.772978 -0.634433 0
    outer loop
      vertex 9.4389 1.22917 0.4
      vertex 9.53218 1.34282 0.00722237
      vertex 9.53218 1.34282 0.4
    endloop
  endfacet
  facet normal 0.772978 -0.634433 0
    outer loop
      vertex 9.53218 1.34282 0.00722237
      vertex 9.4389 1.22917 0.4
      vertex 9.4389 1.22917 0.00722237
    endloop
  endfacet
  facet normal 0.634433 0.772978 -0
    outer loop
      vertex 9.64583 -5.4361 0.00722237
      vertex 9.53218 -5.34282 0.4
      vertex 9.64583 -5.4361 0.4
    endloop
  endfacet
  facet normal 0.634433 0.772978 0
    outer loop
      vertex 9.53218 -5.34282 0.4
      vertex 9.64583 -5.4361 0.00722237
      vertex 9.53218 -5.34282 0.00722237
    endloop
  endfacet
  facet normal 0.471425 -0.881906 0
    outer loop
      vertex 9.64583 1.4361 0.00722237
      vertex 9.77549 1.50541 0.4
      vertex 9.64583 1.4361 0.4
    endloop
  endfacet
  facet normal 0.471425 -0.881906 0
    outer loop
      vertex 9.77549 1.50541 0.4
      vertex 9.64583 1.4361 0.00722237
      vertex 9.77549 1.50541 0.00722237
    endloop
  endfacet
  facet normal 0.290217 -0.956961 0
    outer loop
      vertex 9.77549 1.50541 0.00722237
      vertex 9.91619 1.54808 0.4
      vertex 9.77549 1.50541 0.4
    endloop
  endfacet
  facet normal 0.290217 -0.956961 0
    outer loop
      vertex 9.91619 1.54808 0.4
      vertex 9.77549 1.50541 0.00722237
      vertex 9.91619 1.54808 0.00722237
    endloop
  endfacet
  facet normal 0.0980826 -0.995178 0
    outer loop
      vertex 9.91619 1.54808 0.00722237
      vertex 10.0625 1.5625 0.4
      vertex 9.91619 1.54808 0.4
    endloop
  endfacet
  facet normal 0.0980826 -0.995178 0
    outer loop
      vertex 10.0625 1.5625 0.4
      vertex 9.91619 1.54808 0.00722237
      vertex 10.0625 1.5625 0.00722237
    endloop
  endfacet
  facet normal -0.290217 0.956961 0
    outer loop
      vertex 15.9745 -5.50541 0.00722237
      vertex 15.8338 -5.54808 0.4
      vertex 15.9745 -5.50541 0.4
    endloop
  endfacet
  facet normal -0.290217 0.956961 0
    outer loop
      vertex 15.8338 -5.54808 0.4
      vertex 15.9745 -5.50541 0.00722237
      vertex 15.8338 -5.54808 0.00722237
    endloop
  endfacet
  facet normal 0.471425 0.881906 -0
    outer loop
      vertex 9.77549 -5.50541 0.00722237
      vertex 9.64583 -5.4361 0.4
      vertex 9.77549 -5.50541 0.4
    endloop
  endfacet
  facet normal 0.471425 0.881906 0
    outer loop
      vertex 9.64583 -5.4361 0.4
      vertex 9.77549 -5.50541 0.00722237
      vertex 9.64583 -5.4361 0.00722237
    endloop
  endfacet
  facet normal -0.471312 0.881967 0
    outer loop
      vertex 16.1042 -5.4361 0.00722237
      vertex 15.9745 -5.50541 0.4
      vertex 16.1042 -5.4361 0.4
    endloop
  endfacet
  facet normal -0.471312 0.881967 0
    outer loop
      vertex 15.9745 -5.50541 0.4
      vertex 16.1042 -5.4361 0.00722237
      vertex 15.9745 -5.50541 0.00722237
    endloop
  endfacet
  facet normal 0 0 -1
    outer loop
      vertex 22.0625 0.8125 0.4
      vertex 22.8125 1.5625 0.4
      vertex 22.7981 1.41619 0.4
    endloop
  endfacet
  facet normal -0 0 -1
    outer loop
      vertex 22.8125 1.5625 0.4
      vertex 22.0625 0.8125 0.4
      vertex 22.8125 7.1875 0.4
    endloop
  endfacet
  facet normal 0 0 -1
    outer loop
      vertex 22.0625 0.8125 0.4
      vertex 22.7981 1.41619 0.4
      vertex 22.7554 1.27549 0.4
    endloop
  endfacet
  facet normal 0 0 -1
    outer loop
      vertex 15.6875 7.1875 0.4
      vertex 22.8125 7.1875 0.4
      vertex 22.0625 0.8125 0.4
    endloop
  endfacet
  facet normal 0 -0 -1
    outer loop
      vertex 22.7084 7.5625 0.4
      vertex 22.8125 7.1875 0.4
      vertex 15.6875 7.1875 0.4
    endloop
  endfacet
  facet normal 0 0 -1
    outer loop
      vertex 22.8125 7.1875 0.4
      vertex 22.7084 7.5625 0.4
      vertex 22.7981 7.33381 0.4
    endloop
  endfacet
  facet normal 0 0 -1
    outer loop
      vertex 22.0625 0.8125 0.4
      vertex 22.7554 1.27549 0.4
      vertex 22.6861 1.14583 0.4
    endloop
  endfacet
  facet normal 0 0 -1
    outer loop
      vertex 22.7084 7.5625 0.4
      vertex 22.8125 7.9375 0.4
      vertex 22.7981 7.79119 0.4
    endloop
  endfacet
  facet normal -0 0 -1
    outer loop
      vertex 22.8125 7.9375 0.4
      vertex 22.7084 7.5625 0.4
      vertex 22.8125 13.5625 0.4
    endloop
  endfacet
  facet normal 0 0 -1
    outer loop
      vertex 22.7084 7.5625 0.4
      vertex 22.7981 7.79119 0.4
      vertex 22.7554 7.65049 0.4
    endloop
  endfacet
  facet normal 0 0 -1
    outer loop
      vertex 22.7084 13.9375 0.4
      vertex 22.8125 13.5625 0.4
      vertex 22.7084 7.5625 0.4
    endloop
  endfacet
  facet normal 0 0 -1
    outer loop
      vertex 22.8125 13.5625 0.4
      vertex 22.7084 13.9375 0.4
      vertex 22.7981 13.7088 0.4
    endloop
  endfacet
  facet normal 0 0 -1
    outer loop
      vertex 22.7981 13.7088 0.4
      vertex 22.7084 13.9375 0.4
      vertex 22.7554 13.8495 0.4
    endloop
  endfacet
  facet normal 0 0 -1
    outer loop
      vertex 22.7084 13.9375 0.4
      vertex 22.8125 14.3125 0.4
      vertex 22.7981 14.1662 0.4
    endloop
  endfacet
  facet normal 0 0 -1
    outer loop
      vertex 22.8125 14.3125 0.4
      vertex 15.6875 14.3125 0.4
      vertex 22.8125 19.9375 0.4
    endloop
  endfacet
  facet normal 0 0 -1
    outer loop
      vertex 22.7084 13.9375 0.4
      vertex 22.7981 14.1662 0.4
      vertex 22.7554 14.0255 0.4
    endloop
  endfacet
  facet normal 0 0 -1
    outer loop
      vertex 22.8125 19.9375 0.4
      vertex 22.0625 20.6875 0.4
      vertex 22.7981 20.0838 0.4
    endloop
  endfacet
  facet normal -0 0 -1
    outer loop
      vertex 22.8125 14.3125 0.4
      vertex 22.7084 13.9375 0.4
      vertex 15.6875 14.3125 0.4
    endloop
  endfacet
  facet normal 0 0 -1
    outer loop
      vertex 22.7981 20.0838 0.4
      vertex 22.0625 20.6875 0.4
      vertex 22.7554 20.2245 0.4
    endloop
  endfacet
  facet normal 0 0 -1
    outer loop
      vertex 15.6875 7.9375 0.4
      vertex 22.7084 7.5625 0.4
      vertex 15.7916 7.5625 0.4
    endloop
  endfacet
  facet normal 0 0 -1
    outer loop
      vertex 22.0625 0.8125 0.4
      vertex 22.6861 1.14583 0.4
      vertex 22.5928 1.03218 0.4
    endloop
  endfacet
  facet normal 0 0 -1
    outer loop
      vertex 15.6875 13.5625 0.4
      vertex 22.7084 13.9375 0.4
      vertex 15.6875 7.9375 0.4
    endloop
  endfacet
  facet normal 0 0 -1
    outer loop
      vertex 22.0625 0.8125 0.4
      vertex 22.5928 1.03218 0.4
      vertex 22.4792 0.9389 0.4
    endloop
  endfacet
  facet normal 0 -0 -1
    outer loop
      vertex 15.7916 13.9375 0.4
      vertex 22.7084 13.9375 0.4
      vertex 15.6875 13.5625 0.4
    endloop
  endfacet
  facet normal 0 0 -1
    outer loop
      vertex 22.0625 0.8125 0.4
      vertex 22.4792 0.9389 0.4
      vertex 22.3495 0.869595 0.4
    endloop
  endfacet
  facet normal 0 0 -1
    outer loop
      vertex 15.6875 14.3125 0.4
      vertex 22.7084 13.9375 0.4
      vertex 15.7916 13.9375 0.4
    endloop
  endfacet
  facet normal 0 0 -1
    outer loop
      vertex 22.0625 0.8125 0.4
      vertex 22.3495 0.869595 0.4
      vertex 22.2088 0.82692 0.4
    endloop
  endfacet
  facet normal -0 0 -1
    outer loop
      vertex 22.8125 19.9375 0.4
      vertex 15.6875 14.3125 0.4
      vertex 22.0625 20.6875 0.4
    endloop
  endfacet
  facet normal 0 0 -1
    outer loop
      vertex 22.7981 7.33381 0.4
      vertex 22.7084 7.5625 0.4
      vertex 22.7554 7.47451 0.4
    endloop
  endfacet
  facet normal 0 0 -1
    outer loop
      vertex 22.7554 20.2245 0.4
      vertex 22.0625 20.6875 0.4
      vertex 22.6861 20.3542 0.4
    endloop
  endfacet
  facet normal 0 0 -1
    outer loop
      vertex 15.6875 7.1875 0.4
      vertex 22.0625 0.8125 0.4
      vertex 16.4375 0.8125 0.4
    endloop
  endfacet
  facet normal 0 0 -1
    outer loop
      vertex 22.7084 7.5625 0.4
      vertex 15.6875 7.9375 0.4
      vertex 22.7084 13.9375 0.4
    endloop
  endfacet
  facet normal 0 0 -1
    outer loop
      vertex 10.0625 -5.5625 0.4
      vertex 15.6875 1.5625 0.4
      vertex 15.6875 -5.5625 0.4
    endloop
  endfacet
  facet normal 0 0 -1
    outer loop
      vertex 10.0625 -5.5625 0.4
      vertex 10.0625 1.5625 0.4
      vertex 15.6875 1.5625 0.4
    endloop
  endfacet
  facet normal 0 0 -1
    outer loop
      vertex 9.3125 -4.8125 0.4
      vertex 10.0625 -5.5625 0.4
      vertex 9.91619 -5.54808 0.4
    endloop
  endfacet
  facet normal 0 0 -1
    outer loop
      vertex 10.0625 -5.5625 0.4
      vertex 9.3125 -4.8125 0.4
      vertex 10.0625 1.5625 0.4
    endloop
  endfacet
  facet normal 0 0 -1
    outer loop
      vertex 9.3125 -4.8125 0.4
      vertex 9.91619 -5.54808 0.4
      vertex 9.77549 -5.50541 0.4
    endloop
  endfacet
  facet normal 0 0 -1
    outer loop
      vertex 9.3125 0.8125 0.4
      vertex 10.0625 1.5625 0.4
      vertex 9.3125 -4.8125 0.4
    endloop
  endfacet
  facet normal 0 0 -1
    outer loop
      vertex 9.3125 -4.8125 0.4
      vertex 9.77549 -5.50541 0.4
      vertex 9.64583 -5.4361 0.4
    endloop
  endfacet
  facet normal 0 0 -1
    outer loop
      vertex 10.0625 1.5625 0.4
      vertex 9.3125 0.8125 0.4
      vertex 9.91619 1.54808 0.4
    endloop
  endfacet
  facet normal 0 0 -1
    outer loop
      vertex 9.3125 -4.8125 0.4
      vertex 9.64583 -5.4361 0.4
      vertex 9.53218 -5.34282 0.4
    endloop
  endfacet
  facet normal 0 0 -1
    outer loop
      vertex 9.91619 1.54808 0.4
      vertex 9.3125 0.8125 0.4
      vertex 9.77549 1.50541 0.4
    endloop
  endfacet
  facet normal 0 0 -1
    outer loop
      vertex 9.3125 -4.8125 0.4
      vertex 9.53218 -5.34282 0.4
      vertex 9.4389 -5.22917 0.4
    endloop
  endfacet
  facet normal 0 0 -1
    outer loop
      vertex 9.77549 1.50541 0.4
      vertex 9.3125 0.8125 0.4
      vertex 9.64583 1.4361 0.4
    endloop
  endfacet
  facet normal 0 0 -1
    outer loop
      vertex 9.3125 -4.8125 0.4
      vertex 9.4389 -5.22917 0.4
      vertex 9.36959 -5.09951 0.4
    endloop
  endfacet
  facet normal 0 0 -1
    outer loop
      vertex 9.64583 1.4361 0.4
      vertex 9.3125 0.8125 0.4
      vertex 9.53218 1.34282 0.4
    endloop
  endfacet
  facet normal 0 0 -1
    outer loop
      vertex 9.3125 -4.8125 0.4
      vertex 9.36959 -5.09951 0.4
      vertex 9.32692 -4.95881 0.4
    endloop
  endfacet
  facet normal 0 0 -1
    outer loop
      vertex 9.53218 1.34282 0.4
      vertex 9.3125 0.8125 0.4
      vertex 9.4389 1.22917 0.4
    endloop
  endfacet
  facet normal 0 0 -1
    outer loop
      vertex 9.4389 1.22917 0.4
      vertex 9.3125 0.8125 0.4
      vertex 9.36959 1.09951 0.4
    endloop
  endfacet
  facet normal 0 0 -1
    outer loop
      vertex 9.36959 1.09951 0.4
      vertex 9.3125 0.8125 0.4
      vertex 9.32692 0.958813 0.4
    endloop
  endfacet
  facet normal 0 0 -1
    outer loop
      vertex 15.7019 7.79119 0.4
      vertex 15.7916 7.5625 0.4
      vertex 15.7446 7.65049 0.4
    endloop
  endfacet
  facet normal 0 0 -1
    outer loop
      vertex 22.4792 20.5611 0.4
      vertex 22.0625 20.6875 0.4
      vertex 22.3495 20.6304 0.4
    endloop
  endfacet
  facet normal 0 0 -1
    outer loop
      vertex 15.7916 7.5625 0.4
      vertex 15.7019 7.79119 0.4
      vertex 15.6875 7.9375 0.4
    endloop
  endfacet
  facet normal 0 0 -1
    outer loop
      vertex 22.3495 20.6304 0.4
      vertex 22.0625 20.6875 0.4
      vertex 22.2088 20.6731 0.4
    endloop
  endfacet
  facet normal 0 -0 -1
    outer loop
      vertex 15.7019 13.7088 0.4
      vertex 15.7916 13.9375 0.4
      vertex 15.6875 13.5625 0.4
    endloop
  endfacet
  facet normal 0 0 -1
    outer loop
      vertex 15.7916 13.9375 0.4
      vertex 15.7019 13.7088 0.4
      vertex 15.7446 13.8495 0.4
    endloop
  endfacet
  facet normal 0 0 -1
    outer loop
      vertex 15.6875 1.5625 0.4
      vertex 16.4375 0.8125 0.4
      vertex 16.4375 -4.8125 0.4
    endloop
  endfacet
  facet normal 0 0 -1
    outer loop
      vertex 22.6861 20.3542 0.4
      vertex 22.0625 20.6875 0.4
      vertex 22.5928 20.4678 0.4
    endloop
  endfacet
  facet normal 0 0 -1
    outer loop
      vertex 15.6875 -5.5625 0.4
      vertex 16.4375 -4.8125 0.4
      vertex 16.4231 -4.95881 0.4
    endloop
  endfacet
  facet normal 0 0 -1
    outer loop
      vertex 22.5928 20.4678 0.4
      vertex 22.0625 20.6875 0.4
      vertex 22.4792 20.5611 0.4
    endloop
  endfacet
  facet normal 0 0 -1
    outer loop
      vertex 15.6875 -5.5625 0.4
      vertex 16.4231 -4.95881 0.4
      vertex 16.3804 -5.09951 0.4
    endloop
  endfacet
  facet normal -0 0 -1
    outer loop
      vertex 22.0625 20.6875 0.4
      vertex 15.6875 14.3125 0.4
      vertex 16.4375 20.6875 0.4
    endloop
  endfacet
  facet normal 0 0 -1
    outer loop
      vertex 15.6875 -5.5625 0.4
      vertex 16.3804 -5.09951 0.4
      vertex 16.3111 -5.22917 0.4
    endloop
  endfacet
  facet normal -0 0 -1
    outer loop
      vertex 16.4375 20.6875 0.4
      vertex 15.6875 19.9375 0.4
      vertex 16.4375 26.3125 0.4
    endloop
  endfacet
  facet normal 0 0 -1
    outer loop
      vertex 15.6875 -5.5625 0.4
      vertex 16.3111 -5.22917 0.4
      vertex 16.2178 -5.34282 0.4
    endloop
  endfacet
  facet normal 0 0 -1
    outer loop
      vertex 15.6875 27.0625 0.4
      vertex 16.4375 26.3125 0.4
      vertex 15.6875 19.9375 0.4
    endloop
  endfacet
  facet normal 0 0 -1
    outer loop
      vertex 15.6875 -5.5625 0.4
      vertex 16.2178 -5.34282 0.4
      vertex 16.1042 -5.4361 0.4
    endloop
  endfacet
  facet normal 0 0 -1
    outer loop
      vertex 16.4375 26.3125 0.4
      vertex 15.6875 27.0625 0.4
      vertex 16.4231 26.4588 0.4
    endloop
  endfacet
  facet normal 0 0 -1
    outer loop
      vertex 15.6875 -5.5625 0.4
      vertex 16.1042 -5.4361 0.4
      vertex 15.9745 -5.50541 0.4
    endloop
  endfacet
  facet normal 0 0 -1
    outer loop
      vertex 16.4231 26.4588 0.4
      vertex 15.6875 27.0625 0.4
      vertex 16.3804 26.5995 0.4
    endloop
  endfacet
  facet normal 0 0 -1
    outer loop
      vertex 15.6875 -5.5625 0.4
      vertex 15.9745 -5.50541 0.4
      vertex 15.8338 -5.54808 0.4
    endloop
  endfacet
  facet normal 0 0 -1
    outer loop
      vertex 16.3804 26.5995 0.4
      vertex 15.6875 27.0625 0.4
      vertex 16.3111 26.7292 0.4
    endloop
  endfacet
  facet normal 0 0 -1
    outer loop
      vertex 16.3111 26.7292 0.4
      vertex 15.6875 27.0625 0.4
      vertex 16.2178 26.8428 0.4
    endloop
  endfacet
  facet normal 0 0 -1
    outer loop
      vertex 15.6875 7.1875 0.4
      vertex 16.4375 0.8125 0.4
      vertex 15.6875 1.5625 0.4
    endloop
  endfacet
  facet normal -0 0 -1
    outer loop
      vertex 22.7084 7.5625 0.4
      vertex 15.6875 7.1875 0.4
      vertex 15.7916 7.5625 0.4
    endloop
  endfacet
  facet normal -0 0 -1
    outer loop
      vertex 16.4375 -4.8125 0.4
      vertex 15.6875 -5.5625 0.4
      vertex 15.6875 1.5625 0.4
    endloop
  endfacet
  facet normal 0 -0 -1
    outer loop
      vertex 15.7019 7.33381 0.4
      vertex 15.7916 7.5625 0.4
      vertex 15.6875 7.1875 0.4
    endloop
  endfacet
  facet normal 0 0 -1
    outer loop
      vertex 15.7916 7.5625 0.4
      vertex 15.7019 7.33381 0.4
      vertex 15.7446 7.47451 0.4
    endloop
  endfacet
  facet normal 0 0 -1
    outer loop
      vertex 16.2178 26.8428 0.4
      vertex 15.6875 27.0625 0.4
      vertex 16.1042 26.9361 0.4
    endloop
  endfacet
  facet normal 0 0 -1
    outer loop
      vertex 15.7019 14.1662 0.4
      vertex 15.7916 13.9375 0.4
      vertex 15.7446 14.0255 0.4
    endloop
  endfacet
  facet normal 0 0 -1
    outer loop
      vertex 15.7916 13.9375 0.4
      vertex 15.7019 14.1662 0.4
      vertex 15.6875 14.3125 0.4
    endloop
  endfacet
  facet normal 0 0 -1
    outer loop
      vertex 16.4375 20.6875 0.4
      vertex 15.6875 14.3125 0.4
      vertex 15.6875 19.9375 0.4
    endloop
  endfacet
  facet normal 0 0 -1
    outer loop
      vertex 16.1042 26.9361 0.4
      vertex 15.6875 27.0625 0.4
      vertex 15.9745 27.0054 0.4
    endloop
  endfacet
  facet normal 0 0 -1
    outer loop
      vertex 15.9745 27.0054 0.4
      vertex 15.6875 27.0625 0.4
      vertex 15.8338 27.0481 0.4
    endloop
  endfacet
  facet normal 0 0 -1
    outer loop
      vertex 10.0625 19.9375 0.4
      vertex 15.6875 27.0625 0.4
      vertex 15.6875 19.9375 0.4
    endloop
  endfacet
  facet normal 0 0 -1
    outer loop
      vertex 10.0625 19.9375 0.4
      vertex 10.0625 27.0625 0.4
      vertex 15.6875 27.0625 0.4
    endloop
  endfacet
  facet normal 0 0 -1
    outer loop
      vertex 9.3125 20.6875 0.4
      vertex 10.0625 19.9375 0.4
      vertex 9.91619 19.9519 0.4
    endloop
  endfacet
  facet normal 0 0 -1
    outer loop
      vertex 10.0625 19.9375 0.4
      vertex 9.3125 20.6875 0.4
      vertex 10.0625 27.0625 0.4
    endloop
  endfacet
  facet normal 0 0 -1
    outer loop
      vertex 9.3125 20.6875 0.4
      vertex 9.91619 19.9519 0.4
      vertex 9.77549 19.9946 0.4
    endloop
  endfacet
  facet normal 0 0 -1
    outer loop
      vertex 9.3125 26.3125 0.4
      vertex 10.0625 27.0625 0.4
      vertex 9.3125 20.6875 0.4
    endloop
  endfacet
  facet normal 0 0 -1
    outer loop
      vertex 9.3125 20.6875 0.4
      vertex 9.77549 19.9946 0.4
      vertex 9.64583 20.0639 0.4
    endloop
  endfacet
  facet normal 0 0 -1
    outer loop
      vertex 10.0625 27.0625 0.4
      vertex 9.3125 26.3125 0.4
      vertex 9.91619 27.0481 0.4
    endloop
  endfacet
  facet normal 0 0 -1
    outer loop
      vertex 9.3125 20.6875 0.4
      vertex 9.64583 20.0639 0.4
      vertex 9.53218 20.1572 0.4
    endloop
  endfacet
  facet normal 0 0 -1
    outer loop
      vertex 9.91619 27.0481 0.4
      vertex 9.3125 26.3125 0.4
      vertex 9.77549 27.0054 0.4
    endloop
  endfacet
  facet normal 0 0 -1
    outer loop
      vertex 9.3125 20.6875 0.4
      vertex 9.53218 20.1572 0.4
      vertex 9.4389 20.2708 0.4
    endloop
  endfacet
  facet normal 0 0 -1
    outer loop
      vertex 9.77549 27.0054 0.4
      vertex 9.3125 26.3125 0.4
      vertex 9.64583 26.9361 0.4
    endloop
  endfacet
  facet normal 0 0 -1
    outer loop
      vertex 9.3125 20.6875 0.4
      vertex 9.4389 20.2708 0.4
      vertex 9.36959 20.4005 0.4
    endloop
  endfacet
  facet normal 0 0 -1
    outer loop
      vertex 9.64583 26.9361 0.4
      vertex 9.3125 26.3125 0.4
      vertex 9.53218 26.8428 0.4
    endloop
  endfacet
  facet normal 0 0 -1
    outer loop
      vertex 9.3125 20.6875 0.4
      vertex 9.36959 20.4005 0.4
      vertex 9.32692 20.5412 0.4
    endloop
  endfacet
  facet normal 0 0 -1
    outer loop
      vertex 9.53218 26.8428 0.4
      vertex 9.3125 26.3125 0.4
      vertex 9.4389 26.7292 0.4
    endloop
  endfacet
  facet normal 0 0 -1
    outer loop
      vertex 9.4389 26.7292 0.4
      vertex 9.3125 26.3125 0.4
      vertex 9.36959 26.5995 0.4
    endloop
  endfacet
  facet normal 0 0 -1
    outer loop
      vertex 9.36959 26.5995 0.4
      vertex 9.3125 26.3125 0.4
      vertex 9.32692 26.4588 0.4
    endloop
  endfacet
  facet normal -0.0980893 0.995178 0
    outer loop
      vertex 15.8338 -5.54808 0.00722237
      vertex 15.6875 -5.5625 0.4
      vertex 15.8338 -5.54808 0.4
    endloop
  endfacet
  facet normal -0.0980893 0.995178 0
    outer loop
      vertex 15.6875 -5.5625 0.4
      vertex 15.8338 -5.54808 0.00722237
      vertex 15.6875 -5.5625 0.00722237
    endloop
  endfacet
  facet normal 0.881967 0.471312 0
    outer loop
      vertex 9.4389 20.2708 0.4
      vertex 9.36959 20.4005 0.00722237
      vertex 9.36959 20.4005 0.4
    endloop
  endfacet
  facet normal 0.881967 0.471312 0
    outer loop
      vertex 9.36959 20.4005 0.00722237
      vertex 9.4389 20.2708 0.4
      vertex 9.4389 20.2708 0.00722237
    endloop
  endfacet
  facet normal 0.290404 -0.956904 0
    outer loop
      vertex 9.77549 27.0054 0.00722237
      vertex 9.91619 27.0481 0.4
      vertex 9.77549 27.0054 0.4
    endloop
  endfacet
  facet normal 0.290404 -0.956904 0
    outer loop
      vertex 9.91619 27.0481 0.4
      vertex 9.77549 27.0054 0.00722237
      vertex 9.91619 27.0481 0.00722237
    endloop
  endfacet
  facet normal 0.0979479 0.995192 -0
    outer loop
      vertex 10.0625 19.9375 0.00722237
      vertex 9.91619 19.9519 0.4
      vertex 10.0625 19.9375 0.4
    endloop
  endfacet
  facet normal 0.0979479 0.995192 0
    outer loop
      vertex 9.91619 19.9519 0.4
      vertex 10.0625 19.9375 0.00722237
      vertex 9.91619 19.9519 0.00722237
    endloop
  endfacet
  facet normal 0 -1 0
    outer loop
      vertex 10.0625 27.0625 0.00722237
      vertex 15.6875 27.0625 0.4
      vertex 10.0625 27.0625 0.4
    endloop
  endfacet
  facet normal 0 -1 -0
    outer loop
      vertex 15.6875 27.0625 0.4
      vertex 10.0625 27.0625 0.00722237
      vertex 15.6875 27.0625 0.00722237
    endloop
  endfacet
  facet normal 0.881967 -0.471312 0
    outer loop
      vertex 9.36959 26.5995 0.4
      vertex 9.4389 26.7292 0.00722237
      vertex 9.4389 26.7292 0.4
    endloop
  endfacet
  facet normal 0.881967 -0.471312 0
    outer loop
      vertex 9.4389 26.7292 0.00722237
      vertex 9.36959 26.5995 0.4
      vertex 9.36959 26.5995 0.00722237
    endloop
  endfacet
  facet normal 0.0979479 -0.995192 0
    outer loop
      vertex 9.91619 27.0481 0.00722237
      vertex 10.0625 27.0625 0.4
      vertex 9.91619 27.0481 0.4
    endloop
  endfacet
  facet normal 0.0979479 -0.995192 0
    outer loop
      vertex 10.0625 27.0625 0.4
      vertex 9.91619 27.0481 0.00722237
      vertex 10.0625 27.0625 0.00722237
    endloop
  endfacet
  facet normal 0.290404 0.956904 -0
    outer loop
      vertex 9.91619 19.9519 0.00722237
      vertex 9.77549 19.9946 0.4
      vertex 9.91619 19.9519 0.4
    endloop
  endfacet
  facet normal 0.290404 0.956904 0
    outer loop
      vertex 9.77549 19.9946 0.4
      vertex 9.91619 19.9519 0.00722237
      vertex 9.77549 19.9946 0.00722237
    endloop
  endfacet
  facet normal -0.772774 -0.634681 0
    outer loop
      vertex 16.3111 26.7292 0.00722237
      vertex 16.2178 26.8428 0.4
      vertex 16.2178 26.8428 0.00722237
    endloop
  endfacet
  facet normal -0.772774 -0.634681 0
    outer loop
      vertex 16.2178 26.8428 0.4
      vertex 16.3111 26.7292 0.00722237
      vertex 16.3111 26.7292 0.4
    endloop
  endfacet
  facet normal -0.881995 -0.471259 0
    outer loop
      vertex 16.3804 26.5995 0.00722237
      vertex 16.3111 26.7292 0.4
      vertex 16.3111 26.7292 0.00722237
    endloop
  endfacet
  facet normal -0.881995 -0.471259 0
    outer loop
      vertex 16.3111 26.7292 0.4
      vertex 16.3804 26.5995 0.00722237
      vertex 16.3804 26.5995 0.4
    endloop
  endfacet
  facet normal 0.471372 0.881935 -0
    outer loop
      vertex 9.77549 19.9946 0.00722237
      vertex 9.64583 20.0639 0.4
      vertex 9.77549 19.9946 0.4
    endloop
  endfacet
  facet normal 0.471372 0.881935 0
    outer loop
      vertex 9.64583 20.0639 0.4
      vertex 9.77549 19.9946 0.00722237
      vertex 9.64583 20.0639 0.00722237
    endloop
  endfacet
  facet normal -0.471259 -0.881995 0
    outer loop
      vertex 15.9745 27.0054 0.00722237
      vertex 16.1042 26.9361 0.4
      vertex 15.9745 27.0054 0.4
    endloop
  endfacet
  facet normal -0.471259 -0.881995 -0
    outer loop
      vertex 16.1042 26.9361 0.4
      vertex 15.9745 27.0054 0.00722237
      vertex 16.1042 26.9361 0.00722237
    endloop
  endfacet
  facet normal 0.995178 0.0980893 0
    outer loop
      vertex 9.32692 20.5412 0.4
      vertex 9.3125 20.6875 0.00722237
      vertex 9.3125 20.6875 0.4
    endloop
  endfacet
  facet normal 0.995178 0.0980893 0
    outer loop
      vertex 9.3125 20.6875 0.00722237
      vertex 9.32692 20.5412 0.4
      vertex 9.32692 20.5412 0.00722237
    endloop
  endfacet
  facet normal 0.956961 0.290217 0
    outer loop
      vertex 9.36959 20.4005 0.4
      vertex 9.32692 20.5412 0.00722237
      vertex 9.32692 20.5412 0.4
    endloop
  endfacet
  facet normal 0.956961 0.290217 0
    outer loop
      vertex 9.32692 20.5412 0.00722237
      vertex 9.36959 20.4005 0.4
      vertex 9.36959 20.4005 0.00722237
    endloop
  endfacet
  facet normal 0.995178 -0.0980893 0
    outer loop
      vertex 9.3125 26.3125 0.4
      vertex 9.32692 26.4588 0.00722237
      vertex 9.32692 26.4588 0.4
    endloop
  endfacet
  facet normal 0.995178 -0.0980893 0
    outer loop
      vertex 9.32692 26.4588 0.00722237
      vertex 9.3125 26.3125 0.4
      vertex 9.3125 26.3125 0.00722237
    endloop
  endfacet
  facet normal 0.634515 -0.772911 0
    outer loop
      vertex 9.53218 26.8428 0.00722237
      vertex 9.64583 26.9361 0.4
      vertex 9.53218 26.8428 0.4
    endloop
  endfacet
  facet normal 0.634515 -0.772911 0
    outer loop
      vertex 9.64583 26.9361 0.4
      vertex 9.53218 26.8428 0.00722237
      vertex 9.64583 26.9361 0.00722237
    endloop
  endfacet
  facet normal 0.956961 -0.290217 0
    outer loop
      vertex 9.32692 26.4588 0.4
      vertex 9.36959 26.5995 0.00722237
      vertex 9.36959 26.5995 0.4
    endloop
  endfacet
  facet normal 0.956961 -0.290217 0
    outer loop
      vertex 9.36959 26.5995 0.00722237
      vertex 9.32692 26.4588 0.4
      vertex 9.32692 26.4588 0.00722237
    endloop
  endfacet
  facet normal 1 -0 0
    outer loop
      vertex 9.3125 20.6875 0.4
      vertex 9.3125 26.3125 0.00722237
      vertex 9.3125 26.3125 0.4
    endloop
  endfacet
  facet normal 1 0 0
    outer loop
      vertex 9.3125 26.3125 0.00722237
      vertex 9.3125 20.6875 0.4
      vertex 9.3125 20.6875 0.00722237
    endloop
  endfacet
  facet normal -0.956904 -0.290404 0
    outer loop
      vertex 16.4231 26.4588 0.00722237
      vertex 16.3804 26.5995 0.4
      vertex 16.3804 26.5995 0.00722237
    endloop
  endfacet
  facet normal -0.956904 -0.290404 0
    outer loop
      vertex 16.3804 26.5995 0.4
      vertex 16.4231 26.4588 0.00722237
      vertex 16.4231 26.4588 0.4
    endloop
  endfacet
  facet normal -0.634681 -0.772774 0
    outer loop
      vertex 16.1042 26.9361 0.00722237
      vertex 16.2178 26.8428 0.4
      vertex 16.1042 26.9361 0.4
    endloop
  endfacet
  facet normal -0.634681 -0.772774 -0
    outer loop
      vertex 16.2178 26.8428 0.4
      vertex 16.1042 26.9361 0.00722237
      vertex 16.2178 26.8428 0.00722237
    endloop
  endfacet
  facet normal -1 0 0
    outer loop
      vertex 16.4375 20.6875 0.00722237
      vertex 16.4375 26.3125 0.4
      vertex 16.4375 26.3125 0.00722237
    endloop
  endfacet
  facet normal -1 -0 0
    outer loop
      vertex 16.4375 26.3125 0.4
      vertex 16.4375 20.6875 0.00722237
      vertex 16.4375 20.6875 0.4
    endloop
  endfacet
  facet normal 0 1 -0
    outer loop
      vertex 15.6875 19.9375 0.00722237
      vertex 10.0625 19.9375 0.4
      vertex 15.6875 19.9375 0.4
    endloop
  endfacet
  facet normal 0 1 0
    outer loop
      vertex 10.0625 19.9375 0.4
      vertex 15.6875 19.9375 0.00722237
      vertex 10.0625 19.9375 0.00722237
    endloop
  endfacet
  facet normal 0.772841 0.6346 0
    outer loop
      vertex 9.53218 20.1572 0.4
      vertex 9.4389 20.2708 0.00722237
      vertex 9.4389 20.2708 0.4
    endloop
  endfacet
  facet normal 0.772841 0.6346 0
    outer loop
      vertex 9.4389 20.2708 0.00722237
      vertex 9.53218 20.1572 0.4
      vertex 9.53218 20.1572 0.00722237
    endloop
  endfacet
  facet normal 0.772841 -0.6346 0
    outer loop
      vertex 9.4389 26.7292 0.4
      vertex 9.53218 26.8428 0.00722237
      vertex 9.53218 26.8428 0.4
    endloop
  endfacet
  facet normal 0.772841 -0.6346 0
    outer loop
      vertex 9.53218 26.8428 0.00722237
      vertex 9.4389 26.7292 0.4
      vertex 9.4389 26.7292 0.00722237
    endloop
  endfacet
  facet normal -0.290404 -0.956904 0
    outer loop
      vertex 15.8338 27.0481 0.00722237
      vertex 15.9745 27.0054 0.4
      vertex 15.8338 27.0481 0.4
    endloop
  endfacet
  facet normal -0.290404 -0.956904 -0
    outer loop
      vertex 15.9745 27.0054 0.4
      vertex 15.8338 27.0481 0.00722237
      vertex 15.9745 27.0054 0.00722237
    endloop
  endfacet
  facet normal -0.0979545 -0.995191 0
    outer loop
      vertex 15.6875 27.0625 0.00722237
      vertex 15.8338 27.0481 0.4
      vertex 15.6875 27.0625 0.4
    endloop
  endfacet
  facet normal -0.0979545 -0.995191 -0
    outer loop
      vertex 15.8338 27.0481 0.4
      vertex 15.6875 27.0625 0.00722237
      vertex 15.8338 27.0481 0.00722237
    endloop
  endfacet
  facet normal -0.995191 -0.0979545 0
    outer loop
      vertex 16.4375 26.3125 0.00722237
      vertex 16.4231 26.4588 0.4
      vertex 16.4231 26.4588 0.00722237
    endloop
  endfacet
  facet normal -0.995191 -0.0979545 0
    outer loop
      vertex 16.4231 26.4588 0.4
      vertex 16.4375 26.3125 0.00722237
      vertex 16.4375 26.3125 0.4
    endloop
  endfacet
  facet normal 0.471372 -0.881935 0
    outer loop
      vertex 9.64583 26.9361 0.00722237
      vertex 9.77549 27.0054 0.4
      vertex 9.64583 26.9361 0.4
    endloop
  endfacet
  facet normal 0.471372 -0.881935 0
    outer loop
      vertex 9.77549 27.0054 0.4
      vertex 9.64583 26.9361 0.00722237
      vertex 9.77549 27.0054 0.00722237
    endloop
  endfacet
  facet normal 0.634515 0.772911 -0
    outer loop
      vertex 9.64583 20.0639 0.00722237
      vertex 9.53218 20.1572 0.4
      vertex 9.64583 20.0639 0.4
    endloop
  endfacet
  facet normal 0.634515 0.772911 0
    outer loop
      vertex 9.53218 20.1572 0.4
      vertex 9.64583 20.0639 0.00722237
      vertex 9.53218 20.1572 0.00722237
    endloop
  endfacet
  facet normal 0.995192 -0.0979479 0
    outer loop
      vertex 15.6875 7.1875 0.4
      vertex 15.7019 7.33381 0.00722237
      vertex 15.7019 7.33381 0.4
    endloop
  endfacet
  facet normal 0.995192 -0.0979479 0
    outer loop
      vertex 15.7019 7.33381 0.00722237
      vertex 15.6875 7.1875 0.4
      vertex 15.6875 7.1875 0.00722237
    endloop
  endfacet
  facet normal -0.995192 0.0979479 0
    outer loop
      vertex 22.7981 1.41619 0.00722237
      vertex 22.8125 1.5625 0.4
      vertex 22.8125 1.5625 0.00722237
    endloop
  endfacet
  facet normal -0.995192 0.0979479 0
    outer loop
      vertex 22.8125 1.5625 0.4
      vertex 22.7981 1.41619 0.00722237
      vertex 22.7981 1.41619 0.4
    endloop
  endfacet
  facet normal 1 -0 0
    outer loop
      vertex 15.6875 1.5625 0.4
      vertex 15.6875 7.1875 0.00722237
      vertex 15.6875 7.1875 0.4
    endloop
  endfacet
  facet normal 1 0 0
    outer loop
      vertex 15.6875 7.1875 0.00722237
      vertex 15.6875 1.5625 0.4
      vertex 15.6875 1.5625 0.00722237
    endloop
  endfacet
  facet normal -0.0980893 0.995178 0
    outer loop
      vertex 22.2088 0.82692 0.00722237
      vertex 22.0625 0.8125 0.4
      vertex 22.2088 0.82692 0.4
    endloop
  endfacet
  facet normal -0.0980893 0.995178 0
    outer loop
      vertex 22.0625 0.8125 0.4
      vertex 22.2088 0.82692 0.00722237
      vertex 22.0625 0.8125 0.00722237
    endloop
  endfacet
  facet normal -0.772911 0.634515 0
    outer loop
      vertex 22.5928 1.03218 0.00722237
      vertex 22.6861 1.14583 0.4
      vertex 22.6861 1.14583 0.00722237
    endloop
  endfacet
  facet normal -0.772911 0.634515 0
    outer loop
      vertex 22.6861 1.14583 0.4
      vertex 22.5928 1.03218 0.00722237
      vertex 22.5928 1.03218 0.4
    endloop
  endfacet
  facet normal -0.471285 0.881981 0
    outer loop
      vertex 22.4792 0.9389 0.00722237
      vertex 22.3495 0.869595 0.4
      vertex 22.4792 0.9389 0.4
    endloop
  endfacet
  facet normal -0.471285 0.881981 0
    outer loop
      vertex 22.3495 0.869595 0.4
      vertex 22.4792 0.9389 0.00722237
      vertex 22.3495 0.869595 0.00722237
    endloop
  endfacet
  facet normal 0.956904 -0.290404 0
    outer loop
      vertex 15.7019 7.33381 0.4
      vertex 15.7446 7.47451 0.00722237
      vertex 15.7446 7.47451 0.4
    endloop
  endfacet
  facet normal 0.956904 -0.290404 0
    outer loop
      vertex 15.7446 7.47451 0.00722237
      vertex 15.7019 7.33381 0.4
      vertex 15.7019 7.33381 0.00722237
    endloop
  endfacet
  facet normal -0.882053 -0.47115 0
    outer loop
      vertex 22.7554 7.47451 0.00722237
      vertex 22.7084 7.5625 0.4
      vertex 22.7084 7.5625 0.00722237
    endloop
  endfacet
  facet normal -0.882053 -0.47115 0
    outer loop
      vertex 22.7084 7.5625 0.4
      vertex 22.7554 7.47451 0.00722237
      vertex 22.7554 7.47451 0.4
    endloop
  endfacet
  facet normal -1 0 0
    outer loop
      vertex 22.8125 1.5625 0.00722237
      vertex 22.8125 7.1875 0.4
      vertex 22.8125 7.1875 0.00722237
    endloop
  endfacet
  facet normal -1 -0 0
    outer loop
      vertex 22.8125 7.1875 0.4
      vertex 22.8125 1.5625 0.00722237
      vertex 22.8125 1.5625 0.4
    endloop
  endfacet
  facet normal -0.995192 -0.0979479 0
    outer loop
      vertex 22.8125 7.1875 0.00722237
      vertex 22.7981 7.33381 0.4
      vertex 22.7981 7.33381 0.00722237
    endloop
  endfacet
  facet normal -0.995192 -0.0979479 0
    outer loop
      vertex 22.7981 7.33381 0.4
      vertex 22.8125 7.1875 0.00722237
      vertex 22.8125 7.1875 0.4
    endloop
  endfacet
  facet normal 0.882053 -0.47115 0
    outer loop
      vertex 15.7446 7.47451 0.4
      vertex 15.7916 7.5625 0.00722237
      vertex 15.7916 7.5625 0.4
    endloop
  endfacet
  facet normal 0.882053 -0.47115 0
    outer loop
      vertex 15.7916 7.5625 0.00722237
      vertex 15.7446 7.47451 0.4
      vertex 15.7446 7.47451 0.00722237
    endloop
  endfacet
  facet normal -0.956904 0.290404 0
    outer loop
      vertex 22.7554 1.27549 0.00722237
      vertex 22.7981 1.41619 0.4
      vertex 22.7981 1.41619 0.00722237
    endloop
  endfacet
  facet normal -0.956904 0.290404 0
    outer loop
      vertex 22.7981 1.41619 0.4
      vertex 22.7554 1.27549 0.00722237
      vertex 22.7554 1.27549 0.4
    endloop
  endfacet
  facet normal -0.881935 0.471372 0
    outer loop
      vertex 22.6861 1.14583 0.00722237
      vertex 22.7554 1.27549 0.4
      vertex 22.7554 1.27549 0.00722237
    endloop
  endfacet
  facet normal -0.881935 0.471372 0
    outer loop
      vertex 22.7554 1.27549 0.4
      vertex 22.6861 1.14583 0.00722237
      vertex 22.6861 1.14583 0.4
    endloop
  endfacet
  facet normal 0 1 -0
    outer loop
      vertex 22.0625 0.8125 0.00722237
      vertex 16.4375 0.8125 0.4
      vertex 22.0625 0.8125 0.4
    endloop
  endfacet
  facet normal 0 1 0
    outer loop
      vertex 16.4375 0.8125 0.4
      vertex 22.0625 0.8125 0.00722237
      vertex 16.4375 0.8125 0.00722237
    endloop
  endfacet
  facet normal -0.956904 -0.290404 0
    outer loop
      vertex 22.7981 7.33381 0.00722237
      vertex 22.7554 7.47451 0.4
      vertex 22.7554 7.47451 0.00722237
    endloop
  endfacet
  facet normal -0.956904 -0.290404 0
    outer loop
      vertex 22.7554 7.47451 0.4
      vertex 22.7981 7.33381 0.00722237
      vertex 22.7981 7.33381 0.4
    endloop
  endfacet
  facet normal -0.290248 0.956951 0
    outer loop
      vertex 22.3495 0.869595 0.00722237
      vertex 22.2088 0.82692 0.4
      vertex 22.3495 0.869595 0.4
    endloop
  endfacet
  facet normal -0.290248 0.956951 0
    outer loop
      vertex 22.2088 0.82692 0.4
      vertex 22.3495 0.869595 0.00722237
      vertex 22.2088 0.82692 0.00722237
    endloop
  endfacet
  facet normal -0.6346 0.772841 0
    outer loop
      vertex 22.5928 1.03218 0.00722237
      vertex 22.4792 0.9389 0.4
      vertex 22.5928 1.03218 0.4
    endloop
  endfacet
  facet normal -0.6346 0.772841 0
    outer loop
      vertex 22.4792 0.9389 0.4
      vertex 22.5928 1.03218 0.00722237
      vertex 22.4792 0.9389 0.00722237
    endloop
  endfacet
  facet normal 0.995191 -0.0979545 0
    outer loop
      vertex 15.6875 13.5625 0.4
      vertex 15.7019 13.7088 0.00722237
      vertex 15.7019 13.7088 0.4
    endloop
  endfacet
  facet normal 0.995191 -0.0979545 0
    outer loop
      vertex 15.7019 13.7088 0.00722237
      vertex 15.6875 13.5625 0.4
      vertex 15.6875 13.5625 0.00722237
    endloop
  endfacet
  facet normal -0.995192 0.0979479 0
    outer loop
      vertex 22.7981 7.79119 0.00722237
      vertex 22.8125 7.9375 0.4
      vertex 22.8125 7.9375 0.00722237
    endloop
  endfacet
  facet normal -0.995192 0.0979479 0
    outer loop
      vertex 22.8125 7.9375 0.4
      vertex 22.7981 7.79119 0.00722237
      vertex 22.7981 7.79119 0.4
    endloop
  endfacet
  facet normal 0.882053 0.47115 0
    outer loop
      vertex 15.7916 7.5625 0.4
      vertex 15.7446 7.65049 0.00722237
      vertex 15.7446 7.65049 0.4
    endloop
  endfacet
  facet normal 0.882053 0.47115 0
    outer loop
      vertex 15.7446 7.65049 0.00722237
      vertex 15.7916 7.5625 0.4
      vertex 15.7916 7.5625 0.00722237
    endloop
  endfacet
  facet normal 1 -0 0
    outer loop
      vertex 15.6875 7.9375 0.4
      vertex 15.6875 13.5625 0.00722237
      vertex 15.6875 13.5625 0.4
    endloop
  endfacet
  facet normal 1 0 0
    outer loop
      vertex 15.6875 13.5625 0.00722237
      vertex 15.6875 7.9375 0.4
      vertex 15.6875 7.9375 0.00722237
    endloop
  endfacet
  facet normal 0.956904 0.290404 0
    outer loop
      vertex 15.7446 7.65049 0.4
      vertex 15.7019 7.79119 0.00722237
      vertex 15.7019 7.79119 0.4
    endloop
  endfacet
  facet normal 0.956904 0.290404 0
    outer loop
      vertex 15.7019 7.79119 0.00722237
      vertex 15.7446 7.65049 0.4
      vertex 15.7446 7.65049 0.00722237
    endloop
  endfacet
  facet normal 0.995192 0.0979479 0
    outer loop
      vertex 15.7019 7.79119 0.4
      vertex 15.6875 7.9375 0.00722237
      vertex 15.6875 7.9375 0.4
    endloop
  endfacet
  facet normal 0.995192 0.0979479 0
    outer loop
      vertex 15.6875 7.9375 0.00722237
      vertex 15.7019 7.79119 0.4
      vertex 15.7019 7.79119 0.00722237
    endloop
  endfacet
  facet normal 0.956904 -0.290404 0
    outer loop
      vertex 15.7019 13.7088 0.4
      vertex 15.7446 13.8495 0.00722237
      vertex 15.7446 13.8495 0.4
    endloop
  endfacet
  facet normal 0.956904 -0.290404 0
    outer loop
      vertex 15.7446 13.8495 0.00722237
      vertex 15.7019 13.7088 0.4
      vertex 15.7019 13.7088 0.00722237
    endloop
  endfacet
  facet normal -0.882075 -0.471108 0
    outer loop
      vertex 22.7554 13.8495 0.00722237
      vertex 22.7084 13.9375 0.4
      vertex 22.7084 13.9375 0.00722237
    endloop
  endfacet
  facet normal -0.882075 -0.471108 0
    outer loop
      vertex 22.7084 13.9375 0.4
      vertex 22.7554 13.8495 0.00722237
      vertex 22.7554 13.8495 0.4
    endloop
  endfacet
  facet normal -1 0 0
    outer loop
      vertex 22.8125 7.9375 0.00722237
      vertex 22.8125 13.5625 0.4
      vertex 22.8125 13.5625 0.00722237
    endloop
  endfacet
  facet normal -1 -0 0
    outer loop
      vertex 22.8125 13.5625 0.4
      vertex 22.8125 7.9375 0.00722237
      vertex 22.8125 7.9375 0.4
    endloop
  endfacet
  facet normal -0.995191 -0.0979545 0
    outer loop
      vertex 22.8125 13.5625 0.00722237
      vertex 22.7981 13.7088 0.4
      vertex 22.7981 13.7088 0.00722237
    endloop
  endfacet
  facet normal -0.995191 -0.0979545 0
    outer loop
      vertex 22.7981 13.7088 0.4
      vertex 22.8125 13.5625 0.00722237
      vertex 22.8125 13.5625 0.4
    endloop
  endfacet
  facet normal 0.882075 -0.471108 0
    outer loop
      vertex 15.7446 13.8495 0.4
      vertex 15.7916 13.9375 0.00722237
      vertex 15.7916 13.9375 0.4
    endloop
  endfacet
  facet normal 0.882075 -0.471108 0
    outer loop
      vertex 15.7916 13.9375 0.00722237
      vertex 15.7446 13.8495 0.4
      vertex 15.7446 13.8495 0.00722237
    endloop
  endfacet
  facet normal -0.956904 0.290404 0
    outer loop
      vertex 22.7554 7.65049 0.00722237
      vertex 22.7981 7.79119 0.4
      vertex 22.7981 7.79119 0.00722237
    endloop
  endfacet
  facet normal -0.956904 0.290404 0
    outer loop
      vertex 22.7981 7.79119 0.4
      vertex 22.7554 7.65049 0.00722237
      vertex 22.7554 7.65049 0.4
    endloop
  endfacet
  facet normal -0.882053 0.47115 0
    outer loop
      vertex 22.7084 7.5625 0.00722237
      vertex 22.7554 7.65049 0.4
      vertex 22.7554 7.65049 0.00722237
    endloop
  endfacet
  facet normal -0.882053 0.47115 0
    outer loop
      vertex 22.7554 7.65049 0.4
      vertex 22.7084 7.5625 0.00722237
      vertex 22.7084 7.5625 0.4
    endloop
  endfacet
  facet normal -0.956904 -0.290404 0
    outer loop
      vertex 22.7981 13.7088 0.00722237
      vertex 22.7554 13.8495 0.4
      vertex 22.7554 13.8495 0.00722237
    endloop
  endfacet
  facet normal -0.956904 -0.290404 0
    outer loop
      vertex 22.7554 13.8495 0.4
      vertex 22.7981 13.7088 0.00722237
      vertex 22.7981 13.7088 0.4
    endloop
  endfacet
  facet normal -0.995191 0.0979545 0
    outer loop
      vertex 22.7981 14.1662 0.00722237
      vertex 22.8125 14.3125 0.4
      vertex 22.8125 14.3125 0.00722237
    endloop
  endfacet
  facet normal -0.995191 0.0979545 0
    outer loop
      vertex 22.8125 14.3125 0.4
      vertex 22.7981 14.1662 0.00722237
      vertex 22.7981 14.1662 0.4
    endloop
  endfacet
  facet normal 0.882075 0.471108 0
    outer loop
      vertex 15.7916 13.9375 0.4
      vertex 15.7446 14.0255 0.00722237
      vertex 15.7446 14.0255 0.4
    endloop
  endfacet
  facet normal 0.882075 0.471108 0
    outer loop
      vertex 15.7446 14.0255 0.00722237
      vertex 15.7916 13.9375 0.4
      vertex 15.7916 13.9375 0.00722237
    endloop
  endfacet
  facet normal 1 -0 0
    outer loop
      vertex 15.6875 14.3125 0.4
      vertex 15.6875 19.9375 0.00722237
      vertex 15.6875 19.9375 0.4
    endloop
  endfacet
  facet normal 1 0 0
    outer loop
      vertex 15.6875 19.9375 0.00722237
      vertex 15.6875 14.3125 0.4
      vertex 15.6875 14.3125 0.00722237
    endloop
  endfacet
  facet normal 0.956904 0.290404 0
    outer loop
      vertex 15.7446 14.0255 0.4
      vertex 15.7019 14.1662 0.00722237
      vertex 15.7019 14.1662 0.4
    endloop
  endfacet
  facet normal 0.956904 0.290404 0
    outer loop
      vertex 15.7019 14.1662 0.00722237
      vertex 15.7446 14.0255 0.4
      vertex 15.7446 14.0255 0.00722237
    endloop
  endfacet
  facet normal 0.995191 0.0979545 0
    outer loop
      vertex 15.7019 14.1662 0.4
      vertex 15.6875 14.3125 0.00722237
      vertex 15.6875 14.3125 0.4
    endloop
  endfacet
  facet normal 0.995191 0.0979545 0
    outer loop
      vertex 15.6875 14.3125 0.00722237
      vertex 15.7019 14.1662 0.4
      vertex 15.7019 14.1662 0.00722237
    endloop
  endfacet
  facet normal -0.634681 -0.772774 0
    outer loop
      vertex 22.4792 20.5611 0.00722237
      vertex 22.5928 20.4678 0.4
      vertex 22.4792 20.5611 0.4
    endloop
  endfacet
  facet normal -0.634681 -0.772774 -0
    outer loop
      vertex 22.5928 20.4678 0.4
      vertex 22.4792 20.5611 0.00722237
      vertex 22.5928 20.4678 0.00722237
    endloop
  endfacet
  facet normal -0.881995 -0.471259 0
    outer loop
      vertex 22.7554 20.2245 0.00722237
      vertex 22.6861 20.3542 0.4
      vertex 22.6861 20.3542 0.00722237
    endloop
  endfacet
  facet normal -0.881995 -0.471259 0
    outer loop
      vertex 22.6861 20.3542 0.4
      vertex 22.7554 20.2245 0.00722237
      vertex 22.7554 20.2245 0.4
    endloop
  endfacet
  facet normal -1 0 0
    outer loop
      vertex 22.8125 14.3125 0.00722237
      vertex 22.8125 19.9375 0.4
      vertex 22.8125 19.9375 0.00722237
    endloop
  endfacet
  facet normal -1 -0 0
    outer loop
      vertex 22.8125 19.9375 0.4
      vertex 22.8125 14.3125 0.00722237
      vertex 22.8125 14.3125 0.4
    endloop
  endfacet
  facet normal -0.0979545 -0.995191 0
    outer loop
      vertex 22.0625 20.6875 0.00722237
      vertex 22.2088 20.6731 0.4
      vertex 22.0625 20.6875 0.4
    endloop
  endfacet
  facet normal -0.0979545 -0.995191 -0
    outer loop
      vertex 22.2088 20.6731 0.4
      vertex 22.0625 20.6875 0.00722237
      vertex 22.2088 20.6731 0.00722237
    endloop
  endfacet
  facet normal -0.772774 -0.634681 0
    outer loop
      vertex 22.6861 20.3542 0.00722237
      vertex 22.5928 20.4678 0.4
      vertex 22.5928 20.4678 0.00722237
    endloop
  endfacet
  facet normal -0.772774 -0.634681 0
    outer loop
      vertex 22.5928 20.4678 0.4
      vertex 22.6861 20.3542 0.00722237
      vertex 22.6861 20.3542 0.4
    endloop
  endfacet
  facet normal 0 -1 0
    outer loop
      vertex 16.4375 20.6875 0.00722237
      vertex 22.0625 20.6875 0.4
      vertex 16.4375 20.6875 0.4
    endloop
  endfacet
  facet normal 0 -1 -0
    outer loop
      vertex 22.0625 20.6875 0.4
      vertex 16.4375 20.6875 0.00722237
      vertex 22.0625 20.6875 0.00722237
    endloop
  endfacet
  facet normal -0.471259 -0.881995 0
    outer loop
      vertex 22.3495 20.6304 0.00722237
      vertex 22.4792 20.5611 0.4
      vertex 22.3495 20.6304 0.4
    endloop
  endfacet
  facet normal -0.471259 -0.881995 -0
    outer loop
      vertex 22.4792 20.5611 0.4
      vertex 22.3495 20.6304 0.00722237
      vertex 22.4792 20.5611 0.00722237
    endloop
  endfacet
  facet normal -0.995191 -0.0979545 0
    outer loop
      vertex 22.8125 19.9375 0.00722237
      vertex 22.7981 20.0838 0.4
      vertex 22.7981 20.0838 0.00722237
    endloop
  endfacet
  facet normal -0.995191 -0.0979545 0
    outer loop
      vertex 22.7981 20.0838 0.4
      vertex 22.8125 19.9375 0.00722237
      vertex 22.8125 19.9375 0.4
    endloop
  endfacet
  facet normal -0.956904 0.290404 0
    outer loop
      vertex 22.7554 14.0255 0.00722237
      vertex 22.7981 14.1662 0.4
      vertex 22.7981 14.1662 0.00722237
    endloop
  endfacet
  facet normal -0.956904 0.290404 0
    outer loop
      vertex 22.7981 14.1662 0.4
      vertex 22.7554 14.0255 0.00722237
      vertex 22.7554 14.0255 0.4
    endloop
  endfacet
  facet normal -0.882075 0.471108 0
    outer loop
      vertex 22.7084 13.9375 0.00722237
      vertex 22.7554 14.0255 0.4
      vertex 22.7554 14.0255 0.00722237
    endloop
  endfacet
  facet normal -0.882075 0.471108 0
    outer loop
      vertex 22.7554 14.0255 0.4
      vertex 22.7084 13.9375 0.00722237
      vertex 22.7084 13.9375 0.4
    endloop
  endfacet
  facet normal -0.290404 -0.956904 0
    outer loop
      vertex 22.2088 20.6731 0.00722237
      vertex 22.3495 20.6304 0.4
      vertex 22.2088 20.6731 0.4
    endloop
  endfacet
  facet normal -0.290404 -0.956904 -0
    outer loop
      vertex 22.3495 20.6304 0.4
      vertex 22.2088 20.6731 0.00722237
      vertex 22.3495 20.6304 0.00722237
    endloop
  endfacet
  facet normal -0.956904 -0.290404 0
    outer loop
      vertex 22.7981 20.0838 0.00722237
      vertex 22.7554 20.2245 0.4
      vertex 22.7554 20.2245 0.00722237
    endloop
  endfacet
  facet normal -0.956904 -0.290404 0
    outer loop
      vertex 22.7554 20.2245 0.4
      vertex 22.7981 20.0838 0.00722237
      vertex 22.7981 20.0838 0.4
    endloop
  endfacet
  facet normal 0.881906 0.471425 0
    outer loop
      vertex -9.6861 7.52083 0.4
      vertex -9.75541 7.65049 0.00722237
      vertex -9.75541 7.65049 0.4
    endloop
  endfacet
  facet normal 0.881906 0.471425 0
    outer loop
      vertex -9.75541 7.65049 0.00722237
      vertex -9.6861 7.52083 0.4
      vertex -9.6861 7.52083 0.00722237
    endloop
  endfacet
  facet normal 0.290404 -0.956904 0
    outer loop
      vertex -9.34951 14.2554 0.00722237
      vertex -9.20881 14.2981 0.4
      vertex -9.34951 14.2554 0.4
    endloop
  endfacet
  facet normal 0.290404 -0.956904 0
    outer loop
      vertex -9.20881 14.2981 0.4
      vertex -9.34951 14.2554 0.00722237
      vertex -9.20881 14.2981 0.00722237
    endloop
  endfacet
  facet normal 0.0980826 0.995178 -0
    outer loop
      vertex -9.0625 7.1875 0.00722237
      vertex -9.20881 7.20192 0.4
      vertex -9.0625 7.1875 0.4
    endloop
  endfacet
  facet normal 0.0980826 0.995178 0
    outer loop
      vertex -9.20881 7.20192 0.4
      vertex -9.0625 7.1875 0.00722237
      vertex -9.20881 7.20192 0.00722237
    endloop
  endfacet
  facet normal 0 -1 0
    outer loop
      vertex -9.0625 14.3125 0.00722237
      vertex -3.4375 14.3125 0.4
      vertex -9.0625 14.3125 0.4
    endloop
  endfacet
  facet normal 0 -1 -0
    outer loop
      vertex -3.4375 14.3125 0.4
      vertex -9.0625 14.3125 0.00722237
      vertex -3.4375 14.3125 0.00722237
    endloop
  endfacet
  facet normal 0.881967 -0.471312 0
    outer loop
      vertex -9.75541 13.8495 0.4
      vertex -9.6861 13.9792 0.00722237
      vertex -9.6861 13.9792 0.4
    endloop
  endfacet
  facet normal 0.881967 -0.471312 0
    outer loop
      vertex -9.6861 13.9792 0.00722237
      vertex -9.75541 13.8495 0.4
      vertex -9.75541 13.8495 0.00722237
    endloop
  endfacet
  facet normal 0.0979479 -0.995192 0
    outer loop
      vertex -9.20881 14.2981 0.00722237
      vertex -9.0625 14.3125 0.4
      vertex -9.20881 14.2981 0.4
    endloop
  endfacet
  facet normal 0.0979479 -0.995192 0
    outer loop
      vertex -9.0625 14.3125 0.4
      vertex -9.20881 14.2981 0.00722237
      vertex -9.0625 14.3125 0.00722237
    endloop
  endfacet
  facet normal 0.290217 0.956961 -0
    outer loop
      vertex -9.20881 7.20192 0.00722237
      vertex -9.34951 7.24459 0.4
      vertex -9.20881 7.20192 0.4
    endloop
  endfacet
  facet normal 0.290217 0.956961 0
    outer loop
      vertex -9.34951 7.24459 0.4
      vertex -9.20881 7.20192 0.00722237
      vertex -9.34951 7.24459 0.00722237
    endloop
  endfacet
  facet normal 0.471425 0.881906 -0
    outer loop
      vertex -9.34951 7.24459 0.00722237
      vertex -9.47917 7.3139 0.4
      vertex -9.34951 7.24459 0.4
    endloop
  endfacet
  facet normal 0.471425 0.881906 0
    outer loop
      vertex -9.47917 7.3139 0.4
      vertex -9.34951 7.24459 0.00722237
      vertex -9.47917 7.3139 0.00722237
    endloop
  endfacet
  facet normal 0.995178 0.0980826 0
    outer loop
      vertex -9.79808 7.79119 0.4
      vertex -9.8125 7.9375 0.00722237
      vertex -9.8125 7.9375 0.4
    endloop
  endfacet
  facet normal 0.995178 0.0980826 0
    outer loop
      vertex -9.8125 7.9375 0.00722237
      vertex -9.79808 7.79119 0.4
      vertex -9.79808 7.79119 0.00722237
    endloop
  endfacet
  facet normal 0.956961 0.290217 0
    outer loop
      vertex -9.75541 7.65049 0.4
      vertex -9.79808 7.79119 0.00722237
      vertex -9.79808 7.79119 0.4
    endloop
  endfacet
  facet normal 0.956961 0.290217 0
    outer loop
      vertex -9.79808 7.79119 0.00722237
      vertex -9.75541 7.65049 0.4
      vertex -9.75541 7.65049 0.00722237
    endloop
  endfacet
  facet normal 0.995178 -0.0980893 0
    outer loop
      vertex -9.8125 13.5625 0.4
      vertex -9.79808 13.7088 0.00722237
      vertex -9.79808 13.7088 0.4
    endloop
  endfacet
  facet normal 0.995178 -0.0980893 0
    outer loop
      vertex -9.79808 13.7088 0.00722237
      vertex -9.8125 13.5625 0.4
      vertex -9.8125 13.5625 0.00722237
    endloop
  endfacet
  facet normal 0.634515 -0.772911 0
    outer loop
      vertex -9.59282 14.0928 0.00722237
      vertex -9.47917 14.1861 0.4
      vertex -9.59282 14.0928 0.4
    endloop
  endfacet
  facet normal 0.634515 -0.772911 0
    outer loop
      vertex -9.47917 14.1861 0.4
      vertex -9.59282 14.0928 0.00722237
      vertex -9.47917 14.1861 0.00722237
    endloop
  endfacet
  facet normal 0.956961 -0.290217 0
    outer loop
      vertex -9.79808 13.7088 0.4
      vertex -9.75541 13.8495 0.00722237
      vertex -9.75541 13.8495 0.4
    endloop
  endfacet
  facet normal 0.956961 -0.290217 0
    outer loop
      vertex -9.75541 13.8495 0.00722237
      vertex -9.79808 13.7088 0.4
      vertex -9.79808 13.7088 0.00722237
    endloop
  endfacet
  facet normal 1 -0 0
    outer loop
      vertex -9.8125 7.9375 0.4
      vertex -9.8125 13.5625 0.00722237
      vertex -9.8125 13.5625 0.4
    endloop
  endfacet
  facet normal 1 0 0
    outer loop
      vertex -9.8125 13.5625 0.00722237
      vertex -9.8125 7.9375 0.4
      vertex -9.8125 7.9375 0.00722237
    endloop
  endfacet
  facet normal 0 1 -0
    outer loop
      vertex -3.4375 7.1875 0.00722237
      vertex -9.0625 7.1875 0.4
      vertex -3.4375 7.1875 0.4
    endloop
  endfacet
  facet normal 0 1 0
    outer loop
      vertex -9.0625 7.1875 0.4
      vertex -3.4375 7.1875 0.00722237
      vertex -9.0625 7.1875 0.00722237
    endloop
  endfacet
  facet normal 0.772978 0.634433 0
    outer loop
      vertex -9.59282 7.40718 0.4
      vertex -9.6861 7.52083 0.00722237
      vertex -9.6861 7.52083 0.4
    endloop
  endfacet
  facet normal 0.772978 0.634433 0
    outer loop
      vertex -9.6861 7.52083 0.00722237
      vertex -9.59282 7.40718 0.4
      vertex -9.59282 7.40718 0.00722237
    endloop
  endfacet
  facet normal 0.772841 -0.6346 0
    outer loop
      vertex -9.6861 13.9792 0.4
      vertex -9.59282 14.0928 0.00722237
      vertex -9.59282 14.0928 0.4
    endloop
  endfacet
  facet normal 0.772841 -0.6346 0
    outer loop
      vertex -9.59282 14.0928 0.00722237
      vertex -9.6861 13.9792 0.4
      vertex -9.6861 13.9792 0.00722237
    endloop
  endfacet
  facet normal 0.471372 -0.881935 0
    outer loop
      vertex -9.47917 14.1861 0.00722237
      vertex -9.34951 14.2554 0.4
      vertex -9.47917 14.1861 0.4
    endloop
  endfacet
  facet normal 0.471372 -0.881935 0
    outer loop
      vertex -9.34951 14.2554 0.4
      vertex -9.47917 14.1861 0.00722237
      vertex -9.34951 14.2554 0.00722237
    endloop
  endfacet
  facet normal 0.634433 0.772978 -0
    outer loop
      vertex -9.47917 7.3139 0.00722237
      vertex -9.59282 7.40718 0.4
      vertex -9.47917 7.3139 0.4
    endloop
  endfacet
  facet normal 0.634433 0.772978 0
    outer loop
      vertex -9.59282 7.40718 0.4
      vertex -9.47917 7.3139 0.00722237
      vertex -9.59282 7.40718 0.00722237
    endloop
  endfacet
  facet normal -0.0980826 0.995178 0
    outer loop
      vertex 9.45881 7.20192 0.00722237
      vertex 9.3125 7.1875 0.4
      vertex 9.45881 7.20192 0.4
    endloop
  endfacet
  facet normal -0.0980826 0.995178 0
    outer loop
      vertex 9.3125 7.1875 0.4
      vertex 9.45881 7.20192 0.00722237
      vertex 9.3125 7.1875 0.00722237
    endloop
  endfacet
  facet normal 0 -1 0
    outer loop
      vertex 3.6875 14.3125 0.00722237
      vertex 9.3125 14.3125 0.4
      vertex 3.6875 14.3125 0.4
    endloop
  endfacet
  facet normal 0 -1 -0
    outer loop
      vertex 9.3125 14.3125 0.4
      vertex 3.6875 14.3125 0.00722237
      vertex 9.3125 14.3125 0.00722237
    endloop
  endfacet
  facet normal -0.0979479 -0.995192 0
    outer loop
      vertex 9.3125 14.3125 0.00722237
      vertex 9.45881 14.2981 0.4
      vertex 9.3125 14.3125 0.4
    endloop
  endfacet
  facet normal -0.0979479 -0.995192 -0
    outer loop
      vertex 9.45881 14.2981 0.4
      vertex 9.3125 14.3125 0.00722237
      vertex 9.45881 14.2981 0.00722237
    endloop
  endfacet
  facet normal -0.772841 -0.6346 0
    outer loop
      vertex 9.9361 13.9792 0.00722237
      vertex 9.84282 14.0928 0.4
      vertex 9.84282 14.0928 0.00722237
    endloop
  endfacet
  facet normal -0.772841 -0.6346 0
    outer loop
      vertex 9.84282 14.0928 0.4
      vertex 9.9361 13.9792 0.00722237
      vertex 9.9361 13.9792 0.4
    endloop
  endfacet
  facet normal -0.881995 -0.471259 0
    outer loop
      vertex 10.0054 13.8495 0.00722237
      vertex 9.9361 13.9792 0.4
      vertex 9.9361 13.9792 0.00722237
    endloop
  endfacet
  facet normal -0.881995 -0.471259 0
    outer loop
      vertex 9.9361 13.9792 0.4
      vertex 10.0054 13.8495 0.00722237
      vertex 10.0054 13.8495 0.4
    endloop
  endfacet
  facet normal -0.471372 -0.881935 0
    outer loop
      vertex 9.59951 14.2554 0.00722237
      vertex 9.72917 14.1861 0.4
      vertex 9.59951 14.2554 0.4
    endloop
  endfacet
  facet normal -0.471372 -0.881935 -0
    outer loop
      vertex 9.72917 14.1861 0.4
      vertex 9.59951 14.2554 0.00722237
      vertex 9.72917 14.1861 0.00722237
    endloop
  endfacet
  facet normal -0.995192 0.0979479 0
    outer loop
      vertex 10.0481 7.79119 0.00722237
      vertex 10.0625 7.9375 0.4
      vertex 10.0625 7.9375 0.00722237
    endloop
  endfacet
  facet normal -0.995192 0.0979479 0
    outer loop
      vertex 10.0625 7.9375 0.4
      vertex 10.0481 7.79119 0.00722237
      vertex 10.0481 7.79119 0.4
    endloop
  endfacet
  facet normal -0.881935 0.471372 0
    outer loop
      vertex 9.9361 7.52083 0.00722237
      vertex 10.0054 7.65049 0.4
      vertex 10.0054 7.65049 0.00722237
    endloop
  endfacet
  facet normal -0.881935 0.471372 0
    outer loop
      vertex 10.0054 7.65049 0.4
      vertex 9.9361 7.52083 0.00722237
      vertex 9.9361 7.52083 0.4
    endloop
  endfacet
  facet normal -0.956904 0.290404 0
    outer loop
      vertex 10.0054 7.65049 0.00722237
      vertex 10.0481 7.79119 0.4
      vertex 10.0481 7.79119 0.00722237
    endloop
  endfacet
  facet normal -0.956904 0.290404 0
    outer loop
      vertex 10.0481 7.79119 0.4
      vertex 10.0054 7.65049 0.00722237
      vertex 10.0054 7.65049 0.4
    endloop
  endfacet
  facet normal -0.956904 -0.290404 0
    outer loop
      vertex 10.0481 13.7088 0.00722237
      vertex 10.0054 13.8495 0.4
      vertex 10.0054 13.8495 0.00722237
    endloop
  endfacet
  facet normal -0.956904 -0.290404 0
    outer loop
      vertex 10.0054 13.8495 0.4
      vertex 10.0481 13.7088 0.00722237
      vertex 10.0481 13.7088 0.4
    endloop
  endfacet
  facet normal -0.634515 -0.772911 0
    outer loop
      vertex 9.72917 14.1861 0.00722237
      vertex 9.84282 14.0928 0.4
      vertex 9.72917 14.1861 0.4
    endloop
  endfacet
  facet normal -0.634515 -0.772911 -0
    outer loop
      vertex 9.84282 14.0928 0.4
      vertex 9.72917 14.1861 0.00722237
      vertex 9.84282 14.0928 0.00722237
    endloop
  endfacet
  facet normal -1 0 0
    outer loop
      vertex 10.0625 7.9375 0.00722237
      vertex 10.0625 13.5625 0.4
      vertex 10.0625 13.5625 0.00722237
    endloop
  endfacet
  facet normal -1 -0 0
    outer loop
      vertex 10.0625 13.5625 0.4
      vertex 10.0625 7.9375 0.00722237
      vertex 10.0625 7.9375 0.4
    endloop
  endfacet
  facet normal 0 1 -0
    outer loop
      vertex 9.3125 7.1875 0.00722237
      vertex 3.6875 7.1875 0.4
      vertex 9.3125 7.1875 0.4
    endloop
  endfacet
  facet normal 0 1 0
    outer loop
      vertex 3.6875 7.1875 0.4
      vertex 9.3125 7.1875 0.00722237
      vertex 3.6875 7.1875 0.00722237
    endloop
  endfacet
  facet normal -0.772978 0.634433 0
    outer loop
      vertex 9.84282 7.40718 0.00722237
      vertex 9.9361 7.52083 0.4
      vertex 9.9361 7.52083 0.00722237
    endloop
  endfacet
  facet normal -0.772978 0.634433 0
    outer loop
      vertex 9.9361 7.52083 0.4
      vertex 9.84282 7.40718 0.00722237
      vertex 9.84282 7.40718 0.4
    endloop
  endfacet
  facet normal -0.634433 0.772978 0
    outer loop
      vertex 9.84282 7.40718 0.00722237
      vertex 9.72917 7.3139 0.4
      vertex 9.84282 7.40718 0.4
    endloop
  endfacet
  facet normal -0.634433 0.772978 0
    outer loop
      vertex 9.72917 7.3139 0.4
      vertex 9.84282 7.40718 0.00722237
      vertex 9.72917 7.3139 0.00722237
    endloop
  endfacet
  facet normal -0.290404 -0.956904 0
    outer loop
      vertex 9.45881 14.2981 0.00722237
      vertex 9.59951 14.2554 0.4
      vertex 9.45881 14.2981 0.4
    endloop
  endfacet
  facet normal -0.290404 -0.956904 -0
    outer loop
      vertex 9.59951 14.2554 0.4
      vertex 9.45881 14.2981 0.00722237
      vertex 9.59951 14.2554 0.00722237
    endloop
  endfacet
  facet normal -0.995191 -0.0979545 0
    outer loop
      vertex 10.0625 13.5625 0.00722237
      vertex 10.0481 13.7088 0.4
      vertex 10.0481 13.7088 0.00722237
    endloop
  endfacet
  facet normal -0.995191 -0.0979545 0
    outer loop
      vertex 10.0481 13.7088 0.4
      vertex 10.0625 13.5625 0.00722237
      vertex 10.0625 13.5625 0.4
    endloop
  endfacet
  facet normal -0.290217 0.956961 0
    outer loop
      vertex 9.59951 7.24459 0.00722237
      vertex 9.45881 7.20192 0.4
      vertex 9.59951 7.24459 0.4
    endloop
  endfacet
  facet normal -0.290217 0.956961 0
    outer loop
      vertex 9.45881 7.20192 0.4
      vertex 9.59951 7.24459 0.00722237
      vertex 9.45881 7.20192 0.00722237
    endloop
  endfacet
  facet normal -0.471425 0.881906 0
    outer loop
      vertex 9.72917 7.3139 0.00722237
      vertex 9.59951 7.24459 0.4
      vertex 9.72917 7.3139 0.4
    endloop
  endfacet
  facet normal -0.471425 0.881906 0
    outer loop
      vertex 9.59951 7.24459 0.4
      vertex 9.72917 7.3139 0.00722237
      vertex 9.59951 7.24459 0.00722237
    endloop
  endfacet
  facet normal -0.965929 0.258807 0
    outer loop
      vertex -32.5805 -38.6442 2
      vertex -34.0691 -44.2 2
      vertex -32.5805 -38.6442 2.00241
    endloop
  endfacet
  facet normal 0 0 1
    outer loop
      vertex -35.407 -49.1928 2
      vertex -34.0691 -44.2 2
      vertex -32.5805 -38.6442 2
    endloop
  endfacet
  facet normal -0.965929 0.258807 0
    outer loop
      vertex -32.5805 -38.6442 2.00241
      vertex -34.0691 -44.2 2
      vertex -34.0691 -44.2 2.00241
    endloop
  endfacet
  facet normal 0.965925 -0.258822 0
    outer loop
      vertex -37.15 -40.2431 9.1375
      vertex -38.35 -44.7215 9.1375
      vertex -37.15 -40.2431 2.00241
    endloop
  endfacet
  facet normal 0.965929 -0.258808 0
    outer loop
      vertex -37.15 -40.2431 2.00241
      vertex -36.4442 -37.6089 2
      vertex -36.4442 -37.6089 2.00241
    endloop
  endfacet
  facet normal 0.965927 -0.258815 0
    outer loop
      vertex -39.5404 -49.1642 2
      vertex -38.35 -44.7215 9.1375
      vertex -39.5404 -49.1642 9.1375
    endloop
  endfacet
  facet normal 0.965881 -0.258804 -0.00968716
    outer loop
      vertex -37.15 -40.2431 2.00241
      vertex -39.5404 -49.1642 2
      vertex -36.4442 -37.6089 2
    endloop
  endfacet
  facet normal 0.965926 -0.258819 2.3159e-06
    outer loop
      vertex -38.35 -44.7215 9.1375
      vertex -39.5404 -49.1642 2
      vertex -37.15 -40.2431 2.00241
    endloop
  endfacet
  facet normal -0.258825 -0.965924 0
    outer loop
      vertex -36.4442 -37.6089 2
      vertex -32.5805 -38.6442 2.00241
      vertex -36.4442 -37.6089 2.00241
    endloop
  endfacet
  facet normal -0.258825 -0.965924 -0
    outer loop
      vertex -32.5805 -38.6442 2.00241
      vertex -36.4442 -37.6089 2
      vertex -32.5805 -38.6442 2
    endloop
  endfacet
  facet normal -0.965929 -0.258808 0
    outer loop
      vertex 36.4442 -37.6089 2
      vertex 37.15 -40.2431 2.00241
      vertex 36.4442 -37.6089 2.00241
    endloop
  endfacet
  facet normal -0.965925 -0.258822 0
    outer loop
      vertex 37.15 -40.2431 2.00241
      vertex 38.35 -44.7215 9.1375
      vertex 37.15 -40.2431 9.1375
    endloop
  endfacet
  facet normal -0.965881 -0.258804 -0.00968716
    outer loop
      vertex 39.5404 -49.1642 2
      vertex 37.15 -40.2431 2.00241
      vertex 36.4442 -37.6089 2
    endloop
  endfacet
  facet normal -0.965926 -0.258819 2.3159e-06
    outer loop
      vertex 39.5404 -49.1642 2
      vertex 38.35 -44.7215 9.1375
      vertex 37.15 -40.2431 2.00241
    endloop
  endfacet
  facet normal -0.965927 -0.258815 0
    outer loop
      vertex 38.35 -44.7215 9.1375
      vertex 39.5404 -49.1642 2
      vertex 39.5404 -49.1642 9.1375
    endloop
  endfacet
  facet normal 0.258825 -0.965924 0
    outer loop
      vertex 32.5805 -38.6442 2
      vertex 36.4442 -37.6089 2.00241
      vertex 32.5805 -38.6442 2.00241
    endloop
  endfacet
  facet normal 0.258825 -0.965924 0
    outer loop
      vertex 36.4442 -37.6089 2.00241
      vertex 32.5805 -38.6442 2
      vertex 36.4442 -37.6089 2
    endloop
  endfacet
  facet normal 0.965929 0.258807 0
    outer loop
      vertex 34.0691 -44.2 2.00241
      vertex 32.5805 -38.6442 2
      vertex 32.5805 -38.6442 2.00241
    endloop
  endfacet
  facet normal 0.965929 0.258807 -0
    outer loop
      vertex 34.0691 -44.2 2
      vertex 32.5805 -38.6442 2
      vertex 34.0691 -44.2 2.00241
    endloop
  endfacet
  facet normal -0 -0 1
    outer loop
      vertex 34.0691 -44.2 2
      vertex 35.407 -49.1928 2
      vertex 32.5805 -38.6442 2
    endloop
  endfacet
endsolid OpenSCAD_Model
