;Sliced by ideaMaker 3.6.1.4415, 2020-10-10 20:32:10 UTC+1000
;Dimension: 235.000 235.000 250.000 0.400
;Plate Shape: 0
;Extruder Offset #1: 25.000 0.000
;Filament Diameter #1: 1.750
;Filament Diameter #2: 1.750
;Filament Compensation #1: 82.00
;Filament Compensation #2: 90.00
;Filament Density #1: 1240.00
;Filament Density #2: 1240.00
;Bounding Box: 65.553 109.653 72.625 103.975 0.000 0.400
;Model Gap: 0.000
M221 T0 S82.00
M140 S70.00
M104 T0 S210.00
M109 T0 S210.00
T0
M190 S70.00
; Ender 3 Custom Start G-code
G92 E0 ; Reset Extruder
G28 ; Home all axes
G1 Z2.0 F3000 ; Move Z Axis up little to prevent scratching of Heat Bed
G1 X0.1 Y20 Z0.3 F5000.0 ; Move to start position
G1 X0.1 Y200.0 Z0.3 F1500.0 E15 ; Draw the first line
G1 X0.4 Y200.0 Z0.3 F5000.0 ; Move to side a little
G1 X0.4 Y20 Z0.3 F1500.0 E30 ; Draw the second line
G92 E0 ; Reset Extruder
G1 Z2.0 F3000 ; Move Z Axis up little to prevent scratching of Heat Bed
G1 X5 Y20 Z2.0 F5000.0 ; Move over to prevent blob squish
M1001
;LAYER:0
;Z:0.200
;HEIGHT:0.200
M106 S255
G4 P500
M106 S64
M140 S50
G1 F3000 E-5.0000
G0 F4200 X77.061 Y77.869
G0 F900 Z0.200
;TYPE:WALL-INNER
;WIDTH:0.400
G1 F1500 E0.0000
G1 F600 X76.999 Y77.875 E0.0021
G1 X72.727 Y77.875 E0.1442
G1 X72.624 Y77.855 E0.1476
G1 X72.578 Y77.825 E0.1495
G1 X72.548 Y77.779 E0.1513
G1 X72.528 Y77.676 E0.1548
G1 X72.528 Y73.424 E0.2962
G1 X72.548 Y73.321 E0.2997
G1 X72.578 Y73.275 E0.3015
G1 X72.645 Y73.231 E0.3042
G1 X72.706 Y73.225 E0.3062
G1 X77.056 Y73.236 E0.4509
G1 X77.146 Y73.297 E0.4545
G1 X77.178 Y73.404 E0.4582
G1 X77.178 Y77.415 E0.5917
G0 F600 X77.178 Y77.676
G0 F600 X77.158 Y77.780
G0 F600 X77.128 Y77.825
G0 F600 X77.061 Y77.869
G1 F3000 E-4.4083
G0 F4200 X77.136 Y78.264
;TYPE:WALL-OUTER
;WIDTH:0.400
G1 F1500 E0.5917
G1 F600 X77.018 Y78.275 E0.5956
G1 X72.688 Y78.275 E0.7396
G1 X72.468 Y78.232 E0.7471
G1 X72.290 Y78.113 E0.7542
G1 X72.171 Y77.935 E0.7613
G1 X72.128 Y77.715 E0.7688
G1 X72.128 Y73.385 E0.9128
G1 X72.171 Y73.165 E0.9202
G1 X72.290 Y72.987 E0.9274
G1 X72.468 Y72.868 E0.9345
G1 X72.571 Y72.836 E0.9381
G1 X72.688 Y72.825 E0.9420
G1 X77.136 Y72.836 E1.0899
G1 X77.333 Y72.918 E1.0970
G1 X77.485 Y73.070 E1.1042
G1 X77.567 Y73.268 E1.1113
G1 X77.578 Y73.385 E1.1152
G1 X77.578 Y77.715 E1.2592
G1 X77.535 Y77.935 E1.2667
G1 X77.516 Y77.963 E1.2678
G0 F600 X77.417 Y78.113
G0 F600 X77.238 Y78.232
G0 F600 X77.136 Y78.264
G1 F3000 E-3.7322
G0 F4200 X72.985 Y77.793
;TYPE:SOLID-FILL
;WIDTH:0.400
G1 F1500 E1.2678
G1 F600 X72.607 Y77.416 E1.2856
G0 F4200 X72.607 Y76.850
G1 F600 X73.551 Y77.793 E1.3299
G0 F4200 X74.116 Y77.793
G1 F600 X72.607 Y76.284 E1.4009
G0 F4200 X72.607 Y75.719
G1 F600 X74.682 Y77.793 E1.4985
G0 F4200 X75.248 Y77.793
G1 F600 X72.607 Y75.153 E1.6227
G0 F4200 X72.607 Y74.587
G1 F600 X75.813 Y77.793 E1.7735
G0 F4200 X76.379 Y77.793
G1 F600 X72.607 Y74.022 E1.9509
G0 F4200 X72.607 Y73.456
G1 F600 X76.945 Y77.793 E2.1549
G0 F4200 X77.097 Y77.380
G1 F600 X73.022 Y73.305 E2.3466
G0 F4200 X73.590 Y73.307
G1 F600 X77.097 Y76.815 E2.5116
G0 F4200 X77.097 Y76.249
G1 F600 X74.157 Y73.308 E2.6499
G0 F4200 X74.724 Y73.310
G1 F600 X77.097 Y75.683 E2.7615
G0 F4200 X77.097 Y75.118
G1 F600 X75.291 Y73.311 E2.8465
G0 F4200 X75.858 Y73.312
G1 F600 X77.097 Y74.552 E2.9048
G0 F4200 X77.097 Y73.986
G1 F600 X76.425 Y73.314 E2.9364
G0 F4200 X76.992 Y73.315
G1 F600 X77.097 Y73.421 E2.9414
G1 F3000 E-2.0586
G1 F900 Z0.500
G0 F4200 X70.753 Y84.200
;TYPE:WALL-INNER
;WIDTH:0.400
G1 F900 Z0.200
G1 F1500 E2.9414
G1 F600 X70.686 Y84.244 E2.9440
G1 X70.624 Y84.250 E2.9461
G1 X66.352 Y84.250 E3.0882
G1 X66.249 Y84.230 E3.0917
G1 X66.203 Y84.200 E3.0935
G1 X66.173 Y84.154 E3.0953
G1 X66.153 Y84.051 E3.0988
G1 X66.153 Y79.799 E3.2402
G1 X66.173 Y79.696 E3.2437
G1 X66.203 Y79.650 E3.2455
G1 X66.270 Y79.606 E3.2482
G1 X66.331 Y79.600 E3.2503
G1 X70.681 Y79.611 E3.3949
G1 X70.771 Y79.672 E3.3985
G1 X70.803 Y79.779 E3.4023
G1 X70.803 Y83.710 E3.5330
G0 F600 X70.803 Y84.051
G0 F600 X70.783 Y84.155
G0 F600 X70.753 Y84.200
G1 F3000 E-1.4670
G0 F4200 X71.042 Y84.488
;TYPE:WALL-OUTER
;WIDTH:0.400
G1 F900 Z0.200
G1 F1500 E3.5330
G1 F600 X70.863 Y84.607 E3.5402
G1 X70.761 Y84.639 E3.5437
G1 X70.643 Y84.650 E3.5477
G1 X66.313 Y84.650 E3.6917
G1 X66.093 Y84.607 E3.6991
G1 X65.915 Y84.488 E3.7062
G1 X65.796 Y84.310 E3.7134
G1 X65.753 Y84.090 E3.7208
G1 X65.753 Y79.760 E3.8648
G1 X65.796 Y79.540 E3.8723
G1 X65.915 Y79.362 E3.8794
G1 X66.093 Y79.243 E3.8865
G1 X66.196 Y79.211 E3.8901
G1 X66.313 Y79.200 E3.8940
G1 X70.761 Y79.211 E4.0420
G1 X70.958 Y79.293 E4.0491
G1 X71.110 Y79.445 E4.0562
G1 X71.192 Y79.643 E4.0634
G1 X71.203 Y79.760 E4.0673
G1 X71.203 Y84.027 E4.2092
G0 F600 X71.203 Y84.090
G0 F600 X71.160 Y84.310
G0 F600 X71.042 Y84.488
G1 F3000 E-0.7908
G0 F4200 X70.722 Y80.056
;TYPE:SOLID-FILL
;WIDTH:0.400
G1 F900 Z0.200
G1 F1500 E4.2092
G1 F600 X70.355 Y79.689 E4.2264
G0 F4200 X69.788 Y79.688
G1 F600 X70.722 Y80.622 E4.2704
G0 F4200 X70.722 Y81.187
G1 F600 X69.221 Y79.686 E4.3410
G0 F4200 X68.655 Y79.685
G1 F600 X70.722 Y81.753 E4.4382
G0 F4200 X70.722 Y82.319
G1 F600 X68.088 Y79.684 E4.5621
G0 F4200 X67.520 Y79.683
G1 F600 X70.722 Y82.884 E4.7127
G0 F4200 X70.722 Y83.450
G1 F600 X66.953 Y79.681 E4.8900
G0 F4200 X66.386 Y79.680
G1 F600 X70.722 Y84.016 E5.0940
G0 F4200 X70.309 Y84.169
G1 F600 X66.232 Y80.091 E5.2858
G0 F4200 X66.232 Y80.657
G1 F600 X69.744 Y84.169 E5.4510
G0 F4200 X69.178 Y84.169
G1 F600 X66.232 Y81.223 E5.5895
G0 F4200 X66.232 Y81.788
G1 F600 X68.612 Y84.169 E5.7015
G0 F4200 X68.047 Y84.169
G1 F600 X66.232 Y82.354 E5.7869
G0 F4200 X66.232 Y82.920
G1 F600 X67.481 Y84.169 E5.8456
G0 F4200 X66.915 Y84.169
G1 F600 X66.232 Y83.485 E5.8778
G0 F4200 X66.232 Y84.051
G1 F600 X66.349 Y84.169 E5.8833
G1 F3000 E0.8833
G1 F900 Z0.500
G0 F4200 X70.753 Y90.575
;TYPE:WALL-INNER
;WIDTH:0.400
G1 F900 Z0.200
G1 F1500 E5.8833
G1 F600 X70.686 Y90.619 E5.8860
G1 X70.624 Y90.625 E5.8880
G1 X66.352 Y90.625 E6.0301
G1 X66.249 Y90.605 E6.0336
G1 X66.203 Y90.575 E6.0354
G1 X66.173 Y90.529 E6.0373
G1 X66.153 Y90.426 E6.0408
G1 X66.153 Y86.174 E6.1822
G1 X66.173 Y86.071 E6.1857
G1 X66.203 Y86.025 E6.1875
G1 X66.270 Y85.981 E6.1902
G1 X66.331 Y85.975 E6.1922
G1 X70.681 Y85.986 E6.3369
G1 X70.771 Y86.047 E6.3405
G1 X70.803 Y86.154 E6.3442
G1 X70.803 Y90.085 E6.4750
G0 F600 X70.803 Y90.426
G0 F600 X70.783 Y90.530
G0 F600 X70.753 Y90.575
G1 F3000 E1.4750
G0 F4200 X71.042 Y90.863
;TYPE:WALL-OUTER
;WIDTH:0.400
G1 F900 Z0.200
G1 F1500 E6.4750
G1 F600 X70.863 Y90.982 E6.4821
G1 X70.761 Y91.014 E6.4857
G1 X70.643 Y91.025 E6.4896
G1 X66.313 Y91.025 E6.6336
G1 X66.093 Y90.982 E6.6411
G1 X65.915 Y90.863 E6.6482
G1 X65.796 Y90.685 E6.6553
G1 X65.753 Y90.465 E6.6628
G1 X65.753 Y86.135 E6.8068
G1 X65.796 Y85.915 E6.8142
G1 X65.915 Y85.737 E6.8214
G1 X66.093 Y85.618 E6.8285
G1 X66.196 Y85.586 E6.8321
G1 X66.313 Y85.575 E6.8360
G1 X70.761 Y85.586 E6.9839
G1 X70.958 Y85.668 E6.9910
G1 X71.110 Y85.820 E6.9982
G1 X71.192 Y86.018 E7.0053
G1 X71.203 Y86.135 E7.0092
G1 X71.203 Y90.402 E7.1511
G0 F600 X71.203 Y90.465
G0 F600 X71.160 Y90.685
G0 F600 X71.042 Y90.863
G1 F3000 E2.1511
G0 F4200 X66.502 Y90.544
;TYPE:SOLID-FILL
;WIDTH:0.400
G1 F900 Z0.200
G1 F1500 E7.1511
G1 F600 X66.232 Y90.274 E7.1638
G0 F4200 X66.232 Y89.708
G1 F600 X67.068 Y90.544 E7.2032
G0 F4200 X67.634 Y90.544
G1 F600 X66.232 Y89.142 E7.2691
G0 F4200 X66.232 Y88.577
G1 F600 X68.199 Y90.544 E7.3616
G0 F4200 X68.765 Y90.544
G1 F600 X66.232 Y88.011 E7.4808
G0 F4200 X66.232 Y87.445
G1 F600 X69.331 Y90.544 E7.6265
G0 F4200 X69.896 Y90.544
G1 F600 X66.232 Y86.880 E7.7989
G0 F4200 X66.232 Y86.314
G1 F600 X70.462 Y90.544 E7.9978
G0 F4200 X70.722 Y90.238
G1 F600 X66.539 Y86.055 E8.1946
G0 F4200 X67.106 Y86.057
G1 F600 X70.722 Y89.673 E8.3647
G0 F4200 X70.722 Y89.107
G1 F600 X67.673 Y86.058 E8.5081
G0 F4200 X68.240 Y86.059
G1 F600 X70.722 Y88.541 E8.6248
G0 F4200 X70.722 Y87.976
G1 F600 X68.807 Y86.061 E8.7149
G0 F4200 X69.374 Y86.062
G1 F600 X70.722 Y87.410 E8.7783
G0 F4200 X70.722 Y86.844
G1 F600 X69.942 Y86.064 E8.8150
G0 F4200 X70.509 Y86.065
G1 F600 X70.722 Y86.279 E8.8251
G1 F3000 E3.8251
G1 F900 Z0.500
G0 F4200 X70.753 Y96.950
;TYPE:WALL-INNER
;WIDTH:0.400
G1 F900 Z0.200
G1 F1500 E8.8251
G1 F600 X70.686 Y96.994 E8.8277
G1 X70.624 Y97.000 E8.8298
G1 X66.352 Y97.000 E8.9719
G1 X66.249 Y96.980 E8.9754
G1 X66.203 Y96.950 E8.9772
G1 X66.173 Y96.904 E8.9790
G1 X66.153 Y96.801 E8.9825
G1 X66.153 Y92.549 E9.1239
G1 X66.173 Y92.446 E9.1274
G1 X66.203 Y92.400 E9.1293
G1 X66.270 Y92.356 E9.1319
G1 X66.331 Y92.350 E9.1340
G1 X70.681 Y92.361 E9.2786
G1 X70.771 Y92.422 E9.2823
G1 X70.803 Y92.529 E9.2860
G1 X70.803 Y96.460 E9.4167
G0 F600 X70.803 Y96.801
G0 F600 X70.783 Y96.905
G0 F600 X70.753 Y96.950
G1 F3000 E4.4167
G0 F4200 X71.042 Y97.238
;TYPE:WALL-OUTER
;WIDTH:0.400
G1 F900 Z0.200
G1 F1500 E9.4167
G1 F600 X70.863 Y97.357 E9.4239
G1 X70.761 Y97.389 E9.4274
G1 X70.643 Y97.400 E9.4314
G1 X66.313 Y97.400 E9.5754
G1 X66.093 Y97.357 E9.5828
G1 X65.915 Y97.238 E9.5900
G1 X65.796 Y97.060 E9.5971
G1 X65.753 Y96.840 E9.6045
G1 X65.753 Y92.510 E9.7486
G1 X65.796 Y92.290 E9.7560
G1 X65.915 Y92.112 E9.7631
G1 X66.093 Y91.993 E9.7703
G1 X66.196 Y91.961 E9.7738
G1 X66.313 Y91.950 E9.7777
G1 X70.761 Y91.961 E9.9257
G1 X70.958 Y92.043 E9.9328
G1 X71.110 Y92.195 E9.9399
G1 X71.192 Y92.393 E9.9471
G1 X71.203 Y92.510 E9.9510
G1 X71.203 Y96.777 E10.0929
G0 F600 X71.203 Y96.840
G0 F600 X71.160 Y97.060
G0 F600 X71.042 Y97.238
G1 F3000 E5.0929
G0 F4200 X66.654 Y96.918
;TYPE:SOLID-FILL
;WIDTH:0.400
G1 F900 Z0.200
G1 F1500 E10.0929
G1 F600 X66.232 Y96.496 E10.1127
G0 F4200 X66.232 Y95.931
G1 F600 X67.220 Y96.918 E10.1592
G0 F4200 X67.786 Y96.918
G1 F600 X66.232 Y95.365 E10.2323
G0 F4200 X66.232 Y94.799
G1 F600 X68.351 Y96.918 E10.3319
G0 F4200 X68.917 Y96.918
G1 F600 X66.232 Y94.233 E10.4582
G0 F4200 X66.232 Y93.668
G1 F600 X69.483 Y96.918 E10.6111
G0 F4200 X70.048 Y96.918
G1 F600 X66.232 Y93.102 E10.7906
G0 F4200 X66.232 Y92.536
G1 F600 X70.614 Y96.918 E10.9967
G0 F4200 X70.723 Y96.462
G1 F600 X66.692 Y92.430 E11.1864
G0 F4200 X67.259 Y92.432
G1 F600 X70.723 Y95.896 E11.3493
G0 F4200 X70.723 Y95.330
G1 F600 X67.826 Y92.433 E11.4856
G0 F4200 X68.393 Y92.435
G1 F600 X70.723 Y94.765 E11.5952
G0 F4200 X70.723 Y94.199
G1 F600 X68.960 Y92.436 E11.6781
G0 F4200 X69.527 Y92.437
G1 F600 X70.723 Y93.633 E11.7343
G0 F4200 X70.723 Y93.067
G1 F600 X70.094 Y92.438 E11.7639
G0 F4200 X70.661 Y92.440
G1 F600 X70.723 Y92.502 E11.7668
G1 F3000 E6.7668
G1 F900 Z0.500
G0 F4200 X77.128 Y103.325
;TYPE:WALL-INNER
;WIDTH:0.400
G1 F900 Z0.200
G1 F1500 E11.7668
G1 F600 X77.061 Y103.369 E11.7695
G1 X76.999 Y103.375 E11.7716
G1 X72.727 Y103.375 E11.9137
G1 X72.624 Y103.355 E11.9172
G1 X72.578 Y103.325 E11.9190
G1 X72.548 Y103.279 E11.9208
G1 X72.528 Y103.176 E11.9243
G1 X72.528 Y98.924 E12.0657
G1 X72.548 Y98.821 E12.0692
G1 X72.578 Y98.775 E12.0710
G1 X72.645 Y98.731 E12.0737
G1 X72.706 Y98.725 E12.0757
G1 X77.056 Y98.736 E12.2204
G1 X77.146 Y98.797 E12.2240
G1 X77.178 Y98.904 E12.2278
G1 X77.178 Y102.835 E12.3585
G0 F600 X77.178 Y103.176
G0 F600 X77.158 Y103.280
G0 F600 X77.128 Y103.325
G1 F3000 E7.3585
G0 F4200 X77.417 Y103.613
;TYPE:WALL-OUTER
;WIDTH:0.400
G1 F900 Z0.200
G1 F1500 E12.3585
G1 F600 X77.238 Y103.732 E12.3657
G1 X77.136 Y103.764 E12.3692
G1 X77.018 Y103.775 E12.3731
G1 X72.688 Y103.775 E12.5172
G1 X72.468 Y103.732 E12.5246
G1 X72.290 Y103.613 E12.5317
G1 X72.171 Y103.435 E12.5389
G1 X72.128 Y103.215 E12.5463
G1 X72.128 Y98.885 E12.6903
G1 X72.171 Y98.665 E12.6978
G1 X72.290 Y98.487 E12.7049
G1 X72.468 Y98.368 E12.7120
G1 X72.571 Y98.336 E12.7156
G1 X72.688 Y98.325 E12.7195
G1 X77.136 Y98.336 E12.8675
G1 X77.333 Y98.418 E12.8746
G1 X77.485 Y98.570 E12.8817
G1 X77.567 Y98.768 E12.8888
G1 X77.578 Y98.885 E12.8928
G1 X77.578 Y103.152 E13.0347
G0 F600 X77.578 Y103.215
G0 F600 X77.535 Y103.435
G0 F600 X77.417 Y103.613
G1 F3000 E8.0347
G0 F4200 X73.029 Y103.294
;TYPE:SOLID-FILL
;WIDTH:0.400
G1 F900 Z0.200
G1 F1500 E13.0347
G1 F600 X72.607 Y102.872 E13.0545
G0 F4200 X72.607 Y102.306
G1 F600 X73.595 Y103.294 E13.1010
G0 F4200 X74.161 Y103.294
G1 F600 X72.607 Y101.740 E13.1741
G0 F4200 X72.607 Y101.174
G1 F600 X74.727 Y103.294 E13.2738
G0 F4200 X75.292 Y103.294
G1 F600 X72.607 Y100.609 E13.4001
G0 F4200 X72.607 Y100.043
G1 F600 X75.858 Y103.294 E13.5530
G0 F4200 X76.424 Y103.294
G1 F600 X72.607 Y99.477 E13.7326
G0 F4200 X72.607 Y98.912
G1 F600 X76.989 Y103.294 E13.9387
G0 F4200 X77.097 Y102.836
G1 F600 X73.067 Y98.806 E14.1282
G0 F4200 X73.634 Y98.807
G1 F600 X77.097 Y102.270 E14.2911
G0 F4200 X77.097 Y101.705
G1 F600 X74.200 Y98.808 E14.4274
G0 F4200 X74.768 Y98.809
G1 F600 X77.097 Y101.139 E14.5370
G0 F4200 X77.097 Y100.573
G1 F600 X75.335 Y98.811 E14.6198
G0 F4200 X75.902 Y98.812
G1 F600 X77.097 Y100.008 E14.6761
G0 F4200 X77.097 Y99.442
G1 F600 X76.469 Y98.813 E14.7056
G0 F4200 X77.035 Y98.814
G1 F600 X77.097 Y98.876 E14.7086
G1 F3000 E9.7086
G1 F900 Z0.500
G0 F4200 X89.811 Y96.994
;TYPE:WALL-INNER
;WIDTH:0.400
G1 F900 Z0.200
G1 F1500 E14.7086
G1 F600 X89.749 Y97.000 E14.7106
G1 X85.477 Y97.000 E14.8527
G1 X85.374 Y96.980 E14.8562
G1 X85.328 Y96.950 E14.8580
G1 X85.298 Y96.904 E14.8599
G1 X85.278 Y96.801 E14.8633
G1 X85.278 Y92.549 E15.0048
G1 X85.298 Y92.446 E15.0083
G1 X85.328 Y92.400 E15.0101
G1 X85.395 Y92.356 E15.0128
G1 X85.456 Y92.350 E15.0148
G1 X89.806 Y92.361 E15.1595
G1 X89.896 Y92.422 E15.1631
G1 X89.928 Y92.529 E15.1668
G1 X89.928 Y96.540 E15.3002
G0 F600 X89.928 Y96.801
G0 F600 X89.908 Y96.905
G0 F600 X89.878 Y96.950
G0 F600 X89.811 Y96.994
G1 F3000 E10.3002
G0 F4200 X89.886 Y97.389
;TYPE:WALL-OUTER
;WIDTH:0.400
G1 F900 Z0.200
G1 F1500 E15.3002
G1 F600 X89.768 Y97.400 E15.3042
G1 X85.438 Y97.400 E15.4482
G1 X85.218 Y97.357 E15.4556
G1 X85.040 Y97.238 E15.4627
G1 X84.921 Y97.060 E15.4699
G1 X84.878 Y96.840 E15.4773
G1 X84.878 Y92.510 E15.6213
G1 X84.921 Y92.290 E15.6288
G1 X85.040 Y92.112 E15.6359
G1 X85.218 Y91.993 E15.6430
G1 X85.321 Y91.961 E15.6466
G1 X85.438 Y91.950 E15.6505
G1 X89.886 Y91.961 E15.7985
G1 X90.083 Y92.043 E15.8056
G1 X90.235 Y92.195 E15.8127
G1 X90.317 Y92.393 E15.8198
G1 X90.328 Y92.510 E15.8238
G1 X90.328 Y96.840 E15.9678
G1 X90.285 Y97.060 E15.9752
G1 X90.266 Y97.088 E15.9764
G0 F600 X90.167 Y97.238
G0 F600 X89.988 Y97.357
G0 F600 X89.886 Y97.389
G1 F3000 E10.9764
G0 F4200 X85.888 Y96.918
;TYPE:SOLID-FILL
;WIDTH:0.400
G1 F900 Z0.200
G1 F1500 E15.9764
G1 F600 X85.358 Y96.389 E16.0013
G0 F4200 X85.358 Y95.823
G1 F600 X86.453 Y96.918 E16.0528
G0 F4200 X87.019 Y96.918
G1 F600 X85.358 Y95.257 E16.1309
G0 F4200 X85.358 Y94.692
G1 F600 X87.585 Y96.918 E16.2356
G0 F4200 X88.150 Y96.918
G1 F600 X85.358 Y94.126 E16.3670
G0 F4200 X85.358 Y93.560
G1 F600 X88.716 Y96.918 E16.5249
G0 F4200 X89.282 Y96.918
G1 F600 X85.358 Y92.995 E16.7094
G0 F4200 X85.358 Y92.429
G1 F600 X89.847 Y96.918 E16.9206
G0 F4200 X89.847 Y96.353
G1 F600 X85.925 Y92.430 E17.1051
G0 F4200 X86.492 Y92.432
G1 F600 X89.847 Y95.787 E17.2629
G0 F4200 X89.847 Y95.221
G1 F600 X87.059 Y92.433 E17.3940
G0 F4200 X87.626 Y92.435
G1 F600 X89.847 Y94.656 E17.4985
G0 F4200 X89.847 Y94.090
G1 F600 X88.193 Y92.436 E17.5763
G0 F4200 X88.760 Y92.437
G1 F600 X89.847 Y93.524 E17.6274
G0 F4200 X89.847 Y92.959
G1 F600 X89.328 Y92.439 E17.6519
G1 F3000 E12.6519
G1 F900 Z0.500
G0 F4200 X89.811 Y90.619
;TYPE:WALL-INNER
;WIDTH:0.400
G1 F900 Z0.200
G1 F1500 E17.6519
G1 F600 X89.749 Y90.625 E17.6540
G1 X85.477 Y90.625 E17.7960
G1 X85.374 Y90.605 E17.7995
G1 X85.328 Y90.575 E17.8014
G1 X85.298 Y90.529 E17.8032
G1 X85.278 Y90.426 E17.8067
G1 X85.278 Y86.174 E17.9481
G1 X85.298 Y86.071 E17.9516
G1 X85.328 Y86.025 E17.9534
G1 X85.395 Y85.981 E17.9561
G1 X85.456 Y85.975 E17.9581
G1 X89.806 Y85.986 E18.1028
G1 X89.896 Y86.047 E18.1064
G1 X89.928 Y86.154 E18.1101
G1 X89.928 Y90.165 E18.2435
G0 F600 X89.928 Y90.426
G0 F600 X89.908 Y90.530
G0 F600 X89.878 Y90.575
G0 F600 X89.811 Y90.619
G1 F3000 E13.2435
G0 F4200 X89.886 Y91.014
;TYPE:WALL-OUTER
;WIDTH:0.400
G1 F900 Z0.200
G1 F1500 E18.2435
G1 F600 X89.768 Y91.025 E18.2475
G1 X85.438 Y91.025 E18.3915
G1 X85.218 Y90.982 E18.3989
G1 X85.040 Y90.863 E18.4061
G1 X84.921 Y90.685 E18.4132
G1 X84.878 Y90.465 E18.4206
G1 X84.878 Y86.135 E18.5647
G1 X84.921 Y85.915 E18.5721
G1 X85.040 Y85.737 E18.5792
G1 X85.218 Y85.618 E18.5864
G1 X85.321 Y85.586 E18.5900
G1 X85.438 Y85.575 E18.5939
G1 X89.886 Y85.586 E18.7418
G1 X90.083 Y85.668 E18.7489
G1 X90.235 Y85.820 E18.7560
G1 X90.317 Y86.018 E18.7632
G1 X90.328 Y86.135 E18.7671
G1 X90.328 Y90.465 E18.9111
G1 X90.285 Y90.685 E18.9186
G1 X90.266 Y90.713 E18.9197
G0 F600 X90.167 Y90.863
G0 F600 X89.988 Y90.982
G0 F600 X89.886 Y91.014
G1 F3000 E13.9197
G0 F4200 X85.735 Y90.544
;TYPE:SOLID-FILL
;WIDTH:0.400
G1 F900 Z0.200
G1 F1500 E18.9197
G1 F600 X85.358 Y90.166 E18.9374
G0 F4200 X85.358 Y89.601
G1 F600 X86.301 Y90.544 E18.9818
G0 F4200 X86.867 Y90.544
G1 F600 X85.358 Y89.035 E19.0528
G0 F4200 X85.358 Y88.469
G1 F600 X87.433 Y90.544 E19.1504
G0 F4200 X87.998 Y90.544
G1 F600 X85.358 Y87.903 E19.2746
G0 F4200 X85.358 Y87.338
G1 F600 X88.564 Y90.544 E19.4254
G0 F4200 X89.130 Y90.544
G1 F600 X85.358 Y86.772 E19.6028
G0 F4200 X85.358 Y86.206
G1 F600 X89.695 Y90.544 E19.8068
G0 F4200 X89.848 Y90.131
G1 F600 X85.772 Y86.055 E19.9985
G0 F4200 X86.339 Y86.057
G1 F600 X89.848 Y89.565 E20.1636
G0 F4200 X89.848 Y88.999
G1 F600 X86.906 Y86.058 E20.3019
G0 F4200 X87.474 Y86.059
G1 F600 X89.848 Y88.434 E20.4136
G0 F4200 X89.847 Y87.867
G1 F600 X88.041 Y86.061 E20.4986
G0 F4200 X88.608 Y86.062
G1 F600 X89.847 Y87.302 E20.5569
G0 F4200 X89.847 Y86.736
G1 F600 X89.175 Y86.064 E20.5885
G0 F4200 X89.742 Y86.065
G1 F600 X89.847 Y86.170 E20.5934
G1 F3000 E15.5934
G1 F900 Z0.500
G0 F4200 X83.436 Y90.619
;TYPE:WALL-INNER
;WIDTH:0.400
G1 F900 Z0.200
G1 F1500 E20.5934
G1 F600 X83.374 Y90.625 E20.5955
G1 X79.102 Y90.625 E20.7376
G1 X78.999 Y90.605 E20.7411
G1 X78.953 Y90.575 E20.7429
G1 X78.923 Y90.529 E20.7447
G1 X78.903 Y90.426 E20.7482
G1 X78.903 Y86.174 E20.8896
G1 X78.923 Y86.071 E20.8931
G1 X78.953 Y86.025 E20.8950
G1 X79.020 Y85.981 E20.8976
G1 X79.081 Y85.975 E20.8997
G1 X83.431 Y85.986 E21.0443
G1 X83.521 Y86.047 E21.0480
G1 X83.553 Y86.154 E21.0517
G1 X83.553 Y90.165 E21.1851
G0 F600 X83.553 Y90.426
G0 F600 X83.533 Y90.530
G0 F600 X83.503 Y90.575
G0 F600 X83.436 Y90.619
G1 F3000 E16.1851
G0 F4200 X83.511 Y91.014
;TYPE:WALL-OUTER
;WIDTH:0.400
G1 F900 Z0.200
G1 F1500 E21.1851
G1 F600 X83.393 Y91.025 E21.1890
G1 X79.063 Y91.025 E21.3330
G1 X78.843 Y90.982 E21.3405
G1 X78.665 Y90.863 E21.3476
G1 X78.546 Y90.685 E21.3547
G1 X78.503 Y90.465 E21.3622
G1 X78.503 Y86.135 E21.5062
G1 X78.546 Y85.915 E21.5137
G1 X78.665 Y85.737 E21.5208
G1 X78.843 Y85.618 E21.5279
G1 X78.946 Y85.586 E21.5315
G1 X79.063 Y85.575 E21.5354
G1 X83.511 Y85.586 E21.6833
G1 X83.708 Y85.668 E21.6904
G1 X83.860 Y85.820 E21.6976
G1 X83.942 Y86.018 E21.7047
G1 X83.953 Y86.135 E21.7086
G1 X83.953 Y90.465 E21.8526
G1 X83.910 Y90.685 E21.8601
G1 X83.891 Y90.713 E21.8612
G0 F600 X83.792 Y90.863
G0 F600 X83.613 Y90.982
G0 F600 X83.511 Y91.014
G1 F3000 E16.8612
G0 F4200 X79.513 Y90.544
;TYPE:SOLID-FILL
;WIDTH:0.400
G1 F900 Z0.200
G1 F1500 E21.8612
G1 F600 X78.983 Y90.013 E21.8862
G0 F4200 X78.983 Y89.448
G1 F600 X80.079 Y90.544 E21.9377
G0 F4200 X80.644 Y90.544
G1 F600 X78.983 Y88.882 E22.0159
G0 F4200 X78.983 Y88.316
G1 F600 X81.210 Y90.544 E22.1207
G0 F4200 X81.776 Y90.544
G1 F600 X78.983 Y87.751 E22.2520
G0 F4200 X78.983 Y87.185
G1 F600 X82.341 Y90.544 E22.4100
G0 F4200 X82.907 Y90.544
G1 F600 X78.983 Y86.619 E22.5946
G0 F4200 X78.983 Y86.054
G1 F600 X83.473 Y90.544 E22.8058
G0 F4200 X83.473 Y89.978
G1 F600 X79.550 Y86.056 E22.9903
G0 F4200 X80.118 Y86.057
G1 F600 X83.473 Y89.412 E23.1481
G0 F4200 X83.473 Y88.847
G1 F600 X80.685 Y86.059 E23.2792
G0 F4200 X81.252 Y86.060
G1 F600 X83.473 Y88.281 E23.3837
G0 F4200 X83.473 Y87.715
G1 F600 X81.819 Y86.061 E23.4615
G0 F4200 X82.386 Y86.063
G1 F600 X83.473 Y87.150 E23.5126
G0 F4200 X83.473 Y86.584
G1 F600 X82.953 Y86.064 E23.5371
G1 F3000 E18.5371
G1 F900 Z0.500
G0 F4200 X89.811 Y84.244
;TYPE:WALL-INNER
;WIDTH:0.400
G1 F900 Z0.200
G1 F1500 E23.5371
G1 F600 X89.749 Y84.250 E23.5392
G1 X85.477 Y84.250 E23.6813
G1 X85.374 Y84.230 E23.6847
G1 X85.328 Y84.200 E23.6866
G1 X85.298 Y84.154 E23.6884
G1 X85.278 Y84.051 E23.6919
G1 X85.278 Y79.799 E23.8333
G1 X85.298 Y79.696 E23.8368
G1 X85.328 Y79.650 E23.8386
G1 X85.395 Y79.606 E23.8413
G1 X85.456 Y79.600 E23.8433
G1 X89.806 Y79.611 E23.9880
G1 X89.896 Y79.672 E23.9916
G1 X89.928 Y79.779 E23.9953
G1 X89.928 Y83.790 E24.1288
G0 F600 X89.928 Y84.051
G0 F600 X89.908 Y84.155
G0 F600 X89.878 Y84.200
G0 F600 X89.811 Y84.244
G1 F3000 E19.1288
G0 F4200 X89.886 Y84.639
;TYPE:WALL-OUTER
;WIDTH:0.400
G1 F900 Z0.200
G1 F1500 E24.1288
G1 F600 X89.768 Y84.650 E24.1327
G1 X85.438 Y84.650 E24.2767
G1 X85.218 Y84.607 E24.2842
G1 X85.040 Y84.488 E24.2913
G1 X84.921 Y84.310 E24.2984
G1 X84.878 Y84.090 E24.3059
G1 X84.878 Y79.760 E24.4499
G1 X84.921 Y79.540 E24.4573
G1 X85.040 Y79.362 E24.4645
G1 X85.218 Y79.243 E24.4716
G1 X85.321 Y79.211 E24.4752
G1 X85.438 Y79.200 E24.4791
G1 X89.886 Y79.211 E24.6270
G1 X90.083 Y79.293 E24.6341
G1 X90.235 Y79.445 E24.6413
G1 X90.317 Y79.643 E24.6484
G1 X90.328 Y79.760 E24.6523
G1 X90.328 Y84.090 E24.7963
G1 X90.285 Y84.310 E24.8038
G1 X90.266 Y84.338 E24.8049
G0 F600 X90.167 Y84.488
G0 F600 X89.988 Y84.607
G0 F600 X89.886 Y84.639
G1 F3000 E19.8049
G0 F4200 X85.583 Y84.169
;TYPE:SOLID-FILL
;WIDTH:0.400
G1 F900 Z0.200
G1 F1500 E24.8049
G1 F600 X85.356 Y83.942 E24.8156
G0 F4200 X85.356 Y83.377
G1 F600 X86.149 Y84.169 E24.8529
G0 F4200 X86.715 Y84.169
G1 F600 X85.356 Y82.811 E24.9168
G0 F4200 X85.356 Y82.245
G1 F600 X87.281 Y84.169 E25.0073
G0 F4200 X87.846 Y84.169
G1 F600 X85.356 Y81.680 E25.1244
G0 F4200 X85.356 Y81.114
G1 F600 X88.412 Y84.169 E25.2681
G0 F4200 X88.978 Y84.169
G1 F600 X85.356 Y80.548 E25.4384
G0 F4200 X85.356 Y79.982
G1 F600 X89.543 Y84.169 E25.6354
G0 F4200 X89.847 Y83.908
G1 F600 X85.620 Y79.681 E25.8342
G0 F4200 X86.187 Y79.682
G1 F600 X89.847 Y83.342 E26.0064
G0 F4200 X89.847 Y82.776
G1 F600 X86.754 Y79.683 E26.1518
G0 F4200 X87.322 Y79.685
G1 F600 X89.847 Y82.211 E26.2706
G0 F4200 X89.847 Y81.645
G1 F600 X87.889 Y79.686 E26.3628
G0 F4200 X88.456 Y79.688
G1 F600 X89.847 Y81.079 E26.4282
G0 F4200 X89.847 Y80.514
G1 F600 X89.023 Y79.689 E26.4670
G0 F4200 X89.590 Y79.690
G1 F600 X89.847 Y79.948 E26.4791
G1 F3000 E21.4791
G1 F900 Z0.500
G0 F4200 X96.186 Y90.619
;TYPE:WALL-INNER
;WIDTH:0.400
G1 F900 Z0.200
G1 F1500 E26.4791
G1 F600 X96.124 Y90.625 E26.4812
G1 X91.852 Y90.625 E26.6232
G1 X91.749 Y90.605 E26.6267
G1 X91.703 Y90.575 E26.6286
G1 X91.673 Y90.529 E26.6304
G1 X91.653 Y90.426 E26.6339
G1 X91.653 Y86.174 E26.7753
G1 X91.673 Y86.071 E26.7788
G1 X91.703 Y86.025 E26.7806
G1 X91.770 Y85.981 E26.7833
G1 X91.831 Y85.975 E26.7853
G1 X96.181 Y85.986 E26.9300
G1 X96.271 Y86.047 E26.9336
G1 X96.303 Y86.154 E26.9373
G1 X96.303 Y90.165 E27.0707
G0 F600 X96.303 Y90.426
G0 F600 X96.283 Y90.530
G0 F600 X96.253 Y90.575
G0 F600 X96.186 Y90.619
G1 F3000 E22.0707
G0 F4200 X96.261 Y91.014
;TYPE:WALL-OUTER
;WIDTH:0.400
G1 F900 Z0.200
G1 F1500 E27.0707
G1 F600 X96.143 Y91.025 E27.0747
G1 X91.813 Y91.025 E27.2187
G1 X91.593 Y90.982 E27.2262
G1 X91.415 Y90.863 E27.2333
G1 X91.296 Y90.685 E27.2404
G1 X91.253 Y90.465 E27.2479
G1 X91.253 Y86.135 E27.3919
G1 X91.296 Y85.915 E27.3993
G1 X91.415 Y85.737 E27.4064
G1 X91.593 Y85.618 E27.4136
G1 X91.696 Y85.586 E27.4172
G1 X91.813 Y85.575 E27.4211
G1 X96.261 Y85.586 E27.5690
G1 X96.458 Y85.668 E27.5761
G1 X96.610 Y85.820 E27.5833
G1 X96.692 Y86.018 E27.5904
G1 X96.703 Y86.135 E27.5943
G1 X96.703 Y90.465 E27.7383
G1 X96.660 Y90.685 E27.7458
G1 X96.641 Y90.713 E27.7469
G0 F600 X96.542 Y90.863
G0 F600 X96.363 Y90.982
G0 F600 X96.261 Y91.014
G1 F3000 E22.7469
G0 F4200 X91.959 Y90.545
;TYPE:SOLID-FILL
;WIDTH:0.400
G1 F900 Z0.200
G1 F1500 E27.7469
G1 F600 X91.732 Y90.318 E27.7576
G0 F4200 X91.732 Y89.752
G1 F600 X92.524 Y90.545 E27.7948
G0 F4200 X93.090 Y90.545
G1 F600 X91.732 Y89.186 E27.8587
G0 F4200 X91.732 Y88.620
G1 F600 X93.656 Y90.545 E27.9493
G0 F4200 X94.221 Y90.545
G1 F600 X91.732 Y88.055 E28.0664
G0 F4200 X91.732 Y87.489
G1 F600 X94.787 Y90.545 E28.2101
G0 F4200 X95.353 Y90.545
G1 F600 X91.732 Y86.923 E28.3804
G0 F4200 X91.732 Y86.358
G1 F600 X95.919 Y90.545 E28.5774
G0 F4200 X96.222 Y90.282
G1 F600 X91.996 Y86.056 E28.7761
G0 F4200 X92.563 Y86.057
G1 F600 X96.222 Y89.717 E28.9483
G0 F4200 X96.222 Y89.151
G1 F600 X93.130 Y86.059 E29.0937
G0 F4200 X93.697 Y86.060
G1 F600 X96.222 Y88.585 E29.2125
G0 F4200 X96.222 Y88.019
G1 F600 X94.263 Y86.061 E29.3046
G0 F4200 X94.830 Y86.062
G1 F600 X96.222 Y87.454 E29.3701
G0 F4200 X96.222 Y86.888
G1 F600 X95.397 Y86.064 E29.4089
G0 F4200 X95.964 Y86.065
G1 F600 X96.222 Y86.322 E29.4210
G1 F3000 E24.4210
G1 F900 Z0.500
G0 F4200 X104.602 Y90.625
;TYPE:WALL-INNER
;WIDTH:0.400
G1 F900 Z0.200
G1 F1500 E29.4210
G1 F600 X104.499 Y90.605 E29.4245
G1 X104.453 Y90.575 E29.4263
G1 X104.423 Y90.529 E29.4281
G1 X104.403 Y90.426 E29.4316
G1 X104.403 Y86.174 E29.5730
G1 X104.423 Y86.071 E29.5765
G1 X104.453 Y86.025 E29.5783
G1 X104.520 Y85.981 E29.5810
G1 X104.581 Y85.975 E29.5831
G1 X108.931 Y85.986 E29.7277
G1 X109.021 Y86.047 E29.7314
G1 X109.053 Y86.154 E29.7351
G1 X109.053 Y90.426 E29.8772
G1 X109.033 Y90.530 E29.8807
G1 X109.003 Y90.575 E29.8825
G1 X108.936 Y90.619 E29.8851
G1 X108.874 Y90.625 E29.8872
G1 X105.102 Y90.625 E30.0127
G0 F600 X104.602 Y90.625
G1 F3000 E25.0127
G0 F4200 X104.563 Y91.025
;TYPE:WALL-OUTER
;WIDTH:0.400
G1 F900 Z0.200
G1 F1500 E30.0127
G1 F600 X104.343 Y90.982 E30.0201
G1 X104.165 Y90.863 E30.0272
G1 X104.046 Y90.685 E30.0344
G1 X104.003 Y90.465 E30.0418
G1 X104.003 Y86.135 E30.1858
G1 X104.046 Y85.915 E30.1933
G1 X104.165 Y85.737 E30.2004
G1 X104.343 Y85.618 E30.2075
G1 X104.446 Y85.586 E30.2111
G1 X104.563 Y85.575 E30.2150
G1 X109.011 Y85.586 E30.3630
G1 X109.208 Y85.668 E30.3701
G1 X109.360 Y85.820 E30.3772
G1 X109.442 Y86.018 E30.3844
G1 X109.453 Y86.135 E30.3883
G1 X109.453 Y90.465 E30.5323
G1 X109.410 Y90.685 E30.5397
G1 X109.292 Y90.863 E30.5468
G1 X109.113 Y90.982 E30.5540
G1 X109.011 Y91.014 E30.5575
G1 X108.893 Y91.025 E30.5615
G1 X105.063 Y91.025 E30.6889
G0 F600 X104.563 Y91.025
G1 F3000 E25.6889
G0 F4200 X104.970 Y90.545
;TYPE:SOLID-FILL
;WIDTH:0.400
G1 F900 Z0.200
G1 F1500 E30.6889
G1 F600 X104.482 Y90.057 E30.7118
G0 F4200 X104.482 Y89.491
G1 F600 X105.535 Y90.545 E30.7614
G0 F4200 X106.101 Y90.545
G1 F600 X104.482 Y88.925 E30.8376
G0 F4200 X104.482 Y88.360
G1 F600 X106.667 Y90.545 E30.9403
G0 F4200 X107.232 Y90.545
G1 F600 X104.482 Y87.794 E31.0697
G0 F4200 X104.482 Y87.228
G1 F600 X107.798 Y90.545 E31.2257
G0 F4200 X108.364 Y90.545
G1 F600 X104.482 Y86.663 E31.4083
G0 F4200 X104.482 Y86.097
G1 F600 X108.929 Y90.545 E31.6175
G0 F4200 X108.972 Y90.021
G1 F600 X105.006 Y86.056 E31.8040
G0 F4200 X105.573 Y86.057
G1 F600 X108.972 Y89.456 E31.9639
G0 F4200 X108.972 Y88.890
G1 F600 X106.140 Y86.059 E32.0971
G0 F4200 X106.708 Y86.060
G1 F600 X108.972 Y88.324 E32.2036
G0 F4200 X108.972 Y87.759
G1 F600 X107.275 Y86.061 E32.2834
G0 F4200 X107.842 Y86.063
G1 F600 X108.972 Y87.193 E32.3366
G0 F4200 X108.972 Y86.627
G1 F600 X108.409 Y86.064 E32.3631
G1 F3000 E27.3631
G1 F900 Z0.500
G0 F4200 X104.499 Y96.980
;TYPE:WALL-INNER
;WIDTH:0.400
G1 F900 Z0.200
G1 F1500 E32.3631
G1 F600 X104.453 Y96.950 E32.3649
G1 X104.423 Y96.904 E32.3667
G1 X104.403 Y96.801 E32.3702
G1 X104.403 Y92.549 E32.5116
G1 X104.423 Y92.446 E32.5151
G1 X104.453 Y92.400 E32.5169
G1 X104.520 Y92.356 E32.5196
G1 X104.581 Y92.350 E32.5216
G1 X108.931 Y92.361 E32.6663
G1 X109.021 Y92.422 E32.6699
G1 X109.053 Y92.529 E32.6737
G1 X109.053 Y96.801 E32.8157
G1 X109.033 Y96.905 E32.8193
G1 X109.003 Y96.950 E32.8211
G1 X108.936 Y96.994 E32.8237
G1 X108.874 Y97.000 E32.8258
G1 X104.998 Y97.000 E32.9547
G0 F600 X104.602 Y97.000
G0 F600 X104.499 Y96.980
G1 F3000 E27.9547
G0 F4200 X104.343 Y97.357
;TYPE:WALL-OUTER
;WIDTH:0.400
G1 F900 Z0.200
G1 F1500 E32.9547
G1 F600 X104.165 Y97.238 E32.9618
G1 X104.046 Y97.060 E32.9690
G1 X104.003 Y96.840 E32.9764
G1 X104.003 Y92.510 E33.1204
G1 X104.046 Y92.290 E33.1279
G1 X104.165 Y92.112 E33.1350
G1 X104.343 Y91.993 E33.1421
G1 X104.446 Y91.961 E33.1457
G1 X104.563 Y91.950 E33.1496
G1 X109.011 Y91.961 E33.2976
G1 X109.208 Y92.043 E33.3047
G1 X109.360 Y92.195 E33.3118
G1 X109.442 Y92.393 E33.3189
G1 X109.453 Y92.510 E33.3228
G1 X109.453 Y96.840 E33.4669
G1 X109.410 Y97.060 E33.4743
G1 X109.292 Y97.238 E33.4814
G1 X109.113 Y97.357 E33.4886
G1 X109.011 Y97.389 E33.4921
G1 X108.893 Y97.400 E33.4961
G1 X104.839 Y97.400 E33.6309
G0 F600 X104.563 Y97.400
G0 F600 X104.343 Y97.357
G0 F4200 X104.557 Y96.920
;TYPE:SOLID-FILL
;WIDTH:0.400
G1 F600 X104.482 Y96.845 E33.6344
G0 F4200 X104.482 Y96.279
G1 F600 X105.122 Y96.920 E33.6646
G0 F4200 X105.688 Y96.920
G1 F600 X104.482 Y95.713 E33.7213
G0 F4200 X104.482 Y95.148
G1 F600 X106.254 Y96.920 E33.8047
G0 F4200 X106.819 Y96.920
G1 F600 X104.482 Y94.582 E33.9146
G0 F4200 X104.482 Y94.016
G1 F600 X107.385 Y96.920 E34.0512
G0 F4200 X107.951 Y96.920
G1 F600 X104.482 Y93.451 E34.2144
G0 F4200 X104.482 Y92.885
G1 F600 X108.516 Y96.920 E34.4041
G0 F4200 X108.972 Y96.809
G1 F600 X104.593 Y92.430 E34.6101
G0 F4200 X105.160 Y92.432
G1 F600 X108.972 Y96.244 E34.7894
G0 F4200 X108.972 Y95.678
G1 F600 X105.727 Y92.433 E34.9420
G0 F4200 X106.294 Y92.435
G1 F600 X108.972 Y95.112 E35.0680
G0 F4200 X108.972 Y94.547
G1 F600 X106.861 Y92.436 E35.1673
G0 F4200 X107.428 Y92.437
G1 F600 X108.972 Y93.981 E35.2399
G0 F4200 X108.972 Y93.415
G1 F600 X107.995 Y92.439 E35.2858
G0 F4200 X108.562 Y92.440
G1 F600 X108.972 Y92.850 E35.3051
G1 F3000 E30.3051
G1 F900 Z0.500
G0 F4200 X98.227 Y103.375
;TYPE:WALL-INNER
;WIDTH:0.400
G1 F900 Z0.200
G1 F1500 E35.3051
G1 F600 X98.124 Y103.355 E35.3086
G1 X98.078 Y103.325 E35.3104
G1 X98.048 Y103.279 E35.3123
G1 X98.028 Y103.176 E35.3157
G1 X98.028 Y98.924 E35.4572
G1 X98.048 Y98.821 E35.4607
G1 X98.078 Y98.775 E35.4625
G1 X98.145 Y98.731 E35.4652
G1 X98.206 Y98.725 E35.4672
G1 X102.556 Y98.736 E35.6119
G1 X102.646 Y98.797 E35.6155
G1 X102.678 Y98.904 E35.6192
G1 X102.678 Y103.176 E35.7613
G1 X102.658 Y103.280 E35.7648
G1 X102.628 Y103.325 E35.7666
G1 X102.561 Y103.369 E35.7693
G1 X102.499 Y103.375 E35.7714
G1 X98.727 Y103.375 E35.8968
G0 F600 X98.227 Y103.375
G1 F3000 E30.8968
G0 F4200 X98.188 Y103.775
;TYPE:WALL-OUTER
;WIDTH:0.400
G1 F900 Z0.200
G1 F1500 E35.8968
G1 F600 X97.968 Y103.732 E35.9043
G1 X97.790 Y103.613 E35.9114
G1 X97.671 Y103.435 E35.9185
G1 X97.628 Y103.215 E35.9260
G1 X97.628 Y98.885 E36.0700
G1 X97.671 Y98.665 E36.0774
G1 X97.790 Y98.487 E36.0846
G1 X97.968 Y98.368 E36.0917
G1 X98.071 Y98.336 E36.0953
G1 X98.188 Y98.325 E36.0992
G1 X102.636 Y98.336 E36.2471
G1 X102.833 Y98.418 E36.2542
G1 X102.985 Y98.570 E36.2614
G1 X103.067 Y98.768 E36.2685
G1 X103.078 Y98.885 E36.2724
G1 X103.078 Y103.215 E36.4164
G1 X103.035 Y103.435 E36.4239
G1 X102.917 Y103.613 E36.4310
G1 X102.738 Y103.732 E36.4381
G1 X102.636 Y103.764 E36.4417
G1 X102.518 Y103.775 E36.4456
G1 X98.688 Y103.775 E36.5730
G0 F600 X98.188 Y103.775
G0 F4200 X98.485 Y103.294
;TYPE:SOLID-FILL
;WIDTH:0.400
G1 F600 X98.108 Y102.916 E36.5908
G0 F4200 X98.108 Y102.350
G1 F600 X99.051 Y103.294 E36.6351
G0 F4200 X99.617 Y103.294
G1 F600 X98.108 Y101.785 E36.7061
G0 F4200 X98.108 Y101.219
G1 F600 X100.182 Y103.294 E36.8037
G0 F4200 X100.748 Y103.294
G1 F600 X98.108 Y100.653 E36.9279
G0 F4200 X98.108 Y100.088
G1 F600 X101.314 Y103.294 E37.0787
G0 F4200 X101.879 Y103.294
G1 F600 X98.108 Y99.522 E37.2561
G0 F4200 X98.108 Y98.956
G1 F600 X102.445 Y103.294 E37.4601
G0 F4200 X102.598 Y102.881
G1 F600 X98.522 Y98.805 E37.6518
G0 F4200 X99.089 Y98.806
G1 F600 X102.598 Y102.315 E37.8169
G0 F4200 X102.598 Y101.749
G1 F600 X99.656 Y98.808 E37.9553
G0 F4200 X100.224 Y98.810
G1 F600 X102.598 Y101.184 E38.0669
G0 F4200 X102.598 Y100.618
G1 F600 X100.791 Y98.811 E38.1519
G0 F4200 X101.358 Y98.813
G1 F600 X102.598 Y100.052 E38.2102
G0 F4200 X102.598 Y99.487
G1 F600 X101.925 Y98.814 E38.2419
G0 F4200 X102.493 Y98.816
G1 F600 X102.598 Y98.921 E38.2468
G1 F3000 E33.2468
G1 F900 Z0.500
G0 F4200 X104.602 Y84.250
;TYPE:WALL-INNER
;WIDTH:0.400
G1 F900 Z0.200
G1 F1500 E38.2468
G1 F600 X104.499 Y84.230 E38.2503
G1 X104.453 Y84.200 E38.2521
G1 X104.423 Y84.154 E38.2540
G1 X104.403 Y84.051 E38.2574
G1 X104.403 Y79.799 E38.3989
G1 X104.423 Y79.696 E38.4024
G1 X104.453 Y79.650 E38.4042
G1 X104.520 Y79.606 E38.4069
G1 X104.581 Y79.600 E38.4089
G1 X108.931 Y79.611 E38.5536
G1 X109.021 Y79.672 E38.5572
G1 X109.053 Y79.779 E38.5609
G1 X109.053 Y84.051 E38.7030
G1 X109.033 Y84.155 E38.7065
G1 X109.003 Y84.200 E38.7083
G1 X108.936 Y84.244 E38.7110
G1 X108.874 Y84.250 E38.7130
G1 X105.102 Y84.250 E38.8385
G0 F600 X104.602 Y84.250
G1 F3000 E33.8385
G0 F4200 X104.563 Y84.650
;TYPE:WALL-OUTER
;WIDTH:0.400
G1 F900 Z0.200
G1 F1500 E38.8385
G1 F600 X104.343 Y84.607 E38.8460
G1 X104.165 Y84.488 E38.8531
G1 X104.046 Y84.310 E38.8602
G1 X104.003 Y84.090 E38.8677
G1 X104.003 Y79.760 E39.0117
G1 X104.046 Y79.540 E39.0191
G1 X104.165 Y79.362 E39.0263
G1 X104.343 Y79.243 E39.0334
G1 X104.446 Y79.211 E39.0370
G1 X104.563 Y79.200 E39.0409
G1 X109.011 Y79.211 E39.1888
G1 X109.208 Y79.293 E39.1959
G1 X109.360 Y79.445 E39.2031
G1 X109.442 Y79.643 E39.2102
G1 X109.453 Y79.760 E39.2141
G1 X109.453 Y84.090 E39.3581
G1 X109.410 Y84.310 E39.3656
G1 X109.292 Y84.488 E39.3727
G1 X109.113 Y84.607 E39.3798
G1 X109.011 Y84.639 E39.3834
G1 X108.893 Y84.650 E39.3873
G1 X105.063 Y84.650 E39.5147
G0 F600 X104.563 Y84.650
G0 F4200 X104.817 Y84.169
;TYPE:SOLID-FILL
;WIDTH:0.400
G1 F600 X104.482 Y83.834 E39.5305
G0 F4200 X104.482 Y83.268
G1 F600 X105.382 Y84.169 E39.5728
G0 F4200 X105.948 Y84.169
G1 F600 X104.482 Y82.703 E39.6418
G0 F4200 X104.482 Y82.137
G1 F600 X106.514 Y84.169 E39.7374
G0 F4200 X107.080 Y84.169
G1 F600 X104.482 Y81.571 E39.8596
G0 F4200 X104.482 Y81.006
G1 F600 X107.645 Y84.169 E40.0083
G0 F4200 X108.211 Y84.169
G1 F600 X104.482 Y80.440 E40.1837
G0 F4200 X104.482 Y79.874
G1 F600 X108.777 Y84.169 E40.3858
G0 F4200 X108.972 Y83.799
G1 F600 X104.854 Y79.681 E40.5795
G0 F4200 X105.421 Y79.682
G1 F600 X108.972 Y83.233 E40.7465
G0 F4200 X108.972 Y82.667
G1 F600 X105.988 Y79.683 E40.8868
G0 F4200 X106.555 Y79.685
G1 F600 X108.972 Y82.102 E41.0005
G0 F4200 X108.972 Y81.536
G1 F600 X107.122 Y79.686 E41.0875
G0 F4200 X107.689 Y79.688
G1 F600 X108.972 Y80.970 E41.1479
G0 F4200 X108.972 Y80.405
G1 F600 X108.256 Y79.689 E41.1816
G0 F4200 X108.823 Y79.690
G1 F600 X108.972 Y79.839 E41.1886
G1 F3000 E36.1886
G1 F900 Z0.500
G0 F4200 X98.227 Y77.875
;TYPE:WALL-INNER
;WIDTH:0.400
G1 F900 Z0.200
G1 F1500 E41.1886
G1 F600 X98.124 Y77.855 E41.1921
G1 X98.078 Y77.825 E41.1939
G1 X98.048 Y77.779 E41.1957
G1 X98.028 Y77.676 E41.1992
G1 X98.028 Y73.424 E41.3406
G1 X98.048 Y73.321 E41.3441
G1 X98.078 Y73.275 E41.3459
G1 X98.145 Y73.231 E41.3486
G1 X98.206 Y73.225 E41.3506
G1 X102.556 Y73.236 E41.4953
G1 X102.646 Y73.297 E41.4989
G1 X102.678 Y73.404 E41.5027
G1 X102.678 Y77.676 E41.6447
G1 X102.658 Y77.780 E41.6483
G1 X102.628 Y77.825 E41.6501
G1 X102.561 Y77.869 E41.6527
G1 X102.499 Y77.875 E41.6548
G1 X98.727 Y77.875 E41.7803
G0 F600 X98.227 Y77.875
G1 F3000 E36.7803
G0 F4200 X98.188 Y78.275
;TYPE:WALL-OUTER
;WIDTH:0.400
G1 F900 Z0.200
G1 F1500 E41.7803
G1 F600 X97.968 Y78.232 E41.7877
G1 X97.790 Y78.113 E41.7948
G1 X97.671 Y77.935 E41.8020
G1 X97.628 Y77.715 E41.8094
G1 X97.628 Y73.385 E41.9534
G1 X97.671 Y73.165 E41.9609
G1 X97.790 Y72.987 E41.9680
G1 X97.968 Y72.868 E41.9751
G1 X98.071 Y72.836 E41.9787
G1 X98.188 Y72.825 E41.9826
G1 X102.636 Y72.836 E42.1306
G1 X102.833 Y72.918 E42.1377
G1 X102.985 Y73.070 E42.1448
G1 X103.067 Y73.268 E42.1519
G1 X103.078 Y73.385 E42.1558
G1 X103.078 Y77.715 E42.2999
G1 X103.035 Y77.935 E42.3073
G1 X102.917 Y78.113 E42.3144
G1 X102.738 Y78.232 E42.3216
G1 X102.636 Y78.264 E42.3251
G1 X102.518 Y78.275 E42.3291
G1 X98.688 Y78.275 E42.4565
G0 F600 X98.188 Y78.275
G0 F4200 X98.442 Y77.795
;TYPE:SOLID-FILL
;WIDTH:0.400
G1 F600 X98.107 Y77.460 E42.4722
G0 F4200 X98.107 Y76.894
G1 F600 X99.008 Y77.795 E42.5146
G0 F4200 X99.574 Y77.795
G1 F600 X98.107 Y76.328 E42.5836
G0 F4200 X98.107 Y75.762
G1 F600 X100.139 Y77.795 E42.6792
G0 F4200 X100.705 Y77.795
G1 F600 X98.107 Y75.197 E42.8014
G0 F4200 X98.107 Y74.631
G1 F600 X101.271 Y77.795 E42.9502
G0 F4200 X101.836 Y77.795
G1 F600 X98.107 Y74.065 E43.1256
G0 F4200 X98.107 Y73.500
G1 F600 X102.402 Y77.795 E43.3277
G0 F4200 X102.597 Y77.424
G1 F600 X98.479 Y73.306 E43.5214
G0 F4200 X99.046 Y73.307
G1 F600 X102.597 Y76.858 E43.6884
G0 F4200 X102.597 Y76.293
G1 F600 X99.613 Y73.309 E43.8288
G0 F4200 X100.180 Y73.310
G1 F600 X102.597 Y75.727 E43.9424
G0 F4200 X102.597 Y75.161
G1 F600 X100.747 Y73.311 E44.0295
G0 F4200 X101.314 Y73.312
G1 F600 X102.597 Y74.596 E44.0898
G0 F4200 X102.597 Y74.030
G1 F600 X101.881 Y73.314 E44.1235
G0 F4200 X102.448 Y73.315
G1 F600 X102.597 Y73.464 E44.1305
;LAYER:1
;Z:0.400
;HEIGHT:0.200
M106 S255
G4 P500
M106 S128
M140 S0
G1 F3000 E39.1305
G0 F900 Z0.400
G0 F4200 X98.227 Y77.875
;TYPE:WALL-INNER
;WIDTH:0.400
G1 F900 Z0.400
G1 F1500 E44.1305
G1 F1650 X98.124 Y77.855 E44.1340
G1 X98.078 Y77.825 E44.1358
G1 X98.048 Y77.779 E44.1377
G1 X98.028 Y77.676 E44.1412
G1 X98.028 Y73.424 E44.2826
G1 X98.048 Y73.321 E44.2861
G1 X98.078 Y73.275 E44.2879
G1 X98.145 Y73.231 E44.2906
G1 X98.206 Y73.225 E44.2926
G1 X102.556 Y73.236 E44.4373
G1 X102.646 Y73.297 E44.4409
G1 X102.678 Y73.404 E44.4446
G1 X102.678 Y77.676 E44.5867
G1 X102.658 Y77.780 E44.5902
G1 X102.628 Y77.825 E44.5920
G1 X102.561 Y77.869 E44.5947
G1 X102.499 Y77.875 E44.5968
G1 X98.727 Y77.875 E44.7222
G0 F1650 X98.227 Y77.875
G1 F3000 E39.7222
G0 F4200 X98.188 Y78.275
;TYPE:WALL-OUTER
;WIDTH:0.400
G1 F900 Z0.400
G1 F1500 E44.7222
G1 F1650 X97.968 Y78.232 E44.7297
G1 X97.790 Y78.113 E44.7368
G1 X97.671 Y77.935 E44.7439
G1 X97.628 Y77.715 E44.7514
G1 X97.628 Y73.385 E44.8954
G1 X97.671 Y73.165 E44.9028
G1 X97.790 Y72.987 E44.9100
G1 X97.968 Y72.868 E44.9171
G1 X98.071 Y72.836 E44.9207
G1 X98.188 Y72.825 E44.9246
G1 X102.636 Y72.836 E45.0725
G1 X102.833 Y72.918 E45.0796
G1 X102.985 Y73.070 E45.0868
G1 X103.067 Y73.268 E45.0939
G1 X103.078 Y73.385 E45.0978
G1 X103.078 Y77.715 E45.2418
G1 X103.035 Y77.935 E45.2493
G1 X102.917 Y78.113 E45.2564
G1 X102.738 Y78.232 E45.2635
G1 X102.636 Y78.264 E45.2671
G1 X102.518 Y78.275 E45.2710
G1 X98.688 Y78.275 E45.3984
G0 F1650 X98.188 Y78.275
G1 F3000 E40.3984
G0 F4200 X102.375 Y77.795
;TYPE:SOLID-FILL
;WIDTH:0.400
G1 F900 Z0.400
G1 F1500 E45.3984
G1 F1050 X102.596 Y77.573 E45.4085
G0 F4200 X102.596 Y77.008
G1 F1050 X101.809 Y77.795 E45.4444
G0 F4200 X101.244 Y77.795
G1 F1050 X102.596 Y76.442 E45.5061
G0 F4200 X102.596 Y75.876
G1 F1050 X100.678 Y77.795 E45.5937
G0 F4200 X100.112 Y77.795
G1 F1050 X102.596 Y75.311 E45.7070
G0 F4200 X102.596 Y74.745
G1 F1050 X99.547 Y77.795 E45.8461
G0 F4200 X98.981 Y77.795
G1 F1050 X102.596 Y74.179 E46.0111
G0 F4200 X102.596 Y73.614
G1 F1050 X98.415 Y77.795 E46.2019
G0 F4200 X98.107 Y77.537
G1 F1050 X102.330 Y73.314 E46.3945
G0 F4200 X101.766 Y73.313
G1 F1050 X98.107 Y76.972 E46.5615
G0 F4200 X98.107 Y76.406
G1 F1050 X101.201 Y73.312 E46.7026
G0 F4200 X100.637 Y73.310
G1 F1050 X98.107 Y75.840 E46.8181
G0 F4200 X98.107 Y75.275
G1 F1050 X100.073 Y73.309 E46.9078
G0 F4200 X99.509 Y73.307
G1 F1050 X98.107 Y74.709 E46.9717
G0 F4200 X98.107 Y74.143
G1 F1050 X98.944 Y73.306 E47.0099
G0 F4200 X98.380 Y73.305
G1 F1050 X98.107 Y73.577 E47.0224
G1 F3000 E42.0224
G1 F900 Z0.700
G0 F4200 X104.602 Y84.250
;TYPE:WALL-INNER
;WIDTH:0.400
G1 F900 Z0.400
G1 F1500 E47.0224
G1 F1650 X104.499 Y84.230 E47.0259
G1 X104.453 Y84.200 E47.0277
G1 X104.423 Y84.154 E47.0295
G1 X104.403 Y84.051 E47.0330
G1 X104.403 Y79.799 E47.1744
G1 X104.423 Y79.696 E47.1779
G1 X104.453 Y79.650 E47.1797
G1 X104.520 Y79.606 E47.1824
G1 X104.581 Y79.600 E47.1844
G1 X108.931 Y79.611 E47.3291
G1 X109.021 Y79.672 E47.3327
G1 X109.053 Y79.779 E47.3365
G1 X109.053 Y84.051 E47.4785
G1 X109.033 Y84.155 E47.4821
G1 X109.003 Y84.200 E47.4839
G1 X108.936 Y84.244 E47.4865
G1 X108.874 Y84.250 E47.4886
G1 X105.102 Y84.250 E47.6141
G0 F1650 X104.602 Y84.250
G1 F3000 E42.6141
G0 F4200 X104.563 Y84.650
;TYPE:WALL-OUTER
;WIDTH:0.400
G1 F900 Z0.400
G1 F1500 E47.6141
G1 F1650 X104.343 Y84.607 E47.6215
G1 X104.165 Y84.488 E47.6286
G1 X104.046 Y84.310 E47.6358
G1 X104.003 Y84.090 E47.6432
G1 X104.003 Y79.760 E47.7872
G1 X104.046 Y79.540 E47.7947
G1 X104.165 Y79.362 E47.8018
G1 X104.343 Y79.243 E47.8089
G1 X104.446 Y79.211 E47.8125
G1 X104.563 Y79.200 E47.8164
G1 X109.011 Y79.211 E47.9644
G1 X109.208 Y79.293 E47.9715
G1 X109.360 Y79.445 E47.9786
G1 X109.442 Y79.643 E47.9857
G1 X109.453 Y79.760 E47.9897
G1 X109.453 Y84.090 E48.1337
G1 X109.410 Y84.310 E48.1411
G1 X109.292 Y84.488 E48.1482
G1 X109.113 Y84.607 E48.1554
G1 X109.011 Y84.639 E48.1589
G1 X108.893 Y84.650 E48.1629
G1 X105.063 Y84.650 E48.2903
G0 F1650 X104.563 Y84.650
G1 F3000 E43.2903
G0 F4200 X108.446 Y84.169
;TYPE:SOLID-FILL
;WIDTH:0.400
G1 F900 Z0.400
G1 F1500 E48.2903
G1 F1050 X108.972 Y83.643 E48.3143
G0 F4200 X108.972 Y83.077
G1 F1050 X107.880 Y84.169 E48.3641
G0 F4200 X107.314 Y84.169
G1 F1050 X108.972 Y82.512 E48.4397
G0 F4200 X108.972 Y81.946
G1 F1050 X106.749 Y84.169 E48.5411
G0 F4200 X106.183 Y84.169
G1 F1050 X108.972 Y81.380 E48.6684
G0 F4200 X108.972 Y80.815
G1 F1050 X105.617 Y84.169 E48.8214
G0 F4200 X105.052 Y84.169
G1 F1050 X108.972 Y80.249 E49.0003
G0 F4200 X108.965 Y79.690
G1 F1050 X104.486 Y84.169 E49.2046
G0 F4200 X104.482 Y83.608
G1 F1050 X108.401 Y79.688 E49.3835
G0 F4200 X107.837 Y79.687
G1 F1050 X104.482 Y83.042 E49.5366
G0 F4200 X104.482 Y82.476
G1 F1050 X107.273 Y79.685 E49.6639
G0 F4200 X106.708 Y79.684
G1 F1050 X104.482 Y81.911 E49.7655
G0 F4200 X104.482 Y81.345
G1 F1050 X106.144 Y79.683 E49.8413
G0 F4200 X105.580 Y79.681
G1 F1050 X104.482 Y80.779 E49.8914
G0 F4200 X104.482 Y80.214
G1 F1050 X105.015 Y79.680 E49.9157
G1 F3000 E44.9157
G1 F900 Z0.700
G0 F4200 X104.602 Y90.625
;TYPE:WALL-INNER
;WIDTH:0.400
G1 F900 Z0.400
G1 F1500 E49.9157
G1 F1650 X104.499 Y90.605 E49.9192
G1 X104.453 Y90.575 E49.9211
G1 X104.423 Y90.529 E49.9229
G1 X104.403 Y90.426 E49.9264
G1 X104.403 Y86.174 E50.0678
G1 X104.423 Y86.071 E50.0713
G1 X104.453 Y86.025 E50.0731
G1 X104.520 Y85.981 E50.0758
G1 X104.581 Y85.975 E50.0778
G1 X108.931 Y85.986 E50.2225
G1 X109.021 Y86.047 E50.2261
G1 X109.053 Y86.154 E50.2298
G1 X109.053 Y90.426 E50.3719
G1 X109.033 Y90.530 E50.3754
G1 X109.003 Y90.575 E50.3772
G1 X108.936 Y90.619 E50.3799
G1 X108.874 Y90.625 E50.3820
G1 X105.102 Y90.625 E50.5074
G0 F1650 X104.602 Y90.625
G1 F3000 E45.5074
G0 F4200 X104.563 Y91.025
;TYPE:WALL-OUTER
;WIDTH:0.400
G1 F900 Z0.400
G1 F1500 E50.5074
G1 F1650 X104.343 Y90.982 E50.5149
G1 X104.165 Y90.863 E50.5220
G1 X104.046 Y90.685 E50.5291
G1 X104.003 Y90.465 E50.5366
G1 X104.003 Y86.135 E50.6806
G1 X104.046 Y85.915 E50.6881
G1 X104.165 Y85.737 E50.6952
G1 X104.343 Y85.618 E50.7023
G1 X104.446 Y85.586 E50.7059
G1 X104.563 Y85.575 E50.7098
G1 X109.011 Y85.586 E50.8577
G1 X109.208 Y85.668 E50.8648
G1 X109.360 Y85.820 E50.8720
G1 X109.442 Y86.018 E50.8791
G1 X109.453 Y86.135 E50.8830
G1 X109.453 Y90.465 E51.0270
G1 X109.410 Y90.685 E51.0345
G1 X109.292 Y90.863 E51.0416
G1 X109.113 Y90.982 E51.0488
G1 X109.011 Y91.014 E51.0523
G1 X108.893 Y91.025 E51.0563
G1 X105.063 Y91.025 E51.1836
G0 F1650 X104.563 Y91.025
G1 F3000 E46.1836
G0 F4200 X108.859 Y90.545
;TYPE:SOLID-FILL
;WIDTH:0.400
G1 F900 Z0.400
G1 F1500 E51.1836
G1 F1050 X108.972 Y90.431 E51.1888
G0 F4200 X108.972 Y89.866
G1 F1050 X108.293 Y90.545 E51.2198
G0 F4200 X107.727 Y90.545
G1 F1050 X108.972 Y89.300 E51.2766
G0 F4200 X108.972 Y88.734
G1 F1050 X107.162 Y90.545 E51.3592
G0 F4200 X106.596 Y90.545
G1 F1050 X108.972 Y88.169 E51.4676
G0 F4200 X108.972 Y87.603
G1 F1050 X106.030 Y90.545 E51.6018
G0 F4200 X105.464 Y90.545
G1 F1050 X108.972 Y87.037 E51.7619
G0 F4200 X108.972 Y86.472
G1 F1050 X104.899 Y90.545 E51.9477
G0 F4200 X104.482 Y90.396
G1 F1050 X108.813 Y86.065 E52.1453
G0 F4200 X108.248 Y86.064
G1 F1050 X104.482 Y89.830 E52.3172
G0 F4200 X104.482 Y89.265
G1 F1050 X107.684 Y86.062 E52.4633
G0 F4200 X107.120 Y86.061
G1 F1050 X104.482 Y88.699 E52.5836
G0 F4200 X104.482 Y88.133
G1 F1050 X106.556 Y86.059 E52.6783
G0 F4200 X105.991 Y86.058
G1 F1050 X104.482 Y87.568 E52.7471
G0 F4200 X104.482 Y87.002
G1 F1050 X105.427 Y86.057 E52.7903
G0 F4200 X104.863 Y86.055
G1 F1050 X104.482 Y86.436 E52.8076
G1 F3000 E47.8076
G1 F900 Z0.700
G0 F4200 X104.499 Y96.980
;TYPE:WALL-INNER
;WIDTH:0.400
G1 F900 Z0.400
G1 F1500 E52.8076
G1 F1650 X104.453 Y96.950 E52.8095
G1 X104.423 Y96.904 E52.8113
G1 X104.403 Y96.801 E52.8148
G1 X104.403 Y92.549 E52.9562
G1 X104.423 Y92.446 E52.9597
G1 X104.453 Y92.400 E52.9615
G1 X104.520 Y92.356 E52.9642
G1 X104.581 Y92.350 E52.9662
G1 X108.931 Y92.361 E53.1109
G1 X109.021 Y92.422 E53.1145
G1 X109.053 Y92.529 E53.1182
G1 X109.053 Y96.801 E53.2603
G1 X109.033 Y96.905 E53.2639
G1 X109.003 Y96.950 E53.2657
G1 X108.936 Y96.994 E53.2683
G1 X108.874 Y97.000 E53.2704
G1 X104.998 Y97.000 E53.3993
G0 F1650 X104.602 Y97.000
G0 F1650 X104.499 Y96.980
G1 F3000 E48.3993
G0 F4200 X104.343 Y97.357
;TYPE:WALL-OUTER
;WIDTH:0.400
G1 F900 Z0.400
G1 F1500 E53.3993
G1 F1650 X104.165 Y97.238 E53.4064
G1 X104.046 Y97.060 E53.4135
G1 X104.003 Y96.840 E53.4210
G1 X104.003 Y92.510 E53.5650
G1 X104.046 Y92.290 E53.5725
G1 X104.165 Y92.112 E53.5796
G1 X104.343 Y91.993 E53.5867
G1 X104.446 Y91.961 E53.5903
G1 X104.563 Y91.950 E53.5942
G1 X109.011 Y91.961 E53.7422
G1 X109.208 Y92.043 E53.7493
G1 X109.360 Y92.195 E53.7564
G1 X109.442 Y92.393 E53.7635
G1 X109.453 Y92.510 E53.7674
G1 X109.453 Y96.840 E53.9115
G1 X109.410 Y97.060 E53.9189
G1 X109.292 Y97.238 E53.9260
G1 X109.113 Y97.357 E53.9332
G1 X109.011 Y97.389 E53.9367
G1 X108.893 Y97.400 E53.9407
G1 X104.839 Y97.400 E54.0755
G0 F1650 X104.563 Y97.400
G0 F1650 X104.343 Y97.357
G1 F3000 E49.0755
G0 F4200 X108.706 Y96.920
;TYPE:SOLID-FILL
;WIDTH:0.400
G1 F900 Z0.400
G1 F1500 E54.0755
G1 F1050 X108.972 Y96.654 E54.0876
G0 F4200 X108.972 Y96.088
G1 F1050 X108.140 Y96.920 E54.1256
G0 F4200 X107.574 Y96.920
G1 F1050 X108.972 Y95.523 E54.1894
G0 F4200 X108.972 Y94.957
G1 F1050 X107.009 Y96.920 E54.2789
G0 F4200 X106.443 Y96.920
G1 F1050 X108.972 Y94.391 E54.3943
G0 F4200 X108.972 Y93.825
G1 F1050 X105.877 Y96.920 E54.5355
G0 F4200 X105.312 Y96.920
G1 F1050 X108.972 Y93.260 E54.7025
G0 F4200 X108.972 Y92.694
G1 F1050 X104.746 Y96.920 E54.8953
G0 F4200 X104.482 Y96.619
G1 F1050 X108.661 Y92.440 E55.0860
G0 F4200 X108.096 Y92.438
G1 F1050 X104.482 Y96.053 E55.2509
G0 F4200 X104.482 Y95.487
G1 F1050 X107.532 Y92.437 E55.3901
G0 F4200 X106.968 Y92.435
G1 F1050 X104.482 Y94.922 E55.5035
G0 F4200 X104.482 Y94.356
G1 F1050 X106.404 Y92.434 E55.5912
G0 F4200 X105.839 Y92.432
G1 F1050 X104.482 Y93.790 E55.6531
G0 F4200 X104.482 Y93.224
G1 F1050 X105.275 Y92.431 E55.6893
G0 F4200 X104.711 Y92.430
G1 F1050 X104.482 Y92.659 E55.6998
G1 F3000 E50.6998
G1 F900 Z0.700
G0 F4200 X98.227 Y103.375
;TYPE:WALL-INNER
;WIDTH:0.400
G1 F900 Z0.400
G1 F1500 E55.6998
G1 F1650 X98.124 Y103.355 E55.7033
G1 X98.078 Y103.325 E55.7051
G1 X98.048 Y103.279 E55.7069
G1 X98.028 Y103.176 E55.7104
G1 X98.028 Y98.924 E55.8518
G1 X98.048 Y98.821 E55.8553
G1 X98.078 Y98.775 E55.8571
G1 X98.145 Y98.731 E55.8598
G1 X98.206 Y98.725 E55.8619
G1 X102.556 Y98.736 E56.0065
G1 X102.646 Y98.797 E56.0102
G1 X102.678 Y98.904 E56.0139
G1 X102.678 Y103.176 E56.1560
G1 X102.658 Y103.280 E56.1595
G1 X102.628 Y103.325 E56.1613
G1 X102.561 Y103.369 E56.1639
G1 X102.499 Y103.375 E56.1660
G1 X98.727 Y103.375 E56.2915
G0 F1650 X98.227 Y103.375
G1 F3000 E51.2915
G0 F4200 X98.188 Y103.775
;TYPE:WALL-OUTER
;WIDTH:0.400
G1 F900 Z0.400
G1 F1500 E56.2915
G1 F1650 X97.968 Y103.732 E56.2989
G1 X97.790 Y103.613 E56.3060
G1 X97.671 Y103.435 E56.3132
G1 X97.628 Y103.215 E56.3206
G1 X97.628 Y98.885 E56.4646
G1 X97.671 Y98.665 E56.4721
G1 X97.790 Y98.487 E56.4792
G1 X97.968 Y98.368 E56.4863
G1 X98.071 Y98.336 E56.4899
G1 X98.188 Y98.325 E56.4938
G1 X102.636 Y98.336 E56.6418
G1 X102.833 Y98.418 E56.6489
G1 X102.985 Y98.570 E56.6560
G1 X103.067 Y98.768 E56.6632
G1 X103.078 Y98.885 E56.6671
G1 X103.078 Y103.215 E56.8111
G1 X103.035 Y103.435 E56.8185
G1 X102.917 Y103.613 E56.8256
G1 X102.738 Y103.732 E56.8328
G1 X102.636 Y103.764 E56.8363
G1 X102.518 Y103.775 E56.8403
G1 X98.688 Y103.775 E56.9677
G0 F1650 X98.188 Y103.775
G1 F3000 E51.9677
G0 F4200 X102.332 Y103.294
;TYPE:SOLID-FILL
;WIDTH:0.400
G1 F900 Z0.400
G1 F1500 E56.9677
G1 F1050 X102.597 Y103.028 E56.9798
G0 F4200 X102.597 Y102.463
G1 F1050 X101.766 Y103.294 E57.0177
G0 F4200 X101.201 Y103.294
G1 F1050 X102.597 Y101.897 E57.0814
G0 F4200 X102.597 Y101.331
G1 F1050 X100.635 Y103.294 E57.1710
G0 F4200 X100.069 Y103.294
G1 F1050 X102.597 Y100.766 E57.2863
G0 F4200 X102.597 Y100.200
G1 F1050 X99.504 Y103.294 E57.4274
G0 F4200 X98.938 Y103.294
G1 F1050 X102.597 Y99.634 E57.5944
G0 F4200 X102.597 Y99.069
G1 F1050 X98.372 Y103.294 E57.7872
G0 F4200 X98.108 Y102.992
G1 F1050 X102.286 Y98.814 E57.9778
G0 F4200 X101.722 Y98.813
G1 F1050 X98.108 Y102.427 E58.1427
G0 F4200 X98.108 Y101.861
G1 F1050 X101.157 Y98.811 E58.2818
G0 F4200 X100.593 Y98.810
G1 F1050 X98.108 Y101.295 E58.3952
G0 F4200 X98.108 Y100.730
G1 F1050 X100.029 Y98.808 E58.4829
G0 F4200 X99.465 Y98.807
G1 F1050 X98.108 Y100.164 E58.5448
G0 F4200 X98.108 Y99.598
G1 F1050 X98.900 Y98.806 E58.5809
G0 F4200 X98.337 Y98.804
G1 F1050 X98.108 Y99.033 E58.5914
G1 F3000 E53.5914
G1 F900 Z0.700
G0 F4200 X89.811 Y96.994
;TYPE:WALL-INNER
;WIDTH:0.400
G1 F900 Z0.400
G1 F1500 E58.5914
G1 F1650 X89.749 Y97.000 E58.5934
G1 X85.477 Y97.000 E58.7355
G1 X85.374 Y96.980 E58.7390
G1 X85.328 Y96.950 E58.7409
G1 X85.298 Y96.904 E58.7427
G1 X85.278 Y96.801 E58.7462
G1 X85.278 Y92.549 E58.8876
G1 X85.298 Y92.446 E58.8911
G1 X85.328 Y92.400 E58.8929
G1 X85.395 Y92.356 E58.8956
G1 X85.456 Y92.350 E58.8976
G1 X89.806 Y92.361 E59.0423
G1 X89.896 Y92.422 E59.0459
G1 X89.928 Y92.529 E59.0496
G1 X89.928 Y96.540 E59.1830
G0 F1650 X89.928 Y96.801
G0 F1650 X89.908 Y96.905
G0 F1650 X89.878 Y96.950
G0 F1650 X89.811 Y96.994
G1 F3000 E54.1830
G0 F4200 X89.886 Y97.389
;TYPE:WALL-OUTER
;WIDTH:0.400
G1 F900 Z0.400
G1 F1500 E59.1830
G1 F1650 X89.768 Y97.400 E59.1870
G1 X85.438 Y97.400 E59.3310
G1 X85.218 Y97.357 E59.3384
G1 X85.040 Y97.238 E59.3456
G1 X84.921 Y97.060 E59.3527
G1 X84.878 Y96.840 E59.3601
G1 X84.878 Y92.510 E59.5042
G1 X84.921 Y92.290 E59.5116
G1 X85.040 Y92.112 E59.5187
G1 X85.218 Y91.993 E59.5259
G1 X85.321 Y91.961 E59.5294
G1 X85.438 Y91.950 E59.5334
G1 X89.886 Y91.961 E59.6813
G1 X90.083 Y92.043 E59.6884
G1 X90.235 Y92.195 E59.6955
G1 X90.317 Y92.393 E59.7027
G1 X90.328 Y92.510 E59.7066
G1 X90.328 Y96.840 E59.8506
G1 X90.285 Y97.060 E59.8581
G1 X90.266 Y97.088 E59.8592
G0 F1650 X90.167 Y97.238
G0 F1650 X89.988 Y97.357
G0 F1650 X89.886 Y97.389
G1 F3000 E54.8592
G0 F4200 X89.473 Y96.919
;TYPE:SOLID-FILL
;WIDTH:0.400
G1 F900 Z0.400
G1 F1500 E59.8592
G1 F1050 X89.847 Y96.545 E59.8762
G0 F4200 X89.847 Y95.979
G1 F1050 X88.908 Y96.919 E59.9191
G0 F4200 X88.342 Y96.919
G1 F1050 X89.847 Y95.414 E59.9878
G0 F4200 X89.847 Y94.848
G1 F1050 X87.776 Y96.919 E60.0823
G0 F4200 X87.211 Y96.919
G1 F1050 X89.847 Y94.282 E60.2026
G0 F4200 X89.847 Y93.717
G1 F1050 X86.645 Y96.919 E60.3487
G0 F4200 X86.079 Y96.919
G1 F1050 X89.847 Y93.151 E60.5206
G0 F4200 X89.847 Y92.585
G1 F1050 X85.513 Y96.919 E60.7183
G0 F4200 X85.358 Y96.509
G1 F1050 X89.429 Y92.438 E60.9041
G0 F4200 X88.864 Y92.437
G1 F1050 X85.358 Y95.943 E61.0640
G0 F4200 X85.358 Y95.378
G1 F1050 X88.300 Y92.435 E61.1983
G0 F4200 X87.736 Y92.434
G1 F1050 X85.358 Y94.812 E61.3068
G0 F4200 X85.358 Y94.246
G1 F1050 X87.171 Y92.433 E61.3895
G0 F4200 X86.607 Y92.432
G1 F1050 X85.358 Y93.681 E61.4465
G0 F4200 X85.358 Y93.115
G1 F1050 X86.042 Y92.430 E61.4777
G0 F4200 X85.478 Y92.429
G1 F1050 X85.358 Y92.549 E61.4832
G1 F3000 E56.4832
G1 F900 Z0.700
G0 F4200 X89.811 Y90.619
;TYPE:WALL-INNER
;WIDTH:0.400
G1 F900 Z0.400
G1 F1500 E61.4832
G1 F1650 X89.749 Y90.625 E61.4853
G1 X85.477 Y90.625 E61.6273
G1 X85.374 Y90.605 E61.6308
G1 X85.328 Y90.575 E61.6327
G1 X85.298 Y90.529 E61.6345
G1 X85.278 Y90.426 E61.6380
G1 X85.278 Y86.174 E61.7794
G1 X85.298 Y86.071 E61.7829
G1 X85.328 Y86.025 E61.7847
G1 X85.395 Y85.981 E61.7874
G1 X85.456 Y85.975 E61.7894
G1 X89.806 Y85.986 E61.9341
G1 X89.896 Y86.047 E61.9377
G1 X89.928 Y86.154 E61.9414
G1 X89.928 Y90.165 E62.0748
G0 F1650 X89.928 Y90.426
G0 F1650 X89.908 Y90.530
G0 F1650 X89.878 Y90.575
G0 F1650 X89.811 Y90.619
G1 F3000 E57.0748
G0 F4200 X89.886 Y91.014
;TYPE:WALL-OUTER
;WIDTH:0.400
G1 F900 Z0.400
G1 F1500 E62.0748
G1 F1650 X89.768 Y91.025 E62.0788
G1 X85.438 Y91.025 E62.2228
G1 X85.218 Y90.982 E62.2303
G1 X85.040 Y90.863 E62.2374
G1 X84.921 Y90.685 E62.2445
G1 X84.878 Y90.465 E62.2519
G1 X84.878 Y86.135 E62.3960
G1 X84.921 Y85.915 E62.4034
G1 X85.040 Y85.737 E62.4105
G1 X85.218 Y85.618 E62.4177
G1 X85.321 Y85.586 E62.4213
G1 X85.438 Y85.575 E62.4252
G1 X89.886 Y85.586 E62.5731
G1 X90.083 Y85.668 E62.5802
G1 X90.235 Y85.820 E62.5873
G1 X90.317 Y86.018 E62.5945
G1 X90.328 Y86.135 E62.5984
G1 X90.328 Y90.465 E62.7424
G1 X90.285 Y90.685 E62.7499
G1 X90.266 Y90.713 E62.7510
G0 F1650 X90.167 Y90.863
G0 F1650 X89.988 Y90.982
G0 F1650 X89.886 Y91.014
G0 F4200 X89.626 Y90.544
;TYPE:SOLID-FILL
;WIDTH:0.400
G1 F1050 X89.847 Y90.322 E62.7611
G0 F4200 X89.847 Y89.757
G1 F1050 X89.060 Y90.544 E62.7970
G0 F4200 X88.495 Y90.544
G1 F1050 X89.847 Y89.191 E62.8587
G0 F4200 X89.847 Y88.625
G1 F1050 X87.929 Y90.544 E62.9462
G0 F4200 X87.363 Y90.544
G1 F1050 X89.847 Y88.060 E63.0596
G0 F4200 X89.847 Y87.495
G1 F1050 X86.798 Y90.544 E63.1987
G0 F4200 X86.232 Y90.544
G1 F1050 X89.847 Y86.929 E63.3636
G0 F4200 X89.847 Y86.363
G1 F1050 X85.666 Y90.544 E63.5544
G0 F4200 X85.358 Y90.286
G1 F1050 X89.580 Y86.064 E63.7470
G0 F4200 X89.016 Y86.063
G1 F1050 X85.358 Y89.721 E63.9139
G0 F4200 X85.358 Y89.155
G1 F1050 X88.451 Y86.061 E64.0551
G0 F4200 X87.887 Y86.060
G1 F1050 X85.358 Y88.589 E64.1704
G0 F4200 X85.358 Y88.024
G1 F1050 X87.323 Y86.059 E64.2601
G0 F4200 X86.759 Y86.057
G1 F1050 X85.358 Y87.458 E64.3240
G0 F4200 X85.358 Y86.892
G1 F1050 X86.195 Y86.055 E64.3622
G0 F4200 X85.631 Y86.054
G1 F1050 X85.358 Y86.327 E64.3747
G1 F3000 E59.3747
G1 F900 Z0.700
G0 F4200 X96.186 Y90.619
;TYPE:WALL-INNER
;WIDTH:0.400
G1 F900 Z0.400
G1 F1500 E64.3747
G1 F1650 X96.124 Y90.625 E64.3767
G1 X91.852 Y90.625 E64.5188
G1 X91.749 Y90.605 E64.5223
G1 X91.703 Y90.575 E64.5241
G1 X91.673 Y90.529 E64.5260
G1 X91.653 Y90.426 E64.5295
G1 X91.653 Y86.174 E64.6709
G1 X91.673 Y86.071 E64.6744
G1 X91.703 Y86.025 E64.6762
G1 X91.770 Y85.981 E64.6789
G1 X91.831 Y85.975 E64.6809
G1 X96.181 Y85.986 E64.8256
G1 X96.271 Y86.047 E64.8292
G1 X96.303 Y86.154 E64.8329
G1 X96.303 Y90.165 E64.9663
G0 F1650 X96.303 Y90.426
G0 F1650 X96.283 Y90.530
G0 F1650 X96.253 Y90.575
G0 F1650 X96.186 Y90.619
G1 F3000 E59.9663
G0 F4200 X96.261 Y91.014
;TYPE:WALL-OUTER
;WIDTH:0.400
G1 F900 Z0.400
G1 F1500 E64.9663
G1 F1650 X96.143 Y91.025 E64.9703
G1 X91.813 Y91.025 E65.1143
G1 X91.593 Y90.982 E65.1217
G1 X91.415 Y90.863 E65.1289
G1 X91.296 Y90.685 E65.1360
G1 X91.253 Y90.465 E65.1434
G1 X91.253 Y86.135 E65.2875
G1 X91.296 Y85.915 E65.2949
G1 X91.415 Y85.737 E65.3020
G1 X91.593 Y85.618 E65.3092
G1 X91.696 Y85.586 E65.3127
G1 X91.813 Y85.575 E65.3166
G1 X96.261 Y85.586 E65.4646
G1 X96.458 Y85.668 E65.4717
G1 X96.610 Y85.820 E65.4788
G1 X96.692 Y86.018 E65.4860
G1 X96.703 Y86.135 E65.4899
G1 X96.703 Y90.465 E65.6339
G1 X96.660 Y90.685 E65.6413
G1 X96.641 Y90.713 E65.6425
G0 F1650 X96.542 Y90.863
G0 F1650 X96.363 Y90.982
G0 F1650 X96.261 Y91.014
G1 F3000 E60.6425
G0 F4200 X95.848 Y90.545
;TYPE:SOLID-FILL
;WIDTH:0.400
G1 F900 Z0.400
G1 F1500 E65.6425
G1 F1050 X96.221 Y90.171 E65.6595
G0 F4200 X96.221 Y89.605
G1 F1050 X95.282 Y90.545 E65.7024
G0 F4200 X94.716 Y90.545
G1 F1050 X96.221 Y89.040 E65.7710
G0 F4200 X96.221 Y88.474
G1 F1050 X94.151 Y90.545 E65.8655
G0 F4200 X93.585 Y90.545
G1 F1050 X96.221 Y87.908 E65.9858
G0 F4200 X96.221 Y87.343
G1 F1050 X93.019 Y90.545 E66.1319
G0 F4200 X92.454 Y90.545
G1 F1050 X96.221 Y86.777 E66.3038
G0 F4200 X96.221 Y86.211
G1 F1050 X91.888 Y90.545 E66.5015
G0 F4200 X91.732 Y90.134
G1 F1050 X95.803 Y86.064 E66.6872
G0 F4200 X95.239 Y86.062
G1 F1050 X91.732 Y89.569 E66.8472
G0 F4200 X91.732 Y89.003
G1 F1050 X94.674 Y86.061 E66.9815
G0 F4200 X94.110 Y86.060
G1 F1050 X91.732 Y88.437 E67.0899
G0 F4200 X91.732 Y87.872
G1 F1050 X93.545 Y86.059 E67.1727
G0 F4200 X92.981 Y86.057
G1 F1050 X91.732 Y87.306 E67.2297
G0 F4200 X91.732 Y86.740
G1 F1050 X92.416 Y86.057 E67.2608
G0 F4200 X91.852 Y86.055
G1 F1050 X91.732 Y86.175 E67.2663
G1 F3000 E62.2663
G1 F900 Z0.700
G0 F4200 X89.811 Y84.244
;TYPE:WALL-INNER
;WIDTH:0.400
G1 F900 Z0.400
G1 F1500 E67.2663
G1 F1650 X89.749 Y84.250 E67.2684
G1 X85.477 Y84.250 E67.4105
G1 X85.374 Y84.230 E67.4140
G1 X85.328 Y84.200 E67.4158
G1 X85.298 Y84.154 E67.4176
G1 X85.278 Y84.051 E67.4211
G1 X85.278 Y79.799 E67.5625
G1 X85.298 Y79.696 E67.5660
G1 X85.328 Y79.650 E67.5678
G1 X85.395 Y79.606 E67.5705
G1 X85.456 Y79.600 E67.5725
G1 X89.806 Y79.611 E67.7172
G1 X89.896 Y79.672 E67.7208
G1 X89.928 Y79.779 E67.7246
G1 X89.928 Y83.790 E67.8580
G0 F1650 X89.928 Y84.051
G0 F1650 X89.908 Y84.155
G0 F1650 X89.878 Y84.200
G0 F1650 X89.811 Y84.244
G1 F3000 E62.8580
G0 F4200 X89.886 Y84.639
;TYPE:WALL-OUTER
;WIDTH:0.400
G1 F900 Z0.400
G1 F1500 E67.8580
G1 F1650 X89.768 Y84.650 E67.8619
G1 X85.438 Y84.650 E68.0059
G1 X85.218 Y84.607 E68.0134
G1 X85.040 Y84.488 E68.0205
G1 X84.921 Y84.310 E68.0276
G1 X84.878 Y84.090 E68.0351
G1 X84.878 Y79.760 E68.1791
G1 X84.921 Y79.540 E68.1866
G1 X85.040 Y79.362 E68.1937
G1 X85.218 Y79.243 E68.2008
G1 X85.321 Y79.211 E68.2044
G1 X85.438 Y79.200 E68.2083
G1 X89.886 Y79.211 E68.3562
G1 X90.083 Y79.293 E68.3633
G1 X90.235 Y79.445 E68.3705
G1 X90.317 Y79.643 E68.3776
G1 X90.328 Y79.760 E68.3815
G1 X90.328 Y84.090 E68.5255
G1 X90.285 Y84.310 E68.5330
G1 X90.266 Y84.338 E68.5341
G0 F1650 X90.167 Y84.488
G0 F1650 X89.988 Y84.607
G0 F1650 X89.886 Y84.639
G0 F4200 X89.777 Y84.170
;TYPE:SOLID-FILL
;WIDTH:0.400
G1 F1050 X89.847 Y84.101 E68.5373
G0 F4200 X89.847 Y83.535
G1 F1050 X89.212 Y84.170 E68.5663
G0 F4200 X88.646 Y84.170
G1 F1050 X89.847 Y82.969 E68.6211
G0 F4200 X89.847 Y82.404
G1 F1050 X88.080 Y84.170 E68.7017
G0 F4200 X87.515 Y84.170
G1 F1050 X89.847 Y81.838 E68.8081
G0 F4200 X89.847 Y81.272
G1 F1050 X86.949 Y84.170 E68.9403
G0 F4200 X86.383 Y84.170
G1 F1050 X89.847 Y80.707 E69.0983
G0 F4200 X89.847 Y80.141
G1 F1050 X85.818 Y84.170 E69.2821
G0 F4200 X85.357 Y84.065
G1 F1050 X89.732 Y79.690 E69.4817
G0 F4200 X89.168 Y79.688
G1 F1050 X85.357 Y83.499 E69.6556
G0 F4200 X85.357 Y82.933
G1 F1050 X88.604 Y79.687 E69.8037
G0 F4200 X88.039 Y79.685
G1 F1050 X85.357 Y82.368 E69.9261
G0 F4200 X85.357 Y81.802
G1 F1050 X87.474 Y79.685 E70.0227
G0 F4200 X86.910 Y79.683
G1 F1050 X85.357 Y81.236 E70.0936
G0 F4200 X85.357 Y80.670
G1 F1050 X86.346 Y79.682 E70.1387
G0 F4200 X85.781 Y79.681
G1 F1050 X85.357 Y80.105 E70.1580
G1 F3000 E65.1580
G1 F900 Z0.700
G0 F4200 X83.436 Y90.619
;TYPE:WALL-INNER
;WIDTH:0.400
G1 F900 Z0.400
G1 F1500 E70.1580
G1 F1650 X83.374 Y90.625 E70.1601
G1 X79.102 Y90.625 E70.3022
G1 X78.999 Y90.605 E70.3057
G1 X78.953 Y90.575 E70.3075
G1 X78.923 Y90.529 E70.3093
G1 X78.903 Y90.426 E70.3128
G1 X78.903 Y86.174 E70.4542
G1 X78.923 Y86.071 E70.4577
G1 X78.953 Y86.025 E70.4596
G1 X79.020 Y85.981 E70.4622
G1 X79.081 Y85.975 E70.4643
G1 X83.431 Y85.986 E70.6089
G1 X83.521 Y86.047 E70.6126
G1 X83.553 Y86.154 E70.6163
G1 X83.553 Y90.165 E70.7497
G0 F1650 X83.553 Y90.426
G0 F1650 X83.533 Y90.530
G0 F1650 X83.503 Y90.575
G0 F1650 X83.436 Y90.619
G1 F3000 E65.7497
G0 F4200 X83.511 Y91.014
;TYPE:WALL-OUTER
;WIDTH:0.400
G1 F900 Z0.400
G1 F1500 E70.7497
G1 F1650 X83.393 Y91.025 E70.7536
G1 X79.063 Y91.025 E70.8976
G1 X78.843 Y90.982 E70.9051
G1 X78.665 Y90.863 E70.9122
G1 X78.546 Y90.685 E70.9193
G1 X78.503 Y90.465 E70.9268
G1 X78.503 Y86.135 E71.0708
G1 X78.546 Y85.915 E71.0783
G1 X78.665 Y85.737 E71.0854
G1 X78.843 Y85.618 E71.0925
G1 X78.946 Y85.586 E71.0961
G1 X79.063 Y85.575 E71.1000
G1 X83.511 Y85.586 E71.2479
G1 X83.708 Y85.668 E71.2550
G1 X83.860 Y85.820 E71.2622
G1 X83.942 Y86.018 E71.2693
G1 X83.953 Y86.135 E71.2732
G1 X83.953 Y90.465 E71.4172
G1 X83.910 Y90.685 E71.4247
G1 X83.891 Y90.713 E71.4258
G0 F1650 X83.792 Y90.863
G0 F1650 X83.613 Y90.982
G0 F1650 X83.511 Y91.014
G0 F4200 X83.403 Y90.544
;TYPE:SOLID-FILL
;WIDTH:0.400
G1 F1050 X83.473 Y90.475 E71.4290
G0 F4200 X83.473 Y89.909
G1 F1050 X82.838 Y90.544 E71.4580
G0 F4200 X82.272 Y90.544
G1 F1050 X83.473 Y89.343 E71.5128
G0 F4200 X83.473 Y88.777
G1 F1050 X81.706 Y90.544 E71.5934
G0 F4200 X81.141 Y90.544
G1 F1050 X83.473 Y88.212 E71.6998
G0 F4200 X83.473 Y87.646
G1 F1050 X80.575 Y90.544 E71.8320
G0 F4200 X80.009 Y90.544
G1 F1050 X83.473 Y87.080 E71.9901
G0 F4200 X83.473 Y86.515
G1 F1050 X79.444 Y90.544 E72.1739
G0 F4200 X78.983 Y90.439
G1 F1050 X83.357 Y86.064 E72.3735
G0 F4200 X82.793 Y86.063
G1 F1050 X78.983 Y89.873 E72.5473
G0 F4200 X78.983 Y89.308
G1 F1050 X82.229 Y86.061 E72.6954
G0 F4200 X81.665 Y86.060
G1 F1050 X78.983 Y88.742 E72.8178
G0 F4200 X78.983 Y88.176
G1 F1050 X81.100 Y86.059 E72.9144
G0 F4200 X80.536 Y86.057
G1 F1050 X78.983 Y87.611 E72.9853
G0 F4200 X78.983 Y87.045
G1 F1050 X79.972 Y86.056 E73.0304
G0 F4200 X79.408 Y86.054
G1 F1050 X78.983 Y86.479 E73.0498
G1 F3000 E68.0498
G1 F900 Z0.700
G0 F4200 X70.753 Y90.575
;TYPE:WALL-INNER
;WIDTH:0.400
G1 F900 Z0.400
G1 F1500 E73.0498
G1 F1650 X70.686 Y90.619 E73.0525
G1 X70.624 Y90.625 E73.0545
G1 X66.352 Y90.625 E73.1966
G1 X66.249 Y90.605 E73.2001
G1 X66.203 Y90.575 E73.2019
G1 X66.173 Y90.529 E73.2038
G1 X66.153 Y90.426 E73.2072
G1 X66.153 Y86.174 E73.3487
G1 X66.173 Y86.071 E73.3522
G1 X66.203 Y86.025 E73.3540
G1 X66.270 Y85.981 E73.3567
G1 X66.331 Y85.975 E73.3587
G1 X70.681 Y85.986 E73.5034
G1 X70.771 Y86.047 E73.5070
G1 X70.803 Y86.154 E73.5107
G1 X70.803 Y90.085 E73.6414
G0 F1650 X70.803 Y90.426
G0 F1650 X70.783 Y90.530
G0 F1650 X70.753 Y90.575
G1 F3000 E68.6414
G0 F4200 X71.042 Y90.863
;TYPE:WALL-OUTER
;WIDTH:0.400
G1 F900 Z0.400
G1 F1500 E73.6414
G1 F1650 X70.863 Y90.982 E73.6486
G1 X70.761 Y91.014 E73.6522
G1 X70.643 Y91.025 E73.6561
G1 X66.313 Y91.025 E73.8001
G1 X66.093 Y90.982 E73.8076
G1 X65.915 Y90.863 E73.8147
G1 X65.796 Y90.685 E73.8218
G1 X65.753 Y90.465 E73.8293
G1 X65.753 Y86.135 E73.9733
G1 X65.796 Y85.915 E73.9807
G1 X65.915 Y85.737 E73.9879
G1 X66.093 Y85.618 E73.9950
G1 X66.196 Y85.586 E73.9986
G1 X66.313 Y85.575 E74.0025
G1 X70.761 Y85.586 E74.1504
G1 X70.958 Y85.668 E74.1575
G1 X71.110 Y85.820 E74.1647
G1 X71.192 Y86.018 E74.1718
G1 X71.203 Y86.135 E74.1757
G1 X71.203 Y90.402 E74.3176
G0 F1650 X71.203 Y90.465
G0 F1650 X71.160 Y90.685
G0 F1650 X71.042 Y90.863
G1 F3000 E69.3176
G0 F4200 X70.393 Y90.544
;TYPE:SOLID-FILL
;WIDTH:0.400
G1 F900 Z0.400
G1 F1500 E74.3176
G1 F1050 X70.722 Y90.214 E74.3327
G0 F4200 X70.722 Y89.649
G1 F1050 X69.827 Y90.544 E74.3735
G0 F4200 X69.261 Y90.544
G1 F1050 X70.722 Y89.083 E74.4402
G0 F4200 X70.722 Y88.517
G1 F1050 X68.696 Y90.544 E74.5326
G0 F4200 X68.130 Y90.544
G1 F1050 X70.722 Y87.952 E74.6509
G0 F4200 X70.722 Y87.386
G1 F1050 X67.564 Y90.544 E74.7950
G0 F4200 X66.999 Y90.544
G1 F1050 X70.722 Y86.820 E74.9648
G0 F4200 X70.722 Y86.255
G1 F1050 X66.433 Y90.544 E75.1605
G0 F4200 X66.232 Y90.179
G1 F1050 X70.347 Y86.064 E75.3483
G0 F4200 X69.783 Y86.062
G1 F1050 X66.232 Y89.613 E75.5103
G0 F4200 X66.232 Y89.048
G1 F1050 X69.219 Y86.061 E75.6466
G0 F4200 X68.655 Y86.059
G1 F1050 X66.232 Y88.482 E75.7571
G0 F4200 X66.232 Y87.916
G1 F1050 X68.090 Y86.058 E75.8419
G0 F4200 X67.526 Y86.057
G1 F1050 X66.232 Y87.351 E75.9010
G0 F4200 X66.232 Y86.785
G1 F1050 X66.962 Y86.055 E75.9343
G0 F4200 X66.398 Y86.054
G1 F1050 X66.232 Y86.219 E75.9418
G1 F3000 E70.9418
G1 F900 Z0.700
G0 F4200 X70.753 Y96.950
;TYPE:WALL-INNER
;WIDTH:0.400
G1 F900 Z0.400
G1 F1500 E75.9418
G1 F1650 X70.686 Y96.994 E75.9445
G1 X70.624 Y97.000 E75.9465
G1 X66.352 Y97.000 E76.0886
G1 X66.249 Y96.980 E76.0921
G1 X66.203 Y96.950 E76.0940
G1 X66.173 Y96.904 E76.0958
G1 X66.153 Y96.801 E76.0993
G1 X66.153 Y92.549 E76.2407
G1 X66.173 Y92.446 E76.2442
G1 X66.203 Y92.400 E76.2460
G1 X66.270 Y92.356 E76.2487
G1 X66.331 Y92.350 E76.2507
G1 X70.681 Y92.361 E76.3954
G1 X70.771 Y92.422 E76.3990
G1 X70.803 Y92.529 E76.4027
G1 X70.803 Y96.460 E76.5335
G0 F1650 X70.803 Y96.801
G0 F1650 X70.783 Y96.905
G0 F1650 X70.753 Y96.950
G1 F3000 E71.5335
G0 F4200 X71.042 Y97.238
;TYPE:WALL-OUTER
;WIDTH:0.400
G1 F900 Z0.400
G1 F1500 E76.5335
G1 F1650 X70.863 Y97.357 E76.5406
G1 X70.761 Y97.389 E76.5442
G1 X70.643 Y97.400 E76.5481
G1 X66.313 Y97.400 E76.6921
G1 X66.093 Y97.357 E76.6996
G1 X65.915 Y97.238 E76.7067
G1 X65.796 Y97.060 E76.7138
G1 X65.753 Y96.840 E76.7213
G1 X65.753 Y92.510 E76.8653
G1 X65.796 Y92.290 E76.8728
G1 X65.915 Y92.112 E76.8799
G1 X66.093 Y91.993 E76.8870
G1 X66.196 Y91.961 E76.8906
G1 X66.313 Y91.950 E76.8945
G1 X70.761 Y91.961 E77.0424
G1 X70.958 Y92.043 E77.0495
G1 X71.110 Y92.195 E77.0567
G1 X71.192 Y92.393 E77.0638
G1 X71.203 Y92.510 E77.0677
G1 X71.203 Y96.777 E77.2096
G0 F1650 X71.203 Y96.840
G0 F1650 X71.160 Y97.060
G0 F1650 X71.042 Y97.238
G1 F3000 E72.2096
G0 F4200 X70.722 Y96.437
;TYPE:SOLID-FILL
;WIDTH:0.400
G1 F900 Z0.400
G1 F1500 E77.2096
G1 F1050 X70.240 Y96.919 E77.2316
G0 F4200 X69.674 Y96.919
G1 F1050 X70.722 Y95.871 E77.2795
G0 F4200 X70.722 Y95.305
G1 F1050 X69.109 Y96.919 E77.3531
G0 F4200 X68.543 Y96.919
G1 F1050 X70.722 Y94.740 E77.4525
G0 F4200 X70.722 Y94.174
G1 F1050 X67.977 Y96.919 E77.5777
G0 F4200 X67.412 Y96.919
G1 F1050 X70.722 Y93.608 E77.7288
G0 F4200 X70.722 Y93.043
G1 F1050 X66.846 Y96.919 E77.9056
G0 F4200 X66.280 Y96.919
G1 F1050 X70.722 Y92.477 E78.1083
G0 F4200 X70.195 Y92.438
G1 F1050 X66.233 Y96.401 E78.2891
G0 F4200 X66.233 Y95.835
G1 F1050 X69.631 Y92.437 E78.4441
G0 F4200 X69.067 Y92.435
G1 F1050 X66.233 Y95.269 E78.5734
G0 F4200 X66.233 Y94.704
G1 F1050 X68.503 Y92.434 E78.6770
G0 F4200 X67.938 Y92.432
G1 F1050 X66.233 Y94.138 E78.7548
G0 F4200 X66.233 Y93.572
G1 F1050 X67.374 Y92.431 E78.8069
G0 F4200 X66.810 Y92.430
G1 F1050 X66.233 Y93.007 E78.8332
G1 F3000 E73.8332
G1 F900 Z0.700
G0 F4200 X77.128 Y103.325
;TYPE:WALL-INNER
;WIDTH:0.400
G1 F900 Z0.400
G1 F1500 E78.8332
G1 F1650 X77.061 Y103.369 E78.8359
G1 X76.999 Y103.375 E78.8379
G1 X72.727 Y103.375 E78.9800
G1 X72.624 Y103.355 E78.9835
G1 X72.578 Y103.325 E78.9853
G1 X72.548 Y103.279 E78.9872
G1 X72.528 Y103.176 E78.9907
G1 X72.528 Y98.924 E79.1321
G1 X72.548 Y98.821 E79.1356
G1 X72.578 Y98.775 E79.1374
G1 X72.645 Y98.731 E79.1401
G1 X72.706 Y98.725 E79.1421
G1 X77.056 Y98.736 E79.2868
G1 X77.146 Y98.797 E79.2904
G1 X77.178 Y98.904 E79.2941
G1 X77.178 Y102.835 E79.4249
G0 F1650 X77.178 Y103.176
G0 F1650 X77.158 Y103.280
G0 F1650 X77.128 Y103.325
G1 F3000 E74.4249
G0 F4200 X77.417 Y103.613
;TYPE:WALL-OUTER
;WIDTH:0.400
G1 F900 Z0.400
G1 F1500 E79.4249
G1 F1650 X77.238 Y103.732 E79.4320
G1 X77.136 Y103.764 E79.4356
G1 X77.018 Y103.775 E79.4395
G1 X72.688 Y103.775 E79.5835
G1 X72.468 Y103.732 E79.5910
G1 X72.290 Y103.613 E79.5981
G1 X72.171 Y103.435 E79.6052
G1 X72.128 Y103.215 E79.6127
G1 X72.128 Y98.885 E79.7567
G1 X72.171 Y98.665 E79.7641
G1 X72.290 Y98.487 E79.7713
G1 X72.468 Y98.368 E79.7784
G1 X72.571 Y98.336 E79.7820
G1 X72.688 Y98.325 E79.7859
G1 X77.136 Y98.336 E79.9338
G1 X77.333 Y98.418 E79.9409
G1 X77.485 Y98.570 E79.9481
G1 X77.567 Y98.768 E79.9552
G1 X77.578 Y98.885 E79.9591
G1 X77.578 Y103.152 E80.1010
G0 F1650 X77.578 Y103.215
G0 F1650 X77.535 Y103.435
G0 F1650 X77.417 Y103.613
G1 F3000 E75.1010
G0 F4200 X77.097 Y103.072
;TYPE:SOLID-FILL
;WIDTH:0.400
G1 F900 Z0.400
G1 F1500 E80.1010
G1 F1050 X76.875 Y103.294 E80.1112
G0 F4200 X76.310 Y103.294
G1 F1050 X77.097 Y102.507 E80.1471
G0 F4200 X77.097 Y101.941
G1 F1050 X75.744 Y103.294 E80.2088
G0 F4200 X75.178 Y103.294
G1 F1050 X77.097 Y101.375 E80.2964
G0 F4200 X77.097 Y100.810
G1 F1050 X74.613 Y103.294 E80.4097
G0 F4200 X74.047 Y103.294
G1 F1050 X77.097 Y100.244 E80.5488
G0 F4200 X77.097 Y99.678
G1 F1050 X73.481 Y103.294 E80.7138
G0 F4200 X72.916 Y103.294
G1 F1050 X77.097 Y99.113 E80.9046
G0 F4200 X76.831 Y98.813
G1 F1050 X72.608 Y103.036 E81.0973
G0 F4200 X72.608 Y102.471
G1 F1050 X76.267 Y98.812 E81.2642
G0 F4200 X75.702 Y98.811
G1 F1050 X72.608 Y101.905 E81.4054
G0 F4200 X72.608 Y101.339
G1 F1050 X75.138 Y98.809 E81.5208
G0 F4200 X74.573 Y98.808
G1 F1050 X72.608 Y100.774 E81.6105
G0 F4200 X72.608 Y100.208
G1 F1050 X74.009 Y98.807 E81.6744
G0 F4200 X73.445 Y98.806
G1 F1050 X72.608 Y99.642 E81.7126
G0 F4200 X72.608 Y99.076
G1 F1050 X72.880 Y98.804 E81.7250
G1 F3000 E76.7250
G1 F900 Z0.700
G0 F4200 X70.753 Y84.200
;TYPE:WALL-INNER
;WIDTH:0.400
G1 F900 Z0.400
G1 F1500 E81.7250
G1 F1650 X70.686 Y84.244 E81.7277
G1 X70.624 Y84.250 E81.7297
G1 X66.352 Y84.250 E81.8718
G1 X66.249 Y84.230 E81.8753
G1 X66.203 Y84.200 E81.8771
G1 X66.173 Y84.154 E81.8790
G1 X66.153 Y84.051 E81.8824
G1 X66.153 Y79.799 E82.0239
G1 X66.173 Y79.696 E82.0274
G1 X66.203 Y79.650 E82.0292
G1 X66.270 Y79.606 E82.0318
G1 X66.331 Y79.600 E82.0339
G1 X70.681 Y79.611 E82.1786
G1 X70.771 Y79.672 E82.1822
G1 X70.803 Y79.779 E82.1859
G1 X70.803 Y83.710 E82.3166
G0 F1650 X70.803 Y84.051
G0 F1650 X70.783 Y84.155
G0 F1650 X70.753 Y84.200
G1 F3000 E77.3166
G0 F4200 X71.042 Y84.488
;TYPE:WALL-OUTER
;WIDTH:0.400
G1 F900 Z0.400
G1 F1500 E82.3166
G1 F1650 X70.863 Y84.607 E82.3238
G1 X70.761 Y84.639 E82.3274
G1 X70.643 Y84.650 E82.3313
G1 X66.313 Y84.650 E82.4753
G1 X66.093 Y84.607 E82.4828
G1 X65.915 Y84.488 E82.4899
G1 X65.796 Y84.310 E82.4970
G1 X65.753 Y84.090 E82.5045
G1 X65.753 Y79.760 E82.6485
G1 X65.796 Y79.540 E82.6559
G1 X65.915 Y79.362 E82.6631
G1 X66.093 Y79.243 E82.6702
G1 X66.196 Y79.211 E82.6738
G1 X66.313 Y79.200 E82.6777
G1 X70.761 Y79.211 E82.8256
G1 X70.958 Y79.293 E82.8327
G1 X71.110 Y79.445 E82.8399
G1 X71.192 Y79.643 E82.8470
G1 X71.203 Y79.760 E82.8509
G1 X71.203 Y84.027 E82.9928
G0 F1650 X71.203 Y84.090
G0 F1650 X71.160 Y84.310
G0 F1650 X71.042 Y84.488
G0 F4200 X70.722 Y83.992
;TYPE:SOLID-FILL
;WIDTH:0.400
G1 F1050 X70.545 Y84.169 E83.0009
G0 F4200 X69.980 Y84.169
G1 F1050 X70.722 Y83.426 E83.0348
G0 F4200 X70.722 Y82.860
G1 F1050 X69.414 Y84.169 E83.0945
G0 F4200 X68.848 Y84.169
G1 F1050 X70.722 Y82.295 E83.1800
G0 F4200 X70.722 Y81.729
G1 F1050 X68.283 Y84.169 E83.2913
G0 F4200 X67.717 Y84.169
G1 F1050 X70.722 Y81.163 E83.4284
G0 F4200 X70.722 Y80.598
G1 F1050 X67.151 Y84.169 E83.5913
G0 F4200 X66.586 Y84.169
G1 F1050 X70.722 Y80.032 E83.7801
G0 F4200 X70.499 Y79.689
G1 F1050 X66.233 Y83.956 E83.9747
G0 F4200 X66.233 Y83.390
G1 F1050 X69.935 Y79.688 E84.1436
G0 F4200 X69.371 Y79.686
G1 F1050 X66.233 Y82.824 E84.2868
G0 F4200 X66.233 Y82.259
G1 F1050 X68.807 Y79.685 E84.4043
G0 F4200 X68.242 Y79.683
G1 F1050 X66.233 Y81.693 E84.4959
G0 F4200 X66.233 Y81.127
G1 F1050 X67.678 Y79.682 E84.5619
G0 F4200 X67.114 Y79.681
G1 F1050 X66.233 Y80.562 E84.6021
G0 F4200 X66.233 Y79.996
G1 F1050 X66.549 Y79.680 E84.6165
G1 F3000 E79.6165
G1 F900 Z0.700
G0 F4200 X77.061 Y77.869
;TYPE:WALL-INNER
;WIDTH:0.400
G1 F900 Z0.400
G1 F1500 E84.6165
G1 F1650 X76.999 Y77.875 E84.6186
G1 X72.727 Y77.875 E84.7606
G1 X72.624 Y77.855 E84.7641
G1 X72.578 Y77.825 E84.7660
G1 X72.548 Y77.779 E84.7678
G1 X72.528 Y77.676 E84.7713
G1 X72.528 Y73.424 E84.9127
G1 X72.548 Y73.321 E84.9162
G1 X72.578 Y73.275 E84.9180
G1 X72.645 Y73.231 E84.9207
G1 X72.706 Y73.225 E84.9227
G1 X77.056 Y73.236 E85.0674
G1 X77.146 Y73.297 E85.0710
G1 X77.178 Y73.404 E85.0747
G1 X77.178 Y77.415 E85.2081
G0 F1650 X77.178 Y77.676
G0 F1650 X77.158 Y77.780
G0 F1650 X77.128 Y77.825
G0 F1650 X77.061 Y77.869
G1 F3000 E80.2081
G0 F4200 X77.136 Y78.264
;TYPE:WALL-OUTER
;WIDTH:0.400
G1 F900 Z0.400
G1 F1500 E85.2081
G1 F1650 X77.018 Y78.275 E85.2121
G1 X72.688 Y78.275 E85.3561
G1 X72.468 Y78.232 E85.3636
G1 X72.290 Y78.113 E85.3707
G1 X72.171 Y77.935 E85.3778
G1 X72.128 Y77.715 E85.3853
G1 X72.128 Y73.385 E85.5293
G1 X72.171 Y73.165 E85.5367
G1 X72.290 Y72.987 E85.5438
G1 X72.468 Y72.868 E85.5510
G1 X72.571 Y72.836 E85.5546
G1 X72.688 Y72.825 E85.5585
G1 X77.136 Y72.836 E85.7064
G1 X77.333 Y72.918 E85.7135
G1 X77.485 Y73.070 E85.7206
G1 X77.567 Y73.268 E85.7278
G1 X77.578 Y73.385 E85.7317
G1 X77.578 Y77.715 E85.8757
G1 X77.535 Y77.935 E85.8832
G1 X77.516 Y77.963 E85.8843
G0 F1650 X77.417 Y78.113
G0 F1650 X77.238 Y78.232
G0 F1650 X77.136 Y78.264
G0 F4200 X76.921 Y77.793
;TYPE:SOLID-FILL
;WIDTH:0.400
G1 F1050 X77.097 Y77.617 E85.8923
G0 F4200 X77.097 Y77.052
G1 F1050 X76.355 Y77.793 E85.9261
G0 F4200 X75.789 Y77.793
G1 F1050 X77.097 Y76.486 E85.9858
G0 F4200 X77.097 Y75.920
G1 F1050 X75.224 Y77.793 E86.0713
G0 F4200 X74.658 Y77.793
G1 F1050 X77.097 Y75.354 E86.1825
G0 F4200 X77.097 Y74.789
G1 F1050 X74.092 Y77.793 E86.3196
G0 F4200 X73.527 Y77.793
G1 F1050 X77.097 Y74.223 E86.4825
G0 F4200 X77.097 Y73.657
G1 F1050 X72.961 Y77.793 E86.6712
G0 F4200 X72.608 Y77.580
G1 F1050 X76.874 Y73.314 E86.8659
G0 F4200 X76.310 Y73.313
G1 F1050 X72.608 Y77.015 E87.0348
G0 F4200 X72.608 Y76.449
G1 F1050 X75.745 Y73.312 E87.1779
G0 F4200 X75.181 Y73.310
G1 F1050 X72.608 Y75.883 E87.2953
G0 F4200 X72.608 Y75.318
G1 F1050 X74.617 Y73.309 E87.3869
G0 F4200 X74.053 Y73.307
G1 F1050 X72.608 Y74.752 E87.4529
G0 F4200 X72.608 Y74.186
G1 F1050 X73.488 Y73.306 E87.4930
G0 F4200 X72.924 Y73.305
G1 F1050 X72.608 Y73.621 E87.5074
M106 S0
G1 F3000 E82.5074
G0 F900 Z5.400
G0 F4200 X72.608 Y73.621
M221 T0 S100
G92 E0
M1002
M104 T0 S0
G91 ;Relative positioning
G1 E-2 F2700 ;Retract a bit
G1 E-2 Z0.2 F2400 ;Retract and raise Z
G1 X5 Y5 F3000 ;Wipe out
G1 Z50 ;Raise Z more
G90 ;Absolute positionning
G1 X0 Y220 ;Present print
M106 S0 ;Turn-off fan
M104 S0 ;Turn-off hotend
M140 S0 ;Turn-off bed
M84 X Y E ;Disable all steppers but Z
;Data start:58836:983581cf3284dd3b3ee76becd6f749dd
;SURFQSAtIFBSSU5UREFUQUlZDHzi6E17riyBkcQfrmf3E1k3RJZ8P9UJ6NVJSnsUb0dAPfSj9H0j6h8
;ermQEiM3TPEVt3BVQL1eKujk+FHkNRiw9gaORfaq5HwWuBWeKy9w8W2naHUsoZ4aKLyUPYGIqc0700f
;ccQJwfH64FZ+uov9B3DLt8P0Fpi7YoJh5mbDNFUu/8+BNFkHNyrgRn66i/WTeF6HwnQQjotC4pHnhoN
;U1J6Mz/IkqXbHvaWg6FxtorNw2ofD9BCOhcDUpjFA1HTV7ixv0YUZhrd8FrOILGzDxDU8cJSyR66NRN
;SnsUDUelfYGxkX0jmHx9y2kCmcnLMFhi9wxNKGac1UxKexQNRyy0waOBfSP5fn3NYAuO2t4tXmPGI0s
;ueOjUTUp7FA1HpX2Bu5F9I5h8fctpApnJyzBYYvcIUDFXm6A/LBp3aEctPYGjkX0jcF8evQVn68ncOl
;JgzQ5eNWGHuxI+CXV7IkA9gKORfSP5b4nuBU7rqL84QWPBGGA1eomjKCYkfGIrSU7e0/AJS6Zyf9ZaC
;47G2C1fU84dXDVnmtVMSnsUDUcsVMGjuH0j+X5owWwDtNzNOEFpxCNXLmSNphI6GmBlGEFc+fz/EnyL
;emrcZASfwdA3Nw2ofD9BCOjVTUpoFA1HTUXo0M4eTJRve8B2Bp/B0DdodKh9P0EI6NVNEzsUHkcsPeD
;b+A58mnBz3mAJmMnLMFhi9wU/QAjo1U1Ke01NRz49gaPzEleNcHPxaQaSzc0GRHzNGVtBCejVTUp7FC
;kHLC2Bo5EfTI1rccNaE4PB3DJZadsPP0CScUzU0+LdMkcyPYGj8w9KnXh3wGI4jtDLK0J/wRNRHn+Bs
;TkiJGZsM0VSgaKRfSP5H57PRWf5qL9ZVX7BGFgoZo+KKysVS343SVjlo5B9I/kfHq5cJ+u8v1k3btoV
;WyZhhrISLBJsaCNzXO/E/Rgj+B8ergVnC8j/WS4MqHxdM2GMsiQkHEtrK0Nc9cb1IkKLen/xaA6FqL5
;ZNwyofD91SOjETUp7dn8uSFrozfYiRZVwadxkE46ovlk3DKh8PxhI6M1NSnt2fy5IWujN9iJQkXpywn
;Y4jcTQLkVt3Bk/QAjo1U1Ke01NRzk9gaPzD0qdeHfAYjiYwNo1W3/3D08kbYzVTEp7FA1HLAPBo599I
;/l9bMdhAILG2AZEfM0ZW0EJ6NVNSnsUKQcsHIGjkR9RkHt5x2sAtNvKKUdj2ghaJVeJpygrJGZsM0VS
;3s7wBSP4Hx6uBWfr4f9ZOAyofF0zYYWKISMVcVIkQ0jv15F8I/kfHq4Fc6uorVk3DMsTXjJ8gbsqFR9
;9fjNNU+LGoH0i+R8ergVnC5e/SzcMqB9QIHucvCMtJHBkNFhc78D0TyP4Hx6uBWfrSIBZJgyofFwuZ4
;SKICMVS2siSVnzwuUYI/gfHq4FZ+uM/1kkDKh8XC5nhIogIxVLYSZVWPP85RROnB8frgVn66i/TXcMt
;Xw/QWyNuz4vJGd4N1xS89fOFE2fdnLCWgie3NMwWWnbfD5BCOjVTUp7FA1aLD2Bx/QTUJxAbdt1F4Ta
;ywZeYsYZTR5tkKUsJAh9YiksPBs6COS6YPYhrh5n66jbPFl/zSNMNHiYuj8+JHhsPklP8vzzEleNcHO
;uBGfrqL9ZNwyofCxBCOixKCQIcVI0WU3xzOMJfIpve8thZ+qov1k3DKhCf0ER6NVNLhJ5aClfVO7Nzg
;Vapnxxw3UChdveLV5jxnw+QQjo1U1KexQNWSw9gcf4EEaXbHfBaziT0eA6WGHYGVEyaZy8IiQkfGIrS
;T2Ao5F9I/kfHq4FaOuovzxPeNoJWyR6t7QgJQ56eUctPYGjkX0jCSAevAVn683HLUV5zBlNHmeOsz4v
;D0t1diw8gaORfSP5Jl6uF2frqNohQ37dGFozV4ezKzkeYFI/Hj2Ao5F9I/kfHq4FdeuovzxPeNoJWyR
;6t7orLAhxeRhUDoGikX0j+R8ergVn+ai/WVJ03A5KJW2aiiIsHWdoM3NEsKOQfSP5Hx6uBWfrur9ZN2
;nQCE00bI2nEiUdcn4iWGL4kZF8I/kfHq4FZ+uorVk3DM0ESzN9jLA/FRRyazRJSd7aon0i+R8ergVn6
;6i/ajcMqBlHNXqdsSg4JGd6Llhe6fzyEkyVdnDJWg+OycssR1PJGEkgZouwEj4eeX0iXlz11uMYEvke
;Hq4FZ+uo1hk3P6h8PyRwnKc4Lh5mUjRbVPXA+SJAlnByx2sAtMDaOEN52CNeJX6Juy4vJGBoKlxY88L
;lCFGcLR6vBWfrqL9ZXkyoVz9BCI2tOTgOcGg1c072yuUeS6Z8ccFpDoXP4DFSbdwJTx5pjKMsJBhxUj
;NFUOSjkH0j+R8erkEn67a/WTdp0AhNNGyNpxI5DH15JERi4sz+EUqXeEHeZBWA98dZNgyofD9BiKqVT
;VR7FA0iVEnz1vUYUaZsacdxBIP33DZYYMESWB54iacmFQIUDEcsPYGjoRZj+TsergUCk9zNLFNp2iNM
;NmGctiUVGHtiK0VT5vzlGE6JemzPcRKZzY5ZNgyofD9BiI6VTW57FA0iVEnz1vUYUaZsacdxBIP33DZ
;YYMESWB58jbg9Lwl1eTJeWLOjkH0j+R8eLmMn642/WTdp0AhNNGyNpxI5DH15JERi88biCUKLa0HLfR
;OZyeA4WmPdEktzCOnVTUp7FA1HLD2fo5F9RoFrbNthApn3zC5eeMsUYDNtm6EsOA9LfjdJWOWRkXwj+
;R8ergVTq6idWTcMzQRLM32MsD8VCGNkM09V3tH0CVGYfGrHagm0ydI2QmLcTj9ACOjVTUp7ME1HDT2B
;o/QFV4tqest3OJjf1i1UZPcOWjV6ibY5IxR6UjRcWOTHo30i+R8ergVn3+i/VjcMqBlHNXqdpiQlFUt
;6LkhJ6aOQ57pghoc33Fjrub9ZN2nQCE00e4G6IxUMfWkzRGKzo5DnumCGhzfcWOu7v1k3askSYCNkga
;USOhphfiJzUPLG8n0i+R8ergUnlOi/SzcMqBpeL1eKuSQ6JGBlNUlO6cz9GSP4Hx6uBWfrlv9ZOAyof
;FkgZrezOCYXS2UiRVrp15F8I/kfHq4Fh9SosVk3DM4dUR5unbkhFRd1dCJePYCjkX0j+R8e7gVu66i/
;P1Zi9w9PJG2M1UxKexQNRyxkwaOcfSP5eX/AWhSbzdo9aGHJBD9ACOjVTUp7TU1HPT2Bo/cUT5hye8B
;xOI/B3jRSeM0OP0AI6NVNSnvoMkc+PYGj9xRPmHJ7wHE4j8HeNFJ4zQ4NQQno1U1KexTxeCwvgaORG0
;qVfnPLaxO0zNY4WmncGU1yCOnVTUp7FA1HLD2To5F9RZBzf8NgCZ/32zBWYc0IWjM86NRNSnsUDUcsP
;YGukX0jn3Zyz2gChdzgP1tj33w+QQjo1U1KIlQNSSw9gcX4EUKUenDaWgGHx8hoNw2ofD9BCOiMDUp1
;FA1HSlTtwvwYTY1AeMJqENmovlk3DKh8vxdI6NhNSntyZCtNUOTN5SJXgG97rgRn66i/WTcM6HwxQQj
;osyQmGnloKVhi9drhGBH5Hh6uBWfrqL8ZNwCofD8nYYS5Ei4een4uWESBopF9I/kfHrpFZ+eov1lRZc
;QQYC5+jachKwsUDEcsPYGjkUNj+T4ergUBgtrMLWhgyQVaM1eNrTk4DmdkKEJi9sr1CUumbX/abAjrq
;b9ZNwyofGYBCPrVTUodfX80WGLtwugYUaZsdstpC5iovlk3DKh8P0VI6PtNSntyZDVfSd7P8ARGi0Bt
;wWkOj/fWN1FlxBBgJHCcpzg5EntjGFtU5df5IlGYa3fBBWbrqL9ZNwzxPD9ZCOjVKyMJZ3krTUTk0c4
;bSpV+c8trE7TO0zZADKl8P0EI6NUUCnsHDUcsW+jb9Bl8lX5ny3c4mNzeK0NT0Hw+QQjo1U1KIlQNVC
;w9gcX4BUadQHLPfAKZ98wtVn7cI0ZBCejVTUp7FFMHLB6Bo5EaQolAeMdpC7Tb1jdQYM0jWjl8mqA+I
;xR6UjVNSejMzhBCgR8frgVn66i/MHcMi3w/QW+JpRIsEnhhGF9U78T9GHycZ2rccBSCx9EGRW3cFVAe
;ZYG7TUt7FA1HLL3B45FiI/kfec91OI3B0zVof8ESWC1tt7A1Pglhfi5DU97Q4RhGnR8frgVn66i/HXc
;Mpnw/QW+JpRIsEnhhGF9N5Mb1fSL5Hx6uBWei6L9JNwyoG1wubI2KOTMLcVIuQlnk25F8I/kfHq4FZ+
;uosFk3DM8QUCNphIoiLB1naDNzRYGikX0j+R8ergVn5Ki/WVBgxx5eLVeHsys5HmBSPiw8gaORfSP5H
;x6uCmfrqNg1WG7JEGAubo6mKD4kbg1GLD2Bo5F9I/kfC64FZ4PN3i1CfPcbXC5sjYo+LwphaClPWIGi
;kX0j+R8ergVny6i/WV5izhVTLVeJsSw6D317InNU78X4EU+mbX/abAi0xd4hNw2ofD9BCOjrDUpbFA1
;HRVPnyv0RfJh7f95xDp3N4DBZasEQUx56iaEkJSR5ZCksPIGjkX0j+Qterhpn66jWN1FlxBBgIGyJpT
;kjDXFSLkJT5NHOGFuJfnDdbAiFqL7DrpUx5aaoN+jDTUp7fWMhRVHt/PAZQolrd9hgOIfJxjxFf6h9P
;0EI6NVNXjsUF0csPejN9xRPlUB/ymQXn8HJPGh+zRhKInyBuiM5exUNRyw9gaORPSPgHx6ubAmNwdM1
;aG3MHU81YZ6wEj0ScHkvc1DozZF8I/kfHq4Fb6uoo1k3DMESWShkhIooMg9meDRFUu/85hRHjXdB3GQ
;Tgse/WDcMqHw/QVGo1VlKexRkKUpU7c/OG0qVfnPLaxO0ztM2QAypfD9BCOjVFAp7Gw1HLFTvxfgRT6
;ZweMh2Ap/3x1k2DKh8P0EI6NVNRXsUDS5CW+jP/SJMn3lty3E4kqi+WTcMqHw/QQjo2E1Ke31jIUVR7
;fziFUaVc22uBGfrqL9ZNwyofCNBCOi8IywSeGEYX03g0eIYfJpwc8xsCY730zhOadoPP0AI6NVNSnvk
;MkcgPYGj+BNFkHNy8XYXjs3bWTYMqHw/QYiulU1GexQNLkJO5NehIlCJenvKBWbrqL9ZN4zuPD9NCOj
;VJCQIcXk/c07xxvQZI/gfHq4FZ2vu/1knDKh8VjNnhrwjLSRyYShbT+DX9H0i+R8ergVn/+i/VDcMqB
;VNLmaBuyoVCGRoIkg9gKORfSP5HzruBWzrqL8zUn7DI10ufJy6IEp6FA1HLD2Bt9F9MPkfHsRgFYD33
;TZDeMcRYDJ9mrMsKR4UDEcsPYGjkWlj+RQergUNjtrUBl5izhVTLQjp1U1KexQNU2w9kaORfUmcbXXx
;bAmYzcsGXmLGGU1BCejVTUp7FBkHLC2Bo5EXRot0QcdrFI7c4DZCeM0OP0AI6NVNSnscTUcmPYGj+xh
;RkkBu3GwJn6i+WTcMqHw/QUjo3U1Ke35oNUdi9czhfSL5Hx6uBWf/6L9JNwyoFlozY7ehIjokZ3g1Sl
;zixpF8I/kfHq4Fc6uotFk3DMIZTSpXnKcsPB54DUZKW+fF9xspuR8SrgVnh8nGPEVTwBlWJmCc1UzQ4
;o2U3rX0vqO3fSP5c3/XYBW0wNowUGTcI14laZihJDweS2AmVGLpxvgaS41AbM9xDoSovlk3DKh8Pw9I
;6PNNSnt4bD5JT97L9BREkWtBz2EGm9zWL1JTxRVRHmCNvCoiD0t/JlhU7qOQfSP5Hx6uPCfri79ZN2D
;JBVozV4CwJC0TYFImSFzx1/gLRqZsf8N1C4LG2AZEeM0MP0Bz/HsKqwGQMkcHPYGj/RxanG1BxmAOjM
;DLBlZoyQxLKH6Nij4+HmRiMUlP3sH+CVeWckHcZBOCx79YNwyofD9BQajVZUp7FGEmVVjz/PkYSp53a
;vFkA4rYyzBBafcPSyR4h6MoOCRgYjdzT+DX+BIj+B8ergVn6+H/WSAMqHxTIHGNpxInHmZqInNe7czi
;GHyffn3LdmfqqL9ZNwyofD9BEOjVTSYabWg1c07kxPwYTY1AcstrAJ/A4DReYqh9xT9iVKHewkQUGUc
;sPe3C6BhRpmx2y2kLmPfQL1J+xB1PQQno1U1KexREBywogaOREUKAemzxdhOK2sspWGXGCGA1cZiwTU
;t7FA1HLD2J45F2I/kfcMF/HYfN4Cpeds18PkEI6HXU06IrDUgsPYHM8xdGmmtBzWAJn83NBk8MqXw/Q
;Qjo1b31exsNRyxS48n0HlemfHvAcQKZ98ZZNgyofD9BCBhqTUF7FA0oTlfkwOUiUJBxda4EZ+uov1k3
;DKh8LkEI6LoiMB5Lfi9FWO3HzhxNnnN7rgRn66i/WTcy6HwpQQjouiIwHkt+L0VY7cfOEUqXekHNahK
;F3L9YNwyofD9B+NfVX0p7FGIoVlje0PkURpV7QcFjAZjNy1k2DKh8P0EI4JVNX3sUDShaWPPL8BNEpm
;x2y2kLmPfeN1BgzXw+QQjo1U1KRVQNXiw9gcznGFGRfnDJWhSDzdM1RFPOHVEee5iwKC57FQ1HLD2Bo
;8g9I+EfHq5qEY7a1zhZa/cPVyRkhKYSLBd7ejVNSeSjkH0j+R8erlEn672/WTdj3hlNKWmGshI5E3Fh
;K19i8tP0GEf5Hh6uBWfrqJsZNwCofD8ufo2nISsLS2kyTVGBogvkumCGh2c6Z/6ov1lHfsESSx5qjbE
;SPh55fSJeXPXW4xgj+B8ergVna/n/WTwMqHxPM2GGoRI5C3FoIyw8gaORfSN5WV6uFGfrqM8rXmLcI0
;skZZiwPysPYX8iLDyBo5F9I7l1Xq4XZ+uozyteYtwjSyRlmLA/Kw9hfyIePYCjkX0j+R937gV166i/K
;UVlxghgNW2FpSg4GmB4NUkOgaKRfSP5Hx6uBWf5qL9ZR37BEksefI24PS8JdXkyXli1o5B9I/kfHq4F
;Z+ujv1k3fskaSx5pgacqKwsUDN21pBg6CLQc+QAergUVis7LBlVt2xlgJHCcpzg5EntjGFtU5df5IlG
;Ya3fBBWbrqL9ZNwzBPD9XCOjVPysdYFIlTU7k/PgTRZBzcvFkCYzE2lk2DKh8P0EI6NVNXHsUDTVNW/
;X88xxQnEB3wGMOh8TgK1Z4wRM/QAjo1U1K+1RNRzw9gaPjHEWNQHzPdgK0xN4gUn7bfD5BCOjVTUp7V
;A1ULD2B0fAbV6Z9f91gOIfB0TxAZcwIV0EJckzU0+KN5HgsMoGjkQ9Cn2tBzGQUjvfMKVJpzHw+QQjo
;1U1KW1QNVCw9gdHwG1emfX/dYDifwNY6XGLND0xBCejVTUp7FO14LBmBo5EPQp9rQcdrE47a2ThUafc
;ZRzV6naYkJRVLei5ISen84xxXkHAerwVn66i/mVVMqGc/QQiatCs+JH1jM0lP58LyGHyQcXjHaQu0yd
;E+W2mofT9BCOjVzRw7FBZHLD3zwvcJfJBxast3AYrL2gZeYs4VUy1XmrQ5IxQUDEcsPYGjkTRj+Qoer
;gUVis7LBl5i3BlNJ2mLsBImGm1oNV89gKORfSP5H+6RBX/rqL8rVmrcI1YvfI2nKysYcVIrRVPk1PgZ
;V5EfH502VNibjLoIDL58P0F6ibM5FRJ6eSJeW+DA9CJQiX59x2sA66m/WTcMqHzPfgj81U1KCXVrM3N
;U79f0D0WYfHvxdheOzdtZNgyofD9BCNaVTVJ7FA01TVv1/PgTV5xteM9mArTc1zBUZ8YZTDII6Yf1VP
;7/XJ8TPZCjkX1RmHlq8WkOhc3gKkdtyxVRJgjp1U1KexQNT2w9iqORfVGYeWrxaAaZz9Y3Nw2ofD9BC
;OjBDUpUFA1HXlzn184SVZxtbMdhArTO1itEePcQXjhtmoooMg9meDRFUu/85hRHjXdB3GQTgse/WDcM
;qHw/QVGo1VBKexR/JkpJ3sznGFGLdnrLWgCHx904W1PHGlkybZyKN0p6jpTetaQYai59AfkfHtxkAZ/
;3zCxFaskfWh5tkKE/Pwh9YilzSujH5RV8i35qx2pn6qi/WTcMqCV/QR7o1U04GnJ5GF9I88XwHkameX
;fCaTiZycs8Nw2ofD9BCKiADUpuFA1HXlzn184OVot5f81gOI3E0C5FbdwZP0AI6NVNSvtyTUc1PYGj4
;xxFjUBt23cBisvaBl5izhVTLVeJuyomHhQMRyw9gaORQ2P5DB6uBRWKzssGRHnaGl4ibbe5LDMeZn5H
;LT2Bo5F9I/lfHrgFZ+va3j9DU9sJTSdpi7ASJhJ6aDBFWfXLkXy5YIaHN5y+1KirWTcM2h1ZNVeboD8
;sGndoGF9N4MD4E0T5HhR5phfWomhmNx6ofD8zaY6hEjkOZmsmT1je0OEYRp0fH64FZ+uovxd3DL58P0
;F6ibM5FQhhfyFNXuT85RVKmnRwy3YU66mWBbjOXVTzfgj61U1KCXF+M01P9fz1CEKVQG3eYAKPqL5ZN
;wyofD91SOjBTUp7Zmg0WFzz184YW41tf/FkCoTd0S03Dah8P0EI6NVNSm0UDUdeWPLX8A9Xpnpm2ncG
;tMnSNkJi3CMNQQno1U1KexQNRywkgaORD0aKa3/ccTiO0MsrVlPMCV4tV4m4Ij8VYA1GLD2Bo5F9I/k
;fE64FZ5nNzC1WftwjTDFtjbFNS3sUDUcsPbjjkXIj+R9sy3YTitrLBkR8zRlbHjro1E1KexQNRxV9gb
;KRfSOLemrcZASfwdA3aG3FE0ovfOjUTUp7FA1HOH2BsJF9I4t6atxkBJ/B0DdobcUTSi98t+dNS3sUD
;UcsPZXjkWsj+R9sy3EVisvLMFhi9xhKIGS3tCAlDnp5Ry09gaORfSPdXx67BWfr2totRW3LCFYuZrex
;OCsXS343SVjlo5B9I/kfHq4xJ+uPv1k3fs0ITSBrnLwiJCRxYyZOUeT8/ghXinZ6y1oFhNzLNlpTxB1
;GJHqb1UxKexQNRyw9waO1fSP5bXvadwaI3NY2WVPNEl4jZI2KIj8PZ2QjSWL1zOEiT5hme9x2Z+qov1
;k3DKh8f0EG6NVNOB5gfyZPSejM/yJLlm8erzZU2JuMauQzqGw/QQiasDk4Gnd5LkNT3sv+DXzLHx+dN
;lTYm4yKCAy9fD9Beo2hPysYYGQoQmLsyv8iV4t+aMtpZ+qbjGoEP5ufAEEf6NVNOB5gfyZPSejM/yJO
;kHFB2ncGnc3TBgUMqU8Mcjvb5q51ewgNRyxP5NfjHECNdnHAWgqCxtY0VmD3GUc1ep2mJCUVFAw8OJP
;GQuvpHPkBHq4FFY7czThUeMETUR5lgbskJxp4UiJUSfPW4hRMl0AsrgQc/wb4uE2Yl3wvQQjopyg+CX
;VuM0VS7/ziDUacex6vBWfrqL9Zfkyobj9BCJqwOTgad3kuQ1Pe0OEYRp1ALK4EZ+uov1k3Reh8JUEI6
;KcoPgl1bjNFUu/86xVMiUB9wWsDgtzWNlk9qH0/QQjo1U26RBQXRyw988blD0Kaa3fBaziRwNApaG/H
;ElsofIG6I3h7FQ1HLD2Bo2FCI+ofHq52AojH0T1oYMkFWjNXkoohIx1gDUYsPYGjkX0j+R8XrgVnmMP
;WK0NTzx1PQQno1U1KexQFBywtgaORDkiQbWrxaQ6FzeA6WHnGCD9ACOjVTUp75DJHOD2Bo+IWSotrQc
;NsCYLF3jVoYM0SWDVg6NRNSnsUDYdOfYGokX0jinR33HE4mNjaPFMMqXw/QQjo1XkKew4NRyxO7czmI
;keWaHDxYw6Z28sGUWnfI1MgcY2nPkp6FA1HLD2BU659NPkfHt1oBofE4D9SbdwJTSR7t7EkKxZxeSJe
;PYCjkX0j+R867gV766i/KlptxBBgJ22JoTg4HmdSL0NR5Pz1FEKUemrLd2fqqL9ZNwyoYH9BE+jVTTk
;WdWErc1vkwuUIUZxsQcdrAYLE0wZFbdwVUEEJ6NVNSnsUVAcsJ4GjkQ5OmHNy8WMCitzKK1J/9w9PJG
;2Mij8rD31iRy09gaORfSOwXx6MBWfr29A1Xmj3HlA1fIe4Ei8DYH8yX1Tuzc4KSp1rdvF3Bp/B0Fk2D
;Kh8P0EIsZVNUHsUDTRDUejHzh9MjWtxw1oBgsTeNFJi3CNZLWef1UxKexQNRyxkwaODfSP5bHHCbAO0
;ytAtQ2PFI1MgcY2nTUt7FA1HLH0O45FvI/kfbcFpDo/33TZDeMcRYDJ4jbApSnoUDUcsPQHl0X01+R8
;e3WoLgszgMFlqwRBTHm2QpSwkCH1iKSw8gaORfSP5Hx6uFmfrqMw2W2XMI1YvboG5IRUIfGgrQE6Bop
;F9I/kfHq4FZ/2ov1lEY8QVWx5hhrMkJhdLei5ISen8/BRN+R4ergVn66i/WTcZqHw/MmeEvCkVF3V0I
;l5i9cv4HkiXem3dBWbYm4xqBD9LQz9eCOjVPiUXfWkYWFLx/PQFV4tqbcdqCbTf1j1DZPcOXjVhh9VM
;SnsUDUcsZMGjhn0j+WxxwmwDtNzQKWhqwRBeLG2GoRIsF3t6Ry09gaORfSOgXx6hBWfr29A1Xmj3CFA
;xV4S0NC8JFAxHLD2Bo5FlY/kQHq4FFITE1j1oeMcMYDJ4jbApSnoUDUcsPQHl0X0t+R8e3XUSmdvgNF
;Z03xVbNWDo1E1KexQNR8wCgYKRfSOKam7eahWf9949VnzcFUkkV4G7KyMXeFI1TUnozM4QQoEfH64FZ
;+uovx13DIl8P0F7naU9JQlgUiZIXPHX+AtGpnZwyGwLh/fNOENlxyNSKGbo1E1KexQNRwJ9gYORfSOK
;am7eahWf9949VnzcFUkkV4G7Iy8JS2g/XFzv0PgSTfkehDec/nIxZmY3G6h8PzJ9mKUiOA9LbCNNTfX
;K5xh8lX5ny3cU66m/WTcMqHwrAQjz1U1KCGF9N0NP9fzwGUKJa3fYYDiZzdssVHjBE1EyCOnVTUp7FA
;1TbD2bo5F9UIxvbsF3E7TJ2zhHeMEKWh5/gbE5IiR5ZCksPIGjkX0j+Rderghn66jMLEd8xw5LHmmGs
;iEvexUNRyw9gWPDPSPqHx6udhKb2NArQ1PKHUwkV4S0NC8JZw1GLD2Bo5F908YfB64FZ5jdzylYftwj
;XSB7jYohKwJxfzRzTvHG9Bkj+B8ergVn65b/WSkMqHxMNHiYuj8+JHdiKUJY4tf4Ek2mZ2fxYQ6Y3N4
;3VGmofaXYkXFM1PNEFBpHLD3y1uENTItrQcpgCZjN4D9eYMQjTSB8jdVMSnsUDUcsacGjgn0j+Wxr3n
;UImdzgPVJi2xlgLWmRsD9KehQNRyw9gaORfTb5Hx7dcBebx80taGrBEF4sbYahEiwXe3pHLT2Bo5F9I
;6BfHr8FZ+vbyilHY9oIYCdhhLkSOBpgaEctPYGjkX0j118euQVn69vKKUdj2ghgKGaOvCEmJHt4M0BU
;78bifSL5Hx6uBWfrqL9KNwyoD0oxeIenORULfWErTU/e0PgHRvkeHq4FZ+uorxk3J6h8PzJ9mKUiOA9
;LfipNUe389xFMmGt7yloBjsnLLEVp2yNHOFeNrT0rFWdkKEI9gKORfSP5H+6RBWrrqL8qQnzYE001V5
;ulKC8fFAxHLD2BoxE7Y/kMHq4FFJ7YzzZFePcERh5sgaY5KxV3aEctPYGjkX0j+V8eugVn69vKKUdj2
;ghgOXG3sDU6Gnp+LkNTgaIL5LpghodnOmf5qL9ZRHnYDFAzfLevEi4SZ3kmQl7ko5BOEMosLZ3GWOu0
;v1k3f90MTy56nIo3FRRyazRJSd7H/gpNpnN/12AVmKi+WTcMqHw/sTfoz01Ke2d4N1xS89fOB3yWeXj
;dYBO03c8GW23RGU0yCOnVTUp7FA23Ez2ro5F9UIxteM9mArTb0DVeaPceUDV8h7gSLwNgfzJfVO7Nzg
;pKnWt28XcGn8HQWTYMqHw/QQixlU1XexQNNFlP58LyGHyKcHLHYTiJx8stWGH3GlMuf5q0OS97FQ1HL
;D2Bo8g9I+IfHq52EpnO3jpSU9sTUyhst7ciPg97YBhAXPjG4w4j+B8ergVn61iAWS0MqHxMNHqOtC4v
;JGdiK0VZ3sH+CVeWckHddQKOzL9YNwyofD9BTKjVakp7FH4yXlvgwPQiUJZzd8paE4TY4DxPeNoJTCh
;nhoo6Ix9gZRheXPXK/n0i+R8ergVnsui/QzcMqA9KM26JtigVCHthLkhi9czhIkWVcGncZBOOqL5ZNw
;yofH8ZSOjNTUp7Z3g1Slzixs4OTJV2evFxCJv30zhOadoPP0AI6NVNSnvkMkc7PYGj4ghRn359y1oUh
;MTWPWh4xwxgMniNsClKehQNRyw9gZrRfSz5Hx7abQ6F98g4W2D3D08kbYzVTEp7FA1HLAPBo4h9I/lr
;dsdrOJzJ0zVoe8EYSylXmrQ5IxRLYCZUPYCjkX0j+R937gV+66i/LV9lxiNIIGSEijojH2BlGF5c9cr
;+Ik6QcR6vBWfrqL9ZDkyobD9BCJy6PRUZe3kzQ1De0OEYRp0fH64FZ+uovxd3DKR8P0F8mrQ7LxdLfj
;dJWOWjkH0j+R8eLlQn67a/WTd42h1JJGS3rxItGHtpInNZ6NDlHE2aekHIbAmC29dZNgyofD9BCPyVT
;Vt7FA0xSU/yyv4TfJV+bdpaAo/By1k2DKh8P0E3WZVNQXsUDTBNUe384hVGlXNtrgRn66i/WTcM6Hwx
;QQjooiwmF0t5L0Ve6s30DlD5Hh6uBcdyMVZmNxaofD82YZiwEiUOYGg1c1Tv0PQJfJ12bdpkCYjNjlk
;2DKh8P0EI6NVNUHsUDTBFTeT8/ghXnG1Bx2sUjtzgPV5/3B1RIm3a1UxKexQNRyw9gaOGfSP5aHfeYD
;iE3cs8RVPBEkwkfLemPS8ecDxHLT2Bo5F9I7dfHrkFZ+vf1ilSU8cJSyR6t7wjOR5gUjRcWOTHo30i+
;R8ergVnpei/TDcMqAtWMW23oSI9HmZSIUVF5MfODUyKZx6vBWfrqL/ZfEyoaT9BCJ+8PS8kYGIwSU/e
;xfgFRp1AbsF2Huupv1k3DKhMVAEI/tVNSgx9fSJzSe7U9A98kHF4x2kLtNreLVIMqXw/QQjo1RQKewY
;NRyxK6NP0IleWaHvcWgiNzsw8Q3SofT9BCOjVTUq7FB9HLD32yuEYfI1wact3OITO2SpSeNF8PkEI6N
;VNSntUDVcsPYHU+A1Gpmtx2WAVtNvPPFJoqH0/QQjo1U0DOxQcRyw99srhGHyNcGnLdzidx9MsWmmof
;T9BCOjVTWQ7FBhHLD32yuEYfI1wact3OJ3H0yxaafcRVi8I6dVNSnsUDWNsPZGjkX1UkG978XEInM3N
;BkBlzAhXQQno1U1KexQ5BywygaORCkqJekHZZAuH98wpUmnMfD5BCOjVTUoyVA1JLD2B2c4JUZhpe8J
;aFJvN2j03Dah8P0EI6PsNSmgUDUdNXuLG/RhRmGt3wWs4jsbeO1tpqH4/QTjo1U0rDXtkI3NJ88LnGE
;+md3HCYBS02N4tX1PFHUceZI27Kj4TS2smT0nu0c4YTZh9cssFZeuosFk3DMoOViVvgbsqFR56bCVAW
;IGhkX06+R8ezHcOj8/WN1BTzh1RHnuYsCguJHFjJk5R5KOTfSPiHx6uZxWCzNgwWWv3GlY5bYyKLCQc
;eGgYSVPgwf0YI/seHrgFZ+vKzTBTa8ESWB57gLAhJghLaClNX+3GkX8j+QUergUFmcHSBlJ03BlNL2m
;Eij4iHnhhNHNb6NHiCSP7Hx68BWfrys0wWlPBEkwobI2KKCQadmEiLD+Bo7J9I/l8cc92E4LG2AZSYs
;keUyRXgbsrIxd4UjRFU+bP9CJPkHF7nwVl66icWTcMyxNeMnyBuyoVHnpsJUBY3sr/G0qVc0HdbAmMx
;NoGW2XGGQ1BCujVQ0p7FG4oQ1Hey/QcR6Zzd8hxZ+mov003DKgfUC5kgbsqFR11YxhFU+LR9BxQnB8c
;rwV866i/OlhjxBVRJleYpyQkD2d9IklZ3tD9ElSdcGnABWXqqIxZNwzMGVEybbemODoLe38zc1Tvxfg
;RT6ZqbctaC4LG2ipoZcYjVyhvgIopLxVnZDNVYubR+Bkj+x4ejAVn68zaN0Rp9w9KMXiHpzkVF3V0Il
;5O3sH+CVeWckHLawaJxNpZNQyobT9BCI27LCgXcVIwRU3k/OUSVJxtHqwFZ/6ov1lSdNwZTS9phIo+I
;h54YTRzW+jR4gkj+x8eiwVn683HLUV5zBlNHnufvDkpE0tuKENR6M32IkGceXHcYDiY39YtVGSofj5B
;LujVTS8DYH8ySFjz/OIKSo18dvFmCITE1jdQU8AZXjV9mIosLg11YyRJPYOjkV0j+R971nEVnszaK2h
;/3xVLImC3tiIlF31jIHNU78LyCUqPeh6sBGfDqL9ZUnTcDkolbZqKPj0SYG4vc17uzP0UTZ5Abs93DL
;TF0C9SU80SXiNkjdVPSnswDUcsWPnX4whHnG1B3XIOn8vXBkR4xwxgNmGYsBI9GnhhGFhS9sbjfSH4H
;xGuBWeNydEGVWDBDGAkZom3IS97FgxHPj2Bo/ccTaZ8ccFpDoXP4DxZbcoQWkEK6dVGSnsUayZCYuTN
;8B9PnHserARn+Ki/WVFtxhNZJ1ePtiIuHktoKU1f7caRfyL5Bh6uBQGC2swtaGDJBVozV5u9KCYXZ1I
;iQlzjz/R9IfkfK64FZ43BzSpDU8QdRiR6t6YiJhJwUi5CW+jP/SJGgWts23YOhMbgLl5o3BRgM2mcvC
;IVHnpsJUBYgaGRfQP5Hx7IbB+0wNArRWXKEFoebZChKCQIfXsic071yuUeS5Bxea4HZ+u1v1k3asEEY
;ClnmqckKBdxUjJCVO7NzhxPlUBq13UCtMm/WzYMtXw/QW6BrRIiFGZ/Lk5R5PzkE0qWcUHPaQu03MYp
;UlPKfD1BCPXVTUodfXUYRFLz0fgfT5xAa8BsCIX30C9SfsQdTzFtjNVPSnsODUcsW+jbzhVMi213zGk
;CtN3MPGhj2BlRHmqBoT5KeRQNXCw9gcX9ElSLfmrLWhWO29otaGvLE1skV427LCgXcQ1FLT2Oo5F9RJ
;hvQchsC4f3zDFSYMQPP0MJ6MxNSntzbDdzW+jP/SJQkHF5wmA4jtDLK0J/wRNRQQro1VFKexRqJENZ5
;Pz3FE+ccX/DYDiNx800Vnj3GVEgaoSwTUh7FBZHLD3ozfcUT5VAL541OJ7b2gZEY8QVWx5hhrMkJhcU
;D0YsK4GjkRRNn3ZywloGj8nPLV56zSNaL2mKuShKeRQNYyw9gcr/G0qVc0HNagmIzdEtRWXLI0wuZIG
;xEj8IcVIgTU3exfgRT/kdHq4dZ+uo1jdRZcQQYCJnhrsoKQ9LaClITe7K/wlQ+R0ergln66jWN1FlxB
;BgJ2GapjlKeRQNXSw9gcr/G0qVc0HdbQKHxMwGQn/NI1ggeLezJCYXFA9GLBiBo5EUTZ92csJaEpjN4
;DVeYs0PYChmt70kLRNLaSJCTujX6CJEi3Z6rgdm67K/WTdlxg9aM3y3vSgrD2F9GEte7sf0IkaXfnzC
;YGfpqb9XNwyoFU0uZoG7KhUeemwlQFiBoZF9KPkfHsRgFYD32jdWbsQZP0MI6MlNSnt4bD5JT97L9BR
;EkWtBz2EGm9zWL1JTzRJeI2SN1U9Kew8NRyxR4Nr0D3yKd3vCaRS0x809Un73E081YYW8Ny97FgxHMD
;2Bo/wSR5B5d8t3OJjA2jVbf/cRWjNvjYo9KwlxYzMsP4Gjn30j+XFx2loUit7aBkR4yQhaQQro1UZKe
;xRiKFZY3tD5FEaVex6sBWf9qL9ZWHrNDlcgZo+KPiIeeGE0c1jvwvMRRvkdH64lZ+uo0C9SfsAdUSZX
;m70oJhdnUiFNU97Q4RhGnUB7wGQFh82/WzcMsHw/QWeesD84EnBoGEpU7cL8GE2NQHvAZAWHzb9bNwy
;xfD9BZ56wPzgScGgYSlTtwvwYTY1Ae8BkBYfNjVk1DahmP0EImKckJA9LfSZeSfL84hhSjHpwzWA4hN
;rbPEUMqnw/Tgjo1T8rHWBSLElY8fz5Ek+cbB6sBWf/qL9ZRW3OCGAufo2nPyMfcVIiQlzjz/R9IfgfN
;q4FZ5nNyytWb9wVUC9XiaMiIx9LeClCWOLG4g5Ci2ZBx2s4mN3PKVh+3E0/Qwjo/U1Ke2ZoM15c4tf4
;Ek2mfmjBbAO03dE3Um/ND0wgepGKJCQkZ3g3XFLz16N9IfkfDK4FZ5nNyytWb9wVUC9Xi7ogKBJ6akc
;uPYGykX0ji3pq3GQEn8HQN2hpxh1dLW3o10xKaBQNR15Y9dHwHleQcHDxYAmKytM8aD6ofj5BLOjVTT
;geYH8mT0nozP8iRpd+fMJgOInN2TZFafcTSjVtmoo+Ih54YUcuPIG6kX0ji3pq3GQEn8HQN2hpxh1dL
;W23ujg+CH1pIiw/gKOHfSP5bXvadwaI3NY2WVPEHUYkeou9LCQccQ1FLT2Uo5F9UZxrbM9mE4LH0QZZ
;Y9wjVi97gbEoSnkUDVwsPYHR9AlRmHxqx2oJtNLXNkdTxxJTOFebuiEjHyUNRS09mqORfVGca2zPZhO
;Cx9EGTWTHDGAuZoSsEjkUeGQjHj2DopFkI/kfbctxE4LG2AZSdNwOSiVtmop/FR56bCVAWIGhkX0x+R
;8e3W4OmdzgP1h+yxlgJGaJtyEvexYNRzk9gaPiEEKVc0HIYAaf3c08RFPNEl4jZI3VT0p7Ng1HLE7sw
;v0RfJ96f9pwFY7b4DBZasEQUx56iaEkJSRxYyZOUeSjk30j9R8ernYIh8HbBlVj3AhQLAjq1E1TexQN
;NENR6MfOFE2fdnLCWhKYzeA+Vnz3GlYtZOjXTEpyFA1HX1LtyvUiV5ZvHqwEZ+Kov1lEfMEOXi1hkrB
;NSHsUAUcsPfLT5A9Qpnpwz2cLjqi9WDcbqHw/Mn2YpSI4D0tsI01N9crnGHyccX/MaQLrqr5ZOQyofE
;w0eJi6Pz4kcWMmTlHko5N8I9QfHq52EpvY0CtDU8ESWShkhIo4OR5LYS5CWPL8+BN8kXZ5xloDjsbMM
;EN19xtNKGzo10xKYxQNR19I8dP+D1emc3vPbh60y9A3WWnLCFYuZujXTUpiFA1HX0jx0/4PV6Zyccps
;AYLNzQZQacYZTSB8jdVPS3sKDUcsTvTT4RJRjUBtw2QLh/fZNVht3BlbHm6NtDk/CXF+Ry48gbSRfSO
;NenPeYBWK3MorUlPEFUw1V427LCgXcQ1FLT2To5F9V5xybst3Bp/dzTxoYckSSiBk6NdNSnEUDUdbVP
;HGzglMjnpsrgdn64i/WTd7wQxaHnyHoig4JHJkP0lZ3tP+DkqNdnHAWgKFyd01UgyqfD9QCOjVLisPc
;WooXkTezfAQRqZ3e9YFZPuov1kHPJ5OD3E+q+V9fU4kPXEZPYijkX1Gl3swyWYIj82/WhsNqHx4eDnI
;7h8vF3V5LlpYodP+DkqNdnHAbAmMovhoF0mFTh8HOt/lfWpARmgzXlzi17EcA5t2aqRCVsvtkmsXVph
;SDWFO2uF9elsvXyJYT+DA5V1Cl3s+3GQOmM2fAz1LmVxndCix4G0MSCQ9dwwG1srhGAOWamqkQlbL8o
;ppFzf6HVYybciPbScUZmhNawSxg6o8QYpwcttxAsvY0CpeeMETUS9hhrJHQDwlLR8cHdiRo00Dwk9sy
;3YChdyfKUVlxgg1DDnY420ZSzQ2E1lP747+G0XZeX/ADyramIt5ZDyIR2s0eob4IiwdNGUoWFjvx5sw
;Es0vPv01R9D8yitZIccaWWFqjbFHQDYsOWd0HdiD1F0YvXZtz2cLjojeNVss2whaMXiNpz5qGWF5Z3Y
;9i6ORfUaXeyyAYgSEzNpZNIyofD8MOtrkbR5LNF52HA2L7qNPEtlLL45WVtuYtRQGPJxca3Eou+VHB0
;okOWd4DKHwoXduyCsujlZX4eWOaQAG70UOS0/Z9QhnSjRLdBwNi+SgXXnSLzCbJSLGnZ8AGj6YXHk6f
;Jq0Oy8XS343SVjl3ps6EcE/Rp4lPtui8mEDBu9FD0Ed6NVNLwNgfzJIWPP84gpKjXx2gGIEhMzaWTQM
;qHw/QQbo1U0sGnpSNFxY5MfOEUqKax6tCmfrqI5iBTmTTgR0ONPmdntLJA1WLD2BxfgRQpR6cNpaE5L
;Y2gZEeNp8PEsI6NUdBjo0PGkbCOzOkW8j+R94x2kGhs3RLWh40QxaHnucp39KeB4NRyxtzeKxTA3OKn
;PDBUfrqL8/Xn7bCGAtaZGwPxUIe2EuSGLozfcUT5VAbs9xE47a0Vk0Cah8Pw1hhrA+Sm4UDUdLXu7H9
;CJFkHN7wGQKjvfZNkVhyQg/Qm/o1U0xHHdiI0li58r9GE2Ycnvxcg6fwNAsQ1PNBEs8V5O4LCkTfWMi
;c0n40/QiQpt9bMtzDorc1jZZcfcHWShkibgoJA9LYyZBWN7C8x9RnGl3z3EOhMaOJGh3xB1GJHq3vSg
;jHHx5OkFQgbKRfSOefHHKYDibx8wtR37HH1oye+jWTUp7FA1NLD2BxPISR5xAatd1AuuruVk3DPoZTx
;NpmNVcSnsUZClKVO3PzhxNnnN78WkOmNy/WjEMqHwLdDPZ5nhKbhQNR0VT58r9EXydan/CWgKT3M0sR
;GXHEj9CBOjVTQsXeC0iVEnz1vUYUfkRHq4FDoXO1jVbU9gdSzVtmrtNSX4UDUdgVO/G4n0x+R8ewmQe
;jtrgOl9txhtab2+LuikvexcNRyw9gb6RfSOVfmfLdziY3N4rQ1PYE1YvfLemKCsWS24oXlPk0ZF+Jfk
;fHvxgAYfNx1knDKh8UC5yjYo+IhJxYSNzSfjT9H0g8B8erlIGn83NH1ZgxHwuQQjopSw/CHFSL0lU5s
;vlIk+QbGquBmfrqL9ZJgyofE8taZyzIjgWS2wjSFT1yv4TI/obHq4FKYTG2lkmDKh8Ty1pnLMiOBZLb
;CNEWPLK/hMj+hsergUphMbaWTsMqHxPM2GGoSg4JGB0N0k9gqiRfSO8cXrLd0fYiPE8Qwy7fD9Beomz
;ORUfYWwrc1j51+MIUJBwcK4Gaeuovx9eftsIHyRwnKc4Lh5mDVQsPYHR8BtXpnZwyGwLh/fPOEN4zQ5
;RQQvt1U1KN31jIl89kaORfVGca2zPZhOCx9F3UG/HGFpBC+jVTUp7AA1HLE7qyuMJfJ1qf8JaApPczS
;xEZccSP0IG6NVNDBJmfjMMWPnX4whHnG0euQVn69vQNV5o9xVRJ2GEuRIrFXNhInNR6NDlfSD/Hx6uM
;VLQmYxsNxiofD8yZ4S8KRUSemsuQFHe0/AJV5xtcK4GbOuovwtSb9wVUyhmjbQ/SmAUDUdfUu3K9SJK
;l3l3wmk4m8nLLVJ+xiNdLnycuiBKeB8NRyxv5MDlFE+QcXvPd2fgqL9ZRHjJDktvb4u6KS97F/ZGLD2
;6g9QTR5xtPp0lJJ7byzZaLPsIXjN8yJJgKRRwaE1rBLOD1E0Dwj9My3YCn4j6IUN+3RhaMwKv53VqQD
;RFKEFYocL9EQOYZ3vdDyDaiOVrGTyIOgxxONj1dmo2e3siDGeh4ukUUNlqbo5pDp/c0zwXeMdcTzNtn
;rAjPltnbjVNSeLL+BNE2XB4jk0CityfG1JoojsOYVDY+3xqIiY9Z3YNr5CxOxbJLy6ANUfQiPI2QWmI
;CFBhe5y0Pz5bZGI0RUnozP93ZMg/Rp4rVsvxjWkHIphcZXEm2/ULe04kPWkcHcSSpF0Y2Vtsz3JHn8D
;aeVFl2g9LYWSBuyhAPCUtHxwTtYPITxPJMS6OX1fFm58fAjyYTBFxKNP1ACUNcS0zQx3yyvUYA5g/cs
;dxE4fNtR4GLPBMEXUosed9aiEkI3QMe7CWoU0NyT9bnTVH0Ij7K1Z7iAhXJCibsC4lFXAtK0VT5KnWR
;BHZWi6OPke5zcw8QyztBEszfYywP0A8JS0dHhOxg9dOE8kvPpUlKoTe2nltLOkEVjIonaVtJhJgeStJ
;HfXMsQ1RnGl7wHFHmMvNOENvwBVRJiiHs20CHnV5Z25Y5anWTAOhKj73N1fL8o13ByzuSQ9xOMblbXF
;bWWIxSR3u1fQPA41wPt53Ap3N0S0XbsQTXWF7maAkORMUAUcsPfLX8A9XyzF5zWoDjqi8NTYMqDEKdj
;rIkX1qKCQjdxU3zJamTwO9Lj79NUnbkbUeBT2iOwZxAqXtf0A2JT1wJnqzm5s6EtlFL5srV8vuxC1Fb
;d4ZUx57mLAoLgYeWXcmeriRsTgT81gvjl1U24jmdAUs7kQPcQKv5G0QSzo+cgx7s5Ohd2TIP0aWMEey
;hY15cj2bXHlzONjfCntbUTxyDHuzk6F3ZMg/RJslIdmYj1NwNZpcenECr+VtD1ZvfyJYT+DA5RRMl0B
;622QLtMnSNkJi3AEfBzrY5UceSh5Kfh4dxJObOhLZRy2eNUeyhY15cTSYTDUGOciPfWRIIS0BHg2xqd
;ZMA6EsKJ4lPsaanxwGP4g6DXE44pJ8aj4lOGdqD7GTmzoS2UUrjkNV25i1Hg4+iDkPS0/Y9QhnAGZoM
;15c4tf4Ek2me2vPaTiKxdAsWXjVXHlzONjfGXpxUzxnakb10fALRpVAbd5gAo/VtRQGPZ9cbzNhhqEk
;JBw6I2ksOoGjkQ5WiW9x3HFn6KK/WTdJ3hlNOH+AsD8vewgNRyxO9NPhElGNQHrLaxSO99ssVmD3GUc
;1ep2mJCUVFA5LLD2B4v0RA5xnatxwA47av0s3DKgPSjF4h6c5FR9xYzRJYvXa4Rgj+hoergUrgsbaKj
;caqHw/Mn2YpSI4D0tpMk1R3sbpCVGMbHfBa2fopr9ZN0rBDkw1KI2tOTgOcGg1LCSBo5EOVolvcdxxO
;ILG2TBbYPcdUSZkjYohIwhgDUQvPYGjvEkW+Q8ergUUntjPNkV49w9LM2mcsCozexcLRyw9z8zjEEKV
;HxKuBWeY3c8pWH7cI0s4eI3VTkF7FA0VSV71yv0UTZx+bK4mZ+uozCxFaskfWh57h7kkLiR2YjNYUuz
;8+BNFkHNy8XUGn9zaK1kMq3k/QQikvCMvCBQtRyw98tbjG0KaekHdaguCzOAtWHz3FVEnYYS5EjoaYH
;kiXlOBoJR9I/lTd8BgFOu8v1k3eM0RTyR6iaE4OB5LbyJIYu3K4gkj+hcergVW0J2PYgU3mHwqQQjoo
;SgnC3F/JlhI88bOEUafa0HCbBSfqLxZNwyofClBCOihKCcLcX8mWEjzxs4PSp53avFpDpjcv1o3DKh8
;P04I6NU6IwtxUjNDSuTRzhBMnXoerQNn66jxPER4zRg/UQjo1TojC3FSM0NK5NHODkuYb3uuBmHrqL8
;aXn7LEFpBBujVTT0SZGgYW1ztz84QTJ16Hq0PZ+uo9jdDadoQXiJtjNUESnsUBkcsPcTN9RhR2Sw+4G
;AT66i/MnQMqBd8QQiSlk1KexTAi+ADgKORtWH5H9bsBGfrqL9Z/02ofD9BCujVTUh7FA1HqD6BopF9I
;9YfHq4PZ+uo7xV2LJlSCHRlhdVNSpsrDUe3eYGjhz4j+e9frqXrrqgHUXAMqNh9Jxvo1cQaNVMATTY3
;gaORcGqxW0yuBWUbqL9ZCgSufD9Bw6eIdEp7FAQ3ZGTyo5F2MPkfFb0EZ3E0p1k3H7w1ewBckEmglzZ
;YKSBWOnHcpKBzPIdHFDjRrgubYcnMGbu4RUZRhanQA6Bc40SYyXJ1bVAz1keHorevYtL0axtTzM1gr9
;XxV1aeXHzPvqhBBBwLup1oGWlWWvS211V7W+sJAnhcVaGcvlxgcHPRwsi1QYl71spDwTiaPVuB1jGus
;xT+ccRMEt3O5n7YDVYxxTff4TRwcRCD7Gb79XoTiVyq/DqCULLJnMEpO7vseVZiRlirZVxNVNQpI/8n
;upoHW1r5ao+FRbjKSIHhjroZO3mXHc9q9p+2sS6eqcEaCW9B0mB8InQ0YQLEzIYTQT34JpugHDUMFi1
;HdMO+UDyUlT3Dfv+79hYPt4sFPaxmPcisMGV9q4OujIGR2ZFD0jjH0hORRVzTtuikK2tFDys95WOGrP
;GCSE02Ansxd3WjjAMvskJjwK+8huR4d8j2hMygCc+AYap+5hJ57x1awKe/lT3DEmjqHru+Zadj1F4tH
;WBnyY/FRElajLADdk5orl2MEiuEQXGYT7SNeeFGiq4eauIoFmK8ZC1miadsv7jAnY6th/e5IHa2SZAe
;DJaElaho6YvEgxFmMMNhEjEeSCJwN9idO1oyhjrwBbfWPhSBEcLYw+oPXbVz7/QDidAvODIMiy/ZVwZ
;BrLy+g7fY6/uCpmBko319LiuSrzXHypRwW6tnKfdMLHB2iHKSnEhH7u4pG52kElOgy6dPIAswwWMzi8
;bFuxXBC+DnrwXTCg1w1OOIBUnOonVrJga62uHpopm+9PfDLL6qOjwVegObWj9C3T1zgeMw7bk66uq0m
;dFG+t7lejvGvY3TTGJPs33Nbii6wHfL+hw2p/xhvMD7V1jhMJEIz98ZFKs1TzJSlh5WsNz7dI2zKFRu
;QBY7YRu1D49P8/78NFaDPcKS5Ha+Cz4qsBSCe/HigutGxb5QJts962qh8kfqqx6jIggNtqnABhCIV8l
;KgnZWJiE0LAkVeVv9ToFJoFes7u11HO3k7wJ9Tz1eoaYyfWa1nIzmhKDhMDzjPNDzOML/A4x5RgizVy
;KjvwkmEgVNg5RRl90Qu3yLFV7A/pK42189k6/XEWFmnIVnjUW+HyPmf6dsxL9Ff2S/VAMi+u6LxQTSz
;r2DJHX4kqjDwgRW0yhMX1KaFc4WGvGZK+9s08toouFLuCzwWkMe8ZTDBCii1wXnrpvMBisOBMBjlnKd
;t/CXguac/LXtzy3G5MD5oflMAtmE0g2wqH+5ChLEig15IxGXxAsH4Dttue9+mx+IxADjdLiF/YiRCC9
;QNyYZBM99PaqCCgUkWT5j/c4QiIhDhzsdVpAbSmwDr/YVzK+f3hb0QTNQge0OGhvohGX6hxnzhTWNrc
;iQfwfB5/kFmMbgl24aYle87oo19Vf/XxLdefT4RNGL6oE22nkINASpAANtzMJBiSfAANSH0AJw+p3dI
;MhBIcmcZ+58DlixZfn0QPJrirBlnBy3Fvri/fArwIpe317QlSHGMKASTQz5J/ZWQncagySlj7c6sxZv
;dPb2pKTQ3S2/vN5nwr7HfEW3WI6ei89XG1cCAYSQCvRY76/AQVZyX7HgVwP7bv9Pb6VFdJ9zbt6HtaF
;2iQW9lrONdkP51y8+uvGJhoguWOZegTqCOIUCkGHA+q7j6ykkuA4/EFJQMpMQmK1Ih+3E1krvJ4xu/R
;iZlcUL2VCDPvEgC56NAR5ls+0MuAJ1kFEynqF7/jVJTvJYdKPd/6kEn982k2QQ3sn/mzxrbmCmC5SXF
;lKnngXEFHvYxfyXXZHOaPSWfqQoIWTiMHAz1dwqTRhb/3kMeyUGbHjUSVefPQwaFMyoViZoBwDoP6zH
;y/yWmy9sgQV3giMuewvTJxqQ6DuZU4172RtZHef8FF/6o+t/MD85qbE1DU7OtJyCstr0zoepr6xP/Gl
;DRrzfKp9Ut+apPVvd1Be+wQkI8WM00ArPLLg8xhn+tfTJl/RroqrjXYJi9tn2IOLVOwoNWxg/+aTvvp
;3wHySafQcHCoueGVXADLyiWjzn9X0C3yHAgrC2UmxD1w50xsIsXRROIbh+3CHSJEfmGbe47hO44qiDS
;CsrIx07H/jbd8h/bJytI17mbItDdb5DgKYpgCVeWk/vK5g/e0PrBdibOh+8qUN9A7BuyKXAsqGY78yN
;icyOEAfr0Pt73ZNGua6b5pAUZ6QEVpdCBvc2kyfpJ0vnVDZarkadi6AdxWJEgmtJ8ETTQLJdc4CoR5c
;kGSHgrux7RlB4hZmmx2Wfx51XpB2sGGYLg5bDxXAqEqYP4YpIZIJYe0IiVGY6/KCCKPC2nacchQyU9c
;waWbInzrrUe3Vz6buZwPnaiX66mLrMxHsoPOUcFDejBsOTGRtFtLFa4O4RP7pCDT28Y0+2MYsqqe/Lv
;8FHLAqN+v46/IQ80Rux8kCWx+tVaodyZtTM8HlxKnS/2G4uyG872oa3Tz6r1Z7npn4YJ+2i7+g57LGt
;KHnTbRn2DV0P0Epky09fj6O1jug0YN+5sP69Y8n3SyXC2yNIKP4ly3JBROl+Pt0N9+GQ8tKL4GHbF/B
;dPER+d7yQzbw2lmvGbbva3oHo1cv7MgP0t/cxmuypnK5EG84wI0OC54fZN0v3OijX9y9pd5ohSLz0S8
;N3xI4cvF/TeVx7aa4UfHxMwCTFq9R8PYnXsXaMZqAhaQKryRS8WIUp9YCLZ/cRUfqwK48jC76WJU4v7
;5Ysmmi+QrmW5CIWPP60zfHlgNl0jrXuCX3lPZ9wPVnHRTkxaI6uR4XA9CYJ9ZwGB5BPbo5zzQF0w0O3
;ZHEUNjhtGM4bV8AMPLVAraiuBwrKP8T2Q4xGsVbUxrZ3Hy+mdYKJUSkC2+AuPfCAWlQBDOsDWMdxQrF
;1rBwlW7O+E80LB6YTfaKIWuDWKiPBXT0+GmRQEvkcMv6D+X1o4Yjr/FaDo3ma0EP/2SRfIaQUBDAB1o
;7QlEDYVfdoAV8i6RNA9AX3dFAyikTAlqgCDKSkwJOiqK7B+hd5Jnyojht29tp/DDthMqKJu5xLAEsES
;RoYfX+oC86Kc3zVmIOUVV+sBj+zosiEmuY703w7hotBIdVKYzQrn1qIzaV8oWJ1gusKSoQhdGUyYeg/
;ssCHo01qVGhjHuy73o/UfQmdgjHqJXGj38G4A7EembymTB1Hikpp0iPcGYVZN039DAHAgxDShckE1PX
;BlnWcMMJ1nfTR3kGHyMzp9LgE+HfdsiQpO5I4rgg0NU/irDtbPtAkBiIeWtJOnLy3uXiiwAh7FO+ucj
;6ODQimlNPqABwjmCcGUMvLcXv8T5KsKDkABZRPycEpLh349LRPki4+UOJSQhvZ32+fbQl9RvhtpP/+T
;GL0En6agH67KIriv4Lx1K2ppxurXtJjLO4orCzEq2uQYEgLyUxQ1Os1f0OIUs1P1yoZXa55wmWCvJ1U
;19kOKP+unOJJktgQm3o6gtk4q3tt30L0aNF3b+jfnYb57UkmlIYf5Bbx6RLcTsSNCNffvp2fjHK0IqJ
;6X+jwilE9CshvwHRDW+OXN1fOwyolUZv2cOlkyEjf4tK+CG5BPQze1ursZU+/CHP0GTHHSxgYx30E3o
;RpeE5Ls/sMMAD6gxuCQT1clSKvUstMkZpAaAyFDTtgzdUohJD1tgPmv8N459fOwZe25oaqRibsQsZ4Q
;pPG/dA5IZSkM2TiSGY1HlVJ7q9S4JS7o1ZluuyzGO/OJuUAPRbozSZusD/BXLlX4a/Q9g6MdX/yiKBf
;VwphZcKduCwWcKVIrsoBoGHVDPyxdUYDdqD6YJpkBpLA3L6O4bvaRZsF51gLVwXr52tJ+YNXAgH+8hO
;vptL3SVDUG/Wn8uzCSbWOV/CiQadno57FDJTS6vfci9mXzbTvtylGPf+zNXYreegTbeFBPUYFNFXxcg
;0TVoWbcZCzuuCUo5lWawdf8ph/fsB78EJL2TEpJGfHplIjXQ8dE92Il98MsSKeuxeEQolhgqz9yt2DS
;xx6N+cdnLlV3U2ic/tzXt7IyFOe5J7KqslxsTSIHTBAYX0S3tUXkgPuJYRRLyNd2Q+qjEGN3MIIkbA1
;OvtyQYfGBpznKoDAdC/BV+TNs05orQYMjc/1gDjrh0qwLEhBqJYmrkYQLplaL2nbKyFZD73hqO5amwy
;WxALko9k+si7XaY/2NmLSk2BgfXLVt9hhsXaM56ld8mx6cmENd6x5PNyzrJnU3YspEA4y/vngyJndAC
;g5TNuShtgGor0I6YE/Iq0PBKjc0nmkcpA5F4Rtcbvpk2LPLOfoNMLXyOJd1l+rmTwEJriQLz8plXNbv
;khjKf0NTdjCyszWB5jHvom1ccpGNoxuqcm10EYu5qcnYSoN+gKUKAo25V2G6pYNHxtae3Oix2M1sMLg
;zqwanbar4NU/IveYyezs+Yd6nprfHlVC7Nugls3LFTSk0VDwe6sgf1yMpYLmjdS3ArXeHYnp0JFHXd7
;Qsgjr+wjAl7tJZCrN4oqjWyQFm+zjIr9hfJkmo9XRNfqJsD8q9om8VczR/jRe1l1c0klL9gLZVP1QVH
;nFtN92rL2hSXo4RciKe7S7/JqmnqJf7HToIVBPPFXXl4GXUpsafN+BJ18wBOl/jw03DdpkFM0tDK2GI
;Q5U+SCtTwsZmhsPTnDIB8BOPdnsNaBzOJ9fmi6Iy5prGuqmq786vv/qmuOV1enxrXHDmaRc7rhLnGR7
;qytTZtMTEx0nKf+JX0wAHvcxsYsb3Pco06JJE7PVkjWHibNYedHrX7C3jb4KuWoZoq2Si/iTMB4duhn
;1Oa8VfNjiIhFztlxYM/e8pfl74fG4yeDOhhCX+PuaR3LaI7Uvs+6SBgKrfIhrF1VnH1DVk2D8xbmGUs
;4B/smNQJpfxiW7hCmR0e3+chNtc0G9lb6JZ2ZncQJRVI41caZ8mBxdaebcmoJjjKdmkO9oAM4lqbEg0
;a5IiEWw9VBtzMw5A68yvHsN7X8JWcyGXauZZDC+T1wZFPM+sw7xiSBZMoXNh7JfqTOp2bThDtgN1sHg
;OLT338QApkZTmnO/Oqq7WYG8IlENVqMxyPnHdmnEY4adfpQtsQbMhNE8vtcxX+iaTIgL+3TNEkumC38
;jD71azxTcRvcdfafiS6XY/VJJIutHouEC8xnqjaVuXGX9EYyBLrNwmpOmkP3vD2E9KImsO8JwcT1T0W
;2gfzobtZtgZE26SyTYXnkHP/djeyo9S3/Qp91GrbStrSI9Ah3ICbVSiHwCJxW1o6G2arzl91Vsqf9rP
;KHaHixFG0EeKHSauCfz0KVWDOnx+SVm48d75QxGKMv2nd3Nraotrv3euHW9pVTrrulXtxQvJ026Rw8g
;qMSHeGA3x8cYPRA6S5i61db02OMHSfDOCBhL7GXSzNxEh+116YzCeOPvrQQ6ID3qTLrUbMaYAuuQWaS
;bOhOj/4ksownLYacW730OkRmxHF9ojzj64zWwIpwYecWDMapdvcaQNiZQBtnIcpgmLXqHuVMja7flx6
;oDaR1mr6adFt5JT/6dWxnQx/I63tF2QNe8VZg0+0Q2ojCBYD2nVEGa2KlbenEgaYQvLgPNwtRXJ+3cj
;+ui/tHKwvXdIwDDbWNCAWSYShOAONkg/f8x2FT33cdX5Gsg9J3y49CO4qwJZ3r19YRnfAy/fHSAnCgM
;MUPhCjsZO98T1bf17RZ9J6zJJvzCniVk5W7S1ZceXdngoB8rQOx9BFOgfFNmpAUOPzfm1LWkTFrxjlv
;SswuRWdFA/VQ6zD0H3TyHO4hVW0b4ienBIL72gTOJyu/b0cQf2eylLFXTi65LhU8emzVKolZJOtikum
;jD02zbzEw390qjNKhK1ODExZNa0uImNKyQtfVsboZMkLLAFrxv1NUzh58MikdX9xisZsMqpfZvkbiBj
;wMI6L5sqq2JVSS6wJ+FeNuvf4pXHwx7f2Ggb7+O4Xjal++vLC8cbNBbHsL/4If9QoY/zvbn2frhzjFr
;om/oH2lXaQNCtZ7MhwtmcIU876ekjYfc1zz8A38cd+1VVnbVt9yUijO3v4v508zHELjODckAHijKeWl
;CJhBo6OoNyJW52sj9VWlnkYPZO4ztDjUfzIr13rpGDXg/jEkUgJuc9DXqRpA2h1MSnSl2fEz2lk7KlE
;+o3/u7Vrw2KkqhlOIvXhZAK1Z8X4p7thDeyYwf68ghvVXphSCu1mtJ1PDmhOU+nCUscoWlfjlnkNg+M
;K3m6pQy5bqr5+sm/Rv5cJIM3kb3FpXxUx2lj/twat5wzQEMdne80YzuoqjFtp+Wgq9dwswX64wPZd+K
;EM2RZ4PxW2r3ZKTWxWFr2htlAx4qhe2b5rJrjIw1GfWNHJr1kP+woc1STnl5Q4lTN+ZRPnMYrEko25D
;cBB3rMKwo6pohps3p/9Cj+A8YAUf5btNbiKGW9L0PRnlvSSvUBWnoE21RQiP1t4cEgA0M1mSy0twHPk
;VgpxzNPT+tUWjikkUYka7ZX6hfKJpqjU91YypiFpDqFagNv+wNzaM5evSmEN4Vg9lPFthJSHE2fIQPf
;eNtVYrANvXyz2WBDCws2obGCufyCKyyg1k3DKg1eg9MRpctyEEFDUelbc/knHc58x8ergguo+ztWTcO
;WHw/QTXg001Ke99CGhU9gaOYDWugbB6uDnTrqLRKNgwy4CdBCPg9BA46QHXbweDKzIooO///adKMZM4
;uKwUq7b1cGxFbxnDDrmZGtwCAH3Dca277SF/UgYVJWbYegANdBDZuGOgiFyMWGdKUNgJLbbqHs7p1Ak
;FozLsH0aBQEnn6ZAPfO0dagrNFHUl0BKZMidBiYOlVu/wrj4iIHSnVtOBIBOWo51WlZIntsUUs5O21S
;BEVEdwXA1fOb/8QB5ZcgIw5Bxz5DCEcsvP+Wze6qTbbq9RLMy1O1jOhrMJZc59gm8wLNnfat3rdUjFZ
;q5Nq4o57MgD3vSE7pQlK3YmwHfKKCHcz0+5N6rOmAR66JGXK+03jKkt+3po7UvT54GsCUky3aQhyc0x
;KbQIbRRKvaNNs9KY7Bmc0E2sbvNU7ngBrh1tZ1mGdnn5Pj0BrARCE3rkuAmLSfMliYE76NhipTid9oQ
;ODWzs6OQ9gySIfeYWj+Uu4wSYnz4346yuDFDQK0HYiR/9TBDhXPFNKBjM7kCYdddLyFBXmoDWqt3GNJ
;0326lrE4wv8IRL+kk+ixe4maUerNeuWhVmTwYKmQ0MSismIQ3RF+0/rE7SRqy4vWlwoVF+pPD1xkkF2
;WBUC9JuiBooDZ0H667WqeFyfw0gPWJBffz+SnsAf01klYg2Vhpjq+QyxGwJ67oFJSbCryYRvUSAemCT
;Z22sAQ0JTYYsDQdxGIqpv6HlyDfqshPP3UJklECuI/Mwq33we4nuL9KzBiHDQv7pn2FFdFczKQ/de/f
;7rEUyWMOlG1ESO28zq0P3+17o5NDbmw9DdfYBgTvGclC+xOQhjqvQof20pFPIcuPJRS3uVk+hCVmwS7
;v9cQo1Tss31AaI3gVvbmwW54BNFOeAu+wNuoqL7reKwb4lviAbD9IYCI2qT87nhWYuBl/djIdB4NxYt
;7riC85KY260j5ZAT4cToASLDZ9SoaDnokwD+Lc7Pa+vZghps+kDvxnzHIqSiSm/6gH7v/DfTy8AWJXr
;IXNR5zRqPPXb8IbNcP7SSgRZvNGrpvDv1EqGCGpAhY7Gg1dfZor3s2+pm509RJKCOZ3Hg5EWq5NU89z
;ABl8BKpAmtutm/PR9LDIaGfTyBjp0aIvEQ/3a7ZnJczH0Js2ckl5fxDSLBvnbb3WFo1PI+qiJ5/sOJ+
;ByKQFGrzjCDAMfhWMAxk/cAs3G8wYoJZvNAQNWSuAQvM74VTIZQnN/7l0uMA/A1G3TnnEvcxP39cMdV
;DqfHmu2CID8GzhhT8gNhHldfVx9eUDf5uBO2TPckJw5LnEi29SrU5Ry61O90Y0C9eQOktnJwZKGyRqH
;kM+ZySAxYNm5i1LKNJJTFykNeGIB1maS8FISZuijze28BNY3AYmDp3hwqG5Bx45izLNsiwrSTd3FhRO
;c2HZR5R/4r02AqK1md6ztk5QxxrMGCqwhNemFOmODz1m0yWWhYf01hOh2aSoSAaNRUr5BT3i9fpDxZ4
;Sd+dXirtf+keyKikStm7cwqP0lByFGOuAfrT5vpBo8ej43w1dc9y6ULJCmkpC8WK5WwOxtjV0GiOH/b
;D+ki/lnQzZ9bk24M++RYuhETDH5efaWutjsEFg+ctRXBAgZJVgAn6yW7LlmjHhjvy6ih65baA5mlB3r
;0PSDdj9riL+sUKVFVBOj8i6MWsrpxkDg1wWVBuObc+25JkPNZ1C5MNGxexkHQZYjthi62UHHRmAbHNk
;rriTnQEwOa+lQF57naF41ZR2EvKQ5unlAbYg4Ap/BiA0qJVSVJMUWfrAWfWkitVVolAweEwznbGP4rh
;5CyMwgdw/yfkjL2ifaiyWWMst8br6EG/pqXnOQT1M/CXZTSjCPGhwWHkVTEioS3HFoDmSzBfecgeKVH
;45oGw3SYQqQCFXhVQ5MRfX5Eju+3hut48YRAi91pVSMjvatzTUQvMysnn73y0LG/6R0zL9JCwdjZo7Q
;Z40IooVa9ZaC6OLeFJJdcLKc7BIczFHE2IT8j/N/0CNqU4KpBWF3Iy6pWpUNC3qbMYFIkHTbfs5qYa8
;hbDN/9gX+04H4U6orRQiWO4G9Y0hxxDjKlDtOQBVgdPfL61ok+iaWjnYY6CN0es2BZZdV+XloE2TRaY
;UCTjiOFny+Ots8R9JcDnOBa1pKuUzN98VKhbel+OE/7NtLUufsn6jw6CyT98uFOYR7ANrtPqKk7ylkQ
;pLRSPHK3Kput5gabGMLiEWYsR/e2fO0eFiENgdKOqjTes6vplz5WCeCVabL+bwSYpqLS6t7cFINmxfS
;m8sl4FFRMlv+TW2BvVXjOCzKNvNO0UANjdZ8HtEdtAGBW5LEE2vmHTN96WBUVCXaeKbaYoHYtdGI58l
;CNzfZCyWkrtgvMPa7xIQutC8w7GOuVk6KVIYzmlcxmddBpXI0dDgmcUpV3dhohUQRbkBke8xzrc+QBb
;tJMm38QkxmOFRABDphnM8LuoOaME9qy8XkUHJ0OknVYcLK8r2B8GcUjWtHA/ZVl2UrSfrGVS9vfbVKP
;clALVcfL5/fc3Gf/QNkj9qe951H8lYkD06/FteG76kJtqZJwlV1B/S9EqHaRhZhX/B6dBUtYdHAYdro
;DprJ4d+Bku2RdGHDCmQyb1hi+LmPPYP1IKM6g/VCNXB1Wtgsnzhk7w1jJe4RAGbCGG/T3RyzncE/zig
;N6+OFtisMjBThX6TBUChC5f0gVquuJvLA/RLCsFeFGz9aXQwCuMfcVoEw1CLrbNUrPJQTuD+0Vp2PIK
;u6oVawN6k+bON8HGTpXvu56vrDVDY2gHDsgZFHZlBopzNZ3QqQ6Kq5KXJ9/QnAXJlNQZNrS+D6dGjxO
;2yu8iqAsPqGvZazjFHuq00N+ZkpMibhL76U5oPkpqx67zUddXD8zcn+3Yl87/HGkD7pf1g4bEpa9cvV
;Akh2+os6QsIWSfsY3vnOY6WniSk+19ufg9eh6neM68dAi9uQaIv34euCrQgKgvkJnHjP6tFShcSyigx
;mzszIhVI9fXb7jaddLHWLDG4RZz5hwi5plnO9Q/qB55jwmssggrU3f4x5wYLp/VJDRhAFgdG7ozaAiw
;lkFeKjV0ybh/Y9b8EMnJyWVhg5x0EKjwkjX8/7coIMNv9MXIqb708N6dVav1aAzbCH9U697i41dOf49
;HltI7CwMVybTlNizgnQqv6DsDsBhoVkI3R7AIx+24wcGz7GWwxQDXQye+T9Z8YQrDJ6F88hbxb0EVq5
;Cxxq+ao/yu2sygtWk7hC8Hicji7ppKUBlowB5li6/MeIj5xLyS3vF6DpcsX+h4Dzj60sY42ua2CpGWA
;jNCH7cTLxJ3EaiEeRIc6zyB5ivKXQIG2BSPh+A7TomRkXhPe3woyc9NrHX3VwOIP4hOZHbsI0HH17B+
;QFlsa7KAaBppQ1uanBmCS9Yzc8jkokNQw0oWlneNC0LHYEi18c+kwrUr8L9J2MAhy93qX+4jM0BbRRT
;FwAFW97yQzy9uTbOifAWeG0yGvDHNG4jpPnFqqNHnFub7kI5BWr+OPiCIYbKEoxdPKS/hQeOtcoRdGi
;o6oizMr2Uc4f7IcdeiJZmm9syKSSnm78J8IKDcRvhevTwJDa0aoACtEOafB3u8hvU1Ecp1+Mb+kPx5t
;L+onK7p6QL3KFV0U6i/OZFFCFjtAFClT4U9/zX6jpX69m9i+hxFCn4HWaW4+Y4LhdTIZDy/k1m6lAv1
;/t+f1B707TbMHw1nDIzEpfw38sYksa1GZBpT2mre1KLONzIbrieBgEnQh7HZepLrJ2Nv5QQmeeGHFrw
;W7UMnaO4+T0C/hpM20DKsDy7ltcIG+6pzMP2tDmcsVHefB6hjUijLAdnp/R2CgNY0akZ86wGsqd+RNX
;GjW/4nT1b9yy3XsLy+vqylok42LsIFtZPQ9+ZjWZh5Of8kzjnPGc7DliW6mr0Fi6iVpicUfOWhyvP/h
;IYB+JKhIAT0aX2y6dAjkEDc3qqQyhubQMalkQJ+xni9P4D6UNV2abUkcR0WM+YDEk33jsHtb6PAA1ht
;lSWu030n4phYKBQMkazKkEsNe7G9J+i9NVXx30ukElg7jWdFMl0LT082VHMPnTQ5srqEN9U6t2qaBMN
;VwJOezJ6ozIRWVbubhK1GiCW53GB8ERThEc3fj6ITpUVo9wpm5Cm9AXqEfXcNBHAodlmZ5KihVoguSD
;oAj9HCow2vXiDruPTto+sgdxzsRo+TVjBtfhZ1+VwMCcKJgSu9Fas14drKrC81iKD1AkldNfU62WSKv
;8yCvEfJhI/p4CxhIsmdCSTo4PoaTy1DeTk1FsYPy0NAQinsyhjg94WESAezUpyY6o226vUSzOVaf2BY
;iB3WsHBS4FgiBMeLpGYqQZX6jqnTIWRJXzQB92Iy6LwifjEb8lvWAsfJP6mmRI8hqnmw3u2lad79Zr6
;BYN6voS03RrUIxeAnfHa58Tc8S1CW/9dAYFe/u3nX0q/d2klPN0LAxpq6eMHuKxKi+JxcOTpyKGwjCV
;l7fGMAlnpQib0rq6I+yY/t5MAFtp8GUDSQAfqejZmRHaR3+S/4Ld8YZM3ejuGV489uzeOH6UvaVY2Lz
;iwoR2TVfrzJcMCSOOBO8YIKEZ9aVwgQwQY68WPGVdygXXK8cDp8oV6nB1q5ha1M74KYhldBgKpy8hK0
;NbnGFEBZvzKh4Mle6FfpXPDgg5NElSb6Kcpai4S0bB/U74gQCMeJIF+OIeWTCr1CrVtZpvdvgcMFAHE
;96/K2J03ZX+4Xd7EvR1tj+g5kY1oHnM1X0iu7uGeHg3YhOqh4ieA7JWOSEcrjmF7xXXiQPysM0dve2a
;CVqXaVrMyY03Y327x1PRLAA6SVfr8JmDho1zxhCUwWYeyFhJCjjk67LzWttnApuGmtqP/1zkvdSsGr7
;2GTKuBJkq8Z1gMj4nmokaLUEmpN+vZK7ADGUl8rFG94y2Ps7fkj2Mat8nKqQZ5fuBZIWoBOPyLpT8dZ
;lgoNVADss4GPKh8rqJcuHS2bLNQj7WdRGt6xoCqnlH/gZZmHlgUVAxr22sBKLVgdqJBB29L3HbILePC
;P+TiPbfVWpy5dPrR2CxCecQ7bxegcctBuKV2jbAsvnrXiMpHv0pLshl7m6ide8XNXoqJgxjX7gfvaWJ
;6MFUy9LqSwahLxjKVzCryLsh7lfyxa92S4dwzqq3qWCs6EBc7rP8JVu4orxRtHpKxMh80/1uP6SKB7E
;qv6k4OAEfs1GgKZOWwtLXbzBSiiTk8VCadZ4rJt3pLl7GTog2XiooIkjzdW0wkcGdRCDlIeT//Xjzl7
;/pgVC6C+oGh+btSNNC0V1SKgVAMdQy/pBWUIcSqVd3FZOwepAbJK2N8uB0sR05gqXHMvVvfdN68IJXF
;rX/VdKAjuzNKEgc1HEQ8kafGgXOcicGC6ajfgpr1BNZDt+KRlUt73hWi3zFULcpHww9Sl7A04K45w4t
;JtYPGCC1RdI9eNcZKSUVOOlDQgv3jM6Jhtb1YSUTmkgNA/Vy+HeJRrmOl3fAsFmTMDDavNwUpixpSvu
;BZEJ2GUX8LIRFoix+5+SwC9Bw0f28UJc1UrdwcK7mROxuWcJ7FNA9FULYEsLttcsBKSUWWkaAf93ekP
;0buPVOJrTW2+i+/M3C3o2dkrClqEKc/1M2L5pxljXiWVH8+wt1z6uvb4NwEFrxZ6Xvr0mdtSr0A7UUY
;sn1giXqzOh1fVZ94LDeb+gRDVLIbL0Fuzn1eQwDTl4uSbIccMb3bYX1MJ6Mfrq3NIRjxHQPPmuWzQ3w
;H2NQGfdTAHUDutRIny0WE0GVe+H5tKdXsPewOXqP59xYuovV7bOKy5sIgTQyKN+ZP2a4FZ+vh+hdzou
;ocvec26NVMSnsURXksPRWikX0n+R8ezAUL692/PDcMu3w/QWmLtigmHmZsM0VS7/zzEleNcHOuBGfrq
;L9ZN4XofCRBCOi0LikeeGg1TUnozP8iQZZrasFoOJjdzT9Wb818PkEI6NVNSvJUDVQsPYHC8h5GlXps
;z3EOhMbgMFlqwRBTQQno1U1KexSEBywlgaORHECaenLLdwafwdA3aGXGD1o1V4G7Iy8JFAxHLD2Bo5H
;0Y/kHHq4FBojL2jVSfskIVi5mt7wjOR5gUihZSeTRkXwj+R8ergXuq6itWTcMyR9cJGSNpyw+EntjGF
;xP6M3lfSL5Hx6uBWdi6L9JNwyoHVwibYSwPysPfWIpc0nu05F8I/kfHq4F7quop1k3DMkfXCRkjacsP
;hJ7YxhYUvH84ghRn359ywVm66i/WTcMITw/Ugjo1SwpGHFhIl5c9cr+E3yNbX/YYAvrqb9ZNwyoDKgB
;CMHVTUoaYmIuSGL10fALRpVAdsFpApj3zzhDZPcRXjlXhLAjLQ98UiFNXvXM430i+R8ergVngui/cDc
;MqB1JLmGMijk4GmJoK3NV7s/0DnyJfmrGWgqK0OA3WFPaGUszaYuhJCUVFAxHLD2Bo5F9I/kMHq4FBp
;PBzAZUY8UMWi97iaEkJRVLdUctPYGjkX0joF8evQVn68nHMERTyxNSMW2Gpiw+EntjGFU9gKORfSP5H
;0fuBXXrqL87WHjcE1IeZImsKDgkZ30iSVmBopF9I/kfHopFZ/uov1lVY9wIUCxXnL0kKRB6aDRfPYA5
;COS6YIbXkQV566i/O0VlzBtWL2+3sDU+CWF+LkNT3tT4GVeRQGzPcQ6EqL5ZNwyofL8gSOjHTUp7dn8
;uSFrozfYiRZhxQd11Ao7Mv1g3DKh8P0FRqNVZSnsUbzVFWebK/xp8n3Zmy2E4isbYNVIMqXw/QQjoNS
;0Kew0NRyxf88r1GkqXeEHIaQiK3No9aG3aGV4eZYG7TUt7FA1HLD2145FsI/kffNxsA4zB0T5oasQTS
;DNpnLBNS3sUDUcsPdjjkWUj+R983GwDjMHRPmh/wBlTLXu3syElDGZsM0k9gKORfSP5H0fuBXLrqL87
;RWXMG1Yvb7emJS8XeH4YX03kxvV9IvkfHq4FZ9Xov1c3DKgeTShsj7wjLSRnfSJJWYGikX0j+R8eikV
;nyqi/WVV+wRhYKGaPij4/C2RiNVhY5fzwD0aYQGzPcQ6E99I4TwypfD9BCOjVBAp7Gw1HLF/zyvwiT5
;Bxe/FmCJ7Gy1k2DKh8P0EI/JVNWHsUDSRDXPLX+BNEpnt33XEGhcvaaDcNqHw/QQjoNXJKaRQNR09S4
;NDlFE2eQHrHdhOKxtw8BQypfD9BCOjVrXV7BQ1HLF7uzP0iTpBxQchgAo/a3i1SDKl8P0EI6NVpCnsH
;DUcsXu7M/SJOkHFBwmQejtrgLV5hzXw+QQjo1U1Kb1QNWiw9gcf0E1CcQG3bdReE2ssGXmLOFVMtV4e
;gOSYSemg0LDyBo5F9I/kfHq4YZ+uo2zxZf80jTDR4mLo/PiR9YylJT97G6Q1Cl2x3wWtn6jImwK6VMZ
;UAQRPo1U0uHnp+InNO9NPhElGNQHLPfAKZ2+A7WHjcE1JBCejVTUp7FA1HLC6Bo5EZRpdse/F2EpvY0
;CtDU9sMWiRs6NRNSnsUDUcSfYG6kX0jnXZzy2sUgsfRBk919x9QLHiNuz4rD31iKSw8gaORfSP5Hx6u
;G2frqNswWmnGD1YuZretNBUYe2A3SVPywuUUTJdAdsFpAuupv1k3DKh8P0EI59VNSh5seTVZWeTRzhx
;Olmpw2gVm66i/WTcMWEM/Uwjo1SgyD2Z4I0lP3sz3G1Cca0HWNGfqqL9ZNwyoRX9BGujVTS8DYH8ySF
;jz/P4bRYp6avF9Veupv1k3DKh8P0EI+tVNSh5seTVZWeTRzhJFn2x72lof2Ki+WTcMqHw/QQjox01Ke
;3F1M15I5cbjIkyfeW3LcTiSmb9YNwyofD9BCOjVX0p7FGg/WE/0x/QPfJZ5eN1gE7TRjVk2DKh8P0EI
;6NVNWHsUDSJUSfPW9RhRpnB4yHYCn/fGajcNqHw/QQjo1U1KSBQNR0lF9dHkGUaLQG3ZbBOIwOA6WGP
;EFVEmV4CwLD4OZFImSEvgzfIYfI16c95gFYrcyitSPah9P0EI6NVNIzsUPkcsPeTb5Q9WnXps8XYQgt
;zcMWhvxxNTKGaPiiUvGmB4N3Nc5dXwE0CcQGrLaBeO2t4tQn7NTj9ACOjVTUp7fU1HBz2Bo/QFV4tqe
;st3OJjf1i1UZPcfUC5kgbsqFRNxbDNZTd7C9QtCl3x78XEOhs2/WDcMqHw/QUyo1VNKexRoP1hP9Mf0
;D3yKaHfaZg+0y9A2W2XGG2AxaZq+EjJ7FQ1HLD2BI9M9I+cfHq5gH5/ayj1SfvcPSCh8i70SKRR7YS5
;CWt7T8A9IpmYerwVn66i/aVxMqFg/QQiNrTk4DnBoNXNO9srlHkumfHHBaQ6Fz+AtUmHYGU0gfJ2nKH
;t7FQ1HLD2BI/c9I90fHq5gH5/ayj1SfvcPSCh8i70SKRR7YS5CWt7X9BBTnG1/2nAVjpq/WDcMqHw/w
;W6o1WhKexRoP1hP9Mf0D3yKaHfaZg+02toqQ23aCGAkcJynLBUaeWIyQkmzo5B9I/kfHq4FZ+u2v1k3
;adAITTRsjacSOQx9eSREYvPG4glCi2tB3XUCjsyNWTYMqHw/QQjclU1oexQNIlRJ89b1GFGmbGnHcQS
;D9808Q37JH0soZ4aKLCcUYWMzHj2Ao5F9I/kfOu4FRuuovzxPeNoJWyR6t6Y6Iw93ZRheWPXR8B5XkH
;Bw8XYXjs3bazcNqHw/QQjo4Q1KdBQNR0lF9dHkDkqWcUHZbAOfwL9YrZUx5abY0dfVXEp7FGg/WE/00
;PgSTaZod8pxD7Sav1itlTHlptjR19VeSnsUayZCYuPP+A18iX5r3WA4htvaOjcNqHw/QQioqg1KaRQN
;R0pc7/zzEUqJQGrGdwKYwNA1UwypfD9BCOjVcwp7Gw1HLFvgzc4bVpVzQcZgDozAy1k2DKh8P0EICOp
;NRHsUDSFNU97F5BFPpnN/12AV66m/WTcMqHw/AQjh1U1KHXVjGF9N5Mb1fSL5Hx6uBWey6L9UNwyoGl
;4vV5ulKC8fS2AmVD2Ao5F9I/kfR+4Fduuovz9eYMkRWi98t7EkKxZxeSJePYCjkX0j+R/ikQV166i/P
;15gyRFaL3y3sSQrFnF5Il4PgaKRfSP5Hx5SOmf5qL9ZUWXEHVIkZpyKKSMaeWgzSU+yo5B9I/kfHq4F
;Z+u6v1k3asEQXixthqESLhJ1YCJYWPOXkXwj+R8ergVn66iyWTcMzhVTIGWNuzkVHXhiMCw8gaORfSP
;5Rl6uC2frqNkwW23FGVE1V465Ij1KFAxHLD2Bo5EkY/kRHq4FAYLE3jRSYtwjWS1nn+dNS3sUDUcsvd
;fjkXAj+R94x2kGhs3RLWh40QxaQQno1U1KexQNBywzgaORG0qVfnPLaxO03MYpUj6ofT9BCOjVTUo7F
;AFHLD3nyv0RfJ16cN1sE5Kovlk3DKh8P1VI6NlNSntyZCtAYu7V9A9PmG8erwVn66i/WQlMqF0/QQiO
;vD85D0thJlVY8/z0BVeLam3Hagm039Y9Q2T3Dl41YYfVTEp7FA1HLGTBo4N9I/l5d9x2E7TE3iBSfvc
;PVyRkhKZNS3sUDUcsPYXjkVMj+R94x3cUn/fTOE5p2iNMLmSBsRIjFXJkK0Bi5NvlD1aKdnHAWhCCzM
;sxaH7JCFYuCOnVTUp7FA0ebD2Zo5F9RZBtbdppBpLNzQZRZcQdUiRmnIorJhRjDUYsPYGjkX16uR8Nr
;gVnjcHHPFNTxB1GJHq3pjkrCWBSPyw8gaORfSP5Rl6uFmfrqNkwT2nMI1MgcY2nEjkPdX8zc0SBopF9
;I/kfHvBFZ8iov1lQbdgjWShkhIo+IxVzYSJzWPnX4whQkHBw8XcGn8HQBlpt0Hw+QQjo1U1KElQNZCw
;9gcTwDXyfdnLCWhSCxtg1UlPNBEszfZu8IiQkZmwzRVLezvgTI/gfHq4FZ2vo/1koDKh8WCB4t7MkJh
;dLfi5CWu3GzhhbjW1r3WwIhffMKVJpzHw+QQjo1U1KP1QNSSw9gcTwDXyfdnLCWhSbzdo9Nw2ofD9BC
;OicDUprFA1HS17ux/QiV4Bve/FsCY/Nx1k2DKh8P0EI6NVNRXsUDSBAUuPC/SJMn3lty3E4k6i+WTcM
;qHw/QQjo2k1Ke3NhKE5c7fz+G0WKemrxfGfqqL9ZNwyofD9BB+jVTS0Xe28mQGLuxfcORo1AZK4EZ+u
;ov1k3DKh8KkEI6L0oKw9hfRhLXu7H9CJQnG5ry2sEjqi+WTcMqHw/QQjo9U1Ke31jIUVR7fzwGUKJa3
;fYYDiCxtkwW2D3Dl41YYeKICsDFAxHLD2Bo5FDY/k/Hq4FDoXO1jVbU8kYXjF8gaMoFRJ6ay5AUd7R8
;AlKlkBzx2tn6qi/WTcMqGh/QRfo1U0jFXJkK0Bi4MfwDVeQaXvxbAmFzc0GUnTYHVEyYYe7TUvhjZTe
;taRonJFrI/kfd8BjDofE4DhTbdgIVjdtt7ksMx5mfkctPYGjkX0j7V8etAVn68HRP15gxCNeJWmYoSQ
;8Hkt/IkhI4tf4Ek2KHx+uBWfrqL9ZdwyxfD9BYYazJCYXS2wjTU31yucYfI52etptOIbB0Vk2DKh8P0
;EI4JVNVnsUDS5CW+jP/SJGgWts23YOhMbgLl5o3BRgM2mcvCJKehQNRyw9gfrRfTf5Hx7HawGCxNMGU
;WXEHVIkZpyKKyYUYw1GLD2Bo5F9erkfEa4FZ4LG2TBbYPcTWSd7jaESMnsVDUcsPYGjkX0j9h8ermwJ
;jcHTNWhjzhpMJHy3rE1LexQNRyw9gaORcCP5H3fAYw6HxOAqX2nEEExBCejVTUp7FA1HLCGBo5EUTZ9
;2csJaFJvJzSpSU8sTUiNhhrASJhptaDVfPYCjkX0j+R/ukQVr66i/MFlqwRBTHnuYsCguexUNRyw9gS
;PXPSP1Hx6ubAmYzctpaH/YGVolCOnVTUp7FI0BbD2No5F9Spdse9p9OJjY2jxTDKl8P0EI6FULCnsED
;UcsVPPM/xRNnkB4wmoQmcnLPDcNqHw/QQjowQ1KdhQNR0VP7s34E0SmbG7LYAPrqb9ZNwyofBsBCOPV
;TUoRcX8sc1/u1+USTvkeHq4FZ+uoqxk3H6h8Pyttmr4SKBRgeShBYvLW4xtCmnoerwVn66i/WSNMqHc
;/QQiCsD8hJH1jIUVR7aOQfSP5Hx6uESfruL9ZN2bNDlQeYYamKD4kfWMpSU+BopF9I/kfHrpFZ/uov1
;ldadoXYChmm7A5FRRheSJePYCjkX0j+R8W7gVt66i/M1J+wyNPM2GGoU1LexQNRyw9geORdSP5H3TLd
;wy03NApNw2ofD9BCOjBDUprFA1HRljzyM4JTIlAbdt3AYrL2lk2DKh8P0EI/JVNQXsUDS1JT+r85Q9C
;j3pyrgQBjc7ZP1EG6HwzQQjouSwzHmZSL0lU5svlfSJjhoc3nP4il79/NwyoEF44bZqKJS8Sc2Uzc1z
;lwuEJSo96QcNkH7TA2jBQZNwjTSB8gbpNS3sUDUcsPc/jkVsj+R9yz3wCmffXPF5rwAhgIGyJpTkjDX
;FSKkVT3sv0FESRa0HcZBOCx79YNwyofD9BMajVbkp7FGEmVVjz/PkYSp53avFkA4rYyzBBafcPXix4h
;LwjLSRneSJcPYDYhdNkGGWakQVM66i/NVZ1zQ5gKW2BsiU+JHVpJlxJ6NX0IlCNem7BcwKZ9902Q3jH
;EWAzaZy8Ikp6FA1HLD2B6tF9C/kfHsJkHo7a4DFSZc8USx5pjLQ9PhJiaBhfSeTT/gtGi0BqwXU4mcn
;LMFgMqXw/QQjo1QQKewMNRyxR4Nr0D3yUemzJYDiIxNAqUlPOHVwke+jUTUp7FA1HLD2Bu5F9I5V+Z8
;t3OJjN2DRSYtwjUyRmj6ElFRZ9Y0ctx//JLQmwcSAeugVn68TeIFJ+9w9XJGSEphIlDXF/K01NgaKRf
;SP5Hx7nRWf+qL9ZW23RGU0ee5y0Pz4Le2QpWGL12uEYI/gfHq4FZ+ug/1k8DKh8US5ykrkoFQh9dyIs
;PIGjkd26YMYhrgpn66jQO11pywhgIm2GoSg4JGwNRiw9gaORfdNGHxGuBWeEytU8VHj3H1ovfI2nEjN
;7FQ1HLD2Bo2HCI/IfHq5qBYHN3C1of8ESVEEJ6NVNSnsUDUcsLIGjkRJMg3pB3W0OjsTbBlZizxBaQQ
;no1U1KexQzBywrgaOREkyDekHdbQ6OxNsGW2XGGWAiZ527OUp6FA1HLD2BU659MfkfHsFqHY73zDFea
;cQYYC5ujqYoPnsVDUcsPYGjmT0j7B8ermoRjtrXOFlr9w9XJGSEphIrFXNhIiw8gaORfSP5IV6uHGfr
;qNAvUn7AHVEmV5u9KCYXZ1IhTVPe0OEYRp0fH64FZ+uovwB3DLB8P0FnnrA/Ihp6ahhfVeTP/Q58n3N
;x2XcGn82/WDcMqHw/QVyo1VhKexRiMUlP6cL/GnyKd3vCaRS02888UmiofT9BCOjVTW47FAFHLD3u1f
;QPT5hvQcpwBoeovsOulTHlpog36MBNSntkfy5CSd7B9Bl8jXpz3mAVitzKK1IMqXw/QQjoVRwKex8NR
;yxN88r/CXyKb3vLYWfqqL9ZNwwoOn9BGejVTToJfWMzc0nkzuEYUZhra9xgZ+qov1k3DOgWf0Ea6NVN
;Ogl9YzNzSeTO4RhRmGtr3GBV66m/WTcMqHxWAQj61U1KC2ZkKVhi9cb8DUaLfmrbdwLYqL5ZNwyofD9
;BCOjHTUp7ZH8uQkne1/QQU5xtf9pwFY6cv1g3DKh8P0EI6NVGSnsUfyZKSd7C+A9EmG8er5/+cjEmwP
;4zqGM/QQiatCs+JHZsNEli5NvlD1aKdnHAWhCCzMsxaH7JCFYuCOnVTUp7FA0ubD2Xo5F9UZh5avFnB
;pjN4DBZasEQUx5phrIhL3sVDUcsPYGjkX0j7x8erncGjdzgO1Z/zSNWL26BuSEVCXV5LkM9gKORfSP5
;n17uBXfrqL8rVmrcI10ge42KISsCcX80LDyBo5F9I/kfXq4WZ+uozThRePceXjJtt7kkJB5jZCNYVYG
;iC+S6YIaHRzpn5Ki/WUVtzghgI2mbsBI5C3FoIyw8gaORfSP5P16uFmfrqM04UXj3Hl4ybbehJSMYf2
;MiX06BopF9I/kfHk46Z8+ov1lFbc4IYChmnLA/LBp3aBhJRfXR5A5KlnFB2WwDn8DgK1Z4wRM/QAjo1
;U1Ku3ZNRzc9gaPjHEWNQHfAcQKZzt46UlPBElkoZISKLCQceGhHLT2Bo5F9o69fHrUFZ+va3j9DU8ES
;SyR6jrQuLyR9YyFFUe384xxXkHAerwVn66i/WX5MqGk/QQiatCs+JH1jM0lP58LyGHyVfmfLdxTrqb9
;ZNwyofM9+CPDVTUoJdWszc1Tv1/QPRZh8e/FpDoXNyDBTeMB8PnI72+Z+eZgrDVEsPYHR8BtXpnZw2m
;AVjcncPGh/2B1cKGaP1UxKexQNRyzNvqOFfSP5bX/IcTiCxss8RWrJH1oee5iwKC57FQ1HLD2Bo689I
;+EfHq53Bo3c4DBZeM0OWSBrjYo5IhJ3ZilJTvKjkC+b55r1/91Y67m/WTd+yRpLHmSBuygVCGRsJEVT
;5qOQfSP5Hx6uDSfro79ZN37JGkseZYmnKiMVFAxHLD2Bo5FpY/kwHq4FFYrOywZYes0OTShsjYorIwl
;neRhAXPjG4yJGgWts23YOhMbgLl5o3BRgM2mcvCJKehQNRyw9gfrRfT75Hx7cZAGf99AvUn7aFVskV4
;+5IigaeFIoSlvyxuUiWfkehDec/nIxduY3Lqh8PzNpjqESOQ5mayZPWN7G6QlRjGx3wWs4nMHbLV9T2
;h1LKGfo1E1KexQNR3V9gbWRfSOLfnjaWhSe2tk4VGn3GlYtZLenLD4eFAxHLD2Bo9EoY/kKHq4FFYrO
;ywZEedoaXiJtt7MhJQxmbDNJPYCjkX0j+Z947gV+66i/K1Zq3CNMNHqOtC4vJH1jIUVR7fzwE0SVeh6
;vBWfrqL9ZCUyobz9BCJq0Kz4kZ3g1Slzixs4RQoB6bN0FZuuov1k3DKg8P1cI6NU/Kx1gUjRZT+fC8h
;h8lXZwy3IOj9zXWTaWMeWm2JEx6k1eexQNNU1b9fziCFGffn3LWhSbydwwWWuofTWWq5joR51EFB9HL
;D3zwvcJfIpqbMhkBI73zClSacx8PkEI6NVNSjVUDVEsPYHR8BtXpmxr3GMGiM3gLV9lyxdRJHub1Uxj
;J5vPsgTxvqODfSP5bXvdcQaZ3OA9Qm3EI0wxbY2xTUt7FA1HLD2145FpI/kfbMt2E4raywZSdNwOXh5
;phbo4JA8UDEcsPYGjkX0j+QkergUVjtvLOEV49xlHNXqJiiwnFGFjM3MPgaKRfSP5Hx6uBWfyqL9ZRW
;nbCF4zfLewNT4JdVIjWVzt/PAQTIxxaq4EZ+uov1k3DKh8MkEI6KcoOQ91fzNzTvHG9Bkj+B8ergVn6
;5H/WTgMqHxNJHuctD8+JGd9IklZ3pGRfCP5Hx6uBV6rqK5ZNwzaGUszaYuhJCUVS2wqQ0jv15F8I/kf
;Hq4Fc6uorFk3DNoZSzNpi6EkJRVLbCpDSO/Xzk8j+B8ergVn67z/WSEMqHxNJHyatC4+EntjGEhI4M/
;OHE6WanDaBWbrqL9ZNwyMPD9UCOjVPy8PZmwkWFTuzc4ZVphzQd11Ao7Mv1g3DKh8P0E8qNVqSnsUfy
;JYT+DA5RRMl0B7wGQFh83gNkJ42xVbJFeKujk+FHlSK01E5NHifSL5Hx6uBWfr6L99NwyoDlo1eom2O
;SMUelIiQlzjz/QiTIxrbcdhArTc0CloYMkFWjN76NRNSnsUDUcsfYGtkX0ji3pq3GQEn8HQN2hkxww/
;QDvb5n55SMcyRzw9gaPjGFeLfn3abAiF99c2R1OafD5yO9vmfnmoKw1SLD2B0fQJUZh8asdqCbTF1jd
;oeNodSSRk6NR+eUgnPnTPAoG0kX0ji3pq3GQEn8HQN2hhwRJgNXqJoygmJCYNRh8OspCiTsDGHwKuBW
;eZzcsrVm/cFVAvV4W8IyMWdWEYSUX10eQOSpZxHq9+c0XvXiOjM6hiP0EImrA5OBp3eS5DU97O+BNKl
;H5y8WAfn9rKKl5jxiMNQQmTweMNmm6ZeCwtgaORD0aNbX/NcQ6ExuAqR2nNGD9ACOjVTUp7XU1HPj2B
;o+MYV4t+fdpsCIX3zClSacwjDUEJ6NVNSnsURAcsJ4GjkQ9GjW1/zXEOhMbgI19j2CNcLmaMvDkjFHo
;8Ry09gaORfSMJIB60BWfr2totRW3LCFYuZrevJSULS24oQlno1/gSTcsfH64FZ+uov6kIDLt8P0F7jb
;YiJB9LYSZVWPP86yJPkHlqrgRn66i/WTcMqHw2QQjopiYjCWBSIE1NgaKRfSP5Hx6mRWf7qL9ZRGfBD
;kseZIG7KBUYe3gpWD2Ao5F9I/kf7pEFc+uovypcZdoIYCxhhrwgKxdLYSJCWvXLkXwj+R8ersUFq6i0
;WTcM2xdWM3y3pj0vHnANRiw9gaORfRe5HwSuBWeYxNAuaGjHC1EeboGnPj4kcmgwc1Hg2vQPUPkeHq4
;FZ+uoT2Y3G6h8PzJlibkhFR1xbDNZT+TQzhlKmHJ72mAV66m/WTcMqHwbAQj01U1KCHlsK0Bi58bwCV
;aLem3xbQiHzeA9Xm3FGUskeujUTUp7FA1HMH2BuJF9I4pyf8JpOI3N3i1Cfs0PYChmjrwhJiRmbDNFU
;oGikX0j+R8e90Vn8ai/WURhyRBTHm6NtDk/CXF+GF9N5Mb1IlGYa3fBBWbrqL9ZNwzhPD9jCOjVPiUX
;fWkYTlL11/4QfJxnatxwFILH0QZAZcwIVx56iaEkJXsVDUcsPYGjyD0j4x8ernYIh8HbBlVj3AhQLFe
;OvCErFnFjM3Nb7czmfSL5Hx6uBWey6L9LNwyoD1AtYYyKLyUPYGIqc1Hg2vQPI/gfHq4FZ6sn/1klDK
;h8TC5kgbESKBRgeShBYvLT9BhH+R4ergVn6yj5GTcaqHw/MmeEvCkVEnprLkBR3sbpDUKXbHfBa2fqq
;L9ZNwyofD9BG+jVTTkUeGQjc1TvxfgRT6ZsdstpC5iovlk3DKh8P0EI6MNNSntnYitFWd7K/xtKlXNB
;2WwDn8DgNF5iqH0/QQjo1U1KexQYRyw98sz9FEemc3/XYBW03NcwVGfGGUwyCOnmfnlIJz6kEz2eo5F
;9UJZzd8paE4TY4DxPeNoJTChnhoo6Ix9gZRheXPXK/n0i+R8ergVnsui/TjcMqA9QLWGMijklC0trLk
;Bc7Mb/CXyfc3HZBWbrqL9ZNwzxPD9OCOjVPiUXfWkYWFLx/P0cWpxtHq8FZ+uov1kvTKhzP0EIm7ohI
;x9LeShcYvLT9BhH+R4ergVn6yj5GTcCqHw/Mnidpz4VFnV1MEVZ9cuRfCP5Hx6uBYfUqJ5ZNwzbCU8x
;Z5qhEisfdX0zRUvk/PgTRZBzcvF3Bp/B0AZabdB8PkEI6NVNSj9UDWYsPYHQ5A1Tlm1q8WQDitjLMEF
;p9xVRJ2GEuRI4GmBkKHNQ6M2RfCP5Hx6uBUmrqJ9ZNwzbCU8xZ5qhEisfdX0zRUvk/PgTTZxtQct9F4
;rGzDBYYqh9pdiRcUzUk0QUGkcsPfLW4Q1Mi2tBz2EGm9zWL1JTxB1GJHqb1UxKexQNRywpwaOKfSP5b
;GvedQiZ3OA4U23YCFY3bbenKC4Od3kuQ1Pyo5B9I/kfHq4RJ+uyv1k3f90MTy56nIosLhpkeS5aWN7U
;+BlXkUBzx2tn6qi/WTcMqHR/QQXo1U05DmR9KF5J3sL/Gk+cHx+uBWfrqH8Ldwy7fD9Be52lPSUJYFI
;lTU7k/P0cWpxtba4EZ+uov1k3/Jd8JkEI6KY4Ogt7fzNzX+DQ9CJPmGZ73HY4mNjaPFMMqXw/QQjo1X
;MKewoNRyxO9NPhElGNQH3BawmOy8swWGL3BEYebIGmOSsVd2hHLacYOgjkukAgHrkFZ+vbyilHY9oIY
;CVthqYoFR19YStzT+DX9H0i+R8ergVnv+i/SjcMqA9KMXiHpzkVH3FjNEli7cLoGFH5Hh6uBWfrqL9Z
;NxmofD8yfZilIjgPS2suQFzsxv8JfJ9zcdkFZuuov1k3DPE8P1AI6NU+PwtkYjVYYufK/RF8i35qywV
;m66i/WTcMhjw/Vgjo1T4/C2RiNVhi6M33FE+VQHHbcQuCxtoqNw2ofD9BCOjVTUpoFA1HX0jx0/4PV6
;Zvd8JpBpn3zDBNaah9P0EI6NVNWjsUJkcsPfLW4Q1Mi2tB3WgGh8TgP1tjyQhaJVeOsCw+DmZoNHNF+
;Pz0BVOYcW3Hagnrqb9ZNwyofM9+COXVTUoIYX03Q0/1/OINRpx7Hq8FZ+uov9lxTKhvP0EIm6A9OhRm
;eRhURN7H+A5XmHF9ywVm66i/WTcMqDw/VQjo1T4/C2RiNVhi+drOGFuJfnDdbAiFqL7DrpUx5aaIN+j
;HTUp7Z3g3XFLz184HfJ12bdpkCYjNv1gEP5tPDHLL19VRSnsUfjJcTe7R5SJZpnB4yHYCn/fbNkBi9x
;BeOG2apk1LexQNRyw9cZyRZyP5H23bdReE2ssGTVPHGlkybZyKODokeGw+SU/yo5B9I/kfHq71WOuCv
;1k3f90OWSBrjYo+JRd9aRhOUvXX/hB8nGdq3HAUgsfRBkBlzAhXHnqJoSQlexUNRyw9gaPIPSPkHx6u
;dhKZzt46UlPbE1MobLe3Ij4Pe2AYSlHu1OMcV5wfH64FZ+uovwB3DLN8P0F7nacrKxhxUjRDUejHzh9
;MjWtxw1oLitHaK0QMqXw/QQjo1b11ew4NRyxO9NH3HECcQG3BaQ6P9902Q3jHEWAyeI2wKUp6FA1HLD
;2B59F9BPkfHt1wFY3J3Dxof8cQViVXnLo9FR5seTVZTujM/yJUkHtqxloVitzWNjcNqHw/QQjojA1KY
;RQNR19I88XwHkambHHCbAO03NApaGrEE0gzaZywTUt7FA1HLH3Z45FlI/kfbdt3AYrL2gZEY8QVWx58
;h6USJhptaDVfPYCjkX0j+R/ukQVw66i/KkJ+zh1cJFebuiEjH0t5KFxi8tP0GEf5Hh6uBWfrqIYZNwO
;ofD81YIG7Ej0aeGEYX03kxvV9IvkfHq4FZ9Xov0A3DKgIVyhmt6IsJhdLei5ISen84xxXkHBBw2Qf66
;m/WTcMqHxWAQjx1U1KD3xkKXNK4M/9IlSQe2rGWhWK3NY2aGHBEj9ACOjVTUp7LU1HPD2Bo+USU6Z9c
;dpxCIb3zClSacx8PkEI6NVNSjVUDUssPYHX4xxVnHNB3XUCjsy/WDcMqHw/wVmo1VNKexR5NU1L5M/O
;B3yefHHKYDiPwcwtVmLLGWAnYYa8PiJ7FQ1HLD2Bo4U9I+gfHq5zApnb1jZZU8QdTDVXjbEkPnsVDUc
;sPYGcID0j8h8ernIGh8TgKl9pxBBMQQno1U1KexQNBywzgaORCkKVc0HabQ6Iw9E8RH+ofT9BCEhM1K
;NEFBdHLD32yuEYfJZqast3OILGzDxDU8wVTDVphrYoe3sVDUcsPYGjkX0j4x8ernIOm83gNkJ4zQ5gK
;GabsDkVH31+M01T4sajfSL5Hx6uBWfrqL9ONwyoC1Yxbbe6OD4eZlIuQk7k184OU5x6ep8FZuuov1k3
;DOY8P1YI6NU6IwtxUihZSeTRzhRNinpq8XYXjs3bazcNqHw/QQjomw1KbhQNR1tU8cbOCUyOemzxYw6
;TzdsGR2PbBD9ACOjVTUr7X01HOT2Bo+YUU5xAasFyApn32TBPacwjTy57kdVMSnsUDUccVsGjh30j+W
;h33mA4n8fIPEVTwRJZKGSEij8rD3ENRiw9gaORfXq5HwyuBWecwc88aHjHC1ozV4ezKzkeYHVHLT2Bo
;5F9I/nfHrwFZ+vf1ilSU9wTSCR6t7orLAhxeT4sPIGjkX0j+R9erhVn66jIMEdp9whQNm2aij46HnFp
;Ry09gaORfSOwXx6/BWfr39YpUlPcE0gkerejIiYOeWhHLT2Bo5F9I9dfHrsFZ+vf1ilSU9wTSCR6t6M
;iJg55aBhBVO+jkH0j+R8eriEn67i/WTd7wQxaHnyHoig4JGNkI1hVgaKRfSP5Hx6aRWfkqL9ZQGXYGW
;A2aYS5EjkLcWgjLDyBo5F9I/lWXq4LZ+uoxQZDfskKWi1Xm6UoLx8UDEcsPYGjkVNj+QwergUGiMvaN
;VJ+yQhWLma3sCMrGXhoRy49gZORfSOYaXHHYTif2t4vUmD3FFAtbZuKPSsPfFIqTUXez/QTRI13Qchk
;BJ/HzQZSYskeUyQI6tVNRXsUDSVeVOXE+BNEpnpwz2cLjqi9WTcVqHw/I3qBsSojFXNSIU1T3tDhGEa
;dQHvAZAWHzb9bNwyzfD9Bapq8KS0SemoYSlT5xvUiQpd4cstaAoXJ3TVSDKp9P1cI6NUvOBJwai5CWt
;7Q+RhPlWxBy2sGicTaWTUMqGY/QQiKpyQnJHF1M0lP78L9IlCRenLCdjiNwc0qQwyqfD9TCOjVLzgSe
;VIuQk7ox/QiRpd+fMJgZ+mov3o3DKgfUCB7nLwjLSRxYyZOUeT8+BNFkHNy8XYOhc/TPGhgwRJacAjq
;1U1pexQNJENc8tf4E0SmenDPZwuO99Y3UWXEEGAyYYayIS8keGQpSQ+BoZF9LfkfHs1qCIf31zxWaPc
;QVid86NdNSm8UDUdPUu7P+BNEpnl/wFoOhcvNPFZ/zXw9QAjz1U1KGHtiK0VT5vzhD0qXa23eYAKP98
;w1WHvME0gvCOrUTXl7FA0jSVPyxs4OVolvcdxxOILG2TBbYPcJTCRXhLwjLwhLZClzVejE+SJHnHFtx
;3EetM/NMFMMqn0/Ywjo1SkvFWdoGF9I8dP+D1emc3/XYBWY9902Q3jHEWAkZom3IS97Fg1HPT2Bo/QT
;Qptze/FyDpvN4C1Ye80OP0MI6MBNSntxdTNJT+/C/SJQkXpywnY4jcHNKkMMqnw/ZAjo1SgyD2Z4I0l
;P3tDmFFead0HNagiHwdE+aG7NGlAzbbemOiMPd2VHLjyBhZF9I5xnatxwA47a4CpAZdwfVx5rh7ohIx
;VzUi9JXPXW4SJCnWl/wGYC66q/WRcMqHxaOXyaoCkvCUt+MEVJ4svOHkyWc3fAYjiCxt46Q2XeGT9DC
;ej9TUp7cXUzXkjlxuMiUI52as1tOIjH0DVeYs8jTyB6g4ogJQ1xUiJCXOPP9H0h+R86rgVnjtDLK0Jo
;zQ5gMn+BoS4iJGd5KFxi9srhGHyOfnLCWhOE39orNw6pfDBBCOizLCQkdmEuXGLkzfAfT5wfHK8Fdeu
;ovz9WYvcfUC5kgbsqFR56bCVAWIGhkH0o+R8eyGQJtM3ROFVgzRg/Qwnoxk1Ke3JsKUNb5/z2Hkydek
;HLawaJxNpZNQ2oZT9BCI68PzkPS2EmVVjz/OIVRpVzbfFgCYrK0zw3Dqh8CkEI6LMkOAhgUitNROTRz
;g5MlXZ68WwJjcHTNWhp0AhNNHuBuiMVDH1pM0Ri88LlFEymenDPZwuOqL1ZNyyofD8nYZCKJSUJZmQl
;QFjexukJRpdsd9hgOJjc1i1UZMESWEEK6NVQSnsUay5UYunM4w9Km3N78XAJgsfRBlZgxCNLOHiNiix
;KeRUNWiw9gcX4BXyRcGzcbAWHzeAsWWXHEmAgZISKOTMLcVIlLD+Bo4x9I/l5d9ZaD4TazTBVYM0jSi
;9hh7sSJQ1xfytNTfHG9X0h+R8ErgVnjcHHBl9j2g5WI2SNijg5HktiN0lT3sH4CVD5HR6uHmfrqNk1W
;HvaHUskV5qwPi8PS2okQ1nk/PQTQptze64HZuunv1k3a8kMYCdhhLkSORNxYStfPYOikWQj+R95z3U4
;jcHTNWh/wRJYLW23sDU+CWF+LkNTgaGRfT/5Hx7JZgiPzeA/XmDNEl4sbbezIjgWdXkYSVPgwf0YI/s
;fHrUFZ+vB0T9eYMQjDnE4t6A+LyRnYitFWd7K/xtKlXMerARn/ai/WV5izhVTLVeJsSw6D317InNY78
;LzEUb5HR6uIWfrqNY3UWXEEGAiZ4a2KCQPZmQkc07uz/gZfIxse/FiBpv32TBbYKh+P0EQ6NVNIxVyZ
;CtAYuLM/xNGmmtBy2sDm8fWN0N/qH4/QQTo1U0jFXJkK0Bi58rjDlf5HR6uH2frqNY3UWXEEGAyYI25
;ITkkYX4ic1rg084bSpVzHqwEZ86ov1leYs4VUy1XnaYoFRd9YyJfYujNzhVKnndBymAJmMHLIGhr2hV
;bQQrp1VdKexRkKV9Y89fOFUaYa2veWgCIx9s8aGnGHV0tbejXTEp1FA1HRU/uzfgTRKZ6cM9nC46ovV
;k3B6h8Pyttmr4SLxV1bytJPYOjkWEj+R9yz3wCmffXPF5rwAhgIGyJpTkjDXFSIkJc48/0fSH5HwWuB
;WeHycY8RVPbFFotZJuKIjgfcX8YQ031yvwUWZwfHK8Fe+uovzRYaMEaViR6t6YlLxd4fhhBWPPE9CJT
;mG17wHFn6ai/VzcMqBJQNVebtDsvJGd5JlhYgaGRfSj5Hx7Bah2O98wxXmnEGD9DCOjDTUp7e3siXlX
;gzfYiUJF6csJ2OI7G3jtbaah+PkEo6NVNJQ1xfy9NU+b84hVGlXNt8WMGhffMKVJpzCNaL2mKuShKeR
;QNXyw9gcznGFGLdnrLWgGCxN40UmLcI1ovaYq5KEp5FA1eLD2BzOcYUYt2estaAYLE3jRSYtwjWi9pi
;rkoeHsWDEc2PYGj4Q9Kl2tB3mQVn9vgKlJ93RlRIm23uj8uHmYNRSw9jqORfVGYeWrxbgKO2OAxWGDN
;Dz9DCOjBTUp7ZmwhWGLu1fQPUZB7e/FgCYrK0zw3Dql8F0EI6KcoPgl1bjNFUu/88AtMkHtB22sJjsv
;aKkRt2gVgKGa3pjg6C3t/Mx09g6ORVSP5H2zLcRWKy8swWGL3HUkuYYyKOCQVcW4iX07g0egiSpdAbd
;t1F4Tay2s3Dqh8LUEI6KcoPgl1bjNFUu/88hJOm3ZwyQVl66iuWTcM2hlLM2mLoSQlFUtoKU1f7caRf
;yL5DB6uBRWO3M04VHjBE1EebYa0LyYeSz9HLjyBh5F9I4t6atxkBJ/B0DdoacYdXS1tt7coLBRmaBhD
;SPXG4yJQkXpywgVl6qimWTcM2hlLM2mLoSQlFUtoKU1f7cbOElaNbHfKYGfpqb9PNwyoDlo1eom2OSM
;UelIrTUTk0fIVQpd4e64HZuu9v1k3fs0ITSBrnLwiJCR6YjNzVO/Q+BlG+R0erh5n66jNPEN+yR9LKG
;eGijciFGRSKEJR+PziEk+Qey+uB2brs79ZN37NCE0ga5y8IiQkbmUoXGLuzf0EfIpwcsdhVeuqvlkuD
;Kh8TCR8nLwjLSRxdTNeSOXG4yIRpnpwz2cLjqi9WTceqHw/MmOBpzkVHXt/JEli5M3wH0+cHxyuBXLr
;qL8qWm3EEGAnbYmhODgeZ1IiQlzjz/R9IfkfPK4FZ5jF3jVbU84ZXjV9mrA+FRJ6ay5AUd7R8AlKlkB
;7wGQFh82/WzcMpHw/QXuHuSQuJHZiM1hS7KOTfCPgHx6udgiHwdsGXmLOFVMtV52mKBUcdX0YSlTtz5
;F/IvkWHq4FFITE1j1oeMcMP0MJ6NxNSntnfS5eXO3K6xgj+x8eogVn69vPLEV/9xlRIGqEsE1IehQaR
;yw98tbhDUyLa0HPYQab3NYvUlPNEl4jZI3VT0t7Gg1HLE700+ESUY1Ae8BkBYfNv1s2DIV8P0F7naU9
;JQlgUi5CW+jP/SJWinpBwmwJjtvgMFlTwBVYKVeMsCM5EmB0GEtP6MeRfyL5Bx6uBRSe2M82RXj3EFo
;gY5GKLiUVemgkWFTuzZF/I/kGHq4FFJ7YzzZFePcRUCVhjrwoOCRzaClJT+DX9H0h+B8ArgVnmN3PKV
;h+3CNMLGmEuRIsF3tsM0lZ3sX0HFeMbXvdBWXqqKhZNwzcGVIxbZq0OT8JcVIrRU71/PQTQptze64HZ
;uu6v1k3eM0RTyR6iaE4OB5LYCZCSODPkX8j+RUergUQgtjaBkNj3xlNQQro1W1KexR6LlxY3tf+CkaL
;QHjHfQKP9882RGXcFVAvV427LCgXcQ1FLD2Qo5F9QJhre8lqFZL30ThaafcUWjkI68VNSnskPXEeDbG
;V0k0TziounjNS66G/WTdpxhgRJmuHsShKeDgMRyx6uJKxRnGcc3/abBGOiM82RGXcFVAvYYayRw1KNE
;hqHh3HkaZNE9kkTMtxFYrLy3lWLMoVS0tP2fUIZ0k0V3cCD6Hlo0kTyT8l/GATmcncLRdtxhgfM2mBp
;ihqIR5KdgxltIPISAO/LC6eNUfQ/9YpUizHCUtLT9n1F39LNDYVTVTyxrEnA5RwbMsPINKYn2J2btsT
;UzR8jfU9JQh9eS5DU+/K/xop81gvjl1Xy/GNawcskyxNJHuNuzlqC2ZkKVg3zJKhSwOqLz6VURKZxpI
;2UWqIGl4vAqXkfX5bRz1nF2n00f9QTJ95PsZqE47G21N6PZxMHxI4yO4ZPwl6IChKW6HB9Bkp81Immi
;U/y/GfHBc37BVMIGqEsG0rF3gtNFhY8dP0D1DZfWvaJT3ror9ZN2nGGA1vb4u6KS97F41HLD3MkaNMA
;60vPv00V9ui8msFPYgoDmFb2eV9QDYlPXMMabGDwk0ptC4umiUz2ojsaT1BmUgPYVvY3wB7SyMHABUM
;i+SgXWbULj7oNlfbovhoF1aDTBF0KK34eGoiOT93DHv61+McVZxzQd11Ao7MwlNwPpBcZ3EoseVHB0M
;gBwAVDYG2kX0jnGdq3HADjtrgKkBl3B9Xb2+LuikvexcNRyw9ga2RfSOffnDxdheOzdsGW2XbCD9CB+
;jVTXtAJjh8Hga0k6pOGMgvLq4UZ+uo2TBbbcUZUTVXnKw9LyRneTUsPoujkX1ztV4+nytQ3sXSWSUMq
;HxZKGSJuCgkD0t5PlxY3tDlDxH5HBSuBWe75P55BiKfSVIsCMjVTUodfX80WGLtwugYUaZsccJsA7TB
;0T9eYMQjTyB8nLA/JHsXCEcsPc3K/xhQ+QoergUAiMfbPGhqwRBaL2mFsBIsFGZgJlg9gsSRfSOCeH3
;BYQK0ztY1UmLJEVoef4GhJSUOYFIiVEn8/OoQQpp3d8BgOJ/RzzxobcoeTSR+gbQ5IxR6cBhXW+jP8B
;BGl2tBwGQKjvfeO1V+zQpWIHyBuiN7Bkt2K01E5NHOFUaQeHbaeAqGqK5ZNwzPH1AlbbelIjkPZH8oT
;1jy0JF+I/kfHq4PZ+uo2DpYaM0jSzh4jdVOTHsUDRVJTdPC4X0y+R8ex2sBgsTTBlZizxBaHmSBpjlK
;eBINRywJtJigThb5Ch6uBQ6FztY1W1PMCV4tV42tOTgOZ2QoQj2Cr5F9I7hzco5gH5/ayj1SfqhyP0E
;IgbsrIxd4UjdNSfXG4xMj+hoergUrgsbaKjceqHw/LWmRsD8VGHxsKUtYr8TyEkecHx2uBWfrqKJZNw
;zEHUYkeremOSsJYFI3Q1Tv184ORphyQc1qFYXNzVk0Cqh8PxNtjrkoMnsEDUcsUu7Z9CJQkXZ7wmE4n
;9HPPDcPoXw/QV+JoSg4PXVhKywsgaORDUKMbHvxbQKCz9ctaGDBD0tBC+jVTUp7BQ1HLE3twuUbTIty
;Qc9hA4Lc1jZZDKt4P0EIprojL3sFDUcsTe3C5RtMi3JBz2EPjtvWNlkMq3g/QQimuiMvexgNRyxN88r
;/CUaLQGrXdQLrq7RZNwztElskesjmbQQeYA1ULD2B0fAbV6Z7a89pOI7QyytCf8ETUUEL5tVNSj19fz
;RYHeTb5Q9WnXpsrhZn66jNOFF49xVRJ2GEuRI6GmB5Il5TgaCUfSP5U3fAYBTruL9ZN37NCE0ga5y8I
;iRVc24oSFiBoJF9I/kfCq4FZ5jD1itDU8wJXi1Xja05OA5nZChCPYKtkX0jv3Zs3XFHjtDLK0JozQ4/
;Vgjo1T4lF31pGEVT58r9EXyYcXnCYDiHwcwtNw+ufD9BPN3ufHlOFBlHLD3yzP0UR6Z2cMhsC4f3zzh
;DeM0OUUEL49VNSilxbjNFUejN9BxR+QQergUUhMTWPWhlxhpWLWS3pSw+D3F/KXNf7tflEk75HBWuBW
;e5zdwtXmDBElogeujeTUp7Z3kmXkmvxPISR5wfHVUEZ+uTnxxZaM0OH3Ioq6A+PhR5LRRYXPPXsToOm
;nB6yw8g0pqfHAcsk1xtJHuNoW0PA2B/MkhY86nWTxvZJD7magqOiN41WyzJBFoyAq/kbRBJOj1nag6x
;k6FdGNlScdhgR7GI/iFef4gJT2FkgaE5Jh40eSgMTfPG5xhNjT9tzXcGn8vXMFlriBNZYUCNtDlqOXF
;pTWsMofuhUxLZRiyeJT3bhox5cTmYTA9vOMjubQcUYmhnWFKh0OUcUY0/bsF2Dp/B0Dc9S5lcZ3Em2f
;UUeEskI3cMZ7GNol1lyCounitXy+2ObBc3iDhNIH/IoSUvW3JkNV9Joc/4E0bzWC+OXVfFnJ8ABTyYU
;g9hUtj7fmo9IT13HBOxg6pdbpZpe45xCMvb1j1SLMlcUyh8nLkoQDwlLR8cE7WDyE8T2UUugDZHrZmK
;aQcimFx6cjjI7m0OCXV6Z1hV5IPiGECWcXqOaQ6FzbUeDj6IOQ9hM8iHKDkeYC0CVEnz1vUYUfNYL45
;fVcWYnx8EPJhMH3oopbo7L1tOLQZUVPKD5A0DlXZq2mkCy9zQeUd+zQpaL3zIpi44GmBuL0VT5oP+Gw
;Oxen/aJSWOzLUeBizwSR8YOtj1F3hVJC0BGQ2xk79NA8I/U8FzAsvHyTxFLNwTHzF6jaMoJA80bytDX
;6HQ4AhKinceogVn69vLOEV4mlJYImeMsE1JFxUNR2EItpGxORPZTC6ANV7h5YpuBSzsTR8SOMbldEA8
;JjxNawSxqdxFEfNSL54ybayah1NwPYgmDnQm2PULMQ9mbDFJUd7Q4RhGnWIU+jVtrJGNeXI8ojsOYVD
;b5W0TViYtARQNsanWTAOjLzCdMEetmo9pPUuZXGd5PciMYHhbUTx0DHuzk6F3ZMg/W58wR62aj2k9S5
;lcZXQorud9enFTNHUMeLGp1k0DvDJl3GATmcncLV5jxiNbNGmEiiwnFGFjM1Edx5GhTSmtLhTpPFXL7
;Y9TcD2IJAxxOMiMYHhbUjV3HDfGkrEnE9csK45DVduYtR4GLPBPCXEosfh/aj4lPmdqD7GTmzoS2Vov
;myUh2ZiPU3A9iCYKYU7a5X1APC0/Z2kNi+ShXWbUZGzLcRWKy8swWGL3GEogZLe0ICUOenk6DHuzk6F
;3d8kVWZ8lIZDczThBacQjTDFtjbEwQDYlPHAMbfPK/wlKl3gwgCtn7Ki/WUR52AxQM3zo1kdKexRIMU
;lP+NT5GFGcHwKuBWeY3c8pWH7cI1skZpuwEi4OdWEYSUX10eQOSpZxHq0JZ+uo/jVbLM0ESzN9jLA/S
;mkUDUdfSPHT/g9Xpnt7wHYCtNzGKVIMq3k/QQikvCMvCBQbRyw98tbhDUyLa0HKcAaH99ohQ37dD1Yu
;ZujWQ0p7FEsuXk71g/QFV4tqest3Z/Kov1lEedgMUDN8t7wjLBJ4YRhNU+bP9CJPkGxqrgZk66i/dAM
;5qGw/QQiboD06FGZ5GF9J88LlGESAHx2oBWfr5tArWm3EfDNBCOimODoLe38zc0n40/R9IPIfHq5XAo
;jc1jVeYs0dTUEr6NVNOQ5mayZPWN7Q/hFKnUB8wXEThMXgMFlqwRBTHniJoTkvCXoNRCk9gaPdFE2cb
;B6OBWfr28orUW3LGWAyZ4S8KRUPe30YRVPnyv0RfIl+atpgFYWovFw3DKgwVi9tm9VZSnsUeSJBTeTR
;8AlWi3pBzGADtMTWKkMMq3Q/QQjZ7nh6QCY2dywogaORCUaUb3vcZBOe2toGW2nOCGAtYZuhTUl7FA1
;HLCuBo5EJRpRve9xkE57a2gZFZc8USx5kgaY5SngUDUcsPY6jkX1UkG978XEInM3NBlpjzBk/Qg7o1U
;0EHmd5Ikg9kaORfVSQb3vxcQiczc0GRGTJDFpBC+7VTUo4fX8kQFiBrZF9I452bstaEIrE0wZaY8wZP
;0IC6NVNAxVgaDVAXOLG9X0t+R8erAVn66m/WTdKqHw/QAjo1UJKexReR0k99aPlfUr5cR7JBUfr778r
;N2OoCT8xCMjVfEp6FA1HLD2Bo4F9I/kfHq4FZ+uov1k3DKh8P0EI6NVNSrQTDUcnPYGj1BNHnG0+nSU
;pjty/WTdn63w/Kkvo1TcJexQNR+HxTZ2QfSMxXR6uzSXqqL9ZNwxgPT9BCOjXTUp7Fg1HLD0FoJF8I/
;nXX64FZ+uov1k3wWSwAUEI6NVNSuBXDUe3foGjTT8X+R8ergWvqaq/WTcYqHw/QQjo1U1KT1YNR8R8g
;aOZPyP5E1yvBWfrqL9ZNwyofD9BCOjVTUp7FBhALD2Bo5F9EvkfHr4FZ+vF3jpfZcYZYCNpnbE/Kw9x
;DUYsPYGjkV0vuB8PrgVnhsncMV5izSNdJGy3piUrC3ENRiw9gaORfSP5HwquBWeGydwxXmLNI10kbLe
;hKCcLS2AmVD2Ao5F9I/mfRe4FceuovzRWb8AVUSRXi7ogOh56fiZYVO7NzgUj+B8ergVn6/H/WSEMqH
;xSIGuAvCMvJHdiKlxY79DwCUqWcUHXBWbrqL9ZNwzxPD9MCOjVICsYfGQpSWLlyvwiW/keHq4FZ+vI0
;hk3Aah8Pyxpi70kJB5LaS5BYvijkH0j+R8ezmgn66W/WTdhyR9XKGaNiikjFkt3Ry09gaORfWOWXx6y
;BWfrxd46X2XGGWAlYZuhLCQYcVIhXlLs/PMSUZ16bK4EZ+uov1k3DKh8K0EI6LgsKRN9YyJzWPnX4wh
;HnG1BwHAK66m/WTcMqHzPfgjy1U1KFnVuL0VT5Pz0BVeLanrLdziEztkqUnj3BA1BCejVTUp7FDQHLC
;eBo5EQQpp3d8BgOI7QyytCaM0OYC5ujqYoPiRtP0ctPYGjkX0j+R8evAVn68XeOl9lxhlgJ2GEtCAvF
;WBSdiw8gaORfSP5H16uF2frqNI4VGTBEloeboG5LCceenkYHj2Ao5F9I/kfHu4FcuuovzRWb8AVUSRX
;j7QjPgltUi9JVObL5X0i+R8ergVnsui/TTcMqBFeImCBuygVHHdiI0li4MDlFEyXHx+uBWfrqL9ZNwy
;/fD9BZYm2JSMVcVIpQ0f7z/QiR5B+c8txApmovlk3DAjlppg36MxNSnt5bCREVO/GzhNMg2Vyy1oDgs
;nSPENp2iMNQQno1U3q4o3UeCwkgaOREEKad3fAYDiFx8UjW2n3CFoseLe4LDIkJQ1GLD2Bo5EdULkfB
;64FZ4bJ3DFeYs0jUS5ykrkoFQ9xYDdzUODbzk8j+B8ergVni9v/WSUMqHxSIGuAvCMvJGR/LkJJ3s7+
;GUb5Hh6uBWfrqL9ZNy2ofD8saYu9JCQeS301Q1Dx184IUJxAbM9jE7Tc1ytSf8ATUyUI6dVNSnsUDR5
;sPYyjkX1OmHx2x2sCtNvLPEdpqH0/QQjo1U1KexQvRyw97MLyFUqXekHYbBWf3d41aGnQCE00bI2nEi
;Udcn4iWGL5kZF8I/kfHq4FXquonVk3DMUdXClhhrASPBJmeTJNUd7G6QlRjHt73FoIjc7MPENT0U4/Q
;Ajo1U1KexQNRww9gaP8HECRdnDLWgSe28s2WlPYDlYvfIG7KhULZmQoXlT12pF/IvkHHq4FCorL1zBZ
;afcYXjVpt7YiJA9xYzNzXOXHkX8i+QoergUKisvXMFlp9xheNWm3syQmHktsI0g9g6KRWSP5H3PPZg+
;CxtoGUnTcDkolbZqKPj0SYG4vc0rgyuUiS5x+asdrAOuqv1kkDKh8UiBrgLwjLyRybClzXu7N5Q9MlR
;8crwV666i/NFZvwBVRJFePtiIuHktoGEFI7df4DU+AQHjCahDrqr9ZJwyofFIga4C8Iy8kfGgmWGLjx
;vV9IfgfDa4FZ4bJ3DFeYs0jViVtkIo+MwhgaCosP4GjjX0j+XJ/zW0Ohc3gNlpl3CNNIGGbsDklDndl
;GE9S5caRfyP5CB6uBQqKy9cwWWn3DE0uZZihEj8IcVI1TVv1o5N9I9MfHq5oBojA1jdSU9gOUCx4nIo
;4OR5LfyZKSd7H5A1PkHx/2mwIhffSMEV+xw4/Qwnoz01Ke3lsJERU78bOD0aVfmrHcwK0zcctRXnbFV
;AvCOrVTWh7FA0qTV7pyv8YfI9+csdhBp/N4ClFZcYIVi9vt6U/IxRmZDNVPYOjkWoj+R9x2GAVmcHbP
;Gh/xBVcJFebsDk+EnpqNCw/gaOGfSP5cn/NbQ6FzeA/XmDJEVovfLe7LCceSzxHLzeBo5Etb7g/L4Ay
;UobFv043DKgRXiJggbsoFR19YSZBWO/XzhNClHpBnAVk4ai/WWdA6VwObz/duCBKahQNR0Fc4sv4E0a
;meXfCYDiFydI8Nw+jfD9BTYaxKDhbJy0JSUmBtpF9I5R+fcZsCY732TBFYd8dTSRXnKw9L3sXC0csPc
;zC4xFKlx8UrgVnhsncMV5izSNWJQjr8U1Keyw/dhgJ4pKgUBCcL3iDMQTdnpJgBGqcUQ0jPdvhdH1IJ
;TR0GD2To5F9Tph8dsdrArTFjmkHPfcfUCVt6NZNSnsUDVUsPYHO8B5LkHF78WhW25iNBlRjzBk/Qgjo
;1U1KaRQNR0Fc4sv4E0amciyeNVe0y9A9UgyrfD9BCOjZTUp7eWwkRFTvxs4JWol6Hq0OZ+uo+jdTadp
;cDGFGjaFNU3sUDSpNXunK/xh8jWZuy1oGicrNPEFlyQhWLmbo1l1KexRONUlc7crlBAO8cXrLd0fYqL
;9ZNwyofD9BGOjVTUp7FA1HLD2Bo5F9I/kfHq5PZeuovlk3DO5+P0EC6NVNGjdVLXYCCrTO/H0j+f8hr
;gX8r6i/T3QMqIx+QahkkE3yc1MNR4h/fqKRfSP5Hx6gBWfruL9ZN2rBEF4sbYahEi4een4uWESBopF9
;I/kffj1FZ/qov1lRZcQdUiRmnIopIxp5aDNJT4GikX0j+R8eUjpn+qi/WVFlxB1SJGaciismFGN/Jlh
;YgaKRfSP5H576RWflqL9ZUWXEHVIkZpyKPTgSd2hHLT2Bo5F9I8dfHrkFZ+vHyTxFfsEYWh57hLwuLy
;RnaDNYVO/E4n0h+R8QrgVnjcHTOFppxghgI3qJuylKeBMNRyxv4MriGBC9HwuuBWeNwdM4WmnGCGAlY
;ZulISsCS2MmQViBoIV9I/lETM9sFI6b+wQXXOQ9H3Am3+AgJ3sGDUcsW+jP8BBGl2tByGwLjvfROFpp
;qH81QQjohQELWyUjcBlQ7KODfSP5eXfCZAqOxssGUG/HGFoebYaxTUl7FA1HLCmBo5EbSpV+c8trE7T
;P3DZTafcPSyB6nNVOSnsUDUcnPYGj9xRPmHJ7wHE4gsy/WhMMqHwLIzGMs3pzGTk/I00NrJf0GxfUfi
;ifMkrYmYo6D2iZTAp3aorVQEp7FGsuQFzsxv8JfJd+c8sFZOGov1lnQOlcDm8/3bggSmEUDUdKVO3C/
;BhNjUBwz2gCtMndO0Vp3hVeNWGHu01JeBQNR3xxwKOffSP5eXfCZAqOxssGWWPcGUxBC+jVTUp7FA1H
;LD2Bo5FtI/kfHq4FZ+uov1k3DKh8P0EI6NVNSnsUDUcsPYGjkX0j+R8ergVn
;Data end
;
;Print Time: 299
;Material#1 Used: 87.5
;Material#2 Used: 0.0
;Material#1 Cost: 0.01
;Material#2 Cost: 0.00
