solid OpenSCAD_Model
  facet normal 0.881901 -0.471435 0
    outer loop
      vertex 16.4129 -20.3111 11.1375
      vertex 16.5977 -19.9654 2.00241
      vertex 16.5977 -19.9654 11.1375
    endloop
  endfacet
  facet normal 0.881901 -0.471435 0
    outer loop
      vertex 16.5977 -19.9654 2.00241
      vertex 16.4129 -20.3111 11.1375
      vertex 16.4129 -20.3111 2.00241
    endloop
  endfacet
  facet normal -0.881901 -0.471435 0
    outer loop
      vertex -16.4129 -20.3111 2.00241
      vertex -16.5977 -19.9654 11.1375
      vertex -16.5977 -19.9654 2.00241
    endloop
  endfacet
  facet normal -0.881901 -0.471435 0
    outer loop
      vertex -16.5977 -19.9654 11.1375
      vertex -16.4129 -20.3111 2.00241
      vertex -16.4129 -20.3111 11.1375
    endloop
  endfacet
  facet normal -0.995193 -0.097938 0
    outer loop
      vertex -16.7116 -19.5902 2.00241
      vertex -16.75 -19.2 11.1375
      vertex -16.75 -19.2 2.00241
    endloop
  endfacet
  facet normal -0.995193 -0.097938 0
    outer loop
      vertex -16.75 -19.2 11.1375
      vertex -16.7116 -19.5902 2.00241
      vertex -16.7116 -19.5902 11.1375
    endloop
  endfacet
  facet normal -0.097938 -0.995193 0
    outer loop
      vertex -15.1402 -21.1616 2.00241
      vertex -14.75 -21.2 11.1375
      vertex -15.1402 -21.1616 11.1375
    endloop
  endfacet
  facet normal -0.097938 -0.995193 -0
    outer loop
      vertex -14.75 -21.2 11.1375
      vertex -15.1402 -21.1616 2.00241
      vertex -14.75 -21.2 2.00241
    endloop
  endfacet
  facet normal 1 -0 0
    outer loop
      vertex 16.75 -19.2 11.1375
      vertex 16.75 -4.2 2.00241
      vertex 16.75 -4.2 11.1375
    endloop
  endfacet
  facet normal 1 0 0
    outer loop
      vertex 16.75 -4.2 2.00241
      vertex 16.75 -19.2 11.1375
      vertex 16.75 -19.2 2.00241
    endloop
  endfacet
  facet normal 0.77307 -0.634321 0
    outer loop
      vertex 16.1642 -20.6142 11.1375
      vertex 16.4129 -20.3111 2.00241
      vertex 16.4129 -20.3111 11.1375
    endloop
  endfacet
  facet normal 0.77307 -0.634321 0
    outer loop
      vertex 16.4129 -20.3111 2.00241
      vertex 16.1642 -20.6142 11.1375
      vertex 16.1642 -20.6142 2.00241
    endloop
  endfacet
  facet normal -0.290482 -0.956881 0
    outer loop
      vertex -15.5154 -21.0477 2.00241
      vertex -15.1402 -21.1616 11.1375
      vertex -15.5154 -21.0477 11.1375
    endloop
  endfacet
  facet normal -0.290482 -0.956881 -0
    outer loop
      vertex -15.1402 -21.1616 11.1375
      vertex -15.5154 -21.0477 2.00241
      vertex -15.1402 -21.1616 2.00241
    endloop
  endfacet
  facet normal -0.956881 -0.290482 0
    outer loop
      vertex -16.5977 -19.9654 2.00241
      vertex -16.7116 -19.5902 11.1375
      vertex -16.7116 -19.5902 2.00241
    endloop
  endfacet
  facet normal -0.956881 -0.290482 0
    outer loop
      vertex -16.7116 -19.5902 11.1375
      vertex -16.5977 -19.9654 2.00241
      vertex -16.5977 -19.9654 11.1375
    endloop
  endfacet
  facet normal -1 0 0
    outer loop
      vertex -16.75 -19.2 2.00241
      vertex -16.75 -4.2 11.1375
      vertex -16.75 -4.2 2.00241
    endloop
  endfacet
  facet normal -1 -0 0
    outer loop
      vertex -16.75 -4.2 11.1375
      vertex -16.75 -19.2 2.00241
      vertex -16.75 -19.2 11.1375
    endloop
  endfacet
  facet normal 0.995193 -0.097938 0
    outer loop
      vertex 16.7116 -19.5902 11.1375
      vertex 16.75 -19.2 2.00241
      vertex 16.75 -19.2 11.1375
    endloop
  endfacet
  facet normal 0.995193 -0.097938 0
    outer loop
      vertex 16.75 -19.2 2.00241
      vertex 16.7116 -19.5902 11.1375
      vertex 16.7116 -19.5902 2.00241
    endloop
  endfacet
  facet normal 0.634321 -0.77307 0
    outer loop
      vertex 15.8611 -20.8629 2.00241
      vertex 16.1642 -20.6142 11.1375
      vertex 15.8611 -20.8629 11.1375
    endloop
  endfacet
  facet normal 0.634321 -0.77307 0
    outer loop
      vertex 16.1642 -20.6142 11.1375
      vertex 15.8611 -20.8629 2.00241
      vertex 16.1642 -20.6142 2.00241
    endloop
  endfacet
  facet normal 0 -1 0
    outer loop
      vertex -14.75 -21.2 2.00241
      vertex 14.75 -21.2 11.1375
      vertex -14.75 -21.2 11.1375
    endloop
  endfacet
  facet normal 0 -1 -0
    outer loop
      vertex 14.75 -21.2 11.1375
      vertex -14.75 -21.2 2.00241
      vertex 14.75 -21.2 2.00241
    endloop
  endfacet
  facet normal -0.77307 -0.634321 0
    outer loop
      vertex -16.1642 -20.6142 2.00241
      vertex -16.4129 -20.3111 11.1375
      vertex -16.4129 -20.3111 2.00241
    endloop
  endfacet
  facet normal -0.77307 -0.634321 0
    outer loop
      vertex -16.4129 -20.3111 11.1375
      vertex -16.1642 -20.6142 2.00241
      vertex -16.1642 -20.6142 11.1375
    endloop
  endfacet
  facet normal 0.290482 -0.956881 0
    outer loop
      vertex 15.1402 -21.1616 2.00241
      vertex 15.5154 -21.0477 11.1375
      vertex 15.1402 -21.1616 11.1375
    endloop
  endfacet
  facet normal 0.290482 -0.956881 0
    outer loop
      vertex 15.5154 -21.0477 11.1375
      vertex 15.1402 -21.1616 2.00241
      vertex 15.5154 -21.0477 2.00241
    endloop
  endfacet
  facet normal -0.634321 -0.77307 0
    outer loop
      vertex -16.1642 -20.6142 2.00241
      vertex -15.8611 -20.8629 11.1375
      vertex -16.1642 -20.6142 11.1375
    endloop
  endfacet
  facet normal -0.634321 -0.77307 -0
    outer loop
      vertex -15.8611 -20.8629 11.1375
      vertex -16.1642 -20.6142 2.00241
      vertex -15.8611 -20.8629 2.00241
    endloop
  endfacet
  facet normal 0.471435 -0.881901 0
    outer loop
      vertex 15.5154 -21.0477 2.00241
      vertex 15.8611 -20.8629 11.1375
      vertex 15.5154 -21.0477 11.1375
    endloop
  endfacet
  facet normal 0.471435 -0.881901 0
    outer loop
      vertex 15.8611 -20.8629 11.1375
      vertex 15.5154 -21.0477 2.00241
      vertex 15.8611 -20.8629 2.00241
    endloop
  endfacet
  facet normal -0.471435 -0.881901 0
    outer loop
      vertex -15.8611 -20.8629 2.00241
      vertex -15.5154 -21.0477 11.1375
      vertex -15.8611 -20.8629 11.1375
    endloop
  endfacet
  facet normal -0.471435 -0.881901 -0
    outer loop
      vertex -15.5154 -21.0477 11.1375
      vertex -15.8611 -20.8629 2.00241
      vertex -15.5154 -21.0477 2.00241
    endloop
  endfacet
  facet normal 0.097938 -0.995193 0
    outer loop
      vertex 14.75 -21.2 2.00241
      vertex 15.1402 -21.1616 11.1375
      vertex 14.75 -21.2 11.1375
    endloop
  endfacet
  facet normal 0.097938 -0.995193 0
    outer loop
      vertex 15.1402 -21.1616 11.1375
      vertex 14.75 -21.2 2.00241
      vertex 15.1402 -21.1616 2.00241
    endloop
  endfacet
  facet normal 0.956881 -0.290482 0
    outer loop
      vertex 16.5977 -19.9654 11.1375
      vertex 16.7116 -19.5902 2.00241
      vertex 16.7116 -19.5902 11.1375
    endloop
  endfacet
  facet normal 0.956881 -0.290482 0
    outer loop
      vertex 16.7116 -19.5902 2.00241
      vertex 16.5977 -19.9654 11.1375
      vertex 16.5977 -19.9654 2.00241
    endloop
  endfacet
  facet normal 0 0 1
    outer loop
      vertex -32 -0.400001 11.1375
      vertex -38.3476 -0.400001 11.1375
      vertex -32 -3 11.1375
    endloop
  endfacet
  facet normal 0 0 1
    outer loop
      vertex 32 -3 11.1375
      vertex 38.3476 -0.400001 11.1375
      vertex 32 -0.400001 11.1375
    endloop
  endfacet
  facet normal 0 0 1
    outer loop
      vertex 38.3476 -0.400001 11.1375
      vertex 32 -3 11.1375
      vertex 38.3476 -4.2 11.1375
    endloop
  endfacet
  facet normal 0 0 1
    outer loop
      vertex 32 -3 11.1375
      vertex 16.75 -4.2 11.1375
      vertex 38.3476 -4.2 11.1375
    endloop
  endfacet
  facet normal -0 0 1
    outer loop
      vertex 15.55 -19 11.1375
      vertex 16.75 -19.2 11.1375
      vertex 16.75 -4.2 11.1375
    endloop
  endfacet
  facet normal -0 0 1
    outer loop
      vertex 15.5308 -19.1951 11.1375
      vertex 16.75 -19.2 11.1375
      vertex 15.55 -19 11.1375
    endloop
  endfacet
  facet normal 0 0 1
    outer loop
      vertex 16.75 -19.2 11.1375
      vertex 15.5308 -19.1951 11.1375
      vertex 16.7116 -19.5902 11.1375
    endloop
  endfacet
  facet normal -0 0 1
    outer loop
      vertex 15.4739 -19.3827 11.1375
      vertex 16.7116 -19.5902 11.1375
      vertex 15.5308 -19.1951 11.1375
    endloop
  endfacet
  facet normal 0 0 1
    outer loop
      vertex 16.7116 -19.5902 11.1375
      vertex 15.4739 -19.3827 11.1375
      vertex 16.5977 -19.9654 11.1375
    endloop
  endfacet
  facet normal 0 0 1
    outer loop
      vertex 15.55 -19 11.1375
      vertex 16.75 -4.2 11.1375
      vertex 15.55 -4.40001 11.1375
    endloop
  endfacet
  facet normal 0 0 1
    outer loop
      vertex 16.75 -4.2 11.1375
      vertex 15.5308 -4.20491 11.1375
      vertex 15.55 -4.40001 11.1375
    endloop
  endfacet
  facet normal 0 0 1
    outer loop
      vertex 15.5293 -4.2 11.1375
      vertex 16.75 -4.2 11.1375
      vertex 32 -3 11.1375
    endloop
  endfacet
  facet normal 0 0 1
    outer loop
      vertex 16.75 -4.2 11.1375
      vertex 15.5293 -4.2 11.1375
      vertex 15.5308 -4.20491 11.1375
    endloop
  endfacet
  facet normal 0 0 1
    outer loop
      vertex 32 -3 11.1375
      vertex -15.5293 -4.2 11.1375
      vertex 15.5293 -4.2 11.1375
    endloop
  endfacet
  facet normal 0 0 1
    outer loop
      vertex -16.75 -19.2 11.1375
      vertex -15.55 -19 11.1375
      vertex -15.55 -4.40001 11.1375
    endloop
  endfacet
  facet normal 0 -0 1
    outer loop
      vertex -16.7116 -19.5902 11.1375
      vertex -15.55 -19 11.1375
      vertex -16.75 -19.2 11.1375
    endloop
  endfacet
  facet normal 0 0 1
    outer loop
      vertex -15.55 -19 11.1375
      vertex -16.1642 -20.6142 11.1375
      vertex -15.8611 -20.8629 11.1375
    endloop
  endfacet
  facet normal 0 0 1
    outer loop
      vertex -15.55 -19 11.1375
      vertex -16.4129 -20.3111 11.1375
      vertex -16.1642 -20.6142 11.1375
    endloop
  endfacet
  facet normal 0 0 1
    outer loop
      vertex -15.55 -19 11.1375
      vertex -16.5977 -19.9654 11.1375
      vertex -16.4129 -20.3111 11.1375
    endloop
  endfacet
  facet normal 0 0 1
    outer loop
      vertex -16.75 -19.2 11.1375
      vertex -15.55 -4.40001 11.1375
      vertex -16.75 -4.2 11.1375
    endloop
  endfacet
  facet normal 0 0 1
    outer loop
      vertex -15.5308 -4.20491 11.1375
      vertex -16.75 -4.2 11.1375
      vertex -15.55 -4.40001 11.1375
    endloop
  endfacet
  facet normal 0 0 1
    outer loop
      vertex -15.5293 -4.2 11.1375
      vertex -16.75 -4.2 11.1375
      vertex -15.5308 -4.20491 11.1375
    endloop
  endfacet
  facet normal -0 0 1
    outer loop
      vertex -32 -3 11.1375
      vertex -15.5293 -4.2 11.1375
      vertex 32 -3 11.1375
    endloop
  endfacet
  facet normal 0 0 1
    outer loop
      vertex -15.5293 -4.2 11.1375
      vertex -32 -3 11.1375
      vertex -16.75 -4.2 11.1375
    endloop
  endfacet
  facet normal 0 0 1
    outer loop
      vertex -32 -3 11.1375
      vertex -38.3476 -4.2 11.1375
      vertex -16.75 -4.2 11.1375
    endloop
  endfacet
  facet normal 0 0 1
    outer loop
      vertex -38.3476 -4.2 11.1375
      vertex -32 -3 11.1375
      vertex -38.3476 -0.400001 11.1375
    endloop
  endfacet
  facet normal -0 0 1
    outer loop
      vertex 15.3815 -19.5556 11.1375
      vertex 16.5977 -19.9654 11.1375
      vertex 15.4739 -19.3827 11.1375
    endloop
  endfacet
  facet normal 0 0 1
    outer loop
      vertex 16.5977 -19.9654 11.1375
      vertex 15.3815 -19.5556 11.1375
      vertex 16.4129 -20.3111 11.1375
    endloop
  endfacet
  facet normal -0 0 1
    outer loop
      vertex 15.2571 -19.7071 11.1375
      vertex 16.4129 -20.3111 11.1375
      vertex 15.3815 -19.5556 11.1375
    endloop
  endfacet
  facet normal 0 0 1
    outer loop
      vertex 16.4129 -20.3111 11.1375
      vertex 15.2571 -19.7071 11.1375
      vertex 16.1642 -20.6142 11.1375
    endloop
  endfacet
  facet normal 0 0 1
    outer loop
      vertex 16.1642 -20.6142 11.1375
      vertex 15.2571 -19.7071 11.1375
      vertex 15.8611 -20.8629 11.1375
    endloop
  endfacet
  facet normal -0 0 1
    outer loop
      vertex 15.1056 -19.8315 11.1375
      vertex 15.8611 -20.8629 11.1375
      vertex 15.2571 -19.7071 11.1375
    endloop
  endfacet
  facet normal 0 0 1
    outer loop
      vertex 15.8611 -20.8629 11.1375
      vertex 15.1056 -19.8315 11.1375
      vertex 15.5154 -21.0477 11.1375
    endloop
  endfacet
  facet normal -0 0 1
    outer loop
      vertex 14.9327 -19.9239 11.1375
      vertex 15.5154 -21.0477 11.1375
      vertex 15.1056 -19.8315 11.1375
    endloop
  endfacet
  facet normal 0 0 1
    outer loop
      vertex 15.5154 -21.0477 11.1375
      vertex 14.9327 -19.9239 11.1375
      vertex 15.1402 -21.1616 11.1375
    endloop
  endfacet
  facet normal -0 0 1
    outer loop
      vertex 14.7451 -19.9808 11.1375
      vertex 15.1402 -21.1616 11.1375
      vertex 14.9327 -19.9239 11.1375
    endloop
  endfacet
  facet normal 0 0 1
    outer loop
      vertex 15.1402 -21.1616 11.1375
      vertex 14.7451 -19.9808 11.1375
      vertex 14.75 -21.2 11.1375
    endloop
  endfacet
  facet normal -0 0 1
    outer loop
      vertex 14.55 -20 11.1375
      vertex 14.75 -21.2 11.1375
      vertex 14.7451 -19.9808 11.1375
    endloop
  endfacet
  facet normal -0 0 1
    outer loop
      vertex -14.55 -20 11.1375
      vertex 14.75 -21.2 11.1375
      vertex 14.55 -20 11.1375
    endloop
  endfacet
  facet normal 0 0 1
    outer loop
      vertex -14.55 -20 11.1375
      vertex -14.75 -21.2 11.1375
      vertex 14.75 -21.2 11.1375
    endloop
  endfacet
  facet normal 0 0 1
    outer loop
      vertex -14.7451 -19.9808 11.1375
      vertex -14.75 -21.2 11.1375
      vertex -14.55 -20 11.1375
    endloop
  endfacet
  facet normal 0 0 1
    outer loop
      vertex -15.1402 -21.1616 11.1375
      vertex -14.7451 -19.9808 11.1375
      vertex -14.9327 -19.9239 11.1375
    endloop
  endfacet
  facet normal 0 0 1
    outer loop
      vertex -15.5154 -21.0477 11.1375
      vertex -14.9327 -19.9239 11.1375
      vertex -15.1056 -19.8315 11.1375
    endloop
  endfacet
  facet normal 0 0 1
    outer loop
      vertex -14.7451 -19.9808 11.1375
      vertex -15.1402 -21.1616 11.1375
      vertex -14.75 -21.2 11.1375
    endloop
  endfacet
  facet normal 0 0 1
    outer loop
      vertex -15.8611 -20.8629 11.1375
      vertex -15.1056 -19.8315 11.1375
      vertex -15.2571 -19.7071 11.1375
    endloop
  endfacet
  facet normal 0 0 1
    outer loop
      vertex -15.8611 -20.8629 11.1375
      vertex -15.2571 -19.7071 11.1375
      vertex -15.3815 -19.5556 11.1375
    endloop
  endfacet
  facet normal 0 0 1
    outer loop
      vertex -15.8611 -20.8629 11.1375
      vertex -15.3815 -19.5556 11.1375
      vertex -15.4739 -19.3827 11.1375
    endloop
  endfacet
  facet normal 0 0 1
    outer loop
      vertex -14.9327 -19.9239 11.1375
      vertex -15.5154 -21.0477 11.1375
      vertex -15.1402 -21.1616 11.1375
    endloop
  endfacet
  facet normal 0 0 1
    outer loop
      vertex -15.8611 -20.8629 11.1375
      vertex -15.4739 -19.3827 11.1375
      vertex -15.5308 -19.1951 11.1375
    endloop
  endfacet
  facet normal 0 0 1
    outer loop
      vertex -15.8611 -20.8629 11.1375
      vertex -15.5308 -19.1951 11.1375
      vertex -15.55 -19 11.1375
    endloop
  endfacet
  facet normal 0 0 1
    outer loop
      vertex -15.1056 -19.8315 11.1375
      vertex -15.8611 -20.8629 11.1375
      vertex -15.5154 -21.0477 11.1375
    endloop
  endfacet
  facet normal 0 0 1
    outer loop
      vertex -15.55 -19 11.1375
      vertex -16.7116 -19.5902 11.1375
      vertex -16.5977 -19.9654 11.1375
    endloop
  endfacet
  facet normal -0.881957 0.471329 0
    outer loop
      vertex 15.3815 -19.5556 2.00241
      vertex 15.4739 -19.3827 11.1375
      vertex 15.4739 -19.3827 2.00241
    endloop
  endfacet
  facet normal -0.881957 0.471329 0
    outer loop
      vertex 15.4739 -19.3827 11.1375
      vertex 15.3815 -19.5556 2.00241
      vertex 15.3815 -19.5556 11.1375
    endloop
  endfacet
  facet normal 0.956951 0.290248 0
    outer loop
      vertex -15.4739 -19.3827 11.1375
      vertex -15.5308 -19.1951 2.00241
      vertex -15.5308 -19.1951 11.1375
    endloop
  endfacet
  facet normal 0.956951 0.290248 0
    outer loop
      vertex -15.5308 -19.1951 2.00241
      vertex -15.4739 -19.3827 11.1375
      vertex -15.4739 -19.3827 2.00241
    endloop
  endfacet
  facet normal 0 1 -0
    outer loop
      vertex 14.55 -20 2.00241
      vertex -14.55 -20 11.1375
      vertex 14.55 -20 11.1375
    endloop
  endfacet
  facet normal 0 1 0
    outer loop
      vertex -14.55 -20 11.1375
      vertex 14.55 -20 2.00241
      vertex -14.55 -20 2.00241
    endloop
  endfacet
  facet normal 0.995193 0.097938 0
    outer loop
      vertex -15.5308 -19.1951 11.1375
      vertex -15.55 -19 2.00241
      vertex -15.55 -19 11.1375
    endloop
  endfacet
  facet normal 0.995193 0.097938 0
    outer loop
      vertex -15.55 -19 2.00241
      vertex -15.5308 -19.1951 11.1375
      vertex -15.5308 -19.1951 2.00241
    endloop
  endfacet
  facet normal -0.772842 0.634598 0
    outer loop
      vertex 15.2571 -19.7071 2.00241
      vertex 15.3815 -19.5556 11.1375
      vertex 15.3815 -19.5556 2.00241
    endloop
  endfacet
  facet normal -0.772842 0.634598 0
    outer loop
      vertex 15.3815 -19.5556 11.1375
      vertex 15.2571 -19.7071 2.00241
      vertex 15.2571 -19.7071 11.1375
    endloop
  endfacet
  facet normal 0.995193 -0.097938 0
    outer loop
      vertex -15.55 -4.40001 11.1375
      vertex -15.5308 -4.20491 2.00241
      vertex -15.5308 -4.20491 11.1375
    endloop
  endfacet
  facet normal 0.995193 -0.097938 0
    outer loop
      vertex -15.5308 -4.20491 2.00241
      vertex -15.55 -4.40001 11.1375
      vertex -15.55 -4.40001 2.00241
    endloop
  endfacet
  facet normal -0.956367 -0.292169 0
    outer loop
      vertex 15.5308 -4.20491 2.00241
      vertex 15.5293 -4.2 11.1375
      vertex 15.5293 -4.2 2.00241
    endloop
  endfacet
  facet normal -0.956367 -0.292169 0
    outer loop
      vertex 15.5293 -4.2 11.1375
      vertex 15.5308 -4.20491 2.00241
      vertex 15.5308 -4.20491 11.1375
    endloop
  endfacet
  facet normal -0.471329 0.881957 0
    outer loop
      vertex 15.1056 -19.8315 2.00241
      vertex 14.9327 -19.9239 11.1375
      vertex 15.1056 -19.8315 11.1375
    endloop
  endfacet
  facet normal -0.471329 0.881957 0
    outer loop
      vertex 14.9327 -19.9239 11.1375
      vertex 15.1056 -19.8315 2.00241
      vertex 14.9327 -19.9239 2.00241
    endloop
  endfacet
  facet normal 0.634598 0.772842 -0
    outer loop
      vertex -15.1056 -19.8315 2.00241
      vertex -15.2571 -19.7071 11.1375
      vertex -15.1056 -19.8315 11.1375
    endloop
  endfacet
  facet normal 0.634598 0.772842 0
    outer loop
      vertex -15.2571 -19.7071 11.1375
      vertex -15.1056 -19.8315 2.00241
      vertex -15.2571 -19.7071 2.00241
    endloop
  endfacet
  facet normal 0.772842 0.634598 0
    outer loop
      vertex -15.2571 -19.7071 11.1375
      vertex -15.3815 -19.5556 2.00241
      vertex -15.3815 -19.5556 11.1375
    endloop
  endfacet
  facet normal 0.772842 0.634598 0
    outer loop
      vertex -15.3815 -19.5556 2.00241
      vertex -15.2571 -19.7071 11.1375
      vertex -15.2571 -19.7071 2.00241
    endloop
  endfacet
  facet normal 1 -0 0
    outer loop
      vertex -15.55 -19 11.1375
      vertex -15.55 -4.40001 2.00241
      vertex -15.55 -4.40001 11.1375
    endloop
  endfacet
  facet normal 1 0 0
    outer loop
      vertex -15.55 -4.40001 2.00241
      vertex -15.55 -19 11.1375
      vertex -15.55 -19 2.00241
    endloop
  endfacet
  facet normal 0.956367 -0.292169 0
    outer loop
      vertex -15.5308 -4.20491 11.1375
      vertex -15.5293 -4.2 2.00241
      vertex -15.5293 -4.2 11.1375
    endloop
  endfacet
  facet normal 0.956367 -0.292169 0
    outer loop
      vertex -15.5293 -4.2 2.00241
      vertex -15.5308 -4.20491 11.1375
      vertex -15.5308 -4.20491 2.00241
    endloop
  endfacet
  facet normal 0.097938 0.995193 -0
    outer loop
      vertex -14.55 -20 2.00241
      vertex -14.7451 -19.9808 11.1375
      vertex -14.55 -20 11.1375
    endloop
  endfacet
  facet normal 0.097938 0.995193 0
    outer loop
      vertex -14.7451 -19.9808 11.1375
      vertex -14.55 -20 2.00241
      vertex -14.7451 -19.9808 2.00241
    endloop
  endfacet
  facet normal -1 0 0
    outer loop
      vertex 15.55 -19 2.00241
      vertex 15.55 -4.40001 11.1375
      vertex 15.55 -4.40001 2.00241
    endloop
  endfacet
  facet normal -1 -0 0
    outer loop
      vertex 15.55 -4.40001 11.1375
      vertex 15.55 -19 2.00241
      vertex 15.55 -19 11.1375
    endloop
  endfacet
  facet normal 0.881957 0.471329 0
    outer loop
      vertex -15.3815 -19.5556 11.1375
      vertex -15.4739 -19.3827 2.00241
      vertex -15.4739 -19.3827 11.1375
    endloop
  endfacet
  facet normal 0.881957 0.471329 0
    outer loop
      vertex -15.4739 -19.3827 2.00241
      vertex -15.3815 -19.5556 11.1375
      vertex -15.3815 -19.5556 2.00241
    endloop
  endfacet
  facet normal -0.995193 -0.097938 0
    outer loop
      vertex 15.55 -4.40001 2.00241
      vertex 15.5308 -4.20491 11.1375
      vertex 15.5308 -4.20491 2.00241
    endloop
  endfacet
  facet normal -0.995193 -0.097938 0
    outer loop
      vertex 15.5308 -4.20491 11.1375
      vertex 15.55 -4.40001 2.00241
      vertex 15.55 -4.40001 11.1375
    endloop
  endfacet
  facet normal 0.290248 0.956951 -0
    outer loop
      vertex -14.7451 -19.9808 2.00241
      vertex -14.9327 -19.9239 11.1375
      vertex -14.7451 -19.9808 11.1375
    endloop
  endfacet
  facet normal 0.290248 0.956951 0
    outer loop
      vertex -14.9327 -19.9239 11.1375
      vertex -14.7451 -19.9808 2.00241
      vertex -14.9327 -19.9239 2.00241
    endloop
  endfacet
  facet normal -0.956951 0.290248 0
    outer loop
      vertex 15.4739 -19.3827 2.00241
      vertex 15.5308 -19.1951 11.1375
      vertex 15.5308 -19.1951 2.00241
    endloop
  endfacet
  facet normal -0.956951 0.290248 0
    outer loop
      vertex 15.5308 -19.1951 11.1375
      vertex 15.4739 -19.3827 2.00241
      vertex 15.4739 -19.3827 11.1375
    endloop
  endfacet
  facet normal -0.634598 0.772842 0
    outer loop
      vertex 15.2571 -19.7071 2.00241
      vertex 15.1056 -19.8315 11.1375
      vertex 15.2571 -19.7071 11.1375
    endloop
  endfacet
  facet normal -0.634598 0.772842 0
    outer loop
      vertex 15.1056 -19.8315 11.1375
      vertex 15.2571 -19.7071 2.00241
      vertex 15.1056 -19.8315 2.00241
    endloop
  endfacet
  facet normal -0.995193 0.097938 0
    outer loop
      vertex 15.5308 -19.1951 2.00241
      vertex 15.55 -19 11.1375
      vertex 15.55 -19 2.00241
    endloop
  endfacet
  facet normal -0.995193 0.097938 0
    outer loop
      vertex 15.55 -19 11.1375
      vertex 15.5308 -19.1951 2.00241
      vertex 15.5308 -19.1951 11.1375
    endloop
  endfacet
  facet normal -0.290248 0.956951 0
    outer loop
      vertex 14.9327 -19.9239 2.00241
      vertex 14.7451 -19.9808 11.1375
      vertex 14.9327 -19.9239 11.1375
    endloop
  endfacet
  facet normal -0.290248 0.956951 0
    outer loop
      vertex 14.7451 -19.9808 11.1375
      vertex 14.9327 -19.9239 2.00241
      vertex 14.7451 -19.9808 2.00241
    endloop
  endfacet
  facet normal -0.097938 0.995193 0
    outer loop
      vertex 14.7451 -19.9808 2.00241
      vertex 14.55 -20 11.1375
      vertex 14.7451 -19.9808 11.1375
    endloop
  endfacet
  facet normal -0.097938 0.995193 0
    outer loop
      vertex 14.55 -20 11.1375
      vertex 14.7451 -19.9808 2.00241
      vertex 14.55 -20 2.00241
    endloop
  endfacet
  facet normal 0.471329 0.881957 -0
    outer loop
      vertex -14.9327 -19.9239 2.00241
      vertex -15.1056 -19.8315 11.1375
      vertex -14.9327 -19.9239 11.1375
    endloop
  endfacet
  facet normal 0.471329 0.881957 0
    outer loop
      vertex -15.1056 -19.8315 11.1375
      vertex -14.9327 -19.9239 2.00241
      vertex -15.1056 -19.8315 2.00241
    endloop
  endfacet
  facet normal 0 1 -0
    outer loop
      vertex -36.2909 -0.400001 2.00241
      vertex -37.5691 -0.400001 8.6375
      vertex -36.2909 -0.400001 8.6375
    endloop
  endfacet
  facet normal 0 1 0
    outer loop
      vertex -37.5691 -0.400001 8.6375
      vertex -36.2909 -0.400001 2.00241
      vertex -37.5691 -0.400001 2.00241
    endloop
  endfacet
  facet normal 0 1 0
    outer loop
      vertex -32 -0.400001 11.1375
      vertex -34.4624 -0.400001 8.6375
      vertex -38.3476 -0.400001 11.1375
    endloop
  endfacet
  facet normal 0 1 -0
    outer loop
      vertex -32 -0.400001 2.00241
      vertex -34.4624 -0.400001 8.6375
      vertex -32 -0.400001 11.1375
    endloop
  endfacet
  facet normal 0 1 0
    outer loop
      vertex -34.4624 -0.400001 8.6375
      vertex -32 -0.400001 2.00241
      vertex -34.4624 -0.400001 2.00241
    endloop
  endfacet
  facet normal 0 1 -0
    outer loop
      vertex -36.2909 -0.400001 8.6375
      vertex -38.3476 -0.400001 11.1375
      vertex -34.4624 -0.400001 8.6375
    endloop
  endfacet
  facet normal 0 1 -0
    outer loop
      vertex -37.5691 -0.400001 8.6375
      vertex -38.3476 -0.400001 11.1375
      vertex -36.2909 -0.400001 8.6375
    endloop
  endfacet
  facet normal 0 1 0
    outer loop
      vertex -38.3476 -0.400001 11.1375
      vertex -37.5691 -0.400001 8.6375
      vertex -38.3476 -0.400001 8.6375
    endloop
  endfacet
  facet normal 0 1 -0
    outer loop
      vertex 37.5691 -0.400001 2.00241
      vertex 36.2909 -0.400001 8.6375
      vertex 37.5691 -0.400001 8.6375
    endloop
  endfacet
  facet normal 0 1 0
    outer loop
      vertex 36.2909 -0.400001 8.6375
      vertex 37.5691 -0.400001 2.00241
      vertex 36.2909 -0.400001 2.00241
    endloop
  endfacet
  facet normal 0 1 0
    outer loop
      vertex 37.5691 -0.400001 8.6375
      vertex 38.3476 -0.400001 11.1375
      vertex 38.3476 -0.400001 8.6375
    endloop
  endfacet
  facet normal 0 1 0
    outer loop
      vertex 36.2909 -0.400001 8.6375
      vertex 38.3476 -0.400001 11.1375
      vertex 37.5691 -0.400001 8.6375
    endloop
  endfacet
  facet normal 0 1 0
    outer loop
      vertex 34.4624 -0.400001 8.6375
      vertex 38.3476 -0.400001 11.1375
      vertex 36.2909 -0.400001 8.6375
    endloop
  endfacet
  facet normal 0 1 0
    outer loop
      vertex 38.3476 -0.400001 11.1375
      vertex 34.4624 -0.400001 8.6375
      vertex 32 -0.400001 11.1375
    endloop
  endfacet
  facet normal 0 1 0
    outer loop
      vertex 32 -0.400001 2.00241
      vertex 34.4624 -0.400001 8.6375
      vertex 34.4624 -0.400001 2.00241
    endloop
  endfacet
  facet normal 0 1 0
    outer loop
      vertex 34.4624 -0.400001 8.6375
      vertex 32 -0.400001 2.00241
      vertex 32 -0.400001 11.1375
    endloop
  endfacet
  facet normal 0 -1 0
    outer loop
      vertex 37.899 -4.2 2.00241
      vertex 38.3476 -4.2 11.1375
      vertex 16.75 -4.2 11.1375
    endloop
  endfacet
  facet normal 0 -1 -0
    outer loop
      vertex 38.3476 -4.2 11.1375
      vertex 37.899 -4.2 2.00241
      vertex 38.3476 -4.2 2.45099
    endloop
  endfacet
  facet normal 0 -1 0
    outer loop
      vertex 38.3476 -4.2 2.45099
      vertex 37.899 -4.2 2.00241
      vertex 38.3285 -4.2 2.35486
    endloop
  endfacet
  facet normal 0 -1 0
    outer loop
      vertex 38.3285 -4.2 2.35486
      vertex 37.899 -4.2 2.00241
      vertex 38.291 -4.2 2.2643
    endloop
  endfacet
  facet normal 0 -1 0
    outer loop
      vertex 38.291 -4.2 2.2643
      vertex 37.899 -4.2 2.00241
      vertex 38.2365 -4.2 2.1828
    endloop
  endfacet
  facet normal 0 -1 0
    outer loop
      vertex 38.2365 -4.2 2.1828
      vertex 37.899 -4.2 2.00241
      vertex 38.1672 -4.2 2.11349
    endloop
  endfacet
  facet normal 0 -1 0
    outer loop
      vertex 38.1672 -4.2 2.11349
      vertex 37.899 -4.2 2.00241
      vertex 38.0857 -4.2 2.05904
    endloop
  endfacet
  facet normal 0 -1 0
    outer loop
      vertex 37.899 -4.2 2.00241
      vertex 16.75 -4.2 11.1375
      vertex 16.75 -4.2 2.00241
    endloop
  endfacet
  facet normal 0 -1 0
    outer loop
      vertex 38.0857 -4.2 2.05904
      vertex 37.899 -4.2 2.00241
      vertex 37.9951 -4.2 2.02153
    endloop
  endfacet
  facet normal 0 -1 0
    outer loop
      vertex -37.899 -4.2 2.00241
      vertex -38.3476 -4.2 11.1375
      vertex -38.3476 -4.2 2.45099
    endloop
  endfacet
  facet normal 0 -1 0
    outer loop
      vertex -37.899 -4.2 2.00241
      vertex -38.3476 -4.2 2.45099
      vertex -38.3285 -4.2 2.35486
    endloop
  endfacet
  facet normal 0 -1 0
    outer loop
      vertex -37.899 -4.2 2.00241
      vertex -38.3285 -4.2 2.35486
      vertex -38.291 -4.2 2.2643
    endloop
  endfacet
  facet normal 0 -1 0
    outer loop
      vertex -37.899 -4.2 2.00241
      vertex -38.291 -4.2 2.2643
      vertex -38.2365 -4.2 2.1828
    endloop
  endfacet
  facet normal 0 -1 0
    outer loop
      vertex -37.899 -4.2 2.00241
      vertex -38.2365 -4.2 2.1828
      vertex -38.1672 -4.2 2.11349
    endloop
  endfacet
  facet normal 0 -1 0
    outer loop
      vertex -37.899 -4.2 2.00241
      vertex -38.1672 -4.2 2.11349
      vertex -38.0857 -4.2 2.05904
    endloop
  endfacet
  facet normal 0 -1 0
    outer loop
      vertex -37.899 -4.2 2.00241
      vertex -38.0857 -4.2 2.05904
      vertex -37.9951 -4.2 2.02153
    endloop
  endfacet
  facet normal 0 -1 0
    outer loop
      vertex -38.3476 -4.2 11.1375
      vertex -37.899 -4.2 2.00241
      vertex -16.75 -4.2 11.1375
    endloop
  endfacet
  facet normal 0 -1 -0
    outer loop
      vertex -16.75 -4.2 11.1375
      vertex -37.899 -4.2 2.00241
      vertex -16.75 -4.2 2.00241
    endloop
  endfacet
  facet normal 0 -1 0
    outer loop
      vertex -15.5293 -4.2 2.00241
      vertex 15.5293 -4.2 11.1375
      vertex -15.5293 -4.2 11.1375
    endloop
  endfacet
  facet normal 0 -1 -0
    outer loop
      vertex 15.5293 -4.2 11.1375
      vertex -15.5293 -4.2 2.00241
      vertex 15.5293 -4.2 2.00241
    endloop
  endfacet
  facet normal -1 0 0
    outer loop
      vertex 32 -3 2.00241
      vertex 32 -0.400001 11.1375
      vertex 32 -0.400001 2.00241
    endloop
  endfacet
  facet normal -1 -0 0
    outer loop
      vertex 32 -0.400001 11.1375
      vertex 32 -3 2.00241
      vertex 32 -3 11.1375
    endloop
  endfacet
  facet normal 1 -0 0
    outer loop
      vertex -32 -3 11.1375
      vertex -32 -0.400001 2.00241
      vertex -32 -0.400001 11.1375
    endloop
  endfacet
  facet normal 1 0 0
    outer loop
      vertex -32 -0.400001 2.00241
      vertex -32 -3 11.1375
      vertex -32 -3 2.00241
    endloop
  endfacet
  facet normal 0 1 -0
    outer loop
      vertex 32 -3 2.00241
      vertex -32 -3 11.1375
      vertex 32 -3 11.1375
    endloop
  endfacet
  facet normal 0 1 0
    outer loop
      vertex -32 -3 11.1375
      vertex 32 -3 2.00241
      vertex -32 -3 2.00241
    endloop
  endfacet
  facet normal -1 0 0
    outer loop
      vertex 38.35 47.7 1.2
      vertex 38.35 48.4 11.1375
      vertex 38.35 48.4 1.2
    endloop
  endfacet
  facet normal -1 -0 0
    outer loop
      vertex 38.35 48.4 11.1375
      vertex 38.35 47.7 1.2
      vertex 38.35 47.7 11.1375
    endloop
  endfacet
  facet normal -0 0 1
    outer loop
      vertex -38.35 48.4 1.2
      vertex 38.35 47.7 1.2
      vertex 38.35 48.4 1.2
    endloop
  endfacet
  facet normal 0 0 1
    outer loop
      vertex 38.35 47.7 1.2
      vertex -38.35 48.4 1.2
      vertex -38.35 47.7 1.2
    endloop
  endfacet
  facet normal 1 -0 0
    outer loop
      vertex -38.35 47.7 11.1375
      vertex -38.35 48.4 1.2
      vertex -38.35 48.4 11.1375
    endloop
  endfacet
  facet normal 1 0 0
    outer loop
      vertex -38.35 48.4 1.2
      vertex -38.35 47.7 11.1375
      vertex -38.35 47.7 1.2
    endloop
  endfacet
  facet normal 0 -1 0
    outer loop
      vertex -38.35 48.4 11.1375
      vertex -37.15 48.4 2.2
      vertex -37.15 48.4 11.1375
    endloop
  endfacet
  facet normal 0 -1 -0
    outer loop
      vertex -37.15 48.4 2.2
      vertex -38.35 48.4 1.2
      vertex 37.15 48.4 2.2
    endloop
  endfacet
  facet normal 0 -1 0
    outer loop
      vertex -38.35 48.4 1.2
      vertex -37.15 48.4 2.2
      vertex -38.35 48.4 11.1375
    endloop
  endfacet
  facet normal 0 -1 0
    outer loop
      vertex 37.15 48.4 2.2
      vertex 38.35 48.4 11.1375
      vertex 37.15 48.4 11.1375
    endloop
  endfacet
  facet normal 0 -1 0
    outer loop
      vertex 37.15 48.4 2.2
      vertex 38.35 48.4 1.2
      vertex 38.35 48.4 11.1375
    endloop
  endfacet
  facet normal 0 -1 0
    outer loop
      vertex 38.35 48.4 1.2
      vertex 37.15 48.4 2.2
      vertex -38.35 48.4 1.2
    endloop
  endfacet
  facet normal -1 0 0
    outer loop
      vertex 37.15 48.4 2.2
      vertex 37.15 49.1928 11.1375
      vertex 37.15 49.1928 2.2
    endloop
  endfacet
  facet normal -1 -0 0
    outer loop
      vertex 37.15 49.1928 11.1375
      vertex 37.15 48.4 2.2
      vertex 37.15 48.4 11.1375
    endloop
  endfacet
  facet normal -0 0 1
    outer loop
      vertex -37.15 49.1928 2.2
      vertex 37.15 48.4 2.2
      vertex 37.15 49.1928 2.2
    endloop
  endfacet
  facet normal 0 0 1
    outer loop
      vertex 37.15 48.4 2.2
      vertex -37.15 49.1928 2.2
      vertex -37.15 48.4 2.2
    endloop
  endfacet
  facet normal 1 -0 0
    outer loop
      vertex -37.15 48.4 11.1375
      vertex -37.15 49.1928 2.2
      vertex -37.15 49.1928 11.1375
    endloop
  endfacet
  facet normal 1 0 0
    outer loop
      vertex -37.15 49.1928 2.2
      vertex -37.15 48.4 11.1375
      vertex -37.15 48.4 2.2
    endloop
  endfacet
  facet normal 0.956881 -0.290482 0
    outer loop
      vertex -26.6023 -26.3904 10.2
      vertex -26.4884 -26.0152 2.00241
      vertex -26.4884 -26.0152 10.2
    endloop
  endfacet
  facet normal 0.956881 -0.290482 0
    outer loop
      vertex -26.4884 -26.0152 2.00241
      vertex -26.6023 -26.3904 10.2
      vertex -26.6023 -26.3904 2.00241
    endloop
  endfacet
  facet normal -0.634321 -0.77307 0
    outer loop
      vertex -35.5142 -27.0392 2.00241
      vertex -35.2111 -27.2879 10.2
      vertex -35.5142 -27.0392 10.2
    endloop
  endfacet
  facet normal -0.634321 -0.77307 -0
    outer loop
      vertex -35.2111 -27.2879 10.2
      vertex -35.5142 -27.0392 2.00241
      vertex -35.2111 -27.2879 2.00241
    endloop
  endfacet
  facet normal 0.290482 -0.956881 0
    outer loop
      vertex -28.0598 -27.5866 2.00241
      vertex -27.6846 -27.4727 10.2
      vertex -28.0598 -27.5866 10.2
    endloop
  endfacet
  facet normal 0.290482 -0.956881 0
    outer loop
      vertex -27.6846 -27.4727 10.2
      vertex -28.0598 -27.5866 2.00241
      vertex -27.6846 -27.4727 2.00241
    endloop
  endfacet
  facet normal -0.097938 0.995193 0
    outer loop
      vertex -34.1 -22.375 2.00241
      vertex -34.4902 -22.4134 10.2
      vertex -34.1 -22.375 10.2
    endloop
  endfacet
  facet normal -0.097938 0.995193 0
    outer loop
      vertex -34.4902 -22.4134 10.2
      vertex -34.1 -22.375 2.00241
      vertex -34.4902 -22.4134 2.00241
    endloop
  endfacet
  facet normal -0.77307 -0.634321 0
    outer loop
      vertex -35.5142 -27.0392 2.00241
      vertex -35.7629 -26.7361 10.2
      vertex -35.7629 -26.7361 2.00241
    endloop
  endfacet
  facet normal -0.77307 -0.634321 0
    outer loop
      vertex -35.7629 -26.7361 10.2
      vertex -35.5142 -27.0392 2.00241
      vertex -35.5142 -27.0392 10.2
    endloop
  endfacet
  facet normal -0.77307 0.634321 0
    outer loop
      vertex -35.7629 -23.2639 2.00241
      vertex -35.5142 -22.9608 10.2
      vertex -35.5142 -22.9608 2.00241
    endloop
  endfacet
  facet normal -0.77307 0.634321 0
    outer loop
      vertex -35.5142 -22.9608 10.2
      vertex -35.7629 -23.2639 2.00241
      vertex -35.7629 -23.2639 10.2
    endloop
  endfacet
  facet normal 0.881901 0.471435 0
    outer loop
      vertex -26.6023 -23.6096 10.2
      vertex -26.7871 -23.2639 2.00241
      vertex -26.7871 -23.2639 10.2
    endloop
  endfacet
  facet normal 0.881901 0.471435 0
    outer loop
      vertex -26.7871 -23.2639 2.00241
      vertex -26.6023 -23.6096 10.2
      vertex -26.6023 -23.6096 2.00241
    endloop
  endfacet
  facet normal -0.097938 -0.995193 0
    outer loop
      vertex -34.4902 -27.5866 2.00241
      vertex -34.1 -27.625 10.2
      vertex -34.4902 -27.5866 10.2
    endloop
  endfacet
  facet normal -0.097938 -0.995193 -0
    outer loop
      vertex -34.1 -27.625 10.2
      vertex -34.4902 -27.5866 2.00241
      vertex -34.1 -27.625 2.00241
    endloop
  endfacet
  facet normal -0.290482 -0.956881 0
    outer loop
      vertex -34.8654 -27.4727 2.00241
      vertex -34.4902 -27.5866 10.2
      vertex -34.8654 -27.4727 10.2
    endloop
  endfacet
  facet normal -0.290482 -0.956881 -0
    outer loop
      vertex -34.4902 -27.5866 10.2
      vertex -34.8654 -27.4727 2.00241
      vertex -34.4902 -27.5866 2.00241
    endloop
  endfacet
  facet normal -0.471435 -0.881901 0
    outer loop
      vertex -35.2111 -27.2879 2.00241
      vertex -34.8654 -27.4727 10.2
      vertex -35.2111 -27.2879 10.2
    endloop
  endfacet
  facet normal -0.471435 -0.881901 -0
    outer loop
      vertex -34.8654 -27.4727 10.2
      vertex -35.2111 -27.2879 2.00241
      vertex -34.8654 -27.4727 2.00241
    endloop
  endfacet
  facet normal 0.290482 0.956881 -0
    outer loop
      vertex -27.6846 -22.5273 2.00241
      vertex -28.0598 -22.4134 10.2
      vertex -27.6846 -22.5273 10.2
    endloop
  endfacet
  facet normal 0.290482 0.956881 0
    outer loop
      vertex -28.0598 -22.4134 10.2
      vertex -27.6846 -22.5273 2.00241
      vertex -28.0598 -22.4134 2.00241
    endloop
  endfacet
  facet normal 0.471435 -0.881901 0
    outer loop
      vertex -27.6846 -27.4727 2.00241
      vertex -27.3389 -27.2879 10.2
      vertex -27.6846 -27.4727 10.2
    endloop
  endfacet
  facet normal 0.471435 -0.881901 0
    outer loop
      vertex -27.3389 -27.2879 10.2
      vertex -27.6846 -27.4727 2.00241
      vertex -27.3389 -27.2879 2.00241
    endloop
  endfacet
  facet normal -0.634321 0.77307 0
    outer loop
      vertex -35.2111 -22.7121 2.00241
      vertex -35.5142 -22.9608 10.2
      vertex -35.2111 -22.7121 10.2
    endloop
  endfacet
  facet normal -0.634321 0.77307 0
    outer loop
      vertex -35.5142 -22.9608 10.2
      vertex -35.2111 -22.7121 2.00241
      vertex -35.5142 -22.9608 2.00241
    endloop
  endfacet
  facet normal 0 -1 0
    outer loop
      vertex -34.1 -27.625 2.00241
      vertex -28.45 -27.625 10.2
      vertex -34.1 -27.625 10.2
    endloop
  endfacet
  facet normal 0 -1 -0
    outer loop
      vertex -28.45 -27.625 10.2
      vertex -34.1 -27.625 2.00241
      vertex -28.45 -27.625 2.00241
    endloop
  endfacet
  facet normal 0.956881 0.290482 0
    outer loop
      vertex -26.4884 -23.9848 10.2
      vertex -26.6023 -23.6096 2.00241
      vertex -26.6023 -23.6096 10.2
    endloop
  endfacet
  facet normal 0.956881 0.290482 0
    outer loop
      vertex -26.6023 -23.6096 2.00241
      vertex -26.4884 -23.9848 10.2
      vertex -26.4884 -23.9848 2.00241
    endloop
  endfacet
  facet normal 0.77307 0.634321 0
    outer loop
      vertex -26.7871 -23.2639 10.2
      vertex -27.0358 -22.9608 2.00241
      vertex -27.0358 -22.9608 10.2
    endloop
  endfacet
  facet normal 0.77307 0.634321 0
    outer loop
      vertex -27.0358 -22.9608 2.00241
      vertex -26.7871 -23.2639 10.2
      vertex -26.7871 -23.2639 2.00241
    endloop
  endfacet
  facet normal 1 -0 0
    outer loop
      vertex -26.45 -25.625 10.2
      vertex -26.45 -24.375 2.00241
      vertex -26.45 -24.375 10.2
    endloop
  endfacet
  facet normal 1 0 0
    outer loop
      vertex -26.45 -24.375 2.00241
      vertex -26.45 -25.625 10.2
      vertex -26.45 -25.625 2.00241
    endloop
  endfacet
  facet normal -0.471435 0.881901 0
    outer loop
      vertex -34.8654 -22.5273 2.00241
      vertex -35.2111 -22.7121 10.2
      vertex -34.8654 -22.5273 10.2
    endloop
  endfacet
  facet normal -0.471435 0.881901 0
    outer loop
      vertex -35.2111 -22.7121 10.2
      vertex -34.8654 -22.5273 2.00241
      vertex -35.2111 -22.7121 2.00241
    endloop
  endfacet
  facet normal 0.097938 -0.995193 0
    outer loop
      vertex -28.45 -27.625 2.00241
      vertex -28.0598 -27.5866 10.2
      vertex -28.45 -27.625 10.2
    endloop
  endfacet
  facet normal 0.097938 -0.995193 0
    outer loop
      vertex -28.0598 -27.5866 10.2
      vertex -28.45 -27.625 2.00241
      vertex -28.0598 -27.5866 2.00241
    endloop
  endfacet
  facet normal 0.471435 0.881901 -0
    outer loop
      vertex -27.3389 -22.7121 2.00241
      vertex -27.6846 -22.5273 10.2
      vertex -27.3389 -22.7121 10.2
    endloop
  endfacet
  facet normal 0.471435 0.881901 0
    outer loop
      vertex -27.6846 -22.5273 10.2
      vertex -27.3389 -22.7121 2.00241
      vertex -27.6846 -22.5273 2.00241
    endloop
  endfacet
  facet normal -0.290482 0.956881 0
    outer loop
      vertex -34.4902 -22.4134 2.00241
      vertex -34.8654 -22.5273 10.2
      vertex -34.4902 -22.4134 10.2
    endloop
  endfacet
  facet normal -0.290482 0.956881 0
    outer loop
      vertex -34.8654 -22.5273 10.2
      vertex -34.4902 -22.4134 2.00241
      vertex -34.8654 -22.5273 2.00241
    endloop
  endfacet
  facet normal 0.634321 0.77307 -0
    outer loop
      vertex -27.0358 -22.9608 2.00241
      vertex -27.3389 -22.7121 10.2
      vertex -27.0358 -22.9608 10.2
    endloop
  endfacet
  facet normal 0.634321 0.77307 0
    outer loop
      vertex -27.3389 -22.7121 10.2
      vertex -27.0358 -22.9608 2.00241
      vertex -27.3389 -22.7121 2.00241
    endloop
  endfacet
  facet normal -0.881918 -0.471402 0
    outer loop
      vertex -35.7629 -26.7361 2.00241
      vertex -35.8891 -26.5 10.2
      vertex -35.8891 -26.5 2.00241
    endloop
  endfacet
  facet normal -0.881918 -0.471402 0
    outer loop
      vertex -35.8891 -26.5 10.2
      vertex -35.7629 -26.7361 2.00241
      vertex -35.7629 -26.7361 10.2
    endloop
  endfacet
  facet normal 0.634321 -0.77307 0
    outer loop
      vertex -27.3389 -27.2879 2.00241
      vertex -27.0358 -27.0392 10.2
      vertex -27.3389 -27.2879 10.2
    endloop
  endfacet
  facet normal 0.634321 -0.77307 0
    outer loop
      vertex -27.0358 -27.0392 10.2
      vertex -27.3389 -27.2879 2.00241
      vertex -27.0358 -27.0392 2.00241
    endloop
  endfacet
  facet normal 0.77307 -0.634321 0
    outer loop
      vertex -27.0358 -27.0392 10.2
      vertex -26.7871 -26.7361 2.00241
      vertex -26.7871 -26.7361 10.2
    endloop
  endfacet
  facet normal 0.77307 -0.634321 0
    outer loop
      vertex -26.7871 -26.7361 2.00241
      vertex -27.0358 -27.0392 10.2
      vertex -27.0358 -27.0392 2.00241
    endloop
  endfacet
  facet normal 0.881901 -0.471435 0
    outer loop
      vertex -26.7871 -26.7361 10.2
      vertex -26.6023 -26.3904 2.00241
      vertex -26.6023 -26.3904 10.2
    endloop
  endfacet
  facet normal 0.881901 -0.471435 0
    outer loop
      vertex -26.6023 -26.3904 2.00241
      vertex -26.7871 -26.7361 10.2
      vertex -26.7871 -26.7361 2.00241
    endloop
  endfacet
  facet normal 0.995193 0.097938 0
    outer loop
      vertex -26.45 -24.375 10.2
      vertex -26.4884 -23.9848 2.00241
      vertex -26.4884 -23.9848 10.2
    endloop
  endfacet
  facet normal 0.995193 0.097938 0
    outer loop
      vertex -26.4884 -23.9848 2.00241
      vertex -26.45 -24.375 10.2
      vertex -26.45 -24.375 2.00241
    endloop
  endfacet
  facet normal 0 1 -0
    outer loop
      vertex -28.45 -22.375 2.00241
      vertex -34.1 -22.375 10.2
      vertex -28.45 -22.375 10.2
    endloop
  endfacet
  facet normal 0 1 0
    outer loop
      vertex -34.1 -22.375 10.2
      vertex -28.45 -22.375 2.00241
      vertex -34.1 -22.375 2.00241
    endloop
  endfacet
  facet normal -0.881918 0.471402 0
    outer loop
      vertex -35.8891 -23.5 2.00241
      vertex -35.7629 -23.2639 10.2
      vertex -35.7629 -23.2639 2.00241
    endloop
  endfacet
  facet normal -0.881918 0.471402 0
    outer loop
      vertex -35.7629 -23.2639 10.2
      vertex -35.8891 -23.5 2.00241
      vertex -35.8891 -23.5 10.2
    endloop
  endfacet
  facet normal 0.097938 0.995193 -0
    outer loop
      vertex -28.0598 -22.4134 2.00241
      vertex -28.45 -22.375 10.2
      vertex -28.0598 -22.4134 10.2
    endloop
  endfacet
  facet normal 0.097938 0.995193 0
    outer loop
      vertex -28.45 -22.375 10.2
      vertex -28.0598 -22.4134 2.00241
      vertex -28.45 -22.375 2.00241
    endloop
  endfacet
  facet normal 0 0 1
    outer loop
      vertex -27.6692 -24.3799 10.2
      vertex -26.45 -24.375 10.2
      vertex -26.4884 -23.9848 10.2
    endloop
  endfacet
  facet normal 0 0 1
    outer loop
      vertex -26.45 -24.375 10.2
      vertex -27.65 -24.575 10.2
      vertex -26.45 -25.625 10.2
    endloop
  endfacet
  facet normal 0 0 1
    outer loop
      vertex -27.7261 -24.1923 10.2
      vertex -26.4884 -23.9848 10.2
      vertex -26.6023 -23.6096 10.2
    endloop
  endfacet
  facet normal -0 0 1
    outer loop
      vertex -27.65 -25.425 10.2
      vertex -26.45 -25.625 10.2
      vertex -27.65 -24.575 10.2
    endloop
  endfacet
  facet normal 0 0 1
    outer loop
      vertex -27.8185 -24.0194 10.2
      vertex -26.6023 -23.6096 10.2
      vertex -26.7871 -23.2639 10.2
    endloop
  endfacet
  facet normal -0 0 1
    outer loop
      vertex -27.6692 -25.6201 10.2
      vertex -26.45 -25.625 10.2
      vertex -27.65 -25.425 10.2
    endloop
  endfacet
  facet normal 0 0 1
    outer loop
      vertex -27.9429 -23.8679 10.2
      vertex -26.7871 -23.2639 10.2
      vertex -27.0358 -22.9608 10.2
    endloop
  endfacet
  facet normal 0 0 1
    outer loop
      vertex -26.45 -25.625 10.2
      vertex -27.6692 -25.6201 10.2
      vertex -26.4884 -26.0152 10.2
    endloop
  endfacet
  facet normal 0 0 1
    outer loop
      vertex -27.9429 -23.8679 10.2
      vertex -27.0358 -22.9608 10.2
      vertex -27.3389 -22.7121 10.2
    endloop
  endfacet
  facet normal -0 0 1
    outer loop
      vertex -27.7261 -25.8077 10.2
      vertex -26.4884 -26.0152 10.2
      vertex -27.6692 -25.6201 10.2
    endloop
  endfacet
  facet normal 0 0 1
    outer loop
      vertex -26.4884 -26.0152 10.2
      vertex -27.7261 -25.8077 10.2
      vertex -26.6023 -26.3904 10.2
    endloop
  endfacet
  facet normal 0 0 1
    outer loop
      vertex -26.45 -24.375 10.2
      vertex -27.6692 -24.3799 10.2
      vertex -27.65 -24.575 10.2
    endloop
  endfacet
  facet normal 0 0 1
    outer loop
      vertex -28.0944 -23.7435 10.2
      vertex -27.3389 -22.7121 10.2
      vertex -27.6846 -22.5273 10.2
    endloop
  endfacet
  facet normal 0 0 1
    outer loop
      vertex -26.4884 -23.9848 10.2
      vertex -27.7261 -24.1923 10.2
      vertex -27.6692 -24.3799 10.2
    endloop
  endfacet
  facet normal 0 0 1
    outer loop
      vertex -26.6023 -23.6096 10.2
      vertex -27.8185 -24.0194 10.2
      vertex -27.7261 -24.1923 10.2
    endloop
  endfacet
  facet normal 0 0 1
    outer loop
      vertex -26.7871 -23.2639 10.2
      vertex -27.9429 -23.8679 10.2
      vertex -27.8185 -24.0194 10.2
    endloop
  endfacet
  facet normal 0 0 1
    outer loop
      vertex -28.2673 -23.6511 10.2
      vertex -27.6846 -22.5273 10.2
      vertex -28.0598 -22.4134 10.2
    endloop
  endfacet
  facet normal 0 0 1
    outer loop
      vertex -27.3389 -22.7121 10.2
      vertex -28.0944 -23.7435 10.2
      vertex -27.9429 -23.8679 10.2
    endloop
  endfacet
  facet normal 0 0 1
    outer loop
      vertex -27.6846 -22.5273 10.2
      vertex -28.2673 -23.6511 10.2
      vertex -28.0944 -23.7435 10.2
    endloop
  endfacet
  facet normal 0 0 1
    outer loop
      vertex -28.4549 -23.5942 10.2
      vertex -28.0598 -22.4134 10.2
      vertex -28.45 -22.375 10.2
    endloop
  endfacet
  facet normal 0 0 1
    outer loop
      vertex -28.0598 -22.4134 10.2
      vertex -28.4549 -23.5942 10.2
      vertex -28.2673 -23.6511 10.2
    endloop
  endfacet
  facet normal 0 0 1
    outer loop
      vertex -28.45 -22.375 10.2
      vertex -28.65 -23.575 10.2
      vertex -28.4549 -23.5942 10.2
    endloop
  endfacet
  facet normal 0 0 1
    outer loop
      vertex -28.45 -22.375 10.2
      vertex -33.9 -23.575 10.2
      vertex -28.65 -23.575 10.2
    endloop
  endfacet
  facet normal -0 0 1
    outer loop
      vertex -34.1 -22.375 10.2
      vertex -33.9 -23.575 10.2
      vertex -28.45 -22.375 10.2
    endloop
  endfacet
  facet normal 0 0 1
    outer loop
      vertex -33.9 -23.575 10.2
      vertex -34.1 -22.375 10.2
      vertex -34.0951 -23.5942 10.2
    endloop
  endfacet
  facet normal -0 0 1
    outer loop
      vertex -34.4902 -22.4134 10.2
      vertex -34.0951 -23.5942 10.2
      vertex -34.1 -22.375 10.2
    endloop
  endfacet
  facet normal 0 0 1
    outer loop
      vertex -34.0951 -23.5942 10.2
      vertex -34.4902 -22.4134 10.2
      vertex -34.2827 -23.6511 10.2
    endloop
  endfacet
  facet normal -0 0 1
    outer loop
      vertex -34.8654 -22.5273 10.2
      vertex -34.2827 -23.6511 10.2
      vertex -34.4902 -22.4134 10.2
    endloop
  endfacet
  facet normal 0 0 1
    outer loop
      vertex -34.2827 -23.6511 10.2
      vertex -34.8654 -22.5273 10.2
      vertex -34.4556 -23.7435 10.2
    endloop
  endfacet
  facet normal -0 0 1
    outer loop
      vertex -35.2111 -22.7121 10.2
      vertex -34.4556 -23.7435 10.2
      vertex -34.8654 -22.5273 10.2
    endloop
  endfacet
  facet normal 0 0 1
    outer loop
      vertex -34.4556 -23.7435 10.2
      vertex -35.2111 -22.7121 10.2
      vertex -34.6071 -23.8679 10.2
    endloop
  endfacet
  facet normal -0 0 1
    outer loop
      vertex -35.5142 -22.9608 10.2
      vertex -34.6071 -23.8679 10.2
      vertex -35.2111 -22.7121 10.2
    endloop
  endfacet
  facet normal -0 0 1
    outer loop
      vertex -35.7629 -23.2639 10.2
      vertex -34.6071 -23.8679 10.2
      vertex -35.5142 -22.9608 10.2
    endloop
  endfacet
  facet normal 0 0 1
    outer loop
      vertex -34.6071 -23.8679 10.2
      vertex -35.7629 -23.2639 10.2
      vertex -34.7315 -24.0194 10.2
    endloop
  endfacet
  facet normal 0 0 1
    outer loop
      vertex -34.7315 -24.0194 10.2
      vertex -35.8891 -23.5 10.2
      vertex -34.8239 -24.1923 10.2
    endloop
  endfacet
  facet normal -0 0 1
    outer loop
      vertex -35.8891 -23.5 10.2
      vertex -34.7315 -24.0194 10.2
      vertex -35.7629 -23.2639 10.2
    endloop
  endfacet
  facet normal -0 0 1
    outer loop
      vertex -27.8185 -25.9806 10.2
      vertex -26.6023 -26.3904 10.2
      vertex -27.7261 -25.8077 10.2
    endloop
  endfacet
  facet normal 0 0 1
    outer loop
      vertex -26.6023 -26.3904 10.2
      vertex -27.8185 -25.9806 10.2
      vertex -26.7871 -26.7361 10.2
    endloop
  endfacet
  facet normal -0 0 1
    outer loop
      vertex -27.9429 -26.1321 10.2
      vertex -26.7871 -26.7361 10.2
      vertex -27.8185 -25.9806 10.2
    endloop
  endfacet
  facet normal 0 0 1
    outer loop
      vertex -26.7871 -26.7361 10.2
      vertex -27.9429 -26.1321 10.2
      vertex -27.0358 -27.0392 10.2
    endloop
  endfacet
  facet normal 0 0 1
    outer loop
      vertex -27.0358 -27.0392 10.2
      vertex -27.9429 -26.1321 10.2
      vertex -27.3389 -27.2879 10.2
    endloop
  endfacet
  facet normal -0 0 1
    outer loop
      vertex -28.0944 -26.2565 10.2
      vertex -27.3389 -27.2879 10.2
      vertex -27.9429 -26.1321 10.2
    endloop
  endfacet
  facet normal 0 0 1
    outer loop
      vertex -27.3389 -27.2879 10.2
      vertex -28.0944 -26.2565 10.2
      vertex -27.6846 -27.4727 10.2
    endloop
  endfacet
  facet normal -0 0 1
    outer loop
      vertex -28.2673 -26.3489 10.2
      vertex -27.6846 -27.4727 10.2
      vertex -28.0944 -26.2565 10.2
    endloop
  endfacet
  facet normal 0 0 1
    outer loop
      vertex -27.6846 -27.4727 10.2
      vertex -28.2673 -26.3489 10.2
      vertex -28.0598 -27.5866 10.2
    endloop
  endfacet
  facet normal -0 0 1
    outer loop
      vertex -28.4549 -26.4058 10.2
      vertex -28.0598 -27.5866 10.2
      vertex -28.2673 -26.3489 10.2
    endloop
  endfacet
  facet normal 0 0 1
    outer loop
      vertex -28.0598 -27.5866 10.2
      vertex -28.4549 -26.4058 10.2
      vertex -28.45 -27.625 10.2
    endloop
  endfacet
  facet normal -0 0 1
    outer loop
      vertex -28.65 -26.425 10.2
      vertex -28.45 -27.625 10.2
      vertex -28.4549 -26.4058 10.2
    endloop
  endfacet
  facet normal -0 0 1
    outer loop
      vertex -33.9 -26.425 10.2
      vertex -28.45 -27.625 10.2
      vertex -28.65 -26.425 10.2
    endloop
  endfacet
  facet normal 0 0 1
    outer loop
      vertex -34.1 -27.625 10.2
      vertex -33.9 -26.425 10.2
      vertex -34.0951 -26.4058 10.2
    endloop
  endfacet
  facet normal 0 0 1
    outer loop
      vertex -33.9 -26.425 10.2
      vertex -34.1 -27.625 10.2
      vertex -28.45 -27.625 10.2
    endloop
  endfacet
  facet normal 0 0 1
    outer loop
      vertex -34.4902 -27.5866 10.2
      vertex -34.0951 -26.4058 10.2
      vertex -34.2827 -26.3489 10.2
    endloop
  endfacet
  facet normal 0 0 1
    outer loop
      vertex -34.8654 -27.4727 10.2
      vertex -34.2827 -26.3489 10.2
      vertex -34.4556 -26.2565 10.2
    endloop
  endfacet
  facet normal 0 0 1
    outer loop
      vertex -34.0951 -26.4058 10.2
      vertex -34.4902 -27.5866 10.2
      vertex -34.1 -27.625 10.2
    endloop
  endfacet
  facet normal 0 0 1
    outer loop
      vertex -35.2111 -27.2879 10.2
      vertex -34.4556 -26.2565 10.2
      vertex -34.6071 -26.1321 10.2
    endloop
  endfacet
  facet normal 0 0 1
    outer loop
      vertex -35.7629 -26.7361 10.2
      vertex -34.6071 -26.1321 10.2
      vertex -34.7315 -25.9806 10.2
    endloop
  endfacet
  facet normal 0 0 1
    outer loop
      vertex -35.8891 -26.5 10.2
      vertex -34.7315 -25.9806 10.2
      vertex -34.8239 -25.8077 10.2
    endloop
  endfacet
  facet normal 0 0 1
    outer loop
      vertex -34.2827 -26.3489 10.2
      vertex -34.8654 -27.4727 10.2
      vertex -34.4902 -27.5866 10.2
    endloop
  endfacet
  facet normal 0 0 1
    outer loop
      vertex -35.8891 -26.5 10.2
      vertex -34.8239 -25.8077 10.2
      vertex -34.8808 -25.6201 10.2
    endloop
  endfacet
  facet normal 0 0 1
    outer loop
      vertex -35.8891 -26.5 10.2
      vertex -34.8808 -25.6201 10.2
      vertex -34.9 -25.425 10.2
    endloop
  endfacet
  facet normal 0 0 1
    outer loop
      vertex -34.8239 -24.1923 10.2
      vertex -35.8891 -23.5 10.2
      vertex -34.8808 -24.3799 10.2
    endloop
  endfacet
  facet normal 0 0 1
    outer loop
      vertex -35.8891 -26.5 10.2
      vertex -34.9 -25.425 10.2
      vertex -35.8891 -23.5 10.2
    endloop
  endfacet
  facet normal 0 0 1
    outer loop
      vertex -34.8808 -24.3799 10.2
      vertex -35.8891 -23.5 10.2
      vertex -34.9 -24.575 10.2
    endloop
  endfacet
  facet normal 0 0 1
    outer loop
      vertex -34.7315 -25.9806 10.2
      vertex -35.8891 -26.5 10.2
      vertex -35.7629 -26.7361 10.2
    endloop
  endfacet
  facet normal 0 0 1
    outer loop
      vertex -34.9 -24.575 10.2
      vertex -35.8891 -23.5 10.2
      vertex -34.9 -25.425 10.2
    endloop
  endfacet
  facet normal 0 0 1
    outer loop
      vertex -34.4556 -26.2565 10.2
      vertex -35.2111 -27.2879 10.2
      vertex -34.8654 -27.4727 10.2
    endloop
  endfacet
  facet normal 0 0 1
    outer loop
      vertex -34.6071 -26.1321 10.2
      vertex -35.5142 -27.0392 10.2
      vertex -35.2111 -27.2879 10.2
    endloop
  endfacet
  facet normal 0 0 1
    outer loop
      vertex -34.6071 -26.1321 10.2
      vertex -35.7629 -26.7361 10.2
      vertex -35.5142 -27.0392 10.2
    endloop
  endfacet
  facet normal -0 0 1
    outer loop
      vertex -38.3476 -23.5 10.2
      vertex -35.8891 -26.5 10.2
      vertex -35.8891 -23.5 10.2
    endloop
  endfacet
  facet normal 0 0 1
    outer loop
      vertex -35.8891 -26.5 10.2
      vertex -38.3476 -23.5 10.2
      vertex -38.3476 -26.5 10.2
    endloop
  endfacet
  facet normal 0.995193 -0.097938 0
    outer loop
      vertex -26.4884 -26.0152 10.2
      vertex -26.45 -25.625 2.00241
      vertex -26.45 -25.625 10.2
    endloop
  endfacet
  facet normal 0.995193 -0.097938 0
    outer loop
      vertex -26.45 -25.625 2.00241
      vertex -26.4884 -26.0152 10.2
      vertex -26.4884 -26.0152 2.00241
    endloop
  endfacet
  facet normal 0.881957 0.471329 0
    outer loop
      vertex -34.7315 -25.9806 10.2
      vertex -34.8239 -25.8077 2.00241
      vertex -34.8239 -25.8077 10.2
    endloop
  endfacet
  facet normal 0.881957 0.471329 0
    outer loop
      vertex -34.8239 -25.8077 2.00241
      vertex -34.7315 -25.9806 10.2
      vertex -34.7315 -25.9806 2.00241
    endloop
  endfacet
  facet normal 0.471329 0.881957 -0
    outer loop
      vertex -34.2827 -26.3489 2.00241
      vertex -34.4556 -26.2565 10.2
      vertex -34.2827 -26.3489 10.2
    endloop
  endfacet
  facet normal 0.471329 0.881957 0
    outer loop
      vertex -34.4556 -26.2565 10.2
      vertex -34.2827 -26.3489 2.00241
      vertex -34.4556 -26.2565 2.00241
    endloop
  endfacet
  facet normal -0.290248 -0.956951 0
    outer loop
      vertex -28.4549 -23.5942 2.00241
      vertex -28.2673 -23.6511 10.2
      vertex -28.4549 -23.5942 10.2
    endloop
  endfacet
  facet normal -0.290248 -0.956951 -0
    outer loop
      vertex -28.2673 -23.6511 10.2
      vertex -28.4549 -23.5942 2.00241
      vertex -28.2673 -23.6511 2.00241
    endloop
  endfacet
  facet normal 0.290248 -0.956951 0
    outer loop
      vertex -34.2827 -23.6511 2.00241
      vertex -34.0951 -23.5942 10.2
      vertex -34.2827 -23.6511 10.2
    endloop
  endfacet
  facet normal 0.290248 -0.956951 0
    outer loop
      vertex -34.0951 -23.5942 10.2
      vertex -34.2827 -23.6511 2.00241
      vertex -34.0951 -23.5942 2.00241
    endloop
  endfacet
  facet normal 0.634598 0.772842 -0
    outer loop
      vertex -34.4556 -26.2565 2.00241
      vertex -34.6071 -26.1321 10.2
      vertex -34.4556 -26.2565 10.2
    endloop
  endfacet
  facet normal 0.634598 0.772842 0
    outer loop
      vertex -34.6071 -26.1321 10.2
      vertex -34.4556 -26.2565 2.00241
      vertex -34.6071 -26.1321 2.00241
    endloop
  endfacet
  facet normal -0.471329 0.881957 0
    outer loop
      vertex -28.0944 -26.2565 2.00241
      vertex -28.2673 -26.3489 10.2
      vertex -28.0944 -26.2565 10.2
    endloop
  endfacet
  facet normal -0.471329 0.881957 0
    outer loop
      vertex -28.2673 -26.3489 10.2
      vertex -28.0944 -26.2565 2.00241
      vertex -28.2673 -26.3489 2.00241
    endloop
  endfacet
  facet normal -0.290248 0.956951 0
    outer loop
      vertex -28.2673 -26.3489 2.00241
      vertex -28.4549 -26.4058 10.2
      vertex -28.2673 -26.3489 10.2
    endloop
  endfacet
  facet normal -0.290248 0.956951 0
    outer loop
      vertex -28.4549 -26.4058 10.2
      vertex -28.2673 -26.3489 2.00241
      vertex -28.4549 -26.4058 2.00241
    endloop
  endfacet
  facet normal 0 1 -0
    outer loop
      vertex -28.65 -26.425 2.00241
      vertex -33.9 -26.425 10.2
      vertex -28.65 -26.425 10.2
    endloop
  endfacet
  facet normal 0 1 0
    outer loop
      vertex -33.9 -26.425 10.2
      vertex -28.65 -26.425 2.00241
      vertex -33.9 -26.425 2.00241
    endloop
  endfacet
  facet normal 0.772842 -0.634598 0
    outer loop
      vertex -34.7315 -24.0194 10.2
      vertex -34.6071 -23.8679 2.00241
      vertex -34.6071 -23.8679 10.2
    endloop
  endfacet
  facet normal 0.772842 -0.634598 0
    outer loop
      vertex -34.6071 -23.8679 2.00241
      vertex -34.7315 -24.0194 10.2
      vertex -34.7315 -24.0194 2.00241
    endloop
  endfacet
  facet normal -0.995193 -0.097938 0
    outer loop
      vertex -27.65 -24.575 2.00241
      vertex -27.6692 -24.3799 10.2
      vertex -27.6692 -24.3799 2.00241
    endloop
  endfacet
  facet normal -0.995193 -0.097938 0
    outer loop
      vertex -27.6692 -24.3799 10.2
      vertex -27.65 -24.575 2.00241
      vertex -27.65 -24.575 10.2
    endloop
  endfacet
  facet normal 1 -0 0
    outer loop
      vertex -34.9 -25.425 10.2
      vertex -34.9 -24.575 2.00241
      vertex -34.9 -24.575 10.2
    endloop
  endfacet
  facet normal 1 0 0
    outer loop
      vertex -34.9 -24.575 2.00241
      vertex -34.9 -25.425 10.2
      vertex -34.9 -25.425 2.00241
    endloop
  endfacet
  facet normal 0.956951 0.290248 0
    outer loop
      vertex -34.8239 -25.8077 10.2
      vertex -34.8808 -25.6201 2.00241
      vertex -34.8808 -25.6201 10.2
    endloop
  endfacet
  facet normal 0.956951 0.290248 0
    outer loop
      vertex -34.8808 -25.6201 2.00241
      vertex -34.8239 -25.8077 10.2
      vertex -34.8239 -25.8077 2.00241
    endloop
  endfacet
  facet normal -0.881957 -0.471329 0
    outer loop
      vertex -27.7261 -24.1923 2.00241
      vertex -27.8185 -24.0194 10.2
      vertex -27.8185 -24.0194 2.00241
    endloop
  endfacet
  facet normal -0.881957 -0.471329 0
    outer loop
      vertex -27.8185 -24.0194 10.2
      vertex -27.7261 -24.1923 2.00241
      vertex -27.7261 -24.1923 10.2
    endloop
  endfacet
  facet normal 0.956951 -0.290248 0
    outer loop
      vertex -34.8808 -24.3799 10.2
      vertex -34.8239 -24.1923 2.00241
      vertex -34.8239 -24.1923 10.2
    endloop
  endfacet
  facet normal 0.956951 -0.290248 0
    outer loop
      vertex -34.8239 -24.1923 2.00241
      vertex -34.8808 -24.3799 10.2
      vertex -34.8808 -24.3799 2.00241
    endloop
  endfacet
  facet normal 0.995193 -0.097938 0
    outer loop
      vertex -34.9 -24.575 10.2
      vertex -34.8808 -24.3799 2.00241
      vertex -34.8808 -24.3799 10.2
    endloop
  endfacet
  facet normal 0.995193 -0.097938 0
    outer loop
      vertex -34.8808 -24.3799 2.00241
      vertex -34.9 -24.575 10.2
      vertex -34.9 -24.575 2.00241
    endloop
  endfacet
  facet normal 0.097938 -0.995193 0
    outer loop
      vertex -34.0951 -23.5942 2.00241
      vertex -33.9 -23.575 10.2
      vertex -34.0951 -23.5942 10.2
    endloop
  endfacet
  facet normal 0.097938 -0.995193 0
    outer loop
      vertex -33.9 -23.575 10.2
      vertex -34.0951 -23.5942 2.00241
      vertex -33.9 -23.575 2.00241
    endloop
  endfacet
  facet normal 0.995193 0.097938 0
    outer loop
      vertex -34.8808 -25.6201 10.2
      vertex -34.9 -25.425 2.00241
      vertex -34.9 -25.425 10.2
    endloop
  endfacet
  facet normal 0.995193 0.097938 0
    outer loop
      vertex -34.9 -25.425 2.00241
      vertex -34.8808 -25.6201 10.2
      vertex -34.8808 -25.6201 2.00241
    endloop
  endfacet
  facet normal -0.772842 -0.634598 0
    outer loop
      vertex -27.8185 -24.0194 2.00241
      vertex -27.9429 -23.8679 10.2
      vertex -27.9429 -23.8679 2.00241
    endloop
  endfacet
  facet normal -0.772842 -0.634598 0
    outer loop
      vertex -27.9429 -23.8679 10.2
      vertex -27.8185 -24.0194 2.00241
      vertex -27.8185 -24.0194 10.2
    endloop
  endfacet
  facet normal 0.290248 0.956951 -0
    outer loop
      vertex -34.0951 -26.4058 2.00241
      vertex -34.2827 -26.3489 10.2
      vertex -34.0951 -26.4058 10.2
    endloop
  endfacet
  facet normal 0.290248 0.956951 0
    outer loop
      vertex -34.2827 -26.3489 10.2
      vertex -34.0951 -26.4058 2.00241
      vertex -34.2827 -26.3489 2.00241
    endloop
  endfacet
  facet normal -0.995193 0.097938 0
    outer loop
      vertex -27.6692 -25.6201 2.00241
      vertex -27.65 -25.425 10.2
      vertex -27.65 -25.425 2.00241
    endloop
  endfacet
  facet normal -0.995193 0.097938 0
    outer loop
      vertex -27.65 -25.425 10.2
      vertex -27.6692 -25.6201 2.00241
      vertex -27.6692 -25.6201 10.2
    endloop
  endfacet
  facet normal 0 -1 0
    outer loop
      vertex -33.9 -23.575 2.00241
      vertex -28.65 -23.575 10.2
      vertex -33.9 -23.575 10.2
    endloop
  endfacet
  facet normal 0 -1 -0
    outer loop
      vertex -28.65 -23.575 10.2
      vertex -33.9 -23.575 2.00241
      vertex -28.65 -23.575 2.00241
    endloop
  endfacet
  facet normal -0.634598 -0.772842 0
    outer loop
      vertex -28.0944 -23.7435 2.00241
      vertex -27.9429 -23.8679 10.2
      vertex -28.0944 -23.7435 10.2
    endloop
  endfacet
  facet normal -0.634598 -0.772842 -0
    outer loop
      vertex -27.9429 -23.8679 10.2
      vertex -28.0944 -23.7435 2.00241
      vertex -27.9429 -23.8679 2.00241
    endloop
  endfacet
  facet normal -0.772842 0.634598 0
    outer loop
      vertex -27.9429 -26.1321 2.00241
      vertex -27.8185 -25.9806 10.2
      vertex -27.8185 -25.9806 2.00241
    endloop
  endfacet
  facet normal -0.772842 0.634598 0
    outer loop
      vertex -27.8185 -25.9806 10.2
      vertex -27.9429 -26.1321 2.00241
      vertex -27.9429 -26.1321 10.2
    endloop
  endfacet
  facet normal -0.634598 0.772842 0
    outer loop
      vertex -27.9429 -26.1321 2.00241
      vertex -28.0944 -26.2565 10.2
      vertex -27.9429 -26.1321 10.2
    endloop
  endfacet
  facet normal -0.634598 0.772842 0
    outer loop
      vertex -28.0944 -26.2565 10.2
      vertex -27.9429 -26.1321 2.00241
      vertex -28.0944 -26.2565 2.00241
    endloop
  endfacet
  facet normal 0.772842 0.634598 0
    outer loop
      vertex -34.6071 -26.1321 10.2
      vertex -34.7315 -25.9806 2.00241
      vertex -34.7315 -25.9806 10.2
    endloop
  endfacet
  facet normal 0.772842 0.634598 0
    outer loop
      vertex -34.7315 -25.9806 2.00241
      vertex -34.6071 -26.1321 10.2
      vertex -34.6071 -26.1321 2.00241
    endloop
  endfacet
  facet normal -1 0 0
    outer loop
      vertex -27.65 -25.425 2.00241
      vertex -27.65 -24.575 10.2
      vertex -27.65 -24.575 2.00241
    endloop
  endfacet
  facet normal -1 -0 0
    outer loop
      vertex -27.65 -24.575 10.2
      vertex -27.65 -25.425 2.00241
      vertex -27.65 -25.425 10.2
    endloop
  endfacet
  facet normal 0.881957 -0.471329 0
    outer loop
      vertex -34.8239 -24.1923 10.2
      vertex -34.7315 -24.0194 2.00241
      vertex -34.7315 -24.0194 10.2
    endloop
  endfacet
  facet normal 0.881957 -0.471329 0
    outer loop
      vertex -34.7315 -24.0194 2.00241
      vertex -34.8239 -24.1923 10.2
      vertex -34.8239 -24.1923 2.00241
    endloop
  endfacet
  facet normal 0.471329 -0.881957 0
    outer loop
      vertex -34.4556 -23.7435 2.00241
      vertex -34.2827 -23.6511 10.2
      vertex -34.4556 -23.7435 10.2
    endloop
  endfacet
  facet normal 0.471329 -0.881957 0
    outer loop
      vertex -34.2827 -23.6511 10.2
      vertex -34.4556 -23.7435 2.00241
      vertex -34.2827 -23.6511 2.00241
    endloop
  endfacet
  facet normal -0.097938 -0.995193 0
    outer loop
      vertex -28.65 -23.575 2.00241
      vertex -28.4549 -23.5942 10.2
      vertex -28.65 -23.575 10.2
    endloop
  endfacet
  facet normal -0.097938 -0.995193 -0
    outer loop
      vertex -28.4549 -23.5942 10.2
      vertex -28.65 -23.575 2.00241
      vertex -28.4549 -23.5942 2.00241
    endloop
  endfacet
  facet normal -0.097938 0.995193 0
    outer loop
      vertex -28.4549 -26.4058 2.00241
      vertex -28.65 -26.425 10.2
      vertex -28.4549 -26.4058 10.2
    endloop
  endfacet
  facet normal -0.097938 0.995193 0
    outer loop
      vertex -28.65 -26.425 10.2
      vertex -28.4549 -26.4058 2.00241
      vertex -28.65 -26.425 2.00241
    endloop
  endfacet
  facet normal -0.956951 0.290248 0
    outer loop
      vertex -27.7261 -25.8077 2.00241
      vertex -27.6692 -25.6201 10.2
      vertex -27.6692 -25.6201 2.00241
    endloop
  endfacet
  facet normal -0.956951 0.290248 0
    outer loop
      vertex -27.6692 -25.6201 10.2
      vertex -27.7261 -25.8077 2.00241
      vertex -27.7261 -25.8077 10.2
    endloop
  endfacet
  facet normal -0.881957 0.471329 0
    outer loop
      vertex -27.8185 -25.9806 2.00241
      vertex -27.7261 -25.8077 10.2
      vertex -27.7261 -25.8077 2.00241
    endloop
  endfacet
  facet normal -0.881957 0.471329 0
    outer loop
      vertex -27.7261 -25.8077 10.2
      vertex -27.8185 -25.9806 2.00241
      vertex -27.8185 -25.9806 10.2
    endloop
  endfacet
  facet normal -0.956951 -0.290248 0
    outer loop
      vertex -27.6692 -24.3799 2.00241
      vertex -27.7261 -24.1923 10.2
      vertex -27.7261 -24.1923 2.00241
    endloop
  endfacet
  facet normal -0.956951 -0.290248 0
    outer loop
      vertex -27.7261 -24.1923 10.2
      vertex -27.6692 -24.3799 2.00241
      vertex -27.6692 -24.3799 10.2
    endloop
  endfacet
  facet normal 0.097938 0.995193 -0
    outer loop
      vertex -33.9 -26.425 2.00241
      vertex -34.0951 -26.4058 10.2
      vertex -33.9 -26.425 10.2
    endloop
  endfacet
  facet normal 0.097938 0.995193 0
    outer loop
      vertex -34.0951 -26.4058 10.2
      vertex -33.9 -26.425 2.00241
      vertex -34.0951 -26.4058 2.00241
    endloop
  endfacet
  facet normal 0.634598 -0.772842 0
    outer loop
      vertex -34.6071 -23.8679 2.00241
      vertex -34.4556 -23.7435 10.2
      vertex -34.6071 -23.8679 10.2
    endloop
  endfacet
  facet normal 0.634598 -0.772842 0
    outer loop
      vertex -34.4556 -23.7435 10.2
      vertex -34.6071 -23.8679 2.00241
      vertex -34.4556 -23.7435 2.00241
    endloop
  endfacet
  facet normal -0.471329 -0.881957 0
    outer loop
      vertex -28.2673 -23.6511 2.00241
      vertex -28.0944 -23.7435 10.2
      vertex -28.2673 -23.6511 10.2
    endloop
  endfacet
  facet normal -0.471329 -0.881957 -0
    outer loop
      vertex -28.0944 -23.7435 10.2
      vertex -28.2673 -23.6511 2.00241
      vertex -28.0944 -23.7435 2.00241
    endloop
  endfacet
  facet normal 0 1 0
    outer loop
      vertex -35.8891 -23.5 10.2
      vertex -38.3476 -23.5 2.45099
      vertex -38.3476 -23.5 10.2
    endloop
  endfacet
  facet normal 0 1 -0
    outer loop
      vertex -35.8891 -23.5 2.00241
      vertex -38.3476 -23.5 2.45099
      vertex -35.8891 -23.5 10.2
    endloop
  endfacet
  facet normal 0 1 -0
    outer loop
      vertex -37.899 -23.5 2.00241
      vertex -38.3476 -23.5 2.45099
      vertex -35.8891 -23.5 2.00241
    endloop
  endfacet
  facet normal 0 1 0
    outer loop
      vertex -38.3476 -23.5 2.45099
      vertex -37.899 -23.5 2.00241
      vertex -38.3285 -23.5 2.35486
    endloop
  endfacet
  facet normal 0 1 0
    outer loop
      vertex -38.3285 -23.5 2.35486
      vertex -37.899 -23.5 2.00241
      vertex -38.291 -23.5 2.2643
    endloop
  endfacet
  facet normal 0 1 0
    outer loop
      vertex -38.291 -23.5 2.2643
      vertex -37.899 -23.5 2.00241
      vertex -38.2365 -23.5 2.1828
    endloop
  endfacet
  facet normal 0 1 0
    outer loop
      vertex -38.2365 -23.5 2.1828
      vertex -37.899 -23.5 2.00241
      vertex -38.1672 -23.5 2.11349
    endloop
  endfacet
  facet normal 0 1 0
    outer loop
      vertex -38.1672 -23.5 2.11349
      vertex -37.899 -23.5 2.00241
      vertex -38.0857 -23.5 2.05904
    endloop
  endfacet
  facet normal 0 1 0
    outer loop
      vertex -38.0857 -23.5 2.05904
      vertex -37.899 -23.5 2.00241
      vertex -37.9951 -23.5 2.02153
    endloop
  endfacet
  facet normal 0 -1 0
    outer loop
      vertex -38.3476 -26.5 2.45099
      vertex -35.8891 -26.5 10.2
      vertex -38.3476 -26.5 10.2
    endloop
  endfacet
  facet normal 0 -1 0
    outer loop
      vertex -37.899 -26.5 2.00241
      vertex -38.3476 -26.5 2.45099
      vertex -38.3285 -26.5 2.35486
    endloop
  endfacet
  facet normal 0 -1 0
    outer loop
      vertex -37.899 -26.5 2.00241
      vertex -38.3285 -26.5 2.35486
      vertex -38.291 -26.5 2.2643
    endloop
  endfacet
  facet normal 0 -1 0
    outer loop
      vertex -37.899 -26.5 2.00241
      vertex -38.291 -26.5 2.2643
      vertex -38.2365 -26.5 2.1828
    endloop
  endfacet
  facet normal 0 -1 0
    outer loop
      vertex -37.899 -26.5 2.00241
      vertex -38.2365 -26.5 2.1828
      vertex -38.1672 -26.5 2.11349
    endloop
  endfacet
  facet normal 0 -1 0
    outer loop
      vertex -37.899 -26.5 2.00241
      vertex -38.1672 -26.5 2.11349
      vertex -38.0857 -26.5 2.05904
    endloop
  endfacet
  facet normal 0 -1 0
    outer loop
      vertex -37.899 -26.5 2.00241
      vertex -38.0857 -26.5 2.05904
      vertex -37.9951 -26.5 2.02153
    endloop
  endfacet
  facet normal 0 -1 0
    outer loop
      vertex -38.3476 -26.5 2.45099
      vertex -37.899 -26.5 2.00241
      vertex -35.8891 -26.5 2.00241
    endloop
  endfacet
  facet normal 0 -1 0
    outer loop
      vertex -38.3476 -26.5 2.45099
      vertex -35.8891 -26.5 2.00241
      vertex -35.8891 -26.5 10.2
    endloop
  endfacet
  facet normal -0.956881 0.290482 0
    outer loop
      vertex 26.4884 -23.9848 2.00241
      vertex 26.6023 -23.6096 10.2
      vertex 26.6023 -23.6096 2.00241
    endloop
  endfacet
  facet normal -0.956881 0.290482 0
    outer loop
      vertex 26.6023 -23.6096 10.2
      vertex 26.4884 -23.9848 2.00241
      vertex 26.4884 -23.9848 10.2
    endloop
  endfacet
  facet normal 0.634321 0.77307 -0
    outer loop
      vertex 35.5142 -22.9608 2.00241
      vertex 35.2111 -22.7121 10.2
      vertex 35.5142 -22.9608 10.2
    endloop
  endfacet
  facet normal 0.634321 0.77307 0
    outer loop
      vertex 35.2111 -22.7121 10.2
      vertex 35.5142 -22.9608 2.00241
      vertex 35.2111 -22.7121 2.00241
    endloop
  endfacet
  facet normal -0.290482 0.956881 0
    outer loop
      vertex 28.0598 -22.4134 2.00241
      vertex 27.6846 -22.5273 10.2
      vertex 28.0598 -22.4134 10.2
    endloop
  endfacet
  facet normal -0.290482 0.956881 0
    outer loop
      vertex 27.6846 -22.5273 10.2
      vertex 28.0598 -22.4134 2.00241
      vertex 27.6846 -22.5273 2.00241
    endloop
  endfacet
  facet normal 0.097938 -0.995193 0
    outer loop
      vertex 34.1 -27.625 2.00241
      vertex 34.4902 -27.5866 10.2
      vertex 34.1 -27.625 10.2
    endloop
  endfacet
  facet normal 0.097938 -0.995193 0
    outer loop
      vertex 34.4902 -27.5866 10.2
      vertex 34.1 -27.625 2.00241
      vertex 34.4902 -27.5866 2.00241
    endloop
  endfacet
  facet normal 0.77307 0.634321 0
    outer loop
      vertex 35.7629 -23.2639 10.2
      vertex 35.5142 -22.9608 2.00241
      vertex 35.5142 -22.9608 10.2
    endloop
  endfacet
  facet normal 0.77307 0.634321 0
    outer loop
      vertex 35.5142 -22.9608 2.00241
      vertex 35.7629 -23.2639 10.2
      vertex 35.7629 -23.2639 2.00241
    endloop
  endfacet
  facet normal 0.77307 -0.634321 0
    outer loop
      vertex 35.5142 -27.0392 10.2
      vertex 35.7629 -26.7361 2.00241
      vertex 35.7629 -26.7361 10.2
    endloop
  endfacet
  facet normal 0.77307 -0.634321 0
    outer loop
      vertex 35.7629 -26.7361 2.00241
      vertex 35.5142 -27.0392 10.2
      vertex 35.5142 -27.0392 2.00241
    endloop
  endfacet
  facet normal -0.881901 -0.471435 0
    outer loop
      vertex 26.7871 -26.7361 2.00241
      vertex 26.6023 -26.3904 10.2
      vertex 26.6023 -26.3904 2.00241
    endloop
  endfacet
  facet normal -0.881901 -0.471435 0
    outer loop
      vertex 26.6023 -26.3904 10.2
      vertex 26.7871 -26.7361 2.00241
      vertex 26.7871 -26.7361 10.2
    endloop
  endfacet
  facet normal 0.097938 0.995193 -0
    outer loop
      vertex 34.4902 -22.4134 2.00241
      vertex 34.1 -22.375 10.2
      vertex 34.4902 -22.4134 10.2
    endloop
  endfacet
  facet normal 0.097938 0.995193 0
    outer loop
      vertex 34.1 -22.375 10.2
      vertex 34.4902 -22.4134 2.00241
      vertex 34.1 -22.375 2.00241
    endloop
  endfacet
  facet normal 0.290482 0.956881 -0
    outer loop
      vertex 34.8654 -22.5273 2.00241
      vertex 34.4902 -22.4134 10.2
      vertex 34.8654 -22.5273 10.2
    endloop
  endfacet
  facet normal 0.290482 0.956881 0
    outer loop
      vertex 34.4902 -22.4134 10.2
      vertex 34.8654 -22.5273 2.00241
      vertex 34.4902 -22.4134 2.00241
    endloop
  endfacet
  facet normal 0.471435 0.881901 -0
    outer loop
      vertex 35.2111 -22.7121 2.00241
      vertex 34.8654 -22.5273 10.2
      vertex 35.2111 -22.7121 10.2
    endloop
  endfacet
  facet normal 0.471435 0.881901 0
    outer loop
      vertex 34.8654 -22.5273 10.2
      vertex 35.2111 -22.7121 2.00241
      vertex 34.8654 -22.5273 2.00241
    endloop
  endfacet
  facet normal -0.290482 -0.956881 0
    outer loop
      vertex 27.6846 -27.4727 2.00241
      vertex 28.0598 -27.5866 10.2
      vertex 27.6846 -27.4727 10.2
    endloop
  endfacet
  facet normal -0.290482 -0.956881 -0
    outer loop
      vertex 28.0598 -27.5866 10.2
      vertex 27.6846 -27.4727 2.00241
      vertex 28.0598 -27.5866 2.00241
    endloop
  endfacet
  facet normal -0.471435 0.881901 0
    outer loop
      vertex 27.6846 -22.5273 2.00241
      vertex 27.3389 -22.7121 10.2
      vertex 27.6846 -22.5273 10.2
    endloop
  endfacet
  facet normal -0.471435 0.881901 0
    outer loop
      vertex 27.3389 -22.7121 10.2
      vertex 27.6846 -22.5273 2.00241
      vertex 27.3389 -22.7121 2.00241
    endloop
  endfacet
  facet normal 0.634321 -0.77307 0
    outer loop
      vertex 35.2111 -27.2879 2.00241
      vertex 35.5142 -27.0392 10.2
      vertex 35.2111 -27.2879 10.2
    endloop
  endfacet
  facet normal 0.634321 -0.77307 0
    outer loop
      vertex 35.5142 -27.0392 10.2
      vertex 35.2111 -27.2879 2.00241
      vertex 35.5142 -27.0392 2.00241
    endloop
  endfacet
  facet normal 0 1 -0
    outer loop
      vertex 34.1 -22.375 2.00241
      vertex 28.45 -22.375 10.2
      vertex 34.1 -22.375 10.2
    endloop
  endfacet
  facet normal 0 1 0
    outer loop
      vertex 28.45 -22.375 10.2
      vertex 34.1 -22.375 2.00241
      vertex 28.45 -22.375 2.00241
    endloop
  endfacet
  facet normal -0.956881 -0.290482 0
    outer loop
      vertex 26.6023 -26.3904 2.00241
      vertex 26.4884 -26.0152 10.2
      vertex 26.4884 -26.0152 2.00241
    endloop
  endfacet
  facet normal -0.956881 -0.290482 0
    outer loop
      vertex 26.4884 -26.0152 10.2
      vertex 26.6023 -26.3904 2.00241
      vertex 26.6023 -26.3904 10.2
    endloop
  endfacet
  facet normal -0.77307 -0.634321 0
    outer loop
      vertex 27.0358 -27.0392 2.00241
      vertex 26.7871 -26.7361 10.2
      vertex 26.7871 -26.7361 2.00241
    endloop
  endfacet
  facet normal -0.77307 -0.634321 0
    outer loop
      vertex 26.7871 -26.7361 10.2
      vertex 27.0358 -27.0392 2.00241
      vertex 27.0358 -27.0392 10.2
    endloop
  endfacet
  facet normal -1 0 0
    outer loop
      vertex 26.45 -25.625 2.00241
      vertex 26.45 -24.375 10.2
      vertex 26.45 -24.375 2.00241
    endloop
  endfacet
  facet normal -1 -0 0
    outer loop
      vertex 26.45 -24.375 10.2
      vertex 26.45 -25.625 2.00241
      vertex 26.45 -25.625 10.2
    endloop
  endfacet
  facet normal 0.471435 -0.881901 0
    outer loop
      vertex 34.8654 -27.4727 2.00241
      vertex 35.2111 -27.2879 10.2
      vertex 34.8654 -27.4727 10.2
    endloop
  endfacet
  facet normal 0.471435 -0.881901 0
    outer loop
      vertex 35.2111 -27.2879 10.2
      vertex 34.8654 -27.4727 2.00241
      vertex 35.2111 -27.2879 2.00241
    endloop
  endfacet
  facet normal -0.097938 0.995193 0
    outer loop
      vertex 28.45 -22.375 2.00241
      vertex 28.0598 -22.4134 10.2
      vertex 28.45 -22.375 10.2
    endloop
  endfacet
  facet normal -0.097938 0.995193 0
    outer loop
      vertex 28.0598 -22.4134 10.2
      vertex 28.45 -22.375 2.00241
      vertex 28.0598 -22.4134 2.00241
    endloop
  endfacet
  facet normal -0.471435 -0.881901 0
    outer loop
      vertex 27.3389 -27.2879 2.00241
      vertex 27.6846 -27.4727 10.2
      vertex 27.3389 -27.2879 10.2
    endloop
  endfacet
  facet normal -0.471435 -0.881901 -0
    outer loop
      vertex 27.6846 -27.4727 10.2
      vertex 27.3389 -27.2879 2.00241
      vertex 27.6846 -27.4727 2.00241
    endloop
  endfacet
  facet normal 0.290482 -0.956881 0
    outer loop
      vertex 34.4902 -27.5866 2.00241
      vertex 34.8654 -27.4727 10.2
      vertex 34.4902 -27.5866 10.2
    endloop
  endfacet
  facet normal 0.290482 -0.956881 0
    outer loop
      vertex 34.8654 -27.4727 10.2
      vertex 34.4902 -27.5866 2.00241
      vertex 34.8654 -27.4727 2.00241
    endloop
  endfacet
  facet normal -0.634321 -0.77307 0
    outer loop
      vertex 27.0358 -27.0392 2.00241
      vertex 27.3389 -27.2879 10.2
      vertex 27.0358 -27.0392 10.2
    endloop
  endfacet
  facet normal -0.634321 -0.77307 -0
    outer loop
      vertex 27.3389 -27.2879 10.2
      vertex 27.0358 -27.0392 2.00241
      vertex 27.3389 -27.2879 2.00241
    endloop
  endfacet
  facet normal 0.881918 0.471402 0
    outer loop
      vertex 35.8891 -23.5 10.2
      vertex 35.7629 -23.2639 2.00241
      vertex 35.7629 -23.2639 10.2
    endloop
  endfacet
  facet normal 0.881918 0.471402 0
    outer loop
      vertex 35.7629 -23.2639 2.00241
      vertex 35.8891 -23.5 10.2
      vertex 35.8891 -23.5 2.00241
    endloop
  endfacet
  facet normal -0.634321 0.77307 0
    outer loop
      vertex 27.3389 -22.7121 2.00241
      vertex 27.0358 -22.9608 10.2
      vertex 27.3389 -22.7121 10.2
    endloop
  endfacet
  facet normal -0.634321 0.77307 0
    outer loop
      vertex 27.0358 -22.9608 10.2
      vertex 27.3389 -22.7121 2.00241
      vertex 27.0358 -22.9608 2.00241
    endloop
  endfacet
  facet normal -0.77307 0.634321 0
    outer loop
      vertex 26.7871 -23.2639 2.00241
      vertex 27.0358 -22.9608 10.2
      vertex 27.0358 -22.9608 2.00241
    endloop
  endfacet
  facet normal -0.77307 0.634321 0
    outer loop
      vertex 27.0358 -22.9608 10.2
      vertex 26.7871 -23.2639 2.00241
      vertex 26.7871 -23.2639 10.2
    endloop
  endfacet
  facet normal -0.881901 0.471435 0
    outer loop
      vertex 26.6023 -23.6096 2.00241
      vertex 26.7871 -23.2639 10.2
      vertex 26.7871 -23.2639 2.00241
    endloop
  endfacet
  facet normal -0.881901 0.471435 0
    outer loop
      vertex 26.7871 -23.2639 10.2
      vertex 26.6023 -23.6096 2.00241
      vertex 26.6023 -23.6096 10.2
    endloop
  endfacet
  facet normal -0.995193 -0.097938 0
    outer loop
      vertex 26.4884 -26.0152 2.00241
      vertex 26.45 -25.625 10.2
      vertex 26.45 -25.625 2.00241
    endloop
  endfacet
  facet normal -0.995193 -0.097938 0
    outer loop
      vertex 26.45 -25.625 10.2
      vertex 26.4884 -26.0152 2.00241
      vertex 26.4884 -26.0152 10.2
    endloop
  endfacet
  facet normal 0 -1 0
    outer loop
      vertex 28.45 -27.625 2.00241
      vertex 34.1 -27.625 10.2
      vertex 28.45 -27.625 10.2
    endloop
  endfacet
  facet normal 0 -1 -0
    outer loop
      vertex 34.1 -27.625 10.2
      vertex 28.45 -27.625 2.00241
      vertex 34.1 -27.625 2.00241
    endloop
  endfacet
  facet normal 0.881918 -0.471402 0
    outer loop
      vertex 35.7629 -26.7361 10.2
      vertex 35.8891 -26.5 2.00241
      vertex 35.8891 -26.5 10.2
    endloop
  endfacet
  facet normal 0.881918 -0.471402 0
    outer loop
      vertex 35.8891 -26.5 2.00241
      vertex 35.7629 -26.7361 10.2
      vertex 35.7629 -26.7361 2.00241
    endloop
  endfacet
  facet normal -0.097938 -0.995193 0
    outer loop
      vertex 28.0598 -27.5866 2.00241
      vertex 28.45 -27.625 10.2
      vertex 28.0598 -27.5866 10.2
    endloop
  endfacet
  facet normal -0.097938 -0.995193 -0
    outer loop
      vertex 28.45 -27.625 10.2
      vertex 28.0598 -27.5866 2.00241
      vertex 28.45 -27.625 2.00241
    endloop
  endfacet
  facet normal -0 0 1
    outer loop
      vertex 35.8891 -23.5 10.2
      vertex 38.3476 -26.5 10.2
      vertex 38.3476 -23.5 10.2
    endloop
  endfacet
  facet normal 0 0 1
    outer loop
      vertex 35.8891 -23.5 10.2
      vertex 35.8891 -26.5 10.2
      vertex 38.3476 -26.5 10.2
    endloop
  endfacet
  facet normal 0 0 1
    outer loop
      vertex 34.7315 -24.0194 10.2
      vertex 35.8891 -23.5 10.2
      vertex 35.7629 -23.2639 10.2
    endloop
  endfacet
  facet normal 0 0 1
    outer loop
      vertex 35.8891 -23.5 10.2
      vertex 34.9 -24.575 10.2
      vertex 35.8891 -26.5 10.2
    endloop
  endfacet
  facet normal 0 0 1
    outer loop
      vertex 34.6071 -23.8679 10.2
      vertex 35.7629 -23.2639 10.2
      vertex 35.5142 -22.9608 10.2
    endloop
  endfacet
  facet normal -0 0 1
    outer loop
      vertex 34.9 -25.425 10.2
      vertex 35.8891 -26.5 10.2
      vertex 34.9 -24.575 10.2
    endloop
  endfacet
  facet normal 0 0 1
    outer loop
      vertex 34.6071 -23.8679 10.2
      vertex 35.5142 -22.9608 10.2
      vertex 35.2111 -22.7121 10.2
    endloop
  endfacet
  facet normal -0 0 1
    outer loop
      vertex 34.8808 -25.6201 10.2
      vertex 35.8891 -26.5 10.2
      vertex 34.9 -25.425 10.2
    endloop
  endfacet
  facet normal -0 0 1
    outer loop
      vertex 34.8239 -25.8077 10.2
      vertex 35.8891 -26.5 10.2
      vertex 34.8808 -25.6201 10.2
    endloop
  endfacet
  facet normal 0 0 1
    outer loop
      vertex 35.8891 -23.5 10.2
      vertex 34.8808 -24.3799 10.2
      vertex 34.9 -24.575 10.2
    endloop
  endfacet
  facet normal 0 0 1
    outer loop
      vertex 34.4556 -23.7435 10.2
      vertex 35.2111 -22.7121 10.2
      vertex 34.8654 -22.5273 10.2
    endloop
  endfacet
  facet normal 0 0 1
    outer loop
      vertex 35.8891 -23.5 10.2
      vertex 34.8239 -24.1923 10.2
      vertex 34.8808 -24.3799 10.2
    endloop
  endfacet
  facet normal 0 0 1
    outer loop
      vertex 35.8891 -23.5 10.2
      vertex 34.7315 -24.0194 10.2
      vertex 34.8239 -24.1923 10.2
    endloop
  endfacet
  facet normal 0 0 1
    outer loop
      vertex 35.7629 -23.2639 10.2
      vertex 34.6071 -23.8679 10.2
      vertex 34.7315 -24.0194 10.2
    endloop
  endfacet
  facet normal 0 0 1
    outer loop
      vertex 34.2827 -23.6511 10.2
      vertex 34.8654 -22.5273 10.2
      vertex 34.4902 -22.4134 10.2
    endloop
  endfacet
  facet normal 0 0 1
    outer loop
      vertex 35.2111 -22.7121 10.2
      vertex 34.4556 -23.7435 10.2
      vertex 34.6071 -23.8679 10.2
    endloop
  endfacet
  facet normal 0 0 1
    outer loop
      vertex 34.8654 -22.5273 10.2
      vertex 34.2827 -23.6511 10.2
      vertex 34.4556 -23.7435 10.2
    endloop
  endfacet
  facet normal 0 0 1
    outer loop
      vertex 34.0951 -23.5942 10.2
      vertex 34.4902 -22.4134 10.2
      vertex 34.1 -22.375 10.2
    endloop
  endfacet
  facet normal 0 0 1
    outer loop
      vertex 34.4902 -22.4134 10.2
      vertex 34.0951 -23.5942 10.2
      vertex 34.2827 -23.6511 10.2
    endloop
  endfacet
  facet normal 0 0 1
    outer loop
      vertex 34.1 -22.375 10.2
      vertex 33.9 -23.575 10.2
      vertex 34.0951 -23.5942 10.2
    endloop
  endfacet
  facet normal 0 0 1
    outer loop
      vertex 34.1 -22.375 10.2
      vertex 28.65 -23.575 10.2
      vertex 33.9 -23.575 10.2
    endloop
  endfacet
  facet normal -0 0 1
    outer loop
      vertex 28.45 -22.375 10.2
      vertex 28.65 -23.575 10.2
      vertex 34.1 -22.375 10.2
    endloop
  endfacet
  facet normal 0 0 1
    outer loop
      vertex 28.65 -23.575 10.2
      vertex 28.45 -22.375 10.2
      vertex 28.4549 -23.5942 10.2
    endloop
  endfacet
  facet normal -0 0 1
    outer loop
      vertex 28.0598 -22.4134 10.2
      vertex 28.4549 -23.5942 10.2
      vertex 28.45 -22.375 10.2
    endloop
  endfacet
  facet normal 0 0 1
    outer loop
      vertex 28.4549 -23.5942 10.2
      vertex 28.0598 -22.4134 10.2
      vertex 28.2673 -23.6511 10.2
    endloop
  endfacet
  facet normal -0 0 1
    outer loop
      vertex 27.6846 -22.5273 10.2
      vertex 28.2673 -23.6511 10.2
      vertex 28.0598 -22.4134 10.2
    endloop
  endfacet
  facet normal 0 0 1
    outer loop
      vertex 28.2673 -23.6511 10.2
      vertex 27.6846 -22.5273 10.2
      vertex 28.0944 -23.7435 10.2
    endloop
  endfacet
  facet normal -0 0 1
    outer loop
      vertex 27.3389 -22.7121 10.2
      vertex 28.0944 -23.7435 10.2
      vertex 27.6846 -22.5273 10.2
    endloop
  endfacet
  facet normal 0 0 1
    outer loop
      vertex 28.0944 -23.7435 10.2
      vertex 27.3389 -22.7121 10.2
      vertex 27.9429 -23.8679 10.2
    endloop
  endfacet
  facet normal -0 0 1
    outer loop
      vertex 27.0358 -22.9608 10.2
      vertex 27.9429 -23.8679 10.2
      vertex 27.3389 -22.7121 10.2
    endloop
  endfacet
  facet normal -0 0 1
    outer loop
      vertex 26.7871 -23.2639 10.2
      vertex 27.9429 -23.8679 10.2
      vertex 27.0358 -22.9608 10.2
    endloop
  endfacet
  facet normal 0 0 1
    outer loop
      vertex 27.9429 -23.8679 10.2
      vertex 26.7871 -23.2639 10.2
      vertex 27.8185 -24.0194 10.2
    endloop
  endfacet
  facet normal 0 0 1
    outer loop
      vertex 27.8185 -24.0194 10.2
      vertex 26.6023 -23.6096 10.2
      vertex 27.7261 -24.1923 10.2
    endloop
  endfacet
  facet normal -0 0 1
    outer loop
      vertex 26.6023 -23.6096 10.2
      vertex 27.8185 -24.0194 10.2
      vertex 26.7871 -23.2639 10.2
    endloop
  endfacet
  facet normal -0 0 1
    outer loop
      vertex 34.7315 -25.9806 10.2
      vertex 35.8891 -26.5 10.2
      vertex 34.8239 -25.8077 10.2
    endloop
  endfacet
  facet normal 0 0 1
    outer loop
      vertex 35.8891 -26.5 10.2
      vertex 34.7315 -25.9806 10.2
      vertex 35.7629 -26.7361 10.2
    endloop
  endfacet
  facet normal -0 0 1
    outer loop
      vertex 34.6071 -26.1321 10.2
      vertex 35.7629 -26.7361 10.2
      vertex 34.7315 -25.9806 10.2
    endloop
  endfacet
  facet normal 0 0 1
    outer loop
      vertex 35.7629 -26.7361 10.2
      vertex 34.6071 -26.1321 10.2
      vertex 35.5142 -27.0392 10.2
    endloop
  endfacet
  facet normal 0 0 1
    outer loop
      vertex 35.5142 -27.0392 10.2
      vertex 34.6071 -26.1321 10.2
      vertex 35.2111 -27.2879 10.2
    endloop
  endfacet
  facet normal -0 0 1
    outer loop
      vertex 34.4556 -26.2565 10.2
      vertex 35.2111 -27.2879 10.2
      vertex 34.6071 -26.1321 10.2
    endloop
  endfacet
  facet normal 0 0 1
    outer loop
      vertex 35.2111 -27.2879 10.2
      vertex 34.4556 -26.2565 10.2
      vertex 34.8654 -27.4727 10.2
    endloop
  endfacet
  facet normal -0 0 1
    outer loop
      vertex 34.2827 -26.3489 10.2
      vertex 34.8654 -27.4727 10.2
      vertex 34.4556 -26.2565 10.2
    endloop
  endfacet
  facet normal 0 0 1
    outer loop
      vertex 34.8654 -27.4727 10.2
      vertex 34.2827 -26.3489 10.2
      vertex 34.4902 -27.5866 10.2
    endloop
  endfacet
  facet normal -0 0 1
    outer loop
      vertex 34.0951 -26.4058 10.2
      vertex 34.4902 -27.5866 10.2
      vertex 34.2827 -26.3489 10.2
    endloop
  endfacet
  facet normal 0 0 1
    outer loop
      vertex 34.4902 -27.5866 10.2
      vertex 34.0951 -26.4058 10.2
      vertex 34.1 -27.625 10.2
    endloop
  endfacet
  facet normal -0 0 1
    outer loop
      vertex 33.9 -26.425 10.2
      vertex 34.1 -27.625 10.2
      vertex 34.0951 -26.4058 10.2
    endloop
  endfacet
  facet normal -0 0 1
    outer loop
      vertex 28.65 -26.425 10.2
      vertex 34.1 -27.625 10.2
      vertex 33.9 -26.425 10.2
    endloop
  endfacet
  facet normal 0 0 1
    outer loop
      vertex 28.45 -27.625 10.2
      vertex 28.65 -26.425 10.2
      vertex 28.4549 -26.4058 10.2
    endloop
  endfacet
  facet normal 0 0 1
    outer loop
      vertex 28.65 -26.425 10.2
      vertex 28.45 -27.625 10.2
      vertex 34.1 -27.625 10.2
    endloop
  endfacet
  facet normal 0 0 1
    outer loop
      vertex 28.0598 -27.5866 10.2
      vertex 28.4549 -26.4058 10.2
      vertex 28.2673 -26.3489 10.2
    endloop
  endfacet
  facet normal 0 0 1
    outer loop
      vertex 27.6846 -27.4727 10.2
      vertex 28.2673 -26.3489 10.2
      vertex 28.0944 -26.2565 10.2
    endloop
  endfacet
  facet normal 0 0 1
    outer loop
      vertex 28.4549 -26.4058 10.2
      vertex 28.0598 -27.5866 10.2
      vertex 28.45 -27.625 10.2
    endloop
  endfacet
  facet normal 0 0 1
    outer loop
      vertex 27.3389 -27.2879 10.2
      vertex 28.0944 -26.2565 10.2
      vertex 27.9429 -26.1321 10.2
    endloop
  endfacet
  facet normal 0 0 1
    outer loop
      vertex 26.7871 -26.7361 10.2
      vertex 27.9429 -26.1321 10.2
      vertex 27.8185 -25.9806 10.2
    endloop
  endfacet
  facet normal 0 0 1
    outer loop
      vertex 26.6023 -26.3904 10.2
      vertex 27.8185 -25.9806 10.2
      vertex 27.7261 -25.8077 10.2
    endloop
  endfacet
  facet normal 0 0 1
    outer loop
      vertex 28.2673 -26.3489 10.2
      vertex 27.6846 -27.4727 10.2
      vertex 28.0598 -27.5866 10.2
    endloop
  endfacet
  facet normal 0 0 1
    outer loop
      vertex 26.4884 -26.0152 10.2
      vertex 27.7261 -25.8077 10.2
      vertex 27.6692 -25.6201 10.2
    endloop
  endfacet
  facet normal 0 0 1
    outer loop
      vertex 26.45 -25.625 10.2
      vertex 27.6692 -25.6201 10.2
      vertex 27.65 -25.425 10.2
    endloop
  endfacet
  facet normal -0 0 1
    outer loop
      vertex 26.4884 -23.9848 10.2
      vertex 27.7261 -24.1923 10.2
      vertex 26.6023 -23.6096 10.2
    endloop
  endfacet
  facet normal 0 0 1
    outer loop
      vertex 26.45 -25.625 10.2
      vertex 27.65 -25.425 10.2
      vertex 26.45 -24.375 10.2
    endloop
  endfacet
  facet normal 0 0 1
    outer loop
      vertex 27.7261 -24.1923 10.2
      vertex 26.4884 -23.9848 10.2
      vertex 27.6692 -24.3799 10.2
    endloop
  endfacet
  facet normal 0 0 1
    outer loop
      vertex 27.6692 -25.6201 10.2
      vertex 26.45 -25.625 10.2
      vertex 26.4884 -26.0152 10.2
    endloop
  endfacet
  facet normal -0 0 1
    outer loop
      vertex 26.45 -24.375 10.2
      vertex 27.6692 -24.3799 10.2
      vertex 26.4884 -23.9848 10.2
    endloop
  endfacet
  facet normal 0 0 1
    outer loop
      vertex 28.0944 -26.2565 10.2
      vertex 27.3389 -27.2879 10.2
      vertex 27.6846 -27.4727 10.2
    endloop
  endfacet
  facet normal 0 0 1
    outer loop
      vertex 27.6692 -24.3799 10.2
      vertex 26.45 -24.375 10.2
      vertex 27.65 -24.575 10.2
    endloop
  endfacet
  facet normal 0 0 1
    outer loop
      vertex 27.9429 -26.1321 10.2
      vertex 27.0358 -27.0392 10.2
      vertex 27.3389 -27.2879 10.2
    endloop
  endfacet
  facet normal 0 0 1
    outer loop
      vertex 27.65 -24.575 10.2
      vertex 26.45 -24.375 10.2
      vertex 27.65 -25.425 10.2
    endloop
  endfacet
  facet normal 0 0 1
    outer loop
      vertex 27.9429 -26.1321 10.2
      vertex 26.7871 -26.7361 10.2
      vertex 27.0358 -27.0392 10.2
    endloop
  endfacet
  facet normal 0 0 1
    outer loop
      vertex 27.8185 -25.9806 10.2
      vertex 26.6023 -26.3904 10.2
      vertex 26.7871 -26.7361 10.2
    endloop
  endfacet
  facet normal 0 0 1
    outer loop
      vertex 27.7261 -25.8077 10.2
      vertex 26.4884 -26.0152 10.2
      vertex 26.6023 -26.3904 10.2
    endloop
  endfacet
  facet normal -0.995193 0.097938 0
    outer loop
      vertex 26.45 -24.375 2.00241
      vertex 26.4884 -23.9848 10.2
      vertex 26.4884 -23.9848 2.00241
    endloop
  endfacet
  facet normal -0.995193 0.097938 0
    outer loop
      vertex 26.4884 -23.9848 10.2
      vertex 26.45 -24.375 2.00241
      vertex 26.45 -24.375 10.2
    endloop
  endfacet
  facet normal -0.881957 -0.471329 0
    outer loop
      vertex 34.8239 -24.1923 2.00241
      vertex 34.7315 -24.0194 10.2
      vertex 34.7315 -24.0194 2.00241
    endloop
  endfacet
  facet normal -0.881957 -0.471329 0
    outer loop
      vertex 34.7315 -24.0194 10.2
      vertex 34.8239 -24.1923 2.00241
      vertex 34.8239 -24.1923 10.2
    endloop
  endfacet
  facet normal -0.471329 -0.881957 0
    outer loop
      vertex 34.2827 -23.6511 2.00241
      vertex 34.4556 -23.7435 10.2
      vertex 34.2827 -23.6511 10.2
    endloop
  endfacet
  facet normal -0.471329 -0.881957 -0
    outer loop
      vertex 34.4556 -23.7435 10.2
      vertex 34.2827 -23.6511 2.00241
      vertex 34.4556 -23.7435 2.00241
    endloop
  endfacet
  facet normal 0.290248 0.956951 -0
    outer loop
      vertex 28.4549 -26.4058 2.00241
      vertex 28.2673 -26.3489 10.2
      vertex 28.4549 -26.4058 10.2
    endloop
  endfacet
  facet normal 0.290248 0.956951 0
    outer loop
      vertex 28.2673 -26.3489 10.2
      vertex 28.4549 -26.4058 2.00241
      vertex 28.2673 -26.3489 2.00241
    endloop
  endfacet
  facet normal -0.290248 0.956951 0
    outer loop
      vertex 34.2827 -26.3489 2.00241
      vertex 34.0951 -26.4058 10.2
      vertex 34.2827 -26.3489 10.2
    endloop
  endfacet
  facet normal -0.290248 0.956951 0
    outer loop
      vertex 34.0951 -26.4058 10.2
      vertex 34.2827 -26.3489 2.00241
      vertex 34.0951 -26.4058 2.00241
    endloop
  endfacet
  facet normal -0.634598 -0.772842 0
    outer loop
      vertex 34.4556 -23.7435 2.00241
      vertex 34.6071 -23.8679 10.2
      vertex 34.4556 -23.7435 10.2
    endloop
  endfacet
  facet normal -0.634598 -0.772842 -0
    outer loop
      vertex 34.6071 -23.8679 10.2
      vertex 34.4556 -23.7435 2.00241
      vertex 34.6071 -23.8679 2.00241
    endloop
  endfacet
  facet normal 0.471329 -0.881957 0
    outer loop
      vertex 28.0944 -23.7435 2.00241
      vertex 28.2673 -23.6511 10.2
      vertex 28.0944 -23.7435 10.2
    endloop
  endfacet
  facet normal 0.471329 -0.881957 0
    outer loop
      vertex 28.2673 -23.6511 10.2
      vertex 28.0944 -23.7435 2.00241
      vertex 28.2673 -23.6511 2.00241
    endloop
  endfacet
  facet normal 0.290248 -0.956951 0
    outer loop
      vertex 28.2673 -23.6511 2.00241
      vertex 28.4549 -23.5942 10.2
      vertex 28.2673 -23.6511 10.2
    endloop
  endfacet
  facet normal 0.290248 -0.956951 0
    outer loop
      vertex 28.4549 -23.5942 10.2
      vertex 28.2673 -23.6511 2.00241
      vertex 28.4549 -23.5942 2.00241
    endloop
  endfacet
  facet normal 0 -1 0
    outer loop
      vertex 28.65 -23.575 2.00241
      vertex 33.9 -23.575 10.2
      vertex 28.65 -23.575 10.2
    endloop
  endfacet
  facet normal 0 -1 -0
    outer loop
      vertex 33.9 -23.575 10.2
      vertex 28.65 -23.575 2.00241
      vertex 33.9 -23.575 2.00241
    endloop
  endfacet
  facet normal -0.772842 0.634598 0
    outer loop
      vertex 34.6071 -26.1321 2.00241
      vertex 34.7315 -25.9806 10.2
      vertex 34.7315 -25.9806 2.00241
    endloop
  endfacet
  facet normal -0.772842 0.634598 0
    outer loop
      vertex 34.7315 -25.9806 10.2
      vertex 34.6071 -26.1321 2.00241
      vertex 34.6071 -26.1321 10.2
    endloop
  endfacet
  facet normal 0.995193 0.097938 0
    outer loop
      vertex 27.6692 -25.6201 10.2
      vertex 27.65 -25.425 2.00241
      vertex 27.65 -25.425 10.2
    endloop
  endfacet
  facet normal 0.995193 0.097938 0
    outer loop
      vertex 27.65 -25.425 2.00241
      vertex 27.6692 -25.6201 10.2
      vertex 27.6692 -25.6201 2.00241
    endloop
  endfacet
  facet normal -1 0 0
    outer loop
      vertex 34.9 -25.425 2.00241
      vertex 34.9 -24.575 10.2
      vertex 34.9 -24.575 2.00241
    endloop
  endfacet
  facet normal -1 -0 0
    outer loop
      vertex 34.9 -24.575 10.2
      vertex 34.9 -25.425 2.00241
      vertex 34.9 -25.425 10.2
    endloop
  endfacet
  facet normal -0.956951 -0.290248 0
    outer loop
      vertex 34.8808 -24.3799 2.00241
      vertex 34.8239 -24.1923 10.2
      vertex 34.8239 -24.1923 2.00241
    endloop
  endfacet
  facet normal -0.956951 -0.290248 0
    outer loop
      vertex 34.8239 -24.1923 10.2
      vertex 34.8808 -24.3799 2.00241
      vertex 34.8808 -24.3799 10.2
    endloop
  endfacet
  facet normal 0.881957 0.471329 0
    outer loop
      vertex 27.8185 -25.9806 10.2
      vertex 27.7261 -25.8077 2.00241
      vertex 27.7261 -25.8077 10.2
    endloop
  endfacet
  facet normal 0.881957 0.471329 0
    outer loop
      vertex 27.7261 -25.8077 2.00241
      vertex 27.8185 -25.9806 10.2
      vertex 27.8185 -25.9806 2.00241
    endloop
  endfacet
  facet normal -0.956951 0.290248 0
    outer loop
      vertex 34.8239 -25.8077 2.00241
      vertex 34.8808 -25.6201 10.2
      vertex 34.8808 -25.6201 2.00241
    endloop
  endfacet
  facet normal -0.956951 0.290248 0
    outer loop
      vertex 34.8808 -25.6201 10.2
      vertex 34.8239 -25.8077 2.00241
      vertex 34.8239 -25.8077 10.2
    endloop
  endfacet
  facet normal -0.995193 0.097938 0
    outer loop
      vertex 34.8808 -25.6201 2.00241
      vertex 34.9 -25.425 10.2
      vertex 34.9 -25.425 2.00241
    endloop
  endfacet
  facet normal -0.995193 0.097938 0
    outer loop
      vertex 34.9 -25.425 10.2
      vertex 34.8808 -25.6201 2.00241
      vertex 34.8808 -25.6201 10.2
    endloop
  endfacet
  facet normal -0.097938 0.995193 0
    outer loop
      vertex 34.0951 -26.4058 2.00241
      vertex 33.9 -26.425 10.2
      vertex 34.0951 -26.4058 10.2
    endloop
  endfacet
  facet normal -0.097938 0.995193 0
    outer loop
      vertex 33.9 -26.425 10.2
      vertex 34.0951 -26.4058 2.00241
      vertex 33.9 -26.425 2.00241
    endloop
  endfacet
  facet normal -0.995193 -0.097938 0
    outer loop
      vertex 34.9 -24.575 2.00241
      vertex 34.8808 -24.3799 10.2
      vertex 34.8808 -24.3799 2.00241
    endloop
  endfacet
  facet normal -0.995193 -0.097938 0
    outer loop
      vertex 34.8808 -24.3799 10.2
      vertex 34.9 -24.575 2.00241
      vertex 34.9 -24.575 10.2
    endloop
  endfacet
  facet normal 0.772842 0.634598 0
    outer loop
      vertex 27.9429 -26.1321 10.2
      vertex 27.8185 -25.9806 2.00241
      vertex 27.8185 -25.9806 10.2
    endloop
  endfacet
  facet normal 0.772842 0.634598 0
    outer loop
      vertex 27.8185 -25.9806 2.00241
      vertex 27.9429 -26.1321 10.2
      vertex 27.9429 -26.1321 2.00241
    endloop
  endfacet
  facet normal -0.290248 -0.956951 0
    outer loop
      vertex 34.0951 -23.5942 2.00241
      vertex 34.2827 -23.6511 10.2
      vertex 34.0951 -23.5942 10.2
    endloop
  endfacet
  facet normal -0.290248 -0.956951 -0
    outer loop
      vertex 34.2827 -23.6511 10.2
      vertex 34.0951 -23.5942 2.00241
      vertex 34.2827 -23.6511 2.00241
    endloop
  endfacet
  facet normal 0.995193 -0.097938 0
    outer loop
      vertex 27.65 -24.575 10.2
      vertex 27.6692 -24.3799 2.00241
      vertex 27.6692 -24.3799 10.2
    endloop
  endfacet
  facet normal 0.995193 -0.097938 0
    outer loop
      vertex 27.6692 -24.3799 2.00241
      vertex 27.65 -24.575 10.2
      vertex 27.65 -24.575 2.00241
    endloop
  endfacet
  facet normal 0 1 -0
    outer loop
      vertex 33.9 -26.425 2.00241
      vertex 28.65 -26.425 10.2
      vertex 33.9 -26.425 10.2
    endloop
  endfacet
  facet normal 0 1 0
    outer loop
      vertex 28.65 -26.425 10.2
      vertex 33.9 -26.425 2.00241
      vertex 28.65 -26.425 2.00241
    endloop
  endfacet
  facet normal 0.634598 0.772842 -0
    outer loop
      vertex 28.0944 -26.2565 2.00241
      vertex 27.9429 -26.1321 10.2
      vertex 28.0944 -26.2565 10.2
    endloop
  endfacet
  facet normal 0.634598 0.772842 0
    outer loop
      vertex 27.9429 -26.1321 10.2
      vertex 28.0944 -26.2565 2.00241
      vertex 27.9429 -26.1321 2.00241
    endloop
  endfacet
  facet normal 0.772842 -0.634598 0
    outer loop
      vertex 27.8185 -24.0194 10.2
      vertex 27.9429 -23.8679 2.00241
      vertex 27.9429 -23.8679 10.2
    endloop
  endfacet
  facet normal 0.772842 -0.634598 0
    outer loop
      vertex 27.9429 -23.8679 2.00241
      vertex 27.8185 -24.0194 10.2
      vertex 27.8185 -24.0194 2.00241
    endloop
  endfacet
  facet normal 0.634598 -0.772842 0
    outer loop
      vertex 27.9429 -23.8679 2.00241
      vertex 28.0944 -23.7435 10.2
      vertex 27.9429 -23.8679 10.2
    endloop
  endfacet
  facet normal 0.634598 -0.772842 0
    outer loop
      vertex 28.0944 -23.7435 10.2
      vertex 27.9429 -23.8679 2.00241
      vertex 28.0944 -23.7435 2.00241
    endloop
  endfacet
  facet normal -0.772842 -0.634598 0
    outer loop
      vertex 34.7315 -24.0194 2.00241
      vertex 34.6071 -23.8679 10.2
      vertex 34.6071 -23.8679 2.00241
    endloop
  endfacet
  facet normal -0.772842 -0.634598 0
    outer loop
      vertex 34.6071 -23.8679 10.2
      vertex 34.7315 -24.0194 2.00241
      vertex 34.7315 -24.0194 10.2
    endloop
  endfacet
  facet normal 1 -0 0
    outer loop
      vertex 27.65 -25.425 10.2
      vertex 27.65 -24.575 2.00241
      vertex 27.65 -24.575 10.2
    endloop
  endfacet
  facet normal 1 0 0
    outer loop
      vertex 27.65 -24.575 2.00241
      vertex 27.65 -25.425 10.2
      vertex 27.65 -25.425 2.00241
    endloop
  endfacet
  facet normal -0.881957 0.471329 0
    outer loop
      vertex 34.7315 -25.9806 2.00241
      vertex 34.8239 -25.8077 10.2
      vertex 34.8239 -25.8077 2.00241
    endloop
  endfacet
  facet normal -0.881957 0.471329 0
    outer loop
      vertex 34.8239 -25.8077 10.2
      vertex 34.7315 -25.9806 2.00241
      vertex 34.7315 -25.9806 10.2
    endloop
  endfacet
  facet normal -0.471329 0.881957 0
    outer loop
      vertex 34.4556 -26.2565 2.00241
      vertex 34.2827 -26.3489 10.2
      vertex 34.4556 -26.2565 10.2
    endloop
  endfacet
  facet normal -0.471329 0.881957 0
    outer loop
      vertex 34.2827 -26.3489 10.2
      vertex 34.4556 -26.2565 2.00241
      vertex 34.2827 -26.3489 2.00241
    endloop
  endfacet
  facet normal 0.097938 0.995193 -0
    outer loop
      vertex 28.65 -26.425 2.00241
      vertex 28.4549 -26.4058 10.2
      vertex 28.65 -26.425 10.2
    endloop
  endfacet
  facet normal 0.097938 0.995193 0
    outer loop
      vertex 28.4549 -26.4058 10.2
      vertex 28.65 -26.425 2.00241
      vertex 28.4549 -26.4058 2.00241
    endloop
  endfacet
  facet normal 0.097938 -0.995193 0
    outer loop
      vertex 28.4549 -23.5942 2.00241
      vertex 28.65 -23.575 10.2
      vertex 28.4549 -23.5942 10.2
    endloop
  endfacet
  facet normal 0.097938 -0.995193 0
    outer loop
      vertex 28.65 -23.575 10.2
      vertex 28.4549 -23.5942 2.00241
      vertex 28.65 -23.575 2.00241
    endloop
  endfacet
  facet normal 0.956951 -0.290248 0
    outer loop
      vertex 27.6692 -24.3799 10.2
      vertex 27.7261 -24.1923 2.00241
      vertex 27.7261 -24.1923 10.2
    endloop
  endfacet
  facet normal 0.956951 -0.290248 0
    outer loop
      vertex 27.7261 -24.1923 2.00241
      vertex 27.6692 -24.3799 10.2
      vertex 27.6692 -24.3799 2.00241
    endloop
  endfacet
  facet normal 0.881957 -0.471329 0
    outer loop
      vertex 27.7261 -24.1923 10.2
      vertex 27.8185 -24.0194 2.00241
      vertex 27.8185 -24.0194 10.2
    endloop
  endfacet
  facet normal 0.881957 -0.471329 0
    outer loop
      vertex 27.8185 -24.0194 2.00241
      vertex 27.7261 -24.1923 10.2
      vertex 27.7261 -24.1923 2.00241
    endloop
  endfacet
  facet normal 0.956951 0.290248 0
    outer loop
      vertex 27.7261 -25.8077 10.2
      vertex 27.6692 -25.6201 2.00241
      vertex 27.6692 -25.6201 10.2
    endloop
  endfacet
  facet normal 0.956951 0.290248 0
    outer loop
      vertex 27.6692 -25.6201 2.00241
      vertex 27.7261 -25.8077 10.2
      vertex 27.7261 -25.8077 2.00241
    endloop
  endfacet
  facet normal -0.097938 -0.995193 0
    outer loop
      vertex 33.9 -23.575 2.00241
      vertex 34.0951 -23.5942 10.2
      vertex 33.9 -23.575 10.2
    endloop
  endfacet
  facet normal -0.097938 -0.995193 -0
    outer loop
      vertex 34.0951 -23.5942 10.2
      vertex 33.9 -23.575 2.00241
      vertex 34.0951 -23.5942 2.00241
    endloop
  endfacet
  facet normal -0.634598 0.772842 0
    outer loop
      vertex 34.6071 -26.1321 2.00241
      vertex 34.4556 -26.2565 10.2
      vertex 34.6071 -26.1321 10.2
    endloop
  endfacet
  facet normal -0.634598 0.772842 0
    outer loop
      vertex 34.4556 -26.2565 10.2
      vertex 34.6071 -26.1321 2.00241
      vertex 34.4556 -26.2565 2.00241
    endloop
  endfacet
  facet normal 0.471329 0.881957 -0
    outer loop
      vertex 28.2673 -26.3489 2.00241
      vertex 28.0944 -26.2565 10.2
      vertex 28.2673 -26.3489 10.2
    endloop
  endfacet
  facet normal 0.471329 0.881957 0
    outer loop
      vertex 28.0944 -26.2565 10.2
      vertex 28.2673 -26.3489 2.00241
      vertex 28.0944 -26.2565 2.00241
    endloop
  endfacet
  facet normal 0 -1 0
    outer loop
      vertex 35.8891 -26.5 10.2
      vertex 38.3476 -26.5 2.45099
      vertex 38.3476 -26.5 10.2
    endloop
  endfacet
  facet normal 0 -1 0
    outer loop
      vertex 35.8891 -26.5 2.00241
      vertex 38.3476 -26.5 2.45099
      vertex 35.8891 -26.5 10.2
    endloop
  endfacet
  facet normal 0 -1 0
    outer loop
      vertex 37.899 -26.5 2.00241
      vertex 38.3476 -26.5 2.45099
      vertex 35.8891 -26.5 2.00241
    endloop
  endfacet
  facet normal 0 -1 0
    outer loop
      vertex 38.3476 -26.5 2.45099
      vertex 37.899 -26.5 2.00241
      vertex 38.3285 -26.5 2.35486
    endloop
  endfacet
  facet normal 0 -1 0
    outer loop
      vertex 38.3285 -26.5 2.35486
      vertex 37.899 -26.5 2.00241
      vertex 38.291 -26.5 2.2643
    endloop
  endfacet
  facet normal 0 -1 0
    outer loop
      vertex 38.291 -26.5 2.2643
      vertex 37.899 -26.5 2.00241
      vertex 38.2365 -26.5 2.1828
    endloop
  endfacet
  facet normal 0 -1 0
    outer loop
      vertex 38.2365 -26.5 2.1828
      vertex 37.899 -26.5 2.00241
      vertex 38.1672 -26.5 2.11349
    endloop
  endfacet
  facet normal 0 -1 0
    outer loop
      vertex 38.1672 -26.5 2.11349
      vertex 37.899 -26.5 2.00241
      vertex 38.0857 -26.5 2.05904
    endloop
  endfacet
  facet normal 0 -1 0
    outer loop
      vertex 38.0857 -26.5 2.05904
      vertex 37.899 -26.5 2.00241
      vertex 37.9951 -26.5 2.02153
    endloop
  endfacet
  facet normal 0 1 -0
    outer loop
      vertex 38.3476 -23.5 2.45099
      vertex 35.8891 -23.5 10.2
      vertex 38.3476 -23.5 10.2
    endloop
  endfacet
  facet normal 0 1 0
    outer loop
      vertex 37.899 -23.5 2.00241
      vertex 38.3476 -23.5 2.45099
      vertex 38.3285 -23.5 2.35486
    endloop
  endfacet
  facet normal 0 1 0
    outer loop
      vertex 37.899 -23.5 2.00241
      vertex 38.3285 -23.5 2.35486
      vertex 38.291 -23.5 2.2643
    endloop
  endfacet
  facet normal 0 1 0
    outer loop
      vertex 37.899 -23.5 2.00241
      vertex 38.291 -23.5 2.2643
      vertex 38.2365 -23.5 2.1828
    endloop
  endfacet
  facet normal 0 1 0
    outer loop
      vertex 37.899 -23.5 2.00241
      vertex 38.2365 -23.5 2.1828
      vertex 38.1672 -23.5 2.11349
    endloop
  endfacet
  facet normal 0 1 0
    outer loop
      vertex 37.899 -23.5 2.00241
      vertex 38.1672 -23.5 2.11349
      vertex 38.0857 -23.5 2.05904
    endloop
  endfacet
  facet normal 0 1 0
    outer loop
      vertex 37.899 -23.5 2.00241
      vertex 38.0857 -23.5 2.05904
      vertex 37.9951 -23.5 2.02153
    endloop
  endfacet
  facet normal 0 1 0
    outer loop
      vertex 38.3476 -23.5 2.45099
      vertex 37.899 -23.5 2.00241
      vertex 35.8891 -23.5 2.00241
    endloop
  endfacet
  facet normal 0 1 0
    outer loop
      vertex 38.3476 -23.5 2.45099
      vertex 35.8891 -23.5 2.00241
      vertex 35.8891 -23.5 10.2
    endloop
  endfacet
  facet normal 0.884767 -0.26842 -0.38097
    outer loop
      vertex 40.5761 -48.2493 1.06457
      vertex 40.4722 -48.2062 0.792905
      vertex 40.6578 -47.98 1.06457
    endloop
  endfacet
  facet normal -0.431031 -0.353429 -0.830241
    outer loop
      vertex -39.75 -48.2 0.177118
      vertex -39.9229 -48.3729 0.340484
      vertex -39.8379 -48.0928 0.177118
    endloop
  endfacet
  facet normal 0 1 0
    outer loop
      vertex 39.25 49.1928 11.1375
      vertex 37.15 49.1928 2.2
      vertex 37.15 49.1928 11.1375
    endloop
  endfacet
  facet normal 0 1 0
    outer loop
      vertex 37.15 49.1928 2.2
      vertex 39.25 49.1928 1.35297
      vertex -37.15 49.1928 2.2
    endloop
  endfacet
  facet normal 0 1 -0
    outer loop
      vertex 39.25 49.1928 1.35297
      vertex 37.15 49.1928 2.2
      vertex 39.25 49.1928 11.1375
    endloop
  endfacet
  facet normal 0 1 -0
    outer loop
      vertex -37.15 49.1928 2.2
      vertex -39.25 49.1928 11.1375
      vertex -37.15 49.1928 11.1375
    endloop
  endfacet
  facet normal 0 1 0
    outer loop
      vertex -37.15 49.1928 2.2
      vertex -39.25 49.1928 1.35297
      vertex -39.25 49.1928 11.1375
    endloop
  endfacet
  facet normal 0 1 0
    outer loop
      vertex -39.25 49.1928 1.35297
      vertex -37.15 49.1928 2.2
      vertex 39.25 49.1928 1.35297
    endloop
  endfacet
  facet normal -0.976212 -0.0962266 -0.194295
    outer loop
      vertex -40.6578 -47.98 1.06457
      vertex -40.7428 -47.7 1.35297
      vertex -40.6854 -47.7 1.06457
    endloop
  endfacet
  facet normal -0.956909 -0.290387 0
    outer loop
      vertex -40.6291 -48.2713 1.35297
      vertex -40.7141 -47.9912 11.1375
      vertex -40.7141 -47.9912 1.35297
    endloop
  endfacet
  facet normal -0.956909 -0.290387 0
    outer loop
      vertex -40.7141 -47.9912 11.1375
      vertex -40.6291 -48.2713 1.35297
      vertex -40.6291 -48.2713 11.1375
    endloop
  endfacet
  facet normal -0.55473 -0.0547086 -0.83023
    outer loop
      vertex -39.9435 -47.8379 0.177118
      vertex -40.2016 -47.7 0.340484
      vertex -39.9571 -47.7 0.177118
    endloop
  endfacet
  facet normal 0.995178 -0.0980825 0
    outer loop
      vertex 40.7141 -47.9912 11.1375
      vertex 40.7428 -47.7 1.35297
      vertex 40.7428 -47.7 11.1375
    endloop
  endfacet
  facet normal 0.995178 -0.0980825 0
    outer loop
      vertex 40.7428 -47.7 1.35297
      vertex 40.7141 -47.9912 11.1375
      vertex 40.7141 -47.9912 1.35297
    endloop
  endfacet
  facet normal 0 0.831417 -0.555649
    outer loop
      vertex 39.25 48.8595 0.54841
      vertex -39.25 49.0229 0.792905
      vertex 39.25 49.0229 0.792905
    endloop
  endfacet
  facet normal 0 0.831417 -0.555649
    outer loop
      vertex -39.25 49.0229 0.792905
      vertex 39.25 48.8595 0.54841
      vertex -39.25 48.8595 0.54841
    endloop
  endfacet
  facet normal -0.12425 -0.15158 -0.980605
    outer loop
      vertex -39.4919 -48.062 0.0645887
      vertex -39.5579 -48.0079 0.0645887
      vertex -39.3317 -47.8222 0.00722237
    endloop
  endfacet
  facet normal 0.828586 0.0815424 -0.553891
    outer loop
      vertex 40.5729 47.7 0.792905
      vertex 40.3872 47.9262 0.54841
      vertex 40.5475 47.9581 0.792905
    endloop
  endfacet
  facet normal -0.297153 -0.243654 -0.923219
    outer loop
      vertex -39.75 -48.2 0.177118
      vertex -39.8379 -48.0928 0.177118
      vertex -39.5579 -48.0079 0.0645887
    endloop
  endfacet
  facet normal -0.54799 -0.449565 -0.705406
    outer loop
      vertex -39.9229 -48.3729 0.340484
      vertex -40.2141 -48.3442 0.54841
      vertex -40.0412 -48.2287 0.340484
    endloop
  endfacet
  facet normal 0.643638 -0.528335 -0.553708
    outer loop
      vertex 40.3499 -48.435 0.792905
      vertex 40.1854 -48.6354 0.792905
      vertex 40.2141 -48.3442 0.54841
    endloop
  endfacet
  facet normal 0 -0.707151 -0.707063
    outer loop
      vertex -39.25 -48.8595 0.54841
      vertex 39.25 -48.6516 0.340484
      vertex 39.25 -48.8595 0.54841
    endloop
  endfacet
  facet normal -0 -0.707151 -0.707063
    outer loop
      vertex 39.25 -48.6516 0.340484
      vertex -39.25 -48.8595 0.54841
      vertex -39.25 -48.6516 0.340484
    endloop
  endfacet
  facet normal 0.195057 -0.0190467 -0.980607
    outer loop
      vertex 39.6771 -47.785 0.0645887
      vertex 39.3942 -47.7287 0.00722237
      vertex 39.6854 -47.7 0.0645887
    endloop
  endfacet
  facet normal -0.15158 0.12425 -0.980605
    outer loop
      vertex -39.3722 47.7817 0.00722237
      vertex -39.612 47.9419 0.0645887
      vertex -39.5579 48.0079 0.0645887
    endloop
  endfacet
  facet normal 0 0.923912 -0.382604
    outer loop
      vertex 39.25 49.0229 0.792905
      vertex -39.25 49.1354 1.06457
      vertex 39.25 49.1354 1.06457
    endloop
  endfacet
  facet normal 0 0.923912 -0.382604
    outer loop
      vertex -39.25 49.1354 1.06457
      vertex 39.25 49.0229 0.792905
      vertex -39.25 49.0229 0.792905
    endloop
  endfacet
  facet normal 0.449565 0.54799 -0.705406
    outer loop
      vertex 39.9229 48.3729 0.340484
      vertex 39.7787 48.4912 0.340484
      vertex 39.8942 48.6641 0.54841
    endloop
  endfacet
  facet normal 0.884772 -0.268534 -0.380878
    outer loop
      vertex 40.6578 -47.98 1.06457
      vertex 40.4722 -48.2062 0.792905
      vertex 40.5475 -47.9581 0.792905
    endloop
  endfacet
  facet normal 0.622302 0.758267 -0.194352
    outer loop
      vertex 40.265 48.715 1.06457
      vertex 40.0475 48.8935 1.06457
      vertex 40.3056 48.7556 1.35297
    endloop
  endfacet
  facet normal -1 0 0
    outer loop
      vertex -40.7428 -47.7 1.35297
      vertex -40.7428 47.7 11.1375
      vertex -40.7428 47.7 1.35297
    endloop
  endfacet
  facet normal -1 -0 0
    outer loop
      vertex -40.7428 47.7 11.1375
      vertex -40.7428 -47.7 1.35297
      vertex -40.7428 -47.7 11.1375
    endloop
  endfacet
  facet normal -0.528335 -0.643638 -0.553708
    outer loop
      vertex -39.985 -48.7999 0.792905
      vertex -40.1854 -48.6354 0.792905
      vertex -39.8942 -48.6641 0.54841
    endloop
  endfacet
  facet normal 0 0.555562 -0.831475
    outer loop
      vertex -39.25 48.4071 0.177118
      vertex 39.25 48.6516 0.340484
      vertex 39.25 48.4071 0.177118
    endloop
  endfacet
  facet normal 0 0.555562 -0.831475
    outer loop
      vertex 39.25 48.6516 0.340484
      vertex -39.25 48.4071 0.177118
      vertex -39.25 48.6516 0.340484
    endloop
  endfacet
  facet normal -0.262901 -0.491446 -0.830279
    outer loop
      vertex -39.6142 -48.5792 0.340484
      vertex -39.7787 -48.4912 0.340484
      vertex -39.6428 -48.2879 0.177118
    endloop
  endfacet
  facet normal 0 0.707151 -0.707063
    outer loop
      vertex 39.25 48.6516 0.340484
      vertex -39.25 48.8595 0.54841
      vertex 39.25 48.8595 0.54841
    endloop
  endfacet
  facet normal 0 0.707151 -0.707063
    outer loop
      vertex -39.25 48.8595 0.54841
      vertex 39.25 48.6516 0.340484
      vertex -39.25 48.6516 0.340484
    endloop
  endfacet
  facet normal -0.111421 0.367801 -0.923205
    outer loop
      vertex -39.3349 48.1271 0.0645887
      vertex -39.5206 48.3533 0.177118
      vertex -39.3879 48.3935 0.177118
    endloop
  endfacet
  facet normal 0.392553 0.734392 -0.553689
    outer loop
      vertex 39.8942 48.6641 0.54841
      vertex 39.7562 48.9222 0.792905
      vertex 39.985 48.7999 0.792905
    endloop
  endfacet
  facet normal 0.714593 0.58658 -0.381157
    outer loop
      vertex 40.3499 48.435 0.792905
      vertex 40.1854 48.6354 0.792905
      vertex 40.4435 48.4975 1.06457
    endloop
  endfacet
  facet normal 0 -1 0
    outer loop
      vertex -39.25 -49.1928 1.35297
      vertex -35.407 -49.1928 2
      vertex -39.25 -49.1928 2
    endloop
  endfacet
  facet normal 0 -1 -0
    outer loop
      vertex -35.407 -49.1928 2
      vertex -39.25 -49.1928 1.35297
      vertex 35.407 -49.1928 2
    endloop
  endfacet
  facet normal 0 -1 0
    outer loop
      vertex 39.25 -49.1928 1.35297
      vertex 35.407 -49.1928 2
      vertex -39.25 -49.1928 1.35297
    endloop
  endfacet
  facet normal 0 -1 0
    outer loop
      vertex 35.407 -49.1928 2
      vertex 39.25 -49.1928 1.35297
      vertex 39.25 -49.1928 2
    endloop
  endfacet
  facet normal -0.124035 -0.992278 0
    outer loop
      vertex -39.5412 -49.1641 11.1375
      vertex -39.5404 -49.1642 2
      vertex -39.5404 -49.1642 11.1375
    endloop
  endfacet
  facet normal -0.124035 -0.992278 0
    outer loop
      vertex -39.5412 -49.1641 1.35297
      vertex -39.5404 -49.1642 2
      vertex -39.5412 -49.1641 11.1375
    endloop
  endfacet
  facet normal -0.0980107 -0.995185 -3.2626e-05
    outer loop
      vertex -39.5412 -49.1641 1.35297
      vertex -39.25 -49.1928 2
      vertex -39.5404 -49.1642 2
    endloop
  endfacet
  facet normal -0.0980825 -0.995178 -0
    outer loop
      vertex -39.25 -49.1928 2
      vertex -39.5412 -49.1641 1.35297
      vertex -39.25 -49.1928 1.35297
    endloop
  endfacet
  facet normal -0.15158 -0.12425 -0.980605
    outer loop
      vertex -39.5579 -48.0079 0.0645887
      vertex -39.612 -47.9419 0.0645887
      vertex -39.3722 -47.7817 0.00722237
    endloop
  endfacet
  facet normal -0.815429 0.43564 -0.381174
    outer loop
      vertex -40.3499 48.435 0.792905
      vertex -40.5761 48.2493 1.06457
      vertex -40.4435 48.4975 1.06457
    endloop
  endfacet
  facet normal -0.995178 -0.0980825 0
    outer loop
      vertex -40.7141 -47.9912 1.35297
      vertex -40.7428 -47.7 11.1375
      vertex -40.7428 -47.7 1.35297
    endloop
  endfacet
  facet normal -0.995178 -0.0980825 0
    outer loop
      vertex -40.7428 -47.7 11.1375
      vertex -40.7141 -47.9912 1.35297
      vertex -40.7141 -47.9912 11.1375
    endloop
  endfacet
  facet normal -0.382542 -0.0373541 -0.923183
    outer loop
      vertex -39.6771 -47.785 0.0645887
      vertex -39.9435 -47.8379 0.177118
      vertex -39.6854 -47.7 0.0645887
    endloop
  endfacet
  facet normal 0.334337 -0.624981 -0.70542
    outer loop
      vertex 39.8942 -48.6641 0.54841
      vertex 39.6142 -48.5792 0.340484
      vertex 39.7787 -48.4912 0.340484
    endloop
  endfacet
  facet normal 0.54799 -0.449565 -0.705406
    outer loop
      vertex 40.2141 -48.3442 0.54841
      vertex 39.9229 -48.3729 0.340484
      vertex 40.0412 -48.2287 0.340484
    endloop
  endfacet
  facet normal 0.367762 -0.111771 -0.923178
    outer loop
      vertex 39.9435 -47.8379 0.177118
      vertex 39.6523 -47.8666 0.0645887
      vertex 39.6771 -47.785 0.0645887
    endloop
  endfacet
  facet normal 0.19509 0 -0.980785
    outer loop
      vertex 39.397 -47.7 0.00722237
      vertex 39.6854 47.7 0.0645887
      vertex 39.6854 -47.7 0.0645887
    endloop
  endfacet
  facet normal 0.19509 0 -0.980785
    outer loop
      vertex 39.6854 47.7 0.0645887
      vertex 39.397 -47.7 0.00722237
      vertex 39.397 47.7 0.00722237
    endloop
  endfacet
  facet normal 0.705433 -0.0695551 -0.705355
    outer loop
      vertex 40.3872 -47.9262 0.54841
      vertex 40.1833 -47.8856 0.340484
      vertex 40.2016 -47.7 0.340484
    endloop
  endfacet
  facet normal -0.0377107 -0.382375 -0.923237
    outer loop
      vertex -39.25 -48.4071 0.177118
      vertex -39.3879 -48.3935 0.177118
      vertex -39.25 -48.1354 0.0645887
    endloop
  endfacet
  facet normal 0 -0.980763 -0.1952
    outer loop
      vertex -39.25 -49.1354 1.06457
      vertex 39.25 -49.1928 1.35297
      vertex -39.25 -49.1928 1.35297
    endloop
  endfacet
  facet normal 0 -0.980763 -0.1952
    outer loop
      vertex 39.25 -49.1928 1.35297
      vertex -39.25 -49.1354 1.06457
      vertex 39.25 -49.1354 1.06457
    endloop
  endfacet
  facet normal -0.58658 -0.714593 -0.381157
    outer loop
      vertex -40.0475 -48.8935 1.06457
      vertex -40.1854 -48.6354 0.792905
      vertex -39.985 -48.7999 0.792905
    endloop
  endfacet
  facet normal -0.353429 -0.431031 -0.830241
    outer loop
      vertex -39.6428 -48.2879 0.177118
      vertex -39.9229 -48.3729 0.340484
      vertex -39.75 -48.2 0.177118
    endloop
  endfacet
  facet normal 0.161607 0.533463 -0.830241
    outer loop
      vertex 39.5206 48.3533 0.177118
      vertex 39.3879 48.3935 0.177118
      vertex 39.4356 48.6333 0.340484
    endloop
  endfacet
  facet normal 0 0.382647 -0.923895
    outer loop
      vertex -39.25 48.1354 0.0645887
      vertex 39.25 48.4071 0.177118
      vertex 39.25 48.1354 0.0645887
    endloop
  endfacet
  facet normal 0 0.382647 -0.923895
    outer loop
      vertex 39.25 48.4071 0.177118
      vertex -39.25 48.1354 0.0645887
      vertex -39.25 48.4071 0.177118
    endloop
  endfacet
  facet normal -0.431031 0.353429 -0.830241
    outer loop
      vertex -39.8379 48.0928 0.177118
      vertex -39.9229 48.3729 0.340484
      vertex -39.75 48.2 0.177118
    endloop
  endfacet
  facet normal -0.705433 -0.0695551 -0.705355
    outer loop
      vertex -40.1833 -47.8856 0.340484
      vertex -40.3872 -47.9262 0.54841
      vertex -40.2016 -47.7 0.340484
    endloop
  endfacet
  facet normal 0.0962264 0.97621 -0.194308
    outer loop
      vertex 39.53 49.1078 1.06457
      vertex 39.25 49.1354 1.06457
      vertex 39.5412 49.1641 1.35297
    endloop
  endfacet
  facet normal 0.0905501 0.920117 -0.381032
    outer loop
      vertex 39.5081 48.9975 0.792905
      vertex 39.25 49.0229 0.792905
      vertex 39.25 49.1354 1.06457
    endloop
  endfacet
  facet normal 0.12425 0.15158 -0.980605
    outer loop
      vertex 39.5579 48.0079 0.0645887
      vertex 39.3317 47.8222 0.00722237
      vertex 39.4919 48.062 0.0645887
    endloop
  endfacet
  facet normal -0.0905501 0.920117 -0.381032
    outer loop
      vertex -39.25 49.0229 0.792905
      vertex -39.5081 48.9975 0.792905
      vertex -39.25 49.1354 1.06457
    endloop
  endfacet
  facet normal -0.938672 -0.284852 -0.194305
    outer loop
      vertex -40.6291 -48.2713 1.35297
      vertex -40.7141 -47.9912 1.35297
      vertex -40.6578 -47.98 1.06457
    endloop
  endfacet
  facet normal -0.828638 -0.0816915 -0.553792
    outer loop
      vertex -40.3872 -47.9262 0.54841
      vertex -40.5729 -47.7 0.792905
      vertex -40.4095 -47.7 0.54841
    endloop
  endfacet
  facet normal -0.533466 -0.161593 -0.830242
    outer loop
      vertex -40.1292 -48.0642 0.340484
      vertex -40.1833 -47.8856 0.340484
      vertex -39.9435 -47.8379 0.177118
    endloop
  endfacet
  facet normal -0.554725 -0.0546954 -0.830234
    outer loop
      vertex -40.1833 -47.8856 0.340484
      vertex -40.2016 -47.7 0.340484
      vertex -39.9435 -47.8379 0.177118
    endloop
  endfacet
  facet normal -0.815489 -0.435672 -0.381009
    outer loop
      vertex -40.4435 -48.4975 1.06457
      vertex -40.5761 -48.2493 1.06457
      vertex -40.4722 -48.2062 0.792905
    endloop
  endfacet
  facet normal -0.881927 -0.471386 0
    outer loop
      vertex -40.4912 -48.5293 1.35297
      vertex -40.6291 -48.2713 11.1375
      vertex -40.6291 -48.2713 1.35297
    endloop
  endfacet
  facet normal -0.881927 -0.471386 0
    outer loop
      vertex -40.6291 -48.2713 11.1375
      vertex -40.4912 -48.5293 1.35297
      vertex -40.4912 -48.5293 11.1375
    endloop
  endfacet
  facet normal -0.92017 -0.0905553 -0.380903
    outer loop
      vertex -40.5475 -47.9581 0.792905
      vertex -40.6578 -47.98 1.06457
      vertex -40.5729 -47.7 0.792905
    endloop
  endfacet
  facet normal -0.865126 -0.462407 -0.19426
    outer loop
      vertex -40.4912 -48.5293 1.35297
      vertex -40.6291 -48.2713 1.35297
      vertex -40.5761 -48.2493 1.06457
    endloop
  endfacet
  facet normal -0.758514 -0.622095 -0.194049
    outer loop
      vertex -40.3056 -48.7556 1.35297
      vertex -40.4912 -48.5293 1.35297
      vertex -40.4435 -48.4975 1.06457
    endloop
  endfacet
  facet normal 0 -0.831417 -0.555649
    outer loop
      vertex -39.25 -48.8595 0.54841
      vertex 39.25 -49.0229 0.792905
      vertex -39.25 -49.0229 0.792905
    endloop
  endfacet
  facet normal 0 -0.831417 -0.555649
    outer loop
      vertex 39.25 -49.0229 0.792905
      vertex -39.25 -48.8595 0.54841
      vertex 39.25 -48.8595 0.54841
    endloop
  endfacet
  facet normal 0.707151 0 -0.707063
    outer loop
      vertex 40.4095 -47.7 0.54841
      vertex 40.2016 47.7 0.340484
      vertex 40.4095 47.7 0.54841
    endloop
  endfacet
  facet normal 0.707151 0 -0.707063
    outer loop
      vertex 40.2016 47.7 0.340484
      vertex 40.4095 -47.7 0.54841
      vertex 40.2016 -47.7 0.340484
    endloop
  endfacet
  facet normal 0.43089 -0.353497 -0.830285
    outer loop
      vertex 39.9229 -48.3729 0.340484
      vertex 39.8379 -48.0928 0.177118
      vertex 40.0412 -48.2287 0.340484
    endloop
  endfacet
  facet normal 0.980763 0 -0.1952
    outer loop
      vertex 40.7428 -47.7 1.35297
      vertex 40.6854 47.7 1.06457
      vertex 40.7428 47.7 1.35297
    endloop
  endfacet
  facet normal 0.980763 0 -0.1952
    outer loop
      vertex 40.6854 47.7 1.06457
      vertex 40.7428 -47.7 1.35297
      vertex 40.6854 -47.7 1.06457
    endloop
  endfacet
  facet normal 0.49144 -0.263013 -0.830248
    outer loop
      vertex 40.1292 -48.0642 0.340484
      vertex 39.8379 -48.0928 0.177118
      vertex 39.9033 -47.9706 0.177118
    endloop
  endfacet
  facet normal 0.796988 -0.241478 -0.553622
    outer loop
      vertex 40.4722 -48.2062 0.792905
      vertex 40.3213 -48.1437 0.54841
      vertex 40.3872 -47.9262 0.54841
    endloop
  endfacet
  facet normal 0.705439 0.0695459 -0.705351
    outer loop
      vertex 40.4095 47.7 0.54841
      vertex 40.2016 47.7 0.340484
      vertex 40.3872 47.9262 0.54841
    endloop
  endfacet
  facet normal 0.0925132 -0.172782 -0.980606
    outer loop
      vertex 39.4919 -48.062 0.0645887
      vertex 39.3063 -47.8358 0.00722237
      vertex 39.3317 -47.8222 0.00722237
    endloop
  endfacet
  facet normal 0.382522 0.0373961 -0.923189
    outer loop
      vertex 39.6854 47.7 0.0645887
      vertex 39.6771 47.7849 0.0645887
      vertex 39.9435 47.8379 0.177118
    endloop
  endfacet
  facet normal 0.435817 -0.815331 -0.381181
    outer loop
      vertex 40.0475 -48.8935 1.06457
      vertex 39.7562 -48.9222 0.792905
      vertex 39.985 -48.7999 0.792905
    endloop
  endfacet
  facet normal 0.920105 -0.090696 -0.381027
    outer loop
      vertex 40.6578 -47.98 1.06457
      vertex 40.5729 -47.7 0.792905
      vertex 40.6854 -47.7 1.06457
    endloop
  endfacet
  facet normal 0.0695459 -0.705439 -0.705351
    outer loop
      vertex 39.4762 -48.8372 0.54841
      vertex 39.25 -48.8595 0.54841
      vertex 39.25 -48.6516 0.340484
    endloop
  endfacet
  facet normal -0.297153 0.243654 -0.923219
    outer loop
      vertex -39.5579 48.0079 0.0645887
      vertex -39.8379 48.0928 0.177118
      vertex -39.75 48.2 0.177118
    endloop
  endfacet
  facet normal -0.353497 -0.43089 -0.830285
    outer loop
      vertex -39.7787 -48.4912 0.340484
      vertex -39.9229 -48.3729 0.340484
      vertex -39.6428 -48.2879 0.177118
    endloop
  endfacet
  facet normal 0.284852 -0.938672 -0.194305
    outer loop
      vertex 39.5412 -49.1641 1.35297
      vertex 39.53 -49.1078 1.06457
      vertex 39.8213 -49.0791 1.35297
    endloop
  endfacet
  facet normal 0.734386 -0.392649 -0.553628
    outer loop
      vertex 40.4722 -48.2062 0.792905
      vertex 40.2141 -48.3442 0.54841
      vertex 40.3213 -48.1437 0.54841
    endloop
  endfacet
  facet normal -0.0547086 -0.55473 -0.83023
    outer loop
      vertex -39.25 -48.6516 0.340484
      vertex -39.3879 -48.3935 0.177118
      vertex -39.25 -48.4071 0.177118
    endloop
  endfacet
  facet normal -0.205492 -0.67839 -0.705379
    outer loop
      vertex -39.4762 -48.8372 0.54841
      vertex -39.6142 -48.5792 0.340484
      vertex -39.4356 -48.6333 0.340484
    endloop
  endfacet
  facet normal -0.26842 -0.884767 -0.38097
    outer loop
      vertex -39.53 -49.1078 1.06457
      vertex -39.7993 -49.0261 1.06457
      vertex -39.7562 -48.9222 0.792905
    endloop
  endfacet
  facet normal -0.828586 0.0815424 -0.553891
    outer loop
      vertex -40.3872 47.9262 0.54841
      vertex -40.5729 47.7 0.792905
      vertex -40.5475 47.9581 0.792905
    endloop
  endfacet
  facet normal -0.920105 0.090696 -0.381027
    outer loop
      vertex -40.5729 47.7 0.792905
      vertex -40.6854 47.7 1.06457
      vertex -40.6578 47.98 1.06457
    endloop
  endfacet
  facet normal -0.7967 0.241804 -0.553895
    outer loop
      vertex -40.3872 47.9262 0.54841
      vertex -40.5475 47.9581 0.792905
      vertex -40.4722 48.2062 0.792905
    endloop
  endfacet
  facet normal 0.297153 -0.243654 -0.923219
    outer loop
      vertex 39.75 -48.2 0.177118
      vertex 39.5579 -48.0079 0.0645887
      vertex 39.8379 -48.0928 0.177118
    endloop
  endfacet
  facet normal -0.67839 -0.205492 -0.705379
    outer loop
      vertex -40.1292 -48.0642 0.340484
      vertex -40.3872 -47.9262 0.54841
      vertex -40.1833 -47.8856 0.340484
    endloop
  endfacet
  facet normal -0.367762 -0.111771 -0.923178
    outer loop
      vertex -39.6523 -47.8666 0.0645887
      vertex -39.9435 -47.8379 0.177118
      vertex -39.6771 -47.785 0.0645887
    endloop
  endfacet
  facet normal 0.241422 0.796803 -0.553913
    outer loop
      vertex 39.6937 48.7713 0.54841
      vertex 39.4762 48.8372 0.54841
      vertex 39.5081 48.9975 0.792905
    endloop
  endfacet
  facet normal 0.297153 0.243654 -0.923219
    outer loop
      vertex 39.8379 48.0928 0.177118
      vertex 39.5579 48.0079 0.0645887
      vertex 39.75 48.2 0.177118
    endloop
  endfacet
  facet normal -0.0924842 -0.172805 -0.980604
    outer loop
      vertex -39.4166 -48.1023 0.0645887
      vertex -39.4919 -48.062 0.0645887
      vertex -39.3063 -47.8358 0.00722237
    endloop
  endfacet
  facet normal 0.0373822 0.38238 -0.923249
    outer loop
      vertex 39.3349 48.1271 0.0645887
      vertex 39.25 48.1354 0.0645887
      vertex 39.25 48.4071 0.177118
    endloop
  endfacet
  facet normal 0.0907009 0.920154 -0.380908
    outer loop
      vertex 39.5081 48.9975 0.792905
      vertex 39.25 49.1354 1.06457
      vertex 39.53 49.1078 1.06457
    endloop
  endfacet
  facet normal 0 0.980763 -0.1952
    outer loop
      vertex 39.25 49.1354 1.06457
      vertex -39.25 49.1928 1.35297
      vertex 39.25 49.1928 1.35297
    endloop
  endfacet
  facet normal 0 0.980763 -0.1952
    outer loop
      vertex -39.25 49.1928 1.35297
      vertex 39.25 49.1354 1.06457
      vertex -39.25 49.1354 1.06457
    endloop
  endfacet
  facet normal 0.054708 0.554723 -0.830235
    outer loop
      vertex 39.3879 48.3935 0.177118
      vertex 39.25 48.4071 0.177118
      vertex 39.4356 48.6333 0.340484
    endloop
  endfacet
  facet normal 0.528335 0.643638 -0.553708
    outer loop
      vertex 40.1854 48.6354 0.792905
      vertex 39.8942 48.6641 0.54841
      vertex 39.985 48.7999 0.792905
    endloop
  endfacet
  facet normal -0.758468 0.622058 -0.194346
    outer loop
      vertex -40.265 48.715 1.06457
      vertex -40.4912 48.5293 1.35297
      vertex -40.3056 48.7556 1.35297
    endloop
  endfacet
  facet normal -0.938707 0.284784 -0.194233
    outer loop
      vertex -40.5761 48.2493 1.06457
      vertex -40.6578 47.98 1.06457
      vertex -40.6291 48.2713 1.35297
    endloop
  endfacet
  facet normal -0.625127 0.334233 -0.70534
    outer loop
      vertex -40.1292 48.0642 0.340484
      vertex -40.3213 48.1437 0.54841
      vertex -40.2141 48.3442 0.54841
    endloop
  endfacet
  facet normal -0.382647 0 -0.923895
    outer loop
      vertex -39.9571 -47.7 0.177118
      vertex -39.6854 47.7 0.0645887
      vertex -39.6854 -47.7 0.0645887
    endloop
  endfacet
  facet normal -0.382647 0 -0.923895
    outer loop
      vertex -39.6854 47.7 0.0645887
      vertex -39.9571 -47.7 0.177118
      vertex -39.9571 47.7 0.177118
    endloop
  endfacet
  facet normal -0.705439 -0.0695459 -0.705351
    outer loop
      vertex -40.3872 -47.9262 0.54841
      vertex -40.4095 -47.7 0.54841
      vertex -40.2016 -47.7 0.340484
    endloop
  endfacet
  facet normal -0.980763 0 -0.1952
    outer loop
      vertex -40.6854 -47.7 1.06457
      vertex -40.7428 47.7 1.35297
      vertex -40.6854 47.7 1.06457
    endloop
  endfacet
  facet normal -0.980763 -0 -0.1952
    outer loop
      vertex -40.7428 47.7 1.35297
      vertex -40.6854 -47.7 1.06457
      vertex -40.7428 -47.7 1.35297
    endloop
  endfacet
  facet normal -0.243654 -0.297153 -0.923219
    outer loop
      vertex -39.6428 -48.2879 0.177118
      vertex -39.75 -48.2 0.177118
      vertex -39.5579 -48.0079 0.0645887
    endloop
  endfacet
  facet normal 0.195055 -0.0190298 -0.980608
    outer loop
      vertex 39.6854 -47.7 0.0645887
      vertex 39.3942 -47.7287 0.00722237
      vertex 39.397 -47.7 0.00722237
    endloop
  endfacet
  facet normal -0.263013 -0.49144 -0.830248
    outer loop
      vertex -39.6142 -48.5792 0.340484
      vertex -39.6428 -48.2879 0.177118
      vertex -39.5206 -48.3533 0.177118
    endloop
  endfacet
  facet normal -0.0695459 -0.705439 -0.705351
    outer loop
      vertex -39.25 -48.8595 0.54841
      vertex -39.4762 -48.8372 0.54841
      vertex -39.25 -48.6516 0.340484
    endloop
  endfacet
  facet normal -0.624981 -0.334337 -0.70542
    outer loop
      vertex -40.0412 -48.2287 0.340484
      vertex -40.2141 -48.3442 0.54841
      vertex -40.1292 -48.0642 0.340484
    endloop
  endfacet
  facet normal -0.734392 -0.392553 -0.553689
    outer loop
      vertex -40.3499 -48.435 0.792905
      vertex -40.4722 -48.2062 0.792905
      vertex -40.2141 -48.3442 0.54841
    endloop
  endfacet
  facet normal -0.643707 -0.528301 -0.553659
    outer loop
      vertex -40.1854 -48.6354 0.792905
      vertex -40.2141 -48.3442 0.54841
      vertex -40.0699 -48.5199 0.54841
    endloop
  endfacet
  facet normal -0.622302 -0.758267 -0.194352
    outer loop
      vertex -40.0475 -48.8935 1.06457
      vertex -40.3056 -48.7556 1.35297
      vertex -40.265 -48.715 1.06457
    endloop
  endfacet
  facet normal -0.865248 -0.462256 -0.194078
    outer loop
      vertex -40.4912 -48.5293 1.35297
      vertex -40.5761 -48.2493 1.06457
      vertex -40.4435 -48.4975 1.06457
    endloop
  endfacet
  facet normal -0.976211 -0.0962131 -0.194307
    outer loop
      vertex -40.7141 -47.9912 1.35297
      vertex -40.7428 -47.7 1.35297
      vertex -40.6578 -47.98 1.06457
    endloop
  endfacet
  facet normal -0.758267 -0.622302 -0.194352
    outer loop
      vertex -40.3056 -48.7556 1.35297
      vertex -40.4435 -48.4975 1.06457
      vertex -40.265 -48.715 1.06457
    endloop
  endfacet
  facet normal -0.0962131 -0.976211 -0.194307
    outer loop
      vertex -39.25 -49.1928 1.35297
      vertex -39.5412 -49.1641 1.35297
      vertex -39.53 -49.1078 1.06457
    endloop
  endfacet
  facet normal 0.449565 -0.54799 -0.705406
    outer loop
      vertex 39.8942 -48.6641 0.54841
      vertex 39.7787 -48.4912 0.340484
      vertex 39.9229 -48.3729 0.340484
    endloop
  endfacet
  facet normal 0.382542 -0.0373541 -0.923183
    outer loop
      vertex 39.9435 -47.8379 0.177118
      vertex 39.6771 -47.785 0.0645887
      vertex 39.6854 -47.7 0.0645887
    endloop
  endfacet
  facet normal 0.195055 0.0190298 -0.980608
    outer loop
      vertex 39.397 47.7 0.00722237
      vertex 39.3942 47.7287 0.00722237
      vertex 39.6854 47.7 0.0645887
    endloop
  endfacet
  facet normal 0.828586 -0.0815424 -0.553891
    outer loop
      vertex 40.5475 -47.9581 0.792905
      vertex 40.3872 -47.9262 0.54841
      vertex 40.5729 -47.7 0.792905
    endloop
  endfacet
  facet normal 0.625127 -0.334233 -0.70534
    outer loop
      vertex 40.2141 -48.3442 0.54841
      vertex 40.1292 -48.0642 0.340484
      vertex 40.3213 -48.1437 0.54841
    endloop
  endfacet
  facet normal 0.828638 -0.0816915 -0.553792
    outer loop
      vertex 40.5729 -47.7 0.792905
      vertex 40.3872 -47.9262 0.54841
      vertex 40.4095 -47.7 0.54841
    endloop
  endfacet
  facet normal 0.714593 -0.58658 -0.381157
    outer loop
      vertex 40.4435 -48.4975 1.06457
      vertex 40.1854 -48.6354 0.792905
      vertex 40.3499 -48.435 0.792905
    endloop
  endfacet
  facet normal 0.528301 -0.643707 -0.553659
    outer loop
      vertex 40.1854 -48.6354 0.792905
      vertex 39.8942 -48.6641 0.54841
      vertex 40.0699 -48.5199 0.54841
    endloop
  endfacet
  facet normal 0.773211 0.634149 0
    outer loop
      vertex 40.4912 48.5293 11.1375
      vertex 40.3056 48.7556 1.35297
      vertex 40.3056 48.7556 11.1375
    endloop
  endfacet
  facet normal 0.773211 0.634149 0
    outer loop
      vertex 40.3056 48.7556 1.35297
      vertex 40.4912 48.5293 11.1375
      vertex 40.4912 48.5293 1.35297
    endloop
  endfacet
  facet normal 0.976211 0.0962131 -0.194307
    outer loop
      vertex 40.7428 47.7 1.35297
      vertex 40.6578 47.98 1.06457
      vertex 40.7141 47.9912 1.35297
    endloop
  endfacet
  facet normal -0.123978 0.151907 -0.980589
    outer loop
      vertex -39.354 47.804 0.00722237
      vertex -39.5579 48.0079 0.0645887
      vertex -39.3317 47.8222 0.00722237
    endloop
  endfacet
  facet normal -0.172805 -0.0924842 -0.980604
    outer loop
      vertex -39.612 -47.9419 0.0645887
      vertex -39.6523 -47.8666 0.0645887
      vertex -39.3858 -47.7563 0.00722237
    endloop
  endfacet
  facet normal 0.865126 -0.462407 -0.19426
    outer loop
      vertex 40.6291 -48.2713 1.35297
      vertex 40.4912 -48.5293 1.35297
      vertex 40.5761 -48.2493 1.06457
    endloop
  endfacet
  facet normal 0.976212 -0.0962266 -0.194295
    outer loop
      vertex 40.7428 -47.7 1.35297
      vertex 40.6578 -47.98 1.06457
      vertex 40.6854 -47.7 1.06457
    endloop
  endfacet
  facet normal 0.622095 -0.758514 -0.194049
    outer loop
      vertex 40.0793 -48.9412 1.35297
      vertex 40.0475 -48.8935 1.06457
      vertex 40.3056 -48.7556 1.35297
    endloop
  endfacet
  facet normal 0.976211 -0.0962131 -0.194307
    outer loop
      vertex 40.7141 -47.9912 1.35297
      vertex 40.6578 -47.98 1.06457
      vertex 40.7428 -47.7 1.35297
    endloop
  endfacet
  facet normal 0.205547 -0.678399 -0.705354
    outer loop
      vertex 39.6937 -48.7713 0.54841
      vertex 39.4762 -48.8372 0.54841
      vertex 39.6142 -48.5792 0.340484
    endloop
  endfacet
  facet normal 0.334233 -0.625127 -0.70534
    outer loop
      vertex 39.6937 -48.7713 0.54841
      vertex 39.6142 -48.5792 0.340484
      vertex 39.8942 -48.6641 0.54841
    endloop
  endfacet
  facet normal 0.0695551 -0.705433 -0.705355
    outer loop
      vertex 39.4762 -48.8372 0.54841
      vertex 39.25 -48.6516 0.340484
      vertex 39.4356 -48.6333 0.340484
    endloop
  endfacet
  facet normal 0.0547086 -0.55473 -0.83023
    outer loop
      vertex 39.3879 -48.3935 0.177118
      vertex 39.25 -48.6516 0.340484
      vertex 39.25 -48.4071 0.177118
    endloop
  endfacet
  facet normal 0.243654 -0.297153 -0.923219
    outer loop
      vertex 39.6428 -48.2879 0.177118
      vertex 39.5579 -48.0079 0.0645887
      vertex 39.75 -48.2 0.177118
    endloop
  endfacet
  facet normal 0.090696 -0.920105 -0.381027
    outer loop
      vertex 39.53 -49.1078 1.06457
      vertex 39.25 -49.1354 1.06457
      vertex 39.25 -49.0229 0.792905
    endloop
  endfacet
  facet normal -0.0815424 -0.828586 -0.553891
    outer loop
      vertex -39.25 -49.0229 0.792905
      vertex -39.5081 -48.9975 0.792905
      vertex -39.4762 -48.8372 0.54841
    endloop
  endfacet
  facet normal 0.268534 -0.884772 -0.380878
    outer loop
      vertex 39.53 -49.1078 1.06457
      vertex 39.5081 -48.9975 0.792905
      vertex 39.7562 -48.9222 0.792905
    endloop
  endfacet
  facet normal -0.0377193 0.382463 -0.923201
    outer loop
      vertex -39.3349 48.1271 0.0645887
      vertex -39.3879 48.3935 0.177118
      vertex -39.25 48.4071 0.177118
    endloop
  endfacet
  facet normal -0.976211 0.0962131 -0.194307
    outer loop
      vertex -40.6578 47.98 1.06457
      vertex -40.7428 47.7 1.35297
      vertex -40.7141 47.9912 1.35297
    endloop
  endfacet
  facet normal -0.0695455 0.705434 -0.705355
    outer loop
      vertex -39.4356 48.6333 0.340484
      vertex -39.4762 48.8372 0.54841
      vertex -39.25 48.8595 0.54841
    endloop
  endfacet
  facet normal -0.0695556 0.705438 -0.70535
    outer loop
      vertex -39.25 48.6516 0.340484
      vertex -39.4356 48.6333 0.340484
      vertex -39.25 48.8595 0.54841
    endloop
  endfacet
  facet normal -0.181313 0.33878 -0.92323
    outer loop
      vertex -39.4919 48.062 0.0645887
      vertex -39.5206 48.3533 0.177118
      vertex -39.4166 48.1023 0.0645887
    endloop
  endfacet
  facet normal 0.187499 -0.0569851 -0.98061
    outer loop
      vertex 39.6523 -47.8666 0.0645887
      vertex 39.3858 -47.7563 0.00722237
      vertex 39.6771 -47.785 0.0645887
    endloop
  endfacet
  facet normal -0.19509 0 -0.980785
    outer loop
      vertex -39.6854 -47.7 0.0645887
      vertex -39.397 47.7 0.00722237
      vertex -39.397 -47.7 0.00722237
    endloop
  endfacet
  facet normal -0.19509 0 -0.980785
    outer loop
      vertex -39.397 47.7 0.00722237
      vertex -39.6854 -47.7 0.0645887
      vertex -39.6854 47.7 0.0645887
    endloop
  endfacet
  facet normal -0.12425 0.15158 -0.980605
    outer loop
      vertex -39.3317 47.8222 0.00722237
      vertex -39.5579 48.0079 0.0645887
      vertex -39.4919 48.062 0.0645887
    endloop
  endfacet
  facet normal -0.181312 -0.338781 -0.92323
    outer loop
      vertex -39.5206 -48.3533 0.177118
      vertex -39.6428 -48.2879 0.177118
      vertex -39.4166 -48.1023 0.0645887
    endloop
  endfacet
  facet normal -0.678399 -0.205547 -0.705354
    outer loop
      vertex -40.3213 -48.1437 0.54841
      vertex -40.3872 -47.9262 0.54841
      vertex -40.1292 -48.0642 0.340484
    endloop
  endfacet
  facet normal 0.7967 0.241804 -0.553895
    outer loop
      vertex 40.5475 47.9581 0.792905
      vertex 40.3872 47.9262 0.54841
      vertex 40.4722 48.2062 0.792905
    endloop
  endfacet
  facet normal 0.938707 0.284784 -0.194233
    outer loop
      vertex 40.6578 47.98 1.06457
      vertex 40.5761 48.2493 1.06457
      vertex 40.6291 48.2713 1.35297
    endloop
  endfacet
  facet normal 0.435817 0.815331 -0.381181
    outer loop
      vertex 39.985 48.7999 0.792905
      vertex 39.7562 48.9222 0.792905
      vertex 40.0475 48.8935 1.06457
    endloop
  endfacet
  facet normal 0.796988 0.241478 -0.553622
    outer loop
      vertex 40.3872 47.9262 0.54841
      vertex 40.3213 48.1437 0.54841
      vertex 40.4722 48.2062 0.792905
    endloop
  endfacet
  facet normal 0.0980825 0.995178 -0
    outer loop
      vertex 39.5412 49.1641 1.35297
      vertex 39.25 49.1928 11.1375
      vertex 39.5412 49.1641 11.1375
    endloop
  endfacet
  facet normal 0.0980825 0.995178 0
    outer loop
      vertex 39.25 49.1928 11.1375
      vertex 39.5412 49.1641 1.35297
      vertex 39.25 49.1928 1.35297
    endloop
  endfacet
  facet normal 0.554725 0.0546954 -0.830234
    outer loop
      vertex 40.2016 47.7 0.340484
      vertex 39.9435 47.8379 0.177118
      vertex 40.1833 47.8856 0.340484
    endloop
  endfacet
  facet normal 0.367756 0.111632 -0.923197
    outer loop
      vertex 39.6771 47.7849 0.0645887
      vertex 39.6523 47.8666 0.0645887
      vertex 39.9435 47.8379 0.177118
    endloop
  endfacet
  facet normal 0.528301 0.643707 -0.553659
    outer loop
      vertex 40.0699 48.5199 0.54841
      vertex 39.8942 48.6641 0.54841
      vertex 40.1854 48.6354 0.792905
    endloop
  endfacet
  facet normal 0.0546959 0.55473 -0.830231
    outer loop
      vertex 39.4356 48.6333 0.340484
      vertex 39.25 48.4071 0.177118
      vertex 39.25 48.6516 0.340484
    endloop
  endfacet
  facet normal 0.533466 -0.161593 -0.830242
    outer loop
      vertex 40.1292 -48.0642 0.340484
      vertex 39.9435 -47.8379 0.177118
      vertex 40.1833 -47.8856 0.340484
    endloop
  endfacet
  facet normal 0.678399 0.205547 -0.705354
    outer loop
      vertex 40.3872 47.9262 0.54841
      vertex 40.1292 48.0642 0.340484
      vertex 40.3213 48.1437 0.54841
    endloop
  endfacet
  facet normal 0.0924825 0.172802 -0.980605
    outer loop
      vertex 39.4919 48.062 0.0645887
      vertex 39.3317 47.8222 0.00722237
      vertex 39.4166 48.1023 0.0645887
    endloop
  endfacet
  facet normal -0.0815484 0.828648 -0.553799
    outer loop
      vertex -39.25 48.8595 0.54841
      vertex -39.5081 48.9975 0.792905
      vertex -39.25 49.0229 0.792905
    endloop
  endfacet
  facet normal -0.622302 0.758267 -0.194352
    outer loop
      vertex -40.265 48.715 1.06457
      vertex -40.3056 48.7556 1.35297
      vertex -40.0475 48.8935 1.06457
    endloop
  endfacet
  facet normal -0.435817 0.815331 -0.381181
    outer loop
      vertex -39.985 48.7999 0.792905
      vertex -40.0475 48.8935 1.06457
      vertex -39.7562 48.9222 0.792905
    endloop
  endfacet
  facet normal 0.0980107 -0.995185 0
    outer loop
      vertex 39.25 -49.1928 2
      vertex 39.25 -49.1928 1.35297
      vertex 39.5404 -49.1642 2
    endloop
  endfacet
  facet normal 0.124035 -0.992278 0
    outer loop
      vertex 39.5404 -49.1642 2
      vertex 39.5412 -49.1641 11.1375
      vertex 39.5404 -49.1642 11.1375
    endloop
  endfacet
  facet normal 0.124035 -0.992278 0
    outer loop
      vertex 39.5404 -49.1642 2
      vertex 39.5412 -49.1641 1.35297
      vertex 39.5412 -49.1641 11.1375
    endloop
  endfacet
  facet normal 0.0980825 -0.995178 -3.25361e-05
    outer loop
      vertex 39.5412 -49.1641 1.35297
      vertex 39.5404 -49.1642 2
      vertex 39.25 -49.1928 1.35297
    endloop
  endfacet
  facet normal -0.976212 0.0962266 -0.194295
    outer loop
      vertex -40.6854 47.7 1.06457
      vertex -40.7428 47.7 1.35297
      vertex -40.6578 47.98 1.06457
    endloop
  endfacet
  facet normal -0.938672 0.284852 -0.194305
    outer loop
      vertex -40.6578 47.98 1.06457
      vertex -40.7141 47.9912 1.35297
      vertex -40.6291 48.2713 1.35297
    endloop
  endfacet
  facet normal -0.884772 0.268534 -0.380878
    outer loop
      vertex -40.5475 47.9581 0.792905
      vertex -40.6578 47.98 1.06457
      vertex -40.4722 48.2062 0.792905
    endloop
  endfacet
  facet normal -0.831417 0 -0.555649
    outer loop
      vertex -40.4095 -47.7 0.54841
      vertex -40.5729 47.7 0.792905
      vertex -40.4095 47.7 0.54841
    endloop
  endfacet
  facet normal -0.831417 -0 -0.555649
    outer loop
      vertex -40.5729 47.7 0.792905
      vertex -40.4095 -47.7 0.54841
      vertex -40.5729 -47.7 0.792905
    endloop
  endfacet
  facet normal -0.49144 -0.263013 -0.830248
    outer loop
      vertex -39.8379 -48.0928 0.177118
      vertex -40.1292 -48.0642 0.340484
      vertex -39.9033 -47.9706 0.177118
    endloop
  endfacet
  facet normal -0.338781 -0.181312 -0.92323
    outer loop
      vertex -39.8379 -48.0928 0.177118
      vertex -39.9033 -47.9706 0.177118
      vertex -39.6523 -47.8666 0.0645887
    endloop
  endfacet
  facet normal -0.367746 0.111405 -0.923229
    outer loop
      vertex -39.6523 47.8666 0.0645887
      vertex -39.9435 47.8379 0.177118
      vertex -39.9033 47.9706 0.177118
    endloop
  endfacet
  facet normal -0.161605 -0.533456 -0.830246
    outer loop
      vertex -39.3879 -48.3935 0.177118
      vertex -39.6142 -48.5792 0.340484
      vertex -39.5206 -48.3533 0.177118
    endloop
  endfacet
  facet normal -0.290387 0.956909 0
    outer loop
      vertex -39.5412 49.1641 1.35297
      vertex -39.8213 49.0791 11.1375
      vertex -39.5412 49.1641 11.1375
    endloop
  endfacet
  facet normal -0.290387 0.956909 0
    outer loop
      vertex -39.8213 49.0791 11.1375
      vertex -39.5412 49.1641 1.35297
      vertex -39.8213 49.0791 1.35297
    endloop
  endfacet
  facet normal -0.956909 0.290387 0
    outer loop
      vertex -40.7141 47.9912 1.35297
      vertex -40.6291 48.2713 11.1375
      vertex -40.6291 48.2713 1.35297
    endloop
  endfacet
  facet normal -0.956909 0.290387 0
    outer loop
      vertex -40.6291 48.2713 11.1375
      vertex -40.7141 47.9912 1.35297
      vertex -40.7141 47.9912 11.1375
    endloop
  endfacet
  facet normal -0.622095 -0.758514 -0.194049
    outer loop
      vertex -40.0793 -48.9412 1.35297
      vertex -40.3056 -48.7556 1.35297
      vertex -40.0475 -48.8935 1.06457
    endloop
  endfacet
  facet normal -0.815331 -0.435817 -0.381181
    outer loop
      vertex -40.4435 -48.4975 1.06457
      vertex -40.4722 -48.2062 0.792905
      vertex -40.3499 -48.435 0.792905
    endloop
  endfacet
  facet normal -0.625127 -0.334233 -0.70534
    outer loop
      vertex -40.2141 -48.3442 0.54841
      vertex -40.3213 -48.1437 0.54841
      vertex -40.1292 -48.0642 0.340484
    endloop
  endfacet
  facet normal -0.796988 -0.241478 -0.553622
    outer loop
      vertex -40.3213 -48.1437 0.54841
      vertex -40.4722 -48.2062 0.792905
      vertex -40.3872 -47.9262 0.54841
    endloop
  endfacet
  facet normal -0.734386 -0.392649 -0.553628
    outer loop
      vertex -40.2141 -48.3442 0.54841
      vertex -40.4722 -48.2062 0.792905
      vertex -40.3213 -48.1437 0.54841
    endloop
  endfacet
  facet normal -0.0962266 -0.976212 -0.194295
    outer loop
      vertex -39.25 -49.1928 1.35297
      vertex -39.53 -49.1078 1.06457
      vertex -39.25 -49.1354 1.06457
    endloop
  endfacet
  facet normal -0.634149 -0.773211 0
    outer loop
      vertex -40.3056 -48.7556 1.35297
      vertex -40.0793 -48.9412 11.1375
      vertex -40.3056 -48.7556 11.1375
    endloop
  endfacet
  facet normal -0.634149 -0.773211 -0
    outer loop
      vertex -40.0793 -48.9412 11.1375
      vertex -40.3056 -48.7556 1.35297
      vertex -40.0793 -48.9412 1.35297
    endloop
  endfacet
  facet normal 0.0190693 -0.195059 -0.980606
    outer loop
      vertex 39.3349 -48.1271 0.0645887
      vertex 39.25 -48.1354 0.0645887
      vertex 39.2787 -47.8442 0.00722237
    endloop
  endfacet
  facet normal -0.43089 -0.353497 -0.830285
    outer loop
      vertex -39.9229 -48.3729 0.340484
      vertex -40.0412 -48.2287 0.340484
      vertex -39.8379 -48.0928 0.177118
    endloop
  endfacet
  facet normal -0.920105 -0.090696 -0.381027
    outer loop
      vertex -40.6578 -47.98 1.06457
      vertex -40.6854 -47.7 1.06457
      vertex -40.5729 -47.7 0.792905
    endloop
  endfacet
  facet normal -0.884772 -0.268534 -0.380878
    outer loop
      vertex -40.4722 -48.2062 0.792905
      vertex -40.6578 -47.98 1.06457
      vertex -40.5475 -47.9581 0.792905
    endloop
  endfacet
  facet normal -0.773211 -0.634149 0
    outer loop
      vertex -40.3056 -48.7556 1.35297
      vertex -40.4912 -48.5293 11.1375
      vertex -40.4912 -48.5293 1.35297
    endloop
  endfacet
  facet normal -0.773211 -0.634149 0
    outer loop
      vertex -40.4912 -48.5293 11.1375
      vertex -40.3056 -48.7556 1.35297
      vertex -40.3056 -48.7556 11.1375
    endloop
  endfacet
  facet normal 0.392553 -0.734392 -0.553689
    outer loop
      vertex 39.985 -48.7999 0.792905
      vertex 39.7562 -48.9222 0.792905
      vertex 39.8942 -48.6641 0.54841
    endloop
  endfacet
  facet normal 0.58658 -0.714593 -0.381157
    outer loop
      vertex 40.0475 -48.8935 1.06457
      vertex 39.985 -48.7999 0.792905
      vertex 40.1854 -48.6354 0.792905
    endloop
  endfacet
  facet normal 0.353497 -0.43089 -0.830285
    outer loop
      vertex 39.7787 -48.4912 0.340484
      vertex 39.6428 -48.2879 0.177118
      vertex 39.9229 -48.3729 0.340484
    endloop
  endfacet
  facet normal 0.262901 -0.491446 -0.830279
    outer loop
      vertex 39.7787 -48.4912 0.340484
      vertex 39.6142 -48.5792 0.340484
      vertex 39.6428 -48.2879 0.177118
    endloop
  endfacet
  facet normal 0.0377107 -0.382375 -0.923237
    outer loop
      vertex 39.3879 -48.3935 0.177118
      vertex 39.25 -48.4071 0.177118
      vertex 39.25 -48.1354 0.0645887
    endloop
  endfacet
  facet normal 0.338781 -0.181312 -0.92323
    outer loop
      vertex 39.8379 -48.0928 0.177118
      vertex 39.6523 -47.8666 0.0645887
      vertex 39.9033 -47.9706 0.177118
    endloop
  endfacet
  facet normal 0.353429 -0.431031 -0.830241
    outer loop
      vertex 39.9229 -48.3729 0.340484
      vertex 39.6428 -48.2879 0.177118
      vertex 39.75 -48.2 0.177118
    endloop
  endfacet
  facet normal -0.151907 -0.123978 -0.980589
    outer loop
      vertex -39.354 -47.804 0.00722237
      vertex -39.5579 -48.0079 0.0645887
      vertex -39.3722 -47.7817 0.00722237
    endloop
  endfacet
  facet normal 0.491446 -0.262901 -0.830279
    outer loop
      vertex 40.0412 -48.2287 0.340484
      vertex 39.8379 -48.0928 0.177118
      vertex 40.1292 -48.0642 0.340484
    endloop
  endfacet
  facet normal 0.624981 -0.334337 -0.70542
    outer loop
      vertex 40.2141 -48.3442 0.54841
      vertex 40.0412 -48.2287 0.340484
      vertex 40.1292 -48.0642 0.340484
    endloop
  endfacet
  facet normal 0.7967 -0.241804 -0.553895
    outer loop
      vertex 40.4722 -48.2062 0.792905
      vertex 40.3872 -47.9262 0.54841
      vertex 40.5475 -47.9581 0.792905
    endloop
  endfacet
  facet normal 0.55473 -0.0547086 -0.83023
    outer loop
      vertex 40.2016 -47.7 0.340484
      vertex 39.9435 -47.8379 0.177118
      vertex 39.9571 -47.7 0.177118
    endloop
  endfacet
  facet normal 0.705433 0.0695551 -0.705355
    outer loop
      vertex 40.2016 47.7 0.340484
      vertex 40.1833 47.8856 0.340484
      vertex 40.3872 47.9262 0.54841
    endloop
  endfacet
  facet normal 0.828638 0.0816915 -0.553792
    outer loop
      vertex 40.4095 47.7 0.54841
      vertex 40.3872 47.9262 0.54841
      vertex 40.5729 47.7 0.792905
    endloop
  endfacet
  facet normal -0.0190298 -0.195055 -0.980608
    outer loop
      vertex -39.25 -48.1354 0.0645887
      vertex -39.2787 -47.8442 0.00722237
      vertex -39.25 -47.847 0.00722237
    endloop
  endfacet
  facet normal 0.462407 -0.865126 -0.19426
    outer loop
      vertex 39.8213 -49.0791 1.35297
      vertex 39.7993 -49.0261 1.06457
      vertex 40.0793 -48.9412 1.35297
    endloop
  endfacet
  facet normal 0.26842 -0.884767 -0.38097
    outer loop
      vertex 39.7993 -49.0261 1.06457
      vertex 39.53 -49.1078 1.06457
      vertex 39.7562 -48.9222 0.792905
    endloop
  endfacet
  facet normal 0.881927 -0.471386 0
    outer loop
      vertex 40.4912 -48.5293 11.1375
      vertex 40.6291 -48.2713 1.35297
      vertex 40.6291 -48.2713 11.1375
    endloop
  endfacet
  facet normal 0.881927 -0.471386 0
    outer loop
      vertex 40.6291 -48.2713 1.35297
      vertex 40.4912 -48.5293 11.1375
      vertex 40.4912 -48.5293 1.35297
    endloop
  endfacet
  facet normal 0.815489 -0.435672 -0.381009
    outer loop
      vertex 40.5761 -48.2493 1.06457
      vertex 40.4435 -48.4975 1.06457
      vertex 40.4722 -48.2062 0.792905
    endloop
  endfacet
  facet normal 0.734392 -0.392553 -0.553689
    outer loop
      vertex 40.3499 -48.435 0.792905
      vertex 40.2141 -48.3442 0.54841
      vertex 40.4722 -48.2062 0.792905
    endloop
  endfacet
  facet normal 1 -0 0
    outer loop
      vertex 40.7428 -47.7 11.1375
      vertex 40.7428 47.7 1.35297
      vertex 40.7428 47.7 11.1375
    endloop
  endfacet
  facet normal 1 0 0
    outer loop
      vertex 40.7428 47.7 1.35297
      vertex 40.7428 -47.7 11.1375
      vertex 40.7428 -47.7 1.35297
    endloop
  endfacet
  facet normal 0.392649 -0.734386 -0.553628
    outer loop
      vertex 39.7562 -48.9222 0.792905
      vertex 39.6937 -48.7713 0.54841
      vertex 39.8942 -48.6641 0.54841
    endloop
  endfacet
  facet normal 0.241478 -0.796988 -0.553622
    outer loop
      vertex 39.7562 -48.9222 0.792905
      vertex 39.4762 -48.8372 0.54841
      vertex 39.6937 -48.7713 0.54841
    endloop
  endfacet
  facet normal 0 -0.555562 -0.831475
    outer loop
      vertex -39.25 -48.6516 0.340484
      vertex 39.25 -48.4071 0.177118
      vertex 39.25 -48.6516 0.340484
    endloop
  endfacet
  facet normal -0 -0.555562 -0.831475
    outer loop
      vertex 39.25 -48.4071 0.177118
      vertex -39.25 -48.6516 0.340484
      vertex -39.25 -48.4071 0.177118
    endloop
  endfacet
  facet normal 0.15158 -0.12425 -0.980605
    outer loop
      vertex 39.5579 -48.0079 0.0645887
      vertex 39.3722 -47.7817 0.00722237
      vertex 39.612 -47.9419 0.0645887
    endloop
  endfacet
  facet normal 0.205492 -0.67839 -0.705379
    outer loop
      vertex 39.4762 -48.8372 0.54841
      vertex 39.4356 -48.6333 0.340484
      vertex 39.6142 -48.5792 0.340484
    endloop
  endfacet
  facet normal 0.243594 -0.297175 -0.923228
    outer loop
      vertex 39.6428 -48.2879 0.177118
      vertex 39.4919 -48.062 0.0645887
      vertex 39.5579 -48.0079 0.0645887
    endloop
  endfacet
  facet normal -0.123978 -0.151907 -0.980589
    outer loop
      vertex -39.3317 -47.8222 0.00722237
      vertex -39.5579 -48.0079 0.0645887
      vertex -39.354 -47.804 0.00722237
    endloop
  endfacet
  facet normal 0.956909 -0.290387 0
    outer loop
      vertex 40.6291 -48.2713 11.1375
      vertex 40.7141 -47.9912 1.35297
      vertex 40.7141 -47.9912 11.1375
    endloop
  endfacet
  facet normal 0.956909 -0.290387 0
    outer loop
      vertex 40.7141 -47.9912 1.35297
      vertex 40.6291 -48.2713 11.1375
      vertex 40.6291 -48.2713 1.35297
    endloop
  endfacet
  facet normal 0.758514 -0.622095 -0.194049
    outer loop
      vertex 40.4912 -48.5293 1.35297
      vertex 40.3056 -48.7556 1.35297
      vertex 40.4435 -48.4975 1.06457
    endloop
  endfacet
  facet normal 0.241804 -0.7967 -0.553895
    outer loop
      vertex 39.5081 -48.9975 0.792905
      vertex 39.4762 -48.8372 0.54841
      vertex 39.7562 -48.9222 0.792905
    endloop
  endfacet
  facet normal 0.284784 -0.938707 -0.194233
    outer loop
      vertex 39.8213 -49.0791 1.35297
      vertex 39.53 -49.1078 1.06457
      vertex 39.7993 -49.0261 1.06457
    endloop
  endfacet
  facet normal -0.263013 0.49144 -0.830248
    outer loop
      vertex -39.5206 48.3533 0.177118
      vertex -39.6428 48.2879 0.177118
      vertex -39.6142 48.5792 0.340484
    endloop
  endfacet
  facet normal -0.0190308 0.195066 -0.980605
    outer loop
      vertex -39.2787 47.8442 0.00722237
      vertex -39.3349 48.1271 0.0645887
      vertex -39.25 47.847 0.00722237
    endloop
  endfacet
  facet normal -0.187491 -0.0570625 -0.980607
    outer loop
      vertex -39.3858 -47.7563 0.00722237
      vertex -39.6771 -47.785 0.0645887
      vertex -39.3942 -47.7287 0.00722237
    endloop
  endfacet
  facet normal -0.865248 0.462256 -0.194078
    outer loop
      vertex -40.4435 48.4975 1.06457
      vertex -40.5761 48.2493 1.06457
      vertex -40.4912 48.5293 1.35297
    endloop
  endfacet
  facet normal -0.865126 0.462407 -0.19426
    outer loop
      vertex -40.5761 48.2493 1.06457
      vertex -40.6291 48.2713 1.35297
      vertex -40.4912 48.5293 1.35297
    endloop
  endfacet
  facet normal -0.111605 0.367666 -0.923237
    outer loop
      vertex -39.4166 48.1023 0.0645887
      vertex -39.5206 48.3533 0.177118
      vertex -39.3349 48.1271 0.0645887
    endloop
  endfacet
  facet normal -0.205541 0.678378 -0.705377
    outer loop
      vertex -39.4356 48.6333 0.340484
      vertex -39.6937 48.7713 0.54841
      vertex -39.4762 48.8372 0.54841
    endloop
  endfacet
  facet normal 0.019069 0.195055 -0.980607
    outer loop
      vertex 39.3349 48.1271 0.0645887
      vertex 39.25 47.847 0.00722237
      vertex 39.25 48.1354 0.0645887
    endloop
  endfacet
  facet normal -0.019069 0.195055 -0.980607
    outer loop
      vertex -39.25 47.847 0.00722237
      vertex -39.3349 48.1271 0.0645887
      vertex -39.25 48.1354 0.0645887
    endloop
  endfacet
  facet normal 0.187491 -0.0570625 -0.980607
    outer loop
      vertex 39.6771 -47.785 0.0645887
      vertex 39.3858 -47.7563 0.00722237
      vertex 39.3942 -47.7287 0.00722237
    endloop
  endfacet
  facet normal 0.0570681 0.187509 -0.980604
    outer loop
      vertex 39.3063 47.8358 0.00722237
      vertex 39.2787 47.8442 0.00722237
      vertex 39.3349 48.1271 0.0645887
    endloop
  endfacet
  facet normal -0.382375 -0.0377107 -0.923237
    outer loop
      vertex -39.9435 -47.8379 0.177118
      vertex -39.9571 -47.7 0.177118
      vertex -39.6854 -47.7 0.0645887
    endloop
  endfacet
  facet normal -0.555562 0 -0.831475
    outer loop
      vertex -40.2016 -47.7 0.340484
      vertex -39.9571 47.7 0.177118
      vertex -39.9571 -47.7 0.177118
    endloop
  endfacet
  facet normal -0.555562 0 -0.831475
    outer loop
      vertex -39.9571 47.7 0.177118
      vertex -40.2016 -47.7 0.340484
      vertex -40.2016 47.7 0.340484
    endloop
  endfacet
  facet normal 0.111405 -0.367746 -0.923229
    outer loop
      vertex 39.5206 -48.3533 0.177118
      vertex 39.3879 -48.3935 0.177118
      vertex 39.4166 -48.1023 0.0645887
    endloop
  endfacet
  facet normal -0.367756 0.111632 -0.923197
    outer loop
      vertex -39.6771 47.7849 0.0645887
      vertex -39.9435 47.8379 0.177118
      vertex -39.6523 47.8666 0.0645887
    endloop
  endfacet
  facet normal 0.734392 0.392553 -0.553689
    outer loop
      vertex 40.4722 48.2062 0.792905
      vertex 40.2141 48.3442 0.54841
      vertex 40.3499 48.435 0.792905
    endloop
  endfacet
  facet normal 0.938672 0.284852 -0.194305
    outer loop
      vertex 40.6578 47.98 1.06457
      vertex 40.6291 48.2713 1.35297
      vertex 40.7141 47.9912 1.35297
    endloop
  endfacet
  facet normal 0.268523 0.884734 -0.380974
    outer loop
      vertex 39.7562 48.9222 0.792905
      vertex 39.5081 48.9975 0.792905
      vertex 39.7993 49.0261 1.06457
    endloop
  endfacet
  facet normal 0.284852 0.938672 -0.194305
    outer loop
      vertex 39.8213 49.0791 1.35297
      vertex 39.53 49.1078 1.06457
      vertex 39.5412 49.1641 1.35297
    endloop
  endfacet
  facet normal 0.181313 0.33878 -0.92323
    outer loop
      vertex 39.4919 48.062 0.0645887
      vertex 39.4166 48.1023 0.0645887
      vertex 39.5206 48.3533 0.177118
    endloop
  endfacet
  facet normal 0.338781 0.181312 -0.92323
    outer loop
      vertex 39.9033 47.9706 0.177118
      vertex 39.6523 47.8666 0.0645887
      vertex 39.8379 48.0928 0.177118
    endloop
  endfacet
  facet normal 0.243594 0.297175 -0.923228
    outer loop
      vertex 39.5579 48.0079 0.0645887
      vertex 39.4919 48.062 0.0645887
      vertex 39.6428 48.2879 0.177118
    endloop
  endfacet
  facet normal 0.0190298 -0.195055 -0.980608
    outer loop
      vertex 39.2787 -47.8442 0.00722237
      vertex 39.25 -48.1354 0.0645887
      vertex 39.25 -47.847 0.00722237
    endloop
  endfacet
  facet normal 0.491446 0.262901 -0.830279
    outer loop
      vertex 40.1292 48.0642 0.340484
      vertex 39.8379 48.0928 0.177118
      vertex 40.0412 48.2287 0.340484
    endloop
  endfacet
  facet normal 0.533456 0.161605 -0.830246
    outer loop
      vertex 39.9435 47.8379 0.177118
      vertex 39.9033 47.9706 0.177118
      vertex 40.1292 48.0642 0.340484
    endloop
  endfacet
  facet normal 0.172791 0.0925182 -0.980604
    outer loop
      vertex 39.3858 47.7563 0.00722237
      vertex 39.3722 47.7817 0.00722237
      vertex 39.6523 47.8666 0.0645887
    endloop
  endfacet
  facet normal 0.297175 0.243594 -0.923228
    outer loop
      vertex 39.612 47.9419 0.0645887
      vertex 39.5579 48.0079 0.0645887
      vertex 39.8379 48.0928 0.177118
    endloop
  endfacet
  facet normal 0.382647 0 -0.923895
    outer loop
      vertex 39.6854 -47.7 0.0645887
      vertex 39.9571 47.7 0.177118
      vertex 39.9571 -47.7 0.177118
    endloop
  endfacet
  facet normal 0.382647 0 -0.923895
    outer loop
      vertex 39.9571 47.7 0.177118
      vertex 39.6854 -47.7 0.0645887
      vertex 39.6854 47.7 0.0645887
    endloop
  endfacet
  facet normal 0.555562 0 -0.831475
    outer loop
      vertex 39.9571 -47.7 0.177118
      vertex 40.2016 47.7 0.340484
      vertex 40.2016 -47.7 0.340484
    endloop
  endfacet
  facet normal 0.555562 0 -0.831475
    outer loop
      vertex 40.2016 47.7 0.340484
      vertex 39.9571 -47.7 0.177118
      vertex 39.9571 47.7 0.177118
    endloop
  endfacet
  facet normal 0.205541 0.678378 -0.705377
    outer loop
      vertex 39.6937 48.7713 0.54841
      vertex 39.4356 48.6333 0.340484
      vertex 39.4762 48.8372 0.54841
    endloop
  endfacet
  facet normal 0.241853 0.796862 -0.55364
    outer loop
      vertex 39.6937 48.7713 0.54841
      vertex 39.5081 48.9975 0.792905
      vertex 39.7562 48.9222 0.792905
    endloop
  endfacet
  facet normal -0.0980825 0.995178 0
    outer loop
      vertex -39.25 49.1928 1.35297
      vertex -39.5412 49.1641 11.1375
      vertex -39.25 49.1928 11.1375
    endloop
  endfacet
  facet normal -0.0980825 0.995178 0
    outer loop
      vertex -39.5412 49.1641 11.1375
      vertex -39.25 49.1928 1.35297
      vertex -39.5412 49.1641 1.35297
    endloop
  endfacet
  facet normal -0.0962133 0.976213 -0.194295
    outer loop
      vertex -39.25 49.1354 1.06457
      vertex -39.5412 49.1641 1.35297
      vertex -39.25 49.1928 1.35297
    endloop
  endfacet
  facet normal 0.0695455 0.705434 -0.705355
    outer loop
      vertex 39.4356 48.6333 0.340484
      vertex 39.25 48.8595 0.54841
      vertex 39.4762 48.8372 0.54841
    endloop
  endfacet
  facet normal 0.0695556 0.705438 -0.70535
    outer loop
      vertex 39.4356 48.6333 0.340484
      vertex 39.25 48.6516 0.340484
      vertex 39.25 48.8595 0.54841
    endloop
  endfacet
  facet normal -0.884767 0.26842 -0.38097
    outer loop
      vertex -40.4722 48.2062 0.792905
      vertex -40.6578 47.98 1.06457
      vertex -40.5761 48.2493 1.06457
    endloop
  endfacet
  facet normal -0.815396 0.435852 -0.381002
    outer loop
      vertex -40.4722 48.2062 0.792905
      vertex -40.5761 48.2493 1.06457
      vertex -40.3499 48.435 0.792905
    endloop
  endfacet
  facet normal -0.462423 0.865157 -0.194081
    outer loop
      vertex -40.0475 48.8935 1.06457
      vertex -40.0793 48.9412 1.35297
      vertex -39.8213 49.0791 1.35297
    endloop
  endfacet
  facet normal -0.643638 0.528335 -0.553708
    outer loop
      vertex -40.2141 48.3442 0.54841
      vertex -40.3499 48.435 0.792905
      vertex -40.1854 48.6354 0.792905
    endloop
  endfacet
  facet normal -0.187538 0.0569271 -0.980606
    outer loop
      vertex -39.3942 47.7287 0.00722237
      vertex -39.6771 47.7849 0.0645887
      vertex -39.6523 47.8666 0.0645887
    endloop
  endfacet
  facet normal -0.0190693 -0.195059 -0.980606
    outer loop
      vertex -39.25 -48.1354 0.0645887
      vertex -39.3349 -48.1271 0.0645887
      vertex -39.2787 -47.8442 0.00722237
    endloop
  endfacet
  facet normal -0.195055 -0.0190298 -0.980608
    outer loop
      vertex -39.3942 -47.7287 0.00722237
      vertex -39.6854 -47.7 0.0645887
      vertex -39.397 -47.7 0.00722237
    endloop
  endfacet
  facet normal -0.449565 -0.54799 -0.705406
    outer loop
      vertex -39.8942 -48.6641 0.54841
      vertex -39.9229 -48.3729 0.340484
      vertex -39.7787 -48.4912 0.340484
    endloop
  endfacet
  facet normal -0.491446 -0.262901 -0.830279
    outer loop
      vertex -40.0412 -48.2287 0.340484
      vertex -40.1292 -48.0642 0.340484
      vertex -39.8379 -48.0928 0.177118
    endloop
  endfacet
  facet normal 0 -0.19509 -0.980785
    outer loop
      vertex -39.25 -48.1354 0.0645887
      vertex 39.25 -47.847 0.00722237
      vertex 39.25 -48.1354 0.0645887
    endloop
  endfacet
  facet normal -0 -0.19509 -0.980785
    outer loop
      vertex 39.25 -47.847 0.00722237
      vertex -39.25 -48.1354 0.0645887
      vertex -39.25 -47.847 0.00722237
    endloop
  endfacet
  facet normal 0.33878 -0.181313 -0.92323
    outer loop
      vertex 39.8379 -48.0928 0.177118
      vertex 39.612 -47.9419 0.0645887
      vertex 39.6523 -47.8666 0.0645887
    endloop
  endfacet
  facet normal -0.056923 -0.187525 -0.980609
    outer loop
      vertex -39.3349 -48.1271 0.0645887
      vertex -39.4166 -48.1023 0.0645887
      vertex -39.3063 -47.8358 0.00722237
    endloop
  endfacet
  facet normal -0.151907 0.123978 -0.980589
    outer loop
      vertex -39.3722 47.7817 0.00722237
      vertex -39.5579 48.0079 0.0645887
      vertex -39.354 47.804 0.00722237
    endloop
  endfacet
  facet normal -0.471386 -0.881927 0
    outer loop
      vertex -40.0793 -48.9412 1.35297
      vertex -39.8213 -49.0791 11.1375
      vertex -40.0793 -48.9412 11.1375
    endloop
  endfacet
  facet normal -0.471386 -0.881927 -0
    outer loop
      vertex -39.8213 -49.0791 11.1375
      vertex -40.0793 -48.9412 1.35297
      vertex -39.8213 -49.0791 1.35297
    endloop
  endfacet
  facet normal -0.284784 -0.938707 -0.194233
    outer loop
      vertex -39.53 -49.1078 1.06457
      vertex -39.8213 -49.0791 1.35297
      vertex -39.7993 -49.0261 1.06457
    endloop
  endfacet
  facet normal -0.586487 -0.714627 -0.381237
    outer loop
      vertex -40.0475 -48.8935 1.06457
      vertex -40.265 -48.715 1.06457
      vertex -40.1854 -48.6354 0.792905
    endloop
  endfacet
  facet normal -0.714627 -0.586487 -0.381237
    outer loop
      vertex -40.265 -48.715 1.06457
      vertex -40.4435 -48.4975 1.06457
      vertex -40.1854 -48.6354 0.792905
    endloop
  endfacet
  facet normal -0.528301 -0.643707 -0.553659
    outer loop
      vertex -39.8942 -48.6641 0.54841
      vertex -40.1854 -48.6354 0.792905
      vertex -40.0699 -48.5199 0.54841
    endloop
  endfacet
  facet normal -0.334233 -0.625127 -0.70534
    outer loop
      vertex -39.6937 -48.7713 0.54841
      vertex -39.8942 -48.6641 0.54841
      vertex -39.6142 -48.5792 0.340484
    endloop
  endfacet
  facet normal -0.243594 -0.297175 -0.923228
    outer loop
      vertex -39.4919 -48.062 0.0645887
      vertex -39.6428 -48.2879 0.177118
      vertex -39.5579 -48.0079 0.0645887
    endloop
  endfacet
  facet normal -0.181313 -0.33878 -0.92323
    outer loop
      vertex -39.4166 -48.1023 0.0645887
      vertex -39.6428 -48.2879 0.177118
      vertex -39.4919 -48.062 0.0645887
    endloop
  endfacet
  facet normal -0.938707 -0.284784 -0.194233
    outer loop
      vertex -40.6291 -48.2713 1.35297
      vertex -40.6578 -47.98 1.06457
      vertex -40.5761 -48.2493 1.06457
    endloop
  endfacet
  facet normal -0.884767 -0.26842 -0.38097
    outer loop
      vertex -40.5761 -48.2493 1.06457
      vertex -40.6578 -47.98 1.06457
      vertex -40.4722 -48.2062 0.792905
    endloop
  endfacet
  facet normal -0.923912 0 -0.382604
    outer loop
      vertex -40.5729 -47.7 0.792905
      vertex -40.6854 47.7 1.06457
      vertex -40.5729 47.7 0.792905
    endloop
  endfacet
  facet normal -0.923912 -0 -0.382604
    outer loop
      vertex -40.6854 47.7 1.06457
      vertex -40.5729 -47.7 0.792905
      vertex -40.6854 -47.7 1.06457
    endloop
  endfacet
  facet normal -0.828586 -0.0815424 -0.553891
    outer loop
      vertex -40.5475 -47.9581 0.792905
      vertex -40.5729 -47.7 0.792905
      vertex -40.3872 -47.9262 0.54841
    endloop
  endfacet
  facet normal -0.7967 -0.241804 -0.553895
    outer loop
      vertex -40.4722 -48.2062 0.792905
      vertex -40.5475 -47.9581 0.792905
      vertex -40.3872 -47.9262 0.54841
    endloop
  endfacet
  facet normal 0.528335 -0.643638 -0.553708
    outer loop
      vertex 39.985 -48.7999 0.792905
      vertex 39.8942 -48.6641 0.54841
      vertex 40.1854 -48.6354 0.792905
    endloop
  endfacet
  facet normal 0.643707 -0.528301 -0.553659
    outer loop
      vertex 40.1854 -48.6354 0.792905
      vertex 40.0699 -48.5199 0.54841
      vertex 40.2141 -48.3442 0.54841
    endloop
  endfacet
  facet normal 0.263013 -0.49144 -0.830248
    outer loop
      vertex 39.6142 -48.5792 0.340484
      vertex 39.5206 -48.3533 0.177118
      vertex 39.6428 -48.2879 0.177118
    endloop
  endfacet
  facet normal 0.12425 -0.15158 -0.980605
    outer loop
      vertex 39.4919 -48.062 0.0645887
      vertex 39.3317 -47.8222 0.00722237
      vertex 39.5579 -48.0079 0.0645887
    endloop
  endfacet
  facet normal 0.161605 -0.533456 -0.830246
    outer loop
      vertex 39.6142 -48.5792 0.340484
      vertex 39.3879 -48.3935 0.177118
      vertex 39.5206 -48.3533 0.177118
    endloop
  endfacet
  facet normal 0.431031 -0.353429 -0.830241
    outer loop
      vertex 39.9229 -48.3729 0.340484
      vertex 39.75 -48.2 0.177118
      vertex 39.8379 -48.0928 0.177118
    endloop
  endfacet
  facet normal 0.123978 -0.151907 -0.980589
    outer loop
      vertex 39.5579 -48.0079 0.0645887
      vertex 39.3317 -47.8222 0.00722237
      vertex 39.354 -47.804 0.00722237
    endloop
  endfacet
  facet normal 0.382375 -0.0377107 -0.923237
    outer loop
      vertex 39.9435 -47.8379 0.177118
      vertex 39.6854 -47.7 0.0645887
      vertex 39.9571 -47.7 0.177118
    endloop
  endfacet
  facet normal 0.554725 -0.0546954 -0.830234
    outer loop
      vertex 40.1833 -47.8856 0.340484
      vertex 39.9435 -47.8379 0.177118
      vertex 40.2016 -47.7 0.340484
    endloop
  endfacet
  facet normal -0.0570681 0.187509 -0.980604
    outer loop
      vertex -39.3063 47.8358 0.00722237
      vertex -39.3349 48.1271 0.0645887
      vertex -39.2787 47.8442 0.00722237
    endloop
  endfacet
  facet normal 0.290387 -0.956909 0
    outer loop
      vertex 39.5412 -49.1641 1.35297
      vertex 39.8213 -49.0791 11.1375
      vertex 39.5412 -49.1641 11.1375
    endloop
  endfacet
  facet normal 0.290387 -0.956909 0
    outer loop
      vertex 39.8213 -49.0791 11.1375
      vertex 39.5412 -49.1641 1.35297
      vertex 39.8213 -49.0791 1.35297
    endloop
  endfacet
  facet normal 0.758267 -0.622302 -0.194352
    outer loop
      vertex 40.3056 -48.7556 1.35297
      vertex 40.265 -48.715 1.06457
      vertex 40.4435 -48.4975 1.06457
    endloop
  endfacet
  facet normal 0.815331 -0.435817 -0.381181
    outer loop
      vertex 40.4435 -48.4975 1.06457
      vertex 40.3499 -48.435 0.792905
      vertex 40.4722 -48.2062 0.792905
    endloop
  endfacet
  facet normal 0.705439 -0.0695459 -0.705351
    outer loop
      vertex 40.3872 -47.9262 0.54841
      vertex 40.2016 -47.7 0.340484
      vertex 40.4095 -47.7 0.54841
    endloop
  endfacet
  facet normal 0.92017 -0.0905553 -0.380903
    outer loop
      vertex 40.6578 -47.98 1.06457
      vertex 40.5475 -47.9581 0.792905
      vertex 40.5729 -47.7 0.792905
    endloop
  endfacet
  facet normal 0 -0.923912 -0.382604
    outer loop
      vertex -39.25 -49.0229 0.792905
      vertex 39.25 -49.1354 1.06457
      vertex -39.25 -49.1354 1.06457
    endloop
  endfacet
  facet normal 0 -0.923912 -0.382604
    outer loop
      vertex 39.25 -49.1354 1.06457
      vertex -39.25 -49.0229 0.792905
      vertex 39.25 -49.0229 0.792905
    endloop
  endfacet
  facet normal -0.090696 -0.920105 -0.381027
    outer loop
      vertex -39.25 -49.1354 1.06457
      vertex -39.53 -49.1078 1.06457
      vertex -39.25 -49.0229 0.792905
    endloop
  endfacet
  facet normal -0.0695551 -0.705433 -0.705355
    outer loop
      vertex -39.25 -48.6516 0.340484
      vertex -39.4762 -48.8372 0.54841
      vertex -39.4356 -48.6333 0.340484
    endloop
  endfacet
  facet normal -0.111405 -0.367746 -0.923229
    outer loop
      vertex -39.3879 -48.3935 0.177118
      vertex -39.5206 -48.3533 0.177118
      vertex -39.4166 -48.1023 0.0645887
    endloop
  endfacet
  facet normal 0.161593 -0.533466 -0.830242
    outer loop
      vertex 39.4356 -48.6333 0.340484
      vertex 39.3879 -48.3935 0.177118
      vertex 39.6142 -48.5792 0.340484
    endloop
  endfacet
  facet normal 0.0546954 -0.554725 -0.830234
    outer loop
      vertex 39.4356 -48.6333 0.340484
      vertex 39.25 -48.6516 0.340484
      vertex 39.3879 -48.3935 0.177118
    endloop
  endfacet
  facet normal 0.634149 -0.773211 0
    outer loop
      vertex 40.0793 -48.9412 1.35297
      vertex 40.3056 -48.7556 11.1375
      vertex 40.0793 -48.9412 11.1375
    endloop
  endfacet
  facet normal 0.634149 -0.773211 0
    outer loop
      vertex 40.3056 -48.7556 11.1375
      vertex 40.0793 -48.9412 1.35297
      vertex 40.3056 -48.7556 1.35297
    endloop
  endfacet
  facet normal -0.290387 -0.956909 0
    outer loop
      vertex -39.8213 -49.0791 1.35297
      vertex -39.5412 -49.1641 11.1375
      vertex -39.8213 -49.0791 11.1375
    endloop
  endfacet
  facet normal -0.290387 -0.956909 -0
    outer loop
      vertex -39.5412 -49.1641 11.1375
      vertex -39.8213 -49.0791 1.35297
      vertex -39.5412 -49.1641 1.35297
    endloop
  endfacet
  facet normal -0.0816915 -0.828638 -0.553792
    outer loop
      vertex -39.25 -49.0229 0.792905
      vertex -39.4762 -48.8372 0.54841
      vertex -39.25 -48.8595 0.54841
    endloop
  endfacet
  facet normal 0.0816915 -0.828638 -0.553792
    outer loop
      vertex 39.4762 -48.8372 0.54841
      vertex 39.25 -49.0229 0.792905
      vertex 39.25 -48.8595 0.54841
    endloop
  endfacet
  facet normal -0.172791 0.0925182 -0.980604
    outer loop
      vertex -39.3858 47.7563 0.00722237
      vertex -39.6523 47.8666 0.0645887
      vertex -39.3722 47.7817 0.00722237
    endloop
  endfacet
  facet normal 0.123978 0.151907 -0.980589
    outer loop
      vertex 39.354 47.804 0.00722237
      vertex 39.3317 47.8222 0.00722237
      vertex 39.5579 48.0079 0.0645887
    endloop
  endfacet
  facet normal -0.0373822 0.38238 -0.923249
    outer loop
      vertex -39.25 48.1354 0.0645887
      vertex -39.3349 48.1271 0.0645887
      vertex -39.25 48.4071 0.177118
    endloop
  endfacet
  facet normal -0.449565 0.54799 -0.705406
    outer loop
      vertex -39.7787 48.4912 0.340484
      vertex -39.9229 48.3729 0.340484
      vertex -39.8942 48.6641 0.54841
    endloop
  endfacet
  facet normal -0.195057 -0.0190467 -0.980607
    outer loop
      vertex -39.6771 -47.785 0.0645887
      vertex -39.6854 -47.7 0.0645887
      vertex -39.3942 -47.7287 0.00722237
    endloop
  endfacet
  facet normal 0.0924842 -0.172805 -0.980604
    outer loop
      vertex 39.4166 -48.1023 0.0645887
      vertex 39.3063 -47.8358 0.00722237
      vertex 39.4919 -48.062 0.0645887
    endloop
  endfacet
  facet normal -0.773211 0.634149 0
    outer loop
      vertex -40.4912 48.5293 1.35297
      vertex -40.3056 48.7556 11.1375
      vertex -40.3056 48.7556 1.35297
    endloop
  endfacet
  facet normal -0.773211 0.634149 0
    outer loop
      vertex -40.3056 48.7556 11.1375
      vertex -40.4912 48.5293 1.35297
      vertex -40.4912 48.5293 11.1375
    endloop
  endfacet
  facet normal -0.995178 0.0980825 0
    outer loop
      vertex -40.7428 47.7 1.35297
      vertex -40.7141 47.9912 11.1375
      vertex -40.7141 47.9912 1.35297
    endloop
  endfacet
  facet normal -0.995178 0.0980825 0
    outer loop
      vertex -40.7141 47.9912 11.1375
      vertex -40.7428 47.7 1.35297
      vertex -40.7428 47.7 11.1375
    endloop
  endfacet
  facet normal -0.634149 0.773211 0
    outer loop
      vertex -40.0793 48.9412 1.35297
      vertex -40.3056 48.7556 11.1375
      vertex -40.0793 48.9412 11.1375
    endloop
  endfacet
  facet normal -0.634149 0.773211 0
    outer loop
      vertex -40.3056 48.7556 11.1375
      vertex -40.0793 48.9412 1.35297
      vertex -40.3056 48.7556 1.35297
    endloop
  endfacet
  facet normal -0.714593 0.58658 -0.381157
    outer loop
      vertex -40.3499 48.435 0.792905
      vertex -40.4435 48.4975 1.06457
      vertex -40.1854 48.6354 0.792905
    endloop
  endfacet
  facet normal -0.284852 0.938672 -0.194305
    outer loop
      vertex -39.53 49.1078 1.06457
      vertex -39.8213 49.0791 1.35297
      vertex -39.5412 49.1641 1.35297
    endloop
  endfacet
  facet normal -0.0962264 0.97621 -0.194308
    outer loop
      vertex -39.53 49.1078 1.06457
      vertex -39.5412 49.1641 1.35297
      vertex -39.25 49.1354 1.06457
    endloop
  endfacet
  facet normal -0.49144 0.263013 -0.830248
    outer loop
      vertex -39.9033 47.9706 0.177118
      vertex -40.1292 48.0642 0.340484
      vertex -39.8379 48.0928 0.177118
    endloop
  endfacet
  facet normal -0.55473 0.0547086 -0.83023
    outer loop
      vertex -39.9571 47.7 0.177118
      vertex -40.2016 47.7 0.340484
      vertex -39.9435 47.8379 0.177118
    endloop
  endfacet
  facet normal 0.111605 0.367666 -0.923237
    outer loop
      vertex 39.4166 48.1023 0.0645887
      vertex 39.3349 48.1271 0.0645887
      vertex 39.5206 48.3533 0.177118
    endloop
  endfacet
  facet normal -0.707151 0 -0.707063
    outer loop
      vertex -40.2016 -47.7 0.340484
      vertex -40.4095 47.7 0.54841
      vertex -40.2016 47.7 0.340484
    endloop
  endfacet
  facet normal -0.707151 -0 -0.707063
    outer loop
      vertex -40.4095 47.7 0.54841
      vertex -40.2016 -47.7 0.340484
      vertex -40.4095 -47.7 0.54841
    endloop
  endfacet
  facet normal -0.533456 0.161605 -0.830246
    outer loop
      vertex -39.9435 47.8379 0.177118
      vertex -40.1292 48.0642 0.340484
      vertex -39.9033 47.9706 0.177118
    endloop
  endfacet
  facet normal -0.161592 0.533461 -0.830245
    outer loop
      vertex -39.5206 48.3533 0.177118
      vertex -39.6142 48.5792 0.340484
      vertex -39.4356 48.6333 0.340484
    endloop
  endfacet
  facet normal -0.18747 0.0570561 -0.980612
    outer loop
      vertex -39.3942 47.7287 0.00722237
      vertex -39.6523 47.8666 0.0645887
      vertex -39.3858 47.7563 0.00722237
    endloop
  endfacet
  facet normal -0.0570681 -0.187509 -0.980604
    outer loop
      vertex -39.2787 -47.8442 0.00722237
      vertex -39.3349 -48.1271 0.0645887
      vertex -39.3063 -47.8358 0.00722237
    endloop
  endfacet
  facet normal 0.92017 0.0905553 -0.380903
    outer loop
      vertex 40.5729 47.7 0.792905
      vertex 40.5475 47.9581 0.792905
      vertex 40.6578 47.98 1.06457
    endloop
  endfacet
  facet normal 0.884772 0.268534 -0.380878
    outer loop
      vertex 40.5475 47.9581 0.792905
      vertex 40.4722 48.2062 0.792905
      vertex 40.6578 47.98 1.06457
    endloop
  endfacet
  facet normal 0.884767 0.26842 -0.38097
    outer loop
      vertex 40.6578 47.98 1.06457
      vertex 40.4722 48.2062 0.792905
      vertex 40.5761 48.2493 1.06457
    endloop
  endfacet
  facet normal 0.392649 0.734386 -0.553628
    outer loop
      vertex 39.8942 48.6641 0.54841
      vertex 39.6937 48.7713 0.54841
      vertex 39.7562 48.9222 0.792905
    endloop
  endfacet
  facet normal 0.2055 0.678416 -0.705352
    outer loop
      vertex 39.6142 48.5792 0.340484
      vertex 39.4356 48.6333 0.340484
      vertex 39.6937 48.7713 0.54841
    endloop
  endfacet
  facet normal 0.0816846 0.828568 -0.553898
    outer loop
      vertex 39.4762 48.8372 0.54841
      vertex 39.25 48.8595 0.54841
      vertex 39.5081 48.9975 0.792905
    endloop
  endfacet
  facet normal 0.0815484 0.828648 -0.553799
    outer loop
      vertex 39.5081 48.9975 0.792905
      vertex 39.25 48.8595 0.54841
      vertex 39.25 49.0229 0.792905
    endloop
  endfacet
  facet normal 0.622095 0.758514 -0.194049
    outer loop
      vertex 40.3056 48.7556 1.35297
      vertex 40.0475 48.8935 1.06457
      vertex 40.0793 48.9412 1.35297
    endloop
  endfacet
  facet normal 0.0962133 0.976213 -0.194295
    outer loop
      vertex 39.5412 49.1641 1.35297
      vertex 39.25 49.1354 1.06457
      vertex 39.25 49.1928 1.35297
    endloop
  endfacet
  facet normal 0.151907 0.123978 -0.980589
    outer loop
      vertex 39.3722 47.7817 0.00722237
      vertex 39.354 47.804 0.00722237
      vertex 39.5579 48.0079 0.0645887
    endloop
  endfacet
  facet normal 0.0190308 0.195066 -0.980605
    outer loop
      vertex 39.2787 47.8442 0.00722237
      vertex 39.25 47.847 0.00722237
      vertex 39.3349 48.1271 0.0645887
    endloop
  endfacet
  facet normal 0.181311 0.338781 -0.92323
    outer loop
      vertex 39.6428 48.2879 0.177118
      vertex 39.4919 48.062 0.0645887
      vertex 39.5206 48.3533 0.177118
    endloop
  endfacet
  facet normal 0.262901 0.491446 -0.830279
    outer loop
      vertex 39.6428 48.2879 0.177118
      vertex 39.6142 48.5792 0.340484
      vertex 39.7787 48.4912 0.340484
    endloop
  endfacet
  facet normal 0 0 -1
    outer loop
      vertex 39.25 -47.847 0.00722237
      vertex 39.397 -47.7 0.00722237
      vertex 39.3942 -47.7287 0.00722237
    endloop
  endfacet
  facet normal 0 0 -1
    outer loop
      vertex -39.397 -47.7 0.00722237
      vertex 39.397 -47.7 0.00722237
      vertex 39.25 -47.847 0.00722237
    endloop
  endfacet
  facet normal 0 0 -1
    outer loop
      vertex 39.25 -47.847 0.00722237
      vertex 39.3942 -47.7287 0.00722237
      vertex 39.3858 -47.7563 0.00722237
    endloop
  endfacet
  facet normal 0 0 -1
    outer loop
      vertex 39.397 -47.7 0.00722237
      vertex -39.397 -47.7 0.00722237
      vertex 39.397 47.7 0.00722237
    endloop
  endfacet
  facet normal 0 0 -1
    outer loop
      vertex 39.25 -47.847 0.00722237
      vertex 39.3858 -47.7563 0.00722237
      vertex 39.3722 -47.7817 0.00722237
    endloop
  endfacet
  facet normal 0 0 -1
    outer loop
      vertex 39.397 47.7 0.00722237
      vertex 39.25 47.847 0.00722237
      vertex 39.3942 47.7287 0.00722237
    endloop
  endfacet
  facet normal 0 0 -1
    outer loop
      vertex 39.25 -47.847 0.00722237
      vertex 39.3722 -47.7817 0.00722237
      vertex 39.354 -47.804 0.00722237
    endloop
  endfacet
  facet normal 0 0 -1
    outer loop
      vertex 39.3942 47.7287 0.00722237
      vertex 39.25 47.847 0.00722237
      vertex 39.3858 47.7563 0.00722237
    endloop
  endfacet
  facet normal 0 0 -1
    outer loop
      vertex 39.25 -47.847 0.00722237
      vertex 39.354 -47.804 0.00722237
      vertex 39.3317 -47.8222 0.00722237
    endloop
  endfacet
  facet normal 0 0 -1
    outer loop
      vertex 39.3858 47.7563 0.00722237
      vertex 39.25 47.847 0.00722237
      vertex 39.3722 47.7817 0.00722237
    endloop
  endfacet
  facet normal 0 0 -1
    outer loop
      vertex 39.25 -47.847 0.00722237
      vertex 39.3317 -47.8222 0.00722237
      vertex 39.3063 -47.8358 0.00722237
    endloop
  endfacet
  facet normal 0 0 -1
    outer loop
      vertex 39.3722 47.7817 0.00722237
      vertex 39.25 47.847 0.00722237
      vertex 39.354 47.804 0.00722237
    endloop
  endfacet
  facet normal 0 0 -1
    outer loop
      vertex 39.25 -47.847 0.00722237
      vertex 39.3063 -47.8358 0.00722237
      vertex 39.2787 -47.8442 0.00722237
    endloop
  endfacet
  facet normal 0 0 -1
    outer loop
      vertex 39.354 47.804 0.00722237
      vertex 39.25 47.847 0.00722237
      vertex 39.3317 47.8222 0.00722237
    endloop
  endfacet
  facet normal 0 0 -1
    outer loop
      vertex 39.3317 47.8222 0.00722237
      vertex 39.25 47.847 0.00722237
      vertex 39.3063 47.8358 0.00722237
    endloop
  endfacet
  facet normal 0 0 -1
    outer loop
      vertex 39.3063 47.8358 0.00722237
      vertex 39.25 47.847 0.00722237
      vertex 39.2787 47.8442 0.00722237
    endloop
  endfacet
  facet normal 0 0 -1
    outer loop
      vertex -39.397 -47.7 0.00722237
      vertex 39.25 -47.847 0.00722237
      vertex -39.25 -47.847 0.00722237
    endloop
  endfacet
  facet normal 0 0 -1
    outer loop
      vertex -39.397 47.7 0.00722237
      vertex 39.397 47.7 0.00722237
      vertex -39.397 -47.7 0.00722237
    endloop
  endfacet
  facet normal 0 0 -1
    outer loop
      vertex -39.397 -47.7 0.00722237
      vertex -39.25 -47.847 0.00722237
      vertex -39.2787 -47.8442 0.00722237
    endloop
  endfacet
  facet normal 0 0 -1
    outer loop
      vertex 39.397 47.7 0.00722237
      vertex -39.397 47.7 0.00722237
      vertex 39.25 47.847 0.00722237
    endloop
  endfacet
  facet normal 0 0 -1
    outer loop
      vertex -39.397 -47.7 0.00722237
      vertex -39.2787 -47.8442 0.00722237
      vertex -39.3063 -47.8358 0.00722237
    endloop
  endfacet
  facet normal -0 0 -1
    outer loop
      vertex 39.25 47.847 0.00722237
      vertex -39.397 47.7 0.00722237
      vertex -39.25 47.847 0.00722237
    endloop
  endfacet
  facet normal 0 0 -1
    outer loop
      vertex -39.397 -47.7 0.00722237
      vertex -39.3063 -47.8358 0.00722237
      vertex -39.3317 -47.8222 0.00722237
    endloop
  endfacet
  facet normal 0 0 -1
    outer loop
      vertex -39.25 47.847 0.00722237
      vertex -39.397 47.7 0.00722237
      vertex -39.2787 47.8442 0.00722237
    endloop
  endfacet
  facet normal 0 0 -1
    outer loop
      vertex -39.397 -47.7 0.00722237
      vertex -39.3317 -47.8222 0.00722237
      vertex -39.354 -47.804 0.00722237
    endloop
  endfacet
  facet normal 0 0 -1
    outer loop
      vertex -39.2787 47.8442 0.00722237
      vertex -39.397 47.7 0.00722237
      vertex -39.3063 47.8358 0.00722237
    endloop
  endfacet
  facet normal 0 0 -1
    outer loop
      vertex -39.397 -47.7 0.00722237
      vertex -39.354 -47.804 0.00722237
      vertex -39.3722 -47.7817 0.00722237
    endloop
  endfacet
  facet normal 0 0 -1
    outer loop
      vertex -39.3063 47.8358 0.00722237
      vertex -39.397 47.7 0.00722237
      vertex -39.3317 47.8222 0.00722237
    endloop
  endfacet
  facet normal 0 0 -1
    outer loop
      vertex -39.397 -47.7 0.00722237
      vertex -39.3722 -47.7817 0.00722237
      vertex -39.3858 -47.7563 0.00722237
    endloop
  endfacet
  facet normal 0 0 -1
    outer loop
      vertex -39.3317 47.8222 0.00722237
      vertex -39.397 47.7 0.00722237
      vertex -39.354 47.804 0.00722237
    endloop
  endfacet
  facet normal 0 0 -1
    outer loop
      vertex -39.397 -47.7 0.00722237
      vertex -39.3858 -47.7563 0.00722237
      vertex -39.3942 -47.7287 0.00722237
    endloop
  endfacet
  facet normal 0 0 -1
    outer loop
      vertex -39.354 47.804 0.00722237
      vertex -39.397 47.7 0.00722237
      vertex -39.3722 47.7817 0.00722237
    endloop
  endfacet
  facet normal 0 0 -1
    outer loop
      vertex -39.3722 47.7817 0.00722237
      vertex -39.397 47.7 0.00722237
      vertex -39.3858 47.7563 0.00722237
    endloop
  endfacet
  facet normal 0 0 -1
    outer loop
      vertex -39.3858 47.7563 0.00722237
      vertex -39.397 47.7 0.00722237
      vertex -39.3942 47.7287 0.00722237
    endloop
  endfacet
  facet normal 0 0.19509 -0.980785
    outer loop
      vertex -39.25 47.847 0.00722237
      vertex 39.25 48.1354 0.0645887
      vertex 39.25 47.847 0.00722237
    endloop
  endfacet
  facet normal 0 0.19509 -0.980785
    outer loop
      vertex 39.25 48.1354 0.0645887
      vertex -39.25 47.847 0.00722237
      vertex -39.25 48.1354 0.0645887
    endloop
  endfacet
  facet normal 0.55473 0.0547086 -0.83023
    outer loop
      vertex 39.9571 47.7 0.177118
      vertex 39.9435 47.8379 0.177118
      vertex 40.2016 47.7 0.340484
    endloop
  endfacet
  facet normal 0.625127 0.334233 -0.70534
    outer loop
      vertex 40.3213 48.1437 0.54841
      vertex 40.1292 48.0642 0.340484
      vertex 40.2141 48.3442 0.54841
    endloop
  endfacet
  facet normal 0.367746 0.111405 -0.923229
    outer loop
      vertex 39.9435 47.8379 0.177118
      vertex 39.6523 47.8666 0.0645887
      vertex 39.9033 47.9706 0.177118
    endloop
  endfacet
  facet normal 0.195059 0.0190693 -0.980606
    outer loop
      vertex 39.6854 47.7 0.0645887
      vertex 39.3942 47.7287 0.00722237
      vertex 39.6771 47.7849 0.0645887
    endloop
  endfacet
  facet normal 0.33878 0.181313 -0.92323
    outer loop
      vertex 39.6523 47.8666 0.0645887
      vertex 39.612 47.9419 0.0645887
      vertex 39.8379 48.0928 0.177118
    endloop
  endfacet
  facet normal 0.533456 -0.161605 -0.830246
    outer loop
      vertex 40.1292 -48.0642 0.340484
      vertex 39.9033 -47.9706 0.177118
      vertex 39.9435 -47.8379 0.177118
    endloop
  endfacet
  facet normal 0.367746 -0.111405 -0.923229
    outer loop
      vertex 39.9033 -47.9706 0.177118
      vertex 39.6523 -47.8666 0.0645887
      vertex 39.9435 -47.8379 0.177118
    endloop
  endfacet
  facet normal 0.334233 0.625127 -0.70534
    outer loop
      vertex 39.8942 48.6641 0.54841
      vertex 39.6142 48.5792 0.340484
      vertex 39.6937 48.7713 0.54841
    endloop
  endfacet
  facet normal 0.334337 0.624981 -0.70542
    outer loop
      vertex 39.7787 48.4912 0.340484
      vertex 39.6142 48.5792 0.340484
      vertex 39.8942 48.6641 0.54841
    endloop
  endfacet
  facet normal -0.796988 0.241478 -0.553622
    outer loop
      vertex -40.3872 47.9262 0.54841
      vertex -40.4722 48.2062 0.792905
      vertex -40.3213 48.1437 0.54841
    endloop
  endfacet
  facet normal -0.92017 0.0905553 -0.380903
    outer loop
      vertex -40.5729 47.7 0.792905
      vertex -40.6578 47.98 1.06457
      vertex -40.5475 47.9581 0.792905
    endloop
  endfacet
  facet normal -0.678399 0.205547 -0.705354
    outer loop
      vertex -40.1292 48.0642 0.340484
      vertex -40.3872 47.9262 0.54841
      vertex -40.3213 48.1437 0.54841
    endloop
  endfacet
  facet normal -0.528335 0.643638 -0.553708
    outer loop
      vertex -39.8942 48.6641 0.54841
      vertex -40.1854 48.6354 0.792905
      vertex -39.985 48.7999 0.792905
    endloop
  endfacet
  facet normal -0.367746 -0.111405 -0.923229
    outer loop
      vertex -39.9033 -47.9706 0.177118
      vertex -39.9435 -47.8379 0.177118
      vertex -39.6523 -47.8666 0.0645887
    endloop
  endfacet
  facet normal -0.533456 -0.161605 -0.830246
    outer loop
      vertex -39.9033 -47.9706 0.177118
      vertex -40.1292 -48.0642 0.340484
      vertex -39.9435 -47.8379 0.177118
    endloop
  endfacet
  facet normal -0.195055 0.0190298 -0.980608
    outer loop
      vertex -39.397 47.7 0.00722237
      vertex -39.6854 47.7 0.0645887
      vertex -39.3942 47.7287 0.00722237
    endloop
  endfacet
  facet normal -0.297175 -0.243594 -0.923228
    outer loop
      vertex -39.5579 -48.0079 0.0645887
      vertex -39.8379 -48.0928 0.177118
      vertex -39.612 -47.9419 0.0645887
    endloop
  endfacet
  facet normal -0.33878 -0.181313 -0.92323
    outer loop
      vertex -39.612 -47.9419 0.0645887
      vertex -39.8379 -48.0928 0.177118
      vertex -39.6523 -47.8666 0.0645887
    endloop
  endfacet
  facet normal -0.195059 0.0190693 -0.980606
    outer loop
      vertex -39.3942 47.7287 0.00722237
      vertex -39.6854 47.7 0.0645887
      vertex -39.6771 47.7849 0.0645887
    endloop
  endfacet
  facet normal -0.58658 0.714593 -0.381157
    outer loop
      vertex -39.985 48.7999 0.792905
      vertex -40.1854 48.6354 0.792905
      vertex -40.0475 48.8935 1.06457
    endloop
  endfacet
  facet normal -0.586487 0.714627 -0.381237
    outer loop
      vertex -40.1854 48.6354 0.792905
      vertex -40.265 48.715 1.06457
      vertex -40.0475 48.8935 1.06457
    endloop
  endfacet
  facet normal -0.714593 -0.58658 -0.381157
    outer loop
      vertex -40.1854 -48.6354 0.792905
      vertex -40.4435 -48.4975 1.06457
      vertex -40.3499 -48.435 0.792905
    endloop
  endfacet
  facet normal -0.643638 -0.528335 -0.553708
    outer loop
      vertex -40.1854 -48.6354 0.792905
      vertex -40.3499 -48.435 0.792905
      vertex -40.2141 -48.3442 0.54841
    endloop
  endfacet
  facet normal -0.449717 -0.547956 -0.705337
    outer loop
      vertex -39.8942 -48.6641 0.54841
      vertex -40.0699 -48.5199 0.54841
      vertex -39.9229 -48.3729 0.340484
    endloop
  endfacet
  facet normal -0.547956 -0.449717 -0.705337
    outer loop
      vertex -40.0699 -48.5199 0.54841
      vertex -40.2141 -48.3442 0.54841
      vertex -39.9229 -48.3729 0.340484
    endloop
  endfacet
  facet normal 0.865248 -0.462256 -0.194078
    outer loop
      vertex 40.4912 -48.5293 1.35297
      vertex 40.4435 -48.4975 1.06457
      vertex 40.5761 -48.2493 1.06457
    endloop
  endfacet
  facet normal 0.714627 -0.586487 -0.381237
    outer loop
      vertex 40.265 -48.715 1.06457
      vertex 40.1854 -48.6354 0.792905
      vertex 40.4435 -48.4975 1.06457
    endloop
  endfacet
  facet normal 0.449717 -0.547956 -0.705337
    outer loop
      vertex 40.0699 -48.5199 0.54841
      vertex 39.8942 -48.6641 0.54841
      vertex 39.9229 -48.3729 0.340484
    endloop
  endfacet
  facet normal 0.547956 -0.449717 -0.705337
    outer loop
      vertex 40.0699 -48.5199 0.54841
      vertex 39.9229 -48.3729 0.340484
      vertex 40.2141 -48.3442 0.54841
    endloop
  endfacet
  facet normal 0.0373961 -0.382522 -0.923189
    outer loop
      vertex 39.3879 -48.3935 0.177118
      vertex 39.25 -48.1354 0.0645887
      vertex 39.3349 -48.1271 0.0645887
    endloop
  endfacet
  facet normal -0.0925132 -0.172782 -0.980606
    outer loop
      vertex -39.3063 -47.8358 0.00722237
      vertex -39.4919 -48.062 0.0645887
      vertex -39.3317 -47.8222 0.00722237
    endloop
  endfacet
  facet normal 0.111632 -0.367756 -0.923197
    outer loop
      vertex 39.3879 -48.3935 0.177118
      vertex 39.3349 -48.1271 0.0645887
      vertex 39.4166 -48.1023 0.0645887
    endloop
  endfacet
  facet normal -0.187499 -0.0569851 -0.98061
    outer loop
      vertex -39.6523 -47.8666 0.0645887
      vertex -39.6771 -47.785 0.0645887
      vertex -39.3858 -47.7563 0.00722237
    endloop
  endfacet
  facet normal 0.151907 -0.123978 -0.980589
    outer loop
      vertex 39.5579 -48.0079 0.0645887
      vertex 39.354 -47.804 0.00722237
      vertex 39.3722 -47.7817 0.00722237
    endloop
  endfacet
  facet normal 0.297175 -0.243594 -0.923228
    outer loop
      vertex 39.8379 -48.0928 0.177118
      vertex 39.5579 -48.0079 0.0645887
      vertex 39.612 -47.9419 0.0645887
    endloop
  endfacet
  facet normal 0.0962131 -0.976211 -0.194307
    outer loop
      vertex 39.5412 -49.1641 1.35297
      vertex 39.25 -49.1928 1.35297
      vertex 39.53 -49.1078 1.06457
    endloop
  endfacet
  facet normal 0.0962266 -0.976212 -0.194295
    outer loop
      vertex 39.53 -49.1078 1.06457
      vertex 39.25 -49.1928 1.35297
      vertex 39.25 -49.1354 1.06457
    endloop
  endfacet
  facet normal 0.831417 0 -0.555649
    outer loop
      vertex 40.5729 -47.7 0.792905
      vertex 40.4095 47.7 0.54841
      vertex 40.5729 47.7 0.792905
    endloop
  endfacet
  facet normal 0.831417 0 -0.555649
    outer loop
      vertex 40.4095 47.7 0.54841
      vertex 40.5729 -47.7 0.792905
      vertex 40.4095 -47.7 0.54841
    endloop
  endfacet
  facet normal 0.938672 -0.284852 -0.194305
    outer loop
      vertex 40.7141 -47.9912 1.35297
      vertex 40.6291 -48.2713 1.35297
      vertex 40.6578 -47.98 1.06457
    endloop
  endfacet
  facet normal 0.938707 -0.284784 -0.194233
    outer loop
      vertex 40.6291 -48.2713 1.35297
      vertex 40.5761 -48.2493 1.06457
      vertex 40.6578 -47.98 1.06457
    endloop
  endfacet
  facet normal 0.678399 -0.205547 -0.705354
    outer loop
      vertex 40.3213 -48.1437 0.54841
      vertex 40.1292 -48.0642 0.340484
      vertex 40.3872 -47.9262 0.54841
    endloop
  endfacet
  facet normal 0.67839 -0.205492 -0.705379
    outer loop
      vertex 40.3872 -47.9262 0.54841
      vertex 40.1292 -48.0642 0.340484
      vertex 40.1833 -47.8856 0.340484
    endloop
  endfacet
  facet normal -0.205547 -0.678399 -0.705354
    outer loop
      vertex -39.4762 -48.8372 0.54841
      vertex -39.6937 -48.7713 0.54841
      vertex -39.6142 -48.5792 0.340484
    endloop
  endfacet
  facet normal -0.334337 -0.624981 -0.70542
    outer loop
      vertex -39.6142 -48.5792 0.340484
      vertex -39.8942 -48.6641 0.54841
      vertex -39.7787 -48.4912 0.340484
    endloop
  endfacet
  facet normal -0.0373961 -0.382522 -0.923189
    outer loop
      vertex -39.25 -48.1354 0.0645887
      vertex -39.3879 -48.3935 0.177118
      vertex -39.3349 -48.1271 0.0645887
    endloop
  endfacet
  facet normal -0.111632 -0.367756 -0.923197
    outer loop
      vertex -39.3879 -48.3935 0.177118
      vertex -39.4166 -48.1023 0.0645887
      vertex -39.3349 -48.1271 0.0645887
    endloop
  endfacet
  facet normal 0 -0.382647 -0.923895
    outer loop
      vertex -39.25 -48.4071 0.177118
      vertex 39.25 -48.1354 0.0645887
      vertex 39.25 -48.4071 0.177118
    endloop
  endfacet
  facet normal -0 -0.382647 -0.923895
    outer loop
      vertex 39.25 -48.1354 0.0645887
      vertex -39.25 -48.4071 0.177118
      vertex -39.25 -48.1354 0.0645887
    endloop
  endfacet
  facet normal -0.0905553 -0.92017 -0.380903
    outer loop
      vertex -39.25 -49.0229 0.792905
      vertex -39.53 -49.1078 1.06457
      vertex -39.5081 -48.9975 0.792905
    endloop
  endfacet
  facet normal -0.435672 -0.815489 -0.381009
    outer loop
      vertex -39.7993 -49.0261 1.06457
      vertex -40.0475 -48.8935 1.06457
      vertex -39.7562 -48.9222 0.792905
    endloop
  endfacet
  facet normal -0.284852 -0.938672 -0.194305
    outer loop
      vertex -39.5412 -49.1641 1.35297
      vertex -39.8213 -49.0791 1.35297
      vertex -39.53 -49.1078 1.06457
    endloop
  endfacet
  facet normal 0.0905553 -0.92017 -0.380903
    outer loop
      vertex 39.53 -49.1078 1.06457
      vertex 39.25 -49.0229 0.792905
      vertex 39.5081 -48.9975 0.792905
    endloop
  endfacet
  facet normal 0.0815424 -0.828586 -0.553891
    outer loop
      vertex 39.5081 -48.9975 0.792905
      vertex 39.25 -49.0229 0.792905
      vertex 39.4762 -48.8372 0.54841
    endloop
  endfacet
  facet normal -0.0924825 0.172802 -0.980605
    outer loop
      vertex -39.3317 47.8222 0.00722237
      vertex -39.4919 48.062 0.0645887
      vertex -39.4166 48.1023 0.0645887
    endloop
  endfacet
  facet normal -0.243654 0.297153 -0.923219
    outer loop
      vertex -39.5579 48.0079 0.0645887
      vertex -39.75 48.2 0.177118
      vertex -39.6428 48.2879 0.177118
    endloop
  endfacet
  facet normal -0.881927 0.471386 0
    outer loop
      vertex -40.6291 48.2713 1.35297
      vertex -40.4912 48.5293 11.1375
      vertex -40.4912 48.5293 1.35297
    endloop
  endfacet
  facet normal -0.881927 0.471386 0
    outer loop
      vertex -40.4912 48.5293 11.1375
      vertex -40.6291 48.2713 1.35297
      vertex -40.6291 48.2713 11.1375
    endloop
  endfacet
  facet normal -0.758314 0.62234 -0.194043
    outer loop
      vertex -40.4435 48.4975 1.06457
      vertex -40.4912 48.5293 1.35297
      vertex -40.265 48.715 1.06457
    endloop
  endfacet
  facet normal -0.714627 0.586487 -0.381237
    outer loop
      vertex -40.1854 48.6354 0.792905
      vertex -40.4435 48.4975 1.06457
      vertex -40.265 48.715 1.06457
    endloop
  endfacet
  facet normal -0.622095 0.758514 -0.194049
    outer loop
      vertex -40.0475 48.8935 1.06457
      vertex -40.3056 48.7556 1.35297
      vertex -40.0793 48.9412 1.35297
    endloop
  endfacet
  facet normal -0.471386 0.881927 0
    outer loop
      vertex -39.8213 49.0791 1.35297
      vertex -40.0793 48.9412 11.1375
      vertex -39.8213 49.0791 11.1375
    endloop
  endfacet
  facet normal -0.471386 0.881927 0
    outer loop
      vertex -40.0793 48.9412 11.1375
      vertex -39.8213 49.0791 1.35297
      vertex -40.0793 48.9412 1.35297
    endloop
  endfacet
  facet normal -0.462238 0.865215 -0.194264
    outer loop
      vertex -39.7993 49.0261 1.06457
      vertex -40.0475 48.8935 1.06457
      vertex -39.8213 49.0791 1.35297
    endloop
  endfacet
  facet normal -0.353497 0.43089 -0.830285
    outer loop
      vertex -39.6428 48.2879 0.177118
      vertex -39.9229 48.3729 0.340484
      vertex -39.7787 48.4912 0.340484
    endloop
  endfacet
  facet normal -0.268523 0.884734 -0.380974
    outer loop
      vertex -39.7562 48.9222 0.792905
      vertex -39.7993 49.0261 1.06457
      vertex -39.5081 48.9975 0.792905
    endloop
  endfacet
  facet normal -0.0907009 0.920154 -0.380908
    outer loop
      vertex -39.5081 48.9975 0.792905
      vertex -39.53 49.1078 1.06457
      vertex -39.25 49.1354 1.06457
    endloop
  endfacet
  facet normal -0.0546959 0.55473 -0.830231
    outer loop
      vertex -39.25 48.4071 0.177118
      vertex -39.4356 48.6333 0.340484
      vertex -39.25 48.6516 0.340484
    endloop
  endfacet
  facet normal -0.054708 0.554723 -0.830235
    outer loop
      vertex -39.3879 48.3935 0.177118
      vertex -39.4356 48.6333 0.340484
      vertex -39.25 48.4071 0.177118
    endloop
  endfacet
  facet normal -0.705433 0.0695551 -0.705355
    outer loop
      vertex -40.2016 47.7 0.340484
      vertex -40.3872 47.9262 0.54841
      vertex -40.1833 47.8856 0.340484
    endloop
  endfacet
  facet normal -0.67839 0.205492 -0.705379
    outer loop
      vertex -40.1833 47.8856 0.340484
      vertex -40.3872 47.9262 0.54841
      vertex -40.1292 48.0642 0.340484
    endloop
  endfacet
  facet normal -0.172782 -0.0925132 -0.980606
    outer loop
      vertex -39.3722 -47.7817 0.00722237
      vertex -39.612 -47.9419 0.0645887
      vertex -39.3858 -47.7563 0.00722237
    endloop
  endfacet
  facet normal -0.338781 0.181312 -0.92323
    outer loop
      vertex -39.6523 47.8666 0.0645887
      vertex -39.9033 47.9706 0.177118
      vertex -39.8379 48.0928 0.177118
    endloop
  endfacet
  facet normal -0.172802 0.0924825 -0.980605
    outer loop
      vertex -39.3722 47.7817 0.00722237
      vertex -39.6523 47.8666 0.0645887
      vertex -39.612 47.9419 0.0645887
    endloop
  endfacet
  facet normal 0.995178 0.0980825 0
    outer loop
      vertex 40.7428 47.7 11.1375
      vertex 40.7141 47.9912 1.35297
      vertex 40.7141 47.9912 11.1375
    endloop
  endfacet
  facet normal 0.995178 0.0980825 0
    outer loop
      vertex 40.7141 47.9912 1.35297
      vertex 40.7428 47.7 11.1375
      vertex 40.7428 47.7 1.35297
    endloop
  endfacet
  facet normal 0.956909 0.290387 0
    outer loop
      vertex 40.7141 47.9912 11.1375
      vertex 40.6291 48.2713 1.35297
      vertex 40.6291 48.2713 11.1375
    endloop
  endfacet
  facet normal 0.956909 0.290387 0
    outer loop
      vertex 40.6291 48.2713 1.35297
      vertex 40.7141 47.9912 11.1375
      vertex 40.7141 47.9912 1.35297
    endloop
  endfacet
  facet normal 0.920105 0.090696 -0.381027
    outer loop
      vertex 40.6854 47.7 1.06457
      vertex 40.5729 47.7 0.792905
      vertex 40.6578 47.98 1.06457
    endloop
  endfacet
  facet normal 0.976212 0.0962266 -0.194295
    outer loop
      vertex 40.6854 47.7 1.06457
      vertex 40.6578 47.98 1.06457
      vertex 40.7428 47.7 1.35297
    endloop
  endfacet
  facet normal 0.714627 0.586487 -0.381237
    outer loop
      vertex 40.4435 48.4975 1.06457
      vertex 40.1854 48.6354 0.792905
      vertex 40.265 48.715 1.06457
    endloop
  endfacet
  facet normal 0.865126 0.462407 -0.19426
    outer loop
      vertex 40.5761 48.2493 1.06457
      vertex 40.4912 48.5293 1.35297
      vertex 40.6291 48.2713 1.35297
    endloop
  endfacet
  facet normal 0.624981 0.334337 -0.70542
    outer loop
      vertex 40.1292 48.0642 0.340484
      vertex 40.0412 48.2287 0.340484
      vertex 40.2141 48.3442 0.54841
    endloop
  endfacet
  facet normal 0.547956 0.449717 -0.705337
    outer loop
      vertex 40.2141 48.3442 0.54841
      vertex 39.9229 48.3729 0.340484
      vertex 40.0699 48.5199 0.54841
    endloop
  endfacet
  facet normal 0.586487 0.714627 -0.381237
    outer loop
      vertex 40.1854 48.6354 0.792905
      vertex 40.0475 48.8935 1.06457
      vertex 40.265 48.715 1.06457
    endloop
  endfacet
  facet normal 0.58658 0.714593 -0.381157
    outer loop
      vertex 40.1854 48.6354 0.792905
      vertex 39.985 48.7999 0.792905
      vertex 40.0475 48.8935 1.06457
    endloop
  endfacet
  facet normal 0.284784 0.938707 -0.194233
    outer loop
      vertex 39.7993 49.0261 1.06457
      vertex 39.53 49.1078 1.06457
      vertex 39.8213 49.0791 1.35297
    endloop
  endfacet
  facet normal 0.26843 0.884802 -0.380882
    outer loop
      vertex 39.7993 49.0261 1.06457
      vertex 39.5081 48.9975 0.792905
      vertex 39.53 49.1078 1.06457
    endloop
  endfacet
  facet normal 0.161592 0.533461 -0.830245
    outer loop
      vertex 39.5206 48.3533 0.177118
      vertex 39.4356 48.6333 0.340484
      vertex 39.6142 48.5792 0.340484
    endloop
  endfacet
  facet normal 0.263013 0.49144 -0.830248
    outer loop
      vertex 39.6428 48.2879 0.177118
      vertex 39.5206 48.3533 0.177118
      vertex 39.6142 48.5792 0.340484
    endloop
  endfacet
  facet normal 0.0925182 0.172791 -0.980604
    outer loop
      vertex 39.3317 47.8222 0.00722237
      vertex 39.3063 47.8358 0.00722237
      vertex 39.4166 48.1023 0.0645887
    endloop
  endfacet
  facet normal 0.056923 0.187525 -0.980609
    outer loop
      vertex 39.4166 48.1023 0.0645887
      vertex 39.3063 47.8358 0.00722237
      vertex 39.3349 48.1271 0.0645887
    endloop
  endfacet
  facet normal 0.382375 0.0377107 -0.923237
    outer loop
      vertex 39.9571 47.7 0.177118
      vertex 39.6854 47.7 0.0645887
      vertex 39.9435 47.8379 0.177118
    endloop
  endfacet
  facet normal 0.187538 0.0569271 -0.980606
    outer loop
      vertex 39.6771 47.7849 0.0645887
      vertex 39.3942 47.7287 0.00722237
      vertex 39.6523 47.8666 0.0645887
    endloop
  endfacet
  facet normal 0.18747 0.0570561 -0.980612
    outer loop
      vertex 39.3942 47.7287 0.00722237
      vertex 39.3858 47.7563 0.00722237
      vertex 39.6523 47.8666 0.0645887
    endloop
  endfacet
  facet normal -0.705439 0.0695459 -0.705351
    outer loop
      vertex -40.2016 47.7 0.340484
      vertex -40.4095 47.7 0.54841
      vertex -40.3872 47.9262 0.54841
    endloop
  endfacet
  facet normal -0.828638 0.0816915 -0.553792
    outer loop
      vertex -40.4095 47.7 0.54841
      vertex -40.5729 47.7 0.792905
      vertex -40.3872 47.9262 0.54841
    endloop
  endfacet
  facet normal -0.382522 0.0373961 -0.923189
    outer loop
      vertex -39.6854 47.7 0.0645887
      vertex -39.9435 47.8379 0.177118
      vertex -39.6771 47.7849 0.0645887
    endloop
  endfacet
  facet normal -0.382375 0.0377107 -0.923237
    outer loop
      vertex -39.6854 47.7 0.0645887
      vertex -39.9571 47.7 0.177118
      vertex -39.9435 47.8379 0.177118
    endloop
  endfacet
  facet normal 0.0570681 -0.187509 -0.980604
    outer loop
      vertex 39.3349 -48.1271 0.0645887
      vertex 39.2787 -47.8442 0.00722237
      vertex 39.3063 -47.8358 0.00722237
    endloop
  endfacet
  facet normal 0.056923 -0.187525 -0.980609
    outer loop
      vertex 39.3349 -48.1271 0.0645887
      vertex 39.3063 -47.8358 0.00722237
      vertex 39.4166 -48.1023 0.0645887
    endloop
  endfacet
  facet normal 0.773211 -0.634149 0
    outer loop
      vertex 40.3056 -48.7556 11.1375
      vertex 40.4912 -48.5293 1.35297
      vertex 40.4912 -48.5293 11.1375
    endloop
  endfacet
  facet normal 0.773211 -0.634149 0
    outer loop
      vertex 40.4912 -48.5293 1.35297
      vertex 40.3056 -48.7556 11.1375
      vertex 40.3056 -48.7556 1.35297
    endloop
  endfacet
  facet normal 0.172782 -0.0925132 -0.980606
    outer loop
      vertex 39.612 -47.9419 0.0645887
      vertex 39.3722 -47.7817 0.00722237
      vertex 39.3858 -47.7563 0.00722237
    endloop
  endfacet
  facet normal 0.172805 -0.0924842 -0.980604
    outer loop
      vertex 39.612 -47.9419 0.0645887
      vertex 39.3858 -47.7563 0.00722237
      vertex 39.6523 -47.8666 0.0645887
    endloop
  endfacet
  facet normal 0.435672 -0.815489 -0.381009
    outer loop
      vertex 39.7993 -49.0261 1.06457
      vertex 39.7562 -48.9222 0.792905
      vertex 40.0475 -48.8935 1.06457
    endloop
  endfacet
  facet normal 0.462256 -0.865248 -0.194078
    outer loop
      vertex 40.0793 -48.9412 1.35297
      vertex 39.7993 -49.0261 1.06457
      vertex 40.0475 -48.8935 1.06457
    endloop
  endfacet
  facet normal -0.161593 -0.533466 -0.830242
    outer loop
      vertex -39.4356 -48.6333 0.340484
      vertex -39.6142 -48.5792 0.340484
      vertex -39.3879 -48.3935 0.177118
    endloop
  endfacet
  facet normal -0.0546954 -0.554725 -0.830234
    outer loop
      vertex -39.25 -48.6516 0.340484
      vertex -39.4356 -48.6333 0.340484
      vertex -39.3879 -48.3935 0.177118
    endloop
  endfacet
  facet normal 0.471386 -0.881927 0
    outer loop
      vertex 39.8213 -49.0791 1.35297
      vertex 40.0793 -48.9412 11.1375
      vertex 39.8213 -49.0791 11.1375
    endloop
  endfacet
  facet normal 0.471386 -0.881927 0
    outer loop
      vertex 40.0793 -48.9412 11.1375
      vertex 39.8213 -49.0791 1.35297
      vertex 40.0793 -48.9412 1.35297
    endloop
  endfacet
  facet normal -0.392553 -0.734392 -0.553689
    outer loop
      vertex -39.7562 -48.9222 0.792905
      vertex -39.985 -48.7999 0.792905
      vertex -39.8942 -48.6641 0.54841
    endloop
  endfacet
  facet normal -0.435817 -0.815331 -0.381181
    outer loop
      vertex -39.7562 -48.9222 0.792905
      vertex -40.0475 -48.8935 1.06457
      vertex -39.985 -48.7999 0.792905
    endloop
  endfacet
  facet normal -0.241478 -0.796988 -0.553622
    outer loop
      vertex -39.4762 -48.8372 0.54841
      vertex -39.7562 -48.9222 0.792905
      vertex -39.6937 -48.7713 0.54841
    endloop
  endfacet
  facet normal -0.392649 -0.734386 -0.553628
    outer loop
      vertex -39.7562 -48.9222 0.792905
      vertex -39.8942 -48.6641 0.54841
      vertex -39.6937 -48.7713 0.54841
    endloop
  endfacet
  facet normal -0.268534 -0.884772 -0.380878
    outer loop
      vertex -39.53 -49.1078 1.06457
      vertex -39.7562 -48.9222 0.792905
      vertex -39.5081 -48.9975 0.792905
    endloop
  endfacet
  facet normal -0.241804 -0.7967 -0.553895
    outer loop
      vertex -39.5081 -48.9975 0.792905
      vertex -39.7562 -48.9222 0.792905
      vertex -39.4762 -48.8372 0.54841
    endloop
  endfacet
  facet normal -0.462407 -0.865126 -0.19426
    outer loop
      vertex -39.8213 -49.0791 1.35297
      vertex -40.0793 -48.9412 1.35297
      vertex -39.7993 -49.0261 1.06457
    endloop
  endfacet
  facet normal -0.462256 -0.865248 -0.194078
    outer loop
      vertex -39.7993 -49.0261 1.06457
      vertex -40.0793 -48.9412 1.35297
      vertex -40.0475 -48.8935 1.06457
    endloop
  endfacet
  facet normal -0.056923 0.187525 -0.980609
    outer loop
      vertex -39.3063 47.8358 0.00722237
      vertex -39.4166 48.1023 0.0645887
      vertex -39.3349 48.1271 0.0645887
    endloop
  endfacet
  facet normal -0.0925182 0.172791 -0.980604
    outer loop
      vertex -39.3317 47.8222 0.00722237
      vertex -39.4166 48.1023 0.0645887
      vertex -39.3063 47.8358 0.00722237
    endloop
  endfacet
  facet normal -0.241853 0.796862 -0.55364
    outer loop
      vertex -39.6937 48.7713 0.54841
      vertex -39.7562 48.9222 0.792905
      vertex -39.5081 48.9975 0.792905
    endloop
  endfacet
  facet normal -0.435672 0.815489 -0.381009
    outer loop
      vertex -39.7562 48.9222 0.792905
      vertex -40.0475 48.8935 1.06457
      vertex -39.7993 49.0261 1.06457
    endloop
  endfacet
  facet normal -0.262901 0.491446 -0.830279
    outer loop
      vertex -39.6428 48.2879 0.177118
      vertex -39.7787 48.4912 0.340484
      vertex -39.6142 48.5792 0.340484
    endloop
  endfacet
  facet normal -0.528301 0.643707 -0.553659
    outer loop
      vertex -40.0699 48.5199 0.54841
      vertex -40.1854 48.6354 0.792905
      vertex -39.8942 48.6641 0.54841
    endloop
  endfacet
  facet normal -0.241422 0.796803 -0.553913
    outer loop
      vertex -39.4762 48.8372 0.54841
      vertex -39.6937 48.7713 0.54841
      vertex -39.5081 48.9975 0.792905
    endloop
  endfacet
  facet normal -0.0816846 0.828568 -0.553898
    outer loop
      vertex -39.4762 48.8372 0.54841
      vertex -39.5081 48.9975 0.792905
      vertex -39.25 48.8595 0.54841
    endloop
  endfacet
  facet normal -0.392649 0.734386 -0.553628
    outer loop
      vertex -39.6937 48.7713 0.54841
      vertex -39.8942 48.6641 0.54841
      vertex -39.7562 48.9222 0.792905
    endloop
  endfacet
  facet normal -0.392553 0.734392 -0.553689
    outer loop
      vertex -39.8942 48.6641 0.54841
      vertex -39.985 48.7999 0.792905
      vertex -39.7562 48.9222 0.792905
    endloop
  endfacet
  facet normal -0.334337 0.624981 -0.70542
    outer loop
      vertex -39.7787 48.4912 0.340484
      vertex -39.8942 48.6641 0.54841
      vertex -39.6142 48.5792 0.340484
    endloop
  endfacet
  facet normal -0.161607 0.533463 -0.830241
    outer loop
      vertex -39.3879 48.3935 0.177118
      vertex -39.5206 48.3533 0.177118
      vertex -39.4356 48.6333 0.340484
    endloop
  endfacet
  facet normal -0.33878 0.181313 -0.92323
    outer loop
      vertex -39.6523 47.8666 0.0645887
      vertex -39.8379 48.0928 0.177118
      vertex -39.612 47.9419 0.0645887
    endloop
  endfacet
  facet normal -0.297175 0.243594 -0.923228
    outer loop
      vertex -39.612 47.9419 0.0645887
      vertex -39.8379 48.0928 0.177118
      vertex -39.5579 48.0079 0.0645887
    endloop
  endfacet
  facet normal 0.634149 0.773211 -0
    outer loop
      vertex 40.3056 48.7556 1.35297
      vertex 40.0793 48.9412 11.1375
      vertex 40.3056 48.7556 11.1375
    endloop
  endfacet
  facet normal 0.634149 0.773211 0
    outer loop
      vertex 40.0793 48.9412 11.1375
      vertex 40.3056 48.7556 1.35297
      vertex 40.0793 48.9412 1.35297
    endloop
  endfacet
  facet normal 0.923912 0 -0.382604
    outer loop
      vertex 40.6854 -47.7 1.06457
      vertex 40.5729 47.7 0.792905
      vertex 40.6854 47.7 1.06457
    endloop
  endfacet
  facet normal 0.923912 0 -0.382604
    outer loop
      vertex 40.5729 47.7 0.792905
      vertex 40.6854 -47.7 1.06457
      vertex 40.5729 -47.7 0.792905
    endloop
  endfacet
  facet normal 0.643638 0.528335 -0.553708
    outer loop
      vertex 40.2141 48.3442 0.54841
      vertex 40.1854 48.6354 0.792905
      vertex 40.3499 48.435 0.792905
    endloop
  endfacet
  facet normal 0.865248 0.462256 -0.194078
    outer loop
      vertex 40.5761 48.2493 1.06457
      vertex 40.4435 48.4975 1.06457
      vertex 40.4912 48.5293 1.35297
    endloop
  endfacet
  facet normal 0.815429 0.43564 -0.381174
    outer loop
      vertex 40.5761 48.2493 1.06457
      vertex 40.3499 48.435 0.792905
      vertex 40.4435 48.4975 1.06457
    endloop
  endfacet
  facet normal 0.815396 0.435852 -0.381002
    outer loop
      vertex 40.4722 48.2062 0.792905
      vertex 40.3499 48.435 0.792905
      vertex 40.5761 48.2493 1.06457
    endloop
  endfacet
  facet normal 0.881927 0.471386 0
    outer loop
      vertex 40.6291 48.2713 11.1375
      vertex 40.4912 48.5293 1.35297
      vertex 40.4912 48.5293 11.1375
    endloop
  endfacet
  facet normal 0.881927 0.471386 0
    outer loop
      vertex 40.4912 48.5293 1.35297
      vertex 40.6291 48.2713 11.1375
      vertex 40.6291 48.2713 1.35297
    endloop
  endfacet
  facet normal 0.643707 0.528301 -0.553659
    outer loop
      vertex 40.2141 48.3442 0.54841
      vertex 40.0699 48.5199 0.54841
      vertex 40.1854 48.6354 0.792905
    endloop
  endfacet
  facet normal 0.449717 0.547956 -0.705337
    outer loop
      vertex 39.9229 48.3729 0.340484
      vertex 39.8942 48.6641 0.54841
      vertex 40.0699 48.5199 0.54841
    endloop
  endfacet
  facet normal 0.49144 0.263013 -0.830248
    outer loop
      vertex 39.9033 47.9706 0.177118
      vertex 39.8379 48.0928 0.177118
      vertex 40.1292 48.0642 0.340484
    endloop
  endfacet
  facet normal 0.734386 0.392649 -0.553628
    outer loop
      vertex 40.3213 48.1437 0.54841
      vertex 40.2141 48.3442 0.54841
      vertex 40.4722 48.2062 0.792905
    endloop
  endfacet
  facet normal 0.462423 0.865157 -0.194081
    outer loop
      vertex 40.0475 48.8935 1.06457
      vertex 39.8213 49.0791 1.35297
      vertex 40.0793 48.9412 1.35297
    endloop
  endfacet
  facet normal 0.471386 0.881927 -0
    outer loop
      vertex 40.0793 48.9412 1.35297
      vertex 39.8213 49.0791 11.1375
      vertex 40.0793 48.9412 11.1375
    endloop
  endfacet
  facet normal 0.471386 0.881927 0
    outer loop
      vertex 39.8213 49.0791 11.1375
      vertex 40.0793 48.9412 1.35297
      vertex 39.8213 49.0791 1.35297
    endloop
  endfacet
  facet normal 0.758468 0.622058 -0.194346
    outer loop
      vertex 40.4912 48.5293 1.35297
      vertex 40.265 48.715 1.06457
      vertex 40.3056 48.7556 1.35297
    endloop
  endfacet
  facet normal 0.758314 0.62234 -0.194043
    outer loop
      vertex 40.4435 48.4975 1.06457
      vertex 40.265 48.715 1.06457
      vertex 40.4912 48.5293 1.35297
    endloop
  endfacet
  facet normal 0.462238 0.865215 -0.194264
    outer loop
      vertex 40.0475 48.8935 1.06457
      vertex 39.7993 49.0261 1.06457
      vertex 39.8213 49.0791 1.35297
    endloop
  endfacet
  facet normal 0.435672 0.815489 -0.381009
    outer loop
      vertex 40.0475 48.8935 1.06457
      vertex 39.7562 48.9222 0.792905
      vertex 39.7993 49.0261 1.06457
    endloop
  endfacet
  facet normal 0.290387 0.956909 -0
    outer loop
      vertex 39.8213 49.0791 1.35297
      vertex 39.5412 49.1641 11.1375
      vertex 39.8213 49.0791 11.1375
    endloop
  endfacet
  facet normal 0.290387 0.956909 0
    outer loop
      vertex 39.5412 49.1641 11.1375
      vertex 39.8213 49.0791 1.35297
      vertex 39.5412 49.1641 1.35297
    endloop
  endfacet
  facet normal 0.431031 0.353429 -0.830241
    outer loop
      vertex 39.8379 48.0928 0.177118
      vertex 39.75 48.2 0.177118
      vertex 39.9229 48.3729 0.340484
    endloop
  endfacet
  facet normal 0.243654 0.297153 -0.923219
    outer loop
      vertex 39.75 48.2 0.177118
      vertex 39.5579 48.0079 0.0645887
      vertex 39.6428 48.2879 0.177118
    endloop
  endfacet
  facet normal 0.111421 0.367801 -0.923205
    outer loop
      vertex 39.5206 48.3533 0.177118
      vertex 39.3349 48.1271 0.0645887
      vertex 39.3879 48.3935 0.177118
    endloop
  endfacet
  facet normal 0.0377193 0.382463 -0.923201
    outer loop
      vertex 39.3349 48.1271 0.0645887
      vertex 39.25 48.4071 0.177118
      vertex 39.3879 48.3935 0.177118
    endloop
  endfacet
  facet normal 0.172802 0.0924825 -0.980605
    outer loop
      vertex 39.6523 47.8666 0.0645887
      vertex 39.3722 47.7817 0.00722237
      vertex 39.612 47.9419 0.0645887
    endloop
  endfacet
  facet normal 0.15158 0.12425 -0.980605
    outer loop
      vertex 39.612 47.9419 0.0645887
      vertex 39.3722 47.7817 0.00722237
      vertex 39.5579 48.0079 0.0645887
    endloop
  endfacet
  facet normal -0.533466 0.161593 -0.830242
    outer loop
      vertex -39.9435 47.8379 0.177118
      vertex -40.1833 47.8856 0.340484
      vertex -40.1292 48.0642 0.340484
    endloop
  endfacet
  facet normal -0.554725 0.0546954 -0.830234
    outer loop
      vertex -39.9435 47.8379 0.177118
      vertex -40.2016 47.7 0.340484
      vertex -40.1833 47.8856 0.340484
    endloop
  endfacet
  facet normal 0.622302 -0.758267 -0.194352
    outer loop
      vertex 40.3056 -48.7556 1.35297
      vertex 40.0475 -48.8935 1.06457
      vertex 40.265 -48.715 1.06457
    endloop
  endfacet
  facet normal 0.586487 -0.714627 -0.381237
    outer loop
      vertex 40.265 -48.715 1.06457
      vertex 40.0475 -48.8935 1.06457
      vertex 40.1854 -48.6354 0.792905
    endloop
  endfacet
  facet normal 0.181313 -0.33878 -0.92323
    outer loop
      vertex 39.6428 -48.2879 0.177118
      vertex 39.4166 -48.1023 0.0645887
      vertex 39.4919 -48.062 0.0645887
    endloop
  endfacet
  facet normal 0.181312 -0.338781 -0.92323
    outer loop
      vertex 39.5206 -48.3533 0.177118
      vertex 39.4166 -48.1023 0.0645887
      vertex 39.6428 -48.2879 0.177118
    endloop
  endfacet
  facet normal -0.284784 0.938707 -0.194233
    outer loop
      vertex -39.7993 49.0261 1.06457
      vertex -39.8213 49.0791 1.35297
      vertex -39.53 49.1078 1.06457
    endloop
  endfacet
  facet normal -0.26843 0.884802 -0.380882
    outer loop
      vertex -39.5081 48.9975 0.792905
      vertex -39.7993 49.0261 1.06457
      vertex -39.53 49.1078 1.06457
    endloop
  endfacet
  facet normal -0.734386 0.392649 -0.553628
    outer loop
      vertex -40.3213 48.1437 0.54841
      vertex -40.4722 48.2062 0.792905
      vertex -40.2141 48.3442 0.54841
    endloop
  endfacet
  facet normal -0.734392 0.392553 -0.553689
    outer loop
      vertex -40.2141 48.3442 0.54841
      vertex -40.4722 48.2062 0.792905
      vertex -40.3499 48.435 0.792905
    endloop
  endfacet
  facet normal -0.334233 0.625127 -0.70534
    outer loop
      vertex -39.6142 48.5792 0.340484
      vertex -39.8942 48.6641 0.54841
      vertex -39.6937 48.7713 0.54841
    endloop
  endfacet
  facet normal -0.2055 0.678416 -0.705352
    outer loop
      vertex -39.6142 48.5792 0.340484
      vertex -39.6937 48.7713 0.54841
      vertex -39.4356 48.6333 0.340484
    endloop
  endfacet
  facet normal -0.181311 0.338781 -0.92323
    outer loop
      vertex -39.4919 48.062 0.0645887
      vertex -39.6428 48.2879 0.177118
      vertex -39.5206 48.3533 0.177118
    endloop
  endfacet
  facet normal -0.243594 0.297175 -0.923228
    outer loop
      vertex -39.5579 48.0079 0.0645887
      vertex -39.6428 48.2879 0.177118
      vertex -39.4919 48.062 0.0645887
    endloop
  endfacet
  facet normal 0.353429 0.431031 -0.830241
    outer loop
      vertex 39.75 48.2 0.177118
      vertex 39.6428 48.2879 0.177118
      vertex 39.9229 48.3729 0.340484
    endloop
  endfacet
  facet normal 0.353497 0.43089 -0.830285
    outer loop
      vertex 39.9229 48.3729 0.340484
      vertex 39.6428 48.2879 0.177118
      vertex 39.7787 48.4912 0.340484
    endloop
  endfacet
  facet normal 0.67839 0.205492 -0.705379
    outer loop
      vertex 40.1833 47.8856 0.340484
      vertex 40.1292 48.0642 0.340484
      vertex 40.3872 47.9262 0.54841
    endloop
  endfacet
  facet normal 0.533466 0.161593 -0.830242
    outer loop
      vertex 40.1833 47.8856 0.340484
      vertex 39.9435 47.8379 0.177118
      vertex 40.1292 48.0642 0.340484
    endloop
  endfacet
  facet normal -0.353429 0.431031 -0.830241
    outer loop
      vertex -39.75 48.2 0.177118
      vertex -39.9229 48.3729 0.340484
      vertex -39.6428 48.2879 0.177118
    endloop
  endfacet
  facet normal -0.643707 0.528301 -0.553659
    outer loop
      vertex -40.0699 48.5199 0.54841
      vertex -40.2141 48.3442 0.54841
      vertex -40.1854 48.6354 0.792905
    endloop
  endfacet
  facet normal -0.54799 0.449565 -0.705406
    outer loop
      vertex -40.0412 48.2287 0.340484
      vertex -40.2141 48.3442 0.54841
      vertex -39.9229 48.3729 0.340484
    endloop
  endfacet
  facet normal -0.43089 0.353497 -0.830285
    outer loop
      vertex -39.8379 48.0928 0.177118
      vertex -40.0412 48.2287 0.340484
      vertex -39.9229 48.3729 0.340484
    endloop
  endfacet
  facet normal 0.43089 0.353497 -0.830285
    outer loop
      vertex 40.0412 48.2287 0.340484
      vertex 39.8379 48.0928 0.177118
      vertex 39.9229 48.3729 0.340484
    endloop
  endfacet
  facet normal 0.54799 0.449565 -0.705406
    outer loop
      vertex 40.0412 48.2287 0.340484
      vertex 39.9229 48.3729 0.340484
      vertex 40.2141 48.3442 0.54841
    endloop
  endfacet
  facet normal -0.547956 0.449717 -0.705337
    outer loop
      vertex -39.9229 48.3729 0.340484
      vertex -40.2141 48.3442 0.54841
      vertex -40.0699 48.5199 0.54841
    endloop
  endfacet
  facet normal -0.449717 0.547956 -0.705337
    outer loop
      vertex -39.9229 48.3729 0.340484
      vertex -40.0699 48.5199 0.54841
      vertex -39.8942 48.6641 0.54841
    endloop
  endfacet
  facet normal -0.491446 0.262901 -0.830279
    outer loop
      vertex -39.8379 48.0928 0.177118
      vertex -40.1292 48.0642 0.340484
      vertex -40.0412 48.2287 0.340484
    endloop
  endfacet
  facet normal -0.624981 0.334337 -0.70542
    outer loop
      vertex -40.1292 48.0642 0.340484
      vertex -40.2141 48.3442 0.54841
      vertex -40.0412 48.2287 0.340484
    endloop
  endfacet
  facet normal 0.0813129 -0.828512 0.554036
    outer loop
      vertex -37.85 45.5865 2.1828
      vertex -37.85 45.641 2.2643
      vertex -37.9254 45.5791 2.1828
    endloop
  endfacet
  facet normal 1 0 0
    outer loop
      vertex -38.3476 -4.2 11.1375
      vertex -38.3476 -23.5 10.2
      vertex -38.3476 -4.2 2.45099
    endloop
  endfacet
  facet normal 1 -0 0
    outer loop
      vertex -38.3476 -35.2 11.1375
      vertex -38.3476 -23.5 10.2
      vertex -38.3476 -4.2 11.1375
    endloop
  endfacet
  facet normal 1 0 0
    outer loop
      vertex -38.3476 -23.5 10.2
      vertex -38.3476 -35.2 11.1375
      vertex -38.3476 -26.5 10.2
    endloop
  endfacet
  facet normal 1 0 0
    outer loop
      vertex -38.3476 -35.2 2.45099
      vertex -38.3476 -26.5 10.2
      vertex -38.3476 -35.2 11.1375
    endloop
  endfacet
  facet normal 1 0 0
    outer loop
      vertex -38.3476 -26.5 10.2
      vertex -38.3476 -35.2 2.45099
      vertex -38.3476 -26.5 2.45099
    endloop
  endfacet
  facet normal 1 0 0
    outer loop
      vertex -38.3476 45.2 11.1375
      vertex -38.3476 44.9001 8.6375
      vertex -38.3476 45.2 8.6375
    endloop
  endfacet
  facet normal 1 0 0
    outer loop
      vertex -38.3476 44.9001 8.6375
      vertex -38.3476 39.4999 8.6375
      vertex -38.3476 44.9001 2.45099
    endloop
  endfacet
  facet normal 1 0 0
    outer loop
      vertex -38.3476 45.2 11.1375
      vertex -38.3476 39.4999 8.6375
      vertex -38.3476 44.9001 8.6375
    endloop
  endfacet
  facet normal 1 0 0
    outer loop
      vertex -38.3476 45.2 11.1375
      vertex -38.3476 37.5418 8.6375
      vertex -38.3476 39.4999 8.6375
    endloop
  endfacet
  facet normal 1 0 0
    outer loop
      vertex -38.3476 37.5418 8.6375
      vertex -38.3476 7.85819 8.6375
      vertex -38.3476 37.5418 2.45099
    endloop
  endfacet
  facet normal 1 0 0
    outer loop
      vertex -38.3476 45.2 11.1375
      vertex -38.3476 7.85819 8.6375
      vertex -38.3476 37.5418 8.6375
    endloop
  endfacet
  facet normal 1 -0 0
    outer loop
      vertex -38.3476 -0.400001 11.1375
      vertex -38.3476 7.85819 8.6375
      vertex -38.3476 45.2 11.1375
    endloop
  endfacet
  facet normal 1 0 0
    outer loop
      vertex -38.3476 5.9001 8.6375
      vertex -38.3476 0.4999 8.6375
      vertex -38.3476 5.9001 2.45099
    endloop
  endfacet
  facet normal 1 0 0
    outer loop
      vertex -38.3476 7.85819 8.6375
      vertex -38.3476 -0.400001 11.1375
      vertex -38.3476 5.9001 8.6375
    endloop
  endfacet
  facet normal 1 0 0
    outer loop
      vertex -38.3476 5.9001 8.6375
      vertex -38.3476 -0.400001 11.1375
      vertex -38.3476 0.4999 8.6375
    endloop
  endfacet
  facet normal 1 0 0
    outer loop
      vertex -38.3476 0.4999 8.6375
      vertex -38.3476 -0.400001 11.1375
      vertex -38.3476 -0.400001 8.6375
    endloop
  endfacet
  facet normal 1 0 0
    outer loop
      vertex -38.3476 44.9001 2.45099
      vertex -38.3476 39.4999 8.6375
      vertex -38.3476 39.4999 2.45099
    endloop
  endfacet
  facet normal 1 0 0
    outer loop
      vertex -38.3476 37.5418 2.45099
      vertex -38.3476 7.85819 8.6375
      vertex -38.3476 7.85819 2.45099
    endloop
  endfacet
  facet normal 1 0 0
    outer loop
      vertex -38.3476 5.9001 2.45099
      vertex -38.3476 0.4999 8.6375
      vertex -38.3476 0.4999 2.45099
    endloop
  endfacet
  facet normal 1 0 0
    outer loop
      vertex -38.3476 -4.2 2.45099
      vertex -38.3476 -23.5 10.2
      vertex -38.3476 -23.5 2.45099
    endloop
  endfacet
  facet normal 0 0 0
    outer loop
      vertex -38.3476 -35.2 11.1375
      vertex -38.3476 -4.2 11.1375
      vertex -38.3476 -0.400001 11.1375
    endloop
  endfacet
  facet normal 0 0 -0
    outer loop
      vertex -38.3476 -0.400001 11.1375
      vertex -38.3476 45.2 11.1375
      vertex -38.3476 -44.2 11.1375
    endloop
  endfacet
  facet normal 0 0 0
    outer loop
      vertex -38.3476 -44.2 11.1375
      vertex -38.3476 -35.2 11.1375
      vertex -38.3476 -0.400001 11.1375
    endloop
  endfacet
  facet normal 0.171639 -0.0939928 0.980666
    outer loop
      vertex -37.8953 45.2188 2.00241
      vertex -37.8907 45.2272 2.00241
      vertex -37.9707 45.2806 2.02153
    endloop
  endfacet
  facet normal 0.0983875 -0.995148 0
    outer loop
      vertex -37.9471 45.688 8.6375
      vertex -37.85 45.6976 11.1375
      vertex -37.9471 45.688 11.1375
    endloop
  endfacet
  facet normal 0.0983875 -0.995148 0
    outer loop
      vertex -37.85 45.6976 11.1375
      vertex -37.9471 45.688 8.6375
      vertex -37.85 45.6976 8.6375
    endloop
  endfacet
  facet normal -0.0692362 -0.705461 0.705359
    outer loop
      vertex 37.9254 45.5791 2.1828
      vertex 37.85 45.5865 2.1828
      vertex 37.85 45.5172 2.11349
    endloop
  endfacet
  facet normal 0.0928598 -0.92086 0.378675
    outer loop
      vertex -37.9071 45.6583 2.31974
      vertex -37.85 45.6785 2.35486
      vertex -37.8738 45.6761 2.35486
    endloop
  endfacet
  facet normal 0.0911558 -0.920073 0.380993
    outer loop
      vertex -37.85 45.6785 2.35486
      vertex -37.9071 45.6583 2.31974
      vertex -37.85 45.641 2.2643
    endloop
  endfacet
  facet normal 0.0984465 -0.976261 0.19293
    outer loop
      vertex -37.85 45.6785 2.35486
      vertex -37.85 45.6888 2.40698
      vertex -37.8738 45.6761 2.35486
    endloop
  endfacet
  facet normal 0 -1 0
    outer loop
      vertex 36.0264 45.6976 2.45099
      vertex 37.8336 45.6976 8.6375
      vertex 36.0264 45.6976 8.6375
    endloop
  endfacet
  facet normal 0 -1 -0
    outer loop
      vertex 37.8336 45.6976 8.6375
      vertex 36.0264 45.6976 2.45099
      vertex 37.8336 45.6976 2.45099
    endloop
  endfacet
  facet normal 0 -1 0
    outer loop
      vertex -34.4291 45.6976 2.45099
      vertex 34.4291 45.6976 8.6375
      vertex -34.4291 45.6976 8.6375
    endloop
  endfacet
  facet normal 0 -1 -0
    outer loop
      vertex 34.4291 45.6976 8.6375
      vertex -34.4291 45.6976 2.45099
      vertex 34.4291 45.6976 2.45099
    endloop
  endfacet
  facet normal 0 -1 0
    outer loop
      vertex -37.8336 45.6976 2.45099
      vertex -36.0264 45.6976 8.6375
      vertex -37.8336 45.6976 8.6375
    endloop
  endfacet
  facet normal 0 -1 -0
    outer loop
      vertex -36.0264 45.6976 8.6375
      vertex -37.8336 45.6976 2.45099
      vertex -36.0264 45.6976 2.45099
    endloop
  endfacet
  facet normal 0 -1 0
    outer loop
      vertex -37.8336 45.6976 8.6375
      vertex -37.85 45.6976 11.1375
      vertex -37.85 45.6976 8.6375
    endloop
  endfacet
  facet normal 0 -1 0
    outer loop
      vertex -36.0264 45.6976 8.6375
      vertex -37.85 45.6976 11.1375
      vertex -37.8336 45.6976 8.6375
    endloop
  endfacet
  facet normal 0 -1 0
    outer loop
      vertex -34.4291 45.6976 8.6375
      vertex -37.85 45.6976 11.1375
      vertex -36.0264 45.6976 8.6375
    endloop
  endfacet
  facet normal 0 -1 0
    outer loop
      vertex -37.85 45.6976 11.1375
      vertex -34.4291 45.6976 8.6375
      vertex 37.85 45.6976 11.1375
    endloop
  endfacet
  facet normal 0 -1 0
    outer loop
      vertex 34.4291 45.6976 8.6375
      vertex 37.85 45.6976 11.1375
      vertex -34.4291 45.6976 8.6375
    endloop
  endfacet
  facet normal 0 -1 0
    outer loop
      vertex 36.0264 45.6976 8.6375
      vertex 37.85 45.6976 11.1375
      vertex 34.4291 45.6976 8.6375
    endloop
  endfacet
  facet normal 0 -1 0
    outer loop
      vertex 37.8336 45.6976 8.6375
      vertex 37.85 45.6976 11.1375
      vertex 36.0264 45.6976 8.6375
    endloop
  endfacet
  facet normal 0 -1 -0
    outer loop
      vertex 37.85 45.6976 11.1375
      vertex 37.8336 45.6976 8.6375
      vertex 37.85 45.6976 8.6375
    endloop
  endfacet
  facet normal 0.290264 -0.956947 0
    outer loop
      vertex -38.0404 45.6597 8.6375
      vertex -37.9471 45.688 11.1375
      vertex -38.0404 45.6597 11.1375
    endloop
  endfacet
  facet normal 0.290264 -0.956947 0
    outer loop
      vertex -37.9471 45.688 11.1375
      vertex -38.0404 45.6597 8.6375
      vertex -37.9471 45.688 8.6375
    endloop
  endfacet
  facet normal -0.0572128 -0.187492 0.980598
    outer loop
      vertex 37.9055 45.3341 2.02153
      vertex 37.8783 45.3424 2.02153
      vertex 37.8688 45.2453 2.00241
    endloop
  endfacet
  facet normal -0.555524 0 0.831501
    outer loop
      vertex 38.0857 45.2 2.05904
      vertex 38.1672 38.996 2.11349
      vertex 38.1672 45.2 2.11349
    endloop
  endfacet
  facet normal -0.555524 0 0.831501
    outer loop
      vertex 38.1672 38.996 2.11349
      vertex 38.0857 45.2 2.05904
      vertex 38.0857 38.8967 2.05904
    endloop
  endfacet
  facet normal -0.555524 0 0.831501
    outer loop
      vertex 38.0857 -4.2 2.05904
      vertex 38.1672 -23.5 2.11349
      vertex 38.1672 -4.2 2.11349
    endloop
  endfacet
  facet normal -0.555524 0 0.831501
    outer loop
      vertex 38.1672 -23.5 2.11349
      vertex 38.0857 -4.2 2.05904
      vertex 38.0857 -23.5 2.05904
    endloop
  endfacet
  facet normal -0.555524 0 0.831501
    outer loop
      vertex 38.0857 -26.5 2.05904
      vertex 38.1672 -35.2 2.11349
      vertex 38.1672 -26.5 2.11349
    endloop
  endfacet
  facet normal -0.555524 0 0.831501
    outer loop
      vertex 38.1672 -35.2 2.11349
      vertex 38.0857 -26.5 2.05904
      vertex 38.0857 -35.2 2.05904
    endloop
  endfacet
  facet normal -0.555524 0 0.831501
    outer loop
      vertex 38.0857 6.50333 2.05904
      vertex 38.1672 -0.00402505 2.11349
      vertex 38.1672 6.40403 2.11349
    endloop
  endfacet
  facet normal -0.555524 0 0.831501
    outer loop
      vertex 38.1672 -0.00402505 2.11349
      vertex 38.0857 6.50333 2.05904
      vertex 38.0857 -0.103333 2.05904
    endloop
  endfacet
  facet normal -0.555524 0 0.831501
    outer loop
      vertex 38.0857 37.4561 2.05904
      vertex 38.1672 7.91921 2.11349
      vertex 38.1672 37.4808 2.11349
    endloop
  endfacet
  facet normal -0.555524 0 0.831501
    outer loop
      vertex 38.1672 7.91921 2.11349
      vertex 38.0857 37.4561 2.05904
      vertex 38.0857 7.94393 2.05904
    endloop
  endfacet
  facet normal -0.241789 -0.796804 0.553752
    outer loop
      vertex 37.9979 45.5571 2.1828
      vertex 37.9834 45.5967 2.23345
      vertex 37.9254 45.5791 2.1828
    endloop
  endfacet
  facet normal -0.244269 -0.796634 0.552908
    outer loop
      vertex 37.9834 45.5967 2.23345
      vertex 37.9979 45.5571 2.1828
      vertex 38.0065 45.5777 2.21628
    endloop
  endfacet
  facet normal -0.367315 -0.112085 0.923318
    outer loop
      vertex 37.9924 45.2283 2.02153
      vertex 38.0678 45.2902 2.05904
      vertex 37.9841 45.2555 2.02153
    endloop
  endfacet
  facet normal -0.0813129 -0.828512 0.554036
    outer loop
      vertex 37.9254 45.5791 2.1828
      vertex 37.85 45.641 2.2643
      vertex 37.85 45.5865 2.1828
    endloop
  endfacet
  facet normal 0.15279 -0.122232 0.98067
    outer loop
      vertex -37.8907 45.2272 2.00241
      vertex -37.8847 45.2347 2.00241
      vertex -37.9707 45.2806 2.02153
    endloop
  endfacet
  facet normal 0.151487 -0.124632 0.98057
    outer loop
      vertex -37.8847 45.2347 2.00241
      vertex -37.9526 45.3026 2.02153
      vertex -37.9707 45.2806 2.02153
    endloop
  endfacet
  facet normal -0.622761 -0.337783 0.705742
    outer loop
      vertex 38.1137 45.3762 2.11349
      vertex 38.1679 45.4032 2.17424
      vertex 38.163 45.4091 2.17274
    endloop
  endfacet
  facet normal -0.624252 -0.334909 0.705794
    outer loop
      vertex 38.1679 45.4032 2.17424
      vertex 38.1137 45.3762 2.11349
      vertex 38.1431 45.3214 2.11349
    endloop
  endfacet
  facet normal 0.367753 -0.111491 0.923216
    outer loop
      vertex -37.9924 45.2283 2.02153
      vertex -38.0678 45.2902 2.05904
      vertex -38.0812 45.246 2.05904
    endloop
  endfacet
  facet normal 0.0942793 -0.172162 0.980547
    outer loop
      vertex -37.8772 45.2407 2.00241
      vertex -37.8688 45.2453 2.00241
      vertex -37.9055 45.3341 2.02153
    endloop
  endfacet
  facet normal 0 -0.555524 0.831501
    outer loop
      vertex -37.85 45.4357 2.05904
      vertex -35.7857 45.5172 2.11349
      vertex -37.85 45.5172 2.11349
    endloop
  endfacet
  facet normal 0 -0.555524 0.831501
    outer loop
      vertex -35.7857 45.5172 2.11349
      vertex -37.85 45.4357 2.05904
      vertex -35.7188 45.4357 2.05904
    endloop
  endfacet
  facet normal 0 -0.555524 0.831501
    outer loop
      vertex 35.7857 45.5172 2.11349
      vertex 37.85 45.4357 2.05904
      vertex 37.85 45.5172 2.11349
    endloop
  endfacet
  facet normal 0 -0.555524 0.831501
    outer loop
      vertex 37.85 45.4357 2.05904
      vertex 35.7857 45.5172 2.11349
      vertex 35.7188 45.4357 2.05904
    endloop
  endfacet
  facet normal 0 -0.555524 0.831501
    outer loop
      vertex 34.3744 45.5172 2.11349
      vertex -34.3497 45.4357 2.05904
      vertex 34.3497 45.4357 2.05904
    endloop
  endfacet
  facet normal 0 -0.555524 0.831501
    outer loop
      vertex -34.3497 45.4357 2.05904
      vertex 34.3744 45.5172 2.11349
      vertex -34.3744 45.5172 2.11349
    endloop
  endfacet
  facet normal -0.0865693 -0.922188 0.376929
    outer loop
      vertex 37.85 45.641 2.2643
      vertex 37.9106 45.6565 2.31614
      vertex 37.9071 45.6583 2.31974
    endloop
  endfacet
  facet normal -0.0914066 -0.919698 0.381839
    outer loop
      vertex 37.9106 45.6565 2.31614
      vertex 37.85 45.641 2.2643
      vertex 37.9366 45.6351 2.27082
    endloop
  endfacet
  facet normal -0.0911368 -0.92209 0.376091
    outer loop
      vertex 37.9366 45.6351 2.27082
      vertex 37.85 45.641 2.2643
      vertex 37.936 45.6325 2.2643
    endloop
  endfacet
  facet normal -0.382529 0 0.923944
    outer loop
      vertex 37.9951 45.2 2.02153
      vertex 38.0857 38.8967 2.05904
      vertex 38.0857 45.2 2.05904
    endloop
  endfacet
  facet normal -0.382529 0 0.923944
    outer loop
      vertex 37.9951 38.813 2.02153
      vertex 38.0857 38.8967 2.05904
      vertex 37.9951 45.2 2.02153
    endloop
  endfacet
  facet normal -0.381572 -0.00121309 0.924338
    outer loop
      vertex 38.0857 38.8967 2.05904
      vertex 37.9951 38.813 2.02153
      vertex 38.0621 38.8679 2.04926
    endloop
  endfacet
  facet normal -0.382529 0 0.923944
    outer loop
      vertex 37.9951 -4.2 2.02153
      vertex 38.0857 -23.5 2.05904
      vertex 38.0857 -4.2 2.05904
    endloop
  endfacet
  facet normal -0.382529 0 0.923944
    outer loop
      vertex 38.0857 -23.5 2.05904
      vertex 37.9951 -4.2 2.02153
      vertex 37.9951 -23.5 2.02153
    endloop
  endfacet
  facet normal -0.382529 0 0.923944
    outer loop
      vertex 37.9951 -26.5 2.02153
      vertex 38.0857 -35.2 2.05904
      vertex 38.0857 -26.5 2.05904
    endloop
  endfacet
  facet normal -0.382529 0 0.923944
    outer loop
      vertex 38.0857 -35.2 2.05904
      vertex 37.9951 -26.5 2.02153
      vertex 37.9951 -35.2 2.02153
    endloop
  endfacet
  facet normal -0.381565 0.00122098 0.924341
    outer loop
      vertex 37.9951 6.58705 2.02153
      vertex 38.0857 6.50333 2.05904
      vertex 38.0621 6.53209 2.04926
    endloop
  endfacet
  facet normal -0.382529 0 0.923944
    outer loop
      vertex 38.0857 6.50333 2.05904
      vertex 37.9951 6.58705 2.02153
      vertex 38.0857 -0.103333 2.05904
    endloop
  endfacet
  facet normal -0.382529 0 0.923944
    outer loop
      vertex 37.9951 -0.187046 2.02153
      vertex 38.0857 -0.103333 2.05904
      vertex 37.9951 6.58705 2.02153
    endloop
  endfacet
  facet normal -0.381565 -0.00122084 0.924341
    outer loop
      vertex 38.0857 -0.103333 2.05904
      vertex 37.9951 -0.187046 2.02153
      vertex 38.0621 -0.132092 2.04926
    endloop
  endfacet
  facet normal -0.382529 0 0.923944
    outer loop
      vertex 37.9951 37.4286 2.02153
      vertex 38.0857 7.94393 2.05904
      vertex 38.0857 37.4561 2.05904
    endloop
  endfacet
  facet normal -0.382529 0 0.923944
    outer loop
      vertex 38.0857 7.94393 2.05904
      vertex 37.9951 37.4286 2.02153
      vertex 37.9951 7.9714 2.02153
    endloop
  endfacet
  facet normal 0.112085 -0.367315 0.923318
    outer loop
      vertex -37.9055 45.3341 2.02153
      vertex -37.8783 45.3424 2.02153
      vertex -37.9402 45.4178 2.05904
    endloop
  endfacet
  facet normal 0.00408491 -0.380053 0.924956
    outer loop
      vertex -35.7188 45.4357 2.05904
      vertex -35.6546 45.3451 2.02153
      vertex -35.6735 45.3806 2.0362
    endloop
  endfacet
  facet normal 0 -0.382529 0.923944
    outer loop
      vertex -37.85 45.3451 2.02153
      vertex -35.7188 45.4357 2.05904
      vertex -37.85 45.4357 2.05904
    endloop
  endfacet
  facet normal 0 -0.382529 0.923944
    outer loop
      vertex -35.7188 45.4357 2.05904
      vertex -37.85 45.3451 2.02153
      vertex -35.6546 45.3451 2.02153
    endloop
  endfacet
  facet normal 0 -0.382529 0.923944
    outer loop
      vertex 35.7188 45.4357 2.05904
      vertex 37.85 45.3451 2.02153
      vertex 37.85 45.4357 2.05904
    endloop
  endfacet
  facet normal -0.00408491 -0.380053 0.924956
    outer loop
      vertex 35.6546 45.3451 2.02153
      vertex 35.7188 45.4357 2.05904
      vertex 35.6735 45.3806 2.0362
    endloop
  endfacet
  facet normal 0 -0.382529 0.923944
    outer loop
      vertex 35.7188 45.4357 2.05904
      vertex 35.6546 45.3451 2.02153
      vertex 37.85 45.3451 2.02153
    endloop
  endfacet
  facet normal 0 -0.382387 0.924002
    outer loop
      vertex 34.3434 45.4152 2.05054
      vertex -34.3365 45.3451 2.02153
      vertex 34.3365 45.3451 2.02153
    endloop
  endfacet
  facet normal 0 -0.383015 0.923742
    outer loop
      vertex -34.3434 45.4152 2.05054
      vertex 34.3434 45.4152 2.05054
      vertex 34.3497 45.4357 2.05904
    endloop
  endfacet
  facet normal 0 -0.382387 0.924002
    outer loop
      vertex 34.3434 45.4152 2.05054
      vertex -34.3434 45.4152 2.05054
      vertex -34.3365 45.3451 2.02153
    endloop
  endfacet
  facet normal 0 -0.383015 0.923742
    outer loop
      vertex -34.3434 45.4152 2.05054
      vertex 34.3497 45.4357 2.05904
      vertex -34.3497 45.4357 2.05904
    endloop
  endfacet
  facet normal 0.995148 -0.0983875 0
    outer loop
      vertex -38.3476 45.2 11.1375
      vertex -38.338 45.2971 8.6375
      vertex -38.338 45.2971 11.1375
    endloop
  endfacet
  facet normal 0.995148 -0.0983875 0
    outer loop
      vertex -38.338 45.2971 8.6375
      vertex -38.3476 45.2 11.1375
      vertex -38.3476 45.2 8.6375
    endloop
  endfacet
  facet normal 0.0182908 -0.195102 0.980612
    outer loop
      vertex -37.85 45.249 2.00241
      vertex -37.85 45.3451 2.02153
      vertex -37.8596 45.2481 2.00241
    endloop
  endfacet
  facet normal 0.0542647 -0.554705 0.830275
    outer loop
      vertex -37.85 45.4357 2.05904
      vertex -37.85 45.5172 2.11349
      vertex -37.896 45.4312 2.05904
    endloop
  endfacet
  facet normal 0 -0.831265 0.555877
    outer loop
      vertex 37.85 45.5865 2.1828
      vertex 35.9305 45.641 2.2643
      vertex 35.8642 45.5865 2.1828
    endloop
  endfacet
  facet normal 0 -0.831265 0.555877
    outer loop
      vertex 35.9305 45.641 2.2643
      vertex 37.85 45.5865 2.1828
      vertex 37.85 45.641 2.2643
    endloop
  endfacet
  facet normal 0 -0.831265 0.555877
    outer loop
      vertex -37.85 45.5865 2.1828
      vertex -35.9305 45.641 2.2643
      vertex -37.85 45.641 2.2643
    endloop
  endfacet
  facet normal 0 -0.831265 0.555877
    outer loop
      vertex -35.9305 45.641 2.2643
      vertex -37.85 45.5865 2.1828
      vertex -35.8642 45.5865 2.1828
    endloop
  endfacet
  facet normal 0 -0.831265 0.555877
    outer loop
      vertex -34.3954 45.5865 2.1828
      vertex 34.4119 45.641 2.2643
      vertex -34.4119 45.641 2.2643
    endloop
  endfacet
  facet normal 0 -0.831265 0.555877
    outer loop
      vertex 34.4119 45.641 2.2643
      vertex -34.3954 45.5865 2.1828
      vertex 34.3954 45.5865 2.1828
    endloop
  endfacet
  facet normal -0.290264 -0.956947 0
    outer loop
      vertex 37.9471 45.688 8.6375
      vertex 38.0404 45.6597 11.1375
      vertex 37.9471 45.688 11.1375
    endloop
  endfacet
  facet normal -0.290264 -0.956947 -0
    outer loop
      vertex 38.0404 45.6597 11.1375
      vertex 37.9471 45.688 8.6375
      vertex 38.0404 45.6597 8.6375
    endloop
  endfacet
  facet normal -0.0695038 -0.705293 0.7055
    outer loop
      vertex 37.9119 45.5111 2.11349
      vertex 37.9254 45.5791 2.1828
      vertex 37.85 45.5172 2.11349
    endloop
  endfacet
  facet normal -0.122713 -0.153391 0.980517
    outer loop
      vertex 37.8847 45.2347 2.00241
      vertex 37.9526 45.3026 2.02153
      vertex 37.8772 45.2407 2.00241
    endloop
  endfacet
  facet normal 0 -0.92392 0.382586
    outer loop
      vertex -37.85 45.641 2.2643
      vertex -35.9906 45.6785 2.35486
      vertex -37.85 45.6785 2.35486
    endloop
  endfacet
  facet normal 0 -0.92392 0.382586
    outer loop
      vertex -35.9305 45.641 2.2643
      vertex -35.9906 45.6785 2.35486
      vertex -37.85 45.641 2.2643
    endloop
  endfacet
  facet normal -0.000549048 -0.924048 0.382275
    outer loop
      vertex -35.9906 45.6785 2.35486
      vertex -35.9305 45.641 2.2643
      vertex -35.9494 45.6565 2.30174
    endloop
  endfacet
  facet normal 0.000549048 -0.924048 0.382275
    outer loop
      vertex 35.9305 45.641 2.2643
      vertex 35.9906 45.6785 2.35486
      vertex 35.9494 45.6565 2.30174
    endloop
  endfacet
  facet normal 0 -0.92392 0.382586
    outer loop
      vertex 35.9906 45.6785 2.35486
      vertex 35.9305 45.641 2.2643
      vertex 37.85 45.641 2.2643
    endloop
  endfacet
  facet normal 0 -0.92392 0.382586
    outer loop
      vertex 35.9906 45.6785 2.35486
      vertex 37.85 45.641 2.2643
      vertex 37.85 45.6785 2.35486
    endloop
  endfacet
  facet normal 0 -0.92392 0.382586
    outer loop
      vertex -34.4119 45.641 2.2643
      vertex 34.4233 45.6785 2.35486
      vertex -34.4233 45.6785 2.35486
    endloop
  endfacet
  facet normal 0 -0.92392 0.382586
    outer loop
      vertex 34.4233 45.6785 2.35486
      vertex -34.4119 45.641 2.2643
      vertex 34.4119 45.641 2.2643
    endloop
  endfacet
  facet normal 0.382508 -0.0374192 0.923194
    outer loop
      vertex -37.9924 45.2283 2.02153
      vertex -38.0812 45.246 2.05904
      vertex -38.0857 45.2 2.05904
    endloop
  endfacet
  facet normal 0.172971 -0.0923433 0.980588
    outer loop
      vertex -37.8953 45.2188 2.00241
      vertex -37.9707 45.2806 2.02153
      vertex -37.9841 45.2555 2.02153
    endloop
  endfacet
  facet normal 0.122713 -0.153391 0.980517
    outer loop
      vertex -37.8847 45.2347 2.00241
      vertex -37.8772 45.2407 2.00241
      vertex -37.9526 45.3026 2.02153
    endloop
  endfacet
  facet normal -0.67949 -0.204593 0.704581
    outer loop
      vertex 38.1611 45.2619 2.11349
      vertex 38.2112 45.3342 2.1828
      vertex 38.2055 45.3449 2.18041
    endloop
  endfacet
  facet normal -0.678049 -0.206413 0.705438
    outer loop
      vertex 38.2112 45.3342 2.1828
      vertex 38.1611 45.2619 2.11349
      vertex 38.2291 45.2754 2.1828
    endloop
  endfacet
  facet normal 0.338998 -0.180979 0.923215
    outer loop
      vertex -37.9841 45.2555 2.02153
      vertex -37.9707 45.2806 2.02153
      vertex -38.046 45.3309 2.05904
    endloop
  endfacet
  facet normal -0.367753 -0.111491 0.923216
    outer loop
      vertex 38.0812 45.246 2.05904
      vertex 38.0678 45.2902 2.05904
      vertex 37.9924 45.2283 2.02153
    endloop
  endfacet
  facet normal -0.33395 -0.624871 0.705701
    outer loop
      vertex 38.0262 45.4637 2.11349
      vertex 38.0647 45.5214 2.1828
      vertex 37.9979 45.5571 2.1828
    endloop
  endfacet
  facet normal 0.828762 -0.0798023 0.553882
    outer loop
      vertex -38.2597 45.2435 2.22399
      vertex -38.2291 45.2754 2.1828
      vertex -38.2414 45.2778 2.20155
    endloop
  endfacet
  facet normal 0.829205 -0.0813808 0.552989
    outer loop
      vertex -38.2291 45.2754 2.1828
      vertex -38.2597 45.2435 2.22399
      vertex -38.2365 45.2 2.1828
    endloop
  endfacet
  facet normal -0.956947 -0.290264 0
    outer loop
      vertex 38.338 45.2971 8.6375
      vertex 38.3097 45.3904 11.1375
      vertex 38.3097 45.3904 8.6375
    endloop
  endfacet
  facet normal -0.956947 -0.290264 0
    outer loop
      vertex 38.3097 45.3904 11.1375
      vertex 38.338 45.2971 8.6375
      vertex 38.338 45.2971 11.1375
    endloop
  endfacet
  facet normal -0.243187 -0.297137 0.923347
    outer loop
      vertex 38.0167 45.3667 2.05904
      vertex 37.9809 45.396 2.05904
      vertex 37.9526 45.3026 2.02153
    endloop
  endfacet
  facet normal 0.195135 0 0.980776
    outer loop
      vertex -37.9951 38.813 2.02153
      vertex -37.899 38.7374 2.00241
      vertex -37.899 45.2 2.00241
    endloop
  endfacet
  facet normal 0.195135 -0 0.980776
    outer loop
      vertex -37.9951 38.813 2.02153
      vertex -37.899 45.2 2.00241
      vertex -37.9951 45.2 2.02153
    endloop
  endfacet
  facet normal 0.190727 -0.00581717 0.981626
    outer loop
      vertex -37.899 38.7374 2.00241
      vertex -37.9951 38.813 2.02153
      vertex -37.9106 38.7435 2.0047
    endloop
  endfacet
  facet normal 0.195135 0 0.980776
    outer loop
      vertex -37.9951 -4.2 2.02153
      vertex -37.899 -23.5 2.00241
      vertex -37.899 -4.2 2.00241
    endloop
  endfacet
  facet normal 0.195135 0 0.980776
    outer loop
      vertex -37.899 -23.5 2.00241
      vertex -37.9951 -4.2 2.02153
      vertex -37.9951 -23.5 2.02153
    endloop
  endfacet
  facet normal 0.195135 0 0.980776
    outer loop
      vertex -37.9951 -26.5 2.02153
      vertex -37.899 -35.2 2.00241
      vertex -37.899 -26.5 2.00241
    endloop
  endfacet
  facet normal 0.195135 0 0.980776
    outer loop
      vertex -37.899 -35.2 2.00241
      vertex -37.9951 -26.5 2.02153
      vertex -37.9951 -35.2 2.02153
    endloop
  endfacet
  facet normal 0.194891 0 0.980825
    outer loop
      vertex -37.9452 37.4134 2.01159
      vertex -37.899 7.99111 2.00241
      vertex -37.899 37.4089 2.00241
    endloop
  endfacet
  facet normal 0.194891 0 0.980825
    outer loop
      vertex -37.9452 37.4134 2.01159
      vertex -37.9452 7.98656 2.01159
      vertex -37.899 7.99111 2.00241
    endloop
  endfacet
  facet normal 0.19536 0 0.980732
    outer loop
      vertex -37.9951 37.4286 2.02153
      vertex -37.9452 7.98656 2.01159
      vertex -37.9452 37.4134 2.01159
    endloop
  endfacet
  facet normal 0.19536 0 0.980732
    outer loop
      vertex -37.9452 7.98656 2.01159
      vertex -37.9951 37.4286 2.02153
      vertex -37.9951 7.9714 2.02153
    endloop
  endfacet
  facet normal 0.190622 0.0059575 0.981646
    outer loop
      vertex -37.9951 6.58705 2.02153
      vertex -37.899 6.66264 2.00241
      vertex -37.9106 6.65647 2.0047
    endloop
  endfacet
  facet normal 0.195135 0 0.980776
    outer loop
      vertex -37.899 6.66264 2.00241
      vertex -37.9951 6.58705 2.02153
      vertex -37.899 -0.262641 2.00241
    endloop
  endfacet
  facet normal 0.195135 -0 0.980776
    outer loop
      vertex -37.9951 -0.187045 2.02153
      vertex -37.899 -0.262641 2.00241
      vertex -37.9951 6.58705 2.02153
    endloop
  endfacet
  facet normal 0.190616 -0.00596412 0.981647
    outer loop
      vertex -37.899 -0.262641 2.00241
      vertex -37.9951 -0.187045 2.02153
      vertex -37.9106 -0.256467 2.0047
    endloop
  endfacet
  facet normal -0.0984465 -0.976261 0.19293
    outer loop
      vertex 37.8738 45.6761 2.35486
      vertex 37.85 45.6888 2.40698
      vertex 37.85 45.6785 2.35486
    endloop
  endfacet
  facet normal -0.0928598 -0.92086 0.378675
    outer loop
      vertex 37.85 45.6785 2.35486
      vertex 37.9071 45.6583 2.31974
      vertex 37.8738 45.6761 2.35486
    endloop
  endfacet
  facet normal -0.0911558 -0.920073 0.380993
    outer loop
      vertex 37.9071 45.6583 2.31974
      vertex 37.85 45.6785 2.35486
      vertex 37.85 45.641 2.2643
    endloop
  endfacet
  facet normal 0.187508 -0.0570676 0.980604
    outer loop
      vertex -37.8981 45.2096 2.00241
      vertex -37.8953 45.2188 2.00241
      vertex -37.9924 45.2283 2.02153
    endloop
  endfacet
  facet normal 0.353097 -0.431429 0.830175
    outer loop
      vertex -38.0167 45.3667 2.05904
      vertex -37.9809 45.396 2.05904
      vertex -38.0262 45.4637 2.11349
    endloop
  endfacet
  facet normal -0.0364714 -0.382274 0.923329
    outer loop
      vertex 37.8783 45.3424 2.02153
      vertex 37.85 45.4357 2.05904
      vertex 37.85 45.3451 2.02153
    endloop
  endfacet
  facet normal -0.15279 -0.122232 0.98067
    outer loop
      vertex 37.8907 45.2272 2.00241
      vertex 37.9707 45.2806 2.02153
      vertex 37.8847 45.2347 2.00241
    endloop
  endfacet
  facet normal 0.831476 -0.00115795 0.55556
    outer loop
      vertex -38.291 45.1678 2.2643
      vertex -38.2365 45.2 2.1828
      vertex -38.2812 45.2 2.2497
    endloop
  endfacet
  facet normal 0.831265 -0 0.555877
    outer loop
      vertex -38.291 39.2322 2.2643
      vertex -38.2365 45.2 2.1828
      vertex -38.291 45.1678 2.2643
    endloop
  endfacet
  facet normal 0.831668 0.000598093 0.555272
    outer loop
      vertex -38.2365 39.1131 2.1828
      vertex -38.291 39.2322 2.2643
      vertex -38.2789 39.1923 2.24622
    endloop
  endfacet
  facet normal 0.831265 0 0.555877
    outer loop
      vertex -38.291 39.2322 2.2643
      vertex -38.2365 39.1131 2.1828
      vertex -38.2365 45.2 2.1828
    endloop
  endfacet
  facet normal 0.831265 -0 0.555877
    outer loop
      vertex -38.291 -23.5 2.2643
      vertex -38.2365 -4.2 2.1828
      vertex -38.291 -4.2 2.2643
    endloop
  endfacet
  facet normal 0.831265 0 0.555877
    outer loop
      vertex -38.2365 -4.2 2.1828
      vertex -38.291 -23.5 2.2643
      vertex -38.2365 -23.5 2.1828
    endloop
  endfacet
  facet normal 0.831265 -0 0.555877
    outer loop
      vertex -38.291 -35.2 2.2643
      vertex -38.2365 -26.5 2.1828
      vertex -38.291 -26.5 2.2643
    endloop
  endfacet
  facet normal 0.831265 0 0.555877
    outer loop
      vertex -38.2365 -26.5 2.1828
      vertex -38.291 -35.2 2.2643
      vertex -38.2365 -35.2 2.1828
    endloop
  endfacet
  facet normal 0.83167 -0.000601117 0.555269
    outer loop
      vertex -38.291 6.16784 2.2643
      vertex -38.2365 6.28693 2.1828
      vertex -38.2789 6.20767 2.24622
    endloop
  endfacet
  facet normal 0.831265 -0 0.555877
    outer loop
      vertex -38.291 0.232162 2.2643
      vertex -38.2365 6.28693 2.1828
      vertex -38.291 6.16784 2.2643
    endloop
  endfacet
  facet normal 0.83167 0.000600863 0.55527
    outer loop
      vertex -38.2365 0.113066 2.1828
      vertex -38.291 0.232162 2.2643
      vertex -38.2789 0.192325 2.24622
    endloop
  endfacet
  facet normal 0.831265 0 0.555877
    outer loop
      vertex -38.291 0.232162 2.2643
      vertex -38.2365 0.113066 2.1828
      vertex -38.2365 6.28693 2.1828
    endloop
  endfacet
  facet normal 0.831265 0 0.555877
    outer loop
      vertex -38.291 37.5183 2.2643
      vertex -38.2365 7.89818 2.1828
      vertex -38.2365 37.5018 2.1828
    endloop
  endfacet
  facet normal 0.831265 0 0.555877
    outer loop
      vertex -38.2365 7.89818 2.1828
      vertex -38.291 37.5183 2.2643
      vertex -38.291 7.88166 2.2643
    endloop
  endfacet
  facet normal 0.980827 -0 0.19488
    outer loop
      vertex -38.3476 -23.5 2.45099
      vertex -38.3285 -4.2 2.35486
      vertex -38.3476 -4.2 2.45099
    endloop
  endfacet
  facet normal 0.980827 0 0.19488
    outer loop
      vertex -38.3285 -4.2 2.35486
      vertex -38.3476 -23.5 2.45099
      vertex -38.3285 -23.5 2.35486
    endloop
  endfacet
  facet normal 0.980827 -0 0.19488
    outer loop
      vertex -38.3476 -35.2 2.45099
      vertex -38.3285 -26.5 2.35486
      vertex -38.3476 -26.5 2.45099
    endloop
  endfacet
  facet normal 0.980827 0 0.19488
    outer loop
      vertex -38.3285 -26.5 2.35486
      vertex -38.3476 -35.2 2.45099
      vertex -38.3285 -35.2 2.35486
    endloop
  endfacet
  facet normal 0.980808 6.78938e-05 0.194978
    outer loop
      vertex -38.3476 5.9001 2.45099
      vertex -38.3285 6.04417 2.35486
      vertex -38.3358 6.02008 2.39159
    endloop
  endfacet
  facet normal 0.980827 -0 0.19488
    outer loop
      vertex -38.3476 0.4999 2.45099
      vertex -38.3285 6.04417 2.35486
      vertex -38.3476 5.9001 2.45099
    endloop
  endfacet
  facet normal 0.980808 -6.78891e-05 0.194978
    outer loop
      vertex -38.3285 0.355827 2.35486
      vertex -38.3476 0.4999 2.45099
      vertex -38.3358 0.379916 2.39159
    endloop
  endfacet
  facet normal 0.980827 0 0.19488
    outer loop
      vertex -38.3476 0.4999 2.45099
      vertex -38.3285 0.355827 2.35486
      vertex -38.3285 6.04417 2.35486
    endloop
  endfacet
  facet normal 0.980808 6.78906e-05 0.194978
    outer loop
      vertex -38.3476 44.9001 2.45099
      vertex -38.3285 45.0442 2.35486
      vertex -38.3358 45.0201 2.39159
    endloop
  endfacet
  facet normal 0.980827 -0 0.19488
    outer loop
      vertex -38.3476 39.4999 2.45099
      vertex -38.3285 45.0442 2.35486
      vertex -38.3476 44.9001 2.45099
    endloop
  endfacet
  facet normal 0.980808 -6.78906e-05 0.194978
    outer loop
      vertex -38.3285 39.3558 2.35486
      vertex -38.3476 39.4999 2.45099
      vertex -38.3358 39.3799 2.39159
    endloop
  endfacet
  facet normal 0.980827 0 0.19488
    outer loop
      vertex -38.3476 39.4999 2.45099
      vertex -38.3285 39.3558 2.35486
      vertex -38.3285 45.0442 2.35486
    endloop
  endfacet
  facet normal 0.980827 0 0.19488
    outer loop
      vertex -38.3476 37.5418 2.45099
      vertex -38.3285 7.86841 2.35486
      vertex -38.3285 37.5316 2.35486
    endloop
  endfacet
  facet normal 0.980827 0 0.19488
    outer loop
      vertex -38.3285 7.86841 2.35486
      vertex -38.3476 37.5418 2.45099
      vertex -38.3476 7.85819 2.45099
    endloop
  endfacet
  facet normal 0.382529 0 0.923944
    outer loop
      vertex -38.0857 38.8967 2.05904
      vertex -37.9951 38.813 2.02153
      vertex -37.9951 45.2 2.02153
    endloop
  endfacet
  facet normal 0.382529 -0 0.923944
    outer loop
      vertex -38.0857 38.8967 2.05904
      vertex -37.9951 45.2 2.02153
      vertex -38.0857 45.2 2.05904
    endloop
  endfacet
  facet normal 0.381572 -0.00121309 0.924338
    outer loop
      vertex -37.9951 38.813 2.02153
      vertex -38.0857 38.8967 2.05904
      vertex -38.0621 38.8679 2.04926
    endloop
  endfacet
  facet normal 0.382529 0 0.923944
    outer loop
      vertex -38.0857 -4.2 2.05904
      vertex -37.9951 -23.5 2.02153
      vertex -37.9951 -4.2 2.02153
    endloop
  endfacet
  facet normal 0.382529 0 0.923944
    outer loop
      vertex -37.9951 -23.5 2.02153
      vertex -38.0857 -4.2 2.05904
      vertex -38.0857 -23.5 2.05904
    endloop
  endfacet
  facet normal 0.382529 0 0.923944
    outer loop
      vertex -38.0857 -26.5 2.05904
      vertex -37.9951 -35.2 2.02153
      vertex -37.9951 -26.5 2.02153
    endloop
  endfacet
  facet normal 0.382529 0 0.923944
    outer loop
      vertex -37.9951 -35.2 2.02153
      vertex -38.0857 -26.5 2.05904
      vertex -38.0857 -35.2 2.05904
    endloop
  endfacet
  facet normal 0.381565 0.00122098 0.924341
    outer loop
      vertex -38.0857 6.50333 2.05904
      vertex -37.9951 6.58705 2.02153
      vertex -38.0621 6.53209 2.04926
    endloop
  endfacet
  facet normal 0.382529 0 0.923944
    outer loop
      vertex -37.9951 6.58705 2.02153
      vertex -38.0857 6.50333 2.05904
      vertex -37.9951 -0.187045 2.02153
    endloop
  endfacet
  facet normal 0.382529 -0 0.923944
    outer loop
      vertex -38.0857 -0.103332 2.05904
      vertex -37.9951 -0.187045 2.02153
      vertex -38.0857 6.50333 2.05904
    endloop
  endfacet
  facet normal 0.381566 -0.00122066 0.924341
    outer loop
      vertex -37.9951 -0.187045 2.02153
      vertex -38.0857 -0.103332 2.05904
      vertex -38.0621 -0.132092 2.04926
    endloop
  endfacet
  facet normal 0.382529 0 0.923944
    outer loop
      vertex -38.0857 37.4561 2.05904
      vertex -37.9951 7.9714 2.02153
      vertex -37.9951 37.4286 2.02153
    endloop
  endfacet
  facet normal 0.382529 0 0.923944
    outer loop
      vertex -37.9951 7.9714 2.02153
      vertex -38.0857 37.4561 2.05904
      vertex -38.0857 7.94393 2.05904
    endloop
  endfacet
  facet normal 0.187492 -0.0572128 0.980598
    outer loop
      vertex -37.8953 45.2188 2.00241
      vertex -37.9841 45.2555 2.02153
      vertex -37.9924 45.2283 2.02153
    endloop
  endfacet
  facet normal 0.0692362 -0.705461 0.705359
    outer loop
      vertex -37.85 45.5172 2.11349
      vertex -37.85 45.5865 2.1828
      vertex -37.9254 45.5791 2.1828
    endloop
  endfacet
  facet normal -0.195135 0 0.980776
    outer loop
      vertex 37.899 45.2 2.00241
      vertex 37.9951 38.813 2.02153
      vertex 37.9951 45.2 2.02153
    endloop
  endfacet
  facet normal -0.195135 0 0.980776
    outer loop
      vertex 37.899 38.7374 2.00241
      vertex 37.9951 38.813 2.02153
      vertex 37.899 45.2 2.00241
    endloop
  endfacet
  facet normal -0.193188 -0.00257143 0.981158
    outer loop
      vertex 37.9951 38.813 2.02153
      vertex 37.899 38.7374 2.00241
      vertex 37.9106 38.7435 2.00471
    endloop
  endfacet
  facet normal -0.195135 0 0.980776
    outer loop
      vertex 37.899 -4.2 2.00241
      vertex 37.9951 -23.5 2.02153
      vertex 37.9951 -4.2 2.02153
    endloop
  endfacet
  facet normal -0.195135 0 0.980776
    outer loop
      vertex 37.9951 -23.5 2.02153
      vertex 37.899 -4.2 2.00241
      vertex 37.899 -23.5 2.00241
    endloop
  endfacet
  facet normal -0.195135 0 0.980776
    outer loop
      vertex 37.899 -26.5 2.00241
      vertex 37.9951 -35.2 2.02153
      vertex 37.9951 -26.5 2.02153
    endloop
  endfacet
  facet normal -0.195135 0 0.980776
    outer loop
      vertex 37.9951 -35.2 2.02153
      vertex 37.899 -26.5 2.00241
      vertex 37.899 -35.2 2.00241
    endloop
  endfacet
  facet normal -0.193141 0.00263343 0.981167
    outer loop
      vertex 37.899 6.66264 2.00241
      vertex 37.9951 6.58705 2.02153
      vertex 37.9106 6.65647 2.00471
    endloop
  endfacet
  facet normal -0.195135 0 0.980776
    outer loop
      vertex 37.9951 6.58705 2.02153
      vertex 37.899 6.66264 2.00241
      vertex 37.9951 -0.187046 2.02153
    endloop
  endfacet
  facet normal -0.195135 0 0.980776
    outer loop
      vertex 37.899 -0.262642 2.00241
      vertex 37.9951 -0.187046 2.02153
      vertex 37.899 6.66264 2.00241
    endloop
  endfacet
  facet normal -0.193138 -0.00263725 0.981168
    outer loop
      vertex 37.9951 -0.187046 2.02153
      vertex 37.899 -0.262642 2.00241
      vertex 37.9106 -0.256467 2.00471
    endloop
  endfacet
  facet normal -0.19536 0 0.980732
    outer loop
      vertex 37.9452 37.4134 2.01159
      vertex 37.9951 7.9714 2.02153
      vertex 37.9951 37.4286 2.02153
    endloop
  endfacet
  facet normal -0.19536 0 0.980732
    outer loop
      vertex 37.9452 37.4134 2.01159
      vertex 37.9452 7.98656 2.01159
      vertex 37.9951 7.9714 2.02153
    endloop
  endfacet
  facet normal -0.194891 0 0.980825
    outer loop
      vertex 37.899 37.4089 2.00241
      vertex 37.9452 7.98656 2.01159
      vertex 37.9452 37.4134 2.01159
    endloop
  endfacet
  facet normal -0.194891 0 0.980825
    outer loop
      vertex 37.9452 7.98656 2.01159
      vertex 37.899 37.4089 2.00241
      vertex 37.899 7.99111 2.00241
    endloop
  endfacet
  facet normal -0.263366 -0.491697 0.829984
    outer loop
      vertex 37.9809 45.396 2.05904
      vertex 37.9714 45.493 2.11349
      vertex 37.9402 45.4178 2.05904
    endloop
  endfacet
  facet normal -0.0819081 -0.828718 0.553641
    outer loop
      vertex 37.9254 45.5791 2.1828
      vertex 37.936 45.6325 2.2643
      vertex 37.85 45.641 2.2643
    endloop
  endfacet
  facet normal -0.16233 -0.533625 0.829996
    outer loop
      vertex 37.9402 45.4178 2.05904
      vertex 37.9714 45.493 2.11349
      vertex 37.9119 45.5111 2.11349
    endloop
  endfacet
  facet normal -0.0546628 -0.554693 0.830257
    outer loop
      vertex 37.9119 45.5111 2.11349
      vertex 37.85 45.5172 2.11349
      vertex 37.85 45.4357 2.05904
    endloop
  endfacet
  facet normal -0.124468 -0.151287 0.980622
    outer loop
      vertex 37.9526 45.3026 2.02153
      vertex 37.9306 45.3207 2.02153
      vertex 37.8772 45.2407 2.00241
    endloop
  endfacet
  facet normal -0.0374192 -0.382508 0.923194
    outer loop
      vertex 37.8783 45.3424 2.02153
      vertex 37.896 45.4312 2.05904
      vertex 37.85 45.4357 2.05904
    endloop
  endfacet
  facet normal -0.262911 -0.491724 0.830112
    outer loop
      vertex 37.9809 45.396 2.05904
      vertex 38.0262 45.4637 2.11349
      vertex 37.9714 45.493 2.11349
    endloop
  endfacet
  facet normal -0.0942793 -0.172162 0.980547
    outer loop
      vertex 37.8772 45.2407 2.00241
      vertex 37.9055 45.3341 2.02153
      vertex 37.8688 45.2453 2.00241
    endloop
  endfacet
  facet normal 0.0374192 -0.382508 0.923194
    outer loop
      vertex -37.8783 45.3424 2.02153
      vertex -37.85 45.4357 2.05904
      vertex -37.896 45.4312 2.05904
    endloop
  endfacet
  facet normal 0.00614358 -0.981008 0.193868
    outer loop
      vertex -37.85 45.6785 2.35486
      vertex -37.8336 45.6976 2.45099
      vertex -37.85 45.6888 2.40698
    endloop
  endfacet
  facet normal 0 -0.980827 0.19488
    outer loop
      vertex -37.8336 45.6976 2.45099
      vertex -37.85 45.6785 2.35486
      vertex -36.0264 45.6976 2.45099
    endloop
  endfacet
  facet normal 0 -0.980827 0.19488
    outer loop
      vertex -36.0264 45.6976 2.45099
      vertex -37.85 45.6785 2.35486
      vertex -35.9906 45.6785 2.35486
    endloop
  endfacet
  facet normal 0 -0.980827 0.19488
    outer loop
      vertex 37.85 45.6785 2.35486
      vertex 37.8336 45.6976 2.45099
      vertex 36.0264 45.6976 2.45099
    endloop
  endfacet
  facet normal 0 -0.980827 0.19488
    outer loop
      vertex 37.85 45.6785 2.35486
      vertex 36.0264 45.6976 2.45099
      vertex 35.9906 45.6785 2.35486
    endloop
  endfacet
  facet normal -0.00614358 -0.981008 0.193868
    outer loop
      vertex 37.8336 45.6976 2.45099
      vertex 37.85 45.6785 2.35486
      vertex 37.85 45.6888 2.40698
    endloop
  endfacet
  facet normal 0 -0.980827 0.19488
    outer loop
      vertex -34.4233 45.6785 2.35486
      vertex 34.4291 45.6976 2.45099
      vertex -34.4291 45.6976 2.45099
    endloop
  endfacet
  facet normal 0 -0.980827 0.19488
    outer loop
      vertex 34.4291 45.6976 2.45099
      vertex -34.4233 45.6785 2.35486
      vertex 34.4233 45.6785 2.35486
    endloop
  endfacet
  facet normal 0.0364714 -0.382274 0.923329
    outer loop
      vertex -37.85 45.3451 2.02153
      vertex -37.85 45.4357 2.05904
      vertex -37.8783 45.3424 2.02153
    endloop
  endfacet
  facet normal 0.707158 -0 0.707056
    outer loop
      vertex -38.2365 39.1131 2.1828
      vertex -38.1672 45.2 2.11349
      vertex -38.2365 45.2 2.1828
    endloop
  endfacet
  facet normal 0.704364 -0.00329671 0.709832
    outer loop
      vertex -38.1672 38.996 2.11349
      vertex -38.2365 39.1131 2.1828
      vertex -38.1865 39.0194 2.13275
    endloop
  endfacet
  facet normal 0.707158 0 0.707056
    outer loop
      vertex -38.2365 39.1131 2.1828
      vertex -38.1672 38.996 2.11349
      vertex -38.1672 45.2 2.11349
    endloop
  endfacet
  facet normal 0.707158 -0 0.707056
    outer loop
      vertex -38.2365 -23.5 2.1828
      vertex -38.1672 -4.2 2.11349
      vertex -38.2365 -4.2 2.1828
    endloop
  endfacet
  facet normal 0.707158 0 0.707056
    outer loop
      vertex -38.1672 -4.2 2.11349
      vertex -38.2365 -23.5 2.1828
      vertex -38.1672 -23.5 2.11349
    endloop
  endfacet
  facet normal 0.707158 -0 0.707056
    outer loop
      vertex -38.2365 -35.2 2.1828
      vertex -38.1672 -26.5 2.11349
      vertex -38.2365 -26.5 2.1828
    endloop
  endfacet
  facet normal 0.707158 0 0.707056
    outer loop
      vertex -38.1672 -26.5 2.11349
      vertex -38.2365 -35.2 2.1828
      vertex -38.1672 -35.2 2.11349
    endloop
  endfacet
  facet normal 0.704344 0.00331942 0.709851
    outer loop
      vertex -38.2365 6.28693 2.1828
      vertex -38.1672 6.40402 2.11349
      vertex -38.1865 6.38056 2.13275
    endloop
  endfacet
  facet normal 0.707158 -0 0.707056
    outer loop
      vertex -38.2365 0.113066 2.1828
      vertex -38.1672 6.40402 2.11349
      vertex -38.2365 6.28693 2.1828
    endloop
  endfacet
  facet normal 0.704342 -0.00332183 0.709853
    outer loop
      vertex -38.1672 -0.00402389 2.11349
      vertex -38.2365 0.113066 2.1828
      vertex -38.1865 0.0194427 2.13275
    endloop
  endfacet
  facet normal 0.707158 0 0.707056
    outer loop
      vertex -38.2365 0.113066 2.1828
      vertex -38.1672 -0.00402389 2.11349
      vertex -38.1672 6.40402 2.11349
    endloop
  endfacet
  facet normal 0.707158 0 0.707056
    outer loop
      vertex -38.2365 37.5018 2.1828
      vertex -38.1672 7.91921 2.11349
      vertex -38.1672 37.4808 2.11349
    endloop
  endfacet
  facet normal 0.707158 0 0.707056
    outer loop
      vertex -38.1672 7.91921 2.11349
      vertex -38.2365 37.5018 2.1828
      vertex -38.2365 7.89818 2.1828
    endloop
  endfacet
  facet normal 0.797997 -0.241571 0.552126
    outer loop
      vertex -38.2291 45.2754 2.1828
      vertex -38.2113 45.3342 2.1828
      vertex -38.234 45.2916 2.19697
    endloop
  endfacet
  facet normal -0.0542851 -0.554915 0.830134
    outer loop
      vertex 37.896 45.4312 2.05904
      vertex 37.9119 45.5111 2.11349
      vertex 37.85 45.4357 2.05904
    endloop
  endfacet
  facet normal -0.334098 -0.624866 0.705635
    outer loop
      vertex 38.0262 45.4637 2.11349
      vertex 37.9979 45.5571 2.1828
      vertex 37.9714 45.493 2.11349
    endloop
  endfacet
  facet normal -0.0983875 -0.995148 0
    outer loop
      vertex 37.85 45.6976 8.6375
      vertex 37.9471 45.688 11.1375
      vertex 37.85 45.6976 11.1375
    endloop
  endfacet
  facet normal -0.0983875 -0.995148 -0
    outer loop
      vertex 37.9471 45.688 11.1375
      vertex 37.85 45.6976 8.6375
      vertex 37.9471 45.688 8.6375
    endloop
  endfacet
  facet normal 0.297137 -0.243187 0.923347
    outer loop
      vertex -37.9526 45.3026 2.02153
      vertex -38.0167 45.3667 2.05904
      vertex -38.046 45.3309 2.05904
    endloop
  endfacet
  facet normal 0.382274 -0.0364714 0.923329
    outer loop
      vertex -37.9951 45.2 2.02153
      vertex -37.9924 45.2283 2.02153
      vertex -38.0857 45.2 2.05904
    endloop
  endfacet
  facet normal 0.533546 -0.161754 0.830159
    outer loop
      vertex -38.0812 45.246 2.05904
      vertex -38.0678 45.2902 2.05904
      vertex -38.1611 45.2619 2.11349
    endloop
  endfacet
  facet normal -0.382508 -0.0374192 0.923194
    outer loop
      vertex 38.0857 45.2 2.05904
      vertex 38.0812 45.246 2.05904
      vertex 37.9924 45.2283 2.02153
    endloop
  endfacet
  facet normal 0.181423 -0.338711 0.923234
    outer loop
      vertex -37.9306 45.3207 2.02153
      vertex -37.9402 45.4178 2.05904
      vertex -37.9809 45.396 2.05904
    endloop
  endfacet
  facet normal 0.180871 -0.338795 0.923311
    outer loop
      vertex -37.9306 45.3207 2.02153
      vertex -37.9055 45.3341 2.02153
      vertex -37.9402 45.4178 2.05904
    endloop
  endfacet
  facet normal -0.187508 -0.0570676 0.980604
    outer loop
      vertex 37.8981 45.2096 2.00241
      vertex 37.9924 45.2283 2.02153
      vertex 37.8953 45.2188 2.00241
    endloop
  endfacet
  facet normal -0.239277 -0.797589 0.553713
    outer loop
      vertex 37.9254 45.5791 2.1828
      vertex 37.942 45.6307 2.2643
      vertex 37.936 45.6325 2.2643
    endloop
  endfacet
  facet normal -0.241769 -0.796822 0.553735
    outer loop
      vertex 37.942 45.6307 2.2643
      vertex 37.9254 45.5791 2.1828
      vertex 37.9834 45.5967 2.23345
    endloop
  endfacet
  facet normal -0.266432 -0.888108 0.374537
    outer loop
      vertex 37.942 45.6307 2.2643
      vertex 37.9394 45.6328 2.26743
      vertex 37.936 45.6325 2.2643
    endloop
  endfacet
  facet normal -0.000325052 -0.706974 0.70724
    outer loop
      vertex 35.7857 45.5172 2.11349
      vertex 35.8642 45.5865 2.1828
      vertex 35.7979 45.5321 2.12839
    endloop
  endfacet
  facet normal 0 -0.707158 0.707056
    outer loop
      vertex 35.8642 45.5865 2.1828
      vertex 35.7857 45.5172 2.11349
      vertex 37.85 45.5172 2.11349
    endloop
  endfacet
  facet normal 0 -0.707158 0.707056
    outer loop
      vertex 35.8642 45.5865 2.1828
      vertex 37.85 45.5172 2.11349
      vertex 37.85 45.5865 2.1828
    endloop
  endfacet
  facet normal 0 -0.707158 0.707056
    outer loop
      vertex -37.85 45.5172 2.11349
      vertex -35.8642 45.5865 2.1828
      vertex -37.85 45.5865 2.1828
    endloop
  endfacet
  facet normal 0 -0.707158 0.707056
    outer loop
      vertex -35.7857 45.5172 2.11349
      vertex -35.8642 45.5865 2.1828
      vertex -37.85 45.5172 2.11349
    endloop
  endfacet
  facet normal 0.000325052 -0.706974 0.70724
    outer loop
      vertex -35.8642 45.5865 2.1828
      vertex -35.7857 45.5172 2.11349
      vertex -35.7979 45.5321 2.12839
    endloop
  endfacet
  facet normal 0 -0.707158 0.707056
    outer loop
      vertex -34.3744 45.5172 2.11349
      vertex 34.3954 45.5865 2.1828
      vertex -34.3954 45.5865 2.1828
    endloop
  endfacet
  facet normal 0 -0.707158 0.707056
    outer loop
      vertex 34.3954 45.5865 2.1828
      vertex -34.3744 45.5172 2.11349
      vertex 34.3744 45.5172 2.11349
    endloop
  endfacet
  facet normal -0.269831 -0.885615 0.377991
    outer loop
      vertex 37.9394 45.6328 2.26743
      vertex 37.9366 45.6351 2.27082
      vertex 37.936 45.6325 2.2643
    endloop
  endfacet
  facet normal -0.0182908 -0.195102 0.980612
    outer loop
      vertex 37.8596 45.2481 2.00241
      vertex 37.85 45.3451 2.02153
      vertex 37.85 45.249 2.00241
    endloop
  endfacet
  facet normal -0.0186168 -0.195132 0.9806
    outer loop
      vertex 37.8596 45.2481 2.00241
      vertex 37.8783 45.3424 2.02153
      vertex 37.85 45.3451 2.02153
    endloop
  endfacet
  facet normal -0.431524 -0.353174 0.830094
    outer loop
      vertex 38.046 45.3309 2.05904
      vertex 38.0743 45.4243 2.11349
      vertex 38.0167 45.3667 2.05904
    endloop
  endfacet
  facet normal -0.195194 -0.0182994 0.980594
    outer loop
      vertex 37.899 45.2 2.00241
      vertex 37.9924 45.2283 2.02153
      vertex 37.8981 45.2096 2.00241
    endloop
  endfacet
  facet normal -0.0922487 -0.172794 0.980629
    outer loop
      vertex 37.9306 45.3207 2.02153
      vertex 37.9055 45.3341 2.02153
      vertex 37.8772 45.2407 2.00241
    endloop
  endfacet
  facet normal -0.180979 -0.338998 0.923215
    outer loop
      vertex 37.9306 45.3207 2.02153
      vertex 37.9809 45.396 2.05904
      vertex 37.9055 45.3341 2.02153
    endloop
  endfacet
  facet normal 0.881785 -0.471652 0
    outer loop
      vertex -38.3097 45.3904 11.1375
      vertex -38.2637 45.4764 8.6375
      vertex -38.2637 45.4764 11.1375
    endloop
  endfacet
  facet normal 0.881785 -0.471652 0
    outer loop
      vertex -38.2637 45.4764 8.6375
      vertex -38.3097 45.3904 11.1375
      vertex -38.3097 45.3904 8.6375
    endloop
  endfacet
  facet normal 0.0913606 -0.919721 0.381793
    outer loop
      vertex -37.85 45.641 2.2643
      vertex -37.9106 45.6565 2.31614
      vertex -37.9366 45.6351 2.27081
    endloop
  endfacet
  facet normal 0.091117 -0.921889 0.376587
    outer loop
      vertex -37.85 45.641 2.2643
      vertex -37.9366 45.6351 2.27081
      vertex -37.936 45.6325 2.2643
    endloop
  endfacet
  facet normal 0.0865693 -0.922188 0.376929
    outer loop
      vertex -37.9106 45.6565 2.31614
      vertex -37.85 45.641 2.2643
      vertex -37.9071 45.6583 2.31974
    endloop
  endfacet
  facet normal 0.705447 -0.069519 0.705345
    outer loop
      vertex -38.1672 45.2 2.11349
      vertex -38.1611 45.2619 2.11349
      vertex -38.2365 45.2 2.1828
    endloop
  endfacet
  facet normal 0.532037 -0.641725 0.552383
    outer loop
      vertex -38.0647 45.5214 2.1828
      vertex -38.0675 45.5255 2.19026
      vertex -38.0714 45.5207 2.18844
    endloop
  endfacet
  facet normal -0.181356 -0.338586 0.923293
    outer loop
      vertex 37.9809 45.396 2.05904
      vertex 37.9402 45.4178 2.05904
      vertex 37.9055 45.3341 2.02153
    endloop
  endfacet
  facet normal -0.112085 -0.367315 0.923318
    outer loop
      vertex 37.9055 45.3341 2.02153
      vertex 37.9402 45.4178 2.05904
      vertex 37.8783 45.3424 2.02153
    endloop
  endfacet
  facet normal 0.195194 -0.0182994 0.980594
    outer loop
      vertex -37.899 45.2 2.00241
      vertex -37.8981 45.2096 2.00241
      vertex -37.9924 45.2283 2.02153
    endloop
  endfacet
  facet normal 0.195101 -0.0186139 0.980607
    outer loop
      vertex -37.899 45.2 2.00241
      vertex -37.9924 45.2283 2.02153
      vertex -37.9951 45.2 2.02153
    endloop
  endfacet
  facet normal 0.555524 -0 0.831501
    outer loop
      vertex -38.1672 38.996 2.11349
      vertex -38.0857 45.2 2.05904
      vertex -38.1672 45.2 2.11349
    endloop
  endfacet
  facet normal 0.555524 0 0.831501
    outer loop
      vertex -38.0857 45.2 2.05904
      vertex -38.1672 38.996 2.11349
      vertex -38.0857 38.8967 2.05904
    endloop
  endfacet
  facet normal 0.555524 0 0.831501
    outer loop
      vertex -38.1672 -4.2 2.11349
      vertex -38.0857 -23.5 2.05904
      vertex -38.0857 -4.2 2.05904
    endloop
  endfacet
  facet normal 0.555524 0 0.831501
    outer loop
      vertex -38.0857 -23.5 2.05904
      vertex -38.1672 -4.2 2.11349
      vertex -38.1672 -23.5 2.11349
    endloop
  endfacet
  facet normal 0.555524 0 0.831501
    outer loop
      vertex -38.1672 -26.5 2.11349
      vertex -38.0857 -35.2 2.05904
      vertex -38.0857 -26.5 2.05904
    endloop
  endfacet
  facet normal 0.555524 0 0.831501
    outer loop
      vertex -38.0857 -35.2 2.05904
      vertex -38.1672 -26.5 2.11349
      vertex -38.1672 -35.2 2.11349
    endloop
  endfacet
  facet normal 0.555524 0 0.831501
    outer loop
      vertex -38.1672 6.40402 2.11349
      vertex -38.0857 -0.103332 2.05904
      vertex -38.0857 6.50333 2.05904
    endloop
  endfacet
  facet normal 0.555524 0 0.831501
    outer loop
      vertex -38.0857 -0.103332 2.05904
      vertex -38.1672 6.40402 2.11349
      vertex -38.1672 -0.00402389 2.11349
    endloop
  endfacet
  facet normal 0.555524 0 0.831501
    outer loop
      vertex -38.1672 37.4808 2.11349
      vertex -38.0857 7.94393 2.05904
      vertex -38.0857 37.4561 2.05904
    endloop
  endfacet
  facet normal 0.555524 0 0.831501
    outer loop
      vertex -38.0857 7.94393 2.05904
      vertex -38.1672 37.4808 2.11349
      vertex -38.1672 7.91921 2.11349
    endloop
  endfacet
  facet normal 0 -0.195135 0.980776
    outer loop
      vertex -37.85 45.249 2.00241
      vertex -35.6546 45.3451 2.02153
      vertex -37.85 45.3451 2.02153
    endloop
  endfacet
  facet normal 0 -0.195135 0.980776
    outer loop
      vertex -35.6546 45.3451 2.02153
      vertex -37.85 45.249 2.00241
      vertex -35.6032 45.249 2.00241
    endloop
  endfacet
  facet normal 0 -0.195135 0.980776
    outer loop
      vertex 35.6546 45.3451 2.02153
      vertex 37.85 45.249 2.00241
      vertex 37.85 45.3451 2.02153
    endloop
  endfacet
  facet normal 0 -0.195135 0.980776
    outer loop
      vertex 37.85 45.249 2.00241
      vertex 35.6546 45.3451 2.02153
      vertex 35.6032 45.249 2.00241
    endloop
  endfacet
  facet normal 0 -0.195135 0.980776
    outer loop
      vertex 34.3365 45.3451 2.02153
      vertex -34.3271 45.249 2.00241
      vertex 34.3271 45.249 2.00241
    endloop
  endfacet
  facet normal 0 -0.195135 0.980776
    outer loop
      vertex -34.3271 45.249 2.00241
      vertex 34.3365 45.3451 2.02153
      vertex -34.3365 45.3451 2.02153
    endloop
  endfacet
  facet normal 0.0922487 -0.172794 0.980629
    outer loop
      vertex -37.8772 45.2407 2.00241
      vertex -37.9055 45.3341 2.02153
      vertex -37.9306 45.3207 2.02153
    endloop
  endfacet
  facet normal 0.0695038 -0.705293 0.7055
    outer loop
      vertex -37.9119 45.5111 2.11349
      vertex -37.85 45.5172 2.11349
      vertex -37.9254 45.5791 2.1828
    endloop
  endfacet
  facet normal -0.171639 -0.0939928 0.980666
    outer loop
      vertex 37.8953 45.2188 2.00241
      vertex 37.9707 45.2806 2.02153
      vertex 37.8907 45.2272 2.00241
    endloop
  endfacet
  facet normal 0.296781 -0.24417 0.923202
    outer loop
      vertex -37.9707 45.2806 2.02153
      vertex -37.9526 45.3026 2.02153
      vertex -38.046 45.3309 2.05904
    endloop
  endfacet
  facet normal 0.243187 -0.297137 0.923347
    outer loop
      vertex -37.9526 45.3026 2.02153
      vertex -37.9809 45.396 2.05904
      vertex -38.0167 45.3667 2.05904
    endloop
  endfacet
  facet normal -1 0 0
    outer loop
      vertex 38.3476 -26.5 2.45099
      vertex 38.3476 -35.2 2.45099
      vertex 38.3476 -26.5 10.2
    endloop
  endfacet
  facet normal -1 0 0
    outer loop
      vertex 38.3476 -23.5 10.2
      vertex 38.3476 -4.2 2.45099
      vertex 38.3476 -23.5 2.45099
    endloop
  endfacet
  facet normal -1 0 0
    outer loop
      vertex 38.3476 -4.2 2.45099
      vertex 38.3476 -23.5 10.2
      vertex 38.3476 -4.2 11.1375
    endloop
  endfacet
  facet normal -1 0 0
    outer loop
      vertex 38.3476 -35.2 11.1375
      vertex 38.3476 -23.5 10.2
      vertex 38.3476 -26.5 10.2
    endloop
  endfacet
  facet normal -1 0 0
    outer loop
      vertex 38.3476 -23.5 10.2
      vertex 38.3476 -35.2 11.1375
      vertex 38.3476 -4.2 11.1375
    endloop
  endfacet
  facet normal -1 0 0
    outer loop
      vertex 38.3476 -35.2 11.1375
      vertex 38.3476 -26.5 10.2
      vertex 38.3476 -35.2 2.45099
    endloop
  endfacet
  facet normal -1 0 0
    outer loop
      vertex 38.3476 5.90011 2.45099
      vertex 38.3476 0.49989 2.45099
      vertex 38.3476 5.90011 8.6375
    endloop
  endfacet
  facet normal -1 0 0
    outer loop
      vertex 38.3476 37.5418 2.45099
      vertex 38.3476 7.85819 2.45099
      vertex 38.3476 37.5418 8.6375
    endloop
  endfacet
  facet normal -1 0 0
    outer loop
      vertex 38.3476 44.9001 2.45099
      vertex 38.3476 39.4999 2.45099
      vertex 38.3476 44.9001 8.6375
    endloop
  endfacet
  facet normal -1 0 0
    outer loop
      vertex 38.3476 44.9001 8.6375
      vertex 38.3476 45.2 11.1375
      vertex 38.3476 45.2 8.6375
    endloop
  endfacet
  facet normal -1 0 0
    outer loop
      vertex 38.3476 39.4999 8.6375
      vertex 38.3476 44.9001 8.6375
      vertex 38.3476 39.4999 2.45099
    endloop
  endfacet
  facet normal -1 0 0
    outer loop
      vertex 38.3476 44.9001 8.6375
      vertex 38.3476 39.4999 8.6375
      vertex 38.3476 45.2 11.1375
    endloop
  endfacet
  facet normal -1 0 0
    outer loop
      vertex 38.3476 37.5418 8.6375
      vertex 38.3476 45.2 11.1375
      vertex 38.3476 39.4999 8.6375
    endloop
  endfacet
  facet normal -1 0 0
    outer loop
      vertex 38.3476 7.85819 8.6375
      vertex 38.3476 37.5418 8.6375
      vertex 38.3476 7.85819 2.45099
    endloop
  endfacet
  facet normal -1 0 0
    outer loop
      vertex 38.3476 37.5418 8.6375
      vertex 38.3476 7.85819 8.6375
      vertex 38.3476 45.2 11.1375
    endloop
  endfacet
  facet normal -1 0 0
    outer loop
      vertex 38.3476 -0.400001 11.1375
      vertex 38.3476 7.85819 8.6375
      vertex 38.3476 5.90011 8.6375
    endloop
  endfacet
  facet normal -1 0 0
    outer loop
      vertex 38.3476 0.49989 8.6375
      vertex 38.3476 5.90011 8.6375
      vertex 38.3476 0.49989 2.45099
    endloop
  endfacet
  facet normal -1 0 0
    outer loop
      vertex 38.3476 -0.400001 11.1375
      vertex 38.3476 5.90011 8.6375
      vertex 38.3476 0.49989 8.6375
    endloop
  endfacet
  facet normal -1 0 0
    outer loop
      vertex 38.3476 -0.400001 11.1375
      vertex 38.3476 0.49989 8.6375
      vertex 38.3476 -0.400001 8.6375
    endloop
  endfacet
  facet normal -1 0 0
    outer loop
      vertex 38.3476 7.85819 8.6375
      vertex 38.3476 -0.400001 11.1375
      vertex 38.3476 45.2 11.1375
    endloop
  endfacet
  facet normal -0 0 0
    outer loop
      vertex 38.3476 -35.2 11.1375
      vertex 38.3476 -44.2 11.1375
      vertex 38.3476 45.2 11.1375
    endloop
  endfacet
  facet normal 0 0 0
    outer loop
      vertex 38.3476 45.2 11.1375
      vertex 38.3476 -0.400001 11.1375
      vertex 38.3476 -4.2 11.1375
    endloop
  endfacet
  facet normal -0 0 0
    outer loop
      vertex 38.3476 -4.2 11.1375
      vertex 38.3476 -35.2 11.1375
      vertex 38.3476 45.2 11.1375
    endloop
  endfacet
  facet normal -0.980827 0 0.19488
    outer loop
      vertex 38.3285 -23.5 2.35486
      vertex 38.3476 -4.2 2.45099
      vertex 38.3285 -4.2 2.35486
    endloop
  endfacet
  facet normal -0.980827 0 0.19488
    outer loop
      vertex 38.3476 -4.2 2.45099
      vertex 38.3285 -23.5 2.35486
      vertex 38.3476 -23.5 2.45099
    endloop
  endfacet
  facet normal -0.980827 0 0.19488
    outer loop
      vertex 38.3285 -35.2 2.35486
      vertex 38.3476 -26.5 2.45099
      vertex 38.3285 -26.5 2.35486
    endloop
  endfacet
  facet normal -0.980827 0 0.19488
    outer loop
      vertex 38.3476 -26.5 2.45099
      vertex 38.3285 -35.2 2.35486
      vertex 38.3476 -35.2 2.45099
    endloop
  endfacet
  facet normal -0.980826 4.94302e-06 0.194887
    outer loop
      vertex 38.3285 6.04418 2.35486
      vertex 38.3476 5.90011 2.45099
      vertex 38.3358 6.02008 2.3916
    endloop
  endfacet
  facet normal -0.980827 0 0.19488
    outer loop
      vertex 38.3285 6.04418 2.35486
      vertex 38.3476 0.49989 2.45099
      vertex 38.3476 5.90011 2.45099
    endloop
  endfacet
  facet normal -0.980827 0 0.19488
    outer loop
      vertex 38.3285 0.355824 2.35486
      vertex 38.3476 0.49989 2.45099
      vertex 38.3285 6.04418 2.35486
    endloop
  endfacet
  facet normal -0.980826 -4.94198e-06 0.194887
    outer loop
      vertex 38.3476 0.49989 2.45099
      vertex 38.3285 0.355824 2.35486
      vertex 38.3358 0.379916 2.3916
    endloop
  endfacet
  facet normal -0.980826 4.94119e-06 0.194887
    outer loop
      vertex 38.3285 45.0442 2.35486
      vertex 38.3476 44.9001 2.45099
      vertex 38.3358 45.0201 2.3916
    endloop
  endfacet
  facet normal -0.980827 0 0.19488
    outer loop
      vertex 38.3285 45.0442 2.35486
      vertex 38.3476 39.4999 2.45099
      vertex 38.3476 44.9001 2.45099
    endloop
  endfacet
  facet normal -0.980827 0 0.19488
    outer loop
      vertex 38.3285 39.3558 2.35486
      vertex 38.3476 39.4999 2.45099
      vertex 38.3285 45.0442 2.35486
    endloop
  endfacet
  facet normal -0.980826 -4.94119e-06 0.194887
    outer loop
      vertex 38.3476 39.4999 2.45099
      vertex 38.3285 39.3558 2.35486
      vertex 38.3358 39.3799 2.3916
    endloop
  endfacet
  facet normal -0.980827 0 0.19488
    outer loop
      vertex 38.3285 7.86841 2.35486
      vertex 38.3476 37.5418 2.45099
      vertex 38.3285 37.5316 2.35486
    endloop
  endfacet
  facet normal -0.980827 0 0.19488
    outer loop
      vertex 38.3476 37.5418 2.45099
      vertex 38.3285 7.86841 2.35486
      vertex 38.3476 7.85819 2.45099
    endloop
  endfacet
  facet normal -0.62468 -0.334605 0.70556
    outer loop
      vertex 38.1431 45.3214 2.11349
      vertex 38.1865 45.3806 2.17999
      vertex 38.1679 45.4032 2.17424
    endloop
  endfacet
  facet normal -0.625845 -0.33329 0.70515
    outer loop
      vertex 38.1865 45.3806 2.17999
      vertex 38.1431 45.3214 2.11349
      vertex 38.2045 45.3468 2.17999
    endloop
  endfacet
  facet normal -0.491328 -0.263169 0.830264
    outer loop
      vertex 38.0678 45.2902 2.05904
      vertex 38.1431 45.3214 2.11349
      vertex 38.046 45.3309 2.05904
    endloop
  endfacet
  facet normal -0.187492 -0.0572128 0.980598
    outer loop
      vertex 37.9924 45.2283 2.02153
      vertex 37.9841 45.2555 2.02153
      vertex 37.8953 45.2188 2.00241
    endloop
  endfacet
  facet normal -0.393351 -0.73444 0.553058
    outer loop
      vertex 38.0647 45.5214 2.1828
      vertex 38.0621 45.5321 2.19516
      vertex 38.028 45.5601 2.20809
    endloop
  endfacet
  facet normal -0.392372 -0.734186 0.55409
    outer loop
      vertex 38.0647 45.5214 2.1828
      vertex 38.028 45.5601 2.20809
      vertex 37.9979 45.5571 2.1828
    endloop
  endfacet
  facet normal -0.396044 -0.733821 0.551956
    outer loop
      vertex 38.0621 45.5321 2.19516
      vertex 38.0647 45.5214 2.1828
      vertex 38.0675 45.5255 2.19026
    endloop
  endfacet
  facet normal -0.391386 -0.73548 0.55307
    outer loop
      vertex 38.028 45.5601 2.20809
      vertex 38.0065 45.5777 2.21628
      vertex 37.9979 45.5571 2.1828
    endloop
  endfacet
  facet normal -0.0570676 -0.187508 0.980604
    outer loop
      vertex 37.8688 45.2453 2.00241
      vertex 37.8783 45.3424 2.02153
      vertex 37.8596 45.2481 2.00241
    endloop
  endfacet
  facet normal -0.491304 -0.263583 0.830148
    outer loop
      vertex 38.1431 45.3214 2.11349
      vertex 38.1137 45.3762 2.11349
      vertex 38.046 45.3309 2.05904
    endloop
  endfacet
  facet normal -0.431295 -0.353285 0.830165
    outer loop
      vertex 38.1137 45.3762 2.11349
      vertex 38.0743 45.4243 2.11349
      vertex 38.046 45.3309 2.05904
    endloop
  endfacet
  facet normal 0.92392 -0 0.382586
    outer loop
      vertex -38.3285 -23.5 2.35486
      vertex -38.291 -4.2 2.2643
      vertex -38.3285 -4.2 2.35486
    endloop
  endfacet
  facet normal 0.92392 0 0.382586
    outer loop
      vertex -38.291 -4.2 2.2643
      vertex -38.3285 -23.5 2.35486
      vertex -38.291 -23.5 2.2643
    endloop
  endfacet
  facet normal 0.92392 -0 0.382586
    outer loop
      vertex -38.3285 -35.2 2.35486
      vertex -38.291 -26.5 2.2643
      vertex -38.3285 -26.5 2.35486
    endloop
  endfacet
  facet normal 0.92392 0 0.382586
    outer loop
      vertex -38.291 -26.5 2.2643
      vertex -38.3285 -35.2 2.35486
      vertex -38.291 -35.2 2.2643
    endloop
  endfacet
  facet normal 0.923903 0 0.382628
    outer loop
      vertex -38.3204 37.5273 2.33529
      vertex -38.291 7.88166 2.2643
      vertex -38.291 37.5183 2.2643
    endloop
  endfacet
  facet normal 0.923982 -0 0.382435
    outer loop
      vertex -38.3204 7.87274 2.33529
      vertex -38.3204 37.5273 2.33529
      vertex -38.3285 37.5316 2.35486
    endloop
  endfacet
  facet normal 0.923903 0 0.382628
    outer loop
      vertex -38.3204 37.5273 2.33529
      vertex -38.3204 7.87274 2.33529
      vertex -38.291 7.88166 2.2643
    endloop
  endfacet
  facet normal 0.923982 0 0.382435
    outer loop
      vertex -38.3204 7.87274 2.33529
      vertex -38.3285 37.5316 2.35486
      vertex -38.3285 7.86841 2.35486
    endloop
  endfacet
  facet normal 0.92392 -0 0.382586
    outer loop
      vertex -38.3285 0.355827 2.35486
      vertex -38.291 6.16784 2.2643
      vertex -38.3285 6.04417 2.35486
    endloop
  endfacet
  facet normal 0.92392 0 0.382586
    outer loop
      vertex -38.291 6.16784 2.2643
      vertex -38.3285 0.355827 2.35486
      vertex -38.291 0.232162 2.2643
    endloop
  endfacet
  facet normal 0.92392 -0 0.382586
    outer loop
      vertex -38.3285 39.3558 2.35486
      vertex -38.291 45.1678 2.2643
      vertex -38.3285 45.0442 2.35486
    endloop
  endfacet
  facet normal 0.92392 0 0.382586
    outer loop
      vertex -38.291 45.1678 2.2643
      vertex -38.3285 39.3558 2.35486
      vertex -38.291 39.2322 2.2643
    endloop
  endfacet
  facet normal 0.431524 -0.353174 0.830094
    outer loop
      vertex -38.046 45.3309 2.05904
      vertex -38.0167 45.3667 2.05904
      vertex -38.0743 45.4243 2.11349
    endloop
  endfacet
  facet normal 0.956947 -0.290264 0
    outer loop
      vertex -38.338 45.2971 11.1375
      vertex -38.3097 45.3904 8.6375
      vertex -38.3097 45.3904 11.1375
    endloop
  endfacet
  facet normal 0.956947 -0.290264 0
    outer loop
      vertex -38.3097 45.3904 8.6375
      vertex -38.338 45.2971 11.1375
      vertex -38.338 45.2971 8.6375
    endloop
  endfacet
  facet normal 0.0819081 -0.828718 0.553641
    outer loop
      vertex -37.9254 45.5791 2.1828
      vertex -37.85 45.641 2.2643
      vertex -37.936 45.6325 2.2643
    endloop
  endfacet
  facet normal 0.396044 -0.733821 0.551956
    outer loop
      vertex -38.0647 45.5214 2.1828
      vertex -38.0621 45.5321 2.19516
      vertex -38.0675 45.5255 2.19026
    endloop
  endfacet
  facet normal 0.393351 -0.73444 0.553058
    outer loop
      vertex -38.0621 45.5321 2.19516
      vertex -38.0647 45.5214 2.1828
      vertex -38.028 45.5601 2.20809
    endloop
  endfacet
  facet normal 0.392372 -0.734186 0.55409
    outer loop
      vertex -38.028 45.5601 2.20809
      vertex -38.0647 45.5214 2.1828
      vertex -37.9979 45.5571 2.1828
    endloop
  endfacet
  facet normal 0.634018 -0.773318 0
    outer loop
      vertex -38.2019 45.5518 8.6375
      vertex -38.1264 45.6137 11.1375
      vertex -38.2019 45.5518 11.1375
    endloop
  endfacet
  facet normal 0.634018 -0.773318 0
    outer loop
      vertex -38.1264 45.6137 11.1375
      vertex -38.2019 45.5518 8.6375
      vertex -38.1264 45.6137 8.6375
    endloop
  endfacet
  facet normal 0.773409 -0.633908 0
    outer loop
      vertex -38.2637 45.4764 11.1375
      vertex -38.2019 45.5518 8.6375
      vertex -38.2019 45.5518 11.1375
    endloop
  endfacet
  facet normal 0.773409 -0.633908 0
    outer loop
      vertex -38.2019 45.5518 8.6375
      vertex -38.2637 45.4764 11.1375
      vertex -38.2637 45.4764 8.6375
    endloop
  endfacet
  facet normal 0.205736 -0.677993 0.70569
    outer loop
      vertex -37.9714 45.493 2.11349
      vertex -37.9254 45.5791 2.1828
      vertex -37.9979 45.5571 2.1828
    endloop
  endfacet
  facet normal -0.161754 -0.533546 0.830159
    outer loop
      vertex 37.9402 45.4178 2.05904
      vertex 37.9119 45.5111 2.11349
      vertex 37.896 45.4312 2.05904
    endloop
  endfacet
  facet normal -0.111491 -0.367753 0.923216
    outer loop
      vertex 37.9402 45.4178 2.05904
      vertex 37.896 45.4312 2.05904
      vertex 37.8783 45.3424 2.02153
    endloop
  endfacet
  facet normal -0.528526 -0.64446 0.552568
    outer loop
      vertex 38.0836 45.5059 2.1828
      vertex 38.0675 45.5255 2.19026
      vertex 38.0647 45.5214 2.1828
    endloop
  endfacet
  facet normal -0.24417 -0.296781 0.923202
    outer loop
      vertex 37.9526 45.3026 2.02153
      vertex 37.9809 45.396 2.05904
      vertex 37.9306 45.3207 2.02153
    endloop
  endfacet
  facet normal 0.533496 -0.161394 0.830261
    outer loop
      vertex -38.0678 45.2902 2.05904
      vertex -38.1431 45.3214 2.11349
      vertex -38.1611 45.2619 2.11349
    endloop
  endfacet
  facet normal 0.491328 -0.263169 0.830264
    outer loop
      vertex -38.0678 45.2902 2.05904
      vertex -38.046 45.3309 2.05904
      vertex -38.1431 45.3214 2.11349
    endloop
  endfacet
  facet normal 0.0186168 -0.195132 0.9806
    outer loop
      vertex -37.8596 45.2481 2.00241
      vertex -37.85 45.3451 2.02153
      vertex -37.8783 45.3424 2.02153
    endloop
  endfacet
  facet normal 0.111491 -0.367753 0.923216
    outer loop
      vertex -37.8783 45.3424 2.02153
      vertex -37.896 45.4312 2.05904
      vertex -37.9402 45.4178 2.05904
    endloop
  endfacet
  facet normal 0.0570676 -0.187508 0.980604
    outer loop
      vertex -37.8688 45.2453 2.00241
      vertex -37.8596 45.2481 2.00241
      vertex -37.8783 45.3424 2.02153
    endloop
  endfacet
  facet normal 0.0572128 -0.187492 0.980598
    outer loop
      vertex -37.8688 45.2453 2.00241
      vertex -37.8783 45.3424 2.02153
      vertex -37.9055 45.3341 2.02153
    endloop
  endfacet
  facet normal 0.124468 -0.151287 0.980622
    outer loop
      vertex -37.8772 45.2407 2.00241
      vertex -37.9306 45.3207 2.02153
      vertex -37.9526 45.3026 2.02153
    endloop
  endfacet
  facet normal 0.24417 -0.296781 0.923202
    outer loop
      vertex -37.9526 45.3026 2.02153
      vertex -37.9306 45.3207 2.02153
      vertex -37.9809 45.396 2.05904
    endloop
  endfacet
  facet normal 0.269191 -0.885591 0.378503
    outer loop
      vertex -37.936 45.6325 2.2643
      vertex -37.9366 45.6351 2.27081
      vertex -37.9394 45.6328 2.26742
    endloop
  endfacet
  facet normal 0.353343 -0.431365 0.830104
    outer loop
      vertex -38.0167 45.3667 2.05904
      vertex -38.0262 45.4637 2.11349
      vertex -38.0743 45.4243 2.11349
    endloop
  endfacet
  facet normal -0.446171 -0.55103 0.705193
    outer loop
      vertex 38.1113 45.4721 2.17425
      vertex 38.0743 45.4243 2.11349
      vertex 38.1162 45.4662 2.17274
    endloop
  endfacet
  facet normal -0.449317 -0.548531 0.705144
    outer loop
      vertex 38.0743 45.4243 2.11349
      vertex 38.1113 45.4721 2.17425
      vertex 38.0262 45.4637 2.11349
    endloop
  endfacet
  facet normal -0.54946 -0.447418 0.705628
    outer loop
      vertex 38.1573 45.4161 2.17274
      vertex 38.1137 45.3762 2.11349
      vertex 38.163 45.4091 2.17274
    endloop
  endfacet
  facet normal -0.548114 -0.448975 0.705686
    outer loop
      vertex 38.1137 45.3762 2.11349
      vertex 38.1573 45.4161 2.17274
      vertex 38.0743 45.4243 2.11349
    endloop
  endfacet
  facet normal -0.449306 -0.547863 0.70567
    outer loop
      vertex 38.0262 45.4637 2.11349
      vertex 38.0836 45.5059 2.1828
      vertex 38.0647 45.5214 2.1828
    endloop
  endfacet
  facet normal -0.449898 -0.547236 0.705779
    outer loop
      vertex 38.0836 45.5059 2.1828
      vertex 38.0262 45.4637 2.11349
      vertex 38.1113 45.4721 2.17425
    endloop
  endfacet
  facet normal -0.533496 -0.161394 0.830261
    outer loop
      vertex 38.1611 45.2619 2.11349
      vertex 38.1431 45.3214 2.11349
      vertex 38.0678 45.2902 2.05904
    endloop
  endfacet
  facet normal -0.151487 -0.124632 0.98057
    outer loop
      vertex 37.9707 45.2806 2.02153
      vertex 37.9526 45.3026 2.02153
      vertex 37.8847 45.2347 2.00241
    endloop
  endfacet
  facet normal -0.172971 -0.0923433 0.980588
    outer loop
      vertex 37.9841 45.2555 2.02153
      vertex 37.9707 45.2806 2.02153
      vertex 37.8953 45.2188 2.00241
    endloop
  endfacet
  facet normal -0.296781 -0.24417 0.923202
    outer loop
      vertex 37.9707 45.2806 2.02153
      vertex 38.046 45.3309 2.05904
      vertex 37.9526 45.3026 2.02153
    endloop
  endfacet
  facet normal -0.297137 -0.243187 0.923347
    outer loop
      vertex 38.046 45.3309 2.05904
      vertex 38.0167 45.3667 2.05904
      vertex 37.9526 45.3026 2.02153
    endloop
  endfacet
  facet normal 0.262987 -0.491867 0.830002
    outer loop
      vertex -37.9402 45.4178 2.05904
      vertex -37.9714 45.493 2.11349
      vertex -38.0262 45.4637 2.11349
    endloop
  endfacet
  facet normal 0.263263 -0.491504 0.830131
    outer loop
      vertex -37.9809 45.396 2.05904
      vertex -37.9402 45.4178 2.05904
      vertex -38.0262 45.4637 2.11349
    endloop
  endfacet
  facet normal 0.391386 -0.73548 0.55307
    outer loop
      vertex -37.9979 45.5571 2.1828
      vertex -38.0065 45.5777 2.21628
      vertex -38.028 45.5601 2.20809
    endloop
  endfacet
  facet normal 0.244269 -0.796634 0.552908
    outer loop
      vertex -37.9979 45.5571 2.1828
      vertex -37.9834 45.5967 2.23345
      vertex -38.0065 45.5777 2.21628
    endloop
  endfacet
  facet normal 0.241789 -0.796804 0.553752
    outer loop
      vertex -37.9834 45.5967 2.23345
      vertex -37.9979 45.5571 2.1828
      vertex -37.9254 45.5791 2.1828
    endloop
  endfacet
  facet normal 0.491304 -0.263583 0.830148
    outer loop
      vertex -38.046 45.3309 2.05904
      vertex -38.1137 45.3762 2.11349
      vertex -38.1431 45.3214 2.11349
    endloop
  endfacet
  facet normal 0.554915 -0.0542851 0.830134
    outer loop
      vertex -38.0857 45.2 2.05904
      vertex -38.0812 45.246 2.05904
      vertex -38.1611 45.2619 2.11349
    endloop
  endfacet
  facet normal 0.554693 -0.0546628 0.830257
    outer loop
      vertex -38.0857 45.2 2.05904
      vertex -38.1611 45.2619 2.11349
      vertex -38.1672 45.2 2.11349
    endloop
  endfacet
  facet normal 0.796433 -0.243339 0.553607
    outer loop
      vertex -38.2291 45.2754 2.1828
      vertex -38.234 45.2916 2.19697
      vertex -38.2414 45.2778 2.20155
    endloop
  endfacet
  facet normal -0.353285 -0.431295 0.830165
    outer loop
      vertex 38.0743 45.4243 2.11349
      vertex 38.0262 45.4637 2.11349
      vertex 37.9809 45.396 2.05904
    endloop
  endfacet
  facet normal -0.353174 -0.431524 0.830094
    outer loop
      vertex 38.0167 45.3667 2.05904
      vertex 38.0743 45.4243 2.11349
      vertex 37.9809 45.396 2.05904
    endloop
  endfacet
  facet normal -0.206274 -0.678084 0.705445
    outer loop
      vertex 37.9714 45.493 2.11349
      vertex 37.9254 45.5791 2.1828
      vertex 37.9119 45.5111 2.11349
    endloop
  endfacet
  facet normal -0.205736 -0.677993 0.70569
    outer loop
      vertex 37.9714 45.493 2.11349
      vertex 37.9979 45.5571 2.1828
      vertex 37.9254 45.5791 2.1828
    endloop
  endfacet
  facet normal 0.367315 -0.112085 0.923318
    outer loop
      vertex -37.9924 45.2283 2.02153
      vertex -37.9841 45.2555 2.02153
      vertex -38.0678 45.2902 2.05904
    endloop
  endfacet
  facet normal 0.338586 -0.181356 0.923293
    outer loop
      vertex -37.9841 45.2555 2.02153
      vertex -38.046 45.3309 2.05904
      vertex -38.0678 45.2902 2.05904
    endloop
  endfacet
  facet normal -0.707158 0 0.707056
    outer loop
      vertex 38.1672 45.2 2.11349
      vertex 38.2365 39.1131 2.1828
      vertex 38.2365 45.2 2.1828
    endloop
  endfacet
  facet normal -0.707158 0 0.707056
    outer loop
      vertex 38.1672 38.996 2.11349
      vertex 38.2365 39.1131 2.1828
      vertex 38.1672 45.2 2.11349
    endloop
  endfacet
  facet normal -0.704364 -0.00329671 0.709832
    outer loop
      vertex 38.2365 39.1131 2.1828
      vertex 38.1672 38.996 2.11349
      vertex 38.1865 39.0194 2.13275
    endloop
  endfacet
  facet normal -0.707158 0 0.707056
    outer loop
      vertex 38.1672 -23.5 2.11349
      vertex 38.2365 -4.2 2.1828
      vertex 38.1672 -4.2 2.11349
    endloop
  endfacet
  facet normal -0.707158 0 0.707056
    outer loop
      vertex 38.2365 -4.2 2.1828
      vertex 38.1672 -23.5 2.11349
      vertex 38.2365 -23.5 2.1828
    endloop
  endfacet
  facet normal -0.707158 0 0.707056
    outer loop
      vertex 38.1672 -35.2 2.11349
      vertex 38.2365 -26.5 2.1828
      vertex 38.1672 -26.5 2.11349
    endloop
  endfacet
  facet normal -0.707158 0 0.707056
    outer loop
      vertex 38.2365 -26.5 2.1828
      vertex 38.1672 -35.2 2.11349
      vertex 38.2365 -35.2 2.1828
    endloop
  endfacet
  facet normal -0.704341 0.00332306 0.709854
    outer loop
      vertex 38.1672 6.40403 2.11349
      vertex 38.2365 6.28694 2.1828
      vertex 38.1865 6.38056 2.13275
    endloop
  endfacet
  facet normal -0.707158 0 0.707056
    outer loop
      vertex 38.1672 6.40403 2.11349
      vertex 38.2365 0.113065 2.1828
      vertex 38.2365 6.28694 2.1828
    endloop
  endfacet
  facet normal -0.707158 0 0.707056
    outer loop
      vertex 38.1672 -0.00402505 2.11349
      vertex 38.2365 0.113065 2.1828
      vertex 38.1672 6.40403 2.11349
    endloop
  endfacet
  facet normal -0.704342 -0.00332224 0.709853
    outer loop
      vertex 38.2365 0.113065 2.1828
      vertex 38.1672 -0.00402505 2.11349
      vertex 38.1865 0.0194427 2.13275
    endloop
  endfacet
  facet normal -0.707158 0 0.707056
    outer loop
      vertex 38.1672 7.91921 2.11349
      vertex 38.2365 37.5018 2.1828
      vertex 38.1672 37.4808 2.11349
    endloop
  endfacet
  facet normal -0.707158 0 0.707056
    outer loop
      vertex 38.2365 37.5018 2.1828
      vertex 38.1672 7.91921 2.11349
      vertex 38.2365 7.89818 2.1828
    endloop
  endfacet
  facet normal -0.554915 -0.0542851 0.830134
    outer loop
      vertex 38.0857 45.2 2.05904
      vertex 38.1611 45.2619 2.11349
      vertex 38.0812 45.246 2.05904
    endloop
  endfacet
  facet normal -0.533546 -0.161754 0.830159
    outer loop
      vertex 38.0812 45.246 2.05904
      vertex 38.1611 45.2619 2.11349
      vertex 38.0678 45.2902 2.05904
    endloop
  endfacet
  facet normal -0.547984 -0.449544 0.705425
    outer loop
      vertex 38.1573 45.4161 2.17274
      vertex 38.1162 45.4662 2.17274
      vertex 38.0743 45.4243 2.11349
    endloop
  endfacet
  facet normal -0.634018 -0.773318 0
    outer loop
      vertex 38.1264 45.6137 8.6375
      vertex 38.2019 45.5518 11.1375
      vertex 38.1264 45.6137 11.1375
    endloop
  endfacet
  facet normal -0.634018 -0.773318 -0
    outer loop
      vertex 38.2019 45.5518 11.1375
      vertex 38.1264 45.6137 8.6375
      vertex 38.2019 45.5518 8.6375
    endloop
  endfacet
  facet normal -0.382274 -0.0364714 0.923329
    outer loop
      vertex 37.9951 45.2 2.02153
      vertex 38.0857 45.2 2.05904
      vertex 37.9924 45.2283 2.02153
    endloop
  endfacet
  facet normal -0.195101 -0.0186139 0.980607
    outer loop
      vertex 37.9951 45.2 2.02153
      vertex 37.9924 45.2283 2.02153
      vertex 37.899 45.2 2.00241
    endloop
  endfacet
  facet normal 0.471652 -0.881785 0
    outer loop
      vertex -38.1264 45.6137 8.6375
      vertex -38.0404 45.6597 11.1375
      vertex -38.1264 45.6137 11.1375
    endloop
  endfacet
  facet normal 0.471652 -0.881785 0
    outer loop
      vertex -38.0404 45.6597 11.1375
      vertex -38.1264 45.6137 8.6375
      vertex -38.0404 45.6597 8.6375
    endloop
  endfacet
  facet normal 0.548114 -0.448975 0.705686
    outer loop
      vertex -38.1573 45.4161 2.17274
      vertex -38.1137 45.3762 2.11349
      vertex -38.0743 45.4243 2.11349
    endloop
  endfacet
  facet normal 0.54946 -0.447418 0.705628
    outer loop
      vertex -38.1137 45.3762 2.11349
      vertex -38.1573 45.4161 2.17274
      vertex -38.163 45.4091 2.17274
    endloop
  endfacet
  facet normal 0.333978 -0.624923 0.705641
    outer loop
      vertex -37.9714 45.493 2.11349
      vertex -37.9979 45.5571 2.1828
      vertex -38.0647 45.5214 2.1828
    endloop
  endfacet
  facet normal 0.0546782 -0.554849 0.830152
    outer loop
      vertex -37.896 45.4312 2.05904
      vertex -37.85 45.5172 2.11349
      vertex -37.9119 45.5111 2.11349
    endloop
  endfacet
  facet normal 0.206274 -0.678084 0.705445
    outer loop
      vertex -37.9119 45.5111 2.11349
      vertex -37.9254 45.5791 2.1828
      vertex -37.9714 45.493 2.11349
    endloop
  endfacet
  facet normal 0.241769 -0.796822 0.553735
    outer loop
      vertex -37.9254 45.5791 2.1828
      vertex -37.942 45.6307 2.2643
      vertex -37.9834 45.5967 2.23345
    endloop
  endfacet
  facet normal 0.239277 -0.797589 0.553713
    outer loop
      vertex -37.942 45.6307 2.2643
      vertex -37.9254 45.5791 2.1828
      vertex -37.936 45.6325 2.2643
    endloop
  endfacet
  facet normal 0.266312 -0.887708 0.375569
    outer loop
      vertex -37.936 45.6325 2.2643
      vertex -37.9394 45.6328 2.26742
      vertex -37.942 45.6307 2.2643
    endloop
  endfacet
  facet normal 0.334064 -0.624803 0.705707
    outer loop
      vertex -38.0262 45.4637 2.11349
      vertex -37.9714 45.493 2.11349
      vertex -38.0647 45.5214 2.1828
    endloop
  endfacet
  facet normal 0.44928 -0.548487 0.705202
    outer loop
      vertex -38.1113 45.4721 2.17424
      vertex -38.0743 45.4243 2.11349
      vertex -38.0262 45.4637 2.11349
    endloop
  endfacet
  facet normal 0.446854 -0.550415 0.705241
    outer loop
      vertex -38.0743 45.4243 2.11349
      vertex -38.1113 45.4721 2.17424
      vertex -38.1162 45.4662 2.17274
    endloop
  endfacet
  facet normal 0.622761 -0.337783 0.705742
    outer loop
      vertex -38.1679 45.4032 2.17424
      vertex -38.1137 45.3762 2.11349
      vertex -38.163 45.4091 2.17274
    endloop
  endfacet
  facet normal 0.624252 -0.334909 0.705794
    outer loop
      vertex -38.1137 45.3762 2.11349
      vertex -38.1679 45.4032 2.17424
      vertex -38.1431 45.3214 2.11349
    endloop
  endfacet
  facet normal 0.678349 -0.205215 0.705499
    outer loop
      vertex -38.1611 45.2619 2.11349
      vertex -38.1431 45.3214 2.11349
      vertex -38.2291 45.2754 2.1828
    endloop
  endfacet
  facet normal 0.705335 -0.0692238 0.705487
    outer loop
      vertex -38.1611 45.2619 2.11349
      vertex -38.2291 45.2754 2.1828
      vertex -38.2365 45.2 2.1828
    endloop
  endfacet
  facet normal 0 0 1
    outer loop
      vertex -35.6032 45.249 2.00241
      vertex -35.505 44.825 2.00241
      vertex -35.5242 45.0201 2.00241
    endloop
  endfacet
  facet normal 0 0 1
    outer loop
      vertex -35.505 44.825 2.00241
      vertex -37.899 45.2 2.00241
      vertex -35.505 39.575 2.00241
    endloop
  endfacet
  facet normal 0 0 1
    outer loop
      vertex -35.6032 45.249 2.00241
      vertex -35.5242 45.0201 2.00241
      vertex -35.5811 45.2077 2.00241
    endloop
  endfacet
  facet normal 0 0 1
    outer loop
      vertex -37.899 38.7374 2.00241
      vertex -35.505 39.575 2.00241
      vertex -37.899 45.2 2.00241
    endloop
  endfacet
  facet normal 0 0 1
    outer loop
      vertex -35.505 44.825 2.00241
      vertex -35.6032 45.249 2.00241
      vertex -37.85 45.249 2.00241
    endloop
  endfacet
  facet normal 0 -0 1
    outer loop
      vertex -37.355 38.575 2.00241
      vertex -35.505 39.575 2.00241
      vertex -37.899 38.7374 2.00241
    endloop
  endfacet
  facet normal 0 -0 1
    outer loop
      vertex -36.505 38.575 2.00241
      vertex -35.505 39.575 2.00241
      vertex -37.355 38.575 2.00241
    endloop
  endfacet
  facet normal 0 0 1
    outer loop
      vertex -35.505 39.575 2.00241
      vertex -36.505 38.575 2.00241
      vertex -35.5242 39.3799 2.00241
    endloop
  endfacet
  facet normal 0 0 1
    outer loop
      vertex -35.5242 39.3799 2.00241
      vertex -36.505 38.575 2.00241
      vertex -35.5811 39.1923 2.00241
    endloop
  endfacet
  facet normal 0 0 1
    outer loop
      vertex -35.5811 39.1923 2.00241
      vertex -36.505 38.575 2.00241
      vertex -35.6735 39.0194 2.00241
    endloop
  endfacet
  facet normal 0 0 1
    outer loop
      vertex -35.7979 38.8679 2.00241
      vertex -36.505 38.575 2.00241
      vertex -35.9494 38.7435 2.00241
    endloop
  endfacet
  facet normal 0 0 1
    outer loop
      vertex -36.1223 38.6511 2.00241
      vertex -36.505 38.575 2.00241
      vertex -36.3099 38.5942 2.00241
    endloop
  endfacet
  facet normal 0 0 1
    outer loop
      vertex -35.6735 39.0194 2.00241
      vertex -36.505 38.575 2.00241
      vertex -35.7979 38.8679 2.00241
    endloop
  endfacet
  facet normal 0 0 1
    outer loop
      vertex -37.355 38.575 2.00241
      vertex -37.899 38.7374 2.00241
      vertex -37.5501 38.5942 2.00241
    endloop
  endfacet
  facet normal 0 0 1
    outer loop
      vertex -35.505 44.825 2.00241
      vertex -37.85 45.249 2.00241
      vertex -37.899 45.2 2.00241
    endloop
  endfacet
  facet normal 0 0 1
    outer loop
      vertex -37.899 45.2 2.00241
      vertex -37.85 45.249 2.00241
      vertex -37.8596 45.2481 2.00241
    endloop
  endfacet
  facet normal 0 0 1
    outer loop
      vertex -37.899 45.2 2.00241
      vertex -37.8596 45.2481 2.00241
      vertex -37.8688 45.2453 2.00241
    endloop
  endfacet
  facet normal 0 0 1
    outer loop
      vertex -37.899 45.2 2.00241
      vertex -37.8688 45.2453 2.00241
      vertex -37.8772 45.2407 2.00241
    endloop
  endfacet
  facet normal 0 0 1
    outer loop
      vertex -37.899 45.2 2.00241
      vertex -37.8772 45.2407 2.00241
      vertex -37.8847 45.2347 2.00241
    endloop
  endfacet
  facet normal 0 0 1
    outer loop
      vertex -37.899 45.2 2.00241
      vertex -37.8847 45.2347 2.00241
      vertex -37.8907 45.2272 2.00241
    endloop
  endfacet
  facet normal 0 0 1
    outer loop
      vertex -37.899 45.2 2.00241
      vertex -37.8907 45.2272 2.00241
      vertex -37.8953 45.2188 2.00241
    endloop
  endfacet
  facet normal 0 0 1
    outer loop
      vertex -37.899 45.2 2.00241
      vertex -37.8953 45.2188 2.00241
      vertex -37.8981 45.2096 2.00241
    endloop
  endfacet
  facet normal 0 0 1
    outer loop
      vertex -35.9494 38.7435 2.00241
      vertex -36.505 38.575 2.00241
      vertex -36.1223 38.6511 2.00241
    endloop
  endfacet
  facet normal 0 0 1
    outer loop
      vertex -37.5501 38.5942 2.00241
      vertex -37.899 38.7374 2.00241
      vertex -37.7377 38.6511 2.00241
    endloop
  endfacet
  facet normal 0 0 1
    outer loop
      vertex 37.85 45.249 2.00241
      vertex 37.899 45.2 2.00241
      vertex 37.8981 45.2096 2.00241
    endloop
  endfacet
  facet normal 0 0 1
    outer loop
      vertex 37.85 45.249 2.00241
      vertex 37.8981 45.2096 2.00241
      vertex 37.8953 45.2188 2.00241
    endloop
  endfacet
  facet normal 0 0 1
    outer loop
      vertex 37.85 45.249 2.00241
      vertex 37.8953 45.2188 2.00241
      vertex 37.8907 45.2272 2.00241
    endloop
  endfacet
  facet normal 0 0 1
    outer loop
      vertex 37.85 45.249 2.00241
      vertex 37.8907 45.2272 2.00241
      vertex 37.8847 45.2347 2.00241
    endloop
  endfacet
  facet normal 0 0 1
    outer loop
      vertex 37.85 45.249 2.00241
      vertex 37.8847 45.2347 2.00241
      vertex 37.8772 45.2407 2.00241
    endloop
  endfacet
  facet normal 0 0 1
    outer loop
      vertex 37.85 45.249 2.00241
      vertex 37.8772 45.2407 2.00241
      vertex 37.8688 45.2453 2.00241
    endloop
  endfacet
  facet normal 0 0 1
    outer loop
      vertex 37.85 45.249 2.00241
      vertex 37.8688 45.2453 2.00241
      vertex 37.8596 45.2481 2.00241
    endloop
  endfacet
  facet normal 0 0 1
    outer loop
      vertex 37.899 45.2 2.00241
      vertex 37.85 45.249 2.00241
      vertex 35.505 44.825 2.00241
    endloop
  endfacet
  facet normal 0 0 1
    outer loop
      vertex 37.899 45.2 2.00241
      vertex 35.505 39.575 2.00241
      vertex 37.899 38.7374 2.00241
    endloop
  endfacet
  facet normal 0 -0 1
    outer loop
      vertex 37.355 38.575 2.00241
      vertex 37.899 38.7374 2.00241
      vertex 35.505 39.575 2.00241
    endloop
  endfacet
  facet normal 0 0 1
    outer loop
      vertex 37.899 38.7374 2.00241
      vertex 37.355 38.575 2.00241
      vertex 37.7377 38.6511 2.00241
    endloop
  endfacet
  facet normal 0 0 1
    outer loop
      vertex 37.7377 38.6511 2.00241
      vertex 37.355 38.575 2.00241
      vertex 37.5501 38.5942 2.00241
    endloop
  endfacet
  facet normal 0 0 1
    outer loop
      vertex 37.355 38.575 2.00241
      vertex 35.505 39.575 2.00241
      vertex 36.505 38.575 2.00241
    endloop
  endfacet
  facet normal 0 0 1
    outer loop
      vertex 36.505 38.575 2.00241
      vertex 35.505 39.575 2.00241
      vertex 36.3099 38.5942 2.00241
    endloop
  endfacet
  facet normal 0 0 1
    outer loop
      vertex 36.3099 38.5942 2.00241
      vertex 35.505 39.575 2.00241
      vertex 36.1223 38.6511 2.00241
    endloop
  endfacet
  facet normal 0 0 1
    outer loop
      vertex 36.1223 38.6511 2.00241
      vertex 35.505 39.575 2.00241
      vertex 35.9494 38.7435 2.00241
    endloop
  endfacet
  facet normal 0 0 1
    outer loop
      vertex 35.9494 38.7435 2.00241
      vertex 35.505 39.575 2.00241
      vertex 35.7979 38.8679 2.00241
    endloop
  endfacet
  facet normal 0 0 1
    outer loop
      vertex 35.505 44.825 2.00241
      vertex 37.85 45.249 2.00241
      vertex 35.6032 45.249 2.00241
    endloop
  endfacet
  facet normal 0 0 1
    outer loop
      vertex 35.5242 45.0201 2.00241
      vertex 35.6032 45.249 2.00241
      vertex 35.5811 45.2077 2.00241
    endloop
  endfacet
  facet normal 0 0 1
    outer loop
      vertex 37.899 45.2 2.00241
      vertex 35.505 44.825 2.00241
      vertex 35.505 39.575 2.00241
    endloop
  endfacet
  facet normal 0 0 1
    outer loop
      vertex 35.6032 45.249 2.00241
      vertex 35.5242 45.0201 2.00241
      vertex 35.505 44.825 2.00241
    endloop
  endfacet
  facet normal 0 0 1
    outer loop
      vertex 35.7979 38.8679 2.00241
      vertex 35.505 39.575 2.00241
      vertex 35.6735 39.0194 2.00241
    endloop
  endfacet
  facet normal 0 0 1
    outer loop
      vertex 35.6735 39.0194 2.00241
      vertex 35.505 39.575 2.00241
      vertex 35.5811 39.1923 2.00241
    endloop
  endfacet
  facet normal 0 0 1
    outer loop
      vertex 35.5811 39.1923 2.00241
      vertex 35.505 39.575 2.00241
      vertex 35.5242 39.3799 2.00241
    endloop
  endfacet
  facet normal -0 0 1
    outer loop
      vertex -34.1 -27.625 2.00241
      vertex -32.5805 -38.6442 2.00241
      vertex -28.45 -27.625 2.00241
    endloop
  endfacet
  facet normal 0 0 1
    outer loop
      vertex -37.15 -35.2 2.00241
      vertex -34.1 -27.625 2.00241
      vertex -34.4902 -27.5866 2.00241
    endloop
  endfacet
  facet normal 0 0 1
    outer loop
      vertex -37.15 -35.2 2.00241
      vertex -34.4902 -27.5866 2.00241
      vertex -34.8654 -27.4727 2.00241
    endloop
  endfacet
  facet normal 0 0 1
    outer loop
      vertex -37.15 -35.2 2.00241
      vertex -34.8654 -27.4727 2.00241
      vertex -35.2111 -27.2879 2.00241
    endloop
  endfacet
  facet normal 0 0 1
    outer loop
      vertex -37.899 -26.5 2.00241
      vertex -35.2111 -27.2879 2.00241
      vertex -35.5142 -27.0392 2.00241
    endloop
  endfacet
  facet normal 0 0 1
    outer loop
      vertex -37.899 -26.5 2.00241
      vertex -35.5142 -27.0392 2.00241
      vertex -35.7629 -26.7361 2.00241
    endloop
  endfacet
  facet normal -0 0 1
    outer loop
      vertex -37.899 -26.5 2.00241
      vertex -35.7629 -26.7361 2.00241
      vertex -35.8891 -26.5 2.00241
    endloop
  endfacet
  facet normal 0 0 1
    outer loop
      vertex -34.1 -27.625 2.00241
      vertex -37.15 -35.2 2.00241
      vertex -32.5805 -38.6442 2.00241
    endloop
  endfacet
  facet normal 0 0 1
    outer loop
      vertex -32.5805 -38.6442 2.00241
      vertex -37.15 -35.2 2.00241
      vertex -36.4442 -37.6089 2.00241
    endloop
  endfacet
  facet normal 0 0 1
    outer loop
      vertex -35.2111 -27.2879 2.00241
      vertex -37.899 -26.5 2.00241
      vertex -37.899 -35.2 2.00241
    endloop
  endfacet
  facet normal 0 0 1
    outer loop
      vertex -35.2111 -27.2879 2.00241
      vertex -37.899 -35.2 2.00241
      vertex -37.15 -35.2 2.00241
    endloop
  endfacet
  facet normal 0 0 1
    outer loop
      vertex -28.0598 -22.4134 2.00241
      vertex -16.75 -19.2 2.00241
      vertex -16.75 -4.2 2.00241
    endloop
  endfacet
  facet normal 0 0 1
    outer loop
      vertex -16.75 -19.2 2.00241
      vertex -26.4884 -23.9848 2.00241
      vertex -26.45 -24.375 2.00241
    endloop
  endfacet
  facet normal 0 0 1
    outer loop
      vertex -16.75 -19.2 2.00241
      vertex -26.6023 -23.6096 2.00241
      vertex -26.4884 -23.9848 2.00241
    endloop
  endfacet
  facet normal 0 0 1
    outer loop
      vertex -16.75 -19.2 2.00241
      vertex -26.7871 -23.2639 2.00241
      vertex -26.6023 -23.6096 2.00241
    endloop
  endfacet
  facet normal 0 0 1
    outer loop
      vertex -16.75 -19.2 2.00241
      vertex -27.0358 -22.9608 2.00241
      vertex -26.7871 -23.2639 2.00241
    endloop
  endfacet
  facet normal 0 0 1
    outer loop
      vertex -16.75 -19.2 2.00241
      vertex -27.3389 -22.7121 2.00241
      vertex -27.0358 -22.9608 2.00241
    endloop
  endfacet
  facet normal 0 0 1
    outer loop
      vertex -16.75 -19.2 2.00241
      vertex -27.6846 -22.5273 2.00241
      vertex -27.3389 -22.7121 2.00241
    endloop
  endfacet
  facet normal 0 0 1
    outer loop
      vertex -16.75 -19.2 2.00241
      vertex -28.0598 -22.4134 2.00241
      vertex -27.6846 -22.5273 2.00241
    endloop
  endfacet
  facet normal 0 0 1
    outer loop
      vertex -16.75 -4.2 2.00241
      vertex -28.45 -22.375 2.00241
      vertex -28.0598 -22.4134 2.00241
    endloop
  endfacet
  facet normal -0 0 1
    outer loop
      vertex -37.899 -4.2 2.00241
      vertex -28.45 -22.375 2.00241
      vertex -16.75 -4.2 2.00241
    endloop
  endfacet
  facet normal 0 0 1
    outer loop
      vertex -28.45 -22.375 2.00241
      vertex -37.899 -4.2 2.00241
      vertex -34.1 -22.375 2.00241
    endloop
  endfacet
  facet normal 0 0 1
    outer loop
      vertex -34.1 -22.375 2.00241
      vertex -37.899 -4.2 2.00241
      vertex -34.4902 -22.4134 2.00241
    endloop
  endfacet
  facet normal 0 0 1
    outer loop
      vertex -34.4902 -22.4134 2.00241
      vertex -37.899 -4.2 2.00241
      vertex -34.8654 -22.5273 2.00241
    endloop
  endfacet
  facet normal 0 0 1
    outer loop
      vertex -37.899 -23.5 2.00241
      vertex -34.8654 -22.5273 2.00241
      vertex -37.899 -4.2 2.00241
    endloop
  endfacet
  facet normal 0 0 1
    outer loop
      vertex -34.8654 -22.5273 2.00241
      vertex -37.899 -23.5 2.00241
      vertex -35.2111 -22.7121 2.00241
    endloop
  endfacet
  facet normal 0 0 1
    outer loop
      vertex -35.2111 -22.7121 2.00241
      vertex -37.899 -23.5 2.00241
      vertex -35.5142 -22.9608 2.00241
    endloop
  endfacet
  facet normal 0 0 1
    outer loop
      vertex -35.5142 -22.9608 2.00241
      vertex -37.899 -23.5 2.00241
      vertex -35.7629 -23.2639 2.00241
    endloop
  endfacet
  facet normal 0 0 1
    outer loop
      vertex -35.7629 -23.2639 2.00241
      vertex -37.899 -23.5 2.00241
      vertex -35.8891 -23.5 2.00241
    endloop
  endfacet
  facet normal -0 0 1
    outer loop
      vertex 34.8654 -22.5273 2.00241
      vertex 37.899 -23.5 2.00241
      vertex 37.899 -4.2 2.00241
    endloop
  endfacet
  facet normal 0 0 1
    outer loop
      vertex 37.899 -23.5 2.00241
      vertex 35.7629 -23.2639 2.00241
      vertex 35.8891 -23.5 2.00241
    endloop
  endfacet
  facet normal 0 0 1
    outer loop
      vertex 37.899 -23.5 2.00241
      vertex 35.5142 -22.9608 2.00241
      vertex 35.7629 -23.2639 2.00241
    endloop
  endfacet
  facet normal 0 0 1
    outer loop
      vertex 37.899 -23.5 2.00241
      vertex 35.2111 -22.7121 2.00241
      vertex 35.5142 -22.9608 2.00241
    endloop
  endfacet
  facet normal 0 0 1
    outer loop
      vertex 37.899 -23.5 2.00241
      vertex 34.8654 -22.5273 2.00241
      vertex 35.2111 -22.7121 2.00241
    endloop
  endfacet
  facet normal 0 0 1
    outer loop
      vertex 37.899 -4.2 2.00241
      vertex 34.4902 -22.4134 2.00241
      vertex 34.8654 -22.5273 2.00241
    endloop
  endfacet
  facet normal 0 0 1
    outer loop
      vertex 37.899 -4.2 2.00241
      vertex 34.1 -22.375 2.00241
      vertex 34.4902 -22.4134 2.00241
    endloop
  endfacet
  facet normal 0 0 1
    outer loop
      vertex 37.899 -4.2 2.00241
      vertex 28.45 -22.375 2.00241
      vertex 34.1 -22.375 2.00241
    endloop
  endfacet
  facet normal -0 0 1
    outer loop
      vertex 16.75 -4.2 2.00241
      vertex 28.45 -22.375 2.00241
      vertex 37.899 -4.2 2.00241
    endloop
  endfacet
  facet normal 0 0 1
    outer loop
      vertex 28.45 -22.375 2.00241
      vertex 16.75 -4.2 2.00241
      vertex 28.0598 -22.4134 2.00241
    endloop
  endfacet
  facet normal -0 0 1
    outer loop
      vertex 16.75 -19.2 2.00241
      vertex 28.0598 -22.4134 2.00241
      vertex 16.75 -4.2 2.00241
    endloop
  endfacet
  facet normal 0 0 1
    outer loop
      vertex 28.0598 -22.4134 2.00241
      vertex 16.75 -19.2 2.00241
      vertex 27.6846 -22.5273 2.00241
    endloop
  endfacet
  facet normal 0 0 1
    outer loop
      vertex 27.6846 -22.5273 2.00241
      vertex 16.75 -19.2 2.00241
      vertex 27.3389 -22.7121 2.00241
    endloop
  endfacet
  facet normal -0 0 1
    outer loop
      vertex 16.5977 -19.9654 2.00241
      vertex 26.6023 -23.6096 2.00241
      vertex 16.7116 -19.5902 2.00241
    endloop
  endfacet
  facet normal 0 0 1
    outer loop
      vertex 26.7871 -23.2639 2.00241
      vertex 16.7116 -19.5902 2.00241
      vertex 26.6023 -23.6096 2.00241
    endloop
  endfacet
  facet normal -0 0 1
    outer loop
      vertex 16.7116 -19.5902 2.00241
      vertex 26.7871 -23.2639 2.00241
      vertex 16.75 -19.2 2.00241
    endloop
  endfacet
  facet normal 0 0 1
    outer loop
      vertex 27.0358 -22.9608 2.00241
      vertex 16.75 -19.2 2.00241
      vertex 26.7871 -23.2639 2.00241
    endloop
  endfacet
  facet normal 0 0 1
    outer loop
      vertex 27.3389 -22.7121 2.00241
      vertex 16.75 -19.2 2.00241
      vertex 27.0358 -22.9608 2.00241
    endloop
  endfacet
  facet normal -0 0 1
    outer loop
      vertex 35.2111 -27.2879 2.00241
      vertex 37.899 -35.2 2.00241
      vertex 37.899 -26.5 2.00241
    endloop
  endfacet
  facet normal 0 0 1
    outer loop
      vertex 37.15 -35.2 2.00241
      vertex 36.4442 -37.6089 2.00241
      vertex 37.15 -40.2431 2.00241
    endloop
  endfacet
  facet normal 0 0 1
    outer loop
      vertex 37.899 -35.2 2.00241
      vertex 35.2111 -27.2879 2.00241
      vertex 37.15 -35.2 2.00241
    endloop
  endfacet
  facet normal 0 0 1
    outer loop
      vertex 35.7629 -26.7361 2.00241
      vertex 37.899 -26.5 2.00241
      vertex 35.8891 -26.5 2.00241
    endloop
  endfacet
  facet normal 0 0 1
    outer loop
      vertex 35.5142 -27.0392 2.00241
      vertex 37.899 -26.5 2.00241
      vertex 35.7629 -26.7361 2.00241
    endloop
  endfacet
  facet normal 0 0 1
    outer loop
      vertex 35.2111 -27.2879 2.00241
      vertex 37.899 -26.5 2.00241
      vertex 35.5142 -27.0392 2.00241
    endloop
  endfacet
  facet normal -0 0 1
    outer loop
      vertex 34.8654 -27.4727 2.00241
      vertex 37.15 -35.2 2.00241
      vertex 35.2111 -27.2879 2.00241
    endloop
  endfacet
  facet normal -0 0 1
    outer loop
      vertex 34.4902 -27.5866 2.00241
      vertex 37.15 -35.2 2.00241
      vertex 34.8654 -27.4727 2.00241
    endloop
  endfacet
  facet normal -0 0 1
    outer loop
      vertex 34.1 -27.625 2.00241
      vertex 37.15 -35.2 2.00241
      vertex 34.4902 -27.5866 2.00241
    endloop
  endfacet
  facet normal 0 0 1
    outer loop
      vertex 32.5805 -38.6442 2.00241
      vertex 37.15 -35.2 2.00241
      vertex 34.1 -27.625 2.00241
    endloop
  endfacet
  facet normal 0 0 1
    outer loop
      vertex 37.15 -35.2 2.00241
      vertex 32.5805 -38.6442 2.00241
      vertex 36.4442 -37.6089 2.00241
    endloop
  endfacet
  facet normal 0 -0 1
    outer loop
      vertex 32.5805 -38.6442 2.00241
      vertex 34.1 -27.625 2.00241
      vertex 28.45 -27.625 2.00241
    endloop
  endfacet
  facet normal 0 0 1
    outer loop
      vertex 28.0598 -27.5866 2.00241
      vertex 32.5805 -38.6442 2.00241
      vertex 28.45 -27.625 2.00241
    endloop
  endfacet
  facet normal 0 0 1
    outer loop
      vertex 27.6846 -27.4727 2.00241
      vertex 32.5805 -38.6442 2.00241
      vertex 28.0598 -27.5866 2.00241
    endloop
  endfacet
  facet normal 0 0 1
    outer loop
      vertex 27.3389 -27.2879 2.00241
      vertex 32.5805 -38.6442 2.00241
      vertex 27.6846 -27.4727 2.00241
    endloop
  endfacet
  facet normal 0 0 1
    outer loop
      vertex 27.0358 -27.0392 2.00241
      vertex 32.5805 -38.6442 2.00241
      vertex 27.3389 -27.2879 2.00241
    endloop
  endfacet
  facet normal 0 0 1
    outer loop
      vertex 14.75 -21.2 2.00241
      vertex 32.5805 -38.6442 2.00241
      vertex 27.0358 -27.0392 2.00241
    endloop
  endfacet
  facet normal 0 0 1
    outer loop
      vertex 14.75 -21.2 2.00241
      vertex 27.0358 -27.0392 2.00241
      vertex 26.7871 -26.7361 2.00241
    endloop
  endfacet
  facet normal 0 0 1
    outer loop
      vertex 15.1402 -21.1616 2.00241
      vertex 26.7871 -26.7361 2.00241
      vertex 26.6023 -26.3904 2.00241
    endloop
  endfacet
  facet normal 0 0 1
    outer loop
      vertex 26.6023 -23.6096 2.00241
      vertex 16.5977 -19.9654 2.00241
      vertex 26.4884 -23.9848 2.00241
    endloop
  endfacet
  facet normal -0 0 1
    outer loop
      vertex 16.4129 -20.3111 2.00241
      vertex 26.4884 -23.9848 2.00241
      vertex 16.5977 -19.9654 2.00241
    endloop
  endfacet
  facet normal 0 0 1
    outer loop
      vertex 26.4884 -23.9848 2.00241
      vertex 16.4129 -20.3111 2.00241
      vertex 26.45 -24.375 2.00241
    endloop
  endfacet
  facet normal -0 0 1
    outer loop
      vertex 16.1642 -20.6142 2.00241
      vertex 26.45 -24.375 2.00241
      vertex 16.4129 -20.3111 2.00241
    endloop
  endfacet
  facet normal 0 0 1
    outer loop
      vertex 26.45 -24.375 2.00241
      vertex 16.1642 -20.6142 2.00241
      vertex 26.45 -25.625 2.00241
    endloop
  endfacet
  facet normal -0 0 1
    outer loop
      vertex 15.8611 -20.8629 2.00241
      vertex 26.45 -25.625 2.00241
      vertex 16.1642 -20.6142 2.00241
    endloop
  endfacet
  facet normal 0 0 1
    outer loop
      vertex 26.45 -25.625 2.00241
      vertex 15.8611 -20.8629 2.00241
      vertex 26.4884 -26.0152 2.00241
    endloop
  endfacet
  facet normal -0 0 1
    outer loop
      vertex 15.5154 -21.0477 2.00241
      vertex 26.4884 -26.0152 2.00241
      vertex 15.8611 -20.8629 2.00241
    endloop
  endfacet
  facet normal 0 0 1
    outer loop
      vertex 26.4884 -26.0152 2.00241
      vertex 15.5154 -21.0477 2.00241
      vertex 26.6023 -26.3904 2.00241
    endloop
  endfacet
  facet normal -0 0 1
    outer loop
      vertex 15.1402 -21.1616 2.00241
      vertex 26.6023 -26.3904 2.00241
      vertex 15.5154 -21.0477 2.00241
    endloop
  endfacet
  facet normal 0 0 1
    outer loop
      vertex 26.7871 -26.7361 2.00241
      vertex 15.1402 -21.1616 2.00241
      vertex 14.75 -21.2 2.00241
    endloop
  endfacet
  facet normal 0 0 1
    outer loop
      vertex 32.5805 -38.6442 2.00241
      vertex 14.75 -21.2 2.00241
      vertex 34.0691 -44.2 2.00241
    endloop
  endfacet
  facet normal -0 0 1
    outer loop
      vertex -14.75 -21.2 2.00241
      vertex 34.0691 -44.2 2.00241
      vertex 14.75 -21.2 2.00241
    endloop
  endfacet
  facet normal 0 0 1
    outer loop
      vertex -26.7871 -26.7361 2.00241
      vertex -14.75 -21.2 2.00241
      vertex -15.1402 -21.1616 2.00241
    endloop
  endfacet
  facet normal 0 0 1
    outer loop
      vertex -26.6023 -26.3904 2.00241
      vertex -15.1402 -21.1616 2.00241
      vertex -15.5154 -21.0477 2.00241
    endloop
  endfacet
  facet normal 0 0 1
    outer loop
      vertex -26.45 -24.375 2.00241
      vertex -16.7116 -19.5902 2.00241
      vertex -16.75 -19.2 2.00241
    endloop
  endfacet
  facet normal 0 0 1
    outer loop
      vertex -26.45 -24.375 2.00241
      vertex -16.5977 -19.9654 2.00241
      vertex -16.7116 -19.5902 2.00241
    endloop
  endfacet
  facet normal 0 0 1
    outer loop
      vertex -26.45 -24.375 2.00241
      vertex -16.4129 -20.3111 2.00241
      vertex -16.5977 -19.9654 2.00241
    endloop
  endfacet
  facet normal 0 0 1
    outer loop
      vertex -26.45 -24.375 2.00241
      vertex -16.1642 -20.6142 2.00241
      vertex -16.4129 -20.3111 2.00241
    endloop
  endfacet
  facet normal 0 0 1
    outer loop
      vertex -26.45 -25.625 2.00241
      vertex -16.1642 -20.6142 2.00241
      vertex -26.45 -24.375 2.00241
    endloop
  endfacet
  facet normal 0 0 1
    outer loop
      vertex -16.1642 -20.6142 2.00241
      vertex -26.45 -25.625 2.00241
      vertex -15.8611 -20.8629 2.00241
    endloop
  endfacet
  facet normal 0 0 1
    outer loop
      vertex -26.4884 -26.0152 2.00241
      vertex -15.8611 -20.8629 2.00241
      vertex -26.45 -25.625 2.00241
    endloop
  endfacet
  facet normal 0 0 1
    outer loop
      vertex -15.8611 -20.8629 2.00241
      vertex -26.4884 -26.0152 2.00241
      vertex -15.5154 -21.0477 2.00241
    endloop
  endfacet
  facet normal 0 0 1
    outer loop
      vertex -26.6023 -26.3904 2.00241
      vertex -15.5154 -21.0477 2.00241
      vertex -26.4884 -26.0152 2.00241
    endloop
  endfacet
  facet normal 0 0 1
    outer loop
      vertex -15.1402 -21.1616 2.00241
      vertex -26.6023 -26.3904 2.00241
      vertex -26.7871 -26.7361 2.00241
    endloop
  endfacet
  facet normal 0 0 1
    outer loop
      vertex -14.75 -21.2 2.00241
      vertex -26.7871 -26.7361 2.00241
      vertex -27.0358 -27.0392 2.00241
    endloop
  endfacet
  facet normal 0 0 1
    outer loop
      vertex -14.75 -21.2 2.00241
      vertex -27.0358 -27.0392 2.00241
      vertex -32.5805 -38.6442 2.00241
    endloop
  endfacet
  facet normal 0 0 1
    outer loop
      vertex -32.5805 -38.6442 2.00241
      vertex -27.0358 -27.0392 2.00241
      vertex -27.3389 -27.2879 2.00241
    endloop
  endfacet
  facet normal 0 0 1
    outer loop
      vertex -32.5805 -38.6442 2.00241
      vertex -27.3389 -27.2879 2.00241
      vertex -27.6846 -27.4727 2.00241
    endloop
  endfacet
  facet normal 0 0 1
    outer loop
      vertex -32.5805 -38.6442 2.00241
      vertex -27.6846 -27.4727 2.00241
      vertex -28.0598 -27.5866 2.00241
    endloop
  endfacet
  facet normal 0 0 1
    outer loop
      vertex -32.5805 -38.6442 2.00241
      vertex -28.0598 -27.5866 2.00241
      vertex -28.45 -27.625 2.00241
    endloop
  endfacet
  facet normal 0 0 1
    outer loop
      vertex -14.75 -21.2 2.00241
      vertex -32.5805 -38.6442 2.00241
      vertex -34.0691 -44.2 2.00241
    endloop
  endfacet
  facet normal 0 0 1
    outer loop
      vertex -14.75 -21.2 2.00241
      vertex -34.0691 -44.2 2.00241
      vertex 34.0691 -44.2 2.00241
    endloop
  endfacet
  facet normal 0 0 1
    outer loop
      vertex -36.4442 -37.6089 2.00241
      vertex -37.15 -35.2 2.00241
      vertex -37.15 -40.2431 2.00241
    endloop
  endfacet
  facet normal 0 0 1
    outer loop
      vertex 15.5293 -4.2 2.00241
      vertex 15.55 -4.40001 2.00241
      vertex 15.5308 -4.20491 2.00241
    endloop
  endfacet
  facet normal 0 0 1
    outer loop
      vertex 15.55 -4.40001 2.00241
      vertex 14.55 -20 2.00241
      vertex 15.55 -19 2.00241
    endloop
  endfacet
  facet normal 0 0 1
    outer loop
      vertex 15.55 -4.40001 2.00241
      vertex 15.5293 -4.2 2.00241
      vertex -15.55 -4.40001 2.00241
    endloop
  endfacet
  facet normal 0 0 1
    outer loop
      vertex 15.55 -19 2.00241
      vertex 14.55 -20 2.00241
      vertex 15.5308 -19.1951 2.00241
    endloop
  endfacet
  facet normal 0 0 1
    outer loop
      vertex 15.5308 -19.1951 2.00241
      vertex 14.55 -20 2.00241
      vertex 15.4739 -19.3827 2.00241
    endloop
  endfacet
  facet normal 0 0 1
    outer loop
      vertex 15.4739 -19.3827 2.00241
      vertex 14.55 -20 2.00241
      vertex 15.3815 -19.5556 2.00241
    endloop
  endfacet
  facet normal 0 0 1
    outer loop
      vertex 15.3815 -19.5556 2.00241
      vertex 14.55 -20 2.00241
      vertex 15.2571 -19.7071 2.00241
    endloop
  endfacet
  facet normal 0 0 1
    outer loop
      vertex 15.2571 -19.7071 2.00241
      vertex 14.55 -20 2.00241
      vertex 15.1056 -19.8315 2.00241
    endloop
  endfacet
  facet normal 0 0 1
    outer loop
      vertex 15.1056 -19.8315 2.00241
      vertex 14.55 -20 2.00241
      vertex 14.9327 -19.9239 2.00241
    endloop
  endfacet
  facet normal 0 0 1
    outer loop
      vertex 14.9327 -19.9239 2.00241
      vertex 14.55 -20 2.00241
      vertex 14.7451 -19.9808 2.00241
    endloop
  endfacet
  facet normal 0 0 1
    outer loop
      vertex 15.55 -4.40001 2.00241
      vertex -14.55 -20 2.00241
      vertex 14.55 -20 2.00241
    endloop
  endfacet
  facet normal 0 0 1
    outer loop
      vertex 15.55 -4.40001 2.00241
      vertex -15.55 -4.40001 2.00241
      vertex -14.55 -20 2.00241
    endloop
  endfacet
  facet normal -0 0 1
    outer loop
      vertex -15.55 -19 2.00241
      vertex -14.55 -20 2.00241
      vertex -15.55 -4.40001 2.00241
    endloop
  endfacet
  facet normal 0 0 1
    outer loop
      vertex -14.55 -20 2.00241
      vertex -15.55 -19 2.00241
      vertex -14.7451 -19.9808 2.00241
    endloop
  endfacet
  facet normal 0 0 1
    outer loop
      vertex -14.7451 -19.9808 2.00241
      vertex -15.55 -19 2.00241
      vertex -14.9327 -19.9239 2.00241
    endloop
  endfacet
  facet normal 0 0 1
    outer loop
      vertex -15.1056 -19.8315 2.00241
      vertex -15.55 -19 2.00241
      vertex -15.2571 -19.7071 2.00241
    endloop
  endfacet
  facet normal 0 0 1
    outer loop
      vertex -15.2571 -19.7071 2.00241
      vertex -15.55 -19 2.00241
      vertex -15.3815 -19.5556 2.00241
    endloop
  endfacet
  facet normal 0 0 1
    outer loop
      vertex -15.55 -4.40001 2.00241
      vertex 15.5293 -4.2 2.00241
      vertex -15.5293 -4.2 2.00241
    endloop
  endfacet
  facet normal 0 0 1
    outer loop
      vertex -15.55 -4.40001 2.00241
      vertex -15.5293 -4.2 2.00241
      vertex -15.5308 -4.20491 2.00241
    endloop
  endfacet
  facet normal 0 0 1
    outer loop
      vertex -14.9327 -19.9239 2.00241
      vertex -15.55 -19 2.00241
      vertex -15.1056 -19.8315 2.00241
    endloop
  endfacet
  facet normal 0 0 1
    outer loop
      vertex -15.3815 -19.5556 2.00241
      vertex -15.55 -19 2.00241
      vertex -15.4739 -19.3827 2.00241
    endloop
  endfacet
  facet normal 0 0 1
    outer loop
      vertex -15.4739 -19.3827 2.00241
      vertex -15.55 -19 2.00241
      vertex -15.5308 -19.1951 2.00241
    endloop
  endfacet
  facet normal 0 -0 1
    outer loop
      vertex 32 -0.400001 2.00241
      vertex 34.3434 6.41518 2.00241
      vertex -34.305 6.025 2.00241
    endloop
  endfacet
  facet normal 0 0 1
    outer loop
      vertex 34.4573 6.79036 2.00241
      vertex -34.3434 6.41518 2.00241
      vertex -34.305 6.025 2.00241
    endloop
  endfacet
  facet normal 0 0 1
    outer loop
      vertex -34.4573 6.79036 2.00241
      vertex 34.4573 6.79036 2.00241
      vertex -34.4573 38.6096 2.00241
    endloop
  endfacet
  facet normal 0 0 1
    outer loop
      vertex 34.4573 6.79036 2.00241
      vertex -34.4573 6.79036 2.00241
      vertex -34.3434 6.41518 2.00241
    endloop
  endfacet
  facet normal -0 0 1
    outer loop
      vertex -34.6421 38.2639 2.00241
      vertex -34.4573 6.79036 2.00241
      vertex -34.4573 38.6096 2.00241
    endloop
  endfacet
  facet normal 0 0 1
    outer loop
      vertex -34.6421 38.2639 2.00241
      vertex -34.6421 7.13613 2.00241
      vertex -34.4573 6.79036 2.00241
    endloop
  endfacet
  facet normal -0 0 1
    outer loop
      vertex -34.8908 37.9608 2.00241
      vertex -34.6421 7.13613 2.00241
      vertex -34.6421 38.2639 2.00241
    endloop
  endfacet
  facet normal 0 0 1
    outer loop
      vertex -34.8908 37.9608 2.00241
      vertex -34.8908 7.43921 2.00241
      vertex -34.6421 7.13613 2.00241
    endloop
  endfacet
  facet normal -0 0 1
    outer loop
      vertex -35.1939 37.7121 2.00241
      vertex -34.8908 7.43921 2.00241
      vertex -34.8908 37.9608 2.00241
    endloop
  endfacet
  facet normal 0 0 1
    outer loop
      vertex -35.1939 37.7121 2.00241
      vertex -35.1939 7.68793 2.00241
      vertex -34.8908 7.43921 2.00241
    endloop
  endfacet
  facet normal -0 0 1
    outer loop
      vertex -35.5396 37.5273 2.00241
      vertex -35.1939 7.68793 2.00241
      vertex -35.1939 37.7121 2.00241
    endloop
  endfacet
  facet normal 0 0 1
    outer loop
      vertex -35.5396 37.5273 2.00241
      vertex -35.5396 7.87274 2.00241
      vertex -35.1939 7.68793 2.00241
    endloop
  endfacet
  facet normal -0 0 1
    outer loop
      vertex -35.9148 37.4134 2.00241
      vertex -35.5396 7.87274 2.00241
      vertex -35.5396 37.5273 2.00241
    endloop
  endfacet
  facet normal 0 0 1
    outer loop
      vertex -35.9148 37.4134 2.00241
      vertex -35.9148 7.98656 2.00241
      vertex -35.5396 7.87274 2.00241
    endloop
  endfacet
  facet normal -0 0 1
    outer loop
      vertex -36.305 37.375 2.00241
      vertex -35.9148 7.98656 2.00241
      vertex -35.9148 37.4134 2.00241
    endloop
  endfacet
  facet normal 0 0 1
    outer loop
      vertex -36.305 37.375 2.00241
      vertex -36.305 8.025 2.00241
      vertex -35.9148 7.98656 2.00241
    endloop
  endfacet
  facet normal -0 0 1
    outer loop
      vertex -37.555 37.375 2.00241
      vertex -36.305 8.025 2.00241
      vertex -36.305 37.375 2.00241
    endloop
  endfacet
  facet normal 0 0 1
    outer loop
      vertex -37.555 37.375 2.00241
      vertex -37.555 8.025 2.00241
      vertex -36.305 8.025 2.00241
    endloop
  endfacet
  facet normal 0 0 1
    outer loop
      vertex -37.899 37.4089 2.00241
      vertex -37.555 8.025 2.00241
      vertex -37.555 37.375 2.00241
    endloop
  endfacet
  facet normal 0 0 1
    outer loop
      vertex -37.555 8.025 2.00241
      vertex -37.899 37.4089 2.00241
      vertex -37.899 7.99111 2.00241
    endloop
  endfacet
  facet normal 0 0 1
    outer loop
      vertex -34.305 39.375 2.00241
      vertex 34.305 39.375 2.00241
      vertex 34.305 45.025 2.00241
    endloop
  endfacet
  facet normal 0 0 1
    outer loop
      vertex -34.3434 38.9848 2.00241
      vertex 34.305 39.375 2.00241
      vertex -34.305 39.375 2.00241
    endloop
  endfacet
  facet normal 0 0 1
    outer loop
      vertex 34.305 6.025 2.00241
      vertex 32 -0.400001 2.00241
      vertex 34.305 0.375003 2.00241
    endloop
  endfacet
  facet normal 0 0 1
    outer loop
      vertex 32 -0.400001 2.00241
      vertex -32 -0.400001 2.00241
      vertex 32 -3 2.00241
    endloop
  endfacet
  facet normal 0 0 1
    outer loop
      vertex 34.4573 6.79036 2.00241
      vertex -34.305 6.025 2.00241
      vertex 34.3434 6.41518 2.00241
    endloop
  endfacet
  facet normal 0 0 1
    outer loop
      vertex -34.305 45.025 2.00241
      vertex 34.305 45.025 2.00241
      vertex 34.3271 45.249 2.00241
    endloop
  endfacet
  facet normal 0 0 1
    outer loop
      vertex 34.305 45.025 2.00241
      vertex -34.305 45.025 2.00241
      vertex -34.305 39.375 2.00241
    endloop
  endfacet
  facet normal 0 -0 1
    outer loop
      vertex -34.305 45.025 2.00241
      vertex 34.3271 45.249 2.00241
      vertex -34.3271 45.249 2.00241
    endloop
  endfacet
  facet normal -0 0 1
    outer loop
      vertex 37.555 37.375 2.00241
      vertex 37.899 7.99111 2.00241
      vertex 37.899 37.4089 2.00241
    endloop
  endfacet
  facet normal 0 0 1
    outer loop
      vertex 37.555 37.375 2.00241
      vertex 37.555 8.025 2.00241
      vertex 37.899 7.99111 2.00241
    endloop
  endfacet
  facet normal -0 0 1
    outer loop
      vertex 36.305 37.375 2.00241
      vertex 37.555 8.025 2.00241
      vertex 37.555 37.375 2.00241
    endloop
  endfacet
  facet normal 0 0 1
    outer loop
      vertex 36.305 37.375 2.00241
      vertex 36.305 8.025 2.00241
      vertex 37.555 8.025 2.00241
    endloop
  endfacet
  facet normal 0 0 1
    outer loop
      vertex 35.9148 37.4134 2.00241
      vertex 36.305 8.025 2.00241
      vertex 36.305 37.375 2.00241
    endloop
  endfacet
  facet normal 0 0 1
    outer loop
      vertex 35.9148 37.4134 2.00241
      vertex 35.9148 7.98656 2.00241
      vertex 36.305 8.025 2.00241
    endloop
  endfacet
  facet normal 0 0 1
    outer loop
      vertex 35.5396 37.5273 2.00241
      vertex 35.9148 7.98656 2.00241
      vertex 35.9148 37.4134 2.00241
    endloop
  endfacet
  facet normal 0 0 1
    outer loop
      vertex 35.5396 37.5273 2.00241
      vertex 35.5396 7.87274 2.00241
      vertex 35.9148 7.98656 2.00241
    endloop
  endfacet
  facet normal 0 0 1
    outer loop
      vertex 35.1939 37.7121 2.00241
      vertex 35.5396 7.87274 2.00241
      vertex 35.5396 37.5273 2.00241
    endloop
  endfacet
  facet normal 0 0 1
    outer loop
      vertex 35.1939 37.7121 2.00241
      vertex 35.1939 7.68793 2.00241
      vertex 35.5396 7.87274 2.00241
    endloop
  endfacet
  facet normal 0 0 1
    outer loop
      vertex 34.8908 37.9608 2.00241
      vertex 35.1939 7.68793 2.00241
      vertex 35.1939 37.7121 2.00241
    endloop
  endfacet
  facet normal 0 0 1
    outer loop
      vertex 34.8908 37.9608 2.00241
      vertex 34.8908 7.43921 2.00241
      vertex 35.1939 7.68793 2.00241
    endloop
  endfacet
  facet normal 0 0 1
    outer loop
      vertex 34.6421 38.2639 2.00241
      vertex 34.8908 7.43921 2.00241
      vertex 34.8908 37.9608 2.00241
    endloop
  endfacet
  facet normal 0 0 1
    outer loop
      vertex 34.6421 38.2639 2.00241
      vertex 34.6421 7.13613 2.00241
      vertex 34.8908 7.43921 2.00241
    endloop
  endfacet
  facet normal 0 0 1
    outer loop
      vertex 34.4573 38.6096 2.00241
      vertex 34.6421 7.13613 2.00241
      vertex 34.6421 38.2639 2.00241
    endloop
  endfacet
  facet normal 0 0 1
    outer loop
      vertex 34.4573 38.6096 2.00241
      vertex 34.4573 6.79036 2.00241
      vertex 34.6421 7.13613 2.00241
    endloop
  endfacet
  facet normal -0 0 1
    outer loop
      vertex -34.3434 38.9848 2.00241
      vertex 34.4573 38.6096 2.00241
      vertex 34.3434 38.9848 2.00241
    endloop
  endfacet
  facet normal 0 0 1
    outer loop
      vertex -34.4573 38.6096 2.00241
      vertex 34.4573 38.6096 2.00241
      vertex -34.3434 38.9848 2.00241
    endloop
  endfacet
  facet normal 0 0 1
    outer loop
      vertex -34.3434 38.9848 2.00241
      vertex 34.3434 38.9848 2.00241
      vertex 34.305 39.375 2.00241
    endloop
  endfacet
  facet normal 0 0 1
    outer loop
      vertex 34.4573 38.6096 2.00241
      vertex -34.4573 38.6096 2.00241
      vertex 34.4573 6.79036 2.00241
    endloop
  endfacet
  facet normal 0 0 1
    outer loop
      vertex 34.4573 -0.390363 2.00241
      vertex 32 -0.400001 2.00241
      vertex 34.4624 -0.400001 2.00241
    endloop
  endfacet
  facet normal 0 0 1
    outer loop
      vertex 34.3434 -0.0151794 2.00241
      vertex 32 -0.400001 2.00241
      vertex 34.4573 -0.390363 2.00241
    endloop
  endfacet
  facet normal 0 0 1
    outer loop
      vertex 32 -0.400001 2.00241
      vertex 34.3434 -0.0151794 2.00241
      vertex 34.305 0.375003 2.00241
    endloop
  endfacet
  facet normal 0 0 1
    outer loop
      vertex 32 -3 2.00241
      vertex -32 -0.400001 2.00241
      vertex -32 -3 2.00241
    endloop
  endfacet
  facet normal 0 0 1
    outer loop
      vertex 34.3434 6.41518 2.00241
      vertex 32 -0.400001 2.00241
      vertex 34.305 6.025 2.00241
    endloop
  endfacet
  facet normal 0 0 1
    outer loop
      vertex 32 -0.400001 2.00241
      vertex -34.305 6.025 2.00241
      vertex -32 -0.400001 2.00241
    endloop
  endfacet
  facet normal -0 0 1
    outer loop
      vertex -34.305 0.375003 2.00241
      vertex -32 -0.400001 2.00241
      vertex -34.305 6.025 2.00241
    endloop
  endfacet
  facet normal -0 0 1
    outer loop
      vertex -34.3434 -0.0151794 2.00241
      vertex -32 -0.400001 2.00241
      vertex -34.305 0.375003 2.00241
    endloop
  endfacet
  facet normal -0 0 1
    outer loop
      vertex -34.4573 -0.390363 2.00241
      vertex -32 -0.400001 2.00241
      vertex -34.3434 -0.0151794 2.00241
    endloop
  endfacet
  facet normal 0 0 1
    outer loop
      vertex -32 -0.400001 2.00241
      vertex -34.4573 -0.390363 2.00241
      vertex -34.4624 -0.400001 2.00241
    endloop
  endfacet
  facet normal 0 0 1
    outer loop
      vertex -28.65 -23.575 2.00241
      vertex -27.65 -24.575 2.00241
      vertex -27.6692 -24.3799 2.00241
    endloop
  endfacet
  facet normal 0 0 1
    outer loop
      vertex -27.65 -24.575 2.00241
      vertex -28.65 -23.575 2.00241
      vertex -27.65 -25.425 2.00241
    endloop
  endfacet
  facet normal 0 0 1
    outer loop
      vertex -28.65 -23.575 2.00241
      vertex -27.6692 -24.3799 2.00241
      vertex -27.7261 -24.1923 2.00241
    endloop
  endfacet
  facet normal 0 0 1
    outer loop
      vertex -28.65 -26.425 2.00241
      vertex -27.65 -25.425 2.00241
      vertex -28.65 -23.575 2.00241
    endloop
  endfacet
  facet normal 0 0 1
    outer loop
      vertex -28.65 -23.575 2.00241
      vertex -27.7261 -24.1923 2.00241
      vertex -27.8185 -24.0194 2.00241
    endloop
  endfacet
  facet normal 0 0 1
    outer loop
      vertex -27.65 -25.425 2.00241
      vertex -28.65 -26.425 2.00241
      vertex -27.6692 -25.6201 2.00241
    endloop
  endfacet
  facet normal 0 0 1
    outer loop
      vertex -28.65 -23.575 2.00241
      vertex -27.8185 -24.0194 2.00241
      vertex -27.9429 -23.8679 2.00241
    endloop
  endfacet
  facet normal 0 0 1
    outer loop
      vertex -27.6692 -25.6201 2.00241
      vertex -28.65 -26.425 2.00241
      vertex -27.7261 -25.8077 2.00241
    endloop
  endfacet
  facet normal 0 0 1
    outer loop
      vertex -28.65 -23.575 2.00241
      vertex -27.9429 -23.8679 2.00241
      vertex -28.0944 -23.7435 2.00241
    endloop
  endfacet
  facet normal 0 0 1
    outer loop
      vertex -27.7261 -25.8077 2.00241
      vertex -28.65 -26.425 2.00241
      vertex -27.8185 -25.9806 2.00241
    endloop
  endfacet
  facet normal 0 0 1
    outer loop
      vertex -28.65 -23.575 2.00241
      vertex -28.0944 -23.7435 2.00241
      vertex -28.2673 -23.6511 2.00241
    endloop
  endfacet
  facet normal 0 0 1
    outer loop
      vertex -27.8185 -25.9806 2.00241
      vertex -28.65 -26.425 2.00241
      vertex -27.9429 -26.1321 2.00241
    endloop
  endfacet
  facet normal 0 0 1
    outer loop
      vertex -28.65 -23.575 2.00241
      vertex -28.2673 -23.6511 2.00241
      vertex -28.4549 -23.5942 2.00241
    endloop
  endfacet
  facet normal 0 0 1
    outer loop
      vertex -27.9429 -26.1321 2.00241
      vertex -28.65 -26.425 2.00241
      vertex -28.0944 -26.2565 2.00241
    endloop
  endfacet
  facet normal 0 0 1
    outer loop
      vertex -28.0944 -26.2565 2.00241
      vertex -28.65 -26.425 2.00241
      vertex -28.2673 -26.3489 2.00241
    endloop
  endfacet
  facet normal 0 0 1
    outer loop
      vertex -28.2673 -26.3489 2.00241
      vertex -28.65 -26.425 2.00241
      vertex -28.4549 -26.4058 2.00241
    endloop
  endfacet
  facet normal -0 0 1
    outer loop
      vertex -33.9 -23.575 2.00241
      vertex -28.65 -26.425 2.00241
      vertex -28.65 -23.575 2.00241
    endloop
  endfacet
  facet normal 0 0 1
    outer loop
      vertex -33.9 -23.575 2.00241
      vertex -33.9 -26.425 2.00241
      vertex -28.65 -26.425 2.00241
    endloop
  endfacet
  facet normal 0 0 1
    outer loop
      vertex -34.9 -24.575 2.00241
      vertex -33.9 -23.575 2.00241
      vertex -34.0951 -23.5942 2.00241
    endloop
  endfacet
  facet normal 0 0 1
    outer loop
      vertex -33.9 -23.575 2.00241
      vertex -34.9 -24.575 2.00241
      vertex -33.9 -26.425 2.00241
    endloop
  endfacet
  facet normal 0 0 1
    outer loop
      vertex -34.9 -24.575 2.00241
      vertex -34.0951 -23.5942 2.00241
      vertex -34.2827 -23.6511 2.00241
    endloop
  endfacet
  facet normal -0 0 1
    outer loop
      vertex -34.9 -25.425 2.00241
      vertex -33.9 -26.425 2.00241
      vertex -34.9 -24.575 2.00241
    endloop
  endfacet
  facet normal 0 0 1
    outer loop
      vertex -34.9 -24.575 2.00241
      vertex -34.2827 -23.6511 2.00241
      vertex -34.4556 -23.7435 2.00241
    endloop
  endfacet
  facet normal 0 0 1
    outer loop
      vertex -33.9 -26.425 2.00241
      vertex -34.9 -25.425 2.00241
      vertex -34.0951 -26.4058 2.00241
    endloop
  endfacet
  facet normal 0 0 1
    outer loop
      vertex -34.9 -24.575 2.00241
      vertex -34.4556 -23.7435 2.00241
      vertex -34.6071 -23.8679 2.00241
    endloop
  endfacet
  facet normal 0 0 1
    outer loop
      vertex -34.0951 -26.4058 2.00241
      vertex -34.9 -25.425 2.00241
      vertex -34.2827 -26.3489 2.00241
    endloop
  endfacet
  facet normal 0 0 1
    outer loop
      vertex -34.9 -24.575 2.00241
      vertex -34.6071 -23.8679 2.00241
      vertex -34.7315 -24.0194 2.00241
    endloop
  endfacet
  facet normal 0 0 1
    outer loop
      vertex -34.2827 -26.3489 2.00241
      vertex -34.9 -25.425 2.00241
      vertex -34.4556 -26.2565 2.00241
    endloop
  endfacet
  facet normal 0 0 1
    outer loop
      vertex -34.9 -24.575 2.00241
      vertex -34.7315 -24.0194 2.00241
      vertex -34.8239 -24.1923 2.00241
    endloop
  endfacet
  facet normal 0 0 1
    outer loop
      vertex -34.4556 -26.2565 2.00241
      vertex -34.9 -25.425 2.00241
      vertex -34.6071 -26.1321 2.00241
    endloop
  endfacet
  facet normal 0 0 1
    outer loop
      vertex -34.9 -24.575 2.00241
      vertex -34.8239 -24.1923 2.00241
      vertex -34.8808 -24.3799 2.00241
    endloop
  endfacet
  facet normal 0 0 1
    outer loop
      vertex -34.6071 -26.1321 2.00241
      vertex -34.9 -25.425 2.00241
      vertex -34.7315 -25.9806 2.00241
    endloop
  endfacet
  facet normal 0 0 1
    outer loop
      vertex -34.7315 -25.9806 2.00241
      vertex -34.9 -25.425 2.00241
      vertex -34.8239 -25.8077 2.00241
    endloop
  endfacet
  facet normal 0 0 1
    outer loop
      vertex -34.8239 -25.8077 2.00241
      vertex -34.9 -25.425 2.00241
      vertex -34.8808 -25.6201 2.00241
    endloop
  endfacet
  facet normal 0 0 1
    outer loop
      vertex 33.9 -23.575 2.00241
      vertex 34.9 -24.575 2.00241
      vertex 34.8808 -24.3799 2.00241
    endloop
  endfacet
  facet normal 0 0 1
    outer loop
      vertex 34.9 -24.575 2.00241
      vertex 33.9 -23.575 2.00241
      vertex 34.9 -25.425 2.00241
    endloop
  endfacet
  facet normal 0 0 1
    outer loop
      vertex 33.9 -23.575 2.00241
      vertex 34.8808 -24.3799 2.00241
      vertex 34.8239 -24.1923 2.00241
    endloop
  endfacet
  facet normal 0 0 1
    outer loop
      vertex 33.9 -26.425 2.00241
      vertex 34.9 -25.425 2.00241
      vertex 33.9 -23.575 2.00241
    endloop
  endfacet
  facet normal 0 0 1
    outer loop
      vertex 33.9 -23.575 2.00241
      vertex 34.8239 -24.1923 2.00241
      vertex 34.7315 -24.0194 2.00241
    endloop
  endfacet
  facet normal 0 0 1
    outer loop
      vertex 34.9 -25.425 2.00241
      vertex 33.9 -26.425 2.00241
      vertex 34.8808 -25.6201 2.00241
    endloop
  endfacet
  facet normal 0 0 1
    outer loop
      vertex 33.9 -23.575 2.00241
      vertex 34.7315 -24.0194 2.00241
      vertex 34.6071 -23.8679 2.00241
    endloop
  endfacet
  facet normal 0 0 1
    outer loop
      vertex 34.8808 -25.6201 2.00241
      vertex 33.9 -26.425 2.00241
      vertex 34.8239 -25.8077 2.00241
    endloop
  endfacet
  facet normal 0 0 1
    outer loop
      vertex 33.9 -23.575 2.00241
      vertex 34.6071 -23.8679 2.00241
      vertex 34.4556 -23.7435 2.00241
    endloop
  endfacet
  facet normal 0 0 1
    outer loop
      vertex 34.8239 -25.8077 2.00241
      vertex 33.9 -26.425 2.00241
      vertex 34.7315 -25.9806 2.00241
    endloop
  endfacet
  facet normal 0 0 1
    outer loop
      vertex 33.9 -23.575 2.00241
      vertex 34.4556 -23.7435 2.00241
      vertex 34.2827 -23.6511 2.00241
    endloop
  endfacet
  facet normal 0 0 1
    outer loop
      vertex 34.7315 -25.9806 2.00241
      vertex 33.9 -26.425 2.00241
      vertex 34.6071 -26.1321 2.00241
    endloop
  endfacet
  facet normal 0 0 1
    outer loop
      vertex 33.9 -23.575 2.00241
      vertex 34.2827 -23.6511 2.00241
      vertex 34.0951 -23.5942 2.00241
    endloop
  endfacet
  facet normal 0 0 1
    outer loop
      vertex 34.6071 -26.1321 2.00241
      vertex 33.9 -26.425 2.00241
      vertex 34.4556 -26.2565 2.00241
    endloop
  endfacet
  facet normal 0 0 1
    outer loop
      vertex 34.4556 -26.2565 2.00241
      vertex 33.9 -26.425 2.00241
      vertex 34.2827 -26.3489 2.00241
    endloop
  endfacet
  facet normal 0 0 1
    outer loop
      vertex 34.2827 -26.3489 2.00241
      vertex 33.9 -26.425 2.00241
      vertex 34.0951 -26.4058 2.00241
    endloop
  endfacet
  facet normal -0 0 1
    outer loop
      vertex 28.65 -23.575 2.00241
      vertex 33.9 -26.425 2.00241
      vertex 33.9 -23.575 2.00241
    endloop
  endfacet
  facet normal 0 0 1
    outer loop
      vertex 28.65 -23.575 2.00241
      vertex 28.65 -26.425 2.00241
      vertex 33.9 -26.425 2.00241
    endloop
  endfacet
  facet normal 0 0 1
    outer loop
      vertex 27.65 -24.575 2.00241
      vertex 28.65 -23.575 2.00241
      vertex 28.4549 -23.5942 2.00241
    endloop
  endfacet
  facet normal 0 0 1
    outer loop
      vertex 28.65 -23.575 2.00241
      vertex 27.65 -24.575 2.00241
      vertex 28.65 -26.425 2.00241
    endloop
  endfacet
  facet normal 0 0 1
    outer loop
      vertex 27.65 -24.575 2.00241
      vertex 28.4549 -23.5942 2.00241
      vertex 28.2673 -23.6511 2.00241
    endloop
  endfacet
  facet normal -0 0 1
    outer loop
      vertex 27.65 -25.425 2.00241
      vertex 28.65 -26.425 2.00241
      vertex 27.65 -24.575 2.00241
    endloop
  endfacet
  facet normal 0 0 1
    outer loop
      vertex 27.65 -24.575 2.00241
      vertex 28.2673 -23.6511 2.00241
      vertex 28.0944 -23.7435 2.00241
    endloop
  endfacet
  facet normal 0 0 1
    outer loop
      vertex 28.65 -26.425 2.00241
      vertex 27.65 -25.425 2.00241
      vertex 28.4549 -26.4058 2.00241
    endloop
  endfacet
  facet normal 0 0 1
    outer loop
      vertex 27.65 -24.575 2.00241
      vertex 28.0944 -23.7435 2.00241
      vertex 27.9429 -23.8679 2.00241
    endloop
  endfacet
  facet normal 0 0 1
    outer loop
      vertex 28.4549 -26.4058 2.00241
      vertex 27.65 -25.425 2.00241
      vertex 28.2673 -26.3489 2.00241
    endloop
  endfacet
  facet normal 0 0 1
    outer loop
      vertex 27.65 -24.575 2.00241
      vertex 27.9429 -23.8679 2.00241
      vertex 27.8185 -24.0194 2.00241
    endloop
  endfacet
  facet normal 0 0 1
    outer loop
      vertex 28.2673 -26.3489 2.00241
      vertex 27.65 -25.425 2.00241
      vertex 28.0944 -26.2565 2.00241
    endloop
  endfacet
  facet normal 0 0 1
    outer loop
      vertex 27.65 -24.575 2.00241
      vertex 27.8185 -24.0194 2.00241
      vertex 27.7261 -24.1923 2.00241
    endloop
  endfacet
  facet normal 0 0 1
    outer loop
      vertex 28.0944 -26.2565 2.00241
      vertex 27.65 -25.425 2.00241
      vertex 27.9429 -26.1321 2.00241
    endloop
  endfacet
  facet normal 0 0 1
    outer loop
      vertex 27.65 -24.575 2.00241
      vertex 27.7261 -24.1923 2.00241
      vertex 27.6692 -24.3799 2.00241
    endloop
  endfacet
  facet normal 0 0 1
    outer loop
      vertex 27.9429 -26.1321 2.00241
      vertex 27.65 -25.425 2.00241
      vertex 27.8185 -25.9806 2.00241
    endloop
  endfacet
  facet normal 0 0 1
    outer loop
      vertex 27.8185 -25.9806 2.00241
      vertex 27.65 -25.425 2.00241
      vertex 27.7261 -25.8077 2.00241
    endloop
  endfacet
  facet normal 0 0 1
    outer loop
      vertex 27.7261 -25.8077 2.00241
      vertex 27.65 -25.425 2.00241
      vertex 27.6692 -25.6201 2.00241
    endloop
  endfacet
  facet normal 0 0 1
    outer loop
      vertex -36.505 6.825 2.00241
      vertex -35.505 5.825 2.00241
      vertex -35.5242 6.02008 2.00241
    endloop
  endfacet
  facet normal 0 0 1
    outer loop
      vertex -35.505 5.825 2.00241
      vertex -37.899 6.66264 2.00241
      vertex -35.505 0.575 2.00241
    endloop
  endfacet
  facet normal 0 0 1
    outer loop
      vertex -36.505 6.825 2.00241
      vertex -35.5242 6.02008 2.00241
      vertex -35.5811 6.20767 2.00241
    endloop
  endfacet
  facet normal 0 0 1
    outer loop
      vertex -37.899 -0.262641 2.00241
      vertex -35.505 0.575 2.00241
      vertex -37.899 6.66264 2.00241
    endloop
  endfacet
  facet normal 0 0 1
    outer loop
      vertex -36.505 6.825 2.00241
      vertex -35.5811 6.20767 2.00241
      vertex -35.6735 6.38056 2.00241
    endloop
  endfacet
  facet normal 0 -0 1
    outer loop
      vertex -37.5691 -0.400001 2.00241
      vertex -35.505 0.575 2.00241
      vertex -37.899 -0.262641 2.00241
    endloop
  endfacet
  facet normal 0 0 1
    outer loop
      vertex -36.505 6.825 2.00241
      vertex -35.6735 6.38056 2.00241
      vertex -35.7979 6.53209 2.00241
    endloop
  endfacet
  facet normal 0 -0 1
    outer loop
      vertex -36.2909 -0.400001 2.00241
      vertex -35.505 0.575 2.00241
      vertex -37.5691 -0.400001 2.00241
    endloop
  endfacet
  facet normal 0 0 1
    outer loop
      vertex -36.505 6.825 2.00241
      vertex -35.7979 6.53209 2.00241
      vertex -35.9494 6.65647 2.00241
    endloop
  endfacet
  facet normal 0 0 1
    outer loop
      vertex -35.505 0.575 2.00241
      vertex -36.2909 -0.400001 2.00241
      vertex -35.5242 0.379916 2.00241
    endloop
  endfacet
  facet normal 0 0 1
    outer loop
      vertex -36.505 6.825 2.00241
      vertex -35.9494 6.65647 2.00241
      vertex -36.1223 6.74887 2.00241
    endloop
  endfacet
  facet normal 0 0 1
    outer loop
      vertex -35.5242 0.379916 2.00241
      vertex -36.2909 -0.400001 2.00241
      vertex -35.5811 0.192325 2.00241
    endloop
  endfacet
  facet normal 0 0 1
    outer loop
      vertex -35.7979 -0.132092 2.00241
      vertex -36.2909 -0.400001 2.00241
      vertex -35.9494 -0.256467 2.00241
    endloop
  endfacet
  facet normal 0 0 1
    outer loop
      vertex -36.505 6.825 2.00241
      vertex -36.1223 6.74887 2.00241
      vertex -36.3099 6.80577 2.00241
    endloop
  endfacet
  facet normal 0 0 1
    outer loop
      vertex -35.505 5.825 2.00241
      vertex -36.505 6.825 2.00241
      vertex -37.355 6.825 2.00241
    endloop
  endfacet
  facet normal 0 0 1
    outer loop
      vertex -35.505 5.825 2.00241
      vertex -37.355 6.825 2.00241
      vertex -37.899 6.66264 2.00241
    endloop
  endfacet
  facet normal 0 0 1
    outer loop
      vertex -37.899 6.66264 2.00241
      vertex -37.355 6.825 2.00241
      vertex -37.5501 6.80577 2.00241
    endloop
  endfacet
  facet normal 0 0 1
    outer loop
      vertex -35.5811 0.192325 2.00241
      vertex -36.2909 -0.400001 2.00241
      vertex -35.6735 0.0194427 2.00241
    endloop
  endfacet
  facet normal 0 0 1
    outer loop
      vertex -37.899 6.66264 2.00241
      vertex -37.5501 6.80577 2.00241
      vertex -37.7377 6.74887 2.00241
    endloop
  endfacet
  facet normal 0 0 1
    outer loop
      vertex -35.9494 -0.256467 2.00241
      vertex -36.2909 -0.400001 2.00241
      vertex -36.1223 -0.348874 2.00241
    endloop
  endfacet
  facet normal 0 0 1
    outer loop
      vertex -35.6735 0.0194427 2.00241
      vertex -36.2909 -0.400001 2.00241
      vertex -35.7979 -0.132092 2.00241
    endloop
  endfacet
  facet normal 0 0 1
    outer loop
      vertex -37.5691 -0.400001 2.00241
      vertex -37.899 -0.262641 2.00241
      vertex -37.7377 -0.348874 2.00241
    endloop
  endfacet
  facet normal 0 0 1
    outer loop
      vertex 37.355 6.825 2.00241
      vertex 37.899 6.66264 2.00241
      vertex 37.7377 6.74887 2.00241
    endloop
  endfacet
  facet normal 0 0 1
    outer loop
      vertex 37.899 6.66264 2.00241
      vertex 35.505 5.825 2.00241
      vertex 37.899 -0.262642 2.00241
    endloop
  endfacet
  facet normal 0 -0 1
    outer loop
      vertex 37.5691 -0.400001 2.00241
      vertex 37.899 -0.262642 2.00241
      vertex 35.505 0.575 2.00241
    endloop
  endfacet
  facet normal 0 0 1
    outer loop
      vertex 37.355 6.825 2.00241
      vertex 37.7377 6.74887 2.00241
      vertex 37.5501 6.80577 2.00241
    endloop
  endfacet
  facet normal 0 0 1
    outer loop
      vertex 37.899 6.66264 2.00241
      vertex 37.355 6.825 2.00241
      vertex 35.505 5.825 2.00241
    endloop
  endfacet
  facet normal 0 0 1
    outer loop
      vertex 35.505 5.825 2.00241
      vertex 37.355 6.825 2.00241
      vertex 36.505 6.825 2.00241
    endloop
  endfacet
  facet normal 0 0 1
    outer loop
      vertex 35.505 5.825 2.00241
      vertex 36.505 6.825 2.00241
      vertex 36.3099 6.80577 2.00241
    endloop
  endfacet
  facet normal 0 0 1
    outer loop
      vertex 37.899 -0.262642 2.00241
      vertex 35.505 5.825 2.00241
      vertex 35.505 0.575 2.00241
    endloop
  endfacet
  facet normal 0 0 1
    outer loop
      vertex 35.505 5.825 2.00241
      vertex 36.3099 6.80577 2.00241
      vertex 36.1223 6.74887 2.00241
    endloop
  endfacet
  facet normal 0 0 1
    outer loop
      vertex 37.899 -0.262642 2.00241
      vertex 37.5691 -0.400001 2.00241
      vertex 37.7377 -0.348874 2.00241
    endloop
  endfacet
  facet normal 0 0 1
    outer loop
      vertex 35.505 5.825 2.00241
      vertex 36.1223 6.74887 2.00241
      vertex 35.9494 6.65647 2.00241
    endloop
  endfacet
  facet normal 0 0 1
    outer loop
      vertex 37.5691 -0.400001 2.00241
      vertex 35.505 0.575 2.00241
      vertex 36.2909 -0.400001 2.00241
    endloop
  endfacet
  facet normal 0 0 1
    outer loop
      vertex 35.505 5.825 2.00241
      vertex 35.9494 6.65647 2.00241
      vertex 35.7979 6.53209 2.00241
    endloop
  endfacet
  facet normal 0 0 1
    outer loop
      vertex 36.2909 -0.400001 2.00241
      vertex 35.505 0.575 2.00241
      vertex 36.1223 -0.348874 2.00241
    endloop
  endfacet
  facet normal 0 0 1
    outer loop
      vertex 35.505 5.825 2.00241
      vertex 35.7979 6.53209 2.00241
      vertex 35.6735 6.38056 2.00241
    endloop
  endfacet
  facet normal 0 0 1
    outer loop
      vertex 36.1223 -0.348874 2.00241
      vertex 35.505 0.575 2.00241
      vertex 35.9494 -0.256467 2.00241
    endloop
  endfacet
  facet normal 0 0 1
    outer loop
      vertex 35.505 5.825 2.00241
      vertex 35.6735 6.38056 2.00241
      vertex 35.5811 6.20767 2.00241
    endloop
  endfacet
  facet normal 0 0 1
    outer loop
      vertex 35.9494 -0.256467 2.00241
      vertex 35.505 0.575 2.00241
      vertex 35.7979 -0.132092 2.00241
    endloop
  endfacet
  facet normal 0 0 1
    outer loop
      vertex 35.505 5.825 2.00241
      vertex 35.5811 6.20767 2.00241
      vertex 35.5242 6.02008 2.00241
    endloop
  endfacet
  facet normal 0 0 1
    outer loop
      vertex 35.7979 -0.132092 2.00241
      vertex 35.505 0.575 2.00241
      vertex 35.6735 0.0194427 2.00241
    endloop
  endfacet
  facet normal 0 0 1
    outer loop
      vertex 35.6735 0.0194427 2.00241
      vertex 35.505 0.575 2.00241
      vertex 35.5811 0.192325 2.00241
    endloop
  endfacet
  facet normal 0 0 1
    outer loop
      vertex 35.5811 0.192325 2.00241
      vertex 35.505 0.575 2.00241
      vertex 35.5242 0.379916 2.00241
    endloop
  endfacet
  facet normal -0.831476 -0.00115795 0.55556
    outer loop
      vertex 38.2365 45.2 2.1828
      vertex 38.291 45.1678 2.2643
      vertex 38.2812 45.2 2.2497
    endloop
  endfacet
  facet normal -0.831265 0 0.555877
    outer loop
      vertex 38.2365 45.2 2.1828
      vertex 38.291 39.2322 2.2643
      vertex 38.291 45.1678 2.2643
    endloop
  endfacet
  facet normal -0.831265 0 0.555877
    outer loop
      vertex 38.2365 39.1131 2.1828
      vertex 38.291 39.2322 2.2643
      vertex 38.2365 45.2 2.1828
    endloop
  endfacet
  facet normal -0.831668 0.000598093 0.555272
    outer loop
      vertex 38.291 39.2322 2.2643
      vertex 38.2365 39.1131 2.1828
      vertex 38.2789 39.1923 2.24622
    endloop
  endfacet
  facet normal -0.831265 0 0.555877
    outer loop
      vertex 38.2365 -23.5 2.1828
      vertex 38.291 -4.2 2.2643
      vertex 38.2365 -4.2 2.1828
    endloop
  endfacet
  facet normal -0.831265 0 0.555877
    outer loop
      vertex 38.291 -4.2 2.2643
      vertex 38.2365 -23.5 2.1828
      vertex 38.291 -23.5 2.2643
    endloop
  endfacet
  facet normal -0.831265 0 0.555877
    outer loop
      vertex 38.2365 -35.2 2.1828
      vertex 38.291 -26.5 2.2643
      vertex 38.2365 -26.5 2.1828
    endloop
  endfacet
  facet normal -0.831265 0 0.555877
    outer loop
      vertex 38.291 -26.5 2.2643
      vertex 38.2365 -35.2 2.1828
      vertex 38.291 -35.2 2.2643
    endloop
  endfacet
  facet normal -0.83167 -0.000601217 0.555269
    outer loop
      vertex 38.2365 6.28694 2.1828
      vertex 38.291 6.16784 2.2643
      vertex 38.2789 6.20767 2.24622
    endloop
  endfacet
  facet normal -0.831265 0 0.555877
    outer loop
      vertex 38.2365 6.28694 2.1828
      vertex 38.291 0.232159 2.2643
      vertex 38.291 6.16784 2.2643
    endloop
  endfacet
  facet normal -0.831265 0 0.555877
    outer loop
      vertex 38.2365 0.113065 2.1828
      vertex 38.291 0.232159 2.2643
      vertex 38.2365 6.28694 2.1828
    endloop
  endfacet
  facet normal -0.83167 0.000600977 0.555269
    outer loop
      vertex 38.291 0.232159 2.2643
      vertex 38.2365 0.113065 2.1828
      vertex 38.2789 0.192325 2.24622
    endloop
  endfacet
  facet normal -0.831265 0 0.555877
    outer loop
      vertex 38.2365 7.89818 2.1828
      vertex 38.291 37.5183 2.2643
      vertex 38.2365 37.5018 2.1828
    endloop
  endfacet
  facet normal -0.831265 0 0.555877
    outer loop
      vertex 38.291 37.5183 2.2643
      vertex 38.2365 7.89818 2.1828
      vertex 38.291 7.88167 2.2643
    endloop
  endfacet
  facet normal -0.705447 -0.069519 0.705345
    outer loop
      vertex 38.1672 45.2 2.11349
      vertex 38.2365 45.2 2.1828
      vertex 38.1611 45.2619 2.11349
    endloop
  endfacet
  facet normal -0.554693 -0.0546628 0.830257
    outer loop
      vertex 38.1672 45.2 2.11349
      vertex 38.1611 45.2619 2.11349
      vertex 38.0857 45.2 2.05904
    endloop
  endfacet
  facet normal -0.471652 -0.881785 0
    outer loop
      vertex 38.0404 45.6597 8.6375
      vertex 38.1264 45.6137 11.1375
      vertex 38.0404 45.6597 11.1375
    endloop
  endfacet
  facet normal -0.471652 -0.881785 -0
    outer loop
      vertex 38.1264 45.6137 11.1375
      vertex 38.0404 45.6597 8.6375
      vertex 38.1264 45.6137 8.6375
    endloop
  endfacet
  facet normal -0.338998 -0.180979 0.923215
    outer loop
      vertex 37.9841 45.2555 2.02153
      vertex 38.046 45.3309 2.05904
      vertex 37.9707 45.2806 2.02153
    endloop
  endfacet
  facet normal -0.338586 -0.181356 0.923293
    outer loop
      vertex 38.0678 45.2902 2.05904
      vertex 38.046 45.3309 2.05904
      vertex 37.9841 45.2555 2.02153
    endloop
  endfacet
  facet normal 0.431295 -0.353285 0.830165
    outer loop
      vertex -38.046 45.3309 2.05904
      vertex -38.0743 45.4243 2.11349
      vertex -38.1137 45.3762 2.11349
    endloop
  endfacet
  facet normal 0.162269 -0.533427 0.830135
    outer loop
      vertex -37.896 45.4312 2.05904
      vertex -37.9119 45.5111 2.11349
      vertex -37.9714 45.493 2.11349
    endloop
  endfacet
  facet normal 0.161835 -0.533813 0.829972
    outer loop
      vertex -37.9402 45.4178 2.05904
      vertex -37.896 45.4312 2.05904
      vertex -37.9714 45.493 2.11349
    endloop
  endfacet
  facet normal 0.828906 -0.0785653 0.553843
    outer loop
      vertex -38.2365 45.2 2.1828
      vertex -38.2789 45.2077 2.24735
      vertex -38.2812 45.2 2.2497
    endloop
  endfacet
  facet normal 0.828388 -0.0827788 0.554005
    outer loop
      vertex -38.2789 45.2077 2.24735
      vertex -38.2365 45.2 2.1828
      vertex -38.2597 45.2435 2.22399
    endloop
  endfacet
  facet normal -0.995148 -0.0983875 0
    outer loop
      vertex 38.3476 45.2 8.6375
      vertex 38.338 45.2971 11.1375
      vertex 38.338 45.2971 8.6375
    endloop
  endfacet
  facet normal -0.995148 -0.0983875 0
    outer loop
      vertex 38.338 45.2971 11.1375
      vertex 38.3476 45.2 8.6375
      vertex 38.3476 45.2 11.1375
    endloop
  endfacet
  facet normal -0.828388 -0.0827788 0.554005
    outer loop
      vertex 38.2365 45.2 2.1828
      vertex 38.2789 45.2077 2.24735
      vertex 38.2597 45.2435 2.22399
    endloop
  endfacet
  facet normal -0.828906 -0.0785653 0.553843
    outer loop
      vertex 38.2789 45.2077 2.24735
      vertex 38.2365 45.2 2.1828
      vertex 38.2812 45.2 2.2497
    endloop
  endfacet
  facet normal -0.92392 0 0.382586
    outer loop
      vertex 38.291 -23.5 2.2643
      vertex 38.3285 -4.2 2.35486
      vertex 38.291 -4.2 2.2643
    endloop
  endfacet
  facet normal -0.92392 0 0.382586
    outer loop
      vertex 38.3285 -4.2 2.35486
      vertex 38.291 -23.5 2.2643
      vertex 38.3285 -23.5 2.35486
    endloop
  endfacet
  facet normal -0.92392 0 0.382586
    outer loop
      vertex 38.291 -35.2 2.2643
      vertex 38.3285 -26.5 2.35486
      vertex 38.291 -26.5 2.2643
    endloop
  endfacet
  facet normal -0.92392 0 0.382586
    outer loop
      vertex 38.3285 -26.5 2.35486
      vertex 38.291 -35.2 2.2643
      vertex 38.3285 -35.2 2.35486
    endloop
  endfacet
  facet normal -0.923903 0 0.382628
    outer loop
      vertex 38.291 7.88167 2.2643
      vertex 38.3204 37.5273 2.33529
      vertex 38.291 37.5183 2.2643
    endloop
  endfacet
  facet normal -0.923903 0 0.382628
    outer loop
      vertex 38.3204 7.87274 2.33529
      vertex 38.3204 37.5273 2.33529
      vertex 38.291 7.88167 2.2643
    endloop
  endfacet
  facet normal -0.923982 0 0.382435
    outer loop
      vertex 38.3204 37.5273 2.33529
      vertex 38.3204 7.87274 2.33529
      vertex 38.3285 37.5316 2.35486
    endloop
  endfacet
  facet normal -0.923982 0 0.382435
    outer loop
      vertex 38.3285 37.5316 2.35486
      vertex 38.3204 7.87274 2.33529
      vertex 38.3285 7.86841 2.35486
    endloop
  endfacet
  facet normal -0.92392 0 0.382586
    outer loop
      vertex 38.291 6.16784 2.2643
      vertex 38.3285 0.355824 2.35486
      vertex 38.3285 6.04418 2.35486
    endloop
  endfacet
  facet normal -0.92392 0 0.382586
    outer loop
      vertex 38.3285 0.355824 2.35486
      vertex 38.291 6.16784 2.2643
      vertex 38.291 0.232159 2.2643
    endloop
  endfacet
  facet normal -0.92392 0 0.382586
    outer loop
      vertex 38.291 45.1678 2.2643
      vertex 38.3285 39.3558 2.35486
      vertex 38.3285 45.0442 2.35486
    endloop
  endfacet
  facet normal -0.92392 0 0.382586
    outer loop
      vertex 38.3285 39.3558 2.35486
      vertex 38.291 45.1678 2.2643
      vertex 38.291 39.2322 2.2643
    endloop
  endfacet
  facet normal -0.773409 -0.633908 0
    outer loop
      vertex 38.2637 45.4764 8.6375
      vertex 38.2019 45.5518 11.1375
      vertex 38.2019 45.5518 8.6375
    endloop
  endfacet
  facet normal -0.773409 -0.633908 0
    outer loop
      vertex 38.2019 45.5518 11.1375
      vertex 38.2637 45.4764 8.6375
      vertex 38.2637 45.4764 11.1375
    endloop
  endfacet
  facet normal 0.449306 -0.547863 0.70567
    outer loop
      vertex -38.0836 45.5059 2.1828
      vertex -38.0262 45.4637 2.11349
      vertex -38.0647 45.5214 2.1828
    endloop
  endfacet
  facet normal 0.44979 -0.547351 0.705759
    outer loop
      vertex -38.0262 45.4637 2.11349
      vertex -38.0836 45.5059 2.1828
      vertex -38.1113 45.4721 2.17424
    endloop
  endfacet
  facet normal 0.529897 -0.646132 0.549293
    outer loop
      vertex -38.0647 45.5214 2.1828
      vertex -38.0714 45.5207 2.18844
      vertex -38.0836 45.5059 2.1828
    endloop
  endfacet
  facet normal 0.547984 -0.449544 0.705425
    outer loop
      vertex -38.0743 45.4243 2.11349
      vertex -38.1162 45.4662 2.17274
      vertex -38.1573 45.4161 2.17274
    endloop
  endfacet
  facet normal -0.796655 -0.242519 0.553648
    outer loop
      vertex 38.2291 45.2754 2.1828
      vertex 38.2414 45.2778 2.20155
      vertex 38.2112 45.3342 2.1828
    endloop
  endfacet
  facet normal -0.679905 -0.202019 0.704924
    outer loop
      vertex 38.1431 45.3214 2.11349
      vertex 38.2055 45.3449 2.18041
      vertex 38.2045 45.3468 2.17999
    endloop
  endfacet
  facet normal -0.678782 -0.205346 0.705045
    outer loop
      vertex 38.2055 45.3449 2.18041
      vertex 38.1431 45.3214 2.11349
      vertex 38.1611 45.2619 2.11349
    endloop
  endfacet
  facet normal -0.881785 -0.471652 0
    outer loop
      vertex 38.3097 45.3904 8.6375
      vertex 38.2637 45.4764 11.1375
      vertex 38.2637 45.4764 8.6375
    endloop
  endfacet
  facet normal -0.881785 -0.471652 0
    outer loop
      vertex 38.2637 45.4764 11.1375
      vertex 38.3097 45.3904 8.6375
      vertex 38.3097 45.3904 11.1375
    endloop
  endfacet
  facet normal 0.62468 -0.334605 0.70556
    outer loop
      vertex -38.1865 45.3806 2.17999
      vertex -38.1431 45.3214 2.11349
      vertex -38.1679 45.4032 2.17424
    endloop
  endfacet
  facet normal 0.625845 -0.33329 0.70515
    outer loop
      vertex -38.1431 45.3214 2.11349
      vertex -38.1865 45.3806 2.17999
      vertex -38.2045 45.3468 2.17999
    endloop
  endfacet
  facet normal 0.677622 -0.208417 0.70526
    outer loop
      vertex -38.2113 45.3342 2.1828
      vertex -38.1431 45.3214 2.11349
      vertex -38.2045 45.3468 2.17999
    endloop
  endfacet
  facet normal 0.678373 -0.205358 0.705434
    outer loop
      vertex -38.1431 45.3214 2.11349
      vertex -38.2113 45.3342 2.1828
      vertex -38.2291 45.2754 2.1828
    endloop
  endfacet
  facet normal -0.828762 -0.0798023 0.553882
    outer loop
      vertex 38.2291 45.2754 2.1828
      vertex 38.2597 45.2435 2.22399
      vertex 38.2414 45.2778 2.20155
    endloop
  endfacet
  facet normal -0.829205 -0.0813808 0.552989
    outer loop
      vertex 38.2597 45.2435 2.22399
      vertex 38.2291 45.2754 2.1828
      vertex 38.2365 45.2 2.1828
    endloop
  endfacet
  facet normal -0.705335 -0.0692238 0.705487
    outer loop
      vertex 38.2365 45.2 2.1828
      vertex 38.2291 45.2754 2.1828
      vertex 38.1611 45.2619 2.11349
    endloop
  endfacet
  facet normal 0 0 1
    outer loop
      vertex 40.7428 47.7 11.1375
      vertex 38.3476 45.2 11.1375
      vertex 38.35 -44.2 11.1375
    endloop
  endfacet
  facet normal 0 0 1
    outer loop
      vertex 40.7428 47.7 11.1375
      vertex 38.338 45.2971 11.1375
      vertex 38.3476 45.2 11.1375
    endloop
  endfacet
  facet normal 0 0 1
    outer loop
      vertex 40.7428 47.7 11.1375
      vertex 38.3097 45.3904 11.1375
      vertex 38.338 45.2971 11.1375
    endloop
  endfacet
  facet normal 0 0 1
    outer loop
      vertex 40.7428 47.7 11.1375
      vertex 38.2637 45.4764 11.1375
      vertex 38.3097 45.3904 11.1375
    endloop
  endfacet
  facet normal 0 0 1
    outer loop
      vertex 38.35 47.7 11.1375
      vertex 38.2019 45.5518 11.1375
      vertex 38.2637 45.4764 11.1375
    endloop
  endfacet
  facet normal 0 0 1
    outer loop
      vertex 38.35 47.7 11.1375
      vertex 38.1264 45.6137 11.1375
      vertex 38.2019 45.5518 11.1375
    endloop
  endfacet
  facet normal 0 0 1
    outer loop
      vertex 38.35 47.7 11.1375
      vertex 38.0404 45.6597 11.1375
      vertex 38.1264 45.6137 11.1375
    endloop
  endfacet
  facet normal 0 0 1
    outer loop
      vertex 38.35 47.7 11.1375
      vertex 37.9471 45.688 11.1375
      vertex 38.0404 45.6597 11.1375
    endloop
  endfacet
  facet normal 0 0 1
    outer loop
      vertex 38.35 47.7 11.1375
      vertex 37.85 45.6976 11.1375
      vertex 37.9471 45.688 11.1375
    endloop
  endfacet
  facet normal 0 0 1
    outer loop
      vertex 38.35 47.7 11.1375
      vertex -37.85 45.6976 11.1375
      vertex 37.85 45.6976 11.1375
    endloop
  endfacet
  facet normal -0 0 1
    outer loop
      vertex -38.35 47.7 11.1375
      vertex -37.85 45.6976 11.1375
      vertex 38.35 47.7 11.1375
    endloop
  endfacet
  facet normal 0 0 1
    outer loop
      vertex -38.35 47.7 11.1375
      vertex -37.9471 45.688 11.1375
      vertex -37.85 45.6976 11.1375
    endloop
  endfacet
  facet normal 0 0 1
    outer loop
      vertex -38.35 47.7 11.1375
      vertex -38.0404 45.6597 11.1375
      vertex -37.9471 45.688 11.1375
    endloop
  endfacet
  facet normal 0 0 1
    outer loop
      vertex -38.35 47.7 11.1375
      vertex -38.1264 45.6137 11.1375
      vertex -38.0404 45.6597 11.1375
    endloop
  endfacet
  facet normal 0 0 1
    outer loop
      vertex -38.35 47.7 11.1375
      vertex -38.2019 45.5518 11.1375
      vertex -38.1264 45.6137 11.1375
    endloop
  endfacet
  facet normal 0 0 1
    outer loop
      vertex -38.35 47.7 11.1375
      vertex -38.2637 45.4764 11.1375
      vertex -38.2019 45.5518 11.1375
    endloop
  endfacet
  facet normal -0 0 1
    outer loop
      vertex -40.7428 47.7 11.1375
      vertex -38.2637 45.4764 11.1375
      vertex -38.35 47.7 11.1375
    endloop
  endfacet
  facet normal 0 0 1
    outer loop
      vertex -38.2637 45.4764 11.1375
      vertex -40.7428 47.7 11.1375
      vertex -38.3097 45.3904 11.1375
    endloop
  endfacet
  facet normal 0 0 1
    outer loop
      vertex -38.3097 45.3904 11.1375
      vertex -40.7428 47.7 11.1375
      vertex -38.338 45.2971 11.1375
    endloop
  endfacet
  facet normal 0 0 1
    outer loop
      vertex -38.338 45.2971 11.1375
      vertex -40.7428 47.7 11.1375
      vertex -38.3476 45.2 11.1375
    endloop
  endfacet
  facet normal 0 0 1
    outer loop
      vertex -38.3476 45.2 11.1375
      vertex -38.35 -44.2 11.1375
      vertex -38.3476 -44.2 11.1375
    endloop
  endfacet
  facet normal -0 0 1
    outer loop
      vertex 37.15 49.1928 11.1375
      vertex 38.35 48.4 11.1375
      vertex 39.25 49.1928 11.1375
    endloop
  endfacet
  facet normal 0 0 1
    outer loop
      vertex 38.35 48.4 11.1375
      vertex 37.15 49.1928 11.1375
      vertex 37.15 48.4 11.1375
    endloop
  endfacet
  facet normal 0 0 1
    outer loop
      vertex 38.35 47.7 11.1375
      vertex 40.7428 47.7 11.1375
      vertex 40.7141 47.9912 11.1375
    endloop
  endfacet
  facet normal 0 0 1
    outer loop
      vertex 40.7428 47.7 11.1375
      vertex 38.35 -44.2 11.1375
      vertex 40.7428 -47.7 11.1375
    endloop
  endfacet
  facet normal 0 0 1
    outer loop
      vertex 38.35 47.7 11.1375
      vertex 40.7141 47.9912 11.1375
      vertex 40.6291 48.2713 11.1375
    endloop
  endfacet
  facet normal -0 0 1
    outer loop
      vertex 38.35 -44.7215 11.1375
      vertex 40.7428 -47.7 11.1375
      vertex 38.35 -44.2 11.1375
    endloop
  endfacet
  facet normal 0 0 1
    outer loop
      vertex 38.35 47.7 11.1375
      vertex 40.6291 48.2713 11.1375
      vertex 40.4912 48.5293 11.1375
    endloop
  endfacet
  facet normal 0 -0 1
    outer loop
      vertex 39.5404 -49.1642 11.1375
      vertex 40.7428 -47.7 11.1375
      vertex 38.35 -44.7215 11.1375
    endloop
  endfacet
  facet normal 0 0 1
    outer loop
      vertex 38.35 47.7 11.1375
      vertex 40.4912 48.5293 11.1375
      vertex 40.3056 48.7556 11.1375
    endloop
  endfacet
  facet normal 0 0 1
    outer loop
      vertex 40.7428 -47.7 11.1375
      vertex 39.5404 -49.1642 11.1375
      vertex 40.7141 -47.9912 11.1375
    endloop
  endfacet
  facet normal 0 0 1
    outer loop
      vertex 38.35 47.7 11.1375
      vertex 40.3056 48.7556 11.1375
      vertex 40.0793 48.9412 11.1375
    endloop
  endfacet
  facet normal 0 0 1
    outer loop
      vertex 40.7141 -47.9912 11.1375
      vertex 39.5404 -49.1642 11.1375
      vertex 40.6291 -48.2713 11.1375
    endloop
  endfacet
  facet normal 0 0 1
    outer loop
      vertex 38.35 47.7 11.1375
      vertex 40.0793 48.9412 11.1375
      vertex 39.8213 49.0791 11.1375
    endloop
  endfacet
  facet normal 0 0 1
    outer loop
      vertex 40.6291 -48.2713 11.1375
      vertex 39.5404 -49.1642 11.1375
      vertex 40.4912 -48.5293 11.1375
    endloop
  endfacet
  facet normal 0 0 1
    outer loop
      vertex 38.35 48.4 11.1375
      vertex 39.8213 49.0791 11.1375
      vertex 39.5412 49.1641 11.1375
    endloop
  endfacet
  facet normal 0 0 1
    outer loop
      vertex 40.4912 -48.5293 11.1375
      vertex 39.5404 -49.1642 11.1375
      vertex 40.3056 -48.7556 11.1375
    endloop
  endfacet
  facet normal 0 0 1
    outer loop
      vertex 40.3056 -48.7556 11.1375
      vertex 39.5404 -49.1642 11.1375
      vertex 40.0793 -48.9412 11.1375
    endloop
  endfacet
  facet normal 0 0 1
    outer loop
      vertex 38.35 48.4 11.1375
      vertex 39.5412 49.1641 11.1375
      vertex 39.25 49.1928 11.1375
    endloop
  endfacet
  facet normal 0 0 1
    outer loop
      vertex 39.8213 49.0791 11.1375
      vertex 38.35 48.4 11.1375
      vertex 38.35 47.7 11.1375
    endloop
  endfacet
  facet normal 0 0 1
    outer loop
      vertex 38.2637 45.4764 11.1375
      vertex 40.7428 47.7 11.1375
      vertex 38.35 47.7 11.1375
    endloop
  endfacet
  facet normal 0 0 1
    outer loop
      vertex 40.0793 -48.9412 11.1375
      vertex 39.5404 -49.1642 11.1375
      vertex 39.8213 -49.0791 11.1375
    endloop
  endfacet
  facet normal 0 0 1
    outer loop
      vertex 39.8213 -49.0791 11.1375
      vertex 39.5404 -49.1642 11.1375
      vertex 39.5412 -49.1641 11.1375
    endloop
  endfacet
  facet normal 0 0 1
    outer loop
      vertex 38.35 -44.2 11.1375
      vertex 38.3476 45.2 11.1375
      vertex 38.3476 -44.2 11.1375
    endloop
  endfacet
  facet normal 0 0 1
    outer loop
      vertex -37.15 49.1928 11.1375
      vertex -38.35 48.4 11.1375
      vertex -37.15 48.4 11.1375
    endloop
  endfacet
  facet normal 0 0 1
    outer loop
      vertex -39.8213 49.0791 11.1375
      vertex -38.35 47.7 11.1375
      vertex -38.35 48.4 11.1375
    endloop
  endfacet
  facet normal 0 0 1
    outer loop
      vertex -38.3476 45.2 11.1375
      vertex -40.7428 47.7 11.1375
      vertex -38.35 -44.2 11.1375
    endloop
  endfacet
  facet normal -0 0 1
    outer loop
      vertex -39.25 49.1928 11.1375
      vertex -38.35 48.4 11.1375
      vertex -37.15 49.1928 11.1375
    endloop
  endfacet
  facet normal -0 0 1
    outer loop
      vertex -39.5412 49.1641 11.1375
      vertex -38.35 48.4 11.1375
      vertex -39.25 49.1928 11.1375
    endloop
  endfacet
  facet normal 0 0 1
    outer loop
      vertex -40.7428 -47.7 11.1375
      vertex -38.35 -44.2 11.1375
      vertex -40.7428 47.7 11.1375
    endloop
  endfacet
  facet normal -0 0 1
    outer loop
      vertex -39.8213 49.0791 11.1375
      vertex -38.35 48.4 11.1375
      vertex -39.5412 49.1641 11.1375
    endloop
  endfacet
  facet normal 0 0 1
    outer loop
      vertex -38.35 -44.2 11.1375
      vertex -40.7428 -47.7 11.1375
      vertex -38.35 -44.7215 11.1375
    endloop
  endfacet
  facet normal 0 0 1
    outer loop
      vertex -38.35 47.7 11.1375
      vertex -39.8213 49.0791 11.1375
      vertex -40.0793 48.9412 11.1375
    endloop
  endfacet
  facet normal 0 0 1
    outer loop
      vertex -38.35 -44.7215 11.1375
      vertex -40.7428 -47.7 11.1375
      vertex -39.5404 -49.1642 11.1375
    endloop
  endfacet
  facet normal 0 0 1
    outer loop
      vertex -38.35 47.7 11.1375
      vertex -40.0793 48.9412 11.1375
      vertex -40.3056 48.7556 11.1375
    endloop
  endfacet
  facet normal -0 -0 1
    outer loop
      vertex -39.8213 -49.0791 11.1375
      vertex -39.5404 -49.1642 11.1375
      vertex -40.7428 -47.7 11.1375
    endloop
  endfacet
  facet normal 0 0 1
    outer loop
      vertex -38.35 47.7 11.1375
      vertex -40.3056 48.7556 11.1375
      vertex -40.4912 48.5293 11.1375
    endloop
  endfacet
  facet normal 0 0 1
    outer loop
      vertex -39.5404 -49.1642 11.1375
      vertex -39.8213 -49.0791 11.1375
      vertex -39.5412 -49.1641 11.1375
    endloop
  endfacet
  facet normal 0 0 1
    outer loop
      vertex -38.35 47.7 11.1375
      vertex -40.4912 48.5293 11.1375
      vertex -40.6291 48.2713 11.1375
    endloop
  endfacet
  facet normal 0 0 1
    outer loop
      vertex -39.8213 -49.0791 11.1375
      vertex -40.7428 -47.7 11.1375
      vertex -40.0793 -48.9412 11.1375
    endloop
  endfacet
  facet normal 0 0 1
    outer loop
      vertex -38.35 47.7 11.1375
      vertex -40.6291 48.2713 11.1375
      vertex -40.7141 47.9912 11.1375
    endloop
  endfacet
  facet normal 0 0 1
    outer loop
      vertex -40.0793 -48.9412 11.1375
      vertex -40.7428 -47.7 11.1375
      vertex -40.3056 -48.7556 11.1375
    endloop
  endfacet
  facet normal 0 0 1
    outer loop
      vertex -38.35 47.7 11.1375
      vertex -40.7141 47.9912 11.1375
      vertex -40.7428 47.7 11.1375
    endloop
  endfacet
  facet normal 0 0 1
    outer loop
      vertex -40.3056 -48.7556 11.1375
      vertex -40.7428 -47.7 11.1375
      vertex -40.4912 -48.5293 11.1375
    endloop
  endfacet
  facet normal 0 0 1
    outer loop
      vertex -40.4912 -48.5293 11.1375
      vertex -40.7428 -47.7 11.1375
      vertex -40.6291 -48.2713 11.1375
    endloop
  endfacet
  facet normal 0 0 1
    outer loop
      vertex -40.6291 -48.2713 11.1375
      vertex -40.7428 -47.7 11.1375
      vertex -40.7141 -47.9912 11.1375
    endloop
  endfacet
  facet normal -0 0 1
    outer loop
      vertex -34.0691 -44.2 2
      vertex 35.407 -49.1928 2
      vertex 34.0691 -44.2 2
    endloop
  endfacet
  facet normal 0 0 1
    outer loop
      vertex 35.407 -49.1928 2
      vertex -34.0691 -44.2 2
      vertex -35.407 -49.1928 2
    endloop
  endfacet
  facet normal 0 -1 0
    outer loop
      vertex -34.0691 -44.2 2
      vertex 34.0691 -44.2 2.00241
      vertex -34.0691 -44.2 2.00241
    endloop
  endfacet
  facet normal 0 -1 -0
    outer loop
      vertex 34.0691 -44.2 2.00241
      vertex -34.0691 -44.2 2
      vertex 34.0691 -44.2 2
    endloop
  endfacet
  facet normal 1 -0 0
    outer loop
      vertex -37.15 -40.2431 11.1375
      vertex -37.15 -35.2 2.00241
      vertex -37.15 -35.2 11.1375
    endloop
  endfacet
  facet normal 1 0 0
    outer loop
      vertex -37.15 -35.2 2.00241
      vertex -37.15 -40.2431 11.1375
      vertex -37.15 -40.2431 2.00241
    endloop
  endfacet
  facet normal -0 0 1
    outer loop
      vertex -38.3476 -35.2 11.1375
      vertex -37.15 -40.2431 11.1375
      vertex -37.15 -35.2 11.1375
    endloop
  endfacet
  facet normal 0 0 1
    outer loop
      vertex -38.3476 -44.2 11.1375
      vertex -37.15 -40.2431 11.1375
      vertex -38.3476 -35.2 11.1375
    endloop
  endfacet
  facet normal -0 0 1
    outer loop
      vertex -38.3476 -44.2 11.1375
      vertex -38.35 -44.7215 11.1375
      vertex -37.15 -40.2431 11.1375
    endloop
  endfacet
  facet normal 0 0 1
    outer loop
      vertex -38.35 -44.7215 11.1375
      vertex -38.3476 -44.2 11.1375
      vertex -38.35 -44.2 11.1375
    endloop
  endfacet
  facet normal 0 0 1
    outer loop
      vertex -36.4442 -37.6089 2
      vertex -35.407 -49.1928 2
      vertex -32.5805 -38.6442 2
    endloop
  endfacet
  facet normal 0 0 1
    outer loop
      vertex -36.4442 -37.6089 2
      vertex -39.25 -49.1928 2
      vertex -35.407 -49.1928 2
    endloop
  endfacet
  facet normal 0 -0 1
    outer loop
      vertex -39.25 -49.1928 2
      vertex -36.4442 -37.6089 2
      vertex -39.5404 -49.1642 2
    endloop
  endfacet
  facet normal 0 1 0
    outer loop
      vertex -37.15 -35.2 11.1375
      vertex -38.3476 -35.2 2.45099
      vertex -38.3476 -35.2 11.1375
    endloop
  endfacet
  facet normal 0 1 -0
    outer loop
      vertex -37.15 -35.2 2.00241
      vertex -38.3476 -35.2 2.45099
      vertex -37.15 -35.2 11.1375
    endloop
  endfacet
  facet normal 0 1 -0
    outer loop
      vertex -37.899 -35.2 2.00241
      vertex -38.3476 -35.2 2.45099
      vertex -37.15 -35.2 2.00241
    endloop
  endfacet
  facet normal 0 1 0
    outer loop
      vertex -38.3476 -35.2 2.45099
      vertex -37.899 -35.2 2.00241
      vertex -38.3285 -35.2 2.35486
    endloop
  endfacet
  facet normal 0 1 0
    outer loop
      vertex -38.3285 -35.2 2.35486
      vertex -37.899 -35.2 2.00241
      vertex -38.291 -35.2 2.2643
    endloop
  endfacet
  facet normal 0 1 0
    outer loop
      vertex -38.291 -35.2 2.2643
      vertex -37.899 -35.2 2.00241
      vertex -38.2365 -35.2 2.1828
    endloop
  endfacet
  facet normal 0 1 0
    outer loop
      vertex -38.2365 -35.2 2.1828
      vertex -37.899 -35.2 2.00241
      vertex -38.1672 -35.2 2.11349
    endloop
  endfacet
  facet normal 0 1 0
    outer loop
      vertex -38.1672 -35.2 2.11349
      vertex -37.899 -35.2 2.00241
      vertex -38.0857 -35.2 2.05904
    endloop
  endfacet
  facet normal 0 1 0
    outer loop
      vertex -38.0857 -35.2 2.05904
      vertex -37.899 -35.2 2.00241
      vertex -37.9951 -35.2 2.02153
    endloop
  endfacet
  facet normal 0 0 1
    outer loop
      vertex 37.15 -40.2431 11.1375
      vertex 38.3476 -35.2 11.1375
      vertex 37.15 -35.2 11.1375
    endloop
  endfacet
  facet normal -0 0 1
    outer loop
      vertex 38.3476 -44.2 11.1375
      vertex 38.35 -44.7215 11.1375
      vertex 38.35 -44.2 11.1375
    endloop
  endfacet
  facet normal 0 0 1
    outer loop
      vertex 38.3476 -35.2 11.1375
      vertex 37.15 -40.2431 11.1375
      vertex 38.3476 -44.2 11.1375
    endloop
  endfacet
  facet normal 0 0 1
    outer loop
      vertex 38.3476 -44.2 11.1375
      vertex 37.15 -40.2431 11.1375
      vertex 38.35 -44.7215 11.1375
    endloop
  endfacet
  facet normal 0 0 1
    outer loop
      vertex 36.4442 -37.6089 2
      vertex 39.25 -49.1928 2
      vertex 39.5404 -49.1642 2
    endloop
  endfacet
  facet normal 0 0 1
    outer loop
      vertex 36.4442 -37.6089 2
      vertex 35.407 -49.1928 2
      vertex 39.25 -49.1928 2
    endloop
  endfacet
  facet normal 0 -0 1
    outer loop
      vertex 35.407 -49.1928 2
      vertex 36.4442 -37.6089 2
      vertex 32.5805 -38.6442 2
    endloop
  endfacet
  facet normal -1 0 0
    outer loop
      vertex 37.15 -40.2431 2.00241
      vertex 37.15 -35.2 11.1375
      vertex 37.15 -35.2 2.00241
    endloop
  endfacet
  facet normal -1 -0 0
    outer loop
      vertex 37.15 -35.2 11.1375
      vertex 37.15 -40.2431 2.00241
      vertex 37.15 -40.2431 11.1375
    endloop
  endfacet
  facet normal 0 1 -0
    outer loop
      vertex 38.3476 -35.2 2.45099
      vertex 37.15 -35.2 11.1375
      vertex 38.3476 -35.2 11.1375
    endloop
  endfacet
  facet normal 0 1 0
    outer loop
      vertex 37.899 -35.2 2.00241
      vertex 38.3476 -35.2 2.45099
      vertex 38.3285 -35.2 2.35486
    endloop
  endfacet
  facet normal 0 1 0
    outer loop
      vertex 37.899 -35.2 2.00241
      vertex 38.3285 -35.2 2.35486
      vertex 38.291 -35.2 2.2643
    endloop
  endfacet
  facet normal 0 1 0
    outer loop
      vertex 37.899 -35.2 2.00241
      vertex 38.291 -35.2 2.2643
      vertex 38.2365 -35.2 2.1828
    endloop
  endfacet
  facet normal 0 1 0
    outer loop
      vertex 37.899 -35.2 2.00241
      vertex 38.2365 -35.2 2.1828
      vertex 38.1672 -35.2 2.11349
    endloop
  endfacet
  facet normal 0 1 0
    outer loop
      vertex 37.899 -35.2 2.00241
      vertex 38.1672 -35.2 2.11349
      vertex 38.0857 -35.2 2.05904
    endloop
  endfacet
  facet normal 0 1 0
    outer loop
      vertex 37.899 -35.2 2.00241
      vertex 38.0857 -35.2 2.05904
      vertex 37.9951 -35.2 2.02153
    endloop
  endfacet
  facet normal 0 1 0
    outer loop
      vertex 38.3476 -35.2 2.45099
      vertex 37.899 -35.2 2.00241
      vertex 37.15 -35.2 2.00241
    endloop
  endfacet
  facet normal 0 1 0
    outer loop
      vertex 38.3476 -35.2 2.45099
      vertex 37.15 -35.2 2.00241
      vertex 37.15 -35.2 11.1375
    endloop
  endfacet
  facet normal 0 1 -0
    outer loop
      vertex 38.35 47.7 1.2
      vertex -38.35 47.7 11.1375
      vertex 38.35 47.7 11.1375
    endloop
  endfacet
  facet normal 0 1 0
    outer loop
      vertex -38.35 47.7 11.1375
      vertex 38.35 47.7 1.2
      vertex -38.35 47.7 1.2
    endloop
  endfacet
  facet normal -0.965929 0.258807 0
    outer loop
      vertex -32.5805 -38.6442 2
      vertex -34.0691 -44.2 2
      vertex -32.5805 -38.6442 2.00241
    endloop
  endfacet
  facet normal 0 0 1
    outer loop
      vertex -35.407 -49.1928 2
      vertex -34.0691 -44.2 2
      vertex -32.5805 -38.6442 2
    endloop
  endfacet
  facet normal -0.965929 0.258807 0
    outer loop
      vertex -32.5805 -38.6442 2.00241
      vertex -34.0691 -44.2 2
      vertex -34.0691 -44.2 2.00241
    endloop
  endfacet
  facet normal 0.965925 -0.258822 0
    outer loop
      vertex -37.15 -40.2431 11.1375
      vertex -38.35 -44.7215 11.1375
      vertex -37.15 -40.2431 2.00241
    endloop
  endfacet
  facet normal 0.965929 -0.258808 0
    outer loop
      vertex -37.15 -40.2431 2.00241
      vertex -36.4442 -37.6089 2
      vertex -36.4442 -37.6089 2.00241
    endloop
  endfacet
  facet normal 0.965927 -0.258815 0
    outer loop
      vertex -39.5404 -49.1642 2
      vertex -38.35 -44.7215 11.1375
      vertex -39.5404 -49.1642 11.1375
    endloop
  endfacet
  facet normal 0.965881 -0.258804 -0.00968716
    outer loop
      vertex -37.15 -40.2431 2.00241
      vertex -39.5404 -49.1642 2
      vertex -36.4442 -37.6089 2
    endloop
  endfacet
  facet normal 0.965926 -0.258819 1.80894e-06
    outer loop
      vertex -38.35 -44.7215 11.1375
      vertex -39.5404 -49.1642 2
      vertex -37.15 -40.2431 2.00241
    endloop
  endfacet
  facet normal -0.258825 -0.965924 0
    outer loop
      vertex -36.4442 -37.6089 2
      vertex -32.5805 -38.6442 2.00241
      vertex -36.4442 -37.6089 2.00241
    endloop
  endfacet
  facet normal -0.258825 -0.965924 -0
    outer loop
      vertex -32.5805 -38.6442 2.00241
      vertex -36.4442 -37.6089 2
      vertex -32.5805 -38.6442 2
    endloop
  endfacet
  facet normal -0.965929 -0.258808 0
    outer loop
      vertex 36.4442 -37.6089 2
      vertex 37.15 -40.2431 2.00241
      vertex 36.4442 -37.6089 2.00241
    endloop
  endfacet
  facet normal -0.965925 -0.258822 0
    outer loop
      vertex 37.15 -40.2431 2.00241
      vertex 38.35 -44.7215 11.1375
      vertex 37.15 -40.2431 11.1375
    endloop
  endfacet
  facet normal -0.965881 -0.258804 -0.00968716
    outer loop
      vertex 39.5404 -49.1642 2
      vertex 37.15 -40.2431 2.00241
      vertex 36.4442 -37.6089 2
    endloop
  endfacet
  facet normal -0.965926 -0.258819 1.80894e-06
    outer loop
      vertex 39.5404 -49.1642 2
      vertex 38.35 -44.7215 11.1375
      vertex 37.15 -40.2431 2.00241
    endloop
  endfacet
  facet normal -0.965927 -0.258815 0
    outer loop
      vertex 38.35 -44.7215 11.1375
      vertex 39.5404 -49.1642 2
      vertex 39.5404 -49.1642 11.1375
    endloop
  endfacet
  facet normal 0.258825 -0.965924 0
    outer loop
      vertex 32.5805 -38.6442 2
      vertex 36.4442 -37.6089 2.00241
      vertex 32.5805 -38.6442 2.00241
    endloop
  endfacet
  facet normal 0.258825 -0.965924 0
    outer loop
      vertex 36.4442 -37.6089 2.00241
      vertex 32.5805 -38.6442 2
      vertex 36.4442 -37.6089 2
    endloop
  endfacet
  facet normal 0.965929 0.258807 0
    outer loop
      vertex 34.0691 -44.2 2.00241
      vertex 32.5805 -38.6442 2
      vertex 32.5805 -38.6442 2.00241
    endloop
  endfacet
  facet normal 0.965929 0.258807 -0
    outer loop
      vertex 34.0691 -44.2 2
      vertex 32.5805 -38.6442 2
      vertex 34.0691 -44.2 2.00241
    endloop
  endfacet
  facet normal -0 -0 1
    outer loop
      vertex 34.0691 -44.2 2
      vertex 35.407 -49.1928 2
      vertex 32.5805 -38.6442 2
    endloop
  endfacet
  facet normal 0.77307 -0.634321 0
    outer loop
      vertex -34.8908 37.9608 8.6375
      vertex -34.6421 38.2639 2.00241
      vertex -34.6421 38.2639 8.6375
    endloop
  endfacet
  facet normal 0.77307 -0.634321 0
    outer loop
      vertex -34.6421 38.2639 2.00241
      vertex -34.8908 37.9608 8.6375
      vertex -34.8908 37.9608 2.00241
    endloop
  endfacet
  facet normal 0.956907 0.290393 0
    outer loop
      vertex -34.3434 45.4152 8.6375
      vertex -34.4291 45.6976 2.45099
      vertex -34.4291 45.6976 8.6375
    endloop
  endfacet
  facet normal 0.956907 0.290393 -0
    outer loop
      vertex -34.3434 45.4152 2.05054
      vertex -34.4291 45.6976 2.45099
      vertex -34.3434 45.4152 8.6375
    endloop
  endfacet
  facet normal 0.956928 0.290326 5.15308e-05
    outer loop
      vertex -34.4291 45.6976 2.45099
      vertex -34.3434 45.4152 2.05054
      vertex -34.4233 45.6785 2.35486
    endloop
  endfacet
  facet normal 0.957044 0.289943 0.00041338
    outer loop
      vertex -34.4233 45.6785 2.35486
      vertex -34.3434 45.4152 2.05054
      vertex -34.4119 45.641 2.2643
    endloop
  endfacet
  facet normal 0.956653 0.291228 -0.00106959
    outer loop
      vertex -34.4119 45.641 2.2643
      vertex -34.3434 45.4152 2.05054
      vertex -34.3954 45.5865 2.1828
    endloop
  endfacet
  facet normal 0.956402 0.292045 -0.00222568
    outer loop
      vertex -34.3954 45.5865 2.1828
      vertex -34.3434 45.4152 2.05054
      vertex -34.3744 45.5172 2.11349
    endloop
  endfacet
  facet normal 0.953876 0.299774 -0.0159927
    outer loop
      vertex -34.3744 45.5172 2.11349
      vertex -34.3434 45.4152 2.05054
      vertex -34.3497 45.4357 2.05904
    endloop
  endfacet
  facet normal 0.634321 -0.77307 0
    outer loop
      vertex -35.1939 37.7121 2.00241
      vertex -34.8908 37.9608 8.6375
      vertex -35.1939 37.7121 8.6375
    endloop
  endfacet
  facet normal 0.634321 -0.77307 0
    outer loop
      vertex -34.8908 37.9608 8.6375
      vertex -35.1939 37.7121 2.00241
      vertex -34.8908 37.9608 2.00241
    endloop
  endfacet
  facet normal -0.290482 -0.956881 0
    outer loop
      vertex -38.3204 37.5273 2.33529
      vertex -37.9452 37.4134 8.6375
      vertex -38.3204 37.5273 8.6375
    endloop
  endfacet
  facet normal -0.284944 -0.958538 0.00351433
    outer loop
      vertex -38.2365 37.5018 2.1828
      vertex -38.3204 37.5273 2.33529
      vertex -38.291 37.5183 2.2643
    endloop
  endfacet
  facet normal -0.290195 -0.956967 0.000362654
    outer loop
      vertex -38.3204 37.5273 2.33529
      vertex -38.2365 37.5018 2.1828
      vertex -37.9452 37.4134 2.01159
    endloop
  endfacet
  facet normal -0.290936 -0.956742 -0.00101361
    outer loop
      vertex -37.9452 37.4134 2.01159
      vertex -38.2365 37.5018 2.1828
      vertex -38.1672 37.4808 2.11349
    endloop
  endfacet
  facet normal -0.29154 -0.956556 -0.00245267
    outer loop
      vertex -37.9452 37.4134 2.01159
      vertex -38.1672 37.4808 2.11349
      vertex -38.0857 37.4561 2.05904
    endloop
  endfacet
  facet normal -0.292261 -0.956327 -0.00479549
    outer loop
      vertex -37.9452 37.4134 2.01159
      vertex -38.0857 37.4561 2.05904
      vertex -37.9951 37.4286 2.02153
    endloop
  endfacet
  facet normal -0.290482 -0.956881 0
    outer loop
      vertex -38.3204 37.5273 2.33529
      vertex -37.9452 37.4134 2.01159
      vertex -37.9452 37.4134 8.6375
    endloop
  endfacet
  facet normal 0.995193 -0.097938 0
    outer loop
      vertex -34.3434 38.9848 8.6375
      vertex -34.305 39.375 2.00241
      vertex -34.305 39.375 8.6375
    endloop
  endfacet
  facet normal 0.995193 -0.097938 0
    outer loop
      vertex -34.305 39.375 2.00241
      vertex -34.3434 38.9848 8.6375
      vertex -34.3434 38.9848 2.00241
    endloop
  endfacet
  facet normal 0.956881 -0.290482 0
    outer loop
      vertex -34.4573 38.6096 8.6375
      vertex -34.3434 38.9848 2.00241
      vertex -34.3434 38.9848 8.6375
    endloop
  endfacet
  facet normal 0.956881 -0.290482 0
    outer loop
      vertex -34.3434 38.9848 2.00241
      vertex -34.4573 38.6096 8.6375
      vertex -34.4573 38.6096 2.00241
    endloop
  endfacet
  facet normal 0.881901 -0.471435 0
    outer loop
      vertex -34.6421 38.2639 8.6375
      vertex -34.4573 38.6096 2.00241
      vertex -34.4573 38.6096 8.6375
    endloop
  endfacet
  facet normal 0.881901 -0.471435 0
    outer loop
      vertex -34.4573 38.6096 2.00241
      vertex -34.6421 38.2639 8.6375
      vertex -34.6421 38.2639 2.00241
    endloop
  endfacet
  facet normal 1 -0 0
    outer loop
      vertex -34.305 39.375 8.6375
      vertex -34.305 45.025 2.00241
      vertex -34.305 45.025 8.6375
    endloop
  endfacet
  facet normal 1 0 0
    outer loop
      vertex -34.305 45.025 2.00241
      vertex -34.305 39.375 8.6375
      vertex -34.305 39.375 2.00241
    endloop
  endfacet
  facet normal 0.995193 0.097938 0
    outer loop
      vertex -34.305 45.025 8.6375
      vertex -34.3434 45.4152 2.05054
      vertex -34.3434 45.4152 8.6375
    endloop
  endfacet
  facet normal 0.995193 0.097938 -0
    outer loop
      vertex -34.305 45.025 2.00241
      vertex -34.3434 45.4152 2.05054
      vertex -34.305 45.025 8.6375
    endloop
  endfacet
  facet normal 0.995166 0.0981838 -0.00201413
    outer loop
      vertex -34.3271 45.249 2.00241
      vertex -34.3434 45.4152 2.05054
      vertex -34.305 45.025 2.00241
    endloop
  endfacet
  facet normal 0.995301 0.0967874 0.00285344
    outer loop
      vertex -34.3434 45.4152 2.05054
      vertex -34.3271 45.249 2.00241
      vertex -34.3365 45.3451 2.02153
    endloop
  endfacet
  facet normal 0.471435 -0.881901 0
    outer loop
      vertex -35.5396 37.5273 2.00241
      vertex -35.1939 37.7121 8.6375
      vertex -35.5396 37.5273 8.6375
    endloop
  endfacet
  facet normal 0.471435 -0.881901 0
    outer loop
      vertex -35.1939 37.7121 8.6375
      vertex -35.5396 37.5273 2.00241
      vertex -35.1939 37.7121 2.00241
    endloop
  endfacet
  facet normal 0.290482 -0.956881 0
    outer loop
      vertex -35.9148 37.4134 2.00241
      vertex -35.5396 37.5273 8.6375
      vertex -35.9148 37.4134 8.6375
    endloop
  endfacet
  facet normal 0.290482 -0.956881 0
    outer loop
      vertex -35.5396 37.5273 8.6375
      vertex -35.9148 37.4134 2.00241
      vertex -35.5396 37.5273 2.00241
    endloop
  endfacet
  facet normal 0.097938 -0.995193 0
    outer loop
      vertex -36.305 37.375 2.00241
      vertex -35.9148 37.4134 8.6375
      vertex -36.305 37.375 8.6375
    endloop
  endfacet
  facet normal 0.097938 -0.995193 0
    outer loop
      vertex -35.9148 37.4134 8.6375
      vertex -36.305 37.375 2.00241
      vertex -35.9148 37.4134 2.00241
    endloop
  endfacet
  facet normal -0.47042 -0.882443 0
    outer loop
      vertex -38.3476 37.5418 2.45099
      vertex -38.3204 37.5273 8.6375
      vertex -38.3476 37.5418 8.6375
    endloop
  endfacet
  facet normal -0.466871 -0.884325 0.00107028
    outer loop
      vertex -38.3204 37.5273 2.33529
      vertex -38.3476 37.5418 2.45099
      vertex -38.3285 37.5316 2.35486
    endloop
  endfacet
  facet normal -0.47042 -0.882443 0
    outer loop
      vertex -38.3476 37.5418 2.45099
      vertex -38.3204 37.5273 2.33529
      vertex -38.3204 37.5273 8.6375
    endloop
  endfacet
  facet normal -0.097938 -0.995193 0
    outer loop
      vertex -37.9452 37.4134 2.01159
      vertex -37.555 37.375 8.6375
      vertex -37.9452 37.4134 8.6375
    endloop
  endfacet
  facet normal -0.0980698 -0.995163 -0.00572911
    outer loop
      vertex -37.555 37.375 2.00241
      vertex -37.9452 37.4134 2.01159
      vertex -37.899 37.4089 2.00241
    endloop
  endfacet
  facet normal -0.097938 -0.995193 0
    outer loop
      vertex -37.9452 37.4134 2.01159
      vertex -37.555 37.375 2.00241
      vertex -37.555 37.375 8.6375
    endloop
  endfacet
  facet normal 0 0 1
    outer loop
      vertex -35.5242 45.0201 8.6375
      vertex -34.305 45.025 8.6375
      vertex -34.3434 45.4152 8.6375
    endloop
  endfacet
  facet normal 0 0 1
    outer loop
      vertex -34.305 45.025 8.6375
      vertex -35.505 44.825 8.6375
      vertex -34.305 39.375 8.6375
    endloop
  endfacet
  facet normal 0 0 1
    outer loop
      vertex -35.5811 45.2077 8.6375
      vertex -34.3434 45.4152 8.6375
      vertex -34.4291 45.6976 8.6375
    endloop
  endfacet
  facet normal -0 0 1
    outer loop
      vertex -35.505 39.575 8.6375
      vertex -34.305 39.375 8.6375
      vertex -35.505 44.825 8.6375
    endloop
  endfacet
  facet normal 0 0 1
    outer loop
      vertex -34.305 39.375 8.6375
      vertex -35.5242 39.3799 8.6375
      vertex -34.3434 38.9848 8.6375
    endloop
  endfacet
  facet normal -0 0 1
    outer loop
      vertex -35.5811 39.1923 8.6375
      vertex -34.3434 38.9848 8.6375
      vertex -35.5242 39.3799 8.6375
    endloop
  endfacet
  facet normal 0 0 1
    outer loop
      vertex -34.3434 38.9848 8.6375
      vertex -35.5811 39.1923 8.6375
      vertex -34.4573 38.6096 8.6375
    endloop
  endfacet
  facet normal -0 0 1
    outer loop
      vertex -35.5242 39.3799 8.6375
      vertex -34.305 39.375 8.6375
      vertex -35.505 39.575 8.6375
    endloop
  endfacet
  facet normal 0 0 1
    outer loop
      vertex -34.305 45.025 8.6375
      vertex -35.5242 45.0201 8.6375
      vertex -35.505 44.825 8.6375
    endloop
  endfacet
  facet normal 0 0 1
    outer loop
      vertex -34.3434 45.4152 8.6375
      vertex -35.5811 45.2077 8.6375
      vertex -35.5242 45.0201 8.6375
    endloop
  endfacet
  facet normal 0 0 1
    outer loop
      vertex -34.4291 45.6976 8.6375
      vertex -35.6735 45.3806 8.6375
      vertex -35.5811 45.2077 8.6375
    endloop
  endfacet
  facet normal 0 0 1
    outer loop
      vertex -34.4291 45.6976 8.6375
      vertex -35.7979 45.5321 8.6375
      vertex -35.6735 45.3806 8.6375
    endloop
  endfacet
  facet normal 0 0 1
    outer loop
      vertex -34.4291 45.6976 8.6375
      vertex -35.9494 45.6565 8.6375
      vertex -35.7979 45.5321 8.6375
    endloop
  endfacet
  facet normal 0 -0 1
    outer loop
      vertex -35.9494 45.6565 8.6375
      vertex -34.4291 45.6976 8.6375
      vertex -36.0264 45.6976 8.6375
    endloop
  endfacet
  facet normal -0 0 1
    outer loop
      vertex -35.6735 39.0194 8.6375
      vertex -34.4573 38.6096 8.6375
      vertex -35.5811 39.1923 8.6375
    endloop
  endfacet
  facet normal 0 0 1
    outer loop
      vertex -34.4573 38.6096 8.6375
      vertex -35.6735 39.0194 8.6375
      vertex -34.6421 38.2639 8.6375
    endloop
  endfacet
  facet normal -0 0 1
    outer loop
      vertex -35.7979 38.8679 8.6375
      vertex -34.6421 38.2639 8.6375
      vertex -35.6735 39.0194 8.6375
    endloop
  endfacet
  facet normal 0 0 1
    outer loop
      vertex -34.6421 38.2639 8.6375
      vertex -35.7979 38.8679 8.6375
      vertex -34.8908 37.9608 8.6375
    endloop
  endfacet
  facet normal 0 0 1
    outer loop
      vertex -34.8908 37.9608 8.6375
      vertex -35.7979 38.8679 8.6375
      vertex -35.1939 37.7121 8.6375
    endloop
  endfacet
  facet normal -0 0 1
    outer loop
      vertex -35.9494 38.7435 8.6375
      vertex -35.1939 37.7121 8.6375
      vertex -35.7979 38.8679 8.6375
    endloop
  endfacet
  facet normal 0 0 1
    outer loop
      vertex -35.1939 37.7121 8.6375
      vertex -35.9494 38.7435 8.6375
      vertex -35.5396 37.5273 8.6375
    endloop
  endfacet
  facet normal -0 0 1
    outer loop
      vertex -36.1223 38.6511 8.6375
      vertex -35.5396 37.5273 8.6375
      vertex -35.9494 38.7435 8.6375
    endloop
  endfacet
  facet normal 0 0 1
    outer loop
      vertex -35.5396 37.5273 8.6375
      vertex -36.1223 38.6511 8.6375
      vertex -35.9148 37.4134 8.6375
    endloop
  endfacet
  facet normal -0 0 1
    outer loop
      vertex -36.3099 38.5942 8.6375
      vertex -35.9148 37.4134 8.6375
      vertex -36.1223 38.6511 8.6375
    endloop
  endfacet
  facet normal 0 0 1
    outer loop
      vertex -35.9148 37.4134 8.6375
      vertex -36.3099 38.5942 8.6375
      vertex -36.305 37.375 8.6375
    endloop
  endfacet
  facet normal -0 0 1
    outer loop
      vertex -36.505 38.575 8.6375
      vertex -36.305 37.375 8.6375
      vertex -36.3099 38.5942 8.6375
    endloop
  endfacet
  facet normal -0 0 1
    outer loop
      vertex -37.355 38.575 8.6375
      vertex -36.305 37.375 8.6375
      vertex -36.505 38.575 8.6375
    endloop
  endfacet
  facet normal 0 0 1
    outer loop
      vertex -37.555 37.375 8.6375
      vertex -37.355 38.575 8.6375
      vertex -37.5501 38.5942 8.6375
    endloop
  endfacet
  facet normal 0 0 1
    outer loop
      vertex -37.355 38.575 8.6375
      vertex -37.555 37.375 8.6375
      vertex -36.305 37.375 8.6375
    endloop
  endfacet
  facet normal 0 0 1
    outer loop
      vertex -37.9452 37.4134 8.6375
      vertex -37.5501 38.5942 8.6375
      vertex -37.7377 38.6511 8.6375
    endloop
  endfacet
  facet normal 0 0 1
    outer loop
      vertex -38.3476 37.5418 8.6375
      vertex -37.7377 38.6511 8.6375
      vertex -37.9106 38.7435 8.6375
    endloop
  endfacet
  facet normal 0 0 1
    outer loop
      vertex -37.5501 38.5942 8.6375
      vertex -37.9452 37.4134 8.6375
      vertex -37.555 37.375 8.6375
    endloop
  endfacet
  facet normal 0 0 1
    outer loop
      vertex -38.3476 37.5418 8.6375
      vertex -37.9106 38.7435 8.6375
      vertex -38.0621 38.8679 8.6375
    endloop
  endfacet
  facet normal 0 0 1
    outer loop
      vertex -38.3476 37.5418 8.6375
      vertex -38.0621 38.8679 8.6375
      vertex -38.1865 39.0194 8.6375
    endloop
  endfacet
  facet normal 0 0 1
    outer loop
      vertex -38.3476 37.5418 8.6375
      vertex -38.1865 39.0194 8.6375
      vertex -38.2789 39.1923 8.6375
    endloop
  endfacet
  facet normal 0 0 1
    outer loop
      vertex -37.7377 38.6511 8.6375
      vertex -38.3204 37.5273 8.6375
      vertex -37.9452 37.4134 8.6375
    endloop
  endfacet
  facet normal 0 0 1
    outer loop
      vertex -38.3476 37.5418 8.6375
      vertex -38.2789 39.1923 8.6375
      vertex -38.3358 39.3799 8.6375
    endloop
  endfacet
  facet normal 0 0 1
    outer loop
      vertex -38.3476 37.5418 8.6375
      vertex -38.3358 39.3799 8.6375
      vertex -38.3476 39.4999 8.6375
    endloop
  endfacet
  facet normal 0 0 1
    outer loop
      vertex -37.7377 38.6511 8.6375
      vertex -38.3476 37.5418 8.6375
      vertex -38.3204 37.5273 8.6375
    endloop
  endfacet
  facet normal -0 0 1
    outer loop
      vertex -37.85 45.6976 8.6375
      vertex -37.9106 45.6565 8.6375
      vertex -37.8336 45.6976 8.6375
    endloop
  endfacet
  facet normal -0 0 1
    outer loop
      vertex -37.9471 45.688 8.6375
      vertex -37.9106 45.6565 8.6375
      vertex -37.85 45.6976 8.6375
    endloop
  endfacet
  facet normal -0 0 1
    outer loop
      vertex -38.0404 45.6597 8.6375
      vertex -37.9106 45.6565 8.6375
      vertex -37.9471 45.688 8.6375
    endloop
  endfacet
  facet normal 0 0 1
    outer loop
      vertex -38.0404 45.6597 8.6375
      vertex -38.0621 45.5321 8.6375
      vertex -37.9106 45.6565 8.6375
    endloop
  endfacet
  facet normal -0 0 1
    outer loop
      vertex -38.1264 45.6137 8.6375
      vertex -38.0621 45.5321 8.6375
      vertex -38.0404 45.6597 8.6375
    endloop
  endfacet
  facet normal -0 0 1
    outer loop
      vertex -38.2019 45.5518 8.6375
      vertex -38.0621 45.5321 8.6375
      vertex -38.1264 45.6137 8.6375
    endloop
  endfacet
  facet normal 0 0 1
    outer loop
      vertex -38.0621 45.5321 8.6375
      vertex -38.2019 45.5518 8.6375
      vertex -38.1865 45.3806 8.6375
    endloop
  endfacet
  facet normal -0 0 1
    outer loop
      vertex -38.2637 45.4764 8.6375
      vertex -38.1865 45.3806 8.6375
      vertex -38.2019 45.5518 8.6375
    endloop
  endfacet
  facet normal -0 0 1
    outer loop
      vertex -38.3097 45.3904 8.6375
      vertex -38.1865 45.3806 8.6375
      vertex -38.2637 45.4764 8.6375
    endloop
  endfacet
  facet normal 0 0 1
    outer loop
      vertex -38.338 45.2971 8.6375
      vertex -38.1865 45.3806 8.6375
      vertex -38.3097 45.3904 8.6375
    endloop
  endfacet
  facet normal 0 0 1
    outer loop
      vertex -38.1865 45.3806 8.6375
      vertex -38.338 45.2971 8.6375
      vertex -38.2789 45.2077 8.6375
    endloop
  endfacet
  facet normal 0 0 1
    outer loop
      vertex -38.2789 45.2077 8.6375
      vertex -38.338 45.2971 8.6375
      vertex -38.3476 45.2 8.6375
    endloop
  endfacet
  facet normal 0 0 1
    outer loop
      vertex -38.2789 45.2077 8.6375
      vertex -38.3476 45.2 8.6375
      vertex -38.3358 45.0201 8.6375
    endloop
  endfacet
  facet normal 0 0 1
    outer loop
      vertex -38.3358 45.0201 8.6375
      vertex -38.3476 45.2 8.6375
      vertex -38.3476 44.9001 8.6375
    endloop
  endfacet
  facet normal 0 -1 0
    outer loop
      vertex -37.555 37.375 2.00241
      vertex -36.305 37.375 8.6375
      vertex -37.555 37.375 8.6375
    endloop
  endfacet
  facet normal 0 -1 -0
    outer loop
      vertex -36.305 37.375 8.6375
      vertex -37.555 37.375 2.00241
      vertex -36.305 37.375 2.00241
    endloop
  endfacet
  facet normal -0.471329 0.881957 0
    outer loop
      vertex -35.9494 38.7435 2.00241
      vertex -36.1223 38.6511 8.6375
      vertex -35.9494 38.7435 8.6375
    endloop
  endfacet
  facet normal -0.471329 0.881957 0
    outer loop
      vertex -36.1223 38.6511 8.6375
      vertex -35.9494 38.7435 2.00241
      vertex -36.1223 38.6511 2.00241
    endloop
  endfacet
  facet normal -0.881957 0.471329 0
    outer loop
      vertex -35.6735 39.0194 2.00241
      vertex -35.5811 39.1923 8.6375
      vertex -35.5811 39.1923 2.00241
    endloop
  endfacet
  facet normal -0.881957 0.471329 0
    outer loop
      vertex -35.5811 39.1923 8.6375
      vertex -35.6735 39.0194 2.00241
      vertex -35.6735 39.0194 8.6375
    endloop
  endfacet
  facet normal 0.956951 -0.290248 0
    outer loop
      vertex -38.3358 45.0201 2.39159
      vertex -38.2789 45.2077 2.24735
      vertex -38.2789 45.2077 8.6375
    endloop
  endfacet
  facet normal 0.956979 -0.290156 0.000130057
    outer loop
      vertex -38.291 45.1678 2.2643
      vertex -38.2789 45.2077 2.24735
      vertex -38.3358 45.0201 2.39159
    endloop
  endfacet
  facet normal 0.960534 -0.275745 0.0365918
    outer loop
      vertex -38.2789 45.2077 2.24735
      vertex -38.291 45.1678 2.2643
      vertex -38.2812 45.2 2.2497
    endloop
  endfacet
  facet normal 0.956951 -0.290248 0
    outer loop
      vertex -38.3358 45.0201 2.39159
      vertex -38.2789 45.2077 8.6375
      vertex -38.3358 45.0201 8.6375
    endloop
  endfacet
  facet normal 0.956805 -0.29073 -0.00059665
    outer loop
      vertex -38.291 45.1678 2.2643
      vertex -38.3358 45.0201 2.39159
      vertex -38.3285 45.0442 2.35486
    endloop
  endfacet
  facet normal 0.956951 0.290248 0
    outer loop
      vertex -38.2789 39.1923 8.6375
      vertex -38.3358 39.3799 2.39159
      vertex -38.3358 39.3799 8.6375
    endloop
  endfacet
  facet normal 0.956951 0.290248 -0
    outer loop
      vertex -38.2789 39.1923 2.24622
      vertex -38.3358 39.3799 2.39159
      vertex -38.2789 39.1923 8.6375
    endloop
  endfacet
  facet normal 0.956981 0.290149 0.00013907
    outer loop
      vertex -38.291 39.2322 2.2643
      vertex -38.3358 39.3799 2.39159
      vertex -38.2789 39.1923 2.24622
    endloop
  endfacet
  facet normal 0.956805 0.29073 -0.00059665
    outer loop
      vertex -38.3358 39.3799 2.39159
      vertex -38.291 39.2322 2.2643
      vertex -38.3285 39.3558 2.35486
    endloop
  endfacet
  facet normal -0.772842 0.634598 0
    outer loop
      vertex -35.7979 38.8679 2.00241
      vertex -35.6735 39.0194 8.6375
      vertex -35.6735 39.0194 2.00241
    endloop
  endfacet
  facet normal -0.772842 0.634598 0
    outer loop
      vertex -35.6735 39.0194 8.6375
      vertex -35.7979 38.8679 2.00241
      vertex -35.7979 38.8679 8.6375
    endloop
  endfacet
  facet normal -0.881263 -0.472555 0.00816731
    outer loop
      vertex -35.5811 45.2077 2.00241
      vertex -35.6735 45.3806 2.0362
      vertex -35.6546 45.3451 2.02153
    endloop
  endfacet
  facet normal -0.881701 -0.471806 0.0011054
    outer loop
      vertex -35.5811 45.2077 2.00241
      vertex -35.6546 45.3451 2.02153
      vertex -35.6032 45.249 2.00241
    endloop
  endfacet
  facet normal -0.881957 -0.471329 0
    outer loop
      vertex -35.6735 45.3806 2.0362
      vertex -35.5811 45.2077 2.00241
      vertex -35.5811 45.2077 8.6375
    endloop
  endfacet
  facet normal -0.881957 -0.471329 0
    outer loop
      vertex -35.6735 45.3806 2.0362
      vertex -35.5811 45.2077 8.6375
      vertex -35.6735 45.3806 8.6375
    endloop
  endfacet
  facet normal -0.956951 -0.290248 0
    outer loop
      vertex -35.5242 45.0201 2.00241
      vertex -35.5811 45.2077 8.6375
      vertex -35.5811 45.2077 2.00241
    endloop
  endfacet
  facet normal -0.956951 -0.290248 0
    outer loop
      vertex -35.5811 45.2077 8.6375
      vertex -35.5242 45.0201 2.00241
      vertex -35.5242 45.0201 8.6375
    endloop
  endfacet
  facet normal -1 0 0
    outer loop
      vertex -35.505 39.575 2.00241
      vertex -35.505 44.825 8.6375
      vertex -35.505 44.825 2.00241
    endloop
  endfacet
  facet normal -1 -0 0
    outer loop
      vertex -35.505 44.825 8.6375
      vertex -35.505 39.575 2.00241
      vertex -35.505 39.575 8.6375
    endloop
  endfacet
  facet normal 0.634598 0.772842 0
    outer loop
      vertex -37.9106 38.7435 8.6375
      vertex -38.0621 38.8679 2.04926
      vertex -38.0621 38.8679 8.6375
    endloop
  endfacet
  facet normal 0.634598 0.772842 -0
    outer loop
      vertex -37.9106 38.7435 2.0047
      vertex -38.0621 38.8679 2.04926
      vertex -37.9106 38.7435 8.6375
    endloop
  endfacet
  facet normal 0.636502 0.771196 0.0110708
    outer loop
      vertex -38.0621 38.8679 2.04926
      vertex -37.9106 38.7435 2.0047
      vertex -37.9951 38.813 2.02153
    endloop
  endfacet
  facet normal 0 1 -0
    outer loop
      vertex -36.505 38.575 2.00241
      vertex -37.355 38.575 8.6375
      vertex -36.505 38.575 8.6375
    endloop
  endfacet
  facet normal 0 1 0
    outer loop
      vertex -37.355 38.575 8.6375
      vertex -36.505 38.575 2.00241
      vertex -37.355 38.575 2.00241
    endloop
  endfacet
  facet normal -0.290248 0.956951 0
    outer loop
      vertex -36.1223 38.6511 2.00241
      vertex -36.3099 38.5942 8.6375
      vertex -36.1223 38.6511 8.6375
    endloop
  endfacet
  facet normal -0.290248 0.956951 0
    outer loop
      vertex -36.3099 38.5942 8.6375
      vertex -36.1223 38.6511 2.00241
      vertex -36.3099 38.5942 2.00241
    endloop
  endfacet
  facet normal 0.470886 -0.882194 0
    outer loop
      vertex -37.9106 45.6565 8.6375
      vertex -37.8336 45.6976 2.45099
      vertex -37.8336 45.6976 8.6375
    endloop
  endfacet
  facet normal 0.470886 -0.882194 0
    outer loop
      vertex -37.9106 45.6565 2.31614
      vertex -37.8336 45.6976 2.45099
      vertex -37.9106 45.6565 8.6375
    endloop
  endfacet
  facet normal 0.467236 -0.884129 0.00267365
    outer loop
      vertex -37.8336 45.6976 2.45099
      vertex -37.9106 45.6565 2.31614
      vertex -37.85 45.6888 2.40698
    endloop
  endfacet
  facet normal 0.471999 -0.881599 -0.000715281
    outer loop
      vertex -37.85 45.6888 2.40698
      vertex -37.9071 45.6583 2.31974
      vertex -37.8738 45.6761 2.35486
    endloop
  endfacet
  facet normal 0.427572 -0.903267 0.0359388
    outer loop
      vertex -37.85 45.6888 2.40698
      vertex -37.9106 45.6565 2.31614
      vertex -37.9071 45.6583 2.31974
    endloop
  endfacet
  facet normal 0.290248 0.956951 -0
    outer loop
      vertex -37.5501 38.5942 2.00241
      vertex -37.7377 38.6511 8.6375
      vertex -37.5501 38.5942 8.6375
    endloop
  endfacet
  facet normal 0.290248 0.956951 0
    outer loop
      vertex -37.7377 38.6511 8.6375
      vertex -37.5501 38.5942 2.00241
      vertex -37.7377 38.6511 2.00241
    endloop
  endfacet
  facet normal 0.097938 0.995193 -0
    outer loop
      vertex -37.355 38.575 2.00241
      vertex -37.5501 38.5942 8.6375
      vertex -37.355 38.575 8.6375
    endloop
  endfacet
  facet normal 0.097938 0.995193 0
    outer loop
      vertex -37.5501 38.5942 8.6375
      vertex -37.355 38.575 2.00241
      vertex -37.5501 38.5942 2.00241
    endloop
  endfacet
  facet normal 0.9952 0.0978613 0
    outer loop
      vertex -38.3358 39.3799 8.6375
      vertex -38.3476 39.4999 2.45099
      vertex -38.3476 39.4999 8.6375
    endloop
  endfacet
  facet normal 0.9952 0.0978613 0
    outer loop
      vertex -38.3476 39.4999 2.45099
      vertex -38.3358 39.3799 8.6375
      vertex -38.3358 39.3799 2.39159
    endloop
  endfacet
  facet normal -0.097938 0.995193 0
    outer loop
      vertex -36.3099 38.5942 2.00241
      vertex -36.505 38.575 8.6375
      vertex -36.3099 38.5942 8.6375
    endloop
  endfacet
  facet normal -0.097938 0.995193 0
    outer loop
      vertex -36.505 38.575 8.6375
      vertex -36.3099 38.5942 2.00241
      vertex -36.505 38.575 2.00241
    endloop
  endfacet
  facet normal 0.634598 -0.772842 0
    outer loop
      vertex -38.0621 45.5321 8.6375
      vertex -37.9106 45.6565 2.31614
      vertex -37.9106 45.6565 8.6375
    endloop
  endfacet
  facet normal 0.634598 -0.772842 0
    outer loop
      vertex -38.0621 45.5321 2.19516
      vertex -37.9106 45.6565 2.31614
      vertex -38.0621 45.5321 8.6375
    endloop
  endfacet
  facet normal 0.634591 -0.772848 1.42689e-05
    outer loop
      vertex -38.028 45.5601 2.20809
      vertex -37.9106 45.6565 2.31614
      vertex -38.0621 45.5321 2.19516
    endloop
  endfacet
  facet normal 0.633313 -0.773893 0.00209945
    outer loop
      vertex -37.9106 45.6565 2.31614
      vertex -37.9834 45.5967 2.23345
      vertex -37.9366 45.6351 2.27081
    endloop
  endfacet
  facet normal 0.633496 -0.773744 0.00171803
    outer loop
      vertex -37.9366 45.6351 2.27081
      vertex -37.9834 45.5967 2.23345
      vertex -37.9394 45.6328 2.26742
    endloop
  endfacet
  facet normal 0.644582 -0.764195 -0.0227894
    outer loop
      vertex -37.9394 45.6328 2.26742
      vertex -37.9834 45.5967 2.23345
      vertex -37.942 45.6307 2.2643
    endloop
  endfacet
  facet normal 0.631503 -0.775328 0.00835789
    outer loop
      vertex -37.9834 45.5967 2.23345
      vertex -38.028 45.5601 2.20809
      vertex -38.0065 45.5777 2.21628
    endloop
  endfacet
  facet normal 0.633998 -0.773334 0.00109171
    outer loop
      vertex -37.9106 45.6565 2.31614
      vertex -38.028 45.5601 2.20809
      vertex -37.9834 45.5967 2.23345
    endloop
  endfacet
  facet normal -0.956951 0.290248 0
    outer loop
      vertex -35.5811 39.1923 2.00241
      vertex -35.5242 39.3799 8.6375
      vertex -35.5242 39.3799 2.00241
    endloop
  endfacet
  facet normal -0.956951 0.290248 0
    outer loop
      vertex -35.5242 39.3799 8.6375
      vertex -35.5811 39.1923 2.00241
      vertex -35.5811 39.1923 8.6375
    endloop
  endfacet
  facet normal 0.772842 -0.634598 0
    outer loop
      vertex -38.1865 45.3806 8.6375
      vertex -38.0621 45.5321 2.19516
      vertex -38.0621 45.5321 8.6375
    endloop
  endfacet
  facet normal 0.772842 -0.634598 0
    outer loop
      vertex -38.1865 45.3806 2.17999
      vertex -38.0621 45.5321 2.19516
      vertex -38.1865 45.3806 8.6375
    endloop
  endfacet
  facet normal 0.772666 -0.634803 0.00348852
    outer loop
      vertex -38.1113 45.4721 2.17424
      vertex -38.0621 45.5321 2.19516
      vertex -38.1865 45.3806 2.17999
    endloop
  endfacet
  facet normal 0.778311 -0.627761 -0.0121738
    outer loop
      vertex -38.0621 45.5321 2.19516
      vertex -38.0714 45.5207 2.18844
      vertex -38.0675 45.5255 2.19026
    endloop
  endfacet
  facet normal 0.773918 -0.633274 -0.00383967
    outer loop
      vertex -38.0621 45.5321 2.19516
      vertex -38.1113 45.4721 2.17424
      vertex -38.0836 45.5059 2.1828
    endloop
  endfacet
  facet normal 0.772672 -0.634794 0.00370142
    outer loop
      vertex -38.1573 45.4161 2.17274
      vertex -38.1113 45.4721 2.17424
      vertex -38.1865 45.3806 2.17999
    endloop
  endfacet
  facet normal 0.772764 -0.633944 -0.0308488
    outer loop
      vertex -38.1113 45.4721 2.17424
      vertex -38.1573 45.4161 2.17274
      vertex -38.1162 45.4662 2.17274
    endloop
  endfacet
  facet normal 0.774488 -0.630655 0.0494197
    outer loop
      vertex -38.1573 45.4161 2.17274
      vertex -38.1679 45.4032 2.17424
      vertex -38.163 45.4091 2.17274
    endloop
  endfacet
  facet normal 0.765354 -0.642845 0.0313456
    outer loop
      vertex -38.0621 45.5321 2.19516
      vertex -38.0836 45.5059 2.1828
      vertex -38.0714 45.5207 2.18844
    endloop
  endfacet
  facet normal 0.773017 -0.634344 0.00729351
    outer loop
      vertex -38.1573 45.4161 2.17274
      vertex -38.1865 45.3806 2.17999
      vertex -38.1679 45.4032 2.17424
    endloop
  endfacet
  facet normal -0.634598 -0.772842 0
    outer loop
      vertex -35.9494 45.6565 2.30174
      vertex -35.7979 45.5321 8.6375
      vertex -35.9494 45.6565 8.6375
    endloop
  endfacet
  facet normal -0.636452 -0.771314 -0.00196529
    outer loop
      vertex -35.8642 45.5865 2.1828
      vertex -35.9494 45.6565 2.30174
      vertex -35.9305 45.641 2.2643
    endloop
  endfacet
  facet normal -0.633601 -0.773659 0.00145686
    outer loop
      vertex -35.9494 45.6565 2.30174
      vertex -35.8642 45.5865 2.1828
      vertex -35.7979 45.5321 2.12839
    endloop
  endfacet
  facet normal -0.634598 -0.772842 0
    outer loop
      vertex -35.9494 45.6565 2.30174
      vertex -35.7979 45.5321 2.12839
      vertex -35.7979 45.5321 8.6375
    endloop
  endfacet
  facet normal -0.634598 0.772842 0
    outer loop
      vertex -35.7979 38.8679 2.00241
      vertex -35.9494 38.7435 8.6375
      vertex -35.7979 38.8679 8.6375
    endloop
  endfacet
  facet normal -0.634598 0.772842 0
    outer loop
      vertex -35.9494 38.7435 8.6375
      vertex -35.7979 38.8679 2.00241
      vertex -35.9494 38.7435 2.00241
    endloop
  endfacet
  facet normal 0.471329 0.881957 0
    outer loop
      vertex -37.7377 38.6511 8.6375
      vertex -37.9106 38.7435 2.0047
      vertex -37.9106 38.7435 8.6375
    endloop
  endfacet
  facet normal 0.471329 0.881957 -0
    outer loop
      vertex -37.7377 38.6511 2.00241
      vertex -37.9106 38.7435 2.0047
      vertex -37.7377 38.6511 8.6375
    endloop
  endfacet
  facet normal 0.471356 0.880994 0.0409041
    outer loop
      vertex -37.9106 38.7435 2.0047
      vertex -37.7377 38.6511 2.00241
      vertex -37.899 38.7374 2.00241
    endloop
  endfacet
  facet normal 0.881957 0.471329 0
    outer loop
      vertex -38.1865 39.0194 8.6375
      vertex -38.2789 39.1923 2.24622
      vertex -38.2789 39.1923 8.6375
    endloop
  endfacet
  facet normal 0.881957 0.471329 -0
    outer loop
      vertex -38.1865 39.0194 2.13275
      vertex -38.2789 39.1923 2.24622
      vertex -38.1865 39.0194 8.6375
    endloop
  endfacet
  facet normal 0.883507 0.468383 0.00575163
    outer loop
      vertex -38.2789 39.1923 2.24622
      vertex -38.1865 39.0194 2.13275
      vertex -38.2365 39.1131 2.1828
    endloop
  endfacet
  facet normal 0.9952 -0.0978613 0
    outer loop
      vertex -38.3476 44.9001 2.45099
      vertex -38.3358 45.0201 8.6375
      vertex -38.3476 44.9001 8.6375
    endloop
  endfacet
  facet normal 0.9952 -0.0978613 0
    outer loop
      vertex -38.3358 45.0201 8.6375
      vertex -38.3476 44.9001 2.45099
      vertex -38.3358 45.0201 2.39159
    endloop
  endfacet
  facet normal -0.995193 -0.097938 0
    outer loop
      vertex -35.505 44.825 2.00241
      vertex -35.5242 45.0201 8.6375
      vertex -35.5242 45.0201 2.00241
    endloop
  endfacet
  facet normal -0.995193 -0.097938 0
    outer loop
      vertex -35.5242 45.0201 8.6375
      vertex -35.505 44.825 2.00241
      vertex -35.505 44.825 8.6375
    endloop
  endfacet
  facet normal -0.470886 -0.882194 0
    outer loop
      vertex -36.0264 45.6976 2.45099
      vertex -35.9494 45.6565 8.6375
      vertex -36.0264 45.6976 8.6375
    endloop
  endfacet
  facet normal -0.471325 -0.88196 -0.000291294
    outer loop
      vertex -35.9494 45.6565 2.30174
      vertex -36.0264 45.6976 2.45099
      vertex -35.9906 45.6785 2.35486
    endloop
  endfacet
  facet normal -0.470886 -0.882194 0
    outer loop
      vertex -36.0264 45.6976 2.45099
      vertex -35.9494 45.6565 2.30174
      vertex -35.9494 45.6565 8.6375
    endloop
  endfacet
  facet normal -0.771357 -0.636385 0.0048037
    outer loop
      vertex -35.7188 45.4357 2.05904
      vertex -35.7979 45.5321 2.12839
      vertex -35.7857 45.5172 2.11349
    endloop
  endfacet
  facet normal -0.771624 -0.636065 0.00405489
    outer loop
      vertex -35.7979 45.5321 2.12839
      vertex -35.7188 45.4357 2.05904
      vertex -35.6735 45.3806 2.0362
    endloop
  endfacet
  facet normal -0.772842 -0.634598 0
    outer loop
      vertex -35.7979 45.5321 2.12839
      vertex -35.6735 45.3806 2.0362
      vertex -35.6735 45.3806 8.6375
    endloop
  endfacet
  facet normal -0.772842 -0.634598 0
    outer loop
      vertex -35.7979 45.5321 2.12839
      vertex -35.6735 45.3806 8.6375
      vertex -35.7979 45.5321 8.6375
    endloop
  endfacet
  facet normal -0.995193 0.097938 0
    outer loop
      vertex -35.5242 39.3799 2.00241
      vertex -35.505 39.575 8.6375
      vertex -35.505 39.575 2.00241
    endloop
  endfacet
  facet normal -0.995193 0.097938 0
    outer loop
      vertex -35.505 39.575 8.6375
      vertex -35.5242 39.3799 2.00241
      vertex -35.5242 39.3799 8.6375
    endloop
  endfacet
  facet normal 0.772842 0.634598 0
    outer loop
      vertex -38.0621 38.8679 8.6375
      vertex -38.1865 39.0194 2.13275
      vertex -38.1865 39.0194 8.6375
    endloop
  endfacet
  facet normal 0.772842 0.634598 -0
    outer loop
      vertex -38.0621 38.8679 2.04926
      vertex -38.1865 39.0194 2.13275
      vertex -38.0621 38.8679 8.6375
    endloop
  endfacet
  facet normal 0.775617 0.631118 0.0104491
    outer loop
      vertex -38.1865 39.0194 2.13275
      vertex -38.0621 38.8679 2.04926
      vertex -38.1672 38.996 2.11349
    endloop
  endfacet
  facet normal 0.774272 0.632835 0.00482456
    outer loop
      vertex -38.1672 38.996 2.11349
      vertex -38.0621 38.8679 2.04926
      vertex -38.0857 38.8967 2.05904
    endloop
  endfacet
  facet normal 0.881957 -0.471329 0
    outer loop
      vertex -38.2789 45.2077 2.24735
      vertex -38.1865 45.3806 2.17999
      vertex -38.1865 45.3806 8.6375
    endloop
  endfacet
  facet normal 0.88297 -0.469385 0.00638035
    outer loop
      vertex -38.2597 45.2435 2.22399
      vertex -38.1865 45.3806 2.17999
      vertex -38.2789 45.2077 2.24735
    endloop
  endfacet
  facet normal 0.882327 -0.470635 0.0014168
    outer loop
      vertex -38.234 45.2916 2.19697
      vertex -38.1865 45.3806 2.17999
      vertex -38.2597 45.2435 2.22399
    endloop
  endfacet
  facet normal 0.88229 -0.469859 0.0282398
    outer loop
      vertex -38.1865 45.3806 2.17999
      vertex -38.2113 45.3342 2.1828
      vertex -38.2045 45.3468 2.17999
    endloop
  endfacet
  facet normal 0.880243 -0.474465 -0.00738449
    outer loop
      vertex -38.234 45.2916 2.19697
      vertex -38.2597 45.2435 2.22399
      vertex -38.2414 45.2778 2.20155
    endloop
  endfacet
  facet normal 0.881957 -0.471329 0
    outer loop
      vertex -38.2789 45.2077 2.24735
      vertex -38.1865 45.3806 8.6375
      vertex -38.2789 45.2077 8.6375
    endloop
  endfacet
  facet normal 0.881787 -0.471618 -0.00524696
    outer loop
      vertex -38.1865 45.3806 2.17999
      vertex -38.234 45.2916 2.19697
      vertex -38.2113 45.3342 2.1828
    endloop
  endfacet
  facet normal -0.995193 -0.097938 0
    outer loop
      vertex 34.3434 38.9848 2.00241
      vertex 34.305 39.375 8.6375
      vertex 34.305 39.375 2.00241
    endloop
  endfacet
  facet normal -0.995193 -0.097938 0
    outer loop
      vertex 34.305 39.375 8.6375
      vertex 34.3434 38.9848 2.00241
      vertex 34.3434 38.9848 8.6375
    endloop
  endfacet
  facet normal -0.634321 -0.77307 0
    outer loop
      vertex 34.8908 37.9608 2.00241
      vertex 35.1939 37.7121 8.6375
      vertex 34.8908 37.9608 8.6375
    endloop
  endfacet
  facet normal -0.634321 -0.77307 -0
    outer loop
      vertex 35.1939 37.7121 8.6375
      vertex 34.8908 37.9608 2.00241
      vertex 35.1939 37.7121 2.00241
    endloop
  endfacet
  facet normal -0.290482 -0.956881 0
    outer loop
      vertex 35.5396 37.5273 2.00241
      vertex 35.9148 37.4134 8.6375
      vertex 35.5396 37.5273 8.6375
    endloop
  endfacet
  facet normal -0.290482 -0.956881 -0
    outer loop
      vertex 35.9148 37.4134 8.6375
      vertex 35.5396 37.5273 2.00241
      vertex 35.9148 37.4134 2.00241
    endloop
  endfacet
  facet normal -0.956928 0.290326 5.15308e-05
    outer loop
      vertex 34.3434 45.4152 2.05054
      vertex 34.4291 45.6976 2.45099
      vertex 34.4233 45.6785 2.35486
    endloop
  endfacet
  facet normal -0.957044 0.289943 0.00041338
    outer loop
      vertex 34.3434 45.4152 2.05054
      vertex 34.4233 45.6785 2.35486
      vertex 34.4119 45.641 2.2643
    endloop
  endfacet
  facet normal -0.956653 0.291228 -0.00106959
    outer loop
      vertex 34.3434 45.4152 2.05054
      vertex 34.4119 45.641 2.2643
      vertex 34.3954 45.5865 2.1828
    endloop
  endfacet
  facet normal -0.956402 0.292045 -0.00222568
    outer loop
      vertex 34.3434 45.4152 2.05054
      vertex 34.3954 45.5865 2.1828
      vertex 34.3744 45.5172 2.11349
    endloop
  endfacet
  facet normal -0.953876 0.299774 -0.0159927
    outer loop
      vertex 34.3434 45.4152 2.05054
      vertex 34.3744 45.5172 2.11349
      vertex 34.3497 45.4357 2.05904
    endloop
  endfacet
  facet normal -0.956907 0.290393 0
    outer loop
      vertex 34.4291 45.6976 2.45099
      vertex 34.3434 45.4152 2.05054
      vertex 34.3434 45.4152 8.6375
    endloop
  endfacet
  facet normal -0.956907 0.290393 0
    outer loop
      vertex 34.4291 45.6976 2.45099
      vertex 34.3434 45.4152 8.6375
      vertex 34.4291 45.6976 8.6375
    endloop
  endfacet
  facet normal -0.77307 -0.634321 0
    outer loop
      vertex 34.8908 37.9608 2.00241
      vertex 34.6421 38.2639 8.6375
      vertex 34.6421 38.2639 2.00241
    endloop
  endfacet
  facet normal -0.77307 -0.634321 0
    outer loop
      vertex 34.6421 38.2639 8.6375
      vertex 34.8908 37.9608 2.00241
      vertex 34.8908 37.9608 8.6375
    endloop
  endfacet
  facet normal -0.956881 -0.290482 0
    outer loop
      vertex 34.4573 38.6096 2.00241
      vertex 34.3434 38.9848 8.6375
      vertex 34.3434 38.9848 2.00241
    endloop
  endfacet
  facet normal -0.956881 -0.290482 0
    outer loop
      vertex 34.3434 38.9848 8.6375
      vertex 34.4573 38.6096 2.00241
      vertex 34.4573 38.6096 8.6375
    endloop
  endfacet
  facet normal 0.47042 -0.882443 0
    outer loop
      vertex 38.3204 37.5273 8.6375
      vertex 38.3476 37.5418 2.45099
      vertex 38.3476 37.5418 8.6375
    endloop
  endfacet
  facet normal 0.47042 -0.882443 0
    outer loop
      vertex 38.3204 37.5273 2.33529
      vertex 38.3476 37.5418 2.45099
      vertex 38.3204 37.5273 8.6375
    endloop
  endfacet
  facet normal 0.466871 -0.884325 0.00107028
    outer loop
      vertex 38.3476 37.5418 2.45099
      vertex 38.3204 37.5273 2.33529
      vertex 38.3285 37.5316 2.35486
    endloop
  endfacet
  facet normal 0.290482 -0.956881 0
    outer loop
      vertex 37.9452 37.4134 8.6375
      vertex 38.3204 37.5273 2.33529
      vertex 38.3204 37.5273 8.6375
    endloop
  endfacet
  facet normal 0.290482 -0.956881 0
    outer loop
      vertex 37.9452 37.4134 2.01159
      vertex 38.3204 37.5273 2.33529
      vertex 37.9452 37.4134 8.6375
    endloop
  endfacet
  facet normal 0.290195 -0.956967 0.000362654
    outer loop
      vertex 38.2365 37.5018 2.1828
      vertex 38.3204 37.5273 2.33529
      vertex 37.9452 37.4134 2.01159
    endloop
  endfacet
  facet normal 0.284944 -0.958538 0.00351433
    outer loop
      vertex 38.3204 37.5273 2.33529
      vertex 38.2365 37.5018 2.1828
      vertex 38.291 37.5183 2.2643
    endloop
  endfacet
  facet normal 0.290936 -0.956742 -0.00101361
    outer loop
      vertex 38.2365 37.5018 2.1828
      vertex 37.9452 37.4134 2.01159
      vertex 38.1672 37.4808 2.11349
    endloop
  endfacet
  facet normal 0.29154 -0.956556 -0.00245267
    outer loop
      vertex 38.1672 37.4808 2.11349
      vertex 37.9452 37.4134 2.01159
      vertex 38.0857 37.4561 2.05904
    endloop
  endfacet
  facet normal 0.292261 -0.956327 -0.00479549
    outer loop
      vertex 38.0857 37.4561 2.05904
      vertex 37.9452 37.4134 2.01159
      vertex 37.9951 37.4286 2.02153
    endloop
  endfacet
  facet normal -0.881901 -0.471435 0
    outer loop
      vertex 34.6421 38.2639 2.00241
      vertex 34.4573 38.6096 8.6375
      vertex 34.4573 38.6096 2.00241
    endloop
  endfacet
  facet normal -0.881901 -0.471435 0
    outer loop
      vertex 34.4573 38.6096 8.6375
      vertex 34.6421 38.2639 2.00241
      vertex 34.6421 38.2639 8.6375
    endloop
  endfacet
  facet normal 0.097938 -0.995193 0
    outer loop
      vertex 37.555 37.375 8.6375
      vertex 37.9452 37.4134 2.01159
      vertex 37.9452 37.4134 8.6375
    endloop
  endfacet
  facet normal 0.097938 -0.995193 0
    outer loop
      vertex 37.555 37.375 2.00241
      vertex 37.9452 37.4134 2.01159
      vertex 37.555 37.375 8.6375
    endloop
  endfacet
  facet normal 0.0980698 -0.995163 -0.00572911
    outer loop
      vertex 37.9452 37.4134 2.01159
      vertex 37.555 37.375 2.00241
      vertex 37.899 37.4089 2.00241
    endloop
  endfacet
  facet normal -1 0 0
    outer loop
      vertex 34.305 39.375 2.00241
      vertex 34.305 45.025 8.6375
      vertex 34.305 45.025 2.00241
    endloop
  endfacet
  facet normal -1 -0 0
    outer loop
      vertex 34.305 45.025 8.6375
      vertex 34.305 39.375 2.00241
      vertex 34.305 39.375 8.6375
    endloop
  endfacet
  facet normal -0.471435 -0.881901 0
    outer loop
      vertex 35.1939 37.7121 2.00241
      vertex 35.5396 37.5273 8.6375
      vertex 35.1939 37.7121 8.6375
    endloop
  endfacet
  facet normal -0.471435 -0.881901 -0
    outer loop
      vertex 35.5396 37.5273 8.6375
      vertex 35.1939 37.7121 2.00241
      vertex 35.5396 37.5273 2.00241
    endloop
  endfacet
  facet normal -0.097938 -0.995193 0
    outer loop
      vertex 35.9148 37.4134 2.00241
      vertex 36.305 37.375 8.6375
      vertex 35.9148 37.4134 8.6375
    endloop
  endfacet
  facet normal -0.097938 -0.995193 -0
    outer loop
      vertex 36.305 37.375 8.6375
      vertex 35.9148 37.4134 2.00241
      vertex 36.305 37.375 2.00241
    endloop
  endfacet
  facet normal -0.995301 0.0967874 0.00285344
    outer loop
      vertex 34.3271 45.249 2.00241
      vertex 34.3434 45.4152 2.05054
      vertex 34.3365 45.3451 2.02153
    endloop
  endfacet
  facet normal -0.995166 0.0981838 -0.00201413
    outer loop
      vertex 34.3434 45.4152 2.05054
      vertex 34.3271 45.249 2.00241
      vertex 34.305 45.025 2.00241
    endloop
  endfacet
  facet normal -0.995193 0.097938 0
    outer loop
      vertex 34.3434 45.4152 2.05054
      vertex 34.305 45.025 2.00241
      vertex 34.305 45.025 8.6375
    endloop
  endfacet
  facet normal -0.995193 0.097938 0
    outer loop
      vertex 34.3434 45.4152 2.05054
      vertex 34.305 45.025 8.6375
      vertex 34.3434 45.4152 8.6375
    endloop
  endfacet
  facet normal 0 0 1
    outer loop
      vertex 34.305 39.375 8.6375
      vertex 35.505 39.575 8.6375
      vertex 35.505 44.825 8.6375
    endloop
  endfacet
  facet normal 0 -0 1
    outer loop
      vertex 34.3434 38.9848 8.6375
      vertex 35.505 39.575 8.6375
      vertex 34.305 39.375 8.6375
    endloop
  endfacet
  facet normal 0 0 1
    outer loop
      vertex 35.505 39.575 8.6375
      vertex 34.8908 37.9608 8.6375
      vertex 35.1939 37.7121 8.6375
    endloop
  endfacet
  facet normal 0 0 1
    outer loop
      vertex 34.305 45.025 8.6375
      vertex 35.505 44.825 8.6375
      vertex 35.5242 45.0201 8.6375
    endloop
  endfacet
  facet normal 0 0 1
    outer loop
      vertex 35.505 39.575 8.6375
      vertex 34.6421 38.2639 8.6375
      vertex 34.8908 37.9608 8.6375
    endloop
  endfacet
  facet normal -0 0 1
    outer loop
      vertex 34.4291 45.6976 8.6375
      vertex 35.9494 45.6565 8.6375
      vertex 36.0264 45.6976 8.6375
    endloop
  endfacet
  facet normal 0 0 1
    outer loop
      vertex 34.4291 45.6976 8.6375
      vertex 35.7979 45.5321 8.6375
      vertex 35.9494 45.6565 8.6375
    endloop
  endfacet
  facet normal 0 0 1
    outer loop
      vertex 34.4291 45.6976 8.6375
      vertex 35.6735 45.3806 8.6375
      vertex 35.7979 45.5321 8.6375
    endloop
  endfacet
  facet normal 0 0 1
    outer loop
      vertex 34.4291 45.6976 8.6375
      vertex 35.5811 45.2077 8.6375
      vertex 35.6735 45.3806 8.6375
    endloop
  endfacet
  facet normal -0 0 1
    outer loop
      vertex 34.3434 45.4152 8.6375
      vertex 35.5811 45.2077 8.6375
      vertex 34.4291 45.6976 8.6375
    endloop
  endfacet
  facet normal 0 0 1
    outer loop
      vertex 35.5811 45.2077 8.6375
      vertex 34.3434 45.4152 8.6375
      vertex 35.5242 45.0201 8.6375
    endloop
  endfacet
  facet normal 0 0 1
    outer loop
      vertex 35.5242 45.0201 8.6375
      vertex 34.3434 45.4152 8.6375
      vertex 34.305 45.025 8.6375
    endloop
  endfacet
  facet normal 0 0 1
    outer loop
      vertex 35.505 44.825 8.6375
      vertex 34.305 45.025 8.6375
      vertex 34.305 39.375 8.6375
    endloop
  endfacet
  facet normal 0 0 1
    outer loop
      vertex 35.505 39.575 8.6375
      vertex 34.4573 38.6096 8.6375
      vertex 34.6421 38.2639 8.6375
    endloop
  endfacet
  facet normal 0 0 1
    outer loop
      vertex 35.505 39.575 8.6375
      vertex 34.3434 38.9848 8.6375
      vertex 34.4573 38.6096 8.6375
    endloop
  endfacet
  facet normal -0 0 1
    outer loop
      vertex 38.3358 39.3799 8.6375
      vertex 38.3476 37.5418 8.6375
      vertex 38.3476 39.4999 8.6375
    endloop
  endfacet
  facet normal -0 0 1
    outer loop
      vertex 38.2789 39.1923 8.6375
      vertex 38.3476 37.5418 8.6375
      vertex 38.3358 39.3799 8.6375
    endloop
  endfacet
  facet normal -0 0 1
    outer loop
      vertex 38.1865 39.0194 8.6375
      vertex 38.3476 37.5418 8.6375
      vertex 38.2789 39.1923 8.6375
    endloop
  endfacet
  facet normal -0 0 1
    outer loop
      vertex 38.0621 38.8679 8.6375
      vertex 38.3476 37.5418 8.6375
      vertex 38.1865 39.0194 8.6375
    endloop
  endfacet
  facet normal -0 0 1
    outer loop
      vertex 37.9106 38.7435 8.6375
      vertex 38.3476 37.5418 8.6375
      vertex 38.0621 38.8679 8.6375
    endloop
  endfacet
  facet normal -0 0 1
    outer loop
      vertex 37.7377 38.6511 8.6375
      vertex 38.3476 37.5418 8.6375
      vertex 37.9106 38.7435 8.6375
    endloop
  endfacet
  facet normal 0 0 1
    outer loop
      vertex 38.3476 37.5418 8.6375
      vertex 37.7377 38.6511 8.6375
      vertex 38.3204 37.5273 8.6375
    endloop
  endfacet
  facet normal 0 0 1
    outer loop
      vertex 38.3204 37.5273 8.6375
      vertex 37.7377 38.6511 8.6375
      vertex 37.9452 37.4134 8.6375
    endloop
  endfacet
  facet normal -0 0 1
    outer loop
      vertex 37.5501 38.5942 8.6375
      vertex 37.9452 37.4134 8.6375
      vertex 37.7377 38.6511 8.6375
    endloop
  endfacet
  facet normal 0 0 1
    outer loop
      vertex 37.9452 37.4134 8.6375
      vertex 37.5501 38.5942 8.6375
      vertex 37.555 37.375 8.6375
    endloop
  endfacet
  facet normal -0 0 1
    outer loop
      vertex 37.355 38.575 8.6375
      vertex 37.555 37.375 8.6375
      vertex 37.5501 38.5942 8.6375
    endloop
  endfacet
  facet normal -0 0 1
    outer loop
      vertex 36.505 38.575 8.6375
      vertex 37.555 37.375 8.6375
      vertex 37.355 38.575 8.6375
    endloop
  endfacet
  facet normal 0 0 1
    outer loop
      vertex 36.305 37.375 8.6375
      vertex 36.505 38.575 8.6375
      vertex 36.3099 38.5942 8.6375
    endloop
  endfacet
  facet normal 0 0 1
    outer loop
      vertex 36.505 38.575 8.6375
      vertex 36.305 37.375 8.6375
      vertex 37.555 37.375 8.6375
    endloop
  endfacet
  facet normal 0 0 1
    outer loop
      vertex 35.9148 37.4134 8.6375
      vertex 36.3099 38.5942 8.6375
      vertex 36.1223 38.6511 8.6375
    endloop
  endfacet
  facet normal 0 0 1
    outer loop
      vertex 35.5396 37.5273 8.6375
      vertex 36.1223 38.6511 8.6375
      vertex 35.9494 38.7435 8.6375
    endloop
  endfacet
  facet normal 0 0 1
    outer loop
      vertex 36.3099 38.5942 8.6375
      vertex 35.9148 37.4134 8.6375
      vertex 36.305 37.375 8.6375
    endloop
  endfacet
  facet normal 0 0 1
    outer loop
      vertex 35.1939 37.7121 8.6375
      vertex 35.9494 38.7435 8.6375
      vertex 35.7979 38.8679 8.6375
    endloop
  endfacet
  facet normal 0 0 1
    outer loop
      vertex 35.1939 37.7121 8.6375
      vertex 35.7979 38.8679 8.6375
      vertex 35.6735 39.0194 8.6375
    endloop
  endfacet
  facet normal 0 0 1
    outer loop
      vertex 35.1939 37.7121 8.6375
      vertex 35.6735 39.0194 8.6375
      vertex 35.5811 39.1923 8.6375
    endloop
  endfacet
  facet normal 0 0 1
    outer loop
      vertex 36.1223 38.6511 8.6375
      vertex 35.5396 37.5273 8.6375
      vertex 35.9148 37.4134 8.6375
    endloop
  endfacet
  facet normal 0 0 1
    outer loop
      vertex 35.1939 37.7121 8.6375
      vertex 35.5811 39.1923 8.6375
      vertex 35.5242 39.3799 8.6375
    endloop
  endfacet
  facet normal 0 0 1
    outer loop
      vertex 35.1939 37.7121 8.6375
      vertex 35.5242 39.3799 8.6375
      vertex 35.505 39.575 8.6375
    endloop
  endfacet
  facet normal 0 0 1
    outer loop
      vertex 35.9494 38.7435 8.6375
      vertex 35.1939 37.7121 8.6375
      vertex 35.5396 37.5273 8.6375
    endloop
  endfacet
  facet normal -0 0 1
    outer loop
      vertex 38.2789 45.2077 8.6375
      vertex 38.3476 45.2 8.6375
      vertex 38.338 45.2971 8.6375
    endloop
  endfacet
  facet normal 0 0 1
    outer loop
      vertex 38.3476 45.2 8.6375
      vertex 38.3358 45.0201 8.6375
      vertex 38.3476 44.9001 8.6375
    endloop
  endfacet
  facet normal -0 0 1
    outer loop
      vertex 38.1865 45.3806 8.6375
      vertex 38.338 45.2971 8.6375
      vertex 38.3097 45.3904 8.6375
    endloop
  endfacet
  facet normal 0 0 1
    outer loop
      vertex 38.3476 45.2 8.6375
      vertex 38.2789 45.2077 8.6375
      vertex 38.3358 45.0201 8.6375
    endloop
  endfacet
  facet normal 0 0 1
    outer loop
      vertex 38.1865 45.3806 8.6375
      vertex 38.3097 45.3904 8.6375
      vertex 38.2637 45.4764 8.6375
    endloop
  endfacet
  facet normal 0 0 1
    outer loop
      vertex 38.1865 45.3806 8.6375
      vertex 38.2637 45.4764 8.6375
      vertex 38.2019 45.5518 8.6375
    endloop
  endfacet
  facet normal 0 0 1
    outer loop
      vertex 38.338 45.2971 8.6375
      vertex 38.1865 45.3806 8.6375
      vertex 38.2789 45.2077 8.6375
    endloop
  endfacet
  facet normal 0 0 1
    outer loop
      vertex 38.0621 45.5321 8.6375
      vertex 38.2019 45.5518 8.6375
      vertex 38.1264 45.6137 8.6375
    endloop
  endfacet
  facet normal 0 0 1
    outer loop
      vertex 38.2019 45.5518 8.6375
      vertex 38.0621 45.5321 8.6375
      vertex 38.1865 45.3806 8.6375
    endloop
  endfacet
  facet normal 0 0 1
    outer loop
      vertex 38.0404 45.6597 8.6375
      vertex 38.0621 45.5321 8.6375
      vertex 38.1264 45.6137 8.6375
    endloop
  endfacet
  facet normal 0 0 1
    outer loop
      vertex 37.9106 45.6565 8.6375
      vertex 38.0404 45.6597 8.6375
      vertex 37.9471 45.688 8.6375
    endloop
  endfacet
  facet normal 0 0 1
    outer loop
      vertex 38.0404 45.6597 8.6375
      vertex 37.9106 45.6565 8.6375
      vertex 38.0621 45.5321 8.6375
    endloop
  endfacet
  facet normal 0 0 1
    outer loop
      vertex 37.85 45.6976 8.6375
      vertex 37.9106 45.6565 8.6375
      vertex 37.9471 45.688 8.6375
    endloop
  endfacet
  facet normal 0 0 1
    outer loop
      vertex 37.9106 45.6565 8.6375
      vertex 37.85 45.6976 8.6375
      vertex 37.8336 45.6976 8.6375
    endloop
  endfacet
  facet normal 0 -1 0
    outer loop
      vertex 36.305 37.375 2.00241
      vertex 37.555 37.375 8.6375
      vertex 36.305 37.375 8.6375
    endloop
  endfacet
  facet normal 0 -1 -0
    outer loop
      vertex 37.555 37.375 8.6375
      vertex 36.305 37.375 2.00241
      vertex 37.555 37.375 2.00241
    endloop
  endfacet
  facet normal -0.471329 0.881957 0
    outer loop
      vertex 37.9106 38.7435 2.00471
      vertex 37.7377 38.6511 8.6375
      vertex 37.9106 38.7435 8.6375
    endloop
  endfacet
  facet normal -0.47136 0.881 0.0407266
    outer loop
      vertex 37.7377 38.6511 2.00241
      vertex 37.9106 38.7435 2.00471
      vertex 37.899 38.7374 2.00241
    endloop
  endfacet
  facet normal -0.471329 0.881957 0
    outer loop
      vertex 37.9106 38.7435 2.00471
      vertex 37.7377 38.6511 2.00241
      vertex 37.7377 38.6511 8.6375
    endloop
  endfacet
  facet normal -0.883507 0.468383 0.00575163
    outer loop
      vertex 38.1865 39.0194 2.13275
      vertex 38.2789 39.1923 2.24622
      vertex 38.2365 39.1131 2.1828
    endloop
  endfacet
  facet normal -0.881957 0.471329 0
    outer loop
      vertex 38.2789 39.1923 2.24622
      vertex 38.1865 39.0194 2.13275
      vertex 38.1865 39.0194 8.6375
    endloop
  endfacet
  facet normal -0.881957 0.471329 0
    outer loop
      vertex 38.2789 39.1923 2.24622
      vertex 38.1865 39.0194 8.6375
      vertex 38.2789 39.1923 8.6375
    endloop
  endfacet
  facet normal 0.956951 -0.290248 0
    outer loop
      vertex 35.5242 45.0201 8.6375
      vertex 35.5811 45.2077 2.00241
      vertex 35.5811 45.2077 8.6375
    endloop
  endfacet
  facet normal 0.956951 -0.290248 0
    outer loop
      vertex 35.5811 45.2077 2.00241
      vertex 35.5242 45.0201 8.6375
      vertex 35.5242 45.0201 2.00241
    endloop
  endfacet
  facet normal 0.956951 0.290248 0
    outer loop
      vertex 35.5811 39.1923 8.6375
      vertex 35.5242 39.3799 2.00241
      vertex 35.5242 39.3799 8.6375
    endloop
  endfacet
  facet normal 0.956951 0.290248 0
    outer loop
      vertex 35.5242 39.3799 2.00241
      vertex 35.5811 39.1923 8.6375
      vertex 35.5811 39.1923 2.00241
    endloop
  endfacet
  facet normal -0.775617 0.631118 0.0104491
    outer loop
      vertex 38.0621 38.8679 2.04926
      vertex 38.1865 39.0194 2.13275
      vertex 38.1672 38.996 2.11349
    endloop
  endfacet
  facet normal -0.774272 0.632835 0.00482456
    outer loop
      vertex 38.0621 38.8679 2.04926
      vertex 38.1672 38.996 2.11349
      vertex 38.0857 38.8967 2.05904
    endloop
  endfacet
  facet normal -0.772842 0.634598 0
    outer loop
      vertex 38.1865 39.0194 2.13275
      vertex 38.0621 38.8679 2.04926
      vertex 38.0621 38.8679 8.6375
    endloop
  endfacet
  facet normal -0.772842 0.634598 0
    outer loop
      vertex 38.1865 39.0194 2.13275
      vertex 38.0621 38.8679 8.6375
      vertex 38.1865 39.0194 8.6375
    endloop
  endfacet
  facet normal -0.882369 -0.469901 -0.0248625
    outer loop
      vertex 38.2055 45.3449 2.18041
      vertex 38.1865 45.3806 2.17999
      vertex 38.2045 45.3468 2.17999
    endloop
  endfacet
  facet normal -0.882772 -0.469798 0.00207508
    outer loop
      vertex 38.2112 45.3342 2.1828
      vertex 38.1865 45.3806 2.17999
      vertex 38.2055 45.3449 2.18041
    endloop
  endfacet
  facet normal -0.882844 -0.469636 0.00538869
    outer loop
      vertex 38.1865 45.3806 2.17999
      vertex 38.2112 45.3342 2.1828
      vertex 38.2597 45.2435 2.22399
    endloop
  endfacet
  facet normal -0.880827 -0.473408 -0.00529212
    outer loop
      vertex 38.2597 45.2435 2.22399
      vertex 38.2112 45.3342 2.1828
      vertex 38.2414 45.2778 2.20155
    endloop
  endfacet
  facet normal -0.88297 -0.469385 0.00638035
    outer loop
      vertex 38.1865 45.3806 2.17999
      vertex 38.2597 45.2435 2.22399
      vertex 38.2789 45.2077 2.24735
    endloop
  endfacet
  facet normal -0.881957 -0.471329 0
    outer loop
      vertex 38.1865 45.3806 2.17999
      vertex 38.2789 45.2077 2.24735
      vertex 38.1865 45.3806 8.6375
    endloop
  endfacet
  facet normal -0.881957 -0.471329 0
    outer loop
      vertex 38.1865 45.3806 8.6375
      vertex 38.2789 45.2077 2.24735
      vertex 38.2789 45.2077 8.6375
    endloop
  endfacet
  facet normal -0.960534 -0.275745 0.0365918
    outer loop
      vertex 38.291 45.1678 2.2643
      vertex 38.2789 45.2077 2.24735
      vertex 38.2812 45.2 2.2497
    endloop
  endfacet
  facet normal -0.956979 -0.290156 0.000130037
    outer loop
      vertex 38.2789 45.2077 2.24735
      vertex 38.291 45.1678 2.2643
      vertex 38.3358 45.0201 2.3916
    endloop
  endfacet
  facet normal -0.956805 -0.29073 -0.000596338
    outer loop
      vertex 38.3358 45.0201 2.3916
      vertex 38.291 45.1678 2.2643
      vertex 38.3285 45.0442 2.35486
    endloop
  endfacet
  facet normal -0.956951 -0.290248 0
    outer loop
      vertex 38.2789 45.2077 2.24735
      vertex 38.3358 45.0201 2.3916
      vertex 38.2789 45.2077 8.6375
    endloop
  endfacet
  facet normal -0.956951 -0.290248 0
    outer loop
      vertex 38.2789 45.2077 8.6375
      vertex 38.3358 45.0201 2.3916
      vertex 38.3358 45.0201 8.6375
    endloop
  endfacet
  facet normal 0.634598 0.772842 -0
    outer loop
      vertex 35.9494 38.7435 2.00241
      vertex 35.7979 38.8679 8.6375
      vertex 35.9494 38.7435 8.6375
    endloop
  endfacet
  facet normal 0.634598 0.772842 0
    outer loop
      vertex 35.7979 38.8679 8.6375
      vertex 35.9494 38.7435 2.00241
      vertex 35.7979 38.8679 2.00241
    endloop
  endfacet
  facet normal 0 1 -0
    outer loop
      vertex 37.355 38.575 2.00241
      vertex 36.505 38.575 8.6375
      vertex 37.355 38.575 8.6375
    endloop
  endfacet
  facet normal 0 1 0
    outer loop
      vertex 36.505 38.575 8.6375
      vertex 37.355 38.575 2.00241
      vertex 36.505 38.575 2.00241
    endloop
  endfacet
  facet normal -0.290248 0.956951 0
    outer loop
      vertex 37.7377 38.6511 2.00241
      vertex 37.5501 38.5942 8.6375
      vertex 37.7377 38.6511 8.6375
    endloop
  endfacet
  facet normal -0.290248 0.956951 0
    outer loop
      vertex 37.5501 38.5942 8.6375
      vertex 37.7377 38.6511 2.00241
      vertex 37.5501 38.5942 2.00241
    endloop
  endfacet
  facet normal 0.470886 -0.882194 0
    outer loop
      vertex 35.9494 45.6565 8.6375
      vertex 36.0264 45.6976 2.45099
      vertex 36.0264 45.6976 8.6375
    endloop
  endfacet
  facet normal 0.470886 -0.882194 0
    outer loop
      vertex 35.9494 45.6565 2.30174
      vertex 36.0264 45.6976 2.45099
      vertex 35.9494 45.6565 8.6375
    endloop
  endfacet
  facet normal 0.471325 -0.88196 -0.000291294
    outer loop
      vertex 36.0264 45.6976 2.45099
      vertex 35.9494 45.6565 2.30174
      vertex 35.9906 45.6785 2.35486
    endloop
  endfacet
  facet normal 0.290248 0.956951 -0
    outer loop
      vertex 36.3099 38.5942 2.00241
      vertex 36.1223 38.6511 8.6375
      vertex 36.3099 38.5942 8.6375
    endloop
  endfacet
  facet normal 0.290248 0.956951 0
    outer loop
      vertex 36.1223 38.6511 8.6375
      vertex 36.3099 38.5942 2.00241
      vertex 36.1223 38.6511 2.00241
    endloop
  endfacet
  facet normal 0.097938 0.995193 -0
    outer loop
      vertex 36.505 38.575 2.00241
      vertex 36.3099 38.5942 8.6375
      vertex 36.505 38.575 8.6375
    endloop
  endfacet
  facet normal 0.097938 0.995193 0
    outer loop
      vertex 36.3099 38.5942 8.6375
      vertex 36.505 38.575 2.00241
      vertex 36.3099 38.5942 2.00241
    endloop
  endfacet
  facet normal 0.995193 0.097938 0
    outer loop
      vertex 35.5242 39.3799 8.6375
      vertex 35.505 39.575 2.00241
      vertex 35.505 39.575 8.6375
    endloop
  endfacet
  facet normal 0.995193 0.097938 0
    outer loop
      vertex 35.505 39.575 2.00241
      vertex 35.5242 39.3799 8.6375
      vertex 35.5242 39.3799 2.00241
    endloop
  endfacet
  facet normal -0.097938 0.995193 0
    outer loop
      vertex 37.5501 38.5942 2.00241
      vertex 37.355 38.575 8.6375
      vertex 37.5501 38.5942 8.6375
    endloop
  endfacet
  facet normal -0.097938 0.995193 0
    outer loop
      vertex 37.355 38.575 8.6375
      vertex 37.5501 38.5942 2.00241
      vertex 37.355 38.575 2.00241
    endloop
  endfacet
  facet normal 0.634598 -0.772842 0
    outer loop
      vertex 35.7979 45.5321 8.6375
      vertex 35.9494 45.6565 2.30174
      vertex 35.9494 45.6565 8.6375
    endloop
  endfacet
  facet normal 0.634598 -0.772842 0
    outer loop
      vertex 35.7979 45.5321 2.12839
      vertex 35.9494 45.6565 2.30174
      vertex 35.7979 45.5321 8.6375
    endloop
  endfacet
  facet normal 0.633601 -0.773659 0.00145686
    outer loop
      vertex 35.8642 45.5865 2.1828
      vertex 35.9494 45.6565 2.30174
      vertex 35.7979 45.5321 2.12839
    endloop
  endfacet
  facet normal 0.636452 -0.771314 -0.00196529
    outer loop
      vertex 35.9494 45.6565 2.30174
      vertex 35.8642 45.5865 2.1828
      vertex 35.9305 45.641 2.2643
    endloop
  endfacet
  facet normal -0.956805 0.29073 -0.000596338
    outer loop
      vertex 38.291 39.2322 2.2643
      vertex 38.3358 39.3799 2.3916
      vertex 38.3285 39.3558 2.35486
    endloop
  endfacet
  facet normal -0.956981 0.290149 0.000139047
    outer loop
      vertex 38.3358 39.3799 2.3916
      vertex 38.291 39.2322 2.2643
      vertex 38.2789 39.1923 2.24622
    endloop
  endfacet
  facet normal -0.956951 0.290248 0
    outer loop
      vertex 38.3358 39.3799 2.3916
      vertex 38.2789 39.1923 2.24622
      vertex 38.2789 39.1923 8.6375
    endloop
  endfacet
  facet normal -0.956951 0.290248 0
    outer loop
      vertex 38.3358 39.3799 2.3916
      vertex 38.2789 39.1923 8.6375
      vertex 38.3358 39.3799 8.6375
    endloop
  endfacet
  facet normal 1 -0 0
    outer loop
      vertex 35.505 39.575 8.6375
      vertex 35.505 44.825 2.00241
      vertex 35.505 44.825 8.6375
    endloop
  endfacet
  facet normal 1 0 0
    outer loop
      vertex 35.505 44.825 2.00241
      vertex 35.505 39.575 8.6375
      vertex 35.505 39.575 2.00241
    endloop
  endfacet
  facet normal 0.772842 -0.634598 0
    outer loop
      vertex 35.6735 45.3806 8.6375
      vertex 35.7979 45.5321 2.12839
      vertex 35.7979 45.5321 8.6375
    endloop
  endfacet
  facet normal 0.772842 -0.634598 0
    outer loop
      vertex 35.6735 45.3806 2.0362
      vertex 35.7979 45.5321 2.12839
      vertex 35.6735 45.3806 8.6375
    endloop
  endfacet
  facet normal 0.771624 -0.636065 0.00405489
    outer loop
      vertex 35.7188 45.4357 2.05904
      vertex 35.7979 45.5321 2.12839
      vertex 35.6735 45.3806 2.0362
    endloop
  endfacet
  facet normal 0.771357 -0.636385 0.0048037
    outer loop
      vertex 35.7979 45.5321 2.12839
      vertex 35.7188 45.4357 2.05904
      vertex 35.7857 45.5172 2.11349
    endloop
  endfacet
  facet normal -0.634598 -0.772842 0
    outer loop
      vertex 37.9106 45.6565 2.31614
      vertex 38.0621 45.5321 8.6375
      vertex 37.9106 45.6565 8.6375
    endloop
  endfacet
  facet normal -0.633312 -0.773894 0.00210078
    outer loop
      vertex 37.9834 45.5967 2.23345
      vertex 37.9106 45.6565 2.31614
      vertex 37.9366 45.6351 2.27082
    endloop
  endfacet
  facet normal -0.633495 -0.773745 0.00171892
    outer loop
      vertex 37.9834 45.5967 2.23345
      vertex 37.9366 45.6351 2.27082
      vertex 37.9394 45.6328 2.26743
    endloop
  endfacet
  facet normal -0.644502 -0.764269 -0.0226005
    outer loop
      vertex 37.9834 45.5967 2.23345
      vertex 37.9394 45.6328 2.26743
      vertex 37.942 45.6307 2.2643
    endloop
  endfacet
  facet normal -0.633998 -0.773334 0.00109171
    outer loop
      vertex 38.028 45.5601 2.20809
      vertex 37.9106 45.6565 2.31614
      vertex 37.9834 45.5967 2.23345
    endloop
  endfacet
  facet normal -0.631503 -0.775328 0.00835789
    outer loop
      vertex 38.028 45.5601 2.20809
      vertex 37.9834 45.5967 2.23345
      vertex 38.0065 45.5777 2.21628
    endloop
  endfacet
  facet normal -0.634591 -0.772848 1.42689e-05
    outer loop
      vertex 37.9106 45.6565 2.31614
      vertex 38.028 45.5601 2.20809
      vertex 38.0621 45.5321 2.19516
    endloop
  endfacet
  facet normal -0.634598 -0.772842 0
    outer loop
      vertex 37.9106 45.6565 2.31614
      vertex 38.0621 45.5321 2.19516
      vertex 38.0621 45.5321 8.6375
    endloop
  endfacet
  facet normal -0.634598 0.772842 0
    outer loop
      vertex 38.0621 38.8679 2.04926
      vertex 37.9106 38.7435 8.6375
      vertex 38.0621 38.8679 8.6375
    endloop
  endfacet
  facet normal -0.636501 0.771197 0.0110647
    outer loop
      vertex 37.9106 38.7435 2.00471
      vertex 38.0621 38.8679 2.04926
      vertex 37.9951 38.813 2.02153
    endloop
  endfacet
  facet normal -0.634598 0.772842 0
    outer loop
      vertex 38.0621 38.8679 2.04926
      vertex 37.9106 38.7435 2.00471
      vertex 37.9106 38.7435 8.6375
    endloop
  endfacet
  facet normal 0.471329 0.881957 -0
    outer loop
      vertex 36.1223 38.6511 2.00241
      vertex 35.9494 38.7435 8.6375
      vertex 36.1223 38.6511 8.6375
    endloop
  endfacet
  facet normal 0.471329 0.881957 0
    outer loop
      vertex 35.9494 38.7435 8.6375
      vertex 36.1223 38.6511 2.00241
      vertex 35.9494 38.7435 2.00241
    endloop
  endfacet
  facet normal 0.881957 0.471329 0
    outer loop
      vertex 35.6735 39.0194 8.6375
      vertex 35.5811 39.1923 2.00241
      vertex 35.5811 39.1923 8.6375
    endloop
  endfacet
  facet normal 0.881957 0.471329 0
    outer loop
      vertex 35.5811 39.1923 2.00241
      vertex 35.6735 39.0194 8.6375
      vertex 35.6735 39.0194 2.00241
    endloop
  endfacet
  facet normal 0.995193 -0.097938 0
    outer loop
      vertex 35.505 44.825 8.6375
      vertex 35.5242 45.0201 2.00241
      vertex 35.5242 45.0201 8.6375
    endloop
  endfacet
  facet normal 0.995193 -0.097938 0
    outer loop
      vertex 35.5242 45.0201 2.00241
      vertex 35.505 44.825 8.6375
      vertex 35.505 44.825 2.00241
    endloop
  endfacet
  facet normal -0.9952 -0.0978613 0
    outer loop
      vertex 38.3476 44.9001 2.45099
      vertex 38.3358 45.0201 8.6375
      vertex 38.3358 45.0201 2.3916
    endloop
  endfacet
  facet normal -0.9952 -0.0978613 0
    outer loop
      vertex 38.3358 45.0201 8.6375
      vertex 38.3476 44.9001 2.45099
      vertex 38.3476 44.9001 8.6375
    endloop
  endfacet
  facet normal -0.470886 -0.882194 0
    outer loop
      vertex 37.8336 45.6976 2.45099
      vertex 37.9106 45.6565 8.6375
      vertex 37.8336 45.6976 8.6375
    endloop
  endfacet
  facet normal -0.467236 -0.884129 0.00267365
    outer loop
      vertex 37.9106 45.6565 2.31614
      vertex 37.8336 45.6976 2.45099
      vertex 37.85 45.6888 2.40698
    endloop
  endfacet
  facet normal -0.471999 -0.881599 -0.000715281
    outer loop
      vertex 37.9071 45.6583 2.31974
      vertex 37.85 45.6888 2.40698
      vertex 37.8738 45.6761 2.35486
    endloop
  endfacet
  facet normal -0.427572 -0.903267 0.0359388
    outer loop
      vertex 37.9106 45.6565 2.31614
      vertex 37.85 45.6888 2.40698
      vertex 37.9071 45.6583 2.31974
    endloop
  endfacet
  facet normal -0.470886 -0.882194 0
    outer loop
      vertex 37.8336 45.6976 2.45099
      vertex 37.9106 45.6565 2.31614
      vertex 37.9106 45.6565 8.6375
    endloop
  endfacet
  facet normal -0.771414 -0.636296 0.00692235
    outer loop
      vertex 38.0836 45.5059 2.1828
      vertex 38.0621 45.5321 2.19516
      vertex 38.0675 45.5255 2.19026
    endloop
  endfacet
  facet normal -0.773917 -0.633276 -0.00383448
    outer loop
      vertex 38.1113 45.4721 2.17425
      vertex 38.0621 45.5321 2.19516
      vertex 38.0836 45.5059 2.1828
    endloop
  endfacet
  facet normal -0.772666 -0.634803 0.00349086
    outer loop
      vertex 38.0621 45.5321 2.19516
      vertex 38.1113 45.4721 2.17425
      vertex 38.1865 45.3806 2.17999
    endloop
  endfacet
  facet normal -0.772768 -0.633948 -0.0306447
    outer loop
      vertex 38.1573 45.4161 2.17274
      vertex 38.1113 45.4721 2.17425
      vertex 38.1162 45.4662 2.17274
    endloop
  endfacet
  facet normal -0.772672 -0.634795 0.00369856
    outer loop
      vertex 38.1113 45.4721 2.17425
      vertex 38.1573 45.4161 2.17274
      vertex 38.1865 45.3806 2.17999
    endloop
  endfacet
  facet normal -0.774488 -0.630655 0.0494197
    outer loop
      vertex 38.1679 45.4032 2.17424
      vertex 38.1573 45.4161 2.17274
      vertex 38.163 45.4091 2.17274
    endloop
  endfacet
  facet normal -0.773017 -0.634344 0.00729351
    outer loop
      vertex 38.1865 45.3806 2.17999
      vertex 38.1573 45.4161 2.17274
      vertex 38.1679 45.4032 2.17424
    endloop
  endfacet
  facet normal -0.772842 -0.634598 0
    outer loop
      vertex 38.0621 45.5321 2.19516
      vertex 38.1865 45.3806 2.17999
      vertex 38.1865 45.3806 8.6375
    endloop
  endfacet
  facet normal -0.772842 -0.634598 0
    outer loop
      vertex 38.0621 45.5321 2.19516
      vertex 38.1865 45.3806 8.6375
      vertex 38.0621 45.5321 8.6375
    endloop
  endfacet
  facet normal -0.9952 0.0978613 0
    outer loop
      vertex 38.3358 39.3799 8.6375
      vertex 38.3476 39.4999 2.45099
      vertex 38.3358 39.3799 2.3916
    endloop
  endfacet
  facet normal -0.9952 0.0978613 0
    outer loop
      vertex 38.3476 39.4999 2.45099
      vertex 38.3358 39.3799 8.6375
      vertex 38.3476 39.4999 8.6375
    endloop
  endfacet
  facet normal 0.772842 0.634598 0
    outer loop
      vertex 35.7979 38.8679 8.6375
      vertex 35.6735 39.0194 2.00241
      vertex 35.6735 39.0194 8.6375
    endloop
  endfacet
  facet normal 0.772842 0.634598 0
    outer loop
      vertex 35.6735 39.0194 2.00241
      vertex 35.7979 38.8679 8.6375
      vertex 35.7979 38.8679 2.00241
    endloop
  endfacet
  facet normal 0.881957 -0.471329 0
    outer loop
      vertex 35.5811 45.2077 8.6375
      vertex 35.6735 45.3806 2.0362
      vertex 35.6735 45.3806 8.6375
    endloop
  endfacet
  facet normal 0.881957 -0.471329 0
    outer loop
      vertex 35.5811 45.2077 2.00241
      vertex 35.6735 45.3806 2.0362
      vertex 35.5811 45.2077 8.6375
    endloop
  endfacet
  facet normal 0.881263 -0.472555 0.00816731
    outer loop
      vertex 35.6735 45.3806 2.0362
      vertex 35.5811 45.2077 2.00241
      vertex 35.6546 45.3451 2.02153
    endloop
  endfacet
  facet normal 0.881701 -0.471806 0.0011054
    outer loop
      vertex 35.6546 45.3451 2.02153
      vertex 35.5811 45.2077 2.00241
      vertex 35.6032 45.249 2.00241
    endloop
  endfacet
  facet normal 0.290295 0.956937 -0
    outer loop
      vertex -35.5396 7.87274 2.00241
      vertex -35.9148 7.98656 8.6375
      vertex -35.5396 7.87274 8.6375
    endloop
  endfacet
  facet normal 0.290295 0.956937 0
    outer loop
      vertex -35.9148 7.98656 8.6375
      vertex -35.5396 7.87274 2.00241
      vertex -35.9148 7.98656 2.00241
    endloop
  endfacet
  facet normal 0.956876 0.290496 0
    outer loop
      vertex -34.3434 6.41518 8.6375
      vertex -34.4573 6.79036 2.00241
      vertex -34.4573 6.79036 8.6375
    endloop
  endfacet
  facet normal 0.956876 0.290496 0
    outer loop
      vertex -34.4573 6.79036 2.00241
      vertex -34.3434 6.41518 8.6375
      vertex -34.3434 6.41518 2.00241
    endloop
  endfacet
  facet normal -0.471682 0.881769 0
    outer loop
      vertex -38.3204 7.87274 8.6375
      vertex -38.3476 7.85819 2.45099
      vertex -38.3476 7.85819 8.6375
    endloop
  endfacet
  facet normal -0.471682 0.881769 0
    outer loop
      vertex -38.3204 7.87274 2.33529
      vertex -38.3476 7.85819 2.45099
      vertex -38.3204 7.87274 8.6375
    endloop
  endfacet
  facet normal -0.471112 0.882073 0.000172116
    outer loop
      vertex -38.3476 7.85819 2.45099
      vertex -38.3204 7.87274 2.33529
      vertex -38.3285 7.86841 2.35486
    endloop
  endfacet
  facet normal 0.995192 -0.0979423 0
    outer loop
      vertex -34.3434 -0.0151794 8.6375
      vertex -34.305 0.375003 2.00241
      vertex -34.305 0.375003 8.6375
    endloop
  endfacet
  facet normal 0.995192 -0.0979423 0
    outer loop
      vertex -34.305 0.375003 2.00241
      vertex -34.3434 -0.0151794 8.6375
      vertex -34.3434 -0.0151794 2.00241
    endloop
  endfacet
  facet normal 0.956877 -0.290493 0
    outer loop
      vertex -34.4573 -0.390363 8.6375
      vertex -34.3434 -0.0151794 2.00241
      vertex -34.3434 -0.0151794 8.6375
    endloop
  endfacet
  facet normal 0.956877 -0.290493 0
    outer loop
      vertex -34.3434 -0.0151794 2.00241
      vertex -34.4573 -0.390363 8.6375
      vertex -34.4573 -0.390363 2.00241
    endloop
  endfacet
  facet normal 0.883882 -0.467711 0
    outer loop
      vertex -34.4624 -0.400001 8.6375
      vertex -34.4573 -0.390363 2.00241
      vertex -34.4573 -0.390363 8.6375
    endloop
  endfacet
  facet normal 0.883882 -0.467711 0
    outer loop
      vertex -34.4573 -0.390363 2.00241
      vertex -34.4624 -0.400001 8.6375
      vertex -34.4624 -0.400001 2.00241
    endloop
  endfacet
  facet normal 0.88194 0.471361 0
    outer loop
      vertex -34.4573 6.79036 8.6375
      vertex -34.6421 7.13613 2.00241
      vertex -34.6421 7.13613 8.6375
    endloop
  endfacet
  facet normal 0.88194 0.471361 0
    outer loop
      vertex -34.6421 7.13613 2.00241
      vertex -34.4573 6.79036 8.6375
      vertex -34.4573 6.79036 2.00241
    endloop
  endfacet
  facet normal 1 -0 0
    outer loop
      vertex -34.305 0.375003 8.6375
      vertex -34.305 6.025 2.00241
      vertex -34.305 6.025 8.6375
    endloop
  endfacet
  facet normal 1 0 0
    outer loop
      vertex -34.305 6.025 2.00241
      vertex -34.305 0.375003 8.6375
      vertex -34.305 0.375003 2.00241
    endloop
  endfacet
  facet normal -0.290295 0.956937 0
    outer loop
      vertex -37.9452 7.98656 8.6375
      vertex -38.3204 7.87274 2.33529
      vertex -38.3204 7.87274 8.6375
    endloop
  endfacet
  facet normal -0.290295 0.956937 0
    outer loop
      vertex -37.9452 7.98656 2.01159
      vertex -38.3204 7.87274 2.33529
      vertex -37.9452 7.98656 8.6375
    endloop
  endfacet
  facet normal -0.290406 0.956904 -0.000140404
    outer loop
      vertex -38.2365 7.89818 2.1828
      vertex -38.3204 7.87274 2.33529
      vertex -37.9452 7.98656 2.01159
    endloop
  endfacet
  facet normal -0.289683 0.957123 0.000293728
    outer loop
      vertex -38.3204 7.87274 2.33529
      vertex -38.2365 7.89818 2.1828
      vertex -38.291 7.88166 2.2643
    endloop
  endfacet
  facet normal -0.290249 0.956951 0.000150006
    outer loop
      vertex -38.2365 7.89818 2.1828
      vertex -37.9452 7.98656 2.01159
      vertex -38.1672 7.91921 2.11349
    endloop
  endfacet
  facet normal -0.290438 0.956894 -0.000299737
    outer loop
      vertex -38.1672 7.91921 2.11349
      vertex -37.9452 7.98656 2.01159
      vertex -38.0857 7.94393 2.05904
    endloop
  endfacet
  facet normal -0.29118 0.956664 -0.00270199
    outer loop
      vertex -38.0857 7.94393 2.05904
      vertex -37.9452 7.98656 2.01159
      vertex -37.9951 7.9714 2.02153
    endloop
  endfacet
  facet normal 0 1 -0
    outer loop
      vertex -36.305 8.025 2.00241
      vertex -37.555 8.025 8.6375
      vertex -36.305 8.025 8.6375
    endloop
  endfacet
  facet normal 0 1 0
    outer loop
      vertex -37.555 8.025 8.6375
      vertex -36.305 8.025 2.00241
      vertex -37.555 8.025 2.00241
    endloop
  endfacet
  facet normal 0.995192 0.0979429 0
    outer loop
      vertex -34.305 6.025 8.6375
      vertex -34.3434 6.41518 2.00241
      vertex -34.3434 6.41518 8.6375
    endloop
  endfacet
  facet normal 0.995192 0.0979429 0
    outer loop
      vertex -34.3434 6.41518 2.00241
      vertex -34.305 6.025 8.6375
      vertex -34.305 6.025 2.00241
    endloop
  endfacet
  facet normal 0.77305 0.634346 0
    outer loop
      vertex -34.6421 7.13613 8.6375
      vertex -34.8908 7.43921 2.00241
      vertex -34.8908 7.43921 8.6375
    endloop
  endfacet
  facet normal 0.77305 0.634346 0
    outer loop
      vertex -34.8908 7.43921 2.00241
      vertex -34.6421 7.13613 8.6375
      vertex -34.6421 7.13613 2.00241
    endloop
  endfacet
  facet normal 0.634351 0.773045 -0
    outer loop
      vertex -34.8908 7.43921 2.00241
      vertex -35.1939 7.68793 8.6375
      vertex -34.8908 7.43921 8.6375
    endloop
  endfacet
  facet normal 0.634351 0.773045 0
    outer loop
      vertex -35.1939 7.68793 8.6375
      vertex -34.8908 7.43921 2.00241
      vertex -35.1939 7.68793 2.00241
    endloop
  endfacet
  facet normal 0.471455 0.88189 -0
    outer loop
      vertex -35.1939 7.68793 2.00241
      vertex -35.5396 7.87274 8.6375
      vertex -35.1939 7.68793 8.6375
    endloop
  endfacet
  facet normal 0.471455 0.88189 0
    outer loop
      vertex -35.5396 7.87274 8.6375
      vertex -35.1939 7.68793 2.00241
      vertex -35.5396 7.87274 2.00241
    endloop
  endfacet
  facet normal -0.098039 0.995183 0
    outer loop
      vertex -37.555 8.025 8.6375
      vertex -37.9452 7.98656 2.01159
      vertex -37.9452 7.98656 8.6375
    endloop
  endfacet
  facet normal -0.098039 0.995183 0
    outer loop
      vertex -37.555 8.025 2.00241
      vertex -37.9452 7.98656 2.01159
      vertex -37.555 8.025 8.6375
    endloop
  endfacet
  facet normal -0.0980428 0.995182 -0.000163242
    outer loop
      vertex -37.9452 7.98656 2.01159
      vertex -37.555 8.025 2.00241
      vertex -37.899 7.99111 2.00241
    endloop
  endfacet
  facet normal 0 0 1
    outer loop
      vertex -34.305 6.025 8.6375
      vertex -35.5242 6.02008 8.6375
      vertex -35.505 5.825 8.6375
    endloop
  endfacet
  facet normal 0 0 1
    outer loop
      vertex -35.9494 6.65647 8.6375
      vertex -35.1939 7.68793 8.6375
      vertex -35.5396 7.87274 8.6375
    endloop
  endfacet
  facet normal 0 0 1
    outer loop
      vertex -34.8908 7.43921 8.6375
      vertex -35.5811 6.20767 8.6375
      vertex -35.5242 6.02008 8.6375
    endloop
  endfacet
  facet normal 0 0 1
    outer loop
      vertex -34.8908 7.43921 8.6375
      vertex -35.6735 6.38056 8.6375
      vertex -35.5811 6.20767 8.6375
    endloop
  endfacet
  facet normal 0 0 1
    outer loop
      vertex -34.8908 7.43921 8.6375
      vertex -35.7979 6.53209 8.6375
      vertex -35.6735 6.38056 8.6375
    endloop
  endfacet
  facet normal 0 0 1
    outer loop
      vertex -36.1223 6.74887 8.6375
      vertex -35.5396 7.87274 8.6375
      vertex -35.9148 7.98656 8.6375
    endloop
  endfacet
  facet normal 0 0 1
    outer loop
      vertex -35.1939 7.68793 8.6375
      vertex -35.9494 6.65647 8.6375
      vertex -35.7979 6.53209 8.6375
    endloop
  endfacet
  facet normal 0 0 1
    outer loop
      vertex -35.5396 7.87274 8.6375
      vertex -36.1223 6.74887 8.6375
      vertex -35.9494 6.65647 8.6375
    endloop
  endfacet
  facet normal 0 0 1
    outer loop
      vertex -36.3099 6.80577 8.6375
      vertex -35.9148 7.98656 8.6375
      vertex -36.305 8.025 8.6375
    endloop
  endfacet
  facet normal 0 0 1
    outer loop
      vertex -35.9148 7.98656 8.6375
      vertex -36.3099 6.80577 8.6375
      vertex -36.1223 6.74887 8.6375
    endloop
  endfacet
  facet normal 0 0 1
    outer loop
      vertex -36.305 8.025 8.6375
      vertex -36.505 6.825 8.6375
      vertex -36.3099 6.80577 8.6375
    endloop
  endfacet
  facet normal 0 0 1
    outer loop
      vertex -36.305 8.025 8.6375
      vertex -37.355 6.825 8.6375
      vertex -36.505 6.825 8.6375
    endloop
  endfacet
  facet normal -0 0 1
    outer loop
      vertex -37.555 8.025 8.6375
      vertex -37.355 6.825 8.6375
      vertex -36.305 8.025 8.6375
    endloop
  endfacet
  facet normal 0 0 1
    outer loop
      vertex -37.355 6.825 8.6375
      vertex -37.555 8.025 8.6375
      vertex -37.5501 6.80577 8.6375
    endloop
  endfacet
  facet normal -0 0 1
    outer loop
      vertex -37.9452 7.98656 8.6375
      vertex -37.5501 6.80577 8.6375
      vertex -37.555 8.025 8.6375
    endloop
  endfacet
  facet normal 0 0 1
    outer loop
      vertex -37.5501 6.80577 8.6375
      vertex -37.9452 7.98656 8.6375
      vertex -37.7377 6.74887 8.6375
    endloop
  endfacet
  facet normal -0 0 1
    outer loop
      vertex -38.3204 7.87274 8.6375
      vertex -37.7377 6.74887 8.6375
      vertex -37.9452 7.98656 8.6375
    endloop
  endfacet
  facet normal -0 0 1
    outer loop
      vertex -38.3476 7.85819 8.6375
      vertex -37.7377 6.74887 8.6375
      vertex -38.3204 7.87274 8.6375
    endloop
  endfacet
  facet normal 0 0 1
    outer loop
      vertex -37.7377 6.74887 8.6375
      vertex -38.3476 7.85819 8.6375
      vertex -37.9106 6.65647 8.6375
    endloop
  endfacet
  facet normal 0 0 1
    outer loop
      vertex -37.9106 6.65647 8.6375
      vertex -38.3476 7.85819 8.6375
      vertex -38.0621 6.53209 8.6375
    endloop
  endfacet
  facet normal 0 0 1
    outer loop
      vertex -38.0621 6.53209 8.6375
      vertex -38.3476 7.85819 8.6375
      vertex -38.1865 6.38056 8.6375
    endloop
  endfacet
  facet normal 0 0 1
    outer loop
      vertex -38.1865 6.38056 8.6375
      vertex -38.3476 7.85819 8.6375
      vertex -38.2789 6.20767 8.6375
    endloop
  endfacet
  facet normal 0 0 1
    outer loop
      vertex -38.2789 6.20767 8.6375
      vertex -38.3476 7.85819 8.6375
      vertex -38.3358 6.02008 8.6375
    endloop
  endfacet
  facet normal 0 0 1
    outer loop
      vertex -38.3358 6.02008 8.6375
      vertex -38.3476 7.85819 8.6375
      vertex -38.3476 5.9001 8.6375
    endloop
  endfacet
  facet normal 0 0 1
    outer loop
      vertex -35.5242 6.02008 8.6375
      vertex -34.305 6.025 8.6375
      vertex -34.3434 6.41518 8.6375
    endloop
  endfacet
  facet normal 0 0 1
    outer loop
      vertex -34.305 6.025 8.6375
      vertex -35.505 5.825 8.6375
      vertex -34.305 0.375003 8.6375
    endloop
  endfacet
  facet normal 0 0 1
    outer loop
      vertex -35.5242 6.02008 8.6375
      vertex -34.3434 6.41518 8.6375
      vertex -34.4573 6.79036 8.6375
    endloop
  endfacet
  facet normal -0 0 1
    outer loop
      vertex -35.505 0.575 8.6375
      vertex -34.305 0.375003 8.6375
      vertex -35.505 5.825 8.6375
    endloop
  endfacet
  facet normal -0 0 1
    outer loop
      vertex -35.5242 0.379916 8.6375
      vertex -34.305 0.375003 8.6375
      vertex -35.505 0.575 8.6375
    endloop
  endfacet
  facet normal 0 0 1
    outer loop
      vertex -35.5242 6.02008 8.6375
      vertex -34.4573 6.79036 8.6375
      vertex -34.6421 7.13613 8.6375
    endloop
  endfacet
  facet normal 0 0 1
    outer loop
      vertex -35.5242 6.02008 8.6375
      vertex -34.6421 7.13613 8.6375
      vertex -34.8908 7.43921 8.6375
    endloop
  endfacet
  facet normal 0 0 1
    outer loop
      vertex -35.7979 6.53209 8.6375
      vertex -34.8908 7.43921 8.6375
      vertex -35.1939 7.68793 8.6375
    endloop
  endfacet
  facet normal 0 0 1
    outer loop
      vertex -34.305 0.375003 8.6375
      vertex -35.5242 0.379916 8.6375
      vertex -34.3434 -0.0151794 8.6375
    endloop
  endfacet
  facet normal -0 0 1
    outer loop
      vertex -35.5811 0.192325 8.6375
      vertex -34.3434 -0.0151794 8.6375
      vertex -35.5242 0.379916 8.6375
    endloop
  endfacet
  facet normal 0 0 1
    outer loop
      vertex -34.3434 -0.0151794 8.6375
      vertex -35.5811 0.192325 8.6375
      vertex -34.4573 -0.390363 8.6375
    endloop
  endfacet
  facet normal 0 0 1
    outer loop
      vertex -34.4573 -0.390363 8.6375
      vertex -35.5811 0.192325 8.6375
      vertex -34.4624 -0.400001 8.6375
    endloop
  endfacet
  facet normal -0 0 1
    outer loop
      vertex -35.6735 0.0194427 8.6375
      vertex -34.4624 -0.400001 8.6375
      vertex -35.5811 0.192325 8.6375
    endloop
  endfacet
  facet normal -0 0 1
    outer loop
      vertex -35.7979 -0.132092 8.6375
      vertex -34.4624 -0.400001 8.6375
      vertex -35.6735 0.0194427 8.6375
    endloop
  endfacet
  facet normal -0 0 1
    outer loop
      vertex -35.9494 -0.256467 8.6375
      vertex -34.4624 -0.400001 8.6375
      vertex -35.7979 -0.132092 8.6375
    endloop
  endfacet
  facet normal -0 0 1
    outer loop
      vertex -36.1223 -0.348874 8.6375
      vertex -34.4624 -0.400001 8.6375
      vertex -35.9494 -0.256467 8.6375
    endloop
  endfacet
  facet normal 0 0 1
    outer loop
      vertex -34.4624 -0.400001 8.6375
      vertex -36.1223 -0.348874 8.6375
      vertex -36.2909 -0.400001 8.6375
    endloop
  endfacet
  facet normal 0 0 1
    outer loop
      vertex -37.7377 -0.348874 8.6375
      vertex -38.3476 -0.400001 8.6375
      vertex -37.5691 -0.400001 8.6375
    endloop
  endfacet
  facet normal 0 0 1
    outer loop
      vertex -37.9106 -0.256467 8.6375
      vertex -38.3476 -0.400001 8.6375
      vertex -37.7377 -0.348874 8.6375
    endloop
  endfacet
  facet normal 0 0 1
    outer loop
      vertex -38.0621 -0.132092 8.6375
      vertex -38.3476 -0.400001 8.6375
      vertex -37.9106 -0.256467 8.6375
    endloop
  endfacet
  facet normal 0 0 1
    outer loop
      vertex -38.1865 0.0194427 8.6375
      vertex -38.3476 -0.400001 8.6375
      vertex -38.0621 -0.132092 8.6375
    endloop
  endfacet
  facet normal 0 0 1
    outer loop
      vertex -38.2789 0.192325 8.6375
      vertex -38.3476 -0.400001 8.6375
      vertex -38.1865 0.0194427 8.6375
    endloop
  endfacet
  facet normal 0 0 1
    outer loop
      vertex -38.3358 0.379916 8.6375
      vertex -38.3476 -0.400001 8.6375
      vertex -38.2789 0.192325 8.6375
    endloop
  endfacet
  facet normal 0 0 1
    outer loop
      vertex -38.3476 -0.400001 8.6375
      vertex -38.3358 0.379916 8.6375
      vertex -38.3476 0.4999 8.6375
    endloop
  endfacet
  facet normal 0.098039 0.995183 -0
    outer loop
      vertex -35.9148 7.98656 2.00241
      vertex -36.305 8.025 8.6375
      vertex -35.9148 7.98656 8.6375
    endloop
  endfacet
  facet normal 0.098039 0.995183 0
    outer loop
      vertex -36.305 8.025 8.6375
      vertex -35.9148 7.98656 2.00241
      vertex -36.305 8.025 2.00241
    endloop
  endfacet
  facet normal -0.471357 0.881942 0
    outer loop
      vertex -35.9494 -0.256467 2.00241
      vertex -36.1223 -0.348874 8.6375
      vertex -35.9494 -0.256467 8.6375
    endloop
  endfacet
  facet normal -0.471357 0.881942 0
    outer loop
      vertex -36.1223 -0.348874 8.6375
      vertex -35.9494 -0.256467 2.00241
      vertex -36.1223 -0.348874 2.00241
    endloop
  endfacet
  facet normal -0.881937 0.471367 0
    outer loop
      vertex -35.6735 0.0194427 2.00241
      vertex -35.5811 0.192325 8.6375
      vertex -35.5811 0.192325 2.00241
    endloop
  endfacet
  facet normal -0.881937 0.471367 0
    outer loop
      vertex -35.5811 0.192325 8.6375
      vertex -35.6735 0.0194427 2.00241
      vertex -35.6735 0.0194427 8.6375
    endloop
  endfacet
  facet normal 0.956947 -0.290262 0
    outer loop
      vertex -38.3358 6.02008 2.39159
      vertex -38.2789 6.20767 2.24622
      vertex -38.2789 6.20767 8.6375
    endloop
  endfacet
  facet normal 0.956644 -0.291256 -0.00140079
    outer loop
      vertex -38.2789 6.20767 2.24622
      vertex -38.3358 6.02008 2.39159
      vertex -38.291 6.16784 2.2643
    endloop
  endfacet
  facet normal 0.956947 -0.290262 0
    outer loop
      vertex -38.3358 6.02008 2.39159
      vertex -38.2789 6.20767 8.6375
      vertex -38.3358 6.02008 8.6375
    endloop
  endfacet
  facet normal 0.956924 -0.290338 -0.000236717
    outer loop
      vertex -38.291 6.16784 2.2643
      vertex -38.3358 6.02008 2.39159
      vertex -38.3285 6.04417 2.35486
    endloop
  endfacet
  facet normal 0.956948 0.290261 0
    outer loop
      vertex -38.2789 0.192325 8.6375
      vertex -38.3358 0.379916 2.39159
      vertex -38.3358 0.379916 8.6375
    endloop
  endfacet
  facet normal 0.956948 0.290261 -0
    outer loop
      vertex -38.2789 0.192325 2.24622
      vertex -38.3358 0.379916 2.39159
      vertex -38.2789 0.192325 8.6375
    endloop
  endfacet
  facet normal 0.956678 0.291145 -0.00124627
    outer loop
      vertex -38.291 0.232162 2.2643
      vertex -38.3358 0.379916 2.39159
      vertex -38.2789 0.192325 2.24622
    endloop
  endfacet
  facet normal 0.956921 0.290348 -0.00023632
    outer loop
      vertex -38.3358 0.379916 2.39159
      vertex -38.291 0.232162 2.2643
      vertex -38.3285 0.355827 2.35486
    endloop
  endfacet
  facet normal -0.772914 0.634511 0
    outer loop
      vertex -35.7979 -0.132092 2.00241
      vertex -35.6735 0.0194427 8.6375
      vertex -35.6735 0.0194427 2.00241
    endloop
  endfacet
  facet normal -0.772914 0.634511 0
    outer loop
      vertex -35.6735 0.0194427 8.6375
      vertex -35.7979 -0.132092 2.00241
      vertex -35.7979 -0.132092 8.6375
    endloop
  endfacet
  facet normal -0.881946 -0.471351 0
    outer loop
      vertex -35.5811 6.20767 2.00241
      vertex -35.6735 6.38056 8.6375
      vertex -35.6735 6.38056 2.00241
    endloop
  endfacet
  facet normal -0.881946 -0.471351 0
    outer loop
      vertex -35.6735 6.38056 8.6375
      vertex -35.5811 6.20767 2.00241
      vertex -35.5811 6.20767 8.6375
    endloop
  endfacet
  facet normal -0.956947 -0.290262 0
    outer loop
      vertex -35.5242 6.02008 2.00241
      vertex -35.5811 6.20767 8.6375
      vertex -35.5811 6.20767 2.00241
    endloop
  endfacet
  facet normal -0.956947 -0.290262 0
    outer loop
      vertex -35.5811 6.20767 8.6375
      vertex -35.5242 6.02008 2.00241
      vertex -35.5242 6.02008 8.6375
    endloop
  endfacet
  facet normal -1 0 0
    outer loop
      vertex -35.505 0.575 2.00241
      vertex -35.505 5.825 8.6375
      vertex -35.505 5.825 2.00241
    endloop
  endfacet
  facet normal -1 -0 0
    outer loop
      vertex -35.505 5.825 8.6375
      vertex -35.505 0.575 2.00241
      vertex -35.505 0.575 8.6375
    endloop
  endfacet
  facet normal 0.634522 0.772905 0
    outer loop
      vertex -37.9106 -0.256467 8.6375
      vertex -38.0621 -0.132092 2.04926
      vertex -38.0621 -0.132092 8.6375
    endloop
  endfacet
  facet normal 0.634522 0.772905 -0
    outer loop
      vertex -37.9106 -0.256467 2.0047
      vertex -38.0621 -0.132092 2.04926
      vertex -37.9106 -0.256467 8.6375
    endloop
  endfacet
  facet normal 0.635378 0.772185 0.00492027
    outer loop
      vertex -38.0621 -0.132092 2.04926
      vertex -37.9106 -0.256467 2.0047
      vertex -37.9951 -0.187045 2.02153
    endloop
  endfacet
  facet normal 0.0980895 -0.995178 0
    outer loop
      vertex -37.5501 6.80577 2.00241
      vertex -37.355 6.825 8.6375
      vertex -37.5501 6.80577 8.6375
    endloop
  endfacet
  facet normal 0.0980895 -0.995178 0
    outer loop
      vertex -37.355 6.825 8.6375
      vertex -37.5501 6.80577 2.00241
      vertex -37.355 6.825 2.00241
    endloop
  endfacet
  facet normal -0.290195 0.956968 0
    outer loop
      vertex -36.1223 -0.348874 2.00241
      vertex -36.2909 -0.400001 8.6375
      vertex -36.1223 -0.348874 8.6375
    endloop
  endfacet
  facet normal -0.290195 0.956968 0
    outer loop
      vertex -36.2909 -0.400001 8.6375
      vertex -36.1223 -0.348874 2.00241
      vertex -36.2909 -0.400001 2.00241
    endloop
  endfacet
  facet normal 0.471329 -0.881957 0
    outer loop
      vertex -37.9106 6.65647 2.0047
      vertex -37.7377 6.74887 8.6375
      vertex -37.9106 6.65647 8.6375
    endloop
  endfacet
  facet normal 0.471419 -0.881827 0.0120489
    outer loop
      vertex -37.7377 6.74887 2.00241
      vertex -37.9106 6.65647 2.0047
      vertex -37.899 6.66264 2.00241
    endloop
  endfacet
  facet normal 0.471329 -0.881957 0
    outer loop
      vertex -37.9106 6.65647 2.0047
      vertex -37.7377 6.74887 2.00241
      vertex -37.7377 6.74887 8.6375
    endloop
  endfacet
  facet normal 0.290195 0.956968 -0
    outer loop
      vertex -37.5691 -0.400001 2.00241
      vertex -37.7377 -0.348874 8.6375
      vertex -37.5691 -0.400001 8.6375
    endloop
  endfacet
  facet normal 0.290195 0.956968 0
    outer loop
      vertex -37.7377 -0.348874 8.6375
      vertex -37.5691 -0.400001 2.00241
      vertex -37.7377 -0.348874 2.00241
    endloop
  endfacet
  facet normal 0.995199 0.0978743 0
    outer loop
      vertex -38.3358 0.379916 8.6375
      vertex -38.3476 0.4999 2.45099
      vertex -38.3476 0.4999 8.6375
    endloop
  endfacet
  facet normal 0.995199 0.0978743 0
    outer loop
      vertex -38.3476 0.4999 2.45099
      vertex -38.3358 0.379916 8.6375
      vertex -38.3358 0.379916 2.39159
    endloop
  endfacet
  facet normal 0.634537 -0.772892 0
    outer loop
      vertex -38.0621 6.53209 2.04926
      vertex -37.9106 6.65647 8.6375
      vertex -38.0621 6.53209 8.6375
    endloop
  endfacet
  facet normal 0.635314 -0.772241 0.00445973
    outer loop
      vertex -37.9106 6.65647 2.0047
      vertex -38.0621 6.53209 2.04926
      vertex -37.9951 6.58705 2.02153
    endloop
  endfacet
  facet normal 0.634537 -0.772892 0
    outer loop
      vertex -38.0621 6.53209 2.04926
      vertex -37.9106 6.65647 2.0047
      vertex -37.9106 6.65647 8.6375
    endloop
  endfacet
  facet normal -0.956948 0.290261 0
    outer loop
      vertex -35.5811 0.192325 2.00241
      vertex -35.5242 0.379916 8.6375
      vertex -35.5242 0.379916 2.00241
    endloop
  endfacet
  facet normal -0.956948 0.290261 0
    outer loop
      vertex -35.5242 0.379916 8.6375
      vertex -35.5811 0.192325 2.00241
      vertex -35.5811 0.192325 8.6375
    endloop
  endfacet
  facet normal -0.0980895 -0.995178 0
    outer loop
      vertex -36.505 6.825 2.00241
      vertex -36.3099 6.80577 8.6375
      vertex -36.505 6.825 8.6375
    endloop
  endfacet
  facet normal -0.0980895 -0.995178 -0
    outer loop
      vertex -36.3099 6.80577 8.6375
      vertex -36.505 6.825 2.00241
      vertex -36.3099 6.80577 2.00241
    endloop
  endfacet
  facet normal 0.772904 -0.634523 0
    outer loop
      vertex -38.1865 6.38056 2.13275
      vertex -38.0621 6.53209 2.04926
      vertex -38.0621 6.53209 8.6375
    endloop
  endfacet
  facet normal 0.773275 -0.634069 0.00137627
    outer loop
      vertex -38.0621 6.53209 2.04926
      vertex -38.1865 6.38056 2.13275
      vertex -38.0857 6.50333 2.05904
    endloop
  endfacet
  facet normal 0.772904 -0.634523 0
    outer loop
      vertex -38.1865 6.38056 2.13275
      vertex -38.0621 6.53209 8.6375
      vertex -38.1865 6.38056 8.6375
    endloop
  endfacet
  facet normal 0.77454 -0.632499 0.00572145
    outer loop
      vertex -38.0857 6.50333 2.05904
      vertex -38.1865 6.38056 2.13275
      vertex -38.1672 6.40402 2.11349
    endloop
  endfacet
  facet normal -0.634537 -0.772892 0
    outer loop
      vertex -35.9494 6.65647 2.00241
      vertex -35.7979 6.53209 8.6375
      vertex -35.9494 6.65647 8.6375
    endloop
  endfacet
  facet normal -0.634537 -0.772892 -0
    outer loop
      vertex -35.7979 6.53209 8.6375
      vertex -35.9494 6.65647 2.00241
      vertex -35.7979 6.53209 2.00241
    endloop
  endfacet
  facet normal -0.634522 0.772905 0
    outer loop
      vertex -35.7979 -0.132092 2.00241
      vertex -35.9494 -0.256467 8.6375
      vertex -35.7979 -0.132092 8.6375
    endloop
  endfacet
  facet normal -0.634522 0.772905 0
    outer loop
      vertex -35.9494 -0.256467 8.6375
      vertex -35.7979 -0.132092 2.00241
      vertex -35.9494 -0.256467 2.00241
    endloop
  endfacet
  facet normal 0 -1 0
    outer loop
      vertex -37.355 6.825 2.00241
      vertex -36.505 6.825 8.6375
      vertex -37.355 6.825 8.6375
    endloop
  endfacet
  facet normal 0 -1 -0
    outer loop
      vertex -36.505 6.825 8.6375
      vertex -37.355 6.825 2.00241
      vertex -36.505 6.825 2.00241
    endloop
  endfacet
  facet normal 0.471357 0.881942 0
    outer loop
      vertex -37.7377 -0.348874 8.6375
      vertex -37.9106 -0.256467 2.0047
      vertex -37.9106 -0.256467 8.6375
    endloop
  endfacet
  facet normal 0.471357 0.881942 -0
    outer loop
      vertex -37.7377 -0.348874 2.00241
      vertex -37.9106 -0.256467 2.0047
      vertex -37.7377 -0.348874 8.6375
    endloop
  endfacet
  facet normal 0.47144 0.881835 0.0105917
    outer loop
      vertex -37.9106 -0.256467 2.0047
      vertex -37.7377 -0.348874 2.00241
      vertex -37.899 -0.262641 2.00241
    endloop
  endfacet
  facet normal 0.881937 0.471367 0
    outer loop
      vertex -38.1865 0.0194427 8.6375
      vertex -38.2789 0.192325 2.24622
      vertex -38.2789 0.192325 8.6375
    endloop
  endfacet
  facet normal 0.881937 0.471367 -0
    outer loop
      vertex -38.1865 0.0194427 2.13275
      vertex -38.2789 0.192325 2.24622
      vertex -38.1865 0.0194427 8.6375
    endloop
  endfacet
  facet normal 0.882748 0.469837 0.00299132
    outer loop
      vertex -38.2789 0.192325 2.24622
      vertex -38.1865 0.0194427 2.13275
      vertex -38.2365 0.113066 2.1828
    endloop
  endfacet
  facet normal 0.995198 -0.0978775 0
    outer loop
      vertex -38.3476 5.9001 2.45099
      vertex -38.3358 6.02008 8.6375
      vertex -38.3476 5.9001 8.6375
    endloop
  endfacet
  facet normal 0.995198 -0.0978775 0
    outer loop
      vertex -38.3358 6.02008 8.6375
      vertex -38.3476 5.9001 2.45099
      vertex -38.3358 6.02008 2.39159
    endloop
  endfacet
  facet normal -0.995192 -0.0979479 0
    outer loop
      vertex -35.505 5.825 2.00241
      vertex -35.5242 6.02008 8.6375
      vertex -35.5242 6.02008 2.00241
    endloop
  endfacet
  facet normal -0.995192 -0.0979479 0
    outer loop
      vertex -35.5242 6.02008 8.6375
      vertex -35.505 5.825 2.00241
      vertex -35.505 5.825 8.6375
    endloop
  endfacet
  facet normal -0.471329 -0.881957 0
    outer loop
      vertex -36.1223 6.74887 2.00241
      vertex -35.9494 6.65647 8.6375
      vertex -36.1223 6.74887 8.6375
    endloop
  endfacet
  facet normal -0.471329 -0.881957 -0
    outer loop
      vertex -35.9494 6.65647 8.6375
      vertex -36.1223 6.74887 2.00241
      vertex -35.9494 6.65647 2.00241
    endloop
  endfacet
  facet normal 0.290248 -0.956951 0
    outer loop
      vertex -37.7377 6.74887 2.00241
      vertex -37.5501 6.80577 8.6375
      vertex -37.7377 6.74887 8.6375
    endloop
  endfacet
  facet normal 0.290248 -0.956951 0
    outer loop
      vertex -37.5501 6.80577 8.6375
      vertex -37.7377 6.74887 2.00241
      vertex -37.5501 6.80577 2.00241
    endloop
  endfacet
  facet normal -0.772904 -0.634523 0
    outer loop
      vertex -35.6735 6.38056 2.00241
      vertex -35.7979 6.53209 8.6375
      vertex -35.7979 6.53209 2.00241
    endloop
  endfacet
  facet normal -0.772904 -0.634523 0
    outer loop
      vertex -35.7979 6.53209 8.6375
      vertex -35.6735 6.38056 2.00241
      vertex -35.6735 6.38056 8.6375
    endloop
  endfacet
  facet normal -0.995192 0.0979459 0
    outer loop
      vertex -35.5242 0.379916 2.00241
      vertex -35.505 0.575 8.6375
      vertex -35.505 0.575 2.00241
    endloop
  endfacet
  facet normal -0.995192 0.0979459 0
    outer loop
      vertex -35.505 0.575 8.6375
      vertex -35.5242 0.379916 2.00241
      vertex -35.5242 0.379916 8.6375
    endloop
  endfacet
  facet normal 0.772914 0.634511 0
    outer loop
      vertex -38.0621 -0.132092 8.6375
      vertex -38.1865 0.0194427 2.13275
      vertex -38.1865 0.0194427 8.6375
    endloop
  endfacet
  facet normal 0.772914 0.634511 -0
    outer loop
      vertex -38.0621 -0.132092 2.04926
      vertex -38.1865 0.0194427 2.13275
      vertex -38.0621 -0.132092 8.6375
    endloop
  endfacet
  facet normal 0.774077 0.633076 0.00433778
    outer loop
      vertex -38.1865 0.0194427 2.13275
      vertex -38.0621 -0.132092 2.04926
      vertex -38.1672 -0.00402389 2.11349
    endloop
  endfacet
  facet normal 0.773105 0.634279 0.000349154
    outer loop
      vertex -38.1672 -0.00402389 2.11349
      vertex -38.0621 -0.132092 2.04926
      vertex -38.0857 -0.103332 2.05904
    endloop
  endfacet
  facet normal -0.290248 -0.956951 0
    outer loop
      vertex -36.3099 6.80577 2.00241
      vertex -36.1223 6.74887 8.6375
      vertex -36.3099 6.80577 8.6375
    endloop
  endfacet
  facet normal -0.290248 -0.956951 -0
    outer loop
      vertex -36.1223 6.74887 8.6375
      vertex -36.3099 6.80577 2.00241
      vertex -36.1223 6.74887 2.00241
    endloop
  endfacet
  facet normal 0.881946 -0.471351 0
    outer loop
      vertex -38.2789 6.20767 2.24622
      vertex -38.1865 6.38056 2.13275
      vertex -38.1865 6.38056 8.6375
    endloop
  endfacet
  facet normal 0.881946 -0.471351 0
    outer loop
      vertex -38.2789 6.20767 2.24622
      vertex -38.1865 6.38056 8.6375
      vertex -38.2789 6.20767 8.6375
    endloop
  endfacet
  facet normal 0.882785 -0.469767 0.00309571
    outer loop
      vertex -38.1865 6.38056 2.13275
      vertex -38.2789 6.20767 2.24622
      vertex -38.2365 6.28693 2.1828
    endloop
  endfacet
  facet normal 0.290295 0.956937 -0
    outer loop
      vertex 38.3204 7.87274 2.33529
      vertex 37.9452 7.98656 8.6375
      vertex 38.3204 7.87274 8.6375
    endloop
  endfacet
  facet normal 0.288775 0.957397 0.000839186
    outer loop
      vertex 38.2365 7.89818 2.1828
      vertex 38.3204 7.87274 2.33529
      vertex 38.291 7.88167 2.2643
    endloop
  endfacet
  facet normal 0.290406 0.956904 -0.000140404
    outer loop
      vertex 38.3204 7.87274 2.33529
      vertex 38.2365 7.89818 2.1828
      vertex 37.9452 7.98656 2.01159
    endloop
  endfacet
  facet normal 0.290249 0.956951 0.000150006
    outer loop
      vertex 37.9452 7.98656 2.01159
      vertex 38.2365 7.89818 2.1828
      vertex 38.1672 7.91921 2.11349
    endloop
  endfacet
  facet normal 0.290438 0.956894 -0.000299737
    outer loop
      vertex 37.9452 7.98656 2.01159
      vertex 38.1672 7.91921 2.11349
      vertex 38.0857 7.94393 2.05904
    endloop
  endfacet
  facet normal 0.29118 0.956664 -0.00270199
    outer loop
      vertex 37.9452 7.98656 2.01159
      vertex 38.0857 7.94393 2.05904
      vertex 37.9951 7.9714 2.02153
    endloop
  endfacet
  facet normal 0.290295 0.956937 0
    outer loop
      vertex 38.3204 7.87274 2.33529
      vertex 37.9452 7.98656 2.01159
      vertex 37.9452 7.98656 8.6375
    endloop
  endfacet
  facet normal -0.995192 -0.0979423 0
    outer loop
      vertex 34.3434 -0.0151794 2.00241
      vertex 34.305 0.375003 8.6375
      vertex 34.305 0.375003 2.00241
    endloop
  endfacet
  facet normal -0.995192 -0.0979423 0
    outer loop
      vertex 34.305 0.375003 8.6375
      vertex 34.3434 -0.0151794 2.00241
      vertex 34.3434 -0.0151794 8.6375
    endloop
  endfacet
  facet normal -0.471455 0.88189 0
    outer loop
      vertex 35.5396 7.87274 2.00241
      vertex 35.1939 7.68793 8.6375
      vertex 35.5396 7.87274 8.6375
    endloop
  endfacet
  facet normal -0.471455 0.88189 0
    outer loop
      vertex 35.1939 7.68793 8.6375
      vertex 35.5396 7.87274 2.00241
      vertex 35.1939 7.68793 2.00241
    endloop
  endfacet
  facet normal -0.956876 0.290496 0
    outer loop
      vertex 34.3434 6.41518 2.00241
      vertex 34.4573 6.79036 8.6375
      vertex 34.4573 6.79036 2.00241
    endloop
  endfacet
  facet normal -0.956876 0.290496 0
    outer loop
      vertex 34.4573 6.79036 8.6375
      vertex 34.3434 6.41518 2.00241
      vertex 34.3434 6.41518 8.6375
    endloop
  endfacet
  facet normal -0.290295 0.956937 0
    outer loop
      vertex 35.9148 7.98656 2.00241
      vertex 35.5396 7.87274 8.6375
      vertex 35.9148 7.98656 8.6375
    endloop
  endfacet
  facet normal -0.290295 0.956937 0
    outer loop
      vertex 35.5396 7.87274 8.6375
      vertex 35.9148 7.98656 2.00241
      vertex 35.5396 7.87274 2.00241
    endloop
  endfacet
  facet normal -0.634351 0.773045 0
    outer loop
      vertex 35.1939 7.68793 2.00241
      vertex 34.8908 7.43921 8.6375
      vertex 35.1939 7.68793 8.6375
    endloop
  endfacet
  facet normal -0.634351 0.773045 0
    outer loop
      vertex 34.8908 7.43921 8.6375
      vertex 35.1939 7.68793 2.00241
      vertex 34.8908 7.43921 2.00241
    endloop
  endfacet
  facet normal 0 1 -0
    outer loop
      vertex 37.555 8.025 2.00241
      vertex 36.305 8.025 8.6375
      vertex 37.555 8.025 8.6375
    endloop
  endfacet
  facet normal 0 1 0
    outer loop
      vertex 36.305 8.025 8.6375
      vertex 37.555 8.025 2.00241
      vertex 36.305 8.025 2.00241
    endloop
  endfacet
  facet normal -0.88194 0.471361 0
    outer loop
      vertex 34.4573 6.79036 2.00241
      vertex 34.6421 7.13613 8.6375
      vertex 34.6421 7.13613 2.00241
    endloop
  endfacet
  facet normal -0.88194 0.471361 0
    outer loop
      vertex 34.6421 7.13613 8.6375
      vertex 34.4573 6.79036 2.00241
      vertex 34.4573 6.79036 8.6375
    endloop
  endfacet
  facet normal -0.956877 -0.290493 0
    outer loop
      vertex 34.4573 -0.390363 2.00241
      vertex 34.3434 -0.0151794 8.6375
      vertex 34.3434 -0.0151794 2.00241
    endloop
  endfacet
  facet normal -0.956877 -0.290493 0
    outer loop
      vertex 34.3434 -0.0151794 8.6375
      vertex 34.4573 -0.390363 2.00241
      vertex 34.4573 -0.390363 8.6375
    endloop
  endfacet
  facet normal -0.77305 0.634346 0
    outer loop
      vertex 34.6421 7.13613 2.00241
      vertex 34.8908 7.43921 8.6375
      vertex 34.8908 7.43921 2.00241
    endloop
  endfacet
  facet normal -0.77305 0.634346 0
    outer loop
      vertex 34.8908 7.43921 8.6375
      vertex 34.6421 7.13613 2.00241
      vertex 34.6421 7.13613 8.6375
    endloop
  endfacet
  facet normal -0.883882 -0.467711 0
    outer loop
      vertex 34.4624 -0.400001 2.00241
      vertex 34.4573 -0.390363 8.6375
      vertex 34.4573 -0.390363 2.00241
    endloop
  endfacet
  facet normal -0.883882 -0.467711 0
    outer loop
      vertex 34.4573 -0.390363 8.6375
      vertex 34.4624 -0.400001 2.00241
      vertex 34.4624 -0.400001 8.6375
    endloop
  endfacet
  facet normal 0.471682 0.881769 -0
    outer loop
      vertex 38.3476 7.85819 2.45099
      vertex 38.3204 7.87274 8.6375
      vertex 38.3476 7.85819 8.6375
    endloop
  endfacet
  facet normal 0.471112 0.882073 0.000172116
    outer loop
      vertex 38.3204 7.87274 2.33529
      vertex 38.3476 7.85819 2.45099
      vertex 38.3285 7.86841 2.35486
    endloop
  endfacet
  facet normal 0.471682 0.881769 0
    outer loop
      vertex 38.3476 7.85819 2.45099
      vertex 38.3204 7.87274 2.33529
      vertex 38.3204 7.87274 8.6375
    endloop
  endfacet
  facet normal -0.098039 0.995183 0
    outer loop
      vertex 36.305 8.025 2.00241
      vertex 35.9148 7.98656 8.6375
      vertex 36.305 8.025 8.6375
    endloop
  endfacet
  facet normal -0.098039 0.995183 0
    outer loop
      vertex 35.9148 7.98656 8.6375
      vertex 36.305 8.025 2.00241
      vertex 35.9148 7.98656 2.00241
    endloop
  endfacet
  facet normal -1 0 0
    outer loop
      vertex 34.305 0.375003 2.00241
      vertex 34.305 6.025 8.6375
      vertex 34.305 6.025 2.00241
    endloop
  endfacet
  facet normal -1 -0 0
    outer loop
      vertex 34.305 6.025 8.6375
      vertex 34.305 0.375003 2.00241
      vertex 34.305 0.375003 8.6375
    endloop
  endfacet
  facet normal -0.995192 0.0979429 0
    outer loop
      vertex 34.305 6.025 2.00241
      vertex 34.3434 6.41518 8.6375
      vertex 34.3434 6.41518 2.00241
    endloop
  endfacet
  facet normal -0.995192 0.0979429 0
    outer loop
      vertex 34.3434 6.41518 8.6375
      vertex 34.305 6.025 2.00241
      vertex 34.305 6.025 8.6375
    endloop
  endfacet
  facet normal 0 0 1
    outer loop
      vertex 38.3476 7.85819 8.6375
      vertex 38.3358 6.02008 8.6375
      vertex 38.3476 5.90011 8.6375
    endloop
  endfacet
  facet normal 0 0 1
    outer loop
      vertex 37.7377 6.74887 8.6375
      vertex 38.3476 7.85819 8.6375
      vertex 38.3204 7.87274 8.6375
    endloop
  endfacet
  facet normal 0 0 1
    outer loop
      vertex 38.3476 7.85819 8.6375
      vertex 38.2789 6.20767 8.6375
      vertex 38.3358 6.02008 8.6375
    endloop
  endfacet
  facet normal 0 0 1
    outer loop
      vertex 38.3476 7.85819 8.6375
      vertex 38.1865 6.38056 8.6375
      vertex 38.2789 6.20767 8.6375
    endloop
  endfacet
  facet normal 0 0 1
    outer loop
      vertex 38.3476 7.85819 8.6375
      vertex 38.0621 6.53209 8.6375
      vertex 38.1865 6.38056 8.6375
    endloop
  endfacet
  facet normal 0 0 1
    outer loop
      vertex 37.7377 6.74887 8.6375
      vertex 38.3204 7.87274 8.6375
      vertex 37.9452 7.98656 8.6375
    endloop
  endfacet
  facet normal 0 0 1
    outer loop
      vertex 38.3476 7.85819 8.6375
      vertex 37.9106 6.65647 8.6375
      vertex 38.0621 6.53209 8.6375
    endloop
  endfacet
  facet normal 0 0 1
    outer loop
      vertex 38.3476 7.85819 8.6375
      vertex 37.7377 6.74887 8.6375
      vertex 37.9106 6.65647 8.6375
    endloop
  endfacet
  facet normal 0 0 1
    outer loop
      vertex 37.5501 6.80577 8.6375
      vertex 37.9452 7.98656 8.6375
      vertex 37.555 8.025 8.6375
    endloop
  endfacet
  facet normal 0 0 1
    outer loop
      vertex 37.9452 7.98656 8.6375
      vertex 37.5501 6.80577 8.6375
      vertex 37.7377 6.74887 8.6375
    endloop
  endfacet
  facet normal 0 0 1
    outer loop
      vertex 37.555 8.025 8.6375
      vertex 37.355 6.825 8.6375
      vertex 37.5501 6.80577 8.6375
    endloop
  endfacet
  facet normal 0 0 1
    outer loop
      vertex 37.555 8.025 8.6375
      vertex 36.505 6.825 8.6375
      vertex 37.355 6.825 8.6375
    endloop
  endfacet
  facet normal -0 0 1
    outer loop
      vertex 36.305 8.025 8.6375
      vertex 36.505 6.825 8.6375
      vertex 37.555 8.025 8.6375
    endloop
  endfacet
  facet normal 0 0 1
    outer loop
      vertex 36.505 6.825 8.6375
      vertex 36.305 8.025 8.6375
      vertex 36.3099 6.80577 8.6375
    endloop
  endfacet
  facet normal -0 0 1
    outer loop
      vertex 35.9148 7.98656 8.6375
      vertex 36.3099 6.80577 8.6375
      vertex 36.305 8.025 8.6375
    endloop
  endfacet
  facet normal 0 0 1
    outer loop
      vertex 36.3099 6.80577 8.6375
      vertex 35.9148 7.98656 8.6375
      vertex 36.1223 6.74887 8.6375
    endloop
  endfacet
  facet normal -0 0 1
    outer loop
      vertex 35.5396 7.87274 8.6375
      vertex 36.1223 6.74887 8.6375
      vertex 35.9148 7.98656 8.6375
    endloop
  endfacet
  facet normal 0 0 1
    outer loop
      vertex 36.1223 6.74887 8.6375
      vertex 35.5396 7.87274 8.6375
      vertex 35.9494 6.65647 8.6375
    endloop
  endfacet
  facet normal -0 0 1
    outer loop
      vertex 35.1939 7.68793 8.6375
      vertex 35.9494 6.65647 8.6375
      vertex 35.5396 7.87274 8.6375
    endloop
  endfacet
  facet normal 0 0 1
    outer loop
      vertex 35.9494 6.65647 8.6375
      vertex 35.1939 7.68793 8.6375
      vertex 35.7979 6.53209 8.6375
    endloop
  endfacet
  facet normal -0 0 1
    outer loop
      vertex 34.8908 7.43921 8.6375
      vertex 35.7979 6.53209 8.6375
      vertex 35.1939 7.68793 8.6375
    endloop
  endfacet
  facet normal -0 0 1
    outer loop
      vertex 34.6421 7.13613 8.6375
      vertex 35.7979 6.53209 8.6375
      vertex 34.8908 7.43921 8.6375
    endloop
  endfacet
  facet normal 0 0 1
    outer loop
      vertex 35.7979 6.53209 8.6375
      vertex 34.6421 7.13613 8.6375
      vertex 35.6735 6.38056 8.6375
    endloop
  endfacet
  facet normal 0 0 1
    outer loop
      vertex 35.6735 6.38056 8.6375
      vertex 34.4573 6.79036 8.6375
      vertex 35.5811 6.20767 8.6375
    endloop
  endfacet
  facet normal -0 0 1
    outer loop
      vertex 34.4573 6.79036 8.6375
      vertex 35.6735 6.38056 8.6375
      vertex 34.6421 7.13613 8.6375
    endloop
  endfacet
  facet normal -0 0 1
    outer loop
      vertex 34.3434 6.41518 8.6375
      vertex 35.5811 6.20767 8.6375
      vertex 34.4573 6.79036 8.6375
    endloop
  endfacet
  facet normal 0 0 1
    outer loop
      vertex 35.5811 6.20767 8.6375
      vertex 34.3434 6.41518 8.6375
      vertex 35.5242 6.02008 8.6375
    endloop
  endfacet
  facet normal 0 0 1
    outer loop
      vertex 35.505 5.825 8.6375
      vertex 34.305 6.025 8.6375
      vertex 35.505 0.575 8.6375
    endloop
  endfacet
  facet normal 0 0 1
    outer loop
      vertex 36.1223 -0.348874 8.6375
      vertex 34.4624 -0.400001 8.6375
      vertex 36.2909 -0.400001 8.6375
    endloop
  endfacet
  facet normal 0 0 1
    outer loop
      vertex 35.9494 -0.256467 8.6375
      vertex 34.4624 -0.400001 8.6375
      vertex 36.1223 -0.348874 8.6375
    endloop
  endfacet
  facet normal 0 0 1
    outer loop
      vertex 35.7979 -0.132092 8.6375
      vertex 34.4624 -0.400001 8.6375
      vertex 35.9494 -0.256467 8.6375
    endloop
  endfacet
  facet normal 0 0 1
    outer loop
      vertex 35.6735 0.0194427 8.6375
      vertex 34.4624 -0.400001 8.6375
      vertex 35.7979 -0.132092 8.6375
    endloop
  endfacet
  facet normal 0 0 1
    outer loop
      vertex 35.5811 0.192325 8.6375
      vertex 34.4624 -0.400001 8.6375
      vertex 35.6735 0.0194427 8.6375
    endloop
  endfacet
  facet normal 0 0 1
    outer loop
      vertex 34.3434 -0.0151794 8.6375
      vertex 35.5811 0.192325 8.6375
      vertex 35.5242 0.379916 8.6375
    endloop
  endfacet
  facet normal 0 0 1
    outer loop
      vertex 34.305 0.375003 8.6375
      vertex 35.505 0.575 8.6375
      vertex 34.305 6.025 8.6375
    endloop
  endfacet
  facet normal -0 0 1
    outer loop
      vertex 34.305 6.025 8.6375
      vertex 35.5242 6.02008 8.6375
      vertex 34.3434 6.41518 8.6375
    endloop
  endfacet
  facet normal 0 0 1
    outer loop
      vertex 35.505 0.575 8.6375
      vertex 34.305 0.375003 8.6375
      vertex 35.5242 0.379916 8.6375
    endloop
  endfacet
  facet normal 0 0 1
    outer loop
      vertex 35.5242 6.02008 8.6375
      vertex 34.305 6.025 8.6375
      vertex 35.505 5.825 8.6375
    endloop
  endfacet
  facet normal 0 -0 1
    outer loop
      vertex 34.3434 -0.0151794 8.6375
      vertex 35.5242 0.379916 8.6375
      vertex 34.305 0.375003 8.6375
    endloop
  endfacet
  facet normal 0 0 1
    outer loop
      vertex 35.5811 0.192325 8.6375
      vertex 34.3434 -0.0151794 8.6375
      vertex 34.4573 -0.390363 8.6375
    endloop
  endfacet
  facet normal 0 0 1
    outer loop
      vertex 35.5811 0.192325 8.6375
      vertex 34.4573 -0.390363 8.6375
      vertex 34.4624 -0.400001 8.6375
    endloop
  endfacet
  facet normal -0 0 1
    outer loop
      vertex 38.3358 0.379916 8.6375
      vertex 38.3476 -0.400001 8.6375
      vertex 38.3476 0.49989 8.6375
    endloop
  endfacet
  facet normal -0 0 1
    outer loop
      vertex 38.2789 0.192325 8.6375
      vertex 38.3476 -0.400001 8.6375
      vertex 38.3358 0.379916 8.6375
    endloop
  endfacet
  facet normal -0 0 1
    outer loop
      vertex 38.1865 0.0194427 8.6375
      vertex 38.3476 -0.400001 8.6375
      vertex 38.2789 0.192325 8.6375
    endloop
  endfacet
  facet normal -0 0 1
    outer loop
      vertex 38.0621 -0.132092 8.6375
      vertex 38.3476 -0.400001 8.6375
      vertex 38.1865 0.0194427 8.6375
    endloop
  endfacet
  facet normal -0 0 1
    outer loop
      vertex 37.9106 -0.256467 8.6375
      vertex 38.3476 -0.400001 8.6375
      vertex 38.0621 -0.132092 8.6375
    endloop
  endfacet
  facet normal -0 0 1
    outer loop
      vertex 37.7377 -0.348874 8.6375
      vertex 38.3476 -0.400001 8.6375
      vertex 37.9106 -0.256467 8.6375
    endloop
  endfacet
  facet normal 0 0 1
    outer loop
      vertex 38.3476 -0.400001 8.6375
      vertex 37.7377 -0.348874 8.6375
      vertex 37.5691 -0.400001 8.6375
    endloop
  endfacet
  facet normal 0.098039 0.995183 -0
    outer loop
      vertex 37.9452 7.98656 2.01159
      vertex 37.555 8.025 8.6375
      vertex 37.9452 7.98656 8.6375
    endloop
  endfacet
  facet normal 0.0980428 0.995182 -0.000163242
    outer loop
      vertex 37.555 8.025 2.00241
      vertex 37.9452 7.98656 2.01159
      vertex 37.899 7.99111 2.00241
    endloop
  endfacet
  facet normal 0.098039 0.995183 0
    outer loop
      vertex 37.9452 7.98656 2.01159
      vertex 37.555 8.025 2.00241
      vertex 37.555 8.025 8.6375
    endloop
  endfacet
  facet normal -0.471357 0.881942 0
    outer loop
      vertex 37.9106 -0.256467 2.00471
      vertex 37.7377 -0.348874 8.6375
      vertex 37.9106 -0.256467 8.6375
    endloop
  endfacet
  facet normal -0.471438 0.881841 0.0101348
    outer loop
      vertex 37.7377 -0.348874 2.00241
      vertex 37.9106 -0.256467 2.00471
      vertex 37.899 -0.262642 2.00241
    endloop
  endfacet
  facet normal -0.471357 0.881942 0
    outer loop
      vertex 37.9106 -0.256467 2.00471
      vertex 37.7377 -0.348874 2.00241
      vertex 37.7377 -0.348874 8.6375
    endloop
  endfacet
  facet normal -0.882737 0.469858 0.00295006
    outer loop
      vertex 38.1865 0.0194427 2.13275
      vertex 38.2789 0.192325 2.24622
      vertex 38.2365 0.113065 2.1828
    endloop
  endfacet
  facet normal -0.881937 0.471367 0
    outer loop
      vertex 38.2789 0.192325 2.24622
      vertex 38.1865 0.0194427 2.13275
      vertex 38.1865 0.0194427 8.6375
    endloop
  endfacet
  facet normal -0.881937 0.471367 0
    outer loop
      vertex 38.2789 0.192325 2.24622
      vertex 38.1865 0.0194427 8.6375
      vertex 38.2789 0.192325 8.6375
    endloop
  endfacet
  facet normal 0.956947 -0.290262 0
    outer loop
      vertex 35.5242 6.02008 8.6375
      vertex 35.5811 6.20767 2.00241
      vertex 35.5811 6.20767 8.6375
    endloop
  endfacet
  facet normal 0.956947 -0.290262 0
    outer loop
      vertex 35.5811 6.20767 2.00241
      vertex 35.5242 6.02008 8.6375
      vertex 35.5242 6.02008 2.00241
    endloop
  endfacet
  facet normal 0.956948 0.290261 0
    outer loop
      vertex 35.5811 0.192325 8.6375
      vertex 35.5242 0.379916 2.00241
      vertex 35.5242 0.379916 8.6375
    endloop
  endfacet
  facet normal 0.956948 0.290261 0
    outer loop
      vertex 35.5242 0.379916 2.00241
      vertex 35.5811 0.192325 8.6375
      vertex 35.5811 0.192325 2.00241
    endloop
  endfacet
  facet normal -0.774046 0.633115 0.0042216
    outer loop
      vertex 38.0621 -0.132092 2.04926
      vertex 38.1865 0.0194427 2.13275
      vertex 38.1672 -0.00402505 2.11349
    endloop
  endfacet
  facet normal -0.773077 0.634312 0.000248135
    outer loop
      vertex 38.0621 -0.132092 2.04926
      vertex 38.1672 -0.00402505 2.11349
      vertex 38.0857 -0.103333 2.05904
    endloop
  endfacet
  facet normal -0.772914 0.634511 0
    outer loop
      vertex 38.1865 0.0194427 2.13275
      vertex 38.0621 -0.132092 2.04926
      vertex 38.0621 -0.132092 8.6375
    endloop
  endfacet
  facet normal -0.772914 0.634511 0
    outer loop
      vertex 38.1865 0.0194427 2.13275
      vertex 38.0621 -0.132092 8.6375
      vertex 38.1865 0.0194427 8.6375
    endloop
  endfacet
  facet normal -0.882674 -0.469979 0.00268308
    outer loop
      vertex 38.2789 6.20767 2.24622
      vertex 38.1865 6.38056 2.13275
      vertex 38.2365 6.28694 2.1828
    endloop
  endfacet
  facet normal -0.881946 -0.471351 0
    outer loop
      vertex 38.1865 6.38056 2.13275
      vertex 38.2789 6.20767 2.24622
      vertex 38.1865 6.38056 8.6375
    endloop
  endfacet
  facet normal -0.881946 -0.471351 0
    outer loop
      vertex 38.1865 6.38056 8.6375
      vertex 38.2789 6.20767 2.24622
      vertex 38.2789 6.20767 8.6375
    endloop
  endfacet
  facet normal -0.956644 -0.291256 -0.00140056
    outer loop
      vertex 38.3358 6.02008 2.3916
      vertex 38.2789 6.20767 2.24622
      vertex 38.291 6.16784 2.2643
    endloop
  endfacet
  facet normal -0.956881 -0.290481 -0.000418296
    outer loop
      vertex 38.3358 6.02008 2.3916
      vertex 38.291 6.16784 2.2643
      vertex 38.3285 6.04418 2.35486
    endloop
  endfacet
  facet normal -0.956947 -0.290262 0
    outer loop
      vertex 38.2789 6.20767 2.24622
      vertex 38.3358 6.02008 2.3916
      vertex 38.2789 6.20767 8.6375
    endloop
  endfacet
  facet normal -0.956947 -0.290262 0
    outer loop
      vertex 38.2789 6.20767 8.6375
      vertex 38.3358 6.02008 2.3916
      vertex 38.3358 6.02008 8.6375
    endloop
  endfacet
  facet normal 0.634522 0.772905 -0
    outer loop
      vertex 35.9494 -0.256467 2.00241
      vertex 35.7979 -0.132092 8.6375
      vertex 35.9494 -0.256467 8.6375
    endloop
  endfacet
  facet normal 0.634522 0.772905 0
    outer loop
      vertex 35.7979 -0.132092 8.6375
      vertex 35.9494 -0.256467 2.00241
      vertex 35.7979 -0.132092 2.00241
    endloop
  endfacet
  facet normal 0.0980895 -0.995178 0
    outer loop
      vertex 36.3099 6.80577 2.00241
      vertex 36.505 6.825 8.6375
      vertex 36.3099 6.80577 8.6375
    endloop
  endfacet
  facet normal 0.0980895 -0.995178 0
    outer loop
      vertex 36.505 6.825 8.6375
      vertex 36.3099 6.80577 2.00241
      vertex 36.505 6.825 2.00241
    endloop
  endfacet
  facet normal -0.290195 0.956968 0
    outer loop
      vertex 37.7377 -0.348874 2.00241
      vertex 37.5691 -0.400001 8.6375
      vertex 37.7377 -0.348874 8.6375
    endloop
  endfacet
  facet normal -0.290195 0.956968 0
    outer loop
      vertex 37.5691 -0.400001 8.6375
      vertex 37.7377 -0.348874 2.00241
      vertex 37.5691 -0.400001 2.00241
    endloop
  endfacet
  facet normal 0.471329 -0.881957 0
    outer loop
      vertex 35.9494 6.65647 2.00241
      vertex 36.1223 6.74887 8.6375
      vertex 35.9494 6.65647 8.6375
    endloop
  endfacet
  facet normal 0.471329 -0.881957 0
    outer loop
      vertex 36.1223 6.74887 8.6375
      vertex 35.9494 6.65647 2.00241
      vertex 36.1223 6.74887 2.00241
    endloop
  endfacet
  facet normal 0.290195 0.956968 -0
    outer loop
      vertex 36.2909 -0.400001 2.00241
      vertex 36.1223 -0.348874 8.6375
      vertex 36.2909 -0.400001 8.6375
    endloop
  endfacet
  facet normal 0.290195 0.956968 0
    outer loop
      vertex 36.1223 -0.348874 8.6375
      vertex 36.2909 -0.400001 2.00241
      vertex 36.1223 -0.348874 2.00241
    endloop
  endfacet
  facet normal 0.995192 0.0979459 0
    outer loop
      vertex 35.5242 0.379916 8.6375
      vertex 35.505 0.575 2.00241
      vertex 35.505 0.575 8.6375
    endloop
  endfacet
  facet normal 0.995192 0.0979459 0
    outer loop
      vertex 35.505 0.575 2.00241
      vertex 35.5242 0.379916 8.6375
      vertex 35.5242 0.379916 2.00241
    endloop
  endfacet
  facet normal 0.634537 -0.772892 0
    outer loop
      vertex 35.7979 6.53209 2.00241
      vertex 35.9494 6.65647 8.6375
      vertex 35.7979 6.53209 8.6375
    endloop
  endfacet
  facet normal 0.634537 -0.772892 0
    outer loop
      vertex 35.9494 6.65647 8.6375
      vertex 35.7979 6.53209 2.00241
      vertex 35.9494 6.65647 2.00241
    endloop
  endfacet
  facet normal -0.956912 0.290379 -0.000281804
    outer loop
      vertex 38.291 0.232159 2.2643
      vertex 38.3358 0.379916 2.3916
      vertex 38.3285 0.355824 2.35486
    endloop
  endfacet
  facet normal -0.956663 0.291193 -0.00131433
    outer loop
      vertex 38.3358 0.379916 2.3916
      vertex 38.291 0.232159 2.2643
      vertex 38.2789 0.192325 2.24622
    endloop
  endfacet
  facet normal -0.956948 0.290261 0
    outer loop
      vertex 38.3358 0.379916 2.3916
      vertex 38.2789 0.192325 2.24622
      vertex 38.2789 0.192325 8.6375
    endloop
  endfacet
  facet normal -0.956948 0.290261 0
    outer loop
      vertex 38.3358 0.379916 2.3916
      vertex 38.2789 0.192325 8.6375
      vertex 38.3358 0.379916 8.6375
    endloop
  endfacet
  facet normal -0.0980895 -0.995178 0
    outer loop
      vertex 37.355 6.825 2.00241
      vertex 37.5501 6.80577 8.6375
      vertex 37.355 6.825 8.6375
    endloop
  endfacet
  facet normal -0.0980895 -0.995178 -0
    outer loop
      vertex 37.5501 6.80577 8.6375
      vertex 37.355 6.825 2.00241
      vertex 37.5501 6.80577 2.00241
    endloop
  endfacet
  facet normal 1 -0 0
    outer loop
      vertex 35.505 0.575 8.6375
      vertex 35.505 5.825 2.00241
      vertex 35.505 5.825 8.6375
    endloop
  endfacet
  facet normal 1 0 0
    outer loop
      vertex 35.505 5.825 2.00241
      vertex 35.505 0.575 8.6375
      vertex 35.505 0.575 2.00241
    endloop
  endfacet
  facet normal 0.772904 -0.634523 0
    outer loop
      vertex 35.6735 6.38056 8.6375
      vertex 35.7979 6.53209 2.00241
      vertex 35.7979 6.53209 8.6375
    endloop
  endfacet
  facet normal 0.772904 -0.634523 0
    outer loop
      vertex 35.7979 6.53209 2.00241
      vertex 35.6735 6.38056 8.6375
      vertex 35.6735 6.38056 2.00241
    endloop
  endfacet
  facet normal -0.634537 -0.772892 0
    outer loop
      vertex 37.9106 6.65647 8.6375
      vertex 38.0621 6.53209 2.04926
      vertex 38.0621 6.53209 8.6375
    endloop
  endfacet
  facet normal -0.634537 -0.772892 0
    outer loop
      vertex 37.9106 6.65647 2.00471
      vertex 38.0621 6.53209 2.04926
      vertex 37.9106 6.65647 8.6375
    endloop
  endfacet
  facet normal -0.635313 -0.772242 0.00445727
    outer loop
      vertex 38.0621 6.53209 2.04926
      vertex 37.9106 6.65647 2.00471
      vertex 37.9951 6.58705 2.02153
    endloop
  endfacet
  facet normal -0.634522 0.772905 0
    outer loop
      vertex 38.0621 -0.132092 2.04926
      vertex 37.9106 -0.256467 8.6375
      vertex 38.0621 -0.132092 8.6375
    endloop
  endfacet
  facet normal -0.635361 0.7722 0.00482147
    outer loop
      vertex 37.9106 -0.256467 2.00471
      vertex 38.0621 -0.132092 2.04926
      vertex 37.9951 -0.187046 2.02153
    endloop
  endfacet
  facet normal -0.634522 0.772905 0
    outer loop
      vertex 38.0621 -0.132092 2.04926
      vertex 37.9106 -0.256467 2.00471
      vertex 37.9106 -0.256467 8.6375
    endloop
  endfacet
  facet normal 0 -1 0
    outer loop
      vertex 36.505 6.825 2.00241
      vertex 37.355 6.825 8.6375
      vertex 36.505 6.825 8.6375
    endloop
  endfacet
  facet normal 0 -1 -0
    outer loop
      vertex 37.355 6.825 8.6375
      vertex 36.505 6.825 2.00241
      vertex 37.355 6.825 2.00241
    endloop
  endfacet
  facet normal 0.471357 0.881942 -0
    outer loop
      vertex 36.1223 -0.348874 2.00241
      vertex 35.9494 -0.256467 8.6375
      vertex 36.1223 -0.348874 8.6375
    endloop
  endfacet
  facet normal 0.471357 0.881942 0
    outer loop
      vertex 35.9494 -0.256467 8.6375
      vertex 36.1223 -0.348874 2.00241
      vertex 35.9494 -0.256467 2.00241
    endloop
  endfacet
  facet normal 0.881937 0.471367 0
    outer loop
      vertex 35.6735 0.0194427 8.6375
      vertex 35.5811 0.192325 2.00241
      vertex 35.5811 0.192325 8.6375
    endloop
  endfacet
  facet normal 0.881937 0.471367 0
    outer loop
      vertex 35.5811 0.192325 2.00241
      vertex 35.6735 0.0194427 8.6375
      vertex 35.6735 0.0194427 2.00241
    endloop
  endfacet
  facet normal 0.995192 -0.0979479 0
    outer loop
      vertex 35.505 5.825 8.6375
      vertex 35.5242 6.02008 2.00241
      vertex 35.5242 6.02008 8.6375
    endloop
  endfacet
  facet normal 0.995192 -0.0979479 0
    outer loop
      vertex 35.5242 6.02008 2.00241
      vertex 35.505 5.825 8.6375
      vertex 35.505 5.825 2.00241
    endloop
  endfacet
  facet normal -0.995198 -0.0978856 0
    outer loop
      vertex 38.3476 5.90011 2.45099
      vertex 38.3358 6.02008 8.6375
      vertex 38.3358 6.02008 2.3916
    endloop
  endfacet
  facet normal -0.995198 -0.0978856 0
    outer loop
      vertex 38.3358 6.02008 8.6375
      vertex 38.3476 5.90011 2.45099
      vertex 38.3476 5.90011 8.6375
    endloop
  endfacet
  facet normal -0.471329 -0.881957 0
    outer loop
      vertex 37.7377 6.74887 8.6375
      vertex 37.9106 6.65647 2.00471
      vertex 37.9106 6.65647 8.6375
    endloop
  endfacet
  facet normal -0.471329 -0.881957 0
    outer loop
      vertex 37.7377 6.74887 2.00241
      vertex 37.9106 6.65647 2.00471
      vertex 37.7377 6.74887 8.6375
    endloop
  endfacet
  facet normal -0.47142 -0.881827 0.0119965
    outer loop
      vertex 37.9106 6.65647 2.00471
      vertex 37.7377 6.74887 2.00241
      vertex 37.899 6.66264 2.00241
    endloop
  endfacet
  facet normal 0.290248 -0.956951 0
    outer loop
      vertex 36.1223 6.74887 2.00241
      vertex 36.3099 6.80577 8.6375
      vertex 36.1223 6.74887 8.6375
    endloop
  endfacet
  facet normal 0.290248 -0.956951 0
    outer loop
      vertex 36.3099 6.80577 8.6375
      vertex 36.1223 6.74887 2.00241
      vertex 36.3099 6.80577 2.00241
    endloop
  endfacet
  facet normal -0.773275 -0.634069 0.00137627
    outer loop
      vertex 38.1865 6.38056 2.13275
      vertex 38.0621 6.53209 2.04926
      vertex 38.0857 6.50333 2.05904
    endloop
  endfacet
  facet normal -0.774185 -0.632943 0.00449571
    outer loop
      vertex 38.1865 6.38056 2.13275
      vertex 38.0857 6.50333 2.05904
      vertex 38.1672 6.40403 2.11349
    endloop
  endfacet
  facet normal -0.772904 -0.634523 0
    outer loop
      vertex 38.0621 6.53209 2.04926
      vertex 38.1865 6.38056 2.13275
      vertex 38.0621 6.53209 8.6375
    endloop
  endfacet
  facet normal -0.772904 -0.634523 0
    outer loop
      vertex 38.0621 6.53209 8.6375
      vertex 38.1865 6.38056 2.13275
      vertex 38.1865 6.38056 8.6375
    endloop
  endfacet
  facet normal -0.995198 0.0978823 0
    outer loop
      vertex 38.3358 0.379916 8.6375
      vertex 38.3476 0.49989 2.45099
      vertex 38.3358 0.379916 2.3916
    endloop
  endfacet
  facet normal -0.995198 0.0978823 0
    outer loop
      vertex 38.3476 0.49989 2.45099
      vertex 38.3358 0.379916 8.6375
      vertex 38.3476 0.49989 8.6375
    endloop
  endfacet
  facet normal 0.772914 0.634511 0
    outer loop
      vertex 35.7979 -0.132092 8.6375
      vertex 35.6735 0.0194427 2.00241
      vertex 35.6735 0.0194427 8.6375
    endloop
  endfacet
  facet normal 0.772914 0.634511 0
    outer loop
      vertex 35.6735 0.0194427 2.00241
      vertex 35.7979 -0.132092 8.6375
      vertex 35.7979 -0.132092 2.00241
    endloop
  endfacet
  facet normal -0.290248 -0.956951 0
    outer loop
      vertex 37.5501 6.80577 2.00241
      vertex 37.7377 6.74887 8.6375
      vertex 37.5501 6.80577 8.6375
    endloop
  endfacet
  facet normal -0.290248 -0.956951 -0
    outer loop
      vertex 37.7377 6.74887 8.6375
      vertex 37.5501 6.80577 2.00241
      vertex 37.7377 6.74887 2.00241
    endloop
  endfacet
  facet normal 0.881946 -0.471351 0
    outer loop
      vertex 35.5811 6.20767 8.6375
      vertex 35.6735 6.38056 2.00241
      vertex 35.6735 6.38056 8.6375
    endloop
  endfacet
  facet normal 0.881946 -0.471351 0
    outer loop
      vertex 35.6735 6.38056 2.00241
      vertex 35.5811 6.20767 8.6375
      vertex 35.5811 6.20767 2.00241
    endloop
  endfacet
endsolid OpenSCAD_Model
